open time,close time,open bid,close bid,high bid,low bid,open ask,close ask,high ask,low ask,volume
2014-10-26 23:59:00,2014-10-27 00:00:00,8.34869,8.35043,8.35087,8.34841,8.3572,8.35593,8.3572,8.35593,23
2014-10-27 00:00:00,2014-10-27 00:01:00,8.35043,8.3506,8.3507,8.35053,8.35593,8.356,8.3561,8.35593,8
2014-10-27 00:01:00,2014-10-27 00:02:00,8.3506,8.35029,8.35067,8.35029,8.356,8.35591,8.356,8.35591,9
2014-10-27 00:02:00,2014-10-27 00:03:00,8.35029,8.35055,8.35056,8.35017,8.35591,8.35595,8.3561,8.35575,10
2014-10-27 00:03:00,2014-10-27 00:04:00,8.35055,8.35029,8.35057,8.35029,8.35595,8.35579,8.35597,8.35579,11
2014-10-27 00:04:00,2014-10-27 00:05:00,8.35029,8.35136,8.35201,8.35035,8.35579,8.3556,8.35602,8.3556,56
2014-10-27 00:05:00,2014-10-27 00:06:00,8.35136,8.35159,8.35159,8.35127,8.3556,8.3557,8.3557,8.3556,6
2014-10-27 00:06:00,2014-10-27 00:07:00,8.35159,8.3516,8.35161,8.35157,8.3557,8.3557,8.3557,8.3557,3
2014-10-27 00:07:00,2014-10-27 00:08:00,8.3516,8.35161,8.35173,8.35161,8.3557,8.3557,8.3557,8.3557,3
2014-10-27 00:08:00,2014-10-27 00:09:00,8.35161,8.35161,8.35173,8.35142,8.3557,8.35701,8.35711,8.3557,7
2014-10-27 00:09:00,2014-10-27 00:10:00,8.35161,8.35157,8.35161,8.35124,8.35701,8.3556,8.35696,8.3556,6
2014-10-27 00:10:00,2014-10-27 00:11:00,8.35157,8.35146,8.35155,8.35115,8.3556,8.3555,8.3556,8.3555,7
2014-10-27 00:11:00,2014-10-27 00:12:00,8.35146,8.35151,8.35156,8.35119,8.3555,8.3556,8.3556,8.3555,8
2014-10-27 00:12:00,2014-10-27 00:13:00,8.35151,8.35073,8.35154,8.35073,8.3556,8.355,8.3556,8.355,5
2014-10-27 00:13:00,2014-10-27 00:14:00,8.35073,8.35095,8.35097,8.35065,8.355,8.355,8.355,8.355,3
2014-10-27 00:14:00,2014-10-27 00:15:00,8.35095,8.35354,8.35354,8.35067,8.355,8.3586,8.3586,8.355,17
2014-10-27 00:15:00,2014-10-27 00:16:00,8.35354,8.35232,8.35354,8.35208,8.3586,8.3564,8.35836,8.3564,15
2014-10-27 00:16:00,2014-10-27 00:17:00,8.35232,8.35216,8.35239,8.35208,8.3564,8.3565,8.3565,8.3564,4
2014-10-27 00:17:00,2014-10-27 00:18:00,8.35216,8.35241,8.35242,8.35237,8.3565,8.3565,8.3565,8.3565,3
2014-10-27 00:18:00,2014-10-27 00:19:00,8.35241,8.35244,8.35248,8.35239,8.3565,8.3565,8.3565,8.3565,3
2014-10-27 00:19:00,2014-10-27 00:20:00,8.35244,8.35238,8.3524,8.35238,8.3565,8.35778,8.3578,8.3565,5
2014-10-27 00:20:00,2014-10-27 00:21:00,8.35238,8.35238,8.35245,8.35238,8.35778,8.35778,8.35785,8.35778,6
2014-10-27 00:21:00,2014-10-27 00:22:00,8.35238,8.35233,8.35238,8.35206,8.35778,8.35773,8.35773,8.35746,4
2014-10-27 00:22:00,2014-10-27 00:23:00,8.35233,8.35182,8.35233,8.35058,8.35773,8.3565,8.35771,8.3549,21
2014-10-27 00:23:00,2014-10-27 00:24:00,8.35182,8.35193,8.35193,8.35182,8.3565,8.3565,8.3565,8.3564,5
2014-10-27 00:24:00,2014-10-27 00:25:00,8.35193,8.35196,8.35196,8.3517,8.3565,8.3562,8.3565,8.3562,8
2014-10-27 00:25:00,2014-10-27 00:26:00,8.35196,8.35346,8.35346,8.35128,8.3562,8.3567,8.3568,8.3559,15
2014-10-27 00:26:00,2014-10-27 00:27:00,8.35346,8.3539,8.3539,8.35321,8.3567,8.3578,8.3578,8.3566,13
2014-10-27 00:27:00,2014-10-27 00:28:00,8.3539,8.3538,8.3539,8.3538,8.3578,8.3577,8.3577,8.3577,3
2014-10-27 00:28:00,2014-10-27 00:30:00,8.3538,8.35367,8.3538,8.35361,8.3577,8.3576,8.3576,8.3576,6
2014-10-27 00:30:00,2014-10-27 00:31:00,8.35367,8.3537,8.3537,8.3537,8.3576,8.3577,8.3577,8.3576,2
2014-10-27 00:31:00,2014-10-27 00:32:00,8.3537,8.3538,8.3538,8.35373,8.3577,8.3578,8.3578,8.3577,3
2014-10-27 00:32:00,2014-10-27 00:33:00,8.3538,8.35386,8.35386,8.35386,8.3578,8.3578,8.3578,8.3578,1
2014-10-27 00:33:00,2014-10-27 00:34:00,8.35386,8.3539,8.3539,8.3538,8.3578,8.3579,8.3579,8.3578,3
2014-10-27 00:34:00,2014-10-27 00:35:00,8.3539,8.3542,8.3542,8.354,8.3579,8.3581,8.3581,8.3579,8
2014-10-27 00:35:00,2014-10-27 00:36:00,8.3542,8.3541,8.35428,8.3541,8.3581,8.358,8.3581,8.358,8
2014-10-27 00:36:00,2014-10-27 00:37:00,8.3541,8.35413,8.35413,8.35413,8.358,8.358,8.358,8.358,1
2014-10-27 00:37:00,2014-10-27 00:38:00,8.35413,8.3541,8.3541,8.3541,8.358,8.358,8.358,8.358,1
2014-10-27 00:38:00,2014-10-27 00:39:00,8.3541,8.35416,8.35416,8.35414,8.358,8.35956,8.35956,8.358,3
2014-10-27 00:39:00,2014-10-27 00:40:00,8.35416,8.35404,8.3543,8.354,8.35956,8.3579,8.3597,8.3579,12
2014-10-27 00:40:00,2014-10-27 00:41:00,8.35404,8.3542,8.35433,8.3542,8.3579,8.3579,8.3581,8.3579,6
2014-10-27 00:41:00,2014-10-27 00:42:00,8.3542,8.358,8.35865,8.3546,8.3579,8.3634,8.3634,8.3578,38
2014-10-27 00:42:00,2014-10-27 00:43:00,8.358,8.35275,8.35832,8.35064,8.3634,8.35815,8.3656,8.35815,98
2014-10-27 00:43:00,2014-10-27 00:44:00,8.35275,8.3542,8.3542,8.3526,8.35815,8.357,8.3578,8.357,10
2014-10-27 00:44:00,2014-10-27 00:45:00,8.3542,8.3511,8.3542,8.34996,8.357,8.36036,8.362,8.3569,52
2014-10-27 00:45:00,2014-10-27 00:46:00,8.3511,8.3511,8.3511,8.3511,8.36036,8.36045,8.362,8.36045,14
2014-10-27 00:46:00,2014-10-27 00:47:00,8.3511,8.35283,8.3556,8.34902,8.36045,8.35823,8.3605,8.3539,75
2014-10-27 00:47:00,2014-10-27 00:48:00,8.35283,8.35234,8.35283,8.35225,8.35823,8.35775,8.35796,8.35765,8
2014-10-27 00:48:00,2014-10-27 00:49:00,8.35234,8.35282,8.35282,8.35205,8.35775,8.35822,8.35822,8.35747,10
2014-10-27 00:49:00,2014-10-27 00:50:00,8.35282,8.35294,8.35294,8.35278,8.35822,8.3582,8.3582,8.3581,4
2014-10-27 00:50:00,2014-10-27 00:51:00,8.35294,8.35302,8.35305,8.35061,8.3582,8.35844,8.3597,8.3581,15
2014-10-27 00:51:00,2014-10-27 00:52:00,8.35302,8.35226,8.35305,8.3516,8.35844,8.35774,8.35844,8.3558,50
2014-10-27 00:52:00,2014-10-27 00:53:00,8.35226,8.35193,8.35235,8.35192,8.35774,8.35733,8.35783,8.35732,8
2014-10-27 00:53:00,2014-10-27 00:54:00,8.35193,8.35701,8.35793,8.35095,8.35733,8.36249,8.3662,8.35733,48
2014-10-27 00:54:00,2014-10-27 00:55:00,8.35701,8.35727,8.35729,8.35455,8.36249,8.36275,8.36314,8.36221,14
2014-10-27 00:55:00,2014-10-27 00:56:00,8.35727,8.3535,8.35727,8.35,8.36275,8.3624,8.36264,8.35782,114
2014-10-27 00:56:00,2014-10-27 00:57:00,8.3535,8.35195,8.35359,8.3517,8.3624,8.36273,8.3628,8.3626,15
2014-10-27 00:57:00,2014-10-27 00:58:00,8.35195,8.3513,8.35195,8.35089,8.36273,8.36196,8.36223,8.36142,8
2014-10-27 00:58:00,2014-10-27 00:59:00,8.3513,8.35328,8.35379,8.3513,8.36196,8.36112,8.36238,8.3608,11
2014-10-27 00:59:00,2014-10-27 01:00:00,8.35328,8.35152,8.35328,8.35013,8.36112,8.36014,8.36156,8.36014,7
2014-10-27 01:00:00,2014-10-27 01:01:00,8.35152,8.35251,8.35344,8.35214,8.36014,8.36224,8.3639,8.36067,18
2014-10-27 01:01:00,2014-10-27 01:02:00,8.35251,8.35153,8.35251,8.35021,8.36224,8.36237,8.36249,8.35508,51
2014-10-27 01:02:00,2014-10-27 01:03:00,8.35153,8.35324,8.35324,8.35153,8.36237,8.3615,8.36187,8.3615,2
2014-10-27 01:03:00,2014-10-27 01:05:00,8.35324,8.35106,8.35324,8.35106,8.3615,8.36185,8.36194,8.36185,8
2014-10-27 01:05:00,2014-10-27 01:06:00,8.35106,8.35106,8.35106,8.35106,8.36185,8.36125,8.36195,8.36117,7
2014-10-27 01:06:00,2014-10-27 01:07:00,8.35106,8.35106,8.35106,8.35053,8.36125,8.36091,8.36125,8.36091,3
2014-10-27 01:07:00,2014-10-27 01:08:00,8.35106,8.35106,8.35106,8.35106,8.36091,8.36089,8.3609,8.36087,3
2014-10-27 01:08:00,2014-10-27 01:09:00,8.35106,8.35032,8.3518,8.34907,8.36089,8.36122,8.3632,8.35907,50
2014-10-27 01:09:00,2014-10-27 01:10:00,8.35032,8.34963,8.35176,8.3488,8.36122,8.36053,8.3633,8.36053,14
2014-10-27 01:10:00,2014-10-27 01:11:00,8.34963,8.35031,8.35036,8.34963,8.36053,8.36121,8.36126,8.36053,5
2014-10-27 01:11:00,2014-10-27 01:12:00,8.35031,8.35043,8.35183,8.34956,8.36121,8.36133,8.3616,8.36046,8
2014-10-27 01:12:00,2014-10-27 01:13:00,8.35043,8.34857,8.35098,8.34857,8.36133,8.35947,8.36188,8.35947,8
2014-10-27 01:13:00,2014-10-27 01:14:00,8.34857,8.34787,8.34787,8.34787,8.35947,8.35877,8.35877,8.35877,1
2014-10-27 01:14:00,2014-10-27 01:15:00,8.34787,8.34651,8.34726,8.34651,8.35877,8.35741,8.35816,8.35741,6
2014-10-27 01:15:00,2014-10-27 01:16:00,8.34651,8.34605,8.34605,8.34605,8.35741,8.35695,8.35695,8.35695,1
2014-10-27 01:16:00,2014-10-27 01:17:00,8.34605,8.34487,8.34543,8.34487,8.35695,8.35577,8.35633,8.35577,2
2014-10-27 01:17:00,2014-10-27 01:18:00,8.34487,8.34433,8.34433,8.34433,8.35577,8.35523,8.35523,8.35523,1
2014-10-27 01:18:00,2014-10-27 01:19:00,8.34433,8.33911,8.34482,8.33911,8.35523,8.3559,8.3559,8.35467,18
2014-10-27 01:19:00,2014-10-27 01:20:00,8.33911,8.34616,8.34616,8.33896,8.3559,8.35682,8.35682,8.3527,37
2014-10-27 01:20:00,2014-10-27 01:21:00,8.34616,8.35104,8.35112,8.34622,8.35682,8.3565,8.35877,8.3565,37
2014-10-27 01:21:00,2014-10-27 01:22:00,8.35104,8.3488,8.35104,8.3488,8.3565,8.353,8.3566,8.353,17
2014-10-27 01:22:00,2014-10-27 01:23:00,8.3488,8.35057,8.35057,8.34861,8.353,8.3562,8.3562,8.353,23
2014-10-27 01:23:00,2014-10-27 01:24:00,8.35057,8.35084,8.35084,8.35029,8.3562,8.35624,8.3563,8.35615,9
2014-10-27 01:24:00,2014-10-27 01:25:00,8.35084,8.35082,8.35084,8.35048,8.35624,8.35622,8.35622,8.35614,7
2014-10-27 01:25:00,2014-10-27 01:26:00,8.35082,8.35037,8.35037,8.34784,8.35622,8.35609,8.35609,8.35275,30
2014-10-27 01:26:00,2014-10-27 01:27:00,8.35037,8.35079,8.35079,8.35066,8.35609,8.35627,8.35627,8.35609,5
2014-10-27 01:27:00,2014-10-27 01:28:00,8.35079,8.35102,8.35102,8.35062,8.35627,8.35628,8.35635,8.35627,8
2014-10-27 01:28:00,2014-10-27 01:29:00,8.35102,8.35054,8.35107,8.35022,8.35628,8.35625,8.35628,8.3561,9
2014-10-27 01:29:00,2014-10-27 01:30:00,8.35054,8.35075,8.35082,8.35048,8.35625,8.35623,8.35625,8.35619,12
2014-10-27 01:30:00,2014-10-27 01:31:00,8.35075,8.35079,8.35081,8.3502,8.35623,8.35628,8.35628,8.35601,9
2014-10-27 01:31:00,2014-10-27 01:32:00,8.35079,8.35068,8.35107,8.35068,8.35628,8.35624,8.35629,8.35624,7
2014-10-27 01:32:00,2014-10-27 01:33:00,8.35068,8.35089,8.35094,8.3508,8.35624,8.35623,8.35625,8.35623,5
2014-10-27 01:33:00,2014-10-27 01:34:00,8.35089,8.35083,8.35088,8.35083,8.35623,8.35623,8.35623,8.35623,2
2014-10-27 01:34:00,2014-10-27 01:35:00,8.35083,8.35087,8.35089,8.35061,8.35623,8.35628,8.35628,8.35623,5
2014-10-27 01:35:00,2014-10-27 01:36:00,8.35087,8.35079,8.35087,8.35076,8.35628,8.35619,8.35624,8.35616,6
2014-10-27 01:36:00,2014-10-27 01:37:00,8.35079,8.35059,8.35059,8.35024,8.35619,8.35623,8.35623,8.35612,5
2014-10-27 01:37:00,2014-10-27 01:38:00,8.35059,8.35076,8.35081,8.35039,8.35623,8.35619,8.35624,8.35614,9
2014-10-27 01:38:00,2014-10-27 01:39:00,8.35076,8.35064,8.35076,8.35037,8.35619,8.35625,8.35625,8.35615,8
2014-10-27 01:39:00,2014-10-27 01:40:00,8.35064,8.3508,8.3508,8.35071,8.35625,8.35624,8.35625,8.35624,3
2014-10-27 01:40:00,2014-10-27 01:41:00,8.3508,8.35064,8.3509,8.35062,8.35624,8.35619,8.35627,8.35619,8
2014-10-27 01:41:00,2014-10-27 01:42:00,8.35064,8.35079,8.35079,8.35069,8.35619,8.35619,8.35627,8.35619,5
2014-10-27 01:42:00,2014-10-27 01:43:00,8.35079,8.35075,8.35079,8.35075,8.35619,8.35615,8.35615,8.35615,2
2014-10-27 01:43:00,2014-10-27 01:44:00,8.35075,8.3506,8.35075,8.3506,8.35615,8.35624,8.35624,8.35623,2
2014-10-27 01:44:00,2014-10-27 01:45:00,8.3506,8.35112,8.35112,8.35066,8.35624,8.35627,8.35627,8.35624,11
2014-10-27 01:45:00,2014-10-27 01:46:00,8.35112,8.35119,8.35145,8.35115,8.35627,8.3563,8.35631,8.35627,7
2014-10-27 01:46:00,2014-10-27 01:47:00,8.35119,8.35106,8.35107,8.35102,8.3563,8.35628,8.3563,8.35628,4
2014-10-27 01:47:00,2014-10-27 01:48:00,8.35106,8.35119,8.35119,8.35105,8.35628,8.3563,8.3563,8.35628,4
2014-10-27 01:48:00,2014-10-27 01:49:00,8.35119,8.35115,8.3512,8.3511,8.3563,8.35631,8.35631,8.3563,4
2014-10-27 01:49:00,2014-10-27 01:50:00,8.35115,8.35104,8.35115,8.35104,8.35631,8.3563,8.3563,8.3563,3
2014-10-27 01:50:00,2014-10-27 01:51:00,8.35104,8.35095,8.35104,8.35095,8.3563,8.35627,8.35627,8.35627,4
2014-10-27 01:51:00,2014-10-27 01:52:00,8.35095,8.35106,8.35142,8.35079,8.35627,8.35648,8.35648,8.35633,10
2014-10-27 01:52:00,2014-10-27 01:53:00,8.35106,8.35133,8.35133,8.35121,8.35648,8.35647,8.35648,8.35647,4
2014-10-27 01:53:00,2014-10-27 01:54:00,8.35133,8.35139,8.35141,8.35131,8.35647,8.35647,8.35647,8.35647,3
2014-10-27 01:54:00,2014-10-27 01:55:00,8.35139,8.35151,8.35151,8.35143,8.35647,8.3565,8.3565,8.35645,5
2014-10-27 01:55:00,2014-10-27 01:56:00,8.35151,8.35146,8.3515,8.35146,8.3565,8.35648,8.35651,8.35648,4
2014-10-27 01:56:00,2014-10-27 01:57:00,8.35146,8.35147,8.35147,8.35144,8.35648,8.3567,8.3567,8.35648,5
2014-10-27 01:57:00,2014-10-27 01:58:00,8.35147,8.3516,8.3516,8.35144,8.3567,8.3566,8.3566,8.3566,4
2014-10-27 01:58:00,2014-10-27 01:59:00,8.3516,8.35157,8.35157,8.35156,8.3566,8.3566,8.3566,8.3566,2
2014-10-27 01:59:00,2014-10-27 02:00:00,8.35157,8.35149,8.35149,8.35149,8.3566,8.3567,8.3567,8.3566,2
2014-10-27 02:00:00,2014-10-27 02:01:00,8.35149,8.35149,8.35159,8.35149,8.3567,8.3566,8.3567,8.3566,3
2014-10-27 02:01:00,2014-10-27 02:02:00,8.35149,8.35154,8.35154,8.35122,8.3566,8.3562,8.3567,8.3562,12
2014-10-27 02:02:00,2014-10-27 02:03:00,8.35154,8.35093,8.35136,8.35084,8.3562,8.356,8.3562,8.356,6
2014-10-27 02:03:00,2014-10-27 02:04:00,8.35093,8.35078,8.35094,8.35078,8.356,8.3561,8.3561,8.356,4
2014-10-27 02:04:00,2014-10-27 02:05:00,8.35078,8.35105,8.35105,8.35086,8.3561,8.3562,8.3562,8.3561,4
2014-10-27 02:05:00,2014-10-27 02:06:00,8.35105,8.35098,8.35106,8.35098,8.3562,8.3562,8.3562,8.3561,4
2014-10-27 02:06:00,2014-10-27 02:07:00,8.35098,8.35108,8.35108,8.35103,8.3562,8.3562,8.3562,8.3562,3
2014-10-27 02:07:00,2014-10-27 02:08:00,8.35108,8.35096,8.35108,8.35086,8.3562,8.3561,8.3561,8.3561,4
2014-10-27 02:08:00,2014-10-27 02:09:00,8.35096,8.3511,8.3511,8.35104,8.3561,8.3561,8.3561,8.3561,2
2014-10-27 02:09:00,2014-10-27 02:10:00,8.3511,8.35126,8.35136,8.35107,8.3561,8.3562,8.3562,8.3561,6
2014-10-27 02:10:00,2014-10-27 02:11:00,8.35126,8.35131,8.35135,8.35131,8.3562,8.3563,8.3563,8.3562,3
2014-10-27 02:11:00,2014-10-27 02:12:00,8.35131,8.35099,8.35127,8.35096,8.3563,8.3562,8.3563,8.3562,5
2014-10-27 02:12:00,2014-10-27 02:13:00,8.35099,8.35107,8.35108,8.35106,8.3562,8.3562,8.3563,8.3562,5
2014-10-27 02:13:00,2014-10-27 02:14:00,8.35107,8.35111,8.35111,8.35107,8.3562,8.3562,8.3562,8.3562,3
2014-10-27 02:14:00,2014-10-27 02:15:00,8.35111,8.35101,8.35121,8.35101,8.3562,8.3561,8.3562,8.3561,4
2014-10-27 02:15:00,2014-10-27 02:16:00,8.35101,8.35141,8.35141,8.35094,8.3561,8.35698,8.35698,8.3562,9
2014-10-27 02:16:00,2014-10-27 02:17:00,8.35141,8.35219,8.35219,8.35168,8.35698,8.35776,8.35776,8.35698,7
2014-10-27 02:17:00,2014-10-27 02:18:00,8.35219,8.35235,8.35235,8.3523,8.35776,8.35793,8.35793,8.35776,4
2014-10-27 02:18:00,2014-10-27 02:19:00,8.35235,8.35255,8.35255,8.35236,8.35793,8.35818,8.35818,8.35793,6
2014-10-27 02:19:00,2014-10-27 02:20:00,8.35255,8.35259,8.35265,8.35259,8.35818,8.35822,8.35822,8.35812,4
2014-10-27 02:20:00,2014-10-27 02:21:00,8.35259,8.35274,8.35274,8.35265,8.35822,8.35828,8.35829,8.35822,3
2014-10-27 02:21:00,2014-10-27 02:22:00,8.35274,8.3531,8.3531,8.3528,8.35828,8.3586,8.3586,8.35828,6
2014-10-27 02:22:00,2014-10-27 02:23:00,8.3531,8.35308,8.3531,8.35305,8.3586,8.35859,8.35859,8.35856,6
2014-10-27 02:23:00,2014-10-27 02:24:00,8.35308,8.35309,8.3531,8.35309,8.35859,8.3586,8.35861,8.35859,4
2014-10-27 02:24:00,2014-10-27 02:25:00,8.35309,8.35305,8.35309,8.35305,8.3586,8.35856,8.35856,8.35856,2
2014-10-27 02:25:00,2014-10-27 02:26:00,8.35305,8.35307,8.35308,8.35304,8.35856,8.35858,8.35859,8.35855,6
2014-10-27 02:26:00,2014-10-27 02:27:00,8.35307,8.35303,8.35308,8.35303,8.35858,8.35865,8.35865,8.35856,5
2014-10-27 02:27:00,2014-10-27 02:28:00,8.35303,8.35049,8.35329,8.35048,8.35865,8.35945,8.35948,8.3585,14
2014-10-27 02:28:00,2014-10-27 02:29:00,8.35049,8.35081,8.35081,8.35081,8.35945,8.35952,8.35952,8.35945,3
2014-10-27 02:29:00,2014-10-27 02:30:00,8.35081,8.35106,8.35106,8.35084,8.35952,8.35954,8.35954,8.35952,5
2014-10-27 02:30:00,2014-10-27 02:31:00,8.35106,8.35098,8.35098,8.35097,8.35954,8.35953,8.35954,8.35953,3
2014-10-27 02:31:00,2014-10-27 02:32:00,8.35098,8.35099,8.35099,8.35097,8.35953,8.35954,8.35954,8.35953,3
2014-10-27 02:32:00,2014-10-27 02:33:00,8.35099,8.3508,8.35097,8.3508,8.35954,8.3595,8.35954,8.3595,4
2014-10-27 02:33:00,2014-10-27 02:34:00,8.3508,8.35169,8.35169,8.3508,8.3595,8.35954,8.35954,8.3595,4
2014-10-27 02:34:00,2014-10-27 02:35:00,8.35169,8.35169,8.35169,8.35169,8.35954,8.3595,8.3595,8.3595,1
2014-10-27 02:35:00,2014-10-27 02:36:00,8.35169,8.35091,8.35091,8.35091,8.3595,8.3595,8.3595,8.3595,1
2014-10-27 02:36:00,2014-10-27 02:38:00,8.35091,8.3511,8.3511,8.35096,8.3595,8.35948,8.3595,8.35948,3
2014-10-27 02:38:00,2014-10-27 02:39:00,8.3511,8.35073,8.3509,8.35073,8.35948,8.35937,8.35948,8.35936,5
2014-10-27 02:39:00,2014-10-27 02:40:00,8.35073,8.35109,8.35109,8.35073,8.35937,8.3594,8.3594,8.3594,3
2014-10-27 02:40:00,2014-10-27 02:41:00,8.35109,8.35066,8.35105,8.35066,8.3594,8.35857,8.3594,8.35857,6
2014-10-27 02:41:00,2014-10-27 02:42:00,8.35066,8.35111,8.35111,8.3505,8.35857,8.35939,8.35939,8.35857,4
2014-10-27 02:42:00,2014-10-27 02:43:00,8.35111,8.35111,8.35111,8.35111,8.35939,8.3594,8.3594,8.3592,5
2014-10-27 02:43:00,2014-10-27 02:44:00,8.35111,8.35059,8.35186,8.35059,8.3594,8.3594,8.3594,8.3594,2
2014-10-27 02:44:00,2014-10-27 02:45:00,8.35059,8.3507,8.3507,8.35068,8.3594,8.3594,8.35948,8.3594,4
2014-10-27 02:45:00,2014-10-27 02:46:00,8.3507,8.35333,8.35358,8.35047,8.3594,8.3586,8.35948,8.3586,16
2014-10-27 02:46:00,2014-10-27 02:47:00,8.35333,8.3543,8.35436,8.35333,8.3586,8.3584,8.3586,8.3584,13
2014-10-27 02:47:00,2014-10-27 02:48:00,8.3543,8.3538,8.3543,8.3538,8.3584,8.3565,8.3584,8.3565,8
2014-10-27 02:48:00,2014-10-27 02:49:00,8.3538,8.355,8.355,8.3538,8.3565,8.3582,8.35961,8.3566,25
2014-10-27 02:49:00,2014-10-27 02:50:00,8.355,8.3548,8.355,8.3548,8.3582,8.358,8.3581,8.358,4
2014-10-27 02:50:00,2014-10-27 02:51:00,8.3548,8.34908,8.3548,8.34908,8.358,8.3585,8.35913,8.3579,16
2014-10-27 02:51:00,2014-10-27 02:52:00,8.34908,8.34895,8.3492,8.34857,8.3585,8.35916,8.35916,8.3585,11
2014-10-27 02:52:00,2014-10-27 02:53:00,8.34895,8.34895,8.34895,8.34895,8.35916,8.35913,8.35916,8.35913,3
2014-10-27 02:53:00,2014-10-27 02:54:00,8.34895,8.35022,8.35022,8.34895,8.35913,8.35915,8.35915,8.35915,2
2014-10-27 02:54:00,2014-10-27 02:55:00,8.35022,8.35022,8.35022,8.35022,8.35915,8.35908,8.35916,8.35899,3
2014-10-27 02:55:00,2014-10-27 02:56:00,8.35022,8.3491,8.35022,8.3491,8.35908,8.35818,8.35913,8.35818,3
2014-10-27 02:56:00,2014-10-27 02:57:00,8.3491,8.34981,8.34981,8.3491,8.35818,8.35875,8.35875,8.35818,4
2014-10-27 02:57:00,2014-10-27 02:58:00,8.34981,8.35034,8.35034,8.34891,8.35875,8.35915,8.35915,8.35785,5
2014-10-27 02:58:00,2014-10-27 02:59:00,8.35034,8.35034,8.35034,8.35034,8.35915,8.35914,8.35914,8.35913,3
2014-10-27 02:59:00,2014-10-27 03:00:00,8.35034,8.34864,8.35034,8.34864,8.35914,8.35915,8.35915,8.35915,2
2014-10-27 03:00:00,2014-10-27 03:01:00,8.34864,8.34932,8.34932,8.34865,8.35915,8.35925,8.35925,8.35915,7
2014-10-27 03:01:00,2014-10-27 03:02:00,8.34932,8.35086,8.35086,8.34932,8.35925,8.3587,8.35927,8.3587,9
2014-10-27 03:02:00,2014-10-27 03:04:00,8.35086,8.34931,8.34931,8.34931,8.3587,8.35919,8.35919,8.3587,2
2014-10-27 03:04:00,2014-10-27 03:05:00,8.34931,8.34927,8.34931,8.34927,8.35919,8.35919,8.3592,8.35917,5
2014-10-27 03:05:00,2014-10-27 03:06:00,8.34927,8.34926,8.34927,8.34913,8.35919,8.35917,8.35917,8.35917,3
2014-10-27 03:06:00,2014-10-27 03:07:00,8.34926,8.34926,8.34926,8.34926,8.35917,8.35915,8.35915,8.35915,1
2014-10-27 03:07:00,2014-10-27 03:08:00,8.34926,8.34923,8.34926,8.34923,8.35915,8.35831,8.35914,8.35831,2
2014-10-27 03:08:00,2014-10-27 03:10:00,8.34923,8.35072,8.35072,8.35072,8.35831,8.35919,8.35919,8.35831,2
2014-10-27 03:10:00,2014-10-27 03:11:00,8.35072,8.35072,8.35072,8.35072,8.35919,8.35918,8.35918,8.35918,1
2014-10-27 03:11:00,2014-10-27 03:12:00,8.35072,8.34913,8.35072,8.34913,8.35918,8.35912,8.35919,8.35912,4
2014-10-27 03:12:00,2014-10-27 03:13:00,8.34913,8.34912,8.34912,8.34912,8.35912,8.35907,8.35912,8.35907,3
2014-10-27 03:13:00,2014-10-27 03:14:00,8.34912,8.34943,8.34943,8.34892,8.35907,8.35912,8.35912,8.35906,4
2014-10-27 03:14:00,2014-10-27 03:15:00,8.34943,8.34969,8.34969,8.34943,8.35912,8.35915,8.35915,8.35908,3
2014-10-27 03:15:00,2014-10-27 03:16:00,8.34969,8.34979,8.35025,8.34969,8.35915,8.35872,8.35922,8.35872,7
2014-10-27 03:16:00,2014-10-27 03:17:00,8.34979,8.34983,8.35037,8.34983,8.35872,8.35872,8.35872,8.35872,2
2014-10-27 03:17:00,2014-10-27 03:18:00,8.34983,8.3514,8.3514,8.35008,8.35872,8.35921,8.35921,8.35872,6
2014-10-27 03:18:00,2014-10-27 03:19:00,8.3514,8.3514,8.3514,8.3514,8.35921,8.35924,8.35924,8.35924,1
2014-10-27 03:19:00,2014-10-27 03:20:00,8.3514,8.35011,8.3514,8.35011,8.35924,8.35923,8.35923,8.35922,3
2014-10-27 03:20:00,2014-10-27 03:21:00,8.35011,8.35007,8.35018,8.35007,8.35923,8.35926,8.35926,8.35919,4
2014-10-27 03:21:00,2014-10-27 03:22:00,8.35007,8.35044,8.35044,8.34993,8.35926,8.35924,8.35925,8.35924,5
2014-10-27 03:22:00,2014-10-27 03:23:00,8.35044,8.35044,8.35044,8.35044,8.35924,8.35922,8.35922,8.35922,1
2014-10-27 03:23:00,2014-10-27 03:24:00,8.35044,8.35135,8.35135,8.34988,8.35922,8.35921,8.35921,8.3586,5
2014-10-27 03:24:00,2014-10-27 03:25:00,8.35135,8.34982,8.35135,8.34982,8.35921,8.35873,8.35893,8.35873,5
2014-10-27 03:25:00,2014-10-27 03:26:00,8.34982,8.35371,8.35592,8.34982,8.35873,8.3591,8.3606,8.35874,69
2014-10-27 03:26:00,2014-10-27 03:27:00,8.35371,8.35382,8.35382,8.35368,8.3591,8.3591,8.3591,8.35908,5
2014-10-27 03:27:00,2014-10-27 03:28:00,8.35382,8.35379,8.35379,8.35373,8.3591,8.3591,8.3591,8.3591,3
2014-10-27 03:28:00,2014-10-27 03:29:00,8.35379,8.3511,8.35386,8.3511,8.3591,8.35895,8.3591,8.35879,8
2014-10-27 03:29:00,2014-10-27 03:30:00,8.3511,8.351,8.351,8.351,8.35895,8.35892,8.35895,8.35889,9
2014-10-27 03:30:00,2014-10-27 03:31:00,8.351,8.35052,8.351,8.35052,8.35892,8.35888,8.35893,8.35881,11
2014-10-27 03:31:00,2014-10-27 03:32:00,8.35052,8.35052,8.35052,8.35052,8.35888,8.35888,8.35891,8.35886,5
2014-10-27 03:32:00,2014-10-27 03:33:00,8.35052,8.35052,8.35052,8.35052,8.35888,8.35886,8.35886,8.35886,1
2014-10-27 03:33:00,2014-10-27 03:34:00,8.35052,8.35059,8.35059,8.35052,8.35886,8.35891,8.35891,8.35862,7
2014-10-27 03:34:00,2014-10-27 03:35:00,8.35059,8.35053,8.35077,8.35053,8.35891,8.35887,8.35904,8.35871,30
2014-10-27 03:35:00,2014-10-27 03:36:00,8.35053,8.35048,8.3507,8.35048,8.35887,8.35897,8.35901,8.35886,14
2014-10-27 03:36:00,2014-10-27 03:37:00,8.35048,8.34969,8.35138,8.34766,8.35897,8.3548,8.35897,8.35442,28
2014-10-27 03:37:00,2014-10-27 03:38:00,8.34969,8.34974,8.34974,8.34974,8.3548,8.3548,8.3548,8.3548,1
2014-10-27 03:38:00,2014-10-27 03:39:00,8.34974,8.34963,8.34999,8.34963,8.3548,8.3547,8.3548,8.3547,4
2014-10-27 03:39:00,2014-10-27 03:40:00,8.34963,8.34962,8.34996,8.34962,8.3547,8.3546,8.3551,8.3546,9
2014-10-27 03:40:00,2014-10-27 03:41:00,8.34962,8.34984,8.34991,8.34965,8.3546,8.3546,8.3546,8.3546,3
2014-10-27 03:41:00,2014-10-27 03:42:00,8.34984,8.34992,8.34993,8.34991,8.3546,8.3546,8.3546,8.3546,3
2014-10-27 03:42:00,2014-10-27 03:43:00,8.34992,8.35003,8.35025,8.34999,8.3546,8.3546,8.3546,8.3546,4
2014-10-27 03:43:00,2014-10-27 03:44:00,8.35003,8.34953,8.35003,8.34953,8.3546,8.3545,8.35518,8.3545,5
2014-10-27 03:44:00,2014-10-27 03:45:00,8.34953,8.34981,8.34984,8.34952,8.3545,8.3546,8.3546,8.3546,5
2014-10-27 03:45:00,2014-10-27 03:46:00,8.34981,8.34947,8.34987,8.34947,8.3546,8.3545,8.3548,8.3545,7
2014-10-27 03:46:00,2014-10-27 03:47:00,8.34947,8.34949,8.34989,8.34949,8.3545,8.3544,8.3545,8.3544,5
2014-10-27 03:47:00,2014-10-27 03:48:00,8.34949,8.3495,8.34982,8.34949,8.3544,8.3544,8.3545,8.3544,9
2014-10-27 03:48:00,2014-10-27 03:49:00,8.3495,8.34973,8.34973,8.34946,8.3544,8.3545,8.3545,8.3544,4
2014-10-27 03:49:00,2014-10-27 03:50:00,8.34973,8.34984,8.34984,8.34944,8.3545,8.3544,8.3544,8.3544,5
2014-10-27 03:50:00,2014-10-27 03:51:00,8.34984,8.34977,8.34979,8.34977,8.3544,8.3544,8.3544,8.3544,2
2014-10-27 03:51:00,2014-10-27 03:52:00,8.34977,8.34954,8.34977,8.34952,8.3544,8.3545,8.3545,8.3545,3
2014-10-27 03:52:00,2014-10-27 03:53:00,8.34954,8.34991,8.34991,8.34983,8.3545,8.3545,8.3545,8.3545,3
2014-10-27 03:53:00,2014-10-27 03:54:00,8.34991,8.34978,8.34984,8.34978,8.3545,8.3546,8.3546,8.3545,4
2014-10-27 03:54:00,2014-10-27 03:55:00,8.34978,8.35011,8.35011,8.35005,8.3546,8.3546,8.3546,8.3546,3
2014-10-27 03:55:00,2014-10-27 03:56:00,8.35011,8.35016,8.35016,8.35015,8.3546,8.3546,8.3546,8.3546,2
2014-10-27 03:56:00,2014-10-27 03:57:00,8.35016,8.34977,8.35015,8.34977,8.3546,8.3545,8.35522,8.3545,6
2014-10-27 03:57:00,2014-10-27 03:58:00,8.34977,8.35008,8.35008,8.34975,8.3545,8.3546,8.3546,8.3545,4
2014-10-27 03:58:00,2014-10-27 03:59:00,8.35008,8.3496,8.34987,8.34928,8.3546,8.3545,8.3546,8.3545,8
2014-10-27 03:59:00,2014-10-27 04:00:00,8.3496,8.34944,8.34986,8.34944,8.3545,8.3545,8.3546,8.3545,6
2014-10-27 04:00:00,2014-10-27 04:01:00,8.34944,8.34976,8.34976,8.34944,8.3545,8.3546,8.3546,8.3546,4
2014-10-27 04:01:00,2014-10-27 04:02:00,8.34976,8.34986,8.34986,8.34984,8.3546,8.3546,8.3546,8.3546,2
2014-10-27 04:02:00,2014-10-27 04:03:00,8.34986,8.34984,8.34993,8.34982,8.3546,8.3546,8.3546,8.3546,3
2014-10-27 04:03:00,2014-10-27 04:04:00,8.34984,8.34989,8.34989,8.34989,8.3546,8.3552,8.3552,8.3546,3
2014-10-27 04:04:00,2014-10-27 04:05:00,8.34989,8.3499,8.3499,8.34989,8.3552,8.35519,8.35519,8.35519,2
2014-10-27 04:05:00,2014-10-27 04:06:00,8.3499,8.34984,8.34994,8.34984,8.35519,8.3546,8.35519,8.3545,5
2014-10-27 04:06:00,2014-10-27 04:07:00,8.34984,8.34951,8.34976,8.34949,8.3546,8.3546,8.3546,8.3545,6
2014-10-27 04:07:00,2014-10-27 04:08:00,8.34951,8.34953,8.34975,8.34951,8.3546,8.3545,8.3546,8.3545,5
2014-10-27 04:08:00,2014-10-27 04:09:00,8.34953,8.34941,8.34973,8.3494,8.3545,8.3544,8.3545,8.3544,7
2014-10-27 04:09:00,2014-10-27 04:10:00,8.34941,8.34961,8.34961,8.34934,8.3544,8.3545,8.3545,8.3544,5
2014-10-27 04:10:00,2014-10-27 04:11:00,8.34961,8.34973,8.34973,8.34935,8.3545,8.3544,8.3544,8.3544,5
2014-10-27 04:11:00,2014-10-27 04:12:00,8.34973,8.3497,8.3497,8.3497,8.3544,8.3544,8.3544,8.3544,1
2014-10-27 04:12:00,2014-10-27 04:13:00,8.3497,8.3497,8.34973,8.3497,8.3544,8.3544,8.3544,8.3544,2
2014-10-27 04:13:00,2014-10-27 04:14:00,8.3497,8.34928,8.34967,8.34928,8.3544,8.3543,8.3547,8.3543,9
2014-10-27 04:14:00,2014-10-27 04:15:00,8.34928,8.34925,8.34931,8.34925,8.3543,8.3543,8.3544,8.3543,9
2014-10-27 04:15:00,2014-10-27 04:16:00,8.34925,8.3497,8.3497,8.34928,8.3543,8.3543,8.3543,8.3543,3
2014-10-27 04:16:00,2014-10-27 04:17:00,8.3497,8.34937,8.34979,8.34937,8.3543,8.3543,8.3546,8.3543,16
2014-10-27 04:17:00,2014-10-27 04:18:00,8.34937,8.34942,8.34987,8.34937,8.3543,8.3543,8.3547,8.3543,12
2014-10-27 04:18:00,2014-10-27 04:19:00,8.34942,8.3494,8.34961,8.3494,8.3543,8.3544,8.3547,8.3543,16
2014-10-27 04:19:00,2014-10-27 04:20:00,8.3494,8.34967,8.34967,8.34937,8.3544,8.3544,8.3544,8.3544,3
2014-10-27 04:20:00,2014-10-27 04:21:00,8.34967,8.34937,8.3498,8.34937,8.3544,8.3544,8.3544,8.3543,6
2014-10-27 04:21:00,2014-10-27 04:22:00,8.34937,8.34928,8.34938,8.34928,8.3544,8.3543,8.3544,8.3543,4
2014-10-27 04:22:00,2014-10-27 04:23:00,8.34928,8.34959,8.34959,8.34924,8.3543,8.3543,8.3543,8.3543,4
2014-10-27 04:23:00,2014-10-27 04:24:00,8.34959,8.34942,8.34968,8.34942,8.3543,8.3544,8.3544,8.3543,5
2014-10-27 04:24:00,2014-10-27 04:25:00,8.34942,8.34976,8.34976,8.34937,8.3544,8.3544,8.3544,8.3544,4
2014-10-27 04:25:00,2014-10-27 04:26:00,8.34976,8.34934,8.34972,8.34934,8.3544,8.3543,8.3544,8.3543,4
2014-10-27 04:26:00,2014-10-27 04:27:00,8.34934,8.34969,8.34969,8.34961,8.3543,8.3543,8.3543,8.3543,3
2014-10-27 04:27:00,2014-10-27 04:28:00,8.34969,8.34976,8.34978,8.34972,8.3543,8.3543,8.3543,8.3543,3
2014-10-27 04:28:00,2014-10-27 04:29:00,8.34976,8.34973,8.34973,8.34973,8.3543,8.35513,8.35513,8.3543,2
2014-10-27 04:29:00,2014-10-27 04:30:00,8.34973,8.34971,8.34973,8.34962,8.35513,8.35511,8.35511,8.35502,4
2014-10-27 04:30:00,2014-10-27 04:31:00,8.34971,8.34955,8.34974,8.34955,8.35511,8.3542,8.35514,8.3542,9
2014-10-27 04:31:00,2014-10-27 04:32:00,8.34955,8.34917,8.34959,8.34917,8.3542,8.3542,8.3546,8.3542,11
2014-10-27 04:32:00,2014-10-27 04:33:00,8.34917,8.3495,8.34951,8.34943,8.3542,8.3542,8.3542,8.3542,3
2014-10-27 04:33:00,2014-10-27 04:34:00,8.3495,8.34956,8.34957,8.34928,8.3542,8.3543,8.3543,8.3542,5
2014-10-27 04:34:00,2014-10-27 04:35:00,8.34956,8.34962,8.34962,8.34958,8.3543,8.3543,8.3543,8.3543,2
2014-10-27 04:35:00,2014-10-27 04:36:00,8.34962,8.34956,8.34959,8.34955,8.3543,8.3543,8.3543,8.3543,3
2014-10-27 04:36:00,2014-10-27 04:37:00,8.34956,8.3496,8.34963,8.34957,8.3543,8.3544,8.3544,8.3543,4
2014-10-27 04:37:00,2014-10-27 04:38:00,8.3496,8.34955,8.34955,8.34926,8.3544,8.3543,8.3544,8.3543,4
2014-10-27 04:38:00,2014-10-27 04:39:00,8.34955,8.34966,8.34966,8.34952,8.3543,8.3543,8.3543,8.3543,3
2014-10-27 04:39:00,2014-10-27 04:40:00,8.34966,8.34857,8.34918,8.34857,8.3543,8.35397,8.3543,8.35397,6
2014-10-27 04:40:00,2014-10-27 04:41:00,8.34857,8.34856,8.34857,8.34852,8.35397,8.35396,8.35397,8.35392,6
2014-10-27 04:41:00,2014-10-27 04:42:00,8.34856,8.34856,8.34857,8.34856,8.35396,8.35396,8.35397,8.35396,4
2014-10-27 04:42:00,2014-10-27 04:43:00,8.34856,8.34857,8.34857,8.34857,8.35396,8.35397,8.35397,8.35396,2
2014-10-27 04:43:00,2014-10-27 04:44:00,8.34857,8.34857,8.34859,8.34855,8.35397,8.35397,8.35399,8.35395,6
2014-10-27 04:44:00,2014-10-27 04:45:00,8.34857,8.3484,8.34888,8.3474,8.35397,8.35385,8.35428,8.35068,43
2014-10-27 04:45:00,2014-10-27 04:46:00,8.3484,8.34855,8.34866,8.34855,8.35385,8.35412,8.3543,8.35385,7
2014-10-27 04:46:00,2014-10-27 04:47:00,8.34855,8.34895,8.34897,8.3474,8.35412,8.35448,8.35459,8.35022,40
2014-10-27 04:47:00,2014-10-27 04:48:00,8.34895,8.34827,8.34935,8.3474,8.35448,8.3539,8.3547,8.35052,40
2014-10-27 04:48:00,2014-10-27 04:49:00,8.34827,8.34852,8.34864,8.34836,8.3539,8.35416,8.35422,8.3539,7
2014-10-27 04:49:00,2014-10-27 04:50:00,8.34852,8.34861,8.3488,8.34859,8.35416,8.35414,8.3542,8.35409,5
2014-10-27 04:50:00,2014-10-27 04:51:00,8.34861,8.34871,8.34877,8.34862,8.35414,8.35418,8.35425,8.35414,5
2014-10-27 04:51:00,2014-10-27 04:52:00,8.34871,8.34877,8.34878,8.34876,8.35418,8.35417,8.35419,8.35417,5
2014-10-27 04:52:00,2014-10-27 04:53:00,8.34877,8.34874,8.34882,8.34874,8.35417,8.35414,8.35422,8.35414,6
2014-10-27 04:53:00,2014-10-27 04:54:00,8.34874,8.34869,8.34876,8.34865,8.35414,8.35409,8.35416,8.35405,6
2014-10-27 04:54:00,2014-10-27 04:55:00,8.34869,8.34888,8.3489,8.34842,8.35409,8.35428,8.3545,8.35394,10
2014-10-27 04:55:00,2014-10-27 04:56:00,8.34888,8.34877,8.34888,8.34842,8.35428,8.35417,8.35418,8.35398,9
2014-10-27 04:56:00,2014-10-27 04:57:00,8.34877,8.34874,8.34877,8.34874,8.35417,8.35414,8.35416,8.35414,4
2014-10-27 04:57:00,2014-10-27 04:58:00,8.34874,8.34874,8.34874,8.34855,8.35414,8.35414,8.35414,8.35403,4
2014-10-27 04:58:00,2014-10-27 04:59:00,8.34874,8.34867,8.34876,8.34866,8.35414,8.35407,8.35416,8.35407,5
2014-10-27 04:59:00,2014-10-27 05:00:00,8.34867,8.34869,8.34872,8.34868,8.35407,8.35409,8.35412,8.35407,6
2014-10-27 05:00:00,2014-10-27 05:01:00,8.34869,8.3487,8.34883,8.34856,8.35409,8.35419,8.35431,8.35399,7
2014-10-27 05:01:00,2014-10-27 05:02:00,8.3487,8.34876,8.34884,8.34856,8.35419,8.35428,8.35428,8.35412,7
2014-10-27 05:02:00,2014-10-27 05:03:00,8.34876,8.34884,8.34884,8.34884,8.35428,8.35424,8.35424,8.35424,1
2014-10-27 05:03:00,2014-10-27 05:04:00,8.34884,8.34906,8.34906,8.34897,8.35424,8.35446,8.35446,8.35424,6
2014-10-27 05:04:00,2014-10-27 05:05:00,8.34906,8.34913,8.34913,8.34905,8.35446,8.3545,8.3545,8.35445,4
2014-10-27 05:05:00,2014-10-27 05:06:00,8.34913,8.34896,8.34913,8.34892,8.3545,8.35445,8.35445,8.3544,4
2014-10-27 05:06:00,2014-10-27 05:07:00,8.34896,8.34888,8.34898,8.34888,8.35445,8.35428,8.35446,8.35428,6
2014-10-27 05:07:00,2014-10-27 05:08:00,8.34888,8.34859,8.34889,8.34859,8.35428,8.35416,8.35431,8.35416,8
2014-10-27 05:08:00,2014-10-27 05:09:00,8.34859,8.34861,8.34886,8.34861,8.35416,8.35401,8.35426,8.35401,8
2014-10-27 05:09:00,2014-10-27 05:10:00,8.34861,8.3475,8.34873,8.3475,8.35401,8.35022,8.35413,8.35022,15
2014-10-27 05:10:00,2014-10-27 05:11:00,8.3475,8.34753,8.34753,8.3473,8.35022,8.3503,8.35037,8.35017,10
2014-10-27 05:11:00,2014-10-27 05:12:00,8.34753,8.34753,8.34753,8.34753,8.3503,8.35037,8.35037,8.35037,1
2014-10-27 05:12:00,2014-10-27 05:13:00,8.34753,8.34753,8.34753,8.34753,8.35037,8.3503,8.3503,8.3502,3
2014-10-27 05:13:00,2014-10-27 05:14:00,8.34753,8.34738,8.3476,8.3471,8.3503,8.35022,8.35046,8.3499,16
2014-10-27 05:14:00,2014-10-27 05:15:00,8.34738,8.34738,8.3474,8.3472,8.35022,8.35022,8.3504,8.3498,8
2014-10-27 05:15:00,2014-10-27 05:17:00,8.34738,8.34958,8.34958,8.34817,8.35022,8.3519,8.3519,8.35022,15
2014-10-27 05:17:00,2014-10-27 05:22:00,8.3496,8.3496,8.3497,8.34958,8.352,8.352,8.35242,8.352,4
2014-10-27 05:22:00,2014-10-27 05:23:00,8.3496,8.34958,8.3496,8.34958,8.352,8.3519,8.3519,8.3519,2
2014-10-27 05:23:00,2014-10-27 05:25:00,8.34958,8.3496,8.3496,8.3496,8.3519,8.352,8.352,8.3519,2
2014-10-27 05:25:00,2014-10-27 05:28:00,8.3496,8.34958,8.34958,8.34958,8.352,8.35242,8.35242,8.35242,1
2014-10-27 05:28:00,2014-10-27 05:30:00,8.34958,8.35073,8.35229,8.3496,8.35242,8.3571,8.35799,8.3521,54
2014-10-27 05:30:00,2014-10-27 05:31:00,8.35073,8.3509,8.35119,8.35044,8.3571,8.3547,8.35693,8.3547,25
2014-10-27 05:31:00,2014-10-27 05:32:00,8.3509,8.351,8.351,8.3509,8.3547,8.3546,8.3546,8.3545,5
2014-10-27 05:32:00,2014-10-27 05:33:00,8.351,8.3513,8.3513,8.3509,8.3546,8.3539,8.3544,8.3539,6
2014-10-27 05:33:00,2014-10-27 05:35:00,8.3513,8.3502,8.3505,8.3502,8.3539,8.3542,8.3544,8.3542,4
2014-10-27 05:35:00,2014-10-27 05:36:00,8.3502,8.35,8.3502,8.35,8.3542,8.354,8.3541,8.354,8
2014-10-27 05:36:00,2014-10-27 05:37:00,8.35,8.35,8.35,8.35,8.354,8.3539,8.3539,8.3539,1
2014-10-27 05:37:00,2014-10-27 05:40:00,8.35,8.34995,8.34995,8.34995,8.3539,8.35449,8.35451,8.35449,2
2014-10-27 05:40:00,2014-10-27 05:41:00,8.34995,8.35,8.35,8.35,8.35449,8.3539,8.354,8.3539,4
2014-10-27 05:41:00,2014-10-27 05:42:00,8.35,8.34995,8.35,8.3498,8.3539,8.3539,8.3539,8.3537,8
2014-10-27 05:42:00,2014-10-27 05:43:00,8.34995,8.34995,8.35,8.34995,8.3539,8.3538,8.3539,8.3538,5
2014-10-27 05:43:00,2014-10-27 05:44:00,8.34995,8.34995,8.34995,8.3498,8.3538,8.354,8.354,8.3538,6
2014-10-27 05:44:00,2014-10-27 05:45:00,8.34995,8.3502,8.3503,8.34995,8.354,8.3541,8.3543,8.3538,16
2014-10-27 05:45:00,2014-10-27 05:46:00,8.3502,8.35003,8.35003,8.34996,8.3541,8.3525,8.3541,8.3524,4
2014-10-27 05:46:00,2014-10-27 05:47:00,8.35003,8.35075,8.35075,8.35003,8.3525,8.3551,8.3551,8.35332,12
2014-10-27 05:47:00,2014-10-27 05:48:00,8.35075,8.35114,8.35114,8.35084,8.3551,8.3553,8.3553,8.3551,4
2014-10-27 05:48:00,2014-10-27 05:49:00,8.35114,8.35112,8.35135,8.35112,8.3553,8.3552,8.3553,8.3552,6
2014-10-27 05:49:00,2014-10-27 05:50:00,8.35112,8.35087,8.35112,8.35086,8.3552,8.3548,8.355,8.3548,5
2014-10-27 05:50:00,2014-10-27 05:51:00,8.35087,8.35091,8.35091,8.35091,8.3548,8.3549,8.3549,8.3548,2
2014-10-27 05:51:00,2014-10-27 05:52:00,8.35091,8.35138,8.35138,8.35067,8.3549,8.3564,8.3564,8.3546,29
2014-10-27 05:52:00,2014-10-27 05:53:00,8.35138,8.35146,8.35179,8.35138,8.3564,8.3555,8.3565,8.3555,13
2014-10-27 05:53:00,2014-10-27 05:54:00,8.35146,8.35065,8.35138,8.3498,8.3555,8.3562,8.35671,8.3528,68
2014-10-27 05:54:00,2014-10-27 05:55:00,8.35065,8.35072,8.35083,8.35071,8.3562,8.3562,8.3562,8.3562,3
2014-10-27 05:55:00,2014-10-27 05:56:00,8.35072,8.35128,8.35128,8.35089,8.3562,8.3562,8.3564,8.3561,8
2014-10-27 05:56:00,2014-10-27 05:57:00,8.35128,8.35052,8.35116,8.34992,8.3562,8.3551,8.3562,8.3527,32
2014-10-27 05:57:00,2014-10-27 05:58:00,8.35052,8.3505,8.3506,8.3505,8.3551,8.355,8.3552,8.3549,5
2014-10-27 05:58:00,2014-10-27 05:59:00,8.3505,8.35063,8.35065,8.35059,8.355,8.355,8.355,8.355,3
2014-10-27 05:59:00,2014-10-27 06:00:00,8.35063,8.35146,8.35146,8.3506,8.355,8.3568,8.3569,8.355,11
2014-10-27 06:00:00,2014-10-27 06:01:00,8.35146,8.35084,8.35146,8.3502,8.3568,8.35559,8.3566,8.3546,22
2014-10-27 06:01:00,2014-10-27 06:02:00,8.35084,8.35047,8.35084,8.3503,8.35559,8.3563,8.3565,8.35554,9
2014-10-27 06:02:00,2014-10-27 06:03:00,8.35047,8.35048,8.35063,8.35026,8.3563,8.35653,8.35653,8.353,32
2014-10-27 06:03:00,2014-10-27 06:04:00,8.35048,8.35061,8.35067,8.35053,8.35653,8.3567,8.3568,8.35653,7
2014-10-27 06:04:00,2014-10-27 06:05:00,8.35061,8.35117,8.35117,8.35061,8.3567,8.3564,8.3568,8.3564,14
2014-10-27 06:05:00,2014-10-27 06:06:00,8.35117,8.3512,8.3512,8.3511,8.3564,8.3562,8.3565,8.35477,11
2014-10-27 06:06:00,2014-10-27 06:07:00,8.3512,8.35196,8.35196,8.3512,8.3562,8.3562,8.3564,8.35482,18
2014-10-27 06:07:00,2014-10-27 06:08:00,8.35196,8.35103,8.35199,8.3509,8.3562,8.3557,8.3562,8.35509,21
2014-10-27 06:08:00,2014-10-27 06:09:00,8.35103,8.352,8.35283,8.3507,8.3557,8.35792,8.35918,8.35508,48
2014-10-27 06:09:00,2014-10-27 06:10:00,8.352,8.35195,8.3552,8.35079,8.35792,8.3568,8.3586,8.3567,61
2014-10-27 06:10:00,2014-10-27 06:11:00,8.35195,8.3536,8.3536,8.3517,8.3568,8.3567,8.3568,8.3566,9
2014-10-27 06:11:00,2014-10-27 06:12:00,8.3536,8.3535,8.3536,8.3535,8.3567,8.3568,8.3568,8.3566,5
2014-10-27 06:12:00,2014-10-27 06:13:00,8.3535,8.3537,8.3537,8.3537,8.3568,8.35817,8.35817,8.3568,5
2014-10-27 06:13:00,2014-10-27 06:14:00,8.3537,8.3536,8.3536,8.3536,8.35817,8.3584,8.35856,8.35817,4
2014-10-27 06:14:00,2014-10-27 06:15:00,8.3536,8.35081,8.3536,8.35028,8.3584,8.35946,8.35946,8.35835,10
2014-10-27 06:15:00,2014-10-27 06:16:00,8.35081,8.35193,8.35193,8.35081,8.35946,8.35958,8.35958,8.35958,2
2014-10-27 06:16:00,2014-10-27 06:18:00,8.35193,8.35046,8.35193,8.35031,8.35958,8.35946,8.35958,8.35946,9
2014-10-27 06:18:00,2014-10-27 06:19:00,8.35046,8.35083,8.35083,8.35051,8.35946,8.35946,8.35946,8.35946,4
2014-10-27 06:19:00,2014-10-27 06:20:00,8.35083,8.35165,8.35165,8.35165,8.35946,8.35953,8.35953,8.35946,2
2014-10-27 06:20:00,2014-10-27 06:21:00,8.35165,8.35165,8.35165,8.35165,8.35953,8.35956,8.35958,8.35952,7
2014-10-27 06:21:00,2014-10-27 06:22:00,8.35165,8.35082,8.35165,8.35082,8.35956,8.35957,8.35957,8.35957,3
2014-10-27 06:22:00,2014-10-27 06:23:00,8.35082,8.35083,8.35349,8.35027,8.35957,8.35953,8.35963,8.3587,17
2014-10-27 06:23:00,2014-10-27 06:24:00,8.35083,8.35357,8.35357,8.35083,8.35953,8.35905,8.35957,8.35905,6
2014-10-27 06:24:00,2014-10-27 06:25:00,8.35357,8.35066,8.35357,8.35066,8.35905,8.35952,8.35952,8.3587,8
2014-10-27 06:25:00,2014-10-27 06:26:00,8.35066,8.35175,8.35346,8.35082,8.35952,8.35953,8.35953,8.35841,12
2014-10-27 06:26:00,2014-10-27 06:27:00,8.35175,8.35215,8.3524,8.35023,8.35953,8.35755,8.35955,8.35755,11
2014-10-27 06:27:00,2014-10-27 06:28:00,8.35215,8.35173,8.35181,8.35173,8.35755,8.35726,8.35728,8.35726,3
2014-10-27 06:28:00,2014-10-27 06:29:00,8.35173,8.35185,8.35195,8.34956,8.35726,8.35725,8.35783,8.35725,6
2014-10-27 06:29:00,2014-10-27 06:30:00,8.35185,8.34886,8.352,8.34666,8.35725,8.3563,8.3581,8.3557,126
2014-10-27 06:30:00,2014-10-27 06:31:00,8.34886,8.34858,8.35282,8.3473,8.3563,8.35733,8.35958,8.3555,93
2014-10-27 06:31:00,2014-10-27 06:32:00,8.34858,8.34845,8.34977,8.34416,8.35733,8.35441,8.35832,8.3532,127
2014-10-27 06:32:00,2014-10-27 06:33:00,8.34845,8.34688,8.34957,8.34646,8.35441,8.35233,8.35706,8.35233,136
2014-10-27 06:33:00,2014-10-27 06:34:00,8.34688,8.3529,8.3529,8.3463,8.35233,8.35758,8.35791,8.3513,167
2014-10-27 06:34:00,2014-10-27 06:35:00,8.3529,8.3518,8.35259,8.3518,8.35758,8.35725,8.3576,8.35725,10
2014-10-27 06:35:00,2014-10-27 06:36:00,8.3518,8.35092,8.3518,8.35058,8.35725,8.35638,8.35724,8.35604,26
2014-10-27 06:36:00,2014-10-27 06:37:00,8.35092,8.3507,8.35223,8.3502,8.35638,8.3546,8.3571,8.3545,150
2014-10-27 06:37:00,2014-10-27 06:38:00,8.3507,8.3506,8.3506,8.3506,8.3546,8.3545,8.3546,8.3545,2
2014-10-27 06:38:00,2014-10-27 06:39:00,8.3506,8.3506,8.3507,8.3506,8.3545,8.3545,8.3546,8.35441,6
2014-10-27 06:39:00,2014-10-27 06:40:00,8.3506,8.3506,8.3509,8.3506,8.3545,8.3545,8.3548,8.3545,9
2014-10-27 06:40:00,2014-10-27 06:41:00,8.3506,8.3507,8.3507,8.3505,8.3545,8.3545,8.3545,8.3544,10
2014-10-27 06:41:00,2014-10-27 06:42:00,8.3507,8.3508,8.3508,8.3506,8.3545,8.3546,8.3546,8.3545,4
2014-10-27 06:42:00,2014-10-27 06:43:00,8.3508,8.3507,8.3507,8.3505,8.3546,8.3546,8.3546,8.3544,11
2014-10-27 06:43:00,2014-10-27 06:44:00,8.3507,8.3515,8.3516,8.3505,8.3546,8.35515,8.3555,8.3544,17
2014-10-27 06:44:00,2014-10-27 06:45:00,8.3515,8.3516,8.3516,8.3515,8.35515,8.35515,8.3554,8.35515,3
2014-10-27 06:45:00,2014-10-27 06:48:00,8.3516,8.3517,8.3517,8.3517,8.35515,8.35515,8.35515,8.35515,1
2014-10-27 06:48:00,2014-10-27 06:49:00,8.3517,8.3517,8.3517,8.3517,8.35515,8.35515,8.35548,8.35515,2
2014-10-27 06:49:00,2014-10-27 06:51:00,8.3517,8.3547,8.3547,8.35224,8.35515,8.3579,8.3579,8.35515,20
2014-10-27 06:51:00,2014-10-27 06:52:00,8.3547,8.3546,8.3547,8.3546,8.3579,8.35766,8.3578,8.35766,3
2014-10-27 06:52:00,2014-10-27 06:53:00,8.3546,8.355,8.356,8.3548,8.35766,8.35766,8.3585,8.35766,17
2014-10-27 06:53:00,2014-10-27 06:54:00,8.355,8.35444,8.35444,8.35444,8.35766,8.3553,8.35766,8.3552,5
2014-10-27 06:54:00,2014-10-27 06:55:00,8.35444,8.3547,8.3547,8.35444,8.3553,8.3558,8.3558,8.3554,20
2014-10-27 06:55:00,2014-10-27 06:56:00,8.3547,8.3547,8.3548,8.3546,8.3558,8.356,8.3561,8.3557,19
2014-10-27 06:56:00,2014-10-27 06:57:00,8.3547,8.3543,8.355,8.3543,8.356,8.3557,8.3569,8.3557,10
2014-10-27 06:57:00,2014-10-27 06:58:00,8.3543,8.355,8.355,8.3539,8.3557,8.3563,8.3563,8.3552,33
2014-10-27 06:58:00,2014-10-27 06:59:00,8.355,8.355,8.355,8.355,8.3563,8.3562,8.3562,8.3562,1
2014-10-27 06:59:00,2014-10-27 07:00:00,8.355,8.35446,8.355,8.35411,8.3562,8.3558,8.3558,8.35509,9
2014-10-27 07:00:00,2014-10-27 07:01:00,8.35446,8.35446,8.35446,8.35446,8.3558,8.3558,8.3558,8.35579,2
2014-10-27 07:01:00,2014-10-27 07:02:00,8.35446,8.35449,8.35449,8.35449,8.3558,8.35577,8.3558,8.35577,2
2014-10-27 07:02:00,2014-10-27 07:03:00,8.35449,8.3482,8.35446,8.3476,8.35577,8.3511,8.3558,8.3511,159
2014-10-27 07:03:00,2014-10-27 07:04:00,8.3482,8.3462,8.3486,8.3455,8.3511,8.3504,8.3524,8.3487,159
2014-10-27 07:04:00,2014-10-27 07:05:00,8.3462,8.3451,8.3463,8.34281,8.3504,8.349,8.3512,8.3479,171
2014-10-27 07:05:00,2014-10-27 07:06:00,8.3451,8.3463,8.3489,8.3447,8.349,8.3483,8.3517,8.3483,124
2014-10-27 07:06:00,2014-10-27 07:07:00,8.3463,8.348,8.3503,8.34617,8.3483,8.3498,8.3523,8.3483,107
2014-10-27 07:07:00,2014-10-27 07:08:00,8.348,8.3479,8.3479,8.3478,8.3498,8.3498,8.35,8.3498,5
2014-10-27 07:08:00,2014-10-27 07:09:00,8.3479,8.34855,8.34855,8.3479,8.3498,8.3508,8.3508,8.3498,14
2014-10-27 07:09:00,2014-10-27 07:10:00,8.34855,8.34832,8.34861,8.34824,8.3508,8.35062,8.3509,8.35054,23
2014-10-27 07:10:00,2014-10-27 07:11:00,8.34832,8.34817,8.3486,8.34816,8.35062,8.35047,8.35074,8.35046,26
2014-10-27 07:11:00,2014-10-27 07:12:00,8.34817,8.3481,8.34829,8.3481,8.35047,8.35037,8.35059,8.35037,24
2014-10-27 07:12:00,2014-10-27 07:13:00,8.3481,8.348,8.3481,8.348,8.35037,8.35007,8.35047,8.35007,8
2014-10-27 07:13:00,2014-10-27 07:14:00,8.348,8.3497,8.3497,8.3479,8.35007,8.3516,8.3516,8.34987,26
2014-10-27 07:14:00,2014-10-27 07:15:00,8.3497,8.3483,8.3497,8.34813,8.3516,8.35081,8.3515,8.3504,130
2014-10-27 07:15:00,2014-10-27 07:16:00,8.3483,8.3485,8.349,8.348,8.35081,8.3506,8.3511,8.35046,233
2014-10-27 07:16:00,2014-10-27 07:17:00,8.3485,8.3491,8.3494,8.348,8.3506,8.35127,8.35137,8.35,555
2014-10-27 07:17:00,2014-10-27 07:18:00,8.3491,8.3488,8.3493,8.3482,8.35127,8.3508,8.35139,8.35061,277
2014-10-27 07:18:00,2014-10-27 07:19:00,8.3488,8.3486,8.3489,8.3483,8.3508,8.3504,8.35101,8.3504,64
2014-10-27 07:19:00,2014-10-27 07:20:00,8.3486,8.3489,8.3492,8.3479,8.3504,8.35097,8.35097,8.3494,92
2014-10-27 07:20:00,2014-10-27 07:21:00,8.3489,8.3482,8.3487,8.3479,8.35097,8.35059,8.35097,8.35056,174
2014-10-27 07:21:00,2014-10-27 07:22:00,8.3482,8.3482,8.3482,8.3479,8.35059,8.3506,8.35061,8.35049,49
2014-10-27 07:22:00,2014-10-27 07:23:00,8.3482,8.3478,8.3487,8.3476,8.3506,8.3497,8.3509,8.3494,72
2014-10-27 07:23:00,2014-10-27 07:24:00,8.3478,8.34929,8.3505,8.3478,8.3497,8.3515,8.3515,8.34953,280
2014-10-27 07:24:00,2014-10-27 07:25:00,8.34929,8.3493,8.34933,8.349,8.3515,8.3515,8.3515,8.3513,25
2014-10-27 07:25:00,2014-10-27 07:26:00,8.3493,8.348,8.3493,8.3479,8.3515,8.3506,8.3515,8.3506,62
2014-10-27 07:26:00,2014-10-27 07:27:00,8.348,8.348,8.3481,8.3479,8.3506,8.3506,8.3513,8.3504,73
2014-10-27 07:27:00,2014-10-27 07:28:00,8.348,8.3475,8.3481,8.3475,8.3506,8.3502,8.3514,8.3501,188
2014-10-27 07:28:00,2014-10-27 07:29:00,8.3475,8.3476,8.3479,8.3475,8.3502,8.3506,8.3512,8.3502,59
2014-10-27 07:29:00,2014-10-27 07:30:00,8.3476,8.3485,8.3485,8.3477,8.3506,8.3507,8.3508,8.3503,21
2014-10-27 07:30:00,2014-10-27 07:31:00,8.3485,8.3484,8.3486,8.3481,8.3507,8.3506,8.3509,8.3506,17
2014-10-27 07:31:00,2014-10-27 07:32:00,8.3484,8.34877,8.34877,8.3475,8.3506,8.3507,8.3509,8.3496,66
2014-10-27 07:32:00,2014-10-27 07:33:00,8.34877,8.3481,8.34927,8.3481,8.3507,8.34968,8.35131,8.3494,76
2014-10-27 07:33:00,2014-10-27 07:34:00,8.3481,8.3491,8.3491,8.3482,8.34968,8.35099,8.35107,8.34968,88
2014-10-27 07:34:00,2014-10-27 07:35:00,8.3491,8.3489,8.3492,8.3481,8.35099,8.351,8.3511,8.34975,97
2014-10-27 07:35:00,2014-10-27 07:36:00,8.3489,8.3489,8.3493,8.3481,8.351,8.3508,8.35109,8.34948,104
2014-10-27 07:36:00,2014-10-27 07:37:00,8.3489,8.349,8.3495,8.3484,8.3508,8.35081,8.35124,8.3501,81
2014-10-27 07:37:00,2014-10-27 07:38:00,8.349,8.349,8.3497,8.348,8.35081,8.3511,8.35131,8.34948,74
2014-10-27 07:38:00,2014-10-27 07:39:00,8.349,8.349,8.3492,8.3486,8.3511,8.3509,8.3511,8.3509,21
2014-10-27 07:39:00,2014-10-27 07:40:00,8.349,8.3488,8.349,8.3486,8.3509,8.35071,8.3509,8.35061,48
2014-10-27 07:40:00,2014-10-27 07:41:00,8.3488,8.3481,8.349,8.3481,8.35071,8.34948,8.35104,8.34948,48
2014-10-27 07:41:00,2014-10-27 07:42:00,8.3481,8.3498,8.3499,8.3478,8.34948,8.35131,8.35131,8.34948,46
2014-10-27 07:42:00,2014-10-27 07:43:00,8.3498,8.3498,8.3499,8.34971,8.35131,8.3517,8.3517,8.35131,5
2014-10-27 07:43:00,2014-10-27 07:44:00,8.3498,8.3499,8.34995,8.34962,8.3517,8.35131,8.3517,8.35131,18
2014-10-27 07:44:00,2014-10-27 07:45:00,8.3499,8.3499,8.3499,8.3494,8.35131,8.35131,8.35131,8.35131,20
2014-10-27 07:45:00,2014-10-27 07:46:00,8.3499,8.3498,8.35,8.3496,8.35131,8.35141,8.3516,8.35141,12
2014-10-27 07:46:00,2014-10-27 07:47:00,8.3498,8.3499,8.3499,8.3496,8.35141,8.3518,8.3518,8.35141,20
2014-10-27 07:47:00,2014-10-27 07:48:00,8.3499,8.3499,8.35,8.3496,8.3518,8.35141,8.3518,8.35141,15
2014-10-27 07:48:00,2014-10-27 07:49:00,8.3499,8.3528,8.3534,8.3496,8.35141,8.35452,8.3556,8.35139,83
2014-10-27 07:49:00,2014-10-27 07:50:00,8.3528,8.35326,8.3537,8.35269,8.35452,8.3552,8.3559,8.35452,60
2014-10-27 07:50:00,2014-10-27 07:51:00,8.35326,8.35335,8.35335,8.35278,8.3552,8.3552,8.3553,8.3551,47
2014-10-27 07:51:00,2014-10-27 07:52:00,8.35335,8.3531,8.35358,8.3525,8.3552,8.3553,8.3553,8.35454,30
2014-10-27 07:52:00,2014-10-27 07:53:00,8.3531,8.3537,8.355,8.3527,8.3553,8.3575,8.3575,8.3552,155
2014-10-27 07:53:00,2014-10-27 07:54:00,8.3537,8.354,8.3548,8.3529,8.3575,8.3562,8.3576,8.3551,222
2014-10-27 07:54:00,2014-10-27 07:55:00,8.354,8.3524,8.3543,8.3514,8.3562,8.3558,8.3574,8.354,266
2014-10-27 07:55:00,2014-10-27 07:56:00,8.3524,8.3517,8.3544,8.3503,8.3558,8.3549,8.3568,8.35277,115
2014-10-27 07:56:00,2014-10-27 07:57:00,8.3517,8.34739,8.35179,8.34691,8.3549,8.3492,8.3549,8.3489,142
2014-10-27 07:57:00,2014-10-27 07:58:00,8.34739,8.3464,8.34787,8.3464,8.3492,8.3482,8.35174,8.3478,540
2014-10-27 07:58:00,2014-10-27 07:59:00,8.3464,8.3482,8.3506,8.3463,8.3482,8.351,8.3539,8.3479,596
2014-10-27 07:59:00,2014-10-27 08:00:00,8.3482,8.3496,8.35083,8.3474,8.351,8.3512,8.3525,8.3501,145
2014-10-27 08:00:00,2014-10-27 08:01:00,8.3496,8.34998,8.35093,8.34792,8.3512,8.351,8.3521,8.3488,69
2014-10-27 08:01:00,2014-10-27 08:02:00,8.34998,8.35063,8.3508,8.3496,8.351,8.3513,8.3521,8.3509,49
2014-10-27 08:02:00,2014-10-27 08:03:00,8.35063,8.3475,8.35063,8.3472,8.3513,8.3491,8.3512,8.3491,54
2014-10-27 08:03:00,2014-10-27 08:04:00,8.3475,8.348,8.348,8.3474,8.3491,8.3498,8.3498,8.3492,26
2014-10-27 08:04:00,2014-10-27 08:05:00,8.348,8.3513,8.3513,8.34781,8.3498,8.35273,8.3528,8.3498,81
2014-10-27 08:05:00,2014-10-27 08:06:00,8.3513,8.35129,8.35129,8.35128,8.35273,8.35273,8.35273,8.35273,2
2014-10-27 08:06:00,2014-10-27 08:07:00,8.35129,8.3532,8.35491,8.35164,8.35273,8.3549,8.3565,8.35273,145
2014-10-27 08:07:00,2014-10-27 08:08:00,8.3532,8.353,8.3541,8.3527,8.3549,8.35448,8.3563,8.35448,87
2014-10-27 08:08:00,2014-10-27 08:09:00,8.353,8.3559,8.356,8.35261,8.35448,8.3579,8.3579,8.35418,54
2014-10-27 08:09:00,2014-10-27 08:10:00,8.3559,8.35695,8.35763,8.35577,8.3579,8.3585,8.3588,8.3578,49
2014-10-27 08:10:00,2014-10-27 08:11:00,8.35695,8.3564,8.35701,8.3559,8.3585,8.3582,8.3585,8.358,80
2014-10-27 08:11:00,2014-10-27 08:12:00,8.3564,8.35625,8.35757,8.35532,8.3582,8.3577,8.3588,8.3569,94
2014-10-27 08:12:00,2014-10-27 08:13:00,8.35625,8.35628,8.35628,8.35623,8.3577,8.35788,8.3581,8.357,23
2014-10-27 08:13:00,2014-10-27 08:14:00,8.35628,8.3554,8.357,8.3554,8.35788,8.35684,8.3586,8.35684,101
2014-10-27 08:14:00,2014-10-27 08:15:00,8.3554,8.3567,8.3569,8.3554,8.35684,8.35856,8.3587,8.35683,52
2014-10-27 08:15:00,2014-10-27 08:16:00,8.3567,8.35657,8.3576,8.3562,8.35856,8.3582,8.3589,8.35784,110
2014-10-27 08:16:00,2014-10-27 08:17:00,8.35657,8.35668,8.3576,8.356,8.3582,8.35804,8.35894,8.3573,89
2014-10-27 08:17:00,2014-10-27 08:18:00,8.35668,8.356,8.3567,8.3559,8.35804,8.35776,8.35824,8.35766,25
2014-10-27 08:18:00,2014-10-27 08:19:00,8.356,8.3556,8.3561,8.3556,8.35776,8.35776,8.35794,8.35766,16
2014-10-27 08:19:00,2014-10-27 08:20:00,8.3556,8.35522,8.3562,8.35494,8.35776,8.3566,8.3583,8.3566,29
2014-10-27 08:20:00,2014-10-27 08:21:00,8.35522,8.3565,8.3566,8.35482,8.3566,8.35827,8.35847,8.3562,72
2014-10-27 08:21:00,2014-10-27 08:22:00,8.3565,8.3563,8.3582,8.3561,8.35827,8.35797,8.3596,8.35797,72
2014-10-27 08:22:00,2014-10-27 08:23:00,8.3563,8.3554,8.3564,8.35481,8.35797,8.3572,8.35797,8.35547,44
2014-10-27 08:23:00,2014-10-27 08:24:00,8.3554,8.3556,8.3558,8.3551,8.3572,8.3572,8.3573,8.3571,74
2014-10-27 08:24:00,2014-10-27 08:25:00,8.3556,8.3553,8.3555,8.35484,8.3572,8.3571,8.3572,8.3568,27
2014-10-27 08:25:00,2014-10-27 08:26:00,8.3553,8.35484,8.3555,8.35484,8.3571,8.35629,8.3571,8.3553,69
2014-10-27 08:26:00,2014-10-27 08:27:00,8.35484,8.35484,8.355,8.35484,8.35629,8.3565,8.3565,8.3559,33
2014-10-27 08:27:00,2014-10-27 08:28:00,8.35484,8.355,8.3552,8.35484,8.3565,8.3567,8.35672,8.3563,15
2014-10-27 08:28:00,2014-10-27 08:29:00,8.355,8.35394,8.3554,8.3524,8.3567,8.3558,8.3569,8.3541,95
2014-10-27 08:29:00,2014-10-27 08:30:00,8.35394,8.35481,8.3552,8.35305,8.3558,8.357,8.3571,8.3555,108
2014-10-27 08:30:00,2014-10-27 08:31:00,8.35481,8.3549,8.3554,8.35481,8.357,8.3571,8.35758,8.3571,40
2014-10-27 08:31:00,2014-10-27 08:32:00,8.3549,8.3551,8.3552,8.35484,8.3571,8.35703,8.3571,8.357,10
2014-10-27 08:32:00,2014-10-27 08:33:00,8.3551,8.35652,8.35652,8.355,8.35703,8.3582,8.3582,8.35693,24
2014-10-27 08:33:00,2014-10-27 08:34:00,8.35652,8.35652,8.35652,8.35652,8.3582,8.3582,8.3583,8.3582,2
2014-10-27 08:34:00,2014-10-27 08:35:00,8.35652,8.35652,8.35652,8.35652,8.3582,8.35811,8.3582,8.3581,5
2014-10-27 08:35:00,2014-10-27 08:36:00,8.35652,8.3566,8.3571,8.35652,8.35811,8.3582,8.3587,8.35737,47
2014-10-27 08:36:00,2014-10-27 08:37:00,8.3566,8.35652,8.3566,8.35652,8.3582,8.3582,8.3582,8.3581,7
2014-10-27 08:37:00,2014-10-27 08:38:00,8.35652,8.3566,8.3567,8.3565,8.3582,8.35847,8.3585,8.3583,22
2014-10-27 08:38:00,2014-10-27 08:39:00,8.3566,8.35486,8.3575,8.3524,8.35847,8.3559,8.359,8.3539,102
2014-10-27 08:39:00,2014-10-27 08:40:00,8.35486,8.3557,8.3559,8.35478,8.3559,8.3575,8.3579,8.3559,128
2014-10-27 08:40:00,2014-10-27 08:41:00,8.3557,8.35492,8.35659,8.35492,8.3575,8.3567,8.3584,8.3567,136
2014-10-27 08:41:00,2014-10-27 08:42:00,8.35492,8.3558,8.3559,8.35496,8.3567,8.3575,8.3578,8.3567,57
2014-10-27 08:42:00,2014-10-27 08:43:00,8.3558,8.3559,8.3559,8.3559,8.3575,8.3577,8.358,8.3577,3
2014-10-27 08:43:00,2014-10-27 08:44:00,8.3559,8.3561,8.3562,8.3558,8.3577,8.3579,8.3581,8.3574,88
2014-10-27 08:44:00,2014-10-27 08:45:00,8.3561,8.3559,8.3562,8.3558,8.3579,8.3575,8.3582,8.3575,60
2014-10-27 08:45:00,2014-10-27 08:46:00,8.3559,8.3559,8.356,8.3558,8.3575,8.3573,8.3579,8.357,48
2014-10-27 08:46:00,2014-10-27 08:47:00,8.3559,8.3558,8.3561,8.35565,8.3573,8.3575,8.3577,8.3568,57
2014-10-27 08:47:00,2014-10-27 08:48:00,8.3558,8.35566,8.3559,8.35566,8.3575,8.3572,8.3577,8.3572,20
2014-10-27 08:48:00,2014-10-27 08:49:00,8.35566,8.3559,8.3559,8.35544,8.3572,8.3575,8.358,8.3571,59
2014-10-27 08:49:00,2014-10-27 08:50:00,8.3559,8.3561,8.3561,8.3559,8.3575,8.3579,8.3581,8.3574,27
2014-10-27 08:50:00,2014-10-27 08:51:00,8.3561,8.356,8.3561,8.35587,8.3579,8.3578,8.358,8.3575,71
2014-10-27 08:51:00,2014-10-27 08:52:00,8.356,8.35589,8.3562,8.35587,8.3578,8.3576,8.3579,8.3575,50
2014-10-27 08:52:00,2014-10-27 08:53:00,8.35589,8.35628,8.35628,8.35586,8.3576,8.3577,8.3583,8.3576,33
2014-10-27 08:53:00,2014-10-27 08:54:00,8.35628,8.35627,8.3564,8.3561,8.3577,8.3581,8.3584,8.3576,61
2014-10-27 08:54:00,2014-10-27 08:55:00,8.35627,8.3577,8.3577,8.35627,8.3581,8.35922,8.35922,8.3579,70
2014-10-27 08:55:00,2014-10-27 08:56:00,8.3577,8.3573,8.3578,8.3572,8.35922,8.3592,8.35922,8.3592,9
2014-10-27 08:56:00,2014-10-27 08:57:00,8.3573,8.3573,8.35732,8.3572,8.3592,8.3592,8.3592,8.3591,6
2014-10-27 08:57:00,2014-10-27 08:58:00,8.3573,8.3572,8.3573,8.35696,8.3592,8.35922,8.3593,8.359,37
2014-10-27 08:58:00,2014-10-27 08:59:00,8.3572,8.3577,8.3577,8.35658,8.35922,8.3596,8.3596,8.3586,37
2014-10-27 08:59:00,2014-10-27 09:00:00,8.3577,8.35676,8.3586,8.3564,8.3596,8.35942,8.3597,8.3591,37
2014-10-27 09:00:00,2014-10-27 09:01:00,8.35676,8.35717,8.3575,8.35668,8.35942,8.3583,8.35942,8.3577,36
2014-10-27 09:01:00,2014-10-27 09:02:00,8.35717,8.35717,8.35717,8.35698,8.3583,8.3581,8.3583,8.3581,6
2014-10-27 09:02:00,2014-10-27 09:04:00,8.35717,8.35717,8.35717,8.35717,8.3581,8.3581,8.3584,8.3581,48
2014-10-27 09:04:00,2014-10-27 09:05:00,8.35717,8.35717,8.35717,8.35717,8.3581,8.3581,8.3583,8.3581,6
2014-10-27 09:05:00,2014-10-27 09:06:00,8.35717,8.35717,8.35717,8.35717,8.3581,8.3581,8.3583,8.3581,8
2014-10-27 09:06:00,2014-10-27 09:07:00,8.35717,8.35717,8.35717,8.35717,8.3581,8.3583,8.3583,8.3581,11
2014-10-27 09:07:00,2014-10-27 09:08:00,8.35717,8.35717,8.35717,8.35717,8.3583,8.3581,8.3583,8.3581,17
2014-10-27 09:08:00,2014-10-27 09:09:00,8.35717,8.35717,8.35717,8.35717,8.3581,8.3583,8.3583,8.3581,9
2014-10-27 09:09:00,2014-10-27 09:10:00,8.35717,8.35717,8.35717,8.35717,8.3583,8.3581,8.3583,8.3581,41
2014-10-27 09:10:00,2014-10-27 09:11:00,8.35717,8.35717,8.35717,8.35717,8.3581,8.3581,8.3583,8.3581,44
2014-10-27 09:11:00,2014-10-27 09:12:00,8.35717,8.35686,8.35717,8.35686,8.3581,8.3583,8.3583,8.358,8
2014-10-27 09:12:00,2014-10-27 09:13:00,8.35686,8.35686,8.35688,8.35686,8.3583,8.3581,8.3581,8.3581,5
2014-10-27 09:13:00,2014-10-27 09:14:00,8.35686,8.35687,8.3569,8.35684,8.3581,8.3581,8.3583,8.3581,14
2014-10-27 09:14:00,2014-10-27 09:15:00,8.35687,8.35637,8.35687,8.35637,8.3581,8.3577,8.3582,8.35766,24
2014-10-27 09:15:00,2014-10-27 09:16:00,8.35637,8.35427,8.35637,8.35412,8.3577,8.356,8.3578,8.3559,46
2014-10-27 09:16:00,2014-10-27 09:17:00,8.35427,8.3529,8.35427,8.3529,8.356,8.3547,8.3559,8.3546,33
2014-10-27 09:17:00,2014-10-27 09:18:00,8.3529,8.3508,8.3531,8.3508,8.3547,8.3525,8.3547,8.3524,91
2014-10-27 09:18:00,2014-10-27 09:19:00,8.3508,8.34831,8.3509,8.34831,8.3525,8.35045,8.35243,8.35033,64
2014-10-27 09:19:00,2014-10-27 09:20:00,8.34831,8.3496,8.35094,8.3485,8.35045,8.3516,8.35314,8.3503,405
2014-10-27 09:20:00,2014-10-27 09:21:00,8.3496,8.34979,8.3502,8.34801,8.3516,8.35162,8.3519,8.3497,359
2014-10-27 09:21:00,2014-10-27 09:22:00,8.34979,8.3506,8.3506,8.34902,8.35162,8.3521,8.3521,8.35033,270
2014-10-27 09:22:00,2014-10-27 09:23:00,8.3506,8.34933,8.35084,8.34933,8.3521,8.35082,8.3521,8.35082,89
2014-10-27 09:23:00,2014-10-27 09:24:00,8.34933,8.35455,8.3548,8.34933,8.35082,8.3563,8.35647,8.35093,138
2014-10-27 09:24:00,2014-10-27 09:25:00,8.35455,8.3532,8.35526,8.35235,8.3563,8.3545,8.3573,8.3537,110
2014-10-27 09:25:00,2014-10-27 09:26:00,8.3532,8.35396,8.35417,8.35245,8.3545,8.3555,8.3557,8.3537,143
2014-10-27 09:26:00,2014-10-27 09:27:00,8.35396,8.3541,8.3541,8.35289,8.3555,8.3551,8.3555,8.3541,97
2014-10-27 09:27:00,2014-10-27 09:28:00,8.3541,8.3538,8.3541,8.35358,8.3551,8.3549,8.3551,8.3549,50
2014-10-27 09:28:00,2014-10-27 09:29:00,8.3538,8.35398,8.3552,8.3533,8.3549,8.3556,8.3557,8.3549,104
2014-10-27 09:29:00,2014-10-27 09:30:00,8.35398,8.3551,8.35567,8.3533,8.3556,8.3567,8.3576,8.3551,291
2014-10-27 09:30:00,2014-10-27 09:31:00,8.3551,8.3563,8.3564,8.3552,8.3567,8.3577,8.35808,8.3567,71
2014-10-27 09:31:00,2014-10-27 09:32:00,8.3563,8.35674,8.35714,8.35581,8.3577,8.3577,8.3585,8.3575,64
2014-10-27 09:32:00,2014-10-27 09:33:00,8.35674,8.35725,8.35725,8.35674,8.3577,8.3581,8.3581,8.3579,9
2014-10-27 09:33:00,2014-10-27 09:34:00,8.35725,8.35658,8.35702,8.35657,8.3581,8.3581,8.3581,8.3577,11
2014-10-27 09:34:00,2014-10-27 09:35:00,8.35658,8.3564,8.35652,8.35618,8.3581,8.3581,8.35816,8.3577,16
2014-10-27 09:35:00,2014-10-27 09:36:00,8.3564,8.3568,8.3574,8.3562,8.3581,8.35825,8.35877,8.35763,51
2014-10-27 09:36:00,2014-10-27 09:37:00,8.3568,8.35817,8.3586,8.35678,8.35825,8.3597,8.3601,8.35843,43
2014-10-27 09:37:00,2014-10-27 09:38:00,8.35817,8.3578,8.3584,8.3578,8.3597,8.35943,8.3598,8.3594,42
2014-10-27 09:38:00,2014-10-27 09:39:00,8.3578,8.35977,8.35977,8.35756,8.35943,8.361,8.361,8.3592,58
2014-10-27 09:39:00,2014-10-27 09:40:00,8.35977,8.3609,8.36182,8.35847,8.361,8.3621,8.3632,8.36023,97
2014-10-27 09:40:00,2014-10-27 09:41:00,8.3609,8.3626,8.3627,8.361,8.3621,8.3643,8.36438,8.3621,34
2014-10-27 09:41:00,2014-10-27 09:42:00,8.3626,8.3625,8.363,8.36158,8.3643,8.36393,8.36469,8.3628,158
2014-10-27 09:42:00,2014-10-27 09:43:00,8.3625,8.3627,8.3637,8.3624,8.36393,8.36398,8.3647,8.3636,46
2014-10-27 09:43:00,2014-10-27 09:44:00,8.3627,8.36252,8.3629,8.36252,8.36398,8.36398,8.36398,8.36398,12
2014-10-27 09:44:00,2014-10-27 09:45:00,8.36252,8.36251,8.36251,8.36251,8.36398,8.36398,8.36398,8.36398,1
2014-10-27 09:45:00,2014-10-27 09:46:00,8.36251,8.36252,8.36252,8.36252,8.36398,8.36398,8.36398,8.36398,1
2014-10-27 09:46:00,2014-10-27 09:47:00,8.36252,8.3625,8.3626,8.3625,8.36398,8.3639,8.36398,8.3639,7
2014-10-27 09:47:00,2014-10-27 09:48:00,8.3625,8.3632,8.3632,8.3625,8.3639,8.36463,8.36463,8.36398,19
2014-10-27 09:48:00,2014-10-27 09:49:00,8.3632,8.36626,8.36792,8.3632,8.36463,8.368,8.3691,8.36463,129
2014-10-27 09:49:00,2014-10-27 09:50:00,8.36626,8.36657,8.36687,8.3646,8.368,8.36809,8.3684,8.3669,65
2014-10-27 09:50:00,2014-10-27 09:51:00,8.36657,8.36657,8.36657,8.36657,8.36809,8.368,8.3682,8.3678,12
2014-10-27 09:51:00,2014-10-27 09:52:00,8.36657,8.3682,8.3682,8.36657,8.368,8.3698,8.3699,8.368,42
2014-10-27 09:52:00,2014-10-27 09:53:00,8.3682,8.3682,8.3682,8.3682,8.3698,8.3699,8.3699,8.3699,1
2014-10-27 09:53:00,2014-10-27 09:54:00,8.3682,8.36848,8.36898,8.3675,8.3699,8.3699,8.3704,8.36893,107
2014-10-27 09:54:00,2014-10-27 09:55:00,8.36848,8.3701,8.3701,8.3683,8.3699,8.3718,8.3718,8.3698,46
2014-10-27 09:55:00,2014-10-27 09:56:00,8.3701,8.3702,8.3704,8.37012,8.3718,8.3718,8.3718,8.3718,5
2014-10-27 09:56:00,2014-10-27 09:57:00,8.3702,8.37241,8.3725,8.3701,8.3718,8.37432,8.37432,8.3718,42
2014-10-27 09:57:00,2014-10-27 09:58:00,8.37241,8.3728,8.3729,8.37231,8.37432,8.3742,8.37443,8.3738,45
2014-10-27 09:58:00,2014-10-27 09:59:00,8.3728,8.3728,8.3731,8.37257,8.3742,8.3744,8.3744,8.3742,33
2014-10-27 09:59:00,2014-10-27 10:00:00,8.3728,8.37332,8.37332,8.3728,8.3744,8.37432,8.37457,8.3742,30
2014-10-27 10:00:00,2014-10-27 10:01:00,8.37332,8.37402,8.37402,8.37332,8.37432,8.3747,8.3747,8.37427,15
2014-10-27 10:01:00,2014-10-27 10:02:00,8.37402,8.3718,8.37402,8.37143,8.3747,8.3734,8.3749,8.3732,75
2014-10-27 10:02:00,2014-10-27 10:03:00,8.3718,8.3724,8.37272,8.37143,8.3734,8.3739,8.3743,8.37338,96
2014-10-27 10:03:00,2014-10-27 10:04:00,8.3724,8.37176,8.3725,8.37173,8.3739,8.3733,8.3741,8.3732,58
2014-10-27 10:04:00,2014-10-27 10:05:00,8.37176,8.3717,8.37173,8.3717,8.3733,8.3733,8.3733,8.3733,3
2014-10-27 10:05:00,2014-10-27 10:06:00,8.3717,8.37167,8.37173,8.37167,8.3733,8.3733,8.3733,8.3733,3
2014-10-27 10:06:00,2014-10-27 10:07:00,8.37167,8.3715,8.3716,8.37127,8.3733,8.3732,8.3734,8.3729,20
2014-10-27 10:07:00,2014-10-27 10:08:00,8.3715,8.3712,8.3715,8.3712,8.3732,8.3725,8.3733,8.3725,15
2014-10-27 10:08:00,2014-10-27 10:09:00,8.3712,8.3708,8.3713,8.37072,8.3725,8.3725,8.3725,8.3723,13
2014-10-27 10:09:00,2014-10-27 10:10:00,8.3708,8.3708,8.3708,8.3707,8.3725,8.3725,8.3725,8.3724,5
2014-10-27 10:10:00,2014-10-27 10:11:00,8.3708,8.37072,8.3708,8.37072,8.3725,8.3724,8.3725,8.3723,10
2014-10-27 10:11:00,2014-10-27 10:12:00,8.37072,8.37052,8.37072,8.3698,8.3724,8.3715,8.3724,8.3712,22
2014-10-27 10:12:00,2014-10-27 10:13:00,8.37052,8.37052,8.37052,8.37052,8.3715,8.3714,8.3714,8.3714,1
2014-10-27 10:13:00,2014-10-27 10:14:00,8.37052,8.36972,8.37052,8.36972,8.3714,8.3708,8.3717,8.3708,20
2014-10-27 10:14:00,2014-10-27 10:15:00,8.36972,8.3698,8.3698,8.3692,8.3708,8.3715,8.3715,8.3706,82
2014-10-27 10:15:00,2014-10-27 10:16:00,8.3698,8.3698,8.3698,8.3689,8.3715,8.3715,8.3715,8.3706,14
2014-10-27 10:16:00,2014-10-27 10:17:00,8.3698,8.3718,8.3727,8.3703,8.3715,8.37344,8.3738,8.3715,69
2014-10-27 10:17:00,2014-10-27 10:18:00,8.3718,8.37207,8.3727,8.3716,8.37344,8.3731,8.37413,8.373,73
2014-10-27 10:18:00,2014-10-27 10:19:00,8.37207,8.3717,8.3726,8.3717,8.3731,8.3735,8.3741,8.373,67
2014-10-27 10:19:00,2014-10-27 10:20:00,8.3717,8.37427,8.37427,8.3717,8.3735,8.3755,8.3755,8.3735,113
2014-10-27 10:20:00,2014-10-27 10:21:00,8.37427,8.37692,8.37692,8.37438,8.3755,8.37812,8.37812,8.3755,93
2014-10-27 10:21:00,2014-10-27 10:22:00,8.37692,8.37887,8.37912,8.37692,8.37812,8.37989,8.3802,8.37812,60
2014-10-27 10:22:00,2014-10-27 10:23:00,8.37887,8.379,8.37977,8.3788,8.37989,8.38046,8.3813,8.37974,46
2014-10-27 10:23:00,2014-10-27 10:24:00,8.379,8.37922,8.37957,8.3785,8.38046,8.3806,8.3808,8.3799,62
2014-10-27 10:24:00,2014-10-27 10:25:00,8.37922,8.38129,8.38129,8.37895,8.3806,8.3831,8.3833,8.38061,143
2014-10-27 10:25:00,2014-10-27 10:26:00,8.38129,8.38252,8.38307,8.3807,8.3831,8.3841,8.38446,8.38205,163
2014-10-27 10:26:00,2014-10-27 10:27:00,8.38252,8.3816,8.3836,8.3806,8.3841,8.3833,8.3853,8.38263,109
2014-10-27 10:27:00,2014-10-27 10:28:00,8.3816,8.3818,8.3821,8.3808,8.3833,8.38328,8.38395,8.3823,59
2014-10-27 10:28:00,2014-10-27 10:29:00,8.3818,8.3822,8.3822,8.3817,8.38328,8.38328,8.38328,8.3831,10
2014-10-27 10:29:00,2014-10-27 10:30:00,8.3822,8.3834,8.3835,8.3821,8.38328,8.3847,8.38473,8.38328,38
2014-10-27 10:30:00,2014-10-27 10:31:00,8.3834,8.384,8.3844,8.3835,8.3847,8.38533,8.38563,8.3847,21
2014-10-27 10:31:00,2014-10-27 10:32:00,8.384,8.3839,8.3842,8.38355,8.38533,8.38538,8.38552,8.38474,52
2014-10-27 10:32:00,2014-10-27 10:33:00,8.3839,8.3839,8.3842,8.3837,8.38538,8.38532,8.3856,8.3851,33
2014-10-27 10:33:00,2014-10-27 10:34:00,8.3839,8.3839,8.3839,8.3838,8.38532,8.385,8.38532,8.385,23
2014-10-27 10:34:00,2014-10-27 10:35:00,8.3839,8.38435,8.38464,8.3836,8.385,8.38578,8.3861,8.3841,62
2014-10-27 10:35:00,2014-10-27 10:36:00,8.38435,8.38709,8.38709,8.38355,8.38578,8.3887,8.3887,8.38533,70
2014-10-27 10:36:00,2014-10-27 10:37:00,8.38709,8.38702,8.38716,8.3854,8.3887,8.3875,8.38919,8.3871,85
2014-10-27 10:37:00,2014-10-27 10:38:00,8.38702,8.3869,8.38717,8.38611,8.3875,8.3884,8.3885,8.3876,52
2014-10-27 10:38:00,2014-10-27 10:39:00,8.3869,8.38822,8.3883,8.3865,8.3884,8.3899,8.38997,8.3879,82
2014-10-27 10:39:00,2014-10-27 10:40:00,8.38822,8.38922,8.38922,8.38822,8.3899,8.3902,8.3903,8.38936,35
2014-10-27 10:40:00,2014-10-27 10:41:00,8.38922,8.3877,8.389,8.3876,8.3902,8.38851,8.3902,8.38851,49
2014-10-27 10:41:00,2014-10-27 10:42:00,8.3877,8.38752,8.3877,8.38677,8.38851,8.38847,8.38849,8.38776,42
2014-10-27 10:42:00,2014-10-27 10:43:00,8.38752,8.3873,8.38837,8.3871,8.38847,8.3884,8.38919,8.3884,70
2014-10-27 10:43:00,2014-10-27 10:44:00,8.3873,8.38737,8.38794,8.3869,8.3884,8.3886,8.3894,8.3881,51
2014-10-27 10:44:00,2014-10-27 10:45:00,8.38737,8.38757,8.38757,8.3859,8.3886,8.3886,8.3886,8.3871,94
2014-10-27 10:45:00,2014-10-27 10:46:00,8.38757,8.38757,8.38757,8.3863,8.3886,8.3886,8.38873,8.3876,32
2014-10-27 10:46:00,2014-10-27 10:47:00,8.38757,8.3862,8.38757,8.3857,8.3886,8.3878,8.38858,8.3873,56
2014-10-27 10:47:00,2014-10-27 10:48:00,8.3862,8.3862,8.3864,8.3857,8.3878,8.38736,8.38793,8.3873,21
2014-10-27 10:48:00,2014-10-27 10:49:00,8.3862,8.38652,8.38652,8.3852,8.38736,8.38818,8.38827,8.38676,50
2014-10-27 10:49:00,2014-10-27 10:50:00,8.38652,8.3866,8.3866,8.38652,8.38818,8.38776,8.3882,8.38776,14
2014-10-27 10:50:00,2014-10-27 10:51:00,8.3866,8.38652,8.3868,8.38652,8.38776,8.38763,8.38763,8.38718,16
2014-10-27 10:51:00,2014-10-27 10:52:00,8.38652,8.3861,8.38652,8.3861,8.38763,8.38686,8.38752,8.38675,24
2014-10-27 10:52:00,2014-10-27 10:53:00,8.3861,8.38607,8.3862,8.38607,8.38686,8.38692,8.38713,8.38676,13
2014-10-27 10:53:00,2014-10-27 10:54:00,8.38607,8.385,8.38607,8.385,8.38692,8.38625,8.38695,8.38625,20
2014-10-27 10:54:00,2014-10-27 10:55:00,8.385,8.3847,8.3854,8.3847,8.38625,8.38621,8.3867,8.38606,33
2014-10-27 10:55:00,2014-10-27 10:56:00,8.3847,8.3847,8.385,8.3847,8.38621,8.38618,8.38645,8.38618,30
2014-10-27 10:56:00,2014-10-27 10:57:00,8.3847,8.3846,8.3847,8.3846,8.38618,8.38607,8.38617,8.386,10
2014-10-27 10:57:00,2014-10-27 10:58:00,8.3846,8.3847,8.3852,8.3844,8.38607,8.3858,8.38612,8.3855,26
2014-10-27 10:58:00,2014-10-27 10:59:00,8.3847,8.3847,8.3847,8.3844,8.3858,8.3859,8.3859,8.3855,14
2014-10-27 10:59:00,2014-10-27 11:00:00,8.3847,8.3847,8.3847,8.3847,8.3859,8.3861,8.3862,8.386,4
2014-10-27 11:00:00,2014-10-27 11:01:00,8.3847,8.3846,8.3848,8.3846,8.3861,8.3861,8.3863,8.386,8
2014-10-27 11:01:00,2014-10-27 11:02:00,8.3846,8.3847,8.3848,8.3842,8.3861,8.3863,8.3863,8.3858,11
2014-10-27 11:02:00,2014-10-27 11:03:00,8.3847,8.3848,8.3848,8.3847,8.3863,8.3862,8.3863,8.386,14
2014-10-27 11:03:00,2014-10-27 11:04:00,8.3848,8.3847,8.3848,8.38457,8.3862,8.3858,8.3864,8.3858,7
2014-10-27 11:04:00,2014-10-27 11:05:00,8.3847,8.3847,8.3847,8.3847,8.3858,8.3861,8.3861,8.386,6
2014-10-27 11:05:00,2014-10-27 11:06:00,8.3847,8.3847,8.3847,8.3847,8.3861,8.386,8.3863,8.386,4
2014-10-27 11:06:00,2014-10-27 11:07:00,8.3847,8.38457,8.3847,8.38457,8.386,8.3861,8.3863,8.3858,7
2014-10-27 11:07:00,2014-10-27 11:08:00,8.38457,8.3846,8.3847,8.38457,8.3861,8.3857,8.386,8.3857,7
2014-10-27 11:08:00,2014-10-27 11:09:00,8.3846,8.3833,8.3847,8.3829,8.3857,8.3851,8.3861,8.3849,71
2014-10-27 11:09:00,2014-10-27 11:10:00,8.3833,8.3835,8.3836,8.3827,8.3851,8.385,8.3851,8.3847,88
2014-10-27 11:10:00,2014-10-27 11:11:00,8.3835,8.3832,8.3836,8.38291,8.385,8.3852,8.3852,8.385,51
2014-10-27 11:11:00,2014-10-27 11:12:00,8.3832,8.383,8.3834,8.3829,8.3852,8.3845,8.3852,8.3845,41
2014-10-27 11:12:00,2014-10-27 11:13:00,8.383,8.3827,8.3829,8.38224,8.3845,8.3845,8.3847,8.3843,30
2014-10-27 11:13:00,2014-10-27 11:14:00,8.3827,8.3826,8.383,8.382,8.3845,8.38432,8.38478,8.3842,62
2014-10-27 11:14:00,2014-10-27 11:15:00,8.3826,8.3835,8.3835,8.3814,8.38432,8.3847,8.3847,8.383,44
2014-10-27 11:15:00,2014-10-27 11:16:00,8.3835,8.3832,8.3834,8.3832,8.3847,8.3847,8.3848,8.3846,19
2014-10-27 11:16:00,2014-10-27 11:17:00,8.3832,8.3827,8.38326,8.3827,8.3847,8.3837,8.3847,8.3837,13
2014-10-27 11:17:00,2014-10-27 11:18:00,8.3827,8.3827,8.3827,8.3826,8.3837,8.38373,8.3838,8.3837,8
2014-10-27 11:18:00,2014-10-27 11:19:00,8.3827,8.38365,8.38365,8.383,8.38373,8.3849,8.3849,8.38373,17
2014-10-27 11:19:00,2014-10-27 11:20:00,8.38365,8.38341,8.38367,8.383,8.3849,8.385,8.3851,8.3846,22
2014-10-27 11:20:00,2014-10-27 11:21:00,8.38341,8.3831,8.3835,8.3831,8.385,8.3845,8.3851,8.3844,13
2014-10-27 11:21:00,2014-10-27 11:22:00,8.3831,8.3836,8.3837,8.3827,8.3845,8.3847,8.3847,8.38392,35
2014-10-27 11:22:00,2014-10-27 11:23:00,8.3836,8.3835,8.3844,8.3832,8.3847,8.3848,8.3853,8.3846,26
2014-10-27 11:23:00,2014-10-27 11:24:00,8.3835,8.3835,8.3836,8.3834,8.3848,8.3848,8.3849,8.3848,20
2014-10-27 11:24:00,2014-10-27 11:25:00,8.3835,8.3832,8.3836,8.38301,8.3848,8.385,8.3852,8.3848,51
2014-10-27 11:25:00,2014-10-27 11:26:00,8.3832,8.3834,8.3834,8.38295,8.385,8.385,8.385,8.3849,38
2014-10-27 11:26:00,2014-10-27 11:27:00,8.3834,8.3826,8.3835,8.3818,8.385,8.3846,8.3851,8.3828,89
2014-10-27 11:27:00,2014-10-27 11:28:00,8.3826,8.3835,8.38388,8.382,8.3846,8.3848,8.3854,8.38313,122
2014-10-27 11:28:00,2014-10-27 11:29:00,8.3835,8.38395,8.3843,8.38349,8.3848,8.38531,8.3856,8.38473,20
2014-10-27 11:29:00,2014-10-27 11:30:00,8.38395,8.38398,8.38398,8.38396,8.38531,8.38531,8.38531,8.38531,3
2014-10-27 11:30:00,2014-10-27 11:31:00,8.38398,8.38424,8.38424,8.38399,8.38531,8.38546,8.38546,8.38531,8
2014-10-27 11:31:00,2014-10-27 11:32:00,8.38424,8.38423,8.38423,8.38423,8.38546,8.38546,8.38546,8.38546,1
2014-10-27 11:32:00,2014-10-27 11:33:00,8.38423,8.38467,8.38467,8.38416,8.38546,8.38608,8.3861,8.38546,12
2014-10-27 11:33:00,2014-10-27 11:34:00,8.38467,8.38467,8.38467,8.38467,8.38608,8.38622,8.38622,8.3861,6
2014-10-27 11:34:00,2014-10-27 11:35:00,8.38467,8.3848,8.38507,8.3843,8.38622,8.38618,8.38655,8.38581,23
2014-10-27 11:35:00,2014-10-27 11:36:00,8.3848,8.3853,8.38535,8.3848,8.38618,8.3866,8.3867,8.386,51
2014-10-27 11:36:00,2014-10-27 11:37:00,8.3853,8.38599,8.38606,8.38515,8.3866,8.38783,8.38783,8.3866,40
2014-10-27 11:37:00,2014-10-27 11:38:00,8.38599,8.38612,8.38653,8.3857,8.38783,8.38783,8.388,8.3871,48
2014-10-27 11:38:00,2014-10-27 11:39:00,8.38612,8.38656,8.38658,8.38593,8.38783,8.388,8.388,8.38763,29
2014-10-27 11:39:00,2014-10-27 11:40:00,8.38656,8.3853,8.38666,8.3852,8.388,8.38668,8.38828,8.38668,91
2014-10-27 11:40:00,2014-10-27 11:41:00,8.3853,8.3837,8.385,8.3835,8.38668,8.38483,8.3867,8.38483,66
2014-10-27 11:41:00,2014-10-27 11:42:00,8.3837,8.3839,8.3839,8.383,8.38483,8.38543,8.3857,8.38457,21
2014-10-27 11:42:00,2014-10-27 11:44:00,8.3839,8.3835,8.3839,8.3835,8.38543,8.38503,8.38519,8.38443,24
2014-10-27 11:44:00,2014-10-27 11:45:00,8.3835,8.38482,8.38507,8.3835,8.38503,8.3864,8.38656,8.38505,39
2014-10-27 11:45:00,2014-10-27 11:47:00,8.38482,8.3867,8.3867,8.38518,8.3864,8.38813,8.38813,8.3866,93
2014-10-27 11:47:00,2014-10-27 11:48:00,8.3867,8.38725,8.38755,8.3867,8.38813,8.38835,8.3885,8.38811,53
2014-10-27 11:48:00,2014-10-27 11:49:00,8.38725,8.38765,8.38765,8.38725,8.38835,8.38877,8.38877,8.38835,16
2014-10-27 11:49:00,2014-10-27 11:50:00,8.38765,8.38815,8.3885,8.38765,8.38877,8.38973,8.39017,8.38891,31
2014-10-27 11:50:00,2014-10-27 11:51:00,8.38815,8.3887,8.38905,8.38816,8.38973,8.39008,8.39057,8.39,35
2014-10-27 11:51:00,2014-10-27 11:52:00,8.3887,8.38873,8.3888,8.3886,8.39008,8.39013,8.39023,8.38968,17
2014-10-27 11:52:00,2014-10-27 11:53:00,8.38873,8.3887,8.38873,8.3881,8.39013,8.38968,8.39013,8.38903,25
2014-10-27 11:53:00,2014-10-27 11:54:00,8.3887,8.38894,8.38894,8.3887,8.38968,8.3906,8.3906,8.39013,8
2014-10-27 11:54:00,2014-10-27 11:55:00,8.38894,8.3887,8.38899,8.3887,8.3906,8.39023,8.3906,8.39023,10
2014-10-27 11:55:00,2014-10-27 11:56:00,8.3887,8.3886,8.3887,8.3886,8.39023,8.38973,8.39008,8.38973,5
2014-10-27 11:56:00,2014-10-27 11:57:00,8.3886,8.38874,8.38916,8.38869,8.38973,8.3903,8.39077,8.38973,15
2014-10-27 11:57:00,2014-10-27 11:58:00,8.38874,8.38784,8.38898,8.3869,8.3903,8.38933,8.3905,8.3881,115
2014-10-27 11:58:00,2014-10-27 11:59:00,8.38784,8.38884,8.38936,8.3869,8.38933,8.3898,8.3906,8.3881,98
2014-10-27 11:59:00,2014-10-27 12:00:00,8.38884,8.38799,8.38899,8.38797,8.3898,8.389,8.38982,8.389,69
2014-10-27 12:00:00,2014-10-27 12:01:00,8.38799,8.38819,8.3882,8.3877,8.389,8.38969,8.38969,8.389,20
2014-10-27 12:01:00,2014-10-27 12:02:00,8.38819,8.38847,8.3889,8.38827,8.38969,8.38991,8.39039,8.38969,39
2014-10-27 12:02:00,2014-10-27 12:03:00,8.38847,8.38945,8.38945,8.38847,8.38991,8.3912,8.39143,8.38981,81
2014-10-27 12:03:00,2014-10-27 12:04:00,8.38945,8.3893,8.38964,8.38883,8.3912,8.39093,8.39134,8.39027,43
2014-10-27 12:04:00,2014-10-27 12:05:00,8.3893,8.3884,8.38926,8.3884,8.39093,8.38973,8.39093,8.38973,19
2014-10-27 12:05:00,2014-10-27 12:06:00,8.3884,8.3893,8.3894,8.38803,8.38973,8.39093,8.3911,8.38973,34
2014-10-27 12:06:00,2014-10-27 12:07:00,8.3893,8.38986,8.39002,8.3896,8.39093,8.3914,8.39151,8.39093,19
2014-10-27 12:07:00,2014-10-27 12:08:00,8.38986,8.38859,8.38994,8.38822,8.3914,8.3901,8.3914,8.3895,68
2014-10-27 12:08:00,2014-10-27 12:09:00,8.38859,8.3884,8.38859,8.3882,8.3901,8.3896,8.38979,8.3895,12
2014-10-27 12:09:00,2014-10-27 12:10:00,8.3884,8.38804,8.3883,8.3868,8.3896,8.3896,8.3896,8.3884,63
2014-10-27 12:10:00,2014-10-27 12:11:00,8.38804,8.38812,8.38814,8.388,8.3896,8.3896,8.3896,8.3896,6
2014-10-27 12:11:00,2014-10-27 12:12:00,8.38812,8.388,8.38817,8.388,8.3896,8.3896,8.3896,8.3896,26
2014-10-27 12:12:00,2014-10-27 12:13:00,8.388,8.38827,8.38859,8.388,8.3896,8.3897,8.3903,8.3895,44
2014-10-27 12:13:00,2014-10-27 12:14:00,8.38827,8.38827,8.3884,8.3882,8.3897,8.3898,8.39007,8.3897,32
2014-10-27 12:14:00,2014-10-27 12:15:00,8.38827,8.38871,8.3892,8.38827,8.3898,8.39021,8.39024,8.3899,25
2014-10-27 12:15:00,2014-10-27 12:16:00,8.38871,8.3891,8.3892,8.3887,8.39021,8.39035,8.3904,8.39021,20
2014-10-27 12:16:00,2014-10-27 12:17:00,8.3891,8.3891,8.3891,8.3891,8.39035,8.39065,8.39065,8.39022,10
2014-10-27 12:17:00,2014-10-27 12:18:00,8.3891,8.39003,8.3902,8.3891,8.39065,8.3919,8.3919,8.39045,50
2014-10-27 12:18:00,2014-10-27 12:19:00,8.39003,8.38972,8.39055,8.38914,8.3919,8.39082,8.39204,8.39035,83
2014-10-27 12:19:00,2014-10-27 12:20:00,8.38972,8.39047,8.3905,8.38983,8.39082,8.39167,8.39176,8.39071,44
2014-10-27 12:20:00,2014-10-27 12:21:00,8.39047,8.39047,8.3905,8.39047,8.39167,8.39177,8.39177,8.3917,8
2014-10-27 12:21:00,2014-10-27 12:22:00,8.39047,8.39072,8.39072,8.3905,8.39177,8.39193,8.39197,8.39177,11
2014-10-27 12:22:00,2014-10-27 12:23:00,8.39072,8.3918,8.3918,8.39072,8.39193,8.39347,8.39349,8.39193,32
2014-10-27 12:23:00,2014-10-27 12:24:00,8.3918,8.39304,8.39397,8.39177,8.39347,8.39418,8.3953,8.39347,108
2014-10-27 12:24:00,2014-10-27 12:25:00,8.39304,8.39425,8.39425,8.3929,8.39418,8.3955,8.3958,8.39418,24
2014-10-27 12:25:00,2014-10-27 12:26:00,8.39425,8.39423,8.39425,8.39417,8.3955,8.3955,8.3956,8.3954,19
2014-10-27 12:26:00,2014-10-27 12:27:00,8.39423,8.39423,8.39423,8.39423,8.3955,8.3956,8.3956,8.3955,3
2014-10-27 12:27:00,2014-10-27 12:28:00,8.39423,8.39338,8.39423,8.39333,8.3956,8.3948,8.3955,8.3946,31
2014-10-27 12:28:00,2014-10-27 12:29:00,8.39338,8.3934,8.39343,8.39337,8.3948,8.3948,8.3948,8.3946,8
2014-10-27 12:29:00,2014-10-27 12:30:00,8.3934,8.393,8.3934,8.39282,8.3948,8.39443,8.3948,8.3944,26
2014-10-27 12:30:00,2014-10-27 12:31:00,8.393,8.39282,8.393,8.39282,8.39443,8.3942,8.3944,8.3942,6
2014-10-27 12:31:00,2014-10-27 12:32:00,8.39282,8.39294,8.3931,8.3922,8.3942,8.3943,8.39443,8.3936,69
2014-10-27 12:32:00,2014-10-27 12:33:00,8.39294,8.39337,8.39337,8.3929,8.3943,8.3948,8.3948,8.3943,32
2014-10-27 12:33:00,2014-10-27 12:34:00,8.39337,8.39336,8.39338,8.39335,8.3948,8.3948,8.3948,8.3947,10
2014-10-27 12:34:00,2014-10-27 12:35:00,8.39336,8.3934,8.39347,8.39336,8.3948,8.3948,8.395,8.3948,32
2014-10-27 12:35:00,2014-10-27 12:36:00,8.3934,8.39343,8.39346,8.3934,8.3948,8.3948,8.3948,8.3948,9
2014-10-27 12:36:00,2014-10-27 12:37:00,8.39343,8.39141,8.39341,8.39112,8.3948,8.3927,8.3948,8.3925,97
2014-10-27 12:37:00,2014-10-27 12:38:00,8.39141,8.38802,8.39145,8.38802,8.3927,8.3897,8.3928,8.3896,53
2014-10-27 12:38:00,2014-10-27 12:39:00,8.38802,8.38802,8.3881,8.38802,8.3897,8.3894,8.3897,8.3894,19
2014-10-27 12:39:00,2014-10-27 12:40:00,8.38802,8.38745,8.38802,8.3874,8.3894,8.3891,8.3895,8.389,26
2014-10-27 12:40:00,2014-10-27 12:41:00,8.38745,8.38792,8.388,8.3874,8.3891,8.3895,8.3895,8.389,24
2014-10-27 12:41:00,2014-10-27 12:42:00,8.38792,8.38653,8.38811,8.38611,8.3895,8.38748,8.3895,8.3874,72
2014-10-27 12:42:00,2014-10-27 12:43:00,8.38653,8.38566,8.3865,8.38274,8.38748,8.3869,8.38769,8.38425,147
2014-10-27 12:43:00,2014-10-27 12:44:00,8.38566,8.38825,8.38954,8.38579,8.3869,8.38903,8.3906,8.3869,91
2014-10-27 12:44:00,2014-10-27 12:45:00,8.38825,8.38864,8.38864,8.38825,8.38903,8.38908,8.38908,8.38898,36
2014-10-27 12:45:00,2014-10-27 12:46:00,8.38864,8.38912,8.39054,8.38814,8.38908,8.38981,8.39109,8.38874,49
2014-10-27 12:46:00,2014-10-27 12:47:00,8.38912,8.39002,8.39047,8.38912,8.38981,8.3917,8.39207,8.39004,106
2014-10-27 12:47:00,2014-10-27 12:48:00,8.39002,8.39082,8.39102,8.39002,8.3917,8.3923,8.3925,8.3917,29
2014-10-27 12:48:00,2014-10-27 12:49:00,8.39082,8.39082,8.3914,8.39082,8.3923,8.3924,8.3924,8.3923,4
2014-10-27 12:49:00,2014-10-27 12:50:00,8.39082,8.39082,8.39111,8.39082,8.3924,8.39245,8.39256,8.39238,38
2014-10-27 12:50:00,2014-10-27 12:51:00,8.39082,8.39114,8.39114,8.39089,8.39245,8.3928,8.3928,8.39245,11
2014-10-27 12:51:00,2014-10-27 12:52:00,8.39114,8.3909,8.39114,8.3909,8.3928,8.39243,8.3927,8.3924,9
2014-10-27 12:52:00,2014-10-27 12:53:00,8.3909,8.39092,8.39136,8.39085,8.39243,8.3924,8.393,8.39223,24
2014-10-27 12:53:00,2014-10-27 12:54:00,8.39092,8.39346,8.3936,8.39089,8.3924,8.3945,8.395,8.3924,67
2014-10-27 12:54:00,2014-10-27 12:55:00,8.39346,8.39591,8.39601,8.39294,8.3945,8.3973,8.3974,8.3941,49
2014-10-27 12:55:00,2014-10-27 12:56:00,8.39591,8.3961,8.39611,8.3959,8.3973,8.3973,8.3975,8.3972,26
2014-10-27 12:56:00,2014-10-27 12:57:00,8.3961,8.39611,8.39611,8.3959,8.3973,8.3973,8.3975,8.3973,9
2014-10-27 12:57:00,2014-10-27 12:58:00,8.39611,8.39434,8.39611,8.39434,8.3973,8.39624,8.3973,8.39624,59
2014-10-27 12:58:00,2014-10-27 12:59:00,8.39434,8.39315,8.39495,8.3928,8.39624,8.3947,8.39619,8.39433,109
2014-10-27 12:59:00,2014-10-27 13:00:00,8.39315,8.3924,8.39316,8.39203,8.3947,8.39378,8.3947,8.3936,82
2014-10-27 13:00:00,2014-10-27 13:01:00,8.3924,8.3935,8.3935,8.3922,8.39378,8.39433,8.39466,8.39365,32
2014-10-27 13:01:00,2014-10-27 13:02:00,8.3935,8.3934,8.3934,8.3929,8.39433,8.39453,8.39453,8.39433,5
2014-10-27 13:02:00,2014-10-27 13:03:00,8.3934,8.3935,8.3935,8.3934,8.39453,8.39473,8.39473,8.39473,2
2014-10-27 13:03:00,2014-10-27 13:05:00,8.3935,8.3942,8.3942,8.3935,8.39473,8.39538,8.39538,8.39473,10
2014-10-27 13:05:00,2014-10-27 13:06:00,8.3942,8.3945,8.3959,8.3942,8.39538,8.39593,8.39752,8.39546,85
2014-10-27 13:06:00,2014-10-27 13:07:00,8.3945,8.3944,8.3955,8.39424,8.39593,8.3957,8.39699,8.3956,55
2014-10-27 13:07:00,2014-10-27 13:08:00,8.3944,8.39477,8.39591,8.3943,8.3957,8.39643,8.3972,8.3957,62
2014-10-27 13:08:00,2014-10-27 13:09:00,8.39477,8.39473,8.3948,8.3946,8.39643,8.39623,8.39643,8.3958,35
2014-10-27 13:09:00,2014-10-27 13:10:00,8.39473,8.39237,8.39473,8.39213,8.39623,8.39398,8.39623,8.39388,118
2014-10-27 13:10:00,2014-10-27 13:11:00,8.39237,8.3927,8.3934,8.3919,8.39398,8.39426,8.39488,8.3932,71
2014-10-27 13:11:00,2014-10-27 13:12:00,8.3927,8.3917,8.3927,8.3917,8.39426,8.39322,8.39424,8.39318,32
2014-10-27 13:12:00,2014-10-27 13:13:00,8.3917,8.3923,8.3925,8.3917,8.39322,8.39363,8.39363,8.39322,19
2014-10-27 13:13:00,2014-10-27 13:14:00,8.3923,8.395,8.3951,8.3921,8.39363,8.39656,8.39656,8.39327,84
2014-10-27 13:14:00,2014-10-27 13:15:00,8.395,8.39331,8.396,8.39285,8.39656,8.3944,8.39726,8.3944,192
2014-10-27 13:15:00,2014-10-27 13:16:00,8.39331,8.39431,8.39431,8.39334,8.3944,8.3956,8.3958,8.3944,82
2014-10-27 13:16:00,2014-10-27 13:17:00,8.39431,8.39506,8.39526,8.39431,8.3956,8.3965,8.3965,8.3955,31
2014-10-27 13:17:00,2014-10-27 13:18:00,8.39506,8.3959,8.3959,8.3949,8.3965,8.39718,8.3974,8.3965,74
2014-10-27 13:18:00,2014-10-27 13:19:00,8.3959,8.39597,8.39602,8.3957,8.39718,8.39762,8.39762,8.39718,82
2014-10-27 13:19:00,2014-10-27 13:20:00,8.39597,8.39609,8.3965,8.39567,8.39762,8.39772,8.39772,8.3972,77
2014-10-27 13:20:00,2014-10-27 13:21:00,8.39609,8.39622,8.39622,8.3959,8.39772,8.3977,8.39772,8.39763,22
2014-10-27 13:21:00,2014-10-27 13:22:00,8.39622,8.3961,8.3961,8.3961,8.3977,8.3977,8.3977,8.3977,1
2014-10-27 13:22:00,2014-10-27 13:23:00,8.3961,8.3975,8.3975,8.3961,8.3977,8.39914,8.39922,8.39767,43
2014-10-27 13:23:00,2014-10-27 13:24:00,8.3975,8.3977,8.3977,8.3975,8.39914,8.3992,8.39931,8.39914,21
2014-10-27 13:24:00,2014-10-27 13:25:00,8.3977,8.39802,8.3981,8.39698,8.3992,8.39962,8.39962,8.39863,70
2014-10-27 13:25:00,2014-10-27 13:26:00,8.39802,8.39893,8.39893,8.39783,8.39962,8.3998,8.3998,8.3995,39
2014-10-27 13:26:00,2014-10-27 13:27:00,8.39893,8.39802,8.3992,8.39783,8.3998,8.3995,8.4005,8.3994,65
2014-10-27 13:27:00,2014-10-27 13:28:00,8.39802,8.39777,8.39812,8.39753,8.3995,8.3991,8.3996,8.399,100
2014-10-27 13:28:00,2014-10-27 13:29:00,8.39777,8.39751,8.39777,8.39721,8.3991,8.399,8.3991,8.39877,29
2014-10-27 13:29:00,2014-10-27 13:30:00,8.39751,8.39813,8.39818,8.3968,8.399,8.3996,8.3996,8.3982,155
2014-10-27 13:30:00,2014-10-27 13:31:00,8.39813,8.39858,8.39858,8.3981,8.3996,8.3998,8.3998,8.3993,12
2014-10-27 13:31:00,2014-10-27 13:32:00,8.39858,8.3986,8.3988,8.398,8.3998,8.40005,8.4003,8.3994,42
2014-10-27 13:32:00,2014-10-27 13:33:00,8.3986,8.39802,8.3995,8.3977,8.40005,8.3996,8.4003,8.39876,85
2014-10-27 13:33:00,2014-10-27 13:34:00,8.39802,8.3974,8.39807,8.3968,8.3996,8.399,8.3996,8.3982,52
2014-10-27 13:34:00,2014-10-27 13:35:00,8.3974,8.3982,8.39823,8.39792,8.399,8.3998,8.3998,8.399,12
2014-10-27 13:35:00,2014-10-27 13:36:00,8.3982,8.39819,8.39819,8.39807,8.3998,8.3998,8.3998,8.3997,7
2014-10-27 13:36:00,2014-10-27 13:37:00,8.39819,8.39842,8.39842,8.3967,8.3998,8.39995,8.39995,8.39818,74
2014-10-27 13:37:00,2014-10-27 13:38:00,8.39842,8.398,8.39842,8.3979,8.39995,8.3996,8.39995,8.3995,26
2014-10-27 13:38:00,2014-10-27 13:39:00,8.398,8.39772,8.398,8.3974,8.3996,8.39913,8.3996,8.39904,38
2014-10-27 13:39:00,2014-10-27 13:40:00,8.39772,8.3976,8.39822,8.3968,8.39913,8.3992,8.3994,8.3982,122
2014-10-27 13:40:00,2014-10-27 13:41:00,8.3976,8.39756,8.39806,8.39753,8.3992,8.399,8.3996,8.399,27
2014-10-27 13:41:00,2014-10-27 13:42:00,8.39756,8.39767,8.39832,8.39752,8.399,8.399,8.3997,8.399,58
2014-10-27 13:42:00,2014-10-27 13:43:00,8.39767,8.3979,8.3979,8.3969,8.399,8.39938,8.39938,8.3984,44
2014-10-27 13:43:00,2014-10-27 13:44:00,8.3979,8.3984,8.3985,8.3979,8.39938,8.39993,8.39993,8.39938,21
2014-10-27 13:44:00,2014-10-27 13:45:00,8.3984,8.399,8.4007,8.3985,8.39993,8.40058,8.4021,8.39993,137
2014-10-27 13:45:00,2014-10-27 13:46:00,8.399,8.3975,8.39892,8.3975,8.40058,8.3988,8.4005,8.3988,37
2014-10-27 13:46:00,2014-10-27 13:47:00,8.3975,8.3975,8.3976,8.39727,8.3988,8.3988,8.39888,8.3988,28
2014-10-27 13:47:00,2014-10-27 13:48:00,8.3975,8.39751,8.3977,8.39679,8.3988,8.399,8.399,8.3983,33
2014-10-27 13:48:00,2014-10-27 13:49:00,8.39751,8.39784,8.39866,8.3967,8.399,8.399,8.4,8.398,81
2014-10-27 13:49:00,2014-10-27 13:50:00,8.39784,8.3987,8.399,8.3965,8.399,8.3999,8.4002,8.39751,84
2014-10-27 13:50:00,2014-10-27 13:51:00,8.3987,8.39752,8.3987,8.3972,8.3999,8.39887,8.4,8.39865,97
2014-10-27 13:51:00,2014-10-27 13:52:00,8.39752,8.397,8.3976,8.3964,8.39887,8.39783,8.39897,8.39746,45
2014-10-27 13:52:00,2014-10-27 13:53:00,8.397,8.39752,8.3977,8.397,8.39783,8.399,8.3991,8.39778,56
2014-10-27 13:53:00,2014-10-27 13:54:00,8.39752,8.3976,8.3979,8.3976,8.399,8.3985,8.3993,8.3985,19
2014-10-27 13:54:00,2014-10-27 13:55:00,8.3976,8.3977,8.3979,8.397,8.3985,8.399,8.3992,8.3982,25
2014-10-27 13:55:00,2014-10-27 13:56:00,8.3977,8.3987,8.3987,8.3975,8.399,8.4003,8.4003,8.399,12
2014-10-27 13:56:00,2014-10-27 13:57:00,8.3987,8.3996,8.3998,8.3987,8.4003,8.4011,8.4011,8.4003,55
2014-10-27 13:57:00,2014-10-27 13:58:00,8.3996,8.3988,8.3998,8.3988,8.4011,8.4003,8.40128,8.4003,50
2014-10-27 13:58:00,2014-10-27 13:59:00,8.3988,8.39922,8.39942,8.39882,8.4003,8.4004,8.4005,8.4003,9
2014-10-27 13:59:00,2014-10-27 14:00:00,8.39922,8.3993,8.3993,8.3993,8.4004,8.40024,8.4004,8.4001,11
2014-10-27 14:00:00,2014-10-27 14:01:00,8.3993,8.3988,8.3993,8.3988,8.40024,8.40025,8.4011,8.3998,23
2014-10-27 14:01:00,2014-10-27 14:02:00,8.3988,8.3985,8.3992,8.3985,8.40025,8.4,8.40077,8.39995,36
2014-10-27 14:02:00,2014-10-27 14:03:00,8.3985,8.3987,8.39874,8.39848,8.4,8.4001,8.4002,8.3998,15
2014-10-27 14:03:00,2014-10-27 14:04:00,8.3987,8.3991,8.3991,8.39873,8.4001,8.4001,8.40045,8.4001,18
2014-10-27 14:04:00,2014-10-27 14:05:00,8.3991,8.399,8.3991,8.399,8.4001,8.4002,8.40045,8.4001,9
2014-10-27 14:05:00,2014-10-27 14:06:00,8.399,8.39911,8.39916,8.39862,8.4002,8.4,8.4002,8.3999,22
2014-10-27 14:06:00,2014-10-27 14:07:00,8.39911,8.3988,8.3991,8.39878,8.4,8.4002,8.40056,8.3998,28
2014-10-27 14:07:00,2014-10-27 14:08:00,8.3988,8.39912,8.39914,8.39864,8.4002,8.4007,8.4007,8.4,54
2014-10-27 14:08:00,2014-10-27 14:09:00,8.39912,8.40256,8.4036,8.3991,8.4007,8.404,8.4051,8.4005,139
2014-10-27 14:09:00,2014-10-27 14:10:00,8.40256,8.39979,8.40256,8.39979,8.404,8.40145,8.404,8.40145,50
2014-10-27 14:10:00,2014-10-27 14:11:00,8.39979,8.4004,8.401,8.39978,8.40145,8.4018,8.4021,8.4013,69
2014-10-27 14:11:00,2014-10-27 14:12:00,8.4004,8.40005,8.4006,8.39987,8.4018,8.4014,8.40205,8.4013,42
2014-10-27 14:12:00,2014-10-27 14:13:00,8.40005,8.40041,8.40041,8.4,8.4014,8.4018,8.4019,8.4013,32
2014-10-27 14:13:00,2014-10-27 14:14:00,8.40041,8.4005,8.4006,8.4002,8.4018,8.40195,8.40195,8.4014,37
2014-10-27 14:14:00,2014-10-27 14:15:00,8.4005,8.4007,8.4007,8.4001,8.40195,8.40205,8.40205,8.40165,30
2014-10-27 14:15:00,2014-10-27 14:16:00,8.4007,8.4005,8.4012,8.4005,8.40205,8.40205,8.4024,8.4018,33
2014-10-27 14:16:00,2014-10-27 14:17:00,8.4005,8.40063,8.4008,8.40003,8.40205,8.402,8.40205,8.40155,40
2014-10-27 14:17:00,2014-10-27 14:18:00,8.40063,8.399,8.40063,8.3982,8.402,8.40045,8.4019,8.3997,116
2014-10-27 14:18:00,2014-10-27 14:19:00,8.399,8.39764,8.399,8.39764,8.40045,8.399,8.4003,8.3988,50
2014-10-27 14:19:00,2014-10-27 14:20:00,8.39764,8.40018,8.40018,8.39767,8.399,8.4014,8.4014,8.3989,52
2014-10-27 14:20:00,2014-10-27 14:21:00,8.40018,8.39843,8.40012,8.39764,8.4014,8.3996,8.4014,8.3988,163
2014-10-27 14:21:00,2014-10-27 14:22:00,8.39843,8.3986,8.39864,8.39842,8.3996,8.3997,8.3998,8.3995,27
2014-10-27 14:22:00,2014-10-27 14:23:00,8.3986,8.3984,8.3987,8.39839,8.3997,8.39979,8.4,8.3997,33
2014-10-27 14:23:00,2014-10-27 14:24:00,8.3984,8.39871,8.39872,8.3984,8.39979,8.3998,8.3998,8.3996,29
2014-10-27 14:24:00,2014-10-27 14:25:00,8.39871,8.39997,8.40046,8.39865,8.3998,8.4014,8.4018,8.3998,152
2014-10-27 14:25:00,2014-10-27 14:26:00,8.39997,8.39891,8.3999,8.3987,8.4014,8.4002,8.40145,8.3998,61
2014-10-27 14:26:00,2014-10-27 14:27:00,8.39891,8.39891,8.39893,8.39891,8.4002,8.4002,8.4003,8.4001,8
2014-10-27 14:27:00,2014-10-27 14:28:00,8.39891,8.39893,8.39917,8.39891,8.4002,8.4002,8.4003,8.4001,16
2014-10-27 14:28:00,2014-10-27 14:29:00,8.39893,8.3989,8.39956,8.3989,8.4002,8.3999,8.4006,8.3999,17
2014-10-27 14:29:00,2014-10-27 14:30:00,8.3989,8.39893,8.39893,8.3989,8.3999,8.39996,8.4002,8.39996,5
2014-10-27 14:30:00,2014-10-27 14:31:00,8.39893,8.39892,8.39896,8.39891,8.39996,8.40043,8.40043,8.4002,14
2014-10-27 14:31:00,2014-10-27 14:32:00,8.39892,8.39912,8.39912,8.39887,8.40043,8.4004,8.40043,8.4003,28
2014-10-27 14:32:00,2014-10-27 14:33:00,8.39912,8.39891,8.39917,8.39887,8.4004,8.4003,8.4005,8.3998,18
2014-10-27 14:33:00,2014-10-27 14:34:00,8.39891,8.39898,8.399,8.39879,8.4003,8.4001,8.4003,8.3997,21
2014-10-27 14:34:00,2014-10-27 14:35:00,8.39898,8.39896,8.39896,8.39896,8.4001,8.4002,8.4002,8.4001,4
2014-10-27 14:35:00,2014-10-27 14:36:00,8.39896,8.39898,8.39898,8.39896,8.4002,8.4004,8.4004,8.4002,10
2014-10-27 14:36:00,2014-10-27 14:37:00,8.39898,8.39964,8.39971,8.39898,8.4004,8.4003,8.4007,8.4003,25
2014-10-27 14:37:00,2014-10-27 14:38:00,8.39964,8.39899,8.3999,8.39899,8.4003,8.40043,8.4014,8.4001,42
2014-10-27 14:38:00,2014-10-27 14:39:00,8.39899,8.3999,8.3999,8.39897,8.40043,8.4006,8.4006,8.4001,38
2014-10-27 14:39:00,2014-10-27 14:40:00,8.3999,8.40002,8.4001,8.3996,8.4006,8.4013,8.4013,8.4005,25
2014-10-27 14:40:00,2014-10-27 14:41:00,8.40002,8.40027,8.40052,8.40002,8.4013,8.4017,8.4021,8.40143,17
2014-10-27 14:41:00,2014-10-27 14:42:00,8.40027,8.40033,8.40094,8.3997,8.4017,8.4013,8.402,8.4011,38
2014-10-27 14:42:00,2014-10-27 14:43:00,8.40033,8.40039,8.40087,8.39954,8.4013,8.4014,8.4014,8.4007,43
2014-10-27 14:43:00,2014-10-27 14:44:00,8.40039,8.40041,8.40061,8.40041,8.4014,8.4013,8.4016,8.4013,20
2014-10-27 14:44:00,2014-10-27 14:45:00,8.40041,8.40014,8.40065,8.3998,8.4013,8.4011,8.4017,8.4008,50
2014-10-27 14:45:00,2014-10-27 14:46:00,8.40014,8.40068,8.40093,8.40012,8.4011,8.4014,8.4018,8.401,16
2014-10-27 14:46:00,2014-10-27 14:47:00,8.40068,8.40013,8.40069,8.40013,8.4014,8.4013,8.4015,8.4013,26
2014-10-27 14:47:00,2014-10-27 14:48:00,8.40013,8.39995,8.40011,8.39934,8.4013,8.4009,8.4013,8.4005,34
2014-10-27 14:48:00,2014-10-27 14:49:00,8.39995,8.40004,8.40004,8.3994,8.4009,8.4009,8.4009,8.4008,31
2014-10-27 14:49:00,2014-10-27 14:50:00,8.40004,8.40075,8.40156,8.39888,8.4009,8.4021,8.4027,8.4001,78
2014-10-27 14:50:00,2014-10-27 14:51:00,8.40075,8.40086,8.40086,8.39992,8.4021,8.4023,8.4023,8.4013,24
2014-10-27 14:51:00,2014-10-27 14:52:00,8.40086,8.401,8.401,8.40085,8.4023,8.40243,8.40243,8.4023,9
2014-10-27 14:52:00,2014-10-27 14:53:00,8.401,8.4009,8.4009,8.4009,8.40243,8.40243,8.40243,8.40243,1
2014-10-27 14:53:00,2014-10-27 14:54:00,8.4009,8.40135,8.4036,8.4013,8.40243,8.40278,8.40516,8.40243,92
2014-10-27 14:54:00,2014-10-27 14:55:00,8.40135,8.40147,8.40214,8.4013,8.40278,8.40278,8.4033,8.40278,53
2014-10-27 14:55:00,2014-10-27 14:56:00,8.40147,8.40159,8.4016,8.40148,8.40278,8.4024,8.40278,8.4024,11
2014-10-27 14:56:00,2014-10-27 14:57:00,8.40159,8.40214,8.40214,8.40145,8.4024,8.4025,8.4026,8.4024,17
2014-10-27 14:57:00,2014-10-27 14:58:00,8.40214,8.40135,8.40214,8.40135,8.4025,8.4024,8.4024,8.4024,17
2014-10-27 14:58:00,2014-10-27 14:59:00,8.40135,8.40391,8.404,8.40132,8.4024,8.40518,8.40518,8.4024,87
2014-10-27 14:59:00,2014-10-27 15:00:00,8.40391,8.40364,8.40507,8.40301,8.40518,8.4051,8.4064,8.4042,95
2014-10-27 15:00:00,2014-10-27 15:01:00,8.40364,8.4043,8.40434,8.40317,8.4051,8.4058,8.4058,8.4047,66
2014-10-27 15:01:00,2014-10-27 15:02:00,8.4043,8.40749,8.40749,8.40342,8.4058,8.409,8.409,8.4048,186
2014-10-27 15:02:00,2014-10-27 15:03:00,8.40749,8.4081,8.40953,8.4066,8.409,8.40958,8.41146,8.40803,219
2014-10-27 15:03:00,2014-10-27 15:04:00,8.4081,8.4073,8.4081,8.407,8.40958,8.4088,8.40949,8.40833,63
2014-10-27 15:04:00,2014-10-27 15:05:00,8.4073,8.4058,8.408,8.40576,8.4088,8.4074,8.4096,8.4074,73
2014-10-27 15:05:00,2014-10-27 15:06:00,8.4058,8.4063,8.4063,8.40576,8.4074,8.40768,8.40774,8.4074,31
2014-10-27 15:06:00,2014-10-27 15:07:00,8.4063,8.407,8.407,8.4062,8.40768,8.40853,8.40856,8.40768,30
2014-10-27 15:07:00,2014-10-27 15:08:00,8.407,8.407,8.407,8.407,8.40853,8.40853,8.40853,8.4084,9
2014-10-27 15:08:00,2014-10-27 15:09:00,8.407,8.4074,8.4075,8.4067,8.40853,8.40893,8.40902,8.4083,34
2014-10-27 15:09:00,2014-10-27 15:10:00,8.4074,8.4061,8.4081,8.4061,8.40893,8.4077,8.40949,8.4077,54
2014-10-27 15:10:00,2014-10-27 15:11:00,8.4061,8.4055,8.4062,8.4046,8.4077,8.40712,8.4077,8.40643,80
2014-10-27 15:11:00,2014-10-27 15:12:00,8.4055,8.39848,8.4055,8.39831,8.40712,8.40039,8.40713,8.40039,202
2014-10-27 15:12:00,2014-10-27 15:13:00,8.39848,8.39937,8.39937,8.398,8.40039,8.40106,8.40111,8.39994,89
2014-10-27 15:13:00,2014-10-27 15:14:00,8.39937,8.40037,8.40056,8.3985,8.40106,8.4018,8.402,8.4,114
2014-10-27 15:14:00,2014-10-27 15:15:00,8.40037,8.40057,8.4009,8.4004,8.4018,8.402,8.40245,8.4018,18
2014-10-27 15:15:00,2014-10-27 15:16:00,8.40057,8.40057,8.40057,8.40057,8.402,8.40208,8.4021,8.40208,2
2014-10-27 15:16:00,2014-10-27 15:17:00,8.40057,8.40107,8.40107,8.40057,8.40208,8.4021,8.4021,8.4019,9
2014-10-27 15:17:00,2014-10-27 15:18:00,8.40107,8.40107,8.40107,8.4006,8.4021,8.4022,8.4024,8.40211,11
2014-10-27 15:18:00,2014-10-27 15:19:00,8.40107,8.40244,8.403,8.40107,8.4022,8.40395,8.4046,8.40246,91
2014-10-27 15:19:00,2014-10-27 15:20:00,8.40244,8.40241,8.40257,8.40227,8.40395,8.4041,8.4041,8.4039,21
2014-10-27 15:20:00,2014-10-27 15:21:00,8.40241,8.40177,8.40249,8.40117,8.4041,8.40323,8.4041,8.40252,29
2014-10-27 15:21:00,2014-10-27 15:22:00,8.40177,8.40182,8.40182,8.4017,8.40323,8.40323,8.40323,8.40323,5
2014-10-27 15:22:00,2014-10-27 15:23:00,8.40182,8.4015,8.40185,8.40106,8.40323,8.4031,8.40323,8.40253,23
2014-10-27 15:23:00,2014-10-27 15:24:00,8.4015,8.40151,8.40156,8.40151,8.4031,8.4031,8.4031,8.4031,3
2014-10-27 15:24:00,2014-10-27 15:25:00,8.40151,8.40077,8.40161,8.40066,8.4031,8.40273,8.4031,8.40252,30
2014-10-27 15:25:00,2014-10-27 15:26:00,8.40077,8.39841,8.40077,8.3984,8.40273,8.3998,8.4025,8.3998,83
2014-10-27 15:26:00,2014-10-27 15:27:00,8.39841,8.39867,8.3999,8.3979,8.3998,8.4002,8.40189,8.3996,100
2014-10-27 15:27:00,2014-10-27 15:28:00,8.39867,8.3989,8.3989,8.39784,8.4002,8.3998,8.4001,8.3993,35
2014-10-27 15:28:00,2014-10-27 15:29:00,8.3989,8.3993,8.3994,8.3989,8.3998,8.4003,8.4003,8.4,15
2014-10-27 15:29:00,2014-10-27 15:30:00,8.3993,8.39885,8.3996,8.39885,8.4003,8.39991,8.4003,8.39991,11
2014-10-27 15:30:00,2014-10-27 15:31:00,8.39885,8.3989,8.3989,8.39882,8.39991,8.4004,8.4004,8.39991,6
2014-10-27 15:31:00,2014-10-27 15:32:00,8.3989,8.3997,8.3999,8.399,8.4004,8.40093,8.4015,8.4004,23
2014-10-27 15:32:00,2014-10-27 15:33:00,8.3997,8.3998,8.3998,8.3995,8.40093,8.40093,8.40093,8.40093,3
2014-10-27 15:33:00,2014-10-27 15:34:00,8.3998,8.4005,8.4007,8.3997,8.40093,8.4017,8.40204,8.40093,45
2014-10-27 15:34:00,2014-10-27 15:35:00,8.4005,8.3995,8.40043,8.3989,8.4017,8.4008,8.4017,8.4001,30
2014-10-27 15:35:00,2014-10-27 15:36:00,8.3995,8.3995,8.3995,8.3994,8.4008,8.4008,8.4008,8.4002,6
2014-10-27 15:36:00,2014-10-27 15:37:00,8.3995,8.3993,8.3995,8.3992,8.4008,8.4001,8.4008,8.4001,14
2014-10-27 15:37:00,2014-10-27 15:38:00,8.3993,8.3994,8.39962,8.39913,8.4001,8.4001,8.4004,8.4001,33
2014-10-27 15:38:00,2014-10-27 15:39:00,8.3994,8.3996,8.3996,8.3992,8.4001,8.4004,8.4004,8.4001,15
2014-10-27 15:39:00,2014-10-27 15:40:00,8.3996,8.3994,8.3994,8.39928,8.4004,8.40093,8.40093,8.4004,7
2014-10-27 15:40:00,2014-10-27 15:41:00,8.3994,8.3993,8.3994,8.3993,8.40093,8.4008,8.4008,8.4008,4
2014-10-27 15:41:00,2014-10-27 15:42:00,8.3993,8.3998,8.39982,8.39931,8.4008,8.40148,8.40148,8.4008,20
2014-10-27 15:42:00,2014-10-27 15:43:00,8.3998,8.4,8.4,8.39982,8.40148,8.4016,8.4016,8.40148,3
2014-10-27 15:43:00,2014-10-27 15:44:00,8.4,8.4001,8.4001,8.3987,8.4016,8.4013,8.4015,8.4003,67
2014-10-27 15:44:00,2014-10-27 15:45:00,8.4001,8.4001,8.4001,8.40007,8.4013,8.4016,8.4016,8.4013,5
2014-10-27 15:45:00,2014-10-27 15:46:00,8.4001,8.4002,8.4004,8.4,8.4016,8.4018,8.402,8.4015,22
2014-10-27 15:46:00,2014-10-27 15:47:00,8.4002,8.399,8.4002,8.3987,8.4018,8.4006,8.4016,8.4003,72
2014-10-27 15:47:00,2014-10-27 15:48:00,8.399,8.3982,8.399,8.398,8.4006,8.3995,8.4005,8.3995,13
2014-10-27 15:48:00,2014-10-27 15:49:00,8.3982,8.397,8.3982,8.397,8.3995,8.3986,8.3996,8.3984,59
2014-10-27 15:49:00,2014-10-27 15:50:00,8.397,8.3977,8.39802,8.39707,8.3986,8.3993,8.3995,8.3986,24
2014-10-27 15:50:00,2014-10-27 15:51:00,8.3977,8.39826,8.3984,8.397,8.3993,8.3998,8.39983,8.3984,40
2014-10-27 15:51:00,2014-10-27 15:52:00,8.39826,8.3977,8.3982,8.3977,8.3998,8.3992,8.3998,8.3992,12
2014-10-27 15:52:00,2014-10-27 15:53:00,8.3977,8.39761,8.39764,8.3976,8.3992,8.3992,8.3992,8.3992,5
2014-10-27 15:53:00,2014-10-27 15:54:00,8.39761,8.3984,8.3984,8.3976,8.3992,8.39978,8.39978,8.3992,23
2014-10-27 15:54:00,2014-10-27 15:55:00,8.3984,8.3982,8.3983,8.39737,8.39978,8.39978,8.39978,8.3986,20
2014-10-27 15:55:00,2014-10-27 15:56:00,8.3982,8.39822,8.3984,8.3982,8.39978,8.3998,8.3999,8.3997,13
2014-10-27 15:56:00,2014-10-27 15:57:00,8.39822,8.4,8.4,8.3981,8.3998,8.4015,8.4015,8.3996,43
2014-10-27 15:57:00,2014-10-27 15:58:00,8.4,8.3994,8.39987,8.39829,8.4015,8.40072,8.4013,8.3998,100
2014-10-27 15:58:00,2014-10-27 15:59:00,8.3994,8.39872,8.40039,8.3976,8.40072,8.40012,8.4017,8.3992,139
2014-10-27 15:59:00,2014-10-27 16:00:00,8.39872,8.3996,8.40003,8.3984,8.40012,8.401,8.4016,8.39972,132
2014-10-27 16:00:00,2014-10-27 16:01:00,8.3996,8.39936,8.3996,8.39922,8.401,8.4008,8.4011,8.4003,26
2014-10-27 16:01:00,2014-10-27 16:02:00,8.39936,8.39835,8.39939,8.39835,8.4008,8.3998,8.4008,8.3998,23
2014-10-27 16:02:00,2014-10-27 16:03:00,8.39835,8.3977,8.39844,8.3977,8.3998,8.3991,8.3998,8.3991,20
2014-10-27 16:03:00,2014-10-27 16:04:00,8.3977,8.39881,8.3995,8.3978,8.3991,8.4,8.401,8.3991,64
2014-10-27 16:04:00,2014-10-27 16:05:00,8.39881,8.39949,8.39959,8.39908,8.4,8.401,8.401,8.4,21
2014-10-27 16:05:00,2014-10-27 16:06:00,8.39949,8.39958,8.39958,8.39948,8.401,8.401,8.401,8.401,4
2014-10-27 16:06:00,2014-10-27 16:07:00,8.39958,8.3997,8.3997,8.39947,8.401,8.4012,8.4012,8.401,4
2014-10-27 16:07:00,2014-10-27 16:08:00,8.3997,8.39859,8.3997,8.39857,8.4012,8.4,8.4011,8.3999,21
2014-10-27 16:08:00,2014-10-27 16:09:00,8.39859,8.39841,8.39861,8.39835,8.4,8.3999,8.4,8.3998,36
2014-10-27 16:09:00,2014-10-27 16:10:00,8.39841,8.39793,8.3985,8.39786,8.3999,8.3992,8.3999,8.3992,25
2014-10-27 16:10:00,2014-10-27 16:11:00,8.39793,8.39798,8.39808,8.39793,8.3992,8.3992,8.3992,8.3992,5
2014-10-27 16:11:00,2014-10-27 16:12:00,8.39798,8.3973,8.3979,8.3973,8.3992,8.3984,8.3992,8.3984,11
2014-10-27 16:12:00,2014-10-27 16:13:00,8.3973,8.39794,8.39803,8.39739,8.3984,8.3994,8.3994,8.3984,41
2014-10-27 16:13:00,2014-10-27 16:14:00,8.39794,8.39809,8.39814,8.3978,8.3994,8.3994,8.3994,8.3992,322
2014-10-27 16:14:00,2014-10-27 16:15:00,8.39809,8.39811,8.39816,8.3979,8.3994,8.3991,8.39962,8.3991,415
2014-10-27 16:15:00,2014-10-27 16:16:00,8.39811,8.3982,8.3982,8.39731,8.3991,8.39953,8.39953,8.3986,61
2014-10-27 16:16:00,2014-10-27 16:17:00,8.3982,8.399,8.399,8.39823,8.39953,8.40014,8.40014,8.39953,14
2014-10-27 16:17:00,2014-10-27 16:18:00,8.399,8.39901,8.3991,8.3989,8.40014,8.40018,8.40023,8.40014,17
2014-10-27 16:18:00,2014-10-27 16:19:00,8.39901,8.39872,8.39901,8.3986,8.40018,8.40016,8.40019,8.40016,15
2014-10-27 16:19:00,2014-10-27 16:20:00,8.39872,8.399,8.39988,8.3983,8.40016,8.40033,8.4014,8.3999,41
2014-10-27 16:20:00,2014-10-27 16:21:00,8.399,8.3997,8.40011,8.399,8.40033,8.4008,8.401,8.40037,21
2014-10-27 16:21:00,2014-10-27 16:22:00,8.3997,8.39956,8.3997,8.39948,8.4008,8.4008,8.4009,8.4007,9
2014-10-27 16:22:00,2014-10-27 16:23:00,8.39956,8.39924,8.39961,8.39924,8.4008,8.4006,8.4009,8.4006,13
2014-10-27 16:23:00,2014-10-27 16:24:00,8.39924,8.3994,8.39942,8.39902,8.4006,8.4006,8.40078,8.4005,36
2014-10-27 16:24:00,2014-10-27 16:25:00,8.3994,8.39935,8.39943,8.39908,8.4006,8.4007,8.4007,8.40042,15
2014-10-27 16:25:00,2014-10-27 16:26:00,8.39935,8.39958,8.39966,8.39893,8.4007,8.4009,8.4009,8.4002,45
2014-10-27 16:26:00,2014-10-27 16:27:00,8.39958,8.39952,8.3996,8.39929,8.4009,8.4008,8.4008,8.4006,22
2014-10-27 16:27:00,2014-10-27 16:28:00,8.39952,8.3994,8.39963,8.3994,8.4008,8.4006,8.4008,8.4006,11
2014-10-27 16:28:00,2014-10-27 16:29:00,8.3994,8.39937,8.39957,8.39917,8.4006,8.4008,8.4008,8.4006,27
2014-10-27 16:29:00,2014-10-27 16:30:00,8.39937,8.39934,8.39937,8.39928,8.4008,8.4008,8.4008,8.4008,5
2014-10-27 16:30:00,2014-10-27 16:31:00,8.39934,8.39937,8.3997,8.39936,8.4008,8.4008,8.401,8.4008,11
2014-10-27 16:31:00,2014-10-27 16:32:00,8.39937,8.39937,8.40002,8.3992,8.4008,8.40069,8.401,8.40069,26
2014-10-27 16:32:00,2014-10-27 16:33:00,8.39937,8.3992,8.39928,8.3992,8.40069,8.4005,8.40069,8.4005,8
2014-10-27 16:33:00,2014-10-27 16:34:00,8.3992,8.3996,8.3996,8.3991,8.4005,8.4005,8.4006,8.4004,11
2014-10-27 16:34:00,2014-10-27 16:35:00,8.3996,8.3993,8.3995,8.3993,8.4005,8.4003,8.4005,8.4003,6
2014-10-27 16:35:00,2014-10-27 16:36:00,8.3993,8.3994,8.3994,8.3991,8.4003,8.4003,8.4003,8.4001,10
2014-10-27 16:36:00,2014-10-27 16:37:00,8.3994,8.399,8.3992,8.399,8.4003,8.4004,8.4004,8.4003,11
2014-10-27 16:37:00,2014-10-27 16:38:00,8.399,8.399,8.3992,8.399,8.4004,8.4004,8.4005,8.4003,9
2014-10-27 16:38:00,2014-10-27 16:39:00,8.399,8.3983,8.399,8.3983,8.4004,8.3996,8.4003,8.3995,15
2014-10-27 16:39:00,2014-10-27 16:40:00,8.3983,8.3983,8.3984,8.3983,8.3996,8.3997,8.3998,8.3996,7
2014-10-27 16:40:00,2014-10-27 16:41:00,8.3983,8.3979,8.3983,8.39774,8.3997,8.39936,8.3997,8.3993,12
2014-10-27 16:41:00,2014-10-27 16:44:00,8.3979,8.39748,8.39883,8.39742,8.39936,8.399,8.40093,8.399,57
2014-10-27 16:44:00,2014-10-27 16:45:00,8.39748,8.3977,8.3977,8.39741,8.399,8.3988,8.399,8.3988,5
2014-10-27 16:45:00,2014-10-27 16:46:00,8.3977,8.3983,8.3985,8.3977,8.3988,8.40026,8.4003,8.3987,27
2014-10-27 16:46:00,2014-10-27 16:47:00,8.3983,8.3978,8.3997,8.3975,8.40026,8.39918,8.40139,8.39892,114
2014-10-27 16:47:00,2014-10-27 16:48:00,8.3978,8.4009,8.4013,8.3987,8.39918,8.4021,8.4028,8.39918,80
2014-10-27 16:48:00,2014-10-27 16:49:00,8.4009,8.4007,8.4012,8.4002,8.4021,8.40204,8.40229,8.40082,40
2014-10-27 16:49:00,2014-10-27 16:50:00,8.4007,8.4008,8.4008,8.4008,8.40204,8.40204,8.40204,8.40204,1
2014-10-27 16:50:00,2014-10-27 16:51:00,8.4008,8.4004,8.4009,8.4004,8.40204,8.4013,8.4021,8.4013,16
2014-10-27 16:51:00,2014-10-27 16:52:00,8.4004,8.3994,8.4,8.3985,8.4013,8.4022,8.4026,8.3995,55
2014-10-27 16:52:00,2014-10-27 16:53:00,8.3994,8.40005,8.40005,8.3977,8.4022,8.40175,8.4023,8.39926,112
2014-10-27 16:53:00,2014-10-27 16:54:00,8.40005,8.3999,8.40083,8.3985,8.40175,8.4022,8.4037,8.40015,268
2014-10-27 16:54:00,2014-10-27 16:55:00,8.3999,8.3995,8.40092,8.3984,8.4022,8.4017,8.4034,8.40019,136
2014-10-27 16:55:00,2014-10-27 16:56:00,8.3995,8.3992,8.4009,8.399,8.4017,8.40107,8.40295,8.40099,75
2014-10-27 16:56:00,2014-10-27 16:57:00,8.3992,8.3983,8.4,8.398,8.40107,8.40015,8.4029,8.4,74
2014-10-27 16:57:00,2014-10-27 16:58:00,8.3983,8.39825,8.3985,8.3982,8.40015,8.40028,8.4003,8.4,16
2014-10-27 16:58:00,2014-10-27 16:59:00,8.39825,8.3983,8.3984,8.3982,8.40028,8.4003,8.4003,8.40019,36
2014-10-27 16:59:00,2014-10-27 17:00:00,8.3983,8.40028,8.40064,8.39798,8.4003,8.4016,8.40224,8.4001,111
2014-10-27 17:00:00,2014-10-27 17:01:00,8.40028,8.40167,8.40167,8.39937,8.4016,8.4041,8.4041,8.40127,82
2014-10-27 17:01:00,2014-10-27 17:02:00,8.40167,8.40209,8.40259,8.4004,8.4041,8.40388,8.4042,8.40218,93
2014-10-27 17:02:00,2014-10-27 17:03:00,8.40209,8.39907,8.40213,8.39835,8.40388,8.40167,8.40391,8.4001,111
2014-10-27 17:03:00,2014-10-27 17:04:00,8.39907,8.39898,8.39907,8.39886,8.40167,8.40158,8.4016,8.40142,48
2014-10-27 17:04:00,2014-10-27 17:05:00,8.39898,8.39895,8.399,8.39886,8.40158,8.40155,8.4016,8.40143,20
2014-10-27 17:05:00,2014-10-27 17:06:00,8.39895,8.39804,8.39906,8.39791,8.40155,8.39992,8.40166,8.39992,40
2014-10-27 17:06:00,2014-10-27 17:07:00,8.39804,8.39913,8.39934,8.3981,8.39992,8.40156,8.4019,8.39992,58
2014-10-27 17:07:00,2014-10-27 17:08:00,8.39913,8.4005,8.4013,8.39905,8.40156,8.40273,8.40398,8.40147,67
2014-10-27 17:08:00,2014-10-27 17:09:00,8.4005,8.4005,8.4006,8.4005,8.40273,8.40273,8.40273,8.40273,2
2014-10-27 17:09:00,2014-10-27 17:10:00,8.4005,8.4004,8.4005,8.4,8.40273,8.40184,8.40253,8.40184,17
2014-10-27 17:10:00,2014-10-27 17:11:00,8.4004,8.3997,8.4004,8.3992,8.40184,8.4013,8.40184,8.40119,35
2014-10-27 17:11:00,2014-10-27 17:12:00,8.3997,8.3999,8.4004,8.39787,8.4013,8.40159,8.4019,8.39957,50
2014-10-27 17:12:00,2014-10-27 17:13:00,8.3999,8.3999,8.4,8.3999,8.40159,8.40145,8.40159,8.40134,27
2014-10-27 17:13:00,2014-10-27 17:14:00,8.3999,8.3998,8.3999,8.3998,8.40145,8.40139,8.40151,8.40139,3
2014-10-27 17:14:00,2014-10-27 17:15:00,8.3998,8.399,8.3991,8.399,8.40139,8.40075,8.40139,8.40071,10
2014-10-27 17:15:00,2014-10-27 17:16:00,8.399,8.3991,8.3991,8.399,8.40075,8.40072,8.40077,8.40072,4
2014-10-27 17:16:00,2014-10-27 17:17:00,8.3991,8.3991,8.3991,8.3991,8.40072,8.40073,8.40073,8.40071,3
2014-10-27 17:17:00,2014-10-27 17:18:00,8.3991,8.399,8.3997,8.3982,8.40073,8.4007,8.40105,8.39948,47
2014-10-27 17:18:00,2014-10-27 17:19:00,8.399,8.3991,8.3991,8.398,8.4007,8.40086,8.40086,8.39913,53
2014-10-27 17:19:00,2014-10-27 17:20:00,8.3991,8.3992,8.3992,8.3991,8.40086,8.40084,8.40096,8.40072,8
2014-10-27 17:20:00,2014-10-27 17:21:00,8.3992,8.3992,8.3994,8.3992,8.40084,8.40092,8.40093,8.39968,13
2014-10-27 17:21:00,2014-10-27 17:22:00,8.3992,8.39793,8.3992,8.39787,8.40092,8.39958,8.40089,8.39958,28
2014-10-27 17:22:00,2014-10-27 17:23:00,8.39793,8.39805,8.39805,8.39797,8.39958,8.40014,8.40014,8.39958,10
2014-10-27 17:23:00,2014-10-27 17:24:00,8.39805,8.39789,8.39807,8.39784,8.40014,8.3993,8.40029,8.39926,14
2014-10-27 17:24:00,2014-10-27 17:25:00,8.39789,8.39871,8.39871,8.39791,8.3993,8.40097,8.40097,8.3993,49
2014-10-27 17:25:00,2014-10-27 17:26:00,8.39871,8.39865,8.39876,8.39865,8.40097,8.40101,8.40114,8.40091,15
2014-10-27 17:26:00,2014-10-27 17:27:00,8.39865,8.39855,8.39877,8.39792,8.40101,8.40092,8.40112,8.39951,49
2014-10-27 17:27:00,2014-10-27 17:28:00,8.39855,8.39855,8.39855,8.39855,8.40092,8.4007,8.40099,8.4007,4
2014-10-27 17:28:00,2014-10-27 17:29:00,8.39855,8.39855,8.39855,8.39855,8.4007,8.40064,8.40083,8.40064,4
2014-10-27 17:29:00,2014-10-27 17:30:00,8.39855,8.39855,8.39855,8.39855,8.40064,8.40069,8.40079,8.40068,5
2014-10-27 17:30:00,2014-10-27 17:31:00,8.39855,8.40029,8.40035,8.39855,8.40069,8.4018,8.4018,8.4009,24
2014-10-27 17:31:00,2014-10-27 17:32:00,8.40029,8.40027,8.40027,8.40025,8.4018,8.4016,8.4018,8.4016,4
2014-10-27 17:32:00,2014-10-27 17:33:00,8.40027,8.40031,8.40064,8.40026,8.4016,8.4018,8.402,8.4016,15
2014-10-27 17:33:00,2014-10-27 17:34:00,8.40031,8.40024,8.40031,8.40022,8.4018,8.4017,8.4019,8.4015,11
2014-10-27 17:34:00,2014-10-27 17:35:00,8.40024,8.40022,8.40023,8.40022,8.4017,8.4016,8.4017,8.4016,3
2014-10-27 17:35:00,2014-10-27 17:36:00,8.40022,8.40022,8.40024,8.40022,8.4016,8.4018,8.4018,8.4016,7
2014-10-27 17:36:00,2014-10-27 17:37:00,8.40022,8.40024,8.40024,8.40022,8.4018,8.4017,8.4017,8.4017,2
2014-10-27 17:37:00,2014-10-27 17:38:00,8.40024,8.40025,8.40025,8.40023,8.4017,8.40185,8.40185,8.4017,4
2014-10-27 17:38:00,2014-10-27 17:39:00,8.40025,8.40026,8.40027,8.40026,8.40185,8.40186,8.40187,8.4018,4
2014-10-27 17:39:00,2014-10-27 17:40:00,8.40026,8.40026,8.40027,8.40026,8.40186,8.40186,8.40187,8.40186,2
2014-10-27 17:40:00,2014-10-27 17:41:00,8.40026,8.40027,8.40027,8.40025,8.40186,8.40187,8.40187,8.40185,5
2014-10-27 17:41:00,2014-10-27 17:42:00,8.40027,8.40033,8.40033,8.40028,8.40187,8.40193,8.40193,8.40187,12
2014-10-27 17:42:00,2014-10-27 17:43:00,8.40033,8.40032,8.40032,8.4003,8.40193,8.40192,8.40192,8.4019,3
2014-10-27 17:43:00,2014-10-27 17:44:00,8.40032,8.4003,8.40032,8.4003,8.40192,8.4019,8.40192,8.4019,4
2014-10-27 17:44:00,2014-10-27 17:45:00,8.4003,8.40033,8.40033,8.4003,8.4019,8.40193,8.40193,8.4019,11
2014-10-27 17:45:00,2014-10-27 17:46:00,8.40033,8.40033,8.40033,8.40031,8.40193,8.40193,8.40193,8.40191,3
2014-10-27 17:46:00,2014-10-27 17:47:00,8.40033,8.40027,8.40048,8.40012,8.40193,8.4018,8.40208,8.4014,25
2014-10-27 17:47:00,2014-10-27 17:48:00,8.40027,8.39966,8.40008,8.39964,8.4018,8.40126,8.40174,8.40124,13
2014-10-27 17:48:00,2014-10-27 17:49:00,8.39966,8.39965,8.39965,8.39965,8.40126,8.40125,8.40125,8.40125,1
2014-10-27 17:49:00,2014-10-27 17:50:00,8.39965,8.39965,8.39966,8.39965,8.40125,8.40125,8.40126,8.40125,2
2014-10-27 17:50:00,2014-10-27 17:51:00,8.39965,8.39814,8.39947,8.3979,8.40125,8.39986,8.40107,8.39951,33
2014-10-27 17:51:00,2014-10-27 17:52:00,8.39814,8.39805,8.39834,8.39805,8.39986,8.39965,8.39994,8.39965,12
2014-10-27 17:52:00,2014-10-27 17:53:00,8.39805,8.39821,8.39825,8.39798,8.39965,8.39987,8.39987,8.39958,15
2014-10-27 17:53:00,2014-10-27 17:54:00,8.39821,8.3987,8.3989,8.39779,8.39987,8.39998,8.4,8.39939,20
2014-10-27 17:54:00,2014-10-27 17:55:00,8.3987,8.3986,8.3987,8.3986,8.39998,8.39997,8.39997,8.39997,6
2014-10-27 17:55:00,2014-10-27 17:56:00,8.3986,8.3987,8.3987,8.3986,8.39997,8.40017,8.40023,8.40001,13
2014-10-27 17:56:00,2014-10-27 17:57:00,8.3987,8.3988,8.3988,8.3987,8.40017,8.40017,8.40017,8.40016,3
2014-10-27 17:57:00,2014-10-27 17:58:00,8.3988,8.3987,8.3988,8.3986,8.40017,8.40011,8.40015,8.40011,5
2014-10-27 17:58:00,2014-10-27 17:59:00,8.3987,8.39944,8.3996,8.3988,8.40011,8.40104,8.40104,8.40011,42
2014-10-27 17:59:00,2014-10-27 18:00:00,8.39944,8.3997,8.39972,8.39942,8.40104,8.40136,8.40136,8.401,33
2014-10-27 18:00:00,2014-10-27 18:01:00,8.3997,8.39981,8.40017,8.39973,8.40136,8.4014,8.40177,8.4013,44
2014-10-27 18:01:00,2014-10-27 18:02:00,8.39981,8.39966,8.39982,8.39966,8.4014,8.40132,8.40141,8.4013,12
2014-10-27 18:02:00,2014-10-27 18:03:00,8.39966,8.39969,8.39969,8.39967,8.40132,8.40135,8.40135,8.40132,4
2014-10-27 18:03:00,2014-10-27 18:04:00,8.39969,8.3986,8.39969,8.39854,8.40135,8.4002,8.40063,8.40014,32
2014-10-27 18:04:00,2014-10-27 18:05:00,8.3986,8.39853,8.39856,8.39853,8.4002,8.40013,8.40016,8.40013,3
2014-10-27 18:05:00,2014-10-27 18:06:00,8.39853,8.39797,8.39848,8.39797,8.40013,8.3995,8.40008,8.3995,30
2014-10-27 18:06:00,2014-10-27 18:07:00,8.39797,8.3983,8.39835,8.39797,8.3995,8.3999,8.3999,8.3994,9
2014-10-27 18:07:00,2014-10-27 18:08:00,8.3983,8.39795,8.39831,8.39795,8.3999,8.3995,8.3999,8.3995,8
2014-10-27 18:08:00,2014-10-27 18:09:00,8.39795,8.39769,8.39772,8.39769,8.3995,8.39929,8.39932,8.39929,2
2014-10-27 18:09:00,2014-10-27 18:10:00,8.39769,8.39796,8.39796,8.3977,8.39929,8.3994,8.3994,8.3992,8
2014-10-27 18:10:00,2014-10-27 18:11:00,8.39796,8.39769,8.39842,8.39769,8.3994,8.39929,8.3998,8.39929,27
2014-10-27 18:11:00,2014-10-27 18:12:00,8.39769,8.39778,8.39792,8.39762,8.39929,8.3987,8.39933,8.3987,17
2014-10-27 18:12:00,2014-10-27 18:13:00,8.39778,8.39779,8.39781,8.39779,8.3987,8.3986,8.3987,8.3986,6
2014-10-27 18:13:00,2014-10-27 18:14:00,8.39779,8.39764,8.3978,8.39697,8.3986,8.39915,8.39915,8.39854,41
2014-10-27 18:14:00,2014-10-27 18:15:00,8.39764,8.39714,8.39757,8.39688,8.39915,8.3987,8.39907,8.3984,26
2014-10-27 18:15:00,2014-10-27 18:16:00,8.39714,8.39716,8.39716,8.39715,8.3987,8.3987,8.3987,8.3987,2
2014-10-27 18:16:00,2014-10-27 18:17:00,8.39716,8.39718,8.3972,8.39717,8.3987,8.3987,8.3987,8.3987,20
2014-10-27 18:17:00,2014-10-27 18:18:00,8.39718,8.3969,8.39715,8.3966,8.3987,8.39847,8.3987,8.39819,13
2014-10-27 18:18:00,2014-10-27 18:19:00,8.3969,8.39692,8.39693,8.39665,8.39847,8.39831,8.39846,8.39801,9
2014-10-27 18:19:00,2014-10-27 18:20:00,8.39692,8.39705,8.39729,8.39691,8.39831,8.39865,8.39889,8.39851,20
2014-10-27 18:20:00,2014-10-27 18:21:00,8.39705,8.39703,8.39704,8.39703,8.39865,8.39863,8.39864,8.39863,2
2014-10-27 18:21:00,2014-10-27 18:22:00,8.39703,8.39702,8.39702,8.39702,8.39863,8.39862,8.39862,8.39862,1
2014-10-27 18:22:00,2014-10-27 18:23:00,8.39702,8.39702,8.3971,8.39701,8.39862,8.39862,8.39862,8.39861,4
2014-10-27 18:23:00,2014-10-27 18:24:00,8.39702,8.39708,8.39868,8.39708,8.39862,8.39868,8.40021,8.39868,63
2014-10-27 18:24:00,2014-10-27 18:25:00,8.39708,8.39714,8.3972,8.39708,8.39868,8.39874,8.39874,8.39868,7
2014-10-27 18:25:00,2014-10-27 18:26:00,8.39714,8.3972,8.3972,8.39714,8.39874,8.39876,8.39876,8.39874,7
2014-10-27 18:26:00,2014-10-27 18:27:00,8.3972,8.3973,8.3973,8.39681,8.39876,8.39884,8.39884,8.39841,18
2014-10-27 18:27:00,2014-10-27 18:28:00,8.3973,8.39738,8.39742,8.39712,8.39884,8.39898,8.39902,8.39872,16
2014-10-27 18:28:00,2014-10-27 18:29:00,8.39738,8.39715,8.39748,8.39697,8.39898,8.39875,8.39908,8.39836,26
2014-10-27 18:29:00,2014-10-27 18:31:00,8.39715,8.39696,8.39718,8.39696,8.39875,8.39856,8.39878,8.39856,17
2014-10-27 18:31:00,2014-10-27 18:32:00,8.39696,8.39677,8.39696,8.39629,8.39856,8.39837,8.39855,8.39786,23
2014-10-27 18:32:00,2014-10-27 18:33:00,8.39677,8.3965,8.39677,8.3965,8.39837,8.3981,8.39817,8.3981,7
2014-10-27 18:33:00,2014-10-27 18:34:00,8.3965,8.39677,8.39723,8.39653,8.3981,8.39837,8.39883,8.39813,21
2014-10-27 18:34:00,2014-10-27 18:35:00,8.39677,8.39676,8.39677,8.39676,8.39837,8.39836,8.39836,8.39836,2
2014-10-27 18:35:00,2014-10-27 18:36:00,8.39676,8.39651,8.39676,8.39651,8.39836,8.39811,8.39814,8.39811,5
2014-10-27 18:36:00,2014-10-27 18:37:00,8.39651,8.39643,8.39651,8.39643,8.39811,8.39803,8.3981,8.39803,4
2014-10-27 18:37:00,2014-10-27 18:39:00,8.39643,8.39644,8.39644,8.39644,8.39803,8.39804,8.39804,8.39804,1
2014-10-27 18:39:00,2014-10-27 18:40:00,8.39644,8.39617,8.3964,8.39617,8.39804,8.39777,8.39781,8.39777,10
2014-10-27 18:40:00,2014-10-27 18:41:00,8.39617,8.39669,8.39678,8.39571,8.39777,8.39829,8.3983,8.39731,28
2014-10-27 18:41:00,2014-10-27 18:42:00,8.39669,8.39667,8.3969,8.39642,8.39829,8.39827,8.3985,8.39802,12
2014-10-27 18:42:00,2014-10-27 18:43:00,8.39667,8.39641,8.39694,8.39641,8.39827,8.39801,8.39854,8.39801,11
2014-10-27 18:43:00,2014-10-27 18:44:00,8.39641,8.39667,8.39669,8.39662,8.39801,8.39827,8.39829,8.39822,4
2014-10-27 18:44:00,2014-10-27 18:45:00,8.39667,8.3964,8.39668,8.3964,8.39827,8.398,8.39828,8.398,9
2014-10-27 18:45:00,2014-10-27 18:46:00,8.3964,8.39645,8.39645,8.39569,8.398,8.398,8.39804,8.39729,27
2014-10-27 18:46:00,2014-10-27 18:47:00,8.39645,8.39621,8.39646,8.39619,8.398,8.3978,8.398,8.39779,11
2014-10-27 18:47:00,2014-10-27 18:48:00,8.39621,8.39637,8.39645,8.39611,8.3978,8.3978,8.3979,8.3977,25
2014-10-27 18:48:00,2014-10-27 18:49:00,8.39637,8.3969,8.3969,8.39637,8.3978,8.3985,8.3985,8.39795,17
2014-10-27 18:49:00,2014-10-27 18:50:00,8.3969,8.39417,8.3969,8.39417,8.3985,8.39609,8.39838,8.39609,49
2014-10-27 18:50:00,2014-10-27 18:51:00,8.39417,8.39289,8.3942,8.39252,8.39609,8.3953,8.39602,8.39413,83
2014-10-27 18:51:00,2014-10-27 18:52:00,8.39289,8.39063,8.39301,8.39,8.3953,8.39265,8.3953,8.39219,58
2014-10-27 18:52:00,2014-10-27 18:53:00,8.39063,8.39035,8.39057,8.38961,8.39265,8.39235,8.39268,8.39133,26
2014-10-27 18:53:00,2014-10-27 18:54:00,8.39035,8.38688,8.39041,8.3867,8.39235,8.38905,8.39235,8.38905,86
2014-10-27 18:54:00,2014-10-27 18:55:00,8.38688,8.38851,8.3898,8.3869,8.38905,8.39043,8.39141,8.38875,88
2014-10-27 18:55:00,2014-10-27 18:56:00,8.38851,8.38861,8.38861,8.38783,8.39043,8.39008,8.3902,8.38973,32
2014-10-27 18:56:00,2014-10-27 18:57:00,8.38861,8.38777,8.39076,8.3876,8.39008,8.38944,8.39214,8.38941,103
2014-10-27 18:57:00,2014-10-27 18:58:00,8.38777,8.38762,8.38783,8.3875,8.38944,8.38936,8.38974,8.38892,21
2014-10-27 18:58:00,2014-10-27 18:59:00,8.38762,8.38564,8.38757,8.38461,8.38936,8.38724,8.38936,8.38619,80
2014-10-27 18:59:00,2014-10-27 19:00:00,8.38564,8.38655,8.38655,8.38432,8.38724,8.3879,8.3879,8.3858,95
2014-10-27 19:00:00,2014-10-27 19:01:00,8.38655,8.3864,8.38686,8.3861,8.3879,8.38754,8.38875,8.38696,40
2014-10-27 19:01:00,2014-10-27 19:02:00,8.3864,8.38564,8.3865,8.385,8.38754,8.38732,8.38777,8.38647,72
2014-10-27 19:02:00,2014-10-27 19:03:00,8.38564,8.38569,8.38572,8.3852,8.38732,8.38725,8.38731,8.38652,60
2014-10-27 19:03:00,2014-10-27 19:04:00,8.38569,8.38516,8.38601,8.38476,8.38725,8.38625,8.38769,8.38625,60
2014-10-27 19:04:00,2014-10-27 19:05:00,8.38516,8.38541,8.38549,8.38516,8.38625,8.38665,8.38666,8.38619,19
2014-10-27 19:05:00,2014-10-27 19:06:00,8.38541,8.38511,8.38566,8.38456,8.38665,8.38605,8.387,8.38605,23
2014-10-27 19:06:00,2014-10-27 19:07:00,8.38511,8.3835,8.38511,8.3835,8.38605,8.38529,8.38609,8.38526,29
2014-10-27 19:07:00,2014-10-27 19:08:00,8.3835,8.3839,8.3841,8.38361,8.38529,8.38499,8.38612,8.38499,29
2014-10-27 19:08:00,2014-10-27 19:09:00,8.3839,8.3843,8.3844,8.3839,8.38499,8.38573,8.38574,8.38502,10
2014-10-27 19:09:00,2014-10-27 19:10:00,8.3843,8.384,8.384,8.384,8.38573,8.38536,8.38573,8.38536,2
2014-10-27 19:10:00,2014-10-27 19:11:00,8.384,8.3839,8.38446,8.3839,8.38536,8.38532,8.38606,8.38532,14
2014-10-27 19:11:00,2014-10-27 19:12:00,8.3839,8.3853,8.38555,8.384,8.38532,8.38672,8.38715,8.38532,55
2014-10-27 19:12:00,2014-10-27 19:13:00,8.3853,8.3852,8.3853,8.3852,8.38672,8.38669,8.38669,8.38668,3
2014-10-27 19:13:00,2014-10-27 19:14:00,8.3852,8.38541,8.38541,8.385,8.38669,8.38701,8.38701,8.38643,13
2014-10-27 19:14:00,2014-10-27 19:15:00,8.38541,8.3857,8.38614,8.3852,8.38701,8.38727,8.38774,8.38675,28
2014-10-27 19:15:00,2014-10-27 19:16:00,8.3857,8.3853,8.38614,8.3852,8.38727,8.38663,8.38726,8.38658,23
2014-10-27 19:16:00,2014-10-27 19:17:00,8.3853,8.38573,8.3858,8.3852,8.38663,8.38705,8.38705,8.3866,11
2014-10-27 19:17:00,2014-10-27 19:18:00,8.38573,8.38515,8.3857,8.3842,8.38705,8.38675,8.38705,8.38636,22
2014-10-27 19:18:00,2014-10-27 19:19:00,8.38515,8.38473,8.38515,8.38417,8.38675,8.38645,8.38667,8.38635,31
2014-10-27 19:19:00,2014-10-27 19:20:00,8.38473,8.385,8.385,8.384,8.38645,8.38653,8.38653,8.38591,37
2014-10-27 19:20:00,2014-10-27 19:21:00,8.385,8.38519,8.38542,8.384,8.38653,8.38679,8.3885,8.3859,69
2014-10-27 19:21:00,2014-10-27 19:22:00,8.38519,8.38521,8.38521,8.38416,8.38679,8.38681,8.38681,8.38625,29
2014-10-27 19:22:00,2014-10-27 19:23:00,8.38521,8.38517,8.38521,8.3839,8.38681,8.38677,8.38678,8.38553,60
2014-10-27 19:23:00,2014-10-27 19:24:00,8.38517,8.38522,8.38522,8.38515,8.38677,8.38682,8.38682,8.38675,5
2014-10-27 19:24:00,2014-10-27 19:25:00,8.38522,8.38499,8.3852,8.38448,8.38682,8.3862,8.38677,8.3857,26
2014-10-27 19:25:00,2014-10-27 19:26:00,8.38499,8.38528,8.38528,8.38494,8.3862,8.3864,8.3864,8.386,10
2014-10-27 19:26:00,2014-10-27 19:27:00,8.38528,8.38504,8.38528,8.38504,8.3864,8.3863,8.3863,8.3862,5
2014-10-27 19:27:00,2014-10-27 19:28:00,8.38504,8.38496,8.38496,8.38496,8.3863,8.3863,8.3863,8.3863,1
2014-10-27 19:28:00,2014-10-27 19:29:00,8.38496,8.38497,8.38497,8.38497,8.3863,8.3862,8.3863,8.3862,4
2014-10-27 19:29:00,2014-10-27 19:30:00,8.38497,8.38518,8.38518,8.38492,8.3862,8.3866,8.3867,8.3863,10
2014-10-27 19:30:00,2014-10-27 19:31:00,8.38518,8.38493,8.38518,8.38493,8.3866,8.3864,8.38655,8.3864,4
2014-10-27 19:31:00,2014-10-27 19:32:00,8.38493,8.38467,8.38493,8.38467,8.3864,8.38627,8.38633,8.3862,10
2014-10-27 19:32:00,2014-10-27 19:33:00,8.38467,8.38444,8.38467,8.38438,8.38627,8.3858,8.38625,8.3858,10
2014-10-27 19:33:00,2014-10-27 19:34:00,8.38444,8.38454,8.38465,8.38444,8.3858,8.38614,8.38625,8.3859,7
2014-10-27 19:34:00,2014-10-27 19:35:00,8.38454,8.38468,8.38468,8.38451,8.38614,8.38628,8.38628,8.38611,5
2014-10-27 19:35:00,2014-10-27 19:36:00,8.38468,8.38465,8.38468,8.38465,8.38628,8.38625,8.38625,8.38625,2
2014-10-27 19:36:00,2014-10-27 19:37:00,8.38465,8.385,8.385,8.3845,8.38625,8.3866,8.3866,8.38604,11
2014-10-27 19:37:00,2014-10-27 19:38:00,8.385,8.38476,8.385,8.38476,8.3866,8.38636,8.38638,8.38636,4
2014-10-27 19:38:00,2014-10-27 19:39:00,8.38476,8.38482,8.38499,8.38475,8.38636,8.38636,8.38659,8.38635,8
2014-10-27 19:39:00,2014-10-27 19:40:00,8.38482,8.38501,8.3853,8.38482,8.38636,8.38661,8.3869,8.38636,19
2014-10-27 19:40:00,2014-10-27 19:41:00,8.38501,8.38502,8.38502,8.38502,8.38661,8.38662,8.38662,8.38662,1
2014-10-27 19:41:00,2014-10-27 19:42:00,8.38502,8.38501,8.38502,8.38501,8.38662,8.38661,8.38661,8.38661,2
2014-10-27 19:42:00,2014-10-27 19:43:00,8.38501,8.38495,8.38501,8.38422,8.38661,8.38655,8.38655,8.3858,24
2014-10-27 19:43:00,2014-10-27 19:44:00,8.38495,8.38495,8.38496,8.38495,8.38655,8.3865,8.38656,8.3865,3
2014-10-27 19:44:00,2014-10-27 19:45:00,8.38495,8.38474,8.38496,8.38474,8.3865,8.38634,8.38656,8.38634,5
2014-10-27 19:45:00,2014-10-27 19:46:00,8.38474,8.38495,8.38495,8.38492,8.38634,8.38655,8.38655,8.38652,2
2014-10-27 19:46:00,2014-10-27 19:48:00,8.38495,8.38481,8.38498,8.3834,8.38655,8.3861,8.38658,8.38498,43
2014-10-27 19:48:00,2014-10-27 19:49:00,8.38481,8.38482,8.38482,8.38482,8.3861,8.3861,8.3861,8.3861,1
2014-10-27 19:49:00,2014-10-27 19:50:00,8.38482,8.38483,8.38483,8.38483,8.3861,8.3862,8.3862,8.3861,2
2014-10-27 19:50:00,2014-10-27 19:52:00,8.38483,8.38485,8.38485,8.38484,8.3862,8.3862,8.3862,8.3862,2
2014-10-27 19:52:00,2014-10-27 19:53:00,8.38485,8.38481,8.38484,8.3839,8.3862,8.3863,8.3863,8.38582,19
2014-10-27 19:53:00,2014-10-27 19:54:00,8.38481,8.38461,8.38481,8.3836,8.3863,8.3861,8.38622,8.38539,22
2014-10-27 19:54:00,2014-10-27 19:55:00,8.38461,8.38486,8.38486,8.38356,8.3861,8.3862,8.3863,8.38501,27
2014-10-27 19:55:00,2014-10-27 19:56:00,8.38486,8.38486,8.38486,8.38486,8.3862,8.3863,8.3863,8.3863,1
2014-10-27 19:56:00,2014-10-27 19:57:00,8.38486,8.3844,8.38486,8.3838,8.3863,8.3859,8.3862,8.3854,17
2014-10-27 19:57:00,2014-10-27 19:58:00,8.3844,8.38445,8.38445,8.38444,8.3859,8.3859,8.3859,8.3859,2
2014-10-27 19:58:00,2014-10-27 19:59:00,8.38445,8.38447,8.38447,8.38444,8.3859,8.3859,8.3859,8.3859,2
2014-10-27 19:59:00,2014-10-27 20:00:00,8.38447,8.38349,8.38445,8.38347,8.3859,8.3849,8.3859,8.3849,24
2014-10-27 20:00:00,2014-10-27 20:02:00,8.38349,8.38356,8.3842,8.38351,8.3849,8.385,8.3856,8.3849,13
2014-10-27 20:02:00,2014-10-27 20:03:00,8.38356,8.38354,8.38355,8.38354,8.385,8.385,8.385,8.385,2
2014-10-27 20:03:00,2014-10-27 20:04:00,8.38354,8.38323,8.38352,8.38323,8.385,8.3847,8.385,8.3847,10
2014-10-27 20:04:00,2014-10-27 20:05:00,8.38323,8.38322,8.38322,8.38322,8.3847,8.3847,8.3847,8.3847,1
2014-10-27 20:05:00,2014-10-27 20:07:00,8.38322,8.38326,8.38327,8.38325,8.3847,8.38486,8.38487,8.3847,5
2014-10-27 20:07:00,2014-10-27 20:08:00,8.38326,8.38303,8.38327,8.38301,8.38486,8.3844,8.3847,8.3844,9
2014-10-27 20:08:00,2014-10-27 20:09:00,8.38303,8.3831,8.3831,8.38304,8.3844,8.3844,8.3845,8.3844,7
2014-10-27 20:09:00,2014-10-27 20:10:00,8.3831,8.38285,8.38287,8.38285,8.3844,8.384,8.3844,8.384,4
2014-10-27 20:10:00,2014-10-27 20:11:00,8.38285,8.38178,8.38286,8.38178,8.384,8.3832,8.384,8.3832,14
2014-10-27 20:11:00,2014-10-27 20:12:00,8.38178,8.38165,8.38197,8.38161,8.3832,8.38325,8.3835,8.38302,39
2014-10-27 20:12:00,2014-10-27 20:13:00,8.38165,8.38118,8.38165,8.38106,8.38325,8.38278,8.38286,8.38266,11
2014-10-27 20:13:00,2014-10-27 20:14:00,8.38118,8.38035,8.38119,8.38035,8.38278,8.38195,8.38279,8.38195,15
2014-10-27 20:14:00,2014-10-27 20:15:00,8.38035,8.38145,8.3819,8.37997,8.38195,8.383,8.38413,8.3816,59
2014-10-27 20:15:00,2014-10-27 20:17:00,8.38145,8.38143,8.38146,8.38143,8.383,8.3828,8.3829,8.3828,5
2014-10-27 20:17:00,2014-10-27 20:18:00,8.38143,8.37964,8.38151,8.37937,8.3828,8.38204,8.383,8.3819,70
2014-10-27 20:18:00,2014-10-27 20:19:00,8.37964,8.37917,8.37988,8.37913,8.38204,8.38066,8.3822,8.38038,50
2014-10-27 20:19:00,2014-10-27 20:20:00,8.37917,8.37885,8.37945,8.37883,8.38066,8.38053,8.38112,8.38013,71
2014-10-27 20:20:00,2014-10-27 20:21:00,8.37885,8.37882,8.37894,8.37882,8.38053,8.38008,8.38072,8.38008,20
2014-10-27 20:21:00,2014-10-27 20:22:00,8.37882,8.37881,8.37882,8.37881,8.38008,8.38007,8.3803,8.38007,3
2014-10-27 20:22:00,2014-10-27 20:23:00,8.37881,8.37917,8.37918,8.37904,8.38007,8.38077,8.38077,8.3802,10
2014-10-27 20:23:00,2014-10-27 20:24:00,8.37917,8.37968,8.37968,8.37942,8.38077,8.38128,8.38128,8.3808,13
2014-10-27 20:24:00,2014-10-27 20:25:00,8.37968,8.37882,8.37968,8.37881,8.38128,8.38059,8.38128,8.37982,37
2014-10-27 20:25:00,2014-10-27 20:26:00,8.37882,8.37881,8.37882,8.37881,8.38059,8.37984,8.3806,8.37984,6
2014-10-27 20:26:00,2014-10-27 20:27:00,8.37881,8.37795,8.37881,8.37732,8.37984,8.37967,8.3798,8.37893,16
2014-10-27 20:27:00,2014-10-27 20:29:00,8.37795,8.3778,8.378,8.37709,8.37967,8.3794,8.37977,8.3787,65
2014-10-27 20:29:00,2014-10-27 20:30:00,8.3778,8.37822,8.3789,8.3781,8.3794,8.3798,8.3801,8.37918,28
2014-10-27 20:30:00,2014-10-27 20:31:00,8.37822,8.37822,8.37822,8.37822,8.3798,8.37982,8.37982,8.37982,1
2014-10-27 20:31:00,2014-10-27 20:33:00,8.37822,8.37824,8.37824,8.37822,8.37982,8.37984,8.37984,8.3798,5
2014-10-27 20:33:00,2014-10-27 20:34:00,8.37824,8.3795,8.3798,8.37828,8.37984,8.381,8.3814,8.3799,40
2014-10-27 20:34:00,2014-10-27 20:35:00,8.3795,8.3785,8.3788,8.3783,8.381,8.3799,8.38033,8.3799,9
2014-10-27 20:35:00,2014-10-27 20:36:00,8.3785,8.3794,8.38099,8.3786,8.3799,8.3819,8.38261,8.37993,76
2014-10-27 20:36:00,2014-10-27 20:37:00,8.3794,8.38,8.38,8.37943,8.3819,8.38209,8.38209,8.3819,8
2014-10-27 20:37:00,2014-10-27 20:38:00,8.38,8.3798,8.38,8.3798,8.38209,8.38172,8.38176,8.38172,4
2014-10-27 20:38:00,2014-10-27 20:39:00,8.3798,8.3796,8.3799,8.3796,8.38172,8.38107,8.38134,8.38107,8
2014-10-27 20:39:00,2014-10-27 20:40:00,8.3796,8.3785,8.3796,8.3785,8.38107,8.37985,8.3807,8.37985,12
2014-10-27 20:40:00,2014-10-27 20:41:00,8.3785,8.3785,8.3785,8.3785,8.37985,8.3802,8.3802,8.3801,2
2014-10-27 20:41:00,2014-10-27 20:42:00,8.3785,8.37768,8.37842,8.37755,8.3802,8.37988,8.3804,8.3797,33
2014-10-27 20:42:00,2014-10-27 20:43:00,8.37768,8.37768,8.37768,8.37768,8.37988,8.3798,8.3798,8.3798,1
2014-10-27 20:43:00,2014-10-27 20:44:00,8.37768,8.378,8.378,8.37768,8.3798,8.37988,8.37988,8.37988,4
2014-10-27 20:44:00,2014-10-27 20:45:00,8.378,8.3777,8.378,8.3777,8.37988,8.3796,8.3799,8.3796,4
2014-10-27 20:45:00,2014-10-27 20:47:00,8.3777,8.3776,8.37764,8.3776,8.3796,8.3795,8.3796,8.3795,3
2014-10-27 20:47:00,2014-10-27 20:50:00,8.3776,8.3778,8.3778,8.3775,8.3795,8.3795,8.3797,8.3795,6
2014-10-27 20:50:00,2014-10-27 20:51:00,8.3778,8.3778,8.3778,8.3778,8.3795,8.37962,8.3797,8.37962,2
2014-10-27 20:51:00,2014-10-27 20:52:00,8.3778,8.3775,8.3778,8.3775,8.37962,8.3795,8.3797,8.3795,5
2014-10-27 20:52:00,2014-10-27 20:53:00,8.3775,8.3774,8.3774,8.3774,8.3795,8.3795,8.3795,8.3795,1
2014-10-27 20:53:00,2014-10-27 20:54:00,8.3774,8.37715,8.3774,8.3771,8.3795,8.3792,8.3792,8.3792,4
2014-10-27 20:54:00,2014-10-27 20:55:00,8.37715,8.3769,8.37715,8.3769,8.3792,8.3789,8.379,8.3789,6
2014-10-27 20:55:00,2014-10-27 20:56:00,8.3769,8.3774,8.3774,8.3769,8.3789,8.3795,8.3797,8.379,10
2014-10-27 20:56:00,2014-10-27 20:57:00,8.3774,8.37715,8.3774,8.37715,8.3795,8.3792,8.3797,8.3792,10
2014-10-27 20:57:00,2014-10-27 20:58:00,8.37715,8.3767,8.3768,8.37419,8.3792,8.3791,8.38159,8.3791,10
2014-10-27 20:58:00,2014-10-27 21:00:00,8.3767,8.3775,8.3778,8.37593,8.3791,8.3807,8.3904,8.3796,12
2014-10-27 21:00:00,2014-10-27 21:01:00,8.3775,8.36807,8.3777,8.36807,8.3807,8.3806,8.3806,8.3806,2
2014-10-27 21:01:00,2014-10-27 21:02:00,8.36807,8.36898,8.37668,8.36807,8.3806,8.3806,8.3806,8.3806,3
2014-10-27 21:02:00,2014-10-27 21:03:00,8.36898,8.3777,8.3777,8.3769,8.3806,8.3804,8.38058,8.37905,16
2014-10-27 21:03:00,2014-10-27 21:04:00,8.3777,8.3777,8.3777,8.37719,8.3804,8.38045,8.38045,8.37914,15
2014-10-27 21:04:00,2014-10-27 21:05:00,8.3777,8.3777,8.3777,8.3777,8.38045,8.38039,8.38039,8.38039,1
2014-10-27 21:05:00,2014-10-27 21:06:00,8.3777,8.3777,8.3777,8.3777,8.38039,8.38045,8.38045,8.38045,1
2014-10-27 21:06:00,2014-10-27 21:07:00,8.3777,8.37727,8.3777,8.37727,8.38045,8.38043,8.38043,8.38043,2
2014-10-27 21:07:00,2014-10-27 21:09:00,8.37727,8.37727,8.37727,8.37727,8.38043,8.37977,8.37977,8.37977,1
2014-10-27 21:09:00,2014-10-27 21:24:00,8.37727,8.3777,8.3777,8.3777,8.37977,8.37977,8.37977,8.37977,1
2014-10-27 21:24:00,2014-10-27 21:27:00,8.3777,8.3778,8.3783,8.3777,8.37977,8.37978,8.37978,8.37972,16
2014-10-27 21:27:00,2014-10-27 21:29:00,8.3778,8.3778,8.3778,8.3778,8.37978,8.37978,8.3813,8.37978,2
2014-10-27 21:29:00,2014-10-27 21:36:00,8.37752,8.377,8.377,8.377,8.37978,8.3792,8.37976,8.3792,5
2014-10-27 21:36:00,2014-10-27 21:37:00,8.377,8.3778,8.3778,8.377,8.3792,8.37978,8.37978,8.37969,23
2014-10-27 21:37:00,2014-10-27 21:40:00,8.3778,8.37752,8.37752,8.37752,8.37978,8.37978,8.37978,8.37978,1
2014-10-27 21:40:00,2014-10-27 21:43:00,8.37752,8.3765,8.37752,8.3765,8.37978,8.3787,8.37929,8.3787,11
2014-10-27 21:43:00,2014-10-27 21:46:00,8.3765,8.37578,8.37578,8.37578,8.3787,8.37979,8.37979,8.37979,1
2014-10-27 21:46:00,2014-10-27 21:47:00,8.37578,8.3765,8.3765,8.37577,8.37979,8.3787,8.37978,8.3787,3
2014-10-27 21:47:00,2014-10-27 21:50:00,8.3765,8.3778,8.3778,8.37575,8.3787,8.3813,8.3813,8.38025,8
2014-10-27 21:50:00,2014-10-27 21:52:00,8.3778,8.37432,8.3778,8.37432,8.3813,8.3806,8.3816,8.3797,24
2014-10-27 21:52:00,2014-10-27 21:53:00,8.37432,8.37704,8.3778,8.37432,8.3806,8.3794,8.3816,8.3794,17
2014-10-27 21:53:00,2014-10-27 21:54:00,8.37704,8.37417,8.37704,8.37417,8.3794,8.3792,8.3798,8.3792,6
2014-10-27 21:54:00,2014-10-27 21:55:00,8.37417,8.37686,8.37686,8.37686,8.3792,8.3792,8.3792,8.3792,1
2014-10-27 21:55:00,2014-10-27 21:57:00,8.37686,8.37686,8.37686,8.37686,8.3792,8.3792,8.3792,8.3786,4
2014-10-27 21:57:00,2014-10-27 21:58:00,8.37686,8.37617,8.37686,8.37617,8.3792,8.3794,8.38018,8.378,16
2014-10-27 21:58:00,2014-10-27 21:59:00,8.37617,8.3741,8.37617,8.3736,8.3794,8.37578,8.3793,8.37528,25
2014-10-27 21:59:00,2014-10-27 22:00:00,8.3741,8.3742,8.3742,8.37246,8.37578,8.3759,8.3759,8.3752,17
2014-10-27 22:00:00,2014-10-27 22:02:00,8.3742,8.3747,8.3747,8.374,8.3759,8.3764,8.3765,8.3757,11
2014-10-27 22:02:00,2014-10-27 22:03:00,8.3747,8.3746,8.3747,8.3746,8.3764,8.3762,8.3762,8.3762,2
2014-10-27 22:03:00,2014-10-27 22:05:00,8.3746,8.3747,8.3747,8.3747,8.3762,8.3762,8.3762,8.3762,1
2014-10-27 22:05:00,2014-10-27 22:08:00,8.3747,8.372,8.3741,8.3719,8.3762,8.37418,8.3762,8.37418,16
2014-10-27 22:08:00,2014-10-27 22:09:00,8.372,8.3718,8.3719,8.3718,8.37418,8.37418,8.3762,8.37418,9
2014-10-27 22:09:00,2014-10-27 22:10:00,8.3718,8.372,8.372,8.372,8.37418,8.37418,8.37418,8.37418,1
2014-10-27 22:10:00,2014-10-27 22:11:00,8.372,8.3708,8.3716,8.3708,8.37418,8.37171,8.3746,8.37171,20
2014-10-27 22:11:00,2014-10-27 22:12:00,8.3708,8.3713,8.3713,8.3708,8.37171,8.3722,8.37267,8.3722,6
2014-10-27 22:12:00,2014-10-27 22:13:00,8.3713,8.3715,8.3715,8.3713,8.3722,8.37245,8.37268,8.37245,3
2014-10-27 22:13:00,2014-10-27 22:14:00,8.3715,8.3715,8.3715,8.3715,8.37245,8.37271,8.37271,8.37271,1
2014-10-27 22:14:00,2014-10-27 22:16:00,8.3715,8.3711,8.3711,8.3711,8.37271,8.37239,8.37285,8.37239,4
2014-10-27 22:16:00,2014-10-27 22:17:00,8.3711,8.3708,8.371,8.3708,8.37239,8.37239,8.37239,8.37239,2
2014-10-27 22:17:00,2014-10-27 22:18:00,8.3708,8.3708,8.3708,8.3708,8.37239,8.37292,8.37292,8.37292,1
2014-10-27 22:18:00,2014-10-27 22:20:00,8.3708,8.371,8.3712,8.3708,8.37292,8.3728,8.3734,8.3728,9
2014-10-27 22:20:00,2014-10-27 22:21:00,8.371,8.3704,8.3711,8.3704,8.3728,8.3725,8.3729,8.3725,7
2014-10-27 22:21:00,2014-10-27 22:22:00,8.3704,8.3705,8.3705,8.3704,8.3725,8.3734,8.3734,8.3733,2
2014-10-27 22:22:00,2014-10-27 22:23:00,8.3705,8.3703,8.3705,8.3697,8.3734,8.37286,8.3733,8.37161,20
2014-10-27 22:23:00,2014-10-27 22:25:00,8.3703,8.3696,8.3699,8.3696,8.37286,8.37161,8.37286,8.37136,13
2014-10-27 22:25:00,2014-10-27 22:26:00,8.3696,8.3698,8.3708,8.3693,8.37161,8.3721,8.3749,8.3715,38
2014-10-27 22:26:00,2014-10-27 22:27:00,8.3698,8.37,8.37,8.36828,8.3721,8.3722,8.37261,8.3716,23
2014-10-27 22:27:00,2014-10-27 22:28:00,8.37,8.3704,8.3704,8.37,8.3722,8.3726,8.3726,8.3724,4
2014-10-27 22:28:00,2014-10-27 22:30:00,8.3704,8.3705,8.3705,8.3705,8.3726,8.3727,8.3728,8.3727,3
2014-10-27 22:30:00,2014-10-27 22:31:00,8.3705,8.3708,8.3709,8.3704,8.3727,8.373,8.3731,8.3726,10
2014-10-27 22:31:00,2014-10-27 22:33:00,8.3708,8.3706,8.3708,8.3706,8.373,8.3723,8.3726,8.3723,7
2014-10-27 22:33:00,2014-10-27 22:34:00,8.3706,8.3708,8.3708,8.3703,8.3723,8.3726,8.3726,8.3721,8
2014-10-27 22:34:00,2014-10-27 22:35:00,8.3708,8.3708,8.3708,8.3707,8.3726,8.3726,8.3726,8.3725,3
2014-10-27 22:35:00,2014-10-27 22:36:00,8.3708,8.3702,8.3703,8.3702,8.3726,8.3723,8.3724,8.3723,3
2014-10-27 22:36:00,2014-10-27 22:38:00,8.3702,8.3701,8.3702,8.3701,8.3723,8.3722,8.3722,8.3722,2
2014-10-27 22:38:00,2014-10-27 22:39:00,8.3701,8.3706,8.3707,8.3701,8.3722,8.3724,8.3725,8.3723,8
2014-10-27 22:39:00,2014-10-27 22:40:00,8.3706,8.37,8.3705,8.37,8.3724,8.3721,8.3724,8.3721,6
2014-10-27 22:40:00,2014-10-27 22:41:00,8.37,8.37,8.37,8.37,8.3721,8.3722,8.3722,8.3722,1
2014-10-27 22:41:00,2014-10-27 22:42:00,8.37,8.3701,8.3701,8.3701,8.3722,8.3722,8.3722,8.3722,1
2014-10-27 22:42:00,2014-10-27 22:43:00,8.3701,8.3705,8.3707,8.37,8.3722,8.3726,8.3737,8.37236,13
2014-10-27 22:43:00,2014-10-27 22:45:00,8.3705,8.3705,8.3706,8.3705,8.3726,8.3726,8.3728,8.3726,3
2014-10-27 22:45:00,2014-10-27 22:46:00,8.3705,8.3706,8.3712,8.3706,8.3726,8.3727,8.373,8.3727,5
2014-10-27 22:46:00,2014-10-27 22:50:00,8.3705,8.3706,8.3706,8.3706,8.3727,8.3727,8.3727,8.3727,1
2014-10-27 22:50:00,2014-10-27 22:51:00,8.3706,8.3706,8.3706,8.3705,8.3727,8.3727,8.3727,8.3727,2
2014-10-27 22:51:00,2014-10-27 22:52:00,8.3706,8.3706,8.3706,8.3704,8.3727,8.3727,8.3727,8.3725,6
2014-10-27 22:52:00,2014-10-27 22:53:00,8.3706,8.3705,8.3705,8.3705,8.3727,8.3727,8.3727,8.3727,1
2014-10-27 22:53:00,2014-10-27 22:54:00,8.3705,8.3705,8.3705,8.3705,8.3727,8.3726,8.3726,8.3726,1
2014-10-27 22:54:00,2014-10-27 22:55:00,8.3705,8.3706,8.3706,8.3706,8.3726,8.3727,8.3727,8.3727,1
2014-10-27 22:55:00,2014-10-27 22:57:00,8.3706,8.3706,8.3707,8.3706,8.3728,8.3727,8.3728,8.3727,3
2014-10-27 22:57:00,2014-10-27 22:58:00,8.3706,8.3706,8.3706,8.3706,8.3727,8.3728,8.3728,8.3728,1
2014-10-27 22:58:00,2014-10-27 23:00:00,8.3706,8.3706,8.3706,8.3706,8.3728,8.3728,8.3728,8.3727,2
2014-10-27 23:00:00,2014-10-27 23:01:00,8.3706,8.3706,8.3706,8.3706,8.3728,8.3727,8.3727,8.3727,1
2014-10-27 23:01:00,2014-10-27 23:03:00,8.3706,8.3715,8.3716,8.3705,8.3727,8.3732,8.3734,8.3725,25
2014-10-27 23:03:00,2014-10-27 23:04:00,8.3715,8.3706,8.37138,8.3706,8.3732,8.3727,8.3727,8.3727,2
2014-10-27 23:04:00,2014-10-27 23:06:00,8.3706,8.3707,8.3707,8.3707,8.3727,8.3728,8.3728,8.3728,1
2014-10-27 23:06:00,2014-10-27 23:08:00,8.3707,8.3705,8.3707,8.3705,8.3728,8.3726,8.3726,8.3726,2
2014-10-27 23:08:00,2014-10-27 23:11:00,8.3705,8.36992,8.3705,8.36992,8.3726,8.37275,8.37275,8.37275,2
2014-10-27 23:11:00,2014-10-27 23:12:00,8.36992,8.3705,8.3705,8.3704,8.37275,8.3726,8.3726,8.3725,5
2014-10-27 23:12:00,2014-10-27 23:13:00,8.3705,8.3704,8.3705,8.3704,8.3726,8.3725,8.3725,8.3725,2
2014-10-27 23:13:00,2014-10-27 23:14:00,8.3704,8.3705,8.3705,8.3705,8.3725,8.3726,8.3726,8.3726,1
2014-10-27 23:14:00,2014-10-27 23:15:00,8.3705,8.3704,8.3705,8.3704,8.3726,8.3725,8.3726,8.3725,4
2014-10-27 23:15:00,2014-10-27 23:16:00,8.3704,8.3704,8.3704,8.3704,8.3725,8.3726,8.3726,8.3726,1
2014-10-27 23:16:00,2014-10-27 23:17:00,8.3704,8.3705,8.3705,8.3705,8.3726,8.3726,8.3726,8.3726,1
2014-10-27 23:17:00,2014-10-27 23:18:00,8.3705,8.3707,8.3708,8.3705,8.3726,8.37275,8.37275,8.3726,7
2014-10-27 23:18:00,2014-10-27 23:20:00,8.3707,8.3678,8.3707,8.3678,8.37275,8.3699,8.3726,8.3699,15
2014-10-27 23:20:00,2014-10-27 23:21:00,8.3678,8.3686,8.36984,8.3677,8.3699,8.3715,8.3726,8.36975,30
2014-10-27 23:21:00,2014-10-27 23:22:00,8.3686,8.3668,8.3687,8.3666,8.3715,8.36847,8.3716,8.36847,27
2014-10-27 23:22:00,2014-10-27 23:23:00,8.3668,8.36643,8.36643,8.36547,8.36847,8.3683,8.3693,8.3683,10
2014-10-27 23:23:00,2014-10-27 23:24:00,8.36643,8.3669,8.36728,8.3659,8.3683,8.36966,8.37006,8.3687,25
2014-10-27 23:24:00,2014-10-27 23:25:00,8.3669,8.3668,8.3668,8.3668,8.36966,8.36966,8.36966,8.36966,1
2014-10-27 23:25:00,2014-10-27 23:26:00,8.3668,8.3666,8.3668,8.3666,8.36966,8.3695,8.3695,8.3695,2
2014-10-27 23:26:00,2014-10-27 23:27:00,8.3666,8.36653,8.3667,8.36653,8.3695,8.3694,8.3696,8.3694,7
2014-10-27 23:27:00,2014-10-27 23:28:00,8.36653,8.3665,8.3665,8.3663,8.3694,8.3694,8.3694,8.36912,5
2014-10-27 23:28:00,2014-10-27 23:30:00,8.3665,8.36592,8.3665,8.36592,8.3694,8.3677,8.3693,8.3677,8
2014-10-27 23:30:00,2014-10-27 23:31:00,8.36592,8.36643,8.36643,8.36551,8.3677,8.3679,8.3684,8.3675,11
2014-10-27 23:31:00,2014-10-27 23:32:00,8.36643,8.36588,8.36643,8.3653,8.3679,8.3674,8.3681,8.367,15
2014-10-27 23:32:00,2014-10-27 23:34:00,8.36588,8.3675,8.3687,8.36578,8.3674,8.3707,8.3709,8.3676,68
2014-10-27 23:34:00,2014-10-27 23:35:00,8.3675,8.3676,8.3678,8.3676,8.3707,8.3708,8.3708,8.3707,4
2014-10-27 23:35:00,2014-10-27 23:36:00,8.3676,8.3673,8.3676,8.3673,8.3708,8.3703,8.3706,8.3703,4
2014-10-27 23:36:00,2014-10-27 23:37:00,8.3673,8.3667,8.368,8.3658,8.3703,8.3702,8.3703,8.3676,21
2014-10-27 23:37:00,2014-10-27 23:39:00,8.3667,8.3663,8.3667,8.3663,8.3702,8.36927,8.3698,8.36927,5
2014-10-27 23:39:00,2014-10-27 23:40:00,8.3663,8.3666,8.3667,8.3663,8.36927,8.3701,8.3703,8.36868,13
2014-10-27 23:40:00,2014-10-27 23:42:00,8.3666,8.3666,8.3666,8.3665,8.3701,8.3701,8.3701,8.36979,10
2014-10-27 23:42:00,2014-10-27 23:44:00,8.3666,8.3667,8.3667,8.3666,8.3701,8.37016,8.37016,8.37016,2
2014-10-27 23:44:00,2014-10-27 23:45:00,8.3667,8.3667,8.3668,8.3667,8.37016,8.37016,8.37016,8.37016,2
2014-10-27 23:45:00,2014-10-27 23:46:00,8.3667,8.3666,8.3667,8.3666,8.37016,8.3701,8.37016,8.36982,4
2014-10-27 23:46:00,2014-10-27 23:47:00,8.3666,8.3664,8.3667,8.3664,8.3701,8.36967,8.37016,8.36967,4
2014-10-27 23:47:00,2014-10-27 23:48:00,8.3664,8.3663,8.3663,8.3663,8.36967,8.36967,8.36967,8.36967,1
2014-10-27 23:48:00,2014-10-27 23:49:00,8.3663,8.3648,8.36605,8.3646,8.36967,8.367,8.36967,8.367,24
2014-10-27 23:49:00,2014-10-27 23:50:00,8.3648,8.3651,8.3651,8.3648,8.367,8.36728,8.36728,8.3671,3
2014-10-27 23:50:00,2014-10-27 23:51:00,8.3651,8.3639,8.36452,8.3633,8.36728,8.3661,8.36728,8.36573,19
2014-10-27 23:51:00,2014-10-27 23:52:00,8.3639,8.3642,8.3642,8.364,8.3661,8.3664,8.3664,8.36618,4
2014-10-27 23:52:00,2014-10-27 23:53:00,8.3642,8.3639,8.3639,8.3637,8.3664,8.3661,8.3664,8.36593,8
2014-10-27 23:53:00,2014-10-27 23:54:00,8.3639,8.3641,8.3642,8.3639,8.3661,8.36637,8.36685,8.36618,9
2014-10-27 23:54:00,2014-10-27 23:55:00,8.3641,8.36581,8.36582,8.3643,8.36637,8.3671,8.3675,8.36637,6
2014-10-27 23:55:00,2014-10-27 23:56:00,8.36581,8.365,8.3653,8.3649,8.3671,8.3685,8.3686,8.36683,11
2014-10-27 23:56:00,2014-10-27 23:57:00,8.365,8.36484,8.36594,8.36484,8.3685,8.3684,8.3686,8.3683,14
2014-10-27 23:57:00,2014-10-27 23:58:00,8.36484,8.3649,8.3656,8.36484,8.3684,8.3684,8.3686,8.3681,27
2014-10-27 23:58:00,2014-10-27 23:59:00,8.3649,8.3649,8.3657,8.36484,8.3684,8.3685,8.3687,8.3684,19
2014-10-27 23:59:00,2014-10-28 00:00:00,8.3649,8.3647,8.365,8.3645,8.3685,8.3685,8.3685,8.3681,9
2014-10-28 00:00:00,2014-10-28 00:01:00,8.3647,8.3661,8.3661,8.3647,8.3685,8.3683,8.36857,8.3682,33
2014-10-28 00:01:00,2014-10-28 00:02:00,8.3661,8.36544,8.3661,8.3649,8.3683,8.3683,8.3684,8.3682,30
2014-10-28 00:02:00,2014-10-28 00:03:00,8.36544,8.3648,8.3649,8.3641,8.3683,8.3684,8.3685,8.36761,16
2014-10-28 00:03:00,2014-10-28 00:04:00,8.3648,8.3651,8.3652,8.3648,8.3684,8.36768,8.3687,8.36768,14
2014-10-28 00:04:00,2014-10-28 00:05:00,8.3651,8.366,8.366,8.3651,8.36768,8.3682,8.3682,8.368,8
2014-10-28 00:05:00,2014-10-28 00:06:00,8.366,8.366,8.3661,8.366,8.3682,8.3682,8.3683,8.3682,3
2014-10-28 00:06:00,2014-10-28 00:07:00,8.366,8.3661,8.3661,8.3661,8.3682,8.3683,8.3683,8.3683,1
2014-10-28 00:07:00,2014-10-28 00:08:00,8.3661,8.3662,8.3662,8.3659,8.3683,8.36833,8.36833,8.36808,15
2014-10-28 00:08:00,2014-10-28 00:09:00,8.3662,8.366,8.3662,8.366,8.36833,8.3683,8.36833,8.36808,10
2014-10-28 00:09:00,2014-10-28 00:10:00,8.366,8.3671,8.3671,8.3657,8.3683,8.36857,8.36857,8.3679,13
2014-10-28 00:10:00,2014-10-28 00:11:00,8.3671,8.3669,8.3672,8.3669,8.36857,8.36857,8.36857,8.36857,2
2014-10-28 00:11:00,2014-10-28 00:12:00,8.3669,8.3673,8.3674,8.3668,8.36857,8.3691,8.3692,8.3686,9
2014-10-28 00:12:00,2014-10-28 00:13:00,8.3673,8.3671,8.3671,8.3669,8.3691,8.3688,8.3691,8.3687,6
2014-10-28 00:13:00,2014-10-28 00:14:00,8.3671,8.3671,8.3671,8.367,8.3688,8.36887,8.36887,8.3688,3
2014-10-28 00:14:00,2014-10-28 00:15:00,8.3671,8.3669,8.3672,8.3669,8.36887,8.3686,8.36887,8.3686,6
2014-10-28 00:15:00,2014-10-28 00:16:00,8.3669,8.3671,8.3671,8.3671,8.3686,8.3689,8.3689,8.36862,3
2014-10-28 00:16:00,2014-10-28 00:17:00,8.3671,8.367,8.3671,8.3667,8.3689,8.3688,8.3688,8.36862,7
2014-10-28 00:17:00,2014-10-28 00:18:00,8.367,8.3669,8.367,8.3669,8.3688,8.3686,8.3687,8.3686,5
2014-10-28 00:18:00,2014-10-28 00:19:00,8.3669,8.3669,8.3669,8.3668,8.3686,8.3686,8.3687,8.3686,4
2014-10-28 00:19:00,2014-10-28 00:20:00,8.3669,8.3669,8.3669,8.3668,8.3686,8.3687,8.3687,8.3686,2
2014-10-28 00:20:00,2014-10-28 00:21:00,8.3669,8.3673,8.3674,8.3669,8.3687,8.36932,8.36932,8.3686,6
2014-10-28 00:21:00,2014-10-28 00:22:00,8.3673,8.3674,8.3674,8.3673,8.36932,8.36932,8.36932,8.36932,5
2014-10-28 00:22:00,2014-10-28 00:23:00,8.3674,8.3675,8.3675,8.3675,8.36932,8.36932,8.36932,8.36932,1
2014-10-28 00:23:00,2014-10-28 00:25:00,8.3675,8.3672,8.3674,8.3672,8.36932,8.36916,8.3696,8.36916,4
2014-10-28 00:25:00,2014-10-28 00:26:00,8.3672,8.3671,8.3672,8.3666,8.36916,8.36916,8.3693,8.36886,13
2014-10-28 00:26:00,2014-10-28 00:27:00,8.3671,8.3665,8.3673,8.3665,8.36916,8.36807,8.3697,8.36807,23
2014-10-28 00:27:00,2014-10-28 00:28:00,8.3665,8.3663,8.3664,8.3662,8.36807,8.36787,8.36807,8.36787,8
2014-10-28 00:28:00,2014-10-28 00:29:00,8.3663,8.3663,8.3666,8.3663,8.36787,8.36792,8.3683,8.36787,10
2014-10-28 00:29:00,2014-10-28 00:30:00,8.3663,8.3663,8.3663,8.3662,8.36792,8.36792,8.36792,8.36792,2
2014-10-28 00:30:00,2014-10-28 00:31:00,8.3663,8.3657,8.3661,8.3657,8.36792,8.3679,8.36792,8.3679,3
2014-10-28 00:31:00,2014-10-28 00:32:00,8.3657,8.3653,8.3658,8.3653,8.3679,8.36732,8.36792,8.36732,12
2014-10-28 00:32:00,2014-10-28 00:33:00,8.3653,8.3654,8.3654,8.3653,8.36732,8.3676,8.3676,8.367,7
2014-10-28 00:33:00,2014-10-28 00:34:00,8.3654,8.3648,8.3654,8.3647,8.3676,8.367,8.3676,8.36682,23
2014-10-28 00:34:00,2014-10-28 00:35:00,8.3648,8.3649,8.365,8.3647,8.367,8.3671,8.36717,8.3669,10
2014-10-28 00:35:00,2014-10-28 00:36:00,8.3649,8.3651,8.3651,8.365,8.3671,8.36717,8.36717,8.36717,2
2014-10-28 00:36:00,2014-10-28 00:37:00,8.3651,8.365,8.3651,8.3645,8.36717,8.3672,8.3672,8.36667,20
2014-10-28 00:37:00,2014-10-28 00:38:00,8.365,8.3652,8.3652,8.3651,8.3672,8.36727,8.36727,8.36702,20
2014-10-28 00:38:00,2014-10-28 00:39:00,8.3652,8.3653,8.3653,8.3652,8.36727,8.36727,8.36727,8.36702,4
2014-10-28 00:39:00,2014-10-28 00:40:00,8.3653,8.3651,8.3652,8.3651,8.36727,8.36677,8.36727,8.36677,6
2014-10-28 00:40:00,2014-10-28 00:41:00,8.3651,8.3648,8.3651,8.3646,8.36677,8.367,8.3672,8.36652,17
2014-10-28 00:41:00,2014-10-28 00:42:00,8.3648,8.3646,8.3647,8.3646,8.367,8.36667,8.367,8.36667,7
2014-10-28 00:42:00,2014-10-28 00:43:00,8.3646,8.3641,8.3647,8.3641,8.36667,8.3663,8.3669,8.3663,13
2014-10-28 00:43:00,2014-10-28 00:44:00,8.3641,8.3644,8.3644,8.364,8.3663,8.3666,8.36667,8.3662,13
2014-10-28 00:44:00,2014-10-28 00:45:00,8.3644,8.3645,8.3645,8.3645,8.3666,8.36667,8.36667,8.36667,1
2014-10-28 00:45:00,2014-10-28 00:46:00,8.3645,8.3642,8.3645,8.3642,8.36667,8.36627,8.36667,8.36627,7
2014-10-28 00:46:00,2014-10-28 00:47:00,8.3642,8.3641,8.3641,8.3639,8.36627,8.36617,8.36627,8.3661,7
2014-10-28 00:47:00,2014-10-28 00:48:00,8.3641,8.3638,8.3638,8.3635,8.36617,8.36567,8.36617,8.36567,13
2014-10-28 00:48:00,2014-10-28 00:49:00,8.3638,8.3642,8.3642,8.3637,8.36567,8.36617,8.36617,8.36567,8
2014-10-28 00:49:00,2014-10-28 00:50:00,8.3642,8.364,8.3644,8.3638,8.36617,8.3664,8.3666,8.36567,20
2014-10-28 00:50:00,2014-10-28 00:51:00,8.364,8.363,8.3644,8.363,8.3664,8.36561,8.3667,8.36561,31
2014-10-28 00:51:00,2014-10-28 00:52:00,8.363,8.3627,8.3634,8.3627,8.36561,8.3649,8.3657,8.3649,28
2014-10-28 00:52:00,2014-10-28 00:53:00,8.3627,8.3596,8.3629,8.3596,8.3649,8.3619,8.36506,8.3619,44
2014-10-28 00:53:00,2014-10-28 00:54:00,8.3596,8.3537,8.36,8.35329,8.3619,8.35704,8.3624,8.35693,92
2014-10-28 00:54:00,2014-10-28 00:55:00,8.3537,8.35675,8.35712,8.3525,8.35704,8.3591,8.3622,8.35553,116
2014-10-28 00:55:00,2014-10-28 00:56:00,8.35675,8.3568,8.3568,8.35655,8.3591,8.359,8.359,8.3587,11
2014-10-28 00:56:00,2014-10-28 00:57:00,8.3568,8.357,8.3572,8.3566,8.359,8.3595,8.3595,8.3586,26
2014-10-28 00:57:00,2014-10-28 00:58:00,8.357,8.35735,8.358,8.3568,8.3595,8.3596,8.36007,8.35958,20
2014-10-28 00:58:00,2014-10-28 00:59:00,8.35735,8.35735,8.35735,8.35735,8.3596,8.3595,8.3595,8.3594,3
2014-10-28 00:59:00,2014-10-28 01:00:00,8.35735,8.35875,8.35875,8.35735,8.3595,8.3604,8.3604,8.3593,17
2014-10-28 01:00:00,2014-10-28 01:01:00,8.35875,8.3592,8.3592,8.35875,8.3604,8.3609,8.3609,8.3608,6
2014-10-28 01:01:00,2014-10-28 01:02:00,8.3592,8.3575,8.3591,8.3574,8.3609,8.3605,8.3608,8.3605,13
2014-10-28 01:02:00,2014-10-28 01:03:00,8.3575,8.3592,8.3592,8.3575,8.3605,8.3609,8.3613,8.3609,14
2014-10-28 01:03:00,2014-10-28 01:04:00,8.3592,8.36,8.36,8.359,8.3609,8.3617,8.3617,8.3614,11
2014-10-28 01:04:00,2014-10-28 01:05:00,8.36,8.3582,8.36,8.3582,8.3617,8.3612,8.3618,8.3612,15
2014-10-28 01:05:00,2014-10-28 01:06:00,8.3582,8.3611,8.3613,8.3582,8.3612,8.3626,8.3638,8.3613,60
2014-10-28 01:06:00,2014-10-28 01:07:00,8.3611,8.3611,8.3611,8.3601,8.3626,8.3628,8.3629,8.3624,18
2014-10-28 01:07:00,2014-10-28 01:08:00,8.3611,8.3612,8.3612,8.3609,8.3628,8.363,8.363,8.3627,8
2014-10-28 01:08:00,2014-10-28 01:09:00,8.3612,8.3611,8.3613,8.3611,8.363,8.3628,8.363,8.3628,4
2014-10-28 01:09:00,2014-10-28 01:10:00,8.3611,8.3612,8.3612,8.361,8.3628,8.363,8.363,8.3627,5
2014-10-28 01:10:00,2014-10-28 01:11:00,8.3612,8.3613,8.3613,8.3612,8.363,8.363,8.363,8.3629,4
2014-10-28 01:11:00,2014-10-28 01:12:00,8.3613,8.3619,8.3619,8.3611,8.363,8.3648,8.3648,8.3628,16
2014-10-28 01:12:00,2014-10-28 01:14:00,8.3619,8.36185,8.3619,8.36185,8.3648,8.3645,8.3647,8.3645,4
2014-10-28 01:14:00,2014-10-28 01:15:00,8.36185,8.3619,8.3619,8.36185,8.3645,8.3648,8.3648,8.3644,7
2014-10-28 01:15:00,2014-10-28 01:16:00,8.3619,8.36185,8.3619,8.3617,8.3648,8.3647,8.3652,8.3646,13
2014-10-28 01:16:00,2014-10-28 01:17:00,8.36185,8.364,8.364,8.36185,8.3647,8.3656,8.3658,8.36508,22
2014-10-28 01:17:00,2014-10-28 01:18:00,8.364,8.36375,8.364,8.36351,8.3656,8.3653,8.3655,8.3652,8
2014-10-28 01:18:00,2014-10-28 01:19:00,8.36375,8.36375,8.364,8.36352,8.3653,8.3656,8.3657,8.3655,10
2014-10-28 01:19:00,2014-10-28 01:20:00,8.36375,8.36425,8.36425,8.36376,8.3656,8.366,8.3661,8.3656,9
2014-10-28 01:20:00,2014-10-28 01:21:00,8.36425,8.3645,8.3645,8.36426,8.366,8.3662,8.3662,8.366,3
2014-10-28 01:21:00,2014-10-28 01:23:00,8.3645,8.3645,8.36475,8.3645,8.3662,8.3662,8.3664,8.3662,10
2014-10-28 01:23:00,2014-10-28 01:24:00,8.3645,8.3645,8.3645,8.3639,8.3662,8.366,8.3661,8.366,6
2014-10-28 01:24:00,2014-10-28 01:25:00,8.3645,8.3645,8.3645,8.3645,8.366,8.3661,8.3661,8.3661,1
2014-10-28 01:25:00,2014-10-28 01:26:00,8.3645,8.3645,8.3645,8.3639,8.3661,8.3661,8.3662,8.3661,6
2014-10-28 01:26:00,2014-10-28 01:27:00,8.3645,8.3645,8.3645,8.3645,8.3661,8.3662,8.3663,8.3661,5
2014-10-28 01:27:00,2014-10-28 01:29:00,8.3645,8.36525,8.36525,8.3645,8.3662,8.3667,8.3667,8.3666,6
2014-10-28 01:29:00,2014-10-28 01:31:00,8.36525,8.36525,8.36525,8.36525,8.3667,8.3668,8.3668,8.3668,1
2014-10-28 01:31:00,2014-10-28 01:34:00,8.36525,8.36575,8.36575,8.36525,8.3668,8.3672,8.36808,8.3672,7
2014-10-28 01:34:00,2014-10-28 01:35:00,8.36575,8.36575,8.36575,8.36575,8.3672,8.3677,8.3678,8.3676,6
2014-10-28 01:35:00,2014-10-28 01:37:00,8.36575,8.36575,8.36575,8.36575,8.3677,8.3676,8.3677,8.3676,3
2014-10-28 01:37:00,2014-10-28 01:38:00,8.36575,8.36575,8.36575,8.36575,8.3676,8.3674,8.3675,8.3674,3
2014-10-28 01:38:00,2014-10-28 01:39:00,8.36575,8.36625,8.36625,8.36572,8.3674,8.3678,8.3678,8.3678,4
2014-10-28 01:39:00,2014-10-28 01:41:00,8.36625,8.36625,8.36625,8.36625,8.3678,8.3679,8.3679,8.3678,3
2014-10-28 01:41:00,2014-10-28 01:42:00,8.36625,8.36625,8.36625,8.36625,8.3679,8.368,8.368,8.368,1
2014-10-28 01:42:00,2014-10-28 01:43:00,8.36625,8.3665,8.3665,8.36626,8.368,8.3686,8.3686,8.368,4
2014-10-28 01:43:00,2014-10-28 01:44:00,8.3665,8.3653,8.3665,8.3651,8.3686,8.36813,8.3688,8.3677,35
2014-10-28 01:44:00,2014-10-28 01:45:00,8.3653,8.3653,8.3655,8.3653,8.36813,8.36813,8.3684,8.3677,13
2014-10-28 01:45:00,2014-10-28 01:46:00,8.3653,8.3653,8.3655,8.3652,8.36813,8.3681,8.3684,8.3677,13
2014-10-28 01:46:00,2014-10-28 01:47:00,8.3653,8.3653,8.3653,8.3653,8.3681,8.3681,8.3681,8.368,4
2014-10-28 01:47:00,2014-10-28 01:48:00,8.3653,8.36675,8.36675,8.3652,8.3681,8.3692,8.3692,8.3676,20
2014-10-28 01:48:00,2014-10-28 01:49:00,8.36675,8.36593,8.36675,8.3647,8.3692,8.3684,8.3693,8.3681,49
2014-10-28 01:49:00,2014-10-28 01:50:00,8.36593,8.36494,8.36593,8.3646,8.3684,8.3682,8.3683,8.3681,14
2014-10-28 01:50:00,2014-10-28 01:51:00,8.36494,8.3649,8.36495,8.3648,8.3682,8.3673,8.3684,8.3673,13
2014-10-28 01:51:00,2014-10-28 01:52:00,8.3649,8.3645,8.365,8.36429,8.3673,8.3681,8.3681,8.367,15
2014-10-28 01:52:00,2014-10-28 01:53:00,8.3645,8.36574,8.36584,8.3645,8.3681,8.3685,8.3687,8.368,19
2014-10-28 01:53:00,2014-10-28 01:54:00,8.36574,8.365,8.36574,8.3647,8.3685,8.3685,8.3685,8.3683,5
2014-10-28 01:54:00,2014-10-28 01:55:00,8.365,8.3651,8.3651,8.365,8.3685,8.3686,8.3686,8.3686,2
2014-10-28 01:55:00,2014-10-28 01:56:00,8.3651,8.3651,8.36708,8.365,8.3686,8.3687,8.3689,8.3685,17
2014-10-28 01:56:00,2014-10-28 01:57:00,8.3651,8.3651,8.3651,8.3651,8.3687,8.3686,8.3686,8.3686,1
2014-10-28 01:57:00,2014-10-28 01:58:00,8.3651,8.36494,8.3651,8.36494,8.3686,8.3684,8.3685,8.3684,5
2014-10-28 01:58:00,2014-10-28 01:59:00,8.36494,8.365,8.365,8.365,8.3684,8.3685,8.3685,8.3684,2
2014-10-28 01:59:00,2014-10-28 02:00:00,8.365,8.36433,8.365,8.3634,8.3685,8.3667,8.3684,8.366,43
2014-10-28 02:00:00,2014-10-28 02:01:00,8.36433,8.36613,8.36628,8.3639,8.3667,8.3685,8.3686,8.3667,32
2014-10-28 02:01:00,2014-10-28 02:02:00,8.36613,8.3667,8.3667,8.36613,8.3685,8.36907,8.36907,8.3685,7
2014-10-28 02:02:00,2014-10-28 02:03:00,8.3667,8.3663,8.3666,8.3661,8.36907,8.36906,8.36907,8.36887,7
2014-10-28 02:03:00,2014-10-28 02:04:00,8.3663,8.3664,8.3664,8.3664,8.36906,8.36906,8.36906,8.36906,1
2014-10-28 02:04:00,2014-10-28 02:05:00,8.3664,8.3666,8.3666,8.3664,8.36906,8.36917,8.36917,8.36917,3
2014-10-28 02:05:00,2014-10-28 02:06:00,8.3666,8.3665,8.3667,8.3665,8.36917,8.36872,8.36922,8.36872,7
2014-10-28 02:06:00,2014-10-28 02:07:00,8.3665,8.3656,8.3666,8.3651,8.36872,8.36816,8.36872,8.36816,14
2014-10-28 02:07:00,2014-10-28 02:08:00,8.3656,8.3653,8.3656,8.3652,8.36816,8.36767,8.3692,8.36766,12
2014-10-28 02:08:00,2014-10-28 02:09:00,8.3653,8.3653,8.3657,8.3653,8.36767,8.36772,8.3682,8.36772,8
2014-10-28 02:09:00,2014-10-28 02:11:00,8.3653,8.3653,8.3653,8.3652,8.36772,8.36772,8.36772,8.36772,2
2014-10-28 02:11:00,2014-10-28 02:13:00,8.3653,8.3652,8.3652,8.3652,8.36772,8.36772,8.36772,8.36772,1
2014-10-28 02:13:00,2014-10-28 02:14:00,8.3652,8.3653,8.3653,8.3652,8.36772,8.36772,8.3681,8.36772,3
2014-10-28 02:14:00,2014-10-28 02:15:00,8.3653,8.3653,8.3653,8.3652,8.36772,8.36772,8.3682,8.36772,4
2014-10-28 02:15:00,2014-10-28 02:16:00,8.3653,8.3652,8.3653,8.3652,8.36772,8.36767,8.36805,8.36717,8
2014-10-28 02:16:00,2014-10-28 02:17:00,8.3652,8.3657,8.3657,8.3651,8.36767,8.3679,8.368,8.36767,6
2014-10-28 02:17:00,2014-10-28 02:18:00,8.3657,8.3658,8.3658,8.3658,8.3679,8.368,8.368,8.3679,2
2014-10-28 02:18:00,2014-10-28 02:20:00,8.3658,8.3657,8.3658,8.3657,8.368,8.3679,8.3679,8.3679,2
2014-10-28 02:20:00,2014-10-28 02:23:00,8.3657,8.36533,8.36533,8.36533,8.3679,8.36817,8.36817,8.36817,1
2014-10-28 02:23:00,2014-10-28 02:25:00,8.36533,8.3657,8.3657,8.3656,8.36817,8.3679,8.3679,8.3679,2
2014-10-28 02:25:00,2014-10-28 02:26:00,8.3657,8.3656,8.3657,8.3656,8.3679,8.3678,8.3678,8.3678,2
2014-10-28 02:26:00,2014-10-28 02:27:00,8.3656,8.3649,8.3656,8.3649,8.3678,8.36772,8.3678,8.3673,11
2014-10-28 02:27:00,2014-10-28 02:28:00,8.3649,8.3647,8.3649,8.3645,8.36772,8.3679,8.3686,8.3679,6
2014-10-28 02:28:00,2014-10-28 02:29:00,8.3647,8.3649,8.3649,8.3648,8.3679,8.3679,8.3679,8.3678,3
2014-10-28 02:29:00,2014-10-28 02:31:00,8.3649,8.3649,8.365,8.3649,8.3679,8.3679,8.368,8.3677,6
2014-10-28 02:31:00,2014-10-28 02:32:00,8.3649,8.365,8.365,8.365,8.3679,8.368,8.368,8.3679,2
2014-10-28 02:32:00,2014-10-28 02:33:00,8.365,8.3651,8.3651,8.3651,8.368,8.3681,8.3681,8.368,2
2014-10-28 02:33:00,2014-10-28 02:35:00,8.3651,8.3655,8.3656,8.365,8.3681,8.3685,8.3688,8.3685,9
2014-10-28 02:35:00,2014-10-28 02:36:00,8.3655,8.3656,8.3657,8.3655,8.3685,8.3689,8.3689,8.3685,14
2014-10-28 02:36:00,2014-10-28 02:37:00,8.3656,8.3656,8.3656,8.3655,8.3689,8.3686,8.3688,8.3685,7
2014-10-28 02:37:00,2014-10-28 02:38:00,8.3656,8.3655,8.3656,8.3655,8.3686,8.3685,8.3685,8.3685,2
2014-10-28 02:38:00,2014-10-28 02:39:00,8.3655,8.3662,8.3662,8.3655,8.3685,8.3697,8.3697,8.3692,9
2014-10-28 02:39:00,2014-10-28 02:40:00,8.3662,8.3664,8.3664,8.3661,8.3697,8.3699,8.3699,8.3696,6
2014-10-28 02:40:00,2014-10-28 02:41:00,8.3664,8.3663,8.3678,8.3661,8.3699,8.3699,8.3703,8.3698,31
2014-10-28 02:41:00,2014-10-28 02:42:00,8.3663,8.3663,8.3664,8.3663,8.3699,8.3698,8.3699,8.3698,3
2014-10-28 02:42:00,2014-10-28 02:45:00,8.3663,8.3663,8.3663,8.3661,8.3698,8.3698,8.3698,8.3698,2
2014-10-28 02:45:00,2014-10-28 02:47:00,8.3663,8.3664,8.3664,8.3661,8.3698,8.3699,8.37,8.3698,14
2014-10-28 02:47:00,2014-10-28 02:48:00,8.3664,8.3661,8.3664,8.3661,8.3699,8.3697,8.3699,8.3696,19
2014-10-28 02:48:00,2014-10-28 02:49:00,8.3661,8.3662,8.3662,8.3662,8.3697,8.3697,8.3697,8.3697,1
2014-10-28 02:49:00,2014-10-28 02:51:00,8.3662,8.3661,8.3664,8.3661,8.3697,8.3696,8.3699,8.3696,14
2014-10-28 02:51:00,2014-10-28 02:52:00,8.3661,8.3673,8.3673,8.3672,8.3696,8.3697,8.3697,8.3696,3
2014-10-28 02:52:00,2014-10-28 02:55:00,8.3673,8.367,8.3673,8.3667,8.3697,8.36866,8.36944,8.36816,14
2014-10-28 02:55:00,2014-10-28 02:56:00,8.367,8.3672,8.3676,8.367,8.36866,8.36915,8.37,8.36866,18
2014-10-28 02:56:00,2014-10-28 02:57:00,8.3672,8.3673,8.3676,8.3672,8.36915,8.3697,8.37,8.36915,16
2014-10-28 02:57:00,2014-10-28 03:00:00,8.3673,8.3672,8.3674,8.3672,8.3697,8.3696,8.3698,8.3696,6
2014-10-28 03:00:00,2014-10-28 03:01:00,8.3672,8.3671,8.3672,8.3671,8.3696,8.3695,8.3695,8.3695,2
2014-10-28 03:01:00,2014-10-28 03:02:00,8.3671,8.3674,8.3674,8.3671,8.3695,8.3699,8.3699,8.3695,41
2014-10-28 03:02:00,2014-10-28 03:03:00,8.3674,8.3669,8.3677,8.3669,8.3699,8.36934,8.3701,8.3691,55
2014-10-28 03:03:00,2014-10-28 03:04:00,8.3669,8.3676,8.3677,8.367,8.36934,8.37,8.3701,8.36934,29
2014-10-28 03:04:00,2014-10-28 03:05:00,8.3676,8.3677,8.3677,8.3674,8.37,8.3701,8.37016,8.37,15
2014-10-28 03:05:00,2014-10-28 03:06:00,8.3677,8.3675,8.3677,8.3673,8.3701,8.3699,8.3701,8.3699,14
2014-10-28 03:06:00,2014-10-28 03:07:00,8.3675,8.3676,8.3677,8.3673,8.3699,8.3699,8.3701,8.3698,30
2014-10-28 03:07:00,2014-10-28 03:08:00,8.3676,8.3675,8.3677,8.3674,8.3699,8.3699,8.3701,8.3699,69
2014-10-28 03:08:00,2014-10-28 03:09:00,8.3675,8.3673,8.3677,8.3673,8.3699,8.37,8.3701,8.3698,45
2014-10-28 03:09:00,2014-10-28 03:10:00,8.3673,8.3682,8.3682,8.368,8.37,8.3717,8.3718,8.37,13
2014-10-28 03:10:00,2014-10-28 03:11:00,8.3682,8.3682,8.3683,8.3682,8.3717,8.3717,8.3718,8.3717,4
2014-10-28 03:11:00,2014-10-28 03:12:00,8.3682,8.3682,8.3682,8.3682,8.3717,8.3717,8.3718,8.3717,2
2014-10-28 03:12:00,2014-10-28 03:13:00,8.3682,8.3675,8.3682,8.3675,8.3717,8.3701,8.3717,8.3701,19
2014-10-28 03:13:00,2014-10-28 03:14:00,8.3675,8.3688,8.3688,8.3652,8.3701,8.3719,8.3747,8.3704,25
2014-10-28 03:14:00,2014-10-28 03:15:00,8.3688,8.3678,8.36966,8.3678,8.3719,8.37173,8.3722,8.37173,36
2014-10-28 03:15:00,2014-10-28 03:16:00,8.3678,8.3697,8.3697,8.36753,8.37173,8.37249,8.37249,8.37171,27
2014-10-28 03:16:00,2014-10-28 03:17:00,8.3697,8.3697,8.3697,8.36966,8.37249,8.37249,8.37249,8.37249,2
2014-10-28 03:17:00,2014-10-28 03:18:00,8.3697,8.3692,8.36966,8.3692,8.37249,8.3723,8.3725,8.3723,13
2014-10-28 03:18:00,2014-10-28 03:19:00,8.3692,8.3694,8.3694,8.3691,8.3723,8.3722,8.3722,8.3722,3
2014-10-28 03:19:00,2014-10-28 03:22:00,8.3694,8.3701,8.3701,8.3698,8.3722,8.3726,8.3726,8.3722,3
2014-10-28 03:22:00,2014-10-28 03:23:00,8.3701,8.37,8.3701,8.37,8.3726,8.3725,8.3725,8.3725,2
2014-10-28 03:23:00,2014-10-28 03:25:00,8.37,8.37,8.37,8.37,8.3725,8.3721,8.3723,8.3721,2
2014-10-28 03:25:00,2014-10-28 03:28:00,8.37,8.36986,8.36986,8.36847,8.3721,8.37269,8.37332,8.37269,3
2014-10-28 03:28:00,2014-10-28 03:29:00,8.36986,8.3701,8.3702,8.3701,8.37269,8.3722,8.3722,8.3721,4
2014-10-28 03:29:00,2014-10-28 03:30:00,8.3701,8.3676,8.3701,8.36728,8.3722,8.3714,8.3721,8.3714,14
2014-10-28 03:30:00,2014-10-28 03:31:00,8.3676,8.3672,8.3677,8.3672,8.3714,8.3701,8.3715,8.3701,14
2014-10-28 03:31:00,2014-10-28 03:32:00,8.3672,8.3688,8.3708,8.36711,8.3701,8.3735,8.37428,8.3698,39
2014-10-28 03:32:00,2014-10-28 03:33:00,8.3688,8.3693,8.3696,8.369,8.3735,8.37318,8.3738,8.37318,11
2014-10-28 03:33:00,2014-10-28 03:34:00,8.3693,8.3644,8.37044,8.36434,8.37318,8.3737,8.37685,8.37204,32
2014-10-28 03:34:00,2014-10-28 03:35:00,8.3644,8.36715,8.3685,8.36434,8.3737,8.3701,8.3744,8.3698,61
2014-10-28 03:35:00,2014-10-28 03:36:00,8.36715,8.3708,8.3708,8.3671,8.3701,8.3736,8.3737,8.3701,18
2014-10-28 03:36:00,2014-10-28 03:37:00,8.3708,8.3708,8.3708,8.3707,8.3736,8.3736,8.3736,8.3735,3
2014-10-28 03:37:00,2014-10-28 03:38:00,8.3708,8.3707,8.3708,8.3707,8.3736,8.3735,8.3735,8.3735,2
2014-10-28 03:38:00,2014-10-28 03:43:00,8.3706,8.36847,8.3706,8.36847,8.3734,8.37387,8.37387,8.37387,2
2014-10-28 03:43:00,2014-10-28 03:44:00,8.36847,8.36826,8.36893,8.36826,8.37387,8.37366,8.37433,8.37366,18
2014-10-28 03:44:00,2014-10-28 03:45:00,8.36826,8.36854,8.36888,8.36821,8.37366,8.37394,8.37428,8.37354,10
2014-10-28 03:45:00,2014-10-28 03:46:00,8.36854,8.36847,8.36892,8.36824,8.37394,8.37387,8.37432,8.37364,21
2014-10-28 03:46:00,2014-10-28 03:47:00,8.36847,8.36871,8.36876,8.36845,8.37387,8.37411,8.37416,8.37385,7
2014-10-28 03:47:00,2014-10-28 03:48:00,8.36871,8.3683,8.3689,8.36826,8.37411,8.3737,8.3743,8.37366,19
2014-10-28 03:48:00,2014-10-28 03:49:00,8.3683,8.36847,8.36848,8.36846,8.3737,8.37387,8.37388,8.37386,4
2014-10-28 03:49:00,2014-10-28 03:50:00,8.36847,8.36849,8.36904,8.36827,8.37387,8.37389,8.37444,8.37363,11
2014-10-28 03:50:00,2014-10-28 03:51:00,8.36849,8.3707,8.3707,8.36827,8.37389,8.3735,8.37397,8.3735,7
2014-10-28 03:51:00,2014-10-28 03:52:00,8.3707,8.3706,8.3707,8.3706,8.3735,8.3734,8.3734,8.3734,2
2014-10-28 03:52:00,2014-10-28 03:54:00,8.3706,8.3707,8.3707,8.3707,8.3734,8.3735,8.3735,8.3734,2
2014-10-28 03:54:00,2014-10-28 03:55:00,8.3707,8.3706,8.3706,8.3706,8.3735,8.3734,8.3735,8.3734,2
2014-10-28 03:55:00,2014-10-28 03:57:00,8.3705,8.3706,8.3706,8.3706,8.3733,8.3734,8.3734,8.3734,1
2014-10-28 03:57:00,2014-10-28 03:58:00,8.3706,8.3705,8.3706,8.3705,8.3734,8.3733,8.3733,8.3733,2
2014-10-28 03:58:00,2014-10-28 04:00:00,8.3705,8.3704,8.3704,8.3704,8.3733,8.3733,8.3733,8.3733,1
2014-10-28 04:00:00,2014-10-28 04:01:00,8.3704,8.37033,8.3706,8.3685,8.3733,8.3737,8.37375,8.3704,46
2014-10-28 04:01:00,2014-10-28 04:02:00,8.37033,8.37033,8.37033,8.3702,8.3737,8.3736,8.3737,8.3736,3
2014-10-28 04:02:00,2014-10-28 04:05:00,8.37033,8.37033,8.37033,8.36987,8.3736,8.3736,8.37389,8.3735,5
2014-10-28 04:05:00,2014-10-28 04:10:00,8.37033,8.37033,8.37033,8.37033,8.3736,8.3736,8.3737,8.3736,2
2014-10-28 04:10:00,2014-10-28 04:12:00,8.37033,8.37033,8.37033,8.37033,8.3736,8.3737,8.3737,8.3737,1
2014-10-28 04:12:00,2014-10-28 04:14:00,8.37033,8.37033,8.37033,8.37033,8.3738,8.3738,8.3738,8.3737,2
2014-10-28 04:14:00,2014-10-28 04:16:00,8.37033,8.37033,8.37033,8.37033,8.3737,8.3738,8.3738,8.3738,1
2014-10-28 04:16:00,2014-10-28 04:17:00,8.37033,8.37033,8.37033,8.37033,8.3738,8.3737,8.3737,8.3737,1
2014-10-28 04:17:00,2014-10-28 04:19:00,8.37033,8.37033,8.37033,8.37033,8.3737,8.3736,8.3736,8.3736,1
2014-10-28 04:19:00,2014-10-28 04:20:00,8.37033,8.37033,8.37033,8.37033,8.3736,8.3737,8.3737,8.3736,3
2014-10-28 04:20:00,2014-10-28 04:22:00,8.37033,8.37043,8.37043,8.3692,8.3737,8.3738,8.3738,8.37341,9
2014-10-28 04:22:00,2014-10-28 04:23:00,8.37043,8.37043,8.37043,8.37043,8.3738,8.3739,8.3739,8.3739,1
2014-10-28 04:23:00,2014-10-28 04:24:00,8.37043,8.37043,8.37043,8.37043,8.3739,8.3738,8.3738,8.3738,1
2014-10-28 04:24:00,2014-10-28 04:26:00,8.37043,8.37043,8.37043,8.37043,8.3738,8.3738,8.3739,8.3738,2
2014-10-28 04:26:00,2014-10-28 04:29:00,8.37043,8.37043,8.37043,8.37043,8.3738,8.37397,8.37398,8.37397,2
2014-10-28 04:29:00,2014-10-28 04:30:00,8.37043,8.37043,8.37043,8.37043,8.37397,8.37399,8.374,8.37399,2
2014-10-28 04:30:00,2014-10-28 04:31:00,8.37043,8.37043,8.37043,8.37043,8.37399,8.37399,8.37399,8.37397,3
2014-10-28 04:31:00,2014-10-28 04:33:00,8.37043,8.3693,8.37043,8.3693,8.37399,8.3715,8.37398,8.3715,12
2014-10-28 04:33:00,2014-10-28 04:36:00,8.3693,8.36926,8.3693,8.36926,8.3715,8.37209,8.37209,8.37209,2
2014-10-28 04:36:00,2014-10-28 04:37:00,8.36926,8.3695,8.3695,8.3694,8.37209,8.3717,8.3717,8.3716,2
2014-10-28 04:37:00,2014-10-28 04:42:00,8.3694,8.36926,8.36926,8.36926,8.3716,8.37209,8.37209,8.37209,1
2014-10-28 04:42:00,2014-10-28 04:45:00,8.36926,8.3694,8.3694,8.3693,8.37209,8.3716,8.3716,8.3715,2
2014-10-28 04:45:00,2014-10-28 04:49:00,8.3694,8.3695,8.3695,8.3695,8.3716,8.3717,8.3717,8.3717,1
2014-10-28 04:49:00,2014-10-28 04:51:00,8.3695,8.3694,8.3695,8.3694,8.3717,8.3716,8.3716,8.3716,2
2014-10-28 04:51:00,2014-10-28 04:54:00,8.3694,8.3694,8.3694,8.3693,8.3716,8.3716,8.3716,8.3715,3
2014-10-28 04:54:00,2014-10-28 04:55:00,8.3694,8.37001,8.37001,8.3693,8.3716,8.3719,8.372,8.3715,7
2014-10-28 04:55:00,2014-10-28 04:57:00,8.37001,8.37049,8.3705,8.37001,8.3719,8.37393,8.37397,8.3719,27
2014-10-28 04:57:00,2014-10-28 04:58:00,8.37049,8.3701,8.37049,8.3701,8.37393,8.37405,8.37405,8.374,3
2014-10-28 04:58:00,2014-10-28 04:59:00,8.3701,8.37,8.3701,8.37,8.37405,8.3729,8.3735,8.3729,5
2014-10-28 04:59:00,2014-10-28 05:00:00,8.37,8.3701,8.3701,8.3701,8.3729,8.373,8.373,8.373,1
2014-10-28 05:00:00,2014-10-28 05:01:00,8.3701,8.3701,8.3701,8.37,8.373,8.373,8.373,8.3729,3
2014-10-28 05:01:00,2014-10-28 05:04:00,8.3701,8.36915,8.3701,8.36915,8.373,8.37387,8.37387,8.37386,4
2014-10-28 05:04:00,2014-10-28 05:05:00,8.36915,8.37,8.3701,8.36917,8.37387,8.3729,8.37387,8.3729,5
2014-10-28 05:05:00,2014-10-28 05:06:00,8.37,8.37041,8.37041,8.37011,8.3729,8.3728,8.3729,8.3728,3
2014-10-28 05:06:00,2014-10-28 05:09:00,8.37041,8.37041,8.37041,8.37041,8.3728,8.37354,8.37354,8.37354,1
2014-10-28 05:09:00,2014-10-28 05:10:00,8.37041,8.37041,8.37041,8.37041,8.37354,8.3727,8.3727,8.3727,1
2014-10-28 05:10:00,2014-10-28 05:11:00,8.37041,8.37041,8.37041,8.3698,8.3727,8.3727,8.3728,8.3727,4
2014-10-28 05:11:00,2014-10-28 05:12:00,8.37041,8.37041,8.37041,8.37041,8.3727,8.3728,8.3729,8.3727,4
2014-10-28 05:12:00,2014-10-28 05:13:00,8.37041,8.37041,8.37041,8.3699,8.3728,8.3725,8.3729,8.3725,5
2014-10-28 05:13:00,2014-10-28 05:14:00,8.37041,8.37041,8.37041,8.37041,8.3725,8.3726,8.3726,8.3726,1
2014-10-28 05:14:00,2014-10-28 05:15:00,8.37041,8.37041,8.37041,8.37041,8.3726,8.3725,8.3725,8.3725,1
2014-10-28 05:15:00,2014-10-28 05:17:00,8.37041,8.37041,8.37041,8.37041,8.3725,8.3724,8.3724,8.3724,1
2014-10-28 05:17:00,2014-10-28 05:19:00,8.37041,8.3713,8.3713,8.37041,8.3724,8.37364,8.37364,8.3723,17
2014-10-28 05:19:00,2014-10-28 05:20:00,8.3713,8.3713,8.3714,8.3713,8.37364,8.37364,8.37364,8.37364,2
2014-10-28 05:20:00,2014-10-28 05:22:00,8.3713,8.3712,8.3716,8.3712,8.37364,8.37364,8.37537,8.37364,14
2014-10-28 05:22:00,2014-10-28 05:23:00,8.3712,8.3714,8.3714,8.3711,8.37364,8.37364,8.37364,8.37364,3
2014-10-28 05:23:00,2014-10-28 05:24:00,8.3714,8.3713,8.3713,8.371,8.37364,8.37364,8.37364,8.37364,3
2014-10-28 05:24:00,2014-10-28 05:25:00,8.3713,8.371,8.3711,8.371,8.37364,8.37364,8.37364,8.37364,2
2014-10-28 05:25:00,2014-10-28 05:27:00,8.371,8.3706,8.371,8.3705,8.37364,8.37364,8.37364,8.37364,28
2014-10-28 05:27:00,2014-10-28 05:28:00,8.3706,8.3705,8.3708,8.3705,8.37364,8.37364,8.37364,8.37364,80
2014-10-28 05:28:00,2014-10-28 05:29:00,8.3705,8.3706,8.3708,8.3705,8.37364,8.37364,8.37364,8.37364,78
2014-10-28 05:29:00,2014-10-28 05:30:00,8.3706,8.37041,8.3708,8.37041,8.37364,8.3723,8.37364,8.3723,41
2014-10-28 05:30:00,2014-10-28 05:31:00,8.37041,8.3705,8.3706,8.37011,8.3723,8.3745,8.3745,8.3724,18
2014-10-28 05:31:00,2014-10-28 05:34:00,8.3705,8.37046,8.3705,8.37046,8.3745,8.37495,8.37495,8.37495,2
2014-10-28 05:34:00,2014-10-28 05:35:00,8.37046,8.3712,8.3712,8.37046,8.37495,8.3748,8.3749,8.37439,12
2014-10-28 05:35:00,2014-10-28 05:36:00,8.3712,8.3712,8.3712,8.371,8.3748,8.3746,8.3749,8.3746,10
2014-10-28 05:36:00,2014-10-28 05:37:00,8.3712,8.3713,8.3714,8.3711,8.3746,8.375,8.375,8.3747,18
2014-10-28 05:37:00,2014-10-28 05:38:00,8.3713,8.3708,8.3714,8.3708,8.375,8.3733,8.3751,8.3732,17
2014-10-28 05:38:00,2014-10-28 05:39:00,8.3708,8.37075,8.3708,8.37075,8.3733,8.3732,8.3732,8.3732,2
2014-10-28 05:39:00,2014-10-28 05:40:00,8.37075,8.3711,8.3711,8.37075,8.3732,8.3736,8.3736,8.3732,8
2014-10-28 05:40:00,2014-10-28 05:41:00,8.3711,8.3712,8.3712,8.3709,8.3736,8.3737,8.3737,8.3735,4
2014-10-28 05:41:00,2014-10-28 05:42:00,8.3712,8.3712,8.3712,8.3711,8.3737,8.3737,8.3737,8.3736,4
2014-10-28 05:42:00,2014-10-28 05:43:00,8.3712,8.3713,8.3713,8.3713,8.3737,8.3737,8.3737,8.3737,1
2014-10-28 05:43:00,2014-10-28 05:44:00,8.3713,8.3711,8.3714,8.371,8.3737,8.3737,8.3738,8.3735,18
2014-10-28 05:44:00,2014-10-28 05:47:00,8.371,8.3711,8.3711,8.371,8.3736,8.3737,8.3737,8.3736,4
2014-10-28 05:47:00,2014-10-28 05:48:00,8.3711,8.3711,8.3711,8.371,8.3737,8.3737,8.3737,8.3736,3
2014-10-28 05:48:00,2014-10-28 05:49:00,8.3711,8.371,8.3711,8.371,8.3737,8.3736,8.3736,8.3736,2
2014-10-28 05:49:00,2014-10-28 05:50:00,8.371,8.3711,8.3711,8.3711,8.3736,8.3737,8.3737,8.3737,1
2014-10-28 05:50:00,2014-10-28 05:53:00,8.3711,8.37065,8.37065,8.37065,8.3737,8.37505,8.37505,8.37505,1
2014-10-28 05:53:00,2014-10-28 05:55:00,8.37065,8.37065,8.37065,8.37065,8.37505,8.37508,8.37508,8.37508,1
2014-10-28 05:55:00,2014-10-28 05:56:00,8.37065,8.3708,8.3708,8.37065,8.37508,8.3734,8.37515,8.3734,4
2014-10-28 05:56:00,2014-10-28 05:57:00,8.3708,8.3709,8.3709,8.3708,8.3734,8.3735,8.3735,8.3735,2
2014-10-28 05:57:00,2014-10-28 06:00:00,8.3709,8.371,8.371,8.371,8.3735,8.3736,8.3736,8.3736,1
2014-10-28 06:00:00,2014-10-28 06:02:00,8.371,8.3713,8.3714,8.3709,8.3736,8.3752,8.3753,8.3735,9
2014-10-28 06:02:00,2014-10-28 06:03:00,8.3713,8.3724,8.3724,8.3713,8.3752,8.3753,8.3764,8.3753,12
2014-10-28 06:03:00,2014-10-28 06:04:00,8.3724,8.3723,8.3724,8.3723,8.3753,8.3752,8.3752,8.3752,2
2014-10-28 06:04:00,2014-10-28 06:05:00,8.3723,8.3715,8.3723,8.3709,8.3752,8.37635,8.37845,8.3751,20
2014-10-28 06:05:00,2014-10-28 06:06:00,8.3715,8.3715,8.3715,8.3714,8.37635,8.37637,8.37668,8.37624,10
2014-10-28 06:06:00,2014-10-28 06:07:00,8.3715,8.3712,8.3716,8.371,8.37637,8.37626,8.37677,8.37625,28
2014-10-28 06:07:00,2014-10-28 06:08:00,8.3712,8.3712,8.3712,8.3712,8.37626,8.37615,8.37619,8.37615,3
2014-10-28 06:08:00,2014-10-28 06:09:00,8.3712,8.3733,8.3733,8.3712,8.37615,8.378,8.378,8.3762,15
2014-10-28 06:09:00,2014-10-28 06:10:00,8.3733,8.3735,8.3735,8.3733,8.378,8.37827,8.37832,8.37824,6
2014-10-28 06:10:00,2014-10-28 06:11:00,8.3735,8.3707,8.3735,8.3704,8.37827,8.37558,8.37845,8.3743,39
2014-10-28 06:11:00,2014-10-28 06:12:00,8.3707,8.3707,8.3707,8.3707,8.37558,8.37568,8.37569,8.37568,2
2014-10-28 06:12:00,2014-10-28 06:13:00,8.3707,8.3707,8.3708,8.3707,8.37568,8.37569,8.3757,8.37568,5
2014-10-28 06:13:00,2014-10-28 06:14:00,8.3707,8.3708,8.3708,8.3708,8.37569,8.3758,8.3758,8.37569,3
2014-10-28 06:14:00,2014-10-28 06:15:00,8.3708,8.3709,8.3709,8.3709,8.3758,8.3758,8.3758,8.3758,1
2014-10-28 06:15:00,2014-10-28 06:16:00,8.3709,8.3708,8.3708,8.3708,8.3758,8.37568,8.3758,8.37546,6
2014-10-28 06:16:00,2014-10-28 06:17:00,8.3708,8.3709,8.37098,8.3708,8.37568,8.37585,8.37635,8.3756,22
2014-10-28 06:17:00,2014-10-28 06:18:00,8.3709,8.3709,8.3709,8.3709,8.37585,8.37593,8.37593,8.37592,2
2014-10-28 06:18:00,2014-10-28 06:19:00,8.3709,8.3709,8.3709,8.3708,8.37593,8.37584,8.37593,8.37584,5
2014-10-28 06:19:00,2014-10-28 06:20:00,8.3709,8.3709,8.3709,8.3709,8.37584,8.37583,8.37585,8.37583,2
2014-10-28 06:20:00,2014-10-28 06:21:00,8.3709,8.371,8.371,8.3709,8.37583,8.37614,8.37632,8.37585,9
2014-10-28 06:21:00,2014-10-28 06:22:00,8.371,8.371,8.371,8.371,8.37614,8.37613,8.37615,8.37613,2
2014-10-28 06:22:00,2014-10-28 06:23:00,8.371,8.371,8.371,8.371,8.37613,8.37603,8.37603,8.3758,3
2014-10-28 06:23:00,2014-10-28 06:24:00,8.371,8.3709,8.371,8.3709,8.37603,8.37578,8.37612,8.37573,5
2014-10-28 06:24:00,2014-10-28 06:25:00,8.3709,8.3709,8.3709,8.3709,8.37578,8.37588,8.37588,8.3758,2
2014-10-28 06:25:00,2014-10-28 06:26:00,8.3709,8.3708,8.3709,8.3708,8.37588,8.37582,8.37597,8.37582,4
2014-10-28 06:26:00,2014-10-28 06:27:00,8.3708,8.3716,8.37741,8.3708,8.37582,8.3779,8.3796,8.3756,53
2014-10-28 06:27:00,2014-10-28 06:28:00,8.3716,8.3706,8.3717,8.3705,8.3779,8.3741,8.37711,8.374,36
2014-10-28 06:28:00,2014-10-28 06:29:00,8.3706,8.3712,8.3733,8.3706,8.3741,8.3785,8.379,8.37413,29
2014-10-28 06:29:00,2014-10-28 06:30:00,8.3712,8.37042,8.37227,8.3704,8.3785,8.3739,8.37742,8.3739,63
2014-10-28 06:30:00,2014-10-28 06:31:00,8.37042,8.3705,8.3705,8.3705,8.3739,8.374,8.374,8.374,1
2014-10-28 06:31:00,2014-10-28 06:32:00,8.3705,8.3712,8.3712,8.3705,8.374,8.37595,8.37625,8.37403,18
2014-10-28 06:32:00,2014-10-28 06:33:00,8.3712,8.3708,8.3712,8.3708,8.37595,8.37525,8.37601,8.37525,6
2014-10-28 06:33:00,2014-10-28 06:34:00,8.3708,8.37099,8.37474,8.37054,8.37525,8.37645,8.38064,8.37532,196
2014-10-28 06:34:00,2014-10-28 06:35:00,8.37099,8.37309,8.37402,8.3704,8.37645,8.3785,8.3786,8.3747,299
2014-10-28 06:35:00,2014-10-28 06:36:00,8.37309,8.3724,8.37389,8.37139,8.3785,8.37786,8.3785,8.37684,143
2014-10-28 06:36:00,2014-10-28 06:37:00,8.3724,8.3704,8.37353,8.3704,8.37786,8.37564,8.3784,8.37519,365
2014-10-28 06:37:00,2014-10-28 06:38:00,8.3704,8.37355,8.37355,8.3704,8.37564,8.3785,8.3785,8.37518,183
2014-10-28 06:38:00,2014-10-28 06:39:00,8.37355,8.37367,8.374,8.37355,8.3785,8.3784,8.3786,8.3784,6
2014-10-28 06:39:00,2014-10-28 06:40:00,8.37367,8.37318,8.37426,8.37161,8.3784,8.3786,8.3786,8.37706,68
2014-10-28 06:40:00,2014-10-28 06:41:00,8.37318,8.3711,8.37323,8.3707,8.3786,8.37655,8.3786,8.37572,66
2014-10-28 06:41:00,2014-10-28 06:42:00,8.3711,8.3745,8.3745,8.37109,8.37655,8.3777,8.37818,8.37654,19
2014-10-28 06:42:00,2014-10-28 06:43:00,8.3745,8.37015,8.3745,8.36987,8.3777,8.3733,8.3778,8.3725,36
2014-10-28 06:43:00,2014-10-28 06:44:00,8.37015,8.37015,8.37015,8.3699,8.3733,8.3737,8.3737,8.3733,6
2014-10-28 06:44:00,2014-10-28 06:45:00,8.37015,8.3705,8.37134,8.3702,8.3737,8.3739,8.374,8.3738,21
2014-10-28 06:45:00,2014-10-28 06:46:00,8.3705,8.3703,8.37228,8.3703,8.3739,8.3739,8.3745,8.3738,39
2014-10-28 06:46:00,2014-10-28 06:47:00,8.3703,8.3731,8.3732,8.3704,8.3739,8.37731,8.37731,8.3741,30
2014-10-28 06:47:00,2014-10-28 06:48:00,8.3731,8.3732,8.3735,8.3731,8.37731,8.37671,8.37729,8.37647,13
2014-10-28 06:48:00,2014-10-28 06:49:00,8.3732,8.37039,8.3732,8.3703,8.37671,8.37478,8.3767,8.37399,48
2014-10-28 06:49:00,2014-10-28 06:50:00,8.37039,8.37035,8.37209,8.3703,8.37478,8.37488,8.37618,8.37424,45
2014-10-28 06:50:00,2014-10-28 06:51:00,8.37035,8.37132,8.37259,8.3704,8.37488,8.3764,8.37728,8.37488,30
2014-10-28 06:51:00,2014-10-28 06:52:00,8.37132,8.37143,8.37188,8.37083,8.3764,8.3755,8.37628,8.375,26
2014-10-28 06:52:00,2014-10-28 06:53:00,8.37143,8.37272,8.37272,8.37171,8.3755,8.3757,8.3757,8.3755,7
2014-10-28 06:53:00,2014-10-28 06:54:00,8.37272,8.3747,8.3747,8.37228,8.3757,8.3763,8.3783,8.3754,30
2014-10-28 06:54:00,2014-10-28 06:55:00,8.3747,8.37499,8.37536,8.37404,8.3763,8.3771,8.3782,8.3761,25
2014-10-28 06:55:00,2014-10-28 06:56:00,8.37499,8.37352,8.37572,8.37352,8.3771,8.376,8.3784,8.376,35
2014-10-28 06:56:00,2014-10-28 06:57:00,8.37352,8.37513,8.37589,8.37199,8.376,8.3781,8.3791,8.3736,76
2014-10-28 06:57:00,2014-10-28 06:58:00,8.37513,8.37511,8.37523,8.3751,8.3781,8.3781,8.3781,8.3781,3
2014-10-28 06:58:00,2014-10-28 06:59:00,8.37511,8.37824,8.37824,8.37511,8.3781,8.3786,8.3787,8.3782,22
2014-10-28 06:59:00,2014-10-28 07:00:00,8.37824,8.3743,8.37864,8.3743,8.3786,8.3778,8.3787,8.3778,55
2014-10-28 07:00:00,2014-10-28 07:01:00,8.3743,8.37675,8.3773,8.3744,8.3778,8.3785,8.3791,8.3778,129
2014-10-28 07:01:00,2014-10-28 07:02:00,8.37675,8.3776,8.3776,8.3761,8.3785,8.3794,8.3794,8.3779,56
2014-10-28 07:02:00,2014-10-28 07:03:00,8.3776,8.3762,8.3778,8.3759,8.3794,8.378,8.3796,8.3777,38
2014-10-28 07:03:00,2014-10-28 07:04:00,8.3762,8.3765,8.3765,8.3759,8.378,8.3783,8.37839,8.3777,43
2014-10-28 07:04:00,2014-10-28 07:05:00,8.3765,8.37732,8.3777,8.3763,8.3783,8.3795,8.3796,8.3781,67
2014-10-28 07:05:00,2014-10-28 07:06:00,8.37732,8.37777,8.37802,8.37715,8.3795,8.3795,8.3795,8.3794,47
2014-10-28 07:06:00,2014-10-28 07:07:00,8.37777,8.3767,8.37805,8.3765,8.3795,8.3785,8.3795,8.3784,44
2014-10-28 07:07:00,2014-10-28 07:08:00,8.3767,8.3765,8.3767,8.3761,8.3785,8.3777,8.3786,8.37765,33
2014-10-28 07:08:00,2014-10-28 07:09:00,8.3765,8.3762,8.3763,8.3761,8.3777,8.37756,8.3778,8.37756,16
2014-10-28 07:09:00,2014-10-28 07:10:00,8.3762,8.3723,8.3761,8.3713,8.37756,8.3762,8.3776,8.3745,102
2014-10-28 07:10:00,2014-10-28 07:11:00,8.3723,8.3754,8.3755,8.37174,8.3762,8.3773,8.37742,8.3757,55
2014-10-28 07:11:00,2014-10-28 07:12:00,8.3754,8.3758,8.3758,8.3754,8.3773,8.37723,8.3786,8.3769,61
2014-10-28 07:12:00,2014-10-28 07:13:00,8.3758,8.3749,8.3775,8.3733,8.37723,8.3767,8.3795,8.3752,101
2014-10-28 07:13:00,2014-10-28 07:14:00,8.3749,8.37742,8.37742,8.3751,8.3767,8.3797,8.38017,8.37672,135
2014-10-28 07:14:00,2014-10-28 07:15:00,8.37742,8.3756,8.37742,8.3749,8.3797,8.37768,8.3797,8.3766,89
2014-10-28 07:15:00,2014-10-28 07:16:00,8.3756,8.3753,8.3756,8.3753,8.37768,8.3771,8.37766,8.37708,19
2014-10-28 07:16:00,2014-10-28 07:17:00,8.3753,8.3755,8.3766,8.3752,8.3771,8.3774,8.3782,8.377,146
2014-10-28 07:17:00,2014-10-28 07:18:00,8.3755,8.37563,8.37587,8.3755,8.3774,8.3774,8.3774,8.3773,20
2014-10-28 07:18:00,2014-10-28 07:19:00,8.37563,8.37592,8.3767,8.3752,8.3774,8.3778,8.3785,8.377,105
2014-10-28 07:19:00,2014-10-28 07:20:00,8.37592,8.3749,8.37667,8.3749,8.3778,8.3765,8.3786,8.3765,28
2014-10-28 07:20:00,2014-10-28 07:21:00,8.3749,8.3779,8.3779,8.3751,8.3765,8.38,8.38,8.3765,47
2014-10-28 07:21:00,2014-10-28 07:22:00,8.3779,8.3768,8.3779,8.3767,8.38,8.379,8.38,8.3789,56
2014-10-28 07:22:00,2014-10-28 07:23:00,8.3768,8.3768,8.3777,8.3767,8.379,8.37868,8.37943,8.37845,30
2014-10-28 07:23:00,2014-10-28 07:24:00,8.3768,8.3755,8.3766,8.3754,8.37868,8.3774,8.37868,8.3773,42
2014-10-28 07:24:00,2014-10-28 07:25:00,8.3755,8.37634,8.37643,8.3755,8.3774,8.3786,8.3786,8.3774,34
2014-10-28 07:25:00,2014-10-28 07:26:00,8.37634,8.3765,8.37693,8.37631,8.3786,8.378,8.379,8.378,23
2014-10-28 07:26:00,2014-10-28 07:27:00,8.3765,8.37729,8.3781,8.3746,8.378,8.3794,8.3798,8.376,77
2014-10-28 07:27:00,2014-10-28 07:28:00,8.37729,8.3779,8.3779,8.3766,8.3794,8.3796,8.3797,8.3781,45
2014-10-28 07:28:00,2014-10-28 07:29:00,8.3779,8.3788,8.3788,8.3779,8.3796,8.3797,8.38002,8.3796,29
2014-10-28 07:29:00,2014-10-28 07:30:00,8.3788,8.3795,8.381,8.37793,8.3797,8.38093,8.3833,8.37968,137
2014-10-28 07:30:00,2014-10-28 07:31:00,8.3795,8.3789,8.38,8.3789,8.38093,8.3804,8.3817,8.3802,21
2014-10-28 07:31:00,2014-10-28 07:32:00,8.3789,8.3793,8.3795,8.37894,8.3804,8.38093,8.38093,8.3804,21
2014-10-28 07:32:00,2014-10-28 07:33:00,8.3793,8.3793,8.37982,8.3792,8.38093,8.38098,8.3814,8.38093,27
2014-10-28 07:33:00,2014-10-28 07:34:00,8.3793,8.38,8.38,8.3793,8.38098,8.382,8.3822,8.3809,33
2014-10-28 07:34:00,2014-10-28 07:35:00,8.38,8.3811,8.3813,8.3798,8.382,8.3826,8.3829,8.3805,84
2014-10-28 07:35:00,2014-10-28 07:36:00,8.3811,8.3819,8.3819,8.3806,8.3826,8.3833,8.3833,8.3826,43
2014-10-28 07:36:00,2014-10-28 07:37:00,8.3819,8.3808,8.3818,8.38078,8.3833,8.3826,8.3833,8.3825,53
2014-10-28 07:37:00,2014-10-28 07:38:00,8.3808,8.37785,8.3808,8.37785,8.3826,8.3794,8.38252,8.3794,59
2014-10-28 07:38:00,2014-10-28 07:39:00,8.37785,8.3784,8.37876,8.37785,8.3794,8.37982,8.37982,8.3794,16
2014-10-28 07:39:00,2014-10-28 07:40:00,8.3784,8.3784,8.3784,8.3784,8.37982,8.38,8.38,8.37984,3
2014-10-28 07:40:00,2014-10-28 07:41:00,8.3784,8.37807,8.3784,8.37784,8.38,8.3791,8.3797,8.379,14
2014-10-28 07:41:00,2014-10-28 07:42:00,8.37807,8.3754,8.37792,8.3754,8.3791,8.3771,8.3791,8.3771,57
2014-10-28 07:42:00,2014-10-28 07:43:00,8.3754,8.37498,8.3755,8.3744,8.3771,8.37658,8.37719,8.37658,47
2014-10-28 07:43:00,2014-10-28 07:44:00,8.37498,8.3753,8.3753,8.375,8.37658,8.37658,8.37668,8.37658,19
2014-10-28 07:44:00,2014-10-28 07:45:00,8.3753,8.3754,8.3755,8.3754,8.37658,8.37658,8.37658,8.37658,3
2014-10-28 07:45:00,2014-10-28 07:46:00,8.3754,8.3753,8.3755,8.3752,8.37658,8.37658,8.37658,8.37658,5
2014-10-28 07:46:00,2014-10-28 07:47:00,8.3753,8.3749,8.3754,8.3749,8.37658,8.37593,8.37658,8.37593,9
2014-10-28 07:47:00,2014-10-28 07:48:00,8.3749,8.3737,8.3749,8.373,8.37593,8.37526,8.3761,8.3749,90
2014-10-28 07:48:00,2014-10-28 07:49:00,8.3737,8.3753,8.376,8.3722,8.37526,8.37643,8.3772,8.37356,128
2014-10-28 07:49:00,2014-10-28 07:50:00,8.3753,8.3753,8.3762,8.3751,8.37643,8.37643,8.37643,8.37643,19
2014-10-28 07:50:00,2014-10-28 07:51:00,8.3753,8.3753,8.3754,8.3751,8.37643,8.37662,8.37662,8.37596,15
2014-10-28 07:51:00,2014-10-28 07:52:00,8.3753,8.3754,8.3754,8.3752,8.37662,8.37643,8.37663,8.37604,15
2014-10-28 07:52:00,2014-10-28 07:53:00,8.3754,8.3756,8.3756,8.3753,8.37643,8.3765,8.3769,8.37643,13
2014-10-28 07:53:00,2014-10-28 07:54:00,8.3756,8.3756,8.3756,8.3755,8.3765,8.3767,8.3767,8.3765,11
2014-10-28 07:54:00,2014-10-28 07:55:00,8.3756,8.3756,8.3756,8.3755,8.3767,8.37643,8.3768,8.37643,10
2014-10-28 07:55:00,2014-10-28 07:56:00,8.3756,8.3756,8.3756,8.3755,8.37643,8.37688,8.37688,8.37643,13
2014-10-28 07:56:00,2014-10-28 07:57:00,8.3756,8.3756,8.3756,8.3755,8.37688,8.37684,8.37688,8.37684,3
2014-10-28 07:57:00,2014-10-28 07:58:00,8.3756,8.3798,8.3799,8.3756,8.37684,8.3815,8.3816,8.37684,49
2014-10-28 07:58:00,2014-10-28 07:59:00,8.3798,8.378,8.3799,8.378,8.3815,8.3817,8.3821,8.3803,113
2014-10-28 07:59:00,2014-10-28 08:00:00,8.378,8.3795,8.3803,8.3778,8.3817,8.38128,8.3821,8.38111,100
2014-10-28 08:00:00,2014-10-28 08:01:00,8.3795,8.38,8.38006,8.3793,8.38128,8.3818,8.3818,8.3806,57
2014-10-28 08:01:00,2014-10-28 08:02:00,8.38,8.3801,8.3802,8.3796,8.3818,8.3819,8.3819,8.38168,26
2014-10-28 08:02:00,2014-10-28 08:03:00,8.3801,8.3796,8.3803,8.3796,8.3819,8.38134,8.3819,8.38134,28
2014-10-28 08:03:00,2014-10-28 08:04:00,8.3796,8.3795,8.3798,8.3795,8.38134,8.38147,8.38177,8.38134,18
2014-10-28 08:04:00,2014-10-28 08:05:00,8.3795,8.3807,8.38127,8.3793,8.38147,8.3825,8.3828,8.38117,54
2014-10-28 08:05:00,2014-10-28 08:06:00,8.3807,8.37962,8.3807,8.37962,8.3825,8.3813,8.3826,8.3813,69
2014-10-28 08:06:00,2014-10-28 08:07:00,8.37962,8.3796,8.3798,8.37701,8.3813,8.3814,8.3816,8.37882,308
2014-10-28 08:07:00,2014-10-28 08:08:00,8.3796,8.3793,8.38035,8.3771,8.3814,8.3815,8.3819,8.3807,343
2014-10-28 08:08:00,2014-10-28 08:09:00,8.3793,8.3784,8.3796,8.3767,8.3815,8.3802,8.3816,8.3799,111
2014-10-28 08:09:00,2014-10-28 08:10:00,8.3784,8.3773,8.3786,8.37714,8.3802,8.3792,8.3802,8.3792,44
2014-10-28 08:10:00,2014-10-28 08:11:00,8.3773,8.3772,8.3773,8.3769,8.3792,8.37887,8.3792,8.3787,43
2014-10-28 08:11:00,2014-10-28 08:12:00,8.3772,8.37593,8.3787,8.37593,8.37887,8.3778,8.38023,8.3771,107
2014-10-28 08:12:00,2014-10-28 08:13:00,8.37593,8.3763,8.3763,8.37593,8.3778,8.3782,8.3788,8.3781,14
2014-10-28 08:13:00,2014-10-28 08:14:00,8.3763,8.37757,8.37757,8.37608,8.3782,8.3791,8.3792,8.3782,27
2014-10-28 08:14:00,2014-10-28 08:15:00,8.37757,8.3769,8.37833,8.3769,8.3791,8.37868,8.37978,8.37868,80
2014-10-28 08:15:00,2014-10-28 08:16:00,8.3769,8.37771,8.37826,8.37692,8.37868,8.3794,8.3799,8.37868,58
2014-10-28 08:16:00,2014-10-28 08:17:00,8.37771,8.37763,8.37818,8.37761,8.3794,8.3792,8.3798,8.3791,30
2014-10-28 08:17:00,2014-10-28 08:18:00,8.37763,8.37764,8.37859,8.3773,8.3792,8.3793,8.3798,8.37889,115
2014-10-28 08:18:00,2014-10-28 08:19:00,8.37764,8.37762,8.37827,8.37752,8.3793,8.37901,8.3798,8.37901,87
2014-10-28 08:19:00,2014-10-28 08:20:00,8.37762,8.37752,8.37762,8.37713,8.37901,8.3789,8.37922,8.37854,37
2014-10-28 08:20:00,2014-10-28 08:21:00,8.37752,8.3762,8.37747,8.37496,8.3789,8.37806,8.3789,8.3763,117
2014-10-28 08:21:00,2014-10-28 08:22:00,8.3762,8.37689,8.37691,8.3754,8.37806,8.37788,8.37806,8.3768,75
2014-10-28 08:22:00,2014-10-28 08:23:00,8.37689,8.37708,8.3771,8.37594,8.37788,8.3784,8.3784,8.37722,43
2014-10-28 08:23:00,2014-10-28 08:24:00,8.37708,8.37755,8.37755,8.3769,8.3784,8.379,8.379,8.3783,16
2014-10-28 08:24:00,2014-10-28 08:25:00,8.37755,8.378,8.37907,8.37734,8.379,8.37938,8.3804,8.379,73
2014-10-28 08:25:00,2014-10-28 08:26:00,8.378,8.3816,8.3824,8.37949,8.37938,8.38274,8.3836,8.3797,131
2014-10-28 08:26:00,2014-10-28 08:27:00,8.3816,8.3824,8.3826,8.3796,8.38274,8.3832,8.3837,8.3808,138
2014-10-28 08:27:00,2014-10-28 08:28:00,8.3824,8.3808,8.3821,8.3808,8.3832,8.38348,8.3839,8.3832,94
2014-10-28 08:28:00,2014-10-28 08:29:00,8.3808,8.37609,8.3802,8.37609,8.38348,8.3845,8.38512,8.37997,42
2014-10-28 08:29:00,2014-10-28 08:30:00,8.37609,8.3958,8.40565,8.37577,8.3845,8.3988,8.4088,8.3845,233
2014-10-28 08:30:00,2014-10-28 08:31:00,8.3958,8.39432,8.3974,8.3912,8.3988,8.3962,8.3996,8.3926,285
2014-10-28 08:31:00,2014-10-28 08:32:00,8.39432,8.3927,8.39569,8.3925,8.3962,8.39408,8.3974,8.39402,131
2014-10-28 08:32:00,2014-10-28 08:33:00,8.3927,8.3906,8.39279,8.3904,8.39408,8.39232,8.3953,8.39232,114
2014-10-28 08:33:00,2014-10-28 08:34:00,8.3906,8.3899,8.3913,8.3889,8.39232,8.3913,8.3928,8.39078,140
2014-10-28 08:34:00,2014-10-28 08:35:00,8.3899,8.3944,8.3944,8.38961,8.3913,8.3967,8.3967,8.391,109
2014-10-28 08:35:00,2014-10-28 08:36:00,8.3944,8.3953,8.3953,8.39169,8.3967,8.39693,8.39693,8.39312,134
2014-10-28 08:36:00,2014-10-28 08:37:00,8.3953,8.39841,8.4017,8.39554,8.39693,8.39993,8.40328,8.397,233
2014-10-28 08:37:00,2014-10-28 08:38:00,8.39841,8.39909,8.40183,8.39811,8.39993,8.40139,8.4034,8.3994,156
2014-10-28 08:38:00,2014-10-28 08:39:00,8.39909,8.39194,8.3994,8.39194,8.40139,8.39424,8.4015,8.39424,188
2014-10-28 08:39:00,2014-10-28 08:40:00,8.39194,8.39191,8.39287,8.39069,8.39424,8.3936,8.3946,8.392,134
2014-10-28 08:40:00,2014-10-28 08:41:00,8.39191,8.39167,8.3921,8.39152,8.3936,8.39338,8.3936,8.39338,18
2014-10-28 08:41:00,2014-10-28 08:42:00,8.39167,8.39156,8.3921,8.39156,8.39338,8.3933,8.39338,8.3933,7
2014-10-28 08:42:00,2014-10-28 08:43:00,8.39156,8.3914,8.39156,8.39132,8.3933,8.393,8.3933,8.393,42
2014-10-28 08:43:00,2014-10-28 08:44:00,8.3914,8.39042,8.3914,8.39042,8.393,8.3922,8.39318,8.3921,46
2014-10-28 08:44:00,2014-10-28 08:45:00,8.39042,8.39073,8.39073,8.39042,8.3922,8.39228,8.39228,8.3922,20
2014-10-28 08:45:00,2014-10-28 08:46:00,8.39073,8.39137,8.39149,8.39054,8.39228,8.3936,8.3936,8.3922,99
2014-10-28 08:46:00,2014-10-28 08:47:00,8.39137,8.3942,8.39543,8.3903,8.3936,8.3955,8.3981,8.3918,256
2014-10-28 08:47:00,2014-10-28 08:48:00,8.3942,8.39521,8.39626,8.3932,8.3955,8.3966,8.3991,8.395,274
2014-10-28 08:48:00,2014-10-28 08:49:00,8.39521,8.39347,8.3964,8.3926,8.3966,8.39577,8.3982,8.3952,182
2014-10-28 08:49:00,2014-10-28 08:50:00,8.39347,8.3965,8.4,8.3934,8.39577,8.3985,8.4014,8.39567,156
2014-10-28 08:50:00,2014-10-28 08:51:00,8.3965,8.39696,8.39905,8.39548,8.3985,8.39926,8.40098,8.3976,178
2014-10-28 08:51:00,2014-10-28 08:52:00,8.39696,8.3952,8.39696,8.3925,8.39926,8.3972,8.4011,8.39537,175
2014-10-28 08:52:00,2014-10-28 08:53:00,8.3952,8.392,8.39527,8.3919,8.3972,8.39372,8.3994,8.39361,182
2014-10-28 08:53:00,2014-10-28 08:54:00,8.392,8.39065,8.3921,8.3897,8.39372,8.39243,8.39372,8.39143,105
2014-10-28 08:54:00,2014-10-28 08:55:00,8.39065,8.3902,8.3906,8.3902,8.39243,8.39173,8.39243,8.39173,22
2014-10-28 08:55:00,2014-10-28 08:56:00,8.3902,8.3901,8.3902,8.3901,8.39173,8.3917,8.3918,8.3917,11
2014-10-28 08:56:00,2014-10-28 08:57:00,8.3901,8.3898,8.3901,8.3897,8.3917,8.39143,8.3918,8.39092,23
2014-10-28 08:57:00,2014-10-28 08:58:00,8.3898,8.39062,8.39128,8.3899,8.39143,8.392,8.39343,8.39129,64
2014-10-28 08:58:00,2014-10-28 08:59:00,8.39062,8.3902,8.39062,8.3901,8.392,8.39193,8.3923,8.39124,34
2014-10-28 08:59:00,2014-10-28 09:00:00,8.3902,8.3901,8.3905,8.3901,8.39193,8.3917,8.3926,8.3914,23
2014-10-28 09:00:00,2014-10-28 09:01:00,8.3901,8.3898,8.3904,8.38957,8.3917,8.3913,8.3918,8.3912,28
2014-10-28 09:01:00,2014-10-28 09:02:00,8.3898,8.38957,8.3901,8.38957,8.3913,8.3912,8.3913,8.3912,10
2014-10-28 09:02:00,2014-10-28 09:03:00,8.38957,8.39002,8.39002,8.38936,8.3912,8.3912,8.3912,8.3907,16
2014-10-28 09:03:00,2014-10-28 09:04:00,8.39002,8.3896,8.39006,8.38932,8.3912,8.391,8.3915,8.391,16
2014-10-28 09:04:00,2014-10-28 09:05:00,8.3896,8.38684,8.3901,8.38684,8.391,8.38877,8.3915,8.38877,49
2014-10-28 09:05:00,2014-10-28 09:06:00,8.38684,8.38572,8.3869,8.38509,8.38877,8.38738,8.3893,8.38628,127
2014-10-28 09:06:00,2014-10-28 09:07:00,8.38572,8.38584,8.38689,8.3856,8.38738,8.38757,8.3892,8.38727,121
2014-10-28 09:07:00,2014-10-28 09:08:00,8.38584,8.3858,8.3863,8.3858,8.38757,8.38708,8.3878,8.38708,24
2014-10-28 09:08:00,2014-10-28 09:09:00,8.3858,8.3861,8.3869,8.3851,8.38708,8.38784,8.38792,8.3863,64
2014-10-28 09:09:00,2014-10-28 09:10:00,8.3861,8.3865,8.3865,8.386,8.38784,8.388,8.388,8.3877,44
2014-10-28 09:10:00,2014-10-28 09:11:00,8.3865,8.38688,8.3869,8.3864,8.388,8.3881,8.3881,8.3879,13
2014-10-28 09:11:00,2014-10-28 09:12:00,8.38688,8.38688,8.38688,8.3868,8.3881,8.3881,8.3881,8.3881,2
2014-10-28 09:12:00,2014-10-28 09:13:00,8.38688,8.3887,8.38975,8.3861,8.3881,8.3901,8.39142,8.3878,130
2014-10-28 09:13:00,2014-10-28 09:14:00,8.3887,8.39014,8.3904,8.38677,8.3901,8.3918,8.39184,8.38793,144
2014-10-28 09:14:00,2014-10-28 09:15:00,8.39014,8.3883,8.39096,8.3881,8.3918,8.3898,8.3922,8.38943,126
2014-10-28 09:15:00,2014-10-28 09:16:00,8.3883,8.386,8.3885,8.3855,8.3898,8.38778,8.39017,8.3871,122
2014-10-28 09:16:00,2014-10-28 09:17:00,8.386,8.38482,8.3868,8.3847,8.38778,8.3862,8.389,8.38618,100
2014-10-28 09:17:00,2014-10-28 09:18:00,8.38482,8.38483,8.38483,8.3846,8.3862,8.3861,8.3861,8.3859,19
2014-10-28 09:18:00,2014-10-28 09:19:00,8.38483,8.3889,8.3889,8.3848,8.3861,8.3907,8.3907,8.3861,152
2014-10-28 09:19:00,2014-10-28 09:20:00,8.3889,8.3876,8.3893,8.3876,8.3907,8.3891,8.3908,8.3891,49
2014-10-28 09:20:00,2014-10-28 09:21:00,8.3876,8.3891,8.38952,8.3874,8.3891,8.3906,8.3908,8.3891,61
2014-10-28 09:21:00,2014-10-28 09:22:00,8.3891,8.38812,8.38908,8.38768,8.3906,8.38988,8.3906,8.38912,62
2014-10-28 09:22:00,2014-10-28 09:23:00,8.38812,8.38819,8.38979,8.3873,8.38988,8.38978,8.39083,8.38907,120
2014-10-28 09:23:00,2014-10-28 09:24:00,8.38819,8.38809,8.38819,8.3873,8.38978,8.38951,8.38988,8.3888,41
2014-10-28 09:24:00,2014-10-28 09:25:00,8.38809,8.3878,8.38809,8.3878,8.38951,8.38939,8.38969,8.38939,22
2014-10-28 09:25:00,2014-10-28 09:26:00,8.3878,8.3879,8.388,8.3878,8.38939,8.38962,8.38977,8.38941,26
2014-10-28 09:26:00,2014-10-28 09:27:00,8.3879,8.3865,8.3887,8.3857,8.38962,8.388,8.3901,8.38668,93
2014-10-28 09:27:00,2014-10-28 09:28:00,8.3865,8.387,8.3885,8.38567,8.388,8.38904,8.39,8.3879,143
2014-10-28 09:28:00,2014-10-28 09:29:00,8.387,8.3855,8.3874,8.3855,8.38904,8.38687,8.38928,8.38664,57
2014-10-28 09:29:00,2014-10-28 09:30:00,8.3855,8.38569,8.3871,8.38501,8.38687,8.3867,8.38884,8.3867,52
2014-10-28 09:30:00,2014-10-28 09:31:00,8.38569,8.38608,8.38608,8.3851,8.3867,8.3872,8.3872,8.3865,15
2014-10-28 09:31:00,2014-10-28 09:32:00,8.38608,8.3862,8.3869,8.3856,8.3872,8.38781,8.38816,8.3872,53
2014-10-28 09:32:00,2014-10-28 09:33:00,8.3862,8.3862,8.3862,8.38568,8.38781,8.38786,8.38786,8.38756,14
2014-10-28 09:33:00,2014-10-28 09:34:00,8.3862,8.3862,8.3862,8.3862,8.38786,8.38786,8.38791,8.38779,4
2014-10-28 09:34:00,2014-10-28 09:35:00,8.3862,8.3861,8.3873,8.3859,8.38786,8.38749,8.3885,8.38719,109
2014-10-28 09:35:00,2014-10-28 09:36:00,8.3861,8.3868,8.3871,8.3862,8.38749,8.38824,8.38843,8.38749,30
2014-10-28 09:36:00,2014-10-28 09:37:00,8.3868,8.3862,8.3871,8.3862,8.38824,8.38753,8.38842,8.38753,36
2014-10-28 09:37:00,2014-10-28 09:38:00,8.3862,8.39067,8.39067,8.38627,8.38753,8.3919,8.3919,8.38753,81
2014-10-28 09:38:00,2014-10-28 09:39:00,8.39067,8.39066,8.39113,8.39065,8.3919,8.3919,8.3925,8.3919,33
2014-10-28 09:39:00,2014-10-28 09:40:00,8.39066,8.3904,8.39064,8.3895,8.3919,8.3915,8.3919,8.3909,28
2014-10-28 09:40:00,2014-10-28 09:41:00,8.3904,8.39018,8.3903,8.3901,8.3915,8.3913,8.3915,8.3913,10
2014-10-28 09:41:00,2014-10-28 09:42:00,8.39018,8.39031,8.39103,8.39031,8.3913,8.3912,8.392,8.3911,59
2014-10-28 09:42:00,2014-10-28 09:43:00,8.39031,8.39045,8.39045,8.39033,8.3912,8.3915,8.3915,8.3912,10
2014-10-28 09:43:00,2014-10-28 09:44:00,8.39045,8.39042,8.39043,8.39042,8.3915,8.3914,8.3915,8.3914,3
2014-10-28 09:44:00,2014-10-28 09:45:00,8.39042,8.39041,8.39041,8.3904,8.3914,8.3913,8.3914,8.3913,3
2014-10-28 09:45:00,2014-10-28 09:46:00,8.39041,8.39041,8.39042,8.39039,8.3913,8.3915,8.3915,8.3913,10
2014-10-28 09:46:00,2014-10-28 09:47:00,8.39041,8.3906,8.39109,8.38995,8.3915,8.3919,8.3923,8.391,47
2014-10-28 09:47:00,2014-10-28 09:48:00,8.3906,8.39046,8.39109,8.39046,8.3919,8.3916,8.3923,8.3915,19
2014-10-28 09:48:00,2014-10-28 09:49:00,8.39046,8.39046,8.39047,8.39045,8.3916,8.3916,8.3917,8.3915,16
2014-10-28 09:49:00,2014-10-28 09:50:00,8.39046,8.39046,8.39046,8.39045,8.3916,8.3916,8.3916,8.3916,2
2014-10-28 09:50:00,2014-10-28 09:51:00,8.39046,8.39045,8.3905,8.39045,8.3916,8.3917,8.3917,8.3917,9
2014-10-28 09:51:00,2014-10-28 09:52:00,8.39045,8.39054,8.39054,8.39045,8.3917,8.39238,8.39238,8.3917,12
2014-10-28 09:52:00,2014-10-28 09:53:00,8.39054,8.39332,8.3946,8.3907,8.39238,8.3945,8.3956,8.39238,144
2014-10-28 09:53:00,2014-10-28 09:54:00,8.39332,8.39231,8.39371,8.39183,8.3945,8.3937,8.3945,8.3934,112
2014-10-28 09:54:00,2014-10-28 09:55:00,8.39231,8.39249,8.3925,8.392,8.3937,8.39378,8.39378,8.3936,38
2014-10-28 09:55:00,2014-10-28 09:56:00,8.39249,8.3922,8.39315,8.392,8.39378,8.3937,8.3939,8.3936,43
2014-10-28 09:56:00,2014-10-28 09:57:00,8.3922,8.39285,8.39318,8.39213,8.3937,8.3939,8.394,8.3936,44
2014-10-28 09:57:00,2014-10-28 09:58:00,8.39285,8.392,8.3933,8.39132,8.3939,8.3935,8.3941,8.39248,75
2014-10-28 09:58:00,2014-10-28 09:59:00,8.392,8.39115,8.39212,8.39108,8.3935,8.3926,8.3937,8.3926,74
2014-10-28 09:59:00,2014-10-28 10:00:00,8.39115,8.392,8.39302,8.39124,8.3926,8.3936,8.3938,8.3926,40
2014-10-28 10:00:00,2014-10-28 10:01:00,8.392,8.3922,8.39225,8.3918,8.3936,8.39342,8.3938,8.3934,27
2014-10-28 10:01:00,2014-10-28 10:02:00,8.3922,8.3922,8.3922,8.392,8.39342,8.39342,8.39347,8.39342,7
2014-10-28 10:02:00,2014-10-28 10:03:00,8.3922,8.39232,8.3926,8.392,8.39342,8.3938,8.39393,8.3936,28
2014-10-28 10:03:00,2014-10-28 10:04:00,8.39232,8.3927,8.3927,8.3922,8.3938,8.3939,8.39393,8.3938,16
2014-10-28 10:04:00,2014-10-28 10:05:00,8.3927,8.3937,8.3937,8.3927,8.3939,8.3951,8.3951,8.39397,32
2014-10-28 10:05:00,2014-10-28 10:06:00,8.3937,8.3947,8.3978,8.3937,8.3951,8.39643,8.39939,8.395,206
2014-10-28 10:06:00,2014-10-28 10:07:00,8.3947,8.39486,8.3952,8.3941,8.39643,8.3966,8.39677,8.3957,48
2014-10-28 10:07:00,2014-10-28 10:08:00,8.39486,8.3951,8.3951,8.39467,8.3966,8.39653,8.3966,8.39643,26
2014-10-28 10:08:00,2014-10-28 10:09:00,8.3951,8.395,8.396,8.395,8.39653,8.39653,8.39653,8.39653,10
2014-10-28 10:09:00,2014-10-28 10:10:00,8.395,8.39522,8.3955,8.3945,8.39653,8.3966,8.39677,8.39615,31
2014-10-28 10:10:00,2014-10-28 10:11:00,8.39522,8.39527,8.39527,8.3948,8.3966,8.3968,8.3968,8.3964,9
2014-10-28 10:11:00,2014-10-28 10:12:00,8.39527,8.39547,8.3962,8.39529,8.3968,8.3967,8.3978,8.3967,30
2014-10-28 10:12:00,2014-10-28 10:13:00,8.39547,8.39552,8.39606,8.39484,8.3967,8.39729,8.3977,8.3965,40
2014-10-28 10:13:00,2014-10-28 10:14:00,8.39552,8.3964,8.3964,8.3957,8.39729,8.39813,8.39813,8.39729,22
2014-10-28 10:14:00,2014-10-28 10:15:00,8.3964,8.3964,8.3965,8.3958,8.39813,8.39815,8.39815,8.3973,36
2014-10-28 10:15:00,2014-10-28 10:16:00,8.3964,8.39632,8.3964,8.39632,8.39815,8.3981,8.39815,8.3981,12
2014-10-28 10:16:00,2014-10-28 10:17:00,8.39632,8.39782,8.39782,8.39632,8.3981,8.40004,8.40004,8.39813,28
2014-10-28 10:17:00,2014-10-28 10:18:00,8.39782,8.39935,8.4012,8.39755,8.40004,8.40165,8.40203,8.39945,167
2014-10-28 10:18:00,2014-10-28 10:19:00,8.39935,8.40043,8.40062,8.39882,8.40165,8.40193,8.40239,8.40072,68
2014-10-28 10:19:00,2014-10-28 10:20:00,8.40043,8.40341,8.404,8.40043,8.40193,8.4044,8.40542,8.40193,131
2014-10-28 10:20:00,2014-10-28 10:21:00,8.40341,8.40093,8.40343,8.4008,8.4044,8.4032,8.4044,8.40263,103
2014-10-28 10:21:00,2014-10-28 10:22:00,8.40093,8.40271,8.40273,8.40086,8.4032,8.4039,8.4041,8.4029,39
2014-10-28 10:22:00,2014-10-28 10:23:00,8.40271,8.40078,8.40268,8.40075,8.4039,8.4022,8.4039,8.4015,46
2014-10-28 10:23:00,2014-10-28 10:24:00,8.40078,8.40078,8.40095,8.40078,8.4022,8.4022,8.4022,8.4022,8
2014-10-28 10:24:00,2014-10-28 10:25:00,8.40078,8.39961,8.40039,8.39933,8.4022,8.4012,8.4022,8.4009,31
2014-10-28 10:25:00,2014-10-28 10:26:00,8.39961,8.39984,8.40015,8.39941,8.4012,8.4016,8.4017,8.4009,34
2014-10-28 10:26:00,2014-10-28 10:27:00,8.39984,8.40028,8.40031,8.39983,8.4016,8.4021,8.4021,8.4016,18
2014-10-28 10:27:00,2014-10-28 10:28:00,8.40028,8.39991,8.40041,8.39973,8.4021,8.4017,8.4022,8.4017,43
2014-10-28 10:28:00,2014-10-28 10:29:00,8.39991,8.39814,8.4,8.39814,8.4017,8.3999,8.4019,8.3998,32
2014-10-28 10:29:00,2014-10-28 10:30:00,8.39814,8.3981,8.3981,8.3979,8.3999,8.3997,8.3999,8.39953,31
2014-10-28 10:30:00,2014-10-28 10:31:00,8.3981,8.39988,8.39988,8.39789,8.3997,8.40137,8.40137,8.39953,76
2014-10-28 10:31:00,2014-10-28 10:32:00,8.39988,8.40016,8.40037,8.39988,8.40137,8.40166,8.4019,8.40143,20
2014-10-28 10:32:00,2014-10-28 10:33:00,8.40016,8.40044,8.40063,8.399,8.40166,8.40202,8.40211,8.40084,48
2014-10-28 10:33:00,2014-10-28 10:34:00,8.40044,8.39953,8.40056,8.39942,8.40202,8.4011,8.40202,8.40097,111
2014-10-28 10:34:00,2014-10-28 10:35:00,8.39953,8.39952,8.39953,8.39952,8.4011,8.4011,8.4011,8.40109,3
2014-10-28 10:35:00,2014-10-28 10:36:00,8.39952,8.39972,8.39982,8.39932,8.4011,8.4008,8.40133,8.4008,22
2014-10-28 10:36:00,2014-10-28 10:37:00,8.39972,8.39978,8.39982,8.39893,8.4008,8.4009,8.40116,8.4005,17
2014-10-28 10:37:00,2014-10-28 10:38:00,8.39978,8.3986,8.39979,8.3985,8.4009,8.39965,8.40095,8.39965,38
2014-10-28 10:38:00,2014-10-28 10:39:00,8.3986,8.3985,8.3985,8.3985,8.39965,8.39965,8.39965,8.39965,1
2014-10-28 10:39:00,2014-10-28 10:41:00,8.3985,8.3984,8.3984,8.3984,8.39965,8.39965,8.39965,8.39965,1
2014-10-28 10:41:00,2014-10-28 10:42:00,8.3984,8.3982,8.3985,8.3982,8.39965,8.39975,8.39979,8.3994,13
2014-10-28 10:42:00,2014-10-28 10:43:00,8.3982,8.396,8.3982,8.39598,8.39975,8.398,8.39977,8.39768,73
2014-10-28 10:43:00,2014-10-28 10:44:00,8.396,8.39637,8.3971,8.3955,8.398,8.39801,8.39819,8.3973,92
2014-10-28 10:44:00,2014-10-28 10:45:00,8.39637,8.3973,8.39807,8.3963,8.39801,8.39891,8.39956,8.39778,144
2014-10-28 10:45:00,2014-10-28 10:46:00,8.3973,8.39807,8.3981,8.39634,8.39891,8.39966,8.39974,8.39774,59
2014-10-28 10:46:00,2014-10-28 10:47:00,8.39807,8.3976,8.3981,8.3973,8.39966,8.39909,8.39966,8.3989,74
2014-10-28 10:47:00,2014-10-28 10:48:00,8.3976,8.3971,8.39762,8.3969,8.39909,8.39834,8.3994,8.39822,35
2014-10-28 10:48:00,2014-10-28 10:49:00,8.3971,8.3981,8.3981,8.3971,8.39834,8.39954,8.39959,8.39836,18
2014-10-28 10:49:00,2014-10-28 10:50:00,8.3981,8.3992,8.3992,8.3981,8.39954,8.40093,8.40093,8.39951,53
2014-10-28 10:50:00,2014-10-28 10:51:00,8.3992,8.4003,8.4003,8.3994,8.40093,8.40177,8.40177,8.40093,30
2014-10-28 10:51:00,2014-10-28 10:52:00,8.4003,8.4011,8.4016,8.3997,8.40177,8.40263,8.40329,8.40125,88
2014-10-28 10:52:00,2014-10-28 10:53:00,8.4011,8.4006,8.4011,8.4006,8.40263,8.40179,8.4026,8.40179,22
2014-10-28 10:53:00,2014-10-28 10:54:00,8.4006,8.40103,8.40103,8.4006,8.40179,8.40212,8.40215,8.4018,9
2014-10-28 10:54:00,2014-10-28 10:55:00,8.40103,8.40103,8.40103,8.40103,8.40212,8.40215,8.40215,8.40213,5
2014-10-28 10:55:00,2014-10-28 10:56:00,8.40103,8.4022,8.4022,8.40103,8.40215,8.40338,8.4039,8.40261,28
2014-10-28 10:56:00,2014-10-28 10:57:00,8.4022,8.40301,8.40301,8.4022,8.40338,8.4041,8.40424,8.40338,26
2014-10-28 10:57:00,2014-10-28 10:58:00,8.40301,8.40307,8.40313,8.40301,8.4041,8.4041,8.4044,8.4041,10
2014-10-28 10:58:00,2014-10-28 10:59:00,8.40307,8.40827,8.40827,8.4023,8.4041,8.40945,8.40948,8.4037,100
2014-10-28 10:59:00,2014-10-28 11:00:00,8.40827,8.40392,8.40882,8.40306,8.40945,8.4048,8.4099,8.4045,190
2014-10-28 11:00:00,2014-10-28 11:01:00,8.40392,8.40357,8.40392,8.402,8.4048,8.40464,8.4047,8.40353,31
2014-10-28 11:01:00,2014-10-28 11:02:00,8.40357,8.40357,8.40357,8.40289,8.40464,8.40465,8.40465,8.4043,10
2014-10-28 11:02:00,2014-10-28 11:03:00,8.40357,8.40272,8.40357,8.40216,8.40465,8.4039,8.40413,8.4039,8
2014-10-28 11:03:00,2014-10-28 11:04:00,8.40272,8.403,8.403,8.40066,8.4039,8.40464,8.40464,8.4026,83
2014-10-28 11:04:00,2014-10-28 11:05:00,8.403,8.40312,8.40377,8.40264,8.40464,8.4045,8.4051,8.4044,61
2014-10-28 11:05:00,2014-10-28 11:06:00,8.40312,8.40212,8.40322,8.40168,8.4045,8.4033,8.4045,8.4033,47
2014-10-28 11:06:00,2014-10-28 11:07:00,8.40212,8.4013,8.40251,8.40096,8.4033,8.4027,8.4041,8.4027,43
2014-10-28 11:07:00,2014-10-28 11:08:00,8.4013,8.4013,8.4013,8.4013,8.4027,8.403,8.403,8.4027,5
2014-10-28 11:08:00,2014-10-28 11:11:00,8.4013,8.40287,8.40287,8.4012,8.403,8.4044,8.4044,8.4027,44
2014-10-28 11:11:00,2014-10-28 11:12:00,8.40287,8.40444,8.40538,8.4033,8.4044,8.4057,8.4075,8.4044,156
2014-10-28 11:12:00,2014-10-28 11:13:00,8.40444,8.40427,8.40448,8.40406,8.4057,8.4057,8.40583,8.4055,54
2014-10-28 11:13:00,2014-10-28 11:14:00,8.40427,8.40457,8.40486,8.4034,8.4057,8.4053,8.406,8.4049,18
2014-10-28 11:14:00,2014-10-28 11:15:00,8.40457,8.40523,8.40532,8.40457,8.4053,8.407,8.407,8.4055,20
2014-10-28 11:15:00,2014-10-28 11:16:00,8.40523,8.40666,8.40777,8.405,8.407,8.40828,8.4092,8.4061,141
2014-10-28 11:16:00,2014-10-28 11:17:00,8.40666,8.40721,8.40721,8.40625,8.40828,8.40868,8.409,8.40773,57
2014-10-28 11:17:00,2014-10-28 11:18:00,8.40721,8.4073,8.4073,8.4073,8.40868,8.40868,8.40868,8.40868,1
2014-10-28 11:18:00,2014-10-28 11:19:00,8.4073,8.40781,8.4081,8.40765,8.40868,8.40928,8.40991,8.40868,25
2014-10-28 11:19:00,2014-10-28 11:20:00,8.40781,8.4083,8.4084,8.4079,8.40928,8.40963,8.40984,8.40928,54
2014-10-28 11:20:00,2014-10-28 11:21:00,8.4083,8.4094,8.4094,8.4083,8.40963,8.41043,8.41059,8.40963,79
2014-10-28 11:21:00,2014-10-28 11:22:00,8.4094,8.4092,8.4094,8.4089,8.41043,8.41043,8.41043,8.41043,65
2014-10-28 11:22:00,2014-10-28 11:23:00,8.4092,8.4092,8.4092,8.4087,8.41043,8.41043,8.41043,8.40928,62
2014-10-28 11:23:00,2014-10-28 11:24:00,8.4092,8.4092,8.4093,8.4087,8.41043,8.41043,8.41043,8.41043,64
2014-10-28 11:24:00,2014-10-28 11:25:00,8.4092,8.4086,8.4093,8.4085,8.41043,8.40983,8.41043,8.40983,64
2014-10-28 11:25:00,2014-10-28 11:26:00,8.4086,8.4087,8.4087,8.4083,8.40983,8.41033,8.41055,8.40983,26
2014-10-28 11:26:00,2014-10-28 11:27:00,8.4087,8.4084,8.40871,8.4083,8.41033,8.41003,8.41033,8.41003,16
2014-10-28 11:27:00,2014-10-28 11:28:00,8.4084,8.4082,8.4089,8.4077,8.41003,8.40983,8.4105,8.40939,55
2014-10-28 11:28:00,2014-10-28 11:29:00,8.4082,8.4086,8.4088,8.4077,8.40983,8.41018,8.4105,8.40945,22
2014-10-28 11:29:00,2014-10-28 11:31:00,8.4086,8.4096,8.41009,8.408,8.41018,8.41143,8.41159,8.40958,49
2014-10-28 11:31:00,2014-10-28 11:32:00,8.4096,8.41027,8.41077,8.40961,8.41143,8.4119,8.4125,8.41128,50
2014-10-28 11:32:00,2014-10-28 11:33:00,8.41027,8.4101,8.4103,8.40961,8.4119,8.41188,8.41207,8.4114,25
2014-10-28 11:33:00,2014-10-28 11:34:00,8.4101,8.4099,8.41012,8.4097,8.41188,8.4114,8.41188,8.41116,30
2014-10-28 11:34:00,2014-10-28 11:35:00,8.4099,8.4109,8.4109,8.40992,8.4114,8.41231,8.41231,8.4114,26
2014-10-28 11:35:00,2014-10-28 11:36:00,8.4109,8.4118,8.4118,8.4108,8.41231,8.4132,8.41323,8.41238,32
2014-10-28 11:36:00,2014-10-28 11:37:00,8.4118,8.4148,8.4148,8.4117,8.4132,8.41601,8.41601,8.41304,119
2014-10-28 11:37:00,2014-10-28 11:38:00,8.4148,8.41502,8.4152,8.41498,8.41601,8.4165,8.41653,8.41601,21
2014-10-28 11:38:00,2014-10-28 11:39:00,8.41502,8.415,8.41522,8.4133,8.4165,8.41652,8.41667,8.41479,27
2014-10-28 11:39:00,2014-10-28 11:40:00,8.415,8.4153,8.4162,8.4149,8.41652,8.41683,8.41764,8.41613,68
2014-10-28 11:40:00,2014-10-28 11:41:00,8.4153,8.4163,8.41657,8.4153,8.41683,8.41785,8.41838,8.41683,81
2014-10-28 11:41:00,2014-10-28 11:42:00,8.4163,8.41942,8.41942,8.4163,8.41785,8.42092,8.42092,8.41746,95
2014-10-28 11:42:00,2014-10-28 11:43:00,8.41942,8.4202,8.4227,8.41942,8.42092,8.4219,8.42393,8.42106,87
2014-10-28 11:43:00,2014-10-28 11:44:00,8.4202,8.41875,8.4202,8.41842,8.4219,8.4205,8.42133,8.4199,71
2014-10-28 11:44:00,2014-10-28 11:45:00,8.41875,8.41822,8.4199,8.4175,8.4205,8.4196,8.4213,8.4189,52
2014-10-28 11:45:00,2014-10-28 11:46:00,8.41822,8.4189,8.41907,8.4183,8.4196,8.42019,8.42057,8.4196,31
2014-10-28 11:46:00,2014-10-28 11:47:00,8.4189,8.4203,8.4204,8.4192,8.42019,8.42169,8.4218,8.42019,25
2014-10-28 11:47:00,2014-10-28 11:48:00,8.4203,8.4204,8.4211,8.41933,8.42169,8.42179,8.4225,8.4211,54
2014-10-28 11:48:00,2014-10-28 11:49:00,8.4204,8.4199,8.4203,8.4197,8.42179,8.4209,8.4217,8.4208,20
2014-10-28 11:49:00,2014-10-28 11:50:00,8.4199,8.4204,8.4213,8.4198,8.4209,8.42175,8.42254,8.4209,31
2014-10-28 11:50:00,2014-10-28 11:51:00,8.4204,8.4205,8.4205,8.42,8.42175,8.42183,8.42183,8.42118,18
2014-10-28 11:51:00,2014-10-28 11:52:00,8.4205,8.4223,8.42262,8.4204,8.42183,8.4235,8.4238,8.4218,46
2014-10-28 11:52:00,2014-10-28 11:53:00,8.4223,8.4238,8.4238,8.4223,8.4235,8.4251,8.4251,8.4234,21
2014-10-28 11:53:00,2014-10-28 11:54:00,8.4238,8.4242,8.4252,8.4229,8.4251,8.42558,8.42694,8.4244,179
2014-10-28 11:54:00,2014-10-28 11:55:00,8.4242,8.4274,8.4274,8.4238,8.42558,8.4284,8.4284,8.4249,116
2014-10-28 11:55:00,2014-10-28 11:56:00,8.4274,8.4246,8.4274,8.4241,8.4284,8.4262,8.4285,8.4255,208
2014-10-28 11:56:00,2014-10-28 11:57:00,8.4246,8.42359,8.4255,8.4233,8.4262,8.4246,8.4275,8.4246,45
2014-10-28 11:57:00,2014-10-28 11:58:00,8.42359,8.4255,8.4256,8.42358,8.4246,8.4271,8.4273,8.42419,59
2014-10-28 11:58:00,2014-10-28 11:59:00,8.4255,8.4238,8.4254,8.4236,8.4271,8.425,8.4271,8.4249,60
2014-10-28 11:59:00,2014-10-28 12:00:00,8.4238,8.4266,8.4271,8.4239,8.425,8.4277,8.4285,8.425,167
2014-10-28 12:00:00,2014-10-28 12:01:00,8.4266,8.4263,8.4271,8.4263,8.4277,8.4277,8.4285,8.4277,16
2014-10-28 12:01:00,2014-10-28 12:02:00,8.4263,8.4276,8.4277,8.4264,8.4277,8.4292,8.42929,8.4277,35
2014-10-28 12:02:00,2014-10-28 12:03:00,8.4276,8.4302,8.4305,8.4273,8.4292,8.43157,8.43193,8.4287,54
2014-10-28 12:03:00,2014-10-28 12:04:00,8.4302,8.4326,8.4327,8.4285,8.43157,8.434,8.4341,8.42954,143
2014-10-28 12:04:00,2014-10-28 12:05:00,8.4326,8.4315,8.4326,8.4298,8.434,8.433,8.4339,8.431,113
2014-10-28 12:05:00,2014-10-28 12:06:00,8.4315,8.4317,8.4324,8.4302,8.433,8.4331,8.4338,8.4316,117
2014-10-28 12:06:00,2014-10-28 12:07:00,8.4317,8.43197,8.43206,8.43091,8.4331,8.4329,8.4333,8.4322,41
2014-10-28 12:07:00,2014-10-28 12:08:00,8.43197,8.43204,8.43264,8.43112,8.4329,8.4331,8.4339,8.4325,48
2014-10-28 12:08:00,2014-10-28 12:09:00,8.43204,8.4303,8.43204,8.4288,8.4331,8.4313,8.4331,8.4302,74
2014-10-28 12:09:00,2014-10-28 12:10:00,8.4303,8.4308,8.4309,8.42962,8.4313,8.4322,8.4323,8.431,43
2014-10-28 12:10:00,2014-10-28 12:11:00,8.4308,8.4313,8.43242,8.4311,8.4322,8.4326,8.4337,8.4324,71
2014-10-28 12:11:00,2014-10-28 12:12:00,8.4313,8.43197,8.43202,8.4313,8.4326,8.4329,8.4332,8.4327,14
2014-10-28 12:12:00,2014-10-28 12:13:00,8.43197,8.4308,8.43222,8.4306,8.4329,8.4323,8.4332,8.4322,55
2014-10-28 12:13:00,2014-10-28 12:14:00,8.4308,8.4308,8.4313,8.4308,8.4323,8.4321,8.4326,8.432,16
2014-10-28 12:14:00,2014-10-28 12:15:00,8.4308,8.43157,8.4319,8.4308,8.4321,8.4328,8.4331,8.43213,32
2014-10-28 12:15:00,2014-10-28 12:16:00,8.43157,8.4321,8.4324,8.4311,8.4328,8.4335,8.4335,8.43246,43
2014-10-28 12:16:00,2014-10-28 12:17:00,8.4321,8.4318,8.4332,8.4315,8.4335,8.4333,8.434,8.4329,100
2014-10-28 12:17:00,2014-10-28 12:18:00,8.4318,8.4315,8.432,8.4315,8.4333,8.43279,8.4334,8.43279,10
2014-10-28 12:18:00,2014-10-28 12:19:00,8.4315,8.4314,8.4315,8.43131,8.43279,8.43273,8.43273,8.43257,13
2014-10-28 12:19:00,2014-10-28 12:20:00,8.4314,8.43057,8.4313,8.43,8.43273,8.4318,8.4327,8.4311,71
2014-10-28 12:20:00,2014-10-28 12:21:00,8.43057,8.4277,8.4308,8.42719,8.4318,8.4291,8.4321,8.4291,106
2014-10-28 12:21:00,2014-10-28 12:22:00,8.4277,8.4298,8.4298,8.42734,8.4291,8.4311,8.4311,8.429,99
2014-10-28 12:22:00,2014-10-28 12:23:00,8.4298,8.4306,8.4311,8.4293,8.4311,8.43193,8.4325,8.4307,44
2014-10-28 12:23:00,2014-10-28 12:24:00,8.4306,8.4313,8.4317,8.4309,8.43193,8.43248,8.43306,8.43193,40
2014-10-28 12:24:00,2014-10-28 12:25:00,8.4313,8.43015,8.4313,8.42981,8.43248,8.4315,8.43236,8.4312,50
2014-10-28 12:25:00,2014-10-28 12:26:00,8.43015,8.4305,8.4318,8.4303,8.4315,8.43188,8.4332,8.4315,79
2014-10-28 12:26:00,2014-10-28 12:27:00,8.4305,8.43062,8.4317,8.4297,8.43188,8.43234,8.43307,8.4311,72
2014-10-28 12:27:00,2014-10-28 12:28:00,8.43062,8.4295,8.4329,8.4294,8.43234,8.4309,8.4339,8.43087,112
2014-10-28 12:28:00,2014-10-28 12:29:00,8.4295,8.431,8.431,8.4283,8.4309,8.4333,8.4338,8.4293,91
2014-10-28 12:29:00,2014-10-28 12:30:00,8.431,8.43576,8.4378,8.4268,8.4333,8.4377,8.4395,8.4333,139
2014-10-28 12:30:00,2014-10-28 12:31:00,8.43576,8.43457,8.4378,8.43169,8.4377,8.4359,8.43928,8.4334,293
2014-10-28 12:31:00,2014-10-28 12:32:00,8.43457,8.4378,8.4396,8.43451,8.4359,8.43911,8.4405,8.4361,226
2014-10-28 12:32:00,2014-10-28 12:33:00,8.4378,8.43859,8.4393,8.4366,8.43911,8.4397,8.4407,8.4379,143
2014-10-28 12:33:00,2014-10-28 12:34:00,8.43859,8.4407,8.4413,8.4362,8.4397,8.44201,8.44267,8.4385,200
2014-10-28 12:34:00,2014-10-28 12:35:00,8.4407,8.443,8.4437,8.4405,8.44201,8.4443,8.4449,8.44183,114
2014-10-28 12:35:00,2014-10-28 12:36:00,8.443,8.44605,8.4473,8.4428,8.4443,8.4475,8.4484,8.4441,212
2014-10-28 12:36:00,2014-10-28 12:37:00,8.44605,8.44457,8.44613,8.44337,8.4475,8.4461,8.4478,8.4443,137
2014-10-28 12:37:00,2014-10-28 12:38:00,8.44457,8.44145,8.44467,8.4412,8.4461,8.4425,8.4461,8.4423,151
2014-10-28 12:38:00,2014-10-28 12:39:00,8.44145,8.4428,8.44281,8.4406,8.4425,8.4442,8.4442,8.4419,88
2014-10-28 12:39:00,2014-10-28 12:40:00,8.4428,8.4437,8.4457,8.4428,8.4442,8.44517,8.4471,8.44402,173
2014-10-28 12:40:00,2014-10-28 12:41:00,8.4437,8.4445,8.4447,8.44248,8.44517,8.4459,8.4461,8.4436,193
2014-10-28 12:41:00,2014-10-28 12:42:00,8.4445,8.44497,8.44497,8.4445,8.4459,8.4462,8.4462,8.44573,13
2014-10-28 12:42:00,2014-10-28 12:43:00,8.44497,8.4423,8.4451,8.4421,8.4462,8.4437,8.44665,8.44341,76
2014-10-28 12:43:00,2014-10-28 12:44:00,8.4423,8.44338,8.44338,8.4415,8.4437,8.4448,8.4448,8.4429,125
2014-10-28 12:44:00,2014-10-28 12:45:00,8.44338,8.4424,8.44407,8.4419,8.4448,8.4437,8.445,8.4428,165
2014-10-28 12:45:00,2014-10-28 12:46:00,8.4424,8.4422,8.44332,8.4419,8.4437,8.4436,8.4445,8.4433,100
2014-10-28 12:46:00,2014-10-28 12:47:00,8.4422,8.4443,8.4443,8.442,8.4436,8.44556,8.44556,8.4433,88
2014-10-28 12:47:00,2014-10-28 12:48:00,8.4443,8.4439,8.4443,8.44285,8.44556,8.44519,8.44521,8.44414,46
2014-10-28 12:48:00,2014-10-28 12:49:00,8.4439,8.446,8.4474,8.4439,8.44519,8.4472,8.4492,8.4453,92
2014-10-28 12:49:00,2014-10-28 12:50:00,8.446,8.4492,8.4493,8.4461,8.4472,8.45046,8.4507,8.44716,172
2014-10-28 12:50:00,2014-10-28 12:51:00,8.4492,8.45308,8.4533,8.4492,8.45046,8.4541,8.4545,8.4506,71
2014-10-28 12:51:00,2014-10-28 12:52:00,8.45308,8.4459,8.45308,8.4459,8.4541,8.4473,8.4541,8.44709,179
2014-10-28 12:52:00,2014-10-28 12:53:00,8.4459,8.44327,8.4466,8.44295,8.4473,8.4446,8.44834,8.4445,88
2014-10-28 12:53:00,2014-10-28 12:54:00,8.44327,8.4435,8.4438,8.4432,8.4446,8.4456,8.446,8.4446,94
2014-10-28 12:54:00,2014-10-28 12:55:00,8.4435,8.44143,8.4435,8.44143,8.4456,8.443,8.4456,8.44291,74
2014-10-28 12:55:00,2014-10-28 12:56:00,8.44143,8.44076,8.44189,8.438,8.443,8.4427,8.4439,8.4395,229
2014-10-28 12:56:00,2014-10-28 12:57:00,8.44076,8.44047,8.44123,8.43904,8.4427,8.4418,8.4432,8.4407,154
2014-10-28 12:57:00,2014-10-28 12:58:00,8.44047,8.44044,8.44214,8.43846,8.4418,8.442,8.4439,8.4398,239
2014-10-28 12:58:00,2014-10-28 12:59:00,8.44044,8.4394,8.44477,8.4384,8.442,8.4415,8.4456,8.44005,249
2014-10-28 12:59:00,2014-10-28 13:00:00,8.4394,8.44253,8.4436,8.4396,8.4415,8.44431,8.44518,8.4413,185
2014-10-28 13:00:00,2014-10-28 13:01:00,8.44253,8.44186,8.4438,8.44186,8.44431,8.4432,8.445,8.4432,84
2014-10-28 13:01:00,2014-10-28 13:02:00,8.44186,8.4445,8.44744,8.44207,8.4432,8.44635,8.4488,8.44316,175
2014-10-28 13:02:00,2014-10-28 13:03:00,8.4445,8.4441,8.4443,8.4416,8.44635,8.44577,8.44635,8.44284,159
2014-10-28 13:03:00,2014-10-28 13:04:00,8.4441,8.4424,8.44453,8.4423,8.44577,8.4442,8.44646,8.44366,115
2014-10-28 13:04:00,2014-10-28 13:05:00,8.4424,8.4426,8.4429,8.4424,8.4442,8.4442,8.44472,8.44409,92
2014-10-28 13:05:00,2014-10-28 13:06:00,8.4426,8.4405,8.4426,8.4403,8.4442,8.4421,8.4441,8.4419,40
2014-10-28 13:06:00,2014-10-28 13:07:00,8.4405,8.43956,8.44124,8.4395,8.4421,8.44102,8.443,8.44097,114
2014-10-28 13:07:00,2014-10-28 13:08:00,8.43956,8.43832,8.44052,8.4383,8.44102,8.4399,8.4421,8.4399,77
2014-10-28 13:08:00,2014-10-28 13:09:00,8.43832,8.43782,8.4386,8.4356,8.4399,8.43888,8.4399,8.43718,183
2014-10-28 13:09:00,2014-10-28 13:10:00,8.43782,8.4375,8.44013,8.43665,8.43888,8.43923,8.44174,8.43802,226
2014-10-28 13:10:00,2014-10-28 13:11:00,8.4375,8.437,8.43924,8.43668,8.43923,8.43868,8.44132,8.4384,159
2014-10-28 13:11:00,2014-10-28 13:12:00,8.437,8.43602,8.4382,8.4352,8.43868,8.43766,8.43994,8.43644,153
2014-10-28 13:12:00,2014-10-28 13:13:00,8.43602,8.4366,8.43699,8.4354,8.43766,8.4384,8.43857,8.4367,85
2014-10-28 13:13:00,2014-10-28 13:14:00,8.4366,8.4411,8.4411,8.43663,8.4384,8.44268,8.44269,8.43803,159
2014-10-28 13:14:00,2014-10-28 13:15:00,8.4411,8.441,8.44368,8.44011,8.44268,8.44206,8.44509,8.44132,216
2014-10-28 13:15:00,2014-10-28 13:16:00,8.441,8.4417,8.44195,8.4394,8.44206,8.44261,8.44295,8.44079,109
2014-10-28 13:16:00,2014-10-28 13:17:00,8.4417,8.4424,8.4424,8.4417,8.44261,8.44381,8.44388,8.44282,42
2014-10-28 13:17:00,2014-10-28 13:18:00,8.4424,8.442,8.4423,8.4417,8.44381,8.44361,8.44423,8.44262,105
2014-10-28 13:18:00,2014-10-28 13:19:00,8.442,8.44178,8.44224,8.44178,8.44361,8.44312,8.44361,8.44312,35
2014-10-28 13:19:00,2014-10-28 13:20:00,8.44178,8.44055,8.44179,8.4394,8.44312,8.44164,8.4432,8.44102,139
2014-10-28 13:20:00,2014-10-28 13:21:00,8.44055,8.4391,8.4403,8.43821,8.44164,8.44064,8.4418,8.43944,95
2014-10-28 13:21:00,2014-10-28 13:22:00,8.4391,8.4385,8.4393,8.4384,8.44064,8.44022,8.44096,8.4401,72
2014-10-28 13:22:00,2014-10-28 13:23:00,8.4385,8.4381,8.4385,8.4381,8.44022,8.43962,8.44014,8.4394,23
2014-10-28 13:23:00,2014-10-28 13:24:00,8.4381,8.4395,8.4395,8.4381,8.43962,8.44157,8.44157,8.43962,54
2014-10-28 13:24:00,2014-10-28 13:25:00,8.4395,8.4402,8.4404,8.4395,8.44157,8.44173,8.4421,8.44127,80
2014-10-28 13:25:00,2014-10-28 13:26:00,8.4402,8.4386,8.4403,8.4381,8.44173,8.4399,8.4418,8.43955,64
2014-10-28 13:26:00,2014-10-28 13:27:00,8.4386,8.4391,8.4396,8.4368,8.4399,8.44014,8.44114,8.4379,210
2014-10-28 13:27:00,2014-10-28 13:28:00,8.4391,8.4396,8.4399,8.439,8.44014,8.44103,8.44144,8.4402,98
2014-10-28 13:28:00,2014-10-28 13:29:00,8.4396,8.43882,8.4396,8.4388,8.44103,8.44059,8.44103,8.43895,46
2014-10-28 13:29:00,2014-10-28 13:30:00,8.43882,8.4386,8.43882,8.43852,8.44059,8.4402,8.4406,8.4401,23
2014-10-28 13:30:00,2014-10-28 13:31:00,8.4386,8.4386,8.4386,8.4386,8.4402,8.4402,8.4403,8.4401,12
2014-10-28 13:31:00,2014-10-28 13:32:00,8.4386,8.4386,8.4386,8.43853,8.4402,8.43995,8.4403,8.43995,10
2014-10-28 13:32:00,2014-10-28 13:33:00,8.4386,8.43832,8.43916,8.43781,8.43995,8.4399,8.44051,8.4396,77
2014-10-28 13:33:00,2014-10-28 13:34:00,8.43832,8.4362,8.43832,8.4362,8.4399,8.43786,8.4398,8.43786,80
2014-10-28 13:34:00,2014-10-28 13:35:00,8.4362,8.436,8.4364,8.4358,8.43786,8.4376,8.4381,8.4376,30
2014-10-28 13:35:00,2014-10-28 13:36:00,8.436,8.4352,8.4359,8.4352,8.4376,8.4369,8.4376,8.4369,25
2014-10-28 13:36:00,2014-10-28 13:37:00,8.4352,8.4361,8.43636,8.4353,8.4369,8.43814,8.4383,8.4369,37
2014-10-28 13:37:00,2014-10-28 13:38:00,8.4361,8.4367,8.4367,8.4361,8.43814,8.43868,8.43868,8.43802,29
2014-10-28 13:38:00,2014-10-28 13:39:00,8.4367,8.43503,8.4367,8.43503,8.43868,8.4371,8.43868,8.4371,51
2014-10-28 13:39:00,2014-10-28 13:40:00,8.43503,8.43425,8.43514,8.43392,8.4371,8.43623,8.43722,8.4357,88
2014-10-28 13:40:00,2014-10-28 13:41:00,8.43425,8.43473,8.43644,8.43417,8.43623,8.43684,8.4382,8.43623,107
2014-10-28 13:41:00,2014-10-28 13:42:00,8.43473,8.43457,8.4355,8.43457,8.43684,8.4362,8.4373,8.4357,55
2014-10-28 13:42:00,2014-10-28 13:43:00,8.43457,8.43482,8.43553,8.43311,8.4362,8.43578,8.4369,8.4347,174
2014-10-28 13:43:00,2014-10-28 13:44:00,8.43482,8.43307,8.43516,8.4329,8.43578,8.4344,8.4369,8.4344,213
2014-10-28 13:44:00,2014-10-28 13:45:00,8.43307,8.43146,8.43346,8.43061,8.4344,8.43269,8.4344,8.4323,52
2014-10-28 13:45:00,2014-10-28 13:46:00,8.43146,8.43146,8.43146,8.43146,8.43269,8.4323,8.4327,8.4323,7
2014-10-28 13:46:00,2014-10-28 13:47:00,8.43146,8.43091,8.43146,8.43,8.4323,8.43236,8.43266,8.43147,60
2014-10-28 13:47:00,2014-10-28 13:48:00,8.43091,8.4314,8.43196,8.43021,8.43236,8.43298,8.43357,8.43161,136
2014-10-28 13:48:00,2014-10-28 13:49:00,8.4314,8.431,8.4315,8.431,8.43298,8.43248,8.43307,8.43248,84
2014-10-28 13:49:00,2014-10-28 13:50:00,8.431,8.4303,8.431,8.4303,8.43248,8.4319,8.43248,8.4319,36
2014-10-28 13:50:00,2014-10-28 13:51:00,8.4303,8.43068,8.43073,8.42902,8.4319,8.4322,8.4322,8.43076,144
2014-10-28 13:51:00,2014-10-28 13:52:00,8.43068,8.43227,8.4329,8.43068,8.4322,8.4337,8.4346,8.4324,59
2014-10-28 13:52:00,2014-10-28 13:53:00,8.43227,8.4321,8.43227,8.43208,8.4337,8.43362,8.4339,8.43352,31
2014-10-28 13:53:00,2014-10-28 13:54:00,8.4321,8.4327,8.4336,8.4321,8.43362,8.43393,8.43526,8.43361,79
2014-10-28 13:54:00,2014-10-28 13:55:00,8.4327,8.43152,8.4327,8.4281,8.43393,8.4332,8.43366,8.4294,232
2014-10-28 13:55:00,2014-10-28 13:56:00,8.43152,8.43352,8.43352,8.432,8.4332,8.4353,8.4353,8.4332,104
2014-10-28 13:56:00,2014-10-28 13:57:00,8.43352,8.4336,8.4336,8.4336,8.4353,8.4351,8.4354,8.4351,8
2014-10-28 13:57:00,2014-10-28 13:58:00,8.4336,8.43337,8.43381,8.4333,8.4351,8.43509,8.43524,8.4349,26
2014-10-28 13:58:00,2014-10-28 13:59:00,8.43337,8.4329,8.4334,8.4329,8.43509,8.4347,8.4351,8.4346,17
2014-10-28 13:59:00,2014-10-28 14:00:00,8.4329,8.4285,8.4329,8.4275,8.4347,8.43003,8.43752,8.43003,67
2014-10-28 14:00:00,2014-10-28 14:01:00,8.4285,8.4289,8.4292,8.4281,8.43003,8.43016,8.4308,8.42928,45
2014-10-28 14:01:00,2014-10-28 14:02:00,8.4289,8.42782,8.4289,8.4263,8.43016,8.4291,8.43,8.42787,109
2014-10-28 14:02:00,2014-10-28 14:03:00,8.42782,8.4286,8.43007,8.4276,8.4291,8.42953,8.4315,8.42889,198
2014-10-28 14:03:00,2014-10-28 14:04:00,8.4286,8.42782,8.4292,8.42781,8.42953,8.42934,8.4309,8.42913,108
2014-10-28 14:04:00,2014-10-28 14:05:00,8.42782,8.4278,8.4279,8.4276,8.42934,8.42935,8.42938,8.42915,44
2014-10-28 14:05:00,2014-10-28 14:06:00,8.4278,8.4283,8.429,8.4268,8.42935,8.4292,8.43046,8.42877,224
2014-10-28 14:06:00,2014-10-28 14:07:00,8.4283,8.4264,8.42786,8.4261,8.4292,8.42803,8.42974,8.42767,349
2014-10-28 14:07:00,2014-10-28 14:08:00,8.4264,8.42618,8.4276,8.42618,8.42803,8.4275,8.42924,8.42739,201
2014-10-28 14:08:00,2014-10-28 14:09:00,8.42618,8.4279,8.42805,8.42608,8.4275,8.4294,8.4294,8.42738,91
2014-10-28 14:09:00,2014-10-28 14:10:00,8.4279,8.4291,8.4291,8.42642,8.4294,8.43068,8.43072,8.4283,167
2014-10-28 14:10:00,2014-10-28 14:11:00,8.4291,8.42898,8.42907,8.42735,8.43068,8.43063,8.43068,8.4293,128
2014-10-28 14:11:00,2014-10-28 14:12:00,8.42898,8.42877,8.4291,8.42723,8.43063,8.4304,8.4307,8.4292,146
2014-10-28 14:12:00,2014-10-28 14:13:00,8.42877,8.42877,8.42877,8.4287,8.4304,8.4304,8.43049,8.4303,20
2014-10-28 14:13:00,2014-10-28 14:14:00,8.42877,8.42877,8.42877,8.42877,8.4304,8.43027,8.4305,8.43022,20
2014-10-28 14:14:00,2014-10-28 14:15:00,8.42877,8.42744,8.42881,8.42713,8.43027,8.4295,8.4304,8.429,193
2014-10-28 14:15:00,2014-10-28 14:16:00,8.42744,8.42726,8.42744,8.42682,8.4295,8.4292,8.42947,8.4283,69
2014-10-28 14:16:00,2014-10-28 14:17:00,8.42726,8.427,8.42728,8.427,8.4292,8.429,8.4292,8.429,21
2014-10-28 14:17:00,2014-10-28 14:18:00,8.427,8.4276,8.42788,8.42736,8.429,8.4289,8.429,8.4289,19
2014-10-28 14:18:00,2014-10-28 14:19:00,8.4276,8.42676,8.42772,8.42667,8.4289,8.42798,8.429,8.42798,34
2014-10-28 14:19:00,2014-10-28 14:20:00,8.42676,8.42686,8.42687,8.4265,8.42798,8.4283,8.4283,8.42798,21
2014-10-28 14:20:00,2014-10-28 14:21:00,8.42686,8.42663,8.42782,8.42655,8.4283,8.4282,8.4289,8.4282,32
2014-10-28 14:21:00,2014-10-28 14:22:00,8.42663,8.42697,8.42697,8.42663,8.4282,8.4283,8.4283,8.4283,6
2014-10-28 14:22:00,2014-10-28 14:23:00,8.42697,8.42656,8.42672,8.42651,8.4283,8.4282,8.4283,8.42803,23
2014-10-28 14:23:00,2014-10-28 14:24:00,8.42656,8.4275,8.4275,8.42656,8.4282,8.42932,8.42938,8.4283,40
2014-10-28 14:24:00,2014-10-28 14:25:00,8.4275,8.4278,8.4278,8.4275,8.42932,8.42938,8.42951,8.42893,82
2014-10-28 14:25:00,2014-10-28 14:26:00,8.4278,8.4284,8.4285,8.4278,8.42938,8.42965,8.42965,8.42893,10
2014-10-28 14:26:00,2014-10-28 14:27:00,8.4284,8.42943,8.4297,8.4283,8.42965,8.43136,8.43146,8.42965,44
2014-10-28 14:27:00,2014-10-28 14:28:00,8.42943,8.4299,8.4306,8.4292,8.43136,8.43145,8.43215,8.4307,123
2014-10-28 14:28:00,2014-10-28 14:29:00,8.4299,8.4314,8.4314,8.42971,8.43145,8.4335,8.4337,8.43136,59
2014-10-28 14:29:00,2014-10-28 14:30:00,8.4314,8.43224,8.4332,8.4303,8.4335,8.4337,8.4352,8.4328,140
2014-10-28 14:30:00,2014-10-28 14:31:00,8.43224,8.434,8.434,8.4321,8.4337,8.43543,8.4355,8.4334,127
2014-10-28 14:31:00,2014-10-28 14:32:00,8.434,8.4347,8.4351,8.4341,8.43543,8.43623,8.43672,8.43543,87
2014-10-28 14:32:00,2014-10-28 14:33:00,8.4347,8.4353,8.4356,8.4342,8.43623,8.43703,8.43705,8.43586,62
2014-10-28 14:33:00,2014-10-28 14:34:00,8.4353,8.4353,8.43671,8.435,8.43703,8.43708,8.43822,8.4368,88
2014-10-28 14:34:00,2014-10-28 14:35:00,8.4353,8.4355,8.43587,8.43522,8.43708,8.43728,8.4376,8.437,56
2014-10-28 14:35:00,2014-10-28 14:36:00,8.4355,8.4353,8.4355,8.4353,8.43728,8.43708,8.43728,8.43708,9
2014-10-28 14:36:00,2014-10-28 14:37:00,8.4353,8.43579,8.43607,8.4352,8.43708,8.43773,8.43814,8.43683,68
2014-10-28 14:37:00,2014-10-28 14:38:00,8.43579,8.4357,8.43604,8.43512,8.43773,8.4373,8.4378,8.43686,81
2014-10-28 14:38:00,2014-10-28 14:39:00,8.4357,8.43489,8.4357,8.43487,8.4373,8.4366,8.43711,8.43647,60
2014-10-28 14:39:00,2014-10-28 14:40:00,8.43489,8.4357,8.4357,8.43424,8.4366,8.43748,8.4375,8.4358,87
2014-10-28 14:40:00,2014-10-28 14:41:00,8.4357,8.43517,8.4357,8.4345,8.43748,8.4368,8.43727,8.4362,66
2014-10-28 14:41:00,2014-10-28 14:42:00,8.43517,8.4353,8.436,8.43514,8.4368,8.43688,8.4378,8.43662,91
2014-10-28 14:42:00,2014-10-28 14:43:00,8.4353,8.43377,8.4353,8.43281,8.43688,8.4354,8.43687,8.4343,185
2014-10-28 14:43:00,2014-10-28 14:44:00,8.43377,8.4343,8.4343,8.4337,8.4354,8.43604,8.43608,8.43538,15
2014-10-28 14:44:00,2014-10-28 14:45:00,8.4343,8.4337,8.4343,8.4335,8.43604,8.4353,8.43567,8.4351,53
2014-10-28 14:45:00,2014-10-28 14:46:00,8.4337,8.43382,8.434,8.4333,8.4353,8.43568,8.43585,8.4349,77
2014-10-28 14:46:00,2014-10-28 14:47:00,8.43382,8.4319,8.434,8.4319,8.43568,8.4334,8.43568,8.4334,44
2014-10-28 14:47:00,2014-10-28 14:48:00,8.4319,8.4321,8.4321,8.4318,8.4334,8.4334,8.4334,8.4334,3
2014-10-28 14:48:00,2014-10-28 14:49:00,8.4321,8.4298,8.432,8.4298,8.4334,8.43098,8.4334,8.43098,47
2014-10-28 14:49:00,2014-10-28 14:50:00,8.4298,8.4301,8.4301,8.4284,8.43098,8.4317,8.4317,8.43043,63
2014-10-28 14:50:00,2014-10-28 14:51:00,8.4301,8.42897,8.4302,8.42897,8.4317,8.4309,8.4317,8.4306,67
2014-10-28 14:51:00,2014-10-28 14:52:00,8.42897,8.4287,8.429,8.42852,8.4309,8.4303,8.43093,8.43027,28
2014-10-28 14:52:00,2014-10-28 14:53:00,8.4287,8.4287,8.4287,8.4286,8.4303,8.4303,8.4303,8.4303,2
2014-10-28 14:53:00,2014-10-28 14:54:00,8.4287,8.4291,8.4292,8.4287,8.4303,8.43038,8.43038,8.43038,9
2014-10-28 14:54:00,2014-10-28 14:55:00,8.4291,8.4291,8.4291,8.429,8.43038,8.43038,8.43038,8.43038,2
2014-10-28 14:55:00,2014-10-28 14:56:00,8.4291,8.429,8.429,8.429,8.43038,8.43038,8.43038,8.43038,1
2014-10-28 14:56:00,2014-10-28 14:57:00,8.429,8.429,8.4291,8.429,8.43038,8.43038,8.43038,8.43038,2
2014-10-28 14:57:00,2014-10-28 14:58:00,8.429,8.42988,8.43143,8.4291,8.43038,8.4319,8.4327,8.43023,121
2014-10-28 14:58:00,2014-10-28 14:59:00,8.42988,8.43038,8.43088,8.42988,8.4319,8.4319,8.4322,8.4316,38
2014-10-28 14:59:00,2014-10-28 15:00:00,8.43038,8.4299,8.43038,8.42982,8.4319,8.4314,8.43188,8.4314,14
2014-10-28 15:00:00,2014-10-28 15:01:00,8.4299,8.42993,8.43044,8.4298,8.4314,8.43168,8.4319,8.4314,57
2014-10-28 15:01:00,2014-10-28 15:02:00,8.42993,8.43023,8.43048,8.42982,8.43168,8.4314,8.43208,8.4308,51
2014-10-28 15:02:00,2014-10-28 15:03:00,8.43023,8.42913,8.43023,8.42913,8.4314,8.4298,8.4316,8.4298,69
2014-10-28 15:03:00,2014-10-28 15:04:00,8.42913,8.42981,8.42983,8.42913,8.4298,8.4304,8.4307,8.4298,49
2014-10-28 15:04:00,2014-10-28 15:05:00,8.42981,8.43007,8.43007,8.42769,8.4304,8.4306,8.4306,8.4289,75
2014-10-28 15:05:00,2014-10-28 15:06:00,8.43007,8.42782,8.43007,8.42748,8.4306,8.4291,8.4308,8.4287,117
2014-10-28 15:06:00,2014-10-28 15:07:00,8.42782,8.42781,8.42782,8.42781,8.4291,8.42922,8.42926,8.4291,31
2014-10-28 15:07:00,2014-10-28 15:08:00,8.42781,8.42793,8.4281,8.42781,8.42922,8.43,8.4301,8.42824,56
2014-10-28 15:08:00,2014-10-28 15:09:00,8.42793,8.42783,8.42968,8.42783,8.43,8.42963,8.4313,8.42957,167
2014-10-28 15:09:00,2014-10-28 15:10:00,8.42783,8.42782,8.4284,8.42782,8.42963,8.42943,8.42993,8.42943,56
2014-10-28 15:10:00,2014-10-28 15:11:00,8.42782,8.42782,8.42793,8.42782,8.42943,8.42943,8.42943,8.42943,5
2014-10-28 15:11:00,2014-10-28 15:12:00,8.42782,8.42781,8.42792,8.42781,8.42943,8.42914,8.42943,8.42914,13
2014-10-28 15:12:00,2014-10-28 15:13:00,8.42781,8.42781,8.42782,8.42781,8.42914,8.4289,8.42957,8.4289,15
2014-10-28 15:13:00,2014-10-28 15:14:00,8.42781,8.42789,8.42801,8.42781,8.4289,8.4297,8.4297,8.42894,34
2014-10-28 15:14:00,2014-10-28 15:15:00,8.42789,8.42784,8.42809,8.42768,8.4297,8.42933,8.4297,8.4293,21
2014-10-28 15:15:00,2014-10-28 15:16:00,8.42784,8.42809,8.42813,8.42781,8.42933,8.42973,8.43015,8.42933,30
2014-10-28 15:16:00,2014-10-28 15:17:00,8.42809,8.42781,8.42835,8.42781,8.42973,8.42933,8.4301,8.42933,82
2014-10-28 15:17:00,2014-10-28 15:18:00,8.42781,8.42781,8.42781,8.42781,8.42933,8.42884,8.4292,8.4287,7
2014-10-28 15:18:00,2014-10-28 15:19:00,8.42781,8.42781,8.42781,8.42781,8.42884,8.42894,8.42894,8.42894,1
2014-10-28 15:19:00,2014-10-28 15:21:00,8.42781,8.4283,8.4286,8.4278,8.42894,8.42992,8.4304,8.42845,49
2014-10-28 15:21:00,2014-10-28 15:22:00,8.4283,8.4259,8.429,8.4258,8.42992,8.42756,8.43067,8.42756,183
2014-10-28 15:22:00,2014-10-28 15:23:00,8.4259,8.42592,8.42662,8.4259,8.42756,8.4276,8.42872,8.42758,55
2014-10-28 15:23:00,2014-10-28 15:24:00,8.42592,8.42592,8.42592,8.42592,8.4276,8.42762,8.42762,8.4275,19
2014-10-28 15:24:00,2014-10-28 15:25:00,8.42592,8.42637,8.42637,8.42572,8.42762,8.4282,8.42833,8.4274,51
2014-10-28 15:25:00,2014-10-28 15:26:00,8.42637,8.42637,8.42637,8.4259,8.4282,8.4272,8.42823,8.427,18
2014-10-28 15:26:00,2014-10-28 15:27:00,8.42637,8.42805,8.42875,8.42637,8.4272,8.42908,8.4298,8.4272,50
2014-10-28 15:27:00,2014-10-28 15:28:00,8.42805,8.42681,8.42808,8.42655,8.42908,8.4286,8.42902,8.428,61
2014-10-28 15:28:00,2014-10-28 15:29:00,8.42681,8.4272,8.4281,8.4269,8.4286,8.42885,8.42954,8.4285,55
2014-10-28 15:29:00,2014-10-28 15:30:00,8.4272,8.4271,8.4272,8.4269,8.42885,8.42857,8.42896,8.42843,43
2014-10-28 15:30:00,2014-10-28 15:31:00,8.4271,8.4295,8.4298,8.4271,8.42857,8.43088,8.4311,8.4281,48
2014-10-28 15:31:00,2014-10-28 15:32:00,8.4295,8.42614,8.4295,8.4259,8.43088,8.4277,8.43086,8.4275,98
2014-10-28 15:32:00,2014-10-28 15:33:00,8.42614,8.4264,8.42672,8.42613,8.4277,8.42808,8.4281,8.4277,35
2014-10-28 15:33:00,2014-10-28 15:34:00,8.4264,8.42656,8.42722,8.42617,8.42808,8.4281,8.42914,8.42788,44
2014-10-28 15:34:00,2014-10-28 15:35:00,8.42656,8.42801,8.4292,8.42656,8.4281,8.4296,8.43073,8.4282,100
2014-10-28 15:35:00,2014-10-28 15:36:00,8.42801,8.42807,8.42938,8.42775,8.4296,8.4295,8.43111,8.4293,82
2014-10-28 15:36:00,2014-10-28 15:37:00,8.42807,8.42807,8.42807,8.42807,8.4295,8.4295,8.4296,8.4295,2
2014-10-28 15:37:00,2014-10-28 15:38:00,8.42807,8.42693,8.42913,8.4265,8.4295,8.42838,8.43037,8.42823,57
2014-10-28 15:38:00,2014-10-28 15:39:00,8.42693,8.42617,8.4271,8.42611,8.42838,8.42794,8.42903,8.42794,79
2014-10-28 15:39:00,2014-10-28 15:40:00,8.42617,8.42734,8.42734,8.42617,8.42794,8.4288,8.4288,8.4278,125
2014-10-28 15:40:00,2014-10-28 15:41:00,8.42734,8.4296,8.4296,8.4264,8.4288,8.4312,8.4312,8.42788,81
2014-10-28 15:41:00,2014-10-28 15:42:00,8.4296,8.4285,8.4297,8.42839,8.4312,8.43043,8.4313,8.43043,95
2014-10-28 15:42:00,2014-10-28 15:43:00,8.4285,8.4291,8.42925,8.4285,8.43043,8.43043,8.43043,8.4304,9
2014-10-28 15:43:00,2014-10-28 15:44:00,8.4291,8.4297,8.43005,8.42918,8.43043,8.4315,8.4316,8.43043,55
2014-10-28 15:44:00,2014-10-28 15:45:00,8.4297,8.42991,8.43008,8.4295,8.4315,8.4314,8.4314,8.4314,38
2014-10-28 15:45:00,2014-10-28 15:46:00,8.42991,8.4301,8.43011,8.4297,8.4314,8.4319,8.4321,8.4314,28
2014-10-28 15:46:00,2014-10-28 15:47:00,8.4301,8.4308,8.43103,8.4301,8.4319,8.4322,8.4324,8.4319,41
2014-10-28 15:47:00,2014-10-28 15:48:00,8.4308,8.4311,8.4329,8.43081,8.4322,8.43263,8.4345,8.4322,74
2014-10-28 15:48:00,2014-10-28 15:49:00,8.4311,8.4306,8.4315,8.4306,8.43263,8.43208,8.4331,8.43181,35
2014-10-28 15:49:00,2014-10-28 15:50:00,8.4306,8.4307,8.4307,8.4302,8.43208,8.43217,8.43219,8.43156,47
2014-10-28 15:50:00,2014-10-28 15:51:00,8.4307,8.4304,8.4311,8.4304,8.43217,8.43178,8.43243,8.43178,19
2014-10-28 15:51:00,2014-10-28 15:52:00,8.4304,8.4324,8.4327,8.4302,8.43178,8.43393,8.434,8.43156,79
2014-10-28 15:52:00,2014-10-28 15:53:00,8.4324,8.4332,8.4334,8.4324,8.43393,8.43467,8.435,8.43393,52
2014-10-28 15:53:00,2014-10-28 15:54:00,8.4332,8.4331,8.4332,8.4331,8.43467,8.43464,8.43464,8.43452,11
2014-10-28 15:54:00,2014-10-28 15:55:00,8.4331,8.4331,8.4336,8.4331,8.43464,8.43398,8.43486,8.43398,16
2014-10-28 15:55:00,2014-10-28 15:56:00,8.4331,8.4328,8.4329,8.4328,8.43398,8.43373,8.43398,8.43373,3
2014-10-28 15:56:00,2014-10-28 15:57:00,8.4328,8.4296,8.4329,8.42937,8.43373,8.43098,8.4339,8.43057,78
2014-10-28 15:57:00,2014-10-28 15:58:00,8.4296,8.42808,8.4296,8.4274,8.43098,8.4296,8.4311,8.42932,39
2014-10-28 15:58:00,2014-10-28 15:59:00,8.42808,8.4264,8.42804,8.42481,8.4296,8.4283,8.4296,8.4263,120
2014-10-28 15:59:00,2014-10-28 16:00:00,8.4264,8.42807,8.42819,8.4257,8.4283,8.42964,8.4297,8.42701,149
2014-10-28 16:00:00,2014-10-28 16:01:00,8.42807,8.428,8.42822,8.42748,8.42964,8.4296,8.4299,8.4288,63
2014-10-28 16:01:00,2014-10-28 16:02:00,8.428,8.4259,8.428,8.4259,8.4296,8.4275,8.42949,8.4274,54
2014-10-28 16:02:00,2014-10-28 16:03:00,8.4259,8.4248,8.42724,8.4248,8.4275,8.4277,8.42881,8.42731,173
2014-10-28 16:03:00,2014-10-28 16:04:00,8.4248,8.42568,8.4259,8.4245,8.4277,8.4275,8.42796,8.42615,67
2014-10-28 16:04:00,2014-10-28 16:05:00,8.42568,8.42507,8.42581,8.425,8.4275,8.4268,8.4275,8.4266,27
2014-10-28 16:05:00,2014-10-28 16:06:00,8.42507,8.4236,8.4257,8.4231,8.4268,8.425,8.42696,8.42484,58
2014-10-28 16:06:00,2014-10-28 16:07:00,8.4236,8.4236,8.42374,8.4236,8.425,8.425,8.4251,8.425,5
2014-10-28 16:07:00,2014-10-28 16:08:00,8.4236,8.42461,8.42461,8.42272,8.425,8.426,8.4263,8.4243,58
2014-10-28 16:08:00,2014-10-28 16:09:00,8.42461,8.42391,8.42461,8.42391,8.426,8.4255,8.4263,8.4253,21
2014-10-28 16:09:00,2014-10-28 16:10:00,8.42391,8.4245,8.42583,8.42391,8.4255,8.42623,8.42754,8.4253,65
2014-10-28 16:10:00,2014-10-28 16:11:00,8.4245,8.42557,8.42581,8.4245,8.42623,8.4274,8.4274,8.42623,44
2014-10-28 16:11:00,2014-10-28 16:12:00,8.42557,8.42492,8.42571,8.42492,8.4274,8.42662,8.42763,8.42661,67
2014-10-28 16:12:00,2014-10-28 16:13:00,8.42492,8.42946,8.43005,8.42483,8.42662,8.431,8.4319,8.42622,141
2014-10-28 16:13:00,2014-10-28 16:14:00,8.42946,8.42913,8.42969,8.42794,8.431,8.43123,8.43123,8.4295,40
2014-10-28 16:14:00,2014-10-28 16:15:00,8.42913,8.4276,8.43002,8.4276,8.43123,8.4292,8.4316,8.4292,64
2014-10-28 16:15:00,2014-10-28 16:16:00,8.4276,8.42751,8.4278,8.42738,8.4292,8.4291,8.4293,8.4289,34
2014-10-28 16:16:00,2014-10-28 16:17:00,8.42751,8.428,8.42806,8.42747,8.4291,8.4295,8.4297,8.4291,20
2014-10-28 16:17:00,2014-10-28 16:18:00,8.428,8.4274,8.42842,8.42727,8.4295,8.4289,8.4299,8.4289,71
2014-10-28 16:18:00,2014-10-28 16:19:00,8.4274,8.42772,8.42783,8.4271,8.4289,8.4296,8.4296,8.42875,66
2014-10-28 16:19:00,2014-10-28 16:20:00,8.42772,8.42773,8.42773,8.42768,8.4296,8.4296,8.4296,8.42954,7
2014-10-28 16:20:00,2014-10-28 16:21:00,8.42773,8.42771,8.42854,8.42761,8.4296,8.42931,8.4301,8.42901,25
2014-10-28 16:21:00,2014-10-28 16:22:00,8.42771,8.42765,8.42771,8.42764,8.42931,8.42908,8.42934,8.42896,12
2014-10-28 16:22:00,2014-10-28 16:23:00,8.42765,8.42814,8.42895,8.42765,8.42908,8.4296,8.4308,8.42892,68
2014-10-28 16:23:00,2014-10-28 16:24:00,8.42814,8.42849,8.42853,8.4281,8.4296,8.4296,8.4297,8.4295,16
2014-10-28 16:24:00,2014-10-28 16:25:00,8.42849,8.42841,8.4286,8.42791,8.4296,8.43001,8.43001,8.4295,32
2014-10-28 16:25:00,2014-10-28 16:26:00,8.42841,8.42849,8.42849,8.42839,8.43001,8.43009,8.43009,8.42999,4
2014-10-28 16:26:00,2014-10-28 16:27:00,8.42849,8.429,8.4299,8.42851,8.43009,8.43095,8.4314,8.42981,120
2014-10-28 16:27:00,2014-10-28 16:28:00,8.429,8.428,8.429,8.4279,8.43095,8.43004,8.43095,8.42996,46
2014-10-28 16:28:00,2014-10-28 16:29:00,8.428,8.4273,8.4281,8.4271,8.43004,8.42935,8.4302,8.42935,24
2014-10-28 16:29:00,2014-10-28 16:30:00,8.4273,8.427,8.42741,8.4266,8.42935,8.42888,8.4299,8.4288,26
2014-10-28 16:30:00,2014-10-28 16:31:00,8.427,8.426,8.43041,8.426,8.42888,8.42754,8.43195,8.4274,148
2014-10-28 16:31:00,2014-10-28 16:32:00,8.426,8.42565,8.426,8.42539,8.42754,8.42698,8.42751,8.42698,30
2014-10-28 16:32:00,2014-10-28 16:33:00,8.42565,8.42538,8.42629,8.42538,8.42698,8.42719,8.4277,8.42704,42
2014-10-28 16:33:00,2014-10-28 16:34:00,8.42538,8.4259,8.42655,8.4253,8.42719,8.4277,8.42849,8.42716,69
2014-10-28 16:34:00,2014-10-28 16:35:00,8.4259,8.4259,8.42591,8.4259,8.4277,8.4277,8.4277,8.4277,2
2014-10-28 16:35:00,2014-10-28 16:36:00,8.4259,8.4233,8.4259,8.4233,8.4277,8.42516,8.4277,8.42516,91
2014-10-28 16:36:00,2014-10-28 16:37:00,8.4233,8.42305,8.4233,8.42305,8.42516,8.4248,8.42504,8.4247,16
2014-10-28 16:37:00,2014-10-28 16:38:00,8.42305,8.4228,8.42305,8.4228,8.4248,8.42446,8.42482,8.42446,8
2014-10-28 16:38:00,2014-10-28 16:39:00,8.4228,8.42152,8.42292,8.42152,8.42446,8.42307,8.42457,8.42305,44
2014-10-28 16:39:00,2014-10-28 16:40:00,8.42152,8.42186,8.42234,8.4214,8.42307,8.4234,8.42381,8.42298,55
2014-10-28 16:40:00,2014-10-28 16:41:00,8.42186,8.4217,8.42212,8.42136,8.4234,8.42358,8.4236,8.4229,47
2014-10-28 16:41:00,2014-10-28 16:42:00,8.4217,8.42184,8.42191,8.4217,8.42358,8.4236,8.4237,8.42358,28
2014-10-28 16:42:00,2014-10-28 16:43:00,8.42184,8.4218,8.42191,8.42174,8.4236,8.4236,8.4237,8.4236,27
2014-10-28 16:43:00,2014-10-28 16:44:00,8.4218,8.42217,8.42306,8.42079,8.4236,8.42414,8.42446,8.42239,150
2014-10-28 16:44:00,2014-10-28 16:45:00,8.42217,8.42214,8.42218,8.4221,8.42414,8.42418,8.42428,8.42407,20
2014-10-28 16:45:00,2014-10-28 16:46:00,8.42214,8.42183,8.42231,8.42183,8.42418,8.4237,8.42424,8.4237,19
2014-10-28 16:46:00,2014-10-28 16:47:00,8.42183,8.42249,8.42274,8.42178,8.4237,8.4232,8.42419,8.42319,36
2014-10-28 16:47:00,2014-10-28 16:48:00,8.42249,8.42184,8.42265,8.421,8.4232,8.4232,8.4232,8.42245,63
2014-10-28 16:48:00,2014-10-28 16:49:00,8.42184,8.42227,8.42273,8.42187,8.4232,8.424,8.424,8.4231,19
2014-10-28 16:49:00,2014-10-28 16:50:00,8.42227,8.4215,8.42227,8.42092,8.424,8.42308,8.42397,8.42242,74
2014-10-28 16:50:00,2014-10-28 16:51:00,8.4215,8.42148,8.42191,8.42136,8.42308,8.42303,8.4235,8.42302,36
2014-10-28 16:51:00,2014-10-28 16:52:00,8.42148,8.42282,8.42293,8.42159,8.42303,8.4241,8.4246,8.4231,48
2014-10-28 16:52:00,2014-10-28 16:53:00,8.42282,8.42322,8.42322,8.4228,8.4241,8.4245,8.4245,8.424,19
2014-10-28 16:53:00,2014-10-28 16:54:00,8.42322,8.42199,8.42354,8.42134,8.4245,8.42339,8.4249,8.42305,100
2014-10-28 16:54:00,2014-10-28 16:55:00,8.42199,8.42204,8.42212,8.42199,8.42339,8.4233,8.4233,8.42304,14
2014-10-28 16:55:00,2014-10-28 16:56:00,8.42204,8.42234,8.42259,8.42204,8.4233,8.4239,8.4241,8.4233,43
2014-10-28 16:56:00,2014-10-28 16:57:00,8.42234,8.42227,8.42252,8.42227,8.4239,8.4239,8.424,8.4239,12
2014-10-28 16:57:00,2014-10-28 16:58:00,8.42227,8.42226,8.42227,8.42226,8.4239,8.4238,8.4239,8.4238,4
2014-10-28 16:58:00,2014-10-28 16:59:00,8.42226,8.42176,8.4222,8.42161,8.4238,8.42386,8.424,8.4235,34
2014-10-28 16:59:00,2014-10-28 17:00:00,8.42176,8.42239,8.42239,8.42163,8.42386,8.42411,8.42411,8.42389,22
2014-10-28 17:00:00,2014-10-28 17:01:00,8.42239,8.4224,8.42247,8.4224,8.42411,8.4244,8.42448,8.42413,15
2014-10-28 17:01:00,2014-10-28 17:02:00,8.4224,8.42243,8.42245,8.4224,8.4244,8.4243,8.4244,8.4243,11
2014-10-28 17:02:00,2014-10-28 17:03:00,8.42243,8.42179,8.42249,8.42175,8.4243,8.42435,8.42463,8.42413,25
2014-10-28 17:03:00,2014-10-28 17:04:00,8.42179,8.42191,8.42321,8.42176,8.42435,8.42351,8.42481,8.42309,49
2014-10-28 17:04:00,2014-10-28 17:05:00,8.42191,8.42242,8.42242,8.42234,8.42351,8.42402,8.42402,8.4239,4
2014-10-28 17:05:00,2014-10-28 17:06:00,8.42242,8.4209,8.42253,8.4209,8.42402,8.42237,8.42407,8.42235,26
2014-10-28 17:06:00,2014-10-28 17:07:00,8.4209,8.42126,8.42131,8.42026,8.42237,8.4227,8.4228,8.42188,16
2014-10-28 17:07:00,2014-10-28 17:08:00,8.42126,8.42144,8.42149,8.42124,8.4227,8.4227,8.4227,8.42163,11
2014-10-28 17:08:00,2014-10-28 17:09:00,8.42144,8.42143,8.42143,8.42143,8.4227,8.4227,8.4228,8.4227,3
2014-10-28 17:09:00,2014-10-28 17:10:00,8.42143,8.42146,8.42149,8.42142,8.4227,8.4224,8.4227,8.4223,7
2014-10-28 17:10:00,2014-10-28 17:11:00,8.42146,8.42143,8.42145,8.42141,8.4224,8.4224,8.4224,8.4224,5
2014-10-28 17:11:00,2014-10-28 17:12:00,8.42143,8.42145,8.42145,8.42143,8.4224,8.4228,8.4228,8.4223,5
2014-10-28 17:12:00,2014-10-28 17:13:00,8.42145,8.42157,8.42169,8.42145,8.4228,8.42308,8.42308,8.42288,34
2014-10-28 17:13:00,2014-10-28 17:14:00,8.42157,8.42156,8.42164,8.42156,8.42308,8.42308,8.42308,8.42308,7
2014-10-28 17:14:00,2014-10-28 17:15:00,8.42156,8.42156,8.42157,8.42156,8.42308,8.42308,8.42308,8.42308,2
2014-10-28 17:15:00,2014-10-28 17:16:00,8.42156,8.42108,8.42199,8.42103,8.42308,8.42268,8.42345,8.42246,85
2014-10-28 17:16:00,2014-10-28 17:17:00,8.42108,8.42116,8.42127,8.42105,8.42268,8.42278,8.42288,8.42238,74
2014-10-28 17:17:00,2014-10-28 17:18:00,8.42116,8.42115,8.42117,8.4211,8.42278,8.42276,8.42287,8.42239,76
2014-10-28 17:18:00,2014-10-28 17:19:00,8.42115,8.42114,8.42117,8.4211,8.42276,8.42268,8.42286,8.42234,54
2014-10-28 17:19:00,2014-10-28 17:20:00,8.42114,8.42118,8.42118,8.42109,8.42268,8.42287,8.42287,8.42232,86
2014-10-28 17:20:00,2014-10-28 17:21:00,8.42118,8.42126,8.42126,8.42115,8.42287,8.42293,8.42293,8.42281,9
2014-10-28 17:21:00,2014-10-28 17:22:00,8.42126,8.42128,8.42128,8.42128,8.42293,8.42288,8.42297,8.42288,4
2014-10-28 17:22:00,2014-10-28 17:23:00,8.42128,8.42118,8.42128,8.42118,8.42288,8.42293,8.42303,8.42292,9
2014-10-28 17:23:00,2014-10-28 17:24:00,8.42118,8.42118,8.42118,8.42118,8.42293,8.42292,8.42292,8.42281,2
2014-10-28 17:24:00,2014-10-28 17:25:00,8.42118,8.42095,8.42117,8.42095,8.42292,8.42258,8.42292,8.42258,4
2014-10-28 17:25:00,2014-10-28 17:26:00,8.42095,8.42137,8.42197,8.42137,8.42258,8.42302,8.4234,8.42289,43
2014-10-28 17:26:00,2014-10-28 17:27:00,8.42137,8.41806,8.4215,8.41806,8.42302,8.42029,8.42298,8.42029,131
2014-10-28 17:27:00,2014-10-28 17:28:00,8.41806,8.41591,8.41806,8.41564,8.42029,8.4177,8.4201,8.41748,82
2014-10-28 17:28:00,2014-10-28 17:29:00,8.41591,8.41488,8.41592,8.41277,8.4177,8.41654,8.4177,8.41491,134
2014-10-28 17:29:00,2014-10-28 17:30:00,8.41488,8.41415,8.4149,8.41404,8.41654,8.41545,8.41662,8.41545,75
2014-10-28 17:30:00,2014-10-28 17:31:00,8.41415,8.41474,8.41474,8.41412,8.41545,8.416,8.416,8.41541,19
2014-10-28 17:31:00,2014-10-28 17:32:00,8.41474,8.41435,8.41474,8.41398,8.416,8.4162,8.4165,8.41468,36
2014-10-28 17:32:00,2014-10-28 17:33:00,8.41435,8.41441,8.41441,8.41428,8.4162,8.4163,8.4163,8.4162,6
2014-10-28 17:33:00,2014-10-28 17:34:00,8.41441,8.41371,8.41593,8.41371,8.4163,8.4155,8.4174,8.4155,69
2014-10-28 17:34:00,2014-10-28 17:35:00,8.41371,8.41561,8.41561,8.41371,8.4155,8.417,8.4171,8.41552,25
2014-10-28 17:35:00,2014-10-28 17:36:00,8.41561,8.4138,8.41636,8.41378,8.417,8.4156,8.4175,8.4156,56
2014-10-28 17:36:00,2014-10-28 17:37:00,8.4138,8.4138,8.4138,8.4138,8.4156,8.4157,8.4158,8.4157,3
2014-10-28 17:37:00,2014-10-28 17:38:00,8.4138,8.41568,8.41572,8.4132,8.4157,8.41746,8.41756,8.415,93
2014-10-28 17:38:00,2014-10-28 17:39:00,8.41568,8.4146,8.41568,8.4146,8.41746,8.41682,8.41748,8.41682,16
2014-10-28 17:39:00,2014-10-28 17:40:00,8.4146,8.4146,8.4146,8.4146,8.41682,8.41664,8.41683,8.41664,8
2014-10-28 17:40:00,2014-10-28 17:41:00,8.4146,8.4146,8.4146,8.4146,8.41664,8.41673,8.41673,8.41667,3
2014-10-28 17:41:00,2014-10-28 17:42:00,8.4146,8.4146,8.4146,8.4146,8.41673,8.41664,8.41676,8.41664,3
2014-10-28 17:42:00,2014-10-28 17:43:00,8.4146,8.4135,8.4146,8.41298,8.41664,8.4156,8.41671,8.41458,46
2014-10-28 17:43:00,2014-10-28 17:44:00,8.4135,8.4135,8.4135,8.41317,8.4156,8.4156,8.41569,8.4155,9
2014-10-28 17:44:00,2014-10-28 17:45:00,8.4135,8.4135,8.4135,8.4135,8.4156,8.4155,8.4155,8.4155,1
2014-10-28 17:45:00,2014-10-28 17:46:00,8.4135,8.41206,8.4135,8.41206,8.4155,8.41446,8.41542,8.41446,22
2014-10-28 17:46:00,2014-10-28 17:47:00,8.41206,8.4118,8.41206,8.41169,8.41446,8.41412,8.41457,8.41412,11
2014-10-28 17:47:00,2014-10-28 17:48:00,8.4118,8.41195,8.41214,8.4118,8.41412,8.4144,8.4144,8.41409,8
2014-10-28 17:48:00,2014-10-28 17:49:00,8.41195,8.41376,8.41617,8.4118,8.4144,8.4154,8.41833,8.41437,125
2014-10-28 17:49:00,2014-10-28 17:50:00,8.41376,8.41327,8.41482,8.41289,8.4154,8.41565,8.4169,8.4153,69
2014-10-28 17:50:00,2014-10-28 17:51:00,8.41327,8.4134,8.41353,8.41328,8.41565,8.41565,8.41565,8.41565,6
2014-10-28 17:51:00,2014-10-28 17:52:00,8.4134,8.4129,8.41332,8.41286,8.41565,8.41546,8.4158,8.41546,25
2014-10-28 17:52:00,2014-10-28 17:53:00,8.4129,8.4135,8.4135,8.41297,8.41546,8.41564,8.41564,8.41546,6
2014-10-28 17:53:00,2014-10-28 17:54:00,8.4135,8.41266,8.4132,8.41266,8.41564,8.4151,8.41564,8.4144,19
2014-10-28 17:54:00,2014-10-28 17:55:00,8.41266,8.413,8.4132,8.41263,8.4151,8.4152,8.4154,8.415,19
2014-10-28 17:55:00,2014-10-28 17:57:00,8.413,8.41203,8.4135,8.41202,8.4152,8.4143,8.4154,8.4143,57
2014-10-28 17:57:00,2014-10-28 17:58:00,8.41203,8.41198,8.41214,8.4119,8.4143,8.41425,8.41444,8.414,21
2014-10-28 17:58:00,2014-10-28 17:59:00,8.41198,8.41222,8.41252,8.41187,8.41425,8.41434,8.41461,8.41425,23
2014-10-28 17:59:00,2014-10-28 18:00:00,8.41222,8.4136,8.4138,8.41222,8.41434,8.41489,8.415,8.41387,113
2014-10-28 18:00:00,2014-10-28 18:01:00,8.4136,8.41591,8.41593,8.41332,8.41489,8.41851,8.419,8.41488,45
2014-10-28 18:01:00,2014-10-28 18:02:00,8.41591,8.41607,8.41621,8.41561,8.41851,8.41867,8.4188,8.41821,34
2014-10-28 18:02:00,2014-10-28 18:03:00,8.41607,8.41643,8.41667,8.41582,8.41867,8.4188,8.41919,8.41842,39
2014-10-28 18:03:00,2014-10-28 18:04:00,8.41643,8.4163,8.41653,8.41614,8.4188,8.4185,8.4187,8.4185,12
2014-10-28 18:04:00,2014-10-28 18:05:00,8.4163,8.4164,8.41646,8.4162,8.4185,8.4184,8.4186,8.4184,10
2014-10-28 18:05:00,2014-10-28 18:06:00,8.4164,8.4166,8.4167,8.4166,8.4184,8.41884,8.419,8.41881,6
2014-10-28 18:06:00,2014-10-28 18:07:00,8.4166,8.4167,8.417,8.4167,8.41884,8.419,8.41917,8.41884,9
2014-10-28 18:07:00,2014-10-28 18:08:00,8.4167,8.41724,8.41724,8.41682,8.419,8.41921,8.41928,8.419,21
2014-10-28 18:08:00,2014-10-28 18:09:00,8.41724,8.4167,8.41724,8.4167,8.41921,8.419,8.4192,8.419,7
2014-10-28 18:09:00,2014-10-28 18:10:00,8.4167,8.41799,8.41799,8.41668,8.419,8.4205,8.42059,8.41825,92
2014-10-28 18:10:00,2014-10-28 18:11:00,8.41799,8.4176,8.41856,8.41599,8.4205,8.41954,8.421,8.41728,85
2014-10-28 18:11:00,2014-10-28 18:12:00,8.4176,8.41718,8.41766,8.41687,8.41954,8.41872,8.41954,8.41856,25
2014-10-28 18:12:00,2014-10-28 18:13:00,8.41718,8.41764,8.41764,8.4157,8.41872,8.41935,8.41987,8.4169,60
2014-10-28 18:13:00,2014-10-28 18:14:00,8.41764,8.4178,8.41879,8.41631,8.41935,8.4204,8.421,8.41778,142
2014-10-28 18:14:00,2014-10-28 18:15:00,8.4178,8.41568,8.41845,8.4153,8.4204,8.41689,8.4208,8.41686,106
2014-10-28 18:15:00,2014-10-28 18:16:00,8.41568,8.41722,8.41811,8.4151,8.41689,8.4196,8.4202,8.41672,108
2014-10-28 18:16:00,2014-10-28 18:17:00,8.41722,8.41712,8.41821,8.41712,8.4196,8.41946,8.42021,8.4194,25
2014-10-28 18:17:00,2014-10-28 18:18:00,8.41712,8.41712,8.41712,8.41712,8.41946,8.41972,8.41972,8.41948,8
2014-10-28 18:18:00,2014-10-28 18:19:00,8.41712,8.41701,8.41772,8.41659,8.41972,8.41921,8.4198,8.41914,34
2014-10-28 18:19:00,2014-10-28 18:20:00,8.41701,8.4165,8.41741,8.41592,8.41921,8.41898,8.41942,8.41734,65
2014-10-28 18:20:00,2014-10-28 18:21:00,8.4165,8.41686,8.41686,8.4165,8.41898,8.4191,8.4191,8.41885,12
2014-10-28 18:21:00,2014-10-28 18:22:00,8.41686,8.41691,8.41708,8.4161,8.4191,8.41909,8.41925,8.4175,23
2014-10-28 18:22:00,2014-10-28 18:23:00,8.41691,8.41704,8.41704,8.41682,8.41909,8.4191,8.4191,8.41904,11
2014-10-28 18:23:00,2014-10-28 18:24:00,8.41704,8.41725,8.41726,8.41701,8.4191,8.4193,8.4193,8.4191,11
2014-10-28 18:24:00,2014-10-28 18:25:00,8.41725,8.41682,8.41728,8.41682,8.4193,8.41905,8.41946,8.4189,18
2014-10-28 18:25:00,2014-10-28 18:26:00,8.41682,8.41643,8.41691,8.41643,8.41905,8.41835,8.41926,8.41835,20
2014-10-28 18:26:00,2014-10-28 18:27:00,8.41643,8.41667,8.41671,8.4165,8.41835,8.41835,8.41835,8.41835,9
2014-10-28 18:27:00,2014-10-28 18:28:00,8.41667,8.41661,8.41679,8.41655,8.41835,8.41835,8.41855,8.41835,24
2014-10-28 18:28:00,2014-10-28 18:29:00,8.41661,8.4163,8.41692,8.41628,8.41835,8.4181,8.41865,8.41799,25
2014-10-28 18:29:00,2014-10-28 18:30:00,8.4163,8.41936,8.41944,8.41529,8.4181,8.4211,8.4213,8.41722,82
2014-10-28 18:30:00,2014-10-28 18:31:00,8.41936,8.41826,8.42021,8.41788,8.4211,8.42005,8.423,8.41976,75
2014-10-28 18:31:00,2014-10-28 18:32:00,8.41826,8.4183,8.4183,8.41828,8.42005,8.42005,8.42005,8.42005,2
2014-10-28 18:32:00,2014-10-28 18:33:00,8.4183,8.41828,8.41828,8.41826,8.42005,8.42005,8.42005,8.42005,3
2014-10-28 18:33:00,2014-10-28 18:35:00,8.41828,8.41828,8.4183,8.41828,8.42005,8.42005,8.42005,8.42005,2
2014-10-28 18:35:00,2014-10-28 18:36:00,8.41828,8.41905,8.41921,8.4183,8.42005,8.42111,8.4213,8.42005,16
2014-10-28 18:36:00,2014-10-28 18:37:00,8.41905,8.41954,8.42005,8.41905,8.42111,8.4216,8.42226,8.42111,36
2014-10-28 18:37:00,2014-10-28 18:38:00,8.41954,8.4194,8.41949,8.4194,8.4216,8.4216,8.4217,8.42157,7
2014-10-28 18:38:00,2014-10-28 18:39:00,8.4194,8.4193,8.41933,8.41909,8.4216,8.4219,8.42193,8.42169,29
2014-10-28 18:39:00,2014-10-28 18:40:00,8.4193,8.41878,8.41939,8.4181,8.4219,8.42135,8.42194,8.42015,57
2014-10-28 18:40:00,2014-10-28 18:41:00,8.41878,8.4182,8.41878,8.41798,8.42135,8.42018,8.42135,8.42014,35
2014-10-28 18:41:00,2014-10-28 18:42:00,8.4182,8.4181,8.4181,8.4181,8.42018,8.42019,8.42019,8.42018,2
2014-10-28 18:42:00,2014-10-28 18:43:00,8.4181,8.41809,8.41811,8.418,8.42019,8.42019,8.4202,8.42019,15
2014-10-28 18:43:00,2014-10-28 18:44:00,8.41809,8.41824,8.41835,8.418,8.42019,8.42019,8.42022,8.42016,33
2014-10-28 18:44:00,2014-10-28 18:45:00,8.41824,8.41865,8.41865,8.41807,8.42019,8.42032,8.42032,8.42015,54
2014-10-28 18:45:00,2014-10-28 18:46:00,8.41865,8.41879,8.41909,8.4185,8.42032,8.42069,8.42086,8.42032,21
2014-10-28 18:46:00,2014-10-28 18:47:00,8.41879,8.41877,8.41879,8.41877,8.42069,8.42067,8.42068,8.42067,4
2014-10-28 18:47:00,2014-10-28 18:48:00,8.41877,8.41877,8.41879,8.41877,8.42067,8.42067,8.42069,8.42067,5
2014-10-28 18:48:00,2014-10-28 18:49:00,8.41877,8.41945,8.41945,8.41877,8.42067,8.421,8.421,8.42067,11
2014-10-28 18:49:00,2014-10-28 18:50:00,8.41945,8.41943,8.41944,8.41942,8.421,8.421,8.421,8.421,3
2014-10-28 18:50:00,2014-10-28 18:51:00,8.41943,8.41947,8.41949,8.41944,8.421,8.42107,8.42109,8.421,13
2014-10-28 18:51:00,2014-10-28 18:52:00,8.41947,8.41993,8.41993,8.4191,8.42107,8.422,8.42209,8.42059,81
2014-10-28 18:52:00,2014-10-28 18:53:00,8.41993,8.41991,8.41991,8.4197,8.422,8.4219,8.422,8.4219,6
2014-10-28 18:53:00,2014-10-28 18:54:00,8.41991,8.42116,8.4212,8.41993,8.4219,8.4234,8.4234,8.4219,34
2014-10-28 18:54:00,2014-10-28 18:55:00,8.42116,8.42103,8.42121,8.42102,8.4234,8.4232,8.42345,8.42306,22
2014-10-28 18:55:00,2014-10-28 18:56:00,8.42103,8.42104,8.42108,8.42103,8.4232,8.4231,8.4232,8.42305,11
2014-10-28 18:56:00,2014-10-28 18:57:00,8.42104,8.419,8.4213,8.419,8.4231,8.42012,8.42344,8.42007,211
2014-10-28 18:57:00,2014-10-28 18:58:00,8.419,8.41945,8.41998,8.41859,8.42012,8.42105,8.4222,8.42014,43
2014-10-28 18:58:00,2014-10-28 18:59:00,8.41945,8.41544,8.41945,8.414,8.42105,8.4194,8.42082,8.4157,172
2014-10-28 18:59:00,2014-10-28 19:00:00,8.41544,8.41743,8.41805,8.4116,8.4194,8.4198,8.42095,8.413,147
2014-10-28 19:00:00,2014-10-28 19:01:00,8.41743,8.4167,8.41776,8.4167,8.4198,8.4195,8.4202,8.4195,28
2014-10-28 19:01:00,2014-10-28 19:02:00,8.4167,8.41715,8.41748,8.41546,8.4195,8.419,8.4197,8.419,66
2014-10-28 19:02:00,2014-10-28 19:03:00,8.41715,8.41714,8.41799,8.41705,8.419,8.419,8.42038,8.419,34
2014-10-28 19:03:00,2014-10-28 19:04:00,8.41714,8.41769,8.41806,8.41706,8.419,8.41984,8.4205,8.419,34
2014-10-28 19:04:00,2014-10-28 19:05:00,8.41769,8.41781,8.41787,8.41775,8.41984,8.41984,8.41984,8.41984,14
2014-10-28 19:05:00,2014-10-28 19:06:00,8.41781,8.41829,8.41829,8.41764,8.41984,8.42025,8.42025,8.41984,17
2014-10-28 19:06:00,2014-10-28 19:07:00,8.41829,8.41955,8.42091,8.41816,8.42025,8.42166,8.42249,8.42023,35
2014-10-28 19:07:00,2014-10-28 19:08:00,8.41955,8.41955,8.41955,8.41955,8.42166,8.42191,8.42191,8.42189,2
2014-10-28 19:08:00,2014-10-28 19:09:00,8.41955,8.4197,8.4197,8.41857,8.42191,8.4218,8.42199,8.42017,28
2014-10-28 19:09:00,2014-10-28 19:10:00,8.4197,8.4197,8.4197,8.4197,8.4218,8.4217,8.4218,8.4216,5
2014-10-28 19:10:00,2014-10-28 19:11:00,8.4197,8.41921,8.4197,8.41919,8.4217,8.4212,8.4216,8.4212,9
2014-10-28 19:11:00,2014-10-28 19:12:00,8.41921,8.41921,8.41921,8.41921,8.4212,8.4213,8.4213,8.4212,3
2014-10-28 19:12:00,2014-10-28 19:14:00,8.41921,8.41921,8.41921,8.41921,8.4213,8.4212,8.4214,8.4212,3
2014-10-28 19:14:00,2014-10-28 19:15:00,8.41921,8.41921,8.41921,8.41921,8.4212,8.4211,8.4212,8.4211,3
2014-10-28 19:15:00,2014-10-28 19:16:00,8.41921,8.41922,8.41922,8.41922,8.4211,8.4212,8.4212,8.4211,3
2014-10-28 19:16:00,2014-10-28 19:17:00,8.41922,8.4192,8.4192,8.4192,8.4212,8.4212,8.4213,8.4212,5
2014-10-28 19:17:00,2014-10-28 19:18:00,8.4192,8.41921,8.41921,8.41921,8.4212,8.4212,8.4212,8.4212,1
2014-10-28 19:18:00,2014-10-28 19:19:00,8.41921,8.41925,8.41925,8.41925,8.4212,8.4213,8.4213,8.4212,2
2014-10-28 19:19:00,2014-10-28 19:20:00,8.41925,8.41925,8.41925,8.41925,8.4213,8.4213,8.4213,8.4212,2
2014-10-28 19:20:00,2014-10-28 19:23:00,8.41925,8.41929,8.41929,8.41925,8.4213,8.42173,8.42173,8.42153,4
2014-10-28 19:23:00,2014-10-28 19:24:00,8.41929,8.4193,8.41939,8.41926,8.42173,8.4213,8.42173,8.4213,10
2014-10-28 19:24:00,2014-10-28 19:25:00,8.4193,8.41952,8.41952,8.41926,8.4213,8.421,8.4213,8.421,7
2014-10-28 19:25:00,2014-10-28 19:26:00,8.41952,8.41935,8.41952,8.4193,8.421,8.4213,8.4213,8.421,27
2014-10-28 19:26:00,2014-10-28 19:27:00,8.41935,8.4194,8.41962,8.41924,8.4213,8.42168,8.42168,8.4212,10
2014-10-28 19:27:00,2014-10-28 19:28:00,8.4194,8.4194,8.4194,8.4194,8.42168,8.4217,8.4217,8.4217,1
2014-10-28 19:28:00,2014-10-28 19:29:00,8.4194,8.4195,8.4195,8.4195,8.4217,8.4217,8.4217,8.4217,1
2014-10-28 19:29:00,2014-10-28 19:31:00,8.4195,8.41934,8.41954,8.41934,8.4217,8.4216,8.4217,8.4216,10
2014-10-28 19:31:00,2014-10-28 19:32:00,8.41934,8.4193,8.4194,8.4193,8.4216,8.4216,8.4217,8.4216,7
2014-10-28 19:32:00,2014-10-28 19:33:00,8.4193,8.4176,8.41931,8.4176,8.4216,8.42089,8.4216,8.4206,23
2014-10-28 19:33:00,2014-10-28 19:34:00,8.4176,8.4176,8.4176,8.4172,8.42089,8.42064,8.42089,8.42064,6
2014-10-28 19:34:00,2014-10-28 19:35:00,8.4176,8.4176,8.4176,8.4176,8.42064,8.42051,8.42077,8.42051,3
2014-10-28 19:35:00,2014-10-28 19:36:00,8.4176,8.4175,8.4175,8.4173,8.42051,8.42051,8.42051,8.42051,3
2014-10-28 19:36:00,2014-10-28 19:37:00,8.4175,8.4166,8.4176,8.4166,8.42051,8.42052,8.42068,8.42051,9
2014-10-28 19:37:00,2014-10-28 19:38:00,8.4166,8.4174,8.4174,8.4165,8.42052,8.42053,8.42053,8.42052,6
2014-10-28 19:38:00,2014-10-28 19:39:00,8.4174,8.41375,8.4173,8.41375,8.42053,8.41603,8.42057,8.41603,24
2014-10-28 19:39:00,2014-10-28 19:40:00,8.41375,8.41465,8.41465,8.4131,8.41603,8.41953,8.41986,8.41603,13
2014-10-28 19:40:00,2014-10-28 19:42:00,8.41465,8.41469,8.41469,8.41465,8.41953,8.41976,8.41976,8.41976,2
2014-10-28 19:42:00,2014-10-28 19:43:00,8.41469,8.4145,8.41469,8.41445,8.41976,8.41954,8.41965,8.41954,5
2014-10-28 19:43:00,2014-10-28 19:44:00,8.4145,8.41446,8.4145,8.41446,8.41954,8.41949,8.41949,8.41949,2
2014-10-28 19:44:00,2014-10-28 19:45:00,8.41446,8.41442,8.41446,8.4144,8.41949,8.41907,8.41944,8.41902,10
2014-10-28 19:45:00,2014-10-28 19:46:00,8.41442,8.4145,8.4145,8.41442,8.41907,8.4194,8.41952,8.41927,7
2014-10-28 19:46:00,2014-10-28 19:47:00,8.4145,8.4145,8.4146,8.41441,8.4194,8.41925,8.41953,8.41925,25
2014-10-28 19:47:00,2014-10-28 19:48:00,8.4145,8.4145,8.4146,8.4145,8.41925,8.41952,8.41952,8.41925,3
2014-10-28 19:48:00,2014-10-28 19:49:00,8.4145,8.4146,8.4146,8.4146,8.41952,8.41952,8.41952,8.41952,1
2014-10-28 19:49:00,2014-10-28 19:50:00,8.4146,8.4145,8.4146,8.41444,8.41952,8.4194,8.41944,8.4194,5
2014-10-28 19:50:00,2014-10-28 19:51:00,8.4145,8.41476,8.41578,8.41441,8.4194,8.4168,8.41968,8.4168,34
2014-10-28 19:51:00,2014-10-28 19:52:00,8.41476,8.41621,8.41636,8.41492,8.4168,8.4196,8.42044,8.4168,29
2014-10-28 19:52:00,2014-10-28 19:53:00,8.41621,8.41621,8.41632,8.41621,8.4196,8.4197,8.4197,8.4196,3
2014-10-28 19:53:00,2014-10-28 19:54:00,8.41621,8.41635,8.41635,8.41608,8.4197,8.41888,8.4197,8.41888,8
2014-10-28 19:54:00,2014-10-28 19:55:00,8.41635,8.4167,8.4167,8.41639,8.41888,8.41895,8.41895,8.41888,7
2014-10-28 19:55:00,2014-10-28 19:56:00,8.4167,8.41662,8.41683,8.41662,8.41895,8.41895,8.41895,8.41895,7
2014-10-28 19:56:00,2014-10-28 19:57:00,8.41662,8.41676,8.41676,8.41662,8.41895,8.41895,8.41895,8.41895,7
2014-10-28 19:57:00,2014-10-28 19:58:00,8.41676,8.41652,8.41671,8.41649,8.41895,8.41895,8.41895,8.41895,5
2014-10-28 19:58:00,2014-10-28 19:59:00,8.41652,8.4168,8.4168,8.41643,8.41895,8.41895,8.41895,8.41895,6
2014-10-28 19:59:00,2014-10-28 20:00:00,8.4168,8.41687,8.417,8.41686,8.41895,8.41895,8.41895,8.41895,5
2014-10-28 20:00:00,2014-10-28 20:01:00,8.41687,8.41668,8.41675,8.41668,8.41895,8.41895,8.41895,8.41895,4
2014-10-28 20:01:00,2014-10-28 20:02:00,8.41668,8.41675,8.41689,8.41667,8.41895,8.41895,8.41895,8.41895,7
2014-10-28 20:02:00,2014-10-28 20:03:00,8.41675,8.41693,8.41693,8.4167,8.41895,8.41895,8.41895,8.41895,8
2014-10-28 20:03:00,2014-10-28 20:04:00,8.41693,8.41681,8.41693,8.4167,8.41895,8.41895,8.41895,8.41895,5
2014-10-28 20:04:00,2014-10-28 20:05:00,8.41681,8.41681,8.41682,8.41681,8.41895,8.41895,8.41895,8.41895,2
2014-10-28 20:05:00,2014-10-28 20:06:00,8.41681,8.4167,8.41677,8.4166,8.41895,8.41875,8.41895,8.41875,5
2014-10-28 20:06:00,2014-10-28 20:07:00,8.4167,8.4161,8.4166,8.4161,8.41875,8.41817,8.41875,8.41817,15
2014-10-28 20:07:00,2014-10-28 20:08:00,8.4161,8.4173,8.4173,8.4161,8.41817,8.4197,8.41982,8.41814,17
2014-10-28 20:08:00,2014-10-28 20:09:00,8.4173,8.4173,8.4173,8.4173,8.4197,8.41975,8.41985,8.41968,5
2014-10-28 20:09:00,2014-10-28 20:10:00,8.4173,8.4188,8.4188,8.41735,8.41975,8.42041,8.42041,8.41975,17
2014-10-28 20:10:00,2014-10-28 20:11:00,8.4188,8.41997,8.41997,8.4187,8.42041,8.42246,8.42329,8.42037,41
2014-10-28 20:11:00,2014-10-28 20:12:00,8.41997,8.4202,8.42138,8.41983,8.42246,8.4226,8.42345,8.42234,52
2014-10-28 20:12:00,2014-10-28 20:13:00,8.4202,8.42022,8.42037,8.4201,8.4226,8.42265,8.42265,8.42265,6
2014-10-28 20:13:00,2014-10-28 20:14:00,8.42022,8.41971,8.42006,8.41951,8.42265,8.4223,8.42265,8.42205,28
2014-10-28 20:14:00,2014-10-28 20:15:00,8.41971,8.41983,8.41995,8.4197,8.4223,8.4223,8.4223,8.42196,14
2014-10-28 20:15:00,2014-10-28 20:16:00,8.41983,8.41994,8.41994,8.41977,8.4223,8.4223,8.4223,8.4223,3
2014-10-28 20:16:00,2014-10-28 20:17:00,8.41994,8.4205,8.42061,8.41881,8.4223,8.42284,8.4233,8.4223,33
2014-10-28 20:17:00,2014-10-28 20:18:00,8.4205,8.42004,8.42075,8.4181,8.42284,8.4225,8.42331,8.4225,39
2014-10-28 20:18:00,2014-10-28 20:19:00,8.42004,8.41845,8.42057,8.41737,8.4225,8.42367,8.42408,8.4226,104
2014-10-28 20:19:00,2014-10-28 20:20:00,8.41845,8.4188,8.4188,8.41845,8.42367,8.42299,8.42367,8.42299,7
2014-10-28 20:20:00,2014-10-28 20:21:00,8.4188,8.41975,8.42025,8.4187,8.42299,8.42286,8.42345,8.42274,16
2014-10-28 20:21:00,2014-10-28 20:22:00,8.41975,8.418,8.41995,8.41771,8.42286,8.42289,8.42367,8.42216,31
2014-10-28 20:22:00,2014-10-28 20:23:00,8.418,8.4201,8.42082,8.41763,8.42289,8.42261,8.42327,8.42238,72
2014-10-28 20:23:00,2014-10-28 20:24:00,8.4201,8.41943,8.42013,8.41898,8.42261,8.42242,8.4227,8.42237,15
2014-10-28 20:24:00,2014-10-28 20:25:00,8.41943,8.41673,8.41997,8.41673,8.42242,8.42232,8.42298,8.42232,28
2014-10-28 20:25:00,2014-10-28 20:26:00,8.41673,8.4164,8.41753,8.4164,8.42232,8.42268,8.42294,8.42223,35
2014-10-28 20:26:00,2014-10-28 20:27:00,8.4164,8.4169,8.41902,8.4164,8.42268,8.4227,8.42301,8.42177,49
2014-10-28 20:27:00,2014-10-28 20:28:00,8.4169,8.4174,8.41866,8.4167,8.4227,8.42271,8.42291,8.42105,30
2014-10-28 20:28:00,2014-10-28 20:29:00,8.4174,8.4168,8.4176,8.4168,8.42271,8.42297,8.42349,8.42271,18
2014-10-28 20:29:00,2014-10-28 20:30:00,8.4168,8.41846,8.41873,8.41622,8.42297,8.42162,8.42319,8.42162,15
2014-10-28 20:30:00,2014-10-28 20:31:00,8.41846,8.41855,8.41855,8.41855,8.42162,8.42171,8.42171,8.42162,2
2014-10-28 20:31:00,2014-10-28 20:32:00,8.41855,8.41856,8.41861,8.41841,8.42171,8.42173,8.42177,8.42158,8
2014-10-28 20:32:00,2014-10-28 20:33:00,8.41856,8.41866,8.41867,8.41866,8.42173,8.42182,8.42183,8.42173,4
2014-10-28 20:33:00,2014-10-28 20:35:00,8.41866,8.41851,8.41866,8.41833,8.42182,8.42168,8.42172,8.4215,8
2014-10-28 20:35:00,2014-10-28 20:36:00,8.41851,8.41855,8.41859,8.41836,8.42168,8.42172,8.42175,8.42152,8
2014-10-28 20:36:00,2014-10-28 20:37:00,8.41855,8.41838,8.41855,8.4182,8.42172,8.42154,8.42171,8.42137,8
2014-10-28 20:37:00,2014-10-28 20:38:00,8.41838,8.41845,8.41845,8.41808,8.42154,8.42161,8.42161,8.42125,13
2014-10-28 20:38:00,2014-10-28 20:39:00,8.41845,8.41807,8.4185,8.41786,8.42161,8.42261,8.42284,8.42145,13
2014-10-28 20:39:00,2014-10-28 20:40:00,8.41807,8.4191,8.4191,8.4178,8.42261,8.42266,8.42266,8.42211,13
2014-10-28 20:40:00,2014-10-28 20:41:00,8.4191,8.4185,8.4186,8.4185,8.42266,8.42233,8.42266,8.42232,6
2014-10-28 20:41:00,2014-10-28 20:42:00,8.4185,8.41845,8.4185,8.41845,8.42233,8.42226,8.42232,8.42226,3
2014-10-28 20:42:00,2014-10-28 20:43:00,8.41845,8.4185,8.4185,8.41845,8.42226,8.42235,8.42238,8.42226,5
2014-10-28 20:43:00,2014-10-28 20:44:00,8.4185,8.4175,8.4188,8.4173,8.42235,8.42279,8.4229,8.42238,14
2014-10-28 20:44:00,2014-10-28 20:45:00,8.4175,8.4175,8.4175,8.4175,8.42279,8.42275,8.42275,8.4227,2
2014-10-28 20:45:00,2014-10-28 20:46:00,8.4175,8.4175,8.4175,8.4174,8.42275,8.42272,8.42273,8.4227,5
2014-10-28 20:46:00,2014-10-28 20:47:00,8.4175,8.4168,8.41731,8.4165,8.42272,8.42229,8.42272,8.42229,16
2014-10-28 20:47:00,2014-10-28 20:48:00,8.4168,8.4168,8.41712,8.4168,8.42229,8.42247,8.42247,8.42229,5
2014-10-28 20:48:00,2014-10-28 20:50:00,8.4168,8.41772,8.41772,8.4168,8.42247,8.4228,8.4228,8.42247,8
2014-10-28 20:50:00,2014-10-28 20:51:00,8.41772,8.4175,8.41772,8.4175,8.4228,8.4208,8.4227,8.4208,10
2014-10-28 20:51:00,2014-10-28 20:52:00,8.4175,8.4174,8.4174,8.4174,8.4208,8.4209,8.4209,8.4209,1
2014-10-28 20:52:00,2014-10-28 20:55:00,8.4174,8.41675,8.41675,8.41675,8.4209,8.42239,8.42239,8.42239,1
2014-10-28 20:55:00,2014-10-28 20:56:00,8.41675,8.41591,8.41591,8.41591,8.42239,8.42239,8.42239,8.42239,1
2014-10-28 20:56:00,2014-10-28 20:57:00,8.41591,8.41834,8.41834,8.4175,8.42239,8.422,8.422,8.4217,9
2014-10-28 20:57:00,2014-10-28 20:58:00,8.41834,8.4181,8.4181,8.4181,8.422,8.422,8.422,8.422,1
2014-10-28 20:58:00,2014-10-28 20:59:00,8.4181,8.418,8.418,8.418,8.422,8.4219,8.422,8.4219,2
2014-10-28 20:59:00,2014-10-28 21:00:00,8.418,8.4134,8.4134,8.4134,8.4219,8.4211,8.4219,8.4211,4
2014-10-28 21:00:00,2014-10-28 21:03:00,8.4134,8.41316,8.41316,8.41316,8.4211,8.42901,8.42901,8.42901,1
2014-10-28 21:03:00,2014-10-28 21:04:00,8.41316,8.4194,8.4194,8.41316,8.42901,8.4255,8.4309,8.4255,13
2014-10-28 21:04:00,2014-10-28 21:07:00,8.4194,8.41739,8.4194,8.41739,8.4255,8.42483,8.42483,8.42479,3
2014-10-28 21:07:00,2014-10-28 21:08:00,8.41739,8.4151,8.41735,8.4149,8.42483,8.42283,8.42483,8.42283,15
2014-10-28 21:08:00,2014-10-28 21:09:00,8.4151,8.4151,8.4151,8.4151,8.42283,8.42283,8.42283,8.42282,2
2014-10-28 21:09:00,2014-10-28 21:10:00,8.4151,8.4152,8.4155,8.4152,8.42283,8.42309,8.42334,8.42283,6
2014-10-28 21:10:00,2014-10-28 21:11:00,8.4152,8.4151,8.41734,8.4151,8.42309,8.4231,8.42659,8.4231,5
2014-10-28 21:11:00,2014-10-28 21:12:00,8.4151,8.41625,8.41755,8.4151,8.4231,8.42311,8.4268,8.42311,6
2014-10-28 21:12:00,2014-10-28 21:14:00,8.41625,8.41497,8.41497,8.41497,8.42311,8.42311,8.42311,8.42311,1
2014-10-28 21:14:00,2014-10-28 21:15:00,8.41497,8.4134,8.41497,8.4134,8.42311,8.42347,8.4238,8.42333,15
2014-10-28 21:15:00,2014-10-28 21:16:00,8.4134,8.4134,8.4154,8.4134,8.42347,8.42325,8.42596,8.42325,4
2014-10-28 21:16:00,2014-10-28 21:17:00,8.4134,8.4132,8.4155,8.4132,8.42325,8.4238,8.42606,8.42322,8
2014-10-28 21:17:00,2014-10-28 21:18:00,8.4132,8.41409,8.41519,8.4129,8.4238,8.4238,8.42795,8.4238,15
2014-10-28 21:18:00,2014-10-28 21:19:00,8.41409,8.41392,8.41601,8.413,8.4238,8.4238,8.42799,8.4238,13
2014-10-28 21:19:00,2014-10-28 21:20:00,8.41392,8.413,8.41613,8.413,8.4238,8.4237,8.42811,8.4237,18
2014-10-28 21:20:00,2014-10-28 21:21:00,8.413,8.4113,8.41529,8.4113,8.4237,8.4237,8.42865,8.4237,13
2014-10-28 21:21:00,2014-10-28 21:22:00,8.4113,8.41162,8.41162,8.41162,8.4237,8.4237,8.4237,8.4237,1
2014-10-28 21:22:00,2014-10-28 21:23:00,8.41162,8.4112,8.41484,8.4112,8.4237,8.4236,8.42804,8.4236,23
2014-10-28 21:23:00,2014-10-28 21:24:00,8.4112,8.41175,8.41528,8.41128,8.4236,8.4236,8.42807,8.4236,19
2014-10-28 21:24:00,2014-10-28 21:25:00,8.41175,8.41238,8.41643,8.41238,8.4236,8.4236,8.42815,8.4236,23
2014-10-28 21:25:00,2014-10-28 21:26:00,8.41238,8.413,8.41562,8.41238,8.4236,8.4235,8.42862,8.4235,28
2014-10-28 21:26:00,2014-10-28 21:27:00,8.413,8.41415,8.41564,8.413,8.4235,8.4234,8.4268,8.4234,15
2014-10-28 21:27:00,2014-10-28 21:28:00,8.41415,8.413,8.41595,8.413,8.4234,8.4234,8.42725,8.4234,17
2014-10-28 21:28:00,2014-10-28 21:29:00,8.413,8.4159,8.41595,8.413,8.4234,8.42368,8.42635,8.4234,16
2014-10-28 21:29:00,2014-10-28 21:30:00,8.4159,8.4159,8.418,8.4159,8.42368,8.42367,8.4277,8.42367,9
2014-10-28 21:30:00,2014-10-28 21:31:00,8.4159,8.4159,8.41814,8.4159,8.42367,8.42367,8.42836,8.4236,6
2014-10-28 21:31:00,2014-10-28 21:32:00,8.4159,8.41341,8.4159,8.41341,8.42367,8.42367,8.42368,8.4236,6
2014-10-28 21:32:00,2014-10-28 21:33:00,8.41341,8.41341,8.4181,8.41341,8.42367,8.42368,8.42836,8.42368,14
2014-10-28 21:33:00,2014-10-28 21:34:00,8.41341,8.41403,8.41403,8.41339,8.42368,8.42365,8.42365,8.42365,3
2014-10-28 21:34:00,2014-10-28 21:35:00,8.41403,8.41343,8.41722,8.41342,8.42365,8.42366,8.42676,8.42366,13
2014-10-28 21:35:00,2014-10-28 21:36:00,8.41343,8.41338,8.4173,8.4133,8.42366,8.42364,8.42673,8.42352,24
2014-10-28 21:36:00,2014-10-28 21:37:00,8.41338,8.41337,8.41641,8.41336,8.42364,8.42363,8.42667,8.42362,9
2014-10-28 21:37:00,2014-10-28 21:38:00,8.41337,8.4134,8.41722,8.41228,8.42363,8.4246,8.42748,8.42362,18
2014-10-28 21:38:00,2014-10-28 21:39:00,8.4134,8.41302,8.41555,8.41302,8.4246,8.4246,8.42727,8.4246,15
2014-10-28 21:39:00,2014-10-28 21:40:00,8.41302,8.416,8.41775,8.41302,8.4246,8.42457,8.428,8.42456,15
2014-10-28 21:40:00,2014-10-28 21:41:00,8.416,8.416,8.41638,8.416,8.42457,8.42455,8.42848,8.42455,7
2014-10-28 21:41:00,2014-10-28 21:42:00,8.416,8.416,8.41673,8.416,8.42455,8.4246,8.42883,8.4246,15
2014-10-28 21:42:00,2014-10-28 21:43:00,8.416,8.41315,8.4152,8.41289,8.4246,8.4246,8.4246,8.4246,4
2014-10-28 21:43:00,2014-10-28 21:44:00,8.41315,8.41246,8.41709,8.41245,8.4246,8.42455,8.42919,8.42455,11
2014-10-28 21:44:00,2014-10-28 21:45:00,8.41246,8.41418,8.41625,8.4125,8.42455,8.42458,8.42835,8.42458,13
2014-10-28 21:45:00,2014-10-28 21:46:00,8.41418,8.41421,8.41624,8.41418,8.42458,8.42458,8.42806,8.42458,21
2014-10-28 21:46:00,2014-10-28 21:47:00,8.41421,8.41407,8.41421,8.41407,8.42458,8.42456,8.42459,8.42456,3
2014-10-28 21:47:00,2014-10-28 21:48:00,8.41407,8.41407,8.41407,8.41407,8.42456,8.4246,8.4246,8.42453,3
2014-10-28 21:48:00,2014-10-28 21:49:00,8.41407,8.41349,8.41407,8.4131,8.4246,8.4235,8.42497,8.4235,6
2014-10-28 21:49:00,2014-10-28 21:50:00,8.41349,8.4131,8.41471,8.4131,8.4235,8.4235,8.42615,8.4235,26
2014-10-28 21:50:00,2014-10-28 21:52:00,8.4131,8.41296,8.41296,8.41296,8.4235,8.4235,8.4235,8.4235,1
2014-10-28 21:52:00,2014-10-28 21:53:00,8.41296,8.41296,8.41296,8.41296,8.4235,8.42386,8.42386,8.42386,1
2014-10-28 21:53:00,2014-10-28 21:55:00,8.41296,8.41243,8.41296,8.41243,8.42386,8.4227,8.4227,8.4227,4
2014-10-28 21:55:00,2014-10-28 21:56:00,8.41243,8.41275,8.41281,8.4103,8.4227,8.4232,8.429,8.4226,16
2014-10-28 21:56:00,2014-10-28 21:57:00,8.41275,8.41221,8.41452,8.41201,8.4232,8.4228,8.42787,8.4227,26
2014-10-28 21:57:00,2014-10-28 21:58:00,8.41221,8.41191,8.41381,8.41191,8.4228,8.4226,8.42743,8.4226,20
2014-10-28 21:58:00,2014-10-28 21:59:00,8.41191,8.41202,8.41336,8.41191,8.4226,8.4226,8.4265,8.4226,19
2014-10-28 21:59:00,2014-10-28 22:00:00,8.41202,8.4116,8.4121,8.4112,8.4226,8.42195,8.42563,8.42195,23
2014-10-28 22:00:00,2014-10-28 22:01:00,8.4116,8.41128,8.41252,8.41128,8.42195,8.42218,8.4277,8.42218,13
2014-10-28 22:01:00,2014-10-28 22:02:00,8.41128,8.41139,8.41158,8.41068,8.42218,8.4221,8.42306,8.42158,15
2014-10-28 22:02:00,2014-10-28 22:03:00,8.41139,8.41062,8.41172,8.41062,8.4221,8.42152,8.42356,8.42152,18
2014-10-28 22:03:00,2014-10-28 22:04:00,8.41062,8.41108,8.4113,8.41108,8.42152,8.42198,8.42289,8.42198,4
2014-10-28 22:04:00,2014-10-28 22:05:00,8.41108,8.41067,8.41142,8.41067,8.42198,8.42157,8.42308,8.42157,6
2014-10-28 22:05:00,2014-10-28 22:06:00,8.41067,8.41054,8.41128,8.41054,8.42157,8.42144,8.42216,8.42144,6
2014-10-28 22:06:00,2014-10-28 22:07:00,8.41054,8.41058,8.41126,8.41058,8.42144,8.42148,8.42203,8.42148,4
2014-10-28 22:07:00,2014-10-28 22:08:00,8.41058,8.41077,8.41109,8.41077,8.42148,8.42167,8.4218,8.42167,2
2014-10-28 22:08:00,2014-10-28 22:09:00,8.41077,8.4107,8.41122,8.4106,8.42167,8.42109,8.42203,8.42109,9
2014-10-28 22:09:00,2014-10-28 22:10:00,8.4107,8.4107,8.41146,8.4107,8.42109,8.42141,8.4238,8.42141,10
2014-10-28 22:10:00,2014-10-28 22:11:00,8.4107,8.4107,8.4107,8.4107,8.42141,8.42092,8.42092,8.42092,1
2014-10-28 22:11:00,2014-10-28 22:12:00,8.4107,8.4108,8.4108,8.4107,8.42092,8.42084,8.42158,8.42083,4
2014-10-28 22:12:00,2014-10-28 22:13:00,8.4108,8.4109,8.4109,8.4106,8.42084,8.42085,8.42085,8.42084,5
2014-10-28 22:13:00,2014-10-28 22:14:00,8.4109,8.4109,8.41098,8.4109,8.42085,8.42113,8.42188,8.42086,6
2014-10-28 22:14:00,2014-10-28 22:15:00,8.4109,8.411,8.41217,8.4109,8.42113,8.42108,8.4246,8.42108,14
2014-10-28 22:15:00,2014-10-28 22:16:00,8.411,8.4119,8.412,8.411,8.42108,8.4214,8.42223,8.4214,8
2014-10-28 22:16:00,2014-10-28 22:17:00,8.4119,8.412,8.412,8.4119,8.4214,8.42113,8.42208,8.42103,17
2014-10-28 22:17:00,2014-10-28 22:18:00,8.412,8.4119,8.412,8.4119,8.42113,8.42079,8.4224,8.42079,8
2014-10-28 22:18:00,2014-10-28 22:19:00,8.4119,8.4119,8.4119,8.4119,8.42079,8.42075,8.42269,8.42075,34
2014-10-28 22:19:00,2014-10-28 22:20:00,8.4119,8.4119,8.4119,8.4119,8.42075,8.42087,8.4228,8.42077,13
2014-10-28 22:20:00,2014-10-28 22:21:00,8.4119,8.412,8.412,8.4119,8.42087,8.42068,8.4219,8.42063,24
2014-10-28 22:21:00,2014-10-28 22:22:00,8.412,8.412,8.41233,8.412,8.42068,8.42058,8.42308,8.42054,23
2014-10-28 22:22:00,2014-10-28 22:23:00,8.412,8.412,8.412,8.4119,8.42058,8.42107,8.42196,8.42107,5
2014-10-28 22:23:00,2014-10-28 22:24:00,8.412,8.412,8.412,8.412,8.42107,8.42131,8.42201,8.42064,7
2014-10-28 22:24:00,2014-10-28 22:25:00,8.412,8.4114,8.4119,8.4114,8.42131,8.42049,8.4217,8.42049,7
2014-10-28 22:25:00,2014-10-28 22:26:00,8.4114,8.4115,8.4115,8.4114,8.42049,8.42045,8.4216,8.42045,17
2014-10-28 22:26:00,2014-10-28 22:27:00,8.4115,8.4115,8.41246,8.4115,8.42045,8.42041,8.42338,8.42041,18
2014-10-28 22:27:00,2014-10-28 22:28:00,8.4115,8.4115,8.4115,8.4115,8.42041,8.42093,8.42167,8.42093,3
2014-10-28 22:28:00,2014-10-28 22:29:00,8.4115,8.4114,8.41247,8.4114,8.42093,8.42113,8.4228,8.42102,13
2014-10-28 22:29:00,2014-10-28 22:30:00,8.4114,8.4121,8.41237,8.4114,8.42113,8.423,8.4238,8.42113,14
2014-10-28 22:30:00,2014-10-28 22:31:00,8.4121,8.41204,8.41204,8.41204,8.423,8.42294,8.42294,8.42294,1
2014-10-28 22:31:00,2014-10-28 22:32:00,8.41204,8.41197,8.41197,8.41197,8.42294,8.42287,8.42287,8.42287,1
2014-10-28 22:32:00,2014-10-28 22:33:00,8.41197,8.41191,8.41191,8.41191,8.42287,8.42281,8.42281,8.42281,1
2014-10-28 22:33:00,2014-10-28 22:34:00,8.41191,8.41197,8.41197,8.41197,8.42281,8.42287,8.42287,8.42281,2
2014-10-28 22:34:00,2014-10-28 22:35:00,8.41197,8.41192,8.41192,8.41192,8.42287,8.42282,8.42282,8.42282,1
2014-10-28 22:35:00,2014-10-28 22:36:00,8.41192,8.4119,8.4119,8.4119,8.42282,8.4228,8.4228,8.4228,1
2014-10-28 22:36:00,2014-10-28 22:37:00,8.4119,8.41194,8.41194,8.41194,8.4228,8.42284,8.42284,8.4228,2
2014-10-28 22:37:00,2014-10-28 22:39:00,8.41193,8.41198,8.41198,8.41198,8.42283,8.42288,8.42288,8.42283,2
2014-10-28 22:39:00,2014-10-28 22:40:00,8.41198,8.41194,8.41194,8.41194,8.42288,8.42284,8.42284,8.42284,1
2014-10-28 22:40:00,2014-10-28 22:41:00,8.41194,8.41193,8.41193,8.41193,8.42284,8.42283,8.42283,8.42283,1
2014-10-28 22:41:00,2014-10-28 22:43:00,8.41193,8.41186,8.41186,8.41186,8.42283,8.42276,8.42276,8.42276,1
2014-10-28 22:43:00,2014-10-28 22:44:00,8.41186,8.41184,8.41184,8.41184,8.42276,8.42274,8.42274,8.42274,1
2014-10-28 22:44:00,2014-10-28 22:45:00,8.41184,8.41179,8.41179,8.41179,8.42274,8.42269,8.42269,8.42269,1
2014-10-28 22:45:00,2014-10-28 22:47:00,8.41179,8.41184,8.41184,8.41184,8.42269,8.42274,8.42274,8.42269,2
2014-10-28 22:47:00,2014-10-28 22:48:00,8.41184,8.41189,8.41189,8.41185,8.42274,8.42275,8.42275,8.42274,3
2014-10-28 22:48:00,2014-10-28 22:49:00,8.41189,8.41189,8.41189,8.41189,8.42275,8.42272,8.42272,8.42272,1
2014-10-28 22:49:00,2014-10-28 22:50:00,8.41189,8.41229,8.41265,8.41189,8.42272,8.42283,8.4236,8.42271,35
2014-10-28 22:50:00,2014-10-28 22:52:00,8.41229,8.41187,8.41229,8.41187,8.42283,8.42277,8.42277,8.42277,2
2014-10-28 22:52:00,2014-10-28 22:53:00,8.41187,8.41184,8.41184,8.41184,8.42277,8.42274,8.42274,8.42274,1
2014-10-28 22:53:00,2014-10-28 22:54:00,8.41184,8.41182,8.41182,8.41182,8.42274,8.42272,8.42272,8.42272,1
2014-10-28 22:54:00,2014-10-28 22:55:00,8.41182,8.41186,8.41249,8.41167,8.42272,8.42276,8.42324,8.42257,55
2014-10-28 22:55:00,2014-10-28 22:56:00,8.41186,8.41182,8.41237,8.41182,8.42276,8.42272,8.42324,8.42272,5
2014-10-28 22:56:00,2014-10-28 22:57:00,8.41182,8.41185,8.41185,8.41185,8.42272,8.42275,8.42275,8.42272,2
2014-10-28 22:57:00,2014-10-28 22:58:00,8.41185,8.41242,8.41242,8.41242,8.42275,8.42348,8.42348,8.42275,3
2014-10-28 22:58:00,2014-10-28 22:59:00,8.41242,8.4124,8.4124,8.4124,8.42348,8.4233,8.4233,8.4233,1
2014-10-28 22:59:00,2014-10-28 23:00:00,8.4124,8.41218,8.41226,8.41218,8.4233,8.42308,8.42308,8.42308,2
2014-10-28 23:00:00,2014-10-28 23:01:00,8.41218,8.41226,8.41226,8.41226,8.42308,8.42316,8.42316,8.42308,2
2014-10-28 23:01:00,2014-10-28 23:02:00,8.41226,8.41225,8.41225,8.41225,8.42316,8.42315,8.42315,8.42315,1
2014-10-28 23:02:00,2014-10-28 23:03:00,8.41225,8.4123,8.4123,8.4123,8.42315,8.4232,8.4232,8.42315,2
2014-10-28 23:03:00,2014-10-28 23:04:00,8.4123,8.4123,8.4123,8.4123,8.4232,8.42319,8.42319,8.42319,1
2014-10-28 23:04:00,2014-10-28 23:06:00,8.4123,8.4123,8.4123,8.4123,8.42319,8.4232,8.4232,8.4232,1
2014-10-28 23:06:00,2014-10-28 23:08:00,8.4123,8.41236,8.41291,8.41236,8.4232,8.42326,8.42381,8.4232,6
2014-10-28 23:08:00,2014-10-28 23:09:00,8.41236,8.41235,8.41235,8.41235,8.42326,8.42325,8.42325,8.42325,1
2014-10-28 23:09:00,2014-10-28 23:11:00,8.41235,8.4123,8.4123,8.4123,8.42325,8.4232,8.4232,8.4232,1
2014-10-28 23:11:00,2014-10-28 23:14:00,8.4123,8.4135,8.4145,8.4123,8.4232,8.4199,8.42224,8.4199,7
2014-10-28 23:14:00,2014-10-28 23:15:00,8.4135,8.4134,8.4134,8.4134,8.4199,8.4198,8.4198,8.4198,1
2014-10-28 23:15:00,2014-10-28 23:18:00,8.4134,8.4134,8.4134,8.41157,8.4198,8.4198,8.42247,8.4197,4
2014-10-28 23:18:00,2014-10-28 23:19:00,8.4134,8.4137,8.4137,8.4134,8.4198,8.4201,8.4201,8.4198,11
2014-10-28 23:19:00,2014-10-28 23:20:00,8.4137,8.4136,8.4136,8.4136,8.4201,8.42,8.42,8.42,1
2014-10-28 23:20:00,2014-10-28 23:21:00,8.4136,8.4138,8.4144,8.4137,8.42,8.4202,8.4208,8.42,13
2014-10-28 23:21:00,2014-10-28 23:24:00,8.414,8.4137,8.4138,8.4137,8.4204,8.4201,8.4202,8.4201,2
2014-10-28 23:24:00,2014-10-28 23:25:00,8.4137,8.4138,8.4138,8.4138,8.4201,8.4202,8.4202,8.4201,2
2014-10-28 23:25:00,2014-10-28 23:26:00,8.4138,8.414,8.414,8.414,8.4202,8.4204,8.4204,8.4202,2
2014-10-28 23:26:00,2014-10-28 23:27:00,8.414,8.4139,8.4139,8.4139,8.4204,8.4203,8.4203,8.4203,1
2014-10-28 23:27:00,2014-10-28 23:28:00,8.4139,8.4138,8.4138,8.4138,8.4203,8.4202,8.4202,8.4202,1
2014-10-28 23:28:00,2014-10-28 23:31:00,8.4138,8.41193,8.41193,8.41193,8.4202,8.42283,8.42283,8.4202,2
2014-10-28 23:31:00,2014-10-28 23:32:00,8.41193,8.4131,8.4131,8.4131,8.42283,8.42283,8.42283,8.42283,1
2014-10-28 23:32:00,2014-10-28 23:34:00,8.4131,8.41193,8.41193,8.41193,8.42283,8.42283,8.42283,8.42283,1
2014-10-28 23:34:00,2014-10-28 23:36:00,8.41193,8.4191,8.4192,8.4139,8.42283,8.42538,8.4256,8.4203,26
2014-10-28 23:36:00,2014-10-28 23:37:00,8.4191,8.4191,8.4191,8.4191,8.42538,8.42528,8.42528,8.42409,2
2014-10-28 23:37:00,2014-10-28 23:38:00,8.4191,8.4191,8.4191,8.4191,8.42528,8.42535,8.42535,8.42535,1
2014-10-28 23:38:00,2014-10-28 23:39:00,8.4191,8.4179,8.4179,8.4179,8.42535,8.42535,8.42535,8.42535,1
2014-10-28 23:39:00,2014-10-28 23:40:00,8.4179,8.4179,8.4179,8.4179,8.42535,8.4254,8.4255,8.4254,3
2014-10-28 23:40:00,2014-10-28 23:43:00,8.4179,8.421,8.4221,8.4205,8.4254,8.4234,8.4254,8.4234,15
2014-10-28 23:43:00,2014-10-28 23:45:00,8.421,8.421,8.4211,8.421,8.4234,8.4234,8.4235,8.4234,4
2014-10-28 23:45:00,2014-10-28 23:46:00,8.421,8.421,8.421,8.421,8.4234,8.4234,8.4234,8.4233,2
2014-10-28 23:46:00,2014-10-28 23:48:00,8.421,8.4209,8.421,8.4209,8.4234,8.4233,8.4233,8.4233,2
2014-10-28 23:48:00,2014-10-28 23:50:00,8.4209,8.421,8.421,8.421,8.4233,8.4234,8.4234,8.4233,2
2014-10-28 23:50:00,2014-10-28 23:52:00,8.421,8.4214,8.4215,8.421,8.4234,8.4238,8.4239,8.4234,7
2014-10-28 23:52:00,2014-10-28 23:53:00,8.4214,8.4215,8.4226,8.4205,8.4238,8.4255,8.4255,8.42257,25
2014-10-28 23:53:00,2014-10-28 23:54:00,8.4215,8.4211,8.4212,8.4211,8.4255,8.4253,8.4255,8.4253,3
2014-10-28 23:54:00,2014-10-28 23:55:00,8.4211,8.4211,8.4211,8.4211,8.4253,8.4246,8.425,8.4246,3
2014-10-28 23:55:00,2014-10-28 23:58:00,8.4211,8.42026,8.42026,8.42026,8.4246,8.42504,8.42504,8.42504,1
2014-10-28 23:58:00,2014-10-29 00:00:00,8.42026,8.4212,8.4212,8.42003,8.42504,8.4247,8.42543,8.4246,7
2014-10-29 00:00:00,2014-10-29 00:02:00,8.4212,8.421,8.4212,8.421,8.4247,8.4245,8.4246,8.4245,4
2014-10-29 00:02:00,2014-10-29 00:05:00,8.421,8.4209,8.421,8.4209,8.4245,8.4244,8.4244,8.4244,2
2014-10-29 00:05:00,2014-10-29 00:07:00,8.4209,8.4208,8.4209,8.4208,8.4244,8.4243,8.4243,8.4243,2
2014-10-29 00:07:00,2014-10-29 00:08:00,8.4208,8.4207,8.4208,8.4207,8.4243,8.4242,8.4243,8.4242,4
2014-10-29 00:08:00,2014-10-29 00:11:00,8.4207,8.4207,8.4208,8.4207,8.4242,8.4242,8.4243,8.4242,8
2014-10-29 00:11:00,2014-10-29 00:14:00,8.4207,8.4207,8.4208,8.4207,8.4242,8.4242,8.4243,8.4242,12
2014-10-29 00:14:00,2014-10-29 00:15:00,8.4207,8.4207,8.4208,8.4207,8.4242,8.4242,8.4243,8.4242,4
2014-10-29 00:15:00,2014-10-29 00:18:00,8.4207,8.42026,8.42026,8.42026,8.4242,8.42504,8.42504,8.42504,1
2014-10-29 00:18:00,2014-10-29 00:19:00,8.42026,8.4208,8.4208,8.4208,8.42504,8.4243,8.4243,8.4243,1
2014-10-29 00:19:00,2014-10-29 00:22:00,8.4208,8.4208,8.4208,8.41982,8.4243,8.4243,8.42522,8.4243,5
2014-10-29 00:22:00,2014-10-29 00:23:00,8.4208,8.4207,8.4208,8.4207,8.4243,8.4242,8.4242,8.4242,2
2014-10-29 00:23:00,2014-10-29 00:25:00,8.4207,8.4218,8.4219,8.4208,8.4242,8.4242,8.4243,8.4242,5
2014-10-29 00:25:00,2014-10-29 00:26:00,8.4218,8.4239,8.4241,8.4215,8.4242,8.4268,8.427,8.4242,33
2014-10-29 00:26:00,2014-10-29 00:27:00,8.4239,8.42443,8.42513,8.4239,8.4268,8.4269,8.4274,8.4269,21
2014-10-29 00:27:00,2014-10-29 00:29:00,8.42443,8.42443,8.42443,8.42443,8.427,8.427,8.4271,8.427,2
2014-10-29 00:29:00,2014-10-29 00:31:00,8.42443,8.42443,8.42443,8.42443,8.4269,8.427,8.427,8.427,1
2014-10-29 00:31:00,2014-10-29 00:32:00,8.42443,8.42443,8.42443,8.42443,8.427,8.4269,8.4269,8.4269,1
2014-10-29 00:32:00,2014-10-29 00:35:00,8.42443,8.42443,8.42443,8.424,8.4269,8.42766,8.42766,8.4269,3
2014-10-29 00:35:00,2014-10-29 00:37:00,8.42443,8.42443,8.42443,8.42443,8.42766,8.427,8.427,8.427,1
2014-10-29 00:37:00,2014-10-29 00:40:00,8.42443,8.42443,8.42443,8.42443,8.427,8.4269,8.42766,8.4269,3
2014-10-29 00:40:00,2014-10-29 00:41:00,8.42443,8.42443,8.42443,8.42443,8.4269,8.4268,8.4268,8.4268,1
2014-10-29 00:41:00,2014-10-29 00:44:00,8.42443,8.42443,8.42443,8.42443,8.4268,8.42766,8.42766,8.42766,1
2014-10-29 00:44:00,2014-10-29 00:45:00,8.42443,8.42443,8.42443,8.42443,8.42766,8.4269,8.4269,8.4269,1
2014-10-29 00:45:00,2014-10-29 00:46:00,8.42443,8.42443,8.42443,8.4239,8.4269,8.4263,8.4268,8.4263,5
2014-10-29 00:46:00,2014-10-29 00:48:00,8.42443,8.42443,8.42443,8.42443,8.4264,8.4264,8.4264,8.4263,2
2014-10-29 00:48:00,2014-10-29 00:49:00,8.42443,8.42443,8.42443,8.42443,8.4264,8.4263,8.4263,8.4263,1
2014-10-29 00:49:00,2014-10-29 00:51:00,8.42443,8.42443,8.42443,8.42443,8.4263,8.4264,8.4264,8.4264,1
2014-10-29 00:51:00,2014-10-29 00:52:00,8.42443,8.42443,8.42443,8.42443,8.4264,8.4265,8.4265,8.4265,1
2014-10-29 00:52:00,2014-10-29 00:53:00,8.42443,8.42443,8.42443,8.42443,8.4265,8.4265,8.4265,8.4264,2
2014-10-29 00:53:00,2014-10-29 00:54:00,8.42443,8.42226,8.42443,8.42225,8.4265,8.4256,8.4264,8.4255,13
2014-10-29 00:54:00,2014-10-29 00:55:00,8.42226,8.4212,8.42272,8.4193,8.4256,8.4243,8.4262,8.4243,43
2014-10-29 00:55:00,2014-10-29 00:56:00,8.4212,8.4207,8.4207,8.4206,8.4243,8.42539,8.42539,8.42498,9
2014-10-29 00:56:00,2014-10-29 00:57:00,8.4207,8.4207,8.4207,8.4206,8.42539,8.42541,8.42541,8.42537,4
2014-10-29 00:57:00,2014-10-29 00:58:00,8.4207,8.4207,8.4207,8.4206,8.42541,8.42528,8.42541,8.42528,7
2014-10-29 00:58:00,2014-10-29 00:59:00,8.4207,8.4206,8.4207,8.4206,8.42528,8.4253,8.4253,8.4253,2
2014-10-29 00:59:00,2014-10-29 01:00:00,8.4206,8.4207,8.4207,8.4207,8.4253,8.42533,8.42534,8.42529,4
2014-10-29 01:00:00,2014-10-29 01:01:00,8.4207,8.4207,8.4207,8.4207,8.42533,8.42533,8.42533,8.42531,2
2014-10-29 01:01:00,2014-10-29 01:02:00,8.4207,8.4206,8.4206,8.4206,8.42533,8.42534,8.42534,8.42533,2
2014-10-29 01:02:00,2014-10-29 01:03:00,8.4206,8.4205,8.4206,8.4205,8.42534,8.42531,8.42532,8.42531,3
2014-10-29 01:03:00,2014-10-29 01:04:00,8.4205,8.4205,8.4206,8.4204,8.42531,8.42531,8.42535,8.42531,8
2014-10-29 01:04:00,2014-10-29 01:05:00,8.4205,8.4204,8.4205,8.4204,8.42531,8.42526,8.42532,8.42526,5
2014-10-29 01:05:00,2014-10-29 01:06:00,8.4204,8.4205,8.4205,8.4205,8.42526,8.4253,8.42533,8.42526,4
2014-10-29 01:06:00,2014-10-29 01:07:00,8.4205,8.4205,8.4205,8.4205,8.4253,8.42532,8.42532,8.42531,3
2014-10-29 01:07:00,2014-10-29 01:08:00,8.4205,8.4206,8.4206,8.4206,8.42532,8.42533,8.42533,8.42532,2
2014-10-29 01:08:00,2014-10-29 01:09:00,8.4206,8.4206,8.4206,8.4206,8.42533,8.42533,8.42533,8.4253,2
2014-10-29 01:09:00,2014-10-29 01:10:00,8.4206,8.4207,8.4207,8.4206,8.42533,8.42532,8.42532,8.42532,2
2014-10-29 01:10:00,2014-10-29 01:11:00,8.4207,8.4206,8.4207,8.4206,8.42532,8.42531,8.42532,8.42531,4
2014-10-29 01:11:00,2014-10-29 01:12:00,8.4206,8.4206,8.4207,8.4206,8.42531,8.42531,8.42532,8.4253,5
2014-10-29 01:12:00,2014-10-29 01:13:00,8.4206,8.4207,8.4207,8.4207,8.42531,8.42532,8.42532,8.42531,2
2014-10-29 01:13:00,2014-10-29 01:14:00,8.4207,8.4208,8.4208,8.4207,8.42532,8.42536,8.42537,8.42532,10
2014-10-29 01:14:00,2014-10-29 01:15:00,8.4208,8.4208,8.4208,8.4207,8.42536,8.42533,8.42536,8.42533,4
2014-10-29 01:15:00,2014-10-29 01:16:00,8.4208,8.4208,8.4208,8.4207,8.42533,8.42535,8.42535,8.42529,5
2014-10-29 01:16:00,2014-10-29 01:17:00,8.4208,8.4208,8.4208,8.4208,8.42535,8.42528,8.42528,8.42528,1
2014-10-29 01:17:00,2014-10-29 01:18:00,8.4208,8.4208,8.4208,8.4207,8.42528,8.42538,8.42538,8.42535,9
2014-10-29 01:18:00,2014-10-29 01:19:00,8.4208,8.4208,8.4208,8.4208,8.42538,8.42536,8.42539,8.42536,2
2014-10-29 01:19:00,2014-10-29 01:20:00,8.4208,8.4209,8.4209,8.4207,8.42536,8.42542,8.42542,8.42528,8
2014-10-29 01:20:00,2014-10-29 01:21:00,8.4209,8.4188,8.4209,8.4188,8.42542,8.4252,8.4255,8.4252,7
2014-10-29 01:21:00,2014-10-29 01:22:00,8.4188,8.41958,8.4198,8.4178,8.4252,8.4243,8.4252,8.4241,77
2014-10-29 01:22:00,2014-10-29 01:23:00,8.41958,8.4184,8.4196,8.4183,8.4243,8.424,8.4252,8.424,27
2014-10-29 01:23:00,2014-10-29 01:24:00,8.4184,8.4184,8.4184,8.4184,8.424,8.4242,8.4242,8.4242,1
2014-10-29 01:24:00,2014-10-29 01:25:00,8.4184,8.4184,8.4185,8.4183,8.4242,8.4234,8.4242,8.4234,20
2014-10-29 01:25:00,2014-10-29 01:26:00,8.4184,8.4183,8.4184,8.4183,8.4234,8.4234,8.4235,8.4234,13
2014-10-29 01:26:00,2014-10-29 01:28:00,8.4183,8.4182,8.4183,8.4182,8.4234,8.4234,8.4234,8.4233,7
2014-10-29 01:28:00,2014-10-29 01:29:00,8.4182,8.4182,8.4182,8.4181,8.4234,8.4233,8.4233,8.42303,22
2014-10-29 01:29:00,2014-10-29 01:30:00,8.4182,8.4182,8.4182,8.4182,8.4233,8.4233,8.4233,8.4232,19
2014-10-29 01:30:00,2014-10-29 01:31:00,8.4182,8.4204,8.4204,8.4182,8.4233,8.4248,8.4248,8.4231,26
2014-10-29 01:31:00,2014-10-29 01:32:00,8.4204,8.4228,8.4228,8.4203,8.4248,8.4255,8.4261,8.42471,24
2014-10-29 01:32:00,2014-10-29 01:33:00,8.4228,8.4228,8.4228,8.4227,8.4255,8.4254,8.4254,8.4253,4
2014-10-29 01:33:00,2014-10-29 01:34:00,8.4228,8.4227,8.4228,8.4227,8.4254,8.4255,8.4256,8.4253,8
2014-10-29 01:34:00,2014-10-29 01:35:00,8.4227,8.4227,8.4227,8.4226,8.4255,8.4254,8.4255,8.4253,12
2014-10-29 01:35:00,2014-10-29 01:36:00,8.4227,8.4209,8.42433,8.4208,8.4254,8.4259,8.4262,8.4252,25
2014-10-29 01:36:00,2014-10-29 01:37:00,8.4209,8.421,8.421,8.4208,8.4259,8.42578,8.42578,8.4257,6
2014-10-29 01:37:00,2014-10-29 01:38:00,8.421,8.421,8.421,8.421,8.42578,8.42575,8.4258,8.42555,5
2014-10-29 01:38:00,2014-10-29 01:39:00,8.421,8.4208,8.421,8.4208,8.42575,8.42569,8.42569,8.42537,6
2014-10-29 01:39:00,2014-10-29 01:40:00,8.4208,8.4209,8.4209,8.4208,8.42569,8.4257,8.42585,8.42569,6
2014-10-29 01:40:00,2014-10-29 01:41:00,8.4209,8.4202,8.4209,8.4195,8.4257,8.425,8.4257,8.4246,17
2014-10-29 01:41:00,2014-10-29 01:42:00,8.4202,8.4202,8.4202,8.4202,8.425,8.425,8.425,8.42477,2
2014-10-29 01:42:00,2014-10-29 01:44:00,8.4202,8.4204,8.4204,8.4202,8.425,8.42521,8.42523,8.42475,12
2014-10-29 01:44:00,2014-10-29 01:45:00,8.4204,8.4204,8.4204,8.4204,8.42521,8.42524,8.42524,8.42522,2
2014-10-29 01:45:00,2014-10-29 01:46:00,8.4204,8.4204,8.4204,8.4203,8.42524,8.42522,8.42522,8.42522,3
2014-10-29 01:46:00,2014-10-29 01:47:00,8.4204,8.4206,8.4206,8.4205,8.42522,8.42532,8.42532,8.42522,4
2014-10-29 01:47:00,2014-10-29 01:48:00,8.4206,8.4206,8.4206,8.4206,8.42532,8.42536,8.42536,8.42536,1
2014-10-29 01:48:00,2014-10-29 01:49:00,8.4206,8.4206,8.4206,8.4206,8.42536,8.42532,8.42532,8.42531,3
2014-10-29 01:49:00,2014-10-29 01:50:00,8.4206,8.41992,8.4206,8.41992,8.42532,8.42532,8.42536,8.42496,5
2014-10-29 01:50:00,2014-10-29 01:51:00,8.41992,8.4205,8.4205,8.4205,8.42532,8.42529,8.42533,8.42501,5
2014-10-29 01:51:00,2014-10-29 01:52:00,8.4205,8.4205,8.4205,8.4205,8.42529,8.425,8.42528,8.4247,5
2014-10-29 01:52:00,2014-10-29 01:53:00,8.4205,8.4204,8.4205,8.4204,8.425,8.425,8.425,8.42486,3
2014-10-29 01:53:00,2014-10-29 01:54:00,8.4204,8.4203,8.4204,8.4203,8.425,8.4249,8.4249,8.42478,3
2014-10-29 01:54:00,2014-10-29 01:55:00,8.4203,8.4203,8.4203,8.4203,8.4249,8.4249,8.4249,8.42475,4
2014-10-29 01:55:00,2014-10-29 01:56:00,8.4203,8.4197,8.4204,8.4196,8.4249,8.4248,8.4251,8.4247,14
2014-10-29 01:56:00,2014-10-29 01:57:00,8.4197,8.4203,8.4205,8.4193,8.4248,8.4248,8.4251,8.4244,32
2014-10-29 01:57:00,2014-10-29 01:58:00,8.4203,8.4204,8.4204,8.4198,8.4248,8.42533,8.42533,8.42433,23
2014-10-29 01:58:00,2014-10-29 01:59:00,8.4204,8.4207,8.4208,8.4196,8.42533,8.4257,8.42577,8.42509,28
2014-10-29 01:59:00,2014-10-29 02:00:00,8.4207,8.4203,8.4207,8.4196,8.4257,8.4254,8.4255,8.42492,67
2014-10-29 02:00:00,2014-10-29 02:01:00,8.4203,8.4199,8.4205,8.41962,8.4254,8.4248,8.42544,8.4248,24
2014-10-29 02:01:00,2014-10-29 02:02:00,8.4199,8.4206,8.4207,8.41967,8.4248,8.4256,8.4256,8.4248,40
2014-10-29 02:02:00,2014-10-29 02:03:00,8.4206,8.4206,8.4206,8.4206,8.4256,8.4255,8.4256,8.4254,31
2014-10-29 02:03:00,2014-10-29 02:04:00,8.4206,8.4204,8.4206,8.41946,8.4255,8.4252,8.4254,8.4248,44
2014-10-29 02:04:00,2014-10-29 02:05:00,8.4204,8.4205,8.4205,8.4204,8.4252,8.4253,8.4254,8.4251,9
2014-10-29 02:05:00,2014-10-29 02:06:00,8.4205,8.4205,8.4205,8.41973,8.4253,8.4255,8.4255,8.425,31
2014-10-29 02:06:00,2014-10-29 02:07:00,8.4205,8.4198,8.4205,8.4193,8.4255,8.42485,8.4255,8.42459,52
2014-10-29 02:07:00,2014-10-29 02:08:00,8.4198,8.4198,8.4198,8.4198,8.42485,8.4248,8.42488,8.4247,12
2014-10-29 02:08:00,2014-10-29 02:09:00,8.4198,8.4198,8.4198,8.4198,8.4248,8.4247,8.4248,8.4246,23
2014-10-29 02:09:00,2014-10-29 02:10:00,8.4198,8.41939,8.4198,8.41931,8.4247,8.4246,8.4248,8.42432,31
2014-10-29 02:10:00,2014-10-29 02:11:00,8.41939,8.42,8.4204,8.41905,8.4246,8.42487,8.425,8.42445,34
2014-10-29 02:11:00,2014-10-29 02:12:00,8.42,8.4202,8.4202,8.4202,8.42487,8.4249,8.4249,8.42469,4
2014-10-29 02:12:00,2014-10-29 02:13:00,8.4202,8.4202,8.4202,8.4201,8.4249,8.4249,8.4249,8.4247,4
2014-10-29 02:13:00,2014-10-29 02:14:00,8.4202,8.4195,8.4202,8.41926,8.4249,8.42466,8.4249,8.4246,9
2014-10-29 02:14:00,2014-10-29 02:15:00,8.4195,8.4226,8.4226,8.41951,8.42466,8.4244,8.42501,8.4229,29
2014-10-29 02:15:00,2014-10-29 02:16:00,8.4226,8.4225,8.4226,8.4225,8.4244,8.4256,8.4256,8.425,5
2014-10-29 02:16:00,2014-10-29 02:17:00,8.4225,8.4226,8.4226,8.4226,8.4256,8.4256,8.4256,8.4256,1
2014-10-29 02:17:00,2014-10-29 02:19:00,8.4226,8.4227,8.4227,8.4226,8.4256,8.42659,8.42659,8.42655,3
2014-10-29 02:19:00,2014-10-29 02:20:00,8.4227,8.4226,8.4226,8.4226,8.42659,8.4256,8.42659,8.4255,4
2014-10-29 02:20:00,2014-10-29 02:23:00,8.4226,8.42116,8.42116,8.42116,8.4256,8.4256,8.42656,8.4255,4
2014-10-29 02:23:00,2014-10-29 02:24:00,8.42116,8.4227,8.4227,8.42113,8.4256,8.4256,8.4256,8.4255,4
2014-10-29 02:24:00,2014-10-29 02:25:00,8.4227,8.4234,8.4234,8.4228,8.4256,8.4262,8.4262,8.4256,4
2014-10-29 02:25:00,2014-10-29 02:26:00,8.4234,8.4234,8.4234,8.4234,8.4262,8.4265,8.4266,8.4264,5
2014-10-29 02:26:00,2014-10-29 02:28:00,8.4234,8.4235,8.4235,8.4235,8.4265,8.4265,8.4265,8.4265,1
2014-10-29 02:28:00,2014-10-29 02:29:00,8.4235,8.4235,8.4235,8.4235,8.4265,8.4266,8.4266,8.4266,1
2014-10-29 02:29:00,2014-10-29 02:30:00,8.4235,8.4235,8.4235,8.4235,8.4266,8.4266,8.4267,8.4266,2
2014-10-29 02:30:00,2014-10-29 02:33:00,8.4235,8.42213,8.42213,8.42209,8.4266,8.4266,8.4266,8.4266,2
2014-10-29 02:33:00,2014-10-29 02:34:00,8.42213,8.4235,8.4235,8.42214,8.4266,8.4265,8.4266,8.4265,2
2014-10-29 02:34:00,2014-10-29 02:36:00,8.4234,8.4235,8.4235,8.4235,8.4265,8.4265,8.4266,8.4265,3
2014-10-29 02:36:00,2014-10-29 02:37:00,8.4235,8.4234,8.4234,8.4234,8.4265,8.4265,8.4265,8.4265,1
2014-10-29 02:37:00,2014-10-29 02:40:00,8.4234,8.42203,8.42203,8.42199,8.4265,8.4265,8.4268,8.4265,4
2014-10-29 02:40:00,2014-10-29 02:41:00,8.42203,8.4235,8.4235,8.42202,8.4265,8.4266,8.4266,8.4265,3
2014-10-29 02:41:00,2014-10-29 02:42:00,8.4235,8.4234,8.4235,8.4234,8.4266,8.4265,8.4266,8.4265,3
2014-10-29 02:42:00,2014-10-29 02:43:00,8.4234,8.4234,8.4235,8.4234,8.4265,8.4265,8.4266,8.4264,8
2014-10-29 02:43:00,2014-10-29 02:46:00,8.4234,8.4235,8.4235,8.42198,8.4265,8.4266,8.42694,8.4265,7
2014-10-29 02:46:00,2014-10-29 02:48:00,8.4235,8.4235,8.4235,8.4235,8.4266,8.4265,8.4265,8.4265,1
2014-10-29 02:48:00,2014-10-29 02:49:00,8.4235,8.4235,8.4235,8.4235,8.4265,8.4266,8.4267,8.4265,5
2014-10-29 02:49:00,2014-10-29 02:51:00,8.4234,8.4234,8.4234,8.4234,8.4265,8.4265,8.4266,8.4265,4
2014-10-29 02:51:00,2014-10-29 02:52:00,8.4234,8.4235,8.4235,8.4235,8.4265,8.4267,8.4267,8.4265,3
2014-10-29 02:52:00,2014-10-29 02:53:00,8.4235,8.4235,8.4235,8.4235,8.4267,8.4266,8.4266,8.4266,1
2014-10-29 02:53:00,2014-10-29 02:55:00,8.4234,8.4235,8.4235,8.4235,8.4265,8.4266,8.4266,8.4265,2
2014-10-29 02:55:00,2014-10-29 02:56:00,8.4235,8.4235,8.4235,8.4235,8.4266,8.4266,8.4266,8.4265,2
2014-10-29 02:56:00,2014-10-29 02:57:00,8.4235,8.4234,8.4234,8.4234,8.4266,8.4265,8.4265,8.4265,1
2014-10-29 02:57:00,2014-10-29 02:59:00,8.4234,8.4235,8.4235,8.4216,8.4265,8.4266,8.4266,8.4264,12
2014-10-29 02:59:00,2014-10-29 03:01:00,8.4234,8.4235,8.4235,8.4235,8.4265,8.4266,8.4266,8.4265,22
2014-10-29 03:01:00,2014-10-29 03:03:00,8.4235,8.4234,8.4235,8.4234,8.4266,8.4265,8.4266,8.4265,8
2014-10-29 03:03:00,2014-10-29 03:06:00,8.4234,8.4233,8.4234,8.4232,8.4265,8.4264,8.4265,8.4264,10
2014-10-29 03:06:00,2014-10-29 03:07:00,8.4233,8.4215,8.4233,8.4215,8.4264,8.4264,8.4265,8.4264,9
2014-10-29 03:07:00,2014-10-29 03:08:00,8.4215,8.4226,8.4226,8.4215,8.4264,8.426,8.42635,8.426,7
2014-10-29 03:08:00,2014-10-29 03:09:00,8.4226,8.4232,8.4232,8.4228,8.426,8.4267,8.4267,8.4258,10
2014-10-29 03:09:00,2014-10-29 03:12:00,8.4232,8.42285,8.42285,8.42285,8.4267,8.42715,8.42715,8.42715,1
2014-10-29 03:12:00,2014-10-29 03:13:00,8.42285,8.4231,8.4231,8.4231,8.42715,8.4266,8.4266,8.4266,1
2014-10-29 03:13:00,2014-10-29 03:16:00,8.4231,8.42285,8.42285,8.42285,8.4266,8.42715,8.42715,8.42715,1
2014-10-29 03:16:00,2014-10-29 03:17:00,8.42285,8.4232,8.4232,8.4232,8.42715,8.4267,8.4267,8.4267,1
2014-10-29 03:17:00,2014-10-29 03:18:00,8.4232,8.4231,8.4232,8.4231,8.4267,8.4266,8.4266,8.4266,2
2014-10-29 03:18:00,2014-10-29 03:19:00,8.4231,8.4232,8.4232,8.4232,8.4266,8.4267,8.4267,8.4266,2
2014-10-29 03:19:00,2014-10-29 03:20:00,8.4232,8.42285,8.4232,8.42285,8.4267,8.4258,8.4267,8.4258,8
2014-10-29 03:20:00,2014-10-29 03:21:00,8.42285,8.42285,8.42285,8.42285,8.4258,8.4257,8.4257,8.4257,1
2014-10-29 03:21:00,2014-10-29 03:23:00,8.42285,8.41905,8.4216,8.41905,8.4257,8.4244,8.4257,8.4244,17
2014-10-29 03:23:00,2014-10-29 03:24:00,8.41905,8.4189,8.41905,8.4189,8.4244,8.42426,8.42427,8.42426,3
2014-10-29 03:24:00,2014-10-29 03:25:00,8.4189,8.419,8.419,8.4189,8.42426,8.42431,8.42431,8.42428,3
2014-10-29 03:25:00,2014-10-29 03:26:00,8.419,8.4189,8.41891,8.4189,8.42431,8.4243,8.42431,8.4243,3
2014-10-29 03:26:00,2014-10-29 03:27:00,8.4189,8.4189,8.4189,8.41886,8.4243,8.42427,8.42427,8.42426,4
2014-10-29 03:27:00,2014-10-29 03:28:00,8.4189,8.41886,8.41887,8.41886,8.42427,8.42426,8.42427,8.42426,3
2014-10-29 03:28:00,2014-10-29 03:29:00,8.41886,8.41886,8.4189,8.41886,8.42426,8.42426,8.42426,8.42426,2
2014-10-29 03:29:00,2014-10-29 03:31:00,8.41886,8.4208,8.4209,8.41911,8.42426,8.4256,8.4256,8.4231,24
2014-10-29 03:31:00,2014-10-29 03:32:00,8.4208,8.4208,8.4208,8.4208,8.4256,8.42554,8.42554,8.42553,3
2014-10-29 03:32:00,2014-10-29 03:33:00,8.4208,8.4208,8.4208,8.4208,8.42554,8.42554,8.42556,8.42526,3
2014-10-29 03:33:00,2014-10-29 03:34:00,8.4208,8.4209,8.4209,8.4209,8.42554,8.42557,8.42557,8.42554,2
2014-10-29 03:34:00,2014-10-29 03:35:00,8.4209,8.4208,8.4208,8.4208,8.42557,8.42553,8.42557,8.42553,2
2014-10-29 03:35:00,2014-10-29 03:36:00,8.4208,8.4209,8.4209,8.4208,8.42553,8.42561,8.42561,8.42554,3
2014-10-29 03:36:00,2014-10-29 03:37:00,8.4209,8.4208,8.4209,8.4208,8.42561,8.42555,8.4256,8.42555,3
2014-10-29 03:37:00,2014-10-29 03:39:00,8.4208,8.4208,8.4208,8.4207,8.42555,8.42555,8.42555,8.42555,4
2014-10-29 03:39:00,2014-10-29 03:40:00,8.4208,8.4208,8.4208,8.4207,8.42555,8.4265,8.4265,8.42555,3
2014-10-29 03:40:00,2014-10-29 03:41:00,8.4208,8.4208,8.4208,8.4208,8.4265,8.42556,8.42556,8.42556,1
2014-10-29 03:41:00,2014-10-29 03:42:00,8.4208,8.4209,8.4209,8.4208,8.42556,8.42558,8.42558,8.42525,4
2014-10-29 03:42:00,2014-10-29 03:44:00,8.4209,8.4209,8.4209,8.4209,8.42558,8.42539,8.42539,8.42539,1
2014-10-29 03:44:00,2014-10-29 03:45:00,8.4209,8.42018,8.4209,8.42018,8.42539,8.42558,8.4256,8.42523,6
2014-10-29 03:45:00,2014-10-29 03:46:00,8.42018,8.4208,8.4208,8.42017,8.42558,8.42551,8.42557,8.42551,5
2014-10-29 03:46:00,2014-10-29 03:47:00,8.4208,8.4209,8.4209,8.4208,8.42551,8.42556,8.42556,8.42552,3
2014-10-29 03:47:00,2014-10-29 03:48:00,8.4209,8.4208,8.4209,8.4208,8.42556,8.42552,8.42557,8.42552,3
2014-10-29 03:48:00,2014-10-29 03:49:00,8.4208,8.4229,8.4229,8.4208,8.42552,8.426,8.42643,8.42553,8
2014-10-29 03:49:00,2014-10-29 03:50:00,8.4229,8.4228,8.4229,8.4228,8.426,8.426,8.426,8.426,3
2014-10-29 03:50:00,2014-10-29 03:51:00,8.4228,8.4227,8.4228,8.4227,8.426,8.426,8.426,8.426,3
2014-10-29 03:51:00,2014-10-29 03:52:00,8.4227,8.4227,8.4227,8.4227,8.426,8.4263,8.4263,8.4263,1
2014-10-29 03:52:00,2014-10-29 03:54:00,8.4227,8.4226,8.4227,8.4225,8.4263,8.4259,8.4263,8.4259,13
2014-10-29 03:54:00,2014-10-29 03:55:00,8.4226,8.4225,8.4226,8.4224,8.4259,8.4257,8.4258,8.4256,7
2014-10-29 03:55:00,2014-10-29 03:56:00,8.4225,8.4226,8.4226,8.4224,8.4257,8.4258,8.4258,8.4256,10
2014-10-29 03:56:00,2014-10-29 03:57:00,8.4226,8.4225,8.4226,8.4225,8.4258,8.4258,8.4258,8.4258,3
2014-10-29 03:57:00,2014-10-29 03:58:00,8.4225,8.4225,8.4225,8.4225,8.4258,8.4261,8.4261,8.4261,1
2014-10-29 03:58:00,2014-10-29 03:59:00,8.4225,8.4225,8.4226,8.4224,8.4261,8.4261,8.4261,8.4259,3
2014-10-29 03:59:00,2014-10-29 04:00:00,8.4225,8.4193,8.4235,8.4184,8.4261,8.4229,8.4261,8.4216,92
2014-10-29 04:00:00,2014-10-29 04:01:00,8.4193,8.4216,8.4217,8.4192,8.4229,8.4262,8.4264,8.42312,36
2014-10-29 04:01:00,2014-10-29 04:02:00,8.4216,8.4216,8.4216,8.4215,8.4262,8.4257,8.4262,8.4257,11
2014-10-29 04:02:00,2014-10-29 04:03:00,8.4216,8.4214,8.4216,8.4214,8.4257,8.4252,8.4256,8.425,19
2014-10-29 04:03:00,2014-10-29 04:04:00,8.4214,8.4227,8.4228,8.4214,8.4252,8.4257,8.4261,8.4252,83
2014-10-29 04:04:00,2014-10-29 04:05:00,8.4227,8.4228,8.4229,8.4227,8.4257,8.4257,8.4259,8.4257,14
2014-10-29 04:05:00,2014-10-29 04:06:00,8.4228,8.4228,8.4229,8.4228,8.4257,8.4258,8.4259,8.4257,13
2014-10-29 04:06:00,2014-10-29 04:07:00,8.4228,8.4228,8.4229,8.4228,8.4258,8.4257,8.4259,8.4257,5
2014-10-29 04:07:00,2014-10-29 04:08:00,8.4228,8.423,8.423,8.4228,8.4257,8.426,8.426,8.4257,6
2014-10-29 04:08:00,2014-10-29 04:10:00,8.423,8.4228,8.423,8.4228,8.426,8.4258,8.426,8.4258,7
2014-10-29 04:10:00,2014-10-29 04:11:00,8.4228,8.4229,8.423,8.4229,8.4258,8.4259,8.426,8.4258,9
2014-10-29 04:11:00,2014-10-29 04:12:00,8.4229,8.4228,8.4229,8.4228,8.4259,8.4259,8.4259,8.4257,7
2014-10-29 04:12:00,2014-10-29 04:13:00,8.4228,8.4229,8.423,8.4228,8.4259,8.4258,8.4259,8.4257,9
2014-10-29 04:13:00,2014-10-29 04:14:00,8.4229,8.423,8.423,8.4229,8.4258,8.426,8.426,8.4258,14
2014-10-29 04:14:00,2014-10-29 04:15:00,8.423,8.4228,8.423,8.4228,8.426,8.4257,8.4259,8.4257,3
2014-10-29 04:15:00,2014-10-29 04:16:00,8.4228,8.4229,8.4229,8.4229,8.4257,8.4259,8.4259,8.4257,2
2014-10-29 04:16:00,2014-10-29 04:17:00,8.4229,8.4229,8.4229,8.4229,8.4259,8.4258,8.4258,8.4258,1
2014-10-29 04:17:00,2014-10-29 04:18:00,8.4229,8.4227,8.4229,8.4227,8.4258,8.4255,8.4258,8.4255,17
2014-10-29 04:18:00,2014-10-29 04:19:00,8.4227,8.4228,8.4228,8.4228,8.4255,8.4257,8.4257,8.4255,2
2014-10-29 04:19:00,2014-10-29 04:22:00,8.4228,8.4228,8.4228,8.4228,8.4257,8.4256,8.4256,8.4256,1
2014-10-29 04:22:00,2014-10-29 04:23:00,8.4228,8.4228,8.4228,8.4228,8.4256,8.4257,8.4257,8.4257,1
2014-10-29 04:23:00,2014-10-29 04:26:00,8.4228,8.42159,8.4216,8.42159,8.4257,8.4265,8.4265,8.4265,2
2014-10-29 04:26:00,2014-10-29 04:27:00,8.42159,8.4228,8.4229,8.4216,8.4265,8.4257,8.4265,8.4257,5
2014-10-29 04:27:00,2014-10-29 04:30:00,8.4228,8.42162,8.42162,8.42162,8.4257,8.4267,8.4267,8.4267,1
2014-10-29 04:30:00,2014-10-29 04:31:00,8.42162,8.4211,8.4227,8.4211,8.4267,8.4258,8.4258,8.4256,5
2014-10-29 04:31:00,2014-10-29 04:32:00,8.4211,8.4206,8.4211,8.4206,8.4258,8.425,8.4257,8.4249,5
2014-10-29 04:32:00,2014-10-29 04:33:00,8.4206,8.4207,8.4207,8.4207,8.425,8.425,8.425,8.425,1
2014-10-29 04:33:00,2014-10-29 04:36:00,8.4207,8.42005,8.4205,8.42005,8.425,8.4248,8.4257,8.4248,12
2014-10-29 04:36:00,2014-10-29 04:37:00,8.42005,8.42,8.4201,8.42,8.4248,8.4235,8.4249,8.4235,11
2014-10-29 04:37:00,2014-10-29 04:38:00,8.42,8.42006,8.4201,8.42006,8.4235,8.4235,8.4236,8.4235,5
2014-10-29 04:38:00,2014-10-29 04:39:00,8.42006,8.4201,8.4201,8.4201,8.4235,8.4236,8.4236,8.4235,2
2014-10-29 04:39:00,2014-10-29 04:40:00,8.4201,8.42007,8.4201,8.42007,8.4236,8.4235,8.4235,8.4235,2
2014-10-29 04:40:00,2014-10-29 04:41:00,8.42007,8.42009,8.4201,8.42009,8.4235,8.4235,8.4235,8.4235,2
2014-10-29 04:41:00,2014-10-29 04:43:00,8.42009,8.42009,8.42009,8.42007,8.4235,8.4244,8.4244,8.4235,3
2014-10-29 04:43:00,2014-10-29 04:44:00,8.42009,8.42007,8.42009,8.42007,8.4244,8.42436,8.4244,8.42436,4
2014-10-29 04:44:00,2014-10-29 04:45:00,8.42007,8.42007,8.42007,8.42007,8.42436,8.42441,8.42441,8.42441,1
2014-10-29 04:45:00,2014-10-29 04:46:00,8.42007,8.42009,8.42009,8.42007,8.42441,8.4234,8.4244,8.4234,3
2014-10-29 04:46:00,2014-10-29 04:47:00,8.42009,8.42007,8.42009,8.42007,8.4234,8.4235,8.4235,8.4235,2
2014-10-29 04:47:00,2014-10-29 04:49:00,8.42007,8.42008,8.42008,8.42008,8.4235,8.4235,8.4235,8.4235,1
2014-10-29 04:49:00,2014-10-29 04:50:00,8.42008,8.42008,8.42008,8.42008,8.4235,8.42441,8.42441,8.42439,3
2014-10-29 04:50:00,2014-10-29 04:51:00,8.42008,8.42009,8.42009,8.42009,8.42441,8.42441,8.42441,8.42441,1
2014-10-29 04:51:00,2014-10-29 04:52:00,8.42009,8.42009,8.42009,8.42009,8.42441,8.42436,8.4244,8.42436,2
2014-10-29 04:52:00,2014-10-29 04:53:00,8.42009,8.42009,8.42009,8.42009,8.42436,8.4234,8.42437,8.4234,3
2014-10-29 04:53:00,2014-10-29 04:54:00,8.42009,8.42007,8.42007,8.42007,8.4234,8.4234,8.4234,8.4234,1
2014-10-29 04:54:00,2014-10-29 04:55:00,8.42007,8.42011,8.42011,8.42011,8.4234,8.4234,8.4234,8.4234,1
2014-10-29 04:55:00,2014-10-29 04:56:00,8.42011,8.42011,8.42011,8.42011,8.4234,8.4244,8.4244,8.4244,1
2014-10-29 04:56:00,2014-10-29 04:57:00,8.42011,8.42011,8.42011,8.42011,8.4244,8.4244,8.4244,8.42439,2
2014-10-29 04:57:00,2014-10-29 04:58:00,8.42011,8.42006,8.42006,8.42006,8.4244,8.42441,8.42441,8.4244,2
2014-10-29 04:58:00,2014-10-29 04:59:00,8.42006,8.42004,8.42004,8.42003,8.42441,8.4233,8.42441,8.4233,4
2014-10-29 04:59:00,2014-10-29 05:00:00,8.42004,8.42006,8.42006,8.42006,8.4233,8.4234,8.4234,8.4233,2
2014-10-29 05:00:00,2014-10-29 05:01:00,8.42006,8.42005,8.42006,8.42005,8.4234,8.4234,8.4234,8.4233,3
2014-10-29 05:01:00,2014-10-29 05:04:00,8.42005,8.42003,8.42006,8.42003,8.4234,8.4244,8.4244,8.4234,3
2014-10-29 05:04:00,2014-10-29 05:06:00,8.42003,8.42004,8.42004,8.42004,8.4244,8.4244,8.4244,8.4244,1
2014-10-29 05:06:00,2014-10-29 05:07:00,8.42004,8.42005,8.42005,8.42004,8.4244,8.4249,8.4249,8.42489,2
2014-10-29 05:07:00,2014-10-29 05:08:00,8.42005,8.42005,8.42005,8.42005,8.4249,8.4233,8.4233,8.4233,1
2014-10-29 05:08:00,2014-10-29 05:10:00,8.42005,8.42006,8.42006,8.42006,8.4233,8.4233,8.4233,8.4233,1
2014-10-29 05:10:00,2014-10-29 05:11:00,8.42006,8.42006,8.42006,8.42006,8.4233,8.4244,8.42491,8.42439,3
2014-10-29 05:11:00,2014-10-29 05:12:00,8.42006,8.42007,8.42007,8.42007,8.4244,8.4244,8.4244,8.4244,1
2014-10-29 05:12:00,2014-10-29 05:13:00,8.42007,8.42003,8.42007,8.42003,8.4244,8.4234,8.4234,8.4234,2
2014-10-29 05:13:00,2014-10-29 05:16:00,8.42003,8.42003,8.42003,8.42003,8.4234,8.4244,8.4244,8.4244,1
2014-10-29 05:16:00,2014-10-29 05:17:00,8.42003,8.42004,8.42004,8.42003,8.4244,8.42436,8.42437,8.42432,4
2014-10-29 05:17:00,2014-10-29 05:18:00,8.42004,8.42006,8.42006,8.42004,8.42436,8.42436,8.4244,8.42436,3
2014-10-29 05:18:00,2014-10-29 05:19:00,8.42006,8.4183,8.42006,8.4183,8.42436,8.42238,8.4234,8.42235,13
2014-10-29 05:19:00,2014-10-29 05:20:00,8.4183,8.4183,8.4183,8.4183,8.42238,8.42244,8.42244,8.42239,3
2014-10-29 05:20:00,2014-10-29 05:21:00,8.4183,8.4183,8.4183,8.4183,8.42244,8.42243,8.42243,8.4224,3
2014-10-29 05:21:00,2014-10-29 05:22:00,8.4183,8.41803,8.41803,8.41803,8.42243,8.42243,8.42243,8.42243,1
2014-10-29 05:22:00,2014-10-29 05:23:00,8.41803,8.4182,8.4182,8.4182,8.42243,8.42239,8.42243,8.42238,3
2014-10-29 05:23:00,2014-10-29 05:24:00,8.4182,8.4183,8.4183,8.4183,8.42239,8.42239,8.42239,8.42239,1
2014-10-29 05:24:00,2014-10-29 05:26:00,8.4183,8.4183,8.4183,8.4183,8.42239,8.42239,8.42239,8.42238,2
2014-10-29 05:26:00,2014-10-29 05:27:00,8.4183,8.4182,8.4182,8.4182,8.42239,8.42238,8.42239,8.42238,2
2014-10-29 05:27:00,2014-10-29 05:28:00,8.4182,8.4182,8.4182,8.4182,8.42238,8.42239,8.42239,8.42238,3
2014-10-29 05:28:00,2014-10-29 05:29:00,8.4182,8.4182,8.4182,8.4182,8.42239,8.42238,8.42238,8.42238,1
2014-10-29 05:29:00,2014-10-29 05:30:00,8.4182,8.41805,8.4182,8.41805,8.42238,8.42244,8.42244,8.42243,3
2014-10-29 05:30:00,2014-10-29 05:31:00,8.41805,8.41805,8.41805,8.41805,8.42244,8.42239,8.42239,8.42238,2
2014-10-29 05:31:00,2014-10-29 05:32:00,8.41805,8.41804,8.41805,8.41804,8.42239,8.42243,8.42244,8.42243,3
2014-10-29 05:32:00,2014-10-29 05:34:00,8.41804,8.4183,8.4183,8.4183,8.42243,8.42243,8.42243,8.42243,1
2014-10-29 05:34:00,2014-10-29 05:35:00,8.4183,8.4183,8.4183,8.4183,8.42243,8.42244,8.42244,8.42244,1
2014-10-29 05:35:00,2014-10-29 05:36:00,8.4183,8.4183,8.4183,8.4183,8.42244,8.42245,8.42245,8.42245,1
2014-10-29 05:36:00,2014-10-29 05:37:00,8.4183,8.41801,8.41801,8.41801,8.42245,8.42245,8.42245,8.42243,3
2014-10-29 05:37:00,2014-10-29 05:38:00,8.41801,8.41801,8.41801,8.41801,8.42245,8.42243,8.42245,8.42243,3
2014-10-29 05:38:00,2014-10-29 05:39:00,8.41801,8.41802,8.41811,8.41802,8.42243,8.42243,8.42243,8.42243,2
2014-10-29 05:39:00,2014-10-29 05:40:00,8.41802,8.41803,8.41803,8.41802,8.42243,8.42239,8.42244,8.42239,3
2014-10-29 05:40:00,2014-10-29 05:41:00,8.41803,8.4197,8.4197,8.41803,8.42239,8.4231,8.4232,8.42244,14
2014-10-29 05:41:00,2014-10-29 05:42:00,8.4197,8.41894,8.4191,8.4188,8.4231,8.4217,8.4231,8.4217,10
2014-10-29 05:42:00,2014-10-29 05:43:00,8.41894,8.41864,8.41894,8.41864,8.4217,8.4219,8.4219,8.4219,2
2014-10-29 05:43:00,2014-10-29 05:44:00,8.41864,8.4189,8.4189,8.41864,8.4219,8.4218,8.422,8.4218,4
2014-10-29 05:44:00,2014-10-29 05:47:00,8.419,8.4189,8.419,8.4189,8.4219,8.4218,8.4218,8.4218,2
2014-10-29 05:47:00,2014-10-29 05:48:00,8.4189,8.419,8.419,8.419,8.4218,8.4219,8.4219,8.4218,2
2014-10-29 05:48:00,2014-10-29 05:49:00,8.419,8.4191,8.4191,8.4191,8.4219,8.422,8.422,8.4219,2
2014-10-29 05:49:00,2014-10-29 05:50:00,8.4191,8.419,8.4191,8.419,8.422,8.4219,8.4219,8.4219,2
2014-10-29 05:50:00,2014-10-29 05:52:00,8.419,8.419,8.4191,8.419,8.4219,8.4219,8.422,8.4219,4
2014-10-29 05:52:00,2014-10-29 05:53:00,8.419,8.4204,8.4204,8.4191,8.4219,8.4239,8.42442,8.4219,18
2014-10-29 05:53:00,2014-10-29 05:54:00,8.4204,8.4205,8.4205,8.4203,8.4239,8.424,8.424,8.4238,7
2014-10-29 05:54:00,2014-10-29 05:56:00,8.4205,8.4206,8.4206,8.4206,8.424,8.4241,8.4241,8.424,2
2014-10-29 05:56:00,2014-10-29 05:59:00,8.4206,8.4201,8.4201,8.4201,8.4241,8.42451,8.42465,8.42436,4
2014-10-29 05:59:00,2014-10-29 06:00:00,8.4201,8.4206,8.4206,8.42011,8.42451,8.4241,8.42451,8.424,5
2014-10-29 06:00:00,2014-10-29 06:01:00,8.4206,8.4205,8.4206,8.4205,8.4241,8.424,8.424,8.424,2
2014-10-29 06:01:00,2014-10-29 06:04:00,8.4205,8.4204,8.4204,8.42014,8.424,8.4239,8.4249,8.4239,3
2014-10-29 06:04:00,2014-10-29 06:05:00,8.4204,8.4203,8.4204,8.4203,8.4239,8.4238,8.4238,8.4238,2
2014-10-29 06:05:00,2014-10-29 06:07:00,8.4203,8.4174,8.4201,8.4174,8.4238,8.421,8.4238,8.421,25
2014-10-29 06:07:00,2014-10-29 06:08:00,8.4174,8.41613,8.41838,8.416,8.421,8.4213,8.42378,8.4196,66
2014-10-29 06:08:00,2014-10-29 06:09:00,8.41613,8.41843,8.41843,8.41617,8.4213,8.4236,8.4236,8.4213,19
2014-10-29 06:09:00,2014-10-29 06:10:00,8.41843,8.41966,8.41993,8.41792,8.4236,8.4238,8.4241,8.423,229
2014-10-29 06:10:00,2014-10-29 06:11:00,8.41966,8.41879,8.41998,8.41811,8.4238,8.424,8.424,8.4233,209
2014-10-29 06:11:00,2014-10-29 06:12:00,8.41879,8.41783,8.42002,8.41745,8.424,8.4217,8.424,8.4217,93
2014-10-29 06:12:00,2014-10-29 06:13:00,8.41783,8.4178,8.41782,8.4178,8.4217,8.4217,8.4217,8.4217,2
2014-10-29 06:13:00,2014-10-29 06:14:00,8.4178,8.41778,8.41781,8.41771,8.4217,8.4217,8.4217,8.4216,5
2014-10-29 06:14:00,2014-10-29 06:15:00,8.41778,8.41741,8.4175,8.41741,8.4217,8.4217,8.4217,8.4217,3
2014-10-29 06:15:00,2014-10-29 06:16:00,8.41741,8.41765,8.41765,8.41727,8.4217,8.4218,8.4218,8.4217,5
2014-10-29 06:16:00,2014-10-29 06:17:00,8.41765,8.41726,8.41755,8.41701,8.4218,8.4218,8.4218,8.4218,11
2014-10-29 06:17:00,2014-10-29 06:19:00,8.41726,8.41754,8.41754,8.41747,8.4218,8.4217,8.4218,8.4217,4
2014-10-29 06:19:00,2014-10-29 06:20:00,8.41754,8.41772,8.41791,8.41753,8.4217,8.4215,8.4217,8.4215,7
2014-10-29 06:20:00,2014-10-29 06:21:00,8.41772,8.4192,8.4192,8.41778,8.4215,8.4227,8.4227,8.4215,14
2014-10-29 06:21:00,2014-10-29 06:22:00,8.4192,8.4193,8.4193,8.4193,8.4227,8.42264,8.4228,8.42264,3
2014-10-29 06:22:00,2014-10-29 06:23:00,8.4193,8.421,8.421,8.4193,8.42264,8.42292,8.42312,8.42265,18
2014-10-29 06:23:00,2014-10-29 06:24:00,8.421,8.4209,8.421,8.4209,8.42292,8.42292,8.42292,8.42292,3
2014-10-29 06:24:00,2014-10-29 06:25:00,8.4209,8.4209,8.4209,8.4208,8.42292,8.42292,8.42292,8.42292,2
2014-10-29 06:25:00,2014-10-29 06:27:00,8.4209,8.4208,8.4208,8.4208,8.42292,8.42292,8.42292,8.42292,1
2014-10-29 06:27:00,2014-10-29 06:30:00,8.4208,8.4205,8.4205,8.4205,8.42292,8.42292,8.42292,8.42292,1
2014-10-29 06:30:00,2014-10-29 06:31:00,8.4205,8.42049,8.42052,8.42048,8.42292,8.4225,8.42292,8.4225,5
2014-10-29 06:31:00,2014-10-29 06:33:00,8.42049,8.42048,8.42049,8.42048,8.4225,8.4224,8.4224,8.4224,2
2014-10-29 06:33:00,2014-10-29 06:34:00,8.42048,8.42048,8.42048,8.42048,8.4224,8.4218,8.4219,8.4218,2
2014-10-29 06:34:00,2014-10-29 06:35:00,8.42048,8.41928,8.42048,8.41928,8.4218,8.4206,8.4217,8.4206,12
2014-10-29 06:35:00,2014-10-29 06:36:00,8.41928,8.41933,8.41933,8.41926,8.4206,8.4209,8.4209,8.4206,4
2014-10-29 06:36:00,2014-10-29 06:37:00,8.41933,8.41933,8.41933,8.41933,8.4209,8.4209,8.4209,8.4208,2
2014-10-29 06:37:00,2014-10-29 06:38:00,8.41933,8.41929,8.41929,8.41929,8.4209,8.4209,8.4209,8.4209,1
2014-10-29 06:38:00,2014-10-29 06:39:00,8.41929,8.41929,8.41929,8.41928,8.4209,8.4208,8.4209,8.4208,5
2014-10-29 06:39:00,2014-10-29 06:40:00,8.41929,8.41929,8.41929,8.41928,8.4208,8.4208,8.4208,8.4208,2
2014-10-29 06:40:00,2014-10-29 06:42:00,8.41929,8.41929,8.41929,8.41928,8.4208,8.42252,8.42252,8.4208,5
2014-10-29 06:42:00,2014-10-29 06:43:00,8.41929,8.4193,8.4193,8.4193,8.42252,8.42252,8.42252,8.4225,3
2014-10-29 06:43:00,2014-10-29 06:44:00,8.4193,8.41928,8.4193,8.41923,8.42252,8.4209,8.42251,8.4209,6
2014-10-29 06:44:00,2014-10-29 06:45:00,8.41928,8.41947,8.41953,8.41929,8.4209,8.4221,8.4222,8.4209,11
2014-10-29 06:45:00,2014-10-29 06:46:00,8.41947,8.41948,8.41948,8.41948,8.4221,8.4221,8.4221,8.4221,1
2014-10-29 06:46:00,2014-10-29 06:47:00,8.41948,8.41946,8.41946,8.41945,8.4221,8.4221,8.4221,8.4221,2
2014-10-29 06:47:00,2014-10-29 06:48:00,8.41946,8.41945,8.41945,8.41945,8.4221,8.42265,8.42265,8.4221,2
2014-10-29 06:48:00,2014-10-29 06:50:00,8.41945,8.42029,8.42035,8.41953,8.42265,8.4226,8.42265,8.4223,21
2014-10-29 06:50:00,2014-10-29 06:51:00,8.42029,8.42029,8.42029,8.42027,8.4226,8.4225,8.4226,8.4225,3
2014-10-29 06:51:00,2014-10-29 06:52:00,8.42029,8.41897,8.42021,8.41843,8.4225,8.4211,8.4232,8.4211,51
2014-10-29 06:52:00,2014-10-29 06:53:00,8.41897,8.4194,8.4194,8.41897,8.4211,8.42264,8.42264,8.4212,30
2014-10-29 06:53:00,2014-10-29 06:54:00,8.4194,8.4199,8.4199,8.41968,8.42264,8.42266,8.42329,8.42264,6
2014-10-29 06:54:00,2014-10-29 06:55:00,8.4199,8.41968,8.4208,8.41967,8.42266,8.422,8.4221,8.4208,36
2014-10-29 06:55:00,2014-10-29 06:56:00,8.41968,8.4234,8.4234,8.41965,8.422,8.425,8.4251,8.422,19
2014-10-29 06:56:00,2014-10-29 06:57:00,8.4234,8.4206,8.4234,8.41858,8.425,8.4223,8.4249,8.4202,142
2014-10-29 06:57:00,2014-10-29 06:58:00,8.4206,8.4211,8.4216,8.4207,8.4223,8.4226,8.4231,8.4223,13
2014-10-29 06:58:00,2014-10-29 06:59:00,8.4211,8.4205,8.4216,8.4199,8.4226,8.4221,8.4229,8.4213,21
2014-10-29 06:59:00,2014-10-29 07:00:00,8.4205,8.4214,8.4214,8.4205,8.4221,8.4231,8.4231,8.422,33
2014-10-29 07:00:00,2014-10-29 07:01:00,8.4214,8.4228,8.4228,8.41876,8.4231,8.4245,8.4245,8.4219,55
2014-10-29 07:01:00,2014-10-29 07:02:00,8.4228,8.4182,8.422,8.4176,8.4245,8.4216,8.4245,8.4193,124
2014-10-29 07:02:00,2014-10-29 07:03:00,8.4182,8.4181,8.41913,8.41793,8.4216,8.4202,8.4217,8.4202,68
2014-10-29 07:03:00,2014-10-29 07:04:00,8.4181,8.4182,8.4189,8.4177,8.4202,8.4214,8.4216,8.41992,109
2014-10-29 07:04:00,2014-10-29 07:05:00,8.4182,8.4188,8.4192,8.41795,8.4214,8.4224,8.4227,8.4203,84
2014-10-29 07:05:00,2014-10-29 07:06:00,8.4188,8.4188,8.4188,8.4188,8.4224,8.422,8.4226,8.422,15
2014-10-29 07:06:00,2014-10-29 07:07:00,8.4188,8.4186,8.4188,8.4186,8.422,8.4217,8.4222,8.4217,9
2014-10-29 07:07:00,2014-10-29 07:08:00,8.4186,8.419,8.41955,8.4182,8.4217,8.4218,8.4227,8.4212,80
2014-10-29 07:08:00,2014-10-29 07:09:00,8.419,8.4185,8.4191,8.4179,8.4218,8.4203,8.4227,8.4201,66
2014-10-29 07:09:00,2014-10-29 07:10:00,8.4185,8.4183,8.4185,8.41767,8.4203,8.4213,8.422,8.42,28
2014-10-29 07:10:00,2014-10-29 07:11:00,8.4183,8.41846,8.4194,8.4173,8.4213,8.4205,8.4226,8.4189,94
2014-10-29 07:11:00,2014-10-29 07:12:00,8.41846,8.4176,8.41851,8.4162,8.4205,8.4205,8.4205,8.4191,59
2014-10-29 07:12:00,2014-10-29 07:13:00,8.4176,8.4213,8.4213,8.4162,8.4205,8.4232,8.4235,8.4193,123
2014-10-29 07:13:00,2014-10-29 07:14:00,8.4213,8.422,8.422,8.4205,8.4232,8.4243,8.4243,8.4228,73
2014-10-29 07:14:00,2014-10-29 07:15:00,8.422,8.4205,8.42209,8.4205,8.4243,8.4226,8.42439,8.42252,44
2014-10-29 07:15:00,2014-10-29 07:16:00,8.4205,8.4206,8.4206,8.4205,8.4226,8.42263,8.42265,8.42255,7
2014-10-29 07:16:00,2014-10-29 07:17:00,8.4206,8.4201,8.4206,8.4199,8.42263,8.4228,8.4228,8.42257,23
2014-10-29 07:17:00,2014-10-29 07:18:00,8.4201,8.4198,8.4223,8.4192,8.4228,8.4224,8.4239,8.4211,162
2014-10-29 07:18:00,2014-10-29 07:19:00,8.4198,8.4194,8.4197,8.4188,8.4224,8.4221,8.4227,8.4214,56
2014-10-29 07:19:00,2014-10-29 07:20:00,8.4194,8.4207,8.4208,8.41959,8.4221,8.42236,8.4226,8.42207,15
2014-10-29 07:20:00,2014-10-29 07:21:00,8.4207,8.4207,8.4208,8.4206,8.42236,8.42223,8.42242,8.42223,9
2014-10-29 07:21:00,2014-10-29 07:22:00,8.4207,8.4187,8.4209,8.4181,8.42223,8.421,8.42235,8.41995,104
2014-10-29 07:22:00,2014-10-29 07:23:00,8.4187,8.418,8.4187,8.418,8.421,8.41965,8.42085,8.41965,14
2014-10-29 07:23:00,2014-10-29 07:24:00,8.418,8.4181,8.4181,8.418,8.41965,8.4196,8.41975,8.4196,4
2014-10-29 07:24:00,2014-10-29 07:25:00,8.4181,8.4181,8.4181,8.4181,8.4196,8.4196,8.4197,8.4196,2
2014-10-29 07:25:00,2014-10-29 07:26:00,8.4181,8.4178,8.4181,8.4162,8.4196,8.4195,8.4199,8.41893,64
2014-10-29 07:26:00,2014-10-29 07:27:00,8.4178,8.4176,8.4177,8.4176,8.4195,8.4195,8.4195,8.4187,8
2014-10-29 07:27:00,2014-10-29 07:28:00,8.4176,8.4175,8.4178,8.4169,8.4195,8.41927,8.4195,8.4184,41
2014-10-29 07:28:00,2014-10-29 07:29:00,8.4175,8.41752,8.4182,8.4159,8.41927,8.4194,8.4199,8.4182,73
2014-10-29 07:29:00,2014-10-29 07:30:00,8.41752,8.41707,8.41788,8.4162,8.4194,8.4187,8.4196,8.4176,75
2014-10-29 07:30:00,2014-10-29 07:31:00,8.41707,8.41671,8.4184,8.4161,8.4187,8.4187,8.41963,8.4177,122
2014-10-29 07:31:00,2014-10-29 07:32:00,8.41671,8.4162,8.4172,8.4162,8.4187,8.41807,8.41896,8.418,73
2014-10-29 07:32:00,2014-10-29 07:33:00,8.4162,8.4163,8.4169,8.4162,8.41807,8.41821,8.41871,8.41806,40
2014-10-29 07:33:00,2014-10-29 07:34:00,8.4163,8.4169,8.418,8.4163,8.41821,8.4189,8.41932,8.4183,62
2014-10-29 07:34:00,2014-10-29 07:35:00,8.4169,8.4172,8.4175,8.4169,8.4189,8.4193,8.41932,8.4186,47
2014-10-29 07:35:00,2014-10-29 07:36:00,8.4172,8.4174,8.4177,8.4169,8.4193,8.41931,8.41932,8.4189,35
2014-10-29 07:36:00,2014-10-29 07:37:00,8.4174,8.4173,8.4177,8.4172,8.41931,8.41931,8.41931,8.4193,22
2014-10-29 07:37:00,2014-10-29 07:38:00,8.4173,8.4171,8.4175,8.4168,8.41931,8.4188,8.41931,8.4188,28
2014-10-29 07:38:00,2014-10-29 07:39:00,8.4171,8.41988,8.42047,8.4172,8.4188,8.4215,8.423,8.4187,175
2014-10-29 07:39:00,2014-10-29 07:40:00,8.41988,8.42,8.42311,8.4183,8.4215,8.4208,8.42502,8.42,269
2014-10-29 07:40:00,2014-10-29 07:41:00,8.42,8.4164,8.42,8.4156,8.4208,8.4204,8.4225,8.419,196
2014-10-29 07:41:00,2014-10-29 07:42:00,8.4164,8.4203,8.42066,8.4156,8.4204,8.4236,8.4241,8.4175,138
2014-10-29 07:42:00,2014-10-29 07:43:00,8.4203,8.42,8.4215,8.4156,8.4236,8.4236,8.4243,8.41929,164
2014-10-29 07:43:00,2014-10-29 07:44:00,8.42,8.41858,8.4216,8.4158,8.4236,8.41939,8.4238,8.4177,132
2014-10-29 07:44:00,2014-10-29 07:45:00,8.41858,8.4165,8.41858,8.4159,8.41939,8.4194,8.4206,8.419,58
2014-10-29 07:45:00,2014-10-29 07:46:00,8.4165,8.4157,8.4173,8.41525,8.4194,8.4175,8.4195,8.4172,92
2014-10-29 07:46:00,2014-10-29 07:47:00,8.4157,8.4212,8.422,8.41525,8.4175,8.42337,8.4254,8.41676,244
2014-10-29 07:47:00,2014-10-29 07:48:00,8.4212,8.419,8.4214,8.4156,8.42337,8.4225,8.4235,8.41776,223
2014-10-29 07:48:00,2014-10-29 07:49:00,8.419,8.416,8.4209,8.4158,8.4225,8.4188,8.4241,8.4188,105
2014-10-29 07:49:00,2014-10-29 07:50:00,8.416,8.4202,8.4203,8.41553,8.4188,8.4222,8.4245,8.4174,114
2014-10-29 07:50:00,2014-10-29 07:51:00,8.4202,8.4157,8.4204,8.4153,8.4222,8.4187,8.4237,8.4183,156
2014-10-29 07:51:00,2014-10-29 07:52:00,8.4157,8.41927,8.4198,8.4153,8.4187,8.4208,8.4232,8.4177,165
2014-10-29 07:52:00,2014-10-29 07:53:00,8.41927,8.4197,8.42013,8.4158,8.4208,8.42282,8.4232,8.4185,247
2014-10-29 07:53:00,2014-10-29 07:54:00,8.4197,8.4191,8.4206,8.4174,8.42282,8.42088,8.4236,8.419,87
2014-10-29 07:54:00,2014-10-29 07:55:00,8.4191,8.4182,8.4192,8.4182,8.42088,8.41942,8.42088,8.41942,30
2014-10-29 07:55:00,2014-10-29 07:56:00,8.4182,8.4178,8.4181,8.4178,8.41942,8.4194,8.41942,8.4194,13
2014-10-29 07:56:00,2014-10-29 07:57:00,8.4178,8.418,8.418,8.4178,8.4194,8.41942,8.4196,8.4194,18
2014-10-29 07:57:00,2014-10-29 07:58:00,8.418,8.4181,8.4184,8.418,8.41942,8.41964,8.41984,8.41943,30
2014-10-29 07:58:00,2014-10-29 07:59:00,8.4181,8.4163,8.41804,8.4163,8.41964,8.41939,8.4205,8.41939,17
2014-10-29 07:59:00,2014-10-29 08:00:00,8.4163,8.4198,8.4212,8.4153,8.41939,8.4234,8.4246,8.4188,95
2014-10-29 08:00:00,2014-10-29 08:01:00,8.4198,8.4205,8.4233,8.41936,8.4234,8.4218,8.4257,8.42166,246
2014-10-29 08:01:00,2014-10-29 08:02:00,8.4205,8.42028,8.421,8.42028,8.4218,8.4228,8.4244,8.4219,90
2014-10-29 08:02:00,2014-10-29 08:03:00,8.42028,8.4222,8.4222,8.42005,8.4228,8.42377,8.4239,8.42184,214
2014-10-29 08:03:00,2014-10-29 08:04:00,8.4222,8.42257,8.42257,8.4218,8.42377,8.4242,8.42445,8.42327,87
2014-10-29 08:04:00,2014-10-29 08:05:00,8.42257,8.4237,8.4244,8.42257,8.4242,8.42582,8.426,8.4243,120
2014-10-29 08:05:00,2014-10-29 08:06:00,8.4237,8.42447,8.42447,8.42358,8.42582,8.4262,8.4263,8.4254,25
2014-10-29 08:06:00,2014-10-29 08:07:00,8.42447,8.4246,8.42489,8.42427,8.4262,8.42638,8.42638,8.4261,40
2014-10-29 08:07:00,2014-10-29 08:08:00,8.4246,8.42502,8.42502,8.4241,8.42638,8.4266,8.4267,8.4262,49
2014-10-29 08:08:00,2014-10-29 08:09:00,8.42502,8.42502,8.42536,8.42502,8.4266,8.4265,8.4265,8.4264,13
2014-10-29 08:09:00,2014-10-29 08:10:00,8.42502,8.42386,8.42504,8.42386,8.4265,8.4258,8.4265,8.4258,33
2014-10-29 08:10:00,2014-10-29 08:11:00,8.42386,8.4241,8.42434,8.4239,8.4258,8.4258,8.426,8.4257,28
2014-10-29 08:11:00,2014-10-29 08:12:00,8.4241,8.42486,8.42486,8.42385,8.4258,8.4265,8.4265,8.4257,48
2014-10-29 08:12:00,2014-10-29 08:13:00,8.42486,8.4247,8.42488,8.42281,8.4265,8.42624,8.4266,8.42463,85
2014-10-29 08:13:00,2014-10-29 08:14:00,8.4247,8.4239,8.4246,8.4236,8.42624,8.42596,8.42624,8.4259,22
2014-10-29 08:14:00,2014-10-29 08:15:00,8.4239,8.42407,8.4244,8.4238,8.42596,8.426,8.42616,8.42557,45
2014-10-29 08:15:00,2014-10-29 08:16:00,8.42407,8.4243,8.4252,8.4237,8.426,8.4259,8.4264,8.4253,93
2014-10-29 08:16:00,2014-10-29 08:17:00,8.4243,8.42507,8.4251,8.4239,8.4259,8.4262,8.4269,8.42543,49
2014-10-29 08:17:00,2014-10-29 08:18:00,8.42507,8.4263,8.4265,8.42507,8.4262,8.42693,8.42693,8.4262,7
2014-10-29 08:18:00,2014-10-29 08:19:00,8.4263,8.4258,8.4262,8.4258,8.42693,8.4271,8.4271,8.42693,8
2014-10-29 08:19:00,2014-10-29 08:20:00,8.4258,8.42733,8.428,8.4258,8.4271,8.4281,8.4298,8.4271,80
2014-10-29 08:20:00,2014-10-29 08:21:00,8.42733,8.42733,8.42733,8.42733,8.4281,8.4286,8.4286,8.4286,1
2014-10-29 08:21:00,2014-10-29 08:22:00,8.42733,8.42557,8.4285,8.42545,8.4286,8.4275,8.42903,8.4272,103
2014-10-29 08:22:00,2014-10-29 08:23:00,8.42557,8.42712,8.4272,8.42553,8.4275,8.429,8.4291,8.4274,89
2014-10-29 08:23:00,2014-10-29 08:24:00,8.42712,8.42569,8.42836,8.42559,8.429,8.42799,8.4302,8.4274,165
2014-10-29 08:24:00,2014-10-29 08:25:00,8.42569,8.42708,8.4274,8.42526,8.42799,8.4292,8.4296,8.427,231
2014-10-29 08:25:00,2014-10-29 08:26:00,8.42708,8.42964,8.42991,8.42698,8.4292,8.4322,8.4323,8.4292,194
2014-10-29 08:26:00,2014-10-29 08:27:00,8.42964,8.42796,8.43057,8.42747,8.4322,8.4296,8.43269,8.42911,179
2014-10-29 08:27:00,2014-10-29 08:28:00,8.42796,8.42745,8.42817,8.427,8.4296,8.42882,8.43,8.42793,101
2014-10-29 08:28:00,2014-10-29 08:29:00,8.42745,8.42839,8.42962,8.4274,8.42882,8.4303,8.4313,8.42882,119
2014-10-29 08:29:00,2014-10-29 08:30:00,8.42839,8.4277,8.4284,8.4272,8.4303,8.4296,8.4304,8.4282,104
2014-10-29 08:30:00,2014-10-29 08:31:00,8.4277,8.42786,8.42786,8.4275,8.4296,8.4294,8.4296,8.4294,11
2014-10-29 08:31:00,2014-10-29 08:32:00,8.42786,8.42696,8.42786,8.42696,8.4294,8.4286,8.4291,8.4283,28
2014-10-29 08:32:00,2014-10-29 08:33:00,8.42696,8.4277,8.42776,8.427,8.4286,8.42963,8.42963,8.42857,26
2014-10-29 08:33:00,2014-10-29 08:34:00,8.4277,8.42776,8.42776,8.42776,8.42963,8.42963,8.42963,8.42963,1
2014-10-29 08:34:00,2014-10-29 08:35:00,8.42776,8.428,8.428,8.4278,8.42963,8.42963,8.42963,8.42963,2
2014-10-29 08:35:00,2014-10-29 08:37:00,8.428,8.4283,8.4306,8.4272,8.42963,8.4309,8.4332,8.42876,150
2014-10-29 08:37:00,2014-10-29 08:38:00,8.4283,8.4294,8.4297,8.4264,8.4309,8.4322,8.4327,8.42823,105
2014-10-29 08:38:00,2014-10-29 08:39:00,8.4294,8.42763,8.43015,8.42763,8.4322,8.4298,8.4327,8.4298,119
2014-10-29 08:39:00,2014-10-29 08:40:00,8.42763,8.4283,8.4293,8.42737,8.4298,8.43054,8.43073,8.4292,78
2014-10-29 08:40:00,2014-10-29 08:41:00,8.4283,8.42236,8.42952,8.42236,8.43054,8.4258,8.43109,8.4248,129
2014-10-29 08:41:00,2014-10-29 08:42:00,8.42236,8.42527,8.42547,8.4223,8.4258,8.42705,8.42743,8.4256,60
2014-10-29 08:42:00,2014-10-29 08:43:00,8.42527,8.4252,8.4253,8.42517,8.42705,8.42638,8.42713,8.42638,10
2014-10-29 08:43:00,2014-10-29 08:44:00,8.4252,8.424,8.42548,8.42381,8.42638,8.42518,8.42691,8.42518,37
2014-10-29 08:44:00,2014-10-29 08:45:00,8.424,8.42394,8.42411,8.42366,8.42518,8.42493,8.42518,8.42468,26
2014-10-29 08:45:00,2014-10-29 08:46:00,8.42394,8.4207,8.4243,8.4199,8.42493,8.42189,8.42562,8.4218,177
2014-10-29 08:46:00,2014-10-29 08:47:00,8.4207,8.4204,8.42266,8.4195,8.42189,8.42192,8.42438,8.421,138
2014-10-29 08:47:00,2014-10-29 08:48:00,8.4204,8.4207,8.42081,8.419,8.42192,8.42258,8.42258,8.42055,151
2014-10-29 08:48:00,2014-10-29 08:49:00,8.4207,8.42207,8.42207,8.42,8.42258,8.42358,8.42358,8.42149,83
2014-10-29 08:49:00,2014-10-29 08:50:00,8.42207,8.42484,8.42484,8.4219,8.42358,8.42616,8.42624,8.4234,81
2014-10-29 08:50:00,2014-10-29 08:51:00,8.42484,8.42454,8.42484,8.4242,8.42616,8.42596,8.42665,8.42552,113
2014-10-29 08:51:00,2014-10-29 08:52:00,8.42454,8.4266,8.4276,8.42438,8.42596,8.42818,8.4291,8.42597,143
2014-10-29 08:52:00,2014-10-29 08:53:00,8.4266,8.4263,8.42652,8.4253,8.42818,8.42793,8.4282,8.42668,71
2014-10-29 08:53:00,2014-10-29 08:54:00,8.4263,8.42904,8.4295,8.4264,8.42793,8.43127,8.4313,8.42793,103
2014-10-29 08:54:00,2014-10-29 08:55:00,8.42904,8.4326,8.43342,8.42882,8.43127,8.4346,8.4353,8.4306,178
2014-10-29 08:55:00,2014-10-29 08:56:00,8.4326,8.43407,8.43434,8.43213,8.4346,8.4359,8.4359,8.4336,89
2014-10-29 08:56:00,2014-10-29 08:57:00,8.43407,8.43317,8.43407,8.43272,8.4359,8.4352,8.43617,8.43383,76
2014-10-29 08:57:00,2014-10-29 08:58:00,8.43317,8.43304,8.43312,8.43274,8.4352,8.4353,8.4353,8.43504,49
2014-10-29 08:58:00,2014-10-29 08:59:00,8.43304,8.4362,8.43717,8.43225,8.4353,8.4455,8.446,8.43415,126
2014-10-29 08:59:00,2014-10-29 09:00:00,8.4362,8.4674,8.46804,8.4359,8.4455,8.47215,8.4822,8.4458,350
2014-10-29 09:00:00,2014-10-29 09:01:00,8.4674,8.4707,8.4822,8.4663,8.47215,8.4744,8.4847,8.4694,306
2014-10-29 09:01:00,2014-10-29 09:02:00,8.4707,8.4691,8.4753,8.4663,8.4744,8.4729,8.4779,8.4701,356
2014-10-29 09:02:00,2014-10-29 09:03:00,8.4691,8.47,8.4714,8.46789,8.4729,8.4711,8.4734,8.46954,227
2014-10-29 09:03:00,2014-10-29 09:04:00,8.47,8.4712,8.4726,8.47,8.4711,8.47268,8.47409,8.47134,208
2014-10-29 09:04:00,2014-10-29 09:05:00,8.4712,8.4717,8.4717,8.4705,8.47268,8.4733,8.4733,8.47183,61
2014-10-29 09:05:00,2014-10-29 09:06:00,8.4717,8.4741,8.4753,8.4714,8.4733,8.47533,8.4771,8.4729,136
2014-10-29 09:06:00,2014-10-29 09:07:00,8.4741,8.47463,8.4759,8.4729,8.47533,8.47622,8.4772,8.4744,103
2014-10-29 09:07:00,2014-10-29 09:08:00,8.47463,8.47716,8.47858,8.4745,8.47622,8.47925,8.48,8.47622,253
2014-10-29 09:08:00,2014-10-29 09:09:00,8.47716,8.4783,8.4786,8.4739,8.47925,8.48,8.4803,8.47731,192
2014-10-29 09:09:00,2014-10-29 09:10:00,8.4783,8.4804,8.48157,8.4777,8.48,8.4821,8.48353,8.4792,110
2014-10-29 09:10:00,2014-10-29 09:11:00,8.4804,8.4816,8.48344,8.48076,8.4821,8.4829,8.4847,8.4821,127
2014-10-29 09:11:00,2014-10-29 09:12:00,8.4816,8.484,8.484,8.48031,8.4829,8.4854,8.4854,8.4823,211
2014-10-29 09:12:00,2014-10-29 09:13:00,8.484,8.48248,8.48499,8.47876,8.4854,8.4842,8.4866,8.4808,270
2014-10-29 09:13:00,2014-10-29 09:14:00,8.48248,8.4787,8.48313,8.4787,8.4842,8.4808,8.4848,8.4801,141
2014-10-29 09:14:00,2014-10-29 09:15:00,8.4787,8.47757,8.4794,8.47717,8.4808,8.4789,8.4813,8.4789,125
2014-10-29 09:15:00,2014-10-29 09:16:00,8.47757,8.4759,8.47823,8.4752,8.4789,8.4768,8.48014,8.4768,226
2014-10-29 09:16:00,2014-10-29 09:17:00,8.4759,8.47649,8.4787,8.4757,8.4768,8.47842,8.4803,8.4768,233
2014-10-29 09:17:00,2014-10-29 09:18:00,8.47649,8.4767,8.47682,8.47603,8.47842,8.47852,8.4787,8.4781,60
2014-10-29 09:18:00,2014-10-29 09:19:00,8.4767,8.47698,8.47807,8.4767,8.47852,8.4787,8.4793,8.4784,88
2014-10-29 09:19:00,2014-10-29 09:20:00,8.47698,8.4757,8.47723,8.4757,8.4787,8.47733,8.4789,8.477,134
2014-10-29 09:20:00,2014-10-29 09:21:00,8.4757,8.47435,8.4763,8.47429,8.47733,8.4758,8.4778,8.4758,58
2014-10-29 09:21:00,2014-10-29 09:22:00,8.47435,8.4748,8.47506,8.4742,8.4758,8.47623,8.477,8.4756,47
2014-10-29 09:22:00,2014-10-29 09:23:00,8.4748,8.474,8.47623,8.474,8.47623,8.47493,8.47837,8.47493,99
2014-10-29 09:23:00,2014-10-29 09:24:00,8.474,8.4714,8.47444,8.4712,8.47493,8.4737,8.4765,8.4727,97
2014-10-29 09:24:00,2014-10-29 09:25:00,8.4714,8.47425,8.47515,8.47133,8.4737,8.4758,8.4775,8.473,186
2014-10-29 09:25:00,2014-10-29 09:26:00,8.47425,8.47432,8.47541,8.4738,8.4758,8.4756,8.477,8.4752,78
2014-10-29 09:26:00,2014-10-29 09:27:00,8.47432,8.4738,8.47461,8.4736,8.4756,8.4752,8.47618,8.4752,23
2014-10-29 09:27:00,2014-10-29 09:28:00,8.4738,8.4736,8.4739,8.4736,8.4752,8.4752,8.4752,8.4752,2
2014-10-29 09:28:00,2014-10-29 09:29:00,8.4736,8.4726,8.47382,8.47237,8.4752,8.4738,8.475,8.4738,24
2014-10-29 09:29:00,2014-10-29 09:30:00,8.4726,8.47274,8.47274,8.4725,8.4738,8.474,8.4741,8.4738,11
2014-10-29 09:30:00,2014-10-29 09:31:00,8.47274,8.4725,8.47274,8.47247,8.474,8.4739,8.474,8.4739,4
2014-10-29 09:31:00,2014-10-29 09:32:00,8.4725,8.4725,8.4728,8.47202,8.4739,8.4739,8.4742,8.4734,17
2014-10-29 09:32:00,2014-10-29 09:33:00,8.4725,8.47252,8.4727,8.47252,8.4739,8.4739,8.47413,8.4739,4
2014-10-29 09:33:00,2014-10-29 09:34:00,8.47252,8.47252,8.4733,8.47252,8.4739,8.4739,8.47463,8.4739,17
2014-10-29 09:34:00,2014-10-29 09:35:00,8.47252,8.4726,8.473,8.47251,8.4739,8.4739,8.4741,8.4738,22
2014-10-29 09:35:00,2014-10-29 09:36:00,8.4726,8.47297,8.473,8.4725,8.4739,8.4745,8.4745,8.4739,41
2014-10-29 09:36:00,2014-10-29 09:37:00,8.47297,8.471,8.47336,8.471,8.4745,8.4727,8.4746,8.4725,26
2014-10-29 09:37:00,2014-10-29 09:38:00,8.471,8.47107,8.47132,8.471,8.4727,8.472,8.4727,8.472,9
2014-10-29 09:38:00,2014-10-29 09:39:00,8.47107,8.47326,8.47352,8.4711,8.472,8.4743,8.4745,8.472,56
2014-10-29 09:39:00,2014-10-29 09:40:00,8.47326,8.47103,8.47331,8.47103,8.4743,8.4727,8.4745,8.4727,60
2014-10-29 09:40:00,2014-10-29 09:41:00,8.47103,8.4715,8.47272,8.471,8.4727,8.4735,8.4736,8.4727,44
2014-10-29 09:41:00,2014-10-29 09:42:00,8.4715,8.47274,8.47283,8.4709,8.4735,8.4742,8.4742,8.4723,113
2014-10-29 09:42:00,2014-10-29 09:43:00,8.47274,8.47264,8.47314,8.47126,8.4742,8.4737,8.4743,8.4728,81
2014-10-29 09:43:00,2014-10-29 09:44:00,8.47264,8.472,8.47289,8.4708,8.4737,8.4735,8.474,8.472,99
2014-10-29 09:44:00,2014-10-29 09:45:00,8.472,8.47231,8.47233,8.472,8.4735,8.4736,8.4737,8.4734,10
2014-10-29 09:45:00,2014-10-29 09:46:00,8.47231,8.47245,8.47245,8.4721,8.4736,8.4735,8.4736,8.4735,4
2014-10-29 09:46:00,2014-10-29 09:47:00,8.47245,8.4733,8.4736,8.4723,8.4735,8.4744,8.4747,8.4737,44
2014-10-29 09:47:00,2014-10-29 09:48:00,8.4733,8.4726,8.4733,8.4721,8.4744,8.4735,8.4747,8.4733,52
2014-10-29 09:48:00,2014-10-29 09:49:00,8.4726,8.4723,8.47282,8.4721,8.4735,8.4731,8.4735,8.4731,19
2014-10-29 09:49:00,2014-10-29 09:50:00,8.4723,8.4717,8.4723,8.4712,8.4731,8.4732,8.4734,8.4722,48
2014-10-29 09:50:00,2014-10-29 09:51:00,8.4717,8.4713,8.4725,8.4709,8.4732,8.4727,8.47374,8.4722,52
2014-10-29 09:51:00,2014-10-29 09:52:00,8.4713,8.4714,8.4714,8.4708,8.4727,8.4733,8.4733,8.4722,20
2014-10-29 09:52:00,2014-10-29 09:53:00,8.4714,8.472,8.4729,8.4715,8.4733,8.47333,8.47333,8.4733,18
2014-10-29 09:53:00,2014-10-29 09:54:00,8.472,8.4726,8.4726,8.4719,8.47333,8.4737,8.4738,8.4731,26
2014-10-29 09:54:00,2014-10-29 09:55:00,8.4726,8.471,8.4727,8.4709,8.4737,8.47223,8.4739,8.47223,65
2014-10-29 09:55:00,2014-10-29 09:56:00,8.471,8.4705,8.4708,8.4691,8.47223,8.4717,8.47223,8.4705,65
2014-10-29 09:56:00,2014-10-29 09:57:00,8.4705,8.47095,8.4723,8.4701,8.4717,8.47229,8.4737,8.4714,71
2014-10-29 09:57:00,2014-10-29 09:58:00,8.47095,8.47048,8.47095,8.47048,8.47229,8.47086,8.47216,8.47086,38
2014-10-29 09:58:00,2014-10-29 09:59:00,8.47048,8.46934,8.47054,8.46925,8.47086,8.4714,8.4719,8.47085,33
2014-10-29 09:59:00,2014-10-29 10:00:00,8.46934,8.4683,8.4696,8.46809,8.4714,8.46968,8.4715,8.4687,64
2014-10-29 10:00:00,2014-10-29 10:01:00,8.4683,8.4681,8.4683,8.4681,8.46968,8.4694,8.4696,8.46927,32
2014-10-29 10:01:00,2014-10-29 10:02:00,8.4681,8.4675,8.4679,8.467,8.4694,8.46888,8.46937,8.4684,42
2014-10-29 10:02:00,2014-10-29 10:03:00,8.4675,8.4665,8.4675,8.466,8.46888,8.4677,8.469,8.4674,74
2014-10-29 10:03:00,2014-10-29 10:04:00,8.4665,8.46694,8.468,8.4665,8.4677,8.46881,8.4694,8.4676,92
2014-10-29 10:04:00,2014-10-29 10:05:00,8.46694,8.46694,8.46696,8.46677,8.46881,8.46865,8.46872,8.468,29
2014-10-29 10:05:00,2014-10-29 10:06:00,8.46694,8.46717,8.4675,8.46667,8.46865,8.46888,8.4689,8.4678,52
2014-10-29 10:06:00,2014-10-29 10:07:00,8.46717,8.4674,8.4678,8.46691,8.46888,8.4689,8.4691,8.4682,41
2014-10-29 10:07:00,2014-10-29 10:08:00,8.4674,8.46745,8.46752,8.46743,8.4689,8.4689,8.469,8.4689,9
2014-10-29 10:08:00,2014-10-29 10:09:00,8.46745,8.46763,8.46766,8.46751,8.4689,8.469,8.469,8.4688,35
2014-10-29 10:09:00,2014-10-29 10:10:00,8.46763,8.4678,8.468,8.46751,8.469,8.4695,8.46963,8.4689,22
2014-10-29 10:10:00,2014-10-29 10:11:00,8.4678,8.4678,8.468,8.4678,8.4695,8.4695,8.46958,8.4695,14
2014-10-29 10:11:00,2014-10-29 10:12:00,8.4678,8.4684,8.4685,8.4673,8.4695,8.4701,8.4701,8.46898,44
2014-10-29 10:12:00,2014-10-29 10:13:00,8.4684,8.46901,8.46982,8.46841,8.4701,8.4706,8.4715,8.4701,71
2014-10-29 10:13:00,2014-10-29 10:14:00,8.46901,8.47078,8.471,8.46901,8.4706,8.4721,8.4725,8.4705,73
2014-10-29 10:14:00,2014-10-29 10:15:00,8.47078,8.4685,8.47075,8.4681,8.4721,8.4695,8.4721,8.4695,124
2014-10-29 10:15:00,2014-10-29 10:16:00,8.4685,8.46834,8.4684,8.46834,8.4695,8.4697,8.4697,8.4695,4
2014-10-29 10:16:00,2014-10-29 10:17:00,8.46834,8.46767,8.46895,8.4673,8.4697,8.4687,8.4702,8.4687,82
2014-10-29 10:17:00,2014-10-29 10:18:00,8.46767,8.46882,8.46931,8.46772,8.4687,8.4699,8.4702,8.4687,83
2014-10-29 10:18:00,2014-10-29 10:19:00,8.46882,8.4682,8.46882,8.4675,8.4699,8.4694,8.4698,8.4689,103
2014-10-29 10:19:00,2014-10-29 10:20:00,8.4682,8.46909,8.46909,8.4682,8.4694,8.4704,8.4704,8.4697,21
2014-10-29 10:20:00,2014-10-29 10:21:00,8.46909,8.4685,8.46907,8.46817,8.4704,8.4699,8.4704,8.46968,60
2014-10-29 10:21:00,2014-10-29 10:22:00,8.4685,8.46809,8.4686,8.46743,8.4699,8.4693,8.46993,8.4687,19
2014-10-29 10:22:00,2014-10-29 10:23:00,8.46809,8.4682,8.4682,8.4678,8.4693,8.46938,8.4696,8.469,33
2014-10-29 10:23:00,2014-10-29 10:24:00,8.4682,8.4677,8.4684,8.4675,8.46938,8.46918,8.4698,8.4687,40
2014-10-29 10:24:00,2014-10-29 10:25:00,8.4677,8.4675,8.4677,8.4675,8.46918,8.4689,8.4689,8.4689,3
2014-10-29 10:25:00,2014-10-29 10:26:00,8.4675,8.467,8.4676,8.4668,8.4689,8.4684,8.4689,8.468,27
2014-10-29 10:26:00,2014-10-29 10:27:00,8.467,8.46526,8.4675,8.4651,8.4684,8.4664,8.4689,8.4664,80
2014-10-29 10:27:00,2014-10-29 10:28:00,8.46526,8.4656,8.4661,8.4651,8.4664,8.4671,8.4675,8.4664,58
2014-10-29 10:28:00,2014-10-29 10:29:00,8.4656,8.4662,8.4663,8.4654,8.4671,8.4676,8.4677,8.4667,26
2014-10-29 10:29:00,2014-10-29 10:30:00,8.4662,8.469,8.469,8.46623,8.4676,8.4707,8.4707,8.4676,63
2014-10-29 10:30:00,2014-10-29 10:31:00,8.469,8.46831,8.4691,8.4671,8.4707,8.4697,8.47073,8.4685,58
2014-10-29 10:31:00,2014-10-29 10:32:00,8.46831,8.47019,8.4705,8.46831,8.4697,8.4715,8.4718,8.4696,54
2014-10-29 10:32:00,2014-10-29 10:33:00,8.47019,8.4689,8.47017,8.4689,8.4715,8.47048,8.47181,8.4703,42
2014-10-29 10:33:00,2014-10-29 10:34:00,8.4689,8.46959,8.4698,8.46895,8.47048,8.4709,8.4712,8.47043,36
2014-10-29 10:34:00,2014-10-29 10:35:00,8.46959,8.46964,8.46969,8.46958,8.4709,8.4709,8.4709,8.4709,19
2014-10-29 10:35:00,2014-10-29 10:36:00,8.46964,8.46941,8.46969,8.46941,8.4709,8.47048,8.4709,8.47048,14
2014-10-29 10:36:00,2014-10-29 10:37:00,8.46941,8.46981,8.46986,8.46935,8.47048,8.47073,8.4708,8.47048,28
2014-10-29 10:37:00,2014-10-29 10:38:00,8.46981,8.46981,8.46981,8.4693,8.47073,8.47078,8.47078,8.4703,18
2014-10-29 10:38:00,2014-10-29 10:39:00,8.46981,8.47082,8.47082,8.46956,8.47078,8.4722,8.4722,8.47078,23
2014-10-29 10:39:00,2014-10-29 10:40:00,8.47082,8.47277,8.47302,8.47073,8.4722,8.4746,8.4749,8.4719,56
2014-10-29 10:40:00,2014-10-29 10:41:00,8.47277,8.47453,8.47537,8.47292,8.4746,8.4759,8.4769,8.4743,203
2014-10-29 10:41:00,2014-10-29 10:42:00,8.47453,8.473,8.4748,8.473,8.4759,8.47433,8.47618,8.47433,31
2014-10-29 10:42:00,2014-10-29 10:43:00,8.473,8.4729,8.473,8.4722,8.47433,8.4743,8.47462,8.47365,37
2014-10-29 10:43:00,2014-10-29 10:44:00,8.4729,8.4728,8.4731,8.4722,8.4743,8.47428,8.47433,8.47354,39
2014-10-29 10:44:00,2014-10-29 10:45:00,8.4728,8.4741,8.47507,8.4729,8.47428,8.4754,8.47625,8.47428,49
2014-10-29 10:45:00,2014-10-29 10:46:00,8.4741,8.4748,8.4749,8.474,8.4754,8.4763,8.4765,8.47543,60
2014-10-29 10:46:00,2014-10-29 10:47:00,8.4748,8.4738,8.4755,8.4738,8.4763,8.47543,8.4765,8.47543,56
2014-10-29 10:47:00,2014-10-29 10:48:00,8.4738,8.4737,8.4738,8.4737,8.47543,8.4754,8.4754,8.4754,5
2014-10-29 10:48:00,2014-10-29 10:49:00,8.4737,8.4739,8.4739,8.47355,8.4754,8.4754,8.47543,8.4754,36
2014-10-29 10:49:00,2014-10-29 10:50:00,8.4739,8.47401,8.4741,8.47355,8.4754,8.4753,8.4755,8.4753,17
2014-10-29 10:50:00,2014-10-29 10:51:00,8.47401,8.4743,8.4743,8.4741,8.4753,8.4757,8.4757,8.4755,7
2014-10-29 10:51:00,2014-10-29 10:52:00,8.4743,8.4737,8.4745,8.4733,8.4757,8.47543,8.4759,8.4747,57
2014-10-29 10:52:00,2014-10-29 10:53:00,8.4737,8.4743,8.4743,8.4739,8.47543,8.47568,8.47568,8.4753,25
2014-10-29 10:53:00,2014-10-29 10:54:00,8.4743,8.4745,8.4745,8.4741,8.47568,8.47568,8.47568,8.4755,5
2014-10-29 10:54:00,2014-10-29 10:55:00,8.4745,8.4755,8.4755,8.4745,8.47568,8.4766,8.4766,8.47568,30
2014-10-29 10:55:00,2014-10-29 10:56:00,8.4755,8.4756,8.4756,8.4755,8.4766,8.47683,8.47683,8.4767,4
2014-10-29 10:56:00,2014-10-29 10:57:00,8.4756,8.4766,8.4766,8.4758,8.47683,8.4776,8.4776,8.47683,56
2014-10-29 10:57:00,2014-10-29 10:58:00,8.4766,8.4765,8.477,8.4764,8.4776,8.47763,8.47763,8.47763,17
2014-10-29 10:58:00,2014-10-29 10:59:00,8.4765,8.4759,8.4772,8.4753,8.47763,8.4776,8.4785,8.47668,53
2014-10-29 10:59:00,2014-10-29 11:00:00,8.4759,8.4762,8.4769,8.4756,8.4776,8.47823,8.4794,8.47693,61
2014-10-29 11:00:00,2014-10-29 11:01:00,8.4762,8.4768,8.4778,8.4759,8.47823,8.4781,8.47959,8.47723,108
2014-10-29 11:01:00,2014-10-29 11:02:00,8.4768,8.4764,8.4769,8.4764,8.4781,8.47793,8.4782,8.47789,14
2014-10-29 11:02:00,2014-10-29 11:03:00,8.4764,8.47496,8.4768,8.4748,8.47793,8.4762,8.4778,8.4762,53
2014-10-29 11:03:00,2014-10-29 11:04:00,8.47496,8.47495,8.4752,8.4741,8.4762,8.4761,8.4762,8.4755,57
2014-10-29 11:04:00,2014-10-29 11:05:00,8.47495,8.47382,8.47495,8.4731,8.4761,8.4745,8.4759,8.4745,62
2014-10-29 11:05:00,2014-10-29 11:06:00,8.47382,8.47232,8.47426,8.4723,8.4745,8.4737,8.4755,8.4737,33
2014-10-29 11:06:00,2014-10-29 11:07:00,8.47232,8.47109,8.47232,8.4707,8.4737,8.4725,8.4729,8.4722,96
2014-10-29 11:07:00,2014-10-29 11:08:00,8.47109,8.4707,8.47115,8.4707,8.4725,8.4724,8.4729,8.4724,54
2014-10-29 11:08:00,2014-10-29 11:09:00,8.4707,8.4709,8.471,8.4707,8.4724,8.4726,8.4728,8.4724,45
2014-10-29 11:09:00,2014-10-29 11:10:00,8.4709,8.4712,8.4712,8.4708,8.4726,8.4726,8.4729,8.4724,26
2014-10-29 11:10:00,2014-10-29 11:11:00,8.4712,8.4708,8.4712,8.4708,8.4726,8.4721,8.4729,8.4721,12
2014-10-29 11:11:00,2014-10-29 11:13:00,8.4708,8.471,8.4711,8.4708,8.4721,8.4723,8.4725,8.472,26
2014-10-29 11:13:00,2014-10-29 11:15:00,8.471,8.47125,8.47125,8.47102,8.4723,8.4724,8.4725,8.4723,4
2014-10-29 11:15:00,2014-10-29 11:17:00,8.47125,8.47138,8.47138,8.47125,8.4724,8.4725,8.4725,8.47201,9
2014-10-29 11:17:00,2014-10-29 11:18:00,8.47138,8.47148,8.47148,8.47125,8.4725,8.4727,8.4727,8.4725,11
2014-10-29 11:18:00,2014-10-29 11:19:00,8.47148,8.471,8.47155,8.4703,8.4727,8.4721,8.4727,8.4717,24
2014-10-29 11:19:00,2014-10-29 11:20:00,8.471,8.471,8.47144,8.47072,8.4721,8.4722,8.4727,8.4721,23
2014-10-29 11:20:00,2014-10-29 11:21:00,8.471,8.46975,8.4708,8.46975,8.4722,8.4711,8.4722,8.4711,26
2014-10-29 11:21:00,2014-10-29 11:22:00,8.46975,8.4699,8.47001,8.46983,8.4711,8.4711,8.4712,8.4711,9
2014-10-29 11:22:00,2014-10-29 11:23:00,8.4699,8.47083,8.47177,8.4698,8.4711,8.4721,8.47283,8.4711,38
2014-10-29 11:23:00,2014-10-29 11:24:00,8.47083,8.4708,8.47081,8.47071,8.4721,8.4721,8.47218,8.4721,7
2014-10-29 11:24:00,2014-10-29 11:25:00,8.4708,8.4716,8.47183,8.4704,8.4721,8.47293,8.4731,8.4716,36
2014-10-29 11:25:00,2014-10-29 11:26:00,8.4716,8.4713,8.4716,8.4713,8.47293,8.4727,8.47293,8.4727,6
2014-10-29 11:26:00,2014-10-29 11:27:00,8.4713,8.4709,8.4715,8.4709,8.4727,8.47223,8.4729,8.47223,6
2014-10-29 11:27:00,2014-10-29 11:28:00,8.4709,8.47096,8.47101,8.47061,8.47223,8.4727,8.4727,8.4721,25
2014-10-29 11:28:00,2014-10-29 11:29:00,8.47096,8.47028,8.471,8.47028,8.4727,8.4716,8.4727,8.4714,103
2014-10-29 11:29:00,2014-10-29 11:30:00,8.47028,8.4703,8.4705,8.46918,8.4716,8.4712,8.4715,8.4705,37
2014-10-29 11:30:00,2014-10-29 11:31:00,8.4703,8.47033,8.471,8.47002,8.4712,8.4717,8.4723,8.4713,55
2014-10-29 11:31:00,2014-10-29 11:32:00,8.47033,8.46951,8.4707,8.4695,8.4717,8.4709,8.4721,8.4709,31
2014-10-29 11:32:00,2014-10-29 11:33:00,8.46951,8.4705,8.4707,8.46955,8.4709,8.4719,8.472,8.4709,69
2014-10-29 11:33:00,2014-10-29 11:34:00,8.4705,8.4696,8.4704,8.4696,8.4719,8.471,8.4718,8.471,32
2014-10-29 11:34:00,2014-10-29 11:35:00,8.4696,8.4697,8.46978,8.46962,8.471,8.4705,8.471,8.4705,16
2014-10-29 11:35:00,2014-10-29 11:36:00,8.4697,8.46973,8.46983,8.4697,8.4705,8.4706,8.4707,8.4706,13
2014-10-29 11:36:00,2014-10-29 11:37:00,8.46973,8.4689,8.46975,8.4687,8.4706,8.4703,8.4708,8.4701,35
2014-10-29 11:37:00,2014-10-29 11:38:00,8.4689,8.46902,8.4695,8.4687,8.4703,8.4704,8.47113,8.4701,60
2014-10-29 11:38:00,2014-10-29 11:39:00,8.46902,8.46683,8.46902,8.46683,8.4704,8.4683,8.4707,8.4683,58
2014-10-29 11:39:00,2014-10-29 11:40:00,8.46683,8.4661,8.4668,8.4661,8.4683,8.4677,8.4687,8.4676,40
2014-10-29 11:40:00,2014-10-29 11:41:00,8.4661,8.46547,8.4668,8.46547,8.4677,8.4667,8.46854,8.4667,126
2014-10-29 11:41:00,2014-10-29 11:42:00,8.46547,8.4669,8.4669,8.4655,8.4667,8.4683,8.4685,8.4671,49
2014-10-29 11:42:00,2014-10-29 11:43:00,8.4669,8.4655,8.4669,8.4655,8.4683,8.4669,8.4683,8.4669,55
2014-10-29 11:43:00,2014-10-29 11:44:00,8.4655,8.4663,8.46719,8.46552,8.4669,8.46814,8.46916,8.4669,69
2014-10-29 11:44:00,2014-10-29 11:45:00,8.4663,8.4662,8.4663,8.4661,8.46814,8.4681,8.46824,8.4681,9
2014-10-29 11:45:00,2014-10-29 11:46:00,8.4662,8.4681,8.4683,8.46676,8.4681,8.4694,8.4695,8.4681,69
2014-10-29 11:46:00,2014-10-29 11:47:00,8.4681,8.467,8.4681,8.467,8.4694,8.46856,8.4693,8.4677,52
2014-10-29 11:47:00,2014-10-29 11:48:00,8.467,8.46584,8.46728,8.4654,8.46856,8.46752,8.46867,8.46725,82
2014-10-29 11:48:00,2014-10-29 11:49:00,8.46584,8.4663,8.4675,8.46584,8.46752,8.4677,8.469,8.4673,66
2014-10-29 11:49:00,2014-10-29 11:50:00,8.4663,8.4663,8.4663,8.46622,8.4677,8.4676,8.4677,8.4676,5
2014-10-29 11:50:00,2014-10-29 11:51:00,8.4663,8.4667,8.4668,8.4663,8.4676,8.4681,8.4684,8.4675,8
2014-10-29 11:51:00,2014-10-29 11:52:00,8.4667,8.4673,8.4673,8.46677,8.4681,8.4686,8.4686,8.4681,8
2014-10-29 11:52:00,2014-10-29 11:53:00,8.4673,8.46677,8.4672,8.46659,8.4686,8.4683,8.4685,8.4682,39
2014-10-29 11:53:00,2014-10-29 11:54:00,8.46677,8.46677,8.4671,8.46677,8.4683,8.468,8.4686,8.468,13
2014-10-29 11:54:00,2014-10-29 11:55:00,8.46677,8.46687,8.4673,8.4664,8.468,8.46838,8.46867,8.4678,69
2014-10-29 11:55:00,2014-10-29 11:56:00,8.46687,8.46677,8.46687,8.4663,8.46838,8.468,8.4684,8.4677,30
2014-10-29 11:56:00,2014-10-29 11:57:00,8.46677,8.4632,8.4668,8.4631,8.468,8.46507,8.46809,8.46507,104
2014-10-29 11:57:00,2014-10-29 11:58:00,8.4632,8.4631,8.4638,8.4621,8.46507,8.46428,8.4654,8.4635,61
2014-10-29 11:58:00,2014-10-29 11:59:00,8.4631,8.4646,8.4668,8.4628,8.46428,8.4663,8.46849,8.46398,163
2014-10-29 11:59:00,2014-10-29 12:00:00,8.4646,8.46557,8.4671,8.4631,8.4663,8.4668,8.46738,8.46415,114
2014-10-29 12:00:00,2014-10-29 12:01:00,8.46557,8.4667,8.4668,8.4653,8.4668,8.4681,8.4682,8.466,42
2014-10-29 12:01:00,2014-10-29 12:02:00,8.4667,8.4658,8.4667,8.465,8.4681,8.4673,8.4677,8.4668,44
2014-10-29 12:02:00,2014-10-29 12:03:00,8.4658,8.4663,8.4663,8.4658,8.4673,8.46737,8.4677,8.46737,8
2014-10-29 12:03:00,2014-10-29 12:04:00,8.4663,8.4661,8.4662,8.46606,8.46737,8.4673,8.46737,8.4673,8
2014-10-29 12:04:00,2014-10-29 12:05:00,8.4661,8.46602,8.46642,8.46531,8.4673,8.4673,8.4677,8.4667,38
2014-10-29 12:05:00,2014-10-29 12:06:00,8.46602,8.46562,8.4661,8.46562,8.4673,8.4667,8.4673,8.4667,14
2014-10-29 12:06:00,2014-10-29 12:07:00,8.46562,8.46542,8.46562,8.46512,8.4667,8.46658,8.4669,8.466,19
2014-10-29 12:07:00,2014-10-29 12:08:00,8.46542,8.4647,8.46558,8.4635,8.46658,8.4661,8.4667,8.4649,127
2014-10-29 12:08:00,2014-10-29 12:09:00,8.4647,8.46557,8.46573,8.46472,8.4661,8.4668,8.467,8.4661,85
2014-10-29 12:09:00,2014-10-29 12:10:00,8.46557,8.46557,8.46577,8.46557,8.4668,8.46718,8.46726,8.4667,11
2014-10-29 12:10:00,2014-10-29 12:11:00,8.46557,8.4656,8.4658,8.4651,8.46718,8.46705,8.4673,8.46678,33
2014-10-29 12:11:00,2014-10-29 12:12:00,8.4656,8.4658,8.4658,8.465,8.46705,8.4674,8.4674,8.46645,34
2014-10-29 12:12:00,2014-10-29 12:13:00,8.4658,8.4655,8.4658,8.4652,8.4674,8.4666,8.4675,8.4666,48
2014-10-29 12:13:00,2014-10-29 12:14:00,8.4655,8.4656,8.4661,8.4652,8.4666,8.46713,8.4676,8.4666,79
2014-10-29 12:14:00,2014-10-29 12:15:00,8.4656,8.4654,8.4661,8.4652,8.46713,8.46663,8.4675,8.46647,40
2014-10-29 12:15:00,2014-10-29 12:16:00,8.4654,8.4656,8.4656,8.4656,8.46663,8.46686,8.46686,8.46663,12
2014-10-29 12:16:00,2014-10-29 12:17:00,8.4656,8.4656,8.4656,8.4656,8.46686,8.46701,8.46705,8.4669,14
2014-10-29 12:17:00,2014-10-29 12:19:00,8.4656,8.4656,8.4656,8.46517,8.46701,8.46702,8.46703,8.46701,13
2014-10-29 12:19:00,2014-10-29 12:20:00,8.4656,8.4661,8.4661,8.4656,8.46702,8.46766,8.46767,8.46704,11
2014-10-29 12:20:00,2014-10-29 12:21:00,8.4661,8.4662,8.4663,8.4662,8.46766,8.4676,8.46766,8.46754,7
2014-10-29 12:21:00,2014-10-29 12:22:00,8.4662,8.4662,8.4662,8.4662,8.4676,8.46756,8.46759,8.46756,4
2014-10-29 12:22:00,2014-10-29 12:23:00,8.4662,8.4653,8.4663,8.4653,8.46756,8.4667,8.46757,8.4667,24
2014-10-29 12:23:00,2014-10-29 12:24:00,8.4653,8.4658,8.4658,8.4654,8.4667,8.4672,8.4672,8.4668,11
2014-10-29 12:24:00,2014-10-29 12:25:00,8.4658,8.4653,8.4658,8.4653,8.4672,8.4667,8.46701,8.4667,16
2014-10-29 12:25:00,2014-10-29 12:26:00,8.4653,8.46567,8.4657,8.4649,8.4667,8.467,8.4671,8.46619,42
2014-10-29 12:26:00,2014-10-29 12:27:00,8.46567,8.4648,8.4657,8.4648,8.467,8.4661,8.4671,8.4661,28
2014-10-29 12:27:00,2014-10-29 12:28:00,8.4648,8.46477,8.46482,8.46477,8.4661,8.4661,8.4661,8.4658,7
2014-10-29 12:28:00,2014-10-29 12:29:00,8.46477,8.4645,8.4655,8.4639,8.4661,8.46582,8.4669,8.46539,83
2014-10-29 12:29:00,2014-10-29 12:30:00,8.4645,8.46452,8.46452,8.4632,8.46582,8.4659,8.4659,8.46442,45
2014-10-29 12:30:00,2014-10-29 12:31:00,8.46452,8.4643,8.46452,8.4643,8.4659,8.4657,8.4659,8.4657,16
2014-10-29 12:31:00,2014-10-29 12:32:00,8.4643,8.46497,8.46497,8.4644,8.4657,8.46585,8.46588,8.46533,25
2014-10-29 12:32:00,2014-10-29 12:33:00,8.46497,8.46527,8.46527,8.46497,8.46585,8.46629,8.46631,8.46586,17
2014-10-29 12:33:00,2014-10-29 12:34:00,8.46527,8.46527,8.46527,8.46527,8.46629,8.46626,8.46626,8.46621,5
2014-10-29 12:34:00,2014-10-29 12:35:00,8.46527,8.46552,8.46552,8.46527,8.46626,8.46633,8.46638,8.46612,17
2014-10-29 12:35:00,2014-10-29 12:36:00,8.46552,8.46722,8.46722,8.46552,8.46633,8.46826,8.46826,8.46634,26
2014-10-29 12:36:00,2014-10-29 12:37:00,8.46722,8.46702,8.46722,8.4669,8.46826,8.46792,8.46828,8.4679,12
2014-10-29 12:37:00,2014-10-29 12:38:00,8.46702,8.46502,8.46702,8.4641,8.46792,8.46584,8.46786,8.46549,76
2014-10-29 12:38:00,2014-10-29 12:39:00,8.46502,8.46518,8.46608,8.46465,8.46584,8.4664,8.4672,8.46577,51
2014-10-29 12:39:00,2014-10-29 12:40:00,8.46518,8.4654,8.4654,8.4646,8.4664,8.4665,8.46653,8.46599,87
2014-10-29 12:40:00,2014-10-29 12:41:00,8.4654,8.4661,8.4662,8.46523,8.4665,8.46747,8.46749,8.4665,49
2014-10-29 12:41:00,2014-10-29 12:42:00,8.4661,8.4664,8.4664,8.46603,8.46747,8.46754,8.46754,8.46747,9
2014-10-29 12:42:00,2014-10-29 12:43:00,8.4664,8.468,8.4681,8.4663,8.46754,8.46923,8.46966,8.46779,80
2014-10-29 12:43:00,2014-10-29 12:44:00,8.468,8.4668,8.468,8.4665,8.46923,8.46818,8.46913,8.46768,131
2014-10-29 12:44:00,2014-10-29 12:45:00,8.4668,8.4672,8.4672,8.4664,8.46818,8.46853,8.46863,8.46787,25
2014-10-29 12:45:00,2014-10-29 12:46:00,8.4672,8.468,8.468,8.4676,8.46853,8.469,8.4691,8.4685,11
2014-10-29 12:46:00,2014-10-29 12:47:00,8.468,8.4656,8.4678,8.4647,8.469,8.4668,8.469,8.4661,56
2014-10-29 12:47:00,2014-10-29 12:48:00,8.4656,8.46639,8.4671,8.46502,8.4668,8.4683,8.46883,8.4661,95
2014-10-29 12:48:00,2014-10-29 12:49:00,8.46639,8.46667,8.46667,8.46612,8.4683,8.4685,8.4685,8.468,25
2014-10-29 12:49:00,2014-10-29 12:50:00,8.46667,8.4668,8.4685,8.46663,8.4685,8.46837,8.46961,8.4682,138
2014-10-29 12:50:00,2014-10-29 12:51:00,8.4668,8.4669,8.4669,8.4667,8.46837,8.46837,8.46839,8.4683,9
2014-10-29 12:51:00,2014-10-29 12:52:00,8.4669,8.4666,8.4671,8.4664,8.46837,8.4678,8.46842,8.4678,17
2014-10-29 12:52:00,2014-10-29 12:53:00,8.4666,8.4673,8.4677,8.4664,8.4678,8.46833,8.4689,8.4678,41
2014-10-29 12:53:00,2014-10-29 12:54:00,8.4673,8.4672,8.4672,8.4664,8.46833,8.46826,8.46833,8.4678,25
2014-10-29 12:54:00,2014-10-29 12:55:00,8.4672,8.4674,8.4674,8.4673,8.46826,8.46833,8.46848,8.46826,7
2014-10-29 12:55:00,2014-10-29 12:56:00,8.4674,8.4672,8.4676,8.467,8.46833,8.46833,8.46833,8.46833,6
2014-10-29 12:56:00,2014-10-29 12:57:00,8.4672,8.4677,8.468,8.467,8.46833,8.46898,8.46913,8.46811,66
2014-10-29 12:57:00,2014-10-29 12:58:00,8.4677,8.4679,8.4684,8.4671,8.46898,8.46937,8.46963,8.46864,75
2014-10-29 12:58:00,2014-10-29 12:59:00,8.4679,8.4678,8.46802,8.4678,8.46937,8.46943,8.4697,8.46928,33
2014-10-29 12:59:00,2014-10-29 13:00:00,8.4678,8.4699,8.4708,8.4675,8.46943,8.4713,8.4722,8.46893,91
2014-10-29 13:00:00,2014-10-29 13:01:00,8.4699,8.4727,8.47287,8.4693,8.4713,8.4741,8.4741,8.4707,98
2014-10-29 13:01:00,2014-10-29 13:02:00,8.4727,8.4714,8.47287,8.4697,8.4741,8.4728,8.4741,8.4716,99
2014-10-29 13:02:00,2014-10-29 13:03:00,8.4714,8.46957,8.4716,8.46957,8.4728,8.471,8.4728,8.471,51
2014-10-29 13:03:00,2014-10-29 13:04:00,8.46957,8.4698,8.4698,8.469,8.471,8.4712,8.47162,8.4701,94
2014-10-29 13:04:00,2014-10-29 13:05:00,8.4698,8.47006,8.47012,8.46969,8.4712,8.47152,8.47167,8.471,37
2014-10-29 13:05:00,2014-10-29 13:06:00,8.47006,8.47014,8.4703,8.46979,8.47152,8.4715,8.47193,8.4709,85
2014-10-29 13:06:00,2014-10-29 13:07:00,8.47014,8.4703,8.4703,8.4702,8.4715,8.4717,8.47206,8.4716,17
2014-10-29 13:07:00,2014-10-29 13:08:00,8.4703,8.46874,8.471,8.46874,8.4717,8.4699,8.47254,8.4699,131
2014-10-29 13:08:00,2014-10-29 13:09:00,8.46874,8.46947,8.46947,8.46856,8.4699,8.4707,8.4707,8.46959,35
2014-10-29 13:09:00,2014-10-29 13:10:00,8.46947,8.4685,8.4695,8.4684,8.4707,8.46975,8.4709,8.46975,20
2014-10-29 13:10:00,2014-10-29 13:11:00,8.4685,8.46777,8.469,8.4676,8.46975,8.4689,8.4704,8.4687,52
2014-10-29 13:11:00,2014-10-29 13:12:00,8.46777,8.4676,8.46777,8.4675,8.4689,8.4689,8.4691,8.4689,7
2014-10-29 13:12:00,2014-10-29 13:13:00,8.4676,8.4681,8.4681,8.4675,8.4689,8.4695,8.4695,8.4687,30
2014-10-29 13:13:00,2014-10-29 13:14:00,8.4681,8.468,8.4681,8.4656,8.4695,8.4693,8.4695,8.467,55
2014-10-29 13:14:00,2014-10-29 13:15:00,8.468,8.4685,8.47,8.46724,8.4693,8.4699,8.4712,8.4685,116
2014-10-29 13:15:00,2014-10-29 13:16:00,8.4685,8.4685,8.4686,8.46837,8.4699,8.4699,8.4699,8.4693,27
2014-10-29 13:16:00,2014-10-29 13:17:00,8.4685,8.46841,8.46843,8.46834,8.4699,8.4697,8.4697,8.4697,7
2014-10-29 13:17:00,2014-10-29 13:18:00,8.46841,8.46942,8.4697,8.4683,8.4697,8.4707,8.4712,8.4694,62
2014-10-29 13:18:00,2014-10-29 13:19:00,8.46942,8.46956,8.46984,8.46894,8.4707,8.4707,8.4711,8.4703,68
2014-10-29 13:19:00,2014-10-29 13:20:00,8.46956,8.46984,8.47,8.4693,8.4707,8.4709,8.4713,8.4705,39
2014-10-29 13:20:00,2014-10-29 13:21:00,8.46984,8.4693,8.46989,8.4693,8.4709,8.4707,8.471,8.4706,14
2014-10-29 13:21:00,2014-10-29 13:22:00,8.4693,8.4691,8.4696,8.4691,8.4707,8.4705,8.471,8.4705,11
2014-10-29 13:22:00,2014-10-29 13:23:00,8.4691,8.46858,8.4696,8.46833,8.4705,8.4699,8.4707,8.4697,91
2014-10-29 13:23:00,2014-10-29 13:24:00,8.46858,8.46931,8.46957,8.4685,8.4699,8.4708,8.47131,8.4698,74
2014-10-29 13:24:00,2014-10-29 13:25:00,8.46931,8.4683,8.47072,8.4681,8.4708,8.4697,8.47218,8.4695,136
2014-10-29 13:25:00,2014-10-29 13:26:00,8.4683,8.4668,8.4686,8.4668,8.4697,8.4682,8.4697,8.4682,45
2014-10-29 13:26:00,2014-10-29 13:27:00,8.4668,8.4662,8.4671,8.4662,8.4682,8.4678,8.46853,8.46748,52
2014-10-29 13:27:00,2014-10-29 13:28:00,8.4662,8.46637,8.46695,8.4662,8.4678,8.4679,8.4684,8.4678,104
2014-10-29 13:28:00,2014-10-29 13:29:00,8.46637,8.46792,8.46848,8.46637,8.4679,8.4692,8.4698,8.4679,114
2014-10-29 13:29:00,2014-10-29 13:30:00,8.46792,8.468,8.4682,8.46735,8.4692,8.4687,8.469,8.4687,21
2014-10-29 13:30:00,2014-10-29 13:31:00,8.468,8.4684,8.4684,8.4681,8.4687,8.4693,8.4695,8.4687,25
2014-10-29 13:31:00,2014-10-29 13:32:00,8.4684,8.4687,8.4688,8.4682,8.4693,8.4695,8.4696,8.4693,13
2014-10-29 13:32:00,2014-10-29 13:33:00,8.4687,8.4677,8.4688,8.4677,8.4695,8.4692,8.4697,8.46907,50
2014-10-29 13:33:00,2014-10-29 13:34:00,8.4677,8.4683,8.4683,8.4677,8.4692,8.4697,8.4697,8.46912,18
2014-10-29 13:34:00,2014-10-29 13:35:00,8.4683,8.4685,8.4685,8.4683,8.4697,8.4699,8.4699,8.4697,4
2014-10-29 13:35:00,2014-10-29 13:36:00,8.4685,8.4687,8.4688,8.4687,8.4699,8.47001,8.4702,8.47001,8
2014-10-29 13:36:00,2014-10-29 13:37:00,8.4687,8.4684,8.4687,8.4683,8.47001,8.4695,8.47003,8.4695,8
2014-10-29 13:37:00,2014-10-29 13:38:00,8.4684,8.4683,8.4684,8.4683,8.4695,8.4697,8.4697,8.4695,5
2014-10-29 13:38:00,2014-10-29 13:39:00,8.4683,8.467,8.4682,8.467,8.4697,8.4683,8.4696,8.4683,13
2014-10-29 13:39:00,2014-10-29 13:40:00,8.467,8.4656,8.467,8.4631,8.4683,8.4669,8.4681,8.4641,159
2014-10-29 13:40:00,2014-10-29 13:41:00,8.4656,8.4668,8.468,8.4656,8.4669,8.468,8.4689,8.4669,91
2014-10-29 13:41:00,2014-10-29 13:42:00,8.4668,8.4673,8.4678,8.4666,8.468,8.4687,8.4687,8.4677,40
2014-10-29 13:42:00,2014-10-29 13:43:00,8.4673,8.4666,8.4675,8.4665,8.4687,8.468,8.4689,8.4679,24
2014-10-29 13:43:00,2014-10-29 13:44:00,8.4666,8.4654,8.4666,8.46532,8.468,8.4668,8.46738,8.46666,22
2014-10-29 13:44:00,2014-10-29 13:45:00,8.4654,8.4659,8.4659,8.4655,8.4668,8.46718,8.46718,8.4666,20
2014-10-29 13:45:00,2014-10-29 13:47:00,8.4659,8.466,8.4665,8.4659,8.46718,8.4674,8.4679,8.4671,19
2014-10-29 13:47:00,2014-10-29 13:48:00,8.466,8.4657,8.468,8.4657,8.4674,8.4668,8.46899,8.4668,105
2014-10-29 13:48:00,2014-10-29 13:49:00,8.4657,8.4657,8.4658,8.4657,8.4668,8.46693,8.46693,8.4666,10
2014-10-29 13:49:00,2014-10-29 13:50:00,8.4657,8.4671,8.4671,8.4657,8.46693,8.4681,8.4685,8.46693,18
2014-10-29 13:50:00,2014-10-29 13:51:00,8.4671,8.4677,8.4683,8.4668,8.4681,8.4687,8.46961,8.4681,25
2014-10-29 13:51:00,2014-10-29 13:52:00,8.4677,8.4671,8.4677,8.4671,8.4687,8.4685,8.4686,8.4685,4
2014-10-29 13:52:00,2014-10-29 13:53:00,8.4671,8.4683,8.4684,8.4675,8.4685,8.4697,8.4699,8.4685,35
2014-10-29 13:53:00,2014-10-29 13:54:00,8.4683,8.4688,8.4702,8.4675,8.4697,8.4694,8.4716,8.4686,98
2014-10-29 13:54:00,2014-10-29 13:55:00,8.4688,8.4683,8.4702,8.46709,8.4694,8.47,8.47126,8.4685,168
2014-10-29 13:55:00,2014-10-29 13:56:00,8.4683,8.46942,8.4703,8.4683,8.47,8.4714,8.4717,8.4701,58
2014-10-29 13:56:00,2014-10-29 13:57:00,8.46942,8.4683,8.4702,8.4681,8.4714,8.46958,8.4716,8.46958,52
2014-10-29 13:57:00,2014-10-29 13:58:00,8.4683,8.4685,8.4689,8.4675,8.46958,8.46963,8.4699,8.4688,49
2014-10-29 13:58:00,2014-10-29 13:59:00,8.4685,8.46878,8.4697,8.4682,8.46963,8.46994,8.4709,8.4696,32
2014-10-29 13:59:00,2014-10-29 14:00:00,8.46878,8.4703,8.4703,8.4678,8.46994,8.4717,8.4717,8.4689,62
2014-10-29 14:00:00,2014-10-29 14:01:00,8.4703,8.4707,8.47086,8.47016,8.4717,8.4719,8.4719,8.4709,52
2014-10-29 14:01:00,2014-10-29 14:02:00,8.4707,8.4708,8.47087,8.4707,8.4719,8.47215,8.47216,8.47177,26
2014-10-29 14:02:00,2014-10-29 14:03:00,8.4708,8.46927,8.4722,8.46927,8.47215,8.4704,8.4735,8.4704,78
2014-10-29 14:03:00,2014-10-29 14:04:00,8.46927,8.4697,8.47007,8.4691,8.4704,8.4709,8.4713,8.47,47
2014-10-29 14:04:00,2014-10-29 14:05:00,8.4697,8.472,8.4725,8.46867,8.4709,8.47369,8.4739,8.4701,85
2014-10-29 14:05:00,2014-10-29 14:06:00,8.472,8.473,8.47305,8.4713,8.47369,8.47378,8.4743,8.473,53
2014-10-29 14:06:00,2014-10-29 14:07:00,8.473,8.47407,8.47407,8.472,8.47378,8.4747,8.4749,8.47278,65
2014-10-29 14:07:00,2014-10-29 14:08:00,8.47407,8.4757,8.47597,8.47268,8.4747,8.47708,8.47709,8.474,124
2014-10-29 14:08:00,2014-10-29 14:09:00,8.4757,8.4758,8.4758,8.4753,8.47708,8.47716,8.47716,8.47663,26
2014-10-29 14:09:00,2014-10-29 14:10:00,8.4758,8.47787,8.47792,8.4743,8.47716,8.47905,8.4794,8.476,124
2014-10-29 14:10:00,2014-10-29 14:11:00,8.47787,8.47777,8.47787,8.47534,8.47905,8.47906,8.47919,8.47737,97
2014-10-29 14:11:00,2014-10-29 14:12:00,8.47777,8.478,8.47882,8.4758,8.47906,8.4793,8.48029,8.47774,83
2014-10-29 14:12:00,2014-10-29 14:13:00,8.478,8.4778,8.478,8.4754,8.4793,8.4792,8.4793,8.47678,94
2014-10-29 14:13:00,2014-10-29 14:14:00,8.4778,8.47822,8.47822,8.476,8.4792,8.4797,8.4797,8.477,123
2014-10-29 14:14:00,2014-10-29 14:15:00,8.47822,8.47925,8.4794,8.47822,8.4797,8.4805,8.4809,8.4795,28
2014-10-29 14:15:00,2014-10-29 14:16:00,8.47925,8.48022,8.48022,8.47849,8.4805,8.4812,8.4816,8.4801,57
2014-10-29 14:16:00,2014-10-29 14:17:00,8.48022,8.4809,8.4812,8.4789,8.4812,8.4821,8.4823,8.4805,55
2014-10-29 14:17:00,2014-10-29 14:18:00,8.4809,8.4792,8.4808,8.47655,8.4821,8.4802,8.4821,8.4785,152
2014-10-29 14:18:00,2014-10-29 14:19:00,8.4792,8.4796,8.4796,8.47852,8.4802,8.48092,8.48103,8.48001,35
2014-10-29 14:19:00,2014-10-29 14:20:00,8.4796,8.4786,8.4796,8.477,8.48092,8.47999,8.4809,8.4787,155
2014-10-29 14:20:00,2014-10-29 14:21:00,8.4786,8.4797,8.48,8.47778,8.47999,8.481,8.4814,8.47966,146
2014-10-29 14:21:00,2014-10-29 14:22:00,8.4797,8.48,8.48015,8.4797,8.481,8.4814,8.4815,8.4809,19
2014-10-29 14:22:00,2014-10-29 14:23:00,8.48,8.48177,8.482,8.4794,8.4814,8.48323,8.48323,8.48091,46
2014-10-29 14:23:00,2014-10-29 14:24:00,8.48177,8.4814,8.483,8.4808,8.48323,8.48266,8.48436,8.48207,148
2014-10-29 14:24:00,2014-10-29 14:25:00,8.4814,8.48,8.4816,8.48,8.48266,8.48153,8.483,8.48153,83
2014-10-29 14:25:00,2014-10-29 14:26:00,8.48,8.4805,8.4805,8.48,8.48153,8.4817,8.48171,8.4816,10
2014-10-29 14:26:00,2014-10-29 14:27:00,8.4805,8.4824,8.48313,8.48034,8.4817,8.48363,8.48445,8.4817,198
2014-10-29 14:27:00,2014-10-29 14:28:00,8.4824,8.48087,8.4824,8.48022,8.48363,8.48252,8.48361,8.4822,83
2014-10-29 14:28:00,2014-10-29 14:29:00,8.48087,8.4802,8.4809,8.4802,8.48252,8.4817,8.48253,8.4817,29
2014-10-29 14:29:00,2014-10-29 14:30:00,8.4802,8.48012,8.48025,8.48012,8.4817,8.48158,8.48173,8.4813,17
2014-10-29 14:30:00,2014-10-29 14:31:00,8.48012,8.482,8.4822,8.4794,8.48158,8.4834,8.4836,8.48087,68
2014-10-29 14:31:00,2014-10-29 14:32:00,8.482,8.482,8.48229,8.48132,8.4834,8.48318,8.4837,8.4828,83
2014-10-29 14:32:00,2014-10-29 14:33:00,8.482,8.48451,8.4866,8.4815,8.48318,8.4862,8.48799,8.48286,184
2014-10-29 14:33:00,2014-10-29 14:34:00,8.48451,8.48277,8.4844,8.4806,8.4862,8.4841,8.4861,8.48218,111
2014-10-29 14:34:00,2014-10-29 14:35:00,8.48277,8.4831,8.4831,8.482,8.4841,8.48463,8.48463,8.4836,46
2014-10-29 14:35:00,2014-10-29 14:36:00,8.4831,8.4823,8.4831,8.4821,8.48463,8.48368,8.4843,8.48367,15
2014-10-29 14:36:00,2014-10-29 14:37:00,8.4823,8.4821,8.4823,8.4821,8.48368,8.4836,8.48377,8.48352,10
2014-10-29 14:37:00,2014-10-29 14:38:00,8.4821,8.4821,8.4821,8.4821,8.4836,8.4836,8.4836,8.48353,2
2014-10-29 14:38:00,2014-10-29 14:39:00,8.4821,8.48277,8.48279,8.48225,8.4836,8.4843,8.4843,8.4836,13
2014-10-29 14:39:00,2014-10-29 14:40:00,8.48277,8.48277,8.4828,8.4827,8.4843,8.4843,8.4844,8.4842,5
2014-10-29 14:40:00,2014-10-29 14:41:00,8.48277,8.4836,8.4837,8.4827,8.4843,8.4852,8.48525,8.4843,19
2014-10-29 14:41:00,2014-10-29 14:42:00,8.4836,8.48121,8.4837,8.48121,8.4852,8.48256,8.4852,8.4823,80
2014-10-29 14:42:00,2014-10-29 14:43:00,8.48121,8.48206,8.48206,8.4809,8.48256,8.48335,8.4834,8.4822,69
2014-10-29 14:43:00,2014-10-29 14:44:00,8.48206,8.48277,8.4832,8.4817,8.48335,8.48444,8.48451,8.4831,54
2014-10-29 14:44:00,2014-10-29 14:45:00,8.48277,8.4829,8.483,8.48277,8.48444,8.48438,8.48451,8.48427,38
2014-10-29 14:45:00,2014-10-29 14:46:00,8.4829,8.48352,8.48352,8.483,8.48438,8.48451,8.48462,8.48429,33
2014-10-29 14:46:00,2014-10-29 14:47:00,8.48352,8.4831,8.48352,8.4827,8.48451,8.4845,8.48453,8.48371,55
2014-10-29 14:47:00,2014-10-29 14:48:00,8.4831,8.48301,8.4832,8.4824,8.4845,8.48442,8.48466,8.48387,59
2014-10-29 14:48:00,2014-10-29 14:49:00,8.48301,8.4831,8.484,8.4821,8.48442,8.48455,8.48529,8.4837,107
2014-10-29 14:49:00,2014-10-29 14:50:00,8.4831,8.4832,8.48344,8.4829,8.48455,8.48463,8.48486,8.48439,61
2014-10-29 14:50:00,2014-10-29 14:51:00,8.4832,8.483,8.48346,8.4824,8.48463,8.48453,8.48476,8.4839,89
2014-10-29 14:51:00,2014-10-29 14:52:00,8.483,8.48322,8.4834,8.48292,8.48453,8.48478,8.48478,8.48442,36
2014-10-29 14:52:00,2014-10-29 14:53:00,8.48322,8.4866,8.4867,8.4832,8.48478,8.48834,8.4887,8.48478,118
2014-10-29 14:53:00,2014-10-29 14:54:00,8.4866,8.4878,8.4879,8.4865,8.48834,8.48931,8.4895,8.48769,143
2014-10-29 14:54:00,2014-10-29 14:55:00,8.4878,8.4858,8.48842,8.4857,8.48931,8.487,8.48943,8.487,130
2014-10-29 14:55:00,2014-10-29 14:56:00,8.4858,8.4854,8.4856,8.4854,8.487,8.4869,8.487,8.4869,12
2014-10-29 14:56:00,2014-10-29 14:57:00,8.4854,8.48597,8.48717,8.48547,8.4869,8.487,8.489,8.4869,81
2014-10-29 14:57:00,2014-10-29 14:58:00,8.48597,8.4866,8.48684,8.48588,8.487,8.48763,8.48775,8.4868,26
2014-10-29 14:58:00,2014-10-29 14:59:00,8.4866,8.4868,8.48707,8.48652,8.48763,8.48775,8.4878,8.48763,27
2014-10-29 14:59:00,2014-10-29 15:00:00,8.4868,8.48652,8.48682,8.48652,8.48775,8.4876,8.4878,8.4876,30
2014-10-29 15:00:00,2014-10-29 15:01:00,8.48652,8.4874,8.48782,8.48652,8.4876,8.4884,8.48884,8.4875,50
2014-10-29 15:01:00,2014-10-29 15:02:00,8.4874,8.4866,8.48734,8.4858,8.4884,8.48768,8.4886,8.4871,113
2014-10-29 15:02:00,2014-10-29 15:03:00,8.4866,8.48602,8.48714,8.48602,8.48768,8.4872,8.48817,8.4872,57
2014-10-29 15:03:00,2014-10-29 15:04:00,8.48602,8.48622,8.48622,8.4847,8.4872,8.4876,8.4877,8.4859,62
2014-10-29 15:04:00,2014-10-29 15:05:00,8.48622,8.48726,8.48726,8.48622,8.4876,8.48808,8.48808,8.4878,14
2014-10-29 15:05:00,2014-10-29 15:06:00,8.48726,8.48708,8.48731,8.487,8.48808,8.48808,8.48808,8.488,22
2014-10-29 15:06:00,2014-10-29 15:07:00,8.48708,8.487,8.4873,8.4869,8.48808,8.48808,8.48808,8.48808,19
2014-10-29 15:07:00,2014-10-29 15:08:00,8.487,8.4875,8.48763,8.4871,8.48808,8.48859,8.48859,8.48808,21
2014-10-29 15:08:00,2014-10-29 15:09:00,8.4875,8.49076,8.49076,8.48769,8.48859,8.4918,8.4918,8.48859,58
2014-10-29 15:09:00,2014-10-29 15:10:00,8.49076,8.4926,8.4927,8.4904,8.4918,8.4939,8.49393,8.4915,107
2014-10-29 15:10:00,2014-10-29 15:11:00,8.4926,8.4918,8.49291,8.4916,8.4939,8.49304,8.49425,8.49304,55
2014-10-29 15:11:00,2014-10-29 15:12:00,8.4918,8.49119,8.492,8.49116,8.49304,8.49258,8.49304,8.49258,45
2014-10-29 15:12:00,2014-10-29 15:13:00,8.49119,8.49277,8.4928,8.49121,8.49258,8.4942,8.4944,8.49258,30
2014-10-29 15:13:00,2014-10-29 15:14:00,8.49277,8.4926,8.49268,8.49241,8.4942,8.49381,8.4941,8.49381,15
2014-10-29 15:14:00,2014-10-29 15:15:00,8.4926,8.49294,8.49359,8.4926,8.49381,8.4942,8.4946,8.49394,62
2014-10-29 15:15:00,2014-10-29 15:16:00,8.49294,8.4925,8.49318,8.4925,8.4942,8.4939,8.4942,8.4939,17
2014-10-29 15:16:00,2014-10-29 15:17:00,8.4925,8.4928,8.49314,8.4925,8.4939,8.4942,8.49426,8.4939,20
2014-10-29 15:17:00,2014-10-29 15:18:00,8.4928,8.4931,8.4936,8.4928,8.4942,8.4945,8.49498,8.49428,38
2014-10-29 15:18:00,2014-10-29 15:19:00,8.4931,8.493,8.49366,8.493,8.4945,8.49446,8.49468,8.49446,21
2014-10-29 15:19:00,2014-10-29 15:20:00,8.493,8.49292,8.4932,8.49221,8.49446,8.494,8.4945,8.4934,29
2014-10-29 15:20:00,2014-10-29 15:21:00,8.49292,8.49345,8.4935,8.49252,8.494,8.49443,8.4946,8.4938,42
2014-10-29 15:21:00,2014-10-29 15:22:00,8.49345,8.4937,8.4938,8.4928,8.49443,8.4951,8.4952,8.4942,27
2014-10-29 15:22:00,2014-10-29 15:23:00,8.4937,8.49316,8.4948,8.49316,8.4951,8.4947,8.4962,8.4947,56
2014-10-29 15:23:00,2014-10-29 15:24:00,8.49316,8.496,8.4965,8.49234,8.4947,8.49693,8.4979,8.4937,56
2014-10-29 15:24:00,2014-10-29 15:25:00,8.496,8.492,8.4957,8.492,8.49693,8.49263,8.49693,8.49263,59
2014-10-29 15:25:00,2014-10-29 15:26:00,8.492,8.4933,8.4933,8.4918,8.49263,8.49426,8.4945,8.49263,70
2014-10-29 15:26:00,2014-10-29 15:27:00,8.4933,8.4936,8.4943,8.49283,8.49426,8.49494,8.49586,8.49451,79
2014-10-29 15:27:00,2014-10-29 15:28:00,8.4936,8.49182,8.49396,8.49162,8.49494,8.49316,8.4953,8.49271,124
2014-10-29 15:28:00,2014-10-29 15:29:00,8.49182,8.4925,8.49424,8.49192,8.49316,8.49411,8.49552,8.49316,139
2014-10-29 15:29:00,2014-10-29 15:30:00,8.4925,8.493,8.493,8.4919,8.49411,8.4949,8.4949,8.49292,91
2014-10-29 15:30:00,2014-10-29 15:31:00,8.493,8.4927,8.4933,8.492,8.4949,8.49382,8.4949,8.4931,70
2014-10-29 15:31:00,2014-10-29 15:32:00,8.4927,8.4927,8.4931,8.4922,8.49382,8.49398,8.49436,8.4936,46
2014-10-29 15:32:00,2014-10-29 15:33:00,8.4927,8.4909,8.4926,8.4903,8.49398,8.49213,8.49398,8.49189,56
2014-10-29 15:33:00,2014-10-29 15:34:00,8.4909,8.48903,8.49051,8.48784,8.49213,8.49028,8.4921,8.4891,108
2014-10-29 15:34:00,2014-10-29 15:35:00,8.48903,8.4881,8.48906,8.4881,8.49028,8.48923,8.49028,8.48923,37
2014-10-29 15:35:00,2014-10-29 15:36:00,8.4881,8.48881,8.48918,8.48773,8.48923,8.48988,8.49004,8.4887,139
2014-10-29 15:36:00,2014-10-29 15:37:00,8.48881,8.4884,8.48883,8.48775,8.48988,8.48969,8.49088,8.48897,93
2014-10-29 15:37:00,2014-10-29 15:38:00,8.4884,8.4869,8.4887,8.4865,8.48969,8.48895,8.48993,8.4875,83
2014-10-29 15:38:00,2014-10-29 15:39:00,8.4869,8.4875,8.48784,8.4869,8.48895,8.4894,8.48948,8.48885,91
2014-10-29 15:39:00,2014-10-29 15:40:00,8.4875,8.4879,8.4883,8.4873,8.4894,8.4894,8.4897,8.4887,91
2014-10-29 15:40:00,2014-10-29 15:41:00,8.4879,8.48723,8.4885,8.48723,8.4894,8.48846,8.4898,8.48846,41
2014-10-29 15:41:00,2014-10-29 15:42:00,8.48723,8.4878,8.4884,8.4869,8.48846,8.4894,8.4896,8.4883,93
2014-10-29 15:42:00,2014-10-29 15:43:00,8.4878,8.4875,8.4878,8.4872,8.4894,8.48889,8.4894,8.48871,38
2014-10-29 15:43:00,2014-10-29 15:44:00,8.4875,8.4877,8.4877,8.4871,8.48889,8.4891,8.4891,8.4883,23
2014-10-29 15:44:00,2014-10-29 15:45:00,8.4877,8.48766,8.4889,8.4869,8.4891,8.4894,8.49,8.4883,104
2014-10-29 15:45:00,2014-10-29 15:46:00,8.48766,8.48623,8.48785,8.4853,8.4894,8.4867,8.48943,8.4866,63
2014-10-29 15:46:00,2014-10-29 15:47:00,8.48623,8.4861,8.48648,8.48587,8.4867,8.48734,8.4876,8.4867,11
2014-10-29 15:47:00,2014-10-29 15:48:00,8.4861,8.48551,8.4862,8.4853,8.48734,8.4867,8.48808,8.4867,24
2014-10-29 15:48:00,2014-10-29 15:49:00,8.48551,8.4863,8.4866,8.4858,8.4867,8.4877,8.4883,8.4867,47
2014-10-29 15:49:00,2014-10-29 15:50:00,8.4863,8.4863,8.4863,8.4859,8.4877,8.4876,8.48769,8.48723,44
2014-10-29 15:50:00,2014-10-29 15:51:00,8.4863,8.4853,8.4867,8.4853,8.4876,8.4865,8.4881,8.4865,42
2014-10-29 15:51:00,2014-10-29 15:52:00,8.4853,8.4857,8.48588,8.4853,8.4865,8.4872,8.48729,8.4865,22
2014-10-29 15:52:00,2014-10-29 15:53:00,8.4857,8.4854,8.4861,8.4854,8.4872,8.4868,8.48748,8.4868,13
2014-10-29 15:53:00,2014-10-29 15:54:00,8.4854,8.4822,8.4855,8.4822,8.4868,8.48368,8.4868,8.48365,135
2014-10-29 15:54:00,2014-10-29 15:55:00,8.4822,8.48037,8.4827,8.48037,8.48368,8.4819,8.4841,8.4819,75
2014-10-29 15:55:00,2014-10-29 15:56:00,8.48037,8.4805,8.48117,8.47954,8.4819,8.4819,8.4825,8.4807,44
2014-10-29 15:56:00,2014-10-29 15:57:00,8.4805,8.48058,8.48132,8.48032,8.4819,8.4819,8.4825,8.4817,55
2014-10-29 15:57:00,2014-10-29 15:58:00,8.48058,8.481,8.48128,8.4797,8.4819,8.4819,8.48223,8.4811,45
2014-10-29 15:58:00,2014-10-29 15:59:00,8.481,8.4765,8.48094,8.47502,8.4819,8.47771,8.4819,8.4764,237
2014-10-29 15:59:00,2014-10-29 16:00:00,8.4765,8.47602,8.4778,8.4743,8.47771,8.47741,8.47886,8.47537,234
2014-10-29 16:00:00,2014-10-29 16:01:00,8.47602,8.48064,8.4815,8.47602,8.47741,8.4826,8.48317,8.47744,173
2014-10-29 16:01:00,2014-10-29 16:02:00,8.48064,8.4821,8.4834,8.4806,8.4826,8.4836,8.4851,8.4823,89
2014-10-29 16:02:00,2014-10-29 16:03:00,8.4821,8.4838,8.48493,8.4822,8.4836,8.4852,8.4868,8.48301,91
2014-10-29 16:03:00,2014-10-29 16:04:00,8.4838,8.48344,8.48368,8.48295,8.4852,8.4848,8.4849,8.484,35
2014-10-29 16:04:00,2014-10-29 16:05:00,8.48344,8.4834,8.4836,8.4826,8.4848,8.4848,8.4849,8.4837,44
2014-10-29 16:05:00,2014-10-29 16:06:00,8.4834,8.4844,8.4844,8.4818,8.4848,8.4861,8.4863,8.4827,141
2014-10-29 16:06:00,2014-10-29 16:07:00,8.4844,8.48362,8.4844,8.4821,8.4861,8.485,8.48577,8.4829,97
2014-10-29 16:07:00,2014-10-29 16:08:00,8.48362,8.4828,8.4841,8.4828,8.485,8.4837,8.4856,8.4837,45
2014-10-29 16:08:00,2014-10-29 16:09:00,8.4828,8.4839,8.4842,8.483,8.4837,8.4853,8.4856,8.4837,50
2014-10-29 16:09:00,2014-10-29 16:10:00,8.4839,8.483,8.4841,8.4823,8.4853,8.4843,8.4858,8.4832,70
2014-10-29 16:10:00,2014-10-29 16:11:00,8.483,8.4845,8.4845,8.4827,8.4843,8.4859,8.4859,8.4838,42
2014-10-29 16:11:00,2014-10-29 16:12:00,8.4845,8.4845,8.4846,8.4842,8.4859,8.48615,8.48615,8.4857,18
2014-10-29 16:12:00,2014-10-29 16:13:00,8.4845,8.4846,8.4846,8.4831,8.48615,8.4862,8.4862,8.4841,37
2014-10-29 16:13:00,2014-10-29 16:14:00,8.4846,8.4843,8.48487,8.48418,8.4862,8.4853,8.4863,8.4853,45
2014-10-29 16:14:00,2014-10-29 16:15:00,8.4843,8.4846,8.4853,8.4842,8.4853,8.4858,8.4865,8.4853,39
2014-10-29 16:15:00,2014-10-29 16:16:00,8.4846,8.4852,8.4852,8.484,8.4858,8.4864,8.48666,8.4851,58
2014-10-29 16:16:00,2014-10-29 16:17:00,8.4852,8.4844,8.4854,8.481,8.4864,8.4862,8.48659,8.4831,106
2014-10-29 16:17:00,2014-10-29 16:18:00,8.4844,8.4845,8.48499,8.4833,8.4862,8.4862,8.4866,8.48459,80
2014-10-29 16:18:00,2014-10-29 16:19:00,8.4845,8.48279,8.48464,8.48056,8.4862,8.48464,8.48639,8.48257,73
2014-10-29 16:19:00,2014-10-29 16:20:00,8.48279,8.4821,8.48279,8.4821,8.48464,8.4841,8.48469,8.4841,17
2014-10-29 16:20:00,2014-10-29 16:21:00,8.4821,8.48204,8.48218,8.48204,8.4841,8.4834,8.48408,8.4834,16
2014-10-29 16:21:00,2014-10-29 16:22:00,8.48204,8.48193,8.4827,8.48193,8.4834,8.4835,8.4846,8.4834,28
2014-10-29 16:22:00,2014-10-29 16:23:00,8.48193,8.48232,8.48331,8.48183,8.4835,8.4836,8.4847,8.4835,38
2014-10-29 16:23:00,2014-10-29 16:24:00,8.48232,8.48315,8.48327,8.48207,8.4836,8.4845,8.48496,8.4835,60
2014-10-29 16:24:00,2014-10-29 16:25:00,8.48315,8.48469,8.48469,8.48315,8.4845,8.4862,8.4862,8.4846,42
2014-10-29 16:25:00,2014-10-29 16:26:00,8.48469,8.4842,8.48486,8.4842,8.4862,8.4856,8.4862,8.4856,28
2014-10-29 16:26:00,2014-10-29 16:27:00,8.4842,8.48252,8.48409,8.48252,8.4856,8.4846,8.4856,8.4838,60
2014-10-29 16:27:00,2014-10-29 16:28:00,8.48252,8.4814,8.48278,8.48122,8.4846,8.4832,8.48463,8.4832,63
2014-10-29 16:28:00,2014-10-29 16:29:00,8.4814,8.4815,8.48163,8.4812,8.4832,8.4829,8.4832,8.4823,24
2014-10-29 16:29:00,2014-10-29 16:30:00,8.4815,8.4803,8.48257,8.4803,8.4829,8.48238,8.4846,8.48236,81
2014-10-29 16:30:00,2014-10-29 16:31:00,8.4803,8.4803,8.48034,8.4801,8.48238,8.4815,8.48235,8.4814,23
2014-10-29 16:31:00,2014-10-29 16:32:00,8.4803,8.4793,8.4808,8.4793,8.4815,8.48086,8.4819,8.48048,54
2014-10-29 16:32:00,2014-10-29 16:33:00,8.4793,8.4795,8.4795,8.4794,8.48086,8.48094,8.48114,8.48086,16
2014-10-29 16:33:00,2014-10-29 16:34:00,8.4795,8.4787,8.4795,8.47829,8.48094,8.48081,8.48108,8.47889,54
2014-10-29 16:34:00,2014-10-29 16:35:00,8.4787,8.479,8.4795,8.47882,8.48081,8.48087,8.48131,8.48081,45
2014-10-29 16:35:00,2014-10-29 16:36:00,8.479,8.4803,8.4803,8.479,8.48087,8.4814,8.4814,8.4805,46
2014-10-29 16:36:00,2014-10-29 16:37:00,8.4803,8.4805,8.4805,8.4804,8.4814,8.4813,8.4814,8.4812,7
2014-10-29 16:37:00,2014-10-29 16:38:00,8.4805,8.4803,8.4803,8.4803,8.4813,8.4812,8.4813,8.4812,2
2014-10-29 16:38:00,2014-10-29 16:39:00,8.4803,8.48,8.4803,8.479,8.4812,8.48133,8.4814,8.48068,49
2014-10-29 16:39:00,2014-10-29 16:40:00,8.48,8.4779,8.48,8.4779,8.48133,8.4789,8.4814,8.4789,49
2014-10-29 16:40:00,2014-10-29 16:41:00,8.4779,8.4778,8.4779,8.4778,8.4789,8.47872,8.47894,8.47872,9
2014-10-29 16:41:00,2014-10-29 16:42:00,8.4778,8.4785,8.4785,8.47826,8.47872,8.48001,8.48003,8.47872,13
2014-10-29 16:42:00,2014-10-29 16:43:00,8.4785,8.4794,8.48,8.4785,8.48001,8.4808,8.48149,8.47997,42
2014-10-29 16:43:00,2014-10-29 16:44:00,8.4794,8.4792,8.4795,8.479,8.4808,8.48075,8.48096,8.48052,24
2014-10-29 16:44:00,2014-10-29 16:45:00,8.4792,8.48191,8.4822,8.47938,8.48075,8.48354,8.48411,8.48075,107
2014-10-29 16:45:00,2014-10-29 16:46:00,8.48191,8.482,8.48233,8.48187,8.48354,8.48358,8.48386,8.48339,52
2014-10-29 16:46:00,2014-10-29 16:47:00,8.482,8.48218,8.4841,8.4815,8.48358,8.48429,8.486,8.48282,104
2014-10-29 16:47:00,2014-10-29 16:48:00,8.48218,8.48251,8.48253,8.48245,8.48429,8.4846,8.48463,8.48429,20
2014-10-29 16:48:00,2014-10-29 16:49:00,8.48251,8.4833,8.4843,8.48245,8.4846,8.48525,8.4857,8.48454,54
2014-10-29 16:49:00,2014-10-29 16:50:00,8.4833,8.4814,8.4831,8.4813,8.48525,8.4827,8.48475,8.4827,62
2014-10-29 16:50:00,2014-10-29 16:51:00,8.4814,8.48255,8.48255,8.4813,8.4827,8.4841,8.4841,8.4827,24
2014-10-29 16:51:00,2014-10-29 16:52:00,8.48255,8.48255,8.48255,8.48255,8.4841,8.48446,8.4846,8.484,11
2014-10-29 16:52:00,2014-10-29 16:53:00,8.48255,8.48255,8.48255,8.48255,8.48446,8.4843,8.48456,8.4843,10
2014-10-29 16:53:00,2014-10-29 16:54:00,8.48255,8.4827,8.48271,8.4826,8.4843,8.4843,8.4843,8.4843,4
2014-10-29 16:54:00,2014-10-29 16:55:00,8.4827,8.48251,8.4831,8.48235,8.4843,8.4843,8.4845,8.4842,25
2014-10-29 16:55:00,2014-10-29 16:56:00,8.48251,8.482,8.4826,8.48195,8.4843,8.4835,8.4843,8.4833,51
2014-10-29 16:56:00,2014-10-29 16:57:00,8.482,8.4788,8.48185,8.4788,8.4835,8.4799,8.4835,8.4799,58
2014-10-29 16:57:00,2014-10-29 16:58:00,8.4788,8.4779,8.4788,8.4779,8.4799,8.4787,8.48028,8.47829,16
2014-10-29 16:58:00,2014-10-29 16:59:00,8.4779,8.47641,8.4779,8.47629,8.4787,8.4784,8.4787,8.4784,20
2014-10-29 16:59:00,2014-10-29 17:00:00,8.47641,8.47641,8.4768,8.47641,8.4784,8.479,8.4791,8.4784,19
2014-10-29 17:00:00,2014-10-29 17:01:00,8.47641,8.4758,8.47651,8.47553,8.479,8.47818,8.4793,8.47818,48
2014-10-29 17:01:00,2014-10-29 17:02:00,8.4758,8.4757,8.47586,8.4757,8.47818,8.4782,8.4782,8.47814,6
2014-10-29 17:02:00,2014-10-29 17:03:00,8.4757,8.47565,8.47578,8.47565,8.4782,8.47825,8.47832,8.4782,13
2014-10-29 17:03:00,2014-10-29 17:04:00,8.47565,8.47555,8.4757,8.47554,8.47825,8.47815,8.47824,8.4779,8
2014-10-29 17:04:00,2014-10-29 17:05:00,8.47555,8.47576,8.4759,8.47555,8.47815,8.4779,8.47829,8.4779,53
2014-10-29 17:05:00,2014-10-29 17:06:00,8.47576,8.4763,8.4764,8.4756,8.4779,8.47859,8.47859,8.4779,21
2014-10-29 17:06:00,2014-10-29 17:07:00,8.4763,8.4764,8.4764,8.4763,8.47859,8.4786,8.4786,8.47848,9
2014-10-29 17:07:00,2014-10-29 17:08:00,8.4764,8.4764,8.4764,8.4763,8.4786,8.4786,8.4786,8.4786,4
2014-10-29 17:08:00,2014-10-29 17:09:00,8.4764,8.4765,8.4765,8.4764,8.4786,8.47864,8.47864,8.47858,8
2014-10-29 17:09:00,2014-10-29 17:10:00,8.4765,8.4764,8.4765,8.4764,8.47864,8.4786,8.4786,8.47851,6
2014-10-29 17:10:00,2014-10-29 17:11:00,8.4764,8.4763,8.4764,8.4762,8.4786,8.4785,8.4786,8.4785,7
2014-10-29 17:11:00,2014-10-29 17:12:00,8.4763,8.4763,8.4763,8.4762,8.4785,8.4785,8.4785,8.47844,4
2014-10-29 17:12:00,2014-10-29 17:13:00,8.4763,8.4764,8.4764,8.4763,8.4785,8.4786,8.4786,8.47843,8
2014-10-29 17:13:00,2014-10-29 17:14:00,8.4764,8.47518,8.4764,8.4746,8.4786,8.47675,8.4786,8.47559,99
2014-10-29 17:14:00,2014-10-29 17:15:00,8.47518,8.47213,8.4751,8.471,8.47675,8.47473,8.47676,8.47277,65
2014-10-29 17:15:00,2014-10-29 17:16:00,8.47213,8.4726,8.473,8.47159,8.47473,8.47513,8.4752,8.4734,83
2014-10-29 17:16:00,2014-10-29 17:17:00,8.4726,8.47255,8.47406,8.47248,8.47513,8.47458,8.4757,8.47456,45
2014-10-29 17:17:00,2014-10-29 17:18:00,8.47255,8.4725,8.4726,8.4725,8.47458,8.47458,8.47459,8.47458,10
2014-10-29 17:18:00,2014-10-29 17:19:00,8.4725,8.47248,8.47251,8.47248,8.47458,8.47456,8.47459,8.47453,6
2014-10-29 17:19:00,2014-10-29 17:20:00,8.47248,8.4721,8.47281,8.4721,8.47456,8.4733,8.4737,8.4733,14
2014-10-29 17:20:00,2014-10-29 17:21:00,8.4721,8.47155,8.47223,8.471,8.4733,8.47399,8.47399,8.4725,57
2014-10-29 17:21:00,2014-10-29 17:22:00,8.47155,8.47106,8.47245,8.47104,8.47399,8.47316,8.47433,8.47316,39
2014-10-29 17:22:00,2014-10-29 17:23:00,8.47106,8.47111,8.47159,8.47076,8.47316,8.4724,8.47316,8.47237,36
2014-10-29 17:23:00,2014-10-29 17:24:00,8.47111,8.47109,8.47136,8.47099,8.4724,8.47242,8.47242,8.4724,8
2014-10-29 17:24:00,2014-10-29 17:25:00,8.47109,8.47096,8.471,8.47077,8.47242,8.47236,8.47242,8.47236,12
2014-10-29 17:25:00,2014-10-29 17:26:00,8.47096,8.4712,8.4712,8.47096,8.47236,8.47266,8.47269,8.47239,14
2014-10-29 17:26:00,2014-10-29 17:27:00,8.4712,8.47151,8.47172,8.47139,8.47266,8.47265,8.4727,8.47265,22
2014-10-29 17:27:00,2014-10-29 17:28:00,8.47151,8.47144,8.47151,8.47144,8.47265,8.47264,8.47264,8.47262,3
2014-10-29 17:28:00,2014-10-29 17:29:00,8.47144,8.471,8.47154,8.471,8.47264,8.47256,8.47264,8.47256,15
2014-10-29 17:29:00,2014-10-29 17:30:00,8.471,8.4711,8.4717,8.471,8.47256,8.47286,8.47319,8.47241,42
2014-10-29 17:30:00,2014-10-29 17:31:00,8.4711,8.47397,8.47407,8.47112,8.47286,8.4753,8.4755,8.47284,50
2014-10-29 17:31:00,2014-10-29 17:32:00,8.47397,8.47406,8.47433,8.47398,8.4753,8.4756,8.4763,8.4753,21
2014-10-29 17:32:00,2014-10-29 17:33:00,8.47406,8.47406,8.47414,8.47406,8.4756,8.47581,8.47581,8.4755,9
2014-10-29 17:33:00,2014-10-29 17:34:00,8.47406,8.47406,8.47406,8.47406,8.47581,8.4758,8.4758,8.4758,1
2014-10-29 17:34:00,2014-10-29 17:35:00,8.47406,8.47428,8.47428,8.47404,8.4758,8.4759,8.476,8.4758,12
2014-10-29 17:35:00,2014-10-29 17:36:00,8.47428,8.475,8.475,8.4732,8.4759,8.47672,8.47672,8.47368,40
2014-10-29 17:36:00,2014-10-29 17:37:00,8.475,8.4747,8.47533,8.4747,8.47672,8.47678,8.4769,8.47672,43
2014-10-29 17:37:00,2014-10-29 17:38:00,8.4747,8.4766,8.4766,8.4747,8.47678,8.47758,8.47758,8.47676,28
2014-10-29 17:38:00,2014-10-29 17:39:00,8.4766,8.4766,8.4766,8.4765,8.47758,8.47758,8.47758,8.47758,2
2014-10-29 17:39:00,2014-10-29 17:40:00,8.4766,8.478,8.4782,8.4765,8.47758,8.47934,8.47934,8.47758,18
2014-10-29 17:40:00,2014-10-29 17:41:00,8.478,8.47909,8.47909,8.478,8.47934,8.48088,8.48094,8.4797,25
2014-10-29 17:41:00,2014-10-29 17:42:00,8.47909,8.47909,8.4791,8.47909,8.48088,8.48098,8.48098,8.48084,8
2014-10-29 17:42:00,2014-10-29 17:43:00,8.47909,8.4794,8.4794,8.47909,8.48098,8.48104,8.48105,8.48087,13
2014-10-29 17:43:00,2014-10-29 17:44:00,8.4794,8.4794,8.47967,8.4794,8.48104,8.48105,8.4812,8.48102,7
2014-10-29 17:44:00,2014-10-29 17:45:00,8.4794,8.47967,8.47967,8.4794,8.48105,8.48121,8.48124,8.48106,8
2014-10-29 17:45:00,2014-10-29 17:46:00,8.47967,8.4824,8.4824,8.47967,8.48121,8.48371,8.48371,8.48122,82
2014-10-29 17:46:00,2014-10-29 17:47:00,8.4824,8.4816,8.48257,8.4814,8.48371,8.48326,8.48374,8.48315,51
2014-10-29 17:47:00,2014-10-29 17:48:00,8.4816,8.4812,8.4816,8.4812,8.48326,8.48273,8.48348,8.48272,55
2014-10-29 17:48:00,2014-10-29 17:49:00,8.4812,8.4812,8.4812,8.4812,8.48273,8.48272,8.48272,8.48252,5
2014-10-29 17:49:00,2014-10-29 17:50:00,8.4812,8.4812,8.4812,8.4812,8.48272,8.48273,8.48275,8.48273,2
2014-10-29 17:50:00,2014-10-29 17:51:00,8.4812,8.48114,8.4812,8.4811,8.48273,8.4827,8.48275,8.48265,16
2014-10-29 17:51:00,2014-10-29 17:52:00,8.48114,8.4804,8.48113,8.48003,8.4827,8.48252,8.48273,8.48163,35
2014-10-29 17:52:00,2014-10-29 17:53:00,8.4804,8.4779,8.48068,8.4779,8.48252,8.47962,8.48325,8.47962,43
2014-10-29 17:53:00,2014-10-29 17:54:00,8.4779,8.4789,8.4789,8.4778,8.47962,8.48105,8.48112,8.47962,32
2014-10-29 17:54:00,2014-10-29 17:55:00,8.4789,8.4771,8.4838,8.47552,8.48105,8.48133,8.4863,8.48084,147
2014-10-29 17:55:00,2014-10-29 17:56:00,8.4771,8.48025,8.48244,8.4772,8.48133,8.4871,8.4875,8.48118,155
2014-10-29 17:56:00,2014-10-29 17:57:00,8.48025,8.47689,8.48032,8.47689,8.4871,8.4825,8.48669,8.48218,36
2014-10-29 17:57:00,2014-10-29 17:58:00,8.47689,8.4751,8.47714,8.474,8.4825,8.4816,8.4838,8.47669,62
2014-10-29 17:58:00,2014-10-29 17:59:00,8.4751,8.4746,8.4755,8.4724,8.4816,8.488,8.4903,8.4813,50
2014-10-29 17:59:00,2014-10-29 18:00:00,8.4746,8.4732,8.4763,8.4728,8.488,8.4804,8.4878,8.4794,100
2014-10-29 18:00:00,2014-10-29 18:01:00,8.4732,8.47114,8.48317,8.47056,8.4804,8.4795,8.4953,8.47838,238
2014-10-29 18:01:00,2014-10-29 18:02:00,8.47114,8.4768,8.48162,8.473,8.4795,8.48439,8.4931,8.47894,141
2014-10-29 18:02:00,2014-10-29 18:03:00,8.4768,8.48305,8.48368,8.4777,8.48439,8.49045,8.49045,8.4822,91
2014-10-29 18:03:00,2014-10-29 18:04:00,8.48305,8.48009,8.4882,8.47714,8.49045,8.4847,8.4936,8.4846,218
2014-10-29 18:04:00,2014-10-29 18:05:00,8.48009,8.48056,8.48187,8.47972,8.4847,8.48381,8.48844,8.48339,65
2014-10-29 18:05:00,2014-10-29 18:06:00,8.48056,8.47587,8.48082,8.4757,8.48381,8.4784,8.484,8.4784,127
2014-10-29 18:06:00,2014-10-29 18:07:00,8.47587,8.4768,8.4787,8.47587,8.4784,8.4796,8.48104,8.4784,109
2014-10-29 18:07:00,2014-10-29 18:08:00,8.4768,8.47506,8.4772,8.47307,8.4796,8.47668,8.4801,8.47545,130
2014-10-29 18:08:00,2014-10-29 18:09:00,8.47506,8.4773,8.47942,8.47246,8.47668,8.47899,8.483,8.47561,240
2014-10-29 18:09:00,2014-10-29 18:10:00,8.4773,8.47461,8.4774,8.4722,8.47899,8.476,8.479,8.4755,221
2014-10-29 18:10:00,2014-10-29 18:11:00,8.47461,8.4659,8.47449,8.4653,8.476,8.46868,8.476,8.46868,119
2014-10-29 18:11:00,2014-10-29 18:12:00,8.4659,8.47314,8.4735,8.46297,8.46868,8.475,8.4758,8.46778,150
2014-10-29 18:12:00,2014-10-29 18:13:00,8.47314,8.47784,8.47784,8.47312,8.475,8.4795,8.4795,8.475,136
2014-10-29 18:13:00,2014-10-29 18:14:00,8.47784,8.48075,8.48561,8.47797,8.4795,8.4878,8.49185,8.4795,291
2014-10-29 18:14:00,2014-10-29 18:15:00,8.48075,8.48113,8.4827,8.4784,8.4878,8.4858,8.48909,8.47986,170
2014-10-29 18:15:00,2014-10-29 18:16:00,8.48113,8.48313,8.48357,8.4786,8.4858,8.48881,8.48925,8.48275,140
2014-10-29 18:16:00,2014-10-29 18:17:00,8.48313,8.4706,8.49,8.46834,8.48881,8.4756,8.49385,8.4756,217
2014-10-29 18:17:00,2014-10-29 18:18:00,8.4706,8.48114,8.48223,8.4704,8.4756,8.4852,8.48989,8.4748,134
2014-10-29 18:18:00,2014-10-29 18:19:00,8.48114,8.4751,8.4812,8.47108,8.4852,8.47966,8.48589,8.47353,128
2014-10-29 18:19:00,2014-10-29 18:20:00,8.4751,8.4767,8.47898,8.4726,8.47966,8.48141,8.4823,8.4752,145
2014-10-29 18:20:00,2014-10-29 18:21:00,8.4767,8.47741,8.47984,8.47569,8.48141,8.48138,8.4821,8.47777,66
2014-10-29 18:21:00,2014-10-29 18:22:00,8.47741,8.47701,8.4778,8.47701,8.48138,8.48083,8.4821,8.48083,19
2014-10-29 18:22:00,2014-10-29 18:23:00,8.47701,8.477,8.47708,8.47698,8.48083,8.48088,8.48088,8.48078,11
2014-10-29 18:23:00,2014-10-29 18:24:00,8.477,8.4785,8.4785,8.4771,8.48088,8.48141,8.48141,8.47909,34
2014-10-29 18:24:00,2014-10-29 18:25:00,8.4785,8.48017,8.48017,8.47626,8.48141,8.4823,8.4823,8.48051,81
2014-10-29 18:25:00,2014-10-29 18:26:00,8.48017,8.47813,8.4822,8.4759,8.4823,8.47979,8.4847,8.47835,141
2014-10-29 18:26:00,2014-10-29 18:27:00,8.47813,8.4754,8.482,8.47458,8.47979,8.48108,8.4852,8.47711,210
2014-10-29 18:27:00,2014-10-29 18:28:00,8.4754,8.4775,8.48027,8.47478,8.48108,8.47995,8.48426,8.47972,79
2014-10-29 18:28:00,2014-10-29 18:29:00,8.4775,8.47966,8.47966,8.4774,8.47995,8.4817,8.48179,8.47943,25
2014-10-29 18:29:00,2014-10-29 18:30:00,8.47966,8.4766,8.4799,8.47593,8.4817,8.47813,8.482,8.47791,103
2014-10-29 18:30:00,2014-10-29 18:31:00,8.4766,8.4769,8.4769,8.4765,8.47813,8.4785,8.4785,8.47812,25
2014-10-29 18:31:00,2014-10-29 18:32:00,8.4769,8.4781,8.4782,8.4768,8.4785,8.47909,8.4791,8.47824,27
2014-10-29 18:32:00,2014-10-29 18:33:00,8.4781,8.47942,8.48018,8.478,8.47909,8.48164,8.48414,8.47897,63
2014-10-29 18:33:00,2014-10-29 18:34:00,8.47942,8.47741,8.48002,8.47524,8.48164,8.47882,8.48152,8.47799,174
2014-10-29 18:34:00,2014-10-29 18:35:00,8.47741,8.47835,8.47931,8.47659,8.47882,8.48008,8.4804,8.47819,65
2014-10-29 18:35:00,2014-10-29 18:36:00,8.47835,8.47677,8.4789,8.47649,8.48008,8.47778,8.48037,8.47778,32
2014-10-29 18:36:00,2014-10-29 18:37:00,8.47677,8.4814,8.4814,8.47664,8.47778,8.48514,8.48514,8.47778,89
2014-10-29 18:37:00,2014-10-29 18:38:00,8.4814,8.47793,8.4837,8.4763,8.48514,8.48054,8.48665,8.47905,234
2014-10-29 18:38:00,2014-10-29 18:39:00,8.47793,8.4749,8.4789,8.4749,8.48054,8.47686,8.4807,8.47686,37
2014-10-29 18:39:00,2014-10-29 18:40:00,8.4749,8.47421,8.4749,8.47325,8.47686,8.47587,8.47718,8.47489,133
2014-10-29 18:40:00,2014-10-29 18:41:00,8.47421,8.47417,8.47421,8.47416,8.47587,8.47583,8.47585,8.47579,9
2014-10-29 18:41:00,2014-10-29 18:42:00,8.47417,8.47465,8.47691,8.47411,8.47583,8.47771,8.4807,8.47513,63
2014-10-29 18:42:00,2014-10-29 18:43:00,8.47465,8.47467,8.47477,8.47457,8.47771,8.47568,8.4777,8.47568,37
2014-10-29 18:43:00,2014-10-29 18:44:00,8.47467,8.47448,8.47565,8.47448,8.47568,8.47651,8.47797,8.47564,49
2014-10-29 18:44:00,2014-10-29 18:45:00,8.47448,8.47445,8.47452,8.47445,8.47651,8.47631,8.47701,8.47631,29
2014-10-29 18:45:00,2014-10-29 18:46:00,8.47445,8.47409,8.47448,8.47409,8.47631,8.47611,8.4767,8.47581,69
2014-10-29 18:46:00,2014-10-29 18:47:00,8.47409,8.47415,8.47415,8.47407,8.47611,8.47611,8.47626,8.47611,15
2014-10-29 18:47:00,2014-10-29 18:48:00,8.47415,8.4742,8.47431,8.47412,8.47611,8.4767,8.4767,8.47611,27
2014-10-29 18:48:00,2014-10-29 18:49:00,8.4742,8.4745,8.4745,8.47418,8.4767,8.4767,8.47673,8.4765,28
2014-10-29 18:49:00,2014-10-29 18:50:00,8.4745,8.47535,8.47601,8.4745,8.4767,8.47774,8.47799,8.4762,110
2014-10-29 18:50:00,2014-10-29 18:51:00,8.47535,8.4753,8.47557,8.4748,8.47774,8.47719,8.47778,8.47703,29
2014-10-29 18:51:00,2014-10-29 18:52:00,8.4753,8.47517,8.4755,8.47503,8.47719,8.47725,8.47725,8.47719,28
2014-10-29 18:52:00,2014-10-29 18:53:00,8.47517,8.4763,8.4763,8.47503,8.47725,8.47771,8.47771,8.47722,11
2014-10-29 18:53:00,2014-10-29 18:54:00,8.4763,8.4763,8.4763,8.4763,8.47771,8.47771,8.47773,8.47771,2
2014-10-29 18:54:00,2014-10-29 18:55:00,8.4763,8.47554,8.4763,8.4752,8.47771,8.477,8.47759,8.4767,18
2014-10-29 18:55:00,2014-10-29 18:56:00,8.47554,8.47729,8.47729,8.47554,8.477,8.47918,8.47922,8.4771,42
2014-10-29 18:56:00,2014-10-29 18:57:00,8.47729,8.47695,8.47783,8.47686,8.47918,8.4791,8.47915,8.47904,15
2014-10-29 18:57:00,2014-10-29 18:58:00,8.47695,8.47708,8.47783,8.47648,8.4791,8.4778,8.479,8.4778,16
2014-10-29 18:58:00,2014-10-29 18:59:00,8.47708,8.46939,8.47708,8.46874,8.4778,8.47171,8.4779,8.47039,152
2014-10-29 18:59:00,2014-10-29 19:00:00,8.46939,8.46945,8.47034,8.46602,8.47171,8.47575,8.47575,8.47054,156
2014-10-29 19:00:00,2014-10-29 19:01:00,8.46945,8.47209,8.47335,8.46906,8.47575,8.47692,8.4777,8.47301,138
2014-10-29 19:01:00,2014-10-29 19:02:00,8.47209,8.4757,8.4795,8.47189,8.47692,8.47741,8.4825,8.47678,174
2014-10-29 19:02:00,2014-10-29 19:03:00,8.4757,8.4764,8.477,8.4743,8.47741,8.4783,8.47885,8.47725,87
2014-10-29 19:03:00,2014-10-29 19:04:00,8.4764,8.4766,8.4766,8.4764,8.4783,8.4785,8.4785,8.4783,5
2014-10-29 19:04:00,2014-10-29 19:05:00,8.4766,8.4762,8.4771,8.4761,8.4785,8.47807,8.479,8.47753,26
2014-10-29 19:05:00,2014-10-29 19:06:00,8.4762,8.477,8.477,8.4762,8.47807,8.47812,8.47814,8.47804,18
2014-10-29 19:06:00,2014-10-29 19:07:00,8.477,8.4778,8.4778,8.477,8.47812,8.47914,8.47956,8.47818,17
2014-10-29 19:07:00,2014-10-29 19:08:00,8.4778,8.4789,8.479,8.4778,8.47914,8.4797,8.48,8.47909,22
2014-10-29 19:08:00,2014-10-29 19:09:00,8.4789,8.4791,8.4793,8.4787,8.4797,8.48015,8.48019,8.4797,15
2014-10-29 19:09:00,2014-10-29 19:10:00,8.4791,8.479,8.4792,8.479,8.48015,8.48015,8.48015,8.48015,3
2014-10-29 19:10:00,2014-10-29 19:11:00,8.479,8.4789,8.479,8.4789,8.48015,8.48019,8.48019,8.48016,6
2014-10-29 19:11:00,2014-10-29 19:12:00,8.4789,8.47602,8.4789,8.4757,8.48019,8.47803,8.4802,8.478,36
2014-10-29 19:12:00,2014-10-29 19:13:00,8.47602,8.47644,8.47644,8.47599,8.47803,8.47783,8.47803,8.47763,11
2014-10-29 19:13:00,2014-10-29 19:14:00,8.47644,8.47644,8.47644,8.47644,8.47783,8.4778,8.47785,8.4778,4
2014-10-29 19:14:00,2014-10-29 19:15:00,8.47644,8.47644,8.47645,8.47644,8.4778,8.4778,8.47783,8.4777,5
2014-10-29 19:15:00,2014-10-29 19:16:00,8.47644,8.47644,8.47644,8.47644,8.4778,8.47782,8.47783,8.47782,2
2014-10-29 19:16:00,2014-10-29 19:17:00,8.47644,8.47644,8.47644,8.47623,8.47782,8.47783,8.47783,8.47783,3
2014-10-29 19:17:00,2014-10-29 19:18:00,8.47644,8.47644,8.47644,8.47644,8.47783,8.47786,8.47786,8.47786,1
2014-10-29 19:18:00,2014-10-29 19:19:00,8.47644,8.47644,8.47644,8.47624,8.47786,8.47786,8.47786,8.4778,8
2014-10-29 19:19:00,2014-10-29 19:20:00,8.47644,8.47644,8.47644,8.47644,8.47786,8.47785,8.47785,8.47784,2
2014-10-29 19:20:00,2014-10-29 19:21:00,8.47644,8.47623,8.47646,8.47622,8.47785,8.47783,8.47785,8.47782,5
2014-10-29 19:21:00,2014-10-29 19:22:00,8.47623,8.47621,8.47623,8.47621,8.47783,8.47781,8.47781,8.47781,2
2014-10-29 19:22:00,2014-10-29 19:23:00,8.47621,8.4762,8.47621,8.4762,8.47781,8.4778,8.4778,8.4778,2
2014-10-29 19:23:00,2014-10-29 19:24:00,8.4762,8.47622,8.47622,8.47622,8.4778,8.47782,8.47782,8.4778,2
2014-10-29 19:24:00,2014-10-29 19:25:00,8.47622,8.47622,8.47624,8.47622,8.47782,8.47782,8.47784,8.47782,4
2014-10-29 19:25:00,2014-10-29 19:26:00,8.47622,8.47677,8.47745,8.47626,8.47782,8.4785,8.4789,8.47786,20
2014-10-29 19:26:00,2014-10-29 19:27:00,8.47677,8.47782,8.47782,8.47651,8.4785,8.4789,8.4791,8.4782,82
2014-10-29 19:27:00,2014-10-29 19:28:00,8.47782,8.4764,8.47784,8.47506,8.4789,8.4779,8.4792,8.4764,61
2014-10-29 19:28:00,2014-10-29 19:29:00,8.4764,8.47345,8.4764,8.47342,8.4779,8.4767,8.4777,8.4764,45
2014-10-29 19:29:00,2014-10-29 19:30:00,8.47345,8.4739,8.47428,8.47344,8.4767,8.4769,8.4769,8.4759,26
2014-10-29 19:30:00,2014-10-29 19:31:00,8.4739,8.47411,8.47454,8.47384,8.4769,8.4762,8.4769,8.476,26
2014-10-29 19:31:00,2014-10-29 19:32:00,8.47411,8.47363,8.4741,8.47236,8.4762,8.4758,8.4762,8.4743,56
2014-10-29 19:32:00,2014-10-29 19:33:00,8.47363,8.47199,8.47413,8.47191,8.4758,8.4746,8.476,8.4739,79
2014-10-29 19:33:00,2014-10-29 19:34:00,8.47199,8.47057,8.4741,8.46839,8.4746,8.4718,8.4748,8.4709,119
2014-10-29 19:34:00,2014-10-29 19:35:00,8.47057,8.46906,8.47198,8.4676,8.4718,8.4711,8.4731,8.47,91
2014-10-29 19:35:00,2014-10-29 19:36:00,8.46906,8.47113,8.47128,8.46903,8.4711,8.4717,8.4724,8.4708,33
2014-10-29 19:36:00,2014-10-29 19:37:00,8.47113,8.47125,8.47127,8.47113,8.4717,8.4719,8.472,8.4718,23
2014-10-29 19:37:00,2014-10-29 19:38:00,8.47125,8.47119,8.47126,8.47114,8.4719,8.4718,8.4719,8.4718,18
2014-10-29 19:38:00,2014-10-29 19:39:00,8.47119,8.47038,8.4713,8.46963,8.4718,8.47188,8.4728,8.46989,62
2014-10-29 19:39:00,2014-10-29 19:40:00,8.47038,8.47035,8.47038,8.46751,8.47188,8.4724,8.47252,8.4693,107
2014-10-29 19:40:00,2014-10-29 19:41:00,8.47035,8.46892,8.47049,8.46892,8.4724,8.4702,8.4727,8.4702,38
2014-10-29 19:41:00,2014-10-29 19:42:00,8.46892,8.4673,8.47094,8.4664,8.4702,8.47055,8.4728,8.47009,110
2014-10-29 19:42:00,2014-10-29 19:43:00,8.4673,8.4677,8.468,8.467,8.47055,8.4698,8.47055,8.4693,48
2014-10-29 19:43:00,2014-10-29 19:44:00,8.4677,8.4681,8.46894,8.4677,8.4698,8.4702,8.4702,8.4698,32
2014-10-29 19:44:00,2014-10-29 19:45:00,8.4681,8.4681,8.4681,8.468,8.4702,8.4702,8.4702,8.4701,4
2014-10-29 19:45:00,2014-10-29 19:46:00,8.4681,8.46783,8.468,8.46783,8.4702,8.4699,8.4702,8.4699,15
2014-10-29 19:46:00,2014-10-29 19:47:00,8.46783,8.4671,8.4679,8.4671,8.4699,8.4702,8.4703,8.4699,10
2014-10-29 19:47:00,2014-10-29 19:48:00,8.4671,8.4683,8.4689,8.4671,8.4702,8.47023,8.4711,8.4701,44
2014-10-29 19:48:00,2014-10-29 19:49:00,8.4683,8.4685,8.4685,8.4684,8.47023,8.47023,8.47023,8.47023,3
2014-10-29 19:49:00,2014-10-29 19:50:00,8.4685,8.4726,8.47421,8.4684,8.47023,8.4746,8.4754,8.47023,137
2014-10-29 19:50:00,2014-10-29 19:51:00,8.4726,8.4722,8.47409,8.4702,8.4746,8.47534,8.4755,8.47217,108
2014-10-29 19:51:00,2014-10-29 19:52:00,8.4722,8.4715,8.4723,8.4705,8.47534,8.4736,8.47516,8.47167,33
2014-10-29 19:52:00,2014-10-29 19:53:00,8.4715,8.4715,8.4716,8.4715,8.4736,8.4736,8.4737,8.4735,6
2014-10-29 19:53:00,2014-10-29 19:54:00,8.4715,8.4714,8.4716,8.4714,8.4736,8.4733,8.4736,8.4733,5
2014-10-29 19:54:00,2014-10-29 19:55:00,8.4714,8.4714,8.4717,8.4714,8.4733,8.4735,8.4735,8.4734,6
2014-10-29 19:55:00,2014-10-29 19:56:00,8.4714,8.4715,8.4715,8.4714,8.4735,8.4734,8.4735,8.4734,6
2014-10-29 19:56:00,2014-10-29 19:57:00,8.4715,8.4716,8.4716,8.4716,8.4734,8.4734,8.4735,8.4734,3
2014-10-29 19:57:00,2014-10-29 19:58:00,8.4716,8.4717,8.4735,8.4716,8.4734,8.4742,8.4757,8.4734,30
2014-10-29 19:58:00,2014-10-29 19:59:00,8.4717,8.4721,8.4726,8.47069,8.4742,8.4752,8.4753,8.4736,54
2014-10-29 19:59:00,2014-10-29 20:00:00,8.4721,8.4728,8.47336,8.4709,8.4752,8.47581,8.4768,8.47522,44
2014-10-29 20:00:00,2014-10-29 20:01:00,8.4728,8.47221,8.4729,8.4702,8.47581,8.47581,8.4765,8.47574,47
2014-10-29 20:01:00,2014-10-29 20:02:00,8.47221,8.4741,8.4741,8.47253,8.47581,8.47624,8.4763,8.4755,28
2014-10-29 20:02:00,2014-10-29 20:03:00,8.4741,8.471,8.4741,8.4701,8.47624,8.47327,8.47625,8.47327,94
2014-10-29 20:03:00,2014-10-29 20:04:00,8.471,8.4723,8.4723,8.471,8.47327,8.47404,8.47404,8.47341,20
2014-10-29 20:04:00,2014-10-29 20:05:00,8.4723,8.4712,8.4726,8.4709,8.47404,8.47306,8.47502,8.47273,43
2014-10-29 20:05:00,2014-10-29 20:06:00,8.4712,8.4709,8.4729,8.4709,8.47306,8.47294,8.47575,8.47294,40
2014-10-29 20:06:00,2014-10-29 20:07:00,8.4709,8.4761,8.4761,8.472,8.47294,8.47832,8.4792,8.47294,83
2014-10-29 20:07:00,2014-10-29 20:08:00,8.4761,8.4763,8.4763,8.4761,8.47832,8.47867,8.47867,8.47819,13
2014-10-29 20:08:00,2014-10-29 20:09:00,8.4763,8.4765,8.4769,8.476,8.47867,8.47843,8.47885,8.47792,22
2014-10-29 20:09:00,2014-10-29 20:10:00,8.4765,8.4748,8.4765,8.4748,8.47843,8.47739,8.478,8.47574,46
2014-10-29 20:10:00,2014-10-29 20:11:00,8.4748,8.47506,8.4755,8.4748,8.47739,8.47745,8.47781,8.47632,65
2014-10-29 20:11:00,2014-10-29 20:12:00,8.47506,8.47198,8.47519,8.47198,8.47745,8.47644,8.47797,8.4755,102
2014-10-29 20:12:00,2014-10-29 20:13:00,8.47198,8.4745,8.47457,8.473,8.47644,8.4761,8.47709,8.47422,50
2014-10-29 20:13:00,2014-10-29 20:14:00,8.4745,8.47537,8.47537,8.47128,8.4761,8.47797,8.47797,8.47292,126
2014-10-29 20:14:00,2014-10-29 20:15:00,8.47537,8.47169,8.47537,8.47047,8.47797,8.47429,8.47781,8.4741,151
2014-10-29 20:15:00,2014-10-29 20:16:00,8.47169,8.46785,8.47169,8.46431,8.47429,8.47049,8.47415,8.46718,142
2014-10-29 20:16:00,2014-10-29 20:17:00,8.46785,8.4648,8.46785,8.46176,8.47049,8.46792,8.47031,8.4654,76
2014-10-29 20:17:00,2014-10-29 20:18:00,8.4648,8.46409,8.46527,8.46358,8.46792,8.46879,8.46886,8.46657,82
2014-10-29 20:18:00,2014-10-29 20:19:00,8.46409,8.46602,8.46625,8.4643,8.46879,8.46861,8.4706,8.46798,73
2014-10-29 20:19:00,2014-10-29 20:20:00,8.46602,8.46613,8.46655,8.46598,8.46861,8.46916,8.46916,8.46837,17
2014-10-29 20:20:00,2014-10-29 20:21:00,8.46613,8.46618,8.46634,8.46616,8.46916,8.46916,8.46916,8.46916,6
2014-10-29 20:21:00,2014-10-29 20:22:00,8.46618,8.46792,8.46935,8.46766,8.46916,8.47264,8.4729,8.46916,71
2014-10-29 20:22:00,2014-10-29 20:23:00,8.46792,8.46973,8.46973,8.46782,8.47264,8.4715,8.4726,8.47014,74
2014-10-29 20:23:00,2014-10-29 20:24:00,8.46973,8.46931,8.46969,8.46805,8.4715,8.47066,8.4715,8.47047,60
2014-10-29 20:24:00,2014-10-29 20:25:00,8.46931,8.4693,8.46931,8.4693,8.47066,8.46988,8.46993,8.46988,3
2014-10-29 20:25:00,2014-10-29 20:26:00,8.4693,8.46931,8.46931,8.4693,8.46988,8.46991,8.46991,8.46991,2
2014-10-29 20:26:00,2014-10-29 20:27:00,8.46931,8.462,8.47004,8.4619,8.46991,8.4667,8.47406,8.4667,125
2014-10-29 20:27:00,2014-10-29 20:28:00,8.462,8.46587,8.46776,8.46182,8.4667,8.4679,8.47224,8.46579,84
2014-10-29 20:28:00,2014-10-29 20:29:00,8.46587,8.4653,8.46581,8.46526,8.4679,8.4672,8.4679,8.4672,12
2014-10-29 20:29:00,2014-10-29 20:30:00,8.4653,8.46357,8.4653,8.46357,8.4672,8.4662,8.46653,8.46608,13
2014-10-29 20:30:00,2014-10-29 20:31:00,8.46357,8.46369,8.46372,8.46368,8.4662,8.4653,8.4666,8.4653,6
2014-10-29 20:31:00,2014-10-29 20:32:00,8.46369,8.46665,8.46701,8.46374,8.4653,8.4696,8.4699,8.4653,66
2014-10-29 20:32:00,2014-10-29 20:33:00,8.46665,8.4641,8.46919,8.46397,8.4696,8.4661,8.4721,8.4661,56
2014-10-29 20:33:00,2014-10-29 20:34:00,8.4641,8.46439,8.46439,8.46396,8.4661,8.4661,8.4662,8.466,20
2014-10-29 20:34:00,2014-10-29 20:35:00,8.46439,8.46523,8.46546,8.46461,8.4661,8.46798,8.46809,8.4661,21
2014-10-29 20:35:00,2014-10-29 20:36:00,8.46523,8.46891,8.46905,8.46538,8.46798,8.4703,8.47203,8.46798,73
2014-10-29 20:36:00,2014-10-29 20:37:00,8.46891,8.46563,8.46891,8.46546,8.4703,8.4711,8.4711,8.4702,23
2014-10-29 20:37:00,2014-10-29 20:38:00,8.46563,8.46548,8.4671,8.46547,8.4711,8.4711,8.4712,8.46981,22
2014-10-29 20:38:00,2014-10-29 20:39:00,8.46548,8.46707,8.46707,8.46537,8.4711,8.4701,8.4712,8.4701,8
2014-10-29 20:39:00,2014-10-29 20:40:00,8.46707,8.46709,8.46709,8.46704,8.4701,8.4701,8.4701,8.4701,3
2014-10-29 20:40:00,2014-10-29 20:41:00,8.46709,8.46713,8.46713,8.46713,8.4701,8.4701,8.4701,8.4701,1
2014-10-29 20:41:00,2014-10-29 20:42:00,8.46713,8.4671,8.46713,8.46709,8.4701,8.4702,8.4702,8.4701,5
2014-10-29 20:42:00,2014-10-29 20:43:00,8.4671,8.46644,8.4671,8.46639,8.4702,8.4685,8.46981,8.4685,9
2014-10-29 20:43:00,2014-10-29 20:44:00,8.46644,8.46587,8.46712,8.46587,8.4685,8.4676,8.46997,8.4676,42
2014-10-29 20:44:00,2014-10-29 20:45:00,8.46587,8.46574,8.46598,8.46559,8.4676,8.4676,8.4676,8.4676,4
2014-10-29 20:45:00,2014-10-29 20:46:00,8.46574,8.46599,8.4665,8.46558,8.4676,8.4681,8.46989,8.46738,47
2014-10-29 20:46:00,2014-10-29 20:47:00,8.46599,8.46592,8.46645,8.46592,8.4681,8.4681,8.4698,8.46791,31
2014-10-29 20:47:00,2014-10-29 20:48:00,8.46592,8.46592,8.46592,8.46592,8.4681,8.4681,8.4681,8.46793,3
2014-10-29 20:48:00,2014-10-29 20:49:00,8.46592,8.46643,8.46757,8.46495,8.4681,8.4698,8.4698,8.4664,21
2014-10-29 20:49:00,2014-10-29 20:50:00,8.46643,8.46595,8.4666,8.46595,8.4698,8.4679,8.47012,8.4679,16
2014-10-29 20:50:00,2014-10-29 20:51:00,8.46595,8.464,8.46661,8.464,8.4679,8.46878,8.47044,8.46872,15
2014-10-29 20:51:00,2014-10-29 20:52:00,8.464,8.4646,8.4646,8.464,8.46878,8.4672,8.46866,8.4672,6
2014-10-29 20:52:00,2014-10-29 20:53:00,8.4646,8.463,8.4646,8.463,8.4672,8.46888,8.469,8.46832,9
2014-10-29 20:53:00,2014-10-29 20:54:00,8.463,8.4622,8.463,8.461,8.46888,8.46818,8.4693,8.46798,25
2014-10-29 20:54:00,2014-10-29 20:55:00,8.4622,8.46337,8.46435,8.46137,8.46818,8.46832,8.46954,8.466,54
2014-10-29 20:55:00,2014-10-29 20:56:00,8.46337,8.46555,8.46648,8.46438,8.46832,8.4712,8.4714,8.46832,19
2014-10-29 20:56:00,2014-10-29 20:57:00,8.46555,8.46499,8.46555,8.46489,8.4712,8.4711,8.4711,8.471,11
2014-10-29 20:57:00,2014-10-29 20:58:00,8.46499,8.46485,8.46499,8.4645,8.4711,8.471,8.471,8.471,4
2014-10-29 20:58:00,2014-10-29 20:59:00,8.46485,8.4632,8.4647,8.4632,8.471,8.471,8.471,8.471,2
2014-10-29 20:59:00,2014-10-29 21:02:00,8.4632,8.4644,8.4644,8.4644,8.471,8.47806,8.47806,8.47806,1
2014-10-29 21:02:00,2014-10-29 21:03:00,8.4644,8.4653,8.4653,8.4644,8.47806,8.4691,8.4746,8.4691,12
2014-10-29 21:03:00,2014-10-29 21:04:00,8.4653,8.4654,8.46934,8.4654,8.4691,8.4692,8.4713,8.4691,49
2014-10-29 21:04:00,2014-10-29 21:06:00,8.4654,8.46889,8.46889,8.4654,8.4692,8.4716,8.4716,8.4692,12
2014-10-29 21:06:00,2014-10-29 21:07:00,8.46889,8.4657,8.46959,8.4654,8.4716,8.4692,8.4716,8.4692,8
2014-10-29 21:07:00,2014-10-29 21:09:00,8.4657,8.46489,8.46489,8.46489,8.4692,8.47222,8.47222,8.47109,2
2014-10-29 21:09:00,2014-10-29 21:10:00,8.46489,8.46489,8.46489,8.46489,8.47222,8.47223,8.47223,8.47223,1
2014-10-29 21:10:00,2014-10-29 21:11:00,8.46489,8.4651,8.4654,8.4651,8.47223,8.4683,8.4692,8.4683,3
2014-10-29 21:11:00,2014-10-29 21:12:00,8.4651,8.4651,8.4651,8.4651,8.4683,8.4678,8.4681,8.4678,2
2014-10-29 21:12:00,2014-10-29 21:15:00,8.4651,8.46486,8.46486,8.46486,8.4678,8.46992,8.46992,8.46988,3
2014-10-29 21:15:00,2014-10-29 21:16:00,8.46486,8.4652,8.4652,8.46338,8.46992,8.4679,8.46995,8.4679,5
2014-10-29 21:16:00,2014-10-29 21:19:00,8.4652,8.46339,8.46339,8.46217,8.4679,8.46986,8.46986,8.46986,3
2014-10-29 21:19:00,2014-10-29 21:20:00,8.46339,8.46339,8.4634,8.46339,8.46986,8.46996,8.46996,8.46996,3
2014-10-29 21:20:00,2014-10-29 21:21:00,8.46339,8.46339,8.46339,8.46339,8.46996,8.46991,8.46991,8.46991,1
2014-10-29 21:21:00,2014-10-29 21:23:00,8.46339,8.46339,8.46339,8.46339,8.46991,8.46986,8.46995,8.46986,2
2014-10-29 21:23:00,2014-10-29 21:24:00,8.46339,8.46339,8.46339,8.46339,8.46986,8.46983,8.46995,8.46983,3
2014-10-29 21:24:00,2014-10-29 21:25:00,8.46339,8.46339,8.46339,8.46339,8.46983,8.46987,8.46987,8.46987,1
2014-10-29 21:25:00,2014-10-29 21:27:00,8.46339,8.46339,8.46339,8.46339,8.46987,8.46983,8.46983,8.46983,1
2014-10-29 21:27:00,2014-10-29 21:28:00,8.46339,8.46339,8.46339,8.46339,8.46983,8.47115,8.47115,8.46987,4
2014-10-29 21:28:00,2014-10-29 21:30:00,8.46339,8.46339,8.46339,8.46339,8.47115,8.4668,8.4668,8.4668,1
2014-10-29 21:30:00,2014-10-29 21:33:00,8.46339,8.46339,8.46339,8.46339,8.4668,8.47001,8.47001,8.47001,1
2014-10-29 21:33:00,2014-10-29 21:34:00,8.46339,8.46339,8.46339,8.46339,8.47001,8.4667,8.47006,8.4667,2
2014-10-29 21:34:00,2014-10-29 21:36:00,8.46339,8.46338,8.46339,8.4605,8.4667,8.4667,8.4667,8.4667,3
2014-10-29 21:36:00,2014-10-29 21:37:00,8.46338,8.46338,8.46338,8.46338,8.4667,8.47,8.47,8.46945,4
2014-10-29 21:37:00,2014-10-29 21:38:00,8.46338,8.46338,8.46338,8.46338,8.47,8.4694,8.46968,8.4694,3
2014-10-29 21:38:00,2014-10-29 21:39:00,8.46338,8.46338,8.46338,8.46338,8.4694,8.46955,8.46955,8.46948,3
2014-10-29 21:39:00,2014-10-29 21:40:00,8.46338,8.46338,8.46338,8.46338,8.46955,8.4668,8.46961,8.4668,2
2014-10-29 21:40:00,2014-10-29 21:43:00,8.46338,8.46338,8.46338,8.46215,8.4668,8.46965,8.46966,8.4668,5
2014-10-29 21:43:00,2014-10-29 21:44:00,8.46338,8.46338,8.46338,8.46338,8.46965,8.46965,8.4701,8.46961,5
2014-10-29 21:44:00,2014-10-29 21:46:00,8.46338,8.46338,8.46338,8.46338,8.46965,8.46965,8.47012,8.46965,3
2014-10-29 21:46:00,2014-10-29 21:47:00,8.46338,8.46338,8.46338,8.46338,8.46965,8.46964,8.4701,8.46964,3
2014-10-29 21:47:00,2014-10-29 21:48:00,8.46338,8.46338,8.46338,8.46338,8.46964,8.46965,8.47012,8.46962,4
2014-10-29 21:48:00,2014-10-29 21:49:00,8.46338,8.46338,8.46338,8.46338,8.46965,8.46965,8.47012,8.46964,4
2014-10-29 21:49:00,2014-10-29 21:50:00,8.46338,8.46338,8.46338,8.46338,8.46965,8.46965,8.46993,8.46965,2
2014-10-29 21:50:00,2014-10-29 21:51:00,8.46338,8.46338,8.46338,8.4606,8.46965,8.46966,8.46993,8.46961,6
2014-10-29 21:51:00,2014-10-29 21:52:00,8.46338,8.46338,8.46338,8.46338,8.46966,8.46968,8.46975,8.46964,4
2014-10-29 21:52:00,2014-10-29 21:53:00,8.46338,8.46338,8.46338,8.46338,8.46968,8.46969,8.46975,8.46969,3
2014-10-29 21:53:00,2014-10-29 21:54:00,8.46338,8.46339,8.46339,8.46338,8.46969,8.46927,8.47065,8.46927,5
2014-10-29 21:54:00,2014-10-29 21:55:00,8.46339,8.46339,8.46339,8.46339,8.46927,8.46927,8.46927,8.46925,2
2014-10-29 21:55:00,2014-10-29 21:56:00,8.46339,8.46339,8.46339,8.46339,8.46927,8.46926,8.46926,8.46926,1
2014-10-29 21:56:00,2014-10-29 21:57:00,8.46339,8.46339,8.46339,8.46339,8.46926,8.4694,8.4694,8.46939,3
2014-10-29 21:57:00,2014-10-29 21:58:00,8.46339,8.46339,8.46339,8.46339,8.4694,8.46938,8.46969,8.46938,4
2014-10-29 21:58:00,2014-10-29 21:59:00,8.46339,8.46339,8.46339,8.46287,8.46938,8.46936,8.46939,8.46935,5
2014-10-29 21:59:00,2014-10-29 22:00:00,8.46339,8.46339,8.46339,8.46339,8.46936,8.4673,8.4674,8.4668,5
2014-10-29 22:00:00,2014-10-29 22:04:00,8.46339,8.46339,8.46339,8.46339,8.4673,8.4674,8.4674,8.4674,1
2014-10-29 22:04:00,2014-10-29 22:05:00,8.46339,8.46339,8.46339,8.46339,8.4674,8.4673,8.4673,8.4673,1
2014-10-29 22:05:00,2014-10-29 22:08:00,8.46339,8.46376,8.46432,8.46339,8.4673,8.4718,8.472,8.4699,6
2014-10-29 22:08:00,2014-10-29 22:10:00,8.46376,8.46339,8.46342,8.46306,8.4718,8.4673,8.4718,8.4673,6
2014-10-29 22:10:00,2014-10-29 22:11:00,8.46339,8.46338,8.46338,8.46338,8.4673,8.4673,8.4673,8.4673,1
2014-10-29 22:11:00,2014-10-29 22:12:00,8.46338,8.46338,8.46338,8.46249,8.4673,8.4673,8.4673,8.4673,2
2014-10-29 22:12:00,2014-10-29 22:13:00,8.46338,8.46338,8.46338,8.46338,8.4673,8.4672,8.4672,8.4672,1
2014-10-29 22:13:00,2014-10-29 22:14:00,8.46338,8.46338,8.46338,8.46338,8.4672,8.4673,8.4673,8.4673,1
2014-10-29 22:14:00,2014-10-29 22:15:00,8.46338,8.46347,8.46356,8.46347,8.4673,8.4674,8.4675,8.4668,10
2014-10-29 22:15:00,2014-10-29 22:16:00,8.46347,8.46354,8.46354,8.46343,8.4674,8.4673,8.4674,8.4668,4
2014-10-29 22:16:00,2014-10-29 22:17:00,8.46354,8.46338,8.46352,8.46338,8.4673,8.4673,8.4674,8.4668,7
2014-10-29 22:17:00,2014-10-29 22:20:00,8.46338,8.46338,8.46339,8.46338,8.4673,8.4672,8.4673,8.4667,7
2014-10-29 22:20:00,2014-10-29 22:23:00,8.46338,8.46338,8.46338,8.46338,8.4672,8.4672,8.4672,8.4671,4
2014-10-29 22:23:00,2014-10-29 22:25:00,8.46338,8.46338,8.46338,8.46338,8.4672,8.4671,8.4671,8.4671,1
2014-10-29 22:25:00,2014-10-29 22:27:00,8.46338,8.4634,8.4634,8.46338,8.4671,8.467,8.467,8.467,2
2014-10-29 22:27:00,2014-10-29 22:28:00,8.4634,8.46359,8.46359,8.46343,8.467,8.4671,8.4671,8.467,4
2014-10-29 22:28:00,2014-10-29 22:29:00,8.46359,8.46352,8.46359,8.46352,8.4671,8.4671,8.4671,8.467,4
2014-10-29 22:29:00,2014-10-29 22:30:00,8.46352,8.46368,8.46368,8.46356,8.4671,8.467,8.4671,8.467,3
2014-10-29 22:30:00,2014-10-29 22:31:00,8.46368,8.46363,8.46363,8.46363,8.467,8.467,8.467,8.4669,3
2014-10-29 22:31:00,2014-10-29 22:32:00,8.46363,8.46358,8.46366,8.46358,8.467,8.4671,8.4671,8.467,5
2014-10-29 22:32:00,2014-10-29 22:33:00,8.46358,8.46364,8.46371,8.46363,8.4671,8.467,8.4671,8.467,4
2014-10-29 22:33:00,2014-10-29 22:34:00,8.46364,8.46364,8.46373,8.46361,8.467,8.4671,8.4671,8.467,6
2014-10-29 22:34:00,2014-10-29 22:35:00,8.46364,8.46367,8.46367,8.4636,8.4671,8.467,8.4671,8.467,4
2014-10-29 22:35:00,2014-10-29 22:36:00,8.46367,8.46365,8.4637,8.46361,8.467,8.467,8.467,8.467,3
2014-10-29 22:36:00,2014-10-29 22:37:00,8.46365,8.46365,8.46367,8.46365,8.467,8.467,8.467,8.467,2
2014-10-29 22:37:00,2014-10-29 22:38:00,8.46365,8.4636,8.46364,8.4636,8.467,8.4671,8.46918,8.467,5
2014-10-29 22:38:00,2014-10-29 22:39:00,8.4636,8.46367,8.46369,8.46349,8.4671,8.467,8.4671,8.467,11
2014-10-29 22:39:00,2014-10-29 22:40:00,8.46367,8.4636,8.46367,8.4636,8.467,8.4669,8.4671,8.4669,4
2014-10-29 22:40:00,2014-10-29 22:41:00,8.4636,8.46362,8.46364,8.46359,8.4669,8.467,8.467,8.4669,7
2014-10-29 22:41:00,2014-10-29 22:42:00,8.46362,8.46362,8.46364,8.46362,8.467,8.4671,8.4671,8.467,3
2014-10-29 22:42:00,2014-10-29 22:43:00,8.46362,8.46364,8.46364,8.46358,8.4671,8.467,8.467,8.467,3
2014-10-29 22:43:00,2014-10-29 22:44:00,8.46364,8.46351,8.46362,8.46351,8.467,8.467,8.467,8.467,3
2014-10-29 22:44:00,2014-10-29 22:45:00,8.46351,8.46363,8.46366,8.4635,8.467,8.467,8.467,8.467,5
2014-10-29 22:45:00,2014-10-29 22:46:00,8.46363,8.46364,8.46364,8.46363,8.467,8.4671,8.4671,8.4671,2
2014-10-29 22:46:00,2014-10-29 22:47:00,8.46364,8.46363,8.46363,8.46363,8.4671,8.4671,8.4671,8.4671,1
2014-10-29 22:47:00,2014-10-29 22:48:00,8.46363,8.46361,8.46361,8.46361,8.4671,8.467,8.4671,8.467,2
2014-10-29 22:48:00,2014-10-29 22:49:00,8.46361,8.46361,8.46365,8.46361,8.467,8.467,8.467,8.467,2
2014-10-29 22:49:00,2014-10-29 22:50:00,8.46361,8.46363,8.46368,8.46359,8.467,8.4671,8.4671,8.467,11
2014-10-29 22:50:00,2014-10-29 22:51:00,8.46363,8.46365,8.46372,8.46344,8.4671,8.4672,8.4672,8.4671,7
2014-10-29 22:51:00,2014-10-29 22:52:00,8.46365,8.46366,8.46367,8.4636,8.4672,8.4672,8.4672,8.4672,4
2014-10-29 22:52:00,2014-10-29 22:53:00,8.46366,8.46346,8.46362,8.46346,8.4672,8.4673,8.4673,8.4672,3
2014-10-29 22:53:00,2014-10-29 22:54:00,8.46346,8.46352,8.4637,8.46349,8.4673,8.4673,8.4673,8.4672,27
2014-10-29 22:54:00,2014-10-29 22:55:00,8.46352,8.46357,8.46361,8.46352,8.4673,8.4674,8.4675,8.4674,10
2014-10-29 22:55:00,2014-10-29 22:56:00,8.46357,8.46355,8.46357,8.46338,8.4674,8.4674,8.4675,8.4674,6
2014-10-29 22:56:00,2014-10-29 22:57:00,8.46355,8.46366,8.46369,8.46359,8.4674,8.4679,8.4679,8.4674,14
2014-10-29 22:57:00,2014-10-29 22:58:00,8.46366,8.46359,8.46368,8.46354,8.4679,8.4679,8.4679,8.4679,8
2014-10-29 22:58:00,2014-10-29 22:59:00,8.46359,8.46358,8.46363,8.46355,8.4679,8.4679,8.4679,8.4679,3
2014-10-29 22:59:00,2014-10-29 23:00:00,8.46358,8.46355,8.46367,8.46354,8.4679,8.4674,8.4679,8.4674,11
2014-10-29 23:00:00,2014-10-29 23:01:00,8.46355,8.46355,8.46356,8.46352,8.4674,8.4674,8.4674,8.4674,4
2014-10-29 23:01:00,2014-10-29 23:02:00,8.46355,8.46352,8.46357,8.46352,8.4674,8.4674,8.4674,8.4674,4
2014-10-29 23:02:00,2014-10-29 23:03:00,8.46352,8.46357,8.46361,8.46354,8.4674,8.4673,8.4674,8.4673,6
2014-10-29 23:03:00,2014-10-29 23:04:00,8.46357,8.46356,8.46358,8.46353,8.4673,8.4673,8.4673,8.4673,5
2014-10-29 23:04:00,2014-10-29 23:05:00,8.46356,8.46355,8.46355,8.46352,8.4673,8.4675,8.4675,8.4673,5
2014-10-29 23:05:00,2014-10-29 23:06:00,8.46355,8.46355,8.46355,8.46351,8.4675,8.4675,8.4675,8.4675,2
2014-10-29 23:06:00,2014-10-29 23:07:00,8.46355,8.46355,8.46355,8.46355,8.4675,8.4674,8.4674,8.4674,1
2014-10-29 23:07:00,2014-10-29 23:08:00,8.46355,8.46352,8.46359,8.46352,8.4674,8.4671,8.4674,8.467,9
2014-10-29 23:08:00,2014-10-29 23:09:00,8.46352,8.46357,8.46357,8.46354,8.4671,8.4671,8.4671,8.4671,2
2014-10-29 23:09:00,2014-10-29 23:10:00,8.46357,8.4636,8.4636,8.46356,8.4671,8.4671,8.4671,8.4671,2
2014-10-29 23:10:00,2014-10-29 23:11:00,8.4636,8.46356,8.46363,8.46356,8.4671,8.4671,8.4672,8.4671,7
2014-10-29 23:11:00,2014-10-29 23:12:00,8.46356,8.46357,8.46361,8.46355,8.4671,8.4671,8.4672,8.467,28
2014-10-29 23:12:00,2014-10-29 23:13:00,8.46357,8.46357,8.46357,8.46356,8.4671,8.4671,8.4671,8.4671,2
2014-10-29 23:13:00,2014-10-29 23:14:00,8.46357,8.46356,8.46357,8.46356,8.4671,8.4672,8.4672,8.4672,2
2014-10-29 23:14:00,2014-10-29 23:15:00,8.46356,8.46356,8.46356,8.46352,8.4672,8.4672,8.4672,8.4672,3
2014-10-29 23:15:00,2014-10-29 23:16:00,8.46356,8.46356,8.46357,8.46356,8.4672,8.4671,8.4671,8.4671,3
2014-10-29 23:16:00,2014-10-29 23:17:00,8.46356,8.46397,8.46397,8.46357,8.4671,8.4671,8.4671,8.4671,3
2014-10-29 23:17:00,2014-10-29 23:18:00,8.46397,8.46405,8.46405,8.46404,8.4671,8.4671,8.4671,8.4671,2
2014-10-29 23:18:00,2014-10-29 23:19:00,8.46405,8.46411,8.46411,8.46406,8.4671,8.4672,8.46951,8.4671,7
2014-10-29 23:19:00,2014-10-29 23:20:00,8.46411,8.46409,8.46411,8.46408,8.4672,8.4671,8.4671,8.4671,4
2014-10-29 23:20:00,2014-10-29 23:21:00,8.46409,8.46406,8.46406,8.46406,8.4671,8.4671,8.4671,8.4671,1
2014-10-29 23:21:00,2014-10-29 23:22:00,8.46406,8.46403,8.46421,8.46399,8.4671,8.4672,8.4672,8.4671,4
2014-10-29 23:22:00,2014-10-29 23:23:00,8.46403,8.46406,8.46406,8.464,8.4672,8.4672,8.4672,8.4672,3
2014-10-29 23:23:00,2014-10-29 23:24:00,8.46406,8.46338,8.46435,8.46338,8.4672,8.4672,8.4672,8.4672,4
2014-10-29 23:24:00,2014-10-29 23:25:00,8.46338,8.46413,8.46416,8.46409,8.4672,8.46953,8.46953,8.4672,4
2014-10-29 23:25:00,2014-10-29 23:26:00,8.46413,8.46416,8.46417,8.46413,8.46953,8.4671,8.46957,8.4671,6
2014-10-29 23:26:00,2014-10-29 23:27:00,8.46416,8.46412,8.46412,8.46411,8.4671,8.4671,8.4671,8.4671,2
2014-10-29 23:27:00,2014-10-29 23:28:00,8.46412,8.46411,8.46411,8.46404,8.4671,8.4672,8.4672,8.4671,4
2014-10-29 23:28:00,2014-10-29 23:29:00,8.46411,8.46411,8.46422,8.46411,8.4672,8.4672,8.4672,8.4672,2
2014-10-29 23:29:00,2014-10-29 23:30:00,8.46411,8.46423,8.46437,8.46418,8.4672,8.4672,8.4672,8.4672,3
2014-10-29 23:30:00,2014-10-29 23:31:00,8.46423,8.46426,8.46426,8.4642,8.4672,8.4673,8.4673,8.4672,4
2014-10-29 23:31:00,2014-10-29 23:32:00,8.46426,8.46432,8.46432,8.46423,8.4673,8.4674,8.4674,8.4673,5
2014-10-29 23:32:00,2014-10-29 23:33:00,8.46432,8.46433,8.46433,8.46433,8.4674,8.4674,8.4674,8.4674,1
2014-10-29 23:33:00,2014-10-29 23:34:00,8.46433,8.46429,8.46432,8.46429,8.4674,8.4673,8.4676,8.4672,8
2014-10-29 23:34:00,2014-10-29 23:35:00,8.46429,8.46413,8.46429,8.4641,8.4673,8.4671,8.4674,8.4671,8
2014-10-29 23:35:00,2014-10-29 23:36:00,8.46413,8.46406,8.46417,8.46406,8.4671,8.4672,8.4672,8.4672,3
2014-10-29 23:36:00,2014-10-29 23:37:00,8.46406,8.4641,8.46414,8.46406,8.4672,8.4672,8.4672,8.4671,5
2014-10-29 23:37:00,2014-10-29 23:38:00,8.4641,8.46416,8.4642,8.46415,8.4672,8.4672,8.4672,8.4672,3
2014-10-29 23:38:00,2014-10-29 23:39:00,8.46416,8.46417,8.46417,8.4641,8.4672,8.4673,8.4673,8.4672,3
2014-10-29 23:39:00,2014-10-29 23:40:00,8.46417,8.46423,8.46423,8.46419,8.4673,8.4673,8.4673,8.4673,3
2014-10-29 23:40:00,2014-10-29 23:41:00,8.46423,8.46418,8.46422,8.46418,8.4673,8.4673,8.4673,8.4673,2
2014-10-29 23:41:00,2014-10-29 23:42:00,8.46418,8.46417,8.46417,8.46399,8.4673,8.4674,8.4674,8.4673,4
2014-10-29 23:42:00,2014-10-29 23:43:00,8.46417,8.46419,8.46422,8.46419,8.4674,8.4674,8.4674,8.4674,3
2014-10-29 23:43:00,2014-10-29 23:44:00,8.46419,8.46423,8.46427,8.46423,8.4674,8.4674,8.4674,8.4674,2
2014-10-29 23:44:00,2014-10-29 23:45:00,8.46423,8.46424,8.46424,8.46423,8.4674,8.4675,8.4676,8.4675,4
2014-10-29 23:45:00,2014-10-29 23:46:00,8.46424,8.46428,8.46432,8.46428,8.4675,8.4671,8.4676,8.4671,8
2014-10-29 23:46:00,2014-10-29 23:47:00,8.46428,8.46415,8.4643,8.46415,8.4671,8.4669,8.4671,8.4669,9
2014-10-29 23:47:00,2014-10-29 23:48:00,8.46415,8.46412,8.46418,8.46406,8.4669,8.4668,8.4669,8.4668,8
2014-10-29 23:48:00,2014-10-29 23:49:00,8.46412,8.46407,8.46412,8.46407,8.4668,8.4671,8.4671,8.4669,5
2014-10-29 23:49:00,2014-10-29 23:50:00,8.46407,8.46414,8.46417,8.46412,8.4671,8.4671,8.4673,8.4671,6
2014-10-29 23:50:00,2014-10-29 23:51:00,8.46414,8.4642,8.46439,8.46411,8.4671,8.467,8.4671,8.467,7
2014-10-29 23:51:00,2014-10-29 23:52:00,8.4642,8.46417,8.46417,8.46414,8.467,8.467,8.467,8.467,3
2014-10-29 23:52:00,2014-10-29 23:53:00,8.46417,8.46407,8.46417,8.46407,8.467,8.4669,8.4669,8.4668,5
2014-10-29 23:53:00,2014-10-29 23:54:00,8.46407,8.46406,8.46408,8.46403,8.4669,8.4668,8.4669,8.4668,6
2014-10-29 23:54:00,2014-10-29 23:55:00,8.46406,8.46417,8.46417,8.46406,8.4668,8.467,8.467,8.4668,7
2014-10-29 23:55:00,2014-10-29 23:56:00,8.46417,8.46436,8.46469,8.46422,8.467,8.4671,8.4671,8.467,5
2014-10-29 23:56:00,2014-10-29 23:57:00,8.46436,8.46425,8.4643,8.46425,8.4671,8.4671,8.4671,8.467,5
2014-10-29 23:57:00,2014-10-29 23:58:00,8.46425,8.46436,8.46436,8.46431,8.4671,8.4672,8.4672,8.4671,4
2014-10-29 23:58:00,2014-10-29 23:59:00,8.46436,8.46433,8.46439,8.46433,8.4672,8.4671,8.4672,8.4671,4
2014-10-29 23:59:00,2014-10-30 00:00:00,8.46433,8.46426,8.46449,8.46376,8.4671,8.4673,8.4673,8.4672,12
2014-10-30 00:00:00,2014-10-30 00:01:00,8.46426,8.46448,8.46454,8.46448,8.4673,8.4692,8.4693,8.4672,5
2014-10-30 00:01:00,2014-10-30 00:02:00,8.46448,8.46444,8.46444,8.46442,8.4692,8.4691,8.4692,8.4691,6
2014-10-30 00:02:00,2014-10-30 00:03:00,8.46444,8.46445,8.46445,8.46443,8.4691,8.469,8.4691,8.469,5
2014-10-30 00:03:00,2014-10-30 00:04:00,8.46445,8.46383,8.46445,8.46383,8.469,8.4681,8.46982,8.4681,13
2014-10-30 00:04:00,2014-10-30 00:05:00,8.46383,8.464,8.4641,8.46358,8.4681,8.4687,8.4688,8.468,11
2014-10-30 00:05:00,2014-10-30 00:06:00,8.464,8.4641,8.4642,8.4641,8.4687,8.4686,8.4688,8.4686,14
2014-10-30 00:06:00,2014-10-30 00:07:00,8.4641,8.46449,8.4645,8.46387,8.4686,8.4695,8.4696,8.46913,7
2014-10-30 00:07:00,2014-10-30 00:08:00,8.46449,8.46444,8.46447,8.46444,8.4695,8.4696,8.4697,8.4695,5
2014-10-30 00:08:00,2014-10-30 00:09:00,8.46444,8.466,8.466,8.46444,8.4696,8.4696,8.4698,8.4696,8
2014-10-30 00:09:00,2014-10-30 00:10:00,8.466,8.46448,8.4656,8.46448,8.4696,8.469,8.4696,8.4688,17
2014-10-30 00:10:00,2014-10-30 00:11:00,8.46448,8.4645,8.4645,8.46448,8.469,8.4688,8.469,8.4688,10
2014-10-30 00:11:00,2014-10-30 00:12:00,8.4645,8.46443,8.46444,8.46443,8.4688,8.4686,8.4688,8.4686,6
2014-10-30 00:12:00,2014-10-30 00:13:00,8.46443,8.46442,8.46444,8.46442,8.4686,8.4686,8.4686,8.4685,5
2014-10-30 00:13:00,2014-10-30 00:14:00,8.46442,8.46443,8.46443,8.46442,8.4686,8.4687,8.4687,8.4685,4
2014-10-30 00:14:00,2014-10-30 00:15:00,8.46443,8.46442,8.46443,8.46442,8.4687,8.4685,8.4686,8.4685,5
2014-10-30 00:15:00,2014-10-30 00:16:00,8.46442,8.46442,8.46442,8.46442,8.4685,8.4686,8.4686,8.4686,1
2014-10-30 00:16:00,2014-10-30 00:17:00,8.46442,8.46442,8.46443,8.46442,8.4686,8.4686,8.4687,8.4686,4
2014-10-30 00:17:00,2014-10-30 00:18:00,8.46442,8.46442,8.46442,8.46442,8.4686,8.4685,8.4685,8.4685,1
2014-10-30 00:18:00,2014-10-30 00:19:00,8.46442,8.46443,8.46443,8.46436,8.4685,8.4686,8.4686,8.4685,4
2014-10-30 00:19:00,2014-10-30 00:20:00,8.46443,8.46442,8.46442,8.46442,8.4686,8.4686,8.4686,8.4686,1
2014-10-30 00:20:00,2014-10-30 00:21:00,8.46442,8.46441,8.46443,8.46441,8.4686,8.4686,8.4686,8.4686,2
2014-10-30 00:21:00,2014-10-30 00:22:00,8.46441,8.46444,8.46444,8.46442,8.4686,8.4685,8.4686,8.4685,4
2014-10-30 00:22:00,2014-10-30 00:23:00,8.46444,8.46443,8.46449,8.46441,8.4685,8.4685,8.4685,8.4685,3
2014-10-30 00:23:00,2014-10-30 00:24:00,8.46443,8.46443,8.46443,8.46442,8.4685,8.4685,8.4685,8.4685,2
2014-10-30 00:24:00,2014-10-30 00:25:00,8.46443,8.46441,8.46445,8.46441,8.4685,8.4685,8.46983,8.4685,5
2014-10-30 00:25:00,2014-10-30 00:26:00,8.46441,8.46559,8.4656,8.46442,8.4685,8.4688,8.4688,8.4682,13
2014-10-30 00:26:00,2014-10-30 00:27:00,8.46559,8.4648,8.46559,8.4648,8.4688,8.4682,8.4688,8.4681,19
2014-10-30 00:27:00,2014-10-30 00:28:00,8.4648,8.465,8.465,8.4649,8.4682,8.4682,8.4683,8.468,18
2014-10-30 00:28:00,2014-10-30 00:29:00,8.465,8.465,8.465,8.465,8.4682,8.4683,8.4683,8.4682,3
2014-10-30 00:29:00,2014-10-30 00:30:00,8.465,8.465,8.465,8.4649,8.4683,8.4684,8.4684,8.4682,11
2014-10-30 00:30:00,2014-10-30 00:31:00,8.465,8.465,8.465,8.465,8.4684,8.4684,8.4684,8.4683,6
2014-10-30 00:31:00,2014-10-30 00:32:00,8.465,8.465,8.465,8.4649,8.4684,8.4684,8.4684,8.4681,43
2014-10-30 00:32:00,2014-10-30 00:33:00,8.465,8.465,8.4651,8.465,8.4684,8.4683,8.4685,8.4682,26
2014-10-30 00:33:00,2014-10-30 00:34:00,8.465,8.4662,8.4662,8.46335,8.4683,8.4698,8.4698,8.4667,71
2014-10-30 00:34:00,2014-10-30 00:35:00,8.4662,8.4661,8.4661,8.4661,8.4698,8.4698,8.4698,8.4698,1
2014-10-30 00:35:00,2014-10-30 00:36:00,8.4661,8.4657,8.468,8.4653,8.4698,8.46781,8.4703,8.4673,30
2014-10-30 00:36:00,2014-10-30 00:37:00,8.4657,8.4665,8.4666,8.4656,8.46781,8.4698,8.4699,8.46776,16
2014-10-30 00:37:00,2014-10-30 00:38:00,8.4665,8.4663,8.4665,8.4655,8.4698,8.4698,8.4698,8.46741,22
2014-10-30 00:38:00,2014-10-30 00:39:00,8.4663,8.4663,8.4664,8.4663,8.4698,8.4698,8.4698,8.46977,4
2014-10-30 00:39:00,2014-10-30 00:40:00,8.4663,8.4664,8.4665,8.4663,8.4698,8.4697,8.4698,8.4697,5
2014-10-30 00:40:00,2014-10-30 00:41:00,8.4664,8.4664,8.4665,8.4663,8.4697,8.4697,8.4698,8.4696,13
2014-10-30 00:41:00,2014-10-30 00:42:00,8.4664,8.4664,8.4665,8.4664,8.4697,8.4697,8.4698,8.4697,3
2014-10-30 00:42:00,2014-10-30 00:43:00,8.4664,8.4675,8.4675,8.4664,8.4697,8.47004,8.47004,8.4697,16
2014-10-30 00:43:00,2014-10-30 00:44:00,8.4675,8.47042,8.47042,8.4677,8.47004,8.473,8.47326,8.47004,41
2014-10-30 00:44:00,2014-10-30 00:45:00,8.47042,8.47,8.47042,8.47,8.473,8.47267,8.473,8.47267,5
2014-10-30 00:45:00,2014-10-30 00:46:00,8.47,8.4688,8.4701,8.4688,8.47267,8.4723,8.47274,8.4723,12
2014-10-30 00:46:00,2014-10-30 00:47:00,8.4688,8.4688,8.4689,8.4688,8.4723,8.4723,8.4724,8.4723,4
2014-10-30 00:47:00,2014-10-30 00:48:00,8.4688,8.4688,8.4688,8.4687,8.4723,8.4723,8.4723,8.4722,4
2014-10-30 00:48:00,2014-10-30 00:49:00,8.4688,8.4686,8.4688,8.4686,8.4723,8.4721,8.4722,8.4721,4
2014-10-30 00:49:00,2014-10-30 00:50:00,8.4686,8.46983,8.46983,8.4685,8.4721,8.4723,8.4723,8.472,9
2014-10-30 00:50:00,2014-10-30 00:51:00,8.46983,8.46983,8.46983,8.46983,8.4723,8.4724,8.47267,8.4721,5
2014-10-30 00:51:00,2014-10-30 00:52:00,8.46983,8.46983,8.4699,8.4693,8.4724,8.4722,8.47267,8.4719,10
2014-10-30 00:52:00,2014-10-30 00:53:00,8.46983,8.46983,8.46983,8.46983,8.4722,8.4721,8.4721,8.4721,1
2014-10-30 00:53:00,2014-10-30 00:54:00,8.46983,8.468,8.47004,8.4679,8.4721,8.4716,8.47267,8.4716,18
2014-10-30 00:54:00,2014-10-30 00:55:00,8.468,8.4679,8.468,8.4679,8.4716,8.4714,8.4715,8.4714,5
2014-10-30 00:55:00,2014-10-30 00:56:00,8.4679,8.468,8.468,8.468,8.4714,8.4715,8.4715,8.4714,2
2014-10-30 00:56:00,2014-10-30 00:59:00,8.468,8.46884,8.46884,8.4681,8.4715,8.472,8.472,8.4715,7
2014-10-30 00:59:00,2014-10-30 01:00:00,8.46884,8.4683,8.4683,8.4682,8.472,8.4718,8.472,8.4718,3
2014-10-30 01:00:00,2014-10-30 01:02:00,8.4683,8.4683,8.4683,8.4683,8.4718,8.4718,8.4719,8.4718,2
2014-10-30 01:02:00,2014-10-30 01:03:00,8.4683,8.4683,8.4683,8.4683,8.4718,8.4719,8.4719,8.4719,1
2014-10-30 01:03:00,2014-10-30 01:04:00,8.4683,8.4684,8.4684,8.4683,8.4719,8.4719,8.4719,8.4718,3
2014-10-30 01:04:00,2014-10-30 01:05:00,8.4684,8.4688,8.4688,8.4685,8.4719,8.4723,8.4723,8.4719,9
2014-10-30 01:05:00,2014-10-30 01:06:00,8.4688,8.4687,8.4688,8.4687,8.4723,8.4722,8.4722,8.4722,2
2014-10-30 01:06:00,2014-10-30 01:07:00,8.4687,8.4687,8.4688,8.4687,8.4722,8.4722,8.4723,8.4722,4
2014-10-30 01:07:00,2014-10-30 01:08:00,8.4687,8.4686,8.4687,8.4686,8.4722,8.4721,8.4721,8.4721,2
2014-10-30 01:08:00,2014-10-30 01:09:00,8.4686,8.4685,8.4686,8.4685,8.4721,8.472,8.472,8.472,2
2014-10-30 01:09:00,2014-10-30 01:10:00,8.4685,8.46786,8.46786,8.46786,8.472,8.4701,8.4721,8.4701,3
2014-10-30 01:10:00,2014-10-30 01:12:00,8.46786,8.46786,8.46786,8.46786,8.4702,8.4701,8.4701,8.4701,1
2014-10-30 01:12:00,2014-10-30 01:13:00,8.46786,8.46786,8.46786,8.46786,8.4701,8.4701,8.4702,8.4701,2
2014-10-30 01:13:00,2014-10-30 01:14:00,8.46786,8.46786,8.46786,8.46786,8.4701,8.4702,8.4702,8.4702,1
2014-10-30 01:14:00,2014-10-30 01:15:00,8.46786,8.46983,8.46983,8.46773,8.4702,8.4719,8.4719,8.4701,25
2014-10-30 01:15:00,2014-10-30 01:16:00,8.46983,8.46983,8.46983,8.46983,8.4719,8.4719,8.472,8.4718,4
2014-10-30 01:16:00,2014-10-30 01:17:00,8.46983,8.46983,8.46983,8.46983,8.4719,8.4723,8.47267,8.4718,5
2014-10-30 01:17:00,2014-10-30 01:18:00,8.46983,8.47003,8.4701,8.46942,8.4723,8.4726,8.4727,8.4719,16
2014-10-30 01:18:00,2014-10-30 01:19:00,8.47003,8.47188,8.47188,8.47003,8.4726,8.4737,8.4742,8.47287,15
2014-10-30 01:19:00,2014-10-30 01:20:00,8.47188,8.47,8.47188,8.47,8.4737,8.4735,8.4738,8.4735,6
2014-10-30 01:20:00,2014-10-30 01:21:00,8.47,8.4701,8.4701,8.47,8.4735,8.4736,8.4736,8.4736,2
2014-10-30 01:21:00,2014-10-30 01:22:00,8.4701,8.4702,8.4702,8.4702,8.4736,8.4737,8.4737,8.4736,2
2014-10-30 01:22:00,2014-10-30 01:23:00,8.4702,8.4701,8.4702,8.4701,8.4737,8.4736,8.4737,8.4736,6
2014-10-30 01:23:00,2014-10-30 01:24:00,8.4701,8.47064,8.47064,8.4701,8.4736,8.4736,8.4737,8.4736,5
2014-10-30 01:24:00,2014-10-30 01:25:00,8.47064,8.47064,8.47064,8.47064,8.4736,8.4735,8.4735,8.4735,1
2014-10-30 01:25:00,2014-10-30 01:27:00,8.47064,8.47064,8.47064,8.47064,8.4735,8.4735,8.4736,8.4735,2
2014-10-30 01:27:00,2014-10-30 01:28:00,8.47064,8.47064,8.47064,8.47064,8.4735,8.4736,8.4736,8.4736,1
2014-10-30 01:28:00,2014-10-30 01:29:00,8.47064,8.47064,8.47064,8.47064,8.4736,8.4723,8.4725,8.4723,2
2014-10-30 01:29:00,2014-10-30 01:30:00,8.47064,8.47064,8.47064,8.47064,8.4723,8.4722,8.4722,8.4722,1
2014-10-30 01:30:00,2014-10-30 01:31:00,8.47064,8.47064,8.47064,8.47064,8.4722,8.4722,8.4723,8.4722,2
2014-10-30 01:31:00,2014-10-30 01:32:00,8.47064,8.47064,8.47064,8.47064,8.4722,8.4721,8.4723,8.4721,3
2014-10-30 01:32:00,2014-10-30 01:35:00,8.47064,8.47064,8.47064,8.47064,8.4721,8.4722,8.47433,8.4721,5
2014-10-30 01:35:00,2014-10-30 01:36:00,8.47064,8.47064,8.47064,8.47064,8.4722,8.4721,8.4721,8.4721,1
2014-10-30 01:36:00,2014-10-30 01:38:00,8.47064,8.47064,8.47064,8.47064,8.4721,8.4721,8.4722,8.4721,2
2014-10-30 01:38:00,2014-10-30 01:39:00,8.47064,8.47064,8.47064,8.47064,8.4721,8.4721,8.4721,8.472,2
2014-10-30 01:39:00,2014-10-30 01:40:00,8.47064,8.47064,8.47064,8.47064,8.4721,8.472,8.472,8.472,1
2014-10-30 01:40:00,2014-10-30 01:42:00,8.47064,8.46985,8.46985,8.46985,8.472,8.472,8.472,8.472,1
2014-10-30 01:42:00,2014-10-30 01:43:00,8.46985,8.46985,8.46985,8.46985,8.472,8.47415,8.47415,8.47415,1
2014-10-30 01:43:00,2014-10-30 01:45:00,8.46985,8.46995,8.47118,8.46995,8.47415,8.4734,8.47415,8.473,10
2014-10-30 01:45:00,2014-10-30 01:46:00,8.46995,8.47,8.47,8.47,8.4734,8.4735,8.4735,8.4734,2
2014-10-30 01:46:00,2014-10-30 01:48:00,8.4701,8.47,8.4701,8.47,8.4736,8.4735,8.4735,8.4735,2
2014-10-30 01:48:00,2014-10-30 01:52:00,8.4701,8.46995,8.46995,8.46955,8.4736,8.47405,8.4744,8.47405,3
2014-10-30 01:52:00,2014-10-30 01:54:00,8.46995,8.47,8.4701,8.47,8.47405,8.4735,8.4736,8.4735,5
2014-10-30 01:54:00,2014-10-30 01:55:00,8.47,8.4701,8.4701,8.4701,8.4735,8.4736,8.4736,8.4735,2
2014-10-30 01:55:00,2014-10-30 01:56:00,8.4701,8.46359,8.4701,8.46359,8.4736,8.47261,8.47406,8.4708,94
2014-10-30 01:56:00,2014-10-30 01:57:00,8.46359,8.468,8.4685,8.46175,8.47261,8.4716,8.4733,8.4658,78
2014-10-30 01:57:00,2014-10-30 01:58:00,8.468,8.4631,8.4681,8.4631,8.4716,8.4674,8.4705,8.46705,40
2014-10-30 01:58:00,2014-10-30 01:59:00,8.4631,8.46707,8.46707,8.46301,8.4674,8.469,8.4692,8.4674,54
2014-10-30 01:59:00,2014-10-30 02:00:00,8.46707,8.46786,8.46788,8.4669,8.469,8.47311,8.47328,8.469,22
2014-10-30 02:00:00,2014-10-30 02:01:00,8.46786,8.46786,8.46786,8.46786,8.47311,8.47239,8.47275,8.47238,4
2014-10-30 02:01:00,2014-10-30 02:02:00,8.46786,8.4682,8.4682,8.4676,8.47239,8.4708,8.4724,8.4708,10
2014-10-30 02:02:00,2014-10-30 02:03:00,8.4682,8.4681,8.4682,8.4681,8.4708,8.4707,8.4707,8.4707,2
2014-10-30 02:03:00,2014-10-30 02:04:00,8.4681,8.4666,8.46754,8.4666,8.4707,8.47102,8.4712,8.471,8
2014-10-30 02:04:00,2014-10-30 02:05:00,8.4666,8.4666,8.4667,8.4665,8.47102,8.47089,8.47102,8.47089,7
2014-10-30 02:05:00,2014-10-30 02:06:00,8.4666,8.4666,8.4667,8.4666,8.47089,8.4709,8.47093,8.4709,5
2014-10-30 02:06:00,2014-10-30 02:07:00,8.4666,8.4665,8.4665,8.4664,8.4709,8.4708,8.4709,8.47071,6
2014-10-30 02:07:00,2014-10-30 02:08:00,8.4665,8.4666,8.4666,8.4666,8.4708,8.4709,8.4709,8.4708,2
2014-10-30 02:08:00,2014-10-30 02:09:00,8.4666,8.4666,8.4667,8.4666,8.4709,8.4709,8.4711,8.4709,4
2014-10-30 02:09:00,2014-10-30 02:10:00,8.4666,8.4665,8.4666,8.4665,8.4709,8.47086,8.47091,8.47086,3
2014-10-30 02:10:00,2014-10-30 02:11:00,8.4665,8.4665,8.4665,8.4664,8.47086,8.47081,8.47081,8.47077,11
2014-10-30 02:11:00,2014-10-30 02:12:00,8.4665,8.4665,8.4665,8.4664,8.47081,8.47077,8.47081,8.47077,9
2014-10-30 02:12:00,2014-10-30 02:13:00,8.4665,8.4665,8.4666,8.4664,8.47077,8.47075,8.4708,8.47075,7
2014-10-30 02:13:00,2014-10-30 02:14:00,8.4665,8.4666,8.4666,8.4665,8.47075,8.47078,8.47079,8.47077,4
2014-10-30 02:14:00,2014-10-30 02:16:00,8.4666,8.4665,8.4666,8.4665,8.47078,8.47078,8.47078,8.47076,5
2014-10-30 02:16:00,2014-10-30 02:17:00,8.4665,8.4666,8.4666,8.4665,8.47078,8.47085,8.47085,8.47076,4
2014-10-30 02:17:00,2014-10-30 02:18:00,8.4666,8.4674,8.4679,8.4658,8.47085,8.4706,8.4714,8.46941,30
2014-10-30 02:18:00,2014-10-30 02:19:00,8.4674,8.4666,8.4671,8.4666,8.4706,8.47,8.4706,8.47,5
2014-10-30 02:19:00,2014-10-30 02:20:00,8.4666,8.4667,8.4667,8.4667,8.47,8.4701,8.4701,8.47,2
2014-10-30 02:20:00,2014-10-30 02:21:00,8.4667,8.4649,8.46647,8.4649,8.4701,8.4671,8.4701,8.4671,11
2014-10-30 02:21:00,2014-10-30 02:22:00,8.4649,8.46468,8.46488,8.46468,8.4671,8.4666,8.4671,8.4666,6
2014-10-30 02:22:00,2014-10-30 02:24:00,8.46468,8.4644,8.4644,8.4644,8.4666,8.4666,8.4666,8.4666,1
2014-10-30 02:24:00,2014-10-30 02:25:00,8.4644,8.4641,8.465,8.46231,8.4666,8.4671,8.4671,8.4661,23
2014-10-30 02:25:00,2014-10-30 02:27:00,8.4641,8.464,8.4641,8.464,8.4671,8.467,8.467,8.467,2
2014-10-30 02:27:00,2014-10-30 02:28:00,8.464,8.4641,8.4641,8.4641,8.467,8.4671,8.4671,8.467,2
2014-10-30 02:28:00,2014-10-30 02:29:00,8.4641,8.4644,8.4644,8.4642,8.4671,8.46715,8.46715,8.4671,4
2014-10-30 02:29:00,2014-10-30 02:30:00,8.4644,8.4643,8.4643,8.4643,8.46715,8.46715,8.46715,8.46715,1
2014-10-30 02:30:00,2014-10-30 02:31:00,8.4643,8.4643,8.4644,8.4643,8.46715,8.46715,8.46715,8.46715,2
2014-10-30 02:31:00,2014-10-30 02:33:00,8.4643,8.4641,8.4642,8.4641,8.46715,8.46715,8.46715,8.46715,4
2014-10-30 02:33:00,2014-10-30 02:34:00,8.4641,8.464,8.4641,8.464,8.46715,8.467,8.4671,8.467,3
2014-10-30 02:34:00,2014-10-30 02:35:00,8.464,8.464,8.464,8.4639,8.467,8.467,8.467,8.467,2
2014-10-30 02:35:00,2014-10-30 02:38:00,8.464,8.4639,8.4639,8.46372,8.467,8.4669,8.46754,8.4669,2
2014-10-30 02:38:00,2014-10-30 02:39:00,8.4639,8.464,8.464,8.4639,8.4669,8.467,8.467,8.467,2
2014-10-30 02:39:00,2014-10-30 02:40:00,8.464,8.4636,8.464,8.4635,8.467,8.4653,8.46663,8.4653,10
2014-10-30 02:40:00,2014-10-30 02:41:00,8.4636,8.4637,8.4637,8.46341,8.4653,8.4661,8.46673,8.4653,9
2014-10-30 02:41:00,2014-10-30 02:42:00,8.4637,8.4638,8.4638,8.4638,8.4661,8.4662,8.4662,8.4661,2
2014-10-30 02:42:00,2014-10-30 02:44:00,8.4638,8.4637,8.4639,8.4637,8.4662,8.4661,8.4671,8.4661,19
2014-10-30 02:44:00,2014-10-30 02:45:00,8.4637,8.464,8.464,8.4638,8.4661,8.46674,8.46674,8.4661,5
2014-10-30 02:45:00,2014-10-30 02:46:00,8.464,8.4641,8.4641,8.464,8.46674,8.4676,8.46763,8.4675,4
2014-10-30 02:46:00,2014-10-30 02:47:00,8.4641,8.4639,8.4641,8.4639,8.4676,8.4674,8.46758,8.4674,5
2014-10-30 02:47:00,2014-10-30 02:48:00,8.4639,8.4639,8.464,8.4639,8.4674,8.4674,8.4675,8.4674,4
2014-10-30 02:48:00,2014-10-30 02:49:00,8.4639,8.4637,8.4637,8.4637,8.4674,8.4672,8.4674,8.4672,2
2014-10-30 02:49:00,2014-10-30 02:50:00,8.4637,8.4636,8.4637,8.4636,8.4672,8.4671,8.4671,8.4671,2
2014-10-30 02:50:00,2014-10-30 02:51:00,8.4636,8.46352,8.4636,8.46352,8.4671,8.467,8.467,8.467,2
2014-10-30 02:51:00,2014-10-30 02:52:00,8.46352,8.4636,8.4636,8.4635,8.467,8.46715,8.46715,8.467,3
2014-10-30 02:52:00,2014-10-30 02:53:00,8.4636,8.4636,8.4636,8.4635,8.46715,8.4671,8.4671,8.467,5
2014-10-30 02:53:00,2014-10-30 02:54:00,8.4636,8.4635,8.4636,8.4635,8.4671,8.467,8.467,8.467,2
2014-10-30 02:54:00,2014-10-30 02:55:00,8.4635,8.4636,8.4636,8.4636,8.467,8.4671,8.4671,8.467,2
2014-10-30 02:55:00,2014-10-30 02:58:00,8.4637,8.4636,8.4636,8.4636,8.46715,8.4671,8.46715,8.4671,2
2014-10-30 02:58:00,2014-10-30 02:59:00,8.4636,8.4637,8.4637,8.4637,8.4671,8.46715,8.46715,8.4671,2
2014-10-30 02:59:00,2014-10-30 03:00:00,8.4637,8.4636,8.4637,8.4636,8.46715,8.4671,8.4671,8.4671,2
2014-10-30 03:00:00,2014-10-30 03:03:00,8.4636,8.4636,8.4636,8.4635,8.4671,8.4671,8.4671,8.4671,2
2014-10-30 03:03:00,2014-10-30 03:05:00,8.4636,8.4636,8.4636,8.4635,8.4671,8.4671,8.4671,8.467,4
2014-10-30 03:05:00,2014-10-30 03:09:00,8.4636,8.46352,8.46352,8.46285,8.4671,8.46757,8.46757,8.46715,3
2014-10-30 03:09:00,2014-10-30 03:11:00,8.46352,8.46352,8.46352,8.46352,8.46757,8.46758,8.46758,8.46758,1
2014-10-30 03:11:00,2014-10-30 03:12:00,8.46352,8.4637,8.4637,8.4636,8.46758,8.4672,8.4672,8.4672,2
2014-10-30 03:12:00,2014-10-30 03:15:00,8.4637,8.46352,8.46352,8.46276,8.4672,8.46761,8.46761,8.46761,2
2014-10-30 03:15:00,2014-10-30 03:16:00,8.46352,8.4637,8.4637,8.4637,8.46761,8.4672,8.4673,8.4672,2
2014-10-30 03:16:00,2014-10-30 03:19:00,8.4637,8.46352,8.46352,8.46352,8.4672,8.46757,8.46757,8.46757,1
2014-10-30 03:19:00,2014-10-30 03:22:00,8.46352,8.4637,8.4637,8.4636,8.46757,8.4672,8.4672,8.4671,3
2014-10-30 03:22:00,2014-10-30 03:25:00,8.4637,8.46352,8.46352,8.46352,8.4672,8.46751,8.46751,8.46751,1
2014-10-30 03:25:00,2014-10-30 03:26:00,8.46352,8.4646,8.4646,8.4631,8.46751,8.4668,8.46756,8.4663,12
2014-10-30 03:26:00,2014-10-30 03:27:00,8.4646,8.4645,8.4646,8.4645,8.4668,8.4667,8.4669,8.4667,3
2014-10-30 03:27:00,2014-10-30 03:28:00,8.4645,8.4645,8.4646,8.4644,8.4667,8.4667,8.4669,8.4667,5
2014-10-30 03:28:00,2014-10-30 03:29:00,8.4645,8.4646,8.4646,8.4645,8.4667,8.4692,8.4692,8.4667,14
2014-10-30 03:29:00,2014-10-30 03:30:00,8.4646,8.4645,8.4646,8.4645,8.4692,8.4692,8.4693,8.469,13
2014-10-30 03:30:00,2014-10-30 03:31:00,8.4645,8.4647,8.4649,8.4645,8.4692,8.4675,8.4694,8.4675,27
2014-10-30 03:31:00,2014-10-30 03:33:00,8.4647,8.4646,8.4646,8.4645,8.4675,8.4674,8.4675,8.4674,3
2014-10-30 03:33:00,2014-10-30 03:34:00,8.4646,8.4646,8.4646,8.4645,8.4674,8.4674,8.4674,8.4673,3
2014-10-30 03:34:00,2014-10-30 03:35:00,8.4646,8.4643,8.4648,8.4643,8.4674,8.4672,8.4676,8.4672,13
2014-10-30 03:35:00,2014-10-30 03:36:00,8.4643,8.4642,8.4645,8.4642,8.4672,8.4671,8.4673,8.467,7
2014-10-30 03:36:00,2014-10-30 03:38:00,8.4642,8.4642,8.4643,8.4642,8.4672,8.4671,8.4672,8.4671,3
2014-10-30 03:38:00,2014-10-30 03:39:00,8.4642,8.4643,8.4643,8.4642,8.4671,8.4673,8.4673,8.4671,4
2014-10-30 03:39:00,2014-10-30 03:40:00,8.4643,8.4642,8.4644,8.4642,8.4673,8.4671,8.4673,8.4671,4
2014-10-30 03:40:00,2014-10-30 03:41:00,8.4642,8.4641,8.4641,8.4641,8.4671,8.467,8.4671,8.467,2
2014-10-30 03:41:00,2014-10-30 03:43:00,8.4641,8.4641,8.4642,8.4641,8.467,8.467,8.467,8.467,2
2014-10-30 03:43:00,2014-10-30 03:44:00,8.4641,8.4641,8.4642,8.4641,8.467,8.467,8.467,8.467,4
2014-10-30 03:44:00,2014-10-30 03:45:00,8.4641,8.4641,8.4642,8.4641,8.467,8.4669,8.467,8.4669,3
2014-10-30 03:45:00,2014-10-30 03:46:00,8.4641,8.4641,8.4641,8.4641,8.4669,8.467,8.467,8.467,1
2014-10-30 03:46:00,2014-10-30 03:47:00,8.4641,8.4641,8.4642,8.4641,8.467,8.467,8.467,8.4669,4
2014-10-30 03:47:00,2014-10-30 03:48:00,8.4641,8.4642,8.4642,8.4641,8.467,8.4671,8.4671,8.467,4
2014-10-30 03:48:00,2014-10-30 03:50:00,8.4642,8.4643,8.4643,8.4643,8.4671,8.4671,8.4671,8.4671,1
2014-10-30 03:50:00,2014-10-30 03:53:00,8.4643,8.4644,8.4644,8.4629,8.4671,8.4673,8.46778,8.4671,5
2014-10-30 03:53:00,2014-10-30 03:54:00,8.4644,8.4645,8.4645,8.4645,8.4673,8.4673,8.4673,8.4673,1
2014-10-30 03:54:00,2014-10-30 03:57:00,8.4645,8.4643,8.4645,8.4643,8.4673,8.4672,8.4674,8.4672,3
2014-10-30 03:57:00,2014-10-30 03:58:00,8.4643,8.4643,8.4643,8.4643,8.4672,8.4672,8.4673,8.4672,2
2014-10-30 03:58:00,2014-10-30 03:59:00,8.4643,8.4644,8.4644,8.4644,8.4672,8.4672,8.4672,8.4672,1
2014-10-30 03:59:00,2014-10-30 04:00:00,8.4644,8.4644,8.4644,8.4644,8.4672,8.4673,8.4673,8.4673,1
2014-10-30 04:00:00,2014-10-30 04:01:00,8.4644,8.4643,8.4644,8.4643,8.4673,8.4672,8.4673,8.4672,5
2014-10-30 04:01:00,2014-10-30 04:04:00,8.4643,8.4643,8.4643,8.4643,8.4672,8.4673,8.4673,8.4672,3
2014-10-30 04:04:00,2014-10-30 04:05:00,8.4643,8.4643,8.4644,8.4643,8.4673,8.4672,8.4673,8.4672,4
2014-10-30 04:05:00,2014-10-30 04:06:00,8.4643,8.4643,8.4644,8.4643,8.4672,8.4673,8.4673,8.4672,3
2014-10-30 04:06:00,2014-10-30 04:07:00,8.4643,8.4643,8.4643,8.4643,8.4673,8.4672,8.4672,8.4672,1
2014-10-30 04:07:00,2014-10-30 04:08:00,8.4643,8.4642,8.4642,8.4642,8.4672,8.4671,8.4672,8.4671,2
2014-10-30 04:08:00,2014-10-30 04:09:00,8.4642,8.4643,8.4643,8.4643,8.4671,8.4672,8.4672,8.4671,2
2014-10-30 04:09:00,2014-10-30 04:10:00,8.4643,8.4642,8.4643,8.4642,8.4672,8.4671,8.4671,8.4671,2
2014-10-30 04:10:00,2014-10-30 04:11:00,8.4642,8.4642,8.4642,8.4642,8.4671,8.4672,8.4672,8.4672,1
2014-10-30 04:11:00,2014-10-30 04:12:00,8.4642,8.4641,8.4642,8.4641,8.4672,8.467,8.4671,8.467,10
2014-10-30 04:12:00,2014-10-30 04:13:00,8.4641,8.4641,8.4642,8.4641,8.467,8.467,8.4671,8.467,4
2014-10-30 04:13:00,2014-10-30 04:14:00,8.4641,8.4641,8.4641,8.4641,8.467,8.4669,8.467,8.4669,3
2014-10-30 04:14:00,2014-10-30 04:15:00,8.4641,8.4641,8.4641,8.464,8.4669,8.4669,8.4669,8.4669,2
2014-10-30 04:15:00,2014-10-30 04:16:00,8.4641,8.464,8.464,8.464,8.4669,8.4669,8.467,8.4669,2
2014-10-30 04:16:00,2014-10-30 04:19:00,8.464,8.46271,8.46271,8.46271,8.4669,8.4678,8.4678,8.4678,1
2014-10-30 04:19:00,2014-10-30 04:20:00,8.46271,8.46271,8.46272,8.46271,8.4678,8.4678,8.4678,8.4678,2
2014-10-30 04:20:00,2014-10-30 04:21:00,8.46271,8.46277,8.46277,8.46268,8.4678,8.46776,8.46776,8.46773,4
2014-10-30 04:21:00,2014-10-30 04:22:00,8.46277,8.464,8.464,8.4639,8.46776,8.4668,8.4668,8.4668,3
2014-10-30 04:22:00,2014-10-30 04:23:00,8.464,8.464,8.464,8.464,8.4668,8.4669,8.4669,8.4669,1
2014-10-30 04:23:00,2014-10-30 04:24:00,8.464,8.464,8.4641,8.464,8.4669,8.4669,8.4669,8.4669,2
2014-10-30 04:24:00,2014-10-30 04:27:00,8.464,8.46278,8.46282,8.46278,8.4669,8.46769,8.46769,8.46769,2
2014-10-30 04:27:00,2014-10-30 04:28:00,8.46278,8.4641,8.4641,8.46277,8.46769,8.467,8.46769,8.467,2
2014-10-30 04:28:00,2014-10-30 04:29:00,8.4641,8.4633,8.4641,8.4633,8.467,8.4657,8.46618,8.4657,8
2014-10-30 04:29:00,2014-10-30 04:30:00,8.4633,8.4641,8.4641,8.4641,8.4657,8.4669,8.4671,8.4657,5
2014-10-30 04:30:00,2014-10-30 04:31:00,8.4641,8.46095,8.464,8.4606,8.4669,8.4641,8.4669,8.4641,25
2014-10-30 04:31:00,2014-10-30 04:34:00,8.46095,8.4612,8.4612,8.46095,8.4641,8.4647,8.4647,8.4647,3
2014-10-30 04:34:00,2014-10-30 04:36:00,8.4612,8.4612,8.4613,8.4612,8.4647,8.4647,8.4648,8.4647,4
2014-10-30 04:36:00,2014-10-30 04:38:00,8.4612,8.4614,8.4614,8.4611,8.4647,8.4649,8.4649,8.4646,7
2014-10-30 04:38:00,2014-10-30 04:39:00,8.4614,8.462,8.462,8.4614,8.4649,8.4665,8.4667,8.46504,13
2014-10-30 04:39:00,2014-10-30 04:40:00,8.462,8.4619,8.4619,8.4619,8.4665,8.4664,8.4665,8.4664,4
2014-10-30 04:40:00,2014-10-30 04:41:00,8.4619,8.462,8.462,8.4619,8.4664,8.4665,8.4665,8.4665,2
2014-10-30 04:41:00,2014-10-30 04:42:00,8.462,8.462,8.4621,8.462,8.4665,8.4665,8.4666,8.4665,4
2014-10-30 04:42:00,2014-10-30 04:43:00,8.462,8.4621,8.4621,8.462,8.4665,8.4666,8.4666,8.4666,2
2014-10-30 04:43:00,2014-10-30 04:44:00,8.4621,8.4621,8.4621,8.462,8.4666,8.4666,8.4667,8.4666,4
2014-10-30 04:44:00,2014-10-30 04:46:00,8.462,8.4621,8.4621,8.4621,8.4666,8.4666,8.4666,8.4666,1
2014-10-30 04:46:00,2014-10-30 04:47:00,8.4621,8.462,8.462,8.462,8.4666,8.4666,8.4666,8.4666,1
2014-10-30 04:47:00,2014-10-30 04:48:00,8.462,8.46473,8.46473,8.4618,8.4666,8.4671,8.4672,8.4664,19
2014-10-30 04:48:00,2014-10-30 04:49:00,8.46473,8.4761,8.47712,8.4642,8.4671,8.4824,8.4829,8.4675,105
2014-10-30 04:49:00,2014-10-30 04:50:00,8.4761,8.46788,8.4761,8.4644,8.4824,8.47526,8.4822,8.4718,182
2014-10-30 04:50:00,2014-10-30 04:51:00,8.46788,8.4685,8.47051,8.4662,8.47526,8.4731,8.47825,8.47212,145
2014-10-30 04:51:00,2014-10-30 04:52:00,8.4685,8.468,8.4685,8.468,8.4731,8.47403,8.4743,8.47233,18
2014-10-30 04:52:00,2014-10-30 04:53:00,8.468,8.4678,8.468,8.4674,8.47403,8.4745,8.47526,8.47393,15
2014-10-30 04:53:00,2014-10-30 04:54:00,8.4678,8.4663,8.4694,8.4654,8.4745,8.47147,8.47488,8.47147,65
2014-10-30 04:54:00,2014-10-30 04:55:00,8.4663,8.4719,8.4732,8.4657,8.47147,8.4745,8.47528,8.46996,74
2014-10-30 04:55:00,2014-10-30 04:56:00,8.4719,8.4711,8.472,8.4711,8.4745,8.4733,8.4747,8.4733,15
2014-10-30 04:56:00,2014-10-30 04:57:00,8.4711,8.4648,8.4711,8.4648,8.4733,8.47186,8.4732,8.4712,68
2014-10-30 04:57:00,2014-10-30 04:58:00,8.4648,8.4648,8.4648,8.4648,8.47186,8.4716,8.4716,8.4716,1
2014-10-30 04:58:00,2014-10-30 04:59:00,8.4648,8.4648,8.4649,8.4648,8.4716,8.47184,8.47185,8.4713,9
2014-10-30 04:59:00,2014-10-30 05:00:00,8.4648,8.4648,8.4648,8.4648,8.47184,8.47134,8.47134,8.47134,1
2014-10-30 05:00:00,2014-10-30 05:01:00,8.4648,8.4708,8.4708,8.4648,8.47134,8.4726,8.4727,8.47087,19
2014-10-30 05:01:00,2014-10-30 05:02:00,8.4708,8.4708,8.4716,8.46932,8.4726,8.4726,8.47445,8.4726,24
2014-10-30 05:02:00,2014-10-30 05:03:00,8.4708,8.47033,8.471,8.47033,8.4726,8.4722,8.4728,8.4722,7
2014-10-30 05:03:00,2014-10-30 05:04:00,8.47033,8.47033,8.47033,8.47033,8.4722,8.4723,8.4723,8.4722,3
2014-10-30 05:04:00,2014-10-30 05:05:00,8.47033,8.47033,8.47033,8.47033,8.4723,8.4723,8.4724,8.4723,2
2014-10-30 05:05:00,2014-10-30 05:06:00,8.47033,8.4712,8.4712,8.47033,8.4723,8.47317,8.47317,8.4722,6
2014-10-30 05:06:00,2014-10-30 05:07:00,8.4712,8.4671,8.4711,8.4671,8.47317,8.47257,8.47317,8.47245,19
2014-10-30 05:07:00,2014-10-30 05:08:00,8.4671,8.46926,8.4693,8.46552,8.47257,8.4721,8.47304,8.4689,35
2014-10-30 05:08:00,2014-10-30 05:09:00,8.46926,8.46935,8.46936,8.46928,8.4721,8.4722,8.4724,8.4721,10
2014-10-30 05:09:00,2014-10-30 05:10:00,8.46935,8.4686,8.46923,8.4685,8.4722,8.4721,8.4722,8.4721,7
2014-10-30 05:10:00,2014-10-30 05:11:00,8.4686,8.46916,8.4693,8.4686,8.4721,8.4734,8.4738,8.4721,18
2014-10-30 05:11:00,2014-10-30 05:12:00,8.46916,8.46914,8.4693,8.46914,8.4734,8.4734,8.47469,8.4734,8
2014-10-30 05:12:00,2014-10-30 05:13:00,8.46914,8.4698,8.4698,8.46918,8.4734,8.4736,8.4736,8.4734,9
2014-10-30 05:13:00,2014-10-30 05:14:00,8.4698,8.4699,8.4699,8.4699,8.4736,8.4738,8.4738,8.4736,2
2014-10-30 05:14:00,2014-10-30 05:15:00,8.4699,8.4699,8.4699,8.4699,8.4738,8.4737,8.4737,8.4737,1
2014-10-30 05:15:00,2014-10-30 05:16:00,8.4699,8.4699,8.4699,8.4698,8.4737,8.4737,8.4737,8.4736,8
2014-10-30 05:16:00,2014-10-30 05:17:00,8.4699,8.4698,8.4699,8.4698,8.4737,8.4736,8.4736,8.4736,2
2014-10-30 05:17:00,2014-10-30 05:18:00,8.4698,8.4697,8.4699,8.4697,8.4736,8.4736,8.4737,8.4733,9
2014-10-30 05:18:00,2014-10-30 05:19:00,8.4697,8.4696,8.4697,8.4695,8.4736,8.4733,8.4738,8.4733,13
2014-10-30 05:19:00,2014-10-30 05:20:00,8.4696,8.4697,8.4698,8.4696,8.4733,8.4734,8.4738,8.4732,37
2014-10-30 05:20:00,2014-10-30 05:21:00,8.4697,8.4697,8.4698,8.4697,8.4734,8.4734,8.4736,8.4732,3
2014-10-30 05:21:00,2014-10-30 05:22:00,8.4697,8.4697,8.4698,8.4697,8.4734,8.4733,8.4734,8.4733,5
2014-10-30 05:22:00,2014-10-30 05:23:00,8.4697,8.4698,8.4698,8.4697,8.4733,8.4734,8.4737,8.4734,5
2014-10-30 05:23:00,2014-10-30 05:24:00,8.4698,8.4698,8.4698,8.4697,8.4734,8.4734,8.4734,8.4734,2
2014-10-30 05:24:00,2014-10-30 05:25:00,8.4698,8.4698,8.4698,8.4697,8.4734,8.4734,8.4734,8.4733,4
2014-10-30 05:25:00,2014-10-30 05:27:00,8.4698,8.4701,8.47038,8.4693,8.4734,8.4744,8.4749,8.4727,35
2014-10-30 05:27:00,2014-10-30 05:28:00,8.4701,8.46999,8.4701,8.46995,8.4744,8.4742,8.4745,8.4742,13
2014-10-30 05:28:00,2014-10-30 05:29:00,8.46999,8.46996,8.46996,8.46995,8.4742,8.4742,8.4742,8.4742,2
2014-10-30 05:29:00,2014-10-30 05:30:00,8.46996,8.46992,8.46996,8.46991,8.4742,8.4741,8.4741,8.4741,3
2014-10-30 05:30:00,2014-10-30 05:31:00,8.46992,8.46997,8.46997,8.46984,8.4741,8.4741,8.4742,8.4741,5
2014-10-30 05:31:00,2014-10-30 05:32:00,8.46997,8.46996,8.46996,8.46992,8.4741,8.4742,8.4743,8.4741,4
2014-10-30 05:32:00,2014-10-30 05:33:00,8.46996,8.47,8.47,8.46994,8.4742,8.4743,8.4744,8.4742,8
2014-10-30 05:33:00,2014-10-30 05:34:00,8.47,8.46994,8.47,8.4699,8.4743,8.4742,8.4744,8.4742,9
2014-10-30 05:34:00,2014-10-30 05:35:00,8.46994,8.46961,8.46994,8.46961,8.4742,8.4739,8.4742,8.4739,9
2014-10-30 05:35:00,2014-10-30 05:36:00,8.46961,8.46962,8.46962,8.4696,8.4739,8.4739,8.4739,8.4739,2
2014-10-30 05:36:00,2014-10-30 05:37:00,8.46962,8.46961,8.46965,8.4696,8.4739,8.4739,8.4739,8.4739,3
2014-10-30 05:37:00,2014-10-30 05:38:00,8.46961,8.46982,8.4712,8.46982,8.4739,8.474,8.474,8.4739,4
2014-10-30 05:38:00,2014-10-30 05:39:00,8.46982,8.46973,8.46973,8.4697,8.474,8.474,8.474,8.474,2
2014-10-30 05:39:00,2014-10-30 05:40:00,8.46973,8.4698,8.4698,8.4697,8.474,8.4741,8.4741,8.474,4
2014-10-30 05:40:00,2014-10-30 05:41:00,8.4698,8.4697,8.4698,8.4697,8.4741,8.474,8.474,8.474,3
2014-10-30 05:41:00,2014-10-30 05:42:00,8.4697,8.4698,8.4698,8.4698,8.474,8.4741,8.4741,8.474,2
2014-10-30 05:42:00,2014-10-30 05:44:00,8.4698,8.46981,8.46981,8.46981,8.4741,8.4741,8.4741,8.4741,1
2014-10-30 05:44:00,2014-10-30 05:45:00,8.46981,8.4699,8.4699,8.4698,8.4741,8.4742,8.47484,8.4741,3
2014-10-30 05:45:00,2014-10-30 05:46:00,8.4699,8.46993,8.47,8.46993,8.4742,8.4742,8.4743,8.4742,4
2014-10-30 05:46:00,2014-10-30 05:47:00,8.46993,8.4699,8.4699,8.4699,8.4742,8.4742,8.4742,8.4742,1
2014-10-30 05:47:00,2014-10-30 05:49:00,8.4699,8.46989,8.46992,8.46989,8.4742,8.47486,8.47486,8.4742,3
2014-10-30 05:49:00,2014-10-30 05:50:00,8.46989,8.46991,8.46992,8.46991,8.47486,8.47486,8.47486,8.47486,2
2014-10-30 05:50:00,2014-10-30 05:51:00,8.46991,8.46985,8.46992,8.46985,8.47486,8.47486,8.47486,8.47486,2
2014-10-30 05:51:00,2014-10-30 05:52:00,8.46985,8.47,8.47,8.46991,8.47486,8.4743,8.47486,8.4743,3
2014-10-30 05:52:00,2014-10-30 05:53:00,8.47,8.4701,8.4701,8.4701,8.4743,8.4744,8.4744,8.4743,2
2014-10-30 05:53:00,2014-10-30 05:54:00,8.4701,8.47013,8.47013,8.47,8.4744,8.4744,8.4744,8.4743,5
2014-10-30 05:54:00,2014-10-30 05:55:00,8.47013,8.4701,8.4701,8.4701,8.4744,8.4744,8.4744,8.4744,1
2014-10-30 05:55:00,2014-10-30 05:56:00,8.4701,8.4701,8.4702,8.4701,8.4744,8.4744,8.4745,8.4744,8
2014-10-30 05:56:00,2014-10-30 05:57:00,8.4701,8.4699,8.4701,8.4699,8.4744,8.4742,8.4743,8.4742,4
2014-10-30 05:57:00,2014-10-30 05:59:00,8.4699,8.47,8.47,8.47,8.4742,8.4743,8.4743,8.4742,2
2014-10-30 05:59:00,2014-10-30 06:00:00,8.47,8.47,8.4701,8.47,8.4743,8.4743,8.4744,8.4743,4
2014-10-30 06:00:00,2014-10-30 06:01:00,8.47,8.4695,8.471,8.46927,8.4743,8.4724,8.4743,8.4724,23
2014-10-30 06:01:00,2014-10-30 06:02:00,8.4695,8.4695,8.4696,8.4695,8.4724,8.4724,8.4725,8.4724,4
2014-10-30 06:02:00,2014-10-30 06:03:00,8.4695,8.4696,8.4696,8.4695,8.4724,8.4725,8.4725,8.4724,6
2014-10-30 06:03:00,2014-10-30 06:04:00,8.4696,8.471,8.4722,8.4696,8.4725,8.47316,8.4745,8.47316,20
2014-10-30 06:04:00,2014-10-30 06:05:00,8.471,8.4708,8.4708,8.4708,8.47316,8.47316,8.47316,8.47316,1
2014-10-30 06:05:00,2014-10-30 06:06:00,8.4708,8.4708,8.4709,8.4708,8.47316,8.47316,8.47316,8.47316,2
2014-10-30 06:06:00,2014-10-30 06:07:00,8.4708,8.4715,8.4715,8.4714,8.47316,8.4739,8.4739,8.47316,4
2014-10-30 06:07:00,2014-10-30 06:08:00,8.4715,8.4725,8.4726,8.4716,8.4739,8.47496,8.47496,8.4739,21
2014-10-30 06:08:00,2014-10-30 06:09:00,8.4725,8.4729,8.473,8.4724,8.47496,8.47496,8.47496,8.4748,12
2014-10-30 06:09:00,2014-10-30 06:10:00,8.4729,8.4731,8.4731,8.4728,8.47496,8.47497,8.47521,8.47496,14
2014-10-30 06:10:00,2014-10-30 06:11:00,8.4731,8.4731,8.4731,8.473,8.47497,8.47497,8.47497,8.47497,2
2014-10-30 06:11:00,2014-10-30 06:12:00,8.4731,8.4728,8.4728,8.4727,8.47497,8.47447,8.47497,8.47447,5
2014-10-30 06:12:00,2014-10-30 06:13:00,8.4728,8.4718,8.4724,8.4718,8.47447,8.47414,8.4745,8.47414,9
2014-10-30 06:13:00,2014-10-30 06:14:00,8.4718,8.4717,8.4717,8.4717,8.47414,8.47414,8.47414,8.4741,3
2014-10-30 06:14:00,2014-10-30 06:15:00,8.4717,8.4718,8.4718,8.4717,8.47414,8.47414,8.47414,8.4741,3
2014-10-30 06:15:00,2014-10-30 06:16:00,8.4718,8.4717,8.4717,8.4717,8.47414,8.4741,8.4741,8.4741,1
2014-10-30 06:16:00,2014-10-30 06:18:00,8.4717,8.4716,8.4716,8.4716,8.4741,8.474,8.474,8.474,1
2014-10-30 06:18:00,2014-10-30 06:19:00,8.4716,8.4717,8.4717,8.4716,8.474,8.4741,8.4741,8.474,4
2014-10-30 06:19:00,2014-10-30 06:20:00,8.4717,8.4718,8.472,8.4718,8.4741,8.47414,8.47414,8.4741,3
2014-10-30 06:20:00,2014-10-30 06:21:00,8.4718,8.4691,8.4717,8.469,8.47414,8.4735,8.4741,8.47341,18
2014-10-30 06:21:00,2014-10-30 06:22:00,8.4691,8.4703,8.4703,8.4691,8.4735,8.4735,8.47352,8.4735,4
2014-10-30 06:22:00,2014-10-30 06:23:00,8.4703,8.4703,8.4715,8.4703,8.4735,8.4735,8.474,8.47345,11
2014-10-30 06:23:00,2014-10-30 06:24:00,8.4703,8.4694,8.4703,8.4693,8.4735,8.4735,8.4735,8.4732,33
2014-10-30 06:24:00,2014-10-30 06:25:00,8.4694,8.4696,8.4697,8.4693,8.4735,8.4732,8.4735,8.4732,31
2014-10-30 06:25:00,2014-10-30 06:26:00,8.4696,8.4704,8.4705,8.4702,8.4732,8.4736,8.4736,8.473,11
2014-10-30 06:26:00,2014-10-30 06:27:00,8.4704,8.4713,8.4714,8.47,8.4736,8.47316,8.4737,8.4726,24
2014-10-30 06:27:00,2014-10-30 06:28:00,8.4713,8.4715,8.4716,8.4715,8.47316,8.47316,8.4736,8.47316,8
2014-10-30 06:28:00,2014-10-30 06:29:00,8.4715,8.4702,8.47078,8.4702,8.47316,8.4726,8.4732,8.4725,10
2014-10-30 06:29:00,2014-10-30 06:30:00,8.4702,8.4704,8.4704,8.4701,8.4726,8.4731,8.4731,8.4725,5
2014-10-30 06:30:00,2014-10-30 06:31:00,8.4704,8.4704,8.4704,8.4704,8.4731,8.47308,8.47308,8.47302,2
2014-10-30 06:31:00,2014-10-30 06:32:00,8.4704,8.4705,8.4705,8.4704,8.47308,8.473,8.4731,8.473,3
2014-10-30 06:32:00,2014-10-30 06:33:00,8.4705,8.4704,8.4705,8.4704,8.473,8.473,8.4731,8.473,4
2014-10-30 06:33:00,2014-10-30 06:34:00,8.4704,8.4725,8.4725,8.4707,8.473,8.47416,8.47488,8.473,22
2014-10-30 06:34:00,2014-10-30 06:35:00,8.4725,8.4721,8.4725,8.4721,8.47416,8.47416,8.47441,8.47416,11
2014-10-30 06:35:00,2014-10-30 06:36:00,8.4721,8.4722,8.4723,8.472,8.47416,8.4746,8.4748,8.47416,10
2014-10-30 06:36:00,2014-10-30 06:37:00,8.4722,8.4723,8.4723,8.4723,8.4746,8.4747,8.4747,8.4746,2
2014-10-30 06:37:00,2014-10-30 06:38:00,8.4723,8.4722,8.4723,8.4721,8.4747,8.4747,8.4747,8.4746,4
2014-10-30 06:38:00,2014-10-30 06:39:00,8.4722,8.4723,8.4723,8.4722,8.4747,8.4747,8.4747,8.4746,5
2014-10-30 06:39:00,2014-10-30 06:41:00,8.4723,8.4724,8.4724,8.4722,8.4747,8.4748,8.4748,8.4747,8
2014-10-30 06:41:00,2014-10-30 06:42:00,8.4724,8.4723,8.4724,8.4723,8.4748,8.4747,8.4747,8.4747,2
2014-10-30 06:42:00,2014-10-30 06:43:00,8.4723,8.4722,8.4723,8.4721,8.4747,8.4746,8.4747,8.4746,6
2014-10-30 06:43:00,2014-10-30 06:44:00,8.4722,8.4707,8.4721,8.4706,8.4746,8.4742,8.4746,8.4742,15
2014-10-30 06:44:00,2014-10-30 06:45:00,8.4707,8.4709,8.471,8.4708,8.4742,8.4744,8.4746,8.4742,6
2014-10-30 06:45:00,2014-10-30 06:46:00,8.4709,8.471,8.4712,8.4709,8.4744,8.4745,8.47469,8.4745,9
2014-10-30 06:46:00,2014-10-30 06:47:00,8.471,8.4707,8.4709,8.4707,8.4745,8.4743,8.4745,8.47418,12
2014-10-30 06:47:00,2014-10-30 06:48:00,8.4707,8.4707,8.4708,8.4705,8.4743,8.4743,8.4744,8.4741,20
2014-10-30 06:48:00,2014-10-30 06:49:00,8.4707,8.4709,8.4709,8.4705,8.4743,8.4744,8.4745,8.47366,13
2014-10-30 06:49:00,2014-10-30 06:50:00,8.4709,8.4713,8.4713,8.471,8.4744,8.4749,8.4749,8.4744,6
2014-10-30 06:50:00,2014-10-30 06:51:00,8.4713,8.47236,8.47503,8.4714,8.4749,8.4769,8.4778,8.4749,30
2014-10-30 06:51:00,2014-10-30 06:52:00,8.47236,8.47279,8.47279,8.47236,8.4769,8.4769,8.477,8.4769,3
2014-10-30 06:52:00,2014-10-30 06:53:00,8.47279,8.4723,8.47235,8.47208,8.4769,8.4768,8.4769,8.4768,8
2014-10-30 06:53:00,2014-10-30 06:54:00,8.4723,8.47214,8.47296,8.47201,8.4768,8.4768,8.4768,8.4768,13
2014-10-30 06:54:00,2014-10-30 06:55:00,8.47214,8.474,8.4746,8.47239,8.4768,8.4762,8.477,8.4762,63
2014-10-30 06:55:00,2014-10-30 06:56:00,8.474,8.4757,8.4758,8.4732,8.4762,8.4775,8.4776,8.4762,51
2014-10-30 06:56:00,2014-10-30 06:57:00,8.4757,8.476,8.476,8.4754,8.4775,8.4778,8.4778,8.4767,11
2014-10-30 06:57:00,2014-10-30 06:58:00,8.476,8.4761,8.477,8.4761,8.4778,8.4779,8.4794,8.4779,31
2014-10-30 06:58:00,2014-10-30 07:00:00,8.4761,8.47609,8.4763,8.476,8.4779,8.4777,8.4779,8.4777,12
2014-10-30 07:00:00,2014-10-30 07:01:00,8.47609,8.4785,8.47924,8.4758,8.4777,8.4803,8.4808,8.4773,79
2014-10-30 07:01:00,2014-10-30 07:02:00,8.4785,8.47844,8.4795,8.4762,8.4803,8.4801,8.4813,8.4789,155
2014-10-30 07:02:00,2014-10-30 07:03:00,8.47844,8.4793,8.4805,8.4762,8.4801,8.48144,8.4825,8.47975,188
2014-10-30 07:03:00,2014-10-30 07:04:00,8.4793,8.4794,8.4797,8.4793,8.48144,8.48144,8.48163,8.48136,33
2014-10-30 07:04:00,2014-10-30 07:05:00,8.4794,8.4785,8.48,8.4775,8.48144,8.4811,8.4825,8.479,110
2014-10-30 07:05:00,2014-10-30 07:06:00,8.4785,8.4802,8.4802,8.4779,8.4811,8.4819,8.4823,8.4794,46
2014-10-30 07:06:00,2014-10-30 07:07:00,8.4802,8.4814,8.4814,8.4791,8.4819,8.4826,8.4827,8.4805,45
2014-10-30 07:07:00,2014-10-30 07:08:00,8.4814,8.4797,8.4814,8.4785,8.4826,8.4815,8.48259,8.4803,75
2014-10-30 07:08:00,2014-10-30 07:09:00,8.4797,8.4796,8.48,8.4796,8.4815,8.48159,8.48177,8.48128,24
2014-10-30 07:09:00,2014-10-30 07:10:00,8.4796,8.4796,8.4798,8.4794,8.48159,8.4811,8.4819,8.4808,48
2014-10-30 07:10:00,2014-10-30 07:11:00,8.4796,8.4803,8.4805,8.4795,8.4811,8.48166,8.4819,8.4809,77
2014-10-30 07:11:00,2014-10-30 07:12:00,8.4803,8.478,8.4803,8.4775,8.48166,8.47937,8.48158,8.4791,67
2014-10-30 07:12:00,2014-10-30 07:13:00,8.478,8.4779,8.4781,8.4775,8.47937,8.47921,8.47947,8.479,40
2014-10-30 07:13:00,2014-10-30 07:14:00,8.4779,8.4779,8.4781,8.4777,8.47921,8.47926,8.4793,8.4789,25
2014-10-30 07:14:00,2014-10-30 07:15:00,8.4779,8.4778,8.4781,8.4775,8.47926,8.479,8.4793,8.4788,48
2014-10-30 07:15:00,2014-10-30 07:16:00,8.4778,8.4758,8.4779,8.4754,8.479,8.47728,8.47917,8.47691,76
2014-10-30 07:16:00,2014-10-30 07:17:00,8.4758,8.4755,8.4758,8.4755,8.47728,8.47685,8.47737,8.47675,18
2014-10-30 07:17:00,2014-10-30 07:18:00,8.4755,8.4745,8.4755,8.4745,8.47685,8.4752,8.47702,8.4752,20
2014-10-30 07:18:00,2014-10-30 07:19:00,8.4745,8.4744,8.4749,8.47367,8.4752,8.4759,8.4763,8.4749,32
2014-10-30 07:19:00,2014-10-30 07:20:00,8.4744,8.4743,8.4744,8.4742,8.4759,8.4759,8.4759,8.4759,9
2014-10-30 07:20:00,2014-10-30 07:21:00,8.4743,8.4743,8.4744,8.47394,8.4759,8.4759,8.4759,8.47508,19
2014-10-30 07:21:00,2014-10-30 07:22:00,8.4743,8.4742,8.4749,8.4725,8.4759,8.4759,8.4769,8.4744,68
2014-10-30 07:22:00,2014-10-30 07:23:00,8.4742,8.4727,8.47433,8.4726,8.4759,8.47475,8.4762,8.4741,43
2014-10-30 07:23:00,2014-10-30 07:24:00,8.4727,8.4727,8.4728,8.47245,8.47475,8.47475,8.4748,8.4745,28
2014-10-30 07:24:00,2014-10-30 07:25:00,8.4727,8.4727,8.4727,8.4726,8.47475,8.4746,8.4748,8.4746,30
2014-10-30 07:25:00,2014-10-30 07:26:00,8.4727,8.47354,8.4739,8.47247,8.4746,8.4757,8.4757,8.4741,68
2014-10-30 07:26:00,2014-10-30 07:27:00,8.47354,8.4725,8.4738,8.4724,8.4757,8.47425,8.47572,8.4742,100
2014-10-30 07:27:00,2014-10-30 07:28:00,8.4725,8.4734,8.4745,8.4725,8.47425,8.4751,8.4763,8.4743,47
2014-10-30 07:28:00,2014-10-30 07:29:00,8.4734,8.4733,8.4744,8.4729,8.4751,8.4751,8.4762,8.4751,34
2014-10-30 07:29:00,2014-10-30 07:30:00,8.4733,8.4758,8.4758,8.47281,8.4751,8.4763,8.4767,8.4748,81
2014-10-30 07:30:00,2014-10-30 07:31:00,8.4758,8.47502,8.4762,8.4737,8.4763,8.4766,8.4767,8.47551,41
2014-10-30 07:31:00,2014-10-30 07:32:00,8.47502,8.4749,8.4751,8.4749,8.4766,8.4762,8.4766,8.4759,13
2014-10-30 07:32:00,2014-10-30 07:33:00,8.4749,8.4749,8.4749,8.4749,8.4762,8.4766,8.4766,8.4763,2
2014-10-30 07:33:00,2014-10-30 07:34:00,8.4749,8.4753,8.4754,8.4752,8.4766,8.47661,8.47689,8.4766,12
2014-10-30 07:34:00,2014-10-30 07:35:00,8.4753,8.4752,8.4752,8.4752,8.47661,8.47661,8.47661,8.47661,1
2014-10-30 07:35:00,2014-10-30 07:36:00,8.4752,8.4744,8.4752,8.4734,8.47661,8.47609,8.47657,8.47489,26
2014-10-30 07:36:00,2014-10-30 07:37:00,8.4744,8.47503,8.4752,8.4733,8.47609,8.47662,8.4769,8.47479,39
2014-10-30 07:37:00,2014-10-30 07:38:00,8.47503,8.47504,8.47517,8.473,8.47662,8.4765,8.4766,8.4757,39
2014-10-30 07:38:00,2014-10-30 07:39:00,8.47504,8.47503,8.4752,8.47392,8.4765,8.47664,8.4767,8.4761,28
2014-10-30 07:39:00,2014-10-30 07:40:00,8.47503,8.4752,8.4752,8.4745,8.47664,8.47628,8.47671,8.47628,15
2014-10-30 07:40:00,2014-10-30 07:41:00,8.4752,8.4752,8.4755,8.4733,8.47628,8.47628,8.4769,8.4747,71
2014-10-30 07:41:00,2014-10-30 07:42:00,8.4752,8.4731,8.4753,8.4722,8.47628,8.47415,8.47634,8.47262,139
2014-10-30 07:42:00,2014-10-30 07:43:00,8.4731,8.471,8.4732,8.4709,8.47415,8.47238,8.4752,8.47173,95
2014-10-30 07:43:00,2014-10-30 07:44:00,8.471,8.4712,8.4714,8.471,8.47238,8.47238,8.47285,8.4723,62
2014-10-30 07:44:00,2014-10-30 07:45:00,8.4712,8.4708,8.4712,8.4708,8.47238,8.4723,8.4726,8.4723,36
2014-10-30 07:45:00,2014-10-30 07:46:00,8.4708,8.4709,8.47102,8.4704,8.4723,8.4724,8.47273,8.4718,37
2014-10-30 07:46:00,2014-10-30 07:47:00,8.4709,8.47099,8.4713,8.4708,8.4724,8.47248,8.4728,8.4723,35
2014-10-30 07:47:00,2014-10-30 07:48:00,8.47099,8.471,8.4712,8.47086,8.47248,8.47248,8.47248,8.47248,12
2014-10-30 07:48:00,2014-10-30 07:49:00,8.471,8.4714,8.4714,8.471,8.47248,8.47248,8.47248,8.47248,6
2014-10-30 07:49:00,2014-10-30 07:50:00,8.4714,8.47052,8.47093,8.47,8.47248,8.4722,8.47248,8.4714,54
2014-10-30 07:50:00,2014-10-30 07:51:00,8.47052,8.4707,8.471,8.4704,8.4722,8.4723,8.4725,8.4721,42
2014-10-30 07:51:00,2014-10-30 07:52:00,8.4707,8.4672,8.4708,8.4671,8.4723,8.46884,8.47238,8.46884,132
2014-10-30 07:52:00,2014-10-30 07:53:00,8.4672,8.4688,8.4694,8.46688,8.46884,8.4697,8.471,8.4687,181
2014-10-30 07:53:00,2014-10-30 07:54:00,8.4688,8.4705,8.4714,8.4688,8.4697,8.47219,8.47289,8.4698,135
2014-10-30 07:54:00,2014-10-30 07:55:00,8.4705,8.4693,8.4705,8.4691,8.47219,8.4705,8.47219,8.47012,41
2014-10-30 07:55:00,2014-10-30 07:56:00,8.4693,8.4692,8.4692,8.4688,8.4705,8.47023,8.4705,8.47023,8
2014-10-30 07:56:00,2014-10-30 07:57:00,8.4692,8.4692,8.4693,8.4691,8.47023,8.47023,8.47023,8.47023,3
2014-10-30 07:57:00,2014-10-30 07:58:00,8.4692,8.471,8.471,8.4687,8.47023,8.47232,8.47232,8.4699,60
2014-10-30 07:58:00,2014-10-30 07:59:00,8.471,8.47046,8.4712,8.47046,8.47232,8.4721,8.4729,8.4721,31
2014-10-30 07:59:00,2014-10-30 08:00:00,8.47046,8.471,8.4715,8.4701,8.4721,8.4727,8.4729,8.4716,76
2014-10-30 08:00:00,2014-10-30 08:01:00,8.471,8.4689,8.47091,8.4681,8.4727,8.47043,8.4726,8.46899,112
2014-10-30 08:01:00,2014-10-30 08:02:00,8.4689,8.4709,8.4713,8.46849,8.47043,8.4723,8.47248,8.47013,99
2014-10-30 08:02:00,2014-10-30 08:03:00,8.4709,8.4686,8.4708,8.4684,8.4723,8.4699,8.4723,8.4699,99
2014-10-30 08:03:00,2014-10-30 08:04:00,8.4686,8.4696,8.4698,8.4686,8.4699,8.471,8.4711,8.4699,59
2014-10-30 08:04:00,2014-10-30 08:05:00,8.4696,8.4685,8.4708,8.46815,8.471,8.47062,8.4719,8.47,106
2014-10-30 08:05:00,2014-10-30 08:06:00,8.4685,8.46532,8.4689,8.46462,8.47062,8.4672,8.47062,8.46629,218
2014-10-30 08:06:00,2014-10-30 08:07:00,8.46532,8.4651,8.46577,8.4633,8.4672,8.4668,8.46723,8.46493,146
2014-10-30 08:07:00,2014-10-30 08:08:00,8.4651,8.4617,8.4655,8.4617,8.4668,8.46333,8.46719,8.46333,116
2014-10-30 08:08:00,2014-10-30 08:09:00,8.4617,8.46,8.4619,8.46,8.46333,8.46146,8.46323,8.46146,39
2014-10-30 08:09:00,2014-10-30 08:10:00,8.46,8.4598,8.46,8.4598,8.46146,8.46122,8.46152,8.46122,10
2014-10-30 08:10:00,2014-10-30 08:11:00,8.4598,8.4596,8.4597,8.4596,8.46122,8.46113,8.46123,8.461,13
2014-10-30 08:11:00,2014-10-30 08:12:00,8.4596,8.4596,8.4598,8.4596,8.46113,8.46104,8.46115,8.4607,23
2014-10-30 08:12:00,2014-10-30 08:13:00,8.4596,8.4597,8.46,8.4596,8.46104,8.46114,8.46146,8.461,31
2014-10-30 08:13:00,2014-10-30 08:14:00,8.4597,8.46022,8.4608,8.4597,8.46114,8.4612,8.46208,8.4612,53
2014-10-30 08:14:00,2014-10-30 08:15:00,8.46022,8.4602,8.4607,8.46001,8.4612,8.46177,8.462,8.4612,55
2014-10-30 08:15:00,2014-10-30 08:16:00,8.4602,8.46012,8.4602,8.46012,8.46177,8.4615,8.4618,8.4615,26
2014-10-30 08:16:00,2014-10-30 08:17:00,8.46012,8.46012,8.4604,8.46012,8.4615,8.4612,8.4617,8.4612,22
2014-10-30 08:17:00,2014-10-30 08:18:00,8.46012,8.4563,8.4602,8.45604,8.4612,8.4584,8.4613,8.45834,64
2014-10-30 08:18:00,2014-10-30 08:19:00,8.4563,8.45762,8.4594,8.4553,8.4584,8.45926,8.4612,8.45692,214
2014-10-30 08:19:00,2014-10-30 08:20:00,8.45762,8.4571,8.4577,8.4548,8.45926,8.4588,8.45941,8.4563,302
2014-10-30 08:20:00,2014-10-30 08:21:00,8.4571,8.4579,8.45818,8.4572,8.4588,8.4596,8.4596,8.4589,79
2014-10-30 08:21:00,2014-10-30 08:22:00,8.4579,8.4577,8.45794,8.4577,8.4596,8.4589,8.4596,8.4589,24
2014-10-30 08:22:00,2014-10-30 08:23:00,8.4577,8.4589,8.459,8.4578,8.4589,8.4603,8.4603,8.4589,13
2014-10-30 08:23:00,2014-10-30 08:24:00,8.4589,8.45809,8.459,8.4577,8.4603,8.45958,8.4603,8.45898,37
2014-10-30 08:24:00,2014-10-30 08:25:00,8.45809,8.4579,8.45797,8.45774,8.45958,8.4594,8.45958,8.4593,22
2014-10-30 08:25:00,2014-10-30 08:26:00,8.4579,8.4577,8.4579,8.4576,8.4594,8.45938,8.4595,8.45913,25
2014-10-30 08:26:00,2014-10-30 08:27:00,8.4577,8.45851,8.4586,8.4577,8.45938,8.45963,8.45974,8.4593,32
2014-10-30 08:27:00,2014-10-30 08:28:00,8.45851,8.4582,8.45851,8.4581,8.45963,8.45963,8.45965,8.45963,6
2014-10-30 08:28:00,2014-10-30 08:29:00,8.4582,8.45842,8.45842,8.4582,8.45963,8.4598,8.4601,8.45964,11
2014-10-30 08:29:00,2014-10-30 08:30:00,8.45842,8.4578,8.4582,8.4576,8.4598,8.45943,8.4598,8.4591,33
2014-10-30 08:30:00,2014-10-30 08:31:00,8.4578,8.4586,8.4591,8.4578,8.45943,8.4602,8.4607,8.4595,68
2014-10-30 08:31:00,2014-10-30 08:32:00,8.4586,8.4594,8.4598,8.4586,8.4602,8.46072,8.46158,8.46022,34
2014-10-30 08:32:00,2014-10-30 08:33:00,8.4594,8.4586,8.4598,8.45841,8.46072,8.4602,8.46157,8.4601,48
2014-10-30 08:33:00,2014-10-30 08:34:00,8.4586,8.45895,8.4592,8.45838,8.4602,8.46008,8.4608,8.4599,43
2014-10-30 08:34:00,2014-10-30 08:35:00,8.45895,8.45911,8.45915,8.45896,8.46008,8.4603,8.4603,8.46008,13
2014-10-30 08:35:00,2014-10-30 08:36:00,8.45911,8.45903,8.45912,8.459,8.4603,8.4605,8.4605,8.46013,10
2014-10-30 08:36:00,2014-10-30 08:37:00,8.45903,8.4591,8.45912,8.459,8.4605,8.46053,8.46053,8.4604,11
2014-10-30 08:37:00,2014-10-30 08:38:00,8.4591,8.45992,8.4616,8.45959,8.46053,8.4611,8.4625,8.46053,101
2014-10-30 08:38:00,2014-10-30 08:39:00,8.45992,8.4596,8.4607,8.4596,8.4611,8.4609,8.4617,8.46068,45
2014-10-30 08:39:00,2014-10-30 08:40:00,8.4596,8.4596,8.4596,8.4596,8.4609,8.46113,8.46116,8.4608,7
2014-10-30 08:40:00,2014-10-30 08:41:00,8.4596,8.45637,8.4596,8.4557,8.46113,8.4579,8.46112,8.4572,81
2014-10-30 08:41:00,2014-10-30 08:42:00,8.45637,8.4538,8.45637,8.4532,8.4579,8.4555,8.4577,8.4545,146
2014-10-30 08:42:00,2014-10-30 08:43:00,8.4538,8.45397,8.4547,8.45377,8.4555,8.45548,8.45579,8.4547,55
2014-10-30 08:43:00,2014-10-30 08:44:00,8.45397,8.4535,8.45397,8.4535,8.45548,8.45493,8.4555,8.45493,31
2014-10-30 08:44:00,2014-10-30 08:45:00,8.4535,8.45412,8.4548,8.4535,8.45493,8.45513,8.45516,8.45493,27
2014-10-30 08:45:00,2014-10-30 08:46:00,8.45412,8.45397,8.45424,8.45362,8.45513,8.45533,8.45572,8.455,62
2014-10-30 08:46:00,2014-10-30 08:47:00,8.45397,8.45387,8.4542,8.45387,8.45533,8.45535,8.45558,8.45533,17
2014-10-30 08:47:00,2014-10-30 08:48:00,8.45387,8.45405,8.45453,8.4534,8.45535,8.4557,8.4566,8.45484,68
2014-10-30 08:48:00,2014-10-30 08:49:00,8.45405,8.454,8.45448,8.4536,8.4557,8.4553,8.4566,8.4551,40
2014-10-30 08:49:00,2014-10-30 08:50:00,8.454,8.456,8.456,8.4538,8.4553,8.45751,8.4582,8.4553,146
2014-10-30 08:50:00,2014-10-30 08:51:00,8.456,8.45532,8.4565,8.45519,8.45751,8.45705,8.4577,8.45683,37
2014-10-30 08:51:00,2014-10-30 08:52:00,8.45532,8.45548,8.45569,8.45513,8.45705,8.4575,8.45767,8.45694,35
2014-10-30 08:52:00,2014-10-30 08:53:00,8.45548,8.4561,8.4561,8.4558,8.4575,8.4577,8.45773,8.4575,58
2014-10-30 08:53:00,2014-10-30 08:54:00,8.4561,8.4554,8.4563,8.455,8.4577,8.45687,8.458,8.4566,69
2014-10-30 08:54:00,2014-10-30 08:55:00,8.4554,8.45602,8.4566,8.4554,8.45687,8.4577,8.4583,8.45638,52
2014-10-30 08:55:00,2014-10-30 08:56:00,8.45602,8.45566,8.45647,8.45546,8.4577,8.45742,8.45797,8.4573,55
2014-10-30 08:56:00,2014-10-30 08:57:00,8.45566,8.45676,8.45676,8.45556,8.45742,8.4579,8.4581,8.45742,26
2014-10-30 08:57:00,2014-10-30 08:58:00,8.45676,8.456,8.4563,8.4554,8.4579,8.45768,8.4579,8.4571,52
2014-10-30 08:58:00,2014-10-30 08:59:00,8.456,8.4542,8.456,8.4542,8.45768,8.45561,8.45768,8.45505,57
2014-10-30 08:59:00,2014-10-30 09:00:00,8.4542,8.4448,8.4539,8.4441,8.45561,8.44641,8.45561,8.44641,203
2014-10-30 09:00:00,2014-10-30 09:01:00,8.4448,8.44897,8.4491,8.4442,8.44641,8.4503,8.4508,8.4464,156
2014-10-30 09:01:00,2014-10-30 09:02:00,8.44897,8.45257,8.45257,8.4487,8.4503,8.45343,8.4536,8.4503,89
2014-10-30 09:02:00,2014-10-30 09:03:00,8.45257,8.4498,8.4528,8.4498,8.45343,8.45132,8.454,8.45132,68
2014-10-30 09:03:00,2014-10-30 09:04:00,8.4498,8.4497,8.4501,8.4497,8.45132,8.45096,8.45137,8.45096,21
2014-10-30 09:04:00,2014-10-30 09:05:00,8.4497,8.4498,8.4498,8.4498,8.45096,8.45096,8.45096,8.45096,1
2014-10-30 09:05:00,2014-10-30 09:06:00,8.4498,8.4511,8.4512,8.4499,8.45096,8.45256,8.45272,8.45096,69
2014-10-30 09:06:00,2014-10-30 09:07:00,8.4511,8.4518,8.4518,8.45087,8.45256,8.45315,8.45328,8.45256,86
2014-10-30 09:07:00,2014-10-30 09:08:00,8.4518,8.4525,8.453,8.45125,8.45315,8.45385,8.4546,8.45279,104
2014-10-30 09:08:00,2014-10-30 09:09:00,8.4525,8.4524,8.4535,8.4524,8.45385,8.45391,8.4549,8.45346,45
2014-10-30 09:09:00,2014-10-30 09:10:00,8.4524,8.4525,8.4531,8.4518,8.45391,8.45386,8.45478,8.45298,83
2014-10-30 09:10:00,2014-10-30 09:11:00,8.4525,8.45552,8.45552,8.45241,8.45386,8.45662,8.4568,8.45388,94
2014-10-30 09:11:00,2014-10-30 09:12:00,8.45552,8.45491,8.45552,8.4543,8.45662,8.45559,8.45659,8.45559,17
2014-10-30 09:12:00,2014-10-30 09:13:00,8.45491,8.45491,8.45491,8.45491,8.45559,8.4556,8.4557,8.45557,11
2014-10-30 09:13:00,2014-10-30 09:14:00,8.45491,8.45491,8.45491,8.45471,8.4556,8.45559,8.45559,8.4554,14
2014-10-30 09:14:00,2014-10-30 09:15:00,8.45491,8.4553,8.4562,8.45432,8.45559,8.45674,8.45674,8.45554,88
2014-10-30 09:15:00,2014-10-30 09:16:00,8.4553,8.45562,8.45562,8.4551,8.45674,8.45692,8.45692,8.4563,61
2014-10-30 09:16:00,2014-10-30 09:17:00,8.45562,8.455,8.45632,8.4549,8.45692,8.45658,8.4575,8.4565,31
2014-10-30 09:17:00,2014-10-30 09:18:00,8.455,8.45567,8.4558,8.45487,8.45658,8.45669,8.45746,8.45643,85
2014-10-30 09:18:00,2014-10-30 09:19:00,8.45567,8.45567,8.45567,8.45567,8.45669,8.4567,8.4567,8.4567,1
2014-10-30 09:19:00,2014-10-30 09:20:00,8.45567,8.45567,8.45567,8.45567,8.4567,8.4568,8.4568,8.4567,3
2014-10-30 09:20:00,2014-10-30 09:21:00,8.45567,8.4557,8.4562,8.4555,8.4568,8.45695,8.45753,8.4568,14
2014-10-30 09:21:00,2014-10-30 09:22:00,8.4557,8.4557,8.4557,8.4553,8.45695,8.4571,8.4571,8.45695,7
2014-10-30 09:22:00,2014-10-30 09:23:00,8.4557,8.4557,8.4558,8.4556,8.4571,8.4571,8.4571,8.457,10
2014-10-30 09:23:00,2014-10-30 09:24:00,8.4557,8.45496,8.4555,8.45495,8.4571,8.45647,8.4571,8.45647,16
2014-10-30 09:24:00,2014-10-30 09:25:00,8.45496,8.4551,8.4551,8.45493,8.45647,8.45647,8.45647,8.45647,4
2014-10-30 09:25:00,2014-10-30 09:26:00,8.4551,8.45525,8.45552,8.4551,8.45647,8.4569,8.4571,8.45647,23
2014-10-30 09:26:00,2014-10-30 09:27:00,8.45525,8.45507,8.45528,8.45507,8.4569,8.4564,8.457,8.4564,12
2014-10-30 09:27:00,2014-10-30 09:28:00,8.45507,8.4547,8.4551,8.45396,8.4564,8.4559,8.45693,8.4556,46
2014-10-30 09:28:00,2014-10-30 09:29:00,8.4547,8.44785,8.4547,8.44785,8.4559,8.45013,8.4559,8.45013,228
2014-10-30 09:29:00,2014-10-30 09:30:00,8.44785,8.45207,8.45207,8.44735,8.45013,8.45351,8.45378,8.44965,237
2014-10-30 09:30:00,2014-10-30 09:31:00,8.45207,8.4532,8.4535,8.45209,8.45351,8.45487,8.45498,8.45351,28
2014-10-30 09:31:00,2014-10-30 09:32:00,8.4532,8.4533,8.454,8.4526,8.45487,8.45446,8.45532,8.45407,89
2014-10-30 09:32:00,2014-10-30 09:33:00,8.4533,8.45258,8.4538,8.4524,8.45446,8.45391,8.4548,8.45388,24
2014-10-30 09:33:00,2014-10-30 09:34:00,8.45258,8.45417,8.455,8.45258,8.45391,8.45567,8.4562,8.45392,64
2014-10-30 09:34:00,2014-10-30 09:35:00,8.45417,8.45378,8.45417,8.45378,8.45567,8.45527,8.45543,8.45477,16
2014-10-30 09:35:00,2014-10-30 09:36:00,8.45378,8.4522,8.45378,8.4503,8.45527,8.4534,8.45527,8.45201,70
2014-10-30 09:36:00,2014-10-30 09:37:00,8.4522,8.4501,8.4525,8.44999,8.4534,8.452,8.45371,8.4517,122
2014-10-30 09:37:00,2014-10-30 09:38:00,8.4501,8.45233,8.4528,8.4501,8.452,8.45328,8.4537,8.45143,112
2014-10-30 09:38:00,2014-10-30 09:39:00,8.45233,8.45431,8.45447,8.45233,8.45328,8.4554,8.4557,8.45324,49
2014-10-30 09:39:00,2014-10-30 09:40:00,8.45431,8.456,8.456,8.4543,8.4554,8.4569,8.4569,8.45538,43
2014-10-30 09:40:00,2014-10-30 09:41:00,8.456,8.45518,8.45652,8.45518,8.4569,8.4565,8.4575,8.4565,21
2014-10-30 09:41:00,2014-10-30 09:42:00,8.45518,8.4553,8.4558,8.4548,8.4565,8.4567,8.4574,8.4562,49
2014-10-30 09:42:00,2014-10-30 09:43:00,8.4553,8.4555,8.4555,8.4553,8.4567,8.4569,8.4569,8.4567,12
2014-10-30 09:43:00,2014-10-30 09:44:00,8.4555,8.45617,8.45617,8.45537,8.4569,8.4572,8.4572,8.4567,19
2014-10-30 09:44:00,2014-10-30 09:45:00,8.45617,8.45538,8.45617,8.4549,8.4572,8.4565,8.4571,8.4561,38
2014-10-30 09:45:00,2014-10-30 09:46:00,8.45538,8.4554,8.4558,8.45535,8.4565,8.4566,8.4569,8.4565,30
2014-10-30 09:46:00,2014-10-30 09:47:00,8.4554,8.45676,8.4571,8.45544,8.4566,8.4581,8.45813,8.4566,78
2014-10-30 09:47:00,2014-10-30 09:48:00,8.45676,8.4584,8.45945,8.45678,8.4581,8.4597,8.46139,8.4581,75
2014-10-30 09:48:00,2014-10-30 09:49:00,8.4584,8.4585,8.4585,8.45839,8.4597,8.4597,8.4598,8.4597,6
2014-10-30 09:49:00,2014-10-30 09:50:00,8.4585,8.4612,8.4612,8.45845,8.4597,8.4627,8.4627,8.4597,92
2014-10-30 09:50:00,2014-10-30 09:51:00,8.4612,8.4625,8.4629,8.461,8.4627,8.46388,8.464,8.4627,81
2014-10-30 09:51:00,2014-10-30 09:52:00,8.4625,8.4625,8.4633,8.46241,8.46388,8.4639,8.4647,8.46388,28
2014-10-30 09:52:00,2014-10-30 09:53:00,8.4625,8.46252,8.46337,8.4624,8.4639,8.464,8.4647,8.4639,58
2014-10-30 09:53:00,2014-10-30 09:54:00,8.46252,8.46237,8.46336,8.46193,8.464,8.4637,8.4647,8.4633,56
2014-10-30 09:54:00,2014-10-30 09:55:00,8.46237,8.46278,8.46278,8.46237,8.4637,8.4638,8.4639,8.4636,17
2014-10-30 09:55:00,2014-10-30 09:56:00,8.46278,8.46293,8.463,8.4627,8.4638,8.4643,8.4644,8.4639,23
2014-10-30 09:56:00,2014-10-30 09:57:00,8.46293,8.46266,8.4636,8.46228,8.4643,8.4637,8.4648,8.4637,33
2014-10-30 09:57:00,2014-10-30 09:58:00,8.46266,8.4629,8.4633,8.46247,8.4637,8.4643,8.4647,8.46373,31
2014-10-30 09:58:00,2014-10-30 09:59:00,8.4629,8.4623,8.4629,8.4623,8.4643,8.4637,8.46405,8.4637,11
2014-10-30 09:59:00,2014-10-30 10:00:00,8.4623,8.46314,8.46314,8.46249,8.4637,8.4643,8.4643,8.4636,12
2014-10-30 10:00:00,2014-10-30 10:02:00,8.46314,8.46314,8.46314,8.46314,8.4643,8.4648,8.4648,8.4647,6
2014-10-30 10:02:00,2014-10-30 10:03:00,8.46314,8.4614,8.46314,8.4607,8.4648,8.4628,8.46443,8.4624,101
2014-10-30 10:03:00,2014-10-30 10:04:00,8.4614,8.4613,8.46294,8.4613,8.4628,8.4627,8.464,8.4627,48
2014-10-30 10:04:00,2014-10-30 10:05:00,8.4613,8.4613,8.4615,8.4612,8.4627,8.4627,8.46303,8.4626,21
2014-10-30 10:05:00,2014-10-30 10:06:00,8.4613,8.46142,8.4615,8.46044,8.4627,8.4623,8.4629,8.4613,51
2014-10-30 10:06:00,2014-10-30 10:07:00,8.46142,8.46119,8.46142,8.46119,8.4623,8.4623,8.4624,8.4621,13
2014-10-30 10:07:00,2014-10-30 10:08:00,8.46119,8.4616,8.4631,8.46119,8.4623,8.4634,8.4644,8.462,111
2014-10-30 10:08:00,2014-10-30 10:09:00,8.4616,8.46281,8.46293,8.4615,8.4634,8.4641,8.4641,8.4634,11
2014-10-30 10:09:00,2014-10-30 10:10:00,8.46281,8.46306,8.46306,8.46306,8.4641,8.4641,8.4641,8.4641,1
2014-10-30 10:10:00,2014-10-30 10:11:00,8.46306,8.4633,8.4634,8.46271,8.4641,8.46485,8.46487,8.4641,25
2014-10-30 10:11:00,2014-10-30 10:12:00,8.4633,8.464,8.4652,8.4634,8.46485,8.4659,8.4666,8.46485,51
2014-10-30 10:12:00,2014-10-30 10:13:00,8.464,8.46371,8.46436,8.4633,8.4659,8.4649,8.466,8.4647,35
2014-10-30 10:13:00,2014-10-30 10:14:00,8.46371,8.4633,8.46401,8.46295,8.4649,8.4645,8.4653,8.4642,64
2014-10-30 10:14:00,2014-10-30 10:15:00,8.4633,8.4641,8.4647,8.4629,8.4645,8.4655,8.4664,8.4642,121
2014-10-30 10:15:00,2014-10-30 10:16:00,8.4641,8.46619,8.46622,8.4641,8.4655,8.4675,8.4675,8.4655,66
2014-10-30 10:16:00,2014-10-30 10:17:00,8.46619,8.46614,8.46621,8.4647,8.4675,8.4675,8.4675,8.4658,64
2014-10-30 10:17:00,2014-10-30 10:18:00,8.46614,8.4661,8.46614,8.46558,8.4675,8.4675,8.4675,8.4669,30
2014-10-30 10:18:00,2014-10-30 10:19:00,8.4661,8.46541,8.46612,8.46538,8.4675,8.4666,8.4675,8.4665,38
2014-10-30 10:19:00,2014-10-30 10:20:00,8.46541,8.46594,8.46604,8.46528,8.4666,8.4671,8.4673,8.4663,82
2014-10-30 10:20:00,2014-10-30 10:21:00,8.46594,8.466,8.46621,8.46562,8.4671,8.4671,8.4674,8.4668,31
2014-10-30 10:21:00,2014-10-30 10:22:00,8.466,8.4657,8.466,8.4652,8.4671,8.4671,8.4671,8.4661,48
2014-10-30 10:22:00,2014-10-30 10:23:00,8.4657,8.46558,8.46574,8.4652,8.4671,8.4667,8.4671,8.4663,66
2014-10-30 10:23:00,2014-10-30 10:24:00,8.46558,8.46563,8.46567,8.46557,8.4667,8.4668,8.4668,8.4665,26
2014-10-30 10:24:00,2014-10-30 10:25:00,8.46563,8.46572,8.4658,8.46564,8.4668,8.4671,8.4671,8.4668,16
2014-10-30 10:25:00,2014-10-30 10:26:00,8.46572,8.466,8.466,8.46572,8.4671,8.4671,8.4672,8.4671,28
2014-10-30 10:26:00,2014-10-30 10:27:00,8.466,8.4656,8.4659,8.4656,8.4671,8.46693,8.4673,8.4667,25
2014-10-30 10:27:00,2014-10-30 10:28:00,8.4656,8.4656,8.4658,8.4655,8.46693,8.46693,8.46693,8.46693,16
2014-10-30 10:28:00,2014-10-30 10:29:00,8.4656,8.46551,8.4658,8.465,8.46693,8.4669,8.46718,8.46659,47
2014-10-30 10:29:00,2014-10-30 10:30:00,8.46551,8.4655,8.46561,8.4648,8.4669,8.4669,8.46706,8.4659,49
2014-10-30 10:30:00,2014-10-30 10:31:00,8.4655,8.4653,8.4655,8.46522,8.4669,8.4667,8.4669,8.4665,12
2014-10-30 10:31:00,2014-10-30 10:32:00,8.4653,8.4658,8.4658,8.4654,8.4667,8.46701,8.46701,8.46673,17
2014-10-30 10:32:00,2014-10-30 10:33:00,8.4658,8.4659,8.4659,8.4658,8.46701,8.46702,8.46704,8.467,6
2014-10-30 10:33:00,2014-10-30 10:34:00,8.4659,8.4658,8.4664,8.4658,8.46702,8.46701,8.46725,8.46693,72
2014-10-30 10:34:00,2014-10-30 10:35:00,8.4658,8.4655,8.4658,8.4655,8.46701,8.46662,8.467,8.46662,9
2014-10-30 10:35:00,2014-10-30 10:36:00,8.4655,8.4656,8.4656,8.4655,8.46662,8.46669,8.46694,8.46662,12
2014-10-30 10:36:00,2014-10-30 10:37:00,8.4656,8.4655,8.4656,8.4655,8.46669,8.4663,8.46695,8.4663,20
2014-10-30 10:37:00,2014-10-30 10:38:00,8.4655,8.4655,8.4655,8.4655,8.4663,8.4663,8.4664,8.4663,2
2014-10-30 10:38:00,2014-10-30 10:39:00,8.4655,8.4656,8.4657,8.4655,8.4663,8.4668,8.4669,8.4664,30
2014-10-30 10:39:00,2014-10-30 10:40:00,8.4656,8.4658,8.4658,8.4656,8.4668,8.46695,8.46695,8.4667,7
2014-10-30 10:40:00,2014-10-30 10:41:00,8.4658,8.4653,8.466,8.4653,8.46695,8.4668,8.46718,8.4665,65
2014-10-30 10:41:00,2014-10-30 10:42:00,8.4653,8.4655,8.4658,8.4653,8.4668,8.46693,8.46693,8.46681,49
2014-10-30 10:42:00,2014-10-30 10:43:00,8.4655,8.4662,8.4665,8.4656,8.46693,8.46758,8.4679,8.46693,59
2014-10-30 10:43:00,2014-10-30 10:44:00,8.4662,8.4659,8.4661,8.4656,8.46758,8.4673,8.46758,8.467,15
2014-10-30 10:44:00,2014-10-30 10:45:00,8.4659,8.4651,8.4659,8.4647,8.4673,8.46646,8.4671,8.46638,29
2014-10-30 10:45:00,2014-10-30 10:46:00,8.4651,8.46507,8.4653,8.46507,8.46646,8.4665,8.4667,8.4665,8
2014-10-30 10:46:00,2014-10-30 10:47:00,8.46507,8.4658,8.4658,8.46522,8.4665,8.4672,8.4672,8.4665,7
2014-10-30 10:47:00,2014-10-30 10:49:00,8.4658,8.4661,8.4661,8.4658,8.4672,8.4672,8.4672,8.46695,13
2014-10-30 10:49:00,2014-10-30 10:50:00,8.4661,8.4653,8.4663,8.4653,8.4672,8.46669,8.4672,8.46668,33
2014-10-30 10:50:00,2014-10-30 10:51:00,8.4653,8.4654,8.4656,8.4653,8.46669,8.4668,8.46692,8.4667,16
2014-10-30 10:51:00,2014-10-30 10:52:00,8.4654,8.4654,8.4655,8.4653,8.4668,8.4667,8.4669,8.4667,11
2014-10-30 10:52:00,2014-10-30 10:53:00,8.4654,8.4653,8.4653,8.4653,8.4667,8.4667,8.4667,8.4667,1
2014-10-30 10:53:00,2014-10-30 10:54:00,8.4653,8.4653,8.4655,8.4653,8.4667,8.4667,8.4669,8.4667,5
2014-10-30 10:54:00,2014-10-30 10:55:00,8.4653,8.4653,8.4655,8.4653,8.4667,8.4667,8.4668,8.4667,6
2014-10-30 10:55:00,2014-10-30 10:56:00,8.4653,8.4653,8.4653,8.4653,8.4667,8.46652,8.46662,8.46637,8
2014-10-30 10:56:00,2014-10-30 10:57:00,8.4653,8.4645,8.4655,8.4645,8.46652,8.46553,8.4666,8.46553,28
2014-10-30 10:57:00,2014-10-30 10:58:00,8.4645,8.4643,8.4645,8.4643,8.46553,8.46549,8.4656,8.46549,7
2014-10-30 10:58:00,2014-10-30 10:59:00,8.4643,8.4629,8.46447,8.4629,8.46549,8.46413,8.46549,8.46413,64
2014-10-30 10:59:00,2014-10-30 11:00:00,8.4629,8.463,8.463,8.4629,8.46413,8.46438,8.4644,8.46428,8
2014-10-30 11:00:00,2014-10-30 11:01:00,8.463,8.463,8.463,8.463,8.46438,8.4644,8.4644,8.4644,1
2014-10-30 11:01:00,2014-10-30 11:02:00,8.463,8.4638,8.4638,8.4625,8.4644,8.46523,8.46525,8.4639,22
2014-10-30 11:02:00,2014-10-30 11:03:00,8.4638,8.4645,8.4648,8.464,8.46523,8.46632,8.46632,8.46523,56
2014-10-30 11:03:00,2014-10-30 11:04:00,8.4645,8.4646,8.4646,8.4645,8.46632,8.46618,8.46638,8.466,66
2014-10-30 11:04:00,2014-10-30 11:05:00,8.4646,8.4642,8.4647,8.4642,8.46618,8.4655,8.46618,8.4655,39
2014-10-30 11:05:00,2014-10-30 11:06:00,8.4642,8.4641,8.4645,8.4638,8.4655,8.4655,8.4658,8.4652,34
2014-10-30 11:06:00,2014-10-30 11:07:00,8.4641,8.4638,8.4641,8.4638,8.4655,8.4652,8.4652,8.4652,3
2014-10-30 11:07:00,2014-10-30 11:09:00,8.4638,8.463,8.4638,8.4628,8.4652,8.4644,8.4649,8.4642,12
2014-10-30 11:09:00,2014-10-30 11:10:00,8.463,8.4629,8.463,8.4629,8.4644,8.4643,8.46438,8.4643,3
2014-10-30 11:10:00,2014-10-30 11:11:00,8.4629,8.46293,8.46294,8.4629,8.4643,8.4643,8.46436,8.46427,13
2014-10-30 11:11:00,2014-10-30 11:12:00,8.46293,8.4629,8.46293,8.4629,8.4643,8.46428,8.4643,8.46427,6
2014-10-30 11:12:00,2014-10-30 11:13:00,8.4629,8.4629,8.4629,8.46281,8.46428,8.46421,8.46426,8.4641,10
2014-10-30 11:13:00,2014-10-30 11:14:00,8.4629,8.4629,8.4633,8.4627,8.46421,8.4643,8.4646,8.4636,42
2014-10-30 11:14:00,2014-10-30 11:15:00,8.4629,8.4628,8.4631,8.4628,8.4643,8.4642,8.4645,8.4642,47
2014-10-30 11:15:00,2014-10-30 11:16:00,8.4628,8.46352,8.46352,8.4625,8.4642,8.4649,8.4649,8.4639,32
2014-10-30 11:16:00,2014-10-30 11:17:00,8.46352,8.463,8.46351,8.463,8.4649,8.4644,8.4649,8.4644,17
2014-10-30 11:17:00,2014-10-30 11:20:00,8.463,8.46283,8.46287,8.46283,8.4644,8.46408,8.4644,8.46408,11
2014-10-30 11:20:00,2014-10-30 11:21:00,8.46283,8.4629,8.4629,8.46284,8.46408,8.46408,8.46408,8.46408,3
2014-10-30 11:21:00,2014-10-30 11:22:00,8.4629,8.4629,8.4635,8.46282,8.46408,8.46408,8.4646,8.46408,20
2014-10-30 11:22:00,2014-10-30 11:23:00,8.4629,8.4629,8.4629,8.4629,8.46408,8.4643,8.4643,8.4643,1
2014-10-30 11:23:00,2014-10-30 11:25:00,8.4629,8.463,8.463,8.463,8.4643,8.4644,8.4644,8.46439,3
2014-10-30 11:25:00,2014-10-30 11:26:00,8.463,8.463,8.463,8.463,8.4644,8.4644,8.4644,8.4643,6
2014-10-30 11:26:00,2014-10-30 11:27:00,8.463,8.463,8.463,8.463,8.4644,8.4644,8.4644,8.46428,9
2014-10-30 11:27:00,2014-10-30 11:28:00,8.463,8.4631,8.4631,8.4628,8.4644,8.46438,8.46447,8.4643,19
2014-10-30 11:28:00,2014-10-30 11:29:00,8.4631,8.4631,8.4631,8.463,8.46438,8.4645,8.4645,8.46438,14
2014-10-30 11:29:00,2014-10-30 11:30:00,8.4631,8.4628,8.46336,8.4628,8.4645,8.4642,8.4645,8.4642,6
2014-10-30 11:30:00,2014-10-30 11:32:00,8.4628,8.4625,8.463,8.4622,8.4642,8.464,8.46443,8.46386,53
2014-10-30 11:32:00,2014-10-30 11:33:00,8.4625,8.4618,8.463,8.4611,8.464,8.46371,8.46438,8.4625,76
2014-10-30 11:33:00,2014-10-30 11:34:00,8.4618,8.4631,8.4632,8.4608,8.46371,8.4642,8.4642,8.4621,161
2014-10-30 11:34:00,2014-10-30 11:35:00,8.4631,8.4629,8.4631,8.4627,8.4642,8.4642,8.4642,8.4639,11
2014-10-30 11:35:00,2014-10-30 11:36:00,8.4629,8.4632,8.4632,8.463,8.4642,8.4643,8.4643,8.4642,5
2014-10-30 11:36:00,2014-10-30 11:37:00,8.4632,8.4632,8.4632,8.4631,8.4643,8.4643,8.4643,8.4643,2
2014-10-30 11:37:00,2014-10-30 11:38:00,8.4632,8.4638,8.4639,8.4632,8.4643,8.4649,8.4649,8.4643,20
2014-10-30 11:38:00,2014-10-30 11:39:00,8.4638,8.4641,8.465,8.4637,8.4649,8.4657,8.4664,8.4649,92
2014-10-30 11:39:00,2014-10-30 11:40:00,8.4641,8.4647,8.46555,8.46347,8.4657,8.4665,8.4669,8.465,310
2014-10-30 11:40:00,2014-10-30 11:41:00,8.4647,8.46421,8.4647,8.4641,8.4665,8.4656,8.4664,8.4656,472
2014-10-30 11:41:00,2014-10-30 11:42:00,8.46421,8.46347,8.46428,8.46347,8.4656,8.4648,8.4661,8.4648,492
2014-10-30 11:42:00,2014-10-30 11:43:00,8.46347,8.46379,8.46388,8.46346,8.4648,8.4655,8.4657,8.4648,392
2014-10-30 11:43:00,2014-10-30 11:44:00,8.46379,8.46377,8.4638,8.46377,8.4655,8.4654,8.4657,8.4652,117
2014-10-30 11:44:00,2014-10-30 11:45:00,8.46377,8.4636,8.46406,8.46343,8.4654,8.4653,8.4657,8.4651,147
2014-10-30 11:45:00,2014-10-30 11:46:00,8.4636,8.4634,8.46366,8.4634,8.4653,8.4651,8.46533,8.4651,46
2014-10-30 11:46:00,2014-10-30 11:47:00,8.4634,8.464,8.46401,8.46322,8.4651,8.4655,8.466,8.4651,332
2014-10-30 11:47:00,2014-10-30 11:48:00,8.464,8.4652,8.4664,8.46398,8.4655,8.46682,8.46723,8.4655,119
2014-10-30 11:48:00,2014-10-30 11:49:00,8.4652,8.4651,8.46536,8.4651,8.46682,8.46663,8.46682,8.46663,9
2014-10-30 11:49:00,2014-10-30 11:50:00,8.4651,8.4654,8.4654,8.4654,8.46663,8.46675,8.46675,8.46663,4
2014-10-30 11:50:00,2014-10-30 11:51:00,8.4654,8.4652,8.4654,8.4651,8.46675,8.46683,8.46692,8.46666,15
2014-10-30 11:51:00,2014-10-30 11:52:00,8.4652,8.466,8.4662,8.4648,8.46683,8.46738,8.46769,8.46683,41
2014-10-30 11:52:00,2014-10-30 11:53:00,8.466,8.4643,8.466,8.4643,8.46738,8.4665,8.46728,8.46641,83
2014-10-30 11:53:00,2014-10-30 11:54:00,8.4643,8.4643,8.4645,8.4642,8.4665,8.46629,8.46654,8.46568,94
2014-10-30 11:54:00,2014-10-30 11:55:00,8.4643,8.4645,8.4645,8.4643,8.46629,8.46635,8.46653,8.4662,39
2014-10-30 11:55:00,2014-10-30 11:56:00,8.4645,8.4656,8.4658,8.4643,8.46635,8.46713,8.4674,8.4663,55
2014-10-30 11:56:00,2014-10-30 11:57:00,8.4656,8.4664,8.4664,8.46567,8.46713,8.46793,8.46804,8.46713,19
2014-10-30 11:57:00,2014-10-30 11:58:00,8.4664,8.46727,8.46737,8.4664,8.46793,8.4681,8.46862,8.46793,24
2014-10-30 11:58:00,2014-10-30 11:59:00,8.46727,8.4678,8.47026,8.4675,8.4681,8.4693,8.4715,8.4681,107
2014-10-30 11:59:00,2014-10-30 12:00:00,8.4678,8.4663,8.4677,8.4649,8.4693,8.4674,8.46957,8.4665,82
2014-10-30 12:00:00,2014-10-30 12:01:00,8.4663,8.4661,8.4663,8.4661,8.4674,8.4672,8.4675,8.4672,9
2014-10-30 12:01:00,2014-10-30 12:02:00,8.4661,8.4601,8.466,8.4601,8.4672,8.4617,8.4672,8.4616,153
2014-10-30 12:02:00,2014-10-30 12:03:00,8.4601,8.4606,8.46111,8.46017,8.4617,8.4623,8.4631,8.4617,117
2014-10-30 12:03:00,2014-10-30 12:04:00,8.4606,8.4614,8.4615,8.46028,8.4623,8.4628,8.4629,8.4617,41
2014-10-30 12:04:00,2014-10-30 12:05:00,8.4614,8.4619,8.4635,8.4615,8.4628,8.4633,8.4649,8.4629,41
2014-10-30 12:05:00,2014-10-30 12:06:00,8.4619,8.46213,8.4635,8.4613,8.4633,8.4639,8.46535,8.4627,82
2014-10-30 12:06:00,2014-10-30 12:07:00,8.46213,8.4685,8.4685,8.4617,8.4639,8.4697,8.4697,8.4634,157
2014-10-30 12:07:00,2014-10-30 12:08:00,8.4685,8.4651,8.4685,8.46357,8.4697,8.467,8.4696,8.465,133
2014-10-30 12:08:00,2014-10-30 12:09:00,8.4651,8.4657,8.4657,8.46514,8.467,8.4675,8.4675,8.467,26
2014-10-30 12:09:00,2014-10-30 12:10:00,8.4657,8.46496,8.4664,8.46496,8.4675,8.46643,8.4681,8.46643,92
2014-10-30 12:10:00,2014-10-30 12:11:00,8.46496,8.46401,8.4653,8.46325,8.46643,8.466,8.467,8.4645,102
2014-10-30 12:11:00,2014-10-30 12:12:00,8.46401,8.4647,8.46481,8.46383,8.466,8.4667,8.4668,8.4658,80
2014-10-30 12:12:00,2014-10-30 12:13:00,8.4647,8.46376,8.46491,8.46372,8.4667,8.4652,8.4668,8.4649,53
2014-10-30 12:13:00,2014-10-30 12:14:00,8.46376,8.4638,8.46393,8.46343,8.4652,8.4652,8.4653,8.4647,22
2014-10-30 12:14:00,2014-10-30 12:15:00,8.4638,8.4649,8.465,8.46355,8.4652,8.4665,8.46683,8.4645,77
2014-10-30 12:15:00,2014-10-30 12:16:00,8.4649,8.4654,8.466,8.4643,8.4665,8.4675,8.468,8.4657,157
2014-10-30 12:16:00,2014-10-30 12:17:00,8.4654,8.4651,8.4662,8.46454,8.4675,8.4663,8.46783,8.4663,161
2014-10-30 12:17:00,2014-10-30 12:18:00,8.4651,8.4643,8.46631,8.4629,8.4663,8.467,8.4683,8.4641,240
2014-10-30 12:18:00,2014-10-30 12:19:00,8.4643,8.4643,8.4646,8.4614,8.467,8.4657,8.4676,8.4633,130
2014-10-30 12:19:00,2014-10-30 12:20:00,8.4643,8.46317,8.4653,8.46317,8.4657,8.4649,8.4679,8.4649,114
2014-10-30 12:20:00,2014-10-30 12:21:00,8.46317,8.4639,8.4657,8.46317,8.4649,8.4653,8.4674,8.4646,131
2014-10-30 12:21:00,2014-10-30 12:22:00,8.4639,8.46528,8.4654,8.4641,8.4653,8.467,8.46751,8.46543,37
2014-10-30 12:22:00,2014-10-30 12:23:00,8.46528,8.46468,8.4653,8.46464,8.467,8.4665,8.46682,8.4664,46
2014-10-30 12:23:00,2014-10-30 12:24:00,8.46468,8.46457,8.46468,8.4638,8.4665,8.4663,8.46679,8.4652,30
2014-10-30 12:24:00,2014-10-30 12:25:00,8.46457,8.4623,8.46457,8.4623,8.4663,8.4637,8.4661,8.4637,31
2014-10-30 12:25:00,2014-10-30 12:26:00,8.4623,8.4617,8.46218,8.4611,8.4637,8.46288,8.4635,8.4625,42
2014-10-30 12:26:00,2014-10-30 12:27:00,8.4617,8.461,8.4617,8.461,8.46288,8.46225,8.46353,8.46225,62
2014-10-30 12:27:00,2014-10-30 12:28:00,8.461,8.4606,8.46134,8.46012,8.46225,8.4627,8.46311,8.46173,40
2014-10-30 12:28:00,2014-10-30 12:29:00,8.4606,8.4604,8.4616,8.4595,8.4627,8.4625,8.4634,8.4605,104
2014-10-30 12:29:00,2014-10-30 12:30:00,8.4604,8.4616,8.4624,8.44969,8.4625,8.46338,8.46401,8.4618,79
2014-10-30 12:30:00,2014-10-30 12:31:00,8.4616,8.4628,8.4628,8.4605,8.46338,8.4642,8.4642,8.4626,157
2014-10-30 12:31:00,2014-10-30 12:32:00,8.4628,8.4616,8.4627,8.4614,8.4642,8.4629,8.4642,8.46274,68
2014-10-30 12:32:00,2014-10-30 12:33:00,8.4616,8.462,8.4624,8.4606,8.4629,8.46283,8.46336,8.46221,176
2014-10-30 12:33:00,2014-10-30 12:34:00,8.462,8.4622,8.4624,8.4614,8.46283,8.4632,8.46325,8.46285,24
2014-10-30 12:34:00,2014-10-30 12:35:00,8.4622,8.46366,8.4638,8.4619,8.4632,8.4655,8.4661,8.4632,105
2014-10-30 12:35:00,2014-10-30 12:36:00,8.46366,8.4655,8.4655,8.4637,8.4655,8.4669,8.4669,8.4655,85
2014-10-30 12:36:00,2014-10-30 12:37:00,8.4655,8.4655,8.466,8.4654,8.4669,8.4669,8.46713,8.4668,10
2014-10-30 12:37:00,2014-10-30 12:38:00,8.4655,8.4663,8.4677,8.4654,8.4669,8.46798,8.469,8.4668,113
2014-10-30 12:38:00,2014-10-30 12:39:00,8.4663,8.4683,8.4685,8.466,8.46798,8.46999,8.46999,8.46768,59
2014-10-30 12:39:00,2014-10-30 12:40:00,8.4683,8.4678,8.47,8.4678,8.46999,8.4692,8.4711,8.4692,56
2014-10-30 12:40:00,2014-10-30 12:41:00,8.4678,8.4655,8.468,8.4655,8.4692,8.46689,8.46944,8.46667,80
2014-10-30 12:41:00,2014-10-30 12:42:00,8.4655,8.4656,8.4662,8.4655,8.46689,8.46643,8.46734,8.46643,41
2014-10-30 12:42:00,2014-10-30 12:43:00,8.4656,8.4653,8.467,8.4652,8.46643,8.46638,8.4679,8.46613,106
2014-10-30 12:43:00,2014-10-30 12:44:00,8.4653,8.465,8.467,8.4648,8.46638,8.46638,8.46804,8.46568,115
2014-10-30 12:44:00,2014-10-30 12:45:00,8.465,8.46683,8.46683,8.4657,8.46638,8.4676,8.46785,8.46638,11
2014-10-30 12:45:00,2014-10-30 12:46:00,8.46683,8.465,8.46683,8.4649,8.4676,8.46624,8.46757,8.46609,32
2014-10-30 12:46:00,2014-10-30 12:47:00,8.465,8.4647,8.4648,8.4645,8.46624,8.46593,8.4662,8.46586,14
2014-10-30 12:47:00,2014-10-30 12:48:00,8.4647,8.4638,8.465,8.4634,8.46593,8.46539,8.46593,8.46539,23
2014-10-30 12:48:00,2014-10-30 12:49:00,8.4638,8.4625,8.4653,8.461,8.46539,8.46338,8.46639,8.46247,106
2014-10-30 12:49:00,2014-10-30 12:50:00,8.4625,8.4646,8.4658,8.46254,8.46338,8.46624,8.46673,8.46338,89
2014-10-30 12:50:00,2014-10-30 12:51:00,8.4646,8.4646,8.4647,8.46188,8.46624,8.4661,8.46656,8.46375,198
2014-10-30 12:51:00,2014-10-30 12:52:00,8.4646,8.4646,8.4647,8.46441,8.4661,8.46619,8.46625,8.4655,57
2014-10-30 12:52:00,2014-10-30 12:53:00,8.4646,8.4644,8.4646,8.4635,8.46619,8.46621,8.46651,8.46549,37
2014-10-30 12:53:00,2014-10-30 12:54:00,8.4644,8.4645,8.4653,8.464,8.46621,8.466,8.46658,8.4659,64
2014-10-30 12:54:00,2014-10-30 12:55:00,8.4645,8.4644,8.4646,8.4644,8.466,8.4658,8.466,8.4658,21
2014-10-30 12:55:00,2014-10-30 12:56:00,8.4644,8.4617,8.4644,8.4617,8.4658,8.46327,8.4664,8.46302,74
2014-10-30 12:56:00,2014-10-30 12:57:00,8.4617,8.4612,8.4617,8.461,8.46327,8.46229,8.46327,8.46229,27
2014-10-30 12:57:00,2014-10-30 12:58:00,8.4612,8.4611,8.4612,8.461,8.46229,8.46229,8.46229,8.46229,8
2014-10-30 12:58:00,2014-10-30 12:59:00,8.4611,8.46293,8.4635,8.4611,8.46229,8.4643,8.4645,8.46249,113
2014-10-30 12:59:00,2014-10-30 13:00:00,8.46293,8.4615,8.4629,8.461,8.4643,8.46282,8.4643,8.46277,73
2014-10-30 13:00:00,2014-10-30 13:01:00,8.4615,8.4646,8.4646,8.4611,8.46282,8.4662,8.46627,8.46282,58
2014-10-30 13:01:00,2014-10-30 13:02:00,8.4646,8.4648,8.4652,8.4644,8.4662,8.46622,8.46622,8.4662,58
2014-10-30 13:02:00,2014-10-30 13:03:00,8.4648,8.4646,8.4648,8.4646,8.46622,8.46596,8.46622,8.46596,46
2014-10-30 13:03:00,2014-10-30 13:04:00,8.4646,8.46437,8.4653,8.4641,8.46596,8.46607,8.46658,8.46587,68
2014-10-30 13:04:00,2014-10-30 13:05:00,8.46437,8.46537,8.46537,8.4637,8.46607,8.46658,8.46658,8.4649,91
2014-10-30 13:05:00,2014-10-30 13:06:00,8.46537,8.46327,8.4654,8.463,8.46658,8.46486,8.46658,8.4639,117
2014-10-30 13:06:00,2014-10-30 13:07:00,8.46327,8.46302,8.4636,8.46302,8.46486,8.4643,8.46488,8.4643,38
2014-10-30 13:07:00,2014-10-30 13:08:00,8.46302,8.4638,8.4638,8.46302,8.4643,8.4652,8.4652,8.4647,34
2014-10-30 13:08:00,2014-10-30 13:09:00,8.4638,8.4637,8.4638,8.4637,8.4652,8.465,8.46519,8.465,3
2014-10-30 13:09:00,2014-10-30 13:10:00,8.4637,8.4623,8.4637,8.4623,8.465,8.46366,8.4651,8.46366,27
2014-10-30 13:10:00,2014-10-30 13:11:00,8.4623,8.4628,8.4628,8.4625,8.46366,8.46375,8.46405,8.46356,31
2014-10-30 13:11:00,2014-10-30 13:12:00,8.4628,8.4625,8.463,8.4625,8.46375,8.46377,8.46388,8.46374,15
2014-10-30 13:12:00,2014-10-30 13:13:00,8.4625,8.4616,8.4625,8.4616,8.46377,8.4628,8.46387,8.4628,28
2014-10-30 13:13:00,2014-10-30 13:14:00,8.4616,8.4595,8.4616,8.4591,8.4628,8.46079,8.46282,8.46036,46
2014-10-30 13:14:00,2014-10-30 13:15:00,8.4595,8.4595,8.4608,8.4584,8.46079,8.46082,8.46205,8.45948,149
2014-10-30 13:15:00,2014-10-30 13:16:00,8.4595,8.4596,8.4596,8.4595,8.46082,8.46099,8.46099,8.46082,22
2014-10-30 13:16:00,2014-10-30 13:17:00,8.4596,8.4596,8.4605,8.4596,8.46099,8.461,8.4619,8.461,18
2014-10-30 13:17:00,2014-10-30 13:18:00,8.4596,8.4588,8.4597,8.4585,8.461,8.45996,8.46103,8.45996,57
2014-10-30 13:18:00,2014-10-30 13:19:00,8.4588,8.4585,8.4586,8.4581,8.45996,8.4597,8.45996,8.45964,25
2014-10-30 13:19:00,2014-10-30 13:20:00,8.4585,8.4583,8.4587,8.4579,8.4597,8.45969,8.46009,8.4596,24
2014-10-30 13:20:00,2014-10-30 13:21:00,8.4583,8.4584,8.4584,8.4579,8.45969,8.45968,8.45969,8.45968,11
2014-10-30 13:21:00,2014-10-30 13:22:00,8.4584,8.45882,8.4589,8.45787,8.45968,8.4603,8.4605,8.4595,101
2014-10-30 13:22:00,2014-10-30 13:23:00,8.45882,8.4592,8.45922,8.45806,8.4603,8.46068,8.4609,8.46,88
2014-10-30 13:23:00,2014-10-30 13:24:00,8.4592,8.4595,8.4601,8.45875,8.46068,8.4608,8.46169,8.4607,82
2014-10-30 13:24:00,2014-10-30 13:25:00,8.4595,8.4598,8.4599,8.4594,8.4608,8.4612,8.4612,8.4607,18
2014-10-30 13:25:00,2014-10-30 13:26:00,8.4598,8.4598,8.4598,8.4598,8.4612,8.4611,8.4612,8.4611,3
2014-10-30 13:26:00,2014-10-30 13:27:00,8.4598,8.4598,8.4598,8.4598,8.4611,8.4611,8.4612,8.4611,2
2014-10-30 13:27:00,2014-10-30 13:28:00,8.4598,8.4606,8.4608,8.4598,8.4611,8.4619,8.46219,8.4612,33
2014-10-30 13:28:00,2014-10-30 13:29:00,8.4606,8.4594,8.4606,8.4593,8.4619,8.4608,8.462,8.4607,112
2014-10-30 13:29:00,2014-10-30 13:30:00,8.4594,8.4593,8.4594,8.4593,8.4608,8.4606,8.4608,8.4605,6
2014-10-30 13:30:00,2014-10-30 13:31:00,8.4593,8.45927,8.45985,8.45862,8.4606,8.4605,8.461,8.4603,39
2014-10-30 13:31:00,2014-10-30 13:32:00,8.45927,8.46062,8.46157,8.45927,8.4605,8.4619,8.4626,8.4605,67
2014-10-30 13:32:00,2014-10-30 13:33:00,8.46062,8.46052,8.46062,8.46052,8.4619,8.4615,8.4618,8.4614,13
2014-10-30 13:33:00,2014-10-30 13:35:00,8.46052,8.46052,8.46052,8.46052,8.4615,8.4615,8.4617,8.4615,14
2014-10-30 13:35:00,2014-10-30 13:36:00,8.46052,8.46037,8.46052,8.46013,8.4615,8.4615,8.4616,8.4615,4
2014-10-30 13:36:00,2014-10-30 13:37:00,8.46037,8.46037,8.46037,8.46037,8.4615,8.4613,8.4614,8.4612,4
2014-10-30 13:37:00,2014-10-30 13:38:00,8.46037,8.4615,8.4618,8.46004,8.4613,8.46306,8.46313,8.4612,110
2014-10-30 13:38:00,2014-10-30 13:39:00,8.4615,8.4619,8.4621,8.4613,8.46306,8.46342,8.46354,8.4631,74
2014-10-30 13:39:00,2014-10-30 13:40:00,8.4619,8.4654,8.4654,8.4619,8.46342,8.46687,8.46687,8.46348,91
2014-10-30 13:40:00,2014-10-30 13:41:00,8.4654,8.46577,8.46607,8.4654,8.46687,8.4672,8.46749,8.46695,24
2014-10-30 13:41:00,2014-10-30 13:42:00,8.46577,8.4681,8.4693,8.46577,8.4672,8.4695,8.4706,8.4673,81
2014-10-30 13:42:00,2014-10-30 13:43:00,8.4681,8.47054,8.47096,8.46735,8.4695,8.4719,8.4723,8.4687,68
2014-10-30 13:43:00,2014-10-30 13:44:00,8.47054,8.47002,8.47166,8.46993,8.4719,8.4713,8.4729,8.4712,63
2014-10-30 13:44:00,2014-10-30 13:45:00,8.47002,8.472,8.472,8.46989,8.4713,8.4734,8.4734,8.4712,55
2014-10-30 13:45:00,2014-10-30 13:46:00,8.472,8.47504,8.4751,8.47171,8.4734,8.4762,8.4762,8.4734,53
2014-10-30 13:46:00,2014-10-30 13:47:00,8.47504,8.4771,8.47823,8.4751,8.4762,8.4783,8.4795,8.4762,90
2014-10-30 13:47:00,2014-10-30 13:48:00,8.4771,8.4773,8.4775,8.4768,8.4783,8.4787,8.4789,8.4781,21
2014-10-30 13:48:00,2014-10-30 13:49:00,8.4773,8.4779,8.4785,8.47702,8.4787,8.4793,8.4799,8.4784,76
2014-10-30 13:49:00,2014-10-30 13:50:00,8.4779,8.4778,8.4779,8.477,8.4793,8.47913,8.4792,8.4784,43
2014-10-30 13:50:00,2014-10-30 13:51:00,8.4778,8.47707,8.4778,8.47707,8.47913,8.4786,8.4792,8.4785,50
2014-10-30 13:51:00,2014-10-30 13:52:00,8.47707,8.47654,8.47707,8.47654,8.4786,8.4778,8.4784,8.4778,33
2014-10-30 13:52:00,2014-10-30 13:53:00,8.47654,8.47642,8.47654,8.47642,8.4778,8.4776,8.4779,8.4776,11
2014-10-30 13:53:00,2014-10-30 13:54:00,8.47642,8.47567,8.47642,8.47564,8.4776,8.4771,8.4775,8.4771,16
2014-10-30 13:54:00,2014-10-30 13:55:00,8.47567,8.47567,8.47571,8.47567,8.4771,8.4771,8.4771,8.4771,2
2014-10-30 13:55:00,2014-10-30 13:56:00,8.47567,8.47573,8.47576,8.47563,8.4771,8.4769,8.4771,8.4769,18
2014-10-30 13:56:00,2014-10-30 13:57:00,8.47573,8.47584,8.47587,8.47575,8.4769,8.477,8.477,8.4769,9
2014-10-30 13:57:00,2014-10-30 13:58:00,8.47584,8.47755,8.47798,8.47586,8.477,8.4789,8.4793,8.477,40
2014-10-30 13:58:00,2014-10-30 13:59:00,8.47755,8.47792,8.47793,8.47746,8.4789,8.4793,8.4793,8.4788,11
2014-10-30 13:59:00,2014-10-30 14:00:00,8.47792,8.4815,8.4815,8.47796,8.4793,8.4829,8.4829,8.4793,108
2014-10-30 14:00:00,2014-10-30 14:01:00,8.4815,8.48165,8.48185,8.48136,8.4829,8.4829,8.483,8.4826,66
2014-10-30 14:01:00,2014-10-30 14:02:00,8.48165,8.4852,8.48544,8.48165,8.4829,8.4862,8.4867,8.4829,88
2014-10-30 14:02:00,2014-10-30 14:03:00,8.4852,8.4853,8.4855,8.4851,8.4862,8.4867,8.4869,8.4862,29
2014-10-30 14:03:00,2014-10-30 14:04:00,8.4853,8.4843,8.4855,8.48425,8.4867,8.4862,8.4869,8.4859,62
2014-10-30 14:04:00,2014-10-30 14:05:00,8.4843,8.4846,8.4846,8.48352,8.4862,8.486,8.4863,8.48562,70
2014-10-30 14:05:00,2014-10-30 14:06:00,8.4846,8.48323,8.4847,8.4827,8.486,8.4849,8.4861,8.4845,78
2014-10-30 14:06:00,2014-10-30 14:07:00,8.48323,8.4811,8.4835,8.481,8.4849,8.48193,8.4849,8.48193,66
2014-10-30 14:07:00,2014-10-30 14:08:00,8.4811,8.4811,8.4831,8.4809,8.48193,8.4823,8.4845,8.48193,50
2014-10-30 14:08:00,2014-10-30 14:09:00,8.4811,8.4808,8.48125,8.4785,8.4823,8.48168,8.4825,8.47955,109
2014-10-30 14:09:00,2014-10-30 14:10:00,8.4808,8.4782,8.4805,8.4778,8.48168,8.47918,8.48168,8.47873,60
2014-10-30 14:10:00,2014-10-30 14:11:00,8.4782,8.4781,8.4787,8.4777,8.47918,8.4795,8.47976,8.47853,32
2014-10-30 14:11:00,2014-10-30 14:12:00,8.4781,8.4781,8.4785,8.4781,8.4795,8.4795,8.47978,8.4795,29
2014-10-30 14:12:00,2014-10-30 14:13:00,8.4781,8.4779,8.4785,8.4767,8.4795,8.47918,8.47968,8.47802,54
2014-10-30 14:13:00,2014-10-30 14:14:00,8.4779,8.4773,8.4785,8.4753,8.47918,8.4787,8.4796,8.4767,92
2014-10-30 14:14:00,2014-10-30 14:15:00,8.4773,8.47722,8.4775,8.47722,8.4787,8.4783,8.4789,8.4783,11
2014-10-30 14:15:00,2014-10-30 14:16:00,8.47722,8.47617,8.47722,8.4757,8.4783,8.47793,8.4784,8.4771,60
2014-10-30 14:16:00,2014-10-30 14:17:00,8.47617,8.4761,8.4764,8.4761,8.47793,8.4778,8.47806,8.4778,23
2014-10-30 14:17:00,2014-10-30 14:18:00,8.4761,8.47712,8.47712,8.4753,8.4778,8.4783,8.4784,8.4767,57
2014-10-30 14:18:00,2014-10-30 14:19:00,8.47712,8.4774,8.4779,8.47712,8.4783,8.4788,8.4788,8.4783,26
2014-10-30 14:19:00,2014-10-30 14:20:00,8.4774,8.4781,8.4781,8.4774,8.4788,8.4795,8.4795,8.4788,11
2014-10-30 14:20:00,2014-10-30 14:21:00,8.4781,8.4787,8.47912,8.4776,8.4795,8.4801,8.4809,8.4793,34
2014-10-30 14:21:00,2014-10-30 14:22:00,8.4787,8.4803,8.4803,8.4786,8.4801,8.4816,8.4817,8.48,26
2014-10-30 14:22:00,2014-10-30 14:23:00,8.4803,8.4805,8.4807,8.4793,8.4816,8.4819,8.4819,8.48123,39
2014-10-30 14:23:00,2014-10-30 14:24:00,8.4805,8.4793,8.48057,8.4786,8.4819,8.4806,8.4821,8.48,92
2014-10-30 14:24:00,2014-10-30 14:25:00,8.4793,8.4824,8.4826,8.4793,8.4806,8.4843,8.48431,8.4806,112
2014-10-30 14:25:00,2014-10-30 14:26:00,8.4824,8.4844,8.4851,8.4818,8.4843,8.4859,8.4865,8.4835,145
2014-10-30 14:26:00,2014-10-30 14:27:00,8.4844,8.48311,8.4859,8.4831,8.4859,8.4851,8.48723,8.4851,111
2014-10-30 14:27:00,2014-10-30 14:28:00,8.48311,8.482,8.48538,8.48125,8.4851,8.4834,8.48736,8.4829,157
2014-10-30 14:28:00,2014-10-30 14:29:00,8.482,8.48457,8.48674,8.4821,8.4834,8.4861,8.4879,8.4834,284
2014-10-30 14:29:00,2014-10-30 14:30:00,8.48457,8.48545,8.48603,8.48345,8.4861,8.4866,8.4875,8.4846,237
2014-10-30 14:30:00,2014-10-30 14:31:00,8.48545,8.4866,8.4866,8.48311,8.4866,8.488,8.488,8.4847,109
2014-10-30 14:31:00,2014-10-30 14:32:00,8.4866,8.48887,8.4901,8.4849,8.488,8.4903,8.49152,8.4879,232
2014-10-30 14:32:00,2014-10-30 14:33:00,8.48887,8.4851,8.4895,8.4847,8.4903,8.48655,8.4911,8.48649,166
2014-10-30 14:33:00,2014-10-30 14:34:00,8.4851,8.488,8.48808,8.485,8.48655,8.48923,8.48952,8.48655,75
2014-10-30 14:34:00,2014-10-30 14:35:00,8.488,8.4842,8.4878,8.48407,8.48923,8.48568,8.4892,8.48568,41
2014-10-30 14:35:00,2014-10-30 14:36:00,8.4842,8.4844,8.4844,8.4839,8.48568,8.48572,8.48622,8.48535,16
2014-10-30 14:36:00,2014-10-30 14:37:00,8.4844,8.4833,8.48533,8.4831,8.48572,8.4847,8.4864,8.4847,100
2014-10-30 14:37:00,2014-10-30 14:38:00,8.4833,8.484,8.484,8.48322,8.4847,8.4858,8.4859,8.4846,21
2014-10-30 14:38:00,2014-10-30 14:39:00,8.484,8.4842,8.4842,8.4838,8.4858,8.486,8.4862,8.4856,31
2014-10-30 14:39:00,2014-10-30 14:40:00,8.4842,8.485,8.485,8.4841,8.486,8.4865,8.4865,8.4859,28
2014-10-30 14:40:00,2014-10-30 14:41:00,8.485,8.48513,8.48513,8.4846,8.4865,8.4865,8.4865,8.4864,24
2014-10-30 14:41:00,2014-10-30 14:42:00,8.48513,8.4844,8.4851,8.484,8.4865,8.48589,8.4865,8.48535,93
2014-10-30 14:42:00,2014-10-30 14:43:00,8.4844,8.483,8.4851,8.4821,8.48589,8.4848,8.4865,8.48326,186
2014-10-30 14:43:00,2014-10-30 14:44:00,8.483,8.4825,8.4835,8.4819,8.4848,8.48388,8.485,8.4832,89
2014-10-30 14:44:00,2014-10-30 14:45:00,8.4825,8.48242,8.483,8.48197,8.48388,8.48374,8.48427,8.4833,81
2014-10-30 14:45:00,2014-10-30 14:46:00,8.48242,8.4825,8.4825,8.4823,8.48374,8.4839,8.4839,8.48358,18
2014-10-30 14:46:00,2014-10-30 14:47:00,8.4825,8.4823,8.4826,8.4823,8.4839,8.48351,8.48393,8.48351,20
2014-10-30 14:47:00,2014-10-30 14:48:00,8.4823,8.4824,8.4828,8.4823,8.48351,8.4838,8.48409,8.48346,29
2014-10-30 14:48:00,2014-10-30 14:49:00,8.4824,8.4827,8.4828,8.48242,8.4838,8.48394,8.484,8.4837,35
2014-10-30 14:49:00,2014-10-30 14:50:00,8.4827,8.48097,8.4826,8.4809,8.48394,8.4823,8.48394,8.4823,53
2014-10-30 14:50:00,2014-10-30 14:51:00,8.48097,8.4821,8.4828,8.4805,8.4823,8.4833,8.484,8.4819,118
2014-10-30 14:51:00,2014-10-30 14:52:00,8.4821,8.48107,8.4823,8.4803,8.4833,8.4824,8.4835,8.4817,78
2014-10-30 14:52:00,2014-10-30 14:53:00,8.48107,8.4808,8.4811,8.4805,8.4824,8.4821,8.48266,8.4818,65
2014-10-30 14:53:00,2014-10-30 14:54:00,8.4808,8.4796,8.4808,8.4791,8.4821,8.481,8.482,8.48052,65
2014-10-30 14:54:00,2014-10-30 14:55:00,8.4796,8.4797,8.4797,8.4791,8.481,8.4806,8.481,8.4806,18
2014-10-30 14:55:00,2014-10-30 14:56:00,8.4797,8.4793,8.4797,8.4788,8.4806,8.4804,8.4806,8.48038,23
2014-10-30 14:56:00,2014-10-30 14:57:00,8.4793,8.4794,8.4796,8.4794,8.4804,8.4805,8.4811,8.4804,34
2014-10-30 14:57:00,2014-10-30 14:58:00,8.4794,8.4784,8.4794,8.4784,8.4805,8.47979,8.4808,8.47979,42
2014-10-30 14:58:00,2014-10-30 14:59:00,8.4784,8.4785,8.47867,8.4781,8.47979,8.4799,8.48026,8.47939,86
2014-10-30 14:59:00,2014-10-30 15:00:00,8.4785,8.4797,8.4798,8.4766,8.4799,8.4809,8.4809,8.47767,171
2014-10-30 15:00:00,2014-10-30 15:01:00,8.4797,8.4779,8.4797,8.4777,8.4809,8.47872,8.48028,8.47872,105
2014-10-30 15:01:00,2014-10-30 15:02:00,8.4779,8.4798,8.4799,8.4779,8.47872,8.48068,8.48092,8.47872,38
2014-10-30 15:02:00,2014-10-30 15:03:00,8.4798,8.4783,8.4796,8.4781,8.48068,8.47977,8.48068,8.47918,51
2014-10-30 15:03:00,2014-10-30 15:04:00,8.4783,8.4794,8.4795,8.4778,8.47977,8.47988,8.48045,8.47888,59
2014-10-30 15:04:00,2014-10-30 15:05:00,8.4794,8.4776,8.4794,8.4775,8.47988,8.4788,8.47995,8.4784,96
2014-10-30 15:05:00,2014-10-30 15:06:00,8.4776,8.47757,8.4792,8.47683,8.4788,8.4788,8.4805,8.4782,130
2014-10-30 15:06:00,2014-10-30 15:07:00,8.47757,8.4781,8.47884,8.47757,8.4788,8.47898,8.4802,8.4787,29
2014-10-30 15:07:00,2014-10-30 15:08:00,8.4781,8.4779,8.478,8.4779,8.47898,8.47878,8.47898,8.47878,3
2014-10-30 15:08:00,2014-10-30 15:09:00,8.4779,8.4775,8.47755,8.4773,8.47878,8.4789,8.4789,8.47858,20
2014-10-30 15:09:00,2014-10-30 15:10:00,8.4775,8.4779,8.4779,8.4774,8.4789,8.479,8.479,8.4788,17
2014-10-30 15:10:00,2014-10-30 15:11:00,8.4779,8.4778,8.4785,8.4778,8.479,8.47923,8.47956,8.4791,40
2014-10-30 15:11:00,2014-10-30 15:12:00,8.4778,8.478,8.4785,8.4775,8.47923,8.47923,8.47961,8.47893,35
2014-10-30 15:12:00,2014-10-30 15:13:00,8.478,8.4788,8.4788,8.4778,8.47923,8.47983,8.47983,8.47923,29
2014-10-30 15:13:00,2014-10-30 15:14:00,8.4788,8.4785,8.4791,8.4782,8.47983,8.47963,8.48003,8.47963,30
2014-10-30 15:14:00,2014-10-30 15:15:00,8.4785,8.4787,8.4788,8.4784,8.47963,8.47998,8.48,8.47963,14
2014-10-30 15:15:00,2014-10-30 15:16:00,8.4787,8.4799,8.4801,8.4787,8.47998,8.48148,8.4816,8.47998,57
2014-10-30 15:16:00,2014-10-30 15:17:00,8.4799,8.4798,8.4806,8.4795,8.48148,8.48112,8.48188,8.48099,59
2014-10-30 15:17:00,2014-10-30 15:18:00,8.4798,8.4796,8.4801,8.4796,8.48112,8.48093,8.48093,8.48093,8
2014-10-30 15:18:00,2014-10-30 15:19:00,8.4796,8.48,8.48,8.4795,8.48093,8.48133,8.4816,8.48093,29
2014-10-30 15:19:00,2014-10-30 15:20:00,8.48,8.4802,8.4804,8.4799,8.48133,8.48133,8.48133,8.48133,22
2014-10-30 15:20:00,2014-10-30 15:21:00,8.4802,8.4802,8.48021,8.48,8.48133,8.48133,8.48133,8.48133,12
2014-10-30 15:21:00,2014-10-30 15:22:00,8.4802,8.4808,8.48104,8.4802,8.48133,8.48248,8.4827,8.48153,16
2014-10-30 15:22:00,2014-10-30 15:23:00,8.4808,8.4808,8.48115,8.4808,8.48248,8.4821,8.48248,8.4821,15
2014-10-30 15:23:00,2014-10-30 15:24:00,8.4808,8.4806,8.4808,8.4803,8.4821,8.4815,8.48199,8.4815,30
2014-10-30 15:24:00,2014-10-30 15:25:00,8.4806,8.4805,8.4805,8.4804,8.4815,8.4815,8.4815,8.4815,2
2014-10-30 15:25:00,2014-10-30 15:26:00,8.4805,8.48138,8.48138,8.4804,8.4815,8.4827,8.4827,8.4815,33
2014-10-30 15:26:00,2014-10-30 15:27:00,8.48138,8.48173,8.48189,8.48136,8.4827,8.4829,8.483,8.4825,36
2014-10-30 15:27:00,2014-10-30 15:28:00,8.48173,8.48182,8.48217,8.48177,8.4829,8.4831,8.4832,8.4829,23
2014-10-30 15:28:00,2014-10-30 15:29:00,8.48182,8.48178,8.48191,8.48177,8.4831,8.4831,8.4831,8.4831,26
2014-10-30 15:29:00,2014-10-30 15:30:00,8.48178,8.48215,8.48215,8.48177,8.4831,8.4831,8.4836,8.4831,34
2014-10-30 15:30:00,2014-10-30 15:31:00,8.48215,8.4816,8.48215,8.4816,8.4831,8.4829,8.4835,8.4829,23
2014-10-30 15:31:00,2014-10-30 15:32:00,8.4816,8.4819,8.4825,8.4817,8.4829,8.48283,8.4839,8.48283,20
2014-10-30 15:32:00,2014-10-30 15:33:00,8.4819,8.4818,8.4819,8.4818,8.48283,8.48283,8.4832,8.48283,5
2014-10-30 15:33:00,2014-10-30 15:34:00,8.4818,8.482,8.4825,8.4814,8.48283,8.48293,8.4839,8.48263,70
2014-10-30 15:34:00,2014-10-30 15:35:00,8.482,8.48171,8.4819,8.4817,8.48293,8.48293,8.48293,8.48293,5
2014-10-30 15:35:00,2014-10-30 15:36:00,8.48171,8.4819,8.4819,8.48161,8.48293,8.48293,8.48293,8.48293,12
2014-10-30 15:36:00,2014-10-30 15:37:00,8.4819,8.4813,8.482,8.4792,8.48293,8.4828,8.483,8.48033,62
2014-10-30 15:37:00,2014-10-30 15:38:00,8.4813,8.4812,8.4813,8.4811,8.4828,8.4827,8.4828,8.4827,19
2014-10-30 15:38:00,2014-10-30 15:39:00,8.4812,8.48117,8.48122,8.4811,8.4827,8.48243,8.4825,8.4824,13
2014-10-30 15:39:00,2014-10-30 15:40:00,8.48117,8.4813,8.4814,8.48107,8.48243,8.48243,8.48243,8.4824,15
2014-10-30 15:40:00,2014-10-30 15:41:00,8.4813,8.4814,8.4814,8.4812,8.48243,8.48243,8.48243,8.48243,20
2014-10-30 15:41:00,2014-10-30 15:42:00,8.4814,8.481,8.4813,8.4809,8.48243,8.48243,8.48274,8.48243,21
2014-10-30 15:42:00,2014-10-30 15:43:00,8.481,8.4807,8.4809,8.48057,8.48243,8.4824,8.4824,8.482,26
2014-10-30 15:43:00,2014-10-30 15:44:00,8.4807,8.481,8.481,8.4807,8.4824,8.48243,8.48243,8.4822,40
2014-10-30 15:44:00,2014-10-30 15:45:00,8.481,8.481,8.48112,8.481,8.48243,8.48243,8.48243,8.4824,19
2014-10-30 15:45:00,2014-10-30 15:46:00,8.481,8.4791,8.48118,8.4791,8.48243,8.48022,8.48243,8.47973,40
2014-10-30 15:46:00,2014-10-30 15:47:00,8.4791,8.48026,8.4807,8.47925,8.48022,8.4815,8.4821,8.48022,28
2014-10-30 15:47:00,2014-10-30 15:48:00,8.48026,8.48016,8.48031,8.4799,8.4815,8.4813,8.4815,8.48111,43
2014-10-30 15:48:00,2014-10-30 15:49:00,8.48016,8.47812,8.48016,8.4775,8.4813,8.479,8.4813,8.4789,21
2014-10-30 15:49:00,2014-10-30 15:50:00,8.47812,8.4775,8.47812,8.4774,8.479,8.47842,8.4792,8.47842,25
2014-10-30 15:50:00,2014-10-30 15:51:00,8.4775,8.4737,8.4774,8.47361,8.47842,8.4751,8.47865,8.4751,102
2014-10-30 15:51:00,2014-10-30 15:52:00,8.4737,8.47321,8.4737,8.4728,8.4751,8.47513,8.4752,8.4741,76
2014-10-30 15:52:00,2014-10-30 15:53:00,8.47321,8.4733,8.4746,8.4732,8.47513,8.47443,8.476,8.4743,47
2014-10-30 15:53:00,2014-10-30 15:54:00,8.4733,8.4708,8.4732,8.4707,8.47443,8.47168,8.47443,8.47167,41
2014-10-30 15:54:00,2014-10-30 15:55:00,8.4708,8.4692,8.4706,8.4691,8.47168,8.4707,8.4718,8.4702,34
2014-10-30 15:55:00,2014-10-30 15:56:00,8.4692,8.4689,8.4693,8.4688,8.4707,8.47027,8.47071,8.4696,22
2014-10-30 15:56:00,2014-10-30 15:57:00,8.4689,8.4689,8.4697,8.46879,8.47027,8.4705,8.4705,8.47027,30
2014-10-30 15:57:00,2014-10-30 15:58:00,8.4689,8.4691,8.4694,8.4689,8.4705,8.47056,8.4706,8.4705,30
2014-10-30 15:58:00,2014-10-30 15:59:00,8.4691,8.46176,8.4691,8.46,8.47056,8.4633,8.47058,8.4617,211
2014-10-30 15:59:00,2014-10-30 16:00:00,8.46176,8.46195,8.4628,8.45718,8.4633,8.46366,8.4644,8.4587,270
2014-10-30 16:00:00,2014-10-30 16:01:00,8.46195,8.4626,8.4626,8.46195,8.46366,8.4641,8.4641,8.4635,52
2014-10-30 16:01:00,2014-10-30 16:02:00,8.4626,8.46223,8.4628,8.462,8.4641,8.4637,8.4644,8.4633,42
2014-10-30 16:02:00,2014-10-30 16:03:00,8.46223,8.4623,8.4626,8.4622,8.4637,8.4638,8.4639,8.4636,12
2014-10-30 16:03:00,2014-10-30 16:04:00,8.4623,8.4623,8.4626,8.46195,8.4638,8.4635,8.4639,8.4631,52
2014-10-30 16:04:00,2014-10-30 16:05:00,8.4623,8.4624,8.4625,8.4623,8.4635,8.4635,8.4635,8.4635,4
2014-10-30 16:05:00,2014-10-30 16:06:00,8.4624,8.467,8.4671,8.4625,8.4635,8.4684,8.4684,8.4635,144
2014-10-30 16:06:00,2014-10-30 16:07:00,8.467,8.4646,8.46716,8.46372,8.4684,8.4667,8.4685,8.4658,181
2014-10-30 16:07:00,2014-10-30 16:08:00,8.4646,8.46352,8.466,8.46352,8.4667,8.4649,8.4677,8.4649,89
2014-10-30 16:08:00,2014-10-30 16:09:00,8.46352,8.46353,8.46354,8.46353,8.4649,8.4649,8.4649,8.4649,2
2014-10-30 16:09:00,2014-10-30 16:10:00,8.46353,8.4635,8.46384,8.4635,8.4649,8.4649,8.4652,8.4649,14
2014-10-30 16:10:00,2014-10-30 16:11:00,8.4635,8.4644,8.46563,8.4635,8.4649,8.466,8.467,8.4648,58
2014-10-30 16:11:00,2014-10-30 16:12:00,8.4644,8.46505,8.46505,8.4642,8.466,8.4671,8.4671,8.466,78
2014-10-30 16:12:00,2014-10-30 16:13:00,8.46505,8.4657,8.4659,8.46506,8.4671,8.4672,8.4674,8.467,50
2014-10-30 16:13:00,2014-10-30 16:14:00,8.4657,8.46489,8.4658,8.46489,8.4672,8.4661,8.4671,8.4661,30
2014-10-30 16:14:00,2014-10-30 16:15:00,8.46489,8.4658,8.466,8.46502,8.4661,8.4671,8.4674,8.4661,35
2014-10-30 16:15:00,2014-10-30 16:16:00,8.4658,8.4661,8.46666,8.4658,8.4671,8.4675,8.4685,8.4672,106
2014-10-30 16:16:00,2014-10-30 16:17:00,8.4661,8.46727,8.46743,8.4661,8.4675,8.4691,8.4692,8.4675,43
2014-10-30 16:17:00,2014-10-30 16:18:00,8.46727,8.4663,8.46721,8.4663,8.4691,8.4675,8.4691,8.4675,43
2014-10-30 16:18:00,2014-10-30 16:19:00,8.4663,8.4658,8.467,8.4658,8.4675,8.4672,8.4682,8.4672,58
2014-10-30 16:19:00,2014-10-30 16:20:00,8.4658,8.466,8.466,8.4655,8.4672,8.46741,8.4676,8.4669,16
2014-10-30 16:20:00,2014-10-30 16:21:00,8.466,8.466,8.466,8.466,8.46741,8.46741,8.46756,8.46741,2
2014-10-30 16:21:00,2014-10-30 16:22:00,8.466,8.4659,8.466,8.4659,8.46741,8.4673,8.4676,8.4673,11
2014-10-30 16:22:00,2014-10-30 16:23:00,8.4659,8.466,8.466,8.466,8.4673,8.4676,8.4676,8.4674,19
2014-10-30 16:23:00,2014-10-30 16:24:00,8.466,8.4666,8.4666,8.4655,8.4676,8.46796,8.46796,8.4669,25
2014-10-30 16:24:00,2014-10-30 16:25:00,8.4666,8.46568,8.4666,8.46568,8.46796,8.4671,8.46831,8.4671,44
2014-10-30 16:25:00,2014-10-30 16:26:00,8.46568,8.4643,8.46568,8.4643,8.4671,8.4653,8.467,8.4653,22
2014-10-30 16:26:00,2014-10-30 16:27:00,8.4643,8.4605,8.4641,8.4605,8.4653,8.4619,8.4655,8.4619,84
2014-10-30 16:27:00,2014-10-30 16:28:00,8.4605,8.4605,8.46071,8.4602,8.4619,8.4618,8.4628,8.46123,47
2014-10-30 16:28:00,2014-10-30 16:29:00,8.4605,8.4613,8.4613,8.4606,8.4618,8.4618,8.4621,8.4618,10
2014-10-30 16:29:00,2014-10-30 16:30:00,8.4613,8.4604,8.4611,8.4603,8.4618,8.4614,8.4618,8.4614,11
2014-10-30 16:30:00,2014-10-30 16:31:00,8.4604,8.4608,8.4608,8.4605,8.4614,8.4614,8.4614,8.4614,3
2014-10-30 16:31:00,2014-10-30 16:32:00,8.4608,8.461,8.4612,8.4608,8.4614,8.46192,8.46199,8.46138,42
2014-10-30 16:32:00,2014-10-30 16:33:00,8.461,8.45801,8.461,8.4568,8.46192,8.4596,8.4619,8.4584,127
2014-10-30 16:33:00,2014-10-30 16:34:00,8.45801,8.45686,8.4581,8.45671,8.4596,8.4587,8.4596,8.4585,40
2014-10-30 16:34:00,2014-10-30 16:35:00,8.45686,8.45654,8.45687,8.45615,8.4587,8.4586,8.4589,8.4573,44
2014-10-30 16:35:00,2014-10-30 16:36:00,8.45654,8.4554,8.45654,8.45347,8.4586,8.4565,8.45849,8.45469,154
2014-10-30 16:36:00,2014-10-30 16:37:00,8.4554,8.4566,8.45711,8.4547,8.4565,8.4575,8.4591,8.4557,71
2014-10-30 16:37:00,2014-10-30 16:38:00,8.4566,8.45677,8.457,8.4564,8.4575,8.4582,8.4584,8.4575,30
2014-10-30 16:38:00,2014-10-30 16:39:00,8.45677,8.4557,8.4568,8.4556,8.4582,8.4574,8.4582,8.457,34
2014-10-30 16:39:00,2014-10-30 16:40:00,8.4557,8.4565,8.45661,8.4539,8.4574,8.4582,8.4583,8.4551,97
2014-10-30 16:40:00,2014-10-30 16:41:00,8.4565,8.45572,8.4565,8.45558,8.4582,8.4574,8.4583,8.4572,80
2014-10-30 16:41:00,2014-10-30 16:42:00,8.45572,8.4553,8.45576,8.4553,8.4574,8.45665,8.4574,8.45665,60
2014-10-30 16:42:00,2014-10-30 16:43:00,8.4553,8.4535,8.4553,8.4523,8.45665,8.4552,8.45631,8.4541,72
2014-10-30 16:43:00,2014-10-30 16:44:00,8.4535,8.4537,8.4548,8.4535,8.4552,8.45525,8.45617,8.45524,60
2014-10-30 16:44:00,2014-10-30 16:45:00,8.4537,8.45326,8.45414,8.45326,8.45525,8.4542,8.4555,8.4542,54
2014-10-30 16:45:00,2014-10-30 16:46:00,8.45326,8.4528,8.4534,8.4528,8.4542,8.45415,8.4544,8.4539,15
2014-10-30 16:46:00,2014-10-30 16:47:00,8.4528,8.4531,8.4542,8.4527,8.45415,8.45433,8.45547,8.45409,60
2014-10-30 16:47:00,2014-10-30 16:48:00,8.4531,8.4531,8.4531,8.4531,8.45433,8.45436,8.45436,8.45434,3
2014-10-30 16:48:00,2014-10-30 16:49:00,8.4531,8.4523,8.4531,8.4519,8.45436,8.4537,8.45435,8.4533,37
2014-10-30 16:49:00,2014-10-30 16:50:00,8.4523,8.4525,8.4528,8.4523,8.4537,8.45386,8.4541,8.4536,13
2014-10-30 16:50:00,2014-10-30 16:51:00,8.4525,8.4528,8.4528,8.4525,8.45386,8.4542,8.4542,8.45388,8
2014-10-30 16:51:00,2014-10-30 16:52:00,8.4528,8.44945,8.4531,8.44945,8.4542,8.45032,8.454,8.45032,59
2014-10-30 16:52:00,2014-10-30 16:53:00,8.44945,8.45089,8.45231,8.44945,8.45032,8.4527,8.45349,8.4503,80
2014-10-30 16:53:00,2014-10-30 16:54:00,8.45089,8.4521,8.4521,8.45089,8.4527,8.4535,8.4535,8.4526,15
2014-10-30 16:54:00,2014-10-30 16:55:00,8.4521,8.4519,8.4521,8.4519,8.4535,8.45328,8.4535,8.45328,10
2014-10-30 16:55:00,2014-10-30 16:56:00,8.4519,8.45273,8.45276,8.4519,8.45328,8.45396,8.45396,8.45326,26
2014-10-30 16:56:00,2014-10-30 16:57:00,8.45273,8.4513,8.4532,8.4513,8.45396,8.4527,8.45435,8.4527,50
2014-10-30 16:57:00,2014-10-30 16:58:00,8.4513,8.4503,8.4513,8.4503,8.4527,8.4517,8.45241,8.4517,17
2014-10-30 16:58:00,2014-10-30 16:59:00,8.4503,8.4503,8.4511,8.4503,8.4517,8.4517,8.45217,8.4517,27
2014-10-30 16:59:00,2014-10-30 17:00:00,8.4503,8.45025,8.45025,8.45021,8.4517,8.45185,8.45185,8.45181,5
2014-10-30 17:00:00,2014-10-30 17:02:00,8.45025,8.45052,8.45052,8.45046,8.45185,8.45234,8.45234,8.45218,5
2014-10-30 17:02:00,2014-10-30 17:03:00,8.45052,8.4504,8.4506,8.4504,8.45234,8.45211,8.45269,8.45211,24
2014-10-30 17:03:00,2014-10-30 17:04:00,8.4504,8.45057,8.45057,8.45003,8.45211,8.45266,8.45269,8.45163,33
2014-10-30 17:04:00,2014-10-30 17:05:00,8.45057,8.45061,8.4522,8.45056,8.45266,8.45288,8.45397,8.45266,50
2014-10-30 17:05:00,2014-10-30 17:06:00,8.45061,8.45051,8.45061,8.45035,8.45288,8.45271,8.45293,8.45186,25
2014-10-30 17:06:00,2014-10-30 17:07:00,8.45051,8.4506,8.4519,8.45044,8.45271,8.45265,8.4533,8.45243,60
2014-10-30 17:07:00,2014-10-30 17:08:00,8.4506,8.45045,8.4506,8.45045,8.45265,8.45279,8.45289,8.45279,43
2014-10-30 17:08:00,2014-10-30 17:09:00,8.45045,8.45058,8.45059,8.4504,8.45279,8.4526,8.45286,8.4526,24
2014-10-30 17:09:00,2014-10-30 17:10:00,8.45058,8.45092,8.45092,8.45054,8.4526,8.45304,8.45304,8.4526,35
2014-10-30 17:10:00,2014-10-30 17:11:00,8.45092,8.4509,8.45092,8.45086,8.45304,8.45303,8.45304,8.453,18
2014-10-30 17:11:00,2014-10-30 17:12:00,8.4509,8.45091,8.45092,8.45084,8.45303,8.45305,8.45311,8.45299,40
2014-10-30 17:12:00,2014-10-30 17:13:00,8.45091,8.451,8.4514,8.45086,8.45305,8.4531,8.45313,8.45299,18
2014-10-30 17:13:00,2014-10-30 17:14:00,8.451,8.4526,8.4536,8.451,8.4531,8.45461,8.45466,8.45304,99
2014-10-30 17:14:00,2014-10-30 17:15:00,8.4526,8.4527,8.4527,8.4526,8.45461,8.45396,8.45472,8.45393,20
2014-10-30 17:15:00,2014-10-30 17:16:00,8.4527,8.4534,8.4534,8.4525,8.45396,8.45478,8.45478,8.4538,63
2014-10-30 17:16:00,2014-10-30 17:17:00,8.4534,8.4534,8.4536,8.4528,8.45478,8.45472,8.45491,8.4547,48
2014-10-30 17:17:00,2014-10-30 17:18:00,8.4534,8.4553,8.4553,8.4534,8.45472,8.45755,8.45755,8.45475,74
2014-10-30 17:18:00,2014-10-30 17:19:00,8.4553,8.45522,8.456,8.45508,8.45755,8.4574,8.4581,8.457,54
2014-10-30 17:19:00,2014-10-30 17:20:00,8.45522,8.45586,8.4559,8.45522,8.4574,8.45814,8.45815,8.4572,16
2014-10-30 17:20:00,2014-10-30 17:21:00,8.45586,8.45541,8.4562,8.45522,8.45814,8.45763,8.45813,8.4575,57
2014-10-30 17:21:00,2014-10-30 17:22:00,8.45541,8.4554,8.4562,8.45525,8.45763,8.45765,8.45801,8.45763,21
2014-10-30 17:22:00,2014-10-30 17:23:00,8.4554,8.4572,8.4573,8.4549,8.45765,8.45892,8.45897,8.45595,78
2014-10-30 17:23:00,2014-10-30 17:24:00,8.4572,8.4571,8.4573,8.4571,8.45892,8.45873,8.45897,8.45872,24
2014-10-30 17:24:00,2014-10-30 17:25:00,8.4571,8.4572,8.4572,8.4571,8.45873,8.45882,8.45882,8.45873,15
2014-10-30 17:25:00,2014-10-30 17:26:00,8.4572,8.4572,8.45753,8.4572,8.45882,8.45926,8.45966,8.45883,14
2014-10-30 17:26:00,2014-10-30 17:27:00,8.4572,8.4572,8.4572,8.45712,8.45926,8.45896,8.45927,8.45896,12
2014-10-30 17:27:00,2014-10-30 17:28:00,8.4572,8.4572,8.4572,8.4572,8.45896,8.45898,8.45898,8.45891,4
2014-10-30 17:28:00,2014-10-30 17:29:00,8.4572,8.4572,8.45721,8.4572,8.45898,8.4592,8.4593,8.4589,8
2014-10-30 17:29:00,2014-10-30 17:30:00,8.4572,8.45777,8.45778,8.45719,8.4592,8.4593,8.45938,8.4592,21
2014-10-30 17:30:00,2014-10-30 17:31:00,8.45777,8.45784,8.45784,8.45781,8.4593,8.4593,8.45955,8.4592,9
2014-10-30 17:31:00,2014-10-30 17:32:00,8.45784,8.45784,8.45785,8.45782,8.4593,8.4593,8.4594,8.4589,13
2014-10-30 17:32:00,2014-10-30 17:33:00,8.45784,8.45785,8.45785,8.45781,8.4593,8.4593,8.4593,8.4591,14
2014-10-30 17:33:00,2014-10-30 17:34:00,8.45785,8.45786,8.45786,8.45785,8.4593,8.4593,8.4594,8.4593,3
2014-10-30 17:34:00,2014-10-30 17:35:00,8.45786,8.45785,8.45788,8.45785,8.4593,8.4592,8.4593,8.4592,7
2014-10-30 17:35:00,2014-10-30 17:36:00,8.45785,8.45784,8.45787,8.45784,8.4592,8.4592,8.4593,8.4592,6
2014-10-30 17:36:00,2014-10-30 17:37:00,8.45784,8.4572,8.45788,8.4572,8.4592,8.459,8.4592,8.4589,10
2014-10-30 17:37:00,2014-10-30 17:38:00,8.4572,8.4572,8.4572,8.45719,8.459,8.4586,8.4589,8.4586,5
2014-10-30 17:38:00,2014-10-30 17:39:00,8.4572,8.4515,8.4572,8.45141,8.4586,8.4559,8.4586,8.45395,140
2014-10-30 17:39:00,2014-10-30 17:40:00,8.4515,8.45167,8.45247,8.45146,8.4559,8.45421,8.4559,8.45406,23
2014-10-30 17:40:00,2014-10-30 17:41:00,8.45167,8.4515,8.45167,8.4515,8.45421,8.45341,8.45341,8.45341,10
2014-10-30 17:41:00,2014-10-30 17:42:00,8.4515,8.4522,8.4531,8.4516,8.45341,8.4562,8.4563,8.45341,47
2014-10-30 17:42:00,2014-10-30 17:43:00,8.4522,8.45219,8.4532,8.45194,8.4562,8.4561,8.4563,8.45371,69
2014-10-30 17:43:00,2014-10-30 17:44:00,8.45219,8.45219,8.45328,8.4521,8.4561,8.4562,8.4562,8.4548,26
2014-10-30 17:44:00,2014-10-30 17:45:00,8.45219,8.45285,8.45349,8.4522,8.4562,8.45534,8.4563,8.45534,37
2014-10-30 17:45:00,2014-10-30 17:46:00,8.45285,8.4524,8.4531,8.4523,8.45534,8.45485,8.4554,8.45484,56
2014-10-30 17:46:00,2014-10-30 17:47:00,8.4524,8.4518,8.4524,8.4518,8.45485,8.4538,8.45485,8.4538,41
2014-10-30 17:47:00,2014-10-30 17:48:00,8.4518,8.452,8.452,8.45172,8.4538,8.4545,8.4545,8.45358,45
2014-10-30 17:48:00,2014-10-30 17:49:00,8.452,8.45225,8.45267,8.45198,8.4545,8.45458,8.45527,8.45441,53
2014-10-30 17:49:00,2014-10-30 17:50:00,8.45225,8.45236,8.45236,8.45207,8.45458,8.45494,8.45494,8.45458,12
2014-10-30 17:50:00,2014-10-30 17:51:00,8.45236,8.45195,8.45234,8.45195,8.45494,8.45449,8.45494,8.45449,22
2014-10-30 17:51:00,2014-10-30 17:52:00,8.45195,8.45236,8.45247,8.45195,8.45449,8.45494,8.455,8.4544,18
2014-10-30 17:52:00,2014-10-30 17:53:00,8.45236,8.45337,8.45337,8.45246,8.45494,8.45597,8.45597,8.45494,19
2014-10-30 17:53:00,2014-10-30 17:54:00,8.45337,8.45265,8.45337,8.45231,8.45597,8.455,8.45586,8.4548,26
2014-10-30 17:54:00,2014-10-30 17:55:00,8.45265,8.45185,8.45316,8.45161,8.455,8.4534,8.45576,8.4534,41
2014-10-30 17:55:00,2014-10-30 17:56:00,8.45185,8.45219,8.45221,8.45185,8.4534,8.45397,8.45449,8.4534,106
2014-10-30 17:56:00,2014-10-30 17:57:00,8.45219,8.45185,8.45232,8.45162,8.45397,8.4534,8.4541,8.4532,82
2014-10-30 17:57:00,2014-10-30 17:58:00,8.45185,8.4512,8.45223,8.45086,8.4534,8.45264,8.4538,8.45246,54
2014-10-30 17:58:00,2014-10-30 17:59:00,8.4512,8.45145,8.4522,8.45015,8.45264,8.45367,8.4545,8.45177,100
2014-10-30 17:59:00,2014-10-30 18:00:00,8.45145,8.45241,8.45241,8.45145,8.45367,8.4549,8.4554,8.45356,32
2014-10-30 18:00:00,2014-10-30 18:01:00,8.45241,8.45256,8.45259,8.45245,8.4549,8.4549,8.455,8.4549,10
2014-10-30 18:01:00,2014-10-30 18:02:00,8.45256,8.45215,8.45256,8.45118,8.4549,8.45502,8.4552,8.45482,19
2014-10-30 18:02:00,2014-10-30 18:03:00,8.45215,8.45316,8.45316,8.45233,8.45502,8.4554,8.4554,8.4549,22
2014-10-30 18:03:00,2014-10-30 18:04:00,8.45316,8.45316,8.45316,8.45316,8.4554,8.4553,8.4555,8.455,5
2014-10-30 18:04:00,2014-10-30 18:05:00,8.45316,8.452,8.45305,8.45172,8.4553,8.45379,8.4553,8.45379,58
2014-10-30 18:05:00,2014-10-30 18:06:00,8.452,8.4514,8.4521,8.45129,8.45379,8.45369,8.45379,8.45369,22
2014-10-30 18:06:00,2014-10-30 18:07:00,8.4514,8.4517,8.45241,8.45127,8.45369,8.45369,8.45462,8.4535,74
2014-10-30 18:07:00,2014-10-30 18:08:00,8.4517,8.4517,8.45218,8.4516,8.45369,8.45369,8.4543,8.4535,29
2014-10-30 18:08:00,2014-10-30 18:09:00,8.4517,8.4519,8.45419,8.4516,8.45369,8.4561,8.4562,8.45369,36
2014-10-30 18:09:00,2014-10-30 18:10:00,8.4519,8.452,8.45274,8.4518,8.4561,8.45428,8.45588,8.4542,45
2014-10-30 18:10:00,2014-10-30 18:11:00,8.452,8.45321,8.45326,8.45179,8.45428,8.4547,8.4549,8.4538,27
2014-10-30 18:11:00,2014-10-30 18:12:00,8.45321,8.45325,8.45329,8.45321,8.4547,8.4549,8.4551,8.4547,14
2014-10-30 18:12:00,2014-10-30 18:13:00,8.45325,8.45327,8.45328,8.45327,8.4549,8.4549,8.4549,8.4549,2
2014-10-30 18:13:00,2014-10-30 18:14:00,8.45327,8.45328,8.45328,8.45327,8.4549,8.4549,8.455,8.4549,5
2014-10-30 18:14:00,2014-10-30 18:15:00,8.45328,8.4509,8.45326,8.4507,8.4549,8.45274,8.4549,8.45267,42
2014-10-30 18:15:00,2014-10-30 18:16:00,8.4509,8.451,8.451,8.4509,8.45274,8.4527,8.45274,8.45266,8
2014-10-30 18:16:00,2014-10-30 18:17:00,8.451,8.45126,8.45126,8.451,8.4527,8.45279,8.45279,8.45267,8
2014-10-30 18:17:00,2014-10-30 18:18:00,8.45126,8.4517,8.4518,8.45131,8.45279,8.45279,8.45279,8.45279,5
2014-10-30 18:18:00,2014-10-30 18:19:00,8.4517,8.45123,8.4515,8.45123,8.45279,8.45244,8.45279,8.45244,11
2014-10-30 18:19:00,2014-10-30 18:20:00,8.45123,8.4513,8.4513,8.45122,8.45244,8.45244,8.45244,8.45244,5
2014-10-30 18:20:00,2014-10-30 18:21:00,8.4513,8.45196,8.45205,8.45123,8.45244,8.45313,8.4535,8.45244,27
2014-10-30 18:21:00,2014-10-30 18:22:00,8.45196,8.45196,8.45196,8.45196,8.45313,8.4532,8.4532,8.45314,2
2014-10-30 18:22:00,2014-10-30 18:23:00,8.45196,8.45177,8.452,8.45177,8.4532,8.45344,8.4536,8.45329,13
2014-10-30 18:23:00,2014-10-30 18:24:00,8.45177,8.45174,8.45174,8.45174,8.45344,8.4534,8.45344,8.4534,2
2014-10-30 18:24:00,2014-10-30 18:25:00,8.45174,8.45194,8.45206,8.45128,8.4534,8.45404,8.45409,8.45288,51
2014-10-30 18:25:00,2014-10-30 18:26:00,8.45194,8.45194,8.45194,8.45194,8.45404,8.45404,8.45404,8.45393,2
2014-10-30 18:26:00,2014-10-30 18:27:00,8.45194,8.4521,8.45214,8.45186,8.45404,8.45409,8.45409,8.45379,14
2014-10-30 18:27:00,2014-10-30 18:28:00,8.4521,8.45204,8.45215,8.45193,8.45409,8.45409,8.45409,8.454,19
2014-10-30 18:28:00,2014-10-30 18:29:00,8.45204,8.45209,8.45209,8.45204,8.45409,8.45405,8.45409,8.45398,9
2014-10-30 18:29:00,2014-10-30 18:30:00,8.45209,8.45208,8.45208,8.45208,8.45405,8.45407,8.45407,8.45402,4
2014-10-30 18:30:00,2014-10-30 18:31:00,8.45208,8.45167,8.45208,8.45167,8.45407,8.45345,8.45403,8.45339,19
2014-10-30 18:31:00,2014-10-30 18:32:00,8.45167,8.45147,8.45174,8.45147,8.45345,8.45279,8.4535,8.45279,16
2014-10-30 18:32:00,2014-10-30 18:33:00,8.45147,8.4504,8.45128,8.45025,8.45279,8.45244,8.45279,8.4521,32
2014-10-30 18:33:00,2014-10-30 18:34:00,8.4504,8.45025,8.4504,8.45025,8.45244,8.45221,8.45232,8.4522,16
2014-10-30 18:34:00,2014-10-30 18:35:00,8.45025,8.45024,8.45028,8.4501,8.45221,8.4519,8.45223,8.4508,28
2014-10-30 18:35:00,2014-10-30 18:36:00,8.45024,8.45037,8.45044,8.45031,8.4519,8.4522,8.4522,8.4519,7
2014-10-30 18:36:00,2014-10-30 18:37:00,8.45037,8.45034,8.45037,8.45034,8.4522,8.45205,8.4523,8.45205,8
2014-10-30 18:37:00,2014-10-30 18:38:00,8.45034,8.45034,8.45036,8.45034,8.45205,8.45204,8.45219,8.45204,6
2014-10-30 18:38:00,2014-10-30 18:39:00,8.45034,8.45034,8.45034,8.45034,8.45204,8.452,8.4521,8.452,2
2014-10-30 18:39:00,2014-10-30 18:40:00,8.45034,8.45024,8.45034,8.4502,8.452,8.4518,8.45202,8.4516,18
2014-10-30 18:40:00,2014-10-30 18:41:00,8.45024,8.45026,8.45026,8.45023,8.4518,8.4517,8.4518,8.4517,3
2014-10-30 18:41:00,2014-10-30 18:42:00,8.45026,8.4507,8.4507,8.45025,8.4517,8.45254,8.45254,8.4517,14
2014-10-30 18:42:00,2014-10-30 18:43:00,8.4507,8.45046,8.4507,8.45045,8.45254,8.4525,8.45257,8.4525,8
2014-10-30 18:43:00,2014-10-30 18:44:00,8.45046,8.45045,8.45046,8.45045,8.4525,8.45236,8.45244,8.45232,6
2014-10-30 18:44:00,2014-10-30 18:45:00,8.45045,8.45047,8.45048,8.45047,8.45236,8.45245,8.4525,8.45236,4
2014-10-30 18:45:00,2014-10-30 18:46:00,8.45047,8.4509,8.45109,8.45045,8.45245,8.45336,8.45369,8.45248,30
2014-10-30 18:46:00,2014-10-30 18:47:00,8.4509,8.4507,8.45097,8.44981,8.45336,8.45302,8.4535,8.45147,39
2014-10-30 18:47:00,2014-10-30 18:48:00,8.4507,8.4506,8.4507,8.45049,8.45302,8.45304,8.4532,8.45255,19
2014-10-30 18:48:00,2014-10-30 18:49:00,8.4506,8.45082,8.45082,8.45042,8.45304,8.4532,8.4532,8.45248,36
2014-10-30 18:49:00,2014-10-30 18:50:00,8.45082,8.45053,8.4509,8.45053,8.4532,8.4527,8.45325,8.4527,9
2014-10-30 18:50:00,2014-10-30 18:51:00,8.45053,8.45115,8.45115,8.45048,8.4527,8.45355,8.45363,8.4526,23
2014-10-30 18:51:00,2014-10-30 18:52:00,8.45115,8.45153,8.45176,8.45112,8.45355,8.4538,8.45422,8.45355,25
2014-10-30 18:52:00,2014-10-30 18:53:00,8.45153,8.45152,8.45185,8.45152,8.4538,8.4538,8.45429,8.4538,15
2014-10-30 18:53:00,2014-10-30 18:54:00,8.45152,8.45172,8.45172,8.4512,8.4538,8.45414,8.45432,8.45369,15
2014-10-30 18:54:00,2014-10-30 18:55:00,8.45172,8.45205,8.45209,8.45159,8.45414,8.45465,8.4549,8.45411,27
2014-10-30 18:55:00,2014-10-30 18:56:00,8.45205,8.45191,8.4524,8.45134,8.45465,8.45451,8.455,8.45352,61
2014-10-30 18:56:00,2014-10-30 18:57:00,8.45191,8.4527,8.4528,8.4515,8.45451,8.4546,8.4552,8.4535,40
2014-10-30 18:57:00,2014-10-30 18:58:00,8.4527,8.45252,8.4529,8.45252,8.4546,8.45445,8.455,8.45405,14
2014-10-30 18:58:00,2014-10-30 18:59:00,8.45252,8.45238,8.45252,8.4521,8.45445,8.45435,8.45459,8.45405,17
2014-10-30 18:59:00,2014-10-30 19:00:00,8.45238,8.452,8.4527,8.4512,8.45435,8.45273,8.45434,8.45273,57
2014-10-30 19:00:00,2014-10-30 19:01:00,8.452,8.4519,8.452,8.4519,8.45273,8.45268,8.45277,8.45265,14
2014-10-30 19:01:00,2014-10-30 19:02:00,8.4519,8.453,8.453,8.4517,8.45268,8.4538,8.4539,8.45246,39
2014-10-30 19:02:00,2014-10-30 19:03:00,8.453,8.4532,8.4532,8.4529,8.4538,8.4538,8.4541,8.4538,16
2014-10-30 19:03:00,2014-10-30 19:04:00,8.4532,8.4517,8.4532,8.4517,8.4538,8.4546,8.4546,8.4538,19
2014-10-30 19:04:00,2014-10-30 19:05:00,8.4517,8.45154,8.45212,8.4514,8.4546,8.45345,8.45541,8.45298,32
2014-10-30 19:05:00,2014-10-30 19:06:00,8.45154,8.45166,8.4519,8.4514,8.45345,8.45345,8.4547,8.45345,25
2014-10-30 19:06:00,2014-10-30 19:07:00,8.45166,8.45152,8.4518,8.45148,8.45345,8.4546,8.4559,8.45345,24
2014-10-30 19:07:00,2014-10-30 19:08:00,8.45152,8.45173,8.45186,8.45129,8.4546,8.4542,8.4559,8.45345,32
2014-10-30 19:08:00,2014-10-30 19:09:00,8.45173,8.45177,8.45194,8.45152,8.4542,8.4547,8.4547,8.4541,15
2014-10-30 19:09:00,2014-10-30 19:10:00,8.45177,8.45309,8.45324,8.45177,8.4547,8.45569,8.4564,8.4547,29
2014-10-30 19:10:00,2014-10-30 19:11:00,8.45309,8.45304,8.45314,8.4524,8.45569,8.45564,8.4563,8.45557,23
2014-10-30 19:11:00,2014-10-30 19:12:00,8.45304,8.45296,8.45311,8.45296,8.45564,8.45556,8.4559,8.45556,11
2014-10-30 19:12:00,2014-10-30 19:13:00,8.45296,8.45286,8.45301,8.45286,8.45556,8.45546,8.45583,8.45546,12
2014-10-30 19:13:00,2014-10-30 19:14:00,8.45286,8.4529,8.45301,8.45285,8.45546,8.4555,8.4557,8.45545,9
2014-10-30 19:14:00,2014-10-30 19:15:00,8.4529,8.45296,8.453,8.45282,8.4555,8.45556,8.45574,8.45542,16
2014-10-30 19:15:00,2014-10-30 19:16:00,8.45296,8.4529,8.45296,8.4529,8.45556,8.4555,8.45551,8.4555,4
2014-10-30 19:16:00,2014-10-30 19:17:00,8.4529,8.45289,8.45302,8.45284,8.4555,8.45549,8.4557,8.45549,14
2014-10-30 19:17:00,2014-10-30 19:18:00,8.45289,8.4529,8.45303,8.4529,8.45549,8.4555,8.4558,8.45549,14
2014-10-30 19:18:00,2014-10-30 19:19:00,8.4529,8.45304,8.45306,8.45284,8.4555,8.45564,8.4558,8.45555,21
2014-10-30 19:19:00,2014-10-30 19:20:00,8.45304,8.45296,8.45305,8.45296,8.45564,8.45556,8.4557,8.45556,12
2014-10-30 19:20:00,2014-10-30 19:21:00,8.45296,8.45298,8.45309,8.45298,8.45556,8.45558,8.45569,8.45556,6
2014-10-30 19:21:00,2014-10-30 19:22:00,8.45298,8.45306,8.45323,8.45301,8.45558,8.45566,8.45573,8.45558,10
2014-10-30 19:22:00,2014-10-30 19:23:00,8.45306,8.45318,8.45319,8.453,8.45566,8.45578,8.45583,8.45561,25
2014-10-30 19:23:00,2014-10-30 19:24:00,8.45318,8.45323,8.45323,8.45323,8.45578,8.45583,8.45583,8.45578,2
2014-10-30 19:24:00,2014-10-30 19:25:00,8.45323,8.45334,8.45335,8.45322,8.45583,8.45594,8.456,8.45582,7
2014-10-30 19:25:00,2014-10-30 19:26:00,8.45334,8.45325,8.45334,8.45325,8.45594,8.45585,8.45593,8.45585,6
2014-10-30 19:26:00,2014-10-30 19:27:00,8.45325,8.4531,8.45325,8.4531,8.45585,8.45573,8.45578,8.45573,5
2014-10-30 19:27:00,2014-10-30 19:28:00,8.4531,8.4531,8.4531,8.4529,8.45573,8.45572,8.45573,8.45554,11
2014-10-30 19:28:00,2014-10-30 19:29:00,8.4531,8.45302,8.45323,8.45302,8.45572,8.45562,8.4558,8.45562,10
2014-10-30 19:29:00,2014-10-30 19:30:00,8.45302,8.45293,8.45313,8.45291,8.45562,8.45553,8.4557,8.45551,10
2014-10-30 19:30:00,2014-10-30 19:31:00,8.45293,8.45331,8.45331,8.45284,8.45553,8.4555,8.4557,8.45544,15
2014-10-30 19:31:00,2014-10-30 19:32:00,8.45331,8.45323,8.45331,8.45316,8.4555,8.4554,8.4554,8.4554,3
2014-10-30 19:32:00,2014-10-30 19:33:00,8.45323,8.45215,8.45323,8.45215,8.4554,8.45375,8.45477,8.4537,25
2014-10-30 19:33:00,2014-10-30 19:34:00,8.45215,8.4523,8.4523,8.4521,8.45375,8.4538,8.4538,8.4537,14
2014-10-30 19:34:00,2014-10-30 19:35:00,8.4523,8.45232,8.45232,8.45228,8.4538,8.45392,8.45392,8.45387,7
2014-10-30 19:35:00,2014-10-30 19:36:00,8.45232,8.45263,8.45263,8.45227,8.45392,8.45471,8.45471,8.45387,37
2014-10-30 19:36:00,2014-10-30 19:37:00,8.45263,8.45217,8.45269,8.45215,8.45471,8.45432,8.4548,8.45396,30
2014-10-30 19:37:00,2014-10-30 19:38:00,8.45217,8.45234,8.4528,8.45206,8.45432,8.45432,8.45432,8.45432,12
2014-10-30 19:38:00,2014-10-30 19:39:00,8.45234,8.45229,8.4523,8.45215,8.45432,8.45432,8.45432,8.45432,4
2014-10-30 19:39:00,2014-10-30 19:40:00,8.45229,8.45227,8.45229,8.45227,8.45432,8.45432,8.45432,8.45432,3
2014-10-30 19:40:00,2014-10-30 19:41:00,8.45227,8.45236,8.45241,8.45215,8.45432,8.45432,8.45432,8.45432,4
2014-10-30 19:41:00,2014-10-30 19:42:00,8.45236,8.45239,8.45239,8.45235,8.45432,8.45432,8.45432,8.45432,2
2014-10-30 19:42:00,2014-10-30 19:43:00,8.45239,8.45227,8.45237,8.45222,8.45432,8.45432,8.45432,8.45432,5
2014-10-30 19:43:00,2014-10-30 19:44:00,8.45227,8.45232,8.45232,8.45228,8.45432,8.45432,8.45432,8.45432,2
2014-10-30 19:44:00,2014-10-30 19:45:00,8.45232,8.45232,8.45232,8.45228,8.45432,8.45432,8.45432,8.45432,3
2014-10-30 19:45:00,2014-10-30 19:46:00,8.45232,8.45231,8.45231,8.45214,8.45432,8.45432,8.45432,8.45432,6
2014-10-30 19:46:00,2014-10-30 19:47:00,8.45231,8.4515,8.45198,8.4515,8.45432,8.45395,8.45434,8.4538,20
2014-10-30 19:47:00,2014-10-30 19:48:00,8.4515,8.45197,8.45197,8.4512,8.45395,8.45424,8.45436,8.45347,23
2014-10-30 19:48:00,2014-10-30 19:49:00,8.45197,8.45197,8.45198,8.45194,8.45424,8.45424,8.45424,8.45424,3
2014-10-30 19:49:00,2014-10-30 19:50:00,8.45197,8.45196,8.45197,8.45196,8.45424,8.45424,8.45424,8.45424,3
2014-10-30 19:50:00,2014-10-30 19:51:00,8.45196,8.45193,8.45197,8.45193,8.45424,8.4542,8.45424,8.4542,3
2014-10-30 19:51:00,2014-10-30 19:52:00,8.45193,8.45231,8.45234,8.45195,8.4542,8.4542,8.45424,8.4542,6
2014-10-30 19:52:00,2014-10-30 19:53:00,8.45231,8.45207,8.4522,8.45207,8.4542,8.45424,8.45424,8.4542,6
2014-10-30 19:53:00,2014-10-30 19:54:00,8.45207,8.4532,8.4532,8.45189,8.45424,8.45472,8.45483,8.4541,45
2014-10-30 19:54:00,2014-10-30 19:55:00,8.4532,8.4536,8.45375,8.45328,8.45472,8.4552,8.45532,8.45472,31
2014-10-30 19:55:00,2014-10-30 19:57:00,8.4536,8.4535,8.4536,8.4535,8.4552,8.4552,8.4553,8.4552,7
2014-10-30 19:57:00,2014-10-30 19:58:00,8.4535,8.4535,8.4536,8.4535,8.4552,8.4552,8.4552,8.4551,6
2014-10-30 19:58:00,2014-10-30 19:59:00,8.4535,8.4535,8.4537,8.4534,8.4552,8.4552,8.45537,8.4552,15
2014-10-30 19:59:00,2014-10-30 20:00:00,8.4535,8.4535,8.4537,8.4534,8.4552,8.45531,8.45536,8.4552,32
2014-10-30 20:00:00,2014-10-30 20:01:00,8.4535,8.4535,8.4536,8.4535,8.45531,8.45513,8.45535,8.45513,7
2014-10-30 20:01:00,2014-10-30 20:02:00,8.4535,8.453,8.4535,8.45218,8.45513,8.45513,8.45513,8.45377,23
2014-10-30 20:02:00,2014-10-30 20:03:00,8.453,8.45411,8.45411,8.45393,8.45513,8.45571,8.45571,8.45513,14
2014-10-30 20:03:00,2014-10-30 20:04:00,8.45411,8.45594,8.45655,8.45402,8.45571,8.4582,8.4596,8.45562,42
2014-10-30 20:04:00,2014-10-30 20:05:00,8.45594,8.45596,8.45596,8.45594,8.4582,8.4583,8.4583,8.4582,9
2014-10-30 20:05:00,2014-10-30 20:06:00,8.45596,8.45613,8.45613,8.45596,8.4583,8.4584,8.4585,8.4583,11
2014-10-30 20:06:00,2014-10-30 20:07:00,8.45613,8.45606,8.45626,8.45594,8.4584,8.4585,8.4585,8.4583,16
2014-10-30 20:07:00,2014-10-30 20:08:00,8.45606,8.45609,8.45617,8.45599,8.4585,8.4586,8.4586,8.4584,13
2014-10-30 20:08:00,2014-10-30 20:09:00,8.45609,8.45507,8.45624,8.45507,8.4586,8.4576,8.4586,8.45579,29
2014-10-30 20:09:00,2014-10-30 20:10:00,8.45507,8.45507,8.45507,8.45507,8.4576,8.45756,8.45772,8.45756,4
2014-10-30 20:10:00,2014-10-30 20:12:00,8.45507,8.45507,8.45507,8.45507,8.45756,8.4575,8.45751,8.4575,2
2014-10-30 20:12:00,2014-10-30 20:13:00,8.45507,8.45507,8.45507,8.45507,8.4575,8.45765,8.45765,8.4576,3
2014-10-30 20:13:00,2014-10-30 20:14:00,8.45507,8.45507,8.45507,8.45507,8.45765,8.45765,8.45765,8.45763,3
2014-10-30 20:14:00,2014-10-30 20:15:00,8.45507,8.45507,8.45507,8.45507,8.45765,8.45752,8.4579,8.45745,12
2014-10-30 20:15:00,2014-10-30 20:16:00,8.45507,8.45507,8.45507,8.45507,8.45752,8.45757,8.45787,8.45754,9
2014-10-30 20:16:00,2014-10-30 20:17:00,8.45507,8.45524,8.45543,8.45507,8.45757,8.4579,8.45803,8.45765,11
2014-10-30 20:17:00,2014-10-30 20:18:00,8.45524,8.45507,8.45538,8.45507,8.4579,8.4576,8.45798,8.4576,18
2014-10-30 20:18:00,2014-10-30 20:19:00,8.45507,8.45507,8.45511,8.45507,8.4576,8.45757,8.45792,8.45743,50
2014-10-30 20:19:00,2014-10-30 20:20:00,8.45507,8.45507,8.4551,8.45507,8.45757,8.45751,8.45769,8.45751,6
2014-10-30 20:20:00,2014-10-30 20:21:00,8.45507,8.45507,8.45507,8.45507,8.45751,8.45742,8.45746,8.45742,2
2014-10-30 20:21:00,2014-10-30 20:22:00,8.45507,8.45497,8.4551,8.4543,8.45742,8.45741,8.45759,8.45601,34
2014-10-30 20:22:00,2014-10-30 20:23:00,8.45497,8.45497,8.4551,8.45497,8.45741,8.45745,8.4577,8.45741,9
2014-10-30 20:23:00,2014-10-30 20:24:00,8.45497,8.45497,8.45497,8.45497,8.45745,8.45774,8.45802,8.45774,5
2014-10-30 20:24:00,2014-10-30 20:25:00,8.45497,8.453,8.45497,8.4513,8.45774,8.4574,8.4582,8.45395,55
2014-10-30 20:25:00,2014-10-30 20:26:00,8.453,8.453,8.453,8.4522,8.4574,8.4577,8.4583,8.4573,55
2014-10-30 20:26:00,2014-10-30 20:27:00,8.453,8.4531,8.4531,8.4526,8.4577,8.4578,8.4582,8.4574,26
2014-10-30 20:27:00,2014-10-30 20:28:00,8.4531,8.4531,8.4531,8.4523,8.4578,8.4577,8.4582,8.4575,20
2014-10-30 20:28:00,2014-10-30 20:29:00,8.4531,8.4525,8.4532,8.4523,8.4577,8.45641,8.45817,8.45641,46
2014-10-30 20:29:00,2014-10-30 20:30:00,8.4525,8.45324,8.45324,8.45292,8.45641,8.4564,8.4564,8.45609,12
2014-10-30 20:30:00,2014-10-30 20:31:00,8.45324,8.4528,8.45324,8.4528,8.4564,8.45596,8.45625,8.45596,11
2014-10-30 20:31:00,2014-10-30 20:32:00,8.4528,8.45283,8.45284,8.45263,8.45596,8.45599,8.456,8.4558,8
2014-10-30 20:32:00,2014-10-30 20:33:00,8.45283,8.45285,8.45285,8.4527,8.45599,8.45601,8.45601,8.45579,8
2014-10-30 20:33:00,2014-10-30 20:34:00,8.45285,8.45282,8.45284,8.4528,8.45601,8.45599,8.45601,8.45596,5
2014-10-30 20:34:00,2014-10-30 20:35:00,8.45282,8.45327,8.45342,8.4529,8.45599,8.45643,8.4565,8.45599,12
2014-10-30 20:35:00,2014-10-30 20:36:00,8.45327,8.45329,8.45333,8.45329,8.45643,8.4564,8.45649,8.4564,4
2014-10-30 20:36:00,2014-10-30 20:37:00,8.45329,8.45309,8.45329,8.45309,8.4564,8.4562,8.45637,8.4562,7
2014-10-30 20:37:00,2014-10-30 20:38:00,8.45309,8.45308,8.45311,8.45295,8.4562,8.4562,8.4562,8.45612,5
2014-10-30 20:38:00,2014-10-30 20:39:00,8.45308,8.45302,8.45308,8.45294,8.4562,8.4561,8.4562,8.4561,7
2014-10-30 20:39:00,2014-10-30 20:40:00,8.45302,8.4506,8.45308,8.4502,8.4561,8.4562,8.4562,8.45253,35
2014-10-30 20:40:00,2014-10-30 20:41:00,8.4506,8.45027,8.4512,8.45027,8.4562,8.4564,8.4567,8.4559,17
2014-10-30 20:41:00,2014-10-30 20:42:00,8.45027,8.45102,8.45102,8.45027,8.4564,8.4566,8.4567,8.456,13
2014-10-30 20:42:00,2014-10-30 20:43:00,8.45102,8.45102,8.45102,8.45102,8.4566,8.4566,8.4566,8.456,11
2014-10-30 20:43:00,2014-10-30 20:44:00,8.45102,8.4505,8.45102,8.4505,8.4566,8.4566,8.4566,8.456,8
2014-10-30 20:44:00,2014-10-30 20:45:00,8.4505,8.4545,8.4545,8.4501,8.4566,8.45713,8.45713,8.45642,13
2014-10-30 20:45:00,2014-10-30 20:46:00,8.4545,8.4506,8.4545,8.4505,8.45713,8.4539,8.4574,8.4539,26
2014-10-30 20:46:00,2014-10-30 20:47:00,8.4506,8.4513,8.4513,8.4505,8.4539,8.4539,8.454,8.4539,7
2014-10-30 20:47:00,2014-10-30 20:48:00,8.4513,8.4515,8.4515,8.4514,8.4539,8.454,8.454,8.4539,3
2014-10-30 20:48:00,2014-10-30 20:49:00,8.4515,8.4515,8.4515,8.4514,8.454,8.454,8.454,8.4539,4
2014-10-30 20:49:00,2014-10-30 20:50:00,8.4515,8.4519,8.4519,8.4515,8.454,8.4549,8.4549,8.4544,4
2014-10-30 20:50:00,2014-10-30 20:51:00,8.4519,8.452,8.452,8.452,8.4549,8.455,8.455,8.4549,2
2014-10-30 20:51:00,2014-10-30 20:52:00,8.452,8.452,8.452,8.452,8.455,8.4553,8.4553,8.4553,1
2014-10-30 20:52:00,2014-10-30 20:53:00,8.452,8.45064,8.452,8.45064,8.4553,8.45624,8.45624,8.45563,10
2014-10-30 20:53:00,2014-10-30 20:54:00,8.45064,8.4503,8.45064,8.4503,8.45624,8.45606,8.45633,8.45602,5
2014-10-30 20:54:00,2014-10-30 20:55:00,8.4503,8.45019,8.4506,8.45015,8.45606,8.45611,8.45648,8.45606,10
2014-10-30 20:55:00,2014-10-30 20:56:00,8.45019,8.45043,8.45054,8.45043,8.45611,8.45636,8.45647,8.4562,6
2014-10-30 20:56:00,2014-10-30 20:57:00,8.45043,8.4501,8.4508,8.4501,8.45636,8.4565,8.45671,8.45628,8
2014-10-30 20:57:00,2014-10-30 20:58:00,8.4501,8.44951,8.4501,8.44951,8.4565,8.45691,8.4575,8.45691,5
2014-10-30 20:58:00,2014-10-30 20:59:00,8.44951,8.4499,8.45,8.4492,8.45691,8.4589,8.459,8.4584,13
2014-10-30 20:59:00,2014-10-30 21:01:00,8.4499,8.4508,8.4508,8.4476,8.4589,8.46462,8.46462,8.46462,9
2014-10-30 21:01:00,2014-10-30 21:02:00,8.4508,8.4507,8.4508,8.4506,8.46462,8.46367,8.46368,8.46367,4
2014-10-30 21:02:00,2014-10-30 21:03:00,8.4507,8.4507,8.4507,8.4507,8.46367,8.46365,8.46365,8.46365,1
2014-10-30 21:03:00,2014-10-30 21:04:00,8.4507,8.4507,8.4507,8.4507,8.46365,8.4562,8.4683,8.4562,6
2014-10-30 21:04:00,2014-10-30 21:05:00,8.4507,8.4498,8.4498,8.4498,8.4562,8.4562,8.4562,8.4562,1
2014-10-30 21:05:00,2014-10-30 21:06:00,8.4498,8.4498,8.4506,8.4498,8.4562,8.4562,8.457,8.4562,5
2014-10-30 21:06:00,2014-10-30 21:07:00,8.4498,8.4498,8.4538,8.44796,8.4562,8.4562,8.4646,8.4562,17
2014-10-30 21:07:00,2014-10-30 21:08:00,8.4498,8.4498,8.4544,8.4486,8.4562,8.4562,8.4659,8.4562,26
2014-10-30 21:08:00,2014-10-30 21:09:00,8.4498,8.4498,8.4544,8.4486,8.4562,8.4562,8.4659,8.4562,27
2014-10-30 21:09:00,2014-10-30 21:10:00,8.4498,8.4498,8.4544,8.44796,8.4562,8.4562,8.4659,8.4562,25
2014-10-30 21:10:00,2014-10-30 21:11:00,8.4498,8.4498,8.4542,8.4474,8.4562,8.4562,8.4657,8.4562,23
2014-10-30 21:11:00,2014-10-30 21:12:00,8.4498,8.4495,8.4534,8.44766,8.4562,8.4565,8.4662,8.4564,24
2014-10-30 21:12:00,2014-10-30 21:13:00,8.4495,8.4499,8.4532,8.44787,8.4565,8.4563,8.4665,8.4562,24
2014-10-30 21:13:00,2014-10-30 21:14:00,8.4499,8.45,8.4535,8.4476,8.4563,8.4564,8.4662,8.4564,20
2014-10-30 21:14:00,2014-10-30 21:15:00,8.45,8.45,8.4535,8.44772,8.4564,8.4564,8.4662,8.4564,22
2014-10-30 21:15:00,2014-10-30 21:16:00,8.45,8.45,8.4523,8.4488,8.4564,8.4564,8.4627,8.4564,20
2014-10-30 21:16:00,2014-10-30 21:17:00,8.45,8.45,8.4523,8.4476,8.4564,8.4564,8.4662,8.4564,20
2014-10-30 21:17:00,2014-10-30 21:18:00,8.45,8.45,8.4523,8.4476,8.4564,8.4564,8.46394,8.4564,22
2014-10-30 21:18:00,2014-10-30 21:20:00,8.45,8.45,8.4541,8.4476,8.4564,8.4564,8.463,8.4564,22
2014-10-30 21:20:00,2014-10-30 21:21:00,8.45,8.45,8.4527,8.4476,8.4564,8.4564,8.4628,8.4564,22
2014-10-30 21:21:00,2014-10-30 21:22:00,8.45,8.45,8.4538,8.4476,8.4564,8.4564,8.46506,8.4564,19
2014-10-30 21:22:00,2014-10-30 21:24:00,8.45,8.45,8.4527,8.4476,8.4564,8.4564,8.4655,8.4564,27
2014-10-30 21:24:00,2014-10-30 21:25:00,8.45,8.45,8.4528,8.4488,8.4564,8.4564,8.46325,8.4564,31
2014-10-30 21:25:00,2014-10-30 21:26:00,8.45,8.4497,8.4541,8.4488,8.4564,8.4567,8.4655,8.4566,26
2014-10-30 21:26:00,2014-10-30 21:27:00,8.4497,8.4501,8.4541,8.44821,8.4567,8.4565,8.4655,8.4564,31
2014-10-30 21:27:00,2014-10-30 21:28:00,8.4501,8.4502,8.4523,8.4496,8.4565,8.4566,8.4628,8.4566,25
2014-10-30 21:28:00,2014-10-30 21:29:00,8.4502,8.4502,8.4529,8.4502,8.4566,8.4566,8.46516,8.4566,24
2014-10-30 21:29:00,2014-10-30 21:30:00,8.4502,8.4508,8.4539,8.44882,8.4566,8.4568,8.46504,8.4566,28
2014-10-30 21:30:00,2014-10-30 21:31:00,8.4508,8.4508,8.4543,8.4508,8.4568,8.4568,8.4655,8.4568,24
2014-10-30 21:31:00,2014-10-30 21:33:00,8.4508,8.45121,8.45307,8.4508,8.4568,8.4567,8.4655,8.4567,23
2014-10-30 21:33:00,2014-10-30 21:34:00,8.45121,8.45082,8.4532,8.45082,8.4567,8.4568,8.4655,8.4568,20
2014-10-30 21:34:00,2014-10-30 21:35:00,8.45082,8.4508,8.4512,8.4504,8.4568,8.4568,8.4576,8.4568,20
2014-10-30 21:35:00,2014-10-30 21:36:00,8.4508,8.4507,8.4533,8.4507,8.4568,8.4569,8.4637,8.4569,62
2014-10-30 21:36:00,2014-10-30 21:37:00,8.4507,8.4507,8.4531,8.4507,8.4569,8.4569,8.4636,8.4569,47
2014-10-30 21:37:00,2014-10-30 21:38:00,8.4507,8.451,8.45394,8.4506,8.4569,8.4574,8.464,8.4569,109
2014-10-30 21:38:00,2014-10-30 21:39:00,8.451,8.4506,8.45381,8.4506,8.4574,8.457,8.46424,8.457,93
2014-10-30 21:39:00,2014-10-30 21:40:00,8.4506,8.4506,8.4528,8.4506,8.457,8.457,8.4637,8.457,50
2014-10-30 21:40:00,2014-10-30 21:41:00,8.4506,8.4506,8.4527,8.4506,8.457,8.457,8.4638,8.457,42
2014-10-30 21:41:00,2014-10-30 21:42:00,8.4506,8.4507,8.4526,8.4506,8.457,8.4571,8.4638,8.457,30
2014-10-30 21:42:00,2014-10-30 21:43:00,8.4507,8.4507,8.4527,8.4506,8.4571,8.4571,8.4638,8.4571,35
2014-10-30 21:43:00,2014-10-30 21:44:00,8.4507,8.4508,8.453,8.4506,8.4571,8.4572,8.4638,8.4572,36
2014-10-30 21:44:00,2014-10-30 21:45:00,8.4508,8.4508,8.4527,8.4506,8.4572,8.4572,8.4638,8.4572,13
2014-10-30 21:45:00,2014-10-30 21:46:00,8.4508,8.451,8.4533,8.4506,8.4572,8.4574,8.4638,8.4574,20
2014-10-30 21:46:00,2014-10-30 21:47:00,8.451,8.451,8.4537,8.4502,8.4574,8.4574,8.4631,8.4572,19
2014-10-30 21:47:00,2014-10-30 21:48:00,8.451,8.4511,8.4535,8.4503,8.4574,8.4575,8.4633,8.4573,13
2014-10-30 21:48:00,2014-10-30 21:49:00,8.4511,8.4511,8.4538,8.4506,8.4575,8.4575,8.463,8.4575,13
2014-10-30 21:49:00,2014-10-30 21:52:00,8.4511,8.451,8.4537,8.4505,8.4575,8.4574,8.4637,8.4574,19
2014-10-30 21:52:00,2014-10-30 21:53:00,8.451,8.451,8.4537,8.4504,8.4574,8.4574,8.4627,8.4574,14
2014-10-30 21:53:00,2014-10-30 21:54:00,8.451,8.4509,8.454,8.4505,8.4574,8.4573,8.4633,8.4573,17
2014-10-30 21:54:00,2014-10-30 21:55:00,8.4509,8.4517,8.4535,8.4503,8.4573,8.4575,8.4633,8.4572,20
2014-10-30 21:55:00,2014-10-30 21:56:00,8.4517,8.4517,8.4517,8.4517,8.4575,8.45736,8.45738,8.4572,5
2014-10-30 21:56:00,2014-10-30 21:57:00,8.4517,8.4517,8.4517,8.4517,8.45736,8.45736,8.45738,8.45736,3
2014-10-30 21:57:00,2014-10-30 21:58:00,8.4517,8.451,8.451,8.451,8.45736,8.45736,8.45736,8.45736,1
2014-10-30 21:58:00,2014-10-30 21:59:00,8.451,8.45095,8.451,8.45095,8.45736,8.45842,8.45842,8.45736,5
2014-10-30 21:59:00,2014-10-30 22:00:00,8.45095,8.4523,8.4523,8.4517,8.45842,8.4576,8.458,8.4572,19
2014-10-30 22:00:00,2014-10-30 22:01:00,8.4523,8.4523,8.4523,8.4522,8.4576,8.4577,8.458,8.4576,8
2014-10-30 22:01:00,2014-10-30 22:02:00,8.4523,8.4523,8.4523,8.4522,8.4577,8.4576,8.4581,8.4576,6
2014-10-30 22:02:00,2014-10-30 22:03:00,8.4523,8.4522,8.4522,8.4522,8.4576,8.4576,8.4576,8.4576,1
2014-10-30 22:03:00,2014-10-30 22:04:00,8.4522,8.4523,8.4523,8.4522,8.4576,8.457,8.4576,8.457,5
2014-10-30 22:04:00,2014-10-30 22:05:00,8.4523,8.4524,8.4524,8.4524,8.457,8.4563,8.4566,8.4563,3
2014-10-30 22:05:00,2014-10-30 22:10:00,8.4525,8.45141,8.45141,8.4514,8.4564,8.45681,8.45681,8.4568,3
2014-10-30 22:10:00,2014-10-30 22:11:00,8.45141,8.45138,8.45141,8.45138,8.45681,8.45678,8.4568,8.45678,4
2014-10-30 22:11:00,2014-10-30 22:12:00,8.45138,8.45139,8.4514,8.45139,8.45678,8.45679,8.4568,8.45678,6
2014-10-30 22:12:00,2014-10-30 22:13:00,8.45139,8.45148,8.45148,8.45148,8.45679,8.45688,8.45688,8.45679,2
2014-10-30 22:13:00,2014-10-30 22:14:00,8.45148,8.45147,8.45149,8.45141,8.45688,8.45687,8.45689,8.45681,6
2014-10-30 22:14:00,2014-10-30 22:15:00,8.45147,8.4524,8.4525,8.4524,8.45687,8.4563,8.4564,8.4563,5
2014-10-30 22:15:00,2014-10-30 22:16:00,8.4524,8.4525,8.4525,8.4525,8.4563,8.4564,8.4564,8.4563,2
2014-10-30 22:16:00,2014-10-30 22:19:00,8.4525,8.45136,8.45136,8.45136,8.4564,8.45676,8.45676,8.45676,1
2014-10-30 22:19:00,2014-10-30 22:20:00,8.45136,8.45135,8.45135,8.45135,8.45676,8.45675,8.45675,8.45675,1
2014-10-30 22:20:00,2014-10-30 22:21:00,8.45135,8.45137,8.45139,8.45137,8.45675,8.45677,8.45679,8.45675,3
2014-10-30 22:21:00,2014-10-30 22:22:00,8.45137,8.4525,8.4526,8.45138,8.45677,8.4564,8.45681,8.4564,6
2014-10-30 22:22:00,2014-10-30 22:23:00,8.4525,8.4526,8.4526,8.4526,8.4564,8.4565,8.4565,8.4564,2
2014-10-30 22:23:00,2014-10-30 22:25:00,8.4526,8.4526,8.4527,8.4526,8.4565,8.4565,8.4566,8.45634,5
2014-10-30 22:25:00,2014-10-30 22:28:00,8.4526,8.45137,8.45137,8.45093,8.4565,8.45677,8.4572,8.45677,2
2014-10-30 22:28:00,2014-10-30 22:29:00,8.45137,8.45093,8.45138,8.45093,8.45677,8.457,8.4571,8.45676,6
2014-10-30 22:29:00,2014-10-30 22:30:00,8.45093,8.45093,8.45093,8.45093,8.457,8.457,8.457,8.4562,2
2014-10-30 22:30:00,2014-10-30 22:31:00,8.45093,8.4525,8.4525,8.45093,8.457,8.4564,8.4572,8.4564,7
2014-10-30 22:31:00,2014-10-30 22:32:00,8.4525,8.4525,8.4525,8.4525,8.4564,8.4564,8.4564,8.4561,2
2014-10-30 22:32:00,2014-10-30 22:34:00,8.4525,8.45093,8.45093,8.45093,8.4564,8.4572,8.4572,8.4572,1
2014-10-30 22:34:00,2014-10-30 22:35:00,8.45093,8.45093,8.45093,8.45093,8.4572,8.4572,8.45747,8.4569,6
2014-10-30 22:35:00,2014-10-30 22:36:00,8.45093,8.45093,8.45093,8.4508,8.4572,8.4572,8.4572,8.4572,2
2014-10-30 22:36:00,2014-10-30 22:39:00,8.45093,8.4524,8.4524,8.45093,8.4572,8.4563,8.45747,8.4563,2
2014-10-30 22:39:00,2014-10-30 22:42:00,8.4524,8.45122,8.45122,8.45117,8.4563,8.45662,8.45662,8.45657,3
2014-10-30 22:42:00,2014-10-30 22:43:00,8.45122,8.4513,8.4513,8.45093,8.45662,8.4548,8.4563,8.4546,13
2014-10-30 22:43:00,2014-10-30 22:45:00,8.4513,8.45093,8.45093,8.45093,8.4548,8.4548,8.4548,8.4548,1
2014-10-30 22:45:00,2014-10-30 22:46:00,8.45093,8.45093,8.45093,8.45093,8.4548,8.4547,8.4547,8.4547,1
2014-10-30 22:46:00,2014-10-30 22:48:00,8.45093,8.45093,8.45093,8.45093,8.4547,8.4547,8.4548,8.4547,2
2014-10-30 22:48:00,2014-10-30 22:51:00,8.45093,8.45093,8.45093,8.45093,8.4547,8.4548,8.45557,8.4548,3
2014-10-30 22:51:00,2014-10-30 22:52:00,8.45093,8.45093,8.45093,8.4508,8.4548,8.4548,8.4549,8.4548,4
2014-10-30 22:52:00,2014-10-30 22:53:00,8.45093,8.45093,8.45093,8.45093,8.4548,8.4549,8.4549,8.4546,3
2014-10-30 22:53:00,2014-10-30 22:54:00,8.45093,8.45093,8.45093,8.45093,8.4549,8.4548,8.455,8.4548,2
2014-10-30 22:54:00,2014-10-30 22:57:00,8.45093,8.45093,8.45093,8.45093,8.4548,8.4549,8.4549,8.4549,1
2014-10-30 22:57:00,2014-10-30 22:58:00,8.45093,8.45093,8.45093,8.45093,8.4549,8.4547,8.4548,8.4547,2
2014-10-30 22:58:00,2014-10-30 23:00:00,8.45093,8.45083,8.45117,8.45083,8.4547,8.4547,8.4547,8.4547,2
2014-10-30 23:00:00,2014-10-30 23:01:00,8.45083,8.45083,8.45083,8.45083,8.4547,8.45555,8.45555,8.45555,1
2014-10-30 23:01:00,2014-10-30 23:02:00,8.45083,8.45083,8.45083,8.45083,8.45555,8.4548,8.4548,8.4547,3
2014-10-30 23:02:00,2014-10-30 23:04:00,8.4509,8.45083,8.4509,8.45083,8.4549,8.4548,8.4548,8.4548,2
2014-10-30 23:04:00,2014-10-30 23:05:00,8.45083,8.45083,8.4509,8.45083,8.4548,8.4549,8.4549,8.4548,3
2014-10-30 23:05:00,2014-10-30 23:06:00,8.45083,8.45083,8.45083,8.45083,8.4549,8.4548,8.4548,8.4548,1
2014-10-30 23:06:00,2014-10-30 23:08:00,8.4509,8.45083,8.45083,8.45083,8.4549,8.4549,8.4549,8.4549,1
2014-10-30 23:08:00,2014-10-30 23:09:00,8.45083,8.45083,8.4509,8.45083,8.4549,8.4548,8.4549,8.4548,3
2014-10-30 23:09:00,2014-10-30 23:12:00,8.45083,8.4509,8.4509,8.4509,8.4548,8.4549,8.4549,8.4548,2
2014-10-30 23:12:00,2014-10-30 23:15:00,8.4509,8.4509,8.451,8.45083,8.4549,8.4549,8.45542,8.45392,59
2014-10-30 23:15:00,2014-10-30 23:16:00,8.4509,8.451,8.451,8.45083,8.4549,8.455,8.45566,8.4549,5
2014-10-30 23:16:00,2014-10-30 23:17:00,8.451,8.45083,8.451,8.45083,8.455,8.4548,8.4549,8.4548,4
2014-10-30 23:17:00,2014-10-30 23:18:00,8.45083,8.4513,8.4513,8.4512,8.4548,8.4548,8.4549,8.4548,4
2014-10-30 23:18:00,2014-10-30 23:19:00,8.4513,8.451,8.4518,8.451,8.4548,8.4537,8.4545,8.4536,9
2014-10-30 23:19:00,2014-10-30 23:20:00,8.451,8.451,8.451,8.4509,8.4537,8.4537,8.4537,8.4536,4
2014-10-30 23:20:00,2014-10-30 23:21:00,8.451,8.451,8.451,8.451,8.4537,8.4537,8.4537,8.4536,2
2014-10-30 23:21:00,2014-10-30 23:24:00,8.4509,8.451,8.451,8.451,8.4536,8.4536,8.4536,8.4536,1
2014-10-30 23:24:00,2014-10-30 23:25:00,8.451,8.451,8.451,8.4509,8.4536,8.4537,8.4537,8.4536,7
2014-10-30 23:25:00,2014-10-30 23:26:00,8.451,8.451,8.451,8.4509,8.4537,8.4536,8.4536,8.4536,3
2014-10-30 23:26:00,2014-10-30 23:27:00,8.451,8.451,8.451,8.451,8.4536,8.4537,8.4537,8.4537,1
2014-10-30 23:27:00,2014-10-30 23:29:00,8.451,8.4509,8.451,8.4509,8.4537,8.4536,8.4536,8.4536,2
2014-10-30 23:29:00,2014-10-30 23:30:00,8.4509,8.4511,8.4511,8.451,8.4536,8.4537,8.4537,8.4536,3
2014-10-30 23:30:00,2014-10-30 23:31:00,8.4511,8.4511,8.4511,8.4511,8.4537,8.4537,8.4538,8.4537,2
2014-10-30 23:31:00,2014-10-30 23:32:00,8.4511,8.4512,8.4512,8.4512,8.4537,8.4538,8.4538,8.4537,2
2014-10-30 23:32:00,2014-10-30 23:34:00,8.4512,8.4512,8.4512,8.4511,8.4538,8.4538,8.4538,8.4537,4
2014-10-30 23:34:00,2014-10-30 23:35:00,8.4512,8.4511,8.4512,8.4511,8.4538,8.4537,8.4537,8.4537,2
2014-10-30 23:35:00,2014-10-30 23:36:00,8.4511,8.4511,8.4512,8.4511,8.4537,8.4537,8.4538,8.4537,4
2014-10-30 23:36:00,2014-10-30 23:38:00,8.4511,8.4511,8.4511,8.451,8.4537,8.4537,8.4537,8.4536,4
2014-10-30 23:38:00,2014-10-30 23:40:00,8.451,8.451,8.451,8.451,8.4536,8.4536,8.4537,8.4536,2
2014-10-30 23:40:00,2014-10-30 23:41:00,8.451,8.4511,8.4511,8.4511,8.4536,8.4537,8.4537,8.4536,2
2014-10-30 23:41:00,2014-10-30 23:44:00,8.4511,8.45071,8.45071,8.45071,8.4537,8.4556,8.4556,8.45559,3
2014-10-30 23:44:00,2014-10-30 23:45:00,8.45071,8.451,8.451,8.45071,8.4556,8.4537,8.45567,8.4537,2
2014-10-30 23:45:00,2014-10-30 23:46:00,8.451,8.451,8.451,8.451,8.4537,8.4536,8.4536,8.4536,1
2014-10-30 23:46:00,2014-10-30 23:47:00,8.451,8.4509,8.4509,8.4509,8.4536,8.4536,8.4536,8.4536,1
2014-10-30 23:47:00,2014-10-30 23:49:00,8.4509,8.4511,8.4511,8.4498,8.4536,8.4538,8.4562,8.4536,17
2014-10-30 23:49:00,2014-10-30 23:50:00,8.4511,8.451,8.4511,8.451,8.4538,8.4537,8.4537,8.4537,2
2014-10-30 23:50:00,2014-10-30 23:51:00,8.451,8.4512,8.4513,8.4512,8.4537,8.4539,8.4539,8.4537,5
2014-10-30 23:51:00,2014-10-30 23:52:00,8.4512,8.4511,8.4512,8.4511,8.4539,8.4538,8.4538,8.4538,2
2014-10-30 23:52:00,2014-10-30 23:53:00,8.4511,8.4511,8.4512,8.4511,8.4538,8.4538,8.4538,8.4538,2
2014-10-30 23:53:00,2014-10-30 23:54:00,8.4511,8.4512,8.4512,8.4511,8.4538,8.4538,8.4538,8.4538,3
2014-10-30 23:54:00,2014-10-30 23:55:00,8.4512,8.4512,8.4512,8.4512,8.4538,8.4539,8.4539,8.4539,1
2014-10-30 23:55:00,2014-10-30 23:56:00,8.4512,8.4512,8.4513,8.4512,8.4539,8.4539,8.454,8.4539,7
2014-10-30 23:56:00,2014-10-30 23:57:00,8.4512,8.4513,8.4513,8.4512,8.4539,8.4539,8.454,8.4539,8
2014-10-30 23:57:00,2014-10-30 23:58:00,8.4513,8.4513,8.4513,8.4512,8.4539,8.454,8.454,8.4539,9
2014-10-30 23:58:00,2014-10-30 23:59:00,8.4513,8.4511,8.4513,8.4511,8.454,8.4538,8.4539,8.4538,6
2014-10-30 23:59:00,2014-10-31 00:00:00,8.4511,8.4511,8.4512,8.451,8.4538,8.4538,8.4538,8.4537,5
2014-10-31 00:00:00,2014-10-31 00:01:00,8.4511,8.451,8.4511,8.451,8.4538,8.4537,8.4538,8.4537,6
2014-10-31 00:01:00,2014-10-31 00:02:00,8.451,8.4511,8.4511,8.4511,8.4537,8.4538,8.4538,8.4537,2
2014-10-31 00:02:00,2014-10-31 00:05:00,8.4511,8.4513,8.4513,8.4512,8.4538,8.4539,8.454,8.4538,8
2014-10-31 00:05:00,2014-10-31 00:06:00,8.4513,8.4513,8.4513,8.4512,8.4539,8.454,8.454,8.4539,5
2014-10-31 00:06:00,2014-10-31 00:07:00,8.4513,8.4513,8.4513,8.4512,8.454,8.454,8.454,8.4539,8
2014-10-31 00:07:00,2014-10-31 00:08:00,8.4513,8.4513,8.4513,8.4513,8.454,8.4539,8.4539,8.4539,1
2014-10-31 00:08:00,2014-10-31 00:09:00,8.4513,8.4515,8.4515,8.4513,8.4539,8.4541,8.4542,8.4541,4
2014-10-31 00:09:00,2014-10-31 00:10:00,8.4515,8.4514,8.4514,8.4514,8.4541,8.4541,8.4541,8.4541,1
2014-10-31 00:10:00,2014-10-31 00:12:00,8.4514,8.4514,8.4515,8.4514,8.4541,8.4541,8.4541,8.4541,2
2014-10-31 00:12:00,2014-10-31 00:13:00,8.4514,8.4514,8.4515,8.4514,8.4541,8.454,8.4541,8.454,3
2014-10-31 00:13:00,2014-10-31 00:15:00,8.4514,8.4514,8.4514,8.4513,8.4541,8.454,8.4541,8.454,5
2014-10-31 00:15:00,2014-10-31 00:16:00,8.4514,8.4514,8.4514,8.4514,8.454,8.4541,8.4541,8.4541,1
2014-10-31 00:16:00,2014-10-31 00:17:00,8.4514,8.4514,8.4514,8.4514,8.4541,8.454,8.454,8.454,1
2014-10-31 00:17:00,2014-10-31 00:19:00,8.4514,8.4514,8.4514,8.4513,8.454,8.454,8.454,8.454,2
2014-10-31 00:19:00,2014-10-31 00:21:00,8.4513,8.4514,8.4514,8.4514,8.454,8.454,8.454,8.454,1
2014-10-31 00:21:00,2014-10-31 00:22:00,8.4514,8.4514,8.4514,8.4514,8.454,8.454,8.4541,8.454,2
2014-10-31 00:22:00,2014-10-31 00:23:00,8.4514,8.4513,8.4513,8.4513,8.454,8.454,8.454,8.454,1
2014-10-31 00:23:00,2014-10-31 00:26:00,8.4513,8.4506,8.4506,8.4506,8.454,8.45545,8.45545,8.45545,1
2014-10-31 00:26:00,2014-10-31 00:28:00,8.4506,8.4506,8.4506,8.4506,8.45545,8.45544,8.45544,8.45544,1
2014-10-31 00:28:00,2014-10-31 00:29:00,8.4506,8.4513,8.4513,8.4506,8.45544,8.454,8.45542,8.4539,5
2014-10-31 00:29:00,2014-10-31 00:30:00,8.4513,8.4513,8.4513,8.4512,8.454,8.4539,8.454,8.4539,5
2014-10-31 00:30:00,2014-10-31 00:31:00,8.4513,8.4513,8.4513,8.4513,8.4539,8.454,8.454,8.4539,3
2014-10-31 00:31:00,2014-10-31 00:32:00,8.4513,8.4514,8.4514,8.4513,8.454,8.4541,8.4541,8.454,4
2014-10-31 00:32:00,2014-10-31 00:35:00,8.4514,8.4514,8.4514,8.4513,8.4541,8.454,8.454,8.454,3
2014-10-31 00:35:00,2014-10-31 00:36:00,8.4514,8.4514,8.4514,8.4513,8.454,8.4541,8.4541,8.4541,2
2014-10-31 00:36:00,2014-10-31 00:37:00,8.4514,8.4514,8.4514,8.4513,8.4541,8.4541,8.4541,8.454,4
2014-10-31 00:37:00,2014-10-31 00:39:00,8.4514,8.4513,8.4514,8.4512,8.4541,8.454,8.454,8.4539,7
2014-10-31 00:39:00,2014-10-31 00:41:00,8.4513,8.4513,8.4513,8.4512,8.454,8.4539,8.4539,8.4539,3
2014-10-31 00:41:00,2014-10-31 00:42:00,8.4513,8.4512,8.4513,8.4512,8.4539,8.4539,8.4539,8.4539,3
2014-10-31 00:42:00,2014-10-31 00:45:00,8.4512,8.4513,8.4513,8.4513,8.4539,8.4539,8.4539,8.4539,1
2014-10-31 00:45:00,2014-10-31 00:46:00,8.4513,8.4513,8.4514,8.4512,8.4539,8.4539,8.454,8.4539,7
2014-10-31 00:46:00,2014-10-31 00:47:00,8.4513,8.4513,8.4513,8.4513,8.4539,8.454,8.454,8.454,1
2014-10-31 00:47:00,2014-10-31 00:48:00,8.4513,8.45196,8.45196,8.4512,8.454,8.4539,8.454,8.4539,5
2014-10-31 00:48:00,2014-10-31 00:49:00,8.45196,8.45196,8.45197,8.45196,8.4539,8.454,8.454,8.454,3
2014-10-31 00:49:00,2014-10-31 00:50:00,8.45196,8.45196,8.45197,8.45196,8.454,8.4539,8.454,8.4539,3
2014-10-31 00:50:00,2014-10-31 00:51:00,8.45196,8.45199,8.45199,8.45199,8.4539,8.4539,8.4539,8.4539,1
2014-10-31 00:51:00,2014-10-31 00:52:00,8.45199,8.45191,8.45199,8.4519,8.4539,8.454,8.454,8.454,4
2014-10-31 00:52:00,2014-10-31 00:54:00,8.45191,8.4514,8.45191,8.4514,8.454,8.4541,8.4541,8.454,4
2014-10-31 00:54:00,2014-10-31 00:55:00,8.4514,8.4515,8.4515,8.4514,8.4541,8.4542,8.4542,8.4541,4
2014-10-31 00:55:00,2014-10-31 00:57:00,8.4515,8.4516,8.4516,8.4516,8.4542,8.4542,8.4542,8.4542,1
2014-10-31 00:57:00,2014-10-31 00:58:00,8.4516,8.4515,8.4516,8.4515,8.4542,8.4542,8.4543,8.4542,3
2014-10-31 00:58:00,2014-10-31 00:59:00,8.4515,8.4515,8.4516,8.4515,8.4542,8.4542,8.4542,8.4542,2
2014-10-31 00:59:00,2014-10-31 01:01:00,8.4515,8.45211,8.45211,8.4521,8.4542,8.4542,8.4542,8.4542,2
2014-10-31 01:01:00,2014-10-31 01:02:00,8.45211,8.4521,8.4521,8.4521,8.4542,8.454,8.4542,8.454,4
2014-10-31 01:02:00,2014-10-31 01:03:00,8.4521,8.4521,8.4521,8.4521,8.454,8.4541,8.4541,8.454,3
2014-10-31 01:03:00,2014-10-31 01:05:00,8.4521,8.45209,8.4521,8.45209,8.4541,8.454,8.454,8.4539,7
2014-10-31 01:05:00,2014-10-31 01:06:00,8.45209,8.45209,8.45209,8.45209,8.454,8.454,8.4541,8.454,2
2014-10-31 01:06:00,2014-10-31 01:07:00,8.45209,8.4521,8.4521,8.45209,8.454,8.4539,8.454,8.4539,6
2014-10-31 01:07:00,2014-10-31 01:09:00,8.4521,8.45212,8.45212,8.45212,8.4539,8.4539,8.4539,8.4539,1
2014-10-31 01:09:00,2014-10-31 01:10:00,8.45212,8.4521,8.4521,8.4521,8.4539,8.4538,8.4539,8.4538,2
2014-10-31 01:10:00,2014-10-31 01:11:00,8.4521,8.45212,8.45212,8.45212,8.4538,8.4538,8.4539,8.4538,3
2014-10-31 01:11:00,2014-10-31 01:12:00,8.45212,8.4521,8.4521,8.4521,8.4538,8.4538,8.4538,8.4538,1
2014-10-31 01:12:00,2014-10-31 01:14:00,8.4521,8.4521,8.45212,8.4521,8.4538,8.4538,8.4538,8.4538,2
2014-10-31 01:14:00,2014-10-31 01:15:00,8.4521,8.4521,8.45211,8.4521,8.4538,8.4537,8.45545,8.4537,4
2014-10-31 01:15:00,2014-10-31 01:19:00,8.45213,8.4521,8.45213,8.4521,8.4537,8.45546,8.45546,8.45543,4
2014-10-31 01:19:00,2014-10-31 01:20:00,8.4521,8.4521,8.4521,8.4521,8.45546,8.4537,8.45545,8.4537,2
2014-10-31 01:20:00,2014-10-31 01:21:00,8.4521,8.45209,8.45213,8.45209,8.4537,8.4538,8.4538,8.4537,5
2014-10-31 01:21:00,2014-10-31 01:22:00,8.45209,8.45213,8.45213,8.45213,8.4538,8.4539,8.4539,8.4538,2
2014-10-31 01:22:00,2014-10-31 01:23:00,8.45213,8.4521,8.45213,8.4521,8.4539,8.4538,8.4538,8.4538,2
2014-10-31 01:23:00,2014-10-31 01:24:00,8.4521,8.45209,8.45209,8.45209,8.4538,8.4538,8.4538,8.4538,1
2014-10-31 01:24:00,2014-10-31 01:25:00,8.45209,8.45213,8.45213,8.4521,8.4538,8.4537,8.4538,8.4537,3
2014-10-31 01:25:00,2014-10-31 01:26:00,8.45213,8.45213,8.45213,8.45213,8.4537,8.4538,8.4538,8.4538,1
2014-10-31 01:26:00,2014-10-31 01:27:00,8.45213,8.4521,8.45213,8.4521,8.4538,8.4537,8.4537,8.4537,2
2014-10-31 01:27:00,2014-10-31 01:30:00,8.4521,8.45213,8.45213,8.45213,8.4537,8.4537,8.4537,8.4537,1
2014-10-31 01:30:00,2014-10-31 01:31:00,8.45213,8.4521,8.4521,8.4521,8.4537,8.4538,8.4538,8.4537,4
2014-10-31 01:31:00,2014-10-31 01:32:00,8.4521,8.45213,8.45213,8.45213,8.4538,8.4538,8.4538,8.4538,1
2014-10-31 01:32:00,2014-10-31 01:33:00,8.45213,8.4521,8.4521,8.4521,8.4538,8.4538,8.4538,8.4538,1
2014-10-31 01:33:00,2014-10-31 01:34:00,8.4521,8.4521,8.4521,8.4521,8.4538,8.4537,8.4537,8.4537,1
2014-10-31 01:34:00,2014-10-31 01:36:00,8.4521,8.4521,8.4521,8.4521,8.4537,8.4538,8.4538,8.4538,1
2014-10-31 01:36:00,2014-10-31 01:37:00,8.4521,8.45212,8.45212,8.4521,8.4538,8.4551,8.4551,8.4537,3
2014-10-31 01:37:00,2014-10-31 01:38:00,8.45212,8.45211,8.45212,8.45211,8.4551,8.4551,8.4552,8.4551,3
2014-10-31 01:38:00,2014-10-31 01:39:00,8.45211,8.45212,8.45212,8.45211,8.4551,8.455,8.455,8.455,2
2014-10-31 01:39:00,2014-10-31 01:40:00,8.45212,8.45211,8.45211,8.45211,8.455,8.455,8.455,8.455,1
2014-10-31 01:40:00,2014-10-31 01:43:00,8.45211,8.45212,8.45212,8.45212,8.455,8.455,8.455,8.455,1
2014-10-31 01:43:00,2014-10-31 01:44:00,8.45212,8.45211,8.45212,8.45211,8.455,8.4549,8.4549,8.4549,2
2014-10-31 01:44:00,2014-10-31 01:45:00,8.45211,8.45212,8.45212,8.45212,8.4549,8.4549,8.4549,8.4549,1
2014-10-31 01:45:00,2014-10-31 01:46:00,8.45212,8.45212,8.45212,8.45211,8.4549,8.4549,8.455,8.4549,4
2014-10-31 01:46:00,2014-10-31 01:47:00,8.45212,8.45211,8.45212,8.45211,8.4549,8.455,8.455,8.455,2
2014-10-31 01:47:00,2014-10-31 01:49:00,8.45211,8.45211,8.45211,8.45211,8.455,8.4549,8.4549,8.4549,1
2014-10-31 01:49:00,2014-10-31 01:51:00,8.45211,8.45211,8.45211,8.45211,8.4549,8.4549,8.4549,8.4548,2
2014-10-31 01:51:00,2014-10-31 01:52:00,8.45211,8.45212,8.45212,8.45212,8.4549,8.4548,8.4549,8.4548,2
2014-10-31 01:52:00,2014-10-31 01:53:00,8.45212,8.45212,8.45212,8.45212,8.4548,8.4549,8.4549,8.4549,1
2014-10-31 01:53:00,2014-10-31 01:55:00,8.45212,8.45211,8.45212,8.45211,8.4549,8.4548,8.4548,8.4548,2
2014-10-31 01:55:00,2014-10-31 01:56:00,8.45211,8.45212,8.45212,8.45212,8.4548,8.4548,8.4548,8.4548,1
2014-10-31 01:56:00,2014-10-31 01:57:00,8.45212,8.4521,8.45212,8.4521,8.4548,8.4547,8.4547,8.4547,2
2014-10-31 01:57:00,2014-10-31 01:58:00,8.4521,8.45212,8.45212,8.45212,8.4547,8.4548,8.4548,8.4547,2
2014-10-31 01:58:00,2014-10-31 01:59:00,8.45212,8.4521,8.45212,8.4521,8.4548,8.4548,8.4549,8.4548,3
2014-10-31 01:59:00,2014-10-31 02:00:00,8.4521,8.45212,8.45212,8.4521,8.4548,8.4547,8.4547,8.4547,2
2014-10-31 02:00:00,2014-10-31 02:01:00,8.45212,8.45211,8.45211,8.4521,8.4547,8.4547,8.4547,8.4547,2
2014-10-31 02:01:00,2014-10-31 02:02:00,8.45211,8.4521,8.45211,8.4521,8.4547,8.4549,8.4549,8.4548,3
2014-10-31 02:02:00,2014-10-31 02:05:00,8.4521,8.4521,8.4521,8.4521,8.4549,8.4548,8.4548,8.4548,1
2014-10-31 02:05:00,2014-10-31 02:06:00,8.4521,8.4521,8.4521,8.4521,8.4548,8.4549,8.4549,8.4549,1
2014-10-31 02:06:00,2014-10-31 02:07:00,8.4521,8.4521,8.4521,8.4521,8.4549,8.4549,8.455,8.4549,4
2014-10-31 02:07:00,2014-10-31 02:08:00,8.4521,8.45211,8.45211,8.45211,8.4549,8.4549,8.455,8.4549,3
2014-10-31 02:08:00,2014-10-31 02:09:00,8.45211,8.4521,8.4521,8.4521,8.4549,8.455,8.455,8.4549,2
2014-10-31 02:09:00,2014-10-31 02:10:00,8.4521,8.4521,8.45211,8.4521,8.455,8.455,8.455,8.455,2
2014-10-31 02:10:00,2014-10-31 02:11:00,8.4521,8.4521,8.4521,8.4521,8.455,8.4551,8.4551,8.4551,1
2014-10-31 02:11:00,2014-10-31 02:12:00,8.4521,8.45211,8.45211,8.45211,8.4551,8.455,8.4551,8.455,2
2014-10-31 02:12:00,2014-10-31 02:13:00,8.45211,8.45211,8.45211,8.4521,8.455,8.455,8.455,8.455,2
2014-10-31 02:13:00,2014-10-31 02:15:00,8.45211,8.45211,8.45211,8.45211,8.455,8.45543,8.45547,8.45542,4
2014-10-31 02:15:00,2014-10-31 02:16:00,8.45211,8.45211,8.45211,8.4521,8.45543,8.4551,8.45543,8.4551,3
2014-10-31 02:16:00,2014-10-31 02:17:00,8.45211,8.45211,8.45211,8.45211,8.4551,8.455,8.455,8.455,1
2014-10-31 02:17:00,2014-10-31 02:18:00,8.45211,8.4521,8.4521,8.4521,8.455,8.455,8.455,8.455,1
2014-10-31 02:18:00,2014-10-31 02:19:00,8.4521,8.45211,8.45211,8.45211,8.455,8.455,8.455,8.455,1
2014-10-31 02:19:00,2014-10-31 02:20:00,8.45211,8.45211,8.45211,8.45211,8.455,8.4551,8.45545,8.4551,3
2014-10-31 02:20:00,2014-10-31 02:22:00,8.45211,8.4521,8.45211,8.4521,8.4551,8.455,8.455,8.455,2
2014-10-31 02:22:00,2014-10-31 02:23:00,8.4521,8.45211,8.45211,8.4521,8.455,8.4551,8.4551,8.4551,2
2014-10-31 02:23:00,2014-10-31 02:25:00,8.45211,8.45212,8.45212,8.4521,8.4551,8.4551,8.4551,8.4551,2
2014-10-31 02:25:00,2014-10-31 02:26:00,8.45212,8.45212,8.45213,8.45212,8.4551,8.4551,8.4554,8.455,5
2014-10-31 02:26:00,2014-10-31 02:27:00,8.45212,8.45211,8.45211,8.45211,8.4551,8.4551,8.4551,8.4551,1
2014-10-31 02:27:00,2014-10-31 02:29:00,8.45211,8.4521,8.4521,8.4521,8.4551,8.455,8.4551,8.455,2
2014-10-31 02:29:00,2014-10-31 02:32:00,8.4521,8.45217,8.45217,8.45217,8.455,8.4549,8.455,8.4549,2
2014-10-31 02:32:00,2014-10-31 02:33:00,8.45217,8.45213,8.45215,8.45212,8.4549,8.455,8.455,8.4548,8
2014-10-31 02:33:00,2014-10-31 02:34:00,8.45213,8.45212,8.45212,8.45212,8.455,8.4549,8.455,8.4549,2
2014-10-31 02:34:00,2014-10-31 02:35:00,8.45212,8.45212,8.4522,8.45212,8.4549,8.4549,8.4549,8.4549,3
2014-10-31 02:35:00,2014-10-31 02:36:00,8.45212,8.45212,8.45213,8.45212,8.4549,8.455,8.455,8.4549,3
2014-10-31 02:36:00,2014-10-31 02:37:00,8.45212,8.45215,8.45215,8.45212,8.455,8.455,8.455,8.4549,3
2014-10-31 02:37:00,2014-10-31 02:38:00,8.45215,8.45213,8.45213,8.45213,8.455,8.455,8.455,8.4549,3
2014-10-31 02:38:00,2014-10-31 02:39:00,8.45213,8.45213,8.45213,8.45213,8.455,8.4549,8.4549,8.4549,1
2014-10-31 02:39:00,2014-10-31 02:40:00,8.45213,8.45213,8.45214,8.45213,8.4549,8.4548,8.4548,8.4548,3
2014-10-31 02:40:00,2014-10-31 02:41:00,8.45213,8.4521,8.45213,8.45208,8.4548,8.4547,8.4547,8.4547,3
2014-10-31 02:41:00,2014-10-31 02:42:00,8.4521,8.45208,8.45208,8.45207,8.4547,8.4547,8.4547,8.4547,2
2014-10-31 02:42:00,2014-10-31 02:43:00,8.45208,8.45209,8.45209,8.45209,8.4547,8.4548,8.4548,8.4547,2
2014-10-31 02:43:00,2014-10-31 02:45:00,8.45209,8.45208,8.45211,8.45208,8.4548,8.4548,8.4548,8.4548,2
2014-10-31 02:45:00,2014-10-31 02:46:00,8.45208,8.45209,8.45211,8.45208,8.4548,8.4548,8.4548,8.4547,4
2014-10-31 02:46:00,2014-10-31 02:47:00,8.45209,8.45211,8.45211,8.45208,8.4548,8.4548,8.4548,8.4548,2
2014-10-31 02:47:00,2014-10-31 02:48:00,8.45211,8.45208,8.45208,8.45208,8.4548,8.4548,8.4548,8.4548,1
2014-10-31 02:48:00,2014-10-31 02:49:00,8.45208,8.4521,8.4521,8.45208,8.4548,8.45535,8.45536,8.45535,3
2014-10-31 02:49:00,2014-10-31 02:50:00,8.4521,8.45208,8.45208,8.45208,8.45535,8.45535,8.45536,8.45535,3
2014-10-31 02:50:00,2014-10-31 02:51:00,8.45208,8.45208,8.45208,8.45208,8.45535,8.4547,8.45536,8.4547,2
2014-10-31 02:51:00,2014-10-31 02:52:00,8.45208,8.45208,8.45208,8.45208,8.4547,8.4548,8.4548,8.4548,1
2014-10-31 02:52:00,2014-10-31 02:53:00,8.45208,8.45207,8.45207,8.45207,8.4548,8.4547,8.4548,8.4547,2
2014-10-31 02:53:00,2014-10-31 02:54:00,8.45207,8.45207,8.45209,8.45207,8.4547,8.4547,8.4547,8.4547,2
2014-10-31 02:54:00,2014-10-31 02:56:00,8.45207,8.45207,8.45207,8.45206,8.4547,8.45535,8.45535,8.45523,4
2014-10-31 02:56:00,2014-10-31 02:57:00,8.45207,8.45208,8.45208,8.45207,8.45535,8.45535,8.4554,8.45534,4
2014-10-31 02:57:00,2014-10-31 02:58:00,8.45208,8.45209,8.45209,8.45208,8.45535,8.4548,8.45536,8.4548,3
2014-10-31 02:58:00,2014-10-31 02:59:00,8.45209,8.45209,8.4521,8.45209,8.4548,8.4548,8.4548,8.4548,2
2014-10-31 02:59:00,2014-10-31 03:00:00,8.45209,8.45208,8.45208,8.45208,8.4548,8.4548,8.4549,8.4548,3
2014-10-31 03:00:00,2014-10-31 03:03:00,8.45208,8.45208,8.45208,8.45208,8.4548,8.45538,8.45538,8.45535,2
2014-10-31 03:03:00,2014-10-31 03:04:00,8.45208,8.45207,8.4521,8.45207,8.45538,8.45535,8.45535,8.45535,3
2014-10-31 03:04:00,2014-10-31 03:05:00,8.45207,8.45208,8.4521,8.45208,8.45535,8.45539,8.45539,8.45535,3
2014-10-31 03:05:00,2014-10-31 03:06:00,8.45208,8.4521,8.4521,8.45208,8.45539,8.4548,8.45528,8.4548,4
2014-10-31 03:06:00,2014-10-31 03:07:00,8.4521,8.45188,8.4521,8.45188,8.4548,8.4531,8.4549,8.4531,4
2014-10-31 03:07:00,2014-10-31 03:08:00,8.45188,8.45188,8.45188,8.45188,8.4531,8.4529,8.453,8.4529,2
2014-10-31 03:08:00,2014-10-31 03:09:00,8.45188,8.45189,8.45195,8.45189,8.4529,8.453,8.453,8.4529,3
2014-10-31 03:09:00,2014-10-31 03:10:00,8.45189,8.45189,8.45195,8.45189,8.453,8.4529,8.453,8.4529,4
2014-10-31 03:10:00,2014-10-31 03:11:00,8.45189,8.45171,8.45187,8.45171,8.4529,8.4529,8.4529,8.4529,3
2014-10-31 03:11:00,2014-10-31 03:12:00,8.45171,8.45172,8.45172,8.4517,8.4529,8.4528,8.4529,8.4528,3
2014-10-31 03:12:00,2014-10-31 03:13:00,8.45172,8.4517,8.4517,8.4517,8.4528,8.4528,8.4528,8.4528,1
2014-10-31 03:13:00,2014-10-31 03:14:00,8.4517,8.45179,8.45179,8.45171,8.4528,8.4528,8.4528,8.4528,3
2014-10-31 03:14:00,2014-10-31 03:15:00,8.45179,8.4518,8.4518,8.4518,8.4528,8.4529,8.45506,8.4528,3
2014-10-31 03:15:00,2014-10-31 03:16:00,8.4518,8.45174,8.4518,8.45174,8.4529,8.4528,8.4528,8.4528,2
2014-10-31 03:16:00,2014-10-31 03:17:00,8.45174,8.45173,8.45174,8.45173,8.4528,8.4529,8.4529,8.4529,2
2014-10-31 03:17:00,2014-10-31 03:18:00,8.45173,8.4517,8.4517,8.4517,8.4529,8.4529,8.4529,8.4529,1
2014-10-31 03:18:00,2014-10-31 03:19:00,8.4517,8.45172,8.45172,8.45172,8.4529,8.4529,8.4529,8.4529,1
2014-10-31 03:19:00,2014-10-31 03:20:00,8.45172,8.45172,8.45172,8.45172,8.4529,8.45503,8.45503,8.45476,2
2014-10-31 03:20:00,2014-10-31 03:21:00,8.45172,8.45172,8.45172,8.45172,8.45503,8.453,8.45505,8.4529,3
2014-10-31 03:21:00,2014-10-31 03:22:00,8.45172,8.45173,8.45173,8.45173,8.453,8.4529,8.453,8.4529,2
2014-10-31 03:22:00,2014-10-31 03:23:00,8.45173,8.45171,8.45171,8.45171,8.4529,8.4529,8.4529,8.4529,1
2014-10-31 03:23:00,2014-10-31 03:24:00,8.45171,8.45171,8.45171,8.45171,8.4529,8.4529,8.453,8.4529,2
2014-10-31 03:24:00,2014-10-31 03:25:00,8.45171,8.45179,8.45179,8.45171,8.4529,8.453,8.453,8.453,2
2014-10-31 03:25:00,2014-10-31 03:26:00,8.45179,8.4518,8.4518,8.45173,8.453,8.4529,8.4529,8.4529,3
2014-10-31 03:26:00,2014-10-31 03:27:00,8.4518,8.45174,8.45174,8.45174,8.4529,8.4529,8.4529,8.4529,1
2014-10-31 03:27:00,2014-10-31 03:28:00,8.45174,8.45173,8.45173,8.45173,8.4529,8.4529,8.4529,8.4529,1
2014-10-31 03:28:00,2014-10-31 03:29:00,8.45173,8.45179,8.45179,8.45173,8.4529,8.4548,8.45506,8.4548,3
2014-10-31 03:29:00,2014-10-31 03:30:00,8.45179,8.4517,8.45179,8.4517,8.4548,8.45487,8.45487,8.45487,2
2014-10-31 03:30:00,2014-10-31 03:32:00,8.4517,8.45176,8.45176,8.45175,8.45487,8.45487,8.45487,8.45486,4
2014-10-31 03:32:00,2014-10-31 03:33:00,8.45176,8.45174,8.45181,8.4517,8.45487,8.4541,8.45549,8.4541,7
2014-10-31 03:33:00,2014-10-31 03:34:00,8.45174,8.45173,8.45174,8.45173,8.4541,8.4542,8.4542,8.4541,4
2014-10-31 03:34:00,2014-10-31 03:35:00,8.45173,8.45175,8.45175,8.45175,8.4542,8.4542,8.4542,8.4542,1
2014-10-31 03:35:00,2014-10-31 03:36:00,8.45175,8.45175,8.45175,8.45173,8.4542,8.4544,8.4544,8.4542,3
2014-10-31 03:36:00,2014-10-31 03:37:00,8.45175,8.45175,8.45175,8.45175,8.4544,8.4543,8.4543,8.4543,1
2014-10-31 03:37:00,2014-10-31 03:38:00,8.45175,8.45171,8.45175,8.45171,8.4543,8.4542,8.4542,8.4542,3
2014-10-31 03:38:00,2014-10-31 03:39:00,8.45171,8.45177,8.45177,8.45172,8.4542,8.4542,8.4542,8.4542,2
2014-10-31 03:39:00,2014-10-31 03:40:00,8.45177,8.45175,8.45177,8.45175,8.4542,8.4542,8.4543,8.4542,4
2014-10-31 03:40:00,2014-10-31 03:41:00,8.45175,8.45145,8.45175,8.45144,8.4542,8.4543,8.4543,8.4542,5
2014-10-31 03:41:00,2014-10-31 03:42:00,8.45145,8.451,8.45149,8.451,8.4543,8.454,8.4543,8.454,4
2014-10-31 03:42:00,2014-10-31 03:43:00,8.451,8.45097,8.45097,8.45095,8.454,8.454,8.454,8.454,2
2014-10-31 03:43:00,2014-10-31 03:44:00,8.45097,8.45097,8.45097,8.45097,8.454,8.4539,8.4539,8.4539,1
2014-10-31 03:44:00,2014-10-31 03:45:00,8.45097,8.45091,8.45096,8.45039,8.4539,8.4538,8.454,8.4538,8
2014-10-31 03:45:00,2014-10-31 03:46:00,8.45091,8.45094,8.45094,8.45094,8.4538,8.4538,8.4538,8.4538,1
2014-10-31 03:46:00,2014-10-31 03:47:00,8.45094,8.45039,8.45039,8.45039,8.4538,8.4539,8.4539,8.4538,4
2014-10-31 03:47:00,2014-10-31 03:49:00,8.45039,8.45039,8.45039,8.45039,8.4539,8.454,8.454,8.454,1
2014-10-31 03:49:00,2014-10-31 03:50:00,8.45039,8.45039,8.45039,8.45039,8.454,8.454,8.454,8.4539,2
2014-10-31 03:50:00,2014-10-31 03:51:00,8.45039,8.45039,8.45039,8.45039,8.454,8.4542,8.4542,8.4541,2
2014-10-31 03:51:00,2014-10-31 03:53:00,8.45039,8.45039,8.45039,8.45039,8.4542,8.4541,8.4541,8.4541,1
2014-10-31 03:53:00,2014-10-31 03:54:00,8.45039,8.45039,8.45039,8.45039,8.4541,8.454,8.454,8.454,1
2014-10-31 03:54:00,2014-10-31 03:57:00,8.45039,8.45032,8.45039,8.45032,8.454,8.454,8.454,8.4539,3
2014-10-31 03:57:00,2014-10-31 03:58:00,8.45032,8.45025,8.45029,8.45025,8.454,8.4541,8.4541,8.454,4
2014-10-31 03:58:00,2014-10-31 03:59:00,8.45025,8.4504,8.4504,8.45027,8.4541,8.4543,8.4543,8.4541,5
2014-10-31 03:59:00,2014-10-31 04:00:00,8.4504,8.4507,8.4507,8.4504,8.4543,8.45454,8.45454,8.4543,12
2014-10-31 04:00:00,2014-10-31 04:01:00,8.4507,8.451,8.451,8.4508,8.45454,8.45463,8.45472,8.45444,7
2014-10-31 04:01:00,2014-10-31 04:02:00,8.451,8.4511,8.4511,8.451,8.45463,8.4548,8.4548,8.45471,3
2014-10-31 04:02:00,2014-10-31 04:03:00,8.4511,8.4511,8.4512,8.4511,8.4548,8.45481,8.45481,8.45481,3
2014-10-31 04:03:00,2014-10-31 04:04:00,8.4511,8.4511,8.4511,8.4511,8.45481,8.4548,8.4548,8.45477,2
2014-10-31 04:04:00,2014-10-31 04:05:00,8.4511,8.4512,8.4512,8.4512,8.4548,8.45482,8.45482,8.4548,2
2014-10-31 04:05:00,2014-10-31 04:07:00,8.4512,8.4512,8.4512,8.4512,8.45482,8.45482,8.45486,8.45482,2
2014-10-31 04:07:00,2014-10-31 04:08:00,8.4512,8.45033,8.45033,8.45033,8.45482,8.45482,8.45482,8.45482,1
2014-10-31 04:08:00,2014-10-31 04:09:00,8.45033,8.4511,8.4512,8.4511,8.45482,8.4548,8.4549,8.4548,6
2014-10-31 04:09:00,2014-10-31 04:11:00,8.4511,8.4512,8.4512,8.4512,8.4548,8.45482,8.45485,8.4548,3
2014-10-31 04:11:00,2014-10-31 04:12:00,8.4512,8.4513,8.4513,8.4513,8.45482,8.45492,8.45492,8.45482,3
2014-10-31 04:12:00,2014-10-31 04:13:00,8.4513,8.4512,8.4513,8.4512,8.45492,8.45482,8.45492,8.45482,5
2014-10-31 04:13:00,2014-10-31 04:14:00,8.4512,8.4512,8.4512,8.4512,8.45482,8.45482,8.45491,8.45482,2
2014-10-31 04:14:00,2014-10-31 04:16:00,8.4512,8.4507,8.4509,8.45,8.45482,8.4534,8.45482,8.4521,18
2014-10-31 04:16:00,2014-10-31 04:17:00,8.4507,8.4507,8.451,8.4507,8.4534,8.4533,8.4537,8.4533,9
2014-10-31 04:17:00,2014-10-31 04:18:00,8.4507,8.4509,8.4509,8.4507,8.4533,8.4537,8.4537,8.4532,13
2014-10-31 04:18:00,2014-10-31 04:19:00,8.4509,8.4509,8.4509,8.4509,8.4537,8.4535,8.4537,8.4535,5
2014-10-31 04:19:00,2014-10-31 04:20:00,8.4509,8.451,8.451,8.4509,8.4535,8.4536,8.4536,8.4535,6
2014-10-31 04:20:00,2014-10-31 04:21:00,8.451,8.451,8.451,8.4509,8.4536,8.4536,8.4536,8.4535,4
2014-10-31 04:21:00,2014-10-31 04:24:00,8.451,8.451,8.451,8.4509,8.4536,8.4536,8.4536,8.4535,8
2014-10-31 04:24:00,2014-10-31 04:27:00,8.451,8.4511,8.4511,8.451,8.4536,8.4537,8.4537,8.4536,6
2014-10-31 04:27:00,2014-10-31 04:28:00,8.4511,8.451,8.4511,8.451,8.4537,8.4536,8.4536,8.4536,2
2014-10-31 04:28:00,2014-10-31 04:30:00,8.451,8.4509,8.451,8.4509,8.4536,8.4535,8.4535,8.4535,2
2014-10-31 04:30:00,2014-10-31 04:35:00,8.451,8.4509,8.4509,8.45047,8.4536,8.4536,8.45473,8.4535,3
2014-10-31 04:35:00,2014-10-31 04:36:00,8.4509,8.4509,8.451,8.4509,8.4536,8.4535,8.4536,8.4535,3
2014-10-31 04:36:00,2014-10-31 04:37:00,8.4509,8.4509,8.4509,8.4509,8.4535,8.4535,8.4536,8.4535,2
2014-10-31 04:37:00,2014-10-31 04:38:00,8.4509,8.4509,8.4509,8.4509,8.4535,8.4536,8.4536,8.4536,1
2014-10-31 04:38:00,2014-10-31 04:39:00,8.4509,8.4509,8.4509,8.4509,8.4536,8.4535,8.4535,8.4535,1
2014-10-31 04:39:00,2014-10-31 04:41:00,8.4509,8.451,8.451,8.451,8.4535,8.4536,8.4536,8.4535,2
2014-10-31 04:41:00,2014-10-31 04:42:00,8.451,8.451,8.4511,8.451,8.4536,8.4536,8.4537,8.4536,4
2014-10-31 04:42:00,2014-10-31 04:44:00,8.451,8.4509,8.451,8.44998,8.4536,8.4535,8.4554,8.4533,20
2014-10-31 04:44:00,2014-10-31 04:45:00,8.4509,8.45037,8.4509,8.44998,8.4535,8.4533,8.45449,8.4532,16
2014-10-31 04:45:00,2014-10-31 04:46:00,8.45037,8.4501,8.45037,8.4501,8.4533,8.4531,8.4532,8.4531,15
2014-10-31 04:46:00,2014-10-31 04:47:00,8.4501,8.4502,8.4502,8.4501,8.4531,8.4531,8.4532,8.4531,9
2014-10-31 04:47:00,2014-10-31 04:48:00,8.4502,8.4502,8.4503,8.4501,8.4531,8.4532,8.4533,8.453,6
2014-10-31 04:48:00,2014-10-31 04:49:00,8.4502,8.4511,8.45274,8.4504,8.4532,8.4537,8.455,8.4533,21
2014-10-31 04:49:00,2014-10-31 04:50:00,8.4511,8.4511,8.4511,8.451,8.4537,8.4538,8.4538,8.4537,4
2014-10-31 04:50:00,2014-10-31 04:51:00,8.4511,8.4511,8.4511,8.45016,8.4538,8.4537,8.45553,8.4537,3
2014-10-31 04:51:00,2014-10-31 04:52:00,8.4511,8.45013,8.4511,8.45013,8.4537,8.4531,8.4538,8.4531,5
2014-10-31 04:52:00,2014-10-31 04:53:00,8.45013,8.4501,8.45013,8.4501,8.4531,8.453,8.4531,8.453,5
2014-10-31 04:53:00,2014-10-31 04:54:00,8.4501,8.45049,8.45049,8.4501,8.453,8.453,8.453,8.4529,3
2014-10-31 04:54:00,2014-10-31 04:55:00,8.45049,8.45049,8.45049,8.45049,8.453,8.4529,8.4529,8.4529,1
2014-10-31 04:55:00,2014-10-31 04:56:00,8.45049,8.45049,8.45049,8.45049,8.4529,8.4528,8.4529,8.4527,5
2014-10-31 04:56:00,2014-10-31 04:57:00,8.45049,8.45049,8.45049,8.45049,8.4528,8.4528,8.4529,8.4528,4
2014-10-31 04:57:00,2014-10-31 04:58:00,8.45049,8.45049,8.45049,8.45049,8.4528,8.4529,8.4529,8.4528,3
2014-10-31 04:58:00,2014-10-31 04:59:00,8.45049,8.45049,8.45049,8.45049,8.4529,8.4529,8.4529,8.4527,2
2014-10-31 04:59:00,2014-10-31 05:00:00,8.45049,8.45011,8.45049,8.45011,8.4529,8.4525,8.4528,8.4525,5
2014-10-31 05:00:00,2014-10-31 05:01:00,8.45011,8.45049,8.45049,8.45012,8.4525,8.4525,8.4525,8.4525,2
2014-10-31 05:01:00,2014-10-31 05:04:00,8.45049,8.45049,8.45049,8.45011,8.4525,8.4525,8.4529,8.4521,26
2014-10-31 05:04:00,2014-10-31 05:05:00,8.45049,8.45049,8.45049,8.45049,8.4525,8.4527,8.4528,8.4525,7
2014-10-31 05:05:00,2014-10-31 05:06:00,8.45049,8.45049,8.45049,8.45049,8.4527,8.4527,8.4528,8.4527,6
2014-10-31 05:06:00,2014-10-31 05:07:00,8.45049,8.45046,8.45049,8.44959,8.4527,8.4516,8.4526,8.4516,9
2014-10-31 05:07:00,2014-10-31 05:08:00,8.45046,8.45039,8.45046,8.44971,8.4516,8.4512,8.4512,8.4512,5
2014-10-31 05:08:00,2014-10-31 05:09:00,8.45039,8.45039,8.45039,8.45039,8.4512,8.4511,8.4512,8.4511,3
2014-10-31 05:09:00,2014-10-31 05:10:00,8.45039,8.44827,8.45039,8.44771,8.4511,8.4513,8.45323,8.4492,24
2014-10-31 05:10:00,2014-10-31 05:11:00,8.44827,8.4488,8.4488,8.44821,8.4513,8.4526,8.4526,8.4512,14
2014-10-31 05:11:00,2014-10-31 05:12:00,8.4488,8.4494,8.45,8.4488,8.4526,8.45266,8.45311,8.4523,60
2014-10-31 05:12:00,2014-10-31 05:13:00,8.4494,8.4485,8.4501,8.4485,8.45266,8.4521,8.45296,8.4521,21
2014-10-31 05:13:00,2014-10-31 05:14:00,8.4485,8.4486,8.4487,8.44766,8.4521,8.4521,8.45284,8.4521,9
2014-10-31 05:14:00,2014-10-31 05:15:00,8.4486,8.4489,8.449,8.4487,8.4521,8.4524,8.4526,8.4521,13
2014-10-31 05:15:00,2014-10-31 05:16:00,8.4489,8.4489,8.449,8.4488,8.4524,8.4524,8.4525,8.4523,16
2014-10-31 05:16:00,2014-10-31 05:17:00,8.4489,8.449,8.449,8.4488,8.4524,8.4525,8.4525,8.4523,12
2014-10-31 05:17:00,2014-10-31 05:18:00,8.449,8.4491,8.4491,8.4489,8.4525,8.4526,8.4526,8.4524,10
2014-10-31 05:18:00,2014-10-31 05:19:00,8.4491,8.4492,8.4492,8.4491,8.4526,8.4527,8.4527,8.4526,6
2014-10-31 05:19:00,2014-10-31 05:20:00,8.4492,8.4491,8.4491,8.449,8.4527,8.4526,8.4527,8.4525,6
2014-10-31 05:20:00,2014-10-31 05:21:00,8.4491,8.4494,8.4495,8.4491,8.4526,8.4529,8.453,8.4526,9
2014-10-31 05:21:00,2014-10-31 05:22:00,8.4494,8.4493,8.4495,8.4493,8.4529,8.4529,8.453,8.4529,5
2014-10-31 05:22:00,2014-10-31 05:23:00,8.4493,8.4495,8.4495,8.4492,8.4529,8.453,8.453,8.4528,7
2014-10-31 05:23:00,2014-10-31 05:24:00,8.4495,8.4494,8.4495,8.4494,8.453,8.4529,8.453,8.4529,6
2014-10-31 05:24:00,2014-10-31 05:25:00,8.4494,8.4495,8.4495,8.4495,8.4529,8.453,8.453,8.4529,2
2014-10-31 05:25:00,2014-10-31 05:26:00,8.4495,8.4493,8.4494,8.4493,8.453,8.4528,8.453,8.4528,4
2014-10-31 05:26:00,2014-10-31 05:27:00,8.4493,8.4492,8.4493,8.4492,8.4528,8.4527,8.4529,8.4527,3
2014-10-31 05:27:00,2014-10-31 05:29:00,8.4491,8.4493,8.4493,8.4492,8.4526,8.4528,8.4529,8.4526,5
2014-10-31 05:29:00,2014-10-31 05:30:00,8.4493,8.449,8.4493,8.449,8.4528,8.4525,8.4527,8.4525,6
2014-10-31 05:30:00,2014-10-31 05:31:00,8.449,8.4491,8.4491,8.4489,8.4525,8.4526,8.4527,8.4524,17
2014-10-31 05:31:00,2014-10-31 05:32:00,8.4491,8.4491,8.4492,8.449,8.4526,8.4526,8.4527,8.4526,7
2014-10-31 05:32:00,2014-10-31 05:33:00,8.4491,8.4492,8.4492,8.449,8.4526,8.4527,8.4527,8.4525,6
2014-10-31 05:33:00,2014-10-31 05:34:00,8.4492,8.4491,8.4492,8.4491,8.4527,8.4526,8.4526,8.4526,2
2014-10-31 05:34:00,2014-10-31 05:35:00,8.4491,8.4489,8.449,8.4488,8.4526,8.4524,8.4526,8.4523,13
2014-10-31 05:35:00,2014-10-31 05:36:00,8.4489,8.4488,8.4489,8.4488,8.4524,8.4523,8.4524,8.4523,6
2014-10-31 05:36:00,2014-10-31 05:37:00,8.4488,8.4488,8.4489,8.4488,8.4523,8.4523,8.4524,8.4523,4
2014-10-31 05:37:00,2014-10-31 05:39:00,8.4488,8.4487,8.4488,8.4487,8.4523,8.4522,8.4523,8.4522,4
2014-10-31 05:39:00,2014-10-31 05:40:00,8.4487,8.4488,8.4488,8.4487,8.4522,8.4523,8.4523,8.4522,6
2014-10-31 05:40:00,2014-10-31 05:41:00,8.4488,8.449,8.449,8.4488,8.4523,8.4525,8.4525,8.4523,12
2014-10-31 05:41:00,2014-10-31 05:42:00,8.449,8.4488,8.4491,8.4488,8.4525,8.4523,8.4526,8.4523,13
2014-10-31 05:42:00,2014-10-31 05:43:00,8.4488,8.4487,8.4488,8.4487,8.4523,8.4522,8.4523,8.4522,6
2014-10-31 05:43:00,2014-10-31 05:45:00,8.4486,8.4487,8.4487,8.4486,8.4521,8.4522,8.4522,8.4521,6
2014-10-31 05:45:00,2014-10-31 05:46:00,8.4487,8.449,8.449,8.4488,8.4522,8.4525,8.4525,8.4522,14
2014-10-31 05:46:00,2014-10-31 05:47:00,8.449,8.4487,8.4489,8.4487,8.4525,8.4522,8.4525,8.4522,10
2014-10-31 05:47:00,2014-10-31 05:48:00,8.4487,8.4484,8.4487,8.4484,8.4522,8.4519,8.4521,8.4519,4
2014-10-31 05:48:00,2014-10-31 05:49:00,8.4484,8.4485,8.4485,8.4484,8.4519,8.4521,8.4521,8.4519,7
2014-10-31 05:49:00,2014-10-31 05:50:00,8.4485,8.4487,8.4487,8.4486,8.4521,8.4523,8.4523,8.4521,3
2014-10-31 05:50:00,2014-10-31 05:51:00,8.4487,8.4486,8.4488,8.4486,8.4523,8.4521,8.4523,8.4521,5
2014-10-31 05:51:00,2014-10-31 05:53:00,8.4486,8.4487,8.4487,8.4486,8.4521,8.4523,8.4523,8.4521,6
2014-10-31 05:53:00,2014-10-31 05:54:00,8.4487,8.4486,8.4487,8.4485,8.4523,8.4522,8.4522,8.452,8
2014-10-31 05:54:00,2014-10-31 05:55:00,8.4486,8.4487,8.4487,8.4486,8.4522,8.4522,8.4522,8.4521,5
2014-10-31 05:55:00,2014-10-31 05:56:00,8.4487,8.4486,8.4487,8.4486,8.4522,8.4521,8.4521,8.4521,2
2014-10-31 05:56:00,2014-10-31 05:57:00,8.4486,8.4488,8.4488,8.4486,8.4521,8.4523,8.4523,8.4521,4
2014-10-31 05:57:00,2014-10-31 05:58:00,8.4488,8.4488,8.4488,8.4487,8.4523,8.4524,8.4524,8.4522,5
2014-10-31 05:58:00,2014-10-31 05:59:00,8.4488,8.449,8.449,8.4488,8.4524,8.4525,8.4525,8.4523,11
2014-10-31 05:59:00,2014-10-31 06:00:00,8.449,8.4489,8.4491,8.4488,8.4525,8.4525,8.4526,8.4523,18
2014-10-31 06:00:00,2014-10-31 06:01:00,8.4489,8.4486,8.4489,8.4486,8.4525,8.4521,8.4523,8.4521,7
2014-10-31 06:01:00,2014-10-31 06:02:00,8.4486,8.44603,8.4487,8.44499,8.4521,8.4476,8.4523,8.4475,30
2014-10-31 06:02:00,2014-10-31 06:03:00,8.44603,8.4449,8.44603,8.44424,8.4476,8.44785,8.44785,8.4473,28
2014-10-31 06:03:00,2014-10-31 06:04:00,8.4449,8.44452,8.4452,8.44452,8.44785,8.4466,8.44785,8.4464,12
2014-10-31 06:04:00,2014-10-31 06:05:00,8.44452,8.44452,8.44452,8.44452,8.4466,8.4466,8.4466,8.4465,2
2014-10-31 06:05:00,2014-10-31 06:06:00,8.44452,8.4448,8.4448,8.44452,8.4466,8.4469,8.4469,8.4468,4
2014-10-31 06:06:00,2014-10-31 06:07:00,8.4448,8.4447,8.4447,8.4446,8.4469,8.4468,8.4469,8.4467,5
2014-10-31 06:07:00,2014-10-31 06:08:00,8.4447,8.4449,8.4449,8.44452,8.4468,8.447,8.4471,8.4466,13
2014-10-31 06:08:00,2014-10-31 06:09:00,8.4449,8.445,8.445,8.44452,8.447,8.44775,8.44775,8.4467,15
2014-10-31 06:09:00,2014-10-31 06:10:00,8.445,8.4446,8.4448,8.4442,8.44775,8.4475,8.4481,8.4468,15
2014-10-31 06:10:00,2014-10-31 06:11:00,8.4446,8.44472,8.4449,8.44452,8.4475,8.44795,8.44795,8.4474,10
2014-10-31 06:11:00,2014-10-31 06:12:00,8.44472,8.44472,8.44472,8.44472,8.44795,8.4476,8.4479,8.4476,3
2014-10-31 06:12:00,2014-10-31 06:13:00,8.44472,8.4448,8.4448,8.44452,8.4476,8.4477,8.4477,8.4474,12
2014-10-31 06:13:00,2014-10-31 06:14:00,8.4448,8.44452,8.4449,8.44452,8.4477,8.4475,8.44775,8.4473,8
2014-10-31 06:14:00,2014-10-31 06:15:00,8.44452,8.4449,8.4449,8.4446,8.4475,8.44775,8.44775,8.4475,7
2014-10-31 06:15:00,2014-10-31 06:16:00,8.4449,8.4453,8.4453,8.4449,8.44775,8.4475,8.4479,8.4475,13
2014-10-31 06:16:00,2014-10-31 06:17:00,8.4453,8.4452,8.4454,8.4452,8.4475,8.4474,8.4476,8.4474,5
2014-10-31 06:17:00,2014-10-31 06:18:00,8.4452,8.44472,8.4449,8.4447,8.4474,8.4476,8.4478,8.4474,10
2014-10-31 06:18:00,2014-10-31 06:19:00,8.44472,8.44452,8.44472,8.44452,8.4476,8.4475,8.4475,8.447,8
2014-10-31 06:19:00,2014-10-31 06:20:00,8.44452,8.4448,8.4448,8.44452,8.4475,8.4477,8.4477,8.4474,8
2014-10-31 06:20:00,2014-10-31 06:21:00,8.4448,8.4445,8.4448,8.4443,8.4477,8.4474,8.4476,8.4473,8
2014-10-31 06:21:00,2014-10-31 06:22:00,8.4445,8.4444,8.4446,8.44424,8.4474,8.4473,8.4475,8.447,14
2014-10-31 06:22:00,2014-10-31 06:23:00,8.4444,8.4445,8.4445,8.44424,8.4473,8.4474,8.44747,8.4472,12
2014-10-31 06:23:00,2014-10-31 06:24:00,8.4445,8.4443,8.4446,8.4443,8.4474,8.4472,8.44747,8.4472,6
2014-10-31 06:24:00,2014-10-31 06:25:00,8.4443,8.4449,8.445,8.44424,8.4472,8.4473,8.44747,8.4471,20
2014-10-31 06:25:00,2014-10-31 06:26:00,8.4449,8.4451,8.4452,8.44339,8.4473,8.44747,8.44861,8.4473,22
2014-10-31 06:26:00,2014-10-31 06:27:00,8.4451,8.4448,8.4452,8.4448,8.44747,8.44708,8.44747,8.44708,9
2014-10-31 06:27:00,2014-10-31 06:28:00,8.4448,8.44424,8.4449,8.44424,8.44708,8.4467,8.44708,8.4467,7
2014-10-31 06:28:00,2014-10-31 06:29:00,8.44424,8.4456,8.4457,8.44374,8.4467,8.44698,8.44731,8.4463,24
2014-10-31 06:29:00,2014-10-31 06:30:00,8.4456,8.4429,8.4452,8.4408,8.44698,8.4457,8.44698,8.44552,76
2014-10-31 06:30:00,2014-10-31 06:31:00,8.4429,8.4377,8.4429,8.43754,8.4457,8.44409,8.4455,8.4432,44
2014-10-31 06:31:00,2014-10-31 06:32:00,8.4377,8.4382,8.4382,8.43725,8.44409,8.4418,8.44409,8.4414,28
2014-10-31 06:32:00,2014-10-31 06:33:00,8.4382,8.4379,8.4382,8.43711,8.4418,8.44246,8.44256,8.4403,13
2014-10-31 06:33:00,2014-10-31 06:34:00,8.4379,8.44,8.44,8.4375,8.44246,8.4424,8.44299,8.4419,29
2014-10-31 06:34:00,2014-10-31 06:35:00,8.44,8.43743,8.4397,8.43743,8.4424,8.4398,8.4425,8.4397,29
2014-10-31 06:35:00,2014-10-31 06:36:00,8.43743,8.43657,8.43799,8.43657,8.4398,8.44014,8.4407,8.4389,40
2014-10-31 06:36:00,2014-10-31 06:37:00,8.43657,8.43784,8.4383,8.43657,8.44014,8.441,8.4419,8.43915,45
2014-10-31 06:37:00,2014-10-31 06:38:00,8.43784,8.43695,8.4379,8.4361,8.441,8.4407,8.441,8.4401,58
2014-10-31 06:38:00,2014-10-31 06:39:00,8.43695,8.4387,8.4387,8.4351,8.4407,8.4415,8.4417,8.4388,174
2014-10-31 06:39:00,2014-10-31 06:40:00,8.4387,8.4349,8.4391,8.43381,8.4415,8.43911,8.4425,8.43911,95
2014-10-31 06:40:00,2014-10-31 06:41:00,8.4349,8.4391,8.4392,8.4348,8.43911,8.44114,8.4416,8.43911,47
2014-10-31 06:41:00,2014-10-31 06:42:00,8.4391,8.4381,8.4392,8.4381,8.44114,8.44114,8.44114,8.44114,4
2014-10-31 06:42:00,2014-10-31 06:43:00,8.4381,8.4399,8.4399,8.4379,8.44114,8.44142,8.4421,8.44114,15
2014-10-31 06:43:00,2014-10-31 06:44:00,8.4399,8.4381,8.4402,8.4375,8.44142,8.44114,8.44164,8.43916,47
2014-10-31 06:44:00,2014-10-31 06:45:00,8.4381,8.4381,8.4383,8.4381,8.44114,8.44114,8.44114,8.44114,10
2014-10-31 06:45:00,2014-10-31 06:46:00,8.4381,8.4379,8.4382,8.4379,8.44114,8.44114,8.44114,8.44114,3
2014-10-31 06:46:00,2014-10-31 06:47:00,8.4379,8.4379,8.4381,8.4378,8.44114,8.44114,8.44114,8.44114,5
2014-10-31 06:47:00,2014-10-31 06:48:00,8.4379,8.4378,8.4381,8.4378,8.44114,8.44114,8.44114,8.44114,3
2014-10-31 06:48:00,2014-10-31 06:49:00,8.4378,8.4377,8.4379,8.4376,8.44114,8.44114,8.44114,8.4411,6
2014-10-31 06:49:00,2014-10-31 06:50:00,8.4377,8.4374,8.4378,8.4374,8.44114,8.441,8.44114,8.4409,17
2014-10-31 06:50:00,2014-10-31 06:51:00,8.4374,8.4378,8.4379,8.4373,8.441,8.44114,8.4414,8.43916,13
2014-10-31 06:51:00,2014-10-31 06:52:00,8.4378,8.4379,8.4379,8.4377,8.44114,8.44114,8.44114,8.44114,3
2014-10-31 06:52:00,2014-10-31 06:53:00,8.4379,8.4379,8.4379,8.4378,8.44114,8.44114,8.44114,8.44114,2
2014-10-31 06:53:00,2014-10-31 06:54:00,8.4379,8.4377,8.4379,8.4377,8.44114,8.44114,8.44114,8.44114,3
2014-10-31 06:54:00,2014-10-31 06:55:00,8.4377,8.4387,8.4387,8.4381,8.44114,8.441,8.44114,8.441,382
2014-10-31 06:55:00,2014-10-31 06:56:00,8.4387,8.4385,8.439,8.4385,8.441,8.43966,8.441,8.43966,5
2014-10-31 06:56:00,2014-10-31 06:59:00,8.4385,8.4404,8.4404,8.43651,8.43966,8.4421,8.4421,8.43966,8
2014-10-31 06:59:00,2014-10-31 07:00:00,8.4404,8.4409,8.4415,8.4385,8.4421,8.4437,8.4448,8.4415,51
2014-10-31 07:00:00,2014-10-31 07:01:00,8.4409,8.43776,8.4408,8.43776,8.4437,8.43867,8.4438,8.43867,65
2014-10-31 07:01:00,2014-10-31 07:02:00,8.43776,8.4376,8.43796,8.43736,8.43867,8.4396,8.4398,8.43842,70
2014-10-31 07:02:00,2014-10-31 07:03:00,8.4376,8.437,8.43825,8.437,8.4396,8.4386,8.44055,8.4386,217
2014-10-31 07:03:00,2014-10-31 07:04:00,8.437,8.4379,8.43935,8.43678,8.4386,8.4397,8.4421,8.4386,276
2014-10-31 07:04:00,2014-10-31 07:05:00,8.4379,8.4376,8.4386,8.4364,8.4397,8.4392,8.44038,8.4379,498
2014-10-31 07:05:00,2014-10-31 07:06:00,8.4376,8.4388,8.4388,8.4376,8.4392,8.44063,8.441,8.4391,82
2014-10-31 07:06:00,2014-10-31 07:07:00,8.4388,8.4388,8.4398,8.4386,8.44063,8.4423,8.4427,8.44027,897
2014-10-31 07:07:00,2014-10-31 07:08:00,8.4388,8.4401,8.4412,8.4387,8.4423,8.4452,8.4452,8.4417,1354
2014-10-31 07:08:00,2014-10-31 07:09:00,8.4401,8.4415,8.4417,8.4399,8.4452,8.4448,8.4457,8.4443,1276
2014-10-31 07:09:00,2014-10-31 07:10:00,8.4415,8.4434,8.4445,8.4406,8.4448,8.4452,8.4465,8.4443,441
2014-10-31 07:10:00,2014-10-31 07:11:00,8.4434,8.4436,8.4438,8.4434,8.4452,8.44501,8.4455,8.44489,54
2014-10-31 07:11:00,2014-10-31 07:12:00,8.4436,8.4435,8.4438,8.4434,8.44501,8.4449,8.4455,8.4449,38
2014-10-31 07:12:00,2014-10-31 07:13:00,8.4435,8.4408,8.4435,8.4405,8.4449,8.44277,8.44504,8.4424,119
2014-10-31 07:13:00,2014-10-31 07:14:00,8.4408,8.43843,8.4408,8.43843,8.44277,8.4401,8.4438,8.4401,174
2014-10-31 07:14:00,2014-10-31 07:15:00,8.43843,8.4365,8.4383,8.4365,8.4401,8.4376,8.4401,8.4369,94
2014-10-31 07:15:00,2014-10-31 07:16:00,8.4365,8.435,8.4365,8.43387,8.4376,8.4363,8.4374,8.4355,162
2014-10-31 07:16:00,2014-10-31 07:17:00,8.435,8.4348,8.4355,8.4338,8.4363,8.436,8.4372,8.4338,74
2014-10-31 07:17:00,2014-10-31 07:18:00,8.4348,8.4334,8.4352,8.4334,8.436,8.4347,8.4365,8.4347,33
2014-10-31 07:18:00,2014-10-31 07:19:00,8.4334,8.43064,8.4334,8.43055,8.4347,8.4326,8.4349,8.4325,56
2014-10-31 07:19:00,2014-10-31 07:20:00,8.43064,8.4317,8.4317,8.4305,8.4326,8.4324,8.4326,8.4323,45
2014-10-31 07:20:00,2014-10-31 07:21:00,8.4317,8.4298,8.4312,8.4297,8.4324,8.4314,8.4324,8.431,81
2014-10-31 07:21:00,2014-10-31 07:22:00,8.4298,8.42903,8.43,8.42798,8.4314,8.4308,8.4318,8.4299,74
2014-10-31 07:22:00,2014-10-31 07:23:00,8.42903,8.42713,8.42913,8.4265,8.4308,8.4282,8.4308,8.4279,94
2014-10-31 07:23:00,2014-10-31 07:24:00,8.42713,8.42723,8.4282,8.4271,8.4282,8.4289,8.42957,8.4284,34
2014-10-31 07:24:00,2014-10-31 07:25:00,8.42723,8.42714,8.4316,8.42713,8.4289,8.4292,8.43371,8.4286,188
2014-10-31 07:25:00,2014-10-31 07:26:00,8.42714,8.4248,8.4274,8.4245,8.4292,8.4276,8.4292,8.4265,432
2014-10-31 07:26:00,2014-10-31 07:27:00,8.4248,8.4257,8.4265,8.4245,8.4276,8.4274,8.4288,8.4272,342
2014-10-31 07:27:00,2014-10-31 07:28:00,8.4257,8.4255,8.4261,8.4255,8.4274,8.4274,8.4278,8.4274,21
2014-10-31 07:28:00,2014-10-31 07:29:00,8.4255,8.42764,8.42825,8.4255,8.4274,8.4288,8.4306,8.4274,98
2014-10-31 07:29:00,2014-10-31 07:30:00,8.42764,8.42067,8.42445,8.41841,8.4288,8.4217,8.4249,8.4195,222
2014-10-31 07:30:00,2014-10-31 07:31:00,8.42067,8.42394,8.42407,8.41997,8.4217,8.426,8.4266,8.4212,168
2014-10-31 07:31:00,2014-10-31 07:32:00,8.42394,8.42476,8.42525,8.42172,8.426,8.42706,8.429,8.4251,362
2014-10-31 07:32:00,2014-10-31 07:33:00,8.42476,8.42526,8.42689,8.42363,8.42706,8.4287,8.4296,8.42543,186
2014-10-31 07:33:00,2014-10-31 07:34:00,8.42526,8.42444,8.4287,8.42444,8.4287,8.4274,8.43084,8.4274,146
2014-10-31 07:34:00,2014-10-31 07:35:00,8.42444,8.4237,8.4266,8.4232,8.4274,8.4277,8.43002,8.42485,261
2014-10-31 07:35:00,2014-10-31 07:36:00,8.4237,8.42339,8.42453,8.42339,8.4277,8.4249,8.4291,8.4247,163
2014-10-31 07:36:00,2014-10-31 07:37:00,8.42339,8.4254,8.42542,8.42327,8.4249,8.4267,8.4269,8.4249,41
2014-10-31 07:37:00,2014-10-31 07:38:00,8.4254,8.42339,8.4254,8.4232,8.4267,8.42553,8.4271,8.42523,101
2014-10-31 07:38:00,2014-10-31 07:39:00,8.42339,8.4216,8.42339,8.4215,8.42553,8.4245,8.42553,8.424,231
2014-10-31 07:39:00,2014-10-31 07:40:00,8.4216,8.422,8.4225,8.4214,8.4245,8.42383,8.4253,8.42343,179
2014-10-31 07:40:00,2014-10-31 07:41:00,8.422,8.42132,8.422,8.42102,8.42383,8.42298,8.42375,8.42288,63
2014-10-31 07:41:00,2014-10-31 07:42:00,8.42132,8.42087,8.4212,8.42022,8.42298,8.4225,8.42298,8.4217,73
2014-10-31 07:42:00,2014-10-31 07:43:00,8.42087,8.4211,8.4214,8.4209,8.4225,8.42243,8.42283,8.42243,44
2014-10-31 07:43:00,2014-10-31 07:44:00,8.4211,8.4215,8.4216,8.42045,8.42243,8.42283,8.4229,8.42178,45
2014-10-31 07:44:00,2014-10-31 07:45:00,8.4215,8.4219,8.4226,8.4215,8.42283,8.4235,8.4242,8.42283,94
2014-10-31 07:45:00,2014-10-31 07:46:00,8.4219,8.4218,8.4219,8.421,8.4235,8.4233,8.4235,8.4228,42
2014-10-31 07:46:00,2014-10-31 07:47:00,8.4218,8.4121,8.4219,8.4116,8.4233,8.4143,8.4234,8.4138,175
2014-10-31 07:47:00,2014-10-31 07:48:00,8.4121,8.41317,8.4147,8.41052,8.4143,8.4151,8.41598,8.4113,164
2014-10-31 07:48:00,2014-10-31 07:49:00,8.41317,8.4147,8.41852,8.4126,8.4151,8.4165,8.4202,8.4139,239
2014-10-31 07:49:00,2014-10-31 07:50:00,8.4147,8.42158,8.42158,8.4147,8.4165,8.4232,8.4232,8.41626,200
2014-10-31 07:50:00,2014-10-31 07:51:00,8.42158,8.4191,8.42155,8.41902,8.4232,8.42038,8.4232,8.4203,48
2014-10-31 07:51:00,2014-10-31 07:52:00,8.4191,8.4232,8.4239,8.41902,8.42038,8.4249,8.425,8.42038,104
2014-10-31 07:52:00,2014-10-31 07:53:00,8.4232,8.4226,8.424,8.42171,8.4249,8.42374,8.4258,8.42338,137
2014-10-31 07:53:00,2014-10-31 07:54:00,8.4226,8.42373,8.4246,8.4224,8.42374,8.42579,8.4261,8.4235,129
2014-10-31 07:54:00,2014-10-31 07:55:00,8.42373,8.4242,8.4245,8.4223,8.42579,8.42625,8.4263,8.42432,77
2014-10-31 07:55:00,2014-10-31 07:56:00,8.4242,8.4238,8.4254,8.4213,8.42625,8.4256,8.4271,8.4235,134
2014-10-31 07:56:00,2014-10-31 07:57:00,8.4238,8.4237,8.42491,8.4227,8.4256,8.4243,8.42669,8.4243,99
2014-10-31 07:57:00,2014-10-31 07:58:00,8.4237,8.42044,8.4237,8.4192,8.4243,8.42191,8.4246,8.42082,112
2014-10-31 07:58:00,2014-10-31 07:59:00,8.42044,8.41981,8.4204,8.41932,8.42191,8.4214,8.42191,8.421,48
2014-10-31 07:59:00,2014-10-31 08:00:00,8.41981,8.4209,8.4211,8.41919,8.4214,8.42182,8.422,8.4207,76
2014-10-31 08:00:00,2014-10-31 08:01:00,8.4209,8.4241,8.4241,8.42015,8.42182,8.427,8.4271,8.42119,100
2014-10-31 08:01:00,2014-10-31 08:02:00,8.4241,8.42547,8.4267,8.4228,8.427,8.427,8.4284,8.42445,296
2014-10-31 08:02:00,2014-10-31 08:03:00,8.42547,8.4246,8.4272,8.42423,8.427,8.42618,8.43,8.42603,325
2014-10-31 08:03:00,2014-10-31 08:04:00,8.4246,8.4242,8.4247,8.4233,8.42618,8.4256,8.42653,8.4248,74
2014-10-31 08:04:00,2014-10-31 08:05:00,8.4242,8.4264,8.4264,8.424,8.4256,8.4274,8.4275,8.4257,55
2014-10-31 08:05:00,2014-10-31 08:06:00,8.4264,8.4264,8.4267,8.42542,8.4274,8.4291,8.4291,8.4269,66
2014-10-31 08:06:00,2014-10-31 08:07:00,8.4264,8.4273,8.4287,8.4265,8.4291,8.4295,8.4304,8.429,125
2014-10-31 08:07:00,2014-10-31 08:08:00,8.4273,8.4264,8.4303,8.4264,8.4295,8.42743,8.432,8.42743,137
2014-10-31 08:08:00,2014-10-31 08:09:00,8.4264,8.4269,8.4269,8.4261,8.42743,8.42818,8.42818,8.42698,28
2014-10-31 08:09:00,2014-10-31 08:10:00,8.4269,8.42752,8.4277,8.4268,8.42818,8.4292,8.4294,8.4282,72
2014-10-31 08:10:00,2014-10-31 08:11:00,8.42752,8.432,8.4327,8.4276,8.4292,8.434,8.4343,8.4292,148
2014-10-31 08:11:00,2014-10-31 08:12:00,8.432,8.4324,8.4335,8.4318,8.434,8.4335,8.43431,8.43339,122
2014-10-31 08:12:00,2014-10-31 08:13:00,8.4324,8.432,8.4328,8.4315,8.4335,8.43384,8.43395,8.43313,90
2014-10-31 08:13:00,2014-10-31 08:14:00,8.432,8.4318,8.4322,8.43178,8.43384,8.4337,8.43394,8.433,123
2014-10-31 08:14:00,2014-10-31 08:15:00,8.4318,8.4316,8.4321,8.4316,8.4337,8.4329,8.43377,8.4329,57
2014-10-31 08:15:00,2014-10-31 08:16:00,8.4316,8.43114,8.4315,8.4311,8.4329,8.4318,8.43293,8.4318,49
2014-10-31 08:16:00,2014-10-31 08:17:00,8.43114,8.42952,8.43152,8.4294,8.4318,8.431,8.4327,8.4308,73
2014-10-31 08:17:00,2014-10-31 08:18:00,8.42952,8.4278,8.4297,8.4277,8.431,8.4293,8.4312,8.429,59
2014-10-31 08:18:00,2014-10-31 08:19:00,8.4278,8.4281,8.4281,8.42752,8.4293,8.429,8.4295,8.4287,33
2014-10-31 08:19:00,2014-10-31 08:20:00,8.4281,8.4276,8.4276,8.4263,8.429,8.429,8.429,8.4281,76
2014-10-31 08:20:00,2014-10-31 08:21:00,8.4276,8.4265,8.4279,8.4264,8.429,8.4282,8.42913,8.4272,45
2014-10-31 08:21:00,2014-10-31 08:22:00,8.4265,8.4277,8.4284,8.4265,8.4282,8.4291,8.4295,8.42809,44
2014-10-31 08:22:00,2014-10-31 08:23:00,8.4277,8.4277,8.4277,8.427,8.4291,8.429,8.42926,8.42791,45
2014-10-31 08:23:00,2014-10-31 08:24:00,8.4277,8.4294,8.4297,8.42743,8.429,8.43091,8.431,8.4289,47
2014-10-31 08:24:00,2014-10-31 08:25:00,8.4294,8.4271,8.4303,8.4271,8.43091,8.4279,8.4311,8.4279,43
2014-10-31 08:25:00,2014-10-31 08:26:00,8.4271,8.42694,8.42774,8.4268,8.4279,8.4281,8.4294,8.4279,41
2014-10-31 08:26:00,2014-10-31 08:27:00,8.42694,8.42764,8.4287,8.4267,8.4281,8.4291,8.4295,8.4281,25
2014-10-31 08:27:00,2014-10-31 08:28:00,8.42764,8.4284,8.429,8.4278,8.4291,8.42973,8.42973,8.4291,58
2014-10-31 08:28:00,2014-10-31 08:29:00,8.4284,8.4279,8.4286,8.4277,8.42973,8.42943,8.43,8.4293,22
2014-10-31 08:29:00,2014-10-31 08:30:00,8.4279,8.4279,8.43,8.4278,8.42943,8.42923,8.43133,8.4291,59
2014-10-31 08:30:00,2014-10-31 08:31:00,8.4279,8.4285,8.4285,8.4266,8.42923,8.4295,8.4296,8.4279,59
2014-10-31 08:31:00,2014-10-31 08:32:00,8.4285,8.42762,8.4285,8.4264,8.4295,8.4284,8.4295,8.4277,28
2014-10-31 08:32:00,2014-10-31 08:33:00,8.42762,8.42813,8.4288,8.4265,8.4284,8.4296,8.43,8.4279,38
2014-10-31 08:33:00,2014-10-31 08:34:00,8.42813,8.42865,8.42937,8.42813,8.4296,8.4299,8.4303,8.4295,39
2014-10-31 08:34:00,2014-10-31 08:35:00,8.42865,8.42865,8.42867,8.42863,8.4299,8.4298,8.43,8.4295,27
2014-10-31 08:35:00,2014-10-31 08:36:00,8.42865,8.42862,8.42908,8.42858,8.4298,8.4298,8.43,8.4295,22
2014-10-31 08:36:00,2014-10-31 08:37:00,8.42862,8.4265,8.42862,8.42616,8.4298,8.4269,8.4297,8.4269,32
2014-10-31 08:37:00,2014-10-31 08:38:00,8.4265,8.4252,8.4263,8.42498,8.4269,8.4269,8.4279,8.4252,108
2014-10-31 08:38:00,2014-10-31 08:39:00,8.4252,8.4261,8.4261,8.4242,8.4269,8.4277,8.4278,8.4253,80
2014-10-31 08:39:00,2014-10-31 08:40:00,8.4261,8.4265,8.4267,8.4243,8.4277,8.4282,8.4283,8.4258,62
2014-10-31 08:40:00,2014-10-31 08:41:00,8.4265,8.4287,8.4287,8.42638,8.4282,8.42958,8.4299,8.4282,56
2014-10-31 08:41:00,2014-10-31 08:42:00,8.4287,8.4292,8.4292,8.4285,8.42958,8.43025,8.43025,8.4295,29
2014-10-31 08:42:00,2014-10-31 08:43:00,8.4292,8.431,8.4319,8.429,8.43025,8.43188,8.4337,8.43026,67
2014-10-31 08:43:00,2014-10-31 08:44:00,8.431,8.43052,8.43052,8.4302,8.43188,8.4318,8.4319,8.4317,16
2014-10-31 08:44:00,2014-10-31 08:45:00,8.43052,8.4302,8.43052,8.43,8.4318,8.43133,8.4317,8.43099,14
2014-10-31 08:45:00,2014-10-31 08:46:00,8.4302,8.4301,8.4302,8.43,8.43133,8.4317,8.4317,8.4312,27
2014-10-31 08:46:00,2014-10-31 08:47:00,8.4301,8.43,8.4301,8.43,8.4317,8.4317,8.4317,8.4316,5
2014-10-31 08:47:00,2014-10-31 08:48:00,8.43,8.4322,8.4325,8.4301,8.4317,8.4341,8.4342,8.4315,50
2014-10-31 08:48:00,2014-10-31 08:49:00,8.4322,8.4334,8.4339,8.43105,8.4341,8.43452,8.4353,8.4324,65
2014-10-31 08:49:00,2014-10-31 08:50:00,8.4334,8.4324,8.4334,8.4321,8.43452,8.4335,8.43457,8.4334,50
2014-10-31 08:50:00,2014-10-31 08:51:00,8.4324,8.4322,8.43295,8.4312,8.4335,8.43332,8.4341,8.4321,97
2014-10-31 08:51:00,2014-10-31 08:52:00,8.4322,8.43073,8.43177,8.4297,8.43332,8.4323,8.43332,8.4312,70
2014-10-31 08:52:00,2014-10-31 08:53:00,8.43073,8.43295,8.4339,8.43082,8.4323,8.4349,8.4353,8.4318,135
2014-10-31 08:53:00,2014-10-31 08:54:00,8.43295,8.4327,8.433,8.4311,8.4349,8.4342,8.43481,8.4328,98
2014-10-31 08:54:00,2014-10-31 08:55:00,8.4327,8.4329,8.4348,8.4322,8.4342,8.4349,8.4359,8.4338,102
2014-10-31 08:55:00,2014-10-31 08:56:00,8.4329,8.4332,8.4345,8.4309,8.4349,8.4356,8.4356,8.43247,110
2014-10-31 08:56:00,2014-10-31 08:57:00,8.4332,8.4317,8.4322,8.4308,8.4356,8.4344,8.4351,8.4323,74
2014-10-31 08:57:00,2014-10-31 08:58:00,8.4317,8.4325,8.4325,8.4312,8.4344,8.4359,8.4359,8.4325,51
2014-10-31 08:58:00,2014-10-31 08:59:00,8.4325,8.43154,8.4341,8.42946,8.4359,8.43965,8.44026,8.4356,39
2014-10-31 08:59:00,2014-10-31 09:00:00,8.43154,8.4358,8.4371,8.42314,8.43965,8.4375,8.4426,8.43136,143
2014-10-31 09:00:00,2014-10-31 09:01:00,8.4358,8.4339,8.4358,8.4324,8.4375,8.4353,8.4379,8.4339,57
2014-10-31 09:01:00,2014-10-31 09:02:00,8.4339,8.4346,8.4364,8.43369,8.4353,8.4371,8.4377,8.4353,72
2014-10-31 09:02:00,2014-10-31 09:03:00,8.4346,8.43557,8.4358,8.4335,8.4371,8.43756,8.4376,8.435,96
2014-10-31 09:03:00,2014-10-31 09:04:00,8.43557,8.4456,8.4489,8.43557,8.43756,8.448,8.4492,8.4376,160
2014-10-31 09:04:00,2014-10-31 09:05:00,8.4456,8.4444,8.4467,8.4444,8.448,8.4456,8.4483,8.4455,83
2014-10-31 09:05:00,2014-10-31 09:06:00,8.4444,8.4432,8.4459,8.4422,8.4456,8.44437,8.44778,8.44376,69
2014-10-31 09:06:00,2014-10-31 09:07:00,8.4432,8.4413,8.4434,8.44007,8.44437,8.44327,8.44461,8.4407,115
2014-10-31 09:07:00,2014-10-31 09:08:00,8.4413,8.4409,8.44297,8.4405,8.44327,8.443,8.44416,8.4422,91
2014-10-31 09:08:00,2014-10-31 09:09:00,8.4409,8.4404,8.4411,8.4404,8.443,8.44173,8.44302,8.44173,78
2014-10-31 09:09:00,2014-10-31 09:10:00,8.4404,8.437,8.4412,8.437,8.44173,8.439,8.44219,8.439,61
2014-10-31 09:10:00,2014-10-31 09:11:00,8.437,8.43204,8.4369,8.4305,8.439,8.4337,8.4397,8.4319,100
2014-10-31 09:11:00,2014-10-31 09:12:00,8.43204,8.4322,8.4327,8.43204,8.4337,8.4332,8.43434,8.4331,36
2014-10-31 09:12:00,2014-10-31 09:13:00,8.4322,8.43191,8.4321,8.4319,8.4332,8.4332,8.4333,8.4331,20
2014-10-31 09:13:00,2014-10-31 09:14:00,8.43191,8.4288,8.43193,8.4288,8.4332,8.4302,8.4332,8.4293,74
2014-10-31 09:14:00,2014-10-31 09:15:00,8.4288,8.4294,8.4301,8.4268,8.4302,8.4308,8.43097,8.4286,131
2014-10-31 09:15:00,2014-10-31 09:16:00,8.4294,8.4309,8.4314,8.429,8.4308,8.4322,8.433,8.4308,78
2014-10-31 09:16:00,2014-10-31 09:17:00,8.4309,8.4294,8.43215,8.42881,8.4322,8.43028,8.4335,8.43028,107
2014-10-31 09:17:00,2014-10-31 09:18:00,8.4294,8.4294,8.4329,8.4288,8.43028,8.4297,8.4361,8.4297,187
2014-10-31 09:18:00,2014-10-31 09:19:00,8.4294,8.4275,8.4297,8.4275,8.4297,8.4287,8.4314,8.4287,66
2014-10-31 09:19:00,2014-10-31 09:20:00,8.4275,8.42717,8.4279,8.42634,8.4287,8.4281,8.4287,8.4277,57
2014-10-31 09:20:00,2014-10-31 09:21:00,8.42717,8.42664,8.42854,8.42623,8.4281,8.42778,8.4301,8.4272,48
2014-10-31 09:21:00,2014-10-31 09:22:00,8.42664,8.42552,8.42664,8.423,8.42778,8.4267,8.42778,8.4245,153
2014-10-31 09:22:00,2014-10-31 09:23:00,8.42552,8.4264,8.42738,8.42552,8.4267,8.42743,8.4288,8.4268,72
2014-10-31 09:23:00,2014-10-31 09:24:00,8.4264,8.429,8.43,8.4264,8.42743,8.43123,8.432,8.42743,138
2014-10-31 09:24:00,2014-10-31 09:25:00,8.429,8.4288,8.4299,8.42813,8.43123,8.4301,8.43149,8.4295,145
2014-10-31 09:25:00,2014-10-31 09:26:00,8.4288,8.4291,8.4292,8.4285,8.4301,8.4301,8.4303,8.43,15
2014-10-31 09:26:00,2014-10-31 09:27:00,8.4291,8.4284,8.42948,8.42832,8.4301,8.4288,8.43143,8.4287,36
2014-10-31 09:27:00,2014-10-31 09:28:00,8.4284,8.43007,8.43007,8.4284,8.4288,8.431,8.4311,8.42955,25
2014-10-31 09:28:00,2014-10-31 09:29:00,8.43007,8.42955,8.43137,8.4284,8.431,8.4311,8.4324,8.4297,97
2014-10-31 09:29:00,2014-10-31 09:30:00,8.42955,8.42963,8.42963,8.4276,8.4311,8.4314,8.4314,8.429,77
2014-10-31 09:30:00,2014-10-31 09:31:00,8.42963,8.43057,8.43069,8.42958,8.4314,8.4319,8.432,8.4314,61
2014-10-31 09:31:00,2014-10-31 09:32:00,8.43057,8.43131,8.43131,8.43018,8.4319,8.4324,8.4325,8.4317,36
2014-10-31 09:32:00,2014-10-31 09:33:00,8.43131,8.4326,8.4326,8.43131,8.4324,8.434,8.4343,8.4325,34
2014-10-31 09:33:00,2014-10-31 09:34:00,8.4326,8.43242,8.4326,8.4323,8.434,8.434,8.4341,8.434,17
2014-10-31 09:34:00,2014-10-31 09:35:00,8.43242,8.4329,8.4332,8.43231,8.434,8.4344,8.4345,8.434,31
2014-10-31 09:35:00,2014-10-31 09:36:00,8.4329,8.43432,8.4346,8.43188,8.4344,8.4357,8.4362,8.4335,70
2014-10-31 09:36:00,2014-10-31 09:37:00,8.43432,8.43432,8.4344,8.43432,8.4357,8.43564,8.4358,8.4345,14
2014-10-31 09:37:00,2014-10-31 09:38:00,8.43432,8.43432,8.43432,8.43432,8.43564,8.435,8.43564,8.4348,23
2014-10-31 09:38:00,2014-10-31 09:39:00,8.43432,8.43432,8.43432,8.43383,8.435,8.4352,8.4354,8.4352,9
2014-10-31 09:39:00,2014-10-31 09:40:00,8.43432,8.43372,8.43432,8.43372,8.4352,8.4349,8.4354,8.4348,18
2014-10-31 09:40:00,2014-10-31 09:41:00,8.43372,8.43367,8.43371,8.43367,8.4349,8.4346,8.4349,8.4346,8
2014-10-31 09:41:00,2014-10-31 09:42:00,8.43367,8.43371,8.43426,8.43363,8.4346,8.4349,8.4349,8.4345,11
2014-10-31 09:42:00,2014-10-31 09:43:00,8.43371,8.43347,8.43422,8.43347,8.4349,8.4345,8.4353,8.4345,39
2014-10-31 09:43:00,2014-10-31 09:44:00,8.43347,8.43349,8.43349,8.43348,8.4345,8.4348,8.4348,8.4345,4
2014-10-31 09:44:00,2014-10-31 09:45:00,8.43349,8.43398,8.4342,8.4335,8.4348,8.4353,8.4353,8.4348,19
2014-10-31 09:45:00,2014-10-31 09:46:00,8.43398,8.4347,8.43581,8.43397,8.4353,8.43538,8.4371,8.4353,41
2014-10-31 09:46:00,2014-10-31 09:47:00,8.4347,8.4343,8.4354,8.4343,8.43538,8.43538,8.4371,8.43538,39
2014-10-31 09:47:00,2014-10-31 09:48:00,8.4343,8.4341,8.4345,8.43384,8.43538,8.4354,8.4357,8.4353,39
2014-10-31 09:48:00,2014-10-31 09:49:00,8.4341,8.43384,8.4345,8.43384,8.4354,8.4353,8.4357,8.4351,26
2014-10-31 09:49:00,2014-10-31 09:50:00,8.43384,8.4343,8.4343,8.43384,8.4353,8.4357,8.4357,8.4353,28
2014-10-31 09:50:00,2014-10-31 09:51:00,8.4343,8.4349,8.4349,8.4343,8.4357,8.43596,8.43596,8.4359,6
2014-10-31 09:51:00,2014-10-31 09:52:00,8.4349,8.4346,8.4349,8.4346,8.43596,8.43596,8.43706,8.43596,12
2014-10-31 09:52:00,2014-10-31 09:53:00,8.4346,8.43549,8.43604,8.4342,8.43596,8.4365,8.4372,8.4356,41
2014-10-31 09:53:00,2014-10-31 09:54:00,8.43549,8.43619,8.4366,8.4354,8.4365,8.4375,8.4375,8.4364,36
2014-10-31 09:54:00,2014-10-31 09:55:00,8.43619,8.4399,8.4399,8.43607,8.4375,8.4414,8.4414,8.4373,71
2014-10-31 09:55:00,2014-10-31 09:56:00,8.4399,8.43934,8.43995,8.43929,8.4414,8.4407,8.4415,8.4405,50
2014-10-31 09:56:00,2014-10-31 09:57:00,8.43934,8.44054,8.4423,8.43932,8.4407,8.4419,8.44268,8.4408,86
2014-10-31 09:57:00,2014-10-31 09:58:00,8.44054,8.43881,8.44081,8.43876,8.4419,8.4401,8.442,8.44007,59
2014-10-31 09:58:00,2014-10-31 09:59:00,8.43881,8.4346,8.44049,8.4346,8.4401,8.43655,8.4424,8.4356,87
2014-10-31 09:59:00,2014-10-31 10:00:00,8.4346,8.43559,8.43565,8.4322,8.43655,8.4377,8.4377,8.43522,106
2014-10-31 10:00:00,2014-10-31 10:01:00,8.43559,8.43598,8.43598,8.4355,8.4377,8.4378,8.43789,8.4377,33
2014-10-31 10:01:00,2014-10-31 10:02:00,8.43598,8.4357,8.43658,8.4357,8.4378,8.43781,8.4385,8.43733,60
2014-10-31 10:02:00,2014-10-31 10:03:00,8.4357,8.4363,8.4365,8.43547,8.43781,8.43753,8.4384,8.4367,105
2014-10-31 10:03:00,2014-10-31 10:04:00,8.4363,8.43691,8.4382,8.4365,8.43753,8.4388,8.4397,8.43753,84
2014-10-31 10:04:00,2014-10-31 10:05:00,8.43691,8.4392,8.4402,8.43684,8.4388,8.442,8.4428,8.4388,159
2014-10-31 10:05:00,2014-10-31 10:06:00,8.4392,8.4393,8.4402,8.4391,8.442,8.44093,8.4428,8.44093,141
2014-10-31 10:06:00,2014-10-31 10:07:00,8.4393,8.4402,8.44103,8.4393,8.44093,8.44192,8.4429,8.44093,308
2014-10-31 10:07:00,2014-10-31 10:08:00,8.4402,8.43953,8.4402,8.4391,8.44192,8.441,8.4417,8.4403,81
2014-10-31 10:08:00,2014-10-31 10:09:00,8.43953,8.442,8.4424,8.43921,8.441,8.44383,8.4441,8.4408,160
2014-10-31 10:09:00,2014-10-31 10:10:00,8.442,8.4421,8.4424,8.44187,8.44383,8.44383,8.44383,8.4433,30
2014-10-31 10:10:00,2014-10-31 10:11:00,8.4421,8.4466,8.447,8.442,8.44383,8.4497,8.4497,8.4438,224
2014-10-31 10:11:00,2014-10-31 10:12:00,8.4466,8.4455,8.45169,8.4455,8.4497,8.4472,8.4532,8.4472,235
2014-10-31 10:12:00,2014-10-31 10:13:00,8.4455,8.4439,8.4456,8.4436,8.4472,8.4454,8.4473,8.4454,51
2014-10-31 10:13:00,2014-10-31 10:14:00,8.4439,8.44722,8.44723,8.4435,8.4454,8.4479,8.4483,8.4453,91
2014-10-31 10:14:00,2014-10-31 10:15:00,8.44722,8.44721,8.44722,8.44719,8.4479,8.4477,8.4481,8.4477,9
2014-10-31 10:15:00,2014-10-31 10:16:00,8.44721,8.444,8.44719,8.4433,8.4477,8.44607,8.4478,8.44571,484
2014-10-31 10:16:00,2014-10-31 10:17:00,8.444,8.4457,8.4457,8.4405,8.44607,8.4475,8.4476,8.443,309
2014-10-31 10:17:00,2014-10-31 10:18:00,8.4457,8.4417,8.4458,8.4417,8.4475,8.4433,8.4477,8.4433,80
2014-10-31 10:18:00,2014-10-31 10:19:00,8.4417,8.4371,8.4417,8.4371,8.4433,8.4392,8.4432,8.4392,165
2014-10-31 10:19:00,2014-10-31 10:20:00,8.4371,8.4386,8.4387,8.4369,8.4392,8.4395,8.4405,8.439,55
2014-10-31 10:20:00,2014-10-31 10:21:00,8.4386,8.4394,8.44158,8.4386,8.4395,8.4406,8.443,8.4399,63
2014-10-31 10:21:00,2014-10-31 10:22:00,8.4394,8.44132,8.44132,8.4394,8.4406,8.4419,8.4419,8.4407,30
2014-10-31 10:22:00,2014-10-31 10:23:00,8.44132,8.4412,8.4414,8.4403,8.4419,8.4421,8.4425,8.4414,39
2014-10-31 10:23:00,2014-10-31 10:24:00,8.4412,8.44148,8.44148,8.4402,8.4421,8.4424,8.4424,8.4412,39
2014-10-31 10:24:00,2014-10-31 10:25:00,8.44148,8.4393,8.44148,8.4392,8.4424,8.4417,8.44261,8.4415,104
2014-10-31 10:25:00,2014-10-31 10:26:00,8.4393,8.4406,8.4416,8.4391,8.4417,8.44249,8.44313,8.44122,141
2014-10-31 10:26:00,2014-10-31 10:27:00,8.4406,8.4411,8.4411,8.4405,8.44249,8.44283,8.44283,8.4423,40
2014-10-31 10:27:00,2014-10-31 10:28:00,8.4411,8.441,8.4411,8.44078,8.44283,8.44283,8.44283,8.4427,20
2014-10-31 10:28:00,2014-10-31 10:29:00,8.441,8.4417,8.4417,8.44078,8.44283,8.4429,8.4429,8.4427,38
2014-10-31 10:29:00,2014-10-31 10:30:00,8.4417,8.44087,8.4417,8.44087,8.4429,8.44273,8.4431,8.44273,19
2014-10-31 10:30:00,2014-10-31 10:31:00,8.44087,8.4411,8.44116,8.44088,8.44273,8.44273,8.44273,8.4427,12
2014-10-31 10:31:00,2014-10-31 10:32:00,8.4411,8.4414,8.4416,8.44101,8.44273,8.4426,8.44273,8.4426,42
2014-10-31 10:32:00,2014-10-31 10:33:00,8.4414,8.44087,8.4414,8.44087,8.4426,8.4425,8.4426,8.4422,15
2014-10-31 10:33:00,2014-10-31 10:34:00,8.44087,8.4413,8.4414,8.44087,8.4425,8.4425,8.4425,8.4422,21
2014-10-31 10:34:00,2014-10-31 10:35:00,8.4413,8.4418,8.4418,8.441,8.4425,8.44293,8.44293,8.4425,32
2014-10-31 10:35:00,2014-10-31 10:36:00,8.4418,8.44352,8.4436,8.4416,8.44293,8.4449,8.4449,8.4429,20
2014-10-31 10:36:00,2014-10-31 10:37:00,8.44352,8.448,8.4492,8.44367,8.4449,8.4493,8.4501,8.4449,137
2014-10-31 10:37:00,2014-10-31 10:38:00,8.448,8.44678,8.448,8.44678,8.4493,8.4482,8.4492,8.4482,45
2014-10-31 10:38:00,2014-10-31 10:39:00,8.44678,8.4472,8.4472,8.44669,8.4482,8.4486,8.4486,8.4482,10
2014-10-31 10:39:00,2014-10-31 10:40:00,8.4472,8.4469,8.44735,8.4464,8.4486,8.448,8.44881,8.44767,38
2014-10-31 10:40:00,2014-10-31 10:41:00,8.4469,8.447,8.4476,8.4467,8.448,8.4483,8.4487,8.448,38
2014-10-31 10:41:00,2014-10-31 10:42:00,8.447,8.4471,8.4472,8.447,8.4483,8.4486,8.44865,8.4483,9
2014-10-31 10:42:00,2014-10-31 10:43:00,8.4471,8.4468,8.44712,8.4468,8.4486,8.448,8.4486,8.448,23
2014-10-31 10:43:00,2014-10-31 10:44:00,8.4468,8.44685,8.4469,8.44664,8.448,8.44833,8.44833,8.4481,12
2014-10-31 10:44:00,2014-10-31 10:45:00,8.44685,8.44781,8.448,8.44685,8.44833,8.4492,8.44933,8.4483,31
2014-10-31 10:45:00,2014-10-31 10:46:00,8.44781,8.44873,8.44873,8.4474,8.4492,8.45018,8.45018,8.4485,47
2014-10-31 10:46:00,2014-10-31 10:47:00,8.44873,8.449,8.45065,8.4486,8.45018,8.44982,8.45101,8.44932,70
2014-10-31 10:47:00,2014-10-31 10:48:00,8.449,8.45102,8.4511,8.4494,8.44982,8.45239,8.4529,8.44982,134
2014-10-31 10:48:00,2014-10-31 10:49:00,8.45102,8.45123,8.4513,8.45085,8.45239,8.45314,8.4533,8.4521,99
2014-10-31 10:49:00,2014-10-31 10:50:00,8.45123,8.45125,8.45138,8.45115,8.45314,8.45314,8.45315,8.4528,46
2014-10-31 10:50:00,2014-10-31 10:51:00,8.45125,8.45169,8.4528,8.45129,8.45314,8.4534,8.4542,8.4525,104
2014-10-31 10:51:00,2014-10-31 10:52:00,8.45169,8.4512,8.45213,8.4512,8.4534,8.4525,8.45347,8.4525,36
2014-10-31 10:52:00,2014-10-31 10:53:00,8.4512,8.4512,8.4512,8.4512,8.4525,8.4523,8.4523,8.4523,1
2014-10-31 10:53:00,2014-10-31 10:54:00,8.4512,8.4512,8.4512,8.4512,8.4523,8.4524,8.4524,8.4524,1
2014-10-31 10:54:00,2014-10-31 10:55:00,8.4512,8.45114,8.4513,8.45114,8.4524,8.4525,8.4527,8.4524,8
2014-10-31 10:55:00,2014-10-31 10:56:00,8.45114,8.4512,8.4512,8.4511,8.4525,8.4526,8.4526,8.4524,5
2014-10-31 10:56:00,2014-10-31 10:57:00,8.4512,8.45184,8.4519,8.4512,8.4526,8.4533,8.4533,8.4526,21
2014-10-31 10:57:00,2014-10-31 10:58:00,8.45184,8.4548,8.4552,8.45142,8.4533,8.45593,8.4568,8.4528,98
2014-10-31 10:58:00,2014-10-31 10:59:00,8.4548,8.4556,8.45576,8.45387,8.45593,8.4569,8.457,8.4551,53
2014-10-31 10:59:00,2014-10-31 11:00:00,8.4556,8.4539,8.4559,8.4537,8.4569,8.45548,8.4572,8.45538,67
2014-10-31 11:00:00,2014-10-31 11:01:00,8.4539,8.45327,8.45397,8.4512,8.45548,8.45513,8.4558,8.4525,97
2014-10-31 11:01:00,2014-10-31 11:02:00,8.45327,8.4535,8.4535,8.4526,8.45513,8.45493,8.45513,8.4548,28
2014-10-31 11:02:00,2014-10-31 11:03:00,8.4535,8.45378,8.45433,8.45321,8.45493,8.456,8.45623,8.4547,59
2014-10-31 11:03:00,2014-10-31 11:04:00,8.45378,8.4549,8.4549,8.45367,8.456,8.4565,8.4565,8.4558,70
2014-10-31 11:04:00,2014-10-31 11:05:00,8.4549,8.4531,8.4547,8.453,8.4565,8.4544,8.4565,8.4537,81
2014-10-31 11:05:00,2014-10-31 11:06:00,8.4531,8.45299,8.4533,8.4526,8.4544,8.4544,8.4546,8.4539,33
2014-10-31 11:06:00,2014-10-31 11:07:00,8.45299,8.45299,8.4533,8.45299,8.4544,8.4544,8.4546,8.4544,20
2014-10-31 11:07:00,2014-10-31 11:08:00,8.45299,8.4542,8.45453,8.45299,8.4544,8.456,8.456,8.4543,24
2014-10-31 11:08:00,2014-10-31 11:09:00,8.4542,8.4539,8.455,8.4539,8.456,8.4554,8.4565,8.45519,86
2014-10-31 11:09:00,2014-10-31 11:10:00,8.4539,8.45678,8.45678,8.454,8.4554,8.4589,8.4589,8.45543,44
2014-10-31 11:10:00,2014-10-31 11:11:00,8.45678,8.45961,8.45977,8.45666,8.4589,8.46161,8.4618,8.4582,97
2014-10-31 11:11:00,2014-10-31 11:12:00,8.45961,8.4614,8.4614,8.45828,8.46161,8.46193,8.4621,8.4597,149
2014-10-31 11:12:00,2014-10-31 11:13:00,8.4614,8.4632,8.465,8.4608,8.46193,8.4647,8.4678,8.46193,142
2014-10-31 11:13:00,2014-10-31 11:14:00,8.4632,8.46213,8.46325,8.46,8.4647,8.4636,8.4647,8.46148,151
2014-10-31 11:14:00,2014-10-31 11:15:00,8.46213,8.4622,8.4627,8.46213,8.4636,8.46303,8.4639,8.46303,27
2014-10-31 11:15:00,2014-10-31 11:16:00,8.4622,8.46202,8.4632,8.46202,8.46303,8.46348,8.464,8.4627,47
2014-10-31 11:16:00,2014-10-31 11:17:00,8.46202,8.46202,8.46202,8.4618,8.46348,8.4634,8.4635,8.46326,22
2014-10-31 11:17:00,2014-10-31 11:18:00,8.46202,8.46225,8.4629,8.46202,8.4634,8.4637,8.46388,8.46264,26
2014-10-31 11:18:00,2014-10-31 11:19:00,8.46225,8.4627,8.4627,8.46127,8.4637,8.4639,8.464,8.4628,48
2014-10-31 11:19:00,2014-10-31 11:20:00,8.4627,8.4629,8.463,8.4629,8.4639,8.46398,8.46398,8.4639,10
2014-10-31 11:20:00,2014-10-31 11:21:00,8.4629,8.4628,8.463,8.46186,8.46398,8.46333,8.46398,8.46333,32
2014-10-31 11:21:00,2014-10-31 11:22:00,8.4628,8.4627,8.4628,8.4626,8.46333,8.46333,8.46333,8.46333,22
2014-10-31 11:22:00,2014-10-31 11:23:00,8.4627,8.461,8.4628,8.4604,8.46333,8.4617,8.46333,8.4617,105
2014-10-31 11:23:00,2014-10-31 11:24:00,8.461,8.4608,8.4622,8.4608,8.4617,8.4614,8.46317,8.4614,70
2014-10-31 11:24:00,2014-10-31 11:25:00,8.4608,8.4601,8.4615,8.45976,8.4614,8.4603,8.46258,8.4603,99
2014-10-31 11:25:00,2014-10-31 11:26:00,8.4601,8.4607,8.4616,8.45909,8.4603,8.4613,8.4626,8.4603,96
2014-10-31 11:26:00,2014-10-31 11:27:00,8.4607,8.46,8.46097,8.45979,8.4613,8.4612,8.462,8.4612,43
2014-10-31 11:27:00,2014-10-31 11:28:00,8.46,8.4595,8.4602,8.4591,8.4612,8.46008,8.46122,8.46,32
2014-10-31 11:28:00,2014-10-31 11:29:00,8.4595,8.45837,8.4595,8.4583,8.46008,8.45983,8.46048,8.45946,44
2014-10-31 11:29:00,2014-10-31 11:30:00,8.45837,8.4593,8.4595,8.45837,8.45983,8.46003,8.46003,8.4596,30
2014-10-31 11:30:00,2014-10-31 11:31:00,8.4593,8.4608,8.4608,8.45905,8.46003,8.46172,8.46172,8.46003,19
2014-10-31 11:31:00,2014-10-31 11:32:00,8.4608,8.45888,8.4607,8.45888,8.46172,8.46037,8.46172,8.46026,59
2014-10-31 11:32:00,2014-10-31 11:33:00,8.45888,8.46062,8.4613,8.4589,8.46037,8.46188,8.46229,8.46037,99
2014-10-31 11:33:00,2014-10-31 11:34:00,8.46062,8.46057,8.46062,8.4591,8.46188,8.4617,8.46189,8.46074,33
2014-10-31 11:34:00,2014-10-31 11:35:00,8.46057,8.4615,8.4616,8.45754,8.4617,8.4615,8.4619,8.4594,109
2014-10-31 11:35:00,2014-10-31 11:36:00,8.4615,8.4607,8.4615,8.45997,8.4615,8.4612,8.4617,8.461,33
2014-10-31 11:36:00,2014-10-31 11:37:00,8.4607,8.45838,8.45997,8.45798,8.4612,8.4598,8.4612,8.4598,31
2014-10-31 11:37:00,2014-10-31 11:38:00,8.45838,8.459,8.4591,8.4579,8.4598,8.4596,8.46,8.45924,49
2014-10-31 11:38:00,2014-10-31 11:39:00,8.459,8.4562,8.4589,8.4548,8.4596,8.45679,8.4596,8.45647,78
2014-10-31 11:39:00,2014-10-31 11:40:00,8.4562,8.45865,8.45865,8.4554,8.45679,8.4606,8.4606,8.45736,191
2014-10-31 11:40:00,2014-10-31 11:41:00,8.45865,8.45858,8.45868,8.45858,8.4606,8.4606,8.4606,8.4604,7
2014-10-31 11:41:00,2014-10-31 11:42:00,8.45858,8.4572,8.4587,8.4569,8.4606,8.4589,8.46063,8.45849,80
2014-10-31 11:42:00,2014-10-31 11:43:00,8.4572,8.4583,8.4583,8.45709,8.4589,8.4605,8.4609,8.4589,124
2014-10-31 11:43:00,2014-10-31 11:44:00,8.4583,8.4587,8.459,8.4581,8.4605,8.4614,8.4615,8.4604,109
2014-10-31 11:44:00,2014-10-31 11:45:00,8.4587,8.4586,8.46,8.4585,8.4614,8.46071,8.46181,8.46058,52
2014-10-31 11:45:00,2014-10-31 11:46:00,8.4586,8.45821,8.4586,8.4582,8.46071,8.46051,8.46069,8.46031,18
2014-10-31 11:46:00,2014-10-31 11:47:00,8.45821,8.4586,8.4587,8.4582,8.46051,8.46051,8.4606,8.46033,76
2014-10-31 11:47:00,2014-10-31 11:48:00,8.4586,8.4605,8.4612,8.4586,8.46051,8.46267,8.46279,8.45989,107
2014-10-31 11:48:00,2014-10-31 11:49:00,8.4605,8.461,8.4611,8.46058,8.46267,8.46283,8.46288,8.46262,65
2014-10-31 11:49:00,2014-10-31 11:50:00,8.461,8.4622,8.4622,8.4607,8.46283,8.4636,8.4636,8.46279,37
2014-10-31 11:50:00,2014-10-31 11:51:00,8.4622,8.4621,8.4622,8.4621,8.4636,8.4635,8.4635,8.4635,3
2014-10-31 11:51:00,2014-10-31 11:52:00,8.4621,8.4626,8.4626,8.4607,8.4635,8.464,8.464,8.46201,64
2014-10-31 11:52:00,2014-10-31 11:53:00,8.4626,8.4624,8.4626,8.4623,8.464,8.46363,8.46368,8.46362,8
2014-10-31 11:53:00,2014-10-31 11:54:00,8.4624,8.4627,8.4627,8.4624,8.46363,8.46413,8.46413,8.46363,13
2014-10-31 11:54:00,2014-10-31 11:55:00,8.4627,8.4637,8.4639,8.4626,8.46413,8.4648,8.4652,8.4641,47
2014-10-31 11:55:00,2014-10-31 11:56:00,8.4637,8.4637,8.4638,8.4629,8.4648,8.46481,8.46484,8.46422,55
2014-10-31 11:56:00,2014-10-31 11:57:00,8.4637,8.46562,8.46562,8.4637,8.46481,8.4671,8.4671,8.46479,36
2014-10-31 11:57:00,2014-10-31 11:58:00,8.46562,8.46667,8.46796,8.4655,8.4671,8.4686,8.4692,8.46706,162
2014-10-31 11:58:00,2014-10-31 11:59:00,8.46667,8.4691,8.47002,8.4666,8.4686,8.47041,8.4714,8.4682,180
2014-10-31 11:59:00,2014-10-31 12:00:00,8.4691,8.4652,8.46943,8.4652,8.47041,8.4665,8.4712,8.4665,163
2014-10-31 12:00:00,2014-10-31 12:01:00,8.4652,8.46658,8.46658,8.4651,8.4665,8.468,8.4681,8.46638,48
2014-10-31 12:01:00,2014-10-31 12:02:00,8.46658,8.46667,8.467,8.46658,8.468,8.46805,8.46812,8.46805,13
2014-10-31 12:02:00,2014-10-31 12:03:00,8.46667,8.4677,8.4677,8.46675,8.46805,8.46877,8.46877,8.46804,30
2014-10-31 12:03:00,2014-10-31 12:04:00,8.4677,8.4673,8.4678,8.46716,8.46877,8.46857,8.46879,8.46857,21
2014-10-31 12:04:00,2014-10-31 12:05:00,8.4673,8.4672,8.4674,8.46698,8.46857,8.4686,8.46867,8.46846,57
2014-10-31 12:05:00,2014-10-31 12:06:00,8.4672,8.46682,8.46746,8.46682,8.4686,8.46839,8.46872,8.46838,54
2014-10-31 12:06:00,2014-10-31 12:07:00,8.46682,8.46702,8.46788,8.46673,8.46839,8.46796,8.46854,8.46794,31
2014-10-31 12:07:00,2014-10-31 12:08:00,8.46702,8.46716,8.46735,8.46705,8.46796,8.46792,8.468,8.46787,28
2014-10-31 12:08:00,2014-10-31 12:09:00,8.46716,8.468,8.468,8.467,8.46792,8.4689,8.4689,8.46792,55
2014-10-31 12:09:00,2014-10-31 12:10:00,8.468,8.46937,8.46937,8.467,8.4689,8.4705,8.4709,8.46784,210
2014-10-31 12:10:00,2014-10-31 12:11:00,8.46937,8.4686,8.46937,8.4686,8.4705,8.46993,8.471,8.46992,29
2014-10-31 12:11:00,2014-10-31 12:12:00,8.4686,8.4684,8.46912,8.4684,8.46993,8.4698,8.47088,8.46968,53
2014-10-31 12:12:00,2014-10-31 12:13:00,8.4684,8.46692,8.4688,8.46692,8.4698,8.46846,8.4704,8.46846,34
2014-10-31 12:13:00,2014-10-31 12:14:00,8.46692,8.4642,8.46692,8.4642,8.46846,8.4661,8.46842,8.466,180
2014-10-31 12:14:00,2014-10-31 12:15:00,8.4642,8.4642,8.46432,8.46407,8.4661,8.4658,8.46609,8.4658,13
2014-10-31 12:15:00,2014-10-31 12:16:00,8.4642,8.4643,8.46443,8.46413,8.4658,8.4658,8.466,8.4657,25
2014-10-31 12:16:00,2014-10-31 12:17:00,8.4643,8.46386,8.46432,8.46386,8.4658,8.46596,8.466,8.4657,29
2014-10-31 12:17:00,2014-10-31 12:18:00,8.46386,8.4627,8.4651,8.4624,8.46596,8.4645,8.4668,8.4635,103
2014-10-31 12:18:00,2014-10-31 12:19:00,8.4627,8.4624,8.4632,8.46178,8.4645,8.4636,8.46499,8.4631,76
2014-10-31 12:19:00,2014-10-31 12:20:00,8.4624,8.4627,8.4631,8.4624,8.4636,8.4642,8.46432,8.4635,53
2014-10-31 12:20:00,2014-10-31 12:21:00,8.4627,8.463,8.463,8.4626,8.4642,8.4645,8.46455,8.4637,64
2014-10-31 12:21:00,2014-10-31 12:22:00,8.463,8.4631,8.4633,8.4626,8.4645,8.46451,8.46452,8.4636,69
2014-10-31 12:22:00,2014-10-31 12:23:00,8.4631,8.4629,8.46347,8.4628,8.46451,8.46443,8.46469,8.46409,54
2014-10-31 12:23:00,2014-10-31 12:24:00,8.4629,8.46257,8.463,8.46257,8.46443,8.46386,8.46443,8.4632,168
2014-10-31 12:24:00,2014-10-31 12:25:00,8.46257,8.46257,8.46257,8.46257,8.46386,8.46351,8.4641,8.46336,165
2014-10-31 12:25:00,2014-10-31 12:26:00,8.46257,8.46257,8.46257,8.46257,8.46351,8.46359,8.4638,8.4635,35
2014-10-31 12:26:00,2014-10-31 12:27:00,8.46257,8.4638,8.4638,8.4621,8.46359,8.46542,8.46545,8.46333,132
2014-10-31 12:27:00,2014-10-31 12:28:00,8.4638,8.465,8.4655,8.4641,8.46542,8.46642,8.4669,8.46542,154
2014-10-31 12:28:00,2014-10-31 12:29:00,8.465,8.4634,8.4673,8.4633,8.46642,8.4654,8.4694,8.4649,206
2014-10-31 12:29:00,2014-10-31 12:30:00,8.4634,8.4656,8.466,8.4624,8.4654,8.46747,8.4683,8.4647,158
2014-10-31 12:30:00,2014-10-31 12:31:00,8.4656,8.4656,8.46573,8.4654,8.46747,8.46725,8.46783,8.4671,124
2014-10-31 12:31:00,2014-10-31 12:32:00,8.4656,8.4654,8.4656,8.4653,8.46725,8.46723,8.46759,8.46704,401
2014-10-31 12:32:00,2014-10-31 12:33:00,8.4654,8.46257,8.4662,8.46257,8.46723,8.4643,8.46778,8.4641,470
2014-10-31 12:33:00,2014-10-31 12:34:00,8.46257,8.4631,8.4631,8.46257,8.4643,8.46443,8.4645,8.4641,79
2014-10-31 12:34:00,2014-10-31 12:35:00,8.4631,8.46579,8.4659,8.4629,8.46443,8.46738,8.46787,8.46443,90
2014-10-31 12:35:00,2014-10-31 12:36:00,8.46579,8.4665,8.4665,8.4642,8.46738,8.4681,8.46824,8.46623,105
2014-10-31 12:36:00,2014-10-31 12:37:00,8.4665,8.4717,8.47222,8.4657,8.4681,8.4741,8.4741,8.4672,206
2014-10-31 12:37:00,2014-10-31 12:38:00,8.4717,8.4699,8.4717,8.46947,8.4741,8.4716,8.47378,8.4714,109
2014-10-31 12:38:00,2014-10-31 12:39:00,8.4699,8.4719,8.47352,8.4695,8.4716,8.4738,8.4747,8.4716,160
2014-10-31 12:39:00,2014-10-31 12:40:00,8.4719,8.4747,8.4747,8.47092,8.4738,8.4753,8.4753,8.4725,100
2014-10-31 12:40:00,2014-10-31 12:41:00,8.4747,8.47562,8.47562,8.47311,8.4753,8.476,8.4761,8.47466,107
2014-10-31 12:41:00,2014-10-31 12:42:00,8.47562,8.47682,8.47682,8.47562,8.476,8.4777,8.4777,8.4763,32
2014-10-31 12:42:00,2014-10-31 12:43:00,8.47682,8.47807,8.47882,8.4754,8.4777,8.4787,8.4793,8.47724,114
2014-10-31 12:43:00,2014-10-31 12:44:00,8.47807,8.47768,8.47882,8.4766,8.4787,8.4793,8.47965,8.47782,92
2014-10-31 12:44:00,2014-10-31 12:45:00,8.47768,8.4751,8.47752,8.475,8.4793,8.4765,8.4793,8.4765,79
2014-10-31 12:45:00,2014-10-31 12:46:00,8.4751,8.473,8.47511,8.4727,8.4765,8.4749,8.4762,8.4739,115
2014-10-31 12:46:00,2014-10-31 12:47:00,8.473,8.47272,8.47342,8.4721,8.4749,8.47387,8.47508,8.4738,82
2014-10-31 12:47:00,2014-10-31 12:48:00,8.47272,8.47557,8.47565,8.47165,8.47387,8.4771,8.4771,8.4729,96
2014-10-31 12:48:00,2014-10-31 12:49:00,8.47557,8.47585,8.47594,8.47474,8.4771,8.4773,8.4773,8.4757,53
2014-10-31 12:49:00,2014-10-31 12:50:00,8.47585,8.47683,8.47683,8.47594,8.4773,8.4781,8.4782,8.4773,37
2014-10-31 12:50:00,2014-10-31 12:51:00,8.47683,8.47677,8.47712,8.47621,8.4781,8.4779,8.4783,8.47758,52
2014-10-31 12:51:00,2014-10-31 12:52:00,8.47677,8.47675,8.47679,8.47675,8.4779,8.4777,8.478,8.4777,11
2014-10-31 12:52:00,2014-10-31 12:53:00,8.47675,8.47565,8.47697,8.4756,8.4777,8.4771,8.4782,8.4771,96
2014-10-31 12:53:00,2014-10-31 12:54:00,8.47565,8.47527,8.4763,8.4742,8.4771,8.47737,8.4777,8.4761,219
2014-10-31 12:54:00,2014-10-31 12:55:00,8.47527,8.4768,8.4768,8.474,8.47737,8.47798,8.47798,8.47613,105
2014-10-31 12:55:00,2014-10-31 12:56:00,8.4768,8.4759,8.4768,8.4759,8.47798,8.47786,8.47798,8.4774,50
2014-10-31 12:56:00,2014-10-31 12:57:00,8.4759,8.47627,8.47637,8.47567,8.47786,8.47706,8.478,8.47706,62
2014-10-31 12:57:00,2014-10-31 12:58:00,8.47627,8.47557,8.47627,8.47557,8.47706,8.4767,8.4769,8.47661,69
2014-10-31 12:58:00,2014-10-31 12:59:00,8.47557,8.4779,8.4779,8.47557,8.4767,8.479,8.4791,8.4769,68
2014-10-31 12:59:00,2014-10-31 13:00:00,8.4779,8.47942,8.4798,8.4779,8.479,8.48086,8.481,8.479,63
2014-10-31 13:00:00,2014-10-31 13:01:00,8.47942,8.4806,8.4806,8.4785,8.48086,8.4815,8.4815,8.47991,71
2014-10-31 13:01:00,2014-10-31 13:02:00,8.4806,8.4832,8.484,8.4801,8.4815,8.4847,8.4861,8.4815,118
2014-10-31 13:02:00,2014-10-31 13:03:00,8.4832,8.48309,8.48341,8.48224,8.4847,8.4843,8.48477,8.48348,150
2014-10-31 13:03:00,2014-10-31 13:04:00,8.48309,8.4882,8.4883,8.48299,8.4843,8.48947,8.48947,8.48429,91
2014-10-31 13:04:00,2014-10-31 13:05:00,8.4882,8.4911,8.4912,8.4877,8.48947,8.49184,8.49184,8.48929,136
2014-10-31 13:05:00,2014-10-31 13:06:00,8.4911,8.49756,8.4976,8.491,8.49184,8.499,8.4991,8.49184,346
2014-10-31 13:06:00,2014-10-31 13:07:00,8.49756,8.50052,8.5039,8.49765,8.499,8.5023,8.5066,8.499,384
2014-10-31 13:07:00,2014-10-31 13:08:00,8.50052,8.50007,8.50138,8.4993,8.5023,8.5006,8.5026,8.5006,112
2014-10-31 13:08:00,2014-10-31 13:09:00,8.50007,8.4961,8.50007,8.4961,8.5006,8.4979,8.5013,8.4977,172
2014-10-31 13:09:00,2014-10-31 13:10:00,8.4961,8.4955,8.4966,8.4955,8.4979,8.49705,8.49841,8.49705,95
2014-10-31 13:10:00,2014-10-31 13:11:00,8.4955,8.4963,8.49757,8.49572,8.49705,8.49805,8.49893,8.49705,119
2014-10-31 13:11:00,2014-10-31 13:12:00,8.4963,8.497,8.4975,8.4949,8.49805,8.49781,8.49869,8.4963,182
2014-10-31 13:12:00,2014-10-31 13:13:00,8.497,8.4965,8.4981,8.4954,8.49781,8.49779,8.49916,8.4968,220
2014-10-31 13:13:00,2014-10-31 13:14:00,8.4965,8.4883,8.4966,8.4883,8.49779,8.48931,8.4979,8.48931,184
2014-10-31 13:14:00,2014-10-31 13:15:00,8.4883,8.48958,8.49165,8.48641,8.48931,8.49169,8.4937,8.48764,374
2014-10-31 13:15:00,2014-10-31 13:16:00,8.48958,8.4886,8.49142,8.48749,8.49169,8.4901,8.493,8.48943,237
2014-10-31 13:16:00,2014-10-31 13:17:00,8.4886,8.49052,8.4907,8.4873,8.4901,8.4917,8.4918,8.4895,177
2014-10-31 13:17:00,2014-10-31 13:18:00,8.49052,8.4903,8.49168,8.4872,8.4917,8.4929,8.4938,8.4893,310
2014-10-31 13:18:00,2014-10-31 13:19:00,8.4903,8.4976,8.4976,8.4891,8.4929,8.49934,8.49934,8.49163,426
2014-10-31 13:19:00,2014-10-31 13:20:00,8.4976,8.4935,8.49801,8.4918,8.49934,8.4965,8.49936,8.4941,379
2014-10-31 13:20:00,2014-10-31 13:21:00,8.4935,8.4965,8.49799,8.493,8.4965,8.4982,8.4993,8.4962,464
2014-10-31 13:21:00,2014-10-31 13:22:00,8.4965,8.49705,8.50041,8.49554,8.4982,8.49915,8.5011,8.497,442
2014-10-31 13:22:00,2014-10-31 13:23:00,8.49705,8.49703,8.4993,8.49681,8.49915,8.4988,8.50008,8.4987,180
2014-10-31 13:23:00,2014-10-31 13:24:00,8.49703,8.49667,8.49724,8.4941,8.4988,8.4982,8.4989,8.4972,394
2014-10-31 13:24:00,2014-10-31 13:25:00,8.49667,8.4978,8.498,8.49657,8.4982,8.4992,8.4992,8.4981,99
2014-10-31 13:25:00,2014-10-31 13:26:00,8.4978,8.4966,8.49813,8.49642,8.4992,8.4987,8.4994,8.4981,374
2014-10-31 13:26:00,2014-10-31 13:27:00,8.4966,8.49658,8.4972,8.4964,8.4987,8.49805,8.49899,8.4976,339
2014-10-31 13:27:00,2014-10-31 13:28:00,8.49658,8.4927,8.49652,8.4859,8.49805,8.4962,8.49805,8.48789,337
2014-10-31 13:28:00,2014-10-31 13:29:00,8.4927,8.4906,8.49453,8.4898,8.4962,8.4926,8.49699,8.4915,266
2014-10-31 13:29:00,2014-10-31 13:30:00,8.4906,8.49207,8.49207,8.49057,8.4926,8.4936,8.4941,8.4921,118
2014-10-31 13:30:00,2014-10-31 13:31:00,8.49207,8.4986,8.49971,8.49207,8.4936,8.4999,8.5007,8.4936,181
2014-10-31 13:31:00,2014-10-31 13:32:00,8.4986,8.5005,8.5019,8.4984,8.4999,8.50188,8.5031,8.5,89
2014-10-31 13:32:00,2014-10-31 13:33:00,8.5005,8.497,8.5006,8.497,8.50188,8.49795,8.5019,8.49795,137
2014-10-31 13:33:00,2014-10-31 13:34:00,8.497,8.4976,8.4982,8.4965,8.49795,8.499,8.5005,8.49761,212
2014-10-31 13:34:00,2014-10-31 13:35:00,8.4976,8.4982,8.4989,8.4972,8.499,8.49943,8.5015,8.49862,80
2014-10-31 13:35:00,2014-10-31 13:36:00,8.4982,8.4952,8.4984,8.49452,8.49943,8.4965,8.4995,8.4957,143
2014-10-31 13:36:00,2014-10-31 13:37:00,8.4952,8.49238,8.49523,8.49238,8.4965,8.49471,8.4965,8.4939,102
2014-10-31 13:37:00,2014-10-31 13:38:00,8.49238,8.4903,8.4938,8.48553,8.49471,8.49298,8.4963,8.48785,478
2014-10-31 13:38:00,2014-10-31 13:39:00,8.4903,8.48482,8.491,8.4838,8.49298,8.4872,8.4947,8.48518,278
2014-10-31 13:39:00,2014-10-31 13:40:00,8.48482,8.4873,8.48763,8.4846,8.4872,8.48906,8.49095,8.487,379
2014-10-31 13:40:00,2014-10-31 13:41:00,8.4873,8.48667,8.4878,8.4845,8.48906,8.4881,8.48992,8.4862,446
2014-10-31 13:41:00,2014-10-31 13:42:00,8.48667,8.4872,8.48766,8.48667,8.4881,8.48858,8.48867,8.48809,57
2014-10-31 13:42:00,2014-10-31 13:43:00,8.4872,8.487,8.4913,8.487,8.48858,8.48836,8.4929,8.48836,273
2014-10-31 13:43:00,2014-10-31 13:44:00,8.487,8.484,8.48994,8.4825,8.48836,8.48829,8.4907,8.4853,254
2014-10-31 13:44:00,2014-10-31 13:45:00,8.484,8.4864,8.4876,8.484,8.48829,8.4884,8.48985,8.4858,190
2014-10-31 13:45:00,2014-10-31 13:46:00,8.4864,8.48633,8.4866,8.4859,8.4884,8.488,8.48842,8.4868,76
2014-10-31 13:46:00,2014-10-31 13:47:00,8.48633,8.4867,8.48758,8.4859,8.488,8.4885,8.4894,8.4868,89
2014-10-31 13:47:00,2014-10-31 13:48:00,8.4867,8.4845,8.48659,8.4837,8.4885,8.4857,8.4885,8.4848,139
2014-10-31 13:48:00,2014-10-31 13:49:00,8.4845,8.48439,8.4846,8.48418,8.4857,8.4858,8.4862,8.4857,30
2014-10-31 13:49:00,2014-10-31 13:50:00,8.48439,8.47806,8.48464,8.47793,8.4858,8.4791,8.4858,8.479,88
2014-10-31 13:50:00,2014-10-31 13:51:00,8.47806,8.4726,8.47784,8.4713,8.4791,8.4747,8.4807,8.4735,491
2014-10-31 13:51:00,2014-10-31 13:52:00,8.4726,8.4733,8.48,8.4715,8.4747,8.4768,8.483,8.47387,507
2014-10-31 13:52:00,2014-10-31 13:53:00,8.4733,8.471,8.4755,8.4708,8.4768,8.47243,8.4782,8.47243,127
2014-10-31 13:53:00,2014-10-31 13:54:00,8.471,8.47128,8.4722,8.4683,8.47243,8.4723,8.47313,8.4697,118
2014-10-31 13:54:00,2014-10-31 13:55:00,8.47128,8.46982,8.47153,8.4669,8.4723,8.4717,8.4728,8.4696,97
2014-10-31 13:55:00,2014-10-31 13:56:00,8.46982,8.4714,8.4715,8.46966,8.4717,8.47263,8.47281,8.4717,90
2014-10-31 13:56:00,2014-10-31 13:57:00,8.4714,8.47107,8.4731,8.47107,8.47263,8.4717,8.47416,8.4717,112
2014-10-31 13:57:00,2014-10-31 13:58:00,8.47107,8.47338,8.47501,8.47107,8.4717,8.4749,8.47666,8.4717,279
2014-10-31 13:58:00,2014-10-31 13:59:00,8.47338,8.47522,8.47533,8.4723,8.4749,8.4768,8.477,8.4742,219
2014-10-31 13:59:00,2014-10-31 14:00:00,8.47522,8.47276,8.47522,8.47223,8.4768,8.47454,8.47558,8.4738,150
2014-10-31 14:00:00,2014-10-31 14:01:00,8.47276,8.4752,8.47561,8.47256,8.47454,8.47675,8.47701,8.4744,147
2014-10-31 14:01:00,2014-10-31 14:02:00,8.4752,8.47586,8.4764,8.4752,8.47675,8.4772,8.47722,8.47563,64
2014-10-31 14:02:00,2014-10-31 14:03:00,8.47586,8.48721,8.48825,8.4761,8.4772,8.4881,8.4891,8.4772,208
2014-10-31 14:03:00,2014-10-31 14:04:00,8.48721,8.4846,8.4877,8.48153,8.4881,8.48641,8.4883,8.48323,232
2014-10-31 14:04:00,2014-10-31 14:05:00,8.4846,8.4837,8.4846,8.4827,8.48641,8.48517,8.48649,8.48408,77
2014-10-31 14:05:00,2014-10-31 14:06:00,8.4837,8.483,8.48447,8.4828,8.48517,8.48423,8.486,8.4842,70
2014-10-31 14:06:00,2014-10-31 14:07:00,8.483,8.48144,8.4831,8.48144,8.48423,8.48273,8.48423,8.48273,28
2014-10-31 14:07:00,2014-10-31 14:08:00,8.48144,8.4835,8.48373,8.48146,8.48273,8.48518,8.48558,8.48273,121
2014-10-31 14:08:00,2014-10-31 14:09:00,8.4835,8.4838,8.48448,8.4821,8.48518,8.4854,8.4861,8.48363,114
2014-10-31 14:09:00,2014-10-31 14:10:00,8.4838,8.48202,8.4838,8.482,8.4854,8.4834,8.48538,8.4832,55
2014-10-31 14:10:00,2014-10-31 14:11:00,8.48202,8.4795,8.48202,8.4795,8.4834,8.4809,8.4836,8.4809,69
2014-10-31 14:11:00,2014-10-31 14:12:00,8.4795,8.4793,8.47986,8.4792,8.4809,8.48058,8.48149,8.4804,58
2014-10-31 14:12:00,2014-10-31 14:13:00,8.4793,8.48035,8.4805,8.4793,8.48058,8.48187,8.48205,8.4805,38
2014-10-31 14:13:00,2014-10-31 14:14:00,8.48035,8.47808,8.48242,8.47808,8.48187,8.47959,8.4839,8.47959,152
2014-10-31 14:14:00,2014-10-31 14:15:00,8.47808,8.477,8.47932,8.477,8.47959,8.47857,8.4806,8.47857,78
2014-10-31 14:15:00,2014-10-31 14:16:00,8.477,8.4764,8.4773,8.4764,8.47857,8.47693,8.479,8.47693,35
2014-10-31 14:16:00,2014-10-31 14:17:00,8.4764,8.47521,8.4778,8.47521,8.47693,8.47628,8.47923,8.47628,139
2014-10-31 14:17:00,2014-10-31 14:18:00,8.47521,8.4755,8.477,8.4736,8.47628,8.47661,8.47858,8.47436,130
2014-10-31 14:18:00,2014-10-31 14:19:00,8.4755,8.47602,8.47627,8.4726,8.47661,8.4777,8.4778,8.47454,152
2014-10-31 14:19:00,2014-10-31 14:20:00,8.47602,8.4823,8.4826,8.47572,8.4777,8.4839,8.4851,8.4771,116
2014-10-31 14:20:00,2014-10-31 14:21:00,8.4823,8.4845,8.4848,8.4812,8.4839,8.4856,8.4863,8.4829,229
2014-10-31 14:21:00,2014-10-31 14:22:00,8.4845,8.48293,8.4854,8.48264,8.4856,8.4846,8.4867,8.48412,248
2014-10-31 14:22:00,2014-10-31 14:23:00,8.48293,8.4838,8.4838,8.4829,8.4846,8.48505,8.48517,8.48427,50
2014-10-31 14:23:00,2014-10-31 14:24:00,8.4838,8.48443,8.48443,8.4833,8.48505,8.4864,8.4864,8.48477,55
2014-10-31 14:24:00,2014-10-31 14:25:00,8.48443,8.48605,8.48617,8.48433,8.4864,8.48815,8.4882,8.4863,63
2014-10-31 14:25:00,2014-10-31 14:26:00,8.48605,8.4869,8.49016,8.4857,8.48815,8.489,8.4915,8.4877,152
2014-10-31 14:26:00,2014-10-31 14:27:00,8.4869,8.48641,8.4869,8.4859,8.489,8.4884,8.4889,8.4883,52
2014-10-31 14:27:00,2014-10-31 14:28:00,8.48641,8.487,8.4884,8.48633,8.4884,8.4884,8.48944,8.4877,56
2014-10-31 14:28:00,2014-10-31 14:29:00,8.487,8.4869,8.48721,8.4866,8.4884,8.4888,8.4888,8.48815,40
2014-10-31 14:29:00,2014-10-31 14:30:00,8.4869,8.49458,8.4946,8.48686,8.4888,8.4965,8.4965,8.4887,134
2014-10-31 14:30:00,2014-10-31 14:31:00,8.49458,8.49072,8.49568,8.48989,8.4965,8.4927,8.4967,8.49162,182
2014-10-31 14:31:00,2014-10-31 14:32:00,8.49072,8.4931,8.4935,8.49032,8.4927,8.4941,8.4948,8.49243,99
2014-10-31 14:32:00,2014-10-31 14:33:00,8.4931,8.4913,8.4931,8.4904,8.4941,8.49336,8.49414,8.49174,98
2014-10-31 14:33:00,2014-10-31 14:34:00,8.4913,8.48773,8.4939,8.48773,8.49336,8.4895,8.4941,8.4894,125
2014-10-31 14:34:00,2014-10-31 14:35:00,8.48773,8.49,8.4901,8.48773,8.4895,8.49159,8.4919,8.4893,99
2014-10-31 14:35:00,2014-10-31 14:36:00,8.49,8.4882,8.4901,8.488,8.49159,8.48964,8.49201,8.48902,90
2014-10-31 14:36:00,2014-10-31 14:37:00,8.4882,8.4882,8.4884,8.4881,8.48964,8.4897,8.4897,8.48958,26
2014-10-31 14:37:00,2014-10-31 14:38:00,8.4882,8.4863,8.4881,8.486,8.4897,8.4885,8.4898,8.48784,124
2014-10-31 14:38:00,2014-10-31 14:39:00,8.4863,8.4862,8.48713,8.4862,8.4885,8.48827,8.4886,8.4882,42
2014-10-31 14:39:00,2014-10-31 14:40:00,8.4862,8.48579,8.48646,8.48575,8.48827,8.48789,8.4884,8.48786,85
2014-10-31 14:40:00,2014-10-31 14:41:00,8.48579,8.4855,8.4858,8.4855,8.48789,8.48738,8.48789,8.4871,31
2014-10-31 14:41:00,2014-10-31 14:42:00,8.4855,8.4863,8.4863,8.4853,8.48738,8.4878,8.4878,8.4871,56
2014-10-31 14:42:00,2014-10-31 14:43:00,8.4863,8.4865,8.4867,8.4864,8.4878,8.48739,8.4881,8.48739,16
2014-10-31 14:43:00,2014-10-31 14:44:00,8.4865,8.4865,8.4866,8.4865,8.48739,8.4878,8.4878,8.4874,11
2014-10-31 14:44:00,2014-10-31 14:45:00,8.4865,8.4863,8.4866,8.4862,8.4878,8.4877,8.4879,8.4876,17
2014-10-31 14:45:00,2014-10-31 14:46:00,8.4863,8.4862,8.4863,8.4862,8.4877,8.4874,8.4877,8.4874,18
2014-10-31 14:46:00,2014-10-31 14:47:00,8.4862,8.48524,8.4862,8.48524,8.4874,8.4873,8.4876,8.4873,40
2014-10-31 14:47:00,2014-10-31 14:48:00,8.48524,8.4849,8.4858,8.4849,8.4873,8.48692,8.4874,8.4868,100
2014-10-31 14:48:00,2014-10-31 14:49:00,8.4849,8.48568,8.48599,8.4849,8.48692,8.4874,8.4876,8.4864,51
2014-10-31 14:49:00,2014-10-31 14:50:00,8.48568,8.48173,8.48595,8.48164,8.4874,8.4827,8.4876,8.4827,163
2014-10-31 14:50:00,2014-10-31 14:51:00,8.48173,8.48198,8.48223,8.48175,8.4827,8.4827,8.4829,8.4827,13
2014-10-31 14:51:00,2014-10-31 14:52:00,8.48198,8.483,8.48363,8.48201,8.4827,8.4843,8.4843,8.4827,22
2014-10-31 14:52:00,2014-10-31 14:53:00,8.483,8.48231,8.48296,8.48224,8.4843,8.4838,8.4844,8.4835,66
2014-10-31 14:53:00,2014-10-31 14:54:00,8.48231,8.48171,8.48262,8.48171,8.4838,8.48318,8.48434,8.483,83
2014-10-31 14:54:00,2014-10-31 14:55:00,8.48171,8.482,8.4822,8.48169,8.48318,8.48336,8.4835,8.48307,48
2014-10-31 14:55:00,2014-10-31 14:56:00,8.482,8.483,8.4833,8.482,8.48336,8.4844,8.48449,8.48338,57
2014-10-31 14:56:00,2014-10-31 14:57:00,8.483,8.4828,8.4832,8.4826,8.4844,8.4844,8.48446,8.4843,32
2014-10-31 14:57:00,2014-10-31 14:58:00,8.4828,8.4827,8.4831,8.4826,8.4844,8.48442,8.4846,8.4844,73
2014-10-31 14:58:00,2014-10-31 14:59:00,8.4827,8.4841,8.4841,8.4826,8.48442,8.48476,8.48476,8.4843,65
2014-10-31 14:59:00,2014-10-31 15:00:00,8.4841,8.4829,8.4841,8.4829,8.48476,8.4843,8.485,8.4835,69
2014-10-31 15:00:00,2014-10-31 15:01:00,8.4829,8.4832,8.4833,8.48291,8.4843,8.4845,8.4849,8.4841,29
2014-10-31 15:01:00,2014-10-31 15:02:00,8.4832,8.48281,8.4831,8.4826,8.4845,8.48436,8.4845,8.4842,18
2014-10-31 15:02:00,2014-10-31 15:03:00,8.48281,8.4827,8.48283,8.4826,8.48436,8.4842,8.48434,8.4842,14
2014-10-31 15:03:00,2014-10-31 15:04:00,8.4827,8.483,8.4834,8.4826,8.4842,8.4848,8.48538,8.484,56
2014-10-31 15:04:00,2014-10-31 15:05:00,8.483,8.4832,8.48447,8.4829,8.4848,8.48531,8.4859,8.4848,78
2014-10-31 15:05:00,2014-10-31 15:06:00,8.4832,8.4823,8.4832,8.4823,8.48531,8.4838,8.4851,8.4838,21
2014-10-31 15:06:00,2014-10-31 15:07:00,8.4823,8.4823,8.4824,8.4818,8.4838,8.4839,8.484,8.4833,23
2014-10-31 15:07:00,2014-10-31 15:08:00,8.4823,8.4833,8.4835,8.4822,8.4839,8.48415,8.48423,8.4835,51
2014-10-31 15:08:00,2014-10-31 15:09:00,8.4833,8.4822,8.4834,8.482,8.48415,8.48345,8.48415,8.48345,39
2014-10-31 15:09:00,2014-10-31 15:10:00,8.4822,8.4827,8.4829,8.4822,8.48345,8.4842,8.4843,8.48346,55
2014-10-31 15:10:00,2014-10-31 15:11:00,8.4827,8.48254,8.4827,8.4823,8.4842,8.4838,8.4842,8.4837,41
2014-10-31 15:11:00,2014-10-31 15:12:00,8.48254,8.483,8.4831,8.4825,8.4838,8.4841,8.4842,8.4837,18
2014-10-31 15:12:00,2014-10-31 15:13:00,8.483,8.4842,8.4866,8.48251,8.4841,8.4859,8.4883,8.4842,148
2014-10-31 15:13:00,2014-10-31 15:14:00,8.4842,8.4847,8.4853,8.4842,8.4859,8.48626,8.48636,8.4859,40
2014-10-31 15:14:00,2014-10-31 15:15:00,8.4847,8.48448,8.4877,8.4843,8.48626,8.4864,8.49029,8.4862,262
2014-10-31 15:15:00,2014-10-31 15:16:00,8.48448,8.48352,8.48448,8.4833,8.4864,8.4853,8.48659,8.4847,140
2014-10-31 15:16:00,2014-10-31 15:17:00,8.48352,8.4834,8.48403,8.4832,8.4853,8.48503,8.4858,8.4844,76
2014-10-31 15:17:00,2014-10-31 15:18:00,8.4834,8.4841,8.4841,8.4834,8.48503,8.4854,8.4854,8.48505,19
2014-10-31 15:18:00,2014-10-31 15:19:00,8.4841,8.48575,8.4858,8.484,8.4854,8.4869,8.487,8.4851,46
2014-10-31 15:19:00,2014-10-31 15:20:00,8.48575,8.4878,8.4917,8.48566,8.4869,8.4885,8.4929,8.487,212
2014-10-31 15:20:00,2014-10-31 15:21:00,8.4878,8.4892,8.4896,8.4879,8.4885,8.49012,8.4916,8.4885,95
2014-10-31 15:21:00,2014-10-31 15:22:00,8.4892,8.489,8.4892,8.4883,8.49012,8.49003,8.49031,8.4898,43
2014-10-31 15:22:00,2014-10-31 15:23:00,8.489,8.4875,8.4888,8.4862,8.49003,8.48936,8.49008,8.4871,89
2014-10-31 15:23:00,2014-10-31 15:24:00,8.4875,8.48747,8.4877,8.48747,8.48936,8.48938,8.48938,8.48936,8
2014-10-31 15:24:00,2014-10-31 15:25:00,8.48747,8.4849,8.4874,8.4849,8.48938,8.4863,8.4893,8.4863,115
2014-10-31 15:25:00,2014-10-31 15:26:00,8.4849,8.48532,8.48552,8.4844,8.4863,8.4874,8.48762,8.4856,97
2014-10-31 15:26:00,2014-10-31 15:27:00,8.48532,8.4849,8.48541,8.48482,8.4874,8.4862,8.48751,8.4862,81
2014-10-31 15:27:00,2014-10-31 15:28:00,8.4849,8.48469,8.4854,8.48464,8.4862,8.4861,8.4869,8.4857,57
2014-10-31 15:28:00,2014-10-31 15:29:00,8.48469,8.48288,8.48469,8.48179,8.4861,8.484,8.4862,8.4831,94
2014-10-31 15:29:00,2014-10-31 15:30:00,8.48288,8.48284,8.48359,8.48284,8.484,8.48371,8.48502,8.48369,67
2014-10-31 15:30:00,2014-10-31 15:31:00,8.48284,8.48257,8.48345,8.48186,8.48371,8.48395,8.4841,8.48304,93
2014-10-31 15:31:00,2014-10-31 15:32:00,8.48257,8.4828,8.4828,8.48247,8.48395,8.48407,8.48412,8.4836,49
2014-10-31 15:32:00,2014-10-31 15:33:00,8.4828,8.48231,8.4829,8.48217,8.48407,8.48379,8.4841,8.4831,47
2014-10-31 15:33:00,2014-10-31 15:34:00,8.48231,8.4823,8.483,8.48202,8.48379,8.4841,8.4844,8.4837,93
2014-10-31 15:34:00,2014-10-31 15:35:00,8.4823,8.47756,8.4824,8.4757,8.4841,8.4796,8.4841,8.4777,165
2014-10-31 15:35:00,2014-10-31 15:36:00,8.47756,8.47747,8.4785,8.4767,8.4796,8.4785,8.4805,8.47779,227
2014-10-31 15:36:00,2014-10-31 15:37:00,8.47747,8.4793,8.4806,8.4772,8.4785,8.481,8.4814,8.47864,95
2014-10-31 15:37:00,2014-10-31 15:38:00,8.4793,8.4798,8.4812,8.47913,8.481,8.48055,8.48282,8.48055,76
2014-10-31 15:38:00,2014-10-31 15:39:00,8.4798,8.4781,8.4798,8.4777,8.48055,8.47938,8.48055,8.4791,109
2014-10-31 15:39:00,2014-10-31 15:40:00,8.4781,8.47849,8.4794,8.478,8.47938,8.47993,8.48074,8.47915,152
2014-10-31 15:40:00,2014-10-31 15:41:00,8.47849,8.47782,8.4792,8.4777,8.47993,8.4793,8.48068,8.47921,102
2014-10-31 15:41:00,2014-10-31 15:42:00,8.47782,8.47708,8.47792,8.47639,8.4793,8.4787,8.4795,8.47806,147
2014-10-31 15:42:00,2014-10-31 15:43:00,8.47708,8.4745,8.47742,8.47338,8.4787,8.47513,8.4794,8.4749,96
2014-10-31 15:43:00,2014-10-31 15:44:00,8.4745,8.4783,8.4789,8.4742,8.47513,8.4796,8.47991,8.47513,127
2014-10-31 15:44:00,2014-10-31 15:45:00,8.4783,8.4785,8.4785,8.47706,8.4796,8.47964,8.47964,8.4785,110
2014-10-31 15:45:00,2014-10-31 15:46:00,8.4785,8.47806,8.4791,8.47806,8.47964,8.4794,8.48007,8.4793,36
2014-10-31 15:46:00,2014-10-31 15:47:00,8.47806,8.47671,8.4781,8.4738,8.4794,8.4786,8.4795,8.4779,114
2014-10-31 15:47:00,2014-10-31 15:48:00,8.47671,8.4771,8.47741,8.47492,8.4786,8.4787,8.4791,8.4765,148
2014-10-31 15:48:00,2014-10-31 15:49:00,8.4771,8.47604,8.4779,8.4759,8.4787,8.4775,8.47926,8.47709,71
2014-10-31 15:49:00,2014-10-31 15:50:00,8.47604,8.47735,8.47758,8.4754,8.4775,8.4789,8.4791,8.4765,110
2014-10-31 15:50:00,2014-10-31 15:51:00,8.47735,8.47655,8.47735,8.4747,8.4789,8.4782,8.4788,8.4761,56
2014-10-31 15:51:00,2014-10-31 15:52:00,8.47655,8.47648,8.47704,8.47638,8.4782,8.4782,8.4785,8.478,29
2014-10-31 15:52:00,2014-10-31 15:53:00,8.47648,8.47513,8.4768,8.475,8.4782,8.47723,8.4783,8.4761,158
2014-10-31 15:53:00,2014-10-31 15:54:00,8.47513,8.47587,8.47587,8.4743,8.47723,8.47758,8.47759,8.47548,99
2014-10-31 15:54:00,2014-10-31 15:55:00,8.47587,8.4762,8.477,8.47501,8.47758,8.4773,8.47785,8.4763,85
2014-10-31 15:55:00,2014-10-31 15:56:00,8.4762,8.4776,8.4777,8.47615,8.4773,8.478,8.4787,8.4773,43
2014-10-31 15:56:00,2014-10-31 15:57:00,8.4776,8.47338,8.4776,8.4728,8.478,8.4754,8.4781,8.4744,171
2014-10-31 15:57:00,2014-10-31 15:58:00,8.47338,8.47373,8.47436,8.47273,8.4754,8.4749,8.47571,8.4746,129
2014-10-31 15:58:00,2014-10-31 15:59:00,8.47373,8.45818,8.4743,8.4563,8.4749,8.4593,8.4755,8.45698,329
2014-10-31 15:59:00,2014-10-31 16:00:00,8.45818,8.45718,8.45979,8.4546,8.4593,8.4577,8.46088,8.45504,325
2014-10-31 16:00:00,2014-10-31 16:01:00,8.45718,8.4577,8.4589,8.4565,8.4577,8.459,8.46017,8.45804,152
2014-10-31 16:01:00,2014-10-31 16:02:00,8.4577,8.46072,8.46245,8.4577,8.459,8.46283,8.4642,8.45909,206
2014-10-31 16:02:00,2014-10-31 16:03:00,8.46072,8.46092,8.46177,8.45994,8.46283,8.4623,8.4633,8.4619,143
2014-10-31 16:03:00,2014-10-31 16:04:00,8.46092,8.4616,8.4625,8.46092,8.4623,8.46326,8.4643,8.4622,186
2014-10-31 16:04:00,2014-10-31 16:05:00,8.4616,8.4609,8.46194,8.46081,8.46326,8.4626,8.4635,8.4624,71
2014-10-31 16:05:00,2014-10-31 16:06:00,8.4609,8.4608,8.4616,8.4605,8.4626,8.4621,8.4633,8.4614,88
2014-10-31 16:06:00,2014-10-31 16:07:00,8.4608,8.4616,8.4616,8.4608,8.4621,8.4632,8.4633,8.4622,24
2014-10-31 16:07:00,2014-10-31 16:08:00,8.4616,8.46152,8.4618,8.4615,8.4632,8.4632,8.4634,8.4632,17
2014-10-31 16:08:00,2014-10-31 16:09:00,8.46152,8.45978,8.4621,8.45975,8.4632,8.4614,8.4636,8.4614,100
2014-10-31 16:09:00,2014-10-31 16:10:00,8.45978,8.46171,8.46198,8.4597,8.4614,8.4631,8.4635,8.4604,77
2014-10-31 16:10:00,2014-10-31 16:11:00,8.46171,8.4623,8.4623,8.46172,8.4631,8.4634,8.4635,8.4631,13
2014-10-31 16:11:00,2014-10-31 16:12:00,8.4623,8.4622,8.4622,8.4621,8.4634,8.4637,8.4637,8.4634,5
2014-10-31 16:12:00,2014-10-31 16:13:00,8.4622,8.462,8.4622,8.4619,8.4637,8.4634,8.4634,8.4634,5
2014-10-31 16:13:00,2014-10-31 16:14:00,8.462,8.4623,8.4625,8.4619,8.4634,8.4634,8.4639,8.4633,28
2014-10-31 16:14:00,2014-10-31 16:15:00,8.4623,8.4625,8.46451,8.4623,8.4634,8.4641,8.4673,8.4635,73
2014-10-31 16:15:00,2014-10-31 16:16:00,8.4625,8.4606,8.46295,8.46054,8.4641,8.46258,8.4645,8.46247,64
2014-10-31 16:16:00,2014-10-31 16:17:00,8.4606,8.4611,8.4612,8.4605,8.46258,8.46266,8.46266,8.46245,63
2014-10-31 16:17:00,2014-10-31 16:18:00,8.4611,8.4614,8.4617,8.4607,8.46266,8.4621,8.46325,8.462,81
2014-10-31 16:18:00,2014-10-31 16:19:00,8.4614,8.4608,8.46093,8.46073,8.4621,8.4624,8.4624,8.4619,18
2014-10-31 16:19:00,2014-10-31 16:20:00,8.4608,8.46182,8.46182,8.4607,8.4624,8.462,8.4624,8.462,17
2014-10-31 16:20:00,2014-10-31 16:21:00,8.46182,8.4618,8.46481,8.46178,8.462,8.4633,8.4661,8.4622,98
2014-10-31 16:21:00,2014-10-31 16:22:00,8.4618,8.4622,8.4624,8.46172,8.4633,8.46362,8.46371,8.4632,15
2014-10-31 16:22:00,2014-10-31 16:23:00,8.4622,8.4617,8.4623,8.4616,8.46362,8.4629,8.4637,8.4629,19
2014-10-31 16:23:00,2014-10-31 16:24:00,8.4617,8.4618,8.462,8.4618,8.4629,8.4629,8.4631,8.4629,12
2014-10-31 16:24:00,2014-10-31 16:25:00,8.4618,8.4616,8.4618,8.4616,8.4629,8.4629,8.463,8.4629,5
2014-10-31 16:25:00,2014-10-31 16:26:00,8.4616,8.4616,8.4616,8.4616,8.4629,8.4629,8.463,8.4629,6
2014-10-31 16:26:00,2014-10-31 16:27:00,8.4616,8.46311,8.46313,8.4616,8.4629,8.4645,8.4646,8.463,35
2014-10-31 16:27:00,2014-10-31 16:28:00,8.46311,8.46265,8.46387,8.46201,8.4645,8.4649,8.4656,8.4645,107
2014-10-31 16:28:00,2014-10-31 16:29:00,8.46265,8.46236,8.46273,8.4616,8.4649,8.46443,8.4649,8.4637,39
2014-10-31 16:29:00,2014-10-31 16:30:00,8.46236,8.4625,8.4625,8.46178,8.46443,8.4638,8.4644,8.4637,36
2014-10-31 16:30:00,2014-10-31 16:31:00,8.4625,8.46278,8.4632,8.4622,8.4638,8.4646,8.4647,8.4638,32
2014-10-31 16:31:00,2014-10-31 16:32:00,8.46278,8.4626,8.4633,8.4626,8.4646,8.4643,8.4648,8.4643,34
2014-10-31 16:32:00,2014-10-31 16:33:00,8.4626,8.4631,8.4631,8.4626,8.4643,8.46505,8.46507,8.46405,15
2014-10-31 16:33:00,2014-10-31 16:34:00,8.4631,8.46371,8.46371,8.46252,8.46505,8.4653,8.4653,8.46463,51
2014-10-31 16:34:00,2014-10-31 16:35:00,8.46371,8.46352,8.46553,8.46205,8.4653,8.46557,8.4678,8.4635,182
2014-10-31 16:35:00,2014-10-31 16:36:00,8.46352,8.4638,8.4638,8.46334,8.46557,8.46577,8.46577,8.46535,28
2014-10-31 16:36:00,2014-10-31 16:37:00,8.4638,8.4608,8.4644,8.4606,8.46577,8.46255,8.4661,8.46246,70
2014-10-31 16:37:00,2014-10-31 16:38:00,8.4608,8.4612,8.4614,8.4608,8.46255,8.46279,8.46302,8.4626,38
2014-10-31 16:38:00,2014-10-31 16:39:00,8.4612,8.461,8.4612,8.46075,8.46279,8.4627,8.4628,8.4624,47
2014-10-31 16:39:00,2014-10-31 16:40:00,8.461,8.45852,8.461,8.45844,8.4627,8.4604,8.4628,8.4604,66
2014-10-31 16:40:00,2014-10-31 16:41:00,8.45852,8.4594,8.4594,8.4583,8.4604,8.46143,8.46143,8.4599,96
2014-10-31 16:41:00,2014-10-31 16:42:00,8.4594,8.4583,8.4595,8.458,8.46143,8.4601,8.46133,8.4597,206
2014-10-31 16:42:00,2014-10-31 16:43:00,8.4583,8.4581,8.4584,8.45791,8.4601,8.4597,8.46038,8.4595,61
2014-10-31 16:43:00,2014-10-31 16:44:00,8.4581,8.45924,8.45924,8.458,8.4597,8.461,8.461,8.4597,52
2014-10-31 16:44:00,2014-10-31 16:45:00,8.45924,8.4589,8.45916,8.4588,8.461,8.4609,8.461,8.46088,74
2014-10-31 16:45:00,2014-10-31 16:46:00,8.4589,8.45828,8.4591,8.45828,8.4609,8.46038,8.461,8.46038,72
2014-10-31 16:46:00,2014-10-31 16:47:00,8.45828,8.4584,8.4588,8.45828,8.46038,8.4593,8.4608,8.4592,90
2014-10-31 16:47:00,2014-10-31 16:48:00,8.4584,8.45918,8.45918,8.45805,8.4593,8.4608,8.4608,8.4591,55
2014-10-31 16:48:00,2014-10-31 16:49:00,8.45918,8.45922,8.45942,8.4584,8.4608,8.4609,8.4611,8.4607,129
2014-10-31 16:49:00,2014-10-31 16:50:00,8.45922,8.4589,8.45934,8.4587,8.4609,8.4606,8.4611,8.4605,60
2014-10-31 16:50:00,2014-10-31 16:51:00,8.4589,8.45954,8.45954,8.4588,8.4606,8.4615,8.4615,8.46073,38
2014-10-31 16:51:00,2014-10-31 16:52:00,8.45954,8.45954,8.45954,8.45954,8.4615,8.4615,8.4616,8.4615,6
2014-10-31 16:52:00,2014-10-31 16:53:00,8.45954,8.45954,8.45954,8.45954,8.4615,8.4614,8.4614,8.4614,1
2014-10-31 16:53:00,2014-10-31 16:54:00,8.45954,8.45954,8.45968,8.4595,8.4614,8.4614,8.4614,8.4612,8
2014-10-31 16:54:00,2014-10-31 16:55:00,8.45954,8.45954,8.45954,8.45954,8.4614,8.4612,8.4613,8.4612,2
2014-10-31 16:55:00,2014-10-31 16:56:00,8.45954,8.45954,8.45954,8.45954,8.4612,8.4612,8.4612,8.4611,2
2014-10-31 16:56:00,2014-10-31 16:57:00,8.45954,8.45954,8.46,8.4595,8.4612,8.4614,8.4618,8.4613,22
2014-10-31 16:57:00,2014-10-31 16:59:00,8.45954,8.45951,8.45954,8.45951,8.4614,8.4614,8.4616,8.4614,11
2014-10-31 16:59:00,2014-10-31 17:00:00,8.45951,8.4602,8.4602,8.45951,8.4614,8.4617,8.4617,8.4615,14
2014-10-31 17:00:00,2014-10-31 17:01:00,8.4602,8.4612,8.4612,8.4601,8.4617,8.4623,8.46247,8.4617,23
2014-10-31 17:01:00,2014-10-31 17:02:00,8.4612,8.4617,8.4624,8.46,8.4623,8.4627,8.46376,8.4623,43
2014-10-31 17:02:00,2014-10-31 17:03:00,8.4617,8.4603,8.4618,8.4602,8.4627,8.46114,8.46272,8.46114,73
2014-10-31 17:03:00,2014-10-31 17:04:00,8.4603,8.4604,8.4604,8.4594,8.46114,8.4619,8.46205,8.46025,100
2014-10-31 17:04:00,2014-10-31 17:05:00,8.4604,8.4609,8.4612,8.4607,8.4619,8.46226,8.46235,8.46198,20
2014-10-31 17:05:00,2014-10-31 17:06:00,8.4609,8.461,8.461,8.4598,8.46226,8.46224,8.46229,8.46193,24
2014-10-31 17:06:00,2014-10-31 17:07:00,8.461,8.4609,8.461,8.4609,8.46224,8.46225,8.46239,8.46214,11
2014-10-31 17:07:00,2014-10-31 17:08:00,8.4609,8.4608,8.4609,8.4608,8.46225,8.46225,8.46229,8.46213,19
2014-10-31 17:08:00,2014-10-31 17:09:00,8.4608,8.4607,8.4609,8.4606,8.46225,8.4622,8.46238,8.46218,19
2014-10-31 17:09:00,2014-10-31 17:10:00,8.4607,8.4609,8.4609,8.4607,8.4622,8.46229,8.4623,8.46218,12
2014-10-31 17:10:00,2014-10-31 17:11:00,8.4609,8.4607,8.4609,8.4607,8.46229,8.4622,8.4623,8.46212,22
2014-10-31 17:11:00,2014-10-31 17:12:00,8.4607,8.45976,8.4607,8.4593,8.4622,8.4616,8.46225,8.4615,32
2014-10-31 17:12:00,2014-10-31 17:13:00,8.45976,8.4603,8.4604,8.45937,8.4616,8.4618,8.4619,8.4613,17
2014-10-31 17:13:00,2014-10-31 17:14:00,8.4603,8.4604,8.46146,8.4601,8.4618,8.46123,8.46319,8.46102,63
2014-10-31 17:14:00,2014-10-31 17:15:00,8.4604,8.4604,8.4604,8.4603,8.46123,8.4617,8.4617,8.46123,12
2014-10-31 17:15:00,2014-10-31 17:16:00,8.4604,8.4604,8.462,8.4603,8.4617,8.46249,8.46262,8.4616,36
2014-10-31 17:16:00,2014-10-31 17:17:00,8.4604,8.46022,8.46062,8.4601,8.46249,8.46248,8.46249,8.46241,16
2014-10-31 17:17:00,2014-10-31 17:18:00,8.46022,8.4604,8.4604,8.46024,8.46248,8.46248,8.46248,8.46247,7
2014-10-31 17:18:00,2014-10-31 17:19:00,8.4604,8.46041,8.46058,8.46019,8.46248,8.46247,8.46255,8.46246,23
2014-10-31 17:19:00,2014-10-31 17:20:00,8.46041,8.4601,8.46041,8.4598,8.46247,8.46158,8.46174,8.46158,17
2014-10-31 17:20:00,2014-10-31 17:21:00,8.4601,8.45981,8.4601,8.4597,8.46158,8.46165,8.46166,8.46158,22
2014-10-31 17:21:00,2014-10-31 17:22:00,8.45981,8.45997,8.46008,8.45957,8.46165,8.4622,8.4622,8.46151,20
2014-10-31 17:22:00,2014-10-31 17:23:00,8.45997,8.46008,8.46008,8.45985,8.4622,8.4623,8.4623,8.4621,15
2014-10-31 17:23:00,2014-10-31 17:24:00,8.46008,8.46017,8.46027,8.46001,8.4623,8.4624,8.4624,8.4623,8
2014-10-31 17:24:00,2014-10-31 17:25:00,8.46017,8.46018,8.4603,8.46016,8.4624,8.46241,8.46241,8.46237,9
2014-10-31 17:25:00,2014-10-31 17:26:00,8.46018,8.45983,8.46018,8.45983,8.46241,8.46237,8.4624,8.46237,9
2014-10-31 17:26:00,2014-10-31 17:27:00,8.45983,8.4599,8.46007,8.45978,8.46237,8.4623,8.46237,8.4622,15
2014-10-31 17:27:00,2014-10-31 17:28:00,8.4599,8.45983,8.45997,8.45946,8.4623,8.46239,8.46239,8.46204,34
2014-10-31 17:28:00,2014-10-31 17:29:00,8.45983,8.45991,8.46006,8.4598,8.46239,8.46239,8.46239,8.4623,10
2014-10-31 17:29:00,2014-10-31 17:30:00,8.45991,8.4608,8.4612,8.45975,8.46239,8.46157,8.46244,8.46153,27
2014-10-31 17:30:00,2014-10-31 17:31:00,8.4608,8.459,8.4606,8.459,8.46157,8.46107,8.46157,8.46107,33
2014-10-31 17:31:00,2014-10-31 17:32:00,8.459,8.4591,8.4591,8.459,8.46107,8.46134,8.46135,8.4613,6
2014-10-31 17:32:00,2014-10-31 17:33:00,8.4591,8.4594,8.4594,8.4583,8.46134,8.46095,8.46134,8.4603,30
2014-10-31 17:33:00,2014-10-31 17:34:00,8.4594,8.4594,8.4594,8.4594,8.46095,8.461,8.461,8.461,1
2014-10-31 17:34:00,2014-10-31 17:35:00,8.4594,8.4572,8.4594,8.4572,8.461,8.45829,8.461,8.45818,46
2014-10-31 17:35:00,2014-10-31 17:36:00,8.4572,8.4568,8.4574,8.4567,8.45829,8.45845,8.45845,8.45834,12
2014-10-31 17:36:00,2014-10-31 17:37:00,8.4568,8.458,8.458,8.4568,8.45845,8.45906,8.45906,8.4584,11
2014-10-31 17:37:00,2014-10-31 17:38:00,8.458,8.4595,8.4595,8.4581,8.45906,8.46106,8.46117,8.45906,26
2014-10-31 17:38:00,2014-10-31 17:39:00,8.4595,8.4595,8.4596,8.4592,8.46106,8.46119,8.46135,8.46106,17
2014-10-31 17:39:00,2014-10-31 17:40:00,8.4595,8.4596,8.4597,8.4595,8.46119,8.46114,8.46124,8.46103,9
2014-10-31 17:40:00,2014-10-31 17:41:00,8.4596,8.4596,8.4597,8.4596,8.46114,8.4614,8.4615,8.46115,19
2014-10-31 17:41:00,2014-10-31 17:42:00,8.4596,8.45857,8.4597,8.45848,8.4614,8.4597,8.4615,8.4597,33
2014-10-31 17:42:00,2014-10-31 17:43:00,8.45857,8.45885,8.45885,8.45849,8.4597,8.4603,8.4604,8.4595,16
2014-10-31 17:43:00,2014-10-31 17:44:00,8.45885,8.45861,8.45874,8.45861,8.4603,8.4603,8.4603,8.4602,7
2014-10-31 17:44:00,2014-10-31 17:45:00,8.45861,8.4586,8.45861,8.45859,8.4603,8.4602,8.4603,8.4602,5
2014-10-31 17:45:00,2014-10-31 17:46:00,8.4586,8.45861,8.45862,8.4586,8.4602,8.4606,8.4606,8.4605,6
2014-10-31 17:46:00,2014-10-31 17:47:00,8.45861,8.45828,8.45861,8.45828,8.4606,8.4606,8.4607,8.4605,7
2014-10-31 17:47:00,2014-10-31 17:48:00,8.45828,8.45812,8.45839,8.45812,8.4606,8.46066,8.4607,8.4605,10
2014-10-31 17:48:00,2014-10-31 17:49:00,8.45812,8.45808,8.4591,8.458,8.46066,8.4602,8.46063,8.45889,38
2014-10-31 17:49:00,2014-10-31 17:50:00,8.45808,8.45812,8.45812,8.45786,8.4602,8.4604,8.4604,8.4598,23
2014-10-31 17:50:00,2014-10-31 17:51:00,8.45812,8.45816,8.45829,8.45812,8.4604,8.4605,8.4605,8.4604,11
2014-10-31 17:51:00,2014-10-31 17:52:00,8.45816,8.45812,8.45817,8.45812,8.4605,8.4604,8.4605,8.4604,9
2014-10-31 17:52:00,2014-10-31 17:53:00,8.45812,8.4582,8.4582,8.45812,8.4604,8.4606,8.4607,8.4605,9
2014-10-31 17:53:00,2014-10-31 17:54:00,8.4582,8.45814,8.4582,8.45813,8.4606,8.46071,8.46071,8.46067,5
2014-10-31 17:54:00,2014-10-31 17:55:00,8.45814,8.4586,8.459,8.4584,8.46071,8.46058,8.46071,8.4605,16
2014-10-31 17:55:00,2014-10-31 17:56:00,8.4586,8.45811,8.459,8.45804,8.46058,8.4603,8.46072,8.4595,25
2014-10-31 17:56:00,2014-10-31 17:57:00,8.45811,8.45783,8.45811,8.45783,8.4603,8.46021,8.46022,8.46019,5
2014-10-31 17:57:00,2014-10-31 17:58:00,8.45783,8.4591,8.4591,8.45782,8.46021,8.46036,8.46036,8.46017,25
2014-10-31 17:58:00,2014-10-31 17:59:00,8.4591,8.4566,8.4591,8.4534,8.46036,8.4584,8.46024,8.45693,81
2014-10-31 17:59:00,2014-10-31 18:00:00,8.4566,8.45679,8.4569,8.4549,8.4584,8.45997,8.4604,8.4577,125
2014-10-31 18:00:00,2014-10-31 18:01:00,8.45679,8.45734,8.4574,8.45681,8.45997,8.45977,8.46015,8.45977,24
2014-10-31 18:01:00,2014-10-31 18:02:00,8.45734,8.45728,8.45742,8.45721,8.45977,8.45978,8.45978,8.45977,15
2014-10-31 18:02:00,2014-10-31 18:03:00,8.45728,8.45797,8.45804,8.45708,8.45978,8.46032,8.46032,8.45978,17
2014-10-31 18:03:00,2014-10-31 18:04:00,8.45797,8.45805,8.45819,8.4579,8.46032,8.46032,8.46032,8.46032,9
2014-10-31 18:04:00,2014-10-31 18:05:00,8.45805,8.45801,8.45821,8.45793,8.46032,8.46032,8.46032,8.46032,9
2014-10-31 18:05:00,2014-10-31 18:06:00,8.45801,8.45737,8.45813,8.45737,8.46032,8.45915,8.46035,8.45915,12
2014-10-31 18:06:00,2014-10-31 18:07:00,8.45737,8.4574,8.4574,8.45721,8.45915,8.45969,8.45979,8.45909,9
2014-10-31 18:07:00,2014-10-31 18:08:00,8.4574,8.4574,8.4574,8.45698,8.45969,8.45891,8.4597,8.45891,27
2014-10-31 18:08:00,2014-10-31 18:09:00,8.4574,8.4569,8.458,8.4563,8.45891,8.45874,8.45891,8.45807,31
2014-10-31 18:09:00,2014-10-31 18:10:00,8.4569,8.4562,8.457,8.4561,8.45874,8.45763,8.45874,8.45758,21
2014-10-31 18:10:00,2014-10-31 18:11:00,8.4562,8.456,8.4564,8.456,8.45763,8.45786,8.45792,8.45759,26
2014-10-31 18:11:00,2014-10-31 18:12:00,8.456,8.4559,8.4563,8.4558,8.45786,8.45779,8.45795,8.45777,26
2014-10-31 18:12:00,2014-10-31 18:13:00,8.4559,8.4561,8.4561,8.45597,8.45779,8.45783,8.45784,8.45779,8
2014-10-31 18:13:00,2014-10-31 18:14:00,8.4561,8.45643,8.45643,8.456,8.45783,8.45789,8.45791,8.45754,28
2014-10-31 18:14:00,2014-10-31 18:15:00,8.45643,8.45693,8.45718,8.45643,8.45789,8.45827,8.45827,8.45808,36
2014-10-31 18:15:00,2014-10-31 18:16:00,8.45693,8.4567,8.45693,8.4567,8.45827,8.45831,8.45831,8.4583,9
2014-10-31 18:16:00,2014-10-31 18:17:00,8.4567,8.4562,8.45678,8.4555,8.45831,8.45792,8.45832,8.45716,46
2014-10-31 18:17:00,2014-10-31 18:18:00,8.4562,8.4563,8.4563,8.4561,8.45792,8.45794,8.45797,8.45792,8
2014-10-31 18:18:00,2014-10-31 18:19:00,8.4563,8.45747,8.45752,8.4563,8.45794,8.4599,8.4599,8.45796,28
2014-10-31 18:19:00,2014-10-31 18:20:00,8.45747,8.4579,8.45799,8.4573,8.4599,8.46041,8.46058,8.45974,28
2014-10-31 18:20:00,2014-10-31 18:21:00,8.4579,8.4579,8.458,8.4578,8.46041,8.4594,8.46053,8.4593,13
2014-10-31 18:21:00,2014-10-31 18:22:00,8.4579,8.4562,8.458,8.4561,8.4594,8.45837,8.4594,8.45837,17
2014-10-31 18:22:00,2014-10-31 18:23:00,8.4562,8.456,8.4564,8.456,8.45837,8.45728,8.45838,8.45726,16
2014-10-31 18:23:00,2014-10-31 18:24:00,8.456,8.4524,8.4563,8.4511,8.45728,8.45536,8.45839,8.45452,90
2014-10-31 18:24:00,2014-10-31 18:25:00,8.4524,8.4573,8.4573,8.4522,8.45536,8.45948,8.45948,8.45554,112
2014-10-31 18:25:00,2014-10-31 18:26:00,8.4573,8.4558,8.4572,8.4533,8.45948,8.4598,8.4598,8.45489,62
2014-10-31 18:26:00,2014-10-31 18:27:00,8.4558,8.4569,8.4569,8.45618,8.4598,8.4593,8.45949,8.4593,11
2014-10-31 18:27:00,2014-10-31 18:28:00,8.4569,8.457,8.457,8.4569,8.4593,8.45933,8.45933,8.4592,4
2014-10-31 18:28:00,2014-10-31 18:29:00,8.457,8.457,8.457,8.4569,8.45933,8.45938,8.45938,8.45924,6
2014-10-31 18:29:00,2014-10-31 18:30:00,8.457,8.457,8.457,8.4569,8.45938,8.45935,8.45937,8.45922,8
2014-10-31 18:30:00,2014-10-31 18:31:00,8.457,8.457,8.4571,8.457,8.45935,8.45934,8.45946,8.45933,6
2014-10-31 18:31:00,2014-10-31 18:32:00,8.457,8.4571,8.4571,8.457,8.45934,8.4594,8.4594,8.45934,5
2014-10-31 18:32:00,2014-10-31 18:33:00,8.4571,8.45819,8.45819,8.457,8.4594,8.46014,8.46014,8.45935,31
2014-10-31 18:33:00,2014-10-31 18:34:00,8.45819,8.45822,8.45871,8.45805,8.46014,8.46017,8.46018,8.46014,104
2014-10-31 18:34:00,2014-10-31 18:35:00,8.45822,8.45804,8.45873,8.45781,8.46017,8.4603,8.46049,8.45947,42
2014-10-31 18:35:00,2014-10-31 18:36:00,8.45804,8.45798,8.45803,8.45795,8.4603,8.4603,8.4603,8.4602,12
2014-10-31 18:36:00,2014-10-31 18:37:00,8.45798,8.45844,8.45844,8.45798,8.4603,8.4608,8.4609,8.4603,11
2014-10-31 18:37:00,2014-10-31 18:38:00,8.45844,8.45843,8.45847,8.45843,8.4608,8.4607,8.4609,8.4607,11
2014-10-31 18:38:00,2014-10-31 18:39:00,8.45843,8.45812,8.45919,8.45812,8.4607,8.46062,8.4612,8.46062,35
2014-10-31 18:39:00,2014-10-31 18:40:00,8.45812,8.45855,8.45855,8.45812,8.46062,8.4607,8.4607,8.46049,12
2014-10-31 18:40:00,2014-10-31 18:41:00,8.45855,8.45853,8.45869,8.45853,8.4607,8.4607,8.4608,8.4606,9
2014-10-31 18:41:00,2014-10-31 18:42:00,8.45853,8.45855,8.45869,8.45855,8.4607,8.4607,8.4607,8.4607,3
2014-10-31 18:42:00,2014-10-31 18:43:00,8.45855,8.4585,8.45867,8.4585,8.4607,8.4607,8.4607,8.4607,4
2014-10-31 18:43:00,2014-10-31 18:44:00,8.4585,8.45804,8.45876,8.45804,8.4607,8.4604,8.4607,8.4604,20
2014-10-31 18:44:00,2014-10-31 18:45:00,8.45804,8.458,8.45804,8.45797,8.4604,8.46011,8.4604,8.46006,22
2014-10-31 18:45:00,2014-10-31 18:46:00,8.458,8.45765,8.4581,8.4566,8.46011,8.4601,8.46016,8.45821,30
2014-10-31 18:46:00,2014-10-31 18:47:00,8.45765,8.45769,8.45779,8.45765,8.4601,8.46029,8.4603,8.46025,9
2014-10-31 18:47:00,2014-10-31 18:48:00,8.45769,8.4577,8.45771,8.4577,8.46029,8.46017,8.46031,8.46015,7
2014-10-31 18:48:00,2014-10-31 18:49:00,8.4577,8.4576,8.4577,8.4576,8.46017,8.46013,8.46025,8.45998,8
2014-10-31 18:49:00,2014-10-31 18:50:00,8.4576,8.45758,8.45767,8.45751,8.46013,8.46018,8.46027,8.46001,20
2014-10-31 18:50:00,2014-10-31 18:51:00,8.45758,8.4575,8.45758,8.45745,8.46018,8.4601,8.46014,8.45995,6
2014-10-31 18:51:00,2014-10-31 18:52:00,8.4575,8.4576,8.45761,8.4575,8.4601,8.4602,8.46021,8.45989,14
2014-10-31 18:52:00,2014-10-31 18:53:00,8.4576,8.45796,8.45796,8.4576,8.4602,8.46056,8.46056,8.46026,10
2014-10-31 18:53:00,2014-10-31 18:54:00,8.45796,8.4577,8.45796,8.4577,8.46056,8.4603,8.46052,8.4603,11
2014-10-31 18:54:00,2014-10-31 18:55:00,8.4577,8.45777,8.4578,8.4576,8.4603,8.46037,8.46037,8.46012,13
2014-10-31 18:55:00,2014-10-31 18:56:00,8.45777,8.4578,8.4578,8.4578,8.46037,8.46021,8.46037,8.46019,5
2014-10-31 18:56:00,2014-10-31 18:57:00,8.4578,8.4577,8.4578,8.4577,8.46021,8.46016,8.46016,8.46016,2
2014-10-31 18:57:00,2014-10-31 18:58:00,8.4577,8.45811,8.45811,8.4576,8.46016,8.46034,8.46049,8.46013,29
2014-10-31 18:58:00,2014-10-31 18:59:00,8.45811,8.4581,8.45862,8.4581,8.46034,8.46069,8.4608,8.46052,43
2014-10-31 18:59:00,2014-10-31 19:00:00,8.4581,8.4576,8.4581,8.4576,8.46069,8.46017,8.46057,8.46013,14
2014-10-31 19:00:00,2014-10-31 19:01:00,8.4576,8.4578,8.45781,8.45757,8.46017,8.4604,8.46041,8.46017,9
2014-10-31 19:01:00,2014-10-31 19:02:00,8.4578,8.4579,8.4579,8.4578,8.4604,8.46034,8.46042,8.46031,7
2014-10-31 19:02:00,2014-10-31 19:03:00,8.4579,8.4578,8.4579,8.4578,8.46034,8.46035,8.46036,8.46034,6
2014-10-31 19:03:00,2014-10-31 19:04:00,8.4578,8.4579,8.45803,8.4578,8.46035,8.46057,8.46063,8.46033,12
2014-10-31 19:04:00,2014-10-31 19:05:00,8.4579,8.45793,8.45797,8.45793,8.46057,8.46053,8.46057,8.46053,5
2014-10-31 19:05:00,2014-10-31 19:06:00,8.45793,8.45783,8.45803,8.4578,8.46053,8.46043,8.4606,8.46026,16
2014-10-31 19:06:00,2014-10-31 19:07:00,8.45783,8.45791,8.45792,8.45774,8.46043,8.46051,8.4606,8.46031,25
2014-10-31 19:07:00,2014-10-31 19:08:00,8.45791,8.4592,8.4593,8.45791,8.46051,8.46081,8.46085,8.46016,36
2014-10-31 19:08:00,2014-10-31 19:09:00,8.4592,8.4592,8.4592,8.4592,8.46081,8.46053,8.46072,8.46014,35
2014-10-31 19:09:00,2014-10-31 19:10:00,8.4592,8.4593,8.4593,8.4592,8.46053,8.46044,8.46054,8.46016,26
2014-10-31 19:10:00,2014-10-31 19:11:00,8.4593,8.4593,8.4593,8.4593,8.46044,8.46065,8.46066,8.46028,29
2014-10-31 19:11:00,2014-10-31 19:12:00,8.4593,8.4593,8.4594,8.4593,8.46065,8.4611,8.4612,8.46032,26
2014-10-31 19:12:00,2014-10-31 19:13:00,8.4593,8.4593,8.4593,8.4593,8.4611,8.4611,8.4611,8.46092,5
2014-10-31 19:13:00,2014-10-31 19:14:00,8.4593,8.4595,8.4596,8.4592,8.4611,8.4613,8.46136,8.46093,23
2014-10-31 19:14:00,2014-10-31 19:15:00,8.4595,8.4592,8.4595,8.459,8.4613,8.461,8.46119,8.46086,19
2014-10-31 19:15:00,2014-10-31 19:16:00,8.4592,8.4593,8.4594,8.4592,8.461,8.4611,8.4612,8.46097,8
2014-10-31 19:16:00,2014-10-31 19:17:00,8.4593,8.4595,8.4595,8.4592,8.4611,8.4613,8.4613,8.46083,17
2014-10-31 19:17:00,2014-10-31 19:18:00,8.4595,8.4599,8.4599,8.45969,8.4613,8.4608,8.4613,8.4607,25
2014-10-31 19:18:00,2014-10-31 19:19:00,8.4599,8.4592,8.4596,8.4592,8.4608,8.46075,8.46101,8.46051,23
2014-10-31 19:19:00,2014-10-31 19:20:00,8.4592,8.4592,8.4592,8.4591,8.46075,8.46074,8.46091,8.46054,11
2014-10-31 19:20:00,2014-10-31 19:21:00,8.4592,8.4593,8.4593,8.4587,8.46074,8.4611,8.4611,8.45984,25
2014-10-31 19:21:00,2014-10-31 19:22:00,8.4593,8.4592,8.4594,8.4592,8.4611,8.46099,8.46116,8.46088,8
2014-10-31 19:22:00,2014-10-31 19:23:00,8.4592,8.4592,8.4593,8.4592,8.46099,8.46073,8.46099,8.46073,7
2014-10-31 19:23:00,2014-10-31 19:24:00,8.4592,8.4593,8.4593,8.4592,8.46073,8.46078,8.4611,8.46074,9
2014-10-31 19:24:00,2014-10-31 19:25:00,8.4593,8.4592,8.4592,8.4592,8.46078,8.46064,8.46078,8.46064,5
2014-10-31 19:25:00,2014-10-31 19:26:00,8.4592,8.4591,8.4592,8.4591,8.46064,8.4609,8.46098,8.46064,6
2014-10-31 19:26:00,2014-10-31 19:28:00,8.4591,8.4587,8.4591,8.4587,8.4609,8.4608,8.4609,8.46064,14
2014-10-31 19:28:00,2014-10-31 19:29:00,8.4587,8.459,8.4591,8.4582,8.4608,8.4608,8.4609,8.46066,17
2014-10-31 19:29:00,2014-10-31 19:30:00,8.459,8.459,8.4591,8.4588,8.4608,8.4608,8.4609,8.4608,4
2014-10-31 19:30:00,2014-10-31 19:31:00,8.459,8.4581,8.459,8.4581,8.4608,8.46065,8.4609,8.46063,41
2014-10-31 19:31:00,2014-10-31 19:32:00,8.4581,8.4576,8.4588,8.4571,8.46065,8.4608,8.4609,8.45913,81
2014-10-31 19:32:00,2014-10-31 19:33:00,8.4576,8.4577,8.4577,8.4576,8.4608,8.4604,8.46113,8.4604,31
2014-10-31 19:33:00,2014-10-31 19:34:00,8.4577,8.4577,8.4578,8.4574,8.4604,8.4611,8.46119,8.4604,24
2014-10-31 19:34:00,2014-10-31 19:35:00,8.4577,8.4578,8.4578,8.4576,8.4611,8.4612,8.4612,8.4609,7
2014-10-31 19:35:00,2014-10-31 19:36:00,8.4578,8.4574,8.4578,8.4573,8.4612,8.461,8.4612,8.4609,7
2014-10-31 19:36:00,2014-10-31 19:38:00,8.4574,8.4574,8.4575,8.4574,8.461,8.461,8.4611,8.461,3
2014-10-31 19:38:00,2014-10-31 19:39:00,8.4574,8.4575,8.4575,8.4575,8.461,8.4611,8.4611,8.461,2
2014-10-31 19:39:00,2014-10-31 19:40:00,8.4575,8.4557,8.4574,8.4556,8.4611,8.45735,8.461,8.45719,25
2014-10-31 19:40:00,2014-10-31 19:41:00,8.4557,8.4556,8.4557,8.4556,8.45735,8.45707,8.45746,8.45704,10
2014-10-31 19:41:00,2014-10-31 19:42:00,8.4556,8.4556,8.4557,8.4556,8.45707,8.4574,8.45747,8.45712,8
2014-10-31 19:42:00,2014-10-31 19:43:00,8.4556,8.4556,8.4556,8.4556,8.4574,8.4574,8.4574,8.45737,2
2014-10-31 19:43:00,2014-10-31 19:44:00,8.4556,8.4555,8.4556,8.4554,8.4574,8.45739,8.45739,8.4572,5
2014-10-31 19:44:00,2014-10-31 19:45:00,8.4555,8.4548,8.4555,8.4542,8.45739,8.45669,8.4573,8.45517,44
2014-10-31 19:45:00,2014-10-31 19:46:00,8.4548,8.4526,8.455,8.4482,8.45669,8.4564,8.458,8.4539,94
2014-10-31 19:46:00,2014-10-31 19:47:00,8.4526,8.4526,8.4526,8.4525,8.4564,8.4568,8.457,8.4561,38
2014-10-31 19:47:00,2014-10-31 19:48:00,8.4526,8.4525,8.4526,8.4525,8.4568,8.45662,8.4569,8.45662,4
2014-10-31 19:48:00,2014-10-31 19:49:00,8.4525,8.4526,8.4526,8.4525,8.45662,8.45662,8.45662,8.45662,3
2014-10-31 19:49:00,2014-10-31 19:50:00,8.4526,8.4525,8.4525,8.4524,8.45662,8.45662,8.45662,8.45662,2
2014-10-31 19:50:00,2014-10-31 19:51:00,8.4525,8.4526,8.4526,8.4525,8.45662,8.4569,8.4569,8.4568,6
2014-10-31 19:51:00,2014-10-31 19:53:00,8.4526,8.4525,8.4525,8.4525,8.4569,8.4568,8.4569,8.4568,2
2014-10-31 19:53:00,2014-10-31 19:54:00,8.4525,8.4492,8.4528,8.44784,8.4568,8.45432,8.4572,8.45417,22
2014-10-31 19:54:00,2014-10-31 19:55:00,8.4492,8.4492,8.4524,8.4491,8.45432,8.4563,8.4564,8.4539,30
2014-10-31 19:55:00,2014-10-31 19:56:00,8.4492,8.4492,8.4492,8.4492,8.4563,8.4557,8.456,8.4557,6
2014-10-31 19:56:00,2014-10-31 19:57:00,8.4492,8.45138,8.453,8.449,8.4557,8.4554,8.4561,8.4546,52
2014-10-31 19:57:00,2014-10-31 19:58:00,8.45138,8.4517,8.45266,8.45092,8.4554,8.4538,8.4557,8.4538,47
2014-10-31 19:58:00,2014-10-31 19:59:00,8.4517,8.4515,8.4529,8.4515,8.4538,8.4541,8.45464,8.4539,19
2014-10-31 19:59:00,2014-10-31 20:00:00,8.4515,8.4533,8.4534,8.4514,8.4541,8.45466,8.4549,8.4542,18
2014-10-31 20:00:00,2014-10-31 20:01:00,8.4533,8.4534,8.4534,8.4523,8.45466,8.45466,8.45466,8.45322,9
2014-10-31 20:01:00,2014-10-31 20:02:00,8.4534,8.4527,8.4533,8.4505,8.45466,8.4545,8.45466,8.4539,39
2014-10-31 20:02:00,2014-10-31 20:03:00,8.4527,8.4525,8.4526,8.4525,8.4545,8.4543,8.4544,8.4543,2
2014-10-31 20:03:00,2014-10-31 20:04:00,8.4525,8.4526,8.4526,8.4524,8.4543,8.4544,8.4544,8.4542,6
2014-10-31 20:04:00,2014-10-31 20:06:00,8.4526,8.4517,8.4517,8.4513,8.4544,8.4543,8.4544,8.4542,6
2014-10-31 20:06:00,2014-10-31 20:07:00,8.4517,8.4507,8.4518,8.44877,8.4543,8.45312,8.4543,8.452,25
2014-10-31 20:07:00,2014-10-31 20:08:00,8.4507,8.45,8.4513,8.4465,8.45312,8.45312,8.4539,8.452,76
2014-10-31 20:08:00,2014-10-31 20:09:00,8.45,8.4509,8.4509,8.45,8.45312,8.45377,8.45377,8.4529,46
2014-10-31 20:09:00,2014-10-31 20:10:00,8.4509,8.451,8.451,8.451,8.45377,8.45377,8.45377,8.45355,6
2014-10-31 20:10:00,2014-10-31 20:11:00,8.451,8.4507,8.4512,8.4468,8.45377,8.4535,8.454,8.45182,48
2014-10-31 20:11:00,2014-10-31 20:12:00,8.4507,8.4492,8.4513,8.4487,8.4535,8.4516,8.4542,8.4511,38
2014-10-31 20:12:00,2014-10-31 20:13:00,8.4492,8.4495,8.4495,8.4494,8.4516,8.4516,8.4516,8.4515,3
2014-10-31 20:13:00,2014-10-31 20:14:00,8.4495,8.4505,8.4505,8.4489,8.4516,8.4534,8.4534,8.45128,27
2014-10-31 20:14:00,2014-10-31 20:15:00,8.4505,8.4475,8.4505,8.4475,8.4534,8.45228,8.4534,8.45183,33
2014-10-31 20:15:00,2014-10-31 20:16:00,8.4475,8.4472,8.4476,8.4471,8.45228,8.45139,8.45194,8.45132,11
2014-10-31 20:16:00,2014-10-31 20:17:00,8.4472,8.4472,8.4472,8.4472,8.45139,8.45154,8.45179,8.45154,5
2014-10-31 20:17:00,2014-10-31 20:18:00,8.4472,8.4473,8.4473,8.4472,8.45154,8.45226,8.45226,8.45156,7
2014-10-31 20:18:00,2014-10-31 20:19:00,8.4473,8.4506,8.4506,8.44747,8.45226,8.4536,8.4536,8.45226,20
2014-10-31 20:19:00,2014-10-31 20:20:00,8.4506,8.4506,8.4506,8.4505,8.4536,8.4534,8.4536,8.4534,5
2014-10-31 20:20:00,2014-10-31 20:21:00,8.4506,8.4506,8.4507,8.4506,8.4534,8.4534,8.4535,8.4534,2
2014-10-31 20:21:00,2014-10-31 20:22:00,8.4506,8.4505,8.4505,8.4505,8.4534,8.4533,8.4533,8.4533,1
2014-10-31 20:22:00,2014-10-31 20:23:00,8.4505,8.45132,8.4526,8.4483,8.4533,8.4525,8.4537,8.4524,38
2014-10-31 20:23:00,2014-10-31 20:24:00,8.45132,8.4506,8.45139,8.4487,8.4525,8.45311,8.45339,8.4517,39
2014-10-31 20:24:00,2014-10-31 20:25:00,8.4506,8.4506,8.4506,8.4503,8.45311,8.4533,8.4533,8.45276,16
2014-10-31 20:25:00,2014-10-31 20:26:00,8.4506,8.4514,8.4517,8.4473,8.4533,8.4535,8.4545,8.45308,42
2014-10-31 20:26:00,2014-10-31 20:27:00,8.4514,8.4523,8.4523,8.4515,8.4535,8.4539,8.4539,8.4534,5
2014-10-31 20:27:00,2014-10-31 20:28:00,8.4523,8.4441,8.4524,8.4441,8.4539,8.45184,8.454,8.4517,29
2014-10-31 20:28:00,2014-10-31 20:29:00,8.4441,8.4448,8.4453,8.4437,8.45184,8.4528,8.4538,8.4499,15
2014-10-31 20:29:00,2014-10-31 20:30:00,8.4448,8.4449,8.4452,8.4449,8.4528,8.4534,8.4534,8.452,5
2014-10-31 20:30:00,2014-10-31 20:31:00,8.4449,8.445,8.445,8.4448,8.4534,8.45431,8.45491,8.4534,6
2014-10-31 20:31:00,2014-10-31 20:32:00,8.445,8.445,8.445,8.4449,8.45431,8.45491,8.45491,8.45431,5
2014-10-31 20:32:00,2014-10-31 20:33:00,8.445,8.445,8.445,8.4449,8.45491,8.45268,8.45268,8.45268,3
2014-10-31 20:33:00,2014-10-31 20:34:00,8.445,8.445,8.445,8.4449,8.45268,8.4544,8.4544,8.45268,4
2014-10-31 20:34:00,2014-10-31 20:35:00,8.445,8.4447,8.44643,8.4447,8.4544,8.45258,8.45591,8.45255,13
2014-10-31 20:35:00,2014-10-31 20:36:00,8.4447,8.4447,8.44598,8.4447,8.45258,8.4526,8.453,8.45244,5
2014-10-31 20:36:00,2014-10-31 20:37:00,8.4447,8.4447,8.4447,8.4447,8.4526,8.45257,8.45259,8.45253,3
2014-10-31 20:37:00,2014-10-31 20:38:00,8.4447,8.4447,8.4448,8.444,8.45257,8.45235,8.45306,8.45235,10
2014-10-31 20:38:00,2014-10-31 20:39:00,8.4447,8.4448,8.4448,8.43977,8.45235,8.45178,8.45217,8.45178,6
2014-10-31 20:39:00,2014-10-31 20:40:00,8.4448,8.4438,8.448,8.443,8.45178,8.45394,8.45394,8.44926,30
2014-10-31 20:40:00,2014-10-31 20:41:00,8.4438,8.4454,8.44562,8.4439,8.45394,8.45455,8.45482,8.45394,51
2014-10-31 20:41:00,2014-10-31 20:42:00,8.4454,8.4453,8.4455,8.4453,8.45455,8.4544,8.45462,8.4542,18
2014-10-31 20:42:00,2014-10-31 20:43:00,8.4453,8.4452,8.4453,8.4452,8.4544,8.45587,8.45587,8.4539,6
2014-10-31 20:43:00,2014-10-31 20:44:00,8.4452,8.44784,8.44784,8.44248,8.45587,8.4508,8.45587,8.4506,20
2014-10-31 20:44:00,2014-10-31 20:45:00,8.44784,8.44978,8.44978,8.4474,8.4508,8.4561,8.4562,8.4511,13
2014-10-31 20:45:00,2014-10-31 20:46:00,8.44978,8.44946,8.45029,8.44946,8.4561,8.45594,8.4561,8.45594,2
2014-10-31 20:46:00,2014-10-31 20:48:00,8.44946,8.45097,8.45097,8.45097,8.45594,8.456,8.456,8.456,1
2014-10-31 20:48:00,2014-10-31 20:49:00,8.45097,8.4508,8.45097,8.4508,8.456,8.4561,8.4563,8.4561,7
2014-10-31 20:49:00,2014-10-31 20:50:00,8.4508,8.449,8.4508,8.449,8.4561,8.45603,8.4562,8.45603,2
2014-10-31 20:50:00,2014-10-31 20:52:00,8.449,8.44952,8.44952,8.44952,8.45603,8.4562,8.4562,8.4562,1
2014-10-31 20:52:00,2014-10-31 20:53:00,8.44952,8.449,8.44952,8.4489,8.4562,8.4562,8.45771,8.4561,7
2014-10-31 20:53:00,2014-10-31 20:54:00,8.449,8.4491,8.4491,8.4491,8.4562,8.4563,8.4563,8.4563,1
2014-10-31 20:54:00,2014-10-31 20:55:00,8.4491,8.44945,8.44945,8.44945,8.4563,8.4564,8.4564,8.4561,5
2014-10-31 20:55:00,2014-10-31 20:56:00,8.44945,8.4494,8.45035,8.4494,8.4564,8.4566,8.4566,8.4565,5
2014-10-31 20:56:00,2014-10-31 20:57:00,8.4494,8.4493,8.4493,8.4492,8.4566,8.4565,8.4565,8.4565,3
2014-10-31 20:57:00,2014-10-31 20:58:00,8.4493,8.4492,8.4494,8.4492,8.4565,8.4564,8.4566,8.4564,4
2014-10-31 20:58:00,2014-11-02 19:30:00,8.4492,8.44623,8.44623,8.44622,8.4564,8.46371,8.46371,8.4637,3
2014-11-02 19:30:00,2014-11-02 19:31:00,8.44623,8.44628,8.44628,8.4462,8.46371,8.46376,8.46376,8.46368,3
2014-11-02 19:31:00,2014-11-02 19:32:00,8.44628,8.44623,8.44623,8.44623,8.46376,8.46371,8.46371,8.46371,1
2014-11-02 19:32:00,2014-11-02 19:33:00,8.44623,8.44622,8.44622,8.44621,8.46371,8.4637,8.4637,8.46369,2
2014-11-02 19:33:00,2014-11-02 19:34:00,8.44622,8.44623,8.44623,8.44623,8.4637,8.46371,8.46371,8.46371,1
2014-11-02 19:34:00,2014-11-02 19:37:00,8.44623,8.44623,8.44623,8.44622,8.46371,8.46371,8.46371,8.4637,2
2014-11-02 19:37:00,2014-11-02 19:39:00,8.44623,8.44623,8.44625,8.44623,8.46371,8.46371,8.46373,8.46371,2
2014-11-02 19:39:00,2014-11-02 19:42:00,8.44623,8.44628,8.44628,8.44628,8.46371,8.46376,8.46376,8.46376,1
2014-11-02 19:42:00,2014-11-02 19:43:00,8.44628,8.44623,8.44623,8.44618,8.46376,8.46371,8.46371,8.46366,2
2014-11-02 19:43:00,2014-11-02 19:44:00,8.44623,8.44276,8.44278,8.44271,8.46371,8.46024,8.46026,8.46019,3
2014-11-02 19:44:00,2014-11-02 19:45:00,8.44276,8.44889,8.44896,8.44278,8.46024,8.46103,8.4611,8.45759,4
2014-11-02 19:45:00,2014-11-02 19:46:00,8.44889,8.44894,8.44894,8.44889,8.46103,8.46109,8.46109,8.46104,2
2014-11-02 19:46:00,2014-11-02 19:50:00,8.44894,8.4489,8.4489,8.4489,8.46109,8.46104,8.46104,8.46104,1
2014-11-02 19:50:00,2014-11-02 19:51:00,8.4489,8.4489,8.4489,8.44889,8.46104,8.46105,8.46105,8.46103,3
2014-11-02 19:51:00,2014-11-02 19:52:00,8.4489,8.4489,8.44891,8.4489,8.46105,8.46104,8.46106,8.46104,2
2014-11-02 19:52:00,2014-11-02 19:53:00,8.4489,8.44872,8.44889,8.44872,8.46104,8.46087,8.46104,8.46087,2
2014-11-02 19:53:00,2014-11-02 19:54:00,8.44872,8.44894,8.44894,8.44894,8.46087,8.46109,8.46109,8.46109,1
2014-11-02 19:54:00,2014-11-02 19:55:00,8.44894,8.44973,8.44973,8.44973,8.46109,8.4651,8.4651,8.4651,1
2014-11-02 19:55:00,2014-11-02 20:39:00,8.44973,8.4521,8.4621,8.4521,8.4651,8.4628,8.4725,8.4628,11
2014-11-02 20:39:00,2014-11-02 20:48:00,8.44873,8.44872,8.44872,8.44872,8.46621,8.4662,8.4662,8.4662,1
2014-11-02 20:48:00,2014-11-02 20:49:00,8.44872,8.44873,8.44873,8.44873,8.4662,8.46621,8.46621,8.46621,1
2014-11-02 20:49:00,2014-11-02 20:52:00,8.44873,8.44879,8.44879,8.44872,8.46621,8.46627,8.46627,8.4662,2
2014-11-02 20:52:00,2014-11-02 20:53:00,8.44879,8.44873,8.44873,8.44871,8.46627,8.46621,8.46621,8.46619,2
2014-11-02 20:53:00,2014-11-02 21:00:00,8.44873,8.4501,8.4501,8.4501,8.46621,8.4648,8.4648,8.4648,1
2014-11-02 21:00:00,2014-11-02 21:03:00,8.4501,8.44873,8.44873,8.44873,8.4648,8.46621,8.46621,8.46621,1
2014-11-02 21:03:00,2014-11-02 21:04:00,8.44873,8.44945,8.44945,8.44945,8.46621,8.46549,8.46549,8.46548,2
2014-11-02 21:04:00,2014-11-02 21:05:00,8.44945,8.4501,8.4501,8.44945,8.46549,8.4648,8.46548,8.4648,2
2014-11-02 21:05:00,2014-11-02 21:09:00,8.4521,8.44873,8.44873,8.44873,8.4628,8.46621,8.46621,8.46621,1
2014-11-02 21:09:00,2014-11-02 21:10:00,8.44873,8.44873,8.44874,8.44873,8.46621,8.46621,8.46622,8.46621,2
2014-11-02 21:10:00,2014-11-02 21:17:00,8.44873,8.44873,8.44873,8.44869,8.46621,8.46621,8.46621,8.46617,2
2014-11-02 21:17:00,2014-11-02 21:18:00,8.44873,8.44946,8.44946,8.44946,8.46621,8.46547,8.46547,8.46547,1
2014-11-02 21:18:00,2014-11-02 21:21:00,8.44946,8.4501,8.4501,8.4501,8.46547,8.4648,8.4648,8.4648,1
2014-11-02 21:21:00,2014-11-02 21:22:00,8.4501,8.4521,8.4521,8.4521,8.4648,8.4628,8.4628,8.4628,1
2014-11-02 21:22:00,2014-11-02 21:25:00,8.4521,8.44946,8.44946,8.44946,8.4628,8.46548,8.46548,8.46548,1
2014-11-02 21:25:00,2014-11-02 21:26:00,8.44946,8.44946,8.44947,8.44946,8.46548,8.46547,8.46548,8.46547,2
2014-11-02 21:26:00,2014-11-02 21:27:00,8.44946,8.44946,8.44946,8.44946,8.46547,8.46548,8.46548,8.46548,1
2014-11-02 21:27:00,2014-11-02 21:31:00,8.44946,8.44946,8.44946,8.44946,8.46548,8.46547,8.46547,8.46547,1
2014-11-02 21:31:00,2014-11-02 21:37:00,8.44946,8.44946,8.44947,8.44946,8.46547,8.46548,8.46548,8.46548,2
2014-11-02 21:37:00,2014-11-02 21:38:00,8.44946,8.44951,8.44951,8.44951,8.46548,8.46553,8.46553,8.46553,1
2014-11-02 21:38:00,2014-11-02 21:39:00,8.44951,8.44951,8.44951,8.44951,8.46553,8.46553,8.46553,8.46552,2
2014-11-02 21:39:00,2014-11-02 21:40:00,8.44951,8.4521,8.4521,8.44951,8.46553,8.46552,8.46552,8.46552,2
2014-11-02 21:40:00,2014-11-02 21:48:00,8.4521,8.4526,8.4526,8.4526,8.46552,8.4674,8.47056,8.4674,6
2014-11-02 21:48:00,2014-11-02 21:49:00,8.4526,8.4526,8.4526,8.4526,8.4674,8.4673,8.4673,8.4673,1
2014-11-02 21:49:00,2014-11-02 21:50:00,8.4526,8.45632,8.45632,8.45632,8.4673,8.4673,8.4673,8.4673,1
2014-11-02 21:50:00,2014-11-02 21:51:00,8.45632,8.45287,8.45287,8.45287,8.4673,8.4671,8.4671,8.4671,1
2014-11-02 21:51:00,2014-11-02 21:53:00,8.45287,8.45462,8.45462,8.45462,8.4671,8.46885,8.46885,8.46885,1
2014-11-02 21:53:00,2014-11-02 21:54:00,8.45462,8.45642,8.45642,8.45462,8.46885,8.4673,8.4673,8.4673,2
2014-11-02 21:54:00,2014-11-02 21:55:00,8.45642,8.4531,8.45642,8.4531,8.4673,8.4598,8.46256,8.4598,8
2014-11-02 21:55:00,2014-11-02 21:58:00,8.4531,8.4531,8.4531,8.4531,8.4598,8.4623,8.4623,8.4623,1
2014-11-02 21:58:00,2014-11-02 22:03:00,8.4531,8.45155,8.45155,8.45155,8.4623,8.46035,8.46035,8.46035,1
2014-11-02 22:03:00,2014-11-02 22:04:00,8.45155,8.45155,8.45155,8.45155,8.46035,8.46035,8.4623,8.46035,2
2014-11-02 22:04:00,2014-11-02 22:05:00,8.45155,8.45287,8.45287,8.4511,8.46035,8.46167,8.4618,8.46167,6
2014-11-02 22:05:00,2014-11-02 22:07:00,8.45287,8.4511,8.4511,8.4511,8.46167,8.4618,8.4618,8.4618,1
2014-11-02 22:07:00,2014-11-02 22:08:00,8.4511,8.45034,8.4506,8.45034,8.4618,8.46274,8.46274,8.4623,3
2014-11-02 22:08:00,2014-11-02 22:09:00,8.45034,8.4506,8.45158,8.4506,8.46274,8.4623,8.4623,8.46158,2
2014-11-02 22:09:00,2014-11-02 22:10:00,8.4506,8.45158,8.45158,8.45158,8.4623,8.46158,8.4623,8.46158,2
2014-11-02 22:10:00,2014-11-02 22:11:00,8.45158,8.453,8.453,8.453,8.46158,8.4623,8.4623,8.4623,1
2014-11-02 22:11:00,2014-11-02 22:12:00,8.453,8.453,8.453,8.453,8.4623,8.4595,8.463,8.4595,4
2014-11-02 22:12:00,2014-11-02 22:13:00,8.453,8.4514,8.4514,8.4514,8.4595,8.4595,8.4595,8.4595,1
2014-11-02 22:13:00,2014-11-02 22:15:00,8.4514,8.4514,8.4514,8.45135,8.4595,8.4595,8.4598,8.4595,2
2014-11-02 22:15:00,2014-11-02 22:17:00,8.4514,8.4526,8.4526,8.4526,8.4595,8.4595,8.4595,8.4595,1
2014-11-02 22:17:00,2014-11-02 22:19:00,8.4526,8.4514,8.4514,8.4514,8.4595,8.4595,8.4595,8.4595,1
2014-11-02 22:19:00,2014-11-02 22:22:00,8.4514,8.4514,8.4514,8.4514,8.4595,8.4614,8.4614,8.4614,1
2014-11-02 22:22:00,2014-11-02 22:23:00,8.4514,8.45018,8.45018,8.45018,8.4614,8.46018,8.46018,8.46018,1
2014-11-02 22:23:00,2014-11-02 22:25:00,8.45018,8.45253,8.45253,8.45253,8.46018,8.4595,8.46159,8.4595,2
2014-11-02 22:25:00,2014-11-02 22:27:00,8.45253,8.4514,8.4514,8.4514,8.4595,8.4595,8.4595,8.4595,1
2014-11-02 22:27:00,2014-11-02 22:30:00,8.4514,8.45133,8.45133,8.45133,8.4595,8.4606,8.46253,8.4601,7
2014-11-02 22:30:00,2014-11-02 22:31:00,8.45133,8.45243,8.45243,8.45243,8.4606,8.4595,8.4606,8.4595,2
2014-11-02 22:31:00,2014-11-02 22:33:00,8.45243,8.4514,8.4514,8.4514,8.4595,8.4595,8.4595,8.4595,1
2014-11-02 22:33:00,2014-11-02 22:35:00,8.4514,8.45244,8.45244,8.45244,8.4595,8.4595,8.4595,8.4595,1
2014-11-02 22:35:00,2014-11-02 22:37:00,8.45244,8.4514,8.4514,8.4514,8.4595,8.4595,8.4595,8.4595,1
2014-11-02 22:37:00,2014-11-02 22:40:00,8.4514,8.45108,8.45108,8.45106,8.4595,8.46056,8.46056,8.46054,2
2014-11-02 22:40:00,2014-11-02 22:41:00,8.45108,8.45224,8.4548,8.4517,8.46056,8.4596,8.4599,8.4586,19
2014-11-02 22:41:00,2014-11-02 22:43:00,8.45224,8.4516,8.4516,8.4516,8.4596,8.4596,8.4596,8.4596,1
2014-11-02 22:43:00,2014-11-02 22:46:00,8.4516,8.45106,8.45106,8.45103,8.4596,8.45983,8.45983,8.45983,3
2014-11-02 22:46:00,2014-11-02 22:47:00,8.45106,8.45137,8.45137,8.45137,8.45983,8.46058,8.46058,8.45983,5
2014-11-02 22:47:00,2014-11-02 22:48:00,8.45137,8.45137,8.45137,8.45137,8.46058,8.46055,8.46058,8.46053,3
2014-11-02 22:48:00,2014-11-02 22:49:00,8.45137,8.45259,8.45259,8.45259,8.46055,8.46057,8.4606,8.46055,4
2014-11-02 22:49:00,2014-11-02 22:50:00,8.45259,8.45259,8.45259,8.45259,8.46057,8.46058,8.46058,8.46056,2
2014-11-02 22:50:00,2014-11-02 22:51:00,8.45259,8.45246,8.45246,8.45246,8.46058,8.46057,8.46058,8.46057,2
2014-11-02 22:51:00,2014-11-02 22:52:00,8.45246,8.45246,8.45246,8.45246,8.46057,8.46058,8.46058,8.46057,3
2014-11-02 22:52:00,2014-11-02 22:53:00,8.45246,8.45107,8.45246,8.45107,8.46058,8.46006,8.46006,8.46006,3
2014-11-02 22:53:00,2014-11-02 22:54:00,8.45107,8.45106,8.45106,8.45104,8.46006,8.46006,8.46006,8.46006,3
2014-11-02 22:54:00,2014-11-02 22:55:00,8.45106,8.45101,8.45109,8.45101,8.46006,8.46049,8.46057,8.46006,6
2014-11-02 22:55:00,2014-11-02 22:56:00,8.45101,8.45097,8.45102,8.45097,8.46049,8.46038,8.4605,8.46038,5
2014-11-02 22:56:00,2014-11-02 22:57:00,8.45097,8.45216,8.45216,8.45216,8.46038,8.45976,8.45976,8.45976,1
2014-11-02 22:57:00,2014-11-02 22:59:00,8.45216,8.4512,8.4512,8.4512,8.45976,8.46,8.46,8.46,1
2014-11-02 22:59:00,2014-11-02 23:02:00,8.4512,8.45095,8.45095,8.45095,8.46,8.4599,8.46088,8.4598,5
2014-11-02 23:02:00,2014-11-02 23:03:00,8.45095,8.45095,8.45095,8.45095,8.4599,8.4598,8.4598,8.4598,1
2014-11-02 23:03:00,2014-11-02 23:04:00,8.45095,8.45143,8.45147,8.45143,8.4598,8.45976,8.4598,8.45976,5
2014-11-02 23:04:00,2014-11-02 23:05:00,8.45143,8.45134,8.45143,8.45131,8.45976,8.4592,8.4597,8.4592,6
2014-11-02 23:05:00,2014-11-02 23:06:00,8.45134,8.4514,8.4514,8.45138,8.4592,8.4592,8.4592,8.4592,2
2014-11-02 23:06:00,2014-11-02 23:07:00,8.4514,8.45184,8.45184,8.45184,8.4592,8.4592,8.4592,8.4592,1
2014-11-02 23:07:00,2014-11-02 23:08:00,8.45184,8.45184,8.45184,8.45184,8.4592,8.45928,8.45929,8.45928,3
2014-11-02 23:08:00,2014-11-02 23:09:00,8.45184,8.45184,8.45184,8.45184,8.45928,8.45944,8.45944,8.45929,2
2014-11-02 23:09:00,2014-11-02 23:11:00,8.45184,8.45158,8.45159,8.45158,8.45944,8.45948,8.45949,8.45948,7
2014-11-02 23:11:00,2014-11-02 23:12:00,8.45158,8.45175,8.45175,8.45174,8.45948,8.45965,8.45965,8.45948,4
2014-11-02 23:12:00,2014-11-02 23:13:00,8.45175,8.4552,8.4552,8.4552,8.45965,8.4597,8.4597,8.45965,2
2014-11-02 23:13:00,2014-11-02 23:15:00,8.4552,8.4552,8.4552,8.4552,8.4597,8.4582,8.4582,8.4582,1
2014-11-02 23:15:00,2014-11-02 23:16:00,8.4552,8.4527,8.4527,8.4526,8.4582,8.4582,8.4582,8.4582,2
2014-11-02 23:16:00,2014-11-02 23:17:00,8.4527,8.45272,8.45272,8.45257,8.4582,8.4583,8.4583,8.4582,4
2014-11-02 23:17:00,2014-11-02 23:18:00,8.45272,8.45259,8.45272,8.45259,8.4583,8.4583,8.4583,8.4583,3
2014-11-02 23:18:00,2014-11-02 23:19:00,8.45259,8.45269,8.4527,8.45262,8.4583,8.4583,8.4583,8.4583,3
2014-11-02 23:19:00,2014-11-02 23:20:00,8.45269,8.45259,8.45259,8.45258,8.4583,8.46049,8.46049,8.4583,3
2014-11-02 23:20:00,2014-11-02 23:21:00,8.45259,8.45261,8.45261,8.45258,8.46049,8.46051,8.46051,8.46048,4
2014-11-02 23:21:00,2014-11-02 23:22:00,8.45261,8.45246,8.45261,8.45245,8.46051,8.46036,8.46036,8.46035,4
2014-11-02 23:22:00,2014-11-02 23:23:00,8.45246,8.45245,8.45247,8.45245,8.46036,8.46035,8.46037,8.46035,4
2014-11-02 23:23:00,2014-11-02 23:24:00,8.45245,8.45212,8.45259,8.45212,8.46035,8.46002,8.46049,8.46002,6
2014-11-02 23:24:00,2014-11-02 23:25:00,8.45212,8.45207,8.45241,8.45169,8.46002,8.45982,8.45982,8.45959,7
2014-11-02 23:25:00,2014-11-02 23:26:00,8.45207,8.45194,8.45241,8.45194,8.45982,8.45982,8.45982,8.45982,4
2014-11-02 23:26:00,2014-11-02 23:27:00,8.45194,8.45224,8.45233,8.45192,8.45982,8.46014,8.46023,8.45982,14
2014-11-02 23:27:00,2014-11-02 23:28:00,8.45224,8.45207,8.45245,8.45198,8.46014,8.45997,8.46035,8.45988,16
2014-11-02 23:28:00,2014-11-02 23:29:00,8.45207,8.45244,8.45245,8.45224,8.45997,8.45984,8.46035,8.45984,6
2014-11-02 23:29:00,2014-11-02 23:30:00,8.45244,8.45224,8.45246,8.45224,8.45984,8.45984,8.45984,8.45984,3
2014-11-02 23:30:00,2014-11-02 23:31:00,8.45224,8.45224,8.45235,8.45215,8.45984,8.46014,8.46025,8.46005,7
2014-11-02 23:31:00,2014-11-02 23:32:00,8.45224,8.45215,8.45264,8.45205,8.46014,8.46005,8.46054,8.45995,20
2014-11-02 23:32:00,2014-11-02 23:33:00,8.45215,8.45246,8.45246,8.45193,8.46005,8.46036,8.46036,8.45983,9
2014-11-02 23:33:00,2014-11-02 23:34:00,8.45246,8.45197,8.45246,8.45196,8.46036,8.45987,8.46029,8.45982,18
2014-11-02 23:34:00,2014-11-02 23:35:00,8.45197,8.4552,8.4552,8.45201,8.45987,8.4584,8.46026,8.4584,12
2014-11-02 23:35:00,2014-11-02 23:38:00,8.4552,8.4518,8.4552,8.4518,8.4584,8.4597,8.46008,8.4596,5
2014-11-02 23:38:00,2014-11-02 23:39:00,8.4518,8.4524,8.4524,8.45192,8.4597,8.4603,8.4603,8.4597,8
2014-11-02 23:39:00,2014-11-02 23:40:00,8.4524,8.45266,8.45339,8.45193,8.4603,8.45921,8.46021,8.4584,161
2014-11-02 23:40:00,2014-11-02 23:41:00,8.45266,8.45197,8.45305,8.45197,8.45921,8.45969,8.46029,8.45888,83
2014-11-02 23:41:00,2014-11-02 23:42:00,8.45197,8.45197,8.45219,8.45197,8.45969,8.45964,8.46009,8.45964,21
2014-11-02 23:42:00,2014-11-02 23:43:00,8.45197,8.45217,8.45217,8.45173,8.45964,8.45961,8.46002,8.45961,7
2014-11-02 23:43:00,2014-11-02 23:44:00,8.45217,8.45239,8.45239,8.45194,8.45961,8.45961,8.45961,8.45961,3
2014-11-02 23:44:00,2014-11-02 23:45:00,8.45239,8.45254,8.45259,8.45231,8.45961,8.46044,8.46049,8.45961,6
2014-11-02 23:45:00,2014-11-02 23:46:00,8.45254,8.4554,8.4554,8.4525,8.46044,8.4585,8.46051,8.4585,8
2014-11-02 23:46:00,2014-11-02 23:49:00,8.4554,8.45262,8.45262,8.45262,8.4585,8.4596,8.4596,8.4585,2
2014-11-02 23:49:00,2014-11-02 23:50:00,8.45262,8.45267,8.45267,8.45264,8.4596,8.4596,8.4596,8.4596,2
2014-11-02 23:50:00,2014-11-02 23:52:00,8.45267,8.45258,8.45262,8.45256,8.4596,8.45995,8.45995,8.4596,3
2014-11-02 23:52:00,2014-11-02 23:53:00,8.45258,8.45253,8.45261,8.45253,8.45995,8.46043,8.46051,8.46043,3
2014-11-02 23:53:00,2014-11-02 23:54:00,8.45253,8.45255,8.45269,8.45255,8.46043,8.46045,8.46059,8.46045,3
2014-11-02 23:54:00,2014-11-02 23:55:00,8.45255,8.45252,8.45257,8.45252,8.46045,8.46042,8.46047,8.46042,2
2014-11-02 23:55:00,2014-11-02 23:56:00,8.45252,8.45353,8.4537,8.45264,8.46042,8.45933,8.46054,8.45921,5
2014-11-02 23:56:00,2014-11-02 23:57:00,8.45353,8.45338,8.45362,8.45338,8.45933,8.45928,8.45936,8.45892,23
2014-11-02 23:57:00,2014-11-02 23:58:00,8.45338,8.45374,8.45376,8.45339,8.45928,8.45917,8.45931,8.45893,15
2014-11-02 23:58:00,2014-11-02 23:59:00,8.45374,8.45358,8.45366,8.45335,8.45917,8.45945,8.45945,8.45909,8
2014-11-02 23:59:00,2014-11-03 00:00:00,8.45358,8.4539,8.45448,8.4536,8.45945,8.4596,8.4596,8.45917,13
2014-11-03 00:00:00,2014-11-03 00:01:00,8.4539,8.45448,8.45448,8.45448,8.4596,8.4596,8.4596,8.4596,1
2014-11-03 00:01:00,2014-11-03 00:02:00,8.45448,8.45448,8.45448,8.4539,8.4596,8.45921,8.45927,8.45921,4
2014-11-03 00:02:00,2014-11-03 00:03:00,8.45448,8.4539,8.45448,8.4539,8.45921,8.45923,8.45929,8.45923,8
2014-11-03 00:03:00,2014-11-03 00:04:00,8.4539,8.45448,8.45448,8.4539,8.45923,8.4592,8.4592,8.45913,7
2014-11-03 00:04:00,2014-11-03 00:05:00,8.45448,8.4539,8.45448,8.4539,8.4592,8.45906,8.45922,8.45906,13
2014-11-03 00:05:00,2014-11-03 00:06:00,8.4539,8.45448,8.45448,8.4539,8.45906,8.45929,8.45929,8.45898,9
2014-11-03 00:06:00,2014-11-03 00:07:00,8.45448,8.45448,8.45448,8.4539,8.45929,8.45923,8.45937,8.45918,8
2014-11-03 00:07:00,2014-11-03 00:08:00,8.45448,8.4554,8.4561,8.45448,8.45923,8.45924,8.4617,8.45921,26
2014-11-03 00:08:00,2014-11-03 00:09:00,8.4554,8.4554,8.4554,8.4554,8.45924,8.45858,8.45927,8.45758,12
2014-11-03 00:09:00,2014-11-03 00:10:00,8.4554,8.4554,8.4554,8.4554,8.45858,8.45937,8.45939,8.45887,13
2014-11-03 00:10:00,2014-11-03 00:11:00,8.4554,8.45421,8.4554,8.45421,8.45937,8.45961,8.45961,8.45924,10
2014-11-03 00:11:00,2014-11-03 00:12:00,8.45421,8.45404,8.45421,8.45404,8.45961,8.45944,8.45947,8.45944,4
2014-11-03 00:12:00,2014-11-03 00:13:00,8.45404,8.45406,8.45409,8.45406,8.45944,8.45946,8.45949,8.45944,6
2014-11-03 00:13:00,2014-11-03 00:14:00,8.45406,8.45407,8.45407,8.45407,8.45946,8.45947,8.45947,8.45946,2
2014-11-03 00:14:00,2014-11-03 00:15:00,8.45407,8.45406,8.45407,8.45406,8.45947,8.45946,8.45946,8.45946,2
2014-11-03 00:15:00,2014-11-03 00:16:00,8.45406,8.45406,8.45406,8.45405,8.45946,8.45946,8.45946,8.45945,4
2014-11-03 00:16:00,2014-11-03 00:17:00,8.45406,8.45404,8.45406,8.45404,8.45946,8.45944,8.45945,8.45944,4
2014-11-03 00:17:00,2014-11-03 00:19:00,8.45404,8.45399,8.45404,8.45399,8.45944,8.45939,8.45943,8.45939,4
2014-11-03 00:19:00,2014-11-03 00:20:00,8.45399,8.45409,8.45409,8.45402,8.45939,8.45949,8.45949,8.45939,6
2014-11-03 00:20:00,2014-11-03 00:21:00,8.45409,8.45405,8.45409,8.45399,8.45949,8.45945,8.45945,8.45939,6
2014-11-03 00:21:00,2014-11-03 00:22:00,8.45405,8.454,8.45405,8.454,8.45945,8.4594,8.45944,8.4594,4
2014-11-03 00:22:00,2014-11-03 00:23:00,8.454,8.45405,8.45405,8.45404,8.4594,8.45945,8.45945,8.4594,4
2014-11-03 00:23:00,2014-11-03 00:24:00,8.45405,8.45409,8.45409,8.45404,8.45945,8.45949,8.45949,8.45944,4
2014-11-03 00:24:00,2014-11-03 00:25:00,8.45409,8.45401,8.45409,8.454,8.45949,8.45941,8.45945,8.4594,6
2014-11-03 00:25:00,2014-11-03 00:27:00,8.45401,8.454,8.45401,8.45397,8.45941,8.4594,8.4594,8.45937,6
2014-11-03 00:27:00,2014-11-03 00:28:00,8.454,8.45404,8.45404,8.45401,8.4594,8.45944,8.45944,8.4594,4
2014-11-03 00:28:00,2014-11-03 00:29:00,8.45404,8.45405,8.45405,8.45402,8.45944,8.45945,8.45945,8.45942,4
2014-11-03 00:29:00,2014-11-03 00:30:00,8.45405,8.4568,8.4568,8.4515,8.45945,8.4593,8.46052,8.4593,14
2014-11-03 00:30:00,2014-11-03 00:33:00,8.4568,8.45479,8.45479,8.45479,8.4593,8.46019,8.46019,8.46019,1
2014-11-03 00:33:00,2014-11-03 00:34:00,8.45479,8.45474,8.45479,8.45473,8.46019,8.46014,8.46014,8.46013,3
2014-11-03 00:34:00,2014-11-03 00:35:00,8.45474,8.45474,8.45479,8.45474,8.46014,8.46014,8.46019,8.46014,4
2014-11-03 00:35:00,2014-11-03 00:36:00,8.45474,8.45474,8.45475,8.45474,8.46014,8.46014,8.46015,8.46014,3
2014-11-03 00:36:00,2014-11-03 00:37:00,8.45474,8.45475,8.45479,8.45475,8.46014,8.46015,8.46019,8.46015,4
2014-11-03 00:37:00,2014-11-03 00:38:00,8.45475,8.45476,8.45479,8.45476,8.46015,8.46016,8.46019,8.46015,4
2014-11-03 00:38:00,2014-11-03 00:39:00,8.45476,8.45475,8.45476,8.4547,8.46016,8.46015,8.46015,8.4601,4
2014-11-03 00:39:00,2014-11-03 00:40:00,8.45475,8.45474,8.45482,8.45445,8.46015,8.46014,8.46022,8.45985,14
2014-11-03 00:40:00,2014-11-03 00:41:00,8.45474,8.45418,8.4551,8.45418,8.46014,8.46112,8.46112,8.45982,19
2014-11-03 00:41:00,2014-11-03 00:42:00,8.45418,8.45418,8.45418,8.45418,8.46112,8.46027,8.46027,8.45996,2
2014-11-03 00:42:00,2014-11-03 00:43:00,8.45418,8.4521,8.4551,8.45168,8.46027,8.4593,8.46027,8.459,23
2014-11-03 00:43:00,2014-11-03 00:44:00,8.4521,8.45241,8.45241,8.4521,8.4593,8.4593,8.4594,8.4592,13
2014-11-03 00:44:00,2014-11-03 00:45:00,8.45241,8.45134,8.4517,8.4503,8.4593,8.45786,8.4602,8.45597,40
2014-11-03 00:45:00,2014-11-03 00:46:00,8.45134,8.45134,8.45134,8.45134,8.45786,8.45757,8.4578,8.45757,2
2014-11-03 00:46:00,2014-11-03 00:47:00,8.45134,8.45064,8.45134,8.44971,8.45757,8.4578,8.4578,8.4575,9
2014-11-03 00:47:00,2014-11-03 00:48:00,8.45064,8.45102,8.45103,8.45102,8.4578,8.4582,8.4582,8.4578,6
2014-11-03 00:48:00,2014-11-03 00:49:00,8.45102,8.45102,8.45102,8.45102,8.4582,8.45748,8.45821,8.45748,6
2014-11-03 00:49:00,2014-11-03 00:50:00,8.45102,8.45208,8.45339,8.4503,8.45748,8.4589,8.4589,8.45754,22
2014-11-03 00:50:00,2014-11-03 00:51:00,8.45208,8.45126,8.45208,8.45123,8.4589,8.4587,8.4587,8.4583,12
2014-11-03 00:51:00,2014-11-03 00:52:00,8.45126,8.45061,8.45191,8.45061,8.4587,8.45832,8.4589,8.45832,12
2014-11-03 00:52:00,2014-11-03 00:53:00,8.45061,8.45221,8.45221,8.45061,8.45832,8.45732,8.45801,8.45616,17
2014-11-03 00:53:00,2014-11-03 00:54:00,8.45221,8.4536,8.4536,8.4518,8.45732,8.4583,8.45831,8.4572,21
2014-11-03 00:54:00,2014-11-03 00:55:00,8.4536,8.45428,8.4544,8.4538,8.4583,8.4584,8.4584,8.4581,11
2014-11-03 00:55:00,2014-11-03 00:56:00,8.45428,8.45428,8.45428,8.45428,8.4584,8.4582,8.4583,8.4582,4
2014-11-03 00:56:00,2014-11-03 00:57:00,8.45428,8.45428,8.45428,8.45428,8.4582,8.4581,8.4581,8.4581,1
2014-11-03 00:57:00,2014-11-03 00:58:00,8.45428,8.45428,8.45428,8.45428,8.4581,8.4581,8.4581,8.458,2
2014-11-03 00:58:00,2014-11-03 01:00:00,8.45428,8.4562,8.4562,8.4555,8.4581,8.4589,8.4589,8.4581,9
2014-11-03 01:00:00,2014-11-03 01:01:00,8.4562,8.4562,8.4564,8.4562,8.4589,8.4589,8.4591,8.4589,7
2014-11-03 01:01:00,2014-11-03 01:02:00,8.4562,8.4554,8.4562,8.4545,8.4589,8.4586,8.4588,8.4585,17
2014-11-03 01:02:00,2014-11-03 01:03:00,8.4554,8.4561,8.4561,8.45428,8.4586,8.4588,8.4589,8.4586,14
2014-11-03 01:03:00,2014-11-03 01:04:00,8.4561,8.4557,8.456,8.4556,8.4588,8.4587,8.4588,8.4587,14
2014-11-03 01:04:00,2014-11-03 01:05:00,8.4557,8.4545,8.4557,8.4545,8.4587,8.4586,8.4587,8.4586,6
2014-11-03 01:05:00,2014-11-03 01:06:00,8.4545,8.4552,8.4552,8.4545,8.4586,8.4586,8.4586,8.4585,5
2014-11-03 01:06:00,2014-11-03 01:07:00,8.4552,8.4555,8.4555,8.4549,8.4586,8.4587,8.4587,8.4586,7
2014-11-03 01:07:00,2014-11-03 01:08:00,8.4555,8.4557,8.4557,8.4554,8.4587,8.4587,8.4587,8.4587,5
2014-11-03 01:08:00,2014-11-03 01:09:00,8.4557,8.4554,8.4559,8.4554,8.4587,8.4587,8.4588,8.4587,9
2014-11-03 01:09:00,2014-11-03 01:10:00,8.4554,8.4553,8.4556,8.4545,8.4587,8.4586,8.4587,8.4585,13
2014-11-03 01:10:00,2014-11-03 01:11:00,8.4553,8.4552,8.4552,8.4552,8.4586,8.4588,8.4588,8.4588,1
2014-11-03 01:11:00,2014-11-03 01:12:00,8.4552,8.4553,8.4554,8.4553,8.4588,8.4587,8.4587,8.4587,3
2014-11-03 01:12:00,2014-11-03 01:13:00,8.4553,8.4544,8.4553,8.45428,8.4587,8.4585,8.4586,8.4584,12
2014-11-03 01:13:00,2014-11-03 01:15:00,8.4544,8.455,8.455,8.45428,8.4585,8.4586,8.4586,8.4584,8
2014-11-03 01:15:00,2014-11-03 01:16:00,8.455,8.4545,8.4551,8.4545,8.4586,8.4585,8.4586,8.4585,6
2014-11-03 01:16:00,2014-11-03 01:17:00,8.4545,8.4544,8.4549,8.45428,8.4585,8.4585,8.4585,8.4584,10
2014-11-03 01:17:00,2014-11-03 01:19:00,8.4544,8.45428,8.4544,8.45428,8.4585,8.4584,8.4585,8.4584,10
2014-11-03 01:19:00,2014-11-03 01:20:00,8.45428,8.455,8.455,8.4543,8.4584,8.4586,8.4586,8.4584,7
2014-11-03 01:20:00,2014-11-03 01:21:00,8.455,8.4543,8.4549,8.45428,8.4586,8.4584,8.4586,8.4584,8
2014-11-03 01:21:00,2014-11-03 01:22:00,8.4543,8.4547,8.4549,8.4544,8.4584,8.4585,8.4585,8.4584,7
2014-11-03 01:22:00,2014-11-03 01:24:00,8.4547,8.45428,8.4549,8.45428,8.4585,8.4584,8.4585,8.4584,9
2014-11-03 01:24:00,2014-11-03 01:25:00,8.45428,8.4522,8.45428,8.4514,8.4584,8.455,8.4587,8.4545,16
2014-11-03 01:25:00,2014-11-03 01:26:00,8.4522,8.4518,8.455,8.4518,8.455,8.4539,8.4589,8.4539,54
2014-11-03 01:26:00,2014-11-03 01:27:00,8.4518,8.4519,8.4519,8.4519,8.4539,8.4538,8.4538,8.4537,2
2014-11-03 01:27:00,2014-11-03 01:28:00,8.4519,8.4518,8.4519,8.4518,8.4538,8.4538,8.4538,8.4537,3
2014-11-03 01:28:00,2014-11-03 01:29:00,8.4518,8.4523,8.4523,8.45163,8.4538,8.4535,8.4538,8.4534,8
2014-11-03 01:29:00,2014-11-03 01:30:00,8.4523,8.45096,8.4519,8.4493,8.4535,8.454,8.45715,8.4525,37
2014-11-03 01:30:00,2014-11-03 01:31:00,8.45096,8.4513,8.4513,8.451,8.454,8.4544,8.4545,8.454,11
2014-11-03 01:31:00,2014-11-03 01:32:00,8.4513,8.4512,8.4512,8.4512,8.4544,8.4543,8.4544,8.4543,2
2014-11-03 01:32:00,2014-11-03 01:33:00,8.4512,8.453,8.453,8.4528,8.4543,8.455,8.455,8.4543,5
2014-11-03 01:33:00,2014-11-03 01:34:00,8.453,8.45155,8.4529,8.4512,8.455,8.4543,8.4549,8.4543,7
2014-11-03 01:34:00,2014-11-03 01:35:00,8.45155,8.45155,8.45155,8.45155,8.4543,8.4543,8.4543,8.4542,2
2014-11-03 01:35:00,2014-11-03 01:36:00,8.45155,8.451,8.45155,8.451,8.4543,8.4541,8.4542,8.4541,4
2014-11-03 01:36:00,2014-11-03 01:37:00,8.451,8.45155,8.45155,8.4511,8.4541,8.454,8.4542,8.454,5
2014-11-03 01:37:00,2014-11-03 01:38:00,8.45155,8.4511,8.45155,8.451,8.454,8.4542,8.4542,8.4541,4
2014-11-03 01:38:00,2014-11-03 01:39:00,8.4511,8.45155,8.45155,8.451,8.4542,8.4541,8.4542,8.454,6
2014-11-03 01:39:00,2014-11-03 01:41:00,8.45155,8.45155,8.45155,8.451,8.4541,8.4542,8.4542,8.4541,3
2014-11-03 01:41:00,2014-11-03 01:45:00,8.45155,8.45155,8.45155,8.45155,8.4542,8.4543,8.45615,8.4541,3
2014-11-03 01:45:00,2014-11-03 01:46:00,8.45155,8.45155,8.45155,8.45155,8.4543,8.4542,8.4542,8.4542,1
2014-11-03 01:46:00,2014-11-03 01:47:00,8.45155,8.45155,8.45155,8.45155,8.4542,8.4541,8.4541,8.4541,1
2014-11-03 01:47:00,2014-11-03 01:54:00,8.45155,8.45155,8.45155,8.45155,8.45544,8.454,8.454,8.454,1
2014-11-03 01:54:00,2014-11-03 01:55:00,8.45155,8.45155,8.45155,8.4509,8.454,8.454,8.454,8.454,2
2014-11-03 01:55:00,2014-11-03 01:56:00,8.45155,8.45155,8.45155,8.45155,8.454,8.4541,8.4541,8.4541,1
2014-11-03 01:56:00,2014-11-03 01:59:00,8.45155,8.45155,8.45155,8.45155,8.4541,8.45544,8.45544,8.45544,1
2014-11-03 01:59:00,2014-11-03 02:00:00,8.45155,8.45155,8.45155,8.45015,8.45544,8.45544,8.45544,8.45544,2
2014-11-03 02:00:00,2014-11-03 02:01:00,8.45155,8.45155,8.45155,8.45155,8.45544,8.4537,8.4541,8.4537,3
2014-11-03 02:01:00,2014-11-03 02:03:00,8.45155,8.45155,8.45155,8.45155,8.4537,8.4538,8.4538,8.4538,1
2014-11-03 02:03:00,2014-11-03 02:04:00,8.45155,8.45155,8.45155,8.45155,8.4538,8.4537,8.4537,8.4537,1
2014-11-03 02:04:00,2014-11-03 02:06:00,8.45155,8.45155,8.45155,8.4506,8.4537,8.4537,8.4537,8.4537,2
2014-11-03 02:06:00,2014-11-03 02:08:00,8.45155,8.45155,8.45155,8.45155,8.45543,8.4537,8.4538,8.4537,2
2014-11-03 02:08:00,2014-11-03 02:10:00,8.45155,8.45155,8.45155,8.45155,8.4537,8.4537,8.4537,8.4536,2
2014-11-03 02:10:00,2014-11-03 02:13:00,8.45155,8.45155,8.45155,8.45155,8.4537,8.45543,8.45543,8.45543,1
2014-11-03 02:13:00,2014-11-03 02:14:00,8.45155,8.45155,8.45155,8.45155,8.45543,8.4536,8.4536,8.4536,1
2014-11-03 02:14:00,2014-11-03 02:16:00,8.45155,8.45155,8.45155,8.45155,8.4536,8.4537,8.4537,8.4536,3
2014-11-03 02:16:00,2014-11-03 02:18:00,8.45155,8.45155,8.45155,8.45155,8.4537,8.4536,8.4536,8.4535,3
2014-11-03 02:18:00,2014-11-03 02:19:00,8.45155,8.45145,8.45155,8.4508,8.4536,8.4539,8.4541,8.4532,38
2014-11-03 02:19:00,2014-11-03 02:20:00,8.45145,8.45094,8.45138,8.45063,8.4539,8.4527,8.4539,8.4526,18
2014-11-03 02:20:00,2014-11-03 02:23:00,8.45094,8.45094,8.45094,8.45094,8.4527,8.4527,8.4528,8.4527,2
2014-11-03 02:23:00,2014-11-03 02:24:00,8.45094,8.45094,8.45094,8.45094,8.4527,8.4527,8.4527,8.4526,2
2014-11-03 02:24:00,2014-11-03 02:25:00,8.45094,8.45094,8.45094,8.45094,8.4527,8.4531,8.4531,8.4528,4
2014-11-03 02:25:00,2014-11-03 02:28:00,8.45094,8.45094,8.45094,8.4507,8.4531,8.453,8.4531,8.453,5
2014-11-03 02:28:00,2014-11-03 02:32:00,8.45094,8.45094,8.45094,8.45094,8.4531,8.453,8.45416,8.453,2
2014-11-03 02:32:00,2014-11-03 02:35:00,8.45094,8.45094,8.45094,8.4507,8.4531,8.453,8.4531,8.453,3
2014-11-03 02:35:00,2014-11-03 02:36:00,8.45094,8.45094,8.45094,8.4507,8.453,8.4531,8.4531,8.4531,3
2014-11-03 02:36:00,2014-11-03 02:41:00,8.45094,8.45094,8.45094,8.45094,8.4532,8.4533,8.4533,8.4533,1
2014-11-03 02:41:00,2014-11-03 02:44:00,8.45094,8.45094,8.45094,8.45094,8.4533,8.45416,8.45416,8.45416,1
2014-11-03 02:44:00,2014-11-03 02:45:00,8.45094,8.45094,8.45094,8.45094,8.45416,8.4532,8.4532,8.4532,1
2014-11-03 02:45:00,2014-11-03 02:46:00,8.45094,8.45094,8.45094,8.45094,8.4532,8.4532,8.4532,8.4531,2
2014-11-03 02:46:00,2014-11-03 02:55:00,8.45094,8.45094,8.45094,8.45094,8.4532,8.4531,8.4531,8.453,3
2014-11-03 02:55:00,2014-11-03 02:58:00,8.45094,8.45094,8.45094,8.45094,8.4531,8.4531,8.4531,8.453,2
2014-11-03 02:58:00,2014-11-03 03:01:00,8.45094,8.45094,8.45094,8.45094,8.4531,8.4532,8.45416,8.4532,2
2014-11-03 03:01:00,2014-11-03 03:07:00,8.45094,8.45094,8.45094,8.45094,8.4531,8.4532,8.4532,8.4532,1
2014-11-03 03:07:00,2014-11-03 03:08:00,8.45094,8.45094,8.45094,8.45094,8.4532,8.4531,8.4531,8.4531,1
2014-11-03 03:08:00,2014-11-03 03:09:00,8.45094,8.45094,8.45094,8.45094,8.4531,8.4531,8.4532,8.4531,2
2014-11-03 03:09:00,2014-11-03 03:12:00,8.45094,8.45094,8.45094,8.45094,8.4531,8.45416,8.45416,8.45416,1
2014-11-03 03:12:00,2014-11-03 03:13:00,8.45094,8.45094,8.45094,8.45094,8.45416,8.453,8.453,8.453,1
2014-11-03 03:13:00,2014-11-03 03:18:00,8.45094,8.45094,8.45094,8.45094,8.4529,8.4529,8.453,8.4529,2
2014-11-03 03:18:00,2014-11-03 03:19:00,8.45094,8.45094,8.45094,8.4506,8.4529,8.453,8.453,8.4529,5
2014-11-03 03:19:00,2014-11-03 03:22:00,8.45094,8.45094,8.45094,8.45094,8.453,8.453,8.453,8.4529,2
2014-11-03 03:22:00,2014-11-03 03:25:00,8.45094,8.45094,8.45094,8.4505,8.4529,8.453,8.453,8.4529,3
2014-11-03 03:25:00,2014-11-03 03:30:00,8.45094,8.45094,8.45094,8.45094,8.453,8.4529,8.4529,8.4529,1
2014-11-03 03:30:00,2014-11-03 03:36:00,8.45094,8.45094,8.45094,8.45094,8.453,8.45416,8.45416,8.45416,1
2014-11-03 03:36:00,2014-11-03 03:39:00,8.45094,8.45094,8.45094,8.45094,8.45416,8.4529,8.4529,8.4529,1
2014-11-03 03:39:00,2014-11-03 03:41:00,8.45094,8.45094,8.45094,8.4505,8.4529,8.4529,8.4529,8.4529,2
2014-11-03 03:41:00,2014-11-03 03:42:00,8.45094,8.45094,8.45094,8.45094,8.4529,8.45416,8.45416,8.45416,1
2014-11-03 03:42:00,2014-11-03 03:44:00,8.45094,8.45094,8.45094,8.45094,8.45416,8.4527,8.4528,8.4527,2
2014-11-03 03:44:00,2014-11-03 03:45:00,8.45094,8.45094,8.45094,8.4503,8.4527,8.4529,8.4529,8.4527,3
2014-11-03 03:45:00,2014-11-03 03:48:00,8.45094,8.45094,8.45094,8.45094,8.4529,8.453,8.45408,8.453,2
2014-11-03 03:48:00,2014-11-03 03:52:00,8.45094,8.45094,8.45094,8.45094,8.453,8.453,8.4531,8.453,2
2014-11-03 03:52:00,2014-11-03 03:55:00,8.45094,8.45094,8.45094,8.45094,8.453,8.45411,8.45411,8.45411,1
2014-11-03 03:55:00,2014-11-03 03:57:00,8.45094,8.45094,8.45094,8.45094,8.45411,8.453,8.4531,8.453,2
2014-11-03 03:57:00,2014-11-03 04:00:00,8.45094,8.45094,8.45094,8.4506,8.453,8.4531,8.4531,8.453,3
2014-11-03 04:00:00,2014-11-03 04:02:00,8.45094,8.45094,8.45094,8.45094,8.4531,8.453,8.453,8.453,1
2014-11-03 04:02:00,2014-11-03 04:03:00,8.45094,8.4506,8.4506,8.4506,8.453,8.453,8.453,8.453,1
2014-11-03 04:03:00,2014-11-03 04:04:00,8.4506,8.45094,8.45094,8.45094,8.453,8.453,8.453,8.453,1
2014-11-03 04:04:00,2014-11-03 04:05:00,8.45094,8.45094,8.45094,8.45094,8.453,8.45408,8.45408,8.45408,1
2014-11-03 04:05:00,2014-11-03 04:09:00,8.45094,8.45094,8.45094,8.45094,8.45408,8.45409,8.45409,8.45407,2
2014-11-03 04:09:00,2014-11-03 04:14:00,8.45094,8.45094,8.45094,8.45094,8.45407,8.45409,8.45409,8.45409,1
2014-11-03 04:14:00,2014-11-03 04:17:00,8.45094,8.45094,8.45094,8.45094,8.45409,8.45408,8.45408,8.45408,1
2014-11-03 04:17:00,2014-11-03 04:21:00,8.45094,8.45094,8.45094,8.44923,8.45408,8.45408,8.45408,8.45408,2
2014-11-03 04:21:00,2014-11-03 04:23:00,8.45094,8.45094,8.45094,8.45094,8.45408,8.45409,8.45409,8.45409,1
2014-11-03 04:23:00,2014-11-03 04:28:00,8.45094,8.45094,8.45094,8.45094,8.45409,8.45407,8.45407,8.45407,1
2014-11-03 04:28:00,2014-11-03 04:31:00,8.45094,8.45094,8.45094,8.44922,8.45407,8.45407,8.45407,8.45407,2
2014-11-03 04:31:00,2014-11-03 04:33:00,8.45094,8.45094,8.45094,8.45094,8.45407,8.453,8.453,8.4529,2
2014-11-03 04:33:00,2014-11-03 04:34:00,8.45094,8.45094,8.45094,8.4506,8.453,8.453,8.453,8.453,2
2014-11-03 04:34:00,2014-11-03 04:40:00,8.45094,8.45094,8.45094,8.4506,8.453,8.45407,8.45407,8.453,3
2014-11-03 04:40:00,2014-11-03 04:42:00,8.45094,8.45094,8.45094,8.45094,8.45407,8.4529,8.4529,8.4529,1
2014-11-03 04:42:00,2014-11-03 04:45:00,8.45094,8.45094,8.45094,8.45094,8.4529,8.4529,8.4529,8.4528,2
2014-11-03 04:45:00,2014-11-03 04:48:00,8.45094,8.45094,8.45094,8.45094,8.453,8.4529,8.453,8.4529,3
2014-11-03 04:48:00,2014-11-03 04:49:00,8.45094,8.45094,8.45094,8.45094,8.4529,8.453,8.453,8.453,1
2014-11-03 04:49:00,2014-11-03 04:51:00,8.45094,8.45094,8.45094,8.45094,8.453,8.4531,8.4531,8.4531,1
2014-11-03 04:51:00,2014-11-03 04:54:00,8.45094,8.45094,8.45094,8.4507,8.4531,8.45409,8.45409,8.4531,3
2014-11-03 04:54:00,2014-11-03 04:55:00,8.45094,8.45094,8.45094,8.44924,8.45409,8.453,8.45409,8.453,3
2014-11-03 04:55:00,2014-11-03 04:58:00,8.45094,8.45094,8.45094,8.4506,8.453,8.45409,8.45409,8.453,3
2014-11-03 04:58:00,2014-11-03 05:00:00,8.45094,8.45094,8.45094,8.45094,8.45409,8.4532,8.4532,8.4531,2
2014-11-03 05:00:00,2014-11-03 05:01:00,8.45094,8.45094,8.45094,8.45094,8.4532,8.4525,8.45409,8.4522,7
2014-11-03 05:01:00,2014-11-03 05:02:00,8.45094,8.45069,8.45094,8.45069,8.4525,8.4527,8.4527,8.4515,12
2014-11-03 05:02:00,2014-11-03 05:03:00,8.45069,8.45069,8.45069,8.45069,8.4527,8.4527,8.4528,8.4511,10
2014-11-03 05:03:00,2014-11-03 05:04:00,8.45069,8.4493,8.45069,8.4493,8.4527,8.4509,8.4526,8.4509,7
2014-11-03 05:04:00,2014-11-03 05:05:00,8.4493,8.45059,8.45059,8.4494,8.4509,8.451,8.4511,8.451,4
2014-11-03 05:05:00,2014-11-03 05:06:00,8.45059,8.45059,8.45059,8.45059,8.451,8.4526,8.4526,8.4523,2
2014-11-03 05:06:00,2014-11-03 05:07:00,8.45059,8.45059,8.45059,8.45059,8.4526,8.4526,8.4527,8.4526,2
2014-11-03 05:07:00,2014-11-03 05:10:00,8.45059,8.45059,8.45059,8.45059,8.4526,8.4525,8.4525,8.4525,1
2014-11-03 05:10:00,2014-11-03 05:11:00,8.45059,8.4506,8.4506,8.45012,8.4525,8.4537,8.4538,8.4534,7
2014-11-03 05:11:00,2014-11-03 05:12:00,8.4506,8.4508,8.4508,8.4507,8.4537,8.4539,8.4539,8.4537,3
2014-11-03 05:12:00,2014-11-03 05:13:00,8.4508,8.4507,8.4508,8.4507,8.4539,8.4538,8.4538,8.4538,2
2014-11-03 05:13:00,2014-11-03 05:14:00,8.4507,8.4507,8.4508,8.4507,8.4538,8.4538,8.4539,8.4538,4
2014-11-03 05:14:00,2014-11-03 05:15:00,8.4507,8.4508,8.4509,8.4508,8.4538,8.4539,8.454,8.4538,7
2014-11-03 05:15:00,2014-11-03 05:16:00,8.4508,8.4509,8.4509,8.4509,8.4539,8.454,8.454,8.4539,2
2014-11-03 05:16:00,2014-11-03 05:19:00,8.4509,8.45059,8.45059,8.45059,8.454,8.45498,8.45498,8.45498,1
2014-11-03 05:19:00,2014-11-03 05:20:00,8.45059,8.4509,8.451,8.45059,8.45498,8.454,8.45497,8.454,4
2014-11-03 05:20:00,2014-11-03 05:21:00,8.4509,8.4507,8.4509,8.4507,8.454,8.4538,8.4539,8.4538,7
2014-11-03 05:21:00,2014-11-03 05:24:00,8.4507,8.45059,8.45059,8.45059,8.4538,8.4549,8.4549,8.4549,1
2014-11-03 05:24:00,2014-11-03 05:25:00,8.45059,8.4507,8.4508,8.4507,8.4549,8.4538,8.4539,8.4538,4
2014-11-03 05:25:00,2014-11-03 05:26:00,8.4507,8.4508,8.4508,8.4507,8.4538,8.4539,8.4539,8.4539,2
2014-11-03 05:26:00,2014-11-03 05:29:00,8.4508,8.4509,8.4509,8.4508,8.4539,8.454,8.454,8.454,2
2014-11-03 05:29:00,2014-11-03 05:31:00,8.4509,8.451,8.451,8.451,8.454,8.4541,8.4541,8.454,2
2014-11-03 05:31:00,2014-11-03 05:32:00,8.451,8.451,8.4511,8.451,8.4541,8.4541,8.4542,8.4541,4
2014-11-03 05:32:00,2014-11-03 05:35:00,8.451,8.4511,8.4511,8.45059,8.4541,8.4542,8.45495,8.4542,2
2014-11-03 05:35:00,2014-11-03 05:37:00,8.4511,8.4511,8.4511,8.4511,8.4542,8.4528,8.4528,8.4528,1
2014-11-03 05:37:00,2014-11-03 05:41:00,8.4511,8.4511,8.4511,8.451,8.4528,8.4528,8.4528,8.4527,3
2014-11-03 05:41:00,2014-11-03 05:43:00,8.4511,8.451,8.4511,8.4509,8.4528,8.4527,8.4527,8.4527,3
2014-11-03 05:43:00,2014-11-03 05:45:00,8.451,8.451,8.451,8.4509,8.4527,8.4527,8.4527,8.4526,3
2014-11-03 05:45:00,2014-11-03 05:46:00,8.451,8.451,8.4511,8.451,8.4527,8.4527,8.4528,8.4527,3
2014-11-03 05:46:00,2014-11-03 05:49:00,8.451,8.451,8.451,8.45059,8.4527,8.4527,8.45494,8.4526,3
2014-11-03 05:49:00,2014-11-03 05:50:00,8.451,8.4509,8.451,8.4509,8.4527,8.4526,8.4526,8.4526,2
2014-11-03 05:50:00,2014-11-03 05:52:00,8.4509,8.4509,8.451,8.4509,8.4526,8.4526,8.4527,8.4526,3
2014-11-03 05:52:00,2014-11-03 05:53:00,8.4509,8.451,8.451,8.451,8.4526,8.4527,8.4527,8.4527,1
2014-11-03 05:53:00,2014-11-03 05:54:00,8.451,8.4509,8.451,8.4508,8.4527,8.4526,8.4526,8.4526,3
2014-11-03 05:54:00,2014-11-03 05:55:00,8.4509,8.44836,8.4509,8.44818,8.4526,8.45376,8.4544,8.4525,16
2014-11-03 05:55:00,2014-11-03 05:56:00,8.44836,8.44853,8.45001,8.44826,8.45376,8.45393,8.4544,8.45366,17
2014-11-03 05:56:00,2014-11-03 05:57:00,8.44853,8.4523,8.4525,8.44879,8.45393,8.4548,8.455,8.45393,26
2014-11-03 05:57:00,2014-11-03 05:58:00,8.4523,8.4523,8.4524,8.4523,8.4548,8.4548,8.4549,8.4548,3
2014-11-03 05:58:00,2014-11-03 06:00:00,8.4523,8.4524,8.4524,8.4524,8.4548,8.4549,8.4549,8.4548,2
2014-11-03 06:00:00,2014-11-03 06:01:00,8.4524,8.4523,8.4524,8.4523,8.4549,8.4548,8.4549,8.4548,4
2014-11-03 06:01:00,2014-11-03 06:02:00,8.4523,8.4522,8.4522,8.4522,8.4548,8.4547,8.4547,8.4547,1
2014-11-03 06:02:00,2014-11-03 06:03:00,8.4522,8.4521,8.4521,8.4521,8.4547,8.4546,8.4546,8.4546,1
2014-11-03 06:03:00,2014-11-03 06:04:00,8.4521,8.4522,8.4522,8.4521,8.4546,8.4547,8.4547,8.4546,5
2014-11-03 06:04:00,2014-11-03 06:06:00,8.4522,8.4506,8.4521,8.4506,8.4547,8.4545,8.4546,8.4545,4
2014-11-03 06:06:00,2014-11-03 06:07:00,8.4506,8.45047,8.45067,8.45015,8.4545,8.4544,8.4545,8.4544,62
2014-11-03 06:07:00,2014-11-03 06:08:00,8.45047,8.45059,8.4507,8.45,8.4544,8.4544,8.4544,8.4544,110
2014-11-03 06:08:00,2014-11-03 06:09:00,8.45059,8.45055,8.45074,8.4501,8.4544,8.4543,8.4545,8.4543,88
2014-11-03 06:09:00,2014-11-03 06:10:00,8.45055,8.45054,8.45068,8.45002,8.4543,8.4544,8.4544,8.4544,108
2014-11-03 06:10:00,2014-11-03 06:11:00,8.45054,8.45052,8.45071,8.45006,8.4544,8.4544,8.4544,8.4543,81
2014-11-03 06:11:00,2014-11-03 06:12:00,8.45052,8.4503,8.4507,8.45007,8.4544,8.4544,8.4544,8.4544,88
2014-11-03 06:12:00,2014-11-03 06:13:00,8.4503,8.45031,8.45067,8.45023,8.4544,8.4542,8.4545,8.4542,68
2014-11-03 06:13:00,2014-11-03 06:14:00,8.45031,8.45057,8.45057,8.45029,8.4542,8.4544,8.4544,8.4542,4
2014-11-03 06:14:00,2014-11-03 06:15:00,8.45057,8.45043,8.45071,8.45026,8.4544,8.4544,8.4545,8.4543,87
2014-11-03 06:15:00,2014-11-03 06:16:00,8.45043,8.45051,8.45055,8.45051,8.4544,8.4544,8.4545,8.4544,5
2014-11-03 06:16:00,2014-11-03 06:17:00,8.45051,8.45053,8.45053,8.45052,8.4544,8.4544,8.4544,8.4544,2
2014-11-03 06:17:00,2014-11-03 06:18:00,8.45053,8.4505,8.45051,8.4505,8.4544,8.4544,8.4544,8.4544,3
2014-11-03 06:18:00,2014-11-03 06:19:00,8.4505,8.45054,8.45054,8.4497,8.4544,8.4545,8.45499,8.4544,6
2014-11-03 06:19:00,2014-11-03 06:20:00,8.45054,8.45056,8.45056,8.4505,8.4545,8.4545,8.4545,8.4544,4
2014-11-03 06:20:00,2014-11-03 06:21:00,8.45056,8.45049,8.45054,8.45049,8.4545,8.4544,8.4545,8.4544,3
2014-11-03 06:21:00,2014-11-03 06:22:00,8.45049,8.45054,8.45054,8.4505,8.4544,8.4545,8.4545,8.4544,3
2014-11-03 06:22:00,2014-11-03 06:23:00,8.45054,8.45055,8.45055,8.45055,8.4545,8.4545,8.4545,8.4545,1
2014-11-03 06:23:00,2014-11-03 06:25:00,8.45055,8.45055,8.45055,8.45054,8.4545,8.4546,8.4546,8.4546,3
2014-11-03 06:25:00,2014-11-03 06:26:00,8.45055,8.45052,8.45055,8.45052,8.4546,8.4545,8.4545,8.4545,2
2014-11-03 06:26:00,2014-11-03 06:27:00,8.45052,8.45053,8.45053,8.45053,8.4545,8.4545,8.4545,8.4545,1
2014-11-03 06:27:00,2014-11-03 06:28:00,8.45053,8.45053,8.45053,8.45049,8.4545,8.4545,8.4545,8.4544,4
2014-11-03 06:28:00,2014-11-03 06:29:00,8.45053,8.45048,8.45053,8.45048,8.4545,8.4545,8.4545,8.4545,3
2014-11-03 06:29:00,2014-11-03 06:30:00,8.45048,8.45063,8.45063,8.45033,8.4545,8.4545,8.4545,8.4545,4
2014-11-03 06:30:00,2014-11-03 06:31:00,8.45063,8.45112,8.45139,8.45062,8.4545,8.4548,8.4548,8.4545,9
2014-11-03 06:31:00,2014-11-03 06:32:00,8.45112,8.4534,8.45424,8.45097,8.4548,8.4554,8.45864,8.4547,75
2014-11-03 06:32:00,2014-11-03 06:33:00,8.4534,8.4528,8.4534,8.4528,8.4554,8.4564,8.4575,8.4553,38
2014-11-03 06:33:00,2014-11-03 06:34:00,8.4528,8.45334,8.45342,8.4523,8.4564,8.4562,8.4573,8.4558,77
2014-11-03 06:34:00,2014-11-03 06:35:00,8.45334,8.4483,8.45334,8.44796,8.4562,8.45247,8.4563,8.4506,146
2014-11-03 06:35:00,2014-11-03 06:36:00,8.4483,8.4482,8.4483,8.4481,8.45247,8.45249,8.4525,8.45249,5
2014-11-03 06:36:00,2014-11-03 06:37:00,8.4482,8.4481,8.4482,8.4481,8.45249,8.4524,8.45246,8.4524,3
2014-11-03 06:37:00,2014-11-03 06:38:00,8.4481,8.4481,8.4483,8.4481,8.4524,8.4524,8.4524,8.4524,2
2014-11-03 06:38:00,2014-11-03 06:39:00,8.4481,8.44803,8.4482,8.44803,8.4524,8.4524,8.45241,8.4524,5
2014-11-03 06:39:00,2014-11-03 06:40:00,8.44803,8.448,8.448,8.448,8.4524,8.4524,8.4524,8.4524,1
2014-11-03 06:40:00,2014-11-03 06:42:00,8.448,8.448,8.448,8.44799,8.4524,8.4524,8.4526,8.4524,5
2014-11-03 06:42:00,2014-11-03 06:43:00,8.448,8.44805,8.44805,8.44805,8.4524,8.4524,8.4524,8.4524,1
2014-11-03 06:43:00,2014-11-03 06:44:00,8.44805,8.4481,8.4481,8.4481,8.4524,8.4524,8.4524,8.4524,1
2014-11-03 06:44:00,2014-11-03 06:45:00,8.4481,8.4481,8.4482,8.44803,8.4524,8.45242,8.45243,8.45242,6
2014-11-03 06:45:00,2014-11-03 06:46:00,8.4481,8.4482,8.4482,8.4481,8.45242,8.45255,8.45265,8.45241,4
2014-11-03 06:46:00,2014-11-03 06:47:00,8.4482,8.4484,8.4484,8.4482,8.45255,8.45255,8.45256,8.45255,4
2014-11-03 06:47:00,2014-11-03 06:48:00,8.4484,8.4484,8.44871,8.4479,8.45255,8.45257,8.4529,8.4516,29
2014-11-03 06:48:00,2014-11-03 06:49:00,8.4484,8.4485,8.4485,8.4484,8.45257,8.45257,8.45257,8.45256,3
2014-11-03 06:49:00,2014-11-03 06:50:00,8.4485,8.4484,8.4485,8.4484,8.45257,8.45257,8.45258,8.45257,5
2014-11-03 06:50:00,2014-11-03 06:51:00,8.4484,8.4484,8.4485,8.4484,8.45257,8.45257,8.45258,8.45257,4
2014-11-03 06:51:00,2014-11-03 06:52:00,8.4484,8.4484,8.4484,8.4484,8.45257,8.45257,8.45258,8.45257,2
2014-11-03 06:52:00,2014-11-03 06:53:00,8.4484,8.4484,8.4484,8.4484,8.45257,8.45257,8.45257,8.45256,2
2014-11-03 06:53:00,2014-11-03 06:54:00,8.4484,8.4485,8.4486,8.448,8.45257,8.45275,8.45302,8.45256,32
2014-11-03 06:54:00,2014-11-03 06:55:00,8.4485,8.4486,8.4486,8.4485,8.45275,8.4514,8.45272,8.4514,5
2014-11-03 06:55:00,2014-11-03 06:56:00,8.4486,8.4486,8.4486,8.4486,8.4514,8.4516,8.452,8.4511,3
2014-11-03 06:56:00,2014-11-03 06:57:00,8.4486,8.4486,8.4486,8.4486,8.4516,8.4516,8.4516,8.4515,2
2014-11-03 06:57:00,2014-11-03 06:58:00,8.4486,8.4486,8.4486,8.4486,8.4516,8.4515,8.4515,8.4515,1
2014-11-03 06:58:00,2014-11-03 07:00:00,8.4486,8.45075,8.45075,8.4486,8.4515,8.453,8.45305,8.451,23
2014-11-03 07:00:00,2014-11-03 07:01:00,8.45075,8.45095,8.45095,8.45083,8.453,8.4532,8.4535,8.453,23
2014-11-03 07:01:00,2014-11-03 07:02:00,8.45095,8.4487,8.45091,8.44849,8.4532,8.4513,8.4532,8.45079,53
2014-11-03 07:02:00,2014-11-03 07:03:00,8.4487,8.44901,8.451,8.44869,8.4513,8.4513,8.4519,8.4508,181
2014-11-03 07:03:00,2014-11-03 07:04:00,8.44901,8.44924,8.44924,8.4488,8.4513,8.4514,8.4516,8.451,53
2014-11-03 07:04:00,2014-11-03 07:05:00,8.44924,8.4493,8.4493,8.4492,8.4514,8.451,8.4512,8.451,5
2014-11-03 07:05:00,2014-11-03 07:06:00,8.4493,8.4498,8.4498,8.44937,8.451,8.4516,8.4516,8.4509,16
2014-11-03 07:06:00,2014-11-03 07:07:00,8.4498,8.4492,8.4502,8.449,8.4516,8.4529,8.453,8.4511,221
2014-11-03 07:07:00,2014-11-03 07:08:00,8.4492,8.4497,8.4497,8.449,8.4529,8.4527,8.453,8.4527,444
2014-11-03 07:08:00,2014-11-03 07:09:00,8.4497,8.4492,8.4511,8.449,8.4527,8.4529,8.4531,8.4524,550
2014-11-03 07:09:00,2014-11-03 07:10:00,8.4492,8.4497,8.4506,8.4492,8.4529,8.451,8.4529,8.451,471
2014-11-03 07:10:00,2014-11-03 07:11:00,8.4497,8.4497,8.4497,8.4496,8.451,8.451,8.451,8.451,14
2014-11-03 07:11:00,2014-11-03 07:12:00,8.4497,8.4489,8.4497,8.44883,8.451,8.4499,8.451,8.4499,15
2014-11-03 07:12:00,2014-11-03 07:13:00,8.4489,8.44882,8.4489,8.44882,8.4499,8.4498,8.4499,8.4498,16
2014-11-03 07:13:00,2014-11-03 07:14:00,8.44882,8.4503,8.4503,8.4489,8.4498,8.4516,8.4516,8.4498,15
2014-11-03 07:14:00,2014-11-03 07:15:00,8.4503,8.449,8.4503,8.449,8.4516,8.45016,8.4515,8.4496,15
2014-11-03 07:15:00,2014-11-03 07:16:00,8.449,8.4491,8.4491,8.449,8.45016,8.45016,8.4503,8.45016,7
2014-11-03 07:16:00,2014-11-03 07:17:00,8.4491,8.4503,8.4505,8.4494,8.45016,8.4516,8.4518,8.45016,17
2014-11-03 07:17:00,2014-11-03 07:18:00,8.4503,8.4543,8.4543,8.44982,8.4516,8.4544,8.4544,8.4515,30
2014-11-03 07:18:00,2014-11-03 07:19:00,8.4543,8.4537,8.4543,8.4529,8.4544,8.4554,8.4559,8.4543,25
2014-11-03 07:19:00,2014-11-03 07:20:00,8.4537,8.4561,8.4566,8.4529,8.4554,8.4572,8.4584,8.4545,63
2014-11-03 07:20:00,2014-11-03 07:21:00,8.4561,8.451,8.4561,8.4493,8.4572,8.4526,8.4571,8.4519,166
2014-11-03 07:21:00,2014-11-03 07:22:00,8.451,8.4526,8.4537,8.4506,8.4526,8.4558,8.456,8.4518,103
2014-11-03 07:22:00,2014-11-03 07:23:00,8.4526,8.4551,8.4558,8.4526,8.4558,8.45623,8.4569,8.4559,52
2014-11-03 07:23:00,2014-11-03 07:24:00,8.4551,8.4565,8.4565,8.4533,8.45623,8.4585,8.4585,8.4556,82
2014-11-03 07:24:00,2014-11-03 07:25:00,8.4565,8.4544,8.4573,8.4535,8.4585,8.4576,8.4588,8.4568,117
2014-11-03 07:25:00,2014-11-03 07:26:00,8.4544,8.4523,8.4564,8.4523,8.4576,8.4541,8.4582,8.4541,211
2014-11-03 07:26:00,2014-11-03 07:27:00,8.4523,8.4567,8.4567,8.4512,8.4541,8.4578,8.4583,8.4539,1013
2014-11-03 07:27:00,2014-11-03 07:28:00,8.4567,8.4569,8.4573,8.4561,8.4578,8.4583,8.4583,8.4577,32
2014-11-03 07:28:00,2014-11-03 07:29:00,8.4569,8.4492,8.464,8.4491,8.4583,8.4587,8.4753,8.4555,270
2014-11-03 07:29:00,2014-11-03 07:30:00,8.4492,8.4531,8.4537,8.4427,8.4587,8.4559,8.4587,8.4495,267
2014-11-03 07:30:00,2014-11-03 07:31:00,8.4531,8.45498,8.4577,8.4537,8.4559,8.4591,8.4592,8.4559,214
2014-11-03 07:31:00,2014-11-03 07:32:00,8.45498,8.4568,8.4575,8.4551,8.4591,8.4592,8.4592,8.4587,90
2014-11-03 07:32:00,2014-11-03 07:33:00,8.4568,8.4556,8.4572,8.4537,8.4592,8.4579,8.4592,8.4551,140
2014-11-03 07:33:00,2014-11-03 07:34:00,8.4556,8.4565,8.4566,8.4555,8.4579,8.4585,8.4587,8.4578,100
2014-11-03 07:34:00,2014-11-03 07:35:00,8.4565,8.4563,8.4576,8.4555,8.4585,8.4588,8.4591,8.4585,164
2014-11-03 07:35:00,2014-11-03 07:36:00,8.4563,8.4574,8.4575,8.45551,8.4588,8.4593,8.4597,8.4569,104
2014-11-03 07:36:00,2014-11-03 07:37:00,8.4574,8.45893,8.4592,8.4572,8.4593,8.4606,8.4607,8.4587,40
2014-11-03 07:37:00,2014-11-03 07:38:00,8.45893,8.4558,8.45895,8.4556,8.4606,8.4581,8.4605,8.4579,76
2014-11-03 07:38:00,2014-11-03 07:39:00,8.4558,8.4556,8.4564,8.4554,8.4581,8.4582,8.4582,8.4578,25
2014-11-03 07:39:00,2014-11-03 07:40:00,8.4556,8.4559,8.456,8.4555,8.4582,8.458,8.4581,8.458,9
2014-11-03 07:40:00,2014-11-03 07:41:00,8.4559,8.4544,8.4559,8.4527,8.458,8.45534,8.4579,8.45534,82
2014-11-03 07:41:00,2014-11-03 07:42:00,8.4544,8.4521,8.4546,8.4513,8.45534,8.4534,8.456,8.4534,49
2014-11-03 07:42:00,2014-11-03 07:43:00,8.4521,8.4508,8.4525,8.4504,8.4534,8.4528,8.45392,8.4527,107
2014-11-03 07:43:00,2014-11-03 07:44:00,8.4508,8.45123,8.45198,8.4501,8.4528,8.4531,8.45354,8.4522,48
2014-11-03 07:44:00,2014-11-03 07:45:00,8.45123,8.4459,8.4515,8.4448,8.4531,8.44935,8.4534,8.4483,86
2014-11-03 07:45:00,2014-11-03 07:46:00,8.4459,8.44691,8.448,8.4457,8.44935,8.44871,8.44988,8.4485,173
2014-11-03 07:46:00,2014-11-03 07:47:00,8.44691,8.4451,8.4471,8.445,8.44871,8.447,8.44928,8.4469,111
2014-11-03 07:47:00,2014-11-03 07:48:00,8.4451,8.4426,8.4451,8.44223,8.447,8.44522,8.447,8.44499,108
2014-11-03 07:48:00,2014-11-03 07:49:00,8.4426,8.4441,8.4448,8.4425,8.44522,8.44552,8.4464,8.4442,68
2014-11-03 07:49:00,2014-11-03 07:50:00,8.4441,8.4462,8.4471,8.4438,8.44552,8.44796,8.44815,8.44523,126
2014-11-03 07:50:00,2014-11-03 07:51:00,8.4462,8.4461,8.4464,8.4452,8.44796,8.44767,8.44797,8.44644,72
2014-11-03 07:51:00,2014-11-03 07:52:00,8.4461,8.446,8.4465,8.4457,8.44767,8.4474,8.44796,8.44718,64
2014-11-03 07:52:00,2014-11-03 07:53:00,8.446,8.4456,8.4461,8.44556,8.4474,8.4473,8.4474,8.44694,51
2014-11-03 07:53:00,2014-11-03 07:54:00,8.4456,8.4466,8.4466,8.44587,8.4473,8.448,8.448,8.4473,17
2014-11-03 07:54:00,2014-11-03 07:55:00,8.4466,8.4463,8.4467,8.4463,8.448,8.44778,8.4481,8.44778,9
2014-11-03 07:55:00,2014-11-03 07:56:00,8.4463,8.4475,8.4483,8.44632,8.44778,8.44853,8.44933,8.44778,70
2014-11-03 07:56:00,2014-11-03 07:57:00,8.4475,8.4499,8.4505,8.4474,8.44853,8.4513,8.4518,8.44853,82
2014-11-03 07:57:00,2014-11-03 07:58:00,8.4499,8.4486,8.4496,8.4473,8.4513,8.4496,8.4513,8.4486,46
2014-11-03 07:58:00,2014-11-03 07:59:00,8.4486,8.4541,8.4549,8.448,8.4496,8.4585,8.4585,8.4496,303
2014-11-03 07:59:00,2014-11-03 08:00:00,8.4541,8.4534,8.4554,8.4482,8.4585,8.46736,8.47283,8.4546,282
2014-11-03 08:00:00,2014-11-03 08:01:00,8.4534,8.4504,8.4567,8.4481,8.46736,8.4529,8.46282,8.4497,134
2014-11-03 08:01:00,2014-11-03 08:02:00,8.4504,8.4522,8.4522,8.4501,8.4529,8.454,8.45423,8.4517,85
2014-11-03 08:02:00,2014-11-03 08:03:00,8.4522,8.4522,8.4533,8.4522,8.454,8.4539,8.45449,8.4539,41
2014-11-03 08:03:00,2014-11-03 08:04:00,8.4522,8.4522,8.4523,8.4522,8.4539,8.4539,8.454,8.4539,4
2014-11-03 08:04:00,2014-11-03 08:05:00,8.4522,8.45214,8.4524,8.4513,8.4539,8.4544,8.4544,8.4529,46
2014-11-03 08:05:00,2014-11-03 08:06:00,8.45214,8.45239,8.45263,8.45214,8.4544,8.4545,8.4545,8.4544,51
2014-11-03 08:06:00,2014-11-03 08:07:00,8.45239,8.45238,8.45259,8.45229,8.4545,8.4544,8.4545,8.4544,130
2014-11-03 08:07:00,2014-11-03 08:08:00,8.45238,8.453,8.453,8.45236,8.4544,8.45441,8.45441,8.4544,106
2014-11-03 08:08:00,2014-11-03 08:09:00,8.453,8.45298,8.45302,8.45229,8.45441,8.4545,8.4546,8.45438,42
2014-11-03 08:09:00,2014-11-03 08:10:00,8.45298,8.4545,8.455,8.45266,8.4545,8.4547,8.45515,8.4544,43
2014-11-03 08:10:00,2014-11-03 08:11:00,8.4545,8.4543,8.4548,8.45397,8.4547,8.455,8.4551,8.4547,27
2014-11-03 08:11:00,2014-11-03 08:12:00,8.4543,8.4541,8.4543,8.4534,8.455,8.45508,8.45508,8.45461,19
2014-11-03 08:12:00,2014-11-03 08:13:00,8.4541,8.4511,8.4537,8.4505,8.45508,8.4524,8.4552,8.4521,59
2014-11-03 08:13:00,2014-11-03 08:14:00,8.4511,8.4521,8.4522,8.4503,8.4524,8.4527,8.4528,8.4523,20
2014-11-03 08:14:00,2014-11-03 08:15:00,8.4521,8.45306,8.454,8.4517,8.4527,8.4547,8.4547,8.45243,118
2014-11-03 08:15:00,2014-11-03 08:16:00,8.45306,8.45302,8.4534,8.45302,8.4547,8.4546,8.4547,8.4544,11
2014-11-03 08:16:00,2014-11-03 08:17:00,8.45302,8.45257,8.45305,8.45257,8.4546,8.454,8.4547,8.454,18
2014-11-03 08:17:00,2014-11-03 08:18:00,8.45257,8.4547,8.4547,8.45232,8.454,8.45493,8.455,8.4538,33
2014-11-03 08:18:00,2014-11-03 08:19:00,8.4547,8.4564,8.4564,8.45372,8.45493,8.458,8.458,8.4548,47
2014-11-03 08:19:00,2014-11-03 08:20:00,8.4564,8.4558,8.45663,8.4544,8.458,8.4583,8.459,8.4561,263
2014-11-03 08:20:00,2014-11-03 08:21:00,8.4558,8.4553,8.4562,8.45489,8.4583,8.4561,8.4586,8.456,85
2014-11-03 08:21:00,2014-11-03 08:22:00,8.4553,8.4551,8.4551,8.4547,8.4561,8.45593,8.4561,8.4559,32
2014-11-03 08:22:00,2014-11-03 08:23:00,8.4551,8.4545,8.4552,8.4545,8.45593,8.45493,8.4562,8.45493,39
2014-11-03 08:23:00,2014-11-03 08:24:00,8.4545,8.4552,8.4563,8.45366,8.45493,8.4558,8.4578,8.45468,129
2014-11-03 08:24:00,2014-11-03 08:25:00,8.4552,8.4553,8.4566,8.45411,8.4558,8.4563,8.45718,8.4552,84
2014-11-03 08:25:00,2014-11-03 08:26:00,8.4553,8.4545,8.4555,8.45335,8.4563,8.456,8.45642,8.4551,84
2014-11-03 08:26:00,2014-11-03 08:27:00,8.4545,8.45363,8.4548,8.4534,8.456,8.4556,8.4563,8.4553,95
2014-11-03 08:27:00,2014-11-03 08:28:00,8.45363,8.4548,8.4548,8.4537,8.4556,8.45642,8.45642,8.4556,60
2014-11-03 08:28:00,2014-11-03 08:29:00,8.4548,8.4551,8.4551,8.4546,8.45642,8.4567,8.4567,8.4562,28
2014-11-03 08:29:00,2014-11-03 08:30:00,8.4551,8.4549,8.4551,8.45405,8.4567,8.4561,8.4565,8.4561,42
2014-11-03 08:30:00,2014-11-03 08:31:00,8.4549,8.4548,8.455,8.4547,8.4561,8.4559,8.45642,8.4552,42
2014-11-03 08:31:00,2014-11-03 08:32:00,8.4548,8.4558,8.4558,8.4542,8.4559,8.4571,8.4571,8.4558,69
2014-11-03 08:32:00,2014-11-03 08:33:00,8.4558,8.45549,8.4578,8.45542,8.4571,8.4568,8.4588,8.4563,136
2014-11-03 08:33:00,2014-11-03 08:34:00,8.45549,8.4562,8.4567,8.45544,8.4568,8.4578,8.4582,8.4566,121
2014-11-03 08:34:00,2014-11-03 08:35:00,8.4562,8.4559,8.4572,8.4557,8.4578,8.4577,8.4579,8.4573,74
2014-11-03 08:35:00,2014-11-03 08:36:00,8.4559,8.45632,8.45633,8.45588,8.4577,8.4572,8.458,8.4572,67
2014-11-03 08:36:00,2014-11-03 08:37:00,8.45632,8.45653,8.4567,8.45602,8.4572,8.4582,8.4582,8.4572,71
2014-11-03 08:37:00,2014-11-03 08:38:00,8.45653,8.4564,8.4567,8.45574,8.4582,8.458,8.4582,8.4568,71
2014-11-03 08:38:00,2014-11-03 08:39:00,8.4564,8.4584,8.4584,8.45575,8.458,8.4597,8.4597,8.4572,56
2014-11-03 08:39:00,2014-11-03 08:40:00,8.4584,8.46155,8.46155,8.45832,8.4597,8.463,8.4639,8.4598,125
2014-11-03 08:40:00,2014-11-03 08:41:00,8.46155,8.4616,8.46223,8.46156,8.463,8.4636,8.4639,8.463,68
2014-11-03 08:41:00,2014-11-03 08:42:00,8.4616,8.4616,8.4619,8.4609,8.4636,8.4624,8.4634,8.4624,33
2014-11-03 08:42:00,2014-11-03 08:43:00,8.4616,8.46096,8.462,8.46096,8.4624,8.4624,8.4628,8.4624,45
2014-11-03 08:43:00,2014-11-03 08:44:00,8.46096,8.4642,8.4642,8.46089,8.4624,8.4653,8.4653,8.4624,88
2014-11-03 08:44:00,2014-11-03 08:45:00,8.4642,8.4678,8.4678,8.4637,8.4653,8.4679,8.4693,8.465,102
2014-11-03 08:45:00,2014-11-03 08:46:00,8.4678,8.4674,8.4681,8.4665,8.4679,8.4689,8.46949,8.4679,77
2014-11-03 08:46:00,2014-11-03 08:47:00,8.4674,8.4674,8.4682,8.467,8.4689,8.4688,8.4694,8.4687,155
2014-11-03 08:47:00,2014-11-03 08:48:00,8.4674,8.46634,8.4674,8.46634,8.4688,8.4683,8.4688,8.4683,86
2014-11-03 08:48:00,2014-11-03 08:49:00,8.46634,8.467,8.467,8.4662,8.4683,8.4684,8.4691,8.46781,86
2014-11-03 08:49:00,2014-11-03 08:50:00,8.467,8.4686,8.4706,8.4668,8.4684,8.4698,8.4723,8.4688,133
2014-11-03 08:50:00,2014-11-03 08:51:00,8.4686,8.46801,8.4692,8.4672,8.4698,8.4694,8.471,8.4687,137
2014-11-03 08:51:00,2014-11-03 08:52:00,8.46801,8.4662,8.46896,8.4645,8.4694,8.46791,8.4704,8.4664,178
2014-11-03 08:52:00,2014-11-03 08:53:00,8.4662,8.47169,8.47169,8.4667,8.46791,8.4734,8.4734,8.46791,122
2014-11-03 08:53:00,2014-11-03 08:54:00,8.47169,8.4661,8.47193,8.466,8.4734,8.468,8.4736,8.46684,97
2014-11-03 08:54:00,2014-11-03 08:55:00,8.4661,8.47054,8.4723,8.4661,8.468,8.4719,8.4733,8.46733,136
2014-11-03 08:55:00,2014-11-03 08:56:00,8.47054,8.4725,8.47356,8.4705,8.4719,8.47393,8.4751,8.4723,129
2014-11-03 08:56:00,2014-11-03 08:57:00,8.4725,8.47162,8.4731,8.47125,8.47393,8.4728,8.47454,8.4728,98
2014-11-03 08:57:00,2014-11-03 08:58:00,8.47162,8.4733,8.4733,8.4713,8.4728,8.4759,8.4759,8.4728,78
2014-11-03 08:58:00,2014-11-03 08:59:00,8.4733,8.47525,8.47659,8.4731,8.4759,8.4769,8.4787,8.4744,222
2014-11-03 08:59:00,2014-11-03 09:00:00,8.47525,8.4753,8.4761,8.4717,8.4769,8.4776,8.4785,8.4737,172
2014-11-03 09:00:00,2014-11-03 09:01:00,8.4753,8.4763,8.478,8.474,8.4776,8.4779,8.4796,8.47635,119
2014-11-03 09:01:00,2014-11-03 09:02:00,8.4763,8.4766,8.4768,8.4764,8.4779,8.4779,8.47812,8.47788,15
2014-11-03 09:02:00,2014-11-03 09:03:00,8.4766,8.4763,8.477,8.4756,8.4779,8.4778,8.4783,8.4768,46
2014-11-03 09:03:00,2014-11-03 09:04:00,8.4763,8.4768,8.4792,8.4761,8.4778,8.478,8.4807,8.47743,142
2014-11-03 09:04:00,2014-11-03 09:05:00,8.4768,8.4764,8.4768,8.4764,8.478,8.47795,8.4781,8.47794,21
2014-11-03 09:05:00,2014-11-03 09:06:00,8.4764,8.47678,8.47678,8.47617,8.47795,8.478,8.4784,8.47734,35
2014-11-03 09:06:00,2014-11-03 09:07:00,8.47678,8.47717,8.4774,8.4763,8.478,8.4782,8.4796,8.4776,69
2014-11-03 09:07:00,2014-11-03 09:08:00,8.47717,8.47851,8.47862,8.47696,8.4782,8.47973,8.47973,8.478,129
2014-11-03 09:08:00,2014-11-03 09:09:00,8.47851,8.48073,8.48147,8.47836,8.47973,8.4822,8.4826,8.47973,137
2014-11-03 09:09:00,2014-11-03 09:10:00,8.48073,8.48153,8.482,8.4801,8.4822,8.4832,8.4832,8.48183,178
2014-11-03 09:10:00,2014-11-03 09:11:00,8.48153,8.48142,8.48172,8.4806,8.4832,8.4831,8.4832,8.4822,109
2014-11-03 09:11:00,2014-11-03 09:12:00,8.48142,8.4803,8.4823,8.4803,8.4831,8.4817,8.4837,8.4814,88
2014-11-03 09:12:00,2014-11-03 09:13:00,8.4803,8.48107,8.4815,8.48085,8.4817,8.4825,8.4829,8.48176,36
2014-11-03 09:13:00,2014-11-03 09:14:00,8.48107,8.4802,8.4812,8.4802,8.4825,8.4816,8.4829,8.4816,28
2014-11-03 09:14:00,2014-11-03 09:15:00,8.4802,8.479,8.4802,8.4772,8.4816,8.47995,8.4815,8.4791,91
2014-11-03 09:15:00,2014-11-03 09:16:00,8.479,8.4787,8.479,8.4774,8.47995,8.4801,8.48012,8.4786,109
2014-11-03 09:16:00,2014-11-03 09:17:00,8.4787,8.479,8.4792,8.4774,8.4801,8.48,8.48,8.4786,66
2014-11-03 09:17:00,2014-11-03 09:18:00,8.479,8.4807,8.4807,8.4789,8.48,8.4825,8.4825,8.48,46
2014-11-03 09:18:00,2014-11-03 09:19:00,8.4807,8.48107,8.4812,8.4804,8.4825,8.4826,8.4832,8.482,68
2014-11-03 09:19:00,2014-11-03 09:20:00,8.48107,8.4815,8.4817,8.4809,8.4826,8.4832,8.4832,8.4822,59
2014-11-03 09:20:00,2014-11-03 09:21:00,8.4815,8.4819,8.4824,8.4815,8.4832,8.4834,8.4838,8.4825,69
2014-11-03 09:21:00,2014-11-03 09:22:00,8.4819,8.48166,8.48203,8.4809,8.4834,8.4833,8.4834,8.4824,44
2014-11-03 09:22:00,2014-11-03 09:23:00,8.48166,8.4807,8.4818,8.4802,8.4833,8.4824,8.48333,8.4818,42
2014-11-03 09:23:00,2014-11-03 09:24:00,8.4807,8.48244,8.48244,8.4798,8.4824,8.4837,8.4837,8.4818,87
2014-11-03 09:24:00,2014-11-03 09:25:00,8.48244,8.4828,8.4831,8.4819,8.4837,8.4839,8.4841,8.4833,31
2014-11-03 09:25:00,2014-11-03 09:26:00,8.4828,8.4865,8.4869,8.4826,8.4839,8.4881,8.4882,8.4838,117
2014-11-03 09:26:00,2014-11-03 09:27:00,8.4865,8.4891,8.4892,8.4867,8.4881,8.4898,8.49077,8.4882,46
2014-11-03 09:27:00,2014-11-03 09:28:00,8.4891,8.4899,8.4902,8.4889,8.4898,8.4918,8.4918,8.4898,31
2014-11-03 09:28:00,2014-11-03 09:29:00,8.4899,8.4915,8.4916,8.49,8.4918,8.4938,8.4938,8.4914,45
2014-11-03 09:29:00,2014-11-03 09:30:00,8.4915,8.4934,8.4936,8.4908,8.4938,8.4945,8.4947,8.4921,48
2014-11-03 09:30:00,2014-11-03 09:31:00,8.4934,8.49597,8.49597,8.49337,8.4945,8.4981,8.4981,8.4945,102
2014-11-03 09:31:00,2014-11-03 09:32:00,8.49597,8.50313,8.50476,8.49597,8.4981,8.5049,8.5065,8.4981,194
2014-11-03 09:32:00,2014-11-03 09:33:00,8.50313,8.5027,8.5064,8.50122,8.5049,8.5039,8.50761,8.5025,214
2014-11-03 09:33:00,2014-11-03 09:34:00,8.5027,8.4993,8.50402,8.4986,8.5039,8.50094,8.5054,8.50024,249
2014-11-03 09:34:00,2014-11-03 09:35:00,8.4993,8.4987,8.5003,8.4982,8.50094,8.5002,8.5021,8.4994,99
2014-11-03 09:35:00,2014-11-03 09:36:00,8.4987,8.49752,8.4987,8.4948,8.5002,8.4987,8.5001,8.4961,181
2014-11-03 09:36:00,2014-11-03 09:37:00,8.49752,8.4978,8.4978,8.4965,8.4987,8.4991,8.4992,8.49867,31
2014-11-03 09:37:00,2014-11-03 09:38:00,8.4978,8.4951,8.4978,8.495,8.4991,8.49678,8.4992,8.4963,133
2014-11-03 09:38:00,2014-11-03 09:39:00,8.4951,8.4946,8.4959,8.49405,8.49678,8.49562,8.4975,8.49506,191
2014-11-03 09:39:00,2014-11-03 09:40:00,8.4946,8.4939,8.4948,8.493,8.49562,8.49539,8.49625,8.49448,116
2014-11-03 09:40:00,2014-11-03 09:41:00,8.4939,8.4909,8.494,8.4909,8.49539,8.4923,8.49566,8.492,124
2014-11-03 09:41:00,2014-11-03 09:42:00,8.4909,8.4912,8.4915,8.4908,8.4923,8.4927,8.49353,8.4923,54
2014-11-03 09:42:00,2014-11-03 09:43:00,8.4912,8.492,8.4922,8.4912,8.4927,8.49278,8.49278,8.4927,19
2014-11-03 09:43:00,2014-11-03 09:44:00,8.492,8.4912,8.4922,8.4912,8.49278,8.49278,8.49278,8.49278,6
2014-11-03 09:44:00,2014-11-03 09:45:00,8.4912,8.4921,8.4921,8.4912,8.49278,8.49278,8.49294,8.49278,6
2014-11-03 09:45:00,2014-11-03 09:46:00,8.4921,8.4936,8.4937,8.4922,8.49278,8.49522,8.49527,8.49278,36
2014-11-03 09:46:00,2014-11-03 09:47:00,8.4936,8.4946,8.4949,8.49353,8.49522,8.49603,8.49633,8.49503,65
2014-11-03 09:47:00,2014-11-03 09:48:00,8.4946,8.4946,8.4946,8.4945,8.49603,8.496,8.49603,8.4959,10
2014-11-03 09:48:00,2014-11-03 09:49:00,8.4946,8.4952,8.49532,8.49454,8.496,8.4965,8.4968,8.49603,57
2014-11-03 09:49:00,2014-11-03 09:50:00,8.4952,8.4955,8.4956,8.49477,8.4965,8.4968,8.497,8.4959,92
2014-11-03 09:50:00,2014-11-03 09:51:00,8.4955,8.4935,8.4965,8.4934,8.4968,8.4944,8.4974,8.4941,110
2014-11-03 09:51:00,2014-11-03 09:52:00,8.4935,8.4936,8.4946,8.49307,8.4944,8.4944,8.4956,8.4944,64
2014-11-03 09:52:00,2014-11-03 09:53:00,8.4936,8.49307,8.4933,8.49232,8.4944,8.4944,8.4946,8.4934,37
2014-11-03 09:53:00,2014-11-03 09:54:00,8.49307,8.492,8.49307,8.4917,8.4944,8.4938,8.49434,8.493,34
2014-11-03 09:54:00,2014-11-03 09:55:00,8.492,8.4919,8.4931,8.4916,8.4938,8.49393,8.4941,8.49362,29
2014-11-03 09:55:00,2014-11-03 09:56:00,8.4919,8.49218,8.49218,8.4917,8.49393,8.49343,8.49383,8.49343,17
2014-11-03 09:56:00,2014-11-03 09:57:00,8.49218,8.49173,8.49252,8.4914,8.49343,8.4935,8.4943,8.4927,51
2014-11-03 09:57:00,2014-11-03 09:58:00,8.49173,8.4915,8.4925,8.491,8.4935,8.4932,8.4942,8.49223,115
2014-11-03 09:58:00,2014-11-03 09:59:00,8.4915,8.4915,8.4915,8.4914,8.4932,8.4931,8.49327,8.493,36
2014-11-03 09:59:00,2014-11-03 10:00:00,8.4915,8.49169,8.49171,8.4913,8.4931,8.4938,8.49388,8.4918,41
2014-11-03 10:00:00,2014-11-03 10:01:00,8.49169,8.49467,8.49566,8.49205,8.4938,8.49665,8.49738,8.4938,122
2014-11-03 10:01:00,2014-11-03 10:02:00,8.49467,8.4945,8.49557,8.4942,8.49665,8.49657,8.49721,8.4956,45
2014-11-03 10:02:00,2014-11-03 10:03:00,8.4945,8.4948,8.49565,8.4944,8.49657,8.4969,8.4974,8.4958,90
2014-11-03 10:03:00,2014-11-03 10:04:00,8.4948,8.49441,8.4948,8.49422,8.4969,8.4957,8.497,8.4952,48
2014-11-03 10:04:00,2014-11-03 10:05:00,8.49441,8.49514,8.49615,8.49438,8.4957,8.4973,8.4977,8.4956,80
2014-11-03 10:05:00,2014-11-03 10:06:00,8.49514,8.49755,8.49755,8.4951,8.4973,8.4989,8.4989,8.4966,88
2014-11-03 10:06:00,2014-11-03 10:07:00,8.49755,8.49672,8.49755,8.49487,8.4989,8.4987,8.499,8.4966,129
2014-11-03 10:07:00,2014-11-03 10:08:00,8.49672,8.4941,8.49662,8.4941,8.4987,8.4953,8.4987,8.4953,69
2014-11-03 10:08:00,2014-11-03 10:09:00,8.4941,8.4938,8.49407,8.4938,8.4953,8.495,8.4953,8.495,12
2014-11-03 10:09:00,2014-11-03 10:10:00,8.4938,8.49438,8.49438,8.492,8.495,8.4947,8.495,8.4932,139
2014-11-03 10:10:00,2014-11-03 10:11:00,8.49438,8.49433,8.49453,8.49313,8.4947,8.4945,8.4956,8.4938,62
2014-11-03 10:11:00,2014-11-03 10:12:00,8.49433,8.4922,8.4944,8.4922,8.4945,8.4936,8.4951,8.4936,27
2014-11-03 10:12:00,2014-11-03 10:13:00,8.4922,8.49242,8.49248,8.4922,8.4936,8.4932,8.4937,8.4931,11
2014-11-03 10:13:00,2014-11-03 10:14:00,8.49242,8.492,8.49242,8.4915,8.4932,8.493,8.4933,8.493,16
2014-11-03 10:14:00,2014-11-03 10:15:00,8.492,8.49258,8.493,8.4916,8.493,8.4941,8.4943,8.4926,38
2014-11-03 10:15:00,2014-11-03 10:16:00,8.49258,8.49179,8.49249,8.49179,8.4941,8.493,8.4941,8.493,18
2014-11-03 10:16:00,2014-11-03 10:17:00,8.49179,8.49189,8.49229,8.49163,8.493,8.4928,8.4936,8.4927,51
2014-11-03 10:17:00,2014-11-03 10:18:00,8.49189,8.49288,8.49315,8.4918,8.4928,8.4944,8.49463,8.493,39
2014-11-03 10:18:00,2014-11-03 10:19:00,8.49288,8.4944,8.4944,8.49282,8.4944,8.49573,8.49573,8.494,83
2014-11-03 10:19:00,2014-11-03 10:20:00,8.4944,8.4944,8.4944,8.49383,8.49573,8.4957,8.49576,8.49553,33
2014-11-03 10:20:00,2014-11-03 10:21:00,8.4944,8.4949,8.4951,8.4941,8.4957,8.49573,8.49573,8.4957,15
2014-11-03 10:21:00,2014-11-03 10:22:00,8.4949,8.4936,8.4953,8.4936,8.49573,8.49513,8.4958,8.49513,23
2014-11-03 10:22:00,2014-11-03 10:23:00,8.4936,8.4947,8.4947,8.4938,8.49513,8.4959,8.496,8.49513,17
2014-11-03 10:23:00,2014-11-03 10:24:00,8.4947,8.49399,8.4947,8.4935,8.4959,8.49553,8.4959,8.49472,41
2014-11-03 10:24:00,2014-11-03 10:25:00,8.49399,8.4949,8.4949,8.4939,8.49553,8.49618,8.4964,8.4955,51
2014-11-03 10:25:00,2014-11-03 10:26:00,8.4949,8.49609,8.4962,8.495,8.49618,8.4979,8.4981,8.49618,29
2014-11-03 10:26:00,2014-11-03 10:27:00,8.49609,8.49613,8.49623,8.49609,8.4979,8.4979,8.4979,8.4977,18
2014-11-03 10:27:00,2014-11-03 10:28:00,8.49613,8.4975,8.4978,8.49618,8.4979,8.49892,8.49935,8.4979,52
2014-11-03 10:28:00,2014-11-03 10:29:00,8.4975,8.4983,8.4985,8.4966,8.49892,8.49943,8.4995,8.4983,63
2014-11-03 10:29:00,2014-11-03 10:30:00,8.4983,8.4983,8.4987,8.4982,8.49943,8.49978,8.5001,8.49928,33
2014-11-03 10:30:00,2014-11-03 10:31:00,8.4983,8.4985,8.4985,8.49792,8.49978,8.49953,8.49978,8.49952,37
2014-11-03 10:31:00,2014-11-03 10:32:00,8.4985,8.4985,8.499,8.4981,8.49953,8.50009,8.50014,8.49953,25
2014-11-03 10:32:00,2014-11-03 10:33:00,8.4985,8.4985,8.49872,8.4983,8.50009,8.50006,8.50018,8.49978,28
2014-11-03 10:33:00,2014-11-03 10:34:00,8.4985,8.4996,8.4996,8.4985,8.50006,8.50064,8.50064,8.49999,24
2014-11-03 10:34:00,2014-11-03 10:35:00,8.4996,8.498,8.5005,8.4979,8.50064,8.4992,8.50121,8.4992,31
2014-11-03 10:35:00,2014-11-03 10:36:00,8.498,8.4982,8.49825,8.4981,8.4992,8.4994,8.4995,8.4992,10
2014-11-03 10:36:00,2014-11-03 10:37:00,8.4982,8.4976,8.4981,8.49734,8.4994,8.4993,8.4995,8.4991,25
2014-11-03 10:37:00,2014-11-03 10:38:00,8.4976,8.49754,8.49806,8.4967,8.4993,8.4992,8.4995,8.4987,81
2014-11-03 10:38:00,2014-11-03 10:39:00,8.49754,8.4971,8.4983,8.4965,8.4992,8.4982,8.49933,8.4978,113
2014-11-03 10:39:00,2014-11-03 10:40:00,8.4971,8.49872,8.49872,8.4968,8.4982,8.4997,8.5002,8.4982,101
2014-11-03 10:40:00,2014-11-03 10:41:00,8.49872,8.4981,8.49872,8.49698,8.4997,8.499,8.49995,8.4987,75
2014-11-03 10:41:00,2014-11-03 10:42:00,8.4981,8.4987,8.4988,8.49737,8.499,8.4996,8.5001,8.4984,59
2014-11-03 10:42:00,2014-11-03 10:43:00,8.4987,8.499,8.4995,8.4986,8.4996,8.50007,8.50086,8.4994,49
2014-11-03 10:43:00,2014-11-03 10:44:00,8.499,8.49822,8.4996,8.4979,8.50007,8.49945,8.50073,8.4994,81
2014-11-03 10:44:00,2014-11-03 10:45:00,8.49822,8.49917,8.4993,8.49852,8.49945,8.50077,8.50077,8.49945,50
2014-11-03 10:45:00,2014-11-03 10:46:00,8.49917,8.4992,8.4993,8.4988,8.50077,8.50023,8.50081,8.49999,31
2014-11-03 10:46:00,2014-11-03 10:47:00,8.4992,8.5009,8.50297,8.4992,8.50023,8.50239,8.504,8.50026,106
2014-11-03 10:47:00,2014-11-03 10:48:00,8.5009,8.5012,8.5018,8.49992,8.50239,8.50203,8.503,8.5014,60
2014-11-03 10:48:00,2014-11-03 10:49:00,8.5012,8.5014,8.502,8.501,8.50203,8.5025,8.5032,8.50188,55
2014-11-03 10:49:00,2014-11-03 10:50:00,8.5014,8.5039,8.5039,8.5014,8.5025,8.5046,8.5053,8.5026,58
2014-11-03 10:50:00,2014-11-03 10:51:00,8.5039,8.5015,8.5039,8.5012,8.5046,8.50303,8.5047,8.50303,135
2014-11-03 10:51:00,2014-11-03 10:52:00,8.5015,8.5026,8.5029,8.5015,8.50303,8.5042,8.5043,8.50303,112
2014-11-03 10:52:00,2014-11-03 10:53:00,8.5026,8.50477,8.50623,8.50217,8.5042,8.5065,8.5074,8.5039,135
2014-11-03 10:53:00,2014-11-03 10:54:00,8.50477,8.5054,8.50548,8.50398,8.5065,8.5068,8.5071,8.5054,172
2014-11-03 10:54:00,2014-11-03 10:55:00,8.5054,8.50551,8.50682,8.50474,8.5068,8.50672,8.5075,8.50643,123
2014-11-03 10:55:00,2014-11-03 10:56:00,8.50551,8.5041,8.50541,8.5041,8.50672,8.5058,8.5069,8.5056,139
2014-11-03 10:56:00,2014-11-03 10:57:00,8.5041,8.5047,8.5047,8.5041,8.5058,8.5061,8.5061,8.5054,18
2014-11-03 10:57:00,2014-11-03 10:58:00,8.5047,8.5057,8.5074,8.50457,8.5061,8.50744,8.5091,8.506,130
2014-11-03 10:58:00,2014-11-03 10:59:00,8.5057,8.50497,8.50772,8.50427,8.50744,8.50678,8.50948,8.50678,101
2014-11-03 10:59:00,2014-11-03 11:00:00,8.50497,8.48221,8.50498,8.47665,8.50678,8.48427,8.50683,8.48377,630
2014-11-03 11:00:00,2014-11-03 11:01:00,8.48221,8.47391,8.48315,8.47256,8.48427,8.4753,8.4847,8.47433,371
2014-11-03 11:01:00,2014-11-03 11:02:00,8.47391,8.4692,8.47584,8.4692,8.4753,8.4707,8.4773,8.47068,200
2014-11-03 11:02:00,2014-11-03 11:03:00,8.4692,8.4698,8.4715,8.4669,8.4707,8.4721,8.473,8.46853,156
2014-11-03 11:03:00,2014-11-03 11:04:00,8.4698,8.4674,8.472,8.4672,8.4721,8.4687,8.47323,8.46851,159
2014-11-03 11:04:00,2014-11-03 11:05:00,8.4674,8.46516,8.4695,8.46501,8.4687,8.4662,8.4709,8.4662,98
2014-11-03 11:05:00,2014-11-03 11:06:00,8.46516,8.465,8.46534,8.46396,8.4662,8.46598,8.4669,8.4657,99
2014-11-03 11:06:00,2014-11-03 11:07:00,8.465,8.4662,8.4665,8.4649,8.46598,8.46723,8.46758,8.46598,67
2014-11-03 11:07:00,2014-11-03 11:08:00,8.4662,8.4673,8.4673,8.4662,8.46723,8.4687,8.4687,8.46648,30
2014-11-03 11:08:00,2014-11-03 11:09:00,8.4673,8.47331,8.4738,8.46721,8.4687,8.4752,8.4762,8.4684,130
2014-11-03 11:09:00,2014-11-03 11:10:00,8.47331,8.47593,8.47593,8.4726,8.4752,8.4769,8.4769,8.4741,152
2014-11-03 11:10:00,2014-11-03 11:11:00,8.47593,8.47857,8.4794,8.4741,8.4769,8.4794,8.4798,8.4759,195
2014-11-03 11:11:00,2014-11-03 11:12:00,8.47857,8.4778,8.47857,8.4767,8.4794,8.4791,8.4793,8.4778,81
2014-11-03 11:12:00,2014-11-03 11:13:00,8.4778,8.4794,8.4804,8.4778,8.4791,8.4807,8.4813,8.4794,66
2014-11-03 11:13:00,2014-11-03 11:14:00,8.4794,8.4804,8.4811,8.4794,8.4807,8.4811,8.482,8.4808,45
2014-11-03 11:14:00,2014-11-03 11:15:00,8.4804,8.47952,8.4806,8.47952,8.4811,8.4812,8.4816,8.4811,30
2014-11-03 11:15:00,2014-11-03 11:16:00,8.47952,8.4784,8.4797,8.4784,8.4812,8.4798,8.4812,8.4796,21
2014-11-03 11:16:00,2014-11-03 11:17:00,8.4784,8.47607,8.4788,8.47607,8.4798,8.4776,8.4801,8.4776,72
2014-11-03 11:17:00,2014-11-03 11:18:00,8.47607,8.47615,8.4764,8.47605,8.4776,8.4777,8.478,8.4776,19
2014-11-03 11:18:00,2014-11-03 11:19:00,8.47615,8.47617,8.4763,8.47613,8.4777,8.4776,8.478,8.4774,27
2014-11-03 11:19:00,2014-11-03 11:20:00,8.47617,8.4765,8.4765,8.47627,8.4776,8.4781,8.47833,8.4776,12
2014-11-03 11:20:00,2014-11-03 11:21:00,8.4765,8.46953,8.4765,8.46953,8.4781,8.4709,8.4781,8.4709,111
2014-11-03 11:21:00,2014-11-03 11:22:00,8.46953,8.4686,8.46977,8.4686,8.4709,8.4701,8.47168,8.4701,80
2014-11-03 11:22:00,2014-11-03 11:23:00,8.4686,8.4679,8.4686,8.4647,8.4701,8.4687,8.4701,8.46658,108
2014-11-03 11:23:00,2014-11-03 11:24:00,8.4679,8.4684,8.4684,8.46727,8.4687,8.4698,8.4698,8.4686,56
2014-11-03 11:24:00,2014-11-03 11:25:00,8.4684,8.4669,8.4684,8.4668,8.4698,8.46839,8.46929,8.4681,45
2014-11-03 11:25:00,2014-11-03 11:26:00,8.4669,8.4668,8.4669,8.4662,8.46839,8.4677,8.4685,8.4676,29
2014-11-03 11:26:00,2014-11-03 11:27:00,8.4668,8.4672,8.4692,8.4668,8.4677,8.4686,8.4702,8.4678,83
2014-11-03 11:27:00,2014-11-03 11:28:00,8.4672,8.4682,8.4682,8.4664,8.4686,8.4689,8.4691,8.4676,56
2014-11-03 11:28:00,2014-11-03 11:29:00,8.4682,8.4679,8.4686,8.4671,8.4689,8.4694,8.46965,8.468,114
2014-11-03 11:29:00,2014-11-03 11:30:00,8.4679,8.468,8.4698,8.4679,8.4694,8.46941,8.4712,8.46939,83
2014-11-03 11:30:00,2014-11-03 11:31:00,8.468,8.468,8.46825,8.4678,8.46941,8.46944,8.46947,8.46938,20
2014-11-03 11:31:00,2014-11-03 11:32:00,8.468,8.4675,8.4683,8.46735,8.46944,8.46912,8.47021,8.46907,59
2014-11-03 11:32:00,2014-11-03 11:33:00,8.4675,8.4665,8.4675,8.4662,8.46912,8.46766,8.46923,8.4676,54
2014-11-03 11:33:00,2014-11-03 11:34:00,8.4665,8.4675,8.4675,8.4665,8.46766,8.46951,8.46951,8.46763,37
2014-11-03 11:34:00,2014-11-03 11:35:00,8.4675,8.46767,8.4677,8.4674,8.46951,8.46953,8.46973,8.46938,31
2014-11-03 11:35:00,2014-11-03 11:36:00,8.46767,8.4639,8.46767,8.4634,8.46953,8.46543,8.4696,8.4645,94
2014-11-03 11:36:00,2014-11-03 11:37:00,8.4639,8.4629,8.46372,8.4616,8.46543,8.46379,8.4656,8.46289,69
2014-11-03 11:37:00,2014-11-03 11:38:00,8.4629,8.4627,8.4631,8.462,8.46379,8.46389,8.46419,8.46346,24
2014-11-03 11:38:00,2014-11-03 11:39:00,8.4627,8.4611,8.4631,8.4608,8.46389,8.46226,8.46447,8.4619,78
2014-11-03 11:39:00,2014-11-03 11:40:00,8.4611,8.4599,8.46157,8.4596,8.46226,8.46122,8.4628,8.4608,57
2014-11-03 11:40:00,2014-11-03 11:41:00,8.4599,8.4592,8.4597,8.4587,8.46122,8.4602,8.4611,8.4599,62
2014-11-03 11:41:00,2014-11-03 11:42:00,8.4592,8.4595,8.45964,8.45753,8.4602,8.461,8.4611,8.4588,86
2014-11-03 11:42:00,2014-11-03 11:43:00,8.4595,8.4599,8.4603,8.4589,8.461,8.4607,8.4612,8.4598,61
2014-11-03 11:43:00,2014-11-03 11:44:00,8.4599,8.4593,8.46,8.4591,8.4607,8.4607,8.4615,8.46068,32
2014-11-03 11:44:00,2014-11-03 11:45:00,8.4593,8.4591,8.4601,8.45892,8.4607,8.46065,8.46142,8.4606,43
2014-11-03 11:45:00,2014-11-03 11:46:00,8.4591,8.4591,8.4596,8.4582,8.46065,8.46029,8.46094,8.46013,57
2014-11-03 11:46:00,2014-11-03 11:47:00,8.4591,8.4588,8.4596,8.4586,8.46029,8.46028,8.46073,8.4597,51
2014-11-03 11:47:00,2014-11-03 11:48:00,8.4588,8.4589,8.4594,8.458,8.46028,8.46028,8.46076,8.45918,86
2014-11-03 11:48:00,2014-11-03 11:49:00,8.4589,8.4595,8.4597,8.4585,8.46028,8.4605,8.4608,8.4595,44
2014-11-03 11:49:00,2014-11-03 11:50:00,8.4595,8.4585,8.4593,8.4583,8.4605,8.4597,8.4605,8.4595,20
2014-11-03 11:50:00,2014-11-03 11:51:00,8.4585,8.4586,8.4586,8.45842,8.4597,8.4597,8.46,8.4592,10
2014-11-03 11:51:00,2014-11-03 11:52:00,8.4586,8.4591,8.4591,8.4584,8.4597,8.4607,8.4607,8.45966,31
2014-11-03 11:52:00,2014-11-03 11:53:00,8.4591,8.4595,8.4603,8.45897,8.4607,8.4611,8.4617,8.4606,177
2014-11-03 11:53:00,2014-11-03 11:54:00,8.4595,8.4599,8.4599,8.4592,8.4611,8.4611,8.4613,8.4607,183
2014-11-03 11:54:00,2014-11-03 11:55:00,8.4599,8.4599,8.4601,8.4597,8.4611,8.46073,8.4613,8.46073,69
2014-11-03 11:55:00,2014-11-03 11:56:00,8.4599,8.4574,8.4599,8.4569,8.46073,8.45803,8.4611,8.45803,163
2014-11-03 11:56:00,2014-11-03 11:57:00,8.4574,8.4578,8.4583,8.4573,8.45803,8.4592,8.45989,8.45803,48
2014-11-03 11:57:00,2014-11-03 11:58:00,8.4578,8.45882,8.46,8.4578,8.4592,8.4609,8.4614,8.4592,92
2014-11-03 11:58:00,2014-11-03 11:59:00,8.45882,8.4576,8.45893,8.4569,8.4609,8.45887,8.4609,8.45737,95
2014-11-03 11:59:00,2014-11-03 12:00:00,8.4576,8.458,8.4595,8.4568,8.45887,8.4599,8.46078,8.45753,122
2014-11-03 12:00:00,2014-11-03 12:01:00,8.458,8.4583,8.4583,8.45781,8.4599,8.46026,8.46026,8.45991,43
2014-11-03 12:01:00,2014-11-03 12:02:00,8.4583,8.4585,8.4597,8.4576,8.46026,8.4591,8.46083,8.4589,70
2014-11-03 12:02:00,2014-11-03 12:03:00,8.4585,8.4585,8.4585,8.4585,8.4591,8.4592,8.4592,8.4592,1
2014-11-03 12:03:00,2014-11-03 12:04:00,8.4585,8.4589,8.4589,8.4585,8.4592,8.4599,8.4599,8.4591,6
2014-11-03 12:04:00,2014-11-03 12:05:00,8.4589,8.4585,8.459,8.4585,8.4599,8.4599,8.4599,8.4598,4
2014-11-03 12:05:00,2014-11-03 12:06:00,8.4585,8.4585,8.4585,8.4585,8.4599,8.45971,8.4599,8.4596,6
2014-11-03 12:06:00,2014-11-03 12:07:00,8.4585,8.459,8.4592,8.45818,8.45971,8.4598,8.46055,8.459,47
2014-11-03 12:07:00,2014-11-03 12:08:00,8.459,8.459,8.4591,8.45877,8.4598,8.4602,8.46049,8.4598,39
2014-11-03 12:08:00,2014-11-03 12:09:00,8.459,8.4586,8.459,8.4585,8.4602,8.45979,8.4604,8.45975,11
2014-11-03 12:09:00,2014-11-03 12:10:00,8.4586,8.4591,8.4593,8.4587,8.45979,8.46024,8.4605,8.45979,13
2014-11-03 12:10:00,2014-11-03 12:11:00,8.4591,8.45922,8.4593,8.459,8.46024,8.4605,8.4605,8.46024,6
2014-11-03 12:11:00,2014-11-03 12:12:00,8.45922,8.45873,8.4591,8.45873,8.4605,8.4599,8.4605,8.4599,13
2014-11-03 12:12:00,2014-11-03 12:13:00,8.45873,8.4585,8.4591,8.4585,8.4599,8.4597,8.4603,8.4597,33
2014-11-03 12:13:00,2014-11-03 12:14:00,8.4585,8.4601,8.4601,8.4585,8.4597,8.4615,8.4615,8.4598,36
2014-11-03 12:14:00,2014-11-03 12:15:00,8.4601,8.4591,8.4603,8.4589,8.4615,8.4605,8.4616,8.4603,47
2014-11-03 12:15:00,2014-11-03 12:16:00,8.4591,8.4589,8.4591,8.4589,8.4605,8.4603,8.4605,8.46016,9
2014-11-03 12:16:00,2014-11-03 12:17:00,8.4589,8.4578,8.4591,8.4576,8.4603,8.45917,8.4605,8.4588,40
2014-11-03 12:17:00,2014-11-03 12:18:00,8.4578,8.45722,8.4584,8.45722,8.45917,8.45846,8.45943,8.45839,79
2014-11-03 12:18:00,2014-11-03 12:19:00,8.45722,8.4577,8.45772,8.4569,8.45846,8.45892,8.45892,8.458,71
2014-11-03 12:19:00,2014-11-03 12:20:00,8.4577,8.4584,8.4585,8.4575,8.45892,8.45968,8.45968,8.4589,35
2014-11-03 12:20:00,2014-11-03 12:21:00,8.4584,8.45903,8.4602,8.4585,8.45968,8.46057,8.46123,8.45968,81
2014-11-03 12:21:00,2014-11-03 12:22:00,8.45903,8.45933,8.4594,8.45854,8.46057,8.4609,8.46096,8.46023,65
2014-11-03 12:22:00,2014-11-03 12:23:00,8.45933,8.4604,8.4604,8.4593,8.4609,8.4618,8.4618,8.4608,74
2014-11-03 12:23:00,2014-11-03 12:24:00,8.4604,8.4601,8.4603,8.4592,8.4618,8.4615,8.4617,8.4606,67
2014-11-03 12:24:00,2014-11-03 12:25:00,8.4601,8.45997,8.4602,8.4596,8.4615,8.4613,8.46158,8.4611,34
2014-11-03 12:25:00,2014-11-03 12:26:00,8.45997,8.45996,8.46001,8.45986,8.4613,8.4613,8.4615,8.4611,57
2014-11-03 12:26:00,2014-11-03 12:27:00,8.45996,8.46032,8.46032,8.4597,8.4613,8.461,8.4615,8.4608,45
2014-11-03 12:27:00,2014-11-03 12:28:00,8.46032,8.4611,8.4612,8.46032,8.461,8.4617,8.4617,8.4611,31
2014-11-03 12:28:00,2014-11-03 12:29:00,8.4611,8.46162,8.46192,8.4606,8.4617,8.4625,8.463,8.4617,55
2014-11-03 12:29:00,2014-11-03 12:30:00,8.46162,8.46172,8.46257,8.4609,8.4625,8.4626,8.4635,8.4622,50
2014-11-03 12:30:00,2014-11-03 12:31:00,8.46172,8.46232,8.46272,8.46172,8.4626,8.4634,8.4638,8.4629,30
2014-11-03 12:31:00,2014-11-03 12:32:00,8.46232,8.46267,8.46267,8.4611,8.4634,8.4638,8.4638,8.4623,58
2014-11-03 12:32:00,2014-11-03 12:33:00,8.46267,8.4622,8.4629,8.4621,8.4638,8.4634,8.46448,8.4634,42
2014-11-03 12:33:00,2014-11-03 12:34:00,8.4622,8.4623,8.4631,8.4619,8.4634,8.4639,8.46446,8.4631,60
2014-11-03 12:34:00,2014-11-03 12:35:00,8.4623,8.4624,8.4627,8.4622,8.4639,8.4639,8.4641,8.4638,18
2014-11-03 12:35:00,2014-11-03 12:36:00,8.4624,8.4625,8.4626,8.4624,8.4639,8.464,8.464,8.4638,11
2014-11-03 12:36:00,2014-11-03 12:37:00,8.4625,8.4629,8.4629,8.46246,8.464,8.46413,8.46413,8.4639,21
2014-11-03 12:37:00,2014-11-03 12:38:00,8.4629,8.46254,8.4627,8.4625,8.46413,8.464,8.4641,8.4639,12
2014-11-03 12:38:00,2014-11-03 12:39:00,8.46254,8.4626,8.4626,8.46253,8.464,8.464,8.464,8.464,2
2014-11-03 12:39:00,2014-11-03 12:40:00,8.4626,8.4626,8.46292,8.46235,8.464,8.464,8.4642,8.4637,20
2014-11-03 12:40:00,2014-11-03 12:41:00,8.4626,8.46263,8.46287,8.46139,8.464,8.4642,8.4645,8.4627,70
2014-11-03 12:41:00,2014-11-03 12:42:00,8.46263,8.4633,8.46374,8.46263,8.4642,8.46443,8.4649,8.4642,37
2014-11-03 12:42:00,2014-11-03 12:43:00,8.4633,8.4633,8.4635,8.4632,8.46443,8.46463,8.46463,8.46443,13
2014-11-03 12:43:00,2014-11-03 12:44:00,8.4633,8.4637,8.4641,8.4633,8.46463,8.4651,8.4654,8.46463,38
2014-11-03 12:44:00,2014-11-03 12:45:00,8.4637,8.4635,8.4637,8.4635,8.4651,8.4649,8.4651,8.4649,31
2014-11-03 12:45:00,2014-11-03 12:46:00,8.4635,8.4637,8.46371,8.4636,8.4649,8.4651,8.4651,8.4649,7
2014-11-03 12:46:00,2014-11-03 12:47:00,8.4637,8.4644,8.4646,8.4644,8.4651,8.4651,8.4651,8.4651,2
2014-11-03 12:47:00,2014-11-03 12:48:00,8.4644,8.4642,8.4643,8.4641,8.4651,8.4651,8.4651,8.4651,4
2014-11-03 12:48:00,2014-11-03 12:49:00,8.4642,8.4668,8.4668,8.4642,8.4651,8.46809,8.46809,8.46531,59
2014-11-03 12:49:00,2014-11-03 12:50:00,8.4668,8.47,8.4701,8.4668,8.46809,8.4717,8.4717,8.4681,72
2014-11-03 12:50:00,2014-11-03 12:51:00,8.47,8.46955,8.4707,8.46955,8.4717,8.47044,8.47219,8.47029,75
2014-11-03 12:51:00,2014-11-03 12:52:00,8.46955,8.46947,8.4696,8.46947,8.47044,8.47049,8.47066,8.4703,26
2014-11-03 12:52:00,2014-11-03 12:53:00,8.46947,8.4695,8.4699,8.46947,8.47049,8.47061,8.47062,8.47045,13
2014-11-03 12:53:00,2014-11-03 12:54:00,8.4695,8.4699,8.4699,8.4695,8.47061,8.47076,8.47076,8.47059,11
2014-11-03 12:54:00,2014-11-03 12:55:00,8.4699,8.47,8.47,8.4699,8.47076,8.47088,8.47088,8.47068,28
2014-11-03 12:55:00,2014-11-03 12:56:00,8.47,8.4707,8.4708,8.47,8.47088,8.4716,8.47163,8.4708,34
2014-11-03 12:56:00,2014-11-03 12:57:00,8.4707,8.4708,8.4708,8.4707,8.4716,8.47163,8.47163,8.4716,4
2014-11-03 12:57:00,2014-11-03 12:58:00,8.4708,8.4708,8.4708,8.4708,8.47163,8.4716,8.4716,8.4716,1
2014-11-03 12:58:00,2014-11-03 12:59:00,8.4708,8.4696,8.4709,8.4696,8.4716,8.4712,8.47163,8.4712,20
2014-11-03 12:59:00,2014-11-03 13:00:00,8.4696,8.4694,8.4701,8.4686,8.4712,8.471,8.4713,8.46978,70
2014-11-03 13:00:00,2014-11-03 13:01:00,8.4694,8.4687,8.47,8.4687,8.471,8.47,8.47112,8.47,74
2014-11-03 13:01:00,2014-11-03 13:02:00,8.4687,8.4678,8.46898,8.4678,8.47,8.469,8.47,8.4689,47
2014-11-03 13:02:00,2014-11-03 13:03:00,8.4678,8.46789,8.46789,8.4675,8.469,8.469,8.469,8.4689,10
2014-11-03 13:03:00,2014-11-03 13:04:00,8.46789,8.4675,8.46789,8.4675,8.469,8.4688,8.46891,8.46869,7
2014-11-03 13:04:00,2014-11-03 13:05:00,8.4675,8.4669,8.4676,8.4667,8.4688,8.4683,8.469,8.4683,29
2014-11-03 13:05:00,2014-11-03 13:06:00,8.4669,8.4665,8.467,8.4662,8.4683,8.4674,8.4684,8.4674,36
2014-11-03 13:06:00,2014-11-03 13:07:00,8.4665,8.4647,8.4666,8.4645,8.4674,8.4659,8.4674,8.4657,17
2014-11-03 13:07:00,2014-11-03 13:08:00,8.4647,8.46592,8.4661,8.4643,8.4659,8.46787,8.46796,8.4655,80
2014-11-03 13:08:00,2014-11-03 13:09:00,8.46592,8.46682,8.46682,8.46577,8.46787,8.4679,8.4679,8.4674,48
2014-11-03 13:09:00,2014-11-03 13:10:00,8.46682,8.46682,8.46682,8.46682,8.4679,8.4674,8.4681,8.4672,12
2014-11-03 13:10:00,2014-11-03 13:11:00,8.46682,8.4665,8.46682,8.4665,8.4674,8.4677,8.4677,8.4675,4
2014-11-03 13:11:00,2014-11-03 13:12:00,8.4665,8.465,8.4663,8.4643,8.4677,8.4656,8.4677,8.4656,58
2014-11-03 13:12:00,2014-11-03 13:13:00,8.465,8.4647,8.46531,8.4647,8.4656,8.4661,8.4666,8.4658,39
2014-11-03 13:13:00,2014-11-03 13:14:00,8.4647,8.4635,8.4647,8.4628,8.4661,8.4649,8.4661,8.4637,67
2014-11-03 13:14:00,2014-11-03 13:15:00,8.4635,8.46497,8.465,8.4634,8.4649,8.4665,8.4665,8.4645,53
2014-11-03 13:15:00,2014-11-03 13:16:00,8.46497,8.4652,8.4657,8.4648,8.4665,8.46653,8.46724,8.4661,43
2014-11-03 13:16:00,2014-11-03 13:17:00,8.4652,8.4672,8.4672,8.465,8.46653,8.46873,8.4688,8.46628,67
2014-11-03 13:17:00,2014-11-03 13:18:00,8.4672,8.4675,8.4682,8.4672,8.46873,8.46858,8.46873,8.46808,21
2014-11-03 13:18:00,2014-11-03 13:19:00,8.4675,8.4677,8.468,8.4674,8.46858,8.46893,8.46934,8.46873,75
2014-11-03 13:19:00,2014-11-03 13:20:00,8.4677,8.4679,8.468,8.4676,8.46893,8.46929,8.46934,8.4689,42
2014-11-03 13:20:00,2014-11-03 13:21:00,8.4679,8.4678,8.4679,8.4667,8.46929,8.46862,8.46927,8.46787,61
2014-11-03 13:21:00,2014-11-03 13:22:00,8.4678,8.4682,8.4686,8.4674,8.46862,8.46927,8.46968,8.46853,66
2014-11-03 13:22:00,2014-11-03 13:23:00,8.4682,8.4682,8.4682,8.4682,8.46927,8.46928,8.4693,8.46928,3
2014-11-03 13:23:00,2014-11-03 13:24:00,8.4682,8.4682,8.4684,8.4682,8.46928,8.4694,8.46954,8.46928,20
2014-11-03 13:24:00,2014-11-03 13:25:00,8.4682,8.46743,8.4688,8.46653,8.4694,8.4689,8.47,8.46767,99
2014-11-03 13:25:00,2014-11-03 13:26:00,8.46743,8.46726,8.46768,8.46712,8.4689,8.4685,8.46898,8.4685,19
2014-11-03 13:26:00,2014-11-03 13:27:00,8.46726,8.46784,8.46814,8.4671,8.4685,8.4694,8.46949,8.4684,75
2014-11-03 13:27:00,2014-11-03 13:28:00,8.46784,8.46814,8.4685,8.4678,8.4694,8.4695,8.46989,8.4694,66
2014-11-03 13:28:00,2014-11-03 13:29:00,8.46814,8.4681,8.46848,8.468,8.4695,8.4695,8.4697,8.4694,23
2014-11-03 13:29:00,2014-11-03 13:30:00,8.4681,8.4681,8.4685,8.4681,8.4695,8.4695,8.46978,8.4695,40
2014-11-03 13:30:00,2014-11-03 13:31:00,8.4681,8.4681,8.46832,8.4681,8.4695,8.4695,8.4696,8.4695,11
2014-11-03 13:31:00,2014-11-03 13:33:00,8.4681,8.4687,8.4692,8.4681,8.4695,8.4697,8.4697,8.4694,16
2014-11-03 13:33:00,2014-11-03 13:34:00,8.4687,8.4679,8.4693,8.4677,8.4697,8.4689,8.4697,8.4689,30
2014-11-03 13:34:00,2014-11-03 13:35:00,8.4679,8.4677,8.4677,8.4677,8.4689,8.4688,8.4689,8.4688,4
2014-11-03 13:35:00,2014-11-03 13:36:00,8.4677,8.46752,8.46752,8.4669,8.4688,8.4687,8.4687,8.4683,23
2014-11-03 13:36:00,2014-11-03 13:37:00,8.46752,8.4678,8.4686,8.4672,8.4687,8.4692,8.4699,8.4685,44
2014-11-03 13:37:00,2014-11-03 13:38:00,8.4678,8.46785,8.4681,8.46772,8.4692,8.4694,8.4695,8.4691,37
2014-11-03 13:38:00,2014-11-03 13:39:00,8.46785,8.4679,8.46802,8.46782,8.4694,8.4695,8.4695,8.4694,52
2014-11-03 13:39:00,2014-11-03 13:40:00,8.4679,8.4681,8.4686,8.4678,8.4695,8.4695,8.4699,8.4694,45
2014-11-03 13:40:00,2014-11-03 13:41:00,8.4681,8.4694,8.4699,8.4683,8.4695,8.4711,8.47122,8.4695,66
2014-11-03 13:41:00,2014-11-03 13:42:00,8.4694,8.47108,8.47203,8.4694,8.4711,8.4729,8.4731,8.47073,50
2014-11-03 13:42:00,2014-11-03 13:43:00,8.47108,8.4738,8.4745,8.4709,8.4729,8.4756,8.4756,8.47212,108
2014-11-03 13:43:00,2014-11-03 13:44:00,8.4738,8.4747,8.4751,8.4739,8.4756,8.476,8.4762,8.4756,39
2014-11-03 13:44:00,2014-11-03 13:45:00,8.4747,8.47442,8.475,8.47442,8.476,8.4761,8.4762,8.476,47
2014-11-03 13:45:00,2014-11-03 13:46:00,8.47442,8.47446,8.4748,8.47442,8.4761,8.4762,8.47628,8.476,18
2014-11-03 13:46:00,2014-11-03 13:47:00,8.47446,8.47453,8.4749,8.4745,8.4762,8.4758,8.47628,8.4757,31
2014-11-03 13:47:00,2014-11-03 13:48:00,8.47453,8.47451,8.47455,8.47451,8.4758,8.4756,8.4757,8.4756,9
2014-11-03 13:48:00,2014-11-03 13:49:00,8.47451,8.47457,8.475,8.47451,8.4756,8.4757,8.4759,8.4756,32
2014-11-03 13:49:00,2014-11-03 13:50:00,8.47457,8.47569,8.47592,8.4745,8.4757,8.4769,8.4775,8.4757,117
2014-11-03 13:50:00,2014-11-03 13:51:00,8.47569,8.4745,8.4763,8.4745,8.4769,8.4758,8.478,8.4757,138
2014-11-03 13:51:00,2014-11-03 13:52:00,8.4745,8.47531,8.47584,8.473,8.4758,8.4771,8.4772,8.4741,108
2014-11-03 13:52:00,2014-11-03 13:53:00,8.47531,8.4736,8.47538,8.47351,8.4771,8.4752,8.4771,8.4747,75
2014-11-03 13:53:00,2014-11-03 13:54:00,8.4736,8.47385,8.47403,8.47351,8.4752,8.4758,8.4758,8.475,57
2014-11-03 13:54:00,2014-11-03 13:55:00,8.47385,8.47243,8.474,8.4724,8.4758,8.47397,8.47587,8.47349,111
2014-11-03 13:55:00,2014-11-03 13:56:00,8.47243,8.47188,8.4737,8.4713,8.47397,8.4735,8.4747,8.47245,174
2014-11-03 13:56:00,2014-11-03 13:57:00,8.47188,8.47215,8.47227,8.47188,8.4735,8.4739,8.4742,8.4734,43
2014-11-03 13:57:00,2014-11-03 13:58:00,8.47215,8.47252,8.47252,8.47216,8.4739,8.4743,8.4743,8.4739,8
2014-11-03 13:58:00,2014-11-03 13:59:00,8.47252,8.47343,8.4735,8.47252,8.4743,8.4747,8.4749,8.4743,36
2014-11-03 13:59:00,2014-11-03 14:00:00,8.47343,8.47337,8.47337,8.47307,8.4747,8.4747,8.47515,8.4746,25
2014-11-03 14:00:00,2014-11-03 14:01:00,8.47337,8.4733,8.4735,8.4733,8.4747,8.4747,8.4752,8.4747,23
2014-11-03 14:01:00,2014-11-03 14:02:00,8.4733,8.4735,8.474,8.4727,8.4747,8.4755,8.47562,8.47393,68
2014-11-03 14:02:00,2014-11-03 14:03:00,8.4735,8.47348,8.4735,8.4734,8.4755,8.47524,8.47552,8.47516,29
2014-11-03 14:03:00,2014-11-03 14:04:00,8.47348,8.47347,8.4736,8.47347,8.47524,8.4749,8.47542,8.4748,30
2014-11-03 14:04:00,2014-11-03 14:05:00,8.47347,8.4733,8.4737,8.4732,8.4749,8.4747,8.47525,8.4743,54
2014-11-03 14:05:00,2014-11-03 14:06:00,8.4733,8.4731,8.4738,8.4731,8.4747,8.4743,8.47474,8.47413,18
2014-11-03 14:06:00,2014-11-03 14:07:00,8.4731,8.473,8.4733,8.473,8.4743,8.4744,8.4746,8.4743,7
2014-11-03 14:07:00,2014-11-03 14:08:00,8.473,8.4733,8.4733,8.4731,8.4744,8.4747,8.4747,8.4745,10
2014-11-03 14:08:00,2014-11-03 14:09:00,8.4733,8.47349,8.47349,8.4731,8.4747,8.4747,8.4747,8.4745,10
2014-11-03 14:09:00,2014-11-03 14:10:00,8.47349,8.47349,8.47349,8.4733,8.4747,8.4747,8.4747,8.4747,2
2014-11-03 14:10:00,2014-11-03 14:11:00,8.47349,8.4739,8.4739,8.4733,8.4747,8.4747,8.4747,8.4747,3
2014-11-03 14:11:00,2014-11-03 14:12:00,8.4739,8.47174,8.47349,8.4717,8.4747,8.47305,8.47479,8.473,66
2014-11-03 14:12:00,2014-11-03 14:13:00,8.47174,8.4724,8.4724,8.47174,8.47305,8.4731,8.47313,8.473,18
2014-11-03 14:13:00,2014-11-03 14:14:00,8.4724,8.4723,8.4724,8.4723,8.4731,8.4729,8.4731,8.4729,5
2014-11-03 14:14:00,2014-11-03 14:15:00,8.4723,8.4713,8.4725,8.4712,8.4729,8.4728,8.47327,8.4724,37
2014-11-03 14:15:00,2014-11-03 14:16:00,8.4713,8.47145,8.47145,8.4712,8.4728,8.4728,8.4728,8.4725,12
2014-11-03 14:16:00,2014-11-03 14:17:00,8.47145,8.4714,8.4719,8.4714,8.4728,8.4728,8.47288,8.4728,11
2014-11-03 14:17:00,2014-11-03 14:18:00,8.4714,8.4712,8.4715,8.4703,8.4728,8.4722,8.4728,8.4717,28
2014-11-03 14:18:00,2014-11-03 14:19:00,8.4712,8.4709,8.4709,8.4708,8.4722,8.4719,8.4722,8.4719,6
2014-11-03 14:19:00,2014-11-03 14:20:00,8.4709,8.4724,8.4725,8.4705,8.4719,8.4736,8.4737,8.4719,47
2014-11-03 14:20:00,2014-11-03 14:21:00,8.4724,8.4736,8.474,8.4727,8.4736,8.4749,8.47505,8.4736,69
2014-11-03 14:21:00,2014-11-03 14:22:00,8.4736,8.4714,8.4737,8.4714,8.4749,8.47317,8.47488,8.47308,183
2014-11-03 14:22:00,2014-11-03 14:23:00,8.4714,8.4711,8.4715,8.471,8.47317,8.47248,8.47317,8.47248,11
2014-11-03 14:23:00,2014-11-03 14:24:00,8.4711,8.4731,8.4741,8.4711,8.47248,8.47442,8.47563,8.47248,90
2014-11-03 14:24:00,2014-11-03 14:25:00,8.4731,8.4729,8.4737,8.4722,8.47442,8.47477,8.47499,8.4737,90
2014-11-03 14:25:00,2014-11-03 14:26:00,8.4729,8.4747,8.4747,8.4729,8.47477,8.4755,8.4755,8.47478,30
2014-11-03 14:26:00,2014-11-03 14:27:00,8.4747,8.4746,8.4747,8.4746,8.4755,8.47542,8.4757,8.47542,4
2014-11-03 14:27:00,2014-11-03 14:28:00,8.4746,8.4745,8.4746,8.4738,8.47542,8.47643,8.4765,8.47542,71
2014-11-03 14:28:00,2014-11-03 14:29:00,8.4745,8.4745,8.475,8.4727,8.47643,8.47614,8.4765,8.47423,158
2014-11-03 14:29:00,2014-11-03 14:30:00,8.4745,8.476,8.476,8.4744,8.47614,8.47672,8.47689,8.47531,68
2014-11-03 14:30:00,2014-11-03 14:31:00,8.476,8.4773,8.4781,8.476,8.47672,8.479,8.47902,8.47652,94
2014-11-03 14:31:00,2014-11-03 14:32:00,8.4773,8.4773,8.4777,8.4771,8.479,8.47888,8.47888,8.4785,35
2014-11-03 14:32:00,2014-11-03 14:33:00,8.4773,8.478,8.4781,8.4775,8.47888,8.47922,8.47922,8.47888,27
2014-11-03 14:33:00,2014-11-03 14:34:00,8.478,8.4777,8.4785,8.4775,8.47922,8.47933,8.47933,8.4792,38
2014-11-03 14:34:00,2014-11-03 14:35:00,8.4777,8.478,8.4784,8.4774,8.47933,8.47923,8.47962,8.47893,50
2014-11-03 14:35:00,2014-11-03 14:36:00,8.478,8.4781,8.4783,8.4778,8.47923,8.47903,8.47966,8.4785,25
2014-11-03 14:36:00,2014-11-03 14:37:00,8.4781,8.4784,8.4786,8.4781,8.47903,8.47948,8.47972,8.47923,9
2014-11-03 14:37:00,2014-11-03 14:38:00,8.4784,8.4785,8.4786,8.4782,8.47948,8.47948,8.47948,8.47948,16
2014-11-03 14:38:00,2014-11-03 14:39:00,8.4785,8.47975,8.47975,8.4774,8.47948,8.48073,8.48073,8.479,76
2014-11-03 14:39:00,2014-11-03 14:40:00,8.47975,8.48,8.481,8.4797,8.48073,8.4814,8.48193,8.48073,32
2014-11-03 14:40:00,2014-11-03 14:41:00,8.48,8.48052,8.4809,8.4797,8.4814,8.48131,8.48198,8.4809,133
2014-11-03 14:41:00,2014-11-03 14:42:00,8.48052,8.4808,8.4809,8.4805,8.48131,8.48213,8.48213,8.48131,9
2014-11-03 14:42:00,2014-11-03 14:43:00,8.4808,8.4799,8.4813,8.47981,8.48213,8.4814,8.48213,8.4813,32
2014-11-03 14:43:00,2014-11-03 14:44:00,8.4799,8.4797,8.4799,8.4797,8.4814,8.4811,8.4813,8.481,13
2014-11-03 14:44:00,2014-11-03 14:45:00,8.4797,8.4779,8.4796,8.4779,8.4811,8.4792,8.4811,8.4789,53
2014-11-03 14:45:00,2014-11-03 14:46:00,8.4779,8.4783,8.4783,8.4779,8.4792,8.47928,8.47928,8.4792,11
2014-11-03 14:46:00,2014-11-03 14:47:00,8.4783,8.4787,8.4789,8.478,8.47928,8.48028,8.48055,8.47928,50
2014-11-03 14:47:00,2014-11-03 14:48:00,8.4787,8.4793,8.4793,8.4779,8.48028,8.4798,8.48028,8.4794,49
2014-11-03 14:48:00,2014-11-03 14:49:00,8.4793,8.4794,8.4795,8.4794,8.4798,8.4799,8.4799,8.4798,6
2014-11-03 14:49:00,2014-11-03 14:50:00,8.4794,8.4788,8.4795,8.47845,8.4799,8.4792,8.4799,8.479,29
2014-11-03 14:50:00,2014-11-03 14:51:00,8.4788,8.4788,8.4793,8.4786,8.4792,8.4794,8.4799,8.4792,23
2014-11-03 14:51:00,2014-11-03 14:52:00,8.4788,8.47708,8.4791,8.4766,8.4794,8.4784,8.4798,8.47814,48
2014-11-03 14:52:00,2014-11-03 14:53:00,8.47708,8.4774,8.47764,8.47709,8.4784,8.4786,8.479,8.4784,29
2014-11-03 14:53:00,2014-11-03 14:54:00,8.4774,8.47784,8.47819,8.4775,8.4786,8.4792,8.4796,8.4786,55
2014-11-03 14:54:00,2014-11-03 14:55:00,8.47784,8.47859,8.47861,8.4777,8.4792,8.4797,8.4799,8.479,118
2014-11-03 14:55:00,2014-11-03 14:56:00,8.47859,8.478,8.47859,8.4777,8.4797,8.4794,8.4798,8.479,23
2014-11-03 14:56:00,2014-11-03 14:57:00,8.478,8.4797,8.4802,8.4778,8.4794,8.48088,8.48156,8.4794,56
2014-11-03 14:57:00,2014-11-03 14:58:00,8.4797,8.4799,8.4799,8.4797,8.48088,8.48108,8.48111,8.48088,5
2014-11-03 14:58:00,2014-11-03 14:59:00,8.4799,8.4791,8.4799,8.479,8.48108,8.4805,8.48108,8.48,30
2014-11-03 14:59:00,2014-11-03 15:00:00,8.4791,8.47931,8.48,8.4785,8.4805,8.4801,8.4806,8.47974,34
2014-11-03 15:00:00,2014-11-03 15:01:00,8.47931,8.47981,8.47981,8.4789,8.4801,8.4803,8.4805,8.48,12
2014-11-03 15:01:00,2014-11-03 15:02:00,8.47981,8.47931,8.47981,8.47891,8.4803,8.4803,8.4805,8.4801,15
2014-11-03 15:02:00,2014-11-03 15:03:00,8.47931,8.4798,8.4804,8.4795,8.4803,8.4806,8.4806,8.4803,18
2014-11-03 15:03:00,2014-11-03 15:04:00,8.4798,8.4793,8.48,8.47921,8.4806,8.4806,8.4806,8.4806,9
2014-11-03 15:04:00,2014-11-03 15:05:00,8.4793,8.47922,8.47966,8.47915,8.4806,8.4804,8.48069,8.4801,24
2014-11-03 15:05:00,2014-11-03 15:06:00,8.47922,8.4789,8.4796,8.47887,8.4804,8.4803,8.4806,8.4796,37
2014-11-03 15:06:00,2014-11-03 15:07:00,8.4789,8.4788,8.4789,8.4787,8.4803,8.48,8.4803,8.48,13
2014-11-03 15:07:00,2014-11-03 15:08:00,8.4788,8.4787,8.4789,8.47812,8.48,8.48,8.48,8.4794,50
2014-11-03 15:08:00,2014-11-03 15:09:00,8.4787,8.47913,8.4797,8.47884,8.48,8.48068,8.48069,8.48,65
2014-11-03 15:09:00,2014-11-03 15:10:00,8.47913,8.4792,8.47943,8.47913,8.48068,8.48068,8.48078,8.48068,11
2014-11-03 15:10:00,2014-11-03 15:11:00,8.4792,8.4792,8.4793,8.47912,8.48068,8.48068,8.48068,8.48068,10
2014-11-03 15:11:00,2014-11-03 15:12:00,8.4792,8.47896,8.47941,8.47896,8.48068,8.48019,8.48083,8.48019,14
2014-11-03 15:12:00,2014-11-03 15:14:00,8.47896,8.47834,8.47896,8.4783,8.48019,8.4797,8.4801,8.4797,7
2014-11-03 15:14:00,2014-11-03 15:15:00,8.47834,8.4806,8.4813,8.47822,8.4797,8.48143,8.4817,8.4795,166
2014-11-03 15:15:00,2014-11-03 15:16:00,8.4806,8.4807,8.4808,8.4806,8.48143,8.48163,8.48163,8.48143,10
2014-11-03 15:16:00,2014-11-03 15:17:00,8.4807,8.48103,8.48103,8.48051,8.48163,8.48183,8.4822,8.48143,35
2014-11-03 15:17:00,2014-11-03 15:18:00,8.48103,8.4789,8.4808,8.4789,8.48183,8.48018,8.48198,8.48018,111
2014-11-03 15:18:00,2014-11-03 15:19:00,8.4789,8.47803,8.4788,8.47715,8.48018,8.47943,8.48018,8.4784,67
2014-11-03 15:19:00,2014-11-03 15:20:00,8.47803,8.47813,8.47835,8.47808,8.47943,8.47943,8.47943,8.47943,21
2014-11-03 15:20:00,2014-11-03 15:21:00,8.47813,8.4783,8.47831,8.47805,8.47943,8.47971,8.47971,8.47943,15
2014-11-03 15:21:00,2014-11-03 15:22:00,8.4783,8.4783,8.4784,8.4779,8.47971,8.47943,8.47969,8.47906,14
2014-11-03 15:22:00,2014-11-03 15:23:00,8.4783,8.4784,8.4784,8.4783,8.47943,8.47971,8.47972,8.47969,5
2014-11-03 15:23:00,2014-11-03 15:24:00,8.4784,8.4805,8.4814,8.47793,8.47971,8.48211,8.48267,8.4789,197
2014-11-03 15:24:00,2014-11-03 15:25:00,8.4805,8.48108,8.4814,8.48042,8.48211,8.48261,8.48266,8.48182,107
2014-11-03 15:25:00,2014-11-03 15:26:00,8.48108,8.4814,8.4816,8.48108,8.48261,8.48228,8.48264,8.48228,43
2014-11-03 15:26:00,2014-11-03 15:27:00,8.4814,8.4809,8.481,8.4807,8.48228,8.48228,8.48228,8.48228,24
2014-11-03 15:27:00,2014-11-03 15:28:00,8.4809,8.48108,8.48156,8.4805,8.48228,8.48218,8.4831,8.48189,56
2014-11-03 15:28:00,2014-11-03 15:29:00,8.48108,8.4813,8.4813,8.4808,8.48218,8.48293,8.48309,8.48218,42
2014-11-03 15:29:00,2014-11-03 15:30:00,8.4813,8.4809,8.4817,8.4806,8.48293,8.48223,8.48322,8.48198,99
2014-11-03 15:30:00,2014-11-03 15:31:00,8.4809,8.4825,8.4831,8.4808,8.48223,8.4839,8.4845,8.48223,58
2014-11-03 15:31:00,2014-11-03 15:32:00,8.4825,8.4832,8.4832,8.4827,8.4839,8.48398,8.48398,8.4839,2
2014-11-03 15:32:00,2014-11-03 15:33:00,8.4832,8.48332,8.4836,8.4832,8.48398,8.4844,8.4847,8.48398,16
2014-11-03 15:33:00,2014-11-03 15:34:00,8.48332,8.4828,8.4834,8.4828,8.4844,8.4843,8.4845,8.4843,13
2014-11-03 15:34:00,2014-11-03 15:35:00,8.4828,8.482,8.4829,8.482,8.4843,8.483,8.4843,8.483,15
2014-11-03 15:35:00,2014-11-03 15:36:00,8.482,8.48174,8.48201,8.48174,8.483,8.4828,8.4831,8.4828,10
2014-11-03 15:36:00,2014-11-03 15:37:00,8.48174,8.48,8.48174,8.48,8.4828,8.4813,8.4827,8.4813,25
2014-11-03 15:37:00,2014-11-03 15:38:00,8.48,8.4802,8.4802,8.47975,8.4813,8.4816,8.4817,8.4812,25
2014-11-03 15:38:00,2014-11-03 15:39:00,8.4802,8.4811,8.4814,8.47997,8.4816,8.4827,8.4829,8.4816,53
2014-11-03 15:39:00,2014-11-03 15:40:00,8.4811,8.47782,8.4812,8.47734,8.4827,8.479,8.4827,8.4789,52
2014-11-03 15:40:00,2014-11-03 15:41:00,8.47782,8.47696,8.47782,8.47696,8.479,8.4784,8.47887,8.4784,18
2014-11-03 15:41:00,2014-11-03 15:42:00,8.47696,8.47773,8.47781,8.4768,8.4784,8.4793,8.4793,8.47803,34
2014-11-03 15:42:00,2014-11-03 15:43:00,8.47773,8.477,8.47775,8.477,8.4793,8.4783,8.4794,8.4783,29
2014-11-03 15:43:00,2014-11-03 15:44:00,8.477,8.47559,8.47774,8.47559,8.4783,8.47735,8.4794,8.47735,93
2014-11-03 15:44:00,2014-11-03 15:45:00,8.47559,8.4764,8.4764,8.475,8.47735,8.4777,8.47786,8.47683,38
2014-11-03 15:45:00,2014-11-03 15:46:00,8.4764,8.4772,8.4775,8.4761,8.4777,8.4788,8.47932,8.4775,39
2014-11-03 15:46:00,2014-11-03 15:47:00,8.4772,8.4788,8.4788,8.4772,8.4788,8.48,8.48,8.4791,30
2014-11-03 15:47:00,2014-11-03 15:48:00,8.4788,8.4791,8.4791,8.4788,8.48,8.4804,8.4804,8.4799,17
2014-11-03 15:48:00,2014-11-03 15:49:00,8.4791,8.4797,8.4799,8.4791,8.4804,8.4815,8.4815,8.4803,42
2014-11-03 15:49:00,2014-11-03 15:50:00,8.4797,8.4799,8.4799,8.47951,8.4815,8.48128,8.4815,8.4809,33
2014-11-03 15:50:00,2014-11-03 15:51:00,8.4799,8.47987,8.4805,8.4796,8.48128,8.481,8.4814,8.4806,34
2014-11-03 15:51:00,2014-11-03 15:52:00,8.47987,8.4812,8.4817,8.47897,8.481,8.4823,8.4829,8.4804,68
2014-11-03 15:52:00,2014-11-03 15:53:00,8.4812,8.48146,8.48181,8.481,8.4823,8.4828,8.4832,8.4822,26
2014-11-03 15:53:00,2014-11-03 15:54:00,8.48146,8.4801,8.48146,8.4801,8.4828,8.48103,8.48278,8.48093,65
2014-11-03 15:54:00,2014-11-03 15:55:00,8.4801,8.4797,8.4801,8.4797,8.48103,8.48058,8.48104,8.48056,14
2014-11-03 15:55:00,2014-11-03 15:56:00,8.4797,8.4793,8.4797,8.4793,8.48058,8.48018,8.48061,8.48018,38
2014-11-03 15:56:00,2014-11-03 15:57:00,8.4793,8.47492,8.4793,8.47492,8.48018,8.47581,8.48016,8.47581,184
2014-11-03 15:57:00,2014-11-03 15:58:00,8.47492,8.47439,8.47521,8.47358,8.47581,8.4756,8.4769,8.4747,105
2014-11-03 15:58:00,2014-11-03 15:59:00,8.47439,8.47065,8.4756,8.46953,8.4756,8.4721,8.47707,8.4706,242
2014-11-03 15:59:00,2014-11-03 16:00:00,8.47065,8.4734,8.4734,8.47065,8.4721,8.4744,8.47454,8.472,166
2014-11-03 16:00:00,2014-11-03 16:01:00,8.4734,8.4775,8.4814,8.47342,8.4744,8.4781,8.4827,8.4744,212
2014-11-03 16:01:00,2014-11-03 16:02:00,8.4775,8.48,8.48169,8.4774,8.4781,8.4817,8.4835,8.478,163
2014-11-03 16:02:00,2014-11-03 16:03:00,8.48,8.47972,8.4801,8.4796,8.4817,8.4815,8.48187,8.4814,47
2014-11-03 16:03:00,2014-11-03 16:04:00,8.47972,8.48243,8.48243,8.47997,8.4815,8.4839,8.484,8.4815,130
2014-11-03 16:04:00,2014-11-03 16:05:00,8.48243,8.4822,8.48247,8.4822,8.4839,8.4835,8.484,8.4833,23
2014-11-03 16:05:00,2014-11-03 16:06:00,8.4822,8.48216,8.4822,8.48172,8.4835,8.4833,8.4835,8.4831,28
2014-11-03 16:06:00,2014-11-03 16:07:00,8.48216,8.48209,8.48231,8.48209,8.4833,8.4833,8.4836,8.4833,20
2014-11-03 16:07:00,2014-11-03 16:08:00,8.48209,8.48228,8.48228,8.48182,8.4833,8.4838,8.4838,8.4831,27
2014-11-03 16:08:00,2014-11-03 16:09:00,8.48228,8.4822,8.4824,8.48158,8.4838,8.4836,8.4841,8.483,44
2014-11-03 16:09:00,2014-11-03 16:10:00,8.4822,8.4822,8.4822,8.4821,8.4836,8.4834,8.4835,8.4831,7
2014-11-03 16:10:00,2014-11-03 16:11:00,8.4822,8.4827,8.48392,8.4824,8.4834,8.4841,8.4852,8.4834,74
2014-11-03 16:11:00,2014-11-03 16:12:00,8.4827,8.483,8.48376,8.48246,8.4841,8.484,8.4853,8.484,45
2014-11-03 16:12:00,2014-11-03 16:13:00,8.483,8.4852,8.48619,8.4838,8.484,8.48699,8.48748,8.484,62
2014-11-03 16:13:00,2014-11-03 16:14:00,8.4852,8.4869,8.4871,8.4845,8.48699,8.48863,8.48863,8.48638,92
2014-11-03 16:14:00,2014-11-03 16:15:00,8.4869,8.4852,8.4869,8.4846,8.48863,8.48695,8.48861,8.4858,85
2014-11-03 16:15:00,2014-11-03 16:16:00,8.4852,8.4865,8.4865,8.4845,8.48695,8.48763,8.48763,8.4857,82
2014-11-03 16:16:00,2014-11-03 16:17:00,8.4865,8.4876,8.4876,8.4858,8.48763,8.4888,8.48954,8.4873,76
2014-11-03 16:17:00,2014-11-03 16:18:00,8.4876,8.4872,8.4873,8.4865,8.4888,8.488,8.4888,8.4874,57
2014-11-03 16:18:00,2014-11-03 16:19:00,8.4872,8.4867,8.4871,8.4866,8.488,8.4878,8.48815,8.4878,36
2014-11-03 16:19:00,2014-11-03 16:20:00,8.4867,8.4867,8.4867,8.4867,8.4878,8.4878,8.4879,8.4878,4
2014-11-03 16:20:00,2014-11-03 16:21:00,8.4867,8.4863,8.48671,8.486,8.4878,8.487,8.4878,8.4869,40
2014-11-03 16:21:00,2014-11-03 16:22:00,8.4863,8.4863,8.4863,8.4862,8.487,8.4869,8.4871,8.4869,24
2014-11-03 16:22:00,2014-11-03 16:23:00,8.4863,8.4862,8.4863,8.4862,8.4869,8.4869,8.487,8.4869,23
2014-11-03 16:23:00,2014-11-03 16:24:00,8.4862,8.4879,8.4879,8.4862,8.4869,8.48816,8.48816,8.4869,26
2014-11-03 16:24:00,2014-11-03 16:25:00,8.4879,8.4865,8.488,8.4863,8.48816,8.48738,8.4888,8.4869,40
2014-11-03 16:25:00,2014-11-03 16:26:00,8.4865,8.4863,8.4866,8.4863,8.48738,8.48701,8.48738,8.487,28
2014-11-03 16:26:00,2014-11-03 16:27:00,8.4863,8.4864,8.4864,8.4863,8.48701,8.48705,8.48705,8.48705,2
2014-11-03 16:27:00,2014-11-03 16:28:00,8.4864,8.4862,8.4866,8.4856,8.48705,8.48718,8.48732,8.48648,49
2014-11-03 16:28:00,2014-11-03 16:29:00,8.4862,8.4863,8.4863,8.4861,8.48718,8.4873,8.48736,8.48709,22
2014-11-03 16:29:00,2014-11-03 16:30:00,8.4863,8.48576,8.4863,8.48562,8.4873,8.48725,8.48736,8.4866,30
2014-11-03 16:30:00,2014-11-03 16:31:00,8.48576,8.4857,8.48573,8.4856,8.48725,8.4872,8.48725,8.48719,8
2014-11-03 16:31:00,2014-11-03 16:32:00,8.4857,8.4859,8.4859,8.4854,8.4872,8.48695,8.4872,8.48645,22
2014-11-03 16:32:00,2014-11-03 16:33:00,8.4859,8.4859,8.4859,8.4858,8.48695,8.48673,8.48692,8.48673,8
2014-11-03 16:33:00,2014-11-03 16:34:00,8.4859,8.4859,8.486,8.4858,8.48673,8.48672,8.48674,8.48657,17
2014-11-03 16:34:00,2014-11-03 16:35:00,8.4859,8.48256,8.486,8.48256,8.48672,8.48431,8.48672,8.48431,62
2014-11-03 16:35:00,2014-11-03 16:36:00,8.48256,8.4828,8.4828,8.48141,8.48431,8.48283,8.48428,8.4826,79
2014-11-03 16:36:00,2014-11-03 16:37:00,8.4828,8.4833,8.4835,8.4827,8.48283,8.48448,8.48467,8.4828,26
2014-11-03 16:37:00,2014-11-03 16:38:00,8.4833,8.483,8.4834,8.4829,8.48448,8.48443,8.48467,8.48407,55
2014-11-03 16:38:00,2014-11-03 16:39:00,8.483,8.487,8.4881,8.483,8.48443,8.48836,8.4898,8.48454,131
2014-11-03 16:39:00,2014-11-03 16:40:00,8.487,8.487,8.4871,8.4869,8.48836,8.4883,8.48836,8.4881,35
2014-11-03 16:40:00,2014-11-03 16:41:00,8.487,8.4872,8.48747,8.4866,8.4883,8.48877,8.48922,8.48801,36
2014-11-03 16:41:00,2014-11-03 16:42:00,8.4872,8.4907,8.4907,8.487,8.48877,8.49247,8.4934,8.48826,154
2014-11-03 16:42:00,2014-11-03 16:43:00,8.4907,8.4955,8.49606,8.4906,8.49247,8.4972,8.4977,8.49247,192
2014-11-03 16:43:00,2014-11-03 16:44:00,8.4955,8.4955,8.49558,8.4954,8.4972,8.49695,8.49732,8.49695,21
2014-11-03 16:44:00,2014-11-03 16:45:00,8.4955,8.48937,8.4955,8.48936,8.49695,8.49148,8.49701,8.4912,162
2014-11-03 16:45:00,2014-11-03 16:46:00,8.48937,8.489,8.4895,8.489,8.49148,8.4906,8.4916,8.4906,55
2014-11-03 16:46:00,2014-11-03 16:47:00,8.489,8.4833,8.489,8.4823,8.4906,8.4863,8.4906,8.4854,109
2014-11-03 16:47:00,2014-11-03 16:48:00,8.4833,8.4852,8.4852,8.4826,8.4863,8.4872,8.4875,8.4862,81
2014-11-03 16:48:00,2014-11-03 16:49:00,8.4852,8.47731,8.48556,8.4772,8.4872,8.4806,8.4874,8.4797,144
2014-11-03 16:49:00,2014-11-03 16:50:00,8.47731,8.48106,8.48171,8.4757,8.4806,8.4831,8.4835,8.47845,194
2014-11-03 16:50:00,2014-11-03 16:51:00,8.48106,8.47976,8.48106,8.4778,8.4831,8.4821,8.48299,8.4799,109
2014-11-03 16:51:00,2014-11-03 16:52:00,8.47976,8.48004,8.48032,8.47957,8.4821,8.48241,8.4826,8.48207,101
2014-11-03 16:52:00,2014-11-03 16:53:00,8.48004,8.47899,8.48031,8.47896,8.48241,8.4809,8.4826,8.4809,34
2014-11-03 16:53:00,2014-11-03 16:54:00,8.47899,8.4783,8.4792,8.4783,8.4809,8.4804,8.48117,8.4804,114
2014-11-03 16:54:00,2014-11-03 16:55:00,8.4783,8.475,8.4783,8.475,8.4804,8.47747,8.48028,8.47747,50
2014-11-03 16:55:00,2014-11-03 16:56:00,8.475,8.47563,8.47715,8.4703,8.47747,8.47813,8.4788,8.47083,400
2014-11-03 16:56:00,2014-11-03 16:57:00,8.47563,8.4752,8.4785,8.4752,8.47813,8.47713,8.4794,8.47713,128
2014-11-03 16:57:00,2014-11-03 16:58:00,8.4752,8.4765,8.4792,8.475,8.47713,8.4785,8.4805,8.4766,182
2014-11-03 16:58:00,2014-11-03 16:59:00,8.4765,8.47615,8.4773,8.47567,8.4785,8.47775,8.4789,8.4773,64
2014-11-03 16:59:00,2014-11-03 17:00:00,8.47615,8.47226,8.47615,8.4721,8.47775,8.47465,8.47814,8.47437,56
2014-11-03 17:00:00,2014-11-03 17:01:00,8.47226,8.4713,8.4725,8.4712,8.47465,8.47335,8.47485,8.47301,46
2014-11-03 17:01:00,2014-11-03 17:02:00,8.4713,8.4714,8.47412,8.4687,8.47335,8.47346,8.4755,8.47011,177
2014-11-03 17:02:00,2014-11-03 17:03:00,8.4714,8.47098,8.47219,8.46893,8.47346,8.4726,8.4742,8.4705,168
2014-11-03 17:03:00,2014-11-03 17:04:00,8.47098,8.4718,8.47247,8.47042,8.4726,8.4736,8.4736,8.4721,31
2014-11-03 17:04:00,2014-11-03 17:05:00,8.4718,8.4728,8.4728,8.4718,8.4736,8.4745,8.4745,8.4739,12
2014-11-03 17:05:00,2014-11-03 17:06:00,8.4728,8.4726,8.4728,8.4726,8.4745,8.47372,8.4745,8.47372,6
2014-11-03 17:06:00,2014-11-03 17:07:00,8.4726,8.4725,8.4746,8.4712,8.47372,8.47436,8.476,8.47372,77
2014-11-03 17:07:00,2014-11-03 17:08:00,8.4725,8.47391,8.47429,8.4721,8.47436,8.47584,8.47631,8.47436,94
2014-11-03 17:08:00,2014-11-03 17:09:00,8.47391,8.47392,8.47405,8.4736,8.47584,8.47604,8.47638,8.47503,41
2014-11-03 17:09:00,2014-11-03 17:10:00,8.47392,8.4729,8.47392,8.4728,8.47604,8.47471,8.47597,8.47464,88
2014-11-03 17:10:00,2014-11-03 17:11:00,8.4729,8.4731,8.4731,8.4729,8.47471,8.47473,8.47473,8.47473,3
2014-11-03 17:11:00,2014-11-03 17:12:00,8.4731,8.4712,8.4733,8.4709,8.47473,8.47338,8.47475,8.4728,60
2014-11-03 17:12:00,2014-11-03 17:13:00,8.4712,8.4713,8.4714,8.4713,8.47338,8.4734,8.4735,8.47338,7
2014-11-03 17:13:00,2014-11-03 17:14:00,8.4713,8.47063,8.47161,8.47063,8.4734,8.4723,8.47349,8.4723,24
2014-11-03 17:14:00,2014-11-03 17:15:00,8.47063,8.4692,8.47055,8.4682,8.4723,8.47155,8.47253,8.4707,26
2014-11-03 17:15:00,2014-11-03 17:16:00,8.4692,8.4717,8.47295,8.4692,8.47155,8.47385,8.47458,8.47077,89
2014-11-03 17:16:00,2014-11-03 17:17:00,8.4717,8.4728,8.47381,8.4712,8.47385,8.47476,8.47476,8.4734,71
2014-11-03 17:17:00,2014-11-03 17:18:00,8.4728,8.4717,8.4728,8.4711,8.47476,8.47379,8.47476,8.47364,42
2014-11-03 17:18:00,2014-11-03 17:19:00,8.4717,8.4734,8.4734,8.4715,8.47379,8.4752,8.47523,8.47368,39
2014-11-03 17:19:00,2014-11-03 17:20:00,8.4734,8.4746,8.4759,8.4734,8.4752,8.47677,8.47688,8.47517,26
2014-11-03 17:20:00,2014-11-03 17:21:00,8.4746,8.47421,8.475,8.47418,8.47677,8.47658,8.4773,8.47658,35
2014-11-03 17:21:00,2014-11-03 17:22:00,8.47421,8.47406,8.4744,8.47395,8.47658,8.4766,8.4767,8.4765,15
2014-11-03 17:22:00,2014-11-03 17:23:00,8.47406,8.47435,8.47435,8.4741,8.4766,8.4766,8.4767,8.4766,8
2014-11-03 17:23:00,2014-11-03 17:24:00,8.47435,8.47378,8.47435,8.47378,8.4766,8.4756,8.47656,8.4756,25
2014-11-03 17:24:00,2014-11-03 17:25:00,8.47378,8.47382,8.47382,8.47378,8.4756,8.47566,8.47566,8.47562,2
2014-11-03 17:25:00,2014-11-03 17:26:00,8.47382,8.47401,8.47405,8.47399,8.47566,8.47567,8.47571,8.47565,8
2014-11-03 17:26:00,2014-11-03 17:27:00,8.47401,8.47401,8.4741,8.47397,8.47567,8.47567,8.47571,8.47563,11
2014-11-03 17:27:00,2014-11-03 17:28:00,8.47401,8.474,8.47401,8.474,8.47567,8.47566,8.47566,8.47566,2
2014-11-03 17:28:00,2014-11-03 17:29:00,8.474,8.47401,8.47401,8.47399,8.47566,8.47567,8.47567,8.47565,9
2014-11-03 17:29:00,2014-11-03 17:30:00,8.47401,8.474,8.47428,8.474,8.47567,8.47566,8.4759,8.47566,18
2014-11-03 17:30:00,2014-11-03 17:31:00,8.474,8.47401,8.47401,8.47401,8.47566,8.47567,8.47567,8.47566,2
2014-11-03 17:31:00,2014-11-03 17:32:00,8.47401,8.4739,8.47401,8.4737,8.47567,8.47528,8.47566,8.4752,15
2014-11-03 17:32:00,2014-11-03 17:33:00,8.4739,8.4739,8.47391,8.4738,8.47528,8.47528,8.4753,8.4752,12
2014-11-03 17:33:00,2014-11-03 17:34:00,8.4739,8.47635,8.47693,8.47392,8.47528,8.48033,8.48035,8.4753,69
2014-11-03 17:34:00,2014-11-03 17:35:00,8.47635,8.47649,8.47759,8.4761,8.48033,8.4788,8.48132,8.47879,58
2014-11-03 17:35:00,2014-11-03 17:36:00,8.47649,8.47657,8.4769,8.47651,8.4788,8.47904,8.47904,8.4788,17
2014-11-03 17:36:00,2014-11-03 17:37:00,8.47657,8.47654,8.47675,8.47654,8.47904,8.47895,8.47904,8.47894,10
2014-11-03 17:37:00,2014-11-03 17:38:00,8.47654,8.47698,8.47698,8.47654,8.47895,8.47915,8.47915,8.47883,19
2014-11-03 17:38:00,2014-11-03 17:39:00,8.47698,8.47695,8.47695,8.47695,8.47915,8.4791,8.47915,8.4791,4
2014-11-03 17:39:00,2014-11-03 17:40:00,8.47695,8.47709,8.47709,8.47695,8.4791,8.47915,8.47915,8.47902,8
2014-11-03 17:40:00,2014-11-03 17:41:00,8.47709,8.48095,8.48097,8.47708,8.47915,8.4842,8.4845,8.47915,99
2014-11-03 17:41:00,2014-11-03 17:42:00,8.48095,8.48598,8.48675,8.48075,8.4842,8.4908,8.49088,8.4842,63
2014-11-03 17:42:00,2014-11-03 17:43:00,8.48598,8.48148,8.48762,8.4811,8.4908,8.4849,8.49166,8.4842,132
2014-11-03 17:43:00,2014-11-03 17:44:00,8.48148,8.4809,8.48181,8.4808,8.4849,8.48314,8.48447,8.48301,37
2014-11-03 17:44:00,2014-11-03 17:45:00,8.4809,8.4774,8.4809,8.4773,8.48314,8.4818,8.48312,8.4818,48
2014-11-03 17:45:00,2014-11-03 17:46:00,8.4774,8.4775,8.4794,8.47667,8.4818,8.47942,8.4819,8.4785,90
2014-11-03 17:46:00,2014-11-03 17:47:00,8.4775,8.4769,8.4779,8.4767,8.47942,8.47901,8.47953,8.47788,45
2014-11-03 17:47:00,2014-11-03 17:48:00,8.4769,8.4767,8.4768,8.4767,8.47901,8.47878,8.47901,8.47878,6
2014-11-03 17:48:00,2014-11-03 17:49:00,8.4767,8.476,8.4768,8.47253,8.47878,8.4784,8.47914,8.4773,102
2014-11-03 17:49:00,2014-11-03 17:50:00,8.476,8.47632,8.47632,8.476,8.4784,8.47865,8.47865,8.47852,9
2014-11-03 17:50:00,2014-11-03 17:51:00,8.47632,8.4763,8.4764,8.4763,8.47865,8.47865,8.47865,8.47865,3
2014-11-03 17:51:00,2014-11-03 17:53:00,8.4763,8.4738,8.47634,8.4733,8.47865,8.4784,8.47882,8.47795,26
2014-11-03 17:53:00,2014-11-03 17:54:00,8.4738,8.4736,8.47377,8.4736,8.4784,8.4781,8.4784,8.478,11
2014-11-03 17:54:00,2014-11-03 17:55:00,8.4736,8.47481,8.47481,8.4736,8.4781,8.47741,8.4783,8.47722,17
2014-11-03 17:55:00,2014-11-03 17:56:00,8.47481,8.4749,8.47515,8.47461,8.47741,8.47749,8.47749,8.4767,24
2014-11-03 17:56:00,2014-11-03 17:57:00,8.4749,8.4752,8.4752,8.4749,8.47749,8.47746,8.4776,8.47735,9
2014-11-03 17:57:00,2014-11-03 17:58:00,8.4752,8.4749,8.47608,8.4741,8.47746,8.4772,8.4778,8.47634,49
2014-11-03 17:58:00,2014-11-03 17:59:00,8.4749,8.47518,8.47518,8.47453,8.4772,8.4776,8.4776,8.4771,25
2014-11-03 17:59:00,2014-11-03 18:00:00,8.47518,8.4744,8.4752,8.4739,8.4776,8.47615,8.4777,8.47585,55
2014-11-03 18:00:00,2014-11-03 18:01:00,8.4744,8.4754,8.4758,8.4748,8.47615,8.47724,8.47735,8.47615,25
2014-11-03 18:01:00,2014-11-03 18:02:00,8.4754,8.47465,8.4757,8.47465,8.47724,8.4771,8.47724,8.4771,7
2014-11-03 18:02:00,2014-11-03 18:03:00,8.47465,8.4749,8.47507,8.47436,8.4771,8.477,8.4774,8.47613,35
2014-11-03 18:03:00,2014-11-03 18:04:00,8.4749,8.47446,8.4749,8.47435,8.477,8.47668,8.4771,8.47635,23
2014-11-03 18:04:00,2014-11-03 18:05:00,8.47446,8.4741,8.47505,8.4726,8.47668,8.47607,8.47668,8.47414,68
2014-11-03 18:05:00,2014-11-03 18:06:00,8.4741,8.47445,8.47459,8.4739,8.47607,8.4767,8.47694,8.47556,71
2014-11-03 18:06:00,2014-11-03 18:07:00,8.47445,8.47495,8.47526,8.474,8.4767,8.47679,8.47755,8.4764,61
2014-11-03 18:07:00,2014-11-03 18:08:00,8.47495,8.47496,8.47576,8.4738,8.47679,8.4764,8.4784,8.47599,110
2014-11-03 18:08:00,2014-11-03 18:09:00,8.47496,8.475,8.4759,8.47368,8.4764,8.47733,8.4778,8.47563,92
2014-11-03 18:09:00,2014-11-03 18:10:00,8.475,8.474,8.4752,8.47214,8.47733,8.4778,8.478,8.47454,104
2014-11-03 18:10:00,2014-11-03 18:11:00,8.474,8.4739,8.474,8.4739,8.4778,8.4777,8.4777,8.4777,2
2014-11-03 18:11:00,2014-11-03 18:12:00,8.4739,8.47484,8.47484,8.474,8.4777,8.4788,8.4788,8.47722,23
2014-11-03 18:12:00,2014-11-03 18:13:00,8.47484,8.47484,8.47484,8.47484,8.4788,8.4786,8.4787,8.4786,2
2014-11-03 18:13:00,2014-11-03 18:14:00,8.47484,8.47484,8.47484,8.47455,8.4786,8.4786,8.4786,8.4785,6
2014-11-03 18:14:00,2014-11-03 18:15:00,8.47484,8.47543,8.47547,8.47488,8.4786,8.4777,8.4786,8.4777,10
2014-11-03 18:15:00,2014-11-03 18:16:00,8.47543,8.47543,8.47545,8.4752,8.4777,8.4776,8.47804,8.4776,27
2014-11-03 18:16:00,2014-11-03 18:17:00,8.47543,8.47527,8.47547,8.47522,8.4776,8.4776,8.47807,8.4776,20
2014-11-03 18:17:00,2014-11-03 18:18:00,8.47527,8.47543,8.47543,8.4752,8.4776,8.4775,8.4778,8.4775,8
2014-11-03 18:18:00,2014-11-03 18:19:00,8.47543,8.4752,8.4753,8.47514,8.4775,8.4776,8.4776,8.4774,21
2014-11-03 18:19:00,2014-11-03 18:20:00,8.4752,8.47528,8.4753,8.4752,8.4776,8.4776,8.4776,8.4775,15
2014-11-03 18:20:00,2014-11-03 18:21:00,8.47528,8.4753,8.4753,8.47526,8.4776,8.4776,8.4776,8.4776,5
2014-11-03 18:21:00,2014-11-03 18:22:00,8.4753,8.4753,8.4754,8.4753,8.4776,8.4776,8.4777,8.4776,7
2014-11-03 18:22:00,2014-11-03 18:23:00,8.4753,8.4754,8.4754,8.4753,8.4776,8.4773,8.4777,8.4773,15
2014-11-03 18:23:00,2014-11-03 18:24:00,8.4754,8.47492,8.4754,8.47489,8.4773,8.4774,8.4774,8.4769,11
2014-11-03 18:24:00,2014-11-03 18:25:00,8.47492,8.47486,8.47494,8.47486,8.4774,8.47727,8.4774,8.47727,7
2014-11-03 18:25:00,2014-11-03 18:26:00,8.47486,8.47486,8.47487,8.47486,8.47727,8.4772,8.4773,8.4771,6
2014-11-03 18:26:00,2014-11-03 18:27:00,8.47486,8.47486,8.47501,8.47486,8.4772,8.4772,8.4773,8.4772,5
2014-11-03 18:27:00,2014-11-03 18:28:00,8.47486,8.47494,8.47506,8.47487,8.4772,8.4774,8.4774,8.4772,6
2014-11-03 18:28:00,2014-11-03 18:29:00,8.47494,8.47573,8.4759,8.47489,8.4774,8.478,8.478,8.4773,18
2014-11-03 18:29:00,2014-11-03 18:30:00,8.47573,8.47607,8.4761,8.47565,8.478,8.4782,8.47825,8.478,10
2014-11-03 18:30:00,2014-11-03 18:31:00,8.47607,8.47607,8.47607,8.47607,8.4782,8.47809,8.4783,8.47809,7
2014-11-03 18:31:00,2014-11-03 18:32:00,8.47607,8.47607,8.47608,8.47607,8.47809,8.47801,8.4782,8.47797,7
2014-11-03 18:32:00,2014-11-03 18:33:00,8.47607,8.47565,8.47607,8.47565,8.47801,8.47802,8.47804,8.47802,4
2014-11-03 18:33:00,2014-11-03 18:34:00,8.47565,8.47565,8.47566,8.47565,8.47802,8.47797,8.47802,8.47796,5
2014-11-03 18:34:00,2014-11-03 18:35:00,8.47565,8.4757,8.4757,8.47565,8.47797,8.47807,8.47807,8.47795,4
2014-11-03 18:35:00,2014-11-03 18:36:00,8.4757,8.4758,8.4758,8.47565,8.47807,8.47816,8.47816,8.47807,7
2014-11-03 18:36:00,2014-11-03 18:37:00,8.4758,8.4764,8.4764,8.4759,8.47816,8.47867,8.47867,8.47816,13
2014-11-03 18:37:00,2014-11-03 18:38:00,8.4764,8.477,8.477,8.4762,8.47867,8.47894,8.47894,8.47855,16
2014-11-03 18:38:00,2014-11-03 18:39:00,8.477,8.477,8.4771,8.4769,8.47894,8.47894,8.47917,8.47894,7
2014-11-03 18:39:00,2014-11-03 18:40:00,8.477,8.4772,8.4772,8.4769,8.47894,8.47894,8.47894,8.47885,5
2014-11-03 18:40:00,2014-11-03 18:41:00,8.4772,8.4771,8.4771,8.4771,8.47894,8.47894,8.47894,8.47894,1
2014-11-03 18:41:00,2014-11-03 18:42:00,8.4771,8.4772,8.4772,8.4772,8.47894,8.47894,8.47894,8.47894,1
2014-11-03 18:42:00,2014-11-03 18:43:00,8.4772,8.4771,8.4774,8.4768,8.47894,8.47894,8.47894,8.47894,8
2014-11-03 18:43:00,2014-11-03 18:44:00,8.4771,8.4771,8.4773,8.477,8.47894,8.47894,8.47894,8.47894,13
2014-11-03 18:44:00,2014-11-03 18:45:00,8.4771,8.4771,8.4771,8.477,8.47894,8.47894,8.47894,8.47894,2
2014-11-03 18:45:00,2014-11-03 18:46:00,8.4771,8.4771,8.4774,8.477,8.47894,8.47894,8.47894,8.47894,6
2014-11-03 18:46:00,2014-11-03 18:47:00,8.4771,8.4772,8.4773,8.4772,8.47894,8.47894,8.47894,8.47894,2
2014-11-03 18:47:00,2014-11-03 18:48:00,8.4772,8.4772,8.4776,8.4771,8.47894,8.47894,8.47894,8.47894,7
2014-11-03 18:48:00,2014-11-03 18:49:00,8.4772,8.4776,8.4776,8.4773,8.47894,8.47894,8.47894,8.47894,5
2014-11-03 18:49:00,2014-11-03 18:51:00,8.4775,8.4776,8.4776,8.4776,8.47894,8.47894,8.47894,8.47894,1
2014-11-03 18:51:00,2014-11-03 18:52:00,8.4776,8.4775,8.4775,8.4775,8.47894,8.47894,8.47894,8.47894,1
2014-11-03 18:52:00,2014-11-03 18:53:00,8.4775,8.4788,8.4788,8.4776,8.47894,8.47983,8.47983,8.47894,14
2014-11-03 18:53:00,2014-11-03 18:54:00,8.4788,8.4789,8.4789,8.4789,8.47983,8.47983,8.47983,8.47983,1
2014-11-03 18:54:00,2014-11-03 18:55:00,8.4789,8.47857,8.47857,8.47816,8.47983,8.47982,8.47985,8.4798,10
2014-11-03 18:55:00,2014-11-03 18:56:00,8.47857,8.47858,8.47858,8.47835,8.47982,8.47982,8.47982,8.47982,2
2014-11-03 18:56:00,2014-11-03 18:57:00,8.47858,8.4813,8.48175,8.47814,8.47982,8.4828,8.48286,8.47979,27
2014-11-03 18:57:00,2014-11-03 18:58:00,8.4813,8.48525,8.4857,8.4813,8.4828,8.4871,8.4876,8.4827,79
2014-11-03 18:58:00,2014-11-03 18:59:00,8.48525,8.4782,8.4857,8.47777,8.4871,8.48052,8.4872,8.4805,172
2014-11-03 18:59:00,2014-11-03 19:00:00,8.4782,8.4784,8.48056,8.4783,8.48052,8.4798,8.4819,8.4798,58
2014-11-03 19:00:00,2014-11-03 19:01:00,8.4784,8.4786,8.4786,8.4783,8.4798,8.4804,8.4804,8.4798,12
2014-11-03 19:01:00,2014-11-03 19:02:00,8.4786,8.4787,8.4787,8.4785,8.4804,8.4808,8.4808,8.4801,20
2014-11-03 19:02:00,2014-11-03 19:03:00,8.4787,8.4774,8.4787,8.4774,8.4808,8.47963,8.48056,8.47963,25
2014-11-03 19:03:00,2014-11-03 19:04:00,8.4774,8.47753,8.47753,8.4774,8.47963,8.47963,8.47966,8.47963,7
2014-11-03 19:04:00,2014-11-03 19:05:00,8.47753,8.4784,8.4787,8.4775,8.47963,8.4808,8.48103,8.47963,19
2014-11-03 19:05:00,2014-11-03 19:06:00,8.4784,8.479,8.479,8.4784,8.4808,8.48086,8.48087,8.48086,8
2014-11-03 19:06:00,2014-11-03 19:07:00,8.479,8.4782,8.479,8.4781,8.48086,8.48013,8.48087,8.48013,13
2014-11-03 19:07:00,2014-11-03 19:08:00,8.4782,8.478,8.4781,8.4779,8.48013,8.48013,8.48013,8.48013,8
2014-11-03 19:08:00,2014-11-03 19:09:00,8.478,8.47782,8.478,8.4778,8.48013,8.48013,8.48013,8.48013,9
2014-11-03 19:09:00,2014-11-03 19:10:00,8.47782,8.4778,8.47797,8.47778,8.48013,8.48013,8.48013,8.48,9
2014-11-03 19:10:00,2014-11-03 19:11:00,8.4778,8.47791,8.478,8.4778,8.48013,8.4804,8.4804,8.48013,21
2014-11-03 19:11:00,2014-11-03 19:12:00,8.47791,8.47791,8.47803,8.4779,8.4804,8.4803,8.4804,8.4803,5
2014-11-03 19:12:00,2014-11-03 19:13:00,8.47791,8.4781,8.4782,8.47793,8.4803,8.4804,8.4804,8.4803,12
2014-11-03 19:13:00,2014-11-03 19:14:00,8.4781,8.4781,8.4783,8.4781,8.4804,8.48017,8.4804,8.48015,9
2014-11-03 19:14:00,2014-11-03 19:15:00,8.4781,8.4779,8.4781,8.4778,8.48017,8.4802,8.48038,8.48015,23
2014-11-03 19:15:00,2014-11-03 19:16:00,8.4779,8.478,8.47803,8.4779,8.4802,8.4804,8.4804,8.4803,7
2014-11-03 19:16:00,2014-11-03 19:17:00,8.478,8.4781,8.47815,8.4779,8.4804,8.4804,8.4804,8.4804,5
2014-11-03 19:17:00,2014-11-03 19:18:00,8.4781,8.4783,8.4783,8.4781,8.4804,8.4804,8.4804,8.4804,4
2014-11-03 19:18:00,2014-11-03 19:19:00,8.4783,8.4783,8.4784,8.4783,8.4804,8.4804,8.4804,8.4804,2
2014-11-03 19:19:00,2014-11-03 19:20:00,8.4783,8.4784,8.4785,8.4784,8.4804,8.4804,8.4804,8.4804,5
2014-11-03 19:20:00,2014-11-03 19:21:00,8.4784,8.4784,8.4784,8.4784,8.4804,8.48038,8.48038,8.48038,1
2014-11-03 19:21:00,2014-11-03 19:22:00,8.4784,8.47845,8.47845,8.47845,8.48038,8.48038,8.48038,8.48038,1
2014-11-03 19:22:00,2014-11-03 19:25:00,8.47845,8.47845,8.47854,8.4783,8.48038,8.4804,8.4804,8.48038,7
2014-11-03 19:25:00,2014-11-03 19:26:00,8.47845,8.47895,8.47895,8.47837,8.4804,8.48074,8.4808,8.4802,9
2014-11-03 19:26:00,2014-11-03 19:27:00,8.47895,8.4782,8.47895,8.4781,8.48074,8.48008,8.48111,8.47941,33
2014-11-03 19:27:00,2014-11-03 19:28:00,8.4782,8.48206,8.48206,8.4782,8.48008,8.4839,8.4845,8.48014,63
2014-11-03 19:28:00,2014-11-03 19:29:00,8.48206,8.48206,8.48206,8.48206,8.4839,8.4842,8.4842,8.4839,6
2014-11-03 19:29:00,2014-11-03 19:30:00,8.48206,8.4821,8.48237,8.4818,8.4842,8.4853,8.4863,8.4841,34
2014-11-03 19:30:00,2014-11-03 19:31:00,8.4821,8.48298,8.48314,8.4816,8.4853,8.4855,8.4864,8.4842,48
2014-11-03 19:31:00,2014-11-03 19:32:00,8.48298,8.4822,8.48596,8.482,8.4855,8.48397,8.4876,8.48373,63
2014-11-03 19:32:00,2014-11-03 19:33:00,8.4822,8.4822,8.48237,8.482,8.48397,8.4859,8.4861,8.48394,25
2014-11-03 19:33:00,2014-11-03 19:34:00,8.4822,8.4849,8.4859,8.4822,8.4859,8.48983,8.49034,8.4863,60
2014-11-03 19:34:00,2014-11-03 19:35:00,8.4849,8.4871,8.48723,8.4848,8.48983,8.4894,8.4898,8.48895,32
2014-11-03 19:35:00,2014-11-03 19:36:00,8.4871,8.48722,8.48737,8.4869,8.4894,8.4891,8.4893,8.489,23
2014-11-03 19:36:00,2014-11-03 19:37:00,8.48722,8.48711,8.48734,8.48711,8.4891,8.4889,8.489,8.4889,13
2014-11-03 19:37:00,2014-11-03 19:38:00,8.48711,8.4872,8.48734,8.48704,8.4889,8.489,8.4891,8.4889,19
2014-11-03 19:38:00,2014-11-03 19:39:00,8.4872,8.48711,8.48729,8.48699,8.489,8.489,8.489,8.4889,11
2014-11-03 19:39:00,2014-11-03 19:40:00,8.48711,8.48728,8.48736,8.48705,8.489,8.4891,8.4892,8.489,11
2014-11-03 19:40:00,2014-11-03 19:41:00,8.48728,8.4872,8.48739,8.48703,8.4891,8.4891,8.4893,8.4891,17
2014-11-03 19:41:00,2014-11-03 19:42:00,8.4872,8.48771,8.4884,8.48695,8.4891,8.4901,8.4905,8.4891,51
2014-11-03 19:42:00,2014-11-03 19:43:00,8.48771,8.48767,8.48797,8.48751,8.4901,8.4899,8.49,8.4899,13
2014-11-03 19:43:00,2014-11-03 19:44:00,8.48767,8.48767,8.48767,8.48767,8.4899,8.4899,8.4899,8.4898,2
2014-11-03 19:44:00,2014-11-03 19:45:00,8.48767,8.48767,8.48767,8.48748,8.4899,8.4898,8.4899,8.4898,7
2014-11-03 19:45:00,2014-11-03 19:46:00,8.48767,8.48969,8.48969,8.48767,8.4898,8.49228,8.4935,8.4899,41
2014-11-03 19:46:00,2014-11-03 19:47:00,8.48969,8.48969,8.4897,8.48969,8.49228,8.49227,8.49228,8.49227,3
2014-11-03 19:47:00,2014-11-03 19:48:00,8.48969,8.49134,8.49165,8.48974,8.49227,8.4933,8.4937,8.49227,27
2014-11-03 19:48:00,2014-11-03 19:49:00,8.49134,8.49165,8.49165,8.49134,8.4933,8.4935,8.4936,8.4933,13
2014-11-03 19:49:00,2014-11-03 19:50:00,8.49165,8.49165,8.49165,8.49165,8.4935,8.49343,8.49359,8.49343,3
2014-11-03 19:50:00,2014-11-03 19:51:00,8.49165,8.49165,8.49165,8.4911,8.49343,8.49332,8.49345,8.49332,6
2014-11-03 19:51:00,2014-11-03 19:52:00,8.49165,8.49165,8.49165,8.49165,8.49332,8.49338,8.49338,8.49335,3
2014-11-03 19:52:00,2014-11-03 19:53:00,8.49165,8.49258,8.49258,8.49165,8.49338,8.49425,8.49425,8.49361,29
2014-11-03 19:53:00,2014-11-03 19:54:00,8.49258,8.49495,8.49495,8.49221,8.49425,8.49682,8.49719,8.49425,48
2014-11-03 19:54:00,2014-11-03 19:55:00,8.49495,8.4929,8.49495,8.4928,8.49682,8.49537,8.4971,8.4951,33
2014-11-03 19:55:00,2014-11-03 19:56:00,8.4929,8.4932,8.4933,8.4928,8.49537,8.49534,8.49559,8.49522,18
2014-11-03 19:56:00,2014-11-03 19:57:00,8.4932,8.493,8.4931,8.4927,8.49534,8.4966,8.4971,8.49531,20
2014-11-03 19:57:00,2014-11-03 19:58:00,8.493,8.49209,8.493,8.49209,8.4966,8.4948,8.4966,8.4948,15
2014-11-03 19:58:00,2014-11-03 19:59:00,8.49209,8.49199,8.49232,8.4918,8.4948,8.4947,8.4954,8.4943,28
2014-11-03 19:59:00,2014-11-03 20:00:00,8.49199,8.4919,8.49223,8.4918,8.4947,8.4949,8.4952,8.4944,36
2014-11-03 20:00:00,2014-11-03 20:01:00,8.4919,8.49136,8.49198,8.4913,8.4949,8.4936,8.4947,8.4933,21
2014-11-03 20:01:00,2014-11-03 20:02:00,8.49136,8.48774,8.49136,8.4868,8.4936,8.49034,8.4934,8.49025,44
2014-11-03 20:02:00,2014-11-03 20:03:00,8.48774,8.48792,8.48819,8.48764,8.49034,8.49067,8.49097,8.49024,23
2014-11-03 20:03:00,2014-11-03 20:04:00,8.48792,8.4868,8.488,8.4867,8.49067,8.49106,8.49106,8.4904,25
2014-11-03 20:04:00,2014-11-03 20:05:00,8.4868,8.4868,8.4868,8.4868,8.49106,8.4907,8.4916,8.4904,13
2014-11-03 20:05:00,2014-11-03 20:06:00,8.4868,8.4868,8.4868,8.4867,8.4907,8.4904,8.4915,8.49,50
2014-11-03 20:06:00,2014-11-03 20:07:00,8.4868,8.4868,8.4868,8.4868,8.4904,8.4904,8.4905,8.49,23
2014-11-03 20:07:00,2014-11-03 20:08:00,8.4868,8.4868,8.48696,8.4868,8.4904,8.4901,8.4912,8.4895,60
2014-11-03 20:08:00,2014-11-03 20:09:00,8.4868,8.4876,8.48765,8.4869,8.4901,8.4901,8.4904,8.48987,28
2014-11-03 20:09:00,2014-11-03 20:10:00,8.4876,8.488,8.488,8.4876,8.4901,8.49017,8.49035,8.4899,12
2014-11-03 20:10:00,2014-11-03 20:11:00,8.488,8.48758,8.488,8.487,8.49017,8.4897,8.4902,8.4897,17
2014-11-03 20:11:00,2014-11-03 20:12:00,8.48758,8.4882,8.48841,8.4867,8.4897,8.49,8.4903,8.4887,31
2014-11-03 20:12:00,2014-11-03 20:13:00,8.4882,8.4882,8.48821,8.4868,8.49,8.4905,8.4905,8.4892,38
2014-11-03 20:13:00,2014-11-03 20:14:00,8.4882,8.4868,8.4882,8.4867,8.4905,8.4901,8.4905,8.4899,21
2014-11-03 20:14:00,2014-11-03 20:15:00,8.4868,8.4868,8.4868,8.4868,8.4901,8.4904,8.4904,8.49,4
2014-11-03 20:15:00,2014-11-03 20:16:00,8.4868,8.4868,8.4868,8.4868,8.4904,8.4903,8.4905,8.4903,8
2014-11-03 20:16:00,2014-11-03 20:17:00,8.4868,8.49045,8.4905,8.4868,8.4903,8.4916,8.4916,8.4904,24
2014-11-03 20:17:00,2014-11-03 20:18:00,8.49045,8.4904,8.49041,8.4904,8.4916,8.4915,8.4916,8.4915,3
2014-11-03 20:18:00,2014-11-03 20:19:00,8.4904,8.49041,8.49041,8.49041,8.4915,8.4915,8.4915,8.4914,3
2014-11-03 20:19:00,2014-11-03 20:20:00,8.49041,8.4904,8.49043,8.4904,8.4915,8.4915,8.4915,8.4914,6
2014-11-03 20:20:00,2014-11-03 20:24:00,8.4904,8.49024,8.4904,8.4901,8.4915,8.4912,8.4913,8.491,19
2014-11-03 20:24:00,2014-11-03 20:25:00,8.49024,8.49044,8.49052,8.49024,8.4912,8.4915,8.4916,8.4913,9
2014-11-03 20:25:00,2014-11-03 20:26:00,8.49044,8.49045,8.49047,8.49039,8.4915,8.4916,8.4919,8.4914,10
2014-11-03 20:26:00,2014-11-03 20:27:00,8.49045,8.49046,8.49047,8.49044,8.4916,8.4917,8.49266,8.4915,13
2014-11-03 20:27:00,2014-11-03 20:28:00,8.49046,8.49044,8.49046,8.49044,8.4917,8.4918,8.4918,8.4915,6
2014-11-03 20:28:00,2014-11-03 20:29:00,8.49044,8.4905,8.4905,8.49049,8.4918,8.4919,8.4921,8.4918,9
2014-11-03 20:29:00,2014-11-03 20:30:00,8.4905,8.4906,8.4907,8.49053,8.4919,8.4915,8.4919,8.4915,7
2014-11-03 20:30:00,2014-11-03 20:31:00,8.4906,8.4906,8.4907,8.4906,8.4915,8.4916,8.4916,8.4915,15
2014-11-03 20:31:00,2014-11-03 20:32:00,8.4906,8.49042,8.4907,8.4904,8.4916,8.4913,8.4916,8.4912,14
2014-11-03 20:32:00,2014-11-03 20:33:00,8.49042,8.49041,8.49042,8.49034,8.4913,8.4912,8.4912,8.4911,12
2014-11-03 20:33:00,2014-11-03 20:34:00,8.49041,8.49347,8.49347,8.49041,8.4912,8.495,8.495,8.4916,31
2014-11-03 20:34:00,2014-11-03 20:36:00,8.49347,8.49347,8.49347,8.49347,8.495,8.4952,8.4952,8.495,4
2014-11-03 20:36:00,2014-11-03 20:37:00,8.49347,8.493,8.49347,8.493,8.4952,8.4946,8.4948,8.4946,8
2014-11-03 20:37:00,2014-11-03 20:38:00,8.493,8.493,8.493,8.493,8.4946,8.4945,8.4946,8.4944,4
2014-11-03 20:38:00,2014-11-03 20:39:00,8.493,8.493,8.493,8.493,8.4945,8.4944,8.4945,8.4944,3
2014-11-03 20:39:00,2014-11-03 20:40:00,8.493,8.4946,8.4966,8.49296,8.4944,8.49648,8.49809,8.4944,64
2014-11-03 20:40:00,2014-11-03 20:41:00,8.4946,8.4961,8.49926,8.4945,8.49648,8.49723,8.5004,8.49619,105
2014-11-03 20:41:00,2014-11-03 20:42:00,8.4961,8.4966,8.4966,8.4961,8.49723,8.49816,8.49838,8.49724,10
2014-11-03 20:42:00,2014-11-03 20:43:00,8.4966,8.4965,8.4966,8.4965,8.49816,8.49813,8.49815,8.49813,3
2014-11-03 20:43:00,2014-11-03 20:44:00,8.4965,8.4964,8.4966,8.4964,8.49813,8.49812,8.49812,8.49812,3
2014-11-03 20:44:00,2014-11-03 20:45:00,8.4964,8.4963,8.4963,8.4963,8.49812,8.49812,8.49812,8.49812,1
2014-11-03 20:45:00,2014-11-03 20:46:00,8.4963,8.4955,8.4963,8.4954,8.49812,8.4972,8.49812,8.4971,10
2014-11-03 20:46:00,2014-11-03 20:47:00,8.4955,8.4927,8.49513,8.4927,8.4972,8.4946,8.4971,8.49428,81
2014-11-03 20:47:00,2014-11-03 20:48:00,8.4927,8.493,8.493,8.4926,8.4946,8.4943,8.49449,8.494,19
2014-11-03 20:48:00,2014-11-03 20:49:00,8.493,8.493,8.494,8.493,8.4943,8.49448,8.495,8.4943,26
2014-11-03 20:49:00,2014-11-03 20:50:00,8.493,8.4927,8.493,8.4927,8.49448,8.49415,8.4944,8.49415,4
2014-11-03 20:50:00,2014-11-03 20:51:00,8.4927,8.4927,8.4927,8.4927,8.49415,8.49416,8.49417,8.49416,2
2014-11-03 20:51:00,2014-11-03 20:52:00,8.4927,8.4927,8.493,8.4924,8.49416,8.4941,8.49493,8.49386,26
2014-11-03 20:52:00,2014-11-03 20:53:00,8.4927,8.4932,8.4939,8.4927,8.4941,8.49499,8.4952,8.494,21
2014-11-03 20:53:00,2014-11-03 20:54:00,8.4932,8.4937,8.4937,8.4937,8.49499,8.4953,8.4953,8.49499,3
2014-11-03 20:54:00,2014-11-03 20:55:00,8.4937,8.4937,8.4937,8.4937,8.4953,8.4952,8.4952,8.4952,1
2014-11-03 20:55:00,2014-11-03 20:56:00,8.4937,8.495,8.495,8.4931,8.4952,8.4957,8.4957,8.4948,13
2014-11-03 20:56:00,2014-11-03 20:59:00,8.495,8.494,8.495,8.493,8.4957,8.4953,8.4956,8.4947,37
2014-11-03 20:59:00,2014-11-03 21:00:00,8.494,8.4937,8.4949,8.4937,8.4953,8.4952,8.4955,8.4952,7
2014-11-03 21:00:00,2014-11-03 21:01:00,8.4937,8.4949,8.4949,8.49416,8.4952,8.4957,8.4957,8.4952,5
2014-11-03 21:01:00,2014-11-03 21:02:00,8.4949,8.4949,8.4949,8.4949,8.4957,8.49627,8.49627,8.4956,3
2014-11-03 21:02:00,2014-11-03 21:03:00,8.4949,8.4949,8.4949,8.4949,8.49627,8.49616,8.49622,8.49615,3
2014-11-03 21:03:00,2014-11-03 21:04:00,8.4949,8.4946,8.4949,8.4946,8.49616,8.49626,8.49632,8.4962,5
2014-11-03 21:04:00,2014-11-03 21:05:00,8.4946,8.4946,8.4946,8.4946,8.49626,8.49622,8.49622,8.49621,2
2014-11-03 21:05:00,2014-11-03 21:06:00,8.4946,8.4946,8.4946,8.4946,8.49622,8.49618,8.49624,8.49618,2
2014-11-03 21:06:00,2014-11-03 21:07:00,8.4946,8.4946,8.4946,8.4946,8.49618,8.4962,8.49625,8.4962,3
2014-11-03 21:07:00,2014-11-03 21:08:00,8.4946,8.4946,8.4946,8.4946,8.4962,8.49624,8.49624,8.49623,2
2014-11-03 21:08:00,2014-11-03 21:09:00,8.4946,8.4946,8.4946,8.4946,8.49624,8.49637,8.49637,8.49625,2
2014-11-03 21:09:00,2014-11-03 21:10:00,8.4946,8.4946,8.4946,8.4946,8.49637,8.4963,8.4963,8.49622,3
2014-11-03 21:10:00,2014-11-03 21:11:00,8.4946,8.4946,8.4946,8.4946,8.4963,8.49629,8.49629,8.49626,3
2014-11-03 21:11:00,2014-11-03 21:12:00,8.4946,8.4946,8.4946,8.4946,8.49629,8.49634,8.49634,8.49628,3
2014-11-03 21:12:00,2014-11-03 21:13:00,8.4946,8.4946,8.4946,8.4946,8.49634,8.49633,8.49633,8.49633,1
2014-11-03 21:13:00,2014-11-03 21:14:00,8.4946,8.4946,8.4946,8.4946,8.49633,8.49629,8.49631,8.49629,3
2014-11-03 21:14:00,2014-11-03 21:15:00,8.4946,8.4946,8.4946,8.4946,8.49629,8.49632,8.49632,8.49632,1
2014-11-03 21:15:00,2014-11-03 21:16:00,8.4946,8.4946,8.4946,8.4946,8.49632,8.49632,8.49636,8.49632,2
2014-11-03 21:16:00,2014-11-03 21:17:00,8.4946,8.4946,8.4946,8.4946,8.49632,8.49619,8.49633,8.49619,3
2014-11-03 21:17:00,2014-11-03 21:18:00,8.4946,8.4942,8.4946,8.4942,8.49619,8.49629,8.49629,8.49624,4
2014-11-03 21:18:00,2014-11-03 21:19:00,8.4942,8.4946,8.4946,8.4942,8.49629,8.49628,8.4963,8.49623,4
2014-11-03 21:19:00,2014-11-03 21:20:00,8.4946,8.49276,8.4946,8.49276,8.49628,8.49536,8.49631,8.49536,11
2014-11-03 21:20:00,2014-11-03 21:21:00,8.49276,8.49406,8.4949,8.49139,8.49536,8.49583,8.4963,8.49432,55
2014-11-03 21:21:00,2014-11-03 21:22:00,8.49406,8.49406,8.49406,8.49406,8.49583,8.49586,8.49586,8.49586,1
2014-11-03 21:22:00,2014-11-03 21:23:00,8.49406,8.49406,8.49406,8.49406,8.49586,8.49599,8.49601,8.49599,3
2014-11-03 21:23:00,2014-11-03 21:24:00,8.49406,8.49406,8.49406,8.49406,8.49599,8.4961,8.4961,8.49598,2
2014-11-03 21:24:00,2014-11-03 21:25:00,8.49406,8.49406,8.49406,8.4935,8.4961,8.49613,8.49613,8.49597,10
2014-11-03 21:25:00,2014-11-03 21:26:00,8.49406,8.4914,8.49406,8.4913,8.49613,8.49342,8.49463,8.49336,44
2014-11-03 21:26:00,2014-11-03 21:27:00,8.4914,8.4914,8.49171,8.4914,8.49342,8.49342,8.49343,8.49342,8
2014-11-03 21:27:00,2014-11-03 21:28:00,8.4914,8.4915,8.4915,8.4897,8.49342,8.49301,8.49341,8.49216,23
2014-11-03 21:28:00,2014-11-03 21:29:00,8.4915,8.4916,8.4916,8.4915,8.49301,8.49302,8.49305,8.49301,5
2014-11-03 21:29:00,2014-11-03 21:30:00,8.4916,8.4916,8.4917,8.4916,8.49302,8.49302,8.49303,8.49302,6
2014-11-03 21:30:00,2014-11-03 21:31:00,8.4916,8.4912,8.4921,8.48983,8.49302,8.49306,8.49377,8.49221,28
2014-11-03 21:31:00,2014-11-03 21:32:00,8.4912,8.4918,8.4926,8.4916,8.49306,8.4931,8.49411,8.49302,22
2014-11-03 21:32:00,2014-11-03 21:33:00,8.4918,8.4909,8.4934,8.4897,8.4931,8.49287,8.49485,8.4922,37
2014-11-03 21:33:00,2014-11-03 21:34:00,8.4909,8.4916,8.4918,8.4909,8.49287,8.49311,8.49316,8.49286,15
2014-11-03 21:34:00,2014-11-03 21:35:00,8.4916,8.4916,8.4916,8.4916,8.49311,8.49323,8.49323,8.49318,4
2014-11-03 21:35:00,2014-11-03 21:36:00,8.4916,8.4915,8.4916,8.4915,8.49323,8.49321,8.49321,8.49318,3
2014-11-03 21:36:00,2014-11-03 21:37:00,8.4915,8.4915,8.4916,8.4915,8.49321,8.49322,8.49323,8.49322,4
2014-11-03 21:37:00,2014-11-03 21:38:00,8.4915,8.491,8.4914,8.4909,8.49322,8.49342,8.49342,8.49322,13
2014-11-03 21:38:00,2014-11-03 21:39:00,8.491,8.491,8.49113,8.491,8.49342,8.49337,8.49343,8.49337,19
2014-11-03 21:39:00,2014-11-03 21:40:00,8.491,8.4909,8.491,8.4909,8.49337,8.49337,8.49342,8.49337,17
2014-11-03 21:40:00,2014-11-03 21:41:00,8.4909,8.4907,8.4909,8.4907,8.49337,8.49306,8.49342,8.49302,61
2014-11-03 21:41:00,2014-11-03 21:42:00,8.4907,8.4907,8.4907,8.4907,8.49306,8.49337,8.49337,8.49298,12
2014-11-03 21:42:00,2014-11-03 21:43:00,8.4907,8.4908,8.4908,8.4907,8.49337,8.49337,8.49337,8.49332,12
2014-11-03 21:43:00,2014-11-03 21:44:00,8.4908,8.4907,8.4908,8.4907,8.49337,8.49338,8.49339,8.49338,3
2014-11-03 21:44:00,2014-11-03 21:45:00,8.4907,8.4907,8.4907,8.4907,8.49338,8.49364,8.49364,8.49363,2
2014-11-03 21:45:00,2014-11-03 21:46:00,8.4907,8.4907,8.4907,8.4907,8.49364,8.49366,8.49366,8.49366,1
2014-11-03 21:46:00,2014-11-03 21:47:00,8.4907,8.4905,8.4907,8.4905,8.49366,8.4936,8.49367,8.4936,4
2014-11-03 21:47:00,2014-11-03 21:48:00,8.4905,8.4906,8.4906,8.4905,8.4936,8.49363,8.49363,8.49357,8
2014-11-03 21:48:00,2014-11-03 21:49:00,8.4906,8.4905,8.4906,8.4905,8.49363,8.4936,8.4936,8.49357,3
2014-11-03 21:49:00,2014-11-03 21:51:00,8.4905,8.4931,8.4931,8.4905,8.4936,8.4941,8.4947,8.49357,23
2014-11-03 21:51:00,2014-11-03 21:52:00,8.4931,8.48323,8.4951,8.4813,8.4941,8.49156,8.49658,8.49054,98
2014-11-03 21:52:00,2014-11-03 21:53:00,8.48323,8.4863,8.4863,8.4832,8.49156,8.4939,8.4946,8.49103,29
2014-11-03 21:53:00,2014-11-03 21:54:00,8.4863,8.4901,8.4903,8.4862,8.4939,8.49711,8.49762,8.4938,18
2014-11-03 21:54:00,2014-11-03 21:55:00,8.4901,8.4904,8.4905,8.4899,8.49711,8.49771,8.4981,8.49722,39
2014-11-03 21:55:00,2014-11-03 21:56:00,8.4904,8.4908,8.4908,8.48329,8.49771,8.4992,8.50239,8.4966,78
2014-11-03 21:56:00,2014-11-03 21:57:00,8.4908,8.4908,8.4908,8.48452,8.4992,8.4996,8.5022,8.4976,41
2014-11-03 21:57:00,2014-11-03 21:58:00,8.4908,8.49033,8.4908,8.48468,8.4996,8.50129,8.50252,8.4997,66
2014-11-03 21:58:00,2014-11-03 22:02:00,8.49033,8.4936,8.4971,8.48483,8.50129,8.49983,8.5027,8.49923,33
2014-11-03 22:02:00,2014-11-03 22:03:00,8.4936,8.4936,8.4936,8.4936,8.49983,8.49999,8.49999,8.49972,2
2014-11-03 22:03:00,2014-11-03 22:04:00,8.4936,8.49185,8.4936,8.49185,8.49999,8.49937,8.50001,8.49937,9
2014-11-03 22:04:00,2014-11-03 22:05:00,8.49185,8.4946,8.4951,8.49185,8.49937,8.50002,8.50005,8.49951,11
2014-11-03 22:05:00,2014-11-03 22:06:00,8.4946,8.4946,8.4946,8.4946,8.50002,8.5,8.5,8.5,1
2014-11-03 22:06:00,2014-11-03 22:07:00,8.4946,8.4946,8.4946,8.4946,8.5,8.49997,8.49997,8.49997,1
2014-11-03 22:07:00,2014-11-03 22:08:00,8.4946,8.49,8.4946,8.4887,8.49997,8.5023,8.5023,8.4997,24
2014-11-03 22:08:00,2014-11-03 22:09:00,8.49,8.4878,8.49,8.48558,8.5023,8.5002,8.5025,8.49877,48
2014-11-03 22:09:00,2014-11-03 22:10:00,8.4878,8.487,8.49157,8.47976,8.5002,8.49956,8.5025,8.49696,99
2014-11-03 22:10:00,2014-11-03 22:11:00,8.487,8.4893,8.4893,8.48236,8.49956,8.5022,8.5022,8.49926,68
2014-11-03 22:11:00,2014-11-03 22:12:00,8.4893,8.4893,8.4893,8.4844,8.5022,8.5022,8.5022,8.50106,64
2014-11-03 22:12:00,2014-11-03 22:13:00,8.4893,8.4882,8.4899,8.488,8.5022,8.49915,8.5022,8.49673,26
2014-11-03 22:13:00,2014-11-03 22:14:00,8.4882,8.489,8.4895,8.47949,8.49915,8.49915,8.49915,8.49665,55
2014-11-03 22:14:00,2014-11-03 22:15:00,8.489,8.4925,8.4925,8.48137,8.49915,8.4955,8.49927,8.49454,38
2014-11-03 22:15:00,2014-11-03 22:17:00,8.4925,8.49043,8.49123,8.4852,8.4955,8.4947,8.497,8.49461,25
2014-11-03 22:17:00,2014-11-03 22:18:00,8.49043,8.49046,8.49048,8.49046,8.4947,8.49465,8.4947,8.49465,3
2014-11-03 22:18:00,2014-11-03 22:19:00,8.49046,8.49045,8.49045,8.48819,8.49465,8.4944,8.49465,8.4944,7
2014-11-03 22:19:00,2014-11-03 22:20:00,8.49045,8.49037,8.49046,8.49037,8.4944,8.4944,8.4944,8.49438,5
2014-11-03 22:20:00,2014-11-03 22:21:00,8.49037,8.49037,8.49037,8.48825,8.4944,8.49441,8.49443,8.4943,9
2014-11-03 22:21:00,2014-11-03 22:22:00,8.49037,8.4914,8.4914,8.48829,8.49441,8.4953,8.4953,8.49441,14
2014-11-03 22:22:00,2014-11-03 22:24:00,8.4914,8.4872,8.49012,8.4853,8.4953,8.4965,8.497,8.4947,33
2014-11-03 22:24:00,2014-11-03 22:25:00,8.4872,8.48006,8.48478,8.47679,8.4965,8.49578,8.497,8.49196,162
2014-11-03 22:25:00,2014-11-03 22:26:00,8.48006,8.47686,8.4796,8.47189,8.49578,8.49079,8.4966,8.48782,73
2014-11-03 22:26:00,2014-11-03 22:27:00,8.47686,8.48658,8.48658,8.47511,8.49079,8.49584,8.49584,8.49079,28
2014-11-03 22:27:00,2014-11-03 22:28:00,8.48658,8.4903,8.4932,8.487,8.49584,8.4981,8.49894,8.49584,27
2014-11-03 22:28:00,2014-11-03 22:29:00,8.4903,8.49372,8.49372,8.4903,8.4981,8.4976,8.49909,8.4976,14
2014-11-03 22:29:00,2014-11-03 22:31:00,8.49372,8.49292,8.49292,8.49292,8.4976,8.4976,8.4976,8.4976,1
2014-11-03 22:31:00,2014-11-03 22:32:00,8.49292,8.48681,8.49292,8.48506,8.4976,8.4912,8.5007,8.4912,58
2014-11-03 22:32:00,2014-11-03 22:33:00,8.48681,8.4768,8.4895,8.4768,8.4912,8.48961,8.49942,8.48947,125
2014-11-03 22:33:00,2014-11-03 22:34:00,8.4768,8.475,8.47723,8.47352,8.48961,8.48546,8.49261,8.48546,12
2014-11-03 22:34:00,2014-11-03 22:35:00,8.475,8.49157,8.49157,8.4736,8.48546,8.4988,8.49981,8.48603,34
2014-11-03 22:35:00,2014-11-03 22:36:00,8.49157,8.49111,8.49232,8.48459,8.4988,8.49835,8.4998,8.49835,64
2014-11-03 22:36:00,2014-11-03 22:37:00,8.49111,8.49291,8.493,8.49109,8.49835,8.4983,8.49977,8.4975,20
2014-11-03 22:37:00,2014-11-03 22:38:00,8.49291,8.49291,8.4942,8.486,8.4983,8.49802,8.4998,8.49802,38
2014-11-03 22:38:00,2014-11-03 22:39:00,8.49291,8.4842,8.49291,8.48385,8.49802,8.49883,8.4995,8.4975,44
2014-11-03 22:39:00,2014-11-03 22:40:00,8.4842,8.48362,8.48433,8.4835,8.49883,8.49807,8.49921,8.49807,40
2014-11-03 22:40:00,2014-11-03 22:41:00,8.48362,8.48207,8.48362,8.48199,8.49807,8.49716,8.49832,8.49716,7
2014-11-03 22:41:00,2014-11-03 22:42:00,8.48207,8.4941,8.4941,8.48218,8.49716,8.4991,8.4991,8.49716,26
2014-11-03 22:42:00,2014-11-03 22:43:00,8.4941,8.4941,8.4941,8.4941,8.4991,8.49879,8.49904,8.49878,3
2014-11-03 22:43:00,2014-11-03 22:44:00,8.4941,8.48759,8.4953,8.48759,8.49879,8.49789,8.499,8.4952,36
2014-11-03 22:44:00,2014-11-03 22:45:00,8.48759,8.4894,8.4894,8.4864,8.49789,8.4931,8.49787,8.49298,23
2014-11-03 22:45:00,2014-11-03 22:46:00,8.4894,8.4888,8.4895,8.4888,8.4931,8.49498,8.49498,8.4931,5
2014-11-03 22:46:00,2014-11-03 22:47:00,8.4888,8.4883,8.4886,8.4883,8.49498,8.4943,8.49498,8.4943,9
2014-11-03 22:47:00,2014-11-03 22:48:00,8.4883,8.4875,8.4883,8.4875,8.4943,8.4908,8.49408,8.4908,13
2014-11-03 22:48:00,2014-11-03 22:49:00,8.4875,8.489,8.489,8.4876,8.4908,8.49202,8.49202,8.4908,5
2014-11-03 22:49:00,2014-11-03 22:50:00,8.489,8.4879,8.4881,8.4879,8.49202,8.49005,8.49202,8.49005,6
2014-11-03 22:50:00,2014-11-03 22:51:00,8.4879,8.4923,8.4923,8.4879,8.49005,8.49915,8.49915,8.49279,15
2014-11-03 22:51:00,2014-11-03 22:52:00,8.4923,8.4923,8.4923,8.4923,8.49915,8.49926,8.5005,8.49925,6
2014-11-03 22:52:00,2014-11-03 22:53:00,8.4923,8.4942,8.4943,8.4923,8.49926,8.4999,8.5005,8.49924,15
2014-11-03 22:53:00,2014-11-03 22:54:00,8.4942,8.4938,8.494,8.4938,8.4999,8.4991,8.50049,8.4991,6
2014-11-03 22:54:00,2014-11-03 22:55:00,8.4938,8.49098,8.4983,8.49098,8.4991,8.4951,8.50155,8.4951,30
2014-11-03 22:55:00,2014-11-03 22:56:00,8.49098,8.4919,8.4919,8.4908,8.4951,8.4956,8.4956,8.4941,17
2014-11-03 22:56:00,2014-11-03 22:57:00,8.4919,8.4934,8.4943,8.4919,8.4956,8.50239,8.50239,8.4953,27
2014-11-03 22:57:00,2014-11-03 22:58:00,8.4934,8.4932,8.4934,8.4932,8.50239,8.5009,8.50178,8.5009,8
2014-11-03 22:58:00,2014-11-03 22:59:00,8.4932,8.4933,8.4934,8.4932,8.5009,8.499,8.50034,8.499,7
2014-11-03 22:59:00,2014-11-03 23:00:00,8.4933,8.4932,8.4933,8.4931,8.499,8.4989,8.4989,8.4989,6
2014-11-03 23:00:00,2014-11-03 23:01:00,8.4932,8.4933,8.4933,8.4931,8.4989,8.499,8.499,8.4989,8
2014-11-03 23:01:00,2014-11-03 23:02:00,8.4933,8.4932,8.49377,8.4932,8.499,8.4989,8.499,8.4989,5
2014-11-03 23:02:00,2014-11-03 23:03:00,8.4932,8.4932,8.4932,8.4931,8.4989,8.4989,8.499,8.4989,8
2014-11-03 23:03:00,2014-11-03 23:04:00,8.4932,8.4931,8.4931,8.4931,8.4989,8.4988,8.4989,8.4988,4
2014-11-03 23:04:00,2014-11-03 23:05:00,8.4931,8.493,8.4931,8.493,8.4988,8.4987,8.4989,8.4987,6
2014-11-03 23:05:00,2014-11-03 23:08:00,8.493,8.49209,8.49209,8.49208,8.4987,8.49999,8.49999,8.49998,3
2014-11-03 23:08:00,2014-11-03 23:09:00,8.49209,8.4935,8.4935,8.49318,8.49999,8.4989,8.4989,8.49888,5
2014-11-03 23:09:00,2014-11-03 23:10:00,8.4935,8.49352,8.49352,8.49352,8.4989,8.49892,8.49892,8.4989,2
2014-11-03 23:10:00,2014-11-03 23:11:00,8.49352,8.4935,8.49352,8.49341,8.49892,8.4983,8.49888,8.4983,7
2014-11-03 23:11:00,2014-11-03 23:12:00,8.4935,8.49336,8.49336,8.493,8.4983,8.49879,8.49879,8.49799,7
2014-11-03 23:12:00,2014-11-03 23:13:00,8.49336,8.49334,8.49336,8.49334,8.49879,8.498,8.4983,8.498,5
2014-11-03 23:13:00,2014-11-03 23:14:00,8.49334,8.49323,8.4933,8.49323,8.498,8.498,8.498,8.4979,4
2014-11-03 23:14:00,2014-11-03 23:15:00,8.49323,8.49314,8.49325,8.49314,8.498,8.498,8.498,8.4979,5
2014-11-03 23:15:00,2014-11-03 23:18:00,8.49314,8.4936,8.4936,8.4918,8.498,8.4958,8.4999,8.4958,9
2014-11-03 23:18:00,2014-11-03 23:19:00,8.4936,8.49413,8.4944,8.49248,8.4958,8.4991,8.4997,8.4957,28
2014-11-03 23:19:00,2014-11-03 23:20:00,8.49413,8.49416,8.49416,8.49415,8.4991,8.4991,8.4991,8.4991,2
2014-11-03 23:20:00,2014-11-03 23:21:00,8.49416,8.49446,8.49446,8.49417,8.4991,8.4992,8.4993,8.4991,6
2014-11-03 23:21:00,2014-11-03 23:22:00,8.49446,8.49446,8.49446,8.49445,8.4992,8.4992,8.4993,8.4992,4
2014-11-03 23:22:00,2014-11-03 23:23:00,8.49446,8.49409,8.49446,8.49406,8.4992,8.4991,8.4998,8.4991,11
2014-11-03 23:23:00,2014-11-03 23:24:00,8.49409,8.4942,8.4942,8.49409,8.4991,8.4992,8.4993,8.4992,11
2014-11-03 23:24:00,2014-11-03 23:25:00,8.4942,8.4942,8.4942,8.4942,8.4992,8.4991,8.4993,8.4991,2
2014-11-03 23:25:00,2014-11-03 23:26:00,8.4942,8.49412,8.4942,8.49411,8.4991,8.4992,8.4992,8.4991,6
2014-11-03 23:26:00,2014-11-03 23:27:00,8.49412,8.49423,8.49423,8.49417,8.4992,8.4992,8.4993,8.4992,6
2014-11-03 23:27:00,2014-11-03 23:28:00,8.49423,8.49435,8.49441,8.49412,8.4992,8.4993,8.4993,8.4992,5
2014-11-03 23:28:00,2014-11-03 23:29:00,8.49435,8.49439,8.49447,8.49439,8.4993,8.4992,8.4994,8.4992,5
2014-11-03 23:29:00,2014-11-03 23:30:00,8.49439,8.4944,8.4944,8.49434,8.4992,8.4994,8.4994,8.4994,3
2014-11-03 23:30:00,2014-11-03 23:31:00,8.4944,8.4944,8.49447,8.4944,8.4994,8.4991,8.4994,8.4991,9
2014-11-03 23:31:00,2014-11-03 23:32:00,8.4944,8.494,8.4944,8.494,8.4991,8.4967,8.499,8.4967,13
2014-11-03 23:32:00,2014-11-03 23:33:00,8.494,8.4941,8.4941,8.4941,8.4967,8.4968,8.4968,8.4967,2
2014-11-03 23:33:00,2014-11-03 23:34:00,8.4941,8.4924,8.4934,8.4924,8.4968,8.4942,8.4968,8.4942,7
2014-11-03 23:34:00,2014-11-03 23:35:00,8.4924,8.4924,8.4924,8.49198,8.4942,8.4941,8.4942,8.4941,7
2014-11-03 23:35:00,2014-11-03 23:36:00,8.4924,8.4923,8.4923,8.49138,8.4941,8.496,8.496,8.4941,10
2014-11-03 23:36:00,2014-11-03 23:37:00,8.4923,8.49258,8.49259,8.49153,8.496,8.4961,8.4961,8.496,9
2014-11-03 23:37:00,2014-11-03 23:38:00,8.49258,8.49257,8.49259,8.49197,8.4961,8.4961,8.4962,8.496,11
2014-11-03 23:38:00,2014-11-03 23:39:00,8.49257,8.49246,8.49253,8.49187,8.4961,8.496,8.4961,8.496,9
2014-11-03 23:39:00,2014-11-03 23:40:00,8.49246,8.49238,8.49238,8.4922,8.496,8.496,8.496,8.496,5
2014-11-03 23:40:00,2014-11-03 23:41:00,8.49238,8.49235,8.4924,8.4922,8.496,8.496,8.496,8.496,4
2014-11-03 23:41:00,2014-11-03 23:42:00,8.49235,8.49229,8.49236,8.4922,8.496,8.4959,8.496,8.4959,5
2014-11-03 23:42:00,2014-11-03 23:43:00,8.49229,8.49235,8.4924,8.4922,8.4959,8.496,8.4961,8.4959,13
2014-11-03 23:43:00,2014-11-03 23:44:00,8.49235,8.4924,8.4924,8.4923,8.496,8.4959,8.4961,8.4959,5
2014-11-03 23:44:00,2014-11-03 23:45:00,8.4924,8.4925,8.4925,8.4924,8.4959,8.4963,8.4963,8.4961,5
2014-11-03 23:45:00,2014-11-03 23:46:00,8.4925,8.4926,8.4926,8.4926,8.4963,8.4964,8.4964,8.4963,2
2014-11-03 23:46:00,2014-11-03 23:49:00,8.4926,8.4927,8.4927,8.4927,8.4964,8.4965,8.4965,8.4964,2
2014-11-03 23:49:00,2014-11-03 23:50:00,8.4927,8.4926,8.4927,8.4926,8.4965,8.4964,8.4964,8.4964,2
2014-11-03 23:50:00,2014-11-03 23:52:00,8.4926,8.4924,8.4925,8.4924,8.4964,8.4962,8.4964,8.4962,4
2014-11-03 23:52:00,2014-11-03 23:53:00,8.4924,8.4932,8.4932,8.4924,8.4962,8.4962,8.4963,8.4962,5
2014-11-03 23:53:00,2014-11-03 23:54:00,8.4932,8.4936,8.4936,8.4931,8.4962,8.496,8.4961,8.4959,11
2014-11-03 23:54:00,2014-11-03 23:55:00,8.4936,8.4934,8.4936,8.4934,8.496,8.4958,8.4959,8.4958,4
2014-11-03 23:55:00,2014-11-03 23:56:00,8.4934,8.4935,8.4935,8.4935,8.4958,8.4959,8.4959,8.4958,2
2014-11-03 23:56:00,2014-11-03 23:57:00,8.4935,8.4923,8.4935,8.4922,8.4959,8.4947,8.4957,8.4943,10
2014-11-03 23:57:00,2014-11-03 23:58:00,8.4923,8.4923,8.4924,8.4923,8.4947,8.4947,8.4949,8.4946,6
2014-11-03 23:58:00,2014-11-03 23:59:00,8.4923,8.4924,8.4924,8.4923,8.4947,8.4948,8.4948,8.4947,7
2014-11-03 23:59:00,2014-11-04 00:00:00,8.4924,8.4923,8.4924,8.4923,8.4948,8.4945,8.4946,8.4945,3
2014-11-04 00:00:00,2014-11-04 00:01:00,8.4923,8.4922,8.4923,8.4922,8.4945,8.4944,8.4944,8.4943,3
2014-11-04 00:01:00,2014-11-04 00:02:00,8.4922,8.4923,8.4923,8.4922,8.4944,8.4946,8.4946,8.4943,3
2014-11-04 00:02:00,2014-11-04 00:03:00,8.4923,8.49404,8.49404,8.4919,8.4946,8.4964,8.49738,8.4948,18
2014-11-04 00:03:00,2014-11-04 00:04:00,8.49404,8.494,8.49404,8.494,8.4964,8.4965,8.4966,8.4963,8
2014-11-04 00:04:00,2014-11-04 00:05:00,8.494,8.4962,8.4962,8.4917,8.4965,8.4995,8.4995,8.4947,57
2014-11-04 00:05:00,2014-11-04 00:06:00,8.4962,8.495,8.49774,8.4949,8.4995,8.49999,8.5007,8.4993,31
2014-11-04 00:06:00,2014-11-04 00:07:00,8.495,8.494,8.4973,8.494,8.49999,8.4968,8.5002,8.4968,32
2014-11-04 00:07:00,2014-11-04 00:08:00,8.494,8.4943,8.4943,8.4941,8.4968,8.497,8.497,8.4968,5
2014-11-04 00:08:00,2014-11-04 00:09:00,8.4943,8.4943,8.4944,8.4943,8.497,8.497,8.4971,8.497,6
2014-11-04 00:09:00,2014-11-04 00:10:00,8.4943,8.4938,8.4944,8.4938,8.497,8.4967,8.4971,8.4967,7
2014-11-04 00:10:00,2014-11-04 00:11:00,8.4938,8.4939,8.4939,8.4939,8.4967,8.4968,8.4968,8.4967,2
2014-11-04 00:11:00,2014-11-04 00:12:00,8.4939,8.4941,8.4941,8.4941,8.4968,8.4965,8.4966,8.4965,2
2014-11-04 00:12:00,2014-11-04 00:13:00,8.4941,8.4942,8.4943,8.4942,8.4965,8.4966,8.4967,8.4965,6
2014-11-04 00:13:00,2014-11-04 00:14:00,8.4942,8.4944,8.4944,8.4944,8.4966,8.4965,8.4965,8.4965,1
2014-11-04 00:14:00,2014-11-04 00:15:00,8.4944,8.4943,8.4948,8.4942,8.4965,8.4971,8.4971,8.4964,12
2014-11-04 00:15:00,2014-11-04 00:16:00,8.4943,8.4943,8.4943,8.4942,8.4971,8.497,8.497,8.497,3
2014-11-04 00:16:00,2014-11-04 00:17:00,8.4943,8.4944,8.4944,8.4941,8.497,8.4965,8.4971,8.4965,4
2014-11-04 00:17:00,2014-11-04 00:18:00,8.4944,8.49201,8.4947,8.49201,8.4965,8.4969,8.4969,8.4962,11
2014-11-04 00:18:00,2014-11-04 00:19:00,8.49201,8.4921,8.4921,8.49197,8.4969,8.4967,8.4969,8.4966,8
2014-11-04 00:19:00,2014-11-04 00:22:00,8.4921,8.492,8.4921,8.49199,8.4967,8.497,8.497,8.4966,7
2014-11-04 00:22:00,2014-11-04 00:23:00,8.492,8.4948,8.4948,8.48939,8.497,8.4976,8.4976,8.4969,27
2014-11-04 00:23:00,2014-11-04 00:24:00,8.4948,8.496,8.4961,8.49488,8.4976,8.4975,8.4976,8.4973,9
2014-11-04 00:24:00,2014-11-04 00:25:00,8.496,8.496,8.4961,8.4959,8.4975,8.4974,8.4975,8.4973,5
2014-11-04 00:25:00,2014-11-04 00:26:00,8.496,8.4961,8.4961,8.496,8.4974,8.4975,8.4976,8.4974,5
2014-11-04 00:26:00,2014-11-04 00:27:00,8.4961,8.496,8.496,8.4958,8.4975,8.4974,8.4975,8.4972,6
2014-11-04 00:27:00,2014-11-04 00:28:00,8.496,8.4958,8.4958,8.4957,8.4974,8.4972,8.4974,8.4972,5
2014-11-04 00:28:00,2014-11-04 00:29:00,8.4958,8.4953,8.4953,8.4951,8.4972,8.4974,8.4974,8.4972,8
2014-11-04 00:29:00,2014-11-04 00:30:00,8.4953,8.4949,8.4951,8.49424,8.4974,8.497,8.49756,8.497,12
2014-11-04 00:30:00,2014-11-04 00:32:00,8.4949,8.4942,8.495,8.4942,8.497,8.497,8.4972,8.497,7
2014-11-04 00:32:00,2014-11-04 00:33:00,8.4942,8.4945,8.495,8.4943,8.497,8.49716,8.4973,8.49692,20
2014-11-04 00:33:00,2014-11-04 00:34:00,8.4945,8.4943,8.4945,8.4943,8.49716,8.4971,8.49717,8.4971,7
2014-11-04 00:34:00,2014-11-04 00:35:00,8.4943,8.4941,8.4945,8.4941,8.4971,8.49697,8.49716,8.49664,26
2014-11-04 00:35:00,2014-11-04 00:36:00,8.4941,8.4945,8.4946,8.4943,8.49697,8.49734,8.49734,8.49687,13
2014-11-04 00:36:00,2014-11-04 00:37:00,8.4945,8.4945,8.4949,8.4943,8.49734,8.49684,8.49734,8.49668,19
2014-11-04 00:37:00,2014-11-04 00:38:00,8.4945,8.4935,8.4947,8.49252,8.49684,8.49616,8.49686,8.49576,32
2014-11-04 00:38:00,2014-11-04 00:39:00,8.4935,8.49189,8.4935,8.49128,8.49616,8.49599,8.49599,8.49501,50
2014-11-04 00:39:00,2014-11-04 00:40:00,8.49189,8.4936,8.4936,8.49162,8.49599,8.4962,8.49636,8.49609,22
2014-11-04 00:40:00,2014-11-04 00:41:00,8.4936,8.4939,8.494,8.4933,8.4962,8.4959,8.4962,8.4959,7
2014-11-04 00:41:00,2014-11-04 00:42:00,8.4939,8.49236,8.4939,8.4923,8.4959,8.4961,8.4961,8.4958,14
2014-11-04 00:42:00,2014-11-04 00:43:00,8.49236,8.4937,8.4937,8.49232,8.4961,8.4958,8.49666,8.4958,13
2014-11-04 00:43:00,2014-11-04 00:44:00,8.4937,8.4934,8.4937,8.4934,8.4958,8.4955,8.4957,8.4955,6
2014-11-04 00:44:00,2014-11-04 00:45:00,8.4934,8.493,8.4936,8.493,8.4955,8.496,8.496,8.4955,8
2014-11-04 00:45:00,2014-11-04 00:46:00,8.493,8.4938,8.4938,8.4929,8.496,8.4958,8.4958,8.4956,8
2014-11-04 00:46:00,2014-11-04 00:47:00,8.4938,8.4928,8.494,8.4928,8.4958,8.49549,8.4962,8.49549,30
2014-11-04 00:47:00,2014-11-04 00:48:00,8.4928,8.495,8.495,8.4927,8.49549,8.4972,8.4972,8.4954,32
2014-11-04 00:48:00,2014-11-04 00:49:00,8.495,8.4963,8.4966,8.4941,8.4972,8.4992,8.4995,8.4965,49
2014-11-04 00:49:00,2014-11-04 00:50:00,8.4963,8.4965,8.4965,8.4961,8.4992,8.4994,8.4994,8.4984,21
2014-11-04 00:50:00,2014-11-04 00:51:00,8.4965,8.4971,8.4973,8.4965,8.4994,8.49966,8.50015,8.4995,21
2014-11-04 00:51:00,2014-11-04 00:52:00,8.4971,8.4963,8.4976,8.4963,8.49966,8.4979,8.5002,8.4979,49
2014-11-04 00:52:00,2014-11-04 00:53:00,8.4963,8.4962,8.4963,8.496,8.4979,8.4983,8.4994,8.4977,16
2014-11-04 00:53:00,2014-11-04 00:54:00,8.4962,8.4968,8.4968,8.4961,8.4983,8.5002,8.5002,8.4976,25
2014-11-04 00:54:00,2014-11-04 00:55:00,8.4968,8.4973,8.499,8.4963,8.5002,8.4995,8.5011,8.4988,49
2014-11-04 00:55:00,2014-11-04 00:56:00,8.4973,8.49684,8.4973,8.49684,8.4995,8.4996,8.5,8.4992,10
2014-11-04 00:56:00,2014-11-04 00:57:00,8.49684,8.4971,8.4972,8.4969,8.4996,8.4999,8.5001,8.4996,12
2014-11-04 00:57:00,2014-11-04 00:58:00,8.4971,8.4972,8.4973,8.4971,8.4999,8.4999,8.5001,8.4999,3
2014-11-04 00:58:00,2014-11-04 00:59:00,8.4972,8.4972,8.4973,8.4972,8.4999,8.4999,8.5,8.4999,3
2014-11-04 00:59:00,2014-11-04 01:00:00,8.4972,8.4973,8.4973,8.497,8.4999,8.5,8.5001,8.4998,4
2014-11-04 01:00:00,2014-11-04 01:01:00,8.4973,8.4972,8.4972,8.4972,8.5,8.4999,8.5,8.4999,3
2014-11-04 01:01:00,2014-11-04 01:02:00,8.4972,8.4977,8.4978,8.4971,8.4999,8.5008,8.5008,8.4998,8
2014-11-04 01:02:00,2014-11-04 01:03:00,8.4977,8.49888,8.4989,8.4977,8.5008,8.5009,8.5016,8.5008,18
2014-11-04 01:03:00,2014-11-04 01:04:00,8.49888,8.4986,8.4996,8.4984,8.5009,8.5007,8.5012,8.5004,35
2014-11-04 01:04:00,2014-11-04 01:05:00,8.4986,8.4988,8.4989,8.4975,8.5007,8.5009,8.501,8.5004,44
2014-11-04 01:05:00,2014-11-04 01:06:00,8.4988,8.4977,8.4989,8.4977,8.5009,8.4994,8.501,8.4994,12
2014-11-04 01:06:00,2014-11-04 01:07:00,8.4977,8.4969,8.497,8.4966,8.4994,8.49867,8.49956,8.49867,8
2014-11-04 01:07:00,2014-11-04 01:08:00,8.4969,8.4977,8.4977,8.4967,8.49867,8.4997,8.4999,8.49867,9
2014-11-04 01:08:00,2014-11-04 01:09:00,8.4977,8.4972,8.4987,8.4972,8.4997,8.4991,8.5004,8.4991,17
2014-11-04 01:09:00,2014-11-04 01:10:00,8.4972,8.4963,8.4972,8.4963,8.4991,8.499,8.4991,8.499,4
2014-11-04 01:10:00,2014-11-04 01:11:00,8.4963,8.4973,8.4974,8.4962,8.499,8.4993,8.4997,8.4986,43
2014-11-04 01:11:00,2014-11-04 01:12:00,8.4973,8.4967,8.4973,8.4962,8.4993,8.4994,8.4996,8.4985,25
2014-11-04 01:12:00,2014-11-04 01:13:00,8.4967,8.4975,8.4975,8.4963,8.4994,8.4994,8.4995,8.4985,16
2014-11-04 01:13:00,2014-11-04 01:14:00,8.4975,8.4973,8.4975,8.497,8.4994,8.4994,8.4997,8.4992,3
2014-11-04 01:14:00,2014-11-04 01:15:00,8.4973,8.4978,8.4978,8.4969,8.4994,8.5005,8.5005,8.4991,25
2014-11-04 01:15:00,2014-11-04 01:16:00,8.4978,8.49883,8.49883,8.4978,8.5005,8.5008,8.50157,8.5007,20
2014-11-04 01:16:00,2014-11-04 01:17:00,8.49883,8.4982,8.4987,8.4974,8.5008,8.5009,8.501,8.5001,28
2014-11-04 01:17:00,2014-11-04 01:18:00,8.4982,8.498,8.498,8.4978,8.5009,8.5008,8.5009,8.5005,6
2014-11-04 01:18:00,2014-11-04 01:19:00,8.498,8.4977,8.4986,8.4977,8.5008,8.5004,8.5008,8.5004,12
2014-11-04 01:19:00,2014-11-04 01:20:00,8.4977,8.4978,8.4979,8.4976,8.5004,8.4998,8.5006,8.4997,19
2014-11-04 01:20:00,2014-11-04 01:21:00,8.4978,8.4981,8.4981,8.4979,8.4998,8.4999,8.4999,8.4998,5
2014-11-04 01:21:00,2014-11-04 01:22:00,8.4981,8.4977,8.4979,8.4977,8.4999,8.4997,8.4998,8.4997,6
2014-11-04 01:22:00,2014-11-04 01:25:00,8.4977,8.4977,8.4978,8.4977,8.4997,8.4997,8.4998,8.4997,3
2014-11-04 01:25:00,2014-11-04 01:26:00,8.4977,8.4977,8.4977,8.4976,8.4997,8.4997,8.4997,8.4996,3
2014-11-04 01:26:00,2014-11-04 01:27:00,8.4977,8.4978,8.4978,8.4976,8.4997,8.4996,8.4996,8.4996,2
2014-11-04 01:27:00,2014-11-04 01:28:00,8.4978,8.4974,8.4978,8.4974,8.4996,8.5001,8.5002,8.4996,20
2014-11-04 01:28:00,2014-11-04 01:29:00,8.4974,8.4977,8.4977,8.4974,8.5001,8.5004,8.5004,8.5002,7
2014-11-04 01:29:00,2014-11-04 01:30:00,8.4977,8.4978,8.4985,8.4972,8.5004,8.5006,8.5006,8.4999,42
2014-11-04 01:30:00,2014-11-04 01:31:00,8.4978,8.4975,8.4979,8.4975,8.5006,8.5003,8.5007,8.5002,13
2014-11-04 01:31:00,2014-11-04 01:32:00,8.4975,8.4977,8.4977,8.4972,8.5003,8.5004,8.5004,8.5,26
2014-11-04 01:32:00,2014-11-04 01:33:00,8.4977,8.4989,8.49925,8.4974,8.5004,8.5009,8.502,8.5002,27
2014-11-04 01:33:00,2014-11-04 01:34:00,8.4989,8.4982,8.4991,8.4982,8.5009,8.5009,8.501,8.5007,8
2014-11-04 01:34:00,2014-11-04 01:35:00,8.4982,8.50139,8.50139,8.4977,8.5009,8.5047,8.5047,8.5004,68
2014-11-04 01:35:00,2014-11-04 01:36:00,8.50139,8.4988,8.5028,8.4978,8.5047,8.50104,8.5046,8.5007,51
2014-11-04 01:36:00,2014-11-04 01:37:00,8.4988,8.4991,8.5009,8.498,8.50104,8.50433,8.50433,8.50063,43
2014-11-04 01:37:00,2014-11-04 01:38:00,8.4991,8.49831,8.4997,8.498,8.50433,8.5032,8.50433,8.5015,68
2014-11-04 01:38:00,2014-11-04 01:39:00,8.49831,8.4983,8.5009,8.4981,8.5032,8.5011,8.5032,8.50025,40
2014-11-04 01:39:00,2014-11-04 01:40:00,8.4983,8.5008,8.5039,8.498,8.5011,8.50496,8.5058,8.501,47
2014-11-04 01:40:00,2014-11-04 01:41:00,8.5008,8.5032,8.5032,8.4984,8.50496,8.50442,8.5052,8.5021,76
2014-11-04 01:41:00,2014-11-04 01:42:00,8.5032,8.5026,8.5033,8.5026,8.50442,8.50467,8.50492,8.50442,14
2014-11-04 01:42:00,2014-11-04 01:43:00,8.5026,8.5024,8.5028,8.5023,8.50467,8.504,8.50467,8.504,12
2014-11-04 01:43:00,2014-11-04 01:44:00,8.5024,8.50581,8.508,8.5021,8.504,8.5097,8.5107,8.5037,52
2014-11-04 01:44:00,2014-11-04 01:45:00,8.50581,8.5039,8.50601,8.5029,8.5097,8.5067,8.5097,8.50615,118
2014-11-04 01:45:00,2014-11-04 01:46:00,8.5039,8.5061,8.5089,8.504,8.5067,8.5089,8.5105,8.5067,66
2014-11-04 01:46:00,2014-11-04 01:47:00,8.5061,8.5092,8.5092,8.506,8.5089,8.5113,8.5113,8.5087,66
2014-11-04 01:47:00,2014-11-04 01:48:00,8.5092,8.5116,8.5155,8.5093,8.5113,8.5164,8.51767,8.5113,106
2014-11-04 01:48:00,2014-11-04 01:49:00,8.5116,8.5113,8.5116,8.5113,8.5164,8.5157,8.51625,8.5156,10
2014-11-04 01:49:00,2014-11-04 01:50:00,8.5113,8.5113,8.5114,8.5112,8.5157,8.5156,8.5157,8.5156,5
2014-11-04 01:50:00,2014-11-04 01:51:00,8.5113,8.5075,8.5113,8.5074,8.5156,8.5112,8.5155,8.5112,35
2014-11-04 01:51:00,2014-11-04 01:52:00,8.5075,8.50768,8.5086,8.5058,8.5112,8.5125,8.5154,8.5099,42
2014-11-04 01:52:00,2014-11-04 01:53:00,8.50768,8.50775,8.50775,8.50772,8.5125,8.5125,8.5125,8.5125,2
2014-11-04 01:53:00,2014-11-04 01:54:00,8.50775,8.5091,8.5105,8.5061,8.5125,8.5131,8.51497,8.51014,63
2014-11-04 01:54:00,2014-11-04 01:55:00,8.5091,8.5092,8.5092,8.5089,8.5131,8.5131,8.5131,8.5131,3
2014-11-04 01:55:00,2014-11-04 01:56:00,8.5092,8.5093,8.5093,8.509,8.5131,8.5132,8.5133,8.5131,13
2014-11-04 01:56:00,2014-11-04 01:57:00,8.5093,8.509,8.5094,8.5089,8.5132,8.5132,8.5132,8.513,23
2014-11-04 01:57:00,2014-11-04 01:58:00,8.509,8.5091,8.5094,8.509,8.5132,8.513,8.5132,8.513,12
2014-11-04 01:58:00,2014-11-04 01:59:00,8.5091,8.5097,8.5097,8.509,8.513,8.5113,8.5134,8.5113,39
2014-11-04 01:59:00,2014-11-04 02:00:00,8.5097,8.5099,8.5099,8.5098,8.5113,8.5115,8.5115,8.5113,4
2014-11-04 02:00:00,2014-11-04 02:01:00,8.5099,8.5097,8.5098,8.5095,8.5115,8.5113,8.5114,8.5113,6
2014-11-04 02:01:00,2014-11-04 02:02:00,8.5097,8.5096,8.5098,8.5088,8.5113,8.5131,8.5134,8.5113,14
2014-11-04 02:02:00,2014-11-04 02:03:00,8.5096,8.5086,8.5096,8.5078,8.5131,8.5129,8.5129,8.5104,34
2014-11-04 02:03:00,2014-11-04 02:04:00,8.5086,8.5093,8.5096,8.5088,8.5129,8.513,8.5131,8.5128,16
2014-11-04 02:04:00,2014-11-04 02:05:00,8.5093,8.5103,8.5103,8.5089,8.513,8.5127,8.5134,8.5118,20
2014-11-04 02:05:00,2014-11-04 02:06:00,8.5103,8.5078,8.5103,8.5078,8.5127,8.511,8.5126,8.511,21
2014-11-04 02:06:00,2014-11-04 02:07:00,8.5078,8.5076,8.508,8.5076,8.511,8.51,8.5108,8.5099,7
2014-11-04 02:07:00,2014-11-04 02:08:00,8.5076,8.5071,8.5077,8.5071,8.51,8.5092,8.5101,8.5092,17
2014-11-04 02:08:00,2014-11-04 02:09:00,8.5071,8.5108,8.5125,8.5071,8.5092,8.5136,8.51423,8.50975,49
2014-11-04 02:09:00,2014-11-04 02:10:00,8.5108,8.5114,8.512,8.5106,8.5136,8.5141,8.51443,8.5134,25
2014-11-04 02:10:00,2014-11-04 02:11:00,8.5114,8.5111,8.5113,8.511,8.5141,8.5139,8.5141,8.51374,10
2014-11-04 02:11:00,2014-11-04 02:12:00,8.5111,8.5101,8.5111,8.5101,8.5139,8.5124,8.5138,8.5124,8
2014-11-04 02:12:00,2014-11-04 02:13:00,8.5101,8.5082,8.5101,8.5081,8.5124,8.511,8.512,8.5109,39
2014-11-04 02:13:00,2014-11-04 02:14:00,8.5082,8.5078,8.5083,8.5078,8.511,8.5104,8.5111,8.5102,16
2014-11-04 02:14:00,2014-11-04 02:15:00,8.5078,8.5079,8.5092,8.5074,8.5104,8.5105,8.51267,8.5102,34
2014-11-04 02:15:00,2014-11-04 02:16:00,8.5079,8.5079,8.508,8.5079,8.5105,8.5104,8.5106,8.5104,8
2014-11-04 02:16:00,2014-11-04 02:17:00,8.5079,8.5078,8.5079,8.5078,8.5104,8.5104,8.5104,8.5103,3
2014-11-04 02:17:00,2014-11-04 02:18:00,8.5078,8.50971,8.50971,8.5075,8.5104,8.5122,8.5122,8.51,20
2014-11-04 02:18:00,2014-11-04 02:19:00,8.50971,8.5101,8.5101,8.50971,8.5122,8.5134,8.5134,8.5121,8
2014-11-04 02:19:00,2014-11-04 02:20:00,8.5101,8.50929,8.51142,8.50929,8.5134,8.5124,8.5141,8.5124,17
2014-11-04 02:20:00,2014-11-04 02:21:00,8.50929,8.5095,8.5101,8.50904,8.5124,8.5117,8.5132,8.5117,21
2014-11-04 02:21:00,2014-11-04 02:22:00,8.5095,8.5096,8.511,8.5095,8.5117,8.5131,8.5139,8.5117,17
2014-11-04 02:22:00,2014-11-04 02:23:00,8.5096,8.5096,8.5096,8.5096,8.5131,8.5128,8.5132,8.5128,3
2014-11-04 02:23:00,2014-11-04 02:24:00,8.5096,8.5094,8.51,8.5092,8.5128,8.5129,8.5129,8.5115,25
2014-11-04 02:24:00,2014-11-04 02:25:00,8.5094,8.5092,8.5094,8.5092,8.5129,8.5124,8.5127,8.5124,13
2014-11-04 02:25:00,2014-11-04 02:26:00,8.5092,8.5095,8.5095,8.5092,8.5124,8.513,8.513,8.5129,6
2014-11-04 02:26:00,2014-11-04 02:27:00,8.5095,8.5093,8.5095,8.5093,8.513,8.5126,8.5132,8.5124,25
2014-11-04 02:27:00,2014-11-04 02:28:00,8.5093,8.5094,8.5107,8.509,8.5126,8.5117,8.51412,8.5115,37
2014-11-04 02:28:00,2014-11-04 02:29:00,8.5094,8.5096,8.5096,8.5086,8.5117,8.5137,8.514,8.5118,11
2014-11-04 02:29:00,2014-11-04 02:30:00,8.5096,8.50938,8.5096,8.5093,8.5137,8.5136,8.5139,8.5133,27
2014-11-04 02:30:00,2014-11-04 02:31:00,8.50938,8.51,8.51,8.5092,8.5136,8.5118,8.5138,8.5118,22
2014-11-04 02:31:00,2014-11-04 02:32:00,8.51,8.511,8.5111,8.5092,8.5118,8.5138,8.51437,8.51173,46
2014-11-04 02:32:00,2014-11-04 02:33:00,8.511,8.50946,8.511,8.50942,8.5138,8.5136,8.5139,8.5136,14
2014-11-04 02:33:00,2014-11-04 02:34:00,8.50946,8.50945,8.50949,8.50945,8.5136,8.5137,8.5137,8.5135,5
2014-11-04 02:34:00,2014-11-04 02:35:00,8.50945,8.50962,8.50962,8.5095,8.5137,8.5137,8.5137,8.5137,3
2014-11-04 02:35:00,2014-11-04 02:36:00,8.50962,8.50963,8.50965,8.50958,8.5137,8.5138,8.5138,8.5137,7
2014-11-04 02:36:00,2014-11-04 02:37:00,8.50963,8.50954,8.50963,8.50954,8.5138,8.5137,8.5137,8.5136,5
2014-11-04 02:37:00,2014-11-04 02:38:00,8.50954,8.512,8.512,8.50956,8.5137,8.51487,8.51487,8.5137,15
2014-11-04 02:38:00,2014-11-04 02:39:00,8.512,8.5115,8.5126,8.5108,8.51487,8.5143,8.5149,8.514,21
2014-11-04 02:39:00,2014-11-04 02:40:00,8.5115,8.5115,8.5115,8.5115,8.5143,8.5143,8.5144,8.5143,2
2014-11-04 02:40:00,2014-11-04 02:41:00,8.5115,8.5114,8.5115,8.5114,8.5143,8.5142,8.5143,8.5142,12
2014-11-04 02:41:00,2014-11-04 02:42:00,8.5114,8.5114,8.5115,8.5114,8.5142,8.5143,8.5143,8.5142,7
2014-11-04 02:42:00,2014-11-04 02:43:00,8.5114,8.5115,8.5115,8.5114,8.5143,8.5144,8.5144,8.5143,8
2014-11-04 02:43:00,2014-11-04 02:44:00,8.5115,8.5115,8.5115,8.5114,8.5144,8.5143,8.5144,8.5143,4
2014-11-04 02:44:00,2014-11-04 02:45:00,8.5115,8.5114,8.5115,8.5114,8.5143,8.5144,8.5145,8.5142,21
2014-11-04 02:45:00,2014-11-04 02:46:00,8.5114,8.5112,8.5115,8.5111,8.5144,8.5141,8.5144,8.5141,21
2014-11-04 02:46:00,2014-11-04 02:47:00,8.5112,8.5111,8.5112,8.5111,8.5141,8.5141,8.5142,8.5141,7
2014-11-04 02:47:00,2014-11-04 02:48:00,8.5111,8.5121,8.5122,8.5111,8.5141,8.51463,8.5147,8.5141,28
2014-11-04 02:48:00,2014-11-04 02:49:00,8.5121,8.5119,8.5121,8.5116,8.51463,8.5146,8.51463,8.5146,9
2014-11-04 02:49:00,2014-11-04 02:50:00,8.5119,8.5116,8.5118,8.5116,8.5146,8.5145,8.5146,8.5145,4
2014-11-04 02:50:00,2014-11-04 02:51:00,8.5116,8.512,8.5121,8.5114,8.5145,8.51463,8.51463,8.5145,14
2014-11-04 02:51:00,2014-11-04 02:52:00,8.512,8.512,8.5122,8.5118,8.51463,8.51463,8.51463,8.51463,5
2014-11-04 02:52:00,2014-11-04 02:53:00,8.512,8.5134,8.5142,8.5117,8.51463,8.5163,8.5171,8.5146,32
2014-11-04 02:53:00,2014-11-04 02:54:00,8.5134,8.514,8.5141,8.5138,8.5163,8.517,8.517,8.5163,8
2014-11-04 02:54:00,2014-11-04 02:55:00,8.514,8.5134,8.5135,8.5131,8.517,8.5161,8.517,8.516,13
2014-11-04 02:55:00,2014-11-04 02:56:00,8.5134,8.5122,8.51278,8.512,8.5161,8.5158,8.5161,8.5158,9
2014-11-04 02:56:00,2014-11-04 02:57:00,8.5122,8.5132,8.5132,8.5122,8.5158,8.516,8.516,8.5158,12
2014-11-04 02:57:00,2014-11-04 02:58:00,8.5132,8.5133,8.5134,8.5131,8.516,8.5161,8.5162,8.516,12
2014-11-04 02:58:00,2014-11-04 02:59:00,8.5133,8.5129,8.5134,8.5129,8.5161,8.5158,8.5162,8.5158,12
2014-11-04 02:59:00,2014-11-04 03:00:00,8.5129,8.5135,8.514,8.5129,8.5158,8.5167,8.5168,8.5156,21
2014-11-04 03:00:00,2014-11-04 03:01:00,8.5135,8.514,8.514,8.5135,8.5167,8.5168,8.5168,8.5167,12
2014-11-04 03:01:00,2014-11-04 03:02:00,8.514,8.5137,8.5142,8.5137,8.5168,8.5167,8.5168,8.5167,13
2014-11-04 03:02:00,2014-11-04 03:03:00,8.5137,8.514,8.5141,8.5138,8.5167,8.5169,8.5169,8.5167,9
2014-11-04 03:03:00,2014-11-04 03:04:00,8.514,8.5139,8.5139,8.5139,8.5169,8.5169,8.5169,8.5169,1
2014-11-04 03:04:00,2014-11-04 03:05:00,8.5139,8.5138,8.514,8.5137,8.5169,8.5169,8.5169,8.5168,8
2014-11-04 03:05:00,2014-11-04 03:06:00,8.5138,8.51483,8.51483,8.5137,8.5169,8.5175,8.5175,8.5169,7
2014-11-04 03:06:00,2014-11-04 03:07:00,8.51483,8.515,8.5151,8.5149,8.5175,8.5176,8.5178,8.5175,6
2014-11-04 03:07:00,2014-11-04 03:08:00,8.515,8.5151,8.5152,8.515,8.5176,8.5177,8.5178,8.5177,6
2014-11-04 03:08:00,2014-11-04 03:10:00,8.5151,8.5159,8.5162,8.5152,8.5177,8.518,8.51816,8.5177,25
2014-11-04 03:10:00,2014-11-04 03:11:00,8.5159,8.5163,8.5168,8.5157,8.518,8.5192,8.5198,8.5181,22
2014-11-04 03:11:00,2014-11-04 03:12:00,8.5163,8.5156,8.5161,8.5156,8.5192,8.519,8.5192,8.519,6
2014-11-04 03:12:00,2014-11-04 03:13:00,8.5156,8.5155,8.5156,8.5154,8.519,8.519,8.519,8.5189,6
2014-11-04 03:13:00,2014-11-04 03:14:00,8.5155,8.5159,8.5159,8.5155,8.519,8.5191,8.5191,8.5189,6
2014-11-04 03:14:00,2014-11-04 03:15:00,8.5159,8.5163,8.5163,8.5153,8.5191,8.5188,8.5191,8.5178,22
2014-11-04 03:15:00,2014-11-04 03:16:00,8.5163,8.5152,8.5163,8.5144,8.5188,8.5189,8.5189,8.51709,19
2014-11-04 03:16:00,2014-11-04 03:17:00,8.5152,8.5154,8.5154,8.5152,8.5189,8.5189,8.5189,8.5188,4
2014-11-04 03:17:00,2014-11-04 03:18:00,8.5154,8.5135,8.5161,8.5135,8.5189,8.51706,8.5195,8.51706,31
2014-11-04 03:18:00,2014-11-04 03:19:00,8.5135,8.5164,8.5171,8.5138,8.51706,8.5193,8.5195,8.5168,47
2014-11-04 03:19:00,2014-11-04 03:20:00,8.5164,8.5166,8.517,8.5166,8.5193,8.51816,8.5194,8.51816,15
2014-11-04 03:20:00,2014-11-04 03:21:00,8.5166,8.5154,8.5168,8.5154,8.51816,8.5172,8.5193,8.5172,26
2014-11-04 03:21:00,2014-11-04 03:22:00,8.5154,8.5155,8.516,8.515,8.5172,8.5189,8.5191,8.517,29
2014-11-04 03:22:00,2014-11-04 03:23:00,8.5155,8.5153,8.5155,8.5153,8.5189,8.517,8.51819,8.517,8
2014-11-04 03:23:00,2014-11-04 03:24:00,8.5153,8.515,8.5153,8.515,8.517,8.5169,8.517,8.5169,7
2014-11-04 03:24:00,2014-11-04 03:25:00,8.515,8.5152,8.5153,8.5149,8.5169,8.5169,8.5169,8.5168,10
2014-11-04 03:25:00,2014-11-04 03:26:00,8.5152,8.5152,8.5153,8.5151,8.5169,8.5169,8.5169,8.5169,5
2014-11-04 03:26:00,2014-11-04 03:27:00,8.5152,8.5153,8.5153,8.5152,8.5169,8.5169,8.517,8.5169,5
2014-11-04 03:27:00,2014-11-04 03:28:00,8.5153,8.5154,8.5154,8.5142,8.5169,8.5171,8.5172,8.51566,21
2014-11-04 03:28:00,2014-11-04 03:29:00,8.5154,8.5152,8.5153,8.5151,8.5171,8.5169,8.5169,8.5168,13
2014-11-04 03:29:00,2014-11-04 03:30:00,8.5152,8.5139,8.5154,8.5139,8.5169,8.5157,8.5171,8.5157,15
2014-11-04 03:30:00,2014-11-04 03:31:00,8.5139,8.5139,8.514,8.5139,8.5157,8.5157,8.5159,8.5157,3
2014-11-04 03:31:00,2014-11-04 03:32:00,8.5139,8.5141,8.5141,8.514,8.5157,8.5159,8.5159,8.5157,6
2014-11-04 03:32:00,2014-11-04 03:33:00,8.5141,8.5138,8.5141,8.5137,8.5159,8.5156,8.5158,8.5156,14
2014-11-04 03:33:00,2014-11-04 03:34:00,8.5138,8.5141,8.5141,8.5137,8.5156,8.5158,8.5158,8.5156,9
2014-11-04 03:34:00,2014-11-04 03:35:00,8.5141,8.5141,8.5142,8.514,8.5158,8.5158,8.5159,8.5158,4
2014-11-04 03:35:00,2014-11-04 03:36:00,8.5141,8.514,8.5141,8.514,8.5158,8.5157,8.5158,8.5157,5
2014-11-04 03:36:00,2014-11-04 03:37:00,8.514,8.5137,8.5141,8.5135,8.5157,8.5164,8.5164,8.5157,8
2014-11-04 03:37:00,2014-11-04 03:38:00,8.5137,8.51392,8.51392,8.5136,8.5164,8.5167,8.5167,8.5163,9
2014-11-04 03:38:00,2014-11-04 03:39:00,8.51392,8.5137,8.51484,8.5137,8.5167,8.5165,8.5168,8.5158,18
2014-11-04 03:39:00,2014-11-04 03:40:00,8.5137,8.5149,8.5149,8.5137,8.5165,8.517,8.517,8.516,13
2014-11-04 03:40:00,2014-11-04 03:41:00,8.5149,8.5149,8.515,8.5149,8.517,8.517,8.5171,8.517,4
2014-11-04 03:41:00,2014-11-04 03:42:00,8.5149,8.51484,8.5149,8.51484,8.517,8.5169,8.5169,8.5169,2
2014-11-04 03:42:00,2014-11-04 03:43:00,8.51484,8.5149,8.5149,8.5149,8.5169,8.517,8.517,8.5169,2
2014-11-04 03:43:00,2014-11-04 03:44:00,8.5149,8.5159,8.5159,8.5141,8.517,8.5175,8.5175,8.5166,23
2014-11-04 03:44:00,2014-11-04 03:45:00,8.5159,8.5161,8.5161,8.5158,8.5175,8.5177,8.5177,8.5172,15
2014-11-04 03:45:00,2014-11-04 03:46:00,8.5161,8.5199,8.5201,8.51573,8.5177,8.52019,8.5202,8.5175,113
2014-11-04 03:46:00,2014-11-04 03:47:00,8.5199,8.5181,8.5197,8.5165,8.52019,8.52013,8.52019,8.519,27
2014-11-04 03:47:00,2014-11-04 03:49:00,8.5181,8.52496,8.52496,8.5162,8.52013,8.5271,8.5271,8.52013,33
2014-11-04 03:49:00,2014-11-04 03:50:00,8.52496,8.5158,8.52496,8.5155,8.5271,8.5202,8.52995,8.5201,89
2014-11-04 03:50:00,2014-11-04 03:51:00,8.5158,8.5157,8.5164,8.5157,8.5202,8.52,8.5203,8.52,48
2014-11-04 03:51:00,2014-11-04 03:52:00,8.5157,8.5186,8.5186,8.5158,8.52,8.5222,8.5222,8.52,51
2014-11-04 03:52:00,2014-11-04 03:53:00,8.5186,8.51914,8.51957,8.5159,8.5222,8.52454,8.52497,8.5207,72
2014-11-04 03:53:00,2014-11-04 03:54:00,8.51914,8.521,8.5259,8.5194,8.52454,8.5286,8.5295,8.52454,43
2014-11-04 03:54:00,2014-11-04 03:55:00,8.521,8.51943,8.5224,8.51943,8.5286,8.5248,8.529,8.5248,16
2014-11-04 03:55:00,2014-11-04 03:56:00,8.51943,8.5225,8.5225,8.5188,8.5248,8.5289,8.5289,8.5248,14
2014-11-04 03:56:00,2014-11-04 03:57:00,8.5225,8.5206,8.52128,8.51986,8.5289,8.5279,8.5279,8.5277,7
2014-11-04 03:57:00,2014-11-04 03:58:00,8.5206,8.52073,8.52073,8.52059,8.5279,8.5279,8.5279,8.5278,4
2014-11-04 03:58:00,2014-11-04 03:59:00,8.52073,8.52088,8.52088,8.52073,8.5279,8.5279,8.5279,8.5278,16
2014-11-04 03:59:00,2014-11-04 04:00:00,8.52088,8.5227,8.52324,8.52088,8.5279,8.5274,8.5279,8.5274,20
2014-11-04 04:00:00,2014-11-04 04:01:00,8.5227,8.52266,8.52267,8.52264,8.5274,8.5274,8.5274,8.5274,3
2014-11-04 04:01:00,2014-11-04 04:02:00,8.52266,8.52263,8.52272,8.52263,8.5274,8.5274,8.5274,8.5273,5
2014-11-04 04:02:00,2014-11-04 04:03:00,8.52263,8.52263,8.52267,8.52263,8.5274,8.5274,8.5274,8.5274,2
2014-11-04 04:03:00,2014-11-04 04:04:00,8.52263,8.52262,8.52262,8.52262,8.5274,8.5274,8.5274,8.5274,1
2014-11-04 04:04:00,2014-11-04 04:05:00,8.52262,8.52198,8.52262,8.52198,8.5274,8.5266,8.5275,8.5266,8
2014-11-04 04:05:00,2014-11-04 04:06:00,8.52198,8.52193,8.52198,8.52193,8.5266,8.5266,8.5267,8.5266,5
2014-11-04 04:06:00,2014-11-04 04:07:00,8.52193,8.52193,8.52193,8.52192,8.5266,8.5266,8.5266,8.5266,2
2014-11-04 04:07:00,2014-11-04 04:08:00,8.52193,8.52177,8.52185,8.52177,8.5266,8.5265,8.5266,8.5264,7
2014-11-04 04:08:00,2014-11-04 04:09:00,8.52177,8.52183,8.52186,8.52182,8.5265,8.5266,8.5267,8.5265,14
2014-11-04 04:09:00,2014-11-04 04:10:00,8.52183,8.52166,8.52191,8.52166,8.5266,8.5262,8.5267,8.5262,20
2014-11-04 04:10:00,2014-11-04 04:11:00,8.52166,8.5217,8.5217,8.5215,8.5262,8.5252,8.5261,8.5252,13
2014-11-04 04:11:00,2014-11-04 04:12:00,8.5217,8.5218,8.5218,8.5216,8.5252,8.5251,8.5251,8.525,5
2014-11-04 04:12:00,2014-11-04 04:13:00,8.5218,8.5219,8.5221,8.5219,8.5251,8.5244,8.5249,8.5244,9
2014-11-04 04:13:00,2014-11-04 04:14:00,8.5219,8.5221,8.5222,8.522,8.5244,8.5246,8.5248,8.5244,8
2014-11-04 04:14:00,2014-11-04 04:15:00,8.5221,8.5221,8.5221,8.52073,8.5246,8.5246,8.5252,8.5246,5
2014-11-04 04:15:00,2014-11-04 04:16:00,8.5221,8.522,8.5221,8.522,8.5246,8.5245,8.5245,8.5245,2
2014-11-04 04:16:00,2014-11-04 04:17:00,8.522,8.5221,8.5221,8.5221,8.5245,8.5246,8.5246,8.5245,2
2014-11-04 04:17:00,2014-11-04 04:18:00,8.5221,8.5219,8.522,8.5219,8.5246,8.5244,8.5245,8.5244,2
2014-11-04 04:18:00,2014-11-04 04:19:00,8.5219,8.5218,8.5218,8.5218,8.5244,8.5243,8.5243,8.5243,1
2014-11-04 04:19:00,2014-11-04 04:21:00,8.5218,8.5244,8.5248,8.5218,8.5243,8.5263,8.5269,8.5245,67
2014-11-04 04:21:00,2014-11-04 04:22:00,8.5244,8.52174,8.52376,8.52174,8.5263,8.52714,8.5272,8.5265,13
2014-11-04 04:22:00,2014-11-04 04:23:00,8.52174,8.5215,8.5239,8.5213,8.52714,8.5242,8.5273,8.5241,30
2014-11-04 04:23:00,2014-11-04 04:24:00,8.5215,8.5238,8.525,8.5215,8.5242,8.5266,8.52806,8.5243,48
2014-11-04 04:24:00,2014-11-04 04:25:00,8.5238,8.5225,8.5244,8.52184,8.5266,8.5258,8.5276,8.5258,47
2014-11-04 04:25:00,2014-11-04 04:26:00,8.5225,8.5235,8.5235,8.5227,8.5258,8.5266,8.52703,8.5253,24
2014-11-04 04:26:00,2014-11-04 04:27:00,8.5235,8.5237,8.5237,8.5235,8.5266,8.5267,8.5267,8.52606,9
2014-11-04 04:27:00,2014-11-04 04:28:00,8.5237,8.5238,8.5238,8.5238,8.5267,8.5267,8.5267,8.5267,1
2014-11-04 04:28:00,2014-11-04 04:29:00,8.5238,8.5233,8.5241,8.5233,8.5267,8.5263,8.5271,8.5263,9
2014-11-04 04:29:00,2014-11-04 04:30:00,8.5233,8.521,8.5236,8.521,8.5263,8.5239,8.5274,8.5239,30
2014-11-04 04:30:00,2014-11-04 04:31:00,8.521,8.5219,8.5219,8.521,8.5239,8.5248,8.52659,8.5238,21
2014-11-04 04:31:00,2014-11-04 04:32:00,8.5219,8.5212,8.5219,8.5212,8.5248,8.5266,8.52668,8.5245,9
2014-11-04 04:32:00,2014-11-04 04:33:00,8.5212,8.5213,8.5213,8.5212,8.5266,8.5264,8.52659,8.52634,4
2014-11-04 04:33:00,2014-11-04 04:34:00,8.5213,8.5212,8.5212,8.5212,8.5264,8.52639,8.5264,8.52639,2
2014-11-04 04:34:00,2014-11-04 04:35:00,8.5212,8.5213,8.5213,8.5212,8.52639,8.52639,8.5264,8.52639,5
2014-11-04 04:35:00,2014-11-04 04:36:00,8.5213,8.5213,8.5213,8.5213,8.52639,8.5264,8.52641,8.5264,2
2014-11-04 04:36:00,2014-11-04 04:37:00,8.5213,8.5213,8.5218,8.5213,8.5264,8.52663,8.52664,8.52646,6
2014-11-04 04:37:00,2014-11-04 04:38:00,8.5213,8.5212,8.5213,8.5212,8.52663,8.52651,8.52662,8.52651,5
2014-11-04 04:38:00,2014-11-04 04:39:00,8.5212,8.5212,8.5212,8.5212,8.52651,8.5265,8.5265,8.52649,2
2014-11-04 04:39:00,2014-11-04 04:40:00,8.5212,8.5211,8.5212,8.5211,8.5265,8.5265,8.5265,8.52648,3
2014-11-04 04:40:00,2014-11-04 04:41:00,8.5211,8.5237,8.5237,8.5212,8.5265,8.5265,8.5271,8.52645,15
2014-11-04 04:41:00,2014-11-04 04:42:00,8.5237,8.5239,8.5239,8.5239,8.5265,8.5265,8.5265,8.5265,1
2014-11-04 04:42:00,2014-11-04 04:46:00,8.524,8.5239,8.524,8.5239,8.5266,8.5265,8.5265,8.5265,2
2014-11-04 04:46:00,2014-11-04 04:50:00,8.524,8.5239,8.524,8.5239,8.5266,8.5265,8.5267,8.5265,3
2014-11-04 04:50:00,2014-11-04 04:53:00,8.5239,8.52305,8.52305,8.52305,8.5265,8.52779,8.52779,8.5265,2
2014-11-04 04:53:00,2014-11-04 04:55:00,8.52305,8.52305,8.52305,8.52305,8.52779,8.52778,8.52778,8.52778,1
2014-11-04 04:55:00,2014-11-04 04:56:00,8.52305,8.5239,8.5239,8.52305,8.52778,8.5265,8.52777,8.5265,3
2014-11-04 04:56:00,2014-11-04 04:57:00,8.5239,8.524,8.524,8.524,8.5265,8.5266,8.5266,8.5265,2
2014-11-04 04:57:00,2014-11-04 04:58:00,8.524,8.523,8.5231,8.5229,8.5266,8.5251,8.5266,8.5251,6
2014-11-04 04:58:00,2014-11-04 04:59:00,8.523,8.5237,8.524,8.523,8.5251,8.5266,8.5267,8.52562,16
2014-11-04 04:59:00,2014-11-04 05:00:00,8.5237,8.5227,8.524,8.5227,8.5266,8.5242,8.5267,8.5241,19
2014-11-04 05:00:00,2014-11-04 05:01:00,8.5227,8.5237,8.5237,8.5228,8.5242,8.5264,8.5265,8.5242,11
2014-11-04 05:01:00,2014-11-04 05:02:00,8.5237,8.5239,8.524,8.5238,8.5264,8.5266,8.5266,8.5264,7
2014-11-04 05:02:00,2014-11-04 05:03:00,8.5239,8.5242,8.5242,8.524,8.5266,8.5268,8.5268,8.5266,7
2014-11-04 05:03:00,2014-11-04 05:04:00,8.5242,8.5241,8.5241,8.524,8.5268,8.5267,8.5267,8.5267,2
2014-11-04 05:04:00,2014-11-04 05:05:00,8.5241,8.5242,8.5242,8.5242,8.5267,8.5269,8.5269,8.5267,2
2014-11-04 05:05:00,2014-11-04 05:06:00,8.5242,8.5242,8.5242,8.524,8.5269,8.5268,8.5268,8.5268,3
2014-11-04 05:06:00,2014-11-04 05:08:00,8.5242,8.5258,8.52757,8.5241,8.5268,8.527,8.52895,8.5268,24
2014-11-04 05:08:00,2014-11-04 05:09:00,8.5258,8.5242,8.5243,8.5242,8.527,8.5268,8.527,8.5268,3
2014-11-04 05:09:00,2014-11-04 05:10:00,8.5242,8.5242,8.5243,8.5242,8.5268,8.5268,8.5269,8.5268,4
2014-11-04 05:10:00,2014-11-04 05:12:00,8.5242,8.5243,8.5243,8.5242,8.5268,8.5269,8.5269,8.5269,2
2014-11-04 05:12:00,2014-11-04 05:15:00,8.5243,8.5241,8.5243,8.5241,8.5269,8.5267,8.5268,8.5267,4
2014-11-04 05:15:00,2014-11-04 05:17:00,8.5241,8.5241,8.5241,8.524,8.5267,8.5267,8.5267,8.5266,4
2014-11-04 05:17:00,2014-11-04 05:18:00,8.5241,8.524,8.5241,8.524,8.5267,8.5266,8.5266,8.5266,2
2014-11-04 05:18:00,2014-11-04 05:19:00,8.524,8.5241,8.5241,8.5241,8.5266,8.5267,8.5267,8.5266,2
2014-11-04 05:19:00,2014-11-04 05:20:00,8.5241,8.5243,8.5243,8.5242,8.5267,8.5269,8.5269,8.5267,4
2014-11-04 05:20:00,2014-11-04 05:21:00,8.5243,8.5243,8.5244,8.5242,8.5269,8.5269,8.5269,8.5268,3
2014-11-04 05:21:00,2014-11-04 05:22:00,8.5243,8.5242,8.5243,8.5242,8.5269,8.5268,8.5268,8.5268,2
2014-11-04 05:22:00,2014-11-04 05:23:00,8.5242,8.5243,8.5243,8.5241,8.5268,8.5269,8.5269,8.5267,7
2014-11-04 05:23:00,2014-11-04 05:24:00,8.5243,8.5241,8.5242,8.524,8.5269,8.5267,8.5269,8.5267,5
2014-11-04 05:24:00,2014-11-04 05:25:00,8.5241,8.5241,8.5241,8.524,8.5267,8.5267,8.5267,8.5267,2
2014-11-04 05:25:00,2014-11-04 05:26:00,8.5241,8.52028,8.5242,8.5201,8.5267,8.5216,8.5269,8.5216,21
2014-11-04 05:26:00,2014-11-04 05:27:00,8.52028,8.52028,8.52028,8.52028,8.5216,8.5215,8.5215,8.5215,1
2014-11-04 05:27:00,2014-11-04 05:28:00,8.52028,8.5203,8.5204,8.52028,8.5215,8.5217,8.5218,8.5217,7
2014-11-04 05:28:00,2014-11-04 05:29:00,8.5203,8.5207,8.5207,8.52028,8.5217,8.5221,8.5221,8.5216,6
2014-11-04 05:29:00,2014-11-04 05:32:00,8.5207,8.5206,8.5206,8.5206,8.5221,8.522,8.5221,8.522,2
2014-11-04 05:32:00,2014-11-04 05:33:00,8.5206,8.5206,8.5206,8.52058,8.522,8.522,8.5221,8.522,5
2014-11-04 05:33:00,2014-11-04 05:35:00,8.5206,8.5206,8.5207,8.52058,8.522,8.522,8.5221,8.522,5
2014-11-04 05:35:00,2014-11-04 05:36:00,8.5206,8.5206,8.5206,8.52058,8.522,8.522,8.522,8.522,2
2014-11-04 05:36:00,2014-11-04 05:37:00,8.5206,8.5208,8.5208,8.52058,8.522,8.5222,8.5223,8.5219,7
2014-11-04 05:37:00,2014-11-04 05:38:00,8.5208,8.5206,8.5209,8.5206,8.5222,8.5221,8.5223,8.5221,3
2014-11-04 05:38:00,2014-11-04 05:39:00,8.5206,8.52058,8.5207,8.52058,8.5221,8.5213,8.5221,8.5212,7
2014-11-04 05:39:00,2014-11-04 05:40:00,8.52058,8.52033,8.52058,8.5201,8.5213,8.5216,8.5219,8.5212,6
2014-11-04 05:40:00,2014-11-04 05:41:00,8.52033,8.52053,8.52083,8.51972,8.5216,8.522,8.522,8.5214,23
2014-11-04 05:41:00,2014-11-04 05:42:00,8.52053,8.52053,8.52053,8.52053,8.522,8.5221,8.5222,8.5221,3
2014-11-04 05:42:00,2014-11-04 05:43:00,8.52053,8.52053,8.52053,8.52053,8.5221,8.5221,8.5222,8.5221,2
2014-11-04 05:43:00,2014-11-04 05:45:00,8.52053,8.52053,8.52053,8.52053,8.5221,8.5221,8.5221,8.5219,4
2014-11-04 05:45:00,2014-11-04 05:46:00,8.52053,8.52053,8.52053,8.52053,8.5221,8.5221,8.5223,8.5221,2
2014-11-04 05:46:00,2014-11-04 05:47:00,8.52053,8.52053,8.52053,8.52053,8.5221,8.5223,8.5223,8.522,4
2014-11-04 05:47:00,2014-11-04 05:49:00,8.52053,8.52053,8.52053,8.52053,8.5223,8.5223,8.5223,8.5222,2
2014-11-04 05:49:00,2014-11-04 05:50:00,8.52053,8.52053,8.52053,8.52053,8.5223,8.5222,8.5222,8.5222,1
2014-11-04 05:50:00,2014-11-04 05:51:00,8.52053,8.52083,8.52083,8.52083,8.5222,8.5222,8.5222,8.5222,1
2014-11-04 05:51:00,2014-11-04 05:52:00,8.52083,8.52083,8.52083,8.52083,8.5222,8.5221,8.5223,8.5221,2
2014-11-04 05:52:00,2014-11-04 05:54:00,8.52083,8.52083,8.52083,8.52083,8.5221,8.5221,8.5221,8.522,2
2014-11-04 05:54:00,2014-11-04 05:55:00,8.52083,8.52083,8.52083,8.52083,8.5221,8.5228,8.5228,8.5222,3
2014-11-04 05:55:00,2014-11-04 05:56:00,8.52083,8.52083,8.52083,8.52083,8.5228,8.523,8.523,8.5228,3
2014-11-04 05:56:00,2014-11-04 05:57:00,8.52083,8.5209,8.5209,8.52083,8.523,8.5231,8.5231,8.523,6
2014-11-04 05:57:00,2014-11-04 06:00:00,8.5209,8.5209,8.5209,8.52083,8.5231,8.5231,8.5231,8.523,4
2014-11-04 06:00:00,2014-11-04 06:01:00,8.5209,8.52083,8.5209,8.52083,8.5231,8.523,8.5231,8.523,6
2014-11-04 06:01:00,2014-11-04 06:02:00,8.52083,8.521,8.5211,8.5209,8.523,8.5232,8.5233,8.523,7
2014-11-04 06:02:00,2014-11-04 06:03:00,8.521,8.5203,8.52126,8.5203,8.5232,8.5225,8.5238,8.5225,19
2014-11-04 06:03:00,2014-11-04 06:04:00,8.5203,8.52284,8.52284,8.5211,8.5225,8.5235,8.5238,8.5225,18
2014-11-04 06:04:00,2014-11-04 06:05:00,8.52284,8.52284,8.52284,8.52284,8.5235,8.5235,8.5236,8.5235,2
2014-11-04 06:05:00,2014-11-04 06:06:00,8.52284,8.52284,8.52284,8.5217,8.5235,8.5236,8.5236,8.5236,3
2014-11-04 06:06:00,2014-11-04 06:07:00,8.52284,8.52284,8.52284,8.52284,8.5236,8.5235,8.5235,8.5235,1
2014-11-04 06:07:00,2014-11-04 06:08:00,8.52284,8.52284,8.52284,8.5217,8.5235,8.5235,8.5235,8.5234,4
2014-11-04 06:08:00,2014-11-04 06:13:00,8.52284,8.52283,8.52284,8.52109,8.5235,8.5233,8.52589,8.5233,9
2014-11-04 06:13:00,2014-11-04 06:14:00,8.52283,8.5213,8.52283,8.5213,8.5233,8.5232,8.5233,8.5232,4
2014-11-04 06:14:00,2014-11-04 06:15:00,8.5213,8.52283,8.52283,8.5213,8.5232,8.5232,8.5233,8.5232,3
2014-11-04 06:15:00,2014-11-04 06:16:00,8.52283,8.52283,8.52283,8.52283,8.5232,8.5233,8.5233,8.5233,1
2014-11-04 06:16:00,2014-11-04 06:18:00,8.52283,8.52208,8.52283,8.52137,8.5233,8.5226,8.52407,8.5226,7
2014-11-04 06:18:00,2014-11-04 06:19:00,8.52208,8.52208,8.52208,8.52208,8.5226,8.5226,8.5226,8.5225,2
2014-11-04 06:19:00,2014-11-04 06:20:00,8.52208,8.5231,8.52436,8.52208,8.5226,8.52683,8.5272,8.5225,21
2014-11-04 06:20:00,2014-11-04 06:21:00,8.5231,8.5231,8.5232,8.5231,8.52683,8.52699,8.5272,8.5266,26
2014-11-04 06:21:00,2014-11-04 06:22:00,8.5231,8.5232,8.5233,8.5231,8.52699,8.52697,8.52697,8.5265,7
2014-11-04 06:22:00,2014-11-04 06:23:00,8.5232,8.52562,8.52562,8.5231,8.52697,8.5278,8.5279,8.5265,19
2014-11-04 06:23:00,2014-11-04 06:24:00,8.52562,8.52562,8.52562,8.52562,8.5278,8.5278,8.5279,8.5278,2
2014-11-04 06:24:00,2014-11-04 06:25:00,8.52562,8.52562,8.52562,8.52562,8.5278,8.5277,8.5277,8.5277,1
2014-11-04 06:25:00,2014-11-04 06:26:00,8.52562,8.525,8.5256,8.5249,8.5277,8.5277,8.5277,8.5277,5
2014-11-04 06:26:00,2014-11-04 06:27:00,8.525,8.525,8.525,8.525,8.5277,8.5278,8.5278,8.5277,3
2014-11-04 06:27:00,2014-11-04 06:28:00,8.525,8.5252,8.5252,8.525,8.5278,8.5279,8.5279,8.5278,7
2014-11-04 06:28:00,2014-11-04 06:29:00,8.5252,8.5251,8.5253,8.5251,8.5279,8.5278,8.528,8.5278,7
2014-11-04 06:29:00,2014-11-04 06:30:00,8.5251,8.5273,8.5275,8.52542,8.5278,8.5288,8.5296,8.5278,39
2014-11-04 06:30:00,2014-11-04 06:31:00,8.5273,8.529,8.529,8.5274,8.5288,8.5317,8.5319,8.5288,34
2014-11-04 06:31:00,2014-11-04 06:32:00,8.529,8.5273,8.52984,8.5273,8.5317,8.5301,8.5318,8.53004,44
2014-11-04 06:32:00,2014-11-04 06:33:00,8.5273,8.5275,8.5281,8.5272,8.5301,8.5298,8.5309,8.5294,39
2014-11-04 06:33:00,2014-11-04 06:34:00,8.5275,8.5264,8.5275,8.5236,8.5298,8.5291,8.5306,8.52637,81
2014-11-04 06:34:00,2014-11-04 06:35:00,8.5264,8.52748,8.53038,8.526,8.5291,8.5313,8.5322,8.5281,50
2014-11-04 06:35:00,2014-11-04 06:36:00,8.52748,8.5278,8.52984,8.5237,8.5313,8.5306,8.532,8.5267,96
2014-11-04 06:36:00,2014-11-04 06:37:00,8.5278,8.529,8.529,8.5279,8.5306,8.5308,8.531,8.5306,15
2014-11-04 06:37:00,2014-11-04 06:38:00,8.529,8.529,8.529,8.5289,8.5308,8.5308,8.5309,8.5308,4
2014-11-04 06:38:00,2014-11-04 06:40:00,8.529,8.5288,8.529,8.5288,8.5308,8.5306,8.5308,8.5306,8
2014-11-04 06:40:00,2014-11-04 06:41:00,8.5288,8.5277,8.529,8.5274,8.5306,8.5298,8.5308,8.5297,36
2014-11-04 06:41:00,2014-11-04 06:43:00,8.5277,8.5299,8.5305,8.5277,8.5298,8.533,8.5337,8.5298,59
2014-11-04 06:43:00,2014-11-04 06:44:00,8.5299,8.531,8.531,8.52984,8.533,8.5337,8.5338,8.5324,64
2014-11-04 06:44:00,2014-11-04 06:45:00,8.531,8.5302,8.531,8.5302,8.5337,8.5331,8.5338,8.5331,72
2014-11-04 06:45:00,2014-11-04 06:46:00,8.5302,8.5286,8.5303,8.52818,8.5331,8.5327,8.53398,8.532,80
2014-11-04 06:46:00,2014-11-04 06:47:00,8.5286,8.52922,8.52946,8.52766,8.5327,8.5331,8.5338,8.532,77
2014-11-04 06:47:00,2014-11-04 06:48:00,8.52922,8.52555,8.52953,8.52554,8.5331,8.53,8.5342,8.5293,94
2014-11-04 06:48:00,2014-11-04 06:49:00,8.52555,8.5261,8.5271,8.52555,8.53,8.5294,8.53,8.5293,15
2014-11-04 06:49:00,2014-11-04 06:50:00,8.5261,8.527,8.5272,8.5261,8.5294,8.5297,8.5299,8.5297,9
2014-11-04 06:50:00,2014-11-04 06:51:00,8.527,8.5269,8.5269,8.5269,8.5297,8.5296,8.5297,8.5296,2
2014-11-04 06:51:00,2014-11-04 06:52:00,8.5269,8.5253,8.527,8.5229,8.5296,8.528,8.5297,8.52516,52
2014-11-04 06:52:00,2014-11-04 06:53:00,8.5253,8.5274,8.5275,8.52532,8.528,8.5294,8.5311,8.5278,46
2014-11-04 06:53:00,2014-11-04 06:54:00,8.5274,8.5268,8.5269,8.5268,8.5294,8.5295,8.5296,8.5295,3
2014-11-04 06:54:00,2014-11-04 06:55:00,8.5268,8.526,8.5268,8.5258,8.5295,8.5286,8.5295,8.5286,21
2014-11-04 06:55:00,2014-11-04 06:56:00,8.526,8.5293,8.5327,8.5258,8.5286,8.5331,8.5344,8.5285,84
2014-11-04 06:56:00,2014-11-04 06:57:00,8.5293,8.527,8.5293,8.527,8.5331,8.5295,8.5332,8.5295,38
2014-11-04 06:57:00,2014-11-04 06:58:00,8.527,8.5264,8.527,8.5264,8.5295,8.5283,8.5294,8.5277,10
2014-11-04 06:58:00,2014-11-04 06:59:00,8.5264,8.5258,8.5262,8.5257,8.5283,8.5278,8.5285,8.5277,286
2014-11-04 06:59:00,2014-11-04 07:00:00,8.5258,8.5257,8.5259,8.5257,8.5278,8.5275,8.5279,8.5275,16
2014-11-04 07:00:00,2014-11-04 07:01:00,8.5257,8.5293,8.5305,8.5251,8.5275,8.5315,8.5319,8.5265,158
2014-11-04 07:01:00,2014-11-04 07:02:00,8.5293,8.5327,8.5327,8.5262,8.5315,8.5342,8.5342,8.5289,158
2014-11-04 07:02:00,2014-11-04 07:03:00,8.5327,8.5321,8.53311,8.5318,8.5342,8.5335,8.5345,8.5332,62
2014-11-04 07:03:00,2014-11-04 07:04:00,8.5321,8.5321,8.5326,8.5319,8.5335,8.5339,8.53415,8.53314,52
2014-11-04 07:04:00,2014-11-04 07:05:00,8.5321,8.53175,8.5323,8.5308,8.5339,8.53405,8.53405,8.53158,124
2014-11-04 07:05:00,2014-11-04 07:06:00,8.53175,8.532,8.5325,8.53175,8.53405,8.5341,8.5341,8.5339,61
2014-11-04 07:06:00,2014-11-04 07:07:00,8.532,8.5326,8.5329,8.5317,8.5341,8.5346,8.5346,8.53324,72
2014-11-04 07:07:00,2014-11-04 07:08:00,8.5326,8.5333,8.5333,8.5321,8.5346,8.5343,8.5351,8.5335,71
2014-11-04 07:08:00,2014-11-04 07:09:00,8.5333,8.5325,8.5341,8.5324,8.5343,8.5336,8.53513,8.5335,44
2014-11-04 07:09:00,2014-11-04 07:10:00,8.5325,8.5331,8.5335,8.5307,8.5336,8.5338,8.5343,8.5324,62
2014-11-04 07:10:00,2014-11-04 07:11:00,8.5331,8.53233,8.5331,8.53233,8.5338,8.5336,8.5337,8.5335,6
2014-11-04 07:11:00,2014-11-04 07:12:00,8.53233,8.5316,8.5328,8.5305,8.5336,8.533,8.5336,8.5319,71
2014-11-04 07:12:00,2014-11-04 07:13:00,8.5316,8.5317,8.5317,8.5316,8.533,8.5331,8.5331,8.533,4
2014-11-04 07:13:00,2014-11-04 07:14:00,8.5317,8.5327,8.5327,8.5311,8.5331,8.5338,8.5338,8.5324,38
2014-11-04 07:14:00,2014-11-04 07:15:00,8.5327,8.536,8.5367,8.5327,8.5338,8.53821,8.5383,8.5341,80
2014-11-04 07:15:00,2014-11-04 07:16:00,8.536,8.5398,8.5398,8.5351,8.53821,8.54,8.54,8.5363,140
2014-11-04 07:16:00,2014-11-04 07:17:00,8.5398,8.5373,8.54298,8.5366,8.54,8.5383,8.5465,8.5382,419
2014-11-04 07:17:00,2014-11-04 07:18:00,8.5373,8.5332,8.5375,8.5321,8.5383,8.5346,8.5392,8.5341,90
2014-11-04 07:18:00,2014-11-04 07:19:00,8.5332,8.5333,8.535,8.5328,8.5346,8.5342,8.5363,8.5337,121
2014-11-04 07:19:00,2014-11-04 07:20:00,8.5333,8.5366,8.5369,8.5336,8.5342,8.5372,8.5375,8.5342,30
2014-11-04 07:20:00,2014-11-04 07:21:00,8.5366,8.53488,8.5366,8.5333,8.5372,8.5368,8.5377,8.5345,129
2014-11-04 07:21:00,2014-11-04 07:22:00,8.53488,8.5317,8.5359,8.5317,8.5368,8.5331,8.5372,8.5331,98
2014-11-04 07:22:00,2014-11-04 07:23:00,8.5317,8.5321,8.5323,8.5299,8.5331,8.5334,8.53381,8.5313,53
2014-11-04 07:23:00,2014-11-04 07:24:00,8.5321,8.5277,8.5336,8.5254,8.5334,8.5313,8.535,8.5276,193
2014-11-04 07:24:00,2014-11-04 07:25:00,8.5277,8.5263,8.5296,8.5257,8.5313,8.52794,8.53174,8.527,217
2014-11-04 07:25:00,2014-11-04 07:26:00,8.5263,8.5274,8.5277,8.5255,8.52794,8.5288,8.5295,8.5268,76
2014-11-04 07:26:00,2014-11-04 07:27:00,8.5274,8.5276,8.5277,8.5274,8.5288,8.5292,8.52933,8.5287,21
2014-11-04 07:27:00,2014-11-04 07:28:00,8.5276,8.5277,8.5277,8.5276,8.5292,8.52916,8.52916,8.52916,2
2014-11-04 07:28:00,2014-11-04 07:29:00,8.5277,8.5276,8.5277,8.527,8.52916,8.5292,8.52929,8.5282,21
2014-11-04 07:29:00,2014-11-04 07:30:00,8.5276,8.5255,8.5275,8.5251,8.5292,8.5267,8.5287,8.5265,120
2014-11-04 07:30:00,2014-11-04 07:31:00,8.5255,8.5262,8.5266,8.5257,8.5267,8.52733,8.52763,8.5267,61
2014-11-04 07:31:00,2014-11-04 07:32:00,8.5262,8.5239,8.5261,8.5231,8.52733,8.5256,8.52733,8.5239,142
2014-11-04 07:32:00,2014-11-04 07:33:00,8.5239,8.5236,8.5253,8.5229,8.5256,8.52453,8.5262,8.52398,102
2014-11-04 07:33:00,2014-11-04 07:34:00,8.5236,8.5234,8.5236,8.5227,8.52453,8.52497,8.52497,8.5239,127
2014-11-04 07:34:00,2014-11-04 07:35:00,8.5234,8.5243,8.5243,8.5232,8.52497,8.5254,8.5255,8.5249,37
2014-11-04 07:35:00,2014-11-04 07:36:00,8.5243,8.5233,8.5244,8.5231,8.5254,8.52459,8.5257,8.5242,52
2014-11-04 07:36:00,2014-11-04 07:37:00,8.5233,8.5233,8.5233,8.5233,8.52459,8.52464,8.52464,8.5245,9
2014-11-04 07:37:00,2014-11-04 07:38:00,8.5233,8.5232,8.5233,8.5232,8.52464,8.5249,8.5249,8.5243,32
2014-11-04 07:38:00,2014-11-04 07:39:00,8.5232,8.5233,8.5234,8.5232,8.5249,8.52499,8.52503,8.5248,10
2014-11-04 07:39:00,2014-11-04 07:40:00,8.5233,8.5239,8.5241,8.5231,8.52499,8.5252,8.52541,8.5243,41
2014-11-04 07:40:00,2014-11-04 07:41:00,8.5239,8.5234,8.5245,8.5234,8.5252,8.52495,8.5256,8.52495,81
2014-11-04 07:41:00,2014-11-04 07:42:00,8.5234,8.5235,8.5235,8.5234,8.52495,8.5247,8.52498,8.5247,6
2014-11-04 07:42:00,2014-11-04 07:43:00,8.5235,8.522,8.5235,8.5213,8.5247,8.52388,8.52496,8.5225,62
2014-11-04 07:43:00,2014-11-04 07:44:00,8.522,8.52167,8.5225,8.5215,8.52388,8.523,8.5241,8.52246,90
2014-11-04 07:44:00,2014-11-04 07:45:00,8.52167,8.5178,8.5221,8.5178,8.523,8.51908,8.52298,8.51902,76
2014-11-04 07:45:00,2014-11-04 07:46:00,8.5178,8.51868,8.51868,8.51732,8.51908,8.52,8.52,8.51849,88
2014-11-04 07:46:00,2014-11-04 07:47:00,8.51868,8.519,8.5207,8.51842,8.52,8.52071,8.52228,8.5198,102
2014-11-04 07:47:00,2014-11-04 07:48:00,8.519,8.5178,8.5194,8.5178,8.52071,8.51964,8.52071,8.5196,93
2014-11-04 07:48:00,2014-11-04 07:49:00,8.5178,8.5183,8.5183,8.5172,8.51964,8.5191,8.51986,8.51909,58
2014-11-04 07:49:00,2014-11-04 07:50:00,8.5183,8.5199,8.5199,8.5182,8.5191,8.5213,8.5213,8.5191,61
2014-11-04 07:50:00,2014-11-04 07:51:00,8.5199,8.5186,8.5201,8.5183,8.5213,8.5203,8.5215,8.5198,48
2014-11-04 07:51:00,2014-11-04 07:52:00,8.5186,8.5199,8.5208,8.5193,8.5203,8.52114,8.5216,8.52046,26
2014-11-04 07:52:00,2014-11-04 07:53:00,8.5199,8.5225,8.5225,8.5199,8.52114,8.5234,8.5234,8.5211,39
2014-11-04 07:53:00,2014-11-04 07:54:00,8.5225,8.5227,8.5236,8.5217,8.5234,8.52353,8.5246,8.5229,136
2014-11-04 07:54:00,2014-11-04 07:55:00,8.5227,8.5227,8.5227,8.5227,8.52353,8.52353,8.52353,8.5235,2
2014-11-04 07:55:00,2014-11-04 07:56:00,8.5227,8.5227,8.5227,8.5227,8.52353,8.52353,8.52353,8.5235,4
2014-11-04 07:56:00,2014-11-04 07:57:00,8.5227,8.5219,8.5224,8.5219,8.52353,8.5229,8.52353,8.5229,15
2014-11-04 07:57:00,2014-11-04 07:58:00,8.5219,8.5221,8.5221,8.5219,8.5229,8.5235,8.5235,8.523,10
2014-11-04 07:58:00,2014-11-04 07:59:00,8.5221,8.524,8.52402,8.52208,8.5235,8.525,8.5254,8.5234,28
2014-11-04 07:59:00,2014-11-04 08:00:00,8.524,8.52362,8.5244,8.52362,8.525,8.525,8.5254,8.525,37
2014-11-04 08:00:00,2014-11-04 08:01:00,8.52362,8.5237,8.5239,8.52284,8.525,8.5249,8.5251,8.5243,31
2014-11-04 08:01:00,2014-11-04 08:02:00,8.5237,8.5253,8.5253,8.5236,8.5249,8.5268,8.5268,8.5248,118
2014-11-04 08:02:00,2014-11-04 08:03:00,8.5253,8.5283,8.5283,8.5254,8.5268,8.5289,8.5294,8.5259,71
2014-11-04 08:03:00,2014-11-04 08:04:00,8.5283,8.5299,8.53031,8.5283,8.5289,8.5315,8.5317,8.5288,64
2014-11-04 08:04:00,2014-11-04 08:05:00,8.5299,8.53197,8.53197,8.52998,8.5315,8.5325,8.5325,8.5312,37
2014-11-04 08:05:00,2014-11-04 08:06:00,8.53197,8.5319,8.5319,8.5317,8.5325,8.5329,8.53327,8.5325,17
2014-11-04 08:06:00,2014-11-04 08:07:00,8.5319,8.53186,8.5319,8.5308,8.5329,8.5328,8.5331,8.5321,37
2014-11-04 08:07:00,2014-11-04 08:08:00,8.53186,8.5326,8.5327,8.5314,8.5328,8.5337,8.5337,8.5328,18
2014-11-04 08:08:00,2014-11-04 08:09:00,8.5326,8.5357,8.53612,8.5319,8.5337,8.5372,8.5374,8.5333,148
2014-11-04 08:09:00,2014-11-04 08:10:00,8.5357,8.5352,8.5361,8.5343,8.5372,8.5372,8.53748,8.5357,47
2014-11-04 08:10:00,2014-11-04 08:11:00,8.5352,8.5375,8.538,8.5352,8.5372,8.53865,8.539,8.5372,64
2014-11-04 08:11:00,2014-11-04 08:12:00,8.5375,8.5412,8.5414,8.5375,8.53865,8.5419,8.5428,8.53867,72
2014-11-04 08:12:00,2014-11-04 08:13:00,8.5412,8.5405,8.5409,8.5396,8.5419,8.5418,8.5423,8.54147,50
2014-11-04 08:13:00,2014-11-04 08:14:00,8.5405,8.53857,8.5405,8.53857,8.5418,8.5397,8.5417,8.5397,49
2014-11-04 08:14:00,2014-11-04 08:15:00,8.53857,8.5394,8.5398,8.53899,8.5397,8.5405,8.5405,8.5397,16
2014-11-04 08:15:00,2014-11-04 08:16:00,8.5394,8.53917,8.5397,8.53917,8.5405,8.54,8.5405,8.54,17
2014-11-04 08:16:00,2014-11-04 08:17:00,8.53917,8.5401,8.5409,8.53917,8.54,8.54135,8.54188,8.54,68
2014-11-04 08:17:00,2014-11-04 08:18:00,8.5401,8.54252,8.5426,8.5401,8.54135,8.5437,8.5437,8.54135,55
2014-11-04 08:18:00,2014-11-04 08:19:00,8.54252,8.5455,8.5477,8.5415,8.5437,8.5471,8.549,8.543,138
2014-11-04 08:19:00,2014-11-04 08:20:00,8.5455,8.5455,8.5479,8.5438,8.5471,8.5468,8.5491,8.545,218
2014-11-04 08:20:00,2014-11-04 08:21:00,8.5455,8.54562,8.54562,8.5436,8.5468,8.547,8.5473,8.54498,128
2014-11-04 08:21:00,2014-11-04 08:22:00,8.54562,8.5455,8.547,8.545,8.547,8.5474,8.5486,8.5466,56
2014-11-04 08:22:00,2014-11-04 08:23:00,8.5455,8.5425,8.5468,8.5425,8.5474,8.5438,8.5479,8.5436,113
2014-11-04 08:23:00,2014-11-04 08:24:00,8.5425,8.5421,8.5427,8.5413,8.5438,8.5437,8.5439,8.5429,87
2014-11-04 08:24:00,2014-11-04 08:25:00,8.5421,8.5413,8.5426,8.5407,8.5437,8.5432,8.5442,8.5418,77
2014-11-04 08:25:00,2014-11-04 08:26:00,8.5413,8.5401,8.5426,8.5395,8.5432,8.54218,8.5439,8.54062,125
2014-11-04 08:26:00,2014-11-04 08:27:00,8.5401,8.53934,8.5408,8.5392,8.54218,8.54086,8.5426,8.54086,66
2014-11-04 08:27:00,2014-11-04 08:28:00,8.53934,8.5384,8.5394,8.5384,8.54086,8.53979,8.54095,8.53979,39
2014-11-04 08:28:00,2014-11-04 08:29:00,8.5384,8.537,8.5384,8.5364,8.53979,8.53853,8.5397,8.53783,65
2014-11-04 08:29:00,2014-11-04 08:30:00,8.537,8.5374,8.538,8.537,8.53853,8.539,8.5393,8.5384,28
2014-11-04 08:30:00,2014-11-04 08:31:00,8.5374,8.5344,8.5374,8.5326,8.539,8.5352,8.53799,8.53497,136
2014-11-04 08:31:00,2014-11-04 08:32:00,8.5344,8.531,8.5344,8.531,8.5352,8.5328,8.5356,8.5328,59
2014-11-04 08:32:00,2014-11-04 08:33:00,8.531,8.5323,8.5324,8.53123,8.5328,8.5335,8.534,8.5325,32
2014-11-04 08:33:00,2014-11-04 08:34:00,8.5323,8.5326,8.5326,8.5324,8.5335,8.53322,8.5335,8.53302,8
2014-11-04 08:34:00,2014-11-04 08:35:00,8.5326,8.5322,8.5327,8.5319,8.53322,8.5334,8.53342,8.5332,14
2014-11-04 08:35:00,2014-11-04 08:36:00,8.5322,8.5306,8.53246,8.5306,8.5334,8.53206,8.53367,8.53206,79
2014-11-04 08:36:00,2014-11-04 08:37:00,8.5306,8.5302,8.5313,8.53002,8.53206,8.5306,8.5328,8.5306,52
2014-11-04 08:37:00,2014-11-04 08:38:00,8.5302,8.52741,8.53002,8.52649,8.5306,8.5285,8.5308,8.5282,217
2014-11-04 08:38:00,2014-11-04 08:39:00,8.52741,8.5274,8.5275,8.52736,8.5285,8.5291,8.5292,8.5291,17
2014-11-04 08:39:00,2014-11-04 08:40:00,8.5274,8.5263,8.52742,8.52592,8.5291,8.5277,8.5291,8.5272,43
2014-11-04 08:40:00,2014-11-04 08:41:00,8.5263,8.5267,8.5267,8.5261,8.5277,8.5277,8.5278,8.5275,25
2014-11-04 08:41:00,2014-11-04 08:42:00,8.5267,8.527,8.5274,8.5264,8.5277,8.52879,8.52889,8.5274,78
2014-11-04 08:42:00,2014-11-04 08:43:00,8.527,8.5273,8.5275,8.5263,8.52879,8.52918,8.5292,8.5273,68
2014-11-04 08:43:00,2014-11-04 08:44:00,8.5273,8.5272,8.5281,8.5272,8.52918,8.5285,8.5295,8.5285,39
2014-11-04 08:44:00,2014-11-04 08:45:00,8.5272,8.52104,8.5272,8.52094,8.5285,8.5222,8.5283,8.5222,102
2014-11-04 08:45:00,2014-11-04 08:46:00,8.52104,8.5198,8.5214,8.5198,8.5222,8.5214,8.52293,8.5209,92
2014-11-04 08:46:00,2014-11-04 08:47:00,8.5198,8.52032,8.52082,8.51947,8.5214,8.5217,8.5221,8.521,53
2014-11-04 08:47:00,2014-11-04 08:48:00,8.52032,8.52062,8.52062,8.51968,8.5217,8.5217,8.5217,8.5209,76
2014-11-04 08:48:00,2014-11-04 08:49:00,8.52062,8.5189,8.52062,8.5181,8.5217,8.5202,8.52162,8.5195,119
2014-11-04 08:49:00,2014-11-04 08:50:00,8.5189,8.5192,8.5201,8.5174,8.5202,8.5206,8.5215,8.5192,101
2014-11-04 08:50:00,2014-11-04 08:51:00,8.5192,8.5188,8.5193,8.5182,8.5206,8.5199,8.52043,8.5193,32
2014-11-04 08:51:00,2014-11-04 08:52:00,8.5188,8.5179,8.5189,8.5172,8.5199,8.5193,8.51993,8.5183,48
2014-11-04 08:52:00,2014-11-04 08:53:00,8.5179,8.5164,8.5181,8.5163,8.5193,8.5175,8.5195,8.5171,107
2014-11-04 08:53:00,2014-11-04 08:54:00,8.5164,8.5165,8.5168,8.5163,8.5175,8.51778,8.51812,8.5175,31
2014-11-04 08:54:00,2014-11-04 08:55:00,8.5165,8.5165,8.5166,8.5164,8.51778,8.5175,8.51781,8.5175,8
2014-11-04 08:55:00,2014-11-04 08:56:00,8.5165,8.5154,8.5164,8.5154,8.5175,8.5166,8.5175,8.5166,26
2014-11-04 08:56:00,2014-11-04 08:57:00,8.5154,8.5163,8.5165,8.5148,8.5166,8.5173,8.5176,8.5159,36
2014-11-04 08:57:00,2014-11-04 08:58:00,8.5163,8.5165,8.5165,8.516,8.5173,8.5179,8.5179,8.5173,12
2014-11-04 08:58:00,2014-11-04 08:59:00,8.5165,8.51553,8.5165,8.5153,8.5179,8.51704,8.5177,8.5168,24
2014-11-04 08:59:00,2014-11-04 09:00:00,8.51553,8.5163,8.5168,8.51553,8.51704,8.5175,8.518,8.517,25
2014-11-04 09:00:00,2014-11-04 09:01:00,8.5163,8.5179,8.5183,8.5163,8.5175,8.519,8.5192,8.5174,54
2014-11-04 09:01:00,2014-11-04 09:02:00,8.5179,8.5181,8.5186,8.5177,8.519,8.51903,8.5195,8.5188,30
2014-11-04 09:02:00,2014-11-04 09:03:00,8.5181,8.5171,8.5181,8.5169,8.51903,8.51786,8.51889,8.51786,37
2014-11-04 09:03:00,2014-11-04 09:04:00,8.5171,8.5179,8.5179,8.5169,8.51786,8.5189,8.5191,8.51786,21
2014-11-04 09:04:00,2014-11-04 09:05:00,8.5179,8.5174,8.5179,8.5169,8.5189,8.51851,8.519,8.51796,15
2014-11-04 09:05:00,2014-11-04 09:07:00,8.5174,8.5173,8.5175,8.5173,8.51851,8.51869,8.51869,8.51851,8
2014-11-04 09:07:00,2014-11-04 09:08:00,8.5173,8.5174,8.5175,8.5173,8.51869,8.5183,8.51878,8.5183,7
2014-11-04 09:08:00,2014-11-04 09:09:00,8.5174,8.5207,8.5209,8.5173,8.5183,8.52199,8.52259,8.5183,51
2014-11-04 09:09:00,2014-11-04 09:10:00,8.5207,8.5182,8.5206,8.518,8.52199,8.5197,8.52199,8.5196,101
2014-11-04 09:10:00,2014-11-04 09:11:00,8.5182,8.518,8.5187,8.518,8.5197,8.51915,8.52028,8.51915,61
2014-11-04 09:11:00,2014-11-04 09:12:00,8.518,8.5185,8.5188,8.5181,8.51915,8.51915,8.5201,8.51915,18
2014-11-04 09:12:00,2014-11-04 09:13:00,8.5185,8.5181,8.5184,8.518,8.51915,8.51915,8.51915,8.51915,7
2014-11-04 09:13:00,2014-11-04 09:14:00,8.5181,8.5176,8.518,8.5175,8.51915,8.5188,8.5191,8.5186,11
2014-11-04 09:14:00,2014-11-04 09:15:00,8.5176,8.5158,8.5185,8.5156,8.5188,8.5172,8.51971,8.5169,65
2014-11-04 09:15:00,2014-11-04 09:16:00,8.5158,8.5133,8.5165,8.5121,8.5172,8.5145,8.5177,8.51329,85
2014-11-04 09:16:00,2014-11-04 09:17:00,8.5133,8.5137,8.5139,8.5134,8.5145,8.5146,8.5153,8.5145,15
2014-11-04 09:17:00,2014-11-04 09:18:00,8.5137,8.5133,8.5135,8.5133,8.5146,8.5139,8.5146,8.5139,10
2014-11-04 09:18:00,2014-11-04 09:19:00,8.5133,8.5131,8.5137,8.5108,8.5139,8.51448,8.5149,8.5125,113
2014-11-04 09:19:00,2014-11-04 09:20:00,8.5131,8.5135,8.5135,8.5114,8.51448,8.5147,8.51474,8.5127,92
2014-11-04 09:20:00,2014-11-04 09:21:00,8.5135,8.512,8.5136,8.512,8.5147,8.51424,8.515,8.5135,67
2014-11-04 09:21:00,2014-11-04 09:22:00,8.512,8.5122,8.5125,8.512,8.51424,8.5139,8.514,8.5139,32
2014-11-04 09:22:00,2014-11-04 09:23:00,8.5122,8.5082,8.5125,8.5081,8.5139,8.50943,8.514,8.50935,40
2014-11-04 09:23:00,2014-11-04 09:24:00,8.5082,8.5077,8.5091,8.5077,8.50943,8.5091,8.5105,8.5091,27
2014-11-04 09:24:00,2014-11-04 09:25:00,8.5077,8.5058,8.5077,8.5052,8.5091,8.50693,8.5087,8.50642,62
2014-11-04 09:25:00,2014-11-04 09:26:00,8.5058,8.50717,8.508,8.5058,8.50693,8.50837,8.5094,8.50693,56
2014-11-04 09:26:00,2014-11-04 09:27:00,8.50717,8.51057,8.5119,8.50718,8.50837,8.5109,8.5128,8.50837,133
2014-11-04 09:27:00,2014-11-04 09:28:00,8.51057,8.50872,8.51057,8.50834,8.5109,8.5096,8.5115,8.5095,36
2014-11-04 09:28:00,2014-11-04 09:29:00,8.50872,8.50872,8.50872,8.50872,8.5096,8.5097,8.5097,8.5095,7
2014-11-04 09:29:00,2014-11-04 09:30:00,8.50872,8.50947,8.50947,8.5083,8.5097,8.5105,8.5105,8.5096,27
2014-11-04 09:30:00,2014-11-04 09:31:00,8.50947,8.5105,8.51052,8.50947,8.5105,8.5108,8.51148,8.5099,55
2014-11-04 09:31:00,2014-11-04 09:32:00,8.5105,8.5125,8.5133,8.5098,8.5108,8.5139,8.5152,8.5103,87
2014-11-04 09:32:00,2014-11-04 09:33:00,8.5125,8.5145,8.5149,8.5119,8.5139,8.5161,8.5161,8.5136,75
2014-11-04 09:33:00,2014-11-04 09:34:00,8.5145,8.51557,8.51557,8.51241,8.5161,8.51705,8.5171,8.51419,75
2014-11-04 09:34:00,2014-11-04 09:35:00,8.51557,8.5157,8.51576,8.51534,8.51705,8.51767,8.51779,8.5163,164
2014-11-04 09:35:00,2014-11-04 09:36:00,8.5157,8.5156,8.5159,8.5147,8.51767,8.5174,8.51767,8.51602,39
2014-11-04 09:36:00,2014-11-04 09:37:00,8.5156,8.5165,8.5172,8.5156,8.5174,8.51748,8.5185,8.51733,60
2014-11-04 09:37:00,2014-11-04 09:38:00,8.5165,8.5157,8.5165,8.51562,8.51748,8.5172,8.51729,8.5171,7
2014-11-04 09:38:00,2014-11-04 09:39:00,8.5157,8.5157,8.5158,8.5157,8.5172,8.5171,8.51726,8.5171,13
2014-11-04 09:39:00,2014-11-04 09:40:00,8.5157,8.516,8.5168,8.5159,8.5171,8.51727,8.51748,8.5171,18
2014-11-04 09:40:00,2014-11-04 09:41:00,8.516,8.5162,8.5162,8.516,8.51727,8.51736,8.51736,8.51726,10
2014-11-04 09:41:00,2014-11-04 09:42:00,8.5162,8.516,8.5162,8.5159,8.51736,8.51728,8.51736,8.51728,19
2014-11-04 09:42:00,2014-11-04 09:43:00,8.516,8.5156,8.5162,8.5151,8.51728,8.51679,8.51785,8.51679,43
2014-11-04 09:43:00,2014-11-04 09:44:00,8.5156,8.5153,8.5155,8.5134,8.51679,8.51653,8.5171,8.51476,87
2014-11-04 09:44:00,2014-11-04 09:45:00,8.5153,8.5156,8.5157,8.5154,8.51653,8.51683,8.5169,8.51653,16
2014-11-04 09:45:00,2014-11-04 09:46:00,8.5156,8.5155,8.5159,8.5155,8.51683,8.51664,8.5172,8.51664,41
2014-11-04 09:46:00,2014-11-04 09:47:00,8.5155,8.5151,8.5156,8.5151,8.51664,8.51612,8.5169,8.51612,19
2014-11-04 09:47:00,2014-11-04 09:48:00,8.5151,8.5145,8.5152,8.5145,8.51612,8.5154,8.51612,8.51492,21
2014-11-04 09:48:00,2014-11-04 09:49:00,8.5145,8.5152,8.5152,8.5145,8.5154,8.5165,8.5165,8.51508,24
2014-11-04 09:49:00,2014-11-04 09:50:00,8.5152,8.5163,8.5164,8.5158,8.5165,8.5173,8.5173,8.5165,16
2014-11-04 09:50:00,2014-11-04 09:51:00,8.5163,8.517,8.5181,8.5161,8.5173,8.51836,8.5192,8.51728,75
2014-11-04 09:51:00,2014-11-04 09:52:00,8.517,8.51861,8.51861,8.51646,8.51836,8.5199,8.5199,8.5182,84
2014-11-04 09:52:00,2014-11-04 09:53:00,8.51861,8.5188,8.51902,8.5188,8.5199,8.5199,8.5199,8.5199,2
2014-11-04 09:53:00,2014-11-04 09:54:00,8.5188,8.5185,8.5188,8.5184,8.5199,8.5198,8.5199,8.5197,11
2014-11-04 09:54:00,2014-11-04 09:55:00,8.5185,8.5168,8.51872,8.5164,8.5198,8.51798,8.5198,8.51761,66
2014-11-04 09:55:00,2014-11-04 09:56:00,8.5168,8.5167,8.5175,8.5156,8.51798,8.51775,8.5188,8.5169,97
2014-11-04 09:56:00,2014-11-04 09:57:00,8.5167,8.5167,8.5169,8.5162,8.51775,8.51791,8.51818,8.51775,41
2014-11-04 09:57:00,2014-11-04 09:58:00,8.5167,8.5165,8.5177,8.5156,8.51791,8.5183,8.5191,8.5171,199
2014-11-04 09:58:00,2014-11-04 09:59:00,8.5165,8.5174,8.5174,8.5164,8.5183,8.5184,8.5184,8.5181,34
2014-11-04 09:59:00,2014-11-04 10:00:00,8.5174,8.5191,8.5203,8.5166,8.5184,8.5205,8.5216,8.5178,40
2014-11-04 10:00:00,2014-11-04 10:01:00,8.5191,8.5192,8.5193,8.5192,8.5205,8.52053,8.52053,8.5205,5
2014-11-04 10:01:00,2014-11-04 10:02:00,8.5192,8.5213,8.5213,8.5189,8.52053,8.5227,8.5228,8.5203,148
2014-11-04 10:02:00,2014-11-04 10:03:00,8.5213,8.522,8.52265,8.52,8.5227,8.52308,8.5249,8.5211,150
2014-11-04 10:03:00,2014-11-04 10:04:00,8.522,8.52443,8.5245,8.52169,8.52308,8.5259,8.5259,8.52319,37
2014-11-04 10:04:00,2014-11-04 10:05:00,8.52443,8.5239,8.5254,8.5237,8.5259,8.525,8.5278,8.525,75
2014-11-04 10:05:00,2014-11-04 10:06:00,8.5239,8.5238,8.5239,8.5238,8.525,8.5252,8.5252,8.525,5
2014-11-04 10:06:00,2014-11-04 10:07:00,8.5238,8.52485,8.5257,8.5237,8.5252,8.52656,8.5269,8.5249,126
2014-11-04 10:07:00,2014-11-04 10:08:00,8.52485,8.5258,8.5258,8.5247,8.52656,8.527,8.5271,8.5264,24
2014-11-04 10:08:00,2014-11-04 10:09:00,8.5258,8.5295,8.5297,8.5258,8.527,8.53032,8.5309,8.5271,72
2014-11-04 10:09:00,2014-11-04 10:10:00,8.5295,8.5268,8.5295,8.5268,8.53032,8.5279,8.5307,8.5276,35
2014-11-04 10:10:00,2014-11-04 10:11:00,8.5268,8.53188,8.53277,8.5268,8.5279,8.53343,8.5341,8.5279,106
2014-11-04 10:11:00,2014-11-04 10:12:00,8.53188,8.5309,8.53256,8.53045,8.53343,8.5321,8.5335,8.5317,50
2014-11-04 10:12:00,2014-11-04 10:13:00,8.5309,8.53525,8.53525,8.53051,8.5321,8.5362,8.5365,8.5318,120
2014-11-04 10:13:00,2014-11-04 10:14:00,8.53525,8.53524,8.53543,8.5344,8.5362,8.5365,8.5365,8.5357,70
2014-11-04 10:14:00,2014-11-04 10:15:00,8.53524,8.53811,8.5389,8.53523,8.5365,8.5395,8.5399,8.5361,212
2014-11-04 10:15:00,2014-11-04 10:16:00,8.53811,8.5391,8.53995,8.5375,8.5395,8.5403,8.5412,8.5387,95
2014-11-04 10:16:00,2014-11-04 10:17:00,8.5391,8.5389,8.5403,8.5381,8.5403,8.54,8.5412,8.5395,61
2014-11-04 10:17:00,2014-11-04 10:18:00,8.5389,8.5385,8.5391,8.537,8.54,8.54,8.54038,8.5379,67
2014-11-04 10:18:00,2014-11-04 10:19:00,8.5385,8.53799,8.5385,8.53707,8.54,8.5391,8.5405,8.5385,60
2014-11-04 10:19:00,2014-11-04 10:20:00,8.53799,8.53654,8.53799,8.5363,8.5391,8.5377,8.5389,8.5377,24
2014-11-04 10:20:00,2014-11-04 10:21:00,8.53654,8.53593,8.5367,8.5349,8.5377,8.5375,8.5381,8.5363,78
2014-11-04 10:21:00,2014-11-04 10:22:00,8.53593,8.5356,8.5362,8.5353,8.5375,8.5369,8.5378,8.5365,63
2014-11-04 10:22:00,2014-11-04 10:23:00,8.5356,8.5356,8.5364,8.53538,8.5369,8.5369,8.5369,8.5368,23
2014-11-04 10:23:00,2014-11-04 10:24:00,8.5356,8.5354,8.5357,8.5354,8.5369,8.5369,8.5371,8.5369,8
2014-11-04 10:24:00,2014-11-04 10:25:00,8.5354,8.53535,8.53555,8.53535,8.5369,8.5364,8.5367,8.5364,9
2014-11-04 10:25:00,2014-11-04 10:26:00,8.53535,8.5358,8.5375,8.53535,8.5364,8.5376,8.5386,8.5367,78
2014-11-04 10:26:00,2014-11-04 10:27:00,8.5358,8.5358,8.5386,8.5355,8.5376,8.5368,8.5395,8.5368,71
2014-11-04 10:27:00,2014-11-04 10:28:00,8.5358,8.53307,8.5352,8.5315,8.5368,8.535,8.5368,8.5332,161
2014-11-04 10:28:00,2014-11-04 10:29:00,8.53307,8.5335,8.5345,8.5324,8.535,8.5352,8.5364,8.5344,109
2014-11-04 10:29:00,2014-11-04 10:30:00,8.5335,8.53246,8.5342,8.5319,8.5352,8.5341,8.5353,8.5332,129
2014-11-04 10:30:00,2014-11-04 10:31:00,8.53246,8.53222,8.53246,8.5321,8.5341,8.5338,8.5342,8.5334,25
2014-11-04 10:31:00,2014-11-04 10:32:00,8.53222,8.5322,8.53222,8.5321,8.5338,8.5334,8.53367,8.5334,7
2014-11-04 10:32:00,2014-11-04 10:33:00,8.5322,8.5318,8.5322,8.5317,8.5334,8.5332,8.5334,8.5331,13
2014-11-04 10:33:00,2014-11-04 10:34:00,8.5318,8.5324,8.533,8.5317,8.5332,8.5336,8.5346,8.5331,69
2014-11-04 10:34:00,2014-11-04 10:35:00,8.5324,8.53092,8.53218,8.5308,8.5336,8.5319,8.5336,8.5319,47
2014-11-04 10:35:00,2014-11-04 10:36:00,8.53092,8.5284,8.53121,8.5284,8.5319,8.52987,8.5321,8.52987,71
2014-11-04 10:36:00,2014-11-04 10:37:00,8.5284,8.53003,8.53039,8.5284,8.52987,8.531,8.5312,8.5296,90
2014-11-04 10:37:00,2014-11-04 10:38:00,8.53003,8.52548,8.53003,8.52548,8.531,8.5266,8.5304,8.5266,79
2014-11-04 10:38:00,2014-11-04 10:39:00,8.52548,8.52617,8.52617,8.52543,8.5266,8.5273,8.5273,8.5267,19
2014-11-04 10:39:00,2014-11-04 10:40:00,8.52617,8.5257,8.5262,8.52537,8.5273,8.5271,8.52741,8.5267,33
2014-11-04 10:40:00,2014-11-04 10:41:00,8.5257,8.5255,8.5265,8.52531,8.5271,8.5269,8.5277,8.5263,38
2014-11-04 10:41:00,2014-11-04 10:42:00,8.5255,8.5239,8.5263,8.5238,8.5269,8.5255,8.52742,8.5255,98
2014-11-04 10:42:00,2014-11-04 10:43:00,8.5239,8.5247,8.525,8.52371,8.5255,8.5261,8.5261,8.5255,31
2014-11-04 10:43:00,2014-11-04 10:44:00,8.5247,8.5255,8.52692,8.5248,8.5261,8.5265,8.5281,8.5261,154
2014-11-04 10:44:00,2014-11-04 10:45:00,8.5255,8.5255,8.5255,8.5253,8.5265,8.5264,8.5265,8.5264,7
2014-11-04 10:45:00,2014-11-04 10:46:00,8.5255,8.5271,8.5271,8.5251,8.5264,8.5287,8.5289,8.5263,51
2014-11-04 10:46:00,2014-11-04 10:47:00,8.5271,8.52707,8.5271,8.52707,8.5287,8.5285,8.5288,8.5284,20
2014-11-04 10:47:00,2014-11-04 10:48:00,8.52707,8.5271,8.5272,8.5271,8.5285,8.5286,8.5288,8.5285,16
2014-11-04 10:48:00,2014-11-04 10:49:00,8.5271,8.52741,8.52741,8.52707,8.5286,8.5288,8.5289,8.5286,15
2014-11-04 10:49:00,2014-11-04 10:50:00,8.52741,8.52721,8.52743,8.5272,8.5288,8.5285,8.52893,8.5284,31
2014-11-04 10:50:00,2014-11-04 10:51:00,8.52721,8.52724,8.52803,8.52702,8.5285,8.5285,8.5288,8.52824,47
2014-11-04 10:51:00,2014-11-04 10:52:00,8.52724,8.52718,8.52725,8.52718,8.5285,8.5276,8.5286,8.5275,11
2014-11-04 10:52:00,2014-11-04 10:53:00,8.52718,8.52719,8.52719,8.52705,8.5276,8.5284,8.5285,8.5274,16
2014-11-04 10:53:00,2014-11-04 10:54:00,8.52719,8.52718,8.5272,8.52718,8.5284,8.5283,8.5284,8.5283,3
2014-11-04 10:54:00,2014-11-04 10:55:00,8.52718,8.52725,8.52725,8.52722,8.5283,8.5286,8.5286,8.5283,7
2014-11-04 10:55:00,2014-11-04 10:56:00,8.52725,8.52729,8.52729,8.52722,8.5286,8.5286,8.5286,8.5284,10
2014-11-04 10:56:00,2014-11-04 10:57:00,8.52729,8.52814,8.52815,8.52729,8.5286,8.5292,8.5292,8.52853,21
2014-11-04 10:57:00,2014-11-04 10:58:00,8.52814,8.5316,8.53191,8.52814,8.5292,8.5325,8.5334,8.5293,114
2014-11-04 10:58:00,2014-11-04 10:59:00,8.5316,8.5303,8.53224,8.53018,8.5325,8.5316,8.5335,8.5316,112
2014-11-04 10:59:00,2014-11-04 11:00:00,8.5303,8.53158,8.53165,8.5303,8.5316,8.5331,8.53322,8.5316,59
2014-11-04 11:00:00,2014-11-04 11:01:00,8.53158,8.53154,8.53157,8.53154,8.5331,8.5331,8.5332,8.5331,4
2014-11-04 11:01:00,2014-11-04 11:02:00,8.53154,8.53319,8.53365,8.5313,8.5331,8.5343,8.5345,8.5328,50
2014-11-04 11:02:00,2014-11-04 11:03:00,8.53319,8.53303,8.53322,8.53252,8.5343,8.5345,8.5347,8.5339,93
2014-11-04 11:03:00,2014-11-04 11:04:00,8.53303,8.53307,8.53307,8.5329,8.5345,8.5346,8.53471,8.53434,74
2014-11-04 11:04:00,2014-11-04 11:05:00,8.53307,8.5328,8.53307,8.53097,8.5346,8.53414,8.5346,8.53265,58
2014-11-04 11:05:00,2014-11-04 11:06:00,8.5328,8.5327,8.533,8.53206,8.53414,8.5341,8.53422,8.5334,41
2014-11-04 11:06:00,2014-11-04 11:07:00,8.5327,8.53237,8.5327,8.53237,8.5341,8.5336,8.534,8.5336,13
2014-11-04 11:07:00,2014-11-04 11:08:00,8.53237,8.5324,8.53295,8.53232,8.5336,8.53378,8.5338,8.5336,12
2014-11-04 11:08:00,2014-11-04 11:09:00,8.5324,8.5325,8.5325,8.5324,8.53378,8.5339,8.53392,8.5337,8
2014-11-04 11:09:00,2014-11-04 11:10:00,8.5325,8.5336,8.53422,8.5325,8.5339,8.53497,8.5356,8.53388,64
2014-11-04 11:10:00,2014-11-04 11:11:00,8.5336,8.5337,8.5337,8.5336,8.53497,8.53496,8.535,8.5349,15
2014-11-04 11:11:00,2014-11-04 11:12:00,8.5337,8.5333,8.5337,8.5332,8.53496,8.53467,8.535,8.53466,18
2014-11-04 11:12:00,2014-11-04 11:13:00,8.5333,8.53186,8.5332,8.53161,8.53467,8.5336,8.5346,8.5335,44
2014-11-04 11:13:00,2014-11-04 11:14:00,8.53186,8.53277,8.53277,8.53179,8.5336,8.53387,8.53387,8.5335,49
2014-11-04 11:14:00,2014-11-04 11:15:00,8.53277,8.53379,8.534,8.53107,8.53387,8.535,8.535,8.5324,120
2014-11-04 11:15:00,2014-11-04 11:16:00,8.53379,8.53388,8.5345,8.5335,8.535,8.5351,8.5354,8.53462,69
2014-11-04 11:16:00,2014-11-04 11:17:00,8.53388,8.53291,8.5341,8.53291,8.5351,8.5349,8.5352,8.5349,49
2014-11-04 11:17:00,2014-11-04 11:18:00,8.53291,8.5332,8.5332,8.53282,8.5349,8.5346,8.5351,8.5346,20
2014-11-04 11:18:00,2014-11-04 11:19:00,8.5332,8.5325,8.5331,8.5308,8.5346,8.5343,8.5346,8.53248,60
2014-11-04 11:19:00,2014-11-04 11:20:00,8.5325,8.5329,8.5341,8.5306,8.5343,8.533,8.53576,8.5319,175
2014-11-04 11:20:00,2014-11-04 11:21:00,8.5329,8.5309,8.5327,8.5307,8.533,8.53239,8.5343,8.5317,68
2014-11-04 11:21:00,2014-11-04 11:22:00,8.5309,8.5308,8.5308,8.5307,8.53239,8.53235,8.53239,8.532,34
2014-11-04 11:22:00,2014-11-04 11:23:00,8.5308,8.5308,8.5308,8.53068,8.53235,8.5324,8.53246,8.5321,62
2014-11-04 11:23:00,2014-11-04 11:24:00,8.5308,8.5308,8.5309,8.5307,8.5324,8.5323,8.53264,8.5322,33
2014-11-04 11:24:00,2014-11-04 11:25:00,8.5308,8.5309,8.531,8.5307,8.5323,8.5323,8.53267,8.5323,18
2014-11-04 11:25:00,2014-11-04 11:26:00,8.5309,8.531,8.531,8.5307,8.5323,8.53265,8.53265,8.5323,20
2014-11-04 11:26:00,2014-11-04 11:27:00,8.531,8.5313,8.5313,8.5307,8.53265,8.53242,8.53269,8.53196,34
2014-11-04 11:27:00,2014-11-04 11:28:00,8.5313,8.53184,8.5328,8.531,8.53242,8.53372,8.53384,8.5323,74
2014-11-04 11:28:00,2014-11-04 11:29:00,8.53184,8.5317,8.53233,8.5317,8.53372,8.53381,8.5341,8.5338,52
2014-11-04 11:29:00,2014-11-04 11:30:00,8.5317,8.5313,8.532,8.5309,8.53381,8.53318,8.5341,8.5324,73
2014-11-04 11:30:00,2014-11-04 11:31:00,8.5313,8.5308,8.5331,8.5306,8.53318,8.5315,8.53464,8.5315,252
2014-11-04 11:31:00,2014-11-04 11:32:00,8.5308,8.53222,8.5324,8.5301,8.5315,8.5327,8.5337,8.5315,74
2014-11-04 11:32:00,2014-11-04 11:34:00,8.53222,8.5305,8.53222,8.5305,8.5327,8.5321,8.5335,8.5321,45
2014-11-04 11:34:00,2014-11-04 11:35:00,8.5305,8.5317,8.5317,8.5296,8.5321,8.5327,8.5328,8.5311,58
2014-11-04 11:35:00,2014-11-04 11:36:00,8.5317,8.53242,8.53242,8.5314,8.5327,8.53388,8.53388,8.5327,28
2014-11-04 11:36:00,2014-11-04 11:37:00,8.53242,8.53332,8.5334,8.53242,8.53388,8.5348,8.53509,8.53374,33
2014-11-04 11:37:00,2014-11-04 11:38:00,8.53332,8.5362,8.5362,8.5334,8.5348,8.5372,8.5373,8.535,80
2014-11-04 11:38:00,2014-11-04 11:39:00,8.5362,8.5354,8.5367,8.5352,8.5372,8.53708,8.5376,8.5366,65
2014-11-04 11:39:00,2014-11-04 11:40:00,8.5354,8.5377,8.538,8.5353,8.53708,8.53848,8.53864,8.5367,128
2014-11-04 11:40:00,2014-11-04 11:41:00,8.5377,8.5363,8.5377,8.534,8.53848,8.5375,8.53862,8.53531,86
2014-11-04 11:41:00,2014-11-04 11:42:00,8.5363,8.5347,8.5363,8.5341,8.5375,8.5362,8.5376,8.53613,71
2014-11-04 11:42:00,2014-11-04 11:43:00,8.5347,8.5334,8.5349,8.5334,8.5362,8.53487,8.5364,8.53487,76
2014-11-04 11:43:00,2014-11-04 11:44:00,8.5334,8.53472,8.5349,8.5332,8.53487,8.5355,8.5362,8.5346,49
2014-11-04 11:44:00,2014-11-04 11:45:00,8.53472,8.5348,8.53507,8.5335,8.5355,8.5364,8.53655,8.53503,103
2014-11-04 11:45:00,2014-11-04 11:46:00,8.5348,8.5348,8.5354,8.5334,8.5364,8.53626,8.53683,8.53492,131
2014-11-04 11:46:00,2014-11-04 11:47:00,8.5348,8.5348,8.5355,8.5345,8.53626,8.53599,8.53659,8.53572,57
2014-11-04 11:47:00,2014-11-04 11:48:00,8.5348,8.5352,8.5353,8.5348,8.53599,8.5368,8.5368,8.536,51
2014-11-04 11:48:00,2014-11-04 11:49:00,8.5352,8.53507,8.53542,8.53507,8.5368,8.5369,8.53716,8.5366,24
2014-11-04 11:49:00,2014-11-04 11:50:00,8.53507,8.5352,8.5355,8.53458,8.5369,8.5368,8.5374,8.5358,81
2014-11-04 11:50:00,2014-11-04 11:51:00,8.5352,8.5342,8.5355,8.5337,8.5368,8.5353,8.5373,8.53489,47
2014-11-04 11:51:00,2014-11-04 11:52:00,8.5342,8.5321,8.5347,8.532,8.5353,8.5333,8.5358,8.5332,53
2014-11-04 11:52:00,2014-11-04 11:53:00,8.5321,8.53,8.5321,8.53,8.5333,8.5314,8.5333,8.5314,29
2014-11-04 11:53:00,2014-11-04 11:54:00,8.53,8.5294,8.53,8.52926,8.5314,8.53102,8.5313,8.53102,18
2014-11-04 11:54:00,2014-11-04 11:55:00,8.5294,8.5293,8.5293,8.529,8.53102,8.53101,8.53102,8.53068,17
2014-11-04 11:55:00,2014-11-04 11:56:00,8.5293,8.5298,8.5315,8.5294,8.53101,8.53107,8.5324,8.53101,37
2014-11-04 11:56:00,2014-11-04 11:57:00,8.5298,8.5299,8.5299,8.5297,8.53107,8.53112,8.53112,8.53103,6
2014-11-04 11:57:00,2014-11-04 11:58:00,8.5299,8.5297,8.5299,8.52921,8.53112,8.53102,8.53125,8.53102,20
2014-11-04 11:58:00,2014-11-04 11:59:00,8.5297,8.53,8.5305,8.5291,8.53102,8.53145,8.53167,8.53063,46
2014-11-04 11:59:00,2014-11-04 12:00:00,8.53,8.5303,8.5303,8.53,8.53145,8.53146,8.53148,8.53146,9
2014-11-04 12:00:00,2014-11-04 12:01:00,8.5303,8.5302,8.5304,8.5302,8.53146,8.53145,8.53147,8.53145,4
2014-11-04 12:01:00,2014-11-04 12:02:00,8.5302,8.5301,8.5301,8.53,8.53145,8.53143,8.53145,8.5314,4
2014-11-04 12:02:00,2014-11-04 12:03:00,8.5301,8.53,8.5301,8.53,8.53143,8.5314,8.53144,8.5314,2
2014-11-04 12:03:00,2014-11-04 12:04:00,8.53,8.52992,8.53,8.52992,8.5314,8.5313,8.53139,8.5313,2
2014-11-04 12:04:00,2014-11-04 12:05:00,8.52992,8.5294,8.5301,8.5292,8.5313,8.53085,8.5312,8.53072,35
2014-11-04 12:05:00,2014-11-04 12:06:00,8.5294,8.5295,8.5296,8.5294,8.53085,8.5309,8.53106,8.53086,26
2014-11-04 12:06:00,2014-11-04 12:07:00,8.5295,8.5294,8.5295,8.52937,8.5309,8.53082,8.53096,8.53063,29
2014-11-04 12:07:00,2014-11-04 12:08:00,8.5294,8.5298,8.53,8.52937,8.53082,8.53135,8.53141,8.53076,38
2014-11-04 12:08:00,2014-11-04 12:09:00,8.5298,8.5298,8.5298,8.5295,8.53135,8.53137,8.53137,8.5308,8
2014-11-04 12:09:00,2014-11-04 12:10:00,8.5298,8.5298,8.5298,8.5298,8.53137,8.53135,8.53137,8.53135,3
2014-11-04 12:10:00,2014-11-04 12:11:00,8.5298,8.5299,8.5299,8.5298,8.53135,8.53137,8.53137,8.53136,3
2014-11-04 12:11:00,2014-11-04 12:12:00,8.5299,8.52972,8.5302,8.52967,8.53137,8.5313,8.53147,8.53116,29
2014-11-04 12:12:00,2014-11-04 12:13:00,8.52972,8.5298,8.5298,8.5297,8.5313,8.53133,8.53133,8.5313,8
2014-11-04 12:13:00,2014-11-04 12:14:00,8.5298,8.5298,8.5298,8.5297,8.53133,8.5314,8.5314,8.5313,11
2014-11-04 12:14:00,2014-11-04 12:15:00,8.5298,8.5303,8.5304,8.52984,8.5314,8.5316,8.5316,8.5314,12
2014-11-04 12:15:00,2014-11-04 12:16:00,8.5303,8.5303,8.5304,8.5303,8.5316,8.5316,8.5316,8.5316,2
2014-11-04 12:16:00,2014-11-04 12:17:00,8.5303,8.53037,8.53039,8.53004,8.5316,8.5314,8.5316,8.531,19
2014-11-04 12:17:00,2014-11-04 12:18:00,8.53037,8.5304,8.5304,8.5303,8.5314,8.5319,8.5319,8.5313,8
2014-11-04 12:18:00,2014-11-04 12:19:00,8.5304,8.53039,8.5304,8.53038,8.5319,8.5319,8.5319,8.5319,5
2014-11-04 12:19:00,2014-11-04 12:20:00,8.53039,8.5305,8.5305,8.53039,8.5319,8.53203,8.53203,8.53203,5
2014-11-04 12:20:00,2014-11-04 12:21:00,8.5305,8.5309,8.5309,8.5304,8.53203,8.532,8.53203,8.532,7
2014-11-04 12:21:00,2014-11-04 12:22:00,8.5309,8.5312,8.5314,8.5308,8.532,8.532,8.532,8.532,5
2014-11-04 12:22:00,2014-11-04 12:23:00,8.5312,8.5322,8.5327,8.5311,8.532,8.5335,8.5335,8.532,24
2014-11-04 12:23:00,2014-11-04 12:24:00,8.5322,8.5326,8.533,8.5322,8.5335,8.53383,8.53383,8.53363,13
2014-11-04 12:24:00,2014-11-04 12:25:00,8.5326,8.53358,8.53358,8.5325,8.53383,8.53458,8.5346,8.53383,17
2014-11-04 12:25:00,2014-11-04 12:26:00,8.53358,8.5335,8.5335,8.53335,8.53458,8.53458,8.53458,8.53458,6
2014-11-04 12:26:00,2014-11-04 12:27:00,8.5335,8.5373,8.5373,8.53336,8.53458,8.5387,8.5387,8.53448,53
2014-11-04 12:27:00,2014-11-04 12:28:00,8.5373,8.5368,8.5374,8.5367,8.5387,8.5387,8.539,8.5386,12
2014-11-04 12:28:00,2014-11-04 12:29:00,8.5368,8.5368,8.5368,8.53677,8.5387,8.5387,8.5387,8.5385,4
2014-11-04 12:29:00,2014-11-04 12:30:00,8.5368,8.53707,8.53729,8.5367,8.5387,8.5388,8.539,8.53838,30
2014-11-04 12:30:00,2014-11-04 12:31:00,8.53707,8.53717,8.53717,8.5362,8.5388,8.5388,8.5388,8.53772,53
2014-11-04 12:31:00,2014-11-04 12:32:00,8.53717,8.53766,8.53766,8.53682,8.5388,8.5387,8.5388,8.5383,35
2014-11-04 12:32:00,2014-11-04 12:33:00,8.53766,8.53776,8.5384,8.53766,8.5387,8.5389,8.53963,8.5386,29
2014-11-04 12:33:00,2014-11-04 12:34:00,8.53776,8.53763,8.53776,8.5374,8.5389,8.53928,8.5394,8.53888,69
2014-11-04 12:34:00,2014-11-04 12:35:00,8.53763,8.54072,8.54111,8.53832,8.53928,8.542,8.54223,8.53928,53
2014-11-04 12:35:00,2014-11-04 12:36:00,8.54072,8.54305,8.54313,8.5404,8.542,8.54438,8.54439,8.542,91
2014-11-04 12:36:00,2014-11-04 12:37:00,8.54305,8.5453,8.5454,8.54305,8.54438,8.54663,8.54677,8.54433,68
2014-11-04 12:37:00,2014-11-04 12:38:00,8.5453,8.55731,8.5585,8.54522,8.54663,8.55895,8.5593,8.5466,271
2014-11-04 12:38:00,2014-11-04 12:39:00,8.55731,8.56274,8.56274,8.55641,8.55895,8.5642,8.5642,8.55832,156
2014-11-04 12:39:00,2014-11-04 12:40:00,8.56274,8.5587,8.56299,8.5587,8.5642,8.56007,8.56433,8.55998,217
2014-11-04 12:40:00,2014-11-04 12:41:00,8.5587,8.5562,8.5587,8.5541,8.56007,8.5577,8.55998,8.55538,198
2014-11-04 12:41:00,2014-11-04 12:42:00,8.5562,8.5554,8.55622,8.5539,8.5577,8.55655,8.55832,8.55537,169
2014-11-04 12:42:00,2014-11-04 12:43:00,8.5554,8.5565,8.5568,8.55424,8.55655,8.55733,8.55853,8.55575,143
2014-11-04 12:43:00,2014-11-04 12:44:00,8.5565,8.55459,8.5559,8.55366,8.55733,8.55578,8.55733,8.5548,142
2014-11-04 12:44:00,2014-11-04 12:45:00,8.55459,8.5579,8.558,8.5541,8.55578,8.5593,8.5595,8.55526,101
2014-11-04 12:45:00,2014-11-04 12:46:00,8.5579,8.5605,8.5608,8.5573,8.5593,8.5618,8.5625,8.55826,101
2014-11-04 12:46:00,2014-11-04 12:47:00,8.5605,8.56083,8.5625,8.56052,8.5618,8.5619,8.5636,8.5615,104
2014-11-04 12:47:00,2014-11-04 12:48:00,8.56083,8.55789,8.56205,8.5569,8.5619,8.5597,8.5634,8.559,108
2014-11-04 12:48:00,2014-11-04 12:49:00,8.55789,8.5562,8.55763,8.5557,8.5597,8.5566,8.5599,8.5566,64
2014-11-04 12:49:00,2014-11-04 12:50:00,8.5562,8.55922,8.5596,8.5561,8.5566,8.5605,8.5608,8.5566,325
2014-11-04 12:50:00,2014-11-04 12:51:00,8.55922,8.5581,8.5594,8.55771,8.5605,8.5599,8.56072,8.5594,360
2014-11-04 12:51:00,2014-11-04 12:52:00,8.5581,8.55726,8.55837,8.55692,8.5599,8.55913,8.56,8.5577,225
2014-11-04 12:52:00,2014-11-04 12:53:00,8.55726,8.5592,8.55938,8.55714,8.55913,8.5603,8.5605,8.55879,112
2014-11-04 12:53:00,2014-11-04 12:54:00,8.5592,8.5582,8.56,8.5582,8.5603,8.5594,8.5615,8.5594,166
2014-11-04 12:54:00,2014-11-04 12:55:00,8.5582,8.55764,8.5582,8.55764,8.5594,8.5588,8.5599,8.5588,43
2014-11-04 12:55:00,2014-11-04 12:56:00,8.55764,8.55578,8.5579,8.55577,8.5588,8.55777,8.559,8.55777,132
2014-11-04 12:56:00,2014-11-04 12:57:00,8.55578,8.556,8.5577,8.5556,8.55777,8.55798,8.5586,8.5576,54
2014-11-04 12:57:00,2014-11-04 12:58:00,8.556,8.55552,8.55795,8.55537,8.55798,8.5565,8.55888,8.5565,149
2014-11-04 12:58:00,2014-11-04 12:59:00,8.55552,8.55547,8.55602,8.55456,8.5565,8.5565,8.5572,8.5558,134
2014-11-04 12:59:00,2014-11-04 13:00:00,8.55547,8.55358,8.556,8.55316,8.5565,8.5548,8.5571,8.5546,102
2014-11-04 13:00:00,2014-11-04 13:01:00,8.55358,8.55403,8.5542,8.5532,8.5548,8.55614,8.5562,8.5547,75
2014-11-04 13:01:00,2014-11-04 13:02:00,8.55403,8.55632,8.55632,8.55411,8.55614,8.5578,8.5578,8.55614,21
2014-11-04 13:02:00,2014-11-04 13:03:00,8.55632,8.55801,8.55801,8.55641,8.5578,8.5592,8.5593,8.5578,68
2014-11-04 13:03:00,2014-11-04 13:04:00,8.55801,8.56398,8.564,8.5575,8.5592,8.5653,8.56573,8.5588,158
2014-11-04 13:04:00,2014-11-04 13:05:00,8.56398,8.56705,8.56705,8.56344,8.5653,8.5686,8.5686,8.5648,142
2014-11-04 13:05:00,2014-11-04 13:06:00,8.56705,8.5715,8.5725,8.5665,8.5686,8.5723,8.5729,8.56823,195
2014-11-04 13:06:00,2014-11-04 13:07:00,8.5715,8.57628,8.57779,8.57146,8.5723,8.5777,8.5795,8.5723,180
2014-11-04 13:07:00,2014-11-04 13:08:00,8.57628,8.5804,8.5804,8.57438,8.5777,8.5805,8.5814,8.57576,168
2014-11-04 13:08:00,2014-11-04 13:09:00,8.5804,8.58113,8.58209,8.5765,8.5805,8.58298,8.58362,8.57843,277
2014-11-04 13:09:00,2014-11-04 13:10:00,8.58113,8.5848,8.5856,8.5797,8.58298,8.58548,8.5871,8.58122,176
2014-11-04 13:10:00,2014-11-04 13:11:00,8.5848,8.57832,8.5851,8.57832,8.58548,8.5797,8.58617,8.5797,201
2014-11-04 13:11:00,2014-11-04 13:12:00,8.57832,8.57967,8.57967,8.5749,8.5797,8.581,8.5811,8.5757,188
2014-11-04 13:12:00,2014-11-04 13:13:00,8.57967,8.5802,8.5802,8.5779,8.581,8.5812,8.5813,8.57915,116
2014-11-04 13:13:00,2014-11-04 13:14:00,8.5802,8.5752,8.5804,8.5752,8.5812,8.57667,8.5816,8.57667,152
2014-11-04 13:14:00,2014-11-04 13:15:00,8.5752,8.5755,8.57762,8.575,8.57667,8.57742,8.5786,8.5761,175
2014-11-04 13:15:00,2014-11-04 13:16:00,8.5755,8.5733,8.5757,8.57274,8.57742,8.5746,8.57742,8.57438,116
2014-11-04 13:16:00,2014-11-04 13:17:00,8.5733,8.573,8.5738,8.5723,8.5746,8.57452,8.57455,8.5735,64
2014-11-04 13:17:00,2014-11-04 13:18:00,8.573,8.57226,8.5732,8.5717,8.57452,8.5741,8.57477,8.5728,141
2014-11-04 13:18:00,2014-11-04 13:19:00,8.57226,8.5765,8.5773,8.57236,8.5741,8.57768,8.57897,8.5741,129
2014-11-04 13:19:00,2014-11-04 13:20:00,8.5765,8.5826,8.5864,8.5766,8.57768,8.5842,8.58751,8.57768,264
2014-11-04 13:20:00,2014-11-04 13:21:00,8.5826,8.58785,8.58785,8.58207,8.5842,8.589,8.589,8.58364,167
2014-11-04 13:21:00,2014-11-04 13:22:00,8.58785,8.58718,8.5877,8.5864,8.589,8.5884,8.5892,8.5882,76
2014-11-04 13:22:00,2014-11-04 13:23:00,8.58718,8.5868,8.5873,8.58375,8.5884,8.5883,8.5889,8.58584,183
2014-11-04 13:23:00,2014-11-04 13:24:00,8.5868,8.5847,8.587,8.5828,8.5883,8.58606,8.58823,8.58524,146
2014-11-04 13:24:00,2014-11-04 13:25:00,8.5847,8.5817,8.58468,8.5808,8.58606,8.5831,8.58606,8.5818,115
2014-11-04 13:25:00,2014-11-04 13:26:00,8.5817,8.5818,8.58307,8.5814,8.5831,8.585,8.5852,8.5833,125
2014-11-04 13:26:00,2014-11-04 13:27:00,8.5818,8.58326,8.58326,8.58067,8.585,8.58496,8.5853,8.58189,143
2014-11-04 13:27:00,2014-11-04 13:28:00,8.58326,8.58342,8.58342,8.582,8.58496,8.5847,8.58517,8.5834,53
2014-11-04 13:28:00,2014-11-04 13:29:00,8.58342,8.5924,8.5924,8.58342,8.5847,8.5942,8.5943,8.58473,88
2014-11-04 13:29:00,2014-11-04 13:30:00,8.5924,8.5927,8.5946,8.59227,8.5942,8.5939,8.59519,8.5934,142
2014-11-04 13:30:00,2014-11-04 13:31:00,8.5927,8.5906,8.59509,8.5902,8.5939,8.59155,8.59519,8.5912,175
2014-11-04 13:31:00,2014-11-04 13:32:00,8.5906,8.59062,8.5942,8.5898,8.59155,8.5912,8.59517,8.59113,262
2014-11-04 13:32:00,2014-11-04 13:33:00,8.59062,8.59341,8.5947,8.59058,8.5912,8.59551,8.59566,8.5911,128
2014-11-04 13:33:00,2014-11-04 13:34:00,8.59341,8.5957,8.5961,8.59328,8.59551,8.59643,8.59683,8.59539,164
2014-11-04 13:34:00,2014-11-04 13:35:00,8.5957,8.5968,8.5983,8.5947,8.59643,8.5978,8.5996,8.5958,146
2014-11-04 13:35:00,2014-11-04 13:36:00,8.5968,8.5978,8.5992,8.5956,8.5978,8.5994,8.6002,8.5968,218
2014-11-04 13:36:00,2014-11-04 13:37:00,8.5978,8.5988,8.5988,8.5975,8.5994,8.6003,8.6003,8.59858,64
2014-11-04 13:37:00,2014-11-04 13:38:00,8.5988,8.5981,8.60019,8.5953,8.6003,8.59932,8.6016,8.5966,187
2014-11-04 13:38:00,2014-11-04 13:39:00,8.5981,8.59589,8.5978,8.5947,8.59932,8.5977,8.59932,8.5958,131
2014-11-04 13:39:00,2014-11-04 13:40:00,8.59589,8.5912,8.59614,8.5904,8.5977,8.59149,8.5979,8.59124,203
2014-11-04 13:40:00,2014-11-04 13:41:00,8.5912,8.5872,8.5915,8.5868,8.59149,8.58846,8.59238,8.58821,162
2014-11-04 13:41:00,2014-11-04 13:42:00,8.5872,8.5866,8.5874,8.5859,8.58846,8.58829,8.58846,8.5871,62
2014-11-04 13:42:00,2014-11-04 13:43:00,8.5866,8.58762,8.5897,8.5867,8.58829,8.58927,8.59168,8.58802,104
2014-11-04 13:43:00,2014-11-04 13:44:00,8.58762,8.58418,8.5885,8.58418,8.58927,8.5861,8.5906,8.5856,155
2014-11-04 13:44:00,2014-11-04 13:45:00,8.58418,8.5838,8.58511,8.58324,8.5861,8.5854,8.5861,8.5848,76
2014-11-04 13:45:00,2014-11-04 13:46:00,8.5838,8.58402,8.5858,8.58303,8.5854,8.5851,8.58699,8.5845,125
2014-11-04 13:46:00,2014-11-04 13:47:00,8.58402,8.5854,8.5854,8.58402,8.5851,8.5864,8.58702,8.5852,46
2014-11-04 13:47:00,2014-11-04 13:48:00,8.5854,8.5854,8.5858,8.5851,8.5864,8.58625,8.58746,8.58621,134
2014-11-04 13:48:00,2014-11-04 13:49:00,8.5854,8.58566,8.58582,8.5847,8.58625,8.5872,8.5873,8.58589,77
2014-11-04 13:49:00,2014-11-04 13:50:00,8.58566,8.586,8.5871,8.5845,8.5872,8.5872,8.5887,8.5855,108
2014-11-04 13:50:00,2014-11-04 13:51:00,8.586,8.5874,8.58806,8.5852,8.5872,8.5895,8.59002,8.5868,212
2014-11-04 13:51:00,2014-11-04 13:52:00,8.5874,8.58646,8.58792,8.5859,8.5895,8.5882,8.5899,8.58768,121
2014-11-04 13:52:00,2014-11-04 13:53:00,8.58646,8.5866,8.58703,8.58577,8.5882,8.5881,8.5887,8.5876,112
2014-11-04 13:53:00,2014-11-04 13:54:00,8.5866,8.5877,8.58971,8.5854,8.5881,8.58848,8.5911,8.587,130
2014-11-04 13:54:00,2014-11-04 13:55:00,8.5877,8.58668,8.588,8.5861,8.58848,8.5884,8.5896,8.58783,125
2014-11-04 13:55:00,2014-11-04 13:56:00,8.58668,8.58664,8.58689,8.58582,8.5884,8.588,8.58848,8.5872,49
2014-11-04 13:56:00,2014-11-04 13:57:00,8.58664,8.58702,8.58743,8.58642,8.588,8.5879,8.5889,8.5876,86
2014-11-04 13:57:00,2014-11-04 13:58:00,8.58702,8.58984,8.59069,8.58688,8.5879,8.59156,8.5925,8.58828,122
2014-11-04 13:58:00,2014-11-04 13:59:00,8.58984,8.59321,8.59321,8.58984,8.59156,8.59509,8.59509,8.59148,72
2014-11-04 13:59:00,2014-11-04 14:00:00,8.59321,8.59293,8.59378,8.5922,8.59509,8.5938,8.59526,8.5934,84
2014-11-04 14:00:00,2014-11-04 14:01:00,8.59293,8.5922,8.59309,8.59138,8.5938,8.5936,8.59425,8.593,82
2014-11-04 14:01:00,2014-11-04 14:02:00,8.5922,8.59157,8.5928,8.59157,8.5936,8.5929,8.5938,8.5929,40
2014-11-04 14:02:00,2014-11-04 14:03:00,8.59157,8.58822,8.59187,8.5872,8.5929,8.5889,8.593,8.588,82
2014-11-04 14:03:00,2014-11-04 14:04:00,8.58822,8.59016,8.5904,8.58771,8.5889,8.59185,8.5923,8.5882,129
2014-11-04 14:04:00,2014-11-04 14:05:00,8.59016,8.58845,8.59088,8.5881,8.59185,8.59011,8.5922,8.58958,162
2014-11-04 14:05:00,2014-11-04 14:06:00,8.58845,8.58842,8.58995,8.58807,8.59011,8.5896,8.5926,8.58933,178
2014-11-04 14:06:00,2014-11-04 14:07:00,8.58842,8.5867,8.58878,8.5865,8.5896,8.5878,8.5914,8.5872,186
2014-11-04 14:07:00,2014-11-04 14:08:00,8.5867,8.5876,8.5885,8.5867,8.5878,8.58873,8.58885,8.5878,45
2014-11-04 14:08:00,2014-11-04 14:09:00,8.5876,8.5874,8.5876,8.5872,8.58873,8.5891,8.5891,8.5879,29
2014-11-04 14:09:00,2014-11-04 14:10:00,8.5874,8.58785,8.58785,8.5869,8.5891,8.58873,8.5892,8.58818,38
2014-11-04 14:10:00,2014-11-04 14:11:00,8.58785,8.5964,8.5971,8.58811,8.58873,8.5979,8.59915,8.58873,192
2014-11-04 14:11:00,2014-11-04 14:12:00,8.5964,8.59364,8.59641,8.59364,8.5979,8.5954,8.5979,8.5944,94
2014-11-04 14:12:00,2014-11-04 14:13:00,8.59364,8.59476,8.59477,8.59259,8.5954,8.5961,8.59628,8.5939,149
2014-11-04 14:13:00,2014-11-04 14:14:00,8.59476,8.59332,8.59483,8.5923,8.5961,8.5951,8.5965,8.5939,132
2014-11-04 14:14:00,2014-11-04 14:15:00,8.59332,8.59372,8.59505,8.5917,8.5951,8.59538,8.5962,8.59306,147
2014-11-04 14:15:00,2014-11-04 14:16:00,8.59372,8.5951,8.5956,8.5934,8.59538,8.5957,8.5975,8.594,200
2014-11-04 14:16:00,2014-11-04 14:17:00,8.5951,8.5968,8.5977,8.59381,8.5957,8.59812,8.5988,8.59542,199
2014-11-04 14:17:00,2014-11-04 14:18:00,8.5968,8.6011,8.6011,8.5968,8.59812,8.6022,8.6022,8.59819,117
2014-11-04 14:18:00,2014-11-04 14:19:00,8.6011,8.60286,8.6032,8.60076,8.6022,8.6044,8.60443,8.6022,127
2014-11-04 14:19:00,2014-11-04 14:20:00,8.60286,8.60282,8.60295,8.6017,8.6044,8.6041,8.60426,8.60293,70
2014-11-04 14:20:00,2014-11-04 14:21:00,8.60282,8.6074,8.6074,8.60282,8.6041,8.60835,8.60835,8.604,133
2014-11-04 14:21:00,2014-11-04 14:22:00,8.6074,8.60637,8.6079,8.6021,8.60835,8.608,8.60879,8.603,308
2014-11-04 14:22:00,2014-11-04 14:23:00,8.60637,8.61131,8.6114,8.6063,8.608,8.6124,8.6125,8.6076,117
2014-11-04 14:23:00,2014-11-04 14:24:00,8.61131,8.61508,8.61647,8.60994,8.6124,8.6168,8.618,8.611,180
2014-11-04 14:24:00,2014-11-04 14:25:00,8.61508,8.61672,8.61672,8.60924,8.6168,8.6181,8.6181,8.6124,342
2014-11-04 14:25:00,2014-11-04 14:26:00,8.61672,8.61132,8.61685,8.61122,8.6181,8.61298,8.61816,8.61298,150
2014-11-04 14:26:00,2014-11-04 14:27:00,8.61132,8.60641,8.61142,8.606,8.61298,8.60852,8.6134,8.6079,166
2014-11-04 14:27:00,2014-11-04 14:28:00,8.60641,8.60898,8.61069,8.60605,8.60852,8.6107,8.6128,8.60748,154
2014-11-04 14:28:00,2014-11-04 14:29:00,8.60898,8.6065,8.609,8.60579,8.6107,8.6095,8.6106,8.6076,136
2014-11-04 14:29:00,2014-11-04 14:30:00,8.6065,8.60806,8.6085,8.6065,8.6095,8.60958,8.6098,8.60903,104
2014-11-04 14:30:00,2014-11-04 14:31:00,8.60806,8.60685,8.60814,8.60657,8.60958,8.60843,8.6096,8.60823,95
2014-11-04 14:31:00,2014-11-04 14:32:00,8.60685,8.60678,8.60753,8.60678,8.60843,8.6084,8.60893,8.6084,41
2014-11-04 14:32:00,2014-11-04 14:33:00,8.60678,8.60596,8.60676,8.60596,8.6084,8.60803,8.60843,8.60797,36
2014-11-04 14:33:00,2014-11-04 14:34:00,8.60596,8.6042,8.60596,8.60261,8.60803,8.60548,8.60799,8.60454,109
2014-11-04 14:34:00,2014-11-04 14:35:00,8.6042,8.6039,8.60566,8.60371,8.60548,8.60591,8.60765,8.60548,138
2014-11-04 14:35:00,2014-11-04 14:36:00,8.6039,8.6008,8.6046,8.60068,8.60591,8.6026,8.6066,8.6021,230
2014-11-04 14:36:00,2014-11-04 14:37:00,8.6008,8.61052,8.61138,8.60067,8.6026,8.61263,8.613,8.6014,280
2014-11-04 14:37:00,2014-11-04 14:38:00,8.61052,8.61108,8.6134,8.6092,8.61263,8.6124,8.61506,8.6109,304
2014-11-04 14:38:00,2014-11-04 14:39:00,8.61108,8.61663,8.61726,8.6103,8.6124,8.618,8.61881,8.6122,259
2014-11-04 14:39:00,2014-11-04 14:40:00,8.61663,8.61569,8.61663,8.61376,8.618,8.61742,8.6182,8.61637,158
2014-11-04 14:40:00,2014-11-04 14:41:00,8.61569,8.61642,8.6166,8.6152,8.61742,8.6178,8.6178,8.61693,37
2014-11-04 14:41:00,2014-11-04 14:42:00,8.61642,8.61525,8.61664,8.6135,8.6178,8.6171,8.6179,8.6156,133
2014-11-04 14:42:00,2014-11-04 14:43:00,8.61525,8.615,8.61572,8.6131,8.6171,8.61569,8.61718,8.61451,124
2014-11-04 14:43:00,2014-11-04 14:44:00,8.615,8.61377,8.615,8.61377,8.61569,8.6152,8.6158,8.61446,35
2014-11-04 14:44:00,2014-11-04 14:45:00,8.61377,8.614,8.6145,8.61219,8.6152,8.6156,8.61615,8.6134,208
2014-11-04 14:45:00,2014-11-04 14:46:00,8.614,8.61793,8.61793,8.6125,8.6156,8.61896,8.61896,8.61404,195
2014-11-04 14:46:00,2014-11-04 14:47:00,8.61793,8.62178,8.62318,8.61787,8.61896,8.6233,8.62449,8.61901,196
2014-11-04 14:47:00,2014-11-04 14:48:00,8.62178,8.62069,8.62343,8.62008,8.6233,8.6222,8.62487,8.62148,150
2014-11-04 14:48:00,2014-11-04 14:49:00,8.62069,8.6212,8.62187,8.6198,8.6222,8.62257,8.623,8.62143,56
2014-11-04 14:49:00,2014-11-04 14:50:00,8.6212,8.61793,8.6212,8.61793,8.62257,8.6194,8.62259,8.6194,137
2014-11-04 14:50:00,2014-11-04 14:51:00,8.61793,8.62102,8.62102,8.61724,8.6194,8.622,8.622,8.61873,150
2014-11-04 14:51:00,2014-11-04 14:52:00,8.62102,8.61807,8.62102,8.61805,8.622,8.61958,8.62196,8.61913,80
2014-11-04 14:52:00,2014-11-04 14:53:00,8.61807,8.61963,8.6207,8.61795,8.61958,8.62142,8.6223,8.6192,154
2014-11-04 14:53:00,2014-11-04 14:54:00,8.61963,8.62137,8.62137,8.6197,8.62142,8.6225,8.6228,8.62142,53
2014-11-04 14:54:00,2014-11-04 14:55:00,8.62137,8.62048,8.62219,8.61882,8.6225,8.622,8.62301,8.6199,189
2014-11-04 14:55:00,2014-11-04 14:56:00,8.62048,8.62142,8.62218,8.6202,8.622,8.62299,8.6238,8.6216,131
2014-11-04 14:56:00,2014-11-04 14:57:00,8.62142,8.6247,8.6252,8.6213,8.62299,8.6261,8.6264,8.62267,153
2014-11-04 14:57:00,2014-11-04 14:58:00,8.6247,8.62554,8.62556,8.6236,8.6261,8.6269,8.6271,8.62523,108
2014-11-04 14:58:00,2014-11-04 14:59:00,8.62554,8.6231,8.62572,8.6231,8.6269,8.6245,8.627,8.6245,33
2014-11-04 14:59:00,2014-11-04 15:00:00,8.6231,8.625,8.6257,8.623,8.6245,8.6266,8.6269,8.6244,38
2014-11-04 15:00:00,2014-11-04 15:01:00,8.625,8.62692,8.62692,8.62469,8.6266,8.62891,8.62891,8.62589,82
2014-11-04 15:01:00,2014-11-04 15:02:00,8.62692,8.6269,8.62697,8.62634,8.62891,8.62878,8.62891,8.62842,68
2014-11-04 15:02:00,2014-11-04 15:03:00,8.6269,8.62695,8.62776,8.62596,8.62878,8.62892,8.6292,8.6272,166
2014-11-04 15:03:00,2014-11-04 15:04:00,8.62695,8.6269,8.6274,8.626,8.62892,8.62891,8.6291,8.6274,169
2014-11-04 15:04:00,2014-11-04 15:05:00,8.6269,8.6279,8.62793,8.6265,8.62891,8.62936,8.62958,8.62778,59
2014-11-04 15:05:00,2014-11-04 15:06:00,8.6279,8.62758,8.62791,8.627,8.62936,8.62898,8.62932,8.62843,41
2014-11-04 15:06:00,2014-11-04 15:07:00,8.62758,8.62826,8.62826,8.62619,8.62898,8.62948,8.62976,8.6277,53
2014-11-04 15:07:00,2014-11-04 15:08:00,8.62826,8.6285,8.6302,8.62724,8.62948,8.6296,8.63156,8.6285,71
2014-11-04 15:08:00,2014-11-04 15:09:00,8.6285,8.62945,8.62949,8.6285,8.6296,8.63068,8.6308,8.62987,89
2014-11-04 15:09:00,2014-11-04 15:10:00,8.62945,8.6292,8.62948,8.62917,8.63068,8.63068,8.63068,8.6306,77
2014-11-04 15:10:00,2014-11-04 15:11:00,8.6292,8.62924,8.62928,8.62913,8.63068,8.63068,8.63068,8.6306,21
2014-11-04 15:11:00,2014-11-04 15:12:00,8.62924,8.62931,8.6294,8.62911,8.63068,8.6308,8.63088,8.6302,28
2014-11-04 15:12:00,2014-11-04 15:13:00,8.62931,8.62912,8.6298,8.62911,8.6308,8.6306,8.6314,8.6306,46
2014-11-04 15:13:00,2014-11-04 15:14:00,8.62912,8.62929,8.62929,8.62858,8.6306,8.6307,8.6307,8.6301,42
2014-11-04 15:14:00,2014-11-04 15:15:00,8.62929,8.62928,8.6293,8.6287,8.6307,8.6307,8.63073,8.63007,44
2014-11-04 15:15:00,2014-11-04 15:16:00,8.62928,8.62878,8.62928,8.62804,8.6307,8.63038,8.63073,8.6296,81
2014-11-04 15:16:00,2014-11-04 15:17:00,8.62878,8.62907,8.62909,8.62778,8.63038,8.6304,8.6304,8.6293,216
2014-11-04 15:17:00,2014-11-04 15:18:00,8.62907,8.62928,8.62962,8.62795,8.6304,8.6304,8.6306,8.6292,93
2014-11-04 15:18:00,2014-11-04 15:19:00,8.62928,8.62982,8.62982,8.62888,8.6304,8.6312,8.6312,8.6304,57
2014-11-04 15:19:00,2014-11-04 15:20:00,8.62982,8.62803,8.62982,8.628,8.6312,8.6298,8.6313,8.6294,131
2014-11-04 15:20:00,2014-11-04 15:21:00,8.62803,8.6276,8.62803,8.6273,8.6298,8.6292,8.6297,8.6289,48
2014-11-04 15:21:00,2014-11-04 15:22:00,8.6276,8.62815,8.62815,8.62739,8.6292,8.62976,8.62976,8.6284,101
2014-11-04 15:22:00,2014-11-04 15:23:00,8.62815,8.62953,8.62983,8.62815,8.62976,8.63092,8.63106,8.62976,46
2014-11-04 15:23:00,2014-11-04 15:24:00,8.62953,8.62941,8.62967,8.62804,8.63092,8.63093,8.6312,8.6292,82
2014-11-04 15:24:00,2014-11-04 15:25:00,8.62941,8.6303,8.63076,8.6294,8.63093,8.63193,8.63219,8.63093,55
2014-11-04 15:25:00,2014-11-04 15:26:00,8.6303,8.63029,8.6303,8.62891,8.63193,8.6318,8.63193,8.63071,100
2014-11-04 15:26:00,2014-11-04 15:27:00,8.63029,8.63002,8.63031,8.6296,8.6318,8.63152,8.6318,8.6314,79
2014-11-04 15:27:00,2014-11-04 15:28:00,8.63002,8.6282,8.6301,8.628,8.63152,8.62948,8.63159,8.62944,88
2014-11-04 15:28:00,2014-11-04 15:29:00,8.6282,8.627,8.6284,8.627,8.62948,8.62853,8.62959,8.62853,74
2014-11-04 15:29:00,2014-11-04 15:30:00,8.627,8.62298,8.6271,8.62298,8.62853,8.6245,8.6287,8.6245,135
2014-11-04 15:30:00,2014-11-04 15:31:00,8.62298,8.61832,8.62347,8.61832,8.6245,8.62018,8.6247,8.6198,277
2014-11-04 15:31:00,2014-11-04 15:32:00,8.61832,8.6197,8.62065,8.61832,8.62018,8.6208,8.6222,8.62017,105
2014-11-04 15:32:00,2014-11-04 15:33:00,8.6197,8.62175,8.6219,8.61946,8.6208,8.6238,8.6251,8.6206,142
2014-11-04 15:33:00,2014-11-04 15:34:00,8.62175,8.61937,8.6246,8.61937,8.6238,8.6209,8.62647,8.6205,283
2014-11-04 15:34:00,2014-11-04 15:35:00,8.61937,8.61968,8.62,8.619,8.6209,8.6213,8.62146,8.62046,84
2014-11-04 15:35:00,2014-11-04 15:36:00,8.61968,8.62074,8.62096,8.6188,8.6213,8.622,8.6221,8.62031,171
2014-11-04 15:36:00,2014-11-04 15:37:00,8.62074,8.62404,8.62404,8.62074,8.622,8.62543,8.62543,8.6221,93
2014-11-04 15:37:00,2014-11-04 15:38:00,8.62404,8.6201,8.6249,8.61823,8.62543,8.6218,8.62644,8.6198,205
2014-11-04 15:38:00,2014-11-04 15:39:00,8.6201,8.62267,8.62288,8.61927,8.6218,8.62478,8.62504,8.62131,163
2014-11-04 15:39:00,2014-11-04 15:40:00,8.62267,8.6186,8.623,8.6174,8.62478,8.61981,8.62511,8.619,95
2014-11-04 15:40:00,2014-11-04 15:41:00,8.6186,8.61834,8.6186,8.61737,8.61981,8.6196,8.62,8.619,50
2014-11-04 15:41:00,2014-11-04 15:42:00,8.61834,8.61794,8.61913,8.61794,8.6196,8.6193,8.6202,8.6193,34
2014-11-04 15:42:00,2014-11-04 15:43:00,8.61794,8.6181,8.6181,8.61804,8.6193,8.6194,8.6196,8.6192,13
2014-11-04 15:43:00,2014-11-04 15:44:00,8.6181,8.61812,8.61817,8.61796,8.6194,8.6196,8.6196,8.6193,31
2014-11-04 15:44:00,2014-11-04 15:45:00,8.61812,8.6168,8.61818,8.6162,8.6196,8.6184,8.6196,8.6178,91
2014-11-04 15:45:00,2014-11-04 15:46:00,8.6168,8.61659,8.61752,8.61628,8.6184,8.61842,8.61878,8.6178,76
2014-11-04 15:46:00,2014-11-04 15:47:00,8.61659,8.61628,8.61733,8.616,8.61842,8.61831,8.6189,8.61748,87
2014-11-04 15:47:00,2014-11-04 15:48:00,8.61628,8.6166,8.61741,8.61628,8.61831,8.61835,8.6189,8.61821,70
2014-11-04 15:48:00,2014-11-04 15:49:00,8.6166,8.61833,8.6185,8.6166,8.61835,8.6198,8.62007,8.61842,104
2014-11-04 15:49:00,2014-11-04 15:50:00,8.61833,8.61939,8.62022,8.6184,8.6198,8.6201,8.6211,8.6198,60
2014-11-04 15:50:00,2014-11-04 15:51:00,8.61939,8.61919,8.61939,8.61753,8.6201,8.6198,8.6202,8.61942,66
2014-11-04 15:51:00,2014-11-04 15:52:00,8.61919,8.62004,8.62024,8.61899,8.6198,8.62073,8.621,8.6197,55
2014-11-04 15:52:00,2014-11-04 15:53:00,8.62004,8.6182,8.62007,8.6182,8.62073,8.6198,8.62073,8.6198,17
2014-11-04 15:53:00,2014-11-04 15:54:00,8.6182,8.6171,8.61842,8.6165,8.6198,8.61912,8.61988,8.6181,77
2014-11-04 15:54:00,2014-11-04 15:55:00,8.6171,8.6183,8.61872,8.617,8.61912,8.6193,8.6201,8.61858,146
2014-11-04 15:55:00,2014-11-04 15:56:00,8.6183,8.6162,8.6185,8.6156,8.6193,8.6178,8.61983,8.6168,81
2014-11-04 15:56:00,2014-11-04 15:57:00,8.6162,8.6156,8.6167,8.6151,8.6178,8.6172,8.6183,8.6167,41
2014-11-04 15:57:00,2014-11-04 15:58:00,8.6156,8.61594,8.6164,8.6152,8.6172,8.61679,8.6177,8.61651,80
2014-11-04 15:58:00,2014-11-04 15:59:00,8.61594,8.61512,8.6167,8.61512,8.61679,8.61648,8.61803,8.61643,205
2014-11-04 15:59:00,2014-11-04 16:00:00,8.61512,8.61279,8.6152,8.61099,8.61648,8.6149,8.6168,8.61185,390
2014-11-04 16:00:00,2014-11-04 16:01:00,8.61279,8.6156,8.61773,8.61246,8.6149,8.6172,8.61902,8.6147,317
2014-11-04 16:01:00,2014-11-04 16:02:00,8.6156,8.61589,8.61646,8.6155,8.6172,8.6175,8.61856,8.61694,116
2014-11-04 16:02:00,2014-11-04 16:03:00,8.61589,8.61652,8.61686,8.6158,8.6175,8.61862,8.61881,8.6175,107
2014-11-04 16:03:00,2014-11-04 16:04:00,8.61652,8.6179,8.61928,8.61643,8.61862,8.6192,8.6206,8.61853,72
2014-11-04 16:04:00,2014-11-04 16:05:00,8.6179,8.61689,8.61912,8.6166,8.6192,8.6189,8.6205,8.6185,87
2014-11-04 16:05:00,2014-11-04 16:06:00,8.61689,8.6158,8.6182,8.6158,8.6189,8.6172,8.6196,8.6172,164
2014-11-04 16:06:00,2014-11-04 16:07:00,8.6158,8.61397,8.6162,8.61361,8.6172,8.61608,8.61831,8.61572,52
2014-11-04 16:07:00,2014-11-04 16:08:00,8.61397,8.61357,8.6144,8.61345,8.61608,8.61568,8.6162,8.61556,70
2014-11-04 16:08:00,2014-11-04 16:09:00,8.61357,8.61709,8.61718,8.61342,8.61568,8.6191,8.6191,8.61553,102
2014-11-04 16:09:00,2014-11-04 16:10:00,8.61709,8.618,8.618,8.61709,8.6191,8.6196,8.6196,8.6192,30
2014-11-04 16:10:00,2014-11-04 16:11:00,8.618,8.61751,8.618,8.6161,8.6196,8.6192,8.6206,8.6174,62
2014-11-04 16:11:00,2014-11-04 16:12:00,8.61751,8.6161,8.6176,8.6154,8.6192,8.61807,8.6193,8.6168,103
2014-11-04 16:12:00,2014-11-04 16:13:00,8.6161,8.6169,8.6178,8.6161,8.61807,8.61861,8.61909,8.61789,98
2014-11-04 16:13:00,2014-11-04 16:14:00,8.6169,8.6162,8.6169,8.6162,8.61861,8.61805,8.61855,8.6179,27
2014-11-04 16:14:00,2014-11-04 16:15:00,8.6162,8.6162,8.6162,8.6159,8.61805,8.61805,8.61813,8.61782,57
2014-11-04 16:15:00,2014-11-04 16:16:00,8.6162,8.6163,8.61642,8.6162,8.61805,8.61828,8.61828,8.6179,22
2014-11-04 16:16:00,2014-11-04 16:17:00,8.6163,8.6157,8.61646,8.6147,8.61828,8.61764,8.61848,8.61602,48
2014-11-04 16:17:00,2014-11-04 16:18:00,8.6157,8.6154,8.6176,8.6152,8.61764,8.61682,8.61925,8.61678,74
2014-11-04 16:18:00,2014-11-04 16:19:00,8.6154,8.6157,8.61588,8.61545,8.61682,8.61769,8.6177,8.61688,34
2014-11-04 16:19:00,2014-11-04 16:20:00,8.6157,8.6177,8.6177,8.6153,8.61769,8.61945,8.61966,8.61644,88
2014-11-04 16:20:00,2014-11-04 16:21:00,8.6177,8.61734,8.61772,8.61734,8.61945,8.619,8.61945,8.6189,11
2014-11-04 16:21:00,2014-11-04 16:22:00,8.61734,8.61721,8.61736,8.61721,8.619,8.6185,8.619,8.6185,23
2014-11-04 16:22:00,2014-11-04 16:23:00,8.61721,8.61828,8.6183,8.61717,8.6185,8.6191,8.6191,8.6185,22
2014-11-04 16:23:00,2014-11-04 16:24:00,8.61828,8.61665,8.618,8.61625,8.6191,8.6184,8.6192,8.61821,35
2014-11-04 16:24:00,2014-11-04 16:25:00,8.61665,8.61492,8.61665,8.61485,8.6184,8.6166,8.6184,8.6164,38
2014-11-04 16:25:00,2014-11-04 16:26:00,8.61492,8.61579,8.61579,8.61566,8.6166,8.6171,8.6171,8.6166,11
2014-11-04 16:26:00,2014-11-04 16:27:00,8.61579,8.61485,8.61592,8.61451,8.6171,8.6163,8.6172,8.6159,33
2014-11-04 16:27:00,2014-11-04 16:28:00,8.61485,8.61578,8.6158,8.61486,8.6163,8.6177,8.6178,8.6163,47
2014-11-04 16:28:00,2014-11-04 16:29:00,8.61578,8.61568,8.61589,8.61559,8.6177,8.61763,8.61794,8.61763,36
2014-11-04 16:29:00,2014-11-04 16:30:00,8.61568,8.6172,8.6172,8.61567,8.61763,8.6186,8.6186,8.6174,20
2014-11-04 16:30:00,2014-11-04 16:31:00,8.6172,8.6172,8.6176,8.61665,8.6186,8.61879,8.6196,8.6182,126
2014-11-04 16:31:00,2014-11-04 16:32:00,8.6172,8.61652,8.6172,8.61649,8.61879,8.618,8.6188,8.618,16
2014-11-04 16:32:00,2014-11-04 16:33:00,8.61652,8.6144,8.61652,8.61427,8.618,8.61558,8.61791,8.61555,75
2014-11-04 16:33:00,2014-11-04 16:34:00,8.6144,8.61222,8.6144,8.6117,8.61558,8.6133,8.61577,8.61292,72
2014-11-04 16:34:00,2014-11-04 16:35:00,8.61222,8.61194,8.6121,8.61194,8.6133,8.61212,8.6133,8.61202,31
2014-11-04 16:35:00,2014-11-04 16:36:00,8.61194,8.61258,8.61265,8.61131,8.61212,8.61348,8.61364,8.6118,53
2014-11-04 16:36:00,2014-11-04 16:37:00,8.61258,8.61193,8.61348,8.61165,8.61348,8.61302,8.61433,8.61267,63
2014-11-04 16:37:00,2014-11-04 16:38:00,8.61193,8.6099,8.61193,8.6099,8.61302,8.6116,8.6132,8.6116,93
2014-11-04 16:38:00,2014-11-04 16:39:00,8.6099,8.6108,8.61138,8.6092,8.6116,8.6129,8.6131,8.61118,83
2014-11-04 16:39:00,2014-11-04 16:40:00,8.6108,8.61218,8.61218,8.61062,8.6129,8.6136,8.6136,8.6126,79
2014-11-04 16:40:00,2014-11-04 16:41:00,8.61218,8.61289,8.61344,8.61224,8.6136,8.6142,8.61499,8.6136,74
2014-11-04 16:41:00,2014-11-04 16:42:00,8.61289,8.61274,8.61288,8.61274,8.6142,8.6142,8.6142,8.6142,8
2014-11-04 16:42:00,2014-11-04 16:43:00,8.61274,8.61215,8.6126,8.61167,8.6142,8.6138,8.6142,8.6136,19
2014-11-04 16:43:00,2014-11-04 16:44:00,8.61215,8.61198,8.6132,8.61053,8.6138,8.61395,8.6148,8.6122,82
2014-11-04 16:44:00,2014-11-04 16:45:00,8.61198,8.61255,8.61257,8.61141,8.61395,8.61466,8.61466,8.61286,62
2014-11-04 16:45:00,2014-11-04 16:46:00,8.61255,8.6125,8.61256,8.61231,8.61466,8.61461,8.61461,8.6144,34
2014-11-04 16:46:00,2014-11-04 16:47:00,8.6125,8.6122,8.61258,8.6115,8.61461,8.61406,8.61468,8.6129,50
2014-11-04 16:47:00,2014-11-04 16:48:00,8.6122,8.61114,8.6125,8.61088,8.61406,8.61311,8.6142,8.61284,69
2014-11-04 16:48:00,2014-11-04 16:49:00,8.61114,8.6116,8.61178,8.61114,8.61311,8.61366,8.61366,8.6132,36
2014-11-04 16:49:00,2014-11-04 16:50:00,8.6116,8.61142,8.61182,8.6111,8.61366,8.6135,8.61378,8.61264,59
2014-11-04 16:50:00,2014-11-04 16:51:00,8.61142,8.6122,8.6122,8.61143,8.6135,8.61402,8.61402,8.6135,24
2014-11-04 16:51:00,2014-11-04 16:52:00,8.6122,8.6141,8.6141,8.6122,8.61402,8.61513,8.61513,8.61408,29
2014-11-04 16:52:00,2014-11-04 16:53:00,8.6141,8.6139,8.6141,8.6139,8.61513,8.61487,8.61509,8.61487,10
2014-11-04 16:53:00,2014-11-04 16:54:00,8.6139,8.6139,8.6139,8.6139,8.61487,8.61493,8.61495,8.61493,3
2014-11-04 16:54:00,2014-11-04 16:55:00,8.6139,8.6138,8.6139,8.6137,8.61493,8.61492,8.61494,8.6148,15
2014-11-04 16:55:00,2014-11-04 16:56:00,8.6138,8.6139,8.6139,8.6138,8.61492,8.61514,8.6152,8.6149,4
2014-11-04 16:56:00,2014-11-04 16:57:00,8.6139,8.61162,8.6139,8.6102,8.61514,8.61373,8.61508,8.61131,146
2014-11-04 16:57:00,2014-11-04 16:58:00,8.61162,8.61157,8.61181,8.61151,8.61373,8.61368,8.6138,8.61362,55
2014-11-04 16:58:00,2014-11-04 16:59:00,8.61157,8.6102,8.61206,8.6094,8.61368,8.61135,8.61414,8.6106,172
2014-11-04 16:59:00,2014-11-04 17:00:00,8.6102,8.61047,8.61049,8.6101,8.61135,8.61207,8.61209,8.61135,14
2014-11-04 17:00:00,2014-11-04 17:01:00,8.61047,8.6101,8.61045,8.61001,8.61207,8.6118,8.61205,8.61168,8
2014-11-04 17:01:00,2014-11-04 17:02:00,8.6101,8.608,8.6101,8.60775,8.6118,8.60986,8.6118,8.60986,40
2014-11-04 17:02:00,2014-11-04 17:03:00,8.608,8.6064,8.60846,8.6058,8.60986,8.60834,8.61058,8.60728,215
2014-11-04 17:03:00,2014-11-04 17:04:00,8.6064,8.60576,8.60656,8.6052,8.60834,8.6075,8.6078,8.60668,96
2014-11-04 17:04:00,2014-11-04 17:05:00,8.60576,8.60606,8.60606,8.60512,8.6075,8.6076,8.6077,8.60672,79
2014-11-04 17:05:00,2014-11-04 17:06:00,8.60606,8.60607,8.60615,8.60532,8.6076,8.60861,8.60875,8.6074,46
2014-11-04 17:06:00,2014-11-04 17:07:00,8.60607,8.60664,8.60678,8.60568,8.60861,8.60895,8.60899,8.60743,43
2014-11-04 17:07:00,2014-11-04 17:08:00,8.60664,8.6055,8.60726,8.60546,8.60895,8.60733,8.61,8.60733,50
2014-11-04 17:08:00,2014-11-04 17:09:00,8.6055,8.60585,8.60684,8.60555,8.60733,8.60778,8.60872,8.60733,45
2014-11-04 17:09:00,2014-11-04 17:10:00,8.60585,8.6062,8.6062,8.60576,8.60778,8.60851,8.60851,8.60772,37
2014-11-04 17:10:00,2014-11-04 17:11:00,8.6062,8.60606,8.60645,8.60606,8.60851,8.60832,8.60868,8.60832,11
2014-11-04 17:11:00,2014-11-04 17:12:00,8.60606,8.60606,8.60606,8.60606,8.60832,8.60835,8.60835,8.60831,3
2014-11-04 17:12:00,2014-11-04 17:13:00,8.60606,8.60606,8.60606,8.6051,8.60835,8.60828,8.60834,8.6071,68
2014-11-04 17:13:00,2014-11-04 17:14:00,8.60606,8.6057,8.60606,8.6055,8.60828,8.60814,8.60831,8.60718,20
2014-11-04 17:14:00,2014-11-04 17:15:00,8.6057,8.6059,8.6059,8.60518,8.60814,8.60835,8.60835,8.60681,45
2014-11-04 17:15:00,2014-11-04 17:16:00,8.6059,8.60744,8.6077,8.6057,8.60835,8.60958,8.60969,8.60821,43
2014-11-04 17:16:00,2014-11-04 17:17:00,8.60744,8.60645,8.6077,8.60645,8.60958,8.60895,8.60966,8.60895,58
2014-11-04 17:17:00,2014-11-04 17:18:00,8.60645,8.6038,8.60645,8.6037,8.60895,8.60614,8.60891,8.60614,60
2014-11-04 17:18:00,2014-11-04 17:19:00,8.6038,8.6034,8.6037,8.6032,8.60614,8.60589,8.60614,8.60578,13
2014-11-04 17:19:00,2014-11-04 17:20:00,8.6034,8.6032,8.60344,8.6032,8.60589,8.60575,8.606,8.60522,19
2014-11-04 17:20:00,2014-11-04 17:21:00,8.6032,8.60397,8.60426,8.60331,8.60575,8.60622,8.60637,8.60575,19
2014-11-04 17:21:00,2014-11-04 17:22:00,8.60397,8.604,8.60402,8.6037,8.60622,8.607,8.60729,8.60622,21
2014-11-04 17:22:00,2014-11-04 17:23:00,8.604,8.604,8.60412,8.60375,8.607,8.6073,8.6073,8.607,26
2014-11-04 17:23:00,2014-11-04 17:24:00,8.604,8.60334,8.60412,8.6033,8.6073,8.60585,8.6073,8.60585,17
2014-11-04 17:24:00,2014-11-04 17:25:00,8.60334,8.60334,8.60334,8.60334,8.60585,8.6059,8.60593,8.60582,7
2014-11-04 17:25:00,2014-11-04 17:26:00,8.60334,8.60528,8.60528,8.6033,8.6059,8.60688,8.60688,8.6058,20
2014-11-04 17:26:00,2014-11-04 17:27:00,8.60528,8.60545,8.60547,8.60525,8.60688,8.60717,8.60719,8.60685,16
2014-11-04 17:27:00,2014-11-04 17:28:00,8.60545,8.60546,8.60546,8.60536,8.60717,8.60718,8.60718,8.60714,9
2014-11-04 17:28:00,2014-11-04 17:29:00,8.60546,8.60571,8.60638,8.60538,8.60718,8.60746,8.60829,8.60725,42
2014-11-04 17:29:00,2014-11-04 17:30:00,8.60571,8.60631,8.60631,8.60525,8.60746,8.60815,8.60815,8.60685,60
2014-11-04 17:30:00,2014-11-04 17:31:00,8.60631,8.60566,8.60631,8.6054,8.60815,8.60729,8.60819,8.60729,15
2014-11-04 17:31:00,2014-11-04 17:32:00,8.60566,8.60566,8.60566,8.60514,8.60729,8.60701,8.60725,8.60701,5
2014-11-04 17:32:00,2014-11-04 17:33:00,8.60566,8.60374,8.6052,8.60372,8.60701,8.60614,8.60701,8.606,19
2014-11-04 17:33:00,2014-11-04 17:34:00,8.60374,8.6037,8.60392,8.6037,8.60614,8.60597,8.60617,8.60578,20
2014-11-04 17:34:00,2014-11-04 17:35:00,8.6037,8.60292,8.6037,8.60292,8.60597,8.60476,8.606,8.60476,38
2014-11-04 17:35:00,2014-11-04 17:36:00,8.60292,8.60291,8.60293,8.60291,8.60476,8.60463,8.60477,8.60463,6
2014-11-04 17:36:00,2014-11-04 17:37:00,8.60291,8.6029,8.60291,8.6029,8.60463,8.60462,8.60462,8.60462,2
2014-11-04 17:37:00,2014-11-04 17:38:00,8.6029,8.60283,8.60296,8.60283,8.60462,8.60443,8.60456,8.60443,12
2014-11-04 17:38:00,2014-11-04 17:40:00,8.60283,8.60302,8.6031,8.60287,8.60443,8.60462,8.6047,8.60447,13
2014-11-04 17:40:00,2014-11-04 17:41:00,8.60302,8.60309,8.60309,8.60303,8.60462,8.60469,8.60469,8.60463,5
2014-11-04 17:41:00,2014-11-04 17:42:00,8.60309,8.60233,8.60307,8.60233,8.60469,8.60393,8.60467,8.60393,18
2014-11-04 17:42:00,2014-11-04 17:43:00,8.60233,8.60154,8.60263,8.60134,8.60393,8.60332,8.60457,8.60298,59
2014-11-04 17:43:00,2014-11-04 17:44:00,8.60154,8.60156,8.60205,8.60156,8.60332,8.60336,8.60462,8.60332,26
2014-11-04 17:44:00,2014-11-04 17:45:00,8.60156,8.60148,8.60156,8.60147,8.60336,8.60332,8.60334,8.60331,11
2014-11-04 17:45:00,2014-11-04 17:46:00,8.60148,8.60197,8.60439,8.60147,8.60332,8.6043,8.60617,8.60331,89
2014-11-04 17:46:00,2014-11-04 17:47:00,8.60197,8.60172,8.6021,8.60172,8.6043,8.60371,8.6043,8.60365,11
2014-11-04 17:47:00,2014-11-04 17:48:00,8.60172,8.60188,8.60189,8.6016,8.60371,8.60373,8.60373,8.60339,10
2014-11-04 17:48:00,2014-11-04 17:49:00,8.60188,8.60154,8.60188,8.60141,8.60373,8.60315,8.6037,8.60293,18
2014-11-04 17:49:00,2014-11-04 17:50:00,8.60154,8.6016,8.6017,8.60154,8.60315,8.60336,8.60336,8.6031,18
2014-11-04 17:50:00,2014-11-04 17:51:00,8.6016,8.60193,8.60195,8.6016,8.60336,8.6035,8.60355,8.60338,18
2014-11-04 17:51:00,2014-11-04 17:52:00,8.60193,8.60115,8.60193,8.60115,8.6035,8.603,8.60353,8.603,16
2014-11-04 17:52:00,2014-11-04 17:53:00,8.60115,8.60116,8.60116,8.60115,8.603,8.603,8.603,8.603,3
2014-11-04 17:53:00,2014-11-04 17:54:00,8.60116,8.6012,8.60137,8.60115,8.603,8.603,8.603,8.603,6
2014-11-04 17:54:00,2014-11-04 17:55:00,8.6012,8.60115,8.60136,8.60115,8.603,8.603,8.603,8.603,6
2014-11-04 17:55:00,2014-11-04 17:56:00,8.60115,8.6019,8.60199,8.601,8.603,8.60405,8.60405,8.6025,38
2014-11-04 17:56:00,2014-11-04 17:57:00,8.6019,8.60189,8.6019,8.60174,8.60405,8.6043,8.6043,8.60381,9
2014-11-04 17:57:00,2014-11-04 17:58:00,8.60189,8.60171,8.60185,8.6017,8.6043,8.60429,8.6043,8.60429,5
2014-11-04 17:58:00,2014-11-04 17:59:00,8.60171,8.60151,8.60192,8.60087,8.60429,8.60371,8.6043,8.6025,59
2014-11-04 17:59:00,2014-11-04 18:00:00,8.60151,8.60154,8.60161,8.6012,8.60371,8.60368,8.6037,8.60282,31
2014-11-04 18:00:00,2014-11-04 18:01:00,8.60154,8.6017,8.60182,8.6016,8.60368,8.60424,8.6043,8.60368,22
2014-11-04 18:01:00,2014-11-04 18:02:00,8.6017,8.602,8.602,8.60147,8.60424,8.60439,8.60444,8.60354,32
2014-11-04 18:02:00,2014-11-04 18:03:00,8.602,8.6021,8.6021,8.60193,8.60439,8.60456,8.60468,8.60427,9
2014-11-04 18:03:00,2014-11-04 18:04:00,8.6021,8.60206,8.60206,8.60206,8.60456,8.6045,8.60456,8.6045,5
2014-11-04 18:04:00,2014-11-04 18:05:00,8.60206,8.6022,8.6022,8.60206,8.6045,8.6048,8.6048,8.60452,10
2014-11-04 18:05:00,2014-11-04 18:06:00,8.6022,8.6023,8.6023,8.6021,8.6048,8.60478,8.6048,8.60466,11
2014-11-04 18:06:00,2014-11-04 18:07:00,8.6023,8.6023,8.6023,8.6023,8.60478,8.60474,8.60485,8.60463,5
2014-11-04 18:07:00,2014-11-04 18:08:00,8.6023,8.6023,8.6024,8.6023,8.60474,8.60478,8.605,8.60474,16
2014-11-04 18:08:00,2014-11-04 18:09:00,8.6023,8.60215,8.6023,8.60215,8.60478,8.6041,8.6041,8.6041,6
2014-11-04 18:09:00,2014-11-04 18:10:00,8.60215,8.60215,8.60216,8.60215,8.6041,8.6041,8.6042,8.6041,4
2014-11-04 18:10:00,2014-11-04 18:11:00,8.60215,8.60233,8.60233,8.60215,8.6041,8.6044,8.6044,8.6042,6
2014-11-04 18:11:00,2014-11-04 18:12:00,8.60233,8.60247,8.60248,8.60231,8.6044,8.60507,8.60508,8.6046,20
2014-11-04 18:12:00,2014-11-04 18:13:00,8.60247,8.60235,8.60247,8.60234,8.60507,8.60495,8.60497,8.60494,6
2014-11-04 18:13:00,2014-11-04 18:14:00,8.60235,8.60235,8.60236,8.60235,8.60495,8.60495,8.60496,8.60495,4
2014-11-04 18:14:00,2014-11-04 18:15:00,8.60235,8.60219,8.60247,8.60219,8.60495,8.60479,8.60507,8.60479,9
2014-11-04 18:15:00,2014-11-04 18:16:00,8.60219,8.6023,8.6023,8.60214,8.60479,8.6049,8.6049,8.60474,11
2014-11-04 18:16:00,2014-11-04 18:17:00,8.6023,8.60353,8.60353,8.60231,8.6049,8.60514,8.60514,8.6049,8
2014-11-04 18:17:00,2014-11-04 18:18:00,8.60353,8.60349,8.60349,8.60334,8.60514,8.60514,8.60514,8.60514,3
2014-11-04 18:18:00,2014-11-04 18:19:00,8.60349,8.60333,8.60352,8.60328,8.60514,8.60514,8.60514,8.60514,5
2014-11-04 18:19:00,2014-11-04 18:20:00,8.60333,8.6034,8.6034,8.60332,8.60514,8.60514,8.60514,8.60514,3
2014-11-04 18:20:00,2014-11-04 18:21:00,8.6034,8.60343,8.60343,8.60343,8.60514,8.60514,8.60514,8.605,3
2014-11-04 18:21:00,2014-11-04 18:22:00,8.60343,8.60309,8.60323,8.60309,8.60514,8.60485,8.60514,8.60485,7
2014-11-04 18:22:00,2014-11-04 18:23:00,8.60309,8.59833,8.60287,8.5975,8.60485,8.6007,8.60485,8.59996,124
2014-11-04 18:23:00,2014-11-04 18:24:00,8.59833,8.5997,8.5997,8.59833,8.6007,8.6012,8.6014,8.6004,65
2014-11-04 18:24:00,2014-11-04 18:25:00,8.5997,8.60075,8.60115,8.59931,8.6012,8.6033,8.60333,8.60123,58
2014-11-04 18:25:00,2014-11-04 18:26:00,8.60075,8.60074,8.60074,8.60074,8.6033,8.60327,8.60331,8.60327,3
2014-11-04 18:26:00,2014-11-04 18:27:00,8.60074,8.60074,8.60074,8.60074,8.60327,8.60327,8.60327,8.60318,2
2014-11-04 18:27:00,2014-11-04 18:28:00,8.60074,8.60074,8.60076,8.60074,8.60327,8.60328,8.60328,8.60328,3
2014-11-04 18:28:00,2014-11-04 18:29:00,8.60074,8.60074,8.60074,8.60074,8.60328,8.60295,8.60326,8.60277,7
2014-11-04 18:29:00,2014-11-04 18:30:00,8.60074,8.60009,8.60074,8.60009,8.60295,8.60211,8.60316,8.60211,11
2014-11-04 18:30:00,2014-11-04 18:31:00,8.60009,8.60007,8.60009,8.60007,8.60211,8.60209,8.60209,8.60209,2
2014-11-04 18:31:00,2014-11-04 18:32:00,8.60007,8.60117,8.60117,8.60008,8.60209,8.60377,8.60377,8.60209,25
2014-11-04 18:32:00,2014-11-04 18:33:00,8.60117,8.60146,8.60198,8.60116,8.60377,8.60388,8.60391,8.60374,14
2014-11-04 18:33:00,2014-11-04 18:34:00,8.60146,8.6019,8.60215,8.6008,8.60388,8.60431,8.60441,8.60285,64
2014-11-04 18:34:00,2014-11-04 18:35:00,8.6019,8.6011,8.60183,8.60083,8.60431,8.60326,8.60431,8.60326,22
2014-11-04 18:35:00,2014-11-04 18:36:00,8.6011,8.6011,8.60115,8.6011,8.60326,8.60325,8.60332,8.60322,5
2014-11-04 18:36:00,2014-11-04 18:37:00,8.6011,8.6011,8.6011,8.6011,8.60325,8.60324,8.60324,8.60323,2
2014-11-04 18:37:00,2014-11-04 18:38:00,8.6011,8.6011,8.6011,8.6011,8.60324,8.60325,8.60325,8.6032,4
2014-11-04 18:38:00,2014-11-04 18:39:00,8.6011,8.6011,8.6011,8.6011,8.60325,8.60323,8.60323,8.60323,1
2014-11-04 18:39:00,2014-11-04 18:40:00,8.6011,8.60127,8.60127,8.60097,8.60323,8.60387,8.60387,8.60344,12
2014-11-04 18:40:00,2014-11-04 18:41:00,8.60127,8.60138,8.60163,8.60133,8.60387,8.60397,8.60412,8.60387,13
2014-11-04 18:41:00,2014-11-04 18:42:00,8.60138,8.60097,8.6014,8.60097,8.60397,8.60333,8.60397,8.60333,10
2014-11-04 18:42:00,2014-11-04 18:43:00,8.60097,8.6009,8.60118,8.60085,8.60333,8.60334,8.60375,8.60331,18
2014-11-04 18:43:00,2014-11-04 18:44:00,8.6009,8.60175,8.60175,8.60084,8.60334,8.60435,8.60435,8.60328,35
2014-11-04 18:44:00,2014-11-04 18:45:00,8.60175,8.60216,8.60216,8.60181,8.60435,8.60453,8.60456,8.60435,28
2014-11-04 18:45:00,2014-11-04 18:46:00,8.60216,8.60216,8.60216,8.60216,8.60453,8.60448,8.60453,8.60447,47
2014-11-04 18:46:00,2014-11-04 18:47:00,8.60216,8.60216,8.60216,8.60216,8.60448,8.60449,8.60452,8.60441,55
2014-11-04 18:47:00,2014-11-04 18:48:00,8.60216,8.60216,8.60225,8.60216,8.60449,8.60455,8.60459,8.60448,50
2014-11-04 18:48:00,2014-11-04 18:49:00,8.60216,8.60225,8.60226,8.60216,8.60455,8.60457,8.60458,8.60454,25
2014-11-04 18:49:00,2014-11-04 18:50:00,8.60225,8.60216,8.60225,8.6011,8.60457,8.60454,8.60454,8.60297,49
2014-11-04 18:50:00,2014-11-04 18:51:00,8.60216,8.60216,8.60216,8.60216,8.60454,8.60443,8.60455,8.60443,3
2014-11-04 18:51:00,2014-11-04 18:52:00,8.60216,8.60216,8.60216,8.60216,8.60443,8.60451,8.60451,8.6045,2
2014-11-04 18:52:00,2014-11-04 18:53:00,8.60216,8.60216,8.60216,8.60216,8.60451,8.6045,8.6046,8.6045,2
2014-11-04 18:53:00,2014-11-04 18:54:00,8.60216,8.59806,8.60216,8.59788,8.6045,8.6005,8.6045,8.60037,49
2014-11-04 18:54:00,2014-11-04 18:55:00,8.59806,8.598,8.59979,8.5979,8.6005,8.6004,8.60149,8.60013,30
2014-11-04 18:55:00,2014-11-04 18:56:00,8.598,8.598,8.598,8.598,8.6004,8.60028,8.60037,8.60028,2
2014-11-04 18:56:00,2014-11-04 18:57:00,8.598,8.59715,8.598,8.59615,8.60028,8.59912,8.60025,8.59862,75
2014-11-04 18:57:00,2014-11-04 18:58:00,8.59715,8.5968,8.59715,8.59616,8.59912,8.59863,8.59913,8.59837,21
2014-11-04 18:58:00,2014-11-04 18:59:00,8.5968,8.59548,8.5965,8.59446,8.59863,8.59728,8.59863,8.5961,60
2014-11-04 18:59:00,2014-11-04 19:00:00,8.59548,8.59555,8.59555,8.59466,8.59728,8.59774,8.59774,8.59629,36
2014-11-04 19:00:00,2014-11-04 19:01:00,8.59555,8.59606,8.59642,8.59555,8.59774,8.59784,8.59803,8.59764,25
2014-11-04 19:01:00,2014-11-04 19:02:00,8.59606,8.5962,8.59631,8.5962,8.59784,8.5978,8.59791,8.5978,7
2014-11-04 19:02:00,2014-11-04 19:03:00,8.5962,8.59615,8.5962,8.59534,8.5978,8.59775,8.59779,8.59748,27
2014-11-04 19:03:00,2014-11-04 19:04:00,8.59615,8.59623,8.59633,8.59617,8.59775,8.59783,8.59793,8.59777,8
2014-11-04 19:04:00,2014-11-04 19:05:00,8.59623,8.5962,8.59625,8.59617,8.59783,8.5978,8.59785,8.59777,12
2014-11-04 19:05:00,2014-11-04 19:06:00,8.5962,8.59609,8.5962,8.59608,8.5978,8.59769,8.59772,8.59768,9
2014-11-04 19:06:00,2014-11-04 19:07:00,8.59609,8.5959,8.59616,8.5959,8.59769,8.59734,8.59776,8.59734,6
2014-11-04 19:07:00,2014-11-04 19:08:00,8.5959,8.5953,8.59574,8.5951,8.59734,8.59698,8.59734,8.59694,22
2014-11-04 19:08:00,2014-11-04 19:09:00,8.5953,8.59515,8.5952,8.59515,8.59698,8.59694,8.59698,8.59694,3
2014-11-04 19:09:00,2014-11-04 19:10:00,8.59515,8.59515,8.59515,8.5949,8.59694,8.59694,8.59694,8.59619,23
2014-11-04 19:10:00,2014-11-04 19:11:00,8.59515,8.5952,8.5953,8.5952,8.59694,8.59698,8.59698,8.59694,10
2014-11-04 19:11:00,2014-11-04 19:12:00,8.5952,8.5951,8.5959,8.5951,8.59698,8.59694,8.59734,8.5967,33
2014-11-04 19:12:00,2014-11-04 19:13:00,8.5951,8.5952,8.5952,8.5951,8.59694,8.59698,8.59698,8.59698,2
2014-11-04 19:13:00,2014-11-04 19:15:00,8.5952,8.595,8.59526,8.59479,8.59698,8.59704,8.5972,8.59675,34
2014-11-04 19:15:00,2014-11-04 19:16:00,8.595,8.5949,8.595,8.5949,8.59704,8.59694,8.59702,8.59694,8
2014-11-04 19:16:00,2014-11-04 19:17:00,8.5949,8.595,8.595,8.595,8.59694,8.59694,8.59694,8.59694,1
2014-11-04 19:17:00,2014-11-04 19:19:00,8.595,8.5949,8.5949,8.5949,8.59694,8.59694,8.59694,8.59694,1
2014-11-04 19:19:00,2014-11-04 19:20:00,8.5949,8.59479,8.595,8.59479,8.59694,8.5969,8.59694,8.5969,3
2014-11-04 19:20:00,2014-11-04 19:21:00,8.59479,8.59208,8.59479,8.589,8.5969,8.59444,8.59694,8.59252,60
2014-11-04 19:21:00,2014-11-04 19:22:00,8.59208,8.58941,8.59263,8.5883,8.59444,8.5936,8.5952,8.59296,57
2014-11-04 19:22:00,2014-11-04 19:23:00,8.58941,8.5889,8.5899,8.5873,8.5936,8.59081,8.5923,8.59055,102
2014-11-04 19:23:00,2014-11-04 19:24:00,8.5889,8.5889,8.5889,8.5889,8.59081,8.591,8.591,8.59086,3
2014-11-04 19:24:00,2014-11-04 19:25:00,8.5889,8.58913,8.59049,8.58891,8.591,8.59128,8.59216,8.591,19
2014-11-04 19:25:00,2014-11-04 19:26:00,8.58913,8.58914,8.58915,8.5891,8.59128,8.59127,8.59127,8.59127,4
2014-11-04 19:26:00,2014-11-04 19:27:00,8.58914,8.5897,8.5897,8.589,8.59127,8.59135,8.59146,8.59127,14
2014-11-04 19:27:00,2014-11-04 19:28:00,8.5897,8.59065,8.59065,8.58962,8.59135,8.5923,8.5923,8.59142,10
2014-11-04 19:28:00,2014-11-04 19:29:00,8.59065,8.59241,8.59241,8.59103,8.5923,8.59413,8.59416,8.5923,23
2014-11-04 19:29:00,2014-11-04 19:30:00,8.59241,8.59097,8.59241,8.59083,8.59413,8.59344,8.5935,8.59343,13
2014-11-04 19:30:00,2014-11-04 19:31:00,8.59097,8.59289,8.5929,8.59121,8.59344,8.59461,8.59462,8.59344,14
2014-11-04 19:31:00,2014-11-04 19:32:00,8.59289,8.59285,8.59289,8.59285,8.59461,8.59457,8.5946,8.59457,5
2014-11-04 19:32:00,2014-11-04 19:33:00,8.59285,8.59287,8.59287,8.59284,8.59457,8.59459,8.59459,8.59455,10
2014-11-04 19:33:00,2014-11-04 19:34:00,8.59287,8.59287,8.59288,8.59285,8.59459,8.59459,8.5946,8.59457,6
2014-11-04 19:34:00,2014-11-04 19:35:00,8.59287,8.59286,8.59287,8.59284,8.59459,8.59458,8.59459,8.59455,12
2014-11-04 19:35:00,2014-11-04 19:36:00,8.59286,8.59284,8.59286,8.59284,8.59458,8.59456,8.59458,8.59454,14
2014-11-04 19:36:00,2014-11-04 19:37:00,8.59284,8.59286,8.59286,8.59284,8.59456,8.59458,8.59458,8.59454,6
2014-11-04 19:37:00,2014-11-04 19:38:00,8.59286,8.59078,8.59286,8.59078,8.59458,8.59304,8.59456,8.593,21
2014-11-04 19:38:00,2014-11-04 19:39:00,8.59078,8.59079,8.59079,8.59078,8.59304,8.59307,8.59307,8.59306,3
2014-11-04 19:39:00,2014-11-04 19:40:00,8.59079,8.59078,8.59079,8.59078,8.59307,8.59305,8.59305,8.59305,2
2014-11-04 19:40:00,2014-11-04 19:41:00,8.59078,8.59167,8.59167,8.59078,8.59305,8.5932,8.5932,8.59298,17
2014-11-04 19:41:00,2014-11-04 19:42:00,8.59167,8.5952,8.5952,8.59171,8.5932,8.59748,8.59748,8.59348,43
2014-11-04 19:42:00,2014-11-04 19:43:00,8.5952,8.59308,8.59536,8.59308,8.59748,8.59521,8.5975,8.59521,35
2014-11-04 19:43:00,2014-11-04 19:44:00,8.59308,8.59298,8.59304,8.59298,8.59521,8.59522,8.59522,8.59521,4
2014-11-04 19:44:00,2014-11-04 19:45:00,8.59298,8.59386,8.59386,8.59298,8.59522,8.59572,8.59572,8.59519,13
2014-11-04 19:45:00,2014-11-04 19:46:00,8.59386,8.59381,8.59386,8.5937,8.59572,8.59569,8.59572,8.59563,8
2014-11-04 19:46:00,2014-11-04 19:47:00,8.59381,8.59366,8.59379,8.59366,8.59569,8.59566,8.59569,8.59566,3
2014-11-04 19:47:00,2014-11-04 19:48:00,8.59366,8.5913,8.59366,8.59066,8.59566,8.5939,8.59558,8.59268,28
2014-11-04 19:48:00,2014-11-04 19:49:00,8.5913,8.59141,8.59152,8.59131,8.5939,8.59401,8.59412,8.59391,8
2014-11-04 19:49:00,2014-11-04 19:50:00,8.59141,8.59159,8.59161,8.59149,8.59401,8.59419,8.59421,8.59409,4
2014-11-04 19:50:00,2014-11-04 19:51:00,8.59159,8.5923,8.5923,8.59154,8.59419,8.59457,8.59457,8.59414,10
2014-11-04 19:51:00,2014-11-04 19:52:00,8.5923,8.59275,8.59275,8.5914,8.59457,8.59529,8.59631,8.5937,29
2014-11-04 19:52:00,2014-11-04 19:53:00,8.59275,8.59276,8.59276,8.59275,8.59529,8.59522,8.59522,8.5951,4
2014-11-04 19:53:00,2014-11-04 19:54:00,8.59276,8.5925,8.59291,8.5919,8.59522,8.59599,8.59672,8.59522,14
2014-11-04 19:54:00,2014-11-04 19:55:00,8.5925,8.5928,8.5928,8.592,8.59599,8.59678,8.59679,8.59599,12
2014-11-04 19:55:00,2014-11-04 19:56:00,8.5928,8.5935,8.5935,8.5922,8.59678,8.59551,8.59677,8.5951,20
2014-11-04 19:56:00,2014-11-04 19:57:00,8.5935,8.5939,8.59483,8.5935,8.59551,8.59553,8.59663,8.59549,16
2014-11-04 19:57:00,2014-11-04 19:58:00,8.5939,8.5939,8.594,8.5938,8.59553,8.59553,8.59553,8.59553,4
2014-11-04 19:58:00,2014-11-04 19:59:00,8.5939,8.5938,8.5939,8.5938,8.59553,8.59553,8.59553,8.59553,7
2014-11-04 19:59:00,2014-11-04 20:00:00,8.5938,8.5938,8.5938,8.5938,8.59553,8.59525,8.59525,8.59525,1
2014-11-04 20:00:00,2014-11-04 20:01:00,8.5938,8.5951,8.5951,8.5934,8.59525,8.5963,8.5964,8.59525,18
2014-11-04 20:01:00,2014-11-04 20:02:00,8.5951,8.5954,8.5954,8.5948,8.5963,8.5966,8.59693,8.5964,14
2014-11-04 20:02:00,2014-11-04 20:03:00,8.5954,8.5928,8.5954,8.5926,8.5966,8.59864,8.60078,8.5965,114
2014-11-04 20:03:00,2014-11-04 20:04:00,8.5928,8.5931,8.5933,8.5927,8.59864,8.59835,8.5986,8.59822,34
2014-11-04 20:04:00,2014-11-04 20:05:00,8.5931,8.5932,8.5933,8.5927,8.59835,8.5972,8.59835,8.5972,42
2014-11-04 20:05:00,2014-11-04 20:06:00,8.5932,8.5931,8.5932,8.5927,8.5972,8.5972,8.5976,8.5971,36
2014-11-04 20:06:00,2014-11-04 20:07:00,8.5931,8.5927,8.5932,8.5927,8.5972,8.5972,8.5976,8.597,49
2014-11-04 20:07:00,2014-11-04 20:08:00,8.5927,8.5923,8.5933,8.5922,8.5972,8.5962,8.5972,8.5962,31
2014-11-04 20:08:00,2014-11-04 20:09:00,8.5923,8.5921,8.5923,8.5917,8.5962,8.5969,8.5972,8.5961,17
2014-11-04 20:09:00,2014-11-04 20:10:00,8.5921,8.5922,8.5922,8.5917,8.5969,8.5969,8.5969,8.5968,8
2014-11-04 20:10:00,2014-11-04 20:11:00,8.5922,8.5922,8.5923,8.5921,8.5969,8.5969,8.5971,8.5968,43
2014-11-04 20:11:00,2014-11-04 20:12:00,8.5922,8.5921,8.5923,8.5921,8.5969,8.5968,8.5971,8.5968,8
2014-11-04 20:12:00,2014-11-04 20:13:00,8.5921,8.5923,8.59231,8.59206,8.5968,8.5962,8.5971,8.5962,11
2014-11-04 20:13:00,2014-11-04 20:14:00,8.5923,8.5923,8.5923,8.5917,8.5962,8.5955,8.5962,8.5955,24
2014-11-04 20:14:00,2014-11-04 20:15:00,8.5923,8.5935,8.5935,8.5915,8.5955,8.5956,8.5956,8.5955,15
2014-11-04 20:15:00,2014-11-04 20:16:00,8.5935,8.591,8.5936,8.591,8.5956,8.5956,8.5956,8.5952,18
2014-11-04 20:16:00,2014-11-04 20:17:00,8.591,8.5919,8.5919,8.5907,8.5956,8.5956,8.5956,8.5956,8
2014-11-04 20:17:00,2014-11-04 20:18:00,8.5919,8.592,8.592,8.5919,8.5956,8.5955,8.5956,8.5955,3
2014-11-04 20:18:00,2014-11-04 20:19:00,8.592,8.5919,8.5919,8.5918,8.5955,8.5956,8.5956,8.5954,4
2014-11-04 20:19:00,2014-11-04 20:20:00,8.5919,8.59296,8.593,8.5921,8.5956,8.5955,8.5957,8.59547,12
2014-11-04 20:20:00,2014-11-04 20:21:00,8.59296,8.59308,8.59351,8.59299,8.5955,8.5956,8.5956,8.5955,14
2014-11-04 20:21:00,2014-11-04 20:22:00,8.59308,8.59296,8.5931,8.59285,8.5956,8.5939,8.5956,8.5939,11
2014-11-04 20:22:00,2014-11-04 20:23:00,8.59296,8.59296,8.59296,8.59296,8.5939,8.5938,8.5939,8.5938,3
2014-11-04 20:23:00,2014-11-04 20:24:00,8.59296,8.59301,8.59307,8.59274,8.5938,8.5945,8.5947,8.5937,18
2014-11-04 20:24:00,2014-11-04 20:25:00,8.59301,8.59298,8.59301,8.59298,8.5945,8.5945,8.5945,8.5944,3
2014-11-04 20:25:00,2014-11-04 20:26:00,8.59298,8.59295,8.593,8.59276,8.5945,8.5949,8.5951,8.5946,26
2014-11-04 20:26:00,2014-11-04 20:27:00,8.59295,8.59295,8.59295,8.59295,8.5949,8.5953,8.5953,8.5946,15
2014-11-04 20:27:00,2014-11-04 20:28:00,8.59295,8.59317,8.59317,8.59291,8.5953,8.5954,8.5955,8.5952,5
2014-11-04 20:28:00,2014-11-04 20:29:00,8.59317,8.59326,8.59326,8.59305,8.5954,8.5954,8.5955,8.5952,9
2014-11-04 20:29:00,2014-11-04 20:30:00,8.59326,8.5934,8.5934,8.59308,8.5954,8.59579,8.59579,8.595,16
2014-11-04 20:30:00,2014-11-04 20:31:00,8.5934,8.5933,8.5934,8.5933,8.59579,8.59587,8.59587,8.5958,6
2014-11-04 20:31:00,2014-11-04 20:32:00,8.5933,8.59353,8.59353,8.5933,8.59587,8.59584,8.59588,8.59584,4
2014-11-04 20:32:00,2014-11-04 20:33:00,8.59353,8.5938,8.5938,8.5932,8.59584,8.5955,8.59584,8.5955,11
2014-11-04 20:33:00,2014-11-04 20:34:00,8.5938,8.59381,8.59394,8.5937,8.5955,8.5964,8.5965,8.5957,10
2014-11-04 20:34:00,2014-11-04 20:35:00,8.59381,8.59385,8.59386,8.59381,8.5964,8.5963,8.59646,8.5963,8
2014-11-04 20:35:00,2014-11-04 20:36:00,8.59385,8.59391,8.59391,8.59385,8.5963,8.59651,8.59651,8.5962,5
2014-11-04 20:36:00,2014-11-04 20:37:00,8.59391,8.59358,8.59398,8.59358,8.59651,8.596,8.59658,8.596,13
2014-11-04 20:37:00,2014-11-04 20:38:00,8.59358,8.59308,8.59358,8.59308,8.596,8.59555,8.5958,8.5955,11
2014-11-04 20:38:00,2014-11-04 20:39:00,8.59308,8.59315,8.59323,8.59308,8.59555,8.5953,8.59555,8.5953,8
2014-11-04 20:39:00,2014-11-04 20:40:00,8.59315,8.5934,8.5937,8.59298,8.5953,8.5976,8.59768,8.5953,31
2014-11-04 20:40:00,2014-11-04 20:41:00,8.5934,8.59339,8.5934,8.59339,8.5976,8.5977,8.5977,8.59768,4
2014-11-04 20:41:00,2014-11-04 20:42:00,8.59339,8.59396,8.59408,8.59339,8.5977,8.59656,8.59769,8.59656,5
2014-11-04 20:42:00,2014-11-04 20:43:00,8.59396,8.59393,8.59396,8.5929,8.59656,8.59653,8.5976,8.5964,23
2014-11-04 20:43:00,2014-11-04 20:44:00,8.59393,8.59348,8.59393,8.5933,8.59653,8.5977,8.59771,8.5965,18
2014-11-04 20:44:00,2014-11-04 20:45:00,8.59348,8.59397,8.59397,8.5935,8.5977,8.59766,8.5977,8.59688,24
2014-11-04 20:45:00,2014-11-04 20:46:00,8.59397,8.5935,8.5937,8.5935,8.59766,8.59767,8.59768,8.59766,6
2014-11-04 20:46:00,2014-11-04 20:47:00,8.5935,8.5945,8.595,8.5935,8.59767,8.5978,8.5978,8.59665,49
2014-11-04 20:47:00,2014-11-04 20:48:00,8.5945,8.5948,8.5948,8.5935,8.5978,8.59722,8.5978,8.59687,23
2014-11-04 20:48:00,2014-11-04 20:49:00,8.5948,8.5949,8.5953,8.5934,8.59722,8.5987,8.5995,8.5969,31
2014-11-04 20:49:00,2014-11-04 20:50:00,8.5949,8.5947,8.59564,8.59437,8.5987,8.5984,8.59876,8.59801,25
2014-11-04 20:50:00,2014-11-04 20:51:00,8.5947,8.59574,8.59613,8.5947,8.5984,8.5982,8.59873,8.5982,20
2014-11-04 20:51:00,2014-11-04 20:52:00,8.59574,8.59601,8.59601,8.5955,8.5982,8.5986,8.59934,8.5982,12
2014-11-04 20:52:00,2014-11-04 20:53:00,8.59601,8.59649,8.59652,8.59602,8.5986,8.599,8.59912,8.5986,18
2014-11-04 20:53:00,2014-11-04 20:54:00,8.59649,8.5966,8.59703,8.59646,8.599,8.599,8.5993,8.599,15
2014-11-04 20:54:00,2014-11-04 20:55:00,8.5966,8.59626,8.5966,8.59626,8.599,8.5985,8.5989,8.5985,10
2014-11-04 20:55:00,2014-11-04 20:56:00,8.59626,8.5954,8.59626,8.5952,8.5985,8.60006,8.6008,8.5984,25
2014-11-04 20:56:00,2014-11-04 20:57:00,8.5954,8.5956,8.5956,8.5954,8.60006,8.60015,8.60015,8.60013,5
2014-11-04 20:57:00,2014-11-04 20:58:00,8.5956,8.5955,8.5956,8.5955,8.60015,8.60014,8.60014,8.60014,2
2014-11-04 20:58:00,2014-11-04 20:59:00,8.5955,8.5956,8.5956,8.5955,8.60014,8.6001,8.6001,8.60009,3
2014-11-04 20:59:00,2014-11-04 21:00:00,8.5956,8.5954,8.5955,8.5953,8.6001,8.60012,8.60012,8.6001,6
2014-11-04 21:00:00,2014-11-04 21:01:00,8.5954,8.5954,8.5954,8.5954,8.60012,8.60008,8.60009,8.60008,2
2014-11-04 21:01:00,2014-11-04 21:02:00,8.5954,8.59555,8.59555,8.59555,8.60008,8.60009,8.60009,8.60008,2
2014-11-04 21:02:00,2014-11-04 21:03:00,8.59555,8.59555,8.59555,8.59555,8.60009,8.60011,8.60011,8.60011,1
2014-11-04 21:03:00,2014-11-04 21:04:00,8.59555,8.5954,8.59555,8.5954,8.60011,8.60024,8.60024,8.59996,3
2014-11-04 21:04:00,2014-11-04 21:05:00,8.5954,8.59631,8.5966,8.5954,8.60024,8.5989,8.60024,8.5989,10
2014-11-04 21:05:00,2014-11-04 21:06:00,8.59631,8.59615,8.59631,8.59615,8.5989,8.5987,8.5988,8.5987,5
2014-11-04 21:06:00,2014-11-04 21:07:00,8.59615,8.59637,8.59648,8.59612,8.5987,8.59875,8.59877,8.5987,6
2014-11-04 21:07:00,2014-11-04 21:08:00,8.59637,8.5955,8.59652,8.5949,8.59875,8.60059,8.60059,8.59875,15
2014-11-04 21:08:00,2014-11-04 21:09:00,8.5955,8.59624,8.59664,8.5954,8.60059,8.59871,8.60059,8.59871,15
2014-11-04 21:09:00,2014-11-04 21:10:00,8.59624,8.59501,8.59641,8.59486,8.59871,8.5997,8.6005,8.59871,30
2014-11-04 21:10:00,2014-11-04 21:11:00,8.59501,8.597,8.5973,8.59501,8.5997,8.6027,8.60306,8.60002,52
2014-11-04 21:11:00,2014-11-04 21:12:00,8.597,8.6008,8.60298,8.597,8.6027,8.6078,8.6083,8.60148,61
2014-11-04 21:12:00,2014-11-04 21:13:00,8.6008,8.6008,8.6008,8.6008,8.6078,8.6074,8.6074,8.6074,1
2014-11-04 21:13:00,2014-11-04 21:14:00,8.6008,8.60149,8.6016,8.60105,8.6074,8.60708,8.60719,8.6063,11
2014-11-04 21:14:00,2014-11-04 21:15:00,8.60149,8.59792,8.6024,8.59582,8.60708,8.6035,8.6075,8.5986,81
2014-11-04 21:15:00,2014-11-04 21:16:00,8.59792,8.59602,8.59893,8.59572,8.6035,8.6028,8.6052,8.6023,88
2014-11-04 21:16:00,2014-11-04 21:17:00,8.59602,8.60157,8.60157,8.59602,8.6028,8.6076,8.6076,8.6024,42
2014-11-04 21:17:00,2014-11-04 21:18:00,8.60157,8.60169,8.60286,8.60159,8.6076,8.6077,8.6077,8.6062,30
2014-11-04 21:18:00,2014-11-04 21:19:00,8.60169,8.60181,8.60181,8.60181,8.6077,8.6077,8.60779,8.6076,7
2014-11-04 21:19:00,2014-11-04 21:20:00,8.60181,8.60028,8.60497,8.60026,8.6077,8.60247,8.60801,8.60247,49
2014-11-04 21:20:00,2014-11-04 21:21:00,8.60028,8.6011,8.60368,8.60081,8.60247,8.60612,8.6071,8.60247,74
2014-11-04 21:21:00,2014-11-04 21:22:00,8.6011,8.6009,8.60191,8.6009,8.60612,8.60287,8.60619,8.60287,33
2014-11-04 21:22:00,2014-11-04 21:23:00,8.6009,8.6008,8.6008,8.6007,8.60287,8.60267,8.60287,8.60267,3
2014-11-04 21:23:00,2014-11-04 21:24:00,8.6008,8.6006,8.6007,8.6006,8.60267,8.60267,8.60267,8.60267,4
2014-11-04 21:24:00,2014-11-04 21:26:00,8.6006,8.6003,8.6007,8.6003,8.60267,8.60267,8.60267,8.60267,10
2014-11-04 21:26:00,2014-11-04 21:27:00,8.6003,8.6003,8.6003,8.6003,8.60267,8.60263,8.60263,8.60251,5
2014-11-04 21:27:00,2014-11-04 21:28:00,8.6003,8.60049,8.60049,8.6003,8.60263,8.60267,8.60267,8.6025,8
2014-11-04 21:28:00,2014-11-04 21:29:00,8.60049,8.60052,8.60052,8.60039,8.60267,8.60267,8.60267,8.60267,13
2014-11-04 21:29:00,2014-11-04 21:30:00,8.60052,8.6003,8.6004,8.6003,8.60267,8.6031,8.60348,8.60267,16
2014-11-04 21:30:00,2014-11-04 21:31:00,8.6003,8.6003,8.6003,8.6003,8.6031,8.60317,8.60332,8.60313,4
2014-11-04 21:31:00,2014-11-04 21:32:00,8.6003,8.60097,8.60101,8.6003,8.60317,8.60414,8.60417,8.60338,9
2014-11-04 21:32:00,2014-11-04 21:33:00,8.60097,8.60056,8.601,8.6004,8.60414,8.60511,8.60525,8.60483,13
2014-11-04 21:33:00,2014-11-04 21:34:00,8.60056,8.60057,8.60057,8.60057,8.60511,8.60511,8.60512,8.60511,3
2014-11-04 21:34:00,2014-11-04 21:35:00,8.60057,8.601,8.601,8.60061,8.60511,8.60539,8.60539,8.60511,11
2014-11-04 21:35:00,2014-11-04 21:36:00,8.601,8.6007,8.60115,8.59999,8.60539,8.60524,8.60524,8.6022,22
2014-11-04 21:36:00,2014-11-04 21:37:00,8.6007,8.60071,8.60076,8.60071,8.60524,8.60525,8.6053,8.60524,6
2014-11-04 21:37:00,2014-11-04 21:38:00,8.60071,8.60111,8.6014,8.60074,8.60525,8.60565,8.60595,8.60525,8
2014-11-04 21:38:00,2014-11-04 21:39:00,8.60111,8.60108,8.60124,8.60108,8.60565,8.60562,8.60579,8.60562,5
2014-11-04 21:39:00,2014-11-04 21:40:00,8.60108,8.60115,8.60165,8.6011,8.60562,8.60652,8.60662,8.6048,22
2014-11-04 21:40:00,2014-11-04 21:41:00,8.60115,8.60115,8.60115,8.60115,8.60652,8.6048,8.60621,8.6043,11
2014-11-04 21:41:00,2014-11-04 21:42:00,8.60115,8.60086,8.60086,8.6004,8.6048,8.6059,8.60656,8.6048,11
2014-11-04 21:42:00,2014-11-04 21:43:00,8.60086,8.6009,8.6009,8.60086,8.6059,8.6059,8.6059,8.6058,3
2014-11-04 21:43:00,2014-11-04 21:44:00,8.6009,8.60065,8.6009,8.6006,8.6059,8.6061,8.6061,8.6056,7
2014-11-04 21:44:00,2014-11-04 21:45:00,8.60065,8.60079,8.60079,8.60065,8.6061,8.6059,8.60657,8.6059,9
2014-11-04 21:45:00,2014-11-04 21:46:00,8.60079,8.60101,8.6013,8.60079,8.6059,8.6058,8.606,8.6058,9
2014-11-04 21:46:00,2014-11-04 21:47:00,8.60101,8.601,8.6011,8.601,8.6058,8.6055,8.6057,8.6055,17
2014-11-04 21:47:00,2014-11-04 21:48:00,8.601,8.60185,8.60185,8.601,8.6055,8.6055,8.6056,8.6055,4
2014-11-04 21:48:00,2014-11-04 21:49:00,8.60185,8.60185,8.60185,8.60185,8.6055,8.6056,8.6056,8.6056,1
2014-11-04 21:49:00,2014-11-04 21:50:00,8.60185,8.6008,8.60084,8.6008,8.6056,8.6055,8.6058,8.6055,6
2014-11-04 21:50:00,2014-11-04 21:51:00,8.6008,8.60044,8.60127,8.6002,8.6055,8.6032,8.6055,8.6032,15
2014-11-04 21:51:00,2014-11-04 21:52:00,8.60044,8.6007,8.60088,8.60022,8.6032,8.6051,8.60639,8.6027,21
2014-11-04 21:52:00,2014-11-04 21:53:00,8.6007,8.60094,8.60094,8.6007,8.6051,8.6051,8.6051,8.605,4
2014-11-04 21:53:00,2014-11-04 21:54:00,8.60094,8.6009,8.6009,8.6008,8.6051,8.6055,8.6055,8.6051,4
2014-11-04 21:54:00,2014-11-04 21:55:00,8.6009,8.6009,8.6009,8.6009,8.6055,8.6052,8.6053,8.6052,2
2014-11-04 21:55:00,2014-11-04 21:56:00,8.6009,8.6031,8.6031,8.6004,8.6052,8.6063,8.60679,8.6052,21
2014-11-04 21:56:00,2014-11-04 21:57:00,8.6031,8.6019,8.6038,8.6011,8.6063,8.607,8.6071,8.6063,15
2014-11-04 21:57:00,2014-11-04 21:58:00,8.6019,8.6018,8.6018,8.6018,8.607,8.6069,8.6069,8.6069,1
2014-11-04 21:58:00,2014-11-04 21:59:00,8.6018,8.6007,8.6007,8.6006,8.6069,8.6074,8.6074,8.6069,4
2014-11-04 21:59:00,2014-11-04 22:00:00,8.6007,8.6011,8.6011,8.6007,8.6074,8.6078,8.6078,8.6078,3
2014-11-04 22:00:00,2014-11-04 22:01:00,8.6011,8.6015,8.6015,8.6014,8.6078,8.6074,8.6076,8.6074,2
2014-11-04 22:01:00,2014-11-04 22:03:00,8.6015,8.6014,8.6014,8.6006,8.6074,8.6087,8.6144,8.6074,12
2014-11-04 22:03:00,2014-11-04 22:05:00,8.6014,8.6011,8.60452,8.6011,8.6087,8.6084,8.6092,8.6084,12
2014-11-04 22:05:00,2014-11-04 22:06:00,8.6011,8.6012,8.6012,8.6012,8.6084,8.6085,8.6085,8.6084,2
2014-11-04 22:06:00,2014-11-04 22:07:00,8.6012,8.6013,8.6013,8.6012,8.6085,8.6073,8.6082,8.6073,4
2014-11-04 22:07:00,2014-11-04 22:10:00,8.6013,8.605,8.605,8.60256,8.6073,8.6071,8.6073,8.6071,7
2014-11-04 22:10:00,2014-11-04 22:13:00,8.605,8.6051,8.6051,8.6051,8.6071,8.6072,8.6072,8.6071,2
2014-11-04 22:13:00,2014-11-04 22:16:00,8.6051,8.60311,8.60311,8.60311,8.6072,8.60939,8.60939,8.60936,2
2014-11-04 22:16:00,2014-11-04 22:17:00,8.60311,8.606,8.606,8.606,8.60939,8.6079,8.6079,8.6079,1
2014-11-04 22:17:00,2014-11-04 22:20:00,8.606,8.6058,8.6058,8.60311,8.6079,8.6078,8.60939,8.6078,3
2014-11-04 22:20:00,2014-11-04 22:23:00,8.6058,8.60311,8.6058,8.60311,8.6078,8.60939,8.60939,8.60939,2
2014-11-04 22:23:00,2014-11-04 22:24:00,8.60311,8.6058,8.607,8.6058,8.60939,8.6078,8.6093,8.6078,9
2014-11-04 22:24:00,2014-11-04 22:25:00,8.6058,8.6049,8.6058,8.6049,8.6078,8.6069,8.6077,8.6069,5
2014-11-04 22:25:00,2014-11-04 22:30:00,8.6049,8.6036,8.6036,8.6036,8.6069,8.60913,8.60913,8.60913,1
2014-11-04 22:30:00,2014-11-04 22:31:00,8.6036,8.60361,8.60361,8.60361,8.60913,8.60913,8.60913,8.60913,1
2014-11-04 22:31:00,2014-11-04 22:33:00,8.60361,8.6057,8.6057,8.6057,8.60913,8.6077,8.6077,8.6076,2
2014-11-04 22:33:00,2014-11-04 22:36:00,8.6057,8.60365,8.6057,8.60365,8.6077,8.60913,8.60913,8.60913,2
2014-11-04 22:36:00,2014-11-04 22:39:00,8.60365,8.60366,8.60366,8.60366,8.60913,8.60913,8.60913,8.60913,1
2014-11-04 22:39:00,2014-11-04 22:41:00,8.60366,8.6058,8.6058,8.60361,8.60913,8.6077,8.60913,8.6077,3
2014-11-04 22:41:00,2014-11-04 22:44:00,8.6058,8.60337,8.60371,8.60337,8.6077,8.60913,8.60913,8.60913,2
2014-11-04 22:44:00,2014-11-04 22:45:00,8.60337,8.6036,8.6036,8.6034,8.60913,8.60913,8.60913,8.60913,2
2014-11-04 22:45:00,2014-11-04 22:47:00,8.6036,8.6036,8.6037,8.6036,8.60913,8.60913,8.60913,8.60913,2
2014-11-04 22:47:00,2014-11-04 22:48:00,8.6036,8.6063,8.6063,8.6063,8.60913,8.608,8.608,8.608,1
2014-11-04 22:48:00,2014-11-04 22:49:00,8.6063,8.6065,8.6065,8.6064,8.608,8.6082,8.6082,8.6081,3
2014-11-04 22:49:00,2014-11-04 22:50:00,8.6065,8.6066,8.6066,8.6066,8.6082,8.6083,8.6083,8.6083,1
2014-11-04 22:50:00,2014-11-04 22:51:00,8.6066,8.6036,8.6068,8.6036,8.6083,8.60913,8.60913,8.6084,3
2014-11-04 22:51:00,2014-11-04 22:52:00,8.6036,8.6036,8.6037,8.6036,8.60913,8.60913,8.60913,8.60913,4
2014-11-04 22:52:00,2014-11-04 22:53:00,8.6036,8.6068,8.6068,8.6068,8.60913,8.6088,8.6088,8.6088,1
2014-11-04 22:53:00,2014-11-04 22:55:00,8.6068,8.6069,8.6069,8.6069,8.6088,8.6088,8.6088,8.6088,1
2014-11-04 22:55:00,2014-11-04 22:56:00,8.6069,8.60538,8.60538,8.60337,8.6088,8.60913,8.60913,8.60913,2
2014-11-04 22:56:00,2014-11-04 22:57:00,8.60538,8.6037,8.6037,8.6037,8.60913,8.60913,8.60913,8.60913,1
2014-11-04 22:57:00,2014-11-04 22:58:00,8.6037,8.6051,8.607,8.60337,8.60913,8.609,8.60913,8.6089,5
2014-11-04 22:58:00,2014-11-04 23:00:00,8.6051,8.6048,8.6048,8.6045,8.609,8.6089,8.609,8.6088,4
2014-11-04 23:00:00,2014-11-04 23:01:00,8.6048,8.6048,8.6049,8.6047,8.6089,8.60885,8.60885,8.60885,5
2014-11-04 23:01:00,2014-11-04 23:02:00,8.6048,8.6051,8.6052,8.6049,8.60885,8.60885,8.60885,8.60885,5
2014-11-04 23:02:00,2014-11-04 23:03:00,8.6051,8.6049,8.6049,8.6049,8.60885,8.60885,8.60885,8.60885,1
2014-11-04 23:03:00,2014-11-04 23:04:00,8.6049,8.6048,8.6048,8.6048,8.60885,8.60885,8.60885,8.60885,1
2014-11-04 23:04:00,2014-11-04 23:05:00,8.6048,8.6071,8.6071,8.6045,8.60885,8.60911,8.60911,8.6086,17
2014-11-04 23:05:00,2014-11-04 23:06:00,8.6071,8.6076,8.6093,8.6075,8.60911,8.60951,8.6113,8.60911,19
2014-11-04 23:06:00,2014-11-04 23:07:00,8.6076,8.6073,8.6075,8.6071,8.60951,8.60926,8.60954,8.60926,7
2014-11-04 23:07:00,2014-11-04 23:08:00,8.6073,8.6076,8.6076,8.6073,8.60926,8.60946,8.60946,8.60926,8
2014-11-04 23:08:00,2014-11-04 23:09:00,8.6076,8.6076,8.6076,8.6076,8.60946,8.60946,8.6095,8.60946,2
2014-11-04 23:09:00,2014-11-04 23:10:00,8.6076,8.6077,8.6077,8.6077,8.60946,8.60946,8.60946,8.60946,1
2014-11-04 23:10:00,2014-11-04 23:12:00,8.6077,8.6079,8.6079,8.6078,8.60946,8.60946,8.60946,8.60946,2
2014-11-04 23:12:00,2014-11-04 23:13:00,8.6079,8.6073,8.6073,8.6072,8.60946,8.60946,8.60946,8.60946,2
2014-11-04 23:13:00,2014-11-04 23:15:00,8.6073,8.6073,8.6073,8.6073,8.60946,8.6097,8.6097,8.6096,2
2014-11-04 23:15:00,2014-11-04 23:16:00,8.6073,8.6073,8.6073,8.6073,8.6097,8.60946,8.60946,8.60946,1
2014-11-04 23:16:00,2014-11-04 23:18:00,8.6073,8.6073,8.6074,8.6073,8.60946,8.60946,8.60946,8.60946,4
2014-11-04 23:18:00,2014-11-04 23:24:00,8.6073,8.6073,8.6073,8.6073,8.60946,8.60946,8.60946,8.6094,2
2014-11-04 23:24:00,2014-11-04 23:29:00,8.6073,8.6068,8.6075,8.6068,8.60946,8.6089,8.60946,8.6089,7
2014-11-04 23:29:00,2014-11-04 23:31:00,8.6068,8.6068,8.6068,8.6067,8.6089,8.6089,8.6089,8.6088,6
2014-11-04 23:31:00,2014-11-04 23:33:00,8.6067,8.6068,8.6068,8.6067,8.6088,8.6089,8.6089,8.6088,7
2014-11-04 23:33:00,2014-11-04 23:34:00,8.6068,8.6069,8.6069,8.6067,8.6089,8.609,8.609,8.6088,6
2014-11-04 23:34:00,2014-11-04 23:36:00,8.6068,8.6068,8.6068,8.6065,8.6089,8.6089,8.6089,8.6088,9
2014-11-04 23:36:00,2014-11-04 23:37:00,8.6068,8.6066,8.6067,8.6066,8.6089,8.6087,8.6089,8.6087,4
2014-11-04 23:37:00,2014-11-04 23:38:00,8.6066,8.6067,8.6067,8.6067,8.6087,8.6088,8.6088,8.6087,2
2014-11-04 23:38:00,2014-11-04 23:39:00,8.6067,8.6066,8.6067,8.6066,8.6088,8.6087,8.6087,8.6087,2
2014-11-04 23:39:00,2014-11-04 23:42:00,8.6066,8.6067,8.6067,8.60594,8.6087,8.6088,8.60926,8.6088,2
2014-11-04 23:42:00,2014-11-04 23:44:00,8.6067,8.6071,8.6071,8.6067,8.6088,8.6092,8.6092,8.6091,4
2014-11-04 23:44:00,2014-11-04 23:46:00,8.6071,8.6072,8.6072,8.6072,8.6092,8.60926,8.60926,8.6092,2
2014-11-04 23:46:00,2014-11-04 23:47:00,8.6072,8.6077,8.6077,8.6072,8.60926,8.6093,8.6097,8.6091,8
2014-11-04 23:47:00,2014-11-04 23:48:00,8.6077,8.6076,8.6077,8.6076,8.6093,8.609,8.6092,8.609,5
2014-11-04 23:48:00,2014-11-04 23:49:00,8.6076,8.6074,8.6076,8.6074,8.609,8.6089,8.609,8.6089,5
2014-11-04 23:49:00,2014-11-04 23:50:00,8.6074,8.6075,8.6075,8.6074,8.6089,8.6089,8.6089,8.6089,3
2014-11-04 23:50:00,2014-11-04 23:51:00,8.6075,8.6074,8.6075,8.6074,8.6089,8.6088,8.6089,8.6088,6
2014-11-04 23:51:00,2014-11-04 23:52:00,8.6074,8.6075,8.6075,8.6074,8.6088,8.6089,8.609,8.6089,4
2014-11-04 23:52:00,2014-11-04 23:53:00,8.6075,8.6076,8.6076,8.6076,8.6089,8.609,8.609,8.609,1
2014-11-04 23:53:00,2014-11-04 23:54:00,8.6076,8.6076,8.6076,8.6076,8.609,8.609,8.6091,8.609,2
2014-11-04 23:54:00,2014-11-04 23:57:00,8.6076,8.6075,8.6076,8.6075,8.609,8.609,8.6091,8.609,3
2014-11-04 23:57:00,2014-11-04 23:58:00,8.6075,8.6075,8.6076,8.6075,8.609,8.609,8.609,8.609,4
2014-11-04 23:58:00,2014-11-04 23:59:00,8.6075,8.6076,8.6076,8.6075,8.609,8.609,8.609,8.6089,3
2014-11-04 23:59:00,2014-11-05 00:00:00,8.6076,8.6078,8.6078,8.6077,8.609,8.6092,8.6092,8.6091,3
