open time,close time,open bid,close bid,high bid,low bid,open ask,close ask,high ask,low ask,volume
2016-11-14 23:59:00,2016-11-15 00:00:00,1.35377,1.35377,1.3538,1.35368,1.35399,1.35399,1.35404,1.35394,137
2016-11-15 00:00:00,2016-11-15 00:01:00,1.35377,1.35374,1.35379,1.35374,1.35399,1.35398,1.35402,1.35396,62
2016-11-15 00:01:00,2016-11-15 00:02:00,1.35374,1.35378,1.35378,1.35372,1.35398,1.35395,1.35398,1.35394,66
2016-11-15 00:02:00,2016-11-15 00:03:00,1.35378,1.35377,1.35378,1.35375,1.35395,1.35395,1.35395,1.35395,16
2016-11-15 00:03:00,2016-11-15 00:04:00,1.35377,1.35377,1.3538,1.35374,1.35395,1.35399,1.35399,1.35395,33
2016-11-15 00:04:00,2016-11-15 00:05:00,1.35377,1.35377,1.35388,1.35376,1.35399,1.35403,1.3541,1.35399,95
2016-11-15 00:05:00,2016-11-15 00:06:00,1.35377,1.35376,1.35379,1.35372,1.35403,1.35404,1.35407,1.35397,85
2016-11-15 00:06:00,2016-11-15 00:07:00,1.35376,1.35376,1.35379,1.35372,1.35404,1.35401,1.35405,1.35395,126
2016-11-15 00:07:00,2016-11-15 00:08:00,1.35376,1.35361,1.35378,1.3536,1.35401,1.35387,1.35403,1.35386,108
2016-11-15 00:08:00,2016-11-15 00:09:00,1.35361,1.35356,1.35371,1.35355,1.35387,1.35384,1.35396,1.35381,106
2016-11-15 00:09:00,2016-11-15 00:10:00,1.35356,1.35353,1.35359,1.35345,1.35384,1.35377,1.35385,1.35371,201
2016-11-15 00:10:00,2016-11-15 00:11:00,1.35353,1.35344,1.35356,1.3534,1.35377,1.35368,1.35381,1.35364,157
2016-11-15 00:11:00,2016-11-15 00:12:00,1.35344,1.35342,1.35349,1.35339,1.35368,1.35365,1.35374,1.3536,137
2016-11-15 00:12:00,2016-11-15 00:13:00,1.35342,1.35344,1.35347,1.35333,1.35365,1.35364,1.35368,1.35356,200
2016-11-15 00:13:00,2016-11-15 00:14:00,1.35344,1.35351,1.35358,1.35341,1.35364,1.35373,1.35374,1.35364,131
2016-11-15 00:14:00,2016-11-15 00:15:00,1.35351,1.3534,1.35351,1.35339,1.35373,1.35364,1.35374,1.35362,164
2016-11-15 00:15:00,2016-11-15 00:16:00,1.3534,1.35332,1.35343,1.35324,1.35364,1.35359,1.35364,1.35346,182
2016-11-15 00:16:00,2016-11-15 00:17:00,1.35332,1.35326,1.35336,1.35323,1.35359,1.35349,1.35361,1.35348,185
2016-11-15 00:17:00,2016-11-15 00:18:00,1.35326,1.35311,1.35333,1.35308,1.35349,1.35336,1.35356,1.35335,207
2016-11-15 00:18:00,2016-11-15 00:19:00,1.35311,1.353,1.3531,1.35299,1.35336,1.35326,1.35336,1.35322,207
2016-11-15 00:19:00,2016-11-15 00:20:00,1.353,1.35296,1.35304,1.35288,1.35326,1.35322,1.35326,1.35313,241
2016-11-15 00:20:00,2016-11-15 00:21:00,1.35296,1.35301,1.35308,1.35294,1.35322,1.35322,1.35332,1.35321,123
2016-11-15 00:21:00,2016-11-15 00:22:00,1.35301,1.35309,1.35311,1.35287,1.35322,1.3533,1.35333,1.35308,262
2016-11-15 00:22:00,2016-11-15 00:23:00,1.35309,1.35323,1.35325,1.35299,1.3533,1.35352,1.35352,1.35324,274
2016-11-15 00:23:00,2016-11-15 00:24:00,1.35323,1.35306,1.35325,1.35306,1.35352,1.35333,1.35352,1.3533,250
2016-11-15 00:24:00,2016-11-15 00:25:00,1.35306,1.35301,1.35306,1.35291,1.35333,1.35324,1.35328,1.35315,251
2016-11-15 00:25:00,2016-11-15 00:26:00,1.35301,1.353,1.35303,1.3529,1.35324,1.35317,1.35325,1.35315,85
2016-11-15 00:26:00,2016-11-15 00:27:00,1.353,1.35301,1.35308,1.35289,1.35317,1.35325,1.35332,1.3531,183
2016-11-15 00:27:00,2016-11-15 00:28:00,1.35301,1.35298,1.35301,1.35297,1.35325,1.35321,1.35325,1.3532,22
2016-11-15 00:28:00,2016-11-15 00:29:00,1.35298,1.35297,1.353,1.35297,1.35321,1.3532,1.35321,1.35318,31
2016-11-15 00:29:00,2016-11-15 00:30:00,1.35297,1.353,1.35302,1.35293,1.3532,1.35323,1.35324,1.35319,77
2016-11-15 00:30:00,2016-11-15 00:31:00,1.353,1.35321,1.35321,1.35296,1.35323,1.35352,1.35352,1.35317,154
2016-11-15 00:31:00,2016-11-15 00:32:00,1.35321,1.35324,1.35325,1.35314,1.35352,1.35354,1.35355,1.35342,55
2016-11-15 00:32:00,2016-11-15 00:33:00,1.35324,1.35323,1.35336,1.35313,1.35354,1.35353,1.35358,1.35343,72
2016-11-15 00:33:00,2016-11-15 00:34:00,1.35323,1.35314,1.35334,1.35314,1.35353,1.35344,1.35359,1.35344,57
2016-11-15 00:34:00,2016-11-15 00:35:00,1.35314,1.35302,1.35314,1.35292,1.35344,1.35323,1.35342,1.35315,230
2016-11-15 00:35:00,2016-11-15 00:36:00,1.35302,1.35318,1.35318,1.35291,1.35323,1.3534,1.3534,1.35314,119
2016-11-15 00:36:00,2016-11-15 00:37:00,1.35318,1.35313,1.35321,1.35308,1.3534,1.35341,1.35345,1.35335,115
2016-11-15 00:37:00,2016-11-15 00:38:00,1.35313,1.35301,1.35316,1.35301,1.35341,1.35329,1.35344,1.35329,160
2016-11-15 00:38:00,2016-11-15 00:39:00,1.35301,1.35293,1.35306,1.35293,1.35329,1.35319,1.35328,1.35317,165
2016-11-15 00:39:00,2016-11-15 00:40:00,1.35293,1.35297,1.35303,1.35292,1.35319,1.35324,1.35328,1.35315,144
2016-11-15 00:40:00,2016-11-15 00:41:00,1.35297,1.35303,1.3531,1.35291,1.35324,1.35333,1.35334,1.35318,227
2016-11-15 00:41:00,2016-11-15 00:42:00,1.35303,1.35315,1.3532,1.35301,1.35333,1.35346,1.35346,1.35331,110
2016-11-15 00:42:00,2016-11-15 00:43:00,1.35315,1.35301,1.35326,1.35299,1.35346,1.35324,1.3535,1.35321,264
2016-11-15 00:43:00,2016-11-15 00:44:00,1.35301,1.35296,1.35304,1.35291,1.35324,1.35319,1.35328,1.35314,150
2016-11-15 00:44:00,2016-11-15 00:45:00,1.35296,1.35301,1.35304,1.35289,1.35319,1.35327,1.3533,1.35314,217
2016-11-15 00:45:00,2016-11-15 00:46:00,1.35301,1.35295,1.353,1.35284,1.35327,1.35319,1.35327,1.35307,250
2016-11-15 00:46:00,2016-11-15 00:47:00,1.35295,1.353,1.35305,1.35289,1.35319,1.35327,1.35329,1.35309,126
2016-11-15 00:47:00,2016-11-15 00:48:00,1.353,1.35292,1.35302,1.35289,1.35327,1.35318,1.35328,1.35315,111
2016-11-15 00:48:00,2016-11-15 00:49:00,1.35292,1.35294,1.35299,1.35283,1.35318,1.35317,1.3532,1.35308,242
2016-11-15 00:49:00,2016-11-15 00:50:00,1.35294,1.35294,1.35297,1.35285,1.35317,1.35316,1.35317,1.3531,154
2016-11-15 00:50:00,2016-11-15 00:51:00,1.35294,1.35299,1.35302,1.35288,1.35316,1.3532,1.35321,1.35311,165
2016-11-15 00:51:00,2016-11-15 00:52:00,1.35299,1.353,1.35313,1.35298,1.3532,1.35329,1.35337,1.3532,154
2016-11-15 00:52:00,2016-11-15 00:53:00,1.353,1.35297,1.35305,1.35291,1.35329,1.35321,1.35331,1.35319,90
2016-11-15 00:53:00,2016-11-15 00:54:00,1.35297,1.35306,1.35321,1.35289,1.35321,1.35335,1.3534,1.35314,247
2016-11-15 00:54:00,2016-11-15 00:55:00,1.35306,1.35303,1.35306,1.35294,1.35335,1.35327,1.35334,1.35322,186
2016-11-15 00:55:00,2016-11-15 00:56:00,1.35303,1.35301,1.3531,1.35297,1.35327,1.35323,1.35333,1.35323,92
2016-11-15 00:56:00,2016-11-15 00:57:00,1.35301,1.35305,1.35305,1.35295,1.35323,1.35328,1.35328,1.35319,60
2016-11-15 00:57:00,2016-11-15 00:58:00,1.35305,1.35311,1.35325,1.35302,1.35328,1.35335,1.35346,1.35328,162
2016-11-15 00:58:00,2016-11-15 00:59:00,1.35311,1.35334,1.35346,1.35307,1.35335,1.35359,1.35369,1.3533,151
2016-11-15 00:59:00,2016-11-15 01:00:00,1.35334,1.35344,1.35353,1.35323,1.35359,1.3537,1.35376,1.3535,315
2016-11-15 01:00:00,2016-11-15 01:01:00,1.35344,1.35345,1.35355,1.35337,1.3537,1.35372,1.35378,1.35364,157
2016-11-15 01:01:00,2016-11-15 01:02:00,1.35345,1.35341,1.35347,1.35336,1.35372,1.35364,1.35373,1.35362,95
2016-11-15 01:02:00,2016-11-15 01:03:00,1.35341,1.35343,1.35346,1.35337,1.35364,1.35366,1.35367,1.35361,107
2016-11-15 01:03:00,2016-11-15 01:04:00,1.35343,1.35321,1.35344,1.35321,1.35366,1.35346,1.35368,1.35344,100
2016-11-15 01:04:00,2016-11-15 01:05:00,1.35321,1.35309,1.35322,1.35306,1.35346,1.35333,1.35346,1.35331,123
2016-11-15 01:05:00,2016-11-15 01:06:00,1.35309,1.35313,1.35313,1.35306,1.35333,1.35333,1.35333,1.35331,45
2016-11-15 01:06:00,2016-11-15 01:07:00,1.35313,1.35309,1.35313,1.35303,1.35333,1.35328,1.35333,1.35328,64
2016-11-15 01:07:00,2016-11-15 01:08:00,1.35309,1.35308,1.3531,1.35297,1.35328,1.3533,1.3533,1.35318,107
2016-11-15 01:08:00,2016-11-15 01:09:00,1.35308,1.3531,1.3531,1.35298,1.3533,1.35331,1.35331,1.35323,100
2016-11-15 01:09:00,2016-11-15 01:10:00,1.3531,1.35298,1.35312,1.35293,1.35331,1.3532,1.35332,1.35317,91
2016-11-15 01:10:00,2016-11-15 01:11:00,1.35298,1.35307,1.35308,1.35293,1.3532,1.35331,1.35331,1.35319,125
2016-11-15 01:11:00,2016-11-15 01:12:00,1.35307,1.35305,1.35312,1.35302,1.35331,1.35327,1.35334,1.35327,83
2016-11-15 01:12:00,2016-11-15 01:13:00,1.35305,1.35297,1.35307,1.35293,1.35327,1.35319,1.35327,1.35314,124
2016-11-15 01:13:00,2016-11-15 01:14:00,1.35297,1.3529,1.353,1.35281,1.35319,1.35316,1.35321,1.35304,80
2016-11-15 01:14:00,2016-11-15 01:15:00,1.3529,1.35297,1.353,1.35291,1.35316,1.35321,1.35324,1.35316,53
2016-11-15 01:15:00,2016-11-15 01:16:00,1.35297,1.35295,1.35301,1.35286,1.35321,1.35318,1.35322,1.35311,117
2016-11-15 01:16:00,2016-11-15 01:17:00,1.35295,1.35291,1.35298,1.3529,1.35318,1.35318,1.35321,1.35317,81
2016-11-15 01:17:00,2016-11-15 01:18:00,1.35291,1.35295,1.35296,1.35279,1.35318,1.35319,1.35322,1.35304,128
2016-11-15 01:18:00,2016-11-15 01:19:00,1.35295,1.35292,1.35296,1.35292,1.35319,1.35316,1.35322,1.35316,49
2016-11-15 01:19:00,2016-11-15 01:20:00,1.35292,1.35292,1.35294,1.35283,1.35316,1.35316,1.35316,1.35306,144
2016-11-15 01:20:00,2016-11-15 01:21:00,1.35292,1.35295,1.35299,1.35283,1.35316,1.35321,1.35323,1.35308,110
2016-11-15 01:21:00,2016-11-15 01:22:00,1.35295,1.35294,1.35301,1.35289,1.35321,1.35318,1.35326,1.35313,115
2016-11-15 01:22:00,2016-11-15 01:23:00,1.35294,1.35295,1.35295,1.35289,1.35318,1.35322,1.35322,1.35314,50
2016-11-15 01:23:00,2016-11-15 01:24:00,1.35295,1.35292,1.35305,1.35292,1.35322,1.35318,1.35326,1.35317,82
2016-11-15 01:24:00,2016-11-15 01:25:00,1.35292,1.35296,1.35299,1.35281,1.35318,1.3532,1.35322,1.35306,97
2016-11-15 01:25:00,2016-11-15 01:26:00,1.35296,1.35298,1.35298,1.35293,1.3532,1.35322,1.35322,1.35318,25
2016-11-15 01:26:00,2016-11-15 01:27:00,1.35298,1.35297,1.35299,1.35295,1.35322,1.35322,1.35322,1.3532,26
2016-11-15 01:27:00,2016-11-15 01:28:00,1.35297,1.35303,1.35306,1.35296,1.35322,1.35326,1.35327,1.35319,89
2016-11-15 01:28:00,2016-11-15 01:29:00,1.35303,1.35309,1.35313,1.353,1.35326,1.35332,1.35337,1.35325,96
2016-11-15 01:29:00,2016-11-15 01:30:00,1.35309,1.35318,1.35321,1.35303,1.35332,1.3534,1.35341,1.35326,148
2016-11-15 01:30:00,2016-11-15 01:31:00,1.35318,1.35317,1.3532,1.35315,1.3534,1.3534,1.35341,1.35337,67
2016-11-15 01:31:00,2016-11-15 01:32:00,1.35317,1.35332,1.35338,1.35317,1.3534,1.35356,1.35362,1.35338,273
2016-11-15 01:32:00,2016-11-15 01:33:00,1.35332,1.35336,1.35336,1.35315,1.35356,1.35365,1.35367,1.35339,180
2016-11-15 01:33:00,2016-11-15 01:34:00,1.35336,1.35344,1.35351,1.35337,1.35365,1.35375,1.35378,1.35363,167
2016-11-15 01:34:00,2016-11-15 01:35:00,1.35344,1.35329,1.35349,1.35329,1.35375,1.35354,1.35377,1.35354,274
2016-11-15 01:35:00,2016-11-15 01:36:00,1.35329,1.35319,1.35337,1.35318,1.35354,1.35344,1.35362,1.35343,197
2016-11-15 01:36:00,2016-11-15 01:37:00,1.35319,1.35308,1.3532,1.35301,1.35344,1.35333,1.35346,1.35326,245
2016-11-15 01:37:00,2016-11-15 01:38:00,1.35308,1.3531,1.35328,1.35303,1.35333,1.35334,1.35359,1.35324,315
2016-11-15 01:38:00,2016-11-15 01:39:00,1.3531,1.35319,1.35334,1.35301,1.35334,1.35345,1.35359,1.35324,409
2016-11-15 01:39:00,2016-11-15 01:40:00,1.35319,1.35332,1.35337,1.35318,1.35345,1.35357,1.35367,1.35344,205
2016-11-15 01:40:00,2016-11-15 01:41:00,1.35332,1.35353,1.35365,1.35327,1.35357,1.35379,1.35389,1.35352,269
2016-11-15 01:41:00,2016-11-15 01:42:00,1.35353,1.3535,1.35362,1.35345,1.35379,1.35377,1.35385,1.35372,148
2016-11-15 01:42:00,2016-11-15 01:43:00,1.3535,1.35361,1.35365,1.35343,1.35377,1.35389,1.35389,1.35372,199
2016-11-15 01:43:00,2016-11-15 01:44:00,1.35361,1.35361,1.35362,1.35337,1.35389,1.35386,1.3539,1.35364,126
2016-11-15 01:44:00,2016-11-15 01:45:00,1.35361,1.35343,1.35361,1.35339,1.35386,1.35368,1.35385,1.35361,156
2016-11-15 01:45:00,2016-11-15 01:46:00,1.35343,1.35342,1.35355,1.3534,1.35368,1.35366,1.35378,1.35364,160
2016-11-15 01:46:00,2016-11-15 01:47:00,1.35342,1.35352,1.3536,1.35342,1.35366,1.35375,1.35379,1.35366,171
2016-11-15 01:47:00,2016-11-15 01:48:00,1.35352,1.35348,1.35356,1.35346,1.35375,1.3537,1.35375,1.35368,109
2016-11-15 01:48:00,2016-11-15 01:49:00,1.35348,1.35349,1.35353,1.35345,1.3537,1.3537,1.35376,1.3537,123
2016-11-15 01:49:00,2016-11-15 01:50:00,1.35349,1.35346,1.35357,1.35341,1.3537,1.35368,1.35378,1.35365,144
2016-11-15 01:50:00,2016-11-15 01:51:00,1.35346,1.35337,1.35346,1.35334,1.35368,1.35363,1.3537,1.35357,177
2016-11-15 01:51:00,2016-11-15 01:52:00,1.35337,1.35334,1.35354,1.35333,1.35363,1.35362,1.35377,1.35355,226
2016-11-15 01:52:00,2016-11-15 01:53:00,1.35334,1.35327,1.35338,1.35318,1.35362,1.35354,1.35362,1.35345,104
2016-11-15 01:53:00,2016-11-15 01:54:00,1.35327,1.35343,1.35345,1.35327,1.35354,1.35365,1.35368,1.35355,151
2016-11-15 01:54:00,2016-11-15 01:55:00,1.35343,1.35343,1.35361,1.35335,1.35365,1.35369,1.35382,1.35365,189
2016-11-15 01:55:00,2016-11-15 01:56:00,1.35343,1.35356,1.35366,1.3534,1.35369,1.35383,1.3539,1.35367,120
2016-11-15 01:56:00,2016-11-15 01:57:00,1.35356,1.35357,1.35357,1.35349,1.35383,1.35385,1.35385,1.35377,51
2016-11-15 01:57:00,2016-11-15 01:58:00,1.35357,1.35353,1.35363,1.35352,1.35385,1.35382,1.35389,1.35379,54
2016-11-15 01:58:00,2016-11-15 01:59:00,1.35353,1.35356,1.35362,1.35348,1.35382,1.35382,1.3539,1.35374,106
2016-11-15 01:59:00,2016-11-15 02:00:00,1.35356,1.35347,1.35358,1.35338,1.35382,1.35372,1.35387,1.35364,372
2016-11-15 02:00:00,2016-11-15 02:01:00,1.35347,1.3534,1.35356,1.35332,1.35372,1.3537,1.35379,1.35356,301
2016-11-15 02:01:00,2016-11-15 02:02:00,1.3534,1.3534,1.35341,1.3533,1.3537,1.35364,1.3537,1.35354,212
2016-11-15 02:02:00,2016-11-15 02:03:00,1.3534,1.35351,1.35359,1.3534,1.35364,1.35377,1.35382,1.35365,136
2016-11-15 02:03:00,2016-11-15 02:04:00,1.35351,1.35361,1.35363,1.35348,1.35377,1.35385,1.35387,1.35374,93
2016-11-15 02:04:00,2016-11-15 02:05:00,1.35361,1.35372,1.3538,1.35359,1.35385,1.35401,1.35407,1.35385,94
2016-11-15 02:05:00,2016-11-15 02:06:00,1.35372,1.35383,1.35385,1.35373,1.35401,1.35408,1.35415,1.35401,100
2016-11-15 02:06:00,2016-11-15 02:07:00,1.35383,1.35386,1.35392,1.35381,1.35408,1.35409,1.35418,1.35408,87
2016-11-15 02:07:00,2016-11-15 02:08:00,1.35386,1.35381,1.35387,1.35379,1.35409,1.35405,1.35412,1.35404,66
2016-11-15 02:08:00,2016-11-15 02:09:00,1.35381,1.35392,1.35394,1.35379,1.35405,1.35417,1.35417,1.35404,110
2016-11-15 02:09:00,2016-11-15 02:10:00,1.35392,1.35411,1.35416,1.35383,1.35417,1.35438,1.35446,1.3541,341
2016-11-15 02:10:00,2016-11-15 02:11:00,1.35411,1.35462,1.35463,1.35407,1.35438,1.35486,1.35488,1.35433,235
2016-11-15 02:11:00,2016-11-15 02:12:00,1.35462,1.35461,1.35472,1.3545,1.35486,1.35488,1.35496,1.35476,348
2016-11-15 02:12:00,2016-11-15 02:13:00,1.35461,1.35445,1.35462,1.35444,1.35488,1.35474,1.3549,1.35473,268
2016-11-15 02:13:00,2016-11-15 02:14:00,1.35445,1.35458,1.35463,1.3544,1.35474,1.35487,1.3549,1.35468,200
2016-11-15 02:14:00,2016-11-15 02:15:00,1.35458,1.35461,1.35462,1.35456,1.35487,1.35486,1.35491,1.35484,72
2016-11-15 02:15:00,2016-11-15 02:16:00,1.35461,1.35459,1.3547,1.35459,1.35486,1.35487,1.35494,1.35486,144
2016-11-15 02:16:00,2016-11-15 02:17:00,1.35459,1.35462,1.35472,1.3544,1.35487,1.35489,1.35497,1.35465,187
2016-11-15 02:17:00,2016-11-15 02:18:00,1.35462,1.35466,1.35474,1.35461,1.35489,1.35493,1.35497,1.35488,52
2016-11-15 02:18:00,2016-11-15 02:19:00,1.35466,1.35471,1.35473,1.35467,1.35493,1.35497,1.35497,1.35493,46
2016-11-15 02:19:00,2016-11-15 02:20:00,1.35471,1.35476,1.35479,1.35471,1.35497,1.35503,1.35506,1.35497,75
2016-11-15 02:20:00,2016-11-15 02:21:00,1.35476,1.35455,1.35476,1.35453,1.35503,1.35478,1.35503,1.35477,183
2016-11-15 02:21:00,2016-11-15 02:22:00,1.35455,1.35455,1.35461,1.35446,1.35478,1.35485,1.35486,1.35474,150
2016-11-15 02:22:00,2016-11-15 02:23:00,1.35455,1.35463,1.35466,1.35448,1.35485,1.35493,1.35493,1.35475,91
2016-11-15 02:23:00,2016-11-15 02:24:00,1.35463,1.3547,1.35476,1.35456,1.35493,1.35495,1.35501,1.35483,173
2016-11-15 02:24:00,2016-11-15 02:25:00,1.3547,1.35474,1.3548,1.35471,1.35495,1.355,1.35504,1.35495,109
2016-11-15 02:25:00,2016-11-15 02:26:00,1.35474,1.35511,1.35514,1.3547,1.355,1.35535,1.35536,1.35496,191
2016-11-15 02:26:00,2016-11-15 02:27:00,1.35511,1.35518,1.35518,1.35506,1.35535,1.35541,1.35542,1.3553,113
2016-11-15 02:27:00,2016-11-15 02:28:00,1.35518,1.35512,1.3552,1.35507,1.35541,1.35537,1.35544,1.35533,69
2016-11-15 02:28:00,2016-11-15 02:29:00,1.35512,1.35505,1.35518,1.35496,1.35537,1.35531,1.35542,1.35521,287
2016-11-15 02:29:00,2016-11-15 02:30:00,1.35505,1.35499,1.3551,1.3549,1.35531,1.35523,1.35533,1.35517,232
2016-11-15 02:30:00,2016-11-15 02:31:00,1.35499,1.35484,1.35499,1.35481,1.35523,1.35508,1.35524,1.35507,108
2016-11-15 02:31:00,2016-11-15 02:32:00,1.35484,1.3548,1.35485,1.35478,1.35508,1.35505,1.35509,1.35502,124
2016-11-15 02:32:00,2016-11-15 02:33:00,1.3548,1.35481,1.35486,1.35478,1.35505,1.35511,1.35512,1.35505,78
2016-11-15 02:33:00,2016-11-15 02:34:00,1.35481,1.35491,1.35495,1.35482,1.35511,1.35521,1.35521,1.35511,107
2016-11-15 02:34:00,2016-11-15 02:35:00,1.35491,1.35483,1.35503,1.35482,1.35521,1.35511,1.3553,1.35511,173
2016-11-15 02:35:00,2016-11-15 02:36:00,1.35483,1.3549,1.35497,1.35481,1.35511,1.35519,1.35524,1.35509,131
2016-11-15 02:36:00,2016-11-15 02:37:00,1.3549,1.35502,1.35504,1.35482,1.35519,1.35526,1.35527,1.35511,209
2016-11-15 02:37:00,2016-11-15 02:38:00,1.35502,1.35493,1.35503,1.35487,1.35526,1.35521,1.35528,1.35512,282
2016-11-15 02:38:00,2016-11-15 02:39:00,1.35493,1.35483,1.35501,1.35483,1.35521,1.3551,1.35526,1.35509,142
2016-11-15 02:39:00,2016-11-15 02:40:00,1.35483,1.35464,1.35491,1.35464,1.3551,1.35488,1.35515,1.35488,204
2016-11-15 02:40:00,2016-11-15 02:41:00,1.35464,1.35415,1.35463,1.35414,1.35488,1.35441,1.35489,1.35439,260
2016-11-15 02:41:00,2016-11-15 02:42:00,1.35415,1.35417,1.35418,1.35412,1.35441,1.35445,1.35445,1.35438,76
2016-11-15 02:42:00,2016-11-15 02:43:00,1.35417,1.3543,1.35434,1.35416,1.35445,1.35457,1.35462,1.35445,132
2016-11-15 02:43:00,2016-11-15 02:44:00,1.3543,1.35428,1.35436,1.35427,1.35457,1.35456,1.35462,1.35454,215
2016-11-15 02:44:00,2016-11-15 02:45:00,1.35428,1.35442,1.35442,1.35427,1.35456,1.3547,1.35471,1.35454,148
2016-11-15 02:45:00,2016-11-15 02:46:00,1.35442,1.35442,1.35452,1.3544,1.3547,1.35469,1.35477,1.35464,185
2016-11-15 02:46:00,2016-11-15 02:47:00,1.35442,1.35433,1.35443,1.3543,1.35469,1.35458,1.35472,1.35456,117
2016-11-15 02:47:00,2016-11-15 02:48:00,1.35433,1.35426,1.35435,1.35425,1.35458,1.35452,1.35462,1.35451,71
2016-11-15 02:48:00,2016-11-15 02:49:00,1.35426,1.35424,1.35429,1.35421,1.35452,1.3545,1.35454,1.35446,71
2016-11-15 02:49:00,2016-11-15 02:50:00,1.35424,1.35436,1.35446,1.35424,1.3545,1.35463,1.35471,1.35451,257
2016-11-15 02:50:00,2016-11-15 02:51:00,1.35436,1.35423,1.3544,1.35422,1.35463,1.35447,1.35468,1.35446,178
2016-11-15 02:51:00,2016-11-15 02:52:00,1.35423,1.35432,1.35435,1.35414,1.35447,1.35454,1.35461,1.35438,150
2016-11-15 02:52:00,2016-11-15 02:53:00,1.35432,1.35418,1.35432,1.35413,1.35454,1.35443,1.35455,1.35436,166
2016-11-15 02:53:00,2016-11-15 02:54:00,1.35418,1.35415,1.35418,1.35413,1.35443,1.35441,1.35445,1.35436,107
2016-11-15 02:54:00,2016-11-15 02:55:00,1.35415,1.35433,1.35433,1.35413,1.35441,1.35458,1.35458,1.35438,112
2016-11-15 02:55:00,2016-11-15 02:56:00,1.35433,1.35454,1.35469,1.35426,1.35458,1.35482,1.35494,1.3545,418
2016-11-15 02:56:00,2016-11-15 02:57:00,1.35454,1.35448,1.35469,1.35441,1.35482,1.35473,1.35494,1.35463,363
2016-11-15 02:57:00,2016-11-15 02:58:00,1.35448,1.35437,1.35452,1.35427,1.35473,1.35467,1.3548,1.35451,210
2016-11-15 02:58:00,2016-11-15 02:59:00,1.35437,1.35429,1.3545,1.35427,1.35467,1.35452,1.35479,1.35452,203
2016-11-15 02:59:00,2016-11-15 03:00:00,1.35429,1.35413,1.35428,1.35408,1.35452,1.35438,1.35452,1.35432,171
2016-11-15 03:00:00,2016-11-15 03:01:00,1.35413,1.35414,1.35417,1.35407,1.35438,1.35442,1.35444,1.35432,251
2016-11-15 03:01:00,2016-11-15 03:02:00,1.35414,1.35412,1.35418,1.35402,1.35442,1.35436,1.35446,1.35424,292
2016-11-15 03:02:00,2016-11-15 03:03:00,1.35412,1.35414,1.35418,1.35411,1.35436,1.35438,1.35447,1.35434,123
2016-11-15 03:03:00,2016-11-15 03:04:00,1.35414,1.35417,1.35423,1.35413,1.35438,1.35442,1.35449,1.35437,137
2016-11-15 03:04:00,2016-11-15 03:05:00,1.35417,1.3541,1.35417,1.35404,1.35442,1.35435,1.35441,1.35428,172
2016-11-15 03:05:00,2016-11-15 03:06:00,1.3541,1.35415,1.35419,1.35408,1.35435,1.35441,1.35445,1.35433,226
2016-11-15 03:06:00,2016-11-15 03:07:00,1.35415,1.35413,1.35426,1.35409,1.35441,1.35438,1.35452,1.35434,331
2016-11-15 03:07:00,2016-11-15 03:08:00,1.35413,1.35416,1.35426,1.35412,1.35438,1.35443,1.35451,1.35437,231
2016-11-15 03:08:00,2016-11-15 03:09:00,1.35416,1.35425,1.35428,1.35413,1.35443,1.35451,1.35453,1.35439,177
2016-11-15 03:09:00,2016-11-15 03:10:00,1.35425,1.35428,1.35431,1.35424,1.35451,1.35452,1.35456,1.35449,111
2016-11-15 03:10:00,2016-11-15 03:11:00,1.35428,1.35412,1.35428,1.35409,1.35452,1.35439,1.35452,1.35433,79
2016-11-15 03:11:00,2016-11-15 03:12:00,1.35412,1.35423,1.35423,1.35411,1.35439,1.35445,1.35445,1.35437,55
2016-11-15 03:12:00,2016-11-15 03:13:00,1.35423,1.35422,1.35435,1.35419,1.35445,1.35448,1.35457,1.35443,130
2016-11-15 03:13:00,2016-11-15 03:14:00,1.35422,1.35432,1.3544,1.35409,1.35448,1.35456,1.35464,1.35435,283
2016-11-15 03:14:00,2016-11-15 03:15:00,1.35432,1.35435,1.35438,1.35427,1.35456,1.35461,1.35465,1.35452,84
2016-11-15 03:15:00,2016-11-15 03:16:00,1.35435,1.35448,1.35449,1.35432,1.35461,1.35475,1.35476,1.3546,104
2016-11-15 03:16:00,2016-11-15 03:17:00,1.35448,1.35444,1.35449,1.35441,1.35475,1.35467,1.35475,1.35464,152
2016-11-15 03:17:00,2016-11-15 03:18:00,1.35444,1.35426,1.35444,1.35423,1.35467,1.35453,1.35468,1.35449,139
2016-11-15 03:18:00,2016-11-15 03:19:00,1.35426,1.35418,1.35427,1.35417,1.35453,1.35444,1.35455,1.35443,114
2016-11-15 03:19:00,2016-11-15 03:20:00,1.35418,1.35426,1.35432,1.35418,1.35444,1.35453,1.35457,1.35445,190
2016-11-15 03:20:00,2016-11-15 03:21:00,1.35426,1.35417,1.35428,1.35417,1.35453,1.35443,1.35453,1.35442,40
2016-11-15 03:21:00,2016-11-15 03:22:00,1.35417,1.35399,1.35421,1.35395,1.35443,1.35423,1.35446,1.35419,121
2016-11-15 03:22:00,2016-11-15 03:23:00,1.35399,1.35396,1.35406,1.35396,1.35423,1.3542,1.35429,1.3542,67
2016-11-15 03:23:00,2016-11-15 03:24:00,1.35396,1.35398,1.35403,1.35392,1.3542,1.35422,1.35426,1.35418,98
2016-11-15 03:24:00,2016-11-15 03:25:00,1.35398,1.35392,1.35398,1.35387,1.35422,1.35418,1.35422,1.35411,82
2016-11-15 03:25:00,2016-11-15 03:26:00,1.35392,1.35397,1.354,1.35387,1.35418,1.35422,1.35425,1.35414,142
2016-11-15 03:26:00,2016-11-15 03:27:00,1.35397,1.3541,1.35417,1.35393,1.35422,1.35436,1.3544,1.3542,159
2016-11-15 03:27:00,2016-11-15 03:28:00,1.3541,1.35433,1.35434,1.35405,1.35436,1.35458,1.3546,1.35432,174
2016-11-15 03:28:00,2016-11-15 03:29:00,1.35433,1.35404,1.35433,1.35403,1.35458,1.3543,1.35458,1.35428,232
2016-11-15 03:29:00,2016-11-15 03:30:00,1.35404,1.35382,1.35401,1.35371,1.3543,1.35409,1.3543,1.35397,228
2016-11-15 03:30:00,2016-11-15 03:31:00,1.35382,1.35384,1.35388,1.35372,1.35409,1.35411,1.35416,1.354,116
2016-11-15 03:31:00,2016-11-15 03:32:00,1.35384,1.354,1.35401,1.35382,1.35411,1.35426,1.35427,1.35409,182
2016-11-15 03:32:00,2016-11-15 03:33:00,1.354,1.35397,1.35403,1.35394,1.35426,1.35422,1.35429,1.3542,53
2016-11-15 03:33:00,2016-11-15 03:34:00,1.35397,1.35398,1.35399,1.35387,1.35422,1.35424,1.35425,1.35414,116
2016-11-15 03:34:00,2016-11-15 03:35:00,1.35398,1.35389,1.35397,1.35374,1.35424,1.35415,1.35424,1.354,170
2016-11-15 03:35:00,2016-11-15 03:36:00,1.35389,1.35382,1.35396,1.35378,1.35415,1.35405,1.35422,1.35404,258
2016-11-15 03:36:00,2016-11-15 03:37:00,1.35382,1.35363,1.35384,1.35363,1.35405,1.35387,1.35409,1.35387,151
2016-11-15 03:37:00,2016-11-15 03:38:00,1.35363,1.35374,1.35375,1.35361,1.35387,1.35402,1.35402,1.35386,147
2016-11-15 03:38:00,2016-11-15 03:39:00,1.35374,1.35381,1.35382,1.35372,1.35402,1.35406,1.35407,1.35397,86
2016-11-15 03:39:00,2016-11-15 03:40:00,1.35381,1.35364,1.35384,1.35363,1.35406,1.35391,1.35409,1.35391,145
2016-11-15 03:40:00,2016-11-15 03:41:00,1.35364,1.35363,1.35365,1.35354,1.35391,1.35389,1.35392,1.35379,139
2016-11-15 03:41:00,2016-11-15 03:42:00,1.35363,1.35355,1.35367,1.35353,1.35389,1.35381,1.35391,1.35378,101
2016-11-15 03:42:00,2016-11-15 03:43:00,1.35355,1.35337,1.35367,1.35316,1.35381,1.35363,1.35394,1.35342,273
2016-11-15 03:43:00,2016-11-15 03:44:00,1.35337,1.35332,1.35338,1.35329,1.35363,1.35357,1.35364,1.35356,99
2016-11-15 03:44:00,2016-11-15 03:45:00,1.35332,1.35334,1.35344,1.35328,1.35357,1.35362,1.35368,1.35351,223
2016-11-15 03:45:00,2016-11-15 03:46:00,1.35334,1.3536,1.35363,1.35333,1.35362,1.35387,1.35389,1.3536,227
2016-11-15 03:46:00,2016-11-15 03:47:00,1.3536,1.35359,1.35363,1.35353,1.35387,1.35386,1.35391,1.35379,141
2016-11-15 03:47:00,2016-11-15 03:48:00,1.35359,1.35379,1.35383,1.3536,1.35386,1.35405,1.35408,1.35386,175
2016-11-15 03:48:00,2016-11-15 03:49:00,1.35379,1.35385,1.35397,1.35379,1.35405,1.35412,1.35423,1.35405,208
2016-11-15 03:49:00,2016-11-15 03:50:00,1.35385,1.35385,1.3539,1.35383,1.35412,1.35413,1.35415,1.35409,111
2016-11-15 03:50:00,2016-11-15 03:51:00,1.35385,1.35388,1.35389,1.35378,1.35413,1.35414,1.35415,1.35403,89
2016-11-15 03:51:00,2016-11-15 03:52:00,1.35388,1.35389,1.35399,1.35381,1.35414,1.35415,1.35425,1.35406,235
2016-11-15 03:52:00,2016-11-15 03:53:00,1.35389,1.3539,1.35392,1.35387,1.35415,1.35414,1.35418,1.35412,88
2016-11-15 03:53:00,2016-11-15 03:54:00,1.3539,1.35387,1.35395,1.35386,1.35414,1.35411,1.35421,1.3541,128
2016-11-15 03:54:00,2016-11-15 03:55:00,1.35387,1.35397,1.35399,1.35386,1.35411,1.35422,1.35424,1.35411,92
2016-11-15 03:55:00,2016-11-15 03:56:00,1.35397,1.35396,1.354,1.35394,1.35422,1.35422,1.35425,1.3542,69
2016-11-15 03:56:00,2016-11-15 03:57:00,1.35396,1.3536,1.35398,1.3536,1.35422,1.35382,1.35424,1.35382,231
2016-11-15 03:57:00,2016-11-15 03:58:00,1.3536,1.35366,1.35371,1.35356,1.35382,1.35392,1.35397,1.35379,180
2016-11-15 03:58:00,2016-11-15 03:59:00,1.35366,1.35366,1.3537,1.35365,1.35392,1.35393,1.35397,1.35391,67
2016-11-15 03:59:00,2016-11-15 04:00:00,1.35366,1.35363,1.35371,1.35359,1.35393,1.3539,1.35397,1.35386,112
2016-11-15 04:00:00,2016-11-15 04:01:00,1.35363,1.35368,1.35371,1.35363,1.3539,1.35394,1.35397,1.3539,194
2016-11-15 04:01:00,2016-11-15 04:02:00,1.35368,1.35362,1.35374,1.35361,1.35394,1.35389,1.35399,1.35387,96
2016-11-15 04:02:00,2016-11-15 04:03:00,1.35362,1.35359,1.35363,1.35358,1.35389,1.35385,1.35389,1.35383,35
2016-11-15 04:03:00,2016-11-15 04:04:00,1.35359,1.35348,1.35359,1.35348,1.35385,1.35374,1.35385,1.35374,75
2016-11-15 04:04:00,2016-11-15 04:05:00,1.35348,1.35341,1.3536,1.3534,1.35374,1.35366,1.35385,1.35366,170
2016-11-15 04:05:00,2016-11-15 04:06:00,1.35341,1.35347,1.35353,1.35337,1.35366,1.35373,1.35378,1.35361,266
2016-11-15 04:06:00,2016-11-15 04:07:00,1.35347,1.35346,1.35348,1.35338,1.35373,1.35372,1.35374,1.35364,120
2016-11-15 04:07:00,2016-11-15 04:08:00,1.35346,1.35355,1.35359,1.35345,1.35372,1.3538,1.35384,1.35369,168
2016-11-15 04:08:00,2016-11-15 04:09:00,1.35355,1.35356,1.35359,1.35351,1.3538,1.35382,1.35385,1.35376,80
2016-11-15 04:09:00,2016-11-15 04:10:00,1.35356,1.35345,1.35357,1.35342,1.35382,1.3537,1.35382,1.35368,64
2016-11-15 04:10:00,2016-11-15 04:11:00,1.35345,1.35333,1.35353,1.35333,1.3537,1.35357,1.35378,1.35357,122
2016-11-15 04:11:00,2016-11-15 04:12:00,1.35333,1.35338,1.35346,1.3533,1.35357,1.35364,1.35374,1.35355,178
2016-11-15 04:12:00,2016-11-15 04:13:00,1.35338,1.35342,1.35345,1.35333,1.35364,1.35369,1.3537,1.35361,76
2016-11-15 04:13:00,2016-11-15 04:14:00,1.35342,1.35332,1.35344,1.35332,1.35369,1.35356,1.3537,1.35356,66
2016-11-15 04:14:00,2016-11-15 04:15:00,1.35332,1.35329,1.35344,1.35328,1.35356,1.35353,1.35368,1.35351,118
2016-11-15 04:15:00,2016-11-15 04:16:00,1.35329,1.35336,1.35338,1.35329,1.35353,1.35364,1.35364,1.35353,61
2016-11-15 04:16:00,2016-11-15 04:17:00,1.35336,1.35325,1.35336,1.35314,1.35364,1.35348,1.35363,1.35344,115
2016-11-15 04:17:00,2016-11-15 04:18:00,1.35325,1.35314,1.35326,1.35304,1.35348,1.35341,1.3535,1.35332,116
2016-11-15 04:18:00,2016-11-15 04:19:00,1.35314,1.35324,1.35325,1.3531,1.35341,1.35347,1.35347,1.35337,123
2016-11-15 04:19:00,2016-11-15 04:20:00,1.35324,1.35323,1.35329,1.35315,1.35347,1.35349,1.35351,1.35341,98
2016-11-15 04:20:00,2016-11-15 04:21:00,1.35323,1.35322,1.35327,1.35319,1.35349,1.35348,1.35353,1.35345,98
2016-11-15 04:21:00,2016-11-15 04:22:00,1.35322,1.35328,1.35328,1.35322,1.35348,1.35352,1.35352,1.35347,58
2016-11-15 04:22:00,2016-11-15 04:23:00,1.35328,1.35349,1.35353,1.35327,1.35352,1.35375,1.35377,1.35353,104
2016-11-15 04:23:00,2016-11-15 04:24:00,1.35349,1.35352,1.35354,1.35347,1.35375,1.35377,1.35381,1.35373,41
2016-11-15 04:24:00,2016-11-15 04:25:00,1.35352,1.35343,1.35363,1.35338,1.35377,1.35366,1.35386,1.35364,128
2016-11-15 04:25:00,2016-11-15 04:26:00,1.35343,1.35346,1.35353,1.35331,1.35366,1.35374,1.35377,1.35356,219
2016-11-15 04:26:00,2016-11-15 04:27:00,1.35346,1.35349,1.35356,1.35337,1.35374,1.35375,1.35382,1.35363,154
2016-11-15 04:27:00,2016-11-15 04:28:00,1.35349,1.35348,1.35353,1.35341,1.35375,1.35373,1.35378,1.35367,127
2016-11-15 04:28:00,2016-11-15 04:29:00,1.35348,1.35356,1.35359,1.3534,1.35373,1.35381,1.35384,1.35366,79
2016-11-15 04:29:00,2016-11-15 04:30:00,1.35356,1.35366,1.35375,1.35349,1.35381,1.35392,1.35397,1.35375,136
2016-11-15 04:30:00,2016-11-15 04:31:00,1.35366,1.35364,1.35366,1.3536,1.35392,1.3539,1.35391,1.35384,52
2016-11-15 04:31:00,2016-11-15 04:32:00,1.35364,1.35363,1.35365,1.35361,1.3539,1.3539,1.3539,1.35388,27
2016-11-15 04:32:00,2016-11-15 04:33:00,1.35363,1.35358,1.35365,1.35354,1.3539,1.35384,1.35391,1.35381,114
2016-11-15 04:33:00,2016-11-15 04:34:00,1.35358,1.35368,1.35368,1.35352,1.35384,1.35394,1.35394,1.35379,132
2016-11-15 04:34:00,2016-11-15 04:35:00,1.35368,1.35378,1.35387,1.35369,1.35394,1.35404,1.35413,1.35394,234
2016-11-15 04:35:00,2016-11-15 04:36:00,1.35378,1.35398,1.35399,1.35375,1.35404,1.35424,1.35424,1.35402,214
2016-11-15 04:36:00,2016-11-15 04:37:00,1.35398,1.35395,1.35401,1.35393,1.35424,1.35421,1.35428,1.35418,88
2016-11-15 04:37:00,2016-11-15 04:38:00,1.35395,1.35402,1.35402,1.35386,1.35421,1.35427,1.35428,1.35411,123
2016-11-15 04:38:00,2016-11-15 04:39:00,1.35402,1.35409,1.35411,1.35397,1.35427,1.35431,1.35433,1.35422,121
2016-11-15 04:39:00,2016-11-15 04:40:00,1.35409,1.35407,1.35421,1.35405,1.35431,1.35431,1.35443,1.35429,170
2016-11-15 04:40:00,2016-11-15 04:41:00,1.35407,1.35412,1.35414,1.35405,1.35431,1.35437,1.3544,1.35429,253
2016-11-15 04:41:00,2016-11-15 04:42:00,1.35412,1.35416,1.35417,1.3541,1.35437,1.35441,1.35442,1.35435,201
2016-11-15 04:42:00,2016-11-15 04:43:00,1.35416,1.35414,1.35418,1.35412,1.35441,1.35438,1.35442,1.35437,160
2016-11-15 04:43:00,2016-11-15 04:44:00,1.35414,1.35418,1.35418,1.35414,1.35438,1.35442,1.35443,1.35437,57
2016-11-15 04:44:00,2016-11-15 04:45:00,1.35418,1.35412,1.35418,1.35406,1.35442,1.35436,1.35442,1.3543,264
2016-11-15 04:45:00,2016-11-15 04:46:00,1.35412,1.35411,1.35418,1.35407,1.35436,1.35434,1.35442,1.35431,217
2016-11-15 04:46:00,2016-11-15 04:47:00,1.35411,1.35416,1.35417,1.35404,1.35434,1.3544,1.35441,1.35426,177
2016-11-15 04:47:00,2016-11-15 04:48:00,1.35416,1.3541,1.35418,1.35406,1.3544,1.35436,1.35441,1.35429,186
2016-11-15 04:48:00,2016-11-15 04:49:00,1.3541,1.35411,1.35416,1.35406,1.35436,1.35431,1.3544,1.35431,88
2016-11-15 04:49:00,2016-11-15 04:50:00,1.35411,1.35408,1.35415,1.35407,1.35431,1.35432,1.35436,1.3543,206
2016-11-15 04:50:00,2016-11-15 04:51:00,1.35408,1.3541,1.35414,1.35405,1.35432,1.35436,1.3544,1.3543,130
2016-11-15 04:51:00,2016-11-15 04:52:00,1.3541,1.3541,1.35416,1.35407,1.35436,1.35437,1.35442,1.35434,72
2016-11-15 04:52:00,2016-11-15 04:53:00,1.3541,1.35407,1.35419,1.35403,1.35437,1.35431,1.35442,1.35427,297
2016-11-15 04:53:00,2016-11-15 04:54:00,1.35407,1.35394,1.35418,1.35394,1.35431,1.35422,1.35441,1.35422,254
2016-11-15 04:54:00,2016-11-15 04:55:00,1.35394,1.35405,1.35406,1.35394,1.35422,1.35429,1.35431,1.35422,107
2016-11-15 04:55:00,2016-11-15 04:56:00,1.35405,1.35403,1.35406,1.35395,1.35429,1.35427,1.35431,1.35417,159
2016-11-15 04:56:00,2016-11-15 04:57:00,1.35403,1.35395,1.35405,1.35394,1.35427,1.35421,1.3543,1.35418,108
2016-11-15 04:57:00,2016-11-15 04:58:00,1.35395,1.35408,1.35408,1.35392,1.35421,1.35431,1.35432,1.35416,77
2016-11-15 04:58:00,2016-11-15 04:59:00,1.35408,1.35404,1.35409,1.354,1.35431,1.35429,1.35435,1.35425,131
2016-11-15 04:59:00,2016-11-15 05:00:00,1.35404,1.35403,1.35409,1.35401,1.35429,1.35427,1.35431,1.35426,133
2016-11-15 05:00:00,2016-11-15 05:01:00,1.35403,1.35393,1.35404,1.35392,1.35427,1.35421,1.35428,1.35417,84
2016-11-15 05:01:00,2016-11-15 05:02:00,1.35393,1.3538,1.35392,1.35377,1.35421,1.35404,1.35421,1.354,155
2016-11-15 05:02:00,2016-11-15 05:03:00,1.3538,1.35354,1.35385,1.35353,1.35404,1.3538,1.35413,1.35379,161
2016-11-15 05:03:00,2016-11-15 05:04:00,1.35354,1.35361,1.35364,1.35353,1.3538,1.35386,1.35387,1.35379,115
2016-11-15 05:04:00,2016-11-15 05:05:00,1.35361,1.35366,1.35374,1.3536,1.35386,1.35392,1.354,1.35385,89
2016-11-15 05:05:00,2016-11-15 05:06:00,1.35366,1.35365,1.35368,1.35364,1.35392,1.35392,1.35393,1.35391,20
2016-11-15 05:06:00,2016-11-15 05:07:00,1.35365,1.35345,1.35364,1.35345,1.35392,1.35368,1.35392,1.35366,108
2016-11-15 05:07:00,2016-11-15 05:08:00,1.35345,1.35337,1.3535,1.35335,1.35368,1.35359,1.35372,1.35355,96
2016-11-15 05:08:00,2016-11-15 05:09:00,1.35337,1.35345,1.35345,1.35335,1.35359,1.35365,1.35365,1.35355,66
2016-11-15 05:09:00,2016-11-15 05:10:00,1.35345,1.35349,1.35354,1.35343,1.35365,1.35372,1.35378,1.35365,83
2016-11-15 05:10:00,2016-11-15 05:11:00,1.35349,1.35339,1.35353,1.35339,1.35372,1.35365,1.35375,1.35364,85
2016-11-15 05:11:00,2016-11-15 05:12:00,1.35339,1.35328,1.35339,1.35326,1.35365,1.35354,1.35365,1.3535,88
2016-11-15 05:12:00,2016-11-15 05:13:00,1.35328,1.35333,1.35334,1.35326,1.35354,1.35359,1.3536,1.3535,51
2016-11-15 05:13:00,2016-11-15 05:14:00,1.35333,1.35345,1.3535,1.35329,1.35359,1.35371,1.35375,1.35355,154
2016-11-15 05:14:00,2016-11-15 05:15:00,1.35345,1.35351,1.35353,1.3534,1.35371,1.35376,1.35378,1.35367,131
2016-11-15 05:15:00,2016-11-15 05:16:00,1.35351,1.35334,1.35354,1.35331,1.35376,1.35359,1.35378,1.35358,125
2016-11-15 05:16:00,2016-11-15 05:17:00,1.35334,1.35331,1.35347,1.35324,1.35359,1.35355,1.3537,1.35349,163
2016-11-15 05:17:00,2016-11-15 05:18:00,1.35331,1.35341,1.35358,1.35331,1.35355,1.35368,1.35382,1.35356,244
2016-11-15 05:18:00,2016-11-15 05:19:00,1.35341,1.35329,1.35346,1.35328,1.35368,1.35356,1.35372,1.35356,57
2016-11-15 05:19:00,2016-11-15 05:20:00,1.35329,1.35331,1.3534,1.35328,1.35356,1.35357,1.35364,1.35356,49
2016-11-15 05:20:00,2016-11-15 05:21:00,1.35331,1.35341,1.35346,1.35324,1.35357,1.35368,1.3537,1.35349,148
2016-11-15 05:21:00,2016-11-15 05:22:00,1.35341,1.35342,1.35353,1.35341,1.35368,1.35369,1.35376,1.35366,139
2016-11-15 05:22:00,2016-11-15 05:23:00,1.35342,1.35352,1.35359,1.35341,1.35369,1.35377,1.35383,1.35367,136
2016-11-15 05:23:00,2016-11-15 05:24:00,1.35352,1.35364,1.35367,1.35353,1.35377,1.35389,1.3539,1.35377,98
2016-11-15 05:24:00,2016-11-15 05:25:00,1.35364,1.35359,1.35365,1.35357,1.35389,1.35384,1.35389,1.35381,136
2016-11-15 05:25:00,2016-11-15 05:26:00,1.35359,1.35359,1.35361,1.35357,1.35384,1.35385,1.35386,1.35384,29
2016-11-15 05:26:00,2016-11-15 05:27:00,1.35359,1.35358,1.35362,1.35347,1.35385,1.35384,1.35386,1.35371,135
2016-11-15 05:27:00,2016-11-15 05:28:00,1.35358,1.35368,1.35369,1.3535,1.35384,1.35394,1.35394,1.35375,70
2016-11-15 05:28:00,2016-11-15 05:29:00,1.35368,1.35358,1.35369,1.35358,1.35394,1.35385,1.35394,1.35383,38
2016-11-15 05:29:00,2016-11-15 05:30:00,1.35358,1.35352,1.35367,1.35349,1.35385,1.35376,1.35393,1.35373,236
2016-11-15 05:30:00,2016-11-15 05:31:00,1.35352,1.35359,1.35366,1.35347,1.35376,1.35385,1.35389,1.35372,183
2016-11-15 05:31:00,2016-11-15 05:32:00,1.35359,1.35359,1.35361,1.35357,1.35385,1.35386,1.35387,1.35384,51
2016-11-15 05:32:00,2016-11-15 05:33:00,1.35359,1.35371,1.35371,1.35357,1.35386,1.35396,1.35397,1.35385,103
2016-11-15 05:33:00,2016-11-15 05:34:00,1.35371,1.3538,1.35383,1.35368,1.35396,1.35404,1.35406,1.35394,102
2016-11-15 05:34:00,2016-11-15 05:35:00,1.3538,1.3538,1.35388,1.35378,1.35404,1.35405,1.35411,1.35403,87
2016-11-15 05:35:00,2016-11-15 05:36:00,1.3538,1.35383,1.35385,1.35377,1.35405,1.35405,1.35408,1.35405,32
2016-11-15 05:36:00,2016-11-15 05:37:00,1.35383,1.3538,1.35385,1.3538,1.35405,1.35405,1.35409,1.35402,81
2016-11-15 05:37:00,2016-11-15 05:38:00,1.3538,1.35389,1.35391,1.35381,1.35405,1.35412,1.35414,1.35404,79
2016-11-15 05:38:00,2016-11-15 05:39:00,1.35389,1.35387,1.35392,1.35385,1.35412,1.3541,1.35415,1.35407,137
2016-11-15 05:39:00,2016-11-15 05:40:00,1.35387,1.35391,1.35392,1.35385,1.3541,1.35416,1.35417,1.35408,146
2016-11-15 05:40:00,2016-11-15 05:41:00,1.35391,1.3539,1.35392,1.3539,1.35416,1.35417,1.35417,1.35414,29
2016-11-15 05:41:00,2016-11-15 05:42:00,1.3539,1.35399,1.35401,1.35391,1.35417,1.35424,1.35425,1.35417,127
2016-11-15 05:42:00,2016-11-15 05:43:00,1.35399,1.35402,1.35403,1.35397,1.35424,1.35426,1.35426,1.35422,43
2016-11-15 05:43:00,2016-11-15 05:44:00,1.35402,1.35411,1.35411,1.35394,1.35426,1.35433,1.35433,1.35419,98
2016-11-15 05:44:00,2016-11-15 05:45:00,1.35411,1.3541,1.35412,1.35404,1.35433,1.35434,1.35434,1.35427,77
2016-11-15 05:45:00,2016-11-15 05:46:00,1.3541,1.35416,1.35417,1.3541,1.35434,1.3544,1.35441,1.35433,125
2016-11-15 05:46:00,2016-11-15 05:47:00,1.35416,1.35418,1.35418,1.35413,1.3544,1.35442,1.35442,1.35435,60
2016-11-15 05:47:00,2016-11-15 05:48:00,1.35418,1.35426,1.35429,1.35415,1.35442,1.35448,1.35452,1.35439,117
2016-11-15 05:48:00,2016-11-15 05:49:00,1.35426,1.35434,1.35445,1.35423,1.35448,1.35459,1.35469,1.35447,306
2016-11-15 05:49:00,2016-11-15 05:50:00,1.35434,1.35433,1.35438,1.35422,1.35459,1.35458,1.35463,1.35446,193
2016-11-15 05:50:00,2016-11-15 05:51:00,1.35433,1.35445,1.35449,1.35431,1.35458,1.35467,1.35471,1.35456,226
2016-11-15 05:51:00,2016-11-15 05:52:00,1.35445,1.35459,1.35464,1.35442,1.35467,1.3548,1.35488,1.35465,328
2016-11-15 05:52:00,2016-11-15 05:53:00,1.35459,1.35469,1.35473,1.35451,1.3548,1.35495,1.35498,1.35475,412
2016-11-15 05:53:00,2016-11-15 05:54:00,1.35469,1.35449,1.35477,1.35449,1.35495,1.35476,1.35501,1.35474,168
2016-11-15 05:54:00,2016-11-15 05:55:00,1.35449,1.35454,1.35459,1.35442,1.35476,1.35481,1.35485,1.35467,187
2016-11-15 05:55:00,2016-11-15 05:56:00,1.35454,1.3545,1.35459,1.35449,1.35481,1.35478,1.35485,1.35476,117
2016-11-15 05:56:00,2016-11-15 05:57:00,1.3545,1.35459,1.3546,1.35449,1.35478,1.35487,1.35488,1.35472,265
2016-11-15 05:57:00,2016-11-15 05:58:00,1.35459,1.35457,1.35465,1.35448,1.35487,1.35483,1.3549,1.35474,248
2016-11-15 05:58:00,2016-11-15 05:59:00,1.35457,1.35469,1.35472,1.35448,1.35483,1.35494,1.35497,1.35475,269
2016-11-15 05:59:00,2016-11-15 06:00:00,1.35469,1.35447,1.3547,1.35442,1.35494,1.35474,1.35494,1.35468,237
2016-11-15 06:00:00,2016-11-15 06:01:00,1.35447,1.35442,1.35455,1.35436,1.35474,1.35467,1.35478,1.35461,117
2016-11-15 06:01:00,2016-11-15 06:02:00,1.35442,1.3544,1.35445,1.35437,1.35467,1.35466,1.35469,1.35463,159
2016-11-15 06:02:00,2016-11-15 06:03:00,1.3544,1.35461,1.35465,1.35438,1.35466,1.35484,1.3549,1.35464,228
2016-11-15 06:03:00,2016-11-15 06:04:00,1.35461,1.35452,1.35461,1.3545,1.35484,1.35475,1.35484,1.35473,129
2016-11-15 06:04:00,2016-11-15 06:05:00,1.35452,1.35439,1.3545,1.35437,1.35475,1.35464,1.35476,1.35461,246
2016-11-15 06:05:00,2016-11-15 06:06:00,1.35439,1.35438,1.35445,1.35433,1.35464,1.35464,1.35468,1.35458,112
2016-11-15 06:06:00,2016-11-15 06:07:00,1.35438,1.35421,1.35438,1.35416,1.35464,1.35444,1.35463,1.35442,200
2016-11-15 06:07:00,2016-11-15 06:08:00,1.35421,1.35414,1.35427,1.35414,1.35444,1.35438,1.3545,1.35438,160
2016-11-15 06:08:00,2016-11-15 06:09:00,1.35414,1.35411,1.35415,1.35397,1.35438,1.35433,1.35439,1.3542,289
2016-11-15 06:09:00,2016-11-15 06:10:00,1.35411,1.3543,1.35431,1.35397,1.35433,1.35453,1.35453,1.35422,164
2016-11-15 06:10:00,2016-11-15 06:11:00,1.3543,1.35426,1.35446,1.35423,1.35453,1.35451,1.3547,1.35448,448
2016-11-15 06:11:00,2016-11-15 06:12:00,1.35426,1.35425,1.35428,1.35416,1.35451,1.3545,1.35452,1.35441,385
2016-11-15 06:12:00,2016-11-15 06:13:00,1.35425,1.35452,1.35465,1.35424,1.3545,1.35476,1.35485,1.35446,342
2016-11-15 06:13:00,2016-11-15 06:14:00,1.35452,1.35421,1.35451,1.35418,1.35476,1.35446,1.35476,1.35444,257
2016-11-15 06:14:00,2016-11-15 06:15:00,1.35421,1.35412,1.35422,1.35408,1.35446,1.35437,1.35447,1.35434,119
2016-11-15 06:15:00,2016-11-15 06:16:00,1.35412,1.354,1.35414,1.35397,1.35437,1.35424,1.35438,1.35421,98
2016-11-15 06:16:00,2016-11-15 06:17:00,1.354,1.35424,1.35436,1.35399,1.35424,1.35447,1.3546,1.35424,242
2016-11-15 06:17:00,2016-11-15 06:18:00,1.35424,1.35403,1.35423,1.35402,1.35447,1.35427,1.35447,1.35425,257
2016-11-15 06:18:00,2016-11-15 06:19:00,1.35403,1.35382,1.35404,1.35378,1.35427,1.35406,1.35428,1.354,237
2016-11-15 06:19:00,2016-11-15 06:20:00,1.35382,1.35382,1.35387,1.35381,1.35406,1.35406,1.35411,1.35404,120
2016-11-15 06:20:00,2016-11-15 06:21:00,1.35382,1.35371,1.35384,1.35364,1.35406,1.35393,1.35408,1.35388,244
2016-11-15 06:21:00,2016-11-15 06:22:00,1.35371,1.35353,1.35372,1.35352,1.35393,1.35379,1.35396,1.35376,266
2016-11-15 06:22:00,2016-11-15 06:23:00,1.35353,1.35363,1.35363,1.35353,1.35379,1.35387,1.35387,1.35379,86
2016-11-15 06:23:00,2016-11-15 06:24:00,1.35363,1.35358,1.35363,1.35356,1.35387,1.35383,1.35387,1.35379,114
2016-11-15 06:24:00,2016-11-15 06:25:00,1.35358,1.35354,1.35361,1.35353,1.35383,1.35379,1.35384,1.35377,106
2016-11-15 06:25:00,2016-11-15 06:26:00,1.35354,1.35354,1.35357,1.3535,1.35379,1.35375,1.35382,1.35375,104
2016-11-15 06:26:00,2016-11-15 06:27:00,1.35354,1.3535,1.35355,1.3535,1.35375,1.35375,1.35377,1.35375,41
2016-11-15 06:27:00,2016-11-15 06:28:00,1.3535,1.35346,1.35352,1.35342,1.35375,1.35369,1.35376,1.35367,110
2016-11-15 06:28:00,2016-11-15 06:29:00,1.35346,1.35357,1.35363,1.35341,1.35369,1.35379,1.35387,1.35366,158
2016-11-15 06:29:00,2016-11-15 06:30:00,1.35357,1.35343,1.35357,1.35338,1.35379,1.35365,1.35378,1.35358,90
2016-11-15 06:30:00,2016-11-15 06:31:00,1.35343,1.35333,1.35344,1.35333,1.35365,1.35355,1.35366,1.35354,59
2016-11-15 06:31:00,2016-11-15 06:32:00,1.35333,1.3533,1.35351,1.35325,1.35355,1.35354,1.35377,1.3535,257
2016-11-15 06:32:00,2016-11-15 06:33:00,1.3533,1.35323,1.35335,1.3532,1.35354,1.35348,1.35359,1.35345,202
2016-11-15 06:33:00,2016-11-15 06:34:00,1.35323,1.35322,1.35326,1.35317,1.35348,1.35346,1.3535,1.3534,176
2016-11-15 06:34:00,2016-11-15 06:35:00,1.35322,1.35327,1.3533,1.3532,1.35346,1.35348,1.35352,1.35345,64
2016-11-15 06:35:00,2016-11-15 06:36:00,1.35327,1.35327,1.35329,1.35325,1.35348,1.35351,1.35352,1.35348,36
2016-11-15 06:36:00,2016-11-15 06:37:00,1.35327,1.35335,1.3534,1.35319,1.35351,1.35359,1.35362,1.35344,99
2016-11-15 06:37:00,2016-11-15 06:38:00,1.35335,1.35334,1.35336,1.35331,1.35359,1.35357,1.35359,1.35356,36
2016-11-15 06:38:00,2016-11-15 06:39:00,1.35334,1.35334,1.35345,1.35332,1.35357,1.35358,1.35368,1.35357,126
2016-11-15 06:39:00,2016-11-15 06:40:00,1.35334,1.3533,1.35336,1.35325,1.35358,1.35353,1.3536,1.35348,61
2016-11-15 06:40:00,2016-11-15 06:41:00,1.3533,1.35327,1.3533,1.35321,1.35353,1.3535,1.35353,1.35346,148
2016-11-15 06:41:00,2016-11-15 06:42:00,1.35327,1.35327,1.35328,1.35321,1.3535,1.3535,1.35351,1.35345,93
2016-11-15 06:42:00,2016-11-15 06:43:00,1.35327,1.35325,1.35328,1.35321,1.3535,1.3535,1.35351,1.35345,113
2016-11-15 06:43:00,2016-11-15 06:44:00,1.35325,1.35326,1.35326,1.35321,1.3535,1.35349,1.35351,1.35346,57
2016-11-15 06:44:00,2016-11-15 06:45:00,1.35326,1.35328,1.35329,1.35325,1.35349,1.35347,1.35351,1.35347,79
2016-11-15 06:45:00,2016-11-15 06:46:00,1.35328,1.35341,1.35346,1.3532,1.35347,1.35363,1.35367,1.35342,223
2016-11-15 06:46:00,2016-11-15 06:47:00,1.35341,1.35362,1.35363,1.3534,1.35363,1.35386,1.35388,1.35362,220
2016-11-15 06:47:00,2016-11-15 06:48:00,1.35362,1.35358,1.35368,1.35349,1.35386,1.35382,1.35393,1.35376,388
2016-11-15 06:48:00,2016-11-15 06:49:00,1.35358,1.35358,1.35361,1.35351,1.35382,1.35383,1.35387,1.35375,190
2016-11-15 06:49:00,2016-11-15 06:50:00,1.35358,1.35361,1.35361,1.35351,1.35383,1.35386,1.35387,1.35376,219
2016-11-15 06:50:00,2016-11-15 06:51:00,1.35361,1.35358,1.35363,1.35357,1.35386,1.35383,1.35389,1.35382,135
2016-11-15 06:51:00,2016-11-15 06:52:00,1.35358,1.3536,1.35362,1.35358,1.35383,1.35385,1.35388,1.35384,98
2016-11-15 06:52:00,2016-11-15 06:53:00,1.3536,1.3535,1.3536,1.35348,1.35385,1.35375,1.35385,1.35374,180
2016-11-15 06:53:00,2016-11-15 06:54:00,1.3535,1.35339,1.35351,1.35329,1.35375,1.35364,1.35377,1.35356,198
2016-11-15 06:54:00,2016-11-15 06:55:00,1.35339,1.35332,1.35341,1.35331,1.35364,1.35357,1.35367,1.35356,255
2016-11-15 06:55:00,2016-11-15 06:56:00,1.35332,1.35315,1.35336,1.35314,1.35357,1.35339,1.3536,1.35339,111
2016-11-15 06:56:00,2016-11-15 06:57:00,1.35315,1.35317,1.3532,1.35313,1.35339,1.35342,1.35344,1.35337,227
2016-11-15 06:57:00,2016-11-15 06:58:00,1.35317,1.35318,1.35319,1.35316,1.35342,1.35343,1.35343,1.35341,66
2016-11-15 06:58:00,2016-11-15 06:59:00,1.35318,1.35325,1.35326,1.35316,1.35343,1.35354,1.35355,1.35341,145
2016-11-15 06:59:00,2016-11-15 07:00:00,1.35325,1.35324,1.3534,1.35323,1.35354,1.35349,1.35367,1.35348,223
2016-11-15 07:00:00,2016-11-15 07:01:00,1.35324,1.35351,1.35361,1.35325,1.35349,1.35376,1.35386,1.3535,203
2016-11-15 07:01:00,2016-11-15 07:02:00,1.35351,1.35355,1.35365,1.3535,1.35376,1.35381,1.35391,1.35374,170
2016-11-15 07:02:00,2016-11-15 07:03:00,1.35355,1.3536,1.35365,1.35341,1.35381,1.35384,1.3539,1.35364,261
2016-11-15 07:03:00,2016-11-15 07:04:00,1.3536,1.35342,1.3536,1.35339,1.35384,1.35368,1.35384,1.35364,310
2016-11-15 07:04:00,2016-11-15 07:05:00,1.35342,1.35339,1.35343,1.35325,1.35368,1.35365,1.35369,1.3535,359
2016-11-15 07:05:00,2016-11-15 07:06:00,1.35339,1.3532,1.35339,1.35311,1.35365,1.35344,1.35364,1.35334,532
2016-11-15 07:06:00,2016-11-15 07:07:00,1.3532,1.35254,1.35323,1.35252,1.35344,1.35276,1.35348,1.35274,935
2016-11-15 07:07:00,2016-11-15 07:08:00,1.35254,1.35251,1.35266,1.35221,1.35276,1.35275,1.35291,1.35244,836
2016-11-15 07:08:00,2016-11-15 07:09:00,1.35251,1.35252,1.35269,1.35244,1.35275,1.35274,1.35295,1.35266,398
2016-11-15 07:09:00,2016-11-15 07:10:00,1.35252,1.35242,1.35265,1.35232,1.35274,1.35266,1.35289,1.35257,431
2016-11-15 07:10:00,2016-11-15 07:11:00,1.35242,1.35237,1.35251,1.35232,1.35266,1.35263,1.35276,1.35255,601
2016-11-15 07:11:00,2016-11-15 07:12:00,1.35237,1.35245,1.3525,1.35225,1.35263,1.35268,1.35273,1.35248,702
2016-11-15 07:12:00,2016-11-15 07:13:00,1.35245,1.3521,1.35244,1.35208,1.35268,1.35234,1.35267,1.3523,516
2016-11-15 07:13:00,2016-11-15 07:14:00,1.3521,1.35156,1.35211,1.35149,1.35234,1.3518,1.35235,1.35173,697
2016-11-15 07:14:00,2016-11-15 07:15:00,1.35156,1.35176,1.35188,1.35147,1.3518,1.35203,1.35213,1.35169,343
2016-11-15 07:15:00,2016-11-15 07:16:00,1.35176,1.35159,1.35185,1.35156,1.35203,1.35186,1.35209,1.3518,423
2016-11-15 07:16:00,2016-11-15 07:17:00,1.35159,1.35169,1.35189,1.3516,1.35186,1.35195,1.35215,1.35186,495
2016-11-15 07:17:00,2016-11-15 07:18:00,1.35169,1.35148,1.3517,1.35143,1.35195,1.3517,1.35194,1.35167,519
2016-11-15 07:18:00,2016-11-15 07:19:00,1.35148,1.35117,1.35149,1.35107,1.3517,1.35142,1.35171,1.35132,668
2016-11-15 07:19:00,2016-11-15 07:20:00,1.35117,1.35123,1.35141,1.35116,1.35142,1.35148,1.3516,1.35141,374
2016-11-15 07:20:00,2016-11-15 07:21:00,1.35123,1.35144,1.35151,1.35119,1.35148,1.35168,1.35175,1.35144,322
2016-11-15 07:21:00,2016-11-15 07:22:00,1.35144,1.35161,1.35169,1.35144,1.35168,1.35184,1.35189,1.35168,594
2016-11-15 07:22:00,2016-11-15 07:23:00,1.35161,1.35135,1.35164,1.3513,1.35184,1.35156,1.35186,1.35153,187
2016-11-15 07:23:00,2016-11-15 07:24:00,1.35135,1.35123,1.35139,1.35117,1.35156,1.35145,1.35159,1.35141,267
2016-11-15 07:24:00,2016-11-15 07:25:00,1.35123,1.35131,1.35134,1.35108,1.35145,1.35155,1.35157,1.35132,255
2016-11-15 07:25:00,2016-11-15 07:26:00,1.35131,1.35105,1.35132,1.35099,1.35155,1.35127,1.35155,1.35121,361
2016-11-15 07:26:00,2016-11-15 07:27:00,1.35105,1.35103,1.35116,1.351,1.35127,1.35127,1.35138,1.35124,295
2016-11-15 07:27:00,2016-11-15 07:28:00,1.35103,1.35114,1.3512,1.35093,1.35127,1.35139,1.35144,1.35116,319
2016-11-15 07:28:00,2016-11-15 07:29:00,1.35114,1.35117,1.35119,1.35107,1.35139,1.3514,1.35141,1.35127,246
2016-11-15 07:29:00,2016-11-15 07:30:00,1.35117,1.35132,1.35148,1.35116,1.3514,1.35156,1.35172,1.35139,235
2016-11-15 07:30:00,2016-11-15 07:31:00,1.35132,1.35113,1.35134,1.35111,1.35156,1.35136,1.35156,1.35135,197
2016-11-15 07:31:00,2016-11-15 07:32:00,1.35113,1.35116,1.35119,1.35113,1.35136,1.35139,1.35141,1.35136,67
2016-11-15 07:32:00,2016-11-15 07:33:00,1.35116,1.35125,1.35132,1.35115,1.35139,1.35149,1.35157,1.35138,295
2016-11-15 07:33:00,2016-11-15 07:34:00,1.35125,1.35141,1.35144,1.35116,1.35149,1.35165,1.35167,1.35141,239
2016-11-15 07:34:00,2016-11-15 07:35:00,1.35141,1.35114,1.35142,1.35103,1.35165,1.35135,1.35165,1.35124,418
2016-11-15 07:35:00,2016-11-15 07:36:00,1.35114,1.35123,1.35124,1.35106,1.35135,1.35145,1.35147,1.35129,312
2016-11-15 07:36:00,2016-11-15 07:37:00,1.35123,1.35121,1.35137,1.35119,1.35145,1.35145,1.35161,1.3514,446
2016-11-15 07:37:00,2016-11-15 07:38:00,1.35121,1.3514,1.35153,1.3512,1.35145,1.35164,1.35176,1.35144,439
2016-11-15 07:38:00,2016-11-15 07:39:00,1.3514,1.3514,1.35147,1.35122,1.35164,1.35164,1.35168,1.35144,291
2016-11-15 07:39:00,2016-11-15 07:40:00,1.3514,1.35113,1.35142,1.35113,1.35164,1.35133,1.35165,1.35132,202
2016-11-15 07:40:00,2016-11-15 07:41:00,1.35113,1.35124,1.35132,1.35108,1.35133,1.35146,1.35154,1.35131,518
2016-11-15 07:41:00,2016-11-15 07:42:00,1.35124,1.35129,1.35134,1.35099,1.35146,1.35149,1.35155,1.3512,591
2016-11-15 07:42:00,2016-11-15 07:43:00,1.35129,1.3515,1.35162,1.35127,1.35149,1.35174,1.35186,1.35146,447
2016-11-15 07:43:00,2016-11-15 07:44:00,1.3515,1.35143,1.35153,1.35134,1.35174,1.35167,1.35176,1.35158,326
2016-11-15 07:44:00,2016-11-15 07:45:00,1.35143,1.35131,1.35153,1.35126,1.35167,1.35154,1.35177,1.3515,269
2016-11-15 07:45:00,2016-11-15 07:46:00,1.35131,1.35125,1.35137,1.35122,1.35154,1.35148,1.35158,1.35146,179
2016-11-15 07:46:00,2016-11-15 07:47:00,1.35125,1.35119,1.35135,1.35113,1.35148,1.35142,1.35158,1.35136,310
2016-11-15 07:47:00,2016-11-15 07:48:00,1.35119,1.35133,1.3514,1.35118,1.35142,1.35155,1.35164,1.35143,342
2016-11-15 07:48:00,2016-11-15 07:49:00,1.35133,1.35105,1.35132,1.35103,1.35155,1.35127,1.35156,1.35127,316
2016-11-15 07:49:00,2016-11-15 07:50:00,1.35105,1.3512,1.3512,1.351,1.35127,1.3514,1.35141,1.35124,277
2016-11-15 07:50:00,2016-11-15 07:51:00,1.3512,1.35128,1.35142,1.35116,1.3514,1.35152,1.35166,1.35139,360
2016-11-15 07:51:00,2016-11-15 07:52:00,1.35128,1.35139,1.35143,1.3512,1.35152,1.35163,1.35168,1.35144,224
2016-11-15 07:52:00,2016-11-15 07:53:00,1.35139,1.35149,1.3515,1.35131,1.35163,1.35173,1.35174,1.35156,204
2016-11-15 07:53:00,2016-11-15 07:54:00,1.35149,1.35139,1.35154,1.35135,1.35173,1.35163,1.35178,1.3516,180
2016-11-15 07:54:00,2016-11-15 07:55:00,1.35139,1.35131,1.35153,1.35129,1.35163,1.35156,1.35178,1.35154,258
2016-11-15 07:55:00,2016-11-15 07:56:00,1.35131,1.35131,1.35143,1.35111,1.35156,1.35155,1.35168,1.35136,321
2016-11-15 07:56:00,2016-11-15 07:57:00,1.35131,1.35138,1.35145,1.35122,1.35155,1.35162,1.35166,1.35146,267
2016-11-15 07:57:00,2016-11-15 07:58:00,1.35138,1.35108,1.35142,1.35107,1.35162,1.35131,1.35165,1.35131,446
2016-11-15 07:58:00,2016-11-15 07:59:00,1.35108,1.35122,1.35145,1.35106,1.35131,1.35142,1.35167,1.3513,361
2016-11-15 07:59:00,2016-11-15 08:00:00,1.35122,1.35185,1.35203,1.35121,1.35142,1.35207,1.35225,1.35146,808
2016-11-15 08:00:00,2016-11-15 08:01:00,1.35185,1.35149,1.35195,1.35137,1.35207,1.35172,1.35219,1.35159,565
2016-11-15 08:01:00,2016-11-15 08:02:00,1.35149,1.35101,1.3515,1.351,1.35172,1.35123,1.3517,1.35122,444
2016-11-15 08:02:00,2016-11-15 08:03:00,1.35101,1.35106,1.35117,1.3509,1.35123,1.3513,1.35139,1.35112,306
2016-11-15 08:03:00,2016-11-15 08:04:00,1.35106,1.35105,1.35109,1.3508,1.3513,1.35124,1.35131,1.35105,445
2016-11-15 08:04:00,2016-11-15 08:05:00,1.35105,1.35083,1.35118,1.35082,1.35124,1.35104,1.35137,1.35103,305
2016-11-15 08:05:00,2016-11-15 08:06:00,1.35083,1.35058,1.35083,1.35053,1.35104,1.3508,1.35104,1.35076,431
2016-11-15 08:06:00,2016-11-15 08:07:00,1.35058,1.3506,1.35084,1.35058,1.3508,1.35081,1.35104,1.3508,809
2016-11-15 08:07:00,2016-11-15 08:08:00,1.3506,1.35086,1.35093,1.35052,1.35081,1.35109,1.35116,1.35074,469
2016-11-15 08:08:00,2016-11-15 08:09:00,1.35086,1.35063,1.3511,1.35058,1.35109,1.35087,1.35131,1.3508,571
2016-11-15 08:09:00,2016-11-15 08:10:00,1.35063,1.35064,1.35087,1.35063,1.35087,1.35088,1.3511,1.35086,357
2016-11-15 08:10:00,2016-11-15 08:11:00,1.35064,1.35068,1.35085,1.35064,1.35088,1.35093,1.3511,1.35087,338
2016-11-15 08:11:00,2016-11-15 08:12:00,1.35068,1.35056,1.35071,1.35051,1.35093,1.3508,1.35093,1.35074,326
2016-11-15 08:12:00,2016-11-15 08:13:00,1.35056,1.35048,1.3507,1.35047,1.3508,1.35068,1.35092,1.35065,278
2016-11-15 08:13:00,2016-11-15 08:14:00,1.35048,1.3505,1.35053,1.35039,1.35068,1.35071,1.35073,1.3506,261
2016-11-15 08:14:00,2016-11-15 08:15:00,1.3505,1.35075,1.35082,1.3505,1.35071,1.35098,1.35102,1.3507,657
2016-11-15 08:15:00,2016-11-15 08:16:00,1.35075,1.35042,1.35075,1.3504,1.35098,1.35062,1.35097,1.35061,211
2016-11-15 08:16:00,2016-11-15 08:17:00,1.35042,1.35042,1.35051,1.3504,1.35062,1.35063,1.35071,1.3506,463
2016-11-15 08:17:00,2016-11-15 08:18:00,1.35042,1.35074,1.35076,1.35041,1.35063,1.35098,1.35099,1.35063,406
2016-11-15 08:18:00,2016-11-15 08:19:00,1.35074,1.35062,1.35081,1.35061,1.35098,1.35082,1.35103,1.35082,332
2016-11-15 08:19:00,2016-11-15 08:20:00,1.35062,1.3507,1.35077,1.35054,1.35082,1.35092,1.35101,1.35075,453
2016-11-15 08:20:00,2016-11-15 08:21:00,1.3507,1.351,1.35102,1.35066,1.35092,1.35121,1.35124,1.35089,437
2016-11-15 08:21:00,2016-11-15 08:22:00,1.351,1.35114,1.35118,1.35096,1.35121,1.35134,1.35139,1.35118,407
2016-11-15 08:22:00,2016-11-15 08:23:00,1.35114,1.351,1.35119,1.35089,1.35134,1.35121,1.35139,1.35112,289
2016-11-15 08:23:00,2016-11-15 08:24:00,1.351,1.3509,1.35105,1.35086,1.35121,1.3511,1.35126,1.35107,272
2016-11-15 08:24:00,2016-11-15 08:25:00,1.3509,1.35051,1.35093,1.3505,1.3511,1.35073,1.35114,1.35072,379
2016-11-15 08:25:00,2016-11-15 08:26:00,1.35051,1.35043,1.35068,1.35041,1.35073,1.35064,1.35086,1.35063,332
2016-11-15 08:26:00,2016-11-15 08:27:00,1.35043,1.35044,1.35051,1.3504,1.35064,1.35064,1.3507,1.35062,297
2016-11-15 08:27:00,2016-11-15 08:28:00,1.35044,1.35053,1.35055,1.35038,1.35064,1.35074,1.35076,1.3506,392
2016-11-15 08:28:00,2016-11-15 08:29:00,1.35053,1.3507,1.35077,1.35044,1.35074,1.35094,1.35098,1.35067,477
2016-11-15 08:29:00,2016-11-15 08:30:00,1.3507,1.35063,1.35078,1.35059,1.35094,1.35084,1.35099,1.35082,749
2016-11-15 08:30:00,2016-11-15 08:31:00,1.35063,1.35053,1.35071,1.35043,1.35084,1.35072,1.35091,1.35064,513
2016-11-15 08:31:00,2016-11-15 08:32:00,1.35053,1.35021,1.35055,1.35021,1.35072,1.35042,1.35073,1.35042,483
2016-11-15 08:32:00,2016-11-15 08:33:00,1.35021,1.35011,1.35036,1.3501,1.35042,1.35032,1.35057,1.35029,429
2016-11-15 08:33:00,2016-11-15 08:34:00,1.35011,1.35008,1.35024,1.35008,1.35032,1.3503,1.35044,1.35028,403
2016-11-15 08:34:00,2016-11-15 08:35:00,1.35008,1.35002,1.35025,1.35001,1.3503,1.35024,1.35046,1.35021,433
2016-11-15 08:35:00,2016-11-15 08:36:00,1.35002,1.35012,1.35023,1.34998,1.35024,1.3503,1.35044,1.3502,443
2016-11-15 08:36:00,2016-11-15 08:37:00,1.35012,1.34981,1.35014,1.3496,1.3503,1.35004,1.3503,1.34983,660
2016-11-15 08:37:00,2016-11-15 08:38:00,1.34981,1.34946,1.34982,1.34931,1.35004,1.34971,1.35004,1.34953,729
2016-11-15 08:38:00,2016-11-15 08:39:00,1.34946,1.34902,1.3495,1.34879,1.34971,1.34924,1.34971,1.34904,838
2016-11-15 08:39:00,2016-11-15 08:40:00,1.34902,1.34938,1.34938,1.34896,1.34924,1.34959,1.34961,1.34918,590
2016-11-15 08:40:00,2016-11-15 08:41:00,1.34938,1.34932,1.34944,1.34923,1.34959,1.34956,1.34967,1.34945,425
2016-11-15 08:41:00,2016-11-15 08:42:00,1.34932,1.34958,1.34983,1.34928,1.34956,1.34982,1.35005,1.34951,414
2016-11-15 08:42:00,2016-11-15 08:43:00,1.34958,1.34964,1.3498,1.34941,1.34982,1.34987,1.35004,1.34965,618
2016-11-15 08:43:00,2016-11-15 08:44:00,1.34964,1.34978,1.34999,1.34959,1.34987,1.35001,1.35023,1.34984,486
2016-11-15 08:44:00,2016-11-15 08:45:00,1.34978,1.34993,1.35021,1.34976,1.35001,1.35011,1.3504,1.34999,722
2016-11-15 08:45:00,2016-11-15 08:46:00,1.34993,1.35005,1.35036,1.34983,1.35011,1.35026,1.35056,1.35004,613
2016-11-15 08:46:00,2016-11-15 08:47:00,1.35005,1.34986,1.35021,1.34979,1.35026,1.35007,1.35044,1.35,267
2016-11-15 08:47:00,2016-11-15 08:48:00,1.34986,1.35001,1.35001,1.34982,1.35007,1.35024,1.35024,1.35005,243
2016-11-15 08:48:00,2016-11-15 08:49:00,1.35001,1.35044,1.35044,1.35,1.35024,1.35066,1.35066,1.35023,276
2016-11-15 08:49:00,2016-11-15 08:50:00,1.35044,1.3506,1.35064,1.35033,1.35066,1.35083,1.35086,1.35057,518
2016-11-15 08:50:00,2016-11-15 08:51:00,1.3506,1.35065,1.35081,1.35056,1.35083,1.35088,1.35105,1.35079,392
2016-11-15 08:51:00,2016-11-15 08:52:00,1.35065,1.35051,1.35068,1.35039,1.35088,1.35074,1.35092,1.35063,404
2016-11-15 08:52:00,2016-11-15 08:53:00,1.35051,1.35049,1.3506,1.35044,1.35074,1.35072,1.35083,1.35067,401
2016-11-15 08:53:00,2016-11-15 08:54:00,1.35049,1.35035,1.35054,1.35011,1.35072,1.35057,1.35076,1.35034,491
2016-11-15 08:54:00,2016-11-15 08:55:00,1.35035,1.35043,1.35059,1.35035,1.35057,1.35064,1.35079,1.35057,273
2016-11-15 08:55:00,2016-11-15 08:56:00,1.35043,1.35049,1.35056,1.35023,1.35064,1.35072,1.35078,1.35043,577
2016-11-15 08:56:00,2016-11-15 08:57:00,1.35049,1.35065,1.35075,1.35045,1.35072,1.35088,1.35096,1.35067,454
2016-11-15 08:57:00,2016-11-15 08:58:00,1.35065,1.35075,1.35089,1.35065,1.35088,1.35098,1.35111,1.35087,262
2016-11-15 08:58:00,2016-11-15 08:59:00,1.35075,1.3509,1.35096,1.35071,1.35098,1.35113,1.35118,1.35094,320
2016-11-15 08:59:00,2016-11-15 09:00:00,1.3509,1.35101,1.35109,1.35071,1.35113,1.35119,1.35128,1.35094,480
2016-11-15 09:00:00,2016-11-15 09:01:00,1.35101,1.35135,1.35139,1.35082,1.35119,1.35154,1.35159,1.35102,482
2016-11-15 09:01:00,2016-11-15 09:02:00,1.35135,1.35144,1.35156,1.35125,1.35154,1.35165,1.35177,1.35146,468
2016-11-15 09:02:00,2016-11-15 09:03:00,1.35144,1.35172,1.35175,1.35138,1.35165,1.35193,1.35194,1.35161,281
2016-11-15 09:03:00,2016-11-15 09:04:00,1.35172,1.35183,1.35207,1.35164,1.35193,1.35205,1.35226,1.35186,604
2016-11-15 09:04:00,2016-11-15 09:05:00,1.35183,1.35197,1.35201,1.3517,1.35205,1.35215,1.3522,1.35193,424
2016-11-15 09:05:00,2016-11-15 09:06:00,1.35197,1.3519,1.35211,1.35189,1.35215,1.3521,1.3523,1.3521,303
2016-11-15 09:06:00,2016-11-15 09:07:00,1.3519,1.35222,1.35222,1.35188,1.3521,1.35242,1.35242,1.35208,350
2016-11-15 09:07:00,2016-11-15 09:08:00,1.35222,1.35245,1.35256,1.35223,1.35242,1.35265,1.35279,1.35242,323
2016-11-15 09:08:00,2016-11-15 09:09:00,1.35245,1.35263,1.35274,1.35239,1.35265,1.35284,1.35295,1.35259,427
2016-11-15 09:09:00,2016-11-15 09:10:00,1.35263,1.3528,1.35283,1.35253,1.35284,1.35303,1.35304,1.35273,400
2016-11-15 09:10:00,2016-11-15 09:11:00,1.3528,1.353,1.35311,1.35271,1.35303,1.35321,1.35332,1.35293,301
2016-11-15 09:11:00,2016-11-15 09:12:00,1.353,1.35317,1.35326,1.35277,1.35321,1.35339,1.3535,1.35295,345
2016-11-15 09:12:00,2016-11-15 09:13:00,1.35317,1.35301,1.35316,1.35292,1.35339,1.35323,1.35339,1.35312,248
2016-11-15 09:13:00,2016-11-15 09:14:00,1.35301,1.35314,1.35325,1.35267,1.35323,1.35337,1.35348,1.35291,291
2016-11-15 09:14:00,2016-11-15 09:15:00,1.35314,1.3531,1.35315,1.35306,1.35337,1.35332,1.35338,1.35329,139
2016-11-15 09:15:00,2016-11-15 09:16:00,1.3531,1.3534,1.3534,1.35307,1.35332,1.35362,1.35362,1.35329,149
2016-11-15 09:16:00,2016-11-15 09:17:00,1.3534,1.35262,1.35348,1.35262,1.35362,1.35288,1.3537,1.35287,369
2016-11-15 09:17:00,2016-11-15 09:18:00,1.35262,1.35254,1.35276,1.35251,1.35288,1.35276,1.353,1.35275,362
2016-11-15 09:18:00,2016-11-15 09:19:00,1.35254,1.35255,1.35266,1.35225,1.35276,1.35278,1.35288,1.35248,466
2016-11-15 09:19:00,2016-11-15 09:20:00,1.35255,1.3522,1.35254,1.35209,1.35278,1.35238,1.35277,1.35233,293
2016-11-15 09:20:00,2016-11-15 09:21:00,1.3522,1.35218,1.35226,1.35207,1.35238,1.3524,1.35247,1.3523,273
2016-11-15 09:21:00,2016-11-15 09:22:00,1.35218,1.35212,1.35226,1.35211,1.3524,1.35235,1.35248,1.35235,172
2016-11-15 09:22:00,2016-11-15 09:23:00,1.35212,1.352,1.35226,1.3519,1.35235,1.35224,1.35249,1.35214,356
2016-11-15 09:23:00,2016-11-15 09:24:00,1.352,1.35193,1.35209,1.35191,1.35224,1.35216,1.35233,1.3521,358
2016-11-15 09:24:00,2016-11-15 09:25:00,1.35193,1.35193,1.35203,1.3519,1.35216,1.35214,1.35224,1.35212,168
2016-11-15 09:25:00,2016-11-15 09:26:00,1.35193,1.3519,1.35193,1.35178,1.35214,1.35213,1.35215,1.35201,303
2016-11-15 09:26:00,2016-11-15 09:27:00,1.3519,1.35216,1.35223,1.3519,1.35213,1.35242,1.35244,1.35213,310
2016-11-15 09:27:00,2016-11-15 09:28:00,1.35216,1.35213,1.35239,1.35213,1.35242,1.35239,1.35261,1.35239,276
2016-11-15 09:28:00,2016-11-15 09:29:00,1.35213,1.35198,1.35217,1.35196,1.35239,1.3522,1.35241,1.3522,432
2016-11-15 09:29:00,2016-11-15 09:30:00,1.35198,1.35219,1.35236,1.35196,1.3522,1.35242,1.35259,1.3522,528
2016-11-15 09:30:00,2016-11-15 09:31:00,1.35219,1.35219,1.35234,1.35208,1.35242,1.35244,1.35258,1.35231,553
2016-11-15 09:31:00,2016-11-15 09:32:00,1.35219,1.35176,1.3522,1.35171,1.35244,1.352,1.35242,1.35194,537
2016-11-15 09:32:00,2016-11-15 09:33:00,1.35176,1.35163,1.35176,1.35161,1.352,1.35186,1.35201,1.35184,274
2016-11-15 09:33:00,2016-11-15 09:34:00,1.35163,1.35153,1.35165,1.35145,1.35186,1.35175,1.35187,1.35167,387
2016-11-15 09:34:00,2016-11-15 09:35:00,1.35153,1.3517,1.35182,1.35146,1.35175,1.35194,1.35201,1.35168,405
2016-11-15 09:35:00,2016-11-15 09:36:00,1.3517,1.35218,1.3522,1.35165,1.35194,1.35242,1.35243,1.35189,485
2016-11-15 09:36:00,2016-11-15 09:37:00,1.35218,1.35196,1.35224,1.35185,1.35242,1.35219,1.35248,1.3521,381
2016-11-15 09:37:00,2016-11-15 09:38:00,1.35196,1.35225,1.35226,1.35187,1.35219,1.35247,1.35248,1.35211,384
2016-11-15 09:38:00,2016-11-15 09:39:00,1.35225,1.35258,1.35258,1.35212,1.35247,1.35277,1.35277,1.35236,358
2016-11-15 09:39:00,2016-11-15 09:40:00,1.35258,1.3527,1.35287,1.35256,1.35277,1.35293,1.35305,1.35276,359
2016-11-15 09:40:00,2016-11-15 09:41:00,1.3527,1.35277,1.35283,1.35248,1.35293,1.353,1.35306,1.35272,547
2016-11-15 09:41:00,2016-11-15 09:42:00,1.35277,1.35293,1.35293,1.35259,1.353,1.35317,1.35317,1.35283,672
2016-11-15 09:42:00,2016-11-15 09:43:00,1.35293,1.35262,1.35292,1.3524,1.35317,1.35284,1.35317,1.35265,562
2016-11-15 09:43:00,2016-11-15 09:44:00,1.35262,1.35243,1.35273,1.35218,1.35284,1.35262,1.35296,1.35238,372
2016-11-15 09:44:00,2016-11-15 09:45:00,1.35243,1.35291,1.35292,1.35241,1.35262,1.35314,1.35316,1.35262,317
2016-11-15 09:45:00,2016-11-15 09:46:00,1.35291,1.35291,1.35294,1.35276,1.35314,1.35315,1.35317,1.35296,369
2016-11-15 09:46:00,2016-11-15 09:47:00,1.35291,1.35254,1.35293,1.35254,1.35315,1.35277,1.35317,1.35277,178
2016-11-15 09:47:00,2016-11-15 09:48:00,1.35254,1.35246,1.35272,1.35246,1.35277,1.35269,1.35292,1.35268,372
2016-11-15 09:48:00,2016-11-15 09:49:00,1.35246,1.35272,1.35281,1.35235,1.35269,1.35295,1.35304,1.35257,470
2016-11-15 09:49:00,2016-11-15 09:50:00,1.35272,1.35289,1.3529,1.35258,1.35295,1.35311,1.35313,1.35279,267
2016-11-15 09:50:00,2016-11-15 09:51:00,1.35289,1.35314,1.35319,1.35289,1.35311,1.35336,1.35343,1.35312,233
2016-11-15 09:51:00,2016-11-15 09:52:00,1.35314,1.35275,1.35318,1.35264,1.35336,1.3529,1.35341,1.35285,279
2016-11-15 09:52:00,2016-11-15 09:53:00,1.35275,1.35298,1.35298,1.35249,1.3529,1.35321,1.35322,1.35269,328
2016-11-15 09:53:00,2016-11-15 09:54:00,1.35298,1.35322,1.35337,1.35297,1.35321,1.35343,1.35361,1.3532,355
2016-11-15 09:54:00,2016-11-15 09:55:00,1.35322,1.35317,1.35322,1.35293,1.35343,1.35338,1.35343,1.35316,301
2016-11-15 09:55:00,2016-11-15 09:56:00,1.35317,1.3531,1.35326,1.35297,1.35338,1.35332,1.35348,1.3532,160
2016-11-15 09:56:00,2016-11-15 09:57:00,1.3531,1.35307,1.35326,1.35304,1.35332,1.35329,1.35346,1.35326,201
2016-11-15 09:57:00,2016-11-15 09:58:00,1.35307,1.35277,1.35313,1.35275,1.35329,1.35297,1.35336,1.35296,434
2016-11-15 09:58:00,2016-11-15 09:59:00,1.35277,1.35251,1.3528,1.35243,1.35297,1.35282,1.35302,1.35266,315
2016-11-15 09:59:00,2016-11-15 10:00:00,1.35251,1.3527,1.35282,1.35247,1.35282,1.35293,1.35306,1.35273,408
2016-11-15 10:00:00,2016-11-15 10:01:00,1.3527,1.35265,1.35276,1.35253,1.35293,1.35288,1.35297,1.35277,247
2016-11-15 10:01:00,2016-11-15 10:02:00,1.35265,1.35308,1.35309,1.35263,1.35288,1.35332,1.35333,1.35287,254
2016-11-15 10:02:00,2016-11-15 10:03:00,1.35308,1.35322,1.35327,1.35299,1.35332,1.35345,1.35351,1.35322,397
2016-11-15 10:03:00,2016-11-15 10:04:00,1.35322,1.35288,1.35328,1.3528,1.35345,1.35311,1.35352,1.35305,342
2016-11-15 10:04:00,2016-11-15 10:05:00,1.35288,1.35297,1.35304,1.35281,1.35311,1.3532,1.35325,1.35304,140
2016-11-15 10:05:00,2016-11-15 10:06:00,1.35297,1.35263,1.35299,1.35262,1.3532,1.35287,1.35321,1.35286,353
2016-11-15 10:06:00,2016-11-15 10:07:00,1.35263,1.35263,1.35281,1.35253,1.35287,1.35285,1.35305,1.35273,296
2016-11-15 10:07:00,2016-11-15 10:08:00,1.35263,1.3527,1.35277,1.35262,1.35285,1.35292,1.35298,1.35284,202
2016-11-15 10:08:00,2016-11-15 10:09:00,1.3527,1.35266,1.35283,1.35265,1.35292,1.35289,1.35305,1.35287,185
2016-11-15 10:09:00,2016-11-15 10:10:00,1.35266,1.3527,1.35273,1.35244,1.35289,1.35293,1.35295,1.35267,229
2016-11-15 10:10:00,2016-11-15 10:11:00,1.3527,1.35269,1.35272,1.3526,1.35293,1.3529,1.35294,1.35282,135
2016-11-15 10:11:00,2016-11-15 10:12:00,1.35269,1.35258,1.35271,1.35248,1.3529,1.35281,1.35293,1.35269,273
2016-11-15 10:12:00,2016-11-15 10:13:00,1.35258,1.35274,1.35292,1.35256,1.35281,1.35294,1.35313,1.35278,220
2016-11-15 10:13:00,2016-11-15 10:14:00,1.35274,1.35271,1.3528,1.35261,1.35294,1.35294,1.35302,1.35281,225
2016-11-15 10:14:00,2016-11-15 10:15:00,1.35271,1.35271,1.35271,1.35252,1.35294,1.35292,1.35294,1.35274,327
2016-11-15 10:15:00,2016-11-15 10:16:00,1.35271,1.35268,1.35275,1.35268,1.35292,1.3529,1.35297,1.35289,165
2016-11-15 10:16:00,2016-11-15 10:17:00,1.35268,1.35237,1.35271,1.35231,1.3529,1.35256,1.35294,1.35249,238
2016-11-15 10:17:00,2016-11-15 10:18:00,1.35237,1.35236,1.35243,1.35224,1.35256,1.35256,1.35263,1.35245,371
2016-11-15 10:18:00,2016-11-15 10:19:00,1.35236,1.35237,1.35253,1.35234,1.35256,1.35261,1.35276,1.35256,250
2016-11-15 10:19:00,2016-11-15 10:20:00,1.35237,1.35216,1.35254,1.35214,1.35261,1.35238,1.35275,1.35238,425
2016-11-15 10:20:00,2016-11-15 10:21:00,1.35216,1.35243,1.35243,1.35217,1.35238,1.35267,1.35267,1.35238,216
2016-11-15 10:21:00,2016-11-15 10:22:00,1.35243,1.35244,1.35244,1.35234,1.35267,1.35268,1.35268,1.35256,188
2016-11-15 10:22:00,2016-11-15 10:23:00,1.35244,1.35285,1.35286,1.35245,1.35268,1.35308,1.35308,1.35268,196
2016-11-15 10:23:00,2016-11-15 10:24:00,1.35285,1.35286,1.3529,1.3527,1.35308,1.35308,1.35313,1.35293,285
2016-11-15 10:24:00,2016-11-15 10:25:00,1.35286,1.35268,1.35292,1.35253,1.35308,1.35291,1.35315,1.35276,245
2016-11-15 10:25:00,2016-11-15 10:26:00,1.35268,1.35278,1.35282,1.35268,1.35291,1.35301,1.35306,1.35291,228
2016-11-15 10:26:00,2016-11-15 10:27:00,1.35278,1.35273,1.35293,1.3527,1.35301,1.35293,1.35314,1.35292,218
2016-11-15 10:27:00,2016-11-15 10:28:00,1.35273,1.3525,1.35272,1.3525,1.35293,1.35272,1.35293,1.35272,138
2016-11-15 10:28:00,2016-11-15 10:29:00,1.3525,1.35283,1.3529,1.35244,1.35272,1.35306,1.35313,1.35265,243
2016-11-15 10:29:00,2016-11-15 10:30:00,1.35283,1.35274,1.35308,1.35274,1.35306,1.35297,1.35329,1.35297,356
2016-11-15 10:30:00,2016-11-15 10:31:00,1.35274,1.35242,1.35277,1.35241,1.35297,1.35265,1.35301,1.35265,380
2016-11-15 10:31:00,2016-11-15 10:32:00,1.35242,1.35259,1.35262,1.35231,1.35265,1.35282,1.35286,1.35254,188
2016-11-15 10:32:00,2016-11-15 10:33:00,1.35259,1.35228,1.3526,1.35226,1.35282,1.35251,1.35283,1.35249,263
2016-11-15 10:33:00,2016-11-15 10:34:00,1.35228,1.35229,1.35245,1.35224,1.35251,1.35252,1.35267,1.35248,201
2016-11-15 10:34:00,2016-11-15 10:35:00,1.35229,1.35223,1.35231,1.35213,1.35252,1.35247,1.35253,1.35237,190
2016-11-15 10:35:00,2016-11-15 10:36:00,1.35223,1.35208,1.35223,1.35198,1.35247,1.3523,1.35247,1.3522,217
2016-11-15 10:36:00,2016-11-15 10:37:00,1.35208,1.35215,1.35218,1.35207,1.3523,1.35236,1.3524,1.35229,180
2016-11-15 10:37:00,2016-11-15 10:38:00,1.35215,1.35215,1.35226,1.35201,1.35236,1.35238,1.35249,1.35222,173
2016-11-15 10:38:00,2016-11-15 10:39:00,1.35215,1.35207,1.35221,1.35206,1.35238,1.35231,1.35244,1.35228,211
2016-11-15 10:39:00,2016-11-15 10:40:00,1.35207,1.35207,1.35216,1.35201,1.35231,1.35231,1.35238,1.35224,108
2016-11-15 10:40:00,2016-11-15 10:41:00,1.35207,1.35202,1.3521,1.35201,1.35231,1.35225,1.35232,1.35223,77
2016-11-15 10:41:00,2016-11-15 10:42:00,1.35202,1.35209,1.35219,1.35203,1.35225,1.35232,1.3524,1.35225,165
2016-11-15 10:42:00,2016-11-15 10:43:00,1.35209,1.35211,1.35216,1.35206,1.35232,1.35232,1.35238,1.35229,173
2016-11-15 10:43:00,2016-11-15 10:44:00,1.35211,1.35211,1.35217,1.35201,1.35232,1.35232,1.35238,1.35224,161
2016-11-15 10:44:00,2016-11-15 10:45:00,1.35211,1.35219,1.3523,1.35206,1.35232,1.3524,1.35251,1.35228,140
2016-11-15 10:45:00,2016-11-15 10:46:00,1.35219,1.35234,1.35236,1.3522,1.3524,1.35257,1.35257,1.3524,89
2016-11-15 10:46:00,2016-11-15 10:47:00,1.35234,1.35246,1.35248,1.35231,1.35257,1.3527,1.3527,1.35253,168
2016-11-15 10:47:00,2016-11-15 10:48:00,1.35246,1.35247,1.35266,1.35245,1.3527,1.35269,1.35288,1.35268,230
2016-11-15 10:48:00,2016-11-15 10:49:00,1.35247,1.3525,1.35258,1.35245,1.35269,1.35274,1.35281,1.35266,331
2016-11-15 10:49:00,2016-11-15 10:50:00,1.3525,1.35244,1.35266,1.35243,1.35274,1.35266,1.35289,1.35265,358
2016-11-15 10:50:00,2016-11-15 10:51:00,1.35244,1.35268,1.35272,1.35244,1.35266,1.35292,1.35295,1.35266,388
2016-11-15 10:51:00,2016-11-15 10:52:00,1.35268,1.35276,1.35278,1.35255,1.35292,1.353,1.35301,1.35276,369
2016-11-15 10:52:00,2016-11-15 10:53:00,1.35276,1.35276,1.35281,1.35272,1.353,1.353,1.35305,1.35295,239
2016-11-15 10:53:00,2016-11-15 10:54:00,1.35276,1.35274,1.35295,1.35271,1.353,1.35295,1.35318,1.35292,539
2016-11-15 10:54:00,2016-11-15 10:55:00,1.35274,1.35278,1.35294,1.35274,1.35295,1.35298,1.35314,1.35296,404
2016-11-15 10:55:00,2016-11-15 10:56:00,1.35278,1.35278,1.3528,1.35269,1.35298,1.35299,1.353,1.3529,186
2016-11-15 10:56:00,2016-11-15 10:57:00,1.35278,1.35302,1.35303,1.35277,1.35299,1.35323,1.35324,1.35298,330
2016-11-15 10:57:00,2016-11-15 10:58:00,1.35302,1.35296,1.35306,1.35291,1.35323,1.35318,1.35328,1.35313,321
2016-11-15 10:58:00,2016-11-15 10:59:00,1.35296,1.35296,1.35306,1.35294,1.35318,1.3532,1.35328,1.35315,290
2016-11-15 10:59:00,2016-11-15 11:00:00,1.35296,1.35328,1.35333,1.35293,1.3532,1.35349,1.35354,1.35316,471
2016-11-15 11:00:00,2016-11-15 11:01:00,1.35328,1.35333,1.35377,1.35328,1.35349,1.35358,1.35395,1.3535,360
2016-11-15 11:01:00,2016-11-15 11:02:00,1.35333,1.35358,1.35358,1.35331,1.35358,1.35381,1.35381,1.35354,448
2016-11-15 11:02:00,2016-11-15 11:03:00,1.35358,1.35353,1.35374,1.35352,1.35381,1.35376,1.35398,1.35375,318
2016-11-15 11:03:00,2016-11-15 11:04:00,1.35353,1.35372,1.35377,1.35345,1.35376,1.35394,1.354,1.35369,402
2016-11-15 11:04:00,2016-11-15 11:05:00,1.35372,1.35366,1.3538,1.35363,1.35394,1.35389,1.35403,1.35383,285
2016-11-15 11:05:00,2016-11-15 11:06:00,1.35366,1.35359,1.35366,1.35347,1.35389,1.3538,1.3539,1.35371,284
2016-11-15 11:06:00,2016-11-15 11:07:00,1.35359,1.35324,1.35361,1.35323,1.3538,1.35347,1.35383,1.35346,325
2016-11-15 11:07:00,2016-11-15 11:08:00,1.35324,1.35336,1.35351,1.35324,1.35347,1.35357,1.3537,1.35347,195
2016-11-15 11:08:00,2016-11-15 11:09:00,1.35336,1.35364,1.35364,1.35335,1.35357,1.35386,1.35386,1.35357,190
2016-11-15 11:09:00,2016-11-15 11:10:00,1.35364,1.35367,1.35375,1.35359,1.35386,1.3539,1.35396,1.35382,163
2016-11-15 11:10:00,2016-11-15 11:11:00,1.35367,1.35363,1.35372,1.3536,1.3539,1.35385,1.35394,1.35381,148
2016-11-15 11:11:00,2016-11-15 11:12:00,1.35363,1.35361,1.35363,1.3536,1.35385,1.35383,1.35385,1.35381,74
2016-11-15 11:12:00,2016-11-15 11:13:00,1.35361,1.35349,1.35363,1.35349,1.35383,1.35372,1.35384,1.35372,134
2016-11-15 11:13:00,2016-11-15 11:14:00,1.35349,1.35361,1.35366,1.35342,1.35372,1.35384,1.35391,1.35365,251
2016-11-15 11:14:00,2016-11-15 11:15:00,1.35361,1.3538,1.35384,1.35354,1.35384,1.35403,1.35405,1.35377,311
2016-11-15 11:15:00,2016-11-15 11:16:00,1.3538,1.3538,1.35381,1.35364,1.35403,1.35401,1.35403,1.35385,276
2016-11-15 11:16:00,2016-11-15 11:17:00,1.3538,1.35372,1.35392,1.35354,1.35401,1.35396,1.3541,1.35377,407
2016-11-15 11:17:00,2016-11-15 11:18:00,1.35372,1.35387,1.35397,1.35372,1.35396,1.35408,1.35421,1.35395,344
2016-11-15 11:18:00,2016-11-15 11:19:00,1.35387,1.3537,1.35411,1.3537,1.35408,1.35391,1.35433,1.35391,597
2016-11-15 11:19:00,2016-11-15 11:20:00,1.3537,1.35371,1.35375,1.3536,1.35391,1.3539,1.35395,1.35382,235
2016-11-15 11:20:00,2016-11-15 11:21:00,1.35371,1.35366,1.35375,1.35362,1.3539,1.35388,1.35395,1.35381,171
2016-11-15 11:21:00,2016-11-15 11:22:00,1.35366,1.35365,1.35382,1.35349,1.35388,1.35387,1.35404,1.3537,497
2016-11-15 11:22:00,2016-11-15 11:23:00,1.35365,1.3536,1.35392,1.35351,1.35387,1.35382,1.35411,1.35374,408
2016-11-15 11:23:00,2016-11-15 11:24:00,1.3536,1.3536,1.35375,1.35358,1.35382,1.3538,1.35397,1.3538,403
2016-11-15 11:24:00,2016-11-15 11:25:00,1.3536,1.35366,1.35384,1.35358,1.3538,1.35388,1.35406,1.35379,434
2016-11-15 11:25:00,2016-11-15 11:26:00,1.35366,1.35366,1.35398,1.35355,1.35388,1.35388,1.35419,1.35379,427
2016-11-15 11:26:00,2016-11-15 11:27:00,1.35366,1.35383,1.35385,1.35362,1.35388,1.35407,1.35408,1.35385,275
2016-11-15 11:27:00,2016-11-15 11:28:00,1.35383,1.35382,1.35394,1.35368,1.35407,1.35405,1.3541,1.35392,245
2016-11-15 11:28:00,2016-11-15 11:29:00,1.35382,1.35362,1.35395,1.35362,1.35405,1.35384,1.35418,1.35384,380
2016-11-15 11:29:00,2016-11-15 11:30:00,1.35362,1.35381,1.35392,1.35353,1.35384,1.35402,1.35415,1.35377,322
2016-11-15 11:30:00,2016-11-15 11:31:00,1.35381,1.35385,1.35395,1.3538,1.35402,1.35407,1.35418,1.35402,210
2016-11-15 11:31:00,2016-11-15 11:32:00,1.35385,1.35389,1.35391,1.3538,1.35407,1.35412,1.35414,1.35403,219
2016-11-15 11:32:00,2016-11-15 11:33:00,1.35389,1.35384,1.35402,1.35381,1.35412,1.35404,1.35423,1.35403,279
2016-11-15 11:33:00,2016-11-15 11:34:00,1.35384,1.35379,1.3539,1.35379,1.35404,1.35402,1.35409,1.35401,169
2016-11-15 11:34:00,2016-11-15 11:35:00,1.35379,1.3535,1.35379,1.3535,1.35402,1.3537,1.35402,1.35368,258
2016-11-15 11:35:00,2016-11-15 11:36:00,1.3535,1.35309,1.3535,1.35309,1.3537,1.3533,1.35369,1.3533,136
2016-11-15 11:36:00,2016-11-15 11:37:00,1.35309,1.35308,1.35317,1.35304,1.3533,1.35331,1.35335,1.35325,119
2016-11-15 11:37:00,2016-11-15 11:38:00,1.35308,1.35288,1.35313,1.35288,1.35331,1.35309,1.35332,1.35309,178
2016-11-15 11:38:00,2016-11-15 11:39:00,1.35288,1.35276,1.35298,1.35267,1.35309,1.35291,1.35317,1.35287,134
2016-11-15 11:39:00,2016-11-15 11:40:00,1.35276,1.35283,1.35291,1.35276,1.35291,1.35299,1.35308,1.35292,76
2016-11-15 11:40:00,2016-11-15 11:41:00,1.35283,1.35285,1.35292,1.35272,1.35299,1.35306,1.35311,1.35293,124
2016-11-15 11:41:00,2016-11-15 11:42:00,1.35285,1.35266,1.35285,1.3526,1.35306,1.35286,1.35305,1.35281,200
2016-11-15 11:42:00,2016-11-15 11:43:00,1.35266,1.35225,1.35272,1.35224,1.35286,1.35244,1.35291,1.35243,296
2016-11-15 11:43:00,2016-11-15 11:44:00,1.35225,1.35217,1.35235,1.35215,1.35244,1.35237,1.35253,1.35236,199
2016-11-15 11:44:00,2016-11-15 11:45:00,1.35217,1.35198,1.35225,1.35179,1.35237,1.35217,1.35243,1.352,272
2016-11-15 11:45:00,2016-11-15 11:46:00,1.35198,1.35171,1.35198,1.35169,1.35217,1.35189,1.35218,1.35189,333
2016-11-15 11:46:00,2016-11-15 11:47:00,1.35171,1.35173,1.35175,1.35167,1.35189,1.35191,1.35194,1.35186,203
2016-11-15 11:47:00,2016-11-15 11:48:00,1.35173,1.35151,1.35173,1.35133,1.35191,1.35171,1.35193,1.35153,294
2016-11-15 11:48:00,2016-11-15 11:49:00,1.35151,1.35124,1.35152,1.35121,1.35171,1.35144,1.35173,1.35142,206
2016-11-15 11:49:00,2016-11-15 11:50:00,1.35124,1.35115,1.35139,1.35113,1.35144,1.35135,1.35156,1.35134,206
2016-11-15 11:50:00,2016-11-15 11:51:00,1.35115,1.35116,1.35123,1.35098,1.35135,1.35136,1.35144,1.35121,366
2016-11-15 11:51:00,2016-11-15 11:52:00,1.35116,1.35078,1.35119,1.35069,1.35136,1.35099,1.35139,1.35092,385
2016-11-15 11:52:00,2016-11-15 11:53:00,1.35078,1.35099,1.35125,1.35077,1.35099,1.35119,1.35146,1.35097,493
2016-11-15 11:53:00,2016-11-15 11:54:00,1.35099,1.35087,1.35104,1.35086,1.35119,1.35108,1.35125,1.35104,326
2016-11-15 11:54:00,2016-11-15 11:55:00,1.35087,1.35136,1.35136,1.35086,1.35108,1.35156,1.35157,1.35103,272
2016-11-15 11:55:00,2016-11-15 11:56:00,1.35136,1.35134,1.35145,1.35122,1.35156,1.35152,1.35166,1.35144,379
2016-11-15 11:56:00,2016-11-15 11:57:00,1.35134,1.35154,1.35162,1.35126,1.35152,1.35176,1.35182,1.35147,353
2016-11-15 11:57:00,2016-11-15 11:58:00,1.35154,1.35184,1.35184,1.35142,1.35176,1.3521,1.3521,1.35164,500
2016-11-15 11:58:00,2016-11-15 11:59:00,1.35184,1.35143,1.35189,1.35133,1.3521,1.35167,1.35213,1.35157,376
2016-11-15 11:59:00,2016-11-15 12:00:00,1.35143,1.35211,1.35226,1.35143,1.35167,1.35235,1.35249,1.35166,837
2016-11-15 12:00:00,2016-11-15 12:01:00,1.35211,1.35206,1.35223,1.35204,1.35235,1.35229,1.35246,1.35228,389
2016-11-15 12:01:00,2016-11-15 12:02:00,1.35206,1.35208,1.35218,1.35199,1.35229,1.35232,1.3524,1.35221,467
2016-11-15 12:02:00,2016-11-15 12:03:00,1.35208,1.35234,1.35237,1.35205,1.35232,1.35255,1.35258,1.35227,332
2016-11-15 12:03:00,2016-11-15 12:04:00,1.35234,1.35253,1.35263,1.35232,1.35255,1.35276,1.35285,1.35254,342
2016-11-15 12:04:00,2016-11-15 12:05:00,1.35253,1.35263,1.35267,1.35253,1.35276,1.35284,1.35288,1.35275,386
2016-11-15 12:05:00,2016-11-15 12:06:00,1.35263,1.3529,1.35307,1.35263,1.35284,1.35312,1.35329,1.35284,511
2016-11-15 12:06:00,2016-11-15 12:07:00,1.3529,1.35259,1.35301,1.35251,1.35312,1.35284,1.35324,1.35273,327
2016-11-15 12:07:00,2016-11-15 12:08:00,1.35259,1.3526,1.35281,1.35254,1.35284,1.35283,1.35304,1.35275,387
2016-11-15 12:08:00,2016-11-15 12:09:00,1.3526,1.35252,1.35261,1.35228,1.35283,1.35276,1.35283,1.35252,374
2016-11-15 12:09:00,2016-11-15 12:10:00,1.35252,1.35258,1.35265,1.35246,1.35276,1.35281,1.35288,1.3527,239
2016-11-15 12:10:00,2016-11-15 12:11:00,1.35258,1.3525,1.35265,1.35244,1.35281,1.35274,1.35289,1.35268,330
2016-11-15 12:11:00,2016-11-15 12:12:00,1.3525,1.35251,1.35257,1.3524,1.35274,1.35273,1.35281,1.35265,371
2016-11-15 12:12:00,2016-11-15 12:13:00,1.35251,1.35249,1.35255,1.35237,1.35273,1.35272,1.35278,1.35261,305
2016-11-15 12:13:00,2016-11-15 12:14:00,1.35249,1.35224,1.35252,1.35222,1.35272,1.35246,1.35276,1.35245,353
2016-11-15 12:14:00,2016-11-15 12:15:00,1.35224,1.35262,1.35263,1.35223,1.35246,1.35284,1.35287,1.35245,245
2016-11-15 12:15:00,2016-11-15 12:16:00,1.35262,1.35276,1.35291,1.35262,1.35284,1.35298,1.35313,1.35285,504
2016-11-15 12:16:00,2016-11-15 12:17:00,1.35276,1.35278,1.35282,1.35262,1.35298,1.35303,1.35306,1.35285,290
2016-11-15 12:17:00,2016-11-15 12:18:00,1.35278,1.35285,1.35306,1.35276,1.35303,1.35311,1.3533,1.35301,424
2016-11-15 12:18:00,2016-11-15 12:19:00,1.35285,1.35292,1.35299,1.35278,1.35311,1.35315,1.35323,1.35302,261
2016-11-15 12:19:00,2016-11-15 12:20:00,1.35292,1.3528,1.35316,1.35277,1.35315,1.35303,1.35341,1.35299,440
2016-11-15 12:20:00,2016-11-15 12:21:00,1.3528,1.35252,1.35282,1.35249,1.35303,1.35273,1.35308,1.35266,520
2016-11-15 12:21:00,2016-11-15 12:22:00,1.35252,1.35193,1.35255,1.35191,1.35273,1.35216,1.35274,1.35213,698
2016-11-15 12:22:00,2016-11-15 12:23:00,1.35193,1.35183,1.35208,1.35169,1.35216,1.35205,1.35232,1.35191,817
2016-11-15 12:23:00,2016-11-15 12:24:00,1.35183,1.35185,1.35196,1.35177,1.35205,1.35207,1.35217,1.352,705
2016-11-15 12:24:00,2016-11-15 12:25:00,1.35185,1.35182,1.35205,1.35175,1.35207,1.35203,1.3523,1.35198,457
2016-11-15 12:25:00,2016-11-15 12:26:00,1.35182,1.35146,1.35183,1.35146,1.35203,1.3517,1.35203,1.3517,463
2016-11-15 12:26:00,2016-11-15 12:27:00,1.35146,1.35147,1.35159,1.3514,1.3517,1.35168,1.35182,1.35161,256
2016-11-15 12:27:00,2016-11-15 12:28:00,1.35147,1.35165,1.35173,1.35137,1.35168,1.35185,1.35196,1.3516,407
2016-11-15 12:28:00,2016-11-15 12:29:00,1.35165,1.35178,1.35181,1.35159,1.35185,1.352,1.35201,1.35178,424
2016-11-15 12:29:00,2016-11-15 12:30:00,1.35178,1.35207,1.35208,1.35177,1.352,1.35228,1.35229,1.35199,239
2016-11-15 12:30:00,2016-11-15 12:31:00,1.35207,1.35194,1.35206,1.35187,1.35228,1.35217,1.35228,1.35208,193
2016-11-15 12:31:00,2016-11-15 12:32:00,1.35194,1.352,1.35213,1.35185,1.35217,1.35223,1.35235,1.35207,460
2016-11-15 12:32:00,2016-11-15 12:33:00,1.352,1.35212,1.35219,1.35201,1.35223,1.35234,1.35239,1.35223,269
2016-11-15 12:33:00,2016-11-15 12:34:00,1.35212,1.35231,1.35245,1.35211,1.35234,1.35252,1.35268,1.35234,522
2016-11-15 12:34:00,2016-11-15 12:35:00,1.35231,1.35234,1.35245,1.35231,1.35252,1.35257,1.35268,1.35252,359
2016-11-15 12:35:00,2016-11-15 12:36:00,1.35234,1.35205,1.35246,1.35203,1.35257,1.35227,1.35268,1.3522,434
2016-11-15 12:36:00,2016-11-15 12:37:00,1.35205,1.35233,1.35238,1.35198,1.35227,1.35257,1.35262,1.35223,327
2016-11-15 12:37:00,2016-11-15 12:38:00,1.35233,1.35218,1.35234,1.35216,1.35257,1.35241,1.35257,1.35239,322
2016-11-15 12:38:00,2016-11-15 12:39:00,1.35218,1.35231,1.35233,1.35213,1.35241,1.35254,1.35257,1.35237,318
2016-11-15 12:39:00,2016-11-15 12:40:00,1.35231,1.35227,1.35237,1.35225,1.35254,1.35249,1.35259,1.35249,221
2016-11-15 12:40:00,2016-11-15 12:41:00,1.35227,1.35198,1.35233,1.35193,1.35249,1.35224,1.35256,1.35217,343
2016-11-15 12:41:00,2016-11-15 12:42:00,1.35198,1.3522,1.3522,1.35195,1.35224,1.35244,1.35244,1.35219,529
2016-11-15 12:42:00,2016-11-15 12:43:00,1.3522,1.35201,1.35225,1.35197,1.35244,1.35224,1.35248,1.35221,457
2016-11-15 12:43:00,2016-11-15 12:44:00,1.35201,1.35204,1.35207,1.35196,1.35224,1.35228,1.35231,1.3522,242
2016-11-15 12:44:00,2016-11-15 12:45:00,1.35204,1.35183,1.3522,1.35179,1.35228,1.35206,1.35241,1.35204,335
2016-11-15 12:45:00,2016-11-15 12:46:00,1.35183,1.35189,1.35195,1.35177,1.35206,1.35212,1.35219,1.35201,220
2016-11-15 12:46:00,2016-11-15 12:47:00,1.35189,1.35171,1.35192,1.3515,1.35212,1.35193,1.35215,1.35175,600
2016-11-15 12:47:00,2016-11-15 12:48:00,1.35171,1.35199,1.35201,1.35169,1.35193,1.35219,1.35226,1.35191,189
2016-11-15 12:48:00,2016-11-15 12:49:00,1.35199,1.35206,1.35213,1.35194,1.35219,1.3523,1.35235,1.35215,195
2016-11-15 12:49:00,2016-11-15 12:50:00,1.35206,1.35221,1.35232,1.35203,1.3523,1.35245,1.35254,1.35228,238
2016-11-15 12:50:00,2016-11-15 12:51:00,1.35221,1.35196,1.35222,1.35191,1.35245,1.35219,1.35245,1.35214,241
2016-11-15 12:51:00,2016-11-15 12:52:00,1.35196,1.35202,1.3521,1.35195,1.35219,1.35227,1.35234,1.35219,156
2016-11-15 12:52:00,2016-11-15 12:53:00,1.35202,1.35197,1.35206,1.35195,1.35227,1.35219,1.35228,1.35218,126
2016-11-15 12:53:00,2016-11-15 12:54:00,1.35197,1.35212,1.35216,1.35182,1.35219,1.35234,1.35238,1.35206,277
2016-11-15 12:54:00,2016-11-15 12:55:00,1.35212,1.35228,1.35234,1.35212,1.35234,1.3525,1.35255,1.35235,320
2016-11-15 12:55:00,2016-11-15 12:56:00,1.35228,1.35236,1.35254,1.35215,1.3525,1.35258,1.35277,1.35241,422
2016-11-15 12:56:00,2016-11-15 12:57:00,1.35236,1.35234,1.35247,1.35225,1.35258,1.35258,1.35269,1.35247,283
2016-11-15 12:57:00,2016-11-15 12:58:00,1.35234,1.3522,1.35241,1.35216,1.35258,1.35243,1.35266,1.3524,256
2016-11-15 12:58:00,2016-11-15 12:59:00,1.3522,1.3518,1.35221,1.35179,1.35243,1.35205,1.35244,1.35205,279
2016-11-15 12:59:00,2016-11-15 13:00:00,1.3518,1.35204,1.35212,1.35171,1.35205,1.35224,1.35234,1.35196,487
2016-11-15 13:00:00,2016-11-15 13:01:00,1.35204,1.3522,1.35228,1.35198,1.35224,1.35241,1.35249,1.35221,533
2016-11-15 13:01:00,2016-11-15 13:02:00,1.3522,1.35216,1.35239,1.35187,1.35241,1.35239,1.3526,1.3521,684
2016-11-15 13:02:00,2016-11-15 13:03:00,1.35216,1.35219,1.35227,1.35179,1.35239,1.35241,1.35245,1.35204,515
2016-11-15 13:03:00,2016-11-15 13:04:00,1.35219,1.35228,1.35241,1.35216,1.35241,1.3525,1.35263,1.35236,275
2016-11-15 13:04:00,2016-11-15 13:05:00,1.35228,1.35191,1.35228,1.35175,1.3525,1.35212,1.35249,1.35194,710
2016-11-15 13:05:00,2016-11-15 13:06:00,1.35191,1.35201,1.35206,1.35176,1.35212,1.35225,1.35231,1.35198,497
2016-11-15 13:06:00,2016-11-15 13:07:00,1.35201,1.35214,1.35224,1.35202,1.35225,1.35238,1.35246,1.35225,498
2016-11-15 13:07:00,2016-11-15 13:08:00,1.35214,1.35229,1.35233,1.35208,1.35238,1.35251,1.35254,1.35231,469
2016-11-15 13:08:00,2016-11-15 13:09:00,1.35229,1.35192,1.35229,1.35173,1.35251,1.35217,1.3525,1.35194,351
2016-11-15 13:09:00,2016-11-15 13:10:00,1.35192,1.3517,1.35198,1.35167,1.35217,1.35194,1.3522,1.35189,471
2016-11-15 13:10:00,2016-11-15 13:11:00,1.3517,1.35199,1.35203,1.35169,1.35194,1.3522,1.35226,1.3519,422
2016-11-15 13:11:00,2016-11-15 13:12:00,1.35199,1.35235,1.35236,1.35197,1.3522,1.35259,1.3526,1.35217,381
2016-11-15 13:12:00,2016-11-15 13:13:00,1.35235,1.35253,1.35257,1.35232,1.35259,1.35275,1.3528,1.35256,250
2016-11-15 13:13:00,2016-11-15 13:14:00,1.35253,1.35243,1.3526,1.35229,1.35275,1.35267,1.35283,1.3525,370
2016-11-15 13:14:00,2016-11-15 13:15:00,1.35243,1.35213,1.35269,1.35209,1.35267,1.35238,1.35292,1.35235,460
2016-11-15 13:15:00,2016-11-15 13:16:00,1.35213,1.35236,1.3526,1.35214,1.35238,1.35256,1.35283,1.35238,336
2016-11-15 13:16:00,2016-11-15 13:17:00,1.35236,1.35265,1.35269,1.35237,1.35256,1.35286,1.35291,1.35256,244
2016-11-15 13:17:00,2016-11-15 13:18:00,1.35265,1.3528,1.35281,1.35264,1.35286,1.35301,1.35304,1.35286,230
2016-11-15 13:18:00,2016-11-15 13:19:00,1.3528,1.35273,1.3528,1.35254,1.35301,1.35296,1.35302,1.35274,224
2016-11-15 13:19:00,2016-11-15 13:20:00,1.35273,1.35245,1.35284,1.35241,1.35296,1.35267,1.35307,1.35263,309
2016-11-15 13:20:00,2016-11-15 13:21:00,1.35245,1.35256,1.35279,1.35244,1.35267,1.3528,1.35302,1.35269,428
2016-11-15 13:21:00,2016-11-15 13:22:00,1.35256,1.35251,1.35266,1.35244,1.3528,1.35274,1.35287,1.35267,516
2016-11-15 13:22:00,2016-11-15 13:23:00,1.35251,1.35247,1.35255,1.35224,1.35274,1.35267,1.35278,1.35247,264
2016-11-15 13:23:00,2016-11-15 13:24:00,1.35247,1.35228,1.35255,1.35228,1.35267,1.35247,1.35276,1.35243,278
2016-11-15 13:24:00,2016-11-15 13:25:00,1.35228,1.35254,1.35256,1.35228,1.35247,1.35276,1.35277,1.35247,239
2016-11-15 13:25:00,2016-11-15 13:26:00,1.35254,1.35253,1.35254,1.35236,1.35276,1.35277,1.35277,1.35257,251
2016-11-15 13:26:00,2016-11-15 13:27:00,1.35253,1.35264,1.35265,1.35251,1.35277,1.35283,1.35287,1.35275,231
2016-11-15 13:27:00,2016-11-15 13:28:00,1.35264,1.35277,1.35279,1.35252,1.35283,1.35303,1.35303,1.35271,212
2016-11-15 13:28:00,2016-11-15 13:29:00,1.35277,1.35233,1.35285,1.35213,1.35303,1.35283,1.35312,1.35279,293
2016-11-15 13:29:00,2016-11-15 13:30:00,1.35233,1.35384,1.35415,1.35208,1.35283,1.35405,1.35436,1.3531,1251
2016-11-15 13:30:00,2016-11-15 13:31:00,1.35384,1.35309,1.35412,1.35309,1.35405,1.35336,1.35431,1.35335,982
2016-11-15 13:31:00,2016-11-15 13:32:00,1.35309,1.35274,1.3531,1.35208,1.35336,1.35295,1.35335,1.35234,1231
2016-11-15 13:32:00,2016-11-15 13:33:00,1.35274,1.35278,1.35294,1.35244,1.35295,1.35301,1.35319,1.3526,1067
2016-11-15 13:33:00,2016-11-15 13:34:00,1.35278,1.35161,1.35278,1.3516,1.35301,1.35183,1.35303,1.35182,1630
2016-11-15 13:34:00,2016-11-15 13:35:00,1.35161,1.35187,1.35227,1.35139,1.35183,1.35209,1.35251,1.35163,1275
2016-11-15 13:35:00,2016-11-15 13:36:00,1.35187,1.35222,1.35238,1.35187,1.35209,1.35246,1.35259,1.35209,729
2016-11-15 13:36:00,2016-11-15 13:37:00,1.35222,1.35298,1.353,1.35223,1.35246,1.35323,1.35324,1.35245,1028
2016-11-15 13:37:00,2016-11-15 13:38:00,1.35298,1.35282,1.35325,1.35252,1.35323,1.35305,1.35351,1.35277,1176
2016-11-15 13:38:00,2016-11-15 13:39:00,1.35282,1.35305,1.3534,1.3526,1.35305,1.35327,1.35361,1.35283,1468
2016-11-15 13:39:00,2016-11-15 13:40:00,1.35305,1.35353,1.35366,1.35288,1.35327,1.35375,1.35388,1.35309,1463
2016-11-15 13:40:00,2016-11-15 13:41:00,1.35353,1.35333,1.35386,1.35315,1.35375,1.35356,1.3541,1.3534,1280
2016-11-15 13:41:00,2016-11-15 13:42:00,1.35333,1.35335,1.35385,1.35333,1.35356,1.35359,1.35406,1.35357,862
2016-11-15 13:42:00,2016-11-15 13:43:00,1.35335,1.35339,1.35346,1.35296,1.35359,1.35358,1.35368,1.35321,883
2016-11-15 13:43:00,2016-11-15 13:44:00,1.35339,1.35344,1.35356,1.35327,1.35358,1.35369,1.35381,1.3535,541
2016-11-15 13:44:00,2016-11-15 13:45:00,1.35344,1.35327,1.35355,1.35322,1.35369,1.35351,1.35378,1.35345,568
2016-11-15 13:45:00,2016-11-15 13:46:00,1.35327,1.35362,1.35368,1.35324,1.35351,1.35386,1.35387,1.35349,669
2016-11-15 13:46:00,2016-11-15 13:47:00,1.35362,1.35371,1.35402,1.35362,1.35386,1.35393,1.35425,1.35385,896
2016-11-15 13:47:00,2016-11-15 13:48:00,1.35371,1.35369,1.35374,1.35327,1.35393,1.35386,1.35394,1.35349,767
2016-11-15 13:48:00,2016-11-15 13:49:00,1.35369,1.3539,1.35395,1.35361,1.35386,1.3541,1.3541,1.35383,601
2016-11-15 13:49:00,2016-11-15 13:50:00,1.3539,1.35424,1.35449,1.35392,1.3541,1.35442,1.35468,1.3541,974
2016-11-15 13:50:00,2016-11-15 13:51:00,1.35424,1.35366,1.35424,1.35361,1.35442,1.35389,1.35442,1.35384,802
2016-11-15 13:51:00,2016-11-15 13:52:00,1.35366,1.35368,1.35393,1.35352,1.35389,1.35392,1.35416,1.35374,830
2016-11-15 13:52:00,2016-11-15 13:53:00,1.35368,1.35397,1.35408,1.35369,1.35392,1.35421,1.35428,1.35392,666
2016-11-15 13:53:00,2016-11-15 13:54:00,1.35397,1.35405,1.35429,1.35384,1.35421,1.35429,1.35449,1.35409,592
2016-11-15 13:54:00,2016-11-15 13:55:00,1.35405,1.35393,1.35409,1.35345,1.35429,1.35415,1.35429,1.35368,766
2016-11-15 13:55:00,2016-11-15 13:56:00,1.35393,1.35345,1.35393,1.35345,1.35415,1.35364,1.35417,1.35364,797
2016-11-15 13:56:00,2016-11-15 13:57:00,1.35345,1.35321,1.35352,1.35321,1.35364,1.35345,1.35374,1.35342,733
2016-11-15 13:57:00,2016-11-15 13:58:00,1.35321,1.35258,1.3532,1.35257,1.35345,1.35281,1.35343,1.3528,877
2016-11-15 13:58:00,2016-11-15 13:59:00,1.35258,1.35322,1.35326,1.35252,1.35281,1.35342,1.35348,1.35275,726
2016-11-15 13:59:00,2016-11-15 14:00:00,1.35322,1.35344,1.35355,1.35304,1.35342,1.35366,1.35376,1.35323,920
2016-11-15 14:00:00,2016-11-15 14:01:00,1.35344,1.35349,1.35366,1.35324,1.35366,1.35369,1.35386,1.35346,565
2016-11-15 14:01:00,2016-11-15 14:02:00,1.35349,1.35297,1.35351,1.35292,1.35369,1.3532,1.35373,1.35314,1061
2016-11-15 14:02:00,2016-11-15 14:03:00,1.35297,1.35318,1.35346,1.35278,1.3532,1.35342,1.35368,1.353,999
2016-11-15 14:03:00,2016-11-15 14:04:00,1.35318,1.35324,1.35331,1.35298,1.35342,1.35347,1.35352,1.35322,768
2016-11-15 14:04:00,2016-11-15 14:05:00,1.35324,1.35352,1.35356,1.35323,1.35347,1.35376,1.35378,1.35345,839
2016-11-15 14:05:00,2016-11-15 14:06:00,1.35352,1.3537,1.35387,1.35352,1.35376,1.35389,1.35407,1.35375,661
2016-11-15 14:06:00,2016-11-15 14:07:00,1.3537,1.35338,1.35372,1.35305,1.35389,1.35353,1.35392,1.35326,645
2016-11-15 14:07:00,2016-11-15 14:08:00,1.35338,1.35371,1.35383,1.35335,1.35353,1.35395,1.35403,1.35353,1129
2016-11-15 14:08:00,2016-11-15 14:09:00,1.35371,1.35362,1.35372,1.35351,1.35395,1.35386,1.35396,1.35375,725
2016-11-15 14:09:00,2016-11-15 14:10:00,1.35362,1.35337,1.35372,1.35325,1.35386,1.35356,1.35395,1.35346,773
2016-11-15 14:10:00,2016-11-15 14:11:00,1.35337,1.35305,1.35344,1.35288,1.35356,1.35326,1.35368,1.3531,819
2016-11-15 14:11:00,2016-11-15 14:12:00,1.35305,1.35327,1.35345,1.35306,1.35326,1.35347,1.35368,1.35326,667
2016-11-15 14:12:00,2016-11-15 14:13:00,1.35327,1.35346,1.35354,1.35325,1.35347,1.35367,1.35372,1.35346,596
2016-11-15 14:13:00,2016-11-15 14:14:00,1.35346,1.35332,1.35346,1.35307,1.35367,1.35356,1.35367,1.35331,573
2016-11-15 14:14:00,2016-11-15 14:15:00,1.35332,1.35298,1.35345,1.35294,1.35356,1.3532,1.35368,1.35317,781
2016-11-15 14:15:00,2016-11-15 14:16:00,1.35298,1.35278,1.35311,1.35272,1.3532,1.35302,1.35332,1.35295,460
2016-11-15 14:16:00,2016-11-15 14:17:00,1.35278,1.35278,1.3529,1.35253,1.35302,1.35302,1.35313,1.35276,636
2016-11-15 14:17:00,2016-11-15 14:18:00,1.35278,1.35289,1.35326,1.35277,1.35302,1.35312,1.35349,1.35301,754
2016-11-15 14:18:00,2016-11-15 14:19:00,1.35289,1.353,1.35306,1.35278,1.35312,1.35322,1.35328,1.35302,362
2016-11-15 14:19:00,2016-11-15 14:20:00,1.353,1.35288,1.35311,1.35278,1.35322,1.35309,1.35333,1.353,432
2016-11-15 14:20:00,2016-11-15 14:21:00,1.35288,1.35306,1.35306,1.3527,1.35309,1.35328,1.35329,1.35292,566
2016-11-15 14:21:00,2016-11-15 14:22:00,1.35306,1.35273,1.35311,1.3526,1.35328,1.35296,1.35333,1.35283,353
2016-11-15 14:22:00,2016-11-15 14:23:00,1.35273,1.35233,1.35275,1.35218,1.35296,1.35255,1.35297,1.35241,446
2016-11-15 14:23:00,2016-11-15 14:24:00,1.35233,1.35253,1.35253,1.35229,1.35255,1.35276,1.35278,1.35252,410
2016-11-15 14:24:00,2016-11-15 14:25:00,1.35253,1.35223,1.35253,1.35206,1.35276,1.35248,1.35277,1.35227,454
2016-11-15 14:25:00,2016-11-15 14:26:00,1.35223,1.35221,1.35234,1.35204,1.35248,1.35243,1.35258,1.35224,405
2016-11-15 14:26:00,2016-11-15 14:27:00,1.35221,1.35245,1.35245,1.35214,1.35243,1.35268,1.35268,1.35233,581
2016-11-15 14:27:00,2016-11-15 14:28:00,1.35245,1.35272,1.35278,1.35243,1.35268,1.35294,1.35297,1.35265,366
2016-11-15 14:28:00,2016-11-15 14:29:00,1.35272,1.35245,1.35275,1.35233,1.35294,1.35262,1.35295,1.35256,649
2016-11-15 14:29:00,2016-11-15 14:30:00,1.35245,1.35265,1.35267,1.35242,1.35262,1.35283,1.35286,1.3526,770
2016-11-15 14:30:00,2016-11-15 14:31:00,1.35265,1.35268,1.35283,1.35246,1.35283,1.3529,1.35304,1.35266,945
2016-11-15 14:31:00,2016-11-15 14:32:00,1.35268,1.35247,1.35273,1.35245,1.3529,1.35267,1.35294,1.35262,832
2016-11-15 14:32:00,2016-11-15 14:33:00,1.35247,1.35247,1.3526,1.35227,1.35267,1.35268,1.35279,1.35247,584
2016-11-15 14:33:00,2016-11-15 14:34:00,1.35247,1.35236,1.35249,1.35225,1.35268,1.35259,1.35269,1.35249,504
2016-11-15 14:34:00,2016-11-15 14:35:00,1.35236,1.35215,1.35257,1.35199,1.35259,1.35235,1.35276,1.35217,987
2016-11-15 14:35:00,2016-11-15 14:36:00,1.35215,1.35172,1.35217,1.35155,1.35235,1.35192,1.35238,1.35179,1176
2016-11-15 14:36:00,2016-11-15 14:37:00,1.35172,1.35195,1.35203,1.35168,1.35192,1.35219,1.35225,1.35187,826
2016-11-15 14:37:00,2016-11-15 14:38:00,1.35195,1.35211,1.35221,1.35196,1.35219,1.35228,1.35243,1.35219,498
2016-11-15 14:38:00,2016-11-15 14:39:00,1.35211,1.35218,1.35256,1.35208,1.35228,1.35237,1.35276,1.35226,521
2016-11-15 14:39:00,2016-11-15 14:40:00,1.35218,1.35167,1.35223,1.35157,1.35237,1.35192,1.35246,1.3518,738
2016-11-15 14:40:00,2016-11-15 14:41:00,1.35167,1.35209,1.35213,1.35151,1.35192,1.35229,1.35231,1.35174,614
2016-11-15 14:41:00,2016-11-15 14:42:00,1.35209,1.35204,1.35216,1.35178,1.35229,1.35228,1.35236,1.35203,623
2016-11-15 14:42:00,2016-11-15 14:43:00,1.35204,1.3515,1.3521,1.35141,1.35228,1.35173,1.35234,1.35164,731
2016-11-15 14:43:00,2016-11-15 14:44:00,1.3515,1.35143,1.35158,1.35117,1.35173,1.35167,1.3518,1.35138,845
2016-11-15 14:44:00,2016-11-15 14:45:00,1.35143,1.35097,1.35147,1.35085,1.35167,1.35121,1.35169,1.35108,942
2016-11-15 14:45:00,2016-11-15 14:46:00,1.35097,1.35013,1.35109,1.35011,1.35121,1.35031,1.35132,1.35031,728
2016-11-15 14:46:00,2016-11-15 14:47:00,1.35013,1.35065,1.35076,1.34994,1.35031,1.35091,1.35099,1.35016,1030
2016-11-15 14:47:00,2016-11-15 14:48:00,1.35065,1.3508,1.35089,1.35061,1.35091,1.35103,1.35113,1.35082,860
2016-11-15 14:48:00,2016-11-15 14:49:00,1.3508,1.35045,1.35102,1.35044,1.35103,1.35067,1.35123,1.35066,686
2016-11-15 14:49:00,2016-11-15 14:50:00,1.35045,1.35046,1.35074,1.35033,1.35067,1.35068,1.35097,1.35055,1059
2016-11-15 14:50:00,2016-11-15 14:51:00,1.35046,1.35081,1.35084,1.3504,1.35068,1.35101,1.35108,1.35063,824
2016-11-15 14:51:00,2016-11-15 14:52:00,1.35081,1.35077,1.3509,1.35062,1.35101,1.35097,1.35111,1.35083,683
2016-11-15 14:52:00,2016-11-15 14:53:00,1.35077,1.35092,1.35107,1.35075,1.35097,1.35113,1.35128,1.35097,533
2016-11-15 14:53:00,2016-11-15 14:54:00,1.35092,1.35118,1.35119,1.35082,1.35113,1.35138,1.35143,1.35104,813
2016-11-15 14:54:00,2016-11-15 14:55:00,1.35118,1.35045,1.35125,1.35037,1.35138,1.35065,1.35147,1.35057,714
2016-11-15 14:55:00,2016-11-15 14:56:00,1.35045,1.35051,1.35074,1.35025,1.35065,1.35074,1.35099,1.35044,657
2016-11-15 14:56:00,2016-11-15 14:57:00,1.35051,1.35038,1.35052,1.35025,1.35074,1.3506,1.35075,1.35047,500
2016-11-15 14:57:00,2016-11-15 14:58:00,1.35038,1.34997,1.35044,1.34987,1.3506,1.3502,1.35067,1.35012,556
2016-11-15 14:58:00,2016-11-15 14:59:00,1.34997,1.3506,1.3506,1.34987,1.3502,1.35082,1.35083,1.35009,653
2016-11-15 14:59:00,2016-11-15 15:00:00,1.3506,1.35095,1.3511,1.35056,1.35082,1.35115,1.35131,1.35078,757
2016-11-15 15:00:00,2016-11-15 15:01:00,1.35095,1.35104,1.35116,1.35089,1.35115,1.35124,1.35136,1.35107,429
2016-11-15 15:01:00,2016-11-15 15:02:00,1.35104,1.35061,1.35111,1.35058,1.35124,1.35086,1.35132,1.35081,514
2016-11-15 15:02:00,2016-11-15 15:03:00,1.35061,1.35073,1.3508,1.35059,1.35086,1.35096,1.35104,1.35084,446
2016-11-15 15:03:00,2016-11-15 15:04:00,1.35073,1.3507,1.35082,1.35051,1.35096,1.35095,1.35104,1.35072,404
2016-11-15 15:04:00,2016-11-15 15:05:00,1.3507,1.34989,1.3507,1.34984,1.35095,1.35013,1.35094,1.35005,820
2016-11-15 15:05:00,2016-11-15 15:06:00,1.34989,1.34979,1.35012,1.34974,1.35013,1.34999,1.35034,1.34997,576
2016-11-15 15:06:00,2016-11-15 15:07:00,1.34979,1.34988,1.35013,1.34966,1.34999,1.35013,1.35037,1.34989,986
2016-11-15 15:07:00,2016-11-15 15:08:00,1.34988,1.34963,1.34989,1.34949,1.35013,1.34985,1.35013,1.34969,945
2016-11-15 15:08:00,2016-11-15 15:09:00,1.34963,1.34971,1.3498,1.34944,1.34985,1.34991,1.35,1.34965,813
2016-11-15 15:09:00,2016-11-15 15:10:00,1.34971,1.34935,1.34975,1.34919,1.34991,1.34958,1.34996,1.3494,1022
2016-11-15 15:10:00,2016-11-15 15:11:00,1.34935,1.34907,1.34945,1.34906,1.34958,1.34929,1.34966,1.34929,1080
2016-11-15 15:11:00,2016-11-15 15:12:00,1.34907,1.34767,1.34924,1.34763,1.34929,1.34791,1.34945,1.34784,1049
2016-11-15 15:12:00,2016-11-15 15:13:00,1.34767,1.34835,1.34843,1.34742,1.34791,1.34857,1.34867,1.34766,1657
2016-11-15 15:13:00,2016-11-15 15:14:00,1.34835,1.34815,1.34866,1.34807,1.34857,1.34839,1.34888,1.34831,1103
2016-11-15 15:14:00,2016-11-15 15:15:00,1.34815,1.34869,1.34876,1.34811,1.34839,1.34892,1.349,1.34835,993
2016-11-15 15:15:00,2016-11-15 15:16:00,1.34869,1.34846,1.34901,1.34807,1.34892,1.34869,1.34922,1.34831,1102
2016-11-15 15:16:00,2016-11-15 15:17:00,1.34846,1.34809,1.34857,1.34792,1.34869,1.34831,1.34881,1.34814,1408
2016-11-15 15:17:00,2016-11-15 15:18:00,1.34809,1.34749,1.34818,1.34725,1.34831,1.34771,1.34841,1.34751,1087
2016-11-15 15:18:00,2016-11-15 15:19:00,1.34749,1.34792,1.34806,1.34737,1.34771,1.34815,1.34831,1.34761,1373
2016-11-15 15:19:00,2016-11-15 15:20:00,1.34792,1.34803,1.34804,1.3477,1.34815,1.34823,1.34826,1.34791,936
2016-11-15 15:20:00,2016-11-15 15:21:00,1.34803,1.34884,1.34898,1.34799,1.34823,1.34908,1.34918,1.34823,1097
2016-11-15 15:21:00,2016-11-15 15:22:00,1.34884,1.3489,1.34905,1.34884,1.34908,1.34911,1.34925,1.349,792
2016-11-15 15:22:00,2016-11-15 15:23:00,1.3489,1.34861,1.34905,1.34861,1.34911,1.34885,1.34927,1.34884,721
2016-11-15 15:23:00,2016-11-15 15:24:00,1.34861,1.34843,1.34877,1.34834,1.34885,1.34867,1.34898,1.34856,900
2016-11-15 15:24:00,2016-11-15 15:25:00,1.34843,1.34826,1.34868,1.34822,1.34867,1.34849,1.3489,1.34845,764
2016-11-15 15:25:00,2016-11-15 15:26:00,1.34826,1.34742,1.34844,1.34741,1.34849,1.34763,1.34868,1.34762,834
2016-11-15 15:26:00,2016-11-15 15:27:00,1.34742,1.34732,1.34757,1.34677,1.34763,1.34753,1.34781,1.347,1582
2016-11-15 15:27:00,2016-11-15 15:28:00,1.34732,1.34713,1.34739,1.34704,1.34753,1.34735,1.3476,1.34727,1057
2016-11-15 15:28:00,2016-11-15 15:29:00,1.34713,1.34745,1.34759,1.34707,1.34735,1.34763,1.34784,1.34729,1304
2016-11-15 15:29:00,2016-11-15 15:30:00,1.34745,1.34737,1.34751,1.34707,1.34763,1.34757,1.34776,1.3473,700
2016-11-15 15:30:00,2016-11-15 15:31:00,1.34737,1.34719,1.34758,1.347,1.34757,1.34741,1.3478,1.34724,686
2016-11-15 15:31:00,2016-11-15 15:32:00,1.34719,1.34678,1.34727,1.34675,1.34741,1.347,1.3475,1.34696,726
2016-11-15 15:32:00,2016-11-15 15:33:00,1.34678,1.34688,1.34706,1.34675,1.347,1.3471,1.3473,1.34697,939
2016-11-15 15:33:00,2016-11-15 15:34:00,1.34688,1.34668,1.3469,1.34653,1.3471,1.34692,1.34712,1.34676,939
2016-11-15 15:34:00,2016-11-15 15:35:00,1.34668,1.34668,1.34677,1.34645,1.34692,1.34688,1.347,1.34667,530
2016-11-15 15:35:00,2016-11-15 15:36:00,1.34668,1.34641,1.34668,1.34639,1.34688,1.34663,1.3469,1.3466,307
2016-11-15 15:36:00,2016-11-15 15:37:00,1.34641,1.34657,1.34666,1.34632,1.34663,1.3468,1.34684,1.34653,366
2016-11-15 15:37:00,2016-11-15 15:38:00,1.34657,1.34653,1.34663,1.34645,1.3468,1.34676,1.34687,1.34668,236
2016-11-15 15:38:00,2016-11-15 15:39:00,1.34653,1.3472,1.34746,1.34651,1.34676,1.34742,1.34768,1.34674,784
2016-11-15 15:39:00,2016-11-15 15:40:00,1.3472,1.34772,1.34772,1.34718,1.34742,1.34796,1.34796,1.34742,813
2016-11-15 15:40:00,2016-11-15 15:41:00,1.34772,1.34745,1.34781,1.34737,1.34796,1.34768,1.34802,1.3476,496
2016-11-15 15:41:00,2016-11-15 15:42:00,1.34745,1.3478,1.34784,1.34731,1.34768,1.34802,1.34807,1.34755,482
2016-11-15 15:42:00,2016-11-15 15:43:00,1.3478,1.34764,1.34789,1.34763,1.34802,1.34787,1.34812,1.34784,390
2016-11-15 15:43:00,2016-11-15 15:44:00,1.34764,1.34744,1.34766,1.34733,1.34787,1.34767,1.34789,1.34755,354
2016-11-15 15:44:00,2016-11-15 15:45:00,1.34744,1.34754,1.34758,1.34732,1.34767,1.34774,1.34777,1.34756,273
2016-11-15 15:45:00,2016-11-15 15:46:00,1.34754,1.34774,1.34776,1.34753,1.34774,1.34795,1.34798,1.34775,187
2016-11-15 15:46:00,2016-11-15 15:47:00,1.34774,1.34796,1.34803,1.34772,1.34795,1.34817,1.34825,1.34792,340
2016-11-15 15:47:00,2016-11-15 15:48:00,1.34796,1.34798,1.34825,1.34786,1.34817,1.34822,1.34848,1.34809,539
2016-11-15 15:48:00,2016-11-15 15:49:00,1.34798,1.34831,1.34831,1.34792,1.34822,1.34853,1.34853,1.34815,527
2016-11-15 15:49:00,2016-11-15 15:50:00,1.34831,1.34819,1.34837,1.34804,1.34853,1.34838,1.34857,1.34826,450
2016-11-15 15:50:00,2016-11-15 15:51:00,1.34819,1.34821,1.34831,1.34794,1.34838,1.34842,1.34851,1.34815,500
2016-11-15 15:51:00,2016-11-15 15:52:00,1.34821,1.34861,1.34866,1.34821,1.34842,1.3488,1.34889,1.3484,356
2016-11-15 15:52:00,2016-11-15 15:53:00,1.34861,1.34863,1.34865,1.34845,1.3488,1.34886,1.34887,1.34868,371
2016-11-15 15:53:00,2016-11-15 15:54:00,1.34863,1.34855,1.34876,1.34844,1.34886,1.34878,1.34898,1.34867,624
2016-11-15 15:54:00,2016-11-15 15:55:00,1.34855,1.34819,1.34858,1.34816,1.34878,1.34843,1.34879,1.34838,387
2016-11-15 15:55:00,2016-11-15 15:56:00,1.34819,1.34811,1.34856,1.34811,1.34843,1.34837,1.34879,1.34836,560
2016-11-15 15:56:00,2016-11-15 15:57:00,1.34811,1.34768,1.34811,1.34743,1.34837,1.34784,1.3483,1.34761,871
2016-11-15 15:57:00,2016-11-15 15:58:00,1.34768,1.34726,1.34773,1.347,1.34784,1.34748,1.34795,1.3472,996
2016-11-15 15:58:00,2016-11-15 15:59:00,1.34726,1.34708,1.34735,1.34701,1.34748,1.34724,1.34758,1.34722,556
2016-11-15 15:59:00,2016-11-15 16:00:00,1.34708,1.34716,1.34754,1.34704,1.34724,1.34733,1.34777,1.34723,644
2016-11-15 16:00:00,2016-11-15 16:01:00,1.34716,1.34715,1.34745,1.3471,1.34733,1.34737,1.34768,1.34732,722
2016-11-15 16:01:00,2016-11-15 16:02:00,1.34715,1.34758,1.34771,1.34701,1.34737,1.34782,1.34793,1.34721,576
2016-11-15 16:02:00,2016-11-15 16:03:00,1.34758,1.34778,1.34787,1.34759,1.34782,1.348,1.34807,1.34782,718
2016-11-15 16:03:00,2016-11-15 16:04:00,1.34778,1.34784,1.34813,1.34772,1.348,1.34807,1.34837,1.34794,814
2016-11-15 16:04:00,2016-11-15 16:05:00,1.34784,1.34776,1.34785,1.34762,1.34807,1.34797,1.34809,1.34782,695
2016-11-15 16:05:00,2016-11-15 16:06:00,1.34776,1.34715,1.34777,1.34704,1.34797,1.34737,1.34798,1.34727,833
2016-11-15 16:06:00,2016-11-15 16:07:00,1.34715,1.34742,1.34752,1.34706,1.34737,1.34762,1.34774,1.34731,704
2016-11-15 16:07:00,2016-11-15 16:08:00,1.34742,1.34691,1.34751,1.3469,1.34762,1.3471,1.34774,1.34708,543
2016-11-15 16:08:00,2016-11-15 16:09:00,1.34691,1.34728,1.34744,1.34686,1.3471,1.3475,1.34766,1.34704,688
2016-11-15 16:09:00,2016-11-15 16:10:00,1.34728,1.34702,1.34734,1.34691,1.3475,1.34724,1.34759,1.34714,501
2016-11-15 16:10:00,2016-11-15 16:11:00,1.34702,1.34712,1.34716,1.34695,1.34724,1.34732,1.34737,1.34718,670
2016-11-15 16:11:00,2016-11-15 16:12:00,1.34712,1.34735,1.34744,1.34708,1.34732,1.34757,1.34765,1.3473,677
2016-11-15 16:12:00,2016-11-15 16:13:00,1.34735,1.34749,1.34752,1.34704,1.34757,1.3477,1.34775,1.34721,922
2016-11-15 16:13:00,2016-11-15 16:14:00,1.34749,1.34689,1.34749,1.34688,1.3477,1.34714,1.34769,1.34713,773
2016-11-15 16:14:00,2016-11-15 16:15:00,1.34689,1.34691,1.34715,1.34689,1.34714,1.34715,1.34739,1.34713,704
2016-11-15 16:15:00,2016-11-15 16:16:00,1.34691,1.34647,1.34715,1.34637,1.34715,1.34668,1.34738,1.34661,731
2016-11-15 16:16:00,2016-11-15 16:17:00,1.34647,1.34689,1.34726,1.34646,1.34668,1.34712,1.34748,1.34667,824
2016-11-15 16:17:00,2016-11-15 16:18:00,1.34689,1.34685,1.34708,1.34681,1.34712,1.34708,1.3473,1.34704,867
2016-11-15 16:18:00,2016-11-15 16:19:00,1.34685,1.34709,1.34709,1.34682,1.34708,1.3473,1.3473,1.34702,554
2016-11-15 16:19:00,2016-11-15 16:20:00,1.34709,1.347,1.34714,1.34684,1.3473,1.34722,1.34737,1.34706,746
2016-11-15 16:20:00,2016-11-15 16:21:00,1.347,1.3466,1.34701,1.3465,1.34722,1.34683,1.34724,1.34672,534
2016-11-15 16:21:00,2016-11-15 16:22:00,1.3466,1.34715,1.34716,1.34655,1.34683,1.34737,1.3474,1.34678,924
2016-11-15 16:22:00,2016-11-15 16:23:00,1.34715,1.34698,1.34725,1.34684,1.34737,1.34722,1.34749,1.34706,677
2016-11-15 16:23:00,2016-11-15 16:24:00,1.34698,1.34684,1.347,1.34678,1.34722,1.34705,1.34722,1.34698,1131
2016-11-15 16:24:00,2016-11-15 16:25:00,1.34684,1.34682,1.34699,1.34666,1.34705,1.34705,1.34721,1.34686,778
2016-11-15 16:25:00,2016-11-15 16:26:00,1.34682,1.34717,1.3472,1.34674,1.34705,1.34739,1.34744,1.34695,727
2016-11-15 16:26:00,2016-11-15 16:27:00,1.34717,1.34733,1.3474,1.34714,1.34739,1.34755,1.34764,1.34737,763
2016-11-15 16:27:00,2016-11-15 16:28:00,1.34733,1.3474,1.34755,1.34713,1.34755,1.34763,1.34779,1.34737,741
2016-11-15 16:28:00,2016-11-15 16:29:00,1.3474,1.34724,1.34752,1.34721,1.34763,1.34745,1.34775,1.34743,588
2016-11-15 16:29:00,2016-11-15 16:30:00,1.34724,1.3475,1.34759,1.34724,1.34745,1.34774,1.34782,1.34745,632
2016-11-15 16:30:00,2016-11-15 16:31:00,1.3475,1.34742,1.34752,1.34724,1.34774,1.34763,1.34774,1.34745,517
2016-11-15 16:31:00,2016-11-15 16:32:00,1.34742,1.34711,1.34741,1.34711,1.34763,1.34734,1.34763,1.34734,432
2016-11-15 16:32:00,2016-11-15 16:33:00,1.34711,1.34708,1.34723,1.34691,1.34734,1.34732,1.34745,1.34715,371
2016-11-15 16:33:00,2016-11-15 16:34:00,1.34708,1.34703,1.3474,1.34702,1.34732,1.34726,1.34761,1.34725,380
2016-11-15 16:34:00,2016-11-15 16:35:00,1.34703,1.34696,1.34718,1.34686,1.34726,1.34718,1.34736,1.34705,260
2016-11-15 16:35:00,2016-11-15 16:36:00,1.34696,1.34676,1.34698,1.34665,1.34718,1.34697,1.34721,1.34684,327
2016-11-15 16:36:00,2016-11-15 16:37:00,1.34676,1.34653,1.34676,1.34647,1.34697,1.34671,1.34698,1.34665,217
2016-11-15 16:37:00,2016-11-15 16:38:00,1.34653,1.3463,1.34659,1.34619,1.34671,1.34648,1.34679,1.34637,274
2016-11-15 16:38:00,2016-11-15 16:39:00,1.3463,1.34646,1.34654,1.3463,1.34648,1.34669,1.34677,1.34648,416
2016-11-15 16:39:00,2016-11-15 16:40:00,1.34646,1.3466,1.34665,1.34632,1.34669,1.34684,1.34686,1.34656,271
2016-11-15 16:40:00,2016-11-15 16:41:00,1.3466,1.34712,1.34716,1.3466,1.34684,1.34733,1.34738,1.34683,453
2016-11-15 16:41:00,2016-11-15 16:42:00,1.34712,1.34715,1.34717,1.34706,1.34733,1.34735,1.34739,1.34726,280
2016-11-15 16:42:00,2016-11-15 16:43:00,1.34715,1.34709,1.34718,1.34709,1.34735,1.3473,1.34739,1.34727,131
2016-11-15 16:43:00,2016-11-15 16:44:00,1.34709,1.34697,1.34714,1.3469,1.3473,1.34718,1.34734,1.3471,239
2016-11-15 16:44:00,2016-11-15 16:45:00,1.34697,1.34699,1.34709,1.34689,1.34718,1.34721,1.3473,1.34711,298
2016-11-15 16:45:00,2016-11-15 16:46:00,1.34699,1.34715,1.34716,1.34691,1.34721,1.34736,1.34737,1.3471,377
2016-11-15 16:46:00,2016-11-15 16:47:00,1.34715,1.3473,1.34738,1.34715,1.34736,1.34752,1.34758,1.34735,246
2016-11-15 16:47:00,2016-11-15 16:48:00,1.3473,1.34752,1.34764,1.34729,1.34752,1.34775,1.34788,1.34751,441
2016-11-15 16:48:00,2016-11-15 16:49:00,1.34752,1.34737,1.34768,1.34728,1.34775,1.34759,1.3479,1.34749,427
2016-11-15 16:49:00,2016-11-15 16:50:00,1.34737,1.34748,1.34773,1.34737,1.34759,1.34766,1.34794,1.34758,379
2016-11-15 16:50:00,2016-11-15 16:51:00,1.34748,1.34772,1.34786,1.3474,1.34766,1.34795,1.34805,1.34759,536
2016-11-15 16:51:00,2016-11-15 16:52:00,1.34772,1.34766,1.34777,1.34756,1.34795,1.34787,1.34798,1.34777,292
2016-11-15 16:52:00,2016-11-15 16:53:00,1.34766,1.34781,1.34781,1.34765,1.34787,1.34804,1.34805,1.34786,349
2016-11-15 16:53:00,2016-11-15 16:54:00,1.34781,1.34755,1.34782,1.34746,1.34804,1.34778,1.34804,1.34768,352
2016-11-15 16:54:00,2016-11-15 16:55:00,1.34755,1.34756,1.34763,1.34742,1.34778,1.3478,1.34786,1.34765,379
2016-11-15 16:55:00,2016-11-15 16:56:00,1.34756,1.34759,1.34774,1.34753,1.3478,1.34783,1.34797,1.34776,266
2016-11-15 16:56:00,2016-11-15 16:57:00,1.34759,1.34749,1.3476,1.34746,1.34783,1.34771,1.34783,1.34769,193
2016-11-15 16:57:00,2016-11-15 16:58:00,1.34749,1.3469,1.34749,1.34683,1.34771,1.34712,1.3477,1.34706,395
2016-11-15 16:58:00,2016-11-15 16:59:00,1.3469,1.3469,1.347,1.3468,1.34712,1.34711,1.34717,1.34703,298
2016-11-15 16:59:00,2016-11-15 17:00:00,1.3469,1.34654,1.34692,1.34646,1.34711,1.34676,1.34714,1.34668,365
2016-11-15 17:00:00,2016-11-15 17:01:00,1.34654,1.34653,1.34684,1.34652,1.34676,1.34675,1.34707,1.34674,290
2016-11-15 17:01:00,2016-11-15 17:02:00,1.34653,1.34628,1.3467,1.34616,1.34675,1.34649,1.34692,1.34639,469
2016-11-15 17:02:00,2016-11-15 17:03:00,1.34628,1.34625,1.34638,1.34608,1.34649,1.34648,1.34659,1.34631,293
2016-11-15 17:03:00,2016-11-15 17:04:00,1.34625,1.34636,1.34649,1.34617,1.34648,1.34656,1.34672,1.3464,300
2016-11-15 17:04:00,2016-11-15 17:05:00,1.34636,1.34595,1.34636,1.34583,1.34656,1.34618,1.34656,1.34605,305
2016-11-15 17:05:00,2016-11-15 17:06:00,1.34595,1.34592,1.34603,1.34582,1.34618,1.34615,1.34625,1.34604,359
2016-11-15 17:06:00,2016-11-15 17:07:00,1.34592,1.34606,1.34612,1.3459,1.34615,1.34629,1.34635,1.34612,233
2016-11-15 17:07:00,2016-11-15 17:08:00,1.34606,1.34607,1.34618,1.34587,1.34629,1.3463,1.3464,1.34611,313
2016-11-15 17:08:00,2016-11-15 17:09:00,1.34607,1.3461,1.34615,1.34605,1.3463,1.34633,1.34636,1.34629,156
2016-11-15 17:09:00,2016-11-15 17:10:00,1.3461,1.34603,1.34613,1.346,1.34633,1.34626,1.34635,1.34623,244
2016-11-15 17:10:00,2016-11-15 17:11:00,1.34603,1.34605,1.34616,1.34601,1.34626,1.34626,1.34634,1.34624,279
2016-11-15 17:11:00,2016-11-15 17:12:00,1.34605,1.34606,1.34617,1.34601,1.34626,1.34628,1.3464,1.34624,269
2016-11-15 17:12:00,2016-11-15 17:13:00,1.34606,1.34601,1.34612,1.34601,1.34628,1.34625,1.34634,1.34623,247
2016-11-15 17:13:00,2016-11-15 17:14:00,1.34601,1.34601,1.34612,1.34601,1.34625,1.34623,1.34633,1.34623,196
2016-11-15 17:14:00,2016-11-15 17:15:00,1.34601,1.34597,1.34606,1.34591,1.34623,1.34619,1.3463,1.34615,199
2016-11-15 17:15:00,2016-11-15 17:16:00,1.34597,1.34582,1.34596,1.34574,1.34619,1.34605,1.34619,1.34596,166
2016-11-15 17:16:00,2016-11-15 17:17:00,1.34582,1.34592,1.34597,1.34577,1.34605,1.34615,1.34622,1.346,159
2016-11-15 17:17:00,2016-11-15 17:18:00,1.34592,1.346,1.34601,1.3459,1.34615,1.34622,1.34626,1.34613,84
2016-11-15 17:18:00,2016-11-15 17:19:00,1.346,1.34627,1.34634,1.34592,1.34622,1.34646,1.34651,1.34615,381
2016-11-15 17:19:00,2016-11-15 17:20:00,1.34627,1.34606,1.34629,1.34601,1.34646,1.34627,1.34647,1.34623,293
2016-11-15 17:20:00,2016-11-15 17:21:00,1.34606,1.34588,1.3461,1.34587,1.34627,1.34608,1.3463,1.34607,279
2016-11-15 17:21:00,2016-11-15 17:22:00,1.34588,1.34594,1.34596,1.34587,1.34608,1.34614,1.34616,1.34608,82
2016-11-15 17:22:00,2016-11-15 17:23:00,1.34594,1.34627,1.34629,1.34592,1.34614,1.34647,1.34651,1.34611,157
2016-11-15 17:23:00,2016-11-15 17:24:00,1.34627,1.34629,1.34649,1.34626,1.34647,1.3465,1.34669,1.34648,250
2016-11-15 17:24:00,2016-11-15 17:25:00,1.34629,1.34639,1.34649,1.34626,1.3465,1.34661,1.3467,1.34646,156
2016-11-15 17:25:00,2016-11-15 17:26:00,1.34639,1.34669,1.34669,1.34634,1.34661,1.34687,1.3469,1.34656,169
2016-11-15 17:26:00,2016-11-15 17:27:00,1.34669,1.34669,1.34685,1.34663,1.34687,1.34688,1.34704,1.34682,220
2016-11-15 17:27:00,2016-11-15 17:28:00,1.34669,1.34659,1.34669,1.34645,1.34688,1.34681,1.34691,1.34668,230
2016-11-15 17:28:00,2016-11-15 17:29:00,1.34659,1.34659,1.34664,1.34635,1.34681,1.34682,1.34685,1.34657,368
2016-11-15 17:29:00,2016-11-15 17:30:00,1.34659,1.34647,1.3466,1.34644,1.34682,1.34666,1.34683,1.34665,185
2016-11-15 17:30:00,2016-11-15 17:31:00,1.34647,1.34634,1.34646,1.34622,1.34666,1.34656,1.34667,1.34644,144
2016-11-15 17:31:00,2016-11-15 17:32:00,1.34634,1.34623,1.34636,1.34618,1.34656,1.34646,1.34656,1.34638,136
2016-11-15 17:32:00,2016-11-15 17:33:00,1.34623,1.34598,1.34629,1.34591,1.34646,1.34621,1.34652,1.34615,294
2016-11-15 17:33:00,2016-11-15 17:34:00,1.34598,1.34593,1.34601,1.34585,1.34621,1.34615,1.34624,1.34608,214
2016-11-15 17:34:00,2016-11-15 17:35:00,1.34593,1.34614,1.34614,1.34592,1.34615,1.34633,1.34635,1.34615,139
2016-11-15 17:35:00,2016-11-15 17:36:00,1.34614,1.34606,1.34614,1.34605,1.34633,1.3463,1.34636,1.34625,107
2016-11-15 17:36:00,2016-11-15 17:37:00,1.34606,1.34592,1.34612,1.34591,1.3463,1.34612,1.34633,1.34611,115
2016-11-15 17:37:00,2016-11-15 17:38:00,1.34592,1.34564,1.34592,1.34535,1.34612,1.34582,1.34611,1.34557,304
2016-11-15 17:38:00,2016-11-15 17:39:00,1.34564,1.34547,1.34564,1.34545,1.34582,1.34567,1.34583,1.34565,130
2016-11-15 17:39:00,2016-11-15 17:40:00,1.34547,1.34538,1.34547,1.34533,1.34567,1.34556,1.34567,1.34553,108
2016-11-15 17:40:00,2016-11-15 17:41:00,1.34538,1.34545,1.34571,1.34534,1.34556,1.34566,1.34593,1.34555,253
2016-11-15 17:41:00,2016-11-15 17:42:00,1.34545,1.34499,1.34552,1.34484,1.34566,1.34523,1.34572,1.34506,283
2016-11-15 17:42:00,2016-11-15 17:43:00,1.34499,1.34523,1.34536,1.34495,1.34523,1.34542,1.34554,1.34517,123
2016-11-15 17:43:00,2016-11-15 17:44:00,1.34523,1.34525,1.34559,1.34521,1.34542,1.34547,1.34581,1.34542,220
2016-11-15 17:44:00,2016-11-15 17:45:00,1.34525,1.34566,1.34566,1.34525,1.34547,1.34588,1.34588,1.34548,138
2016-11-15 17:45:00,2016-11-15 17:46:00,1.34566,1.34565,1.34574,1.34554,1.34588,1.34589,1.34592,1.34578,220
2016-11-15 17:46:00,2016-11-15 17:47:00,1.34565,1.34586,1.34594,1.34566,1.34589,1.34607,1.34617,1.34588,143
2016-11-15 17:47:00,2016-11-15 17:48:00,1.34586,1.34593,1.34596,1.34585,1.34607,1.34615,1.34616,1.34606,78
2016-11-15 17:48:00,2016-11-15 17:49:00,1.34593,1.34594,1.34602,1.34593,1.34615,1.34615,1.34624,1.34613,131
2016-11-15 17:49:00,2016-11-15 17:50:00,1.34594,1.34572,1.34603,1.34565,1.34615,1.34595,1.34626,1.34589,175
2016-11-15 17:50:00,2016-11-15 17:51:00,1.34572,1.34573,1.34589,1.34556,1.34595,1.34595,1.34613,1.34578,260
2016-11-15 17:51:00,2016-11-15 17:52:00,1.34573,1.34583,1.3459,1.34569,1.34595,1.34604,1.34614,1.34593,227
2016-11-15 17:52:00,2016-11-15 17:53:00,1.34583,1.34602,1.34607,1.34583,1.34604,1.34623,1.34627,1.34605,389
2016-11-15 17:53:00,2016-11-15 17:54:00,1.34602,1.3458,1.34602,1.34579,1.34623,1.34601,1.34624,1.34601,305
2016-11-15 17:54:00,2016-11-15 17:55:00,1.3458,1.34583,1.34584,1.34572,1.34601,1.34606,1.34606,1.34592,159
2016-11-15 17:55:00,2016-11-15 17:56:00,1.34583,1.34603,1.34604,1.34581,1.34606,1.34624,1.34626,1.34604,150
2016-11-15 17:56:00,2016-11-15 17:57:00,1.34603,1.34642,1.34643,1.34602,1.34624,1.34662,1.34663,1.34621,438
2016-11-15 17:57:00,2016-11-15 17:58:00,1.34642,1.34663,1.34667,1.34635,1.34662,1.34684,1.34686,1.34655,304
2016-11-15 17:58:00,2016-11-15 17:59:00,1.34663,1.34682,1.34686,1.34655,1.34684,1.34697,1.34705,1.34676,349
2016-11-15 17:59:00,2016-11-15 18:00:00,1.34682,1.34716,1.34722,1.34664,1.34697,1.34738,1.34741,1.34685,396
2016-11-15 18:00:00,2016-11-15 18:01:00,1.34716,1.34696,1.34716,1.34696,1.34738,1.34716,1.34739,1.34715,267
2016-11-15 18:01:00,2016-11-15 18:02:00,1.34696,1.34656,1.34698,1.34654,1.34716,1.34677,1.34719,1.34677,189
2016-11-15 18:02:00,2016-11-15 18:03:00,1.34656,1.34664,1.34665,1.34653,1.34677,1.34684,1.34687,1.34675,181
2016-11-15 18:03:00,2016-11-15 18:04:00,1.34664,1.34664,1.34671,1.34653,1.34684,1.34687,1.34693,1.34669,287
2016-11-15 18:04:00,2016-11-15 18:05:00,1.34664,1.34663,1.34673,1.34662,1.34687,1.34684,1.34696,1.34684,210
2016-11-15 18:05:00,2016-11-15 18:06:00,1.34663,1.34666,1.34668,1.34647,1.34684,1.34689,1.3469,1.3467,229
2016-11-15 18:06:00,2016-11-15 18:07:00,1.34666,1.34666,1.34668,1.34657,1.34689,1.34687,1.3469,1.3468,134
2016-11-15 18:07:00,2016-11-15 18:08:00,1.34666,1.34666,1.34668,1.34663,1.34687,1.34686,1.3469,1.34683,99
2016-11-15 18:08:00,2016-11-15 18:09:00,1.34666,1.34691,1.34698,1.34665,1.34686,1.3471,1.34716,1.34685,236
2016-11-15 18:09:00,2016-11-15 18:10:00,1.34691,1.34709,1.34709,1.34679,1.3471,1.34725,1.34726,1.347,250
2016-11-15 18:10:00,2016-11-15 18:11:00,1.34709,1.34699,1.34709,1.3469,1.34725,1.34721,1.34731,1.3471,296
2016-11-15 18:11:00,2016-11-15 18:12:00,1.34699,1.34722,1.34722,1.34697,1.34721,1.34741,1.34743,1.34719,117
2016-11-15 18:12:00,2016-11-15 18:13:00,1.34722,1.34724,1.34733,1.34715,1.34741,1.34744,1.34754,1.34733,196
2016-11-15 18:13:00,2016-11-15 18:14:00,1.34724,1.34704,1.34733,1.34703,1.34744,1.34729,1.34753,1.34727,266
2016-11-15 18:14:00,2016-11-15 18:15:00,1.34704,1.3468,1.3471,1.3468,1.34729,1.34706,1.34733,1.34702,165
2016-11-15 18:15:00,2016-11-15 18:16:00,1.3468,1.34661,1.34693,1.34656,1.34706,1.34684,1.34716,1.3468,272
2016-11-15 18:16:00,2016-11-15 18:17:00,1.34661,1.34659,1.34667,1.34656,1.34684,1.34682,1.3469,1.34676,246
2016-11-15 18:17:00,2016-11-15 18:18:00,1.34659,1.34663,1.34671,1.34646,1.34682,1.34686,1.34693,1.34669,298
2016-11-15 18:18:00,2016-11-15 18:19:00,1.34663,1.347,1.34702,1.34663,1.34686,1.34723,1.34724,1.34684,172
2016-11-15 18:19:00,2016-11-15 18:20:00,1.347,1.3469,1.34722,1.3469,1.34723,1.34713,1.34746,1.34712,394
2016-11-15 18:20:00,2016-11-15 18:21:00,1.3469,1.34694,1.34694,1.34683,1.34713,1.34716,1.34716,1.34706,222
2016-11-15 18:21:00,2016-11-15 18:22:00,1.34694,1.34718,1.34718,1.34694,1.34716,1.34739,1.34739,1.34713,259
2016-11-15 18:22:00,2016-11-15 18:23:00,1.34718,1.34732,1.34732,1.34718,1.34739,1.34751,1.34752,1.34738,155
2016-11-15 18:23:00,2016-11-15 18:24:00,1.34732,1.34739,1.34743,1.34731,1.34751,1.34759,1.34764,1.34748,221
2016-11-15 18:24:00,2016-11-15 18:25:00,1.34739,1.34737,1.34769,1.34736,1.34759,1.34758,1.34787,1.34756,352
2016-11-15 18:25:00,2016-11-15 18:26:00,1.34737,1.34769,1.34793,1.34738,1.34758,1.3479,1.34815,1.34757,382
2016-11-15 18:26:00,2016-11-15 18:27:00,1.34769,1.34763,1.34775,1.34743,1.3479,1.34784,1.34797,1.34765,394
2016-11-15 18:27:00,2016-11-15 18:28:00,1.34763,1.34782,1.34785,1.34754,1.34784,1.34802,1.34807,1.34776,219
2016-11-15 18:28:00,2016-11-15 18:29:00,1.34782,1.34774,1.34794,1.34773,1.34802,1.34795,1.34813,1.34794,286
2016-11-15 18:29:00,2016-11-15 18:30:00,1.34774,1.34764,1.34778,1.34754,1.34795,1.34787,1.348,1.34774,211
2016-11-15 18:30:00,2016-11-15 18:31:00,1.34764,1.34795,1.34795,1.34756,1.34787,1.34816,1.34816,1.3478,275
2016-11-15 18:31:00,2016-11-15 18:32:00,1.34795,1.3479,1.34796,1.34788,1.34816,1.34814,1.34817,1.34808,154
2016-11-15 18:32:00,2016-11-15 18:33:00,1.3479,1.34774,1.34793,1.34766,1.34814,1.34796,1.34816,1.34788,253
2016-11-15 18:33:00,2016-11-15 18:34:00,1.34774,1.34783,1.34783,1.34772,1.34796,1.34805,1.34806,1.34793,163
2016-11-15 18:34:00,2016-11-15 18:35:00,1.34783,1.34755,1.34783,1.34743,1.34805,1.34777,1.34806,1.34766,272
2016-11-15 18:35:00,2016-11-15 18:36:00,1.34755,1.3475,1.34764,1.3475,1.34777,1.34772,1.34787,1.34771,154
2016-11-15 18:36:00,2016-11-15 18:37:00,1.3475,1.34765,1.34768,1.34748,1.34772,1.34786,1.34791,1.3477,193
2016-11-15 18:37:00,2016-11-15 18:38:00,1.34765,1.34765,1.34768,1.34758,1.34786,1.34787,1.3479,1.34778,313
2016-11-15 18:38:00,2016-11-15 18:39:00,1.34765,1.34772,1.34775,1.34765,1.34787,1.34795,1.34797,1.34786,293
2016-11-15 18:39:00,2016-11-15 18:40:00,1.34772,1.34773,1.34775,1.34764,1.34795,1.34795,1.34796,1.34785,73
2016-11-15 18:40:00,2016-11-15 18:41:00,1.34773,1.3475,1.34773,1.34749,1.34795,1.34773,1.34794,1.34769,141
2016-11-15 18:41:00,2016-11-15 18:42:00,1.3475,1.34708,1.34752,1.34707,1.34773,1.34732,1.34774,1.34728,266
2016-11-15 18:42:00,2016-11-15 18:43:00,1.34708,1.34713,1.34717,1.34702,1.34732,1.34735,1.34739,1.34725,199
2016-11-15 18:43:00,2016-11-15 18:44:00,1.34713,1.34719,1.34719,1.347,1.34735,1.34741,1.34743,1.34723,206
2016-11-15 18:44:00,2016-11-15 18:45:00,1.34719,1.34706,1.34719,1.34691,1.34741,1.34729,1.34742,1.34714,247
2016-11-15 18:45:00,2016-11-15 18:46:00,1.34706,1.34709,1.34711,1.34701,1.34729,1.34731,1.34734,1.34725,144
2016-11-15 18:46:00,2016-11-15 18:47:00,1.34709,1.34684,1.34709,1.34684,1.34731,1.34707,1.34732,1.34706,145
2016-11-15 18:47:00,2016-11-15 18:48:00,1.34684,1.34677,1.34684,1.34653,1.34707,1.34698,1.34707,1.34674,254
2016-11-15 18:48:00,2016-11-15 18:49:00,1.34677,1.34678,1.34686,1.34676,1.34698,1.34701,1.34709,1.34699,188
2016-11-15 18:49:00,2016-11-15 18:50:00,1.34678,1.34674,1.34687,1.34674,1.34701,1.34698,1.34707,1.34696,114
2016-11-15 18:50:00,2016-11-15 18:51:00,1.34674,1.34693,1.34697,1.34674,1.34698,1.34715,1.34717,1.34697,207
2016-11-15 18:51:00,2016-11-15 18:52:00,1.34693,1.34693,1.347,1.34691,1.34715,1.34716,1.34724,1.34713,158
2016-11-15 18:52:00,2016-11-15 18:53:00,1.34693,1.34682,1.34695,1.34675,1.34716,1.34703,1.34716,1.34697,268
2016-11-15 18:53:00,2016-11-15 18:54:00,1.34682,1.34662,1.34682,1.34637,1.34703,1.34686,1.34705,1.34659,264
2016-11-15 18:54:00,2016-11-15 18:55:00,1.34662,1.34691,1.34694,1.34663,1.34686,1.34714,1.34718,1.34686,277
2016-11-15 18:55:00,2016-11-15 18:56:00,1.34691,1.34695,1.34701,1.3468,1.34714,1.34717,1.34725,1.34704,269
2016-11-15 18:56:00,2016-11-15 18:57:00,1.34695,1.34724,1.34725,1.34692,1.34717,1.34742,1.34745,1.34714,197
2016-11-15 18:57:00,2016-11-15 18:58:00,1.34724,1.34722,1.34734,1.34713,1.34742,1.34742,1.34753,1.34735,251
2016-11-15 18:58:00,2016-11-15 18:59:00,1.34722,1.34704,1.34723,1.34703,1.34742,1.34724,1.34744,1.34724,198
2016-11-15 18:59:00,2016-11-15 19:00:00,1.34704,1.34702,1.34711,1.34657,1.34724,1.34726,1.34733,1.34678,580
2016-11-15 19:00:00,2016-11-15 19:01:00,1.34702,1.34721,1.34723,1.347,1.34726,1.34744,1.34746,1.34721,480
2016-11-15 19:01:00,2016-11-15 19:02:00,1.34721,1.34723,1.34723,1.34709,1.34744,1.34746,1.34746,1.34733,232
2016-11-15 19:02:00,2016-11-15 19:03:00,1.34723,1.34718,1.34723,1.34713,1.34746,1.34741,1.34746,1.34736,123
2016-11-15 19:03:00,2016-11-15 19:04:00,1.34718,1.34707,1.3473,1.34694,1.34741,1.34731,1.34752,1.3472,199
2016-11-15 19:04:00,2016-11-15 19:05:00,1.34707,1.34716,1.34717,1.34699,1.34731,1.34737,1.34739,1.34721,265
2016-11-15 19:05:00,2016-11-15 19:06:00,1.34716,1.34723,1.34735,1.34716,1.34737,1.34743,1.34756,1.34736,153
2016-11-15 19:06:00,2016-11-15 19:07:00,1.34723,1.34724,1.34727,1.34723,1.34743,1.34743,1.34748,1.34741,81
2016-11-15 19:07:00,2016-11-15 19:08:00,1.34724,1.34723,1.34731,1.34702,1.34743,1.34744,1.34754,1.34725,416
2016-11-15 19:08:00,2016-11-15 19:09:00,1.34723,1.34715,1.34736,1.34708,1.34744,1.34739,1.34759,1.3473,303
2016-11-15 19:09:00,2016-11-15 19:10:00,1.34715,1.34716,1.3472,1.34712,1.34739,1.34737,1.34743,1.34736,218
2016-11-15 19:10:00,2016-11-15 19:11:00,1.34716,1.34709,1.34719,1.34709,1.34737,1.34731,1.34741,1.34731,190
2016-11-15 19:11:00,2016-11-15 19:12:00,1.34709,1.34708,1.34723,1.34702,1.34731,1.3473,1.34745,1.34721,350
2016-11-15 19:12:00,2016-11-15 19:13:00,1.34708,1.34702,1.34712,1.34702,1.3473,1.34724,1.34735,1.34721,172
2016-11-15 19:13:00,2016-11-15 19:14:00,1.34702,1.34691,1.34706,1.34686,1.34724,1.34717,1.3473,1.34707,208
2016-11-15 19:14:00,2016-11-15 19:15:00,1.34691,1.34694,1.34697,1.34691,1.34717,1.34713,1.34721,1.34712,163
2016-11-15 19:15:00,2016-11-15 19:16:00,1.34694,1.34674,1.34702,1.34672,1.34713,1.34698,1.34724,1.34695,235
2016-11-15 19:16:00,2016-11-15 19:17:00,1.34674,1.34682,1.34696,1.34675,1.34698,1.34706,1.34718,1.34697,149
2016-11-15 19:17:00,2016-11-15 19:18:00,1.34682,1.34698,1.34711,1.34682,1.34706,1.34719,1.34734,1.34707,325
2016-11-15 19:18:00,2016-11-15 19:19:00,1.34698,1.34673,1.34699,1.34666,1.34719,1.34696,1.34721,1.34687,221
2016-11-15 19:19:00,2016-11-15 19:20:00,1.34673,1.3468,1.34689,1.34671,1.34696,1.34703,1.34712,1.34694,198
2016-11-15 19:20:00,2016-11-15 19:21:00,1.3468,1.34667,1.34686,1.34666,1.34703,1.34688,1.34707,1.34687,286
2016-11-15 19:21:00,2016-11-15 19:22:00,1.34667,1.34666,1.34677,1.34659,1.34688,1.34688,1.34699,1.34682,226
2016-11-15 19:22:00,2016-11-15 19:23:00,1.34666,1.3466,1.3467,1.34658,1.34688,1.34685,1.34692,1.3468,157
2016-11-15 19:23:00,2016-11-15 19:24:00,1.3466,1.3467,1.34676,1.3466,1.34685,1.34694,1.34699,1.34684,169
2016-11-15 19:24:00,2016-11-15 19:25:00,1.3467,1.34649,1.3467,1.34639,1.34694,1.34672,1.34694,1.34663,247
2016-11-15 19:25:00,2016-11-15 19:26:00,1.34649,1.34637,1.34649,1.34636,1.34672,1.34661,1.34672,1.3466,187
2016-11-15 19:26:00,2016-11-15 19:27:00,1.34637,1.34626,1.34639,1.34613,1.34661,1.34652,1.34663,1.34636,266
2016-11-15 19:27:00,2016-11-15 19:28:00,1.34626,1.34603,1.34638,1.34603,1.34652,1.34626,1.34662,1.34625,625
2016-11-15 19:28:00,2016-11-15 19:29:00,1.34603,1.34617,1.34637,1.34603,1.34626,1.34637,1.34658,1.34626,470
2016-11-15 19:29:00,2016-11-15 19:30:00,1.34617,1.34623,1.34627,1.34613,1.34637,1.34645,1.34646,1.34634,236
2016-11-15 19:30:00,2016-11-15 19:31:00,1.34623,1.34584,1.34623,1.34571,1.34645,1.34607,1.34645,1.34595,272
2016-11-15 19:31:00,2016-11-15 19:32:00,1.34584,1.34642,1.34651,1.34587,1.34607,1.34666,1.34674,1.34607,347
2016-11-15 19:32:00,2016-11-15 19:33:00,1.34642,1.34647,1.34652,1.34637,1.34666,1.34671,1.34673,1.3466,250
2016-11-15 19:33:00,2016-11-15 19:34:00,1.34647,1.3464,1.34649,1.34639,1.34671,1.34663,1.34672,1.34663,131
2016-11-15 19:34:00,2016-11-15 19:35:00,1.3464,1.34641,1.34655,1.3464,1.34663,1.34662,1.34675,1.34661,58
2016-11-15 19:35:00,2016-11-15 19:36:00,1.34641,1.34645,1.34654,1.34634,1.34662,1.34665,1.34676,1.34654,161
2016-11-15 19:36:00,2016-11-15 19:37:00,1.34645,1.34675,1.34687,1.34643,1.34665,1.34697,1.34709,1.34662,271
2016-11-15 19:37:00,2016-11-15 19:38:00,1.34675,1.34653,1.34686,1.34653,1.34697,1.34669,1.34707,1.34667,428
2016-11-15 19:38:00,2016-11-15 19:39:00,1.34653,1.34615,1.34653,1.34592,1.34669,1.34639,1.34668,1.34614,919
2016-11-15 19:39:00,2016-11-15 19:40:00,1.34615,1.34599,1.34619,1.34593,1.34639,1.34619,1.34643,1.34616,791
2016-11-15 19:40:00,2016-11-15 19:41:00,1.34599,1.34594,1.34612,1.34594,1.34619,1.34614,1.34633,1.34613,308
2016-11-15 19:41:00,2016-11-15 19:42:00,1.34594,1.34597,1.34601,1.34578,1.34614,1.3462,1.34625,1.34601,401
2016-11-15 19:42:00,2016-11-15 19:43:00,1.34597,1.34596,1.3461,1.34584,1.3462,1.34619,1.34635,1.34607,298
2016-11-15 19:43:00,2016-11-15 19:44:00,1.34596,1.34573,1.34596,1.34562,1.34619,1.34598,1.3462,1.34585,210
2016-11-15 19:44:00,2016-11-15 19:45:00,1.34573,1.34573,1.34582,1.34566,1.34598,1.34596,1.34606,1.34589,232
2016-11-15 19:45:00,2016-11-15 19:46:00,1.34573,1.34567,1.3458,1.34554,1.34596,1.34589,1.34604,1.34578,383
2016-11-15 19:46:00,2016-11-15 19:47:00,1.34567,1.34558,1.34575,1.34557,1.34589,1.3458,1.34598,1.3458,276
2016-11-15 19:47:00,2016-11-15 19:48:00,1.34558,1.34574,1.34577,1.34553,1.3458,1.34597,1.34599,1.34577,143
2016-11-15 19:48:00,2016-11-15 19:49:00,1.34574,1.34578,1.34585,1.34566,1.34597,1.34598,1.34608,1.34588,379
2016-11-15 19:49:00,2016-11-15 19:50:00,1.34578,1.34574,1.34578,1.34553,1.34598,1.34597,1.34599,1.34578,347
2016-11-15 19:50:00,2016-11-15 19:51:00,1.34574,1.34578,1.3458,1.34568,1.34597,1.34599,1.34601,1.34591,264
2016-11-15 19:51:00,2016-11-15 19:52:00,1.34578,1.34574,1.34589,1.34572,1.34599,1.34595,1.34611,1.34594,205
2016-11-15 19:52:00,2016-11-15 19:53:00,1.34574,1.34541,1.34574,1.34531,1.34595,1.34566,1.34596,1.34553,172
2016-11-15 19:53:00,2016-11-15 19:54:00,1.34541,1.34536,1.34547,1.34532,1.34566,1.34559,1.34571,1.34554,237
2016-11-15 19:54:00,2016-11-15 19:55:00,1.34536,1.34555,1.34559,1.34536,1.34559,1.34575,1.34579,1.34558,261
2016-11-15 19:55:00,2016-11-15 19:56:00,1.34555,1.34607,1.34607,1.34554,1.34575,1.34626,1.34627,1.34575,456
2016-11-15 19:56:00,2016-11-15 19:57:00,1.34607,1.34634,1.34644,1.34602,1.34626,1.34654,1.34665,1.3462,456
2016-11-15 19:57:00,2016-11-15 19:58:00,1.34634,1.34663,1.34674,1.34634,1.34654,1.34686,1.34695,1.34654,466
2016-11-15 19:58:00,2016-11-15 19:59:00,1.34663,1.34659,1.34677,1.34643,1.34686,1.34681,1.34701,1.34664,859
2016-11-15 19:59:00,2016-11-15 20:00:00,1.34659,1.3466,1.34674,1.34651,1.34681,1.34682,1.34694,1.34674,679
2016-11-15 20:00:00,2016-11-15 20:01:00,1.3466,1.34663,1.3467,1.34653,1.34682,1.34687,1.34693,1.34677,360
2016-11-15 20:01:00,2016-11-15 20:02:00,1.34663,1.3465,1.34663,1.34649,1.34687,1.34669,1.34686,1.34669,293
2016-11-15 20:02:00,2016-11-15 20:03:00,1.3465,1.34658,1.34659,1.34643,1.34669,1.34677,1.34679,1.34658,313
2016-11-15 20:03:00,2016-11-15 20:04:00,1.34658,1.34675,1.34678,1.34657,1.34677,1.34697,1.34699,1.34677,541
2016-11-15 20:04:00,2016-11-15 20:05:00,1.34675,1.34669,1.34678,1.34666,1.34697,1.3469,1.34698,1.34689,225
2016-11-15 20:05:00,2016-11-15 20:06:00,1.34669,1.34662,1.34677,1.34661,1.3469,1.34683,1.34696,1.34682,273
2016-11-15 20:06:00,2016-11-15 20:07:00,1.34662,1.3465,1.34662,1.34644,1.34683,1.34673,1.34683,1.34667,178
2016-11-15 20:07:00,2016-11-15 20:08:00,1.3465,1.3464,1.34667,1.3464,1.34673,1.34665,1.34687,1.34663,437
2016-11-15 20:08:00,2016-11-15 20:09:00,1.3464,1.34651,1.34659,1.34638,1.34665,1.34674,1.34682,1.34661,258
2016-11-15 20:09:00,2016-11-15 20:10:00,1.34651,1.34688,1.34693,1.34651,1.34674,1.34713,1.34717,1.34674,447
2016-11-15 20:10:00,2016-11-15 20:11:00,1.34688,1.34683,1.3469,1.34673,1.34713,1.34706,1.34714,1.34697,369
2016-11-15 20:11:00,2016-11-15 20:12:00,1.34683,1.34718,1.34722,1.34682,1.34706,1.34738,1.34743,1.34705,302
2016-11-15 20:12:00,2016-11-15 20:13:00,1.34718,1.34741,1.34747,1.34713,1.34738,1.3476,1.34766,1.34734,433
2016-11-15 20:13:00,2016-11-15 20:14:00,1.34741,1.3473,1.34746,1.3473,1.3476,1.34752,1.34768,1.34747,344
2016-11-15 20:14:00,2016-11-15 20:15:00,1.3473,1.347,1.34733,1.347,1.34752,1.34724,1.34755,1.34721,334
2016-11-15 20:15:00,2016-11-15 20:16:00,1.347,1.34712,1.34725,1.34697,1.34724,1.34733,1.34744,1.34718,312
2016-11-15 20:16:00,2016-11-15 20:17:00,1.34712,1.34725,1.34732,1.34712,1.34733,1.34745,1.34752,1.34731,259
2016-11-15 20:17:00,2016-11-15 20:18:00,1.34725,1.34744,1.34745,1.34723,1.34745,1.34761,1.34766,1.34742,222
2016-11-15 20:18:00,2016-11-15 20:19:00,1.34744,1.34737,1.34744,1.34735,1.34761,1.3476,1.34763,1.34755,64
2016-11-15 20:19:00,2016-11-15 20:20:00,1.34737,1.34713,1.34741,1.34708,1.3476,1.34736,1.34765,1.34731,372
2016-11-15 20:20:00,2016-11-15 20:21:00,1.34713,1.34716,1.34722,1.34712,1.34736,1.34739,1.34746,1.34735,195
2016-11-15 20:21:00,2016-11-15 20:22:00,1.34716,1.34691,1.34717,1.3469,1.34739,1.34715,1.34739,1.34713,170
2016-11-15 20:22:00,2016-11-15 20:23:00,1.34691,1.34665,1.34693,1.34665,1.34715,1.34688,1.34716,1.34687,365
2016-11-15 20:23:00,2016-11-15 20:24:00,1.34665,1.34654,1.34665,1.34643,1.34688,1.34676,1.34687,1.34665,329
2016-11-15 20:24:00,2016-11-15 20:25:00,1.34654,1.34656,1.3466,1.3465,1.34676,1.34679,1.34684,1.34673,264
2016-11-15 20:25:00,2016-11-15 20:26:00,1.34656,1.34655,1.34658,1.34651,1.34679,1.34678,1.34681,1.34674,209
2016-11-15 20:26:00,2016-11-15 20:27:00,1.34655,1.3465,1.34667,1.34642,1.34678,1.3467,1.34687,1.34661,411
2016-11-15 20:27:00,2016-11-15 20:28:00,1.3465,1.34647,1.34659,1.34644,1.3467,1.34667,1.34682,1.34663,186
2016-11-15 20:28:00,2016-11-15 20:29:00,1.34647,1.34645,1.34651,1.34644,1.34667,1.34668,1.34673,1.34665,145
2016-11-15 20:29:00,2016-11-15 20:30:00,1.34645,1.34614,1.34649,1.34613,1.34668,1.34636,1.34671,1.34636,303
2016-11-15 20:30:00,2016-11-15 20:31:00,1.34614,1.34596,1.34613,1.34593,1.34636,1.34617,1.34636,1.34615,285
2016-11-15 20:31:00,2016-11-15 20:32:00,1.34596,1.34582,1.346,1.34578,1.34617,1.34605,1.34621,1.34602,369
2016-11-15 20:32:00,2016-11-15 20:33:00,1.34582,1.34577,1.34585,1.34576,1.34605,1.34598,1.34608,1.34597,166
2016-11-15 20:33:00,2016-11-15 20:34:00,1.34577,1.34578,1.34585,1.34576,1.34598,1.34598,1.34605,1.34597,59
2016-11-15 20:34:00,2016-11-15 20:35:00,1.34578,1.34581,1.34585,1.34577,1.34598,1.34602,1.34606,1.34597,138
2016-11-15 20:35:00,2016-11-15 20:36:00,1.34581,1.34582,1.34587,1.34579,1.34602,1.34603,1.34608,1.346,115
2016-11-15 20:36:00,2016-11-15 20:37:00,1.34582,1.34561,1.34585,1.34552,1.34603,1.34583,1.34606,1.34574,226
2016-11-15 20:37:00,2016-11-15 20:38:00,1.34561,1.34578,1.34584,1.34561,1.34583,1.34601,1.34606,1.34584,210
2016-11-15 20:38:00,2016-11-15 20:39:00,1.34578,1.3456,1.34579,1.34559,1.34601,1.34583,1.34602,1.34579,173
2016-11-15 20:39:00,2016-11-15 20:40:00,1.3456,1.34566,1.34572,1.3456,1.34583,1.34588,1.34595,1.34581,209
2016-11-15 20:40:00,2016-11-15 20:41:00,1.34566,1.34557,1.34569,1.34549,1.34588,1.34579,1.34592,1.34571,297
2016-11-15 20:41:00,2016-11-15 20:42:00,1.34557,1.34562,1.34573,1.34555,1.34579,1.34585,1.34594,1.34578,194
2016-11-15 20:42:00,2016-11-15 20:43:00,1.34562,1.34558,1.34565,1.34558,1.34585,1.3458,1.34589,1.34579,176
2016-11-15 20:43:00,2016-11-15 20:44:00,1.34558,1.34566,1.34569,1.34549,1.3458,1.34589,1.34591,1.34571,288
2016-11-15 20:44:00,2016-11-15 20:45:00,1.34566,1.34556,1.34574,1.34555,1.34589,1.34579,1.34596,1.34578,264
2016-11-15 20:45:00,2016-11-15 20:46:00,1.34556,1.34555,1.34559,1.3455,1.34579,1.34579,1.34582,1.34573,165
2016-11-15 20:46:00,2016-11-15 20:47:00,1.34555,1.34555,1.34562,1.34541,1.34579,1.34578,1.34585,1.34563,290
2016-11-15 20:47:00,2016-11-15 20:48:00,1.34555,1.34545,1.3456,1.34543,1.34578,1.34568,1.34583,1.34566,362
2016-11-15 20:48:00,2016-11-15 20:49:00,1.34545,1.34545,1.34554,1.34544,1.34568,1.34568,1.34577,1.34565,316
2016-11-15 20:49:00,2016-11-15 20:50:00,1.34545,1.34556,1.34559,1.34543,1.34568,1.34579,1.34581,1.34566,421
2016-11-15 20:50:00,2016-11-15 20:51:00,1.34556,1.34564,1.34565,1.34554,1.34579,1.34587,1.34589,1.34577,131
2016-11-15 20:51:00,2016-11-15 20:52:00,1.34564,1.34543,1.34564,1.34543,1.34587,1.34565,1.34588,1.34565,257
2016-11-15 20:52:00,2016-11-15 20:53:00,1.34543,1.34555,1.34558,1.34543,1.34565,1.34577,1.34581,1.34565,169
2016-11-15 20:53:00,2016-11-15 20:54:00,1.34555,1.3456,1.34564,1.34549,1.34577,1.34585,1.34588,1.34572,192
2016-11-15 20:54:00,2016-11-15 20:55:00,1.3456,1.34507,1.34563,1.34503,1.34585,1.34528,1.34585,1.34526,518
2016-11-15 20:55:00,2016-11-15 20:56:00,1.34507,1.34511,1.34531,1.34496,1.34528,1.34534,1.34553,1.34518,604
2016-11-15 20:56:00,2016-11-15 20:57:00,1.34511,1.34496,1.34514,1.34494,1.34534,1.34514,1.34534,1.34513,362
2016-11-15 20:57:00,2016-11-15 20:58:00,1.34496,1.34487,1.34505,1.34483,1.34514,1.34506,1.34524,1.34504,346
2016-11-15 20:58:00,2016-11-15 20:59:00,1.34487,1.34463,1.34495,1.34459,1.34506,1.34483,1.34513,1.34483,498
2016-11-15 20:59:00,2016-11-15 21:00:00,1.34463,1.34509,1.34521,1.3446,1.34483,1.34534,1.34545,1.34482,478
2016-11-15 21:00:00,2016-11-15 21:01:00,1.34509,1.34502,1.34514,1.34497,1.34534,1.34526,1.34536,1.34521,525
2016-11-15 21:01:00,2016-11-15 21:02:00,1.34502,1.34494,1.34509,1.34489,1.34526,1.34513,1.34531,1.3451,276
2016-11-15 21:02:00,2016-11-15 21:03:00,1.34494,1.34476,1.34509,1.34473,1.34513,1.34498,1.34529,1.34496,319
2016-11-15 21:03:00,2016-11-15 21:04:00,1.34476,1.34469,1.34476,1.34465,1.34498,1.3449,1.34498,1.34484,230
2016-11-15 21:04:00,2016-11-15 21:05:00,1.34469,1.34465,1.34472,1.34464,1.3449,1.34486,1.34494,1.34484,185
2016-11-15 21:05:00,2016-11-15 21:06:00,1.34465,1.3447,1.34475,1.3446,1.34486,1.34489,1.34495,1.34484,322
2016-11-15 21:06:00,2016-11-15 21:07:00,1.3447,1.34454,1.34485,1.34449,1.34489,1.34476,1.34507,1.34472,266
2016-11-15 21:07:00,2016-11-15 21:08:00,1.34454,1.34456,1.3446,1.34437,1.34476,1.34478,1.34484,1.34462,204
2016-11-15 21:08:00,2016-11-15 21:09:00,1.34456,1.34472,1.34482,1.34456,1.34478,1.34492,1.34505,1.34478,317
2016-11-15 21:09:00,2016-11-15 21:10:00,1.34472,1.34479,1.34482,1.34464,1.34492,1.34501,1.34504,1.34484,319
2016-11-15 21:10:00,2016-11-15 21:11:00,1.34479,1.34501,1.34517,1.34479,1.34501,1.34523,1.34542,1.345,280
2016-11-15 21:11:00,2016-11-15 21:12:00,1.34501,1.34492,1.34516,1.34485,1.34523,1.34512,1.34538,1.34505,519
2016-11-15 21:12:00,2016-11-15 21:13:00,1.34492,1.34485,1.34499,1.34485,1.34512,1.34506,1.34524,1.34505,340
2016-11-15 21:13:00,2016-11-15 21:14:00,1.34485,1.34494,1.34505,1.34484,1.34506,1.34517,1.34529,1.34502,238
2016-11-15 21:14:00,2016-11-15 21:15:00,1.34494,1.34487,1.34494,1.34481,1.34517,1.34511,1.34517,1.34505,142
2016-11-15 21:15:00,2016-11-15 21:16:00,1.34487,1.34481,1.34489,1.34451,1.34511,1.34502,1.34514,1.34472,341
2016-11-15 21:16:00,2016-11-15 21:17:00,1.34481,1.3447,1.34488,1.34467,1.34502,1.34494,1.34509,1.3449,321
2016-11-15 21:17:00,2016-11-15 21:18:00,1.3447,1.34441,1.3447,1.34438,1.34494,1.3446,1.34495,1.3446,548
2016-11-15 21:18:00,2016-11-15 21:19:00,1.34441,1.34451,1.34451,1.34431,1.3446,1.34474,1.34477,1.34455,209
2016-11-15 21:19:00,2016-11-15 21:20:00,1.34451,1.34471,1.34477,1.34445,1.34474,1.34493,1.34499,1.34465,530
2016-11-15 21:20:00,2016-11-15 21:21:00,1.34471,1.34482,1.34488,1.34465,1.34493,1.34502,1.34508,1.3449,334
2016-11-15 21:21:00,2016-11-15 21:22:00,1.34482,1.34468,1.34487,1.34464,1.34502,1.34488,1.34507,1.34481,332
2016-11-15 21:22:00,2016-11-15 21:23:00,1.34468,1.34464,1.34469,1.34461,1.34488,1.34486,1.34494,1.34476,108
2016-11-15 21:23:00,2016-11-15 21:24:00,1.34464,1.34463,1.34464,1.34462,1.34486,1.34485,1.34487,1.34483,57
2016-11-15 21:24:00,2016-11-15 21:25:00,1.34463,1.34456,1.34465,1.34454,1.34485,1.34475,1.34486,1.34473,229
2016-11-15 21:25:00,2016-11-15 21:26:00,1.34456,1.34445,1.34459,1.34439,1.34475,1.34467,1.34481,1.34459,290
2016-11-15 21:26:00,2016-11-15 21:27:00,1.34445,1.34454,1.34456,1.34445,1.34467,1.34476,1.34478,1.34466,291
2016-11-15 21:27:00,2016-11-15 21:28:00,1.34454,1.34459,1.3446,1.34447,1.34476,1.3448,1.34482,1.34467,540
2016-11-15 21:28:00,2016-11-15 21:29:00,1.34459,1.34457,1.34459,1.34453,1.3448,1.34475,1.34482,1.34471,268
2016-11-15 21:29:00,2016-11-15 21:30:00,1.34457,1.3447,1.34486,1.34445,1.34475,1.34498,1.34511,1.34467,1126
2016-11-15 21:30:00,2016-11-15 21:31:00,1.3447,1.34533,1.34598,1.34468,1.34498,1.34556,1.34633,1.34493,836
2016-11-15 21:31:00,2016-11-15 21:32:00,1.34533,1.34542,1.34556,1.34506,1.34556,1.3457,1.34585,1.34535,523
2016-11-15 21:32:00,2016-11-15 21:33:00,1.34542,1.34556,1.34558,1.34532,1.3457,1.34577,1.3458,1.34557,326
2016-11-15 21:33:00,2016-11-15 21:34:00,1.34556,1.3457,1.34582,1.34549,1.34577,1.34596,1.34608,1.34571,302
2016-11-15 21:34:00,2016-11-15 21:35:00,1.3457,1.34583,1.34583,1.34563,1.34596,1.34605,1.34605,1.34588,298
2016-11-15 21:35:00,2016-11-15 21:36:00,1.34583,1.34582,1.34608,1.34581,1.34605,1.34608,1.34633,1.34601,422
2016-11-15 21:36:00,2016-11-15 21:37:00,1.34582,1.34567,1.34583,1.34562,1.34608,1.34591,1.34608,1.34585,191
2016-11-15 21:37:00,2016-11-15 21:38:00,1.34567,1.34563,1.34568,1.34561,1.34591,1.34587,1.34593,1.34586,253
2016-11-15 21:38:00,2016-11-15 21:39:00,1.34563,1.34591,1.34596,1.34562,1.34587,1.34621,1.34623,1.34585,388
2016-11-15 21:39:00,2016-11-15 21:40:00,1.34591,1.34612,1.34621,1.3458,1.34621,1.34636,1.34644,1.34609,180
2016-11-15 21:40:00,2016-11-15 21:41:00,1.34612,1.34611,1.34633,1.34609,1.34636,1.34636,1.34657,1.34632,254
2016-11-15 21:41:00,2016-11-15 21:42:00,1.34611,1.3456,1.34612,1.34554,1.34636,1.34593,1.34637,1.34581,573
2016-11-15 21:42:00,2016-11-15 21:43:00,1.3456,1.34598,1.346,1.34558,1.34593,1.34622,1.34625,1.34592,600
2016-11-15 21:43:00,2016-11-15 21:44:00,1.34598,1.3457,1.34601,1.34554,1.34622,1.346,1.34623,1.3458,664
2016-11-15 21:44:00,2016-11-15 21:45:00,1.3457,1.34571,1.34574,1.34568,1.346,1.34597,1.34602,1.34593,712
2016-11-15 21:45:00,2016-11-15 21:46:00,1.34571,1.34574,1.34576,1.34568,1.34597,1.34599,1.34601,1.34594,46
2016-11-15 21:46:00,2016-11-15 21:47:00,1.34574,1.34568,1.3458,1.34565,1.34599,1.34595,1.34605,1.34592,58
2016-11-15 21:47:00,2016-11-15 21:48:00,1.34568,1.34557,1.34569,1.34553,1.34595,1.3458,1.34596,1.34578,120
2016-11-15 21:48:00,2016-11-15 21:49:00,1.34557,1.34559,1.34565,1.34552,1.3458,1.34584,1.34587,1.34576,166
2016-11-15 21:49:00,2016-11-15 21:50:00,1.34559,1.34564,1.34568,1.34553,1.34584,1.3459,1.34596,1.34583,89
2016-11-15 21:50:00,2016-11-15 21:51:00,1.34564,1.34511,1.34562,1.34507,1.3459,1.34537,1.3459,1.34533,112
2016-11-15 21:51:00,2016-11-15 21:52:00,1.34511,1.34512,1.34522,1.345,1.34537,1.34537,1.34546,1.34527,163
2016-11-15 21:52:00,2016-11-15 21:53:00,1.34512,1.34493,1.34514,1.34484,1.34537,1.34529,1.34539,1.3451,166
2016-11-15 21:53:00,2016-11-15 21:54:00,1.34493,1.34516,1.3453,1.34484,1.34529,1.34541,1.34555,1.3451,251
2016-11-15 21:54:00,2016-11-15 21:55:00,1.34516,1.34485,1.34526,1.34478,1.34541,1.34506,1.34549,1.34504,280
2016-11-15 21:55:00,2016-11-15 21:56:00,1.34485,1.34468,1.34491,1.34454,1.34506,1.34491,1.3451,1.34479,258
2016-11-15 21:56:00,2016-11-15 21:57:00,1.34468,1.34449,1.34469,1.34444,1.34491,1.34467,1.34492,1.34467,143
2016-11-15 21:57:00,2016-11-15 21:58:00,1.34449,1.34459,1.34483,1.34437,1.34467,1.34487,1.34509,1.34465,315
2016-11-15 21:58:00,2016-11-15 21:59:00,1.34459,1.34468,1.34476,1.34451,1.34487,1.34493,1.34509,1.34476,349
2016-11-15 21:59:00,2016-11-15 22:00:00,1.34468,1.34421,1.34475,1.34421,1.34493,1.34489,1.345,1.34479,35
2016-11-15 22:00:00,2016-11-15 22:01:00,1.34421,1.34457,1.34457,1.34428,1.34489,1.34486,1.34498,1.34486,10
2016-11-15 22:01:00,2016-11-15 22:02:00,1.34457,1.34469,1.34469,1.3446,1.34486,1.34498,1.34498,1.34486,5
2016-11-15 22:02:00,2016-11-15 22:03:00,1.34469,1.3447,1.3447,1.34466,1.34498,1.34498,1.34498,1.34494,5
2016-11-15 22:03:00,2016-11-15 22:05:00,1.3447,1.3447,1.3447,1.34469,1.34498,1.34498,1.34498,1.34498,2
2016-11-15 22:05:00,2016-11-15 22:06:00,1.3447,1.34474,1.34474,1.3447,1.34498,1.34504,1.34504,1.34497,12
2016-11-15 22:06:00,2016-11-15 22:07:00,1.34474,1.34473,1.34474,1.34473,1.34504,1.34502,1.34504,1.34502,7
2016-11-15 22:07:00,2016-11-15 22:08:00,1.34473,1.34461,1.34472,1.3446,1.34502,1.34501,1.34502,1.34499,14
2016-11-15 22:08:00,2016-11-15 22:09:00,1.34461,1.34484,1.34511,1.3446,1.34501,1.34536,1.34544,1.34499,20
2016-11-15 22:09:00,2016-11-15 22:10:00,1.34484,1.34485,1.34491,1.34481,1.34536,1.34536,1.34544,1.34536,21
2016-11-15 22:10:00,2016-11-15 22:11:00,1.34485,1.34483,1.34485,1.34483,1.34536,1.34531,1.34537,1.34531,4
2016-11-15 22:11:00,2016-11-15 22:12:00,1.34483,1.3451,1.3451,1.34489,1.34531,1.34538,1.34538,1.3452,10
2016-11-15 22:12:00,2016-11-15 22:13:00,1.3451,1.34488,1.3451,1.34488,1.34538,1.34524,1.34538,1.34524,8
2016-11-15 22:13:00,2016-11-15 22:14:00,1.34488,1.34494,1.34495,1.34488,1.34524,1.34536,1.34537,1.3453,6
2016-11-15 22:14:00,2016-11-15 22:15:00,1.34494,1.34493,1.34515,1.34493,1.34536,1.34538,1.34541,1.34534,21
2016-11-15 22:15:00,2016-11-15 22:16:00,1.34493,1.34504,1.3451,1.34498,1.34538,1.34546,1.34546,1.34538,24
2016-11-15 22:16:00,2016-11-15 22:17:00,1.34504,1.34539,1.34605,1.34504,1.34546,1.34569,1.34688,1.34542,122
2016-11-15 22:17:00,2016-11-15 22:18:00,1.34539,1.34512,1.34539,1.34501,1.34569,1.34577,1.3465,1.34558,40
2016-11-15 22:18:00,2016-11-15 22:19:00,1.34512,1.34515,1.34524,1.34505,1.34577,1.34581,1.34584,1.34576,17
2016-11-15 22:19:00,2016-11-15 22:20:00,1.34515,1.34521,1.34521,1.34513,1.34581,1.34583,1.34583,1.34576,7
2016-11-15 22:20:00,2016-11-15 22:21:00,1.34521,1.34527,1.34528,1.34521,1.34583,1.34593,1.34594,1.34588,8
2016-11-15 22:21:00,2016-11-15 22:22:00,1.34527,1.34537,1.34555,1.34525,1.34593,1.34625,1.34625,1.34601,29
2016-11-15 22:22:00,2016-11-15 22:23:00,1.34537,1.34537,1.34537,1.34537,1.34625,1.34624,1.34624,1.34623,2
2016-11-15 22:23:00,2016-11-15 22:24:00,1.34537,1.34537,1.34537,1.34537,1.34624,1.34614,1.34622,1.34612,7
2016-11-15 22:24:00,2016-11-15 22:25:00,1.34537,1.34551,1.34553,1.34537,1.34614,1.34589,1.34603,1.34589,15
2016-11-15 22:25:00,2016-11-15 22:26:00,1.34551,1.34538,1.34557,1.34538,1.34589,1.34594,1.34595,1.34569,37
2016-11-15 22:26:00,2016-11-15 22:27:00,1.34538,1.34538,1.34539,1.34538,1.34594,1.34595,1.34596,1.34592,7
2016-11-15 22:27:00,2016-11-15 22:29:00,1.34538,1.34538,1.34538,1.34538,1.34595,1.34595,1.34595,1.34593,2
2016-11-15 22:29:00,2016-11-15 22:30:00,1.34538,1.34538,1.34538,1.34538,1.34595,1.34585,1.34595,1.34585,16
2016-11-15 22:30:00,2016-11-15 22:31:00,1.34538,1.34539,1.34539,1.34538,1.34585,1.34588,1.34588,1.34583,6
2016-11-15 22:31:00,2016-11-15 22:32:00,1.34539,1.34539,1.34539,1.34539,1.34588,1.34589,1.34589,1.34587,5
2016-11-15 22:32:00,2016-11-15 22:33:00,1.34539,1.34539,1.34539,1.34539,1.34589,1.34591,1.34592,1.34589,6
2016-11-15 22:33:00,2016-11-15 22:34:00,1.34539,1.34525,1.34539,1.34525,1.34591,1.34587,1.34592,1.34587,10
2016-11-15 22:34:00,2016-11-15 22:35:00,1.34525,1.34539,1.34539,1.34525,1.34587,1.34588,1.34588,1.34587,4
2016-11-15 22:35:00,2016-11-15 22:36:00,1.34539,1.34539,1.34539,1.34525,1.34588,1.34588,1.34588,1.34588,2
2016-11-15 22:36:00,2016-11-15 22:37:00,1.34539,1.34539,1.34539,1.34538,1.34588,1.34588,1.34594,1.34581,12
2016-11-15 22:37:00,2016-11-15 22:38:00,1.34539,1.34539,1.34539,1.34537,1.34588,1.34586,1.3459,1.34584,25
2016-11-15 22:38:00,2016-11-15 22:39:00,1.34539,1.34539,1.34539,1.34539,1.34586,1.34588,1.34589,1.34586,13
2016-11-15 22:39:00,2016-11-15 22:40:00,1.34539,1.34539,1.34539,1.34539,1.34588,1.34587,1.34589,1.34586,9
2016-11-15 22:40:00,2016-11-15 22:41:00,1.34539,1.34539,1.34539,1.34539,1.34587,1.34584,1.34586,1.34584,2
2016-11-15 22:41:00,2016-11-15 22:43:00,1.34539,1.34539,1.34539,1.34539,1.34584,1.34586,1.34586,1.34585,2
2016-11-15 22:43:00,2016-11-15 22:44:00,1.34539,1.34539,1.34539,1.34539,1.34586,1.34586,1.34586,1.34583,4
2016-11-15 22:44:00,2016-11-15 22:45:00,1.34539,1.3454,1.3454,1.34538,1.34586,1.34593,1.34594,1.34583,16
2016-11-15 22:45:00,2016-11-15 22:46:00,1.3454,1.34541,1.34548,1.34537,1.34593,1.34587,1.34608,1.34566,42
2016-11-15 22:46:00,2016-11-15 22:47:00,1.34541,1.34544,1.34544,1.34544,1.34587,1.34593,1.34593,1.34592,2
2016-11-15 22:47:00,2016-11-15 22:48:00,1.34544,1.34542,1.34554,1.34542,1.34593,1.34593,1.34595,1.34592,9
2016-11-15 22:48:00,2016-11-15 22:49:00,1.34542,1.34542,1.34542,1.34541,1.34593,1.34592,1.34592,1.34592,2
2016-11-15 22:49:00,2016-11-15 22:50:00,1.34542,1.34549,1.34549,1.34542,1.34592,1.34597,1.34598,1.34593,9
2016-11-15 22:50:00,2016-11-15 22:51:00,1.34549,1.34548,1.34549,1.34548,1.34597,1.34598,1.34598,1.34598,2
2016-11-15 22:51:00,2016-11-15 22:52:00,1.34548,1.34548,1.34549,1.34548,1.34598,1.34598,1.34598,1.34596,6
2016-11-15 22:52:00,2016-11-15 22:53:00,1.34548,1.34548,1.34548,1.34548,1.34598,1.34598,1.34598,1.34597,4
2016-11-15 22:53:00,2016-11-15 22:54:00,1.34548,1.34546,1.34547,1.34544,1.34598,1.34598,1.34598,1.34597,5
2016-11-15 22:54:00,2016-11-15 22:55:00,1.34546,1.34539,1.34557,1.34539,1.34598,1.3459,1.34598,1.3459,14
2016-11-15 22:55:00,2016-11-15 22:56:00,1.34539,1.3454,1.3454,1.3454,1.3459,1.3459,1.3459,1.34588,3
2016-11-15 22:56:00,2016-11-15 22:57:00,1.3454,1.34539,1.3454,1.34538,1.3459,1.3459,1.3459,1.34588,4
2016-11-15 22:57:00,2016-11-15 22:58:00,1.34539,1.34539,1.3454,1.34539,1.3459,1.34576,1.34578,1.34568,10
2016-11-15 22:58:00,2016-11-15 22:59:00,1.34539,1.3454,1.34543,1.34539,1.34576,1.34573,1.34592,1.34569,39
2016-11-15 22:59:00,2016-11-15 23:00:00,1.3454,1.34521,1.3454,1.34509,1.34573,1.34564,1.34572,1.34547,223
2016-11-15 23:00:00,2016-11-15 23:01:00,1.34521,1.34519,1.34526,1.34515,1.34564,1.34563,1.34564,1.34563,67
2016-11-15 23:01:00,2016-11-15 23:02:00,1.34519,1.34515,1.34523,1.34511,1.34563,1.34559,1.34563,1.34556,41
2016-11-15 23:02:00,2016-11-15 23:03:00,1.34515,1.34516,1.34522,1.34512,1.34559,1.34559,1.34561,1.34556,26
2016-11-15 23:03:00,2016-11-15 23:04:00,1.34516,1.34524,1.34524,1.34513,1.34559,1.34571,1.34571,1.34559,39
2016-11-15 23:04:00,2016-11-15 23:05:00,1.34524,1.34529,1.34529,1.34517,1.34571,1.34568,1.34571,1.34564,67
2016-11-15 23:05:00,2016-11-15 23:06:00,1.34529,1.34513,1.3454,1.3451,1.34568,1.34564,1.34571,1.34559,153
2016-11-15 23:06:00,2016-11-15 23:07:00,1.34513,1.34521,1.34523,1.3451,1.34564,1.34567,1.3457,1.34559,64
2016-11-15 23:07:00,2016-11-15 23:08:00,1.34521,1.34531,1.34532,1.34518,1.34567,1.3456,1.34571,1.34553,79
2016-11-15 23:08:00,2016-11-15 23:09:00,1.34531,1.34537,1.34543,1.34531,1.3456,1.34573,1.34579,1.3456,50
2016-11-15 23:09:00,2016-11-15 23:10:00,1.34537,1.34555,1.34561,1.34517,1.34573,1.34584,1.34587,1.34553,208
2016-11-15 23:10:00,2016-11-15 23:11:00,1.34555,1.3457,1.34571,1.34545,1.34584,1.34595,1.34598,1.34581,99
2016-11-15 23:11:00,2016-11-15 23:12:00,1.3457,1.34579,1.3458,1.34566,1.34595,1.34606,1.34606,1.34594,58
2016-11-15 23:12:00,2016-11-15 23:13:00,1.34579,1.3457,1.34578,1.3457,1.34606,1.34606,1.34608,1.34599,47
2016-11-15 23:13:00,2016-11-15 23:14:00,1.3457,1.3458,1.34593,1.34564,1.34606,1.34615,1.34623,1.34599,173
2016-11-15 23:14:00,2016-11-15 23:15:00,1.3458,1.34578,1.34583,1.34573,1.34615,1.3461,1.34617,1.34606,110
2016-11-15 23:15:00,2016-11-15 23:16:00,1.34578,1.34582,1.34589,1.34577,1.3461,1.34616,1.3462,1.34608,95
2016-11-15 23:16:00,2016-11-15 23:17:00,1.34582,1.34582,1.34584,1.3458,1.34616,1.34614,1.34616,1.34613,26
2016-11-15 23:17:00,2016-11-15 23:18:00,1.34582,1.34595,1.34596,1.34581,1.34614,1.34619,1.34621,1.34613,90
2016-11-15 23:18:00,2016-11-15 23:19:00,1.34595,1.34597,1.34598,1.34591,1.34619,1.3462,1.3462,1.34617,64
2016-11-15 23:19:00,2016-11-15 23:20:00,1.34597,1.3461,1.34612,1.3459,1.3462,1.34637,1.3464,1.34619,85
2016-11-15 23:20:00,2016-11-15 23:21:00,1.3461,1.3461,1.34612,1.34606,1.34637,1.34635,1.34638,1.34631,49
2016-11-15 23:21:00,2016-11-15 23:22:00,1.3461,1.34614,1.3462,1.3461,1.34635,1.3464,1.34643,1.34635,95
2016-11-15 23:22:00,2016-11-15 23:23:00,1.34614,1.34619,1.34628,1.34614,1.3464,1.34647,1.34655,1.3464,161
2016-11-15 23:23:00,2016-11-15 23:24:00,1.34619,1.3461,1.34625,1.34605,1.34647,1.34638,1.34649,1.34631,100
2016-11-15 23:24:00,2016-11-15 23:25:00,1.3461,1.3461,1.34612,1.34604,1.34638,1.34639,1.34643,1.34635,83
2016-11-15 23:25:00,2016-11-15 23:26:00,1.3461,1.34609,1.34613,1.34604,1.34639,1.3464,1.34643,1.34638,43
2016-11-15 23:26:00,2016-11-15 23:27:00,1.34609,1.3461,1.34615,1.34608,1.3464,1.34641,1.34647,1.34639,50
2016-11-15 23:27:00,2016-11-15 23:28:00,1.3461,1.34597,1.3461,1.34595,1.34641,1.34628,1.34641,1.3462,90
2016-11-15 23:28:00,2016-11-15 23:29:00,1.34597,1.34586,1.34599,1.34585,1.34628,1.34614,1.3463,1.34613,74
2016-11-15 23:29:00,2016-11-15 23:30:00,1.34586,1.34593,1.34593,1.34584,1.34614,1.34625,1.34627,1.34612,59
2016-11-15 23:30:00,2016-11-15 23:31:00,1.34593,1.34597,1.34597,1.34592,1.34625,1.34623,1.34627,1.34622,23
2016-11-15 23:31:00,2016-11-15 23:32:00,1.34597,1.346,1.346,1.34595,1.34623,1.3463,1.34631,1.34621,54
2016-11-15 23:32:00,2016-11-15 23:33:00,1.346,1.34597,1.34606,1.34594,1.3463,1.34628,1.34636,1.34628,81
2016-11-15 23:33:00,2016-11-15 23:34:00,1.34597,1.34593,1.34599,1.3459,1.34628,1.34626,1.34629,1.34626,80
2016-11-15 23:34:00,2016-11-15 23:35:00,1.34593,1.34587,1.34597,1.34583,1.34626,1.34613,1.34628,1.34611,75
2016-11-15 23:35:00,2016-11-15 23:36:00,1.34587,1.34588,1.34589,1.3458,1.34613,1.34612,1.34615,1.34608,74
2016-11-15 23:36:00,2016-11-15 23:37:00,1.34588,1.34581,1.34588,1.34576,1.34612,1.3461,1.34613,1.34603,81
2016-11-15 23:37:00,2016-11-15 23:38:00,1.34581,1.34576,1.34581,1.34574,1.3461,1.3461,1.34611,1.34608,55
2016-11-15 23:38:00,2016-11-15 23:39:00,1.34576,1.34584,1.34586,1.34575,1.3461,1.34613,1.34615,1.34603,72
2016-11-15 23:39:00,2016-11-15 23:40:00,1.34584,1.34584,1.34588,1.34584,1.34613,1.34613,1.34617,1.34611,32
2016-11-15 23:40:00,2016-11-15 23:41:00,1.34584,1.34595,1.34595,1.34584,1.34613,1.34629,1.34629,1.34611,63
2016-11-15 23:41:00,2016-11-15 23:42:00,1.34595,1.34586,1.34595,1.34586,1.34629,1.34618,1.34628,1.34616,58
2016-11-15 23:42:00,2016-11-15 23:43:00,1.34586,1.34574,1.34586,1.34571,1.34618,1.34599,1.34618,1.34598,62
2016-11-15 23:43:00,2016-11-15 23:44:00,1.34574,1.34574,1.34576,1.3457,1.34599,1.34599,1.34602,1.34596,49
2016-11-15 23:44:00,2016-11-15 23:45:00,1.34574,1.34575,1.34578,1.3457,1.34599,1.34596,1.34603,1.34593,122
2016-11-15 23:45:00,2016-11-15 23:46:00,1.34575,1.34574,1.34575,1.3457,1.34596,1.346,1.34602,1.34594,71
2016-11-15 23:46:00,2016-11-15 23:47:00,1.34574,1.34573,1.34579,1.34572,1.346,1.34598,1.34605,1.34596,87
2016-11-15 23:47:00,2016-11-15 23:48:00,1.34573,1.34576,1.3458,1.34573,1.34598,1.34602,1.34606,1.34597,107
2016-11-15 23:48:00,2016-11-15 23:49:00,1.34576,1.3457,1.34578,1.3457,1.34602,1.34603,1.34604,1.34598,68
2016-11-15 23:49:00,2016-11-15 23:50:00,1.3457,1.34572,1.34578,1.34569,1.34603,1.34597,1.34606,1.34594,67
2016-11-15 23:50:00,2016-11-15 23:51:00,1.34572,1.3457,1.34576,1.34565,1.34597,1.34598,1.34601,1.34594,43
2016-11-15 23:51:00,2016-11-15 23:52:00,1.3457,1.34569,1.34572,1.34569,1.34598,1.34599,1.346,1.34598,27
2016-11-15 23:52:00,2016-11-15 23:53:00,1.34569,1.34564,1.34573,1.34564,1.34599,1.34596,1.34601,1.34595,50
2016-11-15 23:53:00,2016-11-15 23:54:00,1.34564,1.34565,1.34566,1.34564,1.34596,1.34595,1.34598,1.34594,23
2016-11-15 23:54:00,2016-11-15 23:55:00,1.34565,1.3456,1.34565,1.34557,1.34595,1.34592,1.34597,1.34587,48
2016-11-15 23:55:00,2016-11-15 23:56:00,1.3456,1.34546,1.34561,1.34545,1.34592,1.34578,1.34593,1.34574,84
2016-11-15 23:56:00,2016-11-15 23:57:00,1.34546,1.34551,1.34552,1.34545,1.34578,1.34582,1.34582,1.3457,77
2016-11-15 23:57:00,2016-11-15 23:58:00,1.34551,1.34545,1.34551,1.34545,1.34582,1.34579,1.34583,1.34576,27
2016-11-15 23:58:00,2016-11-15 23:59:00,1.34545,1.34539,1.34548,1.34537,1.34579,1.34565,1.3458,1.34563,57
2016-11-15 23:59:00,2016-11-16 00:00:00,1.34539,1.3454,1.34545,1.34533,1.34565,1.34566,1.34572,1.34559,189
2016-11-16 00:00:00,2016-11-16 00:01:00,1.3454,1.34539,1.34549,1.34536,1.34566,1.34568,1.34575,1.34564,218
2016-11-16 00:01:00,2016-11-16 00:02:00,1.34539,1.3454,1.34541,1.34539,1.34568,1.34568,1.3457,1.34567,41
2016-11-16 00:02:00,2016-11-16 00:03:00,1.3454,1.34545,1.34549,1.34538,1.34568,1.34571,1.34579,1.34565,156
2016-11-16 00:03:00,2016-11-16 00:04:00,1.34545,1.34543,1.34549,1.3454,1.34571,1.34569,1.34579,1.34566,99
2016-11-16 00:04:00,2016-11-16 00:05:00,1.34543,1.34547,1.3456,1.34542,1.34569,1.34578,1.34591,1.34568,123
2016-11-16 00:05:00,2016-11-16 00:06:00,1.34547,1.3454,1.34553,1.34537,1.34578,1.34565,1.34582,1.34562,89
2016-11-16 00:06:00,2016-11-16 00:07:00,1.3454,1.34533,1.34549,1.34529,1.34565,1.34559,1.3458,1.34555,129
2016-11-16 00:07:00,2016-11-16 00:08:00,1.34533,1.34501,1.34539,1.34501,1.34559,1.34528,1.34565,1.34527,158
2016-11-16 00:08:00,2016-11-16 00:09:00,1.34501,1.34497,1.34507,1.34487,1.34528,1.34523,1.3453,1.34514,218
2016-11-16 00:09:00,2016-11-16 00:10:00,1.34497,1.34503,1.34509,1.34493,1.34523,1.34531,1.34538,1.34521,139
2016-11-16 00:10:00,2016-11-16 00:11:00,1.34503,1.34488,1.34502,1.34477,1.34531,1.34514,1.34531,1.34504,217
2016-11-16 00:11:00,2016-11-16 00:12:00,1.34488,1.3448,1.34504,1.34479,1.34514,1.34506,1.34527,1.34506,182
2016-11-16 00:12:00,2016-11-16 00:13:00,1.3448,1.34468,1.3448,1.34458,1.34506,1.34496,1.34507,1.34486,144
2016-11-16 00:13:00,2016-11-16 00:14:00,1.34468,1.34468,1.34473,1.34458,1.34496,1.34492,1.34504,1.34482,193
2016-11-16 00:14:00,2016-11-16 00:15:00,1.34468,1.34466,1.34473,1.3446,1.34492,1.3449,1.34497,1.34484,160
2016-11-16 00:15:00,2016-11-16 00:16:00,1.34466,1.34477,1.34484,1.34466,1.3449,1.34502,1.34509,1.34489,126
2016-11-16 00:16:00,2016-11-16 00:17:00,1.34477,1.34448,1.34475,1.34442,1.34502,1.34473,1.34503,1.34464,474
2016-11-16 00:17:00,2016-11-16 00:18:00,1.34448,1.34463,1.34472,1.34434,1.34473,1.34487,1.34495,1.34455,434
2016-11-16 00:18:00,2016-11-16 00:19:00,1.34463,1.34455,1.34465,1.34453,1.34487,1.34477,1.34492,1.34476,246
2016-11-16 00:19:00,2016-11-16 00:20:00,1.34455,1.3445,1.34461,1.34444,1.34477,1.34477,1.34489,1.34469,196
2016-11-16 00:20:00,2016-11-16 00:21:00,1.3445,1.34454,1.34458,1.3445,1.34477,1.3448,1.34484,1.34476,148
2016-11-16 00:21:00,2016-11-16 00:22:00,1.34454,1.34449,1.34459,1.34446,1.3448,1.34477,1.34485,1.34472,95
2016-11-16 00:22:00,2016-11-16 00:23:00,1.34449,1.34448,1.34461,1.34443,1.34477,1.34474,1.34486,1.34466,316
2016-11-16 00:23:00,2016-11-16 00:24:00,1.34448,1.34429,1.34451,1.34428,1.34474,1.34458,1.34478,1.34455,264
2016-11-16 00:24:00,2016-11-16 00:25:00,1.34429,1.344,1.3443,1.34399,1.34458,1.34426,1.34459,1.34426,165
2016-11-16 00:25:00,2016-11-16 00:26:00,1.344,1.34406,1.34408,1.344,1.34426,1.3443,1.34432,1.34424,142
2016-11-16 00:26:00,2016-11-16 00:27:00,1.34406,1.34386,1.34407,1.34348,1.3443,1.34413,1.34431,1.34373,440
2016-11-16 00:27:00,2016-11-16 00:28:00,1.34386,1.34352,1.34391,1.34352,1.34413,1.34381,1.34416,1.34377,222
2016-11-16 00:28:00,2016-11-16 00:29:00,1.34352,1.34366,1.34366,1.34352,1.34381,1.34389,1.3439,1.3438,97
2016-11-16 00:29:00,2016-11-16 00:30:00,1.34366,1.34374,1.3438,1.34362,1.34389,1.34398,1.34406,1.34389,189
2016-11-16 00:30:00,2016-11-16 00:31:00,1.34374,1.34382,1.34383,1.34357,1.34398,1.34404,1.34405,1.34381,171
2016-11-16 00:31:00,2016-11-16 00:32:00,1.34382,1.34374,1.34383,1.3437,1.34404,1.34397,1.34406,1.34396,150
2016-11-16 00:32:00,2016-11-16 00:33:00,1.34374,1.3439,1.34397,1.3437,1.34397,1.34413,1.34418,1.34396,278
2016-11-16 00:33:00,2016-11-16 00:34:00,1.3439,1.3439,1.34414,1.34383,1.34413,1.34413,1.34439,1.34407,285
2016-11-16 00:34:00,2016-11-16 00:35:00,1.3439,1.34374,1.3439,1.34372,1.34413,1.34399,1.34414,1.34395,177
2016-11-16 00:35:00,2016-11-16 00:36:00,1.34374,1.34392,1.34394,1.34374,1.34399,1.34416,1.34417,1.34395,200
2016-11-16 00:36:00,2016-11-16 00:37:00,1.34392,1.34392,1.34394,1.3438,1.34416,1.34413,1.34418,1.34404,107
2016-11-16 00:37:00,2016-11-16 00:38:00,1.34392,1.34394,1.34395,1.34391,1.34413,1.34416,1.34418,1.34413,57
2016-11-16 00:38:00,2016-11-16 00:39:00,1.34394,1.34392,1.34398,1.34392,1.34416,1.34414,1.3442,1.34412,95
2016-11-16 00:39:00,2016-11-16 00:40:00,1.34392,1.34424,1.34424,1.34392,1.34414,1.34446,1.34446,1.34414,158
2016-11-16 00:40:00,2016-11-16 00:41:00,1.34424,1.34427,1.34431,1.34416,1.34446,1.3445,1.34455,1.34437,205
2016-11-16 00:41:00,2016-11-16 00:42:00,1.34427,1.34416,1.34434,1.34412,1.3445,1.3444,1.34456,1.34435,212
2016-11-16 00:42:00,2016-11-16 00:43:00,1.34416,1.34414,1.34426,1.34408,1.3444,1.34437,1.34449,1.34434,227
2016-11-16 00:43:00,2016-11-16 00:44:00,1.34414,1.34426,1.34429,1.34409,1.34437,1.34448,1.34448,1.34433,149
2016-11-16 00:44:00,2016-11-16 00:45:00,1.34426,1.34415,1.34426,1.34414,1.34448,1.34441,1.34447,1.34438,67
2016-11-16 00:45:00,2016-11-16 00:46:00,1.34415,1.34416,1.34425,1.34414,1.34441,1.34443,1.34451,1.34439,102
2016-11-16 00:46:00,2016-11-16 00:47:00,1.34416,1.34411,1.34423,1.34407,1.34443,1.34434,1.34449,1.34431,97
2016-11-16 00:47:00,2016-11-16 00:48:00,1.34411,1.3441,1.34414,1.34404,1.34434,1.34433,1.34438,1.34425,107
2016-11-16 00:48:00,2016-11-16 00:49:00,1.3441,1.3441,1.34414,1.34406,1.34433,1.34433,1.3444,1.34431,43
2016-11-16 00:49:00,2016-11-16 00:50:00,1.3441,1.34401,1.34409,1.34401,1.34433,1.34425,1.34435,1.34422,75
2016-11-16 00:50:00,2016-11-16 00:51:00,1.34401,1.34384,1.34401,1.3438,1.34425,1.34408,1.34427,1.34405,90
2016-11-16 00:51:00,2016-11-16 00:52:00,1.34384,1.34389,1.3439,1.34381,1.34408,1.34413,1.34414,1.34405,133
2016-11-16 00:52:00,2016-11-16 00:53:00,1.34389,1.34409,1.3441,1.34379,1.34413,1.34433,1.34433,1.34403,188
2016-11-16 00:53:00,2016-11-16 00:54:00,1.34409,1.34391,1.3441,1.34367,1.34433,1.34416,1.34434,1.34394,372
2016-11-16 00:54:00,2016-11-16 00:55:00,1.34391,1.34378,1.34397,1.34376,1.34416,1.34402,1.34426,1.344,322
2016-11-16 00:55:00,2016-11-16 00:56:00,1.34378,1.34377,1.34378,1.34371,1.34402,1.344,1.34405,1.34397,111
2016-11-16 00:56:00,2016-11-16 00:57:00,1.34377,1.34375,1.34384,1.34371,1.344,1.34398,1.34407,1.34394,167
2016-11-16 00:57:00,2016-11-16 00:58:00,1.34375,1.34377,1.34377,1.34372,1.34398,1.34399,1.34401,1.34394,78
2016-11-16 00:58:00,2016-11-16 00:59:00,1.34377,1.34373,1.34377,1.34372,1.34399,1.34396,1.344,1.34394,46
2016-11-16 00:59:00,2016-11-16 01:00:00,1.34373,1.34345,1.34374,1.3434,1.34396,1.34371,1.34399,1.34365,324
2016-11-16 01:00:00,2016-11-16 01:01:00,1.34345,1.34343,1.34352,1.34341,1.34371,1.3437,1.34379,1.34367,248
2016-11-16 01:01:00,2016-11-16 01:02:00,1.34343,1.34344,1.34349,1.34339,1.3437,1.3437,1.34375,1.34363,138
2016-11-16 01:02:00,2016-11-16 01:03:00,1.34344,1.34346,1.34353,1.34343,1.3437,1.34372,1.34378,1.34367,233
2016-11-16 01:03:00,2016-11-16 01:04:00,1.34346,1.34352,1.34363,1.34344,1.34372,1.34378,1.34386,1.3437,214
2016-11-16 01:04:00,2016-11-16 01:05:00,1.34352,1.34352,1.34364,1.34347,1.34378,1.34378,1.34389,1.34373,225
2016-11-16 01:05:00,2016-11-16 01:06:00,1.34352,1.34358,1.34362,1.34351,1.34378,1.34385,1.34388,1.34377,137
2016-11-16 01:06:00,2016-11-16 01:07:00,1.34358,1.34368,1.34372,1.34355,1.34385,1.34393,1.34397,1.34384,272
2016-11-16 01:07:00,2016-11-16 01:08:00,1.34368,1.34366,1.34374,1.3436,1.34393,1.34392,1.34398,1.34386,180
2016-11-16 01:08:00,2016-11-16 01:09:00,1.34366,1.34361,1.34374,1.34359,1.34392,1.34384,1.34399,1.34382,337
2016-11-16 01:09:00,2016-11-16 01:10:00,1.34361,1.34355,1.34369,1.34354,1.34384,1.34381,1.34395,1.34376,234
2016-11-16 01:10:00,2016-11-16 01:11:00,1.34355,1.34371,1.34373,1.34353,1.34381,1.34399,1.344,1.34378,238
2016-11-16 01:11:00,2016-11-16 01:12:00,1.34371,1.34363,1.34372,1.34362,1.34399,1.34388,1.344,1.34386,139
2016-11-16 01:12:00,2016-11-16 01:13:00,1.34363,1.34346,1.34363,1.34346,1.34388,1.34372,1.34389,1.34372,86
2016-11-16 01:13:00,2016-11-16 01:14:00,1.34346,1.34348,1.34356,1.34339,1.34372,1.34374,1.34382,1.34363,233
2016-11-16 01:14:00,2016-11-16 01:15:00,1.34348,1.34356,1.34359,1.34343,1.34374,1.3438,1.34384,1.34369,325
2016-11-16 01:15:00,2016-11-16 01:16:00,1.34356,1.34353,1.34357,1.34351,1.3438,1.34377,1.34382,1.34374,114
2016-11-16 01:16:00,2016-11-16 01:17:00,1.34353,1.34353,1.34354,1.34351,1.34377,1.34377,1.34379,1.34374,86
2016-11-16 01:17:00,2016-11-16 01:18:00,1.34353,1.34349,1.34354,1.34343,1.34377,1.34368,1.34378,1.34364,149
2016-11-16 01:18:00,2016-11-16 01:19:00,1.34349,1.3435,1.34356,1.34348,1.34368,1.34374,1.3438,1.34366,165
2016-11-16 01:19:00,2016-11-16 01:20:00,1.3435,1.34353,1.34358,1.34348,1.34374,1.34374,1.34381,1.34369,180
2016-11-16 01:20:00,2016-11-16 01:21:00,1.34353,1.34361,1.34368,1.34353,1.34374,1.34384,1.34392,1.34374,139
2016-11-16 01:21:00,2016-11-16 01:22:00,1.34361,1.34354,1.34369,1.34352,1.34384,1.34381,1.34396,1.34374,232
2016-11-16 01:22:00,2016-11-16 01:23:00,1.34354,1.34351,1.34362,1.34343,1.34381,1.34375,1.34386,1.3437,206
2016-11-16 01:23:00,2016-11-16 01:24:00,1.34351,1.3433,1.34351,1.34329,1.34375,1.34355,1.34375,1.34354,258
2016-11-16 01:24:00,2016-11-16 01:25:00,1.3433,1.34321,1.34334,1.34319,1.34355,1.34346,1.34358,1.34343,344
2016-11-16 01:25:00,2016-11-16 01:26:00,1.34321,1.34312,1.34322,1.34309,1.34346,1.34336,1.34346,1.34334,499
2016-11-16 01:26:00,2016-11-16 01:27:00,1.34312,1.34312,1.34315,1.34295,1.34336,1.34335,1.34338,1.34318,365
2016-11-16 01:27:00,2016-11-16 01:28:00,1.34312,1.34327,1.34337,1.34313,1.34335,1.34354,1.34361,1.34335,256
2016-11-16 01:28:00,2016-11-16 01:29:00,1.34327,1.34339,1.34341,1.34323,1.34354,1.34362,1.34362,1.34352,155
2016-11-16 01:29:00,2016-11-16 01:30:00,1.34339,1.34325,1.3434,1.34323,1.34362,1.34353,1.34362,1.34351,119
2016-11-16 01:30:00,2016-11-16 01:31:00,1.34325,1.34325,1.34328,1.34321,1.34353,1.34349,1.34354,1.34344,83
2016-11-16 01:31:00,2016-11-16 01:32:00,1.34325,1.34292,1.34326,1.34282,1.34349,1.34309,1.3435,1.34302,326
2016-11-16 01:32:00,2016-11-16 01:33:00,1.34292,1.34307,1.34311,1.34291,1.34309,1.34335,1.34335,1.34309,172
2016-11-16 01:33:00,2016-11-16 01:34:00,1.34307,1.34312,1.34319,1.34303,1.34335,1.34336,1.34344,1.34333,149
2016-11-16 01:34:00,2016-11-16 01:35:00,1.34312,1.34316,1.34327,1.34303,1.34336,1.3434,1.34349,1.34331,220
2016-11-16 01:35:00,2016-11-16 01:36:00,1.34316,1.34315,1.34332,1.34307,1.3434,1.34343,1.34354,1.34334,233
2016-11-16 01:36:00,2016-11-16 01:37:00,1.34315,1.34306,1.34329,1.34303,1.34343,1.34336,1.34351,1.34332,424
2016-11-16 01:37:00,2016-11-16 01:38:00,1.34306,1.34294,1.34306,1.34291,1.34336,1.34318,1.34335,1.34317,211
2016-11-16 01:38:00,2016-11-16 01:39:00,1.34294,1.3431,1.34323,1.34288,1.34318,1.34337,1.34347,1.34311,405
2016-11-16 01:39:00,2016-11-16 01:40:00,1.3431,1.34321,1.34324,1.34303,1.34337,1.34343,1.34344,1.34327,270
2016-11-16 01:40:00,2016-11-16 01:41:00,1.34321,1.34312,1.34332,1.3431,1.34343,1.34338,1.34354,1.34338,217
2016-11-16 01:41:00,2016-11-16 01:42:00,1.34312,1.34305,1.34315,1.34303,1.34338,1.34332,1.3434,1.34329,129
2016-11-16 01:42:00,2016-11-16 01:43:00,1.34305,1.34323,1.3433,1.34305,1.34332,1.34348,1.34351,1.34332,307
2016-11-16 01:43:00,2016-11-16 01:44:00,1.34323,1.34325,1.34331,1.34322,1.34348,1.3435,1.34356,1.34347,137
2016-11-16 01:44:00,2016-11-16 01:45:00,1.34325,1.34323,1.34332,1.34316,1.3435,1.34349,1.34357,1.34341,255
2016-11-16 01:45:00,2016-11-16 01:46:00,1.34323,1.34322,1.34329,1.34315,1.34349,1.34346,1.34355,1.3434,202
2016-11-16 01:46:00,2016-11-16 01:47:00,1.34322,1.34312,1.34323,1.34303,1.34346,1.34336,1.34348,1.3433,243
2016-11-16 01:47:00,2016-11-16 01:48:00,1.34312,1.34313,1.34328,1.34307,1.34336,1.34344,1.34352,1.34334,221
2016-11-16 01:48:00,2016-11-16 01:49:00,1.34313,1.34321,1.34324,1.34313,1.34344,1.34345,1.3435,1.34341,219
2016-11-16 01:49:00,2016-11-16 01:50:00,1.34321,1.34325,1.34326,1.34311,1.34345,1.34347,1.34349,1.3434,218
2016-11-16 01:50:00,2016-11-16 01:51:00,1.34325,1.34313,1.34326,1.34312,1.34347,1.34342,1.34349,1.34341,171
2016-11-16 01:51:00,2016-11-16 01:52:00,1.34313,1.34335,1.34337,1.3431,1.34342,1.34361,1.34362,1.34334,363
2016-11-16 01:52:00,2016-11-16 01:53:00,1.34335,1.34327,1.34335,1.34324,1.34361,1.34349,1.3436,1.34348,225
2016-11-16 01:53:00,2016-11-16 01:54:00,1.34327,1.34327,1.34332,1.34325,1.34349,1.3435,1.34356,1.34347,212
2016-11-16 01:54:00,2016-11-16 01:55:00,1.34327,1.34327,1.34328,1.34316,1.3435,1.3435,1.34351,1.34339,240
2016-11-16 01:55:00,2016-11-16 01:56:00,1.34327,1.34325,1.34332,1.34322,1.3435,1.34349,1.34354,1.34346,194
2016-11-16 01:56:00,2016-11-16 01:57:00,1.34325,1.34328,1.34335,1.34324,1.34349,1.34352,1.34357,1.34347,203
2016-11-16 01:57:00,2016-11-16 01:58:00,1.34328,1.34335,1.34343,1.34325,1.34352,1.34358,1.34366,1.34349,161
2016-11-16 01:58:00,2016-11-16 01:59:00,1.34335,1.34337,1.34343,1.34328,1.34358,1.34362,1.34368,1.34352,203
2016-11-16 01:59:00,2016-11-16 02:00:00,1.34337,1.3432,1.34339,1.34313,1.34362,1.34344,1.34364,1.34339,311
2016-11-16 02:00:00,2016-11-16 02:01:00,1.3432,1.34314,1.34324,1.34313,1.34344,1.3434,1.3435,1.3434,136
2016-11-16 02:01:00,2016-11-16 02:02:00,1.34314,1.34309,1.34323,1.34308,1.3434,1.34333,1.34348,1.34331,136
2016-11-16 02:02:00,2016-11-16 02:03:00,1.34309,1.34314,1.34314,1.34307,1.34333,1.34338,1.34339,1.34333,81
2016-11-16 02:03:00,2016-11-16 02:04:00,1.34314,1.3431,1.34318,1.34307,1.34338,1.34336,1.34345,1.34332,174
2016-11-16 02:04:00,2016-11-16 02:05:00,1.3431,1.34316,1.3432,1.3431,1.34336,1.34345,1.34345,1.34335,94
2016-11-16 02:05:00,2016-11-16 02:06:00,1.34316,1.3434,1.34348,1.3431,1.34345,1.34364,1.34372,1.34337,387
2016-11-16 02:06:00,2016-11-16 02:07:00,1.3434,1.34323,1.34342,1.34323,1.34364,1.34347,1.34366,1.34347,265
2016-11-16 02:07:00,2016-11-16 02:08:00,1.34323,1.34325,1.34325,1.34315,1.34347,1.3435,1.3435,1.3434,166
2016-11-16 02:08:00,2016-11-16 02:09:00,1.34325,1.34304,1.34325,1.343,1.3435,1.34328,1.34349,1.34324,278
2016-11-16 02:09:00,2016-11-16 02:10:00,1.34304,1.3432,1.3432,1.34301,1.34328,1.34344,1.34346,1.34325,184
2016-11-16 02:10:00,2016-11-16 02:11:00,1.3432,1.34314,1.34325,1.34311,1.34344,1.34338,1.34349,1.34333,187
2016-11-16 02:11:00,2016-11-16 02:12:00,1.34314,1.34319,1.34319,1.34311,1.34338,1.34341,1.34343,1.34333,110
2016-11-16 02:12:00,2016-11-16 02:13:00,1.34319,1.34331,1.34333,1.34317,1.34341,1.34351,1.34353,1.34341,111
2016-11-16 02:13:00,2016-11-16 02:14:00,1.34331,1.34323,1.34333,1.34313,1.34351,1.3434,1.34352,1.34334,113
2016-11-16 02:14:00,2016-11-16 02:15:00,1.34323,1.34319,1.34325,1.34318,1.3434,1.34341,1.34348,1.34337,72
2016-11-16 02:15:00,2016-11-16 02:16:00,1.34319,1.34333,1.34333,1.34318,1.34341,1.34354,1.34355,1.3434,110
2016-11-16 02:16:00,2016-11-16 02:17:00,1.34333,1.34324,1.34334,1.34324,1.34354,1.34349,1.34356,1.34347,201
2016-11-16 02:17:00,2016-11-16 02:18:00,1.34324,1.34327,1.34327,1.34322,1.34349,1.34347,1.34351,1.34345,66
2016-11-16 02:18:00,2016-11-16 02:19:00,1.34327,1.34327,1.34334,1.34327,1.34347,1.34349,1.34354,1.34345,80
2016-11-16 02:19:00,2016-11-16 02:20:00,1.34327,1.34329,1.34332,1.34322,1.34349,1.3435,1.34353,1.34342,107
2016-11-16 02:20:00,2016-11-16 02:21:00,1.34329,1.34315,1.3433,1.34305,1.3435,1.34339,1.34352,1.34326,193
2016-11-16 02:21:00,2016-11-16 02:22:00,1.34315,1.34305,1.34317,1.34302,1.34339,1.34329,1.3434,1.34326,146
2016-11-16 02:22:00,2016-11-16 02:23:00,1.34305,1.34287,1.34315,1.34278,1.34329,1.34315,1.34338,1.34301,177
2016-11-16 02:23:00,2016-11-16 02:24:00,1.34287,1.34293,1.34297,1.34281,1.34315,1.34318,1.34319,1.34307,163
2016-11-16 02:24:00,2016-11-16 02:25:00,1.34293,1.34292,1.34295,1.3429,1.34318,1.34317,1.34319,1.34316,87
2016-11-16 02:25:00,2016-11-16 02:26:00,1.34292,1.34294,1.34298,1.34293,1.34317,1.34317,1.34321,1.34316,66
2016-11-16 02:26:00,2016-11-16 02:27:00,1.34294,1.34295,1.343,1.3429,1.34317,1.34317,1.34321,1.34315,103
2016-11-16 02:27:00,2016-11-16 02:28:00,1.34295,1.34293,1.34297,1.3429,1.34317,1.34316,1.34319,1.34313,106
2016-11-16 02:28:00,2016-11-16 02:29:00,1.34293,1.34289,1.34293,1.34284,1.34316,1.34313,1.34317,1.34304,75
2016-11-16 02:29:00,2016-11-16 02:30:00,1.34289,1.34291,1.34295,1.34276,1.34313,1.34313,1.34318,1.34297,144
2016-11-16 02:30:00,2016-11-16 02:31:00,1.34291,1.34292,1.34293,1.34291,1.34313,1.34315,1.34317,1.34313,35
2016-11-16 02:31:00,2016-11-16 02:32:00,1.34292,1.34289,1.34295,1.34284,1.34315,1.3431,1.34318,1.34308,93
2016-11-16 02:32:00,2016-11-16 02:33:00,1.34289,1.3428,1.34297,1.34279,1.3431,1.34303,1.34317,1.34303,147
2016-11-16 02:33:00,2016-11-16 02:34:00,1.3428,1.34284,1.3429,1.3428,1.34303,1.34308,1.34314,1.34303,123
2016-11-16 02:34:00,2016-11-16 02:35:00,1.34284,1.34276,1.34286,1.34272,1.34308,1.34297,1.34308,1.34295,184
2016-11-16 02:35:00,2016-11-16 02:36:00,1.34276,1.34259,1.34279,1.34255,1.34297,1.34282,1.34299,1.34278,190
2016-11-16 02:36:00,2016-11-16 02:37:00,1.34259,1.34261,1.34262,1.34259,1.34282,1.34285,1.34285,1.34282,26
2016-11-16 02:37:00,2016-11-16 02:38:00,1.34261,1.3426,1.34263,1.34258,1.34285,1.34284,1.34285,1.34281,47
2016-11-16 02:38:00,2016-11-16 02:39:00,1.3426,1.34263,1.34264,1.34259,1.34284,1.34286,1.34286,1.34283,56
2016-11-16 02:39:00,2016-11-16 02:40:00,1.34263,1.34264,1.3427,1.3426,1.34286,1.34286,1.34293,1.34282,133
2016-11-16 02:40:00,2016-11-16 02:41:00,1.34264,1.34266,1.3427,1.34262,1.34286,1.34291,1.34293,1.34285,247
2016-11-16 02:41:00,2016-11-16 02:42:00,1.34266,1.34268,1.34275,1.34263,1.34291,1.3429,1.34298,1.34286,133
2016-11-16 02:42:00,2016-11-16 02:43:00,1.34268,1.3427,1.34276,1.34267,1.3429,1.34292,1.34297,1.34289,85
2016-11-16 02:43:00,2016-11-16 02:44:00,1.3427,1.34271,1.34276,1.34268,1.34292,1.34292,1.34297,1.34291,88
2016-11-16 02:44:00,2016-11-16 02:45:00,1.34271,1.34271,1.34274,1.34266,1.34292,1.34294,1.34297,1.34289,105
2016-11-16 02:45:00,2016-11-16 02:46:00,1.34271,1.34259,1.34274,1.34257,1.34294,1.34282,1.34299,1.3428,111
2016-11-16 02:46:00,2016-11-16 02:47:00,1.34259,1.3425,1.3426,1.3425,1.34282,1.34274,1.34285,1.34272,206
2016-11-16 02:47:00,2016-11-16 02:48:00,1.3425,1.34258,1.34262,1.3425,1.34274,1.34281,1.34283,1.34272,285
2016-11-16 02:48:00,2016-11-16 02:49:00,1.34258,1.34257,1.34261,1.34247,1.34281,1.34283,1.34283,1.34267,240
2016-11-16 02:49:00,2016-11-16 02:50:00,1.34257,1.34259,1.34265,1.3425,1.34283,1.34282,1.34286,1.34274,179
2016-11-16 02:50:00,2016-11-16 02:51:00,1.34259,1.34246,1.34265,1.34246,1.34282,1.34271,1.34288,1.34271,207
2016-11-16 02:51:00,2016-11-16 02:52:00,1.34246,1.34253,1.34255,1.34243,1.34271,1.34276,1.3428,1.34267,146
2016-11-16 02:52:00,2016-11-16 02:53:00,1.34253,1.34262,1.34262,1.34253,1.34276,1.34285,1.34285,1.34276,96
2016-11-16 02:53:00,2016-11-16 02:54:00,1.34262,1.34259,1.34263,1.34254,1.34285,1.34283,1.34286,1.34278,102
2016-11-16 02:54:00,2016-11-16 02:55:00,1.34259,1.34257,1.34262,1.34252,1.34283,1.34281,1.34284,1.34276,118
2016-11-16 02:55:00,2016-11-16 02:56:00,1.34257,1.34246,1.34259,1.34242,1.34281,1.34273,1.34282,1.34266,108
2016-11-16 02:56:00,2016-11-16 02:57:00,1.34246,1.3425,1.34256,1.3424,1.34273,1.34273,1.34276,1.34265,262
2016-11-16 02:57:00,2016-11-16 02:58:00,1.3425,1.34252,1.34254,1.34246,1.34273,1.34276,1.34277,1.34273,98
2016-11-16 02:58:00,2016-11-16 02:59:00,1.34252,1.34249,1.34253,1.34243,1.34276,1.34275,1.34276,1.34268,162
2016-11-16 02:59:00,2016-11-16 03:00:00,1.34249,1.34223,1.3425,1.34221,1.34275,1.34247,1.34274,1.34242,355
2016-11-16 03:00:00,2016-11-16 03:01:00,1.34223,1.34229,1.3424,1.34221,1.34247,1.34255,1.34266,1.34246,249
2016-11-16 03:01:00,2016-11-16 03:02:00,1.34229,1.34235,1.34235,1.34225,1.34255,1.34259,1.34262,1.34251,250
2016-11-16 03:02:00,2016-11-16 03:03:00,1.34235,1.34265,1.3427,1.34237,1.34259,1.34289,1.34296,1.3426,322
2016-11-16 03:03:00,2016-11-16 03:04:00,1.34265,1.34269,1.34273,1.34264,1.34289,1.34294,1.34298,1.34289,177
2016-11-16 03:04:00,2016-11-16 03:05:00,1.34269,1.34261,1.3427,1.34254,1.34294,1.34287,1.34293,1.34279,294
2016-11-16 03:05:00,2016-11-16 03:06:00,1.34261,1.34267,1.3427,1.34259,1.34287,1.34291,1.34295,1.34285,230
2016-11-16 03:06:00,2016-11-16 03:07:00,1.34267,1.34264,1.3427,1.34262,1.34291,1.34289,1.34294,1.34286,199
2016-11-16 03:07:00,2016-11-16 03:08:00,1.34264,1.34256,1.34267,1.34255,1.34289,1.34282,1.34292,1.34282,333
2016-11-16 03:08:00,2016-11-16 03:09:00,1.34256,1.34259,1.34269,1.34255,1.34282,1.34286,1.34293,1.34282,231
2016-11-16 03:09:00,2016-11-16 03:10:00,1.34259,1.34267,1.34268,1.34257,1.34286,1.34294,1.34295,1.34285,119
2016-11-16 03:10:00,2016-11-16 03:11:00,1.34267,1.34266,1.3427,1.34262,1.34294,1.34292,1.34295,1.34289,206
2016-11-16 03:11:00,2016-11-16 03:12:00,1.34266,1.34269,1.34271,1.34266,1.34292,1.34295,1.34297,1.34291,110
2016-11-16 03:12:00,2016-11-16 03:13:00,1.34269,1.34287,1.34291,1.34269,1.34295,1.34313,1.34317,1.34295,164
2016-11-16 03:13:00,2016-11-16 03:14:00,1.34287,1.34301,1.34309,1.34285,1.34313,1.34326,1.34334,1.34313,160
2016-11-16 03:14:00,2016-11-16 03:15:00,1.34301,1.34292,1.34302,1.34291,1.34326,1.34315,1.34326,1.34315,119
2016-11-16 03:15:00,2016-11-16 03:16:00,1.34292,1.34293,1.34295,1.3428,1.34315,1.34317,1.34321,1.34305,163
2016-11-16 03:16:00,2016-11-16 03:17:00,1.34293,1.34293,1.34295,1.3429,1.34317,1.34319,1.34322,1.34315,101
2016-11-16 03:17:00,2016-11-16 03:18:00,1.34293,1.34291,1.34293,1.34284,1.34319,1.3432,1.34321,1.34309,97
2016-11-16 03:18:00,2016-11-16 03:19:00,1.34291,1.34305,1.34306,1.34292,1.3432,1.34329,1.3433,1.34317,85
2016-11-16 03:19:00,2016-11-16 03:20:00,1.34305,1.34323,1.34323,1.34302,1.34329,1.34344,1.34345,1.34328,71
2016-11-16 03:20:00,2016-11-16 03:21:00,1.34323,1.34323,1.34323,1.3432,1.34344,1.34346,1.34347,1.34342,52
2016-11-16 03:21:00,2016-11-16 03:22:00,1.34323,1.34321,1.34323,1.34319,1.34346,1.34344,1.34348,1.34342,108
2016-11-16 03:22:00,2016-11-16 03:23:00,1.34321,1.34322,1.34328,1.3432,1.34344,1.34347,1.34353,1.34344,138
2016-11-16 03:23:00,2016-11-16 03:24:00,1.34322,1.3432,1.34332,1.34318,1.34347,1.34344,1.34355,1.34342,104
2016-11-16 03:24:00,2016-11-16 03:25:00,1.3432,1.34329,1.3433,1.34318,1.34344,1.34352,1.34355,1.34343,192
2016-11-16 03:25:00,2016-11-16 03:26:00,1.34329,1.34323,1.34354,1.34322,1.34352,1.34349,1.34378,1.34349,284
2016-11-16 03:26:00,2016-11-16 03:27:00,1.34323,1.34324,1.34335,1.34317,1.34349,1.34348,1.34357,1.34343,138
2016-11-16 03:27:00,2016-11-16 03:28:00,1.34324,1.34322,1.34333,1.3432,1.34348,1.3435,1.34358,1.34346,288
2016-11-16 03:28:00,2016-11-16 03:29:00,1.34322,1.34316,1.34331,1.34314,1.3435,1.3434,1.34357,1.3434,142
2016-11-16 03:29:00,2016-11-16 03:30:00,1.34316,1.34327,1.34328,1.3431,1.3434,1.34356,1.34356,1.34333,206
2016-11-16 03:30:00,2016-11-16 03:31:00,1.34327,1.34327,1.3434,1.3432,1.34356,1.34355,1.34365,1.34345,212
2016-11-16 03:31:00,2016-11-16 03:32:00,1.34327,1.34337,1.34342,1.34318,1.34355,1.34363,1.34368,1.34345,284
2016-11-16 03:32:00,2016-11-16 03:33:00,1.34337,1.34335,1.34343,1.34334,1.34363,1.34362,1.34368,1.34361,122
2016-11-16 03:33:00,2016-11-16 03:34:00,1.34335,1.34337,1.34342,1.34324,1.34362,1.34364,1.34367,1.34353,301
2016-11-16 03:34:00,2016-11-16 03:35:00,1.34337,1.34337,1.34341,1.34327,1.34364,1.34364,1.34367,1.34355,158
2016-11-16 03:35:00,2016-11-16 03:36:00,1.34337,1.3434,1.34341,1.34336,1.34364,1.34366,1.34368,1.34363,101
2016-11-16 03:36:00,2016-11-16 03:37:00,1.3434,1.34346,1.34348,1.34337,1.34366,1.34368,1.34372,1.34365,212
2016-11-16 03:37:00,2016-11-16 03:38:00,1.34346,1.34318,1.34348,1.34318,1.34368,1.34344,1.34372,1.34344,291
2016-11-16 03:38:00,2016-11-16 03:39:00,1.34318,1.3432,1.34322,1.34307,1.34344,1.34344,1.34346,1.34331,165
2016-11-16 03:39:00,2016-11-16 03:40:00,1.3432,1.34315,1.34322,1.34308,1.34344,1.34341,1.34346,1.34332,144
2016-11-16 03:40:00,2016-11-16 03:41:00,1.34315,1.34308,1.34314,1.34307,1.34341,1.34336,1.34341,1.34333,62
2016-11-16 03:41:00,2016-11-16 03:42:00,1.34308,1.34323,1.34324,1.34307,1.34336,1.34347,1.34348,1.34331,204
2016-11-16 03:42:00,2016-11-16 03:43:00,1.34323,1.34322,1.34324,1.3432,1.34347,1.34346,1.34348,1.34345,107
2016-11-16 03:43:00,2016-11-16 03:44:00,1.34322,1.34321,1.34324,1.34319,1.34346,1.34345,1.34348,1.34343,64
2016-11-16 03:44:00,2016-11-16 03:45:00,1.34321,1.34322,1.34322,1.34319,1.34345,1.34347,1.34347,1.34341,48
2016-11-16 03:45:00,2016-11-16 03:46:00,1.34322,1.34319,1.34323,1.34319,1.34347,1.3434,1.34347,1.34339,69
2016-11-16 03:46:00,2016-11-16 03:47:00,1.34319,1.34368,1.34368,1.34308,1.3434,1.34387,1.34389,1.34333,222
2016-11-16 03:47:00,2016-11-16 03:48:00,1.34368,1.34369,1.34374,1.34366,1.34387,1.34389,1.34398,1.34383,125
2016-11-16 03:48:00,2016-11-16 03:49:00,1.34369,1.34346,1.34369,1.34344,1.34389,1.3437,1.3439,1.34366,304
2016-11-16 03:49:00,2016-11-16 03:50:00,1.34346,1.34351,1.34352,1.34342,1.3437,1.34375,1.34377,1.34366,192
2016-11-16 03:50:00,2016-11-16 03:51:00,1.34351,1.34357,1.3436,1.34351,1.34375,1.34381,1.34387,1.34376,147
2016-11-16 03:51:00,2016-11-16 03:52:00,1.34357,1.34358,1.34365,1.34354,1.34381,1.34385,1.34387,1.34376,209
2016-11-16 03:52:00,2016-11-16 03:53:00,1.34358,1.34356,1.34366,1.34353,1.34385,1.34384,1.3439,1.34374,275
2016-11-16 03:53:00,2016-11-16 03:54:00,1.34356,1.34354,1.34365,1.34353,1.34384,1.34375,1.3439,1.34374,210
2016-11-16 03:54:00,2016-11-16 03:55:00,1.34354,1.34348,1.34354,1.34343,1.34375,1.34372,1.34375,1.34366,258
2016-11-16 03:55:00,2016-11-16 03:56:00,1.34348,1.34357,1.34364,1.34346,1.34372,1.34383,1.34391,1.3437,151
2016-11-16 03:56:00,2016-11-16 03:57:00,1.34357,1.34358,1.34365,1.34349,1.34383,1.34386,1.3439,1.34373,223
2016-11-16 03:57:00,2016-11-16 03:58:00,1.34358,1.34347,1.34374,1.34344,1.34386,1.34371,1.344,1.34368,374
2016-11-16 03:58:00,2016-11-16 03:59:00,1.34347,1.34338,1.34348,1.34337,1.34371,1.34362,1.34372,1.34361,175
2016-11-16 03:59:00,2016-11-16 04:00:00,1.34338,1.34348,1.34349,1.34332,1.34362,1.34373,1.34374,1.34357,211
2016-11-16 04:00:00,2016-11-16 04:01:00,1.34348,1.34341,1.3435,1.34334,1.34373,1.34366,1.34374,1.34358,108
2016-11-16 04:01:00,2016-11-16 04:02:00,1.34341,1.34322,1.34345,1.34321,1.34366,1.34345,1.3437,1.34345,241
2016-11-16 04:02:00,2016-11-16 04:03:00,1.34322,1.34311,1.3434,1.3431,1.34345,1.34336,1.34364,1.34335,205
2016-11-16 04:03:00,2016-11-16 04:04:00,1.34311,1.34333,1.34357,1.34304,1.34336,1.34352,1.34379,1.34331,304
2016-11-16 04:04:00,2016-11-16 04:05:00,1.34333,1.34328,1.34333,1.34324,1.34352,1.34349,1.34354,1.34343,91
2016-11-16 04:05:00,2016-11-16 04:06:00,1.34328,1.34358,1.34358,1.34328,1.34349,1.34377,1.34378,1.34349,205
2016-11-16 04:06:00,2016-11-16 04:07:00,1.34358,1.34358,1.34362,1.34349,1.34377,1.34376,1.34383,1.34372,146
2016-11-16 04:07:00,2016-11-16 04:08:00,1.34358,1.34341,1.34354,1.34335,1.34376,1.34365,1.34379,1.34359,106
2016-11-16 04:08:00,2016-11-16 04:09:00,1.34341,1.34336,1.34342,1.34332,1.34365,1.34361,1.34366,1.34356,103
2016-11-16 04:09:00,2016-11-16 04:10:00,1.34336,1.34327,1.34342,1.34325,1.34361,1.34354,1.34366,1.34349,229
2016-11-16 04:10:00,2016-11-16 04:11:00,1.34327,1.34332,1.34334,1.34326,1.34354,1.34357,1.34359,1.34354,119
2016-11-16 04:11:00,2016-11-16 04:12:00,1.34332,1.3433,1.34341,1.34324,1.34357,1.34355,1.34367,1.34347,318
2016-11-16 04:12:00,2016-11-16 04:13:00,1.3433,1.34338,1.3434,1.34323,1.34355,1.34365,1.34365,1.3435,317
2016-11-16 04:13:00,2016-11-16 04:14:00,1.34338,1.34356,1.34357,1.3433,1.34365,1.34379,1.34379,1.34355,258
2016-11-16 04:14:00,2016-11-16 04:15:00,1.34356,1.34341,1.3436,1.34334,1.34379,1.34366,1.34384,1.3436,243
2016-11-16 04:15:00,2016-11-16 04:16:00,1.34341,1.34343,1.34343,1.34331,1.34366,1.34367,1.34368,1.34355,128
2016-11-16 04:16:00,2016-11-16 04:17:00,1.34343,1.34334,1.34343,1.34325,1.34367,1.34358,1.34367,1.34351,161
2016-11-16 04:17:00,2016-11-16 04:18:00,1.34334,1.34353,1.34361,1.34333,1.34358,1.34376,1.34382,1.34357,204
2016-11-16 04:18:00,2016-11-16 04:19:00,1.34353,1.34342,1.34353,1.34334,1.34376,1.34366,1.34376,1.3436,239
2016-11-16 04:19:00,2016-11-16 04:20:00,1.34342,1.34324,1.34342,1.34323,1.34366,1.3435,1.34365,1.3435,211
2016-11-16 04:20:00,2016-11-16 04:21:00,1.34324,1.34311,1.34325,1.34311,1.3435,1.34337,1.34351,1.34337,131
2016-11-16 04:21:00,2016-11-16 04:22:00,1.34311,1.34304,1.34316,1.34296,1.34337,1.34323,1.3434,1.34318,213
2016-11-16 04:22:00,2016-11-16 04:23:00,1.34304,1.34294,1.34305,1.34293,1.34323,1.34315,1.34323,1.34314,83
2016-11-16 04:23:00,2016-11-16 04:24:00,1.34294,1.34294,1.34297,1.3429,1.34315,1.34316,1.34317,1.34311,78
2016-11-16 04:24:00,2016-11-16 04:25:00,1.34294,1.34294,1.34308,1.34291,1.34316,1.34316,1.34329,1.34312,185
2016-11-16 04:25:00,2016-11-16 04:26:00,1.34294,1.34277,1.34293,1.34275,1.34316,1.34302,1.34316,1.343,216
2016-11-16 04:26:00,2016-11-16 04:27:00,1.34277,1.34266,1.34278,1.34263,1.34302,1.34291,1.34303,1.34289,76
2016-11-16 04:27:00,2016-11-16 04:28:00,1.34266,1.34275,1.34277,1.34264,1.34291,1.343,1.34302,1.34291,102
2016-11-16 04:28:00,2016-11-16 04:29:00,1.34275,1.34282,1.34283,1.34272,1.343,1.34304,1.34304,1.34297,116
2016-11-16 04:29:00,2016-11-16 04:30:00,1.34282,1.34291,1.34296,1.3428,1.34304,1.34318,1.34322,1.34304,65
2016-11-16 04:30:00,2016-11-16 04:31:00,1.34291,1.34281,1.34296,1.3428,1.34318,1.34308,1.3432,1.34307,77
2016-11-16 04:31:00,2016-11-16 04:32:00,1.34281,1.34282,1.34287,1.3428,1.34308,1.3431,1.34312,1.34305,68
2016-11-16 04:32:00,2016-11-16 04:33:00,1.34282,1.34277,1.34284,1.34275,1.3431,1.34305,1.3431,1.34302,82
2016-11-16 04:33:00,2016-11-16 04:34:00,1.34277,1.34286,1.34286,1.34274,1.34305,1.34314,1.34315,1.34302,75
2016-11-16 04:34:00,2016-11-16 04:35:00,1.34286,1.34283,1.34286,1.3428,1.34314,1.3431,1.34315,1.34308,82
2016-11-16 04:35:00,2016-11-16 04:36:00,1.34283,1.34283,1.34286,1.34278,1.3431,1.3431,1.34313,1.34305,151
2016-11-16 04:36:00,2016-11-16 04:37:00,1.34283,1.34292,1.34299,1.34282,1.3431,1.34322,1.34323,1.3431,155
2016-11-16 04:37:00,2016-11-16 04:38:00,1.34292,1.34292,1.34303,1.34291,1.34322,1.34323,1.3433,1.34322,43
2016-11-16 04:38:00,2016-11-16 04:39:00,1.34292,1.34295,1.34299,1.34292,1.34323,1.34324,1.34328,1.34321,58
2016-11-16 04:39:00,2016-11-16 04:40:00,1.34295,1.34288,1.34307,1.34285,1.34324,1.34318,1.34334,1.34313,193
2016-11-16 04:40:00,2016-11-16 04:41:00,1.34288,1.34286,1.34296,1.34286,1.34318,1.34315,1.34325,1.34314,195
2016-11-16 04:41:00,2016-11-16 04:42:00,1.34286,1.34286,1.34295,1.34285,1.34315,1.34315,1.34324,1.34314,111
2016-11-16 04:42:00,2016-11-16 04:43:00,1.34286,1.34274,1.34289,1.34273,1.34315,1.34298,1.34317,1.34297,146
2016-11-16 04:43:00,2016-11-16 04:44:00,1.34274,1.34275,1.34279,1.34271,1.34298,1.34304,1.34305,1.34295,119
2016-11-16 04:44:00,2016-11-16 04:45:00,1.34275,1.34273,1.34277,1.3427,1.34304,1.34299,1.34305,1.34294,177
2016-11-16 04:45:00,2016-11-16 04:46:00,1.34273,1.34272,1.34276,1.34267,1.34299,1.343,1.34304,1.34293,148
2016-11-16 04:46:00,2016-11-16 04:47:00,1.34272,1.34273,1.34277,1.3427,1.343,1.34298,1.34305,1.34295,143
2016-11-16 04:47:00,2016-11-16 04:48:00,1.34273,1.34279,1.34279,1.34271,1.34298,1.34307,1.34307,1.34295,156
2016-11-16 04:48:00,2016-11-16 04:49:00,1.34279,1.34273,1.34279,1.34272,1.34307,1.34298,1.34307,1.34294,64
2016-11-16 04:49:00,2016-11-16 04:50:00,1.34273,1.34279,1.34282,1.34272,1.34298,1.34306,1.34309,1.34297,142
2016-11-16 04:50:00,2016-11-16 04:51:00,1.34279,1.34282,1.34282,1.34276,1.34306,1.34306,1.34309,1.34302,68
2016-11-16 04:51:00,2016-11-16 04:52:00,1.34282,1.34279,1.34282,1.34278,1.34306,1.34304,1.34307,1.34303,27
2016-11-16 04:52:00,2016-11-16 04:53:00,1.34279,1.34294,1.34294,1.34278,1.34304,1.34322,1.34323,1.34302,107
2016-11-16 04:53:00,2016-11-16 04:54:00,1.34294,1.34325,1.3433,1.34286,1.34322,1.34348,1.34356,1.34313,216
2016-11-16 04:54:00,2016-11-16 04:55:00,1.34325,1.3432,1.34328,1.34318,1.34348,1.34348,1.34352,1.34343,186
2016-11-16 04:55:00,2016-11-16 04:56:00,1.3432,1.34328,1.34332,1.34317,1.34348,1.34352,1.34356,1.34345,216
2016-11-16 04:56:00,2016-11-16 04:57:00,1.34328,1.34328,1.34331,1.34323,1.34352,1.34352,1.34355,1.34348,222
2016-11-16 04:57:00,2016-11-16 04:58:00,1.34328,1.34326,1.34327,1.34311,1.34352,1.34352,1.34352,1.34338,278
2016-11-16 04:58:00,2016-11-16 04:59:00,1.34326,1.34327,1.34329,1.34323,1.34352,1.3435,1.34355,1.34349,181
2016-11-16 04:59:00,2016-11-16 05:00:00,1.34327,1.34325,1.34328,1.34315,1.3435,1.34351,1.34353,1.3434,238
2016-11-16 05:00:00,2016-11-16 05:01:00,1.34325,1.34331,1.34333,1.34315,1.34351,1.34355,1.34355,1.34342,295
2016-11-16 05:01:00,2016-11-16 05:02:00,1.34331,1.34331,1.34333,1.34324,1.34355,1.34355,1.34355,1.3435,180
2016-11-16 05:02:00,2016-11-16 05:03:00,1.34331,1.34327,1.34332,1.34324,1.34355,1.3435,1.34355,1.34349,172
2016-11-16 05:03:00,2016-11-16 05:04:00,1.34327,1.34319,1.34331,1.34316,1.3435,1.34347,1.34354,1.34339,205
2016-11-16 05:04:00,2016-11-16 05:05:00,1.34319,1.34326,1.34327,1.34317,1.34347,1.34353,1.34354,1.34344,208
2016-11-16 05:05:00,2016-11-16 05:06:00,1.34326,1.34325,1.34327,1.34323,1.34353,1.34351,1.34354,1.3435,156
2016-11-16 05:06:00,2016-11-16 05:07:00,1.34325,1.34334,1.34345,1.34325,1.34351,1.34361,1.34372,1.3435,344
2016-11-16 05:07:00,2016-11-16 05:08:00,1.34334,1.34331,1.34338,1.34329,1.34361,1.34354,1.34364,1.34354,206
2016-11-16 05:08:00,2016-11-16 05:09:00,1.34331,1.3433,1.34332,1.34329,1.34354,1.34355,1.34355,1.34353,22
2016-11-16 05:09:00,2016-11-16 05:10:00,1.3433,1.34332,1.34334,1.3433,1.34355,1.34356,1.34357,1.34355,18
2016-11-16 05:10:00,2016-11-16 05:11:00,1.34332,1.34323,1.34332,1.34323,1.34356,1.34349,1.34357,1.34348,188
2016-11-16 05:11:00,2016-11-16 05:12:00,1.34323,1.34323,1.34329,1.3431,1.34349,1.3435,1.34355,1.34336,128
2016-11-16 05:12:00,2016-11-16 05:13:00,1.34323,1.34317,1.34324,1.3431,1.3435,1.34344,1.34351,1.34336,254
2016-11-16 05:13:00,2016-11-16 05:14:00,1.34317,1.34327,1.34331,1.34316,1.34344,1.34352,1.34355,1.34344,173
2016-11-16 05:14:00,2016-11-16 05:15:00,1.34327,1.34325,1.3433,1.34323,1.34352,1.34349,1.34355,1.34347,174
2016-11-16 05:15:00,2016-11-16 05:16:00,1.34325,1.34326,1.34331,1.34324,1.34349,1.34348,1.34355,1.34348,145
2016-11-16 05:16:00,2016-11-16 05:17:00,1.34326,1.34326,1.34327,1.34322,1.34348,1.34352,1.34352,1.34347,92
2016-11-16 05:17:00,2016-11-16 05:18:00,1.34326,1.34309,1.34327,1.34306,1.34352,1.34337,1.34352,1.3433,107
2016-11-16 05:18:00,2016-11-16 05:19:00,1.34309,1.34283,1.34309,1.34272,1.34337,1.34306,1.34336,1.34293,325
2016-11-16 05:19:00,2016-11-16 05:20:00,1.34283,1.3429,1.34303,1.34282,1.34306,1.34319,1.34328,1.34306,221
2016-11-16 05:20:00,2016-11-16 05:21:00,1.3429,1.34294,1.34304,1.34291,1.34319,1.34318,1.34331,1.34315,127
2016-11-16 05:21:00,2016-11-16 05:22:00,1.34294,1.3428,1.34303,1.34272,1.34318,1.34307,1.34328,1.34296,286
2016-11-16 05:22:00,2016-11-16 05:23:00,1.3428,1.34281,1.34282,1.34273,1.34307,1.34308,1.34308,1.34299,86
2016-11-16 05:23:00,2016-11-16 05:24:00,1.34281,1.34289,1.34289,1.34282,1.34308,1.34311,1.34313,1.34306,33
2016-11-16 05:24:00,2016-11-16 05:25:00,1.34289,1.343,1.343,1.34286,1.34311,1.34325,1.34326,1.34311,123
2016-11-16 05:25:00,2016-11-16 05:26:00,1.343,1.34269,1.34302,1.34263,1.34325,1.34296,1.34327,1.34289,208
2016-11-16 05:26:00,2016-11-16 05:27:00,1.34269,1.34291,1.34292,1.34256,1.34296,1.34318,1.34319,1.34281,205
2016-11-16 05:27:00,2016-11-16 05:28:00,1.34291,1.3429,1.34295,1.3429,1.34318,1.34317,1.34323,1.34316,50
2016-11-16 05:28:00,2016-11-16 05:29:00,1.3429,1.3429,1.34294,1.34289,1.34317,1.34317,1.3432,1.34315,78
2016-11-16 05:29:00,2016-11-16 05:30:00,1.3429,1.34291,1.34297,1.34281,1.34317,1.34316,1.34325,1.34306,236
2016-11-16 05:30:00,2016-11-16 05:31:00,1.34291,1.34283,1.34291,1.34281,1.34316,1.3431,1.34317,1.34305,190
2016-11-16 05:31:00,2016-11-16 05:32:00,1.34283,1.34274,1.34283,1.34273,1.3431,1.34299,1.34309,1.34298,59
2016-11-16 05:32:00,2016-11-16 05:33:00,1.34274,1.34274,1.34276,1.34273,1.34299,1.34299,1.34301,1.34297,87
2016-11-16 05:33:00,2016-11-16 05:34:00,1.34274,1.34274,1.34276,1.34272,1.34299,1.34296,1.34299,1.34293,86
2016-11-16 05:34:00,2016-11-16 05:35:00,1.34274,1.34273,1.3428,1.34272,1.34296,1.343,1.34307,1.34294,112
2016-11-16 05:35:00,2016-11-16 05:36:00,1.34273,1.34265,1.34279,1.34263,1.343,1.34289,1.34306,1.34289,120
2016-11-16 05:36:00,2016-11-16 05:37:00,1.34265,1.34258,1.34268,1.34254,1.34289,1.34286,1.34295,1.34277,334
2016-11-16 05:37:00,2016-11-16 05:38:00,1.34258,1.34265,1.3427,1.34255,1.34286,1.34288,1.34298,1.3428,177
2016-11-16 05:38:00,2016-11-16 05:39:00,1.34265,1.34259,1.34265,1.34247,1.34288,1.34286,1.34288,1.34272,175
2016-11-16 05:39:00,2016-11-16 05:40:00,1.34259,1.34263,1.34263,1.34259,1.34286,1.3429,1.34291,1.34286,64
2016-11-16 05:40:00,2016-11-16 05:41:00,1.34263,1.34274,1.34278,1.34263,1.3429,1.34299,1.34303,1.34289,137
2016-11-16 05:41:00,2016-11-16 05:42:00,1.34274,1.34275,1.34278,1.34271,1.34299,1.34302,1.34306,1.34295,137
2016-11-16 05:42:00,2016-11-16 05:43:00,1.34275,1.34284,1.34284,1.34274,1.34302,1.3431,1.3431,1.343,108
2016-11-16 05:43:00,2016-11-16 05:44:00,1.34284,1.34302,1.34303,1.34283,1.3431,1.34327,1.34328,1.34308,124
2016-11-16 05:44:00,2016-11-16 05:45:00,1.34302,1.34311,1.34312,1.34301,1.34327,1.34336,1.34339,1.34327,132
2016-11-16 05:45:00,2016-11-16 05:46:00,1.34311,1.34313,1.34314,1.34307,1.34336,1.34339,1.34341,1.34333,65
2016-11-16 05:46:00,2016-11-16 05:47:00,1.34313,1.34319,1.34325,1.34311,1.34339,1.34346,1.34349,1.34337,174
2016-11-16 05:47:00,2016-11-16 05:48:00,1.34319,1.34318,1.34326,1.34311,1.34346,1.34347,1.34353,1.34336,142
2016-11-16 05:48:00,2016-11-16 05:49:00,1.34318,1.34332,1.34335,1.34314,1.34347,1.34352,1.34355,1.34341,139
2016-11-16 05:49:00,2016-11-16 05:50:00,1.34332,1.34324,1.34333,1.34323,1.34352,1.34345,1.34355,1.34344,127
2016-11-16 05:50:00,2016-11-16 05:51:00,1.34324,1.3432,1.34323,1.34318,1.34345,1.34345,1.34348,1.34343,98
2016-11-16 05:51:00,2016-11-16 05:52:00,1.3432,1.34311,1.34321,1.3431,1.34345,1.34337,1.34347,1.34333,138
2016-11-16 05:52:00,2016-11-16 05:53:00,1.34311,1.34302,1.34314,1.34301,1.34337,1.34327,1.34339,1.34322,81
2016-11-16 05:53:00,2016-11-16 05:54:00,1.34302,1.34302,1.34304,1.34301,1.34327,1.34328,1.3433,1.34326,31
2016-11-16 05:54:00,2016-11-16 05:55:00,1.34302,1.34318,1.34321,1.34293,1.34328,1.34346,1.34347,1.34317,159
2016-11-16 05:55:00,2016-11-16 05:56:00,1.34318,1.34303,1.34324,1.34293,1.34346,1.34326,1.34349,1.34318,137
2016-11-16 05:56:00,2016-11-16 05:57:00,1.34303,1.3429,1.34303,1.34283,1.34326,1.34315,1.34326,1.34309,72
2016-11-16 05:57:00,2016-11-16 05:58:00,1.3429,1.34295,1.34298,1.3429,1.34315,1.34316,1.34321,1.34316,86
2016-11-16 05:58:00,2016-11-16 05:59:00,1.34295,1.34315,1.34315,1.34293,1.34316,1.34341,1.34341,1.34315,113
2016-11-16 05:59:00,2016-11-16 06:00:00,1.34315,1.3431,1.34316,1.34307,1.34341,1.34337,1.34341,1.3433,143
2016-11-16 06:00:00,2016-11-16 06:01:00,1.3431,1.34312,1.34325,1.34304,1.34337,1.34337,1.34353,1.34327,348
2016-11-16 06:01:00,2016-11-16 06:02:00,1.34312,1.34282,1.34313,1.34282,1.34337,1.34306,1.34339,1.34306,380
2016-11-16 06:02:00,2016-11-16 06:03:00,1.34282,1.34272,1.34294,1.34271,1.34306,1.34298,1.34321,1.34296,244
2016-11-16 06:03:00,2016-11-16 06:04:00,1.34272,1.34272,1.34275,1.3427,1.34298,1.343,1.34301,1.34297,164
2016-11-16 06:04:00,2016-11-16 06:05:00,1.34272,1.34266,1.34273,1.34255,1.343,1.34293,1.343,1.34281,240
2016-11-16 06:05:00,2016-11-16 06:06:00,1.34266,1.34268,1.34269,1.34245,1.34293,1.34293,1.34295,1.34269,249
2016-11-16 06:06:00,2016-11-16 06:07:00,1.34268,1.34265,1.34275,1.34265,1.34293,1.34291,1.34296,1.34289,163
2016-11-16 06:07:00,2016-11-16 06:08:00,1.34265,1.34272,1.34282,1.34265,1.34291,1.34298,1.34301,1.34289,108
2016-11-16 06:08:00,2016-11-16 06:09:00,1.34272,1.34279,1.34285,1.34266,1.34298,1.34305,1.34308,1.34291,152
2016-11-16 06:09:00,2016-11-16 06:10:00,1.34279,1.3428,1.34284,1.34279,1.34305,1.34304,1.34309,1.34303,65
2016-11-16 06:10:00,2016-11-16 06:11:00,1.3428,1.34283,1.34287,1.34281,1.34304,1.34309,1.34312,1.34304,95
2016-11-16 06:11:00,2016-11-16 06:12:00,1.34283,1.34284,1.34287,1.34282,1.34309,1.34307,1.34311,1.34305,85
2016-11-16 06:12:00,2016-11-16 06:13:00,1.34284,1.34285,1.34291,1.34283,1.34307,1.34308,1.34312,1.34306,184
2016-11-16 06:13:00,2016-11-16 06:14:00,1.34285,1.34274,1.34285,1.3427,1.34308,1.34299,1.34308,1.34295,218
2016-11-16 06:14:00,2016-11-16 06:15:00,1.34274,1.34254,1.34275,1.34252,1.34299,1.3428,1.343,1.34279,284
2016-11-16 06:15:00,2016-11-16 06:16:00,1.34254,1.34254,1.34261,1.34251,1.3428,1.3428,1.34287,1.34277,205
2016-11-16 06:16:00,2016-11-16 06:17:00,1.34254,1.34267,1.34269,1.34254,1.3428,1.34292,1.34293,1.3428,259
2016-11-16 06:17:00,2016-11-16 06:18:00,1.34267,1.34283,1.34285,1.34266,1.34292,1.34307,1.34308,1.34292,92
2016-11-16 06:18:00,2016-11-16 06:19:00,1.34283,1.34281,1.34284,1.34271,1.34307,1.34305,1.34308,1.34298,134
2016-11-16 06:19:00,2016-11-16 06:20:00,1.34281,1.34275,1.34284,1.3427,1.34305,1.343,1.34308,1.34297,145
2016-11-16 06:20:00,2016-11-16 06:21:00,1.34275,1.34271,1.34281,1.3427,1.343,1.34296,1.34306,1.34296,106
2016-11-16 06:21:00,2016-11-16 06:22:00,1.34271,1.34271,1.34273,1.34262,1.34296,1.34298,1.34299,1.34286,121
2016-11-16 06:22:00,2016-11-16 06:23:00,1.34271,1.34262,1.34273,1.34255,1.34298,1.3429,1.34299,1.34281,352
2016-11-16 06:23:00,2016-11-16 06:24:00,1.34262,1.34264,1.34269,1.34263,1.3429,1.34291,1.34295,1.34289,295
2016-11-16 06:24:00,2016-11-16 06:25:00,1.34264,1.34274,1.34274,1.34263,1.34291,1.34298,1.34298,1.3429,174
2016-11-16 06:25:00,2016-11-16 06:26:00,1.34274,1.34273,1.34277,1.34272,1.34298,1.34299,1.34301,1.34297,35
2016-11-16 06:26:00,2016-11-16 06:27:00,1.34273,1.34273,1.34275,1.34272,1.34299,1.34298,1.34301,1.34298,50
2016-11-16 06:27:00,2016-11-16 06:28:00,1.34273,1.34272,1.34273,1.34269,1.34298,1.34295,1.34299,1.34294,50
2016-11-16 06:28:00,2016-11-16 06:29:00,1.34272,1.34275,1.34275,1.34271,1.34295,1.34299,1.34299,1.34293,60
2016-11-16 06:29:00,2016-11-16 06:30:00,1.34275,1.34273,1.34276,1.34266,1.34299,1.34298,1.343,1.34291,153
2016-11-16 06:30:00,2016-11-16 06:31:00,1.34273,1.34286,1.34288,1.34272,1.34298,1.34307,1.34309,1.34298,143
2016-11-16 06:31:00,2016-11-16 06:32:00,1.34286,1.34283,1.34286,1.34277,1.34307,1.34308,1.34308,1.34298,67
2016-11-16 06:32:00,2016-11-16 06:33:00,1.34283,1.34283,1.34284,1.34281,1.34308,1.34307,1.34309,1.34305,36
2016-11-16 06:33:00,2016-11-16 06:34:00,1.34283,1.3428,1.34284,1.34275,1.34307,1.34306,1.34308,1.34299,76
2016-11-16 06:34:00,2016-11-16 06:35:00,1.3428,1.34284,1.34285,1.34272,1.34306,1.34305,1.34307,1.34297,150
2016-11-16 06:35:00,2016-11-16 06:36:00,1.34284,1.34278,1.34285,1.34273,1.34305,1.34299,1.34306,1.34292,144
2016-11-16 06:36:00,2016-11-16 06:37:00,1.34278,1.34282,1.34285,1.34273,1.34299,1.34305,1.34308,1.34293,155
2016-11-16 06:37:00,2016-11-16 06:38:00,1.34282,1.34274,1.34285,1.34273,1.34305,1.343,1.34308,1.34298,117
2016-11-16 06:38:00,2016-11-16 06:39:00,1.34274,1.34285,1.3429,1.34274,1.343,1.34307,1.3431,1.34301,161
2016-11-16 06:39:00,2016-11-16 06:40:00,1.34285,1.34286,1.3429,1.34282,1.34307,1.34308,1.34314,1.34304,128
2016-11-16 06:40:00,2016-11-16 06:41:00,1.34286,1.34281,1.34288,1.34281,1.34308,1.34308,1.34313,1.34306,136
2016-11-16 06:41:00,2016-11-16 06:42:00,1.34281,1.34276,1.34289,1.34276,1.34308,1.34301,1.34313,1.34301,202
2016-11-16 06:42:00,2016-11-16 06:43:00,1.34276,1.34273,1.34281,1.34272,1.34301,1.34294,1.34306,1.34294,162
2016-11-16 06:43:00,2016-11-16 06:44:00,1.34273,1.34282,1.34283,1.34266,1.34294,1.34307,1.3431,1.34291,294
2016-11-16 06:44:00,2016-11-16 06:45:00,1.34282,1.34281,1.34286,1.34279,1.34307,1.34307,1.34311,1.34304,190
2016-11-16 06:45:00,2016-11-16 06:46:00,1.34281,1.34271,1.34286,1.34271,1.34307,1.34298,1.34311,1.34297,152
2016-11-16 06:46:00,2016-11-16 06:47:00,1.34271,1.34277,1.3428,1.3427,1.34298,1.34304,1.34308,1.34295,251
2016-11-16 06:47:00,2016-11-16 06:48:00,1.34277,1.34284,1.34284,1.34275,1.34304,1.3431,1.34311,1.34302,151
2016-11-16 06:48:00,2016-11-16 06:49:00,1.34284,1.34283,1.34286,1.3428,1.3431,1.34309,1.34311,1.34304,128
2016-11-16 06:49:00,2016-11-16 06:50:00,1.34283,1.34281,1.34284,1.34279,1.34309,1.34304,1.3431,1.34303,78
2016-11-16 06:50:00,2016-11-16 06:51:00,1.34281,1.34281,1.34286,1.34281,1.34304,1.34304,1.3431,1.34303,44
2016-11-16 06:51:00,2016-11-16 06:52:00,1.34281,1.34282,1.34284,1.34279,1.34304,1.34305,1.34308,1.34304,47
2016-11-16 06:52:00,2016-11-16 06:53:00,1.34282,1.34281,1.34283,1.3428,1.34305,1.34303,1.34307,1.343,60
2016-11-16 06:53:00,2016-11-16 06:54:00,1.34281,1.34283,1.34285,1.34281,1.34303,1.34305,1.34308,1.34304,44
2016-11-16 06:54:00,2016-11-16 06:55:00,1.34283,1.34281,1.34284,1.34279,1.34305,1.34304,1.34308,1.34302,75
2016-11-16 06:55:00,2016-11-16 06:56:00,1.34281,1.34261,1.34282,1.34261,1.34304,1.34285,1.34306,1.34285,125
2016-11-16 06:56:00,2016-11-16 06:57:00,1.34261,1.34255,1.34263,1.34245,1.34285,1.34281,1.34288,1.34271,182
2016-11-16 06:57:00,2016-11-16 06:58:00,1.34255,1.34263,1.34273,1.34253,1.34281,1.34287,1.34299,1.34278,157
2016-11-16 06:58:00,2016-11-16 06:59:00,1.34263,1.34271,1.34272,1.34261,1.34287,1.34298,1.34298,1.34287,95
2016-11-16 06:59:00,2016-11-16 07:00:00,1.34271,1.34279,1.34283,1.3427,1.34298,1.34296,1.3431,1.34296,140
2016-11-16 07:00:00,2016-11-16 07:01:00,1.34279,1.34293,1.34293,1.34275,1.34296,1.34319,1.3432,1.34296,93
2016-11-16 07:01:00,2016-11-16 07:02:00,1.34293,1.343,1.34306,1.34293,1.34319,1.34317,1.34326,1.34315,69
2016-11-16 07:02:00,2016-11-16 07:03:00,1.343,1.34304,1.34315,1.34296,1.34317,1.34328,1.34336,1.34313,131
2016-11-16 07:03:00,2016-11-16 07:04:00,1.34304,1.34303,1.34307,1.34301,1.34328,1.34327,1.3433,1.34322,64
2016-11-16 07:04:00,2016-11-16 07:05:00,1.34303,1.34298,1.34304,1.34296,1.34327,1.34322,1.34328,1.34315,61
2016-11-16 07:05:00,2016-11-16 07:06:00,1.34298,1.34318,1.34318,1.34301,1.34322,1.34335,1.34337,1.34322,56
2016-11-16 07:06:00,2016-11-16 07:07:00,1.34318,1.34333,1.34333,1.34302,1.34335,1.34354,1.34356,1.34325,97
2016-11-16 07:07:00,2016-11-16 07:08:00,1.34333,1.3435,1.34354,1.34316,1.34354,1.34371,1.34376,1.34338,223
2016-11-16 07:08:00,2016-11-16 07:09:00,1.3435,1.34314,1.34349,1.34314,1.34371,1.34336,1.34372,1.34336,192
2016-11-16 07:09:00,2016-11-16 07:10:00,1.34314,1.34312,1.34324,1.3431,1.34336,1.34337,1.34349,1.34333,131
2016-11-16 07:10:00,2016-11-16 07:11:00,1.34312,1.3432,1.34324,1.3431,1.34337,1.34342,1.34346,1.34334,179
2016-11-16 07:11:00,2016-11-16 07:12:00,1.3432,1.34294,1.34321,1.3429,1.34342,1.34314,1.34343,1.34313,112
2016-11-16 07:12:00,2016-11-16 07:13:00,1.34294,1.34279,1.34295,1.34276,1.34314,1.34302,1.34316,1.34301,196
2016-11-16 07:13:00,2016-11-16 07:14:00,1.34279,1.34285,1.34285,1.34273,1.34302,1.34303,1.34308,1.34293,238
2016-11-16 07:14:00,2016-11-16 07:15:00,1.34285,1.34314,1.34315,1.3428,1.34303,1.34339,1.34339,1.34303,343
2016-11-16 07:15:00,2016-11-16 07:16:00,1.34314,1.34306,1.34322,1.34301,1.34339,1.34329,1.34345,1.34325,330
2016-11-16 07:16:00,2016-11-16 07:17:00,1.34306,1.34314,1.34325,1.34304,1.34329,1.34338,1.34348,1.34328,366
2016-11-16 07:17:00,2016-11-16 07:18:00,1.34314,1.3432,1.34325,1.34308,1.34338,1.34346,1.34349,1.34332,193
2016-11-16 07:18:00,2016-11-16 07:19:00,1.3432,1.34319,1.34323,1.34304,1.34346,1.34344,1.34347,1.34328,185
2016-11-16 07:19:00,2016-11-16 07:20:00,1.34319,1.3433,1.34343,1.3432,1.34344,1.34353,1.34366,1.34344,375
2016-11-16 07:20:00,2016-11-16 07:21:00,1.3433,1.34342,1.34347,1.34331,1.34353,1.34364,1.3437,1.34353,195
2016-11-16 07:21:00,2016-11-16 07:22:00,1.34342,1.34384,1.34419,1.34341,1.34364,1.34412,1.34447,1.34365,485
2016-11-16 07:22:00,2016-11-16 07:23:00,1.34384,1.3443,1.34431,1.34384,1.34412,1.34452,1.34456,1.34412,467
2016-11-16 07:23:00,2016-11-16 07:24:00,1.3443,1.34441,1.34452,1.34421,1.34452,1.34468,1.34474,1.34446,461
2016-11-16 07:24:00,2016-11-16 07:25:00,1.34441,1.34482,1.34484,1.34432,1.34468,1.34507,1.3451,1.34457,325
2016-11-16 07:25:00,2016-11-16 07:26:00,1.34482,1.34452,1.34484,1.34451,1.34507,1.34479,1.34507,1.34478,282
2016-11-16 07:26:00,2016-11-16 07:27:00,1.34452,1.34452,1.34482,1.3445,1.34479,1.34477,1.34507,1.34474,444
2016-11-16 07:27:00,2016-11-16 07:28:00,1.34452,1.34444,1.34465,1.34435,1.34477,1.34465,1.34492,1.3446,513
2016-11-16 07:28:00,2016-11-16 07:29:00,1.34444,1.34501,1.34521,1.34429,1.34465,1.34527,1.34547,1.34454,865
2016-11-16 07:29:00,2016-11-16 07:30:00,1.34501,1.34507,1.3451,1.34476,1.34527,1.3453,1.34536,1.34502,550
2016-11-16 07:30:00,2016-11-16 07:31:00,1.34507,1.34474,1.34509,1.3447,1.3453,1.34498,1.34531,1.34493,477
2016-11-16 07:31:00,2016-11-16 07:32:00,1.34474,1.3448,1.34494,1.34472,1.34498,1.34504,1.34518,1.34496,549
2016-11-16 07:32:00,2016-11-16 07:33:00,1.3448,1.34463,1.34484,1.34456,1.34504,1.34486,1.34507,1.34478,378
2016-11-16 07:33:00,2016-11-16 07:34:00,1.34463,1.34501,1.34505,1.34444,1.34486,1.34527,1.34527,1.34468,462
2016-11-16 07:34:00,2016-11-16 07:35:00,1.34501,1.34489,1.34511,1.34467,1.34527,1.34509,1.34538,1.34493,492
2016-11-16 07:35:00,2016-11-16 07:36:00,1.34489,1.34508,1.34511,1.34466,1.34509,1.34534,1.34536,1.34488,570
2016-11-16 07:36:00,2016-11-16 07:37:00,1.34508,1.3451,1.34529,1.34508,1.34534,1.34528,1.34555,1.34526,248
2016-11-16 07:37:00,2016-11-16 07:38:00,1.3451,1.34501,1.34511,1.3446,1.34528,1.34523,1.34536,1.34481,516
2016-11-16 07:38:00,2016-11-16 07:39:00,1.34501,1.34515,1.34534,1.34488,1.34523,1.34539,1.34559,1.34513,339
2016-11-16 07:39:00,2016-11-16 07:40:00,1.34515,1.345,1.34519,1.34479,1.34539,1.34522,1.34542,1.34504,348
2016-11-16 07:40:00,2016-11-16 07:41:00,1.345,1.3451,1.34513,1.34487,1.34522,1.34535,1.34536,1.34508,207
2016-11-16 07:41:00,2016-11-16 07:42:00,1.3451,1.34517,1.34539,1.34511,1.34535,1.34543,1.34564,1.34535,667
2016-11-16 07:42:00,2016-11-16 07:43:00,1.34517,1.34501,1.34529,1.3449,1.34543,1.34525,1.34552,1.34513,440
2016-11-16 07:43:00,2016-11-16 07:44:00,1.34501,1.34521,1.34525,1.34489,1.34525,1.34545,1.34548,1.34513,478
2016-11-16 07:44:00,2016-11-16 07:45:00,1.34521,1.34503,1.34523,1.34484,1.34545,1.34528,1.34548,1.34506,429
2016-11-16 07:45:00,2016-11-16 07:46:00,1.34503,1.34474,1.34502,1.34458,1.34528,1.34495,1.34528,1.34481,550
2016-11-16 07:46:00,2016-11-16 07:47:00,1.34474,1.34464,1.3448,1.34451,1.34495,1.34486,1.34501,1.34476,496
2016-11-16 07:47:00,2016-11-16 07:48:00,1.34464,1.34457,1.34466,1.34453,1.34486,1.34479,1.3449,1.34476,409
2016-11-16 07:48:00,2016-11-16 07:49:00,1.34457,1.34455,1.34465,1.34452,1.34479,1.34479,1.34487,1.34475,186
2016-11-16 07:49:00,2016-11-16 07:50:00,1.34455,1.34471,1.34475,1.34453,1.34479,1.34494,1.34498,1.34477,325
2016-11-16 07:50:00,2016-11-16 07:51:00,1.34471,1.34474,1.34483,1.34465,1.34494,1.34499,1.34505,1.34488,410
2016-11-16 07:51:00,2016-11-16 07:52:00,1.34474,1.34519,1.34526,1.34474,1.34499,1.34538,1.34552,1.34498,935
2016-11-16 07:52:00,2016-11-16 07:53:00,1.34519,1.3447,1.34537,1.34468,1.34538,1.34492,1.34563,1.34492,510
2016-11-16 07:53:00,2016-11-16 07:54:00,1.3447,1.34455,1.34483,1.34447,1.34492,1.3448,1.34508,1.34472,373
2016-11-16 07:54:00,2016-11-16 07:55:00,1.34455,1.34426,1.34479,1.3441,1.3448,1.34446,1.34504,1.34434,400
2016-11-16 07:55:00,2016-11-16 07:56:00,1.34426,1.34376,1.34426,1.34357,1.34446,1.34397,1.34448,1.34382,542
2016-11-16 07:56:00,2016-11-16 07:57:00,1.34376,1.3443,1.3444,1.34368,1.34397,1.34453,1.34465,1.34393,454
2016-11-16 07:57:00,2016-11-16 07:58:00,1.3443,1.34458,1.34475,1.34412,1.34453,1.34483,1.34499,1.34434,506
2016-11-16 07:58:00,2016-11-16 07:59:00,1.34458,1.34428,1.34474,1.34424,1.34483,1.34452,1.34499,1.34452,602
2016-11-16 07:59:00,2016-11-16 08:00:00,1.34428,1.34413,1.34448,1.34412,1.34452,1.34439,1.34472,1.34439,642
2016-11-16 08:00:00,2016-11-16 08:01:00,1.34413,1.34387,1.34413,1.34376,1.34439,1.34413,1.34437,1.34401,320
2016-11-16 08:01:00,2016-11-16 08:02:00,1.34387,1.34446,1.34448,1.34383,1.34413,1.34472,1.34474,1.34406,583
2016-11-16 08:02:00,2016-11-16 08:03:00,1.34446,1.34485,1.34487,1.34435,1.34472,1.34507,1.34508,1.3446,518
2016-11-16 08:03:00,2016-11-16 08:04:00,1.34485,1.34502,1.3451,1.34476,1.34507,1.34529,1.34532,1.34501,544
2016-11-16 08:04:00,2016-11-16 08:05:00,1.34502,1.34481,1.34515,1.34481,1.34529,1.34505,1.34539,1.34505,516
2016-11-16 08:05:00,2016-11-16 08:06:00,1.34481,1.34509,1.3452,1.34471,1.34505,1.34535,1.34546,1.34493,707
2016-11-16 08:06:00,2016-11-16 08:07:00,1.34509,1.34518,1.34524,1.34498,1.34535,1.34532,1.34545,1.3452,687
2016-11-16 08:07:00,2016-11-16 08:08:00,1.34518,1.34543,1.34549,1.34512,1.34532,1.34563,1.34571,1.34535,691
2016-11-16 08:08:00,2016-11-16 08:09:00,1.34543,1.34577,1.34583,1.34534,1.34563,1.34601,1.34605,1.34556,612
2016-11-16 08:09:00,2016-11-16 08:10:00,1.34577,1.34546,1.34577,1.34544,1.34601,1.34571,1.346,1.34569,585
2016-11-16 08:10:00,2016-11-16 08:11:00,1.34546,1.3454,1.34553,1.34516,1.34571,1.3456,1.34574,1.34544,467
2016-11-16 08:11:00,2016-11-16 08:12:00,1.3454,1.34546,1.34558,1.34518,1.3456,1.34568,1.34581,1.34541,1060
2016-11-16 08:12:00,2016-11-16 08:13:00,1.34546,1.34538,1.3455,1.34505,1.34568,1.3456,1.34568,1.34525,719
2016-11-16 08:13:00,2016-11-16 08:14:00,1.34538,1.34537,1.34544,1.34526,1.3456,1.3456,1.34567,1.34546,552
2016-11-16 08:14:00,2016-11-16 08:15:00,1.34537,1.34544,1.34564,1.34535,1.3456,1.34564,1.34582,1.34558,463
2016-11-16 08:15:00,2016-11-16 08:16:00,1.34544,1.34542,1.34554,1.34524,1.34564,1.34564,1.3457,1.34546,354
2016-11-16 08:16:00,2016-11-16 08:17:00,1.34542,1.34544,1.34556,1.34526,1.34564,1.34563,1.34573,1.34548,431
2016-11-16 08:17:00,2016-11-16 08:18:00,1.34544,1.34532,1.34563,1.34532,1.34563,1.34552,1.34576,1.34552,572
2016-11-16 08:18:00,2016-11-16 08:19:00,1.34532,1.34513,1.34534,1.34509,1.34552,1.34534,1.34552,1.34532,373
2016-11-16 08:19:00,2016-11-16 08:20:00,1.34513,1.34519,1.34533,1.34509,1.34534,1.3454,1.34551,1.34533,301
2016-11-16 08:20:00,2016-11-16 08:21:00,1.34519,1.34515,1.34529,1.34508,1.3454,1.34536,1.34548,1.3453,422
2016-11-16 08:21:00,2016-11-16 08:22:00,1.34515,1.34577,1.3458,1.34514,1.34536,1.34603,1.34603,1.34535,499
2016-11-16 08:22:00,2016-11-16 08:23:00,1.34577,1.34579,1.34582,1.34557,1.34603,1.34601,1.34604,1.34582,195
2016-11-16 08:23:00,2016-11-16 08:24:00,1.34579,1.34615,1.34616,1.34569,1.34601,1.34641,1.34642,1.34592,346
2016-11-16 08:24:00,2016-11-16 08:25:00,1.34615,1.34604,1.34618,1.34597,1.34641,1.34626,1.34642,1.34618,408
2016-11-16 08:25:00,2016-11-16 08:26:00,1.34604,1.34602,1.34612,1.34581,1.34626,1.34623,1.34634,1.34602,250
2016-11-16 08:26:00,2016-11-16 08:27:00,1.34602,1.34599,1.3461,1.34599,1.34623,1.34624,1.34634,1.3462,297
2016-11-16 08:27:00,2016-11-16 08:28:00,1.34599,1.34563,1.34599,1.34562,1.34624,1.34587,1.34624,1.34583,486
2016-11-16 08:28:00,2016-11-16 08:29:00,1.34563,1.34574,1.34575,1.34551,1.34587,1.34597,1.34598,1.34573,459
2016-11-16 08:29:00,2016-11-16 08:30:00,1.34574,1.34574,1.34578,1.3457,1.34597,1.34598,1.34601,1.34591,304
2016-11-16 08:30:00,2016-11-16 08:31:00,1.34574,1.34555,1.34575,1.34551,1.34598,1.34578,1.34599,1.34575,351
2016-11-16 08:31:00,2016-11-16 08:32:00,1.34555,1.3456,1.34572,1.34553,1.34578,1.34579,1.3459,1.34575,378
2016-11-16 08:32:00,2016-11-16 08:33:00,1.3456,1.34554,1.34576,1.34553,1.34579,1.34576,1.34598,1.34576,331
2016-11-16 08:33:00,2016-11-16 08:34:00,1.34554,1.34528,1.34556,1.34526,1.34576,1.34551,1.34576,1.34549,316
2016-11-16 08:34:00,2016-11-16 08:35:00,1.34528,1.34541,1.34545,1.34525,1.34551,1.34564,1.34567,1.34549,228
2016-11-16 08:35:00,2016-11-16 08:36:00,1.34541,1.34551,1.34554,1.34542,1.34564,1.34575,1.34577,1.34564,160
2016-11-16 08:36:00,2016-11-16 08:37:00,1.34551,1.34558,1.34567,1.34551,1.34575,1.34579,1.34586,1.34573,170
2016-11-16 08:37:00,2016-11-16 08:38:00,1.34558,1.34561,1.34569,1.34553,1.34579,1.34585,1.34593,1.34575,241
2016-11-16 08:38:00,2016-11-16 08:39:00,1.34561,1.34562,1.34569,1.34554,1.34585,1.34586,1.34591,1.34575,284
2016-11-16 08:39:00,2016-11-16 08:40:00,1.34562,1.34573,1.34574,1.34551,1.34586,1.34595,1.34595,1.34573,274
2016-11-16 08:40:00,2016-11-16 08:41:00,1.34573,1.3458,1.34583,1.34562,1.34595,1.34603,1.34606,1.34585,181
2016-11-16 08:41:00,2016-11-16 08:42:00,1.3458,1.34634,1.34636,1.34571,1.34603,1.34654,1.3466,1.34595,454
2016-11-16 08:42:00,2016-11-16 08:43:00,1.34634,1.34629,1.34637,1.34626,1.34654,1.3465,1.34661,1.34647,240
2016-11-16 08:43:00,2016-11-16 08:44:00,1.34629,1.34642,1.34646,1.34626,1.3465,1.34663,1.34667,1.34647,316
2016-11-16 08:44:00,2016-11-16 08:45:00,1.34642,1.34643,1.34656,1.34635,1.34663,1.34663,1.34676,1.34657,546
2016-11-16 08:45:00,2016-11-16 08:46:00,1.34643,1.34644,1.34653,1.34628,1.34663,1.34666,1.34675,1.34649,490
2016-11-16 08:46:00,2016-11-16 08:47:00,1.34644,1.34638,1.34646,1.34628,1.34666,1.3466,1.34669,1.34649,253
2016-11-16 08:47:00,2016-11-16 08:48:00,1.34638,1.34664,1.34666,1.34636,1.3466,1.34686,1.34688,1.34657,350
2016-11-16 08:48:00,2016-11-16 08:49:00,1.34664,1.34665,1.34666,1.34646,1.34686,1.34687,1.34687,1.34667,293
2016-11-16 08:49:00,2016-11-16 08:50:00,1.34665,1.34661,1.34685,1.34657,1.34687,1.34684,1.34707,1.34679,571
2016-11-16 08:50:00,2016-11-16 08:51:00,1.34661,1.3467,1.34671,1.34653,1.34684,1.34695,1.34696,1.34673,365
2016-11-16 08:51:00,2016-11-16 08:52:00,1.3467,1.34645,1.34672,1.34642,1.34695,1.34667,1.34696,1.34663,284
2016-11-16 08:52:00,2016-11-16 08:53:00,1.34645,1.34618,1.34646,1.34614,1.34667,1.34642,1.3467,1.34638,195
2016-11-16 08:53:00,2016-11-16 08:54:00,1.34618,1.3461,1.34628,1.34606,1.34642,1.34631,1.34652,1.34621,236
2016-11-16 08:54:00,2016-11-16 08:55:00,1.3461,1.34591,1.34612,1.34586,1.34631,1.34609,1.34631,1.34608,198
2016-11-16 08:55:00,2016-11-16 08:56:00,1.34591,1.34562,1.34591,1.34552,1.34609,1.34585,1.34609,1.34573,268
2016-11-16 08:56:00,2016-11-16 08:57:00,1.34562,1.34533,1.34564,1.34526,1.34585,1.34556,1.34584,1.34548,333
2016-11-16 08:57:00,2016-11-16 08:58:00,1.34533,1.3453,1.34543,1.34523,1.34556,1.34554,1.34567,1.34547,373
2016-11-16 08:58:00,2016-11-16 08:59:00,1.3453,1.34526,1.34533,1.34505,1.34554,1.34549,1.34556,1.34528,311
2016-11-16 08:59:00,2016-11-16 09:00:00,1.34526,1.34603,1.34604,1.34527,1.34549,1.34624,1.34626,1.34549,391
2016-11-16 09:00:00,2016-11-16 09:01:00,1.34603,1.346,1.34613,1.34596,1.34624,1.34623,1.34635,1.3462,270
2016-11-16 09:01:00,2016-11-16 09:02:00,1.346,1.34599,1.34603,1.3459,1.34623,1.3462,1.34624,1.34611,336
2016-11-16 09:02:00,2016-11-16 09:03:00,1.34599,1.34589,1.34602,1.34556,1.3462,1.34609,1.34621,1.3458,385
2016-11-16 09:03:00,2016-11-16 09:04:00,1.34589,1.34556,1.34589,1.34553,1.34609,1.34577,1.34611,1.34575,371
2016-11-16 09:04:00,2016-11-16 09:05:00,1.34556,1.34546,1.34565,1.34542,1.34577,1.34568,1.34589,1.34565,390
2016-11-16 09:05:00,2016-11-16 09:06:00,1.34546,1.34582,1.34585,1.34545,1.34568,1.34605,1.34607,1.34567,429
2016-11-16 09:06:00,2016-11-16 09:07:00,1.34582,1.34581,1.34603,1.34578,1.34605,1.34604,1.34625,1.34604,297
2016-11-16 09:07:00,2016-11-16 09:08:00,1.34581,1.3454,1.34586,1.34531,1.34604,1.34564,1.34606,1.34556,510
2016-11-16 09:08:00,2016-11-16 09:09:00,1.3454,1.34575,1.34581,1.3454,1.34564,1.34597,1.34603,1.34565,567
2016-11-16 09:09:00,2016-11-16 09:10:00,1.34575,1.34552,1.34586,1.34552,1.34597,1.34576,1.34608,1.34575,340
2016-11-16 09:10:00,2016-11-16 09:11:00,1.34552,1.34612,1.34613,1.34547,1.34576,1.34635,1.34636,1.3457,392
2016-11-16 09:11:00,2016-11-16 09:12:00,1.34612,1.34615,1.34617,1.3461,1.34635,1.34637,1.34638,1.34633,130
2016-11-16 09:12:00,2016-11-16 09:13:00,1.34615,1.34623,1.3464,1.34608,1.34637,1.34646,1.34661,1.34631,289
2016-11-16 09:13:00,2016-11-16 09:14:00,1.34623,1.34658,1.3466,1.34616,1.34646,1.3468,1.34682,1.34638,284
2016-11-16 09:14:00,2016-11-16 09:15:00,1.34658,1.34634,1.34667,1.34631,1.3468,1.34657,1.34688,1.34655,316
2016-11-16 09:15:00,2016-11-16 09:16:00,1.34634,1.34636,1.34645,1.34622,1.34657,1.34661,1.34669,1.34647,329
2016-11-16 09:16:00,2016-11-16 09:17:00,1.34636,1.3464,1.3465,1.34632,1.34661,1.34663,1.34674,1.34657,306
2016-11-16 09:17:00,2016-11-16 09:18:00,1.3464,1.34612,1.34642,1.34609,1.34663,1.34634,1.34667,1.34632,252
2016-11-16 09:18:00,2016-11-16 09:19:00,1.34612,1.34614,1.34629,1.34602,1.34634,1.34636,1.34649,1.34622,257
2016-11-16 09:19:00,2016-11-16 09:20:00,1.34614,1.34626,1.34637,1.3461,1.34636,1.34648,1.34658,1.34632,245
2016-11-16 09:20:00,2016-11-16 09:21:00,1.34626,1.34624,1.34643,1.34624,1.34648,1.34644,1.34664,1.34643,105
2016-11-16 09:21:00,2016-11-16 09:22:00,1.34624,1.34621,1.34633,1.34608,1.34644,1.34646,1.34656,1.34633,319
2016-11-16 09:22:00,2016-11-16 09:23:00,1.34621,1.34665,1.34667,1.34618,1.34646,1.34686,1.34686,1.34642,395
2016-11-16 09:23:00,2016-11-16 09:24:00,1.34665,1.3471,1.34715,1.34665,1.34686,1.34728,1.34737,1.34685,629
2016-11-16 09:24:00,2016-11-16 09:25:00,1.3471,1.34667,1.34709,1.3466,1.34728,1.34692,1.34728,1.34684,379
2016-11-16 09:25:00,2016-11-16 09:26:00,1.34667,1.34681,1.34696,1.34666,1.34692,1.34703,1.34714,1.34692,240
2016-11-16 09:26:00,2016-11-16 09:27:00,1.34681,1.34651,1.34684,1.3465,1.34703,1.34672,1.34706,1.34672,198
2016-11-16 09:27:00,2016-11-16 09:28:00,1.34651,1.34635,1.34662,1.34623,1.34672,1.34659,1.3468,1.34647,415
2016-11-16 09:28:00,2016-11-16 09:29:00,1.34635,1.34638,1.34638,1.3463,1.34659,1.34659,1.3466,1.34653,160
2016-11-16 09:29:00,2016-11-16 09:30:00,1.34638,1.34639,1.34673,1.34636,1.34659,1.34656,1.34694,1.34656,374
2016-11-16 09:30:00,2016-11-16 09:31:00,1.34639,1.34621,1.34637,1.34617,1.34656,1.34641,1.34656,1.34637,292
2016-11-16 09:31:00,2016-11-16 09:32:00,1.34621,1.34619,1.34629,1.34612,1.34641,1.34641,1.3465,1.34633,356
2016-11-16 09:32:00,2016-11-16 09:33:00,1.34619,1.34637,1.34644,1.34614,1.34641,1.34658,1.34667,1.34636,394
2016-11-16 09:33:00,2016-11-16 09:34:00,1.34637,1.34645,1.34645,1.34624,1.34658,1.34666,1.34666,1.34643,231
2016-11-16 09:34:00,2016-11-16 09:35:00,1.34645,1.34654,1.34656,1.34633,1.34666,1.34676,1.34678,1.34652,228
2016-11-16 09:35:00,2016-11-16 09:36:00,1.34654,1.34653,1.34676,1.34644,1.34676,1.34676,1.34696,1.34666,332
2016-11-16 09:36:00,2016-11-16 09:37:00,1.34653,1.34632,1.34655,1.34631,1.34676,1.34652,1.34678,1.34651,169
2016-11-16 09:37:00,2016-11-16 09:38:00,1.34632,1.34604,1.34631,1.34589,1.34652,1.34626,1.34652,1.34611,245
2016-11-16 09:38:00,2016-11-16 09:39:00,1.34604,1.34634,1.34637,1.34602,1.34626,1.34658,1.34659,1.34623,193
2016-11-16 09:39:00,2016-11-16 09:40:00,1.34634,1.34629,1.34659,1.34624,1.34658,1.34654,1.34683,1.34647,269
2016-11-16 09:40:00,2016-11-16 09:41:00,1.34629,1.34616,1.34635,1.34604,1.34654,1.3464,1.34658,1.34626,292
2016-11-16 09:41:00,2016-11-16 09:42:00,1.34616,1.34663,1.34666,1.34614,1.3464,1.34688,1.34691,1.34636,421
2016-11-16 09:42:00,2016-11-16 09:43:00,1.34663,1.34654,1.34665,1.34632,1.34688,1.34677,1.34689,1.34658,212
2016-11-16 09:43:00,2016-11-16 09:44:00,1.34654,1.34664,1.34672,1.34649,1.34677,1.34688,1.34695,1.34674,270
2016-11-16 09:44:00,2016-11-16 09:45:00,1.34664,1.34612,1.34674,1.34609,1.34688,1.34636,1.34699,1.34631,458
2016-11-16 09:45:00,2016-11-16 09:46:00,1.34612,1.34614,1.3463,1.34591,1.34636,1.34638,1.34652,1.34614,491
2016-11-16 09:46:00,2016-11-16 09:47:00,1.34614,1.34625,1.34628,1.34602,1.34638,1.34647,1.34648,1.34622,350
2016-11-16 09:47:00,2016-11-16 09:48:00,1.34625,1.34615,1.34638,1.34605,1.34647,1.34638,1.34657,1.34628,342
2016-11-16 09:48:00,2016-11-16 09:49:00,1.34615,1.34622,1.34635,1.34612,1.34638,1.34645,1.34657,1.34635,328
2016-11-16 09:49:00,2016-11-16 09:50:00,1.34622,1.34631,1.34641,1.34614,1.34645,1.34653,1.34665,1.34638,596
2016-11-16 09:50:00,2016-11-16 09:51:00,1.34631,1.34628,1.34641,1.34623,1.34653,1.34649,1.34665,1.34643,365
2016-11-16 09:51:00,2016-11-16 09:52:00,1.34628,1.34646,1.34655,1.34628,1.34649,1.34669,1.34677,1.3465,366
2016-11-16 09:52:00,2016-11-16 09:53:00,1.34646,1.34664,1.34676,1.34644,1.34669,1.34687,1.34699,1.34664,629
2016-11-16 09:53:00,2016-11-16 09:54:00,1.34664,1.34672,1.34676,1.34661,1.34687,1.34693,1.34699,1.34683,266
2016-11-16 09:54:00,2016-11-16 09:55:00,1.34672,1.34698,1.34704,1.34672,1.34693,1.3472,1.34728,1.34695,279
2016-11-16 09:55:00,2016-11-16 09:56:00,1.34698,1.34701,1.34703,1.34691,1.3472,1.34724,1.34725,1.34714,297
2016-11-16 09:56:00,2016-11-16 09:57:00,1.34701,1.347,1.34703,1.34692,1.34724,1.34721,1.34725,1.34709,223
2016-11-16 09:57:00,2016-11-16 09:58:00,1.347,1.34704,1.34712,1.347,1.34721,1.34726,1.34736,1.34723,285
2016-11-16 09:58:00,2016-11-16 09:59:00,1.34704,1.34724,1.34728,1.34702,1.34726,1.34747,1.34751,1.34725,434
2016-11-16 09:59:00,2016-11-16 10:00:00,1.34724,1.34746,1.34752,1.34717,1.34747,1.34767,1.34775,1.3474,435
2016-11-16 10:00:00,2016-11-16 10:01:00,1.34746,1.34747,1.34748,1.34728,1.34767,1.34765,1.34771,1.34749,279
2016-11-16 10:01:00,2016-11-16 10:02:00,1.34747,1.34738,1.3477,1.34733,1.34765,1.34762,1.34792,1.34757,380
2016-11-16 10:02:00,2016-11-16 10:03:00,1.34738,1.34708,1.34741,1.34704,1.34762,1.34731,1.34765,1.34727,323
2016-11-16 10:03:00,2016-11-16 10:04:00,1.34708,1.34712,1.34725,1.34705,1.34731,1.34736,1.34749,1.34729,384
2016-11-16 10:04:00,2016-11-16 10:05:00,1.34712,1.3474,1.34746,1.34713,1.34736,1.34763,1.3477,1.34737,278
2016-11-16 10:05:00,2016-11-16 10:06:00,1.3474,1.34734,1.34742,1.34724,1.34763,1.34756,1.34764,1.34747,285
2016-11-16 10:06:00,2016-11-16 10:07:00,1.34734,1.3471,1.34734,1.34706,1.34756,1.34732,1.34756,1.34729,230
2016-11-16 10:07:00,2016-11-16 10:08:00,1.3471,1.34707,1.34712,1.34704,1.34732,1.34732,1.34736,1.34727,261
2016-11-16 10:08:00,2016-11-16 10:09:00,1.34707,1.34699,1.3473,1.34699,1.34732,1.34722,1.34754,1.34722,328
2016-11-16 10:09:00,2016-11-16 10:10:00,1.34699,1.34691,1.34709,1.34685,1.34722,1.34714,1.3473,1.34708,304
2016-11-16 10:10:00,2016-11-16 10:11:00,1.34691,1.34715,1.34728,1.34681,1.34714,1.34739,1.34752,1.34704,329
2016-11-16 10:11:00,2016-11-16 10:12:00,1.34715,1.34713,1.34727,1.34711,1.34739,1.34735,1.34751,1.34732,204
2016-11-16 10:12:00,2016-11-16 10:13:00,1.34713,1.34717,1.34726,1.34695,1.34735,1.34741,1.34751,1.34718,272
2016-11-16 10:13:00,2016-11-16 10:14:00,1.34717,1.34711,1.34736,1.34705,1.34741,1.34733,1.3476,1.34729,377
2016-11-16 10:14:00,2016-11-16 10:15:00,1.34711,1.34742,1.34759,1.34697,1.34733,1.34766,1.34782,1.34722,386
2016-11-16 10:15:00,2016-11-16 10:16:00,1.34742,1.34754,1.34756,1.34728,1.34766,1.34773,1.34778,1.34751,571
2016-11-16 10:16:00,2016-11-16 10:17:00,1.34754,1.34743,1.3476,1.34738,1.34773,1.34765,1.34783,1.34757,539
2016-11-16 10:17:00,2016-11-16 10:18:00,1.34743,1.34761,1.34762,1.34728,1.34765,1.34779,1.34782,1.34745,588
2016-11-16 10:18:00,2016-11-16 10:19:00,1.34761,1.34759,1.34765,1.34752,1.34779,1.34781,1.34786,1.34772,284
2016-11-16 10:19:00,2016-11-16 10:20:00,1.34759,1.34761,1.34766,1.34757,1.34781,1.34783,1.34789,1.3478,282
2016-11-16 10:20:00,2016-11-16 10:21:00,1.34761,1.34762,1.34765,1.34755,1.34783,1.34782,1.34787,1.34778,320
2016-11-16 10:21:00,2016-11-16 10:22:00,1.34762,1.34765,1.34765,1.34746,1.34782,1.34786,1.34787,1.34767,290
2016-11-16 10:22:00,2016-11-16 10:23:00,1.34765,1.34756,1.34767,1.34754,1.34786,1.34779,1.34789,1.34777,164
2016-11-16 10:23:00,2016-11-16 10:24:00,1.34756,1.34784,1.34786,1.34755,1.34779,1.34806,1.34808,1.34779,398
2016-11-16 10:24:00,2016-11-16 10:25:00,1.34784,1.34809,1.34813,1.34764,1.34806,1.34833,1.34836,1.34787,472
2016-11-16 10:25:00,2016-11-16 10:26:00,1.34809,1.34807,1.34817,1.34789,1.34833,1.3483,1.34838,1.34811,527
2016-11-16 10:26:00,2016-11-16 10:27:00,1.34807,1.34837,1.34845,1.34804,1.3483,1.34861,1.34867,1.34825,360
2016-11-16 10:27:00,2016-11-16 10:28:00,1.34837,1.34829,1.34842,1.34815,1.34861,1.34853,1.34865,1.3484,386
2016-11-16 10:28:00,2016-11-16 10:29:00,1.34829,1.34834,1.3485,1.34821,1.34853,1.34856,1.34874,1.34845,414
2016-11-16 10:29:00,2016-11-16 10:30:00,1.34834,1.34822,1.3484,1.3482,1.34856,1.34848,1.34865,1.34842,385
2016-11-16 10:30:00,2016-11-16 10:31:00,1.34822,1.34832,1.34836,1.34813,1.34848,1.34852,1.34857,1.34836,397
2016-11-16 10:31:00,2016-11-16 10:32:00,1.34832,1.34828,1.3484,1.34819,1.34852,1.34849,1.3486,1.34842,193
2016-11-16 10:32:00,2016-11-16 10:33:00,1.34828,1.34821,1.34842,1.34817,1.34849,1.34843,1.34865,1.34838,325
2016-11-16 10:33:00,2016-11-16 10:34:00,1.34821,1.34799,1.34821,1.34792,1.34843,1.34824,1.34843,1.34814,199
2016-11-16 10:34:00,2016-11-16 10:35:00,1.34799,1.34778,1.34809,1.34774,1.34824,1.34797,1.34834,1.34796,411
2016-11-16 10:35:00,2016-11-16 10:36:00,1.34778,1.34777,1.34786,1.34762,1.34797,1.34796,1.3481,1.34786,316
2016-11-16 10:36:00,2016-11-16 10:37:00,1.34777,1.34793,1.34819,1.34777,1.34796,1.34813,1.3484,1.34797,556
2016-11-16 10:37:00,2016-11-16 10:38:00,1.34793,1.34802,1.34808,1.34791,1.34813,1.34825,1.34829,1.34813,407
2016-11-16 10:38:00,2016-11-16 10:39:00,1.34802,1.34786,1.34808,1.34785,1.34825,1.34802,1.34832,1.34802,435
2016-11-16 10:39:00,2016-11-16 10:40:00,1.34786,1.34756,1.34786,1.34738,1.34802,1.34776,1.34805,1.3476,505
2016-11-16 10:40:00,2016-11-16 10:41:00,1.34756,1.34766,1.34769,1.34755,1.34776,1.34787,1.34792,1.34776,321
2016-11-16 10:41:00,2016-11-16 10:42:00,1.34766,1.34764,1.34784,1.3475,1.34787,1.34787,1.34808,1.34772,322
2016-11-16 10:42:00,2016-11-16 10:43:00,1.34764,1.34789,1.3479,1.34763,1.34787,1.34809,1.34813,1.34785,244
2016-11-16 10:43:00,2016-11-16 10:44:00,1.34789,1.34774,1.34791,1.34772,1.34809,1.34796,1.34813,1.34791,311
2016-11-16 10:44:00,2016-11-16 10:45:00,1.34774,1.348,1.3481,1.34774,1.34796,1.34822,1.34834,1.34794,342
2016-11-16 10:45:00,2016-11-16 10:46:00,1.348,1.34809,1.34828,1.34799,1.34822,1.34828,1.34849,1.34821,445
2016-11-16 10:46:00,2016-11-16 10:47:00,1.34809,1.34825,1.34826,1.34809,1.34828,1.34842,1.34848,1.34828,220
2016-11-16 10:47:00,2016-11-16 10:48:00,1.34825,1.34801,1.34824,1.34785,1.34842,1.34822,1.34843,1.34807,467
2016-11-16 10:48:00,2016-11-16 10:49:00,1.34801,1.34752,1.3481,1.34744,1.34822,1.34777,1.34832,1.3477,461
2016-11-16 10:49:00,2016-11-16 10:50:00,1.34752,1.34751,1.34763,1.34735,1.34777,1.34773,1.34789,1.34758,473
2016-11-16 10:50:00,2016-11-16 10:51:00,1.34751,1.34763,1.34767,1.34744,1.34773,1.34781,1.34791,1.34766,263
2016-11-16 10:51:00,2016-11-16 10:52:00,1.34763,1.34756,1.34763,1.34746,1.34781,1.34777,1.3478,1.34766,166
2016-11-16 10:52:00,2016-11-16 10:53:00,1.34756,1.34756,1.34766,1.34754,1.34777,1.34778,1.34789,1.34773,124
2016-11-16 10:53:00,2016-11-16 10:54:00,1.34756,1.34749,1.34759,1.34742,1.34778,1.34771,1.34782,1.34763,173
2016-11-16 10:54:00,2016-11-16 10:55:00,1.34749,1.34745,1.3475,1.34736,1.34771,1.34771,1.34774,1.34757,320
2016-11-16 10:55:00,2016-11-16 10:56:00,1.34745,1.34747,1.34754,1.34738,1.34771,1.34771,1.34778,1.34761,308
2016-11-16 10:56:00,2016-11-16 10:57:00,1.34747,1.34749,1.34749,1.34732,1.34771,1.34771,1.34773,1.34753,196
2016-11-16 10:57:00,2016-11-16 10:58:00,1.34749,1.34765,1.34766,1.34742,1.34771,1.34787,1.34789,1.34766,203
2016-11-16 10:58:00,2016-11-16 10:59:00,1.34765,1.34756,1.34769,1.34742,1.34787,1.34774,1.34789,1.34764,125
2016-11-16 10:59:00,2016-11-16 11:00:00,1.34756,1.34762,1.34766,1.34748,1.34774,1.34784,1.3479,1.34772,264
2016-11-16 11:00:00,2016-11-16 11:01:00,1.34762,1.34765,1.34767,1.34753,1.34784,1.34787,1.34788,1.34776,100
2016-11-16 11:01:00,2016-11-16 11:02:00,1.34765,1.34764,1.34768,1.34753,1.34787,1.34784,1.3479,1.34774,149
2016-11-16 11:02:00,2016-11-16 11:03:00,1.34764,1.34773,1.34774,1.34761,1.34784,1.34797,1.34798,1.34781,255
2016-11-16 11:03:00,2016-11-16 11:04:00,1.34773,1.34806,1.3481,1.34769,1.34797,1.3483,1.34833,1.34792,274
2016-11-16 11:04:00,2016-11-16 11:05:00,1.34806,1.34827,1.34827,1.348,1.3483,1.3485,1.3485,1.34821,222
2016-11-16 11:05:00,2016-11-16 11:06:00,1.34827,1.34822,1.34829,1.34818,1.3485,1.34846,1.34852,1.34839,201
2016-11-16 11:06:00,2016-11-16 11:07:00,1.34822,1.34827,1.34837,1.34819,1.34846,1.34851,1.34858,1.34841,68
2016-11-16 11:07:00,2016-11-16 11:08:00,1.34827,1.34845,1.34845,1.34826,1.34851,1.34865,1.34866,1.34848,195
2016-11-16 11:08:00,2016-11-16 11:09:00,1.34845,1.34845,1.34855,1.34835,1.34865,1.34869,1.34877,1.34856,158
2016-11-16 11:09:00,2016-11-16 11:10:00,1.34845,1.34854,1.34882,1.34844,1.34869,1.34876,1.34907,1.34868,445
2016-11-16 11:10:00,2016-11-16 11:11:00,1.34854,1.34873,1.34877,1.34843,1.34876,1.34896,1.34898,1.34865,675
2016-11-16 11:11:00,2016-11-16 11:12:00,1.34873,1.34886,1.34891,1.34872,1.34896,1.34906,1.3491,1.34896,296
2016-11-16 11:12:00,2016-11-16 11:13:00,1.34886,1.34879,1.34896,1.34868,1.34906,1.34902,1.34917,1.34892,353
2016-11-16 11:13:00,2016-11-16 11:14:00,1.34879,1.34877,1.34885,1.34864,1.34902,1.34901,1.34907,1.34885,496
2016-11-16 11:14:00,2016-11-16 11:15:00,1.34877,1.34891,1.34899,1.34871,1.34901,1.34915,1.34923,1.34895,407
2016-11-16 11:15:00,2016-11-16 11:16:00,1.34891,1.34901,1.3491,1.34891,1.34915,1.34923,1.34933,1.34913,416
2016-11-16 11:16:00,2016-11-16 11:17:00,1.34901,1.34891,1.34902,1.34861,1.34923,1.34914,1.34924,1.34886,503
2016-11-16 11:17:00,2016-11-16 11:18:00,1.34891,1.34869,1.34896,1.34869,1.34914,1.34893,1.34918,1.3489,317
2016-11-16 11:18:00,2016-11-16 11:19:00,1.34869,1.34868,1.34883,1.3486,1.34893,1.34893,1.34905,1.34883,428
2016-11-16 11:19:00,2016-11-16 11:20:00,1.34868,1.34865,1.34874,1.34854,1.34893,1.34886,1.34898,1.34875,410
2016-11-16 11:20:00,2016-11-16 11:21:00,1.34865,1.34834,1.34867,1.3483,1.34886,1.34857,1.3489,1.3485,560
2016-11-16 11:21:00,2016-11-16 11:22:00,1.34834,1.34817,1.34836,1.34816,1.34857,1.34837,1.34858,1.34837,423
2016-11-16 11:22:00,2016-11-16 11:23:00,1.34817,1.34813,1.34832,1.34803,1.34837,1.34835,1.34855,1.34824,574
2016-11-16 11:23:00,2016-11-16 11:24:00,1.34813,1.34802,1.34815,1.34794,1.34835,1.34823,1.34838,1.34818,541
2016-11-16 11:24:00,2016-11-16 11:25:00,1.34802,1.3484,1.34849,1.34802,1.34823,1.34864,1.34873,1.34822,447
2016-11-16 11:25:00,2016-11-16 11:26:00,1.3484,1.34828,1.34849,1.34823,1.34864,1.34851,1.34872,1.34845,431
2016-11-16 11:26:00,2016-11-16 11:27:00,1.34828,1.3482,1.3483,1.34816,1.34851,1.34841,1.34854,1.34837,234
2016-11-16 11:27:00,2016-11-16 11:28:00,1.3482,1.34821,1.34831,1.34817,1.34841,1.3484,1.34853,1.34837,220
2016-11-16 11:28:00,2016-11-16 11:29:00,1.34821,1.34833,1.34835,1.3481,1.3484,1.34855,1.34856,1.3483,224
2016-11-16 11:29:00,2016-11-16 11:30:00,1.34833,1.34826,1.34834,1.34816,1.34855,1.34845,1.34856,1.34836,295
2016-11-16 11:30:00,2016-11-16 11:31:00,1.34826,1.34875,1.34877,1.34826,1.34845,1.34895,1.34896,1.34846,415
2016-11-16 11:31:00,2016-11-16 11:32:00,1.34875,1.34866,1.34882,1.34863,1.34895,1.34882,1.34906,1.34881,222
2016-11-16 11:32:00,2016-11-16 11:33:00,1.34866,1.34875,1.34885,1.34855,1.34882,1.34898,1.34907,1.34876,388
2016-11-16 11:33:00,2016-11-16 11:34:00,1.34875,1.34848,1.34882,1.34841,1.34898,1.3487,1.34904,1.34865,502
2016-11-16 11:34:00,2016-11-16 11:35:00,1.34848,1.34859,1.34859,1.34828,1.3487,1.3488,1.3488,1.34853,322
2016-11-16 11:35:00,2016-11-16 11:36:00,1.34859,1.34833,1.34864,1.34831,1.3488,1.34856,1.34886,1.34853,333
2016-11-16 11:36:00,2016-11-16 11:37:00,1.34833,1.34833,1.34835,1.34824,1.34856,1.34857,1.3486,1.34847,210
2016-11-16 11:37:00,2016-11-16 11:38:00,1.34833,1.34836,1.34837,1.34831,1.34857,1.3486,1.34861,1.34855,64
2016-11-16 11:38:00,2016-11-16 11:39:00,1.34836,1.3487,1.34875,1.34835,1.3486,1.3489,1.34896,1.3486,252
2016-11-16 11:39:00,2016-11-16 11:40:00,1.3487,1.34862,1.34883,1.34861,1.3489,1.34885,1.34906,1.34885,286
2016-11-16 11:40:00,2016-11-16 11:41:00,1.34862,1.34852,1.34862,1.34851,1.34885,1.34874,1.34886,1.34874,259
2016-11-16 11:41:00,2016-11-16 11:42:00,1.34852,1.34846,1.34854,1.34844,1.34874,1.3487,1.34874,1.34867,143
2016-11-16 11:42:00,2016-11-16 11:43:00,1.34846,1.34851,1.34854,1.34844,1.3487,1.34874,1.34877,1.34867,108
2016-11-16 11:43:00,2016-11-16 11:44:00,1.34851,1.34847,1.34874,1.34843,1.34874,1.3487,1.34896,1.34863,282
2016-11-16 11:44:00,2016-11-16 11:45:00,1.34847,1.34891,1.34895,1.34845,1.3487,1.34914,1.34917,1.34867,401
2016-11-16 11:45:00,2016-11-16 11:46:00,1.34891,1.34886,1.34901,1.3488,1.34914,1.34907,1.34924,1.34901,228
2016-11-16 11:46:00,2016-11-16 11:47:00,1.34886,1.34862,1.34887,1.34858,1.34907,1.34881,1.34908,1.34881,202
2016-11-16 11:47:00,2016-11-16 11:48:00,1.34862,1.34899,1.34907,1.34853,1.34881,1.34921,1.34932,1.34874,330
2016-11-16 11:48:00,2016-11-16 11:49:00,1.34899,1.34912,1.34916,1.34885,1.34921,1.34932,1.34939,1.34907,405
2016-11-16 11:49:00,2016-11-16 11:50:00,1.34912,1.34934,1.34934,1.34909,1.34932,1.34957,1.34957,1.34929,263
2016-11-16 11:50:00,2016-11-16 11:51:00,1.34934,1.34926,1.34937,1.34906,1.34957,1.34947,1.34959,1.34929,286
2016-11-16 11:51:00,2016-11-16 11:52:00,1.34926,1.34927,1.34929,1.34909,1.34947,1.3495,1.34952,1.34932,356
2016-11-16 11:52:00,2016-11-16 11:53:00,1.34927,1.34931,1.34935,1.34923,1.3495,1.34951,1.34956,1.34945,228
2016-11-16 11:53:00,2016-11-16 11:54:00,1.34931,1.34929,1.34935,1.34923,1.34951,1.34951,1.34956,1.34946,183
2016-11-16 11:54:00,2016-11-16 11:55:00,1.34929,1.34952,1.34956,1.34929,1.34951,1.34972,1.34977,1.34951,301
2016-11-16 11:55:00,2016-11-16 11:56:00,1.34952,1.34962,1.34963,1.34949,1.34972,1.3498,1.34985,1.34967,313
2016-11-16 11:56:00,2016-11-16 11:57:00,1.34962,1.3493,1.34963,1.34924,1.3498,1.34953,1.34984,1.34946,337
2016-11-16 11:57:00,2016-11-16 11:58:00,1.3493,1.34932,1.34936,1.34928,1.34953,1.34954,1.34958,1.34951,174
2016-11-16 11:58:00,2016-11-16 11:59:00,1.34932,1.34959,1.34969,1.34928,1.34954,1.34982,1.34991,1.34951,397
2016-11-16 11:59:00,2016-11-16 12:00:00,1.34959,1.34946,1.34962,1.34934,1.34982,1.34967,1.34987,1.34957,491
2016-11-16 12:00:00,2016-11-16 12:01:00,1.34946,1.34931,1.34946,1.3493,1.34967,1.34955,1.34967,1.34952,583
2016-11-16 12:01:00,2016-11-16 12:02:00,1.34931,1.34947,1.34956,1.34929,1.34955,1.3497,1.34978,1.34951,604
2016-11-16 12:02:00,2016-11-16 12:03:00,1.34947,1.34952,1.34971,1.34942,1.3497,1.34976,1.34994,1.34967,541
2016-11-16 12:03:00,2016-11-16 12:04:00,1.34952,1.34974,1.34979,1.34944,1.34976,1.34997,1.35002,1.34969,734
2016-11-16 12:04:00,2016-11-16 12:05:00,1.34974,1.34991,1.34994,1.34962,1.34997,1.35011,1.35016,1.34985,424
2016-11-16 12:05:00,2016-11-16 12:06:00,1.34991,1.35029,1.35036,1.34992,1.35011,1.3505,1.35059,1.35011,951
2016-11-16 12:06:00,2016-11-16 12:07:00,1.35029,1.35028,1.35052,1.35025,1.3505,1.35052,1.35073,1.35045,458
2016-11-16 12:07:00,2016-11-16 12:08:00,1.35028,1.35031,1.35045,1.35023,1.35052,1.35054,1.35068,1.35046,355
2016-11-16 12:08:00,2016-11-16 12:09:00,1.35031,1.34963,1.35032,1.34951,1.35054,1.34985,1.35054,1.34974,560
2016-11-16 12:09:00,2016-11-16 12:10:00,1.34963,1.34973,1.34976,1.34936,1.34985,1.34996,1.34999,1.34957,394
2016-11-16 12:10:00,2016-11-16 12:11:00,1.34973,1.34987,1.34993,1.34948,1.34996,1.35006,1.35015,1.34969,677
2016-11-16 12:11:00,2016-11-16 12:12:00,1.34987,1.3498,1.34993,1.34975,1.35006,1.35001,1.35016,1.34995,511
2016-11-16 12:12:00,2016-11-16 12:13:00,1.3498,1.34963,1.34998,1.34963,1.35001,1.34985,1.3502,1.34985,390
2016-11-16 12:13:00,2016-11-16 12:14:00,1.34963,1.34961,1.34966,1.34935,1.34985,1.34985,1.3499,1.34959,512
2016-11-16 12:14:00,2016-11-16 12:15:00,1.34961,1.34975,1.34975,1.34957,1.34985,1.34997,1.34997,1.34978,268
2016-11-16 12:15:00,2016-11-16 12:16:00,1.34975,1.34928,1.34989,1.34927,1.34997,1.34948,1.35007,1.34947,373
2016-11-16 12:16:00,2016-11-16 12:17:00,1.34928,1.34937,1.3494,1.34925,1.34948,1.34958,1.34958,1.34947,177
2016-11-16 12:17:00,2016-11-16 12:18:00,1.34937,1.3494,1.3495,1.34927,1.34958,1.34959,1.34968,1.34947,207
2016-11-16 12:18:00,2016-11-16 12:19:00,1.3494,1.34939,1.34949,1.34936,1.34959,1.34959,1.34968,1.34957,156
2016-11-16 12:19:00,2016-11-16 12:20:00,1.34939,1.34933,1.3495,1.34929,1.34959,1.34956,1.34969,1.34951,278
2016-11-16 12:20:00,2016-11-16 12:21:00,1.34933,1.34918,1.34934,1.34911,1.34956,1.34938,1.34956,1.34933,391
2016-11-16 12:21:00,2016-11-16 12:22:00,1.34918,1.34943,1.34944,1.34914,1.34938,1.34964,1.34969,1.34933,699
2016-11-16 12:22:00,2016-11-16 12:23:00,1.34943,1.34942,1.34954,1.34936,1.34964,1.34966,1.34978,1.34957,331
2016-11-16 12:23:00,2016-11-16 12:24:00,1.34942,1.34943,1.34948,1.34941,1.34966,1.34966,1.3497,1.34965,72
2016-11-16 12:24:00,2016-11-16 12:25:00,1.34943,1.34945,1.34947,1.34932,1.34966,1.34969,1.34969,1.34955,167
2016-11-16 12:25:00,2016-11-16 12:26:00,1.34945,1.34924,1.34951,1.34923,1.34969,1.34949,1.34975,1.34947,442
2016-11-16 12:26:00,2016-11-16 12:27:00,1.34924,1.34918,1.34925,1.34911,1.34949,1.34941,1.3495,1.34932,288
2016-11-16 12:27:00,2016-11-16 12:28:00,1.34918,1.34868,1.34931,1.34864,1.34941,1.34891,1.34952,1.34887,377
2016-11-16 12:28:00,2016-11-16 12:29:00,1.34868,1.34859,1.34885,1.34859,1.34891,1.34883,1.34908,1.34882,389
2016-11-16 12:29:00,2016-11-16 12:30:00,1.34859,1.34895,1.34907,1.34843,1.34883,1.34918,1.34927,1.34866,444
2016-11-16 12:30:00,2016-11-16 12:31:00,1.34895,1.34864,1.34899,1.34864,1.34918,1.34888,1.34923,1.34887,514
2016-11-16 12:31:00,2016-11-16 12:32:00,1.34864,1.34853,1.34864,1.34838,1.34888,1.34876,1.34887,1.34858,275
2016-11-16 12:32:00,2016-11-16 12:33:00,1.34853,1.34888,1.34897,1.34849,1.34876,1.34914,1.34922,1.34874,244
2016-11-16 12:33:00,2016-11-16 12:34:00,1.34888,1.34885,1.34891,1.34867,1.34914,1.34908,1.34914,1.34893,261
2016-11-16 12:34:00,2016-11-16 12:35:00,1.34885,1.3489,1.34904,1.34878,1.34908,1.34912,1.34925,1.34902,295
2016-11-16 12:35:00,2016-11-16 12:36:00,1.3489,1.34937,1.3494,1.3489,1.34912,1.3496,1.34963,1.34912,395
2016-11-16 12:36:00,2016-11-16 12:37:00,1.34937,1.3496,1.3496,1.34933,1.3496,1.34982,1.34982,1.34953,372
2016-11-16 12:37:00,2016-11-16 12:38:00,1.3496,1.34966,1.34966,1.34942,1.34982,1.34988,1.34989,1.34963,453
2016-11-16 12:38:00,2016-11-16 12:39:00,1.34966,1.34982,1.34984,1.34966,1.34988,1.35005,1.35008,1.34988,353
2016-11-16 12:39:00,2016-11-16 12:40:00,1.34982,1.34917,1.34982,1.34912,1.35005,1.34942,1.35005,1.34935,871
2016-11-16 12:40:00,2016-11-16 12:41:00,1.34917,1.34882,1.34929,1.34857,1.34942,1.34902,1.34953,1.34877,1057
2016-11-16 12:41:00,2016-11-16 12:42:00,1.34882,1.34866,1.34888,1.34852,1.34902,1.3489,1.34913,1.34875,664
2016-11-16 12:42:00,2016-11-16 12:43:00,1.34866,1.34859,1.34868,1.34824,1.3489,1.3488,1.3489,1.34847,517
2016-11-16 12:43:00,2016-11-16 12:44:00,1.34859,1.34835,1.34864,1.34829,1.3488,1.34859,1.34885,1.34852,469
2016-11-16 12:44:00,2016-11-16 12:45:00,1.34835,1.34821,1.34841,1.34799,1.34859,1.34843,1.34864,1.34821,618
2016-11-16 12:45:00,2016-11-16 12:46:00,1.34821,1.34789,1.34822,1.34778,1.34843,1.34813,1.34844,1.348,407
2016-11-16 12:46:00,2016-11-16 12:47:00,1.34789,1.34782,1.348,1.34771,1.34813,1.34803,1.34822,1.34791,478
2016-11-16 12:47:00,2016-11-16 12:48:00,1.34782,1.34797,1.34809,1.3478,1.34803,1.34821,1.34832,1.34801,339
2016-11-16 12:48:00,2016-11-16 12:49:00,1.34797,1.34818,1.3482,1.34797,1.34821,1.3484,1.34844,1.34819,241
2016-11-16 12:49:00,2016-11-16 12:50:00,1.34818,1.34835,1.34841,1.34813,1.3484,1.34858,1.34865,1.34836,370
2016-11-16 12:50:00,2016-11-16 12:51:00,1.34835,1.34842,1.34844,1.34827,1.34858,1.34865,1.34866,1.3485,290
2016-11-16 12:51:00,2016-11-16 12:52:00,1.34842,1.34827,1.34845,1.34819,1.34865,1.34849,1.34868,1.34841,632
2016-11-16 12:52:00,2016-11-16 12:53:00,1.34827,1.34851,1.3486,1.34826,1.34849,1.34873,1.34882,1.34847,560
2016-11-16 12:53:00,2016-11-16 12:54:00,1.34851,1.34818,1.34857,1.34815,1.34873,1.34841,1.34879,1.34837,564
2016-11-16 12:54:00,2016-11-16 12:55:00,1.34818,1.34828,1.34836,1.34811,1.34841,1.34851,1.34861,1.34832,437
2016-11-16 12:55:00,2016-11-16 12:56:00,1.34828,1.34782,1.34832,1.3478,1.34851,1.34806,1.34855,1.34802,450
2016-11-16 12:56:00,2016-11-16 12:57:00,1.34782,1.34744,1.34796,1.34733,1.34806,1.34771,1.3482,1.34757,558
2016-11-16 12:57:00,2016-11-16 12:58:00,1.34744,1.34754,1.34764,1.34737,1.34771,1.34779,1.34788,1.34762,336
2016-11-16 12:58:00,2016-11-16 12:59:00,1.34754,1.34791,1.34792,1.34753,1.34779,1.34815,1.34815,1.34779,458
2016-11-16 12:59:00,2016-11-16 13:00:00,1.34791,1.3476,1.34793,1.34748,1.34815,1.34786,1.34815,1.34772,602
2016-11-16 13:00:00,2016-11-16 13:01:00,1.3476,1.34763,1.34784,1.34753,1.34786,1.34786,1.34808,1.34776,692
2016-11-16 13:01:00,2016-11-16 13:02:00,1.34763,1.34737,1.34774,1.34734,1.34786,1.34764,1.34796,1.34758,563
2016-11-16 13:02:00,2016-11-16 13:03:00,1.34737,1.34784,1.34797,1.34734,1.34764,1.34808,1.34818,1.34757,453
2016-11-16 13:03:00,2016-11-16 13:04:00,1.34784,1.34805,1.34831,1.34771,1.34808,1.34829,1.34855,1.34794,508
2016-11-16 13:04:00,2016-11-16 13:05:00,1.34805,1.34768,1.34805,1.34762,1.34829,1.34792,1.34827,1.34786,390
2016-11-16 13:05:00,2016-11-16 13:06:00,1.34768,1.34773,1.34785,1.34768,1.34792,1.34795,1.34808,1.34793,253
2016-11-16 13:06:00,2016-11-16 13:07:00,1.34773,1.34804,1.34807,1.34773,1.34795,1.34826,1.34828,1.34795,360
2016-11-16 13:07:00,2016-11-16 13:08:00,1.34804,1.34799,1.34806,1.34769,1.34826,1.34823,1.34826,1.34793,377
2016-11-16 13:08:00,2016-11-16 13:09:00,1.34799,1.34819,1.34843,1.34797,1.34823,1.34843,1.34868,1.34819,650
2016-11-16 13:09:00,2016-11-16 13:10:00,1.34819,1.34834,1.34847,1.34817,1.34843,1.34858,1.34871,1.34839,449
2016-11-16 13:10:00,2016-11-16 13:11:00,1.34834,1.34809,1.34836,1.34805,1.34858,1.34833,1.34859,1.3483,299
2016-11-16 13:11:00,2016-11-16 13:12:00,1.34809,1.34811,1.34836,1.34792,1.34833,1.34836,1.3486,1.34816,428
2016-11-16 13:12:00,2016-11-16 13:13:00,1.34811,1.34822,1.34829,1.34804,1.34836,1.34847,1.34852,1.34828,442
2016-11-16 13:13:00,2016-11-16 13:14:00,1.34822,1.34786,1.34823,1.34782,1.34847,1.34811,1.34847,1.34807,360
2016-11-16 13:14:00,2016-11-16 13:15:00,1.34786,1.34763,1.34787,1.34761,1.34811,1.34786,1.34811,1.34785,364
2016-11-16 13:15:00,2016-11-16 13:16:00,1.34763,1.34793,1.34793,1.34763,1.34786,1.34817,1.34817,1.34787,349
2016-11-16 13:16:00,2016-11-16 13:17:00,1.34793,1.34772,1.34793,1.34764,1.34817,1.34796,1.34817,1.34787,434
2016-11-16 13:17:00,2016-11-16 13:18:00,1.34772,1.34763,1.34774,1.3475,1.34796,1.34786,1.34798,1.34774,473
2016-11-16 13:18:00,2016-11-16 13:19:00,1.34763,1.34733,1.34771,1.34731,1.34786,1.34757,1.34794,1.34756,513
2016-11-16 13:19:00,2016-11-16 13:20:00,1.34733,1.34743,1.34767,1.34733,1.34757,1.34766,1.34783,1.34756,601
2016-11-16 13:20:00,2016-11-16 13:21:00,1.34743,1.34764,1.3477,1.34733,1.34766,1.34784,1.34791,1.34756,450
2016-11-16 13:21:00,2016-11-16 13:22:00,1.34764,1.34726,1.34769,1.34725,1.34784,1.34748,1.34791,1.34747,607
2016-11-16 13:22:00,2016-11-16 13:23:00,1.34726,1.34735,1.3474,1.34718,1.34748,1.34758,1.34759,1.34741,357
2016-11-16 13:23:00,2016-11-16 13:24:00,1.34735,1.34711,1.34741,1.34706,1.34758,1.34735,1.34762,1.34728,410
2016-11-16 13:24:00,2016-11-16 13:25:00,1.34711,1.3472,1.34726,1.34711,1.34735,1.34743,1.34749,1.34734,343
2016-11-16 13:25:00,2016-11-16 13:26:00,1.3472,1.34712,1.34721,1.34693,1.34743,1.34737,1.34744,1.34718,177
2016-11-16 13:26:00,2016-11-16 13:27:00,1.34712,1.34713,1.34737,1.34709,1.34737,1.34734,1.34761,1.34732,332
2016-11-16 13:27:00,2016-11-16 13:28:00,1.34713,1.34694,1.34712,1.34693,1.34734,1.34717,1.34735,1.34715,320
2016-11-16 13:28:00,2016-11-16 13:29:00,1.34694,1.347,1.34712,1.34689,1.34717,1.34725,1.34733,1.34712,376
2016-11-16 13:29:00,2016-11-16 13:30:00,1.347,1.34589,1.34708,1.34582,1.34725,1.34617,1.34738,1.34612,1436
2016-11-16 13:30:00,2016-11-16 13:31:00,1.34589,1.34654,1.34654,1.34532,1.34617,1.34682,1.34683,1.3456,1383
2016-11-16 13:31:00,2016-11-16 13:32:00,1.34654,1.3462,1.3471,1.346,1.34682,1.34645,1.34734,1.34627,1143
2016-11-16 13:32:00,2016-11-16 13:33:00,1.3462,1.34599,1.34649,1.34592,1.34645,1.34625,1.34672,1.34618,693
2016-11-16 13:33:00,2016-11-16 13:34:00,1.34599,1.34674,1.34715,1.34595,1.34625,1.34698,1.34739,1.34618,1265
2016-11-16 13:34:00,2016-11-16 13:35:00,1.34674,1.34674,1.34715,1.34671,1.34698,1.34698,1.34739,1.34694,977
2016-11-16 13:35:00,2016-11-16 13:36:00,1.34674,1.34599,1.34676,1.34592,1.34698,1.3462,1.347,1.34615,822
2016-11-16 13:36:00,2016-11-16 13:37:00,1.34599,1.3467,1.3467,1.34593,1.3462,1.34693,1.34693,1.34615,841
2016-11-16 13:37:00,2016-11-16 13:38:00,1.3467,1.34598,1.34684,1.3459,1.34693,1.34623,1.34707,1.34615,1210
2016-11-16 13:38:00,2016-11-16 13:39:00,1.34598,1.34561,1.34611,1.34552,1.34623,1.34585,1.34634,1.34578,1022
2016-11-16 13:39:00,2016-11-16 13:40:00,1.34561,1.34558,1.34589,1.34554,1.34585,1.34582,1.34609,1.34577,671
2016-11-16 13:40:00,2016-11-16 13:41:00,1.34558,1.34575,1.34591,1.34536,1.34582,1.34601,1.34614,1.34558,778
2016-11-16 13:41:00,2016-11-16 13:42:00,1.34575,1.3461,1.34612,1.34569,1.34601,1.34632,1.34636,1.34594,942
2016-11-16 13:42:00,2016-11-16 13:43:00,1.3461,1.34582,1.34626,1.34577,1.34632,1.34604,1.34648,1.34595,786
2016-11-16 13:43:00,2016-11-16 13:44:00,1.34582,1.34629,1.34646,1.34579,1.34604,1.34653,1.34672,1.34602,922
2016-11-16 13:44:00,2016-11-16 13:45:00,1.34629,1.34646,1.34648,1.34629,1.34653,1.34668,1.34671,1.34651,434
2016-11-16 13:45:00,2016-11-16 13:46:00,1.34646,1.34612,1.3466,1.34589,1.34668,1.34635,1.34682,1.34612,831
2016-11-16 13:46:00,2016-11-16 13:47:00,1.34612,1.34581,1.3463,1.34526,1.34635,1.34606,1.3465,1.3455,1100
2016-11-16 13:47:00,2016-11-16 13:48:00,1.34581,1.34565,1.34597,1.34552,1.34606,1.34587,1.34621,1.34576,652
2016-11-16 13:48:00,2016-11-16 13:49:00,1.34565,1.34533,1.34574,1.34518,1.34587,1.34559,1.34598,1.34543,858
2016-11-16 13:49:00,2016-11-16 13:50:00,1.34533,1.34541,1.34575,1.34531,1.34559,1.34565,1.34599,1.34555,641
2016-11-16 13:50:00,2016-11-16 13:51:00,1.34541,1.34524,1.34546,1.345,1.34565,1.34547,1.34569,1.34523,808
2016-11-16 13:51:00,2016-11-16 13:52:00,1.34524,1.34511,1.34538,1.345,1.34547,1.34534,1.34559,1.34523,576
2016-11-16 13:52:00,2016-11-16 13:53:00,1.34511,1.34516,1.34521,1.34491,1.34534,1.34536,1.34546,1.34512,669
2016-11-16 13:53:00,2016-11-16 13:54:00,1.34516,1.34548,1.34551,1.345,1.34536,1.34569,1.34574,1.34523,545
2016-11-16 13:54:00,2016-11-16 13:55:00,1.34548,1.34575,1.34586,1.34536,1.34569,1.34599,1.34609,1.34559,693
2016-11-16 13:55:00,2016-11-16 13:56:00,1.34575,1.34569,1.34576,1.3456,1.34599,1.34589,1.346,1.34583,348
2016-11-16 13:56:00,2016-11-16 13:57:00,1.34569,1.34616,1.34621,1.34543,1.34589,1.34637,1.34639,1.34566,582
2016-11-16 13:57:00,2016-11-16 13:58:00,1.34616,1.34591,1.34642,1.34591,1.34637,1.34613,1.34665,1.34613,723
2016-11-16 13:58:00,2016-11-16 13:59:00,1.34591,1.34581,1.34606,1.34573,1.34613,1.34604,1.34628,1.34596,664
2016-11-16 13:59:00,2016-11-16 14:00:00,1.34581,1.34598,1.34603,1.34562,1.34604,1.34621,1.34626,1.34584,734
2016-11-16 14:00:00,2016-11-16 14:01:00,1.34598,1.34601,1.34618,1.34592,1.34621,1.34627,1.34641,1.34617,604
2016-11-16 14:01:00,2016-11-16 14:02:00,1.34601,1.34584,1.34621,1.34582,1.34627,1.34607,1.34643,1.34605,572
2016-11-16 14:02:00,2016-11-16 14:03:00,1.34584,1.34583,1.34594,1.34574,1.34607,1.34607,1.34619,1.34596,320
2016-11-16 14:03:00,2016-11-16 14:04:00,1.34583,1.34593,1.34606,1.34574,1.34607,1.34615,1.34628,1.34597,448
2016-11-16 14:04:00,2016-11-16 14:05:00,1.34593,1.34584,1.34599,1.34572,1.34615,1.34608,1.3462,1.34595,385
2016-11-16 14:05:00,2016-11-16 14:06:00,1.34584,1.34616,1.34629,1.34585,1.34608,1.34639,1.34653,1.34608,424
2016-11-16 14:06:00,2016-11-16 14:07:00,1.34616,1.34628,1.34638,1.34611,1.34639,1.34652,1.34662,1.34632,380
2016-11-16 14:07:00,2016-11-16 14:08:00,1.34628,1.3464,1.34642,1.34602,1.34652,1.34662,1.34662,1.34625,321
2016-11-16 14:08:00,2016-11-16 14:09:00,1.3464,1.34541,1.34641,1.34537,1.34662,1.34564,1.34664,1.3456,629
2016-11-16 14:09:00,2016-11-16 14:10:00,1.34541,1.34489,1.34546,1.34488,1.34564,1.34513,1.34566,1.34512,820
2016-11-16 14:10:00,2016-11-16 14:11:00,1.34489,1.34507,1.34518,1.34481,1.34513,1.3453,1.34541,1.34503,443
2016-11-16 14:11:00,2016-11-16 14:12:00,1.34507,1.34541,1.34543,1.34507,1.3453,1.34564,1.34564,1.3453,479
2016-11-16 14:12:00,2016-11-16 14:13:00,1.34541,1.34541,1.34553,1.34515,1.34564,1.34562,1.34576,1.34538,450
2016-11-16 14:13:00,2016-11-16 14:14:00,1.34541,1.34553,1.34569,1.34516,1.34562,1.34588,1.34601,1.34547,754
2016-11-16 14:14:00,2016-11-16 14:15:00,1.34553,1.34453,1.34556,1.34439,1.34588,1.34478,1.3459,1.34461,805
2016-11-16 14:15:00,2016-11-16 14:16:00,1.34453,1.34495,1.34499,1.34453,1.34478,1.34518,1.34521,1.34477,538
2016-11-16 14:16:00,2016-11-16 14:17:00,1.34495,1.34548,1.34555,1.34494,1.34518,1.34573,1.34581,1.34515,849
2016-11-16 14:17:00,2016-11-16 14:18:00,1.34548,1.34531,1.34556,1.34518,1.34573,1.34555,1.34579,1.34544,470
2016-11-16 14:18:00,2016-11-16 14:19:00,1.34531,1.34534,1.34546,1.34511,1.34555,1.34558,1.3457,1.34534,518
2016-11-16 14:19:00,2016-11-16 14:20:00,1.34534,1.34483,1.34562,1.34482,1.34558,1.34507,1.34585,1.34506,988
2016-11-16 14:20:00,2016-11-16 14:21:00,1.34483,1.34501,1.34526,1.34463,1.34507,1.34525,1.3455,1.34487,1046
2016-11-16 14:21:00,2016-11-16 14:22:00,1.34501,1.34482,1.34502,1.34474,1.34525,1.34507,1.34526,1.34497,248
2016-11-16 14:22:00,2016-11-16 14:23:00,1.34482,1.3444,1.34482,1.34422,1.34507,1.34464,1.34507,1.34445,635
2016-11-16 14:23:00,2016-11-16 14:24:00,1.3444,1.34442,1.34451,1.34429,1.34464,1.34465,1.34473,1.34453,355
2016-11-16 14:24:00,2016-11-16 14:25:00,1.34442,1.3443,1.34467,1.34422,1.34465,1.34454,1.34488,1.34446,416
2016-11-16 14:25:00,2016-11-16 14:26:00,1.3443,1.34429,1.34435,1.34399,1.34454,1.34452,1.34459,1.34424,474
2016-11-16 14:26:00,2016-11-16 14:27:00,1.34429,1.34466,1.34488,1.34429,1.34452,1.34484,1.3451,1.34453,529
2016-11-16 14:27:00,2016-11-16 14:28:00,1.34466,1.34483,1.34491,1.34456,1.34484,1.34505,1.34515,1.34476,484
2016-11-16 14:28:00,2016-11-16 14:29:00,1.34483,1.34486,1.34491,1.34464,1.34505,1.34509,1.34514,1.34486,441
2016-11-16 14:29:00,2016-11-16 14:30:00,1.34486,1.34545,1.34545,1.34488,1.34509,1.34565,1.34567,1.34508,668
2016-11-16 14:30:00,2016-11-16 14:31:00,1.34545,1.34548,1.34564,1.34516,1.34565,1.34571,1.34586,1.34539,433
2016-11-16 14:31:00,2016-11-16 14:32:00,1.34548,1.34582,1.346,1.34548,1.34571,1.34605,1.34623,1.3457,678
2016-11-16 14:32:00,2016-11-16 14:33:00,1.34582,1.34576,1.34594,1.3457,1.34605,1.346,1.34615,1.34593,510
2016-11-16 14:33:00,2016-11-16 14:34:00,1.34576,1.34592,1.34594,1.34576,1.346,1.34613,1.34618,1.34597,221
2016-11-16 14:34:00,2016-11-16 14:35:00,1.34592,1.34609,1.34611,1.34591,1.34613,1.34634,1.34634,1.34613,356
2016-11-16 14:35:00,2016-11-16 14:36:00,1.34609,1.34609,1.34618,1.346,1.34634,1.3463,1.3464,1.34623,641
2016-11-16 14:36:00,2016-11-16 14:37:00,1.34609,1.34576,1.34609,1.34573,1.3463,1.34599,1.34631,1.34597,435
2016-11-16 14:37:00,2016-11-16 14:38:00,1.34576,1.34538,1.34578,1.34531,1.34599,1.34562,1.34601,1.34554,648
2016-11-16 14:38:00,2016-11-16 14:39:00,1.34538,1.34517,1.34546,1.34508,1.34562,1.3454,1.34571,1.34533,609
2016-11-16 14:39:00,2016-11-16 14:40:00,1.34517,1.34502,1.34524,1.34497,1.3454,1.34526,1.34547,1.34522,372
2016-11-16 14:40:00,2016-11-16 14:41:00,1.34502,1.34492,1.34523,1.34479,1.34526,1.34517,1.34545,1.34502,522
2016-11-16 14:41:00,2016-11-16 14:42:00,1.34492,1.34505,1.34542,1.34481,1.34517,1.34527,1.34565,1.34507,730
2016-11-16 14:42:00,2016-11-16 14:43:00,1.34505,1.34482,1.34514,1.34479,1.34527,1.34503,1.34538,1.34499,316
2016-11-16 14:43:00,2016-11-16 14:44:00,1.34482,1.34483,1.34511,1.34475,1.34503,1.34506,1.34535,1.345,539
2016-11-16 14:44:00,2016-11-16 14:45:00,1.34483,1.34464,1.34502,1.34463,1.34506,1.34486,1.34526,1.34486,604
2016-11-16 14:45:00,2016-11-16 14:46:00,1.34464,1.34468,1.34479,1.34463,1.34486,1.34488,1.34499,1.34486,514
2016-11-16 14:46:00,2016-11-16 14:47:00,1.34468,1.34476,1.34483,1.34463,1.34488,1.34501,1.34504,1.34488,421
2016-11-16 14:47:00,2016-11-16 14:48:00,1.34476,1.34465,1.34485,1.34465,1.34501,1.34488,1.34508,1.34487,536
2016-11-16 14:48:00,2016-11-16 14:49:00,1.34465,1.34483,1.34493,1.34465,1.34488,1.34507,1.34513,1.34488,357
2016-11-16 14:49:00,2016-11-16 14:50:00,1.34483,1.3449,1.34495,1.34477,1.34507,1.34514,1.34517,1.34501,405
2016-11-16 14:50:00,2016-11-16 14:51:00,1.3449,1.34526,1.3453,1.34488,1.34514,1.3455,1.34554,1.3451,449
2016-11-16 14:51:00,2016-11-16 14:52:00,1.34526,1.345,1.3454,1.34492,1.3455,1.34524,1.34562,1.34515,510
2016-11-16 14:52:00,2016-11-16 14:53:00,1.345,1.34509,1.34528,1.34499,1.34524,1.34531,1.34552,1.34524,549
2016-11-16 14:53:00,2016-11-16 14:54:00,1.34509,1.34554,1.34554,1.345,1.34531,1.34576,1.34576,1.3452,558
2016-11-16 14:54:00,2016-11-16 14:55:00,1.34554,1.34565,1.34565,1.34536,1.34576,1.34586,1.34588,1.34559,607
2016-11-16 14:55:00,2016-11-16 14:56:00,1.34565,1.34584,1.34599,1.34557,1.34586,1.34601,1.34621,1.34577,493
2016-11-16 14:56:00,2016-11-16 14:57:00,1.34584,1.34545,1.34594,1.34544,1.34601,1.34568,1.34612,1.34568,325
2016-11-16 14:57:00,2016-11-16 14:58:00,1.34545,1.34525,1.34549,1.34523,1.34568,1.3455,1.34573,1.34544,338
2016-11-16 14:58:00,2016-11-16 14:59:00,1.34525,1.34514,1.34535,1.3451,1.3455,1.3454,1.34558,1.34533,556
2016-11-16 14:59:00,2016-11-16 15:00:00,1.34514,1.34574,1.34575,1.34511,1.3454,1.34595,1.34596,1.34532,606
2016-11-16 15:00:00,2016-11-16 15:01:00,1.34574,1.34554,1.34576,1.34526,1.34595,1.34577,1.34596,1.34547,456
2016-11-16 15:01:00,2016-11-16 15:02:00,1.34554,1.34519,1.34559,1.34516,1.34577,1.34542,1.3458,1.3454,455
2016-11-16 15:02:00,2016-11-16 15:03:00,1.34519,1.34548,1.34561,1.34512,1.34542,1.3457,1.34585,1.34536,898
2016-11-16 15:03:00,2016-11-16 15:04:00,1.34548,1.34556,1.3456,1.34526,1.3457,1.34581,1.34583,1.34547,699
2016-11-16 15:04:00,2016-11-16 15:05:00,1.34556,1.34571,1.34579,1.34542,1.34581,1.34596,1.34601,1.34567,578
2016-11-16 15:05:00,2016-11-16 15:06:00,1.34571,1.34564,1.34583,1.34553,1.34596,1.34586,1.34607,1.34575,535
2016-11-16 15:06:00,2016-11-16 15:07:00,1.34564,1.34588,1.3459,1.34558,1.34586,1.34606,1.3461,1.3458,496
2016-11-16 15:07:00,2016-11-16 15:08:00,1.34588,1.34593,1.34602,1.34578,1.34606,1.34613,1.34625,1.34596,429
2016-11-16 15:08:00,2016-11-16 15:09:00,1.34593,1.34596,1.34614,1.34593,1.34613,1.34618,1.34637,1.34614,503
2016-11-16 15:09:00,2016-11-16 15:10:00,1.34596,1.34554,1.34596,1.34553,1.34618,1.34578,1.34619,1.34574,622
2016-11-16 15:10:00,2016-11-16 15:11:00,1.34554,1.34546,1.34565,1.34534,1.34578,1.3457,1.34589,1.34556,524
2016-11-16 15:11:00,2016-11-16 15:12:00,1.34546,1.34559,1.34566,1.3452,1.3457,1.34581,1.34587,1.3454,718
2016-11-16 15:12:00,2016-11-16 15:13:00,1.34559,1.34558,1.34586,1.34548,1.34581,1.34582,1.34607,1.34568,805
2016-11-16 15:13:00,2016-11-16 15:14:00,1.34558,1.3453,1.34568,1.34528,1.34582,1.34553,1.3459,1.34553,979
2016-11-16 15:14:00,2016-11-16 15:15:00,1.3453,1.34548,1.34548,1.34521,1.34553,1.34569,1.34569,1.34541,468
2016-11-16 15:15:00,2016-11-16 15:16:00,1.34548,1.34549,1.34551,1.34504,1.34569,1.34568,1.34571,1.34525,699
2016-11-16 15:16:00,2016-11-16 15:17:00,1.34549,1.34566,1.34578,1.34535,1.34568,1.3459,1.34602,1.34556,622
2016-11-16 15:17:00,2016-11-16 15:18:00,1.34566,1.34573,1.34578,1.34554,1.3459,1.34596,1.346,1.34574,458
2016-11-16 15:18:00,2016-11-16 15:19:00,1.34573,1.34552,1.34574,1.3455,1.34596,1.34576,1.34597,1.3457,535
2016-11-16 15:19:00,2016-11-16 15:20:00,1.34552,1.34531,1.3456,1.3453,1.34576,1.34554,1.34582,1.34549,410
2016-11-16 15:20:00,2016-11-16 15:21:00,1.34531,1.34551,1.34578,1.34528,1.34554,1.34573,1.34601,1.3455,869
2016-11-16 15:21:00,2016-11-16 15:22:00,1.34551,1.34571,1.34575,1.34529,1.34573,1.34591,1.34595,1.3455,567
2016-11-16 15:22:00,2016-11-16 15:23:00,1.34571,1.34548,1.34578,1.34536,1.34591,1.34571,1.34599,1.34557,506
2016-11-16 15:23:00,2016-11-16 15:24:00,1.34548,1.34542,1.34558,1.34538,1.34571,1.34565,1.34579,1.34559,589
2016-11-16 15:24:00,2016-11-16 15:25:00,1.34542,1.34554,1.34569,1.34535,1.34565,1.34574,1.34592,1.34557,663
2016-11-16 15:25:00,2016-11-16 15:26:00,1.34554,1.34558,1.34569,1.34536,1.34574,1.34579,1.3459,1.34554,799
2016-11-16 15:26:00,2016-11-16 15:27:00,1.34558,1.34553,1.34561,1.34542,1.34579,1.34573,1.34582,1.34565,403
2016-11-16 15:27:00,2016-11-16 15:28:00,1.34553,1.34549,1.34561,1.3454,1.34573,1.34571,1.34582,1.34563,511
2016-11-16 15:28:00,2016-11-16 15:29:00,1.34549,1.34564,1.34586,1.34542,1.34571,1.34589,1.34609,1.34563,522
2016-11-16 15:29:00,2016-11-16 15:30:00,1.34564,1.34703,1.34721,1.3457,1.34589,1.34729,1.34744,1.34588,2161
2016-11-16 15:30:00,2016-11-16 15:31:00,1.34703,1.34706,1.3471,1.34626,1.34729,1.34726,1.34733,1.3465,1297
2016-11-16 15:31:00,2016-11-16 15:32:00,1.34706,1.34684,1.34709,1.34674,1.34726,1.34709,1.34729,1.34697,793
2016-11-16 15:32:00,2016-11-16 15:33:00,1.34684,1.34695,1.34709,1.3466,1.34709,1.34721,1.34733,1.34684,1208
2016-11-16 15:33:00,2016-11-16 15:34:00,1.34695,1.34612,1.34722,1.34599,1.34721,1.34635,1.34747,1.34623,1839
2016-11-16 15:34:00,2016-11-16 15:35:00,1.34612,1.34545,1.34618,1.34533,1.34635,1.34572,1.34643,1.34557,2034
2016-11-16 15:35:00,2016-11-16 15:36:00,1.34545,1.34533,1.34563,1.34516,1.34572,1.34554,1.34586,1.3454,1171
2016-11-16 15:36:00,2016-11-16 15:37:00,1.34533,1.3441,1.34532,1.34402,1.34554,1.34434,1.34554,1.34426,1772
2016-11-16 15:37:00,2016-11-16 15:38:00,1.3441,1.34344,1.34422,1.34327,1.34434,1.34367,1.34446,1.3435,2097
2016-11-16 15:38:00,2016-11-16 15:39:00,1.34344,1.34315,1.34359,1.34299,1.34367,1.34338,1.34381,1.34324,1183
2016-11-16 15:39:00,2016-11-16 15:40:00,1.34315,1.34322,1.34344,1.34307,1.34338,1.34339,1.34366,1.34329,751
2016-11-16 15:40:00,2016-11-16 15:41:00,1.34322,1.3428,1.34323,1.3423,1.34339,1.34299,1.34339,1.34251,1408
2016-11-16 15:41:00,2016-11-16 15:42:00,1.3428,1.343,1.34341,1.34281,1.34299,1.34322,1.34364,1.34299,855
2016-11-16 15:42:00,2016-11-16 15:43:00,1.343,1.34202,1.34303,1.34184,1.34322,1.34223,1.34325,1.34205,1471
2016-11-16 15:43:00,2016-11-16 15:44:00,1.34202,1.34211,1.34262,1.34187,1.34223,1.34236,1.34285,1.34207,1292
2016-11-16 15:44:00,2016-11-16 15:45:00,1.34211,1.34231,1.34249,1.34199,1.34236,1.34255,1.34273,1.34225,1085
2016-11-16 15:45:00,2016-11-16 15:46:00,1.34231,1.34269,1.34281,1.34225,1.34255,1.34294,1.34305,1.34249,1041
2016-11-16 15:46:00,2016-11-16 15:47:00,1.34269,1.34292,1.34299,1.34243,1.34294,1.34314,1.34322,1.34265,1200
2016-11-16 15:47:00,2016-11-16 15:48:00,1.34292,1.34273,1.34296,1.34247,1.34314,1.34293,1.34317,1.34269,1027
2016-11-16 15:48:00,2016-11-16 15:49:00,1.34273,1.34285,1.34304,1.34235,1.34293,1.34309,1.34328,1.34258,1151
2016-11-16 15:49:00,2016-11-16 15:50:00,1.34285,1.3432,1.34323,1.34262,1.34309,1.34345,1.34345,1.34283,756
2016-11-16 15:50:00,2016-11-16 15:51:00,1.3432,1.34298,1.34321,1.34281,1.34345,1.34323,1.34346,1.34304,535
2016-11-16 15:51:00,2016-11-16 15:52:00,1.34298,1.3431,1.34332,1.34294,1.34323,1.3433,1.34356,1.34318,509
2016-11-16 15:52:00,2016-11-16 15:53:00,1.3431,1.34336,1.34338,1.34293,1.3433,1.34354,1.34357,1.34313,428
2016-11-16 15:53:00,2016-11-16 15:54:00,1.34336,1.34357,1.34401,1.34336,1.34354,1.34382,1.34422,1.34356,1081
2016-11-16 15:54:00,2016-11-16 15:55:00,1.34357,1.34316,1.34369,1.34309,1.34382,1.34336,1.34392,1.3433,719
2016-11-16 15:55:00,2016-11-16 15:56:00,1.34316,1.34317,1.34334,1.34292,1.34336,1.34339,1.34353,1.34309,1139
2016-11-16 15:56:00,2016-11-16 15:57:00,1.34317,1.34306,1.34335,1.34269,1.34339,1.34326,1.34356,1.34287,1099
2016-11-16 15:57:00,2016-11-16 15:58:00,1.34306,1.34296,1.34313,1.34265,1.34326,1.34319,1.34333,1.34286,1441
2016-11-16 15:58:00,2016-11-16 15:59:00,1.34296,1.34241,1.34295,1.34241,1.34319,1.34267,1.34319,1.34258,1171
2016-11-16 15:59:00,2016-11-16 16:00:00,1.34241,1.34275,1.34278,1.34204,1.34267,1.34295,1.34297,1.34224,1305
2016-11-16 16:00:00,2016-11-16 16:01:00,1.34275,1.34245,1.34278,1.34222,1.34295,1.34265,1.34297,1.3424,949
2016-11-16 16:01:00,2016-11-16 16:02:00,1.34245,1.34273,1.34281,1.3424,1.34265,1.34296,1.343,1.3426,836
2016-11-16 16:02:00,2016-11-16 16:03:00,1.34273,1.34324,1.34325,1.34264,1.34296,1.34347,1.34348,1.34286,1175
2016-11-16 16:03:00,2016-11-16 16:04:00,1.34324,1.34322,1.34334,1.34307,1.34347,1.3434,1.34358,1.34328,713
2016-11-16 16:04:00,2016-11-16 16:05:00,1.34322,1.34302,1.34323,1.34296,1.3434,1.34323,1.34342,1.34316,490
2016-11-16 16:05:00,2016-11-16 16:06:00,1.34302,1.34269,1.34317,1.34262,1.34323,1.34289,1.3434,1.34284,753
2016-11-16 16:06:00,2016-11-16 16:07:00,1.34269,1.34252,1.34275,1.34239,1.34289,1.34274,1.34296,1.34259,730
2016-11-16 16:07:00,2016-11-16 16:08:00,1.34252,1.34227,1.34252,1.34222,1.34274,1.34248,1.34276,1.34242,472
2016-11-16 16:08:00,2016-11-16 16:09:00,1.34227,1.34246,1.34264,1.34222,1.34248,1.34272,1.34286,1.34246,582
2016-11-16 16:09:00,2016-11-16 16:10:00,1.34246,1.34228,1.34246,1.34219,1.34272,1.3425,1.34272,1.34241,824
2016-11-16 16:10:00,2016-11-16 16:11:00,1.34228,1.34233,1.3424,1.34211,1.3425,1.34252,1.34261,1.34236,445
2016-11-16 16:11:00,2016-11-16 16:12:00,1.34233,1.34203,1.34233,1.34189,1.34252,1.34224,1.34254,1.34209,738
2016-11-16 16:12:00,2016-11-16 16:13:00,1.34203,1.34169,1.34213,1.34144,1.34224,1.34189,1.34236,1.34165,667
2016-11-16 16:13:00,2016-11-16 16:14:00,1.34169,1.34148,1.3417,1.34121,1.34189,1.34171,1.34193,1.34143,808
2016-11-16 16:14:00,2016-11-16 16:15:00,1.34148,1.3415,1.34153,1.34122,1.34171,1.34174,1.34175,1.34143,754
2016-11-16 16:15:00,2016-11-16 16:16:00,1.3415,1.34169,1.34179,1.34148,1.34174,1.34188,1.34196,1.34171,718
2016-11-16 16:16:00,2016-11-16 16:17:00,1.34169,1.34159,1.34177,1.3414,1.34188,1.34181,1.342,1.34162,731
2016-11-16 16:17:00,2016-11-16 16:18:00,1.34159,1.34125,1.3416,1.34123,1.34181,1.34147,1.34181,1.34146,576
2016-11-16 16:18:00,2016-11-16 16:19:00,1.34125,1.34139,1.34144,1.34122,1.34147,1.34161,1.34163,1.34142,325
2016-11-16 16:19:00,2016-11-16 16:20:00,1.34139,1.34139,1.34143,1.34131,1.34161,1.34161,1.34164,1.34154,291
2016-11-16 16:20:00,2016-11-16 16:21:00,1.34139,1.34155,1.34162,1.34138,1.34161,1.34178,1.34183,1.34159,438
2016-11-16 16:21:00,2016-11-16 16:22:00,1.34155,1.34153,1.34155,1.34133,1.34178,1.34174,1.34178,1.34152,597
2016-11-16 16:22:00,2016-11-16 16:23:00,1.34153,1.34158,1.34173,1.34145,1.34174,1.34178,1.34193,1.34164,534
2016-11-16 16:23:00,2016-11-16 16:24:00,1.34158,1.34152,1.34159,1.34148,1.34178,1.34174,1.34179,1.34167,357
2016-11-16 16:24:00,2016-11-16 16:25:00,1.34152,1.3415,1.3416,1.34146,1.34174,1.34172,1.34182,1.3417,454
2016-11-16 16:25:00,2016-11-16 16:26:00,1.3415,1.34124,1.34152,1.34121,1.34172,1.34149,1.34175,1.34143,680
2016-11-16 16:26:00,2016-11-16 16:27:00,1.34124,1.34161,1.34169,1.34122,1.34149,1.34184,1.3419,1.34146,822
2016-11-16 16:27:00,2016-11-16 16:28:00,1.34161,1.34182,1.34192,1.34157,1.34184,1.34205,1.34211,1.34179,644
2016-11-16 16:28:00,2016-11-16 16:29:00,1.34182,1.34139,1.34182,1.34132,1.34205,1.34162,1.34204,1.34155,639
2016-11-16 16:29:00,2016-11-16 16:30:00,1.34139,1.34097,1.34152,1.34084,1.34162,1.3412,1.34176,1.34108,485
2016-11-16 16:30:00,2016-11-16 16:31:00,1.34097,1.34086,1.34121,1.34085,1.3412,1.34104,1.3414,1.34102,288
2016-11-16 16:31:00,2016-11-16 16:32:00,1.34086,1.34097,1.34106,1.34068,1.34104,1.34119,1.34128,1.34088,687
2016-11-16 16:32:00,2016-11-16 16:33:00,1.34097,1.341,1.3411,1.34095,1.34119,1.34119,1.34131,1.34115,502
2016-11-16 16:33:00,2016-11-16 16:34:00,1.341,1.34079,1.34104,1.34077,1.34119,1.34102,1.34125,1.34099,435
2016-11-16 16:34:00,2016-11-16 16:35:00,1.34079,1.34104,1.34112,1.34078,1.34102,1.34127,1.34134,1.34101,402
2016-11-16 16:35:00,2016-11-16 16:36:00,1.34104,1.34128,1.34133,1.34096,1.34127,1.3415,1.34155,1.34118,517
2016-11-16 16:36:00,2016-11-16 16:37:00,1.34128,1.34112,1.34149,1.34094,1.3415,1.34133,1.34167,1.34116,778
2016-11-16 16:37:00,2016-11-16 16:38:00,1.34112,1.3418,1.34186,1.34109,1.34133,1.342,1.34207,1.34129,983
2016-11-16 16:38:00,2016-11-16 16:39:00,1.3418,1.34178,1.34186,1.34164,1.342,1.34198,1.34206,1.34186,601
2016-11-16 16:39:00,2016-11-16 16:40:00,1.34178,1.34169,1.34184,1.34155,1.34198,1.34192,1.34206,1.34176,584
2016-11-16 16:40:00,2016-11-16 16:41:00,1.34169,1.34174,1.34179,1.3414,1.34192,1.34195,1.34201,1.34163,740
2016-11-16 16:41:00,2016-11-16 16:42:00,1.34174,1.34151,1.34184,1.34146,1.34195,1.34173,1.34205,1.34169,543
2016-11-16 16:42:00,2016-11-16 16:43:00,1.34151,1.34162,1.34169,1.34149,1.34173,1.34182,1.34188,1.34171,434
2016-11-16 16:43:00,2016-11-16 16:44:00,1.34162,1.34199,1.34201,1.3416,1.34182,1.34223,1.34223,1.3418,535
2016-11-16 16:44:00,2016-11-16 16:45:00,1.34199,1.34185,1.34239,1.34183,1.34223,1.34208,1.34263,1.34205,1125
2016-11-16 16:45:00,2016-11-16 16:46:00,1.34185,1.34135,1.34186,1.34121,1.34208,1.34159,1.34209,1.34142,895
2016-11-16 16:46:00,2016-11-16 16:47:00,1.34135,1.3411,1.34147,1.34093,1.34159,1.34128,1.3417,1.34115,507
2016-11-16 16:47:00,2016-11-16 16:48:00,1.3411,1.34119,1.34125,1.34094,1.34128,1.34138,1.34146,1.34114,393
2016-11-16 16:48:00,2016-11-16 16:49:00,1.34119,1.34091,1.34118,1.34085,1.34138,1.34108,1.34138,1.34107,240
2016-11-16 16:49:00,2016-11-16 16:50:00,1.34091,1.3409,1.34103,1.34078,1.34108,1.34111,1.34127,1.341,666
2016-11-16 16:50:00,2016-11-16 16:51:00,1.3409,1.34081,1.34094,1.3407,1.34111,1.34102,1.34115,1.3409,300
2016-11-16 16:51:00,2016-11-16 16:52:00,1.34081,1.34087,1.34102,1.34073,1.34102,1.34108,1.34121,1.34097,773
2016-11-16 16:52:00,2016-11-16 16:53:00,1.34087,1.34064,1.34087,1.34061,1.34108,1.34085,1.34108,1.3408,338
2016-11-16 16:53:00,2016-11-16 16:54:00,1.34064,1.34044,1.34076,1.3404,1.34085,1.34062,1.34096,1.34061,407
2016-11-16 16:54:00,2016-11-16 16:55:00,1.34044,1.34074,1.34091,1.34043,1.34062,1.34097,1.34112,1.34061,510
2016-11-16 16:55:00,2016-11-16 16:56:00,1.34074,1.34085,1.34086,1.3407,1.34097,1.34106,1.34107,1.34086,350
2016-11-16 16:56:00,2016-11-16 16:57:00,1.34085,1.34098,1.34116,1.3408,1.34106,1.34119,1.34133,1.34102,496
2016-11-16 16:57:00,2016-11-16 16:58:00,1.34098,1.34121,1.34134,1.34089,1.34119,1.34145,1.34157,1.3411,987
2016-11-16 16:58:00,2016-11-16 16:59:00,1.34121,1.34154,1.34169,1.34121,1.34145,1.34176,1.3419,1.34145,684
2016-11-16 16:59:00,2016-11-16 17:00:00,1.34154,1.34131,1.34177,1.3412,1.34176,1.34152,1.342,1.34144,900
2016-11-16 17:00:00,2016-11-16 17:01:00,1.34131,1.34103,1.34134,1.34099,1.34152,1.34122,1.34156,1.3412,765
2016-11-16 17:01:00,2016-11-16 17:02:00,1.34103,1.34111,1.34142,1.34103,1.34122,1.34132,1.34165,1.34122,840
2016-11-16 17:02:00,2016-11-16 17:03:00,1.34111,1.34107,1.34122,1.34102,1.34132,1.34127,1.34145,1.34125,938
2016-11-16 17:03:00,2016-11-16 17:04:00,1.34107,1.34076,1.34117,1.34076,1.34127,1.34099,1.34136,1.34096,533
2016-11-16 17:04:00,2016-11-16 17:05:00,1.34076,1.34086,1.34089,1.34036,1.34099,1.34106,1.34113,1.34062,649
2016-11-16 17:05:00,2016-11-16 17:06:00,1.34086,1.34104,1.34107,1.34084,1.34106,1.34126,1.34129,1.34103,387
2016-11-16 17:06:00,2016-11-16 17:07:00,1.34104,1.34097,1.34106,1.34091,1.34126,1.3412,1.34128,1.34114,318
2016-11-16 17:07:00,2016-11-16 17:08:00,1.34097,1.3413,1.34139,1.34091,1.3412,1.34154,1.3416,1.34112,552
2016-11-16 17:08:00,2016-11-16 17:09:00,1.3413,1.34127,1.3413,1.34114,1.34154,1.34151,1.34155,1.34137,355
2016-11-16 17:09:00,2016-11-16 17:10:00,1.34127,1.34125,1.34143,1.34121,1.34151,1.34144,1.34164,1.34143,475
2016-11-16 17:10:00,2016-11-16 17:11:00,1.34125,1.34122,1.34132,1.3412,1.34144,1.34144,1.34152,1.34143,227
2016-11-16 17:11:00,2016-11-16 17:12:00,1.34122,1.3415,1.34153,1.34121,1.34144,1.34171,1.34173,1.34143,210
2016-11-16 17:12:00,2016-11-16 17:13:00,1.3415,1.34158,1.34167,1.34146,1.34171,1.34181,1.34187,1.34166,318
2016-11-16 17:13:00,2016-11-16 17:14:00,1.34158,1.34166,1.34168,1.34145,1.34181,1.34186,1.34188,1.34167,325
2016-11-16 17:14:00,2016-11-16 17:15:00,1.34166,1.34169,1.34169,1.34161,1.34186,1.34191,1.34193,1.34183,191
2016-11-16 17:15:00,2016-11-16 17:16:00,1.34169,1.34158,1.34175,1.34151,1.34191,1.34179,1.34197,1.34174,176
2016-11-16 17:16:00,2016-11-16 17:17:00,1.34158,1.34152,1.34158,1.34149,1.34179,1.34173,1.3418,1.34169,227
2016-11-16 17:17:00,2016-11-16 17:18:00,1.34152,1.34166,1.34177,1.34149,1.34173,1.34188,1.34198,1.3417,289
2016-11-16 17:18:00,2016-11-16 17:19:00,1.34166,1.34141,1.34169,1.34137,1.34188,1.34164,1.3419,1.3416,220
2016-11-16 17:19:00,2016-11-16 17:20:00,1.34141,1.34134,1.34143,1.34129,1.34164,1.34157,1.34165,1.34151,226
2016-11-16 17:20:00,2016-11-16 17:21:00,1.34134,1.34132,1.34136,1.3413,1.34157,1.34155,1.34157,1.34151,107
2016-11-16 17:21:00,2016-11-16 17:22:00,1.34132,1.3412,1.34141,1.34114,1.34155,1.34144,1.34161,1.34134,311
2016-11-16 17:22:00,2016-11-16 17:23:00,1.3412,1.34113,1.3412,1.34101,1.34144,1.34136,1.34144,1.34125,357
2016-11-16 17:23:00,2016-11-16 17:24:00,1.34113,1.34118,1.3412,1.34101,1.34136,1.3414,1.34142,1.3412,360
2016-11-16 17:24:00,2016-11-16 17:25:00,1.34118,1.34125,1.34128,1.34118,1.3414,1.34147,1.34149,1.34141,179
2016-11-16 17:25:00,2016-11-16 17:26:00,1.34125,1.34123,1.34134,1.34114,1.34147,1.34148,1.34157,1.34133,320
2016-11-16 17:26:00,2016-11-16 17:27:00,1.34123,1.34141,1.34145,1.34123,1.34148,1.34165,1.34166,1.34146,349
2016-11-16 17:27:00,2016-11-16 17:28:00,1.34141,1.34146,1.34159,1.34139,1.34165,1.3417,1.34181,1.34162,327
2016-11-16 17:28:00,2016-11-16 17:29:00,1.34146,1.34151,1.34156,1.3413,1.3417,1.34172,1.34178,1.34153,312
2016-11-16 17:29:00,2016-11-16 17:30:00,1.34151,1.34141,1.34154,1.34125,1.34172,1.34167,1.34176,1.3415,516
2016-11-16 17:30:00,2016-11-16 17:31:00,1.34141,1.34158,1.34158,1.34131,1.34167,1.34182,1.34182,1.34152,419
2016-11-16 17:31:00,2016-11-16 17:32:00,1.34158,1.34149,1.34158,1.34143,1.34182,1.34173,1.34182,1.34166,356
2016-11-16 17:32:00,2016-11-16 17:33:00,1.34149,1.34178,1.34185,1.34148,1.34173,1.34202,1.34208,1.34171,517
2016-11-16 17:33:00,2016-11-16 17:34:00,1.34178,1.34134,1.3418,1.34132,1.34202,1.34158,1.34203,1.34153,439
2016-11-16 17:34:00,2016-11-16 17:35:00,1.34134,1.34119,1.34145,1.34115,1.34158,1.34141,1.34166,1.34136,600
2016-11-16 17:35:00,2016-11-16 17:36:00,1.34119,1.3413,1.34146,1.34116,1.34141,1.34152,1.34169,1.34139,598
2016-11-16 17:36:00,2016-11-16 17:37:00,1.3413,1.34139,1.34148,1.34128,1.34152,1.34162,1.34171,1.34152,398
2016-11-16 17:37:00,2016-11-16 17:38:00,1.34139,1.3414,1.34148,1.34136,1.34162,1.34163,1.34171,1.34158,417
2016-11-16 17:38:00,2016-11-16 17:39:00,1.3414,1.3414,1.34146,1.34138,1.34163,1.34163,1.34167,1.34157,329
2016-11-16 17:39:00,2016-11-16 17:40:00,1.3414,1.34142,1.34143,1.34131,1.34163,1.34163,1.34166,1.34148,361
2016-11-16 17:40:00,2016-11-16 17:41:00,1.34142,1.34122,1.34142,1.34118,1.34163,1.34142,1.34163,1.34139,417
2016-11-16 17:41:00,2016-11-16 17:42:00,1.34122,1.34119,1.34124,1.34104,1.34142,1.3414,1.34144,1.34126,364
2016-11-16 17:42:00,2016-11-16 17:43:00,1.34119,1.34134,1.34134,1.34101,1.3414,1.34156,1.34156,1.34123,498
2016-11-16 17:43:00,2016-11-16 17:44:00,1.34134,1.34136,1.34153,1.34131,1.34156,1.34154,1.34173,1.34152,332
2016-11-16 17:44:00,2016-11-16 17:45:00,1.34136,1.34112,1.3414,1.3411,1.34154,1.34135,1.34163,1.34132,339
2016-11-16 17:45:00,2016-11-16 17:46:00,1.34112,1.34106,1.34114,1.34102,1.34135,1.34127,1.34137,1.34124,239
2016-11-16 17:46:00,2016-11-16 17:47:00,1.34106,1.34113,1.34116,1.34101,1.34127,1.34134,1.34138,1.34124,240
2016-11-16 17:47:00,2016-11-16 17:48:00,1.34113,1.34109,1.34123,1.34108,1.34134,1.34131,1.34144,1.3413,255
2016-11-16 17:48:00,2016-11-16 17:49:00,1.34109,1.34107,1.34112,1.34103,1.34131,1.34129,1.34133,1.34123,408
2016-11-16 17:49:00,2016-11-16 17:50:00,1.34107,1.34118,1.34125,1.34104,1.34129,1.34139,1.34143,1.34125,294
2016-11-16 17:50:00,2016-11-16 17:51:00,1.34118,1.34103,1.34121,1.34102,1.34139,1.34123,1.34141,1.34121,230
2016-11-16 17:51:00,2016-11-16 17:52:00,1.34103,1.34113,1.34115,1.34103,1.34123,1.34135,1.34135,1.34121,143
2016-11-16 17:52:00,2016-11-16 17:53:00,1.34113,1.34106,1.34119,1.34106,1.34135,1.34129,1.3414,1.34129,324
2016-11-16 17:53:00,2016-11-16 17:54:00,1.34106,1.34102,1.34106,1.341,1.34129,1.34123,1.34129,1.3412,122
2016-11-16 17:54:00,2016-11-16 17:55:00,1.34102,1.34101,1.34115,1.34101,1.34123,1.34121,1.34133,1.3412,206
2016-11-16 17:55:00,2016-11-16 17:56:00,1.34101,1.34109,1.3411,1.34097,1.34121,1.34128,1.34128,1.34119,63
2016-11-16 17:56:00,2016-11-16 17:57:00,1.34109,1.34107,1.34115,1.34102,1.34128,1.34129,1.34135,1.34126,149
2016-11-16 17:57:00,2016-11-16 17:58:00,1.34107,1.34122,1.34122,1.34107,1.34129,1.34142,1.34143,1.34131,95
2016-11-16 17:58:00,2016-11-16 17:59:00,1.34122,1.34123,1.3413,1.34112,1.34142,1.34145,1.34151,1.34134,231
2016-11-16 17:59:00,2016-11-16 18:00:00,1.34123,1.34167,1.34174,1.34115,1.34145,1.34189,1.34197,1.34138,371
2016-11-16 18:00:00,2016-11-16 18:01:00,1.34167,1.34201,1.34214,1.34162,1.34189,1.34224,1.34235,1.34185,434
2016-11-16 18:01:00,2016-11-16 18:02:00,1.34201,1.34219,1.34222,1.3419,1.34224,1.34241,1.34243,1.3421,561
2016-11-16 18:02:00,2016-11-16 18:03:00,1.34219,1.34223,1.34246,1.34219,1.34241,1.34248,1.34269,1.34238,341
2016-11-16 18:03:00,2016-11-16 18:04:00,1.34223,1.34221,1.34245,1.34213,1.34248,1.3424,1.34267,1.34236,328
2016-11-16 18:04:00,2016-11-16 18:05:00,1.34221,1.34243,1.34258,1.34215,1.3424,1.34266,1.34281,1.34234,384
2016-11-16 18:05:00,2016-11-16 18:06:00,1.34243,1.34205,1.34245,1.34191,1.34266,1.34229,1.34266,1.34214,415
2016-11-16 18:06:00,2016-11-16 18:07:00,1.34205,1.34186,1.3421,1.34182,1.34229,1.34205,1.34231,1.34203,350
2016-11-16 18:07:00,2016-11-16 18:08:00,1.34186,1.34184,1.34189,1.34181,1.34205,1.34207,1.34211,1.34202,144
2016-11-16 18:08:00,2016-11-16 18:09:00,1.34184,1.34182,1.34191,1.34182,1.34207,1.34204,1.34213,1.34204,144
2016-11-16 18:09:00,2016-11-16 18:10:00,1.34182,1.34194,1.34194,1.34159,1.34204,1.34217,1.34218,1.34178,233
2016-11-16 18:10:00,2016-11-16 18:11:00,1.34194,1.3421,1.34212,1.34189,1.34217,1.34232,1.34235,1.34211,165
2016-11-16 18:11:00,2016-11-16 18:12:00,1.3421,1.34203,1.34209,1.34195,1.34232,1.34225,1.34232,1.34216,119
2016-11-16 18:12:00,2016-11-16 18:13:00,1.34203,1.34211,1.34212,1.34202,1.34225,1.34234,1.34236,1.34225,142
2016-11-16 18:13:00,2016-11-16 18:14:00,1.34211,1.3421,1.34236,1.34207,1.34234,1.34233,1.3426,1.3423,349
2016-11-16 18:14:00,2016-11-16 18:15:00,1.3421,1.34203,1.34222,1.34201,1.34233,1.34227,1.34245,1.34224,205
2016-11-16 18:15:00,2016-11-16 18:16:00,1.34203,1.3422,1.3422,1.34203,1.34227,1.34242,1.34242,1.34226,154
2016-11-16 18:16:00,2016-11-16 18:17:00,1.3422,1.34203,1.34225,1.342,1.34242,1.34226,1.34248,1.34223,166
2016-11-16 18:17:00,2016-11-16 18:18:00,1.34203,1.3419,1.34208,1.34181,1.34226,1.34213,1.34231,1.34205,196
2016-11-16 18:18:00,2016-11-16 18:19:00,1.3419,1.34193,1.34199,1.34183,1.34213,1.34212,1.34218,1.34206,231
2016-11-16 18:19:00,2016-11-16 18:20:00,1.34193,1.34202,1.34209,1.34192,1.34212,1.34226,1.34227,1.34212,220
2016-11-16 18:20:00,2016-11-16 18:21:00,1.34202,1.34215,1.34229,1.34198,1.34226,1.34236,1.34247,1.34219,264
2016-11-16 18:21:00,2016-11-16 18:22:00,1.34215,1.34207,1.34216,1.34204,1.34236,1.34232,1.34241,1.34227,244
2016-11-16 18:22:00,2016-11-16 18:23:00,1.34207,1.34187,1.34213,1.34181,1.34232,1.3421,1.34236,1.34203,464
2016-11-16 18:23:00,2016-11-16 18:24:00,1.34187,1.34182,1.34196,1.34178,1.3421,1.34204,1.34216,1.34197,323
2016-11-16 18:24:00,2016-11-16 18:25:00,1.34182,1.34192,1.34194,1.34176,1.34204,1.34215,1.34215,1.342,283
2016-11-16 18:25:00,2016-11-16 18:26:00,1.34192,1.34191,1.34201,1.34183,1.34215,1.34214,1.34224,1.34206,255
2016-11-16 18:26:00,2016-11-16 18:27:00,1.34191,1.34183,1.34193,1.3418,1.34214,1.34206,1.34215,1.34204,316
2016-11-16 18:27:00,2016-11-16 18:28:00,1.34183,1.34182,1.34187,1.34181,1.34206,1.34204,1.34207,1.34204,65
2016-11-16 18:28:00,2016-11-16 18:29:00,1.34182,1.34173,1.34185,1.34171,1.34204,1.34194,1.34204,1.34193,74
2016-11-16 18:29:00,2016-11-16 18:30:00,1.34173,1.34166,1.34174,1.34159,1.34194,1.34188,1.34194,1.34181,139
2016-11-16 18:30:00,2016-11-16 18:31:00,1.34166,1.34189,1.34195,1.34163,1.34188,1.34212,1.34216,1.34187,243
2016-11-16 18:31:00,2016-11-16 18:32:00,1.34189,1.34174,1.34189,1.34172,1.34212,1.34198,1.34213,1.34194,172
2016-11-16 18:32:00,2016-11-16 18:33:00,1.34174,1.34183,1.34184,1.34173,1.34198,1.34206,1.34206,1.34194,165
2016-11-16 18:33:00,2016-11-16 18:34:00,1.34183,1.34197,1.34202,1.34182,1.34206,1.3422,1.34223,1.34204,293
2016-11-16 18:34:00,2016-11-16 18:35:00,1.34197,1.34198,1.34211,1.34196,1.3422,1.34223,1.34232,1.3422,361
2016-11-16 18:35:00,2016-11-16 18:36:00,1.34198,1.34204,1.34216,1.34195,1.34223,1.34228,1.34237,1.34218,525
2016-11-16 18:36:00,2016-11-16 18:37:00,1.34204,1.34189,1.34214,1.34189,1.34228,1.34212,1.34237,1.34211,327
2016-11-16 18:37:00,2016-11-16 18:38:00,1.34189,1.34186,1.34201,1.34184,1.34212,1.34208,1.34225,1.34206,403
2016-11-16 18:38:00,2016-11-16 18:39:00,1.34186,1.34175,1.34187,1.34169,1.34208,1.34198,1.34209,1.34193,230
2016-11-16 18:39:00,2016-11-16 18:40:00,1.34175,1.3419,1.34191,1.34174,1.34198,1.34213,1.34214,1.34197,160
2016-11-16 18:40:00,2016-11-16 18:41:00,1.3419,1.34166,1.3419,1.34162,1.34213,1.34186,1.34213,1.34184,225
2016-11-16 18:41:00,2016-11-16 18:42:00,1.34166,1.34166,1.34175,1.34165,1.34186,1.34185,1.34196,1.34185,52
2016-11-16 18:42:00,2016-11-16 18:43:00,1.34166,1.34174,1.34177,1.34162,1.34185,1.34194,1.342,1.34182,215
2016-11-16 18:43:00,2016-11-16 18:44:00,1.34174,1.3418,1.34182,1.34166,1.34194,1.34203,1.34206,1.34188,149
2016-11-16 18:44:00,2016-11-16 18:45:00,1.3418,1.34178,1.34185,1.34171,1.34203,1.34202,1.34208,1.34193,341
2016-11-16 18:45:00,2016-11-16 18:46:00,1.34178,1.34166,1.34182,1.34165,1.34202,1.3419,1.34206,1.34189,217
2016-11-16 18:46:00,2016-11-16 18:47:00,1.34166,1.34173,1.34177,1.34165,1.3419,1.34197,1.342,1.34187,141
2016-11-16 18:47:00,2016-11-16 18:48:00,1.34173,1.34184,1.34187,1.3417,1.34197,1.34205,1.34208,1.34194,163
2016-11-16 18:48:00,2016-11-16 18:49:00,1.34184,1.34172,1.34188,1.34166,1.34205,1.34194,1.34211,1.34189,215
2016-11-16 18:49:00,2016-11-16 18:50:00,1.34172,1.34178,1.34187,1.34164,1.34194,1.342,1.34212,1.34186,182
2016-11-16 18:50:00,2016-11-16 18:51:00,1.34178,1.34165,1.34177,1.34165,1.342,1.34189,1.342,1.34187,139
2016-11-16 18:51:00,2016-11-16 18:52:00,1.34165,1.34165,1.34177,1.3416,1.34189,1.34189,1.34197,1.34181,125
2016-11-16 18:52:00,2016-11-16 18:53:00,1.34165,1.34178,1.34182,1.34162,1.34189,1.34201,1.34205,1.34184,118
2016-11-16 18:53:00,2016-11-16 18:54:00,1.34178,1.34183,1.34185,1.34179,1.34201,1.34206,1.34208,1.34201,154
2016-11-16 18:54:00,2016-11-16 18:55:00,1.34183,1.34182,1.34187,1.34179,1.34206,1.34206,1.34209,1.342,240
2016-11-16 18:55:00,2016-11-16 18:56:00,1.34182,1.34195,1.34204,1.34181,1.34206,1.34216,1.34225,1.34204,441
2016-11-16 18:56:00,2016-11-16 18:57:00,1.34195,1.34187,1.34197,1.34181,1.34216,1.34207,1.34217,1.34201,250
2016-11-16 18:57:00,2016-11-16 18:58:00,1.34187,1.34202,1.34213,1.34183,1.34207,1.34223,1.34234,1.34203,474
2016-11-16 18:58:00,2016-11-16 18:59:00,1.34202,1.34166,1.34202,1.34163,1.34223,1.34188,1.34224,1.34185,331
2016-11-16 18:59:00,2016-11-16 19:00:00,1.34166,1.34165,1.34189,1.34161,1.34188,1.34188,1.34212,1.34182,368
2016-11-16 19:00:00,2016-11-16 19:01:00,1.34165,1.34166,1.34183,1.34153,1.34188,1.34189,1.34205,1.34174,583
2016-11-16 19:01:00,2016-11-16 19:02:00,1.34166,1.34162,1.34179,1.34158,1.34189,1.34183,1.34199,1.34181,265
2016-11-16 19:02:00,2016-11-16 19:03:00,1.34162,1.34176,1.34187,1.34161,1.34183,1.34199,1.34208,1.34183,307
2016-11-16 19:03:00,2016-11-16 19:04:00,1.34176,1.34167,1.34181,1.34164,1.34199,1.3419,1.34202,1.34185,388
2016-11-16 19:04:00,2016-11-16 19:05:00,1.34167,1.34177,1.34183,1.34166,1.3419,1.34198,1.34207,1.34189,171
2016-11-16 19:05:00,2016-11-16 19:06:00,1.34177,1.34184,1.34188,1.34177,1.34198,1.34208,1.34208,1.34198,249
2016-11-16 19:06:00,2016-11-16 19:07:00,1.34184,1.34179,1.34185,1.34169,1.34208,1.34201,1.34208,1.34189,301
2016-11-16 19:07:00,2016-11-16 19:08:00,1.34179,1.34181,1.34183,1.34169,1.34201,1.34202,1.34204,1.34189,227
2016-11-16 19:08:00,2016-11-16 19:09:00,1.34181,1.34203,1.34207,1.34178,1.34202,1.34225,1.34227,1.34199,220
2016-11-16 19:09:00,2016-11-16 19:10:00,1.34203,1.3422,1.34222,1.34203,1.34225,1.34243,1.34245,1.34224,376
2016-11-16 19:10:00,2016-11-16 19:11:00,1.3422,1.34241,1.34243,1.34219,1.34243,1.34266,1.34267,1.34242,402
2016-11-16 19:11:00,2016-11-16 19:12:00,1.34241,1.34245,1.34245,1.3423,1.34266,1.34267,1.34267,1.34253,253
2016-11-16 19:12:00,2016-11-16 19:13:00,1.34245,1.3426,1.34263,1.34237,1.34267,1.34285,1.34286,1.34259,233
2016-11-16 19:13:00,2016-11-16 19:14:00,1.3426,1.34262,1.34266,1.34252,1.34285,1.34282,1.34287,1.34271,133
2016-11-16 19:14:00,2016-11-16 19:15:00,1.34262,1.343,1.34301,1.3426,1.34282,1.34322,1.34323,1.34276,341
2016-11-16 19:15:00,2016-11-16 19:16:00,1.343,1.34301,1.34317,1.3429,1.34322,1.34325,1.34342,1.34311,259
2016-11-16 19:16:00,2016-11-16 19:17:00,1.34301,1.34305,1.3431,1.34296,1.34325,1.34326,1.34334,1.34317,304
2016-11-16 19:17:00,2016-11-16 19:18:00,1.34305,1.34297,1.34312,1.34281,1.34326,1.34319,1.34334,1.34303,368
2016-11-16 19:18:00,2016-11-16 19:19:00,1.34297,1.34296,1.34296,1.34287,1.34319,1.34316,1.34319,1.34307,106
2016-11-16 19:19:00,2016-11-16 19:20:00,1.34296,1.34299,1.34302,1.34288,1.34316,1.34319,1.34319,1.34309,126
2016-11-16 19:20:00,2016-11-16 19:21:00,1.34299,1.34282,1.34301,1.34275,1.34319,1.34306,1.34324,1.34298,252
2016-11-16 19:21:00,2016-11-16 19:22:00,1.34282,1.34285,1.34289,1.34273,1.34306,1.34308,1.34311,1.34296,193
2016-11-16 19:22:00,2016-11-16 19:23:00,1.34285,1.34292,1.343,1.34283,1.34308,1.34316,1.34323,1.34305,315
2016-11-16 19:23:00,2016-11-16 19:24:00,1.34292,1.343,1.3431,1.34284,1.34316,1.34321,1.34327,1.34306,353
2016-11-16 19:24:00,2016-11-16 19:25:00,1.343,1.34293,1.34316,1.34292,1.34321,1.34313,1.34336,1.34312,374
2016-11-16 19:25:00,2016-11-16 19:26:00,1.34293,1.34292,1.34308,1.34282,1.34313,1.34315,1.34327,1.34301,187
2016-11-16 19:26:00,2016-11-16 19:27:00,1.34292,1.34283,1.34298,1.34283,1.34315,1.34307,1.34321,1.34304,274
2016-11-16 19:27:00,2016-11-16 19:28:00,1.34283,1.34313,1.34326,1.34283,1.34307,1.34336,1.34348,1.34307,744
2016-11-16 19:28:00,2016-11-16 19:29:00,1.34313,1.34311,1.3433,1.34304,1.34336,1.34334,1.34351,1.34326,388
2016-11-16 19:29:00,2016-11-16 19:30:00,1.34311,1.34311,1.34316,1.34304,1.34334,1.34332,1.34336,1.34326,365
2016-11-16 19:30:00,2016-11-16 19:31:00,1.34311,1.34298,1.34311,1.34295,1.34332,1.34321,1.34333,1.34318,281
2016-11-16 19:31:00,2016-11-16 19:32:00,1.34298,1.3429,1.34302,1.34281,1.34321,1.34315,1.34326,1.34303,238
2016-11-16 19:32:00,2016-11-16 19:33:00,1.3429,1.34292,1.34293,1.34275,1.34315,1.34314,1.34315,1.34296,133
2016-11-16 19:33:00,2016-11-16 19:34:00,1.34292,1.34304,1.34312,1.34282,1.34314,1.34326,1.34333,1.34304,287
2016-11-16 19:34:00,2016-11-16 19:35:00,1.34304,1.34304,1.34312,1.34285,1.34326,1.34325,1.34333,1.34308,422
2016-11-16 19:35:00,2016-11-16 19:36:00,1.34304,1.34294,1.34304,1.34287,1.34325,1.34315,1.34324,1.34304,172
2016-11-16 19:36:00,2016-11-16 19:37:00,1.34294,1.34306,1.34314,1.34294,1.34315,1.34322,1.34334,1.34316,140
2016-11-16 19:37:00,2016-11-16 19:38:00,1.34306,1.34295,1.34305,1.34292,1.34322,1.34316,1.34326,1.34315,129
2016-11-16 19:38:00,2016-11-16 19:39:00,1.34295,1.34298,1.34306,1.34292,1.34316,1.34319,1.34326,1.34314,163
2016-11-16 19:39:00,2016-11-16 19:40:00,1.34298,1.34297,1.34306,1.34294,1.34319,1.3432,1.34325,1.34317,193
2016-11-16 19:40:00,2016-11-16 19:41:00,1.34297,1.34285,1.34301,1.34284,1.3432,1.34304,1.34323,1.34304,92
2016-11-16 19:41:00,2016-11-16 19:42:00,1.34285,1.34301,1.34302,1.34283,1.34304,1.34324,1.34326,1.34304,264
2016-11-16 19:42:00,2016-11-16 19:43:00,1.34301,1.34303,1.34303,1.34282,1.34324,1.34323,1.34324,1.34306,211
2016-11-16 19:43:00,2016-11-16 19:44:00,1.34303,1.34309,1.34315,1.3428,1.34323,1.34332,1.34337,1.343,428
2016-11-16 19:44:00,2016-11-16 19:45:00,1.34309,1.34313,1.34321,1.34309,1.34332,1.34332,1.34342,1.34328,241
2016-11-16 19:45:00,2016-11-16 19:46:00,1.34313,1.3431,1.34322,1.34308,1.34332,1.34333,1.34338,1.34326,80
2016-11-16 19:46:00,2016-11-16 19:47:00,1.3431,1.34304,1.34312,1.34299,1.34333,1.34326,1.34334,1.3432,83
2016-11-16 19:47:00,2016-11-16 19:48:00,1.34304,1.34309,1.34315,1.34303,1.34326,1.34332,1.34334,1.34326,93
2016-11-16 19:48:00,2016-11-16 19:49:00,1.34309,1.34313,1.34315,1.34304,1.34332,1.34332,1.34333,1.34327,89
2016-11-16 19:49:00,2016-11-16 19:50:00,1.34313,1.34313,1.34316,1.34299,1.34332,1.34331,1.34335,1.34318,180
2016-11-16 19:50:00,2016-11-16 19:51:00,1.34313,1.34314,1.34318,1.34304,1.34331,1.34329,1.34333,1.34325,158
2016-11-16 19:51:00,2016-11-16 19:52:00,1.34314,1.3434,1.3434,1.34311,1.34329,1.34359,1.34361,1.34329,193
2016-11-16 19:52:00,2016-11-16 19:53:00,1.3434,1.34338,1.3434,1.34335,1.34359,1.34358,1.34362,1.34357,80
2016-11-16 19:53:00,2016-11-16 19:54:00,1.34338,1.34355,1.34359,1.34332,1.34358,1.34377,1.34382,1.34354,168
2016-11-16 19:54:00,2016-11-16 19:55:00,1.34355,1.34362,1.34367,1.34354,1.34377,1.34383,1.34388,1.34376,105
2016-11-16 19:55:00,2016-11-16 19:56:00,1.34362,1.34349,1.34362,1.34343,1.34383,1.34373,1.34385,1.34366,210
2016-11-16 19:56:00,2016-11-16 19:57:00,1.34349,1.34338,1.34354,1.34337,1.34373,1.34354,1.34375,1.34354,217
2016-11-16 19:57:00,2016-11-16 19:58:00,1.34338,1.34336,1.34351,1.34332,1.34354,1.34359,1.34371,1.34355,251
2016-11-16 19:58:00,2016-11-16 19:59:00,1.34336,1.34369,1.34381,1.34334,1.34359,1.34393,1.34403,1.34356,845
2016-11-16 19:59:00,2016-11-16 20:00:00,1.34369,1.3436,1.34378,1.34353,1.34393,1.34384,1.344,1.34377,402
2016-11-16 20:00:00,2016-11-16 20:01:00,1.3436,1.34352,1.34363,1.3434,1.34384,1.34374,1.34387,1.34363,268
2016-11-16 20:01:00,2016-11-16 20:02:00,1.34352,1.34345,1.34357,1.34342,1.34374,1.34369,1.34377,1.34362,189
2016-11-16 20:02:00,2016-11-16 20:03:00,1.34345,1.34339,1.34348,1.34337,1.34369,1.34362,1.34372,1.3436,143
2016-11-16 20:03:00,2016-11-16 20:04:00,1.34339,1.34344,1.34347,1.34333,1.34362,1.34366,1.3437,1.34356,180
2016-11-16 20:04:00,2016-11-16 20:05:00,1.34344,1.34334,1.34343,1.34322,1.34366,1.34356,1.34366,1.34343,142
2016-11-16 20:05:00,2016-11-16 20:06:00,1.34334,1.34346,1.34346,1.34319,1.34356,1.34365,1.34365,1.34339,200
2016-11-16 20:06:00,2016-11-16 20:07:00,1.34346,1.34342,1.34348,1.34333,1.34365,1.34365,1.3437,1.34355,160
2016-11-16 20:07:00,2016-11-16 20:08:00,1.34342,1.34326,1.34343,1.3432,1.34365,1.34346,1.34367,1.34341,248
2016-11-16 20:08:00,2016-11-16 20:09:00,1.34326,1.3432,1.34326,1.34306,1.34346,1.34344,1.34346,1.34325,119
2016-11-16 20:09:00,2016-11-16 20:10:00,1.3432,1.3433,1.34332,1.34319,1.34344,1.34353,1.34353,1.34344,78
2016-11-16 20:10:00,2016-11-16 20:11:00,1.3433,1.3433,1.34335,1.34322,1.34353,1.34349,1.34357,1.34346,177
2016-11-16 20:11:00,2016-11-16 20:12:00,1.3433,1.34325,1.34334,1.34315,1.34349,1.34347,1.34355,1.34337,171
2016-11-16 20:12:00,2016-11-16 20:13:00,1.34325,1.34333,1.34335,1.34323,1.34347,1.34355,1.34358,1.34346,96
2016-11-16 20:13:00,2016-11-16 20:14:00,1.34333,1.34335,1.3434,1.34332,1.34355,1.34358,1.34362,1.34354,97
2016-11-16 20:14:00,2016-11-16 20:15:00,1.34335,1.3435,1.34354,1.34333,1.34358,1.34369,1.34376,1.34356,130
2016-11-16 20:15:00,2016-11-16 20:16:00,1.3435,1.34345,1.34349,1.3434,1.34369,1.34364,1.34371,1.34363,168
2016-11-16 20:16:00,2016-11-16 20:17:00,1.34345,1.34344,1.34348,1.34341,1.34364,1.34368,1.3437,1.34364,96
2016-11-16 20:17:00,2016-11-16 20:18:00,1.34344,1.34335,1.34344,1.34333,1.34368,1.34359,1.34367,1.34353,153
2016-11-16 20:18:00,2016-11-16 20:19:00,1.34335,1.34324,1.34335,1.34322,1.34359,1.34344,1.34358,1.34344,90
2016-11-16 20:19:00,2016-11-16 20:20:00,1.34324,1.34326,1.34327,1.34321,1.34344,1.34345,1.34346,1.34342,118
2016-11-16 20:20:00,2016-11-16 20:21:00,1.34326,1.34332,1.34336,1.34324,1.34345,1.34351,1.34356,1.34345,188
2016-11-16 20:21:00,2016-11-16 20:22:00,1.34332,1.34323,1.34335,1.34313,1.34351,1.34343,1.34353,1.34335,169
2016-11-16 20:22:00,2016-11-16 20:23:00,1.34323,1.34326,1.3433,1.3432,1.34343,1.34348,1.34349,1.3434,118
2016-11-16 20:23:00,2016-11-16 20:24:00,1.34326,1.34322,1.34329,1.34321,1.34348,1.34344,1.34351,1.34341,167
2016-11-16 20:24:00,2016-11-16 20:25:00,1.34322,1.34317,1.34335,1.34315,1.34344,1.34337,1.34356,1.34337,226
2016-11-16 20:25:00,2016-11-16 20:26:00,1.34317,1.34325,1.34328,1.34317,1.34337,1.34345,1.34346,1.34337,84
2016-11-16 20:26:00,2016-11-16 20:27:00,1.34325,1.34319,1.34328,1.34309,1.34345,1.34341,1.34348,1.34331,188
2016-11-16 20:27:00,2016-11-16 20:28:00,1.34319,1.34333,1.34333,1.34312,1.34341,1.34354,1.34355,1.34334,225
2016-11-16 20:28:00,2016-11-16 20:29:00,1.34333,1.34334,1.34335,1.3433,1.34354,1.34356,1.34356,1.34352,88
2016-11-16 20:29:00,2016-11-16 20:30:00,1.34334,1.34325,1.34333,1.34323,1.34356,1.34349,1.34356,1.34345,173
2016-11-16 20:30:00,2016-11-16 20:31:00,1.34325,1.34328,1.34328,1.34321,1.34349,1.3435,1.3435,1.34344,225
2016-11-16 20:31:00,2016-11-16 20:32:00,1.34328,1.34333,1.34334,1.34323,1.3435,1.34355,1.34355,1.34346,136
2016-11-16 20:32:00,2016-11-16 20:33:00,1.34333,1.34343,1.34345,1.34332,1.34355,1.34367,1.34368,1.34354,292
2016-11-16 20:33:00,2016-11-16 20:34:00,1.34343,1.34331,1.34345,1.34327,1.34367,1.34354,1.34368,1.3435,271
2016-11-16 20:34:00,2016-11-16 20:35:00,1.34331,1.34335,1.34336,1.34325,1.34354,1.34356,1.34356,1.34347,139
2016-11-16 20:35:00,2016-11-16 20:36:00,1.34335,1.34339,1.34344,1.34323,1.34356,1.34363,1.34366,1.34347,252
2016-11-16 20:36:00,2016-11-16 20:37:00,1.34339,1.34344,1.34345,1.34338,1.34363,1.34367,1.34368,1.34362,150
2016-11-16 20:37:00,2016-11-16 20:38:00,1.34344,1.34345,1.34348,1.34342,1.34367,1.34368,1.34373,1.34365,79
2016-11-16 20:38:00,2016-11-16 20:39:00,1.34345,1.34345,1.34345,1.34333,1.34368,1.34368,1.3437,1.34358,217
2016-11-16 20:39:00,2016-11-16 20:40:00,1.34345,1.34335,1.34348,1.34332,1.34368,1.34356,1.34372,1.34356,276
2016-11-16 20:40:00,2016-11-16 20:41:00,1.34335,1.34333,1.34336,1.34333,1.34356,1.34354,1.34357,1.34354,24
2016-11-16 20:41:00,2016-11-16 20:42:00,1.34333,1.34336,1.34338,1.34323,1.34354,1.34359,1.34361,1.34344,160
2016-11-16 20:42:00,2016-11-16 20:43:00,1.34336,1.34335,1.34336,1.34333,1.34359,1.34358,1.3436,1.34356,71
2016-11-16 20:43:00,2016-11-16 20:44:00,1.34335,1.34343,1.34345,1.34334,1.34358,1.34367,1.34368,1.34356,51
2016-11-16 20:44:00,2016-11-16 20:45:00,1.34343,1.34346,1.34346,1.34342,1.34367,1.34368,1.34369,1.34363,93
2016-11-16 20:45:00,2016-11-16 20:46:00,1.34346,1.34352,1.34353,1.34344,1.34368,1.34375,1.34377,1.34368,76
2016-11-16 20:46:00,2016-11-16 20:47:00,1.34352,1.34354,1.34356,1.34351,1.34375,1.34377,1.3438,1.34374,118
2016-11-16 20:47:00,2016-11-16 20:48:00,1.34354,1.34355,1.34355,1.34352,1.34377,1.34376,1.34377,1.34373,24
2016-11-16 20:48:00,2016-11-16 20:49:00,1.34355,1.34354,1.34355,1.34351,1.34376,1.34375,1.34376,1.34373,69
2016-11-16 20:49:00,2016-11-16 20:50:00,1.34354,1.34353,1.34354,1.34351,1.34375,1.34376,1.34376,1.34373,48
2016-11-16 20:50:00,2016-11-16 20:51:00,1.34353,1.34351,1.34353,1.34347,1.34376,1.34375,1.34376,1.34371,188
2016-11-16 20:51:00,2016-11-16 20:52:00,1.34351,1.34352,1.34362,1.34347,1.34375,1.34376,1.34386,1.3437,217
2016-11-16 20:52:00,2016-11-16 20:53:00,1.34352,1.34354,1.34355,1.34341,1.34376,1.34375,1.34379,1.34362,286
2016-11-16 20:53:00,2016-11-16 20:54:00,1.34354,1.34367,1.34373,1.34354,1.34375,1.34386,1.34395,1.34374,300
2016-11-16 20:54:00,2016-11-16 20:55:00,1.34367,1.3437,1.34374,1.34365,1.34386,1.3439,1.34395,1.34385,179
2016-11-16 20:55:00,2016-11-16 20:56:00,1.3437,1.34398,1.34402,1.34369,1.3439,1.34417,1.34422,1.34389,232
2016-11-16 20:56:00,2016-11-16 20:57:00,1.34398,1.34398,1.34398,1.34387,1.34417,1.34418,1.34419,1.34408,225
2016-11-16 20:57:00,2016-11-16 20:58:00,1.34398,1.34404,1.34411,1.34396,1.34418,1.34426,1.34432,1.34415,191
2016-11-16 20:58:00,2016-11-16 20:59:00,1.34404,1.34397,1.34414,1.34391,1.34426,1.34422,1.34434,1.34416,319
2016-11-16 20:59:00,2016-11-16 21:00:00,1.34397,1.3439,1.34398,1.34379,1.34422,1.34416,1.34423,1.34406,225
2016-11-16 21:00:00,2016-11-16 21:01:00,1.3439,1.34375,1.3439,1.34369,1.34416,1.34397,1.34417,1.34394,241
2016-11-16 21:01:00,2016-11-16 21:02:00,1.34375,1.34371,1.34377,1.3437,1.34397,1.34396,1.34399,1.34392,168
2016-11-16 21:02:00,2016-11-16 21:03:00,1.34371,1.34374,1.34375,1.34366,1.34396,1.34395,1.34398,1.34387,332
2016-11-16 21:03:00,2016-11-16 21:04:00,1.34374,1.34379,1.34383,1.34372,1.34395,1.34405,1.34407,1.34394,205
2016-11-16 21:04:00,2016-11-16 21:05:00,1.34379,1.34382,1.34388,1.34378,1.34405,1.34406,1.3441,1.34403,128
2016-11-16 21:05:00,2016-11-16 21:06:00,1.34382,1.34378,1.34387,1.34373,1.34406,1.34397,1.34409,1.34397,145
2016-11-16 21:06:00,2016-11-16 21:07:00,1.34378,1.34377,1.3438,1.34372,1.34397,1.34402,1.34403,1.34393,238
2016-11-16 21:07:00,2016-11-16 21:08:00,1.34377,1.34371,1.34378,1.34367,1.34402,1.34394,1.34402,1.34391,256
2016-11-16 21:08:00,2016-11-16 21:09:00,1.34371,1.34364,1.34374,1.34363,1.34394,1.3439,1.34398,1.34388,138
2016-11-16 21:09:00,2016-11-16 21:10:00,1.34364,1.34365,1.34369,1.3436,1.3439,1.3439,1.3439,1.34378,90
2016-11-16 21:10:00,2016-11-16 21:11:00,1.34365,1.34381,1.34381,1.34363,1.3439,1.34406,1.34407,1.34385,87
2016-11-16 21:11:00,2016-11-16 21:12:00,1.34381,1.34371,1.34381,1.3437,1.34406,1.34396,1.34406,1.34395,114
2016-11-16 21:12:00,2016-11-16 21:13:00,1.34371,1.34368,1.34372,1.34367,1.34396,1.34392,1.34397,1.34392,52
2016-11-16 21:13:00,2016-11-16 21:14:00,1.34368,1.34364,1.34369,1.34364,1.34392,1.34389,1.34394,1.34389,10
2016-11-16 21:14:00,2016-11-16 21:15:00,1.34364,1.34336,1.34364,1.34331,1.34389,1.3436,1.34389,1.34356,240
2016-11-16 21:15:00,2016-11-16 21:16:00,1.34336,1.34325,1.34336,1.34324,1.3436,1.3435,1.34362,1.34349,106
2016-11-16 21:16:00,2016-11-16 21:17:00,1.34325,1.34324,1.34328,1.34322,1.3435,1.34347,1.34353,1.34345,162
2016-11-16 21:17:00,2016-11-16 21:18:00,1.34324,1.34326,1.34326,1.34322,1.34347,1.34349,1.34349,1.34347,22
2016-11-16 21:18:00,2016-11-16 21:19:00,1.34326,1.34317,1.34326,1.34317,1.34349,1.34343,1.34351,1.34342,177
2016-11-16 21:19:00,2016-11-16 21:20:00,1.34317,1.34319,1.3432,1.34311,1.34343,1.34345,1.34346,1.34336,179
2016-11-16 21:20:00,2016-11-16 21:21:00,1.34319,1.34324,1.34326,1.34318,1.34345,1.34351,1.34353,1.34343,183
2016-11-16 21:21:00,2016-11-16 21:22:00,1.34324,1.34333,1.34337,1.34322,1.34351,1.34359,1.34361,1.34349,43
2016-11-16 21:22:00,2016-11-16 21:23:00,1.34333,1.34332,1.34337,1.34332,1.34359,1.34359,1.34361,1.34355,44
2016-11-16 21:23:00,2016-11-16 21:24:00,1.34332,1.34339,1.34344,1.34333,1.34359,1.34365,1.34368,1.34358,87
2016-11-16 21:24:00,2016-11-16 21:25:00,1.34339,1.34341,1.34345,1.34335,1.34365,1.34368,1.3437,1.34362,97
2016-11-16 21:25:00,2016-11-16 21:26:00,1.34341,1.34343,1.34347,1.34336,1.34368,1.34369,1.34372,1.34363,133
2016-11-16 21:26:00,2016-11-16 21:27:00,1.34343,1.34341,1.34344,1.3434,1.34369,1.34367,1.34369,1.34367,63
2016-11-16 21:27:00,2016-11-16 21:28:00,1.34341,1.34346,1.34355,1.34333,1.34367,1.34371,1.34378,1.34361,122
2016-11-16 21:28:00,2016-11-16 21:29:00,1.34346,1.34355,1.34359,1.34343,1.34371,1.34378,1.34382,1.34369,128
2016-11-16 21:29:00,2016-11-16 21:30:00,1.34355,1.34346,1.34357,1.34336,1.34378,1.34373,1.34381,1.34357,304
2016-11-16 21:30:00,2016-11-16 21:31:00,1.34346,1.34347,1.34348,1.34341,1.34373,1.34371,1.34374,1.34368,89
2016-11-16 21:31:00,2016-11-16 21:32:00,1.34347,1.34344,1.34347,1.34336,1.34371,1.3437,1.34371,1.34361,98
2016-11-16 21:32:00,2016-11-16 21:33:00,1.34344,1.34355,1.34355,1.34344,1.3437,1.34379,1.34379,1.34369,141
2016-11-16 21:33:00,2016-11-16 21:34:00,1.34355,1.34351,1.34355,1.34338,1.34379,1.34378,1.3438,1.34362,104
2016-11-16 21:34:00,2016-11-16 21:35:00,1.34351,1.34339,1.34353,1.34334,1.34378,1.34365,1.34377,1.34358,154
2016-11-16 21:35:00,2016-11-16 21:36:00,1.34339,1.34334,1.3434,1.34334,1.34365,1.34359,1.34365,1.34358,82
2016-11-16 21:36:00,2016-11-16 21:37:00,1.34334,1.34335,1.34337,1.34332,1.34359,1.34355,1.34362,1.34354,42
2016-11-16 21:37:00,2016-11-16 21:38:00,1.34335,1.34334,1.34338,1.34333,1.34355,1.34359,1.34361,1.34355,53
2016-11-16 21:38:00,2016-11-16 21:39:00,1.34334,1.34331,1.34337,1.3433,1.34359,1.34356,1.34361,1.34354,101
2016-11-16 21:39:00,2016-11-16 21:40:00,1.34331,1.34339,1.34343,1.34327,1.34356,1.34362,1.34367,1.34352,366
2016-11-16 21:40:00,2016-11-16 21:41:00,1.34339,1.34342,1.34355,1.34339,1.34362,1.34367,1.3438,1.34362,188
2016-11-16 21:41:00,2016-11-16 21:42:00,1.34342,1.34352,1.34354,1.34341,1.34367,1.34377,1.34378,1.34366,100
2016-11-16 21:42:00,2016-11-16 21:43:00,1.34352,1.34347,1.34357,1.34339,1.34377,1.3437,1.3438,1.34363,169
2016-11-16 21:43:00,2016-11-16 21:44:00,1.34347,1.3436,1.3436,1.34342,1.3437,1.34384,1.34384,1.34364,358
2016-11-16 21:44:00,2016-11-16 21:45:00,1.3436,1.34395,1.34397,1.34357,1.34384,1.34417,1.34418,1.34382,245
2016-11-16 21:45:00,2016-11-16 21:46:00,1.34395,1.34391,1.344,1.3439,1.34417,1.34416,1.34423,1.34415,381
2016-11-16 21:46:00,2016-11-16 21:47:00,1.34391,1.34392,1.34399,1.3439,1.34416,1.34418,1.34424,1.34415,218
2016-11-16 21:47:00,2016-11-16 21:48:00,1.34392,1.34402,1.34408,1.34389,1.34418,1.3443,1.34433,1.34417,145
2016-11-16 21:48:00,2016-11-16 21:49:00,1.34402,1.34428,1.34432,1.344,1.3443,1.34453,1.34456,1.34429,175
2016-11-16 21:49:00,2016-11-16 21:50:00,1.34428,1.34438,1.34438,1.34419,1.34453,1.34472,1.34472,1.34446,186
2016-11-16 21:50:00,2016-11-16 21:51:00,1.34438,1.34447,1.34459,1.34438,1.34472,1.34467,1.34484,1.34461,678
2016-11-16 21:51:00,2016-11-16 21:52:00,1.34447,1.34432,1.34451,1.3443,1.34467,1.34456,1.34474,1.34453,234
2016-11-16 21:52:00,2016-11-16 21:53:00,1.34432,1.34453,1.34455,1.34432,1.34456,1.34474,1.34484,1.34456,128
2016-11-16 21:53:00,2016-11-16 21:54:00,1.34453,1.34457,1.34471,1.34439,1.34474,1.34484,1.34497,1.34463,446
2016-11-16 21:54:00,2016-11-16 21:55:00,1.34457,1.34451,1.34463,1.34433,1.34484,1.34473,1.3449,1.34461,333
2016-11-16 21:55:00,2016-11-16 21:56:00,1.34451,1.34451,1.34463,1.34449,1.34473,1.34473,1.34486,1.3447,193
2016-11-16 21:56:00,2016-11-16 21:57:00,1.34451,1.34465,1.34465,1.34449,1.34473,1.34486,1.34486,1.34471,195
2016-11-16 21:57:00,2016-11-16 21:58:00,1.34465,1.34455,1.34465,1.34443,1.34486,1.34477,1.34486,1.34467,253
2016-11-16 21:58:00,2016-11-16 21:59:00,1.34455,1.34449,1.34469,1.34432,1.34477,1.34473,1.34496,1.34469,296
2016-11-16 21:59:00,2016-11-16 22:00:00,1.34449,1.34431,1.34462,1.34431,1.34473,1.34484,1.34491,1.34473,21
2016-11-16 22:00:00,2016-11-16 22:01:00,1.34431,1.34457,1.34458,1.34429,1.34484,1.34486,1.34486,1.34484,10
2016-11-16 22:01:00,2016-11-16 22:02:00,1.34457,1.34437,1.3446,1.34436,1.34486,1.34462,1.34482,1.34462,21
2016-11-16 22:02:00,2016-11-16 22:03:00,1.34437,1.34379,1.34439,1.34363,1.34462,1.34439,1.34468,1.3442,52
2016-11-16 22:03:00,2016-11-16 22:04:00,1.34379,1.34358,1.34383,1.34358,1.34439,1.34432,1.34441,1.34402,20
2016-11-16 22:04:00,2016-11-16 22:05:00,1.34358,1.34382,1.34386,1.34369,1.34432,1.34434,1.34436,1.34427,8
2016-11-16 22:05:00,2016-11-16 22:06:00,1.34382,1.34379,1.34382,1.34379,1.34434,1.34435,1.34435,1.34434,4
2016-11-16 22:06:00,2016-11-16 22:07:00,1.34379,1.34372,1.34376,1.34371,1.34435,1.34434,1.3444,1.34431,9
2016-11-16 22:07:00,2016-11-16 22:08:00,1.34372,1.34375,1.34376,1.34372,1.34434,1.34444,1.34444,1.34435,9
2016-11-16 22:08:00,2016-11-16 22:09:00,1.34375,1.34381,1.34381,1.34375,1.34444,1.34445,1.34446,1.34433,18
2016-11-16 22:09:00,2016-11-16 22:10:00,1.34381,1.34381,1.34381,1.34381,1.34445,1.34448,1.34449,1.34446,4
2016-11-16 22:10:00,2016-11-16 22:11:00,1.34381,1.34375,1.34393,1.34373,1.34448,1.34433,1.34446,1.34403,35
2016-11-16 22:11:00,2016-11-16 22:12:00,1.34375,1.34381,1.34382,1.34375,1.34433,1.34427,1.34436,1.34415,10
2016-11-16 22:12:00,2016-11-16 22:13:00,1.34381,1.34379,1.34385,1.34375,1.34427,1.34449,1.34449,1.34427,19
2016-11-16 22:13:00,2016-11-16 22:14:00,1.34379,1.34383,1.34383,1.34383,1.34449,1.34453,1.34453,1.34449,7
2016-11-16 22:14:00,2016-11-16 22:15:00,1.34383,1.34411,1.34424,1.34383,1.34453,1.34458,1.34467,1.34439,23
2016-11-16 22:15:00,2016-11-16 22:16:00,1.34411,1.34412,1.34437,1.3441,1.34458,1.34465,1.34466,1.34434,31
2016-11-16 22:16:00,2016-11-16 22:17:00,1.34412,1.34417,1.34447,1.34412,1.34465,1.34443,1.34479,1.34441,21
2016-11-16 22:17:00,2016-11-16 22:18:00,1.34417,1.34405,1.34441,1.34398,1.34443,1.34453,1.34476,1.34443,26
2016-11-16 22:18:00,2016-11-16 22:19:00,1.34405,1.3441,1.34419,1.34402,1.34453,1.34439,1.34451,1.34424,36
2016-11-16 22:19:00,2016-11-16 22:20:00,1.3441,1.34397,1.34415,1.34395,1.34439,1.34426,1.34432,1.34423,34
2016-11-16 22:20:00,2016-11-16 22:21:00,1.34397,1.34387,1.34398,1.34386,1.34426,1.34425,1.34438,1.34423,18
2016-11-16 22:21:00,2016-11-16 22:22:00,1.34387,1.34388,1.34388,1.34388,1.34425,1.34424,1.34425,1.34424,2
2016-11-16 22:22:00,2016-11-16 22:23:00,1.34388,1.34383,1.34393,1.34371,1.34424,1.3441,1.34429,1.34403,24
2016-11-16 22:23:00,2016-11-16 22:24:00,1.34383,1.34384,1.34384,1.34384,1.3441,1.3441,1.3441,1.3441,1
2016-11-16 22:24:00,2016-11-16 22:25:00,1.34384,1.34381,1.34384,1.34371,1.3441,1.34408,1.34408,1.34406,7
2016-11-16 22:25:00,2016-11-16 22:26:00,1.34381,1.34383,1.34389,1.34383,1.34408,1.34411,1.34412,1.34408,8
2016-11-16 22:26:00,2016-11-16 22:27:00,1.34383,1.34368,1.34388,1.34368,1.34411,1.34403,1.34417,1.344,33
2016-11-16 22:27:00,2016-11-16 22:28:00,1.34368,1.34368,1.3437,1.34358,1.34403,1.34399,1.34407,1.34397,16
2016-11-16 22:28:00,2016-11-16 22:29:00,1.34368,1.34365,1.34376,1.34365,1.34399,1.34417,1.34421,1.34399,31
2016-11-16 22:29:00,2016-11-16 22:30:00,1.34365,1.34366,1.34366,1.34366,1.34417,1.34412,1.34417,1.34409,5
2016-11-16 22:30:00,2016-11-16 22:31:00,1.34366,1.34363,1.34374,1.34363,1.34412,1.34411,1.34414,1.34407,23
2016-11-16 22:31:00,2016-11-16 22:33:00,1.34363,1.34368,1.34368,1.34363,1.34411,1.34396,1.34412,1.34396,7
2016-11-16 22:33:00,2016-11-16 22:34:00,1.34368,1.34366,1.34366,1.34366,1.34396,1.34405,1.34405,1.34399,4
2016-11-16 22:34:00,2016-11-16 22:35:00,1.34366,1.34364,1.34364,1.34364,1.34405,1.34408,1.34409,1.34405,5
2016-11-16 22:35:00,2016-11-16 22:36:00,1.34364,1.34352,1.34362,1.34349,1.34408,1.34398,1.34412,1.34389,19
2016-11-16 22:36:00,2016-11-16 22:37:00,1.34352,1.34359,1.34359,1.34357,1.34398,1.34396,1.34398,1.34396,3
2016-11-16 22:37:00,2016-11-16 22:38:00,1.34359,1.34355,1.34359,1.34353,1.34396,1.34398,1.34398,1.34393,5
2016-11-16 22:38:00,2016-11-16 22:39:00,1.34355,1.34353,1.34355,1.34351,1.34398,1.34396,1.344,1.34385,22
2016-11-16 22:39:00,2016-11-16 22:40:00,1.34353,1.34353,1.34353,1.34353,1.34396,1.344,1.344,1.34399,2
2016-11-16 22:40:00,2016-11-16 22:41:00,1.34353,1.34354,1.34354,1.34354,1.344,1.344,1.344,1.344,1
2016-11-16 22:41:00,2016-11-16 22:42:00,1.34354,1.34357,1.34357,1.34338,1.344,1.34394,1.34396,1.34376,33
2016-11-16 22:42:00,2016-11-16 22:43:00,1.34357,1.34367,1.34369,1.34356,1.34394,1.34405,1.34405,1.34393,11
2016-11-16 22:43:00,2016-11-16 22:44:00,1.34367,1.34353,1.34368,1.34353,1.34405,1.34399,1.34412,1.34399,20
2016-11-16 22:44:00,2016-11-16 22:45:00,1.34353,1.34334,1.34365,1.3432,1.34399,1.34363,1.34403,1.34358,47
2016-11-16 22:45:00,2016-11-16 22:46:00,1.34334,1.34324,1.34334,1.34304,1.34363,1.34373,1.34373,1.34348,66
2016-11-16 22:46:00,2016-11-16 22:47:00,1.34324,1.34318,1.34324,1.34318,1.34373,1.34368,1.34368,1.34368,4
2016-11-16 22:47:00,2016-11-16 22:48:00,1.34318,1.34315,1.34317,1.34315,1.34368,1.34368,1.34368,1.34367,4
2016-11-16 22:48:00,2016-11-16 22:49:00,1.34315,1.34293,1.34315,1.34293,1.34368,1.34346,1.34357,1.34334,32
2016-11-16 22:49:00,2016-11-16 22:50:00,1.34293,1.34373,1.34375,1.34287,1.34346,1.34404,1.34407,1.34324,105
2016-11-16 22:50:00,2016-11-16 22:51:00,1.34373,1.3434,1.3437,1.34321,1.34404,1.34398,1.34404,1.34375,55
2016-11-16 22:51:00,2016-11-16 22:52:00,1.3434,1.34338,1.34344,1.34338,1.34398,1.34398,1.34398,1.34398,14
2016-11-16 22:52:00,2016-11-16 22:53:00,1.34338,1.34337,1.34343,1.34335,1.34398,1.34398,1.34398,1.34398,12
2016-11-16 22:53:00,2016-11-16 22:54:00,1.34337,1.34336,1.34343,1.34335,1.34398,1.34398,1.34398,1.34398,15
2016-11-16 22:54:00,2016-11-16 22:55:00,1.34336,1.34335,1.34342,1.34333,1.34398,1.34397,1.34398,1.34391,20
2016-11-16 22:55:00,2016-11-16 22:56:00,1.34335,1.34335,1.34337,1.34333,1.34397,1.34397,1.34397,1.34397,7
2016-11-16 22:56:00,2016-11-16 22:57:00,1.34335,1.34335,1.34335,1.34327,1.34397,1.34396,1.34397,1.34392,13
2016-11-16 22:57:00,2016-11-16 22:58:00,1.34335,1.34333,1.34336,1.3433,1.34396,1.34396,1.34396,1.34396,13
2016-11-16 22:58:00,2016-11-16 22:59:00,1.34333,1.34328,1.34336,1.34328,1.34396,1.34387,1.34396,1.34387,15
2016-11-16 22:59:00,2016-11-16 23:00:00,1.34328,1.34339,1.34339,1.34324,1.34387,1.34389,1.34399,1.34382,85
2016-11-16 23:00:00,2016-11-16 23:01:00,1.34339,1.34323,1.3434,1.34322,1.34389,1.34359,1.34389,1.34357,75
2016-11-16 23:01:00,2016-11-16 23:02:00,1.34323,1.34334,1.3435,1.34323,1.34359,1.34384,1.34385,1.34357,231
2016-11-16 23:02:00,2016-11-16 23:03:00,1.34334,1.34336,1.34336,1.34332,1.34384,1.34382,1.34385,1.3438,72
2016-11-16 23:03:00,2016-11-16 23:04:00,1.34336,1.34338,1.3434,1.34332,1.34382,1.34384,1.34386,1.3438,135
2016-11-16 23:04:00,2016-11-16 23:05:00,1.34338,1.34338,1.34346,1.34336,1.34384,1.34388,1.34389,1.34383,73
2016-11-16 23:05:00,2016-11-16 23:06:00,1.34338,1.34334,1.34339,1.34321,1.34388,1.34378,1.34388,1.34362,92
2016-11-16 23:06:00,2016-11-16 23:07:00,1.34334,1.3433,1.34338,1.34327,1.34378,1.34358,1.34378,1.34355,124
2016-11-16 23:07:00,2016-11-16 23:08:00,1.3433,1.34292,1.34331,1.34292,1.34358,1.34332,1.34359,1.3433,391
2016-11-16 23:08:00,2016-11-16 23:09:00,1.34292,1.34322,1.3435,1.34281,1.34332,1.34352,1.34378,1.34321,463
2016-11-16 23:09:00,2016-11-16 23:10:00,1.34322,1.3431,1.34323,1.34292,1.34352,1.34357,1.34358,1.34329,223
2016-11-16 23:10:00,2016-11-16 23:11:00,1.3431,1.343,1.34315,1.34292,1.34357,1.34344,1.34359,1.34337,274
2016-11-16 23:11:00,2016-11-16 23:12:00,1.343,1.34321,1.34331,1.343,1.34344,1.34353,1.34368,1.34334,110
2016-11-16 23:12:00,2016-11-16 23:13:00,1.34321,1.34313,1.34325,1.34309,1.34353,1.34344,1.34361,1.34343,161
2016-11-16 23:13:00,2016-11-16 23:14:00,1.34313,1.34314,1.34325,1.34309,1.34344,1.34349,1.34359,1.34344,52
2016-11-16 23:14:00,2016-11-16 23:15:00,1.34314,1.34304,1.34319,1.343,1.34349,1.34336,1.34349,1.3433,184
2016-11-16 23:15:00,2016-11-16 23:16:00,1.34304,1.34302,1.34312,1.34299,1.34336,1.34337,1.34347,1.34332,87
2016-11-16 23:16:00,2016-11-16 23:17:00,1.34302,1.34301,1.34305,1.343,1.34337,1.34335,1.34339,1.34335,40
2016-11-16 23:17:00,2016-11-16 23:18:00,1.34301,1.34296,1.34308,1.3429,1.34335,1.34332,1.34342,1.34326,110
2016-11-16 23:18:00,2016-11-16 23:19:00,1.34296,1.34285,1.34304,1.34283,1.34332,1.34317,1.34339,1.34314,237
2016-11-16 23:19:00,2016-11-16 23:20:00,1.34285,1.34286,1.34294,1.3428,1.34317,1.34315,1.34325,1.34308,346
2016-11-16 23:20:00,2016-11-16 23:21:00,1.34286,1.34286,1.3429,1.34277,1.34315,1.34308,1.34321,1.34306,185
2016-11-16 23:21:00,2016-11-16 23:22:00,1.34286,1.34277,1.34286,1.34261,1.34308,1.34302,1.34315,1.34295,491
2016-11-16 23:22:00,2016-11-16 23:23:00,1.34277,1.34257,1.34277,1.34244,1.34302,1.34285,1.34304,1.34278,191
2016-11-16 23:23:00,2016-11-16 23:24:00,1.34257,1.34237,1.34258,1.34221,1.34285,1.34269,1.34286,1.34258,126
2016-11-16 23:24:00,2016-11-16 23:25:00,1.34237,1.34219,1.34237,1.34219,1.34269,1.34249,1.34271,1.34249,67
2016-11-16 23:25:00,2016-11-16 23:26:00,1.34219,1.34208,1.3422,1.34204,1.34249,1.34236,1.34251,1.34235,68
2016-11-16 23:26:00,2016-11-16 23:27:00,1.34208,1.34181,1.34209,1.34177,1.34236,1.34207,1.34236,1.34207,162
2016-11-16 23:27:00,2016-11-16 23:28:00,1.34181,1.34191,1.34193,1.34179,1.34207,1.34221,1.34222,1.34207,203
2016-11-16 23:28:00,2016-11-16 23:29:00,1.34191,1.34192,1.34197,1.34185,1.34221,1.3422,1.34225,1.34214,134
2016-11-16 23:29:00,2016-11-16 23:30:00,1.34192,1.3422,1.34227,1.34193,1.3422,1.34252,1.34255,1.3422,172
2016-11-16 23:30:00,2016-11-16 23:31:00,1.3422,1.34215,1.34222,1.34212,1.34252,1.34251,1.34254,1.34245,121
2016-11-16 23:31:00,2016-11-16 23:32:00,1.34215,1.34212,1.34221,1.3421,1.34251,1.34241,1.34253,1.34239,86
2016-11-16 23:32:00,2016-11-16 23:33:00,1.34212,1.34205,1.34216,1.342,1.34241,1.34233,1.34249,1.3423,254
2016-11-16 23:33:00,2016-11-16 23:34:00,1.34205,1.34196,1.34207,1.34195,1.34233,1.34223,1.34235,1.34222,152
2016-11-16 23:34:00,2016-11-16 23:35:00,1.34196,1.34195,1.34201,1.34178,1.34223,1.34226,1.34226,1.34204,269
2016-11-16 23:35:00,2016-11-16 23:36:00,1.34195,1.34195,1.34201,1.34191,1.34226,1.34219,1.34227,1.34219,18
2016-11-16 23:36:00,2016-11-16 23:37:00,1.34195,1.34213,1.34218,1.34188,1.34219,1.34249,1.34251,1.34217,104
2016-11-16 23:37:00,2016-11-16 23:38:00,1.34213,1.34217,1.34224,1.34212,1.34249,1.34252,1.34258,1.3424,157
2016-11-16 23:38:00,2016-11-16 23:39:00,1.34217,1.34215,1.34218,1.34211,1.34252,1.34241,1.34253,1.34238,193
2016-11-16 23:39:00,2016-11-16 23:40:00,1.34215,1.34213,1.34218,1.34213,1.34241,1.3424,1.34244,1.34239,152
2016-11-16 23:40:00,2016-11-16 23:41:00,1.34213,1.34213,1.34214,1.34212,1.3424,1.3424,1.34242,1.34238,75
2016-11-16 23:41:00,2016-11-16 23:42:00,1.34213,1.34213,1.34217,1.34212,1.3424,1.34241,1.34245,1.34238,133
2016-11-16 23:42:00,2016-11-16 23:43:00,1.34213,1.34216,1.34226,1.34212,1.34241,1.34249,1.34257,1.3424,85
2016-11-16 23:43:00,2016-11-16 23:44:00,1.34216,1.34221,1.34228,1.34218,1.34249,1.34253,1.34257,1.34248,72
2016-11-16 23:44:00,2016-11-16 23:45:00,1.34221,1.34225,1.34227,1.34219,1.34253,1.34255,1.34255,1.3425,45
2016-11-16 23:45:00,2016-11-16 23:46:00,1.34225,1.34242,1.34243,1.34225,1.34255,1.34268,1.34269,1.34255,119
2016-11-16 23:46:00,2016-11-16 23:47:00,1.34242,1.34243,1.34252,1.3424,1.34268,1.34275,1.34279,1.34266,114
2016-11-16 23:47:00,2016-11-16 23:48:00,1.34243,1.34249,1.34251,1.34242,1.34275,1.34279,1.34281,1.34275,64
2016-11-16 23:48:00,2016-11-16 23:49:00,1.34249,1.34251,1.34256,1.34247,1.34279,1.34281,1.34282,1.34274,115
2016-11-16 23:49:00,2016-11-16 23:50:00,1.34251,1.3426,1.3426,1.3425,1.34281,1.3429,1.34291,1.3428,61
2016-11-16 23:50:00,2016-11-16 23:51:00,1.3426,1.34267,1.34272,1.34253,1.3429,1.34299,1.34301,1.34282,194
2016-11-16 23:51:00,2016-11-16 23:52:00,1.34267,1.34274,1.34276,1.34267,1.34299,1.343,1.34305,1.34299,64
2016-11-16 23:52:00,2016-11-16 23:53:00,1.34274,1.34267,1.34274,1.34264,1.343,1.34296,1.343,1.34294,79
2016-11-16 23:53:00,2016-11-16 23:54:00,1.34267,1.34256,1.34269,1.34244,1.34296,1.34286,1.34298,1.34272,158
2016-11-16 23:54:00,2016-11-16 23:55:00,1.34256,1.34254,1.34256,1.34248,1.34286,1.34286,1.34288,1.34279,68
2016-11-16 23:55:00,2016-11-16 23:56:00,1.34254,1.34254,1.34256,1.34253,1.34286,1.34286,1.34287,1.34285,19
2016-11-16 23:56:00,2016-11-16 23:57:00,1.34254,1.34257,1.34263,1.34252,1.34286,1.34288,1.34292,1.34281,91
2016-11-16 23:57:00,2016-11-16 23:58:00,1.34257,1.34256,1.34259,1.34249,1.34288,1.34283,1.34291,1.34282,97
2016-11-16 23:58:00,2016-11-16 23:59:00,1.34256,1.34256,1.34264,1.34251,1.34283,1.34289,1.3429,1.3428,305
2016-11-16 23:59:00,2016-11-17 00:00:00,1.34256,1.34269,1.34283,1.34257,1.34289,1.34291,1.34304,1.34289,187
2016-11-17 00:00:00,2016-11-17 00:01:00,1.34269,1.34259,1.34269,1.34239,1.34291,1.3428,1.34292,1.34268,145
2016-11-17 00:01:00,2016-11-17 00:02:00,1.34259,1.34242,1.3426,1.34239,1.3428,1.34271,1.34281,1.34267,199
2016-11-17 00:02:00,2016-11-17 00:03:00,1.34242,1.34253,1.34253,1.34242,1.34271,1.34281,1.34282,1.34271,60
2016-11-17 00:03:00,2016-11-17 00:04:00,1.34253,1.34261,1.34273,1.34251,1.34281,1.3429,1.34298,1.34279,123
2016-11-17 00:04:00,2016-11-17 00:05:00,1.34261,1.34273,1.34274,1.34259,1.3429,1.34298,1.34299,1.34285,77
2016-11-17 00:05:00,2016-11-17 00:06:00,1.34273,1.34276,1.34277,1.34261,1.34298,1.34301,1.34303,1.3429,88
2016-11-17 00:06:00,2016-11-17 00:07:00,1.34276,1.34277,1.34284,1.34275,1.34301,1.34304,1.34307,1.34301,89
2016-11-17 00:07:00,2016-11-17 00:08:00,1.34277,1.34282,1.34283,1.34271,1.34304,1.34307,1.34307,1.34297,256
2016-11-17 00:08:00,2016-11-17 00:09:00,1.34282,1.34297,1.343,1.34276,1.34307,1.34321,1.34325,1.34301,272
2016-11-17 00:09:00,2016-11-17 00:10:00,1.34297,1.34304,1.34314,1.34294,1.34321,1.34331,1.3434,1.34321,354
2016-11-17 00:10:00,2016-11-17 00:11:00,1.34304,1.34304,1.34307,1.34301,1.34331,1.34331,1.34334,1.34326,180
2016-11-17 00:11:00,2016-11-17 00:12:00,1.34304,1.343,1.34304,1.34299,1.34331,1.34325,1.34332,1.34323,71
2016-11-17 00:12:00,2016-11-17 00:13:00,1.343,1.34306,1.34308,1.343,1.34325,1.34328,1.34332,1.34323,53
2016-11-17 00:13:00,2016-11-17 00:14:00,1.34306,1.34304,1.34311,1.34301,1.34328,1.34328,1.34335,1.34326,73
2016-11-17 00:14:00,2016-11-17 00:15:00,1.34304,1.34263,1.34305,1.34263,1.34328,1.34291,1.34329,1.34288,294
2016-11-17 00:15:00,2016-11-17 00:16:00,1.34263,1.34267,1.34273,1.34261,1.34291,1.34293,1.34299,1.34285,238
2016-11-17 00:16:00,2016-11-17 00:17:00,1.34267,1.34267,1.3428,1.34259,1.34293,1.34294,1.34308,1.34286,179
2016-11-17 00:17:00,2016-11-17 00:18:00,1.34267,1.34255,1.34267,1.34251,1.34294,1.34283,1.34294,1.34276,117
2016-11-17 00:18:00,2016-11-17 00:19:00,1.34255,1.34264,1.34266,1.34251,1.34283,1.34292,1.34293,1.34277,132
2016-11-17 00:19:00,2016-11-17 00:20:00,1.34264,1.34265,1.34274,1.34259,1.34292,1.34292,1.34301,1.34288,101
2016-11-17 00:20:00,2016-11-17 00:21:00,1.34265,1.3428,1.34282,1.34258,1.34292,1.34306,1.34309,1.34285,154
2016-11-17 00:21:00,2016-11-17 00:22:00,1.3428,1.34272,1.34283,1.34264,1.34306,1.343,1.3431,1.34291,239
2016-11-17 00:22:00,2016-11-17 00:23:00,1.34272,1.34264,1.34275,1.34264,1.343,1.3429,1.34303,1.3429,332
2016-11-17 00:23:00,2016-11-17 00:24:00,1.34264,1.34267,1.34272,1.34263,1.3429,1.34294,1.34298,1.3429,179
2016-11-17 00:24:00,2016-11-17 00:25:00,1.34267,1.34268,1.3427,1.34263,1.34294,1.34295,1.34297,1.34289,68
2016-11-17 00:25:00,2016-11-17 00:26:00,1.34268,1.34304,1.34312,1.34268,1.34295,1.34331,1.34337,1.34296,224
2016-11-17 00:26:00,2016-11-17 00:27:00,1.34304,1.34313,1.34314,1.34304,1.34331,1.34341,1.34341,1.34329,143
2016-11-17 00:27:00,2016-11-17 00:28:00,1.34313,1.34319,1.34321,1.34313,1.34341,1.34348,1.34351,1.34338,111
2016-11-17 00:28:00,2016-11-17 00:29:00,1.34319,1.34318,1.34328,1.34307,1.34348,1.34356,1.34362,1.34341,239
2016-11-17 00:29:00,2016-11-17 00:30:00,1.34318,1.34288,1.34339,1.34276,1.34356,1.34319,1.34376,1.34305,476
2016-11-17 00:30:00,2016-11-17 00:31:00,1.34288,1.3435,1.34351,1.34278,1.34319,1.34381,1.34386,1.3431,549
2016-11-17 00:31:00,2016-11-17 00:32:00,1.3435,1.34371,1.34379,1.34337,1.34381,1.34401,1.3441,1.34368,509
2016-11-17 00:32:00,2016-11-17 00:33:00,1.34371,1.34377,1.34386,1.34359,1.34401,1.34406,1.34412,1.34389,747
2016-11-17 00:33:00,2016-11-17 00:34:00,1.34377,1.34342,1.34376,1.3434,1.34406,1.34368,1.34406,1.34368,397
2016-11-17 00:34:00,2016-11-17 00:35:00,1.34342,1.3436,1.34365,1.34342,1.34368,1.34386,1.34389,1.34369,164
2016-11-17 00:35:00,2016-11-17 00:36:00,1.3436,1.34355,1.34361,1.34347,1.34386,1.34381,1.34387,1.34374,357
2016-11-17 00:36:00,2016-11-17 00:37:00,1.34355,1.34341,1.34356,1.34336,1.34381,1.34367,1.34382,1.34363,238
2016-11-17 00:37:00,2016-11-17 00:38:00,1.34341,1.34362,1.34365,1.3434,1.34367,1.34391,1.34393,1.34367,314
2016-11-17 00:38:00,2016-11-17 00:39:00,1.34362,1.34363,1.34364,1.3435,1.34391,1.3439,1.34391,1.34378,210
2016-11-17 00:39:00,2016-11-17 00:40:00,1.34363,1.34353,1.34366,1.34345,1.3439,1.3438,1.34394,1.34374,289
2016-11-17 00:40:00,2016-11-17 00:41:00,1.34353,1.34331,1.34351,1.34326,1.3438,1.34358,1.3438,1.34355,182
2016-11-17 00:41:00,2016-11-17 00:42:00,1.34331,1.34314,1.34337,1.34314,1.34358,1.34343,1.34365,1.34341,334
2016-11-17 00:42:00,2016-11-17 00:43:00,1.34314,1.34348,1.34349,1.34315,1.34343,1.34375,1.34375,1.34342,252
2016-11-17 00:43:00,2016-11-17 00:44:00,1.34348,1.3435,1.34353,1.34341,1.34375,1.34375,1.34379,1.34366,335
2016-11-17 00:44:00,2016-11-17 00:45:00,1.3435,1.34363,1.34364,1.34343,1.34375,1.34389,1.34389,1.34368,271
2016-11-17 00:45:00,2016-11-17 00:46:00,1.34363,1.34358,1.34364,1.34357,1.34389,1.34384,1.34389,1.34383,91
2016-11-17 00:46:00,2016-11-17 00:47:00,1.34358,1.3433,1.34358,1.34329,1.34384,1.34357,1.34384,1.34355,283
2016-11-17 00:47:00,2016-11-17 00:48:00,1.3433,1.34325,1.3433,1.34317,1.34357,1.3435,1.34357,1.34343,176
2016-11-17 00:48:00,2016-11-17 00:49:00,1.34325,1.34328,1.34337,1.34324,1.3435,1.34354,1.34363,1.3435,210
2016-11-17 00:49:00,2016-11-17 00:50:00,1.34328,1.34332,1.34336,1.34324,1.34354,1.34358,1.34362,1.34349,303
2016-11-17 00:50:00,2016-11-17 00:51:00,1.34332,1.34344,1.34347,1.34323,1.34358,1.34368,1.34371,1.34346,309
2016-11-17 00:51:00,2016-11-17 00:52:00,1.34344,1.34334,1.34349,1.34331,1.34368,1.3436,1.34373,1.34359,184
2016-11-17 00:52:00,2016-11-17 00:53:00,1.34334,1.34314,1.34333,1.34314,1.3436,1.34342,1.3436,1.34342,95
2016-11-17 00:53:00,2016-11-17 00:54:00,1.34314,1.34317,1.34327,1.3431,1.34342,1.34342,1.34349,1.34336,193
2016-11-17 00:54:00,2016-11-17 00:55:00,1.34317,1.34305,1.34319,1.34299,1.34342,1.34331,1.34343,1.34324,268
2016-11-17 00:55:00,2016-11-17 00:56:00,1.34305,1.3431,1.3431,1.34298,1.34331,1.34338,1.34338,1.34324,194
2016-11-17 00:56:00,2016-11-17 00:57:00,1.3431,1.34308,1.34316,1.34299,1.34338,1.34336,1.34344,1.34326,153
2016-11-17 00:57:00,2016-11-17 00:58:00,1.34308,1.34314,1.34318,1.34306,1.34336,1.34343,1.34346,1.34335,192
2016-11-17 00:58:00,2016-11-17 00:59:00,1.34314,1.34324,1.34326,1.34295,1.34343,1.34349,1.34351,1.3432,751
2016-11-17 00:59:00,2016-11-17 01:00:00,1.34324,1.34329,1.34338,1.34318,1.34349,1.34358,1.34365,1.34344,581
2016-11-17 01:00:00,2016-11-17 01:01:00,1.34329,1.34321,1.34329,1.34312,1.34358,1.34349,1.34357,1.34336,229
2016-11-17 01:01:00,2016-11-17 01:02:00,1.34321,1.34316,1.34332,1.34312,1.34349,1.34336,1.34359,1.34335,278
2016-11-17 01:02:00,2016-11-17 01:03:00,1.34316,1.34315,1.34325,1.3431,1.34336,1.34341,1.3435,1.34333,229
2016-11-17 01:03:00,2016-11-17 01:04:00,1.34315,1.34302,1.34318,1.343,1.34341,1.34324,1.3434,1.34321,327
2016-11-17 01:04:00,2016-11-17 01:05:00,1.34302,1.34293,1.34305,1.34269,1.34324,1.34318,1.34329,1.3429,484
2016-11-17 01:05:00,2016-11-17 01:06:00,1.34293,1.34314,1.34319,1.34284,1.34318,1.34342,1.34346,1.3431,679
2016-11-17 01:06:00,2016-11-17 01:07:00,1.34314,1.3431,1.3432,1.34306,1.34342,1.34339,1.34348,1.34332,545
2016-11-17 01:07:00,2016-11-17 01:08:00,1.3431,1.34321,1.34329,1.34311,1.34339,1.34349,1.34356,1.34339,293
2016-11-17 01:08:00,2016-11-17 01:09:00,1.34321,1.34323,1.3433,1.34302,1.34349,1.34351,1.34358,1.34325,411
2016-11-17 01:09:00,2016-11-17 01:10:00,1.34323,1.34326,1.34335,1.34318,1.34351,1.34353,1.34362,1.34346,520
2016-11-17 01:10:00,2016-11-17 01:11:00,1.34326,1.34343,1.34346,1.34312,1.34353,1.34369,1.34373,1.34335,590
2016-11-17 01:11:00,2016-11-17 01:12:00,1.34343,1.34337,1.34346,1.34331,1.34369,1.34364,1.34372,1.34359,371
2016-11-17 01:12:00,2016-11-17 01:13:00,1.34337,1.34335,1.34337,1.34314,1.34364,1.34362,1.34364,1.34341,404
2016-11-17 01:13:00,2016-11-17 01:14:00,1.34335,1.34326,1.34342,1.34315,1.34362,1.34349,1.34365,1.34342,452
2016-11-17 01:14:00,2016-11-17 01:15:00,1.34326,1.34355,1.34392,1.34324,1.34349,1.34377,1.34415,1.34349,1062
2016-11-17 01:15:00,2016-11-17 01:16:00,1.34355,1.34347,1.34377,1.34347,1.34377,1.34377,1.34401,1.34376,696
2016-11-17 01:16:00,2016-11-17 01:17:00,1.34347,1.34321,1.34354,1.34315,1.34377,1.34345,1.34378,1.34337,408
2016-11-17 01:17:00,2016-11-17 01:18:00,1.34321,1.34352,1.34358,1.34312,1.34345,1.3438,1.34385,1.34341,468
2016-11-17 01:18:00,2016-11-17 01:19:00,1.34352,1.34376,1.34376,1.34344,1.3438,1.34402,1.34402,1.34373,236
2016-11-17 01:19:00,2016-11-17 01:20:00,1.34376,1.34308,1.34384,1.34303,1.34402,1.34332,1.34409,1.34327,350
2016-11-17 01:20:00,2016-11-17 01:21:00,1.34308,1.34327,1.3433,1.34308,1.34332,1.34356,1.34358,1.34332,269
2016-11-17 01:21:00,2016-11-17 01:22:00,1.34327,1.34341,1.34345,1.34325,1.34356,1.34365,1.34371,1.34353,256
2016-11-17 01:22:00,2016-11-17 01:23:00,1.34341,1.34314,1.34345,1.34305,1.34365,1.34338,1.34371,1.34329,273
2016-11-17 01:23:00,2016-11-17 01:24:00,1.34314,1.34294,1.34313,1.34279,1.34338,1.34322,1.34337,1.34306,409
2016-11-17 01:24:00,2016-11-17 01:25:00,1.34294,1.34305,1.34318,1.34285,1.34322,1.34329,1.34345,1.34311,536
2016-11-17 01:25:00,2016-11-17 01:26:00,1.34305,1.34284,1.34312,1.34277,1.34329,1.34312,1.34339,1.343,555
2016-11-17 01:26:00,2016-11-17 01:27:00,1.34284,1.34252,1.34285,1.34251,1.34312,1.34278,1.34312,1.34276,438
2016-11-17 01:27:00,2016-11-17 01:28:00,1.34252,1.34222,1.34254,1.34217,1.34278,1.34247,1.34278,1.34243,345
2016-11-17 01:28:00,2016-11-17 01:29:00,1.34222,1.34248,1.34254,1.34219,1.34247,1.34275,1.34277,1.34245,619
2016-11-17 01:29:00,2016-11-17 01:30:00,1.34248,1.34256,1.34256,1.34247,1.34275,1.34278,1.34278,1.34274,131
2016-11-17 01:30:00,2016-11-17 01:31:00,1.34256,1.34263,1.34274,1.34255,1.34278,1.34291,1.34301,1.34278,235
2016-11-17 01:31:00,2016-11-17 01:32:00,1.34263,1.34243,1.34263,1.34231,1.34291,1.34266,1.3429,1.34254,350
2016-11-17 01:32:00,2016-11-17 01:33:00,1.34243,1.34246,1.34254,1.34236,1.34266,1.34268,1.34276,1.34264,149
2016-11-17 01:33:00,2016-11-17 01:34:00,1.34246,1.34234,1.34257,1.34231,1.34268,1.34261,1.34279,1.34254,349
2016-11-17 01:34:00,2016-11-17 01:35:00,1.34234,1.34254,1.34257,1.34233,1.34261,1.34278,1.34284,1.34259,379
2016-11-17 01:35:00,2016-11-17 01:36:00,1.34254,1.3427,1.34272,1.34251,1.34278,1.34297,1.34297,1.34275,325
2016-11-17 01:36:00,2016-11-17 01:37:00,1.3427,1.34271,1.34271,1.34258,1.34297,1.34298,1.34298,1.34282,161
2016-11-17 01:37:00,2016-11-17 01:38:00,1.34271,1.34287,1.34289,1.34272,1.34298,1.34315,1.34316,1.34299,150
2016-11-17 01:38:00,2016-11-17 01:39:00,1.34287,1.34301,1.34304,1.34279,1.34315,1.34325,1.34327,1.34304,244
2016-11-17 01:39:00,2016-11-17 01:40:00,1.34301,1.34296,1.34304,1.34277,1.34325,1.34324,1.34328,1.34303,388
2016-11-17 01:40:00,2016-11-17 01:41:00,1.34296,1.34287,1.34295,1.34283,1.34324,1.34314,1.34324,1.34311,193
2016-11-17 01:41:00,2016-11-17 01:42:00,1.34287,1.34284,1.34295,1.34277,1.34314,1.34313,1.34322,1.34304,133
2016-11-17 01:42:00,2016-11-17 01:43:00,1.34284,1.34281,1.34286,1.34281,1.34313,1.34309,1.34313,1.34309,37
2016-11-17 01:43:00,2016-11-17 01:44:00,1.34281,1.34271,1.34281,1.34264,1.34309,1.34298,1.34308,1.34291,123
2016-11-17 01:44:00,2016-11-17 01:45:00,1.34271,1.34264,1.34271,1.34254,1.34298,1.34292,1.34298,1.34283,153
2016-11-17 01:45:00,2016-11-17 01:46:00,1.34264,1.34279,1.34281,1.34262,1.34292,1.34308,1.34309,1.3429,117
2016-11-17 01:46:00,2016-11-17 01:47:00,1.34279,1.34279,1.34283,1.34274,1.34308,1.34307,1.3431,1.34302,109
2016-11-17 01:47:00,2016-11-17 01:48:00,1.34279,1.34282,1.34284,1.34275,1.34307,1.3431,1.3431,1.34302,71
2016-11-17 01:48:00,2016-11-17 01:49:00,1.34282,1.34291,1.34291,1.34276,1.3431,1.34315,1.34316,1.34303,145
2016-11-17 01:49:00,2016-11-17 01:50:00,1.34291,1.34284,1.34292,1.34275,1.34315,1.34311,1.34316,1.34303,230
2016-11-17 01:50:00,2016-11-17 01:51:00,1.34284,1.34267,1.34284,1.34261,1.34311,1.34294,1.34312,1.34286,277
2016-11-17 01:51:00,2016-11-17 01:52:00,1.34267,1.34262,1.34268,1.34258,1.34294,1.34288,1.34295,1.34286,68
2016-11-17 01:52:00,2016-11-17 01:53:00,1.34262,1.34264,1.34267,1.34257,1.34288,1.34286,1.34289,1.34284,223
2016-11-17 01:53:00,2016-11-17 01:54:00,1.34264,1.3426,1.34265,1.34257,1.34286,1.34285,1.34287,1.3428,218
2016-11-17 01:54:00,2016-11-17 01:55:00,1.3426,1.34275,1.34275,1.34253,1.34285,1.34297,1.34297,1.34275,229
2016-11-17 01:55:00,2016-11-17 01:56:00,1.34275,1.34279,1.34281,1.34271,1.34297,1.34305,1.34306,1.34292,179
2016-11-17 01:56:00,2016-11-17 01:57:00,1.34279,1.34278,1.34285,1.34276,1.34305,1.34302,1.34311,1.34301,141
2016-11-17 01:57:00,2016-11-17 01:58:00,1.34278,1.34275,1.3428,1.34274,1.34302,1.34297,1.34305,1.34295,124
2016-11-17 01:58:00,2016-11-17 01:59:00,1.34275,1.3426,1.34275,1.34253,1.34297,1.34286,1.34297,1.34278,145
2016-11-17 01:59:00,2016-11-17 02:00:00,1.3426,1.34278,1.34298,1.34259,1.34286,1.34305,1.34324,1.34286,321
2016-11-17 02:00:00,2016-11-17 02:01:00,1.34278,1.3428,1.34282,1.34276,1.34305,1.34305,1.34307,1.34303,122
2016-11-17 02:01:00,2016-11-17 02:02:00,1.3428,1.34299,1.34302,1.34278,1.34305,1.34323,1.34327,1.34304,177
2016-11-17 02:02:00,2016-11-17 02:03:00,1.34299,1.34335,1.34335,1.34298,1.34323,1.34357,1.34358,1.34322,231
2016-11-17 02:03:00,2016-11-17 02:04:00,1.34335,1.34331,1.34341,1.34319,1.34357,1.34359,1.34367,1.34348,166
2016-11-17 02:04:00,2016-11-17 02:05:00,1.34331,1.34319,1.34331,1.34309,1.34359,1.34348,1.34357,1.34333,174
2016-11-17 02:05:00,2016-11-17 02:06:00,1.34319,1.34331,1.34342,1.34305,1.34348,1.34359,1.34368,1.34334,210
2016-11-17 02:06:00,2016-11-17 02:07:00,1.34331,1.34349,1.34354,1.3433,1.34359,1.34375,1.34377,1.34358,198
2016-11-17 02:07:00,2016-11-17 02:08:00,1.34349,1.34337,1.34349,1.34334,1.34375,1.34365,1.34376,1.34361,99
2016-11-17 02:08:00,2016-11-17 02:09:00,1.34337,1.34329,1.34337,1.34329,1.34365,1.34356,1.34365,1.34356,48
2016-11-17 02:09:00,2016-11-17 02:10:00,1.34329,1.34331,1.34334,1.34324,1.34356,1.34357,1.34362,1.34353,81
2016-11-17 02:10:00,2016-11-17 02:11:00,1.34331,1.34341,1.34348,1.34329,1.34357,1.34367,1.34373,1.34357,105
2016-11-17 02:11:00,2016-11-17 02:12:00,1.34341,1.34348,1.34356,1.34338,1.34367,1.34377,1.3438,1.34367,98
2016-11-17 02:12:00,2016-11-17 02:13:00,1.34348,1.34336,1.3435,1.34335,1.34377,1.34365,1.34377,1.34364,132
2016-11-17 02:13:00,2016-11-17 02:14:00,1.34336,1.34343,1.34347,1.34336,1.34365,1.3437,1.34374,1.34362,84
2016-11-17 02:14:00,2016-11-17 02:15:00,1.34343,1.34338,1.34343,1.34322,1.3437,1.34366,1.3437,1.34349,148
2016-11-17 02:15:00,2016-11-17 02:16:00,1.34338,1.34344,1.34349,1.34338,1.34366,1.34367,1.34374,1.34365,149
2016-11-17 02:16:00,2016-11-17 02:17:00,1.34344,1.34344,1.34346,1.34338,1.34367,1.34371,1.34372,1.34365,147
2016-11-17 02:17:00,2016-11-17 02:18:00,1.34344,1.34338,1.3435,1.34331,1.34371,1.34367,1.34375,1.34359,244
2016-11-17 02:18:00,2016-11-17 02:19:00,1.34338,1.34337,1.34346,1.3433,1.34367,1.34364,1.34373,1.34357,114
2016-11-17 02:19:00,2016-11-17 02:20:00,1.34337,1.34331,1.34347,1.34331,1.34364,1.34359,1.34374,1.34357,109
2016-11-17 02:20:00,2016-11-17 02:21:00,1.34331,1.34328,1.34333,1.34314,1.34359,1.34355,1.34359,1.34341,78
2016-11-17 02:21:00,2016-11-17 02:22:00,1.34328,1.3432,1.3433,1.34317,1.34355,1.34342,1.34356,1.34337,74
2016-11-17 02:22:00,2016-11-17 02:23:00,1.3432,1.3433,1.3433,1.34316,1.34342,1.34356,1.34356,1.34342,56
2016-11-17 02:23:00,2016-11-17 02:24:00,1.3433,1.34322,1.34332,1.34322,1.34356,1.34347,1.34358,1.34345,72
2016-11-17 02:24:00,2016-11-17 02:25:00,1.34322,1.34317,1.3433,1.34316,1.34347,1.34342,1.34355,1.34342,55
2016-11-17 02:25:00,2016-11-17 02:26:00,1.34317,1.34319,1.34328,1.34313,1.34342,1.34345,1.34352,1.34335,89
2016-11-17 02:26:00,2016-11-17 02:27:00,1.34319,1.34321,1.34328,1.34318,1.34345,1.34345,1.34353,1.34343,41
2016-11-17 02:27:00,2016-11-17 02:28:00,1.34321,1.34323,1.34328,1.34318,1.34345,1.34346,1.34354,1.34344,119
2016-11-17 02:28:00,2016-11-17 02:29:00,1.34323,1.3432,1.34328,1.34316,1.34346,1.34346,1.34354,1.34337,165
2016-11-17 02:29:00,2016-11-17 02:30:00,1.3432,1.34328,1.34328,1.34319,1.34346,1.34351,1.34352,1.34343,112
2016-11-17 02:30:00,2016-11-17 02:31:00,1.34328,1.34323,1.34328,1.34319,1.34351,1.34347,1.34353,1.34345,113
2016-11-17 02:31:00,2016-11-17 02:32:00,1.34323,1.34327,1.34331,1.34317,1.34347,1.34353,1.34357,1.34344,89
2016-11-17 02:32:00,2016-11-17 02:33:00,1.34327,1.34334,1.34336,1.34326,1.34353,1.34356,1.3436,1.34352,87
2016-11-17 02:33:00,2016-11-17 02:34:00,1.34334,1.34328,1.34335,1.34325,1.34356,1.34355,1.3436,1.3435,68
2016-11-17 02:34:00,2016-11-17 02:35:00,1.34328,1.34326,1.34329,1.34317,1.34355,1.34348,1.34354,1.34341,112
2016-11-17 02:35:00,2016-11-17 02:36:00,1.34326,1.3432,1.34329,1.3431,1.34348,1.34345,1.34353,1.34334,264
2016-11-17 02:36:00,2016-11-17 02:37:00,1.3432,1.34326,1.34327,1.34314,1.34345,1.34347,1.34353,1.34342,86
2016-11-17 02:37:00,2016-11-17 02:38:00,1.34326,1.34322,1.34326,1.34313,1.34347,1.34344,1.34346,1.34337,56
2016-11-17 02:38:00,2016-11-17 02:39:00,1.34322,1.3431,1.34325,1.34309,1.34344,1.34333,1.3435,1.34333,104
2016-11-17 02:39:00,2016-11-17 02:40:00,1.3431,1.34315,1.34319,1.3431,1.34333,1.34343,1.34346,1.34333,96
2016-11-17 02:40:00,2016-11-17 02:41:00,1.34315,1.34317,1.34327,1.34311,1.34343,1.34346,1.34354,1.34336,132
2016-11-17 02:41:00,2016-11-17 02:42:00,1.34317,1.34307,1.34318,1.34306,1.34346,1.34332,1.34345,1.34332,87
2016-11-17 02:42:00,2016-11-17 02:43:00,1.34307,1.34286,1.34311,1.34285,1.34332,1.34308,1.34334,1.34308,171
2016-11-17 02:43:00,2016-11-17 02:44:00,1.34286,1.343,1.34301,1.34281,1.34308,1.34322,1.34326,1.34308,151
2016-11-17 02:44:00,2016-11-17 02:45:00,1.343,1.34292,1.34301,1.34285,1.34322,1.34317,1.34326,1.34308,157
2016-11-17 02:45:00,2016-11-17 02:46:00,1.34292,1.34302,1.34303,1.34291,1.34317,1.34326,1.34328,1.34317,85
2016-11-17 02:46:00,2016-11-17 02:47:00,1.34302,1.34302,1.34303,1.34291,1.34326,1.34326,1.34327,1.34315,182
2016-11-17 02:47:00,2016-11-17 02:48:00,1.34302,1.343,1.343,1.3429,1.34326,1.34325,1.34326,1.34317,106
2016-11-17 02:48:00,2016-11-17 02:49:00,1.343,1.34291,1.34307,1.3429,1.34325,1.34317,1.34332,1.34317,217
2016-11-17 02:49:00,2016-11-17 02:50:00,1.34291,1.34295,1.34301,1.3429,1.34317,1.34322,1.34327,1.34314,111
2016-11-17 02:50:00,2016-11-17 02:51:00,1.34295,1.34303,1.34304,1.34286,1.34322,1.34329,1.34329,1.34309,173
2016-11-17 02:51:00,2016-11-17 02:52:00,1.34303,1.34282,1.34316,1.34281,1.34329,1.34306,1.34341,1.34305,465
2016-11-17 02:52:00,2016-11-17 02:53:00,1.34282,1.34282,1.34296,1.3428,1.34306,1.34307,1.3432,1.34304,274
2016-11-17 02:53:00,2016-11-17 02:54:00,1.34282,1.34281,1.3429,1.34281,1.34307,1.34307,1.34312,1.34305,126
2016-11-17 02:54:00,2016-11-17 02:55:00,1.34281,1.34279,1.34292,1.34279,1.34307,1.34305,1.34314,1.34304,67
2016-11-17 02:55:00,2016-11-17 02:56:00,1.34279,1.34278,1.34284,1.34277,1.34305,1.34303,1.3431,1.34301,90
2016-11-17 02:56:00,2016-11-17 02:57:00,1.34278,1.34292,1.34295,1.34277,1.34303,1.34318,1.34319,1.34302,371
2016-11-17 02:57:00,2016-11-17 02:58:00,1.34292,1.34293,1.34296,1.34288,1.34318,1.34319,1.34321,1.34308,174
2016-11-17 02:58:00,2016-11-17 02:59:00,1.34293,1.34292,1.34299,1.34287,1.34319,1.34318,1.34325,1.34311,471
2016-11-17 02:59:00,2016-11-17 03:00:00,1.34292,1.34291,1.34295,1.34288,1.34318,1.34318,1.3432,1.34314,143
2016-11-17 03:00:00,2016-11-17 03:01:00,1.34291,1.34294,1.34294,1.34289,1.34318,1.34319,1.34319,1.34315,88
2016-11-17 03:01:00,2016-11-17 03:02:00,1.34294,1.34288,1.34302,1.34287,1.34319,1.34312,1.34325,1.34312,147
2016-11-17 03:02:00,2016-11-17 03:03:00,1.34288,1.34293,1.34295,1.34287,1.34312,1.34319,1.3432,1.34311,189
2016-11-17 03:03:00,2016-11-17 03:04:00,1.34293,1.34293,1.343,1.34289,1.34319,1.34319,1.34325,1.34314,134
2016-11-17 03:04:00,2016-11-17 03:05:00,1.34293,1.34293,1.343,1.34291,1.34319,1.34319,1.34324,1.34315,67
2016-11-17 03:05:00,2016-11-17 03:06:00,1.34293,1.34291,1.34293,1.3429,1.34319,1.34316,1.34319,1.34314,64
2016-11-17 03:06:00,2016-11-17 03:07:00,1.34291,1.34292,1.34293,1.34286,1.34316,1.34318,1.34318,1.34311,54
2016-11-17 03:07:00,2016-11-17 03:08:00,1.34292,1.34293,1.34294,1.34288,1.34318,1.34319,1.34319,1.34314,56
2016-11-17 03:08:00,2016-11-17 03:09:00,1.34293,1.34289,1.34295,1.34288,1.34319,1.34315,1.34319,1.34314,44
2016-11-17 03:09:00,2016-11-17 03:10:00,1.34289,1.34274,1.34304,1.34268,1.34315,1.34292,1.34325,1.34291,278
2016-11-17 03:10:00,2016-11-17 03:11:00,1.34274,1.34272,1.34282,1.34268,1.34292,1.34298,1.34305,1.34291,113
2016-11-17 03:11:00,2016-11-17 03:12:00,1.34272,1.34294,1.34294,1.34271,1.34298,1.34318,1.34319,1.34298,162
2016-11-17 03:12:00,2016-11-17 03:13:00,1.34294,1.3429,1.34298,1.34288,1.34318,1.34315,1.34321,1.34315,80
2016-11-17 03:13:00,2016-11-17 03:14:00,1.3429,1.34281,1.34291,1.34279,1.34315,1.34308,1.34316,1.34307,68
2016-11-17 03:14:00,2016-11-17 03:15:00,1.34281,1.34292,1.34295,1.34277,1.34308,1.34314,1.34317,1.34304,154
2016-11-17 03:15:00,2016-11-17 03:16:00,1.34292,1.34296,1.34301,1.34286,1.34314,1.34322,1.34325,1.34314,187
2016-11-17 03:16:00,2016-11-17 03:17:00,1.34296,1.343,1.34303,1.34291,1.34322,1.34325,1.34325,1.34318,181
2016-11-17 03:17:00,2016-11-17 03:18:00,1.343,1.34284,1.34301,1.34284,1.34325,1.34312,1.34325,1.34312,82
2016-11-17 03:18:00,2016-11-17 03:19:00,1.34284,1.34297,1.34298,1.34284,1.34312,1.34324,1.34324,1.34313,136
2016-11-17 03:19:00,2016-11-17 03:20:00,1.34297,1.34299,1.34304,1.34292,1.34324,1.34325,1.34325,1.34318,158
2016-11-17 03:20:00,2016-11-17 03:21:00,1.34299,1.343,1.34302,1.34298,1.34325,1.34325,1.34325,1.34324,42
2016-11-17 03:21:00,2016-11-17 03:22:00,1.343,1.343,1.34301,1.34293,1.34325,1.34325,1.34325,1.34319,52
2016-11-17 03:22:00,2016-11-17 03:23:00,1.343,1.34293,1.343,1.34293,1.34325,1.3432,1.34325,1.34318,110
2016-11-17 03:23:00,2016-11-17 03:24:00,1.34293,1.34294,1.34301,1.34293,1.3432,1.34321,1.34325,1.34317,146
2016-11-17 03:24:00,2016-11-17 03:25:00,1.34294,1.34293,1.34303,1.34286,1.34321,1.34319,1.34325,1.34313,156
2016-11-17 03:25:00,2016-11-17 03:26:00,1.34293,1.34294,1.34301,1.34285,1.34319,1.3432,1.34325,1.34313,301
2016-11-17 03:26:00,2016-11-17 03:27:00,1.34294,1.343,1.343,1.34291,1.3432,1.34325,1.34325,1.34317,358
2016-11-17 03:27:00,2016-11-17 03:28:00,1.343,1.34304,1.34306,1.34291,1.34325,1.34328,1.34331,1.34316,311
2016-11-17 03:28:00,2016-11-17 03:29:00,1.34304,1.34302,1.34304,1.34299,1.34328,1.34329,1.34329,1.34326,112
2016-11-17 03:29:00,2016-11-17 03:30:00,1.34302,1.34297,1.34303,1.34289,1.34329,1.34323,1.34329,1.34313,353
2016-11-17 03:30:00,2016-11-17 03:31:00,1.34297,1.34304,1.34306,1.34287,1.34323,1.34328,1.34331,1.34312,635
2016-11-17 03:31:00,2016-11-17 03:32:00,1.34304,1.34305,1.34312,1.343,1.34328,1.3433,1.34335,1.34326,575
2016-11-17 03:32:00,2016-11-17 03:33:00,1.34305,1.34312,1.34312,1.34301,1.3433,1.34335,1.34335,1.34327,229
2016-11-17 03:33:00,2016-11-17 03:34:00,1.34312,1.34302,1.34312,1.34301,1.34335,1.34327,1.34336,1.34325,216
2016-11-17 03:34:00,2016-11-17 03:35:00,1.34302,1.343,1.34309,1.34298,1.34327,1.34323,1.34334,1.34321,327
2016-11-17 03:35:00,2016-11-17 03:36:00,1.343,1.34303,1.3431,1.34299,1.34323,1.34327,1.34335,1.34322,359
2016-11-17 03:36:00,2016-11-17 03:37:00,1.34303,1.34298,1.34311,1.34298,1.34327,1.34324,1.34335,1.34324,624
2016-11-17 03:37:00,2016-11-17 03:38:00,1.34298,1.343,1.34306,1.34289,1.34324,1.34326,1.34332,1.34315,596
2016-11-17 03:38:00,2016-11-17 03:39:00,1.343,1.34299,1.34314,1.34298,1.34326,1.34325,1.34335,1.34324,994
2016-11-17 03:39:00,2016-11-17 03:40:00,1.34299,1.34308,1.34308,1.34299,1.34325,1.34332,1.34334,1.34322,304
2016-11-17 03:40:00,2016-11-17 03:41:00,1.34308,1.34303,1.34309,1.34295,1.34332,1.34328,1.34334,1.34321,357
2016-11-17 03:41:00,2016-11-17 03:42:00,1.34303,1.34308,1.34311,1.343,1.34328,1.34334,1.34336,1.34325,138
2016-11-17 03:42:00,2016-11-17 03:43:00,1.34308,1.3431,1.34311,1.34302,1.34334,1.34336,1.34338,1.34327,388
2016-11-17 03:43:00,2016-11-17 03:44:00,1.3431,1.34316,1.34317,1.3431,1.34336,1.34341,1.34342,1.34336,121
2016-11-17 03:44:00,2016-11-17 03:45:00,1.34316,1.34319,1.34324,1.34316,1.34341,1.34345,1.34349,1.34342,106
2016-11-17 03:45:00,2016-11-17 03:46:00,1.34319,1.34336,1.34336,1.34317,1.34345,1.34361,1.34363,1.34343,169
2016-11-17 03:46:00,2016-11-17 03:47:00,1.34336,1.34352,1.34362,1.34334,1.34361,1.3438,1.34388,1.34361,173
2016-11-17 03:47:00,2016-11-17 03:48:00,1.34352,1.34356,1.34362,1.34345,1.3438,1.34385,1.34389,1.34373,98
2016-11-17 03:48:00,2016-11-17 03:49:00,1.34356,1.34353,1.34361,1.34346,1.34385,1.34381,1.34388,1.34374,138
2016-11-17 03:49:00,2016-11-17 03:50:00,1.34353,1.34364,1.34373,1.34352,1.34381,1.34389,1.34398,1.34379,108
2016-11-17 03:50:00,2016-11-17 03:51:00,1.34364,1.34376,1.34378,1.34364,1.34389,1.34403,1.34405,1.34389,74
2016-11-17 03:51:00,2016-11-17 03:52:00,1.34376,1.34365,1.34382,1.34364,1.34403,1.34392,1.3441,1.34387,118
2016-11-17 03:52:00,2016-11-17 03:53:00,1.34365,1.34377,1.34378,1.34365,1.34392,1.34403,1.34405,1.34384,185
2016-11-17 03:53:00,2016-11-17 03:54:00,1.34377,1.34375,1.34377,1.34373,1.34403,1.34403,1.34406,1.34402,39
2016-11-17 03:54:00,2016-11-17 03:55:00,1.34375,1.34372,1.34384,1.34372,1.34403,1.344,1.34411,1.34399,122
2016-11-17 03:55:00,2016-11-17 03:56:00,1.34372,1.34376,1.34381,1.34373,1.344,1.34403,1.34405,1.344,63
2016-11-17 03:56:00,2016-11-17 03:57:00,1.34376,1.34374,1.34377,1.34373,1.34403,1.34401,1.34403,1.34398,41
2016-11-17 03:57:00,2016-11-17 03:58:00,1.34374,1.34376,1.34378,1.34374,1.34401,1.34403,1.34404,1.34401,65
2016-11-17 03:58:00,2016-11-17 03:59:00,1.34376,1.34388,1.34389,1.34376,1.34403,1.34414,1.34415,1.34402,63
2016-11-17 03:59:00,2016-11-17 04:00:00,1.34388,1.34389,1.34396,1.34387,1.34414,1.34416,1.3442,1.34414,72
2016-11-17 04:00:00,2016-11-17 04:01:00,1.34389,1.34387,1.3439,1.34386,1.34416,1.34413,1.34416,1.34411,23
2016-11-17 04:01:00,2016-11-17 04:02:00,1.34387,1.34387,1.34393,1.34383,1.34413,1.34409,1.34417,1.34406,105
2016-11-17 04:02:00,2016-11-17 04:03:00,1.34387,1.34383,1.34388,1.34382,1.34409,1.34406,1.34409,1.34403,73
2016-11-17 04:03:00,2016-11-17 04:04:00,1.34383,1.34383,1.34385,1.34381,1.34406,1.34405,1.34408,1.34401,71
2016-11-17 04:04:00,2016-11-17 04:05:00,1.34383,1.34382,1.34385,1.34379,1.34405,1.34406,1.34408,1.34403,51
2016-11-17 04:05:00,2016-11-17 04:06:00,1.34382,1.34384,1.34385,1.34374,1.34406,1.34408,1.34408,1.344,99
2016-11-17 04:06:00,2016-11-17 04:07:00,1.34384,1.34384,1.34385,1.34384,1.34408,1.34409,1.34409,1.34408,9
2016-11-17 04:07:00,2016-11-17 04:08:00,1.34384,1.34386,1.34386,1.34382,1.34409,1.34409,1.3441,1.34404,26
2016-11-17 04:08:00,2016-11-17 04:09:00,1.34386,1.34392,1.34393,1.34383,1.34409,1.34416,1.34418,1.34409,59
2016-11-17 04:09:00,2016-11-17 04:10:00,1.34392,1.34394,1.34396,1.34385,1.34416,1.34419,1.34421,1.34411,53
2016-11-17 04:10:00,2016-11-17 04:11:00,1.34394,1.34387,1.34395,1.34383,1.34419,1.34414,1.34419,1.3441,63
2016-11-17 04:11:00,2016-11-17 04:12:00,1.34387,1.34392,1.34396,1.34384,1.34414,1.34413,1.34417,1.34412,29
2016-11-17 04:12:00,2016-11-17 04:13:00,1.34392,1.34385,1.34392,1.34383,1.34413,1.34412,1.34414,1.34407,53
2016-11-17 04:13:00,2016-11-17 04:14:00,1.34385,1.34382,1.34385,1.34382,1.34412,1.34407,1.34411,1.34405,37
2016-11-17 04:14:00,2016-11-17 04:15:00,1.34382,1.34386,1.34389,1.34382,1.34407,1.34412,1.34415,1.34407,30
2016-11-17 04:15:00,2016-11-17 04:16:00,1.34386,1.34381,1.34385,1.3438,1.34412,1.34405,1.34412,1.34403,63
2016-11-17 04:16:00,2016-11-17 04:17:00,1.34381,1.34369,1.34383,1.34367,1.34405,1.34394,1.34408,1.34391,108
2016-11-17 04:17:00,2016-11-17 04:18:00,1.34369,1.34375,1.34377,1.3437,1.34394,1.344,1.34403,1.34394,183
2016-11-17 04:18:00,2016-11-17 04:19:00,1.34375,1.34372,1.34376,1.34372,1.344,1.34395,1.34402,1.34393,124
2016-11-17 04:19:00,2016-11-17 04:20:00,1.34372,1.34365,1.34373,1.34364,1.34395,1.3439,1.34397,1.34388,132
2016-11-17 04:20:00,2016-11-17 04:21:00,1.34365,1.3437,1.34371,1.34362,1.3439,1.34394,1.34395,1.34386,118
2016-11-17 04:21:00,2016-11-17 04:22:00,1.3437,1.34363,1.34371,1.34363,1.34394,1.34386,1.34395,1.34386,177
2016-11-17 04:22:00,2016-11-17 04:23:00,1.34363,1.34364,1.34371,1.34362,1.34386,1.34388,1.34396,1.34386,121
2016-11-17 04:23:00,2016-11-17 04:24:00,1.34364,1.34363,1.34365,1.34361,1.34388,1.34387,1.34389,1.34385,89
2016-11-17 04:24:00,2016-11-17 04:25:00,1.34363,1.3437,1.3437,1.34361,1.34387,1.34395,1.34396,1.34386,55
2016-11-17 04:25:00,2016-11-17 04:26:00,1.3437,1.34361,1.34371,1.34355,1.34395,1.34386,1.34396,1.34381,166
2016-11-17 04:26:00,2016-11-17 04:27:00,1.34361,1.34341,1.34361,1.34336,1.34386,1.34368,1.34387,1.34363,189
2016-11-17 04:27:00,2016-11-17 04:28:00,1.34341,1.34343,1.34345,1.34337,1.34368,1.34369,1.34371,1.34364,179
2016-11-17 04:28:00,2016-11-17 04:29:00,1.34343,1.34333,1.34345,1.34331,1.34369,1.34358,1.34372,1.34357,295
2016-11-17 04:29:00,2016-11-17 04:30:00,1.34333,1.34334,1.34337,1.34333,1.34358,1.3436,1.34364,1.34358,48
2016-11-17 04:30:00,2016-11-17 04:31:00,1.34334,1.34322,1.34335,1.34322,1.3436,1.34349,1.3436,1.34349,67
2016-11-17 04:31:00,2016-11-17 04:32:00,1.34322,1.34305,1.34325,1.34305,1.34349,1.34331,1.34351,1.34331,189
2016-11-17 04:32:00,2016-11-17 04:33:00,1.34305,1.34316,1.34319,1.34305,1.34331,1.34341,1.34345,1.34332,232
2016-11-17 04:33:00,2016-11-17 04:34:00,1.34316,1.34323,1.34325,1.34314,1.34341,1.34348,1.3435,1.34338,175
2016-11-17 04:34:00,2016-11-17 04:35:00,1.34323,1.34329,1.34329,1.34316,1.34348,1.34353,1.34354,1.34341,155
2016-11-17 04:35:00,2016-11-17 04:36:00,1.34329,1.34329,1.34331,1.34316,1.34353,1.34353,1.34356,1.34341,217
2016-11-17 04:36:00,2016-11-17 04:37:00,1.34329,1.34338,1.3434,1.34326,1.34353,1.34366,1.34367,1.34352,255
2016-11-17 04:37:00,2016-11-17 04:38:00,1.34338,1.34333,1.3434,1.3433,1.34366,1.3436,1.34366,1.34357,131
2016-11-17 04:38:00,2016-11-17 04:39:00,1.34333,1.34334,1.34335,1.34332,1.3436,1.3436,1.34361,1.34358,42
2016-11-17 04:39:00,2016-11-17 04:40:00,1.34334,1.34342,1.34345,1.34333,1.3436,1.34367,1.3437,1.3436,101
2016-11-17 04:40:00,2016-11-17 04:41:00,1.34342,1.3434,1.34345,1.34339,1.34367,1.34367,1.3437,1.34366,58
2016-11-17 04:41:00,2016-11-17 04:42:00,1.3434,1.3434,1.34342,1.34335,1.34367,1.34367,1.34368,1.34363,49
2016-11-17 04:42:00,2016-11-17 04:43:00,1.3434,1.34343,1.34344,1.34339,1.34367,1.34369,1.34369,1.34365,47
2016-11-17 04:43:00,2016-11-17 04:44:00,1.34343,1.3434,1.3435,1.34339,1.34369,1.34367,1.34375,1.34365,60
2016-11-17 04:44:00,2016-11-17 04:45:00,1.3434,1.34338,1.34342,1.34336,1.34367,1.34365,1.34367,1.34362,78
2016-11-17 04:45:00,2016-11-17 04:46:00,1.34338,1.34345,1.34349,1.34338,1.34365,1.34372,1.34374,1.34365,65
2016-11-17 04:46:00,2016-11-17 04:47:00,1.34345,1.34349,1.34352,1.34345,1.34372,1.34374,1.34377,1.34372,78
2016-11-17 04:47:00,2016-11-17 04:48:00,1.34349,1.34352,1.34354,1.34347,1.34374,1.34378,1.34378,1.34373,55
2016-11-17 04:48:00,2016-11-17 04:49:00,1.34352,1.34329,1.34351,1.34325,1.34378,1.34353,1.34378,1.34352,145
2016-11-17 04:49:00,2016-11-17 04:50:00,1.34329,1.34329,1.34335,1.34329,1.34353,1.34354,1.34361,1.34352,48
2016-11-17 04:50:00,2016-11-17 04:51:00,1.34329,1.34327,1.34332,1.34324,1.34354,1.34352,1.34357,1.3435,42
2016-11-17 04:51:00,2016-11-17 04:52:00,1.34327,1.34315,1.34327,1.34314,1.34352,1.34341,1.34351,1.3434,64
2016-11-17 04:52:00,2016-11-17 04:53:00,1.34315,1.34305,1.34314,1.34299,1.34341,1.34333,1.34341,1.34325,187
2016-11-17 04:53:00,2016-11-17 04:54:00,1.34305,1.34302,1.34304,1.34301,1.34333,1.34329,1.34333,1.34328,20
2016-11-17 04:54:00,2016-11-17 04:55:00,1.34302,1.34309,1.34309,1.34301,1.34329,1.34335,1.34336,1.34329,39
2016-11-17 04:55:00,2016-11-17 04:56:00,1.34309,1.34307,1.34317,1.34306,1.34335,1.34334,1.34343,1.34327,141
2016-11-17 04:56:00,2016-11-17 04:57:00,1.34307,1.34319,1.34324,1.34302,1.34334,1.34345,1.34349,1.34325,255
2016-11-17 04:57:00,2016-11-17 04:58:00,1.34319,1.34318,1.34319,1.34315,1.34345,1.34343,1.34345,1.34337,91
2016-11-17 04:58:00,2016-11-17 04:59:00,1.34318,1.34292,1.34319,1.34291,1.34343,1.34316,1.34344,1.34316,113
2016-11-17 04:59:00,2016-11-17 05:00:00,1.34292,1.34289,1.34292,1.34287,1.34316,1.34313,1.34316,1.34312,60
2016-11-17 05:00:00,2016-11-17 05:01:00,1.34289,1.34284,1.34297,1.34281,1.34313,1.3431,1.34321,1.34307,143
2016-11-17 05:01:00,2016-11-17 05:02:00,1.34284,1.34273,1.34283,1.34268,1.3431,1.34296,1.34309,1.34292,155
2016-11-17 05:02:00,2016-11-17 05:03:00,1.34273,1.34261,1.34275,1.34257,1.34296,1.34287,1.343,1.34282,89
2016-11-17 05:03:00,2016-11-17 05:04:00,1.34261,1.34264,1.34268,1.3426,1.34287,1.34292,1.34295,1.34287,92
2016-11-17 05:04:00,2016-11-17 05:05:00,1.34264,1.34273,1.34274,1.34262,1.34292,1.34298,1.34298,1.3429,121
2016-11-17 05:05:00,2016-11-17 05:06:00,1.34273,1.3428,1.3429,1.34271,1.34298,1.34307,1.34315,1.34295,164
2016-11-17 05:06:00,2016-11-17 05:07:00,1.3428,1.34272,1.34282,1.34272,1.34307,1.34299,1.34308,1.34297,194
2016-11-17 05:07:00,2016-11-17 05:08:00,1.34272,1.3426,1.34274,1.3426,1.34299,1.34286,1.343,1.34286,100
2016-11-17 05:08:00,2016-11-17 05:09:00,1.3426,1.34259,1.34262,1.34245,1.34286,1.34285,1.34288,1.3427,118
2016-11-17 05:09:00,2016-11-17 05:10:00,1.34259,1.34259,1.34261,1.34257,1.34285,1.34286,1.34287,1.34285,72
2016-11-17 05:10:00,2016-11-17 05:11:00,1.34259,1.3426,1.34261,1.34257,1.34286,1.34286,1.34287,1.34285,75
2016-11-17 05:11:00,2016-11-17 05:12:00,1.3426,1.34259,1.3426,1.34257,1.34286,1.34286,1.34287,1.34283,73
2016-11-17 05:12:00,2016-11-17 05:13:00,1.34259,1.34259,1.3426,1.34252,1.34286,1.34285,1.34286,1.34276,129
2016-11-17 05:13:00,2016-11-17 05:14:00,1.34259,1.34281,1.34283,1.34261,1.34285,1.34304,1.34307,1.34284,87
2016-11-17 05:14:00,2016-11-17 05:15:00,1.34281,1.34289,1.34292,1.34277,1.34304,1.3431,1.34314,1.34302,81
2016-11-17 05:15:00,2016-11-17 05:16:00,1.34289,1.34284,1.34289,1.34284,1.3431,1.3431,1.34311,1.34308,22
2016-11-17 05:16:00,2016-11-17 05:17:00,1.34284,1.3428,1.34284,1.34275,1.3431,1.34303,1.34311,1.34301,65
2016-11-17 05:17:00,2016-11-17 05:18:00,1.3428,1.3428,1.34282,1.34279,1.34303,1.34303,1.34304,1.34303,8
2016-11-17 05:18:00,2016-11-17 05:19:00,1.3428,1.34279,1.34288,1.34279,1.34303,1.34302,1.34311,1.34302,35
2016-11-17 05:19:00,2016-11-17 05:20:00,1.34279,1.34291,1.34291,1.34279,1.34302,1.34311,1.34313,1.34302,28
2016-11-17 05:20:00,2016-11-17 05:21:00,1.34291,1.34287,1.34293,1.34276,1.34311,1.34309,1.34312,1.34298,90
2016-11-17 05:21:00,2016-11-17 05:22:00,1.34287,1.34288,1.34291,1.34285,1.34309,1.34311,1.34314,1.34306,30
2016-11-17 05:22:00,2016-11-17 05:23:00,1.34288,1.34287,1.34288,1.34286,1.34311,1.34311,1.34312,1.3431,35
2016-11-17 05:23:00,2016-11-17 05:24:00,1.34287,1.34293,1.34294,1.34286,1.34311,1.34315,1.34315,1.3431,42
2016-11-17 05:24:00,2016-11-17 05:25:00,1.34293,1.34294,1.34294,1.34292,1.34315,1.34315,1.34315,1.34314,17
2016-11-17 05:25:00,2016-11-17 05:26:00,1.34294,1.34293,1.34296,1.34288,1.34315,1.34315,1.34316,1.34311,54
2016-11-17 05:26:00,2016-11-17 05:27:00,1.34293,1.34291,1.34295,1.34287,1.34315,1.34311,1.34317,1.34307,79
2016-11-17 05:27:00,2016-11-17 05:28:00,1.34291,1.34295,1.34296,1.3429,1.34311,1.34315,1.34319,1.34311,44
2016-11-17 05:28:00,2016-11-17 05:29:00,1.34295,1.34294,1.34297,1.34291,1.34315,1.34315,1.34316,1.34309,82
2016-11-17 05:29:00,2016-11-17 05:30:00,1.34294,1.34297,1.34298,1.34294,1.34315,1.34315,1.34316,1.34311,46
2016-11-17 05:30:00,2016-11-17 05:31:00,1.34297,1.34299,1.343,1.34292,1.34315,1.3432,1.34323,1.34316,68
2016-11-17 05:31:00,2016-11-17 05:32:00,1.34299,1.34294,1.34302,1.34291,1.3432,1.34311,1.34323,1.34311,39
2016-11-17 05:32:00,2016-11-17 05:33:00,1.34294,1.34298,1.34301,1.34294,1.34311,1.34318,1.34319,1.34314,26
2016-11-17 05:33:00,2016-11-17 05:34:00,1.34298,1.34298,1.34299,1.34298,1.34318,1.34319,1.34319,1.34317,13
2016-11-17 05:34:00,2016-11-17 05:35:00,1.34298,1.34297,1.34299,1.34297,1.34319,1.34318,1.34319,1.34317,16
2016-11-17 05:35:00,2016-11-17 05:36:00,1.34297,1.34299,1.34299,1.34296,1.34318,1.34319,1.34319,1.34317,36
2016-11-17 05:36:00,2016-11-17 05:37:00,1.34299,1.34296,1.34299,1.34293,1.34319,1.34316,1.34322,1.34314,42
2016-11-17 05:37:00,2016-11-17 05:38:00,1.34296,1.34293,1.34296,1.34291,1.34316,1.34316,1.34318,1.34312,84
2016-11-17 05:38:00,2016-11-17 05:39:00,1.34293,1.34297,1.34297,1.34292,1.34316,1.34318,1.34319,1.34314,47
2016-11-17 05:39:00,2016-11-17 05:40:00,1.34297,1.34295,1.34296,1.34295,1.34318,1.34318,1.34319,1.34317,13
2016-11-17 05:40:00,2016-11-17 05:41:00,1.34295,1.34292,1.34296,1.3429,1.34318,1.34314,1.34319,1.34312,122
2016-11-17 05:41:00,2016-11-17 05:42:00,1.34292,1.34291,1.34294,1.34289,1.34314,1.34314,1.34315,1.34313,30
2016-11-17 05:42:00,2016-11-17 05:43:00,1.34291,1.34293,1.34294,1.3429,1.34314,1.34315,1.34315,1.34311,22
2016-11-17 05:43:00,2016-11-17 05:44:00,1.34293,1.34302,1.34305,1.34293,1.34315,1.34324,1.34328,1.34317,50
2016-11-17 05:44:00,2016-11-17 05:45:00,1.34302,1.34283,1.34302,1.34278,1.34324,1.34304,1.34327,1.34301,182
2016-11-17 05:45:00,2016-11-17 05:46:00,1.34283,1.34282,1.34291,1.3428,1.34304,1.34304,1.34311,1.34301,165
2016-11-17 05:46:00,2016-11-17 05:47:00,1.34282,1.3428,1.34283,1.34277,1.34304,1.34301,1.34304,1.34299,61
2016-11-17 05:47:00,2016-11-17 05:48:00,1.3428,1.34282,1.34288,1.34278,1.34301,1.34304,1.34309,1.34298,164
2016-11-17 05:48:00,2016-11-17 05:49:00,1.34282,1.34285,1.34289,1.34282,1.34304,1.34307,1.34309,1.34303,116
2016-11-17 05:49:00,2016-11-17 05:50:00,1.34285,1.34279,1.34292,1.34275,1.34307,1.34299,1.34312,1.34297,134
2016-11-17 05:50:00,2016-11-17 05:51:00,1.34279,1.3428,1.34285,1.34278,1.34299,1.34301,1.34305,1.34298,57
2016-11-17 05:51:00,2016-11-17 05:52:00,1.3428,1.34276,1.34281,1.34273,1.34301,1.34298,1.34302,1.34296,95
2016-11-17 05:52:00,2016-11-17 05:53:00,1.34276,1.34276,1.34289,1.34275,1.34298,1.34298,1.34311,1.34297,160
2016-11-17 05:53:00,2016-11-17 05:54:00,1.34276,1.34275,1.34277,1.34272,1.34298,1.343,1.343,1.34295,132
2016-11-17 05:54:00,2016-11-17 05:55:00,1.34275,1.34279,1.34282,1.34273,1.343,1.34301,1.34306,1.34297,81
2016-11-17 05:55:00,2016-11-17 05:56:00,1.34279,1.34279,1.3428,1.34274,1.34301,1.34305,1.34305,1.34298,75
2016-11-17 05:56:00,2016-11-17 05:57:00,1.34279,1.34275,1.34278,1.34274,1.34305,1.34302,1.34305,1.34301,27
2016-11-17 05:57:00,2016-11-17 05:58:00,1.34275,1.34269,1.34278,1.34269,1.34302,1.34292,1.34303,1.34292,47
2016-11-17 05:58:00,2016-11-17 05:59:00,1.34269,1.34265,1.34276,1.34262,1.34292,1.34292,1.343,1.34285,184
2016-11-17 05:59:00,2016-11-17 06:00:00,1.34265,1.34259,1.34265,1.34252,1.34292,1.34283,1.34292,1.34277,310
2016-11-17 06:00:00,2016-11-17 06:01:00,1.34259,1.34271,1.34279,1.34257,1.34283,1.34297,1.34306,1.34282,527
2016-11-17 06:01:00,2016-11-17 06:02:00,1.34271,1.3428,1.34292,1.34271,1.34297,1.34307,1.34318,1.34297,123
2016-11-17 06:02:00,2016-11-17 06:03:00,1.3428,1.34293,1.34294,1.3428,1.34307,1.34319,1.34321,1.34306,123
2016-11-17 06:03:00,2016-11-17 06:04:00,1.34293,1.3427,1.34295,1.34269,1.34319,1.34296,1.3432,1.34296,153
2016-11-17 06:04:00,2016-11-17 06:05:00,1.3427,1.34261,1.3427,1.3425,1.34296,1.34286,1.34297,1.34276,129
2016-11-17 06:05:00,2016-11-17 06:06:00,1.34261,1.34262,1.34267,1.3426,1.34286,1.34289,1.34292,1.34287,29
2016-11-17 06:06:00,2016-11-17 06:07:00,1.34262,1.34274,1.34278,1.34265,1.34289,1.34298,1.34301,1.34289,84
2016-11-17 06:07:00,2016-11-17 06:08:00,1.34274,1.34273,1.34275,1.34266,1.34298,1.34297,1.34299,1.34292,56
2016-11-17 06:08:00,2016-11-17 06:09:00,1.34273,1.34272,1.34281,1.34262,1.34297,1.34299,1.34301,1.34288,76
2016-11-17 06:09:00,2016-11-17 06:10:00,1.34272,1.34275,1.34281,1.34271,1.34299,1.34301,1.34307,1.34298,96
2016-11-17 06:10:00,2016-11-17 06:11:00,1.34275,1.34278,1.34285,1.34268,1.34301,1.34305,1.34309,1.34294,117
2016-11-17 06:11:00,2016-11-17 06:12:00,1.34278,1.34266,1.34279,1.34263,1.34305,1.34293,1.34306,1.34291,87
2016-11-17 06:12:00,2016-11-17 06:13:00,1.34266,1.34256,1.34278,1.34256,1.34293,1.34281,1.34305,1.34281,140
2016-11-17 06:13:00,2016-11-17 06:14:00,1.34256,1.34262,1.34263,1.34256,1.34281,1.34288,1.34288,1.34281,69
2016-11-17 06:14:00,2016-11-17 06:15:00,1.34262,1.34262,1.34263,1.34254,1.34288,1.34287,1.34288,1.34282,195
2016-11-17 06:15:00,2016-11-17 06:16:00,1.34262,1.34265,1.34267,1.34257,1.34287,1.34291,1.34291,1.34283,66
2016-11-17 06:16:00,2016-11-17 06:17:00,1.34265,1.34287,1.34287,1.34262,1.34291,1.3431,1.3431,1.34287,73
2016-11-17 06:17:00,2016-11-17 06:18:00,1.34287,1.34292,1.34297,1.3429,1.3431,1.3431,1.3432,1.3431,18
2016-11-17 06:18:00,2016-11-17 06:19:00,1.34292,1.34292,1.34292,1.34292,1.3431,1.34308,1.3431,1.34308,26
2016-11-17 06:19:00,2016-11-17 06:20:00,1.34292,1.34273,1.3429,1.34273,1.34308,1.34295,1.3431,1.34292,86
2016-11-17 06:20:00,2016-11-17 06:21:00,1.34273,1.34279,1.34279,1.34273,1.34295,1.34303,1.34303,1.34293,74
2016-11-17 06:21:00,2016-11-17 06:22:00,1.34279,1.34297,1.34297,1.34279,1.34303,1.34319,1.3432,1.34302,88
2016-11-17 06:22:00,2016-11-17 06:23:00,1.34297,1.34299,1.343,1.34297,1.34319,1.34319,1.34323,1.34316,50
2016-11-17 06:23:00,2016-11-17 06:24:00,1.34299,1.34295,1.34306,1.34295,1.34319,1.3432,1.34329,1.34318,121
2016-11-17 06:24:00,2016-11-17 06:25:00,1.34295,1.34292,1.34295,1.34292,1.3432,1.34318,1.3432,1.34316,81
2016-11-17 06:25:00,2016-11-17 06:26:00,1.34292,1.34283,1.34293,1.34283,1.34318,1.34308,1.3432,1.34308,96
2016-11-17 06:26:00,2016-11-17 06:27:00,1.34283,1.34292,1.34292,1.34281,1.34308,1.34319,1.34319,1.34307,70
2016-11-17 06:27:00,2016-11-17 06:28:00,1.34292,1.34293,1.34299,1.34291,1.34319,1.34318,1.34326,1.34317,148
2016-11-17 06:28:00,2016-11-17 06:29:00,1.34293,1.34324,1.34326,1.34292,1.34318,1.3435,1.34351,1.34318,166
2016-11-17 06:29:00,2016-11-17 06:30:00,1.34324,1.34316,1.34324,1.34305,1.3435,1.34343,1.3435,1.34332,284
2016-11-17 06:30:00,2016-11-17 06:31:00,1.34316,1.3432,1.34321,1.34312,1.34343,1.34342,1.34348,1.34338,112
2016-11-17 06:31:00,2016-11-17 06:32:00,1.3432,1.34313,1.34319,1.34309,1.34342,1.3434,1.34342,1.34335,124
2016-11-17 06:32:00,2016-11-17 06:33:00,1.34313,1.34308,1.34315,1.34294,1.3434,1.34334,1.3434,1.34319,234
2016-11-17 06:33:00,2016-11-17 06:34:00,1.34308,1.34301,1.34308,1.34299,1.34334,1.34327,1.34335,1.34326,49
2016-11-17 06:34:00,2016-11-17 06:35:00,1.34301,1.34322,1.34324,1.34301,1.34327,1.34346,1.34349,1.34328,130
2016-11-17 06:35:00,2016-11-17 06:36:00,1.34322,1.34306,1.34324,1.34305,1.34346,1.34331,1.34351,1.34331,355
2016-11-17 06:36:00,2016-11-17 06:37:00,1.34306,1.34327,1.34346,1.34306,1.34331,1.34354,1.3437,1.34333,394
2016-11-17 06:37:00,2016-11-17 06:38:00,1.34327,1.34347,1.34354,1.3432,1.34354,1.34374,1.34379,1.34347,261
2016-11-17 06:38:00,2016-11-17 06:39:00,1.34347,1.34335,1.3435,1.34334,1.34374,1.34362,1.34377,1.34361,245
2016-11-17 06:39:00,2016-11-17 06:40:00,1.34335,1.34327,1.34346,1.34325,1.34362,1.34354,1.34372,1.34352,241
2016-11-17 06:40:00,2016-11-17 06:41:00,1.34327,1.3432,1.34327,1.34307,1.34354,1.34345,1.34354,1.34334,231
2016-11-17 06:41:00,2016-11-17 06:42:00,1.3432,1.34338,1.34341,1.34319,1.34345,1.34365,1.34367,1.34345,172
2016-11-17 06:42:00,2016-11-17 06:43:00,1.34338,1.34322,1.3434,1.34321,1.34365,1.34346,1.34365,1.34344,120
2016-11-17 06:43:00,2016-11-17 06:44:00,1.34322,1.34314,1.34325,1.34313,1.34346,1.34339,1.3435,1.34339,115
2016-11-17 06:44:00,2016-11-17 06:45:00,1.34314,1.34331,1.34332,1.34312,1.34339,1.34358,1.34358,1.34336,143
2016-11-17 06:45:00,2016-11-17 06:46:00,1.34331,1.34324,1.34332,1.34322,1.34358,1.34345,1.34358,1.34345,153
2016-11-17 06:46:00,2016-11-17 06:47:00,1.34324,1.34319,1.34327,1.34312,1.34345,1.34345,1.3435,1.34338,241
2016-11-17 06:47:00,2016-11-17 06:48:00,1.34319,1.34316,1.34322,1.34306,1.34345,1.34341,1.34348,1.34332,150
2016-11-17 06:48:00,2016-11-17 06:49:00,1.34316,1.34324,1.34327,1.34312,1.34341,1.3435,1.34351,1.34336,175
2016-11-17 06:49:00,2016-11-17 06:50:00,1.34324,1.34329,1.34334,1.34323,1.3435,1.3435,1.34361,1.34348,145
2016-11-17 06:50:00,2016-11-17 06:51:00,1.34329,1.34344,1.34346,1.34328,1.3435,1.34372,1.34372,1.3435,161
2016-11-17 06:51:00,2016-11-17 06:52:00,1.34344,1.34346,1.34352,1.34337,1.34372,1.34374,1.34375,1.34363,230
2016-11-17 06:52:00,2016-11-17 06:53:00,1.34346,1.34354,1.34362,1.34343,1.34374,1.34379,1.34383,1.34372,156
2016-11-17 06:53:00,2016-11-17 06:54:00,1.34354,1.34352,1.34359,1.34351,1.34379,1.34379,1.34385,1.34376,130
2016-11-17 06:54:00,2016-11-17 06:55:00,1.34352,1.34352,1.34358,1.3435,1.34379,1.34377,1.34383,1.34375,251
2016-11-17 06:55:00,2016-11-17 06:56:00,1.34352,1.34345,1.34362,1.34344,1.34377,1.34367,1.34379,1.34366,139
2016-11-17 06:56:00,2016-11-17 06:57:00,1.34345,1.34344,1.3435,1.34344,1.34367,1.34368,1.34374,1.34366,62
2016-11-17 06:57:00,2016-11-17 06:58:00,1.34344,1.34348,1.34348,1.34344,1.34368,1.34364,1.34372,1.34364,35
2016-11-17 06:58:00,2016-11-17 06:59:00,1.34348,1.34336,1.34347,1.34331,1.34364,1.34355,1.34364,1.34352,114
2016-11-17 06:59:00,2016-11-17 07:00:00,1.34336,1.34346,1.3436,1.34335,1.34355,1.34368,1.34382,1.34355,375
2016-11-17 07:00:00,2016-11-17 07:01:00,1.34346,1.3433,1.3435,1.34328,1.34368,1.34352,1.3437,1.34351,141
2016-11-17 07:01:00,2016-11-17 07:02:00,1.3433,1.34336,1.34339,1.34322,1.34352,1.34354,1.34355,1.34343,106
2016-11-17 07:02:00,2016-11-17 07:03:00,1.34336,1.34369,1.34372,1.34333,1.34354,1.34394,1.34396,1.34354,176
2016-11-17 07:03:00,2016-11-17 07:04:00,1.34369,1.3434,1.34372,1.34339,1.34394,1.34365,1.34395,1.34364,222
2016-11-17 07:04:00,2016-11-17 07:05:00,1.3434,1.34345,1.34348,1.34331,1.34365,1.34369,1.34371,1.34356,237
2016-11-17 07:05:00,2016-11-17 07:06:00,1.34345,1.34345,1.34361,1.3434,1.34369,1.34371,1.34387,1.34365,168
2016-11-17 07:06:00,2016-11-17 07:07:00,1.34345,1.34364,1.3437,1.34341,1.34371,1.3439,1.34393,1.34367,382
2016-11-17 07:07:00,2016-11-17 07:08:00,1.34364,1.34367,1.34371,1.34356,1.3439,1.34393,1.34397,1.34382,246
2016-11-17 07:08:00,2016-11-17 07:09:00,1.34367,1.34364,1.34368,1.3436,1.34393,1.3439,1.34395,1.34384,232
2016-11-17 07:09:00,2016-11-17 07:10:00,1.34364,1.34365,1.34374,1.34362,1.3439,1.34392,1.34399,1.34388,277
2016-11-17 07:10:00,2016-11-17 07:11:00,1.34365,1.34347,1.34366,1.34345,1.34392,1.34373,1.34393,1.34371,306
2016-11-17 07:11:00,2016-11-17 07:12:00,1.34347,1.34363,1.34364,1.34344,1.34373,1.34387,1.34389,1.34366,312
2016-11-17 07:12:00,2016-11-17 07:13:00,1.34363,1.34368,1.3437,1.34356,1.34387,1.34393,1.34393,1.3438,241
2016-11-17 07:13:00,2016-11-17 07:14:00,1.34368,1.34376,1.34378,1.34363,1.34393,1.34403,1.34403,1.34387,135
2016-11-17 07:14:00,2016-11-17 07:15:00,1.34376,1.34378,1.34388,1.34375,1.34403,1.34403,1.34409,1.34399,152
2016-11-17 07:15:00,2016-11-17 07:16:00,1.34378,1.34398,1.34401,1.34377,1.34403,1.34422,1.34426,1.34401,158
2016-11-17 07:16:00,2016-11-17 07:17:00,1.34398,1.34412,1.34413,1.34397,1.34422,1.34435,1.34438,1.34419,184
2016-11-17 07:17:00,2016-11-17 07:18:00,1.34412,1.34381,1.34412,1.34381,1.34435,1.34404,1.34436,1.34404,173
2016-11-17 07:18:00,2016-11-17 07:19:00,1.34381,1.3438,1.34384,1.34368,1.34404,1.34401,1.34405,1.34389,197
2016-11-17 07:19:00,2016-11-17 07:20:00,1.3438,1.34388,1.34403,1.34369,1.34401,1.34411,1.34424,1.34391,298
2016-11-17 07:20:00,2016-11-17 07:21:00,1.34388,1.34399,1.344,1.34381,1.34411,1.34419,1.34424,1.34402,291
2016-11-17 07:21:00,2016-11-17 07:22:00,1.34399,1.34398,1.344,1.34395,1.34419,1.34417,1.34422,1.34415,83
2016-11-17 07:22:00,2016-11-17 07:23:00,1.34398,1.34396,1.34402,1.34391,1.34417,1.3442,1.34422,1.34408,342
2016-11-17 07:23:00,2016-11-17 07:24:00,1.34396,1.34386,1.34399,1.34365,1.3442,1.3441,1.34421,1.34388,364
2016-11-17 07:24:00,2016-11-17 07:25:00,1.34386,1.34398,1.34407,1.34383,1.3441,1.34423,1.34431,1.34408,356
2016-11-17 07:25:00,2016-11-17 07:26:00,1.34398,1.34394,1.34406,1.34392,1.34423,1.34419,1.34431,1.34418,235
2016-11-17 07:26:00,2016-11-17 07:27:00,1.34394,1.34387,1.34399,1.34387,1.34419,1.34411,1.34423,1.34411,137
2016-11-17 07:27:00,2016-11-17 07:28:00,1.34387,1.34398,1.34408,1.34388,1.34411,1.34423,1.34433,1.34411,290
2016-11-17 07:28:00,2016-11-17 07:29:00,1.34398,1.34394,1.344,1.34386,1.34423,1.34419,1.34426,1.3441,191
2016-11-17 07:29:00,2016-11-17 07:30:00,1.34394,1.34407,1.34421,1.34394,1.34419,1.34428,1.34443,1.34417,362
2016-11-17 07:30:00,2016-11-17 07:31:00,1.34407,1.34425,1.34427,1.34403,1.34428,1.3445,1.34451,1.34425,301
2016-11-17 07:31:00,2016-11-17 07:32:00,1.34425,1.34472,1.34473,1.34423,1.3445,1.34494,1.34494,1.34445,289
2016-11-17 07:32:00,2016-11-17 07:33:00,1.34472,1.34463,1.34472,1.34454,1.34494,1.34487,1.34495,1.34476,236
2016-11-17 07:33:00,2016-11-17 07:34:00,1.34463,1.34469,1.3448,1.34458,1.34487,1.34492,1.34504,1.3448,337
2016-11-17 07:34:00,2016-11-17 07:35:00,1.34469,1.34474,1.34479,1.34464,1.34492,1.34499,1.34504,1.34488,187
2016-11-17 07:35:00,2016-11-17 07:36:00,1.34474,1.34483,1.3449,1.34475,1.34499,1.34508,1.34513,1.34499,273
2016-11-17 07:36:00,2016-11-17 07:37:00,1.34483,1.34487,1.34491,1.34478,1.34508,1.3451,1.34514,1.34502,199
2016-11-17 07:37:00,2016-11-17 07:38:00,1.34487,1.34443,1.34488,1.34442,1.3451,1.34467,1.34513,1.34467,411
2016-11-17 07:38:00,2016-11-17 07:39:00,1.34443,1.34441,1.34444,1.3444,1.34467,1.34464,1.34469,1.34461,164
2016-11-17 07:39:00,2016-11-17 07:40:00,1.34441,1.34451,1.34454,1.34441,1.34464,1.34475,1.34477,1.3446,152
2016-11-17 07:40:00,2016-11-17 07:41:00,1.34451,1.34441,1.3446,1.34441,1.34475,1.34458,1.34484,1.34456,174
2016-11-17 07:41:00,2016-11-17 07:42:00,1.34441,1.34449,1.3445,1.34432,1.34458,1.34473,1.34474,1.34453,254
2016-11-17 07:42:00,2016-11-17 07:43:00,1.34449,1.34421,1.34449,1.34419,1.34473,1.34444,1.34474,1.34442,440
2016-11-17 07:43:00,2016-11-17 07:44:00,1.34421,1.34422,1.34442,1.34419,1.34444,1.34447,1.34467,1.34443,377
2016-11-17 07:44:00,2016-11-17 07:45:00,1.34422,1.34423,1.34423,1.34413,1.34447,1.34447,1.34448,1.34438,119
2016-11-17 07:45:00,2016-11-17 07:46:00,1.34423,1.34412,1.34425,1.34412,1.34447,1.34437,1.34448,1.34436,254
2016-11-17 07:46:00,2016-11-17 07:47:00,1.34412,1.34421,1.34423,1.34404,1.34437,1.34446,1.34447,1.34429,227
2016-11-17 07:47:00,2016-11-17 07:48:00,1.34421,1.34422,1.34428,1.34416,1.34446,1.34446,1.34451,1.34437,150
2016-11-17 07:48:00,2016-11-17 07:49:00,1.34422,1.34419,1.34425,1.34412,1.34446,1.34443,1.34449,1.34438,254
2016-11-17 07:49:00,2016-11-17 07:50:00,1.34419,1.34367,1.34419,1.34362,1.34443,1.34392,1.34444,1.34385,298
2016-11-17 07:50:00,2016-11-17 07:51:00,1.34367,1.3435,1.34372,1.34348,1.34392,1.34375,1.34396,1.34373,147
2016-11-17 07:51:00,2016-11-17 07:52:00,1.3435,1.34355,1.34364,1.34349,1.34375,1.34379,1.34388,1.34375,138
2016-11-17 07:52:00,2016-11-17 07:53:00,1.34355,1.34291,1.34355,1.34291,1.34379,1.34318,1.3438,1.34316,323
2016-11-17 07:53:00,2016-11-17 07:54:00,1.34291,1.34299,1.34301,1.3428,1.34318,1.34321,1.34323,1.34305,377
2016-11-17 07:54:00,2016-11-17 07:55:00,1.34299,1.34326,1.34343,1.34288,1.34321,1.34349,1.34368,1.34312,500
2016-11-17 07:55:00,2016-11-17 07:56:00,1.34326,1.34305,1.34332,1.34304,1.34349,1.3433,1.34356,1.34328,243
2016-11-17 07:56:00,2016-11-17 07:57:00,1.34305,1.34294,1.34312,1.34294,1.3433,1.34317,1.34336,1.34317,371
2016-11-17 07:57:00,2016-11-17 07:58:00,1.34294,1.34243,1.34294,1.3423,1.34317,1.34265,1.34316,1.34252,502
2016-11-17 07:58:00,2016-11-17 07:59:00,1.34243,1.34227,1.34243,1.34206,1.34265,1.34251,1.34265,1.34228,486
2016-11-17 07:59:00,2016-11-17 08:00:00,1.34227,1.34252,1.34271,1.34221,1.34251,1.34278,1.34296,1.34246,459
2016-11-17 08:00:00,2016-11-17 08:01:00,1.34252,1.34263,1.34264,1.34236,1.34278,1.34287,1.34287,1.34254,377
2016-11-17 08:01:00,2016-11-17 08:02:00,1.34263,1.34283,1.343,1.34261,1.34287,1.34303,1.34323,1.34284,417
2016-11-17 08:02:00,2016-11-17 08:03:00,1.34283,1.34309,1.34324,1.34271,1.34303,1.34334,1.34346,1.34293,377
2016-11-17 08:03:00,2016-11-17 08:04:00,1.34309,1.34328,1.34328,1.34304,1.34334,1.34351,1.34351,1.34327,156
2016-11-17 08:04:00,2016-11-17 08:05:00,1.34328,1.3431,1.3433,1.34307,1.34351,1.3433,1.34351,1.34327,394
2016-11-17 08:05:00,2016-11-17 08:06:00,1.3431,1.34328,1.34331,1.34303,1.3433,1.34349,1.34355,1.34323,408
2016-11-17 08:06:00,2016-11-17 08:07:00,1.34328,1.34336,1.34336,1.34312,1.34349,1.34358,1.34359,1.34333,306
2016-11-17 08:07:00,2016-11-17 08:08:00,1.34336,1.34339,1.34342,1.34322,1.34358,1.34361,1.34364,1.34346,413
2016-11-17 08:08:00,2016-11-17 08:09:00,1.34339,1.3433,1.34354,1.34322,1.34361,1.34351,1.34376,1.34345,549
2016-11-17 08:09:00,2016-11-17 08:10:00,1.3433,1.34325,1.34337,1.34319,1.34351,1.34349,1.34362,1.34344,381
2016-11-17 08:10:00,2016-11-17 08:11:00,1.34325,1.34323,1.34335,1.34314,1.34349,1.34348,1.34358,1.3434,258
2016-11-17 08:11:00,2016-11-17 08:12:00,1.34323,1.34361,1.34364,1.34323,1.34348,1.34387,1.34389,1.34345,394
2016-11-17 08:12:00,2016-11-17 08:13:00,1.34361,1.34333,1.34367,1.34332,1.34387,1.34354,1.34389,1.34354,364
2016-11-17 08:13:00,2016-11-17 08:14:00,1.34333,1.3432,1.34345,1.34312,1.34354,1.34347,1.34369,1.34337,492
2016-11-17 08:14:00,2016-11-17 08:15:00,1.3432,1.34328,1.3433,1.34297,1.34347,1.3435,1.34351,1.34324,450
2016-11-17 08:15:00,2016-11-17 08:16:00,1.34328,1.34344,1.34347,1.34321,1.3435,1.34365,1.34371,1.34343,540
2016-11-17 08:16:00,2016-11-17 08:17:00,1.34344,1.34326,1.34344,1.34318,1.34365,1.34351,1.34366,1.34342,363
2016-11-17 08:17:00,2016-11-17 08:18:00,1.34326,1.34328,1.34329,1.34305,1.34351,1.34352,1.34352,1.3433,414
2016-11-17 08:18:00,2016-11-17 08:19:00,1.34328,1.34328,1.3434,1.34316,1.34352,1.34351,1.34362,1.3434,453
2016-11-17 08:19:00,2016-11-17 08:20:00,1.34328,1.34348,1.34348,1.34322,1.34351,1.34368,1.3437,1.34345,341
2016-11-17 08:20:00,2016-11-17 08:21:00,1.34348,1.34325,1.34351,1.34315,1.34368,1.34347,1.34369,1.34339,484
2016-11-17 08:21:00,2016-11-17 08:22:00,1.34325,1.34293,1.34328,1.34281,1.34347,1.34311,1.34349,1.34303,426
2016-11-17 08:22:00,2016-11-17 08:23:00,1.34293,1.34292,1.34303,1.34284,1.34311,1.34311,1.3432,1.34308,325
2016-11-17 08:23:00,2016-11-17 08:24:00,1.34292,1.34293,1.34299,1.34284,1.34311,1.34312,1.34317,1.34306,361
2016-11-17 08:24:00,2016-11-17 08:25:00,1.34293,1.34281,1.34308,1.34274,1.34312,1.34302,1.34326,1.34295,347
2016-11-17 08:25:00,2016-11-17 08:26:00,1.34281,1.34292,1.34304,1.3428,1.34302,1.34311,1.34322,1.34301,254
2016-11-17 08:26:00,2016-11-17 08:27:00,1.34292,1.34284,1.34297,1.34275,1.34311,1.34302,1.34315,1.34297,374
2016-11-17 08:27:00,2016-11-17 08:28:00,1.34284,1.34298,1.34311,1.34279,1.34302,1.34315,1.34329,1.343,388
2016-11-17 08:28:00,2016-11-17 08:29:00,1.34298,1.34293,1.34304,1.34284,1.34315,1.34313,1.34324,1.34307,491
2016-11-17 08:29:00,2016-11-17 08:30:00,1.34293,1.34307,1.34314,1.34287,1.34313,1.34326,1.34331,1.3431,264
2016-11-17 08:30:00,2016-11-17 08:31:00,1.34307,1.34335,1.34353,1.34306,1.34326,1.3436,1.34375,1.34326,718
2016-11-17 08:31:00,2016-11-17 08:32:00,1.34335,1.34359,1.34371,1.34334,1.3436,1.34382,1.34396,1.34358,429
2016-11-17 08:32:00,2016-11-17 08:33:00,1.34359,1.34357,1.34379,1.34343,1.34382,1.34381,1.34401,1.34366,465
2016-11-17 08:33:00,2016-11-17 08:34:00,1.34357,1.34326,1.34362,1.34323,1.34381,1.34348,1.34387,1.34345,264
2016-11-17 08:34:00,2016-11-17 08:35:00,1.34326,1.34317,1.34336,1.34307,1.34348,1.34338,1.34356,1.34327,301
2016-11-17 08:35:00,2016-11-17 08:36:00,1.34317,1.34343,1.3436,1.343,1.34338,1.34365,1.34384,1.34322,381
2016-11-17 08:36:00,2016-11-17 08:37:00,1.34343,1.34357,1.3437,1.34343,1.34365,1.34379,1.34393,1.34366,319
2016-11-17 08:37:00,2016-11-17 08:38:00,1.34357,1.34362,1.34366,1.34346,1.34379,1.34384,1.34387,1.3437,282
2016-11-17 08:38:00,2016-11-17 08:39:00,1.34362,1.34348,1.34372,1.3434,1.34384,1.3437,1.3439,1.34363,358
2016-11-17 08:39:00,2016-11-17 08:40:00,1.34348,1.3429,1.34351,1.34289,1.3437,1.34309,1.34371,1.34309,437
2016-11-17 08:40:00,2016-11-17 08:41:00,1.3429,1.34262,1.34291,1.3426,1.34309,1.34284,1.34312,1.34281,352
2016-11-17 08:41:00,2016-11-17 08:42:00,1.34262,1.34256,1.34266,1.34252,1.34284,1.3428,1.34286,1.34275,240
2016-11-17 08:42:00,2016-11-17 08:43:00,1.34256,1.34255,1.34267,1.34245,1.3428,1.34278,1.34288,1.34266,392
2016-11-17 08:43:00,2016-11-17 08:44:00,1.34255,1.34243,1.34258,1.34241,1.34278,1.34267,1.34281,1.34266,294
2016-11-17 08:44:00,2016-11-17 08:45:00,1.34243,1.34235,1.34248,1.34233,1.34267,1.34259,1.34269,1.34255,137
2016-11-17 08:45:00,2016-11-17 08:46:00,1.34235,1.34213,1.34244,1.34213,1.34259,1.34234,1.34266,1.34234,237
2016-11-17 08:46:00,2016-11-17 08:47:00,1.34213,1.34188,1.34214,1.34187,1.34234,1.3421,1.34234,1.34207,335
2016-11-17 08:47:00,2016-11-17 08:48:00,1.34188,1.34159,1.34189,1.34142,1.3421,1.3418,1.3421,1.34163,257
2016-11-17 08:48:00,2016-11-17 08:49:00,1.34159,1.34135,1.34163,1.34126,1.3418,1.34159,1.34185,1.34149,473
2016-11-17 08:49:00,2016-11-17 08:50:00,1.34135,1.34126,1.34141,1.34126,1.34159,1.34148,1.34163,1.34148,106
2016-11-17 08:50:00,2016-11-17 08:51:00,1.34126,1.34135,1.34142,1.34126,1.34148,1.34157,1.34165,1.34147,134
2016-11-17 08:51:00,2016-11-17 08:52:00,1.34135,1.34134,1.34145,1.34134,1.34157,1.34158,1.34166,1.34156,73
2016-11-17 08:52:00,2016-11-17 08:53:00,1.34134,1.34141,1.34145,1.3413,1.34158,1.34164,1.34168,1.34152,178
2016-11-17 08:53:00,2016-11-17 08:54:00,1.34141,1.34143,1.34155,1.34135,1.34164,1.34167,1.34175,1.34158,302
2016-11-17 08:54:00,2016-11-17 08:55:00,1.34143,1.34144,1.34152,1.3414,1.34167,1.34166,1.34173,1.34165,185
2016-11-17 08:55:00,2016-11-17 08:56:00,1.34144,1.34124,1.34143,1.34123,1.34166,1.34147,1.34166,1.34147,140
2016-11-17 08:56:00,2016-11-17 08:57:00,1.34124,1.34123,1.34137,1.34122,1.34147,1.34146,1.34161,1.34144,203
2016-11-17 08:57:00,2016-11-17 08:58:00,1.34123,1.34107,1.34128,1.34106,1.34146,1.3413,1.3415,1.34128,233
2016-11-17 08:58:00,2016-11-17 08:59:00,1.34107,1.34082,1.34108,1.34072,1.3413,1.34105,1.34131,1.34094,308
2016-11-17 08:59:00,2016-11-17 09:00:00,1.34082,1.34089,1.34098,1.34078,1.34105,1.34111,1.3412,1.34103,215
2016-11-17 09:00:00,2016-11-17 09:01:00,1.34089,1.34111,1.34116,1.3409,1.34111,1.34131,1.34138,1.34111,286
2016-11-17 09:01:00,2016-11-17 09:02:00,1.34111,1.34119,1.3412,1.34102,1.34131,1.3414,1.34141,1.34123,174
2016-11-17 09:02:00,2016-11-17 09:03:00,1.34119,1.34135,1.34146,1.34119,1.3414,1.34158,1.34169,1.3414,180
2016-11-17 09:03:00,2016-11-17 09:04:00,1.34135,1.34147,1.34157,1.34135,1.34158,1.3417,1.34177,1.34157,224
2016-11-17 09:04:00,2016-11-17 09:05:00,1.34147,1.34135,1.34155,1.34125,1.3417,1.34158,1.34177,1.3415,339
2016-11-17 09:05:00,2016-11-17 09:06:00,1.34135,1.34145,1.34148,1.34133,1.34158,1.34169,1.34172,1.34156,207
2016-11-17 09:06:00,2016-11-17 09:07:00,1.34145,1.34146,1.34149,1.3414,1.34169,1.34167,1.34173,1.34163,134
2016-11-17 09:07:00,2016-11-17 09:08:00,1.34146,1.34126,1.34145,1.34125,1.34167,1.3415,1.34167,1.34149,80
2016-11-17 09:08:00,2016-11-17 09:09:00,1.34126,1.34103,1.34126,1.34103,1.3415,1.34126,1.34149,1.34125,148
2016-11-17 09:09:00,2016-11-17 09:10:00,1.34103,1.34127,1.34138,1.34099,1.34126,1.34149,1.34163,1.34123,276
2016-11-17 09:10:00,2016-11-17 09:11:00,1.34127,1.34132,1.34139,1.34119,1.34149,1.34155,1.34161,1.34141,378
2016-11-17 09:11:00,2016-11-17 09:12:00,1.34132,1.34141,1.34148,1.34131,1.34155,1.34162,1.34171,1.34153,244
2016-11-17 09:12:00,2016-11-17 09:13:00,1.34141,1.34163,1.34167,1.34141,1.34162,1.34184,1.34189,1.34163,229
2016-11-17 09:13:00,2016-11-17 09:14:00,1.34163,1.34141,1.3417,1.34132,1.34184,1.34162,1.34188,1.34156,252
2016-11-17 09:14:00,2016-11-17 09:15:00,1.34141,1.34179,1.34181,1.34141,1.34162,1.342,1.34204,1.34162,113
2016-11-17 09:15:00,2016-11-17 09:16:00,1.34179,1.3418,1.34183,1.34177,1.342,1.34205,1.34208,1.34198,142
2016-11-17 09:16:00,2016-11-17 09:17:00,1.3418,1.3418,1.34201,1.3418,1.34205,1.34202,1.34224,1.34202,141
2016-11-17 09:17:00,2016-11-17 09:18:00,1.3418,1.34191,1.34196,1.34176,1.34202,1.34214,1.34214,1.342,155
2016-11-17 09:18:00,2016-11-17 09:19:00,1.34191,1.34193,1.34203,1.34183,1.34214,1.34209,1.34221,1.34205,199
2016-11-17 09:19:00,2016-11-17 09:20:00,1.34193,1.34191,1.34203,1.34189,1.34209,1.34211,1.34221,1.34207,249
2016-11-17 09:20:00,2016-11-17 09:21:00,1.34191,1.342,1.34201,1.34176,1.34211,1.3422,1.34221,1.34197,175
2016-11-17 09:21:00,2016-11-17 09:22:00,1.342,1.34194,1.34208,1.34193,1.3422,1.34214,1.34227,1.34214,275
2016-11-17 09:22:00,2016-11-17 09:23:00,1.34194,1.34198,1.34203,1.34191,1.34214,1.34219,1.34219,1.34213,137
2016-11-17 09:23:00,2016-11-17 09:24:00,1.34198,1.34158,1.34198,1.34147,1.34219,1.34181,1.34218,1.34168,500
2016-11-17 09:24:00,2016-11-17 09:25:00,1.34158,1.34138,1.34171,1.34138,1.34181,1.34162,1.34193,1.34162,404
2016-11-17 09:25:00,2016-11-17 09:26:00,1.34138,1.34133,1.34154,1.34132,1.34162,1.34155,1.34178,1.34155,285
2016-11-17 09:26:00,2016-11-17 09:27:00,1.34133,1.34134,1.3414,1.34132,1.34155,1.34157,1.34163,1.34154,158
2016-11-17 09:27:00,2016-11-17 09:28:00,1.34134,1.34143,1.34146,1.34131,1.34157,1.34166,1.34166,1.34154,230
2016-11-17 09:28:00,2016-11-17 09:29:00,1.34143,1.34139,1.34146,1.34134,1.34166,1.34161,1.34168,1.34157,163
2016-11-17 09:29:00,2016-11-17 09:30:00,1.34139,1.34174,1.34175,1.34133,1.34161,1.34197,1.34198,1.34157,568
2016-11-17 09:30:00,2016-11-17 09:31:00,1.34174,1.34164,1.34183,1.34153,1.34197,1.34187,1.34207,1.34175,285
2016-11-17 09:31:00,2016-11-17 09:32:00,1.34164,1.34174,1.34182,1.34162,1.34187,1.34197,1.34203,1.34184,178
2016-11-17 09:32:00,2016-11-17 09:33:00,1.34174,1.34179,1.34181,1.3416,1.34197,1.34201,1.34201,1.34183,179
2016-11-17 09:33:00,2016-11-17 09:34:00,1.34179,1.34164,1.34183,1.34155,1.34201,1.34186,1.34206,1.34176,166
2016-11-17 09:34:00,2016-11-17 09:35:00,1.34164,1.34172,1.34173,1.34151,1.34186,1.34194,1.34194,1.34173,198
2016-11-17 09:35:00,2016-11-17 09:36:00,1.34172,1.3419,1.34191,1.34171,1.34194,1.34213,1.34214,1.34194,258
2016-11-17 09:36:00,2016-11-17 09:37:00,1.3419,1.34199,1.34204,1.3419,1.34213,1.34219,1.34219,1.34213,168
2016-11-17 09:37:00,2016-11-17 09:38:00,1.34199,1.342,1.34207,1.34193,1.34219,1.3422,1.34225,1.34217,167
2016-11-17 09:38:00,2016-11-17 09:39:00,1.342,1.34199,1.34207,1.34187,1.3422,1.34221,1.34226,1.3421,178
2016-11-17 09:39:00,2016-11-17 09:40:00,1.34199,1.34188,1.34201,1.34187,1.34221,1.34213,1.34222,1.3421,132
2016-11-17 09:40:00,2016-11-17 09:41:00,1.34188,1.34178,1.342,1.34176,1.34213,1.34201,1.34223,1.342,243
2016-11-17 09:41:00,2016-11-17 09:42:00,1.34178,1.34182,1.34195,1.34177,1.34201,1.34204,1.34218,1.34201,195
2016-11-17 09:42:00,2016-11-17 09:43:00,1.34182,1.3418,1.34191,1.34178,1.34204,1.34203,1.34213,1.342,136
2016-11-17 09:43:00,2016-11-17 09:44:00,1.3418,1.34184,1.3419,1.34173,1.34203,1.34208,1.34214,1.34195,144
2016-11-17 09:44:00,2016-11-17 09:45:00,1.34184,1.34191,1.34191,1.34174,1.34208,1.34214,1.34214,1.34196,204
2016-11-17 09:45:00,2016-11-17 09:46:00,1.34191,1.34187,1.342,1.34183,1.34214,1.3421,1.34222,1.34207,230
2016-11-17 09:46:00,2016-11-17 09:47:00,1.34187,1.34184,1.34205,1.34177,1.3421,1.34206,1.3423,1.34201,357
2016-11-17 09:47:00,2016-11-17 09:48:00,1.34184,1.34166,1.3419,1.34164,1.34206,1.34187,1.34214,1.34187,219
2016-11-17 09:48:00,2016-11-17 09:49:00,1.34166,1.3418,1.34189,1.34159,1.34187,1.34203,1.3421,1.34183,255
2016-11-17 09:49:00,2016-11-17 09:50:00,1.3418,1.34198,1.34199,1.34171,1.34203,1.34217,1.34218,1.34192,354
2016-11-17 09:50:00,2016-11-17 09:51:00,1.34198,1.34168,1.342,1.34168,1.34217,1.34188,1.3422,1.34188,445
2016-11-17 09:51:00,2016-11-17 09:52:00,1.34168,1.34173,1.34195,1.34164,1.34188,1.34196,1.34217,1.34187,453
2016-11-17 09:52:00,2016-11-17 09:53:00,1.34173,1.34187,1.34187,1.34165,1.34196,1.34209,1.3421,1.34188,228
2016-11-17 09:53:00,2016-11-17 09:54:00,1.34187,1.34189,1.34191,1.34173,1.34209,1.34209,1.34214,1.34197,277
2016-11-17 09:54:00,2016-11-17 09:55:00,1.34189,1.34181,1.34192,1.34179,1.34209,1.34203,1.34215,1.34202,213
2016-11-17 09:55:00,2016-11-17 09:56:00,1.34181,1.342,1.34202,1.34179,1.34203,1.34223,1.34224,1.34202,302
2016-11-17 09:56:00,2016-11-17 09:57:00,1.342,1.34188,1.34204,1.34187,1.34223,1.3421,1.34225,1.3421,243
2016-11-17 09:57:00,2016-11-17 09:58:00,1.34188,1.3418,1.34192,1.34177,1.3421,1.34202,1.34213,1.342,160
2016-11-17 09:58:00,2016-11-17 09:59:00,1.3418,1.34185,1.34191,1.3418,1.34202,1.34209,1.34215,1.34204,223
2016-11-17 09:59:00,2016-11-17 10:00:00,1.34185,1.34179,1.34189,1.34178,1.34209,1.34203,1.34214,1.34203,186
2016-11-17 10:00:00,2016-11-17 10:01:00,1.34179,1.34178,1.34187,1.34176,1.34203,1.34202,1.34212,1.34197,181
2016-11-17 10:01:00,2016-11-17 10:02:00,1.34178,1.34169,1.34178,1.34167,1.34202,1.34192,1.34201,1.34189,122
2016-11-17 10:02:00,2016-11-17 10:03:00,1.34169,1.34173,1.34173,1.34163,1.34192,1.34198,1.34198,1.34186,127
2016-11-17 10:03:00,2016-11-17 10:04:00,1.34173,1.34175,1.34183,1.34173,1.34198,1.34198,1.34203,1.34196,162
2016-11-17 10:04:00,2016-11-17 10:05:00,1.34175,1.34177,1.34183,1.34163,1.34198,1.342,1.34205,1.34186,201
2016-11-17 10:05:00,2016-11-17 10:06:00,1.34177,1.34202,1.34203,1.34178,1.342,1.34224,1.34227,1.342,204
2016-11-17 10:06:00,2016-11-17 10:07:00,1.34202,1.34208,1.34212,1.34197,1.34224,1.34231,1.34236,1.3422,181
2016-11-17 10:07:00,2016-11-17 10:08:00,1.34208,1.3418,1.34212,1.3418,1.34231,1.34203,1.34236,1.34203,174
2016-11-17 10:08:00,2016-11-17 10:09:00,1.3418,1.34162,1.34181,1.34162,1.34203,1.34186,1.34205,1.34184,147
2016-11-17 10:09:00,2016-11-17 10:10:00,1.34162,1.34153,1.34163,1.34152,1.34186,1.34175,1.34186,1.34172,64
2016-11-17 10:10:00,2016-11-17 10:11:00,1.34153,1.34162,1.3417,1.34148,1.34175,1.34185,1.34194,1.34171,196
2016-11-17 10:11:00,2016-11-17 10:12:00,1.34162,1.34152,1.34174,1.34152,1.34185,1.34173,1.34195,1.34172,161
2016-11-17 10:12:00,2016-11-17 10:13:00,1.34152,1.34162,1.3417,1.34152,1.34173,1.34186,1.34194,1.34172,222
2016-11-17 10:13:00,2016-11-17 10:14:00,1.34162,1.34166,1.34174,1.34161,1.34186,1.34185,1.34196,1.34184,190
2016-11-17 10:14:00,2016-11-17 10:15:00,1.34166,1.34171,1.34181,1.34163,1.34185,1.34195,1.34201,1.34185,220
2016-11-17 10:15:00,2016-11-17 10:16:00,1.34171,1.34166,1.34174,1.34159,1.34195,1.34188,1.34196,1.34182,260
2016-11-17 10:16:00,2016-11-17 10:17:00,1.34166,1.34163,1.34174,1.34158,1.34188,1.34185,1.34197,1.34183,242
2016-11-17 10:17:00,2016-11-17 10:18:00,1.34163,1.34172,1.34176,1.34161,1.34185,1.34194,1.34198,1.34184,158
2016-11-17 10:18:00,2016-11-17 10:19:00,1.34172,1.34166,1.34173,1.3416,1.34194,1.34186,1.34196,1.34184,184
2016-11-17 10:19:00,2016-11-17 10:20:00,1.34166,1.34182,1.34182,1.34159,1.34186,1.34205,1.34205,1.3418,208
2016-11-17 10:20:00,2016-11-17 10:21:00,1.34182,1.34166,1.34184,1.34163,1.34205,1.34187,1.34205,1.34183,129
2016-11-17 10:21:00,2016-11-17 10:22:00,1.34166,1.34185,1.3419,1.34165,1.34187,1.34209,1.34211,1.34186,98
2016-11-17 10:22:00,2016-11-17 10:23:00,1.34185,1.34177,1.3419,1.34171,1.34209,1.34198,1.34213,1.34192,144
2016-11-17 10:23:00,2016-11-17 10:24:00,1.34177,1.3417,1.34177,1.34167,1.34198,1.34195,1.34198,1.34189,167
2016-11-17 10:24:00,2016-11-17 10:25:00,1.3417,1.34188,1.34189,1.34161,1.34195,1.34211,1.34211,1.34184,366
2016-11-17 10:25:00,2016-11-17 10:26:00,1.34188,1.34183,1.34188,1.34178,1.34211,1.34206,1.34211,1.342,100
2016-11-17 10:26:00,2016-11-17 10:27:00,1.34183,1.34172,1.34184,1.34172,1.34206,1.34195,1.34208,1.34195,67
2016-11-17 10:27:00,2016-11-17 10:28:00,1.34172,1.34183,1.34183,1.34163,1.34195,1.34206,1.34206,1.34186,154
2016-11-17 10:28:00,2016-11-17 10:29:00,1.34183,1.34168,1.34183,1.34165,1.34206,1.34194,1.34207,1.34189,184
2016-11-17 10:29:00,2016-11-17 10:30:00,1.34168,1.34184,1.34184,1.34156,1.34194,1.34208,1.34208,1.34178,383
2016-11-17 10:30:00,2016-11-17 10:31:00,1.34184,1.34168,1.34184,1.34162,1.34208,1.34191,1.34207,1.34185,321
2016-11-17 10:31:00,2016-11-17 10:32:00,1.34168,1.34157,1.34168,1.34155,1.34191,1.34182,1.34193,1.34178,260
2016-11-17 10:32:00,2016-11-17 10:33:00,1.34157,1.34173,1.34174,1.34157,1.34182,1.34194,1.34195,1.34181,88
2016-11-17 10:33:00,2016-11-17 10:34:00,1.34173,1.34181,1.34186,1.34172,1.34194,1.34204,1.34208,1.34194,99
2016-11-17 10:34:00,2016-11-17 10:35:00,1.34181,1.34184,1.34185,1.34175,1.34204,1.34207,1.34207,1.34197,63
2016-11-17 10:35:00,2016-11-17 10:36:00,1.34184,1.3419,1.34192,1.34179,1.34207,1.34211,1.34215,1.34202,84
2016-11-17 10:36:00,2016-11-17 10:37:00,1.3419,1.34174,1.34192,1.34168,1.34211,1.34197,1.34212,1.34192,252
2016-11-17 10:37:00,2016-11-17 10:38:00,1.34174,1.34173,1.34177,1.34167,1.34197,1.34195,1.34197,1.3419,144
2016-11-17 10:38:00,2016-11-17 10:39:00,1.34173,1.34179,1.34181,1.34168,1.34195,1.34199,1.34203,1.34192,277
2016-11-17 10:39:00,2016-11-17 10:40:00,1.34179,1.34191,1.34191,1.34177,1.34199,1.34214,1.34214,1.34198,211
2016-11-17 10:40:00,2016-11-17 10:41:00,1.34191,1.34176,1.34194,1.34163,1.34214,1.34197,1.34216,1.34185,297
2016-11-17 10:41:00,2016-11-17 10:42:00,1.34176,1.34182,1.34187,1.34171,1.34197,1.34206,1.34211,1.34195,266
2016-11-17 10:42:00,2016-11-17 10:43:00,1.34182,1.34174,1.3419,1.34168,1.34206,1.34195,1.34213,1.34193,230
2016-11-17 10:43:00,2016-11-17 10:44:00,1.34174,1.34158,1.34175,1.34158,1.34195,1.34182,1.34198,1.34182,190
2016-11-17 10:44:00,2016-11-17 10:45:00,1.34158,1.34153,1.34164,1.34153,1.34182,1.34177,1.34187,1.34176,72
2016-11-17 10:45:00,2016-11-17 10:46:00,1.34153,1.34136,1.34152,1.34131,1.34177,1.34157,1.34176,1.34154,117
2016-11-17 10:46:00,2016-11-17 10:47:00,1.34136,1.34154,1.34156,1.34136,1.34157,1.34177,1.34179,1.34158,155
2016-11-17 10:47:00,2016-11-17 10:48:00,1.34154,1.34167,1.34168,1.34144,1.34177,1.34189,1.34189,1.34167,155
2016-11-17 10:48:00,2016-11-17 10:49:00,1.34167,1.34149,1.34172,1.34148,1.34189,1.34172,1.34195,1.34172,211
2016-11-17 10:49:00,2016-11-17 10:50:00,1.34149,1.34161,1.34166,1.34147,1.34172,1.34184,1.34189,1.34171,150
2016-11-17 10:50:00,2016-11-17 10:51:00,1.34161,1.3416,1.34165,1.34153,1.34184,1.34185,1.34188,1.34177,101
2016-11-17 10:51:00,2016-11-17 10:52:00,1.3416,1.34152,1.34162,1.34144,1.34185,1.34175,1.34186,1.34168,120
2016-11-17 10:52:00,2016-11-17 10:53:00,1.34152,1.34149,1.34156,1.34144,1.34175,1.34171,1.34179,1.34166,131
2016-11-17 10:53:00,2016-11-17 10:54:00,1.34149,1.34153,1.34155,1.34144,1.34171,1.34176,1.34176,1.34167,95
2016-11-17 10:54:00,2016-11-17 10:55:00,1.34153,1.3415,1.34155,1.34146,1.34176,1.34172,1.34177,1.34169,68
2016-11-17 10:55:00,2016-11-17 10:56:00,1.3415,1.34167,1.34168,1.34151,1.34172,1.34189,1.34189,1.34172,118
2016-11-17 10:56:00,2016-11-17 10:57:00,1.34167,1.34155,1.34168,1.34153,1.34189,1.34179,1.34189,1.34177,54
2016-11-17 10:57:00,2016-11-17 10:58:00,1.34155,1.34153,1.34155,1.34143,1.34179,1.34174,1.34179,1.34167,115
2016-11-17 10:58:00,2016-11-17 10:59:00,1.34153,1.34136,1.34153,1.34133,1.34174,1.34161,1.34176,1.34157,150
2016-11-17 10:59:00,2016-11-17 11:00:00,1.34136,1.34101,1.34136,1.34101,1.34161,1.34125,1.3416,1.34124,427
2016-11-17 11:00:00,2016-11-17 11:01:00,1.34101,1.34116,1.34117,1.34095,1.34125,1.34139,1.34139,1.34117,410
2016-11-17 11:01:00,2016-11-17 11:02:00,1.34116,1.34107,1.34124,1.34102,1.34139,1.3413,1.34146,1.34125,169
2016-11-17 11:02:00,2016-11-17 11:03:00,1.34107,1.34104,1.34109,1.341,1.3413,1.34127,1.34131,1.3412,238
2016-11-17 11:03:00,2016-11-17 11:04:00,1.34104,1.34109,1.34116,1.34103,1.34127,1.34131,1.34136,1.34126,191
2016-11-17 11:04:00,2016-11-17 11:05:00,1.34109,1.34119,1.34124,1.34106,1.34131,1.34142,1.34144,1.3413,202
2016-11-17 11:05:00,2016-11-17 11:06:00,1.34119,1.34121,1.34125,1.34116,1.34142,1.34141,1.34146,1.3414,130
2016-11-17 11:06:00,2016-11-17 11:07:00,1.34121,1.34127,1.34131,1.3412,1.34141,1.34146,1.34151,1.3414,107
2016-11-17 11:07:00,2016-11-17 11:08:00,1.34127,1.34109,1.3413,1.34109,1.34146,1.34128,1.34147,1.34128,119
2016-11-17 11:08:00,2016-11-17 11:09:00,1.34109,1.34103,1.34112,1.34101,1.34128,1.34122,1.34131,1.34122,72
2016-11-17 11:09:00,2016-11-17 11:10:00,1.34103,1.34106,1.34106,1.341,1.34122,1.34124,1.34124,1.3412,65
2016-11-17 11:10:00,2016-11-17 11:11:00,1.34106,1.34112,1.34113,1.34103,1.34124,1.34134,1.34134,1.34122,99
2016-11-17 11:11:00,2016-11-17 11:12:00,1.34112,1.34111,1.34118,1.34106,1.34134,1.34129,1.34134,1.34128,80
2016-11-17 11:12:00,2016-11-17 11:13:00,1.34111,1.34109,1.34117,1.34108,1.34129,1.34133,1.34138,1.34129,115
2016-11-17 11:13:00,2016-11-17 11:14:00,1.34109,1.34111,1.34119,1.34108,1.34133,1.34135,1.34141,1.34132,70
2016-11-17 11:14:00,2016-11-17 11:15:00,1.34111,1.34103,1.34112,1.34098,1.34135,1.34125,1.34134,1.3412,139
2016-11-17 11:15:00,2016-11-17 11:16:00,1.34103,1.34109,1.3411,1.341,1.34125,1.34128,1.34133,1.34119,156
2016-11-17 11:16:00,2016-11-17 11:17:00,1.34109,1.34098,1.34109,1.34097,1.34128,1.34121,1.3413,1.34121,152
2016-11-17 11:17:00,2016-11-17 11:18:00,1.34098,1.34099,1.34117,1.34086,1.34121,1.34121,1.34138,1.34107,172
2016-11-17 11:18:00,2016-11-17 11:19:00,1.34099,1.34096,1.34105,1.34092,1.34121,1.3412,1.34127,1.34114,144
2016-11-17 11:19:00,2016-11-17 11:20:00,1.34096,1.34126,1.34127,1.34098,1.3412,1.34148,1.34149,1.3412,165
2016-11-17 11:20:00,2016-11-17 11:21:00,1.34126,1.34125,1.34127,1.34119,1.34148,1.34147,1.34149,1.34143,65
2016-11-17 11:21:00,2016-11-17 11:22:00,1.34125,1.34107,1.34125,1.34072,1.34147,1.3413,1.34147,1.34096,475
2016-11-17 11:22:00,2016-11-17 11:23:00,1.34107,1.34071,1.34107,1.34069,1.3413,1.3409,1.34131,1.3409,218
2016-11-17 11:23:00,2016-11-17 11:24:00,1.34071,1.34067,1.3409,1.34064,1.3409,1.34092,1.34113,1.34087,207
2016-11-17 11:24:00,2016-11-17 11:25:00,1.34067,1.34073,1.3409,1.34064,1.34092,1.34097,1.34115,1.34086,353
2016-11-17 11:25:00,2016-11-17 11:26:00,1.34073,1.34071,1.34075,1.34061,1.34097,1.34097,1.34099,1.34084,193
2016-11-17 11:26:00,2016-11-17 11:27:00,1.34071,1.34075,1.34087,1.34072,1.34097,1.34099,1.34109,1.34096,158
2016-11-17 11:27:00,2016-11-17 11:28:00,1.34075,1.34066,1.34075,1.3406,1.34099,1.34087,1.34098,1.34084,170
2016-11-17 11:28:00,2016-11-17 11:29:00,1.34066,1.34054,1.3407,1.34054,1.34087,1.34076,1.34092,1.34075,121
2016-11-17 11:29:00,2016-11-17 11:30:00,1.34054,1.34078,1.3408,1.34054,1.34076,1.341,1.34101,1.34077,245
2016-11-17 11:30:00,2016-11-17 11:31:00,1.34078,1.34082,1.3409,1.34075,1.341,1.34105,1.34113,1.34097,208
2016-11-17 11:31:00,2016-11-17 11:32:00,1.34082,1.34073,1.34089,1.34063,1.34105,1.34091,1.3411,1.34085,209
2016-11-17 11:32:00,2016-11-17 11:33:00,1.34073,1.34077,1.3409,1.3407,1.34091,1.341,1.34114,1.3409,169
2016-11-17 11:33:00,2016-11-17 11:34:00,1.34077,1.34071,1.34077,1.34069,1.341,1.34091,1.34098,1.3409,80
2016-11-17 11:34:00,2016-11-17 11:35:00,1.34071,1.34055,1.34074,1.34054,1.34091,1.34078,1.34095,1.34077,131
2016-11-17 11:35:00,2016-11-17 11:36:00,1.34055,1.34045,1.34068,1.34045,1.34078,1.34065,1.3409,1.34065,208
2016-11-17 11:36:00,2016-11-17 11:37:00,1.34045,1.34043,1.34053,1.34043,1.34065,1.34065,1.34074,1.34063,187
2016-11-17 11:37:00,2016-11-17 11:38:00,1.34043,1.34046,1.34054,1.34042,1.34065,1.34064,1.34074,1.34063,62
2016-11-17 11:38:00,2016-11-17 11:39:00,1.34046,1.34045,1.34055,1.34043,1.34064,1.34064,1.34072,1.34062,143
2016-11-17 11:39:00,2016-11-17 11:40:00,1.34045,1.34046,1.34053,1.34044,1.34064,1.34065,1.34072,1.34064,143
2016-11-17 11:40:00,2016-11-17 11:41:00,1.34046,1.34032,1.34048,1.34031,1.34065,1.34054,1.34066,1.34049,146
2016-11-17 11:41:00,2016-11-17 11:42:00,1.34032,1.34033,1.34042,1.34031,1.34054,1.34055,1.34063,1.34051,65
2016-11-17 11:42:00,2016-11-17 11:43:00,1.34033,1.34027,1.34034,1.33989,1.34055,1.34052,1.34056,1.3401,302
2016-11-17 11:43:00,2016-11-17 11:44:00,1.34027,1.34027,1.34038,1.34002,1.34052,1.34052,1.34062,1.34027,300
2016-11-17 11:44:00,2016-11-17 11:45:00,1.34027,1.34073,1.34073,1.34015,1.34052,1.34097,1.34097,1.34038,343
2016-11-17 11:45:00,2016-11-17 11:46:00,1.34073,1.34062,1.34079,1.34062,1.34097,1.34085,1.34102,1.34084,203
2016-11-17 11:46:00,2016-11-17 11:47:00,1.34062,1.34036,1.34064,1.34025,1.34085,1.34058,1.34089,1.34049,288
2016-11-17 11:47:00,2016-11-17 11:48:00,1.34036,1.34045,1.34045,1.34021,1.34058,1.34063,1.34068,1.34045,298
2016-11-17 11:48:00,2016-11-17 11:49:00,1.34045,1.34019,1.34045,1.34018,1.34063,1.34042,1.34066,1.34041,252
2016-11-17 11:49:00,2016-11-17 11:50:00,1.34019,1.34,1.34021,1.33999,1.34042,1.34025,1.34043,1.34022,119
2016-11-17 11:50:00,2016-11-17 11:51:00,1.34,1.34014,1.34021,1.34,1.34025,1.34038,1.34042,1.34021,149
2016-11-17 11:51:00,2016-11-17 11:52:00,1.34014,1.3401,1.34025,1.34008,1.34038,1.34032,1.34048,1.3403,220
2016-11-17 11:52:00,2016-11-17 11:53:00,1.3401,1.34026,1.34026,1.34009,1.34032,1.34047,1.34049,1.3403,238
2016-11-17 11:53:00,2016-11-17 11:54:00,1.34026,1.34037,1.3405,1.34025,1.34047,1.3406,1.34074,1.34047,219
2016-11-17 11:54:00,2016-11-17 11:55:00,1.34037,1.34045,1.34048,1.34034,1.3406,1.34064,1.34069,1.34058,177
2016-11-17 11:55:00,2016-11-17 11:56:00,1.34045,1.3402,1.34045,1.34018,1.34064,1.34043,1.34065,1.34038,238
2016-11-17 11:56:00,2016-11-17 11:57:00,1.3402,1.3402,1.34032,1.34014,1.34043,1.3404,1.34053,1.34034,322
2016-11-17 11:57:00,2016-11-17 11:58:00,1.3402,1.34021,1.34026,1.34013,1.3404,1.34042,1.34047,1.34032,195
2016-11-17 11:58:00,2016-11-17 11:59:00,1.34021,1.34026,1.34026,1.34019,1.34042,1.34045,1.34046,1.34038,215
2016-11-17 11:59:00,2016-11-17 12:00:00,1.34026,1.34023,1.34029,1.34009,1.34045,1.34045,1.34048,1.34029,344
2016-11-17 12:00:00,2016-11-17 12:01:00,1.34023,1.34036,1.34036,1.34019,1.34045,1.34058,1.34059,1.34035,296
2016-11-17 12:01:00,2016-11-17 12:02:00,1.34036,1.34054,1.34055,1.34036,1.34058,1.34079,1.34079,1.34058,280
2016-11-17 12:02:00,2016-11-17 12:03:00,1.34054,1.34042,1.34062,1.34034,1.34079,1.34066,1.34085,1.34056,334
2016-11-17 12:03:00,2016-11-17 12:04:00,1.34042,1.34054,1.34067,1.34042,1.34066,1.34078,1.34088,1.34066,537
2016-11-17 12:04:00,2016-11-17 12:05:00,1.34054,1.3405,1.34055,1.34022,1.34078,1.34072,1.3408,1.34046,240
2016-11-17 12:05:00,2016-11-17 12:06:00,1.3405,1.34049,1.34058,1.34049,1.34072,1.34073,1.34081,1.34071,159
2016-11-17 12:06:00,2016-11-17 12:07:00,1.34049,1.34082,1.34082,1.34049,1.34073,1.34103,1.34103,1.34074,151
2016-11-17 12:07:00,2016-11-17 12:08:00,1.34082,1.34085,1.34094,1.34082,1.34103,1.34103,1.34114,1.34102,226
2016-11-17 12:08:00,2016-11-17 12:09:00,1.34085,1.34085,1.34085,1.34071,1.34103,1.34108,1.34108,1.34092,175
2016-11-17 12:09:00,2016-11-17 12:10:00,1.34085,1.3409,1.34108,1.34085,1.34108,1.34114,1.34131,1.34109,192
2016-11-17 12:10:00,2016-11-17 12:11:00,1.3409,1.341,1.34112,1.34089,1.34114,1.34123,1.34133,1.34111,221
2016-11-17 12:11:00,2016-11-17 12:12:00,1.341,1.34117,1.34128,1.34096,1.34123,1.34139,1.34151,1.3412,420
2016-11-17 12:12:00,2016-11-17 12:13:00,1.34117,1.34108,1.34125,1.34103,1.34139,1.34129,1.34148,1.34125,363
2016-11-17 12:13:00,2016-11-17 12:14:00,1.34108,1.34109,1.34117,1.34105,1.34129,1.34134,1.3414,1.34125,241
2016-11-17 12:14:00,2016-11-17 12:15:00,1.34109,1.3411,1.34122,1.34108,1.34134,1.3413,1.34145,1.34129,211
2016-11-17 12:15:00,2016-11-17 12:16:00,1.3411,1.34135,1.34144,1.34109,1.3413,1.34156,1.34169,1.34127,306
2016-11-17 12:16:00,2016-11-17 12:17:00,1.34135,1.34117,1.34135,1.34116,1.34156,1.34139,1.34157,1.34137,158
2016-11-17 12:17:00,2016-11-17 12:18:00,1.34117,1.34125,1.34128,1.34111,1.34139,1.34146,1.34151,1.34134,222
2016-11-17 12:18:00,2016-11-17 12:19:00,1.34125,1.34128,1.34138,1.34125,1.34146,1.34153,1.34162,1.34145,221
2016-11-17 12:19:00,2016-11-17 12:20:00,1.34128,1.34134,1.34134,1.34124,1.34153,1.34159,1.34159,1.34146,244
2016-11-17 12:20:00,2016-11-17 12:21:00,1.34134,1.34117,1.34135,1.34108,1.34159,1.34141,1.3416,1.34132,219
2016-11-17 12:21:00,2016-11-17 12:22:00,1.34117,1.34118,1.34127,1.34111,1.34141,1.34142,1.3415,1.34135,350
2016-11-17 12:22:00,2016-11-17 12:23:00,1.34118,1.34107,1.34134,1.34098,1.34142,1.34132,1.34157,1.34121,424
2016-11-17 12:23:00,2016-11-17 12:24:00,1.34107,1.3409,1.34118,1.34089,1.34132,1.34115,1.34143,1.34114,378
2016-11-17 12:24:00,2016-11-17 12:25:00,1.3409,1.34099,1.34108,1.3409,1.34115,1.34119,1.34131,1.34112,269
2016-11-17 12:25:00,2016-11-17 12:26:00,1.34099,1.3407,1.34101,1.3406,1.34119,1.34088,1.34122,1.34082,193
2016-11-17 12:26:00,2016-11-17 12:27:00,1.3407,1.34079,1.34091,1.34069,1.34088,1.34101,1.34111,1.34088,141
2016-11-17 12:27:00,2016-11-17 12:28:00,1.34079,1.34089,1.3409,1.3407,1.34101,1.34113,1.34113,1.34092,175
2016-11-17 12:28:00,2016-11-17 12:29:00,1.34089,1.3409,1.34105,1.34085,1.34113,1.34116,1.34126,1.34108,312
2016-11-17 12:29:00,2016-11-17 12:30:00,1.3409,1.3412,1.34126,1.3409,1.34116,1.34142,1.34149,1.34115,258
2016-11-17 12:30:00,2016-11-17 12:31:00,1.3412,1.34117,1.34134,1.34114,1.34142,1.34139,1.34156,1.34136,216
2016-11-17 12:31:00,2016-11-17 12:32:00,1.34117,1.34139,1.34147,1.34115,1.34139,1.34159,1.3417,1.34139,243
2016-11-17 12:32:00,2016-11-17 12:33:00,1.34139,1.3413,1.34146,1.34116,1.34159,1.34148,1.34168,1.34137,245
2016-11-17 12:33:00,2016-11-17 12:34:00,1.3413,1.34135,1.34147,1.34131,1.34148,1.34157,1.3417,1.34148,221
2016-11-17 12:34:00,2016-11-17 12:35:00,1.34135,1.34154,1.34154,1.34136,1.34157,1.34173,1.34173,1.34157,93
2016-11-17 12:35:00,2016-11-17 12:36:00,1.34154,1.34145,1.34159,1.34143,1.34173,1.34166,1.34177,1.34163,161
2016-11-17 12:36:00,2016-11-17 12:37:00,1.34145,1.34136,1.34145,1.34131,1.34166,1.34157,1.34166,1.34152,158
2016-11-17 12:37:00,2016-11-17 12:38:00,1.34136,1.34126,1.34144,1.34124,1.34157,1.34146,1.34164,1.34144,139
2016-11-17 12:38:00,2016-11-17 12:39:00,1.34126,1.34123,1.34128,1.34119,1.34146,1.34145,1.3415,1.34141,136
2016-11-17 12:39:00,2016-11-17 12:40:00,1.34123,1.34134,1.34139,1.3412,1.34145,1.34156,1.3416,1.34144,279
2016-11-17 12:40:00,2016-11-17 12:41:00,1.34134,1.34151,1.34151,1.34131,1.34156,1.34173,1.34174,1.34154,235
2016-11-17 12:41:00,2016-11-17 12:42:00,1.34151,1.34117,1.3416,1.34113,1.34173,1.34141,1.34183,1.34138,272
2016-11-17 12:42:00,2016-11-17 12:43:00,1.34117,1.34131,1.34132,1.34116,1.34141,1.34154,1.34155,1.3414,115
2016-11-17 12:43:00,2016-11-17 12:44:00,1.34131,1.34117,1.34131,1.34117,1.34154,1.3414,1.34155,1.3414,156
2016-11-17 12:44:00,2016-11-17 12:45:00,1.34117,1.34125,1.34126,1.34106,1.3414,1.34148,1.34151,1.3413,146
2016-11-17 12:45:00,2016-11-17 12:46:00,1.34125,1.34162,1.34169,1.34125,1.34148,1.34185,1.34188,1.34149,131
2016-11-17 12:46:00,2016-11-17 12:47:00,1.34162,1.34179,1.34184,1.34158,1.34185,1.34202,1.34204,1.34181,204
2016-11-17 12:47:00,2016-11-17 12:48:00,1.34179,1.34177,1.3419,1.34171,1.34202,1.34199,1.34212,1.34193,270
2016-11-17 12:48:00,2016-11-17 12:49:00,1.34177,1.34176,1.34193,1.34173,1.34199,1.34197,1.34214,1.34195,164
2016-11-17 12:49:00,2016-11-17 12:50:00,1.34176,1.34172,1.34184,1.34168,1.34197,1.34196,1.34205,1.34191,185
2016-11-17 12:50:00,2016-11-17 12:51:00,1.34172,1.34184,1.34191,1.34171,1.34196,1.34206,1.34213,1.34193,290
2016-11-17 12:51:00,2016-11-17 12:52:00,1.34184,1.34187,1.34195,1.34183,1.34206,1.34208,1.34216,1.34205,230
2016-11-17 12:52:00,2016-11-17 12:53:00,1.34187,1.34226,1.34228,1.34187,1.34208,1.34245,1.34249,1.34209,254
2016-11-17 12:53:00,2016-11-17 12:54:00,1.34226,1.34249,1.34252,1.34212,1.34245,1.34273,1.34277,1.34235,247
2016-11-17 12:54:00,2016-11-17 12:55:00,1.34249,1.34236,1.34251,1.34233,1.34273,1.34259,1.34276,1.34256,293
2016-11-17 12:55:00,2016-11-17 12:56:00,1.34236,1.34223,1.34241,1.34223,1.34259,1.34246,1.34264,1.34245,162
2016-11-17 12:56:00,2016-11-17 12:57:00,1.34223,1.34231,1.34232,1.34223,1.34246,1.34253,1.34254,1.34244,211
2016-11-17 12:57:00,2016-11-17 12:58:00,1.34231,1.34217,1.34235,1.34204,1.34253,1.34239,1.34257,1.34226,229
2016-11-17 12:58:00,2016-11-17 12:59:00,1.34217,1.34234,1.34235,1.34189,1.34239,1.34252,1.34252,1.34214,608
2016-11-17 12:59:00,2016-11-17 13:00:00,1.34234,1.34231,1.34303,1.34227,1.34252,1.34253,1.34325,1.34245,1660
2016-11-17 13:00:00,2016-11-17 13:01:00,1.34231,1.34187,1.34276,1.34171,1.34253,1.34211,1.343,1.34195,2088
2016-11-17 13:01:00,2016-11-17 13:02:00,1.34187,1.34171,1.34219,1.34156,1.34211,1.34195,1.34247,1.34185,1138
2016-11-17 13:02:00,2016-11-17 13:03:00,1.34171,1.34169,1.34198,1.3415,1.34195,1.3419,1.34219,1.34172,1121
2016-11-17 13:03:00,2016-11-17 13:04:00,1.34169,1.34197,1.34205,1.34155,1.3419,1.34221,1.3423,1.34178,1246
2016-11-17 13:04:00,2016-11-17 13:05:00,1.34197,1.34241,1.34257,1.34197,1.34221,1.34266,1.34278,1.34221,918
2016-11-17 13:05:00,2016-11-17 13:06:00,1.34241,1.34292,1.34295,1.34241,1.34266,1.34316,1.3432,1.34267,673
2016-11-17 13:06:00,2016-11-17 13:07:00,1.34292,1.34252,1.34312,1.34232,1.34316,1.34276,1.34335,1.34256,918
2016-11-17 13:07:00,2016-11-17 13:08:00,1.34252,1.34269,1.34273,1.34252,1.34276,1.34292,1.34296,1.34275,615
2016-11-17 13:08:00,2016-11-17 13:09:00,1.34269,1.34321,1.34325,1.34269,1.34292,1.34345,1.34349,1.34291,573
2016-11-17 13:09:00,2016-11-17 13:10:00,1.34321,1.34318,1.34369,1.34318,1.34345,1.34341,1.34394,1.3434,782
2016-11-17 13:10:00,2016-11-17 13:11:00,1.34318,1.34344,1.34344,1.3428,1.34341,1.34366,1.34367,1.34301,534
2016-11-17 13:11:00,2016-11-17 13:12:00,1.34344,1.34305,1.34344,1.34304,1.34366,1.34329,1.34366,1.34326,451
2016-11-17 13:12:00,2016-11-17 13:13:00,1.34305,1.34293,1.34315,1.34277,1.34329,1.34315,1.34336,1.34302,491
2016-11-17 13:13:00,2016-11-17 13:14:00,1.34293,1.34261,1.34308,1.34251,1.34315,1.34285,1.3433,1.34276,524
2016-11-17 13:14:00,2016-11-17 13:15:00,1.34261,1.34242,1.34261,1.34238,1.34285,1.34267,1.34286,1.34264,586
2016-11-17 13:15:00,2016-11-17 13:16:00,1.34242,1.34242,1.34252,1.3424,1.34267,1.34267,1.34276,1.34263,319
2016-11-17 13:16:00,2016-11-17 13:17:00,1.34242,1.34249,1.34252,1.34199,1.34267,1.34272,1.34274,1.3422,658
2016-11-17 13:17:00,2016-11-17 13:18:00,1.34249,1.34246,1.34264,1.34241,1.34272,1.3427,1.34286,1.34267,532
2016-11-17 13:18:00,2016-11-17 13:19:00,1.34246,1.34245,1.34255,1.34232,1.3427,1.34266,1.34276,1.34255,457
2016-11-17 13:19:00,2016-11-17 13:20:00,1.34245,1.3422,1.34268,1.3421,1.34266,1.34241,1.34289,1.3423,888
2016-11-17 13:20:00,2016-11-17 13:21:00,1.3422,1.34227,1.34237,1.34202,1.34241,1.34251,1.34259,1.34226,631
2016-11-17 13:21:00,2016-11-17 13:22:00,1.34227,1.34209,1.34233,1.34206,1.34251,1.34232,1.34255,1.34229,451
2016-11-17 13:22:00,2016-11-17 13:23:00,1.34209,1.34217,1.34226,1.34202,1.34232,1.34239,1.34249,1.34224,408
2016-11-17 13:23:00,2016-11-17 13:24:00,1.34217,1.34215,1.34226,1.34207,1.34239,1.34238,1.34248,1.34228,276
2016-11-17 13:24:00,2016-11-17 13:25:00,1.34215,1.34236,1.34258,1.34213,1.34238,1.34259,1.34279,1.34236,432
2016-11-17 13:25:00,2016-11-17 13:26:00,1.34236,1.34214,1.34238,1.34213,1.34259,1.34239,1.34263,1.34238,281
2016-11-17 13:26:00,2016-11-17 13:27:00,1.34214,1.34208,1.34216,1.34204,1.34239,1.34233,1.34241,1.34227,357
2016-11-17 13:27:00,2016-11-17 13:28:00,1.34208,1.34236,1.34244,1.34207,1.34233,1.34263,1.34268,1.34228,327
2016-11-17 13:28:00,2016-11-17 13:29:00,1.34236,1.34208,1.34239,1.34203,1.34263,1.34243,1.34267,1.34236,517
2016-11-17 13:29:00,2016-11-17 13:30:00,1.34208,1.34336,1.34342,1.34149,1.34243,1.34362,1.34373,1.34177,1276
2016-11-17 13:30:00,2016-11-17 13:31:00,1.34336,1.34317,1.34371,1.34311,1.34362,1.34344,1.34398,1.34337,1101
2016-11-17 13:31:00,2016-11-17 13:32:00,1.34317,1.34409,1.34413,1.34318,1.34344,1.34429,1.34439,1.34344,1235
2016-11-17 13:32:00,2016-11-17 13:33:00,1.34409,1.34413,1.34415,1.3435,1.34429,1.34436,1.3444,1.34379,1028
2016-11-17 13:33:00,2016-11-17 13:34:00,1.34413,1.34343,1.34419,1.3434,1.34436,1.34368,1.34443,1.3436,778
2016-11-17 13:34:00,2016-11-17 13:35:00,1.34343,1.34346,1.34356,1.34323,1.34368,1.34366,1.34379,1.34349,830
2016-11-17 13:35:00,2016-11-17 13:36:00,1.34346,1.34348,1.34363,1.34321,1.34366,1.34371,1.34382,1.34344,710
2016-11-17 13:36:00,2016-11-17 13:37:00,1.34348,1.34318,1.3436,1.3427,1.34371,1.34341,1.34379,1.34293,730
2016-11-17 13:37:00,2016-11-17 13:38:00,1.34318,1.34271,1.34317,1.34269,1.34341,1.34291,1.34341,1.3429,669
2016-11-17 13:38:00,2016-11-17 13:39:00,1.34271,1.34295,1.34311,1.34262,1.34291,1.34317,1.34333,1.34283,594
2016-11-17 13:39:00,2016-11-17 13:40:00,1.34295,1.34361,1.3437,1.34295,1.34317,1.34381,1.34391,1.34318,714
2016-11-17 13:40:00,2016-11-17 13:41:00,1.34361,1.34341,1.34364,1.3433,1.34381,1.34364,1.34386,1.34354,1049
2016-11-17 13:41:00,2016-11-17 13:42:00,1.34341,1.34331,1.34364,1.34318,1.34364,1.34355,1.34386,1.34344,837
2016-11-17 13:42:00,2016-11-17 13:43:00,1.34331,1.34359,1.34359,1.34325,1.34355,1.34379,1.34379,1.34348,499
2016-11-17 13:43:00,2016-11-17 13:44:00,1.34359,1.34365,1.34392,1.3435,1.34379,1.3439,1.34412,1.34375,419
2016-11-17 13:44:00,2016-11-17 13:45:00,1.34365,1.34419,1.3442,1.34356,1.3439,1.34441,1.34441,1.34381,451
2016-11-17 13:45:00,2016-11-17 13:46:00,1.34419,1.34416,1.34427,1.34409,1.34441,1.34438,1.34449,1.34433,571
2016-11-17 13:46:00,2016-11-17 13:47:00,1.34416,1.34464,1.34477,1.34414,1.34438,1.34485,1.34502,1.34434,475
2016-11-17 13:47:00,2016-11-17 13:48:00,1.34464,1.34469,1.34488,1.34452,1.34485,1.34491,1.34506,1.34474,696
2016-11-17 13:48:00,2016-11-17 13:49:00,1.34469,1.34475,1.34482,1.34445,1.34491,1.34499,1.34502,1.34468,387
2016-11-17 13:49:00,2016-11-17 13:50:00,1.34475,1.34436,1.34479,1.34433,1.34499,1.34457,1.345,1.34454,468
2016-11-17 13:50:00,2016-11-17 13:51:00,1.34436,1.34393,1.34449,1.3439,1.34457,1.34413,1.34471,1.34411,661
2016-11-17 13:51:00,2016-11-17 13:52:00,1.34393,1.34385,1.34393,1.34356,1.34413,1.34406,1.34414,1.34378,641
2016-11-17 13:52:00,2016-11-17 13:53:00,1.34385,1.34377,1.34405,1.34366,1.34406,1.34399,1.34426,1.34389,439
2016-11-17 13:53:00,2016-11-17 13:54:00,1.34377,1.3437,1.34378,1.34353,1.34399,1.34388,1.344,1.34375,472
2016-11-17 13:54:00,2016-11-17 13:55:00,1.3437,1.34393,1.34403,1.34335,1.34388,1.34414,1.34427,1.34358,709
2016-11-17 13:55:00,2016-11-17 13:56:00,1.34393,1.34368,1.34393,1.34358,1.34414,1.34391,1.34414,1.34382,665
2016-11-17 13:56:00,2016-11-17 13:57:00,1.34368,1.34339,1.34375,1.34331,1.34391,1.34363,1.34396,1.34356,560
2016-11-17 13:57:00,2016-11-17 13:58:00,1.34339,1.34321,1.34348,1.34303,1.34363,1.34344,1.34371,1.34325,363
2016-11-17 13:58:00,2016-11-17 13:59:00,1.34321,1.34269,1.34325,1.34261,1.34344,1.3429,1.34346,1.34285,573
2016-11-17 13:59:00,2016-11-17 14:00:00,1.34269,1.34255,1.3427,1.34229,1.3429,1.34278,1.34295,1.34253,637
2016-11-17 14:00:00,2016-11-17 14:01:00,1.34255,1.3423,1.3426,1.34224,1.34278,1.34251,1.34282,1.34244,433
2016-11-17 14:01:00,2016-11-17 14:02:00,1.3423,1.34231,1.34267,1.34229,1.34251,1.34255,1.34288,1.34248,541
2016-11-17 14:02:00,2016-11-17 14:03:00,1.34231,1.34218,1.34232,1.34195,1.34255,1.34242,1.34255,1.3422,526
2016-11-17 14:03:00,2016-11-17 14:04:00,1.34218,1.34245,1.34248,1.34217,1.34242,1.3427,1.34273,1.34242,409
2016-11-17 14:04:00,2016-11-17 14:05:00,1.34245,1.34227,1.34251,1.34226,1.3427,1.34251,1.34276,1.3425,317
2016-11-17 14:05:00,2016-11-17 14:06:00,1.34227,1.34224,1.34233,1.34211,1.34251,1.34246,1.34256,1.34233,508
2016-11-17 14:06:00,2016-11-17 14:07:00,1.34224,1.34181,1.34224,1.34179,1.34246,1.34202,1.34246,1.34202,380
2016-11-17 14:07:00,2016-11-17 14:08:00,1.34181,1.34185,1.34198,1.34159,1.34202,1.34209,1.3422,1.34183,639
2016-11-17 14:08:00,2016-11-17 14:09:00,1.34185,1.34176,1.34204,1.34173,1.34209,1.342,1.34228,1.34196,444
2016-11-17 14:09:00,2016-11-17 14:10:00,1.34176,1.34175,1.34184,1.34167,1.342,1.34195,1.34209,1.34188,150
2016-11-17 14:10:00,2016-11-17 14:11:00,1.34175,1.34151,1.34189,1.34146,1.34195,1.34175,1.34213,1.34168,495
2016-11-17 14:11:00,2016-11-17 14:12:00,1.34151,1.34142,1.34161,1.34141,1.34175,1.34166,1.34185,1.34163,301
2016-11-17 14:12:00,2016-11-17 14:13:00,1.34142,1.34183,1.34189,1.34141,1.34166,1.342,1.34211,1.34166,500
2016-11-17 14:13:00,2016-11-17 14:14:00,1.34183,1.34192,1.34205,1.34177,1.342,1.34216,1.34226,1.342,386
2016-11-17 14:14:00,2016-11-17 14:15:00,1.34192,1.34162,1.34192,1.34152,1.34216,1.34185,1.34217,1.34177,418
2016-11-17 14:15:00,2016-11-17 14:16:00,1.34162,1.34198,1.34201,1.34163,1.34185,1.34219,1.34221,1.34185,454
2016-11-17 14:16:00,2016-11-17 14:17:00,1.34198,1.34207,1.34217,1.34181,1.34219,1.3423,1.3424,1.34203,348
2016-11-17 14:17:00,2016-11-17 14:18:00,1.34207,1.34162,1.34212,1.3416,1.3423,1.34186,1.34233,1.34185,422
2016-11-17 14:18:00,2016-11-17 14:19:00,1.34162,1.34153,1.34178,1.34151,1.34186,1.34176,1.34201,1.34172,329
2016-11-17 14:19:00,2016-11-17 14:20:00,1.34153,1.34135,1.34155,1.34129,1.34176,1.34159,1.34176,1.3415,329
2016-11-17 14:20:00,2016-11-17 14:21:00,1.34135,1.34134,1.34144,1.34129,1.34159,1.34158,1.34168,1.3415,330
2016-11-17 14:21:00,2016-11-17 14:22:00,1.34134,1.34116,1.3414,1.34114,1.34158,1.34139,1.34162,1.34138,231
2016-11-17 14:22:00,2016-11-17 14:23:00,1.34116,1.34115,1.34127,1.34111,1.34139,1.34139,1.34151,1.34134,246
2016-11-17 14:23:00,2016-11-17 14:24:00,1.34115,1.34092,1.34125,1.34092,1.34139,1.34116,1.34147,1.34113,691
2016-11-17 14:24:00,2016-11-17 14:25:00,1.34092,1.34111,1.3412,1.34089,1.34116,1.34129,1.34144,1.3411,614
2016-11-17 14:25:00,2016-11-17 14:26:00,1.34111,1.34107,1.34124,1.34105,1.34129,1.34132,1.34143,1.34127,454
2016-11-17 14:26:00,2016-11-17 14:27:00,1.34107,1.34143,1.34144,1.34104,1.34132,1.34165,1.34165,1.34126,395
2016-11-17 14:27:00,2016-11-17 14:28:00,1.34143,1.34151,1.34163,1.34141,1.34165,1.34171,1.34187,1.34164,463
2016-11-17 14:28:00,2016-11-17 14:29:00,1.34151,1.34105,1.34151,1.34093,1.34171,1.34131,1.34173,1.34117,506
2016-11-17 14:29:00,2016-11-17 14:30:00,1.34105,1.34131,1.34131,1.34094,1.34131,1.34154,1.34154,1.34113,838
2016-11-17 14:30:00,2016-11-17 14:31:00,1.34131,1.34208,1.34208,1.34129,1.34154,1.34231,1.34231,1.34154,905
2016-11-17 14:31:00,2016-11-17 14:32:00,1.34208,1.34148,1.34225,1.3414,1.34231,1.34171,1.34247,1.34163,815
2016-11-17 14:32:00,2016-11-17 14:33:00,1.34148,1.34112,1.34169,1.34069,1.34171,1.34141,1.34191,1.34092,1508
2016-11-17 14:33:00,2016-11-17 14:34:00,1.34112,1.34091,1.34123,1.34049,1.34141,1.34113,1.34149,1.34074,1070
2016-11-17 14:34:00,2016-11-17 14:35:00,1.34091,1.34041,1.34091,1.34037,1.34113,1.34065,1.34113,1.34061,737
2016-11-17 14:35:00,2016-11-17 14:36:00,1.34041,1.34058,1.34065,1.34034,1.34065,1.34079,1.34086,1.34056,777
2016-11-17 14:36:00,2016-11-17 14:37:00,1.34058,1.34075,1.34078,1.34044,1.34079,1.34097,1.341,1.34063,741
2016-11-17 14:37:00,2016-11-17 14:38:00,1.34075,1.3408,1.34081,1.34059,1.34097,1.34099,1.34103,1.3408,550
2016-11-17 14:38:00,2016-11-17 14:39:00,1.3408,1.34122,1.34123,1.34076,1.34099,1.34146,1.34147,1.34099,747
2016-11-17 14:39:00,2016-11-17 14:40:00,1.34122,1.34113,1.34134,1.34105,1.34146,1.34133,1.34157,1.34127,701
2016-11-17 14:40:00,2016-11-17 14:41:00,1.34113,1.34091,1.34116,1.34079,1.34133,1.34114,1.34139,1.34101,576
2016-11-17 14:41:00,2016-11-17 14:42:00,1.34091,1.34103,1.34118,1.34078,1.34114,1.34125,1.34141,1.34104,848
2016-11-17 14:42:00,2016-11-17 14:43:00,1.34103,1.34138,1.34146,1.34102,1.34125,1.34157,1.34169,1.34125,978
2016-11-17 14:43:00,2016-11-17 14:44:00,1.34138,1.34142,1.34162,1.3412,1.34157,1.34163,1.34182,1.34144,639
2016-11-17 14:44:00,2016-11-17 14:45:00,1.34142,1.34141,1.34153,1.34129,1.34163,1.34161,1.34174,1.34151,892
2016-11-17 14:45:00,2016-11-17 14:46:00,1.34141,1.34143,1.34147,1.34124,1.34161,1.34166,1.3417,1.34146,582
2016-11-17 14:46:00,2016-11-17 14:47:00,1.34143,1.34131,1.34145,1.3412,1.34166,1.34153,1.34168,1.34144,536
2016-11-17 14:47:00,2016-11-17 14:48:00,1.34131,1.34189,1.34192,1.34132,1.34153,1.34214,1.34214,1.34155,852
2016-11-17 14:48:00,2016-11-17 14:49:00,1.34189,1.34208,1.34222,1.34186,1.34214,1.34231,1.34242,1.34209,938
2016-11-17 14:49:00,2016-11-17 14:50:00,1.34208,1.34218,1.34227,1.34206,1.34231,1.34241,1.3425,1.34228,849
2016-11-17 14:50:00,2016-11-17 14:51:00,1.34218,1.34202,1.34232,1.34202,1.34241,1.34224,1.34255,1.34222,782
2016-11-17 14:51:00,2016-11-17 14:52:00,1.34202,1.34219,1.34221,1.34197,1.34224,1.34244,1.34244,1.3422,625
2016-11-17 14:52:00,2016-11-17 14:53:00,1.34219,1.34221,1.34251,1.34208,1.34244,1.34245,1.34273,1.3423,459
2016-11-17 14:53:00,2016-11-17 14:54:00,1.34221,1.34217,1.3423,1.34213,1.34245,1.34241,1.3425,1.34233,391
2016-11-17 14:54:00,2016-11-17 14:55:00,1.34217,1.34183,1.3422,1.34183,1.34241,1.34207,1.34244,1.34207,338
2016-11-17 14:55:00,2016-11-17 14:56:00,1.34183,1.34223,1.34229,1.3418,1.34207,1.34249,1.34253,1.34203,363
2016-11-17 14:56:00,2016-11-17 14:57:00,1.34223,1.34198,1.34224,1.3419,1.34249,1.34221,1.34248,1.34215,268
2016-11-17 14:57:00,2016-11-17 14:58:00,1.34198,1.3419,1.34208,1.34169,1.34221,1.34212,1.34233,1.34194,369
2016-11-17 14:58:00,2016-11-17 14:59:00,1.3419,1.34209,1.34254,1.34177,1.34212,1.34233,1.34278,1.34197,676
2016-11-17 14:59:00,2016-11-17 15:00:00,1.34209,1.34206,1.3422,1.34188,1.34233,1.34226,1.3424,1.34211,646
2016-11-17 15:00:00,2016-11-17 15:01:00,1.34206,1.34198,1.34225,1.34196,1.34226,1.34219,1.34247,1.34216,356
2016-11-17 15:01:00,2016-11-17 15:02:00,1.34198,1.34227,1.34243,1.34168,1.34219,1.34251,1.34266,1.34191,668
2016-11-17 15:02:00,2016-11-17 15:03:00,1.34227,1.34226,1.34258,1.34216,1.34251,1.3425,1.34282,1.3424,807
2016-11-17 15:03:00,2016-11-17 15:04:00,1.34226,1.34203,1.34242,1.34199,1.3425,1.34227,1.34261,1.34223,512
2016-11-17 15:04:00,2016-11-17 15:05:00,1.34203,1.34216,1.34221,1.34195,1.34227,1.3424,1.34246,1.34216,565
2016-11-17 15:05:00,2016-11-17 15:06:00,1.34216,1.34178,1.34221,1.34178,1.3424,1.34202,1.34245,1.34201,449
2016-11-17 15:06:00,2016-11-17 15:07:00,1.34178,1.34181,1.34192,1.34161,1.34202,1.34204,1.34214,1.34185,369
2016-11-17 15:07:00,2016-11-17 15:08:00,1.34181,1.34177,1.34189,1.34156,1.34204,1.34198,1.3421,1.34181,437
2016-11-17 15:08:00,2016-11-17 15:09:00,1.34177,1.34192,1.34234,1.34175,1.34198,1.34212,1.34256,1.34195,737
2016-11-17 15:09:00,2016-11-17 15:10:00,1.34192,1.34177,1.34198,1.34172,1.34212,1.34196,1.34219,1.34194,503
2016-11-17 15:10:00,2016-11-17 15:11:00,1.34177,1.34189,1.34195,1.34176,1.34196,1.34211,1.34213,1.34196,442
2016-11-17 15:11:00,2016-11-17 15:12:00,1.34189,1.34179,1.3419,1.34173,1.34211,1.34202,1.34211,1.34195,381
2016-11-17 15:12:00,2016-11-17 15:13:00,1.34179,1.34173,1.34205,1.34169,1.34202,1.34194,1.34228,1.34192,560
2016-11-17 15:13:00,2016-11-17 15:14:00,1.34173,1.34178,1.3419,1.34157,1.34194,1.34199,1.3421,1.34181,434
2016-11-17 15:14:00,2016-11-17 15:15:00,1.34178,1.34166,1.34186,1.34156,1.34199,1.34186,1.34202,1.3418,434
2016-11-17 15:15:00,2016-11-17 15:16:00,1.34166,1.34176,1.34185,1.34164,1.34186,1.34199,1.34205,1.34187,490
2016-11-17 15:16:00,2016-11-17 15:17:00,1.34176,1.34172,1.34181,1.34165,1.34199,1.34189,1.34202,1.34185,229
2016-11-17 15:17:00,2016-11-17 15:18:00,1.34172,1.34215,1.34223,1.34169,1.34189,1.34235,1.34243,1.34187,471
2016-11-17 15:18:00,2016-11-17 15:19:00,1.34215,1.34226,1.34251,1.34213,1.34235,1.34244,1.34272,1.34233,574
2016-11-17 15:19:00,2016-11-17 15:20:00,1.34226,1.34251,1.34255,1.34218,1.34244,1.34274,1.34277,1.34238,657
2016-11-17 15:20:00,2016-11-17 15:21:00,1.34251,1.34185,1.34255,1.34176,1.34274,1.34205,1.34276,1.34197,421
2016-11-17 15:21:00,2016-11-17 15:22:00,1.34185,1.34165,1.34186,1.34162,1.34205,1.34187,1.34206,1.34182,525
2016-11-17 15:22:00,2016-11-17 15:23:00,1.34165,1.34195,1.34212,1.34155,1.34187,1.34218,1.34232,1.34176,531
2016-11-17 15:23:00,2016-11-17 15:24:00,1.34195,1.34226,1.34235,1.34186,1.34218,1.34247,1.34258,1.34209,758
2016-11-17 15:24:00,2016-11-17 15:25:00,1.34226,1.34238,1.34263,1.34195,1.34247,1.34261,1.34285,1.34219,1285
2016-11-17 15:25:00,2016-11-17 15:26:00,1.34238,1.34199,1.34242,1.34191,1.34261,1.34223,1.34264,1.34214,992
2016-11-17 15:26:00,2016-11-17 15:27:00,1.34199,1.34206,1.34218,1.34185,1.34223,1.3423,1.34238,1.34209,564
2016-11-17 15:27:00,2016-11-17 15:28:00,1.34206,1.34172,1.3421,1.34171,1.3423,1.34195,1.34232,1.34193,472
2016-11-17 15:28:00,2016-11-17 15:29:00,1.34172,1.34161,1.34194,1.34159,1.34195,1.34182,1.34216,1.34179,461
2016-11-17 15:29:00,2016-11-17 15:30:00,1.34161,1.34237,1.34247,1.3416,1.34182,1.34259,1.3427,1.34181,1009
2016-11-17 15:30:00,2016-11-17 15:31:00,1.34237,1.34231,1.34262,1.34219,1.34259,1.34254,1.34283,1.34241,1283
2016-11-17 15:31:00,2016-11-17 15:32:00,1.34231,1.34225,1.34244,1.34196,1.34254,1.3425,1.34267,1.3422,1219
2016-11-17 15:32:00,2016-11-17 15:33:00,1.34225,1.34199,1.34262,1.34187,1.3425,1.3422,1.34284,1.3421,1050
2016-11-17 15:33:00,2016-11-17 15:34:00,1.34199,1.34211,1.34217,1.34168,1.3422,1.34235,1.34238,1.34192,778
2016-11-17 15:34:00,2016-11-17 15:35:00,1.34211,1.34261,1.34264,1.34207,1.34235,1.34286,1.34286,1.34231,901
2016-11-17 15:35:00,2016-11-17 15:36:00,1.34261,1.34231,1.3427,1.34229,1.34286,1.34254,1.34294,1.34254,530
2016-11-17 15:36:00,2016-11-17 15:37:00,1.34231,1.3423,1.34253,1.34223,1.34254,1.34253,1.34278,1.34244,588
2016-11-17 15:37:00,2016-11-17 15:38:00,1.3423,1.34264,1.34264,1.34223,1.34253,1.34288,1.34288,1.34245,591
2016-11-17 15:38:00,2016-11-17 15:39:00,1.34264,1.34288,1.34309,1.34264,1.34288,1.34308,1.34332,1.34286,512
2016-11-17 15:39:00,2016-11-17 15:40:00,1.34288,1.34298,1.34309,1.34256,1.34308,1.34317,1.34329,1.34277,549
2016-11-17 15:40:00,2016-11-17 15:41:00,1.34298,1.34294,1.3431,1.34288,1.34317,1.34317,1.34332,1.34305,389
2016-11-17 15:41:00,2016-11-17 15:42:00,1.34294,1.34289,1.34324,1.34287,1.34317,1.34313,1.34348,1.34308,478
2016-11-17 15:42:00,2016-11-17 15:43:00,1.34289,1.34278,1.343,1.34256,1.34313,1.34301,1.34325,1.34277,694
2016-11-17 15:43:00,2016-11-17 15:44:00,1.34278,1.34294,1.343,1.3427,1.34301,1.34315,1.34325,1.34292,582
2016-11-17 15:44:00,2016-11-17 15:45:00,1.34294,1.34299,1.34302,1.34273,1.34315,1.34322,1.34325,1.34296,702
2016-11-17 15:45:00,2016-11-17 15:46:00,1.34299,1.34314,1.34348,1.34294,1.34322,1.34335,1.3437,1.34317,889
2016-11-17 15:46:00,2016-11-17 15:47:00,1.34314,1.34306,1.34328,1.34303,1.34335,1.34328,1.34349,1.34325,602
2016-11-17 15:47:00,2016-11-17 15:48:00,1.34306,1.34305,1.3433,1.34295,1.34328,1.34326,1.34351,1.34318,464
2016-11-17 15:48:00,2016-11-17 15:49:00,1.34305,1.34286,1.34305,1.34259,1.34326,1.34309,1.34327,1.34278,660
2016-11-17 15:49:00,2016-11-17 15:50:00,1.34286,1.34265,1.34295,1.34251,1.34309,1.34287,1.34317,1.34275,573
2016-11-17 15:50:00,2016-11-17 15:51:00,1.34265,1.34242,1.34267,1.34233,1.34287,1.34266,1.34287,1.34257,578
2016-11-17 15:51:00,2016-11-17 15:52:00,1.34242,1.34261,1.34273,1.3424,1.34266,1.34285,1.34293,1.34264,407
2016-11-17 15:52:00,2016-11-17 15:53:00,1.34261,1.34261,1.34267,1.34241,1.34285,1.34282,1.34289,1.34264,592
2016-11-17 15:53:00,2016-11-17 15:54:00,1.34261,1.34259,1.34262,1.34218,1.34282,1.34279,1.34284,1.34243,578
2016-11-17 15:54:00,2016-11-17 15:55:00,1.34259,1.34231,1.34264,1.34225,1.34279,1.34256,1.34285,1.34247,540
2016-11-17 15:55:00,2016-11-17 15:56:00,1.34231,1.34214,1.34233,1.34197,1.34256,1.34238,1.34256,1.34218,558
2016-11-17 15:56:00,2016-11-17 15:57:00,1.34214,1.34181,1.34227,1.3418,1.34238,1.34203,1.34251,1.342,562
2016-11-17 15:57:00,2016-11-17 15:58:00,1.34181,1.34202,1.34208,1.34176,1.34203,1.34224,1.3423,1.34198,560
2016-11-17 15:58:00,2016-11-17 15:59:00,1.34202,1.34142,1.34206,1.34131,1.34224,1.34164,1.34226,1.34155,847
2016-11-17 15:59:00,2016-11-17 16:00:00,1.34142,1.34181,1.3419,1.34141,1.34164,1.34204,1.34213,1.34163,583
2016-11-17 16:00:00,2016-11-17 16:01:00,1.34181,1.34202,1.34204,1.34165,1.34204,1.34216,1.34217,1.34184,524
2016-11-17 16:01:00,2016-11-17 16:02:00,1.34202,1.34172,1.34219,1.34168,1.34216,1.34196,1.34237,1.3419,527
2016-11-17 16:02:00,2016-11-17 16:03:00,1.34172,1.34194,1.34201,1.34162,1.34196,1.34211,1.3422,1.34184,339
2016-11-17 16:03:00,2016-11-17 16:04:00,1.34194,1.34199,1.342,1.34182,1.34211,1.34222,1.34222,1.34201,366
2016-11-17 16:04:00,2016-11-17 16:05:00,1.34199,1.3419,1.34209,1.34181,1.34222,1.34211,1.34227,1.34203,255
2016-11-17 16:05:00,2016-11-17 16:06:00,1.3419,1.34158,1.34192,1.34158,1.34211,1.34182,1.34212,1.3418,323
2016-11-17 16:06:00,2016-11-17 16:07:00,1.34158,1.34191,1.34202,1.34159,1.34182,1.34211,1.34224,1.34182,462
2016-11-17 16:07:00,2016-11-17 16:08:00,1.34191,1.34151,1.34193,1.34141,1.34211,1.34171,1.34215,1.34165,351
2016-11-17 16:08:00,2016-11-17 16:09:00,1.34151,1.34147,1.34168,1.34134,1.34171,1.3417,1.34191,1.34155,361
2016-11-17 16:09:00,2016-11-17 16:10:00,1.34147,1.34144,1.34149,1.34139,1.3417,1.34166,1.34169,1.3416,233
2016-11-17 16:10:00,2016-11-17 16:11:00,1.34144,1.34136,1.34143,1.34111,1.34166,1.34157,1.34166,1.34131,408
2016-11-17 16:11:00,2016-11-17 16:12:00,1.34136,1.34157,1.34157,1.3413,1.34157,1.34176,1.34176,1.34153,374
2016-11-17 16:12:00,2016-11-17 16:13:00,1.34157,1.34153,1.34167,1.34144,1.34176,1.34177,1.34188,1.34165,424
2016-11-17 16:13:00,2016-11-17 16:14:00,1.34153,1.34143,1.34167,1.34143,1.34177,1.34167,1.34187,1.34165,353
2016-11-17 16:14:00,2016-11-17 16:15:00,1.34143,1.34165,1.34177,1.34139,1.34167,1.34188,1.34198,1.3416,233
2016-11-17 16:15:00,2016-11-17 16:16:00,1.34165,1.34171,1.34172,1.34151,1.34188,1.34194,1.34194,1.34174,296
2016-11-17 16:16:00,2016-11-17 16:17:00,1.34171,1.34171,1.34182,1.34168,1.34194,1.34194,1.34203,1.34192,234
2016-11-17 16:17:00,2016-11-17 16:18:00,1.34171,1.34181,1.34195,1.3417,1.34194,1.34201,1.34213,1.34193,293
2016-11-17 16:18:00,2016-11-17 16:19:00,1.34181,1.34196,1.34211,1.34176,1.34201,1.34219,1.34232,1.34199,338
2016-11-17 16:19:00,2016-11-17 16:20:00,1.34196,1.3422,1.34227,1.34192,1.34219,1.3424,1.34248,1.34215,470
2016-11-17 16:20:00,2016-11-17 16:21:00,1.3422,1.34224,1.34229,1.3421,1.3424,1.34247,1.34252,1.34232,430
2016-11-17 16:21:00,2016-11-17 16:22:00,1.34224,1.34198,1.34222,1.3419,1.34247,1.3422,1.34247,1.34213,219
2016-11-17 16:22:00,2016-11-17 16:23:00,1.34198,1.3419,1.342,1.34185,1.3422,1.34213,1.34223,1.34208,319
2016-11-17 16:23:00,2016-11-17 16:24:00,1.3419,1.34226,1.34231,1.34187,1.34213,1.34247,1.3425,1.34211,355
2016-11-17 16:24:00,2016-11-17 16:25:00,1.34226,1.34232,1.34255,1.34221,1.34247,1.34255,1.34276,1.34244,510
2016-11-17 16:25:00,2016-11-17 16:26:00,1.34232,1.34227,1.34235,1.34213,1.34255,1.34249,1.34256,1.34234,369
2016-11-17 16:26:00,2016-11-17 16:27:00,1.34227,1.34256,1.3426,1.34222,1.34249,1.34276,1.34278,1.34244,402
2016-11-17 16:27:00,2016-11-17 16:28:00,1.34256,1.34263,1.34279,1.34255,1.34276,1.34285,1.34301,1.34277,630
2016-11-17 16:28:00,2016-11-17 16:29:00,1.34263,1.34283,1.34283,1.34261,1.34285,1.34306,1.34308,1.34283,462
2016-11-17 16:29:00,2016-11-17 16:30:00,1.34283,1.34286,1.343,1.34266,1.34306,1.34308,1.34321,1.34288,700
2016-11-17 16:30:00,2016-11-17 16:31:00,1.34286,1.34304,1.34314,1.3428,1.34308,1.34327,1.34336,1.34299,445
2016-11-17 16:31:00,2016-11-17 16:32:00,1.34304,1.34295,1.34309,1.34294,1.34327,1.3432,1.34333,1.34316,287
2016-11-17 16:32:00,2016-11-17 16:33:00,1.34295,1.34309,1.3432,1.3427,1.3432,1.34331,1.34344,1.34292,587
2016-11-17 16:33:00,2016-11-17 16:34:00,1.34309,1.34323,1.34324,1.34306,1.34331,1.34345,1.34346,1.34329,507
2016-11-17 16:34:00,2016-11-17 16:35:00,1.34323,1.34305,1.34324,1.343,1.34345,1.34327,1.34347,1.34322,392
2016-11-17 16:35:00,2016-11-17 16:36:00,1.34305,1.34317,1.34317,1.34303,1.34327,1.34338,1.34338,1.34326,249
2016-11-17 16:36:00,2016-11-17 16:37:00,1.34317,1.34315,1.34326,1.34312,1.34338,1.34337,1.34348,1.34334,285
2016-11-17 16:37:00,2016-11-17 16:38:00,1.34315,1.34322,1.34328,1.3431,1.34337,1.34344,1.34346,1.34331,328
2016-11-17 16:38:00,2016-11-17 16:39:00,1.34322,1.34304,1.34325,1.343,1.34344,1.34326,1.34346,1.34322,401
2016-11-17 16:39:00,2016-11-17 16:40:00,1.34304,1.34307,1.34317,1.34301,1.34326,1.3433,1.34337,1.34324,321
2016-11-17 16:40:00,2016-11-17 16:41:00,1.34307,1.34314,1.34323,1.34306,1.3433,1.34337,1.34342,1.34326,274
2016-11-17 16:41:00,2016-11-17 16:42:00,1.34314,1.34307,1.34324,1.34307,1.34337,1.3433,1.34348,1.34328,318
2016-11-17 16:42:00,2016-11-17 16:43:00,1.34307,1.34316,1.34319,1.34297,1.3433,1.34338,1.3434,1.34317,355
2016-11-17 16:43:00,2016-11-17 16:44:00,1.34316,1.34304,1.34321,1.34294,1.34338,1.34325,1.34342,1.34316,457
2016-11-17 16:44:00,2016-11-17 16:45:00,1.34304,1.34277,1.34306,1.34264,1.34325,1.34302,1.34329,1.34287,659
2016-11-17 16:45:00,2016-11-17 16:46:00,1.34277,1.34266,1.34282,1.3426,1.34302,1.34289,1.34307,1.34284,411
2016-11-17 16:46:00,2016-11-17 16:47:00,1.34266,1.34276,1.34286,1.34264,1.34289,1.34299,1.34308,1.34285,427
2016-11-17 16:47:00,2016-11-17 16:48:00,1.34276,1.3429,1.34299,1.34275,1.34299,1.34313,1.34323,1.34298,321
2016-11-17 16:48:00,2016-11-17 16:49:00,1.3429,1.34282,1.34289,1.34269,1.34313,1.34303,1.34313,1.34292,255
2016-11-17 16:49:00,2016-11-17 16:50:00,1.34282,1.34286,1.34307,1.3428,1.34303,1.34309,1.34329,1.343,204
2016-11-17 16:50:00,2016-11-17 16:51:00,1.34286,1.34286,1.34288,1.34259,1.34309,1.34309,1.34309,1.34282,343
2016-11-17 16:51:00,2016-11-17 16:52:00,1.34286,1.34263,1.34288,1.34262,1.34309,1.34287,1.34311,1.34286,261
2016-11-17 16:52:00,2016-11-17 16:53:00,1.34263,1.3429,1.34292,1.34263,1.34287,1.34314,1.34314,1.34287,318
2016-11-17 16:53:00,2016-11-17 16:54:00,1.3429,1.34316,1.34324,1.34286,1.34314,1.3434,1.34341,1.34308,196
2016-11-17 16:54:00,2016-11-17 16:55:00,1.34316,1.34321,1.34328,1.34304,1.3434,1.34344,1.3435,1.34327,314
2016-11-17 16:55:00,2016-11-17 16:56:00,1.34321,1.3431,1.34334,1.3431,1.34344,1.34334,1.34356,1.34334,279
2016-11-17 16:56:00,2016-11-17 16:57:00,1.3431,1.34324,1.34325,1.34309,1.34334,1.34345,1.34347,1.34332,218
2016-11-17 16:57:00,2016-11-17 16:58:00,1.34324,1.34305,1.34324,1.34293,1.34345,1.34327,1.34346,1.34317,219
2016-11-17 16:58:00,2016-11-17 16:59:00,1.34305,1.343,1.34305,1.34283,1.34327,1.3432,1.34327,1.34304,307
2016-11-17 16:59:00,2016-11-17 17:00:00,1.343,1.34271,1.34299,1.3427,1.3432,1.34292,1.3432,1.3429,371
2016-11-17 17:00:00,2016-11-17 17:01:00,1.34271,1.34278,1.34281,1.34267,1.34292,1.343,1.34303,1.34289,254
2016-11-17 17:01:00,2016-11-17 17:02:00,1.34278,1.34289,1.34291,1.34278,1.343,1.3431,1.34314,1.34299,237
2016-11-17 17:02:00,2016-11-17 17:03:00,1.34289,1.34274,1.34289,1.34268,1.3431,1.34296,1.34312,1.34289,147
2016-11-17 17:03:00,2016-11-17 17:04:00,1.34274,1.34267,1.34278,1.34261,1.34296,1.34289,1.343,1.34282,389
2016-11-17 17:04:00,2016-11-17 17:05:00,1.34267,1.34264,1.34273,1.34261,1.34289,1.34286,1.34295,1.34283,292
2016-11-17 17:05:00,2016-11-17 17:06:00,1.34264,1.34253,1.3427,1.34249,1.34286,1.34275,1.34293,1.34269,185
2016-11-17 17:06:00,2016-11-17 17:07:00,1.34253,1.34255,1.34256,1.34251,1.34275,1.34278,1.34278,1.3427,162
2016-11-17 17:07:00,2016-11-17 17:08:00,1.34255,1.34277,1.34281,1.34256,1.34278,1.343,1.34305,1.34278,299
2016-11-17 17:08:00,2016-11-17 17:09:00,1.34277,1.34296,1.34303,1.34275,1.343,1.34318,1.34325,1.34297,324
2016-11-17 17:09:00,2016-11-17 17:10:00,1.34296,1.34325,1.34329,1.34289,1.34318,1.34349,1.34351,1.34312,308
2016-11-17 17:10:00,2016-11-17 17:11:00,1.34325,1.3435,1.34352,1.34322,1.34349,1.34373,1.34373,1.34345,241
2016-11-17 17:11:00,2016-11-17 17:12:00,1.3435,1.34343,1.34356,1.34342,1.34373,1.34367,1.34376,1.34364,227
2016-11-17 17:12:00,2016-11-17 17:13:00,1.34343,1.34345,1.34346,1.34332,1.34367,1.34366,1.34367,1.34355,179
2016-11-17 17:13:00,2016-11-17 17:14:00,1.34345,1.34317,1.34345,1.3431,1.34366,1.34338,1.34366,1.34332,273
2016-11-17 17:14:00,2016-11-17 17:15:00,1.34317,1.34312,1.34318,1.34311,1.34338,1.34332,1.34338,1.3433,78
2016-11-17 17:15:00,2016-11-17 17:16:00,1.34312,1.34308,1.34324,1.34307,1.34332,1.34329,1.3434,1.34328,151
2016-11-17 17:16:00,2016-11-17 17:17:00,1.34308,1.34319,1.34319,1.34298,1.34329,1.34338,1.34339,1.34319,158
2016-11-17 17:17:00,2016-11-17 17:18:00,1.34319,1.34316,1.34321,1.34305,1.34338,1.34337,1.34338,1.34327,129
2016-11-17 17:18:00,2016-11-17 17:19:00,1.34316,1.34319,1.3432,1.34308,1.34337,1.34339,1.3434,1.34331,123
2016-11-17 17:19:00,2016-11-17 17:20:00,1.34319,1.34327,1.34327,1.34306,1.34339,1.34348,1.34351,1.34328,278
2016-11-17 17:20:00,2016-11-17 17:21:00,1.34327,1.34361,1.34361,1.34323,1.34348,1.34382,1.34382,1.34346,190
2016-11-17 17:21:00,2016-11-17 17:22:00,1.34361,1.34363,1.34365,1.34353,1.34382,1.34381,1.34384,1.34375,214
2016-11-17 17:22:00,2016-11-17 17:23:00,1.34363,1.34362,1.34367,1.34358,1.34381,1.34385,1.34388,1.34379,123
2016-11-17 17:23:00,2016-11-17 17:24:00,1.34362,1.34341,1.34364,1.3434,1.34385,1.34363,1.34386,1.34363,118
2016-11-17 17:24:00,2016-11-17 17:25:00,1.34341,1.34322,1.34343,1.34314,1.34363,1.34347,1.34365,1.34333,229
2016-11-17 17:25:00,2016-11-17 17:26:00,1.34322,1.34351,1.34358,1.34316,1.34347,1.34375,1.34382,1.34338,269
2016-11-17 17:26:00,2016-11-17 17:27:00,1.34351,1.34352,1.34369,1.34347,1.34375,1.34377,1.34389,1.34371,364
2016-11-17 17:27:00,2016-11-17 17:28:00,1.34352,1.34362,1.34364,1.34353,1.34377,1.34383,1.34386,1.34377,117
2016-11-17 17:28:00,2016-11-17 17:29:00,1.34362,1.34359,1.34366,1.34359,1.34383,1.3438,1.34386,1.3438,67
2016-11-17 17:29:00,2016-11-17 17:30:00,1.34359,1.34373,1.34373,1.34356,1.3438,1.34393,1.34393,1.34376,125
2016-11-17 17:30:00,2016-11-17 17:31:00,1.34373,1.3441,1.3441,1.34374,1.34393,1.34432,1.34432,1.34393,221
2016-11-17 17:31:00,2016-11-17 17:32:00,1.3441,1.34442,1.34444,1.34408,1.34432,1.34461,1.34464,1.34429,268
2016-11-17 17:32:00,2016-11-17 17:33:00,1.34442,1.34451,1.34457,1.34435,1.34461,1.34471,1.34479,1.34452,330
2016-11-17 17:33:00,2016-11-17 17:34:00,1.34451,1.34452,1.3446,1.34426,1.34471,1.34475,1.34484,1.34449,378
2016-11-17 17:34:00,2016-11-17 17:35:00,1.34452,1.34462,1.34466,1.3445,1.34475,1.34482,1.34486,1.3447,183
2016-11-17 17:35:00,2016-11-17 17:36:00,1.34462,1.34529,1.34529,1.34452,1.34482,1.34551,1.34551,1.34474,409
2016-11-17 17:36:00,2016-11-17 17:37:00,1.34529,1.34582,1.34583,1.34529,1.34551,1.34601,1.34603,1.34552,503
2016-11-17 17:37:00,2016-11-17 17:38:00,1.34582,1.3455,1.34582,1.34549,1.34601,1.34574,1.34603,1.34569,321
2016-11-17 17:38:00,2016-11-17 17:39:00,1.3455,1.34578,1.34582,1.34546,1.34574,1.34603,1.34603,1.34569,183
2016-11-17 17:39:00,2016-11-17 17:40:00,1.34578,1.34577,1.34596,1.34576,1.34603,1.346,1.34618,1.34598,255
2016-11-17 17:40:00,2016-11-17 17:41:00,1.34577,1.34574,1.34584,1.34562,1.346,1.34598,1.34605,1.34586,211
2016-11-17 17:41:00,2016-11-17 17:42:00,1.34574,1.34571,1.34578,1.34569,1.34598,1.34593,1.346,1.34588,96
2016-11-17 17:42:00,2016-11-17 17:43:00,1.34571,1.34577,1.34581,1.34569,1.34593,1.346,1.34605,1.3459,196
2016-11-17 17:43:00,2016-11-17 17:44:00,1.34577,1.34645,1.34647,1.34573,1.346,1.34667,1.34671,1.34595,705
2016-11-17 17:44:00,2016-11-17 17:45:00,1.34645,1.34649,1.34653,1.34633,1.34667,1.34672,1.34675,1.34655,502
2016-11-17 17:45:00,2016-11-17 17:46:00,1.34649,1.3479,1.34805,1.34649,1.34672,1.34813,1.34827,1.34672,911
2016-11-17 17:46:00,2016-11-17 17:47:00,1.3479,1.34763,1.34793,1.34749,1.34813,1.34786,1.34814,1.34773,670
2016-11-17 17:47:00,2016-11-17 17:48:00,1.34763,1.3473,1.34771,1.3472,1.34786,1.34753,1.34795,1.34744,522
2016-11-17 17:48:00,2016-11-17 17:49:00,1.3473,1.34716,1.34763,1.34716,1.34753,1.34739,1.34787,1.34739,604
2016-11-17 17:49:00,2016-11-17 17:50:00,1.34716,1.34712,1.34725,1.34701,1.34739,1.34735,1.34747,1.34725,665
2016-11-17 17:50:00,2016-11-17 17:51:00,1.34712,1.34772,1.34776,1.34705,1.34735,1.34796,1.348,1.3473,746
2016-11-17 17:51:00,2016-11-17 17:52:00,1.34772,1.34791,1.34812,1.34769,1.34796,1.34816,1.34836,1.34791,658
2016-11-17 17:52:00,2016-11-17 17:53:00,1.34791,1.34839,1.34861,1.34791,1.34816,1.34862,1.34883,1.34816,628
2016-11-17 17:53:00,2016-11-17 17:54:00,1.34839,1.34862,1.34877,1.34839,1.34862,1.34886,1.34901,1.34862,522
2016-11-17 17:54:00,2016-11-17 17:55:00,1.34862,1.34852,1.3487,1.34848,1.34886,1.34872,1.34893,1.34871,268
2016-11-17 17:55:00,2016-11-17 17:56:00,1.34852,1.34813,1.34855,1.34808,1.34872,1.34832,1.34874,1.34831,246
2016-11-17 17:56:00,2016-11-17 17:57:00,1.34813,1.34763,1.34814,1.34763,1.34832,1.34784,1.34836,1.34784,360
2016-11-17 17:57:00,2016-11-17 17:58:00,1.34763,1.34746,1.34769,1.3472,1.34784,1.3477,1.34789,1.34743,409
2016-11-17 17:58:00,2016-11-17 17:59:00,1.34746,1.34748,1.34753,1.34712,1.3477,1.34769,1.34775,1.34734,456
2016-11-17 17:59:00,2016-11-17 18:00:00,1.34748,1.34786,1.34787,1.34747,1.34769,1.3481,1.3481,1.34769,559
2016-11-17 18:00:00,2016-11-17 18:01:00,1.34786,1.34765,1.34787,1.34758,1.3481,1.34788,1.3481,1.34781,288
2016-11-17 18:01:00,2016-11-17 18:02:00,1.34765,1.34783,1.34785,1.34745,1.34788,1.34803,1.3481,1.3477,267
2016-11-17 18:02:00,2016-11-17 18:03:00,1.34783,1.34786,1.34814,1.34772,1.34803,1.34807,1.34833,1.34794,385
2016-11-17 18:03:00,2016-11-17 18:04:00,1.34786,1.34774,1.34788,1.34765,1.34807,1.34799,1.34812,1.3479,394
2016-11-17 18:04:00,2016-11-17 18:05:00,1.34774,1.34778,1.3478,1.34762,1.34799,1.34799,1.34802,1.34783,581
2016-11-17 18:05:00,2016-11-17 18:06:00,1.34778,1.34789,1.34796,1.34776,1.34799,1.34811,1.34817,1.34795,369
2016-11-17 18:06:00,2016-11-17 18:07:00,1.34789,1.34783,1.34799,1.34778,1.34811,1.34804,1.34822,1.34795,504
2016-11-17 18:07:00,2016-11-17 18:08:00,1.34783,1.34792,1.34792,1.34768,1.34804,1.34811,1.34813,1.34788,362
2016-11-17 18:08:00,2016-11-17 18:09:00,1.34792,1.34803,1.34813,1.34791,1.34811,1.34823,1.34837,1.34811,301
2016-11-17 18:09:00,2016-11-17 18:10:00,1.34803,1.34768,1.34805,1.34764,1.34823,1.34791,1.34823,1.34786,494
2016-11-17 18:10:00,2016-11-17 18:11:00,1.34768,1.34783,1.34786,1.34765,1.34791,1.34807,1.3481,1.34785,393
2016-11-17 18:11:00,2016-11-17 18:12:00,1.34783,1.34783,1.34808,1.34783,1.34807,1.34807,1.34832,1.34805,337
2016-11-17 18:12:00,2016-11-17 18:13:00,1.34783,1.34785,1.34796,1.34782,1.34807,1.34809,1.34821,1.34806,219
2016-11-17 18:13:00,2016-11-17 18:14:00,1.34785,1.34757,1.34803,1.34756,1.34809,1.34776,1.34826,1.34776,395
2016-11-17 18:14:00,2016-11-17 18:15:00,1.34757,1.34766,1.34784,1.34759,1.34776,1.3479,1.34808,1.34776,247
2016-11-17 18:15:00,2016-11-17 18:16:00,1.34766,1.34809,1.34813,1.34766,1.3479,1.34832,1.34836,1.34788,349
2016-11-17 18:16:00,2016-11-17 18:17:00,1.34809,1.34832,1.34832,1.34803,1.34832,1.34856,1.34856,1.34827,299
2016-11-17 18:17:00,2016-11-17 18:18:00,1.34832,1.34833,1.34834,1.34818,1.34856,1.34857,1.34857,1.34839,184
2016-11-17 18:18:00,2016-11-17 18:19:00,1.34833,1.34804,1.34836,1.34801,1.34857,1.34829,1.3486,1.34823,199
2016-11-17 18:19:00,2016-11-17 18:20:00,1.34804,1.34839,1.34846,1.34802,1.34829,1.34861,1.34869,1.34826,190
2016-11-17 18:20:00,2016-11-17 18:21:00,1.34839,1.34847,1.34853,1.34837,1.34861,1.34872,1.34875,1.34862,121
2016-11-17 18:21:00,2016-11-17 18:22:00,1.34847,1.3485,1.3485,1.34847,1.34872,1.34872,1.34873,1.34872,19
2016-11-17 18:22:00,2016-11-17 18:23:00,1.3485,1.34833,1.3485,1.34828,1.34872,1.34854,1.34873,1.34853,158
2016-11-17 18:23:00,2016-11-17 18:24:00,1.34833,1.34823,1.3484,1.34823,1.34854,1.34846,1.34861,1.34846,103
2016-11-17 18:24:00,2016-11-17 18:25:00,1.34823,1.34815,1.34824,1.34804,1.34846,1.34837,1.34846,1.34826,173
2016-11-17 18:25:00,2016-11-17 18:26:00,1.34815,1.34821,1.34831,1.34809,1.34837,1.34844,1.34854,1.34827,260
2016-11-17 18:26:00,2016-11-17 18:27:00,1.34821,1.34815,1.34825,1.34814,1.34844,1.34836,1.34847,1.34835,121
2016-11-17 18:27:00,2016-11-17 18:28:00,1.34815,1.34839,1.34847,1.34813,1.34836,1.34861,1.34867,1.34837,260
2016-11-17 18:28:00,2016-11-17 18:29:00,1.34839,1.3484,1.34842,1.3483,1.34861,1.34861,1.34866,1.3485,189
2016-11-17 18:29:00,2016-11-17 18:30:00,1.3484,1.34862,1.34862,1.34829,1.34861,1.34882,1.34884,1.34851,179
2016-11-17 18:30:00,2016-11-17 18:31:00,1.34862,1.34841,1.34871,1.34841,1.34882,1.34862,1.34893,1.34862,214
2016-11-17 18:31:00,2016-11-17 18:32:00,1.34841,1.34861,1.34878,1.34838,1.34862,1.34882,1.34897,1.34859,310
2016-11-17 18:32:00,2016-11-17 18:33:00,1.34861,1.34872,1.34879,1.34856,1.34882,1.34891,1.34902,1.34876,256
2016-11-17 18:33:00,2016-11-17 18:34:00,1.34872,1.34886,1.34903,1.34869,1.34891,1.34904,1.34926,1.34888,191
2016-11-17 18:34:00,2016-11-17 18:35:00,1.34886,1.34877,1.34897,1.34875,1.34904,1.34902,1.34914,1.34898,259
2016-11-17 18:35:00,2016-11-17 18:36:00,1.34877,1.349,1.349,1.34875,1.34902,1.34919,1.34921,1.34899,201
2016-11-17 18:36:00,2016-11-17 18:37:00,1.349,1.34868,1.349,1.34847,1.34919,1.34888,1.3492,1.34868,615
2016-11-17 18:37:00,2016-11-17 18:38:00,1.34868,1.3489,1.3489,1.34859,1.34888,1.34909,1.34909,1.34879,304
2016-11-17 18:38:00,2016-11-17 18:39:00,1.3489,1.34922,1.34924,1.34891,1.34909,1.34944,1.34946,1.3491,173
2016-11-17 18:39:00,2016-11-17 18:40:00,1.34922,1.34913,1.34926,1.34912,1.34944,1.34936,1.34948,1.34933,149
2016-11-17 18:40:00,2016-11-17 18:41:00,1.34913,1.34914,1.34938,1.34913,1.34936,1.34934,1.34959,1.34934,240
2016-11-17 18:41:00,2016-11-17 18:42:00,1.34914,1.34914,1.34931,1.3491,1.34934,1.34935,1.34952,1.34932,231
2016-11-17 18:42:00,2016-11-17 18:43:00,1.34914,1.34923,1.34929,1.34913,1.34935,1.34946,1.34953,1.34935,252
2016-11-17 18:43:00,2016-11-17 18:44:00,1.34923,1.34921,1.3493,1.34909,1.34946,1.34945,1.34953,1.3493,159
2016-11-17 18:44:00,2016-11-17 18:45:00,1.34921,1.34929,1.34934,1.34919,1.34945,1.34953,1.34954,1.34943,165
2016-11-17 18:45:00,2016-11-17 18:46:00,1.34929,1.34956,1.34961,1.34927,1.34953,1.34977,1.34983,1.3495,333
2016-11-17 18:46:00,2016-11-17 18:47:00,1.34956,1.34975,1.34981,1.34955,1.34977,1.34998,1.35001,1.34978,228
2016-11-17 18:47:00,2016-11-17 18:48:00,1.34975,1.34946,1.34975,1.34943,1.34998,1.3497,1.34998,1.34965,227
2016-11-17 18:48:00,2016-11-17 18:49:00,1.34946,1.34927,1.34949,1.34927,1.3497,1.3495,1.34973,1.3495,262
2016-11-17 18:49:00,2016-11-17 18:50:00,1.34927,1.34938,1.34943,1.34921,1.3495,1.34956,1.34968,1.34945,286
2016-11-17 18:50:00,2016-11-17 18:51:00,1.34938,1.34934,1.34949,1.3493,1.34956,1.34958,1.34969,1.34954,385
2016-11-17 18:51:00,2016-11-17 18:52:00,1.34934,1.34977,1.34977,1.34935,1.34958,1.34996,1.34996,1.34958,252
2016-11-17 18:52:00,2016-11-17 18:53:00,1.34977,1.3494,1.34978,1.34937,1.34996,1.34961,1.35,1.3496,282
2016-11-17 18:53:00,2016-11-17 18:54:00,1.3494,1.34938,1.34945,1.34928,1.34961,1.34963,1.34966,1.34951,239
2016-11-17 18:54:00,2016-11-17 18:55:00,1.34938,1.34949,1.34951,1.34938,1.34963,1.34972,1.34974,1.34959,328
2016-11-17 18:55:00,2016-11-17 18:56:00,1.34949,1.34952,1.34968,1.34942,1.34972,1.34975,1.3499,1.34963,249
2016-11-17 18:56:00,2016-11-17 18:57:00,1.34952,1.34976,1.34976,1.34929,1.34975,1.34997,1.34997,1.34953,568
2016-11-17 18:57:00,2016-11-17 18:58:00,1.34976,1.34949,1.34976,1.34948,1.34997,1.34971,1.34997,1.3497,579
2016-11-17 18:58:00,2016-11-17 18:59:00,1.34949,1.34966,1.34971,1.3495,1.34971,1.34988,1.34993,1.34971,332
2016-11-17 18:59:00,2016-11-17 19:00:00,1.34966,1.34985,1.34988,1.34966,1.34988,1.35006,1.35009,1.3499,419
2016-11-17 19:00:00,2016-11-17 19:01:00,1.34985,1.35003,1.35005,1.34983,1.35006,1.35025,1.35027,1.35004,273
2016-11-17 19:01:00,2016-11-17 19:02:00,1.35003,1.35006,1.35015,1.34993,1.35025,1.35027,1.35038,1.35016,377
2016-11-17 19:02:00,2016-11-17 19:03:00,1.35006,1.35002,1.35006,1.34957,1.35027,1.35023,1.35028,1.34981,495
2016-11-17 19:03:00,2016-11-17 19:04:00,1.35002,1.34975,1.35014,1.34945,1.35023,1.34998,1.35037,1.3497,590
2016-11-17 19:04:00,2016-11-17 19:05:00,1.34975,1.34994,1.35008,1.34966,1.34998,1.35016,1.35031,1.34988,444
2016-11-17 19:05:00,2016-11-17 19:06:00,1.34994,1.35003,1.35023,1.34993,1.35016,1.35026,1.35046,1.35016,494
2016-11-17 19:06:00,2016-11-17 19:07:00,1.35003,1.34977,1.35003,1.34973,1.35026,1.34999,1.35025,1.34995,389
2016-11-17 19:07:00,2016-11-17 19:08:00,1.34977,1.34997,1.35004,1.34972,1.34999,1.3502,1.35029,1.34995,320
2016-11-17 19:08:00,2016-11-17 19:09:00,1.34997,1.34978,1.34999,1.34971,1.3502,1.35002,1.35022,1.3499,390
2016-11-17 19:09:00,2016-11-17 19:10:00,1.34978,1.34939,1.34984,1.34937,1.35002,1.34962,1.35006,1.34962,389
2016-11-17 19:10:00,2016-11-17 19:11:00,1.34939,1.34941,1.34953,1.34922,1.34962,1.34962,1.34974,1.34944,322
2016-11-17 19:11:00,2016-11-17 19:12:00,1.34941,1.34933,1.34944,1.34918,1.34962,1.34955,1.34965,1.3494,359
2016-11-17 19:12:00,2016-11-17 19:13:00,1.34933,1.34923,1.34935,1.34921,1.34955,1.34946,1.34956,1.3494,219
2016-11-17 19:13:00,2016-11-17 19:14:00,1.34923,1.34946,1.34949,1.34916,1.34946,1.34967,1.34973,1.34938,486
2016-11-17 19:14:00,2016-11-17 19:15:00,1.34946,1.34942,1.34949,1.34918,1.34967,1.34963,1.3497,1.34941,294
2016-11-17 19:15:00,2016-11-17 19:16:00,1.34942,1.3496,1.3496,1.3494,1.34963,1.34981,1.34983,1.34962,283
2016-11-17 19:16:00,2016-11-17 19:17:00,1.3496,1.35005,1.35013,1.34959,1.34981,1.35025,1.35035,1.34979,369
2016-11-17 19:17:00,2016-11-17 19:18:00,1.35005,1.3499,1.35024,1.3499,1.35025,1.35015,1.35046,1.35015,419
2016-11-17 19:18:00,2016-11-17 19:19:00,1.3499,1.34988,1.35004,1.34982,1.35015,1.35011,1.35027,1.35005,380
2016-11-17 19:19:00,2016-11-17 19:20:00,1.34988,1.34979,1.3499,1.34966,1.35011,1.34999,1.35014,1.34987,290
2016-11-17 19:20:00,2016-11-17 19:21:00,1.34979,1.34961,1.34983,1.34961,1.34999,1.34985,1.35001,1.34984,264
2016-11-17 19:21:00,2016-11-17 19:22:00,1.34961,1.34964,1.34968,1.34958,1.34985,1.34987,1.34992,1.3498,267
2016-11-17 19:22:00,2016-11-17 19:23:00,1.34964,1.34957,1.34966,1.34954,1.34987,1.34977,1.34988,1.34975,324
2016-11-17 19:23:00,2016-11-17 19:24:00,1.34957,1.34956,1.34966,1.34951,1.34977,1.34977,1.34985,1.34971,268
2016-11-17 19:24:00,2016-11-17 19:25:00,1.34956,1.3495,1.3496,1.34934,1.34977,1.34969,1.34979,1.34955,293
2016-11-17 19:25:00,2016-11-17 19:26:00,1.3495,1.34953,1.34968,1.34944,1.34969,1.34974,1.34987,1.34967,245
2016-11-17 19:26:00,2016-11-17 19:27:00,1.34953,1.34935,1.34953,1.34929,1.34974,1.34956,1.34976,1.3495,276
2016-11-17 19:27:00,2016-11-17 19:28:00,1.34935,1.34925,1.34947,1.34922,1.34956,1.34944,1.3497,1.34942,359
2016-11-17 19:28:00,2016-11-17 19:29:00,1.34925,1.34935,1.34942,1.34916,1.34944,1.34957,1.34965,1.34934,524
2016-11-17 19:29:00,2016-11-17 19:30:00,1.34935,1.34958,1.34968,1.34936,1.34957,1.34981,1.34987,1.34957,345
2016-11-17 19:30:00,2016-11-17 19:31:00,1.34958,1.3496,1.34966,1.34947,1.34981,1.34981,1.34988,1.34972,176
2016-11-17 19:31:00,2016-11-17 19:32:00,1.3496,1.34933,1.34961,1.3492,1.34981,1.34953,1.34981,1.34942,371
2016-11-17 19:32:00,2016-11-17 19:33:00,1.34933,1.34935,1.34944,1.34927,1.34953,1.3496,1.34962,1.34949,217
2016-11-17 19:33:00,2016-11-17 19:34:00,1.34935,1.34938,1.34939,1.3493,1.3496,1.3496,1.34963,1.34953,222
2016-11-17 19:34:00,2016-11-17 19:35:00,1.34938,1.34957,1.34958,1.34939,1.3496,1.34982,1.34983,1.3496,168
2016-11-17 19:35:00,2016-11-17 19:36:00,1.34957,1.34962,1.34965,1.34947,1.34982,1.34987,1.34989,1.34969,156
2016-11-17 19:36:00,2016-11-17 19:37:00,1.34962,1.34964,1.34969,1.34958,1.34987,1.34986,1.34992,1.3498,334
2016-11-17 19:37:00,2016-11-17 19:38:00,1.34964,1.34941,1.34967,1.34938,1.34986,1.34965,1.3499,1.34962,172
2016-11-17 19:38:00,2016-11-17 19:39:00,1.34941,1.3495,1.3495,1.3493,1.34965,1.34972,1.34973,1.34951,154
2016-11-17 19:39:00,2016-11-17 19:40:00,1.3495,1.34951,1.34957,1.34944,1.34972,1.34975,1.34978,1.34966,292
2016-11-17 19:40:00,2016-11-17 19:41:00,1.34951,1.34936,1.34952,1.34935,1.34975,1.3496,1.34975,1.34957,129
2016-11-17 19:41:00,2016-11-17 19:42:00,1.34936,1.34936,1.34943,1.34925,1.3496,1.3496,1.34964,1.34946,354
2016-11-17 19:42:00,2016-11-17 19:43:00,1.34936,1.34942,1.34943,1.34936,1.3496,1.34965,1.34965,1.34959,82
2016-11-17 19:43:00,2016-11-17 19:44:00,1.34942,1.34941,1.34942,1.34935,1.34965,1.34964,1.34965,1.34957,160
2016-11-17 19:44:00,2016-11-17 19:45:00,1.34941,1.3496,1.34961,1.34938,1.34964,1.34982,1.34983,1.3496,198
2016-11-17 19:45:00,2016-11-17 19:46:00,1.3496,1.34962,1.3497,1.34958,1.34982,1.34983,1.34992,1.3498,210
2016-11-17 19:46:00,2016-11-17 19:47:00,1.34962,1.34984,1.34988,1.34962,1.34983,1.35009,1.35012,1.34984,306
2016-11-17 19:47:00,2016-11-17 19:48:00,1.34984,1.34995,1.34996,1.34977,1.35009,1.35018,1.35018,1.35001,291
2016-11-17 19:48:00,2016-11-17 19:49:00,1.34995,1.34994,1.35006,1.34992,1.35018,1.35017,1.35028,1.35014,135
2016-11-17 19:49:00,2016-11-17 19:50:00,1.34994,1.35001,1.35009,1.34994,1.35017,1.35024,1.35027,1.35017,237
2016-11-17 19:50:00,2016-11-17 19:51:00,1.35001,1.35016,1.35026,1.34993,1.35024,1.35038,1.35046,1.35016,267
2016-11-17 19:51:00,2016-11-17 19:52:00,1.35016,1.35003,1.35021,1.3499,1.35038,1.35027,1.35044,1.35014,178
2016-11-17 19:52:00,2016-11-17 19:53:00,1.35003,1.35004,1.35009,1.35001,1.35027,1.35026,1.3503,1.35024,140
2016-11-17 19:53:00,2016-11-17 19:54:00,1.35004,1.34992,1.35013,1.34992,1.35026,1.35016,1.35036,1.35015,165
2016-11-17 19:54:00,2016-11-17 19:55:00,1.34992,1.34992,1.34995,1.34976,1.35016,1.35014,1.35017,1.35,264
2016-11-17 19:55:00,2016-11-17 19:56:00,1.34992,1.34991,1.34995,1.34984,1.35014,1.35015,1.35019,1.35009,257
2016-11-17 19:56:00,2016-11-17 19:57:00,1.34991,1.34974,1.34991,1.34974,1.35015,1.34997,1.35015,1.34995,168
2016-11-17 19:57:00,2016-11-17 19:58:00,1.34974,1.34974,1.34979,1.34961,1.34997,1.34997,1.35001,1.34982,288
2016-11-17 19:58:00,2016-11-17 19:59:00,1.34974,1.34957,1.34993,1.34952,1.34997,1.34981,1.35016,1.34974,661
2016-11-17 19:59:00,2016-11-17 20:00:00,1.34957,1.34986,1.34989,1.34957,1.34981,1.35007,1.35008,1.34981,338
2016-11-17 20:00:00,2016-11-17 20:01:00,1.34986,1.34971,1.34985,1.34967,1.35007,1.34993,1.3501,1.34987,118
2016-11-17 20:01:00,2016-11-17 20:02:00,1.34971,1.3497,1.34973,1.34961,1.34993,1.34989,1.34993,1.34983,89
2016-11-17 20:02:00,2016-11-17 20:03:00,1.3497,1.3497,1.34974,1.34966,1.34989,1.34992,1.34996,1.34988,74
2016-11-17 20:03:00,2016-11-17 20:04:00,1.3497,1.3497,1.34975,1.34968,1.34992,1.34992,1.34998,1.34991,83
2016-11-17 20:04:00,2016-11-17 20:05:00,1.3497,1.34974,1.34979,1.34968,1.34992,1.34996,1.35001,1.3499,261
2016-11-17 20:05:00,2016-11-17 20:06:00,1.34974,1.3497,1.34977,1.34967,1.34996,1.34989,1.35,1.34989,257
2016-11-17 20:06:00,2016-11-17 20:07:00,1.3497,1.34976,1.34977,1.34968,1.34989,1.34999,1.34999,1.3499,186
2016-11-17 20:07:00,2016-11-17 20:08:00,1.34976,1.35005,1.35006,1.34976,1.34999,1.35026,1.35028,1.35,211
2016-11-17 20:08:00,2016-11-17 20:09:00,1.35005,1.34988,1.35006,1.34987,1.35026,1.3501,1.35027,1.35009,297
2016-11-17 20:09:00,2016-11-17 20:10:00,1.34988,1.35007,1.35008,1.34985,1.3501,1.35031,1.35031,1.35005,224
2016-11-17 20:10:00,2016-11-17 20:11:00,1.35007,1.35035,1.35035,1.35006,1.35031,1.35056,1.35059,1.3503,258
2016-11-17 20:11:00,2016-11-17 20:12:00,1.35035,1.35025,1.35036,1.35021,1.35056,1.35049,1.35056,1.3504,177
2016-11-17 20:12:00,2016-11-17 20:13:00,1.35025,1.35053,1.3506,1.35025,1.35049,1.35076,1.35084,1.3505,241
2016-11-17 20:13:00,2016-11-17 20:14:00,1.35053,1.35064,1.3507,1.35052,1.35076,1.35086,1.35089,1.35075,131
2016-11-17 20:14:00,2016-11-17 20:15:00,1.35064,1.35054,1.35069,1.35052,1.35086,1.35078,1.3509,1.35074,272
2016-11-17 20:15:00,2016-11-17 20:16:00,1.35054,1.3506,1.35063,1.35053,1.35078,1.35082,1.35085,1.35074,216
2016-11-17 20:16:00,2016-11-17 20:17:00,1.3506,1.35055,1.35063,1.35045,1.35082,1.35078,1.35084,1.35067,269
2016-11-17 20:17:00,2016-11-17 20:18:00,1.35055,1.35067,1.35072,1.35049,1.35078,1.35091,1.35094,1.35072,219
2016-11-17 20:18:00,2016-11-17 20:19:00,1.35067,1.35063,1.35069,1.35063,1.35091,1.35085,1.35093,1.35085,76
2016-11-17 20:19:00,2016-11-17 20:20:00,1.35063,1.35078,1.35078,1.35063,1.35085,1.35095,1.35099,1.35084,178
2016-11-17 20:20:00,2016-11-17 20:21:00,1.35078,1.35077,1.35078,1.35076,1.35095,1.35097,1.35099,1.35094,45
2016-11-17 20:21:00,2016-11-17 20:22:00,1.35077,1.35076,1.35077,1.35065,1.35097,1.35095,1.35098,1.35085,247
2016-11-17 20:22:00,2016-11-17 20:23:00,1.35076,1.35078,1.35078,1.35076,1.35095,1.35095,1.35101,1.35093,97
2016-11-17 20:23:00,2016-11-17 20:24:00,1.35078,1.35086,1.35087,1.35073,1.35095,1.35103,1.35104,1.3509,187
2016-11-17 20:24:00,2016-11-17 20:25:00,1.35086,1.35087,1.35087,1.35082,1.35103,1.35105,1.35107,1.35102,72
2016-11-17 20:25:00,2016-11-17 20:26:00,1.35087,1.35088,1.35099,1.35085,1.35105,1.35108,1.35119,1.35103,250
2016-11-17 20:26:00,2016-11-17 20:27:00,1.35088,1.35095,1.35096,1.35085,1.35108,1.35118,1.35119,1.35105,195
2016-11-17 20:27:00,2016-11-17 20:28:00,1.35095,1.35106,1.35107,1.35093,1.35118,1.35128,1.35128,1.35114,218
2016-11-17 20:28:00,2016-11-17 20:29:00,1.35106,1.35106,1.35115,1.35104,1.35128,1.35128,1.35138,1.35125,165
2016-11-17 20:29:00,2016-11-17 20:30:00,1.35106,1.35124,1.35125,1.35107,1.35128,1.35147,1.35147,1.35128,81
2016-11-17 20:30:00,2016-11-17 20:31:00,1.35124,1.35125,1.35125,1.35118,1.35147,1.35146,1.35149,1.35142,229
2016-11-17 20:31:00,2016-11-17 20:32:00,1.35125,1.35116,1.35125,1.35114,1.35146,1.35139,1.35148,1.35136,161
2016-11-17 20:32:00,2016-11-17 20:33:00,1.35116,1.35115,1.35118,1.35114,1.35139,1.35139,1.35141,1.35136,92
2016-11-17 20:33:00,2016-11-17 20:34:00,1.35115,1.35121,1.35126,1.35113,1.35139,1.35147,1.35151,1.35137,109
2016-11-17 20:34:00,2016-11-17 20:35:00,1.35121,1.35125,1.35125,1.35114,1.35147,1.35148,1.3515,1.35139,144
2016-11-17 20:35:00,2016-11-17 20:36:00,1.35125,1.35132,1.35132,1.35121,1.35148,1.35153,1.35154,1.35144,186
2016-11-17 20:36:00,2016-11-17 20:37:00,1.35132,1.35116,1.35133,1.35115,1.35153,1.35138,1.35155,1.35138,257
2016-11-17 20:37:00,2016-11-17 20:38:00,1.35116,1.35111,1.35121,1.35111,1.35138,1.35132,1.35144,1.35132,175
2016-11-17 20:38:00,2016-11-17 20:39:00,1.35111,1.35108,1.35114,1.35102,1.35132,1.35131,1.35136,1.35125,104
2016-11-17 20:39:00,2016-11-17 20:40:00,1.35108,1.35103,1.35109,1.35094,1.35131,1.35127,1.35133,1.35117,101
2016-11-17 20:40:00,2016-11-17 20:41:00,1.35103,1.35115,1.35115,1.351,1.35127,1.35138,1.35139,1.35125,105
2016-11-17 20:41:00,2016-11-17 20:42:00,1.35115,1.35114,1.35122,1.35113,1.35138,1.35139,1.35146,1.35136,89
2016-11-17 20:42:00,2016-11-17 20:43:00,1.35114,1.35111,1.35121,1.3511,1.35139,1.35134,1.35146,1.35133,135
2016-11-17 20:43:00,2016-11-17 20:44:00,1.35111,1.35074,1.3512,1.35073,1.35134,1.35099,1.3514,1.35095,293
2016-11-17 20:44:00,2016-11-17 20:45:00,1.35074,1.35075,1.35079,1.35073,1.35099,1.35099,1.35103,1.35097,82
2016-11-17 20:45:00,2016-11-17 20:46:00,1.35075,1.35073,1.35077,1.35066,1.35099,1.35096,1.35101,1.35088,198
2016-11-17 20:46:00,2016-11-17 20:47:00,1.35073,1.35055,1.35074,1.35052,1.35096,1.35074,1.35098,1.35072,234
2016-11-17 20:47:00,2016-11-17 20:48:00,1.35055,1.35072,1.35072,1.3505,1.35074,1.35094,1.35095,1.35074,91
2016-11-17 20:48:00,2016-11-17 20:49:00,1.35072,1.35072,1.35079,1.35065,1.35094,1.35093,1.35103,1.35089,208
2016-11-17 20:49:00,2016-11-17 20:50:00,1.35072,1.35082,1.35089,1.35071,1.35093,1.35104,1.35113,1.35093,135
2016-11-17 20:50:00,2016-11-17 20:51:00,1.35082,1.35095,1.35099,1.35082,1.35104,1.3512,1.35123,1.35105,115
2016-11-17 20:51:00,2016-11-17 20:52:00,1.35095,1.35089,1.351,1.35085,1.3512,1.35114,1.35124,1.35109,130
2016-11-17 20:52:00,2016-11-17 20:53:00,1.35089,1.35094,1.35096,1.35088,1.35114,1.35119,1.35119,1.35113,108
2016-11-17 20:53:00,2016-11-17 20:54:00,1.35094,1.35097,1.35098,1.35093,1.35119,1.35119,1.3512,1.35116,82
2016-11-17 20:54:00,2016-11-17 20:55:00,1.35097,1.35075,1.35097,1.35072,1.35119,1.351,1.3512,1.35095,306
2016-11-17 20:55:00,2016-11-17 20:56:00,1.35075,1.35085,1.35086,1.35074,1.351,1.3511,1.3511,1.35098,124
2016-11-17 20:56:00,2016-11-17 20:57:00,1.35085,1.35075,1.35088,1.35074,1.3511,1.35099,1.35111,1.35095,276
2016-11-17 20:57:00,2016-11-17 20:58:00,1.35075,1.35066,1.35082,1.35066,1.35099,1.3509,1.35106,1.3509,158
2016-11-17 20:58:00,2016-11-17 20:59:00,1.35066,1.35061,1.35067,1.35042,1.3509,1.35082,1.35092,1.35066,554
2016-11-17 20:59:00,2016-11-17 21:00:00,1.35061,1.3507,1.35074,1.35049,1.35082,1.35094,1.35095,1.35072,295
2016-11-17 21:00:00,2016-11-17 21:01:00,1.3507,1.35076,1.35077,1.35069,1.35094,1.351,1.351,1.35093,147
2016-11-17 21:01:00,2016-11-17 21:02:00,1.35076,1.35077,1.35078,1.35074,1.351,1.35102,1.35103,1.35097,72
2016-11-17 21:02:00,2016-11-17 21:03:00,1.35077,1.35082,1.35085,1.35076,1.35102,1.35106,1.35108,1.35097,75
2016-11-17 21:03:00,2016-11-17 21:04:00,1.35082,1.3511,1.3511,1.35082,1.35106,1.35132,1.35133,1.35105,166
2016-11-17 21:04:00,2016-11-17 21:05:00,1.3511,1.35107,1.35109,1.35103,1.35132,1.35131,1.35132,1.35128,70
2016-11-17 21:05:00,2016-11-17 21:06:00,1.35107,1.35105,1.35109,1.35102,1.35131,1.35128,1.35133,1.35123,67
2016-11-17 21:06:00,2016-11-17 21:07:00,1.35105,1.35106,1.35107,1.35103,1.35128,1.3513,1.35131,1.35125,60
2016-11-17 21:07:00,2016-11-17 21:08:00,1.35106,1.35108,1.3511,1.35101,1.3513,1.35129,1.35132,1.35124,76
2016-11-17 21:08:00,2016-11-17 21:09:00,1.35108,1.35111,1.35111,1.35104,1.35129,1.35133,1.35133,1.35124,67
2016-11-17 21:09:00,2016-11-17 21:10:00,1.35111,1.35102,1.35112,1.35095,1.35133,1.35122,1.35132,1.35119,91
2016-11-17 21:10:00,2016-11-17 21:11:00,1.35102,1.35098,1.35103,1.35096,1.35122,1.35122,1.35126,1.35117,87
2016-11-17 21:11:00,2016-11-17 21:12:00,1.35098,1.35097,1.35102,1.35095,1.35122,1.35121,1.35126,1.35115,134
2016-11-17 21:12:00,2016-11-17 21:13:00,1.35097,1.35082,1.35099,1.35075,1.35121,1.35106,1.35122,1.35099,272
2016-11-17 21:13:00,2016-11-17 21:14:00,1.35082,1.35085,1.35086,1.35073,1.35106,1.3511,1.35111,1.35097,156
2016-11-17 21:14:00,2016-11-17 21:15:00,1.35085,1.35089,1.35091,1.35083,1.3511,1.35114,1.35116,1.35108,51
2016-11-17 21:15:00,2016-11-17 21:16:00,1.35089,1.35087,1.35088,1.35085,1.35114,1.35108,1.35114,1.35108,100
2016-11-17 21:16:00,2016-11-17 21:17:00,1.35087,1.35089,1.3509,1.35086,1.35108,1.35112,1.35113,1.35107,377
2016-11-17 21:17:00,2016-11-17 21:18:00,1.35089,1.35087,1.3509,1.35085,1.35112,1.35108,1.35112,1.35107,391
2016-11-17 21:18:00,2016-11-17 21:19:00,1.35087,1.35079,1.35094,1.35079,1.35108,1.35105,1.35121,1.35103,213
2016-11-17 21:19:00,2016-11-17 21:20:00,1.35079,1.35078,1.35081,1.35075,1.35105,1.35105,1.35106,1.351,92
2016-11-17 21:20:00,2016-11-17 21:21:00,1.35078,1.35079,1.35085,1.35078,1.35105,1.35103,1.35109,1.35103,38
2016-11-17 21:21:00,2016-11-17 21:22:00,1.35079,1.3508,1.35086,1.3507,1.35103,1.35094,1.3511,1.35092,148
2016-11-17 21:22:00,2016-11-17 21:23:00,1.3508,1.35085,1.35089,1.35068,1.35094,1.35107,1.3511,1.35091,127
2016-11-17 21:23:00,2016-11-17 21:24:00,1.35085,1.35082,1.35087,1.3508,1.35107,1.35106,1.35112,1.35104,71
2016-11-17 21:24:00,2016-11-17 21:25:00,1.35082,1.351,1.35103,1.35083,1.35106,1.35126,1.35126,1.35106,70
2016-11-17 21:25:00,2016-11-17 21:26:00,1.351,1.35095,1.35101,1.35092,1.35126,1.35121,1.35126,1.35117,45
2016-11-17 21:26:00,2016-11-17 21:27:00,1.35095,1.35094,1.35095,1.35093,1.35121,1.3512,1.35121,1.35119,32
2016-11-17 21:27:00,2016-11-17 21:28:00,1.35094,1.35133,1.35151,1.35095,1.3512,1.35157,1.35173,1.3512,151
2016-11-17 21:28:00,2016-11-17 21:29:00,1.35133,1.35151,1.35161,1.35133,1.35157,1.35177,1.35184,1.35156,155
2016-11-17 21:29:00,2016-11-17 21:30:00,1.35151,1.35146,1.35161,1.35141,1.35177,1.35175,1.35186,1.35167,248
2016-11-17 21:30:00,2016-11-17 21:31:00,1.35146,1.35141,1.35149,1.3513,1.35175,1.35164,1.35177,1.35156,186
2016-11-17 21:31:00,2016-11-17 21:32:00,1.35141,1.35122,1.35141,1.35122,1.35164,1.35143,1.35162,1.35143,116
2016-11-17 21:32:00,2016-11-17 21:33:00,1.35122,1.35101,1.35124,1.35098,1.35143,1.3513,1.35147,1.35128,77
2016-11-17 21:33:00,2016-11-17 21:34:00,1.35101,1.35147,1.35154,1.35099,1.3513,1.35171,1.35175,1.35125,240
2016-11-17 21:34:00,2016-11-17 21:35:00,1.35147,1.35165,1.35165,1.35142,1.35171,1.35194,1.35194,1.35167,116
2016-11-17 21:35:00,2016-11-17 21:36:00,1.35165,1.35183,1.35184,1.35164,1.35194,1.35206,1.35209,1.35191,202
2016-11-17 21:36:00,2016-11-17 21:37:00,1.35183,1.35183,1.35185,1.35181,1.35206,1.35209,1.35211,1.35205,67
2016-11-17 21:37:00,2016-11-17 21:38:00,1.35183,1.35177,1.35184,1.35176,1.35209,1.35205,1.35212,1.35205,102
2016-11-17 21:38:00,2016-11-17 21:39:00,1.35177,1.35194,1.35203,1.35176,1.35205,1.35221,1.35228,1.35204,177
2016-11-17 21:39:00,2016-11-17 21:40:00,1.35194,1.35187,1.35194,1.35183,1.35221,1.35214,1.35221,1.35208,85
2016-11-17 21:40:00,2016-11-17 21:41:00,1.35187,1.35178,1.35187,1.35171,1.35214,1.35207,1.35212,1.35191,107
2016-11-17 21:41:00,2016-11-17 21:42:00,1.35178,1.35174,1.35181,1.35166,1.35207,1.35202,1.35207,1.35193,139
2016-11-17 21:42:00,2016-11-17 21:43:00,1.35174,1.35201,1.35202,1.35175,1.35202,1.35228,1.35228,1.352,147
2016-11-17 21:43:00,2016-11-17 21:44:00,1.35201,1.35212,1.35214,1.35195,1.35228,1.3524,1.35241,1.35221,116
2016-11-17 21:44:00,2016-11-17 21:45:00,1.35212,1.35207,1.35223,1.35205,1.3524,1.35239,1.3525,1.35231,72
2016-11-17 21:45:00,2016-11-17 21:46:00,1.35207,1.35201,1.35209,1.35201,1.35239,1.35235,1.35238,1.35235,17
2016-11-17 21:46:00,2016-11-17 21:47:00,1.35201,1.35209,1.35209,1.352,1.35235,1.35238,1.35244,1.35228,39
2016-11-17 21:47:00,2016-11-17 21:48:00,1.35209,1.35208,1.35217,1.35204,1.35238,1.35241,1.35246,1.35229,71
2016-11-17 21:48:00,2016-11-17 21:49:00,1.35208,1.35199,1.35208,1.35198,1.35241,1.35226,1.35241,1.35224,74
2016-11-17 21:49:00,2016-11-17 21:50:00,1.35199,1.35225,1.35225,1.35199,1.35226,1.35251,1.35251,1.35225,138
2016-11-17 21:50:00,2016-11-17 21:51:00,1.35225,1.35222,1.35228,1.3522,1.35251,1.35251,1.35251,1.3525,23
2016-11-17 21:51:00,2016-11-17 21:52:00,1.35222,1.35229,1.35234,1.35223,1.35251,1.35255,1.35259,1.35251,65
2016-11-17 21:52:00,2016-11-17 21:53:00,1.35229,1.35234,1.35235,1.35225,1.35255,1.35255,1.35257,1.35253,57
2016-11-17 21:53:00,2016-11-17 21:54:00,1.35234,1.35234,1.35235,1.35232,1.35255,1.35258,1.3526,1.35255,16
2016-11-17 21:54:00,2016-11-17 21:55:00,1.35234,1.35225,1.35236,1.35225,1.35258,1.35255,1.3526,1.35243,99
2016-11-17 21:55:00,2016-11-17 21:56:00,1.35225,1.3523,1.3524,1.35224,1.35255,1.35258,1.3526,1.35249,90
2016-11-17 21:56:00,2016-11-17 21:57:00,1.3523,1.35231,1.35235,1.35221,1.35258,1.35257,1.35258,1.35239,101
2016-11-17 21:57:00,2016-11-17 21:58:00,1.35231,1.35239,1.35246,1.35225,1.35257,1.35264,1.35274,1.35251,257
2016-11-17 21:58:00,2016-11-17 21:59:00,1.35239,1.35196,1.35239,1.35196,1.35264,1.35254,1.35273,1.35242,122
2016-11-17 21:59:00,2016-11-17 22:00:00,1.35196,1.35141,1.352,1.35107,1.35254,1.35258,1.35276,1.35251,18
2016-11-17 22:00:00,2016-11-17 22:01:00,1.35141,1.35168,1.35199,1.35142,1.35258,1.35254,1.35298,1.35249,12
2016-11-17 22:01:00,2016-11-17 22:02:00,1.35168,1.35168,1.35168,1.35168,1.35254,1.35258,1.35258,1.35258,1
2016-11-17 22:02:00,2016-11-17 22:03:00,1.35168,1.35174,1.35235,1.35168,1.35258,1.35245,1.35258,1.35239,45
2016-11-17 22:03:00,2016-11-17 22:04:00,1.35174,1.35157,1.35246,1.35157,1.35245,1.35265,1.35283,1.35245,47
2016-11-17 22:04:00,2016-11-17 22:05:00,1.35157,1.35241,1.35241,1.35154,1.35265,1.35259,1.35271,1.35246,59
2016-11-17 22:05:00,2016-11-17 22:06:00,1.35241,1.35228,1.35243,1.35181,1.35259,1.35267,1.35271,1.35258,43
2016-11-17 22:06:00,2016-11-17 22:07:00,1.35228,1.35181,1.35229,1.35181,1.35267,1.35265,1.35267,1.35246,38
2016-11-17 22:07:00,2016-11-17 22:08:00,1.35181,1.35242,1.3525,1.35163,1.35265,1.35281,1.35287,1.35245,62
2016-11-17 22:08:00,2016-11-17 22:09:00,1.35242,1.35244,1.35244,1.35179,1.35281,1.35268,1.35287,1.35264,21
2016-11-17 22:09:00,2016-11-17 22:10:00,1.35244,1.35237,1.35245,1.35188,1.35268,1.35276,1.35286,1.35263,41
2016-11-17 22:10:00,2016-11-17 22:11:00,1.35237,1.35252,1.35254,1.35238,1.35276,1.35279,1.3528,1.35276,6
2016-11-17 22:11:00,2016-11-17 22:12:00,1.35252,1.3526,1.35263,1.35237,1.35279,1.35289,1.35289,1.35274,20
2016-11-17 22:12:00,2016-11-17 22:13:00,1.3526,1.35234,1.35263,1.35234,1.35289,1.35285,1.35289,1.35285,9
2016-11-17 22:13:00,2016-11-17 22:14:00,1.35234,1.35235,1.35235,1.35235,1.35285,1.35285,1.35285,1.35285,1
2016-11-17 22:14:00,2016-11-17 22:16:00,1.35235,1.35258,1.35265,1.35233,1.35285,1.35284,1.35291,1.35281,26
2016-11-17 22:16:00,2016-11-17 22:17:00,1.35258,1.35237,1.35258,1.35234,1.35284,1.35277,1.35277,1.35277,5
2016-11-17 22:17:00,2016-11-17 22:18:00,1.35237,1.35243,1.35243,1.35238,1.35277,1.35271,1.35271,1.35266,3
2016-11-17 22:18:00,2016-11-17 22:19:00,1.35243,1.35242,1.35242,1.35242,1.35271,1.35271,1.35271,1.35271,1
2016-11-17 22:19:00,2016-11-17 22:20:00,1.35242,1.35251,1.35261,1.35244,1.35271,1.35279,1.3529,1.35271,22
2016-11-17 22:20:00,2016-11-17 22:21:00,1.35251,1.35238,1.3525,1.35238,1.35279,1.35279,1.35279,1.35278,4
2016-11-17 22:21:00,2016-11-17 22:22:00,1.35238,1.35243,1.35244,1.35238,1.35279,1.35276,1.35276,1.35276,4
2016-11-17 22:22:00,2016-11-17 22:23:00,1.35243,1.35244,1.35244,1.35244,1.35276,1.35276,1.35276,1.35276,1
2016-11-17 22:23:00,2016-11-17 22:24:00,1.35244,1.35241,1.3525,1.35241,1.35276,1.35288,1.35288,1.35276,8
2016-11-17 22:24:00,2016-11-17 22:25:00,1.35241,1.35238,1.3524,1.35238,1.35288,1.35284,1.35288,1.35275,6
2016-11-17 22:25:00,2016-11-17 22:26:00,1.35238,1.35197,1.35237,1.35197,1.35284,1.35271,1.35291,1.3527,32
2016-11-17 22:26:00,2016-11-17 22:27:00,1.35197,1.35174,1.35197,1.3513,1.35271,1.35203,1.3527,1.35196,87
2016-11-17 22:27:00,2016-11-17 22:28:00,1.35174,1.35174,1.35184,1.35174,1.35203,1.35233,1.35234,1.35202,24
2016-11-17 22:28:00,2016-11-17 22:29:00,1.35174,1.35204,1.35204,1.35174,1.35233,1.35273,1.35273,1.35232,25
2016-11-17 22:29:00,2016-11-17 22:30:00,1.35204,1.35176,1.35197,1.35176,1.35273,1.35261,1.35273,1.35259,15
2016-11-17 22:30:00,2016-11-17 22:31:00,1.35176,1.35178,1.35178,1.35177,1.35261,1.35263,1.35263,1.35261,6
2016-11-17 22:31:00,2016-11-17 22:32:00,1.35178,1.35173,1.35175,1.3517,1.35263,1.35258,1.35258,1.35255,7
2016-11-17 22:32:00,2016-11-17 22:33:00,1.35173,1.35172,1.35173,1.35172,1.35258,1.35257,1.35258,1.35257,6
2016-11-17 22:33:00,2016-11-17 22:34:00,1.35172,1.35172,1.35173,1.35172,1.35257,1.35257,1.35258,1.35257,4
2016-11-17 22:34:00,2016-11-17 22:35:00,1.35172,1.35177,1.35186,1.35173,1.35257,1.35259,1.35259,1.3525,11
2016-11-17 22:35:00,2016-11-17 22:36:00,1.35177,1.35173,1.35179,1.35173,1.35259,1.35258,1.35259,1.35258,4
2016-11-17 22:36:00,2016-11-17 22:37:00,1.35173,1.3517,1.35178,1.35166,1.35258,1.35246,1.3526,1.35233,35
2016-11-17 22:37:00,2016-11-17 22:38:00,1.3517,1.35189,1.35199,1.35166,1.35246,1.35244,1.35246,1.35194,104
2016-11-17 22:38:00,2016-11-17 22:39:00,1.35189,1.35192,1.35199,1.35178,1.35244,1.35218,1.35244,1.35217,143
2016-11-17 22:39:00,2016-11-17 22:40:00,1.35192,1.35188,1.35199,1.35187,1.35218,1.35228,1.35245,1.35218,68
2016-11-17 22:40:00,2016-11-17 22:41:00,1.35188,1.35244,1.35263,1.35187,1.35228,1.35273,1.35295,1.35228,74
2016-11-17 22:41:00,2016-11-17 22:42:00,1.35244,1.3521,1.35244,1.35205,1.35273,1.35282,1.35288,1.35268,52
2016-11-17 22:42:00,2016-11-17 22:43:00,1.3521,1.35211,1.35213,1.35208,1.35282,1.35284,1.35288,1.35283,24
2016-11-17 22:43:00,2016-11-17 22:44:00,1.35211,1.35207,1.3521,1.35206,1.35284,1.35284,1.35286,1.35281,14
2016-11-17 22:44:00,2016-11-17 22:45:00,1.35207,1.35213,1.35213,1.35207,1.35284,1.35281,1.35284,1.35281,5
2016-11-17 22:45:00,2016-11-17 22:46:00,1.35213,1.35197,1.35214,1.35196,1.35281,1.35266,1.35288,1.35266,40
2016-11-17 22:46:00,2016-11-17 22:47:00,1.35197,1.35198,1.35245,1.35195,1.35266,1.35262,1.35278,1.35262,45
2016-11-17 22:47:00,2016-11-17 22:48:00,1.35198,1.35198,1.35199,1.35198,1.35262,1.35257,1.35261,1.35257,5
2016-11-17 22:48:00,2016-11-17 22:49:00,1.35198,1.35198,1.35199,1.35198,1.35257,1.35255,1.35256,1.35255,4
2016-11-17 22:49:00,2016-11-17 22:50:00,1.35198,1.35218,1.35249,1.35217,1.35255,1.35268,1.35275,1.35255,30
2016-11-17 22:50:00,2016-11-17 22:51:00,1.35218,1.35216,1.35216,1.35214,1.35268,1.35268,1.35268,1.35267,5
2016-11-17 22:51:00,2016-11-17 22:52:00,1.35216,1.35211,1.35215,1.35209,1.35268,1.35258,1.35268,1.35258,10
2016-11-17 22:52:00,2016-11-17 22:53:00,1.35211,1.35202,1.3521,1.35201,1.35258,1.35258,1.3526,1.35256,17
2016-11-17 22:53:00,2016-11-17 22:54:00,1.35202,1.35187,1.35213,1.35169,1.35258,1.35241,1.35259,1.35207,120
2016-11-17 22:54:00,2016-11-17 22:55:00,1.35187,1.35173,1.35187,1.35162,1.35241,1.35229,1.35234,1.35198,89
2016-11-17 22:55:00,2016-11-17 22:56:00,1.35173,1.35163,1.35184,1.35158,1.35229,1.35205,1.35239,1.35182,148
2016-11-17 22:56:00,2016-11-17 22:57:00,1.35163,1.35166,1.35166,1.35163,1.35205,1.35204,1.35205,1.35204,8
2016-11-17 22:57:00,2016-11-17 22:58:00,1.35166,1.35221,1.35256,1.35166,1.35204,1.35273,1.35281,1.35203,234
2016-11-17 22:58:00,2016-11-17 22:59:00,1.35221,1.35217,1.35222,1.35215,1.35273,1.35271,1.35273,1.35271,10
2016-11-17 22:59:00,2016-11-17 23:00:00,1.35217,1.35201,1.35226,1.35195,1.35271,1.35252,1.3527,1.35245,196
2016-11-17 23:00:00,2016-11-17 23:01:00,1.35201,1.35197,1.3523,1.35191,1.35252,1.35235,1.35258,1.35223,166
2016-11-17 23:01:00,2016-11-17 23:02:00,1.35197,1.35198,1.35202,1.35191,1.35235,1.35224,1.35238,1.35217,115
2016-11-17 23:02:00,2016-11-17 23:03:00,1.35198,1.35165,1.35198,1.3516,1.35224,1.35207,1.35219,1.35197,87
2016-11-17 23:03:00,2016-11-17 23:04:00,1.35165,1.35172,1.35179,1.35162,1.35207,1.35216,1.35222,1.35207,49
2016-11-17 23:04:00,2016-11-17 23:05:00,1.35172,1.35168,1.35173,1.3516,1.35216,1.35212,1.35214,1.35206,29
2016-11-17 23:05:00,2016-11-17 23:06:00,1.35168,1.3518,1.35181,1.35171,1.35212,1.35215,1.35217,1.35208,23
2016-11-17 23:06:00,2016-11-17 23:07:00,1.3518,1.35182,1.35193,1.35177,1.35215,1.35217,1.35227,1.35215,133
2016-11-17 23:07:00,2016-11-17 23:08:00,1.35182,1.35186,1.35195,1.35176,1.35217,1.35223,1.35226,1.35215,78
2016-11-17 23:08:00,2016-11-17 23:09:00,1.35186,1.35188,1.3519,1.35186,1.35223,1.35223,1.35223,1.35223,11
2016-11-17 23:09:00,2016-11-17 23:10:00,1.35188,1.35192,1.35192,1.35185,1.35223,1.35223,1.35224,1.3522,40
2016-11-17 23:10:00,2016-11-17 23:11:00,1.35192,1.35179,1.3519,1.35174,1.35223,1.35209,1.35223,1.35203,155
2016-11-17 23:11:00,2016-11-17 23:12:00,1.35179,1.35163,1.35182,1.35162,1.35209,1.35207,1.35215,1.35193,135
2016-11-17 23:12:00,2016-11-17 23:13:00,1.35163,1.35168,1.35169,1.3516,1.35207,1.35212,1.35216,1.35206,71
2016-11-17 23:13:00,2016-11-17 23:14:00,1.35168,1.35178,1.35194,1.35168,1.35212,1.35221,1.35224,1.3521,106
2016-11-17 23:14:00,2016-11-17 23:15:00,1.35178,1.35184,1.35187,1.35177,1.35221,1.35221,1.35224,1.35216,129
2016-11-17 23:15:00,2016-11-17 23:16:00,1.35184,1.35184,1.35189,1.35183,1.35221,1.35221,1.35227,1.35216,90
2016-11-17 23:16:00,2016-11-17 23:17:00,1.35184,1.35188,1.35197,1.35183,1.35221,1.35229,1.3524,1.35224,125
2016-11-17 23:17:00,2016-11-17 23:18:00,1.35188,1.35191,1.35207,1.35186,1.35229,1.35228,1.35245,1.35222,223
2016-11-17 23:18:00,2016-11-17 23:19:00,1.35191,1.35193,1.35196,1.3519,1.35228,1.35229,1.35234,1.35228,170
2016-11-17 23:19:00,2016-11-17 23:20:00,1.35193,1.35198,1.35208,1.35191,1.35229,1.35238,1.35238,1.35222,127
2016-11-17 23:20:00,2016-11-17 23:21:00,1.35198,1.35199,1.352,1.35195,1.35238,1.35237,1.35241,1.35237,17
2016-11-17 23:21:00,2016-11-17 23:22:00,1.35199,1.35204,1.35205,1.35199,1.35237,1.35242,1.35242,1.35237,53
2016-11-17 23:22:00,2016-11-17 23:23:00,1.35204,1.35212,1.35214,1.35201,1.35242,1.35244,1.35247,1.35236,116
2016-11-17 23:23:00,2016-11-17 23:24:00,1.35212,1.35208,1.35214,1.352,1.35244,1.35242,1.35246,1.35238,81
2016-11-17 23:24:00,2016-11-17 23:25:00,1.35208,1.35205,1.35211,1.35195,1.35242,1.35243,1.35246,1.35231,86
2016-11-17 23:25:00,2016-11-17 23:26:00,1.35205,1.35202,1.35207,1.352,1.35243,1.3524,1.35243,1.35237,32
2016-11-17 23:26:00,2016-11-17 23:27:00,1.35202,1.35202,1.35204,1.35199,1.3524,1.3524,1.3524,1.35237,20
2016-11-17 23:27:00,2016-11-17 23:28:00,1.35202,1.35199,1.35203,1.35195,1.3524,1.3524,1.3524,1.35237,36
2016-11-17 23:28:00,2016-11-17 23:29:00,1.35199,1.3521,1.35222,1.35201,1.3524,1.35248,1.35252,1.35237,50
2016-11-17 23:29:00,2016-11-17 23:30:00,1.3521,1.35214,1.35219,1.35207,1.35248,1.35252,1.35255,1.35248,35
2016-11-17 23:30:00,2016-11-17 23:31:00,1.35214,1.35213,1.35219,1.35211,1.35252,1.3525,1.35254,1.35249,71
2016-11-17 23:31:00,2016-11-17 23:32:00,1.35213,1.35213,1.35217,1.35212,1.3525,1.3525,1.35254,1.35248,48
2016-11-17 23:32:00,2016-11-17 23:33:00,1.35213,1.3522,1.3522,1.35213,1.3525,1.35256,1.35259,1.3525,41
2016-11-17 23:33:00,2016-11-17 23:34:00,1.3522,1.35231,1.35244,1.3522,1.35256,1.35268,1.35277,1.35256,70
2016-11-17 23:34:00,2016-11-17 23:35:00,1.35231,1.35231,1.35238,1.3523,1.35268,1.35262,1.35278,1.3526,50
2016-11-17 23:35:00,2016-11-17 23:36:00,1.35231,1.35259,1.35259,1.35231,1.35262,1.35282,1.35286,1.35261,122
2016-11-17 23:36:00,2016-11-17 23:37:00,1.35259,1.35274,1.35274,1.35258,1.35282,1.35294,1.35296,1.35279,97
2016-11-17 23:37:00,2016-11-17 23:38:00,1.35274,1.35273,1.35274,1.35258,1.35294,1.35292,1.35298,1.35283,232
2016-11-17 23:38:00,2016-11-17 23:39:00,1.35273,1.35273,1.35274,1.35272,1.35292,1.35299,1.35299,1.35291,63
2016-11-17 23:39:00,2016-11-17 23:40:00,1.35273,1.35276,1.35278,1.35274,1.35299,1.35303,1.35307,1.35299,45
2016-11-17 23:40:00,2016-11-17 23:41:00,1.35276,1.35275,1.3528,1.35274,1.35303,1.35305,1.35307,1.35302,48
2016-11-17 23:41:00,2016-11-17 23:42:00,1.35275,1.35278,1.35282,1.35275,1.35305,1.35307,1.35308,1.35304,49
2016-11-17 23:42:00,2016-11-17 23:43:00,1.35278,1.35279,1.35279,1.35275,1.35307,1.35308,1.35308,1.35303,51
2016-11-17 23:43:00,2016-11-17 23:44:00,1.35279,1.3528,1.3528,1.35273,1.35308,1.35308,1.35308,1.35302,55
2016-11-17 23:44:00,2016-11-17 23:45:00,1.3528,1.35282,1.35283,1.35279,1.35308,1.35309,1.3531,1.35307,39
2016-11-17 23:45:00,2016-11-17 23:46:00,1.35282,1.35289,1.35289,1.35278,1.35309,1.35321,1.35321,1.35306,148
2016-11-17 23:46:00,2016-11-17 23:47:00,1.35289,1.35306,1.3531,1.35289,1.35321,1.35336,1.35337,1.3532,609
2016-11-17 23:47:00,2016-11-17 23:48:00,1.35306,1.35319,1.3532,1.35304,1.35336,1.35345,1.35348,1.3533,271
2016-11-17 23:48:00,2016-11-17 23:49:00,1.35319,1.3532,1.35322,1.35304,1.35345,1.35344,1.35349,1.35331,246
2016-11-17 23:49:00,2016-11-17 23:50:00,1.3532,1.35332,1.35333,1.3532,1.35344,1.35356,1.35359,1.35344,95
2016-11-17 23:50:00,2016-11-17 23:51:00,1.35332,1.35325,1.35333,1.35322,1.35356,1.35356,1.3536,1.35346,220
2016-11-17 23:51:00,2016-11-17 23:52:00,1.35325,1.35336,1.35337,1.35324,1.35356,1.35371,1.35371,1.35349,59
2016-11-17 23:52:00,2016-11-17 23:53:00,1.35336,1.35327,1.35336,1.35318,1.35371,1.35363,1.35371,1.35339,87
2016-11-17 23:53:00,2016-11-17 23:54:00,1.35327,1.35334,1.35336,1.35326,1.35363,1.35367,1.35368,1.35362,94
2016-11-17 23:54:00,2016-11-17 23:55:00,1.35334,1.35351,1.35356,1.35334,1.35367,1.35377,1.35383,1.35368,133
2016-11-17 23:55:00,2016-11-17 23:56:00,1.35351,1.35358,1.35363,1.35351,1.35377,1.35391,1.35391,1.35378,85
2016-11-17 23:56:00,2016-11-17 23:57:00,1.35358,1.35358,1.35358,1.35357,1.35391,1.35388,1.35391,1.35387,18
2016-11-17 23:57:00,2016-11-17 23:58:00,1.35358,1.35357,1.35358,1.35348,1.35388,1.35389,1.35391,1.35373,48
2016-11-17 23:58:00,2016-11-17 23:59:00,1.35357,1.35351,1.35357,1.35348,1.35389,1.35383,1.35389,1.35377,152
2016-11-17 23:59:00,2016-11-18 00:00:00,1.35351,1.35307,1.35353,1.35303,1.35383,1.35338,1.35387,1.35332,267
2016-11-18 00:00:00,2016-11-18 00:01:00,1.35307,1.3532,1.35328,1.35307,1.35338,1.35351,1.35357,1.3533,126
2016-11-18 00:01:00,2016-11-18 00:02:00,1.3532,1.35316,1.35322,1.35316,1.35351,1.35346,1.35352,1.35344,49
2016-11-18 00:02:00,2016-11-18 00:03:00,1.35316,1.35314,1.35326,1.35308,1.35346,1.35342,1.35355,1.35335,144
2016-11-18 00:03:00,2016-11-18 00:04:00,1.35314,1.35313,1.35321,1.35311,1.35342,1.35341,1.35351,1.35335,131
2016-11-18 00:04:00,2016-11-18 00:05:00,1.35313,1.35339,1.35344,1.35313,1.35341,1.35366,1.35371,1.35343,179
2016-11-18 00:05:00,2016-11-18 00:06:00,1.35339,1.35344,1.35364,1.35324,1.35366,1.35372,1.35389,1.3535,311
2016-11-18 00:06:00,2016-11-18 00:07:00,1.35344,1.35345,1.35356,1.35341,1.35372,1.35373,1.35384,1.35368,248
2016-11-18 00:07:00,2016-11-18 00:08:00,1.35345,1.35325,1.3535,1.3532,1.35373,1.35352,1.35375,1.35348,229
2016-11-18 00:08:00,2016-11-18 00:09:00,1.35325,1.35309,1.35326,1.35307,1.35352,1.35338,1.35356,1.35334,90
2016-11-18 00:09:00,2016-11-18 00:10:00,1.35309,1.35314,1.35321,1.35287,1.35338,1.3534,1.35343,1.35313,254
2016-11-18 00:10:00,2016-11-18 00:11:00,1.35314,1.35343,1.35345,1.35312,1.3534,1.3537,1.35372,1.35338,118
2016-11-18 00:11:00,2016-11-18 00:12:00,1.35343,1.35358,1.35359,1.35343,1.3537,1.35379,1.35383,1.35371,126
2016-11-18 00:12:00,2016-11-18 00:13:00,1.35358,1.35353,1.35359,1.35351,1.35379,1.3538,1.35386,1.35376,91
2016-11-18 00:13:00,2016-11-18 00:14:00,1.35353,1.35362,1.35363,1.35352,1.3538,1.35388,1.35389,1.35377,142
2016-11-18 00:14:00,2016-11-18 00:15:00,1.35362,1.35363,1.35365,1.35359,1.35388,1.35388,1.35391,1.35384,129
2016-11-18 00:15:00,2016-11-18 00:16:00,1.35363,1.35364,1.35365,1.35361,1.35388,1.35387,1.35391,1.35385,75
2016-11-18 00:16:00,2016-11-18 00:17:00,1.35364,1.3538,1.3539,1.35364,1.35387,1.35405,1.35409,1.35386,86
2016-11-18 00:17:00,2016-11-18 00:18:00,1.3538,1.35412,1.35421,1.35383,1.35405,1.35436,1.35443,1.35405,228
2016-11-18 00:18:00,2016-11-18 00:19:00,1.35412,1.35433,1.35457,1.35411,1.35436,1.35457,1.35478,1.35437,232
2016-11-18 00:19:00,2016-11-18 00:20:00,1.35433,1.35422,1.35433,1.35422,1.35457,1.35446,1.3546,1.35445,190
2016-11-18 00:20:00,2016-11-18 00:21:00,1.35422,1.35426,1.35434,1.35422,1.35446,1.35456,1.35459,1.35445,152
2016-11-18 00:21:00,2016-11-18 00:22:00,1.35426,1.35433,1.35433,1.35414,1.35456,1.3546,1.3546,1.35443,106
2016-11-18 00:22:00,2016-11-18 00:23:00,1.35433,1.35425,1.35445,1.35417,1.3546,1.35456,1.35472,1.35445,378
2016-11-18 00:23:00,2016-11-18 00:24:00,1.35425,1.35426,1.35436,1.35422,1.35456,1.35453,1.35465,1.35448,251
2016-11-18 00:24:00,2016-11-18 00:25:00,1.35426,1.35426,1.35436,1.35422,1.35453,1.35454,1.35464,1.35446,213
2016-11-18 00:25:00,2016-11-18 00:26:00,1.35426,1.35429,1.35436,1.35422,1.35454,1.35457,1.35464,1.35446,318
2016-11-18 00:26:00,2016-11-18 00:27:00,1.35429,1.35422,1.35431,1.35422,1.35457,1.3545,1.35459,1.35448,170
2016-11-18 00:27:00,2016-11-18 00:28:00,1.35422,1.35421,1.35431,1.3542,1.3545,1.35449,1.35459,1.35446,200
2016-11-18 00:28:00,2016-11-18 00:29:00,1.35421,1.35416,1.35423,1.35414,1.35449,1.35443,1.35449,1.35434,239
2016-11-18 00:29:00,2016-11-18 00:30:00,1.35416,1.35423,1.35428,1.35413,1.35443,1.3545,1.35457,1.3544,216
2016-11-18 00:30:00,2016-11-18 00:31:00,1.35423,1.35418,1.35426,1.35412,1.3545,1.35447,1.35453,1.35439,273
2016-11-18 00:31:00,2016-11-18 00:32:00,1.35418,1.35415,1.35422,1.35412,1.35447,1.35442,1.3545,1.3544,170
2016-11-18 00:32:00,2016-11-18 00:33:00,1.35415,1.35425,1.35425,1.35414,1.35442,1.35452,1.35452,1.35439,137
2016-11-18 00:33:00,2016-11-18 00:34:00,1.35425,1.35448,1.35452,1.35421,1.35452,1.35475,1.35477,1.35449,341
2016-11-18 00:34:00,2016-11-18 00:35:00,1.35448,1.35462,1.35463,1.35446,1.35475,1.35488,1.35488,1.35474,216
2016-11-18 00:35:00,2016-11-18 00:36:00,1.35462,1.35432,1.35464,1.35432,1.35488,1.35456,1.35488,1.35456,183
2016-11-18 00:36:00,2016-11-18 00:37:00,1.35432,1.35431,1.35437,1.35424,1.35456,1.35458,1.35461,1.35449,128
2016-11-18 00:37:00,2016-11-18 00:38:00,1.35431,1.35444,1.35446,1.35423,1.35458,1.35469,1.3547,1.3545,163
2016-11-18 00:38:00,2016-11-18 00:39:00,1.35444,1.35447,1.35447,1.3544,1.35469,1.3547,1.35471,1.35465,102
2016-11-18 00:39:00,2016-11-18 00:40:00,1.35447,1.35445,1.35446,1.35442,1.3547,1.35469,1.3547,1.35468,34
2016-11-18 00:40:00,2016-11-18 00:41:00,1.35445,1.35441,1.35448,1.35433,1.35469,1.35467,1.3547,1.35457,168
2016-11-18 00:41:00,2016-11-18 00:42:00,1.35441,1.35453,1.35454,1.35438,1.35467,1.35475,1.3548,1.35463,99
2016-11-18 00:42:00,2016-11-18 00:43:00,1.35453,1.3543,1.35453,1.35429,1.35475,1.35455,1.35478,1.35455,246
2016-11-18 00:43:00,2016-11-18 00:44:00,1.3543,1.35426,1.35434,1.35421,1.35455,1.35451,1.35458,1.35445,187
2016-11-18 00:44:00,2016-11-18 00:45:00,1.35426,1.35426,1.35431,1.35424,1.35451,1.35452,1.35458,1.3545,82
2016-11-18 00:45:00,2016-11-18 00:46:00,1.35426,1.35427,1.35435,1.3542,1.35452,1.35453,1.35462,1.35445,88
2016-11-18 00:46:00,2016-11-18 00:47:00,1.35427,1.35425,1.35429,1.35419,1.35453,1.35451,1.35454,1.35444,104
2016-11-18 00:47:00,2016-11-18 00:48:00,1.35425,1.35419,1.35429,1.35419,1.35451,1.35447,1.35454,1.35445,101
2016-11-18 00:48:00,2016-11-18 00:49:00,1.35419,1.35426,1.3543,1.35415,1.35447,1.35447,1.35453,1.35444,101
2016-11-18 00:49:00,2016-11-18 00:50:00,1.35426,1.35416,1.35426,1.35411,1.35447,1.35443,1.35447,1.35438,187
2016-11-18 00:50:00,2016-11-18 00:51:00,1.35416,1.35417,1.3542,1.35399,1.35443,1.35444,1.35448,1.35427,283
2016-11-18 00:51:00,2016-11-18 00:52:00,1.35417,1.35429,1.35432,1.35412,1.35444,1.35459,1.35461,1.35437,147
2016-11-18 00:52:00,2016-11-18 00:53:00,1.35429,1.35434,1.35435,1.35429,1.35459,1.35459,1.3546,1.35452,101
2016-11-18 00:53:00,2016-11-18 00:54:00,1.35434,1.3545,1.35456,1.35422,1.35459,1.35477,1.35477,1.35448,329
2016-11-18 00:54:00,2016-11-18 00:55:00,1.3545,1.35439,1.35448,1.35437,1.35477,1.35468,1.35476,1.35463,172
2016-11-18 00:55:00,2016-11-18 00:56:00,1.35439,1.35437,1.35446,1.35437,1.35468,1.35468,1.35473,1.35465,82
2016-11-18 00:56:00,2016-11-18 00:57:00,1.35437,1.35414,1.35439,1.35409,1.35468,1.35438,1.35469,1.35437,144
2016-11-18 00:57:00,2016-11-18 00:58:00,1.35414,1.35409,1.35414,1.35397,1.35438,1.35439,1.35441,1.35424,206
2016-11-18 00:58:00,2016-11-18 00:59:00,1.35409,1.35412,1.35415,1.35405,1.35439,1.35443,1.35443,1.35434,85
2016-11-18 00:59:00,2016-11-18 01:00:00,1.35412,1.35421,1.35429,1.35411,1.35443,1.35446,1.3545,1.35435,280
2016-11-18 01:00:00,2016-11-18 01:01:00,1.35421,1.3542,1.35426,1.35417,1.35446,1.35446,1.3545,1.35441,143
2016-11-18 01:01:00,2016-11-18 01:02:00,1.3542,1.35444,1.35444,1.35422,1.35446,1.3547,1.3547,1.35445,86
2016-11-18 01:02:00,2016-11-18 01:03:00,1.35444,1.35437,1.35447,1.35432,1.3547,1.35459,1.3547,1.35455,232
2016-11-18 01:03:00,2016-11-18 01:04:00,1.35437,1.35462,1.3547,1.35433,1.35459,1.35488,1.35496,1.3546,375
2016-11-18 01:04:00,2016-11-18 01:05:00,1.35462,1.35446,1.35465,1.35442,1.35488,1.35474,1.35489,1.3547,241
2016-11-18 01:05:00,2016-11-18 01:06:00,1.35446,1.35467,1.35468,1.35443,1.35474,1.35491,1.35493,1.35471,340
2016-11-18 01:06:00,2016-11-18 01:07:00,1.35467,1.35454,1.35467,1.35453,1.35491,1.3548,1.35492,1.35476,434
2016-11-18 01:07:00,2016-11-18 01:08:00,1.35454,1.35453,1.35456,1.35436,1.3548,1.35478,1.35483,1.35462,413
2016-11-18 01:08:00,2016-11-18 01:09:00,1.35453,1.35455,1.35466,1.35452,1.35478,1.35481,1.35492,1.35477,312
2016-11-18 01:09:00,2016-11-18 01:10:00,1.35455,1.35464,1.35473,1.35455,1.35481,1.35489,1.35497,1.3548,367
2016-11-18 01:10:00,2016-11-18 01:11:00,1.35464,1.3548,1.35482,1.35462,1.35489,1.35506,1.35508,1.35488,329
2016-11-18 01:11:00,2016-11-18 01:12:00,1.3548,1.35482,1.35488,1.35474,1.35506,1.35507,1.35509,1.355,122
2016-11-18 01:12:00,2016-11-18 01:13:00,1.35482,1.35481,1.35484,1.35472,1.35507,1.35505,1.35508,1.35497,84
2016-11-18 01:13:00,2016-11-18 01:14:00,1.35481,1.35508,1.35521,1.35477,1.35505,1.35534,1.35543,1.35502,324
2016-11-18 01:14:00,2016-11-18 01:15:00,1.35508,1.35499,1.3552,1.35495,1.35534,1.35526,1.35544,1.35523,354
2016-11-18 01:15:00,2016-11-18 01:16:00,1.35499,1.35507,1.35515,1.35497,1.35526,1.35535,1.3554,1.35524,130
2016-11-18 01:16:00,2016-11-18 01:17:00,1.35507,1.35509,1.3551,1.35505,1.35535,1.35536,1.35537,1.35531,73
2016-11-18 01:17:00,2016-11-18 01:18:00,1.35509,1.35499,1.35512,1.35491,1.35536,1.35527,1.35538,1.35517,175
2016-11-18 01:18:00,2016-11-18 01:19:00,1.35499,1.35516,1.35517,1.35493,1.35527,1.3554,1.35542,1.35518,229
2016-11-18 01:19:00,2016-11-18 01:20:00,1.35516,1.35497,1.35517,1.35492,1.3554,1.35525,1.35541,1.35517,218
2016-11-18 01:20:00,2016-11-18 01:21:00,1.35497,1.35534,1.35561,1.35498,1.35525,1.35561,1.35587,1.35525,349
2016-11-18 01:21:00,2016-11-18 01:22:00,1.35534,1.35529,1.35533,1.35525,1.35561,1.35553,1.35559,1.35549,47
2016-11-18 01:22:00,2016-11-18 01:23:00,1.35529,1.3554,1.35543,1.35525,1.35553,1.35563,1.35567,1.3555,163
2016-11-18 01:23:00,2016-11-18 01:24:00,1.3554,1.35511,1.35542,1.35511,1.35563,1.35535,1.35564,1.35535,153
2016-11-18 01:24:00,2016-11-18 01:25:00,1.35511,1.35536,1.35536,1.35511,1.35535,1.35565,1.35565,1.35535,151
2016-11-18 01:25:00,2016-11-18 01:26:00,1.35536,1.35584,1.35586,1.35537,1.35565,1.35607,1.35608,1.35564,216
2016-11-18 01:26:00,2016-11-18 01:27:00,1.35584,1.35553,1.35589,1.35551,1.35607,1.35576,1.35611,1.35576,689
2016-11-18 01:27:00,2016-11-18 01:28:00,1.35553,1.35553,1.35556,1.35517,1.35576,1.35582,1.35584,1.35542,389
2016-11-18 01:28:00,2016-11-18 01:29:00,1.35553,1.35566,1.35568,1.35551,1.35582,1.35589,1.35592,1.35579,308
2016-11-18 01:29:00,2016-11-18 01:30:00,1.35566,1.3557,1.35584,1.35543,1.35589,1.3559,1.35605,1.35566,553
2016-11-18 01:30:00,2016-11-18 01:31:00,1.3557,1.35572,1.35587,1.35564,1.3559,1.35593,1.35606,1.35586,369
2016-11-18 01:31:00,2016-11-18 01:32:00,1.35572,1.35542,1.35572,1.35538,1.35593,1.35567,1.35595,1.35561,228
2016-11-18 01:32:00,2016-11-18 01:33:00,1.35542,1.35508,1.35554,1.35506,1.35567,1.35533,1.35577,1.35533,261
2016-11-18 01:33:00,2016-11-18 01:34:00,1.35508,1.35506,1.35522,1.35495,1.35533,1.35531,1.35548,1.3552,361
2016-11-18 01:34:00,2016-11-18 01:35:00,1.35506,1.35521,1.3553,1.35498,1.35531,1.35545,1.35558,1.3552,521
2016-11-18 01:35:00,2016-11-18 01:36:00,1.35521,1.35498,1.35521,1.35493,1.35545,1.35525,1.35548,1.35519,426
2016-11-18 01:36:00,2016-11-18 01:37:00,1.35498,1.35508,1.3551,1.3549,1.35525,1.35536,1.35538,1.35515,222
2016-11-18 01:37:00,2016-11-18 01:38:00,1.35508,1.35511,1.35535,1.35508,1.35536,1.35538,1.3556,1.35534,362
2016-11-18 01:38:00,2016-11-18 01:39:00,1.35511,1.35544,1.35544,1.35496,1.35538,1.35566,1.35566,1.35517,356
2016-11-18 01:39:00,2016-11-18 01:40:00,1.35544,1.35554,1.35563,1.3554,1.35566,1.35582,1.35591,1.35564,399
2016-11-18 01:40:00,2016-11-18 01:41:00,1.35554,1.35567,1.35577,1.35552,1.35582,1.35594,1.35602,1.35577,395
2016-11-18 01:41:00,2016-11-18 01:42:00,1.35567,1.35514,1.3557,1.35505,1.35594,1.35539,1.35595,1.35533,318
2016-11-18 01:42:00,2016-11-18 01:43:00,1.35514,1.35479,1.35516,1.35473,1.35539,1.35504,1.3554,1.35501,403
2016-11-18 01:43:00,2016-11-18 01:44:00,1.35479,1.35483,1.3549,1.35469,1.35504,1.35504,1.35513,1.35497,162
2016-11-18 01:44:00,2016-11-18 01:45:00,1.35483,1.35461,1.35486,1.35461,1.35504,1.35485,1.35513,1.35485,280
2016-11-18 01:45:00,2016-11-18 01:46:00,1.35461,1.35454,1.35471,1.35451,1.35485,1.35484,1.35498,1.35478,277
2016-11-18 01:46:00,2016-11-18 01:47:00,1.35454,1.35441,1.3546,1.35433,1.35484,1.35469,1.35485,1.35458,431
2016-11-18 01:47:00,2016-11-18 01:48:00,1.35441,1.35447,1.35451,1.3544,1.35469,1.35475,1.35476,1.35467,77
2016-11-18 01:48:00,2016-11-18 01:49:00,1.35447,1.35468,1.35468,1.35438,1.35475,1.35493,1.35493,1.35465,166
2016-11-18 01:49:00,2016-11-18 01:50:00,1.35468,1.3546,1.35471,1.35459,1.35493,1.35485,1.35494,1.3548,60
2016-11-18 01:50:00,2016-11-18 01:51:00,1.3546,1.35443,1.35461,1.35441,1.35485,1.35467,1.35485,1.35466,77
2016-11-18 01:51:00,2016-11-18 01:52:00,1.35443,1.35457,1.35461,1.35444,1.35467,1.35485,1.35485,1.35467,118
2016-11-18 01:52:00,2016-11-18 01:53:00,1.35457,1.35502,1.35503,1.35457,1.35485,1.35523,1.35527,1.35484,196
2016-11-18 01:53:00,2016-11-18 01:54:00,1.35502,1.35526,1.35537,1.355,1.35523,1.35547,1.35559,1.35521,314
2016-11-18 01:54:00,2016-11-18 01:55:00,1.35526,1.35523,1.35536,1.35523,1.35547,1.35546,1.35558,1.35545,309
2016-11-18 01:55:00,2016-11-18 01:56:00,1.35523,1.35526,1.35528,1.35511,1.35546,1.35552,1.35554,1.35535,304
2016-11-18 01:56:00,2016-11-18 01:57:00,1.35526,1.35546,1.35546,1.35524,1.35552,1.35573,1.35574,1.35548,482
2016-11-18 01:57:00,2016-11-18 01:58:00,1.35546,1.35532,1.35549,1.3553,1.35573,1.35556,1.35576,1.35552,206
2016-11-18 01:58:00,2016-11-18 01:59:00,1.35532,1.35537,1.35546,1.3553,1.35556,1.35562,1.35574,1.35555,255
2016-11-18 01:59:00,2016-11-18 02:00:00,1.35537,1.35523,1.3554,1.35513,1.35562,1.35549,1.35565,1.35537,299
2016-11-18 02:00:00,2016-11-18 02:01:00,1.35523,1.3553,1.35532,1.35505,1.35549,1.35556,1.35557,1.35528,336
2016-11-18 02:01:00,2016-11-18 02:02:00,1.3553,1.35525,1.35538,1.35516,1.35556,1.3555,1.35564,1.3554,368
2016-11-18 02:02:00,2016-11-18 02:03:00,1.35525,1.35514,1.35537,1.35506,1.3555,1.35538,1.35562,1.35529,339
2016-11-18 02:03:00,2016-11-18 02:04:00,1.35514,1.35501,1.35514,1.35501,1.35538,1.35523,1.3554,1.35523,136
2016-11-18 02:04:00,2016-11-18 02:05:00,1.35501,1.35482,1.35513,1.35479,1.35523,1.35508,1.35537,1.35505,397
2016-11-18 02:05:00,2016-11-18 02:06:00,1.35482,1.35476,1.35486,1.35475,1.35508,1.355,1.35512,1.35499,175
2016-11-18 02:06:00,2016-11-18 02:07:00,1.35476,1.35473,1.35484,1.3546,1.355,1.35502,1.3551,1.35484,255
2016-11-18 02:07:00,2016-11-18 02:08:00,1.35473,1.35475,1.35478,1.35465,1.35502,1.35497,1.35502,1.3549,113
2016-11-18 02:08:00,2016-11-18 02:09:00,1.35475,1.35484,1.35488,1.35467,1.35497,1.35511,1.35515,1.35489,417
2016-11-18 02:09:00,2016-11-18 02:10:00,1.35484,1.35507,1.3551,1.35474,1.35511,1.35534,1.35538,1.355,484
2016-11-18 02:10:00,2016-11-18 02:11:00,1.35507,1.35502,1.35527,1.35489,1.35534,1.35527,1.35553,1.35514,450
2016-11-18 02:11:00,2016-11-18 02:12:00,1.35502,1.35502,1.35519,1.35498,1.35527,1.35529,1.35546,1.35526,211
2016-11-18 02:12:00,2016-11-18 02:13:00,1.35502,1.35512,1.35521,1.35502,1.35529,1.35538,1.3555,1.35528,283
2016-11-18 02:13:00,2016-11-18 02:14:00,1.35512,1.35509,1.35515,1.35493,1.35538,1.35537,1.35539,1.35518,137
2016-11-18 02:14:00,2016-11-18 02:15:00,1.35509,1.3551,1.35515,1.35502,1.35537,1.35537,1.3554,1.35524,118
2016-11-18 02:15:00,2016-11-18 02:16:00,1.3551,1.3552,1.35522,1.35495,1.35537,1.35546,1.35548,1.35522,311
2016-11-18 02:16:00,2016-11-18 02:17:00,1.3552,1.35528,1.35534,1.3552,1.35546,1.35551,1.35558,1.35543,209
2016-11-18 02:17:00,2016-11-18 02:18:00,1.35528,1.35524,1.35533,1.35524,1.35551,1.35544,1.35556,1.35543,273
2016-11-18 02:18:00,2016-11-18 02:19:00,1.35524,1.35526,1.35533,1.35516,1.35544,1.35547,1.35559,1.35537,246
2016-11-18 02:19:00,2016-11-18 02:20:00,1.35526,1.35542,1.35554,1.35525,1.35547,1.35563,1.35577,1.35549,593
2016-11-18 02:20:00,2016-11-18 02:21:00,1.35542,1.3556,1.35561,1.35542,1.35563,1.35579,1.35585,1.35563,280
2016-11-18 02:21:00,2016-11-18 02:22:00,1.3556,1.35554,1.3556,1.35549,1.35579,1.35579,1.35581,1.35573,241
2016-11-18 02:22:00,2016-11-18 02:23:00,1.35554,1.35556,1.35561,1.3555,1.35579,1.35582,1.35584,1.35573,402
2016-11-18 02:23:00,2016-11-18 02:24:00,1.35556,1.35573,1.35582,1.3555,1.35582,1.35598,1.35605,1.35575,495
2016-11-18 02:24:00,2016-11-18 02:25:00,1.35573,1.35566,1.35574,1.35564,1.35598,1.35591,1.35599,1.3559,469
2016-11-18 02:25:00,2016-11-18 02:26:00,1.35566,1.35569,1.35573,1.35556,1.35591,1.35595,1.35599,1.35581,498
2016-11-18 02:26:00,2016-11-18 02:27:00,1.35569,1.35582,1.35582,1.35568,1.35595,1.35605,1.35605,1.35594,137
2016-11-18 02:27:00,2016-11-18 02:28:00,1.35582,1.35579,1.35582,1.35577,1.35605,1.35599,1.35606,1.35598,156
2016-11-18 02:28:00,2016-11-18 02:29:00,1.35579,1.3558,1.35583,1.35579,1.35599,1.35598,1.35606,1.35598,129
2016-11-18 02:29:00,2016-11-18 02:30:00,1.3558,1.35581,1.35581,1.35576,1.35598,1.35604,1.35606,1.35595,172
2016-11-18 02:30:00,2016-11-18 02:31:00,1.35581,1.35569,1.35584,1.35568,1.35604,1.35595,1.35608,1.35593,250
2016-11-18 02:31:00,2016-11-18 02:32:00,1.35569,1.35577,1.3558,1.35568,1.35595,1.35603,1.35606,1.35594,279
2016-11-18 02:32:00,2016-11-18 02:33:00,1.35577,1.35573,1.3558,1.35567,1.35603,1.35599,1.35606,1.3559,217
2016-11-18 02:33:00,2016-11-18 02:34:00,1.35573,1.35576,1.35579,1.35568,1.35599,1.35602,1.35605,1.35593,196
2016-11-18 02:34:00,2016-11-18 02:35:00,1.35576,1.35573,1.35578,1.35571,1.35602,1.35594,1.35604,1.35593,227
2016-11-18 02:35:00,2016-11-18 02:36:00,1.35573,1.35558,1.35573,1.35557,1.35594,1.35586,1.35599,1.35582,227
2016-11-18 02:36:00,2016-11-18 02:37:00,1.35558,1.35567,1.35569,1.35557,1.35586,1.35595,1.35595,1.35586,61
2016-11-18 02:37:00,2016-11-18 02:38:00,1.35567,1.35607,1.3561,1.35566,1.35595,1.35631,1.35634,1.35592,277
2016-11-18 02:38:00,2016-11-18 02:39:00,1.35607,1.35606,1.3561,1.35601,1.35631,1.35634,1.35637,1.35626,157
2016-11-18 02:39:00,2016-11-18 02:40:00,1.35606,1.35606,1.35613,1.35602,1.35634,1.35631,1.35641,1.35627,197
2016-11-18 02:40:00,2016-11-18 02:41:00,1.35606,1.35628,1.3563,1.35606,1.35631,1.35652,1.35656,1.35628,812
2016-11-18 02:41:00,2016-11-18 02:42:00,1.35628,1.35629,1.35631,1.35613,1.35652,1.35653,1.35656,1.35637,472
2016-11-18 02:42:00,2016-11-18 02:43:00,1.35629,1.35622,1.35633,1.35621,1.35653,1.35647,1.35659,1.35642,269
2016-11-18 02:43:00,2016-11-18 02:44:00,1.35622,1.35621,1.35633,1.35619,1.35647,1.35642,1.35656,1.35642,369
2016-11-18 02:44:00,2016-11-18 02:45:00,1.35621,1.35597,1.35622,1.35594,1.35642,1.35623,1.35649,1.35618,288
2016-11-18 02:45:00,2016-11-18 02:46:00,1.35597,1.35614,1.3562,1.35597,1.35623,1.35641,1.35648,1.35622,210
2016-11-18 02:46:00,2016-11-18 02:47:00,1.35614,1.35603,1.35614,1.35599,1.35641,1.35628,1.35641,1.35625,154
2016-11-18 02:47:00,2016-11-18 02:48:00,1.35603,1.35609,1.3561,1.356,1.35628,1.35635,1.35638,1.35625,207
2016-11-18 02:48:00,2016-11-18 02:49:00,1.35609,1.3559,1.35609,1.3559,1.35635,1.35617,1.35639,1.35616,191
2016-11-18 02:49:00,2016-11-18 02:50:00,1.3559,1.35606,1.35611,1.35588,1.35617,1.35631,1.35638,1.35615,255
2016-11-18 02:50:00,2016-11-18 02:51:00,1.35606,1.35616,1.35616,1.35594,1.35631,1.3564,1.3564,1.35617,311
2016-11-18 02:51:00,2016-11-18 02:52:00,1.35616,1.35613,1.3562,1.35608,1.3564,1.35634,1.35643,1.35632,167
2016-11-18 02:52:00,2016-11-18 02:53:00,1.35613,1.35602,1.35617,1.356,1.35634,1.35627,1.3564,1.35623,163
2016-11-18 02:53:00,2016-11-18 02:54:00,1.35602,1.356,1.35606,1.35594,1.35627,1.35628,1.3563,1.35617,165
2016-11-18 02:54:00,2016-11-18 02:55:00,1.356,1.35611,1.35611,1.35597,1.35628,1.35633,1.35635,1.35622,128
2016-11-18 02:55:00,2016-11-18 02:56:00,1.35611,1.35601,1.35616,1.35598,1.35633,1.35624,1.35641,1.35623,198
2016-11-18 02:56:00,2016-11-18 02:57:00,1.35601,1.35601,1.35605,1.35593,1.35624,1.35624,1.35628,1.3562,158
2016-11-18 02:57:00,2016-11-18 02:58:00,1.35601,1.356,1.35619,1.35598,1.35624,1.35627,1.35645,1.35623,211
2016-11-18 02:58:00,2016-11-18 02:59:00,1.356,1.35608,1.35613,1.356,1.35627,1.35636,1.35641,1.35627,212
2016-11-18 02:59:00,2016-11-18 03:00:00,1.35608,1.356,1.35623,1.356,1.35636,1.35627,1.35648,1.35626,371
2016-11-18 03:00:00,2016-11-18 03:01:00,1.356,1.35608,1.35616,1.35601,1.35627,1.35635,1.35642,1.35627,190
2016-11-18 03:01:00,2016-11-18 03:02:00,1.35608,1.35598,1.35609,1.35588,1.35635,1.35625,1.35636,1.35614,307
2016-11-18 03:02:00,2016-11-18 03:03:00,1.35598,1.35599,1.35601,1.35591,1.35625,1.35626,1.35628,1.35619,218
2016-11-18 03:03:00,2016-11-18 03:04:00,1.35599,1.35593,1.35608,1.35592,1.35626,1.35621,1.35633,1.3562,333
2016-11-18 03:04:00,2016-11-18 03:05:00,1.35593,1.35589,1.35596,1.35583,1.35621,1.35616,1.35622,1.3561,214
2016-11-18 03:05:00,2016-11-18 03:06:00,1.35589,1.3559,1.35591,1.35587,1.35616,1.35616,1.35617,1.35613,58
2016-11-18 03:06:00,2016-11-18 03:07:00,1.3559,1.35586,1.35591,1.35576,1.35616,1.35614,1.35617,1.35602,147
2016-11-18 03:07:00,2016-11-18 03:08:00,1.35586,1.35591,1.35591,1.35586,1.35614,1.35616,1.35616,1.35613,93
2016-11-18 03:08:00,2016-11-18 03:09:00,1.35591,1.35579,1.35593,1.35578,1.35616,1.35606,1.35616,1.35604,79
2016-11-18 03:09:00,2016-11-18 03:10:00,1.35579,1.35565,1.35587,1.35562,1.35606,1.35592,1.35613,1.35587,207
2016-11-18 03:10:00,2016-11-18 03:11:00,1.35565,1.3558,1.3558,1.35564,1.35592,1.35607,1.35608,1.35592,211
2016-11-18 03:11:00,2016-11-18 03:12:00,1.3558,1.35579,1.35582,1.35577,1.35607,1.35606,1.35608,1.356,77
2016-11-18 03:12:00,2016-11-18 03:13:00,1.35579,1.35566,1.35581,1.35565,1.35606,1.3559,1.35605,1.35589,186
2016-11-18 03:13:00,2016-11-18 03:14:00,1.35566,1.35557,1.35566,1.35538,1.3559,1.35582,1.35592,1.35565,334
2016-11-18 03:14:00,2016-11-18 03:15:00,1.35557,1.35563,1.35573,1.35554,1.35582,1.35587,1.35598,1.3558,225
2016-11-18 03:15:00,2016-11-18 03:16:00,1.35563,1.35555,1.35564,1.35554,1.35587,1.3558,1.35588,1.35579,111
2016-11-18 03:16:00,2016-11-18 03:17:00,1.35555,1.35552,1.35555,1.3555,1.3558,1.35578,1.3558,1.35576,87
2016-11-18 03:17:00,2016-11-18 03:18:00,1.35552,1.35563,1.35564,1.35552,1.35578,1.35588,1.35589,1.35578,106
2016-11-18 03:18:00,2016-11-18 03:19:00,1.35563,1.35552,1.35565,1.35552,1.35588,1.35581,1.3559,1.35581,157
2016-11-18 03:19:00,2016-11-18 03:20:00,1.35552,1.35554,1.35554,1.35546,1.35581,1.35579,1.35582,1.35573,141
2016-11-18 03:20:00,2016-11-18 03:21:00,1.35554,1.35553,1.35556,1.3554,1.35579,1.35581,1.35581,1.35566,115
2016-11-18 03:21:00,2016-11-18 03:22:00,1.35553,1.35553,1.35566,1.35549,1.35581,1.3558,1.3559,1.35575,227
2016-11-18 03:22:00,2016-11-18 03:23:00,1.35553,1.35544,1.35556,1.35541,1.3558,1.35572,1.35584,1.35568,246
2016-11-18 03:23:00,2016-11-18 03:24:00,1.35544,1.35543,1.35546,1.35539,1.35572,1.3557,1.35575,1.35564,259
2016-11-18 03:24:00,2016-11-18 03:25:00,1.35543,1.35554,1.35555,1.35541,1.3557,1.3558,1.3558,1.35568,270
2016-11-18 03:25:00,2016-11-18 03:26:00,1.35554,1.35553,1.35555,1.35552,1.3558,1.3558,1.35582,1.35578,35
2016-11-18 03:26:00,2016-11-18 03:27:00,1.35553,1.35553,1.35559,1.35552,1.3558,1.35581,1.35587,1.35579,138
2016-11-18 03:27:00,2016-11-18 03:28:00,1.35553,1.35553,1.35562,1.35552,1.35581,1.35583,1.3559,1.35581,148
2016-11-18 03:28:00,2016-11-18 03:29:00,1.35553,1.35551,1.35557,1.3555,1.35583,1.35578,1.35585,1.35575,106
2016-11-18 03:29:00,2016-11-18 03:30:00,1.35551,1.35544,1.35556,1.35534,1.35578,1.35571,1.35583,1.35563,317
2016-11-18 03:30:00,2016-11-18 03:31:00,1.35544,1.35543,1.35545,1.35534,1.35571,1.3557,1.35572,1.3556,418
2016-11-18 03:31:00,2016-11-18 03:32:00,1.35543,1.35536,1.35544,1.35532,1.3557,1.35563,1.3557,1.35559,228
2016-11-18 03:32:00,2016-11-18 03:33:00,1.35536,1.35533,1.35541,1.35532,1.35563,1.35557,1.35567,1.35557,107
2016-11-18 03:33:00,2016-11-18 03:34:00,1.35533,1.35551,1.35556,1.35533,1.35557,1.35577,1.35583,1.35558,301
2016-11-18 03:34:00,2016-11-18 03:35:00,1.35551,1.35535,1.35552,1.35533,1.35577,1.35563,1.35579,1.35559,252
2016-11-18 03:35:00,2016-11-18 03:36:00,1.35535,1.35548,1.35549,1.35532,1.35563,1.35571,1.35576,1.35556,311
2016-11-18 03:36:00,2016-11-18 03:37:00,1.35548,1.35549,1.35557,1.35545,1.35571,1.35575,1.35583,1.35569,169
2016-11-18 03:37:00,2016-11-18 03:38:00,1.35549,1.35556,1.35558,1.35542,1.35575,1.35582,1.35586,1.35567,411
2016-11-18 03:38:00,2016-11-18 03:39:00,1.35556,1.35564,1.35565,1.35549,1.35582,1.35586,1.35588,1.35575,134
2016-11-18 03:39:00,2016-11-18 03:40:00,1.35564,1.35567,1.35569,1.35564,1.35586,1.35588,1.35593,1.35586,70
2016-11-18 03:40:00,2016-11-18 03:41:00,1.35567,1.35567,1.35567,1.35567,1.35588,1.35589,1.3559,1.35586,37
2016-11-18 03:41:00,2016-11-18 03:42:00,1.35567,1.35545,1.35567,1.35544,1.35589,1.35571,1.3559,1.35568,370
2016-11-18 03:42:00,2016-11-18 03:43:00,1.35545,1.35545,1.35551,1.35544,1.35571,1.35572,1.35577,1.35566,237
2016-11-18 03:43:00,2016-11-18 03:44:00,1.35545,1.35539,1.35546,1.35532,1.35572,1.35565,1.35572,1.35557,140
2016-11-18 03:44:00,2016-11-18 03:45:00,1.35539,1.35506,1.35542,1.35503,1.35565,1.35529,1.35565,1.35524,267
2016-11-18 03:45:00,2016-11-18 03:46:00,1.35506,1.35501,1.3551,1.35497,1.35529,1.35523,1.35532,1.3552,245
2016-11-18 03:46:00,2016-11-18 03:47:00,1.35501,1.35505,1.35508,1.35501,1.35523,1.35527,1.35529,1.35523,59
2016-11-18 03:47:00,2016-11-18 03:48:00,1.35505,1.35508,1.35511,1.35501,1.35527,1.35531,1.35533,1.35523,129
2016-11-18 03:48:00,2016-11-18 03:49:00,1.35508,1.35501,1.35514,1.35501,1.35531,1.35523,1.35534,1.35523,237
2016-11-18 03:49:00,2016-11-18 03:50:00,1.35501,1.35499,1.35506,1.35498,1.35523,1.35523,1.35528,1.35521,79
2016-11-18 03:50:00,2016-11-18 03:51:00,1.35499,1.35485,1.35503,1.35485,1.35523,1.35507,1.35525,1.35507,127
2016-11-18 03:51:00,2016-11-18 03:52:00,1.35485,1.35469,1.35485,1.35467,1.35507,1.35493,1.35507,1.3549,155
2016-11-18 03:52:00,2016-11-18 03:53:00,1.35469,1.35469,1.35473,1.35463,1.35493,1.3549,1.35497,1.35486,163
2016-11-18 03:53:00,2016-11-18 03:54:00,1.35469,1.35452,1.35471,1.3545,1.3549,1.35477,1.35492,1.35472,272
2016-11-18 03:54:00,2016-11-18 03:55:00,1.35452,1.35453,1.35459,1.35447,1.35477,1.35477,1.35484,1.35473,336
2016-11-18 03:55:00,2016-11-18 03:56:00,1.35453,1.35437,1.35456,1.35436,1.35477,1.35463,1.35479,1.35462,226
2016-11-18 03:56:00,2016-11-18 03:57:00,1.35437,1.35442,1.35444,1.35438,1.35463,1.35466,1.35469,1.35463,66
2016-11-18 03:57:00,2016-11-18 03:58:00,1.35442,1.35441,1.35443,1.3544,1.35466,1.35465,1.35467,1.35463,58
2016-11-18 03:58:00,2016-11-18 03:59:00,1.35441,1.35441,1.35442,1.35439,1.35465,1.35466,1.35467,1.35464,43
2016-11-18 03:59:00,2016-11-18 04:00:00,1.35441,1.35407,1.35446,1.35406,1.35466,1.35431,1.35471,1.3543,373
2016-11-18 04:00:00,2016-11-18 04:01:00,1.35407,1.35403,1.3543,1.35403,1.35431,1.3543,1.35455,1.35427,292
2016-11-18 04:01:00,2016-11-18 04:02:00,1.35403,1.35406,1.35413,1.35398,1.3543,1.35432,1.35439,1.35424,378
2016-11-18 04:02:00,2016-11-18 04:03:00,1.35406,1.35408,1.35422,1.35397,1.35432,1.35432,1.35447,1.35424,303
2016-11-18 04:03:00,2016-11-18 04:04:00,1.35408,1.35422,1.35422,1.35404,1.35432,1.35447,1.35447,1.35431,276
2016-11-18 04:04:00,2016-11-18 04:05:00,1.35422,1.354,1.35425,1.35396,1.35447,1.35424,1.35451,1.35421,223
2016-11-18 04:05:00,2016-11-18 04:06:00,1.354,1.35404,1.35411,1.35396,1.35424,1.35428,1.35433,1.35421,231
2016-11-18 04:06:00,2016-11-18 04:07:00,1.35404,1.35403,1.3541,1.35395,1.35428,1.35429,1.35435,1.35419,575
2016-11-18 04:07:00,2016-11-18 04:08:00,1.35403,1.35386,1.35404,1.35384,1.35429,1.35411,1.35429,1.35409,263
2016-11-18 04:08:00,2016-11-18 04:09:00,1.35386,1.35399,1.354,1.35385,1.35411,1.35426,1.35427,1.35411,271
2016-11-18 04:09:00,2016-11-18 04:10:00,1.35399,1.35406,1.35409,1.35391,1.35426,1.3543,1.35434,1.35416,261
2016-11-18 04:10:00,2016-11-18 04:11:00,1.35406,1.35432,1.35434,1.35405,1.3543,1.3545,1.35452,1.35427,333
2016-11-18 04:11:00,2016-11-18 04:12:00,1.35432,1.35402,1.35432,1.354,1.3545,1.35421,1.35451,1.35421,296
2016-11-18 04:12:00,2016-11-18 04:13:00,1.35402,1.35401,1.35404,1.35391,1.35421,1.35425,1.35429,1.35414,200
2016-11-18 04:13:00,2016-11-18 04:14:00,1.35401,1.35403,1.35406,1.35396,1.35425,1.35425,1.35429,1.35419,165
2016-11-18 04:14:00,2016-11-18 04:15:00,1.35403,1.35401,1.35413,1.35401,1.35425,1.35423,1.35438,1.35422,174
2016-11-18 04:15:00,2016-11-18 04:16:00,1.35401,1.35403,1.35411,1.35395,1.35423,1.35423,1.35434,1.35417,164
2016-11-18 04:16:00,2016-11-18 04:17:00,1.35403,1.35418,1.35418,1.354,1.35423,1.35441,1.35442,1.35422,247
2016-11-18 04:17:00,2016-11-18 04:18:00,1.35418,1.35423,1.35426,1.35416,1.35441,1.35447,1.3545,1.35438,316
2016-11-18 04:18:00,2016-11-18 04:19:00,1.35423,1.35418,1.3543,1.35418,1.35447,1.35441,1.35452,1.35441,177
2016-11-18 04:19:00,2016-11-18 04:20:00,1.35418,1.35432,1.35434,1.35415,1.35441,1.35453,1.35456,1.3544,278
2016-11-18 04:20:00,2016-11-18 04:21:00,1.35432,1.35433,1.35435,1.3543,1.35453,1.35457,1.35458,1.35452,70
2016-11-18 04:21:00,2016-11-18 04:22:00,1.35433,1.35426,1.35434,1.35418,1.35457,1.35446,1.35458,1.35441,170
2016-11-18 04:22:00,2016-11-18 04:23:00,1.35426,1.35436,1.35436,1.35425,1.35446,1.35457,1.35458,1.35445,172
2016-11-18 04:23:00,2016-11-18 04:24:00,1.35436,1.35436,1.35437,1.35434,1.35457,1.35457,1.35457,1.35452,71
2016-11-18 04:24:00,2016-11-18 04:25:00,1.35436,1.35449,1.35452,1.35435,1.35457,1.35468,1.35472,1.35455,135
2016-11-18 04:25:00,2016-11-18 04:26:00,1.35449,1.35452,1.35464,1.35448,1.35468,1.35474,1.35483,1.35466,141
2016-11-18 04:26:00,2016-11-18 04:27:00,1.35452,1.35449,1.35452,1.35442,1.35474,1.35468,1.35473,1.35463,120
2016-11-18 04:27:00,2016-11-18 04:28:00,1.35449,1.35458,1.3546,1.3544,1.35468,1.35478,1.35482,1.3546,179
2016-11-18 04:28:00,2016-11-18 04:29:00,1.35458,1.3546,1.3546,1.35456,1.35478,1.35487,1.35487,1.35479,36
2016-11-18 04:29:00,2016-11-18 04:30:00,1.3546,1.35482,1.35486,1.35459,1.35487,1.35502,1.35511,1.35483,292
2016-11-18 04:30:00,2016-11-18 04:31:00,1.35482,1.35489,1.35491,1.35479,1.35502,1.35509,1.3551,1.35498,166
2016-11-18 04:31:00,2016-11-18 04:32:00,1.35489,1.35489,1.35491,1.35482,1.35509,1.35509,1.35514,1.35502,153
2016-11-18 04:32:00,2016-11-18 04:33:00,1.35489,1.3547,1.35492,1.35461,1.35509,1.35491,1.35515,1.35482,334
2016-11-18 04:33:00,2016-11-18 04:34:00,1.3547,1.35473,1.35476,1.35463,1.35491,1.35499,1.35499,1.35487,361
2016-11-18 04:34:00,2016-11-18 04:35:00,1.35473,1.35447,1.35474,1.35443,1.35499,1.3547,1.35498,1.35467,703
2016-11-18 04:35:00,2016-11-18 04:36:00,1.35447,1.3545,1.35453,1.35438,1.3547,1.35474,1.35477,1.35462,271
2016-11-18 04:36:00,2016-11-18 04:37:00,1.3545,1.35434,1.35453,1.35434,1.35474,1.35457,1.35478,1.35457,237
2016-11-18 04:37:00,2016-11-18 04:38:00,1.35434,1.35452,1.35454,1.35434,1.35457,1.35475,1.35475,1.35456,285
2016-11-18 04:38:00,2016-11-18 04:39:00,1.35452,1.35468,1.35472,1.35451,1.35475,1.35491,1.35496,1.35475,248
2016-11-18 04:39:00,2016-11-18 04:40:00,1.35468,1.35467,1.35479,1.35464,1.35491,1.3549,1.35501,1.35488,193
2016-11-18 04:40:00,2016-11-18 04:41:00,1.35467,1.35476,1.35476,1.35467,1.3549,1.35498,1.35498,1.35488,83
2016-11-18 04:41:00,2016-11-18 04:42:00,1.35476,1.35468,1.35476,1.35466,1.35498,1.3549,1.35498,1.35489,149
2016-11-18 04:42:00,2016-11-18 04:43:00,1.35468,1.35459,1.35468,1.35458,1.3549,1.35479,1.35492,1.35478,85
2016-11-18 04:43:00,2016-11-18 04:44:00,1.35459,1.35465,1.35468,1.35456,1.35479,1.35487,1.35494,1.3548,100
2016-11-18 04:44:00,2016-11-18 04:45:00,1.35465,1.35465,1.35471,1.35464,1.35487,1.3549,1.35497,1.35487,123
2016-11-18 04:45:00,2016-11-18 04:46:00,1.35465,1.35477,1.35477,1.35465,1.3549,1.35505,1.35505,1.35488,84
2016-11-18 04:46:00,2016-11-18 04:47:00,1.35477,1.35476,1.35477,1.35465,1.35505,1.35501,1.35505,1.3549,153
2016-11-18 04:47:00,2016-11-18 04:48:00,1.35476,1.35476,1.35477,1.35475,1.35501,1.35497,1.35501,1.35496,54
2016-11-18 04:48:00,2016-11-18 04:49:00,1.35476,1.35467,1.35475,1.35465,1.35497,1.3549,1.35497,1.35488,76
2016-11-18 04:49:00,2016-11-18 04:50:00,1.35467,1.35474,1.35476,1.35466,1.3549,1.355,1.355,1.35488,63
2016-11-18 04:50:00,2016-11-18 04:51:00,1.35474,1.35466,1.35475,1.35466,1.355,1.35491,1.355,1.3549,84
2016-11-18 04:51:00,2016-11-18 04:52:00,1.35466,1.35457,1.35467,1.35456,1.35491,1.3548,1.35491,1.35479,165
2016-11-18 04:52:00,2016-11-18 04:53:00,1.35457,1.35457,1.35458,1.35456,1.3548,1.35481,1.35482,1.35479,42
2016-11-18 04:53:00,2016-11-18 04:54:00,1.35457,1.35442,1.35459,1.35435,1.35481,1.35466,1.35484,1.35459,279
2016-11-18 04:54:00,2016-11-18 04:55:00,1.35442,1.35452,1.35455,1.35435,1.35466,1.35477,1.35481,1.35459,276
2016-11-18 04:55:00,2016-11-18 04:56:00,1.35452,1.35458,1.35464,1.35447,1.35477,1.35483,1.35488,1.3547,287
2016-11-18 04:56:00,2016-11-18 04:57:00,1.35458,1.35449,1.35458,1.35438,1.35483,1.35476,1.35484,1.35463,270
2016-11-18 04:57:00,2016-11-18 04:58:00,1.35449,1.35437,1.35449,1.35425,1.35476,1.35461,1.35476,1.35449,202
2016-11-18 04:58:00,2016-11-18 04:59:00,1.35437,1.3545,1.35454,1.35437,1.35461,1.35475,1.35481,1.35461,139
2016-11-18 04:59:00,2016-11-18 05:00:00,1.3545,1.35452,1.35452,1.35447,1.35475,1.35475,1.35476,1.3547,225
2016-11-18 05:00:00,2016-11-18 05:01:00,1.35452,1.35454,1.35455,1.35448,1.35475,1.35477,1.35481,1.35469,93
2016-11-18 05:01:00,2016-11-18 05:02:00,1.35454,1.3546,1.35466,1.35448,1.35477,1.35484,1.35489,1.35473,144
2016-11-18 05:02:00,2016-11-18 05:03:00,1.3546,1.3546,1.35463,1.35458,1.35484,1.35486,1.35489,1.3548,160
2016-11-18 05:03:00,2016-11-18 05:04:00,1.3546,1.35458,1.35464,1.35457,1.35486,1.35479,1.3549,1.35477,167
2016-11-18 05:04:00,2016-11-18 05:05:00,1.35458,1.35457,1.35461,1.35457,1.35479,1.35478,1.35484,1.35477,100
2016-11-18 05:05:00,2016-11-18 05:06:00,1.35457,1.35457,1.35459,1.35449,1.35478,1.35483,1.35485,1.3547,154
2016-11-18 05:06:00,2016-11-18 05:07:00,1.35457,1.35455,1.35457,1.35454,1.35483,1.35477,1.35483,1.35477,19
2016-11-18 05:07:00,2016-11-18 05:08:00,1.35455,1.35455,1.35457,1.35448,1.35477,1.35476,1.35483,1.35468,167
2016-11-18 05:08:00,2016-11-18 05:09:00,1.35455,1.35456,1.35457,1.35454,1.35476,1.35482,1.35483,1.35476,41
2016-11-18 05:09:00,2016-11-18 05:10:00,1.35456,1.35451,1.35457,1.35449,1.35482,1.35472,1.35482,1.35472,76
2016-11-18 05:10:00,2016-11-18 05:11:00,1.35451,1.35456,1.35457,1.35449,1.35472,1.35482,1.35483,1.35471,96
2016-11-18 05:11:00,2016-11-18 05:12:00,1.35456,1.35456,1.35457,1.35455,1.35482,1.35482,1.35482,1.35481,16
2016-11-18 05:12:00,2016-11-18 05:13:00,1.35456,1.35455,1.35457,1.35447,1.35482,1.35482,1.35483,1.3547,105
2016-11-18 05:13:00,2016-11-18 05:14:00,1.35455,1.35467,1.35469,1.35455,1.35482,1.35494,1.35495,1.35481,172
2016-11-18 05:14:00,2016-11-18 05:15:00,1.35467,1.35468,1.35473,1.35465,1.35494,1.35495,1.35497,1.35487,90
2016-11-18 05:15:00,2016-11-18 05:16:00,1.35468,1.35458,1.35468,1.35457,1.35495,1.3548,1.35494,1.3548,137
2016-11-18 05:16:00,2016-11-18 05:17:00,1.35458,1.35471,1.35471,1.35455,1.3548,1.35497,1.35497,1.3548,270
2016-11-18 05:17:00,2016-11-18 05:18:00,1.35471,1.35483,1.35488,1.35472,1.35497,1.3551,1.35514,1.35497,206
2016-11-18 05:18:00,2016-11-18 05:19:00,1.35483,1.35485,1.35487,1.35483,1.3551,1.35508,1.35513,1.35508,65
2016-11-18 05:19:00,2016-11-18 05:20:00,1.35485,1.35491,1.35494,1.35484,1.35508,1.35517,1.35517,1.35506,113
2016-11-18 05:20:00,2016-11-18 05:21:00,1.35491,1.35492,1.35493,1.35489,1.35517,1.35518,1.3552,1.35516,44
2016-11-18 05:21:00,2016-11-18 05:22:00,1.35492,1.35492,1.35493,1.3549,1.35518,1.35518,1.35519,1.35515,57
2016-11-18 05:22:00,2016-11-18 05:23:00,1.35492,1.35493,1.35493,1.35491,1.35518,1.35518,1.3552,1.35517,36
2016-11-18 05:23:00,2016-11-18 05:24:00,1.35493,1.35499,1.355,1.35491,1.35518,1.35524,1.35525,1.35516,100
2016-11-18 05:24:00,2016-11-18 05:25:00,1.35499,1.35494,1.355,1.35493,1.35524,1.35519,1.35525,1.35517,56
2016-11-18 05:25:00,2016-11-18 05:26:00,1.35494,1.35495,1.35496,1.35492,1.35519,1.3552,1.35521,1.35517,91
2016-11-18 05:26:00,2016-11-18 05:27:00,1.35495,1.35493,1.355,1.35492,1.3552,1.35517,1.35525,1.35517,98
2016-11-18 05:27:00,2016-11-18 05:28:00,1.35493,1.35495,1.355,1.35492,1.35517,1.35518,1.35525,1.35516,203
2016-11-18 05:28:00,2016-11-18 05:29:00,1.35495,1.35493,1.35499,1.35492,1.35518,1.35515,1.35525,1.35515,126
2016-11-18 05:29:00,2016-11-18 05:30:00,1.35493,1.35491,1.35499,1.35489,1.35515,1.35515,1.35524,1.35512,160
2016-11-18 05:30:00,2016-11-18 05:31:00,1.35491,1.35502,1.35502,1.3549,1.35515,1.35525,1.35525,1.35515,139
2016-11-18 05:31:00,2016-11-18 05:32:00,1.35502,1.35509,1.35518,1.35501,1.35525,1.35533,1.35543,1.35525,174
2016-11-18 05:32:00,2016-11-18 05:33:00,1.35509,1.35492,1.35508,1.35488,1.35533,1.35518,1.35533,1.35511,185
2016-11-18 05:33:00,2016-11-18 05:34:00,1.35492,1.355,1.35501,1.35492,1.35518,1.35525,1.35528,1.35518,150
2016-11-18 05:34:00,2016-11-18 05:35:00,1.355,1.35507,1.35509,1.35493,1.35525,1.3553,1.35535,1.35517,175
2016-11-18 05:35:00,2016-11-18 05:36:00,1.35507,1.35513,1.35514,1.35506,1.3553,1.35538,1.3554,1.3553,168
2016-11-18 05:36:00,2016-11-18 05:37:00,1.35513,1.35509,1.35516,1.35508,1.35538,1.35536,1.35542,1.35535,178
2016-11-18 05:37:00,2016-11-18 05:38:00,1.35509,1.3551,1.35511,1.35508,1.35536,1.35536,1.35537,1.35536,168
2016-11-18 05:38:00,2016-11-18 05:39:00,1.3551,1.35513,1.35513,1.35507,1.35536,1.35538,1.35539,1.35535,123
2016-11-18 05:39:00,2016-11-18 05:40:00,1.35513,1.35509,1.35513,1.35507,1.35538,1.35537,1.3554,1.35534,90
2016-11-18 05:40:00,2016-11-18 05:41:00,1.35509,1.35513,1.35515,1.35506,1.35537,1.35535,1.35537,1.35532,98
2016-11-18 05:41:00,2016-11-18 05:42:00,1.35513,1.35532,1.35534,1.35514,1.35535,1.35556,1.35559,1.35535,219
2016-11-18 05:42:00,2016-11-18 05:43:00,1.35532,1.35532,1.35534,1.35521,1.35556,1.35558,1.35559,1.35548,96
2016-11-18 05:43:00,2016-11-18 05:44:00,1.35532,1.35532,1.35534,1.35521,1.35558,1.35555,1.35558,1.35547,81
2016-11-18 05:44:00,2016-11-18 05:45:00,1.35532,1.35532,1.35533,1.35521,1.35555,1.35556,1.35557,1.35546,67
2016-11-18 05:45:00,2016-11-18 05:46:00,1.35532,1.3552,1.35535,1.3552,1.35556,1.35547,1.3556,1.35545,80
2016-11-18 05:46:00,2016-11-18 05:47:00,1.3552,1.35467,1.35526,1.35465,1.35547,1.3549,1.35551,1.35489,267
2016-11-18 05:47:00,2016-11-18 05:48:00,1.35467,1.35463,1.35467,1.35457,1.3549,1.3549,1.35491,1.35482,73
2016-11-18 05:48:00,2016-11-18 05:49:00,1.35463,1.35467,1.35483,1.35462,1.3549,1.35494,1.3551,1.35487,195
2016-11-18 05:49:00,2016-11-18 05:50:00,1.35467,1.35486,1.3549,1.35466,1.35494,1.35512,1.35515,1.35491,206
2016-11-18 05:50:00,2016-11-18 05:51:00,1.35486,1.35486,1.35491,1.35483,1.35512,1.35512,1.35516,1.35509,111
2016-11-18 05:51:00,2016-11-18 05:52:00,1.35486,1.35496,1.35499,1.35482,1.35512,1.35524,1.35525,1.35507,228
2016-11-18 05:52:00,2016-11-18 05:53:00,1.35496,1.35494,1.35509,1.35492,1.35524,1.35519,1.35536,1.35518,252
2016-11-18 05:53:00,2016-11-18 05:54:00,1.35494,1.35524,1.35527,1.35493,1.35519,1.3555,1.35553,1.35519,295
2016-11-18 05:54:00,2016-11-18 05:55:00,1.35524,1.35544,1.35546,1.35524,1.3555,1.35568,1.35571,1.35549,297
2016-11-18 05:55:00,2016-11-18 05:56:00,1.35544,1.35534,1.35551,1.35525,1.35568,1.35559,1.35577,1.35549,269
2016-11-18 05:56:00,2016-11-18 05:57:00,1.35534,1.35533,1.35534,1.35525,1.35559,1.3556,1.3556,1.3555,179
2016-11-18 05:57:00,2016-11-18 05:58:00,1.35533,1.35531,1.35541,1.35527,1.3556,1.35558,1.35567,1.35553,185
2016-11-18 05:58:00,2016-11-18 05:59:00,1.35531,1.35553,1.35553,1.35517,1.35558,1.35577,1.35579,1.35543,319
2016-11-18 05:59:00,2016-11-18 06:00:00,1.35553,1.35543,1.35559,1.35527,1.35577,1.35569,1.35584,1.35554,815
2016-11-18 06:00:00,2016-11-18 06:01:00,1.35543,1.35568,1.35571,1.35543,1.35569,1.35594,1.35598,1.35568,366
2016-11-18 06:01:00,2016-11-18 06:02:00,1.35568,1.35589,1.35599,1.35559,1.35594,1.35614,1.35625,1.35585,299
2016-11-18 06:02:00,2016-11-18 06:03:00,1.35589,1.35566,1.35589,1.35557,1.35614,1.35594,1.35613,1.35582,477
2016-11-18 06:03:00,2016-11-18 06:04:00,1.35566,1.35561,1.35571,1.35558,1.35594,1.35587,1.35598,1.35585,253
2016-11-18 06:04:00,2016-11-18 06:05:00,1.35561,1.35563,1.35565,1.35558,1.35587,1.35589,1.35592,1.35584,329
2016-11-18 06:05:00,2016-11-18 06:06:00,1.35563,1.35559,1.35566,1.35554,1.35589,1.35586,1.35591,1.35581,243
2016-11-18 06:06:00,2016-11-18 06:07:00,1.35559,1.35571,1.35582,1.3556,1.35586,1.35597,1.35601,1.35586,522
2016-11-18 06:07:00,2016-11-18 06:08:00,1.35571,1.35563,1.35575,1.3556,1.35597,1.35588,1.35599,1.35581,257
2016-11-18 06:08:00,2016-11-18 06:09:00,1.35563,1.35554,1.35564,1.35553,1.35588,1.3558,1.35589,1.35579,183
2016-11-18 06:09:00,2016-11-18 06:10:00,1.35554,1.35554,1.35556,1.35552,1.3558,1.35581,1.35583,1.35579,69
2016-11-18 06:10:00,2016-11-18 06:11:00,1.35554,1.35557,1.35559,1.3555,1.35581,1.35578,1.35584,1.35575,251
2016-11-18 06:11:00,2016-11-18 06:12:00,1.35557,1.35558,1.35562,1.3555,1.35578,1.35583,1.35588,1.35576,212
2016-11-18 06:12:00,2016-11-18 06:13:00,1.35558,1.35549,1.35565,1.35546,1.35583,1.35576,1.35588,1.3557,401
2016-11-18 06:13:00,2016-11-18 06:14:00,1.35549,1.35567,1.35569,1.35542,1.35576,1.3559,1.35596,1.35568,339
2016-11-18 06:14:00,2016-11-18 06:15:00,1.35567,1.35563,1.35567,1.35556,1.3559,1.35588,1.35593,1.35583,150
2016-11-18 06:15:00,2016-11-18 06:16:00,1.35563,1.35553,1.35563,1.35551,1.35588,1.35579,1.35589,1.35576,239
2016-11-18 06:16:00,2016-11-18 06:17:00,1.35553,1.35562,1.35564,1.35548,1.35579,1.35587,1.35588,1.35575,233
2016-11-18 06:17:00,2016-11-18 06:18:00,1.35562,1.35563,1.35571,1.35558,1.35587,1.35588,1.35596,1.35583,270
2016-11-18 06:18:00,2016-11-18 06:19:00,1.35563,1.35562,1.35563,1.3556,1.35588,1.35583,1.35588,1.35583,60
2016-11-18 06:19:00,2016-11-18 06:20:00,1.35562,1.35556,1.35563,1.35552,1.35583,1.35578,1.35588,1.35577,125
2016-11-18 06:20:00,2016-11-18 06:21:00,1.35556,1.35554,1.35562,1.3555,1.35578,1.35577,1.3558,1.35574,159
2016-11-18 06:21:00,2016-11-18 06:22:00,1.35554,1.35553,1.35559,1.35551,1.35577,1.35577,1.35581,1.3557,92
2016-11-18 06:22:00,2016-11-18 06:23:00,1.35553,1.35567,1.35567,1.35552,1.35577,1.35593,1.35593,1.35577,63
2016-11-18 06:23:00,2016-11-18 06:24:00,1.35567,1.35562,1.35566,1.35559,1.35593,1.35585,1.35593,1.35582,123
2016-11-18 06:24:00,2016-11-18 06:25:00,1.35562,1.35552,1.35562,1.3555,1.35585,1.35574,1.35587,1.35573,186
2016-11-18 06:25:00,2016-11-18 06:26:00,1.35552,1.35535,1.35553,1.3553,1.35574,1.35555,1.35574,1.3555,441
2016-11-18 06:26:00,2016-11-18 06:27:00,1.35535,1.35544,1.35546,1.35527,1.35555,1.35571,1.35573,1.35547,349
2016-11-18 06:27:00,2016-11-18 06:28:00,1.35544,1.35526,1.35546,1.35525,1.35571,1.35551,1.35573,1.35551,127
2016-11-18 06:28:00,2016-11-18 06:29:00,1.35526,1.35512,1.3553,1.35505,1.35551,1.35536,1.35557,1.3553,218
2016-11-18 06:29:00,2016-11-18 06:30:00,1.35512,1.35487,1.35512,1.35485,1.35536,1.35509,1.35536,1.35508,205
2016-11-18 06:30:00,2016-11-18 06:31:00,1.35487,1.35466,1.35484,1.35458,1.35509,1.35487,1.35509,1.35482,263
2016-11-18 06:31:00,2016-11-18 06:32:00,1.35466,1.35456,1.35466,1.3545,1.35487,1.35478,1.35488,1.35473,107
2016-11-18 06:32:00,2016-11-18 06:33:00,1.35456,1.35455,1.35462,1.35451,1.35478,1.35476,1.35482,1.35473,170
2016-11-18 06:33:00,2016-11-18 06:34:00,1.35455,1.35452,1.35458,1.35449,1.35476,1.35473,1.35481,1.35472,246
2016-11-18 06:34:00,2016-11-18 06:35:00,1.35452,1.3546,1.3546,1.3545,1.35473,1.35482,1.35482,1.35473,155
2016-11-18 06:35:00,2016-11-18 06:36:00,1.3546,1.35458,1.35462,1.35458,1.35482,1.35482,1.35482,1.35479,69
2016-11-18 06:36:00,2016-11-18 06:37:00,1.35458,1.35442,1.35458,1.35442,1.35482,1.35464,1.35479,1.35462,152
2016-11-18 06:37:00,2016-11-18 06:38:00,1.35442,1.35406,1.35443,1.35398,1.35464,1.35429,1.35464,1.35419,412
2016-11-18 06:38:00,2016-11-18 06:39:00,1.35406,1.35413,1.35416,1.35399,1.35429,1.35438,1.35442,1.35425,324
2016-11-18 06:39:00,2016-11-18 06:40:00,1.35413,1.3542,1.35422,1.35411,1.35438,1.35446,1.35447,1.35434,137
2016-11-18 06:40:00,2016-11-18 06:41:00,1.3542,1.35423,1.35425,1.35411,1.35446,1.35451,1.35451,1.35437,232
2016-11-18 06:41:00,2016-11-18 06:42:00,1.35423,1.35458,1.35461,1.35423,1.35451,1.35484,1.35485,1.35449,281
2016-11-18 06:42:00,2016-11-18 06:43:00,1.35458,1.35475,1.35488,1.35458,1.35484,1.35499,1.35516,1.35484,404
2016-11-18 06:43:00,2016-11-18 06:44:00,1.35475,1.35475,1.35476,1.35455,1.35499,1.35501,1.35503,1.35482,372
2016-11-18 06:44:00,2016-11-18 06:45:00,1.35475,1.3548,1.35485,1.35472,1.35501,1.35507,1.35511,1.35497,227
2016-11-18 06:45:00,2016-11-18 06:46:00,1.3548,1.35488,1.35488,1.35477,1.35507,1.35512,1.35513,1.35504,194
2016-11-18 06:46:00,2016-11-18 06:47:00,1.35488,1.35482,1.35488,1.35481,1.35512,1.35508,1.35514,1.35507,139
2016-11-18 06:47:00,2016-11-18 06:48:00,1.35482,1.35478,1.35483,1.35468,1.35508,1.35505,1.35509,1.35495,221
2016-11-18 06:48:00,2016-11-18 06:49:00,1.35478,1.35477,1.35489,1.35466,1.35505,1.35502,1.35513,1.3549,357
2016-11-18 06:49:00,2016-11-18 06:50:00,1.35477,1.3547,1.35476,1.35458,1.35502,1.35496,1.35502,1.35482,155
2016-11-18 06:50:00,2016-11-18 06:51:00,1.3547,1.35456,1.35473,1.35456,1.35496,1.35483,1.35499,1.35481,235
2016-11-18 06:51:00,2016-11-18 06:52:00,1.35456,1.35453,1.3547,1.35451,1.35483,1.35481,1.35497,1.35478,320
2016-11-18 06:52:00,2016-11-18 06:53:00,1.35453,1.35452,1.3546,1.35447,1.35481,1.35479,1.35486,1.35473,188
2016-11-18 06:53:00,2016-11-18 06:54:00,1.35452,1.35455,1.35457,1.35439,1.35479,1.3548,1.35483,1.35466,244
2016-11-18 06:54:00,2016-11-18 06:55:00,1.35455,1.35451,1.35464,1.3545,1.3548,1.35478,1.35486,1.35475,185
2016-11-18 06:55:00,2016-11-18 06:56:00,1.35451,1.3546,1.35462,1.3545,1.35478,1.35486,1.35488,1.35476,167
2016-11-18 06:56:00,2016-11-18 06:57:00,1.3546,1.35466,1.35472,1.35459,1.35486,1.3549,1.35496,1.35486,112
2016-11-18 06:57:00,2016-11-18 06:58:00,1.35466,1.35462,1.35473,1.35461,1.3549,1.35487,1.35498,1.35486,87
2016-11-18 06:58:00,2016-11-18 06:59:00,1.35462,1.35461,1.3547,1.35461,1.35487,1.35486,1.35496,1.35486,100
2016-11-18 06:59:00,2016-11-18 07:00:00,1.35461,1.3548,1.35482,1.3546,1.35486,1.35504,1.35507,1.35483,246
2016-11-18 07:00:00,2016-11-18 07:01:00,1.3548,1.35484,1.35484,1.35467,1.35504,1.35509,1.35509,1.35493,268
2016-11-18 07:01:00,2016-11-18 07:02:00,1.35484,1.35471,1.35485,1.35463,1.35509,1.35495,1.3551,1.35488,483
2016-11-18 07:02:00,2016-11-18 07:03:00,1.35471,1.35465,1.35474,1.35458,1.35495,1.3549,1.35496,1.35483,289
2016-11-18 07:03:00,2016-11-18 07:04:00,1.35465,1.35447,1.35469,1.35446,1.3549,1.35471,1.35493,1.35471,392
2016-11-18 07:04:00,2016-11-18 07:05:00,1.35447,1.35417,1.35451,1.35411,1.35471,1.35442,1.35473,1.35433,350
2016-11-18 07:05:00,2016-11-18 07:06:00,1.35417,1.35416,1.35425,1.35411,1.35442,1.3544,1.35449,1.3543,378
2016-11-18 07:06:00,2016-11-18 07:07:00,1.35416,1.35425,1.35436,1.35397,1.3544,1.3545,1.35458,1.35424,354
2016-11-18 07:07:00,2016-11-18 07:08:00,1.35425,1.35431,1.35439,1.35422,1.3545,1.35457,1.35462,1.35446,308
2016-11-18 07:08:00,2016-11-18 07:09:00,1.35431,1.35426,1.35431,1.35407,1.35457,1.35447,1.35457,1.35433,335
2016-11-18 07:09:00,2016-11-18 07:10:00,1.35426,1.35438,1.3544,1.35426,1.35447,1.35463,1.35466,1.35448,302
2016-11-18 07:10:00,2016-11-18 07:11:00,1.35438,1.35442,1.35451,1.35437,1.35463,1.35467,1.35475,1.35461,370
2016-11-18 07:11:00,2016-11-18 07:12:00,1.35442,1.3544,1.35443,1.35432,1.35467,1.35464,1.35469,1.35457,145
2016-11-18 07:12:00,2016-11-18 07:13:00,1.3544,1.35443,1.35447,1.35414,1.35464,1.35467,1.35471,1.35437,491
2016-11-18 07:13:00,2016-11-18 07:14:00,1.35443,1.35451,1.35462,1.35425,1.35467,1.35477,1.35486,1.3545,499
2016-11-18 07:14:00,2016-11-18 07:15:00,1.35451,1.35479,1.35496,1.3545,1.35477,1.35503,1.35518,1.35476,372
2016-11-18 07:15:00,2016-11-18 07:16:00,1.35479,1.35505,1.35505,1.35471,1.35503,1.35527,1.35527,1.35491,359
2016-11-18 07:16:00,2016-11-18 07:17:00,1.35505,1.35514,1.35514,1.35476,1.35527,1.35536,1.35536,1.35501,437
2016-11-18 07:17:00,2016-11-18 07:18:00,1.35514,1.35524,1.35538,1.35506,1.35536,1.35548,1.3556,1.35529,463
2016-11-18 07:18:00,2016-11-18 07:19:00,1.35524,1.35534,1.35537,1.35521,1.35548,1.35558,1.3556,1.35543,242
2016-11-18 07:19:00,2016-11-18 07:20:00,1.35534,1.35532,1.35536,1.35528,1.35558,1.35556,1.3556,1.35552,193
2016-11-18 07:20:00,2016-11-18 07:21:00,1.35532,1.35539,1.35544,1.35523,1.35556,1.35561,1.35567,1.35549,255
2016-11-18 07:21:00,2016-11-18 07:22:00,1.35539,1.35523,1.3555,1.35523,1.35561,1.35548,1.35574,1.35548,333
2016-11-18 07:22:00,2016-11-18 07:23:00,1.35523,1.35541,1.35543,1.35523,1.35548,1.35565,1.35567,1.35548,313
2016-11-18 07:23:00,2016-11-18 07:24:00,1.35541,1.35534,1.35548,1.35533,1.35565,1.35558,1.35575,1.35557,282
2016-11-18 07:24:00,2016-11-18 07:25:00,1.35534,1.35554,1.35555,1.35531,1.35558,1.35577,1.35579,1.35554,189
2016-11-18 07:25:00,2016-11-18 07:26:00,1.35554,1.35553,1.35555,1.35529,1.35577,1.35577,1.35579,1.35555,330
2016-11-18 07:26:00,2016-11-18 07:27:00,1.35553,1.35578,1.35588,1.35543,1.35577,1.35605,1.35613,1.3557,467
2016-11-18 07:27:00,2016-11-18 07:28:00,1.35578,1.35597,1.35597,1.35568,1.35605,1.35623,1.35624,1.35593,244
2016-11-18 07:28:00,2016-11-18 07:29:00,1.35597,1.35589,1.35609,1.35586,1.35623,1.35615,1.35634,1.35612,412
2016-11-18 07:29:00,2016-11-18 07:30:00,1.35589,1.35617,1.35617,1.35587,1.35615,1.35642,1.35642,1.35612,568
2016-11-18 07:30:00,2016-11-18 07:31:00,1.35617,1.35605,1.3562,1.35594,1.35642,1.35629,1.35645,1.35618,658
2016-11-18 07:31:00,2016-11-18 07:32:00,1.35605,1.35616,1.35628,1.35604,1.35629,1.35641,1.35653,1.35629,353
2016-11-18 07:32:00,2016-11-18 07:33:00,1.35616,1.35603,1.3562,1.35596,1.35641,1.35628,1.35646,1.35621,378
2016-11-18 07:33:00,2016-11-18 07:34:00,1.35603,1.35597,1.35613,1.35596,1.35628,1.35622,1.35638,1.3562,295
2016-11-18 07:34:00,2016-11-18 07:35:00,1.35597,1.35593,1.35599,1.35585,1.35622,1.35618,1.35623,1.3561,208
2016-11-18 07:35:00,2016-11-18 07:36:00,1.35593,1.35604,1.35608,1.35592,1.35618,1.35627,1.35633,1.35617,241
2016-11-18 07:36:00,2016-11-18 07:37:00,1.35604,1.35606,1.3561,1.35593,1.35627,1.35627,1.35634,1.35616,238
2016-11-18 07:37:00,2016-11-18 07:38:00,1.35606,1.35569,1.35616,1.35569,1.35627,1.35589,1.35637,1.35589,416
2016-11-18 07:38:00,2016-11-18 07:39:00,1.35569,1.35574,1.35591,1.35566,1.35589,1.35594,1.35611,1.35586,311
2016-11-18 07:39:00,2016-11-18 07:40:00,1.35574,1.3556,1.35583,1.35557,1.35594,1.35582,1.35603,1.35579,473
2016-11-18 07:40:00,2016-11-18 07:41:00,1.3556,1.35587,1.35591,1.35539,1.35582,1.35611,1.35619,1.35565,575
2016-11-18 07:41:00,2016-11-18 07:42:00,1.35587,1.35583,1.35598,1.35576,1.35611,1.35607,1.35622,1.356,473
2016-11-18 07:42:00,2016-11-18 07:43:00,1.35583,1.35575,1.35586,1.3557,1.35607,1.356,1.3561,1.35593,406
2016-11-18 07:43:00,2016-11-18 07:44:00,1.35575,1.35565,1.35583,1.35555,1.356,1.35586,1.35607,1.35577,368
2016-11-18 07:44:00,2016-11-18 07:45:00,1.35565,1.35559,1.35569,1.3555,1.35586,1.35584,1.35591,1.35575,373
2016-11-18 07:45:00,2016-11-18 07:46:00,1.35559,1.35593,1.35597,1.35551,1.35584,1.35615,1.35619,1.35574,422
2016-11-18 07:46:00,2016-11-18 07:47:00,1.35593,1.35587,1.35593,1.35582,1.35615,1.3561,1.35614,1.35604,237
2016-11-18 07:47:00,2016-11-18 07:48:00,1.35587,1.35561,1.35596,1.35549,1.3561,1.35585,1.35619,1.35572,307
2016-11-18 07:48:00,2016-11-18 07:49:00,1.35561,1.35558,1.35563,1.35552,1.35585,1.35575,1.35588,1.35572,363
2016-11-18 07:49:00,2016-11-18 07:50:00,1.35558,1.35548,1.35575,1.35541,1.35575,1.35567,1.35597,1.3556,556
2016-11-18 07:50:00,2016-11-18 07:51:00,1.35548,1.35533,1.35551,1.35527,1.35567,1.35555,1.35574,1.3555,361
2016-11-18 07:51:00,2016-11-18 07:52:00,1.35533,1.35532,1.35539,1.35521,1.35555,1.35558,1.35561,1.35541,542
2016-11-18 07:52:00,2016-11-18 07:53:00,1.35532,1.35554,1.35564,1.35533,1.35558,1.35576,1.35586,1.35558,350
2016-11-18 07:53:00,2016-11-18 07:54:00,1.35554,1.35599,1.35599,1.35551,1.35576,1.35621,1.35624,1.35574,539
2016-11-18 07:54:00,2016-11-18 07:55:00,1.35599,1.35559,1.35599,1.35559,1.35621,1.35583,1.35623,1.35581,421
2016-11-18 07:55:00,2016-11-18 07:56:00,1.35559,1.35581,1.35582,1.35548,1.35583,1.35603,1.35607,1.35573,402
2016-11-18 07:56:00,2016-11-18 07:57:00,1.35581,1.35523,1.35587,1.35523,1.35603,1.35547,1.35611,1.35543,442
2016-11-18 07:57:00,2016-11-18 07:58:00,1.35523,1.35468,1.35531,1.35456,1.35547,1.35492,1.35555,1.35475,665
2016-11-18 07:58:00,2016-11-18 07:59:00,1.35468,1.35424,1.35468,1.35421,1.35492,1.35445,1.35492,1.35442,659
2016-11-18 07:59:00,2016-11-18 08:00:00,1.35424,1.35457,1.35458,1.35422,1.35445,1.35478,1.35481,1.35444,629
2016-11-18 08:00:00,2016-11-18 08:01:00,1.35457,1.35415,1.35465,1.35413,1.35478,1.35439,1.35482,1.35433,378
2016-11-18 08:01:00,2016-11-18 08:02:00,1.35415,1.35424,1.35441,1.35415,1.35439,1.35447,1.35462,1.35433,438
2016-11-18 08:02:00,2016-11-18 08:03:00,1.35424,1.35458,1.35465,1.35426,1.35447,1.35481,1.35487,1.35446,364
2016-11-18 08:03:00,2016-11-18 08:04:00,1.35458,1.355,1.355,1.3545,1.35481,1.35521,1.35523,1.35474,388
2016-11-18 08:04:00,2016-11-18 08:05:00,1.355,1.35481,1.35506,1.35481,1.35521,1.35505,1.35528,1.35502,448
2016-11-18 08:05:00,2016-11-18 08:06:00,1.35481,1.35527,1.35549,1.35475,1.35505,1.35553,1.35576,1.35497,696
2016-11-18 08:06:00,2016-11-18 08:07:00,1.35527,1.35513,1.35545,1.35509,1.35553,1.35536,1.3557,1.35532,1080
2016-11-18 08:07:00,2016-11-18 08:08:00,1.35513,1.35486,1.35514,1.35474,1.35536,1.35511,1.35537,1.35499,655
2016-11-18 08:08:00,2016-11-18 08:09:00,1.35486,1.35518,1.35519,1.35479,1.35511,1.35544,1.35545,1.35504,492
2016-11-18 08:09:00,2016-11-18 08:10:00,1.35518,1.35523,1.35533,1.35504,1.35544,1.35547,1.35559,1.35528,660
2016-11-18 08:10:00,2016-11-18 08:11:00,1.35523,1.3548,1.35526,1.35456,1.35547,1.35502,1.35548,1.35478,1228
2016-11-18 08:11:00,2016-11-18 08:12:00,1.3548,1.3552,1.35522,1.3548,1.35502,1.35545,1.35546,1.35503,668
2016-11-18 08:12:00,2016-11-18 08:13:00,1.3552,1.35532,1.35533,1.35507,1.35545,1.35556,1.35558,1.35529,353
2016-11-18 08:13:00,2016-11-18 08:14:00,1.35532,1.35516,1.35533,1.35492,1.35556,1.35538,1.35557,1.35518,599
2016-11-18 08:14:00,2016-11-18 08:15:00,1.35516,1.35543,1.35545,1.35511,1.35538,1.35567,1.35569,1.35535,468
2016-11-18 08:15:00,2016-11-18 08:16:00,1.35543,1.35526,1.35543,1.35509,1.35567,1.3555,1.35568,1.35532,744
2016-11-18 08:16:00,2016-11-18 08:17:00,1.35526,1.3552,1.35536,1.35518,1.3555,1.35545,1.3556,1.35542,531
2016-11-18 08:17:00,2016-11-18 08:18:00,1.3552,1.35518,1.35535,1.35505,1.35545,1.35539,1.35558,1.35529,611
2016-11-18 08:18:00,2016-11-18 08:19:00,1.35518,1.3551,1.35533,1.3551,1.35539,1.35531,1.35557,1.35531,539
2016-11-18 08:19:00,2016-11-18 08:20:00,1.3551,1.35532,1.35537,1.35506,1.35531,1.35558,1.35561,1.35528,808
2016-11-18 08:20:00,2016-11-18 08:21:00,1.35532,1.35505,1.35534,1.35505,1.35558,1.35527,1.35558,1.35527,397
2016-11-18 08:21:00,2016-11-18 08:22:00,1.35505,1.35481,1.35517,1.35481,1.35527,1.35505,1.35537,1.35504,502
2016-11-18 08:22:00,2016-11-18 08:23:00,1.35481,1.35498,1.35523,1.35481,1.35505,1.35516,1.35548,1.35506,683
2016-11-18 08:23:00,2016-11-18 08:24:00,1.35498,1.3548,1.35504,1.35465,1.35516,1.35501,1.35528,1.35487,544
2016-11-18 08:24:00,2016-11-18 08:25:00,1.3548,1.35476,1.3548,1.35462,1.35501,1.35499,1.355,1.35483,377
2016-11-18 08:25:00,2016-11-18 08:26:00,1.35476,1.35462,1.35479,1.35459,1.35499,1.35484,1.355,1.35479,328
2016-11-18 08:26:00,2016-11-18 08:27:00,1.35462,1.35484,1.35484,1.35461,1.35484,1.35501,1.35503,1.35484,197
2016-11-18 08:27:00,2016-11-18 08:28:00,1.35484,1.355,1.355,1.35481,1.35501,1.35514,1.35514,1.355,208
2016-11-18 08:28:00,2016-11-18 08:29:00,1.355,1.355,1.35511,1.35494,1.35514,1.35525,1.35532,1.35514,520
2016-11-18 08:29:00,2016-11-18 08:30:00,1.355,1.35495,1.35505,1.35491,1.35525,1.35514,1.35525,1.35513,265
2016-11-18 08:30:00,2016-11-18 08:31:00,1.35495,1.35523,1.35523,1.35495,1.35514,1.35545,1.35546,1.35514,413
2016-11-18 08:31:00,2016-11-18 08:32:00,1.35523,1.35523,1.35527,1.35513,1.35545,1.35547,1.3555,1.35536,277
2016-11-18 08:32:00,2016-11-18 08:33:00,1.35523,1.3552,1.35531,1.35514,1.35547,1.35543,1.35555,1.35536,327
2016-11-18 08:33:00,2016-11-18 08:34:00,1.3552,1.35522,1.35534,1.3552,1.35543,1.35542,1.35546,1.35541,119
2016-11-18 08:34:00,2016-11-18 08:35:00,1.35522,1.35511,1.35522,1.35511,1.35542,1.35529,1.35545,1.35523,298
2016-11-18 08:35:00,2016-11-18 08:36:00,1.35511,1.35497,1.35511,1.35476,1.35529,1.3552,1.35531,1.35497,307
2016-11-18 08:36:00,2016-11-18 08:37:00,1.35497,1.35477,1.35505,1.35476,1.3552,1.35498,1.35529,1.35498,343
2016-11-18 08:37:00,2016-11-18 08:38:00,1.35477,1.35477,1.35487,1.35474,1.35498,1.35498,1.35511,1.35496,258
2016-11-18 08:38:00,2016-11-18 08:39:00,1.35477,1.35477,1.35488,1.35474,1.35498,1.355,1.35511,1.35495,178
2016-11-18 08:39:00,2016-11-18 08:40:00,1.35477,1.35518,1.35518,1.35475,1.355,1.35541,1.35542,1.35499,361
2016-11-18 08:40:00,2016-11-18 08:41:00,1.35518,1.35524,1.35543,1.35516,1.35541,1.35548,1.35567,1.35539,481
2016-11-18 08:41:00,2016-11-18 08:42:00,1.35524,1.35571,1.35572,1.35522,1.35548,1.35596,1.35596,1.35547,346
2016-11-18 08:42:00,2016-11-18 08:43:00,1.35571,1.35567,1.35588,1.35564,1.35596,1.35592,1.35611,1.35586,457
2016-11-18 08:43:00,2016-11-18 08:44:00,1.35567,1.35571,1.35573,1.35552,1.35592,1.35594,1.35595,1.35577,403
2016-11-18 08:44:00,2016-11-18 08:45:00,1.35571,1.35548,1.35575,1.3554,1.35594,1.35571,1.35597,1.35561,357
2016-11-18 08:45:00,2016-11-18 08:46:00,1.35548,1.35526,1.35548,1.35513,1.35571,1.3555,1.35572,1.35538,272
2016-11-18 08:46:00,2016-11-18 08:47:00,1.35526,1.35496,1.35543,1.35493,1.3555,1.35521,1.35568,1.35518,369
2016-11-18 08:47:00,2016-11-18 08:48:00,1.35496,1.35494,1.35498,1.35492,1.35521,1.35516,1.35524,1.35516,280
2016-11-18 08:48:00,2016-11-18 08:49:00,1.35494,1.35441,1.35495,1.35439,1.35516,1.35465,1.35518,1.35461,419
2016-11-18 08:49:00,2016-11-18 08:50:00,1.35441,1.35436,1.35443,1.35406,1.35465,1.35461,1.35465,1.35432,566
2016-11-18 08:50:00,2016-11-18 08:51:00,1.35436,1.3542,1.35437,1.35411,1.35461,1.35443,1.35461,1.35435,243
2016-11-18 08:51:00,2016-11-18 08:52:00,1.3542,1.35436,1.35436,1.35419,1.35443,1.3546,1.3546,1.35441,236
2016-11-18 08:52:00,2016-11-18 08:53:00,1.35436,1.35418,1.35452,1.35418,1.3546,1.35443,1.35475,1.35442,259
2016-11-18 08:53:00,2016-11-18 08:54:00,1.35418,1.35401,1.35424,1.35393,1.35443,1.35424,1.35448,1.35417,320
2016-11-18 08:54:00,2016-11-18 08:55:00,1.35401,1.35369,1.35407,1.35367,1.35424,1.35392,1.3543,1.3539,292
2016-11-18 08:55:00,2016-11-18 08:56:00,1.35369,1.35327,1.35369,1.35326,1.35392,1.3535,1.35392,1.3535,583
2016-11-18 08:56:00,2016-11-18 08:57:00,1.35327,1.35293,1.35326,1.35287,1.3535,1.35314,1.3535,1.35311,693
2016-11-18 08:57:00,2016-11-18 08:58:00,1.35293,1.35284,1.353,1.35264,1.35314,1.35306,1.35323,1.35286,392
2016-11-18 08:58:00,2016-11-18 08:59:00,1.35284,1.35281,1.35297,1.35279,1.35306,1.35303,1.35319,1.35301,785
2016-11-18 08:59:00,2016-11-18 09:00:00,1.35281,1.35318,1.35324,1.3528,1.35303,1.35342,1.35349,1.35303,866
2016-11-18 09:00:00,2016-11-18 09:01:00,1.35318,1.35289,1.3532,1.35281,1.35342,1.35313,1.35344,1.35302,621
2016-11-18 09:01:00,2016-11-18 09:02:00,1.35289,1.35311,1.35316,1.35286,1.35313,1.35334,1.3534,1.35309,431
2016-11-18 09:02:00,2016-11-18 09:03:00,1.35311,1.35285,1.35318,1.3528,1.35334,1.35308,1.3534,1.35301,559
2016-11-18 09:03:00,2016-11-18 09:04:00,1.35285,1.3527,1.35292,1.35265,1.35308,1.35291,1.35314,1.3529,379
2016-11-18 09:04:00,2016-11-18 09:05:00,1.3527,1.35281,1.35286,1.35233,1.35291,1.35307,1.35308,1.35257,644
2016-11-18 09:05:00,2016-11-18 09:06:00,1.35281,1.35294,1.35296,1.35278,1.35307,1.35315,1.35315,1.35298,241
2016-11-18 09:06:00,2016-11-18 09:07:00,1.35294,1.35289,1.353,1.35287,1.35315,1.35311,1.3532,1.35308,220
2016-11-18 09:07:00,2016-11-18 09:08:00,1.35289,1.35288,1.35291,1.35285,1.35311,1.35311,1.35312,1.35306,158
2016-11-18 09:08:00,2016-11-18 09:09:00,1.35288,1.35363,1.35363,1.35287,1.35311,1.35382,1.35386,1.35311,446
2016-11-18 09:09:00,2016-11-18 09:10:00,1.35363,1.35363,1.35382,1.35358,1.35382,1.35382,1.35404,1.35377,497
2016-11-18 09:10:00,2016-11-18 09:11:00,1.35363,1.35354,1.35368,1.35351,1.35382,1.35377,1.35389,1.35368,309
2016-11-18 09:11:00,2016-11-18 09:12:00,1.35354,1.35353,1.35363,1.35334,1.35377,1.35373,1.35386,1.35353,374
2016-11-18 09:12:00,2016-11-18 09:13:00,1.35353,1.35348,1.35359,1.35345,1.35373,1.35372,1.35381,1.35368,347
2016-11-18 09:13:00,2016-11-18 09:14:00,1.35348,1.3536,1.35365,1.35347,1.35372,1.35383,1.35388,1.35371,204
2016-11-18 09:14:00,2016-11-18 09:15:00,1.3536,1.35373,1.35381,1.3535,1.35383,1.35395,1.35404,1.35373,511
2016-11-18 09:15:00,2016-11-18 09:16:00,1.35373,1.35354,1.35375,1.35339,1.35395,1.35378,1.35397,1.35362,461
2016-11-18 09:16:00,2016-11-18 09:17:00,1.35354,1.35374,1.35381,1.35347,1.35378,1.35397,1.35404,1.35371,436
2016-11-18 09:17:00,2016-11-18 09:18:00,1.35374,1.3534,1.35374,1.35301,1.35397,1.35364,1.35398,1.35323,869
2016-11-18 09:18:00,2016-11-18 09:19:00,1.3534,1.35303,1.3534,1.35303,1.35364,1.35327,1.35364,1.35323,653
2016-11-18 09:19:00,2016-11-18 09:20:00,1.35303,1.35309,1.35313,1.35294,1.35327,1.35333,1.35337,1.35318,423
2016-11-18 09:20:00,2016-11-18 09:21:00,1.35309,1.3533,1.3533,1.35302,1.35333,1.35351,1.35351,1.35325,417
2016-11-18 09:21:00,2016-11-18 09:22:00,1.3533,1.35349,1.3535,1.35323,1.35351,1.35371,1.35371,1.35344,650
2016-11-18 09:22:00,2016-11-18 09:23:00,1.35349,1.35368,1.35371,1.35348,1.35371,1.35392,1.35395,1.35371,541
2016-11-18 09:23:00,2016-11-18 09:24:00,1.35368,1.35356,1.35369,1.3535,1.35392,1.35381,1.35393,1.35374,476
2016-11-18 09:24:00,2016-11-18 09:25:00,1.35356,1.35377,1.35378,1.35344,1.35381,1.35398,1.35401,1.35367,271
2016-11-18 09:25:00,2016-11-18 09:26:00,1.35377,1.35377,1.35378,1.35366,1.35398,1.354,1.35401,1.35388,300
2016-11-18 09:26:00,2016-11-18 09:27:00,1.35377,1.35398,1.35412,1.35376,1.354,1.35418,1.35434,1.354,313
2016-11-18 09:27:00,2016-11-18 09:28:00,1.35398,1.35394,1.35408,1.35389,1.35418,1.35414,1.35429,1.35408,240
2016-11-18 09:28:00,2016-11-18 09:29:00,1.35394,1.35406,1.35407,1.35394,1.35414,1.35428,1.3543,1.35415,188
2016-11-18 09:29:00,2016-11-18 09:30:00,1.35406,1.35404,1.35407,1.35394,1.35428,1.35426,1.35428,1.35416,306
2016-11-18 09:30:00,2016-11-18 09:31:00,1.35404,1.35399,1.35407,1.35394,1.35426,1.35419,1.3543,1.35414,303
2016-11-18 09:31:00,2016-11-18 09:32:00,1.35399,1.3538,1.35402,1.35378,1.35419,1.35402,1.35422,1.35401,219
2016-11-18 09:32:00,2016-11-18 09:33:00,1.3538,1.35403,1.35407,1.35378,1.35402,1.35425,1.35431,1.354,216
2016-11-18 09:33:00,2016-11-18 09:34:00,1.35403,1.35415,1.35428,1.354,1.35425,1.35438,1.35453,1.35423,303
2016-11-18 09:34:00,2016-11-18 09:35:00,1.35415,1.35394,1.35422,1.35394,1.35438,1.35415,1.35445,1.35414,283
2016-11-18 09:35:00,2016-11-18 09:36:00,1.35394,1.35367,1.35395,1.35365,1.35415,1.35392,1.35419,1.35389,407
2016-11-18 09:36:00,2016-11-18 09:37:00,1.35367,1.35336,1.35368,1.35331,1.35392,1.35359,1.35391,1.35355,447
2016-11-18 09:37:00,2016-11-18 09:38:00,1.35336,1.35359,1.35359,1.35333,1.35359,1.35383,1.35384,1.35357,328
2016-11-18 09:38:00,2016-11-18 09:39:00,1.35359,1.35346,1.35365,1.35338,1.35383,1.35366,1.35387,1.35361,288
2016-11-18 09:39:00,2016-11-18 09:40:00,1.35346,1.35367,1.35376,1.35339,1.35366,1.35392,1.35398,1.35361,537
2016-11-18 09:40:00,2016-11-18 09:41:00,1.35367,1.3535,1.35371,1.35348,1.35392,1.35372,1.35396,1.35371,352
2016-11-18 09:41:00,2016-11-18 09:42:00,1.3535,1.3534,1.35353,1.35329,1.35372,1.35363,1.35376,1.35352,494
2016-11-18 09:42:00,2016-11-18 09:43:00,1.3534,1.35324,1.3534,1.35311,1.35363,1.35349,1.35363,1.35332,250
2016-11-18 09:43:00,2016-11-18 09:44:00,1.35324,1.35351,1.35351,1.3532,1.35349,1.35374,1.35374,1.3534,522
2016-11-18 09:44:00,2016-11-18 09:45:00,1.35351,1.35354,1.35362,1.35346,1.35374,1.35375,1.35379,1.35367,301
2016-11-18 09:45:00,2016-11-18 09:46:00,1.35354,1.35333,1.35357,1.35331,1.35375,1.35356,1.35377,1.35354,314
2016-11-18 09:46:00,2016-11-18 09:47:00,1.35333,1.35345,1.35348,1.35327,1.35356,1.35369,1.35372,1.35348,290
2016-11-18 09:47:00,2016-11-18 09:48:00,1.35345,1.35344,1.35354,1.35341,1.35369,1.35364,1.35377,1.35362,380
2016-11-18 09:48:00,2016-11-18 09:49:00,1.35344,1.3533,1.35344,1.35311,1.35364,1.35354,1.35367,1.35333,658
2016-11-18 09:49:00,2016-11-18 09:50:00,1.3533,1.35345,1.35347,1.35321,1.35354,1.35369,1.35371,1.35342,366
2016-11-18 09:50:00,2016-11-18 09:51:00,1.35345,1.3535,1.3536,1.35337,1.35369,1.35371,1.35381,1.35359,469
2016-11-18 09:51:00,2016-11-18 09:52:00,1.3535,1.35351,1.35364,1.35344,1.35371,1.35375,1.35387,1.35363,387
2016-11-18 09:52:00,2016-11-18 09:53:00,1.35351,1.35319,1.35355,1.35311,1.35375,1.35341,1.35379,1.35332,510
2016-11-18 09:53:00,2016-11-18 09:54:00,1.35319,1.35344,1.35345,1.35316,1.35341,1.35366,1.35368,1.35335,333
2016-11-18 09:54:00,2016-11-18 09:55:00,1.35344,1.35322,1.35345,1.35321,1.35366,1.35344,1.35367,1.35343,238
2016-11-18 09:55:00,2016-11-18 09:56:00,1.35322,1.35303,1.35324,1.35303,1.35344,1.35327,1.35346,1.35324,281
2016-11-18 09:56:00,2016-11-18 09:57:00,1.35303,1.35321,1.35321,1.35301,1.35327,1.35342,1.35344,1.35324,202
2016-11-18 09:57:00,2016-11-18 09:58:00,1.35321,1.3532,1.35329,1.35311,1.35342,1.35339,1.3535,1.35333,334
2016-11-18 09:58:00,2016-11-18 09:59:00,1.3532,1.35327,1.35332,1.35306,1.35339,1.35345,1.3535,1.35327,317
2016-11-18 09:59:00,2016-11-18 10:00:00,1.35327,1.35297,1.35328,1.35285,1.35345,1.35316,1.35349,1.35307,404
2016-11-18 10:00:00,2016-11-18 10:01:00,1.35297,1.35316,1.35329,1.35297,1.35316,1.35336,1.35349,1.35317,435
2016-11-18 10:01:00,2016-11-18 10:02:00,1.35316,1.35317,1.35326,1.35305,1.35336,1.35338,1.35348,1.35323,248
2016-11-18 10:02:00,2016-11-18 10:03:00,1.35317,1.35338,1.3534,1.35309,1.35338,1.35362,1.35364,1.35327,411
2016-11-18 10:03:00,2016-11-18 10:04:00,1.35338,1.35352,1.35358,1.35329,1.35362,1.35375,1.35381,1.35353,226
2016-11-18 10:04:00,2016-11-18 10:05:00,1.35352,1.3536,1.35362,1.35339,1.35375,1.35383,1.35386,1.35363,502
2016-11-18 10:05:00,2016-11-18 10:06:00,1.3536,1.35348,1.35365,1.35341,1.35383,1.35372,1.35389,1.35365,379
2016-11-18 10:06:00,2016-11-18 10:07:00,1.35348,1.35344,1.35352,1.35339,1.35372,1.35368,1.35377,1.35362,379
2016-11-18 10:07:00,2016-11-18 10:08:00,1.35344,1.3535,1.35352,1.3534,1.35368,1.3537,1.35376,1.35364,529
2016-11-18 10:08:00,2016-11-18 10:09:00,1.3535,1.35348,1.35368,1.35343,1.3537,1.35371,1.3539,1.35362,846
2016-11-18 10:09:00,2016-11-18 10:10:00,1.35348,1.35345,1.35362,1.35342,1.35371,1.35368,1.35386,1.35364,578
2016-11-18 10:10:00,2016-11-18 10:11:00,1.35345,1.35367,1.35367,1.35341,1.35368,1.35391,1.35391,1.35364,320
2016-11-18 10:11:00,2016-11-18 10:12:00,1.35367,1.35359,1.35367,1.35344,1.35391,1.35382,1.35391,1.35367,453
2016-11-18 10:12:00,2016-11-18 10:13:00,1.35359,1.35348,1.35361,1.35345,1.35382,1.35371,1.35384,1.35368,423
2016-11-18 10:13:00,2016-11-18 10:14:00,1.35348,1.35368,1.35369,1.35347,1.35371,1.35389,1.35393,1.35369,237
2016-11-18 10:14:00,2016-11-18 10:15:00,1.35368,1.35379,1.35389,1.35366,1.35389,1.35403,1.35412,1.35388,260
2016-11-18 10:15:00,2016-11-18 10:16:00,1.35379,1.35356,1.35386,1.35343,1.35403,1.35378,1.3541,1.35364,349
2016-11-18 10:16:00,2016-11-18 10:17:00,1.35356,1.35348,1.3537,1.3534,1.35378,1.35372,1.35394,1.3536,446
2016-11-18 10:17:00,2016-11-18 10:18:00,1.35348,1.35348,1.35354,1.35341,1.35372,1.35374,1.35378,1.35363,403
2016-11-18 10:18:00,2016-11-18 10:19:00,1.35348,1.3535,1.35358,1.35338,1.35374,1.35374,1.35381,1.3536,369
2016-11-18 10:19:00,2016-11-18 10:20:00,1.3535,1.35349,1.35355,1.35332,1.35374,1.35373,1.35379,1.35356,428
2016-11-18 10:20:00,2016-11-18 10:21:00,1.35349,1.35337,1.35359,1.35335,1.35373,1.35361,1.35382,1.3536,424
2016-11-18 10:21:00,2016-11-18 10:22:00,1.35337,1.35354,1.35355,1.35328,1.35361,1.35377,1.35377,1.35352,397
2016-11-18 10:22:00,2016-11-18 10:23:00,1.35354,1.35361,1.35364,1.3534,1.35377,1.35382,1.35386,1.35362,384
2016-11-18 10:23:00,2016-11-18 10:24:00,1.35361,1.35378,1.35383,1.35358,1.35382,1.35402,1.35407,1.3538,382
2016-11-18 10:24:00,2016-11-18 10:25:00,1.35378,1.35313,1.3538,1.35313,1.35402,1.35335,1.35404,1.35335,604
2016-11-18 10:25:00,2016-11-18 10:26:00,1.35313,1.3531,1.35317,1.35285,1.35335,1.35332,1.35339,1.35307,354
2016-11-18 10:26:00,2016-11-18 10:27:00,1.3531,1.3533,1.35336,1.35308,1.35332,1.35352,1.35358,1.35331,400
2016-11-18 10:27:00,2016-11-18 10:28:00,1.3533,1.35324,1.35334,1.35313,1.35352,1.35347,1.35355,1.35334,403
2016-11-18 10:28:00,2016-11-18 10:29:00,1.35324,1.35279,1.35326,1.35244,1.35347,1.35302,1.35349,1.35267,970
2016-11-18 10:29:00,2016-11-18 10:30:00,1.35279,1.35267,1.35308,1.3526,1.35302,1.3529,1.35329,1.35281,779
2016-11-18 10:30:00,2016-11-18 10:31:00,1.35267,1.35275,1.35293,1.35265,1.3529,1.35296,1.35312,1.35286,327
2016-11-18 10:31:00,2016-11-18 10:32:00,1.35275,1.35252,1.35291,1.35245,1.35296,1.35274,1.35312,1.35267,564
2016-11-18 10:32:00,2016-11-18 10:33:00,1.35252,1.35248,1.35259,1.3524,1.35274,1.3527,1.35278,1.35261,312
2016-11-18 10:33:00,2016-11-18 10:34:00,1.35248,1.35248,1.35264,1.3524,1.3527,1.35269,1.35286,1.35259,319
2016-11-18 10:34:00,2016-11-18 10:35:00,1.35248,1.35243,1.35253,1.35241,1.35269,1.35264,1.35275,1.35263,209
2016-11-18 10:35:00,2016-11-18 10:36:00,1.35243,1.35261,1.3527,1.35243,1.35264,1.3528,1.35291,1.3526,244
2016-11-18 10:36:00,2016-11-18 10:37:00,1.35261,1.35223,1.35262,1.3521,1.3528,1.35244,1.35285,1.35234,483
2016-11-18 10:37:00,2016-11-18 10:38:00,1.35223,1.35207,1.35231,1.35207,1.35244,1.35229,1.35252,1.35229,346
2016-11-18 10:38:00,2016-11-18 10:39:00,1.35207,1.35172,1.35211,1.35167,1.35229,1.35197,1.35234,1.35189,343
2016-11-18 10:39:00,2016-11-18 10:40:00,1.35172,1.35167,1.35189,1.35161,1.35197,1.35187,1.3521,1.35182,312
2016-11-18 10:40:00,2016-11-18 10:41:00,1.35167,1.35197,1.35202,1.35156,1.35187,1.35219,1.35222,1.35176,554
2016-11-18 10:41:00,2016-11-18 10:42:00,1.35197,1.35173,1.35213,1.35158,1.35219,1.35195,1.35235,1.35179,630
2016-11-18 10:42:00,2016-11-18 10:43:00,1.35173,1.35184,1.35187,1.35164,1.35195,1.35203,1.35209,1.35186,484
2016-11-18 10:43:00,2016-11-18 10:44:00,1.35184,1.35179,1.35185,1.35156,1.35203,1.35203,1.35207,1.35179,497
2016-11-18 10:44:00,2016-11-18 10:45:00,1.35179,1.35157,1.35183,1.35157,1.35203,1.35181,1.35207,1.3518,280
2016-11-18 10:45:00,2016-11-18 10:46:00,1.35157,1.35153,1.35161,1.35149,1.35181,1.35174,1.35184,1.35172,210
2016-11-18 10:46:00,2016-11-18 10:47:00,1.35153,1.35153,1.35156,1.35149,1.35174,1.35172,1.3518,1.35171,122
2016-11-18 10:47:00,2016-11-18 10:48:00,1.35153,1.35135,1.35153,1.35131,1.35172,1.35156,1.35173,1.35154,154
2016-11-18 10:48:00,2016-11-18 10:49:00,1.35135,1.35139,1.35142,1.35133,1.35156,1.35163,1.35165,1.35154,381
2016-11-18 10:49:00,2016-11-18 10:50:00,1.35139,1.35142,1.35153,1.35136,1.35163,1.35165,1.35174,1.35158,319
2016-11-18 10:50:00,2016-11-18 10:51:00,1.35142,1.35145,1.35156,1.35139,1.35165,1.35168,1.35178,1.35159,432
2016-11-18 10:51:00,2016-11-18 10:52:00,1.35145,1.35149,1.35152,1.35124,1.35168,1.35169,1.35174,1.35145,307
2016-11-18 10:52:00,2016-11-18 10:53:00,1.35149,1.35134,1.35153,1.35122,1.35169,1.35159,1.35174,1.35145,679
2016-11-18 10:53:00,2016-11-18 10:54:00,1.35134,1.35125,1.35136,1.35113,1.35159,1.35146,1.3516,1.35135,628
2016-11-18 10:54:00,2016-11-18 10:55:00,1.35125,1.35116,1.35128,1.35113,1.35146,1.35137,1.35148,1.35134,392
2016-11-18 10:55:00,2016-11-18 10:56:00,1.35116,1.35134,1.35143,1.3511,1.35137,1.35154,1.35165,1.35132,357
2016-11-18 10:56:00,2016-11-18 10:57:00,1.35134,1.3514,1.35146,1.35121,1.35154,1.35157,1.35159,1.35143,214
2016-11-18 10:57:00,2016-11-18 10:58:00,1.3514,1.35123,1.35138,1.3512,1.35157,1.35145,1.35157,1.35141,217
2016-11-18 10:58:00,2016-11-18 10:59:00,1.35123,1.35173,1.35175,1.35123,1.35145,1.35196,1.35198,1.35146,371
2016-11-18 10:59:00,2016-11-18 11:00:00,1.35173,1.35139,1.35174,1.35129,1.35196,1.35164,1.35198,1.35153,523
2016-11-18 11:00:00,2016-11-18 11:01:00,1.35139,1.35155,1.35162,1.35135,1.35164,1.35178,1.35183,1.3516,574
2016-11-18 11:01:00,2016-11-18 11:02:00,1.35155,1.35155,1.35158,1.35142,1.35178,1.35177,1.35183,1.35164,261
2016-11-18 11:02:00,2016-11-18 11:03:00,1.35155,1.35157,1.35167,1.35152,1.35177,1.35181,1.35188,1.35173,297
2016-11-18 11:03:00,2016-11-18 11:04:00,1.35157,1.35151,1.35161,1.35145,1.35181,1.35174,1.35181,1.35167,258
2016-11-18 11:04:00,2016-11-18 11:05:00,1.35151,1.35137,1.35152,1.35127,1.35174,1.35161,1.35176,1.35152,386
2016-11-18 11:05:00,2016-11-18 11:06:00,1.35137,1.35137,1.35146,1.35127,1.35161,1.35159,1.35167,1.35151,192
2016-11-18 11:06:00,2016-11-18 11:07:00,1.35137,1.35144,1.35154,1.3513,1.35159,1.35168,1.35176,1.35154,180
2016-11-18 11:07:00,2016-11-18 11:08:00,1.35144,1.35135,1.35146,1.35126,1.35168,1.3516,1.35168,1.35149,146
2016-11-18 11:08:00,2016-11-18 11:09:00,1.35135,1.35119,1.35136,1.35111,1.3516,1.35142,1.35159,1.35135,217
2016-11-18 11:09:00,2016-11-18 11:10:00,1.35119,1.3511,1.35122,1.35106,1.35142,1.35134,1.35146,1.35128,341
2016-11-18 11:10:00,2016-11-18 11:11:00,1.3511,1.35102,1.35114,1.35098,1.35134,1.35126,1.35138,1.35123,250
2016-11-18 11:11:00,2016-11-18 11:12:00,1.35102,1.35106,1.35113,1.35085,1.35126,1.3513,1.35134,1.35107,347
2016-11-18 11:12:00,2016-11-18 11:13:00,1.35106,1.3516,1.35165,1.35098,1.3513,1.35184,1.35189,1.35122,519
2016-11-18 11:13:00,2016-11-18 11:14:00,1.3516,1.35109,1.35162,1.35109,1.35184,1.35135,1.35188,1.35134,268
2016-11-18 11:14:00,2016-11-18 11:15:00,1.35109,1.35139,1.35145,1.35109,1.35135,1.35163,1.35169,1.35135,324
2016-11-18 11:15:00,2016-11-18 11:16:00,1.35139,1.35152,1.35166,1.35139,1.35163,1.35177,1.3519,1.35163,354
2016-11-18 11:16:00,2016-11-18 11:17:00,1.35152,1.35134,1.35158,1.35134,1.35177,1.35158,1.35182,1.35158,342
2016-11-18 11:17:00,2016-11-18 11:18:00,1.35134,1.35109,1.35146,1.3509,1.35158,1.35131,1.35171,1.35114,480
2016-11-18 11:18:00,2016-11-18 11:19:00,1.35109,1.35114,1.35118,1.35097,1.35131,1.35137,1.35142,1.35122,333
2016-11-18 11:19:00,2016-11-18 11:20:00,1.35114,1.35148,1.35153,1.35111,1.35137,1.35171,1.35177,1.35136,398
2016-11-18 11:20:00,2016-11-18 11:21:00,1.35148,1.35146,1.35165,1.35138,1.35171,1.3517,1.35189,1.35163,227
2016-11-18 11:21:00,2016-11-18 11:22:00,1.35146,1.35122,1.35146,1.35117,1.3517,1.35147,1.3517,1.35138,348
2016-11-18 11:22:00,2016-11-18 11:23:00,1.35122,1.3512,1.35132,1.35118,1.35147,1.35141,1.35153,1.3514,196
2016-11-18 11:23:00,2016-11-18 11:24:00,1.3512,1.35105,1.35123,1.35105,1.35141,1.35128,1.35145,1.35126,350
2016-11-18 11:24:00,2016-11-18 11:25:00,1.35105,1.35075,1.35105,1.35071,1.35128,1.351,1.35128,1.35094,256
2016-11-18 11:25:00,2016-11-18 11:26:00,1.35075,1.35073,1.35085,1.35063,1.351,1.35098,1.3511,1.35088,331
2016-11-18 11:26:00,2016-11-18 11:27:00,1.35073,1.35061,1.35087,1.3506,1.35098,1.35085,1.35111,1.35084,353
2016-11-18 11:27:00,2016-11-18 11:28:00,1.35061,1.35074,1.35077,1.35053,1.35085,1.35098,1.35099,1.35071,379
2016-11-18 11:28:00,2016-11-18 11:29:00,1.35074,1.35072,1.35083,1.3507,1.35098,1.35098,1.35106,1.35094,168
2016-11-18 11:29:00,2016-11-18 11:30:00,1.35072,1.35066,1.35083,1.35062,1.35098,1.3509,1.35108,1.35086,230
2016-11-18 11:30:00,2016-11-18 11:31:00,1.35066,1.35045,1.35068,1.35043,1.3509,1.3507,1.35092,1.35067,294
2016-11-18 11:31:00,2016-11-18 11:32:00,1.35045,1.35017,1.35048,1.35016,1.3507,1.35039,1.35072,1.35038,185
2016-11-18 11:32:00,2016-11-18 11:33:00,1.35017,1.35023,1.35028,1.35013,1.35039,1.35044,1.35052,1.35034,258
2016-11-18 11:33:00,2016-11-18 11:34:00,1.35023,1.35029,1.35039,1.35017,1.35044,1.35049,1.35061,1.3504,179
2016-11-18 11:34:00,2016-11-18 11:35:00,1.35029,1.35048,1.35048,1.35023,1.35049,1.35071,1.35072,1.35046,281
2016-11-18 11:35:00,2016-11-18 11:36:00,1.35048,1.35058,1.35065,1.35048,1.35071,1.3508,1.35091,1.35072,238
2016-11-18 11:36:00,2016-11-18 11:37:00,1.35058,1.35069,1.35078,1.35056,1.3508,1.35092,1.35102,1.35078,298
2016-11-18 11:37:00,2016-11-18 11:38:00,1.35069,1.3506,1.3507,1.35053,1.35092,1.35081,1.35094,1.35074,200
2016-11-18 11:38:00,2016-11-18 11:39:00,1.3506,1.35039,1.35061,1.35037,1.35081,1.35061,1.35084,1.3506,136
2016-11-18 11:39:00,2016-11-18 11:40:00,1.35039,1.35056,1.35058,1.35037,1.35061,1.35078,1.35079,1.35059,84
2016-11-18 11:40:00,2016-11-18 11:41:00,1.35056,1.35069,1.35072,1.35056,1.35078,1.35092,1.35094,1.35079,238
2016-11-18 11:41:00,2016-11-18 11:42:00,1.35069,1.35057,1.35081,1.35053,1.35092,1.35081,1.35104,1.35076,207
2016-11-18 11:42:00,2016-11-18 11:43:00,1.35057,1.35038,1.35075,1.35026,1.35081,1.35063,1.35099,1.35052,239
2016-11-18 11:43:00,2016-11-18 11:44:00,1.35038,1.35047,1.35056,1.35027,1.35063,1.35071,1.35082,1.35052,393
2016-11-18 11:44:00,2016-11-18 11:45:00,1.35047,1.3504,1.35051,1.3504,1.35071,1.35059,1.35073,1.35058,131
2016-11-18 11:45:00,2016-11-18 11:46:00,1.3504,1.35042,1.35053,1.35038,1.35059,1.35065,1.35075,1.3506,194
2016-11-18 11:46:00,2016-11-18 11:47:00,1.35042,1.35029,1.35041,1.35026,1.35065,1.35049,1.35065,1.35049,72
2016-11-18 11:47:00,2016-11-18 11:48:00,1.35029,1.3498,1.3503,1.34978,1.35049,1.35001,1.35053,1.35001,478
2016-11-18 11:48:00,2016-11-18 11:49:00,1.3498,1.34949,1.34978,1.34942,1.35001,1.34974,1.35001,1.34967,366
2016-11-18 11:49:00,2016-11-18 11:50:00,1.34949,1.34952,1.3496,1.34946,1.34974,1.34977,1.34985,1.3497,304
2016-11-18 11:50:00,2016-11-18 11:51:00,1.34952,1.34964,1.34965,1.34946,1.34977,1.34987,1.34988,1.3497,231
2016-11-18 11:51:00,2016-11-18 11:52:00,1.34964,1.34984,1.3499,1.34964,1.34987,1.35009,1.35015,1.34987,224
2016-11-18 11:52:00,2016-11-18 11:53:00,1.34984,1.34979,1.34988,1.34979,1.35009,1.35001,1.35012,1.35,139
2016-11-18 11:53:00,2016-11-18 11:54:00,1.34979,1.34982,1.34984,1.34969,1.35001,1.35003,1.35007,1.34992,340
2016-11-18 11:54:00,2016-11-18 11:55:00,1.34982,1.34964,1.34983,1.34961,1.35003,1.34988,1.35005,1.34982,280
2016-11-18 11:55:00,2016-11-18 11:56:00,1.34964,1.34959,1.34965,1.34954,1.34988,1.34982,1.34988,1.34969,147
2016-11-18 11:56:00,2016-11-18 11:57:00,1.34959,1.34969,1.34978,1.34955,1.34982,1.34992,1.34998,1.34977,258
2016-11-18 11:57:00,2016-11-18 11:58:00,1.34969,1.34965,1.34973,1.34955,1.34992,1.34988,1.34997,1.34978,182
2016-11-18 11:58:00,2016-11-18 11:59:00,1.34965,1.34968,1.34973,1.34951,1.34988,1.3499,1.34998,1.34974,439
2016-11-18 11:59:00,2016-11-18 12:00:00,1.34968,1.34994,1.34997,1.34966,1.3499,1.35017,1.35017,1.34988,269
2016-11-18 12:00:00,2016-11-18 12:01:00,1.34994,1.34976,1.35007,1.34975,1.35017,1.35,1.35028,1.34999,344
2016-11-18 12:01:00,2016-11-18 12:02:00,1.34976,1.34998,1.35004,1.34964,1.35,1.3502,1.35025,1.34987,439
2016-11-18 12:02:00,2016-11-18 12:03:00,1.34998,1.35002,1.35002,1.34991,1.3502,1.35023,1.35026,1.3501,249
2016-11-18 12:03:00,2016-11-18 12:04:00,1.35002,1.34946,1.35002,1.34944,1.35023,1.34967,1.35024,1.34966,389
2016-11-18 12:04:00,2016-11-18 12:05:00,1.34946,1.34946,1.34952,1.34929,1.34967,1.34968,1.34976,1.34953,386
2016-11-18 12:05:00,2016-11-18 12:06:00,1.34946,1.34958,1.34968,1.34927,1.34968,1.34982,1.34991,1.3495,383
2016-11-18 12:06:00,2016-11-18 12:07:00,1.34958,1.34975,1.34976,1.34952,1.34982,1.34999,1.34999,1.34974,212
2016-11-18 12:07:00,2016-11-18 12:08:00,1.34975,1.34983,1.34987,1.34972,1.34999,1.35006,1.35012,1.34996,427
2016-11-18 12:08:00,2016-11-18 12:09:00,1.34983,1.34975,1.34982,1.34973,1.35006,1.34997,1.35006,1.34995,318
2016-11-18 12:09:00,2016-11-18 12:10:00,1.34975,1.34964,1.34983,1.34955,1.34997,1.34988,1.35007,1.34977,402
2016-11-18 12:10:00,2016-11-18 12:11:00,1.34964,1.34967,1.34977,1.34955,1.34988,1.3499,1.35,1.34978,450
2016-11-18 12:11:00,2016-11-18 12:12:00,1.34967,1.34972,1.34977,1.34966,1.3499,1.34996,1.34999,1.3499,325
2016-11-18 12:12:00,2016-11-18 12:13:00,1.34972,1.34966,1.34974,1.34951,1.34996,1.34989,1.34998,1.34971,306
2016-11-18 12:13:00,2016-11-18 12:14:00,1.34966,1.34966,1.34973,1.34956,1.34989,1.3499,1.34997,1.34977,341
2016-11-18 12:14:00,2016-11-18 12:15:00,1.34966,1.34952,1.34969,1.3494,1.3499,1.34975,1.34993,1.34962,323
2016-11-18 12:15:00,2016-11-18 12:16:00,1.34952,1.34957,1.34964,1.34948,1.34975,1.34981,1.34985,1.34969,216
2016-11-18 12:16:00,2016-11-18 12:17:00,1.34957,1.34947,1.34962,1.3494,1.34981,1.34968,1.34983,1.34962,219
2016-11-18 12:17:00,2016-11-18 12:18:00,1.34947,1.34948,1.34964,1.34947,1.34968,1.34972,1.34988,1.34969,300
2016-11-18 12:18:00,2016-11-18 12:19:00,1.34948,1.34988,1.34988,1.34947,1.34972,1.35007,1.35008,1.3497,150
2016-11-18 12:19:00,2016-11-18 12:20:00,1.34988,1.34978,1.34987,1.34976,1.35007,1.35002,1.35008,1.34999,161
2016-11-18 12:20:00,2016-11-18 12:21:00,1.34978,1.34979,1.34985,1.34971,1.35002,1.35002,1.35007,1.34992,189
2016-11-18 12:21:00,2016-11-18 12:22:00,1.34979,1.34979,1.34985,1.34965,1.35002,1.35001,1.35008,1.34988,338
2016-11-18 12:22:00,2016-11-18 12:23:00,1.34979,1.35,1.35001,1.34976,1.35001,1.35022,1.35024,1.34995,363
2016-11-18 12:23:00,2016-11-18 12:24:00,1.35,1.34985,1.35006,1.34985,1.35022,1.35007,1.3503,1.35007,401
2016-11-18 12:24:00,2016-11-18 12:25:00,1.34985,1.34972,1.34989,1.34962,1.35007,1.34994,1.35012,1.34986,435
2016-11-18 12:25:00,2016-11-18 12:26:00,1.34972,1.34968,1.34981,1.34961,1.34994,1.34991,1.35005,1.34983,409
2016-11-18 12:26:00,2016-11-18 12:27:00,1.34968,1.34983,1.34984,1.34964,1.34991,1.35004,1.35007,1.34986,418
2016-11-18 12:27:00,2016-11-18 12:28:00,1.34983,1.34977,1.34985,1.3496,1.35004,1.34997,1.35006,1.34982,470
2016-11-18 12:28:00,2016-11-18 12:29:00,1.34977,1.34958,1.3498,1.34956,1.34997,1.34982,1.35001,1.3498,448
2016-11-18 12:29:00,2016-11-18 12:30:00,1.34958,1.34944,1.34963,1.34943,1.34982,1.34965,1.34985,1.34964,232
2016-11-18 12:30:00,2016-11-18 12:31:00,1.34944,1.34949,1.34954,1.34942,1.34965,1.34971,1.34978,1.34964,205
2016-11-18 12:31:00,2016-11-18 12:32:00,1.34949,1.34944,1.34952,1.3493,1.34971,1.34966,1.34975,1.34952,237
2016-11-18 12:32:00,2016-11-18 12:33:00,1.34944,1.34961,1.34961,1.34931,1.34966,1.34981,1.34982,1.34953,251
2016-11-18 12:33:00,2016-11-18 12:34:00,1.34961,1.35001,1.35014,1.34951,1.34981,1.3502,1.35033,1.34973,466
2016-11-18 12:34:00,2016-11-18 12:35:00,1.35001,1.35012,1.35016,1.34991,1.3502,1.35033,1.35037,1.35012,277
2016-11-18 12:35:00,2016-11-18 12:36:00,1.35012,1.35038,1.35048,1.35002,1.35033,1.35062,1.35072,1.35022,388
2016-11-18 12:36:00,2016-11-18 12:37:00,1.35038,1.35049,1.3505,1.35028,1.35062,1.35072,1.35073,1.35053,304
2016-11-18 12:37:00,2016-11-18 12:38:00,1.35049,1.35065,1.35082,1.35042,1.35072,1.3509,1.35105,1.35064,300
2016-11-18 12:38:00,2016-11-18 12:39:00,1.35065,1.35113,1.35115,1.35066,1.3509,1.35136,1.35138,1.35089,371
2016-11-18 12:39:00,2016-11-18 12:40:00,1.35113,1.35139,1.35159,1.3509,1.35136,1.35163,1.35181,1.35113,543
2016-11-18 12:40:00,2016-11-18 12:41:00,1.35139,1.35109,1.3515,1.35104,1.35163,1.35134,1.35173,1.35127,319
2016-11-18 12:41:00,2016-11-18 12:42:00,1.35109,1.35111,1.35133,1.35109,1.35134,1.35135,1.35156,1.35131,361
2016-11-18 12:42:00,2016-11-18 12:43:00,1.35111,1.3508,1.35111,1.35072,1.35135,1.35101,1.35134,1.35096,372
2016-11-18 12:43:00,2016-11-18 12:44:00,1.3508,1.35048,1.35081,1.35041,1.35101,1.35069,1.35103,1.35064,400
2016-11-18 12:44:00,2016-11-18 12:45:00,1.35048,1.35041,1.35061,1.35041,1.35069,1.35064,1.35081,1.35062,346
2016-11-18 12:45:00,2016-11-18 12:46:00,1.35041,1.35014,1.35043,1.34982,1.35064,1.35031,1.35064,1.35002,758
2016-11-18 12:46:00,2016-11-18 12:47:00,1.35014,1.34995,1.35019,1.34967,1.35031,1.35018,1.35031,1.34988,758
2016-11-18 12:47:00,2016-11-18 12:48:00,1.34995,1.34967,1.34999,1.34958,1.35018,1.34987,1.35021,1.3498,531
2016-11-18 12:48:00,2016-11-18 12:49:00,1.34967,1.34969,1.3497,1.34954,1.34987,1.34991,1.34991,1.34978,643
2016-11-18 12:49:00,2016-11-18 12:50:00,1.34969,1.34958,1.34976,1.34958,1.34991,1.34982,1.34998,1.34981,492
2016-11-18 12:50:00,2016-11-18 12:51:00,1.34958,1.34961,1.34968,1.34951,1.34982,1.34985,1.34992,1.34973,377
2016-11-18 12:51:00,2016-11-18 12:52:00,1.34961,1.34957,1.34967,1.3495,1.34985,1.3498,1.34991,1.34975,382
2016-11-18 12:52:00,2016-11-18 12:53:00,1.34957,1.34972,1.34978,1.34957,1.3498,1.34997,1.35002,1.3498,380
2016-11-18 12:53:00,2016-11-18 12:54:00,1.34972,1.34983,1.34989,1.34973,1.34997,1.35006,1.3501,1.34995,283
2016-11-18 12:54:00,2016-11-18 12:55:00,1.34983,1.35012,1.35013,1.34973,1.35006,1.35035,1.35036,1.34995,405
2016-11-18 12:55:00,2016-11-18 12:56:00,1.35012,1.34974,1.35027,1.34967,1.35035,1.34998,1.35051,1.34991,961
2016-11-18 12:56:00,2016-11-18 12:57:00,1.34974,1.34987,1.34993,1.34969,1.34998,1.35011,1.35018,1.34994,387
2016-11-18 12:57:00,2016-11-18 12:58:00,1.34987,1.34992,1.35034,1.34981,1.35011,1.35017,1.35056,1.35006,516
2016-11-18 12:58:00,2016-11-18 12:59:00,1.34992,1.35008,1.35027,1.34989,1.35017,1.35032,1.35053,1.35012,365
2016-11-18 12:59:00,2016-11-18 13:00:00,1.35008,1.3502,1.35046,1.34983,1.35032,1.35044,1.3507,1.35008,663
2016-11-18 13:00:00,2016-11-18 13:01:00,1.3502,1.35035,1.35039,1.35009,1.35044,1.35058,1.35064,1.35033,491
2016-11-18 13:01:00,2016-11-18 13:02:00,1.35035,1.35072,1.35078,1.35011,1.35058,1.35089,1.35098,1.35029,530
2016-11-18 13:02:00,2016-11-18 13:03:00,1.35072,1.35052,1.35076,1.3504,1.35089,1.35076,1.35095,1.35062,705
2016-11-18 13:03:00,2016-11-18 13:04:00,1.35052,1.35052,1.35059,1.35026,1.35076,1.35076,1.35082,1.3505,519
2016-11-18 13:04:00,2016-11-18 13:05:00,1.35052,1.35078,1.3508,1.35052,1.35076,1.351,1.35102,1.35075,457
2016-11-18 13:05:00,2016-11-18 13:06:00,1.35078,1.3507,1.35078,1.35054,1.351,1.35094,1.351,1.35079,487
2016-11-18 13:06:00,2016-11-18 13:07:00,1.3507,1.35054,1.35076,1.35038,1.35094,1.35076,1.35098,1.35063,400
2016-11-18 13:07:00,2016-11-18 13:08:00,1.35054,1.35057,1.35062,1.35042,1.35076,1.3508,1.35085,1.35066,274
2016-11-18 13:08:00,2016-11-18 13:09:00,1.35057,1.35049,1.35078,1.35045,1.3508,1.35073,1.35102,1.35068,321
2016-11-18 13:09:00,2016-11-18 13:10:00,1.35049,1.35058,1.35069,1.35036,1.35073,1.35083,1.35092,1.3506,714
2016-11-18 13:10:00,2016-11-18 13:11:00,1.35058,1.35133,1.3514,1.35053,1.35083,1.35154,1.35162,1.35077,662
2016-11-18 13:11:00,2016-11-18 13:12:00,1.35133,1.3512,1.35162,1.35103,1.35154,1.3514,1.35185,1.35126,774
2016-11-18 13:12:00,2016-11-18 13:13:00,1.3512,1.35124,1.35147,1.35119,1.3514,1.35147,1.35167,1.35141,617
2016-11-18 13:13:00,2016-11-18 13:14:00,1.35124,1.35148,1.35152,1.35121,1.35147,1.3517,1.35176,1.35141,540
2016-11-18 13:14:00,2016-11-18 13:15:00,1.35148,1.35167,1.35168,1.35126,1.3517,1.35187,1.35192,1.3515,483
2016-11-18 13:15:00,2016-11-18 13:16:00,1.35167,1.35146,1.35178,1.35137,1.35187,1.35166,1.35202,1.35159,577
2016-11-18 13:16:00,2016-11-18 13:17:00,1.35146,1.35166,1.35174,1.35136,1.35166,1.35191,1.35197,1.3516,532
2016-11-18 13:17:00,2016-11-18 13:18:00,1.35166,1.35169,1.35196,1.35148,1.35191,1.35192,1.3522,1.35169,660
2016-11-18 13:18:00,2016-11-18 13:19:00,1.35169,1.35157,1.35178,1.35149,1.35192,1.35182,1.35201,1.35171,452
2016-11-18 13:19:00,2016-11-18 13:20:00,1.35157,1.35157,1.3519,1.35145,1.35182,1.35181,1.35215,1.3517,350
2016-11-18 13:20:00,2016-11-18 13:21:00,1.35157,1.35149,1.35176,1.35135,1.35181,1.35172,1.352,1.35159,415
2016-11-18 13:21:00,2016-11-18 13:22:00,1.35149,1.35135,1.3515,1.35099,1.35172,1.35155,1.35172,1.35123,570
2016-11-18 13:22:00,2016-11-18 13:23:00,1.35135,1.35125,1.35135,1.35107,1.35155,1.35148,1.35155,1.35131,310
2016-11-18 13:23:00,2016-11-18 13:24:00,1.35125,1.35159,1.35161,1.35126,1.35148,1.35181,1.35183,1.35148,315
2016-11-18 13:24:00,2016-11-18 13:25:00,1.35159,1.35133,1.35159,1.35116,1.35181,1.35157,1.35181,1.35141,372
2016-11-18 13:25:00,2016-11-18 13:26:00,1.35133,1.35093,1.35137,1.35076,1.35157,1.35116,1.3516,1.351,495
2016-11-18 13:26:00,2016-11-18 13:27:00,1.35093,1.35046,1.35095,1.3504,1.35116,1.35071,1.35118,1.35066,385
2016-11-18 13:27:00,2016-11-18 13:28:00,1.35046,1.35024,1.35048,1.35014,1.35071,1.35046,1.35072,1.35037,605
2016-11-18 13:28:00,2016-11-18 13:29:00,1.35024,1.35056,1.35095,1.35019,1.35046,1.35095,1.35127,1.35044,650
2016-11-18 13:29:00,2016-11-18 13:30:00,1.35056,1.35028,1.35195,1.3502,1.35095,1.35053,1.35264,1.35046,1501
2016-11-18 13:30:00,2016-11-18 13:31:00,1.35028,1.34997,1.35029,1.34988,1.35053,1.35021,1.35053,1.35008,599
2016-11-18 13:31:00,2016-11-18 13:32:00,1.34997,1.35006,1.35022,1.3499,1.35021,1.35031,1.35046,1.35016,388
2016-11-18 13:32:00,2016-11-18 13:33:00,1.35006,1.34982,1.35019,1.34974,1.35031,1.35007,1.35042,1.34999,451
2016-11-18 13:33:00,2016-11-18 13:34:00,1.34982,1.34992,1.35001,1.3496,1.35007,1.35016,1.35024,1.34986,477
2016-11-18 13:34:00,2016-11-18 13:35:00,1.34992,1.3499,1.35006,1.3498,1.35016,1.35014,1.35028,1.35005,493
2016-11-18 13:35:00,2016-11-18 13:36:00,1.3499,1.35012,1.35016,1.3499,1.35014,1.35037,1.3504,1.35014,473
2016-11-18 13:36:00,2016-11-18 13:37:00,1.35012,1.35002,1.35019,1.34985,1.35037,1.35024,1.35042,1.3501,473
2016-11-18 13:37:00,2016-11-18 13:38:00,1.35002,1.35011,1.35025,1.34999,1.35024,1.35032,1.3505,1.35022,341
2016-11-18 13:38:00,2016-11-18 13:39:00,1.35011,1.35031,1.35033,1.35012,1.35032,1.3505,1.35055,1.35031,256
2016-11-18 13:39:00,2016-11-18 13:40:00,1.35031,1.35033,1.35033,1.35017,1.3505,1.35054,1.35055,1.35039,137
2016-11-18 13:40:00,2016-11-18 13:41:00,1.35033,1.35074,1.35074,1.35033,1.35054,1.35097,1.35097,1.35055,392
2016-11-18 13:41:00,2016-11-18 13:42:00,1.35074,1.3517,1.3517,1.35073,1.35097,1.35194,1.35195,1.35096,487
2016-11-18 13:42:00,2016-11-18 13:43:00,1.3517,1.35199,1.35204,1.35162,1.35194,1.3522,1.35225,1.35185,712
2016-11-18 13:43:00,2016-11-18 13:44:00,1.35199,1.35246,1.35251,1.3519,1.3522,1.35268,1.35276,1.35214,635
2016-11-18 13:44:00,2016-11-18 13:45:00,1.35246,1.35232,1.35267,1.35225,1.35268,1.35251,1.3529,1.3525,561
2016-11-18 13:45:00,2016-11-18 13:46:00,1.35232,1.3526,1.35266,1.35215,1.35251,1.35284,1.35287,1.35239,535
2016-11-18 13:46:00,2016-11-18 13:47:00,1.3526,1.35223,1.35261,1.35221,1.35284,1.35246,1.35284,1.35245,606
2016-11-18 13:47:00,2016-11-18 13:48:00,1.35223,1.35226,1.35235,1.35202,1.35246,1.3525,1.35257,1.35223,443
2016-11-18 13:48:00,2016-11-18 13:49:00,1.35226,1.35257,1.35275,1.35224,1.3525,1.35281,1.35299,1.35248,649
2016-11-18 13:49:00,2016-11-18 13:50:00,1.35257,1.35295,1.35304,1.35252,1.35281,1.35317,1.35325,1.35272,625
2016-11-18 13:50:00,2016-11-18 13:51:00,1.35295,1.35256,1.35303,1.35251,1.35317,1.3528,1.35326,1.35274,542
2016-11-18 13:51:00,2016-11-18 13:52:00,1.35256,1.35246,1.35256,1.35241,1.3528,1.3527,1.35281,1.35264,444
2016-11-18 13:52:00,2016-11-18 13:53:00,1.35246,1.35198,1.35246,1.35192,1.3527,1.35222,1.35271,1.35216,497
2016-11-18 13:53:00,2016-11-18 13:54:00,1.35198,1.35181,1.35221,1.35173,1.35222,1.35205,1.35245,1.35198,411
2016-11-18 13:54:00,2016-11-18 13:55:00,1.35181,1.35204,1.35205,1.35171,1.35205,1.35228,1.35229,1.35194,326
2016-11-18 13:55:00,2016-11-18 13:56:00,1.35204,1.35244,1.35255,1.35204,1.35228,1.35264,1.3528,1.35228,726
2016-11-18 13:56:00,2016-11-18 13:57:00,1.35244,1.35285,1.35287,1.35222,1.35264,1.35307,1.35309,1.35245,972
2016-11-18 13:57:00,2016-11-18 13:58:00,1.35285,1.35287,1.35297,1.35249,1.35307,1.35308,1.35317,1.3527,690
2016-11-18 13:58:00,2016-11-18 13:59:00,1.35287,1.3524,1.35291,1.35223,1.35308,1.35264,1.35313,1.35248,867
2016-11-18 13:59:00,2016-11-18 14:00:00,1.3524,1.35215,1.35248,1.35195,1.35264,1.35238,1.35271,1.35217,738
2016-11-18 14:00:00,2016-11-18 14:01:00,1.35215,1.35241,1.35258,1.35212,1.35238,1.35266,1.35283,1.35234,720
2016-11-18 14:01:00,2016-11-18 14:02:00,1.35241,1.35248,1.35252,1.35219,1.35266,1.35272,1.35275,1.35241,448
2016-11-18 14:02:00,2016-11-18 14:03:00,1.35248,1.35203,1.35248,1.35191,1.35272,1.35226,1.35271,1.35215,532
2016-11-18 14:03:00,2016-11-18 14:04:00,1.35203,1.35163,1.35203,1.3516,1.35226,1.35188,1.35227,1.35182,690
2016-11-18 14:04:00,2016-11-18 14:05:00,1.35163,1.35187,1.35195,1.35164,1.35188,1.3521,1.35219,1.35186,430
2016-11-18 14:05:00,2016-11-18 14:06:00,1.35187,1.35194,1.35201,1.35172,1.3521,1.35218,1.35224,1.35193,606
2016-11-18 14:06:00,2016-11-18 14:07:00,1.35194,1.35202,1.35209,1.35177,1.35218,1.35222,1.35229,1.35197,393
2016-11-18 14:07:00,2016-11-18 14:08:00,1.35202,1.35212,1.35223,1.35199,1.35222,1.35233,1.35247,1.3522,729
2016-11-18 14:08:00,2016-11-18 14:09:00,1.35212,1.35251,1.35259,1.35202,1.35233,1.35273,1.3528,1.35221,562
2016-11-18 14:09:00,2016-11-18 14:10:00,1.35251,1.35212,1.35264,1.35212,1.35273,1.35237,1.35287,1.35236,792
2016-11-18 14:10:00,2016-11-18 14:11:00,1.35212,1.35126,1.35213,1.35125,1.35237,1.35151,1.35237,1.35148,691
2016-11-18 14:11:00,2016-11-18 14:12:00,1.35126,1.35162,1.35163,1.35125,1.35151,1.35184,1.35188,1.35151,456
2016-11-18 14:12:00,2016-11-18 14:13:00,1.35162,1.35121,1.35161,1.35117,1.35184,1.35144,1.35184,1.35142,358
2016-11-18 14:13:00,2016-11-18 14:14:00,1.35121,1.35109,1.35122,1.35076,1.35144,1.35133,1.35145,1.351,465
2016-11-18 14:14:00,2016-11-18 14:15:00,1.35109,1.35061,1.35109,1.35052,1.35133,1.35084,1.35134,1.35076,712
2016-11-18 14:15:00,2016-11-18 14:16:00,1.35061,1.35081,1.35083,1.35048,1.35084,1.35105,1.35108,1.35073,691
2016-11-18 14:16:00,2016-11-18 14:17:00,1.35081,1.35039,1.35088,1.35025,1.35105,1.3506,1.35112,1.35046,621
2016-11-18 14:17:00,2016-11-18 14:18:00,1.35039,1.35071,1.35074,1.35025,1.3506,1.35094,1.35096,1.35046,637
2016-11-18 14:18:00,2016-11-18 14:19:00,1.35071,1.35064,1.35071,1.35034,1.35094,1.35086,1.35095,1.35054,507
2016-11-18 14:19:00,2016-11-18 14:20:00,1.35064,1.35064,1.35085,1.35053,1.35086,1.35088,1.35108,1.35076,413
2016-11-18 14:20:00,2016-11-18 14:21:00,1.35064,1.35114,1.35144,1.35064,1.35088,1.35136,1.35165,1.35087,915
2016-11-18 14:21:00,2016-11-18 14:22:00,1.35114,1.35154,1.35156,1.35103,1.35136,1.35179,1.35179,1.35123,510
2016-11-18 14:22:00,2016-11-18 14:23:00,1.35154,1.35138,1.35168,1.35118,1.35179,1.35163,1.35191,1.35142,496
2016-11-18 14:23:00,2016-11-18 14:24:00,1.35138,1.35157,1.35185,1.35138,1.35163,1.35182,1.3521,1.35163,548
2016-11-18 14:24:00,2016-11-18 14:25:00,1.35157,1.35146,1.35174,1.35144,1.35182,1.35171,1.35198,1.35166,444
2016-11-18 14:25:00,2016-11-18 14:26:00,1.35146,1.35144,1.35168,1.35144,1.35171,1.35169,1.35193,1.35169,367
2016-11-18 14:26:00,2016-11-18 14:27:00,1.35144,1.35145,1.35163,1.35136,1.35169,1.3517,1.35186,1.35158,278
2016-11-18 14:27:00,2016-11-18 14:28:00,1.35145,1.35146,1.3517,1.35128,1.3517,1.3517,1.35196,1.3515,412
2016-11-18 14:28:00,2016-11-18 14:29:00,1.35146,1.35164,1.3517,1.35144,1.3517,1.35189,1.35194,1.35168,318
2016-11-18 14:29:00,2016-11-18 14:30:00,1.35164,1.35155,1.35183,1.35142,1.35189,1.35176,1.35208,1.35163,529
2016-11-18 14:30:00,2016-11-18 14:31:00,1.35155,1.35165,1.35183,1.35148,1.35176,1.35188,1.35207,1.35172,475
2016-11-18 14:31:00,2016-11-18 14:32:00,1.35165,1.35128,1.35172,1.35128,1.35188,1.35151,1.35193,1.3515,604
2016-11-18 14:32:00,2016-11-18 14:33:00,1.35128,1.35122,1.35136,1.35103,1.35151,1.35144,1.3516,1.35124,474
2016-11-18 14:33:00,2016-11-18 14:34:00,1.35122,1.3513,1.35139,1.35097,1.35144,1.35156,1.35164,1.35119,515
2016-11-18 14:34:00,2016-11-18 14:35:00,1.3513,1.35113,1.35144,1.35107,1.35156,1.35136,1.35169,1.35132,603
2016-11-18 14:35:00,2016-11-18 14:36:00,1.35113,1.35122,1.35141,1.35092,1.35136,1.35146,1.35163,1.35116,663
2016-11-18 14:36:00,2016-11-18 14:37:00,1.35122,1.35111,1.35139,1.35091,1.35146,1.35131,1.3516,1.35113,478
2016-11-18 14:37:00,2016-11-18 14:38:00,1.35111,1.35082,1.3511,1.35073,1.35131,1.35107,1.35131,1.35096,332
2016-11-18 14:38:00,2016-11-18 14:39:00,1.35082,1.35029,1.35093,1.35016,1.35107,1.35049,1.35117,1.35042,867
2016-11-18 14:39:00,2016-11-18 14:40:00,1.35029,1.35066,1.35077,1.35026,1.35049,1.35091,1.35103,1.35048,622
2016-11-18 14:40:00,2016-11-18 14:41:00,1.35066,1.35104,1.35111,1.35047,1.35091,1.35127,1.35133,1.35072,625
2016-11-18 14:41:00,2016-11-18 14:42:00,1.35104,1.35043,1.35103,1.35043,1.35127,1.35066,1.35129,1.35065,773
2016-11-18 14:42:00,2016-11-18 14:43:00,1.35043,1.35047,1.35057,1.35035,1.35066,1.35071,1.3508,1.35059,678
2016-11-18 14:43:00,2016-11-18 14:44:00,1.35047,1.35075,1.35076,1.35027,1.35071,1.35095,1.35097,1.35051,720
2016-11-18 14:44:00,2016-11-18 14:45:00,1.35075,1.35018,1.35089,1.35005,1.35095,1.35041,1.35109,1.35027,693
2016-11-18 14:45:00,2016-11-18 14:46:00,1.35018,1.34994,1.35018,1.34993,1.35041,1.35016,1.35041,1.35014,537
2016-11-18 14:46:00,2016-11-18 14:47:00,1.34994,1.35011,1.35025,1.34994,1.35016,1.35035,1.35048,1.35015,635
2016-11-18 14:47:00,2016-11-18 14:48:00,1.35011,1.35031,1.35041,1.34998,1.35035,1.35057,1.35065,1.35021,545
2016-11-18 14:48:00,2016-11-18 14:49:00,1.35031,1.35031,1.35049,1.35017,1.35057,1.35052,1.35072,1.35039,601
2016-11-18 14:49:00,2016-11-18 14:50:00,1.35031,1.34996,1.35032,1.34975,1.35052,1.35016,1.35053,1.34996,517
2016-11-18 14:50:00,2016-11-18 14:51:00,1.34996,1.35001,1.35014,1.34982,1.35016,1.35021,1.35034,1.35001,441
2016-11-18 14:51:00,2016-11-18 14:52:00,1.35001,1.35014,1.35031,1.34995,1.35021,1.35032,1.35051,1.35017,641
2016-11-18 14:52:00,2016-11-18 14:53:00,1.35014,1.35035,1.35043,1.35001,1.35032,1.35057,1.35066,1.35021,495
2016-11-18 14:53:00,2016-11-18 14:54:00,1.35035,1.35041,1.35046,1.35021,1.35057,1.35064,1.35068,1.35041,404
2016-11-18 14:54:00,2016-11-18 14:55:00,1.35041,1.35048,1.35063,1.35038,1.35064,1.35067,1.35087,1.3506,527
2016-11-18 14:55:00,2016-11-18 14:56:00,1.35048,1.35087,1.35093,1.35046,1.35067,1.35111,1.35116,1.35067,545
2016-11-18 14:56:00,2016-11-18 14:57:00,1.35087,1.35127,1.35131,1.35087,1.35111,1.3515,1.35152,1.35105,362
2016-11-18 14:57:00,2016-11-18 14:58:00,1.35127,1.35194,1.352,1.35125,1.3515,1.35217,1.35222,1.35146,446
2016-11-18 14:58:00,2016-11-18 14:59:00,1.35194,1.3523,1.35249,1.35188,1.35217,1.35252,1.35273,1.35205,627
2016-11-18 14:59:00,2016-11-18 15:00:00,1.3523,1.35237,1.35239,1.35191,1.35252,1.35259,1.35261,1.35213,374
2016-11-18 15:00:00,2016-11-18 15:01:00,1.35237,1.35255,1.35266,1.35236,1.35259,1.35275,1.35289,1.35256,525
2016-11-18 15:01:00,2016-11-18 15:02:00,1.35255,1.35265,1.35269,1.3523,1.35275,1.35289,1.35293,1.35248,595
2016-11-18 15:02:00,2016-11-18 15:03:00,1.35265,1.35213,1.35265,1.35213,1.35289,1.35236,1.3529,1.35235,423
2016-11-18 15:03:00,2016-11-18 15:04:00,1.35213,1.35255,1.35284,1.35203,1.35236,1.35278,1.35306,1.35224,690
2016-11-18 15:04:00,2016-11-18 15:05:00,1.35255,1.35259,1.35279,1.35253,1.35278,1.3528,1.35301,1.35276,430
2016-11-18 15:05:00,2016-11-18 15:06:00,1.35259,1.35313,1.35319,1.35259,1.3528,1.35337,1.3534,1.35281,653
2016-11-18 15:06:00,2016-11-18 15:07:00,1.35313,1.35266,1.35317,1.35266,1.35337,1.35289,1.3534,1.35289,481
2016-11-18 15:07:00,2016-11-18 15:08:00,1.35266,1.35259,1.35286,1.35245,1.35289,1.35281,1.35309,1.3527,403
2016-11-18 15:08:00,2016-11-18 15:09:00,1.35259,1.35299,1.35312,1.35258,1.35281,1.35318,1.35336,1.35281,1161
2016-11-18 15:09:00,2016-11-18 15:10:00,1.35299,1.35291,1.35321,1.3527,1.35318,1.35315,1.3534,1.35294,733
2016-11-18 15:10:00,2016-11-18 15:11:00,1.35291,1.35307,1.3534,1.35282,1.35315,1.35332,1.35366,1.35306,617
2016-11-18 15:11:00,2016-11-18 15:12:00,1.35307,1.35279,1.35311,1.35272,1.35332,1.35302,1.35335,1.35298,475
2016-11-18 15:12:00,2016-11-18 15:13:00,1.35279,1.35286,1.35289,1.35251,1.35302,1.3531,1.35311,1.35277,575
2016-11-18 15:13:00,2016-11-18 15:14:00,1.35286,1.3527,1.35289,1.35263,1.3531,1.35293,1.35311,1.35286,379
2016-11-18 15:14:00,2016-11-18 15:15:00,1.3527,1.35303,1.35316,1.35262,1.35293,1.35324,1.35338,1.35283,536
2016-11-18 15:15:00,2016-11-18 15:16:00,1.35303,1.35292,1.35312,1.35278,1.35324,1.35313,1.35335,1.35299,472
2016-11-18 15:16:00,2016-11-18 15:17:00,1.35292,1.35273,1.3529,1.35266,1.35313,1.35295,1.35313,1.3529,328
2016-11-18 15:17:00,2016-11-18 15:18:00,1.35273,1.35218,1.35274,1.35159,1.35295,1.3524,1.35296,1.35185,1048
2016-11-18 15:18:00,2016-11-18 15:19:00,1.35218,1.35193,1.3522,1.35176,1.3524,1.35216,1.35243,1.35199,592
2016-11-18 15:19:00,2016-11-18 15:20:00,1.35193,1.35191,1.35219,1.35189,1.35216,1.35217,1.35244,1.35213,417
2016-11-18 15:20:00,2016-11-18 15:21:00,1.35191,1.3523,1.35234,1.35191,1.35217,1.35252,1.35257,1.3521,411
2016-11-18 15:21:00,2016-11-18 15:22:00,1.3523,1.35231,1.35248,1.35219,1.35252,1.35252,1.35272,1.35241,410
2016-11-18 15:22:00,2016-11-18 15:23:00,1.35231,1.35284,1.35292,1.35208,1.35252,1.35307,1.35315,1.35231,779
2016-11-18 15:23:00,2016-11-18 15:24:00,1.35284,1.35224,1.35289,1.35223,1.35307,1.35248,1.35312,1.35247,497
2016-11-18 15:24:00,2016-11-18 15:25:00,1.35224,1.35217,1.35244,1.35214,1.35248,1.35242,1.35266,1.35237,596
2016-11-18 15:25:00,2016-11-18 15:26:00,1.35217,1.35193,1.35227,1.3519,1.35242,1.35218,1.35252,1.35213,594
2016-11-18 15:26:00,2016-11-18 15:27:00,1.35193,1.35196,1.35222,1.35191,1.35218,1.35219,1.35248,1.35214,630
2016-11-18 15:27:00,2016-11-18 15:28:00,1.35196,1.35213,1.35219,1.35191,1.35219,1.35234,1.35242,1.35213,567
2016-11-18 15:28:00,2016-11-18 15:29:00,1.35213,1.35226,1.35233,1.3519,1.35234,1.35246,1.35257,1.35213,519
2016-11-18 15:29:00,2016-11-18 15:30:00,1.35226,1.35251,1.35251,1.35223,1.35246,1.35272,1.35272,1.35241,393
2016-11-18 15:30:00,2016-11-18 15:31:00,1.35251,1.35239,1.35275,1.35236,1.35272,1.35263,1.35289,1.3526,373
2016-11-18 15:31:00,2016-11-18 15:32:00,1.35239,1.35244,1.35259,1.35228,1.35263,1.35267,1.35282,1.35251,487
2016-11-18 15:32:00,2016-11-18 15:33:00,1.35244,1.35292,1.35295,1.35243,1.35267,1.35315,1.35316,1.35265,563
2016-11-18 15:33:00,2016-11-18 15:34:00,1.35292,1.35319,1.35322,1.35264,1.35315,1.35341,1.35342,1.35286,929
2016-11-18 15:34:00,2016-11-18 15:35:00,1.35319,1.35357,1.35362,1.35311,1.35341,1.35379,1.35382,1.35332,711
2016-11-18 15:35:00,2016-11-18 15:36:00,1.35357,1.35364,1.3539,1.35357,1.35379,1.35385,1.3541,1.35377,1010
2016-11-18 15:36:00,2016-11-18 15:37:00,1.35364,1.35375,1.3538,1.35355,1.35385,1.35396,1.354,1.35376,727
2016-11-18 15:37:00,2016-11-18 15:38:00,1.35375,1.35362,1.3538,1.35341,1.35396,1.35384,1.35402,1.35367,712
2016-11-18 15:38:00,2016-11-18 15:39:00,1.35362,1.35351,1.35366,1.35329,1.35384,1.35373,1.35388,1.35353,773
2016-11-18 15:39:00,2016-11-18 15:40:00,1.35351,1.35327,1.35352,1.35311,1.35373,1.35352,1.35376,1.35333,649
2016-11-18 15:40:00,2016-11-18 15:41:00,1.35327,1.35329,1.35346,1.35318,1.35352,1.35353,1.3537,1.35343,646
2016-11-18 15:41:00,2016-11-18 15:42:00,1.35329,1.35371,1.35371,1.35309,1.35353,1.35392,1.35394,1.35331,816
2016-11-18 15:42:00,2016-11-18 15:43:00,1.35371,1.35357,1.35376,1.35341,1.35392,1.35382,1.354,1.35365,641
2016-11-18 15:43:00,2016-11-18 15:44:00,1.35357,1.35352,1.35359,1.35328,1.35382,1.35372,1.35382,1.35344,816
2016-11-18 15:44:00,2016-11-18 15:45:00,1.35352,1.35382,1.3539,1.35346,1.35372,1.35406,1.35408,1.35366,1072
2016-11-18 15:45:00,2016-11-18 15:46:00,1.35382,1.35367,1.35382,1.35348,1.35406,1.3539,1.35406,1.3537,553
2016-11-18 15:46:00,2016-11-18 15:47:00,1.35367,1.35324,1.35367,1.35293,1.3539,1.35347,1.35389,1.35317,684
2016-11-18 15:47:00,2016-11-18 15:48:00,1.35324,1.35367,1.35376,1.3531,1.35347,1.35388,1.35397,1.35334,850
2016-11-18 15:48:00,2016-11-18 15:49:00,1.35367,1.3537,1.35385,1.35362,1.35388,1.35393,1.35409,1.35381,642
2016-11-18 15:49:00,2016-11-18 15:50:00,1.3537,1.35343,1.35383,1.35343,1.35393,1.35367,1.35406,1.35366,749
2016-11-18 15:50:00,2016-11-18 15:51:00,1.35343,1.35346,1.35364,1.35328,1.35367,1.35368,1.35389,1.35351,792
2016-11-18 15:51:00,2016-11-18 15:52:00,1.35346,1.35347,1.35374,1.35335,1.35368,1.35371,1.35396,1.35358,791
2016-11-18 15:52:00,2016-11-18 15:53:00,1.35347,1.35299,1.35346,1.3529,1.35371,1.35323,1.35371,1.35315,568
2016-11-18 15:53:00,2016-11-18 15:54:00,1.35299,1.353,1.35322,1.35296,1.35323,1.35323,1.35343,1.3532,561
2016-11-18 15:54:00,2016-11-18 15:55:00,1.353,1.35317,1.35317,1.35271,1.35323,1.35338,1.35338,1.35295,880
2016-11-18 15:55:00,2016-11-18 15:56:00,1.35317,1.35313,1.35326,1.35279,1.35338,1.35335,1.35347,1.35305,854
2016-11-18 15:56:00,2016-11-18 15:57:00,1.35313,1.35242,1.3533,1.35237,1.35335,1.35265,1.35354,1.35262,851
2016-11-18 15:57:00,2016-11-18 15:58:00,1.35242,1.35185,1.35243,1.35166,1.35265,1.35206,1.35266,1.35188,959
2016-11-18 15:58:00,2016-11-18 15:59:00,1.35185,1.35184,1.35236,1.35165,1.35206,1.35205,1.35256,1.35184,1230
2016-11-18 15:59:00,2016-11-18 16:00:00,1.35184,1.352,1.352,1.35144,1.35205,1.35223,1.35223,1.35166,987
2016-11-18 16:00:00,2016-11-18 16:01:00,1.352,1.35198,1.35218,1.35175,1.35223,1.35219,1.35239,1.35194,820
2016-11-18 16:01:00,2016-11-18 16:02:00,1.35198,1.35201,1.35227,1.35182,1.35219,1.35223,1.35247,1.35206,618
2016-11-18 16:02:00,2016-11-18 16:03:00,1.35201,1.35173,1.35201,1.35162,1.35223,1.35197,1.35223,1.35181,341
2016-11-18 16:03:00,2016-11-18 16:04:00,1.35173,1.35146,1.35178,1.35114,1.35197,1.35169,1.352,1.35134,640
2016-11-18 16:04:00,2016-11-18 16:05:00,1.35146,1.3514,1.35176,1.35131,1.35169,1.35158,1.352,1.35152,437
2016-11-18 16:05:00,2016-11-18 16:06:00,1.3514,1.35155,1.35176,1.35136,1.35158,1.35177,1.352,1.35156,423
2016-11-18 16:06:00,2016-11-18 16:07:00,1.35155,1.35189,1.352,1.35154,1.35177,1.35212,1.35225,1.35175,504
2016-11-18 16:07:00,2016-11-18 16:08:00,1.35189,1.35175,1.35194,1.3516,1.35212,1.352,1.35218,1.35181,355
2016-11-18 16:08:00,2016-11-18 16:09:00,1.35175,1.35201,1.35209,1.35167,1.352,1.35224,1.35233,1.35191,304
2016-11-18 16:09:00,2016-11-18 16:10:00,1.35201,1.35219,1.35225,1.35183,1.35224,1.3524,1.35249,1.35206,334
2016-11-18 16:10:00,2016-11-18 16:11:00,1.35219,1.35184,1.35238,1.3518,1.3524,1.35204,1.35257,1.35203,531
2016-11-18 16:11:00,2016-11-18 16:12:00,1.35184,1.35184,1.35211,1.35181,1.35204,1.35204,1.35234,1.35203,438
2016-11-18 16:12:00,2016-11-18 16:13:00,1.35184,1.3517,1.3519,1.35166,1.35204,1.35195,1.35215,1.35189,385
2016-11-18 16:13:00,2016-11-18 16:14:00,1.3517,1.35208,1.35209,1.35161,1.35195,1.35231,1.35231,1.35184,419
2016-11-18 16:14:00,2016-11-18 16:15:00,1.35208,1.35229,1.35245,1.35204,1.35231,1.35253,1.35266,1.35227,351
2016-11-18 16:15:00,2016-11-18 16:16:00,1.35229,1.35239,1.35245,1.35217,1.35253,1.35261,1.35264,1.35239,262
2016-11-18 16:16:00,2016-11-18 16:17:00,1.35239,1.35212,1.35245,1.35182,1.35261,1.35235,1.35267,1.35202,506
2016-11-18 16:17:00,2016-11-18 16:18:00,1.35212,1.35233,1.35238,1.35207,1.35235,1.35256,1.3526,1.35231,546
2016-11-18 16:18:00,2016-11-18 16:19:00,1.35233,1.352,1.35249,1.35189,1.35256,1.35224,1.35272,1.35213,893
2016-11-18 16:19:00,2016-11-18 16:20:00,1.352,1.35235,1.35238,1.352,1.35224,1.35254,1.35258,1.35225,682
2016-11-18 16:20:00,2016-11-18 16:21:00,1.35235,1.35233,1.35246,1.35217,1.35254,1.3525,1.35263,1.35237,729
2016-11-18 16:21:00,2016-11-18 16:22:00,1.35233,1.35212,1.35233,1.35199,1.3525,1.35232,1.35254,1.3522,386
2016-11-18 16:22:00,2016-11-18 16:23:00,1.35212,1.35228,1.35244,1.3521,1.35232,1.3525,1.35268,1.35232,559
2016-11-18 16:23:00,2016-11-18 16:24:00,1.35228,1.35249,1.35253,1.35179,1.3525,1.35271,1.35276,1.35202,919
2016-11-18 16:24:00,2016-11-18 16:25:00,1.35249,1.35254,1.35265,1.35245,1.35271,1.35278,1.35289,1.35268,631
2016-11-18 16:25:00,2016-11-18 16:26:00,1.35254,1.35235,1.35273,1.35234,1.35278,1.35259,1.35298,1.35258,615
2016-11-18 16:26:00,2016-11-18 16:27:00,1.35235,1.35206,1.35246,1.35204,1.35259,1.35231,1.3527,1.35228,599
2016-11-18 16:27:00,2016-11-18 16:28:00,1.35206,1.35174,1.35218,1.3516,1.35231,1.35198,1.35241,1.35183,791
2016-11-18 16:28:00,2016-11-18 16:29:00,1.35174,1.35172,1.35188,1.3516,1.35198,1.35193,1.35212,1.35182,648
2016-11-18 16:29:00,2016-11-18 16:30:00,1.35172,1.35155,1.35172,1.35146,1.35193,1.35178,1.35194,1.35171,512
2016-11-18 16:30:00,2016-11-18 16:31:00,1.35155,1.35185,1.35185,1.35149,1.35178,1.35206,1.35206,1.35169,369
2016-11-18 16:31:00,2016-11-18 16:32:00,1.35185,1.35185,1.35195,1.35177,1.35206,1.35204,1.35215,1.35196,466
2016-11-18 16:32:00,2016-11-18 16:33:00,1.35185,1.35161,1.35189,1.35153,1.35204,1.35185,1.35213,1.35176,588
2016-11-18 16:33:00,2016-11-18 16:34:00,1.35161,1.35204,1.35205,1.35152,1.35185,1.35227,1.35227,1.35177,521
2016-11-18 16:34:00,2016-11-18 16:35:00,1.35204,1.35136,1.35205,1.35131,1.35227,1.35159,1.35227,1.35158,834
2016-11-18 16:35:00,2016-11-18 16:36:00,1.35136,1.3516,1.35171,1.35134,1.35159,1.35185,1.35197,1.35158,609
2016-11-18 16:36:00,2016-11-18 16:37:00,1.3516,1.35143,1.35175,1.35134,1.35185,1.35167,1.35197,1.35158,661
2016-11-18 16:37:00,2016-11-18 16:38:00,1.35143,1.35122,1.3515,1.35106,1.35167,1.35144,1.35172,1.35125,517
2016-11-18 16:38:00,2016-11-18 16:39:00,1.35122,1.35146,1.35161,1.35123,1.35144,1.35167,1.35182,1.35143,632
2016-11-18 16:39:00,2016-11-18 16:40:00,1.35146,1.35162,1.35175,1.35131,1.35167,1.35186,1.35197,1.35151,541
2016-11-18 16:40:00,2016-11-18 16:41:00,1.35162,1.35201,1.35212,1.3516,1.35186,1.35223,1.35235,1.35184,534
2016-11-18 16:41:00,2016-11-18 16:42:00,1.35201,1.35194,1.3521,1.3518,1.35223,1.3522,1.35232,1.35205,576
2016-11-18 16:42:00,2016-11-18 16:43:00,1.35194,1.35203,1.35228,1.35191,1.3522,1.35225,1.35251,1.35216,477
2016-11-18 16:43:00,2016-11-18 16:44:00,1.35203,1.35215,1.35251,1.35202,1.35225,1.35238,1.35274,1.35225,746
2016-11-18 16:44:00,2016-11-18 16:45:00,1.35215,1.35224,1.3524,1.3521,1.35238,1.35248,1.35264,1.35234,495
2016-11-18 16:45:00,2016-11-18 16:46:00,1.35224,1.35204,1.35226,1.35199,1.35248,1.35227,1.35251,1.35218,497
2016-11-18 16:46:00,2016-11-18 16:47:00,1.35204,1.35193,1.35208,1.35181,1.35227,1.35217,1.35228,1.35206,417
2016-11-18 16:47:00,2016-11-18 16:48:00,1.35193,1.35191,1.35201,1.35189,1.35217,1.35214,1.35223,1.3521,327
2016-11-18 16:48:00,2016-11-18 16:49:00,1.35191,1.35198,1.35203,1.35185,1.35214,1.35223,1.35226,1.35207,390
2016-11-18 16:49:00,2016-11-18 16:50:00,1.35198,1.35144,1.35201,1.35135,1.35223,1.35167,1.35226,1.3516,588
2016-11-18 16:50:00,2016-11-18 16:51:00,1.35144,1.35194,1.35203,1.35135,1.35167,1.35219,1.35226,1.35159,690
2016-11-18 16:51:00,2016-11-18 16:52:00,1.35194,1.35185,1.35194,1.35172,1.35219,1.35211,1.3522,1.35197,361
2016-11-18 16:52:00,2016-11-18 16:53:00,1.35185,1.35194,1.35208,1.3518,1.35211,1.35217,1.35227,1.35207,260
2016-11-18 16:53:00,2016-11-18 16:54:00,1.35194,1.35173,1.35202,1.35159,1.35217,1.35196,1.35224,1.35184,374
2016-11-18 16:54:00,2016-11-18 16:55:00,1.35173,1.35187,1.35192,1.35142,1.35196,1.35208,1.35213,1.35165,446
2016-11-18 16:55:00,2016-11-18 16:56:00,1.35187,1.352,1.35213,1.35183,1.35208,1.35225,1.35235,1.35205,509
2016-11-18 16:56:00,2016-11-18 16:57:00,1.352,1.35155,1.352,1.3514,1.35225,1.35178,1.35224,1.35162,485
2016-11-18 16:57:00,2016-11-18 16:58:00,1.35155,1.35138,1.35155,1.35137,1.35178,1.35159,1.35177,1.35156,230
2016-11-18 16:58:00,2016-11-18 16:59:00,1.35138,1.35173,1.35185,1.35135,1.35159,1.35195,1.35204,1.35157,459
2016-11-18 16:59:00,2016-11-18 17:00:00,1.35173,1.35183,1.35193,1.35172,1.35195,1.35204,1.35215,1.35194,349
2016-11-18 17:00:00,2016-11-18 17:01:00,1.35183,1.35153,1.35184,1.35153,1.35204,1.35178,1.35208,1.35178,324
2016-11-18 17:01:00,2016-11-18 17:02:00,1.35153,1.35148,1.35159,1.3514,1.35178,1.35172,1.3518,1.35164,373
2016-11-18 17:02:00,2016-11-18 17:03:00,1.35148,1.35153,1.35154,1.35143,1.35172,1.35175,1.35178,1.35167,175
2016-11-18 17:03:00,2016-11-18 17:04:00,1.35153,1.35181,1.35181,1.35143,1.35175,1.35204,1.35206,1.35167,258
2016-11-18 17:04:00,2016-11-18 17:05:00,1.35181,1.35138,1.35182,1.35136,1.35204,1.3516,1.35207,1.35158,470
2016-11-18 17:05:00,2016-11-18 17:06:00,1.35138,1.35115,1.3514,1.35108,1.3516,1.35138,1.35161,1.35134,370
2016-11-18 17:06:00,2016-11-18 17:07:00,1.35115,1.35107,1.35129,1.35103,1.35138,1.35133,1.35152,1.35129,228
2016-11-18 17:07:00,2016-11-18 17:08:00,1.35107,1.35097,1.3511,1.35093,1.35133,1.35118,1.35133,1.35112,187
2016-11-18 17:08:00,2016-11-18 17:09:00,1.35097,1.35042,1.35098,1.35033,1.35118,1.35067,1.35118,1.35055,499
2016-11-18 17:09:00,2016-11-18 17:10:00,1.35042,1.35043,1.35055,1.35033,1.35067,1.35068,1.35077,1.35057,360
2016-11-18 17:10:00,2016-11-18 17:11:00,1.35043,1.35048,1.35055,1.35036,1.35068,1.35072,1.35077,1.35058,327
2016-11-18 17:11:00,2016-11-18 17:12:00,1.35048,1.35034,1.35056,1.35024,1.35072,1.35057,1.3508,1.35047,362
2016-11-18 17:12:00,2016-11-18 17:13:00,1.35034,1.35061,1.35067,1.35033,1.35057,1.35083,1.3509,1.35056,432
2016-11-18 17:13:00,2016-11-18 17:14:00,1.35061,1.35057,1.35067,1.35056,1.35083,1.35078,1.3509,1.35077,345
2016-11-18 17:14:00,2016-11-18 17:15:00,1.35057,1.3507,1.35072,1.35036,1.35078,1.35092,1.35096,1.35057,356
2016-11-18 17:15:00,2016-11-18 17:16:00,1.3507,1.35073,1.35087,1.35067,1.35092,1.35096,1.35111,1.3509,327
2016-11-18 17:16:00,2016-11-18 17:17:00,1.35073,1.35104,1.35104,1.35072,1.35096,1.35123,1.35124,1.35095,247
2016-11-18 17:17:00,2016-11-18 17:18:00,1.35104,1.351,1.3512,1.35093,1.35123,1.3512,1.35139,1.35115,304
2016-11-18 17:18:00,2016-11-18 17:19:00,1.351,1.35095,1.35106,1.3508,1.3512,1.35119,1.35128,1.35097,280
2016-11-18 17:19:00,2016-11-18 17:20:00,1.35095,1.35103,1.3511,1.35072,1.35119,1.35124,1.35134,1.35095,389
2016-11-18 17:20:00,2016-11-18 17:21:00,1.35103,1.35095,1.35107,1.3509,1.35124,1.35116,1.35128,1.35113,296
2016-11-18 17:21:00,2016-11-18 17:22:00,1.35095,1.35101,1.35101,1.35093,1.35116,1.35123,1.35123,1.35116,123
2016-11-18 17:22:00,2016-11-18 17:23:00,1.35101,1.35087,1.35099,1.35086,1.35123,1.35112,1.35123,1.35108,136
2016-11-18 17:23:00,2016-11-18 17:24:00,1.35087,1.35088,1.35099,1.35071,1.35112,1.35113,1.35121,1.35095,391
2016-11-18 17:24:00,2016-11-18 17:25:00,1.35088,1.35054,1.35089,1.35051,1.35113,1.35077,1.35113,1.35075,373
2016-11-18 17:25:00,2016-11-18 17:26:00,1.35054,1.35058,1.35067,1.35053,1.35077,1.3508,1.35089,1.35075,217
2016-11-18 17:26:00,2016-11-18 17:27:00,1.35058,1.35072,1.35072,1.35059,1.3508,1.35095,1.35095,1.3508,159
2016-11-18 17:27:00,2016-11-18 17:28:00,1.35072,1.35068,1.35072,1.35034,1.35095,1.35088,1.35094,1.35057,600
2016-11-18 17:28:00,2016-11-18 17:29:00,1.35068,1.35063,1.35071,1.35059,1.35088,1.35083,1.35091,1.35078,241
2016-11-18 17:29:00,2016-11-18 17:30:00,1.35063,1.35017,1.35063,1.35004,1.35083,1.3504,1.35082,1.35025,444
2016-11-18 17:30:00,2016-11-18 17:31:00,1.35017,1.35022,1.35026,1.3501,1.3504,1.35044,1.3505,1.35033,338
2016-11-18 17:31:00,2016-11-18 17:32:00,1.35022,1.35023,1.35036,1.35021,1.35044,1.35043,1.35058,1.35043,323
2016-11-18 17:32:00,2016-11-18 17:33:00,1.35023,1.35014,1.35025,1.35007,1.35043,1.35038,1.35044,1.35028,361
2016-11-18 17:33:00,2016-11-18 17:34:00,1.35014,1.35017,1.35019,1.35012,1.35038,1.35041,1.35042,1.35034,188
2016-11-18 17:34:00,2016-11-18 17:35:00,1.35017,1.34982,1.35026,1.34969,1.35041,1.35004,1.3505,1.34994,598
2016-11-18 17:35:00,2016-11-18 17:36:00,1.34982,1.3498,1.34997,1.34968,1.35004,1.35004,1.35022,1.34992,311
2016-11-18 17:36:00,2016-11-18 17:37:00,1.3498,1.34985,1.35015,1.3498,1.35004,1.35009,1.35039,1.35003,415
2016-11-18 17:37:00,2016-11-18 17:38:00,1.34985,1.34973,1.35,1.34969,1.35009,1.34997,1.35025,1.34994,410
2016-11-18 17:38:00,2016-11-18 17:39:00,1.34973,1.35011,1.35017,1.3497,1.34997,1.35031,1.35042,1.34994,429
2016-11-18 17:39:00,2016-11-18 17:40:00,1.35011,1.35017,1.35026,1.35004,1.35031,1.35041,1.35049,1.35029,194
2016-11-18 17:40:00,2016-11-18 17:41:00,1.35017,1.35028,1.3503,1.35002,1.35041,1.35052,1.35052,1.35025,470
2016-11-18 17:41:00,2016-11-18 17:42:00,1.35028,1.35031,1.35046,1.35016,1.35052,1.35056,1.35071,1.35038,450
2016-11-18 17:42:00,2016-11-18 17:43:00,1.35031,1.35032,1.35044,1.3503,1.35056,1.35052,1.35068,1.35051,289
2016-11-18 17:43:00,2016-11-18 17:44:00,1.35032,1.35039,1.35046,1.35026,1.35052,1.3506,1.35071,1.35049,221
2016-11-18 17:44:00,2016-11-18 17:45:00,1.35039,1.35066,1.35068,1.35034,1.3506,1.35091,1.35091,1.35057,335
2016-11-18 17:45:00,2016-11-18 17:46:00,1.35066,1.35072,1.35074,1.35061,1.35091,1.35094,1.35097,1.3508,231
2016-11-18 17:46:00,2016-11-18 17:47:00,1.35072,1.3507,1.35092,1.35061,1.35094,1.35092,1.35115,1.35084,709
2016-11-18 17:47:00,2016-11-18 17:48:00,1.3507,1.35056,1.35071,1.35054,1.35092,1.35077,1.35094,1.35075,370
2016-11-18 17:48:00,2016-11-18 17:49:00,1.35056,1.35053,1.35067,1.35035,1.35077,1.35078,1.3509,1.35056,333
2016-11-18 17:49:00,2016-11-18 17:50:00,1.35053,1.35063,1.35065,1.35043,1.35078,1.35088,1.35089,1.35067,228
2016-11-18 17:50:00,2016-11-18 17:51:00,1.35063,1.3502,1.35063,1.35014,1.35088,1.35041,1.35086,1.35037,264
2016-11-18 17:51:00,2016-11-18 17:52:00,1.3502,1.35016,1.35025,1.35005,1.35041,1.35035,1.35049,1.35025,282
2016-11-18 17:52:00,2016-11-18 17:53:00,1.35016,1.34983,1.35019,1.3498,1.35035,1.35003,1.35039,1.35,337
2016-11-18 17:53:00,2016-11-18 17:54:00,1.34983,1.3498,1.34989,1.34976,1.35003,1.34998,1.35009,1.34996,260
2016-11-18 17:54:00,2016-11-18 17:55:00,1.3498,1.34918,1.3499,1.34916,1.34998,1.34941,1.35005,1.34938,517
2016-11-18 17:55:00,2016-11-18 17:56:00,1.34918,1.34962,1.34962,1.34918,1.34941,1.34983,1.34983,1.34937,392
2016-11-18 17:56:00,2016-11-18 17:57:00,1.34962,1.34962,1.34967,1.34952,1.34983,1.34984,1.34987,1.34973,321
2016-11-18 17:57:00,2016-11-18 17:58:00,1.34962,1.34993,1.34993,1.34959,1.34984,1.35016,1.35016,1.34977,180
2016-11-18 17:58:00,2016-11-18 17:59:00,1.34993,1.35001,1.35013,1.34989,1.35016,1.35026,1.35036,1.35011,308
2016-11-18 17:59:00,2016-11-18 18:00:00,1.35001,1.35069,1.35069,1.35002,1.35026,1.35091,1.35091,1.35027,832
2016-11-18 18:00:00,2016-11-18 18:01:00,1.35069,1.35068,1.3508,1.35052,1.35091,1.3509,1.35104,1.35072,494
2016-11-18 18:01:00,2016-11-18 18:02:00,1.35068,1.35082,1.35084,1.35065,1.3509,1.35101,1.35107,1.3508,261
2016-11-18 18:02:00,2016-11-18 18:03:00,1.35082,1.35103,1.35105,1.35074,1.35101,1.35123,1.35125,1.35095,200
2016-11-18 18:03:00,2016-11-18 18:04:00,1.35103,1.35089,1.35104,1.35081,1.35123,1.35113,1.35123,1.35103,227
2016-11-18 18:04:00,2016-11-18 18:05:00,1.35089,1.35101,1.35105,1.35088,1.35113,1.35125,1.35128,1.35112,327
2016-11-18 18:05:00,2016-11-18 18:06:00,1.35101,1.35117,1.35137,1.35094,1.35125,1.35142,1.3516,1.35117,467
2016-11-18 18:06:00,2016-11-18 18:07:00,1.35117,1.35099,1.35116,1.35091,1.35142,1.35124,1.35142,1.35116,205
2016-11-18 18:07:00,2016-11-18 18:08:00,1.35099,1.35093,1.35113,1.35088,1.35124,1.35115,1.35135,1.3511,254
2016-11-18 18:08:00,2016-11-18 18:09:00,1.35093,1.35071,1.35096,1.3507,1.35115,1.35094,1.35118,1.35089,445
2016-11-18 18:09:00,2016-11-18 18:10:00,1.35071,1.35049,1.35077,1.35048,1.35094,1.35074,1.351,1.35074,189
2016-11-18 18:10:00,2016-11-18 18:11:00,1.35049,1.3506,1.35082,1.35049,1.35074,1.35082,1.35106,1.35075,257
2016-11-18 18:11:00,2016-11-18 18:12:00,1.3506,1.35096,1.35097,1.35058,1.35082,1.35117,1.35117,1.35081,283
2016-11-18 18:12:00,2016-11-18 18:13:00,1.35096,1.35106,1.35125,1.35085,1.35117,1.35131,1.35146,1.35111,411
2016-11-18 18:13:00,2016-11-18 18:14:00,1.35106,1.35105,1.35128,1.3508,1.35131,1.35127,1.35152,1.35104,330
2016-11-18 18:14:00,2016-11-18 18:15:00,1.35105,1.3509,1.35107,1.35089,1.35127,1.35113,1.35131,1.35112,218
2016-11-18 18:15:00,2016-11-18 18:16:00,1.3509,1.35056,1.35104,1.35056,1.35113,1.3508,1.35129,1.3508,277
2016-11-18 18:16:00,2016-11-18 18:17:00,1.35056,1.35025,1.35066,1.35014,1.3508,1.3505,1.3509,1.35039,564
2016-11-18 18:17:00,2016-11-18 18:18:00,1.35025,1.35017,1.35036,1.35014,1.3505,1.35039,1.35058,1.35037,173
2016-11-18 18:18:00,2016-11-18 18:19:00,1.35017,1.3501,1.35023,1.35006,1.35039,1.35033,1.35043,1.35026,127
2016-11-18 18:19:00,2016-11-18 18:20:00,1.3501,1.3499,1.35014,1.34978,1.35033,1.35011,1.35036,1.35003,164
2016-11-18 18:20:00,2016-11-18 18:21:00,1.3499,1.35005,1.3501,1.34991,1.35011,1.35028,1.35031,1.35011,129
2016-11-18 18:21:00,2016-11-18 18:22:00,1.35005,1.35019,1.35021,1.34997,1.35028,1.35039,1.3504,1.35014,259
2016-11-18 18:22:00,2016-11-18 18:23:00,1.35019,1.34982,1.35024,1.34981,1.35039,1.35006,1.35046,1.35006,230
2016-11-18 18:23:00,2016-11-18 18:24:00,1.34982,1.3497,1.34982,1.34966,1.35006,1.34992,1.35007,1.34989,164
2016-11-18 18:24:00,2016-11-18 18:25:00,1.3497,1.34974,1.34974,1.34961,1.34992,1.34995,1.34997,1.34982,242
2016-11-18 18:25:00,2016-11-18 18:26:00,1.34974,1.34989,1.35001,1.34968,1.34995,1.35013,1.3502,1.34993,338
2016-11-18 18:26:00,2016-11-18 18:27:00,1.34989,1.34991,1.34998,1.34987,1.35013,1.35018,1.35022,1.35013,168
2016-11-18 18:27:00,2016-11-18 18:28:00,1.34991,1.34974,1.34992,1.34967,1.35018,1.34999,1.35018,1.34993,270
2016-11-18 18:28:00,2016-11-18 18:29:00,1.34974,1.34965,1.34977,1.34965,1.34999,1.34991,1.35001,1.3499,164
2016-11-18 18:29:00,2016-11-18 18:30:00,1.34965,1.34961,1.34974,1.34954,1.34991,1.34985,1.34998,1.34978,228
2016-11-18 18:30:00,2016-11-18 18:31:00,1.34961,1.34964,1.34972,1.3495,1.34985,1.34986,1.34996,1.34976,338
2016-11-18 18:31:00,2016-11-18 18:32:00,1.34964,1.34953,1.34968,1.34944,1.34986,1.34979,1.34989,1.34968,286
2016-11-18 18:32:00,2016-11-18 18:33:00,1.34953,1.34953,1.3496,1.3495,1.34979,1.34978,1.34985,1.34974,180
2016-11-18 18:33:00,2016-11-18 18:34:00,1.34953,1.34953,1.34985,1.34952,1.34978,1.34977,1.35008,1.34974,440
2016-11-18 18:34:00,2016-11-18 18:35:00,1.34953,1.34979,1.34981,1.34951,1.34977,1.35,1.35003,1.34973,116
2016-11-18 18:35:00,2016-11-18 18:36:00,1.34979,1.34969,1.34993,1.34967,1.35,1.34994,1.35017,1.34991,427
2016-11-18 18:36:00,2016-11-18 18:37:00,1.34969,1.34958,1.34973,1.34952,1.34994,1.34979,1.34998,1.34976,209
2016-11-18 18:37:00,2016-11-18 18:38:00,1.34958,1.34962,1.34973,1.34957,1.34979,1.34986,1.34996,1.3498,192
2016-11-18 18:38:00,2016-11-18 18:39:00,1.34962,1.34981,1.34982,1.34953,1.34986,1.35005,1.35006,1.34976,378
2016-11-18 18:39:00,2016-11-18 18:40:00,1.34981,1.34985,1.34985,1.34969,1.35005,1.35006,1.35009,1.34995,146
2016-11-18 18:40:00,2016-11-18 18:41:00,1.34985,1.34974,1.34986,1.3497,1.35006,1.35001,1.35009,1.34994,288
2016-11-18 18:41:00,2016-11-18 18:42:00,1.34974,1.3497,1.34976,1.34968,1.35001,1.34995,1.35002,1.3499,145
2016-11-18 18:42:00,2016-11-18 18:43:00,1.3497,1.34947,1.34971,1.34938,1.34995,1.34972,1.34997,1.34964,259
2016-11-18 18:43:00,2016-11-18 18:44:00,1.34947,1.34962,1.34964,1.34947,1.34972,1.34988,1.34988,1.34972,119
2016-11-18 18:44:00,2016-11-18 18:45:00,1.34962,1.34959,1.34967,1.34958,1.34988,1.34985,1.34989,1.34983,57
2016-11-18 18:45:00,2016-11-18 18:46:00,1.34959,1.34969,1.34971,1.34948,1.34985,1.34995,1.34996,1.34971,250
2016-11-18 18:46:00,2016-11-18 18:47:00,1.34969,1.34974,1.3498,1.34965,1.34995,1.34999,1.35005,1.34989,280
2016-11-18 18:47:00,2016-11-18 18:48:00,1.34974,1.34963,1.34985,1.34941,1.34999,1.34986,1.35006,1.34965,463
2016-11-18 18:48:00,2016-11-18 18:49:00,1.34963,1.3495,1.34963,1.3495,1.34986,1.34973,1.34986,1.34972,197
2016-11-18 18:49:00,2016-11-18 18:50:00,1.3495,1.34957,1.34958,1.3493,1.34973,1.3498,1.34983,1.3495,402
2016-11-18 18:50:00,2016-11-18 18:51:00,1.34957,1.34944,1.34956,1.34935,1.3498,1.34968,1.3498,1.34956,371
2016-11-18 18:51:00,2016-11-18 18:52:00,1.34944,1.34965,1.34973,1.34944,1.34968,1.34986,1.34997,1.34966,162
2016-11-18 18:52:00,2016-11-18 18:53:00,1.34965,1.34974,1.34975,1.34959,1.34986,1.34995,1.34997,1.34975,180
2016-11-18 18:53:00,2016-11-18 18:54:00,1.34974,1.34982,1.34985,1.34969,1.34995,1.35007,1.35007,1.3499,134
2016-11-18 18:54:00,2016-11-18 18:55:00,1.34982,1.35025,1.35025,1.34989,1.35007,1.35046,1.35049,1.35007,294
2016-11-18 18:55:00,2016-11-18 18:56:00,1.35025,1.35026,1.35045,1.35019,1.35046,1.35046,1.35059,1.3504,238
2016-11-18 18:56:00,2016-11-18 18:57:00,1.35026,1.35018,1.35025,1.35011,1.35046,1.35041,1.35047,1.35031,259
2016-11-18 18:57:00,2016-11-18 18:58:00,1.35018,1.35009,1.35024,1.35007,1.35041,1.35032,1.35047,1.35028,179
2016-11-18 18:58:00,2016-11-18 18:59:00,1.35009,1.35009,1.35012,1.35001,1.35032,1.35032,1.35034,1.35023,265
2016-11-18 18:59:00,2016-11-18 19:00:00,1.35009,1.35004,1.35013,1.35001,1.35032,1.35026,1.35037,1.3502,168
2016-11-18 19:00:00,2016-11-18 19:01:00,1.35004,1.35009,1.35014,1.35002,1.35026,1.35033,1.35037,1.35024,131
2016-11-18 19:01:00,2016-11-18 19:02:00,1.35009,1.35011,1.35014,1.35001,1.35033,1.35033,1.35036,1.35024,289
2016-11-18 19:02:00,2016-11-18 19:03:00,1.35011,1.35017,1.3503,1.35011,1.35033,1.35038,1.35053,1.35034,306
2016-11-18 19:03:00,2016-11-18 19:04:00,1.35017,1.3502,1.35029,1.35016,1.35038,1.35039,1.35051,1.35037,180
2016-11-18 19:04:00,2016-11-18 19:05:00,1.3502,1.35016,1.35019,1.35003,1.35039,1.35034,1.3504,1.35022,153
2016-11-18 19:05:00,2016-11-18 19:06:00,1.35016,1.35019,1.3502,1.35005,1.35034,1.3504,1.35041,1.35025,222
2016-11-18 19:06:00,2016-11-18 19:07:00,1.35019,1.35023,1.35027,1.35017,1.3504,1.35042,1.35046,1.35037,62
2016-11-18 19:07:00,2016-11-18 19:08:00,1.35023,1.35024,1.35026,1.35019,1.35042,1.35042,1.35045,1.35039,68
2016-11-18 19:08:00,2016-11-18 19:09:00,1.35024,1.35045,1.35064,1.35012,1.35042,1.35067,1.35083,1.35032,295
2016-11-18 19:09:00,2016-11-18 19:10:00,1.35045,1.35037,1.35055,1.35029,1.35067,1.35061,1.35077,1.35051,269
2016-11-18 19:10:00,2016-11-18 19:11:00,1.35037,1.35054,1.35065,1.35039,1.35061,1.35077,1.3509,1.35061,228
2016-11-18 19:11:00,2016-11-18 19:12:00,1.35054,1.35065,1.35068,1.35055,1.35077,1.35086,1.35091,1.35077,170
2016-11-18 19:12:00,2016-11-18 19:13:00,1.35065,1.35063,1.35076,1.35063,1.35086,1.35088,1.35098,1.35084,170
2016-11-18 19:13:00,2016-11-18 19:14:00,1.35063,1.35061,1.35069,1.35059,1.35088,1.35082,1.35089,1.35081,171
2016-11-18 19:14:00,2016-11-18 19:15:00,1.35061,1.35071,1.35078,1.35054,1.35082,1.35094,1.35099,1.35077,192
2016-11-18 19:15:00,2016-11-18 19:16:00,1.35071,1.35063,1.35074,1.35061,1.35094,1.35085,1.35097,1.3508,207
2016-11-18 19:16:00,2016-11-18 19:17:00,1.35063,1.3506,1.35067,1.35053,1.35085,1.35084,1.35088,1.35075,209
2016-11-18 19:17:00,2016-11-18 19:18:00,1.3506,1.35052,1.35061,1.35048,1.35084,1.35075,1.35084,1.35072,170
2016-11-18 19:18:00,2016-11-18 19:19:00,1.35052,1.35051,1.35058,1.35051,1.35075,1.35074,1.35079,1.35074,74
2016-11-18 19:19:00,2016-11-18 19:20:00,1.35051,1.35053,1.35055,1.35049,1.35074,1.35076,1.35077,1.35071,61
2016-11-18 19:20:00,2016-11-18 19:21:00,1.35053,1.35052,1.35053,1.35048,1.35076,1.35076,1.35076,1.35072,71
2016-11-18 19:21:00,2016-11-18 19:22:00,1.35052,1.35063,1.35067,1.35049,1.35076,1.35088,1.35089,1.35072,142
2016-11-18 19:22:00,2016-11-18 19:23:00,1.35063,1.35038,1.35066,1.35035,1.35088,1.35059,1.35089,1.35059,214
2016-11-18 19:23:00,2016-11-18 19:24:00,1.35038,1.35028,1.35054,1.35024,1.35059,1.35053,1.35078,1.35049,484
2016-11-18 19:24:00,2016-11-18 19:25:00,1.35028,1.3502,1.35031,1.35014,1.35053,1.35045,1.35055,1.35038,326
2016-11-18 19:25:00,2016-11-18 19:26:00,1.3502,1.3499,1.35021,1.34984,1.35045,1.35014,1.35046,1.35007,619
2016-11-18 19:26:00,2016-11-18 19:27:00,1.3499,1.34959,1.3499,1.34956,1.35014,1.34983,1.35015,1.3498,580
2016-11-18 19:27:00,2016-11-18 19:28:00,1.34959,1.35003,1.35015,1.34949,1.34983,1.35027,1.35034,1.34973,555
2016-11-18 19:28:00,2016-11-18 19:29:00,1.35003,1.34991,1.35008,1.34987,1.35027,1.35015,1.35032,1.3501,319
2016-11-18 19:29:00,2016-11-18 19:30:00,1.34991,1.35008,1.35011,1.34991,1.35015,1.35033,1.35034,1.35014,186
2016-11-18 19:30:00,2016-11-18 19:31:00,1.35008,1.35057,1.35058,1.35007,1.35033,1.35079,1.35084,1.35029,245
2016-11-18 19:31:00,2016-11-18 19:32:00,1.35057,1.35054,1.35066,1.35052,1.35079,1.3508,1.35089,1.35073,198
2016-11-18 19:32:00,2016-11-18 19:33:00,1.35054,1.3508,1.35088,1.35051,1.3508,1.35106,1.35114,1.35074,196
2016-11-18 19:33:00,2016-11-18 19:34:00,1.3508,1.35087,1.35088,1.35073,1.35106,1.35113,1.35113,1.35094,156
2016-11-18 19:34:00,2016-11-18 19:35:00,1.35087,1.3508,1.3509,1.35079,1.35113,1.35102,1.35114,1.35101,265
2016-11-18 19:35:00,2016-11-18 19:36:00,1.3508,1.35103,1.35104,1.35079,1.35102,1.35127,1.35128,1.35101,192
2016-11-18 19:36:00,2016-11-18 19:37:00,1.35103,1.3509,1.35114,1.35087,1.35127,1.35114,1.35135,1.35112,178
2016-11-18 19:37:00,2016-11-18 19:38:00,1.3509,1.35092,1.35093,1.35082,1.35114,1.35117,1.35118,1.35105,101
2016-11-18 19:38:00,2016-11-18 19:39:00,1.35092,1.35089,1.35099,1.35089,1.35117,1.35115,1.35124,1.35111,109
2016-11-18 19:39:00,2016-11-18 19:40:00,1.35089,1.35101,1.35101,1.35088,1.35115,1.35123,1.35125,1.35113,105
2016-11-18 19:40:00,2016-11-18 19:41:00,1.35101,1.35103,1.35104,1.35097,1.35123,1.35124,1.35127,1.3512,106
2016-11-18 19:41:00,2016-11-18 19:42:00,1.35103,1.35111,1.35111,1.35097,1.35124,1.35131,1.35135,1.3512,106
2016-11-18 19:42:00,2016-11-18 19:43:00,1.35111,1.35099,1.35111,1.35095,1.35131,1.35124,1.35132,1.35117,219
2016-11-18 19:43:00,2016-11-18 19:44:00,1.35099,1.35104,1.35107,1.35099,1.35124,1.35129,1.35132,1.35123,111
2016-11-18 19:44:00,2016-11-18 19:45:00,1.35104,1.35105,1.35107,1.35099,1.35129,1.35131,1.35134,1.35123,124
2016-11-18 19:45:00,2016-11-18 19:46:00,1.35105,1.35098,1.35108,1.35098,1.35131,1.35123,1.35133,1.35123,87
2016-11-18 19:46:00,2016-11-18 19:47:00,1.35098,1.35104,1.35107,1.35098,1.35123,1.3513,1.35133,1.35123,89
2016-11-18 19:47:00,2016-11-18 19:48:00,1.35104,1.35101,1.35109,1.351,1.3513,1.35123,1.35133,1.35123,128
2016-11-18 19:48:00,2016-11-18 19:49:00,1.35101,1.35095,1.35103,1.35093,1.35123,1.35122,1.35126,1.35119,104
2016-11-18 19:49:00,2016-11-18 19:50:00,1.35095,1.35087,1.35101,1.35081,1.35122,1.35113,1.35125,1.35106,191
2016-11-18 19:50:00,2016-11-18 19:51:00,1.35087,1.35073,1.35087,1.35062,1.35113,1.35096,1.35113,1.35088,317
2016-11-18 19:51:00,2016-11-18 19:52:00,1.35073,1.35064,1.35073,1.35061,1.35096,1.35089,1.35096,1.35086,91
2016-11-18 19:52:00,2016-11-18 19:53:00,1.35064,1.35072,1.35074,1.35065,1.35089,1.35097,1.351,1.35089,130
2016-11-18 19:53:00,2016-11-18 19:54:00,1.35072,1.35086,1.35099,1.35071,1.35097,1.35111,1.35124,1.35097,245
2016-11-18 19:54:00,2016-11-18 19:55:00,1.35086,1.35073,1.35086,1.35073,1.35111,1.35098,1.35111,1.35098,135
2016-11-18 19:55:00,2016-11-18 19:56:00,1.35073,1.3507,1.35073,1.35068,1.35098,1.35096,1.35098,1.35093,221
2016-11-18 19:56:00,2016-11-18 19:57:00,1.3507,1.35063,1.35074,1.35055,1.35096,1.35085,1.35099,1.35078,334
2016-11-18 19:57:00,2016-11-18 19:58:00,1.35063,1.35043,1.35064,1.35036,1.35085,1.35064,1.35089,1.3506,463
2016-11-18 19:58:00,2016-11-18 19:59:00,1.35043,1.35057,1.35061,1.35019,1.35064,1.35081,1.35086,1.35045,665
2016-11-18 19:59:00,2016-11-18 20:00:00,1.35057,1.35046,1.35063,1.35043,1.35081,1.3507,1.35089,1.35066,427
2016-11-18 20:00:00,2016-11-18 20:01:00,1.35046,1.35044,1.35051,1.35032,1.3507,1.35066,1.35074,1.35054,355
2016-11-18 20:01:00,2016-11-18 20:02:00,1.35044,1.35048,1.3505,1.35037,1.35066,1.35074,1.35074,1.35061,355
2016-11-18 20:02:00,2016-11-18 20:03:00,1.35048,1.35053,1.35055,1.35046,1.35074,1.35076,1.35079,1.3507,249
2016-11-18 20:03:00,2016-11-18 20:04:00,1.35053,1.35062,1.35078,1.35051,1.35076,1.35086,1.35101,1.35074,342
2016-11-18 20:04:00,2016-11-18 20:05:00,1.35062,1.35058,1.35065,1.35056,1.35086,1.35083,1.3509,1.35081,253
2016-11-18 20:05:00,2016-11-18 20:06:00,1.35058,1.35059,1.35062,1.35058,1.35083,1.35083,1.35086,1.35083,140
2016-11-18 20:06:00,2016-11-18 20:07:00,1.35059,1.35061,1.35066,1.35059,1.35083,1.35088,1.35091,1.35083,142
2016-11-18 20:07:00,2016-11-18 20:08:00,1.35061,1.35061,1.35065,1.35053,1.35088,1.35085,1.35089,1.35079,179
2016-11-18 20:08:00,2016-11-18 20:09:00,1.35061,1.35053,1.35061,1.35046,1.35085,1.35078,1.35087,1.3507,187
2016-11-18 20:09:00,2016-11-18 20:10:00,1.35053,1.35054,1.35055,1.35049,1.35078,1.35077,1.3508,1.35074,92
2016-11-18 20:10:00,2016-11-18 20:11:00,1.35054,1.35063,1.35064,1.35054,1.35077,1.35087,1.35088,1.35078,228
2016-11-18 20:11:00,2016-11-18 20:12:00,1.35063,1.3506,1.35064,1.3506,1.35087,1.35083,1.35088,1.35082,112
2016-11-18 20:12:00,2016-11-18 20:13:00,1.3506,1.35053,1.35064,1.35053,1.35083,1.35077,1.3509,1.35077,184
2016-11-18 20:13:00,2016-11-18 20:14:00,1.35053,1.35057,1.35064,1.35053,1.35077,1.35082,1.35088,1.35078,374
2016-11-18 20:14:00,2016-11-18 20:15:00,1.35057,1.35061,1.35064,1.35056,1.35082,1.35084,1.35087,1.35083,182
2016-11-18 20:15:00,2016-11-18 20:16:00,1.35061,1.35058,1.35063,1.35051,1.35084,1.35083,1.35087,1.35075,273
2016-11-18 20:16:00,2016-11-18 20:17:00,1.35058,1.35059,1.35063,1.35056,1.35083,1.35087,1.35088,1.35081,225
2016-11-18 20:17:00,2016-11-18 20:18:00,1.35059,1.3506,1.35064,1.35056,1.35087,1.35085,1.35088,1.35081,312
2016-11-18 20:18:00,2016-11-18 20:19:00,1.3506,1.3508,1.35082,1.35057,1.35085,1.35106,1.35106,1.35082,261
2016-11-18 20:19:00,2016-11-18 20:20:00,1.3508,1.35072,1.3508,1.35068,1.35106,1.35094,1.35105,1.3509,442
2016-11-18 20:20:00,2016-11-18 20:21:00,1.35072,1.35073,1.35076,1.35069,1.35094,1.35095,1.35097,1.35093,258
2016-11-18 20:21:00,2016-11-18 20:22:00,1.35073,1.35075,1.35075,1.35072,1.35095,1.35097,1.35098,1.35094,87
2016-11-18 20:22:00,2016-11-18 20:23:00,1.35075,1.35081,1.35085,1.35068,1.35097,1.35102,1.35108,1.35093,680
2016-11-18 20:23:00,2016-11-18 20:24:00,1.35081,1.35081,1.35083,1.35069,1.35102,1.35104,1.35107,1.35093,324
2016-11-18 20:24:00,2016-11-18 20:25:00,1.35081,1.35081,1.35084,1.35078,1.35104,1.35101,1.35108,1.351,193
2016-11-18 20:25:00,2016-11-18 20:26:00,1.35081,1.35083,1.35091,1.35078,1.35101,1.35106,1.35112,1.35101,275
2016-11-18 20:26:00,2016-11-18 20:27:00,1.35083,1.35084,1.35085,1.35071,1.35106,1.35105,1.35107,1.35094,524
2016-11-18 20:27:00,2016-11-18 20:28:00,1.35084,1.3508,1.35085,1.35071,1.35105,1.35104,1.35106,1.35092,861
2016-11-18 20:28:00,2016-11-18 20:29:00,1.3508,1.35087,1.35087,1.35078,1.35104,1.35107,1.35107,1.35101,611
2016-11-18 20:29:00,2016-11-18 20:30:00,1.35087,1.35085,1.35087,1.35085,1.35107,1.35107,1.35109,1.35102,161
2016-11-18 20:30:00,2016-11-18 20:31:00,1.35085,1.35084,1.35087,1.35078,1.35107,1.35105,1.35108,1.35099,97
2016-11-18 20:31:00,2016-11-18 20:32:00,1.35084,1.35077,1.35085,1.35076,1.35105,1.35098,1.35107,1.35098,75
2016-11-18 20:32:00,2016-11-18 20:33:00,1.35077,1.35081,1.35084,1.35073,1.35098,1.35108,1.35109,1.35098,291
2016-11-18 20:33:00,2016-11-18 20:34:00,1.35081,1.35083,1.35086,1.3508,1.35108,1.35106,1.3511,1.35105,533
2016-11-18 20:34:00,2016-11-18 20:35:00,1.35083,1.35089,1.35097,1.35079,1.35106,1.35106,1.35118,1.35104,306
2016-11-18 20:35:00,2016-11-18 20:36:00,1.35089,1.35088,1.35097,1.35083,1.35106,1.35115,1.35117,1.35104,657
2016-11-18 20:36:00,2016-11-18 20:37:00,1.35088,1.3509,1.35092,1.35087,1.35115,1.35116,1.35117,1.3511,532
2016-11-18 20:37:00,2016-11-18 20:38:00,1.3509,1.3509,1.35094,1.3509,1.35116,1.35115,1.35117,1.35114,75
2016-11-18 20:38:00,2016-11-18 20:39:00,1.3509,1.35107,1.35111,1.3509,1.35115,1.35133,1.35136,1.35115,258
2016-11-18 20:39:00,2016-11-18 20:40:00,1.35107,1.35117,1.35123,1.35101,1.35133,1.35142,1.35145,1.35126,336
2016-11-18 20:40:00,2016-11-18 20:41:00,1.35117,1.3512,1.35122,1.35114,1.35142,1.35145,1.35145,1.35139,96
2016-11-18 20:41:00,2016-11-18 20:42:00,1.3512,1.35118,1.35129,1.35118,1.35145,1.35143,1.35154,1.35143,174
2016-11-18 20:42:00,2016-11-18 20:43:00,1.35118,1.35129,1.35132,1.35118,1.35143,1.35154,1.35156,1.35142,262
2016-11-18 20:43:00,2016-11-18 20:44:00,1.35129,1.35135,1.3514,1.35129,1.35154,1.35156,1.3516,1.35152,264
2016-11-18 20:44:00,2016-11-18 20:45:00,1.35135,1.35138,1.3514,1.35131,1.35156,1.35162,1.35163,1.3515,60
2016-11-18 20:45:00,2016-11-18 20:46:00,1.35138,1.35138,1.35146,1.35138,1.35162,1.35157,1.35168,1.35155,137
2016-11-18 20:46:00,2016-11-18 20:47:00,1.35138,1.35139,1.35147,1.35133,1.35157,1.35164,1.3517,1.35152,326
2016-11-18 20:47:00,2016-11-18 20:48:00,1.35139,1.35136,1.35146,1.35127,1.35164,1.35159,1.3517,1.35151,349
2016-11-18 20:48:00,2016-11-18 20:49:00,1.35136,1.35137,1.35138,1.35131,1.35159,1.35159,1.35162,1.35156,208
2016-11-18 20:49:00,2016-11-18 20:50:00,1.35137,1.35117,1.35142,1.35116,1.35159,1.35143,1.35166,1.35141,436
2016-11-18 20:50:00,2016-11-18 20:51:00,1.35117,1.35096,1.35118,1.35091,1.35143,1.35122,1.35143,1.35116,565
2016-11-18 20:51:00,2016-11-18 20:52:00,1.35096,1.35073,1.35098,1.35069,1.35122,1.35097,1.35122,1.35092,381
2016-11-18 20:52:00,2016-11-18 20:53:00,1.35073,1.35083,1.35097,1.35071,1.35097,1.35109,1.35122,1.35094,438
2016-11-18 20:53:00,2016-11-18 20:54:00,1.35083,1.35091,1.35092,1.35082,1.35109,1.35116,1.35117,1.35106,219
2016-11-18 20:54:00,2016-11-18 20:55:00,1.35091,1.35085,1.35097,1.3508,1.35116,1.35109,1.35117,1.35105,250
2016-11-18 20:55:00,2016-11-18 20:56:00,1.35085,1.35082,1.3509,1.3508,1.35109,1.35105,1.35116,1.35105,252
2016-11-18 20:56:00,2016-11-18 20:57:00,1.35082,1.35083,1.35092,1.35075,1.35105,1.35107,1.35116,1.35099,458
2016-11-18 20:57:00,2016-11-18 20:58:00,1.35083,1.35082,1.35091,1.35071,1.35107,1.35104,1.35116,1.35094,384
2016-11-18 20:58:00,2016-11-18 20:59:00,1.35082,1.35114,1.3512,1.35082,1.35104,1.35139,1.35146,1.35105,608
2016-11-18 20:59:00,2016-11-18 21:00:00,1.35114,1.35118,1.35121,1.35102,1.35139,1.35142,1.35144,1.35126,547
2016-11-18 21:00:00,2016-11-18 21:01:00,1.35118,1.35123,1.35124,1.35119,1.35142,1.3514,1.35145,1.35139,95
2016-11-18 21:01:00,2016-11-18 21:02:00,1.35123,1.35106,1.35126,1.35102,1.3514,1.35128,1.35149,1.35124,197
2016-11-18 21:02:00,2016-11-18 21:03:00,1.35106,1.35105,1.3511,1.35102,1.35128,1.35123,1.35131,1.35121,202
2016-11-18 21:03:00,2016-11-18 21:04:00,1.35105,1.35089,1.35105,1.35077,1.35123,1.35114,1.35123,1.35101,774
2016-11-18 21:04:00,2016-11-18 21:05:00,1.35089,1.35091,1.35092,1.35087,1.35114,1.35116,1.35117,1.35109,231
2016-11-18 21:05:00,2016-11-18 21:06:00,1.35091,1.35091,1.35092,1.35087,1.35116,1.35115,1.35116,1.3511,311
2016-11-18 21:06:00,2016-11-18 21:07:00,1.35091,1.35092,1.35096,1.35089,1.35115,1.35117,1.3512,1.35111,481
2016-11-18 21:07:00,2016-11-18 21:08:00,1.35092,1.35092,1.35094,1.35086,1.35117,1.35116,1.35118,1.3511,492
2016-11-18 21:08:00,2016-11-18 21:09:00,1.35092,1.35092,1.35098,1.35087,1.35116,1.35114,1.35119,1.3511,362
2016-11-18 21:09:00,2016-11-18 21:10:00,1.35092,1.35091,1.35094,1.35087,1.35114,1.35116,1.35117,1.35111,498
2016-11-18 21:10:00,2016-11-18 21:11:00,1.35091,1.35109,1.35109,1.35091,1.35116,1.35132,1.35134,1.35115,460
2016-11-18 21:11:00,2016-11-18 21:12:00,1.35109,1.3511,1.35113,1.35106,1.35132,1.35134,1.35136,1.35132,523
2016-11-18 21:12:00,2016-11-18 21:13:00,1.3511,1.35106,1.3511,1.35102,1.35134,1.35133,1.35134,1.35128,243
2016-11-18 21:13:00,2016-11-18 21:14:00,1.35106,1.35108,1.3511,1.35099,1.35133,1.35135,1.35136,1.35121,851
2016-11-18 21:14:00,2016-11-18 21:15:00,1.35108,1.35102,1.35114,1.35089,1.35135,1.35129,1.35138,1.35111,477
2016-11-18 21:15:00,2016-11-18 21:16:00,1.35102,1.35103,1.35105,1.35094,1.35129,1.35128,1.35132,1.35119,435
2016-11-18 21:16:00,2016-11-18 21:17:00,1.35103,1.35099,1.35103,1.35095,1.35128,1.35125,1.3513,1.35122,462
2016-11-18 21:17:00,2016-11-18 21:18:00,1.35099,1.35124,1.35126,1.35096,1.35125,1.35149,1.35154,1.35124,368
2016-11-18 21:18:00,2016-11-18 21:19:00,1.35124,1.35125,1.35137,1.3512,1.35149,1.35149,1.35158,1.35143,113
2016-11-18 21:19:00,2016-11-18 21:20:00,1.35125,1.35127,1.35135,1.35121,1.35149,1.35151,1.35162,1.35145,62
2016-11-18 21:20:00,2016-11-18 21:21:00,1.35127,1.35147,1.35154,1.35132,1.35151,1.35177,1.35182,1.35151,98
2016-11-18 21:21:00,2016-11-18 21:22:00,1.35147,1.3514,1.35154,1.35137,1.35177,1.35164,1.35182,1.35163,79
2016-11-18 21:22:00,2016-11-18 21:23:00,1.3514,1.35133,1.35154,1.35127,1.35164,1.35159,1.35178,1.35155,163
2016-11-18 21:23:00,2016-11-18 21:24:00,1.35133,1.35132,1.35141,1.35132,1.35159,1.35158,1.35163,1.35157,114
2016-11-18 21:24:00,2016-11-18 21:25:00,1.35132,1.35145,1.35154,1.3513,1.35158,1.35169,1.35177,1.35156,173
2016-11-18 21:25:00,2016-11-18 21:26:00,1.35145,1.35156,1.35159,1.35139,1.35169,1.35181,1.35187,1.35164,132
2016-11-18 21:26:00,2016-11-18 21:27:00,1.35156,1.35151,1.35157,1.3515,1.35181,1.35172,1.35183,1.35171,64
2016-11-18 21:27:00,2016-11-18 21:28:00,1.35151,1.35138,1.35151,1.35132,1.35172,1.35159,1.35174,1.35156,143
2016-11-18 21:28:00,2016-11-18 21:29:00,1.35138,1.35138,1.35138,1.35128,1.35159,1.35162,1.35164,1.35148,66
2016-11-18 21:29:00,2016-11-18 21:30:00,1.35138,1.35132,1.35138,1.35127,1.35162,1.35155,1.35162,1.35148,71
2016-11-18 21:30:00,2016-11-18 21:31:00,1.35132,1.35132,1.35133,1.35128,1.35155,1.35154,1.35157,1.3515,64
2016-11-18 21:31:00,2016-11-18 21:32:00,1.35132,1.35128,1.35132,1.35128,1.35154,1.35151,1.35155,1.35151,14
2016-11-18 21:32:00,2016-11-18 21:33:00,1.35128,1.35126,1.35128,1.35126,1.35151,1.35153,1.35155,1.3515,13
2016-11-18 21:33:00,2016-11-18 21:34:00,1.35126,1.35126,1.35131,1.35126,1.35153,1.35152,1.35157,1.35149,62
2016-11-18 21:34:00,2016-11-18 21:35:00,1.35126,1.35101,1.35127,1.3508,1.35152,1.35128,1.35153,1.35105,268
2016-11-18 21:35:00,2016-11-18 21:36:00,1.35101,1.35104,1.35105,1.35085,1.35128,1.35131,1.35134,1.35119,76
2016-11-18 21:36:00,2016-11-18 21:37:00,1.35104,1.35108,1.35111,1.35098,1.35131,1.35143,1.35143,1.35127,78
2016-11-18 21:37:00,2016-11-18 21:38:00,1.35108,1.35087,1.35112,1.35083,1.35143,1.35112,1.35144,1.35108,179
2016-11-18 21:38:00,2016-11-18 21:39:00,1.35087,1.35082,1.35098,1.35077,1.35112,1.35118,1.35123,1.35112,107
2016-11-18 21:39:00,2016-11-18 21:40:00,1.35082,1.35055,1.35088,1.35047,1.35118,1.3508,1.35119,1.35073,171
2016-11-18 21:40:00,2016-11-18 21:41:00,1.35055,1.35045,1.35055,1.3504,1.3508,1.35079,1.35082,1.35074,63
2016-11-18 21:41:00,2016-11-18 21:42:00,1.35045,1.35043,1.3505,1.35042,1.35079,1.3507,1.35081,1.35065,29
2016-11-18 21:42:00,2016-11-18 21:43:00,1.35043,1.35046,1.35051,1.3504,1.3507,1.35074,1.35082,1.35069,28
2016-11-18 21:43:00,2016-11-18 21:44:00,1.35046,1.3506,1.35061,1.35046,1.35074,1.35089,1.3509,1.35075,34
2016-11-18 21:44:00,2016-11-18 21:45:00,1.3506,1.35048,1.35066,1.35045,1.35089,1.35086,1.35096,1.35082,74
2016-11-18 21:45:00,2016-11-18 21:46:00,1.35048,1.35054,1.35073,1.3505,1.35086,1.35092,1.35106,1.35086,79
2016-11-18 21:46:00,2016-11-18 21:47:00,1.35054,1.35071,1.35076,1.35049,1.35092,1.351,1.35105,1.35087,99
2016-11-18 21:47:00,2016-11-18 21:48:00,1.35071,1.35046,1.35071,1.35046,1.351,1.35075,1.35104,1.35074,79
2016-11-18 21:48:00,2016-11-18 21:49:00,1.35046,1.35038,1.35055,1.35035,1.35075,1.35075,1.35083,1.35072,60
2016-11-18 21:49:00,2016-11-18 21:50:00,1.35038,1.35049,1.35068,1.35035,1.35075,1.35085,1.35105,1.35065,103
2016-11-18 21:50:00,2016-11-18 21:51:00,1.35049,1.35063,1.35063,1.35047,1.35085,1.35101,1.35101,1.35085,20
2016-11-18 21:51:00,2016-11-18 21:52:00,1.35063,1.35044,1.35067,1.35037,1.35101,1.35087,1.35111,1.35083,46
2016-11-18 21:52:00,2016-11-18 21:53:00,1.35044,1.3507,1.3508,1.35044,1.35087,1.35138,1.35139,1.35087,92
2016-11-18 21:53:00,2016-11-18 21:54:00,1.3507,1.35059,1.35087,1.35056,1.35138,1.35136,1.35141,1.35111,92
2016-11-18 21:54:00,2016-11-18 21:55:00,1.35059,1.35066,1.35075,1.35059,1.35136,1.35136,1.35141,1.35136,26
2016-11-18 21:55:00,2016-11-18 21:56:00,1.35066,1.35054,1.35091,1.35049,1.35136,1.35128,1.35136,1.3508,97
2016-11-18 21:56:00,2016-11-18 21:57:00,1.35054,1.35054,1.35057,1.3503,1.35128,1.35125,1.35149,1.35125,11
2016-11-18 21:57:00,2016-11-18 21:58:00,1.35054,1.3499,1.35061,1.34979,1.35125,1.35114,1.35142,1.35113,101
2016-11-18 21:58:00,2016-11-18 21:59:00,1.3499,1.34957,1.3499,1.34957,1.35114,1.3512,1.35121,1.35112,6
2016-11-18 21:59:00,2016-11-20 19:30:00,1.34957,1.34921,1.34921,1.34921,1.3512,1.34979,1.34979,1.34961,3
2016-11-20 19:30:00,2016-11-20 19:33:00,1.34921,1.3488,1.3488,1.3488,1.34979,1.34979,1.34979,1.34979,1
2016-11-20 19:33:00,2016-11-20 19:47:00,1.3488,1.34898,1.34898,1.34883,1.34979,1.34967,1.3497,1.34966,3
2016-11-20 19:47:00,2016-11-20 19:50:00,1.34898,1.34878,1.34901,1.34876,1.34967,1.34965,1.34967,1.34963,6
2016-11-20 19:50:00,2016-11-20 19:51:00,1.34878,1.34881,1.34881,1.3488,1.34965,1.34968,1.34968,1.34965,2
2016-11-20 19:51:00,2016-11-20 19:53:00,1.3488,1.3488,1.3488,1.3488,1.34967,1.34966,1.34966,1.34966,1
2016-11-20 19:53:00,2016-11-20 19:55:00,1.3488,1.3488,1.3488,1.3488,1.34966,1.34965,1.34965,1.34965,1
2016-11-20 19:55:00,2016-11-20 19:59:00,1.3488,1.34881,1.34881,1.34881,1.34965,1.34968,1.34968,1.34968,1
2016-11-20 19:59:00,2016-11-20 20:01:00,1.34881,1.3491,1.3491,1.3491,1.34968,1.3494,1.3494,1.3494,1
2016-11-20 20:01:00,2016-11-20 20:04:00,1.3491,1.34881,1.34881,1.34881,1.3494,1.34968,1.34968,1.34968,1
2016-11-20 20:04:00,2016-11-20 20:06:00,1.34881,1.3488,1.3488,1.3488,1.34968,1.34967,1.34967,1.34967,1
2016-11-20 20:06:00,2016-11-20 20:07:00,1.3488,1.3488,1.3488,1.3488,1.34967,1.34964,1.34964,1.34964,1
2016-11-20 20:07:00,2016-11-20 20:17:00,1.3488,1.34915,1.34915,1.34915,1.34964,1.34945,1.34945,1.34945,1
2016-11-20 20:17:00,2016-11-20 20:18:00,1.34915,1.3491,1.3491,1.3491,1.34945,1.3494,1.3494,1.3494,1
2016-11-20 20:18:00,2016-11-20 20:21:00,1.3491,1.3488,1.3488,1.3488,1.3494,1.34969,1.34969,1.34969,1
2016-11-20 20:21:00,2016-11-20 20:25:00,1.3488,1.349,1.3491,1.349,1.34969,1.34929,1.3494,1.34929,3
2016-11-20 20:25:00,2016-11-20 20:26:00,1.349,1.34896,1.3491,1.3489,1.34929,1.34944,1.34944,1.34919,3
2016-11-20 20:26:00,2016-11-20 20:28:00,1.34896,1.34896,1.34896,1.3489,1.34944,1.34944,1.34944,1.34919,2
2016-11-20 20:28:00,2016-11-20 20:29:00,1.34896,1.34868,1.3487,1.3486,1.34944,1.34952,1.34952,1.34949,4
2016-11-20 20:29:00,2016-11-20 20:30:00,1.34868,1.3486,1.34876,1.3486,1.34952,1.34954,1.34954,1.34924,4
2016-11-20 20:30:00,2016-11-20 20:31:00,1.3486,1.3486,1.3486,1.3486,1.34954,1.34949,1.34949,1.34949,1
2016-11-20 20:31:00,2016-11-20 20:32:00,1.3486,1.34868,1.34868,1.34868,1.34949,1.34949,1.34949,1.34949,1
2016-11-20 20:32:00,2016-11-20 20:33:00,1.34868,1.34872,1.34872,1.34872,1.34949,1.34938,1.34938,1.34938,1
2016-11-20 20:33:00,2016-11-20 20:34:00,1.34872,1.349,1.349,1.34886,1.34938,1.3493,1.34934,1.3493,2
2016-11-20 20:34:00,2016-11-20 20:35:00,1.349,1.34898,1.34898,1.34897,1.3493,1.34946,1.34946,1.34945,4
2016-11-20 20:35:00,2016-11-20 20:36:00,1.34898,1.3486,1.34884,1.34859,1.34946,1.34957,1.3496,1.34903,19
2016-11-20 20:36:00,2016-11-20 20:37:00,1.3486,1.3486,1.34873,1.34838,1.34957,1.34956,1.34971,1.34903,9
2016-11-20 20:37:00,2016-11-20 20:38:00,1.3486,1.34876,1.34876,1.34872,1.34956,1.34906,1.34906,1.34902,2
2016-11-20 20:38:00,2016-11-20 20:39:00,1.34876,1.3486,1.3486,1.3486,1.34906,1.34957,1.34958,1.34929,3
2016-11-20 20:39:00,2016-11-20 20:40:00,1.3486,1.3486,1.3486,1.3486,1.34957,1.34958,1.34959,1.34958,2
2016-11-20 20:40:00,2016-11-20 20:41:00,1.3486,1.34874,1.34874,1.34874,1.34958,1.34904,1.34904,1.34904,1
2016-11-20 20:41:00,2016-11-20 20:42:00,1.34874,1.34873,1.34874,1.34814,1.34904,1.34903,1.34955,1.34903,5
2016-11-20 20:42:00,2016-11-20 20:43:00,1.34873,1.3486,1.34877,1.3486,1.34903,1.34957,1.34957,1.34902,7
2016-11-20 20:43:00,2016-11-20 20:44:00,1.3486,1.34862,1.34862,1.34862,1.34957,1.34946,1.34946,1.34946,1
2016-11-20 20:44:00,2016-11-20 20:47:00,1.34862,1.34874,1.34874,1.3486,1.34946,1.34904,1.3496,1.34904,3
2016-11-20 20:47:00,2016-11-20 20:48:00,1.34874,1.34876,1.34876,1.34875,1.34904,1.34906,1.34906,1.34904,4
2016-11-20 20:48:00,2016-11-20 20:49:00,1.34876,1.34876,1.34876,1.34875,1.34906,1.34906,1.34906,1.34905,8
2016-11-20 20:49:00,2016-11-20 20:50:00,1.34876,1.3486,1.34876,1.3486,1.34906,1.34955,1.34956,1.34904,8
2016-11-20 20:50:00,2016-11-20 20:51:00,1.3486,1.3486,1.3486,1.3486,1.34955,1.34956,1.34956,1.34956,1
2016-11-20 20:51:00,2016-11-20 20:53:00,1.3486,1.34874,1.34874,1.34874,1.34956,1.34904,1.34904,1.34904,1
2016-11-20 20:53:00,2016-11-20 20:54:00,1.34874,1.34857,1.34869,1.34854,1.34904,1.34951,1.34956,1.34929,6
2016-11-20 20:54:00,2016-11-20 20:57:00,1.34857,1.34857,1.34857,1.34857,1.34951,1.34952,1.34971,1.34952,2
2016-11-20 20:57:00,2016-11-20 20:59:00,1.34857,1.34852,1.34852,1.34852,1.34952,1.34952,1.34952,1.34952,1
2016-11-20 20:59:00,2016-11-20 21:00:00,1.34852,1.34857,1.34857,1.3485,1.34952,1.34952,1.34952,1.34951,5
2016-11-20 21:00:00,2016-11-20 21:03:00,1.34857,1.34857,1.34857,1.34857,1.34952,1.34971,1.34971,1.34971,1
2016-11-20 21:03:00,2016-11-20 21:05:00,1.34857,1.34857,1.34857,1.34857,1.34971,1.34951,1.34951,1.34951,1
2016-11-20 21:05:00,2016-11-20 21:06:00,1.34857,1.34857,1.34857,1.34857,1.34951,1.34951,1.34951,1.3495,2
2016-11-20 21:06:00,2016-11-20 21:07:00,1.34857,1.34857,1.34857,1.34857,1.34951,1.34953,1.34953,1.34949,5
2016-11-20 21:07:00,2016-11-20 21:08:00,1.34857,1.34854,1.34854,1.34854,1.34953,1.34952,1.34953,1.34952,2
2016-11-20 21:08:00,2016-11-20 21:09:00,1.34854,1.34854,1.34854,1.34854,1.34952,1.34953,1.34953,1.34953,1
2016-11-20 21:09:00,2016-11-20 21:10:00,1.34854,1.34854,1.34854,1.34854,1.34953,1.34952,1.34954,1.34952,4
2016-11-20 21:10:00,2016-11-20 21:12:00,1.34854,1.34854,1.34854,1.34854,1.34952,1.34949,1.34951,1.34949,3
2016-11-20 21:12:00,2016-11-20 21:14:00,1.34854,1.34854,1.34854,1.34854,1.34949,1.34949,1.34949,1.34948,2
2016-11-20 21:14:00,2016-11-20 21:15:00,1.34854,1.34854,1.34854,1.34854,1.34949,1.3495,1.3495,1.34948,19
2016-11-20 21:15:00,2016-11-20 21:16:00,1.34854,1.34854,1.34854,1.34854,1.3495,1.34949,1.34949,1.34948,3
2016-11-20 21:16:00,2016-11-20 21:19:00,1.34854,1.34875,1.34875,1.34875,1.34949,1.3495,1.3495,1.34949,2
2016-11-20 21:19:00,2016-11-20 21:21:00,1.34875,1.34876,1.34876,1.34875,1.3495,1.3495,1.3495,1.34949,3
2016-11-20 21:21:00,2016-11-20 21:22:00,1.34876,1.34875,1.34875,1.34875,1.3495,1.3495,1.3495,1.3495,1
2016-11-20 21:22:00,2016-11-20 21:23:00,1.34875,1.34875,1.34875,1.34875,1.3495,1.3495,1.34951,1.34949,4
2016-11-20 21:23:00,2016-11-20 21:24:00,1.34875,1.34875,1.34875,1.34875,1.3495,1.34952,1.34952,1.34951,3
2016-11-20 21:24:00,2016-11-20 21:25:00,1.34875,1.34875,1.34875,1.34875,1.34952,1.34954,1.34954,1.34952,4
2016-11-20 21:25:00,2016-11-20 21:29:00,1.34875,1.34875,1.34875,1.34875,1.34954,1.34954,1.34954,1.34953,2
2016-11-20 21:29:00,2016-11-20 21:31:00,1.34875,1.34875,1.34875,1.34875,1.34954,1.34955,1.34957,1.34955,5
2016-11-20 21:31:00,2016-11-20 21:32:00,1.34875,1.34875,1.34875,1.34875,1.34955,1.34956,1.34956,1.34956,1
2016-11-20 21:32:00,2016-11-20 21:33:00,1.34875,1.34875,1.34875,1.34875,1.34956,1.34957,1.34957,1.34956,3
2016-11-20 21:33:00,2016-11-20 21:34:00,1.34875,1.34875,1.34875,1.34875,1.34957,1.34959,1.34959,1.34956,4
2016-11-20 21:34:00,2016-11-20 21:35:00,1.34875,1.34875,1.34875,1.34875,1.34959,1.3496,1.3496,1.3496,1
2016-11-20 21:35:00,2016-11-20 21:37:00,1.34875,1.34879,1.34883,1.34875,1.3496,1.34927,1.34962,1.34906,12
2016-11-20 21:37:00,2016-11-20 21:38:00,1.34879,1.34879,1.34882,1.34873,1.34927,1.34957,1.34957,1.34927,7
2016-11-20 21:38:00,2016-11-20 21:39:00,1.34879,1.3488,1.3488,1.3488,1.34957,1.34954,1.34957,1.34954,3
2016-11-20 21:39:00,2016-11-20 21:40:00,1.3488,1.34876,1.3488,1.34875,1.34954,1.34959,1.34959,1.34953,5
2016-11-20 21:40:00,2016-11-20 21:42:00,1.34876,1.34881,1.34881,1.34876,1.34959,1.34955,1.34955,1.34955,2
2016-11-20 21:42:00,2016-11-20 21:43:00,1.34881,1.34876,1.3488,1.34875,1.34955,1.34957,1.34957,1.34953,6
2016-11-20 21:43:00,2016-11-20 21:44:00,1.34876,1.34876,1.34876,1.34876,1.34957,1.34958,1.34958,1.34958,1
2016-11-20 21:44:00,2016-11-20 21:45:00,1.34876,1.34876,1.34881,1.34875,1.34958,1.34958,1.34958,1.34953,33
2016-11-20 21:45:00,2016-11-20 21:46:00,1.34876,1.34875,1.34876,1.34875,1.34958,1.34958,1.3496,1.34956,11
2016-11-20 21:46:00,2016-11-20 21:47:00,1.34875,1.3488,1.34881,1.34875,1.34958,1.34954,1.3496,1.34953,11
2016-11-20 21:47:00,2016-11-20 21:48:00,1.3488,1.34916,1.34916,1.3488,1.34954,1.34944,1.34953,1.34941,20
2016-11-20 21:48:00,2016-11-20 21:49:00,1.34916,1.34915,1.34916,1.34915,1.34944,1.34945,1.34946,1.34945,7
2016-11-20 21:49:00,2016-11-20 21:50:00,1.34915,1.34913,1.34916,1.34885,1.34945,1.34935,1.34974,1.34935,13
2016-11-20 21:50:00,2016-11-20 21:51:00,1.34913,1.34912,1.34914,1.3491,1.34935,1.34944,1.34944,1.34928,19
2016-11-20 21:51:00,2016-11-20 21:52:00,1.34912,1.34911,1.34919,1.3491,1.34944,1.35005,1.35005,1.34939,20
2016-11-20 21:52:00,2016-11-20 21:53:00,1.34911,1.34911,1.34915,1.34911,1.35005,1.35005,1.35005,1.35005,2
2016-11-20 21:53:00,2016-11-20 21:54:00,1.34911,1.34911,1.34924,1.34911,1.35005,1.34997,1.35005,1.34997,4
2016-11-20 21:54:00,2016-11-20 21:56:00,1.34911,1.34924,1.34926,1.34911,1.34997,1.35033,1.35039,1.34997,8
2016-11-20 21:56:00,2016-11-20 21:57:00,1.34924,1.34912,1.34912,1.34911,1.35033,1.35033,1.35033,1.35033,2
2016-11-20 21:57:00,2016-11-20 21:58:00,1.34912,1.34921,1.34921,1.34921,1.35033,1.35087,1.35087,1.35087,1
2016-11-20 21:58:00,2016-11-20 21:59:00,1.34921,1.34922,1.34922,1.34922,1.35087,1.35058,1.35058,1.35058,1
2016-11-20 21:59:00,2016-11-20 22:00:00,1.34922,1.34945,1.34945,1.34945,1.35058,1.35064,1.35064,1.35064,1
2016-11-20 22:00:00,2016-11-20 22:01:00,1.34945,1.34945,1.34945,1.34945,1.35064,1.35064,1.35064,1.35028,4
2016-11-20 22:01:00,2016-11-20 22:03:00,1.34945,1.34945,1.34945,1.34945,1.35064,1.35042,1.35042,1.35042,1
2016-11-20 22:03:00,2016-11-20 22:05:00,1.34945,1.34945,1.34946,1.34932,1.35042,1.35045,1.35059,1.35038,9
2016-11-20 22:05:00,2016-11-20 22:06:00,1.34945,1.34945,1.34945,1.34945,1.35045,1.35044,1.35044,1.35044,1
2016-11-20 22:06:00,2016-11-20 22:07:00,1.34945,1.34971,1.34993,1.34971,1.35044,1.35054,1.35054,1.35034,43
2016-11-20 22:07:00,2016-11-20 22:08:00,1.34971,1.34986,1.34987,1.34971,1.35054,1.35044,1.35054,1.35034,34
2016-11-20 22:08:00,2016-11-20 22:09:00,1.34986,1.34986,1.34986,1.34986,1.35044,1.35053,1.35053,1.35034,67
2016-11-20 22:09:00,2016-11-20 22:10:00,1.34986,1.34984,1.34991,1.34981,1.35053,1.35066,1.35066,1.35034,18
2016-11-20 22:10:00,2016-11-20 22:11:00,1.34984,1.34979,1.34982,1.34979,1.35066,1.35062,1.35066,1.35062,3
2016-11-20 22:11:00,2016-11-20 22:12:00,1.34979,1.34981,1.34981,1.34981,1.35062,1.35058,1.35058,1.35034,5
2016-11-20 22:12:00,2016-11-20 22:13:00,1.34981,1.34985,1.34985,1.34981,1.35058,1.35062,1.35062,1.35034,6
2016-11-20 22:13:00,2016-11-20 22:14:00,1.34985,1.3497,1.34983,1.3497,1.35062,1.35067,1.35067,1.35065,6
2016-11-20 22:14:00,2016-11-20 22:15:00,1.3497,1.3496,1.3497,1.34957,1.35067,1.35054,1.35067,1.35054,18
2016-11-20 22:15:00,2016-11-20 22:16:00,1.3496,1.34963,1.34963,1.34959,1.35054,1.3506,1.3506,1.35054,3
2016-11-20 22:16:00,2016-11-20 22:17:00,1.34963,1.34963,1.34964,1.34963,1.3506,1.3506,1.3506,1.35053,4
2016-11-20 22:17:00,2016-11-20 22:18:00,1.34963,1.35067,1.35067,1.34966,1.3506,1.35093,1.35093,1.35069,32
2016-11-20 22:18:00,2016-11-20 22:19:00,1.35067,1.35045,1.35064,1.35045,1.35093,1.35094,1.35098,1.35069,14
2016-11-20 22:19:00,2016-11-20 22:21:00,1.35045,1.35045,1.35045,1.35045,1.35094,1.35094,1.35097,1.35094,2
2016-11-20 22:21:00,2016-11-20 22:24:00,1.35045,1.35045,1.35045,1.35045,1.35094,1.35099,1.35099,1.35099,1
2016-11-20 22:24:00,2016-11-20 22:27:00,1.35045,1.35046,1.35046,1.35046,1.35099,1.35099,1.35099,1.35099,1
2016-11-20 22:27:00,2016-11-20 22:28:00,1.35046,1.35045,1.35045,1.35045,1.35099,1.35099,1.35099,1.35099,1
2016-11-20 22:28:00,2016-11-20 22:29:00,1.35045,1.35036,1.35046,1.35034,1.35099,1.35106,1.35106,1.35099,8
2016-11-20 22:29:00,2016-11-20 22:30:00,1.35036,1.3503,1.35036,1.35029,1.35106,1.35101,1.35106,1.35101,8
2016-11-20 22:30:00,2016-11-20 22:31:00,1.3503,1.35026,1.35026,1.35026,1.35101,1.35101,1.35101,1.35101,1
2016-11-20 22:31:00,2016-11-20 22:32:00,1.35026,1.35025,1.35025,1.35024,1.35101,1.35101,1.35101,1.35101,2
2016-11-20 22:32:00,2016-11-20 22:33:00,1.35025,1.35024,1.35024,1.35024,1.35101,1.35101,1.35101,1.35101,1
2016-11-20 22:33:00,2016-11-20 22:34:00,1.35024,1.35024,1.35025,1.35024,1.35101,1.35101,1.35101,1.35101,2
2016-11-20 22:34:00,2016-11-20 22:35:00,1.35024,1.35024,1.35026,1.35024,1.35101,1.35101,1.35101,1.35101,2
2016-11-20 22:35:00,2016-11-20 22:36:00,1.35024,1.35024,1.35024,1.35024,1.35101,1.351,1.351,1.351,1
2016-11-20 22:36:00,2016-11-20 22:37:00,1.35024,1.35034,1.35035,1.35025,1.351,1.35096,1.35101,1.35096,7
2016-11-20 22:37:00,2016-11-20 22:38:00,1.35034,1.3503,1.35035,1.3503,1.35096,1.35097,1.35097,1.35096,4
2016-11-20 22:38:00,2016-11-20 22:39:00,1.3503,1.35028,1.35028,1.35028,1.35097,1.35097,1.35097,1.35097,1
2016-11-20 22:39:00,2016-11-20 22:40:00,1.35028,1.35013,1.35029,1.35013,1.35097,1.35084,1.35097,1.35081,20
2016-11-20 22:40:00,2016-11-20 22:41:00,1.35013,1.35016,1.35037,1.35012,1.35084,1.35085,1.35093,1.35082,44
2016-11-20 22:41:00,2016-11-20 22:42:00,1.35016,1.35001,1.35014,1.34997,1.35085,1.35072,1.35085,1.35068,18
2016-11-20 22:42:00,2016-11-20 22:43:00,1.35001,1.35018,1.35033,1.35003,1.35072,1.35048,1.35094,1.35045,57
2016-11-20 22:43:00,2016-11-20 22:44:00,1.35018,1.34961,1.35018,1.34957,1.35048,1.35032,1.35054,1.35028,31
2016-11-20 22:44:00,2016-11-20 22:45:00,1.34961,1.34961,1.34972,1.34953,1.35032,1.3501,1.35039,1.34985,29
2016-11-20 22:45:00,2016-11-20 22:46:00,1.34961,1.35002,1.35021,1.34997,1.3501,1.35064,1.35072,1.3501,104
2016-11-20 22:46:00,2016-11-20 22:47:00,1.35002,1.35005,1.35005,1.35004,1.35064,1.35066,1.35066,1.35064,4
2016-11-20 22:47:00,2016-11-20 22:48:00,1.35005,1.35005,1.35005,1.35004,1.35066,1.35066,1.35067,1.35034,28
2016-11-20 22:48:00,2016-11-20 22:49:00,1.35005,1.35006,1.35006,1.35006,1.35066,1.35066,1.35066,1.35066,1
2016-11-20 22:49:00,2016-11-20 22:50:00,1.35006,1.35005,1.35025,1.35005,1.35066,1.35064,1.35069,1.35053,57
2016-11-20 22:50:00,2016-11-20 22:51:00,1.35005,1.35006,1.35006,1.35004,1.35064,1.35059,1.35065,1.35031,34
2016-11-20 22:51:00,2016-11-20 22:52:00,1.35006,1.35004,1.35015,1.35004,1.35059,1.35063,1.35066,1.35049,15
2016-11-20 22:52:00,2016-11-20 22:53:00,1.35004,1.35005,1.35005,1.35004,1.35063,1.35063,1.35063,1.35062,4
2016-11-20 22:53:00,2016-11-20 22:55:00,1.35005,1.35015,1.35015,1.35004,1.35063,1.35062,1.35064,1.35059,7
2016-11-20 22:55:00,2016-11-20 22:56:00,1.35015,1.35016,1.35016,1.35012,1.35062,1.35061,1.35062,1.35061,3
2016-11-20 22:56:00,2016-11-20 22:57:00,1.35016,1.35022,1.35036,1.35017,1.35061,1.35086,1.35094,1.35061,24
2016-11-20 22:57:00,2016-11-20 22:58:00,1.35022,1.35022,1.35024,1.3502,1.35086,1.3509,1.3509,1.35087,9
2016-11-20 22:58:00,2016-11-20 22:59:00,1.35022,1.35014,1.35022,1.35014,1.3509,1.35085,1.35086,1.35085,9
2016-11-20 22:59:00,2016-11-20 23:00:00,1.35014,1.35017,1.35028,1.35007,1.35085,1.35064,1.35081,1.35052,50
2016-11-20 23:00:00,2016-11-20 23:01:00,1.35017,1.35022,1.35025,1.35017,1.35064,1.35069,1.35072,1.35064,18
2016-11-20 23:01:00,2016-11-20 23:02:00,1.35022,1.35019,1.35024,1.35019,1.35069,1.35063,1.35071,1.35048,45
2016-11-20 23:02:00,2016-11-20 23:03:00,1.35019,1.35016,1.35021,1.35016,1.35063,1.35057,1.35068,1.35057,26
2016-11-20 23:03:00,2016-11-20 23:04:00,1.35016,1.35007,1.35016,1.35007,1.35057,1.35035,1.35058,1.35035,78
2016-11-20 23:04:00,2016-11-20 23:05:00,1.35007,1.35007,1.3501,1.35005,1.35035,1.35036,1.35044,1.35034,64
2016-11-20 23:05:00,2016-11-20 23:06:00,1.35007,1.34996,1.3501,1.34994,1.35036,1.35028,1.35043,1.35025,75
2016-11-20 23:06:00,2016-11-20 23:07:00,1.34996,1.34994,1.34999,1.34994,1.35028,1.35023,1.35036,1.35021,77
2016-11-20 23:07:00,2016-11-20 23:08:00,1.34994,1.35025,1.35025,1.34994,1.35023,1.35059,1.3506,1.3502,107
2016-11-20 23:08:00,2016-11-20 23:09:00,1.35025,1.35015,1.35025,1.34997,1.35059,1.35052,1.3506,1.35031,142
2016-11-20 23:09:00,2016-11-20 23:10:00,1.35015,1.34998,1.35016,1.34998,1.35052,1.35031,1.35053,1.35031,68
2016-11-20 23:10:00,2016-11-20 23:11:00,1.34998,1.35021,1.35027,1.34998,1.35031,1.35058,1.35064,1.35034,173
2016-11-20 23:11:00,2016-11-20 23:12:00,1.35021,1.35021,1.35022,1.35007,1.35058,1.35058,1.35059,1.35043,190
2016-11-20 23:12:00,2016-11-20 23:13:00,1.35021,1.35026,1.35028,1.35018,1.35058,1.35064,1.35066,1.35054,66
2016-11-20 23:13:00,2016-11-20 23:14:00,1.35026,1.35035,1.35042,1.35013,1.35064,1.3507,1.35086,1.35046,412
2016-11-20 23:14:00,2016-11-20 23:15:00,1.35035,1.35027,1.35035,1.35022,1.3507,1.35063,1.3508,1.35057,154
2016-11-20 23:15:00,2016-11-20 23:16:00,1.35027,1.35027,1.3503,1.35024,1.35063,1.35063,1.35063,1.3506,49
2016-11-20 23:16:00,2016-11-20 23:17:00,1.35027,1.35026,1.3503,1.35025,1.35063,1.35063,1.35067,1.35058,112
2016-11-20 23:17:00,2016-11-20 23:18:00,1.35026,1.35037,1.35041,1.35024,1.35063,1.35072,1.35079,1.35056,112
2016-11-20 23:18:00,2016-11-20 23:19:00,1.35037,1.35046,1.35047,1.3503,1.35072,1.35079,1.35084,1.35067,173
2016-11-20 23:19:00,2016-11-20 23:20:00,1.35046,1.35046,1.3505,1.35034,1.35079,1.35084,1.35087,1.35068,414
2016-11-20 23:20:00,2016-11-20 23:21:00,1.35046,1.35053,1.35057,1.35036,1.35084,1.35086,1.35092,1.3507,505
2016-11-20 23:21:00,2016-11-20 23:22:00,1.35053,1.35041,1.35056,1.35026,1.35086,1.35078,1.35091,1.35063,233
2016-11-20 23:22:00,2016-11-20 23:23:00,1.35041,1.35052,1.35058,1.35027,1.35078,1.35087,1.35092,1.35064,318
2016-11-20 23:23:00,2016-11-20 23:24:00,1.35052,1.35045,1.35059,1.35033,1.35087,1.35082,1.35095,1.3507,333
2016-11-20 23:24:00,2016-11-20 23:25:00,1.35045,1.35048,1.35054,1.3504,1.35082,1.35086,1.35091,1.35075,402
2016-11-20 23:25:00,2016-11-20 23:26:00,1.35048,1.35049,1.35052,1.35038,1.35086,1.35082,1.3509,1.35073,119
2016-11-20 23:26:00,2016-11-20 23:27:00,1.35049,1.3505,1.35062,1.35039,1.35082,1.35087,1.35094,1.35073,277
2016-11-20 23:27:00,2016-11-20 23:28:00,1.3505,1.35048,1.35058,1.35044,1.35087,1.35084,1.35093,1.3508,91
2016-11-20 23:28:00,2016-11-20 23:29:00,1.35048,1.35046,1.35059,1.35029,1.35084,1.35081,1.3509,1.35068,208
2016-11-20 23:29:00,2016-11-20 23:30:00,1.35046,1.35052,1.3506,1.35039,1.35081,1.35088,1.35093,1.35077,88
2016-11-20 23:30:00,2016-11-20 23:31:00,1.35052,1.35055,1.35056,1.35041,1.35088,1.35092,1.35092,1.35076,92
2016-11-20 23:31:00,2016-11-20 23:32:00,1.35055,1.35056,1.35056,1.35051,1.35092,1.35096,1.35099,1.35087,103
2016-11-20 23:32:00,2016-11-20 23:33:00,1.35056,1.35054,1.35061,1.35051,1.35096,1.35091,1.35101,1.35089,90
2016-11-20 23:33:00,2016-11-20 23:34:00,1.35054,1.35064,1.35069,1.35053,1.35091,1.35103,1.35103,1.35091,119
2016-11-20 23:34:00,2016-11-20 23:35:00,1.35064,1.35062,1.35073,1.35059,1.35103,1.35098,1.35105,1.35093,166
2016-11-20 23:35:00,2016-11-20 23:36:00,1.35062,1.35046,1.35062,1.35046,1.35098,1.3508,1.351,1.35079,141
2016-11-20 23:36:00,2016-11-20 23:37:00,1.35046,1.35061,1.35065,1.35045,1.3508,1.351,1.35101,1.3508,114
2016-11-20 23:37:00,2016-11-20 23:38:00,1.35061,1.35085,1.35101,1.35057,1.351,1.35127,1.35139,1.35089,193
2016-11-20 23:38:00,2016-11-20 23:39:00,1.35085,1.35092,1.35113,1.3508,1.35127,1.35122,1.35155,1.35112,429
2016-11-20 23:39:00,2016-11-20 23:40:00,1.35092,1.35104,1.3511,1.35091,1.35122,1.35137,1.35145,1.35119,298
2016-11-20 23:40:00,2016-11-20 23:41:00,1.35104,1.35111,1.35115,1.35099,1.35137,1.35144,1.35149,1.35133,233
2016-11-20 23:41:00,2016-11-20 23:42:00,1.35111,1.35111,1.35114,1.35107,1.35144,1.35143,1.35146,1.35138,148
2016-11-20 23:42:00,2016-11-20 23:43:00,1.35111,1.35084,1.35112,1.35081,1.35143,1.3512,1.35145,1.35114,280
2016-11-20 23:43:00,2016-11-20 23:44:00,1.35084,1.35096,1.35098,1.35083,1.3512,1.35133,1.35136,1.35119,124
2016-11-20 23:44:00,2016-11-20 23:45:00,1.35096,1.35101,1.35121,1.35096,1.35133,1.35133,1.35155,1.35131,256
2016-11-20 23:45:00,2016-11-20 23:46:00,1.35101,1.35102,1.35112,1.35087,1.35133,1.35136,1.35145,1.35124,165
2016-11-20 23:46:00,2016-11-20 23:47:00,1.35102,1.35105,1.35108,1.3509,1.35136,1.35143,1.35144,1.35128,82
2016-11-20 23:47:00,2016-11-20 23:48:00,1.35105,1.35106,1.35111,1.35101,1.35143,1.35145,1.35145,1.35136,134
2016-11-20 23:48:00,2016-11-20 23:49:00,1.35106,1.35114,1.35114,1.35107,1.35145,1.35153,1.35155,1.35145,64
2016-11-20 23:49:00,2016-11-20 23:50:00,1.35114,1.35114,1.35118,1.35109,1.35153,1.35155,1.3516,1.35146,56
2016-11-20 23:50:00,2016-11-20 23:51:00,1.35114,1.35113,1.35113,1.3511,1.35155,1.35154,1.35155,1.35152,36
2016-11-20 23:51:00,2016-11-20 23:52:00,1.35113,1.3511,1.35115,1.35101,1.35154,1.35145,1.35154,1.35139,83
2016-11-20 23:52:00,2016-11-20 23:53:00,1.3511,1.35119,1.35119,1.35106,1.35145,1.35153,1.35154,1.35142,105
2016-11-20 23:53:00,2016-11-20 23:54:00,1.35119,1.3511,1.35124,1.35105,1.35153,1.35143,1.35158,1.3514,200
2016-11-20 23:54:00,2016-11-20 23:55:00,1.3511,1.351,1.35115,1.35092,1.35143,1.35136,1.35149,1.35128,198
2016-11-20 23:55:00,2016-11-20 23:56:00,1.351,1.35099,1.35109,1.35089,1.35136,1.35137,1.35144,1.3512,247
2016-11-20 23:56:00,2016-11-20 23:57:00,1.35099,1.35079,1.35098,1.35074,1.35137,1.35114,1.35134,1.35108,141
2016-11-20 23:57:00,2016-11-20 23:58:00,1.35079,1.35091,1.35092,1.3507,1.35114,1.35133,1.35137,1.35108,216
2016-11-20 23:58:00,2016-11-20 23:59:00,1.35091,1.35073,1.35091,1.35063,1.35133,1.35109,1.3513,1.35098,255
2016-11-20 23:59:00,2016-11-21 00:00:00,1.35073,1.35085,1.35096,1.35072,1.35109,1.35117,1.35127,1.35109,63
2016-11-21 00:00:00,2016-11-21 00:01:00,1.35085,1.35036,1.35093,1.3502,1.35117,1.35069,1.35124,1.35058,453
2016-11-21 00:01:00,2016-11-21 00:02:00,1.35036,1.35022,1.35045,1.34997,1.35069,1.35058,1.35077,1.35035,475
2016-11-21 00:02:00,2016-11-21 00:03:00,1.35022,1.34975,1.35018,1.34965,1.35058,1.35013,1.35058,1.35004,314
2016-11-21 00:03:00,2016-11-21 00:04:00,1.34975,1.34985,1.34985,1.34968,1.35013,1.3502,1.35021,1.35002,123
2016-11-21 00:04:00,2016-11-21 00:05:00,1.34985,1.34986,1.34997,1.34974,1.3502,1.35023,1.35035,1.35012,298
2016-11-21 00:05:00,2016-11-21 00:06:00,1.34986,1.35007,1.35023,1.34966,1.35023,1.35038,1.35048,1.34999,596
2016-11-21 00:06:00,2016-11-21 00:07:00,1.35007,1.35023,1.35024,1.34983,1.35038,1.35054,1.35058,1.3502,282
2016-11-21 00:07:00,2016-11-21 00:08:00,1.35023,1.35013,1.35024,1.34999,1.35054,1.35044,1.35055,1.35031,292
2016-11-21 00:08:00,2016-11-21 00:09:00,1.35013,1.34963,1.35014,1.34947,1.35044,1.35001,1.35047,1.34987,330
2016-11-21 00:09:00,2016-11-21 00:10:00,1.34963,1.34971,1.34982,1.34959,1.35001,1.35007,1.35021,1.34994,349
2016-11-21 00:10:00,2016-11-21 00:11:00,1.34971,1.34975,1.34989,1.34966,1.35007,1.35014,1.35027,1.35001,337
2016-11-21 00:11:00,2016-11-21 00:12:00,1.34975,1.35013,1.35018,1.34968,1.35014,1.35048,1.35056,1.35004,354
2016-11-21 00:12:00,2016-11-21 00:13:00,1.35013,1.34998,1.35013,1.34987,1.35048,1.35034,1.3505,1.3502,176
2016-11-21 00:13:00,2016-11-21 00:14:00,1.34998,1.34991,1.35009,1.34972,1.35034,1.35025,1.35044,1.35008,252
2016-11-21 00:14:00,2016-11-21 00:15:00,1.34991,1.34982,1.34992,1.34974,1.35025,1.35015,1.35028,1.35006,157
2016-11-21 00:15:00,2016-11-21 00:16:00,1.34982,1.34991,1.34993,1.34977,1.35015,1.35027,1.35029,1.35013,168
2016-11-21 00:16:00,2016-11-21 00:17:00,1.34991,1.34983,1.34991,1.34969,1.35027,1.35018,1.35027,1.35005,170
2016-11-21 00:17:00,2016-11-21 00:18:00,1.34983,1.3498,1.34991,1.34971,1.35018,1.35014,1.35025,1.35004,184
2016-11-21 00:18:00,2016-11-21 00:19:00,1.3498,1.34983,1.34989,1.34969,1.35014,1.35013,1.35023,1.34999,306
2016-11-21 00:19:00,2016-11-21 00:20:00,1.34983,1.34981,1.35005,1.34973,1.35013,1.35015,1.35031,1.35007,292
2016-11-21 00:20:00,2016-11-21 00:21:00,1.34981,1.34991,1.34996,1.34974,1.35015,1.35025,1.35029,1.35007,288
2016-11-21 00:21:00,2016-11-21 00:22:00,1.34991,1.34983,1.34995,1.34965,1.35025,1.35012,1.35028,1.34993,511
2016-11-21 00:22:00,2016-11-21 00:23:00,1.34983,1.34976,1.34995,1.34967,1.35012,1.35003,1.35018,1.34994,477
2016-11-21 00:23:00,2016-11-21 00:24:00,1.34976,1.34953,1.34998,1.3495,1.35003,1.34985,1.35024,1.34983,603
2016-11-21 00:24:00,2016-11-21 00:25:00,1.34953,1.34876,1.34961,1.34856,1.34985,1.34911,1.34994,1.34894,976
2016-11-21 00:25:00,2016-11-21 00:26:00,1.34876,1.3489,1.349,1.34804,1.34911,1.34926,1.34932,1.34852,658
2016-11-21 00:26:00,2016-11-21 00:27:00,1.3489,1.34867,1.34901,1.34858,1.34926,1.34904,1.34936,1.34895,507
2016-11-21 00:27:00,2016-11-21 00:28:00,1.34867,1.34839,1.3487,1.34839,1.34904,1.34873,1.34905,1.34873,400
2016-11-21 00:28:00,2016-11-21 00:29:00,1.34839,1.34864,1.3487,1.34833,1.34873,1.34897,1.34905,1.34869,647
2016-11-21 00:29:00,2016-11-21 00:30:00,1.34864,1.34856,1.34865,1.34836,1.34897,1.3489,1.34901,1.34872,507
2016-11-21 00:30:00,2016-11-21 00:31:00,1.34856,1.34862,1.34879,1.34847,1.3489,1.34898,1.34914,1.34884,1047
2016-11-21 00:31:00,2016-11-21 00:32:00,1.34862,1.34858,1.34872,1.34849,1.34898,1.34893,1.34908,1.34885,575
2016-11-21 00:32:00,2016-11-21 00:33:00,1.34858,1.34843,1.34862,1.34836,1.34893,1.34875,1.34898,1.34873,147
2016-11-21 00:33:00,2016-11-21 00:34:00,1.34843,1.34841,1.34844,1.34826,1.34875,1.34875,1.34875,1.34863,151
2016-11-21 00:34:00,2016-11-21 00:35:00,1.34841,1.34821,1.34848,1.34813,1.34875,1.34847,1.34878,1.34842,566
2016-11-21 00:35:00,2016-11-21 00:36:00,1.34821,1.34778,1.3482,1.34762,1.34847,1.34811,1.34848,1.34796,480
2016-11-21 00:36:00,2016-11-21 00:37:00,1.34778,1.34786,1.34792,1.34769,1.34811,1.34819,1.34824,1.34803,302
2016-11-21 00:37:00,2016-11-21 00:38:00,1.34786,1.34777,1.34794,1.34764,1.34819,1.34813,1.3483,1.34799,519
2016-11-21 00:38:00,2016-11-21 00:39:00,1.34777,1.34768,1.3478,1.34759,1.34813,1.348,1.34813,1.34789,470
2016-11-21 00:39:00,2016-11-21 00:40:00,1.34768,1.34769,1.34781,1.34765,1.348,1.34803,1.34815,1.348,344
2016-11-21 00:40:00,2016-11-21 00:41:00,1.34769,1.34771,1.34779,1.34764,1.34803,1.34806,1.34815,1.34796,436
2016-11-21 00:41:00,2016-11-21 00:42:00,1.34771,1.34768,1.34771,1.34764,1.34806,1.34801,1.34807,1.34796,331
2016-11-21 00:42:00,2016-11-21 00:43:00,1.34768,1.34762,1.34769,1.34751,1.34801,1.34795,1.34804,1.34786,206
2016-11-21 00:43:00,2016-11-21 00:44:00,1.34762,1.34759,1.34772,1.34756,1.34795,1.34794,1.34806,1.34789,159
2016-11-21 00:44:00,2016-11-21 00:45:00,1.34759,1.34745,1.34765,1.34743,1.34794,1.34779,1.34798,1.34776,442
2016-11-21 00:45:00,2016-11-21 00:46:00,1.34745,1.34749,1.34755,1.34742,1.34779,1.34783,1.3479,1.34771,181
2016-11-21 00:46:00,2016-11-21 00:47:00,1.34749,1.34753,1.34763,1.34749,1.34783,1.34789,1.34798,1.34784,111
2016-11-21 00:47:00,2016-11-21 00:48:00,1.34753,1.34786,1.3479,1.34753,1.34789,1.34822,1.34826,1.3479,277
2016-11-21 00:48:00,2016-11-21 00:49:00,1.34786,1.34761,1.34796,1.34757,1.34822,1.34797,1.34826,1.34794,334
2016-11-21 00:49:00,2016-11-21 00:50:00,1.34761,1.34752,1.34768,1.34752,1.34797,1.34786,1.34806,1.34786,160
2016-11-21 00:50:00,2016-11-21 00:51:00,1.34752,1.3477,1.34771,1.34752,1.34786,1.34796,1.34805,1.34784,317
2016-11-21 00:51:00,2016-11-21 00:52:00,1.3477,1.34761,1.34771,1.34751,1.34796,1.34796,1.34809,1.34787,350
2016-11-21 00:52:00,2016-11-21 00:53:00,1.34761,1.3476,1.34771,1.34753,1.34796,1.34794,1.34808,1.34789,181
2016-11-21 00:53:00,2016-11-21 00:54:00,1.3476,1.34767,1.34785,1.34752,1.34794,1.34802,1.34812,1.34788,299
2016-11-21 00:54:00,2016-11-21 00:55:00,1.34767,1.34779,1.34795,1.34751,1.34802,1.34817,1.34829,1.34789,421
2016-11-21 00:55:00,2016-11-21 00:56:00,1.34779,1.3478,1.34787,1.34771,1.34817,1.34811,1.34828,1.348,251
2016-11-21 00:56:00,2016-11-21 00:57:00,1.3478,1.34773,1.34787,1.34765,1.34811,1.34807,1.34818,1.34799,342
2016-11-21 00:57:00,2016-11-21 00:58:00,1.34773,1.34793,1.34802,1.34759,1.34807,1.34828,1.34831,1.34786,473
2016-11-21 00:58:00,2016-11-21 00:59:00,1.34793,1.34777,1.34805,1.34763,1.34828,1.34816,1.34844,1.34786,564
2016-11-21 00:59:00,2016-11-21 01:00:00,1.34777,1.3478,1.34801,1.34769,1.34816,1.34815,1.34833,1.34805,638
2016-11-21 01:00:00,2016-11-21 01:01:00,1.3478,1.34773,1.3478,1.34758,1.34815,1.34806,1.34816,1.34795,245
2016-11-21 01:01:00,2016-11-21 01:02:00,1.34773,1.34807,1.34807,1.34754,1.34806,1.34837,1.34838,1.34785,763
2016-11-21 01:02:00,2016-11-21 01:03:00,1.34807,1.34807,1.34818,1.34794,1.34837,1.34841,1.34852,1.34825,245
2016-11-21 01:03:00,2016-11-21 01:04:00,1.34807,1.34823,1.34832,1.34803,1.34841,1.34857,1.34862,1.34838,265
2016-11-21 01:04:00,2016-11-21 01:05:00,1.34823,1.34807,1.34825,1.34805,1.34857,1.34839,1.34858,1.34835,178
2016-11-21 01:05:00,2016-11-21 01:06:00,1.34807,1.34816,1.34831,1.34808,1.34839,1.3485,1.3486,1.34836,257
2016-11-21 01:06:00,2016-11-21 01:07:00,1.34816,1.34824,1.34837,1.34816,1.3485,1.34857,1.34863,1.3484,89
2016-11-21 01:07:00,2016-11-21 01:08:00,1.34824,1.34789,1.34828,1.34787,1.34857,1.34815,1.34858,1.34811,222
2016-11-21 01:08:00,2016-11-21 01:09:00,1.34789,1.34804,1.34806,1.34787,1.34815,1.3483,1.34837,1.34813,139
2016-11-21 01:09:00,2016-11-21 01:10:00,1.34804,1.3481,1.34813,1.34793,1.3483,1.34838,1.34839,1.34818,140
2016-11-21 01:10:00,2016-11-21 01:11:00,1.3481,1.34807,1.3481,1.34794,1.34838,1.34828,1.34841,1.3482,157
2016-11-21 01:11:00,2016-11-21 01:12:00,1.34807,1.34805,1.34812,1.34799,1.34828,1.34828,1.34842,1.34826,146
2016-11-21 01:12:00,2016-11-21 01:13:00,1.34805,1.34838,1.3484,1.34801,1.34828,1.34869,1.3487,1.34828,478
2016-11-21 01:13:00,2016-11-21 01:14:00,1.34838,1.34823,1.34859,1.34818,1.34869,1.34858,1.34887,1.3485,583
2016-11-21 01:14:00,2016-11-21 01:15:00,1.34823,1.34808,1.34829,1.34806,1.34858,1.34831,1.34862,1.34828,260
2016-11-21 01:15:00,2016-11-21 01:16:00,1.34808,1.34789,1.3481,1.34788,1.34831,1.34812,1.34837,1.34811,210
2016-11-21 01:16:00,2016-11-21 01:17:00,1.34789,1.34809,1.34811,1.34786,1.34812,1.34834,1.34837,1.34811,164
2016-11-21 01:17:00,2016-11-21 01:18:00,1.34809,1.34813,1.34825,1.34799,1.34834,1.3484,1.34852,1.34824,313
2016-11-21 01:18:00,2016-11-21 01:19:00,1.34813,1.34808,1.34819,1.34806,1.3484,1.34838,1.34846,1.3483,296
2016-11-21 01:19:00,2016-11-21 01:20:00,1.34808,1.34826,1.34833,1.34797,1.34838,1.3485,1.34856,1.34823,306
2016-11-21 01:20:00,2016-11-21 01:21:00,1.34826,1.34816,1.34826,1.34808,1.3485,1.3484,1.3485,1.34834,546
2016-11-21 01:21:00,2016-11-21 01:22:00,1.34816,1.34806,1.34827,1.34802,1.3484,1.34837,1.34855,1.34828,556
2016-11-21 01:22:00,2016-11-21 01:23:00,1.34806,1.34776,1.34813,1.34772,1.34837,1.34801,1.34837,1.34798,660
2016-11-21 01:23:00,2016-11-21 01:24:00,1.34776,1.34788,1.34795,1.34766,1.34801,1.34815,1.34821,1.34792,402
2016-11-21 01:24:00,2016-11-21 01:25:00,1.34788,1.34777,1.34789,1.34774,1.34815,1.34805,1.34814,1.34797,208
2016-11-21 01:25:00,2016-11-21 01:26:00,1.34777,1.34812,1.34814,1.34781,1.34805,1.34838,1.34839,1.34804,183
2016-11-21 01:26:00,2016-11-21 01:27:00,1.34812,1.34776,1.34811,1.34774,1.34838,1.34804,1.34837,1.34799,474
2016-11-21 01:27:00,2016-11-21 01:28:00,1.34776,1.34781,1.34795,1.34776,1.34804,1.34807,1.3482,1.34805,227
2016-11-21 01:28:00,2016-11-21 01:29:00,1.34781,1.34752,1.34783,1.34751,1.34807,1.34782,1.34809,1.34776,295
2016-11-21 01:29:00,2016-11-21 01:30:00,1.34752,1.34759,1.3476,1.34741,1.34782,1.34782,1.34785,1.34765,138
2016-11-21 01:30:00,2016-11-21 01:31:00,1.34759,1.34759,1.34759,1.34752,1.34782,1.34783,1.34783,1.34777,54
2016-11-21 01:31:00,2016-11-21 01:32:00,1.34759,1.34759,1.3476,1.34755,1.34783,1.34784,1.34785,1.3478,54
2016-11-21 01:32:00,2016-11-21 01:33:00,1.34759,1.34766,1.34768,1.34756,1.34784,1.3479,1.34792,1.34779,144
2016-11-21 01:33:00,2016-11-21 01:34:00,1.34766,1.34747,1.34767,1.3474,1.3479,1.3477,1.34791,1.34766,539
2016-11-21 01:34:00,2016-11-21 01:35:00,1.34747,1.34744,1.34755,1.34742,1.3477,1.3477,1.34778,1.34767,382
2016-11-21 01:35:00,2016-11-21 01:36:00,1.34744,1.34713,1.34743,1.34701,1.3477,1.34741,1.34769,1.3472,503
2016-11-21 01:36:00,2016-11-21 01:37:00,1.34713,1.34706,1.34717,1.34705,1.34741,1.34731,1.34743,1.34729,200
2016-11-21 01:37:00,2016-11-21 01:38:00,1.34706,1.34703,1.34715,1.34702,1.34731,1.34729,1.34741,1.34728,227
2016-11-21 01:38:00,2016-11-21 01:39:00,1.34703,1.34707,1.34709,1.347,1.34729,1.34734,1.34735,1.34725,340
2016-11-21 01:39:00,2016-11-21 01:40:00,1.34707,1.34648,1.34709,1.34644,1.34734,1.34673,1.34737,1.3467,824
2016-11-21 01:40:00,2016-11-21 01:41:00,1.34648,1.34658,1.3466,1.34639,1.34673,1.3469,1.3469,1.34665,337
2016-11-21 01:41:00,2016-11-21 01:42:00,1.34658,1.34665,1.34671,1.34654,1.3469,1.34697,1.347,1.3468,333
2016-11-21 01:42:00,2016-11-21 01:43:00,1.34665,1.34687,1.34687,1.34664,1.34697,1.34713,1.34714,1.34692,349
2016-11-21 01:43:00,2016-11-21 01:44:00,1.34687,1.34682,1.34687,1.34671,1.34713,1.34708,1.34715,1.34699,304
2016-11-21 01:44:00,2016-11-21 01:45:00,1.34682,1.34674,1.34682,1.34665,1.34708,1.34698,1.34709,1.34692,261
2016-11-21 01:45:00,2016-11-21 01:46:00,1.34674,1.34673,1.34683,1.34672,1.34698,1.34698,1.34708,1.34696,360
2016-11-21 01:46:00,2016-11-21 01:47:00,1.34673,1.34675,1.34685,1.34666,1.34698,1.34696,1.34707,1.34691,339
2016-11-21 01:47:00,2016-11-21 01:48:00,1.34675,1.34681,1.34683,1.34665,1.34696,1.34702,1.34707,1.34688,306
2016-11-21 01:48:00,2016-11-21 01:49:00,1.34681,1.34682,1.34691,1.34677,1.34702,1.34706,1.34712,1.34699,171
2016-11-21 01:49:00,2016-11-21 01:50:00,1.34682,1.34682,1.34686,1.34678,1.34706,1.34703,1.34711,1.34701,83
2016-11-21 01:50:00,2016-11-21 01:51:00,1.34682,1.34686,1.34689,1.34677,1.34703,1.34706,1.34711,1.347,209
2016-11-21 01:51:00,2016-11-21 01:52:00,1.34686,1.34693,1.34697,1.34683,1.34706,1.34715,1.3472,1.34704,380
2016-11-21 01:52:00,2016-11-21 01:53:00,1.34693,1.34684,1.34694,1.34678,1.34715,1.34707,1.34716,1.347,205
2016-11-21 01:53:00,2016-11-21 01:54:00,1.34684,1.34696,1.3471,1.34683,1.34707,1.34721,1.34733,1.34707,186
2016-11-21 01:54:00,2016-11-21 01:55:00,1.34696,1.34708,1.34717,1.34696,1.34721,1.34732,1.34743,1.3472,292
2016-11-21 01:55:00,2016-11-21 01:56:00,1.34708,1.34705,1.34709,1.34694,1.34732,1.34732,1.34734,1.34719,174
2016-11-21 01:56:00,2016-11-21 01:57:00,1.34705,1.34704,1.34718,1.34693,1.34732,1.34733,1.34745,1.34721,517
2016-11-21 01:57:00,2016-11-21 01:58:00,1.34704,1.34712,1.34725,1.34702,1.34733,1.3474,1.34751,1.3473,427
2016-11-21 01:58:00,2016-11-21 01:59:00,1.34712,1.34701,1.34719,1.34691,1.3474,1.3473,1.34748,1.34719,509
2016-11-21 01:59:00,2016-11-21 02:00:00,1.34701,1.34704,1.34707,1.34684,1.3473,1.34733,1.34734,1.34712,154
2016-11-21 02:00:00,2016-11-21 02:01:00,1.34704,1.34701,1.34711,1.34694,1.34733,1.34728,1.34739,1.34721,236
2016-11-21 02:01:00,2016-11-21 02:02:00,1.34701,1.3471,1.34715,1.34699,1.34728,1.34735,1.34738,1.34724,180
2016-11-21 02:02:00,2016-11-21 02:03:00,1.3471,1.34712,1.34713,1.34701,1.34735,1.34738,1.3474,1.34728,91
2016-11-21 02:03:00,2016-11-21 02:04:00,1.34712,1.34702,1.34723,1.34702,1.34738,1.3473,1.34749,1.3473,184
2016-11-21 02:04:00,2016-11-21 02:05:00,1.34702,1.3468,1.34707,1.3468,1.3473,1.34712,1.34734,1.34711,314
2016-11-21 02:05:00,2016-11-21 02:06:00,1.3468,1.34688,1.3469,1.34677,1.34712,1.34715,1.34719,1.34706,127
2016-11-21 02:06:00,2016-11-21 02:07:00,1.34688,1.34693,1.34693,1.3468,1.34715,1.3472,1.3472,1.34708,76
2016-11-21 02:07:00,2016-11-21 02:08:00,1.34693,1.34681,1.34693,1.34677,1.3472,1.34711,1.34721,1.34705,105
2016-11-21 02:08:00,2016-11-21 02:09:00,1.34681,1.34692,1.34693,1.34681,1.34711,1.3472,1.3472,1.3471,85
2016-11-21 02:09:00,2016-11-21 02:10:00,1.34692,1.3469,1.34694,1.34677,1.3472,1.34718,1.34721,1.34705,213
2016-11-21 02:10:00,2016-11-21 02:11:00,1.3469,1.34694,1.34694,1.34689,1.34718,1.3472,1.34722,1.34717,52
2016-11-21 02:11:00,2016-11-21 02:12:00,1.34694,1.34694,1.34695,1.34692,1.3472,1.34721,1.34721,1.34719,33
2016-11-21 02:12:00,2016-11-21 02:13:00,1.34694,1.34695,1.34699,1.34692,1.34721,1.34721,1.34726,1.34719,70
2016-11-21 02:13:00,2016-11-21 02:14:00,1.34695,1.34694,1.34713,1.34689,1.34721,1.34722,1.34741,1.34717,147
2016-11-21 02:14:00,2016-11-21 02:15:00,1.34694,1.34669,1.34702,1.34659,1.34722,1.34695,1.34728,1.34687,216
2016-11-21 02:15:00,2016-11-21 02:16:00,1.34669,1.34671,1.34672,1.34665,1.34695,1.34697,1.347,1.34693,54
2016-11-21 02:16:00,2016-11-21 02:17:00,1.34671,1.34672,1.34674,1.34664,1.34697,1.34698,1.347,1.34693,96
2016-11-21 02:17:00,2016-11-21 02:18:00,1.34672,1.34674,1.34674,1.3467,1.34698,1.34698,1.34699,1.34697,39
2016-11-21 02:18:00,2016-11-21 02:19:00,1.34674,1.34666,1.34674,1.34663,1.34698,1.34693,1.34699,1.34689,174
2016-11-21 02:19:00,2016-11-21 02:20:00,1.34666,1.34669,1.34674,1.34663,1.34693,1.34698,1.34701,1.34692,143
2016-11-21 02:20:00,2016-11-21 02:21:00,1.34669,1.34672,1.34675,1.34664,1.34698,1.34701,1.34703,1.34692,108
2016-11-21 02:21:00,2016-11-21 02:22:00,1.34672,1.34684,1.34684,1.34672,1.34701,1.3471,1.3471,1.34701,35
2016-11-21 02:22:00,2016-11-21 02:23:00,1.34684,1.34664,1.34688,1.3466,1.3471,1.34691,1.34718,1.34687,200
2016-11-21 02:23:00,2016-11-21 02:24:00,1.34664,1.34664,1.34687,1.34659,1.34691,1.34688,1.34711,1.34682,260
2016-11-21 02:24:00,2016-11-21 02:25:00,1.34664,1.34667,1.34669,1.34663,1.34688,1.34689,1.34691,1.34686,63
2016-11-21 02:25:00,2016-11-21 02:26:00,1.34667,1.3467,1.34671,1.34666,1.34689,1.34691,1.34691,1.34689,58
2016-11-21 02:26:00,2016-11-21 02:27:00,1.3467,1.34664,1.3467,1.34663,1.34691,1.34688,1.34692,1.34688,111
2016-11-21 02:27:00,2016-11-21 02:28:00,1.34664,1.34675,1.34675,1.34664,1.34688,1.34696,1.34699,1.34687,101
2016-11-21 02:28:00,2016-11-21 02:29:00,1.34675,1.34689,1.34692,1.34674,1.34696,1.34718,1.34719,1.34696,122
2016-11-21 02:29:00,2016-11-21 02:30:00,1.34689,1.34661,1.34689,1.34659,1.34718,1.34687,1.34719,1.34682,303
2016-11-21 02:30:00,2016-11-21 02:31:00,1.34661,1.34665,1.34676,1.34659,1.34687,1.34688,1.34704,1.34685,267
2016-11-21 02:31:00,2016-11-21 02:32:00,1.34665,1.34687,1.34687,1.34663,1.34688,1.34715,1.34715,1.34687,170
2016-11-21 02:32:00,2016-11-21 02:33:00,1.34687,1.34689,1.34695,1.34685,1.34715,1.34718,1.34721,1.34712,225
2016-11-21 02:33:00,2016-11-21 02:34:00,1.34689,1.34695,1.34696,1.34683,1.34718,1.34718,1.3472,1.3471,355
2016-11-21 02:34:00,2016-11-21 02:35:00,1.34695,1.34689,1.34695,1.34682,1.34718,1.34718,1.34721,1.34706,289
2016-11-21 02:35:00,2016-11-21 02:36:00,1.34689,1.34672,1.3469,1.34671,1.34718,1.34697,1.34719,1.34697,208
2016-11-21 02:36:00,2016-11-21 02:37:00,1.34672,1.34666,1.34684,1.3466,1.34697,1.34692,1.3471,1.34686,324
2016-11-21 02:37:00,2016-11-21 02:38:00,1.34666,1.34677,1.34679,1.34666,1.34692,1.34704,1.34707,1.34692,408
2016-11-21 02:38:00,2016-11-21 02:39:00,1.34677,1.34681,1.34682,1.34668,1.34704,1.34705,1.34708,1.34695,228
2016-11-21 02:39:00,2016-11-21 02:40:00,1.34681,1.34681,1.34686,1.3468,1.34705,1.34706,1.34714,1.34704,134
2016-11-21 02:40:00,2016-11-21 02:41:00,1.34681,1.34686,1.34688,1.34682,1.34706,1.34712,1.34714,1.34707,148
2016-11-21 02:41:00,2016-11-21 02:42:00,1.34686,1.34689,1.34689,1.34684,1.34712,1.34716,1.34716,1.34708,112
2016-11-21 02:42:00,2016-11-21 02:43:00,1.34689,1.34684,1.34691,1.34684,1.34716,1.34711,1.34717,1.3471,194
2016-11-21 02:43:00,2016-11-21 02:44:00,1.34684,1.34687,1.34689,1.34685,1.34711,1.34714,1.34717,1.34711,117
2016-11-21 02:44:00,2016-11-21 02:45:00,1.34687,1.34714,1.34719,1.34685,1.34714,1.3474,1.34746,1.34712,202
2016-11-21 02:45:00,2016-11-21 02:46:00,1.34714,1.34714,1.34718,1.34714,1.3474,1.34739,1.34744,1.34739,196
2016-11-21 02:46:00,2016-11-21 02:47:00,1.34714,1.34714,1.34716,1.34707,1.34739,1.3474,1.34742,1.34732,210
2016-11-21 02:47:00,2016-11-21 02:48:00,1.34714,1.34726,1.34728,1.34712,1.3474,1.34751,1.34754,1.34737,219
2016-11-21 02:48:00,2016-11-21 02:49:00,1.34726,1.34749,1.3475,1.34725,1.34751,1.34776,1.34779,1.34751,479
2016-11-21 02:49:00,2016-11-21 02:50:00,1.34749,1.34722,1.34749,1.34716,1.34776,1.34751,1.34777,1.34746,317
2016-11-21 02:50:00,2016-11-21 02:51:00,1.34722,1.34696,1.34723,1.34693,1.34751,1.34723,1.34751,1.34719,390
2016-11-21 02:51:00,2016-11-21 02:52:00,1.34696,1.34695,1.34703,1.34691,1.34723,1.34721,1.34728,1.34716,174
2016-11-21 02:52:00,2016-11-21 02:53:00,1.34695,1.34706,1.34713,1.34691,1.34721,1.34731,1.34733,1.34717,271
2016-11-21 02:53:00,2016-11-21 02:54:00,1.34706,1.34722,1.34725,1.34706,1.34731,1.34748,1.34752,1.34731,164
2016-11-21 02:54:00,2016-11-21 02:55:00,1.34722,1.34751,1.34751,1.34718,1.34748,1.34777,1.34778,1.34744,323
2016-11-21 02:55:00,2016-11-21 02:56:00,1.34751,1.34773,1.34782,1.3475,1.34777,1.34798,1.34807,1.34775,495
2016-11-21 02:56:00,2016-11-21 02:57:00,1.34773,1.34754,1.34775,1.3475,1.34798,1.34779,1.348,1.34776,329
2016-11-21 02:57:00,2016-11-21 02:58:00,1.34754,1.34753,1.34756,1.34741,1.34779,1.34777,1.34782,1.34766,317
2016-11-21 02:58:00,2016-11-21 02:59:00,1.34753,1.34741,1.34753,1.34728,1.34777,1.34767,1.34775,1.34754,236
2016-11-21 02:59:00,2016-11-21 03:00:00,1.34741,1.34749,1.34757,1.34734,1.34767,1.34774,1.34784,1.34762,248
2016-11-21 03:00:00,2016-11-21 03:01:00,1.34749,1.34745,1.34754,1.34739,1.34774,1.34772,1.34779,1.34764,206
2016-11-21 03:01:00,2016-11-21 03:02:00,1.34745,1.34737,1.34747,1.34725,1.34772,1.34763,1.34772,1.3475,270
2016-11-21 03:02:00,2016-11-21 03:03:00,1.34737,1.34753,1.34758,1.34737,1.34763,1.34779,1.34782,1.34762,305
2016-11-21 03:03:00,2016-11-21 03:04:00,1.34753,1.34747,1.34759,1.34742,1.34779,1.3477,1.34787,1.34768,435
2016-11-21 03:04:00,2016-11-21 03:05:00,1.34747,1.34734,1.34749,1.34712,1.3477,1.3476,1.34776,1.34737,386
2016-11-21 03:05:00,2016-11-21 03:06:00,1.34734,1.34746,1.34747,1.34713,1.3476,1.34774,1.34774,1.34738,350
2016-11-21 03:06:00,2016-11-21 03:07:00,1.34746,1.34753,1.34757,1.34741,1.34774,1.34777,1.34781,1.34765,233
2016-11-21 03:07:00,2016-11-21 03:08:00,1.34753,1.34753,1.34755,1.34744,1.34777,1.34779,1.34782,1.3477,215
2016-11-21 03:08:00,2016-11-21 03:09:00,1.34753,1.34753,1.34763,1.34749,1.34779,1.34781,1.3479,1.34776,336
2016-11-21 03:09:00,2016-11-21 03:10:00,1.34753,1.34742,1.34763,1.34738,1.34781,1.34773,1.34791,1.34763,225
2016-11-21 03:10:00,2016-11-21 03:11:00,1.34742,1.34779,1.34782,1.3474,1.34773,1.34804,1.34808,1.34766,644
2016-11-21 03:11:00,2016-11-21 03:12:00,1.34779,1.3479,1.34793,1.34766,1.34804,1.34816,1.34818,1.34794,442
2016-11-21 03:12:00,2016-11-21 03:13:00,1.3479,1.34784,1.34793,1.34776,1.34816,1.34811,1.34819,1.34804,351
2016-11-21 03:13:00,2016-11-21 03:14:00,1.34784,1.34781,1.34798,1.34781,1.34811,1.3481,1.34823,1.3481,183
2016-11-21 03:14:00,2016-11-21 03:15:00,1.34781,1.34764,1.3478,1.34759,1.3481,1.34794,1.34809,1.34785,244
2016-11-21 03:15:00,2016-11-21 03:16:00,1.34764,1.34762,1.34766,1.34753,1.34794,1.34786,1.34793,1.34783,136
2016-11-21 03:16:00,2016-11-21 03:17:00,1.34762,1.34762,1.34768,1.34761,1.34786,1.34783,1.34793,1.34783,128
2016-11-21 03:17:00,2016-11-21 03:18:00,1.34762,1.34761,1.34766,1.34761,1.34783,1.34789,1.34791,1.34783,49
2016-11-21 03:18:00,2016-11-21 03:19:00,1.34761,1.34761,1.34763,1.34748,1.34789,1.34781,1.34789,1.34776,74
2016-11-21 03:19:00,2016-11-21 03:20:00,1.34761,1.34761,1.34763,1.34758,1.34781,1.34787,1.34789,1.34778,223
2016-11-21 03:20:00,2016-11-21 03:21:00,1.34761,1.3476,1.34767,1.34759,1.34787,1.34787,1.34793,1.34786,124
2016-11-21 03:21:00,2016-11-21 03:22:00,1.3476,1.34784,1.34784,1.34759,1.34787,1.34807,1.34809,1.34785,97
2016-11-21 03:22:00,2016-11-21 03:23:00,1.34784,1.34788,1.34791,1.34784,1.34807,1.3481,1.34817,1.34809,98
2016-11-21 03:23:00,2016-11-21 03:24:00,1.34788,1.34789,1.34792,1.34784,1.3481,1.34812,1.34816,1.3481,117
2016-11-21 03:24:00,2016-11-21 03:25:00,1.34789,1.3479,1.34792,1.34786,1.34812,1.34814,1.34818,1.34811,149
2016-11-21 03:25:00,2016-11-21 03:26:00,1.3479,1.34825,1.34831,1.34787,1.34814,1.3485,1.34857,1.34812,546
2016-11-21 03:26:00,2016-11-21 03:27:00,1.34825,1.34836,1.34842,1.34813,1.3485,1.3486,1.34863,1.3484,400
2016-11-21 03:27:00,2016-11-21 03:28:00,1.34836,1.34851,1.34851,1.34832,1.3486,1.34872,1.34872,1.34857,289
2016-11-21 03:28:00,2016-11-21 03:29:00,1.34851,1.34843,1.34849,1.34839,1.34872,1.34869,1.34872,1.34863,115
2016-11-21 03:29:00,2016-11-21 03:30:00,1.34843,1.34867,1.3487,1.34841,1.34869,1.34895,1.34898,1.34867,283
2016-11-21 03:30:00,2016-11-21 03:31:00,1.34867,1.34871,1.34872,1.34853,1.34895,1.34898,1.34898,1.34878,181
2016-11-21 03:31:00,2016-11-21 03:32:00,1.34871,1.34882,1.34888,1.3486,1.34898,1.34907,1.34911,1.34885,351
2016-11-21 03:32:00,2016-11-21 03:33:00,1.34882,1.34882,1.34891,1.34868,1.34907,1.34907,1.34916,1.34893,263
2016-11-21 03:33:00,2016-11-21 03:34:00,1.34882,1.34876,1.3489,1.34876,1.34907,1.34904,1.34916,1.34901,142
2016-11-21 03:34:00,2016-11-21 03:35:00,1.34876,1.34873,1.34881,1.34865,1.34904,1.34898,1.34906,1.34889,181
2016-11-21 03:35:00,2016-11-21 03:36:00,1.34873,1.34871,1.34881,1.34858,1.34898,1.34898,1.34908,1.34884,187
2016-11-21 03:36:00,2016-11-21 03:37:00,1.34871,1.34868,1.34871,1.34863,1.34898,1.34896,1.34898,1.34891,75
2016-11-21 03:37:00,2016-11-21 03:38:00,1.34868,1.3486,1.3487,1.34859,1.34896,1.34886,1.34898,1.34885,104
2016-11-21 03:38:00,2016-11-21 03:39:00,1.3486,1.34863,1.34881,1.3486,1.34886,1.34892,1.34907,1.34887,217
2016-11-21 03:39:00,2016-11-21 03:40:00,1.34863,1.3485,1.34866,1.34849,1.34892,1.34878,1.34893,1.34876,103
2016-11-21 03:40:00,2016-11-21 03:41:00,1.3485,1.3485,1.34856,1.34848,1.34878,1.34878,1.34883,1.34874,146
2016-11-21 03:41:00,2016-11-21 03:42:00,1.3485,1.34846,1.34852,1.34846,1.34878,1.34873,1.34879,1.34873,69
2016-11-21 03:42:00,2016-11-21 03:43:00,1.34846,1.34842,1.34849,1.34842,1.34873,1.34869,1.34876,1.34869,40
2016-11-21 03:43:00,2016-11-21 03:44:00,1.34842,1.34889,1.34889,1.34839,1.34869,1.34912,1.34912,1.34865,188
2016-11-21 03:44:00,2016-11-21 03:45:00,1.34889,1.34826,1.34891,1.34823,1.34912,1.34853,1.34913,1.34849,510
2016-11-21 03:45:00,2016-11-21 03:46:00,1.34826,1.34835,1.34843,1.34825,1.34853,1.34861,1.34866,1.34851,160
2016-11-21 03:46:00,2016-11-21 03:47:00,1.34835,1.3484,1.34854,1.34835,1.34861,1.34866,1.3488,1.34862,185
2016-11-21 03:47:00,2016-11-21 03:48:00,1.3484,1.34857,1.34862,1.3483,1.34866,1.34882,1.3489,1.34857,295
2016-11-21 03:48:00,2016-11-21 03:49:00,1.34857,1.34856,1.34864,1.34855,1.34882,1.34883,1.3489,1.3488,136
2016-11-21 03:49:00,2016-11-21 03:50:00,1.34856,1.34872,1.3488,1.34856,1.34883,1.34897,1.34908,1.34882,134
2016-11-21 03:50:00,2016-11-21 03:51:00,1.34872,1.34854,1.34872,1.34846,1.34897,1.34884,1.34898,1.34873,226
2016-11-21 03:51:00,2016-11-21 03:52:00,1.34854,1.34824,1.34861,1.34822,1.34884,1.34854,1.34889,1.3485,258
2016-11-21 03:52:00,2016-11-21 03:53:00,1.34824,1.34819,1.34827,1.3481,1.34854,1.34846,1.34855,1.34838,285
2016-11-21 03:53:00,2016-11-21 03:54:00,1.34819,1.34818,1.3482,1.34817,1.34846,1.34846,1.34847,1.34844,71
2016-11-21 03:54:00,2016-11-21 03:55:00,1.34818,1.34828,1.34833,1.34819,1.34846,1.34856,1.34858,1.34846,114
2016-11-21 03:55:00,2016-11-21 03:56:00,1.34828,1.34823,1.3483,1.3482,1.34856,1.34846,1.34858,1.34842,61
2016-11-21 03:56:00,2016-11-21 03:57:00,1.34823,1.34827,1.34829,1.3482,1.34846,1.34852,1.34852,1.34841,74
2016-11-21 03:57:00,2016-11-21 03:58:00,1.34827,1.34823,1.34827,1.34818,1.34852,1.3485,1.34851,1.34841,69
2016-11-21 03:58:00,2016-11-21 03:59:00,1.34823,1.34811,1.34822,1.3481,1.3485,1.34834,1.3485,1.34834,105
2016-11-21 03:59:00,2016-11-21 04:00:00,1.34811,1.34812,1.34817,1.34805,1.34834,1.34839,1.34844,1.34833,151
2016-11-21 04:00:00,2016-11-21 04:01:00,1.34812,1.34809,1.34815,1.34809,1.34839,1.34835,1.34841,1.34835,46
2016-11-21 04:01:00,2016-11-21 04:02:00,1.34809,1.34801,1.34813,1.348,1.34835,1.34825,1.34841,1.34823,119
2016-11-21 04:02:00,2016-11-21 04:03:00,1.34801,1.34802,1.34812,1.34801,1.34825,1.34828,1.3484,1.34823,133
2016-11-21 04:03:00,2016-11-21 04:04:00,1.34802,1.34796,1.34809,1.34789,1.34828,1.34821,1.34838,1.34815,231
2016-11-21 04:04:00,2016-11-21 04:05:00,1.34796,1.34799,1.34804,1.34794,1.34821,1.34825,1.3483,1.34819,241
2016-11-21 04:05:00,2016-11-21 04:06:00,1.34799,1.34798,1.34804,1.34791,1.34825,1.34825,1.3483,1.34816,179
2016-11-21 04:06:00,2016-11-21 04:07:00,1.34798,1.34799,1.34802,1.34793,1.34825,1.34826,1.34829,1.34818,88
2016-11-21 04:07:00,2016-11-21 04:08:00,1.34799,1.348,1.34801,1.34798,1.34826,1.34824,1.34828,1.34824,70
2016-11-21 04:08:00,2016-11-21 04:09:00,1.348,1.34802,1.34808,1.3478,1.34824,1.34826,1.34833,1.34803,267
2016-11-21 04:09:00,2016-11-21 04:10:00,1.34802,1.34808,1.34812,1.34794,1.34826,1.34834,1.3484,1.34822,276
2016-11-21 04:10:00,2016-11-21 04:11:00,1.34808,1.34804,1.34812,1.34802,1.34834,1.3483,1.34838,1.34829,204
2016-11-21 04:11:00,2016-11-21 04:12:00,1.34804,1.34819,1.34824,1.34804,1.3483,1.34845,1.34848,1.3483,198
2016-11-21 04:12:00,2016-11-21 04:13:00,1.34819,1.34821,1.34822,1.3481,1.34845,1.34845,1.34847,1.34838,156
2016-11-21 04:13:00,2016-11-21 04:14:00,1.34821,1.34825,1.34826,1.34809,1.34845,1.34851,1.34851,1.34837,153
2016-11-21 04:14:00,2016-11-21 04:15:00,1.34825,1.34836,1.34848,1.34821,1.34851,1.34864,1.34874,1.34847,243
2016-11-21 04:15:00,2016-11-21 04:16:00,1.34836,1.3483,1.34838,1.34815,1.34864,1.34856,1.34866,1.34843,158
2016-11-21 04:16:00,2016-11-21 04:17:00,1.3483,1.34828,1.34837,1.34817,1.34856,1.34857,1.34865,1.34846,155
2016-11-21 04:17:00,2016-11-21 04:18:00,1.34828,1.34814,1.34828,1.34814,1.34857,1.3484,1.34856,1.34837,141
2016-11-21 04:18:00,2016-11-21 04:19:00,1.34814,1.34815,1.34823,1.34814,1.3484,1.3484,1.3485,1.34838,114
2016-11-21 04:19:00,2016-11-21 04:20:00,1.34815,1.34814,1.34823,1.34814,1.3484,1.34839,1.3485,1.34839,90
2016-11-21 04:20:00,2016-11-21 04:21:00,1.34814,1.34812,1.34822,1.34798,1.34839,1.34839,1.34849,1.34825,360
2016-11-21 04:21:00,2016-11-21 04:22:00,1.34812,1.34819,1.34826,1.34811,1.34839,1.34845,1.34845,1.34839,117
2016-11-21 04:22:00,2016-11-21 04:23:00,1.34819,1.34818,1.34821,1.34809,1.34845,1.34845,1.34845,1.34838,93
2016-11-21 04:23:00,2016-11-21 04:24:00,1.34818,1.34818,1.34824,1.34816,1.34845,1.34845,1.34845,1.34842,68
2016-11-21 04:24:00,2016-11-21 04:25:00,1.34818,1.34809,1.3482,1.34809,1.34845,1.34837,1.34846,1.34836,83
2016-11-21 04:25:00,2016-11-21 04:26:00,1.34809,1.34799,1.34811,1.34799,1.34837,1.34825,1.34838,1.34825,98
2016-11-21 04:26:00,2016-11-21 04:27:00,1.34799,1.34767,1.34801,1.34759,1.34825,1.34793,1.34826,1.34786,339
2016-11-21 04:27:00,2016-11-21 04:28:00,1.34767,1.34752,1.34769,1.3475,1.34793,1.34776,1.34794,1.34771,282
2016-11-21 04:28:00,2016-11-21 04:29:00,1.34752,1.34748,1.34754,1.34739,1.34776,1.34773,1.34777,1.34764,208
2016-11-21 04:29:00,2016-11-21 04:30:00,1.34748,1.34749,1.34752,1.34732,1.34773,1.34777,1.34781,1.34757,207
2016-11-21 04:30:00,2016-11-21 04:31:00,1.34749,1.34733,1.34753,1.34728,1.34777,1.34752,1.34782,1.34751,131
2016-11-21 04:31:00,2016-11-21 04:32:00,1.34733,1.34734,1.34738,1.34729,1.34752,1.34763,1.34767,1.34752,255
2016-11-21 04:32:00,2016-11-21 04:33:00,1.34734,1.34732,1.34745,1.34725,1.34763,1.34759,1.34772,1.34751,234
2016-11-21 04:33:00,2016-11-21 04:34:00,1.34732,1.34738,1.3474,1.34731,1.34759,1.34764,1.34767,1.34757,66
2016-11-21 04:34:00,2016-11-21 04:35:00,1.34738,1.34762,1.3477,1.34736,1.34764,1.34785,1.34797,1.34765,377
2016-11-21 04:35:00,2016-11-21 04:36:00,1.34762,1.34768,1.34781,1.34762,1.34785,1.34793,1.34806,1.34783,216
2016-11-21 04:36:00,2016-11-21 04:37:00,1.34768,1.34778,1.34779,1.34767,1.34793,1.34804,1.34807,1.34792,94
2016-11-21 04:37:00,2016-11-21 04:38:00,1.34778,1.34792,1.34797,1.34771,1.34804,1.34819,1.34822,1.34795,136
2016-11-21 04:38:00,2016-11-21 04:39:00,1.34792,1.34785,1.34794,1.3478,1.34819,1.34814,1.34821,1.34805,122
2016-11-21 04:39:00,2016-11-21 04:40:00,1.34785,1.34797,1.34797,1.34784,1.34814,1.34824,1.34825,1.34804,191
2016-11-21 04:40:00,2016-11-21 04:41:00,1.34797,1.3479,1.34799,1.3479,1.34824,1.34817,1.34825,1.34815,277
2016-11-21 04:41:00,2016-11-21 04:42:00,1.3479,1.34789,1.34793,1.34786,1.34817,1.34816,1.34819,1.34811,50
2016-11-21 04:42:00,2016-11-21 04:43:00,1.34789,1.34792,1.34799,1.34787,1.34816,1.34818,1.34824,1.34811,99
2016-11-21 04:43:00,2016-11-21 04:44:00,1.34792,1.348,1.348,1.34786,1.34818,1.34826,1.34826,1.34813,96
2016-11-21 04:44:00,2016-11-21 04:45:00,1.348,1.34795,1.348,1.34792,1.34826,1.34822,1.34826,1.34818,174
2016-11-21 04:45:00,2016-11-21 04:46:00,1.34795,1.34788,1.34799,1.34786,1.34822,1.34815,1.34826,1.34813,190
2016-11-21 04:46:00,2016-11-21 04:47:00,1.34788,1.34785,1.3479,1.34785,1.34815,1.34812,1.34815,1.3481,105
2016-11-21 04:47:00,2016-11-21 04:48:00,1.34785,1.34769,1.34786,1.34769,1.34812,1.34795,1.34812,1.34795,143
2016-11-21 04:48:00,2016-11-21 04:49:00,1.34769,1.34769,1.3477,1.34766,1.34795,1.34795,1.34797,1.34792,73
2016-11-21 04:49:00,2016-11-21 04:50:00,1.34769,1.34767,1.34771,1.34766,1.34795,1.34792,1.34796,1.34792,88
2016-11-21 04:50:00,2016-11-21 04:51:00,1.34767,1.3477,1.34787,1.34766,1.34792,1.34794,1.34811,1.34792,168
2016-11-21 04:51:00,2016-11-21 04:52:00,1.3477,1.34762,1.34771,1.34762,1.34794,1.34787,1.34796,1.34785,63
2016-11-21 04:52:00,2016-11-21 04:53:00,1.34762,1.34759,1.34765,1.34759,1.34787,1.34785,1.34792,1.34785,49
2016-11-21 04:53:00,2016-11-21 04:54:00,1.34759,1.34761,1.34761,1.3476,1.34785,1.34787,1.34787,1.34785,19
2016-11-21 04:54:00,2016-11-21 04:55:00,1.34761,1.34761,1.34762,1.34757,1.34787,1.34785,1.34788,1.34781,96
2016-11-21 04:55:00,2016-11-21 04:56:00,1.34761,1.34761,1.34762,1.34758,1.34785,1.34787,1.34787,1.34783,50
2016-11-21 04:56:00,2016-11-21 04:57:00,1.34761,1.3476,1.34762,1.34757,1.34787,1.34786,1.34787,1.34782,87
2016-11-21 04:57:00,2016-11-21 04:58:00,1.3476,1.34761,1.34763,1.34757,1.34786,1.34786,1.34787,1.34781,136
2016-11-21 04:58:00,2016-11-21 04:59:00,1.34761,1.34761,1.34762,1.34758,1.34786,1.34784,1.34787,1.34782,87
2016-11-21 04:59:00,2016-11-21 05:00:00,1.34761,1.34761,1.34763,1.34756,1.34784,1.34783,1.34787,1.34779,156
2016-11-21 05:00:00,2016-11-21 05:01:00,1.34761,1.34759,1.34763,1.34752,1.34783,1.34783,1.34787,1.34777,135
2016-11-21 05:01:00,2016-11-21 05:02:00,1.34759,1.34753,1.34762,1.34749,1.34783,1.34777,1.34786,1.34775,214
2016-11-21 05:02:00,2016-11-21 05:03:00,1.34753,1.34755,1.34756,1.34751,1.34777,1.34777,1.34777,1.34777,60
2016-11-21 05:03:00,2016-11-21 05:04:00,1.34755,1.3475,1.34755,1.34745,1.34777,1.34776,1.34777,1.3477,219
2016-11-21 05:04:00,2016-11-21 05:05:00,1.3475,1.34724,1.34753,1.34721,1.34776,1.34748,1.34777,1.34745,102
2016-11-21 05:05:00,2016-11-21 05:06:00,1.34724,1.34724,1.34734,1.34724,1.34748,1.34747,1.34758,1.34746,73
2016-11-21 05:06:00,2016-11-21 05:07:00,1.34724,1.34729,1.34729,1.34725,1.34747,1.3475,1.3475,1.34747,19
2016-11-21 05:07:00,2016-11-21 05:08:00,1.34729,1.34729,1.34729,1.34729,1.3475,1.34753,1.34753,1.34747,23
2016-11-21 05:08:00,2016-11-21 05:09:00,1.34729,1.34725,1.3473,1.34725,1.34753,1.34749,1.34756,1.34748,80
2016-11-21 05:09:00,2016-11-21 05:10:00,1.34725,1.3473,1.34731,1.34725,1.34749,1.34754,1.34757,1.34748,60
2016-11-21 05:10:00,2016-11-21 05:11:00,1.3473,1.34729,1.34736,1.34729,1.34754,1.34754,1.34759,1.34749,91
2016-11-21 05:11:00,2016-11-21 05:12:00,1.34729,1.34732,1.34736,1.34729,1.34754,1.34758,1.34762,1.34753,129
2016-11-21 05:12:00,2016-11-21 05:13:00,1.34732,1.34745,1.34745,1.3473,1.34758,1.34769,1.34771,1.34756,130
2016-11-21 05:13:00,2016-11-21 05:14:00,1.34745,1.34742,1.34745,1.34726,1.34769,1.34764,1.34769,1.34749,276
2016-11-21 05:14:00,2016-11-21 05:15:00,1.34742,1.34741,1.34744,1.34739,1.34764,1.34767,1.34768,1.34763,61
2016-11-21 05:15:00,2016-11-21 05:16:00,1.34741,1.34741,1.34742,1.3474,1.34767,1.34769,1.34769,1.34765,19
2016-11-21 05:16:00,2016-11-21 05:17:00,1.34741,1.34734,1.34741,1.34731,1.34769,1.34759,1.34766,1.34757,65
2016-11-21 05:17:00,2016-11-21 05:18:00,1.34734,1.34751,1.34752,1.34733,1.34759,1.34779,1.3478,1.34758,173
2016-11-21 05:18:00,2016-11-21 05:19:00,1.34751,1.34742,1.34751,1.34741,1.34779,1.34767,1.34778,1.34766,155
2016-11-21 05:19:00,2016-11-21 05:20:00,1.34742,1.34742,1.34744,1.3474,1.34767,1.34767,1.34769,1.34763,100
2016-11-21 05:20:00,2016-11-21 05:21:00,1.34742,1.34732,1.34743,1.3473,1.34767,1.34757,1.34767,1.34756,135
2016-11-21 05:21:00,2016-11-21 05:22:00,1.34732,1.34731,1.34734,1.3473,1.34757,1.34757,1.34759,1.34756,68
2016-11-21 05:22:00,2016-11-21 05:23:00,1.34731,1.34745,1.3476,1.3473,1.34757,1.34772,1.34785,1.34757,333
2016-11-21 05:23:00,2016-11-21 05:24:00,1.34745,1.3475,1.3475,1.34738,1.34772,1.34777,1.34777,1.34764,96
2016-11-21 05:24:00,2016-11-21 05:25:00,1.3475,1.34756,1.34762,1.34749,1.34777,1.34785,1.34789,1.34777,172
2016-11-21 05:25:00,2016-11-21 05:26:00,1.34756,1.34759,1.34763,1.34757,1.34785,1.34788,1.34789,1.34785,120
2016-11-21 05:26:00,2016-11-21 05:27:00,1.34759,1.3475,1.34767,1.3475,1.34788,1.34776,1.34796,1.34775,111
2016-11-21 05:27:00,2016-11-21 05:28:00,1.3475,1.34749,1.34752,1.34743,1.34776,1.34777,1.34779,1.34767,114
2016-11-21 05:28:00,2016-11-21 05:29:00,1.34749,1.3475,1.34751,1.3474,1.34777,1.34773,1.34778,1.34766,231
2016-11-21 05:29:00,2016-11-21 05:30:00,1.3475,1.3474,1.3475,1.34735,1.34773,1.34766,1.34776,1.34761,215
2016-11-21 05:30:00,2016-11-21 05:31:00,1.3474,1.34742,1.34752,1.34739,1.34766,1.34768,1.34779,1.34765,150
2016-11-21 05:31:00,2016-11-21 05:32:00,1.34742,1.34759,1.3476,1.34741,1.34768,1.34786,1.34786,1.34766,118
2016-11-21 05:32:00,2016-11-21 05:33:00,1.34759,1.34742,1.34761,1.34741,1.34786,1.34767,1.34787,1.34767,138
2016-11-21 05:33:00,2016-11-21 05:34:00,1.34742,1.3474,1.34741,1.34729,1.34767,1.34769,1.34769,1.34756,159
2016-11-21 05:34:00,2016-11-21 05:35:00,1.3474,1.34731,1.34742,1.34731,1.34769,1.34758,1.34771,1.34758,98
2016-11-21 05:35:00,2016-11-21 05:36:00,1.34731,1.34731,1.34732,1.34724,1.34758,1.34759,1.34759,1.34749,104
2016-11-21 05:36:00,2016-11-21 05:37:00,1.34731,1.34706,1.34732,1.34703,1.34759,1.34734,1.34759,1.3473,225
2016-11-21 05:37:00,2016-11-21 05:38:00,1.34706,1.34706,1.34717,1.34697,1.34734,1.34734,1.34744,1.34725,309
2016-11-21 05:38:00,2016-11-21 05:39:00,1.34706,1.34699,1.34709,1.34696,1.34734,1.34726,1.34736,1.34723,110
2016-11-21 05:39:00,2016-11-21 05:40:00,1.34699,1.34691,1.347,1.34689,1.34726,1.34718,1.34726,1.34716,75
2016-11-21 05:40:00,2016-11-21 05:41:00,1.34691,1.34692,1.34693,1.34678,1.34718,1.34716,1.34717,1.34704,262
2016-11-21 05:41:00,2016-11-21 05:42:00,1.34692,1.34695,1.3471,1.3468,1.34716,1.3472,1.34736,1.34706,294
2016-11-21 05:42:00,2016-11-21 05:43:00,1.34695,1.34704,1.34704,1.34681,1.3472,1.34727,1.34727,1.34705,258
2016-11-21 05:43:00,2016-11-21 05:44:00,1.34704,1.34715,1.34719,1.34704,1.34727,1.34742,1.34744,1.34727,211
2016-11-21 05:44:00,2016-11-21 05:45:00,1.34715,1.34692,1.34718,1.34691,1.34742,1.3472,1.34744,1.34719,140
2016-11-21 05:45:00,2016-11-21 05:46:00,1.34692,1.34691,1.34703,1.34679,1.3472,1.34713,1.34728,1.34704,172
2016-11-21 05:46:00,2016-11-21 05:47:00,1.34691,1.34691,1.34694,1.34689,1.34713,1.3471,1.34716,1.3471,56
2016-11-21 05:47:00,2016-11-21 05:48:00,1.34691,1.3469,1.34698,1.34685,1.3471,1.34711,1.34715,1.34708,60
2016-11-21 05:48:00,2016-11-21 05:49:00,1.3469,1.34673,1.34692,1.34664,1.34711,1.347,1.34715,1.34693,156
2016-11-21 05:49:00,2016-11-21 05:50:00,1.34673,1.34681,1.34687,1.3466,1.347,1.34705,1.34706,1.34685,130
2016-11-21 05:50:00,2016-11-21 05:51:00,1.34681,1.34676,1.34684,1.34668,1.34705,1.347,1.34705,1.34692,100
2016-11-21 05:51:00,2016-11-21 05:52:00,1.34676,1.34682,1.34685,1.34672,1.347,1.34705,1.34705,1.347,85
2016-11-21 05:52:00,2016-11-21 05:53:00,1.34682,1.34696,1.34697,1.34683,1.34705,1.34717,1.34718,1.34705,54
2016-11-21 05:53:00,2016-11-21 05:54:00,1.34696,1.3469,1.34696,1.3469,1.34717,1.34717,1.34717,1.34716,42
2016-11-21 05:54:00,2016-11-21 05:55:00,1.3469,1.34714,1.34718,1.3469,1.34717,1.34741,1.34743,1.34717,136
2016-11-21 05:55:00,2016-11-21 05:56:00,1.34714,1.34715,1.34717,1.34714,1.34741,1.34742,1.34743,1.3474,82
2016-11-21 05:56:00,2016-11-21 05:57:00,1.34715,1.34711,1.34716,1.34711,1.34742,1.34739,1.34743,1.34738,64
2016-11-21 05:57:00,2016-11-21 05:58:00,1.34711,1.34714,1.34717,1.3471,1.34739,1.34739,1.34743,1.34736,170
2016-11-21 05:58:00,2016-11-21 05:59:00,1.34714,1.34717,1.34722,1.34711,1.34739,1.34744,1.34745,1.34739,75
2016-11-21 05:59:00,2016-11-21 06:00:00,1.34717,1.34697,1.34717,1.34695,1.34744,1.34726,1.34745,1.34723,125
2016-11-21 06:00:00,2016-11-21 06:01:00,1.34697,1.34691,1.34697,1.34688,1.34726,1.34718,1.34725,1.34715,129
2016-11-21 06:01:00,2016-11-21 06:02:00,1.34691,1.34718,1.34719,1.3469,1.34718,1.34742,1.34746,1.34718,178
2016-11-21 06:02:00,2016-11-21 06:03:00,1.34718,1.34734,1.34746,1.34716,1.34742,1.34762,1.34773,1.34742,102
2016-11-21 06:03:00,2016-11-21 06:04:00,1.34734,1.34735,1.34736,1.34719,1.34762,1.3476,1.34764,1.34745,157
2016-11-21 06:04:00,2016-11-21 06:05:00,1.34735,1.34727,1.34736,1.34724,1.3476,1.34754,1.3476,1.34749,118
2016-11-21 06:05:00,2016-11-21 06:06:00,1.34727,1.34706,1.34727,1.34704,1.34754,1.34731,1.34754,1.34729,140
2016-11-21 06:06:00,2016-11-21 06:07:00,1.34706,1.34704,1.34711,1.34704,1.34731,1.34729,1.34737,1.34726,85
2016-11-21 06:07:00,2016-11-21 06:08:00,1.34704,1.34704,1.34707,1.34702,1.34729,1.3473,1.3473,1.34726,39
2016-11-21 06:08:00,2016-11-21 06:09:00,1.34704,1.34697,1.34705,1.34689,1.3473,1.34721,1.3473,1.34715,173
2016-11-21 06:09:00,2016-11-21 06:10:00,1.34697,1.34705,1.34716,1.34688,1.34721,1.34732,1.34742,1.34714,225
2016-11-21 06:10:00,2016-11-21 06:11:00,1.34705,1.34706,1.34715,1.34704,1.34732,1.34731,1.3474,1.3473,168
2016-11-21 06:11:00,2016-11-21 06:12:00,1.34706,1.34697,1.34713,1.34697,1.34731,1.34725,1.3474,1.34722,168
2016-11-21 06:12:00,2016-11-21 06:13:00,1.34697,1.34697,1.347,1.34691,1.34725,1.34724,1.34725,1.34717,152
2016-11-21 06:13:00,2016-11-21 06:14:00,1.34697,1.34687,1.34698,1.34686,1.34724,1.34712,1.34724,1.34711,95
2016-11-21 06:14:00,2016-11-21 06:15:00,1.34687,1.34688,1.34691,1.34686,1.34712,1.34715,1.34717,1.34711,128
2016-11-21 06:15:00,2016-11-21 06:16:00,1.34688,1.34682,1.34694,1.34682,1.34715,1.34709,1.34718,1.34707,57
2016-11-21 06:16:00,2016-11-21 06:17:00,1.34682,1.34688,1.3469,1.34682,1.34709,1.34713,1.34715,1.34708,109
2016-11-21 06:17:00,2016-11-21 06:18:00,1.34688,1.34678,1.34688,1.34675,1.34713,1.34702,1.34714,1.34702,106
2016-11-21 06:18:00,2016-11-21 06:19:00,1.34678,1.34671,1.34678,1.34659,1.34702,1.34698,1.34703,1.34685,197
2016-11-21 06:19:00,2016-11-21 06:20:00,1.34671,1.34662,1.34671,1.34655,1.34698,1.34687,1.34698,1.34679,219
2016-11-21 06:20:00,2016-11-21 06:21:00,1.34662,1.34654,1.34665,1.34653,1.34687,1.34674,1.34689,1.34674,128
2016-11-21 06:21:00,2016-11-21 06:22:00,1.34654,1.34654,1.34658,1.34654,1.34674,1.34677,1.34677,1.34675,27
2016-11-21 06:22:00,2016-11-21 06:23:00,1.34654,1.34654,1.34656,1.34653,1.34677,1.34677,1.34677,1.34674,13
2016-11-21 06:23:00,2016-11-21 06:24:00,1.34654,1.34655,1.34661,1.34652,1.34677,1.34678,1.34685,1.34675,44
2016-11-21 06:24:00,2016-11-21 06:25:00,1.34655,1.34655,1.34655,1.34654,1.34678,1.34678,1.34678,1.34676,11
2016-11-21 06:25:00,2016-11-21 06:26:00,1.34655,1.34661,1.34665,1.34653,1.34678,1.34686,1.34687,1.34676,62
2016-11-21 06:26:00,2016-11-21 06:27:00,1.34661,1.34663,1.34663,1.34659,1.34686,1.3469,1.34691,1.34685,85
2016-11-21 06:27:00,2016-11-21 06:28:00,1.34663,1.34655,1.34663,1.34651,1.3469,1.34682,1.3469,1.34678,133
2016-11-21 06:28:00,2016-11-21 06:29:00,1.34655,1.3467,1.34674,1.34654,1.34682,1.34696,1.34699,1.34683,108
2016-11-21 06:29:00,2016-11-21 06:30:00,1.3467,1.34671,1.34682,1.34669,1.34696,1.34697,1.34705,1.34694,223
2016-11-21 06:30:00,2016-11-21 06:31:00,1.34671,1.34676,1.3468,1.34666,1.34697,1.34702,1.34705,1.34692,215
2016-11-21 06:31:00,2016-11-21 06:32:00,1.34676,1.34676,1.34681,1.34674,1.34702,1.34702,1.34705,1.347,169
2016-11-21 06:32:00,2016-11-21 06:33:00,1.34676,1.34677,1.34681,1.34673,1.34702,1.34703,1.34705,1.34698,178
2016-11-21 06:33:00,2016-11-21 06:34:00,1.34677,1.34679,1.34681,1.34674,1.34703,1.34705,1.34705,1.34699,155
2016-11-21 06:34:00,2016-11-21 06:35:00,1.34679,1.34665,1.34681,1.34662,1.34705,1.34689,1.34706,1.34685,177
2016-11-21 06:35:00,2016-11-21 06:36:00,1.34665,1.34667,1.34675,1.34662,1.34689,1.34691,1.34699,1.34686,136
2016-11-21 06:36:00,2016-11-21 06:37:00,1.34667,1.34674,1.34675,1.34665,1.34691,1.34698,1.34699,1.34687,190
2016-11-21 06:37:00,2016-11-21 06:38:00,1.34674,1.34669,1.34678,1.3466,1.34698,1.34693,1.34702,1.34685,244
2016-11-21 06:38:00,2016-11-21 06:39:00,1.34669,1.34662,1.3467,1.34653,1.34693,1.34686,1.34694,1.34679,166
2016-11-21 06:39:00,2016-11-21 06:40:00,1.34662,1.34662,1.34666,1.34656,1.34686,1.34688,1.34692,1.34682,111
2016-11-21 06:40:00,2016-11-21 06:41:00,1.34662,1.34663,1.34667,1.34655,1.34688,1.34689,1.34693,1.34682,90
2016-11-21 06:41:00,2016-11-21 06:42:00,1.34663,1.34665,1.34672,1.34662,1.34689,1.34692,1.34697,1.34688,98
2016-11-21 06:42:00,2016-11-21 06:43:00,1.34665,1.34658,1.34674,1.34655,1.34692,1.34686,1.34699,1.34682,168
2016-11-21 06:43:00,2016-11-21 06:44:00,1.34658,1.34659,1.34665,1.34653,1.34686,1.34685,1.3469,1.3468,216
2016-11-21 06:44:00,2016-11-21 06:45:00,1.34659,1.34662,1.34666,1.34656,1.34685,1.34686,1.3469,1.34681,137
2016-11-21 06:45:00,2016-11-21 06:46:00,1.34662,1.34655,1.34664,1.3465,1.34686,1.34683,1.34687,1.34673,210
2016-11-21 06:46:00,2016-11-21 06:47:00,1.34655,1.34652,1.34655,1.34647,1.34683,1.34677,1.34683,1.34671,178
2016-11-21 06:47:00,2016-11-21 06:48:00,1.34652,1.34623,1.34653,1.34619,1.34677,1.34651,1.34678,1.34645,178
2016-11-21 06:48:00,2016-11-21 06:49:00,1.34623,1.34625,1.34626,1.3461,1.34651,1.34652,1.34655,1.34636,238
2016-11-21 06:49:00,2016-11-21 06:50:00,1.34625,1.34644,1.34644,1.34623,1.34652,1.34668,1.34668,1.34652,120
2016-11-21 06:50:00,2016-11-21 06:51:00,1.34644,1.34624,1.34644,1.34622,1.34668,1.34648,1.34668,1.34647,201
2016-11-21 06:51:00,2016-11-21 06:52:00,1.34624,1.34625,1.34629,1.3461,1.34648,1.34649,1.34653,1.34637,341
2016-11-21 06:52:00,2016-11-21 06:53:00,1.34625,1.3462,1.34638,1.34616,1.34649,1.34644,1.34657,1.3464,323
2016-11-21 06:53:00,2016-11-21 06:54:00,1.3462,1.34643,1.34643,1.34619,1.34644,1.34665,1.34667,1.34643,128
2016-11-21 06:54:00,2016-11-21 06:55:00,1.34643,1.34644,1.34658,1.3464,1.34665,1.3467,1.34679,1.34665,151
2016-11-21 06:55:00,2016-11-21 06:56:00,1.34644,1.34643,1.34644,1.34634,1.3467,1.34665,1.34671,1.34661,85
2016-11-21 06:56:00,2016-11-21 06:57:00,1.34643,1.34633,1.34643,1.34632,1.34665,1.34661,1.34667,1.34659,96
2016-11-21 06:57:00,2016-11-21 06:58:00,1.34633,1.34652,1.34654,1.34632,1.34661,1.34671,1.34677,1.34655,182
2016-11-21 06:58:00,2016-11-21 06:59:00,1.34652,1.34652,1.34654,1.34641,1.34671,1.34677,1.34677,1.34666,84
2016-11-21 06:59:00,2016-11-21 07:00:00,1.34652,1.3466,1.34663,1.3465,1.34677,1.34685,1.34688,1.34676,141
2016-11-21 07:00:00,2016-11-21 07:01:00,1.3466,1.34661,1.34672,1.3466,1.34685,1.34687,1.34691,1.34685,136
2016-11-21 07:01:00,2016-11-21 07:02:00,1.34661,1.34668,1.34684,1.34659,1.34687,1.34694,1.34705,1.34684,230
2016-11-21 07:02:00,2016-11-21 07:03:00,1.34668,1.34667,1.34673,1.34659,1.34694,1.3469,1.34694,1.34685,103
2016-11-21 07:03:00,2016-11-21 07:04:00,1.34667,1.34657,1.34668,1.34657,1.3469,1.34684,1.3469,1.34684,70
2016-11-21 07:04:00,2016-11-21 07:05:00,1.34657,1.34636,1.34658,1.34623,1.34684,1.3466,1.34684,1.34646,290
2016-11-21 07:05:00,2016-11-21 07:06:00,1.34636,1.34636,1.3464,1.34626,1.3466,1.34656,1.34663,1.3465,91
2016-11-21 07:06:00,2016-11-21 07:07:00,1.34636,1.34656,1.34658,1.34634,1.34656,1.34679,1.34681,1.34656,150
2016-11-21 07:07:00,2016-11-21 07:08:00,1.34656,1.34648,1.34657,1.34638,1.34679,1.34669,1.3468,1.34663,258
2016-11-21 07:08:00,2016-11-21 07:09:00,1.34648,1.34653,1.34667,1.3464,1.34669,1.34673,1.34689,1.34663,276
2016-11-21 07:09:00,2016-11-21 07:10:00,1.34653,1.34627,1.34655,1.34626,1.34673,1.34647,1.34677,1.34647,196
2016-11-21 07:10:00,2016-11-21 07:11:00,1.34627,1.34629,1.34646,1.34621,1.34647,1.34647,1.34665,1.34642,271
2016-11-21 07:11:00,2016-11-21 07:12:00,1.34629,1.34635,1.34636,1.34626,1.34647,1.34653,1.34654,1.34645,145
2016-11-21 07:12:00,2016-11-21 07:13:00,1.34635,1.34624,1.34634,1.34622,1.34653,1.34646,1.34653,1.34644,177
2016-11-21 07:13:00,2016-11-21 07:14:00,1.34624,1.34638,1.34644,1.34623,1.34646,1.34661,1.34667,1.34646,175
2016-11-21 07:14:00,2016-11-21 07:15:00,1.34638,1.34655,1.34666,1.34637,1.34661,1.34682,1.34691,1.34661,290
2016-11-21 07:15:00,2016-11-21 07:16:00,1.34655,1.34655,1.34656,1.34639,1.34682,1.34679,1.34683,1.34663,335
2016-11-21 07:16:00,2016-11-21 07:17:00,1.34655,1.34622,1.34655,1.34618,1.34679,1.34647,1.3468,1.34644,382
2016-11-21 07:17:00,2016-11-21 07:18:00,1.34622,1.34641,1.34642,1.34621,1.34647,1.34668,1.34668,1.34644,221
2016-11-21 07:18:00,2016-11-21 07:19:00,1.34641,1.34626,1.34652,1.34626,1.34668,1.34652,1.3468,1.34652,278
2016-11-21 07:19:00,2016-11-21 07:20:00,1.34626,1.34641,1.34648,1.34618,1.34652,1.34665,1.34672,1.34644,281
2016-11-21 07:20:00,2016-11-21 07:21:00,1.34641,1.34608,1.34643,1.34606,1.34665,1.34634,1.34668,1.34632,267
2016-11-21 07:21:00,2016-11-21 07:22:00,1.34608,1.34611,1.34625,1.34609,1.34634,1.34635,1.34651,1.34634,200
2016-11-21 07:22:00,2016-11-21 07:23:00,1.34611,1.34594,1.34615,1.34586,1.34635,1.34617,1.34639,1.3461,625
2016-11-21 07:23:00,2016-11-21 07:24:00,1.34594,1.34598,1.34603,1.34589,1.34617,1.3462,1.34628,1.34611,322
2016-11-21 07:24:00,2016-11-21 07:25:00,1.34598,1.3459,1.34611,1.34581,1.3462,1.34614,1.34634,1.34602,216
2016-11-21 07:25:00,2016-11-21 07:26:00,1.3459,1.34582,1.34602,1.34582,1.34614,1.34603,1.34625,1.34602,195
2016-11-21 07:26:00,2016-11-21 07:27:00,1.34582,1.34544,1.34608,1.34534,1.34603,1.34569,1.34635,1.34559,442
2016-11-21 07:27:00,2016-11-21 07:28:00,1.34544,1.34476,1.34545,1.34476,1.34569,1.34502,1.34571,1.34501,563
2016-11-21 07:28:00,2016-11-21 07:29:00,1.34476,1.345,1.345,1.34457,1.34502,1.34521,1.34521,1.34486,363
2016-11-21 07:29:00,2016-11-21 07:30:00,1.345,1.34504,1.34518,1.34496,1.34521,1.34523,1.34538,1.34517,154
2016-11-21 07:30:00,2016-11-21 07:31:00,1.34504,1.34481,1.34514,1.34453,1.34523,1.34499,1.34531,1.34476,470
2016-11-21 07:31:00,2016-11-21 07:32:00,1.34481,1.34457,1.34481,1.3444,1.34499,1.34481,1.34502,1.34466,599
2016-11-21 07:32:00,2016-11-21 07:33:00,1.34457,1.34462,1.34501,1.34456,1.34481,1.34487,1.34523,1.34479,396
2016-11-21 07:33:00,2016-11-21 07:34:00,1.34462,1.34491,1.34495,1.34462,1.34487,1.34517,1.3452,1.34487,442
2016-11-21 07:34:00,2016-11-21 07:35:00,1.34491,1.3446,1.34496,1.34445,1.34517,1.34483,1.3452,1.34467,376
2016-11-21 07:35:00,2016-11-21 07:36:00,1.3446,1.34463,1.34472,1.34447,1.34483,1.34486,1.34495,1.34469,575
2016-11-21 07:36:00,2016-11-21 07:37:00,1.34463,1.34494,1.34494,1.3446,1.34486,1.34516,1.34516,1.34485,327
2016-11-21 07:37:00,2016-11-21 07:38:00,1.34494,1.34504,1.34505,1.34484,1.34516,1.34525,1.34526,1.34503,188
2016-11-21 07:38:00,2016-11-21 07:39:00,1.34504,1.34543,1.34547,1.34493,1.34525,1.34567,1.3457,1.34513,362
2016-11-21 07:39:00,2016-11-21 07:40:00,1.34543,1.34536,1.34556,1.34534,1.34567,1.34556,1.34579,1.34553,360
2016-11-21 07:40:00,2016-11-21 07:41:00,1.34536,1.3452,1.34535,1.34501,1.34556,1.34539,1.34555,1.34522,305
2016-11-21 07:41:00,2016-11-21 07:42:00,1.3452,1.34555,1.34555,1.3452,1.34539,1.34577,1.34577,1.3454,162
2016-11-21 07:42:00,2016-11-21 07:43:00,1.34555,1.34536,1.34555,1.34527,1.34577,1.34559,1.34576,1.34551,332
2016-11-21 07:43:00,2016-11-21 07:44:00,1.34536,1.3451,1.34536,1.34489,1.34559,1.34533,1.34558,1.34515,303
2016-11-21 07:44:00,2016-11-21 07:45:00,1.3451,1.34528,1.34543,1.34507,1.34533,1.34552,1.34567,1.3453,642
2016-11-21 07:45:00,2016-11-21 07:46:00,1.34528,1.34538,1.34544,1.34519,1.34552,1.34563,1.34566,1.34544,327
2016-11-21 07:46:00,2016-11-21 07:47:00,1.34538,1.3453,1.34539,1.3451,1.34563,1.34554,1.34563,1.34535,267
2016-11-21 07:47:00,2016-11-21 07:48:00,1.3453,1.34512,1.3453,1.34511,1.34554,1.34535,1.34555,1.34535,151
2016-11-21 07:48:00,2016-11-21 07:49:00,1.34512,1.34542,1.34547,1.34508,1.34535,1.34565,1.34569,1.34531,507
2016-11-21 07:49:00,2016-11-21 07:50:00,1.34542,1.34557,1.34572,1.34535,1.34565,1.34581,1.34596,1.34558,319
2016-11-21 07:50:00,2016-11-21 07:51:00,1.34557,1.34571,1.34574,1.34549,1.34581,1.34596,1.34599,1.34574,193
2016-11-21 07:51:00,2016-11-21 07:52:00,1.34571,1.34576,1.34584,1.34566,1.34596,1.346,1.34606,1.34589,157
2016-11-21 07:52:00,2016-11-21 07:53:00,1.34576,1.34586,1.34586,1.3457,1.346,1.34606,1.34606,1.34592,172
2016-11-21 07:53:00,2016-11-21 07:54:00,1.34586,1.34583,1.34586,1.34569,1.34606,1.34608,1.34608,1.34592,159
2016-11-21 07:54:00,2016-11-21 07:55:00,1.34583,1.34572,1.34585,1.34563,1.34608,1.34596,1.34607,1.34587,354
2016-11-21 07:55:00,2016-11-21 07:56:00,1.34572,1.3455,1.34574,1.3455,1.34596,1.34574,1.34598,1.34574,160
2016-11-21 07:56:00,2016-11-21 07:57:00,1.3455,1.3454,1.34558,1.34524,1.34574,1.34564,1.3458,1.34547,332
2016-11-21 07:57:00,2016-11-21 07:58:00,1.3454,1.3454,1.34558,1.34532,1.34564,1.34565,1.3458,1.34555,347
2016-11-21 07:58:00,2016-11-21 07:59:00,1.3454,1.34533,1.34571,1.34529,1.34565,1.34561,1.34593,1.34557,325
2016-11-21 07:59:00,2016-11-21 08:00:00,1.34533,1.34551,1.34566,1.34531,1.34561,1.34573,1.3459,1.3456,553
2016-11-21 08:00:00,2016-11-21 08:01:00,1.34551,1.34578,1.34584,1.3455,1.34573,1.34604,1.34604,1.34573,167
2016-11-21 08:01:00,2016-11-21 08:02:00,1.34578,1.34572,1.3458,1.34569,1.34604,1.34596,1.34604,1.34592,221
2016-11-21 08:02:00,2016-11-21 08:03:00,1.34572,1.34569,1.34585,1.34568,1.34596,1.34592,1.34609,1.34592,210
2016-11-21 08:03:00,2016-11-21 08:04:00,1.34569,1.34598,1.346,1.3457,1.34592,1.34622,1.34624,1.34593,165
2016-11-21 08:04:00,2016-11-21 08:05:00,1.34598,1.34568,1.34603,1.34568,1.34622,1.34593,1.34626,1.34593,152
2016-11-21 08:05:00,2016-11-21 08:06:00,1.34568,1.34585,1.34585,1.34569,1.34593,1.34606,1.34606,1.34593,284
2016-11-21 08:06:00,2016-11-21 08:07:00,1.34585,1.34591,1.34602,1.34576,1.34606,1.34615,1.34623,1.346,320
2016-11-21 08:07:00,2016-11-21 08:08:00,1.34591,1.34579,1.3459,1.34575,1.34615,1.34602,1.34614,1.34597,250
2016-11-21 08:08:00,2016-11-21 08:09:00,1.34579,1.34562,1.3458,1.34548,1.34602,1.34586,1.34602,1.34572,356
2016-11-21 08:09:00,2016-11-21 08:10:00,1.34562,1.34568,1.346,1.34561,1.34586,1.34591,1.34623,1.34585,363
2016-11-21 08:10:00,2016-11-21 08:11:00,1.34568,1.34568,1.34574,1.34552,1.34591,1.34593,1.346,1.34574,262
2016-11-21 08:11:00,2016-11-21 08:12:00,1.34568,1.34522,1.3457,1.34515,1.34593,1.34547,1.34595,1.34539,473
2016-11-21 08:12:00,2016-11-21 08:13:00,1.34522,1.3455,1.3455,1.3452,1.34547,1.34574,1.34574,1.34544,331
2016-11-21 08:13:00,2016-11-21 08:14:00,1.3455,1.34532,1.34549,1.34512,1.34574,1.34557,1.34574,1.34536,332
2016-11-21 08:14:00,2016-11-21 08:15:00,1.34532,1.34513,1.34554,1.34513,1.34557,1.34539,1.34578,1.34537,328
2016-11-21 08:15:00,2016-11-21 08:16:00,1.34513,1.34538,1.34546,1.34498,1.34539,1.34563,1.34568,1.34524,321
2016-11-21 08:16:00,2016-11-21 08:17:00,1.34538,1.34519,1.34538,1.34514,1.34563,1.34543,1.34562,1.34538,180
2016-11-21 08:17:00,2016-11-21 08:18:00,1.34519,1.34526,1.34528,1.34506,1.34543,1.34547,1.34547,1.34529,216
2016-11-21 08:18:00,2016-11-21 08:19:00,1.34526,1.34499,1.34526,1.34489,1.34547,1.34519,1.34547,1.3451,388
2016-11-21 08:19:00,2016-11-21 08:20:00,1.34499,1.34474,1.34504,1.34471,1.34519,1.34494,1.34522,1.34492,419
2016-11-21 08:20:00,2016-11-21 08:21:00,1.34474,1.3446,1.34485,1.3446,1.34494,1.34481,1.34503,1.34478,206
2016-11-21 08:21:00,2016-11-21 08:22:00,1.3446,1.34425,1.34465,1.34423,1.34481,1.34446,1.34484,1.34445,396
2016-11-21 08:22:00,2016-11-21 08:23:00,1.34425,1.3441,1.3443,1.34406,1.34446,1.34428,1.3445,1.34423,318
2016-11-21 08:23:00,2016-11-21 08:24:00,1.3441,1.34357,1.34416,1.34357,1.34428,1.34378,1.34438,1.34378,431
2016-11-21 08:24:00,2016-11-21 08:25:00,1.34357,1.34362,1.34384,1.34355,1.34378,1.34384,1.34404,1.34376,453
2016-11-21 08:25:00,2016-11-21 08:26:00,1.34362,1.34372,1.34384,1.34361,1.34384,1.34394,1.34406,1.34384,260
2016-11-21 08:26:00,2016-11-21 08:27:00,1.34372,1.34373,1.34382,1.34361,1.34394,1.34395,1.34402,1.34385,310
2016-11-21 08:27:00,2016-11-21 08:28:00,1.34373,1.34353,1.34375,1.34341,1.34395,1.34377,1.34398,1.34365,441
2016-11-21 08:28:00,2016-11-21 08:29:00,1.34353,1.3439,1.34395,1.34347,1.34377,1.34414,1.34419,1.34367,510
2016-11-21 08:29:00,2016-11-21 08:30:00,1.3439,1.34399,1.34403,1.34373,1.34414,1.34422,1.34426,1.34397,272
2016-11-21 08:30:00,2016-11-21 08:31:00,1.34399,1.34405,1.3441,1.34399,1.34422,1.34426,1.34433,1.34422,209
2016-11-21 08:31:00,2016-11-21 08:32:00,1.34405,1.34422,1.34423,1.34405,1.34426,1.34442,1.34443,1.34426,174
2016-11-21 08:32:00,2016-11-21 08:33:00,1.34422,1.34428,1.34434,1.34418,1.34442,1.34453,1.34454,1.34441,326
2016-11-21 08:33:00,2016-11-21 08:34:00,1.34428,1.34439,1.3444,1.34424,1.34453,1.34462,1.34463,1.34449,177
2016-11-21 08:34:00,2016-11-21 08:35:00,1.34439,1.34455,1.34457,1.34434,1.34462,1.34479,1.34479,1.34459,196
2016-11-21 08:35:00,2016-11-21 08:36:00,1.34455,1.34439,1.34465,1.34432,1.34479,1.3446,1.34487,1.34455,325
2016-11-21 08:36:00,2016-11-21 08:37:00,1.34439,1.34462,1.34468,1.34439,1.3446,1.34485,1.3449,1.3446,458
2016-11-21 08:37:00,2016-11-21 08:38:00,1.34462,1.34479,1.34486,1.3446,1.34485,1.34504,1.34512,1.34485,254
2016-11-21 08:38:00,2016-11-21 08:39:00,1.34479,1.34472,1.34481,1.34465,1.34504,1.34493,1.34505,1.34486,221
2016-11-21 08:39:00,2016-11-21 08:40:00,1.34472,1.34459,1.3449,1.34451,1.34493,1.34481,1.34513,1.34474,389
2016-11-21 08:40:00,2016-11-21 08:41:00,1.34459,1.34474,1.34474,1.34456,1.34481,1.34496,1.34497,1.34476,226
2016-11-21 08:41:00,2016-11-21 08:42:00,1.34474,1.34462,1.34475,1.34461,1.34496,1.34483,1.34496,1.34483,131
2016-11-21 08:42:00,2016-11-21 08:43:00,1.34462,1.34454,1.34466,1.34449,1.34483,1.34477,1.34489,1.3447,248
2016-11-21 08:43:00,2016-11-21 08:44:00,1.34454,1.34454,1.34471,1.34451,1.34477,1.34477,1.34494,1.34475,221
2016-11-21 08:44:00,2016-11-21 08:45:00,1.34454,1.34449,1.34462,1.34443,1.34477,1.34473,1.34485,1.34464,285
2016-11-21 08:45:00,2016-11-21 08:46:00,1.34449,1.34455,1.34464,1.34437,1.34473,1.34478,1.34488,1.34458,401
2016-11-21 08:46:00,2016-11-21 08:47:00,1.34455,1.34439,1.34457,1.34438,1.34478,1.34461,1.34482,1.34458,161
2016-11-21 08:47:00,2016-11-21 08:48:00,1.34439,1.34444,1.34447,1.34439,1.34461,1.34467,1.34469,1.34461,83
2016-11-21 08:48:00,2016-11-21 08:49:00,1.34444,1.34455,1.34464,1.34443,1.34467,1.34478,1.34488,1.34467,271
2016-11-21 08:49:00,2016-11-21 08:50:00,1.34455,1.34454,1.34463,1.34444,1.34478,1.34478,1.34486,1.34466,315
2016-11-21 08:50:00,2016-11-21 08:51:00,1.34454,1.34439,1.34455,1.34437,1.34478,1.34462,1.34478,1.34457,345
2016-11-21 08:51:00,2016-11-21 08:52:00,1.34439,1.34419,1.34446,1.34418,1.34462,1.34441,1.34468,1.3444,510
2016-11-21 08:52:00,2016-11-21 08:53:00,1.34419,1.34427,1.34436,1.34415,1.34441,1.3445,1.34458,1.34439,493
2016-11-21 08:53:00,2016-11-21 08:54:00,1.34427,1.34428,1.34436,1.3442,1.3445,1.34452,1.34459,1.34443,398
2016-11-21 08:54:00,2016-11-21 08:55:00,1.34428,1.34425,1.34435,1.34414,1.34452,1.34449,1.34458,1.34438,396
2016-11-21 08:55:00,2016-11-21 08:56:00,1.34425,1.34436,1.34438,1.34411,1.34449,1.34459,1.34459,1.34435,201
2016-11-21 08:56:00,2016-11-21 08:57:00,1.34436,1.34435,1.34436,1.34415,1.34459,1.34458,1.34458,1.3444,212
2016-11-21 08:57:00,2016-11-21 08:58:00,1.34435,1.34424,1.34444,1.34424,1.34458,1.34448,1.34466,1.34448,197
2016-11-21 08:58:00,2016-11-21 08:59:00,1.34424,1.34448,1.34453,1.34417,1.34448,1.34473,1.34475,1.3444,256
2016-11-21 08:59:00,2016-11-21 09:00:00,1.34448,1.34409,1.34453,1.34409,1.34473,1.34435,1.34477,1.34434,282
2016-11-21 09:00:00,2016-11-21 09:01:00,1.34409,1.34393,1.34427,1.34378,1.34435,1.34415,1.34448,1.34402,558
2016-11-21 09:01:00,2016-11-21 09:02:00,1.34393,1.3442,1.34423,1.3439,1.34415,1.34441,1.34444,1.34412,326
2016-11-21 09:02:00,2016-11-21 09:03:00,1.3442,1.34389,1.34428,1.34388,1.34441,1.34415,1.34449,1.34409,295
2016-11-21 09:03:00,2016-11-21 09:04:00,1.34389,1.34376,1.34405,1.34376,1.34415,1.34402,1.34428,1.34402,354
2016-11-21 09:04:00,2016-11-21 09:05:00,1.34376,1.34382,1.34392,1.34376,1.34402,1.34405,1.34416,1.344,317
2016-11-21 09:05:00,2016-11-21 09:06:00,1.34382,1.34418,1.34421,1.34374,1.34405,1.34443,1.34446,1.34398,213
2016-11-21 09:06:00,2016-11-21 09:07:00,1.34418,1.34437,1.34437,1.34416,1.34443,1.34456,1.34459,1.34437,195
2016-11-21 09:07:00,2016-11-21 09:08:00,1.34437,1.34446,1.34449,1.34427,1.34456,1.34471,1.34473,1.3445,183
2016-11-21 09:08:00,2016-11-21 09:09:00,1.34446,1.3448,1.3449,1.34441,1.34471,1.34503,1.34513,1.34464,305
2016-11-21 09:09:00,2016-11-21 09:10:00,1.3448,1.34546,1.34556,1.3447,1.34503,1.34567,1.34579,1.3449,506
2016-11-21 09:10:00,2016-11-21 09:11:00,1.34546,1.3459,1.34596,1.34545,1.34567,1.34613,1.34619,1.34565,579
2016-11-21 09:11:00,2016-11-21 09:12:00,1.3459,1.34562,1.34599,1.34562,1.34613,1.34587,1.34622,1.34585,385
2016-11-21 09:12:00,2016-11-21 09:13:00,1.34562,1.34559,1.34563,1.34533,1.34587,1.34582,1.34588,1.34556,333
2016-11-21 09:13:00,2016-11-21 09:14:00,1.34559,1.34602,1.34602,1.34557,1.34582,1.34623,1.34625,1.34582,290
2016-11-21 09:14:00,2016-11-21 09:15:00,1.34602,1.3468,1.34683,1.34597,1.34623,1.34703,1.34704,1.34617,467
2016-11-21 09:15:00,2016-11-21 09:16:00,1.3468,1.34638,1.3468,1.34617,1.34703,1.34659,1.34704,1.34642,602
2016-11-21 09:16:00,2016-11-21 09:17:00,1.34638,1.34648,1.34662,1.34635,1.34659,1.3467,1.34687,1.34658,353
2016-11-21 09:17:00,2016-11-21 09:18:00,1.34648,1.34641,1.34656,1.34628,1.3467,1.3466,1.34679,1.34652,357
2016-11-21 09:18:00,2016-11-21 09:19:00,1.34641,1.34641,1.34655,1.34626,1.3466,1.34658,1.34677,1.34649,145
2016-11-21 09:19:00,2016-11-21 09:20:00,1.34641,1.34637,1.34654,1.34634,1.34658,1.34657,1.34673,1.34653,243
2016-11-21 09:20:00,2016-11-21 09:21:00,1.34637,1.34646,1.34662,1.34637,1.34657,1.34669,1.34685,1.34657,279
2016-11-21 09:21:00,2016-11-21 09:22:00,1.34646,1.34644,1.34655,1.34626,1.34669,1.34662,1.34674,1.34649,311
2016-11-21 09:22:00,2016-11-21 09:23:00,1.34644,1.34639,1.34657,1.3463,1.34662,1.3466,1.34677,1.34654,434
2016-11-21 09:23:00,2016-11-21 09:24:00,1.34639,1.34648,1.34659,1.34632,1.3466,1.34673,1.34681,1.34655,426
2016-11-21 09:24:00,2016-11-21 09:25:00,1.34648,1.34648,1.34655,1.34641,1.34673,1.34671,1.34677,1.34664,250
2016-11-21 09:25:00,2016-11-21 09:26:00,1.34648,1.34634,1.34648,1.3462,1.34671,1.34656,1.34673,1.34642,286
2016-11-21 09:26:00,2016-11-21 09:27:00,1.34634,1.34641,1.34641,1.34617,1.34656,1.34663,1.34663,1.3464,305
2016-11-21 09:27:00,2016-11-21 09:28:00,1.34641,1.34659,1.34666,1.34636,1.34663,1.34681,1.34688,1.34659,339
2016-11-21 09:28:00,2016-11-21 09:29:00,1.34659,1.34657,1.34663,1.34645,1.34681,1.34678,1.34684,1.34668,275
2016-11-21 09:29:00,2016-11-21 09:30:00,1.34657,1.34677,1.34678,1.34649,1.34678,1.34702,1.34703,1.34674,246
2016-11-21 09:30:00,2016-11-21 09:31:00,1.34677,1.3468,1.34681,1.34669,1.34702,1.34702,1.34704,1.34692,235
2016-11-21 09:31:00,2016-11-21 09:32:00,1.3468,1.34671,1.3468,1.3466,1.34702,1.34692,1.34703,1.34682,216
2016-11-21 09:32:00,2016-11-21 09:33:00,1.34671,1.3466,1.34675,1.34657,1.34692,1.3468,1.34697,1.34678,257
2016-11-21 09:33:00,2016-11-21 09:34:00,1.3466,1.34656,1.34669,1.34656,1.3468,1.34677,1.34689,1.34676,151
2016-11-21 09:34:00,2016-11-21 09:35:00,1.34656,1.34663,1.34665,1.34655,1.34677,1.34683,1.34687,1.34676,168
2016-11-21 09:35:00,2016-11-21 09:36:00,1.34663,1.34682,1.3469,1.34662,1.34683,1.34707,1.34713,1.34681,338
2016-11-21 09:36:00,2016-11-21 09:37:00,1.34682,1.34681,1.34691,1.34675,1.34707,1.34704,1.34713,1.34697,311
2016-11-21 09:37:00,2016-11-21 09:38:00,1.34681,1.34675,1.34691,1.34675,1.34704,1.34699,1.3471,1.34698,282
2016-11-21 09:38:00,2016-11-21 09:39:00,1.34675,1.34691,1.34691,1.34675,1.34699,1.34712,1.34713,1.34697,208
2016-11-21 09:39:00,2016-11-21 09:40:00,1.34691,1.34713,1.34723,1.34691,1.34712,1.34735,1.34747,1.3471,417
2016-11-21 09:40:00,2016-11-21 09:41:00,1.34713,1.34718,1.34723,1.3471,1.34735,1.34738,1.34745,1.34733,257
2016-11-21 09:41:00,2016-11-21 09:42:00,1.34718,1.34706,1.3472,1.34705,1.34738,1.34729,1.34739,1.34725,235
2016-11-21 09:42:00,2016-11-21 09:43:00,1.34706,1.34704,1.34709,1.347,1.34729,1.34727,1.34732,1.34722,284
2016-11-21 09:43:00,2016-11-21 09:44:00,1.34704,1.34736,1.3474,1.34702,1.34727,1.3476,1.34762,1.34726,279
2016-11-21 09:44:00,2016-11-21 09:45:00,1.34736,1.34737,1.34757,1.34734,1.3476,1.34761,1.34778,1.34758,435
2016-11-21 09:45:00,2016-11-21 09:46:00,1.34737,1.34749,1.34756,1.34736,1.34761,1.34775,1.34778,1.3476,390
2016-11-21 09:46:00,2016-11-21 09:47:00,1.34749,1.34748,1.34756,1.34742,1.34775,1.34772,1.34779,1.34766,201
2016-11-21 09:47:00,2016-11-21 09:48:00,1.34748,1.34745,1.34754,1.3474,1.34772,1.34771,1.34778,1.34763,229
2016-11-21 09:48:00,2016-11-21 09:49:00,1.34745,1.34743,1.34764,1.34739,1.34771,1.34768,1.34789,1.34763,272
2016-11-21 09:49:00,2016-11-21 09:50:00,1.34743,1.34775,1.34775,1.34743,1.34768,1.34797,1.34797,1.34765,329
2016-11-21 09:50:00,2016-11-21 09:51:00,1.34775,1.34804,1.34805,1.34773,1.34797,1.34822,1.34826,1.34796,316
2016-11-21 09:51:00,2016-11-21 09:52:00,1.34804,1.34773,1.34804,1.34764,1.34822,1.34795,1.34823,1.34787,231
2016-11-21 09:52:00,2016-11-21 09:53:00,1.34773,1.34764,1.34778,1.34759,1.34795,1.34788,1.348,1.34784,306
2016-11-21 09:53:00,2016-11-21 09:54:00,1.34764,1.34778,1.3478,1.34746,1.34788,1.34802,1.34804,1.34771,258
2016-11-21 09:54:00,2016-11-21 09:55:00,1.34778,1.34742,1.3478,1.34734,1.34802,1.34766,1.34804,1.34758,438
2016-11-21 09:55:00,2016-11-21 09:56:00,1.34742,1.34734,1.34745,1.34725,1.34766,1.34759,1.34768,1.34748,383
2016-11-21 09:56:00,2016-11-21 09:57:00,1.34734,1.34725,1.34743,1.34725,1.34759,1.3475,1.34769,1.34749,216
2016-11-21 09:57:00,2016-11-21 09:58:00,1.34725,1.3472,1.34729,1.3472,1.3475,1.34738,1.34753,1.34735,169
2016-11-21 09:58:00,2016-11-21 09:59:00,1.3472,1.34733,1.34744,1.34716,1.34738,1.34758,1.34768,1.34736,221
2016-11-21 09:59:00,2016-11-21 10:00:00,1.34733,1.34723,1.34745,1.34721,1.34758,1.34746,1.34768,1.34744,367
2016-11-21 10:00:00,2016-11-21 10:01:00,1.34723,1.34679,1.34725,1.34676,1.34746,1.34703,1.34745,1.34701,331
2016-11-21 10:01:00,2016-11-21 10:02:00,1.34679,1.34702,1.34703,1.34671,1.34703,1.34722,1.34723,1.34694,520
2016-11-21 10:02:00,2016-11-21 10:03:00,1.34702,1.34685,1.34702,1.34685,1.34722,1.34707,1.34726,1.34707,255
2016-11-21 10:03:00,2016-11-21 10:04:00,1.34685,1.34678,1.34685,1.34671,1.34707,1.34702,1.34708,1.3469,343
2016-11-21 10:04:00,2016-11-21 10:05:00,1.34678,1.34671,1.34686,1.3467,1.34702,1.34693,1.34708,1.34693,317
2016-11-21 10:05:00,2016-11-21 10:06:00,1.34671,1.34704,1.34709,1.3467,1.34693,1.34729,1.34734,1.34692,205
2016-11-21 10:06:00,2016-11-21 10:07:00,1.34704,1.34709,1.34726,1.34702,1.34729,1.34731,1.34751,1.34727,282
2016-11-21 10:07:00,2016-11-21 10:08:00,1.34709,1.34699,1.34708,1.34681,1.34731,1.34722,1.34731,1.34706,233
2016-11-21 10:08:00,2016-11-21 10:09:00,1.34699,1.34695,1.34703,1.34693,1.34722,1.34718,1.34726,1.34717,150
2016-11-21 10:09:00,2016-11-21 10:10:00,1.34695,1.347,1.34701,1.3468,1.34718,1.34723,1.34723,1.347,265
2016-11-21 10:10:00,2016-11-21 10:11:00,1.347,1.3474,1.34746,1.347,1.34723,1.34762,1.34767,1.34724,437
2016-11-21 10:11:00,2016-11-21 10:12:00,1.3474,1.34744,1.34745,1.34734,1.34762,1.34765,1.34765,1.34755,359
2016-11-21 10:12:00,2016-11-21 10:13:00,1.34744,1.34747,1.34776,1.34741,1.34765,1.3477,1.34798,1.34762,362
2016-11-21 10:13:00,2016-11-21 10:14:00,1.34747,1.34746,1.34754,1.34735,1.3477,1.34768,1.34777,1.3476,245
2016-11-21 10:14:00,2016-11-21 10:15:00,1.34746,1.34706,1.34748,1.34705,1.34768,1.34731,1.3477,1.3473,358
2016-11-21 10:15:00,2016-11-21 10:16:00,1.34706,1.34715,1.34724,1.34705,1.34731,1.34737,1.34747,1.34731,471
2016-11-21 10:16:00,2016-11-21 10:17:00,1.34715,1.34696,1.34727,1.34692,1.34737,1.3472,1.34753,1.34714,436
2016-11-21 10:17:00,2016-11-21 10:18:00,1.34696,1.34689,1.34706,1.34689,1.3472,1.34714,1.34729,1.34711,345
2016-11-21 10:18:00,2016-11-21 10:19:00,1.34689,1.34727,1.34729,1.34687,1.34714,1.34754,1.34755,1.34708,434
2016-11-21 10:19:00,2016-11-21 10:20:00,1.34727,1.34738,1.34743,1.34712,1.34754,1.3476,1.34767,1.34736,308
2016-11-21 10:20:00,2016-11-21 10:21:00,1.34738,1.34719,1.34739,1.34711,1.3476,1.34741,1.34761,1.34736,306
2016-11-21 10:21:00,2016-11-21 10:22:00,1.34719,1.34716,1.34722,1.34708,1.34741,1.34741,1.34746,1.34733,248
2016-11-21 10:22:00,2016-11-21 10:23:00,1.34716,1.34731,1.34739,1.34715,1.34741,1.34756,1.34761,1.34737,192
2016-11-21 10:23:00,2016-11-21 10:24:00,1.34731,1.34726,1.34742,1.34723,1.34756,1.34749,1.34766,1.34748,196
2016-11-21 10:24:00,2016-11-21 10:25:00,1.34726,1.34724,1.34727,1.34715,1.34749,1.34748,1.3475,1.34738,252
2016-11-21 10:25:00,2016-11-21 10:26:00,1.34724,1.34726,1.34753,1.34722,1.34748,1.3475,1.34775,1.34746,430
2016-11-21 10:26:00,2016-11-21 10:27:00,1.34726,1.34707,1.34727,1.34706,1.3475,1.34729,1.3475,1.34729,239
2016-11-21 10:27:00,2016-11-21 10:28:00,1.34707,1.34699,1.34715,1.34697,1.34729,1.34722,1.34736,1.34721,257
2016-11-21 10:28:00,2016-11-21 10:29:00,1.34699,1.34685,1.34708,1.34684,1.34722,1.34707,1.34725,1.34707,161
2016-11-21 10:29:00,2016-11-21 10:30:00,1.34685,1.34654,1.34714,1.34646,1.34707,1.34676,1.34735,1.34671,515
2016-11-21 10:30:00,2016-11-21 10:31:00,1.34654,1.34641,1.34656,1.34633,1.34676,1.34662,1.34681,1.34655,384
2016-11-21 10:31:00,2016-11-21 10:32:00,1.34641,1.34639,1.34643,1.34626,1.34662,1.34657,1.34664,1.34648,320
2016-11-21 10:32:00,2016-11-21 10:33:00,1.34639,1.34639,1.34643,1.3462,1.34657,1.3466,1.34665,1.34645,325
2016-11-21 10:33:00,2016-11-21 10:34:00,1.34639,1.34625,1.34642,1.34623,1.3466,1.34645,1.34663,1.34645,237
2016-11-21 10:34:00,2016-11-21 10:35:00,1.34625,1.3462,1.34625,1.34614,1.34645,1.34641,1.34645,1.34635,132
2016-11-21 10:35:00,2016-11-21 10:36:00,1.3462,1.34641,1.34646,1.34606,1.34641,1.34664,1.34667,1.34628,420
2016-11-21 10:36:00,2016-11-21 10:37:00,1.34641,1.34607,1.34641,1.34605,1.34664,1.34628,1.34664,1.34627,172
2016-11-21 10:37:00,2016-11-21 10:38:00,1.34607,1.34607,1.34611,1.34577,1.34628,1.3463,1.34635,1.34603,255
2016-11-21 10:38:00,2016-11-21 10:39:00,1.34607,1.34597,1.3461,1.34595,1.3463,1.34622,1.34633,1.34618,213
2016-11-21 10:39:00,2016-11-21 10:40:00,1.34597,1.3461,1.34621,1.34596,1.34622,1.34634,1.34642,1.34621,245
2016-11-21 10:40:00,2016-11-21 10:41:00,1.3461,1.34616,1.34642,1.34605,1.34634,1.34639,1.34667,1.34628,287
2016-11-21 10:41:00,2016-11-21 10:42:00,1.34616,1.34607,1.3462,1.34593,1.34639,1.34629,1.34644,1.34617,296
2016-11-21 10:42:00,2016-11-21 10:43:00,1.34607,1.34596,1.34608,1.34588,1.34629,1.34621,1.34631,1.34607,221
2016-11-21 10:43:00,2016-11-21 10:44:00,1.34596,1.34587,1.34599,1.34582,1.34621,1.34607,1.34623,1.34603,275
2016-11-21 10:44:00,2016-11-21 10:45:00,1.34587,1.34589,1.34598,1.34578,1.34607,1.34613,1.34623,1.34598,412
2016-11-21 10:45:00,2016-11-21 10:46:00,1.34589,1.34595,1.346,1.34587,1.34613,1.34619,1.34624,1.34611,148
2016-11-21 10:46:00,2016-11-21 10:47:00,1.34595,1.34597,1.346,1.34595,1.34619,1.34622,1.34625,1.34617,101
2016-11-21 10:47:00,2016-11-21 10:48:00,1.34597,1.34608,1.34618,1.34594,1.34622,1.34632,1.34641,1.34619,157
2016-11-21 10:48:00,2016-11-21 10:49:00,1.34608,1.34608,1.34613,1.34607,1.34632,1.3463,1.34636,1.3463,96
2016-11-21 10:49:00,2016-11-21 10:50:00,1.34608,1.34606,1.34618,1.34601,1.3463,1.34632,1.34642,1.34625,215
2016-11-21 10:50:00,2016-11-21 10:51:00,1.34606,1.34615,1.34621,1.34603,1.34632,1.34639,1.34643,1.34627,149
2016-11-21 10:51:00,2016-11-21 10:52:00,1.34615,1.34629,1.34632,1.34616,1.34639,1.34651,1.34654,1.34639,183
2016-11-21 10:52:00,2016-11-21 10:53:00,1.34629,1.34608,1.34638,1.34604,1.34651,1.34632,1.34661,1.34627,339
2016-11-21 10:53:00,2016-11-21 10:54:00,1.34608,1.3461,1.34613,1.34599,1.34632,1.34631,1.34635,1.34623,283
2016-11-21 10:54:00,2016-11-21 10:55:00,1.3461,1.34614,1.34621,1.34605,1.34631,1.34638,1.34642,1.34628,181
2016-11-21 10:55:00,2016-11-21 10:56:00,1.34614,1.34625,1.34626,1.34613,1.34638,1.34649,1.34651,1.34636,123
2016-11-21 10:56:00,2016-11-21 10:57:00,1.34625,1.34649,1.34658,1.34625,1.34649,1.34675,1.3468,1.34649,295
2016-11-21 10:57:00,2016-11-21 10:58:00,1.34649,1.34644,1.34653,1.34639,1.34675,1.34666,1.34677,1.34664,198
2016-11-21 10:58:00,2016-11-21 10:59:00,1.34644,1.34675,1.34676,1.34643,1.34666,1.34698,1.34699,1.34665,442
2016-11-21 10:59:00,2016-11-21 11:00:00,1.34675,1.34689,1.34702,1.34672,1.34698,1.34714,1.34725,1.34695,279
2016-11-21 11:00:00,2016-11-21 11:01:00,1.34689,1.3468,1.34703,1.34675,1.34714,1.34701,1.34724,1.34696,255
2016-11-21 11:01:00,2016-11-21 11:02:00,1.3468,1.34651,1.34688,1.34644,1.34701,1.34677,1.34713,1.3467,273
2016-11-21 11:02:00,2016-11-21 11:03:00,1.34651,1.34664,1.34666,1.34645,1.34677,1.34687,1.3469,1.3467,140
2016-11-21 11:03:00,2016-11-21 11:04:00,1.34664,1.34689,1.3469,1.34657,1.34687,1.34713,1.34716,1.34682,176
2016-11-21 11:04:00,2016-11-21 11:05:00,1.34689,1.34716,1.3473,1.34688,1.34713,1.3474,1.34754,1.34713,369
2016-11-21 11:05:00,2016-11-21 11:06:00,1.34716,1.34723,1.34726,1.34702,1.3474,1.34748,1.3475,1.34723,291
2016-11-21 11:06:00,2016-11-21 11:07:00,1.34723,1.34729,1.3473,1.34715,1.34748,1.34754,1.34754,1.34741,209
2016-11-21 11:07:00,2016-11-21 11:08:00,1.34729,1.34709,1.34734,1.34709,1.34754,1.34733,1.3476,1.34733,263
2016-11-21 11:08:00,2016-11-21 11:09:00,1.34709,1.34706,1.34709,1.34695,1.34733,1.3473,1.34734,1.34719,168
2016-11-21 11:09:00,2016-11-21 11:10:00,1.34706,1.3473,1.34738,1.34704,1.3473,1.34753,1.34763,1.34726,276
2016-11-21 11:10:00,2016-11-21 11:11:00,1.3473,1.34751,1.34761,1.3473,1.34753,1.34774,1.34784,1.34753,517
2016-11-21 11:11:00,2016-11-21 11:12:00,1.34751,1.34733,1.34751,1.34733,1.34774,1.34755,1.34774,1.34755,181
2016-11-21 11:12:00,2016-11-21 11:13:00,1.34733,1.34732,1.34744,1.34732,1.34755,1.34754,1.34766,1.34753,312
2016-11-21 11:13:00,2016-11-21 11:14:00,1.34732,1.34736,1.34736,1.34722,1.34754,1.34758,1.34759,1.34741,324
2016-11-21 11:14:00,2016-11-21 11:15:00,1.34736,1.34732,1.34737,1.34723,1.34758,1.34754,1.34761,1.34743,230
2016-11-21 11:15:00,2016-11-21 11:16:00,1.34732,1.34732,1.34736,1.34703,1.34754,1.34755,1.34758,1.34721,413
2016-11-21 11:16:00,2016-11-21 11:17:00,1.34732,1.34716,1.34732,1.34714,1.34755,1.34738,1.34756,1.34736,242
2016-11-21 11:17:00,2016-11-21 11:18:00,1.34716,1.3472,1.34726,1.34702,1.34738,1.34743,1.34748,1.34723,337
2016-11-21 11:18:00,2016-11-21 11:19:00,1.3472,1.34718,1.34722,1.34711,1.34743,1.34741,1.34744,1.34732,227
2016-11-21 11:19:00,2016-11-21 11:20:00,1.34718,1.34729,1.34729,1.34717,1.34741,1.3475,1.34752,1.34739,204
2016-11-21 11:20:00,2016-11-21 11:21:00,1.34729,1.34724,1.34738,1.34716,1.3475,1.34746,1.34762,1.34735,236
2016-11-21 11:21:00,2016-11-21 11:22:00,1.34724,1.34731,1.34734,1.34717,1.34746,1.34752,1.34758,1.34734,139
2016-11-21 11:22:00,2016-11-21 11:23:00,1.34731,1.34731,1.34741,1.34723,1.34752,1.34754,1.34763,1.34747,174
2016-11-21 11:23:00,2016-11-21 11:24:00,1.34731,1.34733,1.34746,1.3473,1.34754,1.34752,1.34768,1.34752,143
2016-11-21 11:24:00,2016-11-21 11:25:00,1.34733,1.34734,1.3474,1.34723,1.34752,1.34755,1.34762,1.34742,147
2016-11-21 11:25:00,2016-11-21 11:26:00,1.34734,1.34732,1.34739,1.34728,1.34755,1.34752,1.34758,1.3475,166
2016-11-21 11:26:00,2016-11-21 11:27:00,1.34732,1.34733,1.34738,1.34728,1.34752,1.34755,1.3476,1.3475,163
2016-11-21 11:27:00,2016-11-21 11:28:00,1.34733,1.34728,1.34735,1.34725,1.34755,1.34747,1.34759,1.34747,90
2016-11-21 11:28:00,2016-11-21 11:29:00,1.34728,1.34727,1.34732,1.34717,1.34747,1.3475,1.34751,1.34738,206
2016-11-21 11:29:00,2016-11-21 11:30:00,1.34727,1.34713,1.34729,1.34709,1.3475,1.34733,1.3475,1.3473,216
2016-11-21 11:30:00,2016-11-21 11:31:00,1.34713,1.34703,1.34718,1.347,1.34733,1.34724,1.34739,1.34724,225
2016-11-21 11:31:00,2016-11-21 11:32:00,1.34703,1.34688,1.34707,1.34682,1.34724,1.34709,1.34729,1.34705,229
2016-11-21 11:32:00,2016-11-21 11:33:00,1.34688,1.34696,1.34699,1.34668,1.34709,1.34713,1.34716,1.34692,254
2016-11-21 11:33:00,2016-11-21 11:34:00,1.34696,1.34696,1.34698,1.34681,1.34713,1.34714,1.34718,1.34703,264
2016-11-21 11:34:00,2016-11-21 11:35:00,1.34696,1.34676,1.34711,1.34674,1.34714,1.34697,1.34731,1.34696,346
2016-11-21 11:35:00,2016-11-21 11:36:00,1.34676,1.34677,1.34682,1.34662,1.34697,1.34698,1.34702,1.34684,244
2016-11-21 11:36:00,2016-11-21 11:37:00,1.34677,1.34664,1.34682,1.34658,1.34698,1.34685,1.34701,1.34678,307
2016-11-21 11:37:00,2016-11-21 11:38:00,1.34664,1.34667,1.34675,1.3466,1.34685,1.34689,1.34699,1.34681,148
2016-11-21 11:38:00,2016-11-21 11:39:00,1.34667,1.34643,1.34669,1.34637,1.34689,1.34666,1.3469,1.34658,275
2016-11-21 11:39:00,2016-11-21 11:40:00,1.34643,1.34646,1.34652,1.3464,1.34666,1.34669,1.34675,1.34664,190
2016-11-21 11:40:00,2016-11-21 11:41:00,1.34646,1.34624,1.34652,1.34612,1.34669,1.34646,1.34674,1.34633,245
2016-11-21 11:41:00,2016-11-21 11:42:00,1.34624,1.34651,1.34656,1.34624,1.34646,1.34675,1.3468,1.34646,382
2016-11-21 11:42:00,2016-11-21 11:43:00,1.34651,1.34633,1.34651,1.3463,1.34675,1.34659,1.34674,1.34654,269
2016-11-21 11:43:00,2016-11-21 11:44:00,1.34633,1.34656,1.34663,1.34633,1.34659,1.34681,1.34687,1.34658,290
2016-11-21 11:44:00,2016-11-21 11:45:00,1.34656,1.3464,1.34664,1.34624,1.34681,1.34664,1.34687,1.3465,310
2016-11-21 11:45:00,2016-11-21 11:46:00,1.3464,1.34612,1.34641,1.34611,1.34664,1.34636,1.34666,1.34635,278
2016-11-21 11:46:00,2016-11-21 11:47:00,1.34612,1.34596,1.34617,1.34596,1.34636,1.34616,1.3464,1.34616,197
2016-11-21 11:47:00,2016-11-21 11:48:00,1.34596,1.34569,1.34596,1.34568,1.34616,1.3459,1.34616,1.3459,431
2016-11-21 11:48:00,2016-11-21 11:49:00,1.34569,1.34547,1.34572,1.34534,1.3459,1.34568,1.34593,1.34557,432
2016-11-21 11:49:00,2016-11-21 11:50:00,1.34547,1.34569,1.34571,1.34542,1.34568,1.34592,1.34594,1.34563,337
2016-11-21 11:50:00,2016-11-21 11:51:00,1.34569,1.34589,1.34591,1.34568,1.34592,1.34612,1.34613,1.34591,467
2016-11-21 11:51:00,2016-11-21 11:52:00,1.34589,1.34587,1.34592,1.34561,1.34612,1.34612,1.34615,1.34587,305
2016-11-21 11:52:00,2016-11-21 11:53:00,1.34587,1.3457,1.34593,1.34563,1.34612,1.34594,1.34615,1.34588,369
2016-11-21 11:53:00,2016-11-21 11:54:00,1.3457,1.34589,1.34604,1.34562,1.34594,1.34613,1.34626,1.34585,298
2016-11-21 11:54:00,2016-11-21 11:55:00,1.34589,1.34581,1.34599,1.34575,1.34613,1.34605,1.34623,1.34598,343
2016-11-21 11:55:00,2016-11-21 11:56:00,1.34581,1.34586,1.3459,1.34569,1.34605,1.34609,1.34613,1.34591,376
2016-11-21 11:56:00,2016-11-21 11:57:00,1.34586,1.34596,1.34599,1.34585,1.34609,1.34619,1.34622,1.34608,372
2016-11-21 11:57:00,2016-11-21 11:58:00,1.34596,1.34621,1.34641,1.34595,1.34619,1.34644,1.34663,1.34616,450
2016-11-21 11:58:00,2016-11-21 11:59:00,1.34621,1.34583,1.34622,1.34574,1.34644,1.34605,1.34646,1.34597,446
2016-11-21 11:59:00,2016-11-21 12:00:00,1.34583,1.34585,1.34589,1.34553,1.34605,1.34609,1.34612,1.34573,478
2016-11-21 12:00:00,2016-11-21 12:01:00,1.34585,1.34574,1.34586,1.34569,1.34609,1.34596,1.34609,1.34589,322
2016-11-21 12:01:00,2016-11-21 12:02:00,1.34574,1.34605,1.34608,1.3457,1.34596,1.34627,1.34631,1.34592,487
2016-11-21 12:02:00,2016-11-21 12:03:00,1.34605,1.34618,1.34624,1.34603,1.34627,1.3464,1.34644,1.34626,336
2016-11-21 12:03:00,2016-11-21 12:04:00,1.34618,1.34585,1.34621,1.34583,1.3464,1.34606,1.34643,1.34606,370
2016-11-21 12:04:00,2016-11-21 12:05:00,1.34585,1.34584,1.34601,1.34549,1.34606,1.34607,1.34623,1.34572,678
2016-11-21 12:05:00,2016-11-21 12:06:00,1.34584,1.34571,1.34602,1.34562,1.34607,1.34592,1.34624,1.34584,432
2016-11-21 12:06:00,2016-11-21 12:07:00,1.34571,1.34575,1.34575,1.34548,1.34592,1.34599,1.34599,1.3457,356
2016-11-21 12:07:00,2016-11-21 12:08:00,1.34575,1.34586,1.34586,1.34565,1.34599,1.34608,1.34608,1.34587,409
2016-11-21 12:08:00,2016-11-21 12:09:00,1.34586,1.34567,1.34601,1.34567,1.34608,1.34591,1.34624,1.34591,459
2016-11-21 12:09:00,2016-11-21 12:10:00,1.34567,1.34542,1.34573,1.34541,1.34591,1.34563,1.34593,1.34561,390
2016-11-21 12:10:00,2016-11-21 12:11:00,1.34542,1.34552,1.34556,1.3453,1.34563,1.34573,1.34579,1.34554,272
2016-11-21 12:11:00,2016-11-21 12:12:00,1.34552,1.34526,1.34554,1.34522,1.34573,1.34545,1.34577,1.34544,590
2016-11-21 12:12:00,2016-11-21 12:13:00,1.34526,1.34512,1.34528,1.34487,1.34545,1.34535,1.34548,1.34508,420
2016-11-21 12:13:00,2016-11-21 12:14:00,1.34512,1.34513,1.34527,1.34513,1.34535,1.34535,1.34546,1.34534,303
2016-11-21 12:14:00,2016-11-21 12:15:00,1.34513,1.34512,1.34522,1.345,1.34535,1.34532,1.34544,1.34523,154
2016-11-21 12:15:00,2016-11-21 12:16:00,1.34512,1.34496,1.34514,1.34478,1.34532,1.34521,1.34535,1.345,362
2016-11-21 12:16:00,2016-11-21 12:17:00,1.34496,1.3449,1.34496,1.34475,1.34521,1.34514,1.34519,1.34498,412
2016-11-21 12:17:00,2016-11-21 12:18:00,1.3449,1.3448,1.3449,1.34469,1.34514,1.34501,1.34513,1.3449,254
2016-11-21 12:18:00,2016-11-21 12:19:00,1.3448,1.34509,1.3451,1.34476,1.34501,1.34534,1.34534,1.34498,301
2016-11-21 12:19:00,2016-11-21 12:20:00,1.34509,1.34473,1.34531,1.34461,1.34534,1.34496,1.34554,1.34485,422
2016-11-21 12:20:00,2016-11-21 12:21:00,1.34473,1.34532,1.34535,1.34474,1.34496,1.34558,1.34559,1.34496,380
2016-11-21 12:21:00,2016-11-21 12:22:00,1.34532,1.34576,1.34581,1.34531,1.34558,1.34599,1.34601,1.34555,264
2016-11-21 12:22:00,2016-11-21 12:23:00,1.34576,1.34585,1.34586,1.34569,1.34599,1.34607,1.34607,1.3459,237
2016-11-21 12:23:00,2016-11-21 12:24:00,1.34585,1.34581,1.34591,1.34569,1.34607,1.34603,1.34612,1.34593,258
2016-11-21 12:24:00,2016-11-21 12:25:00,1.34581,1.34599,1.34604,1.34574,1.34603,1.3462,1.34625,1.34598,338
2016-11-21 12:25:00,2016-11-21 12:26:00,1.34599,1.34611,1.34611,1.34585,1.3462,1.34632,1.34632,1.3461,236
2016-11-21 12:26:00,2016-11-21 12:27:00,1.34611,1.3461,1.34615,1.34603,1.34632,1.34628,1.34632,1.34624,256
2016-11-21 12:27:00,2016-11-21 12:28:00,1.3461,1.34602,1.34627,1.34595,1.34628,1.34621,1.34644,1.34618,308
2016-11-21 12:28:00,2016-11-21 12:29:00,1.34602,1.34568,1.34604,1.34568,1.34621,1.3459,1.34621,1.34587,312
2016-11-21 12:29:00,2016-11-21 12:30:00,1.34568,1.34582,1.34584,1.34568,1.3459,1.34604,1.34604,1.34588,344
2016-11-21 12:30:00,2016-11-21 12:31:00,1.34582,1.34579,1.34598,1.34577,1.34604,1.346,1.34618,1.34599,286
2016-11-21 12:31:00,2016-11-21 12:32:00,1.34579,1.34562,1.34579,1.34554,1.346,1.34583,1.346,1.34578,268
2016-11-21 12:32:00,2016-11-21 12:33:00,1.34562,1.3456,1.34575,1.3456,1.34583,1.34584,1.34596,1.34583,327
2016-11-21 12:33:00,2016-11-21 12:34:00,1.3456,1.3455,1.34565,1.34544,1.34584,1.34571,1.34588,1.34564,412
2016-11-21 12:34:00,2016-11-21 12:35:00,1.3455,1.34555,1.34561,1.34549,1.34571,1.34574,1.3458,1.34569,177
2016-11-21 12:35:00,2016-11-21 12:36:00,1.34555,1.34538,1.34561,1.34536,1.34574,1.34559,1.34585,1.34559,240
2016-11-21 12:36:00,2016-11-21 12:37:00,1.34538,1.34537,1.34545,1.34535,1.34559,1.34552,1.34568,1.34552,115
2016-11-21 12:37:00,2016-11-21 12:38:00,1.34537,1.34526,1.34544,1.34522,1.34552,1.34548,1.34564,1.34543,267
2016-11-21 12:38:00,2016-11-21 12:39:00,1.34526,1.34546,1.34556,1.34526,1.34548,1.34566,1.34576,1.34549,303
2016-11-21 12:39:00,2016-11-21 12:40:00,1.34546,1.34516,1.34554,1.34514,1.34566,1.34538,1.34578,1.34537,258
2016-11-21 12:40:00,2016-11-21 12:41:00,1.34516,1.34508,1.34516,1.34494,1.34538,1.34531,1.34538,1.34516,578
2016-11-21 12:41:00,2016-11-21 12:42:00,1.34508,1.34514,1.34517,1.34507,1.34531,1.34537,1.34539,1.34528,345
2016-11-21 12:42:00,2016-11-21 12:43:00,1.34514,1.34509,1.34515,1.34502,1.34537,1.34534,1.34538,1.34522,258
2016-11-21 12:43:00,2016-11-21 12:44:00,1.34509,1.34521,1.3453,1.3451,1.34534,1.34546,1.34554,1.34532,221
2016-11-21 12:44:00,2016-11-21 12:45:00,1.34521,1.34517,1.34546,1.34517,1.34546,1.3454,1.34567,1.34537,229
2016-11-21 12:45:00,2016-11-21 12:46:00,1.34517,1.34506,1.3452,1.34498,1.3454,1.34531,1.34544,1.34523,239
2016-11-21 12:46:00,2016-11-21 12:47:00,1.34506,1.34525,1.3453,1.34507,1.34531,1.3455,1.34551,1.34531,166
2016-11-21 12:47:00,2016-11-21 12:48:00,1.34525,1.34562,1.34562,1.34522,1.3455,1.34583,1.34583,1.34546,232
2016-11-21 12:48:00,2016-11-21 12:49:00,1.34562,1.34571,1.34581,1.34551,1.34583,1.34594,1.34605,1.34573,319
2016-11-21 12:49:00,2016-11-21 12:50:00,1.34571,1.34556,1.34575,1.34547,1.34594,1.3458,1.34597,1.34572,191
2016-11-21 12:50:00,2016-11-21 12:51:00,1.34556,1.34558,1.34558,1.34548,1.3458,1.3458,1.34581,1.34573,175
2016-11-21 12:51:00,2016-11-21 12:52:00,1.34558,1.34554,1.34561,1.34536,1.3458,1.34575,1.34582,1.34555,294
2016-11-21 12:52:00,2016-11-21 12:53:00,1.34554,1.34541,1.34559,1.34537,1.34575,1.34563,1.34581,1.3456,294
2016-11-21 12:53:00,2016-11-21 12:54:00,1.34541,1.34508,1.34544,1.34495,1.34563,1.3453,1.34566,1.34516,428
2016-11-21 12:54:00,2016-11-21 12:55:00,1.34508,1.34501,1.34509,1.34488,1.3453,1.34524,1.34529,1.34509,295
2016-11-21 12:55:00,2016-11-21 12:56:00,1.34501,1.34523,1.34526,1.34491,1.34524,1.34545,1.34549,1.34511,352
2016-11-21 12:56:00,2016-11-21 12:57:00,1.34523,1.34521,1.34551,1.34516,1.34545,1.34543,1.34571,1.34539,341
2016-11-21 12:57:00,2016-11-21 12:58:00,1.34521,1.34549,1.34552,1.34516,1.34543,1.34572,1.34573,1.34539,314
2016-11-21 12:58:00,2016-11-21 12:59:00,1.34549,1.34556,1.34564,1.34545,1.34572,1.34581,1.34588,1.34566,491
2016-11-21 12:59:00,2016-11-21 13:00:00,1.34556,1.34569,1.34578,1.34543,1.34581,1.3459,1.34598,1.34566,617
2016-11-21 13:00:00,2016-11-21 13:01:00,1.34569,1.3459,1.346,1.34566,1.3459,1.34613,1.34623,1.34589,535
2016-11-21 13:01:00,2016-11-21 13:02:00,1.3459,1.34579,1.34591,1.34557,1.34613,1.34602,1.34613,1.34578,450
2016-11-21 13:02:00,2016-11-21 13:03:00,1.34579,1.3457,1.34585,1.34562,1.34602,1.34594,1.34603,1.34585,172
2016-11-21 13:03:00,2016-11-21 13:04:00,1.3457,1.34562,1.34588,1.34562,1.34594,1.34583,1.34606,1.34583,166
2016-11-21 13:04:00,2016-11-21 13:05:00,1.34562,1.34548,1.34568,1.34541,1.34583,1.34568,1.3459,1.34565,312
2016-11-21 13:05:00,2016-11-21 13:06:00,1.34548,1.34543,1.34561,1.34537,1.34568,1.34564,1.34583,1.3456,181
2016-11-21 13:06:00,2016-11-21 13:07:00,1.34543,1.34529,1.34545,1.34522,1.34564,1.34545,1.34566,1.34544,212
2016-11-21 13:07:00,2016-11-21 13:08:00,1.34529,1.34507,1.34528,1.34506,1.34545,1.34526,1.34546,1.34526,228
2016-11-21 13:08:00,2016-11-21 13:09:00,1.34507,1.34523,1.34528,1.34501,1.34526,1.34544,1.34547,1.34521,247
2016-11-21 13:09:00,2016-11-21 13:10:00,1.34523,1.34521,1.34534,1.34509,1.34544,1.34543,1.34557,1.34531,440
2016-11-21 13:10:00,2016-11-21 13:11:00,1.34521,1.34551,1.34551,1.34522,1.34543,1.34569,1.3457,1.34543,193
2016-11-21 13:11:00,2016-11-21 13:12:00,1.34551,1.34587,1.34592,1.34541,1.34569,1.34609,1.34616,1.34563,550
2016-11-21 13:12:00,2016-11-21 13:13:00,1.34587,1.34607,1.34614,1.34586,1.34609,1.34631,1.34638,1.34608,508
2016-11-21 13:13:00,2016-11-21 13:14:00,1.34607,1.34575,1.34613,1.34575,1.34631,1.34597,1.34637,1.34597,459
2016-11-21 13:14:00,2016-11-21 13:15:00,1.34575,1.34585,1.346,1.3457,1.34597,1.34609,1.34623,1.34593,338
2016-11-21 13:15:00,2016-11-21 13:16:00,1.34585,1.3459,1.34593,1.34557,1.34609,1.34611,1.34617,1.34579,394
2016-11-21 13:16:00,2016-11-21 13:17:00,1.3459,1.3461,1.34614,1.34581,1.34611,1.3463,1.34635,1.34602,241
2016-11-21 13:17:00,2016-11-21 13:18:00,1.3461,1.34605,1.3463,1.34599,1.3463,1.34628,1.34652,1.34618,350
2016-11-21 13:18:00,2016-11-21 13:19:00,1.34605,1.34593,1.34606,1.34587,1.34628,1.34618,1.34629,1.34611,211
2016-11-21 13:19:00,2016-11-21 13:20:00,1.34593,1.34607,1.34608,1.34594,1.34618,1.34631,1.34631,1.34618,169
2016-11-21 13:20:00,2016-11-21 13:21:00,1.34607,1.34627,1.3463,1.34605,1.34631,1.34646,1.34651,1.34628,274
2016-11-21 13:21:00,2016-11-21 13:22:00,1.34627,1.34652,1.34652,1.34624,1.34646,1.34673,1.34675,1.34645,201
2016-11-21 13:22:00,2016-11-21 13:23:00,1.34652,1.34612,1.34652,1.34611,1.34673,1.34631,1.34673,1.34628,306
2016-11-21 13:23:00,2016-11-21 13:24:00,1.34612,1.34643,1.34646,1.34605,1.34631,1.34665,1.34669,1.34627,163
2016-11-21 13:24:00,2016-11-21 13:25:00,1.34643,1.34639,1.34644,1.34629,1.34665,1.34656,1.34666,1.34647,118
2016-11-21 13:25:00,2016-11-21 13:26:00,1.34639,1.34649,1.34689,1.34639,1.34656,1.34667,1.34708,1.34656,640
2016-11-21 13:26:00,2016-11-21 13:27:00,1.34649,1.34593,1.34653,1.34556,1.34667,1.34618,1.34676,1.34577,1224
2016-11-21 13:27:00,2016-11-21 13:28:00,1.34593,1.34571,1.34593,1.34562,1.34618,1.34595,1.34617,1.34588,913
2016-11-21 13:28:00,2016-11-21 13:29:00,1.34571,1.34583,1.34611,1.34571,1.34595,1.34609,1.34635,1.34593,795
2016-11-21 13:29:00,2016-11-21 13:30:00,1.34583,1.34599,1.34659,1.34588,1.34609,1.34623,1.3469,1.34609,1039
2016-11-21 13:30:00,2016-11-21 13:31:00,1.34599,1.34561,1.34605,1.34561,1.34623,1.34587,1.34628,1.34587,648
2016-11-21 13:31:00,2016-11-21 13:32:00,1.34561,1.34526,1.34568,1.34522,1.34587,1.34551,1.34587,1.34545,651
2016-11-21 13:32:00,2016-11-21 13:33:00,1.34526,1.34505,1.3454,1.34491,1.34551,1.3453,1.34567,1.34516,712
2016-11-21 13:33:00,2016-11-21 13:34:00,1.34505,1.34469,1.34525,1.34459,1.3453,1.34495,1.34551,1.34484,742
2016-11-21 13:34:00,2016-11-21 13:35:00,1.34469,1.34445,1.34471,1.3444,1.34495,1.34469,1.34497,1.34463,943
2016-11-21 13:35:00,2016-11-21 13:36:00,1.34445,1.34432,1.34445,1.34405,1.34469,1.34454,1.34468,1.34428,808
2016-11-21 13:36:00,2016-11-21 13:37:00,1.34432,1.34427,1.34452,1.34424,1.34454,1.34448,1.34477,1.34447,387
2016-11-21 13:37:00,2016-11-21 13:38:00,1.34427,1.34414,1.34441,1.34397,1.34448,1.34438,1.34462,1.34421,735
2016-11-21 13:38:00,2016-11-21 13:39:00,1.34414,1.34405,1.34443,1.34405,1.34438,1.34429,1.34466,1.34429,819
2016-11-21 13:39:00,2016-11-21 13:40:00,1.34405,1.34431,1.34438,1.34396,1.34429,1.34455,1.34461,1.34418,469
2016-11-21 13:40:00,2016-11-21 13:41:00,1.34431,1.3443,1.34444,1.34425,1.34455,1.34451,1.34469,1.34447,378
2016-11-21 13:41:00,2016-11-21 13:42:00,1.3443,1.34441,1.34446,1.34397,1.34451,1.34461,1.34468,1.34422,366
2016-11-21 13:42:00,2016-11-21 13:43:00,1.34441,1.34434,1.34441,1.34414,1.34461,1.34456,1.34463,1.34437,406
2016-11-21 13:43:00,2016-11-21 13:44:00,1.34434,1.34435,1.34447,1.34423,1.34456,1.34456,1.34468,1.34447,323
2016-11-21 13:44:00,2016-11-21 13:45:00,1.34435,1.34408,1.34437,1.34404,1.34456,1.34435,1.34458,1.34427,305
2016-11-21 13:45:00,2016-11-21 13:46:00,1.34408,1.34373,1.34411,1.34371,1.34435,1.34399,1.34437,1.34395,270
2016-11-21 13:46:00,2016-11-21 13:47:00,1.34373,1.343,1.34373,1.34296,1.34399,1.34319,1.34399,1.34318,601
2016-11-21 13:47:00,2016-11-21 13:48:00,1.343,1.34296,1.3431,1.3424,1.34319,1.34319,1.34332,1.34263,588
2016-11-21 13:48:00,2016-11-21 13:49:00,1.34296,1.3429,1.34298,1.34272,1.34319,1.34316,1.34322,1.34296,339
2016-11-21 13:49:00,2016-11-21 13:50:00,1.3429,1.34299,1.34306,1.34277,1.34316,1.34317,1.34328,1.34299,388
2016-11-21 13:50:00,2016-11-21 13:51:00,1.34299,1.34275,1.343,1.34265,1.34317,1.34296,1.3432,1.34288,132
2016-11-21 13:51:00,2016-11-21 13:52:00,1.34275,1.34254,1.34285,1.34254,1.34296,1.3428,1.34308,1.34276,273
2016-11-21 13:52:00,2016-11-21 13:53:00,1.34254,1.34275,1.34276,1.34235,1.3428,1.34302,1.34302,1.34254,420
2016-11-21 13:53:00,2016-11-21 13:54:00,1.34275,1.34242,1.34275,1.34241,1.34302,1.34262,1.34301,1.34262,262
2016-11-21 13:54:00,2016-11-21 13:55:00,1.34242,1.34251,1.34261,1.34242,1.34262,1.34278,1.34284,1.34264,256
2016-11-21 13:55:00,2016-11-21 13:56:00,1.34251,1.34262,1.34263,1.34242,1.34278,1.34282,1.34287,1.34264,394
2016-11-21 13:56:00,2016-11-21 13:57:00,1.34262,1.34258,1.34266,1.34248,1.34282,1.34278,1.3429,1.3427,282
2016-11-21 13:57:00,2016-11-21 13:58:00,1.34258,1.34253,1.34261,1.34232,1.34278,1.34275,1.34283,1.34251,261
2016-11-21 13:58:00,2016-11-21 13:59:00,1.34253,1.34257,1.34262,1.34241,1.34275,1.34279,1.34284,1.34265,302
2016-11-21 13:59:00,2016-11-21 14:00:00,1.34257,1.34278,1.34278,1.34239,1.34279,1.34296,1.34296,1.34263,525
2016-11-21 14:00:00,2016-11-21 14:01:00,1.34278,1.34263,1.34302,1.34259,1.34296,1.34286,1.34325,1.34282,469
2016-11-21 14:01:00,2016-11-21 14:02:00,1.34263,1.34269,1.34275,1.3425,1.34286,1.34288,1.34296,1.34273,327
2016-11-21 14:02:00,2016-11-21 14:03:00,1.34269,1.34283,1.34305,1.34251,1.34288,1.34306,1.34328,1.34276,557
2016-11-21 14:03:00,2016-11-21 14:04:00,1.34283,1.3428,1.34302,1.34275,1.34306,1.34304,1.34324,1.34296,515
2016-11-21 14:04:00,2016-11-21 14:05:00,1.3428,1.34312,1.34333,1.34275,1.34304,1.34329,1.34357,1.34297,636
2016-11-21 14:05:00,2016-11-21 14:06:00,1.34312,1.34294,1.34324,1.34292,1.34329,1.34318,1.34344,1.34314,444
2016-11-21 14:06:00,2016-11-21 14:07:00,1.34294,1.34302,1.34302,1.34285,1.34318,1.34321,1.34325,1.34307,378
2016-11-21 14:07:00,2016-11-21 14:08:00,1.34302,1.34264,1.34321,1.34256,1.34321,1.34288,1.34344,1.3428,500
2016-11-21 14:08:00,2016-11-21 14:09:00,1.34264,1.34256,1.34294,1.34253,1.34288,1.3428,1.34318,1.34275,483
2016-11-21 14:09:00,2016-11-21 14:10:00,1.34256,1.34254,1.34268,1.34248,1.3428,1.34276,1.34288,1.3427,350
2016-11-21 14:10:00,2016-11-21 14:11:00,1.34254,1.34252,1.34258,1.3423,1.34276,1.34277,1.34281,1.3425,312
2016-11-21 14:11:00,2016-11-21 14:12:00,1.34252,1.34264,1.34275,1.34245,1.34277,1.3429,1.34299,1.34268,373
2016-11-21 14:12:00,2016-11-21 14:13:00,1.34264,1.34287,1.34296,1.34261,1.3429,1.34304,1.34317,1.34287,274
2016-11-21 14:13:00,2016-11-21 14:14:00,1.34287,1.34293,1.34296,1.34283,1.34304,1.34314,1.34319,1.343,372
2016-11-21 14:14:00,2016-11-21 14:15:00,1.34293,1.34265,1.34293,1.34254,1.34314,1.34289,1.34315,1.34279,433
2016-11-21 14:15:00,2016-11-21 14:16:00,1.34265,1.34273,1.34275,1.34263,1.34289,1.34295,1.34298,1.34286,445
2016-11-21 14:16:00,2016-11-21 14:17:00,1.34273,1.3423,1.34284,1.34229,1.34295,1.34248,1.34308,1.34247,602
2016-11-21 14:17:00,2016-11-21 14:18:00,1.3423,1.34185,1.34231,1.34163,1.34248,1.34206,1.34249,1.34185,562
2016-11-21 14:18:00,2016-11-21 14:19:00,1.34185,1.34128,1.34196,1.34126,1.34206,1.34155,1.34216,1.34153,589
2016-11-21 14:19:00,2016-11-21 14:20:00,1.34128,1.3411,1.34138,1.34108,1.34155,1.34134,1.34164,1.34134,515
2016-11-21 14:20:00,2016-11-21 14:21:00,1.3411,1.3412,1.34134,1.34101,1.34134,1.34143,1.34156,1.34124,206
2016-11-21 14:21:00,2016-11-21 14:22:00,1.3412,1.34103,1.34135,1.34094,1.34143,1.34128,1.3416,1.34115,414
2016-11-21 14:22:00,2016-11-21 14:23:00,1.34103,1.34107,1.34108,1.34075,1.34128,1.34134,1.34134,1.34101,464
2016-11-21 14:23:00,2016-11-21 14:24:00,1.34107,1.34121,1.34132,1.34101,1.34134,1.34145,1.34157,1.34125,440
2016-11-21 14:24:00,2016-11-21 14:25:00,1.34121,1.34115,1.34135,1.34108,1.34145,1.34138,1.34159,1.34132,346
2016-11-21 14:25:00,2016-11-21 14:26:00,1.34115,1.3414,1.34148,1.34112,1.34138,1.34162,1.34172,1.34134,372
2016-11-21 14:26:00,2016-11-21 14:27:00,1.3414,1.34156,1.34161,1.34139,1.34162,1.34177,1.34183,1.34158,311
2016-11-21 14:27:00,2016-11-21 14:28:00,1.34156,1.34146,1.34156,1.3414,1.34177,1.34168,1.3418,1.34161,335
2016-11-21 14:28:00,2016-11-21 14:29:00,1.34146,1.34137,1.34165,1.34136,1.34168,1.34162,1.34186,1.34159,380
2016-11-21 14:29:00,2016-11-21 14:30:00,1.34137,1.34128,1.34142,1.34121,1.34162,1.34153,1.34166,1.34145,311
2016-11-21 14:30:00,2016-11-21 14:31:00,1.34128,1.34129,1.34146,1.34108,1.34153,1.34153,1.34172,1.34134,371
2016-11-21 14:31:00,2016-11-21 14:32:00,1.34129,1.34146,1.3415,1.34119,1.34153,1.34164,1.34172,1.34141,272
2016-11-21 14:32:00,2016-11-21 14:33:00,1.34146,1.34135,1.34156,1.34122,1.34164,1.34159,1.34177,1.34144,561
2016-11-21 14:33:00,2016-11-21 14:34:00,1.34135,1.3412,1.3415,1.3412,1.34159,1.34144,1.34173,1.34143,627
2016-11-21 14:34:00,2016-11-21 14:35:00,1.3412,1.34101,1.3412,1.34092,1.34144,1.34124,1.34146,1.34115,373
2016-11-21 14:35:00,2016-11-21 14:36:00,1.34101,1.3412,1.34124,1.34091,1.34124,1.34141,1.34149,1.34113,461
2016-11-21 14:36:00,2016-11-21 14:37:00,1.3412,1.34089,1.34118,1.34086,1.34141,1.34111,1.34141,1.34107,320
2016-11-21 14:37:00,2016-11-21 14:38:00,1.34089,1.34097,1.34106,1.34087,1.34111,1.34119,1.34129,1.34109,243
2016-11-21 14:38:00,2016-11-21 14:39:00,1.34097,1.34116,1.34125,1.34092,1.34119,1.34141,1.34146,1.34114,319
2016-11-21 14:39:00,2016-11-21 14:40:00,1.34116,1.34114,1.34122,1.34105,1.34141,1.34137,1.34145,1.34128,220
2016-11-21 14:40:00,2016-11-21 14:41:00,1.34114,1.34118,1.3412,1.34101,1.34137,1.34141,1.34141,1.34124,177
2016-11-21 14:41:00,2016-11-21 14:42:00,1.34118,1.34115,1.34118,1.34106,1.34141,1.34137,1.34139,1.34129,154
2016-11-21 14:42:00,2016-11-21 14:43:00,1.34115,1.34115,1.34125,1.3411,1.34137,1.34131,1.34146,1.34131,165
2016-11-21 14:43:00,2016-11-21 14:44:00,1.34115,1.34111,1.34122,1.34092,1.34131,1.34135,1.34143,1.34114,349
2016-11-21 14:44:00,2016-11-21 14:45:00,1.34111,1.34128,1.3413,1.34103,1.34135,1.34153,1.34155,1.34124,441
2016-11-21 14:45:00,2016-11-21 14:46:00,1.34128,1.34113,1.3413,1.34104,1.34153,1.34136,1.34156,1.34125,350
2016-11-21 14:46:00,2016-11-21 14:47:00,1.34113,1.3411,1.3412,1.34103,1.34136,1.34136,1.34143,1.34127,272
2016-11-21 14:47:00,2016-11-21 14:48:00,1.3411,1.34129,1.34133,1.34108,1.34136,1.34152,1.34155,1.34133,441
2016-11-21 14:48:00,2016-11-21 14:49:00,1.34129,1.34147,1.34149,1.34119,1.34152,1.34172,1.34175,1.34141,311
2016-11-21 14:49:00,2016-11-21 14:50:00,1.34147,1.34164,1.34167,1.34135,1.34172,1.34188,1.34189,1.34159,395
2016-11-21 14:50:00,2016-11-21 14:51:00,1.34164,1.34153,1.34175,1.34147,1.34188,1.34175,1.34189,1.34171,593
2016-11-21 14:51:00,2016-11-21 14:52:00,1.34153,1.34166,1.34173,1.34144,1.34175,1.34186,1.34196,1.34168,369
2016-11-21 14:52:00,2016-11-21 14:53:00,1.34166,1.34166,1.34175,1.3416,1.34186,1.34186,1.34197,1.34179,364
2016-11-21 14:53:00,2016-11-21 14:54:00,1.34166,1.3416,1.34168,1.34151,1.34186,1.34179,1.3419,1.3417,341
2016-11-21 14:54:00,2016-11-21 14:55:00,1.3416,1.34142,1.34161,1.34135,1.34179,1.34166,1.3418,1.34159,305
2016-11-21 14:55:00,2016-11-21 14:56:00,1.34142,1.34147,1.3415,1.34124,1.34166,1.34173,1.34173,1.34147,403
2016-11-21 14:56:00,2016-11-21 14:57:00,1.34147,1.34211,1.34211,1.34146,1.34173,1.34233,1.34236,1.3417,552
2016-11-21 14:57:00,2016-11-21 14:58:00,1.34211,1.34235,1.34235,1.34198,1.34233,1.34256,1.34256,1.34223,459
2016-11-21 14:58:00,2016-11-21 14:59:00,1.34235,1.34185,1.34235,1.34165,1.34256,1.3421,1.34256,1.34191,400
2016-11-21 14:59:00,2016-11-21 15:00:00,1.34185,1.34178,1.34193,1.34158,1.3421,1.342,1.34217,1.3418,479
2016-11-21 15:00:00,2016-11-21 15:01:00,1.34178,1.34157,1.34177,1.34151,1.342,1.34182,1.342,1.34174,279
2016-11-21 15:01:00,2016-11-21 15:02:00,1.34157,1.34177,1.34178,1.34137,1.34182,1.34198,1.34199,1.34161,318
2016-11-21 15:02:00,2016-11-21 15:03:00,1.34177,1.34151,1.34191,1.34144,1.34198,1.34173,1.34214,1.34168,374
2016-11-21 15:03:00,2016-11-21 15:04:00,1.34151,1.34148,1.34192,1.34138,1.34173,1.34172,1.34212,1.34162,524
2016-11-21 15:04:00,2016-11-21 15:05:00,1.34148,1.34104,1.34151,1.34097,1.34172,1.34129,1.34173,1.34122,550
2016-11-21 15:05:00,2016-11-21 15:06:00,1.34104,1.34082,1.34113,1.34082,1.34129,1.34109,1.34136,1.34106,458
2016-11-21 15:06:00,2016-11-21 15:07:00,1.34082,1.34084,1.34106,1.34076,1.34109,1.34106,1.34128,1.34101,375
2016-11-21 15:07:00,2016-11-21 15:08:00,1.34084,1.34083,1.34107,1.34073,1.34106,1.34108,1.34129,1.34097,289
2016-11-21 15:08:00,2016-11-21 15:09:00,1.34083,1.34051,1.34083,1.34043,1.34108,1.34073,1.34107,1.34065,347
2016-11-21 15:09:00,2016-11-21 15:10:00,1.34051,1.34067,1.34076,1.34047,1.34073,1.3409,1.34102,1.3407,383
2016-11-21 15:10:00,2016-11-21 15:11:00,1.34067,1.34043,1.34103,1.34041,1.3409,1.34065,1.34128,1.34064,515
2016-11-21 15:11:00,2016-11-21 15:12:00,1.34043,1.3406,1.34066,1.34042,1.34065,1.34084,1.34091,1.34065,214
2016-11-21 15:12:00,2016-11-21 15:13:00,1.3406,1.34065,1.34076,1.34054,1.34084,1.3409,1.34099,1.3408,288
2016-11-21 15:13:00,2016-11-21 15:14:00,1.34065,1.34069,1.34074,1.34051,1.3409,1.34091,1.34099,1.34073,347
2016-11-21 15:14:00,2016-11-21 15:15:00,1.34069,1.34086,1.34087,1.34058,1.34091,1.34106,1.34112,1.3408,319
2016-11-21 15:15:00,2016-11-21 15:16:00,1.34086,1.3412,1.34123,1.34083,1.34106,1.34142,1.34146,1.34104,265
2016-11-21 15:16:00,2016-11-21 15:17:00,1.3412,1.3411,1.34122,1.34096,1.34142,1.34134,1.34144,1.34116,311
2016-11-21 15:17:00,2016-11-21 15:18:00,1.3411,1.34085,1.34112,1.34081,1.34134,1.34109,1.34136,1.34105,218
2016-11-21 15:18:00,2016-11-21 15:19:00,1.34085,1.34051,1.34094,1.34051,1.34109,1.34071,1.34117,1.34071,406
2016-11-21 15:19:00,2016-11-21 15:20:00,1.34051,1.34051,1.34053,1.34039,1.34071,1.3407,1.34075,1.3406,391
2016-11-21 15:20:00,2016-11-21 15:21:00,1.34051,1.34061,1.34077,1.34053,1.3407,1.34084,1.34101,1.34071,257
2016-11-21 15:21:00,2016-11-21 15:22:00,1.34061,1.34121,1.34124,1.34062,1.34084,1.34147,1.34147,1.34084,333
2016-11-21 15:22:00,2016-11-21 15:23:00,1.34121,1.34092,1.34121,1.3408,1.34147,1.34116,1.34146,1.34105,443
2016-11-21 15:23:00,2016-11-21 15:24:00,1.34092,1.34088,1.34098,1.34084,1.34116,1.34108,1.34117,1.34107,231
2016-11-21 15:24:00,2016-11-21 15:25:00,1.34088,1.34066,1.34091,1.34065,1.34108,1.34087,1.34111,1.34087,195
2016-11-21 15:25:00,2016-11-21 15:26:00,1.34066,1.34059,1.34068,1.34053,1.34087,1.34083,1.3409,1.34075,268
2016-11-21 15:26:00,2016-11-21 15:27:00,1.34059,1.34074,1.34076,1.34056,1.34083,1.34096,1.34097,1.34078,259
2016-11-21 15:27:00,2016-11-21 15:28:00,1.34074,1.3406,1.34073,1.34054,1.34096,1.34079,1.34096,1.34075,290
2016-11-21 15:28:00,2016-11-21 15:29:00,1.3406,1.34025,1.34064,1.34019,1.34079,1.34047,1.34083,1.34043,423
2016-11-21 15:29:00,2016-11-21 15:30:00,1.34025,1.34029,1.34044,1.34022,1.34047,1.34052,1.34067,1.34046,322
2016-11-21 15:30:00,2016-11-21 15:31:00,1.34029,1.33979,1.34037,1.33955,1.34052,1.34004,1.34059,1.33978,452
2016-11-21 15:31:00,2016-11-21 15:32:00,1.33979,1.3396,1.3399,1.33952,1.34004,1.33978,1.34012,1.33972,395
2016-11-21 15:32:00,2016-11-21 15:33:00,1.3396,1.33886,1.33961,1.33885,1.33978,1.33908,1.33982,1.33908,508
2016-11-21 15:33:00,2016-11-21 15:34:00,1.33886,1.33887,1.33915,1.33863,1.33908,1.33911,1.33937,1.33883,499
2016-11-21 15:34:00,2016-11-21 15:35:00,1.33887,1.33864,1.33888,1.3386,1.33911,1.33885,1.33911,1.33878,497
2016-11-21 15:35:00,2016-11-21 15:36:00,1.33864,1.33856,1.33875,1.33856,1.33885,1.33879,1.33896,1.33875,379
2016-11-21 15:36:00,2016-11-21 15:37:00,1.33856,1.33872,1.33877,1.33855,1.33879,1.33894,1.33899,1.33879,343
2016-11-21 15:37:00,2016-11-21 15:38:00,1.33872,1.33914,1.33921,1.33874,1.33894,1.33935,1.33942,1.33894,493
2016-11-21 15:38:00,2016-11-21 15:39:00,1.33914,1.33903,1.33921,1.33894,1.33935,1.33923,1.33942,1.33915,399
2016-11-21 15:39:00,2016-11-21 15:40:00,1.33903,1.33878,1.33906,1.33871,1.33923,1.33899,1.3393,1.33891,467
2016-11-21 15:40:00,2016-11-21 15:41:00,1.33878,1.33883,1.33884,1.33871,1.33899,1.33905,1.33905,1.33891,264
2016-11-21 15:41:00,2016-11-21 15:42:00,1.33883,1.33915,1.33917,1.33881,1.33905,1.33937,1.3394,1.33904,515
2016-11-21 15:42:00,2016-11-21 15:43:00,1.33915,1.33899,1.33926,1.33897,1.33937,1.33924,1.33949,1.33922,343
2016-11-21 15:43:00,2016-11-21 15:44:00,1.33899,1.33894,1.33913,1.3389,1.33924,1.33917,1.33933,1.33914,329
2016-11-21 15:44:00,2016-11-21 15:45:00,1.33894,1.33908,1.33909,1.33883,1.33917,1.33931,1.33931,1.33905,347
2016-11-21 15:45:00,2016-11-21 15:46:00,1.33908,1.3392,1.33929,1.33905,1.33931,1.3394,1.3395,1.33926,336
2016-11-21 15:46:00,2016-11-21 15:47:00,1.3392,1.33953,1.33959,1.33916,1.3394,1.33977,1.33984,1.33937,283
2016-11-21 15:47:00,2016-11-21 15:48:00,1.33953,1.33951,1.33973,1.33943,1.33977,1.33973,1.33996,1.33961,413
2016-11-21 15:48:00,2016-11-21 15:49:00,1.33951,1.3399,1.33997,1.33944,1.33973,1.34013,1.34014,1.33965,464
2016-11-21 15:49:00,2016-11-21 15:50:00,1.3399,1.33982,1.3399,1.33967,1.34013,1.34003,1.34012,1.33988,689
2016-11-21 15:50:00,2016-11-21 15:51:00,1.33982,1.34003,1.34007,1.33981,1.34003,1.34026,1.34028,1.34001,537
2016-11-21 15:51:00,2016-11-21 15:52:00,1.34003,1.3401,1.34011,1.33991,1.34026,1.3403,1.3403,1.34011,299
2016-11-21 15:52:00,2016-11-21 15:53:00,1.3401,1.34034,1.34056,1.34009,1.3403,1.34056,1.34076,1.34032,605
2016-11-21 15:53:00,2016-11-21 15:54:00,1.34034,1.34012,1.34036,1.34006,1.34056,1.34038,1.34057,1.34029,466
2016-11-21 15:54:00,2016-11-21 15:55:00,1.34012,1.34003,1.34015,1.33983,1.34038,1.34024,1.34038,1.34004,364
2016-11-21 15:55:00,2016-11-21 15:56:00,1.34003,1.34008,1.34014,1.34001,1.34024,1.34026,1.34034,1.34021,377
2016-11-21 15:56:00,2016-11-21 15:57:00,1.34008,1.33992,1.34016,1.33991,1.34026,1.34013,1.34035,1.3401,355
2016-11-21 15:57:00,2016-11-21 15:58:00,1.33992,1.33956,1.34008,1.33953,1.34013,1.33976,1.34024,1.33972,518
2016-11-21 15:58:00,2016-11-21 15:59:00,1.33956,1.33983,1.33988,1.33953,1.33976,1.34004,1.34008,1.33973,444
2016-11-21 15:59:00,2016-11-21 16:00:00,1.33983,1.33952,1.33986,1.33927,1.34004,1.33974,1.34006,1.33947,572
2016-11-21 16:00:00,2016-11-21 16:01:00,1.33952,1.33971,1.33992,1.33949,1.33974,1.33988,1.34015,1.3397,418
2016-11-21 16:01:00,2016-11-21 16:02:00,1.33971,1.33962,1.33978,1.33952,1.33988,1.33985,1.33999,1.33975,496
2016-11-21 16:02:00,2016-11-21 16:03:00,1.33962,1.33983,1.33986,1.3396,1.33985,1.34006,1.34007,1.33982,231
2016-11-21 16:03:00,2016-11-21 16:04:00,1.33983,1.33972,1.33995,1.33967,1.34006,1.33995,1.34017,1.33989,292
2016-11-21 16:04:00,2016-11-21 16:05:00,1.33972,1.33963,1.33972,1.33961,1.33995,1.33986,1.33996,1.33985,152
2016-11-21 16:05:00,2016-11-21 16:06:00,1.33963,1.33979,1.3398,1.33964,1.33986,1.34003,1.34004,1.33986,103
2016-11-21 16:06:00,2016-11-21 16:07:00,1.33979,1.33987,1.34001,1.3398,1.34003,1.34011,1.34021,1.34001,248
2016-11-21 16:07:00,2016-11-21 16:08:00,1.33987,1.34001,1.34001,1.33971,1.34011,1.34017,1.34022,1.33993,187
2016-11-21 16:08:00,2016-11-21 16:09:00,1.34001,1.33987,1.34003,1.33978,1.34017,1.34012,1.34028,1.34003,148
2016-11-21 16:09:00,2016-11-21 16:10:00,1.33987,1.33999,1.34009,1.33987,1.34012,1.34021,1.34029,1.34012,130
2016-11-21 16:10:00,2016-11-21 16:11:00,1.33999,1.33996,1.34008,1.33996,1.34021,1.34016,1.34029,1.34015,165
2016-11-21 16:11:00,2016-11-21 16:12:00,1.33996,1.34001,1.34007,1.33993,1.34016,1.34024,1.34029,1.34014,218
2016-11-21 16:12:00,2016-11-21 16:13:00,1.34001,1.33997,1.34002,1.33991,1.34024,1.3402,1.34025,1.34012,169
2016-11-21 16:13:00,2016-11-21 16:14:00,1.33997,1.33975,1.33997,1.33962,1.3402,1.33999,1.34019,1.33986,473
2016-11-21 16:14:00,2016-11-21 16:15:00,1.33975,1.33971,1.33979,1.33963,1.33999,1.33995,1.34003,1.33983,182
2016-11-21 16:15:00,2016-11-21 16:16:00,1.33971,1.33987,1.33996,1.33972,1.33995,1.34011,1.34018,1.33995,309
2016-11-21 16:16:00,2016-11-21 16:17:00,1.33987,1.33989,1.33999,1.3397,1.34011,1.34014,1.34023,1.33991,259
2016-11-21 16:17:00,2016-11-21 16:18:00,1.33989,1.34005,1.34007,1.33987,1.34014,1.34029,1.3403,1.3401,196
2016-11-21 16:18:00,2016-11-21 16:19:00,1.34005,1.34016,1.34018,1.33998,1.34029,1.34035,1.34041,1.34021,213
2016-11-21 16:19:00,2016-11-21 16:20:00,1.34016,1.34025,1.34026,1.34007,1.34035,1.34047,1.34049,1.34029,236
2016-11-21 16:20:00,2016-11-21 16:21:00,1.34025,1.34028,1.34063,1.34015,1.34047,1.34053,1.34086,1.34038,431
2016-11-21 16:21:00,2016-11-21 16:22:00,1.34028,1.34055,1.34055,1.34022,1.34053,1.34077,1.34077,1.34043,430
2016-11-21 16:22:00,2016-11-21 16:23:00,1.34055,1.34053,1.34078,1.3405,1.34077,1.34074,1.34103,1.34072,309
2016-11-21 16:23:00,2016-11-21 16:24:00,1.34053,1.3405,1.34057,1.34031,1.34074,1.34073,1.3408,1.34056,249
2016-11-21 16:24:00,2016-11-21 16:25:00,1.3405,1.34042,1.34063,1.33984,1.34073,1.34065,1.34081,1.3401,721
2016-11-21 16:25:00,2016-11-21 16:26:00,1.34042,1.34084,1.34089,1.3402,1.34065,1.34109,1.34113,1.34046,528
2016-11-21 16:26:00,2016-11-21 16:27:00,1.34084,1.34074,1.34096,1.34038,1.34109,1.34096,1.3412,1.34064,462
2016-11-21 16:27:00,2016-11-21 16:28:00,1.34074,1.34096,1.34102,1.34074,1.34096,1.34115,1.34126,1.34095,365
2016-11-21 16:28:00,2016-11-21 16:29:00,1.34096,1.34107,1.34131,1.34091,1.34115,1.34131,1.34149,1.34111,581
2016-11-21 16:29:00,2016-11-21 16:30:00,1.34107,1.34103,1.34117,1.34098,1.34131,1.34127,1.34138,1.34119,455
2016-11-21 16:30:00,2016-11-21 16:31:00,1.34103,1.34116,1.34118,1.34084,1.34127,1.34137,1.34138,1.34109,269
2016-11-21 16:31:00,2016-11-21 16:32:00,1.34116,1.3412,1.34131,1.34109,1.34137,1.34143,1.34153,1.34135,366
2016-11-21 16:32:00,2016-11-21 16:33:00,1.3412,1.34138,1.34139,1.34112,1.34143,1.34158,1.3416,1.34134,413
2016-11-21 16:33:00,2016-11-21 16:34:00,1.34138,1.34167,1.3418,1.34136,1.34158,1.34188,1.34204,1.34157,534
2016-11-21 16:34:00,2016-11-21 16:35:00,1.34167,1.34197,1.34201,1.34156,1.34188,1.34223,1.34227,1.3418,533
2016-11-21 16:35:00,2016-11-21 16:36:00,1.34197,1.34232,1.34248,1.34193,1.34223,1.34256,1.34273,1.34219,662
2016-11-21 16:36:00,2016-11-21 16:37:00,1.34232,1.34256,1.34264,1.34228,1.34256,1.3428,1.34289,1.34253,314
2016-11-21 16:37:00,2016-11-21 16:38:00,1.34256,1.34291,1.34293,1.34243,1.3428,1.34316,1.34318,1.34266,357
2016-11-21 16:38:00,2016-11-21 16:39:00,1.34291,1.34316,1.34353,1.34291,1.34316,1.34337,1.34375,1.34315,788
2016-11-21 16:39:00,2016-11-21 16:40:00,1.34316,1.34328,1.34333,1.3431,1.34337,1.34352,1.34356,1.34333,335
2016-11-21 16:40:00,2016-11-21 16:41:00,1.34328,1.34333,1.34344,1.34311,1.34352,1.34353,1.34367,1.34335,347
2016-11-21 16:41:00,2016-11-21 16:42:00,1.34333,1.34359,1.34359,1.34333,1.34353,1.34378,1.34378,1.34354,315
2016-11-21 16:42:00,2016-11-21 16:43:00,1.34359,1.34352,1.34361,1.34348,1.34378,1.34371,1.34383,1.34371,141
2016-11-21 16:43:00,2016-11-21 16:44:00,1.34352,1.34361,1.34361,1.3434,1.34371,1.34383,1.34383,1.34359,236
2016-11-21 16:44:00,2016-11-21 16:45:00,1.34361,1.34354,1.34368,1.34345,1.34383,1.34375,1.3439,1.34367,322
2016-11-21 16:45:00,2016-11-21 16:46:00,1.34354,1.34334,1.34355,1.34333,1.34375,1.34358,1.34378,1.34356,217
2016-11-21 16:46:00,2016-11-21 16:47:00,1.34334,1.34322,1.34334,1.3431,1.34358,1.34344,1.34356,1.34335,407
2016-11-21 16:47:00,2016-11-21 16:48:00,1.34322,1.34369,1.3437,1.34322,1.34344,1.34389,1.34392,1.34345,292
2016-11-21 16:48:00,2016-11-21 16:49:00,1.34369,1.34376,1.34392,1.34365,1.34389,1.344,1.3441,1.34389,255
2016-11-21 16:49:00,2016-11-21 16:50:00,1.34376,1.34376,1.34386,1.34367,1.344,1.344,1.34411,1.3439,292
2016-11-21 16:50:00,2016-11-21 16:51:00,1.34376,1.34354,1.34378,1.34353,1.344,1.34379,1.34401,1.34379,242
2016-11-21 16:51:00,2016-11-21 16:52:00,1.34354,1.3438,1.3438,1.34351,1.34379,1.34401,1.34401,1.34376,192
2016-11-21 16:52:00,2016-11-21 16:53:00,1.3438,1.34374,1.34389,1.34374,1.34401,1.34398,1.34411,1.34397,204
2016-11-21 16:53:00,2016-11-21 16:54:00,1.34374,1.34392,1.34394,1.34361,1.34398,1.34419,1.34419,1.34384,162
2016-11-21 16:54:00,2016-11-21 16:55:00,1.34392,1.34485,1.34488,1.34393,1.34419,1.34499,1.34507,1.34418,716
2016-11-21 16:55:00,2016-11-21 16:56:00,1.34485,1.3446,1.34486,1.3446,1.34499,1.34474,1.34506,1.34473,233
2016-11-21 16:56:00,2016-11-21 16:57:00,1.3446,1.34447,1.34462,1.34422,1.34474,1.34473,1.34475,1.34443,462
2016-11-21 16:57:00,2016-11-21 16:58:00,1.34447,1.34421,1.34449,1.3442,1.34473,1.34445,1.34472,1.34442,214
2016-11-21 16:58:00,2016-11-21 16:59:00,1.34421,1.34339,1.34421,1.34336,1.34445,1.34361,1.34446,1.34358,436
2016-11-21 16:59:00,2016-11-21 17:00:00,1.34339,1.3435,1.34368,1.34317,1.34361,1.34371,1.34391,1.34339,483
2016-11-21 17:00:00,2016-11-21 17:01:00,1.3435,1.34381,1.34393,1.34349,1.34371,1.34404,1.34416,1.34371,445
2016-11-21 17:01:00,2016-11-21 17:02:00,1.34381,1.34364,1.34385,1.34355,1.34404,1.34386,1.34408,1.34379,210
2016-11-21 17:02:00,2016-11-21 17:03:00,1.34364,1.34372,1.34382,1.34364,1.34386,1.34394,1.34405,1.34387,187
2016-11-21 17:03:00,2016-11-21 17:04:00,1.34372,1.34334,1.34374,1.34333,1.34394,1.34359,1.34396,1.34358,140
2016-11-21 17:04:00,2016-11-21 17:05:00,1.34334,1.34341,1.34348,1.34332,1.34359,1.34363,1.34371,1.34357,147
2016-11-21 17:05:00,2016-11-21 17:06:00,1.34341,1.34338,1.3435,1.34336,1.34363,1.34362,1.34372,1.34361,96
2016-11-21 17:06:00,2016-11-21 17:07:00,1.34338,1.34298,1.34338,1.34298,1.34362,1.34324,1.34362,1.34324,154
2016-11-21 17:07:00,2016-11-21 17:08:00,1.34298,1.3433,1.3433,1.34299,1.34324,1.34353,1.34353,1.34324,254
2016-11-21 17:08:00,2016-11-21 17:09:00,1.3433,1.34346,1.34368,1.34328,1.34353,1.3437,1.3439,1.34352,227
2016-11-21 17:09:00,2016-11-21 17:10:00,1.34346,1.3435,1.34355,1.34338,1.3437,1.34374,1.3438,1.3436,170
2016-11-21 17:10:00,2016-11-21 17:11:00,1.3435,1.34348,1.34355,1.34345,1.34374,1.34369,1.34377,1.34368,95
2016-11-21 17:11:00,2016-11-21 17:12:00,1.34348,1.34356,1.34362,1.34327,1.34369,1.3438,1.34386,1.34347,240
2016-11-21 17:12:00,2016-11-21 17:13:00,1.34356,1.34352,1.34368,1.34348,1.3438,1.34376,1.34392,1.3437,167
2016-11-21 17:13:00,2016-11-21 17:14:00,1.34352,1.34294,1.34356,1.34294,1.34376,1.34317,1.34381,1.34317,411
2016-11-21 17:14:00,2016-11-21 17:15:00,1.34294,1.34314,1.34315,1.34273,1.34317,1.34338,1.3434,1.343,337
2016-11-21 17:15:00,2016-11-21 17:16:00,1.34314,1.34298,1.34314,1.34284,1.34338,1.34321,1.34338,1.34309,272
2016-11-21 17:16:00,2016-11-21 17:17:00,1.34298,1.34245,1.34303,1.34245,1.34321,1.34274,1.34329,1.34274,548
2016-11-21 17:17:00,2016-11-21 17:18:00,1.34245,1.34287,1.34296,1.34237,1.34274,1.34311,1.34322,1.34262,346
2016-11-21 17:18:00,2016-11-21 17:19:00,1.34287,1.34295,1.3431,1.3429,1.34311,1.34314,1.34334,1.34311,236
2016-11-21 17:19:00,2016-11-21 17:20:00,1.34295,1.34246,1.34294,1.34245,1.34314,1.34266,1.34315,1.34265,253
2016-11-21 17:20:00,2016-11-21 17:21:00,1.34246,1.3426,1.34269,1.34246,1.34266,1.34278,1.34292,1.34267,152
2016-11-21 17:21:00,2016-11-21 17:22:00,1.3426,1.34274,1.34277,1.3426,1.34278,1.34293,1.343,1.3428,103
2016-11-21 17:22:00,2016-11-21 17:23:00,1.34274,1.34235,1.34275,1.34229,1.34293,1.34259,1.34295,1.34254,222
2016-11-21 17:23:00,2016-11-21 17:24:00,1.34235,1.34237,1.3426,1.34226,1.34259,1.3426,1.34287,1.34251,207
2016-11-21 17:24:00,2016-11-21 17:25:00,1.34237,1.3422,1.34239,1.34219,1.3426,1.34241,1.34263,1.34241,147
2016-11-21 17:25:00,2016-11-21 17:26:00,1.3422,1.34215,1.34224,1.34201,1.34241,1.34241,1.34248,1.34225,395
2016-11-21 17:26:00,2016-11-21 17:27:00,1.34215,1.34211,1.34225,1.34209,1.34241,1.34236,1.34247,1.34233,210
2016-11-21 17:27:00,2016-11-21 17:28:00,1.34211,1.34223,1.34227,1.34211,1.34236,1.34248,1.34249,1.34236,154
2016-11-21 17:28:00,2016-11-21 17:29:00,1.34223,1.34232,1.34237,1.34217,1.34248,1.34255,1.34259,1.34241,196
2016-11-21 17:29:00,2016-11-21 17:30:00,1.34232,1.34241,1.34248,1.34232,1.34255,1.34266,1.34272,1.34256,213
2016-11-21 17:30:00,2016-11-21 17:31:00,1.34241,1.34274,1.34274,1.34241,1.34266,1.34297,1.34297,1.34267,70
2016-11-21 17:31:00,2016-11-21 17:32:00,1.34274,1.34257,1.34275,1.34254,1.34297,1.34281,1.34298,1.34273,118
2016-11-21 17:32:00,2016-11-21 17:33:00,1.34257,1.34216,1.34257,1.34215,1.34281,1.34238,1.34281,1.34237,129
2016-11-21 17:33:00,2016-11-21 17:34:00,1.34216,1.34256,1.34257,1.3421,1.34238,1.34283,1.34283,1.34233,163
2016-11-21 17:34:00,2016-11-21 17:35:00,1.34256,1.34237,1.34258,1.34232,1.34283,1.34263,1.34284,1.34257,257
2016-11-21 17:35:00,2016-11-21 17:36:00,1.34237,1.34242,1.34242,1.34235,1.34263,1.34258,1.34264,1.34258,25
2016-11-21 17:36:00,2016-11-21 17:37:00,1.34242,1.3422,1.34241,1.34218,1.34258,1.34244,1.34258,1.34241,117
2016-11-21 17:37:00,2016-11-21 17:38:00,1.3422,1.3422,1.34229,1.34216,1.34244,1.34242,1.3425,1.34241,71
2016-11-21 17:38:00,2016-11-21 17:39:00,1.3422,1.34213,1.3422,1.3421,1.34242,1.34237,1.34242,1.34233,129
2016-11-21 17:39:00,2016-11-21 17:40:00,1.34213,1.34183,1.34215,1.34183,1.34237,1.34205,1.34239,1.34205,165
2016-11-21 17:40:00,2016-11-21 17:41:00,1.34183,1.34183,1.34193,1.34179,1.34205,1.34204,1.34213,1.34201,102
2016-11-21 17:41:00,2016-11-21 17:42:00,1.34183,1.34187,1.34202,1.34182,1.34204,1.34211,1.34227,1.34204,263
2016-11-21 17:42:00,2016-11-21 17:43:00,1.34187,1.34183,1.34187,1.3418,1.34211,1.34206,1.3421,1.34203,93
2016-11-21 17:43:00,2016-11-21 17:44:00,1.34183,1.34184,1.34186,1.34174,1.34206,1.34207,1.3421,1.34195,189
2016-11-21 17:44:00,2016-11-21 17:45:00,1.34184,1.34184,1.34192,1.34178,1.34207,1.34208,1.34216,1.34201,195
2016-11-21 17:45:00,2016-11-21 17:46:00,1.34184,1.34191,1.34192,1.3417,1.34208,1.34215,1.34216,1.34192,178
2016-11-21 17:46:00,2016-11-21 17:47:00,1.34191,1.34184,1.34194,1.34182,1.34215,1.34208,1.34216,1.34206,151
2016-11-21 17:47:00,2016-11-21 17:48:00,1.34184,1.34212,1.34214,1.34183,1.34208,1.34237,1.34238,1.34208,183
2016-11-21 17:48:00,2016-11-21 17:49:00,1.34212,1.34222,1.34222,1.34213,1.34237,1.34245,1.34247,1.34237,157
2016-11-21 17:49:00,2016-11-21 17:50:00,1.34222,1.34222,1.34232,1.3422,1.34245,1.34246,1.34256,1.34244,125
2016-11-21 17:50:00,2016-11-21 17:51:00,1.34222,1.34211,1.34231,1.34211,1.34246,1.34235,1.34253,1.34235,128
2016-11-21 17:51:00,2016-11-21 17:52:00,1.34211,1.34208,1.34216,1.34198,1.34235,1.34233,1.34241,1.34221,121
2016-11-21 17:52:00,2016-11-21 17:53:00,1.34208,1.34185,1.34215,1.34183,1.34233,1.34209,1.34238,1.34204,207
2016-11-21 17:53:00,2016-11-21 17:54:00,1.34185,1.34182,1.34204,1.34175,1.34209,1.34203,1.34228,1.34197,313
2016-11-21 17:54:00,2016-11-21 17:55:00,1.34182,1.34177,1.34183,1.34175,1.34203,1.342,1.34206,1.34197,137
2016-11-21 17:55:00,2016-11-21 17:56:00,1.34177,1.34179,1.34186,1.34175,1.342,1.34201,1.34209,1.34197,146
2016-11-21 17:56:00,2016-11-21 17:57:00,1.34179,1.34187,1.34196,1.34177,1.34201,1.34208,1.34215,1.34199,121
2016-11-21 17:57:00,2016-11-21 17:58:00,1.34187,1.34191,1.34197,1.34187,1.34208,1.34212,1.34221,1.34209,176
2016-11-21 17:58:00,2016-11-21 17:59:00,1.34191,1.34198,1.34199,1.34184,1.34212,1.34217,1.34219,1.34205,201
2016-11-21 17:59:00,2016-11-21 18:00:00,1.34198,1.34187,1.34199,1.34186,1.34217,1.34209,1.34219,1.34206,170
2016-11-21 18:00:00,2016-11-21 18:01:00,1.34187,1.34186,1.34188,1.34183,1.34209,1.34206,1.34209,1.34204,91
2016-11-21 18:01:00,2016-11-21 18:02:00,1.34186,1.34205,1.34213,1.34185,1.34206,1.34229,1.34235,1.34205,156
2016-11-21 18:02:00,2016-11-21 18:03:00,1.34205,1.34211,1.34222,1.34204,1.34229,1.34233,1.34241,1.34227,155
2016-11-21 18:03:00,2016-11-21 18:04:00,1.34211,1.34205,1.34217,1.34205,1.34233,1.34227,1.34238,1.34226,44
2016-11-21 18:04:00,2016-11-21 18:05:00,1.34205,1.34202,1.34206,1.342,1.34227,1.34225,1.34229,1.34221,102
2016-11-21 18:05:00,2016-11-21 18:06:00,1.34202,1.34204,1.34207,1.34194,1.34225,1.34225,1.3423,1.34216,127
2016-11-21 18:06:00,2016-11-21 18:07:00,1.34204,1.34203,1.34212,1.34198,1.34225,1.34224,1.34233,1.34219,132
2016-11-21 18:07:00,2016-11-21 18:08:00,1.34203,1.34186,1.34203,1.34181,1.34224,1.34209,1.34224,1.34203,352
2016-11-21 18:08:00,2016-11-21 18:09:00,1.34186,1.34175,1.34203,1.34172,1.34209,1.34197,1.34226,1.34194,376
2016-11-21 18:09:00,2016-11-21 18:10:00,1.34175,1.34167,1.34181,1.34157,1.34197,1.34189,1.34203,1.34179,259
2016-11-21 18:10:00,2016-11-21 18:11:00,1.34167,1.34171,1.34172,1.34159,1.34189,1.34194,1.34194,1.34181,99
2016-11-21 18:11:00,2016-11-21 18:12:00,1.34171,1.34178,1.34178,1.34161,1.34194,1.34202,1.34202,1.34184,113
2016-11-21 18:12:00,2016-11-21 18:13:00,1.34178,1.3418,1.34185,1.34178,1.34202,1.34198,1.34207,1.34198,44
2016-11-21 18:13:00,2016-11-21 18:14:00,1.3418,1.34171,1.3418,1.34168,1.34198,1.34192,1.34201,1.34192,66
2016-11-21 18:14:00,2016-11-21 18:15:00,1.34171,1.34182,1.34182,1.34162,1.34192,1.34203,1.34203,1.34185,107
2016-11-21 18:15:00,2016-11-21 18:16:00,1.34182,1.34224,1.34231,1.34182,1.34203,1.34248,1.34252,1.34202,259
2016-11-21 18:16:00,2016-11-21 18:17:00,1.34224,1.34223,1.34227,1.34218,1.34248,1.34244,1.34248,1.3424,141
2016-11-21 18:17:00,2016-11-21 18:18:00,1.34223,1.34245,1.34245,1.34221,1.34244,1.34266,1.34266,1.34242,146
2016-11-21 18:18:00,2016-11-21 18:19:00,1.34245,1.34255,1.34264,1.34241,1.34266,1.34279,1.34286,1.34266,320
2016-11-21 18:19:00,2016-11-21 18:20:00,1.34255,1.34269,1.34269,1.34248,1.34279,1.3429,1.3429,1.34272,262
2016-11-21 18:20:00,2016-11-21 18:21:00,1.34269,1.34297,1.34309,1.34269,1.3429,1.3432,1.34328,1.34291,238
2016-11-21 18:21:00,2016-11-21 18:22:00,1.34297,1.34301,1.34306,1.34286,1.3432,1.34325,1.34327,1.34306,132
2016-11-21 18:22:00,2016-11-21 18:23:00,1.34301,1.34328,1.34331,1.34301,1.34325,1.34353,1.34356,1.34324,176
2016-11-21 18:23:00,2016-11-21 18:24:00,1.34328,1.34321,1.34337,1.34301,1.34353,1.34346,1.34357,1.34325,328
2016-11-21 18:24:00,2016-11-21 18:25:00,1.34321,1.34323,1.34323,1.34302,1.34346,1.34348,1.34348,1.34326,189
2016-11-21 18:25:00,2016-11-21 18:26:00,1.34323,1.34337,1.34337,1.34319,1.34348,1.34362,1.34362,1.34343,197
2016-11-21 18:26:00,2016-11-21 18:27:00,1.34337,1.34328,1.34351,1.34313,1.34362,1.34352,1.34374,1.34335,272
2016-11-21 18:27:00,2016-11-21 18:28:00,1.34328,1.34327,1.34341,1.34325,1.34352,1.34349,1.34364,1.34347,288
2016-11-21 18:28:00,2016-11-21 18:29:00,1.34327,1.3434,1.3434,1.34302,1.34349,1.34364,1.34364,1.34326,236
2016-11-21 18:29:00,2016-11-21 18:30:00,1.3434,1.34356,1.34366,1.34335,1.34364,1.34379,1.34391,1.34359,371
2016-11-21 18:30:00,2016-11-21 18:31:00,1.34356,1.34359,1.3436,1.34343,1.34379,1.34381,1.34383,1.34367,288
2016-11-21 18:31:00,2016-11-21 18:32:00,1.34359,1.3434,1.34359,1.3434,1.34381,1.34365,1.34381,1.34363,189
2016-11-21 18:32:00,2016-11-21 18:33:00,1.3434,1.3433,1.34343,1.34325,1.34365,1.34353,1.34365,1.34349,172
2016-11-21 18:33:00,2016-11-21 18:34:00,1.3433,1.34305,1.34331,1.34301,1.34353,1.34328,1.34353,1.34324,181
2016-11-21 18:34:00,2016-11-21 18:35:00,1.34305,1.34312,1.34312,1.34293,1.34328,1.34335,1.34336,1.34318,102
2016-11-21 18:35:00,2016-11-21 18:36:00,1.34312,1.34304,1.34312,1.34298,1.34335,1.34325,1.34335,1.3432,93
2016-11-21 18:36:00,2016-11-21 18:37:00,1.34304,1.34313,1.3432,1.34291,1.34325,1.34339,1.34346,1.34316,162
2016-11-21 18:37:00,2016-11-21 18:38:00,1.34313,1.34331,1.34331,1.34314,1.34339,1.34354,1.34355,1.34339,202
2016-11-21 18:38:00,2016-11-21 18:39:00,1.34331,1.3432,1.34335,1.34319,1.34354,1.34344,1.34356,1.34343,126
2016-11-21 18:39:00,2016-11-21 18:40:00,1.3432,1.34322,1.34327,1.34316,1.34344,1.34344,1.34347,1.34341,86
2016-11-21 18:40:00,2016-11-21 18:41:00,1.34322,1.34342,1.34343,1.34316,1.34344,1.34362,1.34363,1.3434,117
2016-11-21 18:41:00,2016-11-21 18:42:00,1.34342,1.34328,1.34345,1.34328,1.34362,1.34353,1.34365,1.34353,80
2016-11-21 18:42:00,2016-11-21 18:43:00,1.34328,1.34337,1.3434,1.34321,1.34353,1.34361,1.34361,1.34344,119
2016-11-21 18:43:00,2016-11-21 18:44:00,1.34337,1.34326,1.34339,1.34324,1.34361,1.34351,1.34361,1.34347,72
2016-11-21 18:44:00,2016-11-21 18:45:00,1.34326,1.34366,1.34376,1.34325,1.34351,1.34392,1.34401,1.34351,216
2016-11-21 18:45:00,2016-11-21 18:46:00,1.34366,1.34364,1.34381,1.34363,1.34392,1.34389,1.34404,1.34388,91
2016-11-21 18:46:00,2016-11-21 18:47:00,1.34364,1.34381,1.34384,1.34359,1.34389,1.34406,1.34408,1.34381,170
2016-11-21 18:47:00,2016-11-21 18:48:00,1.34381,1.34383,1.34404,1.34381,1.34406,1.34408,1.34428,1.34406,242
2016-11-21 18:48:00,2016-11-21 18:49:00,1.34383,1.34418,1.3442,1.34381,1.34408,1.34445,1.34446,1.34404,264
2016-11-21 18:49:00,2016-11-21 18:50:00,1.34418,1.34404,1.3442,1.344,1.34445,1.34427,1.34446,1.3442,200
2016-11-21 18:50:00,2016-11-21 18:51:00,1.34404,1.34389,1.34405,1.34376,1.34427,1.3441,1.34427,1.34401,168
2016-11-21 18:51:00,2016-11-21 18:52:00,1.34389,1.34381,1.34388,1.34377,1.3441,1.34405,1.3441,1.344,110
2016-11-21 18:52:00,2016-11-21 18:53:00,1.34381,1.34357,1.34384,1.34353,1.34405,1.34381,1.34409,1.34379,168
2016-11-21 18:53:00,2016-11-21 18:54:00,1.34357,1.34383,1.34385,1.34356,1.34381,1.34407,1.3441,1.34381,102
2016-11-21 18:54:00,2016-11-21 18:55:00,1.34383,1.34372,1.34383,1.34361,1.34407,1.34396,1.34408,1.34387,204
2016-11-21 18:55:00,2016-11-21 18:56:00,1.34372,1.34376,1.34379,1.34368,1.34396,1.34398,1.344,1.34389,109
2016-11-21 18:56:00,2016-11-21 18:57:00,1.34376,1.34379,1.34379,1.34374,1.34398,1.34401,1.34401,1.34396,37
2016-11-21 18:57:00,2016-11-21 18:58:00,1.34379,1.34379,1.34389,1.34374,1.34401,1.344,1.3441,1.34398,152
2016-11-21 18:58:00,2016-11-21 18:59:00,1.34379,1.34384,1.34388,1.34374,1.344,1.34407,1.34409,1.34399,154
2016-11-21 18:59:00,2016-11-21 19:00:00,1.34384,1.34395,1.34397,1.3438,1.34407,1.34417,1.34419,1.34403,106
2016-11-21 19:00:00,2016-11-21 19:01:00,1.34395,1.3442,1.34422,1.34395,1.34417,1.34438,1.34446,1.34417,255
2016-11-21 19:01:00,2016-11-21 19:02:00,1.3442,1.34419,1.34422,1.34411,1.34438,1.34443,1.34445,1.34435,144
2016-11-21 19:02:00,2016-11-21 19:03:00,1.34419,1.3442,1.34429,1.34415,1.34443,1.34443,1.34453,1.34438,209
2016-11-21 19:03:00,2016-11-21 19:04:00,1.3442,1.34429,1.34434,1.34418,1.34443,1.34452,1.34457,1.34439,193
2016-11-21 19:04:00,2016-11-21 19:05:00,1.34429,1.34412,1.34429,1.3441,1.34452,1.34433,1.34452,1.34432,156
2016-11-21 19:05:00,2016-11-21 19:06:00,1.34412,1.3438,1.34412,1.34375,1.34433,1.34404,1.34432,1.34397,287
2016-11-21 19:06:00,2016-11-21 19:07:00,1.3438,1.34374,1.34385,1.3437,1.34404,1.34398,1.34408,1.34394,187
2016-11-21 19:07:00,2016-11-21 19:08:00,1.34374,1.34403,1.34415,1.34364,1.34398,1.34426,1.34437,1.34388,395
2016-11-21 19:08:00,2016-11-21 19:09:00,1.34403,1.34404,1.34414,1.34397,1.34426,1.34426,1.34437,1.34417,292
2016-11-21 19:09:00,2016-11-21 19:10:00,1.34404,1.34401,1.34415,1.34401,1.34426,1.34423,1.34435,1.34422,129
2016-11-21 19:10:00,2016-11-21 19:11:00,1.34401,1.34391,1.34404,1.34373,1.34423,1.34416,1.34428,1.34393,406
2016-11-21 19:11:00,2016-11-21 19:12:00,1.34391,1.34392,1.34398,1.34387,1.34416,1.34416,1.3442,1.34411,251
2016-11-21 19:12:00,2016-11-21 19:13:00,1.34392,1.34391,1.34393,1.34384,1.34416,1.34414,1.34417,1.34407,133
2016-11-21 19:13:00,2016-11-21 19:14:00,1.34391,1.34393,1.34396,1.34385,1.34414,1.34417,1.34419,1.34408,180
2016-11-21 19:14:00,2016-11-21 19:15:00,1.34393,1.34394,1.34396,1.34383,1.34417,1.3442,1.34421,1.34406,104
2016-11-21 19:15:00,2016-11-21 19:16:00,1.34394,1.34393,1.34399,1.34391,1.3442,1.34417,1.34425,1.34414,114
2016-11-21 19:16:00,2016-11-21 19:17:00,1.34393,1.34396,1.34397,1.34381,1.34417,1.34417,1.34417,1.34402,134
2016-11-21 19:17:00,2016-11-21 19:18:00,1.34396,1.34394,1.34397,1.34391,1.34417,1.34416,1.34419,1.34412,136
2016-11-21 19:18:00,2016-11-21 19:19:00,1.34394,1.34383,1.34396,1.34375,1.34416,1.34407,1.34416,1.34397,144
2016-11-21 19:19:00,2016-11-21 19:20:00,1.34383,1.34378,1.34385,1.34374,1.34407,1.34399,1.34408,1.34396,80
2016-11-21 19:20:00,2016-11-21 19:21:00,1.34378,1.34387,1.34397,1.34376,1.34399,1.34408,1.34418,1.34397,163
2016-11-21 19:21:00,2016-11-21 19:22:00,1.34387,1.34386,1.3439,1.34383,1.34408,1.34407,1.3441,1.34406,63
2016-11-21 19:22:00,2016-11-21 19:23:00,1.34386,1.34386,1.34389,1.34383,1.34407,1.34408,1.34412,1.34406,63
2016-11-21 19:23:00,2016-11-21 19:24:00,1.34386,1.34384,1.34392,1.34383,1.34408,1.34407,1.34415,1.34404,119
2016-11-21 19:24:00,2016-11-21 19:25:00,1.34384,1.34383,1.34393,1.34379,1.34407,1.34407,1.34416,1.34399,88
2016-11-21 19:25:00,2016-11-21 19:26:00,1.34383,1.34373,1.34384,1.3437,1.34407,1.34395,1.34407,1.3439,156
2016-11-21 19:26:00,2016-11-21 19:27:00,1.34373,1.34391,1.34399,1.34372,1.34395,1.34414,1.34424,1.34395,158
2016-11-21 19:27:00,2016-11-21 19:28:00,1.34391,1.34377,1.34398,1.34372,1.34414,1.34398,1.34422,1.34395,405
2016-11-21 19:28:00,2016-11-21 19:29:00,1.34377,1.34381,1.34385,1.34364,1.34398,1.34406,1.34408,1.34387,410
2016-11-21 19:29:00,2016-11-21 19:30:00,1.34381,1.34392,1.344,1.34382,1.34406,1.34415,1.34425,1.34406,222
2016-11-21 19:30:00,2016-11-21 19:31:00,1.34392,1.34396,1.34399,1.34391,1.34415,1.34422,1.34425,1.34414,121
2016-11-21 19:31:00,2016-11-21 19:32:00,1.34396,1.3439,1.34398,1.34389,1.34422,1.34414,1.34422,1.34412,107
2016-11-21 19:32:00,2016-11-21 19:33:00,1.3439,1.34373,1.34393,1.34373,1.34414,1.34397,1.34415,1.34397,137
2016-11-21 19:33:00,2016-11-21 19:34:00,1.34373,1.34374,1.34377,1.34372,1.34397,1.34396,1.34401,1.34395,57
2016-11-21 19:34:00,2016-11-21 19:35:00,1.34374,1.34379,1.3438,1.34374,1.34396,1.34403,1.34405,1.34397,73
2016-11-21 19:35:00,2016-11-21 19:36:00,1.34379,1.34383,1.34383,1.34379,1.34403,1.34407,1.34408,1.34402,41
2016-11-21 19:36:00,2016-11-21 19:37:00,1.34383,1.34383,1.34384,1.34381,1.34407,1.34407,1.34408,1.34405,16
2016-11-21 19:37:00,2016-11-21 19:38:00,1.34383,1.3439,1.34393,1.34384,1.34407,1.34416,1.34418,1.34407,71
2016-11-21 19:38:00,2016-11-21 19:39:00,1.3439,1.34383,1.34392,1.3438,1.34416,1.34407,1.34416,1.34405,82
2016-11-21 19:39:00,2016-11-21 19:40:00,1.34383,1.34381,1.34382,1.34379,1.34407,1.34406,1.34407,1.34403,51
2016-11-21 19:40:00,2016-11-21 19:41:00,1.34381,1.34383,1.34385,1.3438,1.34406,1.34406,1.34406,1.34406,76
2016-11-21 19:41:00,2016-11-21 19:42:00,1.34383,1.34383,1.3439,1.34381,1.34406,1.34408,1.34413,1.34406,47
2016-11-21 19:42:00,2016-11-21 19:43:00,1.34383,1.34374,1.34385,1.34374,1.34408,1.34399,1.34408,1.34397,56
2016-11-21 19:43:00,2016-11-21 19:44:00,1.34374,1.34376,1.34381,1.34373,1.34399,1.344,1.34405,1.34397,60
2016-11-21 19:44:00,2016-11-21 19:45:00,1.34376,1.34373,1.34376,1.34371,1.344,1.34398,1.344,1.34395,63
2016-11-21 19:45:00,2016-11-21 19:46:00,1.34373,1.34372,1.34376,1.34372,1.34398,1.34396,1.34399,1.34395,113
2016-11-21 19:46:00,2016-11-21 19:47:00,1.34372,1.34366,1.34373,1.34364,1.34396,1.3439,1.34398,1.34389,88
2016-11-21 19:47:00,2016-11-21 19:48:00,1.34366,1.34359,1.34367,1.34359,1.3439,1.34383,1.3439,1.34383,41
2016-11-21 19:48:00,2016-11-21 19:49:00,1.34359,1.3434,1.3436,1.3434,1.34383,1.34362,1.34382,1.34361,86
2016-11-21 19:49:00,2016-11-21 19:50:00,1.3434,1.34323,1.3434,1.34321,1.34362,1.34346,1.34364,1.34344,94
2016-11-21 19:50:00,2016-11-21 19:51:00,1.34323,1.34327,1.3433,1.34322,1.34346,1.34353,1.34355,1.34345,89
2016-11-21 19:51:00,2016-11-21 19:52:00,1.34327,1.34321,1.34328,1.34319,1.34353,1.34345,1.34352,1.34343,89
2016-11-21 19:52:00,2016-11-21 19:53:00,1.34321,1.34332,1.34335,1.34302,1.34345,1.34353,1.34359,1.34327,209
2016-11-21 19:53:00,2016-11-21 19:54:00,1.34332,1.3432,1.34331,1.34316,1.34353,1.34344,1.34354,1.34339,136
2016-11-21 19:54:00,2016-11-21 19:55:00,1.3432,1.3432,1.3433,1.34318,1.34344,1.34345,1.34355,1.34342,116
2016-11-21 19:55:00,2016-11-21 19:56:00,1.3432,1.34313,1.3432,1.34302,1.34345,1.34338,1.34344,1.34327,186
2016-11-21 19:56:00,2016-11-21 19:57:00,1.34313,1.34288,1.3432,1.34288,1.34338,1.34313,1.34344,1.34311,252
2016-11-21 19:57:00,2016-11-21 19:58:00,1.34288,1.34272,1.34287,1.3427,1.34313,1.34297,1.34313,1.3429,148
2016-11-21 19:58:00,2016-11-21 19:59:00,1.34272,1.34251,1.34274,1.34243,1.34297,1.34274,1.34297,1.34264,679
2016-11-21 19:59:00,2016-11-21 20:00:00,1.34251,1.34234,1.34261,1.34233,1.34274,1.34256,1.34284,1.34252,246
2016-11-21 20:00:00,2016-11-21 20:01:00,1.34234,1.34206,1.34241,1.342,1.34256,1.34227,1.34263,1.34224,206
2016-11-21 20:01:00,2016-11-21 20:02:00,1.34206,1.3421,1.34217,1.34202,1.34227,1.34232,1.34238,1.34226,104
2016-11-21 20:02:00,2016-11-21 20:03:00,1.3421,1.34217,1.34217,1.34206,1.34232,1.34239,1.34239,1.34226,142
2016-11-21 20:03:00,2016-11-21 20:04:00,1.34217,1.34224,1.34232,1.34217,1.34239,1.34246,1.34255,1.34238,57
2016-11-21 20:04:00,2016-11-21 20:05:00,1.34224,1.34217,1.34226,1.34216,1.34246,1.3424,1.34248,1.34237,79
2016-11-21 20:05:00,2016-11-21 20:06:00,1.34217,1.34207,1.34218,1.34196,1.3424,1.34227,1.3424,1.34216,93
2016-11-21 20:06:00,2016-11-21 20:07:00,1.34207,1.34203,1.3421,1.34203,1.34227,1.34226,1.34231,1.34226,43
2016-11-21 20:07:00,2016-11-21 20:08:00,1.34203,1.34201,1.34204,1.342,1.34226,1.34221,1.34226,1.34221,40
2016-11-21 20:08:00,2016-11-21 20:09:00,1.34201,1.34195,1.342,1.34192,1.34221,1.34218,1.34221,1.34214,70
2016-11-21 20:09:00,2016-11-21 20:10:00,1.34195,1.34201,1.34217,1.34194,1.34218,1.34225,1.34239,1.34216,126
2016-11-21 20:10:00,2016-11-21 20:11:00,1.34201,1.34197,1.34203,1.34193,1.34225,1.34216,1.34227,1.34214,53
2016-11-21 20:11:00,2016-11-21 20:12:00,1.34197,1.34197,1.34203,1.34197,1.34216,1.34218,1.34226,1.34216,59
2016-11-21 20:12:00,2016-11-21 20:13:00,1.34197,1.34197,1.34197,1.34194,1.34218,1.34215,1.34221,1.34215,58
2016-11-21 20:13:00,2016-11-21 20:14:00,1.34197,1.34197,1.342,1.34197,1.34215,1.34218,1.34219,1.34215,52
2016-11-21 20:14:00,2016-11-21 20:15:00,1.34197,1.34189,1.34197,1.34183,1.34218,1.34214,1.3422,1.34207,124
2016-11-21 20:15:00,2016-11-21 20:16:00,1.34189,1.34184,1.34189,1.34183,1.34214,1.34209,1.34213,1.34208,58
2016-11-21 20:16:00,2016-11-21 20:17:00,1.34184,1.34165,1.34187,1.34164,1.34209,1.34189,1.34211,1.34188,165
2016-11-21 20:17:00,2016-11-21 20:18:00,1.34165,1.34178,1.3418,1.34157,1.34189,1.342,1.34203,1.3418,193
2016-11-21 20:18:00,2016-11-21 20:19:00,1.34178,1.34172,1.34176,1.3417,1.342,1.34193,1.34201,1.34192,116
2016-11-21 20:19:00,2016-11-21 20:20:00,1.34172,1.34148,1.34171,1.34148,1.34193,1.34172,1.34193,1.34171,155
2016-11-21 20:20:00,2016-11-21 20:21:00,1.34148,1.3417,1.34172,1.34148,1.34172,1.34192,1.34194,1.34171,102
2016-11-21 20:21:00,2016-11-21 20:22:00,1.3417,1.34185,1.34186,1.34162,1.34192,1.34208,1.3421,1.34186,251
2016-11-21 20:22:00,2016-11-21 20:23:00,1.34185,1.34189,1.3419,1.34177,1.34208,1.34215,1.34215,1.34201,127
2016-11-21 20:23:00,2016-11-21 20:24:00,1.34189,1.34191,1.342,1.34185,1.34215,1.34217,1.34221,1.3421,137
2016-11-21 20:24:00,2016-11-21 20:25:00,1.34191,1.34181,1.34195,1.34175,1.34217,1.34207,1.3422,1.34199,204
2016-11-21 20:25:00,2016-11-21 20:26:00,1.34181,1.34181,1.34195,1.3418,1.34207,1.34206,1.34219,1.34206,205
2016-11-21 20:26:00,2016-11-21 20:27:00,1.34181,1.34191,1.34191,1.3418,1.34206,1.34215,1.34216,1.34206,113
2016-11-21 20:27:00,2016-11-21 20:28:00,1.34191,1.34186,1.34192,1.34182,1.34215,1.34211,1.34216,1.34209,49
2016-11-21 20:28:00,2016-11-21 20:29:00,1.34186,1.34186,1.34195,1.34184,1.34211,1.34211,1.34219,1.3421,127
2016-11-21 20:29:00,2016-11-21 20:30:00,1.34186,1.34192,1.34194,1.34189,1.34211,1.34215,1.34218,1.34211,73
2016-11-21 20:30:00,2016-11-21 20:31:00,1.34192,1.34191,1.34194,1.34189,1.34215,1.34213,1.34218,1.34208,75
2016-11-21 20:31:00,2016-11-21 20:32:00,1.34191,1.34196,1.34202,1.34189,1.34213,1.34221,1.34226,1.34213,136
2016-11-21 20:32:00,2016-11-21 20:33:00,1.34196,1.34192,1.34201,1.34192,1.34221,1.34217,1.34225,1.34217,66
2016-11-21 20:33:00,2016-11-21 20:34:00,1.34192,1.34183,1.34192,1.34181,1.34217,1.34206,1.34217,1.34205,85
2016-11-21 20:34:00,2016-11-21 20:35:00,1.34183,1.34186,1.34193,1.34182,1.34206,1.34211,1.34216,1.34206,78
2016-11-21 20:35:00,2016-11-21 20:36:00,1.34186,1.34184,1.34191,1.34183,1.34211,1.34209,1.34215,1.34207,176
2016-11-21 20:36:00,2016-11-21 20:37:00,1.34184,1.34187,1.34198,1.34184,1.34209,1.34212,1.34221,1.34209,177
2016-11-21 20:37:00,2016-11-21 20:38:00,1.34187,1.34192,1.34196,1.34184,1.34212,1.34218,1.34221,1.34209,116
2016-11-21 20:38:00,2016-11-21 20:39:00,1.34192,1.34198,1.34198,1.34193,1.34218,1.34219,1.3422,1.34218,50
2016-11-21 20:39:00,2016-11-21 20:40:00,1.34198,1.34207,1.34214,1.34199,1.34219,1.34232,1.34239,1.34219,135
2016-11-21 20:40:00,2016-11-21 20:41:00,1.34207,1.34189,1.34207,1.34179,1.34232,1.34215,1.34232,1.34205,216
2016-11-21 20:41:00,2016-11-21 20:42:00,1.34189,1.34197,1.34202,1.34185,1.34215,1.34222,1.34226,1.3421,311
2016-11-21 20:42:00,2016-11-21 20:43:00,1.34197,1.3417,1.34198,1.34159,1.34222,1.34194,1.34222,1.34178,238
2016-11-21 20:43:00,2016-11-21 20:44:00,1.3417,1.34166,1.34182,1.34158,1.34194,1.34191,1.34202,1.34181,308
2016-11-21 20:44:00,2016-11-21 20:45:00,1.34166,1.34159,1.34177,1.34156,1.34191,1.34182,1.34202,1.34181,248
2016-11-21 20:45:00,2016-11-21 20:46:00,1.34159,1.34176,1.34182,1.34158,1.34182,1.342,1.34206,1.34182,232
2016-11-21 20:46:00,2016-11-21 20:47:00,1.34176,1.34174,1.3418,1.34173,1.342,1.34198,1.34205,1.34197,200
2016-11-21 20:47:00,2016-11-21 20:48:00,1.34174,1.34191,1.34191,1.34173,1.34198,1.34214,1.34217,1.34198,91
2016-11-21 20:48:00,2016-11-21 20:49:00,1.34191,1.34197,1.34204,1.34187,1.34214,1.34223,1.34226,1.34211,190
2016-11-21 20:49:00,2016-11-21 20:50:00,1.34197,1.34189,1.34198,1.34179,1.34223,1.34212,1.34225,1.342,220
2016-11-21 20:50:00,2016-11-21 20:51:00,1.34189,1.34187,1.342,1.34183,1.34212,1.34205,1.34223,1.34205,274
2016-11-21 20:51:00,2016-11-21 20:52:00,1.34187,1.3416,1.34184,1.34155,1.34205,1.34184,1.34205,1.3418,119
2016-11-21 20:52:00,2016-11-21 20:53:00,1.3416,1.34162,1.34169,1.34155,1.34184,1.34187,1.34194,1.3418,234
2016-11-21 20:53:00,2016-11-21 20:54:00,1.34162,1.34167,1.34168,1.34158,1.34187,1.3419,1.3419,1.34182,182
2016-11-21 20:54:00,2016-11-21 20:55:00,1.34167,1.34153,1.34176,1.34147,1.3419,1.34176,1.342,1.34171,319
2016-11-21 20:55:00,2016-11-21 20:56:00,1.34153,1.3415,1.34166,1.34149,1.34176,1.34173,1.34188,1.34172,212
2016-11-21 20:56:00,2016-11-21 20:57:00,1.3415,1.34142,1.34159,1.34138,1.34173,1.34162,1.34181,1.34159,317
2016-11-21 20:57:00,2016-11-21 20:58:00,1.34142,1.34114,1.34141,1.34103,1.34162,1.34136,1.34162,1.34129,336
2016-11-21 20:58:00,2016-11-21 20:59:00,1.34114,1.34126,1.34129,1.34113,1.34136,1.34146,1.34147,1.34136,160
2016-11-21 20:59:00,2016-11-21 21:00:00,1.34126,1.34116,1.34128,1.34113,1.34146,1.34139,1.34147,1.34137,171
2016-11-21 21:00:00,2016-11-21 21:01:00,1.34116,1.34121,1.34124,1.341,1.34139,1.34143,1.34148,1.34126,123
2016-11-21 21:01:00,2016-11-21 21:02:00,1.34121,1.34119,1.34126,1.34119,1.34143,1.34144,1.34149,1.34143,98
2016-11-21 21:02:00,2016-11-21 21:03:00,1.34119,1.34105,1.34119,1.34093,1.34144,1.34129,1.34144,1.34117,326
2016-11-21 21:03:00,2016-11-21 21:04:00,1.34105,1.34095,1.3411,1.34092,1.34129,1.3412,1.34133,1.34115,195
2016-11-21 21:04:00,2016-11-21 21:05:00,1.34095,1.34077,1.34094,1.34075,1.3412,1.34098,1.3412,1.34098,200
2016-11-21 21:05:00,2016-11-21 21:06:00,1.34077,1.34125,1.34137,1.34076,1.34098,1.34151,1.34157,1.34099,420
2016-11-21 21:06:00,2016-11-21 21:07:00,1.34125,1.34145,1.34145,1.34109,1.34151,1.34165,1.34166,1.34136,154
2016-11-21 21:07:00,2016-11-21 21:08:00,1.34145,1.3414,1.34154,1.34137,1.34165,1.34164,1.34174,1.34157,152
2016-11-21 21:08:00,2016-11-21 21:09:00,1.3414,1.34106,1.34141,1.34102,1.34164,1.34132,1.34167,1.3413,245
2016-11-21 21:09:00,2016-11-21 21:10:00,1.34106,1.34142,1.34144,1.34104,1.34132,1.34167,1.34167,1.34131,343
2016-11-21 21:10:00,2016-11-21 21:11:00,1.34142,1.34111,1.34144,1.34111,1.34167,1.34138,1.34168,1.34135,234
2016-11-21 21:11:00,2016-11-21 21:12:00,1.34111,1.34117,1.34127,1.34111,1.34138,1.34142,1.34147,1.34137,228
2016-11-21 21:12:00,2016-11-21 21:13:00,1.34117,1.34112,1.34119,1.341,1.34142,1.34132,1.34144,1.34125,271
2016-11-21 21:13:00,2016-11-21 21:14:00,1.34112,1.34096,1.34113,1.34094,1.34132,1.34119,1.34136,1.34119,267
2016-11-21 21:14:00,2016-11-21 21:15:00,1.34096,1.34056,1.34096,1.3404,1.34119,1.34077,1.34121,1.34057,622
2016-11-21 21:15:00,2016-11-21 21:16:00,1.34056,1.34079,1.34095,1.34043,1.34077,1.34107,1.34118,1.34061,625
2016-11-21 21:16:00,2016-11-21 21:17:00,1.34079,1.34125,1.34136,1.34077,1.34107,1.34149,1.3416,1.34106,336
2016-11-21 21:17:00,2016-11-21 21:18:00,1.34125,1.34136,1.34137,1.3412,1.34149,1.34159,1.34159,1.34145,163
2016-11-21 21:18:00,2016-11-21 21:19:00,1.34136,1.34132,1.34139,1.34118,1.34159,1.34157,1.34164,1.34139,250
2016-11-21 21:19:00,2016-11-21 21:20:00,1.34132,1.34124,1.34135,1.3412,1.34157,1.34148,1.34158,1.34146,156
2016-11-21 21:20:00,2016-11-21 21:21:00,1.34124,1.34144,1.34146,1.34125,1.34148,1.34166,1.34166,1.34148,163
2016-11-21 21:21:00,2016-11-21 21:22:00,1.34144,1.34143,1.34148,1.34139,1.34166,1.34164,1.34171,1.34161,115
2016-11-21 21:22:00,2016-11-21 21:23:00,1.34143,1.34154,1.34158,1.34141,1.34164,1.34177,1.3418,1.34163,104
2016-11-21 21:23:00,2016-11-21 21:24:00,1.34154,1.34154,1.34168,1.34148,1.34177,1.34179,1.34183,1.34171,151
2016-11-21 21:24:00,2016-11-21 21:25:00,1.34154,1.34176,1.34181,1.34152,1.34179,1.34198,1.34202,1.34176,189
2016-11-21 21:25:00,2016-11-21 21:26:00,1.34176,1.34182,1.34182,1.34173,1.34198,1.34204,1.34204,1.34194,66
2016-11-21 21:26:00,2016-11-21 21:27:00,1.34182,1.34177,1.3419,1.34175,1.34204,1.342,1.34207,1.34193,146
2016-11-21 21:27:00,2016-11-21 21:28:00,1.34177,1.34176,1.34183,1.34175,1.342,1.34203,1.3421,1.34201,88
2016-11-21 21:28:00,2016-11-21 21:29:00,1.34176,1.34179,1.34186,1.34172,1.34203,1.34205,1.34211,1.34194,144
2016-11-21 21:29:00,2016-11-21 21:30:00,1.34179,1.34184,1.34194,1.34172,1.34205,1.34212,1.34218,1.342,208
2016-11-21 21:30:00,2016-11-21 21:31:00,1.34184,1.34157,1.34184,1.34157,1.34212,1.34185,1.34212,1.34184,187
2016-11-21 21:31:00,2016-11-21 21:32:00,1.34157,1.34165,1.34168,1.34155,1.34185,1.34191,1.34193,1.34178,185
2016-11-21 21:32:00,2016-11-21 21:33:00,1.34165,1.34159,1.3417,1.34147,1.34191,1.34185,1.34197,1.34174,403
2016-11-21 21:33:00,2016-11-21 21:34:00,1.34159,1.34156,1.3416,1.34137,1.34185,1.34182,1.34185,1.34166,199
2016-11-21 21:34:00,2016-11-21 21:35:00,1.34156,1.34157,1.34164,1.34154,1.34182,1.34184,1.3419,1.34182,104
2016-11-21 21:35:00,2016-11-21 21:36:00,1.34157,1.3413,1.34157,1.3413,1.34184,1.34162,1.34184,1.34162,92
2016-11-21 21:36:00,2016-11-21 21:37:00,1.3413,1.34138,1.34155,1.34121,1.34162,1.3417,1.34181,1.34153,186
2016-11-21 21:37:00,2016-11-21 21:38:00,1.34138,1.34154,1.34154,1.34139,1.3417,1.34182,1.34183,1.3417,42
2016-11-21 21:38:00,2016-11-21 21:39:00,1.34154,1.34157,1.3416,1.34152,1.34182,1.34186,1.34187,1.34177,72
2016-11-21 21:39:00,2016-11-21 21:40:00,1.34157,1.34159,1.34161,1.34155,1.34186,1.34188,1.3419,1.34184,77
2016-11-21 21:40:00,2016-11-21 21:41:00,1.34159,1.34134,1.34161,1.34134,1.34188,1.34168,1.3419,1.34164,224
2016-11-21 21:41:00,2016-11-21 21:42:00,1.34134,1.34171,1.34171,1.34125,1.34168,1.34194,1.34194,1.34157,431
2016-11-21 21:42:00,2016-11-21 21:43:00,1.34171,1.34187,1.34188,1.34166,1.34194,1.34212,1.34212,1.34191,280
2016-11-21 21:43:00,2016-11-21 21:44:00,1.34187,1.34192,1.34199,1.34176,1.34212,1.34218,1.34221,1.34205,252
2016-11-21 21:44:00,2016-11-21 21:45:00,1.34192,1.34203,1.34205,1.34165,1.34218,1.34229,1.34229,1.34193,309
2016-11-21 21:45:00,2016-11-21 21:46:00,1.34203,1.34202,1.34207,1.34186,1.34229,1.34227,1.34229,1.34216,399
2016-11-21 21:46:00,2016-11-21 21:47:00,1.34202,1.342,1.34213,1.34189,1.34227,1.34233,1.3424,1.34214,314
2016-11-21 21:47:00,2016-11-21 21:48:00,1.342,1.34206,1.34221,1.34171,1.34233,1.34231,1.34241,1.34197,957
2016-11-21 21:48:00,2016-11-21 21:49:00,1.34206,1.34227,1.34229,1.34206,1.34231,1.34252,1.34253,1.34227,415
2016-11-21 21:49:00,2016-11-21 21:50:00,1.34227,1.34233,1.34237,1.34214,1.34252,1.34258,1.34262,1.34241,495
2016-11-21 21:50:00,2016-11-21 21:51:00,1.34233,1.34222,1.34237,1.34207,1.34258,1.34243,1.34261,1.34232,405
2016-11-21 21:51:00,2016-11-21 21:52:00,1.34222,1.34209,1.34232,1.34207,1.34243,1.3424,1.34256,1.34231,281
2016-11-21 21:52:00,2016-11-21 21:53:00,1.34209,1.34223,1.34223,1.34206,1.3424,1.34246,1.34247,1.34231,117
2016-11-21 21:53:00,2016-11-21 21:54:00,1.34223,1.34229,1.34235,1.34214,1.34246,1.34254,1.34258,1.34238,230
2016-11-21 21:54:00,2016-11-21 21:55:00,1.34229,1.34228,1.34239,1.34221,1.34254,1.34249,1.34261,1.34242,351
2016-11-21 21:55:00,2016-11-21 21:56:00,1.34228,1.34228,1.34235,1.3422,1.34249,1.34249,1.34249,1.34244,203
2016-11-21 21:56:00,2016-11-21 21:57:00,1.34228,1.34228,1.34231,1.3422,1.34249,1.3425,1.3425,1.34245,253
2016-11-21 21:57:00,2016-11-21 21:58:00,1.34228,1.34186,1.34228,1.34183,1.3425,1.34206,1.3425,1.34204,264
2016-11-21 21:58:00,2016-11-21 21:59:00,1.34186,1.34161,1.34187,1.3416,1.34206,1.34189,1.34242,1.34188,337
2016-11-21 21:59:00,2016-11-21 22:00:00,1.34161,1.34173,1.34176,1.34161,1.34189,1.34198,1.34222,1.34188,17
2016-11-21 22:00:00,2016-11-21 22:01:00,1.34173,1.34165,1.3418,1.34161,1.34198,1.34258,1.34258,1.34192,14
2016-11-21 22:01:00,2016-11-21 22:02:00,1.34165,1.34192,1.34206,1.34159,1.34258,1.34214,1.34244,1.34202,30
2016-11-21 22:02:00,2016-11-21 22:03:00,1.34192,1.34207,1.34207,1.34182,1.34214,1.34233,1.34233,1.34208,19
2016-11-21 22:03:00,2016-11-21 22:04:00,1.34207,1.34206,1.34207,1.34206,1.34233,1.34231,1.34232,1.34231,2
2016-11-21 22:04:00,2016-11-21 22:05:00,1.34206,1.34208,1.34208,1.34206,1.34231,1.34232,1.34232,1.34231,4
2016-11-21 22:05:00,2016-11-21 22:06:00,1.34208,1.34211,1.34211,1.34207,1.34232,1.34236,1.34246,1.34232,9
2016-11-21 22:06:00,2016-11-21 22:07:00,1.34211,1.34211,1.34216,1.3421,1.34236,1.34236,1.34246,1.34236,8
2016-11-21 22:07:00,2016-11-21 22:08:00,1.34211,1.34205,1.34215,1.34203,1.34236,1.34243,1.34267,1.34236,25
2016-11-21 22:08:00,2016-11-21 22:09:00,1.34205,1.3416,1.34211,1.34157,1.34243,1.34203,1.34239,1.342,49
2016-11-21 22:09:00,2016-11-21 22:10:00,1.3416,1.34172,1.34177,1.34167,1.34203,1.34208,1.34208,1.34201,14
2016-11-21 22:10:00,2016-11-21 22:11:00,1.34172,1.34172,1.34172,1.34172,1.34208,1.34207,1.34208,1.34205,6
2016-11-21 22:11:00,2016-11-21 22:12:00,1.34172,1.34169,1.34171,1.34169,1.34207,1.34205,1.34207,1.34205,7
2016-11-21 22:12:00,2016-11-21 22:13:00,1.34169,1.3417,1.34171,1.3417,1.34205,1.34207,1.34207,1.34205,4
2016-11-21 22:13:00,2016-11-21 22:14:00,1.3417,1.3417,1.3417,1.3417,1.34207,1.34206,1.34206,1.34206,1
2016-11-21 22:14:00,2016-11-21 22:15:00,1.3417,1.34164,1.3417,1.34164,1.34206,1.34201,1.34202,1.342,7
2016-11-21 22:15:00,2016-11-21 22:16:00,1.34164,1.34164,1.34164,1.34164,1.34201,1.34202,1.34202,1.34202,1
2016-11-21 22:16:00,2016-11-21 22:17:00,1.34164,1.34158,1.34164,1.34158,1.34202,1.34198,1.34198,1.34197,4
2016-11-21 22:17:00,2016-11-21 22:18:00,1.34158,1.3416,1.3416,1.34159,1.34198,1.34193,1.34197,1.34193,3
2016-11-21 22:18:00,2016-11-21 22:19:00,1.3416,1.34157,1.34157,1.34157,1.34193,1.34192,1.34193,1.34191,5
2016-11-21 22:19:00,2016-11-21 22:21:00,1.34157,1.34158,1.34158,1.34158,1.34192,1.34192,1.34192,1.34191,3
2016-11-21 22:21:00,2016-11-21 22:22:00,1.34158,1.34158,1.34158,1.34158,1.34192,1.34193,1.34194,1.34193,2
2016-11-21 22:22:00,2016-11-21 22:23:00,1.34158,1.34158,1.34158,1.34158,1.34193,1.34193,1.34194,1.34193,2
2016-11-21 22:23:00,2016-11-21 22:24:00,1.34158,1.34154,1.34154,1.34154,1.34193,1.34193,1.34193,1.34193,1
2016-11-21 22:24:00,2016-11-21 22:25:00,1.34154,1.34155,1.34155,1.34154,1.34193,1.34195,1.34195,1.34195,4
2016-11-21 22:25:00,2016-11-21 22:26:00,1.34155,1.34159,1.34159,1.34159,1.34195,1.34187,1.34187,1.34187,1
2016-11-21 22:26:00,2016-11-21 22:28:00,1.34159,1.34158,1.34158,1.34153,1.34187,1.34187,1.34187,1.34182,6
2016-11-21 22:28:00,2016-11-21 22:29:00,1.34158,1.34159,1.3416,1.34159,1.34187,1.34188,1.34197,1.34186,7
2016-11-21 22:29:00,2016-11-21 22:30:00,1.34159,1.34155,1.3416,1.34155,1.34188,1.34183,1.34188,1.34183,2
2016-11-21 22:30:00,2016-11-21 22:31:00,1.34155,1.3416,1.3416,1.34157,1.34183,1.34188,1.34188,1.34183,3
2016-11-21 22:31:00,2016-11-21 22:33:00,1.3416,1.34153,1.34165,1.34152,1.34188,1.3417,1.34192,1.34164,14
2016-11-21 22:33:00,2016-11-21 22:34:00,1.34153,1.3415,1.34153,1.3415,1.3417,1.34172,1.34173,1.3417,10
2016-11-21 22:34:00,2016-11-21 22:35:00,1.3415,1.34149,1.34149,1.34149,1.34172,1.34173,1.34173,1.34172,2
2016-11-21 22:35:00,2016-11-21 22:36:00,1.34149,1.3415,1.34151,1.34149,1.34173,1.34172,1.34173,1.34169,15
2016-11-21 22:36:00,2016-11-21 22:37:00,1.3415,1.34148,1.3415,1.34147,1.34172,1.34171,1.34175,1.34169,18
2016-11-21 22:37:00,2016-11-21 22:39:00,1.34148,1.34148,1.34148,1.34147,1.34171,1.34171,1.34171,1.34171,2
2016-11-21 22:39:00,2016-11-21 22:40:00,1.34148,1.34151,1.34152,1.34147,1.34171,1.34173,1.34173,1.34171,5
2016-11-21 22:40:00,2016-11-21 22:41:00,1.34151,1.34172,1.34172,1.34151,1.34173,1.34194,1.34195,1.34175,27
2016-11-21 22:41:00,2016-11-21 22:42:00,1.34172,1.34156,1.34172,1.34155,1.34194,1.34192,1.34192,1.3419,20
2016-11-21 22:42:00,2016-11-21 22:43:00,1.34156,1.34158,1.34173,1.34156,1.34192,1.34193,1.34197,1.34191,17
2016-11-21 22:43:00,2016-11-21 22:44:00,1.34158,1.34169,1.34169,1.34158,1.34193,1.34193,1.34193,1.3419,7
2016-11-21 22:44:00,2016-11-21 22:45:00,1.34169,1.34178,1.34178,1.34168,1.34193,1.34203,1.34203,1.34188,16
2016-11-21 22:45:00,2016-11-21 22:46:00,1.34178,1.34179,1.34179,1.34179,1.34203,1.34203,1.34203,1.34203,1
2016-11-21 22:46:00,2016-11-21 22:47:00,1.34179,1.34179,1.3418,1.34179,1.34203,1.34203,1.34203,1.34202,5
2016-11-21 22:47:00,2016-11-21 22:48:00,1.34179,1.34184,1.34184,1.34182,1.34203,1.34209,1.34209,1.34203,7
2016-11-21 22:48:00,2016-11-21 22:49:00,1.34184,1.34184,1.34184,1.34184,1.34209,1.34208,1.34208,1.34208,1
2016-11-21 22:49:00,2016-11-21 22:51:00,1.34184,1.34185,1.34192,1.34185,1.34208,1.34209,1.3421,1.34208,4
2016-11-21 22:51:00,2016-11-21 22:53:00,1.34185,1.34185,1.34185,1.34185,1.34209,1.34208,1.34208,1.34208,1
2016-11-21 22:53:00,2016-11-21 22:54:00,1.34185,1.34185,1.34185,1.34184,1.34208,1.34208,1.34208,1.34208,2
2016-11-21 22:54:00,2016-11-21 22:55:00,1.34185,1.34185,1.34185,1.34185,1.34208,1.34209,1.34209,1.34209,1
2016-11-21 22:55:00,2016-11-21 22:57:00,1.34185,1.34184,1.34184,1.34184,1.34209,1.34209,1.34209,1.34209,1
2016-11-21 22:57:00,2016-11-21 22:58:00,1.34184,1.34182,1.34185,1.34182,1.34209,1.34208,1.34209,1.34208,3
2016-11-21 22:58:00,2016-11-21 22:59:00,1.34182,1.34192,1.34209,1.34187,1.34208,1.34229,1.34235,1.34208,51
2016-11-21 22:59:00,2016-11-21 23:00:00,1.34192,1.34211,1.34215,1.34191,1.34229,1.34256,1.34258,1.34223,364
2016-11-21 23:00:00,2016-11-21 23:01:00,1.34211,1.34202,1.34214,1.34199,1.34256,1.34237,1.34258,1.34235,186
2016-11-21 23:01:00,2016-11-21 23:02:00,1.34202,1.34212,1.34214,1.34194,1.34237,1.34242,1.34242,1.34223,154
2016-11-21 23:02:00,2016-11-21 23:03:00,1.34212,1.34196,1.34211,1.34193,1.34242,1.34231,1.34245,1.34222,260
2016-11-21 23:03:00,2016-11-21 23:04:00,1.34196,1.34198,1.34198,1.34192,1.34231,1.34227,1.34233,1.34225,106
2016-11-21 23:04:00,2016-11-21 23:05:00,1.34198,1.34195,1.342,1.34193,1.34227,1.34224,1.3423,1.34222,74
2016-11-21 23:05:00,2016-11-21 23:06:00,1.34195,1.34174,1.34196,1.34173,1.34224,1.34201,1.34225,1.34201,77
2016-11-21 23:06:00,2016-11-21 23:07:00,1.34174,1.34174,1.34175,1.34158,1.34201,1.34202,1.34203,1.34185,136
2016-11-21 23:07:00,2016-11-21 23:08:00,1.34174,1.34176,1.34183,1.34172,1.34202,1.34203,1.3421,1.342,64
2016-11-21 23:08:00,2016-11-21 23:09:00,1.34176,1.34172,1.34179,1.3416,1.34203,1.342,1.34207,1.34191,99
2016-11-21 23:09:00,2016-11-21 23:10:00,1.34172,1.34181,1.34181,1.34168,1.342,1.34212,1.34214,1.342,116
2016-11-21 23:10:00,2016-11-21 23:11:00,1.34181,1.34173,1.34181,1.3417,1.34212,1.34206,1.34212,1.34204,72
2016-11-21 23:11:00,2016-11-21 23:12:00,1.34173,1.34172,1.34173,1.34169,1.34206,1.34205,1.34209,1.34203,73
2016-11-21 23:12:00,2016-11-21 23:13:00,1.34172,1.34155,1.34172,1.34137,1.34205,1.3418,1.34206,1.34168,269
2016-11-21 23:13:00,2016-11-21 23:14:00,1.34155,1.34157,1.34161,1.34149,1.3418,1.34185,1.34187,1.34178,146
2016-11-21 23:14:00,2016-11-21 23:15:00,1.34157,1.34156,1.34163,1.34153,1.34185,1.34178,1.34187,1.34178,154
2016-11-21 23:15:00,2016-11-21 23:16:00,1.34156,1.34161,1.34162,1.34156,1.34178,1.34183,1.34183,1.34177,70
2016-11-21 23:16:00,2016-11-21 23:17:00,1.34161,1.34158,1.34162,1.34158,1.34183,1.34183,1.34183,1.3418,57
2016-11-21 23:17:00,2016-11-21 23:18:00,1.34158,1.34161,1.34174,1.34154,1.34183,1.34193,1.34199,1.34179,120
2016-11-21 23:18:00,2016-11-21 23:19:00,1.34161,1.34157,1.34166,1.34157,1.34193,1.34184,1.34193,1.34182,111
2016-11-21 23:19:00,2016-11-21 23:20:00,1.34157,1.34172,1.34179,1.34154,1.34184,1.34204,1.34204,1.3418,149
2016-11-21 23:20:00,2016-11-21 23:21:00,1.34172,1.3416,1.34183,1.34152,1.34204,1.34193,1.34208,1.34181,136
2016-11-21 23:21:00,2016-11-21 23:22:00,1.3416,1.34155,1.34162,1.34151,1.34193,1.34185,1.34196,1.3418,169
2016-11-21 23:22:00,2016-11-21 23:23:00,1.34155,1.34156,1.34163,1.34149,1.34185,1.3418,1.34189,1.34178,176
2016-11-21 23:23:00,2016-11-21 23:24:00,1.34156,1.34158,1.34162,1.34153,1.3418,1.34181,1.34184,1.34178,62
2016-11-21 23:24:00,2016-11-21 23:25:00,1.34158,1.34157,1.34159,1.34155,1.34181,1.34181,1.34183,1.34179,44
2016-11-21 23:25:00,2016-11-21 23:26:00,1.34157,1.34161,1.34161,1.34153,1.34181,1.34185,1.34185,1.34178,49
2016-11-21 23:26:00,2016-11-21 23:27:00,1.34161,1.34159,1.34166,1.3415,1.34185,1.34182,1.34189,1.34178,141
2016-11-21 23:27:00,2016-11-21 23:28:00,1.34159,1.34142,1.34162,1.34141,1.34182,1.34172,1.34182,1.34171,72
2016-11-21 23:28:00,2016-11-21 23:29:00,1.34142,1.34138,1.34148,1.34136,1.34172,1.34168,1.34177,1.34165,105
2016-11-21 23:29:00,2016-11-21 23:30:00,1.34138,1.34128,1.34139,1.34127,1.34168,1.34157,1.34168,1.34157,84
2016-11-21 23:30:00,2016-11-21 23:31:00,1.34128,1.34121,1.34132,1.34116,1.34157,1.34149,1.34157,1.34146,154
2016-11-21 23:31:00,2016-11-21 23:32:00,1.34121,1.34121,1.34139,1.34119,1.34149,1.34148,1.34163,1.34145,298
2016-11-21 23:32:00,2016-11-21 23:33:00,1.34121,1.34116,1.34122,1.34115,1.34148,1.34145,1.34149,1.34142,80
2016-11-21 23:33:00,2016-11-21 23:34:00,1.34116,1.34121,1.34123,1.34116,1.34145,1.34149,1.34152,1.34141,47
2016-11-21 23:34:00,2016-11-21 23:35:00,1.34121,1.34121,1.34126,1.34114,1.34149,1.3415,1.34156,1.34142,167
2016-11-21 23:35:00,2016-11-21 23:36:00,1.34121,1.3412,1.34121,1.34115,1.3415,1.34148,1.3415,1.34144,88
2016-11-21 23:36:00,2016-11-21 23:37:00,1.3412,1.34115,1.34122,1.34114,1.34148,1.3414,1.34147,1.3414,48
2016-11-21 23:37:00,2016-11-21 23:38:00,1.34115,1.34118,1.3412,1.34112,1.3414,1.34141,1.34144,1.34135,80
2016-11-21 23:38:00,2016-11-21 23:39:00,1.34118,1.34114,1.34121,1.34103,1.34141,1.34143,1.34146,1.34133,143
2016-11-21 23:39:00,2016-11-21 23:40:00,1.34114,1.34104,1.34115,1.34102,1.34143,1.34132,1.34143,1.3413,167
2016-11-21 23:40:00,2016-11-21 23:41:00,1.34104,1.34111,1.34112,1.34103,1.34132,1.34138,1.3414,1.34129,125
2016-11-21 23:41:00,2016-11-21 23:42:00,1.34111,1.34105,1.34112,1.34098,1.34138,1.3413,1.34137,1.34125,93
2016-11-21 23:42:00,2016-11-21 23:43:00,1.34105,1.34106,1.34107,1.341,1.3413,1.3413,1.34131,1.34126,95
2016-11-21 23:43:00,2016-11-21 23:44:00,1.34106,1.34096,1.3411,1.34094,1.3413,1.34121,1.34135,1.34121,105
2016-11-21 23:44:00,2016-11-21 23:45:00,1.34096,1.341,1.34104,1.34095,1.34121,1.34128,1.34131,1.34119,147
2016-11-21 23:45:00,2016-11-21 23:46:00,1.341,1.3409,1.341,1.3409,1.34128,1.34118,1.34126,1.34118,59
2016-11-21 23:46:00,2016-11-21 23:47:00,1.3409,1.341,1.341,1.34088,1.34118,1.34124,1.34124,1.34114,97
2016-11-21 23:47:00,2016-11-21 23:48:00,1.341,1.34085,1.34099,1.34085,1.34124,1.3411,1.34127,1.34107,74
2016-11-21 23:48:00,2016-11-21 23:49:00,1.34085,1.34096,1.34103,1.34085,1.3411,1.34118,1.34128,1.34109,128
2016-11-21 23:49:00,2016-11-21 23:50:00,1.34096,1.34101,1.34103,1.34094,1.34118,1.34121,1.34127,1.34116,82
2016-11-21 23:50:00,2016-11-21 23:51:00,1.34101,1.34102,1.34107,1.34097,1.34121,1.34125,1.34131,1.34119,125
2016-11-21 23:51:00,2016-11-21 23:52:00,1.34102,1.34099,1.34103,1.34096,1.34125,1.3412,1.34125,1.34118,63
2016-11-21 23:52:00,2016-11-21 23:53:00,1.34099,1.34091,1.34099,1.3409,1.3412,1.34114,1.34121,1.34112,108
2016-11-21 23:53:00,2016-11-21 23:54:00,1.34091,1.34097,1.34098,1.3409,1.34114,1.34117,1.34119,1.34114,108
2016-11-21 23:54:00,2016-11-21 23:55:00,1.34097,1.34092,1.34098,1.34091,1.34117,1.34116,1.34125,1.34113,202
2016-11-21 23:55:00,2016-11-21 23:56:00,1.34092,1.34096,1.34099,1.34088,1.34116,1.34118,1.34119,1.34107,142
2016-11-21 23:56:00,2016-11-21 23:57:00,1.34096,1.34094,1.34099,1.34091,1.34118,1.34112,1.34119,1.34112,130
2016-11-21 23:57:00,2016-11-21 23:58:00,1.34094,1.34092,1.34095,1.34086,1.34112,1.34113,1.34117,1.34108,146
2016-11-21 23:58:00,2016-11-21 23:59:00,1.34092,1.34098,1.34103,1.34087,1.34113,1.3412,1.34127,1.34111,153
2016-11-21 23:59:00,2016-11-22 00:00:00,1.34098,1.34107,1.3411,1.34096,1.3412,1.34131,1.34131,1.34117,220
2016-11-22 00:00:00,2016-11-22 00:01:00,1.34107,1.34105,1.34108,1.34097,1.34131,1.34129,1.34131,1.34126,129
2016-11-22 00:01:00,2016-11-22 00:02:00,1.34105,1.34109,1.3411,1.34101,1.34129,1.34131,1.34132,1.34124,191
2016-11-22 00:02:00,2016-11-22 00:03:00,1.34109,1.34108,1.34119,1.34103,1.34131,1.3413,1.34138,1.34124,262
2016-11-22 00:03:00,2016-11-22 00:04:00,1.34108,1.34107,1.34109,1.34101,1.3413,1.34129,1.34132,1.34124,241
2016-11-22 00:04:00,2016-11-22 00:05:00,1.34107,1.34105,1.34112,1.34094,1.34129,1.34127,1.34132,1.34118,267
2016-11-22 00:05:00,2016-11-22 00:06:00,1.34105,1.34095,1.34109,1.34095,1.34127,1.34119,1.34128,1.34118,131
2016-11-22 00:06:00,2016-11-22 00:07:00,1.34095,1.34093,1.34099,1.34089,1.34119,1.34115,1.34119,1.34112,100
2016-11-22 00:07:00,2016-11-22 00:08:00,1.34093,1.34099,1.341,1.34091,1.34115,1.34118,1.34121,1.34113,81
2016-11-22 00:08:00,2016-11-22 00:09:00,1.34099,1.34099,1.34103,1.34094,1.34118,1.34117,1.34121,1.34115,105
2016-11-22 00:09:00,2016-11-22 00:10:00,1.34099,1.34096,1.341,1.34093,1.34117,1.34116,1.34119,1.34114,68
2016-11-22 00:10:00,2016-11-22 00:11:00,1.34096,1.34094,1.341,1.34094,1.34116,1.34116,1.3412,1.34113,128
2016-11-22 00:11:00,2016-11-22 00:12:00,1.34094,1.34089,1.34098,1.34089,1.34116,1.34113,1.34118,1.34112,110
2016-11-22 00:12:00,2016-11-22 00:13:00,1.34089,1.34086,1.34089,1.34084,1.34113,1.34107,1.34114,1.34104,96
2016-11-22 00:13:00,2016-11-22 00:14:00,1.34086,1.34091,1.34093,1.34084,1.34107,1.34116,1.34118,1.34101,101
2016-11-22 00:14:00,2016-11-22 00:15:00,1.34091,1.34094,1.34108,1.3409,1.34116,1.34119,1.3413,1.34116,133
2016-11-22 00:15:00,2016-11-22 00:16:00,1.34094,1.34095,1.34101,1.34094,1.34119,1.34117,1.34126,1.34117,52
2016-11-22 00:16:00,2016-11-22 00:17:00,1.34095,1.34101,1.34103,1.34093,1.34117,1.34125,1.34125,1.34117,72
2016-11-22 00:17:00,2016-11-22 00:18:00,1.34101,1.34098,1.34104,1.34097,1.34125,1.34122,1.3413,1.34122,66
2016-11-22 00:18:00,2016-11-22 00:19:00,1.34098,1.34097,1.341,1.34089,1.34122,1.34123,1.34123,1.34114,117
2016-11-22 00:19:00,2016-11-22 00:20:00,1.34097,1.34101,1.34104,1.34098,1.34123,1.34126,1.34126,1.34123,61
2016-11-22 00:20:00,2016-11-22 00:21:00,1.34101,1.34101,1.34102,1.34098,1.34126,1.34127,1.34128,1.3412,87
2016-11-22 00:21:00,2016-11-22 00:22:00,1.34101,1.34088,1.34103,1.34087,1.34127,1.34114,1.34128,1.34112,109
2016-11-22 00:22:00,2016-11-22 00:23:00,1.34088,1.34067,1.34089,1.34053,1.34114,1.3409,1.34114,1.34076,481
2016-11-22 00:23:00,2016-11-22 00:24:00,1.34067,1.3405,1.34081,1.34048,1.3409,1.34069,1.34107,1.34069,504
2016-11-22 00:24:00,2016-11-22 00:25:00,1.3405,1.34046,1.34057,1.34035,1.34069,1.34067,1.34078,1.34055,524
2016-11-22 00:25:00,2016-11-22 00:26:00,1.34046,1.34043,1.34046,1.34029,1.34067,1.34064,1.34067,1.34052,359
2016-11-22 00:26:00,2016-11-22 00:27:00,1.34043,1.34035,1.34044,1.34031,1.34064,1.34057,1.34066,1.34052,291
2016-11-22 00:27:00,2016-11-22 00:28:00,1.34035,1.34036,1.34044,1.34032,1.34057,1.34058,1.34065,1.34054,113
2016-11-22 00:28:00,2016-11-22 00:29:00,1.34036,1.34042,1.34055,1.34034,1.34058,1.34066,1.34072,1.34055,272
2016-11-22 00:29:00,2016-11-22 00:30:00,1.34042,1.34053,1.34057,1.34035,1.34066,1.34073,1.34076,1.34058,152
2016-11-22 00:30:00,2016-11-22 00:31:00,1.34053,1.34053,1.34071,1.34048,1.34073,1.34079,1.3409,1.34074,267
2016-11-22 00:31:00,2016-11-22 00:32:00,1.34053,1.34064,1.34065,1.34045,1.34079,1.34083,1.34084,1.3407,130
2016-11-22 00:32:00,2016-11-22 00:33:00,1.34064,1.34062,1.34077,1.3405,1.34083,1.34085,1.34096,1.34077,218
2016-11-22 00:33:00,2016-11-22 00:34:00,1.34062,1.34063,1.34073,1.34051,1.34085,1.34085,1.34093,1.34079,158
2016-11-22 00:34:00,2016-11-22 00:35:00,1.34063,1.34063,1.34071,1.34051,1.34085,1.3409,1.34095,1.3408,242
2016-11-22 00:35:00,2016-11-22 00:36:00,1.34063,1.34059,1.34074,1.34055,1.3409,1.3408,1.34101,1.3408,176
2016-11-22 00:36:00,2016-11-22 00:37:00,1.34059,1.34054,1.3407,1.34047,1.3408,1.34075,1.34091,1.34073,205
2016-11-22 00:37:00,2016-11-22 00:38:00,1.34054,1.34058,1.34079,1.34053,1.34075,1.34088,1.34101,1.34076,152
2016-11-22 00:38:00,2016-11-22 00:39:00,1.34058,1.34042,1.34076,1.34042,1.34088,1.34071,1.34104,1.34069,188
2016-11-22 00:39:00,2016-11-22 00:40:00,1.34042,1.34038,1.34045,1.34035,1.34071,1.34061,1.3407,1.34054,124
2016-11-22 00:40:00,2016-11-22 00:41:00,1.34038,1.34027,1.3404,1.34018,1.34061,1.34049,1.34061,1.34042,159
2016-11-22 00:41:00,2016-11-22 00:42:00,1.34027,1.34031,1.3404,1.34025,1.34049,1.3405,1.3406,1.34048,184
2016-11-22 00:42:00,2016-11-22 00:43:00,1.34031,1.34027,1.34031,1.34023,1.3405,1.34046,1.34051,1.34046,88
2016-11-22 00:43:00,2016-11-22 00:44:00,1.34027,1.34034,1.34036,1.34025,1.34046,1.34057,1.34058,1.34046,157
2016-11-22 00:44:00,2016-11-22 00:45:00,1.34034,1.34053,1.3406,1.3403,1.34057,1.34077,1.34087,1.34055,199
2016-11-22 00:45:00,2016-11-22 00:46:00,1.34053,1.34048,1.34058,1.34045,1.34077,1.34076,1.34086,1.34072,197
2016-11-22 00:46:00,2016-11-22 00:47:00,1.34048,1.34046,1.34056,1.34043,1.34076,1.34077,1.34085,1.34072,98
2016-11-22 00:47:00,2016-11-22 00:48:00,1.34046,1.34035,1.34046,1.34035,1.34077,1.34065,1.34076,1.34063,141
2016-11-22 00:48:00,2016-11-22 00:49:00,1.34035,1.34052,1.34053,1.34028,1.34065,1.34076,1.34081,1.34056,197
2016-11-22 00:49:00,2016-11-22 00:50:00,1.34052,1.3405,1.34062,1.34038,1.34076,1.34076,1.34086,1.34068,234
2016-11-22 00:50:00,2016-11-22 00:51:00,1.3405,1.34046,1.34056,1.34043,1.34076,1.34073,1.34083,1.34068,190
2016-11-22 00:51:00,2016-11-22 00:52:00,1.34046,1.34054,1.34063,1.34035,1.34073,1.34082,1.34086,1.34061,397
2016-11-22 00:52:00,2016-11-22 00:53:00,1.34054,1.34048,1.34054,1.34036,1.34082,1.34074,1.34081,1.34063,281
2016-11-22 00:53:00,2016-11-22 00:54:00,1.34048,1.34046,1.34059,1.34031,1.34074,1.3408,1.34084,1.34057,438
2016-11-22 00:54:00,2016-11-22 00:55:00,1.34046,1.34035,1.34059,1.34033,1.3408,1.34061,1.34087,1.34056,216
2016-11-22 00:55:00,2016-11-22 00:56:00,1.34035,1.34035,1.34042,1.34029,1.34061,1.34061,1.34067,1.34053,113
2016-11-22 00:56:00,2016-11-22 00:57:00,1.34035,1.34037,1.34046,1.34029,1.34061,1.34061,1.34069,1.34052,187
2016-11-22 00:57:00,2016-11-22 00:58:00,1.34037,1.34028,1.34037,1.34023,1.34061,1.34054,1.34062,1.34046,198
2016-11-22 00:58:00,2016-11-22 00:59:00,1.34028,1.34025,1.34033,1.34023,1.34054,1.34049,1.3406,1.34048,192
2016-11-22 00:59:00,2016-11-22 01:00:00,1.34025,1.34022,1.34035,1.34019,1.34049,1.34045,1.3406,1.34044,324
2016-11-22 01:00:00,2016-11-22 01:01:00,1.34022,1.34023,1.34029,1.3402,1.34045,1.34047,1.34052,1.3404,248
2016-11-22 01:01:00,2016-11-22 01:02:00,1.34023,1.34013,1.34026,1.34008,1.34047,1.34038,1.3405,1.34031,301
2016-11-22 01:02:00,2016-11-22 01:03:00,1.34013,1.34025,1.34025,1.34001,1.34038,1.34046,1.34046,1.34023,226
2016-11-22 01:03:00,2016-11-22 01:04:00,1.34025,1.34017,1.34023,1.34012,1.34046,1.3404,1.34046,1.34033,137
2016-11-22 01:04:00,2016-11-22 01:05:00,1.34017,1.34023,1.34025,1.3401,1.3404,1.34046,1.34048,1.34034,92
2016-11-22 01:05:00,2016-11-22 01:06:00,1.34023,1.34024,1.34027,1.34014,1.34046,1.34047,1.34051,1.34037,74
2016-11-22 01:06:00,2016-11-22 01:07:00,1.34024,1.3404,1.34043,1.3402,1.34047,1.34064,1.34066,1.34044,67
2016-11-22 01:07:00,2016-11-22 01:08:00,1.3404,1.34023,1.34051,1.34017,1.34064,1.34049,1.34075,1.34042,124
2016-11-22 01:08:00,2016-11-22 01:09:00,1.34023,1.34031,1.34036,1.34021,1.34049,1.34056,1.34062,1.34047,95
2016-11-22 01:09:00,2016-11-22 01:10:00,1.34031,1.34012,1.34035,1.34011,1.34056,1.34039,1.34059,1.34037,183
2016-11-22 01:10:00,2016-11-22 01:11:00,1.34012,1.34016,1.34022,1.34003,1.34039,1.34042,1.34045,1.34028,306
2016-11-22 01:11:00,2016-11-22 01:12:00,1.34016,1.34013,1.34033,1.34009,1.34042,1.3404,1.34056,1.34034,336
2016-11-22 01:12:00,2016-11-22 01:13:00,1.34013,1.34016,1.34026,1.34011,1.3404,1.34042,1.34051,1.34037,131
2016-11-22 01:13:00,2016-11-22 01:14:00,1.34016,1.34003,1.34015,1.34002,1.34042,1.34029,1.34043,1.34027,108
2016-11-22 01:14:00,2016-11-22 01:15:00,1.34003,1.34,1.34009,1.33994,1.34029,1.34022,1.34029,1.3402,184
2016-11-22 01:15:00,2016-11-22 01:16:00,1.34,1.33987,1.34001,1.33979,1.34022,1.34011,1.34023,1.34005,297
2016-11-22 01:16:00,2016-11-22 01:17:00,1.33987,1.33982,1.34007,1.3398,1.34011,1.34004,1.34023,1.34001,553
2016-11-22 01:17:00,2016-11-22 01:18:00,1.33982,1.33981,1.33986,1.33978,1.34004,1.34003,1.3401,1.33999,100
2016-11-22 01:18:00,2016-11-22 01:19:00,1.33981,1.33977,1.33992,1.33976,1.34003,1.34004,1.34016,1.34001,190
2016-11-22 01:19:00,2016-11-22 01:20:00,1.33977,1.33977,1.33981,1.33958,1.34004,1.34005,1.34008,1.33986,241
2016-11-22 01:20:00,2016-11-22 01:21:00,1.33977,1.3398,1.33989,1.33976,1.34005,1.34003,1.34014,1.34002,96
2016-11-22 01:21:00,2016-11-22 01:22:00,1.3398,1.33975,1.33979,1.33961,1.34003,1.33999,1.34003,1.33981,130
2016-11-22 01:22:00,2016-11-22 01:23:00,1.33975,1.3398,1.33992,1.33975,1.33999,1.34,1.34016,1.33999,190
2016-11-22 01:23:00,2016-11-22 01:24:00,1.3398,1.33981,1.3399,1.33975,1.34,1.34001,1.34015,1.33998,112
2016-11-22 01:24:00,2016-11-22 01:25:00,1.33981,1.33984,1.33984,1.33976,1.34001,1.34008,1.34011,1.33999,42
2016-11-22 01:25:00,2016-11-22 01:26:00,1.33984,1.33978,1.33985,1.33972,1.34008,1.34005,1.34008,1.33999,52
2016-11-22 01:26:00,2016-11-22 01:27:00,1.33978,1.33976,1.33981,1.33975,1.34005,1.34004,1.34007,1.34003,49
2016-11-22 01:27:00,2016-11-22 01:28:00,1.33976,1.33979,1.33981,1.33971,1.34004,1.34002,1.34005,1.33996,53
2016-11-22 01:28:00,2016-11-22 01:29:00,1.33979,1.3398,1.33988,1.33976,1.34002,1.34003,1.34009,1.34,129
2016-11-22 01:29:00,2016-11-22 01:30:00,1.3398,1.33978,1.33988,1.33975,1.34003,1.34005,1.34011,1.33999,150
2016-11-22 01:30:00,2016-11-22 01:31:00,1.33978,1.33982,1.33993,1.33977,1.34005,1.34008,1.34016,1.34,207
2016-11-22 01:31:00,2016-11-22 01:32:00,1.33982,1.33992,1.33997,1.33983,1.34008,1.34018,1.34021,1.34008,118
2016-11-22 01:32:00,2016-11-22 01:33:00,1.33992,1.33989,1.33995,1.33985,1.34018,1.34012,1.34022,1.34009,124
2016-11-22 01:33:00,2016-11-22 01:34:00,1.33989,1.33981,1.33996,1.33974,1.34012,1.34,1.3402,1.33996,157
2016-11-22 01:34:00,2016-11-22 01:35:00,1.33981,1.33973,1.33981,1.33973,1.34,1.33996,1.34001,1.33995,77
2016-11-22 01:35:00,2016-11-22 01:36:00,1.33973,1.33975,1.33976,1.33973,1.33996,1.33996,1.33997,1.33992,38
2016-11-22 01:36:00,2016-11-22 01:37:00,1.33975,1.33974,1.33976,1.33965,1.33996,1.33996,1.33997,1.33986,126
2016-11-22 01:37:00,2016-11-22 01:38:00,1.33974,1.33977,1.33984,1.33972,1.33996,1.33998,1.34003,1.33996,91
2016-11-22 01:38:00,2016-11-22 01:39:00,1.33977,1.33982,1.33984,1.33977,1.33998,1.34003,1.34003,1.33998,40
2016-11-22 01:39:00,2016-11-22 01:40:00,1.33982,1.33982,1.33986,1.33978,1.34003,1.34003,1.34005,1.34001,36
2016-11-22 01:40:00,2016-11-22 01:41:00,1.33982,1.33983,1.33985,1.33976,1.34003,1.34005,1.34007,1.34,50
2016-11-22 01:41:00,2016-11-22 01:42:00,1.33983,1.33983,1.33989,1.33979,1.34005,1.34005,1.34007,1.34002,58
2016-11-22 01:42:00,2016-11-22 01:43:00,1.33983,1.33987,1.33989,1.33975,1.34005,1.34007,1.34009,1.33999,76
2016-11-22 01:43:00,2016-11-22 01:44:00,1.33987,1.33985,1.33995,1.33985,1.34007,1.34011,1.34022,1.34007,119
2016-11-22 01:44:00,2016-11-22 01:45:00,1.33985,1.33982,1.33985,1.33982,1.34011,1.34007,1.34011,1.34004,84
2016-11-22 01:45:00,2016-11-22 01:46:00,1.33982,1.33985,1.33985,1.33972,1.34007,1.34008,1.34008,1.33997,109
2016-11-22 01:46:00,2016-11-22 01:47:00,1.33985,1.33985,1.33997,1.33983,1.34008,1.34009,1.34019,1.34005,122
2016-11-22 01:47:00,2016-11-22 01:48:00,1.33985,1.3398,1.33989,1.33976,1.34009,1.34003,1.34011,1.33999,100
2016-11-22 01:48:00,2016-11-22 01:49:00,1.3398,1.33986,1.33989,1.3398,1.34003,1.34006,1.34013,1.34004,127
2016-11-22 01:49:00,2016-11-22 01:50:00,1.33986,1.33998,1.33998,1.33982,1.34006,1.3402,1.3402,1.34004,158
2016-11-22 01:50:00,2016-11-22 01:51:00,1.33998,1.34009,1.34016,1.33994,1.3402,1.34034,1.3404,1.34019,233
2016-11-22 01:51:00,2016-11-22 01:52:00,1.34009,1.34008,1.3402,1.33992,1.34034,1.3403,1.34044,1.34018,247
2016-11-22 01:52:00,2016-11-22 01:53:00,1.34008,1.34009,1.34019,1.33998,1.3403,1.34036,1.34042,1.34023,121
2016-11-22 01:53:00,2016-11-22 01:54:00,1.34009,1.34011,1.34011,1.34003,1.34036,1.34035,1.34038,1.34025,116
2016-11-22 01:54:00,2016-11-22 01:55:00,1.34011,1.34015,1.34022,1.34009,1.34035,1.34034,1.34049,1.34031,112
2016-11-22 01:55:00,2016-11-22 01:56:00,1.34015,1.34051,1.34056,1.3401,1.34034,1.34074,1.34086,1.34033,233
2016-11-22 01:56:00,2016-11-22 01:57:00,1.34051,1.34046,1.34059,1.34042,1.34074,1.34068,1.34082,1.34065,220
2016-11-22 01:57:00,2016-11-22 01:58:00,1.34046,1.34045,1.34057,1.34036,1.34068,1.34068,1.34082,1.34062,205
2016-11-22 01:58:00,2016-11-22 01:59:00,1.34045,1.34026,1.34045,1.34026,1.34068,1.34057,1.34069,1.34052,90
2016-11-22 01:59:00,2016-11-22 02:00:00,1.34026,1.34032,1.34039,1.34012,1.34057,1.34058,1.34065,1.34034,206
2016-11-22 02:00:00,2016-11-22 02:01:00,1.34032,1.34028,1.34044,1.34027,1.34058,1.34059,1.3407,1.34054,146
2016-11-22 02:01:00,2016-11-22 02:02:00,1.34028,1.34033,1.34044,1.34025,1.34059,1.34059,1.34071,1.34055,199
2016-11-22 02:02:00,2016-11-22 02:03:00,1.34033,1.34048,1.34054,1.34035,1.34059,1.34073,1.3408,1.3406,143
2016-11-22 02:03:00,2016-11-22 02:04:00,1.34048,1.34049,1.34053,1.34042,1.34073,1.34075,1.34079,1.34069,111
2016-11-22 02:04:00,2016-11-22 02:05:00,1.34049,1.34059,1.34062,1.34044,1.34075,1.34085,1.34087,1.34068,136
2016-11-22 02:05:00,2016-11-22 02:06:00,1.34059,1.34053,1.34062,1.34048,1.34085,1.34081,1.34089,1.34076,255
2016-11-22 02:06:00,2016-11-22 02:07:00,1.34053,1.34047,1.34065,1.3404,1.34081,1.3407,1.34091,1.34064,279
2016-11-22 02:07:00,2016-11-22 02:08:00,1.34047,1.34029,1.34047,1.34024,1.3407,1.34058,1.3407,1.34051,220
2016-11-22 02:08:00,2016-11-22 02:09:00,1.34029,1.34047,1.34048,1.34021,1.34058,1.34074,1.34077,1.34048,245
2016-11-22 02:09:00,2016-11-22 02:10:00,1.34047,1.34054,1.34054,1.34044,1.34074,1.34078,1.34081,1.3407,120
2016-11-22 02:10:00,2016-11-22 02:11:00,1.34054,1.34053,1.34054,1.34044,1.34078,1.34077,1.3408,1.34071,137
2016-11-22 02:11:00,2016-11-22 02:12:00,1.34053,1.34064,1.34067,1.34045,1.34077,1.34087,1.34091,1.34071,223
2016-11-22 02:12:00,2016-11-22 02:13:00,1.34064,1.34085,1.34089,1.34062,1.34087,1.34112,1.34117,1.34085,225
2016-11-22 02:13:00,2016-11-22 02:14:00,1.34085,1.3408,1.34088,1.34079,1.34112,1.34104,1.34117,1.34104,116
2016-11-22 02:14:00,2016-11-22 02:15:00,1.3408,1.34094,1.34109,1.3408,1.34104,1.34124,1.34133,1.34105,274
2016-11-22 02:15:00,2016-11-22 02:16:00,1.34094,1.34096,1.34104,1.34084,1.34124,1.34125,1.34134,1.34111,215
2016-11-22 02:16:00,2016-11-22 02:17:00,1.34096,1.34101,1.34102,1.34089,1.34125,1.34123,1.34131,1.34115,181
2016-11-22 02:17:00,2016-11-22 02:18:00,1.34101,1.34089,1.34101,1.34082,1.34123,1.34119,1.34127,1.34107,186
2016-11-22 02:18:00,2016-11-22 02:19:00,1.34089,1.341,1.341,1.34084,1.34119,1.3413,1.3413,1.34114,212
2016-11-22 02:19:00,2016-11-22 02:20:00,1.341,1.34099,1.34104,1.34093,1.3413,1.34128,1.34132,1.34122,66
2016-11-22 02:20:00,2016-11-22 02:21:00,1.34099,1.34109,1.34114,1.34095,1.34128,1.34137,1.34142,1.34123,147
2016-11-22 02:21:00,2016-11-22 02:22:00,1.34109,1.34116,1.34118,1.34103,1.34137,1.34147,1.34147,1.34133,148
2016-11-22 02:22:00,2016-11-22 02:23:00,1.34116,1.34132,1.34141,1.34115,1.34147,1.34158,1.34166,1.34144,220
2016-11-22 02:23:00,2016-11-22 02:24:00,1.34132,1.34127,1.34138,1.34122,1.34158,1.34159,1.34165,1.34149,114
2016-11-22 02:24:00,2016-11-22 02:25:00,1.34127,1.34125,1.34129,1.34121,1.34159,1.3415,1.34158,1.34148,128
2016-11-22 02:25:00,2016-11-22 02:26:00,1.34125,1.34127,1.34133,1.34116,1.3415,1.34155,1.34157,1.34141,192
2016-11-22 02:26:00,2016-11-22 02:27:00,1.34127,1.34128,1.34138,1.3412,1.34155,1.34152,1.34165,1.34147,163
2016-11-22 02:27:00,2016-11-22 02:28:00,1.34128,1.3413,1.34141,1.34123,1.34152,1.34157,1.34169,1.34148,155
2016-11-22 02:28:00,2016-11-22 02:29:00,1.3413,1.34115,1.3413,1.3411,1.34157,1.34147,1.34158,1.34135,170
2016-11-22 02:29:00,2016-11-22 02:30:00,1.34115,1.34108,1.34115,1.34101,1.34147,1.34139,1.34146,1.34131,242
2016-11-22 02:30:00,2016-11-22 02:31:00,1.34108,1.34114,1.34114,1.34106,1.34139,1.34142,1.34143,1.34134,119
2016-11-22 02:31:00,2016-11-22 02:32:00,1.34114,1.34122,1.34132,1.34112,1.34142,1.34147,1.34159,1.34141,234
2016-11-22 02:32:00,2016-11-22 02:33:00,1.34122,1.34108,1.34123,1.34107,1.34147,1.34136,1.34148,1.34135,84
2016-11-22 02:33:00,2016-11-22 02:34:00,1.34108,1.34101,1.34115,1.341,1.34136,1.34126,1.34143,1.34126,192
2016-11-22 02:34:00,2016-11-22 02:35:00,1.34101,1.34094,1.34107,1.34092,1.34126,1.34121,1.3413,1.34118,109
2016-11-22 02:35:00,2016-11-22 02:36:00,1.34094,1.34078,1.34098,1.34076,1.34121,1.34103,1.34125,1.34101,153
2016-11-22 02:36:00,2016-11-22 02:37:00,1.34078,1.34063,1.3408,1.34053,1.34103,1.34083,1.34103,1.3408,85
2016-11-22 02:37:00,2016-11-22 02:38:00,1.34063,1.34056,1.34063,1.34053,1.34083,1.34081,1.34085,1.34079,34
2016-11-22 02:38:00,2016-11-22 02:39:00,1.34056,1.34043,1.34063,1.34041,1.34081,1.34069,1.34087,1.34064,152
2016-11-22 02:39:00,2016-11-22 02:40:00,1.34043,1.34048,1.3405,1.34037,1.34069,1.34076,1.34076,1.34063,95
2016-11-22 02:40:00,2016-11-22 02:41:00,1.34048,1.34024,1.34052,1.34023,1.34076,1.34048,1.34077,1.34048,135
2016-11-22 02:41:00,2016-11-22 02:42:00,1.34024,1.34042,1.34042,1.34022,1.34048,1.34067,1.34068,1.34047,106
2016-11-22 02:42:00,2016-11-22 02:43:00,1.34042,1.34012,1.34042,1.3401,1.34067,1.34041,1.34067,1.34034,110
2016-11-22 02:43:00,2016-11-22 02:44:00,1.34012,1.34023,1.34023,1.34013,1.34041,1.34046,1.34048,1.34041,33
2016-11-22 02:44:00,2016-11-22 02:45:00,1.34023,1.34025,1.3403,1.34019,1.34046,1.34055,1.34056,1.34046,82
2016-11-22 02:45:00,2016-11-22 02:46:00,1.34025,1.34035,1.34036,1.3402,1.34055,1.3406,1.34061,1.34051,176
2016-11-22 02:46:00,2016-11-22 02:47:00,1.34035,1.34024,1.34036,1.34019,1.3406,1.3405,1.3406,1.34048,113
2016-11-22 02:47:00,2016-11-22 02:48:00,1.34024,1.34015,1.34024,1.34014,1.3405,1.34038,1.34049,1.34038,45
2016-11-22 02:48:00,2016-11-22 02:49:00,1.34015,1.3401,1.3402,1.34005,1.34038,1.34035,1.34043,1.34027,221
2016-11-22 02:49:00,2016-11-22 02:50:00,1.3401,1.34017,1.34019,1.34006,1.34035,1.3404,1.34043,1.3403,124
2016-11-22 02:50:00,2016-11-22 02:51:00,1.34017,1.34018,1.34024,1.34015,1.3404,1.34044,1.34047,1.34039,123
2016-11-22 02:51:00,2016-11-22 02:52:00,1.34018,1.34014,1.34025,1.3401,1.34044,1.34038,1.34049,1.34033,157
2016-11-22 02:52:00,2016-11-22 02:53:00,1.34014,1.34027,1.34035,1.34012,1.34038,1.34049,1.34059,1.34038,202
2016-11-22 02:53:00,2016-11-22 02:54:00,1.34027,1.34021,1.34035,1.34021,1.34049,1.3405,1.34058,1.34049,226
2016-11-22 02:54:00,2016-11-22 02:55:00,1.34021,1.34024,1.34027,1.34021,1.3405,1.3405,1.34052,1.34049,83
2016-11-22 02:55:00,2016-11-22 02:56:00,1.34024,1.34035,1.34035,1.34023,1.3405,1.34059,1.3406,1.3405,315
2016-11-22 02:56:00,2016-11-22 02:57:00,1.34035,1.34015,1.34035,1.34013,1.34059,1.34045,1.3406,1.34045,233
2016-11-22 02:57:00,2016-11-22 02:58:00,1.34015,1.34013,1.34024,1.34012,1.34045,1.34043,1.34049,1.34043,166
2016-11-22 02:58:00,2016-11-22 02:59:00,1.34013,1.34036,1.3404,1.34006,1.34043,1.34061,1.34064,1.34034,328
2016-11-22 02:59:00,2016-11-22 03:00:00,1.34036,1.34035,1.34046,1.3403,1.34061,1.34065,1.34068,1.3406,268
2016-11-22 03:00:00,2016-11-22 03:01:00,1.34035,1.34052,1.34052,1.34031,1.34065,1.34077,1.34078,1.3406,211
2016-11-22 03:01:00,2016-11-22 03:02:00,1.34052,1.34049,1.34054,1.34038,1.34077,1.34075,1.3408,1.34068,147
2016-11-22 03:02:00,2016-11-22 03:03:00,1.34049,1.3404,1.34049,1.34039,1.34075,1.3407,1.34074,1.34069,113
2016-11-22 03:03:00,2016-11-22 03:04:00,1.3404,1.34046,1.3405,1.34039,1.3407,1.34071,1.34076,1.34069,148
2016-11-22 03:04:00,2016-11-22 03:05:00,1.34046,1.34032,1.34046,1.34026,1.34071,1.34062,1.34072,1.34055,92
2016-11-22 03:05:00,2016-11-22 03:06:00,1.34032,1.3402,1.34035,1.34015,1.34062,1.34046,1.34066,1.34045,213
2016-11-22 03:06:00,2016-11-22 03:07:00,1.3402,1.34011,1.3402,1.34007,1.34046,1.34037,1.34046,1.34035,132
2016-11-22 03:07:00,2016-11-22 03:08:00,1.34011,1.34029,1.34036,1.34011,1.34037,1.34059,1.34063,1.34037,182
2016-11-22 03:08:00,2016-11-22 03:09:00,1.34029,1.34029,1.34032,1.34024,1.34059,1.34055,1.34062,1.34051,135
2016-11-22 03:09:00,2016-11-22 03:10:00,1.34029,1.34029,1.34035,1.3402,1.34055,1.3406,1.34061,1.34051,75
2016-11-22 03:10:00,2016-11-22 03:11:00,1.34029,1.3402,1.34031,1.3402,1.3406,1.34051,1.3406,1.34051,49
2016-11-22 03:11:00,2016-11-22 03:12:00,1.3402,1.34013,1.34022,1.34011,1.34051,1.34044,1.3405,1.34042,90
2016-11-22 03:12:00,2016-11-22 03:13:00,1.34013,1.34013,1.34018,1.3401,1.34044,1.34042,1.34046,1.34039,85
2016-11-22 03:13:00,2016-11-22 03:14:00,1.34013,1.34016,1.34026,1.34013,1.34042,1.34045,1.34051,1.34043,89
2016-11-22 03:14:00,2016-11-22 03:15:00,1.34016,1.34022,1.34031,1.34007,1.34045,1.34053,1.34057,1.34033,248
2016-11-22 03:15:00,2016-11-22 03:16:00,1.34022,1.34021,1.34024,1.34021,1.34053,1.34052,1.34055,1.34051,71
2016-11-22 03:16:00,2016-11-22 03:17:00,1.34021,1.3402,1.34026,1.34012,1.34052,1.34051,1.34053,1.34041,101
2016-11-22 03:17:00,2016-11-22 03:18:00,1.3402,1.3402,1.34024,1.34016,1.34051,1.34046,1.34052,1.34043,127
2016-11-22 03:18:00,2016-11-22 03:19:00,1.3402,1.3403,1.34043,1.3402,1.34046,1.34061,1.34069,1.34046,256
2016-11-22 03:19:00,2016-11-22 03:20:00,1.3403,1.34039,1.34057,1.34026,1.34061,1.34064,1.34083,1.34057,359
2016-11-22 03:20:00,2016-11-22 03:21:00,1.34039,1.34042,1.34043,1.34029,1.34064,1.34068,1.34071,1.34054,160
2016-11-22 03:21:00,2016-11-22 03:22:00,1.34042,1.34042,1.34044,1.34027,1.34068,1.34068,1.34069,1.34052,163
2016-11-22 03:22:00,2016-11-22 03:23:00,1.34042,1.34032,1.34042,1.3403,1.34068,1.34061,1.34069,1.34058,92
2016-11-22 03:23:00,2016-11-22 03:24:00,1.34032,1.34035,1.34053,1.34031,1.34061,1.34062,1.34078,1.3406,219
2016-11-22 03:24:00,2016-11-22 03:25:00,1.34035,1.34027,1.34035,1.34023,1.34062,1.34052,1.34062,1.34051,99
2016-11-22 03:25:00,2016-11-22 03:26:00,1.34027,1.34036,1.34049,1.34015,1.34052,1.34064,1.34075,1.34044,214
2016-11-22 03:26:00,2016-11-22 03:27:00,1.34036,1.34021,1.34044,1.34012,1.34064,1.34044,1.34072,1.34037,314
2016-11-22 03:27:00,2016-11-22 03:28:00,1.34021,1.34016,1.34037,1.34006,1.34044,1.3404,1.34061,1.3403,169
2016-11-22 03:28:00,2016-11-22 03:29:00,1.34016,1.34004,1.34017,1.34003,1.3404,1.34024,1.34041,1.34023,73
2016-11-22 03:29:00,2016-11-22 03:30:00,1.34004,1.34012,1.34019,1.34004,1.34024,1.34032,1.34039,1.34026,167
2016-11-22 03:30:00,2016-11-22 03:31:00,1.34012,1.34004,1.34016,1.34003,1.34032,1.34027,1.34036,1.34026,57
2016-11-22 03:31:00,2016-11-22 03:32:00,1.34004,1.34003,1.34007,1.34003,1.34027,1.34027,1.34029,1.34025,33
2016-11-22 03:32:00,2016-11-22 03:33:00,1.34003,1.34004,1.34007,1.34003,1.34027,1.34027,1.34027,1.34023,36
2016-11-22 03:33:00,2016-11-22 03:34:00,1.34004,1.34,1.34013,1.33991,1.34027,1.34019,1.34034,1.34016,103
2016-11-22 03:34:00,2016-11-22 03:35:00,1.34,1.34002,1.34009,1.33996,1.34019,1.34025,1.34029,1.34017,58
2016-11-22 03:35:00,2016-11-22 03:36:00,1.34002,1.33994,1.34004,1.33985,1.34025,1.34014,1.34025,1.34006,178
2016-11-22 03:36:00,2016-11-22 03:37:00,1.33994,1.33981,1.33994,1.33977,1.34014,1.34002,1.34015,1.34,67
2016-11-22 03:37:00,2016-11-22 03:38:00,1.33981,1.33968,1.33981,1.33965,1.34002,1.33991,1.34003,1.33988,113
2016-11-22 03:38:00,2016-11-22 03:39:00,1.33968,1.33969,1.33975,1.33967,1.33991,1.33991,1.33997,1.33989,128
2016-11-22 03:39:00,2016-11-22 03:40:00,1.33969,1.33967,1.33971,1.33965,1.33991,1.33991,1.33994,1.33987,135
2016-11-22 03:40:00,2016-11-22 03:41:00,1.33967,1.33952,1.33968,1.33945,1.33991,1.33975,1.33992,1.3397,121
2016-11-22 03:41:00,2016-11-22 03:42:00,1.33952,1.33966,1.33969,1.33952,1.33975,1.33987,1.33989,1.33977,91
2016-11-22 03:42:00,2016-11-22 03:43:00,1.33966,1.33984,1.33984,1.33963,1.33987,1.34008,1.34008,1.33986,116
2016-11-22 03:43:00,2016-11-22 03:44:00,1.33984,1.33987,1.33997,1.33984,1.34008,1.3401,1.34018,1.34007,66
2016-11-22 03:44:00,2016-11-22 03:45:00,1.33987,1.33995,1.33995,1.33977,1.3401,1.34019,1.3402,1.34003,78
2016-11-22 03:45:00,2016-11-22 03:46:00,1.33995,1.34024,1.34027,1.33995,1.34019,1.34046,1.34049,1.34018,91
2016-11-22 03:46:00,2016-11-22 03:47:00,1.34024,1.34021,1.34025,1.34017,1.34046,1.34042,1.34048,1.34039,115
2016-11-22 03:47:00,2016-11-22 03:48:00,1.34021,1.34025,1.34031,1.34019,1.34042,1.34049,1.34057,1.34041,114
2016-11-22 03:48:00,2016-11-22 03:49:00,1.34025,1.34038,1.3404,1.34022,1.34049,1.3406,1.34063,1.34044,97
2016-11-22 03:49:00,2016-11-22 03:50:00,1.34038,1.34021,1.34042,1.34008,1.3406,1.34046,1.34062,1.34033,221
2016-11-22 03:50:00,2016-11-22 03:51:00,1.34021,1.34015,1.34021,1.34011,1.34046,1.3404,1.34047,1.34036,59
2016-11-22 03:51:00,2016-11-22 03:52:00,1.34015,1.34003,1.34022,1.33997,1.3404,1.34028,1.34047,1.34023,113
2016-11-22 03:52:00,2016-11-22 03:53:00,1.34003,1.34002,1.34004,1.33999,1.34028,1.34028,1.3403,1.34027,46
2016-11-22 03:53:00,2016-11-22 03:54:00,1.34002,1.34027,1.34029,1.33999,1.34028,1.3405,1.3405,1.34027,73
2016-11-22 03:54:00,2016-11-22 03:55:00,1.34027,1.3404,1.34051,1.34011,1.3405,1.34067,1.34072,1.34033,243
2016-11-22 03:55:00,2016-11-22 03:56:00,1.3404,1.3404,1.34041,1.34034,1.34067,1.34066,1.34066,1.34052,74
2016-11-22 03:56:00,2016-11-22 03:57:00,1.3404,1.34039,1.3404,1.34034,1.34066,1.34066,1.34067,1.34056,35
2016-11-22 03:57:00,2016-11-22 03:58:00,1.34039,1.34038,1.34044,1.34036,1.34066,1.34063,1.34069,1.34063,31
2016-11-22 03:58:00,2016-11-22 03:59:00,1.34038,1.3403,1.34045,1.34025,1.34063,1.34055,1.34069,1.34054,135
2016-11-22 03:59:00,2016-11-22 04:00:00,1.3403,1.34029,1.34038,1.34024,1.34055,1.34054,1.34062,1.34053,146
2016-11-22 04:00:00,2016-11-22 04:01:00,1.34029,1.34029,1.34029,1.34017,1.34054,1.34053,1.34054,1.34043,67
2016-11-22 04:01:00,2016-11-22 04:02:00,1.34029,1.3403,1.34038,1.34024,1.34053,1.34055,1.3406,1.34053,84
2016-11-22 04:02:00,2016-11-22 04:03:00,1.3403,1.34033,1.34035,1.34025,1.34055,1.34058,1.34059,1.34053,28
2016-11-22 04:03:00,2016-11-22 04:04:00,1.34033,1.34026,1.34037,1.34024,1.34058,1.3405,1.3406,1.34049,150
2016-11-22 04:04:00,2016-11-22 04:05:00,1.34026,1.34028,1.34029,1.34026,1.3405,1.34051,1.34053,1.34051,24
2016-11-22 04:05:00,2016-11-22 04:06:00,1.34028,1.34037,1.3404,1.34027,1.34051,1.3406,1.34067,1.34051,64
2016-11-22 04:06:00,2016-11-22 04:07:00,1.34037,1.34038,1.3404,1.34035,1.3406,1.34065,1.34067,1.34057,38
2016-11-22 04:07:00,2016-11-22 04:08:00,1.34038,1.3404,1.3404,1.34038,1.34065,1.34065,1.34067,1.34065,6
2016-11-22 04:08:00,2016-11-22 04:09:00,1.3404,1.34053,1.34056,1.3404,1.34065,1.34078,1.3408,1.34066,97
2016-11-22 04:09:00,2016-11-22 04:10:00,1.34053,1.34056,1.34056,1.34047,1.34078,1.34079,1.3408,1.3407,72
2016-11-22 04:10:00,2016-11-22 04:11:00,1.34056,1.34055,1.34057,1.3405,1.34079,1.34078,1.34079,1.34075,59
2016-11-22 04:11:00,2016-11-22 04:12:00,1.34055,1.34064,1.34066,1.34055,1.34078,1.34089,1.34091,1.34078,105
2016-11-22 04:12:00,2016-11-22 04:13:00,1.34064,1.34063,1.34064,1.34061,1.34089,1.34088,1.34089,1.34082,71
2016-11-22 04:13:00,2016-11-22 04:14:00,1.34063,1.34076,1.34076,1.34063,1.34088,1.34098,1.34102,1.34086,99
2016-11-22 04:14:00,2016-11-22 04:15:00,1.34076,1.34067,1.34076,1.34067,1.34098,1.34087,1.34101,1.34087,55
2016-11-22 04:15:00,2016-11-22 04:16:00,1.34067,1.3406,1.34072,1.34059,1.34087,1.34085,1.34093,1.34083,122
2016-11-22 04:16:00,2016-11-22 04:17:00,1.3406,1.34074,1.34074,1.3406,1.34085,1.34098,1.34099,1.34086,122
2016-11-22 04:17:00,2016-11-22 04:18:00,1.34074,1.34072,1.34074,1.34066,1.34098,1.341,1.34101,1.34094,60
2016-11-22 04:18:00,2016-11-22 04:19:00,1.34072,1.34067,1.34074,1.34061,1.341,1.34093,1.34101,1.34085,92
2016-11-22 04:19:00,2016-11-22 04:20:00,1.34067,1.34073,1.34077,1.34067,1.34093,1.34097,1.34101,1.34092,55
2016-11-22 04:20:00,2016-11-22 04:21:00,1.34073,1.3407,1.34084,1.34068,1.34097,1.34094,1.34105,1.34093,177
2016-11-22 04:21:00,2016-11-22 04:22:00,1.3407,1.3407,1.34077,1.34067,1.34094,1.34095,1.34104,1.34092,75
2016-11-22 04:22:00,2016-11-22 04:23:00,1.3407,1.34068,1.34073,1.34063,1.34095,1.34094,1.34097,1.34086,127
2016-11-22 04:23:00,2016-11-22 04:24:00,1.34068,1.3407,1.34072,1.34068,1.34094,1.34094,1.34098,1.34093,54
2016-11-22 04:24:00,2016-11-22 04:25:00,1.3407,1.34072,1.34072,1.34061,1.34094,1.34095,1.34098,1.34086,93
2016-11-22 04:25:00,2016-11-22 04:26:00,1.34072,1.34074,1.34079,1.34068,1.34095,1.34098,1.34101,1.34094,71
2016-11-22 04:26:00,2016-11-22 04:27:00,1.34074,1.34074,1.34074,1.34068,1.34098,1.34098,1.34099,1.34095,56
2016-11-22 04:27:00,2016-11-22 04:28:00,1.34074,1.34072,1.3408,1.34063,1.34098,1.34099,1.34105,1.34087,114
2016-11-22 04:28:00,2016-11-22 04:29:00,1.34072,1.34066,1.34074,1.34051,1.34099,1.34092,1.341,1.34079,158
2016-11-22 04:29:00,2016-11-22 04:30:00,1.34066,1.34069,1.34072,1.34062,1.34092,1.34095,1.34097,1.34089,159
2016-11-22 04:30:00,2016-11-22 04:31:00,1.34069,1.34079,1.34081,1.34065,1.34095,1.34103,1.34105,1.34088,126
2016-11-22 04:31:00,2016-11-22 04:32:00,1.34079,1.3407,1.34086,1.34067,1.34103,1.34096,1.34107,1.34095,176
2016-11-22 04:32:00,2016-11-22 04:33:00,1.3407,1.34068,1.34072,1.34064,1.34096,1.34095,1.34098,1.34089,72
2016-11-22 04:33:00,2016-11-22 04:34:00,1.34068,1.34064,1.34073,1.34062,1.34095,1.34089,1.34099,1.34088,79
2016-11-22 04:34:00,2016-11-22 04:35:00,1.34064,1.34058,1.34069,1.34052,1.34089,1.34085,1.34095,1.34078,105
2016-11-22 04:35:00,2016-11-22 04:36:00,1.34058,1.34042,1.34059,1.34041,1.34085,1.34069,1.34085,1.34067,167
2016-11-22 04:36:00,2016-11-22 04:37:00,1.34042,1.34037,1.34042,1.34033,1.34069,1.34062,1.34068,1.3406,80
2016-11-22 04:37:00,2016-11-22 04:38:00,1.34037,1.34032,1.34037,1.3403,1.34062,1.34059,1.34063,1.34059,30
2016-11-22 04:38:00,2016-11-22 04:39:00,1.34032,1.34036,1.34042,1.34031,1.34059,1.34061,1.34069,1.3406,122
2016-11-22 04:39:00,2016-11-22 04:40:00,1.34036,1.34034,1.34039,1.34032,1.34061,1.3406,1.34064,1.34057,59
2016-11-22 04:40:00,2016-11-22 04:41:00,1.34034,1.34032,1.34037,1.3403,1.3406,1.3406,1.34063,1.34058,81
2016-11-22 04:41:00,2016-11-22 04:42:00,1.34032,1.34036,1.3404,1.34031,1.3406,1.34063,1.34067,1.3406,26
2016-11-22 04:42:00,2016-11-22 04:43:00,1.34036,1.34035,1.34036,1.34033,1.34063,1.34064,1.34066,1.34061,25
2016-11-22 04:43:00,2016-11-22 04:44:00,1.34035,1.34026,1.34036,1.34026,1.34064,1.34054,1.34066,1.34053,157
2016-11-22 04:44:00,2016-11-22 04:45:00,1.34026,1.34033,1.34036,1.34025,1.34054,1.34059,1.34065,1.34053,114
2016-11-22 04:45:00,2016-11-22 04:46:00,1.34033,1.34033,1.34036,1.34029,1.34059,1.34063,1.34065,1.34059,111
2016-11-22 04:46:00,2016-11-22 04:47:00,1.34033,1.34033,1.34035,1.34029,1.34063,1.34061,1.34064,1.3406,139
2016-11-22 04:47:00,2016-11-22 04:48:00,1.34033,1.34033,1.34033,1.34027,1.34061,1.34063,1.34063,1.34055,107
2016-11-22 04:48:00,2016-11-22 04:49:00,1.34033,1.34043,1.34045,1.34032,1.34063,1.34069,1.34071,1.3406,151
2016-11-22 04:49:00,2016-11-22 04:50:00,1.34043,1.3405,1.34054,1.34041,1.34069,1.34077,1.34082,1.34069,259
2016-11-22 04:50:00,2016-11-22 04:51:00,1.3405,1.34043,1.34052,1.3404,1.34077,1.34072,1.34078,1.34069,87
2016-11-22 04:51:00,2016-11-22 04:52:00,1.34043,1.34036,1.34044,1.34034,1.34072,1.34063,1.34072,1.34058,140
2016-11-22 04:52:00,2016-11-22 04:53:00,1.34036,1.34044,1.34044,1.34034,1.34063,1.34069,1.34072,1.3406,100
2016-11-22 04:53:00,2016-11-22 04:54:00,1.34044,1.34044,1.3406,1.34041,1.34069,1.34072,1.34087,1.34069,214
2016-11-22 04:54:00,2016-11-22 04:55:00,1.34044,1.34043,1.34053,1.34039,1.34072,1.3407,1.3408,1.34065,206
2016-11-22 04:55:00,2016-11-22 04:56:00,1.34043,1.34044,1.34047,1.34035,1.3407,1.34073,1.34074,1.3406,98
2016-11-22 04:56:00,2016-11-22 04:57:00,1.34044,1.34044,1.3405,1.34044,1.34073,1.34071,1.34074,1.34068,59
2016-11-22 04:57:00,2016-11-22 04:58:00,1.34044,1.34042,1.34045,1.34039,1.34071,1.3407,1.34075,1.34066,114
2016-11-22 04:58:00,2016-11-22 04:59:00,1.34042,1.34034,1.34042,1.34031,1.3407,1.34061,1.34068,1.34058,99
2016-11-22 04:59:00,2016-11-22 05:00:00,1.34034,1.34024,1.34034,1.34024,1.34061,1.3405,1.34064,1.3405,91
2016-11-22 05:00:00,2016-11-22 05:01:00,1.34024,1.34022,1.34025,1.34019,1.3405,1.34052,1.34055,1.34047,152
2016-11-22 05:01:00,2016-11-22 05:02:00,1.34022,1.34023,1.34026,1.34013,1.34052,1.34052,1.34054,1.34041,203
2016-11-22 05:02:00,2016-11-22 05:03:00,1.34023,1.34022,1.34035,1.34019,1.34052,1.34049,1.34061,1.34047,131
2016-11-22 05:03:00,2016-11-22 05:04:00,1.34022,1.34019,1.34022,1.34012,1.34049,1.34043,1.34052,1.34041,51
2016-11-22 05:04:00,2016-11-22 05:05:00,1.34019,1.34009,1.34024,1.34004,1.34043,1.34034,1.34048,1.34028,160
2016-11-22 05:05:00,2016-11-22 05:06:00,1.34009,1.34012,1.34016,1.34006,1.34034,1.34041,1.34042,1.34031,77
2016-11-22 05:06:00,2016-11-22 05:07:00,1.34012,1.34017,1.34025,1.34012,1.34041,1.34047,1.34053,1.3404,123
2016-11-22 05:07:00,2016-11-22 05:08:00,1.34017,1.34016,1.34028,1.34009,1.34047,1.34042,1.34057,1.34036,136
2016-11-22 05:08:00,2016-11-22 05:09:00,1.34016,1.34012,1.34015,1.34008,1.34042,1.34041,1.34046,1.34035,106
2016-11-22 05:09:00,2016-11-22 05:10:00,1.34012,1.34006,1.3401,1.34005,1.34041,1.34032,1.34041,1.34031,83
2016-11-22 05:10:00,2016-11-22 05:11:00,1.34006,1.33984,1.34007,1.33984,1.34032,1.34009,1.34033,1.34009,227
2016-11-22 05:11:00,2016-11-22 05:12:00,1.33984,1.33996,1.33997,1.33983,1.34009,1.34025,1.34027,1.34008,154
2016-11-22 05:12:00,2016-11-22 05:13:00,1.33996,1.33997,1.33998,1.33995,1.34025,1.34027,1.34027,1.34023,34
2016-11-22 05:13:00,2016-11-22 05:14:00,1.33997,1.34015,1.34016,1.33997,1.34027,1.34044,1.34044,1.34025,264
2016-11-22 05:14:00,2016-11-22 05:15:00,1.34015,1.34016,1.34016,1.34014,1.34044,1.34044,1.34046,1.34044,30
2016-11-22 05:15:00,2016-11-22 05:16:00,1.34016,1.34013,1.34017,1.34006,1.34044,1.34038,1.34046,1.34031,196
2016-11-22 05:16:00,2016-11-22 05:17:00,1.34013,1.34025,1.34028,1.34012,1.34038,1.34053,1.34057,1.34042,227
2016-11-22 05:17:00,2016-11-22 05:18:00,1.34025,1.34011,1.3403,1.34009,1.34053,1.34036,1.34057,1.34034,358
2016-11-22 05:18:00,2016-11-22 05:19:00,1.34011,1.34016,1.34018,1.34006,1.34036,1.34045,1.34046,1.34034,198
2016-11-22 05:19:00,2016-11-22 05:20:00,1.34016,1.34017,1.34019,1.34008,1.34045,1.34046,1.34047,1.34035,271
2016-11-22 05:20:00,2016-11-22 05:21:00,1.34017,1.34027,1.34029,1.34016,1.34046,1.34056,1.34057,1.34045,105
2016-11-22 05:21:00,2016-11-22 05:22:00,1.34027,1.34027,1.34028,1.34023,1.34056,1.34054,1.34057,1.34047,135
2016-11-22 05:22:00,2016-11-22 05:23:00,1.34027,1.34028,1.34029,1.34016,1.34054,1.34057,1.34057,1.34044,221
2016-11-22 05:23:00,2016-11-22 05:24:00,1.34028,1.34027,1.34034,1.34025,1.34057,1.34055,1.34058,1.3405,146
2016-11-22 05:24:00,2016-11-22 05:25:00,1.34027,1.34034,1.34041,1.34025,1.34055,1.34056,1.34065,1.34054,195
2016-11-22 05:25:00,2016-11-22 05:26:00,1.34034,1.34027,1.34035,1.34026,1.34056,1.34055,1.34061,1.34052,130
2016-11-22 05:26:00,2016-11-22 05:27:00,1.34027,1.34038,1.3404,1.34025,1.34055,1.34062,1.34063,1.34053,149
2016-11-22 05:27:00,2016-11-22 05:28:00,1.34038,1.3404,1.3404,1.34038,1.34062,1.34063,1.34063,1.3406,119
2016-11-22 05:28:00,2016-11-22 05:29:00,1.3404,1.34038,1.34042,1.34035,1.34063,1.34061,1.34068,1.34059,134
2016-11-22 05:29:00,2016-11-22 05:30:00,1.34038,1.34031,1.3404,1.34013,1.34061,1.34054,1.34063,1.34035,222
2016-11-22 05:30:00,2016-11-22 05:31:00,1.34031,1.34045,1.34054,1.34028,1.34054,1.34069,1.34077,1.3405,159
2016-11-22 05:31:00,2016-11-22 05:32:00,1.34045,1.34032,1.34046,1.34031,1.34069,1.34053,1.34069,1.34051,139
2016-11-22 05:32:00,2016-11-22 05:33:00,1.34032,1.34026,1.34031,1.34024,1.34053,1.34047,1.34053,1.34046,139
2016-11-22 05:33:00,2016-11-22 05:34:00,1.34026,1.34031,1.34032,1.34024,1.34047,1.34053,1.34053,1.34044,82
2016-11-22 05:34:00,2016-11-22 05:35:00,1.34031,1.34035,1.34036,1.34031,1.34053,1.34058,1.3406,1.34053,74
2016-11-22 05:35:00,2016-11-22 05:36:00,1.34035,1.34052,1.34052,1.34034,1.34058,1.34078,1.34078,1.34058,180
2016-11-22 05:36:00,2016-11-22 05:37:00,1.34052,1.34041,1.34052,1.3404,1.34078,1.34071,1.34079,1.34068,130
2016-11-22 05:37:00,2016-11-22 05:38:00,1.34041,1.34037,1.34045,1.34036,1.34071,1.34061,1.34074,1.3406,98
2016-11-22 05:38:00,2016-11-22 05:39:00,1.34037,1.34031,1.34038,1.34028,1.34061,1.34055,1.34062,1.34051,129
2016-11-22 05:39:00,2016-11-22 05:40:00,1.34031,1.34033,1.34042,1.3403,1.34055,1.34055,1.34065,1.34054,93
2016-11-22 05:40:00,2016-11-22 05:41:00,1.34033,1.34031,1.34035,1.34027,1.34055,1.34055,1.34056,1.3405,69
2016-11-22 05:41:00,2016-11-22 05:42:00,1.34031,1.34028,1.34035,1.34024,1.34055,1.34052,1.34056,1.34048,166
2016-11-22 05:42:00,2016-11-22 05:43:00,1.34028,1.34026,1.3403,1.34022,1.34052,1.34049,1.34053,1.34046,160
2016-11-22 05:43:00,2016-11-22 05:44:00,1.34026,1.34025,1.34031,1.34022,1.34049,1.34047,1.34054,1.34046,242
2016-11-22 05:44:00,2016-11-22 05:45:00,1.34025,1.34029,1.34032,1.34024,1.34047,1.34052,1.34055,1.34047,144
2016-11-22 05:45:00,2016-11-22 05:46:00,1.34029,1.34025,1.34031,1.34023,1.34052,1.34048,1.34055,1.34047,134
2016-11-22 05:46:00,2016-11-22 05:47:00,1.34025,1.34019,1.34025,1.34012,1.34048,1.34043,1.34047,1.34034,185
2016-11-22 05:47:00,2016-11-22 05:48:00,1.34019,1.34017,1.34025,1.34017,1.34043,1.34041,1.34048,1.3404,185
2016-11-22 05:48:00,2016-11-22 05:49:00,1.34017,1.34022,1.34023,1.34015,1.34041,1.34045,1.34045,1.34037,184
2016-11-22 05:49:00,2016-11-22 05:50:00,1.34022,1.34033,1.34033,1.34021,1.34045,1.34056,1.34056,1.34045,96
2016-11-22 05:50:00,2016-11-22 05:51:00,1.34033,1.34056,1.34057,1.34032,1.34056,1.34083,1.34083,1.34055,164
2016-11-22 05:51:00,2016-11-22 05:52:00,1.34056,1.34057,1.3406,1.34055,1.34083,1.3408,1.34085,1.3408,129
2016-11-22 05:52:00,2016-11-22 05:53:00,1.34057,1.34043,1.34058,1.34039,1.3408,1.34071,1.34082,1.34067,261
2016-11-22 05:53:00,2016-11-22 05:54:00,1.34043,1.34048,1.34053,1.34039,1.34071,1.34072,1.34078,1.34067,147
2016-11-22 05:54:00,2016-11-22 05:55:00,1.34048,1.34053,1.34054,1.34042,1.34072,1.34077,1.34078,1.3407,129
2016-11-22 05:55:00,2016-11-22 05:56:00,1.34053,1.34043,1.34055,1.34041,1.34077,1.34071,1.34079,1.3407,99
2016-11-22 05:56:00,2016-11-22 05:57:00,1.34043,1.34043,1.34044,1.34038,1.34071,1.34072,1.34073,1.34068,73
2016-11-22 05:57:00,2016-11-22 05:58:00,1.34043,1.34069,1.34073,1.34041,1.34072,1.34098,1.34098,1.34071,141
2016-11-22 05:58:00,2016-11-22 05:59:00,1.34069,1.34067,1.34074,1.34062,1.34098,1.34096,1.34101,1.34086,150
2016-11-22 05:59:00,2016-11-22 06:00:00,1.34067,1.34067,1.3408,1.34062,1.34096,1.34098,1.34104,1.34086,328
2016-11-22 06:00:00,2016-11-22 06:01:00,1.34067,1.3408,1.3408,1.34069,1.34098,1.34104,1.34104,1.34096,150
2016-11-22 06:01:00,2016-11-22 06:02:00,1.3408,1.34093,1.34102,1.3408,1.34104,1.34121,1.34128,1.34104,103
2016-11-22 06:02:00,2016-11-22 06:03:00,1.34093,1.34084,1.34102,1.34081,1.34121,1.34114,1.34126,1.34107,106
2016-11-22 06:03:00,2016-11-22 06:04:00,1.34084,1.34088,1.34093,1.34083,1.34114,1.34118,1.34119,1.34113,121
2016-11-22 06:04:00,2016-11-22 06:05:00,1.34088,1.34085,1.34096,1.34081,1.34118,1.34115,1.3412,1.34109,71
2016-11-22 06:05:00,2016-11-22 06:06:00,1.34085,1.34091,1.34097,1.34086,1.34115,1.34119,1.34123,1.34114,71
2016-11-22 06:06:00,2016-11-22 06:07:00,1.34091,1.34079,1.34098,1.34077,1.34119,1.34108,1.34123,1.34104,90
2016-11-22 06:07:00,2016-11-22 06:08:00,1.34079,1.34078,1.34081,1.34076,1.34108,1.34106,1.34108,1.34104,39
2016-11-22 06:08:00,2016-11-22 06:09:00,1.34078,1.34071,1.34078,1.34071,1.34106,1.34095,1.34107,1.34095,58
2016-11-22 06:09:00,2016-11-22 06:10:00,1.34071,1.34078,1.34078,1.34067,1.34095,1.34109,1.34109,1.34094,137
2016-11-22 06:10:00,2016-11-22 06:11:00,1.34078,1.34079,1.3408,1.34069,1.34109,1.34108,1.3411,1.34094,103
2016-11-22 06:11:00,2016-11-22 06:12:00,1.34079,1.34094,1.34097,1.34077,1.34108,1.34122,1.34122,1.34104,134
2016-11-22 06:12:00,2016-11-22 06:13:00,1.34094,1.34095,1.34095,1.34086,1.34122,1.34118,1.34121,1.34114,54
2016-11-22 06:13:00,2016-11-22 06:14:00,1.34095,1.34107,1.34107,1.34082,1.34118,1.34136,1.34137,1.3411,224
2016-11-22 06:14:00,2016-11-22 06:15:00,1.34107,1.34104,1.3411,1.34101,1.34136,1.34132,1.34138,1.34125,130
2016-11-22 06:15:00,2016-11-22 06:16:00,1.34104,1.34113,1.34114,1.34101,1.34132,1.3414,1.3414,1.34127,130
2016-11-22 06:16:00,2016-11-22 06:17:00,1.34113,1.34104,1.34115,1.34102,1.3414,1.34134,1.3414,1.34129,211
2016-11-22 06:17:00,2016-11-22 06:18:00,1.34104,1.34109,1.34116,1.34103,1.34134,1.34136,1.3414,1.34131,87
2016-11-22 06:18:00,2016-11-22 06:19:00,1.34109,1.34114,1.34116,1.34103,1.34136,1.34136,1.34142,1.34131,164
2016-11-22 06:19:00,2016-11-22 06:20:00,1.34114,1.34117,1.34119,1.34113,1.34136,1.3414,1.34143,1.34136,45
2016-11-22 06:20:00,2016-11-22 06:21:00,1.34117,1.34104,1.34117,1.34103,1.3414,1.34133,1.34143,1.3413,131
2016-11-22 06:21:00,2016-11-22 06:22:00,1.34104,1.34144,1.34146,1.34104,1.34133,1.34167,1.34172,1.34132,237
2016-11-22 06:22:00,2016-11-22 06:23:00,1.34144,1.34153,1.34156,1.34138,1.34167,1.34173,1.34181,1.34164,277
2016-11-22 06:23:00,2016-11-22 06:24:00,1.34153,1.3416,1.3416,1.34143,1.34173,1.34181,1.34184,1.34166,171
2016-11-22 06:24:00,2016-11-22 06:25:00,1.3416,1.34168,1.34173,1.3416,1.34181,1.34192,1.34193,1.3418,150
2016-11-22 06:25:00,2016-11-22 06:26:00,1.34168,1.34165,1.34174,1.34161,1.34192,1.34185,1.34198,1.34181,198
2016-11-22 06:26:00,2016-11-22 06:27:00,1.34165,1.34158,1.34166,1.34155,1.34185,1.3418,1.34188,1.34178,106
2016-11-22 06:27:00,2016-11-22 06:28:00,1.34158,1.3415,1.34158,1.34144,1.3418,1.34174,1.3418,1.3417,79
2016-11-22 06:28:00,2016-11-22 06:29:00,1.3415,1.34155,1.34156,1.3415,1.34174,1.34175,1.34176,1.34173,39
2016-11-22 06:29:00,2016-11-22 06:30:00,1.34155,1.34155,1.34161,1.34152,1.34175,1.34179,1.34185,1.34172,153
2016-11-22 06:30:00,2016-11-22 06:31:00,1.34155,1.34159,1.34161,1.34152,1.34179,1.34182,1.34185,1.34177,111
2016-11-22 06:31:00,2016-11-22 06:32:00,1.34159,1.34165,1.34169,1.34159,1.34182,1.34189,1.34192,1.34182,107
2016-11-22 06:32:00,2016-11-22 06:33:00,1.34165,1.34177,1.34182,1.34161,1.34189,1.34195,1.34195,1.34183,107
2016-11-22 06:33:00,2016-11-22 06:34:00,1.34177,1.34195,1.34197,1.34175,1.34195,1.34219,1.3422,1.34195,318
2016-11-22 06:34:00,2016-11-22 06:35:00,1.34195,1.342,1.34206,1.34182,1.34219,1.34224,1.3423,1.34211,250
2016-11-22 06:35:00,2016-11-22 06:36:00,1.342,1.34207,1.34207,1.34197,1.34224,1.34231,1.34231,1.3422,126
2016-11-22 06:36:00,2016-11-22 06:37:00,1.34207,1.34218,1.34221,1.34201,1.34231,1.34243,1.34246,1.34225,298
2016-11-22 06:37:00,2016-11-22 06:38:00,1.34218,1.34209,1.34218,1.34205,1.34243,1.34233,1.34243,1.34229,247
2016-11-22 06:38:00,2016-11-22 06:39:00,1.34209,1.3422,1.34227,1.34203,1.34233,1.34244,1.34247,1.34226,285
2016-11-22 06:39:00,2016-11-22 06:40:00,1.3422,1.34228,1.34232,1.34219,1.34244,1.34252,1.34256,1.34243,307
2016-11-22 06:40:00,2016-11-22 06:41:00,1.34228,1.34234,1.34237,1.34228,1.34252,1.34264,1.34264,1.34251,235
2016-11-22 06:41:00,2016-11-22 06:42:00,1.34234,1.34234,1.34243,1.34233,1.34264,1.34259,1.34268,1.34255,290
2016-11-22 06:42:00,2016-11-22 06:43:00,1.34234,1.3425,1.34259,1.34234,1.34259,1.34275,1.34283,1.34256,369
2016-11-22 06:43:00,2016-11-22 06:44:00,1.3425,1.34239,1.34251,1.34238,1.34275,1.34263,1.34275,1.34261,228
2016-11-22 06:44:00,2016-11-22 06:45:00,1.34239,1.34235,1.34238,1.34224,1.34263,1.34257,1.34263,1.34249,206
2016-11-22 06:45:00,2016-11-22 06:46:00,1.34235,1.34229,1.34237,1.34227,1.34257,1.34254,1.34257,1.34253,127
2016-11-22 06:46:00,2016-11-22 06:47:00,1.34229,1.34236,1.34238,1.34229,1.34254,1.34255,1.34255,1.34254,97
2016-11-22 06:47:00,2016-11-22 06:48:00,1.34236,1.3423,1.34242,1.34229,1.34255,1.34255,1.34258,1.34253,166
2016-11-22 06:48:00,2016-11-22 06:49:00,1.3423,1.34234,1.34236,1.34228,1.34255,1.34255,1.34255,1.34255,71
2016-11-22 06:49:00,2016-11-22 06:50:00,1.34234,1.34218,1.34236,1.34217,1.34255,1.34243,1.34255,1.34243,128
2016-11-22 06:50:00,2016-11-22 06:51:00,1.34218,1.34204,1.34219,1.342,1.34243,1.34229,1.34245,1.34225,349
2016-11-22 06:51:00,2016-11-22 06:52:00,1.34204,1.342,1.34214,1.34199,1.34229,1.34225,1.34238,1.34224,219
2016-11-22 06:52:00,2016-11-22 06:53:00,1.342,1.34202,1.34205,1.342,1.34225,1.34229,1.34231,1.34224,139
2016-11-22 06:53:00,2016-11-22 06:54:00,1.34202,1.34222,1.34224,1.34202,1.34229,1.34244,1.34247,1.34228,160
2016-11-22 06:54:00,2016-11-22 06:55:00,1.34222,1.3422,1.3423,1.34216,1.34244,1.34245,1.34255,1.34241,370
2016-11-22 06:55:00,2016-11-22 06:56:00,1.3422,1.34221,1.34226,1.3422,1.34245,1.34245,1.34248,1.34245,146
2016-11-22 06:56:00,2016-11-22 06:57:00,1.34221,1.34213,1.34223,1.34212,1.34245,1.34241,1.34245,1.3424,199
2016-11-22 06:57:00,2016-11-22 06:58:00,1.34213,1.34218,1.34218,1.34204,1.34241,1.34243,1.34244,1.34231,239
2016-11-22 06:58:00,2016-11-22 06:59:00,1.34218,1.34214,1.34219,1.34212,1.34243,1.34242,1.34245,1.34239,195
2016-11-22 06:59:00,2016-11-22 07:00:00,1.34214,1.3422,1.34228,1.34213,1.34242,1.34243,1.34255,1.34242,168
2016-11-22 07:00:00,2016-11-22 07:01:00,1.3422,1.34204,1.34227,1.34203,1.34243,1.34232,1.34254,1.34231,295
2016-11-22 07:01:00,2016-11-22 07:02:00,1.34204,1.34201,1.34208,1.34194,1.34232,1.3423,1.34235,1.34215,283
2016-11-22 07:02:00,2016-11-22 07:03:00,1.34201,1.34202,1.34206,1.342,1.3423,1.34227,1.34232,1.34225,234
2016-11-22 07:03:00,2016-11-22 07:04:00,1.34202,1.34194,1.34203,1.34194,1.34227,1.34218,1.3423,1.34214,155
2016-11-22 07:04:00,2016-11-22 07:05:00,1.34194,1.34194,1.34196,1.34194,1.34218,1.34216,1.34223,1.34216,77
2016-11-22 07:05:00,2016-11-22 07:06:00,1.34194,1.34197,1.34202,1.34194,1.34216,1.34219,1.34225,1.34216,304
2016-11-22 07:06:00,2016-11-22 07:07:00,1.34197,1.34193,1.34197,1.34184,1.34219,1.34217,1.34222,1.3421,225
2016-11-22 07:07:00,2016-11-22 07:08:00,1.34193,1.34184,1.34208,1.34184,1.34217,1.34212,1.34233,1.3421,384
2016-11-22 07:08:00,2016-11-22 07:09:00,1.34184,1.34175,1.34194,1.34172,1.34212,1.342,1.34218,1.34195,245
2016-11-22 07:09:00,2016-11-22 07:10:00,1.34175,1.34193,1.34203,1.34174,1.342,1.34218,1.34228,1.34197,288
2016-11-22 07:10:00,2016-11-22 07:11:00,1.34193,1.34194,1.34196,1.34191,1.34218,1.34221,1.34223,1.34217,128
2016-11-22 07:11:00,2016-11-22 07:12:00,1.34194,1.34191,1.34194,1.34177,1.34221,1.34218,1.34222,1.34202,236
2016-11-22 07:12:00,2016-11-22 07:13:00,1.34191,1.34214,1.34216,1.34188,1.34218,1.34237,1.34241,1.34216,524
2016-11-22 07:13:00,2016-11-22 07:14:00,1.34214,1.34212,1.34215,1.34202,1.34237,1.34237,1.34239,1.34227,389
2016-11-22 07:14:00,2016-11-22 07:15:00,1.34212,1.34212,1.34214,1.34209,1.34237,1.34238,1.34242,1.34237,79
2016-11-22 07:15:00,2016-11-22 07:16:00,1.34212,1.34267,1.34268,1.34209,1.34238,1.34295,1.34295,1.34236,543
2016-11-22 07:16:00,2016-11-22 07:17:00,1.34267,1.34304,1.34304,1.34264,1.34295,1.34328,1.34329,1.34292,604
2016-11-22 07:17:00,2016-11-22 07:18:00,1.34304,1.34306,1.34314,1.34293,1.34328,1.34329,1.34339,1.3432,477
2016-11-22 07:18:00,2016-11-22 07:19:00,1.34306,1.34292,1.34324,1.3429,1.34329,1.34316,1.3435,1.34315,553
2016-11-22 07:19:00,2016-11-22 07:20:00,1.34292,1.343,1.34304,1.34292,1.34316,1.34326,1.3433,1.34317,263
2016-11-22 07:20:00,2016-11-22 07:21:00,1.343,1.34299,1.34318,1.3429,1.34326,1.34324,1.34344,1.34314,363
2016-11-22 07:21:00,2016-11-22 07:22:00,1.34299,1.3429,1.343,1.34262,1.34324,1.34319,1.34326,1.34288,329
2016-11-22 07:22:00,2016-11-22 07:23:00,1.3429,1.34286,1.34292,1.34266,1.34319,1.34318,1.34322,1.34292,324
2016-11-22 07:23:00,2016-11-22 07:24:00,1.34286,1.34272,1.34287,1.34266,1.34318,1.34297,1.34318,1.34292,318
2016-11-22 07:24:00,2016-11-22 07:25:00,1.34272,1.34255,1.34275,1.34248,1.34297,1.34281,1.34301,1.34276,298
2016-11-22 07:25:00,2016-11-22 07:26:00,1.34255,1.34249,1.3426,1.34242,1.34281,1.34274,1.34285,1.34268,302
2016-11-22 07:26:00,2016-11-22 07:27:00,1.34249,1.34248,1.34271,1.34242,1.34274,1.34274,1.34297,1.34269,321
2016-11-22 07:27:00,2016-11-22 07:28:00,1.34248,1.34251,1.34265,1.34244,1.34274,1.34276,1.34293,1.34271,281
2016-11-22 07:28:00,2016-11-22 07:29:00,1.34251,1.34274,1.34281,1.34247,1.34276,1.34303,1.34309,1.3427,450
2016-11-22 07:29:00,2016-11-22 07:30:00,1.34274,1.3429,1.34304,1.34267,1.34303,1.34315,1.3433,1.34294,297
2016-11-22 07:30:00,2016-11-22 07:31:00,1.3429,1.34268,1.34297,1.34264,1.34315,1.34297,1.34323,1.34289,261
2016-11-22 07:31:00,2016-11-22 07:32:00,1.34268,1.34253,1.34271,1.34251,1.34297,1.34276,1.34299,1.34274,145
2016-11-22 07:32:00,2016-11-22 07:33:00,1.34253,1.3425,1.34255,1.34249,1.34276,1.34275,1.3428,1.34274,79
2016-11-22 07:33:00,2016-11-22 07:34:00,1.3425,1.34272,1.34287,1.34247,1.34275,1.34298,1.34314,1.3427,251
2016-11-22 07:34:00,2016-11-22 07:35:00,1.34272,1.34261,1.34277,1.3425,1.34298,1.34283,1.34303,1.34274,309
2016-11-22 07:35:00,2016-11-22 07:36:00,1.34261,1.34263,1.34275,1.34256,1.34283,1.34286,1.34296,1.34279,184
2016-11-22 07:36:00,2016-11-22 07:37:00,1.34263,1.34246,1.34271,1.34243,1.34286,1.34272,1.34294,1.34266,215
2016-11-22 07:37:00,2016-11-22 07:38:00,1.34246,1.34236,1.34249,1.34235,1.34272,1.34259,1.34274,1.34254,248
2016-11-22 07:38:00,2016-11-22 07:39:00,1.34236,1.34208,1.34235,1.34208,1.34259,1.3423,1.34259,1.3423,103
2016-11-22 07:39:00,2016-11-22 07:40:00,1.34208,1.34193,1.34215,1.3419,1.3423,1.34218,1.34239,1.34214,316
2016-11-22 07:40:00,2016-11-22 07:41:00,1.34193,1.34181,1.34198,1.34176,1.34218,1.34205,1.34222,1.342,342
2016-11-22 07:41:00,2016-11-22 07:42:00,1.34181,1.34175,1.3419,1.34172,1.34205,1.34199,1.34215,1.34196,217
2016-11-22 07:42:00,2016-11-22 07:43:00,1.34175,1.34173,1.34182,1.34173,1.34199,1.34196,1.34206,1.34195,218
2016-11-22 07:43:00,2016-11-22 07:44:00,1.34173,1.34168,1.3418,1.34164,1.34196,1.34192,1.34204,1.34187,271
2016-11-22 07:44:00,2016-11-22 07:45:00,1.34168,1.34154,1.34171,1.34149,1.34192,1.34176,1.34196,1.34171,164
2016-11-22 07:45:00,2016-11-22 07:46:00,1.34154,1.34129,1.34154,1.34128,1.34176,1.34151,1.34176,1.34151,201
2016-11-22 07:46:00,2016-11-22 07:47:00,1.34129,1.34139,1.34149,1.34129,1.34151,1.34164,1.34171,1.34151,152
2016-11-22 07:47:00,2016-11-22 07:48:00,1.34139,1.34145,1.3415,1.34132,1.34164,1.3417,1.34174,1.34157,117
2016-11-22 07:48:00,2016-11-22 07:49:00,1.34145,1.3415,1.34154,1.34136,1.3417,1.34175,1.34177,1.3416,142
2016-11-22 07:49:00,2016-11-22 07:50:00,1.3415,1.34112,1.3415,1.34108,1.34175,1.34136,1.34174,1.34132,244
2016-11-22 07:50:00,2016-11-22 07:51:00,1.34112,1.3409,1.3412,1.3409,1.34136,1.34114,1.34144,1.34113,153
2016-11-22 07:51:00,2016-11-22 07:52:00,1.3409,1.3407,1.34091,1.34067,1.34114,1.34095,1.34117,1.34093,173
2016-11-22 07:52:00,2016-11-22 07:53:00,1.3407,1.34046,1.34072,1.34046,1.34095,1.34069,1.34095,1.34069,127
2016-11-22 07:53:00,2016-11-22 07:54:00,1.34046,1.34055,1.34066,1.34036,1.34069,1.34078,1.34086,1.34062,245
2016-11-22 07:54:00,2016-11-22 07:55:00,1.34055,1.34081,1.34087,1.3403,1.34078,1.34107,1.34111,1.34053,230
2016-11-22 07:55:00,2016-11-22 07:56:00,1.34081,1.34047,1.34081,1.34045,1.34107,1.3407,1.34105,1.34068,171
2016-11-22 07:56:00,2016-11-22 07:57:00,1.34047,1.34065,1.3407,1.34037,1.3407,1.34089,1.34095,1.34058,172
2016-11-22 07:57:00,2016-11-22 07:58:00,1.34065,1.34084,1.34094,1.34065,1.34089,1.34107,1.34118,1.34089,175
2016-11-22 07:58:00,2016-11-22 07:59:00,1.34084,1.34095,1.34121,1.34082,1.34107,1.34117,1.34146,1.34105,205
2016-11-22 07:59:00,2016-11-22 08:00:00,1.34095,1.34097,1.34118,1.34085,1.34117,1.34121,1.34139,1.34109,446
2016-11-22 08:00:00,2016-11-22 08:01:00,1.34097,1.34111,1.34117,1.34073,1.34121,1.34134,1.34139,1.34095,400
2016-11-22 08:01:00,2016-11-22 08:02:00,1.34111,1.34083,1.34113,1.34083,1.34134,1.34107,1.34134,1.34107,239
2016-11-22 08:02:00,2016-11-22 08:03:00,1.34083,1.34073,1.34095,1.34065,1.34107,1.34098,1.34116,1.3409,351
2016-11-22 08:03:00,2016-11-22 08:04:00,1.34073,1.34064,1.34094,1.34063,1.34098,1.34087,1.34117,1.34086,265
2016-11-22 08:04:00,2016-11-22 08:05:00,1.34064,1.34071,1.34081,1.34063,1.34087,1.34095,1.34103,1.34086,317
2016-11-22 08:05:00,2016-11-22 08:06:00,1.34071,1.34022,1.34084,1.34016,1.34095,1.34044,1.34106,1.34042,516
2016-11-22 08:06:00,2016-11-22 08:07:00,1.34022,1.34014,1.34047,1.34011,1.34044,1.34038,1.3407,1.34034,599
2016-11-22 08:07:00,2016-11-22 08:08:00,1.34014,1.34037,1.34038,1.34015,1.34038,1.34059,1.3406,1.34036,280
2016-11-22 08:08:00,2016-11-22 08:09:00,1.34037,1.34036,1.3406,1.34024,1.34059,1.34061,1.34083,1.34047,280
2016-11-22 08:09:00,2016-11-22 08:10:00,1.34036,1.3405,1.34056,1.34024,1.34061,1.34075,1.34079,1.34048,300
2016-11-22 08:10:00,2016-11-22 08:11:00,1.3405,1.34033,1.34051,1.34028,1.34075,1.34054,1.34075,1.34051,392
2016-11-22 08:11:00,2016-11-22 08:12:00,1.34033,1.3401,1.3404,1.34008,1.34054,1.34033,1.34062,1.34032,233
2016-11-22 08:12:00,2016-11-22 08:13:00,1.3401,1.3402,1.34033,1.34008,1.34033,1.34043,1.34054,1.34031,282
2016-11-22 08:13:00,2016-11-22 08:14:00,1.3402,1.3402,1.34032,1.34008,1.34043,1.34046,1.34052,1.34033,227
2016-11-22 08:14:00,2016-11-22 08:15:00,1.3402,1.34033,1.34037,1.34014,1.34046,1.34053,1.3406,1.34039,242
2016-11-22 08:15:00,2016-11-22 08:16:00,1.34033,1.34012,1.34032,1.34008,1.34053,1.34032,1.34053,1.3403,266
2016-11-22 08:16:00,2016-11-22 08:17:00,1.34012,1.34014,1.3402,1.34002,1.34032,1.34034,1.34037,1.34023,252
2016-11-22 08:17:00,2016-11-22 08:18:00,1.34014,1.33991,1.34023,1.33991,1.34034,1.34012,1.34043,1.34012,205
2016-11-22 08:18:00,2016-11-22 08:19:00,1.33991,1.33993,1.34005,1.33973,1.34012,1.34014,1.34025,1.33995,375
2016-11-22 08:19:00,2016-11-22 08:20:00,1.33993,1.33971,1.33995,1.33956,1.34014,1.33992,1.34015,1.33978,288
2016-11-22 08:20:00,2016-11-22 08:21:00,1.33971,1.33945,1.33973,1.33941,1.33992,1.33965,1.33993,1.33961,238
2016-11-22 08:21:00,2016-11-22 08:22:00,1.33945,1.33954,1.33959,1.33938,1.33965,1.33975,1.33978,1.33961,218
2016-11-22 08:22:00,2016-11-22 08:23:00,1.33954,1.33946,1.33953,1.33945,1.33975,1.33969,1.33975,1.33968,96
2016-11-22 08:23:00,2016-11-22 08:24:00,1.33946,1.33904,1.33949,1.33902,1.33969,1.33927,1.33971,1.33923,272
2016-11-22 08:24:00,2016-11-22 08:25:00,1.33904,1.33912,1.3392,1.33892,1.33927,1.33935,1.33939,1.33915,286
2016-11-22 08:25:00,2016-11-22 08:26:00,1.33912,1.33915,1.33915,1.33891,1.33935,1.33934,1.33935,1.33912,209
2016-11-22 08:26:00,2016-11-22 08:27:00,1.33915,1.33932,1.33933,1.33915,1.33934,1.33953,1.33953,1.33935,161
2016-11-22 08:27:00,2016-11-22 08:28:00,1.33932,1.33919,1.33932,1.33905,1.33953,1.33942,1.33952,1.33928,298
2016-11-22 08:28:00,2016-11-22 08:29:00,1.33919,1.33891,1.33924,1.33891,1.33942,1.33912,1.33946,1.33912,121
2016-11-22 08:29:00,2016-11-22 08:30:00,1.33891,1.33902,1.33904,1.33884,1.33912,1.33927,1.33927,1.33908,333
2016-11-22 08:30:00,2016-11-22 08:31:00,1.33902,1.33909,1.33913,1.33902,1.33927,1.33934,1.33936,1.33925,193
2016-11-22 08:31:00,2016-11-22 08:32:00,1.33909,1.33908,1.33916,1.339,1.33934,1.33932,1.33938,1.33924,223
2016-11-22 08:32:00,2016-11-22 08:33:00,1.33908,1.33884,1.33916,1.33884,1.33932,1.33907,1.3394,1.33907,321
2016-11-22 08:33:00,2016-11-22 08:34:00,1.33884,1.33886,1.33889,1.33869,1.33907,1.33908,1.33912,1.33889,336
2016-11-22 08:34:00,2016-11-22 08:35:00,1.33886,1.33893,1.33893,1.33879,1.33908,1.33914,1.33915,1.33902,228
2016-11-22 08:35:00,2016-11-22 08:36:00,1.33893,1.33898,1.339,1.33885,1.33914,1.33921,1.33922,1.33908,324
2016-11-22 08:36:00,2016-11-22 08:37:00,1.33898,1.33921,1.33923,1.33899,1.33921,1.33942,1.33946,1.33921,337
2016-11-22 08:37:00,2016-11-22 08:38:00,1.33921,1.33914,1.3393,1.33906,1.33942,1.33937,1.33954,1.33927,235
2016-11-22 08:38:00,2016-11-22 08:39:00,1.33914,1.33913,1.33914,1.33897,1.33937,1.33933,1.33937,1.3392,172
2016-11-22 08:39:00,2016-11-22 08:40:00,1.33913,1.33929,1.33937,1.33913,1.33933,1.33952,1.33958,1.33933,186
2016-11-22 08:40:00,2016-11-22 08:41:00,1.33929,1.33919,1.33929,1.33907,1.33952,1.33942,1.33952,1.33931,200
2016-11-22 08:41:00,2016-11-22 08:42:00,1.33919,1.33898,1.33921,1.33894,1.33942,1.33922,1.33943,1.33917,226
2016-11-22 08:42:00,2016-11-22 08:43:00,1.33898,1.33885,1.33902,1.3388,1.33922,1.33907,1.33925,1.33904,323
2016-11-22 08:43:00,2016-11-22 08:44:00,1.33885,1.33903,1.33905,1.33885,1.33907,1.33927,1.33927,1.33907,303
2016-11-22 08:44:00,2016-11-22 08:45:00,1.33903,1.33911,1.33912,1.33902,1.33927,1.33933,1.33934,1.33925,198
2016-11-22 08:45:00,2016-11-22 08:46:00,1.33911,1.33912,1.33917,1.3391,1.33933,1.33936,1.33941,1.33931,181
2016-11-22 08:46:00,2016-11-22 08:47:00,1.33912,1.33904,1.33913,1.33887,1.33936,1.33924,1.33936,1.3391,301
2016-11-22 08:47:00,2016-11-22 08:48:00,1.33904,1.33887,1.33906,1.33885,1.33924,1.33907,1.33927,1.33907,238
2016-11-22 08:48:00,2016-11-22 08:49:00,1.33887,1.33882,1.33899,1.33873,1.33907,1.33905,1.3392,1.33895,333
2016-11-22 08:49:00,2016-11-22 08:50:00,1.33882,1.33887,1.33896,1.33873,1.33905,1.3391,1.33917,1.33895,254
2016-11-22 08:50:00,2016-11-22 08:51:00,1.33887,1.33878,1.33887,1.33864,1.3391,1.339,1.3391,1.33885,335
2016-11-22 08:51:00,2016-11-22 08:52:00,1.33878,1.33887,1.33891,1.33874,1.339,1.33911,1.33913,1.33899,219
2016-11-22 08:52:00,2016-11-22 08:53:00,1.33887,1.33904,1.3391,1.33883,1.33911,1.33929,1.33934,1.33903,267
2016-11-22 08:53:00,2016-11-22 08:54:00,1.33904,1.33902,1.33911,1.33897,1.33929,1.33922,1.33934,1.33921,224
2016-11-22 08:54:00,2016-11-22 08:55:00,1.33902,1.33914,1.33916,1.33895,1.33922,1.33934,1.33937,1.33917,229
2016-11-22 08:55:00,2016-11-22 08:56:00,1.33914,1.33894,1.33926,1.33894,1.33934,1.33918,1.33948,1.33918,259
2016-11-22 08:56:00,2016-11-22 08:57:00,1.33894,1.3387,1.33896,1.33861,1.33918,1.3389,1.33918,1.33886,227
2016-11-22 08:57:00,2016-11-22 08:58:00,1.3387,1.33886,1.33887,1.33869,1.3389,1.33905,1.33906,1.3389,213
2016-11-22 08:58:00,2016-11-22 08:59:00,1.33886,1.33879,1.33888,1.33872,1.33905,1.33901,1.33907,1.33896,167
2016-11-22 08:59:00,2016-11-22 09:00:00,1.33879,1.33855,1.33881,1.3385,1.33901,1.33874,1.33901,1.33873,252
2016-11-22 09:00:00,2016-11-22 09:01:00,1.33855,1.33797,1.33855,1.33787,1.33874,1.33818,1.33873,1.33806,469
2016-11-22 09:01:00,2016-11-22 09:02:00,1.33797,1.33797,1.33808,1.33789,1.33818,1.33818,1.33827,1.33808,362
2016-11-22 09:02:00,2016-11-22 09:03:00,1.33797,1.33805,1.33806,1.33794,1.33818,1.33828,1.33828,1.33817,249
2016-11-22 09:03:00,2016-11-22 09:04:00,1.33805,1.33795,1.33815,1.33787,1.33828,1.33815,1.33836,1.33807,203
2016-11-22 09:04:00,2016-11-22 09:05:00,1.33795,1.33794,1.33805,1.33791,1.33815,1.33817,1.33827,1.33811,255
2016-11-22 09:05:00,2016-11-22 09:06:00,1.33794,1.33813,1.33821,1.33794,1.33817,1.33832,1.33839,1.33816,291
2016-11-22 09:06:00,2016-11-22 09:07:00,1.33813,1.33827,1.33828,1.33806,1.33832,1.3385,1.3385,1.33826,239
2016-11-22 09:07:00,2016-11-22 09:08:00,1.33827,1.33809,1.33833,1.33808,1.3385,1.33831,1.33854,1.3383,215
2016-11-22 09:08:00,2016-11-22 09:09:00,1.33809,1.33825,1.33826,1.3379,1.33831,1.33842,1.33844,1.33814,370
2016-11-22 09:09:00,2016-11-22 09:10:00,1.33825,1.33813,1.33824,1.33798,1.33842,1.33835,1.33843,1.33819,279
2016-11-22 09:10:00,2016-11-22 09:11:00,1.33813,1.3381,1.33837,1.33806,1.33835,1.3383,1.33853,1.33828,178
2016-11-22 09:11:00,2016-11-22 09:12:00,1.3381,1.33796,1.33814,1.33796,1.3383,1.33818,1.33835,1.33818,172
2016-11-22 09:12:00,2016-11-22 09:13:00,1.33796,1.33805,1.33808,1.33791,1.33818,1.33828,1.33831,1.33812,362
2016-11-22 09:13:00,2016-11-22 09:14:00,1.33805,1.33809,1.33815,1.33794,1.33828,1.33831,1.33836,1.33817,427
2016-11-22 09:14:00,2016-11-22 09:15:00,1.33809,1.33827,1.33827,1.33798,1.33831,1.33845,1.33845,1.3382,436
2016-11-22 09:15:00,2016-11-22 09:16:00,1.33827,1.33832,1.33832,1.33815,1.33845,1.33856,1.33856,1.33839,301
2016-11-22 09:16:00,2016-11-22 09:17:00,1.33832,1.33815,1.3384,1.33815,1.33856,1.3384,1.33863,1.3384,233
2016-11-22 09:17:00,2016-11-22 09:18:00,1.33815,1.33818,1.33823,1.33813,1.3384,1.33838,1.33845,1.33837,151
2016-11-22 09:18:00,2016-11-22 09:19:00,1.33818,1.3382,1.33828,1.33805,1.33838,1.33841,1.33849,1.3383,348
2016-11-22 09:19:00,2016-11-22 09:20:00,1.3382,1.33835,1.3384,1.33816,1.33841,1.33859,1.33863,1.33838,316
2016-11-22 09:20:00,2016-11-22 09:21:00,1.33835,1.33833,1.33841,1.33814,1.33859,1.33857,1.33863,1.33839,287
2016-11-22 09:21:00,2016-11-22 09:22:00,1.33833,1.33845,1.33849,1.33823,1.33857,1.33868,1.33871,1.33847,363
2016-11-22 09:22:00,2016-11-22 09:23:00,1.33845,1.33832,1.33862,1.33813,1.33868,1.33857,1.33883,1.33838,490
2016-11-22 09:23:00,2016-11-22 09:24:00,1.33832,1.33827,1.33848,1.33817,1.33857,1.33852,1.33871,1.33841,444
2016-11-22 09:24:00,2016-11-22 09:25:00,1.33827,1.33831,1.33832,1.33805,1.33852,1.33852,1.33854,1.33825,420
2016-11-22 09:25:00,2016-11-22 09:26:00,1.33831,1.33832,1.33843,1.33826,1.33852,1.33852,1.33864,1.33848,215
2016-11-22 09:26:00,2016-11-22 09:27:00,1.33832,1.33806,1.33831,1.338,1.33852,1.33827,1.33852,1.3382,304
2016-11-22 09:27:00,2016-11-22 09:28:00,1.33806,1.33818,1.33825,1.33798,1.33827,1.33838,1.33847,1.33819,592
2016-11-22 09:28:00,2016-11-22 09:29:00,1.33818,1.33804,1.3382,1.33804,1.33838,1.33825,1.33842,1.33823,346
2016-11-22 09:29:00,2016-11-22 09:30:00,1.33804,1.33801,1.33812,1.33801,1.33825,1.33823,1.33832,1.33823,225
2016-11-22 09:30:00,2016-11-22 09:31:00,1.33801,1.33813,1.33821,1.33801,1.33823,1.33833,1.33834,1.33823,264
2016-11-22 09:31:00,2016-11-22 09:32:00,1.33813,1.33803,1.33828,1.33802,1.33833,1.33826,1.33843,1.33824,493
2016-11-22 09:32:00,2016-11-22 09:33:00,1.33803,1.33814,1.33823,1.338,1.33826,1.33835,1.33843,1.33821,261
2016-11-22 09:33:00,2016-11-22 09:34:00,1.33814,1.33821,1.33827,1.33814,1.33835,1.33845,1.33846,1.33835,439
2016-11-22 09:34:00,2016-11-22 09:35:00,1.33821,1.33819,1.33826,1.33816,1.33845,1.3384,1.33849,1.3384,217
2016-11-22 09:35:00,2016-11-22 09:36:00,1.33819,1.33846,1.33866,1.33818,1.3384,1.33871,1.33891,1.3384,482
2016-11-22 09:36:00,2016-11-22 09:37:00,1.33846,1.33837,1.33852,1.3382,1.33871,1.33861,1.33873,1.33844,335
2016-11-22 09:37:00,2016-11-22 09:38:00,1.33837,1.33842,1.33842,1.33828,1.33861,1.33867,1.33867,1.33852,139
2016-11-22 09:38:00,2016-11-22 09:39:00,1.33842,1.33842,1.33848,1.3384,1.33867,1.33867,1.33871,1.33863,194
2016-11-22 09:39:00,2016-11-22 09:40:00,1.33842,1.33836,1.33844,1.33828,1.33867,1.33858,1.33869,1.33849,330
2016-11-22 09:40:00,2016-11-22 09:41:00,1.33836,1.33846,1.33851,1.33834,1.33858,1.33869,1.33873,1.33857,263
2016-11-22 09:41:00,2016-11-22 09:42:00,1.33846,1.33839,1.33849,1.33836,1.33869,1.33863,1.33871,1.33859,264
2016-11-22 09:42:00,2016-11-22 09:43:00,1.33839,1.33812,1.33845,1.33812,1.33863,1.33834,1.33867,1.33834,320
2016-11-22 09:43:00,2016-11-22 09:44:00,1.33812,1.33812,1.33827,1.33809,1.33834,1.33834,1.33847,1.33827,199
2016-11-22 09:44:00,2016-11-22 09:45:00,1.33812,1.33811,1.33821,1.33798,1.33834,1.33834,1.33842,1.33821,272
2016-11-22 09:45:00,2016-11-22 09:46:00,1.33811,1.33796,1.33813,1.33791,1.33834,1.33816,1.33835,1.33813,240
2016-11-22 09:46:00,2016-11-22 09:47:00,1.33796,1.33795,1.33809,1.33784,1.33816,1.33815,1.33828,1.33805,449
2016-11-22 09:47:00,2016-11-22 09:48:00,1.33795,1.33791,1.33805,1.33783,1.33815,1.33812,1.33824,1.33806,317
2016-11-22 09:48:00,2016-11-22 09:49:00,1.33791,1.33786,1.33793,1.33782,1.33812,1.33806,1.33813,1.33803,247
2016-11-22 09:49:00,2016-11-22 09:50:00,1.33786,1.33817,1.3382,1.33785,1.33806,1.33839,1.33842,1.33804,487
2016-11-22 09:50:00,2016-11-22 09:51:00,1.33817,1.33855,1.33862,1.3381,1.33839,1.33875,1.33882,1.33832,321
2016-11-22 09:51:00,2016-11-22 09:52:00,1.33855,1.33835,1.33857,1.33821,1.33875,1.33858,1.33877,1.33846,326
2016-11-22 09:52:00,2016-11-22 09:53:00,1.33835,1.33814,1.33839,1.33812,1.33858,1.33837,1.33862,1.33835,211
2016-11-22 09:53:00,2016-11-22 09:54:00,1.33814,1.33815,1.33822,1.33803,1.33837,1.33838,1.33846,1.33826,198
2016-11-22 09:54:00,2016-11-22 09:55:00,1.33815,1.33794,1.33816,1.33785,1.33838,1.33818,1.33839,1.33803,322
2016-11-22 09:55:00,2016-11-22 09:56:00,1.33794,1.33822,1.3386,1.33771,1.33818,1.33845,1.33884,1.33789,1284
2016-11-22 09:56:00,2016-11-22 09:57:00,1.33822,1.33828,1.33836,1.33815,1.33845,1.33849,1.33858,1.33837,689
2016-11-22 09:57:00,2016-11-22 09:58:00,1.33828,1.33812,1.33829,1.3381,1.33849,1.33832,1.33849,1.33831,400
2016-11-22 09:58:00,2016-11-22 09:59:00,1.33812,1.33798,1.33818,1.33791,1.33832,1.3382,1.3384,1.33814,350
2016-11-22 09:59:00,2016-11-22 10:00:00,1.33798,1.33794,1.33807,1.33789,1.3382,1.33816,1.33829,1.33812,588
2016-11-22 10:00:00,2016-11-22 10:01:00,1.33794,1.33804,1.33812,1.3379,1.33816,1.33824,1.33834,1.33813,439
2016-11-22 10:01:00,2016-11-22 10:02:00,1.33804,1.33808,1.33813,1.33794,1.33824,1.33832,1.33835,1.33817,261
2016-11-22 10:02:00,2016-11-22 10:03:00,1.33808,1.3382,1.33825,1.33808,1.33832,1.33842,1.33848,1.33831,189
2016-11-22 10:03:00,2016-11-22 10:04:00,1.3382,1.3381,1.33823,1.33809,1.33842,1.33835,1.33846,1.33829,270
2016-11-22 10:04:00,2016-11-22 10:05:00,1.3381,1.33832,1.33833,1.33811,1.33835,1.33853,1.33853,1.33835,268
2016-11-22 10:05:00,2016-11-22 10:06:00,1.33832,1.33834,1.33838,1.33826,1.33853,1.33855,1.33856,1.33847,159
2016-11-22 10:06:00,2016-11-22 10:07:00,1.33834,1.33831,1.33833,1.33824,1.33855,1.33854,1.33855,1.33846,74
2016-11-22 10:07:00,2016-11-22 10:08:00,1.33831,1.33847,1.33847,1.33831,1.33854,1.33869,1.33869,1.33855,92
2016-11-22 10:08:00,2016-11-22 10:09:00,1.33847,1.33848,1.33848,1.33842,1.33869,1.33868,1.33869,1.33864,40
2016-11-22 10:09:00,2016-11-22 10:10:00,1.33848,1.33847,1.33855,1.33839,1.33868,1.33869,1.33878,1.3386,205
2016-11-22 10:10:00,2016-11-22 10:11:00,1.33847,1.33878,1.3388,1.33849,1.33869,1.339,1.33904,1.33869,255
2016-11-22 10:11:00,2016-11-22 10:12:00,1.33878,1.33873,1.33878,1.33871,1.339,1.33896,1.339,1.33891,157
2016-11-22 10:12:00,2016-11-22 10:13:00,1.33873,1.33894,1.33897,1.33871,1.33896,1.33917,1.33921,1.33894,296
2016-11-22 10:13:00,2016-11-22 10:14:00,1.33894,1.33859,1.33895,1.33855,1.33917,1.33884,1.33919,1.33881,233
2016-11-22 10:14:00,2016-11-22 10:15:00,1.33859,1.33864,1.33865,1.3385,1.33884,1.33887,1.33887,1.33872,148
2016-11-22 10:15:00,2016-11-22 10:16:00,1.33864,1.33875,1.33878,1.33861,1.33887,1.33899,1.33902,1.33887,122
2016-11-22 10:16:00,2016-11-22 10:17:00,1.33875,1.33896,1.33897,1.33872,1.33899,1.33919,1.33921,1.33896,271
2016-11-22 10:17:00,2016-11-22 10:18:00,1.33896,1.33907,1.33908,1.33892,1.33919,1.33928,1.33932,1.33913,145
2016-11-22 10:18:00,2016-11-22 10:19:00,1.33907,1.33927,1.33928,1.33892,1.33928,1.33949,1.33949,1.33916,348
2016-11-22 10:19:00,2016-11-22 10:20:00,1.33927,1.33917,1.33962,1.33914,1.33949,1.3394,1.33985,1.33937,381
2016-11-22 10:20:00,2016-11-22 10:21:00,1.33917,1.33899,1.33917,1.33899,1.3394,1.33923,1.33942,1.33923,305
2016-11-22 10:21:00,2016-11-22 10:22:00,1.33899,1.33907,1.33914,1.33898,1.33923,1.33931,1.33939,1.33921,185
2016-11-22 10:22:00,2016-11-22 10:23:00,1.33907,1.33876,1.33914,1.33876,1.33931,1.33899,1.3394,1.33899,211
2016-11-22 10:23:00,2016-11-22 10:24:00,1.33876,1.33858,1.33876,1.33854,1.33899,1.33883,1.33899,1.33878,245
2016-11-22 10:24:00,2016-11-22 10:25:00,1.33858,1.3383,1.33858,1.3383,1.33883,1.33855,1.33882,1.33854,290
2016-11-22 10:25:00,2016-11-22 10:26:00,1.3383,1.33838,1.3384,1.33817,1.33855,1.33861,1.33863,1.33839,205
2016-11-22 10:26:00,2016-11-22 10:27:00,1.33838,1.33816,1.33842,1.33816,1.33861,1.33838,1.33864,1.33838,134
2016-11-22 10:27:00,2016-11-22 10:28:00,1.33816,1.33817,1.33827,1.33813,1.33838,1.33837,1.33852,1.33836,156
2016-11-22 10:28:00,2016-11-22 10:29:00,1.33817,1.33822,1.33837,1.33815,1.33837,1.33847,1.3386,1.33836,323
2016-11-22 10:29:00,2016-11-22 10:30:00,1.33822,1.33866,1.33872,1.33822,1.33847,1.33891,1.33897,1.33846,305
2016-11-22 10:30:00,2016-11-22 10:31:00,1.33866,1.33867,1.33876,1.33863,1.33891,1.33891,1.33901,1.33888,158
2016-11-22 10:31:00,2016-11-22 10:32:00,1.33867,1.33868,1.33871,1.33859,1.33891,1.33891,1.33896,1.33883,138
2016-11-22 10:32:00,2016-11-22 10:33:00,1.33868,1.33881,1.33882,1.33849,1.33891,1.33902,1.33903,1.33873,239
2016-11-22 10:33:00,2016-11-22 10:34:00,1.33881,1.33863,1.33888,1.33863,1.33902,1.33887,1.33913,1.33887,125
2016-11-22 10:34:00,2016-11-22 10:35:00,1.33863,1.33845,1.33863,1.33845,1.33887,1.33868,1.33886,1.33866,199
2016-11-22 10:35:00,2016-11-22 10:36:00,1.33845,1.3385,1.33852,1.33838,1.33868,1.33876,1.33877,1.3386,211
2016-11-22 10:36:00,2016-11-22 10:37:00,1.3385,1.33856,1.33865,1.33844,1.33876,1.33881,1.33889,1.33868,147
2016-11-22 10:37:00,2016-11-22 10:38:00,1.33856,1.33863,1.33869,1.33856,1.33881,1.33885,1.33893,1.33881,227
2016-11-22 10:38:00,2016-11-22 10:39:00,1.33863,1.33871,1.33881,1.33861,1.33885,1.33894,1.33903,1.33881,216
2016-11-22 10:39:00,2016-11-22 10:40:00,1.33871,1.33875,1.33879,1.33848,1.33894,1.33898,1.33903,1.33872,220
2016-11-22 10:40:00,2016-11-22 10:41:00,1.33875,1.33886,1.33892,1.33869,1.33898,1.33908,1.33915,1.33892,147
2016-11-22 10:41:00,2016-11-22 10:42:00,1.33886,1.33892,1.33898,1.33884,1.33908,1.33917,1.33922,1.33907,168
2016-11-22 10:42:00,2016-11-22 10:43:00,1.33892,1.33909,1.33912,1.33892,1.33917,1.33935,1.33937,1.33916,248
2016-11-22 10:43:00,2016-11-22 10:44:00,1.33909,1.33902,1.3391,1.33899,1.33935,1.33926,1.33935,1.33922,147
2016-11-22 10:44:00,2016-11-22 10:45:00,1.33902,1.33894,1.33909,1.33892,1.33926,1.33918,1.33933,1.33915,167
2016-11-22 10:45:00,2016-11-22 10:46:00,1.33894,1.33914,1.33915,1.33886,1.33918,1.33936,1.33938,1.33907,273
2016-11-22 10:46:00,2016-11-22 10:47:00,1.33914,1.33911,1.33915,1.33897,1.33936,1.33934,1.33937,1.3392,239
2016-11-22 10:47:00,2016-11-22 10:48:00,1.33911,1.33908,1.33924,1.33904,1.33934,1.33931,1.33947,1.33926,264
2016-11-22 10:48:00,2016-11-22 10:49:00,1.33908,1.3392,1.33921,1.33907,1.33931,1.33942,1.33942,1.33929,123
2016-11-22 10:49:00,2016-11-22 10:50:00,1.3392,1.33929,1.33933,1.33916,1.33942,1.3395,1.33954,1.33937,136
2016-11-22 10:50:00,2016-11-22 10:51:00,1.33929,1.33934,1.33938,1.33918,1.3395,1.33957,1.3396,1.33939,210
2016-11-22 10:51:00,2016-11-22 10:52:00,1.33934,1.33908,1.33942,1.33905,1.33957,1.33931,1.33963,1.33926,259
2016-11-22 10:52:00,2016-11-22 10:53:00,1.33908,1.33912,1.33912,1.33898,1.33931,1.33934,1.33934,1.3392,170
2016-11-22 10:53:00,2016-11-22 10:54:00,1.33912,1.33912,1.33917,1.33908,1.33934,1.33934,1.33938,1.33931,209
2016-11-22 10:54:00,2016-11-22 10:55:00,1.33912,1.33912,1.33915,1.33909,1.33934,1.33933,1.33937,1.33931,100
2016-11-22 10:55:00,2016-11-22 10:56:00,1.33912,1.3393,1.33933,1.33899,1.33933,1.33952,1.33956,1.33921,214
2016-11-22 10:56:00,2016-11-22 10:57:00,1.3393,1.33942,1.33944,1.33919,1.33952,1.33965,1.33966,1.33942,128
2016-11-22 10:57:00,2016-11-22 10:58:00,1.33942,1.3393,1.33954,1.33929,1.33965,1.33953,1.33978,1.33951,194
2016-11-22 10:58:00,2016-11-22 10:59:00,1.3393,1.33942,1.33947,1.33926,1.33953,1.33963,1.33968,1.33948,185
2016-11-22 10:59:00,2016-11-22 11:00:00,1.33942,1.33941,1.33947,1.33925,1.33963,1.33964,1.33968,1.33947,206
2016-11-22 11:00:00,2016-11-22 11:01:00,1.33941,1.33951,1.33956,1.33942,1.33964,1.33974,1.33977,1.33962,155
2016-11-22 11:01:00,2016-11-22 11:02:00,1.33951,1.33959,1.33977,1.33944,1.33974,1.33984,1.34001,1.33967,319
2016-11-22 11:02:00,2016-11-22 11:03:00,1.33959,1.33967,1.33967,1.33958,1.33984,1.33986,1.33989,1.33979,107
2016-11-22 11:03:00,2016-11-22 11:04:00,1.33967,1.3396,1.3397,1.33957,1.33986,1.33982,1.33996,1.33977,229
2016-11-22 11:04:00,2016-11-22 11:05:00,1.3396,1.33971,1.33976,1.33958,1.33982,1.33992,1.34,1.3398,197
2016-11-22 11:05:00,2016-11-22 11:06:00,1.33971,1.33953,1.33978,1.33951,1.33992,1.33972,1.34,1.33971,165
2016-11-22 11:06:00,2016-11-22 11:07:00,1.33953,1.33925,1.33953,1.33924,1.33972,1.33949,1.33975,1.33949,246
2016-11-22 11:07:00,2016-11-22 11:08:00,1.33925,1.33931,1.33944,1.33924,1.33949,1.33955,1.33969,1.33948,252
2016-11-22 11:08:00,2016-11-22 11:09:00,1.33931,1.33959,1.33963,1.3393,1.33955,1.33983,1.33985,1.33955,243
2016-11-22 11:09:00,2016-11-22 11:10:00,1.33959,1.33947,1.33959,1.33947,1.33983,1.33972,1.33983,1.3397,139
2016-11-22 11:10:00,2016-11-22 11:11:00,1.33947,1.33943,1.33953,1.33937,1.33972,1.33967,1.33974,1.33962,196
2016-11-22 11:11:00,2016-11-22 11:12:00,1.33943,1.33925,1.33943,1.33924,1.33967,1.33949,1.33966,1.33947,177
2016-11-22 11:12:00,2016-11-22 11:13:00,1.33925,1.3392,1.33929,1.3392,1.33949,1.33945,1.33951,1.33945,112
2016-11-22 11:13:00,2016-11-22 11:14:00,1.3392,1.33915,1.33928,1.33913,1.33945,1.33938,1.33949,1.33937,154
2016-11-22 11:14:00,2016-11-22 11:15:00,1.33915,1.33957,1.33963,1.33913,1.33938,1.33981,1.33987,1.33937,288
2016-11-22 11:15:00,2016-11-22 11:16:00,1.33957,1.33977,1.33987,1.33954,1.33981,1.33998,1.3401,1.33979,323
2016-11-22 11:16:00,2016-11-22 11:17:00,1.33977,1.33961,1.33979,1.33947,1.33998,1.33984,1.34,1.33971,231
2016-11-22 11:17:00,2016-11-22 11:18:00,1.33961,1.33976,1.33978,1.33963,1.33984,1.33999,1.34001,1.33984,83
2016-11-22 11:18:00,2016-11-22 11:19:00,1.33976,1.33957,1.33985,1.33957,1.33999,1.33982,1.34007,1.3398,247
2016-11-22 11:19:00,2016-11-22 11:20:00,1.33957,1.33956,1.33957,1.33942,1.33982,1.33981,1.33981,1.33966,172
2016-11-22 11:20:00,2016-11-22 11:21:00,1.33956,1.33946,1.33964,1.33941,1.33981,1.33969,1.33987,1.33965,177
2016-11-22 11:21:00,2016-11-22 11:22:00,1.33946,1.33943,1.3395,1.33934,1.33969,1.33968,1.33974,1.33957,264
2016-11-22 11:22:00,2016-11-22 11:23:00,1.33943,1.33945,1.33945,1.33934,1.33968,1.33968,1.33968,1.33958,122
2016-11-22 11:23:00,2016-11-22 11:24:00,1.33945,1.33936,1.33944,1.33935,1.33968,1.33961,1.33968,1.3396,84
2016-11-22 11:24:00,2016-11-22 11:25:00,1.33936,1.33956,1.33967,1.33937,1.33961,1.3398,1.33986,1.33961,162
2016-11-22 11:25:00,2016-11-22 11:26:00,1.33956,1.33947,1.33956,1.33941,1.3398,1.3397,1.3398,1.33966,99
2016-11-22 11:26:00,2016-11-22 11:27:00,1.33947,1.33947,1.33953,1.33943,1.3397,1.33971,1.33975,1.33966,76
2016-11-22 11:27:00,2016-11-22 11:28:00,1.33947,1.33948,1.33951,1.33941,1.33971,1.3397,1.33973,1.33964,79
2016-11-22 11:28:00,2016-11-22 11:29:00,1.33948,1.3395,1.33953,1.33947,1.3397,1.33972,1.33976,1.33969,93
2016-11-22 11:29:00,2016-11-22 11:30:00,1.3395,1.33956,1.33962,1.33941,1.33972,1.33978,1.33981,1.33963,239
2016-11-22 11:30:00,2016-11-22 11:31:00,1.33956,1.33949,1.33957,1.33945,1.33978,1.33972,1.33979,1.33967,185
2016-11-22 11:31:00,2016-11-22 11:32:00,1.33949,1.33961,1.33961,1.33947,1.33972,1.33985,1.33985,1.33971,238
2016-11-22 11:32:00,2016-11-22 11:33:00,1.33961,1.33944,1.33967,1.3394,1.33985,1.33965,1.33989,1.3396,165
2016-11-22 11:33:00,2016-11-22 11:34:00,1.33944,1.33927,1.33951,1.33921,1.33965,1.33949,1.3397,1.33942,209
2016-11-22 11:34:00,2016-11-22 11:35:00,1.33927,1.33925,1.33937,1.33923,1.33949,1.33946,1.33957,1.33944,190
2016-11-22 11:35:00,2016-11-22 11:36:00,1.33925,1.33912,1.33933,1.3391,1.33946,1.33934,1.33951,1.33931,199
2016-11-22 11:36:00,2016-11-22 11:37:00,1.33912,1.3394,1.33941,1.33913,1.33934,1.33963,1.33964,1.33934,196
2016-11-22 11:37:00,2016-11-22 11:38:00,1.3394,1.33939,1.33941,1.33935,1.33963,1.33961,1.33964,1.33958,227
2016-11-22 11:38:00,2016-11-22 11:39:00,1.33939,1.33931,1.33943,1.33923,1.33961,1.33953,1.33966,1.33946,211
2016-11-22 11:39:00,2016-11-22 11:40:00,1.33931,1.33924,1.33933,1.33923,1.33953,1.33947,1.33955,1.33946,169
2016-11-22 11:40:00,2016-11-22 11:41:00,1.33924,1.33946,1.33949,1.33921,1.33947,1.33969,1.33971,1.33944,221
2016-11-22 11:41:00,2016-11-22 11:42:00,1.33946,1.33982,1.33984,1.33945,1.33969,1.34007,1.34009,1.33969,235
2016-11-22 11:42:00,2016-11-22 11:43:00,1.33982,1.33961,1.33984,1.33954,1.34007,1.33982,1.34007,1.33974,238
2016-11-22 11:43:00,2016-11-22 11:44:00,1.33961,1.33937,1.33965,1.33936,1.33982,1.33962,1.33988,1.33959,257
2016-11-22 11:44:00,2016-11-22 11:45:00,1.33937,1.33968,1.33985,1.33934,1.33962,1.3399,1.34005,1.33957,334
2016-11-22 11:45:00,2016-11-22 11:46:00,1.33968,1.33953,1.33977,1.33953,1.3399,1.33976,1.34,1.33976,355
2016-11-22 11:46:00,2016-11-22 11:47:00,1.33953,1.33952,1.33959,1.33944,1.33976,1.33975,1.33982,1.33967,310
2016-11-22 11:47:00,2016-11-22 11:48:00,1.33952,1.3394,1.33953,1.33927,1.33975,1.33962,1.33976,1.33949,391
2016-11-22 11:48:00,2016-11-22 11:49:00,1.3394,1.33931,1.33946,1.33924,1.33962,1.33953,1.33967,1.33945,216
2016-11-22 11:49:00,2016-11-22 11:50:00,1.33931,1.33936,1.33941,1.33919,1.33953,1.33958,1.33963,1.33942,299
2016-11-22 11:50:00,2016-11-22 11:51:00,1.33936,1.33937,1.33943,1.33927,1.33958,1.33959,1.33962,1.33951,185
2016-11-22 11:51:00,2016-11-22 11:52:00,1.33937,1.33928,1.33939,1.33911,1.33959,1.3395,1.3396,1.33934,233
2016-11-22 11:52:00,2016-11-22 11:53:00,1.33928,1.339,1.3393,1.33899,1.3395,1.33923,1.3395,1.33921,230
2016-11-22 11:53:00,2016-11-22 11:54:00,1.339,1.33888,1.33901,1.33883,1.33923,1.33911,1.33923,1.33906,234
2016-11-22 11:54:00,2016-11-22 11:55:00,1.33888,1.33898,1.33911,1.33883,1.33911,1.33922,1.33934,1.33905,251
2016-11-22 11:55:00,2016-11-22 11:56:00,1.33898,1.33896,1.33906,1.33893,1.33922,1.3392,1.33927,1.33918,145
2016-11-22 11:56:00,2016-11-22 11:57:00,1.33896,1.3389,1.33901,1.33884,1.3392,1.33911,1.33922,1.33907,133
2016-11-22 11:57:00,2016-11-22 11:58:00,1.3389,1.3392,1.33921,1.33882,1.33911,1.33944,1.33944,1.33904,315
2016-11-22 11:58:00,2016-11-22 11:59:00,1.3392,1.33905,1.33921,1.33905,1.33944,1.33929,1.33944,1.33927,271
2016-11-22 11:59:00,2016-11-22 12:00:00,1.33905,1.33919,1.33925,1.33904,1.33929,1.33939,1.33943,1.33926,177
2016-11-22 12:00:00,2016-11-22 12:01:00,1.33919,1.33924,1.33926,1.33919,1.33939,1.33943,1.33945,1.33939,111
2016-11-22 12:01:00,2016-11-22 12:02:00,1.33924,1.33938,1.33943,1.33924,1.33943,1.33959,1.33963,1.33944,317
2016-11-22 12:02:00,2016-11-22 12:03:00,1.33938,1.33924,1.33941,1.33919,1.33959,1.33946,1.33961,1.3394,400
2016-11-22 12:03:00,2016-11-22 12:04:00,1.33924,1.33934,1.33939,1.33922,1.33946,1.33956,1.33962,1.33945,297
2016-11-22 12:04:00,2016-11-22 12:05:00,1.33934,1.33966,1.33967,1.33927,1.33956,1.33987,1.33988,1.33951,417
2016-11-22 12:05:00,2016-11-22 12:06:00,1.33966,1.33977,1.33979,1.33958,1.33987,1.34,1.34,1.33979,277
2016-11-22 12:06:00,2016-11-22 12:07:00,1.33977,1.33957,1.33979,1.33956,1.34,1.33982,1.34,1.33981,208
2016-11-22 12:07:00,2016-11-22 12:08:00,1.33957,1.33946,1.3396,1.33941,1.33982,1.33966,1.33984,1.33963,217
2016-11-22 12:08:00,2016-11-22 12:09:00,1.33946,1.33945,1.33952,1.33943,1.33966,1.33971,1.33977,1.33967,189
2016-11-22 12:09:00,2016-11-22 12:10:00,1.33945,1.33957,1.33957,1.33945,1.33971,1.33979,1.33979,1.33967,109
2016-11-22 12:10:00,2016-11-22 12:11:00,1.33957,1.33951,1.33962,1.33951,1.33979,1.33972,1.33986,1.33971,246
2016-11-22 12:11:00,2016-11-22 12:12:00,1.33951,1.33956,1.33959,1.33951,1.33972,1.33978,1.33983,1.33973,121
2016-11-22 12:12:00,2016-11-22 12:13:00,1.33956,1.33946,1.33956,1.33937,1.33978,1.3397,1.3398,1.33958,202
2016-11-22 12:13:00,2016-11-22 12:14:00,1.33946,1.3392,1.33946,1.33918,1.3397,1.33944,1.33971,1.33941,192
2016-11-22 12:14:00,2016-11-22 12:15:00,1.3392,1.33938,1.33953,1.33914,1.33944,1.33961,1.33973,1.33937,295
2016-11-22 12:15:00,2016-11-22 12:16:00,1.33938,1.33935,1.3394,1.33918,1.33961,1.33959,1.33963,1.33942,237
2016-11-22 12:16:00,2016-11-22 12:17:00,1.33935,1.3394,1.3394,1.33927,1.33959,1.33965,1.33965,1.33949,234
2016-11-22 12:17:00,2016-11-22 12:18:00,1.3394,1.3396,1.3396,1.33937,1.33965,1.33979,1.3398,1.33959,207
2016-11-22 12:18:00,2016-11-22 12:19:00,1.3396,1.33952,1.33961,1.33944,1.33979,1.33976,1.3398,1.33964,186
2016-11-22 12:19:00,2016-11-22 12:20:00,1.33952,1.3395,1.33963,1.3395,1.33976,1.33973,1.33985,1.33973,119
2016-11-22 12:20:00,2016-11-22 12:21:00,1.3395,1.33956,1.33956,1.33932,1.33973,1.33976,1.33977,1.33957,202
2016-11-22 12:21:00,2016-11-22 12:22:00,1.33956,1.33958,1.33967,1.33939,1.33976,1.33981,1.33988,1.33959,187
2016-11-22 12:22:00,2016-11-22 12:23:00,1.33958,1.33972,1.33977,1.33942,1.33981,1.33995,1.34,1.3396,316
2016-11-22 12:23:00,2016-11-22 12:24:00,1.33972,1.33997,1.34002,1.3397,1.33995,1.3402,1.34027,1.33993,238
2016-11-22 12:24:00,2016-11-22 12:25:00,1.33997,1.33983,1.33998,1.33971,1.3402,1.34007,1.34021,1.33992,130
2016-11-22 12:25:00,2016-11-22 12:26:00,1.33983,1.33981,1.33998,1.33981,1.34007,1.34005,1.34019,1.34004,181
2016-11-22 12:26:00,2016-11-22 12:27:00,1.33981,1.33981,1.33995,1.33978,1.34005,1.34006,1.34019,1.34001,179
2016-11-22 12:27:00,2016-11-22 12:28:00,1.33981,1.33994,1.33996,1.33979,1.34006,1.34019,1.3402,1.34002,110
2016-11-22 12:28:00,2016-11-22 12:29:00,1.33994,1.33992,1.34003,1.3399,1.34019,1.34017,1.34027,1.34011,127
2016-11-22 12:29:00,2016-11-22 12:30:00,1.33992,1.34012,1.34016,1.33992,1.34017,1.3403,1.34034,1.34011,133
2016-11-22 12:30:00,2016-11-22 12:31:00,1.34012,1.33983,1.34012,1.33983,1.3403,1.34004,1.3403,1.34004,136
2016-11-22 12:31:00,2016-11-22 12:32:00,1.33983,1.33977,1.33988,1.3397,1.34004,1.33997,1.34011,1.3399,169
2016-11-22 12:32:00,2016-11-22 12:33:00,1.33977,1.3398,1.33989,1.33977,1.33997,1.34002,1.34012,1.33997,135
2016-11-22 12:33:00,2016-11-22 12:34:00,1.3398,1.33975,1.3398,1.33961,1.34002,1.33996,1.34001,1.33982,129
2016-11-22 12:34:00,2016-11-22 12:35:00,1.33975,1.33967,1.33976,1.33965,1.33996,1.33986,1.33997,1.33985,181
2016-11-22 12:35:00,2016-11-22 12:36:00,1.33967,1.33984,1.33989,1.33964,1.33986,1.34003,1.34007,1.33984,140
2016-11-22 12:36:00,2016-11-22 12:37:00,1.33984,1.33977,1.33992,1.3397,1.34003,1.33999,1.34011,1.33987,122
2016-11-22 12:37:00,2016-11-22 12:38:00,1.33977,1.33986,1.33995,1.33979,1.33999,1.34007,1.34017,1.33999,116
2016-11-22 12:38:00,2016-11-22 12:39:00,1.33986,1.33977,1.33993,1.33977,1.34007,1.33999,1.34013,1.33998,187
2016-11-22 12:39:00,2016-11-22 12:40:00,1.33977,1.33982,1.33992,1.33969,1.33999,1.34004,1.34015,1.33989,165
2016-11-22 12:40:00,2016-11-22 12:41:00,1.33982,1.33966,1.33982,1.33963,1.34004,1.33986,1.34003,1.33983,134
2016-11-22 12:41:00,2016-11-22 12:42:00,1.33966,1.33976,1.33977,1.33961,1.33986,1.34,1.34,1.33983,169
2016-11-22 12:42:00,2016-11-22 12:43:00,1.33976,1.33988,1.33994,1.33977,1.34,1.34012,1.34018,1.34,83
2016-11-22 12:43:00,2016-11-22 12:44:00,1.33988,1.33987,1.33999,1.33975,1.34012,1.3401,1.34018,1.33996,231
2016-11-22 12:44:00,2016-11-22 12:45:00,1.33987,1.34033,1.3404,1.33985,1.3401,1.34057,1.34065,1.34009,594
2016-11-22 12:45:00,2016-11-22 12:46:00,1.34033,1.34045,1.34053,1.34019,1.34057,1.34068,1.34077,1.34043,326
2016-11-22 12:46:00,2016-11-22 12:47:00,1.34045,1.34046,1.34047,1.34037,1.34068,1.34071,1.34072,1.3406,200
2016-11-22 12:47:00,2016-11-22 12:48:00,1.34046,1.34054,1.34054,1.34043,1.34071,1.34075,1.34075,1.34065,117
2016-11-22 12:48:00,2016-11-22 12:49:00,1.34054,1.34079,1.34083,1.34045,1.34075,1.34101,1.34105,1.34067,318
2016-11-22 12:49:00,2016-11-22 12:50:00,1.34079,1.3412,1.34121,1.34078,1.34101,1.34141,1.34144,1.34099,478
2016-11-22 12:50:00,2016-11-22 12:51:00,1.3412,1.34111,1.34135,1.341,1.34141,1.34134,1.34159,1.34122,472
2016-11-22 12:51:00,2016-11-22 12:52:00,1.34111,1.34094,1.34114,1.34081,1.34134,1.34116,1.34138,1.34103,414
2016-11-22 12:52:00,2016-11-22 12:53:00,1.34094,1.341,1.34109,1.34093,1.34116,1.34123,1.34131,1.34116,256
2016-11-22 12:53:00,2016-11-22 12:54:00,1.341,1.34073,1.34102,1.34065,1.34123,1.34095,1.34123,1.34089,257
2016-11-22 12:54:00,2016-11-22 12:55:00,1.34073,1.34124,1.34124,1.3407,1.34095,1.34144,1.34144,1.3409,358
2016-11-22 12:55:00,2016-11-22 12:56:00,1.34124,1.34111,1.34125,1.34095,1.34144,1.34132,1.34146,1.3412,226
2016-11-22 12:56:00,2016-11-22 12:57:00,1.34111,1.34082,1.34112,1.34072,1.34132,1.34106,1.34132,1.34095,423
2016-11-22 12:57:00,2016-11-22 12:58:00,1.34082,1.34086,1.34088,1.34057,1.34106,1.34107,1.34108,1.3408,350
2016-11-22 12:58:00,2016-11-22 12:59:00,1.34086,1.34095,1.34102,1.34074,1.34107,1.34117,1.34123,1.34094,436
2016-11-22 12:59:00,2016-11-22 13:00:00,1.34095,1.34065,1.34109,1.34064,1.34117,1.34088,1.34133,1.34087,451
2016-11-22 13:00:00,2016-11-22 13:01:00,1.34065,1.34042,1.34071,1.34034,1.34088,1.34066,1.34093,1.34059,464
2016-11-22 13:01:00,2016-11-22 13:02:00,1.34042,1.34003,1.34047,1.34003,1.34066,1.34028,1.3407,1.34028,338
2016-11-22 13:02:00,2016-11-22 13:03:00,1.34003,1.34,1.34034,1.33998,1.34028,1.34023,1.34053,1.34023,311
2016-11-22 13:03:00,2016-11-22 13:04:00,1.34,1.33964,1.34013,1.33963,1.34023,1.3399,1.34033,1.33986,420
2016-11-22 13:04:00,2016-11-22 13:05:00,1.33964,1.33948,1.33975,1.33948,1.3399,1.3397,1.33993,1.3397,249
2016-11-22 13:05:00,2016-11-22 13:06:00,1.33948,1.33975,1.33978,1.33936,1.3397,1.33998,1.34002,1.33958,223
2016-11-22 13:06:00,2016-11-22 13:07:00,1.33975,1.33977,1.33988,1.33968,1.33998,1.33998,1.34011,1.33988,222
2016-11-22 13:07:00,2016-11-22 13:08:00,1.33977,1.33986,1.33986,1.3396,1.33998,1.3401,1.3401,1.3398,254
2016-11-22 13:08:00,2016-11-22 13:09:00,1.33986,1.33948,1.33989,1.33948,1.3401,1.33973,1.34012,1.33973,224
2016-11-22 13:09:00,2016-11-22 13:10:00,1.33948,1.33982,1.33997,1.33949,1.33973,1.34003,1.34019,1.33973,630
2016-11-22 13:10:00,2016-11-22 13:11:00,1.33982,1.34002,1.34002,1.33967,1.34003,1.34022,1.34022,1.33987,269
2016-11-22 13:11:00,2016-11-22 13:12:00,1.34002,1.34,1.34017,1.3399,1.34022,1.34021,1.34037,1.34011,244
2016-11-22 13:12:00,2016-11-22 13:13:00,1.34,1.34027,1.3403,1.33976,1.34021,1.34053,1.34056,1.33999,408
2016-11-22 13:13:00,2016-11-22 13:14:00,1.34027,1.3402,1.34029,1.33995,1.34053,1.34047,1.34055,1.3402,304
2016-11-22 13:14:00,2016-11-22 13:15:00,1.3402,1.33975,1.34027,1.33974,1.34047,1.34002,1.34052,1.34,347
2016-11-22 13:15:00,2016-11-22 13:16:00,1.33975,1.33966,1.33979,1.33957,1.34002,1.33991,1.34002,1.33979,233
2016-11-22 13:16:00,2016-11-22 13:17:00,1.33966,1.33961,1.33966,1.33939,1.33991,1.33984,1.33991,1.33965,229
2016-11-22 13:17:00,2016-11-22 13:18:00,1.33961,1.33981,1.33981,1.33959,1.33984,1.34005,1.34007,1.33983,210
2016-11-22 13:18:00,2016-11-22 13:19:00,1.33981,1.33994,1.33994,1.33975,1.34005,1.34015,1.34016,1.33996,205
2016-11-22 13:19:00,2016-11-22 13:20:00,1.33994,1.3401,1.3404,1.33994,1.34015,1.34036,1.34064,1.34016,436
2016-11-22 13:20:00,2016-11-22 13:21:00,1.3401,1.3402,1.34049,1.34008,1.34036,1.34044,1.34074,1.34031,381
2016-11-22 13:21:00,2016-11-22 13:22:00,1.3402,1.3405,1.34059,1.34009,1.34044,1.34075,1.34085,1.34034,366
2016-11-22 13:22:00,2016-11-22 13:23:00,1.3405,1.34073,1.34092,1.34048,1.34075,1.34094,1.34117,1.34072,606
2016-11-22 13:23:00,2016-11-22 13:24:00,1.34073,1.34071,1.34081,1.34051,1.34094,1.34094,1.34104,1.34074,540
2016-11-22 13:24:00,2016-11-22 13:25:00,1.34071,1.34085,1.3411,1.34063,1.34094,1.34105,1.34135,1.34085,740
2016-11-22 13:25:00,2016-11-22 13:26:00,1.34085,1.34117,1.34133,1.34079,1.34105,1.34141,1.34159,1.34101,616
2016-11-22 13:26:00,2016-11-22 13:27:00,1.34117,1.34099,1.34118,1.34099,1.34141,1.34121,1.34141,1.34119,430
2016-11-22 13:27:00,2016-11-22 13:28:00,1.34099,1.34103,1.34122,1.34087,1.34121,1.34127,1.34145,1.3411,509
2016-11-22 13:28:00,2016-11-22 13:29:00,1.34103,1.34064,1.34129,1.34064,1.34127,1.34115,1.34156,1.34109,485
2016-11-22 13:29:00,2016-11-22 13:30:00,1.34064,1.34229,1.34298,1.34066,1.34115,1.34252,1.34346,1.34115,1756
2016-11-22 13:30:00,2016-11-22 13:31:00,1.34229,1.34175,1.34229,1.34162,1.34252,1.342,1.34251,1.34187,776
2016-11-22 13:31:00,2016-11-22 13:32:00,1.34175,1.34251,1.34252,1.34175,1.342,1.34275,1.34275,1.34199,637
2016-11-22 13:32:00,2016-11-22 13:33:00,1.34251,1.34238,1.34265,1.34228,1.34275,1.34261,1.34289,1.3425,487
2016-11-22 13:33:00,2016-11-22 13:34:00,1.34238,1.3427,1.34273,1.34225,1.34261,1.34293,1.34296,1.34251,574
2016-11-22 13:34:00,2016-11-22 13:35:00,1.3427,1.3422,1.3428,1.34211,1.34293,1.34245,1.34306,1.34234,533
2016-11-22 13:35:00,2016-11-22 13:36:00,1.3422,1.3421,1.3425,1.34207,1.34245,1.34233,1.34273,1.34231,336
2016-11-22 13:36:00,2016-11-22 13:37:00,1.3421,1.34226,1.34231,1.34201,1.34233,1.34248,1.34253,1.34224,344
2016-11-22 13:37:00,2016-11-22 13:38:00,1.34226,1.34241,1.34246,1.34216,1.34248,1.34264,1.34268,1.34241,461
2016-11-22 13:38:00,2016-11-22 13:39:00,1.34241,1.34191,1.3424,1.34191,1.34264,1.34215,1.34264,1.34211,528
2016-11-22 13:39:00,2016-11-22 13:40:00,1.34191,1.34178,1.34206,1.34169,1.34215,1.34199,1.34229,1.3419,599
2016-11-22 13:40:00,2016-11-22 13:41:00,1.34178,1.34164,1.34179,1.34158,1.34199,1.34186,1.34199,1.34178,326
2016-11-22 13:41:00,2016-11-22 13:42:00,1.34164,1.34163,1.34171,1.34153,1.34186,1.34185,1.34194,1.34175,177
2016-11-22 13:42:00,2016-11-22 13:43:00,1.34163,1.3416,1.34175,1.34153,1.34185,1.34178,1.34196,1.34174,295
2016-11-22 13:43:00,2016-11-22 13:44:00,1.3416,1.34151,1.34161,1.34148,1.34178,1.34176,1.34186,1.34171,298
2016-11-22 13:44:00,2016-11-22 13:45:00,1.34151,1.34129,1.34176,1.34099,1.34176,1.34155,1.342,1.34124,921
2016-11-22 13:45:00,2016-11-22 13:46:00,1.34129,1.3419,1.34219,1.34127,1.34155,1.34209,1.34241,1.34152,1854
2016-11-22 13:46:00,2016-11-22 13:47:00,1.3419,1.34185,1.34222,1.34178,1.34209,1.34208,1.34246,1.34202,791
2016-11-22 13:47:00,2016-11-22 13:48:00,1.34185,1.34191,1.34204,1.34173,1.34208,1.34213,1.34226,1.34195,539
2016-11-22 13:48:00,2016-11-22 13:49:00,1.34191,1.34239,1.3424,1.34183,1.34213,1.34264,1.34264,1.34202,573
2016-11-22 13:49:00,2016-11-22 13:50:00,1.34239,1.34244,1.34272,1.34229,1.34264,1.34266,1.34295,1.3425,876
2016-11-22 13:50:00,2016-11-22 13:51:00,1.34244,1.34187,1.34246,1.34179,1.34266,1.34211,1.34268,1.34201,661
2016-11-22 13:51:00,2016-11-22 13:52:00,1.34187,1.34214,1.34217,1.34186,1.34211,1.34238,1.34238,1.34211,571
2016-11-22 13:52:00,2016-11-22 13:53:00,1.34214,1.3421,1.34218,1.34179,1.34238,1.34231,1.34241,1.34198,492
2016-11-22 13:53:00,2016-11-22 13:54:00,1.3421,1.34184,1.34209,1.34175,1.34231,1.34206,1.34232,1.342,341
2016-11-22 13:54:00,2016-11-22 13:55:00,1.34184,1.34146,1.34184,1.34137,1.34206,1.34166,1.34208,1.3416,364
2016-11-22 13:55:00,2016-11-22 13:56:00,1.34146,1.34146,1.34154,1.34132,1.34166,1.34168,1.34177,1.34152,584
2016-11-22 13:56:00,2016-11-22 13:57:00,1.34146,1.34137,1.3416,1.34121,1.34168,1.34157,1.34181,1.34144,500
2016-11-22 13:57:00,2016-11-22 13:58:00,1.34137,1.34128,1.34138,1.34116,1.34157,1.3415,1.34157,1.34139,210
2016-11-22 13:58:00,2016-11-22 13:59:00,1.34128,1.34138,1.34138,1.34109,1.3415,1.34158,1.3416,1.34131,395
2016-11-22 13:59:00,2016-11-22 14:00:00,1.34138,1.34098,1.34139,1.34097,1.34158,1.3412,1.34162,1.3412,657
2016-11-22 14:00:00,2016-11-22 14:01:00,1.34098,1.3409,1.34118,1.34087,1.3412,1.34111,1.34143,1.34111,356
2016-11-22 14:01:00,2016-11-22 14:02:00,1.3409,1.34089,1.3411,1.34079,1.34111,1.34109,1.34133,1.341,310
2016-11-22 14:02:00,2016-11-22 14:03:00,1.34089,1.34049,1.34089,1.34049,1.34109,1.34073,1.34111,1.34073,278
2016-11-22 14:03:00,2016-11-22 14:04:00,1.34049,1.34039,1.34062,1.34035,1.34073,1.34061,1.34086,1.34057,406
2016-11-22 14:04:00,2016-11-22 14:05:00,1.34039,1.34048,1.34068,1.34037,1.34061,1.34066,1.34089,1.34058,346
2016-11-22 14:05:00,2016-11-22 14:06:00,1.34048,1.34039,1.34052,1.34028,1.34066,1.34062,1.34071,1.3405,436
2016-11-22 14:06:00,2016-11-22 14:07:00,1.34039,1.34044,1.34058,1.34036,1.34062,1.34067,1.34081,1.34059,414
2016-11-22 14:07:00,2016-11-22 14:08:00,1.34044,1.34037,1.34049,1.34036,1.34067,1.34058,1.34072,1.34058,308
2016-11-22 14:08:00,2016-11-22 14:09:00,1.34037,1.34018,1.34038,1.34017,1.34058,1.3404,1.34061,1.34037,266
2016-11-22 14:09:00,2016-11-22 14:10:00,1.34018,1.33974,1.34029,1.33962,1.3404,1.34,1.34052,1.33984,613
2016-11-22 14:10:00,2016-11-22 14:11:00,1.33974,1.33962,1.34001,1.33962,1.34,1.33987,1.34023,1.33987,537
2016-11-22 14:11:00,2016-11-22 14:12:00,1.33962,1.33965,1.33979,1.33931,1.33987,1.33988,1.34,1.33954,601
2016-11-22 14:12:00,2016-11-22 14:13:00,1.33965,1.33934,1.33965,1.33927,1.33988,1.33955,1.33988,1.33949,775
2016-11-22 14:13:00,2016-11-22 14:14:00,1.33934,1.3397,1.33975,1.3393,1.33955,1.33991,1.33996,1.3395,450
2016-11-22 14:14:00,2016-11-22 14:15:00,1.3397,1.33971,1.33983,1.33944,1.33991,1.33988,1.34006,1.33968,619
2016-11-22 14:15:00,2016-11-22 14:16:00,1.33971,1.34001,1.34004,1.33968,1.33988,1.34026,1.34028,1.33988,412
2016-11-22 14:16:00,2016-11-22 14:17:00,1.34001,1.33964,1.34001,1.33956,1.34026,1.33989,1.34025,1.33979,499
2016-11-22 14:17:00,2016-11-22 14:18:00,1.33964,1.33993,1.33995,1.33964,1.33989,1.34017,1.34019,1.33985,462
2016-11-22 14:18:00,2016-11-22 14:19:00,1.33993,1.33966,1.33995,1.33959,1.34017,1.33987,1.34019,1.33981,391
2016-11-22 14:19:00,2016-11-22 14:20:00,1.33966,1.33995,1.33995,1.33966,1.33987,1.34016,1.34017,1.33987,357
2016-11-22 14:20:00,2016-11-22 14:21:00,1.33995,1.3399,1.34023,1.3399,1.34016,1.34013,1.34045,1.34012,258
2016-11-22 14:21:00,2016-11-22 14:22:00,1.3399,1.33938,1.33993,1.33937,1.34013,1.33962,1.34013,1.33961,469
2016-11-22 14:22:00,2016-11-22 14:23:00,1.33938,1.33939,1.33948,1.3391,1.33962,1.33957,1.33971,1.33933,409
2016-11-22 14:23:00,2016-11-22 14:24:00,1.33939,1.33929,1.33946,1.33921,1.33957,1.33952,1.33962,1.33941,313
2016-11-22 14:24:00,2016-11-22 14:25:00,1.33929,1.33906,1.33933,1.33906,1.33952,1.33928,1.33955,1.33928,500
2016-11-22 14:25:00,2016-11-22 14:26:00,1.33906,1.33917,1.33925,1.33895,1.33928,1.33937,1.33946,1.33917,384
2016-11-22 14:26:00,2016-11-22 14:27:00,1.33917,1.33912,1.33923,1.33904,1.33937,1.33936,1.33945,1.33927,334
2016-11-22 14:27:00,2016-11-22 14:28:00,1.33912,1.33892,1.33914,1.33884,1.33936,1.33916,1.33937,1.33907,393
2016-11-22 14:28:00,2016-11-22 14:29:00,1.33892,1.33867,1.33893,1.33866,1.33916,1.33887,1.33916,1.33885,363
2016-11-22 14:29:00,2016-11-22 14:30:00,1.33867,1.33867,1.33881,1.33852,1.33887,1.33891,1.33905,1.33873,477
2016-11-22 14:30:00,2016-11-22 14:31:00,1.33867,1.33806,1.33869,1.33802,1.33891,1.33832,1.33893,1.33826,551
2016-11-22 14:31:00,2016-11-22 14:32:00,1.33806,1.33839,1.33844,1.33803,1.33832,1.33859,1.33865,1.33827,405
2016-11-22 14:32:00,2016-11-22 14:33:00,1.33839,1.33823,1.33862,1.3382,1.33859,1.33847,1.33887,1.33843,508
2016-11-22 14:33:00,2016-11-22 14:34:00,1.33823,1.33874,1.33879,1.33823,1.33847,1.33896,1.339,1.33847,524
2016-11-22 14:34:00,2016-11-22 14:35:00,1.33874,1.33914,1.33916,1.33869,1.33896,1.33936,1.33939,1.33892,489
2016-11-22 14:35:00,2016-11-22 14:36:00,1.33914,1.33939,1.33939,1.33879,1.33936,1.33961,1.33961,1.33905,897
2016-11-22 14:36:00,2016-11-22 14:37:00,1.33939,1.33905,1.33939,1.33894,1.33961,1.33927,1.33963,1.33917,694
2016-11-22 14:37:00,2016-11-22 14:38:00,1.33905,1.33865,1.33932,1.33862,1.33927,1.33887,1.33956,1.33885,665
2016-11-22 14:38:00,2016-11-22 14:39:00,1.33865,1.33906,1.33907,1.33866,1.33887,1.33929,1.33929,1.33887,271
2016-11-22 14:39:00,2016-11-22 14:40:00,1.33906,1.3394,1.33967,1.33903,1.33929,1.33964,1.33993,1.33927,654
2016-11-22 14:40:00,2016-11-22 14:41:00,1.3394,1.3393,1.33959,1.33928,1.33964,1.33955,1.33982,1.33951,554
2016-11-22 14:41:00,2016-11-22 14:42:00,1.3393,1.33931,1.33937,1.33906,1.33955,1.33954,1.33961,1.33929,529
2016-11-22 14:42:00,2016-11-22 14:43:00,1.33931,1.33921,1.33931,1.33893,1.33954,1.33946,1.33954,1.33919,590
2016-11-22 14:43:00,2016-11-22 14:44:00,1.33921,1.33939,1.33943,1.33883,1.33946,1.33964,1.33968,1.33908,792
2016-11-22 14:44:00,2016-11-22 14:45:00,1.33939,1.33958,1.33977,1.3394,1.33964,1.33981,1.34,1.33961,544
2016-11-22 14:45:00,2016-11-22 14:46:00,1.33958,1.33978,1.33979,1.33949,1.33981,1.33999,1.33999,1.33969,350
2016-11-22 14:46:00,2016-11-22 14:47:00,1.33978,1.33993,1.34014,1.33971,1.33999,1.34017,1.34036,1.33994,485
2016-11-22 14:47:00,2016-11-22 14:48:00,1.33993,1.33966,1.33996,1.33964,1.34017,1.33988,1.34018,1.33986,281
2016-11-22 14:48:00,2016-11-22 14:49:00,1.33966,1.34002,1.34014,1.33964,1.33988,1.34024,1.34036,1.33985,287
2016-11-22 14:49:00,2016-11-22 14:50:00,1.34002,1.34003,1.34028,1.33979,1.34024,1.34024,1.3405,1.34001,449
2016-11-22 14:50:00,2016-11-22 14:51:00,1.34003,1.33988,1.34019,1.33982,1.34024,1.3401,1.3404,1.34003,355
2016-11-22 14:51:00,2016-11-22 14:52:00,1.33988,1.33942,1.33988,1.33939,1.3401,1.33963,1.3401,1.3396,281
2016-11-22 14:52:00,2016-11-22 14:53:00,1.33942,1.33954,1.33975,1.33933,1.33963,1.33975,1.33997,1.33957,547
2016-11-22 14:53:00,2016-11-22 14:54:00,1.33954,1.33952,1.33968,1.33918,1.33975,1.33974,1.3399,1.33939,476
2016-11-22 14:54:00,2016-11-22 14:55:00,1.33952,1.33923,1.3396,1.33909,1.33974,1.33943,1.33981,1.33931,576
2016-11-22 14:55:00,2016-11-22 14:56:00,1.33923,1.33929,1.33937,1.3392,1.33943,1.33952,1.33955,1.33942,283
2016-11-22 14:56:00,2016-11-22 14:57:00,1.33929,1.33933,1.33934,1.33919,1.33952,1.33955,1.33956,1.3394,213
2016-11-22 14:57:00,2016-11-22 14:58:00,1.33933,1.33928,1.33951,1.33927,1.33955,1.33949,1.33972,1.33947,247
2016-11-22 14:58:00,2016-11-22 14:59:00,1.33928,1.33897,1.33928,1.33885,1.33949,1.33922,1.33947,1.33912,359
2016-11-22 14:59:00,2016-11-22 15:00:00,1.33897,1.33925,1.3394,1.33896,1.33922,1.33949,1.33965,1.33921,612
2016-11-22 15:00:00,2016-11-22 15:01:00,1.33925,1.33938,1.33954,1.33921,1.33949,1.33964,1.33978,1.33943,621
2016-11-22 15:01:00,2016-11-22 15:02:00,1.33938,1.33924,1.33944,1.33915,1.33964,1.33948,1.33969,1.33939,495
2016-11-22 15:02:00,2016-11-22 15:03:00,1.33924,1.33941,1.33945,1.33911,1.33948,1.33963,1.33968,1.33932,617
2016-11-22 15:03:00,2016-11-22 15:04:00,1.33941,1.33874,1.33944,1.33869,1.33963,1.33899,1.33967,1.33894,711
2016-11-22 15:04:00,2016-11-22 15:05:00,1.33874,1.3389,1.33893,1.33861,1.33899,1.33913,1.33916,1.33882,624
2016-11-22 15:05:00,2016-11-22 15:06:00,1.3389,1.33899,1.33922,1.33874,1.33913,1.33922,1.33942,1.33895,621
2016-11-22 15:06:00,2016-11-22 15:07:00,1.33899,1.33936,1.33945,1.33892,1.33922,1.33958,1.33966,1.33916,542
2016-11-22 15:07:00,2016-11-22 15:08:00,1.33936,1.33944,1.33951,1.33921,1.33958,1.33965,1.33971,1.33943,516
2016-11-22 15:08:00,2016-11-22 15:09:00,1.33944,1.33952,1.33978,1.33942,1.33965,1.33975,1.33998,1.33963,652
2016-11-22 15:09:00,2016-11-22 15:10:00,1.33952,1.3391,1.33955,1.33903,1.33975,1.33932,1.33976,1.33926,700
2016-11-22 15:10:00,2016-11-22 15:11:00,1.3391,1.33906,1.33909,1.33878,1.33932,1.33928,1.33933,1.33901,549
2016-11-22 15:11:00,2016-11-22 15:12:00,1.33906,1.33913,1.33925,1.33901,1.33928,1.33937,1.33947,1.33924,638
2016-11-22 15:12:00,2016-11-22 15:13:00,1.33913,1.33932,1.33941,1.3391,1.33937,1.33955,1.33962,1.33931,480
2016-11-22 15:13:00,2016-11-22 15:14:00,1.33932,1.33951,1.33953,1.33927,1.33955,1.33971,1.33973,1.33947,573
2016-11-22 15:14:00,2016-11-22 15:15:00,1.33951,1.33958,1.33971,1.33929,1.33971,1.3398,1.3399,1.3395,676
2016-11-22 15:15:00,2016-11-22 15:16:00,1.33958,1.3398,1.33988,1.33947,1.3398,1.34004,1.34009,1.33971,521
2016-11-22 15:16:00,2016-11-22 15:17:00,1.3398,1.34024,1.3403,1.33966,1.34004,1.34042,1.34053,1.33989,596
2016-11-22 15:17:00,2016-11-22 15:18:00,1.34024,1.34047,1.34104,1.3402,1.34042,1.3407,1.34125,1.34042,784
2016-11-22 15:18:00,2016-11-22 15:19:00,1.34047,1.34077,1.3408,1.34045,1.3407,1.34098,1.34103,1.34067,397
2016-11-22 15:19:00,2016-11-22 15:20:00,1.34077,1.34161,1.34165,1.34077,1.34098,1.34185,1.34189,1.34097,1061
2016-11-22 15:20:00,2016-11-22 15:21:00,1.34161,1.3415,1.34193,1.34143,1.34185,1.34166,1.34214,1.34166,944
2016-11-22 15:21:00,2016-11-22 15:22:00,1.3415,1.3415,1.34171,1.34121,1.34166,1.34173,1.34187,1.34144,365
2016-11-22 15:22:00,2016-11-22 15:23:00,1.3415,1.34191,1.342,1.34148,1.34173,1.3421,1.34223,1.34165,673
2016-11-22 15:23:00,2016-11-22 15:24:00,1.34191,1.34183,1.34208,1.34166,1.3421,1.34202,1.34231,1.34184,724
2016-11-22 15:24:00,2016-11-22 15:25:00,1.34183,1.3419,1.34201,1.34169,1.34202,1.34215,1.34224,1.34197,425
2016-11-22 15:25:00,2016-11-22 15:26:00,1.3419,1.34234,1.34234,1.34183,1.34215,1.34255,1.34256,1.34207,711
2016-11-22 15:26:00,2016-11-22 15:27:00,1.34234,1.34283,1.34283,1.34221,1.34255,1.34303,1.34308,1.34239,651
2016-11-22 15:27:00,2016-11-22 15:28:00,1.34283,1.34298,1.34325,1.34278,1.34303,1.34323,1.34346,1.34299,1097
2016-11-22 15:28:00,2016-11-22 15:29:00,1.34298,1.34301,1.34314,1.34287,1.34323,1.34325,1.34335,1.3431,505
2016-11-22 15:29:00,2016-11-22 15:30:00,1.34301,1.34298,1.3432,1.34289,1.34325,1.34324,1.34343,1.34312,654
2016-11-22 15:30:00,2016-11-22 15:31:00,1.34298,1.34302,1.34307,1.34271,1.34324,1.34323,1.34331,1.34295,379
2016-11-22 15:31:00,2016-11-22 15:32:00,1.34302,1.34335,1.34351,1.34299,1.34323,1.3436,1.34377,1.34323,436
2016-11-22 15:32:00,2016-11-22 15:33:00,1.34335,1.34348,1.34351,1.34317,1.3436,1.34367,1.34379,1.34342,469
2016-11-22 15:33:00,2016-11-22 15:34:00,1.34348,1.34383,1.34388,1.34347,1.34367,1.34405,1.3441,1.34367,709
2016-11-22 15:34:00,2016-11-22 15:35:00,1.34383,1.34332,1.34383,1.34303,1.34405,1.34354,1.34405,1.34328,789
2016-11-22 15:35:00,2016-11-22 15:36:00,1.34332,1.34338,1.34359,1.34332,1.34354,1.34358,1.3438,1.34354,449
2016-11-22 15:36:00,2016-11-22 15:37:00,1.34338,1.34308,1.34338,1.34299,1.34358,1.34332,1.34357,1.34323,455
2016-11-22 15:37:00,2016-11-22 15:38:00,1.34308,1.34291,1.34322,1.34291,1.34332,1.34312,1.34345,1.34308,367
2016-11-22 15:38:00,2016-11-22 15:39:00,1.34291,1.34238,1.34292,1.34232,1.34312,1.34262,1.34316,1.34256,483
2016-11-22 15:39:00,2016-11-22 15:40:00,1.34238,1.3422,1.34248,1.34209,1.34262,1.34245,1.34271,1.3423,578
2016-11-22 15:40:00,2016-11-22 15:41:00,1.3422,1.34243,1.34284,1.34213,1.34245,1.34266,1.34306,1.34235,653
2016-11-22 15:41:00,2016-11-22 15:42:00,1.34243,1.34245,1.34248,1.34227,1.34266,1.34267,1.34271,1.34248,252
2016-11-22 15:42:00,2016-11-22 15:43:00,1.34245,1.34271,1.34271,1.34244,1.34267,1.34294,1.34294,1.34268,309
2016-11-22 15:43:00,2016-11-22 15:44:00,1.34271,1.34272,1.34274,1.34262,1.34294,1.34292,1.34298,1.34282,226
2016-11-22 15:44:00,2016-11-22 15:45:00,1.34272,1.34237,1.34276,1.34228,1.34292,1.34261,1.34298,1.34253,345
2016-11-22 15:45:00,2016-11-22 15:46:00,1.34237,1.34256,1.34265,1.34235,1.34261,1.3428,1.34288,1.34259,435
2016-11-22 15:46:00,2016-11-22 15:47:00,1.34256,1.34271,1.3428,1.34234,1.3428,1.34294,1.34305,1.34258,455
2016-11-22 15:47:00,2016-11-22 15:48:00,1.34271,1.34246,1.34271,1.34246,1.34294,1.34265,1.34294,1.34265,240
2016-11-22 15:48:00,2016-11-22 15:49:00,1.34246,1.34207,1.34246,1.34207,1.34265,1.34231,1.34263,1.34231,223
2016-11-22 15:49:00,2016-11-22 15:50:00,1.34207,1.34226,1.34236,1.34204,1.34231,1.3425,1.34255,1.34226,317
2016-11-22 15:50:00,2016-11-22 15:51:00,1.34226,1.34216,1.34229,1.34216,1.3425,1.34238,1.34251,1.34237,209
2016-11-22 15:51:00,2016-11-22 15:52:00,1.34216,1.34211,1.34216,1.34193,1.34238,1.34237,1.34238,1.34216,246
2016-11-22 15:52:00,2016-11-22 15:53:00,1.34211,1.34217,1.34218,1.34206,1.34237,1.3424,1.34242,1.34229,248
2016-11-22 15:53:00,2016-11-22 15:54:00,1.34217,1.34263,1.34264,1.34197,1.3424,1.34282,1.34284,1.3422,488
2016-11-22 15:54:00,2016-11-22 15:55:00,1.34263,1.34236,1.34272,1.34228,1.34282,1.34257,1.34294,1.34247,265
2016-11-22 15:55:00,2016-11-22 15:56:00,1.34236,1.34233,1.34255,1.34233,1.34257,1.34257,1.34278,1.34255,280
2016-11-22 15:56:00,2016-11-22 15:57:00,1.34233,1.34208,1.34264,1.34192,1.34257,1.3423,1.34287,1.34216,672
2016-11-22 15:57:00,2016-11-22 15:58:00,1.34208,1.34179,1.3421,1.3416,1.3423,1.34203,1.34234,1.34183,598
2016-11-22 15:58:00,2016-11-22 15:59:00,1.34179,1.34196,1.34199,1.34156,1.34203,1.34218,1.34218,1.34178,668
2016-11-22 15:59:00,2016-11-22 16:00:00,1.34196,1.34125,1.34196,1.3412,1.34218,1.34147,1.34219,1.34144,782
2016-11-22 16:00:00,2016-11-22 16:01:00,1.34125,1.34139,1.34154,1.34106,1.34147,1.34161,1.34176,1.34129,740
2016-11-22 16:01:00,2016-11-22 16:02:00,1.34139,1.3413,1.3415,1.34113,1.34161,1.34154,1.34171,1.34132,963
2016-11-22 16:02:00,2016-11-22 16:03:00,1.3413,1.3413,1.34162,1.34119,1.34154,1.34151,1.34181,1.34142,746
2016-11-22 16:03:00,2016-11-22 16:04:00,1.3413,1.34119,1.3415,1.34119,1.34151,1.34143,1.34172,1.34142,487
2016-11-22 16:04:00,2016-11-22 16:05:00,1.34119,1.34112,1.34123,1.34102,1.34143,1.34135,1.34144,1.34125,378
2016-11-22 16:05:00,2016-11-22 16:06:00,1.34112,1.34101,1.34119,1.3409,1.34135,1.34124,1.34141,1.34112,587
2016-11-22 16:06:00,2016-11-22 16:07:00,1.34101,1.34068,1.34112,1.34064,1.34124,1.34089,1.34131,1.34086,771
2016-11-22 16:07:00,2016-11-22 16:08:00,1.34068,1.34091,1.34104,1.34044,1.34089,1.34114,1.34125,1.34067,802
2016-11-22 16:08:00,2016-11-22 16:09:00,1.34091,1.34138,1.34149,1.3408,1.34114,1.34158,1.34171,1.34102,628
2016-11-22 16:09:00,2016-11-22 16:10:00,1.34138,1.34086,1.34139,1.34071,1.34158,1.3411,1.34162,1.34094,644
2016-11-22 16:10:00,2016-11-22 16:11:00,1.34086,1.34116,1.34122,1.34081,1.3411,1.34135,1.34142,1.34104,620
2016-11-22 16:11:00,2016-11-22 16:12:00,1.34116,1.34147,1.34158,1.34112,1.34135,1.34167,1.34181,1.34131,298
2016-11-22 16:12:00,2016-11-22 16:13:00,1.34147,1.34201,1.34202,1.34142,1.34167,1.3422,1.3422,1.34166,365
2016-11-22 16:13:00,2016-11-22 16:14:00,1.34201,1.34248,1.34248,1.34173,1.3422,1.3427,1.34271,1.34195,615
2016-11-22 16:14:00,2016-11-22 16:15:00,1.34248,1.34228,1.34255,1.34222,1.3427,1.34249,1.34278,1.34247,421
2016-11-22 16:15:00,2016-11-22 16:16:00,1.34228,1.34241,1.3426,1.34211,1.34249,1.34267,1.34283,1.34233,593
2016-11-22 16:16:00,2016-11-22 16:17:00,1.34241,1.34229,1.34246,1.34209,1.34267,1.34254,1.34271,1.34234,445
2016-11-22 16:17:00,2016-11-22 16:18:00,1.34229,1.34203,1.34237,1.342,1.34254,1.34225,1.34261,1.34223,355
2016-11-22 16:18:00,2016-11-22 16:19:00,1.34203,1.34229,1.3423,1.34202,1.34225,1.34249,1.34253,1.34224,575
2016-11-22 16:19:00,2016-11-22 16:20:00,1.34229,1.34246,1.34266,1.34229,1.34249,1.34271,1.3429,1.34248,481
2016-11-22 16:20:00,2016-11-22 16:21:00,1.34246,1.34244,1.34249,1.34239,1.34271,1.34269,1.34272,1.34263,244
2016-11-22 16:21:00,2016-11-22 16:22:00,1.34244,1.34205,1.34244,1.34205,1.34269,1.34231,1.34268,1.3423,635
2016-11-22 16:22:00,2016-11-22 16:23:00,1.34205,1.34194,1.34212,1.34194,1.34231,1.34217,1.34236,1.34217,383
2016-11-22 16:23:00,2016-11-22 16:24:00,1.34194,1.34252,1.34252,1.34193,1.34217,1.34274,1.34274,1.34216,562
2016-11-22 16:24:00,2016-11-22 16:25:00,1.34252,1.34247,1.34283,1.34245,1.34274,1.34271,1.34306,1.34269,670
2016-11-22 16:25:00,2016-11-22 16:26:00,1.34247,1.34246,1.34258,1.34236,1.34271,1.3427,1.34282,1.34259,343
2016-11-22 16:26:00,2016-11-22 16:27:00,1.34246,1.3436,1.3436,1.34245,1.3427,1.3438,1.3438,1.34269,735
2016-11-22 16:27:00,2016-11-22 16:28:00,1.3436,1.34347,1.3436,1.34333,1.3438,1.3437,1.3438,1.34351,342
2016-11-22 16:28:00,2016-11-22 16:29:00,1.34347,1.34343,1.3436,1.34333,1.3437,1.34368,1.34382,1.34356,423
2016-11-22 16:29:00,2016-11-22 16:30:00,1.34343,1.34345,1.34369,1.34343,1.34368,1.34369,1.34394,1.34367,475
2016-11-22 16:30:00,2016-11-22 16:31:00,1.34345,1.34351,1.3437,1.34325,1.34369,1.34374,1.34395,1.3435,864
2016-11-22 16:31:00,2016-11-22 16:32:00,1.34351,1.3432,1.34352,1.34304,1.34374,1.34342,1.34373,1.34329,459
2016-11-22 16:32:00,2016-11-22 16:33:00,1.3432,1.34325,1.34339,1.34317,1.34342,1.34349,1.34362,1.3434,354
2016-11-22 16:33:00,2016-11-22 16:34:00,1.34325,1.34324,1.34336,1.34316,1.34349,1.34348,1.3436,1.3434,395
2016-11-22 16:34:00,2016-11-22 16:35:00,1.34324,1.34334,1.34334,1.34318,1.34348,1.34356,1.34357,1.34341,321
2016-11-22 16:35:00,2016-11-22 16:36:00,1.34334,1.3432,1.34346,1.34318,1.34356,1.34343,1.34369,1.34342,411
2016-11-22 16:36:00,2016-11-22 16:37:00,1.3432,1.34329,1.34341,1.34318,1.34343,1.34351,1.34362,1.3434,361
2016-11-22 16:37:00,2016-11-22 16:38:00,1.34329,1.3433,1.3434,1.34315,1.34351,1.34352,1.34361,1.34337,410
2016-11-22 16:38:00,2016-11-22 16:39:00,1.3433,1.34333,1.34342,1.34321,1.34352,1.34354,1.34364,1.34343,271
2016-11-22 16:39:00,2016-11-22 16:40:00,1.34333,1.34309,1.34338,1.34298,1.34354,1.34334,1.34362,1.34324,363
2016-11-22 16:40:00,2016-11-22 16:41:00,1.34309,1.34291,1.34313,1.3429,1.34334,1.34314,1.34334,1.34312,304
2016-11-22 16:41:00,2016-11-22 16:42:00,1.34291,1.343,1.34308,1.3428,1.34314,1.34322,1.3433,1.34303,242
2016-11-22 16:42:00,2016-11-22 16:43:00,1.343,1.34319,1.34329,1.34299,1.34322,1.34342,1.34353,1.34318,286
2016-11-22 16:43:00,2016-11-22 16:44:00,1.34319,1.34319,1.34329,1.34315,1.34342,1.34344,1.34351,1.34333,264
2016-11-22 16:44:00,2016-11-22 16:45:00,1.34319,1.34313,1.34327,1.34313,1.34344,1.34334,1.3435,1.34334,193
2016-11-22 16:45:00,2016-11-22 16:46:00,1.34313,1.34302,1.34319,1.343,1.34334,1.34324,1.34342,1.34322,294
2016-11-22 16:46:00,2016-11-22 16:47:00,1.34302,1.3431,1.3432,1.34287,1.34324,1.34331,1.34342,1.3431,591
2016-11-22 16:47:00,2016-11-22 16:48:00,1.3431,1.34308,1.34316,1.34298,1.34331,1.3433,1.34337,1.3432,268
2016-11-22 16:48:00,2016-11-22 16:49:00,1.34308,1.34298,1.34308,1.34297,1.3433,1.34317,1.34331,1.34317,179
2016-11-22 16:49:00,2016-11-22 16:50:00,1.34298,1.34312,1.34326,1.34295,1.34317,1.34336,1.34351,1.34316,294
2016-11-22 16:50:00,2016-11-22 16:51:00,1.34312,1.34311,1.34319,1.34304,1.34336,1.34332,1.34342,1.34326,324
2016-11-22 16:51:00,2016-11-22 16:52:00,1.34311,1.34291,1.34312,1.3428,1.34332,1.34316,1.34334,1.34303,363
2016-11-22 16:52:00,2016-11-22 16:53:00,1.34291,1.34284,1.34301,1.34283,1.34316,1.34307,1.34324,1.34307,387
2016-11-22 16:53:00,2016-11-22 16:54:00,1.34284,1.34293,1.34293,1.34283,1.34307,1.34314,1.34315,1.34305,311
2016-11-22 16:54:00,2016-11-22 16:55:00,1.34293,1.34421,1.34458,1.34293,1.34314,1.34446,1.3448,1.34315,1494
2016-11-22 16:55:00,2016-11-22 16:56:00,1.34421,1.34411,1.34466,1.34411,1.34446,1.34433,1.34487,1.34433,1349
2016-11-22 16:56:00,2016-11-22 16:57:00,1.34411,1.34409,1.34418,1.34399,1.34433,1.34428,1.3444,1.34421,862
2016-11-22 16:57:00,2016-11-22 16:58:00,1.34409,1.34417,1.34426,1.34395,1.34428,1.34442,1.3445,1.34416,701
2016-11-22 16:58:00,2016-11-22 16:59:00,1.34417,1.34454,1.34455,1.34399,1.34442,1.34479,1.3448,1.34421,618
2016-11-22 16:59:00,2016-11-22 17:00:00,1.34454,1.34449,1.34459,1.34416,1.34479,1.34471,1.3448,1.3444,688
2016-11-22 17:00:00,2016-11-22 17:01:00,1.34449,1.34459,1.34465,1.3442,1.34471,1.34483,1.34487,1.34444,724
2016-11-22 17:01:00,2016-11-22 17:02:00,1.34459,1.34451,1.34465,1.34443,1.34483,1.34475,1.34487,1.34468,324
2016-11-22 17:02:00,2016-11-22 17:03:00,1.34451,1.34459,1.34464,1.34449,1.34475,1.34481,1.34488,1.34474,366
2016-11-22 17:03:00,2016-11-22 17:04:00,1.34459,1.3451,1.3452,1.34459,1.34481,1.34529,1.34541,1.3448,411
2016-11-22 17:04:00,2016-11-22 17:05:00,1.3451,1.34464,1.3451,1.34441,1.34529,1.34487,1.34533,1.34467,664
2016-11-22 17:05:00,2016-11-22 17:06:00,1.34464,1.34463,1.34472,1.34443,1.34487,1.34486,1.34495,1.34468,334
2016-11-22 17:06:00,2016-11-22 17:07:00,1.34463,1.3447,1.34475,1.34442,1.34486,1.34496,1.34497,1.34467,380
2016-11-22 17:07:00,2016-11-22 17:08:00,1.3447,1.34481,1.34482,1.34469,1.34496,1.34501,1.34505,1.34494,330
2016-11-22 17:08:00,2016-11-22 17:09:00,1.34481,1.34468,1.34483,1.34466,1.34501,1.34491,1.34506,1.34486,484
2016-11-22 17:09:00,2016-11-22 17:10:00,1.34468,1.34454,1.34475,1.34449,1.34491,1.34479,1.34498,1.34473,651
2016-11-22 17:10:00,2016-11-22 17:11:00,1.34454,1.3448,1.34495,1.34442,1.34479,1.34503,1.34517,1.34464,1051
2016-11-22 17:11:00,2016-11-22 17:12:00,1.3448,1.34481,1.34504,1.34469,1.34503,1.34505,1.34525,1.34491,561
2016-11-22 17:12:00,2016-11-22 17:13:00,1.34481,1.34436,1.34482,1.34434,1.34505,1.3446,1.34505,1.34455,630
2016-11-22 17:13:00,2016-11-22 17:14:00,1.34436,1.34445,1.34453,1.34436,1.3446,1.34468,1.34477,1.34459,320
2016-11-22 17:14:00,2016-11-22 17:15:00,1.34445,1.34465,1.34472,1.34444,1.34468,1.34487,1.34497,1.34467,249
2016-11-22 17:15:00,2016-11-22 17:16:00,1.34465,1.34472,1.34486,1.3446,1.34487,1.34496,1.34509,1.34485,325
2016-11-22 17:16:00,2016-11-22 17:17:00,1.34472,1.34479,1.34485,1.34469,1.34496,1.34505,1.34506,1.34492,283
2016-11-22 17:17:00,2016-11-22 17:18:00,1.34479,1.34471,1.3448,1.34461,1.34505,1.34496,1.34504,1.34487,330
2016-11-22 17:18:00,2016-11-22 17:19:00,1.34471,1.34461,1.34475,1.3446,1.34496,1.34485,1.34498,1.34485,196
2016-11-22 17:19:00,2016-11-22 17:20:00,1.34461,1.34451,1.34464,1.34442,1.34485,1.34478,1.34487,1.34467,468
2016-11-22 17:20:00,2016-11-22 17:21:00,1.34451,1.34445,1.34454,1.34439,1.34478,1.3447,1.34479,1.34462,507
2016-11-22 17:21:00,2016-11-22 17:22:00,1.34445,1.34434,1.34447,1.34432,1.3447,1.34457,1.34472,1.34457,347
2016-11-22 17:22:00,2016-11-22 17:23:00,1.34434,1.34462,1.34462,1.34434,1.34457,1.34487,1.34489,1.34457,336
2016-11-22 17:23:00,2016-11-22 17:24:00,1.34462,1.34477,1.34482,1.34462,1.34487,1.34502,1.34508,1.34486,333
2016-11-22 17:24:00,2016-11-22 17:25:00,1.34477,1.34481,1.34482,1.34464,1.34502,1.34506,1.34507,1.34487,319
2016-11-22 17:25:00,2016-11-22 17:26:00,1.34481,1.34483,1.34489,1.34475,1.34506,1.34505,1.3451,1.345,247
2016-11-22 17:26:00,2016-11-22 17:27:00,1.34483,1.34495,1.34508,1.34476,1.34505,1.34519,1.34533,1.34501,508
2016-11-22 17:27:00,2016-11-22 17:28:00,1.34495,1.34497,1.34506,1.34483,1.34519,1.34521,1.34529,1.34504,373
2016-11-22 17:28:00,2016-11-22 17:29:00,1.34497,1.34503,1.3451,1.34496,1.34521,1.34524,1.34532,1.34518,215
2016-11-22 17:29:00,2016-11-22 17:30:00,1.34503,1.34505,1.34516,1.34501,1.34524,1.34529,1.3454,1.34522,260
2016-11-22 17:30:00,2016-11-22 17:31:00,1.34505,1.34545,1.34555,1.34505,1.34529,1.34569,1.34572,1.34529,243
2016-11-22 17:31:00,2016-11-22 17:32:00,1.34545,1.34516,1.34547,1.3451,1.34569,1.34536,1.34568,1.34532,297
2016-11-22 17:32:00,2016-11-22 17:33:00,1.34516,1.34527,1.34527,1.34514,1.34536,1.3455,1.3455,1.34536,207
2016-11-22 17:33:00,2016-11-22 17:34:00,1.34527,1.34547,1.34555,1.34528,1.3455,1.34568,1.34577,1.3455,169
2016-11-22 17:34:00,2016-11-22 17:35:00,1.34547,1.34615,1.34625,1.34544,1.34568,1.3464,1.3465,1.34566,654
2016-11-22 17:35:00,2016-11-22 17:36:00,1.34615,1.34594,1.34614,1.3457,1.3464,1.34618,1.34639,1.34593,472
2016-11-22 17:36:00,2016-11-22 17:37:00,1.34594,1.34592,1.34597,1.34584,1.34618,1.34611,1.34622,1.34606,220
2016-11-22 17:37:00,2016-11-22 17:38:00,1.34592,1.3459,1.34593,1.34587,1.34611,1.34609,1.34614,1.34607,101
2016-11-22 17:38:00,2016-11-22 17:39:00,1.3459,1.34598,1.34609,1.34581,1.34609,1.34621,1.34632,1.34604,439
2016-11-22 17:39:00,2016-11-22 17:40:00,1.34598,1.3457,1.34599,1.34561,1.34621,1.34588,1.34623,1.34585,527
2016-11-22 17:40:00,2016-11-22 17:41:00,1.3457,1.34586,1.34587,1.34553,1.34588,1.34611,1.34611,1.34577,214
2016-11-22 17:41:00,2016-11-22 17:42:00,1.34586,1.34607,1.34607,1.34569,1.34611,1.34632,1.34633,1.34594,400
2016-11-22 17:42:00,2016-11-22 17:43:00,1.34607,1.34619,1.34619,1.34601,1.34632,1.34641,1.34643,1.34626,235
2016-11-22 17:43:00,2016-11-22 17:44:00,1.34619,1.34619,1.3462,1.3461,1.34641,1.34641,1.34643,1.3463,169
2016-11-22 17:44:00,2016-11-22 17:45:00,1.34619,1.34582,1.34618,1.34582,1.34641,1.34605,1.34642,1.34604,282
2016-11-22 17:45:00,2016-11-22 17:46:00,1.34582,1.34612,1.34613,1.34575,1.34605,1.34634,1.34634,1.34601,394
2016-11-22 17:46:00,2016-11-22 17:47:00,1.34612,1.34645,1.34645,1.3459,1.34634,1.34667,1.34667,1.34615,669
2016-11-22 17:47:00,2016-11-22 17:48:00,1.34645,1.34653,1.34653,1.34634,1.34667,1.34672,1.34675,1.34653,392
2016-11-22 17:48:00,2016-11-22 17:49:00,1.34653,1.34605,1.34652,1.34603,1.34672,1.3463,1.34672,1.34627,453
2016-11-22 17:49:00,2016-11-22 17:50:00,1.34605,1.34606,1.34623,1.34597,1.3463,1.3463,1.34648,1.34621,389
2016-11-22 17:50:00,2016-11-22 17:51:00,1.34606,1.34596,1.34607,1.34594,1.3463,1.3462,1.34631,1.34617,435
2016-11-22 17:51:00,2016-11-22 17:52:00,1.34596,1.34595,1.34605,1.34588,1.3462,1.34617,1.3463,1.34611,156
2016-11-22 17:52:00,2016-11-22 17:53:00,1.34595,1.34599,1.34604,1.34588,1.34617,1.34623,1.34628,1.34611,269
2016-11-22 17:53:00,2016-11-22 17:54:00,1.34599,1.34611,1.34616,1.34594,1.34623,1.34633,1.34639,1.34618,148
2016-11-22 17:54:00,2016-11-22 17:55:00,1.34611,1.34623,1.34626,1.34594,1.34633,1.3465,1.34651,1.3462,327
2016-11-22 17:55:00,2016-11-22 17:56:00,1.34623,1.34623,1.34626,1.3462,1.3465,1.34645,1.34651,1.34642,155
2016-11-22 17:56:00,2016-11-22 17:57:00,1.34623,1.34624,1.34626,1.34616,1.34645,1.34647,1.34651,1.34641,329
2016-11-22 17:57:00,2016-11-22 17:58:00,1.34624,1.34624,1.34647,1.34617,1.34647,1.34646,1.34671,1.34636,327
2016-11-22 17:58:00,2016-11-22 17:59:00,1.34624,1.34629,1.34644,1.34618,1.34646,1.34649,1.34664,1.34641,279
2016-11-22 17:59:00,2016-11-22 18:00:00,1.34629,1.34617,1.34629,1.34607,1.34649,1.34641,1.34653,1.34632,343
2016-11-22 18:00:00,2016-11-22 18:01:00,1.34617,1.34634,1.34638,1.34616,1.34641,1.34659,1.34659,1.34641,361
2016-11-22 18:01:00,2016-11-22 18:02:00,1.34634,1.34611,1.34636,1.34603,1.34659,1.34634,1.34659,1.34627,507
2016-11-22 18:02:00,2016-11-22 18:03:00,1.34611,1.34639,1.34649,1.34606,1.34634,1.34662,1.34673,1.3463,360
2016-11-22 18:03:00,2016-11-22 18:04:00,1.34639,1.34621,1.34639,1.34615,1.34662,1.34646,1.34661,1.34639,396
2016-11-22 18:04:00,2016-11-22 18:05:00,1.34621,1.34617,1.34631,1.34612,1.34646,1.34641,1.34656,1.34633,515
2016-11-22 18:05:00,2016-11-22 18:06:00,1.34617,1.34644,1.3465,1.34616,1.34641,1.34666,1.34674,1.34639,412
2016-11-22 18:06:00,2016-11-22 18:07:00,1.34644,1.34629,1.34652,1.34624,1.34666,1.34652,1.34673,1.34647,493
2016-11-22 18:07:00,2016-11-22 18:08:00,1.34629,1.34638,1.34649,1.3463,1.34652,1.34659,1.34669,1.34647,246
2016-11-22 18:08:00,2016-11-22 18:09:00,1.34638,1.34647,1.34647,1.34619,1.34659,1.34666,1.34669,1.34639,213
2016-11-22 18:09:00,2016-11-22 18:10:00,1.34647,1.34639,1.34657,1.34634,1.34666,1.34658,1.34673,1.34653,184
2016-11-22 18:10:00,2016-11-22 18:11:00,1.34639,1.34642,1.34656,1.34638,1.34658,1.34663,1.34674,1.34657,177
2016-11-22 18:11:00,2016-11-22 18:12:00,1.34642,1.34646,1.34648,1.34641,1.34663,1.34666,1.34668,1.34661,90
2016-11-22 18:12:00,2016-11-22 18:13:00,1.34646,1.34639,1.34648,1.34636,1.34666,1.34657,1.34668,1.34657,97
2016-11-22 18:13:00,2016-11-22 18:14:00,1.34639,1.34626,1.3465,1.34605,1.34657,1.34646,1.34667,1.34623,270
2016-11-22 18:14:00,2016-11-22 18:15:00,1.34626,1.34621,1.34627,1.34614,1.34646,1.34644,1.34648,1.34634,228
2016-11-22 18:15:00,2016-11-22 18:16:00,1.34621,1.34622,1.34624,1.34613,1.34644,1.34645,1.34647,1.34636,154
2016-11-22 18:16:00,2016-11-22 18:17:00,1.34622,1.34606,1.34628,1.34605,1.34645,1.34629,1.34648,1.34627,165
2016-11-22 18:17:00,2016-11-22 18:18:00,1.34606,1.34623,1.34641,1.346,1.34629,1.34647,1.34662,1.34624,479
2016-11-22 18:18:00,2016-11-22 18:19:00,1.34623,1.34606,1.34629,1.34605,1.34647,1.3463,1.34652,1.34629,239
2016-11-22 18:19:00,2016-11-22 18:20:00,1.34606,1.34614,1.3462,1.34598,1.3463,1.34637,1.3464,1.34617,211
2016-11-22 18:20:00,2016-11-22 18:21:00,1.34614,1.34607,1.34618,1.34606,1.34637,1.34633,1.34641,1.3463,268
2016-11-22 18:21:00,2016-11-22 18:22:00,1.34607,1.34606,1.34609,1.34598,1.34633,1.3463,1.34633,1.34621,201
2016-11-22 18:22:00,2016-11-22 18:23:00,1.34606,1.34598,1.34619,1.34592,1.3463,1.34623,1.34641,1.34617,309
2016-11-22 18:23:00,2016-11-22 18:24:00,1.34598,1.34587,1.34608,1.34586,1.34623,1.34611,1.34631,1.3461,261
2016-11-22 18:24:00,2016-11-22 18:25:00,1.34587,1.34611,1.34618,1.34584,1.34611,1.34637,1.34641,1.34607,357
2016-11-22 18:25:00,2016-11-22 18:26:00,1.34611,1.34611,1.34615,1.34601,1.34637,1.34634,1.3464,1.34626,315
2016-11-22 18:26:00,2016-11-22 18:27:00,1.34611,1.34631,1.34634,1.34608,1.34634,1.34655,1.34658,1.34632,314
2016-11-22 18:27:00,2016-11-22 18:28:00,1.34631,1.34606,1.34631,1.34603,1.34655,1.34631,1.34655,1.34627,335
2016-11-22 18:28:00,2016-11-22 18:29:00,1.34606,1.34604,1.34609,1.34596,1.34631,1.34627,1.34632,1.34621,321
2016-11-22 18:29:00,2016-11-22 18:30:00,1.34604,1.34586,1.34604,1.34584,1.34627,1.34609,1.34629,1.34609,253
2016-11-22 18:30:00,2016-11-22 18:31:00,1.34586,1.34582,1.34591,1.34579,1.34609,1.34606,1.34616,1.34603,324
2016-11-22 18:31:00,2016-11-22 18:32:00,1.34582,1.34565,1.34589,1.34559,1.34606,1.34584,1.34612,1.34583,473
2016-11-22 18:32:00,2016-11-22 18:33:00,1.34565,1.3457,1.34575,1.34564,1.34584,1.34594,1.34597,1.34583,164
2016-11-22 18:33:00,2016-11-22 18:34:00,1.3457,1.34569,1.34574,1.34562,1.34594,1.34593,1.34595,1.34583,133
2016-11-22 18:34:00,2016-11-22 18:35:00,1.34569,1.34575,1.34578,1.34561,1.34593,1.34601,1.34603,1.34585,298
2016-11-22 18:35:00,2016-11-22 18:36:00,1.34575,1.34564,1.34579,1.34563,1.34601,1.34587,1.34603,1.34586,302
2016-11-22 18:36:00,2016-11-22 18:37:00,1.34564,1.3457,1.34582,1.34565,1.34587,1.34596,1.34608,1.34587,167
2016-11-22 18:37:00,2016-11-22 18:38:00,1.3457,1.34597,1.34597,1.3457,1.34596,1.34622,1.34623,1.34597,261
2016-11-22 18:38:00,2016-11-22 18:39:00,1.34597,1.34578,1.34601,1.34577,1.34622,1.34603,1.34623,1.34599,618
2016-11-22 18:39:00,2016-11-22 18:40:00,1.34578,1.34587,1.34597,1.34578,1.34603,1.3461,1.34623,1.34603,209
2016-11-22 18:40:00,2016-11-22 18:41:00,1.34587,1.34588,1.34591,1.34581,1.3461,1.34608,1.34615,1.34605,201
2016-11-22 18:41:00,2016-11-22 18:42:00,1.34588,1.34618,1.34626,1.34587,1.34608,1.34639,1.34651,1.34608,530
2016-11-22 18:42:00,2016-11-22 18:43:00,1.34618,1.34616,1.34622,1.34614,1.34639,1.34637,1.34642,1.34636,146
2016-11-22 18:43:00,2016-11-22 18:44:00,1.34616,1.34609,1.34618,1.34604,1.34637,1.34634,1.34637,1.34627,143
2016-11-22 18:44:00,2016-11-22 18:45:00,1.34609,1.34648,1.34651,1.34606,1.34634,1.34667,1.34669,1.34631,225
2016-11-22 18:45:00,2016-11-22 18:46:00,1.34648,1.34636,1.34648,1.34629,1.34667,1.34658,1.34669,1.34653,339
2016-11-22 18:46:00,2016-11-22 18:47:00,1.34636,1.34617,1.34637,1.34617,1.34658,1.34638,1.3466,1.34636,177
2016-11-22 18:47:00,2016-11-22 18:48:00,1.34617,1.34648,1.34656,1.34616,1.34638,1.34674,1.34678,1.34639,218
2016-11-22 18:48:00,2016-11-22 18:49:00,1.34648,1.34621,1.34662,1.3462,1.34674,1.34647,1.34687,1.34646,542
2016-11-22 18:49:00,2016-11-22 18:50:00,1.34621,1.34616,1.34629,1.34604,1.34647,1.34638,1.34655,1.34625,332
2016-11-22 18:50:00,2016-11-22 18:51:00,1.34616,1.34618,1.34632,1.34608,1.34638,1.34639,1.34651,1.3463,186
2016-11-22 18:51:00,2016-11-22 18:52:00,1.34618,1.34604,1.34624,1.34604,1.34639,1.34627,1.34645,1.34627,176
2016-11-22 18:52:00,2016-11-22 18:53:00,1.34604,1.34599,1.34605,1.34587,1.34627,1.3462,1.34628,1.3461,268
2016-11-22 18:53:00,2016-11-22 18:54:00,1.34599,1.34599,1.34603,1.34591,1.3462,1.34624,1.34625,1.34614,191
2016-11-22 18:54:00,2016-11-22 18:55:00,1.34599,1.34599,1.34603,1.34587,1.34624,1.34623,1.34624,1.34611,235
2016-11-22 18:55:00,2016-11-22 18:56:00,1.34599,1.34591,1.3462,1.34588,1.34623,1.34617,1.34642,1.34614,458
2016-11-22 18:56:00,2016-11-22 18:57:00,1.34591,1.34593,1.34599,1.34585,1.34617,1.34618,1.34622,1.34606,378
2016-11-22 18:57:00,2016-11-22 18:58:00,1.34593,1.34562,1.34601,1.34558,1.34618,1.34583,1.34622,1.34583,321
2016-11-22 18:58:00,2016-11-22 18:59:00,1.34562,1.34557,1.34574,1.34543,1.34583,1.3458,1.34595,1.34565,570
2016-11-22 18:59:00,2016-11-22 19:00:00,1.34557,1.34551,1.34564,1.34548,1.3458,1.34574,1.34583,1.34573,240
2016-11-22 19:00:00,2016-11-22 19:01:00,1.34551,1.34543,1.34563,1.34541,1.34574,1.34564,1.34584,1.34564,179
2016-11-22 19:01:00,2016-11-22 19:02:00,1.34543,1.34541,1.34552,1.34539,1.34564,1.34563,1.34573,1.34563,209
2016-11-22 19:02:00,2016-11-22 19:03:00,1.34541,1.34517,1.34541,1.34497,1.34563,1.34538,1.3456,1.34522,359
2016-11-22 19:03:00,2016-11-22 19:04:00,1.34517,1.34515,1.34519,1.34495,1.34538,1.34536,1.34539,1.34519,147
2016-11-22 19:04:00,2016-11-22 19:05:00,1.34515,1.34496,1.34519,1.34495,1.34536,1.34522,1.34539,1.3452,277
2016-11-22 19:05:00,2016-11-22 19:06:00,1.34496,1.34496,1.3451,1.34493,1.34522,1.34516,1.34532,1.34516,145
2016-11-22 19:06:00,2016-11-22 19:07:00,1.34496,1.34479,1.34495,1.34477,1.34516,1.34503,1.34516,1.34499,139
2016-11-22 19:07:00,2016-11-22 19:08:00,1.34479,1.34493,1.34496,1.34477,1.34503,1.34515,1.34519,1.34499,178
2016-11-22 19:08:00,2016-11-22 19:09:00,1.34493,1.34504,1.34505,1.34478,1.34515,1.34529,1.34531,1.34502,253
2016-11-22 19:09:00,2016-11-22 19:10:00,1.34504,1.34496,1.34518,1.34486,1.34529,1.3452,1.34537,1.34505,298
2016-11-22 19:10:00,2016-11-22 19:11:00,1.34496,1.34497,1.34502,1.34494,1.3452,1.34521,1.34526,1.34517,134
2016-11-22 19:11:00,2016-11-22 19:12:00,1.34497,1.34502,1.34505,1.3449,1.34521,1.34527,1.34528,1.34515,128
2016-11-22 19:12:00,2016-11-22 19:13:00,1.34502,1.34502,1.34508,1.34498,1.34527,1.34529,1.34533,1.34522,199
2016-11-22 19:13:00,2016-11-22 19:14:00,1.34502,1.34506,1.34509,1.34496,1.34529,1.34531,1.34534,1.3452,128
2016-11-22 19:14:00,2016-11-22 19:15:00,1.34506,1.34501,1.3451,1.34497,1.34531,1.34527,1.34532,1.34522,236
2016-11-22 19:15:00,2016-11-22 19:16:00,1.34501,1.34499,1.34507,1.34496,1.34527,1.34523,1.34531,1.3452,281
2016-11-22 19:16:00,2016-11-22 19:17:00,1.34499,1.34499,1.34504,1.34496,1.34523,1.34524,1.34528,1.3452,412
2016-11-22 19:17:00,2016-11-22 19:18:00,1.34499,1.34501,1.34504,1.34495,1.34524,1.34525,1.34527,1.3452,388
2016-11-22 19:18:00,2016-11-22 19:19:00,1.34501,1.34504,1.3451,1.345,1.34525,1.34529,1.34534,1.34525,195
2016-11-22 19:19:00,2016-11-22 19:20:00,1.34504,1.34515,1.34517,1.34496,1.34529,1.34541,1.34542,1.34521,274
2016-11-22 19:20:00,2016-11-22 19:21:00,1.34515,1.3453,1.34537,1.34513,1.34541,1.34557,1.34561,1.34538,315
2016-11-22 19:21:00,2016-11-22 19:22:00,1.3453,1.34516,1.34535,1.34513,1.34557,1.34542,1.34559,1.34539,304
2016-11-22 19:22:00,2016-11-22 19:23:00,1.34516,1.34517,1.34528,1.34508,1.34542,1.34541,1.34553,1.34534,203
2016-11-22 19:23:00,2016-11-22 19:24:00,1.34517,1.34504,1.34517,1.34501,1.34541,1.34525,1.3454,1.34522,251
2016-11-22 19:24:00,2016-11-22 19:25:00,1.34504,1.34543,1.34545,1.34501,1.34525,1.34567,1.3457,1.34524,419
2016-11-22 19:25:00,2016-11-22 19:26:00,1.34543,1.34533,1.34547,1.34524,1.34567,1.3456,1.34569,1.34547,393
2016-11-22 19:26:00,2016-11-22 19:27:00,1.34533,1.3449,1.34539,1.34488,1.3456,1.34515,1.34561,1.34513,296
2016-11-22 19:27:00,2016-11-22 19:28:00,1.3449,1.34506,1.34534,1.34486,1.34515,1.34529,1.3456,1.34508,620
2016-11-22 19:28:00,2016-11-22 19:29:00,1.34506,1.34487,1.34508,1.3448,1.34529,1.34513,1.34529,1.34503,430
2016-11-22 19:29:00,2016-11-22 19:30:00,1.34487,1.34482,1.34488,1.34476,1.34513,1.34507,1.34513,1.345,210
2016-11-22 19:30:00,2016-11-22 19:31:00,1.34482,1.34475,1.34485,1.34469,1.34507,1.34495,1.34509,1.34491,150
2016-11-22 19:31:00,2016-11-22 19:32:00,1.34475,1.34442,1.34476,1.34433,1.34495,1.34465,1.34497,1.34454,304
2016-11-22 19:32:00,2016-11-22 19:33:00,1.34442,1.34424,1.34443,1.34422,1.34465,1.34444,1.34465,1.34444,243
2016-11-22 19:33:00,2016-11-22 19:34:00,1.34424,1.34425,1.34437,1.34423,1.34444,1.34446,1.34455,1.34444,216
2016-11-22 19:34:00,2016-11-22 19:35:00,1.34425,1.34405,1.34431,1.34405,1.34446,1.34428,1.34456,1.34424,253
2016-11-22 19:35:00,2016-11-22 19:36:00,1.34405,1.34397,1.34415,1.34397,1.34428,1.34419,1.34435,1.34418,194
2016-11-22 19:36:00,2016-11-22 19:37:00,1.34397,1.34367,1.34399,1.34357,1.34419,1.34394,1.34419,1.34381,569
2016-11-22 19:37:00,2016-11-22 19:38:00,1.34367,1.34314,1.3437,1.34313,1.34394,1.34337,1.34394,1.34337,552
2016-11-22 19:38:00,2016-11-22 19:39:00,1.34314,1.34325,1.34344,1.34314,1.34337,1.34349,1.34369,1.34337,335
2016-11-22 19:39:00,2016-11-22 19:40:00,1.34325,1.34284,1.34334,1.34283,1.34349,1.34306,1.34356,1.34305,805
2016-11-22 19:40:00,2016-11-22 19:41:00,1.34284,1.34288,1.34306,1.34271,1.34306,1.34311,1.34329,1.34294,456
2016-11-22 19:41:00,2016-11-22 19:42:00,1.34288,1.34308,1.34311,1.34281,1.34311,1.34333,1.34335,1.34304,653
2016-11-22 19:42:00,2016-11-22 19:43:00,1.34308,1.34324,1.3433,1.34302,1.34333,1.34348,1.34355,1.34328,488
2016-11-22 19:43:00,2016-11-22 19:44:00,1.34324,1.34343,1.34346,1.34323,1.34348,1.3437,1.34372,1.34347,444
2016-11-22 19:44:00,2016-11-22 19:45:00,1.34343,1.34347,1.34357,1.34343,1.3437,1.34369,1.34381,1.34369,128
2016-11-22 19:45:00,2016-11-22 19:46:00,1.34347,1.34366,1.34374,1.34347,1.34369,1.34389,1.34396,1.34369,219
2016-11-22 19:46:00,2016-11-22 19:47:00,1.34366,1.34367,1.3437,1.34348,1.34389,1.34388,1.34391,1.34367,273
2016-11-22 19:47:00,2016-11-22 19:48:00,1.34367,1.34375,1.34401,1.34367,1.34388,1.34393,1.34423,1.3439,482
2016-11-22 19:48:00,2016-11-22 19:49:00,1.34375,1.34384,1.34392,1.34362,1.34393,1.34405,1.34411,1.34382,318
2016-11-22 19:49:00,2016-11-22 19:50:00,1.34384,1.3439,1.34401,1.3437,1.34405,1.34414,1.34423,1.34394,568
2016-11-22 19:50:00,2016-11-22 19:51:00,1.3439,1.34395,1.34401,1.34378,1.34414,1.34418,1.34423,1.34402,340
2016-11-22 19:51:00,2016-11-22 19:52:00,1.34395,1.34397,1.34409,1.34381,1.34418,1.34421,1.3443,1.34404,494
2016-11-22 19:52:00,2016-11-22 19:53:00,1.34397,1.34372,1.34399,1.34369,1.34421,1.34396,1.34423,1.34393,267
2016-11-22 19:53:00,2016-11-22 19:54:00,1.34372,1.34361,1.34386,1.3436,1.34396,1.34386,1.3441,1.34381,359
2016-11-22 19:54:00,2016-11-22 19:55:00,1.34361,1.34377,1.34392,1.34357,1.34386,1.34401,1.34414,1.34381,282
2016-11-22 19:55:00,2016-11-22 19:56:00,1.34377,1.34383,1.34393,1.3437,1.34401,1.34403,1.34411,1.34393,279
2016-11-22 19:56:00,2016-11-22 19:57:00,1.34383,1.34382,1.34394,1.34371,1.34403,1.34401,1.34415,1.34393,153
2016-11-22 19:57:00,2016-11-22 19:58:00,1.34382,1.34366,1.34388,1.34351,1.34401,1.34388,1.3441,1.34373,321
2016-11-22 19:58:00,2016-11-22 19:59:00,1.34366,1.34394,1.34397,1.34361,1.34388,1.34414,1.34419,1.34383,526
2016-11-22 19:59:00,2016-11-22 20:00:00,1.34394,1.3437,1.34394,1.34366,1.34414,1.34392,1.34417,1.3439,193
2016-11-22 20:00:00,2016-11-22 20:01:00,1.3437,1.3437,1.34376,1.34362,1.34392,1.3439,1.34397,1.34385,82
2016-11-22 20:01:00,2016-11-22 20:02:00,1.3437,1.34363,1.34372,1.34352,1.3439,1.34384,1.34391,1.34376,199
2016-11-22 20:02:00,2016-11-22 20:03:00,1.34363,1.34397,1.34399,1.34364,1.34384,1.34421,1.34423,1.34384,260
2016-11-22 20:03:00,2016-11-22 20:04:00,1.34397,1.34406,1.34415,1.34397,1.34421,1.3443,1.34439,1.3442,153
2016-11-22 20:04:00,2016-11-22 20:05:00,1.34406,1.34406,1.34415,1.34401,1.3443,1.3443,1.34438,1.34425,148
2016-11-22 20:05:00,2016-11-22 20:06:00,1.34406,1.34399,1.34407,1.34397,1.3443,1.34423,1.34431,1.3442,108
2016-11-22 20:06:00,2016-11-22 20:07:00,1.34399,1.34402,1.34405,1.34391,1.34423,1.34426,1.34429,1.34414,129
2016-11-22 20:07:00,2016-11-22 20:08:00,1.34402,1.34404,1.34409,1.344,1.34426,1.34428,1.34432,1.34421,136
2016-11-22 20:08:00,2016-11-22 20:09:00,1.34404,1.34402,1.34409,1.34398,1.34428,1.34426,1.34433,1.34422,145
2016-11-22 20:09:00,2016-11-22 20:10:00,1.34402,1.34392,1.34403,1.34391,1.34426,1.34416,1.34427,1.34414,123
2016-11-22 20:10:00,2016-11-22 20:11:00,1.34392,1.3439,1.34401,1.34386,1.34416,1.34414,1.34424,1.3441,254
2016-11-22 20:11:00,2016-11-22 20:12:00,1.3439,1.34403,1.34403,1.34384,1.34414,1.34424,1.34425,1.34406,258
2016-11-22 20:12:00,2016-11-22 20:13:00,1.34403,1.34371,1.34402,1.34367,1.34424,1.34396,1.34424,1.34389,271
2016-11-22 20:13:00,2016-11-22 20:14:00,1.34371,1.34379,1.34381,1.34368,1.34396,1.34401,1.34404,1.34392,96
2016-11-22 20:14:00,2016-11-22 20:15:00,1.34379,1.34403,1.34407,1.3437,1.34401,1.34423,1.34429,1.34394,323
2016-11-22 20:15:00,2016-11-22 20:16:00,1.34403,1.34398,1.34409,1.34398,1.34423,1.34422,1.34433,1.3442,365
2016-11-22 20:16:00,2016-11-22 20:17:00,1.34398,1.34408,1.34415,1.34398,1.34422,1.3443,1.34439,1.34421,182
2016-11-22 20:17:00,2016-11-22 20:18:00,1.34408,1.3441,1.34414,1.34402,1.3443,1.3443,1.34436,1.34425,154
2016-11-22 20:18:00,2016-11-22 20:19:00,1.3441,1.34423,1.34436,1.34401,1.3443,1.34445,1.34459,1.34424,221
2016-11-22 20:19:00,2016-11-22 20:20:00,1.34423,1.34446,1.34475,1.34422,1.34445,1.34468,1.34497,1.34445,366
2016-11-22 20:20:00,2016-11-22 20:21:00,1.34446,1.34465,1.34465,1.34445,1.34468,1.34486,1.34486,1.34465,78
2016-11-22 20:21:00,2016-11-22 20:22:00,1.34465,1.3446,1.34465,1.34456,1.34486,1.3448,1.34487,1.34477,101
2016-11-22 20:22:00,2016-11-22 20:23:00,1.3446,1.34445,1.34463,1.34442,1.3448,1.34469,1.34486,1.34463,212
2016-11-22 20:23:00,2016-11-22 20:24:00,1.34445,1.34447,1.34452,1.34442,1.34469,1.3447,1.34476,1.34466,84
2016-11-22 20:24:00,2016-11-22 20:25:00,1.34447,1.34454,1.34456,1.34445,1.3447,1.34478,1.34479,1.34468,151
2016-11-22 20:25:00,2016-11-22 20:26:00,1.34454,1.34443,1.34455,1.34435,1.34478,1.34466,1.34479,1.34459,206
2016-11-22 20:26:00,2016-11-22 20:27:00,1.34443,1.3444,1.34448,1.34434,1.34466,1.34462,1.34469,1.34458,237
2016-11-22 20:27:00,2016-11-22 20:28:00,1.3444,1.34454,1.34454,1.34435,1.34462,1.34476,1.34476,1.34459,349
2016-11-22 20:28:00,2016-11-22 20:29:00,1.34454,1.34448,1.34454,1.34439,1.34476,1.34471,1.34478,1.34461,358
2016-11-22 20:29:00,2016-11-22 20:30:00,1.34448,1.34445,1.3445,1.34427,1.34471,1.34469,1.34474,1.3445,276
2016-11-22 20:30:00,2016-11-22 20:31:00,1.34445,1.34441,1.34458,1.34436,1.34469,1.34464,1.34481,1.3446,201
2016-11-22 20:31:00,2016-11-22 20:32:00,1.34441,1.34451,1.34454,1.34439,1.34464,1.34474,1.34476,1.34464,145
2016-11-22 20:32:00,2016-11-22 20:33:00,1.34451,1.34462,1.34468,1.34449,1.34474,1.34486,1.34492,1.34471,387
2016-11-22 20:33:00,2016-11-22 20:34:00,1.34462,1.34463,1.34474,1.34456,1.34486,1.34485,1.34497,1.3448,416
2016-11-22 20:34:00,2016-11-22 20:35:00,1.34463,1.34482,1.34492,1.34459,1.34485,1.34504,1.34514,1.34484,516
2016-11-22 20:35:00,2016-11-22 20:36:00,1.34482,1.34464,1.34482,1.34458,1.34504,1.34487,1.34503,1.34481,182
2016-11-22 20:36:00,2016-11-22 20:37:00,1.34464,1.34473,1.34476,1.34463,1.34487,1.34494,1.34497,1.34484,251
2016-11-22 20:37:00,2016-11-22 20:38:00,1.34473,1.34463,1.34473,1.34459,1.34494,1.34486,1.34495,1.3448,98
2016-11-22 20:38:00,2016-11-22 20:39:00,1.34463,1.34462,1.34464,1.34445,1.34486,1.34485,1.34486,1.34466,173
2016-11-22 20:39:00,2016-11-22 20:40:00,1.34462,1.34473,1.34485,1.34454,1.34485,1.34495,1.34508,1.34478,294
2016-11-22 20:40:00,2016-11-22 20:41:00,1.34473,1.34478,1.34484,1.34463,1.34495,1.34499,1.34504,1.34484,260
2016-11-22 20:41:00,2016-11-22 20:42:00,1.34478,1.34472,1.34485,1.3447,1.34499,1.34493,1.34505,1.34491,197
2016-11-22 20:42:00,2016-11-22 20:43:00,1.34472,1.3451,1.34522,1.34472,1.34493,1.34532,1.34547,1.34494,391
2016-11-22 20:43:00,2016-11-22 20:44:00,1.3451,1.34507,1.34512,1.34497,1.34532,1.34531,1.34534,1.3452,375
2016-11-22 20:44:00,2016-11-22 20:45:00,1.34507,1.34516,1.3452,1.34503,1.34531,1.34541,1.34544,1.34526,296
2016-11-22 20:45:00,2016-11-22 20:46:00,1.34516,1.34516,1.34535,1.34512,1.34541,1.34539,1.34561,1.34534,449
2016-11-22 20:46:00,2016-11-22 20:47:00,1.34516,1.34516,1.34533,1.34514,1.34539,1.34541,1.34555,1.34536,157
2016-11-22 20:47:00,2016-11-22 20:48:00,1.34516,1.34515,1.34519,1.34508,1.34541,1.3454,1.34542,1.34532,381
2016-11-22 20:48:00,2016-11-22 20:49:00,1.34515,1.34517,1.34519,1.34506,1.3454,1.34541,1.34542,1.3453,206
2016-11-22 20:49:00,2016-11-22 20:50:00,1.34517,1.34529,1.34534,1.34514,1.34541,1.34556,1.34559,1.34539,183
2016-11-22 20:50:00,2016-11-22 20:51:00,1.34529,1.34537,1.34546,1.34529,1.34556,1.34563,1.3457,1.34553,189
2016-11-22 20:51:00,2016-11-22 20:52:00,1.34537,1.34517,1.34537,1.34516,1.34563,1.34542,1.34564,1.34539,245
2016-11-22 20:52:00,2016-11-22 20:53:00,1.34517,1.3452,1.34525,1.34508,1.34542,1.34547,1.3455,1.34531,258
2016-11-22 20:53:00,2016-11-22 20:54:00,1.3452,1.34515,1.34527,1.34513,1.34547,1.34534,1.34551,1.34534,292
2016-11-22 20:54:00,2016-11-22 20:55:00,1.34515,1.34506,1.34531,1.34502,1.34534,1.34529,1.34553,1.34523,389
2016-11-22 20:55:00,2016-11-22 20:56:00,1.34506,1.34501,1.3453,1.34499,1.34529,1.34524,1.34551,1.34523,254
2016-11-22 20:56:00,2016-11-22 20:57:00,1.34501,1.34511,1.34511,1.34489,1.34524,1.34533,1.34533,1.34513,455
2016-11-22 20:57:00,2016-11-22 20:58:00,1.34511,1.3451,1.34527,1.34507,1.34533,1.34535,1.34549,1.34532,403
2016-11-22 20:58:00,2016-11-22 20:59:00,1.3451,1.34525,1.34527,1.34508,1.34535,1.34546,1.3455,1.34529,513
2016-11-22 20:59:00,2016-11-22 21:00:00,1.34525,1.34518,1.34535,1.34501,1.34546,1.34542,1.34555,1.34523,578
2016-11-22 21:00:00,2016-11-22 21:01:00,1.34518,1.34537,1.34552,1.34517,1.34542,1.34561,1.34575,1.34542,317
2016-11-22 21:01:00,2016-11-22 21:02:00,1.34537,1.34519,1.34543,1.34517,1.34561,1.34543,1.34565,1.34542,274
2016-11-22 21:02:00,2016-11-22 21:03:00,1.34519,1.34525,1.34529,1.34497,1.34543,1.3455,1.34554,1.34521,364
2016-11-22 21:03:00,2016-11-22 21:04:00,1.34525,1.34533,1.34545,1.34523,1.3455,1.34558,1.34571,1.34548,150
2016-11-22 21:04:00,2016-11-22 21:05:00,1.34533,1.34537,1.34547,1.34531,1.34558,1.34561,1.34566,1.34555,124
2016-11-22 21:05:00,2016-11-22 21:06:00,1.34537,1.34516,1.3454,1.34506,1.34561,1.34541,1.34563,1.34526,196
2016-11-22 21:06:00,2016-11-22 21:07:00,1.34516,1.3451,1.34516,1.34507,1.34541,1.34533,1.3454,1.34529,202
2016-11-22 21:07:00,2016-11-22 21:08:00,1.3451,1.34499,1.34511,1.34491,1.34533,1.34525,1.34533,1.34515,229
2016-11-22 21:08:00,2016-11-22 21:09:00,1.34499,1.34509,1.34514,1.34497,1.34525,1.34533,1.34537,1.34521,107
2016-11-22 21:09:00,2016-11-22 21:10:00,1.34509,1.34498,1.34509,1.34496,1.34533,1.34522,1.34534,1.34521,119
2016-11-22 21:10:00,2016-11-22 21:11:00,1.34498,1.34494,1.34499,1.34493,1.34522,1.34518,1.34523,1.34518,54
2016-11-22 21:11:00,2016-11-22 21:12:00,1.34494,1.34509,1.34509,1.34495,1.34518,1.34534,1.34534,1.34518,84
2016-11-22 21:12:00,2016-11-22 21:13:00,1.34509,1.34518,1.3452,1.34507,1.34534,1.34543,1.34544,1.34532,128
2016-11-22 21:13:00,2016-11-22 21:14:00,1.34518,1.34515,1.34521,1.34514,1.34543,1.3454,1.34544,1.34538,154
2016-11-22 21:14:00,2016-11-22 21:15:00,1.34515,1.34515,1.34519,1.34513,1.3454,1.34538,1.34546,1.34537,126
2016-11-22 21:15:00,2016-11-22 21:16:00,1.34515,1.34511,1.34516,1.3451,1.34538,1.34536,1.34541,1.34534,49
2016-11-22 21:16:00,2016-11-22 21:17:00,1.34511,1.34509,1.34515,1.34507,1.34536,1.34535,1.34538,1.34532,41
2016-11-22 21:17:00,2016-11-22 21:18:00,1.34509,1.34508,1.3451,1.34506,1.34535,1.34532,1.34536,1.3453,67
2016-11-22 21:18:00,2016-11-22 21:19:00,1.34508,1.34499,1.34508,1.34499,1.34532,1.34525,1.34533,1.34524,58
2016-11-22 21:19:00,2016-11-22 21:20:00,1.34499,1.34482,1.34499,1.34478,1.34525,1.34507,1.34525,1.345,98
2016-11-22 21:20:00,2016-11-22 21:21:00,1.34482,1.34489,1.34493,1.3448,1.34507,1.34514,1.34521,1.34503,81
2016-11-22 21:21:00,2016-11-22 21:22:00,1.34489,1.34493,1.34493,1.34486,1.34514,1.34518,1.34518,1.34513,36
2016-11-22 21:22:00,2016-11-22 21:23:00,1.34493,1.34488,1.34496,1.34488,1.34518,1.34515,1.34519,1.34512,42
2016-11-22 21:23:00,2016-11-22 21:24:00,1.34488,1.34494,1.34499,1.34488,1.34515,1.34516,1.34522,1.34514,55
2016-11-22 21:24:00,2016-11-22 21:25:00,1.34494,1.34492,1.345,1.34492,1.34516,1.34518,1.34524,1.34516,79
2016-11-22 21:25:00,2016-11-22 21:26:00,1.34492,1.34488,1.34497,1.34487,1.34518,1.34515,1.34524,1.34511,88
2016-11-22 21:26:00,2016-11-22 21:27:00,1.34488,1.34494,1.34498,1.3449,1.34515,1.34513,1.34522,1.34512,86
2016-11-22 21:27:00,2016-11-22 21:28:00,1.34494,1.34494,1.34494,1.34491,1.34513,1.34513,1.34513,1.34512,19
2016-11-22 21:28:00,2016-11-22 21:29:00,1.34494,1.34494,1.34503,1.34493,1.34513,1.34514,1.34522,1.34513,69
2016-11-22 21:29:00,2016-11-22 21:30:00,1.34494,1.34505,1.34511,1.34484,1.34514,1.34527,1.34535,1.34508,298
2016-11-22 21:30:00,2016-11-22 21:31:00,1.34505,1.34506,1.34518,1.34501,1.34527,1.34535,1.34541,1.34528,291
2016-11-22 21:31:00,2016-11-22 21:32:00,1.34506,1.34485,1.34514,1.34477,1.34535,1.34509,1.34538,1.34504,342
2016-11-22 21:32:00,2016-11-22 21:33:00,1.34485,1.34476,1.34486,1.34476,1.34509,1.34505,1.34509,1.34503,152
2016-11-22 21:33:00,2016-11-22 21:34:00,1.34476,1.34481,1.34482,1.34477,1.34505,1.34506,1.34508,1.34505,11
2016-11-22 21:34:00,2016-11-22 21:35:00,1.34481,1.34484,1.34486,1.3448,1.34506,1.34509,1.34511,1.34505,69
2016-11-22 21:35:00,2016-11-22 21:36:00,1.34484,1.3447,1.34486,1.34467,1.34509,1.34497,1.34511,1.34495,124
2016-11-22 21:36:00,2016-11-22 21:37:00,1.3447,1.34471,1.34477,1.34468,1.34497,1.34497,1.34504,1.34496,97
2016-11-22 21:37:00,2016-11-22 21:38:00,1.34471,1.34471,1.34475,1.34468,1.34497,1.34496,1.34497,1.34493,110
2016-11-22 21:38:00,2016-11-22 21:39:00,1.34471,1.34468,1.34474,1.34464,1.34496,1.34494,1.34498,1.34489,91
2016-11-22 21:39:00,2016-11-22 21:40:00,1.34468,1.34466,1.34476,1.34462,1.34494,1.3449,1.34499,1.34485,93
2016-11-22 21:40:00,2016-11-22 21:41:00,1.34466,1.34467,1.34473,1.34462,1.3449,1.34495,1.34499,1.34489,127
2016-11-22 21:41:00,2016-11-22 21:42:00,1.34467,1.34464,1.3447,1.34464,1.34495,1.34493,1.34496,1.34491,66
2016-11-22 21:42:00,2016-11-22 21:43:00,1.34464,1.34447,1.34465,1.34441,1.34493,1.34472,1.34495,1.34466,166
2016-11-22 21:43:00,2016-11-22 21:44:00,1.34447,1.34446,1.34451,1.34442,1.34472,1.34472,1.34476,1.34469,79
2016-11-22 21:44:00,2016-11-22 21:45:00,1.34446,1.34445,1.34449,1.34444,1.34472,1.34473,1.34476,1.34471,80
2016-11-22 21:45:00,2016-11-22 21:46:00,1.34445,1.34447,1.34452,1.34444,1.34473,1.34474,1.34479,1.3447,125
2016-11-22 21:46:00,2016-11-22 21:47:00,1.34447,1.34445,1.34452,1.3444,1.34474,1.34473,1.34477,1.34464,84
2016-11-22 21:47:00,2016-11-22 21:48:00,1.34445,1.34446,1.34446,1.34438,1.34473,1.34471,1.34474,1.34466,66
2016-11-22 21:48:00,2016-11-22 21:49:00,1.34446,1.3444,1.34447,1.3444,1.34471,1.34466,1.34474,1.34464,95
2016-11-22 21:49:00,2016-11-22 21:50:00,1.3444,1.34429,1.34442,1.34422,1.34466,1.34454,1.34466,1.34448,117
2016-11-22 21:50:00,2016-11-22 21:51:00,1.34429,1.34409,1.34433,1.34406,1.34454,1.34438,1.34458,1.34431,197
2016-11-22 21:51:00,2016-11-22 21:52:00,1.34409,1.34408,1.34424,1.34403,1.34438,1.34434,1.34447,1.34434,115
2016-11-22 21:52:00,2016-11-22 21:53:00,1.34408,1.34423,1.3444,1.34394,1.34434,1.3445,1.34466,1.34425,235
2016-11-22 21:53:00,2016-11-22 21:54:00,1.34423,1.3443,1.34434,1.34402,1.3445,1.34454,1.34461,1.34429,155
2016-11-22 21:54:00,2016-11-22 21:55:00,1.3443,1.34434,1.34445,1.34426,1.34454,1.34459,1.34466,1.34452,196
2016-11-22 21:55:00,2016-11-22 21:56:00,1.34434,1.3444,1.34444,1.34433,1.34459,1.34468,1.34469,1.34459,62
2016-11-22 21:56:00,2016-11-22 21:57:00,1.3444,1.34436,1.34444,1.34429,1.34468,1.34461,1.34476,1.34451,104
2016-11-22 21:57:00,2016-11-22 21:58:00,1.34436,1.34401,1.34441,1.34397,1.34461,1.34424,1.34463,1.34421,326
2016-11-22 21:58:00,2016-11-22 21:59:00,1.34401,1.34395,1.34411,1.34383,1.34424,1.34421,1.3444,1.34413,265
2016-11-22 21:59:00,2016-11-22 22:00:00,1.34395,1.34391,1.34404,1.3438,1.34421,1.34428,1.34434,1.34418,20
2016-11-22 22:00:00,2016-11-22 22:01:00,1.34391,1.34389,1.34406,1.34389,1.34428,1.34428,1.34434,1.34428,6
2016-11-22 22:01:00,2016-11-22 22:02:00,1.34389,1.34398,1.34398,1.34387,1.34428,1.34436,1.34438,1.34428,6
2016-11-22 22:02:00,2016-11-22 22:04:00,1.34398,1.34398,1.34398,1.34398,1.34436,1.34426,1.34426,1.34426,1
2016-11-22 22:04:00,2016-11-22 22:05:00,1.34398,1.34383,1.34398,1.34383,1.34426,1.34418,1.34432,1.34418,6
2016-11-22 22:05:00,2016-11-22 22:06:00,1.34383,1.34419,1.34419,1.34382,1.34418,1.34428,1.34428,1.34418,10
2016-11-22 22:06:00,2016-11-22 22:07:00,1.34419,1.34419,1.34419,1.34418,1.34428,1.34438,1.34438,1.34435,4
2016-11-22 22:07:00,2016-11-22 22:08:00,1.34419,1.34426,1.34426,1.34417,1.34438,1.34448,1.34448,1.34434,14
2016-11-22 22:08:00,2016-11-22 22:09:00,1.34426,1.34429,1.34429,1.34424,1.34448,1.34444,1.34448,1.34441,9
2016-11-22 22:09:00,2016-11-22 22:10:00,1.34429,1.34419,1.34428,1.34419,1.34444,1.34443,1.3445,1.34443,9
2016-11-22 22:10:00,2016-11-22 22:11:00,1.34419,1.34403,1.34414,1.34396,1.34443,1.34443,1.34444,1.34436,21
2016-11-22 22:11:00,2016-11-22 22:12:00,1.34403,1.34404,1.34404,1.34404,1.34443,1.34442,1.34444,1.34442,3
2016-11-22 22:12:00,2016-11-22 22:13:00,1.34404,1.34403,1.34403,1.34403,1.34442,1.34442,1.34442,1.34442,1
2016-11-22 22:13:00,2016-11-22 22:14:00,1.34403,1.34404,1.34405,1.34403,1.34442,1.34444,1.34445,1.34442,5
2016-11-22 22:14:00,2016-11-22 22:15:00,1.34404,1.344,1.34404,1.344,1.34444,1.3444,1.34443,1.3444,7
2016-11-22 22:15:00,2016-11-22 22:16:00,1.344,1.34403,1.34403,1.34401,1.3444,1.34443,1.34443,1.34441,5
2016-11-22 22:16:00,2016-11-22 22:17:00,1.34403,1.34402,1.34403,1.34401,1.34443,1.34442,1.34443,1.3444,12
2016-11-22 22:17:00,2016-11-22 22:18:00,1.34402,1.34402,1.34403,1.34402,1.34442,1.34442,1.34443,1.34442,7
2016-11-22 22:18:00,2016-11-22 22:19:00,1.34402,1.34403,1.34404,1.34397,1.34442,1.34443,1.34443,1.34437,9
2016-11-22 22:19:00,2016-11-22 22:20:00,1.34403,1.34404,1.34404,1.34403,1.34443,1.34444,1.34444,1.34442,5
2016-11-22 22:20:00,2016-11-22 22:21:00,1.34404,1.34403,1.34412,1.34402,1.34444,1.34443,1.34445,1.34442,14
2016-11-22 22:21:00,2016-11-22 22:22:00,1.34403,1.34399,1.34404,1.34399,1.34443,1.34431,1.34444,1.34431,27
2016-11-22 22:22:00,2016-11-22 22:23:00,1.34399,1.34373,1.34399,1.34366,1.34431,1.34415,1.34435,1.34413,42
2016-11-22 22:23:00,2016-11-22 22:24:00,1.34373,1.34365,1.34377,1.34365,1.34415,1.34408,1.3442,1.34398,21
2016-11-22 22:24:00,2016-11-22 22:25:00,1.34365,1.34364,1.34385,1.34364,1.34408,1.34403,1.34423,1.34403,24
2016-11-22 22:25:00,2016-11-22 22:26:00,1.34364,1.34393,1.34394,1.34362,1.34403,1.34421,1.34421,1.34402,28
2016-11-22 22:26:00,2016-11-22 22:27:00,1.34393,1.34393,1.34393,1.34393,1.34421,1.34421,1.34422,1.34421,2
2016-11-22 22:27:00,2016-11-22 22:28:00,1.34393,1.34397,1.34402,1.34393,1.34421,1.34425,1.3443,1.3442,13
2016-11-22 22:28:00,2016-11-22 22:29:00,1.34397,1.34399,1.34399,1.34397,1.34425,1.34437,1.34437,1.34432,3
2016-11-22 22:29:00,2016-11-22 22:30:00,1.34399,1.34395,1.34399,1.34395,1.34437,1.34438,1.34439,1.34438,4
2016-11-22 22:30:00,2016-11-22 22:31:00,1.34395,1.344,1.34401,1.34399,1.34438,1.34441,1.34441,1.34438,5
2016-11-22 22:31:00,2016-11-22 22:32:00,1.344,1.344,1.344,1.34399,1.34441,1.34433,1.3444,1.34432,9
2016-11-22 22:32:00,2016-11-22 22:33:00,1.344,1.344,1.344,1.344,1.34433,1.34435,1.34435,1.34435,1
2016-11-22 22:33:00,2016-11-22 22:34:00,1.344,1.344,1.344,1.34398,1.34435,1.34428,1.34435,1.34428,2
2016-11-22 22:34:00,2016-11-22 22:35:00,1.344,1.34408,1.34408,1.34406,1.34428,1.34437,1.34437,1.34432,4
2016-11-22 22:35:00,2016-11-22 22:36:00,1.34408,1.34443,1.34443,1.34409,1.34437,1.34461,1.34481,1.34436,72
2016-11-22 22:36:00,2016-11-22 22:37:00,1.34443,1.34418,1.34443,1.34418,1.34461,1.34446,1.34464,1.34446,22
2016-11-22 22:37:00,2016-11-22 22:38:00,1.34418,1.34386,1.34415,1.34386,1.34446,1.34413,1.34442,1.34413,19
2016-11-22 22:38:00,2016-11-22 22:39:00,1.34386,1.34387,1.34387,1.34382,1.34413,1.34412,1.34412,1.34402,8
2016-11-22 22:39:00,2016-11-22 22:40:00,1.34387,1.34375,1.34387,1.34366,1.34412,1.34397,1.34411,1.34387,30
2016-11-22 22:40:00,2016-11-22 22:41:00,1.34375,1.34366,1.34374,1.34366,1.34397,1.3439,1.34397,1.34389,6
2016-11-22 22:41:00,2016-11-22 22:42:00,1.34366,1.34362,1.34365,1.34362,1.3439,1.34387,1.3439,1.34387,4
2016-11-22 22:42:00,2016-11-22 22:43:00,1.34362,1.34366,1.34366,1.34357,1.34387,1.34382,1.34387,1.34378,12
2016-11-22 22:43:00,2016-11-22 22:44:00,1.34366,1.34361,1.34366,1.34351,1.34382,1.34378,1.34411,1.34359,55
2016-11-22 22:44:00,2016-11-22 22:45:00,1.34361,1.34365,1.34365,1.34336,1.34378,1.3439,1.3439,1.34351,31
2016-11-22 22:45:00,2016-11-22 22:46:00,1.34365,1.34365,1.34365,1.34331,1.3439,1.344,1.344,1.34348,37
2016-11-22 22:46:00,2016-11-22 22:47:00,1.34365,1.34365,1.34365,1.34365,1.344,1.344,1.34406,1.34397,17
2016-11-22 22:47:00,2016-11-22 22:48:00,1.34365,1.34365,1.34365,1.34365,1.344,1.34396,1.34398,1.34393,15
2016-11-22 22:48:00,2016-11-22 22:49:00,1.34365,1.34365,1.34365,1.34365,1.34396,1.34395,1.34395,1.34395,1
2016-11-22 22:49:00,2016-11-22 22:50:00,1.34365,1.34365,1.34365,1.34365,1.34395,1.34394,1.34394,1.34394,1
2016-11-22 22:50:00,2016-11-22 22:51:00,1.34365,1.34365,1.34365,1.34365,1.34394,1.34394,1.34396,1.34394,3
2016-11-22 22:51:00,2016-11-22 22:52:00,1.34365,1.34339,1.34339,1.34339,1.34394,1.34393,1.34394,1.34393,4
2016-11-22 22:52:00,2016-11-22 22:53:00,1.34339,1.34343,1.34343,1.34341,1.34393,1.34396,1.34397,1.34393,6
2016-11-22 22:53:00,2016-11-22 22:54:00,1.34343,1.34361,1.34365,1.34344,1.34396,1.34368,1.344,1.34368,15
2016-11-22 22:54:00,2016-11-22 22:55:00,1.34361,1.34365,1.34365,1.34361,1.34368,1.34398,1.34398,1.34371,12
2016-11-22 22:55:00,2016-11-22 22:56:00,1.34365,1.34365,1.34365,1.34365,1.34398,1.344,1.344,1.34398,6
2016-11-22 22:56:00,2016-11-22 22:57:00,1.34365,1.34365,1.34365,1.34365,1.344,1.34399,1.34399,1.34399,1
2016-11-22 22:57:00,2016-11-22 22:58:00,1.34365,1.34365,1.34365,1.34365,1.34399,1.344,1.344,1.34399,3
2016-11-22 22:58:00,2016-11-22 22:59:00,1.34365,1.34365,1.34365,1.34354,1.344,1.34404,1.34404,1.34399,7
2016-11-22 22:59:00,2016-11-22 23:00:00,1.34365,1.34353,1.34367,1.34338,1.34404,1.34394,1.34402,1.34363,104
2016-11-22 23:00:00,2016-11-22 23:01:00,1.34353,1.34347,1.34353,1.34345,1.34394,1.34389,1.34394,1.34387,57
2016-11-22 23:01:00,2016-11-22 23:02:00,1.34347,1.34363,1.34374,1.34347,1.34389,1.34399,1.34403,1.34381,619
2016-11-22 23:02:00,2016-11-22 23:03:00,1.34363,1.34352,1.34364,1.3435,1.34399,1.3439,1.34399,1.34385,50
2016-11-22 23:03:00,2016-11-22 23:04:00,1.34352,1.34354,1.34354,1.3435,1.3439,1.3439,1.34393,1.34382,55
2016-11-22 23:04:00,2016-11-22 23:05:00,1.34354,1.3435,1.34358,1.3435,1.3439,1.34388,1.34394,1.34387,50
2016-11-22 23:05:00,2016-11-22 23:06:00,1.3435,1.3435,1.34354,1.34349,1.34388,1.34388,1.34391,1.34388,36
2016-11-22 23:06:00,2016-11-22 23:07:00,1.3435,1.34348,1.3435,1.34348,1.34388,1.34384,1.34388,1.34383,22
2016-11-22 23:07:00,2016-11-22 23:08:00,1.34348,1.34346,1.34353,1.34344,1.34384,1.34385,1.34388,1.3438,63
2016-11-22 23:08:00,2016-11-22 23:09:00,1.34346,1.3434,1.34347,1.34339,1.34385,1.34375,1.34387,1.34371,61
2016-11-22 23:09:00,2016-11-22 23:10:00,1.3434,1.34329,1.3434,1.34328,1.34375,1.34363,1.34376,1.34361,60
2016-11-22 23:10:00,2016-11-22 23:11:00,1.34329,1.34326,1.3433,1.3432,1.34363,1.34352,1.34365,1.34349,80
2016-11-22 23:11:00,2016-11-22 23:12:00,1.34326,1.34323,1.34326,1.3432,1.34352,1.34348,1.34352,1.34346,73
2016-11-22 23:12:00,2016-11-22 23:13:00,1.34323,1.34322,1.34326,1.34321,1.34348,1.34348,1.34352,1.34347,109
2016-11-22 23:13:00,2016-11-22 23:14:00,1.34322,1.34328,1.3433,1.3432,1.34348,1.34364,1.34366,1.34346,75
2016-11-22 23:14:00,2016-11-22 23:15:00,1.34328,1.34343,1.34365,1.34328,1.34364,1.34381,1.3439,1.34357,234
2016-11-22 23:15:00,2016-11-22 23:16:00,1.34343,1.34343,1.34352,1.34341,1.34381,1.34377,1.34386,1.34375,98
2016-11-22 23:16:00,2016-11-22 23:17:00,1.34343,1.34341,1.34342,1.34341,1.34377,1.34377,1.34377,1.34377,2
2016-11-22 23:17:00,2016-11-22 23:18:00,1.34341,1.34339,1.34344,1.34339,1.34377,1.34374,1.34381,1.34374,16
2016-11-22 23:18:00,2016-11-22 23:19:00,1.34339,1.34342,1.34342,1.34339,1.34374,1.34381,1.34382,1.34377,19
2016-11-22 23:19:00,2016-11-22 23:20:00,1.34342,1.34341,1.34343,1.34341,1.34381,1.34378,1.34382,1.34378,18
2016-11-22 23:20:00,2016-11-22 23:21:00,1.34341,1.34339,1.34342,1.34339,1.34378,1.34375,1.3438,1.34375,28
2016-11-22 23:21:00,2016-11-22 23:22:00,1.34339,1.34339,1.34341,1.34339,1.34375,1.34375,1.34378,1.34375,10
2016-11-22 23:22:00,2016-11-22 23:23:00,1.34339,1.34341,1.34342,1.34339,1.34375,1.3438,1.34381,1.34378,11
2016-11-22 23:23:00,2016-11-22 23:24:00,1.34341,1.34345,1.34346,1.34339,1.3438,1.34379,1.34382,1.34374,45
2016-11-22 23:24:00,2016-11-22 23:25:00,1.34345,1.34343,1.34346,1.34339,1.34379,1.34379,1.34383,1.34375,31
2016-11-22 23:25:00,2016-11-22 23:26:00,1.34343,1.34343,1.34345,1.34341,1.34379,1.34377,1.34381,1.34376,14
2016-11-22 23:26:00,2016-11-22 23:27:00,1.34343,1.34341,1.34344,1.3434,1.34377,1.34374,1.34381,1.34374,30
2016-11-22 23:27:00,2016-11-22 23:28:00,1.34341,1.34346,1.34347,1.34338,1.34374,1.34378,1.34385,1.34371,51
2016-11-22 23:28:00,2016-11-22 23:29:00,1.34346,1.34353,1.34355,1.34347,1.34378,1.34381,1.34385,1.34378,21
2016-11-22 23:29:00,2016-11-22 23:30:00,1.34353,1.34354,1.34355,1.34343,1.34381,1.34382,1.34383,1.34376,49
2016-11-22 23:30:00,2016-11-22 23:31:00,1.34354,1.34342,1.34355,1.34342,1.34382,1.34374,1.34383,1.34373,35
2016-11-22 23:31:00,2016-11-22 23:32:00,1.34342,1.34337,1.34342,1.34337,1.34374,1.34369,1.34373,1.34369,15
2016-11-22 23:32:00,2016-11-22 23:33:00,1.34337,1.34338,1.3434,1.34336,1.34369,1.34366,1.34371,1.34363,28
2016-11-22 23:33:00,2016-11-22 23:34:00,1.34338,1.34335,1.3434,1.34333,1.34366,1.34363,1.34367,1.34361,57
2016-11-22 23:34:00,2016-11-22 23:35:00,1.34335,1.34338,1.3434,1.34335,1.34363,1.34362,1.34365,1.34362,24
2016-11-22 23:35:00,2016-11-22 23:36:00,1.34338,1.34333,1.34346,1.34332,1.34362,1.34365,1.34371,1.34362,64
2016-11-22 23:36:00,2016-11-22 23:37:00,1.34333,1.34328,1.34334,1.34328,1.34365,1.3436,1.34365,1.3436,30
2016-11-22 23:37:00,2016-11-22 23:38:00,1.34328,1.3433,1.34347,1.34328,1.3436,1.34357,1.34371,1.34354,78
2016-11-22 23:38:00,2016-11-22 23:39:00,1.3433,1.34333,1.34334,1.3433,1.34357,1.3436,1.34362,1.34358,50
2016-11-22 23:39:00,2016-11-22 23:40:00,1.34333,1.34334,1.34335,1.34326,1.3436,1.34361,1.34362,1.34356,80
2016-11-22 23:40:00,2016-11-22 23:41:00,1.34334,1.34336,1.34337,1.34333,1.34361,1.34361,1.34362,1.34361,33
2016-11-22 23:41:00,2016-11-22 23:42:00,1.34336,1.34331,1.3434,1.34331,1.34361,1.34362,1.34364,1.34361,33
2016-11-22 23:42:00,2016-11-22 23:43:00,1.34331,1.34331,1.34333,1.34331,1.34362,1.34362,1.34363,1.34362,18
2016-11-22 23:43:00,2016-11-22 23:44:00,1.34331,1.34322,1.3433,1.34322,1.34362,1.34352,1.34362,1.34352,29
2016-11-22 23:44:00,2016-11-22 23:45:00,1.34322,1.34322,1.34323,1.34315,1.34352,1.34348,1.34353,1.34346,46
2016-11-22 23:45:00,2016-11-22 23:46:00,1.34322,1.3431,1.34322,1.3431,1.34348,1.34341,1.34348,1.34341,39
2016-11-22 23:46:00,2016-11-22 23:47:00,1.3431,1.34305,1.34321,1.34305,1.34341,1.34336,1.34352,1.34336,55
2016-11-22 23:47:00,2016-11-22 23:48:00,1.34305,1.34313,1.34314,1.34303,1.34336,1.34338,1.34341,1.34335,80
2016-11-22 23:48:00,2016-11-22 23:49:00,1.34313,1.34313,1.34316,1.34312,1.34338,1.3434,1.3434,1.34338,16
2016-11-22 23:49:00,2016-11-22 23:50:00,1.34313,1.34297,1.34313,1.34294,1.3434,1.34322,1.3434,1.34316,148
2016-11-22 23:50:00,2016-11-22 23:51:00,1.34297,1.34298,1.34304,1.34297,1.34322,1.34322,1.34327,1.34322,67
2016-11-22 23:51:00,2016-11-22 23:52:00,1.34298,1.34306,1.34309,1.34298,1.34322,1.34338,1.34338,1.34322,125
2016-11-22 23:52:00,2016-11-22 23:53:00,1.34306,1.34303,1.34317,1.34303,1.34338,1.34333,1.34343,1.34333,43
2016-11-22 23:53:00,2016-11-22 23:54:00,1.34303,1.34316,1.34317,1.34302,1.34333,1.34348,1.34348,1.34334,39
2016-11-22 23:54:00,2016-11-22 23:55:00,1.34316,1.34313,1.34316,1.34309,1.34348,1.34341,1.34347,1.3434,36
2016-11-22 23:55:00,2016-11-22 23:56:00,1.34313,1.34318,1.34319,1.34314,1.34341,1.3435,1.34351,1.34341,45
2016-11-22 23:56:00,2016-11-22 23:57:00,1.34318,1.34312,1.34319,1.3431,1.3435,1.34344,1.34351,1.34341,34
2016-11-22 23:57:00,2016-11-22 23:58:00,1.34312,1.34308,1.34313,1.34308,1.34344,1.3434,1.34345,1.34337,21
2016-11-22 23:58:00,2016-11-22 23:59:00,1.34308,1.34304,1.34314,1.34304,1.3434,1.34336,1.34347,1.34336,56
2016-11-22 23:59:00,2016-11-23 00:00:00,1.34304,1.34302,1.34308,1.34289,1.34336,1.3433,1.34338,1.3432,364
2016-11-23 00:00:00,2016-11-23 00:01:00,1.34302,1.34296,1.34306,1.34288,1.3433,1.34325,1.34333,1.34315,193
2016-11-23 00:01:00,2016-11-23 00:02:00,1.34296,1.34319,1.34322,1.34296,1.34325,1.34347,1.34349,1.34324,71
2016-11-23 00:02:00,2016-11-23 00:03:00,1.34319,1.34323,1.34324,1.34314,1.34347,1.34351,1.34352,1.34339,108
2016-11-23 00:03:00,2016-11-23 00:04:00,1.34323,1.34322,1.34326,1.34322,1.34351,1.3435,1.34352,1.3435,22
2016-11-23 00:04:00,2016-11-23 00:05:00,1.34322,1.34326,1.34328,1.34322,1.3435,1.34354,1.34354,1.34347,45
2016-11-23 00:05:00,2016-11-23 00:06:00,1.34326,1.34324,1.34326,1.34322,1.34354,1.3435,1.34353,1.34348,24
2016-11-23 00:06:00,2016-11-23 00:07:00,1.34324,1.34327,1.34327,1.34324,1.3435,1.34353,1.34353,1.34348,24
2016-11-23 00:07:00,2016-11-23 00:08:00,1.34327,1.34326,1.34329,1.34325,1.34353,1.34353,1.34355,1.3435,62
2016-11-23 00:08:00,2016-11-23 00:09:00,1.34326,1.34323,1.34327,1.34323,1.34353,1.34349,1.34354,1.34349,88
2016-11-23 00:09:00,2016-11-23 00:10:00,1.34323,1.34319,1.34323,1.34317,1.34349,1.34345,1.3435,1.34344,100
2016-11-23 00:10:00,2016-11-23 00:11:00,1.34319,1.34314,1.34318,1.343,1.34345,1.34337,1.34345,1.34327,184
2016-11-23 00:11:00,2016-11-23 00:12:00,1.34314,1.34308,1.34314,1.34306,1.34337,1.34337,1.3434,1.34335,120
2016-11-23 00:12:00,2016-11-23 00:13:00,1.34308,1.34308,1.34313,1.34307,1.34337,1.34338,1.34339,1.34336,81
2016-11-23 00:13:00,2016-11-23 00:14:00,1.34308,1.34324,1.34324,1.343,1.34338,1.34346,1.34348,1.34329,68
2016-11-23 00:14:00,2016-11-23 00:15:00,1.34324,1.34329,1.34331,1.34317,1.34346,1.34355,1.34355,1.34344,103
2016-11-23 00:15:00,2016-11-23 00:16:00,1.34329,1.34329,1.34331,1.34327,1.34355,1.34355,1.34355,1.34354,38
2016-11-23 00:16:00,2016-11-23 00:17:00,1.34329,1.34331,1.34332,1.34329,1.34355,1.34356,1.34358,1.34355,74
2016-11-23 00:17:00,2016-11-23 00:18:00,1.34331,1.34329,1.34331,1.34327,1.34356,1.34356,1.34357,1.34353,27
2016-11-23 00:18:00,2016-11-23 00:19:00,1.34329,1.34329,1.3433,1.34325,1.34356,1.34353,1.34356,1.34352,38
2016-11-23 00:19:00,2016-11-23 00:20:00,1.34329,1.34318,1.34328,1.34318,1.34353,1.34344,1.34355,1.34343,120
2016-11-23 00:20:00,2016-11-23 00:21:00,1.34318,1.34318,1.34318,1.34318,1.34344,1.34343,1.34344,1.34342,7
2016-11-23 00:21:00,2016-11-23 00:22:00,1.34318,1.34307,1.34323,1.34305,1.34343,1.34337,1.34348,1.34334,140
2016-11-23 00:22:00,2016-11-23 00:23:00,1.34307,1.34311,1.34313,1.34306,1.34337,1.34336,1.34339,1.34335,56
2016-11-23 00:23:00,2016-11-23 00:24:00,1.34311,1.34309,1.34315,1.34306,1.34336,1.34337,1.34341,1.34335,81
2016-11-23 00:24:00,2016-11-23 00:25:00,1.34309,1.34309,1.34313,1.34306,1.34337,1.34335,1.34339,1.34335,197
2016-11-23 00:25:00,2016-11-23 00:26:00,1.34309,1.34314,1.34314,1.34306,1.34335,1.34338,1.34339,1.34335,298
2016-11-23 00:26:00,2016-11-23 00:27:00,1.34314,1.34324,1.34327,1.34308,1.34338,1.34354,1.34354,1.34337,247
2016-11-23 00:27:00,2016-11-23 00:28:00,1.34324,1.34326,1.34332,1.34323,1.34354,1.34357,1.34358,1.34352,40
2016-11-23 00:28:00,2016-11-23 00:29:00,1.34326,1.34324,1.34326,1.34319,1.34357,1.34356,1.34357,1.34348,64
2016-11-23 00:29:00,2016-11-23 00:30:00,1.34324,1.34327,1.34329,1.34319,1.34356,1.34357,1.34358,1.34349,67
2016-11-23 00:30:00,2016-11-23 00:31:00,1.34327,1.34326,1.34328,1.34318,1.34357,1.34354,1.34356,1.34347,54
2016-11-23 00:31:00,2016-11-23 00:32:00,1.34326,1.34318,1.34326,1.34315,1.34354,1.34346,1.34353,1.34344,65
2016-11-23 00:32:00,2016-11-23 00:33:00,1.34318,1.34317,1.3432,1.34314,1.34346,1.34345,1.34348,1.34342,124
2016-11-23 00:33:00,2016-11-23 00:34:00,1.34317,1.34355,1.34358,1.34317,1.34345,1.3438,1.34383,1.34345,131
2016-11-23 00:34:00,2016-11-23 00:35:00,1.34355,1.34366,1.3437,1.34334,1.3438,1.3439,1.34394,1.34356,196
2016-11-23 00:35:00,2016-11-23 00:36:00,1.34366,1.3437,1.34379,1.34365,1.3439,1.34395,1.34405,1.3439,136
2016-11-23 00:36:00,2016-11-23 00:37:00,1.3437,1.34366,1.34371,1.34364,1.34395,1.34393,1.34394,1.34392,21
2016-11-23 00:37:00,2016-11-23 00:38:00,1.34366,1.34368,1.34369,1.34364,1.34393,1.34394,1.34396,1.3439,49
2016-11-23 00:38:00,2016-11-23 00:39:00,1.34368,1.34369,1.34371,1.34367,1.34394,1.34395,1.34396,1.34392,28
2016-11-23 00:39:00,2016-11-23 00:40:00,1.34369,1.34364,1.34371,1.34363,1.34395,1.34386,1.34396,1.34384,86
2016-11-23 00:40:00,2016-11-23 00:41:00,1.34364,1.34367,1.34371,1.34358,1.34386,1.34389,1.34395,1.3438,79
2016-11-23 00:41:00,2016-11-23 00:42:00,1.34367,1.34366,1.34372,1.3436,1.34389,1.3439,1.34395,1.34383,123
2016-11-23 00:42:00,2016-11-23 00:43:00,1.34366,1.34367,1.34368,1.34358,1.3439,1.34393,1.34394,1.34378,73
2016-11-23 00:43:00,2016-11-23 00:44:00,1.34367,1.3436,1.34367,1.34358,1.34393,1.34385,1.34393,1.34382,22
2016-11-23 00:44:00,2016-11-23 00:45:00,1.3436,1.34361,1.34365,1.34351,1.34385,1.34382,1.34385,1.34375,94
2016-11-23 00:45:00,2016-11-23 00:46:00,1.34361,1.34361,1.34361,1.34352,1.34382,1.34381,1.34383,1.34376,56
2016-11-23 00:46:00,2016-11-23 00:47:00,1.34361,1.34362,1.34362,1.34352,1.34381,1.34388,1.34388,1.34373,46
2016-11-23 00:47:00,2016-11-23 00:48:00,1.34362,1.34367,1.3437,1.34362,1.34388,1.34392,1.34394,1.34386,21
2016-11-23 00:48:00,2016-11-23 00:49:00,1.34367,1.34365,1.34367,1.34365,1.34392,1.34391,1.34392,1.34389,10
2016-11-23 00:49:00,2016-11-23 00:50:00,1.34365,1.34358,1.34365,1.34358,1.34391,1.34383,1.34388,1.34381,41
2016-11-23 00:50:00,2016-11-23 00:51:00,1.34358,1.34365,1.34365,1.34354,1.34383,1.34392,1.34392,1.34377,68
2016-11-23 00:51:00,2016-11-23 00:52:00,1.34365,1.34344,1.34366,1.34342,1.34392,1.34369,1.34392,1.34367,49
2016-11-23 00:52:00,2016-11-23 00:53:00,1.34344,1.3436,1.34362,1.34343,1.34369,1.34384,1.3439,1.34369,69
2016-11-23 00:53:00,2016-11-23 00:54:00,1.3436,1.34366,1.34366,1.34357,1.34384,1.34392,1.34392,1.34384,59
2016-11-23 00:54:00,2016-11-23 00:55:00,1.34366,1.34366,1.34366,1.34366,1.34392,1.34393,1.34394,1.34393,2
2016-11-23 00:55:00,2016-11-23 00:56:00,1.34366,1.34358,1.34366,1.34358,1.34393,1.34386,1.34393,1.34385,27
2016-11-23 00:56:00,2016-11-23 00:57:00,1.34358,1.34366,1.34366,1.34358,1.34386,1.34393,1.34393,1.34384,32
2016-11-23 00:57:00,2016-11-23 00:58:00,1.34366,1.34371,1.34377,1.34366,1.34393,1.34392,1.34399,1.34389,175
2016-11-23 00:58:00,2016-11-23 00:59:00,1.34371,1.34379,1.3438,1.34371,1.34392,1.34401,1.34402,1.34392,118
2016-11-23 00:59:00,2016-11-23 01:00:00,1.34379,1.34408,1.34415,1.34374,1.34401,1.34429,1.34439,1.34399,299
2016-11-23 01:00:00,2016-11-23 01:01:00,1.34408,1.34404,1.34411,1.34396,1.34429,1.34429,1.34437,1.3442,191
2016-11-23 01:01:00,2016-11-23 01:02:00,1.34404,1.34402,1.34408,1.34401,1.34429,1.34428,1.34434,1.34427,69
2016-11-23 01:02:00,2016-11-23 01:03:00,1.34402,1.34397,1.34408,1.34396,1.34428,1.34418,1.34431,1.34415,109
2016-11-23 01:03:00,2016-11-23 01:04:00,1.34397,1.34388,1.34397,1.34385,1.34418,1.34411,1.34422,1.34407,62
2016-11-23 01:04:00,2016-11-23 01:05:00,1.34388,1.34398,1.34405,1.34384,1.34411,1.34422,1.34431,1.34405,124
2016-11-23 01:05:00,2016-11-23 01:06:00,1.34398,1.34366,1.34397,1.34359,1.34422,1.34388,1.34422,1.34382,145
2016-11-23 01:06:00,2016-11-23 01:07:00,1.34366,1.3437,1.34379,1.3436,1.34388,1.34395,1.34403,1.34385,153
2016-11-23 01:07:00,2016-11-23 01:08:00,1.3437,1.34375,1.34375,1.34369,1.34395,1.34393,1.34396,1.3439,28
2016-11-23 01:08:00,2016-11-23 01:09:00,1.34375,1.3437,1.34375,1.3437,1.34393,1.34388,1.34397,1.34383,74
2016-11-23 01:09:00,2016-11-23 01:10:00,1.3437,1.3437,1.34377,1.34361,1.34388,1.34396,1.34402,1.34379,137
2016-11-23 01:10:00,2016-11-23 01:11:00,1.3437,1.34377,1.34377,1.3437,1.34396,1.34403,1.34403,1.34394,90
2016-11-23 01:11:00,2016-11-23 01:12:00,1.34377,1.34345,1.34377,1.34342,1.34403,1.34372,1.34402,1.3437,289
2016-11-23 01:12:00,2016-11-23 01:13:00,1.34345,1.34349,1.3436,1.34345,1.34372,1.34376,1.34386,1.34372,171
2016-11-23 01:13:00,2016-11-23 01:14:00,1.34349,1.34331,1.34352,1.34331,1.34376,1.34357,1.34377,1.34357,107
2016-11-23 01:14:00,2016-11-23 01:15:00,1.34331,1.34342,1.34347,1.3433,1.34357,1.34367,1.34371,1.34354,160
2016-11-23 01:15:00,2016-11-23 01:16:00,1.34342,1.3435,1.34366,1.34341,1.34367,1.34377,1.34387,1.34366,186
2016-11-23 01:16:00,2016-11-23 01:17:00,1.3435,1.34348,1.3435,1.34343,1.34377,1.34372,1.34377,1.34368,150
2016-11-23 01:17:00,2016-11-23 01:18:00,1.34348,1.34367,1.3437,1.34349,1.34372,1.34394,1.34395,1.34372,208
2016-11-23 01:18:00,2016-11-23 01:19:00,1.34367,1.34367,1.34368,1.3435,1.34394,1.34388,1.34393,1.34378,103
2016-11-23 01:19:00,2016-11-23 01:20:00,1.34367,1.34367,1.3437,1.34356,1.34388,1.34391,1.34393,1.34383,131
2016-11-23 01:20:00,2016-11-23 01:21:00,1.34367,1.3436,1.34371,1.3436,1.34391,1.34383,1.34396,1.34383,142
2016-11-23 01:21:00,2016-11-23 01:22:00,1.3436,1.34353,1.34365,1.34351,1.34383,1.34374,1.34389,1.34374,114
2016-11-23 01:22:00,2016-11-23 01:23:00,1.34353,1.34361,1.34363,1.34353,1.34374,1.34385,1.34385,1.34374,67
2016-11-23 01:23:00,2016-11-23 01:24:00,1.34361,1.34364,1.34365,1.34359,1.34385,1.34385,1.34385,1.34384,26
2016-11-23 01:24:00,2016-11-23 01:25:00,1.34364,1.34348,1.34364,1.34348,1.34385,1.3437,1.34385,1.3437,47
2016-11-23 01:25:00,2016-11-23 01:26:00,1.34348,1.34345,1.3435,1.34344,1.3437,1.34369,1.34371,1.34365,47
2016-11-23 01:26:00,2016-11-23 01:27:00,1.34345,1.34362,1.34365,1.34345,1.34369,1.34384,1.34389,1.34369,128
2016-11-23 01:27:00,2016-11-23 01:28:00,1.34362,1.34353,1.34361,1.34349,1.34384,1.34381,1.34386,1.34379,60
2016-11-23 01:28:00,2016-11-23 01:29:00,1.34353,1.34347,1.34353,1.34338,1.34381,1.34375,1.34381,1.34365,141
2016-11-23 01:29:00,2016-11-23 01:30:00,1.34347,1.34332,1.34349,1.34331,1.34375,1.34356,1.34374,1.34353,161
2016-11-23 01:30:00,2016-11-23 01:31:00,1.34332,1.34326,1.34336,1.34322,1.34356,1.3435,1.34358,1.34345,115
2016-11-23 01:31:00,2016-11-23 01:32:00,1.34326,1.34335,1.34336,1.34321,1.3435,1.34357,1.34357,1.34344,53
2016-11-23 01:32:00,2016-11-23 01:33:00,1.34335,1.34321,1.34338,1.3432,1.34357,1.34347,1.34366,1.34347,182
2016-11-23 01:33:00,2016-11-23 01:34:00,1.34321,1.34327,1.34329,1.34316,1.34347,1.34352,1.34354,1.34343,147
2016-11-23 01:34:00,2016-11-23 01:35:00,1.34327,1.34315,1.34327,1.34304,1.34352,1.34336,1.34352,1.34333,220
2016-11-23 01:35:00,2016-11-23 01:36:00,1.34315,1.34306,1.34323,1.34294,1.34336,1.34334,1.34349,1.3432,198
2016-11-23 01:36:00,2016-11-23 01:37:00,1.34306,1.34315,1.34317,1.34303,1.34334,1.34345,1.34345,1.34333,150
2016-11-23 01:37:00,2016-11-23 01:38:00,1.34315,1.34315,1.34323,1.34313,1.34345,1.34342,1.34351,1.3434,206
2016-11-23 01:38:00,2016-11-23 01:39:00,1.34315,1.34305,1.34319,1.34299,1.34342,1.34329,1.34342,1.34326,200
2016-11-23 01:39:00,2016-11-23 01:40:00,1.34305,1.34322,1.34322,1.34306,1.34329,1.3435,1.34351,1.34329,124
2016-11-23 01:40:00,2016-11-23 01:41:00,1.34322,1.34319,1.34326,1.34315,1.3435,1.34346,1.3435,1.34342,122
2016-11-23 01:41:00,2016-11-23 01:42:00,1.34319,1.34341,1.34344,1.34324,1.34346,1.34363,1.34367,1.34346,96
2016-11-23 01:42:00,2016-11-23 01:43:00,1.34341,1.34355,1.34355,1.34339,1.34363,1.34376,1.34377,1.34362,77
2016-11-23 01:43:00,2016-11-23 01:44:00,1.34355,1.34349,1.3436,1.34346,1.34376,1.3437,1.34386,1.34369,77
2016-11-23 01:44:00,2016-11-23 01:45:00,1.34349,1.34349,1.34356,1.34344,1.3437,1.34373,1.3438,1.34365,93
2016-11-23 01:45:00,2016-11-23 01:46:00,1.34349,1.34358,1.3436,1.34347,1.34373,1.34385,1.34388,1.34369,84
2016-11-23 01:46:00,2016-11-23 01:47:00,1.34358,1.34354,1.34361,1.34346,1.34385,1.34379,1.34388,1.34372,61
2016-11-23 01:47:00,2016-11-23 01:48:00,1.34354,1.3436,1.3436,1.34353,1.34379,1.34386,1.34386,1.34378,91
2016-11-23 01:48:00,2016-11-23 01:49:00,1.3436,1.34364,1.34366,1.34358,1.34386,1.34393,1.34395,1.34386,15
2016-11-23 01:49:00,2016-11-23 01:50:00,1.34364,1.34354,1.34368,1.34349,1.34393,1.34383,1.34395,1.34377,93
2016-11-23 01:50:00,2016-11-23 01:51:00,1.34354,1.34349,1.34355,1.34346,1.34383,1.34375,1.34382,1.34374,393
2016-11-23 01:51:00,2016-11-23 01:52:00,1.34349,1.34347,1.34349,1.34334,1.34375,1.34372,1.34373,1.34361,143
2016-11-23 01:52:00,2016-11-23 01:53:00,1.34347,1.34345,1.34348,1.3434,1.34372,1.34371,1.34377,1.34367,46
2016-11-23 01:53:00,2016-11-23 01:54:00,1.34345,1.34348,1.34352,1.34339,1.34371,1.34373,1.34378,1.34367,112
2016-11-23 01:54:00,2016-11-23 01:55:00,1.34348,1.34351,1.34353,1.34346,1.34373,1.3438,1.3438,1.34371,93
2016-11-23 01:55:00,2016-11-23 01:56:00,1.34351,1.34361,1.34364,1.34345,1.3438,1.34391,1.34391,1.34371,166
2016-11-23 01:56:00,2016-11-23 01:57:00,1.34361,1.34363,1.34366,1.34352,1.34391,1.34391,1.34392,1.34381,188
2016-11-23 01:57:00,2016-11-23 01:58:00,1.34363,1.34364,1.34368,1.34359,1.34391,1.34388,1.34394,1.34388,139
2016-11-23 01:58:00,2016-11-23 01:59:00,1.34364,1.34359,1.34364,1.34358,1.34388,1.34384,1.34388,1.34383,19
2016-11-23 01:59:00,2016-11-23 02:00:00,1.34359,1.34362,1.34368,1.34358,1.34384,1.34385,1.34387,1.34381,58
2016-11-23 02:00:00,2016-11-23 02:01:00,1.34362,1.34364,1.34364,1.34356,1.34385,1.34388,1.34389,1.34379,81
2016-11-23 02:01:00,2016-11-23 02:02:00,1.34364,1.3436,1.34366,1.3436,1.34388,1.34387,1.34389,1.34387,29
2016-11-23 02:02:00,2016-11-23 02:03:00,1.3436,1.34354,1.34365,1.34354,1.34387,1.34379,1.34389,1.34377,145
2016-11-23 02:03:00,2016-11-23 02:04:00,1.34354,1.3435,1.34356,1.34347,1.34379,1.3438,1.3438,1.3437,60
2016-11-23 02:04:00,2016-11-23 02:05:00,1.3435,1.34362,1.34364,1.3435,1.3438,1.34386,1.34389,1.34379,86
2016-11-23 02:05:00,2016-11-23 02:06:00,1.34362,1.3437,1.34371,1.3436,1.34386,1.34391,1.34393,1.34385,38
2016-11-23 02:06:00,2016-11-23 02:07:00,1.3437,1.34366,1.34369,1.34365,1.34391,1.34391,1.34393,1.34389,81
2016-11-23 02:07:00,2016-11-23 02:08:00,1.34366,1.34362,1.34367,1.34361,1.34391,1.34391,1.34393,1.34389,89
2016-11-23 02:08:00,2016-11-23 02:09:00,1.34362,1.34348,1.34366,1.34346,1.34391,1.34373,1.34392,1.34368,139
2016-11-23 02:09:00,2016-11-23 02:10:00,1.34348,1.34344,1.34355,1.34334,1.34373,1.3437,1.34377,1.34359,188
2016-11-23 02:10:00,2016-11-23 02:11:00,1.34344,1.34348,1.34351,1.34343,1.3437,1.34372,1.34377,1.34368,105
2016-11-23 02:11:00,2016-11-23 02:12:00,1.34348,1.34343,1.34348,1.34328,1.34372,1.34371,1.34375,1.34355,193
2016-11-23 02:12:00,2016-11-23 02:13:00,1.34343,1.34356,1.34358,1.34341,1.34371,1.34382,1.34382,1.34368,183
2016-11-23 02:13:00,2016-11-23 02:14:00,1.34356,1.34349,1.34358,1.34348,1.34382,1.34376,1.34382,1.34372,75
2016-11-23 02:14:00,2016-11-23 02:15:00,1.34349,1.34346,1.34366,1.34345,1.34376,1.34376,1.3439,1.34373,113
2016-11-23 02:15:00,2016-11-23 02:16:00,1.34346,1.34357,1.34362,1.3435,1.34376,1.34383,1.34385,1.34372,126
2016-11-23 02:16:00,2016-11-23 02:17:00,1.34357,1.34365,1.34366,1.34351,1.34383,1.34389,1.3439,1.3438,100
2016-11-23 02:17:00,2016-11-23 02:18:00,1.34365,1.34353,1.34366,1.34351,1.34389,1.34381,1.3439,1.34379,57
2016-11-23 02:18:00,2016-11-23 02:19:00,1.34353,1.34366,1.34367,1.34352,1.34381,1.3439,1.34391,1.3438,84
2016-11-23 02:19:00,2016-11-23 02:20:00,1.34366,1.34363,1.34367,1.34363,1.3439,1.34388,1.34391,1.34388,73
2016-11-23 02:20:00,2016-11-23 02:21:00,1.34363,1.34364,1.34366,1.34362,1.34388,1.34388,1.3439,1.34387,81
2016-11-23 02:21:00,2016-11-23 02:22:00,1.34364,1.34361,1.34366,1.34359,1.34388,1.34382,1.34389,1.34382,77
2016-11-23 02:22:00,2016-11-23 02:23:00,1.34361,1.34364,1.34365,1.34349,1.34382,1.34387,1.34387,1.34378,41
2016-11-23 02:23:00,2016-11-23 02:24:00,1.34364,1.34357,1.34368,1.3435,1.34387,1.34381,1.34388,1.34379,112
2016-11-23 02:24:00,2016-11-23 02:25:00,1.34357,1.34351,1.34357,1.3435,1.34381,1.34379,1.34383,1.34379,66
2016-11-23 02:25:00,2016-11-23 02:26:00,1.34351,1.3435,1.34351,1.3435,1.34379,1.34381,1.34382,1.34379,10
2016-11-23 02:26:00,2016-11-23 02:27:00,1.3435,1.34365,1.34367,1.34351,1.34381,1.34389,1.3439,1.34381,41
2016-11-23 02:27:00,2016-11-23 02:28:00,1.34365,1.34365,1.34365,1.34363,1.34389,1.3439,1.3439,1.34388,15
2016-11-23 02:28:00,2016-11-23 02:29:00,1.34365,1.34364,1.34365,1.34357,1.3439,1.34389,1.3439,1.3438,131
2016-11-23 02:29:00,2016-11-23 02:30:00,1.34364,1.34348,1.34366,1.34347,1.34389,1.34373,1.3439,1.34373,113
2016-11-23 02:30:00,2016-11-23 02:31:00,1.34348,1.34353,1.34354,1.34347,1.34373,1.34381,1.34382,1.34373,24
2016-11-23 02:31:00,2016-11-23 02:32:00,1.34353,1.34356,1.34357,1.34345,1.34381,1.34382,1.34383,1.3437,85
2016-11-23 02:32:00,2016-11-23 02:33:00,1.34356,1.34339,1.34356,1.34339,1.34382,1.34369,1.34383,1.34367,60
2016-11-23 02:33:00,2016-11-23 02:34:00,1.34339,1.34341,1.34342,1.34339,1.34369,1.3437,1.34373,1.34367,106
2016-11-23 02:34:00,2016-11-23 02:35:00,1.34341,1.34342,1.34349,1.34342,1.3437,1.34369,1.34375,1.34369,215
2016-11-23 02:35:00,2016-11-23 02:36:00,1.34342,1.34344,1.34345,1.3434,1.34369,1.34371,1.34372,1.34366,450
2016-11-23 02:36:00,2016-11-23 02:37:00,1.34344,1.34356,1.34356,1.34341,1.34371,1.34381,1.34382,1.34368,287
2016-11-23 02:37:00,2016-11-23 02:38:00,1.34356,1.34355,1.34356,1.3435,1.34381,1.34375,1.34382,1.34374,52
2016-11-23 02:38:00,2016-11-23 02:39:00,1.34355,1.34341,1.34355,1.34341,1.34375,1.34372,1.3438,1.34365,133
2016-11-23 02:39:00,2016-11-23 02:40:00,1.34341,1.34355,1.34357,1.3434,1.34372,1.34378,1.34382,1.34365,93
2016-11-23 02:40:00,2016-11-23 02:41:00,1.34355,1.34364,1.34364,1.34353,1.34378,1.3439,1.3439,1.34378,92
2016-11-23 02:41:00,2016-11-23 02:42:00,1.34364,1.34358,1.34373,1.34357,1.3439,1.34386,1.34399,1.34386,148
2016-11-23 02:42:00,2016-11-23 02:43:00,1.34358,1.34347,1.34358,1.34343,1.34386,1.34369,1.34386,1.34367,172
2016-11-23 02:43:00,2016-11-23 02:44:00,1.34347,1.3435,1.34366,1.34346,1.34369,1.34377,1.34392,1.34369,132
2016-11-23 02:44:00,2016-11-23 02:45:00,1.3435,1.3435,1.34351,1.34343,1.34377,1.34374,1.34377,1.34364,105
2016-11-23 02:45:00,2016-11-23 02:46:00,1.3435,1.34345,1.34352,1.34344,1.34374,1.34368,1.34375,1.34366,122
2016-11-23 02:46:00,2016-11-23 02:47:00,1.34345,1.34347,1.34348,1.34344,1.34368,1.34371,1.34372,1.34367,132
2016-11-23 02:47:00,2016-11-23 02:48:00,1.34347,1.34348,1.3435,1.34344,1.34371,1.34372,1.34373,1.34367,99
2016-11-23 02:48:00,2016-11-23 02:49:00,1.34348,1.34338,1.34349,1.34329,1.34372,1.34362,1.34372,1.34359,143
2016-11-23 02:49:00,2016-11-23 02:50:00,1.34338,1.34342,1.34348,1.34338,1.34362,1.3437,1.34374,1.34362,231
2016-11-23 02:50:00,2016-11-23 02:51:00,1.34342,1.34338,1.34344,1.34333,1.3437,1.34363,1.3437,1.34362,51
2016-11-23 02:51:00,2016-11-23 02:52:00,1.34338,1.34338,1.34338,1.34335,1.34363,1.34363,1.34364,1.34362,22
2016-11-23 02:52:00,2016-11-23 02:53:00,1.34338,1.34345,1.34347,1.34338,1.34363,1.3437,1.34373,1.34362,162
2016-11-23 02:53:00,2016-11-23 02:54:00,1.34345,1.34339,1.34346,1.34335,1.3437,1.34364,1.3437,1.34361,117
2016-11-23 02:54:00,2016-11-23 02:55:00,1.34339,1.34344,1.34346,1.34336,1.34364,1.34371,1.34372,1.34362,178
2016-11-23 02:55:00,2016-11-23 02:56:00,1.34344,1.34345,1.34346,1.34334,1.34371,1.34372,1.34373,1.34364,153
2016-11-23 02:56:00,2016-11-23 02:57:00,1.34345,1.3434,1.34345,1.34336,1.34372,1.34367,1.34373,1.34365,149
2016-11-23 02:57:00,2016-11-23 02:58:00,1.3434,1.34346,1.34346,1.34335,1.34367,1.34372,1.34372,1.34365,194
2016-11-23 02:58:00,2016-11-23 02:59:00,1.34346,1.34352,1.34366,1.34337,1.34372,1.34382,1.34391,1.34366,397
2016-11-23 02:59:00,2016-11-23 03:00:00,1.34352,1.3435,1.34359,1.34343,1.34382,1.34376,1.34386,1.34371,415
2016-11-23 03:00:00,2016-11-23 03:01:00,1.3435,1.34347,1.34362,1.34345,1.34376,1.34375,1.34388,1.34373,666
2016-11-23 03:01:00,2016-11-23 03:02:00,1.34347,1.34346,1.34355,1.3434,1.34375,1.34374,1.34382,1.34371,343
2016-11-23 03:02:00,2016-11-23 03:03:00,1.34346,1.34345,1.34349,1.3434,1.34374,1.34373,1.34376,1.34368,329
2016-11-23 03:03:00,2016-11-23 03:04:00,1.34345,1.34344,1.34347,1.34341,1.34373,1.34366,1.34375,1.34363,191
2016-11-23 03:04:00,2016-11-23 03:05:00,1.34344,1.34345,1.34346,1.34341,1.34366,1.34371,1.34372,1.34363,108
2016-11-23 03:05:00,2016-11-23 03:06:00,1.34345,1.34354,1.34355,1.34341,1.34371,1.3438,1.34381,1.34367,123
2016-11-23 03:06:00,2016-11-23 03:07:00,1.34354,1.34347,1.34355,1.34341,1.3438,1.34373,1.34381,1.3437,184
2016-11-23 03:07:00,2016-11-23 03:08:00,1.34347,1.34352,1.34356,1.34348,1.34373,1.34378,1.34381,1.34373,198
2016-11-23 03:08:00,2016-11-23 03:09:00,1.34352,1.34356,1.34357,1.34349,1.34378,1.34381,1.34382,1.34374,190
2016-11-23 03:09:00,2016-11-23 03:10:00,1.34356,1.34364,1.34368,1.34355,1.34381,1.34389,1.34391,1.3438,146
2016-11-23 03:10:00,2016-11-23 03:11:00,1.34364,1.34348,1.34366,1.34345,1.34389,1.34372,1.34391,1.34372,271
2016-11-23 03:11:00,2016-11-23 03:12:00,1.34348,1.34351,1.34352,1.34345,1.34372,1.34378,1.34378,1.3437,98
2016-11-23 03:12:00,2016-11-23 03:13:00,1.34351,1.34356,1.34365,1.34348,1.34378,1.34385,1.34391,1.34375,132
2016-11-23 03:13:00,2016-11-23 03:14:00,1.34356,1.34341,1.34364,1.34341,1.34385,1.34369,1.34388,1.34367,187
2016-11-23 03:14:00,2016-11-23 03:15:00,1.34341,1.34356,1.34356,1.34342,1.34369,1.34378,1.34378,1.34369,120
2016-11-23 03:15:00,2016-11-23 03:16:00,1.34356,1.34365,1.34366,1.34355,1.34378,1.34388,1.34388,1.34378,109
2016-11-23 03:16:00,2016-11-23 03:17:00,1.34365,1.34362,1.34366,1.34361,1.34388,1.3439,1.3439,1.34387,109
2016-11-23 03:17:00,2016-11-23 03:18:00,1.34362,1.34376,1.34377,1.3436,1.3439,1.344,1.344,1.34386,137
2016-11-23 03:18:00,2016-11-23 03:19:00,1.34376,1.34375,1.34378,1.34373,1.344,1.34401,1.34405,1.34397,246
2016-11-23 03:19:00,2016-11-23 03:20:00,1.34375,1.34377,1.34382,1.34374,1.34401,1.34399,1.34405,1.34398,442
2016-11-23 03:20:00,2016-11-23 03:21:00,1.34377,1.34381,1.34382,1.34374,1.34399,1.34405,1.34405,1.34399,261
2016-11-23 03:21:00,2016-11-23 03:22:00,1.34381,1.34376,1.34383,1.34375,1.34405,1.34399,1.34405,1.34399,101
2016-11-23 03:22:00,2016-11-23 03:23:00,1.34376,1.34374,1.34379,1.34374,1.34399,1.34399,1.34405,1.34398,419
2016-11-23 03:23:00,2016-11-23 03:24:00,1.34374,1.34377,1.34382,1.34374,1.34399,1.34402,1.34405,1.34398,74
2016-11-23 03:24:00,2016-11-23 03:25:00,1.34377,1.34375,1.34381,1.3437,1.34402,1.34399,1.34403,1.34396,238
2016-11-23 03:25:00,2016-11-23 03:26:00,1.34375,1.34373,1.34376,1.34371,1.34399,1.34399,1.34403,1.34397,138
2016-11-23 03:26:00,2016-11-23 03:27:00,1.34373,1.34372,1.34375,1.34363,1.34399,1.34399,1.34402,1.34392,225
2016-11-23 03:27:00,2016-11-23 03:28:00,1.34372,1.34374,1.34375,1.34371,1.34399,1.34401,1.34401,1.34398,70
2016-11-23 03:28:00,2016-11-23 03:29:00,1.34374,1.34367,1.34374,1.34365,1.34401,1.34396,1.34402,1.34394,106
2016-11-23 03:29:00,2016-11-23 03:30:00,1.34367,1.34376,1.34377,1.3436,1.34396,1.34398,1.34404,1.34388,314
2016-11-23 03:30:00,2016-11-23 03:31:00,1.34376,1.34383,1.34384,1.34374,1.34398,1.34405,1.34405,1.34397,109
2016-11-23 03:31:00,2016-11-23 03:32:00,1.34383,1.34393,1.34396,1.34382,1.34405,1.3442,1.34423,1.34405,127
2016-11-23 03:32:00,2016-11-23 03:33:00,1.34393,1.34395,1.34405,1.34391,1.3442,1.34423,1.34434,1.34417,343
2016-11-23 03:33:00,2016-11-23 03:34:00,1.34395,1.34393,1.34405,1.34392,1.34423,1.34419,1.34431,1.34418,144
2016-11-23 03:34:00,2016-11-23 03:35:00,1.34393,1.34399,1.34412,1.34376,1.34419,1.34422,1.34436,1.34403,353
2016-11-23 03:35:00,2016-11-23 03:36:00,1.34399,1.34394,1.34399,1.34394,1.34422,1.34422,1.34424,1.34422,88
2016-11-23 03:36:00,2016-11-23 03:37:00,1.34394,1.34404,1.34405,1.34385,1.34422,1.34432,1.34432,1.34412,283
2016-11-23 03:37:00,2016-11-23 03:38:00,1.34404,1.34388,1.34412,1.34388,1.34432,1.34414,1.34436,1.34412,321
2016-11-23 03:38:00,2016-11-23 03:39:00,1.34388,1.34394,1.34397,1.34387,1.34414,1.34422,1.34423,1.34413,102
2016-11-23 03:39:00,2016-11-23 03:40:00,1.34394,1.3441,1.34413,1.34393,1.34422,1.34439,1.34439,1.34421,120
2016-11-23 03:40:00,2016-11-23 03:41:00,1.3441,1.34411,1.34416,1.34408,1.34439,1.34439,1.34442,1.34434,308
2016-11-23 03:41:00,2016-11-23 03:42:00,1.34411,1.34412,1.34415,1.3441,1.34439,1.3444,1.34442,1.34436,141
2016-11-23 03:42:00,2016-11-23 03:43:00,1.34412,1.34403,1.34413,1.34401,1.3444,1.34429,1.34442,1.34429,172
2016-11-23 03:43:00,2016-11-23 03:44:00,1.34403,1.34392,1.3441,1.34385,1.34429,1.3442,1.34435,1.34408,323
2016-11-23 03:44:00,2016-11-23 03:45:00,1.34392,1.34385,1.34393,1.34384,1.3442,1.34412,1.34421,1.3441,87
2016-11-23 03:45:00,2016-11-23 03:46:00,1.34385,1.34388,1.34389,1.34376,1.34412,1.34411,1.34412,1.34401,327
2016-11-23 03:46:00,2016-11-23 03:47:00,1.34388,1.34398,1.34403,1.34384,1.34411,1.34421,1.3443,1.34411,191
2016-11-23 03:47:00,2016-11-23 03:48:00,1.34398,1.34385,1.34398,1.34383,1.34421,1.34411,1.34422,1.34408,440
2016-11-23 03:48:00,2016-11-23 03:49:00,1.34385,1.3439,1.34392,1.34382,1.34411,1.34416,1.34418,1.34409,483
2016-11-23 03:49:00,2016-11-23 03:50:00,1.3439,1.3439,1.34393,1.34382,1.34416,1.34415,1.34421,1.34409,273
2016-11-23 03:50:00,2016-11-23 03:51:00,1.3439,1.34389,1.34391,1.34389,1.34415,1.34412,1.34417,1.34411,11
2016-11-23 03:51:00,2016-11-23 03:52:00,1.34389,1.34391,1.34391,1.34389,1.34412,1.34415,1.34417,1.34411,31
2016-11-23 03:52:00,2016-11-23 03:53:00,1.34391,1.34395,1.34395,1.34389,1.34415,1.3442,1.3442,1.34411,110
2016-11-23 03:53:00,2016-11-23 03:54:00,1.34395,1.34392,1.34395,1.34388,1.3442,1.34416,1.3442,1.34412,131
2016-11-23 03:54:00,2016-11-23 03:55:00,1.34392,1.34392,1.34393,1.34388,1.34416,1.34417,1.34417,1.34412,75
2016-11-23 03:55:00,2016-11-23 03:56:00,1.34392,1.34392,1.34393,1.34389,1.34417,1.34417,1.34419,1.34413,101
2016-11-23 03:56:00,2016-11-23 03:57:00,1.34392,1.34392,1.34394,1.3439,1.34417,1.34417,1.34419,1.34416,151
2016-11-23 03:57:00,2016-11-23 03:58:00,1.34392,1.34382,1.34392,1.34378,1.34417,1.34408,1.34417,1.34405,328
2016-11-23 03:58:00,2016-11-23 03:59:00,1.34382,1.34376,1.34383,1.34372,1.34408,1.344,1.34408,1.344,274
2016-11-23 03:59:00,2016-11-23 04:00:00,1.34376,1.34379,1.3438,1.34371,1.344,1.34404,1.34406,1.34398,75
2016-11-23 04:00:00,2016-11-23 04:01:00,1.34379,1.34378,1.3438,1.34374,1.34404,1.34402,1.34406,1.34401,59
2016-11-23 04:01:00,2016-11-23 04:02:00,1.34378,1.34383,1.34385,1.34378,1.34402,1.3441,1.34411,1.34403,182
2016-11-23 04:02:00,2016-11-23 04:03:00,1.34383,1.34387,1.34387,1.34382,1.3441,1.34414,1.34415,1.34409,64
2016-11-23 04:03:00,2016-11-23 04:04:00,1.34387,1.34394,1.34395,1.34386,1.34414,1.34422,1.34422,1.34413,38
2016-11-23 04:04:00,2016-11-23 04:05:00,1.34394,1.34397,1.34398,1.34392,1.34422,1.34421,1.34425,1.34419,59
2016-11-23 04:05:00,2016-11-23 04:06:00,1.34397,1.34394,1.34397,1.3439,1.34421,1.34421,1.34422,1.34415,149
2016-11-23 04:06:00,2016-11-23 04:07:00,1.34394,1.34395,1.34397,1.34393,1.34421,1.34421,1.34423,1.34421,25
2016-11-23 04:07:00,2016-11-23 04:08:00,1.34395,1.34395,1.34397,1.34394,1.34421,1.34421,1.34423,1.3442,48
2016-11-23 04:08:00,2016-11-23 04:09:00,1.34395,1.34395,1.34397,1.34394,1.34421,1.34421,1.34422,1.3442,73
2016-11-23 04:09:00,2016-11-23 04:10:00,1.34395,1.34412,1.34413,1.34394,1.34421,1.34438,1.3444,1.3442,63
2016-11-23 04:10:00,2016-11-23 04:11:00,1.34412,1.34415,1.34415,1.34411,1.34438,1.3444,1.3444,1.34437,30
2016-11-23 04:11:00,2016-11-23 04:12:00,1.34415,1.3442,1.34426,1.34413,1.3444,1.34446,1.34454,1.34439,89
2016-11-23 04:12:00,2016-11-23 04:13:00,1.3442,1.34423,1.34423,1.34421,1.34446,1.34449,1.34449,1.34446,39
2016-11-23 04:13:00,2016-11-23 04:14:00,1.34423,1.34428,1.3443,1.34422,1.34449,1.34457,1.3446,1.34448,80
2016-11-23 04:14:00,2016-11-23 04:15:00,1.34428,1.34434,1.34436,1.34428,1.34457,1.34461,1.34464,1.34457,75
2016-11-23 04:15:00,2016-11-23 04:16:00,1.34434,1.34446,1.3445,1.34427,1.34461,1.34473,1.34478,1.34455,157
2016-11-23 04:16:00,2016-11-23 04:17:00,1.34446,1.34462,1.34462,1.34444,1.34473,1.34484,1.34485,1.34471,185
2016-11-23 04:17:00,2016-11-23 04:18:00,1.34462,1.34463,1.34465,1.3446,1.34484,1.34487,1.34488,1.34483,108
2016-11-23 04:18:00,2016-11-23 04:19:00,1.34463,1.34472,1.34481,1.3446,1.34487,1.345,1.34504,1.34484,108
2016-11-23 04:19:00,2016-11-23 04:20:00,1.34472,1.34478,1.34481,1.34466,1.345,1.34502,1.34505,1.3449,116
2016-11-23 04:20:00,2016-11-23 04:21:00,1.34478,1.34472,1.3448,1.34464,1.34502,1.34499,1.34503,1.34488,116
2016-11-23 04:21:00,2016-11-23 04:22:00,1.34472,1.34461,1.34473,1.3446,1.34499,1.34489,1.34501,1.34488,105
2016-11-23 04:22:00,2016-11-23 04:23:00,1.34461,1.34461,1.34465,1.34459,1.34489,1.34488,1.3449,1.34486,60
2016-11-23 04:23:00,2016-11-23 04:24:00,1.34461,1.34463,1.34471,1.3446,1.34488,1.3449,1.34497,1.34488,52
2016-11-23 04:24:00,2016-11-23 04:25:00,1.34463,1.34457,1.34465,1.34453,1.3449,1.34483,1.3449,1.3448,183
2016-11-23 04:25:00,2016-11-23 04:26:00,1.34457,1.34453,1.34458,1.34448,1.34483,1.34483,1.34485,1.34474,153
2016-11-23 04:26:00,2016-11-23 04:27:00,1.34453,1.34442,1.34463,1.34441,1.34483,1.34472,1.3449,1.3447,241
2016-11-23 04:27:00,2016-11-23 04:28:00,1.34442,1.34441,1.34444,1.3444,1.34472,1.34472,1.34473,1.34467,107
2016-11-23 04:28:00,2016-11-23 04:29:00,1.34441,1.34441,1.34443,1.34441,1.34472,1.34467,1.34473,1.34467,22
2016-11-23 04:29:00,2016-11-23 04:30:00,1.34441,1.34433,1.34443,1.34433,1.34467,1.34463,1.34472,1.3446,92
2016-11-23 04:30:00,2016-11-23 04:31:00,1.34433,1.3444,1.3444,1.34424,1.34463,1.34465,1.34465,1.34452,255
2016-11-23 04:31:00,2016-11-23 04:32:00,1.3444,1.34434,1.34441,1.34433,1.34465,1.34462,1.34466,1.34462,63
2016-11-23 04:32:00,2016-11-23 04:33:00,1.34434,1.34443,1.34446,1.34435,1.34462,1.34472,1.34473,1.34464,62
2016-11-23 04:33:00,2016-11-23 04:34:00,1.34443,1.34443,1.34445,1.3444,1.34472,1.34472,1.34473,1.34468,63
2016-11-23 04:34:00,2016-11-23 04:35:00,1.34443,1.34442,1.34445,1.34442,1.34472,1.34471,1.34474,1.3447,21
2016-11-23 04:35:00,2016-11-23 04:36:00,1.34442,1.34442,1.34443,1.34441,1.34471,1.34471,1.34473,1.3447,28
2016-11-23 04:36:00,2016-11-23 04:37:00,1.34442,1.34441,1.34441,1.34437,1.34471,1.34471,1.34472,1.34467,108
2016-11-23 04:37:00,2016-11-23 04:38:00,1.34441,1.3444,1.34442,1.3444,1.34471,1.34469,1.34472,1.34468,24
2016-11-23 04:38:00,2016-11-23 04:39:00,1.3444,1.34442,1.34445,1.34433,1.34469,1.3447,1.34472,1.34463,76
2016-11-23 04:39:00,2016-11-23 04:40:00,1.34442,1.34442,1.34443,1.3444,1.3447,1.3447,1.34472,1.34468,48
2016-11-23 04:40:00,2016-11-23 04:41:00,1.34442,1.3444,1.34443,1.3444,1.3447,1.34468,1.34472,1.34467,101
2016-11-23 04:41:00,2016-11-23 04:42:00,1.3444,1.34441,1.34442,1.3444,1.34468,1.34469,1.34472,1.34468,52
2016-11-23 04:42:00,2016-11-23 04:43:00,1.34441,1.34444,1.34452,1.3444,1.34469,1.34472,1.34477,1.34467,87
2016-11-23 04:43:00,2016-11-23 04:44:00,1.34444,1.34442,1.34446,1.34442,1.34472,1.34471,1.34475,1.34469,78
2016-11-23 04:44:00,2016-11-23 04:45:00,1.34442,1.34444,1.34444,1.34442,1.34471,1.34473,1.34473,1.34469,80
2016-11-23 04:45:00,2016-11-23 04:46:00,1.34444,1.34442,1.34444,1.34442,1.34473,1.34471,1.34473,1.3447,48
2016-11-23 04:46:00,2016-11-23 04:47:00,1.34442,1.34444,1.34445,1.34442,1.34471,1.34472,1.34475,1.34469,136
2016-11-23 04:47:00,2016-11-23 04:48:00,1.34444,1.34455,1.34456,1.34443,1.34472,1.34479,1.3448,1.34471,99
2016-11-23 04:48:00,2016-11-23 04:49:00,1.34455,1.3445,1.34456,1.34442,1.34479,1.34472,1.34479,1.3447,58
2016-11-23 04:49:00,2016-11-23 04:50:00,1.3445,1.34444,1.34454,1.34444,1.34472,1.34473,1.34481,1.34472,145
2016-11-23 04:50:00,2016-11-23 04:51:00,1.34444,1.34451,1.34462,1.34444,1.34473,1.34483,1.34489,1.34473,132
2016-11-23 04:51:00,2016-11-23 04:52:00,1.34451,1.34442,1.34452,1.3444,1.34483,1.34471,1.34483,1.34469,125
2016-11-23 04:52:00,2016-11-23 04:53:00,1.34442,1.34444,1.34447,1.34441,1.34471,1.34471,1.34475,1.3447,39
2016-11-23 04:53:00,2016-11-23 04:54:00,1.34444,1.34446,1.3445,1.34441,1.34471,1.34472,1.34474,1.34469,110
2016-11-23 04:54:00,2016-11-23 04:55:00,1.34446,1.34443,1.3445,1.34439,1.34472,1.34471,1.34475,1.34467,151
2016-11-23 04:55:00,2016-11-23 04:56:00,1.34443,1.34424,1.34442,1.34421,1.34471,1.3445,1.34472,1.34446,96
2016-11-23 04:56:00,2016-11-23 04:57:00,1.34424,1.34431,1.34435,1.34424,1.3445,1.34456,1.34456,1.34449,46
2016-11-23 04:57:00,2016-11-23 04:58:00,1.34431,1.34432,1.34432,1.34428,1.34456,1.34458,1.34458,1.34453,51
2016-11-23 04:58:00,2016-11-23 04:59:00,1.34432,1.34425,1.34432,1.34422,1.34458,1.34454,1.34458,1.34448,110
2016-11-23 04:59:00,2016-11-23 05:00:00,1.34425,1.34416,1.34428,1.34414,1.34454,1.34444,1.34456,1.34439,225
2016-11-23 05:00:00,2016-11-23 05:01:00,1.34416,1.34411,1.34417,1.34405,1.34444,1.34438,1.34446,1.34432,234
2016-11-23 05:01:00,2016-11-23 05:02:00,1.34411,1.34415,1.34418,1.34404,1.34438,1.34438,1.34444,1.34431,339
2016-11-23 05:02:00,2016-11-23 05:03:00,1.34415,1.34415,1.34416,1.34414,1.34438,1.34437,1.34442,1.34436,147
2016-11-23 05:03:00,2016-11-23 05:04:00,1.34415,1.344,1.34415,1.34398,1.34437,1.34425,1.34439,1.34424,143
2016-11-23 05:04:00,2016-11-23 05:05:00,1.344,1.344,1.34411,1.34397,1.34425,1.34427,1.34438,1.34425,169
2016-11-23 05:05:00,2016-11-23 05:06:00,1.344,1.34405,1.34405,1.34398,1.34427,1.34426,1.34427,1.34424,53
2016-11-23 05:06:00,2016-11-23 05:07:00,1.34405,1.34402,1.34405,1.34402,1.34426,1.34426,1.34429,1.34424,33
2016-11-23 05:07:00,2016-11-23 05:08:00,1.34402,1.34402,1.34402,1.34402,1.34426,1.34426,1.34429,1.34423,173
2016-11-23 05:08:00,2016-11-23 05:09:00,1.34402,1.34402,1.34403,1.34402,1.34426,1.34425,1.34429,1.34423,163
2016-11-23 05:09:00,2016-11-23 05:10:00,1.34402,1.34398,1.34402,1.34398,1.34425,1.34426,1.34428,1.34422,253
2016-11-23 05:10:00,2016-11-23 05:11:00,1.34398,1.34368,1.34399,1.34368,1.34426,1.34395,1.34426,1.34393,311
2016-11-23 05:11:00,2016-11-23 05:12:00,1.34368,1.34371,1.34374,1.34368,1.34395,1.34398,1.34401,1.34395,314
2016-11-23 05:12:00,2016-11-23 05:13:00,1.34371,1.34371,1.34375,1.34368,1.34398,1.34399,1.34402,1.34395,355
2016-11-23 05:13:00,2016-11-23 05:14:00,1.34371,1.3438,1.34382,1.34369,1.34399,1.34406,1.34407,1.34396,259
2016-11-23 05:14:00,2016-11-23 05:15:00,1.3438,1.34377,1.3438,1.34372,1.34406,1.34404,1.34407,1.344,225
2016-11-23 05:15:00,2016-11-23 05:16:00,1.34377,1.34381,1.34383,1.34375,1.34404,1.34404,1.34408,1.34399,318
2016-11-23 05:16:00,2016-11-23 05:17:00,1.34381,1.34373,1.34381,1.34373,1.34404,1.344,1.34407,1.34397,253
2016-11-23 05:17:00,2016-11-23 05:18:00,1.34373,1.34366,1.34373,1.34359,1.344,1.3439,1.34401,1.34384,396
2016-11-23 05:18:00,2016-11-23 05:19:00,1.34366,1.34357,1.34368,1.34356,1.3439,1.34382,1.34394,1.34382,485
2016-11-23 05:19:00,2016-11-23 05:20:00,1.34357,1.34363,1.34366,1.34357,1.34382,1.34385,1.34392,1.34382,259
2016-11-23 05:20:00,2016-11-23 05:21:00,1.34363,1.34366,1.34373,1.3436,1.34385,1.34389,1.344,1.34385,473
2016-11-23 05:21:00,2016-11-23 05:22:00,1.34366,1.34362,1.34366,1.34358,1.34389,1.34386,1.34392,1.34383,544
2016-11-23 05:22:00,2016-11-23 05:23:00,1.34362,1.34356,1.34364,1.34354,1.34386,1.3438,1.3439,1.34379,407
2016-11-23 05:23:00,2016-11-23 05:24:00,1.34356,1.34363,1.34365,1.34355,1.3438,1.34388,1.34392,1.3438,180
2016-11-23 05:24:00,2016-11-23 05:25:00,1.34363,1.34364,1.34364,1.34358,1.34388,1.34389,1.34392,1.34384,129
2016-11-23 05:25:00,2016-11-23 05:26:00,1.34364,1.34364,1.34365,1.34357,1.34389,1.34386,1.34391,1.34383,165
2016-11-23 05:26:00,2016-11-23 05:27:00,1.34364,1.34365,1.34372,1.34351,1.34386,1.34391,1.34399,1.34378,261
2016-11-23 05:27:00,2016-11-23 05:28:00,1.34365,1.34363,1.34373,1.34359,1.34391,1.34389,1.344,1.34387,209
2016-11-23 05:28:00,2016-11-23 05:29:00,1.34363,1.34362,1.34372,1.34359,1.34389,1.34386,1.34398,1.34383,240
2016-11-23 05:29:00,2016-11-23 05:30:00,1.34362,1.34356,1.34364,1.34354,1.34386,1.3438,1.34388,1.3438,153
2016-11-23 05:30:00,2016-11-23 05:31:00,1.34356,1.34361,1.34363,1.34353,1.3438,1.34386,1.34387,1.34378,157
2016-11-23 05:31:00,2016-11-23 05:32:00,1.34361,1.34363,1.3437,1.3436,1.34386,1.34386,1.34394,1.34384,154
2016-11-23 05:32:00,2016-11-23 05:33:00,1.34363,1.34355,1.34362,1.34348,1.34386,1.34382,1.34387,1.34367,111
2016-11-23 05:33:00,2016-11-23 05:34:00,1.34355,1.34342,1.3436,1.34341,1.34382,1.34367,1.34383,1.34367,221
2016-11-23 05:34:00,2016-11-23 05:35:00,1.34342,1.34331,1.34344,1.3433,1.34367,1.34355,1.3437,1.34355,242
2016-11-23 05:35:00,2016-11-23 05:36:00,1.34331,1.34336,1.34337,1.34332,1.34355,1.3436,1.34361,1.34355,57
2016-11-23 05:36:00,2016-11-23 05:37:00,1.34336,1.34325,1.34337,1.34325,1.3436,1.34353,1.34363,1.34351,112
2016-11-23 05:37:00,2016-11-23 05:38:00,1.34325,1.34328,1.34335,1.34325,1.34353,1.34353,1.34362,1.34351,212
2016-11-23 05:38:00,2016-11-23 05:39:00,1.34328,1.34335,1.34335,1.34326,1.34353,1.34361,1.34363,1.34351,391
2016-11-23 05:39:00,2016-11-23 05:40:00,1.34335,1.34329,1.34335,1.34329,1.34361,1.34357,1.34364,1.34355,368
2016-11-23 05:40:00,2016-11-23 05:41:00,1.34329,1.34333,1.34333,1.34327,1.34357,1.34359,1.3436,1.34352,139
2016-11-23 05:41:00,2016-11-23 05:42:00,1.34333,1.34335,1.34336,1.34328,1.34359,1.34359,1.34363,1.34355,151
2016-11-23 05:42:00,2016-11-23 05:43:00,1.34335,1.34338,1.34342,1.34332,1.34359,1.34363,1.34367,1.34356,144
2016-11-23 05:43:00,2016-11-23 05:44:00,1.34338,1.34337,1.34343,1.34335,1.34363,1.34364,1.3437,1.34361,208
2016-11-23 05:44:00,2016-11-23 05:45:00,1.34337,1.34332,1.3434,1.3433,1.34364,1.34359,1.34366,1.34356,178
2016-11-23 05:45:00,2016-11-23 05:46:00,1.34332,1.34335,1.34339,1.34331,1.34359,1.34363,1.34364,1.34354,99
2016-11-23 05:46:00,2016-11-23 05:47:00,1.34335,1.34336,1.34343,1.34332,1.34363,1.34363,1.34369,1.34358,88
2016-11-23 05:47:00,2016-11-23 05:48:00,1.34336,1.34347,1.34348,1.34337,1.34363,1.34373,1.34375,1.34363,54
2016-11-23 05:48:00,2016-11-23 05:49:00,1.34347,1.34349,1.34354,1.34339,1.34373,1.34374,1.34377,1.34364,321
2016-11-23 05:49:00,2016-11-23 05:50:00,1.34349,1.34363,1.34364,1.34348,1.34374,1.34387,1.34388,1.34373,186
2016-11-23 05:50:00,2016-11-23 05:51:00,1.34363,1.34369,1.34374,1.34361,1.34387,1.34393,1.344,1.34386,198
2016-11-23 05:51:00,2016-11-23 05:52:00,1.34369,1.34371,1.34381,1.34361,1.34393,1.34398,1.34404,1.34387,233
2016-11-23 05:52:00,2016-11-23 05:53:00,1.34371,1.34382,1.34385,1.34366,1.34398,1.34405,1.34412,1.34392,233
2016-11-23 05:53:00,2016-11-23 05:54:00,1.34382,1.34363,1.34391,1.34361,1.34405,1.3439,1.34413,1.3439,189
2016-11-23 05:54:00,2016-11-23 05:55:00,1.34363,1.34379,1.34383,1.34362,1.3439,1.34404,1.34408,1.3439,205
2016-11-23 05:55:00,2016-11-23 05:56:00,1.34379,1.34377,1.34382,1.34376,1.34404,1.34404,1.34405,1.34403,51
2016-11-23 05:56:00,2016-11-23 05:57:00,1.34377,1.34382,1.34382,1.34377,1.34404,1.34405,1.34405,1.34402,41
2016-11-23 05:57:00,2016-11-23 05:58:00,1.34382,1.34389,1.3439,1.34378,1.34405,1.34412,1.34414,1.34403,78
2016-11-23 05:58:00,2016-11-23 05:59:00,1.34389,1.34369,1.34389,1.34366,1.34412,1.34395,1.34414,1.34391,149
2016-11-23 05:59:00,2016-11-23 06:00:00,1.34369,1.34384,1.34387,1.34368,1.34395,1.3441,1.34412,1.34393,98
2016-11-23 06:00:00,2016-11-23 06:01:00,1.34384,1.3439,1.3439,1.34384,1.3441,1.34412,1.34416,1.3441,102
2016-11-23 06:01:00,2016-11-23 06:02:00,1.3439,1.34394,1.34398,1.34385,1.34412,1.34419,1.34424,1.34411,102
2016-11-23 06:02:00,2016-11-23 06:03:00,1.34394,1.34394,1.34398,1.34393,1.34419,1.34422,1.34425,1.34418,50
2016-11-23 06:03:00,2016-11-23 06:04:00,1.34394,1.34388,1.34395,1.34382,1.34422,1.34414,1.34422,1.3441,139
2016-11-23 06:04:00,2016-11-23 06:05:00,1.34388,1.34394,1.34398,1.34383,1.34414,1.34422,1.34425,1.34413,97
2016-11-23 06:05:00,2016-11-23 06:06:00,1.34394,1.34394,1.34399,1.34394,1.34422,1.34422,1.34425,1.3442,124
2016-11-23 06:06:00,2016-11-23 06:07:00,1.34394,1.34394,1.34397,1.34383,1.34422,1.3442,1.34421,1.34411,159
2016-11-23 06:07:00,2016-11-23 06:08:00,1.34394,1.34381,1.34395,1.34378,1.3442,1.34408,1.34419,1.34407,203
2016-11-23 06:08:00,2016-11-23 06:09:00,1.34381,1.34368,1.34381,1.34363,1.34408,1.34397,1.34409,1.34391,219
2016-11-23 06:09:00,2016-11-23 06:10:00,1.34368,1.3436,1.34369,1.34358,1.34397,1.34388,1.34397,1.34383,246
2016-11-23 06:10:00,2016-11-23 06:11:00,1.3436,1.34356,1.3436,1.34356,1.34388,1.34384,1.34387,1.34383,56
2016-11-23 06:11:00,2016-11-23 06:12:00,1.34356,1.3436,1.3436,1.34356,1.34384,1.34385,1.34385,1.34383,61
2016-11-23 06:12:00,2016-11-23 06:13:00,1.3436,1.34358,1.34366,1.34357,1.34385,1.34385,1.34388,1.34384,60
2016-11-23 06:13:00,2016-11-23 06:14:00,1.34358,1.34359,1.34363,1.34357,1.34385,1.34385,1.34388,1.34384,29
2016-11-23 06:14:00,2016-11-23 06:15:00,1.34359,1.34354,1.34366,1.34354,1.34385,1.34379,1.34388,1.34379,73
2016-11-23 06:15:00,2016-11-23 06:16:00,1.34354,1.34354,1.34355,1.3435,1.34379,1.34377,1.3438,1.34375,33
2016-11-23 06:16:00,2016-11-23 06:17:00,1.34354,1.3436,1.34363,1.34351,1.34377,1.34385,1.34385,1.34375,62
2016-11-23 06:17:00,2016-11-23 06:18:00,1.3436,1.34361,1.34363,1.34359,1.34385,1.34385,1.34385,1.34385,21
2016-11-23 06:18:00,2016-11-23 06:19:00,1.34361,1.34361,1.34362,1.3436,1.34385,1.34385,1.34385,1.34385,8
2016-11-23 06:19:00,2016-11-23 06:20:00,1.34361,1.3436,1.34364,1.34359,1.34385,1.34387,1.34389,1.34384,55
2016-11-23 06:20:00,2016-11-23 06:21:00,1.3436,1.34361,1.34361,1.34359,1.34387,1.34385,1.34387,1.34384,55
2016-11-23 06:21:00,2016-11-23 06:22:00,1.34361,1.34361,1.34362,1.34357,1.34385,1.34387,1.34387,1.34382,79
2016-11-23 06:22:00,2016-11-23 06:23:00,1.34361,1.34363,1.34364,1.34361,1.34387,1.34387,1.34387,1.34385,39
2016-11-23 06:23:00,2016-11-23 06:24:00,1.34363,1.34361,1.34362,1.34359,1.34387,1.34386,1.34387,1.34384,42
2016-11-23 06:24:00,2016-11-23 06:25:00,1.34361,1.3436,1.34361,1.34357,1.34386,1.34385,1.34387,1.34383,95
2016-11-23 06:25:00,2016-11-23 06:26:00,1.3436,1.34353,1.34361,1.34345,1.34385,1.34378,1.34387,1.34371,159
2016-11-23 06:26:00,2016-11-23 06:27:00,1.34353,1.34355,1.34361,1.34349,1.34378,1.34379,1.34387,1.34375,103
2016-11-23 06:27:00,2016-11-23 06:28:00,1.34355,1.34359,1.34362,1.3435,1.34379,1.34383,1.34387,1.34377,238
2016-11-23 06:28:00,2016-11-23 06:29:00,1.34359,1.34358,1.34362,1.34356,1.34383,1.34384,1.34387,1.34381,326
2016-11-23 06:29:00,2016-11-23 06:30:00,1.34358,1.34361,1.34362,1.34357,1.34384,1.34384,1.34387,1.34383,139
2016-11-23 06:30:00,2016-11-23 06:31:00,1.34361,1.3436,1.34361,1.34358,1.34384,1.34384,1.34387,1.34383,47
2016-11-23 06:31:00,2016-11-23 06:32:00,1.3436,1.34358,1.34361,1.34357,1.34384,1.34382,1.34384,1.34382,23
2016-11-23 06:32:00,2016-11-23 06:33:00,1.34358,1.3435,1.3436,1.34345,1.34382,1.34376,1.34382,1.3437,100
2016-11-23 06:33:00,2016-11-23 06:34:00,1.3435,1.3435,1.34351,1.34348,1.34376,1.34373,1.34377,1.34373,62
2016-11-23 06:34:00,2016-11-23 06:35:00,1.3435,1.34342,1.3435,1.34339,1.34373,1.34366,1.34376,1.34363,63
2016-11-23 06:35:00,2016-11-23 06:36:00,1.34342,1.34326,1.34345,1.34325,1.34366,1.34351,1.34367,1.3435,102
2016-11-23 06:36:00,2016-11-23 06:37:00,1.34326,1.34309,1.34327,1.34302,1.34351,1.34332,1.34351,1.34329,263
2016-11-23 06:37:00,2016-11-23 06:38:00,1.34309,1.34302,1.34309,1.343,1.34332,1.34331,1.34333,1.34328,106
2016-11-23 06:38:00,2016-11-23 06:39:00,1.34302,1.34293,1.34306,1.34291,1.34331,1.34319,1.34332,1.34316,250
2016-11-23 06:39:00,2016-11-23 06:40:00,1.34293,1.34293,1.34299,1.3429,1.34319,1.34319,1.34325,1.34317,341
2016-11-23 06:40:00,2016-11-23 06:41:00,1.34293,1.34287,1.34304,1.34284,1.34319,1.34314,1.3433,1.34309,294
2016-11-23 06:41:00,2016-11-23 06:42:00,1.34287,1.34291,1.34292,1.34284,1.34314,1.34312,1.34315,1.34309,120
2016-11-23 06:42:00,2016-11-23 06:43:00,1.34291,1.34291,1.34291,1.34286,1.34312,1.34317,1.34317,1.34305,103
2016-11-23 06:43:00,2016-11-23 06:44:00,1.34291,1.3429,1.34297,1.34284,1.34317,1.34315,1.34322,1.34306,87
2016-11-23 06:44:00,2016-11-23 06:45:00,1.3429,1.34283,1.34294,1.3428,1.34315,1.34307,1.3432,1.34305,55
2016-11-23 06:45:00,2016-11-23 06:46:00,1.34283,1.34283,1.34284,1.34283,1.34307,1.34307,1.34307,1.34305,15
2016-11-23 06:46:00,2016-11-23 06:47:00,1.34283,1.34267,1.34286,1.34265,1.34307,1.34293,1.34311,1.3429,148
2016-11-23 06:47:00,2016-11-23 06:48:00,1.34267,1.34254,1.34276,1.34249,1.34293,1.34277,1.34301,1.34274,402
2016-11-23 06:48:00,2016-11-23 06:49:00,1.34254,1.3425,1.34255,1.34248,1.34277,1.34275,1.34279,1.34273,234
2016-11-23 06:49:00,2016-11-23 06:50:00,1.3425,1.34244,1.34256,1.34242,1.34275,1.34268,1.34282,1.34265,142
2016-11-23 06:50:00,2016-11-23 06:51:00,1.34244,1.34253,1.34255,1.34242,1.34268,1.34276,1.3428,1.34266,272
2016-11-23 06:51:00,2016-11-23 06:52:00,1.34253,1.34245,1.34253,1.34244,1.34276,1.3427,1.34279,1.34268,216
2016-11-23 06:52:00,2016-11-23 06:53:00,1.34245,1.34243,1.34245,1.34231,1.3427,1.34264,1.34269,1.34254,186
2016-11-23 06:53:00,2016-11-23 06:54:00,1.34243,1.34253,1.34259,1.34241,1.34264,1.34276,1.34278,1.34264,122
2016-11-23 06:54:00,2016-11-23 06:55:00,1.34253,1.3426,1.34272,1.3425,1.34276,1.34285,1.34296,1.34274,336
2016-11-23 06:55:00,2016-11-23 06:56:00,1.3426,1.34264,1.34264,1.34256,1.34285,1.34289,1.3429,1.34283,251
2016-11-23 06:56:00,2016-11-23 06:57:00,1.34264,1.34264,1.34271,1.34262,1.34289,1.34291,1.34296,1.34287,149
2016-11-23 06:57:00,2016-11-23 06:58:00,1.34264,1.34259,1.34274,1.34257,1.34291,1.34284,1.34298,1.34283,304
2016-11-23 06:58:00,2016-11-23 06:59:00,1.34259,1.34266,1.34267,1.34258,1.34284,1.34294,1.34296,1.34283,124
2016-11-23 06:59:00,2016-11-23 07:00:00,1.34266,1.34292,1.34292,1.34263,1.34294,1.34314,1.34317,1.34292,215
2016-11-23 07:00:00,2016-11-23 07:01:00,1.34292,1.34292,1.34293,1.3429,1.34314,1.34315,1.34317,1.34312,59
2016-11-23 07:01:00,2016-11-23 07:02:00,1.34292,1.34298,1.34302,1.3429,1.34315,1.34324,1.34328,1.34314,152
2016-11-23 07:02:00,2016-11-23 07:03:00,1.34298,1.34297,1.34303,1.34296,1.34324,1.34323,1.34328,1.3432,266
2016-11-23 07:03:00,2016-11-23 07:04:00,1.34297,1.34313,1.34317,1.34299,1.34323,1.34339,1.34342,1.34322,170
2016-11-23 07:04:00,2016-11-23 07:05:00,1.34313,1.34322,1.34326,1.34313,1.34339,1.34347,1.3435,1.34339,328
2016-11-23 07:05:00,2016-11-23 07:06:00,1.34322,1.34302,1.34324,1.34301,1.34347,1.34328,1.3435,1.34326,364
2016-11-23 07:06:00,2016-11-23 07:07:00,1.34302,1.34304,1.34314,1.34293,1.34328,1.34331,1.34337,1.34315,307
2016-11-23 07:07:00,2016-11-23 07:08:00,1.34304,1.34289,1.34312,1.34288,1.34331,1.34314,1.34336,1.34314,347
2016-11-23 07:08:00,2016-11-23 07:09:00,1.34289,1.34286,1.34299,1.34286,1.34314,1.3431,1.34327,1.3431,555
2016-11-23 07:09:00,2016-11-23 07:10:00,1.34286,1.34278,1.34288,1.34261,1.3431,1.34301,1.34313,1.34286,569
2016-11-23 07:10:00,2016-11-23 07:11:00,1.34278,1.34252,1.34283,1.34252,1.34301,1.34279,1.34304,1.34278,457
2016-11-23 07:11:00,2016-11-23 07:12:00,1.34252,1.34266,1.34268,1.34251,1.34279,1.3429,1.34292,1.34278,231
2016-11-23 07:12:00,2016-11-23 07:13:00,1.34266,1.34274,1.34274,1.34255,1.3429,1.34299,1.34299,1.34282,197
2016-11-23 07:13:00,2016-11-23 07:14:00,1.34274,1.34272,1.34275,1.34269,1.34299,1.34298,1.34299,1.34295,137
2016-11-23 07:14:00,2016-11-23 07:15:00,1.34272,1.3427,1.34274,1.34262,1.34298,1.34296,1.343,1.34287,428
2016-11-23 07:15:00,2016-11-23 07:16:00,1.3427,1.34267,1.34272,1.34258,1.34296,1.34292,1.34297,1.34283,259
2016-11-23 07:16:00,2016-11-23 07:17:00,1.34267,1.34307,1.3431,1.34263,1.34292,1.34334,1.34337,1.34292,290
2016-11-23 07:17:00,2016-11-23 07:18:00,1.34307,1.34308,1.34309,1.34304,1.34334,1.34336,1.34337,1.34329,109
2016-11-23 07:18:00,2016-11-23 07:19:00,1.34308,1.34317,1.34322,1.34307,1.34336,1.34345,1.34347,1.34335,158
2016-11-23 07:19:00,2016-11-23 07:20:00,1.34317,1.34319,1.34335,1.34316,1.34345,1.34345,1.34361,1.34343,390
2016-11-23 07:20:00,2016-11-23 07:21:00,1.34319,1.34302,1.34327,1.34299,1.34345,1.34325,1.34351,1.34324,402
2016-11-23 07:21:00,2016-11-23 07:22:00,1.34302,1.34291,1.34304,1.34284,1.34325,1.34314,1.34326,1.34307,453
2016-11-23 07:22:00,2016-11-23 07:23:00,1.34291,1.34297,1.34299,1.3428,1.34314,1.34322,1.34324,1.34306,683
2016-11-23 07:23:00,2016-11-23 07:24:00,1.34297,1.34303,1.34311,1.34293,1.34322,1.34328,1.34334,1.34319,428
2016-11-23 07:24:00,2016-11-23 07:25:00,1.34303,1.34306,1.3431,1.34294,1.34328,1.34331,1.34336,1.34319,389
2016-11-23 07:25:00,2016-11-23 07:26:00,1.34306,1.34303,1.34321,1.34303,1.34331,1.34329,1.34348,1.34327,314
2016-11-23 07:26:00,2016-11-23 07:27:00,1.34303,1.34289,1.34305,1.34285,1.34329,1.34313,1.3433,1.3431,275
2016-11-23 07:27:00,2016-11-23 07:28:00,1.34289,1.34297,1.34306,1.34285,1.34313,1.34323,1.34331,1.3431,351
2016-11-23 07:28:00,2016-11-23 07:29:00,1.34297,1.34298,1.34301,1.34285,1.34323,1.34322,1.34326,1.34308,195
2016-11-23 07:29:00,2016-11-23 07:30:00,1.34298,1.34272,1.34298,1.34272,1.34322,1.34297,1.34324,1.34296,243
2016-11-23 07:30:00,2016-11-23 07:31:00,1.34272,1.34288,1.34293,1.34271,1.34297,1.3431,1.34314,1.34296,98
2016-11-23 07:31:00,2016-11-23 07:32:00,1.34288,1.34308,1.3431,1.3428,1.3431,1.3433,1.34331,1.34304,405
2016-11-23 07:32:00,2016-11-23 07:33:00,1.34308,1.34308,1.3431,1.34304,1.3433,1.3433,1.34331,1.34327,73
2016-11-23 07:33:00,2016-11-23 07:34:00,1.34308,1.343,1.3431,1.34298,1.3433,1.34323,1.34331,1.3432,110
2016-11-23 07:34:00,2016-11-23 07:35:00,1.343,1.3429,1.34302,1.34288,1.34323,1.34313,1.34326,1.34311,108
2016-11-23 07:35:00,2016-11-23 07:36:00,1.3429,1.34286,1.34289,1.34279,1.34313,1.34308,1.34314,1.343,142
2016-11-23 07:36:00,2016-11-23 07:37:00,1.34286,1.34305,1.34305,1.34286,1.34308,1.34327,1.34327,1.34308,78
2016-11-23 07:37:00,2016-11-23 07:38:00,1.34305,1.34306,1.34316,1.34304,1.34327,1.3433,1.34338,1.34327,133
2016-11-23 07:38:00,2016-11-23 07:39:00,1.34306,1.34308,1.34326,1.34306,1.3433,1.34331,1.34348,1.34329,169
2016-11-23 07:39:00,2016-11-23 07:40:00,1.34308,1.34319,1.3432,1.34303,1.34331,1.34337,1.34337,1.34325,157
2016-11-23 07:40:00,2016-11-23 07:41:00,1.34319,1.34306,1.34327,1.34295,1.34337,1.34329,1.34345,1.34321,169
2016-11-23 07:41:00,2016-11-23 07:42:00,1.34306,1.34315,1.34316,1.34302,1.34329,1.34336,1.34338,1.34326,139
2016-11-23 07:42:00,2016-11-23 07:43:00,1.34315,1.34327,1.34327,1.34313,1.34336,1.34346,1.34346,1.34335,181
2016-11-23 07:43:00,2016-11-23 07:44:00,1.34327,1.34319,1.34332,1.34313,1.34346,1.3434,1.34354,1.34338,182
2016-11-23 07:44:00,2016-11-23 07:45:00,1.34319,1.34323,1.34331,1.34317,1.3434,1.34346,1.34352,1.3434,213
2016-11-23 07:45:00,2016-11-23 07:46:00,1.34323,1.34321,1.34332,1.3432,1.34346,1.34342,1.34353,1.34342,204
2016-11-23 07:46:00,2016-11-23 07:47:00,1.34321,1.34306,1.34321,1.34306,1.34342,1.3433,1.34343,1.3433,235
2016-11-23 07:47:00,2016-11-23 07:48:00,1.34306,1.34307,1.34316,1.34304,1.3433,1.34331,1.34339,1.34328,161
2016-11-23 07:48:00,2016-11-23 07:49:00,1.34307,1.3431,1.34313,1.34301,1.34331,1.34333,1.34334,1.34324,148
2016-11-23 07:49:00,2016-11-23 07:50:00,1.3431,1.34302,1.3432,1.343,1.34333,1.34324,1.34343,1.34324,156
2016-11-23 07:50:00,2016-11-23 07:51:00,1.34302,1.34309,1.34319,1.34301,1.34324,1.34333,1.34341,1.34324,116
2016-11-23 07:51:00,2016-11-23 07:52:00,1.34309,1.3433,1.3433,1.3431,1.34333,1.34349,1.34349,1.34333,150
2016-11-23 07:52:00,2016-11-23 07:53:00,1.3433,1.34329,1.34343,1.34323,1.34349,1.3435,1.34366,1.34346,230
2016-11-23 07:53:00,2016-11-23 07:54:00,1.34329,1.34344,1.34346,1.34327,1.3435,1.34369,1.34369,1.34348,219
2016-11-23 07:54:00,2016-11-23 07:55:00,1.34344,1.34352,1.34374,1.34341,1.34369,1.34373,1.34395,1.34363,254
2016-11-23 07:55:00,2016-11-23 07:56:00,1.34352,1.34359,1.34366,1.34347,1.34373,1.34381,1.3439,1.34371,204
2016-11-23 07:56:00,2016-11-23 07:57:00,1.34359,1.3437,1.34376,1.34354,1.34381,1.34393,1.344,1.34378,167
2016-11-23 07:57:00,2016-11-23 07:58:00,1.3437,1.3438,1.3438,1.34369,1.34393,1.34404,1.34404,1.34392,127
2016-11-23 07:58:00,2016-11-23 07:59:00,1.3438,1.34357,1.34387,1.34357,1.34404,1.34385,1.34411,1.34384,175
2016-11-23 07:59:00,2016-11-23 08:00:00,1.34357,1.34409,1.34409,1.34358,1.34385,1.34436,1.34436,1.34385,543
2016-11-23 08:00:00,2016-11-23 08:01:00,1.34409,1.34413,1.34417,1.344,1.34436,1.34436,1.3444,1.34422,308
2016-11-23 08:01:00,2016-11-23 08:02:00,1.34413,1.3442,1.34434,1.34402,1.34436,1.34444,1.34454,1.34423,377
2016-11-23 08:02:00,2016-11-23 08:03:00,1.3442,1.34424,1.34444,1.34418,1.34444,1.34447,1.34467,1.34443,380
2016-11-23 08:03:00,2016-11-23 08:04:00,1.34424,1.34428,1.34432,1.3441,1.34447,1.3445,1.3445,1.34433,269
2016-11-23 08:04:00,2016-11-23 08:05:00,1.34428,1.34415,1.34434,1.34407,1.3445,1.34435,1.3445,1.34426,219
2016-11-23 08:05:00,2016-11-23 08:06:00,1.34415,1.34396,1.34414,1.34393,1.34435,1.34417,1.34437,1.34416,349
2016-11-23 08:06:00,2016-11-23 08:07:00,1.34396,1.34386,1.34413,1.34386,1.34417,1.34407,1.34435,1.34407,405
2016-11-23 08:07:00,2016-11-23 08:08:00,1.34386,1.34376,1.34389,1.34371,1.34407,1.344,1.34411,1.34394,426
2016-11-23 08:08:00,2016-11-23 08:09:00,1.34376,1.34391,1.34407,1.34375,1.344,1.34412,1.3443,1.34398,347
2016-11-23 08:09:00,2016-11-23 08:10:00,1.34391,1.34399,1.34402,1.34378,1.34412,1.34422,1.34423,1.344,239
2016-11-23 08:10:00,2016-11-23 08:11:00,1.34399,1.34369,1.34402,1.34369,1.34422,1.3439,1.34424,1.3439,212
2016-11-23 08:11:00,2016-11-23 08:12:00,1.34369,1.34359,1.3438,1.34356,1.3439,1.34381,1.34403,1.34379,245
2016-11-23 08:12:00,2016-11-23 08:13:00,1.34359,1.34361,1.34362,1.34348,1.34381,1.34384,1.34386,1.34371,264
2016-11-23 08:13:00,2016-11-23 08:14:00,1.34361,1.34365,1.34368,1.3435,1.34384,1.34388,1.34392,1.34374,163
2016-11-23 08:14:00,2016-11-23 08:15:00,1.34365,1.34351,1.34374,1.34348,1.34388,1.34374,1.34396,1.34371,241
2016-11-23 08:15:00,2016-11-23 08:16:00,1.34351,1.34353,1.34354,1.3434,1.34374,1.34372,1.34372,1.34362,141
2016-11-23 08:16:00,2016-11-23 08:17:00,1.34353,1.34357,1.34366,1.34354,1.34372,1.34379,1.34384,1.34372,101
2016-11-23 08:17:00,2016-11-23 08:18:00,1.34357,1.34342,1.34357,1.34323,1.34379,1.34364,1.34379,1.34347,199
2016-11-23 08:18:00,2016-11-23 08:19:00,1.34342,1.34368,1.34377,1.34336,1.34364,1.3439,1.34403,1.3436,311
2016-11-23 08:19:00,2016-11-23 08:20:00,1.34368,1.34383,1.3439,1.34368,1.3439,1.34408,1.34415,1.34389,202
2016-11-23 08:20:00,2016-11-23 08:21:00,1.34383,1.34391,1.34391,1.34378,1.34408,1.34415,1.34416,1.34403,105
2016-11-23 08:21:00,2016-11-23 08:22:00,1.34391,1.34406,1.34406,1.34391,1.34415,1.34431,1.34431,1.34416,137
2016-11-23 08:22:00,2016-11-23 08:23:00,1.34406,1.34389,1.34416,1.34385,1.34431,1.34412,1.34441,1.34409,257
2016-11-23 08:23:00,2016-11-23 08:24:00,1.34389,1.34387,1.34394,1.34378,1.34412,1.34412,1.34419,1.34401,198
2016-11-23 08:24:00,2016-11-23 08:25:00,1.34387,1.34385,1.34399,1.34382,1.34412,1.34409,1.34423,1.34406,394
2016-11-23 08:25:00,2016-11-23 08:26:00,1.34385,1.34374,1.34387,1.3437,1.34409,1.34399,1.34409,1.34395,280
2016-11-23 08:26:00,2016-11-23 08:27:00,1.34374,1.34388,1.3439,1.34369,1.34399,1.34413,1.34413,1.34391,137
2016-11-23 08:27:00,2016-11-23 08:28:00,1.34388,1.34361,1.34399,1.34359,1.34413,1.34383,1.34422,1.34383,236
2016-11-23 08:28:00,2016-11-23 08:29:00,1.34361,1.34367,1.34381,1.34351,1.34383,1.34395,1.34404,1.34379,458
2016-11-23 08:29:00,2016-11-23 08:30:00,1.34367,1.34357,1.3437,1.34348,1.34395,1.34382,1.34395,1.34375,526
2016-11-23 08:30:00,2016-11-23 08:31:00,1.34357,1.34406,1.34415,1.34357,1.34382,1.34432,1.34434,1.34381,385
2016-11-23 08:31:00,2016-11-23 08:32:00,1.34406,1.34398,1.34418,1.34397,1.34432,1.34421,1.34442,1.34421,502
2016-11-23 08:32:00,2016-11-23 08:33:00,1.34398,1.34437,1.34437,1.34395,1.34421,1.3446,1.34461,1.34418,374
2016-11-23 08:33:00,2016-11-23 08:34:00,1.34437,1.34441,1.34442,1.34414,1.3446,1.34465,1.34465,1.34438,228
2016-11-23 08:34:00,2016-11-23 08:35:00,1.34441,1.34424,1.3444,1.34413,1.34465,1.34448,1.34465,1.34437,249
2016-11-23 08:35:00,2016-11-23 08:36:00,1.34424,1.34453,1.34453,1.34423,1.34448,1.34477,1.34477,1.34448,241
2016-11-23 08:36:00,2016-11-23 08:37:00,1.34453,1.34476,1.34477,1.34438,1.34477,1.34499,1.34501,1.34462,316
2016-11-23 08:37:00,2016-11-23 08:38:00,1.34476,1.34487,1.34497,1.34469,1.34499,1.34509,1.34521,1.34492,214
2016-11-23 08:38:00,2016-11-23 08:39:00,1.34487,1.34467,1.34488,1.34463,1.34509,1.34491,1.34512,1.34487,242
2016-11-23 08:39:00,2016-11-23 08:40:00,1.34467,1.34488,1.34492,1.34467,1.34491,1.34513,1.34517,1.3449,264
2016-11-23 08:40:00,2016-11-23 08:41:00,1.34488,1.34493,1.34493,1.34477,1.34513,1.34515,1.34516,1.345,262
2016-11-23 08:41:00,2016-11-23 08:42:00,1.34493,1.34507,1.34514,1.34486,1.34515,1.34529,1.34537,1.34509,275
2016-11-23 08:42:00,2016-11-23 08:43:00,1.34507,1.3451,1.34518,1.34505,1.34529,1.34531,1.3454,1.34525,206
2016-11-23 08:43:00,2016-11-23 08:44:00,1.3451,1.34468,1.3451,1.34468,1.34531,1.3449,1.34532,1.3449,279
2016-11-23 08:44:00,2016-11-23 08:45:00,1.34468,1.34479,1.34482,1.34462,1.3449,1.34502,1.34502,1.34484,269
2016-11-23 08:45:00,2016-11-23 08:46:00,1.34479,1.34496,1.34498,1.34479,1.34502,1.3452,1.3452,1.34502,168
2016-11-23 08:46:00,2016-11-23 08:47:00,1.34496,1.34505,1.34511,1.34485,1.3452,1.34528,1.34532,1.34509,211
2016-11-23 08:47:00,2016-11-23 08:48:00,1.34505,1.34479,1.34506,1.34475,1.34528,1.34501,1.34529,1.34497,458
2016-11-23 08:48:00,2016-11-23 08:49:00,1.34479,1.34485,1.34497,1.34477,1.34501,1.34509,1.3452,1.345,268
2016-11-23 08:49:00,2016-11-23 08:50:00,1.34485,1.34479,1.34498,1.34477,1.34509,1.34502,1.34521,1.345,228
2016-11-23 08:50:00,2016-11-23 08:51:00,1.34479,1.34508,1.3451,1.34478,1.34502,1.34529,1.3453,1.34501,316
2016-11-23 08:51:00,2016-11-23 08:52:00,1.34508,1.34502,1.34513,1.34497,1.34529,1.3452,1.34535,1.34519,178
2016-11-23 08:52:00,2016-11-23 08:53:00,1.34502,1.34502,1.34509,1.34494,1.3452,1.34524,1.34529,1.34517,208
2016-11-23 08:53:00,2016-11-23 08:54:00,1.34502,1.34495,1.34513,1.34494,1.34524,1.34518,1.34534,1.34517,144
2016-11-23 08:54:00,2016-11-23 08:55:00,1.34495,1.34467,1.34495,1.34465,1.34518,1.34489,1.34517,1.34486,156
2016-11-23 08:55:00,2016-11-23 08:56:00,1.34467,1.34464,1.34467,1.34451,1.34489,1.34486,1.3449,1.34474,234
2016-11-23 08:56:00,2016-11-23 08:57:00,1.34464,1.34439,1.34464,1.34439,1.34486,1.34462,1.34487,1.34459,131
2016-11-23 08:57:00,2016-11-23 08:58:00,1.34439,1.34422,1.3444,1.34419,1.34462,1.34442,1.34462,1.34436,160
2016-11-23 08:58:00,2016-11-23 08:59:00,1.34422,1.34428,1.34435,1.3442,1.34442,1.3445,1.3446,1.3444,258
2016-11-23 08:59:00,2016-11-23 09:00:00,1.34428,1.34422,1.34434,1.34421,1.3445,1.34444,1.34454,1.34443,289
2016-11-23 09:00:00,2016-11-23 09:01:00,1.34422,1.34432,1.34432,1.34414,1.34444,1.34454,1.34454,1.34437,204
2016-11-23 09:01:00,2016-11-23 09:02:00,1.34432,1.34436,1.34445,1.3443,1.34454,1.34458,1.34466,1.34451,176
2016-11-23 09:02:00,2016-11-23 09:03:00,1.34436,1.34454,1.34455,1.34429,1.34458,1.34474,1.34474,1.34451,229
2016-11-23 09:03:00,2016-11-23 09:04:00,1.34454,1.34468,1.3447,1.3445,1.34474,1.34491,1.34491,1.34473,243
2016-11-23 09:04:00,2016-11-23 09:05:00,1.34468,1.34478,1.34478,1.34461,1.34491,1.34499,1.34499,1.34482,323
2016-11-23 09:05:00,2016-11-23 09:06:00,1.34478,1.34509,1.34526,1.34477,1.34499,1.34532,1.34549,1.34499,498
2016-11-23 09:06:00,2016-11-23 09:07:00,1.34509,1.3451,1.34519,1.34506,1.34532,1.34533,1.34542,1.34529,318
2016-11-23 09:07:00,2016-11-23 09:08:00,1.3451,1.34497,1.3451,1.34486,1.34533,1.3452,1.34533,1.34507,470
2016-11-23 09:08:00,2016-11-23 09:09:00,1.34497,1.34517,1.34518,1.34497,1.3452,1.34536,1.34536,1.3452,273
2016-11-23 09:09:00,2016-11-23 09:10:00,1.34517,1.34516,1.34526,1.34514,1.34536,1.34537,1.34548,1.34534,233
2016-11-23 09:10:00,2016-11-23 09:11:00,1.34516,1.34525,1.3453,1.34514,1.34537,1.34545,1.34551,1.34536,119
2016-11-23 09:11:00,2016-11-23 09:12:00,1.34525,1.34525,1.34532,1.34513,1.34545,1.34543,1.34551,1.34535,222
2016-11-23 09:12:00,2016-11-23 09:13:00,1.34525,1.3452,1.34526,1.34507,1.34543,1.3454,1.34545,1.34528,229
2016-11-23 09:13:00,2016-11-23 09:14:00,1.3452,1.34518,1.34524,1.34513,1.3454,1.34537,1.3454,1.34533,175
2016-11-23 09:14:00,2016-11-23 09:15:00,1.34518,1.34518,1.34527,1.34507,1.34537,1.3454,1.34545,1.34529,186
2016-11-23 09:15:00,2016-11-23 09:16:00,1.34518,1.34514,1.34519,1.34502,1.3454,1.34537,1.34541,1.34524,260
2016-11-23 09:16:00,2016-11-23 09:17:00,1.34514,1.34514,1.34522,1.34511,1.34537,1.34534,1.34538,1.34533,150
2016-11-23 09:17:00,2016-11-23 09:18:00,1.34514,1.34512,1.34522,1.34507,1.34534,1.34533,1.34541,1.34527,260
2016-11-23 09:18:00,2016-11-23 09:19:00,1.34512,1.34487,1.34513,1.34487,1.34533,1.34511,1.34536,1.34511,295
2016-11-23 09:19:00,2016-11-23 09:20:00,1.34487,1.34487,1.34503,1.34481,1.34511,1.34511,1.34528,1.34506,346
2016-11-23 09:20:00,2016-11-23 09:21:00,1.34487,1.34478,1.34488,1.34478,1.34511,1.34501,1.34512,1.34497,198
2016-11-23 09:21:00,2016-11-23 09:22:00,1.34478,1.34465,1.34478,1.34458,1.34501,1.34491,1.34501,1.34483,153
2016-11-23 09:22:00,2016-11-23 09:23:00,1.34465,1.34467,1.34478,1.34461,1.34491,1.3449,1.34503,1.34482,202
2016-11-23 09:23:00,2016-11-23 09:24:00,1.34467,1.34467,1.34479,1.34466,1.3449,1.3449,1.34504,1.34489,222
2016-11-23 09:24:00,2016-11-23 09:25:00,1.34467,1.34473,1.34473,1.34458,1.3449,1.34497,1.34497,1.34481,243
2016-11-23 09:25:00,2016-11-23 09:26:00,1.34473,1.34484,1.34484,1.34472,1.34497,1.34507,1.34507,1.34494,128
2016-11-23 09:26:00,2016-11-23 09:27:00,1.34484,1.34504,1.34505,1.34481,1.34507,1.34529,1.3453,1.34503,189
2016-11-23 09:27:00,2016-11-23 09:28:00,1.34504,1.34504,1.34511,1.34503,1.34529,1.34528,1.34535,1.34527,146
2016-11-23 09:28:00,2016-11-23 09:29:00,1.34504,1.34494,1.34512,1.34492,1.34528,1.34518,1.34535,1.34517,186
2016-11-23 09:29:00,2016-11-23 09:30:00,1.34494,1.34495,1.34499,1.34489,1.34518,1.34519,1.34521,1.34514,91
2016-11-23 09:30:00,2016-11-23 09:31:00,1.34495,1.34493,1.34499,1.34493,1.34519,1.34517,1.34524,1.34516,135
2016-11-23 09:31:00,2016-11-23 09:32:00,1.34493,1.34495,1.34498,1.34493,1.34517,1.34519,1.34522,1.34516,69
2016-11-23 09:32:00,2016-11-23 09:33:00,1.34495,1.34491,1.34495,1.34484,1.34519,1.34515,1.34518,1.34509,152
2016-11-23 09:33:00,2016-11-23 09:34:00,1.34491,1.34494,1.34496,1.34485,1.34515,1.34518,1.3452,1.3451,130
2016-11-23 09:34:00,2016-11-23 09:35:00,1.34494,1.34497,1.34497,1.34494,1.34518,1.3452,1.34522,1.34517,26
2016-11-23 09:35:00,2016-11-23 09:36:00,1.34497,1.345,1.345,1.34494,1.3452,1.34521,1.34524,1.34517,52
2016-11-23 09:36:00,2016-11-23 09:37:00,1.345,1.34493,1.345,1.34486,1.34521,1.34517,1.34523,1.3451,135
2016-11-23 09:37:00,2016-11-23 09:38:00,1.34493,1.34476,1.34493,1.34475,1.34517,1.345,1.34517,1.34498,148
2016-11-23 09:38:00,2016-11-23 09:39:00,1.34476,1.3445,1.34481,1.34449,1.345,1.34474,1.34501,1.34472,193
2016-11-23 09:39:00,2016-11-23 09:40:00,1.3445,1.34449,1.34454,1.34441,1.34474,1.34472,1.34478,1.34463,192
2016-11-23 09:40:00,2016-11-23 09:41:00,1.34449,1.34466,1.34467,1.34448,1.34472,1.3449,1.34491,1.34472,170
2016-11-23 09:41:00,2016-11-23 09:42:00,1.34466,1.34452,1.34472,1.34452,1.3449,1.34474,1.34494,1.34472,196
2016-11-23 09:42:00,2016-11-23 09:43:00,1.34452,1.34452,1.34453,1.34436,1.34474,1.34472,1.34476,1.34457,191
2016-11-23 09:43:00,2016-11-23 09:44:00,1.34452,1.34431,1.34455,1.34431,1.34472,1.34455,1.34477,1.34453,119
2016-11-23 09:44:00,2016-11-23 09:45:00,1.34431,1.34419,1.34435,1.34415,1.34455,1.34443,1.34459,1.34437,238
2016-11-23 09:45:00,2016-11-23 09:46:00,1.34419,1.3441,1.34426,1.34405,1.34443,1.34435,1.34449,1.34429,297
2016-11-23 09:46:00,2016-11-23 09:47:00,1.3441,1.34387,1.3441,1.34383,1.34435,1.3441,1.34435,1.34406,162
2016-11-23 09:47:00,2016-11-23 09:48:00,1.34387,1.34394,1.34403,1.34387,1.3441,1.34418,1.34425,1.3441,143
2016-11-23 09:48:00,2016-11-23 09:49:00,1.34394,1.34403,1.34403,1.34394,1.34418,1.34424,1.34426,1.34417,92
2016-11-23 09:49:00,2016-11-23 09:50:00,1.34403,1.34381,1.34403,1.34381,1.34424,1.34405,1.34425,1.34405,141
2016-11-23 09:50:00,2016-11-23 09:51:00,1.34381,1.34396,1.34398,1.34377,1.34405,1.34417,1.34421,1.34401,237
2016-11-23 09:51:00,2016-11-23 09:52:00,1.34396,1.34412,1.3442,1.34395,1.34417,1.34437,1.34444,1.34418,164
2016-11-23 09:52:00,2016-11-23 09:53:00,1.34412,1.344,1.3442,1.344,1.34437,1.34424,1.34444,1.34423,226
2016-11-23 09:53:00,2016-11-23 09:54:00,1.344,1.34408,1.34423,1.344,1.34424,1.34434,1.34448,1.34423,185
2016-11-23 09:54:00,2016-11-23 09:55:00,1.34408,1.34405,1.34415,1.34403,1.34434,1.34429,1.34439,1.34427,202
2016-11-23 09:55:00,2016-11-23 09:56:00,1.34405,1.34394,1.34412,1.34387,1.34429,1.34419,1.34437,1.34408,233
2016-11-23 09:56:00,2016-11-23 09:57:00,1.34394,1.34423,1.34423,1.34391,1.34419,1.34447,1.34447,1.34416,247
2016-11-23 09:57:00,2016-11-23 09:58:00,1.34423,1.34425,1.34437,1.34416,1.34447,1.34447,1.3446,1.3444,270
2016-11-23 09:58:00,2016-11-23 09:59:00,1.34425,1.34432,1.34435,1.34414,1.34447,1.34456,1.34458,1.34438,271
2016-11-23 09:59:00,2016-11-23 10:00:00,1.34432,1.34444,1.34446,1.34422,1.34456,1.34467,1.34469,1.34446,472
2016-11-23 10:00:00,2016-11-23 10:01:00,1.34444,1.34459,1.34462,1.34442,1.34467,1.34484,1.34484,1.34466,184
2016-11-23 10:01:00,2016-11-23 10:02:00,1.34459,1.3446,1.34463,1.34457,1.34484,1.34483,1.34485,1.34481,167
2016-11-23 10:02:00,2016-11-23 10:03:00,1.3446,1.34449,1.34462,1.34443,1.34483,1.34473,1.34483,1.34466,228
2016-11-23 10:03:00,2016-11-23 10:04:00,1.34449,1.34448,1.34452,1.34443,1.34473,1.34472,1.34476,1.34467,163
2016-11-23 10:04:00,2016-11-23 10:05:00,1.34448,1.34469,1.34471,1.34446,1.34472,1.34493,1.34494,1.34469,193
2016-11-23 10:05:00,2016-11-23 10:06:00,1.34469,1.34461,1.3447,1.34461,1.34493,1.34484,1.34495,1.34483,133
2016-11-23 10:06:00,2016-11-23 10:07:00,1.34461,1.34487,1.34489,1.34458,1.34484,1.34511,1.34513,1.34479,172
2016-11-23 10:07:00,2016-11-23 10:08:00,1.34487,1.34486,1.34507,1.34484,1.34511,1.34509,1.3453,1.34507,263
2016-11-23 10:08:00,2016-11-23 10:09:00,1.34486,1.34496,1.34499,1.34483,1.34509,1.34519,1.34522,1.34506,135
2016-11-23 10:09:00,2016-11-23 10:10:00,1.34496,1.34503,1.34509,1.34487,1.34519,1.34527,1.34533,1.34509,160
2016-11-23 10:10:00,2016-11-23 10:11:00,1.34503,1.34509,1.34514,1.34503,1.34527,1.34533,1.34538,1.34526,134
2016-11-23 10:11:00,2016-11-23 10:12:00,1.34509,1.34471,1.34512,1.34469,1.34533,1.34494,1.34536,1.34494,299
2016-11-23 10:12:00,2016-11-23 10:13:00,1.34471,1.3447,1.34474,1.34466,1.34494,1.34494,1.34497,1.34489,168
2016-11-23 10:13:00,2016-11-23 10:14:00,1.3447,1.34449,1.34472,1.34439,1.34494,1.34472,1.34495,1.34462,386
2016-11-23 10:14:00,2016-11-23 10:15:00,1.34449,1.34454,1.34465,1.34449,1.34472,1.34477,1.34489,1.34472,164
2016-11-23 10:15:00,2016-11-23 10:16:00,1.34454,1.34452,1.34458,1.34448,1.34477,1.34477,1.34481,1.3447,124
2016-11-23 10:16:00,2016-11-23 10:17:00,1.34452,1.34445,1.34455,1.34441,1.34477,1.34468,1.34477,1.34462,171
2016-11-23 10:17:00,2016-11-23 10:18:00,1.34445,1.34454,1.34455,1.34434,1.34468,1.34478,1.34479,1.34458,257
2016-11-23 10:18:00,2016-11-23 10:19:00,1.34454,1.34447,1.34459,1.3444,1.34478,1.34469,1.34483,1.34464,419
2016-11-23 10:19:00,2016-11-23 10:20:00,1.34447,1.34438,1.34452,1.34434,1.34469,1.3446,1.34477,1.34458,211
2016-11-23 10:20:00,2016-11-23 10:21:00,1.34438,1.34456,1.34457,1.34437,1.3446,1.34479,1.3448,1.3446,143
2016-11-23 10:21:00,2016-11-23 10:22:00,1.34456,1.34452,1.34456,1.34442,1.34479,1.34472,1.34477,1.34464,207
2016-11-23 10:22:00,2016-11-23 10:23:00,1.34452,1.34453,1.34463,1.3445,1.34472,1.34476,1.34485,1.34472,264
2016-11-23 10:23:00,2016-11-23 10:24:00,1.34453,1.34456,1.34463,1.34452,1.34476,1.3448,1.34487,1.34476,193
2016-11-23 10:24:00,2016-11-23 10:25:00,1.34456,1.34432,1.34461,1.34431,1.3448,1.34457,1.34483,1.34455,326
2016-11-23 10:25:00,2016-11-23 10:26:00,1.34432,1.34437,1.34438,1.34423,1.34457,1.34461,1.34461,1.34446,138
2016-11-23 10:26:00,2016-11-23 10:27:00,1.34437,1.34418,1.34437,1.34412,1.34461,1.34441,1.3446,1.34433,224
2016-11-23 10:27:00,2016-11-23 10:28:00,1.34418,1.34434,1.34436,1.34417,1.34441,1.3446,1.3446,1.3444,157
2016-11-23 10:28:00,2016-11-23 10:29:00,1.34434,1.34422,1.34442,1.3442,1.3446,1.34446,1.34466,1.34444,128
2016-11-23 10:29:00,2016-11-23 10:30:00,1.34422,1.34444,1.34444,1.34415,1.34446,1.34465,1.34467,1.34439,346
2016-11-23 10:30:00,2016-11-23 10:31:00,1.34444,1.34432,1.34453,1.34426,1.34465,1.34456,1.34474,1.3445,266
2016-11-23 10:31:00,2016-11-23 10:32:00,1.34432,1.34444,1.34451,1.3443,1.34456,1.34465,1.34473,1.34453,206
2016-11-23 10:32:00,2016-11-23 10:33:00,1.34444,1.34436,1.34459,1.34431,1.34465,1.34459,1.34481,1.34455,244
2016-11-23 10:33:00,2016-11-23 10:34:00,1.34436,1.3444,1.34457,1.34433,1.34459,1.34459,1.34479,1.34454,233
2016-11-23 10:34:00,2016-11-23 10:35:00,1.3444,1.34449,1.3445,1.34434,1.34459,1.34472,1.34472,1.34453,216
2016-11-23 10:35:00,2016-11-23 10:36:00,1.34449,1.34451,1.34462,1.34448,1.34472,1.34469,1.34478,1.34469,170
2016-11-23 10:36:00,2016-11-23 10:37:00,1.34451,1.34454,1.34464,1.34434,1.34469,1.34469,1.3448,1.34452,245
2016-11-23 10:37:00,2016-11-23 10:38:00,1.34454,1.34424,1.34454,1.34422,1.34469,1.34446,1.34471,1.34441,499
2016-11-23 10:38:00,2016-11-23 10:39:00,1.34424,1.34439,1.34449,1.34412,1.34446,1.34462,1.34471,1.34434,723
2016-11-23 10:39:00,2016-11-23 10:40:00,1.34439,1.3444,1.34452,1.34423,1.34462,1.34464,1.34474,1.34446,514
2016-11-23 10:40:00,2016-11-23 10:41:00,1.3444,1.34437,1.3446,1.34432,1.34464,1.3446,1.34482,1.34454,467
2016-11-23 10:41:00,2016-11-23 10:42:00,1.34437,1.34422,1.34454,1.34421,1.3446,1.34445,1.34474,1.34443,459
2016-11-23 10:42:00,2016-11-23 10:43:00,1.34422,1.34413,1.34448,1.34412,1.34445,1.34435,1.34469,1.34435,576
2016-11-23 10:43:00,2016-11-23 10:44:00,1.34413,1.34429,1.34434,1.3441,1.34435,1.34452,1.34457,1.34433,539
2016-11-23 10:44:00,2016-11-23 10:45:00,1.34429,1.34399,1.34437,1.34392,1.34452,1.34421,1.34461,1.34414,950
2016-11-23 10:45:00,2016-11-23 10:46:00,1.34399,1.34402,1.34411,1.34392,1.34421,1.34423,1.34433,1.34414,552
2016-11-23 10:46:00,2016-11-23 10:47:00,1.34402,1.34412,1.34412,1.34392,1.34423,1.34436,1.34436,1.34414,530
2016-11-23 10:47:00,2016-11-23 10:48:00,1.34412,1.34428,1.34429,1.34403,1.34436,1.34451,1.34452,1.34426,662
2016-11-23 10:48:00,2016-11-23 10:49:00,1.34428,1.34422,1.34434,1.34415,1.34451,1.34443,1.34456,1.34432,486
2016-11-23 10:49:00,2016-11-23 10:50:00,1.34422,1.34412,1.34433,1.34411,1.34443,1.34436,1.34453,1.34432,378
2016-11-23 10:50:00,2016-11-23 10:51:00,1.34412,1.34402,1.34421,1.34399,1.34436,1.34425,1.34446,1.34421,548
2016-11-23 10:51:00,2016-11-23 10:52:00,1.34402,1.34408,1.34409,1.34398,1.34425,1.34429,1.34432,1.34419,386
2016-11-23 10:52:00,2016-11-23 10:53:00,1.34408,1.3443,1.34435,1.34406,1.34429,1.34453,1.34456,1.34427,365
2016-11-23 10:53:00,2016-11-23 10:54:00,1.3443,1.34444,1.34449,1.34426,1.34453,1.34464,1.34472,1.34449,357
2016-11-23 10:54:00,2016-11-23 10:55:00,1.34444,1.34445,1.34464,1.34444,1.34464,1.34469,1.34487,1.34465,251
2016-11-23 10:55:00,2016-11-23 10:56:00,1.34445,1.34444,1.34454,1.34442,1.34469,1.34468,1.34476,1.34465,351
2016-11-23 10:56:00,2016-11-23 10:57:00,1.34444,1.34442,1.34456,1.34433,1.34468,1.34465,1.34476,1.34457,440
2016-11-23 10:57:00,2016-11-23 10:58:00,1.34442,1.34479,1.34479,1.34441,1.34465,1.345,1.34502,1.34465,538
2016-11-23 10:58:00,2016-11-23 10:59:00,1.34479,1.3446,1.34489,1.34451,1.345,1.34484,1.34511,1.34476,580
2016-11-23 10:59:00,2016-11-23 11:00:00,1.3446,1.34483,1.34493,1.3446,1.34484,1.34506,1.34514,1.34483,364
2016-11-23 11:00:00,2016-11-23 11:01:00,1.34483,1.3446,1.34498,1.34454,1.34506,1.34482,1.34519,1.34476,459
2016-11-23 11:01:00,2016-11-23 11:02:00,1.3446,1.34476,1.34476,1.34452,1.34482,1.34496,1.34496,1.34475,232
2016-11-23 11:02:00,2016-11-23 11:03:00,1.34476,1.34476,1.34479,1.34465,1.34496,1.34499,1.345,1.34488,165
2016-11-23 11:03:00,2016-11-23 11:04:00,1.34476,1.345,1.34503,1.34476,1.34499,1.34524,1.34525,1.34497,270
2016-11-23 11:04:00,2016-11-23 11:05:00,1.345,1.3448,1.34501,1.34471,1.34524,1.34499,1.34523,1.34493,287
2016-11-23 11:05:00,2016-11-23 11:06:00,1.3448,1.34494,1.34515,1.34476,1.34499,1.34516,1.34536,1.34496,337
2016-11-23 11:06:00,2016-11-23 11:07:00,1.34494,1.34509,1.34514,1.34487,1.34516,1.34531,1.34535,1.34509,334
2016-11-23 11:07:00,2016-11-23 11:08:00,1.34509,1.34457,1.34508,1.34457,1.34531,1.34481,1.34531,1.34481,193
2016-11-23 11:08:00,2016-11-23 11:09:00,1.34457,1.34469,1.34482,1.34457,1.34481,1.34492,1.34505,1.34482,363
2016-11-23 11:09:00,2016-11-23 11:10:00,1.34469,1.34449,1.3447,1.34442,1.34492,1.34471,1.34492,1.34465,251
2016-11-23 11:10:00,2016-11-23 11:11:00,1.34449,1.34446,1.34449,1.34427,1.34471,1.34469,1.34472,1.34451,345
2016-11-23 11:11:00,2016-11-23 11:12:00,1.34446,1.34447,1.34469,1.34438,1.34469,1.34471,1.3449,1.34461,372
2016-11-23 11:12:00,2016-11-23 11:13:00,1.34447,1.3444,1.34454,1.34431,1.34471,1.34464,1.34478,1.34453,399
2016-11-23 11:13:00,2016-11-23 11:14:00,1.3444,1.34452,1.34452,1.34437,1.34464,1.34474,1.34475,1.3446,240
2016-11-23 11:14:00,2016-11-23 11:15:00,1.34452,1.34458,1.34461,1.34444,1.34474,1.34482,1.34484,1.34466,300
2016-11-23 11:15:00,2016-11-23 11:16:00,1.34458,1.34448,1.34462,1.34444,1.34482,1.3447,1.34486,1.34467,271
2016-11-23 11:16:00,2016-11-23 11:17:00,1.34448,1.34449,1.34452,1.34441,1.3447,1.34469,1.34474,1.34464,274
2016-11-23 11:17:00,2016-11-23 11:18:00,1.34449,1.34461,1.34461,1.34447,1.34469,1.3448,1.34483,1.34467,259
2016-11-23 11:18:00,2016-11-23 11:19:00,1.34461,1.34488,1.34488,1.34458,1.3448,1.3451,1.3451,1.34478,310
2016-11-23 11:19:00,2016-11-23 11:20:00,1.34488,1.34492,1.34503,1.34484,1.3451,1.34514,1.34525,1.34505,245
2016-11-23 11:20:00,2016-11-23 11:21:00,1.34492,1.34497,1.34503,1.34485,1.34514,1.34522,1.34526,1.34508,404
2016-11-23 11:21:00,2016-11-23 11:22:00,1.34497,1.34495,1.34523,1.34493,1.34522,1.34517,1.34546,1.34516,384
2016-11-23 11:22:00,2016-11-23 11:23:00,1.34495,1.34488,1.34498,1.34483,1.34517,1.34511,1.34522,1.34507,311
2016-11-23 11:23:00,2016-11-23 11:24:00,1.34488,1.34492,1.34492,1.3448,1.34511,1.34515,1.34515,1.34502,256
2016-11-23 11:24:00,2016-11-23 11:25:00,1.34492,1.34498,1.34506,1.34493,1.34515,1.34523,1.34529,1.34515,146
2016-11-23 11:25:00,2016-11-23 11:26:00,1.34498,1.34516,1.34516,1.34497,1.34523,1.34539,1.34539,1.34522,140
2016-11-23 11:26:00,2016-11-23 11:27:00,1.34516,1.34493,1.34517,1.34493,1.34539,1.34517,1.3454,1.34516,171
2016-11-23 11:27:00,2016-11-23 11:28:00,1.34493,1.34504,1.34506,1.34486,1.34517,1.34529,1.34531,1.34509,186
2016-11-23 11:28:00,2016-11-23 11:29:00,1.34504,1.34503,1.34508,1.34493,1.34529,1.34527,1.34532,1.34517,169
2016-11-23 11:29:00,2016-11-23 11:30:00,1.34503,1.345,1.34503,1.34492,1.34527,1.34525,1.34526,1.34515,137
2016-11-23 11:30:00,2016-11-23 11:31:00,1.345,1.34513,1.34514,1.34499,1.34525,1.34535,1.34539,1.34524,74
2016-11-23 11:31:00,2016-11-23 11:32:00,1.34513,1.34506,1.34517,1.34501,1.34535,1.34531,1.34541,1.34526,219
2016-11-23 11:32:00,2016-11-23 11:33:00,1.34506,1.34505,1.34518,1.34498,1.34531,1.34527,1.34541,1.34521,200
2016-11-23 11:33:00,2016-11-23 11:34:00,1.34505,1.34468,1.34505,1.34467,1.34527,1.34492,1.34528,1.34492,263
2016-11-23 11:34:00,2016-11-23 11:35:00,1.34468,1.34458,1.34479,1.34458,1.34492,1.34481,1.345,1.34481,211
2016-11-23 11:35:00,2016-11-23 11:36:00,1.34458,1.34453,1.34458,1.34437,1.34481,1.34476,1.3448,1.34462,216
2016-11-23 11:36:00,2016-11-23 11:37:00,1.34453,1.34458,1.34479,1.34448,1.34476,1.34482,1.345,1.34471,211
2016-11-23 11:37:00,2016-11-23 11:38:00,1.34458,1.34459,1.34464,1.34457,1.34482,1.34481,1.34485,1.34481,88
2016-11-23 11:38:00,2016-11-23 11:39:00,1.34459,1.34466,1.34469,1.34453,1.34481,1.34489,1.34493,1.34476,256
2016-11-23 11:39:00,2016-11-23 11:40:00,1.34466,1.34471,1.34472,1.3446,1.34489,1.34494,1.34494,1.34483,162
2016-11-23 11:40:00,2016-11-23 11:41:00,1.34471,1.34481,1.34483,1.34469,1.34494,1.34504,1.34505,1.34492,137
2016-11-23 11:41:00,2016-11-23 11:42:00,1.34481,1.34488,1.34496,1.34482,1.34504,1.34507,1.34517,1.34503,128
2016-11-23 11:42:00,2016-11-23 11:43:00,1.34488,1.345,1.345,1.34478,1.34507,1.3452,1.3452,1.34498,112
2016-11-23 11:43:00,2016-11-23 11:44:00,1.345,1.34498,1.345,1.34482,1.3452,1.34517,1.34521,1.34499,154
2016-11-23 11:44:00,2016-11-23 11:45:00,1.34498,1.34495,1.345,1.34494,1.34517,1.34516,1.3452,1.34513,172
2016-11-23 11:45:00,2016-11-23 11:46:00,1.34495,1.34501,1.34508,1.34495,1.34516,1.34519,1.34531,1.34515,129
2016-11-23 11:46:00,2016-11-23 11:47:00,1.34501,1.34498,1.34509,1.34496,1.34519,1.34518,1.34529,1.34515,311
2016-11-23 11:47:00,2016-11-23 11:48:00,1.34498,1.34521,1.34521,1.34496,1.34518,1.34541,1.34542,1.34515,317
2016-11-23 11:48:00,2016-11-23 11:49:00,1.34521,1.34523,1.34523,1.34516,1.34541,1.34545,1.34545,1.34536,158
2016-11-23 11:49:00,2016-11-23 11:50:00,1.34523,1.34523,1.3453,1.34523,1.34545,1.34543,1.34549,1.34543,132
2016-11-23 11:50:00,2016-11-23 11:51:00,1.34523,1.34511,1.34524,1.34511,1.34543,1.34531,1.34545,1.34531,109
2016-11-23 11:51:00,2016-11-23 11:52:00,1.34511,1.34527,1.34529,1.34503,1.34531,1.34547,1.34548,1.34523,330
2016-11-23 11:52:00,2016-11-23 11:53:00,1.34527,1.34582,1.34586,1.34527,1.34547,1.346,1.34608,1.34547,433
2016-11-23 11:53:00,2016-11-23 11:54:00,1.34582,1.34588,1.34598,1.34574,1.346,1.34611,1.34623,1.34594,324
2016-11-23 11:54:00,2016-11-23 11:55:00,1.34588,1.34588,1.34591,1.34575,1.34611,1.3461,1.34615,1.34599,283
2016-11-23 11:55:00,2016-11-23 11:56:00,1.34588,1.34581,1.34592,1.34567,1.3461,1.34603,1.34615,1.3459,543
2016-11-23 11:56:00,2016-11-23 11:57:00,1.34581,1.34588,1.34596,1.34573,1.34603,1.34612,1.34617,1.34595,326
2016-11-23 11:57:00,2016-11-23 11:58:00,1.34588,1.34605,1.34605,1.34587,1.34612,1.34625,1.34626,1.3461,497
2016-11-23 11:58:00,2016-11-23 11:59:00,1.34605,1.34613,1.34627,1.34594,1.34625,1.34637,1.34648,1.34614,349
2016-11-23 11:59:00,2016-11-23 12:00:00,1.34613,1.34624,1.34624,1.34603,1.34637,1.34645,1.34647,1.34625,298
2016-11-23 12:00:00,2016-11-23 12:01:00,1.34624,1.34608,1.34627,1.34602,1.34645,1.34628,1.34647,1.34623,184
2016-11-23 12:01:00,2016-11-23 12:02:00,1.34608,1.34623,1.34626,1.34606,1.34628,1.34641,1.34648,1.34628,243
2016-11-23 12:02:00,2016-11-23 12:03:00,1.34623,1.34615,1.34623,1.34599,1.34641,1.34635,1.34641,1.34619,226
2016-11-23 12:03:00,2016-11-23 12:04:00,1.34615,1.34605,1.3462,1.34604,1.34635,1.34628,1.34644,1.34623,229
2016-11-23 12:04:00,2016-11-23 12:05:00,1.34605,1.34603,1.34609,1.34593,1.34628,1.34628,1.34631,1.34613,287
2016-11-23 12:05:00,2016-11-23 12:06:00,1.34603,1.34603,1.34607,1.34597,1.34628,1.34627,1.34629,1.3462,243
2016-11-23 12:06:00,2016-11-23 12:07:00,1.34603,1.34599,1.34607,1.34595,1.34627,1.34623,1.3463,1.34619,240
2016-11-23 12:07:00,2016-11-23 12:08:00,1.34599,1.34614,1.34616,1.34596,1.34623,1.34638,1.3464,1.34619,337
2016-11-23 12:08:00,2016-11-23 12:09:00,1.34614,1.34601,1.34615,1.34596,1.34638,1.34626,1.34638,1.3462,269
2016-11-23 12:09:00,2016-11-23 12:10:00,1.34601,1.346,1.34605,1.34592,1.34626,1.34623,1.34626,1.34615,383
2016-11-23 12:10:00,2016-11-23 12:11:00,1.346,1.34591,1.34601,1.34578,1.34623,1.34615,1.34623,1.34601,350
2016-11-23 12:11:00,2016-11-23 12:12:00,1.34591,1.34573,1.34592,1.34565,1.34615,1.34595,1.34615,1.34588,317
2016-11-23 12:12:00,2016-11-23 12:13:00,1.34573,1.34567,1.34575,1.34562,1.34595,1.3459,1.34598,1.34585,304
2016-11-23 12:13:00,2016-11-23 12:14:00,1.34567,1.34567,1.34571,1.34565,1.3459,1.34592,1.34596,1.34588,191
2016-11-23 12:14:00,2016-11-23 12:15:00,1.34567,1.34542,1.34569,1.34541,1.34592,1.34566,1.34592,1.34564,256
2016-11-23 12:15:00,2016-11-23 12:16:00,1.34542,1.34549,1.34557,1.3454,1.34566,1.34575,1.34581,1.34565,325
2016-11-23 12:16:00,2016-11-23 12:17:00,1.34549,1.34581,1.34582,1.34549,1.34575,1.34606,1.34607,1.34573,164
2016-11-23 12:17:00,2016-11-23 12:18:00,1.34581,1.34579,1.34588,1.34561,1.34606,1.34603,1.3461,1.34583,295
2016-11-23 12:18:00,2016-11-23 12:19:00,1.34579,1.34549,1.34581,1.34548,1.34603,1.34572,1.34604,1.34572,298
2016-11-23 12:19:00,2016-11-23 12:20:00,1.34549,1.34585,1.34596,1.34548,1.34572,1.34606,1.34618,1.34571,471
2016-11-23 12:20:00,2016-11-23 12:21:00,1.34585,1.3462,1.34626,1.34585,1.34606,1.34645,1.34649,1.34605,319
2016-11-23 12:21:00,2016-11-23 12:22:00,1.3462,1.34606,1.34619,1.34587,1.34645,1.34628,1.34645,1.3461,332
2016-11-23 12:22:00,2016-11-23 12:23:00,1.34606,1.34613,1.34613,1.34574,1.34628,1.34637,1.34637,1.34596,573
2016-11-23 12:23:00,2016-11-23 12:24:00,1.34613,1.34622,1.34634,1.3461,1.34637,1.34646,1.34658,1.34633,385
2016-11-23 12:24:00,2016-11-23 12:25:00,1.34622,1.34623,1.3463,1.34611,1.34646,1.34646,1.34653,1.34636,331
2016-11-23 12:25:00,2016-11-23 12:26:00,1.34623,1.34629,1.34632,1.34618,1.34646,1.34653,1.34655,1.3464,245
2016-11-23 12:26:00,2016-11-23 12:27:00,1.34629,1.34624,1.34633,1.34623,1.34653,1.34646,1.34655,1.34644,145
2016-11-23 12:27:00,2016-11-23 12:28:00,1.34624,1.34597,1.34633,1.34597,1.34646,1.34618,1.34653,1.34618,207
2016-11-23 12:28:00,2016-11-23 12:29:00,1.34597,1.34587,1.34604,1.34585,1.34618,1.3461,1.34628,1.34607,214
2016-11-23 12:29:00,2016-11-23 12:30:00,1.34587,1.346,1.346,1.34583,1.3461,1.34624,1.34624,1.34604,121
2016-11-23 12:30:00,2016-11-23 12:31:00,1.346,1.34612,1.34613,1.34599,1.34624,1.34632,1.34634,1.34621,79
2016-11-23 12:31:00,2016-11-23 12:32:00,1.34612,1.34587,1.34613,1.34587,1.34632,1.34611,1.34633,1.3461,137
2016-11-23 12:32:00,2016-11-23 12:33:00,1.34587,1.34593,1.34595,1.34584,1.34611,1.34617,1.34619,1.34607,167
2016-11-23 12:33:00,2016-11-23 12:34:00,1.34593,1.34614,1.34616,1.34593,1.34617,1.34636,1.34638,1.34615,223
2016-11-23 12:34:00,2016-11-23 12:35:00,1.34614,1.34568,1.34614,1.34561,1.34636,1.34591,1.34638,1.34585,450
2016-11-23 12:35:00,2016-11-23 12:36:00,1.34568,1.34573,1.34581,1.34568,1.34591,1.34596,1.34606,1.3459,200
2016-11-23 12:36:00,2016-11-23 12:37:00,1.34573,1.34564,1.34573,1.34561,1.34596,1.34586,1.34597,1.34584,199
2016-11-23 12:37:00,2016-11-23 12:38:00,1.34564,1.3455,1.34564,1.3454,1.34586,1.34576,1.34587,1.34562,314
2016-11-23 12:38:00,2016-11-23 12:39:00,1.3455,1.34539,1.34551,1.34538,1.34576,1.34561,1.34577,1.3456,176
2016-11-23 12:39:00,2016-11-23 12:40:00,1.34539,1.34531,1.3454,1.3453,1.34561,1.34554,1.34564,1.34552,262
2016-11-23 12:40:00,2016-11-23 12:41:00,1.34531,1.34521,1.34534,1.34513,1.34554,1.34545,1.34555,1.34536,334
2016-11-23 12:41:00,2016-11-23 12:42:00,1.34521,1.34514,1.34543,1.34513,1.34545,1.34538,1.34566,1.34536,331
2016-11-23 12:42:00,2016-11-23 12:43:00,1.34514,1.34495,1.34527,1.34495,1.34538,1.34518,1.34552,1.34518,343
2016-11-23 12:43:00,2016-11-23 12:44:00,1.34495,1.34474,1.34506,1.34456,1.34518,1.34498,1.34531,1.3448,608
2016-11-23 12:44:00,2016-11-23 12:45:00,1.34474,1.34483,1.34492,1.34473,1.34498,1.34507,1.34515,1.34497,423
2016-11-23 12:45:00,2016-11-23 12:46:00,1.34483,1.34476,1.34491,1.34472,1.34507,1.34499,1.34515,1.34495,298
2016-11-23 12:46:00,2016-11-23 12:47:00,1.34476,1.34475,1.3448,1.34463,1.34499,1.345,1.34504,1.34486,249
2016-11-23 12:47:00,2016-11-23 12:48:00,1.34475,1.34482,1.34483,1.34464,1.345,1.34506,1.34506,1.34489,360
2016-11-23 12:48:00,2016-11-23 12:49:00,1.34482,1.3449,1.34495,1.34477,1.34506,1.34513,1.34517,1.34502,297
2016-11-23 12:49:00,2016-11-23 12:50:00,1.3449,1.34474,1.3449,1.34474,1.34513,1.34497,1.34512,1.34496,152
2016-11-23 12:50:00,2016-11-23 12:51:00,1.34474,1.34494,1.345,1.34472,1.34497,1.34518,1.34524,1.34496,311
2016-11-23 12:51:00,2016-11-23 12:52:00,1.34494,1.34467,1.34494,1.34466,1.34518,1.34491,1.34517,1.34491,483
2016-11-23 12:52:00,2016-11-23 12:53:00,1.34467,1.34468,1.34478,1.34457,1.34491,1.34491,1.34503,1.34481,516
2016-11-23 12:53:00,2016-11-23 12:54:00,1.34468,1.34425,1.3447,1.34425,1.34491,1.34448,1.34494,1.34448,525
2016-11-23 12:54:00,2016-11-23 12:55:00,1.34425,1.34457,1.34466,1.34415,1.34448,1.34482,1.34491,1.3444,516
2016-11-23 12:55:00,2016-11-23 12:56:00,1.34457,1.34481,1.34493,1.34449,1.34482,1.34502,1.34516,1.34474,433
2016-11-23 12:56:00,2016-11-23 12:57:00,1.34481,1.34482,1.34493,1.34477,1.34502,1.34505,1.34517,1.34498,246
2016-11-23 12:57:00,2016-11-23 12:58:00,1.34482,1.34482,1.34484,1.34469,1.34505,1.34505,1.34506,1.3449,256
2016-11-23 12:58:00,2016-11-23 12:59:00,1.34482,1.34454,1.34487,1.34453,1.34505,1.34477,1.34509,1.34477,431
2016-11-23 12:59:00,2016-11-23 13:00:00,1.34454,1.34423,1.34467,1.34413,1.34477,1.34446,1.34491,1.34438,701
2016-11-23 13:00:00,2016-11-23 13:01:00,1.34423,1.34428,1.34457,1.34423,1.34446,1.34448,1.34477,1.34446,494
2016-11-23 13:01:00,2016-11-23 13:02:00,1.34428,1.3444,1.34459,1.34419,1.34448,1.34462,1.34482,1.3444,534
2016-11-23 13:02:00,2016-11-23 13:03:00,1.3444,1.34456,1.34459,1.34428,1.34462,1.34479,1.34483,1.34451,403
2016-11-23 13:03:00,2016-11-23 13:04:00,1.34456,1.34478,1.34485,1.34452,1.34479,1.34501,1.3451,1.34475,543
2016-11-23 13:04:00,2016-11-23 13:05:00,1.34478,1.34465,1.34488,1.34459,1.34501,1.34488,1.34512,1.34482,505
2016-11-23 13:05:00,2016-11-23 13:06:00,1.34465,1.34489,1.34494,1.34464,1.34488,1.3451,1.34518,1.34487,527
2016-11-23 13:06:00,2016-11-23 13:07:00,1.34489,1.34497,1.34505,1.34489,1.3451,1.34517,1.34523,1.34507,566
2016-11-23 13:07:00,2016-11-23 13:08:00,1.34497,1.34518,1.34525,1.34496,1.34517,1.34536,1.34545,1.34516,374
2016-11-23 13:08:00,2016-11-23 13:09:00,1.34518,1.34526,1.34527,1.34508,1.34536,1.34546,1.34549,1.34528,267
2016-11-23 13:09:00,2016-11-23 13:10:00,1.34526,1.34517,1.34538,1.34509,1.34546,1.3454,1.3456,1.34531,339
2016-11-23 13:10:00,2016-11-23 13:11:00,1.34517,1.34524,1.34526,1.34517,1.3454,1.34547,1.3455,1.34539,294
2016-11-23 13:11:00,2016-11-23 13:12:00,1.34524,1.34519,1.34525,1.34513,1.34547,1.34543,1.34548,1.34535,298
2016-11-23 13:12:00,2016-11-23 13:13:00,1.34519,1.34525,1.34529,1.34509,1.34543,1.3455,1.34552,1.34532,348
2016-11-23 13:13:00,2016-11-23 13:14:00,1.34525,1.34509,1.34541,1.34509,1.3455,1.34531,1.34563,1.34531,303
2016-11-23 13:14:00,2016-11-23 13:15:00,1.34509,1.34514,1.34521,1.34499,1.34531,1.34537,1.34544,1.3452,203
2016-11-23 13:15:00,2016-11-23 13:16:00,1.34514,1.34517,1.3452,1.34509,1.34537,1.34538,1.34542,1.34532,114
2016-11-23 13:16:00,2016-11-23 13:17:00,1.34517,1.34525,1.34526,1.34509,1.34538,1.34548,1.34549,1.34533,213
2016-11-23 13:17:00,2016-11-23 13:18:00,1.34525,1.34524,1.34526,1.34519,1.34548,1.34547,1.34549,1.34541,136
2016-11-23 13:18:00,2016-11-23 13:19:00,1.34524,1.34505,1.34524,1.34502,1.34547,1.34525,1.34544,1.34522,162
2016-11-23 13:19:00,2016-11-23 13:20:00,1.34505,1.34557,1.3456,1.34505,1.34525,1.34579,1.3458,1.34526,525
2016-11-23 13:20:00,2016-11-23 13:21:00,1.34557,1.34528,1.34565,1.34519,1.34579,1.34551,1.34587,1.34539,452
2016-11-23 13:21:00,2016-11-23 13:22:00,1.34528,1.34571,1.34589,1.34525,1.34551,1.34594,1.3461,1.34547,428
2016-11-23 13:22:00,2016-11-23 13:23:00,1.34571,1.34605,1.34608,1.34564,1.34594,1.34627,1.34629,1.34587,1045
2016-11-23 13:23:00,2016-11-23 13:24:00,1.34605,1.34615,1.34636,1.34592,1.34627,1.34637,1.34658,1.34615,914
2016-11-23 13:24:00,2016-11-23 13:25:00,1.34615,1.34626,1.34633,1.34604,1.34637,1.3465,1.34656,1.34626,469
2016-11-23 13:25:00,2016-11-23 13:26:00,1.34626,1.34631,1.34638,1.34621,1.3465,1.34653,1.34662,1.34643,617
2016-11-23 13:26:00,2016-11-23 13:27:00,1.34631,1.34655,1.34666,1.34632,1.34653,1.34676,1.34686,1.34653,630
2016-11-23 13:27:00,2016-11-23 13:28:00,1.34655,1.34647,1.34671,1.34647,1.34676,1.3467,1.34693,1.34669,575
2016-11-23 13:28:00,2016-11-23 13:29:00,1.34647,1.34631,1.34651,1.34617,1.3467,1.34661,1.3468,1.34645,424
2016-11-23 13:29:00,2016-11-23 13:30:00,1.34631,1.34722,1.34729,1.34633,1.34661,1.34747,1.34758,1.34661,1747
2016-11-23 13:30:00,2016-11-23 13:31:00,1.34722,1.34719,1.34766,1.34714,1.34747,1.34741,1.34786,1.34736,1178
2016-11-23 13:31:00,2016-11-23 13:32:00,1.34719,1.34744,1.34746,1.347,1.34741,1.3477,1.34772,1.34724,1109
2016-11-23 13:32:00,2016-11-23 13:33:00,1.34744,1.34746,1.34765,1.34714,1.3477,1.34769,1.34786,1.34736,983
2016-11-23 13:33:00,2016-11-23 13:34:00,1.34746,1.34792,1.34795,1.3472,1.34769,1.34816,1.34818,1.34744,846
2016-11-23 13:34:00,2016-11-23 13:35:00,1.34792,1.34811,1.34831,1.34778,1.34816,1.34834,1.34853,1.34802,911
2016-11-23 13:35:00,2016-11-23 13:36:00,1.34811,1.3487,1.34902,1.34813,1.34834,1.34892,1.34926,1.34834,1178
2016-11-23 13:36:00,2016-11-23 13:37:00,1.3487,1.34848,1.34872,1.34836,1.34892,1.34871,1.34895,1.34858,774
2016-11-23 13:37:00,2016-11-23 13:38:00,1.34848,1.3487,1.34878,1.34823,1.34871,1.34893,1.34901,1.34845,1022
2016-11-23 13:38:00,2016-11-23 13:39:00,1.3487,1.34905,1.34906,1.34866,1.34893,1.34926,1.34929,1.34888,1150
2016-11-23 13:39:00,2016-11-23 13:40:00,1.34905,1.34932,1.34953,1.34904,1.34926,1.34956,1.34972,1.34926,1061
2016-11-23 13:40:00,2016-11-23 13:41:00,1.34932,1.34933,1.34949,1.34914,1.34956,1.34956,1.34971,1.34936,959
2016-11-23 13:41:00,2016-11-23 13:42:00,1.34933,1.3492,1.34934,1.34908,1.34956,1.34943,1.34956,1.3493,640
2016-11-23 13:42:00,2016-11-23 13:43:00,1.3492,1.3491,1.34919,1.34883,1.34943,1.34933,1.34943,1.34905,795
2016-11-23 13:43:00,2016-11-23 13:44:00,1.3491,1.34905,1.34919,1.34887,1.34933,1.34928,1.34937,1.34908,522
2016-11-23 13:44:00,2016-11-23 13:45:00,1.34905,1.34906,1.34913,1.3487,1.34928,1.34925,1.34936,1.34894,536
2016-11-23 13:45:00,2016-11-23 13:46:00,1.34906,1.34948,1.34955,1.34906,1.34925,1.34969,1.34979,1.34923,736
2016-11-23 13:46:00,2016-11-23 13:47:00,1.34948,1.34914,1.34956,1.34914,1.34969,1.34937,1.34978,1.34937,694
2016-11-23 13:47:00,2016-11-23 13:48:00,1.34914,1.34901,1.34921,1.34893,1.34937,1.34922,1.34939,1.34916,557
2016-11-23 13:48:00,2016-11-23 13:49:00,1.34901,1.3489,1.34909,1.34879,1.34922,1.34913,1.3493,1.34901,684
2016-11-23 13:49:00,2016-11-23 13:50:00,1.3489,1.34839,1.34899,1.34835,1.34913,1.34861,1.34919,1.34858,610
2016-11-23 13:50:00,2016-11-23 13:51:00,1.34839,1.34872,1.34879,1.3484,1.34861,1.34895,1.349,1.34861,562
2016-11-23 13:51:00,2016-11-23 13:52:00,1.34872,1.34888,1.34903,1.34843,1.34895,1.34908,1.34924,1.34865,637
2016-11-23 13:52:00,2016-11-23 13:53:00,1.34888,1.34901,1.34906,1.34876,1.34908,1.34926,1.3493,1.34898,478
2016-11-23 13:53:00,2016-11-23 13:54:00,1.34901,1.34893,1.34912,1.34874,1.34926,1.34918,1.34933,1.34896,392
2016-11-23 13:54:00,2016-11-23 13:55:00,1.34893,1.34919,1.34932,1.34893,1.34918,1.3494,1.34948,1.34918,513
2016-11-23 13:55:00,2016-11-23 13:56:00,1.34919,1.34917,1.34937,1.34897,1.3494,1.3494,1.34957,1.3492,672
2016-11-23 13:56:00,2016-11-23 13:57:00,1.34917,1.34869,1.34918,1.34869,1.3494,1.34891,1.3494,1.34891,367
2016-11-23 13:57:00,2016-11-23 13:58:00,1.34869,1.34897,1.34908,1.3487,1.34891,1.34918,1.34929,1.34891,510
2016-11-23 13:58:00,2016-11-23 13:59:00,1.34897,1.34901,1.34909,1.34888,1.34918,1.34925,1.34933,1.34913,389
2016-11-23 13:59:00,2016-11-23 14:00:00,1.34901,1.34911,1.34934,1.34894,1.34925,1.34933,1.34949,1.34919,518
2016-11-23 14:00:00,2016-11-23 14:01:00,1.34911,1.34913,1.34939,1.34911,1.34933,1.34937,1.34961,1.34933,455
2016-11-23 14:01:00,2016-11-23 14:02:00,1.34913,1.34928,1.34932,1.34912,1.34937,1.34948,1.34955,1.34937,580
2016-11-23 14:02:00,2016-11-23 14:03:00,1.34928,1.34952,1.34956,1.34922,1.34948,1.34976,1.34978,1.34943,503
2016-11-23 14:03:00,2016-11-23 14:04:00,1.34952,1.34969,1.3498,1.34931,1.34976,1.34994,1.35001,1.34955,664
2016-11-23 14:04:00,2016-11-23 14:05:00,1.34969,1.34977,1.34988,1.34948,1.34994,1.34999,1.35008,1.34971,340
2016-11-23 14:05:00,2016-11-23 14:06:00,1.34977,1.34953,1.34977,1.34945,1.34999,1.34978,1.35,1.34969,393
2016-11-23 14:06:00,2016-11-23 14:07:00,1.34953,1.34961,1.34978,1.34951,1.34978,1.34985,1.35001,1.34976,383
2016-11-23 14:07:00,2016-11-23 14:08:00,1.34961,1.34996,1.35007,1.34961,1.34985,1.3502,1.35029,1.34985,337
2016-11-23 14:08:00,2016-11-23 14:09:00,1.34996,1.35022,1.35027,1.34992,1.3502,1.35044,1.35052,1.35016,520
2016-11-23 14:09:00,2016-11-23 14:10:00,1.35022,1.35024,1.35045,1.35017,1.35044,1.35048,1.35067,1.35042,496
2016-11-23 14:10:00,2016-11-23 14:11:00,1.35024,1.35057,1.35076,1.35023,1.35048,1.35082,1.351,1.35048,663
2016-11-23 14:11:00,2016-11-23 14:12:00,1.35057,1.35059,1.35072,1.35046,1.35082,1.35077,1.35092,1.35067,640
2016-11-23 14:12:00,2016-11-23 14:13:00,1.35059,1.3505,1.35067,1.3504,1.35077,1.35073,1.35085,1.35062,225
2016-11-23 14:13:00,2016-11-23 14:14:00,1.3505,1.35022,1.35061,1.3502,1.35073,1.35044,1.35082,1.3504,395
2016-11-23 14:14:00,2016-11-23 14:15:00,1.35022,1.35026,1.35058,1.35022,1.35044,1.35046,1.35082,1.35044,395
2016-11-23 14:15:00,2016-11-23 14:16:00,1.35026,1.35061,1.35066,1.35025,1.35046,1.3508,1.35084,1.35046,363
2016-11-23 14:16:00,2016-11-23 14:17:00,1.35061,1.35126,1.35126,1.3505,1.3508,1.35146,1.35149,1.35067,472
2016-11-23 14:17:00,2016-11-23 14:18:00,1.35126,1.35131,1.35158,1.35115,1.35146,1.35151,1.35178,1.35137,684
2016-11-23 14:18:00,2016-11-23 14:19:00,1.35131,1.35104,1.35149,1.35089,1.35151,1.35126,1.35169,1.35111,541
2016-11-23 14:19:00,2016-11-23 14:20:00,1.35104,1.35065,1.35105,1.35063,1.35126,1.35086,1.35126,1.35084,423
2016-11-23 14:20:00,2016-11-23 14:21:00,1.35065,1.35099,1.35116,1.35065,1.35086,1.35117,1.35138,1.35087,615
2016-11-23 14:21:00,2016-11-23 14:22:00,1.35099,1.35112,1.35117,1.35076,1.35117,1.35135,1.35139,1.35096,610
2016-11-23 14:22:00,2016-11-23 14:23:00,1.35112,1.35095,1.35115,1.35094,1.35135,1.35118,1.35136,1.35116,430
2016-11-23 14:23:00,2016-11-23 14:24:00,1.35095,1.35114,1.35115,1.35095,1.35118,1.35134,1.35137,1.35119,300
2016-11-23 14:24:00,2016-11-23 14:25:00,1.35114,1.35113,1.35151,1.35112,1.35134,1.35133,1.35169,1.35133,327
2016-11-23 14:25:00,2016-11-23 14:26:00,1.35113,1.35084,1.35113,1.35063,1.35133,1.35108,1.35132,1.35085,378
2016-11-23 14:26:00,2016-11-23 14:27:00,1.35084,1.35084,1.35095,1.35058,1.35108,1.35107,1.35115,1.35081,229
2016-11-23 14:27:00,2016-11-23 14:28:00,1.35084,1.35084,1.35093,1.3507,1.35107,1.35108,1.35116,1.35093,422
2016-11-23 14:28:00,2016-11-23 14:29:00,1.35084,1.35097,1.35107,1.35084,1.35108,1.35119,1.35128,1.35106,334
2016-11-23 14:29:00,2016-11-23 14:30:00,1.35097,1.35096,1.35111,1.35072,1.35119,1.35118,1.35134,1.35091,776
2016-11-23 14:30:00,2016-11-23 14:31:00,1.35096,1.35104,1.35117,1.35094,1.35118,1.35127,1.3514,1.35114,730
2016-11-23 14:31:00,2016-11-23 14:32:00,1.35104,1.35113,1.35128,1.351,1.35127,1.35135,1.35151,1.35119,520
2016-11-23 14:32:00,2016-11-23 14:33:00,1.35113,1.35131,1.35138,1.35113,1.35135,1.35155,1.3516,1.35135,750
2016-11-23 14:33:00,2016-11-23 14:34:00,1.35131,1.35124,1.35147,1.35107,1.35155,1.35143,1.35169,1.35128,625
2016-11-23 14:34:00,2016-11-23 14:35:00,1.35124,1.35092,1.35134,1.35077,1.35143,1.35115,1.35153,1.35098,803
2016-11-23 14:35:00,2016-11-23 14:36:00,1.35092,1.35075,1.35105,1.35073,1.35115,1.35098,1.35129,1.35092,833
2016-11-23 14:36:00,2016-11-23 14:37:00,1.35075,1.35067,1.35078,1.35065,1.35098,1.35091,1.35101,1.35086,648
2016-11-23 14:37:00,2016-11-23 14:38:00,1.35067,1.3502,1.35068,1.35009,1.35091,1.35043,1.35092,1.35031,545
2016-11-23 14:38:00,2016-11-23 14:39:00,1.3502,1.35002,1.3502,1.34973,1.35043,1.35026,1.35043,1.34994,661
2016-11-23 14:39:00,2016-11-23 14:40:00,1.35002,1.34993,1.35027,1.34986,1.35026,1.35017,1.35053,1.3501,677
2016-11-23 14:40:00,2016-11-23 14:41:00,1.34993,1.34989,1.35005,1.3498,1.35017,1.35012,1.35027,1.35004,452
2016-11-23 14:41:00,2016-11-23 14:42:00,1.34989,1.34981,1.35002,1.34981,1.35012,1.35003,1.35026,1.35003,443
2016-11-23 14:42:00,2016-11-23 14:43:00,1.34981,1.34978,1.34987,1.34967,1.35003,1.35,1.35011,1.3499,261
2016-11-23 14:43:00,2016-11-23 14:44:00,1.34978,1.34961,1.34986,1.34952,1.35,1.34982,1.35009,1.34977,323
2016-11-23 14:44:00,2016-11-23 14:45:00,1.34961,1.34987,1.3499,1.34957,1.34982,1.35009,1.35015,1.34978,362
2016-11-23 14:45:00,2016-11-23 14:46:00,1.34987,1.34974,1.35,1.34966,1.35009,1.34996,1.35024,1.34987,464
2016-11-23 14:46:00,2016-11-23 14:47:00,1.34974,1.35,1.35042,1.34975,1.34996,1.35021,1.35067,1.34996,753
2016-11-23 14:47:00,2016-11-23 14:48:00,1.35,1.34995,1.35004,1.34989,1.35021,1.35018,1.35028,1.35012,509
2016-11-23 14:48:00,2016-11-23 14:49:00,1.34995,1.34951,1.35005,1.3494,1.35018,1.34973,1.35029,1.34962,553
2016-11-23 14:49:00,2016-11-23 14:50:00,1.34951,1.34913,1.34953,1.34913,1.34973,1.34935,1.34973,1.34935,497
2016-11-23 14:50:00,2016-11-23 14:51:00,1.34913,1.3492,1.34933,1.34909,1.34935,1.34942,1.34957,1.34931,588
2016-11-23 14:51:00,2016-11-23 14:52:00,1.3492,1.3493,1.34939,1.34911,1.34942,1.34952,1.3496,1.34932,393
2016-11-23 14:52:00,2016-11-23 14:53:00,1.3493,1.34883,1.34942,1.34882,1.34952,1.34908,1.34965,1.34906,375
2016-11-23 14:53:00,2016-11-23 14:54:00,1.34883,1.3484,1.34896,1.34839,1.34908,1.34864,1.34915,1.34863,321
2016-11-23 14:54:00,2016-11-23 14:55:00,1.3484,1.34867,1.34867,1.34839,1.34864,1.34887,1.34888,1.34863,339
2016-11-23 14:55:00,2016-11-23 14:56:00,1.34867,1.34833,1.34869,1.3483,1.34887,1.34858,1.34889,1.34852,466
2016-11-23 14:56:00,2016-11-23 14:57:00,1.34833,1.34815,1.34843,1.34813,1.34858,1.34836,1.34867,1.34833,514
2016-11-23 14:57:00,2016-11-23 14:58:00,1.34815,1.34811,1.3483,1.34808,1.34836,1.34834,1.34854,1.3483,355
2016-11-23 14:58:00,2016-11-23 14:59:00,1.34811,1.34835,1.34843,1.34792,1.34834,1.34869,1.34873,1.34819,787
2016-11-23 14:59:00,2016-11-23 15:00:00,1.34835,1.34869,1.34881,1.34818,1.34869,1.34889,1.34904,1.3484,1116
2016-11-23 15:00:00,2016-11-23 15:01:00,1.34869,1.34873,1.34893,1.34852,1.34889,1.34896,1.34915,1.34875,707
2016-11-23 15:01:00,2016-11-23 15:02:00,1.34873,1.34901,1.34927,1.3485,1.34896,1.34926,1.34949,1.34872,849
2016-11-23 15:02:00,2016-11-23 15:03:00,1.34901,1.34929,1.34938,1.34901,1.34926,1.3495,1.34961,1.34924,648
2016-11-23 15:03:00,2016-11-23 15:04:00,1.34929,1.3489,1.34929,1.34887,1.3495,1.34911,1.3495,1.34909,497
2016-11-23 15:04:00,2016-11-23 15:05:00,1.3489,1.3487,1.34891,1.34849,1.34911,1.34894,1.34915,1.34873,518
2016-11-23 15:05:00,2016-11-23 15:06:00,1.3487,1.34893,1.34908,1.34867,1.34894,1.34918,1.34931,1.34892,544
2016-11-23 15:06:00,2016-11-23 15:07:00,1.34893,1.34883,1.34901,1.34875,1.34918,1.34906,1.34927,1.34898,512
2016-11-23 15:07:00,2016-11-23 15:08:00,1.34883,1.34873,1.34884,1.34838,1.34906,1.349,1.34906,1.34861,578
2016-11-23 15:08:00,2016-11-23 15:09:00,1.34873,1.34833,1.3488,1.34828,1.349,1.34856,1.34904,1.34853,465
2016-11-23 15:09:00,2016-11-23 15:10:00,1.34833,1.34878,1.34879,1.34826,1.34856,1.34902,1.34902,1.34852,513
2016-11-23 15:10:00,2016-11-23 15:11:00,1.34878,1.34857,1.3489,1.34857,1.34902,1.34882,1.34915,1.34879,385
2016-11-23 15:11:00,2016-11-23 15:12:00,1.34857,1.34894,1.3491,1.34857,1.34882,1.3492,1.34935,1.34883,539
2016-11-23 15:12:00,2016-11-23 15:13:00,1.34894,1.3492,1.34924,1.34889,1.3492,1.34946,1.34951,1.34912,577
2016-11-23 15:13:00,2016-11-23 15:14:00,1.3492,1.34962,1.34973,1.34901,1.34946,1.34988,1.34996,1.34926,708
2016-11-23 15:14:00,2016-11-23 15:15:00,1.34962,1.34929,1.34976,1.34927,1.34988,1.34953,1.35001,1.34952,788
2016-11-23 15:15:00,2016-11-23 15:16:00,1.34929,1.34961,1.34961,1.34919,1.34953,1.34985,1.34985,1.34944,518
2016-11-23 15:16:00,2016-11-23 15:17:00,1.34961,1.34949,1.34969,1.3493,1.34985,1.34972,1.34993,1.34952,410
2016-11-23 15:17:00,2016-11-23 15:18:00,1.34949,1.34931,1.34962,1.34921,1.34972,1.34957,1.34986,1.34943,414
2016-11-23 15:18:00,2016-11-23 15:19:00,1.34931,1.34865,1.34931,1.34847,1.34957,1.34891,1.34956,1.34871,1095
2016-11-23 15:19:00,2016-11-23 15:20:00,1.34865,1.34889,1.34905,1.34838,1.34891,1.34908,1.34929,1.34866,815
2016-11-23 15:20:00,2016-11-23 15:21:00,1.34889,1.34886,1.34934,1.34882,1.34908,1.34914,1.3496,1.34906,538
2016-11-23 15:21:00,2016-11-23 15:22:00,1.34886,1.34881,1.34918,1.34881,1.34914,1.34908,1.34943,1.34906,562
2016-11-23 15:22:00,2016-11-23 15:23:00,1.34881,1.34871,1.34883,1.34832,1.34908,1.34893,1.34909,1.34855,758
2016-11-23 15:23:00,2016-11-23 15:24:00,1.34871,1.34897,1.34917,1.34853,1.34893,1.34922,1.34942,1.34872,915
2016-11-23 15:24:00,2016-11-23 15:25:00,1.34897,1.34883,1.34904,1.34875,1.34922,1.34909,1.34927,1.34899,553
2016-11-23 15:25:00,2016-11-23 15:26:00,1.34883,1.34856,1.34902,1.34856,1.34909,1.34881,1.34925,1.34879,708
2016-11-23 15:26:00,2016-11-23 15:27:00,1.34856,1.3483,1.34876,1.34813,1.34881,1.3485,1.34898,1.34837,772
2016-11-23 15:27:00,2016-11-23 15:28:00,1.3483,1.34845,1.34845,1.34827,1.3485,1.34869,1.34869,1.3485,330
2016-11-23 15:28:00,2016-11-23 15:29:00,1.34845,1.34844,1.34859,1.34817,1.34869,1.3487,1.34882,1.34845,691
2016-11-23 15:29:00,2016-11-23 15:30:00,1.34844,1.34845,1.34893,1.34814,1.3487,1.34867,1.3492,1.34837,1314
2016-11-23 15:30:00,2016-11-23 15:31:00,1.34845,1.34884,1.34908,1.34843,1.34867,1.34905,1.34935,1.34865,1267
2016-11-23 15:31:00,2016-11-23 15:32:00,1.34884,1.34871,1.34886,1.3483,1.34905,1.34898,1.34914,1.34854,1044
2016-11-23 15:32:00,2016-11-23 15:33:00,1.34871,1.3483,1.34872,1.34813,1.34898,1.34855,1.34898,1.34835,1639
2016-11-23 15:33:00,2016-11-23 15:34:00,1.3483,1.34814,1.34864,1.34791,1.34855,1.34837,1.34886,1.34813,1142
2016-11-23 15:34:00,2016-11-23 15:35:00,1.34814,1.34861,1.34876,1.34793,1.34837,1.34887,1.34899,1.34818,1004
2016-11-23 15:35:00,2016-11-23 15:36:00,1.34861,1.34856,1.34877,1.34841,1.34887,1.34882,1.34901,1.34866,888
2016-11-23 15:36:00,2016-11-23 15:37:00,1.34856,1.34805,1.34886,1.34803,1.34882,1.34829,1.34912,1.34828,724
2016-11-23 15:37:00,2016-11-23 15:38:00,1.34805,1.3477,1.34814,1.34762,1.34829,1.34794,1.34839,1.34784,673
2016-11-23 15:38:00,2016-11-23 15:39:00,1.3477,1.34793,1.34797,1.34745,1.34794,1.34819,1.34822,1.34772,625
2016-11-23 15:39:00,2016-11-23 15:40:00,1.34793,1.34768,1.34801,1.34761,1.34819,1.34792,1.34827,1.34788,623
2016-11-23 15:40:00,2016-11-23 15:41:00,1.34768,1.34756,1.34775,1.3475,1.34792,1.34783,1.34799,1.34773,577
2016-11-23 15:41:00,2016-11-23 15:42:00,1.34756,1.34748,1.34786,1.34745,1.34783,1.34773,1.3481,1.34769,813
2016-11-23 15:42:00,2016-11-23 15:43:00,1.34748,1.34774,1.34786,1.34747,1.34773,1.34796,1.3481,1.34772,789
2016-11-23 15:43:00,2016-11-23 15:44:00,1.34774,1.34764,1.34789,1.34753,1.34796,1.34788,1.34813,1.34776,732
2016-11-23 15:44:00,2016-11-23 15:45:00,1.34764,1.34729,1.34769,1.34715,1.34788,1.34753,1.34791,1.34739,505
2016-11-23 15:45:00,2016-11-23 15:46:00,1.34729,1.34749,1.34757,1.34728,1.34753,1.34773,1.34781,1.34751,627
2016-11-23 15:46:00,2016-11-23 15:47:00,1.34749,1.34772,1.34791,1.34749,1.34773,1.34798,1.34814,1.34772,702
2016-11-23 15:47:00,2016-11-23 15:48:00,1.34772,1.34774,1.34777,1.34748,1.34798,1.34798,1.348,1.34772,644
2016-11-23 15:48:00,2016-11-23 15:49:00,1.34774,1.34807,1.34809,1.34769,1.34798,1.34827,1.34831,1.3479,596
2016-11-23 15:49:00,2016-11-23 15:50:00,1.34807,1.348,1.34815,1.3479,1.34827,1.34822,1.34835,1.34811,422
2016-11-23 15:50:00,2016-11-23 15:51:00,1.348,1.34805,1.34809,1.34788,1.34822,1.34829,1.3483,1.34812,562
2016-11-23 15:51:00,2016-11-23 15:52:00,1.34805,1.34808,1.34835,1.34799,1.34829,1.3483,1.34858,1.34821,530
2016-11-23 15:52:00,2016-11-23 15:53:00,1.34808,1.34813,1.34818,1.34791,1.3483,1.34836,1.34839,1.34813,238
2016-11-23 15:53:00,2016-11-23 15:54:00,1.34813,1.3482,1.34834,1.34809,1.34836,1.34846,1.34857,1.3483,478
2016-11-23 15:54:00,2016-11-23 15:55:00,1.3482,1.34844,1.34849,1.34821,1.34846,1.34866,1.34868,1.34845,646
2016-11-23 15:55:00,2016-11-23 15:56:00,1.34844,1.3487,1.34884,1.34844,1.34866,1.3489,1.34906,1.34867,832
2016-11-23 15:56:00,2016-11-23 15:57:00,1.3487,1.34935,1.34944,1.34864,1.3489,1.34959,1.34968,1.34884,979
2016-11-23 15:57:00,2016-11-23 15:58:00,1.34935,1.34953,1.34994,1.34929,1.34959,1.34974,1.35014,1.34952,1189
2016-11-23 15:58:00,2016-11-23 15:59:00,1.34953,1.3494,1.34985,1.34939,1.34974,1.34963,1.35003,1.34961,1000
2016-11-23 15:59:00,2016-11-23 16:00:00,1.3494,1.34983,1.34989,1.34937,1.34963,1.35008,1.35011,1.34961,580
2016-11-23 16:00:00,2016-11-23 16:01:00,1.34983,1.35025,1.35046,1.34981,1.35008,1.35048,1.35068,1.35002,637
2016-11-23 16:01:00,2016-11-23 16:02:00,1.35025,1.35026,1.35032,1.35008,1.35048,1.35049,1.35054,1.35027,621
2016-11-23 16:02:00,2016-11-23 16:03:00,1.35026,1.35005,1.35026,1.34988,1.35049,1.3503,1.3505,1.3501,629
2016-11-23 16:03:00,2016-11-23 16:04:00,1.35005,1.34992,1.35013,1.3498,1.3503,1.35011,1.35036,1.35002,760
2016-11-23 16:04:00,2016-11-23 16:05:00,1.34992,1.34989,1.35012,1.34987,1.35011,1.35011,1.35032,1.35011,605
2016-11-23 16:05:00,2016-11-23 16:06:00,1.34989,1.35013,1.35016,1.34969,1.35011,1.35036,1.35039,1.3499,699
2016-11-23 16:06:00,2016-11-23 16:07:00,1.35013,1.35022,1.35042,1.3501,1.35036,1.35045,1.35064,1.35032,749
2016-11-23 16:07:00,2016-11-23 16:08:00,1.35022,1.34985,1.35023,1.34975,1.35045,1.35008,1.35047,1.34998,777
2016-11-23 16:08:00,2016-11-23 16:09:00,1.34985,1.34988,1.3499,1.34969,1.35008,1.35012,1.35012,1.34994,439
2016-11-23 16:09:00,2016-11-23 16:10:00,1.34988,1.35004,1.35024,1.34987,1.35012,1.35027,1.35046,1.35011,463
2016-11-23 16:10:00,2016-11-23 16:11:00,1.35004,1.34929,1.35006,1.34921,1.35027,1.34952,1.35027,1.34944,1078
2016-11-23 16:11:00,2016-11-23 16:12:00,1.34929,1.34884,1.34929,1.34872,1.34952,1.34909,1.34951,1.34895,684
2016-11-23 16:12:00,2016-11-23 16:13:00,1.34884,1.34859,1.34893,1.34858,1.34909,1.34882,1.34914,1.34881,659
2016-11-23 16:13:00,2016-11-23 16:14:00,1.34859,1.34887,1.349,1.34857,1.34882,1.34909,1.34924,1.3488,640
2016-11-23 16:14:00,2016-11-23 16:15:00,1.34887,1.34825,1.34886,1.34821,1.34909,1.34847,1.34909,1.34845,640
2016-11-23 16:15:00,2016-11-23 16:16:00,1.34825,1.34882,1.34883,1.34821,1.34847,1.34902,1.34904,1.34846,642
2016-11-23 16:16:00,2016-11-23 16:17:00,1.34882,1.34856,1.34883,1.34834,1.34902,1.34876,1.34903,1.34858,617
2016-11-23 16:17:00,2016-11-23 16:18:00,1.34856,1.34863,1.3489,1.3485,1.34876,1.34887,1.34913,1.34874,604
2016-11-23 16:18:00,2016-11-23 16:19:00,1.34863,1.34889,1.34889,1.34859,1.34887,1.34912,1.34912,1.34884,524
2016-11-23 16:19:00,2016-11-23 16:20:00,1.34889,1.34872,1.34901,1.34868,1.34912,1.34895,1.34924,1.34891,676
2016-11-23 16:20:00,2016-11-23 16:21:00,1.34872,1.34869,1.34882,1.3486,1.34895,1.34892,1.34904,1.34884,534
2016-11-23 16:21:00,2016-11-23 16:22:00,1.34869,1.34878,1.34891,1.34864,1.34892,1.34901,1.34913,1.34888,611
2016-11-23 16:22:00,2016-11-23 16:23:00,1.34878,1.34842,1.34877,1.3484,1.34901,1.34863,1.34901,1.34863,514
2016-11-23 16:23:00,2016-11-23 16:24:00,1.34842,1.34866,1.34869,1.34831,1.34863,1.3489,1.3489,1.34852,370
2016-11-23 16:24:00,2016-11-23 16:25:00,1.34866,1.34872,1.34878,1.34858,1.3489,1.34895,1.34899,1.34881,375
2016-11-23 16:25:00,2016-11-23 16:26:00,1.34872,1.34873,1.34881,1.34866,1.34895,1.34893,1.34901,1.34887,408
2016-11-23 16:26:00,2016-11-23 16:27:00,1.34873,1.34882,1.3489,1.34871,1.34893,1.34905,1.34913,1.34889,356
2016-11-23 16:27:00,2016-11-23 16:28:00,1.34882,1.34881,1.3489,1.3487,1.34905,1.34904,1.34912,1.34892,420
2016-11-23 16:28:00,2016-11-23 16:29:00,1.34881,1.34901,1.34908,1.3487,1.34904,1.34921,1.34928,1.34889,586
2016-11-23 16:29:00,2016-11-23 16:30:00,1.34901,1.34923,1.34929,1.34895,1.34921,1.34943,1.34949,1.34918,614
2016-11-23 16:30:00,2016-11-23 16:31:00,1.34923,1.34897,1.34934,1.34893,1.34943,1.3492,1.34957,1.34916,662
2016-11-23 16:31:00,2016-11-23 16:32:00,1.34897,1.34868,1.349,1.34861,1.3492,1.34891,1.34923,1.34884,910
2016-11-23 16:32:00,2016-11-23 16:33:00,1.34868,1.34869,1.34874,1.34844,1.34891,1.34889,1.34896,1.34864,598
2016-11-23 16:33:00,2016-11-23 16:34:00,1.34869,1.34829,1.34869,1.34823,1.34889,1.34851,1.3489,1.34846,598
2016-11-23 16:34:00,2016-11-23 16:35:00,1.34829,1.34853,1.34856,1.34827,1.34851,1.34876,1.34877,1.34851,677
2016-11-23 16:35:00,2016-11-23 16:36:00,1.34853,1.34831,1.34874,1.34828,1.34876,1.34857,1.34897,1.34853,631
2016-11-23 16:36:00,2016-11-23 16:37:00,1.34831,1.3481,1.34846,1.34805,1.34857,1.34833,1.34866,1.34828,651
2016-11-23 16:37:00,2016-11-23 16:38:00,1.3481,1.34769,1.34815,1.3476,1.34833,1.34794,1.34837,1.34783,619
2016-11-23 16:38:00,2016-11-23 16:39:00,1.34769,1.34769,1.34782,1.3476,1.34794,1.34791,1.34804,1.34783,733
2016-11-23 16:39:00,2016-11-23 16:40:00,1.34769,1.34768,1.34785,1.3476,1.34791,1.34791,1.34806,1.34783,487
2016-11-23 16:40:00,2016-11-23 16:41:00,1.34768,1.34822,1.34823,1.34764,1.34791,1.34844,1.34845,1.34788,850
2016-11-23 16:41:00,2016-11-23 16:42:00,1.34822,1.34813,1.34826,1.34796,1.34844,1.34835,1.3485,1.34819,579
2016-11-23 16:42:00,2016-11-23 16:43:00,1.34813,1.34824,1.34826,1.348,1.34835,1.34847,1.34849,1.34821,582
2016-11-23 16:43:00,2016-11-23 16:44:00,1.34824,1.34845,1.34845,1.34808,1.34847,1.34867,1.34867,1.34829,362
2016-11-23 16:44:00,2016-11-23 16:45:00,1.34845,1.34853,1.3486,1.3483,1.34867,1.34874,1.34881,1.34851,290
2016-11-23 16:45:00,2016-11-23 16:46:00,1.34853,1.34825,1.34857,1.34814,1.34874,1.34848,1.3488,1.34837,511
2016-11-23 16:46:00,2016-11-23 16:47:00,1.34825,1.34821,1.34835,1.34812,1.34848,1.34845,1.34856,1.34835,470
2016-11-23 16:47:00,2016-11-23 16:48:00,1.34821,1.34787,1.34826,1.34782,1.34845,1.34812,1.34849,1.34806,424
2016-11-23 16:48:00,2016-11-23 16:49:00,1.34787,1.34795,1.34801,1.34784,1.34812,1.34815,1.34821,1.34805,315
2016-11-23 16:49:00,2016-11-23 16:50:00,1.34795,1.34772,1.34797,1.3477,1.34815,1.34795,1.34818,1.34793,270
2016-11-23 16:50:00,2016-11-23 16:51:00,1.34772,1.34773,1.34777,1.34749,1.34795,1.34795,1.34801,1.34774,587
2016-11-23 16:51:00,2016-11-23 16:52:00,1.34773,1.34756,1.3478,1.34751,1.34795,1.34781,1.34803,1.34774,345
2016-11-23 16:52:00,2016-11-23 16:53:00,1.34756,1.34764,1.34773,1.34755,1.34781,1.34784,1.34795,1.34779,293
2016-11-23 16:53:00,2016-11-23 16:54:00,1.34764,1.34721,1.34764,1.3472,1.34784,1.34746,1.34784,1.34745,350
2016-11-23 16:54:00,2016-11-23 16:55:00,1.34721,1.34714,1.34725,1.34685,1.34746,1.34738,1.34748,1.34707,563
2016-11-23 16:55:00,2016-11-23 16:56:00,1.34714,1.34723,1.34743,1.34714,1.34738,1.34743,1.34768,1.34737,448
2016-11-23 16:56:00,2016-11-23 16:57:00,1.34723,1.34743,1.34745,1.34715,1.34743,1.34765,1.34768,1.34739,334
2016-11-23 16:57:00,2016-11-23 16:58:00,1.34743,1.34707,1.34744,1.34702,1.34765,1.34731,1.34768,1.34728,346
2016-11-23 16:58:00,2016-11-23 16:59:00,1.34707,1.34665,1.34707,1.34659,1.34731,1.34686,1.34731,1.34684,431
2016-11-23 16:59:00,2016-11-23 17:00:00,1.34665,1.34712,1.3472,1.34666,1.34686,1.34734,1.34742,1.34686,489
2016-11-23 17:00:00,2016-11-23 17:01:00,1.34712,1.34704,1.3472,1.34704,1.34734,1.34727,1.34742,1.34727,285
2016-11-23 17:01:00,2016-11-23 17:02:00,1.34704,1.34718,1.34722,1.34698,1.34727,1.34742,1.34747,1.3472,365
2016-11-23 17:02:00,2016-11-23 17:03:00,1.34718,1.34763,1.34764,1.34718,1.34742,1.34785,1.34787,1.34743,268
2016-11-23 17:03:00,2016-11-23 17:04:00,1.34763,1.34777,1.34777,1.34747,1.34785,1.34798,1.34799,1.34769,414
2016-11-23 17:04:00,2016-11-23 17:05:00,1.34777,1.34743,1.34778,1.3474,1.34798,1.34761,1.348,1.34761,409
2016-11-23 17:05:00,2016-11-23 17:06:00,1.34743,1.34744,1.34766,1.34736,1.34761,1.34767,1.34787,1.34755,337
2016-11-23 17:06:00,2016-11-23 17:07:00,1.34744,1.34735,1.34749,1.34731,1.34767,1.3476,1.34771,1.34751,272
2016-11-23 17:07:00,2016-11-23 17:08:00,1.34735,1.34712,1.34736,1.34705,1.3476,1.34735,1.34759,1.34727,390
2016-11-23 17:08:00,2016-11-23 17:09:00,1.34712,1.34717,1.34728,1.34705,1.34735,1.34741,1.34751,1.34728,438
2016-11-23 17:09:00,2016-11-23 17:10:00,1.34717,1.34731,1.34741,1.34711,1.34741,1.34753,1.34761,1.34733,276
2016-11-23 17:10:00,2016-11-23 17:11:00,1.34731,1.34722,1.34735,1.34713,1.34753,1.34746,1.34758,1.34736,230
2016-11-23 17:11:00,2016-11-23 17:12:00,1.34722,1.34728,1.34734,1.34716,1.34746,1.34753,1.34758,1.3474,338
2016-11-23 17:12:00,2016-11-23 17:13:00,1.34728,1.34712,1.34731,1.3471,1.34753,1.34735,1.34753,1.34732,226
2016-11-23 17:13:00,2016-11-23 17:14:00,1.34712,1.34697,1.34713,1.34686,1.34735,1.34717,1.34735,1.34709,227
2016-11-23 17:14:00,2016-11-23 17:15:00,1.34697,1.34726,1.34726,1.34694,1.34717,1.34749,1.34749,1.34716,259
2016-11-23 17:15:00,2016-11-23 17:16:00,1.34726,1.34726,1.34737,1.34698,1.34749,1.34747,1.3476,1.3472,307
2016-11-23 17:16:00,2016-11-23 17:17:00,1.34726,1.3475,1.34753,1.3472,1.34747,1.34771,1.34777,1.34741,211
2016-11-23 17:17:00,2016-11-23 17:18:00,1.3475,1.34741,1.34751,1.34734,1.34771,1.34759,1.34772,1.34753,269
2016-11-23 17:18:00,2016-11-23 17:19:00,1.34741,1.34721,1.34739,1.34715,1.34759,1.34741,1.34759,1.3474,199
2016-11-23 17:19:00,2016-11-23 17:20:00,1.34721,1.34712,1.34731,1.34704,1.34741,1.34736,1.3475,1.34728,233
2016-11-23 17:20:00,2016-11-23 17:21:00,1.34712,1.3469,1.34714,1.34686,1.34736,1.34713,1.3474,1.34711,320
2016-11-23 17:21:00,2016-11-23 17:22:00,1.3469,1.34709,1.34713,1.34679,1.34713,1.34735,1.34737,1.34702,245
2016-11-23 17:22:00,2016-11-23 17:23:00,1.34709,1.34708,1.34722,1.34704,1.34735,1.34731,1.34745,1.34727,330
2016-11-23 17:23:00,2016-11-23 17:24:00,1.34708,1.34713,1.34721,1.34698,1.34731,1.34738,1.34744,1.34722,240
2016-11-23 17:24:00,2016-11-23 17:25:00,1.34713,1.34705,1.34716,1.34701,1.34738,1.34729,1.34739,1.34721,89
2016-11-23 17:25:00,2016-11-23 17:26:00,1.34705,1.34689,1.34707,1.34682,1.34729,1.34709,1.34729,1.34703,149
2016-11-23 17:26:00,2016-11-23 17:27:00,1.34689,1.34716,1.34719,1.34682,1.34709,1.34737,1.34742,1.34702,399
2016-11-23 17:27:00,2016-11-23 17:28:00,1.34716,1.34706,1.34718,1.34685,1.34737,1.34729,1.34738,1.34709,549
2016-11-23 17:28:00,2016-11-23 17:29:00,1.34706,1.34674,1.34709,1.3467,1.34729,1.34698,1.34729,1.3469,484
2016-11-23 17:29:00,2016-11-23 17:30:00,1.34674,1.34666,1.34678,1.3464,1.34698,1.34691,1.34699,1.34664,298
2016-11-23 17:30:00,2016-11-23 17:31:00,1.34666,1.34665,1.34673,1.34659,1.34691,1.34688,1.34696,1.34682,483
2016-11-23 17:31:00,2016-11-23 17:32:00,1.34665,1.34679,1.34688,1.34663,1.34688,1.34701,1.34712,1.34686,365
2016-11-23 17:32:00,2016-11-23 17:33:00,1.34679,1.34677,1.34692,1.34676,1.34701,1.347,1.34713,1.34699,217
2016-11-23 17:33:00,2016-11-23 17:34:00,1.34677,1.3469,1.34695,1.34676,1.347,1.34713,1.34713,1.34698,240
2016-11-23 17:34:00,2016-11-23 17:35:00,1.3469,1.34716,1.34721,1.34684,1.34713,1.34738,1.3474,1.34708,179
2016-11-23 17:35:00,2016-11-23 17:36:00,1.34716,1.34715,1.3472,1.34704,1.34738,1.34738,1.34741,1.34725,221
2016-11-23 17:36:00,2016-11-23 17:37:00,1.34715,1.34721,1.34722,1.34709,1.34738,1.34741,1.34742,1.34731,172
2016-11-23 17:37:00,2016-11-23 17:38:00,1.34721,1.34716,1.34731,1.3471,1.34741,1.34739,1.3475,1.34732,226
2016-11-23 17:38:00,2016-11-23 17:39:00,1.34716,1.34746,1.34746,1.34717,1.34739,1.34767,1.34768,1.34738,228
2016-11-23 17:39:00,2016-11-23 17:40:00,1.34746,1.34745,1.34748,1.34734,1.34767,1.34768,1.34768,1.34756,153
2016-11-23 17:40:00,2016-11-23 17:41:00,1.34745,1.34726,1.34747,1.34715,1.34768,1.34745,1.34768,1.34735,150
2016-11-23 17:41:00,2016-11-23 17:42:00,1.34726,1.34719,1.34727,1.34715,1.34745,1.34737,1.34748,1.34735,155
2016-11-23 17:42:00,2016-11-23 17:43:00,1.34719,1.34702,1.34725,1.34697,1.34737,1.34723,1.34746,1.34719,283
2016-11-23 17:43:00,2016-11-23 17:44:00,1.34702,1.34671,1.34702,1.34669,1.34723,1.34693,1.34725,1.34689,249
2016-11-23 17:44:00,2016-11-23 17:45:00,1.34671,1.34669,1.34691,1.34669,1.34693,1.34686,1.34712,1.34686,386
2016-11-23 17:45:00,2016-11-23 17:46:00,1.34669,1.34672,1.34685,1.34633,1.34686,1.34694,1.34709,1.34656,653
2016-11-23 17:46:00,2016-11-23 17:47:00,1.34672,1.3469,1.34691,1.34665,1.34694,1.34712,1.34712,1.34687,300
2016-11-23 17:47:00,2016-11-23 17:48:00,1.3469,1.34693,1.34698,1.34683,1.34712,1.34715,1.34722,1.34705,361
2016-11-23 17:48:00,2016-11-23 17:49:00,1.34693,1.34735,1.34736,1.3469,1.34715,1.34758,1.3476,1.34712,517
2016-11-23 17:49:00,2016-11-23 17:50:00,1.34735,1.34753,1.34766,1.34733,1.34758,1.34776,1.34788,1.34757,599
2016-11-23 17:50:00,2016-11-23 17:51:00,1.34753,1.34764,1.34781,1.34748,1.34776,1.34786,1.34803,1.34772,318
2016-11-23 17:51:00,2016-11-23 17:52:00,1.34764,1.34752,1.34765,1.34734,1.34786,1.34775,1.34787,1.34756,346
2016-11-23 17:52:00,2016-11-23 17:53:00,1.34752,1.34742,1.34757,1.34742,1.34775,1.34764,1.34779,1.34763,338
2016-11-23 17:53:00,2016-11-23 17:54:00,1.34742,1.34752,1.34759,1.3474,1.34764,1.34775,1.34781,1.34761,221
2016-11-23 17:54:00,2016-11-23 17:55:00,1.34752,1.34774,1.34786,1.34752,1.34775,1.34797,1.34805,1.34773,355
2016-11-23 17:55:00,2016-11-23 17:56:00,1.34774,1.3478,1.34791,1.34768,1.34797,1.34804,1.34812,1.34787,225
2016-11-23 17:56:00,2016-11-23 17:57:00,1.3478,1.348,1.34815,1.34776,1.34804,1.34819,1.34835,1.34798,260
2016-11-23 17:57:00,2016-11-23 17:58:00,1.348,1.34814,1.34815,1.34796,1.34819,1.34839,1.3484,1.3482,283
2016-11-23 17:58:00,2016-11-23 17:59:00,1.34814,1.34828,1.34831,1.34806,1.34839,1.34849,1.34853,1.34831,300
2016-11-23 17:59:00,2016-11-23 18:00:00,1.34828,1.3484,1.3484,1.34814,1.34849,1.34861,1.34861,1.34833,388
2016-11-23 18:00:00,2016-11-23 18:01:00,1.3484,1.34843,1.3485,1.34838,1.34861,1.34866,1.3487,1.3486,184
2016-11-23 18:01:00,2016-11-23 18:02:00,1.34843,1.34834,1.34856,1.3483,1.34866,1.34857,1.34877,1.34851,300
2016-11-23 18:02:00,2016-11-23 18:03:00,1.34834,1.34815,1.34857,1.34815,1.34857,1.34837,1.3488,1.34836,339
2016-11-23 18:03:00,2016-11-23 18:04:00,1.34815,1.3482,1.3482,1.34809,1.34837,1.34838,1.34839,1.34829,55
2016-11-23 18:04:00,2016-11-23 18:05:00,1.3482,1.34817,1.34831,1.34813,1.34838,1.34836,1.34849,1.34833,173
2016-11-23 18:05:00,2016-11-23 18:06:00,1.34817,1.34809,1.34818,1.34789,1.34836,1.34829,1.34837,1.34811,228
2016-11-23 18:06:00,2016-11-23 18:07:00,1.34809,1.34818,1.3483,1.34806,1.34829,1.3484,1.34853,1.34827,227
2016-11-23 18:07:00,2016-11-23 18:08:00,1.34818,1.34816,1.3483,1.34815,1.3484,1.34839,1.34853,1.34838,195
2016-11-23 18:08:00,2016-11-23 18:09:00,1.34816,1.34815,1.3482,1.34813,1.34839,1.34839,1.34844,1.34836,106
2016-11-23 18:09:00,2016-11-23 18:10:00,1.34815,1.3479,1.34819,1.3479,1.34839,1.34813,1.34843,1.34813,215
2016-11-23 18:10:00,2016-11-23 18:11:00,1.3479,1.34834,1.34834,1.3478,1.34813,1.34851,1.34852,1.34802,374
2016-11-23 18:11:00,2016-11-23 18:12:00,1.34834,1.34806,1.34835,1.34799,1.34851,1.34829,1.34854,1.34823,327
2016-11-23 18:12:00,2016-11-23 18:13:00,1.34806,1.34797,1.34809,1.34794,1.34829,1.34821,1.34833,1.34818,261
2016-11-23 18:13:00,2016-11-23 18:14:00,1.34797,1.34788,1.34802,1.34777,1.34821,1.34813,1.34824,1.34802,239
2016-11-23 18:14:00,2016-11-23 18:15:00,1.34788,1.34778,1.34789,1.34778,1.34813,1.34803,1.34814,1.34801,96
2016-11-23 18:15:00,2016-11-23 18:16:00,1.34778,1.34804,1.34814,1.34779,1.34803,1.3483,1.34839,1.34803,357
2016-11-23 18:16:00,2016-11-23 18:17:00,1.34804,1.34807,1.34812,1.34799,1.3483,1.34829,1.34836,1.34822,262
2016-11-23 18:17:00,2016-11-23 18:18:00,1.34807,1.34817,1.34819,1.34799,1.34829,1.34838,1.34839,1.34823,203
2016-11-23 18:18:00,2016-11-23 18:19:00,1.34817,1.34812,1.34826,1.34809,1.34838,1.34832,1.34848,1.34831,149
2016-11-23 18:19:00,2016-11-23 18:20:00,1.34812,1.34803,1.3481,1.34789,1.34832,1.34825,1.34832,1.3481,322
2016-11-23 18:20:00,2016-11-23 18:21:00,1.34803,1.3483,1.34837,1.34803,1.34825,1.34855,1.34861,1.34826,315
2016-11-23 18:21:00,2016-11-23 18:22:00,1.3483,1.34829,1.34847,1.34822,1.34855,1.34854,1.34868,1.34847,176
2016-11-23 18:22:00,2016-11-23 18:23:00,1.34829,1.34817,1.34836,1.34812,1.34854,1.3484,1.34859,1.34837,197
2016-11-23 18:23:00,2016-11-23 18:24:00,1.34817,1.34829,1.3483,1.34813,1.3484,1.34853,1.34854,1.34836,197
2016-11-23 18:24:00,2016-11-23 18:25:00,1.34829,1.34835,1.34838,1.34826,1.34853,1.34858,1.34861,1.34849,181
2016-11-23 18:25:00,2016-11-23 18:26:00,1.34835,1.34826,1.34835,1.34817,1.34858,1.3485,1.34859,1.34841,213
2016-11-23 18:26:00,2016-11-23 18:27:00,1.34826,1.3484,1.34847,1.34824,1.3485,1.34858,1.34868,1.34846,291
2016-11-23 18:27:00,2016-11-23 18:28:00,1.3484,1.34825,1.34854,1.34821,1.34858,1.34848,1.34875,1.34845,289
2016-11-23 18:28:00,2016-11-23 18:29:00,1.34825,1.34818,1.3483,1.34809,1.34848,1.34838,1.34852,1.34832,258
2016-11-23 18:29:00,2016-11-23 18:30:00,1.34818,1.34803,1.3482,1.34802,1.34838,1.34823,1.34839,1.34823,90
2016-11-23 18:30:00,2016-11-23 18:31:00,1.34803,1.34807,1.34808,1.34789,1.34823,1.34828,1.34831,1.34811,193
2016-11-23 18:31:00,2016-11-23 18:32:00,1.34807,1.34794,1.34806,1.34794,1.34828,1.34816,1.34828,1.34815,152
2016-11-23 18:32:00,2016-11-23 18:33:00,1.34794,1.34782,1.34794,1.34777,1.34816,1.34805,1.34816,1.34801,278
2016-11-23 18:33:00,2016-11-23 18:34:00,1.34782,1.34776,1.34792,1.34776,1.34805,1.34799,1.34814,1.34799,197
2016-11-23 18:34:00,2016-11-23 18:35:00,1.34776,1.34735,1.34776,1.34735,1.34799,1.34756,1.34798,1.34753,323
2016-11-23 18:35:00,2016-11-23 18:36:00,1.34735,1.3475,1.34754,1.34734,1.34756,1.34771,1.34776,1.34757,194
2016-11-23 18:36:00,2016-11-23 18:37:00,1.3475,1.34753,1.34756,1.34743,1.34771,1.34774,1.34774,1.34765,109
2016-11-23 18:37:00,2016-11-23 18:38:00,1.34753,1.34743,1.34753,1.34712,1.34774,1.34765,1.34775,1.34738,278
2016-11-23 18:38:00,2016-11-23 18:39:00,1.34743,1.34726,1.34743,1.34726,1.34765,1.34747,1.34766,1.34747,105
2016-11-23 18:39:00,2016-11-23 18:40:00,1.34726,1.34708,1.34726,1.34701,1.34747,1.34731,1.34747,1.34726,232
2016-11-23 18:40:00,2016-11-23 18:41:00,1.34708,1.34737,1.34737,1.34706,1.34731,1.34759,1.34759,1.34728,235
2016-11-23 18:41:00,2016-11-23 18:42:00,1.34737,1.34751,1.34756,1.34735,1.34759,1.34775,1.34779,1.34757,187
2016-11-23 18:42:00,2016-11-23 18:43:00,1.34751,1.34744,1.34752,1.34736,1.34775,1.34768,1.34775,1.34755,239
2016-11-23 18:43:00,2016-11-23 18:44:00,1.34744,1.34766,1.34772,1.34744,1.34768,1.3479,1.34795,1.34767,248
2016-11-23 18:44:00,2016-11-23 18:45:00,1.34766,1.34779,1.34791,1.34765,1.3479,1.34803,1.34817,1.3479,237
2016-11-23 18:45:00,2016-11-23 18:46:00,1.34779,1.348,1.34821,1.34778,1.34803,1.34826,1.34844,1.348,464
2016-11-23 18:46:00,2016-11-23 18:47:00,1.348,1.34832,1.34835,1.34799,1.34826,1.34854,1.3486,1.34821,215
2016-11-23 18:47:00,2016-11-23 18:48:00,1.34832,1.34821,1.3484,1.34819,1.34854,1.34845,1.34861,1.34843,158
2016-11-23 18:48:00,2016-11-23 18:49:00,1.34821,1.34797,1.34832,1.3479,1.34845,1.3482,1.34856,1.34813,328
2016-11-23 18:49:00,2016-11-23 18:50:00,1.34797,1.34784,1.34801,1.34779,1.3482,1.34806,1.34822,1.34801,241
2016-11-23 18:50:00,2016-11-23 18:51:00,1.34784,1.34798,1.34799,1.3478,1.34806,1.34822,1.34822,1.34801,265
2016-11-23 18:51:00,2016-11-23 18:52:00,1.34798,1.34806,1.34816,1.34796,1.34822,1.3483,1.34839,1.3482,195
2016-11-23 18:52:00,2016-11-23 18:53:00,1.34806,1.34818,1.34825,1.34806,1.3483,1.34839,1.34848,1.34829,374
2016-11-23 18:53:00,2016-11-23 18:54:00,1.34818,1.34814,1.34834,1.34805,1.34839,1.34837,1.34858,1.34829,189
2016-11-23 18:54:00,2016-11-23 18:55:00,1.34814,1.34824,1.34826,1.34809,1.34837,1.34847,1.34849,1.34833,157
2016-11-23 18:55:00,2016-11-23 18:56:00,1.34824,1.34841,1.34848,1.34824,1.34847,1.34864,1.34872,1.34847,129
2016-11-23 18:56:00,2016-11-23 18:57:00,1.34841,1.34853,1.34853,1.3484,1.34864,1.34877,1.3488,1.34863,96
2016-11-23 18:57:00,2016-11-23 18:58:00,1.34853,1.34832,1.34856,1.34832,1.34877,1.34861,1.34881,1.34855,182
2016-11-23 18:58:00,2016-11-23 18:59:00,1.34832,1.34802,1.34839,1.34802,1.34861,1.34833,1.34865,1.34833,212
2016-11-23 18:59:00,2016-11-23 19:00:00,1.34802,1.34852,1.34898,1.34803,1.34833,1.34877,1.3493,1.34833,459
2016-11-23 19:00:00,2016-11-23 19:01:00,1.34852,1.34753,1.34854,1.34724,1.34877,1.3478,1.34876,1.34748,1388
2016-11-23 19:01:00,2016-11-23 19:02:00,1.34753,1.34758,1.34783,1.3473,1.3478,1.34785,1.34812,1.34755,738
2016-11-23 19:02:00,2016-11-23 19:03:00,1.34758,1.34806,1.34822,1.34733,1.34785,1.34836,1.34848,1.34761,1020
2016-11-23 19:03:00,2016-11-23 19:04:00,1.34806,1.34823,1.34838,1.34791,1.34836,1.34851,1.34864,1.34818,1080
2016-11-23 19:04:00,2016-11-23 19:05:00,1.34823,1.34885,1.34895,1.34824,1.34851,1.34911,1.34923,1.34846,1248
2016-11-23 19:05:00,2016-11-23 19:06:00,1.34885,1.34873,1.3491,1.34869,1.34911,1.34894,1.34936,1.34889,1047
2016-11-23 19:06:00,2016-11-23 19:07:00,1.34873,1.34814,1.34878,1.34767,1.34894,1.34835,1.34904,1.34792,1685
2016-11-23 19:07:00,2016-11-23 19:08:00,1.34814,1.34794,1.34823,1.34769,1.34835,1.34818,1.34845,1.34794,1016
2016-11-23 19:08:00,2016-11-23 19:09:00,1.34794,1.34821,1.34823,1.34789,1.34818,1.34846,1.34847,1.34813,604
2016-11-23 19:09:00,2016-11-23 19:10:00,1.34821,1.34771,1.34822,1.34742,1.34846,1.34796,1.34846,1.34766,1067
2016-11-23 19:10:00,2016-11-23 19:11:00,1.34771,1.34791,1.34826,1.3477,1.34796,1.34815,1.3485,1.34795,1081
2016-11-23 19:11:00,2016-11-23 19:12:00,1.34791,1.348,1.34836,1.34777,1.34815,1.34825,1.34859,1.34801,1133
2016-11-23 19:12:00,2016-11-23 19:13:00,1.348,1.34779,1.34813,1.34779,1.34825,1.34804,1.3484,1.34804,682
2016-11-23 19:13:00,2016-11-23 19:14:00,1.34779,1.34784,1.34794,1.34753,1.34804,1.34807,1.34821,1.34778,1100
2016-11-23 19:14:00,2016-11-23 19:15:00,1.34784,1.34777,1.34788,1.34743,1.34807,1.34801,1.34814,1.34766,1135
2016-11-23 19:15:00,2016-11-23 19:16:00,1.34777,1.34777,1.34787,1.34758,1.34801,1.34802,1.34811,1.34781,936
2016-11-23 19:16:00,2016-11-23 19:17:00,1.34777,1.34775,1.34785,1.34759,1.34802,1.34799,1.34807,1.34784,760
2016-11-23 19:17:00,2016-11-23 19:18:00,1.34775,1.34795,1.34825,1.34769,1.34799,1.34819,1.34849,1.34791,743
2016-11-23 19:18:00,2016-11-23 19:19:00,1.34795,1.34823,1.34826,1.34786,1.34819,1.34846,1.34849,1.3481,686
2016-11-23 19:19:00,2016-11-23 19:20:00,1.34823,1.34813,1.34823,1.34796,1.34846,1.34838,1.34845,1.3482,673
2016-11-23 19:20:00,2016-11-23 19:21:00,1.34813,1.34806,1.34817,1.34797,1.34838,1.3483,1.34841,1.34819,573
2016-11-23 19:21:00,2016-11-23 19:22:00,1.34806,1.34799,1.34808,1.34785,1.3483,1.34824,1.34832,1.34807,346
2016-11-23 19:22:00,2016-11-23 19:23:00,1.34799,1.34819,1.34824,1.34799,1.34824,1.34843,1.34849,1.34823,548
2016-11-23 19:23:00,2016-11-23 19:24:00,1.34819,1.34807,1.34864,1.34785,1.34843,1.34829,1.34888,1.34809,1313
2016-11-23 19:24:00,2016-11-23 19:25:00,1.34807,1.34819,1.34843,1.34803,1.34829,1.3484,1.34867,1.34826,730
2016-11-23 19:25:00,2016-11-23 19:26:00,1.34819,1.348,1.34829,1.34784,1.3484,1.34824,1.34852,1.34808,826
2016-11-23 19:26:00,2016-11-23 19:27:00,1.348,1.34814,1.34836,1.34796,1.34824,1.34839,1.3486,1.34821,800
2016-11-23 19:27:00,2016-11-23 19:28:00,1.34814,1.34823,1.34845,1.34805,1.34839,1.34846,1.34869,1.34828,831
2016-11-23 19:28:00,2016-11-23 19:29:00,1.34823,1.34831,1.34839,1.34821,1.34846,1.34856,1.34861,1.34845,626
2016-11-23 19:29:00,2016-11-23 19:30:00,1.34831,1.3485,1.34852,1.34823,1.34856,1.34875,1.34876,1.34847,528
2016-11-23 19:30:00,2016-11-23 19:31:00,1.3485,1.34844,1.34854,1.34842,1.34875,1.34864,1.34877,1.34863,256
2016-11-23 19:31:00,2016-11-23 19:32:00,1.34844,1.34874,1.34882,1.34842,1.34864,1.34893,1.34905,1.34864,626
2016-11-23 19:32:00,2016-11-23 19:33:00,1.34874,1.34873,1.34881,1.34869,1.34893,1.34894,1.34904,1.3489,304
2016-11-23 19:33:00,2016-11-23 19:34:00,1.34873,1.34869,1.34874,1.34861,1.34894,1.34896,1.34898,1.34886,211
2016-11-23 19:34:00,2016-11-23 19:35:00,1.34869,1.34869,1.34874,1.34859,1.34896,1.34895,1.349,1.34884,207
2016-11-23 19:35:00,2016-11-23 19:36:00,1.34869,1.34883,1.34893,1.34852,1.34895,1.34908,1.34918,1.34877,459
2016-11-23 19:36:00,2016-11-23 19:37:00,1.34883,1.3487,1.34895,1.34867,1.34908,1.34893,1.3492,1.34892,515
2016-11-23 19:37:00,2016-11-23 19:38:00,1.3487,1.34878,1.34888,1.34867,1.34893,1.34901,1.34915,1.34892,360
2016-11-23 19:38:00,2016-11-23 19:39:00,1.34878,1.34884,1.34897,1.34878,1.34901,1.34907,1.3492,1.34902,599
2016-11-23 19:39:00,2016-11-23 19:40:00,1.34884,1.34876,1.34895,1.3487,1.34907,1.34901,1.34921,1.34895,342
2016-11-23 19:40:00,2016-11-23 19:41:00,1.34876,1.34889,1.34889,1.34876,1.34901,1.34916,1.34916,1.349,179
2016-11-23 19:41:00,2016-11-23 19:42:00,1.34889,1.34881,1.34895,1.3486,1.34916,1.34903,1.34918,1.34882,293
2016-11-23 19:42:00,2016-11-23 19:43:00,1.34881,1.34881,1.34884,1.34881,1.34903,1.34902,1.34906,1.34901,44
2016-11-23 19:43:00,2016-11-23 19:44:00,1.34881,1.34884,1.34892,1.3488,1.34902,1.34907,1.34916,1.349,148
2016-11-23 19:44:00,2016-11-23 19:45:00,1.34884,1.34887,1.34895,1.34879,1.34907,1.34912,1.34916,1.34901,301
2016-11-23 19:45:00,2016-11-23 19:46:00,1.34887,1.34876,1.34893,1.34876,1.34912,1.34899,1.34918,1.34899,190
2016-11-23 19:46:00,2016-11-23 19:47:00,1.34876,1.34883,1.34885,1.34871,1.34899,1.34904,1.34911,1.34894,157
2016-11-23 19:47:00,2016-11-23 19:48:00,1.34883,1.34897,1.34899,1.34879,1.34904,1.34924,1.34924,1.34903,189
2016-11-23 19:48:00,2016-11-23 19:49:00,1.34897,1.34891,1.34898,1.34886,1.34924,1.34915,1.34924,1.3491,194
2016-11-23 19:49:00,2016-11-23 19:50:00,1.34891,1.34888,1.34891,1.34887,1.34915,1.34913,1.34915,1.3491,75
2016-11-23 19:50:00,2016-11-23 19:51:00,1.34888,1.3488,1.34889,1.34868,1.34913,1.34904,1.34913,1.34892,148
2016-11-23 19:51:00,2016-11-23 19:52:00,1.3488,1.34868,1.34882,1.34868,1.34904,1.34894,1.34904,1.34891,121
2016-11-23 19:52:00,2016-11-23 19:53:00,1.34868,1.34868,1.34878,1.34868,1.34894,1.34894,1.34903,1.34892,133
2016-11-23 19:53:00,2016-11-23 19:54:00,1.34868,1.34875,1.34886,1.34859,1.34894,1.34899,1.34911,1.34883,257
2016-11-23 19:54:00,2016-11-23 19:55:00,1.34875,1.34872,1.34889,1.34862,1.34899,1.34895,1.34914,1.34886,319
2016-11-23 19:55:00,2016-11-23 19:56:00,1.34872,1.34865,1.34885,1.34861,1.34895,1.34886,1.3491,1.34883,337
2016-11-23 19:56:00,2016-11-23 19:57:00,1.34865,1.34874,1.3488,1.34863,1.34886,1.34897,1.34903,1.34884,219
2016-11-23 19:57:00,2016-11-23 19:58:00,1.34874,1.34883,1.34883,1.3487,1.34897,1.34906,1.34906,1.34893,172
2016-11-23 19:58:00,2016-11-23 19:59:00,1.34883,1.34898,1.34907,1.34882,1.34906,1.3492,1.34931,1.34905,584
2016-11-23 19:59:00,2016-11-23 20:00:00,1.34898,1.34927,1.34927,1.34897,1.3492,1.34948,1.34948,1.34918,376
2016-11-23 20:00:00,2016-11-23 20:01:00,1.34927,1.34948,1.3495,1.34925,1.34948,1.34969,1.34972,1.34946,278
2016-11-23 20:01:00,2016-11-23 20:02:00,1.34948,1.34942,1.34948,1.34936,1.34969,1.34966,1.3497,1.34959,258
2016-11-23 20:02:00,2016-11-23 20:03:00,1.34942,1.34932,1.34956,1.34929,1.34966,1.34955,1.3498,1.34953,322
2016-11-23 20:03:00,2016-11-23 20:04:00,1.34932,1.34904,1.34935,1.34887,1.34955,1.34932,1.34957,1.34913,474
2016-11-23 20:04:00,2016-11-23 20:05:00,1.34904,1.34874,1.34906,1.34874,1.34932,1.34899,1.34932,1.34898,205
2016-11-23 20:05:00,2016-11-23 20:06:00,1.34874,1.34889,1.34891,1.3487,1.34899,1.34913,1.34914,1.34894,266
2016-11-23 20:06:00,2016-11-23 20:07:00,1.34889,1.3488,1.34891,1.34877,1.34913,1.34906,1.34916,1.34901,256
2016-11-23 20:07:00,2016-11-23 20:08:00,1.3488,1.34876,1.34886,1.34875,1.34906,1.34899,1.34911,1.34899,95
2016-11-23 20:08:00,2016-11-23 20:09:00,1.34876,1.34868,1.34877,1.34868,1.34899,1.34892,1.34902,1.34891,268
2016-11-23 20:09:00,2016-11-23 20:10:00,1.34868,1.34868,1.34876,1.34867,1.34892,1.34894,1.34901,1.34888,220
2016-11-23 20:10:00,2016-11-23 20:11:00,1.34868,1.34871,1.34871,1.34867,1.34894,1.34896,1.34896,1.3489,42
2016-11-23 20:11:00,2016-11-23 20:12:00,1.34871,1.34868,1.34871,1.34865,1.34896,1.34892,1.34896,1.34888,208
2016-11-23 20:12:00,2016-11-23 20:13:00,1.34868,1.3487,1.34873,1.34867,1.34892,1.34895,1.34896,1.34889,181
2016-11-23 20:13:00,2016-11-23 20:14:00,1.3487,1.3487,1.34875,1.34866,1.34895,1.34895,1.349,1.34891,234
2016-11-23 20:14:00,2016-11-23 20:15:00,1.3487,1.34882,1.34885,1.34867,1.34895,1.34906,1.34906,1.34891,82
2016-11-23 20:15:00,2016-11-23 20:16:00,1.34882,1.34851,1.34882,1.34841,1.34906,1.34874,1.34904,1.34864,125
2016-11-23 20:16:00,2016-11-23 20:17:00,1.34851,1.3486,1.34861,1.34846,1.34874,1.34877,1.34882,1.34867,105
2016-11-23 20:17:00,2016-11-23 20:18:00,1.3486,1.34863,1.3487,1.34859,1.34877,1.34886,1.34889,1.34878,51
2016-11-23 20:18:00,2016-11-23 20:19:00,1.34863,1.34879,1.34882,1.34863,1.34886,1.34903,1.34903,1.34885,59
2016-11-23 20:19:00,2016-11-23 20:20:00,1.34879,1.34872,1.34881,1.34868,1.34903,1.34893,1.34903,1.3489,95
2016-11-23 20:20:00,2016-11-23 20:21:00,1.34872,1.34864,1.34872,1.34859,1.34893,1.34885,1.34894,1.34882,163
2016-11-23 20:21:00,2016-11-23 20:22:00,1.34864,1.34872,1.34872,1.3486,1.34885,1.34892,1.34892,1.34883,53
2016-11-23 20:22:00,2016-11-23 20:23:00,1.34872,1.34872,1.34883,1.34862,1.34892,1.34898,1.34905,1.34886,199
2016-11-23 20:23:00,2016-11-23 20:24:00,1.34872,1.3487,1.34874,1.34866,1.34898,1.34895,1.34899,1.34892,154
2016-11-23 20:24:00,2016-11-23 20:25:00,1.3487,1.34872,1.34877,1.34868,1.34895,1.34898,1.34904,1.34892,155
2016-11-23 20:25:00,2016-11-23 20:26:00,1.34872,1.3487,1.34875,1.34867,1.34898,1.34896,1.34899,1.3489,239
2016-11-23 20:26:00,2016-11-23 20:27:00,1.3487,1.34869,1.34877,1.34868,1.34896,1.34893,1.34903,1.34891,154
2016-11-23 20:27:00,2016-11-23 20:28:00,1.34869,1.34875,1.34877,1.3486,1.34893,1.34899,1.34902,1.34886,215
2016-11-23 20:28:00,2016-11-23 20:29:00,1.34875,1.34873,1.3488,1.3487,1.34899,1.34897,1.34904,1.34894,327
2016-11-23 20:29:00,2016-11-23 20:30:00,1.34873,1.34867,1.34876,1.34867,1.34897,1.34893,1.34901,1.34893,289
2016-11-23 20:30:00,2016-11-23 20:31:00,1.34867,1.3487,1.34872,1.34867,1.34893,1.34893,1.34895,1.34892,46
2016-11-23 20:31:00,2016-11-23 20:32:00,1.3487,1.34871,1.34881,1.34867,1.34893,1.34891,1.34904,1.34891,184
2016-11-23 20:32:00,2016-11-23 20:33:00,1.34871,1.34872,1.34875,1.34865,1.34891,1.34897,1.349,1.34887,111
2016-11-23 20:33:00,2016-11-23 20:34:00,1.34872,1.34872,1.34875,1.3487,1.34897,1.34893,1.34899,1.34892,164
2016-11-23 20:34:00,2016-11-23 20:35:00,1.34872,1.34871,1.34873,1.34869,1.34893,1.34894,1.34896,1.34891,70
2016-11-23 20:35:00,2016-11-23 20:36:00,1.34871,1.34879,1.3488,1.3487,1.34894,1.34903,1.34903,1.34893,100
2016-11-23 20:36:00,2016-11-23 20:37:00,1.34879,1.34893,1.34899,1.34876,1.34903,1.34916,1.34924,1.349,207
2016-11-23 20:37:00,2016-11-23 20:38:00,1.34893,1.349,1.34902,1.34893,1.34916,1.34924,1.34925,1.34915,84
2016-11-23 20:38:00,2016-11-23 20:39:00,1.349,1.34908,1.34908,1.349,1.34924,1.34933,1.34934,1.34923,77
2016-11-23 20:39:00,2016-11-23 20:40:00,1.34908,1.34907,1.34909,1.34903,1.34933,1.34932,1.34933,1.34926,140
2016-11-23 20:40:00,2016-11-23 20:41:00,1.34907,1.34908,1.34918,1.3489,1.34932,1.34931,1.34942,1.34911,190
2016-11-23 20:41:00,2016-11-23 20:42:00,1.34908,1.3491,1.34912,1.3491,1.34931,1.34931,1.34935,1.3493,29
2016-11-23 20:42:00,2016-11-23 20:43:00,1.3491,1.34912,1.34917,1.34911,1.34931,1.34937,1.34938,1.3493,85
2016-11-23 20:43:00,2016-11-23 20:44:00,1.34912,1.34917,1.34917,1.34912,1.34937,1.3494,1.34942,1.34937,57
2016-11-23 20:44:00,2016-11-23 20:45:00,1.34917,1.34917,1.34917,1.34917,1.3494,1.3494,1.34942,1.34937,30
2016-11-23 20:45:00,2016-11-23 20:46:00,1.34917,1.34927,1.34929,1.34917,1.3494,1.34949,1.34952,1.34939,42
2016-11-23 20:46:00,2016-11-23 20:47:00,1.34927,1.34923,1.34927,1.34922,1.34949,1.34947,1.3495,1.34944,78
2016-11-23 20:47:00,2016-11-23 20:48:00,1.34923,1.34917,1.34925,1.34917,1.34947,1.3494,1.34949,1.34939,95
2016-11-23 20:48:00,2016-11-23 20:49:00,1.34917,1.34934,1.34935,1.34912,1.3494,1.34956,1.34958,1.34935,131
2016-11-23 20:49:00,2016-11-23 20:50:00,1.34934,1.34943,1.34943,1.34934,1.34956,1.34966,1.34966,1.34953,124
2016-11-23 20:50:00,2016-11-23 20:51:00,1.34943,1.34944,1.34951,1.3494,1.34966,1.34966,1.34974,1.34961,169
2016-11-23 20:51:00,2016-11-23 20:52:00,1.34944,1.34943,1.34946,1.3494,1.34966,1.34967,1.34969,1.34965,186
2016-11-23 20:52:00,2016-11-23 20:53:00,1.34943,1.34962,1.34969,1.34942,1.34967,1.34987,1.3499,1.34966,246
2016-11-23 20:53:00,2016-11-23 20:54:00,1.34962,1.34961,1.34963,1.34951,1.34987,1.34984,1.34986,1.34973,128
2016-11-23 20:54:00,2016-11-23 20:55:00,1.34961,1.34954,1.34964,1.34952,1.34984,1.34976,1.34986,1.34975,198
2016-11-23 20:55:00,2016-11-23 20:56:00,1.34954,1.34964,1.34973,1.34953,1.34976,1.34985,1.34997,1.34973,226
2016-11-23 20:56:00,2016-11-23 20:57:00,1.34964,1.34964,1.34978,1.34963,1.34985,1.34987,1.34999,1.34982,152
2016-11-23 20:57:00,2016-11-23 20:58:00,1.34964,1.34971,1.34973,1.3496,1.34987,1.34991,1.34991,1.34982,205
2016-11-23 20:58:00,2016-11-23 20:59:00,1.34971,1.34955,1.34974,1.34936,1.34991,1.3498,1.34993,1.3496,525
2016-11-23 20:59:00,2016-11-23 21:00:00,1.34955,1.34954,1.34957,1.34932,1.3498,1.34973,1.34981,1.34952,489
2016-11-23 21:00:00,2016-11-23 21:01:00,1.34954,1.34956,1.34964,1.34952,1.34973,1.34983,1.34985,1.34968,331
2016-11-23 21:01:00,2016-11-23 21:02:00,1.34956,1.34958,1.34963,1.34956,1.34983,1.34983,1.34987,1.34975,284
2016-11-23 21:02:00,2016-11-23 21:03:00,1.34958,1.34952,1.34959,1.3495,1.34983,1.34976,1.34983,1.34975,54
2016-11-23 21:03:00,2016-11-23 21:04:00,1.34952,1.34953,1.34957,1.3495,1.34976,1.3498,1.34981,1.34974,134
2016-11-23 21:04:00,2016-11-23 21:05:00,1.34953,1.34956,1.34958,1.34954,1.3498,1.34982,1.34983,1.34978,104
2016-11-23 21:05:00,2016-11-23 21:06:00,1.34956,1.3496,1.34963,1.34954,1.34982,1.34986,1.34986,1.34979,137
2016-11-23 21:06:00,2016-11-23 21:07:00,1.3496,1.34968,1.34969,1.34957,1.34986,1.3499,1.34995,1.34983,193
2016-11-23 21:07:00,2016-11-23 21:08:00,1.34968,1.34968,1.34969,1.34966,1.3499,1.34989,1.34992,1.34987,50
2016-11-23 21:08:00,2016-11-23 21:09:00,1.34968,1.34961,1.34968,1.34959,1.34989,1.34985,1.34994,1.34984,372
2016-11-23 21:09:00,2016-11-23 21:10:00,1.34961,1.34958,1.34964,1.34958,1.34985,1.34983,1.34989,1.34982,584
2016-11-23 21:10:00,2016-11-23 21:11:00,1.34958,1.34959,1.34961,1.34953,1.34983,1.34982,1.34984,1.34976,165
2016-11-23 21:11:00,2016-11-23 21:12:00,1.34959,1.34966,1.34966,1.34959,1.34982,1.34985,1.34988,1.34981,138
2016-11-23 21:12:00,2016-11-23 21:13:00,1.34966,1.34963,1.34966,1.34962,1.34985,1.34984,1.34988,1.34983,339
2016-11-23 21:13:00,2016-11-23 21:14:00,1.34963,1.34959,1.34963,1.34957,1.34984,1.34979,1.34986,1.34977,150
2016-11-23 21:14:00,2016-11-23 21:15:00,1.34959,1.34955,1.34961,1.34955,1.34979,1.34979,1.34981,1.34977,52
2016-11-23 21:15:00,2016-11-23 21:16:00,1.34955,1.34953,1.34955,1.34953,1.34979,1.34973,1.3498,1.34973,20
2016-11-23 21:16:00,2016-11-23 21:17:00,1.34953,1.34943,1.34953,1.34941,1.34973,1.34969,1.34973,1.34963,63
2016-11-23 21:17:00,2016-11-23 21:18:00,1.34943,1.34938,1.34946,1.34937,1.34969,1.3496,1.34971,1.3496,66
2016-11-23 21:18:00,2016-11-23 21:19:00,1.34938,1.34932,1.34946,1.34932,1.3496,1.34956,1.34968,1.34954,126
2016-11-23 21:19:00,2016-11-23 21:20:00,1.34932,1.34925,1.34933,1.34924,1.34956,1.34949,1.34955,1.34947,48
2016-11-23 21:20:00,2016-11-23 21:21:00,1.34925,1.34925,1.34929,1.34923,1.34949,1.34948,1.34951,1.34947,163
2016-11-23 21:21:00,2016-11-23 21:22:00,1.34925,1.34926,1.34928,1.34922,1.34948,1.34949,1.34949,1.34944,65
2016-11-23 21:22:00,2016-11-23 21:23:00,1.34926,1.34932,1.34935,1.34915,1.34949,1.34959,1.3496,1.34937,166
2016-11-23 21:23:00,2016-11-23 21:24:00,1.34932,1.34927,1.34934,1.3492,1.34959,1.34952,1.3496,1.34947,253
2016-11-23 21:24:00,2016-11-23 21:25:00,1.34927,1.34915,1.34928,1.34913,1.34952,1.34939,1.34952,1.34938,147
2016-11-23 21:25:00,2016-11-23 21:26:00,1.34915,1.34914,1.34918,1.34912,1.34939,1.34937,1.34943,1.34936,40
2016-11-23 21:26:00,2016-11-23 21:27:00,1.34914,1.34921,1.34925,1.34913,1.34937,1.34948,1.3495,1.34939,40
2016-11-23 21:27:00,2016-11-23 21:28:00,1.34921,1.3493,1.34936,1.34921,1.34948,1.34956,1.34961,1.34946,98
2016-11-23 21:28:00,2016-11-23 21:29:00,1.3493,1.3493,1.34939,1.34923,1.34956,1.34958,1.34962,1.3495,142
2016-11-23 21:29:00,2016-11-23 21:30:00,1.3493,1.34939,1.34943,1.34928,1.34958,1.34966,1.3497,1.34955,182
2016-11-23 21:30:00,2016-11-23 21:31:00,1.34939,1.34929,1.3494,1.34921,1.34966,1.34957,1.34968,1.34947,281
2016-11-23 21:31:00,2016-11-23 21:32:00,1.34929,1.34939,1.34944,1.34926,1.34957,1.34964,1.34966,1.34955,676
2016-11-23 21:32:00,2016-11-23 21:33:00,1.34939,1.3494,1.34942,1.34939,1.34964,1.34967,1.34968,1.34964,128
2016-11-23 21:33:00,2016-11-23 21:34:00,1.3494,1.34929,1.34942,1.34927,1.34967,1.3495,1.34969,1.34949,69
2016-11-23 21:34:00,2016-11-23 21:35:00,1.34929,1.34927,1.3493,1.34925,1.3495,1.34954,1.34954,1.34947,65
2016-11-23 21:35:00,2016-11-23 21:36:00,1.34927,1.34912,1.34931,1.3491,1.34954,1.34934,1.34955,1.34932,119
2016-11-23 21:36:00,2016-11-23 21:37:00,1.34912,1.34906,1.34914,1.34904,1.34934,1.34926,1.34934,1.34926,33
2016-11-23 21:37:00,2016-11-23 21:38:00,1.34906,1.34908,1.34909,1.34905,1.34926,1.3493,1.3493,1.34925,32
2016-11-23 21:38:00,2016-11-23 21:39:00,1.34908,1.34905,1.34912,1.34904,1.3493,1.34927,1.34934,1.34926,31
2016-11-23 21:39:00,2016-11-23 21:40:00,1.34905,1.34907,1.34909,1.34904,1.34927,1.34929,1.34931,1.34928,24
2016-11-23 21:40:00,2016-11-23 21:41:00,1.34907,1.34915,1.34916,1.34901,1.34929,1.34933,1.34933,1.34922,54
2016-11-23 21:41:00,2016-11-23 21:42:00,1.34915,1.34912,1.34914,1.3491,1.34933,1.34932,1.34935,1.34931,21
2016-11-23 21:42:00,2016-11-23 21:43:00,1.34912,1.34911,1.34922,1.3491,1.34932,1.34934,1.34938,1.34933,78
2016-11-23 21:43:00,2016-11-23 21:44:00,1.34911,1.3491,1.34911,1.34909,1.34934,1.34933,1.34933,1.34931,33
2016-11-23 21:44:00,2016-11-23 21:45:00,1.3491,1.3491,1.34914,1.34908,1.34933,1.34933,1.34935,1.3493,37
2016-11-23 21:45:00,2016-11-23 21:46:00,1.3491,1.34912,1.34916,1.34906,1.34933,1.34933,1.34937,1.34927,82
2016-11-23 21:46:00,2016-11-23 21:47:00,1.34912,1.34913,1.34919,1.34911,1.34933,1.34932,1.34934,1.34932,58
2016-11-23 21:47:00,2016-11-23 21:48:00,1.34913,1.34912,1.34917,1.3491,1.34932,1.34937,1.3494,1.34932,74
2016-11-23 21:48:00,2016-11-23 21:49:00,1.34912,1.34911,1.34914,1.34911,1.34937,1.34936,1.34939,1.34936,21
2016-11-23 21:49:00,2016-11-23 21:50:00,1.34911,1.34912,1.34916,1.34911,1.34936,1.34937,1.34939,1.34936,89
2016-11-23 21:50:00,2016-11-23 21:51:00,1.34912,1.3491,1.34917,1.34909,1.34937,1.34933,1.34939,1.34933,107
2016-11-23 21:51:00,2016-11-23 21:52:00,1.3491,1.34905,1.34914,1.34905,1.34933,1.3493,1.34939,1.3493,67
2016-11-23 21:52:00,2016-11-23 21:53:00,1.34905,1.34905,1.34915,1.34905,1.3493,1.34928,1.34939,1.34928,85
2016-11-23 21:53:00,2016-11-23 21:54:00,1.34905,1.3492,1.3492,1.34904,1.34928,1.34944,1.34944,1.34927,106
2016-11-23 21:54:00,2016-11-23 21:55:00,1.3492,1.34904,1.34923,1.34903,1.34944,1.3493,1.34948,1.34929,63
2016-11-23 21:55:00,2016-11-23 21:56:00,1.34904,1.34875,1.34906,1.34873,1.3493,1.34898,1.3493,1.34893,109
2016-11-23 21:56:00,2016-11-23 21:57:00,1.34875,1.34858,1.34877,1.34857,1.34898,1.34884,1.34898,1.3488,137
2016-11-23 21:57:00,2016-11-23 21:58:00,1.34858,1.34857,1.34857,1.3484,1.34884,1.34882,1.34883,1.34867,218
2016-11-23 21:58:00,2016-11-23 21:59:00,1.34857,1.34867,1.34869,1.34846,1.34882,1.34893,1.34895,1.34872,346
2016-11-23 21:59:00,2016-11-23 22:00:00,1.34867,1.34872,1.34872,1.34868,1.34893,1.3492,1.34944,1.34893,7
2016-11-23 22:00:00,2016-11-23 22:01:00,1.34872,1.34878,1.34881,1.34871,1.3492,1.34928,1.34931,1.3492,10
2016-11-23 22:01:00,2016-11-23 22:02:00,1.34878,1.34871,1.34878,1.34871,1.34928,1.34934,1.34934,1.34924,10
2016-11-23 22:02:00,2016-11-23 22:03:00,1.34871,1.34872,1.34872,1.34871,1.34934,1.34934,1.34934,1.34933,2
2016-11-23 22:03:00,2016-11-23 22:04:00,1.34872,1.34874,1.34874,1.34874,1.34934,1.34921,1.34921,1.34921,1
2016-11-23 22:04:00,2016-11-23 22:05:00,1.34874,1.3482,1.34886,1.34818,1.34921,1.34889,1.3496,1.34881,22
2016-11-23 22:05:00,2016-11-23 22:06:00,1.3482,1.34832,1.34844,1.34817,1.34889,1.34883,1.34912,1.34871,24
2016-11-23 22:06:00,2016-11-23 22:07:00,1.34832,1.34832,1.34832,1.34829,1.34883,1.34892,1.34903,1.34883,12
2016-11-23 22:07:00,2016-11-23 22:08:00,1.34832,1.34843,1.34843,1.34817,1.34892,1.3491,1.3492,1.34861,37
2016-11-23 22:08:00,2016-11-23 22:09:00,1.34843,1.34841,1.34849,1.34827,1.3491,1.34892,1.34927,1.34867,36
2016-11-23 22:09:00,2016-11-23 22:10:00,1.34841,1.34839,1.34841,1.34825,1.34892,1.34887,1.34904,1.3487,21
2016-11-23 22:10:00,2016-11-23 22:11:00,1.34839,1.34839,1.34841,1.34827,1.34887,1.34897,1.34897,1.34874,17
2016-11-23 22:11:00,2016-11-23 22:12:00,1.34839,1.34871,1.34871,1.34837,1.34897,1.34948,1.34948,1.34894,13
2016-11-23 22:12:00,2016-11-23 22:13:00,1.34871,1.3486,1.34871,1.34851,1.34948,1.34948,1.34949,1.34928,22
2016-11-23 22:13:00,2016-11-23 22:14:00,1.3486,1.3486,1.3486,1.34849,1.34948,1.34943,1.34948,1.34918,16
2016-11-23 22:14:00,2016-11-23 22:15:00,1.3486,1.34878,1.34878,1.34857,1.34943,1.34939,1.34942,1.34938,14
2016-11-23 22:15:00,2016-11-23 22:16:00,1.34878,1.34868,1.34882,1.34868,1.34939,1.34948,1.3495,1.34933,12
2016-11-23 22:16:00,2016-11-23 22:17:00,1.34868,1.34869,1.34869,1.34868,1.34948,1.34948,1.34948,1.34947,3
2016-11-23 22:17:00,2016-11-23 22:18:00,1.34869,1.34874,1.34883,1.34868,1.34948,1.3494,1.34949,1.34938,13
2016-11-23 22:18:00,2016-11-23 22:19:00,1.34874,1.34866,1.34875,1.34866,1.3494,1.34938,1.3494,1.34938,7
2016-11-23 22:19:00,2016-11-23 22:20:00,1.34866,1.34875,1.34875,1.34866,1.34938,1.34938,1.34938,1.34937,10
2016-11-23 22:20:00,2016-11-23 22:21:00,1.34875,1.34874,1.34875,1.34874,1.34938,1.34938,1.34939,1.34938,5
2016-11-23 22:21:00,2016-11-23 22:22:00,1.34874,1.34886,1.34886,1.34874,1.34938,1.34968,1.34968,1.3494,8
2016-11-23 22:22:00,2016-11-23 22:23:00,1.34886,1.34881,1.34891,1.34881,1.34968,1.34971,1.34975,1.34968,11
2016-11-23 22:23:00,2016-11-23 22:25:00,1.34881,1.34881,1.34891,1.3488,1.34971,1.34972,1.34972,1.34968,3
2016-11-23 22:25:00,2016-11-23 22:26:00,1.34881,1.34881,1.34881,1.34878,1.34972,1.34972,1.34972,1.34968,3
2016-11-23 22:26:00,2016-11-23 22:27:00,1.34881,1.34881,1.34881,1.34881,1.34972,1.34968,1.34968,1.34968,1
2016-11-23 22:27:00,2016-11-23 22:28:00,1.34881,1.34881,1.34881,1.34878,1.34968,1.34972,1.34972,1.34968,2
2016-11-23 22:28:00,2016-11-23 22:29:00,1.34881,1.34889,1.34889,1.3488,1.34972,1.34971,1.34972,1.34965,6
2016-11-23 22:29:00,2016-11-23 22:30:00,1.34889,1.34897,1.34899,1.34879,1.34971,1.34976,1.34979,1.34971,14
2016-11-23 22:30:00,2016-11-23 22:31:00,1.34897,1.34906,1.34917,1.349,1.34976,1.34993,1.34997,1.34976,16
2016-11-23 22:31:00,2016-11-23 22:32:00,1.34906,1.34896,1.34906,1.34896,1.34993,1.34988,1.34992,1.34985,6
2016-11-23 22:32:00,2016-11-23 22:33:00,1.34896,1.34901,1.34921,1.34897,1.34988,1.34988,1.34996,1.34982,26
2016-11-23 22:33:00,2016-11-23 22:34:00,1.34901,1.34889,1.34901,1.34889,1.34988,1.34975,1.34989,1.34975,7
2016-11-23 22:34:00,2016-11-23 22:35:00,1.34889,1.34888,1.34889,1.34888,1.34975,1.34973,1.34975,1.34973,4
2016-11-23 22:35:00,2016-11-23 22:37:00,1.34888,1.34826,1.34889,1.34826,1.34973,1.34887,1.34968,1.34887,52
2016-11-23 22:37:00,2016-11-23 22:38:00,1.34826,1.34834,1.34881,1.34813,1.34887,1.34886,1.34974,1.34861,115
2016-11-23 22:38:00,2016-11-23 22:39:00,1.34834,1.34923,1.34954,1.34834,1.34886,1.35024,1.35042,1.34886,184
2016-11-23 22:39:00,2016-11-23 22:40:00,1.34923,1.3489,1.3493,1.34831,1.35024,1.34891,1.35031,1.34888,85
2016-11-23 22:40:00,2016-11-23 22:41:00,1.3489,1.34861,1.34938,1.3486,1.34891,1.34892,1.35041,1.34891,113
2016-11-23 22:41:00,2016-11-23 22:42:00,1.34861,1.34894,1.34895,1.34855,1.34892,1.34895,1.34895,1.34892,25
2016-11-23 22:42:00,2016-11-23 22:43:00,1.34894,1.34921,1.34931,1.34893,1.34895,1.34949,1.35015,1.34895,39
2016-11-23 22:43:00,2016-11-23 22:44:00,1.34921,1.34928,1.34931,1.34914,1.34949,1.35008,1.35008,1.34944,35
2016-11-23 22:44:00,2016-11-23 22:45:00,1.34928,1.34937,1.34939,1.34928,1.35008,1.35013,1.35016,1.35004,16
2016-11-23 22:45:00,2016-11-23 22:46:00,1.34937,1.34949,1.3495,1.34938,1.35013,1.35011,1.35011,1.35,7
2016-11-23 22:46:00,2016-11-23 22:47:00,1.34949,1.34948,1.34949,1.34948,1.35011,1.3501,1.3501,1.3501,2
2016-11-23 22:47:00,2016-11-23 22:48:00,1.34948,1.34938,1.34949,1.34938,1.3501,1.3501,1.3501,1.35009,3
2016-11-23 22:48:00,2016-11-23 22:49:00,1.34938,1.34939,1.3495,1.34939,1.3501,1.35011,1.35011,1.3501,5
2016-11-23 22:49:00,2016-11-23 22:51:00,1.34939,1.34953,1.34953,1.34943,1.35011,1.3501,1.35011,1.3501,3
2016-11-23 22:51:00,2016-11-23 22:52:00,1.34953,1.34866,1.34986,1.34865,1.3501,1.34897,1.35011,1.34897,85
2016-11-23 22:52:00,2016-11-23 22:53:00,1.34866,1.34871,1.3489,1.34848,1.34897,1.34908,1.34984,1.34897,190
2016-11-23 22:53:00,2016-11-23 22:54:00,1.34871,1.34969,1.34987,1.34864,1.34908,1.35039,1.35044,1.349,298
2016-11-23 22:54:00,2016-11-23 22:55:00,1.34969,1.34949,1.35011,1.34941,1.35039,1.34999,1.35042,1.3497,187
2016-11-23 22:55:00,2016-11-23 22:56:00,1.34949,1.3494,1.34957,1.34924,1.34999,1.35004,1.35006,1.3497,100
2016-11-23 22:56:00,2016-11-23 22:57:00,1.3494,1.34961,1.34972,1.3494,1.35004,1.34999,1.35001,1.34998,8
2016-11-23 22:57:00,2016-11-23 22:58:00,1.34961,1.34939,1.34964,1.34937,1.34999,1.34987,1.35019,1.34987,55
2016-11-23 22:58:00,2016-11-23 22:59:00,1.34939,1.34937,1.34994,1.34937,1.34987,1.34999,1.35032,1.34988,67
2016-11-23 22:59:00,2016-11-23 23:00:00,1.34937,1.34919,1.34952,1.34893,1.34999,1.3497,1.34992,1.34946,282
2016-11-23 23:00:00,2016-11-23 23:01:00,1.34919,1.34925,1.34925,1.34919,1.3497,1.34979,1.34982,1.34971,27
2016-11-23 23:01:00,2016-11-23 23:02:00,1.34925,1.34931,1.34931,1.34926,1.34979,1.34979,1.34979,1.34979,9
2016-11-23 23:02:00,2016-11-23 23:03:00,1.34931,1.34933,1.34935,1.34929,1.34979,1.34979,1.34979,1.34975,30
2016-11-23 23:03:00,2016-11-23 23:04:00,1.34933,1.34933,1.34933,1.3493,1.34979,1.34979,1.34979,1.34979,4
2016-11-23 23:04:00,2016-11-23 23:05:00,1.34933,1.34943,1.34943,1.34934,1.34979,1.3498,1.34982,1.34971,25
2016-11-23 23:05:00,2016-11-23 23:06:00,1.34943,1.34947,1.34947,1.34936,1.3498,1.34983,1.34983,1.34974,25
2016-11-23 23:06:00,2016-11-23 23:07:00,1.34947,1.34949,1.34949,1.34946,1.34983,1.34983,1.34984,1.3498,13
2016-11-23 23:07:00,2016-11-23 23:08:00,1.34949,1.34947,1.3495,1.34947,1.34983,1.34981,1.34983,1.3498,10
2016-11-23 23:08:00,2016-11-23 23:09:00,1.34947,1.34946,1.34946,1.34946,1.34981,1.34977,1.34978,1.34976,6
2016-11-23 23:09:00,2016-11-23 23:10:00,1.34946,1.34946,1.34946,1.34946,1.34977,1.34979,1.34979,1.34976,9
2016-11-23 23:10:00,2016-11-23 23:11:00,1.34946,1.34945,1.34946,1.34934,1.34979,1.34981,1.34981,1.34967,43
2016-11-23 23:11:00,2016-11-23 23:12:00,1.34945,1.34954,1.34955,1.34945,1.34981,1.34981,1.34988,1.3498,23
2016-11-23 23:12:00,2016-11-23 23:13:00,1.34954,1.34945,1.34954,1.34942,1.34981,1.3498,1.34982,1.34971,50
2016-11-23 23:13:00,2016-11-23 23:14:00,1.34945,1.34965,1.34965,1.34945,1.3498,1.35001,1.35001,1.34979,100
2016-11-23 23:14:00,2016-11-23 23:15:00,1.34965,1.34965,1.34965,1.34964,1.35001,1.35,1.35001,1.34999,5
2016-11-23 23:15:00,2016-11-23 23:16:00,1.34965,1.34967,1.34971,1.34959,1.35,1.35,1.35004,1.34994,76
2016-11-23 23:16:00,2016-11-23 23:17:00,1.34967,1.34967,1.34967,1.34967,1.35,1.35001,1.35001,1.35,3
2016-11-23 23:17:00,2016-11-23 23:18:00,1.34967,1.34969,1.34969,1.34965,1.35001,1.35001,1.35002,1.34999,12
2016-11-23 23:18:00,2016-11-23 23:19:00,1.34969,1.34971,1.34976,1.3497,1.35001,1.34999,1.35009,1.34999,37
2016-11-23 23:19:00,2016-11-23 23:20:00,1.34971,1.34994,1.35002,1.34972,1.34999,1.35029,1.35037,1.34999,158
2016-11-23 23:20:00,2016-11-23 23:21:00,1.34994,1.34999,1.35001,1.34992,1.35029,1.35031,1.35035,1.35028,99
2016-11-23 23:21:00,2016-11-23 23:22:00,1.34999,1.35006,1.35014,1.3499,1.35031,1.35042,1.35044,1.35025,205
2016-11-23 23:22:00,2016-11-23 23:23:00,1.35006,1.35002,1.35006,1.35001,1.35042,1.35038,1.35042,1.35035,23
2016-11-23 23:23:00,2016-11-23 23:24:00,1.35002,1.34998,1.35002,1.34995,1.35038,1.35035,1.35039,1.35033,46
2016-11-23 23:24:00,2016-11-23 23:25:00,1.34998,1.35002,1.35004,1.34993,1.35035,1.35039,1.35041,1.35033,134
2016-11-23 23:25:00,2016-11-23 23:26:00,1.35002,1.35004,1.35004,1.34996,1.35039,1.35041,1.35041,1.35036,20
2016-11-23 23:26:00,2016-11-23 23:27:00,1.35004,1.35002,1.35004,1.35002,1.35041,1.35036,1.35038,1.35036,4
2016-11-23 23:27:00,2016-11-23 23:28:00,1.35002,1.35006,1.35006,1.34998,1.35036,1.35042,1.35043,1.35035,24
2016-11-23 23:28:00,2016-11-23 23:29:00,1.35006,1.35021,1.35028,1.35006,1.35042,1.35057,1.35059,1.3504,163
2016-11-23 23:29:00,2016-11-23 23:30:00,1.35021,1.35028,1.35029,1.35018,1.35057,1.35052,1.3506,1.35046,144
2016-11-23 23:30:00,2016-11-23 23:31:00,1.35028,1.35038,1.35039,1.35027,1.35052,1.35065,1.3507,1.35051,87
2016-11-23 23:31:00,2016-11-23 23:32:00,1.35038,1.35037,1.3504,1.35032,1.35065,1.35061,1.35066,1.35058,117
2016-11-23 23:32:00,2016-11-23 23:33:00,1.35037,1.3506,1.35074,1.35032,1.35061,1.35094,1.35105,1.35057,221
2016-11-23 23:33:00,2016-11-23 23:34:00,1.3506,1.35044,1.35065,1.35039,1.35094,1.35078,1.35098,1.35066,147
2016-11-23 23:34:00,2016-11-23 23:35:00,1.35044,1.35044,1.35046,1.35036,1.35078,1.35078,1.35085,1.35073,43
2016-11-23 23:35:00,2016-11-23 23:36:00,1.35044,1.35045,1.35053,1.35042,1.35078,1.35077,1.35093,1.35073,98
2016-11-23 23:36:00,2016-11-23 23:37:00,1.35045,1.35049,1.35054,1.35045,1.35077,1.3508,1.35087,1.35077,89
2016-11-23 23:37:00,2016-11-23 23:38:00,1.35049,1.35049,1.35054,1.35045,1.3508,1.35081,1.35093,1.3508,40
2016-11-23 23:38:00,2016-11-23 23:39:00,1.35049,1.35065,1.35065,1.35047,1.35081,1.35096,1.35096,1.35083,113
2016-11-23 23:39:00,2016-11-23 23:40:00,1.35065,1.35049,1.35065,1.35046,1.35096,1.35085,1.35098,1.35085,86
2016-11-23 23:40:00,2016-11-23 23:41:00,1.35049,1.35041,1.3505,1.3504,1.35085,1.35076,1.35087,1.35076,73
2016-11-23 23:41:00,2016-11-23 23:42:00,1.35041,1.35038,1.35042,1.35031,1.35076,1.35072,1.35079,1.35064,85
2016-11-23 23:42:00,2016-11-23 23:43:00,1.35038,1.35036,1.35042,1.3503,1.35072,1.35067,1.35078,1.35065,37
2016-11-23 23:43:00,2016-11-23 23:44:00,1.35036,1.35031,1.35036,1.35026,1.35067,1.35063,1.35069,1.35061,37
2016-11-23 23:44:00,2016-11-23 23:45:00,1.35031,1.35032,1.35038,1.35026,1.35063,1.35069,1.35075,1.3506,84
2016-11-23 23:45:00,2016-11-23 23:46:00,1.35032,1.35011,1.35043,1.35011,1.35069,1.35047,1.35076,1.35044,132
2016-11-23 23:46:00,2016-11-23 23:47:00,1.35011,1.34991,1.35014,1.34988,1.35047,1.35025,1.35049,1.3502,104
2016-11-23 23:47:00,2016-11-23 23:48:00,1.34991,1.3499,1.34991,1.34988,1.35025,1.35024,1.35025,1.35024,15
2016-11-23 23:48:00,2016-11-23 23:49:00,1.3499,1.34991,1.34999,1.34988,1.35024,1.35026,1.35035,1.35024,74
2016-11-23 23:49:00,2016-11-23 23:50:00,1.34991,1.34995,1.34996,1.34991,1.35026,1.35031,1.35031,1.35025,43
2016-11-23 23:50:00,2016-11-23 23:51:00,1.34995,1.34995,1.34996,1.34993,1.35031,1.35029,1.35033,1.35028,34
2016-11-23 23:51:00,2016-11-23 23:52:00,1.34995,1.34993,1.34996,1.34993,1.35029,1.35028,1.35033,1.35026,45
2016-11-23 23:52:00,2016-11-23 23:53:00,1.34993,1.34995,1.34995,1.34993,1.35028,1.35031,1.35033,1.35028,16
2016-11-23 23:53:00,2016-11-23 23:54:00,1.34995,1.35008,1.35008,1.34995,1.35031,1.35041,1.35042,1.35028,19
2016-11-23 23:54:00,2016-11-23 23:55:00,1.35008,1.35008,1.35008,1.35008,1.35041,1.35041,1.35042,1.35041,8
2016-11-23 23:55:00,2016-11-23 23:56:00,1.35008,1.3501,1.35014,1.35003,1.35041,1.35046,1.35049,1.35039,85
2016-11-23 23:56:00,2016-11-23 23:57:00,1.3501,1.35013,1.35016,1.35008,1.35046,1.35047,1.3505,1.35043,43
2016-11-23 23:57:00,2016-11-23 23:58:00,1.35013,1.35012,1.35013,1.35005,1.35047,1.35047,1.35048,1.35042,28
2016-11-23 23:58:00,2016-11-23 23:59:00,1.35012,1.35013,1.35016,1.35009,1.35047,1.35049,1.35049,1.35046,28
2016-11-23 23:59:00,2016-11-24 00:00:00,1.35013,1.35014,1.35014,1.35002,1.35049,1.35047,1.35049,1.35035,160
