open time,close time,open bid,close bid,high bid,low bid,open ask,close ask,high ask,low ask,volume
2012-11-06 07:59:00,2012-11-06 08:00:00,5844,5850,5850,5844,5846,5852,5852,5846,8
2012-11-06 08:00:00,2012-11-06 08:01:00,5850,5849,5850,5848,5852,5850,5852,5849,9
2012-11-06 08:01:00,2012-11-06 08:03:00,5848,5848,5849,5847,5849,5849,5850,5848,10
2012-11-06 08:03:00,2012-11-06 08:04:00,5848,5845,5848,5844,5849,5846,5849,5845,11
2012-11-06 08:04:00,2012-11-06 08:05:00,5845,5846,5846,5844,5846,5847,5847,5845,5
2012-11-06 08:05:00,2012-11-06 08:06:00,5846,5848,5848,5845,5847,5849,5849,5846,12
2012-11-06 08:06:00,2012-11-06 08:07:00,5848,5849,5849,5847,5849,5850,5850,5848,7
2012-11-06 08:07:00,2012-11-06 08:08:00,5849,5850,5850,5847,5850,5851,5851,5848,9
2012-11-06 08:08:00,2012-11-06 08:09:00,5850,5849,5851,5849,5851,5850,5852,5850,13
2012-11-06 08:09:00,2012-11-06 08:10:00,5849,5848,5851,5848,5850,5849,5852,5849,15
2012-11-06 08:10:00,2012-11-06 08:11:00,5848,5849,5849,5848,5849,5850,5850,5849,7
2012-11-06 08:11:00,2012-11-06 08:12:00,5849,5850,5850,5848,5850,5851,5851,5849,7
2012-11-06 08:12:00,2012-11-06 08:15:00,5851,5851,5852,5850,5852,5852,5853,5851,14
2012-11-06 08:15:00,2012-11-06 08:16:00,5851,5850,5851,5849,5852,5851,5852,5850,9
2012-11-06 08:16:00,2012-11-06 08:17:00,5850,5848,5850,5847,5851,5849,5851,5848,6
2012-11-06 08:17:00,2012-11-06 08:18:00,5848,5844,5848,5843,5849,5845,5849,5844,16
2012-11-06 08:18:00,2012-11-06 08:19:00,5844,5844,5845,5842,5845,5845,5846,5843,16
2012-11-06 08:19:00,2012-11-06 08:20:00,5844,5846,5847,5844,5845,5847,5848,5845,8
2012-11-06 08:20:00,2012-11-06 08:21:00,5846,5844,5846,5843,5847,5845,5847,5844,6
2012-11-06 08:21:00,2012-11-06 08:22:00,5844,5845,5845,5843,5845,5846,5846,5844,7
2012-11-06 08:22:00,2012-11-06 08:23:00,5845,5845,5845,5844,5846,5846,5846,5845,2
2012-11-06 08:23:00,2012-11-06 08:24:00,5845,5845,5846,5844,5846,5846,5847,5845,6
2012-11-06 08:24:00,2012-11-06 08:25:00,5845,5845,5845,5844,5846,5846,5846,5845,6
2012-11-06 08:25:00,2012-11-06 08:26:00,5845,5845,5845,5844,5846,5846,5846,5845,4
2012-11-06 08:26:00,2012-11-06 08:28:00,5846,5844,5846,5844,5847,5845,5847,5845,2
2012-11-06 08:28:00,2012-11-06 08:29:00,5844,5842,5845,5842,5845,5843,5846,5843,6
2012-11-06 08:29:00,2012-11-06 08:30:00,5842,5842,5844,5841,5843,5843,5845,5842,12
2012-11-06 08:30:00,2012-11-06 08:31:00,5842,5843,5844,5842,5843,5844,5845,5843,7
2012-11-06 08:31:00,2012-11-06 08:32:00,5843,5843,5844,5842,5844,5844,5845,5843,10
2012-11-06 08:32:00,2012-11-06 08:33:00,5843,5845,5845,5843,5844,5846,5846,5844,6
2012-11-06 08:33:00,2012-11-06 08:34:00,5845,5845,5846,5845,5846,5846,5847,5846,14
2012-11-06 08:34:00,2012-11-06 08:35:00,5845,5846,5847,5845,5846,5847,5848,5846,5
2012-11-06 08:35:00,2012-11-06 08:36:00,5846,5848,5848,5846,5847,5849,5849,5847,4
2012-11-06 08:36:00,2012-11-06 08:37:00,5848,5847,5848,5847,5849,5848,5849,5848,1
2012-11-06 08:37:00,2012-11-06 08:38:00,5847,5846,5847,5845,5848,5847,5848,5846,13
2012-11-06 08:38:00,2012-11-06 08:39:00,5846,5847,5847,5845,5847,5848,5848,5846,7
2012-11-06 08:39:00,2012-11-06 08:40:00,5847,5847,5847,5846,5848,5848,5848,5847,4
2012-11-06 08:40:00,2012-11-06 08:41:00,5847,5848,5849,5847,5848,5849,5850,5848,5
2012-11-06 08:41:00,2012-11-06 08:42:00,5848,5850,5850,5848,5849,5851,5851,5849,12
2012-11-06 08:42:00,2012-11-06 08:43:00,5850,5852,5852,5850,5851,5853,5853,5851,12
2012-11-06 08:43:00,2012-11-06 08:46:00,5852,5853,5853,5852,5853,5854,5854,5853,11
2012-11-06 08:46:00,2012-11-06 08:47:00,5853,5851,5853,5851,5854,5852,5854,5852,8
2012-11-06 08:47:00,2012-11-06 08:48:00,5851,5852,5852,5849,5852,5853,5853,5850,11
2012-11-06 08:48:00,2012-11-06 08:49:00,5852,5853,5853,5852,5853,5854,5854,5853,9
2012-11-06 08:49:00,2012-11-06 08:54:00,5849,5849,5851,5849,5850,5850,5852,5850,6
2012-11-06 08:54:00,2012-11-06 08:57:00,5849,5848,5849,5847,5850,5849,5850,5848,8
2012-11-06 08:57:00,2012-11-06 08:58:00,5848,5848,5848,5847,5849,5849,5849,5848,6
2012-11-06 08:58:00,2012-11-06 08:59:00,5848,5848,5849,5848,5849,5849,5850,5849,6
2012-11-06 08:59:00,2012-11-06 09:03:00,5848,5849,5850,5848,5849,5850,5851,5849,3
2012-11-06 09:03:00,2012-11-06 09:04:00,5849,5851,5853,5849,5850,5852,5854,5850,8
2012-11-06 09:04:00,2012-11-06 09:05:00,5851,5853,5853,5851,5852,5854,5854,5852,4
2012-11-06 09:05:00,2012-11-06 09:07:00,5855,5857,5860,5855,5856,5858,5861,5856,22
2012-11-06 09:07:00,2012-11-06 09:08:00,5857,5855,5857,5855,5858,5856,5858,5856,18
2012-11-06 09:08:00,2012-11-06 09:09:00,5855,5855,5857,5855,5856,5856,5858,5856,4
2012-11-06 09:09:00,2012-11-06 09:10:00,5855,5857,5858,5855,5856,5858,5859,5856,4
2012-11-06 09:10:00,2012-11-06 09:11:00,5857,5859,5859,5857,5858,5860,5860,5858,8
2012-11-06 09:11:00,2012-11-06 09:12:00,5859,5863,5865,5859,5860,5864,5866,5860,18
2012-11-06 09:12:00,2012-11-06 09:13:00,5863,5861,5864,5861,5864,5862,5865,5862,18
2012-11-06 09:13:00,2012-11-06 09:14:00,5861,5861,5862,5861,5862,5862,5863,5862,4
2012-11-06 09:14:00,2012-11-06 09:15:00,5861,5864,5866,5861,5862,5865,5867,5862,24
2012-11-06 09:15:00,2012-11-06 09:16:00,5864,5862,5864,5861,5865,5863,5865,5862,8
2012-11-06 09:16:00,2012-11-06 09:17:00,5862,5861,5863,5861,5863,5862,5864,5862,9
2012-11-06 09:17:00,2012-11-06 09:19:00,5861,5860,5862,5860,5862,5861,5863,5861,7
2012-11-06 09:19:00,2012-11-06 09:20:00,5860,5862,5862,5860,5861,5863,5863,5861,6
2012-11-06 09:20:00,2012-11-06 09:22:00,5862,5861,5863,5861,5863,5862,5864,5862,7
2012-11-06 09:22:00,2012-11-06 09:24:00,5861,5861,5862,5861,5862,5862,5863,5862,10
2012-11-06 09:24:00,2012-11-06 09:25:00,5861,5860,5861,5860,5862,5861,5862,5861,5
2012-11-06 09:25:00,2012-11-06 09:26:00,5860,5862,5862,5860,5861,5863,5863,5861,2
2012-11-06 09:26:00,2012-11-06 09:28:00,5863,5864,5864,5862,5864,5865,5865,5863,5
2012-11-06 09:28:00,2012-11-06 09:29:00,5864,5864,5865,5863,5865,5865,5866,5864,4
2012-11-06 09:29:00,2012-11-06 09:30:00,5864,5863,5865,5862,5865,5864,5866,5863,11
2012-11-06 09:30:00,2012-11-06 09:31:00,5863,5863,5863,5862,5864,5864,5864,5863,4
2012-11-06 09:31:00,2012-11-06 09:33:00,5863,5862,5863,5862,5864,5863,5864,5863,1
2012-11-06 09:33:00,2012-11-06 09:34:00,5862,5862,5862,5861,5863,5863,5863,5862,2
2012-11-06 09:34:00,2012-11-06 09:36:00,5862,5862,5862,5861,5863,5863,5863,5862,4
2012-11-06 09:36:00,2012-11-06 09:37:00,5862,5862,5862,5861,5863,5863,5863,5862,8
2012-11-06 09:37:00,2012-11-06 09:38:00,5862,5861,5862,5861,5863,5862,5863,5862,1
2012-11-06 09:38:00,2012-11-06 09:41:00,5861,5864,5864,5861,5862,5865,5865,5862,7
2012-11-06 09:41:00,2012-11-06 09:42:00,5864,5864,5865,5863,5865,5865,5866,5864,6
2012-11-06 09:42:00,2012-11-06 09:43:00,5864,5864,5864,5863,5865,5865,5865,5864,4
2012-11-06 09:43:00,2012-11-06 09:45:00,5864,5864,5865,5864,5865,5865,5866,5865,2
2012-11-06 09:45:00,2012-11-06 09:46:00,5864,5863,5865,5863,5865,5864,5866,5864,9
2012-11-06 09:46:00,2012-11-06 09:47:00,5863,5864,5864,5863,5864,5865,5865,5864,9
2012-11-06 09:47:00,2012-11-06 09:48:00,5864,5866,5866,5864,5865,5867,5867,5865,6
2012-11-06 09:48:00,2012-11-06 09:50:00,5865,5864,5865,5864,5866,5865,5866,5865,9
2012-11-06 09:50:00,2012-11-06 09:52:00,5865,5864,5865,5863,5866,5865,5866,5864,3
2012-11-06 09:52:00,2012-11-06 09:53:00,5864,5866,5866,5864,5865,5867,5867,5865,8
2012-11-06 09:53:00,2012-11-06 09:54:00,5866,5865,5866,5864,5867,5866,5867,5865,3
2012-11-06 09:54:00,2012-11-06 09:56:00,5865,5865,5865,5864,5866,5866,5866,5865,8
2012-11-06 09:56:00,2012-11-06 09:57:00,5865,5865,5865,5864,5866,5866,5866,5865,12
2012-11-06 09:57:00,2012-11-06 09:58:00,5865,5865,5866,5864,5866,5866,5867,5865,6
2012-11-06 09:58:00,2012-11-06 10:05:00,5865,5866,5866,5865,5866,5867,5867,5866,5
2012-11-06 10:05:00,2012-11-06 10:08:00,5866,5865,5866,5865,5867,5866,5867,5866,3
2012-11-06 10:08:00,2012-11-06 10:09:00,5865,5868,5868,5865,5866,5869,5869,5866,9
2012-11-06 10:09:00,2012-11-06 10:10:00,5868,5868,5869,5867,5869,5869,5870,5868,8
2012-11-06 10:10:00,2012-11-06 10:11:00,5868,5871,5871,5868,5869,5872,5872,5869,19
2012-11-06 10:11:00,2012-11-06 10:12:00,5871,5869,5871,5869,5872,5870,5872,5870,14
2012-11-06 10:12:00,2012-11-06 10:13:00,5869,5870,5871,5869,5870,5871,5872,5870,11
2012-11-06 10:13:00,2012-11-06 10:14:00,5870,5869,5871,5868,5871,5870,5872,5869,10
2012-11-06 10:14:00,2012-11-06 10:15:00,5869,5868,5870,5868,5870,5869,5871,5869,3
2012-11-06 10:15:00,2012-11-06 10:16:00,5868,5869,5870,5868,5869,5870,5871,5869,9
2012-11-06 10:16:00,2012-11-06 10:17:00,5869,5868,5869,5868,5870,5869,5870,5869,7
2012-11-06 10:17:00,2012-11-06 10:19:00,5869,5868,5869,5868,5870,5869,5870,5869,13
2012-11-06 10:19:00,2012-11-06 10:20:00,5868,5867,5868,5867,5869,5868,5869,5868,1
2012-11-06 10:20:00,2012-11-06 10:25:00,5869,5873,5874,5869,5870,5874,5875,5870,12
2012-11-06 10:25:00,2012-11-06 10:31:00,5874,5872,5874,5871,5875,5873,5875,5872,4
2012-11-06 10:31:00,2012-11-06 10:34:00,5870,5870,5871,5869,5871,5871,5872,5870,4
2012-11-06 10:34:00,2012-11-06 10:42:00,5870,5869,5870,5869,5871,5870,5871,5870,3
2012-11-06 10:42:00,2012-11-06 10:48:00,5869,5868,5869,5868,5870,5869,5870,5869,5
2012-11-06 10:48:00,2012-11-06 10:49:00,5868,5869,5869,5868,5869,5870,5870,5869,15
2012-11-06 10:49:00,2012-11-06 10:56:00,5870,5869,5870,5869,5871,5870,5871,5870,1
2012-11-06 10:56:00,2012-11-06 10:57:00,5869,5870,5871,5869,5870,5871,5872,5870,5
2012-11-06 10:57:00,2012-11-06 11:00:00,5870,5865,5870,5865,5871,5866,5871,5866,19
2012-11-06 11:00:00,2012-11-06 11:05:00,5867,5868,5868,5866,5868,5869,5869,5867,9
2012-11-06 11:05:00,2012-11-06 11:07:00,5868,5867,5869,5867,5869,5868,5870,5868,5
2012-11-06 11:07:00,2012-11-06 11:09:00,5867,5869,5869,5867,5868,5870,5870,5868,8
2012-11-06 11:09:00,2012-11-06 11:30:00,5872,5873,5873,5871,5873,5874,5874,5872,3
2012-11-06 11:30:00,2012-11-06 11:36:00,5875,5876,5876,5874,5876,5877,5877,5875,13
2012-11-06 11:36:00,2012-11-06 11:38:00,5877,5877,5878,5876,5878,5878,5879,5877,16
2012-11-06 11:38:00,2012-11-06 11:39:00,5877,5878,5878,5877,5878,5879,5879,5878,11
2012-11-06 11:39:00,2012-11-06 11:46:00,5878,5877,5879,5877,5879,5878,5880,5878,3
2012-11-06 11:46:00,2012-11-06 12:02:00,5879,5877,5879,5877,5880,5878,5880,5878,2
2012-11-06 12:02:00,2012-11-06 12:06:00,5877,5877,5877,5875,5878,5878,5878,5876,6
2012-11-06 12:06:00,2012-11-06 12:12:00,5880,5878,5880,5876,5881,5879,5881,5877,10
2012-11-06 12:12:00,2012-11-06 12:14:00,5878,5878,5878,5877,5879,5879,5879,5878,8
2012-11-06 12:14:00,2012-11-06 12:18:00,5876,5875,5876,5875,5877,5876,5877,5876,11
2012-11-06 12:18:00,2012-11-06 12:31:00,5876,5876,5877,5876,5877,5877,5878,5877,6
2012-11-06 12:31:00,2012-11-06 12:33:00,5876,5876,5876,5875,5877,5877,5877,5876,6
2012-11-06 12:33:00,2012-11-06 12:34:00,5876,5875,5877,5875,5877,5876,5878,5876,7
2012-11-06 12:34:00,2012-11-06 12:40:00,5873,5873,5873,5871,5874,5874,5874,5872,12
2012-11-06 12:40:00,2012-11-06 12:47:00,5872,5871,5873,5871,5873,5872,5874,5872,11
2012-11-06 12:47:00,2012-11-06 12:58:00,5872,5873,5874,5872,5873,5874,5875,5873,5
2012-11-06 12:58:00,2012-11-06 13:01:00,5872,5868,5872,5866,5873,5869,5873,5867,32
2012-11-06 13:01:00,2012-11-06 13:02:00,5868,5869,5869,5868,5869,5870,5870,5869,13
2012-11-06 13:02:00,2012-11-06 13:03:00,5869,5868,5869,5868,5870,5869,5870,5869,19
2012-11-06 13:03:00,2012-11-06 13:05:00,5868,5869,5869,5867,5869,5870,5870,5868,11
2012-11-06 13:05:00,2012-11-06 13:07:00,5870,5870,5870,5868,5871,5871,5871,5869,4
2012-11-06 13:07:00,2012-11-06 13:16:00,5872,5871,5873,5871,5873,5872,5874,5872,13
2012-11-06 13:16:00,2012-11-06 13:18:00,5870,5870,5871,5870,5871,5871,5872,5871,12
2012-11-06 13:18:00,2012-11-06 13:20:00,5870,5870,5871,5870,5871,5871,5872,5871,2
2012-11-06 13:20:00,2012-11-06 13:23:00,5871,5873,5873,5871,5872,5874,5874,5872,4
2012-11-06 13:23:00,2012-11-06 13:27:00,5873,5873,5873,5872,5874,5874,5874,5873,10
2012-11-06 13:27:00,2012-11-06 13:28:00,5873,5872,5873,5871,5874,5873,5874,5872,5
2012-11-06 13:28:00,2012-11-06 13:29:00,5872,5874,5874,5871,5873,5875,5875,5872,10
2012-11-06 13:29:00,2012-11-06 13:30:00,5874,5875,5875,5873,5875,5876,5876,5874,5
2012-11-06 13:30:00,2012-11-06 13:31:00,5875,5876,5877,5875,5876,5877,5878,5876,10
2012-11-06 13:31:00,2012-11-06 13:32:00,5876,5875,5877,5875,5877,5876,5878,5876,9
2012-11-06 13:32:00,2012-11-06 13:35:00,5875,5877,5877,5875,5876,5878,5878,5876,14
2012-11-06 13:35:00,2012-11-06 13:38:00,5877,5877,5877,5876,5878,5878,5878,5877,12
2012-11-06 13:38:00,2012-11-06 13:48:00,5876,5876,5877,5875,5877,5877,5878,5876,4
2012-11-06 13:48:00,2012-11-06 13:57:00,5875,5874,5875,5874,5876,5875,5876,5875,11
2012-11-06 13:57:00,2012-11-06 13:58:00,5874,5872,5874,5872,5875,5873,5875,5873,6
2012-11-06 13:58:00,2012-11-06 14:00:00,5872,5874,5874,5872,5873,5875,5875,5873,2
2012-11-06 14:00:00,2012-11-06 14:03:00,5874,5873,5874,5873,5875,5874,5875,5874,9
2012-11-06 14:03:00,2012-11-06 14:12:00,5871,5873,5873,5871,5872,5874,5874,5872,6
2012-11-06 14:12:00,2012-11-06 14:13:00,5873,5875,5875,5873,5874,5876,5876,5874,4
2012-11-06 14:13:00,2012-11-06 14:15:00,5874,5874,5875,5873,5875,5875,5876,5874,6
2012-11-06 14:15:00,2012-11-06 14:26:00,5872,5873,5873,5871,5873,5874,5874,5872,5
2012-11-06 14:26:00,2012-11-06 14:29:00,5871,5872,5872,5870,5872,5873,5873,5871,7
2012-11-06 14:29:00,2012-11-06 14:33:00,5870,5870,5871,5870,5871,5871,5872,5871,6
2012-11-06 14:33:00,2012-11-06 14:34:00,5870,5875,5875,5870,5871,5876,5876,5871,19
2012-11-06 14:34:00,2012-11-06 14:35:00,5875,5875,5875,5872,5876,5876,5876,5873,10
2012-11-06 14:35:00,2012-11-06 14:36:00,5875,5876,5877,5874,5876,5877,5878,5875,9
2012-11-06 14:36:00,2012-11-06 14:38:00,5876,5878,5879,5876,5877,5879,5880,5877,16
2012-11-06 14:38:00,2012-11-06 14:39:00,5878,5878,5878,5876,5879,5879,5879,5877,16
2012-11-06 14:39:00,2012-11-06 14:41:00,5876,5876,5877,5876,5877,5877,5878,5877,10
2012-11-06 14:41:00,2012-11-06 14:42:00,5876,5874,5877,5874,5877,5875,5878,5875,14
2012-11-06 14:42:00,2012-11-06 14:43:00,5874,5874,5875,5873,5875,5875,5876,5874,12
2012-11-06 14:43:00,2012-11-06 14:44:00,5874,5873,5875,5872,5875,5874,5876,5873,11
2012-11-06 14:44:00,2012-11-06 14:47:00,5873,5875,5875,5872,5874,5876,5876,5873,20
2012-11-06 14:47:00,2012-11-06 14:49:00,5875,5875,5876,5874,5876,5876,5877,5875,6
2012-11-06 14:49:00,2012-11-06 14:50:00,5875,5874,5877,5874,5876,5875,5878,5875,7
2012-11-06 14:50:00,2012-11-06 14:51:00,5874,5873,5875,5872,5875,5874,5876,5873,13
2012-11-06 14:51:00,2012-11-06 14:53:00,5873,5874,5875,5873,5874,5875,5876,5874,7
2012-11-06 14:53:00,2012-11-06 14:54:00,5874,5876,5876,5874,5875,5877,5877,5875,14
2012-11-06 14:54:00,2012-11-06 14:55:00,5876,5876,5876,5874,5877,5877,5877,5875,12
2012-11-06 14:55:00,2012-11-06 14:56:00,5876,5878,5878,5875,5877,5879,5879,5876,8
2012-11-06 14:56:00,2012-11-06 14:57:00,5878,5876,5878,5876,5879,5877,5879,5877,8
2012-11-06 14:57:00,2012-11-06 14:58:00,5876,5879,5879,5876,5877,5880,5880,5877,9
2012-11-06 14:58:00,2012-11-06 14:59:00,5879,5878,5879,5876,5880,5879,5880,5877,33
2012-11-06 14:59:00,2012-11-06 15:00:00,5878,5876,5878,5875,5879,5877,5879,5876,16
2012-11-06 15:00:00,2012-11-06 15:02:00,5878,5879,5879,5877,5879,5880,5880,5878,7
2012-11-06 15:02:00,2012-11-06 15:04:00,5879,5880,5881,5879,5880,5881,5882,5880,11
2012-11-06 15:04:00,2012-11-06 15:05:00,5880,5878,5881,5878,5881,5879,5882,5879,8
2012-11-06 15:05:00,2012-11-06 15:06:00,5878,5879,5880,5878,5879,5880,5881,5879,17
2012-11-06 15:06:00,2012-11-06 15:08:00,5881,5884,5884,5881,5882,5885,5885,5882,13
2012-11-06 15:08:00,2012-11-06 15:09:00,5884,5882,5884,5880,5885,5883,5885,5881,16
2012-11-06 15:09:00,2012-11-06 15:10:00,5882,5882,5883,5881,5883,5883,5884,5882,10
2012-11-06 15:10:00,2012-11-06 15:11:00,5882,5882,5883,5882,5883,5883,5884,5883,6
2012-11-06 15:11:00,2012-11-06 15:16:00,5881,5881,5881,5880,5882,5882,5882,5881,12
2012-11-06 15:16:00,2012-11-06 15:17:00,5881,5879,5881,5879,5882,5880,5882,5880,4
2012-11-06 15:17:00,2012-11-06 15:18:00,5879,5880,5880,5878,5880,5881,5881,5879,15
2012-11-06 15:18:00,2012-11-06 15:19:00,5880,5879,5880,5878,5881,5880,5881,5879,13
2012-11-06 15:19:00,2012-11-06 15:21:00,5878,5879,5879,5878,5879,5880,5880,5879,11
2012-11-06 15:21:00,2012-11-06 15:22:00,5879,5880,5881,5878,5880,5881,5882,5879,21
2012-11-06 15:22:00,2012-11-06 15:23:00,5880,5880,5881,5880,5881,5881,5882,5881,8
2012-11-06 15:23:00,2012-11-06 15:25:00,5881,5877,5881,5877,5882,5878,5882,5878,10
2012-11-06 15:25:00,2012-11-06 15:26:00,5877,5878,5878,5877,5878,5879,5879,5878,15
2012-11-06 15:26:00,2012-11-06 15:27:00,5878,5879,5879,5877,5879,5880,5880,5878,15
2012-11-06 15:27:00,2012-11-06 15:28:00,5879,5879,5880,5878,5880,5880,5881,5879,8
2012-11-06 15:28:00,2012-11-06 15:31:00,5879,5875,5879,5875,5880,5876,5880,5876,6
2012-11-06 15:31:00,2012-11-06 15:33:00,5876,5877,5878,5875,5877,5878,5879,5876,9
2012-11-06 15:33:00,2012-11-06 15:36:00,5877,5879,5879,5877,5878,5880,5880,5878,2
2012-11-06 15:36:00,2012-11-06 15:38:00,5880,5879,5880,5878,5881,5880,5881,5879,3
2012-11-06 15:38:00,2012-11-06 15:40:00,5879,5878,5880,5878,5880,5879,5881,5879,11
2012-11-06 15:40:00,2012-11-06 15:43:00,5881,5881,5882,5880,5882,5882,5883,5881,18
2012-11-06 15:43:00,2012-11-06 15:44:00,5881,5880,5882,5880,5882,5881,5883,5881,7
2012-11-06 15:44:00,2012-11-06 15:45:00,5880,5884,5884,5880,5881,5885,5885,5881,14
2012-11-06 15:45:00,2012-11-06 15:46:00,5884,5882,5885,5882,5885,5883,5886,5883,14
2012-11-06 15:46:00,2012-11-06 15:47:00,5882,5881,5882,5881,5883,5882,5883,5882,9
2012-11-06 15:47:00,2012-11-06 15:49:00,5881,5878,5881,5878,5882,5879,5882,5879,5
2012-11-06 15:49:00,2012-11-06 15:51:00,5879,5876,5879,5876,5880,5877,5880,5877,9
2012-11-06 15:51:00,2012-11-06 15:52:00,5876,5876,5877,5876,5877,5877,5878,5877,8
2012-11-06 15:52:00,2012-11-06 15:54:00,5876,5875,5876,5875,5877,5876,5877,5876,7
2012-11-06 15:54:00,2012-11-06 15:59:00,5875,5872,5875,5871,5876,5873,5876,5872,19
2012-11-06 15:59:00,2012-11-06 16:00:00,5872,5874,5874,5871,5873,5875,5875,5872,14
2012-11-06 16:00:00,2012-11-06 16:03:00,5874,5872,5875,5872,5875,5873,5876,5873,14
2012-11-06 16:03:00,2012-11-06 16:04:00,5872,5873,5875,5872,5873,5874,5876,5873,9
2012-11-06 16:04:00,2012-11-06 16:05:00,5873,5875,5875,5873,5874,5876,5876,5874,12
2012-11-06 16:05:00,2012-11-06 16:06:00,5875,5874,5875,5873,5876,5875,5876,5874,7
2012-11-06 16:06:00,2012-11-06 16:13:00,5877,5878,5878,5877,5878,5879,5879,5878,9
2012-11-06 16:13:00,2012-11-06 16:14:00,5878,5879,5879,5877,5879,5880,5880,5878,9
2012-11-06 16:14:00,2012-11-06 16:15:00,5879,5881,5881,5879,5880,5882,5882,5880,10
2012-11-06 16:15:00,2012-11-06 16:16:00,5881,5882,5882,5880,5882,5883,5883,5881,5
2012-11-06 16:16:00,2012-11-06 16:17:00,5882,5880,5882,5879,5883,5881,5883,5880,12
2012-11-06 16:17:00,2012-11-06 16:19:00,5880,5881,5881,5880,5881,5882,5882,5881,15
2012-11-06 16:19:00,2012-11-06 16:20:00,5881,5877,5881,5876,5882,5878,5882,5877,8
2012-11-06 16:20:00,2012-11-06 16:25:00,5879,5876,5879,5876,5880,5877,5880,5877,3
2012-11-06 16:25:00,2012-11-06 16:28:00,5879,5875,5879,5875,5880,5877,5880,5877,4
2012-11-06 16:28:00,2012-11-06 16:29:00,5875,5879,5879,5874,5877,5881,5881,5876,26
2012-11-06 16:29:00,2012-11-06 16:30:00,5879,5877,5880,5876,5881,5879,5882,5878,32
2012-11-06 16:30:00,2012-11-06 16:31:00,5877,5883,5883,5876,5879,5885,5885,5878,16
2012-11-06 16:31:00,2012-11-06 16:32:00,5883,5883,5884,5882,5885,5885,5886,5884,22
2012-11-06 16:32:00,2012-11-06 16:33:00,5883,5882,5883,5881,5885,5884,5885,5883,7
2012-11-06 16:33:00,2012-11-06 16:34:00,5882,5884,5885,5880,5884,5886,5887,5882,18
2012-11-06 16:34:00,2012-11-06 16:35:00,5884,5885,5886,5883,5886,5887,5888,5885,18
2012-11-06 16:35:00,2012-11-06 16:36:00,5885,5885,5886,5885,5887,5887,5888,5887,6
2012-11-06 16:36:00,2012-11-06 16:37:00,5885,5899,5899,5885,5887,5901,5901,5887,41
2012-11-06 16:37:00,2012-11-06 16:38:00,5899,5893,5900,5892,5901,5895,5902,5894,28
2012-11-06 16:38:00,2012-11-06 16:39:00,5893,5894,5895,5893,5895,5896,5897,5895,9
2012-11-06 16:39:00,2012-11-06 16:40:00,5894,5896,5896,5893,5896,5898,5898,5895,16
2012-11-06 16:40:00,2012-11-06 16:41:00,5896,5895,5897,5895,5898,5897,5899,5897,19
2012-11-06 16:41:00,2012-11-06 16:42:00,5895,5897,5897,5895,5897,5899,5899,5897,12
2012-11-06 16:42:00,2012-11-06 16:43:00,5897,5898,5900,5896,5899,5900,5902,5898,11
2012-11-06 16:43:00,2012-11-06 16:44:00,5898,5900,5900,5897,5900,5902,5902,5899,10
2012-11-06 16:44:00,2012-11-06 16:45:00,5900,5899,5902,5899,5902,5901,5904,5901,21
2012-11-06 16:45:00,2012-11-06 16:46:00,5899,5900,5900,5898,5901,5902,5902,5900,13
2012-11-06 16:46:00,2012-11-06 16:48:00,5899,5897,5899,5897,5901,5899,5901,5899,12
2012-11-06 16:48:00,2012-11-06 16:49:00,5897,5898,5900,5897,5899,5900,5902,5899,11
2012-11-06 16:49:00,2012-11-06 16:50:00,5898,5898,5900,5898,5900,5900,5902,5900,8
2012-11-06 16:50:00,2012-11-06 16:52:00,5898,5897,5898,5897,5900,5899,5900,5899,5
2012-11-06 16:52:00,2012-11-06 16:53:00,5897,5897,5900,5897,5899,5899,5902,5899,10
2012-11-06 16:53:00,2012-11-06 16:55:00,5898,5898,5899,5897,5900,5900,5901,5899,4
2012-11-06 16:55:00,2012-11-06 16:57:00,5898,5898,5898,5897,5900,5900,5900,5899,10
2012-11-06 16:57:00,2012-11-06 16:58:00,5898,5898,5900,5898,5900,5900,5902,5900,6
2012-11-06 16:58:00,2012-11-06 17:01:00,5897,5896,5897,5896,5899,5898,5899,5898,9
2012-11-06 17:01:00,2012-11-06 17:02:00,5896,5898,5898,5896,5898,5900,5900,5898,4
2012-11-06 17:02:00,2012-11-06 17:03:00,5898,5901,5903,5898,5900,5903,5905,5900,11
2012-11-06 17:03:00,2012-11-06 17:04:00,5901,5904,5905,5901,5903,5906,5907,5903,13
2012-11-06 17:04:00,2012-11-06 17:05:00,5904,5904,5904,5903,5906,5906,5906,5905,8
2012-11-06 17:05:00,2012-11-06 17:07:00,5904,5900,5904,5900,5906,5902,5906,5902,16
2012-11-06 17:07:00,2012-11-06 17:08:00,5900,5901,5902,5900,5902,5903,5904,5902,5
2012-11-06 17:08:00,2012-11-06 17:09:00,5901,5901,5902,5901,5903,5903,5904,5903,8
2012-11-06 17:09:00,2012-11-06 17:12:00,5902,5901,5902,5901,5904,5903,5904,5903,5
2012-11-06 17:12:00,2012-11-06 17:13:00,5901,5900,5902,5899,5903,5902,5904,5901,5
2012-11-06 17:13:00,2012-11-06 17:14:00,5900,5900,5901,5899,5902,5902,5903,5901,8
2012-11-06 17:14:00,2012-11-06 17:16:00,5901,5902,5902,5901,5903,5904,5904,5903,7
2012-11-06 17:16:00,2012-11-06 17:17:00,5902,5902,5903,5901,5904,5904,5905,5903,8
2012-11-06 17:17:00,2012-11-06 17:19:00,5902,5900,5902,5900,5904,5902,5904,5902,6
2012-11-06 17:19:00,2012-11-06 17:20:00,5900,5902,5902,5900,5902,5904,5904,5902,16
2012-11-06 17:20:00,2012-11-06 17:21:00,5902,5902,5902,5901,5904,5904,5904,5903,12
2012-11-06 17:21:00,2012-11-06 17:23:00,5902,5901,5902,5901,5904,5903,5904,5903,9
2012-11-06 17:23:00,2012-11-06 17:24:00,5901,5903,5903,5901,5903,5905,5905,5903,2
2012-11-06 17:24:00,2012-11-06 17:25:00,5903,5900,5904,5899,5905,5902,5906,5901,13
2012-11-06 17:25:00,2012-11-06 17:29:00,5899,5900,5901,5899,5901,5902,5903,5901,5
2012-11-06 17:29:00,2012-11-06 17:30:00,5900,5901,5901,5899,5902,5903,5903,5901,9
2012-11-06 17:30:00,2012-11-06 17:37:00,5902,5901,5902,5901,5904,5903,5904,5903,7
2012-11-06 17:37:00,2012-11-06 17:43:00,5899,5899,5900,5898,5901,5901,5902,5900,4
2012-11-06 17:43:00,2012-11-06 17:46:00,5898,5895,5898,5895,5900,5897,5900,5897,3
2012-11-06 17:46:00,2012-11-06 17:47:00,5895,5895,5895,5893,5897,5897,5897,5895,10
2012-11-06 17:47:00,2012-11-06 17:48:00,5895,5895,5896,5895,5897,5897,5898,5897,4
2012-11-06 17:48:00,2012-11-06 17:49:00,5895,5895,5896,5894,5897,5897,5898,5896,6
2012-11-06 17:49:00,2012-11-06 17:50:00,5895,5896,5896,5895,5897,5898,5898,5897,1
2012-11-06 17:50:00,2012-11-06 17:51:00,5896,5898,5898,5896,5898,5900,5900,5898,7
2012-11-06 17:51:00,2012-11-06 17:52:00,5898,5896,5898,5896,5900,5898,5900,5898,6
2012-11-06 17:52:00,2012-11-06 17:58:00,5896,5896,5897,5896,5898,5898,5899,5898,2
2012-11-06 17:58:00,2012-11-06 18:01:00,5898,5897,5899,5897,5900,5899,5901,5899,5
2012-11-06 18:01:00,2012-11-06 18:13:00,5899,5901,5901,5899,5901,5903,5903,5901,4
2012-11-06 18:13:00,2012-11-06 18:15:00,5902,5898,5902,5897,5904,5900,5904,5899,8
2012-11-06 18:15:00,2012-11-06 18:19:00,5897,5898,5899,5897,5899,5900,5901,5899,5
2012-11-06 18:19:00,2012-11-06 18:22:00,5898,5900,5900,5898,5900,5902,5902,5900,4
2012-11-06 18:22:00,2012-11-06 18:24:00,5900,5900,5901,5898,5902,5902,5903,5900,6
2012-11-06 18:24:00,2012-11-06 18:27:00,5900,5901,5901,5899,5902,5903,5903,5901,11
2012-11-06 18:27:00,2012-11-06 18:29:00,5901,5900,5902,5900,5903,5902,5904,5902,11
2012-11-06 18:29:00,2012-11-06 18:32:00,5901,5903,5903,5901,5903,5905,5905,5903,4
2012-11-06 18:32:00,2012-11-06 18:44:00,5899,5901,5902,5899,5901,5903,5904,5901,4
2012-11-06 18:44:00,2012-11-06 18:47:00,5902,5903,5903,5901,5904,5905,5905,5903,3
2012-11-06 18:47:00,2012-11-06 18:50:00,5903,5902,5903,5901,5905,5904,5905,5903,7
2012-11-06 18:50:00,2012-11-06 18:52:00,5902,5903,5903,5902,5904,5905,5905,5904,5
2012-11-06 18:52:00,2012-11-06 18:53:00,5903,5902,5904,5902,5905,5904,5906,5904,5
2012-11-06 18:53:00,2012-11-06 18:54:00,5902,5901,5903,5901,5904,5903,5905,5903,7
2012-11-06 18:54:00,2012-11-06 18:55:00,5901,5901,5902,5901,5903,5903,5904,5903,2
2012-11-06 18:55:00,2012-11-06 18:56:00,5901,5900,5901,5899,5903,5902,5903,5901,5
2012-11-06 18:56:00,2012-11-06 18:57:00,5900,5900,5901,5900,5902,5902,5903,5902,2
2012-11-06 18:57:00,2012-11-06 19:01:00,5899,5898,5900,5898,5901,5900,5902,5900,5
2012-11-06 19:01:00,2012-11-06 19:10:00,5900,5899,5900,5898,5902,5901,5902,5900,7
2012-11-06 19:10:00,2012-11-06 19:12:00,5899,5900,5900,5898,5901,5902,5902,5900,3
2012-11-06 19:12:00,2012-11-06 19:13:00,5900,5901,5901,5899,5902,5903,5903,5901,5
2012-11-06 19:13:00,2012-11-06 19:15:00,5900,5901,5901,5900,5902,5903,5903,5902,1
2012-11-06 19:15:00,2012-11-06 19:38:00,5904,5906,5906,5904,5906,5908,5908,5906,6
2012-11-06 19:38:00,2012-11-06 19:39:00,5906,5907,5909,5906,5908,5909,5911,5908,9
2012-11-06 19:39:00,2012-11-06 19:43:00,5906,5904,5906,5904,5908,5906,5908,5906,2
2012-11-06 19:43:00,2012-11-06 19:46:00,5904,5903,5905,5903,5906,5905,5907,5905,5
2012-11-06 19:46:00,2012-11-06 19:52:00,5903,5901,5903,5901,5905,5903,5905,5903,6
2012-11-06 19:52:00,2012-11-06 19:53:00,5901,5899,5901,5898,5903,5901,5903,5900,6
2012-11-06 19:53:00,2012-11-06 19:54:00,5899,5898,5899,5897,5901,5900,5901,5899,13
2012-11-06 19:54:00,2012-11-06 19:55:00,5898,5897,5898,5896,5900,5899,5900,5898,7
2012-11-06 19:55:00,2012-11-06 19:56:00,5897,5899,5900,5897,5899,5901,5902,5899,8
2012-11-06 19:56:00,2012-11-06 20:06:00,5899,5898,5899,5898,5901,5900,5901,5900,1
2012-11-06 20:06:00,2012-11-06 20:10:00,5898,5897,5898,5896,5900,5899,5900,5898,5
2012-11-06 20:10:00,2012-11-06 20:12:00,5898,5898,5898,5897,5900,5900,5900,5899,4
2012-11-06 20:12:00,2012-11-06 20:13:00,5898,5898,5898,5897,5900,5900,5900,5899,8
2012-11-06 20:13:00,2012-11-06 20:14:00,5898,5897,5898,5897,5900,5899,5900,5899,3
2012-11-06 20:14:00,2012-11-06 20:15:00,5897,5898,5898,5897,5899,5900,5900,5899,3
2012-11-06 20:15:00,2012-11-06 20:16:00,5898,5899,5900,5898,5900,5901,5902,5900,5
2012-11-06 20:16:00,2012-11-06 20:18:00,5898,5899,5899,5898,5900,5901,5901,5900,5
2012-11-06 20:18:00,2012-11-06 20:19:00,5899,5899,5899,5898,5901,5901,5901,5900,2
2012-11-06 20:19:00,2012-11-06 20:21:00,5899,5898,5899,5897,5901,5900,5901,5899,7
2012-11-06 20:21:00,2012-11-06 20:22:00,5898,5900,5900,5898,5900,5902,5902,5900,2
2012-11-06 20:22:00,2012-11-06 20:23:00,5900,5900,5901,5899,5902,5902,5903,5901,4
2012-11-06 20:23:00,2012-11-06 20:24:00,5900,5899,5901,5899,5902,5901,5903,5901,4
2012-11-06 20:24:00,2012-11-06 20:25:00,5899,5898,5901,5898,5901,5900,5903,5900,7
2012-11-06 20:25:00,2012-11-06 20:26:00,5898,5899,5899,5897,5900,5901,5901,5899,3
2012-11-06 20:26:00,2012-11-06 20:27:00,5899,5898,5899,5898,5901,5900,5901,5900,7
2012-11-06 20:27:00,2012-11-06 20:29:00,5898,5899,5899,5896,5900,5901,5901,5898,9
2012-11-06 20:29:00,2012-11-06 20:30:00,5899,5898,5899,5897,5901,5900,5901,5899,5
2012-11-06 20:30:00,2012-11-06 20:31:00,5898,5897,5898,5897,5900,5899,5900,5899,1
2012-11-06 20:31:00,2012-11-06 20:32:00,5897,5895,5897,5895,5899,5897,5899,5897,4
2012-11-06 20:32:00,2012-11-06 20:33:00,5895,5897,5898,5895,5897,5899,5900,5897,8
2012-11-06 20:33:00,2012-11-06 20:34:00,5897,5897,5898,5896,5899,5899,5900,5898,10
2012-11-06 20:34:00,2012-11-06 20:35:00,5897,5896,5897,5895,5899,5898,5899,5897,3
2012-11-06 20:35:00,2012-11-06 20:38:00,5895,5896,5897,5895,5897,5898,5899,5897,3
2012-11-06 20:38:00,2012-11-06 20:39:00,5896,5897,5898,5896,5898,5899,5900,5898,3
2012-11-06 20:39:00,2012-11-06 20:40:00,5897,5898,5898,5896,5899,5900,5900,5898,3
2012-11-06 20:40:00,2012-11-06 20:42:00,5898,5898,5898,5896,5900,5900,5900,5898,4
2012-11-06 20:42:00,2012-11-06 20:43:00,5898,5897,5898,5896,5900,5899,5900,5898,3
2012-11-06 20:43:00,2012-11-06 20:46:00,5899,5901,5901,5899,5901,5903,5903,5901,2
2012-11-06 20:46:00,2012-11-06 20:48:00,5901,5900,5901,5899,5903,5902,5903,5902,2
2012-11-06 20:48:00,2012-11-06 20:49:00,5900,5903,5903,5900,5902,5905,5905,5902,9
2012-11-06 20:49:00,2012-11-06 20:51:00,5902,5900,5902,5900,5904,5902,5904,5902,2
2012-11-06 20:51:00,2012-11-06 20:52:00,5900,5898,5901,5898,5902,5900,5903,5900,6
2012-11-06 20:52:00,2012-11-06 20:55:00,5898,5899,5899,5898,5900,5901,5901,5900,3
2012-11-06 20:55:00,2012-11-07 08:00:00,5900,5899,5910,5891,5902,5901,5912,5893,50
2012-11-07 08:00:00,2012-11-07 08:01:00,5899,5896,5900,5896,5901,5897,5902,5897,39
2012-11-07 08:01:00,2012-11-07 08:02:00,5896,5897,5898,5895,5897,5898,5899,5896,17
2012-11-07 08:02:00,2012-11-07 08:03:00,5897,5899,5900,5896,5898,5900,5901,5897,13
2012-11-07 08:03:00,2012-11-07 08:04:00,5899,5900,5900,5898,5900,5901,5901,5899,11
2012-11-07 08:04:00,2012-11-07 08:05:00,5900,5897,5900,5895,5901,5898,5901,5896,23
2012-11-07 08:05:00,2012-11-07 08:08:00,5898,5898,5900,5897,5899,5899,5901,5898,18
2012-11-07 08:08:00,2012-11-07 08:09:00,5898,5894,5898,5894,5899,5895,5899,5895,20
2012-11-07 08:09:00,2012-11-07 08:10:00,5894,5895,5896,5893,5895,5896,5897,5894,11
2012-11-07 08:10:00,2012-11-07 08:11:00,5895,5895,5896,5893,5896,5896,5897,5894,14
2012-11-07 08:11:00,2012-11-07 08:12:00,5895,5895,5895,5893,5896,5896,5896,5894,6
2012-11-07 08:12:00,2012-11-07 08:14:00,5897,5895,5897,5894,5898,5896,5898,5895,10
2012-11-07 08:14:00,2012-11-07 08:17:00,5896,5898,5899,5896,5897,5899,5900,5897,8
2012-11-07 08:17:00,2012-11-07 08:20:00,5899,5899,5900,5897,5900,5900,5901,5898,12
2012-11-07 08:20:00,2012-11-07 08:21:00,5899,5897,5899,5896,5900,5898,5900,5897,14
2012-11-07 08:21:00,2012-11-07 08:22:00,5897,5896,5897,5895,5898,5897,5898,5896,17
2012-11-07 08:22:00,2012-11-07 08:24:00,5896,5893,5896,5892,5897,5894,5897,5893,13
2012-11-07 08:24:00,2012-11-07 08:27:00,5894,5893,5895,5892,5895,5894,5896,5893,13
2012-11-07 08:27:00,2012-11-07 08:29:00,5893,5891,5894,5891,5894,5892,5895,5892,10
2012-11-07 08:29:00,2012-11-07 08:30:00,5891,5893,5893,5891,5892,5894,5894,5892,8
2012-11-07 08:30:00,2012-11-07 08:31:00,5893,5887,5893,5887,5894,5888,5894,5888,22
2012-11-07 08:31:00,2012-11-07 08:32:00,5887,5884,5888,5883,5888,5885,5889,5884,13
2012-11-07 08:32:00,2012-11-07 08:33:00,5884,5886,5886,5883,5885,5887,5887,5884,20
2012-11-07 08:33:00,2012-11-07 08:34:00,5886,5889,5890,5886,5887,5890,5891,5887,13
2012-11-07 08:34:00,2012-11-07 08:35:00,5889,5887,5889,5886,5890,5888,5890,5887,16
2012-11-07 08:35:00,2012-11-07 08:36:00,5887,5887,5888,5886,5888,5888,5889,5887,10
2012-11-07 08:36:00,2012-11-07 08:38:00,5887,5887,5887,5886,5888,5888,5888,5887,8
2012-11-07 08:38:00,2012-11-07 08:39:00,5887,5888,5889,5887,5888,5889,5890,5888,5
2012-11-07 08:39:00,2012-11-07 08:42:00,5889,5890,5891,5889,5890,5891,5892,5890,13
2012-11-07 08:42:00,2012-11-07 08:44:00,5889,5890,5890,5888,5890,5891,5891,5889,3
2012-11-07 08:44:00,2012-11-07 08:45:00,5890,5892,5892,5889,5891,5893,5893,5890,12
2012-11-07 08:45:00,2012-11-07 08:46:00,5892,5893,5893,5891,5893,5894,5894,5892,9
2012-11-07 08:46:00,2012-11-07 08:51:00,5897,5894,5897,5894,5898,5895,5898,5895,7
2012-11-07 08:51:00,2012-11-07 08:52:00,5894,5894,5895,5893,5895,5895,5896,5894,12
2012-11-07 08:52:00,2012-11-07 08:56:00,5896,5898,5898,5896,5897,5899,5899,5897,6
2012-11-07 08:56:00,2012-11-07 08:58:00,5898,5900,5900,5898,5899,5901,5901,5899,16
2012-11-07 08:58:00,2012-11-07 08:59:00,5900,5897,5900,5897,5901,5898,5901,5898,12
2012-11-07 08:59:00,2012-11-07 09:00:00,5897,5897,5898,5897,5898,5898,5899,5898,6
2012-11-07 09:00:00,2012-11-07 09:03:00,5899,5902,5902,5898,5900,5903,5903,5899,7
2012-11-07 09:03:00,2012-11-07 09:04:00,5902,5904,5905,5902,5903,5905,5906,5903,8
2012-11-07 09:04:00,2012-11-07 09:07:00,5903,5903,5905,5903,5904,5904,5906,5904,14
2012-11-07 09:07:00,2012-11-07 09:08:00,5903,5902,5904,5902,5904,5903,5905,5903,7
2012-11-07 09:08:00,2012-11-07 09:09:00,5902,5901,5903,5901,5903,5902,5904,5902,7
2012-11-07 09:09:00,2012-11-07 09:11:00,5901,5901,5901,5900,5902,5902,5902,5901,8
2012-11-07 09:11:00,2012-11-07 09:14:00,5903,5899,5903,5898,5904,5900,5904,5899,12
2012-11-07 09:14:00,2012-11-07 09:15:00,5899,5902,5902,5898,5900,5903,5903,5899,11
2012-11-07 09:15:00,2012-11-07 09:17:00,5902,5901,5902,5900,5903,5902,5903,5901,9
2012-11-07 09:17:00,2012-11-07 09:18:00,5901,5900,5902,5900,5902,5901,5903,5901,11
2012-11-07 09:18:00,2012-11-07 09:20:00,5900,5898,5901,5898,5901,5899,5902,5899,8
2012-11-07 09:20:00,2012-11-07 09:21:00,5898,5897,5898,5896,5899,5898,5899,5897,19
2012-11-07 09:21:00,2012-11-07 09:23:00,5898,5899,5899,5897,5899,5900,5900,5898,9
2012-11-07 09:23:00,2012-11-07 09:25:00,5899,5899,5901,5899,5900,5900,5902,5900,6
2012-11-07 09:25:00,2012-11-07 09:26:00,5899,5896,5899,5895,5900,5897,5900,5896,13
2012-11-07 09:26:00,2012-11-07 09:27:00,5896,5896,5897,5896,5897,5897,5898,5897,10
2012-11-07 09:27:00,2012-11-07 09:39:00,5897,5897,5898,5896,5898,5898,5899,5897,4
2012-11-07 09:39:00,2012-11-07 09:42:00,5897,5899,5899,5897,5898,5900,5900,5898,2
2012-11-07 09:42:00,2012-11-07 09:46:00,5900,5899,5901,5899,5901,5900,5902,5900,5
2012-11-07 09:46:00,2012-11-07 09:47:00,5899,5899,5900,5898,5900,5900,5901,5899,4
2012-11-07 09:47:00,2012-11-07 09:50:00,5902,5902,5903,5901,5903,5903,5904,5902,6
2012-11-07 09:50:00,2012-11-07 09:51:00,5902,5904,5904,5902,5903,5905,5905,5903,6
2012-11-07 09:51:00,2012-11-07 09:54:00,5904,5906,5906,5904,5905,5907,5907,5905,2
2012-11-07 09:54:00,2012-11-07 09:57:00,5905,5907,5907,5905,5906,5908,5908,5906,4
2012-11-07 09:57:00,2012-11-07 09:58:00,5907,5906,5907,5906,5908,5907,5908,5907,7
2012-11-07 09:58:00,2012-11-07 10:01:00,5906,5906,5906,5905,5907,5907,5907,5906,4
2012-11-07 10:01:00,2012-11-07 10:02:00,5906,5907,5907,5905,5907,5908,5908,5906,3
2012-11-07 10:02:00,2012-11-07 10:06:00,5909,5913,5914,5909,5910,5914,5915,5910,12
2012-11-07 10:06:00,2012-11-07 10:07:00,5913,5914,5915,5913,5914,5915,5916,5914,7
2012-11-07 10:07:00,2012-11-07 10:09:00,5915,5915,5916,5915,5916,5916,5917,5916,10
2012-11-07 10:09:00,2012-11-07 10:12:00,5915,5914,5915,5913,5916,5915,5916,5914,5
2012-11-07 10:12:00,2012-11-07 10:13:00,5914,5915,5916,5914,5915,5916,5917,5915,5
2012-11-07 10:13:00,2012-11-07 10:29:00,5916,5918,5918,5915,5917,5919,5919,5916,4
2012-11-07 10:29:00,2012-11-07 10:30:00,5918,5919,5920,5918,5919,5920,5921,5919,7
2012-11-07 10:30:00,2012-11-07 10:31:00,5919,5921,5922,5919,5920,5922,5923,5920,6
2012-11-07 10:31:00,2012-11-07 10:32:00,5921,5921,5922,5920,5922,5922,5923,5921,16
2012-11-07 10:32:00,2012-11-07 10:34:00,5921,5919,5921,5918,5922,5920,5922,5919,6
2012-11-07 10:34:00,2012-11-07 10:37:00,5920,5921,5921,5919,5921,5922,5922,5921,3
2012-11-07 10:37:00,2012-11-07 10:46:00,5920,5918,5920,5918,5921,5919,5921,5919,2
2012-11-07 10:46:00,2012-11-07 10:47:00,5918,5918,5918,5916,5919,5919,5919,5917,12
2012-11-07 10:47:00,2012-11-07 10:48:00,5918,5920,5920,5918,5919,5921,5921,5919,4
2012-11-07 10:48:00,2012-11-07 10:50:00,5920,5920,5921,5920,5921,5921,5922,5921,6
2012-11-07 10:50:00,2012-11-07 10:56:00,5920,5919,5920,5917,5921,5920,5921,5918,7
2012-11-07 10:56:00,2012-11-07 10:58:00,5919,5920,5921,5919,5920,5921,5922,5920,7
2012-11-07 10:58:00,2012-11-07 11:00:00,5919,5915,5919,5915,5920,5916,5920,5916,24
2012-11-07 11:00:00,2012-11-07 11:02:00,5915,5915,5915,5913,5916,5916,5916,5914,16
2012-11-07 11:02:00,2012-11-07 11:03:00,5915,5916,5916,5914,5916,5917,5917,5915,3
2012-11-07 11:03:00,2012-11-07 11:05:00,5916,5914,5916,5914,5917,5915,5917,5915,4
2012-11-07 11:05:00,2012-11-07 11:06:00,5914,5914,5915,5914,5915,5915,5916,5915,4
2012-11-07 11:06:00,2012-11-07 11:07:00,5914,5911,5914,5911,5915,5912,5915,5912,15
2012-11-07 11:07:00,2012-11-07 11:09:00,5911,5913,5913,5910,5912,5914,5914,5911,8
2012-11-07 11:09:00,2012-11-07 11:12:00,5912,5910,5912,5910,5913,5911,5913,5911,6
2012-11-07 11:12:00,2012-11-07 11:15:00,5911,5911,5911,5910,5912,5912,5912,5911,4
2012-11-07 11:15:00,2012-11-07 11:17:00,5910,5909,5910,5908,5911,5910,5911,5909,11
2012-11-07 11:17:00,2012-11-07 11:18:00,5909,5906,5909,5905,5910,5907,5910,5906,17
2012-11-07 11:18:00,2012-11-07 11:19:00,5906,5906,5907,5906,5907,5907,5908,5907,6
2012-11-07 11:19:00,2012-11-07 11:21:00,5906,5902,5906,5902,5907,5903,5907,5903,6
2012-11-07 11:21:00,2012-11-07 11:24:00,5904,5902,5904,5902,5905,5903,5905,5903,4
2012-11-07 11:24:00,2012-11-07 11:25:00,5902,5901,5902,5898,5903,5902,5903,5899,11
2012-11-07 11:25:00,2012-11-07 11:27:00,5901,5903,5904,5901,5902,5904,5905,5902,4
2012-11-07 11:27:00,2012-11-07 11:30:00,5905,5904,5906,5903,5906,5905,5907,5904,7
2012-11-07 11:30:00,2012-11-07 11:33:00,5903,5904,5904,5902,5904,5905,5905,5903,7
2012-11-07 11:33:00,2012-11-07 11:40:00,5907,5905,5907,5905,5908,5906,5908,5906,2
2012-11-07 11:40:00,2012-11-07 11:43:00,5906,5905,5906,5904,5907,5906,5907,5905,7
2012-11-07 11:43:00,2012-11-07 11:49:00,5904,5903,5904,5903,5905,5904,5905,5904,7
2012-11-07 11:49:00,2012-11-07 11:52:00,5902,5902,5903,5902,5903,5903,5904,5903,8
2012-11-07 11:52:00,2012-11-07 11:54:00,5902,5902,5903,5902,5903,5903,5904,5903,2
2012-11-07 11:54:00,2012-11-07 11:57:00,5903,5904,5904,5903,5904,5905,5905,5904,5
2012-11-07 11:57:00,2012-11-07 12:00:00,5904,5904,5904,5899,5905,5905,5905,5900,14
2012-11-07 12:00:00,2012-11-07 12:01:00,5904,5901,5904,5900,5905,5902,5905,5901,17
2012-11-07 12:01:00,2012-11-07 12:04:00,5901,5901,5903,5901,5902,5902,5904,5902,8
2012-11-07 12:04:00,2012-11-07 12:05:00,5901,5899,5901,5899,5902,5900,5902,5900,10
2012-11-07 12:05:00,2012-11-07 12:06:00,5899,5898,5899,5897,5900,5899,5900,5898,15
2012-11-07 12:06:00,2012-11-07 12:07:00,5898,5899,5899,5897,5899,5900,5900,5898,15
2012-11-07 12:07:00,2012-11-07 12:08:00,5899,5899,5899,5898,5900,5900,5900,5899,16
2012-11-07 12:08:00,2012-11-07 12:09:00,5899,5897,5899,5897,5900,5898,5900,5898,12
2012-11-07 12:09:00,2012-11-07 12:13:00,5894,5891,5894,5891,5895,5892,5895,5892,7
2012-11-07 12:13:00,2012-11-07 12:14:00,5891,5888,5893,5888,5892,5889,5894,5889,11
2012-11-07 12:14:00,2012-11-07 12:15:00,5888,5888,5888,5886,5889,5889,5889,5887,18
2012-11-07 12:15:00,2012-11-07 12:16:00,5888,5889,5889,5887,5889,5890,5890,5888,7
2012-11-07 12:16:00,2012-11-07 12:17:00,5889,5889,5889,5888,5890,5890,5890,5889,6
2012-11-07 12:17:00,2012-11-07 12:19:00,5888,5887,5889,5886,5889,5888,5890,5887,11
2012-11-07 12:19:00,2012-11-07 12:20:00,5887,5886,5888,5886,5888,5887,5889,5887,9
2012-11-07 12:20:00,2012-11-07 12:21:00,5886,5885,5886,5883,5887,5886,5887,5884,17
2012-11-07 12:21:00,2012-11-07 12:22:00,5885,5881,5885,5881,5886,5882,5886,5882,16
2012-11-07 12:22:00,2012-11-07 12:23:00,5881,5879,5882,5879,5882,5880,5883,5880,12
2012-11-07 12:23:00,2012-11-07 12:24:00,5879,5877,5879,5876,5880,5878,5880,5877,16
2012-11-07 12:24:00,2012-11-07 12:25:00,5877,5872,5877,5872,5878,5873,5878,5873,21
2012-11-07 12:25:00,2012-11-07 12:26:00,5872,5873,5873,5869,5873,5874,5874,5870,25
2012-11-07 12:26:00,2012-11-07 12:27:00,5873,5869,5874,5869,5874,5870,5875,5870,16
2012-11-07 12:27:00,2012-11-07 12:28:00,5869,5872,5872,5869,5870,5873,5873,5870,23
2012-11-07 12:28:00,2012-11-07 12:29:00,5872,5875,5876,5872,5873,5876,5877,5873,17
2012-11-07 12:29:00,2012-11-07 12:30:00,5875,5875,5876,5874,5876,5876,5877,5875,12
2012-11-07 12:30:00,2012-11-07 12:32:00,5875,5879,5881,5875,5876,5880,5882,5876,17
2012-11-07 12:32:00,2012-11-07 12:33:00,5879,5878,5881,5878,5880,5879,5882,5879,21
2012-11-07 12:33:00,2012-11-07 12:35:00,5877,5880,5880,5877,5878,5881,5881,5878,7
2012-11-07 12:35:00,2012-11-07 12:37:00,5880,5877,5880,5877,5881,5878,5881,5878,9
2012-11-07 12:37:00,2012-11-07 12:38:00,5877,5872,5878,5872,5878,5873,5879,5873,15
2012-11-07 12:38:00,2012-11-07 12:39:00,5872,5869,5872,5868,5873,5870,5873,5869,21
2012-11-07 12:39:00,2012-11-07 12:40:00,5869,5870,5871,5867,5870,5871,5872,5868,25
2012-11-07 12:40:00,2012-11-07 12:41:00,5870,5873,5874,5869,5871,5874,5875,5870,21
2012-11-07 12:41:00,2012-11-07 12:42:00,5873,5871,5873,5871,5874,5872,5874,5872,14
2012-11-07 12:42:00,2012-11-07 12:43:00,5871,5874,5874,5871,5872,5875,5875,5872,9
2012-11-07 12:43:00,2012-11-07 12:44:00,5874,5873,5875,5873,5875,5874,5876,5874,3
2012-11-07 12:44:00,2012-11-07 12:45:00,5873,5871,5873,5870,5874,5872,5874,5871,14
2012-11-07 12:45:00,2012-11-07 12:46:00,5871,5869,5871,5868,5872,5870,5872,5869,16
2012-11-07 12:46:00,2012-11-07 12:47:00,5869,5869,5870,5868,5870,5870,5871,5869,8
2012-11-07 12:47:00,2012-11-07 12:48:00,5869,5872,5872,5869,5870,5873,5873,5870,11
2012-11-07 12:48:00,2012-11-07 12:49:00,5872,5870,5872,5869,5873,5871,5873,5870,14
2012-11-07 12:49:00,2012-11-07 12:57:00,5870,5868,5871,5867,5871,5869,5872,5868,26
2012-11-07 12:57:00,2012-11-07 12:58:00,5868,5868,5869,5867,5869,5869,5870,5868,16
2012-11-07 12:58:00,2012-11-07 13:00:00,5869,5869,5869,5867,5870,5870,5870,5868,6
2012-11-07 13:00:00,2012-11-07 13:01:00,5869,5867,5870,5867,5870,5868,5871,5868,14
2012-11-07 13:01:00,2012-11-07 13:02:00,5867,5866,5869,5864,5868,5867,5870,5865,21
2012-11-07 13:02:00,2012-11-07 13:03:00,5866,5867,5868,5865,5867,5868,5869,5866,19
2012-11-07 13:03:00,2012-11-07 13:04:00,5867,5868,5868,5865,5868,5869,5869,5866,10
2012-11-07 13:04:00,2012-11-07 13:05:00,5868,5867,5868,5866,5869,5868,5869,5867,21
2012-11-07 13:05:00,2012-11-07 13:06:00,5867,5866,5868,5866,5868,5867,5869,5867,9
2012-11-07 13:06:00,2012-11-07 13:07:00,5866,5866,5867,5865,5867,5867,5868,5866,24
2012-11-07 13:07:00,2012-11-07 13:08:00,5866,5863,5866,5860,5867,5864,5867,5861,27
2012-11-07 13:08:00,2012-11-07 13:09:00,5863,5867,5868,5862,5864,5868,5869,5863,18
2012-11-07 13:09:00,2012-11-07 13:10:00,5867,5865,5867,5865,5868,5866,5868,5866,18
2012-11-07 13:10:00,2012-11-07 13:11:00,5865,5863,5867,5863,5866,5864,5868,5864,14
2012-11-07 13:11:00,2012-11-07 13:12:00,5863,5866,5866,5863,5864,5867,5867,5864,17
2012-11-07 13:12:00,2012-11-07 13:13:00,5866,5865,5867,5865,5867,5866,5868,5866,13
2012-11-07 13:13:00,2012-11-07 13:14:00,5865,5864,5866,5863,5866,5865,5867,5864,21
2012-11-07 13:14:00,2012-11-07 13:15:00,5864,5862,5864,5861,5865,5863,5865,5862,36
2012-11-07 13:15:00,2012-11-07 13:16:00,5862,5862,5863,5861,5863,5863,5864,5862,16
2012-11-07 13:16:00,2012-11-07 13:17:00,5862,5863,5863,5861,5863,5864,5864,5862,27
2012-11-07 13:17:00,2012-11-07 13:18:00,5863,5864,5865,5862,5864,5865,5866,5863,11
2012-11-07 13:18:00,2012-11-07 13:19:00,5864,5866,5867,5864,5865,5867,5868,5865,8
2012-11-07 13:19:00,2012-11-07 13:20:00,5866,5865,5866,5862,5867,5866,5867,5863,13
2012-11-07 13:20:00,2012-11-07 13:21:00,5865,5865,5866,5864,5866,5866,5867,5865,12
2012-11-07 13:21:00,2012-11-07 13:22:00,5865,5867,5867,5865,5866,5868,5868,5866,6
2012-11-07 13:22:00,2012-11-07 13:25:00,5870,5869,5871,5869,5871,5870,5872,5870,11
2012-11-07 13:25:00,2012-11-07 13:27:00,5870,5870,5871,5869,5871,5871,5872,5870,8
2012-11-07 13:27:00,2012-11-07 13:29:00,5869,5867,5869,5864,5870,5868,5870,5865,16
2012-11-07 13:29:00,2012-11-07 13:31:00,5866,5867,5868,5866,5867,5868,5869,5867,3
2012-11-07 13:31:00,2012-11-07 13:34:00,5866,5868,5868,5866,5867,5869,5869,5867,8
2012-11-07 13:34:00,2012-11-07 13:36:00,5870,5868,5870,5867,5871,5869,5871,5868,6
2012-11-07 13:36:00,2012-11-07 13:37:00,5868,5868,5869,5867,5869,5869,5870,5868,4
2012-11-07 13:37:00,2012-11-07 13:39:00,5868,5868,5869,5868,5869,5869,5870,5869,10
2012-11-07 13:39:00,2012-11-07 13:40:00,5868,5866,5868,5866,5869,5867,5869,5867,4
2012-11-07 13:40:00,2012-11-07 13:41:00,5866,5866,5866,5863,5867,5867,5867,5864,10
2012-11-07 13:41:00,2012-11-07 13:42:00,5866,5867,5867,5865,5867,5868,5868,5866,5
2012-11-07 13:42:00,2012-11-07 13:43:00,5867,5869,5869,5867,5868,5870,5870,5868,10
2012-11-07 13:43:00,2012-11-07 13:45:00,5868,5869,5870,5868,5869,5870,5871,5869,5
2012-11-07 13:45:00,2012-11-07 13:51:00,5870,5868,5870,5868,5871,5869,5871,5869,2
2012-11-07 13:51:00,2012-11-07 13:54:00,5867,5863,5867,5863,5868,5864,5868,5864,6
2012-11-07 13:54:00,2012-11-07 13:55:00,5863,5863,5864,5863,5864,5864,5865,5864,8
2012-11-07 13:55:00,2012-11-07 13:56:00,5863,5864,5865,5863,5864,5865,5866,5864,7
2012-11-07 13:56:00,2012-11-07 13:57:00,5864,5860,5864,5859,5865,5861,5865,5860,10
2012-11-07 13:57:00,2012-11-07 13:58:00,5860,5860,5862,5859,5861,5861,5863,5860,14
2012-11-07 13:58:00,2012-11-07 13:59:00,5860,5860,5861,5860,5861,5861,5862,5861,6
2012-11-07 13:59:00,2012-11-07 14:00:00,5860,5856,5860,5856,5861,5857,5861,5857,16
2012-11-07 14:00:00,2012-11-07 14:01:00,5856,5854,5856,5853,5857,5855,5857,5854,22
2012-11-07 14:01:00,2012-11-07 14:02:00,5854,5856,5856,5854,5855,5857,5857,5855,8
2012-11-07 14:02:00,2012-11-07 14:03:00,5856,5857,5857,5855,5857,5858,5858,5856,9
2012-11-07 14:03:00,2012-11-07 14:04:00,5857,5857,5858,5857,5858,5858,5859,5858,8
2012-11-07 14:04:00,2012-11-07 14:05:00,5857,5858,5858,5857,5858,5859,5859,5858,9
2012-11-07 14:05:00,2012-11-07 14:07:00,5858,5858,5859,5858,5859,5859,5860,5859,8
2012-11-07 14:07:00,2012-11-07 14:08:00,5858,5857,5858,5857,5859,5858,5859,5858,1
2012-11-07 14:08:00,2012-11-07 14:09:00,5857,5857,5858,5856,5858,5858,5859,5857,6
2012-11-07 14:09:00,2012-11-07 14:10:00,5857,5856,5857,5855,5858,5857,5858,5856,9
2012-11-07 14:10:00,2012-11-07 14:11:00,5856,5855,5857,5855,5857,5856,5858,5856,5
2012-11-07 14:11:00,2012-11-07 14:13:00,5855,5853,5856,5853,5856,5854,5857,5854,4
2012-11-07 14:13:00,2012-11-07 14:14:00,5853,5853,5854,5851,5854,5854,5855,5852,14
2012-11-07 14:14:00,2012-11-07 14:15:00,5853,5854,5854,5852,5854,5855,5855,5853,7
2012-11-07 14:15:00,2012-11-07 14:16:00,5854,5855,5855,5854,5855,5856,5856,5855,9
2012-11-07 14:16:00,2012-11-07 14:17:00,5855,5858,5859,5855,5856,5859,5860,5856,9
2012-11-07 14:17:00,2012-11-07 14:18:00,5858,5858,5859,5857,5859,5859,5860,5858,4
2012-11-07 14:18:00,2012-11-07 14:20:00,5859,5859,5860,5858,5860,5860,5861,5859,8
2012-11-07 14:20:00,2012-11-07 14:22:00,5860,5860,5860,5859,5861,5861,5861,5860,14
2012-11-07 14:22:00,2012-11-07 14:23:00,5860,5857,5860,5857,5861,5858,5861,5858,5
2012-11-07 14:23:00,2012-11-07 14:24:00,5857,5859,5859,5857,5858,5860,5860,5858,6
2012-11-07 14:24:00,2012-11-07 14:25:00,5859,5859,5859,5858,5860,5860,5860,5859,2
2012-11-07 14:25:00,2012-11-07 14:26:00,5859,5858,5859,5858,5860,5859,5860,5859,7
2012-11-07 14:26:00,2012-11-07 14:27:00,5858,5858,5859,5858,5859,5859,5860,5859,10
2012-11-07 14:27:00,2012-11-07 14:28:00,5858,5853,5858,5853,5859,5854,5859,5854,5
2012-11-07 14:28:00,2012-11-07 14:29:00,5853,5853,5853,5852,5854,5854,5854,5853,8
2012-11-07 14:29:00,2012-11-07 14:30:00,5853,5846,5853,5845,5854,5847,5854,5846,19
2012-11-07 14:30:00,2012-11-07 14:31:00,5846,5843,5846,5842,5847,5844,5847,5843,27
2012-11-07 14:31:00,2012-11-07 14:32:00,5843,5845,5846,5843,5844,5846,5847,5844,20
2012-11-07 14:32:00,2012-11-07 14:33:00,5845,5840,5847,5839,5846,5841,5848,5840,21
2012-11-07 14:33:00,2012-11-07 14:34:00,5840,5843,5843,5838,5841,5844,5844,5839,21
2012-11-07 14:34:00,2012-11-07 14:35:00,5843,5841,5843,5840,5844,5842,5844,5841,16
2012-11-07 14:35:00,2012-11-07 14:36:00,5841,5835,5841,5834,5842,5836,5842,5835,22
2012-11-07 14:36:00,2012-11-07 14:37:00,5835,5834,5835,5831,5836,5835,5836,5832,33
2012-11-07 14:37:00,2012-11-07 14:38:00,5834,5837,5839,5834,5835,5838,5840,5835,21
2012-11-07 14:38:00,2012-11-07 14:39:00,5837,5839,5841,5836,5838,5840,5842,5837,18
2012-11-07 14:39:00,2012-11-07 14:40:00,5839,5838,5841,5837,5840,5839,5842,5838,31
2012-11-07 14:40:00,2012-11-07 14:41:00,5838,5836,5839,5836,5839,5837,5840,5837,16
2012-11-07 14:41:00,2012-11-07 14:42:00,5836,5839,5839,5836,5837,5840,5840,5837,29
2012-11-07 14:42:00,2012-11-07 14:43:00,5839,5840,5841,5838,5840,5841,5842,5839,19
2012-11-07 14:43:00,2012-11-07 14:44:00,5840,5840,5840,5839,5841,5841,5841,5840,22
2012-11-07 14:44:00,2012-11-07 14:45:00,5840,5839,5840,5836,5841,5840,5841,5837,25
2012-11-07 14:45:00,2012-11-07 14:46:00,5839,5840,5841,5839,5840,5841,5842,5840,21
2012-11-07 14:46:00,2012-11-07 14:47:00,5840,5842,5842,5840,5841,5843,5843,5841,16
2012-11-07 14:47:00,2012-11-07 14:48:00,5842,5843,5843,5841,5843,5844,5844,5842,9
2012-11-07 14:48:00,2012-11-07 14:49:00,5843,5844,5844,5842,5844,5845,5845,5843,13
2012-11-07 14:49:00,2012-11-07 14:50:00,5844,5841,5844,5841,5845,5842,5845,5842,11
2012-11-07 14:50:00,2012-11-07 14:51:00,5841,5840,5841,5839,5842,5841,5842,5840,13
2012-11-07 14:51:00,2012-11-07 14:52:00,5840,5839,5840,5839,5841,5840,5841,5840,9
2012-11-07 14:52:00,2012-11-07 14:53:00,5839,5842,5843,5839,5840,5843,5844,5840,15
2012-11-07 14:53:00,2012-11-07 14:54:00,5842,5839,5842,5838,5843,5840,5843,5839,23
2012-11-07 14:54:00,2012-11-07 14:55:00,5839,5840,5840,5836,5840,5841,5841,5837,15
2012-11-07 14:55:00,2012-11-07 14:56:00,5840,5837,5840,5836,5841,5838,5841,5837,17
2012-11-07 14:56:00,2012-11-07 14:57:00,5837,5836,5837,5833,5838,5837,5838,5834,27
2012-11-07 14:57:00,2012-11-07 14:58:00,5836,5836,5837,5835,5837,5837,5838,5836,20
2012-11-07 14:58:00,2012-11-07 14:59:00,5836,5835,5836,5834,5837,5836,5837,5835,19
2012-11-07 14:59:00,2012-11-07 15:00:00,5835,5833,5835,5832,5836,5834,5836,5833,28
2012-11-07 15:00:00,2012-11-07 15:01:00,5833,5830,5833,5828,5834,5831,5834,5829,35
2012-11-07 15:01:00,2012-11-07 15:02:00,5830,5830,5830,5827,5831,5831,5831,5828,18
2012-11-07 15:02:00,2012-11-07 15:03:00,5830,5830,5831,5829,5831,5831,5832,5830,8
2012-11-07 15:03:00,2012-11-07 15:04:00,5830,5830,5831,5829,5831,5831,5832,5830,14
2012-11-07 15:04:00,2012-11-07 15:05:00,5830,5828,5831,5827,5831,5829,5832,5828,20
2012-11-07 15:05:00,2012-11-07 15:06:00,5828,5825,5828,5824,5829,5826,5829,5825,19
2012-11-07 15:06:00,2012-11-07 15:07:00,5825,5828,5830,5825,5826,5829,5831,5826,27
2012-11-07 15:07:00,2012-11-07 15:08:00,5828,5829,5830,5828,5829,5830,5831,5829,21
2012-11-07 15:08:00,2012-11-07 15:09:00,5829,5830,5830,5828,5830,5831,5831,5829,15
2012-11-07 15:09:00,2012-11-07 15:10:00,5830,5829,5831,5828,5831,5830,5832,5829,19
2012-11-07 15:10:00,2012-11-07 15:11:00,5829,5825,5829,5825,5830,5826,5830,5826,24
2012-11-07 15:11:00,2012-11-07 15:12:00,5825,5827,5828,5824,5826,5828,5829,5825,20
2012-11-07 15:12:00,2012-11-07 15:13:00,5827,5827,5828,5826,5828,5828,5829,5827,28
2012-11-07 15:13:00,2012-11-07 15:14:00,5827,5827,5827,5825,5828,5828,5828,5826,20
2012-11-07 15:14:00,2012-11-07 15:15:00,5827,5822,5827,5822,5828,5823,5828,5823,19
2012-11-07 15:15:00,2012-11-07 15:16:00,5822,5824,5825,5822,5823,5825,5826,5823,34
2012-11-07 15:16:00,2012-11-07 15:17:00,5824,5820,5825,5819,5825,5821,5826,5820,34
2012-11-07 15:17:00,2012-11-07 15:18:00,5820,5815,5820,5814,5821,5816,5821,5815,28
2012-11-07 15:18:00,2012-11-07 15:19:00,5815,5812,5816,5811,5816,5813,5817,5812,29
2012-11-07 15:19:00,2012-11-07 15:20:00,5812,5811,5812,5809,5813,5812,5813,5810,23
2012-11-07 15:20:00,2012-11-07 15:21:00,5811,5811,5815,5811,5812,5812,5816,5812,24
2012-11-07 15:21:00,2012-11-07 15:22:00,5811,5807,5812,5806,5812,5808,5813,5807,26
2012-11-07 15:22:00,2012-11-07 15:23:00,5807,5804,5807,5799,5808,5805,5808,5800,40
2012-11-07 15:23:00,2012-11-07 15:24:00,5804,5807,5808,5804,5805,5808,5809,5805,13
2012-11-07 15:24:00,2012-11-07 15:25:00,5807,5805,5807,5805,5808,5806,5808,5806,18
2012-11-07 15:25:00,2012-11-07 15:27:00,5807,5806,5807,5805,5808,5807,5808,5806,15
2012-11-07 15:27:00,2012-11-07 15:28:00,5806,5806,5807,5805,5807,5807,5808,5806,20
2012-11-07 15:28:00,2012-11-07 15:29:00,5806,5808,5809,5806,5807,5809,5810,5807,10
2012-11-07 15:29:00,2012-11-07 15:30:00,5808,5805,5808,5805,5809,5806,5809,5806,19
2012-11-07 15:30:00,2012-11-07 15:31:00,5805,5808,5809,5805,5806,5809,5810,5806,7
2012-11-07 15:31:00,2012-11-07 15:32:00,5808,5812,5813,5807,5809,5813,5814,5808,32
2012-11-07 15:32:00,2012-11-07 15:33:00,5812,5814,5814,5811,5813,5815,5815,5812,24
2012-11-07 15:33:00,2012-11-07 15:34:00,5814,5811,5815,5811,5815,5812,5816,5812,21
2012-11-07 15:34:00,2012-11-07 15:35:00,5811,5810,5811,5809,5812,5811,5812,5810,17
2012-11-07 15:35:00,2012-11-07 15:36:00,5810,5808,5810,5807,5811,5809,5811,5808,16
2012-11-07 15:36:00,2012-11-07 15:37:00,5808,5810,5810,5808,5809,5811,5811,5809,14
2012-11-07 15:37:00,2012-11-07 15:38:00,5810,5810,5810,5808,5811,5811,5811,5809,24
2012-11-07 15:38:00,2012-11-07 15:39:00,5810,5812,5813,5808,5811,5813,5814,5809,26
2012-11-07 15:39:00,2012-11-07 15:40:00,5812,5810,5812,5809,5813,5811,5813,5810,18
2012-11-07 15:40:00,2012-11-07 15:42:00,5809,5812,5813,5809,5810,5813,5814,5810,9
2012-11-07 15:42:00,2012-11-07 15:43:00,5812,5812,5815,5811,5813,5813,5816,5812,24
2012-11-07 15:43:00,2012-11-07 15:44:00,5812,5814,5814,5812,5813,5815,5815,5813,18
2012-11-07 15:44:00,2012-11-07 15:45:00,5814,5809,5814,5809,5815,5810,5815,5810,29
2012-11-07 15:45:00,2012-11-07 15:46:00,5809,5810,5810,5808,5810,5811,5811,5809,11
2012-11-07 15:46:00,2012-11-07 15:48:00,5810,5810,5812,5809,5811,5811,5813,5810,18
2012-11-07 15:48:00,2012-11-07 15:49:00,5810,5807,5810,5807,5811,5808,5811,5808,13
2012-11-07 15:49:00,2012-11-07 15:50:00,5807,5806,5809,5806,5808,5807,5810,5807,33
2012-11-07 15:50:00,2012-11-07 15:51:00,5806,5806,5807,5805,5807,5807,5808,5806,22
2012-11-07 15:51:00,2012-11-07 15:52:00,5806,5802,5807,5802,5807,5803,5808,5803,30
2012-11-07 15:52:00,2012-11-07 15:53:00,5802,5802,5803,5801,5803,5803,5804,5802,20
2012-11-07 15:53:00,2012-11-07 15:54:00,5802,5803,5803,5801,5803,5804,5804,5802,27
2012-11-07 15:54:00,2012-11-07 15:55:00,5803,5801,5803,5799,5804,5802,5804,5800,20
2012-11-07 15:55:00,2012-11-07 15:56:00,5801,5802,5802,5799,5802,5803,5803,5800,25
2012-11-07 15:56:00,2012-11-07 15:57:00,5802,5802,5803,5801,5803,5803,5804,5802,16
2012-11-07 15:57:00,2012-11-07 15:58:00,5802,5802,5804,5801,5803,5803,5805,5802,20
2012-11-07 15:58:00,2012-11-07 15:59:00,5802,5798,5802,5797,5803,5799,5803,5798,36
2012-11-07 15:59:00,2012-11-07 16:00:00,5798,5800,5801,5797,5799,5801,5802,5798,26
2012-11-07 16:00:00,2012-11-07 16:01:00,5800,5804,5804,5800,5801,5805,5805,5801,16
2012-11-07 16:01:00,2012-11-07 16:02:00,5804,5804,5806,5803,5805,5805,5807,5804,36
2012-11-07 16:02:00,2012-11-07 16:03:00,5804,5806,5807,5803,5805,5807,5808,5804,22
2012-11-07 16:03:00,2012-11-07 16:05:00,5806,5807,5808,5805,5807,5808,5809,5806,15
2012-11-07 16:05:00,2012-11-07 16:06:00,5807,5808,5810,5807,5808,5809,5811,5808,27
2012-11-07 16:06:00,2012-11-07 16:07:00,5808,5808,5808,5806,5809,5809,5809,5807,22
2012-11-07 16:07:00,2012-11-07 16:08:00,5808,5806,5808,5805,5809,5807,5809,5806,20
2012-11-07 16:08:00,2012-11-07 16:09:00,5806,5809,5809,5806,5807,5810,5810,5807,17
2012-11-07 16:09:00,2012-11-07 16:10:00,5809,5807,5809,5807,5810,5808,5810,5808,8
2012-11-07 16:10:00,2012-11-07 16:12:00,5807,5808,5808,5806,5808,5809,5809,5807,15
2012-11-07 16:12:00,2012-11-07 16:13:00,5808,5808,5808,5807,5809,5809,5809,5808,16
2012-11-07 16:13:00,2012-11-07 16:14:00,5808,5807,5808,5806,5809,5808,5809,5807,19
2012-11-07 16:14:00,2012-11-07 16:15:00,5807,5805,5807,5805,5808,5806,5808,5806,16
2012-11-07 16:15:00,2012-11-07 16:16:00,5805,5805,5805,5802,5806,5806,5806,5803,22
2012-11-07 16:16:00,2012-11-07 16:17:00,5805,5803,5805,5802,5806,5804,5806,5803,10
2012-11-07 16:17:00,2012-11-07 16:18:00,5803,5802,5804,5802,5804,5803,5805,5803,9
2012-11-07 16:18:00,2012-11-07 16:19:00,5802,5799,5802,5799,5803,5800,5803,5800,15
2012-11-07 16:19:00,2012-11-07 16:20:00,5799,5797,5801,5797,5800,5798,5802,5798,22
2012-11-07 16:20:00,2012-11-07 16:21:00,5797,5797,5800,5797,5798,5798,5801,5798,17
2012-11-07 16:21:00,2012-11-07 16:22:00,5797,5795,5798,5794,5798,5796,5799,5795,20
2012-11-07 16:22:00,2012-11-07 16:23:00,5795,5793,5795,5792,5796,5794,5796,5793,10
2012-11-07 16:23:00,2012-11-07 16:24:00,5793,5792,5794,5791,5794,5793,5795,5792,33
2012-11-07 16:24:00,2012-11-07 16:25:00,5792,5791,5793,5791,5793,5792,5794,5792,13
2012-11-07 16:25:00,2012-11-07 16:26:00,5791,5789,5793,5789,5792,5790,5794,5790,15
2012-11-07 16:26:00,2012-11-07 16:27:00,5789,5789,5790,5787,5790,5790,5791,5788,38
2012-11-07 16:27:00,2012-11-07 16:28:00,5789,5789,5791,5787,5790,5790,5792,5788,22
2012-11-07 16:28:00,2012-11-07 16:29:00,5789,5791,5792,5787,5790,5792,5793,5788,47
2012-11-07 16:29:00,2012-11-07 16:30:00,5791,5793,5794,5791,5792,5794,5795,5792,28
2012-11-07 16:30:00,2012-11-07 16:31:00,5793,5790,5794,5788,5794,5791,5795,5789,37
2012-11-07 16:31:00,2012-11-07 16:32:00,5790,5791,5794,5788,5791,5792,5795,5789,26
2012-11-07 16:32:00,2012-11-07 16:33:00,5791,5791,5791,5788,5792,5792,5792,5789,28
2012-11-07 16:33:00,2012-11-07 16:34:00,5791,5789,5793,5787,5792,5790,5794,5788,54
2012-11-07 16:34:00,2012-11-07 16:35:00,5789,5794,5794,5787,5790,5795,5795,5788,37
2012-11-07 16:35:00,2012-11-07 16:36:00,5794,5794,5796,5793,5795,5795,5797,5794,15
2012-11-07 16:36:00,2012-11-07 16:37:00,5794,5796,5796,5794,5795,5797,5797,5795,16
2012-11-07 16:37:00,2012-11-07 16:38:00,5796,5798,5798,5795,5797,5799,5799,5796,12
2012-11-07 16:38:00,2012-11-07 16:39:00,5798,5797,5798,5796,5799,5798,5799,5797,21
2012-11-07 16:39:00,2012-11-07 16:40:00,5797,5799,5800,5797,5798,5800,5801,5798,18
2012-11-07 16:40:00,2012-11-07 16:41:00,5799,5800,5800,5798,5800,5801,5801,5799,25
2012-11-07 16:41:00,2012-11-07 16:42:00,5800,5799,5800,5798,5801,5800,5801,5799,9
2012-11-07 16:42:00,2012-11-07 16:43:00,5799,5801,5802,5798,5800,5802,5803,5799,12
2012-11-07 16:43:00,2012-11-07 16:45:00,5801,5798,5801,5797,5802,5799,5802,5798,25
2012-11-07 16:45:00,2012-11-07 16:46:00,5798,5799,5800,5798,5799,5800,5801,5799,7
2012-11-07 16:46:00,2012-11-07 16:47:00,5799,5802,5802,5797,5800,5803,5803,5798,15
2012-11-07 16:47:00,2012-11-07 16:48:00,5802,5803,5804,5802,5803,5804,5805,5803,15
2012-11-07 16:48:00,2012-11-07 16:49:00,5803,5805,5807,5803,5804,5807,5809,5804,20
2012-11-07 16:49:00,2012-11-07 16:50:00,5805,5804,5805,5803,5807,5806,5807,5805,13
2012-11-07 16:50:00,2012-11-07 16:51:00,5804,5805,5806,5803,5806,5807,5808,5805,17
2012-11-07 16:51:00,2012-11-07 16:52:00,5805,5807,5807,5805,5807,5809,5809,5807,16
2012-11-07 16:52:00,2012-11-07 16:53:00,5807,5809,5809,5806,5809,5811,5811,5808,14
2012-11-07 16:53:00,2012-11-07 16:54:00,5809,5809,5809,5808,5811,5811,5811,5810,12
2012-11-07 16:54:00,2012-11-07 16:56:00,5808,5806,5809,5806,5810,5808,5811,5808,14
2012-11-07 16:56:00,2012-11-07 16:57:00,5806,5808,5810,5806,5808,5810,5812,5808,8
2012-11-07 16:57:00,2012-11-07 16:58:00,5808,5811,5811,5808,5810,5813,5813,5810,15
2012-11-07 16:58:00,2012-11-07 16:59:00,5811,5811,5812,5809,5813,5813,5814,5811,14
2012-11-07 16:59:00,2012-11-07 17:00:00,5811,5810,5811,5809,5813,5812,5813,5811,13
2012-11-07 17:00:00,2012-11-07 17:01:00,5810,5809,5810,5809,5812,5811,5812,5811,7
2012-11-07 17:01:00,2012-11-07 17:02:00,5809,5809,5811,5808,5811,5811,5813,5810,12
2012-11-07 17:02:00,2012-11-07 17:03:00,5809,5811,5811,5809,5811,5813,5813,5811,10
2012-11-07 17:03:00,2012-11-07 17:05:00,5810,5809,5810,5809,5812,5811,5812,5811,9
2012-11-07 17:05:00,2012-11-07 17:06:00,5809,5809,5810,5808,5811,5811,5812,5810,14
2012-11-07 17:06:00,2012-11-07 17:07:00,5809,5808,5809,5808,5811,5810,5811,5810,11
2012-11-07 17:07:00,2012-11-07 17:08:00,5808,5809,5809,5808,5810,5811,5811,5810,9
2012-11-07 17:08:00,2012-11-07 17:09:00,5809,5807,5809,5807,5811,5809,5811,5809,6
2012-11-07 17:09:00,2012-11-07 17:10:00,5807,5806,5808,5805,5809,5808,5810,5807,15
2012-11-07 17:10:00,2012-11-07 17:11:00,5806,5804,5806,5804,5808,5806,5808,5806,2
2012-11-07 17:11:00,2012-11-07 17:13:00,5804,5805,5806,5804,5806,5807,5808,5806,5
2012-11-07 17:13:00,2012-11-07 17:14:00,5805,5803,5806,5803,5807,5805,5808,5805,4
2012-11-07 17:14:00,2012-11-07 17:15:00,5803,5805,5805,5803,5805,5807,5807,5805,2
2012-11-07 17:15:00,2012-11-07 17:16:00,5805,5807,5808,5805,5807,5809,5810,5807,10
2012-11-07 17:16:00,2012-11-07 17:17:00,5807,5808,5809,5807,5809,5810,5811,5809,15
2012-11-07 17:17:00,2012-11-07 17:18:00,5808,5807,5808,5805,5810,5809,5810,5807,13
2012-11-07 17:18:00,2012-11-07 17:19:00,5807,5808,5808,5807,5809,5810,5810,5809,5
2012-11-07 17:19:00,2012-11-07 17:20:00,5808,5809,5809,5807,5810,5811,5811,5809,7
2012-11-07 17:20:00,2012-11-07 17:22:00,5810,5809,5810,5808,5812,5811,5812,5810,11
2012-11-07 17:22:00,2012-11-07 17:23:00,5809,5810,5810,5809,5811,5812,5812,5811,11
2012-11-07 17:23:00,2012-11-07 17:27:00,5809,5810,5810,5808,5811,5812,5812,5810,5
2012-11-07 17:27:00,2012-11-07 17:28:00,5810,5808,5810,5808,5812,5810,5812,5810,6
2012-11-07 17:28:00,2012-11-07 17:30:00,5808,5807,5809,5807,5810,5809,5811,5809,7
2012-11-07 17:30:00,2012-11-07 17:33:00,5808,5809,5809,5808,5810,5811,5811,5810,7
2012-11-07 17:33:00,2012-11-07 17:35:00,5809,5811,5812,5809,5811,5813,5814,5811,10
2012-11-07 17:35:00,2012-11-07 17:40:00,5812,5811,5813,5811,5814,5813,5815,5813,5
2012-11-07 17:40:00,2012-11-07 17:43:00,5810,5810,5811,5809,5812,5812,5813,5811,6
2012-11-07 17:43:00,2012-11-07 17:44:00,5810,5813,5814,5810,5812,5815,5816,5812,9
2012-11-07 17:44:00,2012-11-07 17:45:00,5813,5812,5815,5812,5815,5814,5817,5814,9
2012-11-07 17:45:00,2012-11-07 17:47:00,5812,5810,5812,5810,5814,5812,5814,5812,2
2012-11-07 17:47:00,2012-11-07 17:48:00,5810,5811,5813,5810,5812,5813,5815,5812,4
2012-11-07 17:48:00,2012-11-07 17:50:00,5810,5810,5811,5809,5812,5812,5813,5811,8
2012-11-07 17:50:00,2012-11-07 17:51:00,5810,5813,5813,5810,5812,5815,5815,5812,5
2012-11-07 17:51:00,2012-11-07 17:52:00,5813,5811,5813,5811,5815,5813,5815,5813,6
2012-11-07 17:52:00,2012-11-07 17:53:00,5811,5811,5812,5811,5813,5813,5814,5813,2
2012-11-07 17:53:00,2012-11-07 17:54:00,5811,5811,5811,5810,5813,5813,5813,5812,4
2012-11-07 17:54:00,2012-11-07 17:57:00,5808,5808,5809,5807,5810,5810,5811,5809,8
2012-11-07 17:57:00,2012-11-07 17:58:00,5808,5809,5809,5807,5810,5811,5811,5809,11
2012-11-07 17:58:00,2012-11-07 17:59:00,5809,5808,5809,5808,5811,5810,5811,5810,7
2012-11-07 17:59:00,2012-11-07 18:01:00,5807,5809,5809,5807,5809,5811,5811,5809,8
2012-11-07 18:01:00,2012-11-07 18:02:00,5809,5809,5811,5809,5811,5811,5813,5811,4
2012-11-07 18:02:00,2012-11-07 18:04:00,5810,5811,5811,5809,5812,5813,5813,5811,5
2012-11-07 18:04:00,2012-11-07 18:05:00,5811,5815,5816,5811,5813,5817,5818,5813,24
2012-11-07 18:05:00,2012-11-07 18:06:00,5815,5816,5819,5814,5817,5818,5821,5816,19
2012-11-07 18:06:00,2012-11-07 18:07:00,5816,5821,5822,5816,5818,5823,5824,5818,15
2012-11-07 18:07:00,2012-11-07 18:08:00,5821,5819,5821,5818,5823,5821,5823,5820,9
2012-11-07 18:08:00,2012-11-07 18:09:00,5819,5820,5821,5819,5821,5822,5823,5821,15
2012-11-07 18:09:00,2012-11-07 18:10:00,5820,5820,5821,5819,5822,5822,5823,5821,14
2012-11-07 18:10:00,2012-11-07 18:11:00,5820,5820,5821,5819,5822,5822,5823,5821,18
2012-11-07 18:11:00,2012-11-07 18:12:00,5820,5820,5820,5819,5822,5822,5822,5821,10
2012-11-07 18:12:00,2012-11-07 18:14:00,5820,5820,5821,5820,5822,5822,5823,5822,2
2012-11-07 18:14:00,2012-11-07 18:15:00,5820,5820,5821,5820,5822,5822,5823,5822,4
2012-11-07 18:15:00,2012-11-07 18:17:00,5820,5820,5820,5819,5822,5822,5822,5821,6
2012-11-07 18:17:00,2012-11-07 18:18:00,5820,5819,5820,5819,5822,5821,5822,5821,1
2012-11-07 18:18:00,2012-11-07 18:19:00,5819,5815,5819,5815,5821,5817,5821,5817,6
2012-11-07 18:19:00,2012-11-07 18:20:00,5815,5817,5818,5815,5817,5819,5820,5817,14
2012-11-07 18:20:00,2012-11-07 18:21:00,5817,5818,5818,5816,5819,5820,5820,5818,5
2012-11-07 18:21:00,2012-11-07 18:22:00,5818,5815,5818,5815,5820,5817,5820,5817,5
2012-11-07 18:22:00,2012-11-07 18:23:00,5815,5816,5816,5815,5817,5818,5818,5817,7
2012-11-07 18:23:00,2012-11-07 18:24:00,5816,5816,5817,5815,5818,5818,5819,5817,6
2012-11-07 18:24:00,2012-11-07 18:25:00,5816,5816,5817,5816,5818,5818,5819,5818,4
2012-11-07 18:25:00,2012-11-07 18:26:00,5816,5816,5816,5815,5818,5818,5818,5817,4
2012-11-07 18:26:00,2012-11-07 18:28:00,5815,5815,5816,5814,5817,5817,5818,5816,6
2012-11-07 18:28:00,2012-11-07 18:30:00,5813,5816,5816,5813,5815,5818,5818,5815,5
2012-11-07 18:30:00,2012-11-07 18:31:00,5816,5816,5817,5815,5818,5818,5819,5817,4
2012-11-07 18:31:00,2012-11-07 18:32:00,5816,5818,5819,5815,5818,5820,5821,5817,6
2012-11-07 18:32:00,2012-11-07 18:33:00,5818,5819,5821,5818,5820,5821,5823,5820,9
2012-11-07 18:33:00,2012-11-07 18:34:00,5819,5818,5819,5817,5821,5820,5821,5819,9
2012-11-07 18:34:00,2012-11-07 18:35:00,5818,5818,5819,5817,5820,5820,5821,5819,6
2012-11-07 18:35:00,2012-11-07 18:36:00,5818,5818,5818,5817,5820,5820,5820,5819,4
2012-11-07 18:36:00,2012-11-07 18:37:00,5818,5820,5820,5818,5820,5822,5822,5820,6
2012-11-07 18:37:00,2012-11-07 18:38:00,5820,5818,5820,5818,5822,5820,5822,5820,6
2012-11-07 18:38:00,2012-11-07 18:39:00,5818,5818,5819,5818,5820,5820,5821,5820,4
2012-11-07 18:39:00,2012-11-07 18:40:00,5818,5817,5818,5817,5820,5819,5820,5819,1
2012-11-07 18:40:00,2012-11-07 18:42:00,5816,5817,5817,5815,5818,5819,5819,5817,7
2012-11-07 18:42:00,2012-11-07 18:43:00,5817,5817,5819,5817,5819,5819,5821,5819,4
2012-11-07 18:43:00,2012-11-07 18:44:00,5817,5816,5817,5814,5819,5818,5819,5816,9
2012-11-07 18:44:00,2012-11-07 18:45:00,5816,5815,5816,5815,5818,5817,5818,5817,1
2012-11-07 18:45:00,2012-11-07 18:46:00,5815,5815,5817,5815,5817,5817,5819,5817,4
2012-11-07 18:46:00,2012-11-07 18:47:00,5815,5814,5815,5813,5817,5816,5817,5815,3
2012-11-07 18:47:00,2012-11-07 18:48:00,5814,5812,5814,5812,5816,5814,5816,5814,12
2012-11-07 18:48:00,2012-11-07 18:50:00,5814,5815,5815,5814,5816,5817,5817,5816,1
2012-11-07 18:50:00,2012-11-07 18:51:00,5815,5813,5815,5813,5817,5815,5817,5815,10
2012-11-07 18:51:00,2012-11-07 18:52:00,5813,5815,5815,5813,5815,5817,5817,5815,6
2012-11-07 18:52:00,2012-11-07 18:53:00,5815,5816,5816,5814,5817,5818,5818,5816,7
2012-11-07 18:53:00,2012-11-07 18:54:00,5816,5815,5816,5815,5818,5817,5818,5817,5
2012-11-07 18:54:00,2012-11-07 18:55:00,5815,5813,5815,5812,5817,5815,5817,5814,8
2012-11-07 18:55:00,2012-11-07 18:57:00,5814,5815,5815,5813,5816,5817,5817,5815,13
2012-11-07 18:57:00,2012-11-07 18:58:00,5815,5812,5816,5812,5817,5814,5818,5814,15
2012-11-07 18:58:00,2012-11-07 18:59:00,5812,5813,5814,5811,5814,5815,5816,5813,10
2012-11-07 18:59:00,2012-11-07 19:00:00,5813,5815,5815,5813,5815,5817,5817,5815,8
2012-11-07 19:00:00,2012-11-07 19:01:00,5815,5815,5815,5814,5817,5817,5817,5816,2
2012-11-07 19:01:00,2012-11-07 19:02:00,5815,5816,5816,5814,5817,5818,5818,5816,3
2012-11-07 19:02:00,2012-11-07 19:03:00,5816,5818,5818,5816,5818,5820,5820,5818,6
2012-11-07 19:03:00,2012-11-07 19:04:00,5818,5818,5819,5817,5820,5820,5821,5819,10
2012-11-07 19:04:00,2012-11-07 19:05:00,5818,5818,5818,5817,5820,5820,5820,5819,6
2012-11-07 19:05:00,2012-11-07 19:07:00,5819,5817,5819,5817,5821,5819,5821,5819,6
2012-11-07 19:07:00,2012-11-07 19:09:00,5818,5819,5821,5818,5820,5821,5823,5820,10
2012-11-07 19:09:00,2012-11-07 19:11:00,5818,5816,5818,5815,5820,5818,5820,5817,8
2012-11-07 19:11:00,2012-11-07 19:13:00,5817,5817,5818,5815,5819,5819,5820,5817,10
2012-11-07 19:13:00,2012-11-07 19:14:00,5817,5816,5817,5815,5819,5818,5819,5817,5
2012-11-07 19:14:00,2012-11-07 19:15:00,5816,5816,5817,5815,5818,5818,5819,5817,8
2012-11-07 19:15:00,2012-11-07 19:16:00,5816,5816,5816,5815,5818,5818,5818,5817,10
2012-11-07 19:16:00,2012-11-07 19:17:00,5816,5816,5817,5814,5818,5818,5819,5816,10
2012-11-07 19:17:00,2012-11-07 19:18:00,5816,5816,5816,5815,5818,5818,5818,5817,2
2012-11-07 19:18:00,2012-11-07 19:20:00,5815,5815,5816,5814,5817,5817,5818,5816,4
2012-11-07 19:20:00,2012-11-07 19:21:00,5815,5817,5817,5815,5817,5819,5819,5817,2
2012-11-07 19:21:00,2012-11-07 19:22:00,5817,5817,5818,5816,5819,5819,5820,5818,6
2012-11-07 19:22:00,2012-11-07 19:23:00,5817,5818,5818,5817,5819,5820,5820,5819,3
2012-11-07 19:23:00,2012-11-07 19:24:00,5818,5817,5818,5816,5820,5819,5820,5818,3
2012-11-07 19:24:00,2012-11-07 19:25:00,5817,5816,5818,5815,5819,5818,5820,5817,5
2012-11-07 19:25:00,2012-11-07 19:26:00,5816,5817,5817,5815,5818,5819,5819,5817,5
2012-11-07 19:26:00,2012-11-07 19:27:00,5817,5817,5818,5816,5819,5819,5820,5818,4
2012-11-07 19:27:00,2012-11-07 19:28:00,5817,5816,5818,5816,5819,5818,5820,5818,9
2012-11-07 19:28:00,2012-11-07 19:29:00,5816,5817,5818,5816,5818,5819,5820,5818,5
2012-11-07 19:29:00,2012-11-07 19:30:00,5817,5816,5818,5815,5819,5818,5820,5817,9
2012-11-07 19:30:00,2012-11-07 19:31:00,5816,5813,5816,5812,5818,5815,5818,5814,13
2012-11-07 19:31:00,2012-11-07 19:32:00,5813,5814,5815,5812,5815,5816,5817,5814,7
2012-11-07 19:32:00,2012-11-07 19:33:00,5814,5814,5815,5812,5816,5816,5817,5814,6
2012-11-07 19:33:00,2012-11-07 19:35:00,5814,5813,5815,5813,5816,5815,5817,5815,5
2012-11-07 19:35:00,2012-11-07 19:37:00,5813,5812,5813,5811,5815,5814,5815,5813,7
2012-11-07 19:37:00,2012-11-07 19:38:00,5812,5811,5812,5810,5814,5813,5814,5812,3
2012-11-07 19:38:00,2012-11-07 19:39:00,5811,5812,5813,5810,5813,5814,5815,5812,11
2012-11-07 19:39:00,2012-11-07 19:42:00,5812,5811,5813,5811,5814,5813,5815,5813,11
2012-11-07 19:42:00,2012-11-07 19:44:00,5812,5812,5813,5812,5814,5814,5815,5814,2
2012-11-07 19:44:00,2012-11-07 19:46:00,5814,5813,5814,5812,5816,5815,5816,5814,3
2012-11-07 19:46:00,2012-11-07 19:48:00,5814,5815,5815,5813,5816,5817,5817,5815,11
2012-11-07 19:48:00,2012-11-07 19:49:00,5815,5816,5816,5813,5817,5818,5818,5815,5
2012-11-07 19:49:00,2012-11-07 19:50:00,5816,5815,5816,5814,5818,5817,5818,5816,7
2012-11-07 19:50:00,2012-11-07 19:51:00,5815,5814,5816,5814,5817,5816,5818,5816,5
2012-11-07 19:51:00,2012-11-07 19:52:00,5814,5813,5814,5812,5816,5815,5816,5814,5
2012-11-07 19:52:00,2012-11-07 19:55:00,5814,5816,5817,5814,5816,5818,5819,5816,16
2012-11-07 19:55:00,2012-11-07 19:56:00,5816,5817,5818,5815,5818,5819,5820,5817,11
2012-11-07 19:56:00,2012-11-07 19:57:00,5817,5819,5819,5816,5819,5821,5821,5818,10
2012-11-07 19:57:00,2012-11-07 19:58:00,5819,5820,5821,5819,5821,5822,5823,5821,9
2012-11-07 19:58:00,2012-11-07 19:59:00,5820,5821,5821,5819,5822,5823,5823,5821,7
2012-11-07 19:59:00,2012-11-07 20:00:00,5821,5822,5822,5820,5823,5824,5824,5822,9
2012-11-07 20:00:00,2012-11-07 20:01:00,5822,5821,5822,5820,5824,5823,5824,5822,9
2012-11-07 20:01:00,2012-11-07 20:02:00,5821,5819,5821,5818,5823,5821,5823,5820,8
2012-11-07 20:02:00,2012-11-07 20:04:00,5820,5819,5820,5818,5822,5821,5822,5820,9
2012-11-07 20:04:00,2012-11-07 20:05:00,5819,5818,5820,5817,5821,5820,5822,5819,11
2012-11-07 20:05:00,2012-11-07 20:06:00,5818,5817,5819,5816,5820,5819,5821,5818,15
2012-11-07 20:06:00,2012-11-07 20:07:00,5817,5818,5819,5816,5819,5820,5821,5818,11
2012-11-07 20:07:00,2012-11-07 20:09:00,5819,5818,5819,5817,5821,5820,5821,5819,11
2012-11-07 20:09:00,2012-11-07 20:10:00,5818,5821,5821,5817,5820,5823,5823,5819,7
2012-11-07 20:10:00,2012-11-07 20:11:00,5821,5820,5821,5819,5823,5822,5823,5821,7
2012-11-07 20:11:00,2012-11-07 20:12:00,5820,5818,5820,5818,5822,5820,5822,5820,12
2012-11-07 20:12:00,2012-11-07 20:13:00,5818,5818,5819,5817,5820,5820,5821,5819,14
2012-11-07 20:13:00,2012-11-07 20:14:00,5818,5819,5821,5818,5820,5821,5823,5820,15
2012-11-07 20:14:00,2012-11-07 20:15:00,5819,5818,5819,5818,5821,5820,5821,5820,7
2012-11-07 20:15:00,2012-11-07 20:16:00,5818,5819,5819,5817,5820,5821,5821,5819,5
2012-11-07 20:16:00,2012-11-07 20:17:00,5819,5820,5821,5818,5821,5822,5823,5820,9
2012-11-07 20:17:00,2012-11-07 20:18:00,5820,5818,5820,5817,5822,5820,5822,5819,10
2012-11-07 20:18:00,2012-11-07 20:19:00,5818,5819,5820,5818,5820,5821,5822,5820,3
2012-11-07 20:19:00,2012-11-07 20:20:00,5819,5821,5821,5819,5821,5823,5823,5821,4
2012-11-07 20:20:00,2012-11-07 20:21:00,5821,5821,5822,5820,5823,5823,5824,5822,12
2012-11-07 20:21:00,2012-11-07 20:22:00,5821,5821,5822,5820,5823,5823,5824,5822,8
2012-11-07 20:22:00,2012-11-07 20:23:00,5821,5822,5822,5820,5823,5824,5824,5822,7
2012-11-07 20:23:00,2012-11-07 20:24:00,5822,5822,5823,5820,5824,5824,5825,5822,10
2012-11-07 20:24:00,2012-11-07 20:25:00,5822,5823,5823,5820,5824,5825,5825,5822,13
2012-11-07 20:25:00,2012-11-07 20:26:00,5823,5824,5824,5822,5825,5826,5826,5824,13
2012-11-07 20:26:00,2012-11-07 20:27:00,5824,5823,5825,5823,5826,5825,5827,5825,15
2012-11-07 20:27:00,2012-11-07 20:28:00,5823,5825,5825,5823,5825,5827,5827,5825,6
2012-11-07 20:28:00,2012-11-07 20:29:00,5825,5825,5826,5824,5827,5827,5828,5826,6
2012-11-07 20:29:00,2012-11-07 20:30:00,5825,5824,5825,5823,5827,5826,5827,5825,7
2012-11-07 20:30:00,2012-11-07 20:31:00,5824,5824,5825,5823,5826,5826,5827,5825,10
2012-11-07 20:31:00,2012-11-07 20:32:00,5824,5821,5825,5821,5826,5823,5827,5823,23
2012-11-07 20:32:00,2012-11-07 20:33:00,5821,5822,5822,5820,5823,5824,5824,5822,5
2012-11-07 20:33:00,2012-11-07 20:34:00,5822,5823,5824,5821,5824,5825,5826,5823,11
2012-11-07 20:34:00,2012-11-07 20:35:00,5823,5822,5823,5820,5825,5824,5825,5822,9
2012-11-07 20:35:00,2012-11-07 20:36:00,5822,5822,5822,5821,5824,5824,5824,5823,2
2012-11-07 20:36:00,2012-11-07 20:37:00,5822,5820,5822,5819,5824,5822,5824,5821,4
2012-11-07 20:37:00,2012-11-07 20:38:00,5820,5820,5821,5819,5822,5822,5823,5821,12
2012-11-07 20:38:00,2012-11-07 20:39:00,5820,5818,5821,5818,5822,5820,5823,5820,12
2012-11-07 20:39:00,2012-11-07 20:40:00,5818,5821,5821,5818,5820,5823,5823,5820,9
2012-11-07 20:40:00,2012-11-07 20:42:00,5820,5819,5820,5818,5822,5821,5822,5820,7
2012-11-07 20:42:00,2012-11-07 20:43:00,5819,5819,5820,5819,5821,5821,5822,5821,8
2012-11-07 20:43:00,2012-11-07 20:44:00,5819,5821,5821,5819,5821,5823,5823,5821,10
2012-11-07 20:44:00,2012-11-07 20:45:00,5821,5820,5822,5819,5823,5822,5824,5821,13
2012-11-07 20:45:00,2012-11-07 20:46:00,5820,5822,5822,5820,5822,5824,5824,5822,2
2012-11-07 20:46:00,2012-11-07 20:47:00,5822,5820,5823,5820,5824,5822,5825,5822,6
2012-11-07 20:47:00,2012-11-07 20:48:00,5820,5818,5820,5818,5822,5820,5822,5820,8
2012-11-07 20:48:00,2012-11-07 20:49:00,5818,5817,5818,5815,5820,5819,5820,5817,16
2012-11-07 20:49:00,2012-11-07 20:50:00,5817,5817,5817,5816,5819,5819,5819,5818,2
2012-11-07 20:50:00,2012-11-07 20:52:00,5817,5818,5819,5817,5819,5820,5821,5819,3
2012-11-07 20:52:00,2012-11-07 20:53:00,5818,5819,5820,5818,5820,5821,5822,5820,7
2012-11-07 20:53:00,2012-11-07 20:54:00,5819,5819,5820,5819,5821,5821,5822,5821,6
2012-11-07 20:54:00,2012-11-07 20:55:00,5819,5817,5819,5817,5821,5819,5821,5819,2
2012-11-07 20:55:00,2012-11-07 20:56:00,5817,5815,5818,5815,5819,5817,5820,5817,8
2012-11-07 20:56:00,2012-11-07 20:57:00,5815,5814,5815,5814,5817,5816,5817,5816,7
2012-11-07 20:57:00,2012-11-07 20:58:00,5814,5812,5814,5810,5816,5814,5816,5812,14
2012-11-07 20:58:00,2012-11-08 08:00:00,5812,5806,5812,5806,5814,5808,5814,5808,41
2012-11-08 08:00:00,2012-11-08 08:01:00,5806,5814,5815,5805,5808,5816,5817,5807,24
2012-11-08 08:01:00,2012-11-08 08:02:00,5814,5818,5820,5814,5816,5819,5822,5816,26
2012-11-08 08:02:00,2012-11-08 08:03:00,5818,5822,5823,5817,5819,5823,5824,5818,28
2012-11-08 08:03:00,2012-11-08 08:04:00,5822,5820,5824,5820,5823,5821,5825,5821,16
2012-11-08 08:04:00,2012-11-08 08:05:00,5820,5818,5821,5815,5821,5819,5822,5816,24
2012-11-08 08:05:00,2012-11-08 08:06:00,5818,5816,5819,5816,5819,5817,5820,5817,14
2012-11-08 08:06:00,2012-11-08 08:07:00,5816,5816,5818,5815,5817,5817,5819,5816,26
2012-11-08 08:07:00,2012-11-08 08:08:00,5816,5813,5816,5812,5817,5814,5817,5813,13
2012-11-08 08:08:00,2012-11-08 08:10:00,5812,5814,5814,5811,5813,5815,5815,5812,20
2012-11-08 08:10:00,2012-11-08 08:11:00,5814,5809,5814,5809,5815,5810,5815,5810,15
2012-11-08 08:11:00,2012-11-08 08:12:00,5809,5806,5809,5806,5810,5807,5810,5807,9
2012-11-08 08:12:00,2012-11-08 08:13:00,5806,5805,5807,5805,5807,5806,5808,5806,19
2012-11-08 08:13:00,2012-11-08 08:14:00,5805,5802,5805,5800,5806,5803,5806,5801,21
2012-11-08 08:14:00,2012-11-08 08:15:00,5802,5806,5807,5802,5803,5807,5808,5803,10
2012-11-08 08:15:00,2012-11-08 08:16:00,5806,5805,5808,5805,5807,5806,5809,5806,13
2012-11-08 08:16:00,2012-11-08 08:19:00,5805,5806,5808,5805,5806,5807,5809,5806,13
2012-11-08 08:19:00,2012-11-08 08:20:00,5806,5806,5808,5805,5807,5807,5809,5806,13
2012-11-08 08:20:00,2012-11-08 08:21:00,5806,5807,5807,5805,5807,5808,5808,5806,9
2012-11-08 08:21:00,2012-11-08 08:22:00,5807,5807,5807,5806,5808,5808,5808,5807,4
2012-11-08 08:22:00,2012-11-08 08:23:00,5807,5806,5807,5804,5808,5807,5808,5805,15
2012-11-08 08:23:00,2012-11-08 08:24:00,5806,5804,5807,5803,5807,5805,5808,5804,12
2012-11-08 08:24:00,2012-11-08 08:26:00,5806,5804,5806,5803,5807,5805,5807,5804,14
2012-11-08 08:26:00,2012-11-08 08:27:00,5804,5804,5805,5803,5805,5805,5806,5804,8
2012-11-08 08:27:00,2012-11-08 08:28:00,5804,5804,5804,5802,5805,5805,5805,5803,16
2012-11-08 08:28:00,2012-11-08 08:29:00,5804,5804,5806,5804,5805,5805,5807,5805,6
2012-11-08 08:29:00,2012-11-08 08:30:00,5804,5804,5806,5803,5805,5805,5807,5804,6
2012-11-08 08:30:00,2012-11-08 08:31:00,5804,5806,5806,5803,5805,5807,5807,5804,14
2012-11-08 08:31:00,2012-11-08 08:33:00,5808,5809,5809,5807,5809,5810,5810,5808,15
2012-11-08 08:33:00,2012-11-08 08:34:00,5809,5813,5813,5809,5810,5814,5814,5810,10
2012-11-08 08:34:00,2012-11-08 08:35:00,5813,5812,5813,5811,5814,5813,5814,5812,7
2012-11-08 08:35:00,2012-11-08 08:36:00,5812,5812,5812,5809,5813,5813,5813,5810,10
2012-11-08 08:36:00,2012-11-08 08:38:00,5812,5810,5812,5808,5813,5811,5813,5809,14
2012-11-08 08:38:00,2012-11-08 08:39:00,5810,5809,5811,5809,5811,5810,5812,5810,7
2012-11-08 08:39:00,2012-11-08 08:40:00,5809,5809,5810,5808,5810,5810,5811,5809,4
2012-11-08 08:40:00,2012-11-08 08:41:00,5809,5809,5811,5809,5810,5810,5812,5810,6
2012-11-08 08:41:00,2012-11-08 08:43:00,5809,5811,5811,5809,5810,5812,5812,5810,4
2012-11-08 08:43:00,2012-11-08 08:45:00,5810,5812,5812,5810,5811,5813,5813,5811,6
2012-11-08 08:45:00,2012-11-08 08:46:00,5812,5812,5814,5812,5813,5813,5815,5813,8
2012-11-08 08:46:00,2012-11-08 08:47:00,5812,5814,5815,5812,5813,5815,5816,5813,8
2012-11-08 08:47:00,2012-11-08 08:48:00,5814,5816,5817,5814,5815,5817,5818,5815,20
2012-11-08 08:48:00,2012-11-08 08:51:00,5813,5815,5817,5813,5814,5816,5818,5814,8
2012-11-08 08:51:00,2012-11-08 08:53:00,5814,5814,5814,5812,5815,5815,5815,5813,6
2012-11-08 08:53:00,2012-11-08 08:57:00,5815,5818,5818,5815,5816,5819,5819,5816,5
2012-11-08 08:57:00,2012-11-08 08:58:00,5818,5817,5820,5817,5819,5818,5821,5818,9
2012-11-08 08:58:00,2012-11-08 08:59:00,5817,5814,5817,5813,5818,5815,5818,5814,9
2012-11-08 08:59:00,2012-11-08 09:00:00,5814,5814,5816,5814,5815,5815,5817,5815,10
2012-11-08 09:00:00,2012-11-08 09:01:00,5814,5815,5815,5813,5815,5816,5816,5814,7
2012-11-08 09:01:00,2012-11-08 09:02:00,5815,5817,5817,5814,5816,5818,5818,5815,10
2012-11-08 09:02:00,2012-11-08 09:05:00,5815,5814,5815,5812,5816,5815,5816,5813,17
2012-11-08 09:05:00,2012-11-08 09:06:00,5814,5813,5814,5811,5815,5814,5815,5812,7
2012-11-08 09:06:00,2012-11-08 09:07:00,5813,5813,5814,5812,5814,5814,5815,5813,6
2012-11-08 09:07:00,2012-11-08 09:09:00,5813,5815,5815,5813,5814,5816,5816,5814,8
2012-11-08 09:09:00,2012-11-08 09:11:00,5813,5810,5813,5809,5814,5811,5814,5810,15
2012-11-08 09:11:00,2012-11-08 09:13:00,5814,5814,5816,5813,5815,5815,5817,5814,12
2012-11-08 09:13:00,2012-11-08 09:14:00,5814,5814,5816,5814,5815,5815,5817,5815,12
2012-11-08 09:14:00,2012-11-08 09:15:00,5814,5813,5815,5813,5815,5814,5816,5814,7
2012-11-08 09:15:00,2012-11-08 09:17:00,5813,5816,5816,5813,5814,5817,5817,5814,3
2012-11-08 09:17:00,2012-11-08 09:18:00,5816,5817,5818,5816,5817,5818,5819,5817,5
2012-11-08 09:18:00,2012-11-08 09:19:00,5817,5816,5818,5814,5818,5817,5819,5815,29
2012-11-08 09:19:00,2012-11-08 09:20:00,5816,5811,5816,5810,5817,5812,5817,5811,23
2012-11-08 09:20:00,2012-11-08 09:21:00,5811,5810,5812,5810,5812,5811,5813,5811,13
2012-11-08 09:21:00,2012-11-08 09:22:00,5810,5807,5811,5807,5811,5808,5812,5808,13
2012-11-08 09:22:00,2012-11-08 09:23:00,5807,5808,5808,5807,5808,5809,5809,5808,3
2012-11-08 09:23:00,2012-11-08 09:24:00,5808,5809,5809,5807,5809,5810,5810,5808,11
2012-11-08 09:24:00,2012-11-08 09:25:00,5809,5808,5810,5807,5810,5809,5811,5808,7
2012-11-08 09:25:00,2012-11-08 09:26:00,5808,5805,5808,5805,5809,5806,5809,5806,9
2012-11-08 09:26:00,2012-11-08 09:28:00,5805,5809,5809,5805,5806,5810,5810,5806,8
2012-11-08 09:28:00,2012-11-08 09:30:00,5810,5804,5810,5803,5811,5805,5811,5804,20
2012-11-08 09:30:00,2012-11-08 09:31:00,5804,5802,5805,5802,5805,5803,5806,5803,10
2012-11-08 09:31:00,2012-11-08 09:32:00,5802,5800,5803,5800,5803,5801,5804,5801,12
2012-11-08 09:32:00,2012-11-08 09:33:00,5800,5801,5802,5798,5801,5802,5803,5799,15
2012-11-08 09:33:00,2012-11-08 09:34:00,5801,5803,5803,5799,5802,5804,5804,5800,20
2012-11-08 09:34:00,2012-11-08 09:35:00,5803,5804,5805,5803,5804,5805,5806,5804,15
2012-11-08 09:35:00,2012-11-08 09:37:00,5804,5801,5804,5801,5805,5802,5805,5802,15
2012-11-08 09:37:00,2012-11-08 09:38:00,5801,5803,5803,5801,5802,5804,5804,5802,4
2012-11-08 09:38:00,2012-11-08 09:40:00,5803,5804,5804,5802,5804,5805,5805,5803,9
2012-11-08 09:40:00,2012-11-08 09:41:00,5804,5804,5804,5803,5805,5805,5805,5804,8
2012-11-08 09:41:00,2012-11-08 09:42:00,5804,5802,5804,5801,5805,5803,5805,5802,8
2012-11-08 09:42:00,2012-11-08 09:43:00,5802,5805,5805,5802,5803,5806,5806,5803,5
2012-11-08 09:43:00,2012-11-08 09:45:00,5806,5805,5807,5804,5807,5806,5808,5805,11
2012-11-08 09:45:00,2012-11-08 09:47:00,5804,5805,5805,5803,5805,5806,5806,5804,9
2012-11-08 09:47:00,2012-11-08 09:48:00,5805,5810,5811,5805,5806,5811,5812,5806,18
2012-11-08 09:48:00,2012-11-08 09:49:00,5810,5811,5812,5810,5811,5812,5813,5811,15
2012-11-08 09:49:00,2012-11-08 09:50:00,5811,5812,5812,5810,5812,5813,5813,5811,11
2012-11-08 09:50:00,2012-11-08 09:51:00,5812,5812,5813,5812,5813,5813,5814,5813,14
2012-11-08 09:51:00,2012-11-08 09:52:00,5812,5811,5813,5811,5813,5812,5814,5812,7
2012-11-08 09:52:00,2012-11-08 09:53:00,5811,5813,5813,5811,5812,5814,5814,5812,2
2012-11-08 09:53:00,2012-11-08 09:55:00,5813,5813,5814,5812,5814,5814,5815,5813,10
2012-11-08 09:55:00,2012-11-08 09:56:00,5813,5812,5814,5812,5814,5813,5815,5813,13
2012-11-08 09:56:00,2012-11-08 09:57:00,5812,5807,5812,5807,5813,5808,5813,5808,15
2012-11-08 09:57:00,2012-11-08 10:01:00,5804,5803,5804,5802,5805,5804,5805,5803,5
2012-11-08 10:01:00,2012-11-08 10:02:00,5803,5806,5806,5803,5804,5807,5807,5804,5
2012-11-08 10:02:00,2012-11-08 10:07:00,5805,5807,5807,5805,5806,5808,5808,5806,12
2012-11-08 10:07:00,2012-11-08 10:09:00,5807,5808,5809,5807,5808,5809,5810,5808,3
2012-11-08 10:09:00,2012-11-08 10:10:00,5808,5808,5809,5807,5809,5809,5810,5808,6
2012-11-08 10:10:00,2012-11-08 10:12:00,5808,5807,5808,5806,5809,5808,5809,5807,13
2012-11-08 10:12:00,2012-11-08 10:13:00,5807,5805,5807,5804,5808,5806,5808,5805,8
2012-11-08 10:13:00,2012-11-08 10:14:00,5805,5805,5805,5803,5806,5806,5806,5804,10
2012-11-08 10:14:00,2012-11-08 10:15:00,5805,5806,5806,5804,5806,5807,5807,5805,5
2012-11-08 10:15:00,2012-11-08 10:17:00,5808,5805,5808,5805,5809,5806,5809,5806,11
2012-11-08 10:17:00,2012-11-08 10:18:00,5805,5802,5805,5801,5806,5803,5806,5802,21
2012-11-08 10:18:00,2012-11-08 10:19:00,5802,5804,5804,5801,5803,5805,5805,5802,16
2012-11-08 10:19:00,2012-11-08 10:20:00,5804,5802,5805,5802,5805,5803,5806,5803,6
2012-11-08 10:20:00,2012-11-08 10:21:00,5802,5800,5802,5799,5803,5801,5803,5800,6
2012-11-08 10:21:00,2012-11-08 10:23:00,5801,5799,5801,5799,5802,5800,5802,5800,6
2012-11-08 10:23:00,2012-11-08 10:24:00,5799,5800,5800,5798,5800,5801,5801,5799,15
2012-11-08 10:24:00,2012-11-08 10:25:00,5800,5803,5803,5800,5801,5804,5804,5801,7
2012-11-08 10:25:00,2012-11-08 10:26:00,5803,5800,5803,5800,5804,5801,5804,5801,7
2012-11-08 10:26:00,2012-11-08 10:27:00,5800,5801,5802,5800,5801,5802,5803,5801,6
2012-11-08 10:27:00,2012-11-08 10:29:00,5801,5801,5802,5801,5802,5802,5803,5802,8
2012-11-08 10:29:00,2012-11-08 10:33:00,5801,5805,5806,5801,5802,5806,5807,5802,12
2012-11-08 10:33:00,2012-11-08 10:34:00,5805,5804,5806,5803,5806,5805,5807,5804,17
2012-11-08 10:34:00,2012-11-08 10:35:00,5804,5806,5806,5804,5805,5807,5807,5805,4
2012-11-08 10:35:00,2012-11-08 10:38:00,5807,5809,5809,5807,5808,5810,5810,5808,7
2012-11-08 10:38:00,2012-11-08 10:42:00,5808,5811,5811,5808,5809,5812,5812,5809,3
2012-11-08 10:42:00,2012-11-08 10:45:00,5809,5810,5810,5809,5810,5811,5811,5810,7
2012-11-08 10:45:00,2012-11-08 10:47:00,5809,5808,5810,5808,5810,5809,5811,5809,7
2012-11-08 10:47:00,2012-11-08 10:52:00,5807,5808,5809,5806,5808,5809,5810,5807,9
2012-11-08 10:52:00,2012-11-08 10:53:00,5808,5808,5809,5808,5809,5809,5810,5809,6
2012-11-08 10:53:00,2012-11-08 10:55:00,5809,5808,5809,5808,5810,5809,5810,5809,3
2012-11-08 10:55:00,2012-11-08 10:58:00,5807,5807,5808,5807,5808,5808,5809,5808,4
2012-11-08 10:58:00,2012-11-08 11:00:00,5807,5805,5807,5805,5808,5806,5808,5806,4
2012-11-08 11:00:00,2012-11-08 11:01:00,5805,5801,5805,5798,5806,5802,5806,5799,10
2012-11-08 11:01:00,2012-11-08 11:02:00,5801,5803,5803,5801,5802,5804,5804,5802,6
2012-11-08 11:02:00,2012-11-08 11:04:00,5802,5801,5802,5801,5803,5802,5803,5802,3
2012-11-08 11:04:00,2012-11-08 11:05:00,5801,5805,5805,5801,5802,5806,5806,5802,8
2012-11-08 11:05:00,2012-11-08 11:06:00,5805,5802,5805,5801,5806,5803,5806,5802,7
2012-11-08 11:06:00,2012-11-08 11:07:00,5802,5802,5803,5800,5803,5803,5804,5801,6
2012-11-08 11:07:00,2012-11-08 11:08:00,5802,5804,5804,5801,5803,5805,5805,5802,8
2012-11-08 11:08:00,2012-11-08 11:11:00,5805,5805,5806,5804,5806,5806,5807,5805,9
2012-11-08 11:11:00,2012-11-08 11:18:00,5805,5802,5805,5802,5806,5803,5806,5803,3
2012-11-08 11:18:00,2012-11-08 11:20:00,5803,5804,5804,5802,5804,5805,5805,5803,3
2012-11-08 11:20:00,2012-11-08 11:26:00,5802,5801,5803,5801,5803,5802,5804,5802,7
2012-11-08 11:26:00,2012-11-08 11:27:00,5801,5804,5804,5801,5802,5805,5805,5802,5
2012-11-08 11:27:00,2012-11-08 11:28:00,5804,5803,5805,5803,5805,5804,5806,5804,9
2012-11-08 11:28:00,2012-11-08 11:34:00,5805,5804,5806,5804,5806,5805,5807,5805,11
2012-11-08 11:34:00,2012-11-08 11:38:00,5805,5803,5805,5803,5806,5804,5806,5804,4
2012-11-08 11:38:00,2012-11-08 11:40:00,5804,5805,5805,5803,5805,5806,5806,5804,5
2012-11-08 11:40:00,2012-11-08 11:42:00,5804,5804,5805,5803,5805,5805,5806,5804,4
2012-11-08 11:42:00,2012-11-08 11:43:00,5804,5803,5804,5803,5805,5804,5805,5804,5
2012-11-08 11:43:00,2012-11-08 11:47:00,5804,5803,5804,5803,5805,5804,5805,5804,3
2012-11-08 11:47:00,2012-11-08 11:52:00,5802,5804,5804,5802,5803,5805,5805,5803,2
2012-11-08 11:52:00,2012-11-08 11:55:00,5804,5805,5806,5804,5805,5806,5807,5805,5
2012-11-08 11:55:00,2012-11-08 12:00:00,5806,5808,5810,5806,5807,5809,5811,5807,12
2012-11-08 12:00:00,2012-11-08 12:01:00,5808,5807,5809,5807,5809,5808,5810,5808,3
2012-11-08 12:01:00,2012-11-08 12:03:00,5806,5806,5807,5805,5807,5807,5808,5806,10
2012-11-08 12:03:00,2012-11-08 12:05:00,5807,5808,5809,5806,5808,5809,5810,5807,11
2012-11-08 12:05:00,2012-11-08 12:09:00,5809,5811,5811,5809,5810,5812,5812,5810,10
2012-11-08 12:09:00,2012-11-08 12:10:00,5811,5809,5811,5809,5812,5810,5812,5810,4
2012-11-08 12:10:00,2012-11-08 12:12:00,5809,5808,5809,5807,5810,5809,5810,5808,7
2012-11-08 12:12:00,2012-11-08 12:13:00,5808,5807,5808,5806,5809,5808,5809,5807,5
2012-11-08 12:13:00,2012-11-08 12:14:00,5807,5808,5808,5806,5808,5809,5809,5807,3
2012-11-08 12:14:00,2012-11-08 12:17:00,5808,5806,5809,5806,5809,5807,5810,5807,4
2012-11-08 12:17:00,2012-11-08 12:18:00,5806,5806,5807,5805,5807,5807,5808,5806,6
2012-11-08 12:18:00,2012-11-08 12:19:00,5806,5806,5806,5805,5807,5807,5807,5806,8
2012-11-08 12:19:00,2012-11-08 12:20:00,5806,5806,5808,5805,5807,5807,5809,5806,6
2012-11-08 12:20:00,2012-11-08 12:21:00,5806,5807,5807,5806,5807,5808,5808,5807,7
2012-11-08 12:21:00,2012-11-08 12:22:00,5807,5804,5807,5804,5808,5805,5808,5805,5
2012-11-08 12:22:00,2012-11-08 12:23:00,5804,5804,5804,5803,5805,5805,5805,5804,6
2012-11-08 12:23:00,2012-11-08 12:26:00,5805,5805,5805,5803,5806,5806,5806,5804,6
2012-11-08 12:26:00,2012-11-08 12:27:00,5805,5806,5807,5804,5806,5807,5808,5805,9
2012-11-08 12:27:00,2012-11-08 12:29:00,5807,5807,5808,5806,5808,5808,5809,5807,8
2012-11-08 12:29:00,2012-11-08 12:30:00,5807,5805,5807,5805,5808,5806,5808,5806,8
2012-11-08 12:30:00,2012-11-08 12:31:00,5805,5806,5806,5805,5806,5807,5807,5806,3
2012-11-08 12:31:00,2012-11-08 12:33:00,5807,5808,5808,5806,5808,5809,5809,5807,9
2012-11-08 12:33:00,2012-11-08 12:34:00,5808,5808,5809,5807,5809,5809,5810,5808,4
2012-11-08 12:34:00,2012-11-08 12:37:00,5810,5810,5810,5808,5811,5811,5811,5809,4
2012-11-08 12:37:00,2012-11-08 12:39:00,5810,5810,5810,5809,5811,5811,5811,5810,6
2012-11-08 12:39:00,2012-11-08 12:40:00,5810,5811,5811,5810,5811,5812,5812,5811,1
2012-11-08 12:40:00,2012-11-08 12:42:00,5811,5812,5812,5811,5812,5813,5813,5812,3
2012-11-08 12:42:00,2012-11-08 12:44:00,5811,5811,5812,5810,5812,5812,5813,5811,6
2012-11-08 12:44:00,2012-11-08 12:45:00,5811,5807,5811,5807,5812,5808,5812,5808,8
2012-11-08 12:45:00,2012-11-08 12:46:00,5807,5809,5811,5807,5808,5810,5812,5808,20
2012-11-08 12:46:00,2012-11-08 12:47:00,5809,5808,5809,5807,5810,5809,5810,5808,13
2012-11-08 12:47:00,2012-11-08 12:48:00,5808,5810,5810,5807,5809,5811,5811,5808,10
2012-11-08 12:48:00,2012-11-08 12:49:00,5810,5809,5811,5809,5811,5810,5812,5810,11
2012-11-08 12:49:00,2012-11-08 12:50:00,5809,5809,5810,5809,5810,5810,5811,5810,4
2012-11-08 12:50:00,2012-11-08 12:52:00,5809,5810,5810,5809,5810,5811,5811,5810,9
2012-11-08 12:52:00,2012-11-08 12:54:00,5810,5811,5811,5809,5811,5812,5812,5810,5
2012-11-08 12:54:00,2012-11-08 12:55:00,5811,5810,5811,5810,5812,5811,5812,5811,11
2012-11-08 12:55:00,2012-11-08 12:56:00,5810,5809,5811,5809,5811,5810,5812,5810,9
2012-11-08 12:56:00,2012-11-08 12:57:00,5809,5806,5809,5806,5810,5807,5810,5807,5
2012-11-08 12:57:00,2012-11-08 12:59:00,5805,5805,5806,5804,5806,5806,5807,5805,8
2012-11-08 12:59:00,2012-11-08 13:00:00,5805,5805,5806,5805,5806,5806,5807,5806,4
2012-11-08 13:00:00,2012-11-08 13:01:00,5805,5805,5806,5805,5806,5806,5807,5806,2
2012-11-08 13:01:00,2012-11-08 13:02:00,5805,5804,5805,5803,5806,5805,5806,5804,9
2012-11-08 13:02:00,2012-11-08 13:03:00,5804,5805,5806,5804,5805,5806,5807,5805,7
2012-11-08 13:03:00,2012-11-08 13:04:00,5805,5804,5805,5803,5806,5805,5806,5804,3
2012-11-08 13:04:00,2012-11-08 13:06:00,5804,5803,5805,5803,5805,5804,5806,5804,11
2012-11-08 13:06:00,2012-11-08 13:07:00,5803,5802,5803,5801,5804,5803,5804,5802,7
2012-11-08 13:07:00,2012-11-08 13:08:00,5802,5802,5802,5801,5803,5803,5803,5802,8
2012-11-08 13:08:00,2012-11-08 13:09:00,5802,5803,5804,5802,5803,5804,5805,5803,3
2012-11-08 13:09:00,2012-11-08 13:13:00,5805,5804,5805,5804,5806,5805,5806,5805,1
2012-11-08 13:13:00,2012-11-08 13:15:00,5804,5804,5805,5804,5805,5805,5806,5805,2
2012-11-08 13:15:00,2012-11-08 13:16:00,5804,5806,5806,5804,5805,5807,5807,5805,6
2012-11-08 13:16:00,2012-11-08 13:18:00,5804,5804,5804,5803,5805,5805,5805,5804,2
2012-11-08 13:18:00,2012-11-08 13:20:00,5802,5800,5802,5799,5803,5801,5803,5800,8
2012-11-08 13:20:00,2012-11-08 13:23:00,5800,5801,5801,5800,5801,5802,5802,5801,15
2012-11-08 13:23:00,2012-11-08 13:24:00,5801,5800,5801,5800,5802,5801,5802,5801,7
2012-11-08 13:24:00,2012-11-08 13:25:00,5800,5800,5801,5800,5801,5801,5802,5801,2
2012-11-08 13:25:00,2012-11-08 13:27:00,5801,5803,5803,5801,5802,5804,5804,5802,2
2012-11-08 13:27:00,2012-11-08 13:28:00,5803,5802,5803,5802,5804,5803,5804,5803,3
2012-11-08 13:28:00,2012-11-08 13:29:00,5802,5804,5804,5802,5803,5805,5805,5803,4
2012-11-08 13:29:00,2012-11-08 13:30:00,5804,5807,5807,5802,5805,5808,5808,5804,29
2012-11-08 13:30:00,2012-11-08 13:32:00,5806,5806,5807,5806,5807,5807,5808,5807,10
2012-11-08 13:32:00,2012-11-08 13:33:00,5806,5806,5807,5805,5807,5807,5808,5806,12
2012-11-08 13:33:00,2012-11-08 13:34:00,5806,5802,5808,5800,5807,5803,5809,5801,31
2012-11-08 13:34:00,2012-11-08 13:35:00,5802,5804,5805,5802,5803,5805,5806,5803,19
2012-11-08 13:35:00,2012-11-08 13:36:00,5804,5802,5807,5802,5805,5803,5808,5803,20
2012-11-08 13:36:00,2012-11-08 13:37:00,5802,5804,5806,5802,5803,5805,5807,5803,18
2012-11-08 13:37:00,2012-11-08 13:38:00,5804,5805,5806,5803,5805,5806,5807,5804,9
2012-11-08 13:38:00,2012-11-08 13:39:00,5805,5804,5805,5803,5806,5805,5806,5804,7
2012-11-08 13:39:00,2012-11-08 13:40:00,5804,5802,5804,5802,5805,5803,5805,5803,4
2012-11-08 13:40:00,2012-11-08 13:41:00,5802,5799,5802,5798,5803,5800,5803,5799,15
2012-11-08 13:41:00,2012-11-08 13:42:00,5799,5801,5802,5799,5800,5802,5803,5800,10
2012-11-08 13:42:00,2012-11-08 13:43:00,5801,5799,5802,5799,5802,5800,5803,5800,14
2012-11-08 13:43:00,2012-11-08 13:44:00,5799,5801,5801,5799,5800,5802,5802,5800,6
2012-11-08 13:44:00,2012-11-08 13:45:00,5801,5798,5802,5798,5802,5799,5803,5799,9
2012-11-08 13:45:00,2012-11-08 13:46:00,5798,5799,5801,5795,5799,5800,5802,5796,55
2012-11-08 13:46:00,2012-11-08 13:47:00,5799,5799,5800,5797,5800,5800,5801,5798,32
2012-11-08 13:47:00,2012-11-08 13:48:00,5799,5800,5802,5798,5800,5801,5803,5799,11
2012-11-08 13:48:00,2012-11-08 13:49:00,5800,5798,5800,5797,5801,5799,5801,5798,12
2012-11-08 13:49:00,2012-11-08 13:50:00,5798,5801,5802,5798,5799,5802,5803,5799,15
2012-11-08 13:50:00,2012-11-08 13:51:00,5801,5801,5801,5800,5802,5802,5802,5801,4
2012-11-08 13:51:00,2012-11-08 13:52:00,5801,5800,5801,5800,5802,5801,5802,5801,1
2012-11-08 13:52:00,2012-11-08 13:53:00,5800,5801,5801,5800,5801,5802,5802,5801,9
2012-11-08 13:53:00,2012-11-08 13:55:00,5800,5798,5801,5798,5801,5799,5802,5799,14
2012-11-08 13:55:00,2012-11-08 13:56:00,5798,5801,5802,5798,5799,5802,5803,5799,21
2012-11-08 13:56:00,2012-11-08 13:57:00,5801,5801,5802,5799,5802,5802,5803,5800,14
2012-11-08 13:57:00,2012-11-08 13:58:00,5801,5802,5803,5801,5802,5803,5804,5802,9
2012-11-08 13:58:00,2012-11-08 13:59:00,5802,5802,5803,5801,5803,5803,5804,5802,14
2012-11-08 13:59:00,2012-11-08 14:00:00,5802,5802,5803,5801,5803,5803,5804,5802,12
2012-11-08 14:00:00,2012-11-08 14:01:00,5802,5801,5802,5801,5803,5802,5803,5802,13
2012-11-08 14:01:00,2012-11-08 14:02:00,5801,5801,5802,5800,5802,5802,5803,5801,10
2012-11-08 14:02:00,2012-11-08 14:03:00,5801,5801,5801,5800,5802,5802,5802,5801,8
2012-11-08 14:03:00,2012-11-08 14:04:00,5801,5798,5801,5797,5802,5799,5802,5798,17
2012-11-08 14:04:00,2012-11-08 14:08:00,5797,5796,5797,5795,5798,5797,5798,5796,5
2012-11-08 14:08:00,2012-11-08 14:10:00,5795,5794,5796,5794,5796,5795,5797,5795,9
2012-11-08 14:10:00,2012-11-08 14:11:00,5794,5794,5795,5793,5795,5795,5796,5794,14
2012-11-08 14:11:00,2012-11-08 14:12:00,5794,5795,5796,5794,5795,5796,5797,5795,11
2012-11-08 14:12:00,2012-11-08 14:14:00,5795,5795,5795,5794,5796,5796,5796,5795,8
2012-11-08 14:14:00,2012-11-08 14:16:00,5794,5795,5797,5794,5795,5796,5798,5795,9
2012-11-08 14:16:00,2012-11-08 14:18:00,5796,5797,5797,5795,5797,5798,5798,5796,7
2012-11-08 14:18:00,2012-11-08 14:19:00,5797,5799,5799,5796,5798,5800,5800,5797,6
2012-11-08 14:19:00,2012-11-08 14:20:00,5799,5797,5799,5797,5800,5798,5800,5798,6
2012-11-08 14:20:00,2012-11-08 14:23:00,5794,5794,5795,5794,5795,5795,5796,5795,10
2012-11-08 14:23:00,2012-11-08 14:28:00,5794,5793,5794,5793,5795,5794,5795,5794,15
2012-11-08 14:28:00,2012-11-08 14:31:00,5797,5799,5800,5796,5798,5800,5801,5797,8
2012-11-08 14:31:00,2012-11-08 14:32:00,5799,5800,5801,5798,5800,5801,5802,5799,17
2012-11-08 14:32:00,2012-11-08 14:33:00,5800,5802,5802,5800,5801,5803,5803,5801,14
2012-11-08 14:33:00,2012-11-08 14:34:00,5802,5803,5803,5801,5803,5804,5804,5802,9
2012-11-08 14:34:00,2012-11-08 14:35:00,5803,5803,5803,5802,5804,5804,5804,5803,12
2012-11-08 14:35:00,2012-11-08 14:36:00,5803,5802,5803,5801,5804,5803,5804,5802,13
2012-11-08 14:36:00,2012-11-08 14:37:00,5802,5804,5804,5801,5803,5805,5805,5802,18
2012-11-08 14:37:00,2012-11-08 14:38:00,5804,5806,5807,5803,5805,5807,5808,5804,26
2012-11-08 14:38:00,2012-11-08 14:39:00,5806,5807,5808,5805,5807,5808,5809,5806,13
2012-11-08 14:39:00,2012-11-08 14:40:00,5807,5807,5809,5807,5808,5808,5810,5808,14
2012-11-08 14:40:00,2012-11-08 14:41:00,5807,5809,5810,5807,5808,5810,5811,5808,12
2012-11-08 14:41:00,2012-11-08 14:42:00,5809,5810,5811,5809,5810,5811,5812,5810,13
2012-11-08 14:42:00,2012-11-08 14:43:00,5810,5810,5813,5810,5811,5811,5814,5811,22
2012-11-08 14:43:00,2012-11-08 14:44:00,5810,5809,5811,5809,5811,5810,5812,5810,13
2012-11-08 14:44:00,2012-11-08 14:45:00,5809,5811,5811,5809,5810,5812,5812,5810,12
2012-11-08 14:45:00,2012-11-08 14:46:00,5811,5813,5814,5811,5812,5814,5815,5812,16
2012-11-08 14:46:00,2012-11-08 14:47:00,5813,5812,5814,5811,5814,5813,5815,5812,13
2012-11-08 14:47:00,2012-11-08 14:48:00,5812,5808,5812,5807,5813,5809,5813,5808,18
2012-11-08 14:48:00,2012-11-08 14:49:00,5808,5811,5812,5808,5809,5812,5813,5809,11
2012-11-08 14:49:00,2012-11-08 14:50:00,5811,5808,5812,5807,5812,5809,5813,5808,13
2012-11-08 14:50:00,2012-11-08 14:51:00,5808,5808,5809,5807,5809,5809,5810,5808,14
2012-11-08 14:51:00,2012-11-08 14:52:00,5808,5808,5808,5807,5809,5809,5809,5808,8
2012-11-08 14:52:00,2012-11-08 14:53:00,5808,5806,5808,5806,5809,5807,5809,5807,10
2012-11-08 14:53:00,2012-11-08 14:54:00,5806,5807,5808,5806,5807,5808,5809,5807,11
2012-11-08 14:54:00,2012-11-08 14:55:00,5807,5805,5808,5805,5808,5806,5809,5806,10
2012-11-08 14:55:00,2012-11-08 14:56:00,5805,5806,5807,5804,5806,5807,5808,5805,11
2012-11-08 14:56:00,2012-11-08 14:57:00,5806,5805,5806,5804,5807,5806,5807,5805,3
2012-11-08 14:57:00,2012-11-08 14:58:00,5805,5803,5805,5802,5806,5804,5806,5803,8
2012-11-08 14:58:00,2012-11-08 14:59:00,5803,5803,5804,5802,5804,5804,5805,5803,6
2012-11-08 14:59:00,2012-11-08 15:00:00,5803,5805,5806,5802,5804,5806,5807,5803,18
2012-11-08 15:00:00,2012-11-08 15:01:00,5805,5802,5805,5802,5806,5803,5806,5803,15
2012-11-08 15:01:00,2012-11-08 15:02:00,5802,5801,5803,5800,5803,5802,5804,5801,17
2012-11-08 15:02:00,2012-11-08 15:04:00,5802,5801,5803,5800,5803,5802,5804,5801,7
2012-11-08 15:04:00,2012-11-08 15:05:00,5801,5798,5801,5796,5802,5799,5802,5797,31
2012-11-08 15:05:00,2012-11-08 15:07:00,5799,5795,5799,5795,5800,5796,5800,5796,16
2012-11-08 15:07:00,2012-11-08 15:08:00,5795,5795,5797,5794,5796,5796,5798,5795,26
2012-11-08 15:08:00,2012-11-08 15:09:00,5795,5795,5796,5795,5796,5796,5797,5796,12
2012-11-08 15:09:00,2012-11-08 15:10:00,5795,5796,5798,5795,5796,5797,5799,5796,11
2012-11-08 15:10:00,2012-11-08 15:11:00,5796,5797,5797,5796,5797,5798,5798,5797,7
2012-11-08 15:11:00,2012-11-08 15:12:00,5797,5796,5797,5795,5798,5797,5798,5796,13
2012-11-08 15:12:00,2012-11-08 15:13:00,5796,5796,5797,5795,5797,5797,5798,5796,6
2012-11-08 15:13:00,2012-11-08 15:14:00,5796,5797,5797,5796,5797,5798,5798,5797,9
2012-11-08 15:14:00,2012-11-08 15:16:00,5797,5796,5798,5795,5798,5797,5799,5796,11
2012-11-08 15:16:00,2012-11-08 15:17:00,5796,5796,5797,5795,5797,5797,5798,5796,10
2012-11-08 15:17:00,2012-11-08 15:18:00,5796,5793,5796,5793,5797,5794,5797,5794,21
2012-11-08 15:18:00,2012-11-08 15:19:00,5793,5793,5795,5793,5794,5794,5796,5794,12
2012-11-08 15:19:00,2012-11-08 15:20:00,5793,5792,5794,5792,5794,5793,5795,5793,15
2012-11-08 15:20:00,2012-11-08 15:21:00,5792,5792,5794,5792,5793,5793,5795,5793,20
2012-11-08 15:21:00,2012-11-08 15:22:00,5792,5790,5792,5788,5793,5791,5793,5789,30
2012-11-08 15:22:00,2012-11-08 15:23:00,5790,5787,5790,5787,5791,5788,5791,5788,19
2012-11-08 15:23:00,2012-11-08 15:24:00,5787,5786,5787,5784,5788,5787,5788,5785,13
2012-11-08 15:24:00,2012-11-08 15:25:00,5786,5786,5787,5785,5787,5787,5788,5786,18
2012-11-08 15:25:00,2012-11-08 15:26:00,5786,5784,5786,5784,5787,5785,5787,5785,16
2012-11-08 15:26:00,2012-11-08 15:27:00,5784,5784,5785,5784,5785,5785,5786,5785,10
2012-11-08 15:27:00,2012-11-08 15:28:00,5784,5782,5784,5781,5785,5783,5785,5782,16
2012-11-08 15:28:00,2012-11-08 15:29:00,5782,5782,5784,5782,5783,5783,5785,5783,18
2012-11-08 15:29:00,2012-11-08 15:30:00,5782,5781,5783,5780,5783,5782,5784,5781,23
2012-11-08 15:30:00,2012-11-08 15:32:00,5780,5780,5781,5779,5781,5781,5782,5780,14
2012-11-08 15:32:00,2012-11-08 15:33:00,5780,5786,5786,5780,5781,5787,5787,5781,36
2012-11-08 15:33:00,2012-11-08 15:34:00,5786,5788,5789,5786,5787,5789,5790,5787,28
2012-11-08 15:34:00,2012-11-08 15:35:00,5788,5785,5788,5784,5789,5786,5789,5785,15
2012-11-08 15:35:00,2012-11-08 15:36:00,5785,5782,5785,5782,5786,5783,5786,5783,11
2012-11-08 15:36:00,2012-11-08 15:38:00,5781,5783,5783,5779,5782,5784,5784,5780,18
2012-11-08 15:38:00,2012-11-08 15:39:00,5783,5784,5786,5782,5784,5785,5787,5783,11
2012-11-08 15:39:00,2012-11-08 15:40:00,5784,5784,5785,5784,5785,5785,5786,5785,14
2012-11-08 15:40:00,2012-11-08 15:41:00,5784,5774,5784,5774,5785,5775,5785,5775,36
2012-11-08 15:41:00,2012-11-08 15:42:00,5774,5771,5774,5771,5775,5772,5775,5772,35
2012-11-08 15:42:00,2012-11-08 15:43:00,5771,5771,5772,5768,5772,5772,5773,5769,34
2012-11-08 15:43:00,2012-11-08 15:44:00,5771,5774,5775,5771,5772,5775,5776,5772,31
2012-11-08 15:44:00,2012-11-08 15:45:00,5774,5776,5776,5773,5775,5777,5777,5774,24
2012-11-08 15:45:00,2012-11-08 15:46:00,5776,5777,5778,5774,5777,5778,5779,5775,19
2012-11-08 15:46:00,2012-11-08 15:47:00,5777,5777,5777,5775,5778,5778,5778,5776,26
2012-11-08 15:47:00,2012-11-08 15:48:00,5777,5773,5777,5773,5778,5774,5778,5774,22
2012-11-08 15:48:00,2012-11-08 15:49:00,5773,5771,5774,5771,5774,5772,5775,5772,20
2012-11-08 15:49:00,2012-11-08 15:50:00,5771,5772,5773,5770,5772,5773,5774,5771,29
2012-11-08 15:50:00,2012-11-08 15:51:00,5772,5774,5774,5771,5773,5775,5775,5772,19
2012-11-08 15:51:00,2012-11-08 15:52:00,5774,5776,5778,5774,5775,5777,5779,5775,24
2012-11-08 15:52:00,2012-11-08 15:54:00,5776,5779,5779,5776,5777,5780,5780,5777,17
2012-11-08 15:54:00,2012-11-08 15:55:00,5779,5778,5782,5777,5780,5779,5783,5778,33
2012-11-08 15:55:00,2012-11-08 15:57:00,5777,5774,5777,5773,5778,5775,5778,5774,29
2012-11-08 15:57:00,2012-11-08 15:58:00,5774,5777,5777,5773,5775,5778,5778,5774,27
2012-11-08 15:58:00,2012-11-08 15:59:00,5777,5775,5777,5775,5778,5776,5778,5776,22
2012-11-08 15:59:00,2012-11-08 16:00:00,5775,5779,5779,5775,5776,5780,5780,5776,28
2012-11-08 16:00:00,2012-11-08 16:01:00,5779,5778,5780,5778,5780,5779,5781,5779,11
2012-11-08 16:01:00,2012-11-08 16:02:00,5778,5777,5778,5775,5779,5778,5779,5776,15
2012-11-08 16:02:00,2012-11-08 16:03:00,5777,5773,5778,5773,5778,5774,5779,5774,22
2012-11-08 16:03:00,2012-11-08 16:04:00,5773,5775,5776,5772,5774,5776,5777,5773,32
2012-11-08 16:04:00,2012-11-08 16:05:00,5775,5776,5777,5775,5776,5777,5778,5776,21
2012-11-08 16:05:00,2012-11-08 16:06:00,5776,5780,5780,5774,5777,5781,5781,5775,22
2012-11-08 16:06:00,2012-11-08 16:07:00,5780,5777,5780,5776,5781,5778,5781,5777,13
2012-11-08 16:07:00,2012-11-08 16:08:00,5777,5779,5779,5775,5778,5780,5780,5776,12
2012-11-08 16:08:00,2012-11-08 16:09:00,5779,5779,5782,5779,5780,5780,5783,5780,16
2012-11-08 16:09:00,2012-11-08 16:10:00,5779,5780,5781,5778,5780,5781,5782,5779,15
2012-11-08 16:10:00,2012-11-08 16:11:00,5780,5778,5780,5777,5781,5779,5781,5778,14
2012-11-08 16:11:00,2012-11-08 16:13:00,5779,5777,5780,5777,5780,5778,5781,5778,18
2012-11-08 16:13:00,2012-11-08 16:14:00,5777,5778,5779,5776,5778,5779,5780,5777,13
2012-11-08 16:14:00,2012-11-08 16:16:00,5778,5777,5779,5776,5779,5778,5780,5777,21
2012-11-08 16:16:00,2012-11-08 16:17:00,5777,5773,5777,5773,5778,5774,5778,5774,12
2012-11-08 16:17:00,2012-11-08 16:18:00,5773,5772,5778,5771,5774,5773,5779,5772,32
2012-11-08 16:18:00,2012-11-08 16:19:00,5772,5773,5774,5771,5773,5774,5775,5772,21
2012-11-08 16:19:00,2012-11-08 16:20:00,5773,5771,5773,5771,5774,5772,5774,5772,30
2012-11-08 16:20:00,2012-11-08 16:21:00,5771,5770,5773,5770,5772,5771,5774,5771,17
2012-11-08 16:21:00,2012-11-08 16:22:00,5770,5770,5771,5769,5771,5771,5772,5770,16
2012-11-08 16:22:00,2012-11-08 16:23:00,5770,5772,5773,5769,5771,5773,5774,5770,28
2012-11-08 16:23:00,2012-11-08 16:24:00,5772,5775,5775,5772,5773,5776,5776,5773,25
2012-11-08 16:24:00,2012-11-08 16:25:00,5775,5773,5776,5773,5776,5774,5777,5774,14
2012-11-08 16:25:00,2012-11-08 16:27:00,5775,5776,5777,5774,5776,5777,5778,5775,13
2012-11-08 16:27:00,2012-11-08 16:28:00,5776,5774,5777,5774,5777,5776,5778,5776,12
2012-11-08 16:28:00,2012-11-08 16:29:00,5774,5776,5778,5774,5776,5778,5780,5776,12
2012-11-08 16:29:00,2012-11-08 16:30:00,5776,5774,5777,5773,5778,5776,5779,5775,22
2012-11-08 16:30:00,2012-11-08 16:31:00,5774,5776,5776,5774,5776,5778,5778,5776,8
2012-11-08 16:31:00,2012-11-08 16:32:00,5776,5776,5778,5776,5778,5778,5780,5778,18
2012-11-08 16:32:00,2012-11-08 16:33:00,5776,5776,5778,5775,5778,5778,5780,5777,22
2012-11-08 16:33:00,2012-11-08 16:34:00,5776,5775,5777,5774,5778,5777,5779,5776,21
2012-11-08 16:34:00,2012-11-08 16:35:00,5775,5773,5775,5772,5777,5775,5777,5774,26
2012-11-08 16:35:00,2012-11-08 16:36:00,5773,5773,5774,5771,5775,5775,5776,5773,18
2012-11-08 16:36:00,2012-11-08 16:37:00,5773,5774,5775,5772,5775,5776,5777,5774,19
2012-11-08 16:37:00,2012-11-08 16:38:00,5774,5775,5776,5774,5776,5777,5778,5776,23
2012-11-08 16:38:00,2012-11-08 16:39:00,5775,5775,5776,5773,5777,5777,5778,5775,15
2012-11-08 16:39:00,2012-11-08 16:40:00,5775,5773,5775,5772,5777,5775,5777,5774,14
2012-11-08 16:40:00,2012-11-08 16:41:00,5773,5773,5774,5772,5775,5775,5776,5774,10
2012-11-08 16:41:00,2012-11-08 16:42:00,5773,5771,5774,5771,5775,5773,5776,5773,12
2012-11-08 16:42:00,2012-11-08 16:43:00,5771,5774,5774,5771,5773,5776,5776,5773,15
2012-11-08 16:43:00,2012-11-08 16:47:00,5775,5775,5776,5774,5777,5777,5778,5776,12
2012-11-08 16:47:00,2012-11-08 16:49:00,5774,5774,5775,5774,5776,5776,5777,5776,12
2012-11-08 16:49:00,2012-11-08 16:50:00,5774,5773,5774,5772,5776,5775,5776,5774,7
2012-11-08 16:50:00,2012-11-08 16:53:00,5773,5774,5775,5773,5775,5776,5777,5775,9
2012-11-08 16:53:00,2012-11-08 16:58:00,5777,5775,5778,5775,5779,5777,5780,5777,6
2012-11-08 16:58:00,2012-11-08 16:59:00,5775,5777,5777,5775,5777,5779,5779,5777,6
2012-11-08 16:59:00,2012-11-08 17:01:00,5776,5776,5777,5775,5778,5778,5779,5777,8
2012-11-08 17:01:00,2012-11-08 17:02:00,5776,5775,5777,5775,5778,5777,5779,5777,3
2012-11-08 17:02:00,2012-11-08 17:03:00,5775,5775,5775,5772,5777,5777,5777,5774,12
2012-11-08 17:03:00,2012-11-08 17:04:00,5775,5775,5775,5773,5777,5777,5777,5775,8
2012-11-08 17:04:00,2012-11-08 17:05:00,5775,5775,5777,5775,5777,5777,5779,5777,6
2012-11-08 17:05:00,2012-11-08 17:06:00,5775,5775,5776,5773,5777,5777,5778,5775,12
2012-11-08 17:06:00,2012-11-08 17:07:00,5775,5777,5777,5775,5777,5779,5779,5777,8
2012-11-08 17:07:00,2012-11-08 17:11:00,5775,5773,5776,5773,5777,5775,5778,5775,8
2012-11-08 17:11:00,2012-11-08 17:12:00,5773,5772,5773,5769,5775,5774,5775,5771,19
2012-11-08 17:12:00,2012-11-08 17:13:00,5772,5773,5774,5771,5774,5775,5776,5773,16
2012-11-08 17:13:00,2012-11-08 17:14:00,5773,5773,5775,5773,5775,5775,5777,5775,12
2012-11-08 17:14:00,2012-11-08 17:15:00,5773,5772,5773,5771,5775,5774,5775,5773,15
2012-11-08 17:15:00,2012-11-08 17:16:00,5772,5771,5773,5771,5774,5773,5775,5773,11
2012-11-08 17:16:00,2012-11-08 17:17:00,5771,5773,5773,5771,5773,5775,5775,5773,4
2012-11-08 17:17:00,2012-11-08 17:20:00,5773,5772,5773,5771,5775,5774,5775,5773,13
2012-11-08 17:20:00,2012-11-08 17:22:00,5773,5775,5776,5773,5775,5777,5778,5775,8
2012-11-08 17:22:00,2012-11-08 17:23:00,5775,5775,5776,5774,5777,5777,5778,5776,6
2012-11-08 17:23:00,2012-11-08 17:24:00,5775,5774,5775,5774,5777,5776,5777,5776,7
2012-11-08 17:24:00,2012-11-08 17:26:00,5774,5773,5774,5772,5776,5775,5776,5774,9
2012-11-08 17:26:00,2012-11-08 17:27:00,5773,5773,5775,5773,5775,5775,5777,5775,6
2012-11-08 17:27:00,2012-11-08 17:28:00,5773,5773,5774,5772,5775,5775,5776,5774,4
2012-11-08 17:28:00,2012-11-08 17:29:00,5773,5772,5774,5771,5775,5774,5776,5773,10
2012-11-08 17:29:00,2012-11-08 17:32:00,5772,5771,5772,5769,5774,5773,5774,5771,9
2012-11-08 17:32:00,2012-11-08 17:33:00,5771,5772,5773,5770,5773,5774,5775,5772,9
2012-11-08 17:33:00,2012-11-08 17:34:00,5772,5771,5773,5771,5774,5773,5775,5773,5
2012-11-08 17:34:00,2012-11-08 17:36:00,5772,5772,5772,5770,5774,5774,5774,5772,6
2012-11-08 17:36:00,2012-11-08 17:37:00,5772,5770,5773,5770,5774,5772,5775,5772,8
2012-11-08 17:37:00,2012-11-08 17:38:00,5770,5771,5772,5770,5772,5773,5774,5772,11
2012-11-08 17:38:00,2012-11-08 17:39:00,5771,5771,5772,5768,5773,5773,5774,5770,13
2012-11-08 17:39:00,2012-11-08 17:40:00,5771,5773,5774,5771,5773,5775,5776,5773,14
2012-11-08 17:40:00,2012-11-08 17:41:00,5773,5773,5775,5773,5775,5775,5777,5775,7
2012-11-08 17:41:00,2012-11-08 17:43:00,5773,5772,5773,5772,5775,5774,5775,5774,7
2012-11-08 17:43:00,2012-11-08 17:44:00,5772,5773,5773,5772,5774,5775,5775,5774,5
2012-11-08 17:44:00,2012-11-08 17:45:00,5773,5770,5773,5769,5775,5772,5775,5771,7
2012-11-08 17:45:00,2012-11-08 17:46:00,5770,5768,5771,5768,5772,5770,5773,5770,12
2012-11-08 17:46:00,2012-11-08 17:47:00,5768,5767,5769,5767,5770,5769,5771,5769,13
2012-11-08 17:47:00,2012-11-08 17:48:00,5767,5769,5769,5767,5769,5771,5771,5769,6
2012-11-08 17:48:00,2012-11-08 17:50:00,5769,5768,5770,5768,5771,5770,5772,5770,9
2012-11-08 17:50:00,2012-11-08 17:51:00,5768,5770,5770,5768,5770,5772,5772,5770,12
2012-11-08 17:51:00,2012-11-08 17:52:00,5770,5771,5771,5770,5772,5773,5773,5772,7
2012-11-08 17:52:00,2012-11-08 17:54:00,5770,5770,5771,5770,5772,5772,5773,5772,6
2012-11-08 17:54:00,2012-11-08 17:57:00,5773,5772,5773,5771,5775,5774,5775,5773,8
2012-11-08 17:57:00,2012-11-08 17:59:00,5771,5773,5774,5771,5773,5775,5776,5773,10
2012-11-08 17:59:00,2012-11-08 18:02:00,5774,5775,5775,5772,5776,5777,5777,5774,9
2012-11-08 18:02:00,2012-11-08 18:06:00,5771,5771,5773,5771,5773,5773,5775,5773,5
2012-11-08 18:06:00,2012-11-08 18:08:00,5771,5772,5772,5771,5773,5774,5774,5773,3
2012-11-08 18:08:00,2012-11-08 18:11:00,5769,5769,5770,5768,5771,5771,5772,5770,4
2012-11-08 18:11:00,2012-11-08 18:13:00,5770,5767,5770,5767,5772,5769,5772,5769,9
2012-11-08 18:13:00,2012-11-08 18:14:00,5767,5767,5768,5766,5769,5769,5770,5768,18
2012-11-08 18:14:00,2012-11-08 18:16:00,5768,5767,5768,5766,5770,5769,5770,5768,3
2012-11-08 18:16:00,2012-11-08 18:17:00,5767,5768,5768,5767,5769,5770,5770,5769,3
2012-11-08 18:17:00,2012-11-08 18:18:00,5768,5768,5769,5767,5770,5770,5771,5769,6
2012-11-08 18:18:00,2012-11-08 18:19:00,5768,5768,5770,5768,5770,5770,5772,5770,4
2012-11-08 18:19:00,2012-11-08 18:20:00,5768,5770,5770,5768,5770,5772,5772,5770,6
2012-11-08 18:20:00,2012-11-08 18:21:00,5770,5768,5770,5767,5772,5770,5772,5769,12
2012-11-08 18:21:00,2012-11-08 18:22:00,5768,5767,5768,5766,5770,5769,5770,5768,5
2012-11-08 18:22:00,2012-11-08 18:23:00,5767,5766,5767,5765,5769,5768,5769,5767,5
2012-11-08 18:23:00,2012-11-08 18:24:00,5766,5766,5766,5765,5768,5768,5768,5767,4
2012-11-08 18:24:00,2012-11-08 18:25:00,5766,5763,5766,5763,5768,5765,5768,5765,11
2012-11-08 18:25:00,2012-11-08 18:26:00,5763,5759,5764,5759,5765,5761,5766,5761,19
2012-11-08 18:26:00,2012-11-08 18:27:00,5759,5763,5764,5759,5761,5765,5766,5761,18
2012-11-08 18:27:00,2012-11-08 18:28:00,5763,5764,5765,5763,5765,5766,5767,5765,9
2012-11-08 18:28:00,2012-11-08 18:31:00,5761,5763,5763,5760,5763,5765,5765,5762,12
2012-11-08 18:31:00,2012-11-08 18:32:00,5763,5763,5764,5761,5765,5765,5766,5763,8
2012-11-08 18:32:00,2012-11-08 18:33:00,5763,5764,5764,5761,5765,5766,5766,5763,5
2012-11-08 18:33:00,2012-11-08 18:35:00,5764,5766,5767,5764,5766,5768,5769,5766,8
2012-11-08 18:35:00,2012-11-08 18:37:00,5766,5765,5767,5765,5768,5767,5769,5767,9
2012-11-08 18:37:00,2012-11-08 18:38:00,5765,5766,5767,5765,5767,5768,5769,5767,3
2012-11-08 18:38:00,2012-11-08 18:39:00,5766,5766,5767,5766,5768,5768,5769,5768,2
2012-11-08 18:39:00,2012-11-08 18:42:00,5766,5766,5767,5766,5768,5768,5769,5768,4
2012-11-08 18:42:00,2012-11-08 18:43:00,5766,5767,5767,5765,5768,5769,5769,5767,5
2012-11-08 18:43:00,2012-11-08 18:44:00,5767,5765,5768,5765,5769,5767,5770,5767,4
2012-11-08 18:44:00,2012-11-08 18:45:00,5765,5767,5767,5765,5767,5769,5769,5767,4
2012-11-08 18:45:00,2012-11-08 18:47:00,5766,5765,5766,5764,5768,5767,5768,5766,3
2012-11-08 18:47:00,2012-11-08 18:48:00,5765,5767,5768,5765,5767,5769,5770,5767,4
2012-11-08 18:48:00,2012-11-08 18:49:00,5767,5770,5770,5767,5769,5772,5772,5769,9
2012-11-08 18:49:00,2012-11-08 18:50:00,5770,5773,5773,5769,5772,5775,5775,5771,12
2012-11-08 18:50:00,2012-11-08 18:51:00,5773,5772,5774,5772,5775,5774,5776,5774,19
2012-11-08 18:51:00,2012-11-08 18:52:00,5772,5773,5774,5772,5774,5775,5776,5774,7
2012-11-08 18:52:00,2012-11-08 18:55:00,5775,5774,5775,5774,5777,5776,5777,5776,9
2012-11-08 18:55:00,2012-11-08 18:56:00,5774,5776,5776,5774,5776,5778,5778,5776,4
2012-11-08 18:56:00,2012-11-08 18:57:00,5776,5777,5777,5775,5778,5779,5779,5777,8
2012-11-08 18:57:00,2012-11-08 18:59:00,5776,5779,5779,5776,5778,5781,5781,5778,11
2012-11-08 18:59:00,2012-11-08 19:01:00,5777,5777,5778,5777,5779,5779,5780,5779,6
2012-11-08 19:01:00,2012-11-08 19:02:00,5777,5774,5777,5774,5779,5776,5779,5776,5
2012-11-08 19:02:00,2012-11-08 19:03:00,5774,5775,5776,5774,5776,5777,5778,5776,7
2012-11-08 19:03:00,2012-11-08 19:04:00,5775,5775,5775,5774,5777,5777,5777,5776,8
2012-11-08 19:04:00,2012-11-08 19:07:00,5774,5774,5774,5772,5776,5776,5776,5774,8
2012-11-08 19:07:00,2012-11-08 19:13:00,5774,5775,5777,5774,5776,5777,5779,5776,7
2012-11-08 19:13:00,2012-11-08 19:16:00,5778,5778,5778,5777,5780,5780,5780,5779,6
2012-11-08 19:16:00,2012-11-08 19:17:00,5778,5776,5778,5776,5780,5778,5780,5778,10
2012-11-08 19:17:00,2012-11-08 19:18:00,5776,5775,5777,5774,5778,5777,5779,5776,11
2012-11-08 19:18:00,2012-11-08 19:19:00,5775,5774,5775,5773,5777,5776,5777,5775,15
2012-11-08 19:19:00,2012-11-08 19:20:00,5774,5772,5774,5772,5776,5774,5776,5774,2
2012-11-08 19:20:00,2012-11-08 19:22:00,5770,5772,5772,5769,5772,5774,5774,5771,9
2012-11-08 19:22:00,2012-11-08 19:23:00,5772,5771,5773,5771,5774,5773,5775,5773,6
2012-11-08 19:23:00,2012-11-08 19:26:00,5772,5772,5774,5771,5774,5774,5776,5773,8
2012-11-08 19:26:00,2012-11-08 19:27:00,5772,5772,5773,5772,5774,5774,5775,5774,6
2012-11-08 19:27:00,2012-11-08 19:28:00,5772,5773,5774,5771,5774,5775,5776,5773,5
2012-11-08 19:28:00,2012-11-08 19:30:00,5773,5772,5773,5771,5775,5774,5775,5773,3
2012-11-08 19:30:00,2012-11-08 19:34:00,5772,5770,5772,5770,5774,5772,5774,5772,4
2012-11-08 19:34:00,2012-11-08 19:35:00,5770,5769,5770,5769,5772,5771,5772,5771,5
2012-11-08 19:35:00,2012-11-08 19:36:00,5769,5770,5770,5769,5771,5772,5772,5771,5
2012-11-08 19:36:00,2012-11-08 19:40:00,5769,5771,5771,5769,5771,5773,5773,5771,10
2012-11-08 19:40:00,2012-11-08 19:41:00,5771,5771,5772,5770,5773,5773,5774,5772,6
2012-11-08 19:41:00,2012-11-08 19:42:00,5771,5772,5774,5771,5773,5774,5776,5773,7
2012-11-08 19:42:00,2012-11-08 19:43:00,5772,5771,5773,5771,5774,5773,5775,5773,7
2012-11-08 19:43:00,2012-11-08 19:44:00,5771,5772,5773,5771,5773,5774,5775,5773,7
2012-11-08 19:44:00,2012-11-08 19:45:00,5772,5773,5774,5772,5774,5775,5776,5774,5
2012-11-08 19:45:00,2012-11-08 19:47:00,5773,5773,5775,5773,5775,5775,5777,5775,4
2012-11-08 19:47:00,2012-11-08 19:49:00,5775,5776,5776,5774,5777,5778,5778,5776,5
2012-11-08 19:49:00,2012-11-08 19:50:00,5776,5775,5777,5775,5778,5777,5779,5777,11
2012-11-08 19:50:00,2012-11-08 19:51:00,5775,5773,5775,5773,5777,5775,5777,5775,6
2012-11-08 19:51:00,2012-11-08 19:57:00,5774,5775,5777,5774,5776,5777,5779,5776,9
2012-11-08 19:57:00,2012-11-08 19:59:00,5776,5774,5776,5773,5778,5776,5778,5775,4
2012-11-08 19:59:00,2012-11-08 20:00:00,5774,5772,5774,5772,5776,5774,5776,5774,6
2012-11-08 20:00:00,2012-11-08 20:01:00,5772,5773,5773,5771,5774,5775,5775,5773,5
2012-11-08 20:01:00,2012-11-08 20:02:00,5773,5771,5773,5771,5775,5773,5775,5773,6
2012-11-08 20:02:00,2012-11-08 20:03:00,5771,5772,5773,5771,5773,5774,5775,5773,3
2012-11-08 20:03:00,2012-11-08 20:05:00,5773,5776,5776,5773,5775,5778,5778,5775,9
2012-11-08 20:05:00,2012-11-08 20:06:00,5776,5773,5776,5772,5778,5775,5778,5774,7
2012-11-08 20:06:00,2012-11-08 20:07:00,5773,5771,5773,5770,5775,5773,5775,5772,10
2012-11-08 20:07:00,2012-11-08 20:08:00,5771,5773,5773,5771,5773,5775,5775,5773,8
2012-11-08 20:08:00,2012-11-08 20:09:00,5773,5772,5773,5771,5775,5774,5775,5773,5
2012-11-08 20:09:00,2012-11-08 20:10:00,5772,5775,5775,5772,5774,5777,5777,5774,9
2012-11-08 20:10:00,2012-11-08 20:11:00,5775,5771,5775,5771,5777,5773,5777,5773,18
2012-11-08 20:11:00,2012-11-08 20:12:00,5771,5771,5772,5771,5773,5773,5774,5773,6
2012-11-08 20:12:00,2012-11-08 20:13:00,5771,5771,5773,5771,5773,5773,5775,5773,8
2012-11-08 20:13:00,2012-11-08 20:15:00,5771,5771,5771,5770,5773,5773,5773,5772,6
2012-11-08 20:15:00,2012-11-08 20:16:00,5771,5770,5772,5770,5773,5772,5774,5772,5
2012-11-08 20:16:00,2012-11-08 20:17:00,5770,5773,5773,5770,5772,5775,5775,5772,9
2012-11-08 20:17:00,2012-11-08 20:19:00,5773,5774,5775,5772,5775,5776,5777,5774,11
2012-11-08 20:19:00,2012-11-08 20:22:00,5774,5771,5774,5770,5776,5773,5776,5772,9
2012-11-08 20:22:00,2012-11-08 20:23:00,5771,5769,5771,5769,5773,5771,5773,5771,6
2012-11-08 20:23:00,2012-11-08 20:24:00,5769,5770,5770,5769,5771,5772,5772,5771,3
2012-11-08 20:24:00,2012-11-08 20:25:00,5770,5771,5772,5770,5772,5773,5774,5772,7
2012-11-08 20:25:00,2012-11-08 20:26:00,5771,5770,5771,5768,5773,5772,5773,5770,7
2012-11-08 20:26:00,2012-11-08 20:27:00,5770,5770,5771,5769,5772,5772,5773,5771,9
2012-11-08 20:27:00,2012-11-08 20:28:00,5770,5768,5770,5768,5772,5770,5772,5770,10
2012-11-08 20:28:00,2012-11-08 20:29:00,5768,5769,5770,5768,5770,5771,5772,5770,9
2012-11-08 20:29:00,2012-11-08 20:30:00,5769,5769,5770,5768,5771,5771,5772,5770,6
2012-11-08 20:30:00,2012-11-08 20:31:00,5769,5765,5769,5765,5771,5767,5771,5767,10
2012-11-08 20:31:00,2012-11-08 20:32:00,5765,5768,5768,5765,5767,5770,5770,5767,10
2012-11-08 20:32:00,2012-11-08 20:33:00,5768,5767,5769,5766,5770,5769,5771,5768,9
2012-11-08 20:33:00,2012-11-08 20:34:00,5767,5769,5769,5767,5769,5771,5771,5769,8
2012-11-08 20:34:00,2012-11-08 20:35:00,5769,5769,5770,5767,5771,5771,5772,5769,12
2012-11-08 20:35:00,2012-11-08 20:36:00,5769,5768,5770,5768,5771,5770,5772,5770,5
2012-11-08 20:36:00,2012-11-08 20:37:00,5768,5769,5769,5767,5770,5771,5771,5769,7
2012-11-08 20:37:00,2012-11-08 20:38:00,5769,5767,5769,5767,5771,5769,5771,5769,8
2012-11-08 20:38:00,2012-11-08 20:40:00,5768,5770,5770,5768,5770,5772,5772,5770,4
2012-11-08 20:40:00,2012-11-08 20:41:00,5770,5768,5770,5768,5772,5770,5772,5770,8
2012-11-08 20:41:00,2012-11-08 20:42:00,5768,5765,5769,5765,5770,5767,5771,5767,9
2012-11-08 20:42:00,2012-11-08 20:43:00,5765,5764,5766,5763,5767,5766,5768,5765,9
2012-11-08 20:43:00,2012-11-08 20:44:00,5764,5766,5767,5763,5766,5768,5769,5765,10
2012-11-08 20:44:00,2012-11-08 20:45:00,5766,5766,5766,5764,5768,5768,5768,5766,8
2012-11-08 20:45:00,2012-11-08 20:46:00,5766,5767,5767,5765,5768,5769,5769,5767,9
2012-11-08 20:46:00,2012-11-08 20:47:00,5767,5764,5767,5764,5769,5766,5769,5766,27
2012-11-08 20:47:00,2012-11-08 20:50:00,5763,5764,5766,5762,5765,5766,5768,5764,35
2012-11-08 20:50:00,2012-11-08 20:51:00,5764,5764,5765,5764,5766,5766,5767,5766,14
2012-11-08 20:51:00,2012-11-08 20:53:00,5765,5766,5766,5765,5767,5769,5769,5767,7
2012-11-08 20:53:00,2012-11-08 20:54:00,5766,5767,5767,5766,5769,5769,5769,5769,1
2012-11-08 20:54:00,2012-11-08 20:55:00,5767,5765,5767,5765,5769,5767,5769,5767,10
2012-11-08 20:55:00,2012-11-08 20:56:00,5765,5762,5765,5762,5767,5764,5767,5764,7
2012-11-08 20:56:00,2012-11-08 20:57:00,5762,5761,5762,5761,5764,5763,5764,5763,3
2012-11-08 20:57:00,2012-11-08 20:58:00,5761,5759,5761,5759,5763,5761,5763,5761,9
2012-11-08 20:58:00,2012-11-09 08:00:00,5759,5775,5777,5759,5761,5776,5779,5761,60
2012-11-09 08:00:00,2012-11-09 08:01:00,5775,5779,5780,5774,5776,5780,5781,5775,36
2012-11-09 08:01:00,2012-11-09 08:02:00,5779,5779,5780,5777,5780,5780,5781,5778,22
2012-11-09 08:02:00,2012-11-09 08:03:00,5779,5774,5779,5774,5780,5775,5780,5775,21
2012-11-09 08:03:00,2012-11-09 08:04:00,5774,5777,5777,5774,5775,5778,5778,5775,9
2012-11-09 08:04:00,2012-11-09 08:05:00,5777,5779,5780,5775,5778,5780,5781,5776,13
2012-11-09 08:05:00,2012-11-09 08:06:00,5779,5778,5780,5778,5780,5779,5781,5779,7
2012-11-09 08:06:00,2012-11-09 08:07:00,5778,5773,5778,5773,5779,5774,5779,5774,9
2012-11-09 08:07:00,2012-11-09 08:08:00,5773,5769,5775,5769,5774,5770,5776,5770,12
2012-11-09 08:08:00,2012-11-09 08:09:00,5769,5773,5773,5768,5770,5774,5774,5769,12
2012-11-09 08:09:00,2012-11-09 08:11:00,5775,5772,5775,5771,5776,5773,5776,5772,11
2012-11-09 08:11:00,2012-11-09 08:12:00,5772,5771,5772,5769,5773,5772,5773,5770,17
2012-11-09 08:12:00,2012-11-09 08:13:00,5771,5775,5776,5770,5772,5776,5777,5771,12
2012-11-09 08:13:00,2012-11-09 08:14:00,5775,5775,5776,5774,5776,5776,5777,5775,18
2012-11-09 08:14:00,2012-11-09 08:15:00,5775,5774,5775,5772,5776,5775,5776,5773,11
2012-11-09 08:15:00,2012-11-09 08:16:00,5774,5777,5777,5773,5775,5778,5778,5774,15
2012-11-09 08:16:00,2012-11-09 08:17:00,5777,5776,5778,5776,5778,5777,5779,5777,9
2012-11-09 08:17:00,2012-11-09 08:18:00,5776,5778,5778,5776,5777,5779,5779,5777,6
2012-11-09 08:18:00,2012-11-09 08:20:00,5778,5774,5778,5774,5779,5775,5779,5775,14
2012-11-09 08:20:00,2012-11-09 08:21:00,5774,5775,5775,5773,5775,5776,5776,5774,9
2012-11-09 08:21:00,2012-11-09 08:22:00,5775,5777,5778,5775,5776,5778,5779,5776,10
2012-11-09 08:22:00,2012-11-09 08:24:00,5777,5778,5779,5777,5778,5779,5780,5778,7
2012-11-09 08:24:00,2012-11-09 08:25:00,5778,5777,5779,5777,5779,5778,5780,5778,5
2012-11-09 08:25:00,2012-11-09 08:26:00,5777,5780,5781,5777,5778,5781,5782,5778,11
2012-11-09 08:26:00,2012-11-09 08:27:00,5780,5783,5783,5780,5781,5784,5784,5781,3
2012-11-09 08:27:00,2012-11-09 08:28:00,5783,5782,5786,5781,5784,5783,5787,5782,21
2012-11-09 08:28:00,2012-11-09 08:30:00,5781,5779,5781,5778,5782,5780,5782,5779,18
2012-11-09 08:30:00,2012-11-09 08:31:00,5779,5776,5779,5776,5780,5777,5780,5777,5
2012-11-09 08:31:00,2012-11-09 08:32:00,5776,5773,5776,5771,5777,5774,5777,5772,25
2012-11-09 08:32:00,2012-11-09 08:33:00,5773,5771,5773,5770,5774,5772,5774,5771,16
2012-11-09 08:33:00,2012-11-09 08:34:00,5771,5773,5774,5770,5772,5774,5775,5771,12
2012-11-09 08:34:00,2012-11-09 08:35:00,5773,5773,5774,5772,5774,5774,5775,5773,8
2012-11-09 08:35:00,2012-11-09 08:36:00,5773,5774,5775,5773,5774,5775,5776,5774,3
2012-11-09 08:36:00,2012-11-09 08:37:00,5774,5770,5775,5770,5775,5771,5776,5771,8
2012-11-09 08:37:00,2012-11-09 08:38:00,5770,5772,5773,5769,5771,5773,5774,5770,18
2012-11-09 08:38:00,2012-11-09 08:39:00,5772,5771,5772,5770,5773,5772,5773,5771,15
2012-11-09 08:39:00,2012-11-09 08:40:00,5771,5771,5772,5771,5772,5772,5773,5772,2
2012-11-09 08:40:00,2012-11-09 08:41:00,5771,5772,5773,5771,5772,5773,5774,5772,5
2012-11-09 08:41:00,2012-11-09 08:43:00,5770,5771,5773,5770,5771,5772,5774,5771,7
2012-11-09 08:43:00,2012-11-09 08:44:00,5771,5768,5771,5768,5772,5769,5772,5769,13
2012-11-09 08:44:00,2012-11-09 08:45:00,5768,5766,5768,5764,5769,5767,5769,5765,18
2012-11-09 08:45:00,2012-11-09 08:46:00,5766,5765,5767,5764,5767,5766,5768,5765,11
2012-11-09 08:46:00,2012-11-09 08:47:00,5765,5762,5765,5761,5766,5763,5766,5762,15
2012-11-09 08:47:00,2012-11-09 08:48:00,5762,5764,5764,5761,5763,5765,5765,5762,14
2012-11-09 08:48:00,2012-11-09 08:49:00,5764,5764,5764,5763,5765,5765,5765,5764,2
2012-11-09 08:49:00,2012-11-09 08:50:00,5764,5762,5765,5761,5765,5763,5766,5762,10
2012-11-09 08:50:00,2012-11-09 08:51:00,5762,5761,5762,5759,5763,5762,5763,5760,14
2012-11-09 08:51:00,2012-11-09 08:52:00,5761,5761,5761,5760,5762,5762,5762,5761,12
2012-11-09 08:52:00,2012-11-09 08:53:00,5761,5759,5761,5759,5762,5760,5762,5760,6
2012-11-09 08:53:00,2012-11-09 08:55:00,5761,5762,5762,5761,5762,5763,5763,5762,9
2012-11-09 08:55:00,2012-11-09 08:56:00,5762,5764,5765,5762,5763,5765,5766,5763,12
2012-11-09 08:56:00,2012-11-09 08:57:00,5764,5766,5766,5763,5765,5767,5767,5764,18
2012-11-09 08:57:00,2012-11-09 08:58:00,5766,5764,5766,5764,5767,5765,5767,5765,10
2012-11-09 08:58:00,2012-11-09 08:59:00,5764,5765,5766,5764,5765,5766,5767,5765,3
2012-11-09 08:59:00,2012-11-09 09:00:00,5765,5766,5767,5765,5766,5767,5768,5766,19
2012-11-09 09:00:00,2012-11-09 09:02:00,5767,5766,5768,5766,5768,5767,5769,5767,9
2012-11-09 09:02:00,2012-11-09 09:05:00,5768,5767,5768,5767,5769,5768,5769,5768,3
2012-11-09 09:05:00,2012-11-09 09:06:00,5767,5766,5767,5765,5768,5767,5768,5766,7
2012-11-09 09:06:00,2012-11-09 09:08:00,5766,5766,5766,5765,5767,5767,5767,5766,6
2012-11-09 09:08:00,2012-11-09 09:09:00,5766,5763,5766,5763,5767,5764,5767,5764,9
2012-11-09 09:09:00,2012-11-09 09:10:00,5763,5764,5765,5760,5764,5765,5766,5761,11
2012-11-09 09:10:00,2012-11-09 09:11:00,5764,5764,5765,5764,5765,5765,5766,5765,8
2012-11-09 09:11:00,2012-11-09 09:12:00,5764,5762,5764,5762,5765,5763,5765,5763,2
2012-11-09 09:12:00,2012-11-09 09:13:00,5762,5762,5763,5760,5763,5763,5764,5761,10
2012-11-09 09:13:00,2012-11-09 09:14:00,5762,5761,5762,5760,5763,5762,5763,5761,13
2012-11-09 09:14:00,2012-11-09 09:15:00,5761,5763,5763,5760,5762,5764,5764,5761,8
2012-11-09 09:15:00,2012-11-09 09:16:00,5763,5765,5766,5762,5764,5766,5767,5763,10
2012-11-09 09:16:00,2012-11-09 09:17:00,5765,5764,5766,5764,5766,5765,5767,5765,3
2012-11-09 09:17:00,2012-11-09 09:18:00,5764,5764,5765,5763,5765,5765,5766,5764,10
2012-11-09 09:18:00,2012-11-09 09:19:00,5764,5764,5764,5762,5765,5765,5765,5763,20
2012-11-09 09:19:00,2012-11-09 09:20:00,5764,5766,5767,5763,5765,5767,5768,5764,20
2012-11-09 09:20:00,2012-11-09 09:21:00,5766,5766,5767,5766,5767,5767,5768,5767,8
2012-11-09 09:21:00,2012-11-09 09:22:00,5766,5765,5767,5765,5767,5766,5768,5766,11
2012-11-09 09:22:00,2012-11-09 09:23:00,5765,5768,5769,5765,5766,5769,5770,5766,17
2012-11-09 09:23:00,2012-11-09 09:24:00,5768,5770,5770,5768,5769,5771,5771,5769,4
2012-11-09 09:24:00,2012-11-09 09:25:00,5770,5769,5771,5768,5771,5770,5772,5769,11
2012-11-09 09:25:00,2012-11-09 09:26:00,5769,5767,5769,5766,5770,5768,5770,5767,10
2012-11-09 09:26:00,2012-11-09 09:27:00,5767,5767,5768,5765,5768,5768,5769,5766,12
2012-11-09 09:27:00,2012-11-09 09:28:00,5767,5767,5767,5766,5768,5768,5768,5767,4
2012-11-09 09:28:00,2012-11-09 09:29:00,5767,5769,5769,5767,5768,5770,5770,5768,12
2012-11-09 09:29:00,2012-11-09 09:30:00,5769,5769,5770,5768,5770,5770,5771,5769,8
2012-11-09 09:30:00,2012-11-09 09:31:00,5769,5767,5769,5765,5770,5768,5770,5766,10
2012-11-09 09:31:00,2012-11-09 09:32:00,5767,5767,5767,5766,5768,5768,5768,5767,2
2012-11-09 09:32:00,2012-11-09 09:34:00,5765,5765,5766,5765,5766,5766,5767,5766,4
2012-11-09 09:34:00,2012-11-09 09:35:00,5765,5765,5766,5765,5766,5766,5767,5766,6
2012-11-09 09:35:00,2012-11-09 09:36:00,5765,5767,5767,5764,5766,5768,5768,5765,6
2012-11-09 09:36:00,2012-11-09 09:38:00,5766,5764,5766,5763,5767,5765,5767,5764,10
2012-11-09 09:38:00,2012-11-09 09:39:00,5764,5763,5764,5762,5765,5764,5765,5763,3
2012-11-09 09:39:00,2012-11-09 09:40:00,5763,5762,5764,5762,5764,5763,5765,5763,3
2012-11-09 09:40:00,2012-11-09 09:42:00,5760,5765,5765,5760,5761,5766,5766,5761,21
2012-11-09 09:42:00,2012-11-09 09:43:00,5765,5763,5765,5763,5766,5764,5766,5764,6
2012-11-09 09:43:00,2012-11-09 09:44:00,5763,5764,5764,5762,5764,5765,5765,5763,7
2012-11-09 09:44:00,2012-11-09 09:45:00,5764,5766,5767,5764,5765,5767,5768,5765,6
2012-11-09 09:45:00,2012-11-09 09:46:00,5766,5767,5767,5765,5767,5768,5768,5766,9
2012-11-09 09:46:00,2012-11-09 09:47:00,5767,5766,5767,5766,5768,5767,5768,5767,9
2012-11-09 09:47:00,2012-11-09 09:48:00,5766,5766,5766,5765,5767,5767,5767,5766,2
2012-11-09 09:48:00,2012-11-09 09:49:00,5766,5767,5767,5766,5767,5768,5768,5767,5
2012-11-09 09:49:00,2012-11-09 09:50:00,5767,5765,5767,5765,5768,5766,5768,5766,6
2012-11-09 09:50:00,2012-11-09 09:51:00,5765,5765,5766,5764,5766,5766,5767,5765,6
2012-11-09 09:51:00,2012-11-09 09:52:00,5765,5765,5766,5764,5766,5766,5767,5765,8
2012-11-09 09:52:00,2012-11-09 09:53:00,5765,5766,5767,5765,5766,5767,5768,5766,9
2012-11-09 09:53:00,2012-11-09 09:54:00,5766,5765,5766,5764,5767,5766,5767,5765,3
2012-11-09 09:54:00,2012-11-09 09:55:00,5765,5764,5765,5763,5766,5765,5766,5764,3
2012-11-09 09:55:00,2012-11-09 09:56:00,5764,5763,5764,5762,5765,5764,5765,5763,7
2012-11-09 09:56:00,2012-11-09 09:57:00,5763,5764,5765,5763,5764,5765,5766,5764,9
2012-11-09 09:57:00,2012-11-09 09:58:00,5764,5765,5765,5764,5765,5766,5766,5765,9
2012-11-09 09:58:00,2012-11-09 09:59:00,5765,5767,5768,5765,5766,5768,5769,5766,8
2012-11-09 09:59:00,2012-11-09 10:00:00,5767,5769,5769,5767,5768,5770,5770,5768,8
2012-11-09 10:00:00,2012-11-09 10:01:00,5769,5767,5769,5767,5770,5768,5770,5768,4
2012-11-09 10:01:00,2012-11-09 10:02:00,5767,5767,5768,5767,5768,5768,5769,5768,12
2012-11-09 10:02:00,2012-11-09 10:03:00,5767,5768,5768,5767,5768,5769,5769,5768,3
2012-11-09 10:03:00,2012-11-09 10:04:00,5768,5766,5768,5766,5769,5767,5769,5767,4
2012-11-09 10:04:00,2012-11-09 10:05:00,5766,5767,5767,5766,5767,5768,5768,5767,7
2012-11-09 10:05:00,2012-11-09 10:06:00,5767,5764,5767,5764,5768,5765,5768,5765,9
2012-11-09 10:06:00,2012-11-09 10:07:00,5764,5765,5766,5764,5765,5766,5767,5765,5
2012-11-09 10:07:00,2012-11-09 10:08:00,5765,5766,5766,5765,5766,5767,5767,5766,5
2012-11-09 10:08:00,2012-11-09 10:09:00,5766,5765,5766,5765,5767,5766,5767,5766,5
2012-11-09 10:09:00,2012-11-09 10:10:00,5765,5763,5765,5762,5766,5764,5766,5763,6
2012-11-09 10:10:00,2012-11-09 10:11:00,5763,5764,5765,5763,5764,5765,5766,5764,11
2012-11-09 10:11:00,2012-11-09 10:12:00,5764,5764,5765,5763,5765,5765,5766,5764,8
2012-11-09 10:12:00,2012-11-09 10:14:00,5763,5762,5763,5761,5764,5763,5764,5762,5
2012-11-09 10:14:00,2012-11-09 10:15:00,5762,5760,5762,5760,5763,5761,5763,5761,8
2012-11-09 10:15:00,2012-11-09 10:16:00,5760,5759,5761,5758,5761,5760,5762,5759,7
2012-11-09 10:16:00,2012-11-09 10:17:00,5759,5757,5759,5757,5760,5758,5760,5758,12
2012-11-09 10:17:00,2012-11-09 10:18:00,5757,5757,5758,5757,5758,5758,5759,5758,8
2012-11-09 10:18:00,2012-11-09 10:19:00,5757,5749,5757,5748,5758,5750,5758,5749,26
2012-11-09 10:19:00,2012-11-09 10:20:00,5749,5751,5752,5749,5750,5752,5753,5750,24
2012-11-09 10:20:00,2012-11-09 10:21:00,5751,5750,5751,5748,5752,5751,5752,5749,21
2012-11-09 10:21:00,2012-11-09 10:23:00,5753,5755,5756,5753,5754,5756,5757,5754,8
2012-11-09 10:23:00,2012-11-09 10:25:00,5756,5754,5756,5753,5757,5755,5757,5754,8
2012-11-09 10:25:00,2012-11-09 10:26:00,5754,5755,5755,5753,5755,5756,5756,5754,7
2012-11-09 10:26:00,2012-11-09 10:27:00,5755,5756,5757,5754,5756,5757,5758,5755,11
2012-11-09 10:27:00,2012-11-09 10:28:00,5756,5756,5758,5756,5757,5757,5759,5757,10
2012-11-09 10:28:00,2012-11-09 10:30:00,5756,5754,5756,5753,5757,5755,5757,5754,12
2012-11-09 10:30:00,2012-11-09 10:32:00,5751,5750,5752,5750,5752,5751,5753,5751,5
2012-11-09 10:32:00,2012-11-09 10:34:00,5751,5754,5754,5750,5752,5755,5755,5751,9
2012-11-09 10:34:00,2012-11-09 10:35:00,5754,5752,5754,5751,5755,5753,5755,5752,6
2012-11-09 10:35:00,2012-11-09 10:36:00,5752,5752,5752,5751,5753,5753,5753,5752,8
2012-11-09 10:36:00,2012-11-09 10:37:00,5752,5752,5754,5751,5753,5753,5755,5752,12
2012-11-09 10:37:00,2012-11-09 10:39:00,5754,5753,5754,5752,5755,5754,5755,5753,7
2012-11-09 10:39:00,2012-11-09 10:40:00,5753,5754,5755,5752,5754,5755,5756,5753,5
2012-11-09 10:40:00,2012-11-09 10:41:00,5754,5755,5756,5754,5755,5756,5757,5755,9
2012-11-09 10:41:00,2012-11-09 10:43:00,5756,5752,5756,5752,5757,5753,5757,5753,14
2012-11-09 10:43:00,2012-11-09 10:45:00,5752,5755,5755,5752,5753,5756,5756,5753,3
2012-11-09 10:45:00,2012-11-09 10:46:00,5755,5755,5755,5753,5756,5756,5756,5754,8
2012-11-09 10:46:00,2012-11-09 10:47:00,5755,5754,5755,5754,5756,5755,5756,5755,1
2012-11-09 10:47:00,2012-11-09 10:49:00,5755,5755,5757,5755,5756,5756,5758,5756,12
2012-11-09 10:49:00,2012-11-09 10:51:00,5756,5755,5756,5754,5757,5756,5757,5755,9
2012-11-09 10:51:00,2012-11-09 10:52:00,5755,5753,5755,5753,5756,5754,5756,5754,6
2012-11-09 10:52:00,2012-11-09 10:54:00,5753,5752,5753,5752,5754,5753,5754,5753,7
2012-11-09 10:54:00,2012-11-09 10:55:00,5752,5745,5752,5744,5753,5746,5753,5745,15
2012-11-09 10:55:00,2012-11-09 10:56:00,5745,5744,5746,5743,5746,5745,5747,5744,19
2012-11-09 10:56:00,2012-11-09 10:59:00,5744,5744,5746,5744,5745,5745,5747,5745,16
2012-11-09 10:59:00,2012-11-09 11:00:00,5744,5743,5744,5742,5745,5744,5745,5743,25
2012-11-09 11:00:00,2012-11-09 11:02:00,5743,5745,5746,5743,5744,5746,5747,5744,8
2012-11-09 11:02:00,2012-11-09 11:03:00,5745,5744,5746,5744,5746,5745,5747,5745,13
2012-11-09 11:03:00,2012-11-09 11:04:00,5744,5746,5747,5744,5745,5747,5748,5745,12
2012-11-09 11:04:00,2012-11-09 11:05:00,5746,5745,5747,5745,5747,5746,5748,5746,5
2012-11-09 11:05:00,2012-11-09 11:07:00,5745,5747,5747,5744,5746,5748,5748,5745,4
2012-11-09 11:07:00,2012-11-09 11:08:00,5747,5747,5748,5746,5748,5748,5749,5747,4
2012-11-09 11:08:00,2012-11-09 11:10:00,5748,5748,5748,5747,5749,5749,5749,5748,6
2012-11-09 11:10:00,2012-11-09 11:11:00,5748,5745,5748,5744,5749,5746,5749,5745,9
2012-11-09 11:11:00,2012-11-09 11:13:00,5747,5747,5748,5746,5748,5748,5749,5747,10
2012-11-09 11:13:00,2012-11-09 11:14:00,5747,5748,5748,5747,5748,5749,5749,5748,7
2012-11-09 11:14:00,2012-11-09 11:16:00,5748,5746,5748,5746,5749,5747,5749,5747,8
2012-11-09 11:16:00,2012-11-09 11:17:00,5746,5744,5747,5744,5747,5745,5748,5745,14
2012-11-09 11:17:00,2012-11-09 11:18:00,5744,5746,5746,5742,5745,5747,5747,5743,16
2012-11-09 11:18:00,2012-11-09 11:19:00,5746,5746,5747,5744,5747,5747,5748,5745,22
2012-11-09 11:19:00,2012-11-09 11:20:00,5746,5746,5746,5745,5747,5747,5747,5746,6
2012-11-09 11:20:00,2012-11-09 11:21:00,5746,5747,5747,5745,5747,5748,5748,5746,5
2012-11-09 11:21:00,2012-11-09 11:23:00,5746,5746,5747,5746,5747,5747,5748,5747,6
2012-11-09 11:23:00,2012-11-09 11:25:00,5745,5746,5746,5745,5746,5747,5747,5746,1
2012-11-09 11:25:00,2012-11-09 11:27:00,5746,5748,5748,5746,5747,5749,5749,5747,4
2012-11-09 11:27:00,2012-11-09 11:28:00,5748,5755,5755,5748,5749,5756,5756,5749,13
2012-11-09 11:28:00,2012-11-09 11:29:00,5755,5754,5755,5754,5756,5755,5756,5755,13
2012-11-09 11:29:00,2012-11-09 11:30:00,5754,5753,5755,5753,5755,5754,5756,5754,17
2012-11-09 11:30:00,2012-11-09 11:31:00,5753,5753,5754,5752,5754,5754,5755,5753,4
2012-11-09 11:31:00,2012-11-09 11:32:00,5753,5754,5754,5752,5754,5755,5755,5753,9
2012-11-09 11:32:00,2012-11-09 11:33:00,5754,5752,5754,5751,5755,5753,5755,5752,4
2012-11-09 11:33:00,2012-11-09 11:34:00,5752,5750,5753,5750,5753,5751,5754,5751,6
2012-11-09 11:34:00,2012-11-09 11:35:00,5750,5751,5752,5750,5751,5752,5753,5751,5
2012-11-09 11:35:00,2012-11-09 11:37:00,5752,5751,5752,5749,5753,5752,5753,5750,5
2012-11-09 11:37:00,2012-11-09 11:40:00,5749,5748,5750,5748,5750,5749,5751,5749,5
2012-11-09 11:40:00,2012-11-09 11:41:00,5748,5747,5748,5746,5749,5748,5749,5747,3
2012-11-09 11:41:00,2012-11-09 11:42:00,5747,5747,5749,5747,5748,5748,5750,5748,8
2012-11-09 11:42:00,2012-11-09 11:44:00,5747,5746,5747,5746,5748,5747,5748,5747,1
2012-11-09 11:44:00,2012-11-09 11:45:00,5746,5748,5748,5745,5747,5749,5749,5746,10
2012-11-09 11:45:00,2012-11-09 11:48:00,5748,5750,5750,5748,5749,5751,5751,5749,6
2012-11-09 11:48:00,2012-11-09 11:49:00,5750,5750,5751,5747,5751,5751,5752,5748,16
2012-11-09 11:49:00,2012-11-09 11:50:00,5750,5751,5753,5750,5751,5752,5754,5751,7
2012-11-09 11:50:00,2012-11-09 11:51:00,5751,5751,5752,5751,5752,5752,5753,5752,20
2012-11-09 11:51:00,2012-11-09 11:52:00,5751,5750,5752,5749,5752,5751,5753,5750,11
2012-11-09 11:52:00,2012-11-09 11:55:00,5750,5750,5750,5749,5751,5751,5751,5750,6
2012-11-09 11:55:00,2012-11-09 11:56:00,5750,5750,5751,5749,5751,5751,5752,5750,10
2012-11-09 11:56:00,2012-11-09 11:57:00,5750,5749,5751,5749,5751,5750,5752,5750,5
2012-11-09 11:57:00,2012-11-09 11:58:00,5749,5749,5750,5749,5750,5750,5751,5750,6
2012-11-09 11:58:00,2012-11-09 11:59:00,5749,5749,5750,5748,5750,5750,5751,5749,6
2012-11-09 11:59:00,2012-11-09 12:00:00,5749,5747,5749,5745,5750,5748,5750,5746,30
2012-11-09 12:00:00,2012-11-09 12:01:00,5747,5747,5747,5746,5748,5748,5748,5747,10
2012-11-09 12:01:00,2012-11-09 12:02:00,5747,5748,5748,5746,5748,5749,5749,5747,7
2012-11-09 12:02:00,2012-11-09 12:03:00,5748,5748,5749,5748,5749,5749,5750,5749,10
2012-11-09 12:03:00,2012-11-09 12:04:00,5748,5748,5749,5748,5749,5749,5750,5749,2
2012-11-09 12:04:00,2012-11-09 12:07:00,5749,5748,5749,5747,5750,5749,5750,5748,7
2012-11-09 12:07:00,2012-11-09 12:08:00,5748,5746,5748,5746,5749,5747,5749,5747,2
2012-11-09 12:08:00,2012-11-09 12:09:00,5746,5747,5747,5745,5747,5748,5748,5746,9
2012-11-09 12:09:00,2012-11-09 12:10:00,5747,5746,5747,5745,5748,5747,5748,5746,13
2012-11-09 12:10:00,2012-11-09 12:11:00,5746,5746,5748,5745,5747,5747,5749,5746,12
2012-11-09 12:11:00,2012-11-09 12:12:00,5746,5745,5746,5744,5747,5746,5747,5745,3
2012-11-09 12:12:00,2012-11-09 12:13:00,5745,5745,5746,5744,5746,5746,5747,5745,4
2012-11-09 12:13:00,2012-11-09 12:15:00,5745,5744,5745,5744,5746,5745,5746,5745,3
2012-11-09 12:15:00,2012-11-09 12:18:00,5745,5748,5749,5745,5746,5749,5750,5746,7
2012-11-09 12:18:00,2012-11-09 12:19:00,5748,5746,5748,5746,5749,5747,5749,5747,4
2012-11-09 12:19:00,2012-11-09 12:20:00,5746,5745,5746,5744,5747,5746,5747,5745,7
2012-11-09 12:20:00,2012-11-09 12:24:00,5745,5746,5747,5745,5746,5747,5748,5746,9
2012-11-09 12:24:00,2012-11-09 12:25:00,5746,5747,5747,5746,5747,5748,5748,5747,5
2012-11-09 12:25:00,2012-11-09 12:26:00,5747,5747,5747,5746,5748,5748,5748,5747,4
2012-11-09 12:26:00,2012-11-09 12:29:00,5747,5747,5748,5747,5748,5748,5749,5748,2
2012-11-09 12:29:00,2012-11-09 12:30:00,5747,5745,5747,5744,5748,5746,5748,5745,16
2012-11-09 12:30:00,2012-11-09 12:31:00,5745,5744,5745,5742,5746,5745,5746,5743,17
2012-11-09 12:31:00,2012-11-09 12:32:00,5744,5742,5744,5742,5745,5743,5745,5743,8
2012-11-09 12:32:00,2012-11-09 12:33:00,5742,5739,5742,5738,5743,5740,5743,5739,23
2012-11-09 12:33:00,2012-11-09 12:34:00,5739,5740,5741,5739,5740,5741,5742,5740,9
2012-11-09 12:34:00,2012-11-09 12:35:00,5740,5735,5740,5732,5741,5736,5741,5733,36
2012-11-09 12:35:00,2012-11-09 12:36:00,5735,5737,5738,5735,5736,5738,5739,5736,14
2012-11-09 12:36:00,2012-11-09 12:37:00,5737,5736,5737,5736,5738,5737,5738,5737,9
2012-11-09 12:37:00,2012-11-09 12:38:00,5736,5733,5736,5732,5737,5734,5737,5733,9
2012-11-09 12:38:00,2012-11-09 12:39:00,5733,5735,5736,5733,5734,5736,5737,5734,8
2012-11-09 12:39:00,2012-11-09 12:40:00,5735,5736,5736,5734,5736,5737,5737,5735,9
2012-11-09 12:40:00,2012-11-09 12:41:00,5736,5736,5736,5735,5737,5737,5737,5736,4
2012-11-09 12:41:00,2012-11-09 12:42:00,5736,5737,5737,5735,5737,5738,5738,5736,5
2012-11-09 12:42:00,2012-11-09 12:43:00,5737,5738,5739,5737,5738,5739,5740,5738,7
2012-11-09 12:43:00,2012-11-09 12:44:00,5738,5735,5738,5735,5739,5736,5739,5736,6
2012-11-09 12:44:00,2012-11-09 12:48:00,5735,5734,5735,5734,5736,5735,5736,5735,5
2012-11-09 12:48:00,2012-11-09 12:49:00,5734,5734,5735,5734,5735,5735,5736,5735,6
2012-11-09 12:49:00,2012-11-09 12:50:00,5734,5736,5736,5734,5735,5737,5737,5735,2
2012-11-09 12:50:00,2012-11-09 12:54:00,5735,5734,5736,5734,5736,5735,5737,5735,7
2012-11-09 12:54:00,2012-11-09 12:55:00,5734,5731,5734,5730,5735,5732,5735,5731,7
2012-11-09 12:55:00,2012-11-09 12:57:00,5733,5730,5733,5730,5734,5731,5734,5731,7
2012-11-09 12:57:00,2012-11-09 12:58:00,5730,5731,5731,5729,5731,5732,5732,5730,31
2012-11-09 12:58:00,2012-11-09 12:59:00,5731,5731,5731,5730,5732,5732,5732,5731,6
2012-11-09 12:59:00,2012-11-09 13:00:00,5731,5730,5731,5727,5732,5731,5732,5728,15
2012-11-09 13:00:00,2012-11-09 13:02:00,5730,5729,5730,5728,5731,5730,5731,5729,11
2012-11-09 13:02:00,2012-11-09 13:03:00,5729,5724,5729,5722,5730,5725,5730,5723,15
2012-11-09 13:03:00,2012-11-09 13:04:00,5724,5723,5724,5723,5725,5724,5725,5724,5
2012-11-09 13:04:00,2012-11-09 13:05:00,5723,5718,5723,5717,5724,5719,5724,5718,27
2012-11-09 13:05:00,2012-11-09 13:06:00,5718,5717,5719,5716,5719,5718,5720,5717,27
2012-11-09 13:06:00,2012-11-09 13:07:00,5717,5714,5717,5713,5718,5715,5718,5714,45
2012-11-09 13:07:00,2012-11-09 13:08:00,5714,5717,5717,5714,5715,5718,5718,5715,17
2012-11-09 13:08:00,2012-11-09 13:09:00,5717,5721,5721,5717,5718,5722,5722,5718,25
2012-11-09 13:09:00,2012-11-09 13:10:00,5721,5717,5721,5716,5722,5718,5722,5717,24
2012-11-09 13:10:00,2012-11-09 13:11:00,5717,5713,5717,5712,5718,5714,5718,5713,8
2012-11-09 13:11:00,2012-11-09 13:12:00,5713,5713,5713,5711,5714,5714,5714,5712,8
2012-11-09 13:12:00,2012-11-09 13:13:00,5713,5715,5716,5712,5714,5716,5717,5713,12
2012-11-09 13:13:00,2012-11-09 13:14:00,5715,5714,5716,5713,5716,5715,5717,5714,23
2012-11-09 13:14:00,2012-11-09 13:15:00,5714,5716,5717,5713,5715,5717,5718,5714,14
2012-11-09 13:15:00,2012-11-09 13:16:00,5716,5719,5720,5716,5717,5720,5721,5717,17
2012-11-09 13:16:00,2012-11-09 13:18:00,5721,5719,5721,5719,5722,5720,5722,5720,10
2012-11-09 13:18:00,2012-11-09 13:19:00,5719,5720,5720,5719,5720,5721,5721,5720,13
2012-11-09 13:19:00,2012-11-09 13:21:00,5720,5721,5721,5720,5721,5722,5722,5721,9
2012-11-09 13:21:00,2012-11-09 13:23:00,5722,5723,5723,5722,5723,5724,5724,5723,9
2012-11-09 13:23:00,2012-11-09 13:24:00,5723,5721,5724,5721,5724,5722,5725,5722,10
2012-11-09 13:24:00,2012-11-09 13:26:00,5720,5719,5720,5719,5721,5720,5721,5720,7
2012-11-09 13:26:00,2012-11-09 13:27:00,5719,5721,5721,5719,5720,5722,5722,5720,14
2012-11-09 13:27:00,2012-11-09 13:28:00,5721,5721,5721,5720,5722,5722,5722,5721,6
2012-11-09 13:28:00,2012-11-09 13:29:00,5721,5723,5723,5720,5722,5724,5724,5721,12
2012-11-09 13:29:00,2012-11-09 13:30:00,5723,5724,5725,5723,5724,5725,5726,5724,17
2012-11-09 13:30:00,2012-11-09 13:33:00,5724,5725,5725,5724,5725,5726,5726,5725,5
2012-11-09 13:33:00,2012-11-09 13:34:00,5725,5724,5725,5723,5726,5725,5726,5724,7
2012-11-09 13:34:00,2012-11-09 13:35:00,5724,5722,5724,5722,5725,5723,5725,5723,8
2012-11-09 13:35:00,2012-11-09 13:36:00,5722,5723,5724,5722,5723,5724,5725,5723,5
2012-11-09 13:36:00,2012-11-09 13:37:00,5723,5727,5727,5723,5724,5728,5728,5724,20
2012-11-09 13:37:00,2012-11-09 13:38:00,5727,5730,5730,5727,5728,5731,5731,5728,9
2012-11-09 13:38:00,2012-11-09 13:39:00,5730,5731,5731,5730,5731,5732,5732,5731,15
2012-11-09 13:39:00,2012-11-09 13:40:00,5731,5731,5732,5730,5732,5732,5733,5731,10
2012-11-09 13:40:00,2012-11-09 13:41:00,5731,5730,5732,5730,5732,5731,5733,5731,7
2012-11-09 13:41:00,2012-11-09 13:42:00,5730,5729,5730,5729,5731,5730,5731,5730,3
2012-11-09 13:42:00,2012-11-09 13:45:00,5729,5732,5733,5729,5730,5733,5734,5730,5
2012-11-09 13:45:00,2012-11-09 13:46:00,5732,5731,5732,5730,5733,5732,5733,5731,3
2012-11-09 13:46:00,2012-11-09 13:47:00,5731,5730,5731,5730,5732,5731,5732,5731,7
2012-11-09 13:47:00,2012-11-09 13:48:00,5730,5730,5731,5729,5731,5731,5732,5730,12
2012-11-09 13:48:00,2012-11-09 13:50:00,5730,5729,5730,5729,5731,5730,5731,5730,5
2012-11-09 13:50:00,2012-11-09 13:51:00,5729,5727,5730,5727,5730,5728,5731,5728,14
2012-11-09 13:51:00,2012-11-09 13:52:00,5727,5726,5727,5725,5728,5727,5728,5726,9
2012-11-09 13:52:00,2012-11-09 13:55:00,5726,5727,5728,5726,5727,5728,5729,5727,5
2012-11-09 13:55:00,2012-11-09 13:58:00,5727,5729,5730,5727,5728,5730,5731,5728,10
2012-11-09 13:58:00,2012-11-09 13:59:00,5729,5731,5732,5729,5730,5732,5733,5730,6
2012-11-09 13:59:00,2012-11-09 14:00:00,5731,5730,5731,5730,5732,5731,5732,5731,11
2012-11-09 14:00:00,2012-11-09 14:01:00,5730,5731,5731,5730,5731,5732,5732,5731,7
2012-11-09 14:01:00,2012-11-09 14:02:00,5731,5737,5737,5731,5732,5738,5738,5732,14
2012-11-09 14:02:00,2012-11-09 14:03:00,5737,5740,5740,5736,5738,5741,5741,5737,11
2012-11-09 14:03:00,2012-11-09 14:04:00,5740,5738,5740,5738,5741,5739,5741,5739,6
2012-11-09 14:04:00,2012-11-09 14:05:00,5738,5739,5739,5737,5739,5740,5740,5738,7
2012-11-09 14:05:00,2012-11-09 14:06:00,5739,5739,5739,5738,5740,5740,5740,5739,4
2012-11-09 14:06:00,2012-11-09 14:07:00,5739,5740,5740,5739,5740,5741,5741,5740,7
2012-11-09 14:07:00,2012-11-09 14:08:00,5740,5740,5740,5739,5741,5741,5741,5740,4
2012-11-09 14:08:00,2012-11-09 14:09:00,5740,5739,5741,5739,5741,5740,5742,5740,7
2012-11-09 14:09:00,2012-11-09 14:10:00,5739,5739,5740,5739,5740,5740,5741,5740,8
2012-11-09 14:10:00,2012-11-09 14:14:00,5740,5739,5740,5739,5741,5740,5741,5740,3
2012-11-09 14:14:00,2012-11-09 14:15:00,5739,5741,5741,5739,5740,5742,5742,5740,2
2012-11-09 14:15:00,2012-11-09 14:16:00,5741,5740,5741,5740,5742,5741,5742,5741,5
2012-11-09 14:16:00,2012-11-09 14:17:00,5740,5740,5741,5740,5741,5741,5742,5741,4
2012-11-09 14:17:00,2012-11-09 14:18:00,5740,5737,5740,5737,5741,5738,5741,5738,3
2012-11-09 14:18:00,2012-11-09 14:19:00,5737,5736,5738,5736,5738,5737,5739,5737,9
2012-11-09 14:19:00,2012-11-09 14:20:00,5736,5735,5736,5734,5737,5736,5737,5735,7
2012-11-09 14:20:00,2012-11-09 14:21:00,5735,5734,5735,5734,5736,5735,5736,5735,7
2012-11-09 14:21:00,2012-11-09 14:22:00,5734,5733,5734,5733,5735,5734,5735,5734,9
2012-11-09 14:22:00,2012-11-09 14:24:00,5733,5734,5734,5732,5734,5735,5735,5733,3
2012-11-09 14:24:00,2012-11-09 14:25:00,5734,5735,5735,5734,5735,5736,5736,5735,1
2012-11-09 14:25:00,2012-11-09 14:26:00,5735,5735,5735,5734,5736,5736,5736,5735,4
2012-11-09 14:26:00,2012-11-09 14:29:00,5736,5734,5736,5733,5737,5735,5737,5734,6
2012-11-09 14:29:00,2012-11-09 14:30:00,5734,5736,5736,5733,5735,5737,5737,5734,8
2012-11-09 14:30:00,2012-11-09 14:31:00,5736,5736,5736,5733,5737,5737,5737,5734,20
2012-11-09 14:31:00,2012-11-09 14:32:00,5736,5740,5740,5736,5737,5741,5741,5737,16
2012-11-09 14:32:00,2012-11-09 14:33:00,5740,5741,5741,5739,5741,5742,5742,5740,7
2012-11-09 14:33:00,2012-11-09 14:34:00,5741,5742,5743,5739,5742,5743,5744,5740,31
2012-11-09 14:34:00,2012-11-09 14:35:00,5742,5744,5744,5741,5743,5745,5745,5742,30
2012-11-09 14:35:00,2012-11-09 14:36:00,5744,5747,5747,5742,5745,5748,5748,5743,11
2012-11-09 14:36:00,2012-11-09 14:37:00,5747,5749,5749,5746,5748,5750,5750,5747,18
2012-11-09 14:37:00,2012-11-09 14:38:00,5749,5749,5751,5749,5750,5750,5752,5750,4
2012-11-09 14:38:00,2012-11-09 14:39:00,5749,5749,5750,5748,5750,5750,5751,5749,26
2012-11-09 14:39:00,2012-11-09 14:40:00,5749,5748,5750,5747,5750,5749,5751,5748,18
2012-11-09 14:40:00,2012-11-09 14:41:00,5748,5750,5750,5748,5749,5751,5751,5749,16
2012-11-09 14:41:00,2012-11-09 14:42:00,5750,5751,5752,5750,5751,5752,5753,5751,25
2012-11-09 14:42:00,2012-11-09 14:43:00,5751,5753,5753,5750,5752,5754,5754,5751,16
2012-11-09 14:43:00,2012-11-09 14:45:00,5753,5751,5755,5751,5754,5752,5756,5752,14
2012-11-09 14:45:00,2012-11-09 14:46:00,5751,5749,5752,5748,5752,5750,5753,5749,12
2012-11-09 14:46:00,2012-11-09 14:47:00,5749,5750,5750,5746,5750,5751,5751,5747,33
2012-11-09 14:47:00,2012-11-09 14:48:00,5750,5751,5752,5749,5751,5752,5753,5750,23
2012-11-09 14:48:00,2012-11-09 14:49:00,5751,5749,5751,5748,5752,5750,5752,5749,16
2012-11-09 14:49:00,2012-11-09 14:50:00,5749,5750,5751,5749,5750,5751,5752,5750,5
2012-11-09 14:50:00,2012-11-09 14:51:00,5750,5746,5751,5746,5751,5747,5752,5747,10
2012-11-09 14:51:00,2012-11-09 14:52:00,5746,5746,5747,5745,5747,5747,5748,5746,14
2012-11-09 14:52:00,2012-11-09 14:53:00,5746,5747,5747,5744,5747,5752,5752,5747,8
2012-11-09 14:53:00,2012-11-09 14:54:00,5747,5748,5749,5746,5752,5753,5754,5751,19
2012-11-09 14:54:00,2012-11-09 14:55:00,5748,5749,5749,5747,5753,5754,5754,5752,27
2012-11-09 14:55:00,2012-11-09 14:56:00,5749,5744,5749,5744,5754,5749,5754,5749,23
2012-11-09 14:56:00,2012-11-09 14:57:00,5744,5744,5747,5743,5749,5749,5752,5748,16
2012-11-09 14:57:00,2012-11-09 14:58:00,5744,5747,5747,5743,5749,5752,5752,5748,15
2012-11-09 14:58:00,2012-11-09 14:59:00,5747,5749,5751,5745,5752,5754,5756,5750,26
2012-11-09 14:59:00,2012-11-09 15:00:00,5749,5753,5753,5748,5754,5758,5758,5753,22
2012-11-09 15:00:00,2012-11-09 15:01:00,5753,5756,5758,5753,5758,5761,5763,5758,15
2012-11-09 15:01:00,2012-11-09 15:02:00,5756,5758,5759,5756,5761,5759,5761,5757,26
2012-11-09 15:02:00,2012-11-09 15:03:00,5758,5756,5759,5755,5759,5757,5760,5756,36
2012-11-09 15:03:00,2012-11-09 15:04:00,5756,5757,5758,5755,5757,5758,5759,5756,25
2012-11-09 15:04:00,2012-11-09 15:05:00,5757,5754,5758,5753,5758,5755,5759,5754,13
2012-11-09 15:05:00,2012-11-09 15:06:00,5754,5754,5755,5753,5755,5755,5756,5754,24
2012-11-09 15:06:00,2012-11-09 15:07:00,5754,5755,5755,5753,5755,5756,5756,5754,23
2012-11-09 15:07:00,2012-11-09 15:08:00,5755,5756,5757,5754,5756,5757,5758,5755,13
2012-11-09 15:08:00,2012-11-09 15:09:00,5756,5761,5761,5756,5757,5762,5762,5757,21
2012-11-09 15:09:00,2012-11-09 15:10:00,5761,5763,5764,5760,5762,5764,5765,5761,16
2012-11-09 15:10:00,2012-11-09 15:11:00,5763,5761,5764,5761,5764,5762,5765,5762,18
2012-11-09 15:11:00,2012-11-09 15:12:00,5761,5761,5763,5761,5762,5762,5764,5762,28
2012-11-09 15:12:00,2012-11-09 15:13:00,5761,5764,5766,5761,5762,5765,5767,5762,35
2012-11-09 15:13:00,2012-11-09 15:15:00,5765,5761,5766,5761,5766,5762,5767,5762,24
2012-11-09 15:15:00,2012-11-09 15:16:00,5761,5761,5762,5760,5762,5762,5763,5761,22
2012-11-09 15:16:00,2012-11-09 15:17:00,5761,5761,5762,5760,5762,5762,5763,5761,6
2012-11-09 15:17:00,2012-11-09 15:18:00,5761,5760,5762,5759,5762,5761,5763,5760,21
2012-11-09 15:18:00,2012-11-09 15:19:00,5760,5761,5761,5759,5761,5762,5762,5760,21
2012-11-09 15:19:00,2012-11-09 15:20:00,5761,5758,5761,5758,5762,5759,5762,5759,11
2012-11-09 15:20:00,2012-11-09 15:21:00,5758,5763,5763,5758,5759,5764,5764,5759,19
2012-11-09 15:21:00,2012-11-09 15:22:00,5763,5763,5765,5762,5764,5764,5766,5763,22
2012-11-09 15:22:00,2012-11-09 15:23:00,5763,5764,5766,5763,5764,5765,5767,5764,15
2012-11-09 15:23:00,2012-11-09 15:24:00,5764,5765,5767,5764,5765,5766,5768,5765,13
2012-11-09 15:24:00,2012-11-09 15:25:00,5765,5769,5769,5765,5766,5770,5770,5766,26
2012-11-09 15:25:00,2012-11-09 15:26:00,5769,5766,5769,5765,5770,5767,5770,5766,11
2012-11-09 15:26:00,2012-11-09 15:27:00,5766,5765,5766,5764,5767,5766,5767,5765,9
2012-11-09 15:27:00,2012-11-09 15:28:00,5765,5765,5766,5763,5766,5766,5767,5764,16
2012-11-09 15:28:00,2012-11-09 15:29:00,5765,5766,5766,5764,5766,5767,5767,5765,7
2012-11-09 15:29:00,2012-11-09 15:30:00,5766,5762,5766,5762,5767,5763,5767,5763,12
2012-11-09 15:30:00,2012-11-09 15:31:00,5762,5765,5766,5762,5763,5766,5767,5763,17
2012-11-09 15:31:00,2012-11-09 15:32:00,5765,5764,5766,5764,5766,5765,5767,5765,13
2012-11-09 15:32:00,2012-11-09 15:33:00,5764,5763,5765,5762,5765,5764,5766,5763,9
2012-11-09 15:33:00,2012-11-09 15:34:00,5763,5766,5766,5763,5764,5767,5767,5764,25
2012-11-09 15:34:00,2012-11-09 15:35:00,5766,5768,5769,5766,5767,5769,5770,5767,16
2012-11-09 15:35:00,2012-11-09 15:36:00,5768,5766,5768,5766,5769,5767,5769,5767,16
2012-11-09 15:36:00,2012-11-09 15:37:00,5766,5767,5768,5766,5767,5768,5769,5767,11
2012-11-09 15:37:00,2012-11-09 15:38:00,5767,5767,5768,5766,5768,5768,5769,5767,4
2012-11-09 15:38:00,2012-11-09 15:39:00,5767,5763,5767,5763,5768,5764,5768,5764,14
2012-11-09 15:39:00,2012-11-09 15:40:00,5763,5765,5766,5763,5764,5766,5767,5764,12
2012-11-09 15:40:00,2012-11-09 15:41:00,5765,5767,5767,5764,5766,5768,5768,5765,10
2012-11-09 15:41:00,2012-11-09 15:42:00,5767,5770,5770,5766,5768,5771,5771,5767,23
2012-11-09 15:42:00,2012-11-09 15:43:00,5770,5769,5770,5768,5771,5770,5771,5769,9
2012-11-09 15:43:00,2012-11-09 15:45:00,5771,5769,5772,5769,5772,5770,5773,5770,14
2012-11-09 15:45:00,2012-11-09 15:46:00,5769,5769,5770,5767,5770,5770,5771,5768,14
2012-11-09 15:46:00,2012-11-09 15:47:00,5769,5769,5769,5768,5770,5770,5770,5769,12
2012-11-09 15:47:00,2012-11-09 15:48:00,5769,5767,5769,5766,5770,5768,5770,5767,8
2012-11-09 15:48:00,2012-11-09 15:49:00,5767,5768,5768,5766,5768,5769,5769,5767,11
2012-11-09 15:49:00,2012-11-09 15:50:00,5768,5766,5768,5766,5769,5767,5769,5767,12
2012-11-09 15:50:00,2012-11-09 15:51:00,5766,5768,5769,5766,5767,5769,5770,5767,8
2012-11-09 15:51:00,2012-11-09 15:52:00,5768,5768,5769,5766,5769,5769,5770,5767,12
2012-11-09 15:52:00,2012-11-09 15:53:00,5768,5771,5772,5768,5769,5772,5773,5769,15
2012-11-09 15:53:00,2012-11-09 15:54:00,5771,5772,5772,5770,5772,5773,5773,5771,19
2012-11-09 15:54:00,2012-11-09 15:55:00,5772,5769,5772,5769,5773,5770,5773,5770,13
2012-11-09 15:55:00,2012-11-09 15:56:00,5769,5766,5769,5766,5770,5767,5770,5767,19
2012-11-09 15:56:00,2012-11-09 15:57:00,5766,5770,5770,5765,5767,5771,5771,5766,16
2012-11-09 15:57:00,2012-11-09 15:58:00,5770,5773,5775,5770,5771,5774,5776,5771,11
2012-11-09 15:58:00,2012-11-09 15:59:00,5773,5770,5773,5770,5774,5771,5774,5771,9
2012-11-09 15:59:00,2012-11-09 16:00:00,5770,5769,5770,5768,5771,5770,5771,5769,13
2012-11-09 16:00:00,2012-11-09 16:01:00,5769,5770,5772,5768,5770,5771,5773,5769,11
2012-11-09 16:01:00,2012-11-09 16:02:00,5770,5773,5774,5769,5771,5774,5775,5770,13
2012-11-09 16:02:00,2012-11-09 16:03:00,5773,5774,5774,5771,5774,5775,5775,5772,19
2012-11-09 16:03:00,2012-11-09 16:06:00,5779,5779,5780,5778,5780,5780,5781,5779,16
2012-11-09 16:06:00,2012-11-09 16:07:00,5779,5780,5780,5778,5780,5781,5781,5779,15
2012-11-09 16:07:00,2012-11-09 16:08:00,5780,5775,5780,5775,5781,5776,5781,5776,17
2012-11-09 16:08:00,2012-11-09 16:09:00,5775,5777,5777,5774,5776,5778,5778,5775,14
2012-11-09 16:09:00,2012-11-09 16:10:00,5777,5777,5777,5775,5778,5778,5778,5776,20
2012-11-09 16:10:00,2012-11-09 16:11:00,5777,5780,5780,5776,5778,5781,5781,5777,21
2012-11-09 16:11:00,2012-11-09 16:12:00,5780,5783,5783,5779,5781,5784,5784,5780,7
2012-11-09 16:12:00,2012-11-09 16:13:00,5783,5782,5784,5782,5784,5783,5785,5783,7
2012-11-09 16:13:00,2012-11-09 16:14:00,5782,5778,5782,5778,5783,5779,5783,5779,4
2012-11-09 16:14:00,2012-11-09 16:16:00,5779,5782,5783,5779,5780,5783,5784,5780,9
2012-11-09 16:16:00,2012-11-09 16:18:00,5781,5782,5782,5780,5782,5783,5783,5781,21
2012-11-09 16:18:00,2012-11-09 16:19:00,5782,5780,5783,5780,5783,5781,5784,5781,14
2012-11-09 16:19:00,2012-11-09 16:20:00,5780,5780,5782,5780,5781,5781,5783,5781,8
2012-11-09 16:20:00,2012-11-09 16:21:00,5780,5776,5781,5776,5781,5777,5782,5777,10
2012-11-09 16:21:00,2012-11-09 16:22:00,5776,5773,5776,5773,5777,5774,5777,5774,19
2012-11-09 16:22:00,2012-11-09 16:24:00,5776,5776,5776,5774,5777,5777,5777,5775,10
2012-11-09 16:24:00,2012-11-09 16:26:00,5776,5776,5777,5775,5777,5777,5778,5776,16
2012-11-09 16:26:00,2012-11-09 16:27:00,5776,5774,5777,5774,5777,5775,5778,5775,16
2012-11-09 16:27:00,2012-11-09 16:29:00,5776,5775,5777,5774,5777,5777,5779,5776,25
2012-11-09 16:29:00,2012-11-09 16:30:00,5775,5773,5777,5773,5777,5775,5779,5775,34
2012-11-09 16:30:00,2012-11-09 16:31:00,5773,5770,5773,5770,5775,5772,5775,5772,9
2012-11-09 16:31:00,2012-11-09 16:32:00,5770,5770,5771,5769,5772,5772,5773,5771,14
2012-11-09 16:32:00,2012-11-09 16:33:00,5770,5771,5771,5769,5772,5773,5773,5771,19
2012-11-09 16:33:00,2012-11-09 16:34:00,5771,5768,5773,5768,5773,5770,5775,5770,21
2012-11-09 16:34:00,2012-11-09 16:35:00,5768,5764,5768,5762,5770,5766,5770,5764,22
2012-11-09 16:35:00,2012-11-09 16:36:00,5764,5761,5764,5761,5766,5763,5766,5763,13
2012-11-09 16:36:00,2012-11-09 16:37:00,5761,5763,5763,5761,5763,5765,5765,5763,14
2012-11-09 16:37:00,2012-11-09 16:38:00,5763,5770,5770,5763,5765,5772,5772,5765,13
2012-11-09 16:38:00,2012-11-09 16:39:00,5770,5768,5771,5767,5772,5770,5773,5769,24
2012-11-09 16:39:00,2012-11-09 16:40:00,5768,5769,5769,5767,5770,5771,5771,5769,15
2012-11-09 16:40:00,2012-11-09 16:41:00,5769,5771,5771,5768,5771,5773,5773,5770,20
2012-11-09 16:41:00,2012-11-09 16:42:00,5771,5771,5772,5770,5773,5773,5774,5772,20
2012-11-09 16:42:00,2012-11-09 16:43:00,5771,5770,5772,5768,5773,5772,5774,5770,17
2012-11-09 16:43:00,2012-11-09 16:44:00,5770,5770,5772,5769,5772,5772,5774,5771,8
2012-11-09 16:44:00,2012-11-09 16:45:00,5770,5770,5772,5769,5772,5772,5774,5771,12
2012-11-09 16:45:00,2012-11-09 16:46:00,5770,5772,5772,5770,5772,5774,5774,5772,18
2012-11-09 16:46:00,2012-11-09 16:47:00,5772,5770,5773,5770,5774,5772,5775,5772,20
2012-11-09 16:47:00,2012-11-09 16:48:00,5770,5772,5772,5770,5772,5774,5774,5772,10
2012-11-09 16:48:00,2012-11-09 16:49:00,5772,5771,5773,5771,5774,5773,5775,5773,9
2012-11-09 16:49:00,2012-11-09 16:50:00,5771,5771,5772,5770,5773,5773,5774,5772,9
2012-11-09 16:50:00,2012-11-09 16:51:00,5771,5770,5772,5769,5773,5772,5774,5771,15
2012-11-09 16:51:00,2012-11-09 16:52:00,5770,5765,5770,5764,5772,5767,5772,5766,15
2012-11-09 16:52:00,2012-11-09 16:53:00,5765,5769,5769,5765,5767,5771,5771,5767,10
2012-11-09 16:53:00,2012-11-09 16:54:00,5769,5766,5769,5766,5771,5768,5771,5768,14
2012-11-09 16:54:00,2012-11-09 16:55:00,5766,5765,5767,5764,5768,5767,5769,5766,17
2012-11-09 16:55:00,2012-11-09 16:56:00,5765,5766,5769,5765,5767,5768,5771,5767,9
2012-11-09 16:56:00,2012-11-09 16:57:00,5766,5767,5768,5765,5768,5769,5770,5767,17
2012-11-09 16:57:00,2012-11-09 16:58:00,5767,5765,5767,5764,5769,5767,5769,5766,10
2012-11-09 16:58:00,2012-11-09 16:59:00,5765,5768,5768,5765,5767,5770,5770,5767,9
2012-11-09 16:59:00,2012-11-09 17:00:00,5768,5774,5774,5768,5770,5776,5776,5770,16
2012-11-09 17:00:00,2012-11-09 17:01:00,5774,5772,5774,5771,5776,5774,5776,5773,22
2012-11-09 17:01:00,2012-11-09 17:04:00,5773,5773,5774,5772,5775,5775,5776,5774,8
2012-11-09 17:04:00,2012-11-09 17:05:00,5773,5772,5773,5771,5775,5774,5775,5773,7
2012-11-09 17:05:00,2012-11-09 17:07:00,5771,5770,5771,5769,5773,5772,5773,5771,9
2012-11-09 17:07:00,2012-11-09 17:08:00,5770,5770,5771,5769,5772,5772,5773,5771,8
2012-11-09 17:08:00,2012-11-09 17:09:00,5770,5770,5770,5769,5772,5772,5772,5771,2
2012-11-09 17:09:00,2012-11-09 17:10:00,5770,5771,5772,5770,5772,5773,5774,5772,5
2012-11-09 17:10:00,2012-11-09 17:11:00,5771,5775,5775,5771,5773,5777,5777,5773,8
2012-11-09 17:11:00,2012-11-09 17:12:00,5775,5775,5777,5774,5777,5777,5779,5776,14
2012-11-09 17:12:00,2012-11-09 17:13:00,5775,5777,5777,5775,5777,5779,5779,5777,12
2012-11-09 17:13:00,2012-11-09 17:14:00,5777,5777,5777,5776,5779,5779,5779,5778,6
2012-11-09 17:14:00,2012-11-09 17:15:00,5777,5778,5779,5775,5779,5780,5781,5777,7
2012-11-09 17:15:00,2012-11-09 17:17:00,5778,5778,5779,5778,5780,5780,5781,5780,10
2012-11-09 17:17:00,2012-11-09 17:18:00,5778,5779,5779,5777,5780,5781,5781,5779,9
2012-11-09 17:18:00,2012-11-09 17:19:00,5779,5779,5781,5779,5781,5781,5783,5781,4
2012-11-09 17:19:00,2012-11-09 17:20:00,5779,5779,5780,5778,5781,5781,5782,5780,4
2012-11-09 17:20:00,2012-11-09 17:21:00,5779,5778,5780,5776,5781,5780,5782,5778,7
2012-11-09 17:21:00,2012-11-09 17:23:00,5777,5778,5778,5776,5779,5780,5780,5778,5
2012-11-09 17:23:00,2012-11-09 17:25:00,5778,5780,5780,5778,5780,5782,5782,5780,12
2012-11-09 17:25:00,2012-11-09 17:26:00,5780,5781,5781,5779,5782,5783,5783,5781,13
2012-11-09 17:26:00,2012-11-09 17:27:00,5781,5781,5782,5780,5783,5783,5784,5782,4
2012-11-09 17:27:00,2012-11-09 17:28:00,5781,5780,5782,5780,5783,5782,5784,5782,8
2012-11-09 17:28:00,2012-11-09 17:30:00,5780,5781,5782,5780,5782,5783,5784,5782,3
2012-11-09 17:30:00,2012-11-09 17:31:00,5781,5780,5781,5779,5783,5782,5783,5781,5
2012-11-09 17:31:00,2012-11-09 17:35:00,5781,5783,5783,5781,5783,5785,5785,5783,4
2012-11-09 17:35:00,2012-11-09 17:36:00,5783,5782,5783,5780,5785,5784,5785,5782,5
2012-11-09 17:36:00,2012-11-09 17:37:00,5782,5785,5785,5782,5784,5787,5787,5784,7
2012-11-09 17:37:00,2012-11-09 17:38:00,5785,5784,5785,5783,5787,5786,5787,5785,11
2012-11-09 17:38:00,2012-11-09 17:39:00,5784,5782,5784,5782,5786,5784,5786,5784,10
2012-11-09 17:39:00,2012-11-09 17:40:00,5782,5781,5783,5781,5784,5783,5785,5783,7
2012-11-09 17:40:00,2012-11-09 17:41:00,5781,5782,5783,5781,5783,5784,5785,5783,3
2012-11-09 17:41:00,2012-11-09 17:42:00,5782,5780,5782,5779,5784,5782,5784,5781,6
2012-11-09 17:42:00,2012-11-09 17:44:00,5780,5778,5780,5778,5782,5780,5782,5780,10
2012-11-09 17:44:00,2012-11-09 17:47:00,5779,5777,5779,5777,5781,5779,5781,5779,8
2012-11-09 17:47:00,2012-11-09 17:49:00,5777,5779,5779,5776,5779,5781,5781,5778,6
2012-11-09 17:49:00,2012-11-09 17:51:00,5779,5780,5780,5778,5781,5782,5782,5780,7
2012-11-09 17:51:00,2012-11-09 17:54:00,5779,5780,5780,5779,5781,5782,5782,5781,5
2012-11-09 17:54:00,2012-11-09 17:55:00,5780,5778,5780,5777,5782,5780,5782,5779,6
2012-11-09 17:55:00,2012-11-09 17:57:00,5778,5779,5779,5777,5780,5781,5781,5779,3
2012-11-09 17:57:00,2012-11-09 17:59:00,5777,5777,5777,5775,5779,5779,5779,5777,6
2012-11-09 17:59:00,2012-11-09 18:01:00,5776,5779,5780,5776,5778,5781,5782,5778,13
2012-11-09 18:01:00,2012-11-09 18:02:00,5779,5778,5780,5777,5781,5780,5782,5779,9
2012-11-09 18:02:00,2012-11-09 18:03:00,5778,5780,5780,5777,5780,5782,5782,5779,4
2012-11-09 18:03:00,2012-11-09 18:04:00,5780,5778,5780,5778,5782,5780,5782,5780,2
2012-11-09 18:04:00,2012-11-09 18:05:00,5778,5776,5778,5776,5780,5778,5780,5778,4
2012-11-09 18:05:00,2012-11-09 18:07:00,5777,5777,5777,5775,5779,5779,5779,5777,4
2012-11-09 18:07:00,2012-11-09 18:08:00,5777,5776,5777,5776,5779,5778,5779,5778,3
2012-11-09 18:08:00,2012-11-09 18:09:00,5776,5778,5779,5776,5778,5780,5781,5778,6
2012-11-09 18:09:00,2012-11-09 18:10:00,5778,5775,5778,5774,5780,5777,5780,5776,5
2012-11-09 18:10:00,2012-11-09 18:11:00,5775,5772,5775,5770,5777,5774,5777,5772,22
2012-11-09 18:11:00,2012-11-09 18:12:00,5772,5767,5772,5767,5774,5769,5774,5769,18
2012-11-09 18:12:00,2012-11-09 18:13:00,5767,5765,5768,5764,5769,5767,5770,5766,12
2012-11-09 18:13:00,2012-11-09 18:14:00,5765,5767,5770,5764,5767,5769,5772,5766,14
2012-11-09 18:14:00,2012-11-09 18:15:00,5767,5772,5772,5767,5769,5774,5774,5769,9
2012-11-09 18:15:00,2012-11-09 18:16:00,5772,5773,5773,5770,5774,5775,5775,5772,13
2012-11-09 18:16:00,2012-11-09 18:17:00,5773,5775,5776,5773,5775,5777,5778,5775,14
2012-11-09 18:17:00,2012-11-09 18:18:00,5775,5776,5777,5775,5777,5778,5779,5777,9
2012-11-09 18:18:00,2012-11-09 18:21:00,5774,5771,5774,5771,5776,5773,5776,5773,7
2012-11-09 18:21:00,2012-11-09 18:22:00,5771,5772,5772,5771,5773,5774,5774,5773,9
2012-11-09 18:22:00,2012-11-09 18:23:00,5772,5770,5772,5770,5774,5772,5774,5772,6
2012-11-09 18:23:00,2012-11-09 18:24:00,5770,5765,5771,5765,5772,5767,5773,5767,15
2012-11-09 18:24:00,2012-11-09 18:25:00,5765,5764,5766,5763,5767,5766,5768,5765,16
2012-11-09 18:25:00,2012-11-09 18:26:00,5764,5764,5765,5763,5766,5766,5767,5765,10
2012-11-09 18:26:00,2012-11-09 18:27:00,5764,5762,5764,5762,5766,5764,5766,5764,8
2012-11-09 18:27:00,2012-11-09 18:28:00,5762,5762,5763,5761,5764,5764,5765,5763,6
2012-11-09 18:28:00,2012-11-09 18:29:00,5762,5758,5762,5756,5764,5760,5764,5758,16
2012-11-09 18:29:00,2012-11-09 18:30:00,5758,5760,5760,5757,5760,5762,5762,5759,16
2012-11-09 18:30:00,2012-11-09 18:31:00,5760,5762,5764,5760,5762,5764,5766,5762,14
2012-11-09 18:31:00,2012-11-09 18:32:00,5762,5759,5762,5759,5764,5761,5764,5761,7
2012-11-09 18:32:00,2012-11-09 18:33:00,5759,5757,5759,5755,5761,5759,5761,5757,20
2012-11-09 18:33:00,2012-11-09 18:34:00,5757,5759,5760,5756,5759,5761,5762,5758,10
2012-11-09 18:34:00,2012-11-09 18:35:00,5759,5761,5762,5759,5761,5763,5764,5761,6
2012-11-09 18:35:00,2012-11-09 18:36:00,5761,5760,5762,5760,5763,5762,5764,5762,7
2012-11-09 18:36:00,2012-11-09 18:37:00,5760,5761,5763,5760,5762,5763,5765,5762,9
2012-11-09 18:37:00,2012-11-09 18:38:00,5761,5758,5761,5758,5763,5760,5763,5760,11
2012-11-09 18:38:00,2012-11-09 18:39:00,5758,5758,5759,5755,5760,5760,5761,5757,16
2012-11-09 18:39:00,2012-11-09 18:40:00,5758,5760,5762,5758,5760,5762,5764,5760,10
2012-11-09 18:40:00,2012-11-09 18:41:00,5760,5758,5760,5758,5762,5760,5762,5760,2
2012-11-09 18:41:00,2012-11-09 18:42:00,5758,5754,5758,5753,5760,5756,5760,5755,25
2012-11-09 18:42:00,2012-11-09 18:43:00,5754,5757,5757,5754,5756,5759,5759,5756,11
2012-11-09 18:43:00,2012-11-09 18:44:00,5757,5757,5758,5756,5759,5759,5760,5758,12
2012-11-09 18:44:00,2012-11-09 18:45:00,5757,5759,5759,5757,5759,5761,5761,5759,8
2012-11-09 18:45:00,2012-11-09 18:46:00,5759,5759,5760,5758,5761,5761,5762,5760,10
2012-11-09 18:46:00,2012-11-09 18:47:00,5759,5760,5760,5759,5761,5762,5762,5761,3
2012-11-09 18:47:00,2012-11-09 18:48:00,5760,5763,5763,5760,5762,5765,5765,5762,9
2012-11-09 18:48:00,2012-11-09 18:49:00,5763,5760,5764,5760,5765,5762,5766,5762,13
2012-11-09 18:49:00,2012-11-09 18:50:00,5760,5763,5763,5760,5762,5765,5765,5762,7
2012-11-09 18:50:00,2012-11-09 18:51:00,5763,5766,5767,5763,5765,5768,5769,5765,10
2012-11-09 18:51:00,2012-11-09 18:52:00,5766,5763,5767,5763,5768,5765,5769,5765,13
2012-11-09 18:52:00,2012-11-09 18:53:00,5763,5762,5764,5762,5765,5764,5766,5764,9
2012-11-09 18:53:00,2012-11-09 18:54:00,5762,5765,5765,5762,5764,5767,5767,5764,9
2012-11-09 18:54:00,2012-11-09 18:55:00,5765,5764,5766,5764,5767,5766,5768,5766,5
2012-11-09 18:55:00,2012-11-09 18:57:00,5763,5767,5767,5763,5765,5769,5769,5765,8
2012-11-09 18:57:00,2012-11-09 19:00:00,5768,5763,5768,5763,5770,5765,5770,5765,9
2012-11-09 19:00:00,2012-11-09 19:01:00,5763,5761,5764,5759,5765,5763,5766,5761,12
2012-11-09 19:01:00,2012-11-09 19:02:00,5761,5762,5762,5760,5763,5764,5764,5762,3
2012-11-09 19:02:00,2012-11-09 19:03:00,5762,5760,5762,5759,5764,5762,5764,5761,4
2012-11-09 19:03:00,2012-11-09 19:04:00,5760,5760,5761,5759,5762,5762,5763,5761,10
2012-11-09 19:04:00,2012-11-09 19:05:00,5760,5759,5761,5759,5762,5761,5763,5761,7
2012-11-09 19:05:00,2012-11-09 19:06:00,5759,5759,5759,5758,5761,5761,5761,5760,6
2012-11-09 19:06:00,2012-11-09 19:07:00,5759,5759,5760,5757,5761,5761,5762,5759,6
2012-11-09 19:07:00,2012-11-09 19:08:00,5759,5756,5759,5756,5761,5758,5761,5758,7
2012-11-09 19:08:00,2012-11-09 19:09:00,5756,5757,5759,5756,5758,5759,5761,5758,5
2012-11-09 19:09:00,2012-11-09 19:10:00,5757,5758,5759,5757,5759,5760,5761,5759,3
2012-11-09 19:10:00,2012-11-09 19:11:00,5758,5759,5759,5757,5760,5761,5761,5759,9
2012-11-09 19:11:00,2012-11-09 19:13:00,5760,5759,5760,5758,5762,5761,5762,5760,5
2012-11-09 19:13:00,2012-11-09 19:14:00,5759,5761,5761,5759,5761,5763,5763,5761,4
2012-11-09 19:14:00,2012-11-09 19:15:00,5761,5765,5765,5761,5763,5767,5767,5763,12
2012-11-09 19:15:00,2012-11-09 19:16:00,5765,5764,5765,5763,5767,5766,5767,5765,5
2012-11-09 19:16:00,2012-11-09 19:17:00,5764,5766,5768,5764,5766,5768,5770,5766,12
2012-11-09 19:17:00,2012-11-09 19:18:00,5766,5766,5768,5766,5768,5768,5770,5768,3
2012-11-09 19:18:00,2012-11-09 19:19:00,5766,5764,5766,5764,5768,5766,5768,5766,6
2012-11-09 19:19:00,2012-11-09 19:20:00,5764,5763,5765,5763,5766,5765,5767,5765,7
2012-11-09 19:20:00,2012-11-09 19:21:00,5763,5765,5766,5763,5765,5767,5768,5765,12
2012-11-09 19:21:00,2012-11-09 19:22:00,5765,5764,5766,5764,5767,5766,5768,5766,15
2012-11-09 19:22:00,2012-11-09 19:23:00,5764,5766,5767,5764,5766,5768,5769,5766,6
2012-11-09 19:23:00,2012-11-09 19:24:00,5766,5764,5766,5764,5768,5766,5768,5766,4
2012-11-09 19:24:00,2012-11-09 19:25:00,5764,5764,5765,5764,5766,5766,5767,5766,2
2012-11-09 19:25:00,2012-11-09 19:26:00,5764,5763,5764,5762,5766,5765,5766,5764,5
2012-11-09 19:26:00,2012-11-09 19:28:00,5764,5762,5764,5762,5766,5764,5766,5764,4
2012-11-09 19:28:00,2012-11-09 19:29:00,5762,5766,5767,5761,5764,5768,5769,5763,16
2012-11-09 19:29:00,2012-11-09 19:30:00,5766,5765,5767,5765,5768,5767,5769,5767,11
2012-11-09 19:30:00,2012-11-09 19:31:00,5765,5766,5768,5765,5767,5768,5770,5767,9
2012-11-09 19:31:00,2012-11-09 19:32:00,5766,5767,5768,5765,5768,5769,5770,5767,5
2012-11-09 19:32:00,2012-11-09 19:33:00,5767,5771,5771,5767,5769,5773,5773,5769,18
2012-11-09 19:33:00,2012-11-09 19:34:00,5771,5770,5772,5770,5773,5772,5774,5772,11
2012-11-09 19:34:00,2012-11-09 19:35:00,5770,5772,5773,5770,5772,5774,5775,5772,10
2012-11-09 19:35:00,2012-11-09 19:37:00,5772,5773,5774,5772,5774,5775,5776,5774,9
2012-11-09 19:37:00,2012-11-09 19:38:00,5773,5769,5773,5769,5775,5771,5775,5771,14
2012-11-09 19:38:00,2012-11-09 19:39:00,5769,5769,5770,5768,5771,5771,5772,5770,8
2012-11-09 19:39:00,2012-11-09 19:40:00,5769,5768,5769,5768,5771,5770,5771,5770,5
2012-11-09 19:40:00,2012-11-09 19:41:00,5768,5769,5769,5767,5770,5771,5771,5769,5
2012-11-09 19:41:00,2012-11-09 19:42:00,5769,5768,5769,5767,5771,5770,5771,5769,7
2012-11-09 19:42:00,2012-11-09 19:43:00,5768,5769,5769,5768,5770,5771,5771,5770,3
2012-11-09 19:43:00,2012-11-09 19:44:00,5769,5767,5770,5767,5771,5769,5772,5769,10
2012-11-09 19:44:00,2012-11-09 19:45:00,5767,5768,5769,5767,5769,5770,5771,5769,5
2012-11-09 19:45:00,2012-11-09 19:47:00,5768,5769,5770,5768,5770,5771,5772,5770,7
2012-11-09 19:47:00,2012-11-09 19:48:00,5769,5766,5769,5766,5771,5768,5771,5768,7
2012-11-09 19:48:00,2012-11-09 19:49:00,5766,5766,5767,5765,5768,5768,5769,5767,6
2012-11-09 19:49:00,2012-11-09 19:50:00,5766,5768,5768,5766,5768,5770,5770,5768,6
2012-11-09 19:50:00,2012-11-09 19:51:00,5768,5766,5768,5765,5770,5768,5770,5767,4
2012-11-09 19:51:00,2012-11-09 19:53:00,5765,5763,5765,5762,5767,5765,5767,5764,12
2012-11-09 19:53:00,2012-11-09 19:56:00,5762,5764,5765,5762,5764,5766,5767,5764,3
2012-11-09 19:56:00,2012-11-09 19:57:00,5764,5765,5765,5764,5766,5767,5767,5766,3
2012-11-09 19:57:00,2012-11-09 19:58:00,5765,5762,5765,5762,5767,5764,5767,5764,9
2012-11-09 19:58:00,2012-11-09 20:00:00,5764,5762,5764,5761,5766,5764,5766,5763,4
2012-11-09 20:00:00,2012-11-09 20:01:00,5762,5765,5765,5762,5764,5767,5767,5764,5
2012-11-09 20:01:00,2012-11-09 20:03:00,5765,5763,5765,5763,5767,5765,5767,5765,4
2012-11-09 20:03:00,2012-11-09 20:04:00,5763,5764,5765,5762,5765,5766,5767,5764,7
2012-11-09 20:04:00,2012-11-09 20:05:00,5764,5761,5765,5760,5766,5763,5767,5762,9
2012-11-09 20:05:00,2012-11-09 20:06:00,5761,5760,5762,5760,5763,5762,5764,5762,5
2012-11-09 20:06:00,2012-11-09 20:07:00,5760,5761,5761,5759,5762,5763,5763,5761,3
2012-11-09 20:07:00,2012-11-09 20:08:00,5761,5762,5762,5761,5763,5764,5764,5763,1
2012-11-09 20:08:00,2012-11-09 20:10:00,5763,5762,5763,5761,5765,5764,5765,5763,3
2012-11-09 20:10:00,2012-11-09 20:11:00,5762,5763,5764,5762,5764,5765,5766,5764,5
2012-11-09 20:11:00,2012-11-09 20:12:00,5763,5765,5765,5762,5765,5767,5767,5764,6
2012-11-09 20:12:00,2012-11-09 20:13:00,5765,5767,5768,5765,5767,5769,5770,5767,19
2012-11-09 20:13:00,2012-11-09 20:14:00,5767,5765,5767,5764,5769,5767,5769,5766,6
2012-11-09 20:14:00,2012-11-09 20:16:00,5765,5764,5765,5762,5767,5766,5767,5764,12
2012-11-09 20:16:00,2012-11-09 20:17:00,5764,5762,5764,5762,5766,5764,5766,5764,2
2012-11-09 20:17:00,2012-11-09 20:18:00,5762,5761,5762,5761,5764,5763,5764,5763,1
2012-11-09 20:18:00,2012-11-09 20:19:00,5761,5761,5764,5760,5763,5763,5766,5762,12
2012-11-09 20:19:00,2012-11-09 20:20:00,5761,5762,5764,5761,5763,5764,5766,5763,7
2012-11-09 20:20:00,2012-11-09 20:21:00,5762,5762,5762,5761,5764,5764,5764,5763,4
2012-11-09 20:21:00,2012-11-09 20:22:00,5762,5764,5764,5762,5764,5766,5766,5764,6
2012-11-09 20:22:00,2012-11-09 20:23:00,5764,5763,5765,5762,5766,5765,5767,5764,5
2012-11-09 20:23:00,2012-11-09 20:24:00,5763,5764,5765,5763,5765,5766,5767,5765,5
2012-11-09 20:24:00,2012-11-09 20:25:00,5764,5763,5764,5761,5766,5765,5766,5763,7
2012-11-09 20:25:00,2012-11-09 20:26:00,5763,5763,5764,5762,5765,5765,5766,5764,6
2012-11-09 20:26:00,2012-11-09 20:27:00,5763,5766,5766,5763,5765,5768,5768,5765,5
2012-11-09 20:27:00,2012-11-09 20:28:00,5766,5765,5766,5764,5768,5767,5768,5766,5
2012-11-09 20:28:00,2012-11-09 20:29:00,5765,5766,5766,5763,5767,5768,5768,5765,10
2012-11-09 20:29:00,2012-11-09 20:30:00,5766,5763,5766,5763,5768,5765,5768,5765,9
2012-11-09 20:30:00,2012-11-09 20:31:00,5763,5764,5764,5762,5765,5766,5766,5764,11
2012-11-09 20:31:00,2012-11-09 20:32:00,5764,5763,5764,5763,5766,5765,5766,5765,5
2012-11-09 20:32:00,2012-11-09 20:33:00,5763,5764,5764,5762,5765,5766,5766,5764,9
2012-11-09 20:33:00,2012-11-09 20:34:00,5764,5762,5764,5761,5766,5764,5766,5763,16
2012-11-09 20:34:00,2012-11-09 20:35:00,5762,5761,5762,5760,5764,5763,5764,5762,9
2012-11-09 20:35:00,2012-11-09 20:36:00,5761,5759,5762,5759,5763,5761,5764,5761,8
2012-11-09 20:36:00,2012-11-09 20:37:00,5759,5759,5761,5759,5761,5761,5763,5761,8
2012-11-09 20:37:00,2012-11-09 20:38:00,5759,5756,5759,5755,5761,5758,5761,5757,25
2012-11-09 20:38:00,2012-11-09 20:39:00,5756,5758,5758,5756,5758,5760,5760,5758,6
2012-11-09 20:39:00,2012-11-09 20:40:00,5758,5760,5760,5757,5760,5762,5762,5759,12
2012-11-09 20:40:00,2012-11-09 20:43:00,5760,5760,5763,5758,5762,5764,5765,5762,37
2012-11-09 20:43:00,2012-11-09 20:44:00,5760,5762,5763,5760,5764,5764,5765,5763,6
2012-11-09 20:44:00,2012-11-09 20:45:00,5762,5766,5768,5761,5764,5768,5770,5764,32
2012-11-09 20:45:00,2012-11-09 20:46:00,5766,5766,5766,5764,5768,5768,5768,5767,6
2012-11-09 20:46:00,2012-11-09 20:47:00,5766,5767,5767,5766,5768,5769,5769,5768,1
2012-11-09 20:47:00,2012-11-09 20:49:00,5766,5767,5768,5766,5768,5769,5770,5768,5
2012-11-09 20:49:00,2012-11-09 20:50:00,5767,5764,5767,5764,5769,5766,5769,5766,10
2012-11-09 20:50:00,2012-11-09 20:51:00,5764,5763,5766,5763,5766,5765,5768,5765,10
2012-11-09 20:51:00,2012-11-09 20:53:00,5763,5761,5763,5761,5765,5763,5765,5763,2
2012-11-09 20:53:00,2012-11-09 20:56:00,5759,5761,5761,5758,5761,5763,5763,5760,10
2012-11-09 20:56:00,2012-11-09 20:57:00,5761,5762,5763,5761,5763,5764,5765,5763,7
2012-11-09 20:57:00,2012-11-09 20:58:00,5762,5760,5762,5760,5764,5762,5764,5762,6
2012-11-09 20:58:00,2012-11-09 20:59:00,5760,5762,5762,5758,5762,5764,5764,5760,13
2012-11-09 20:59:00,2012-11-12 08:00:00,5762,5766,5769,5762,5764,5768,5771,5764,23
2012-11-12 08:00:00,2012-11-12 08:01:00,5766,5767,5768,5764,5768,5769,5770,5766,9
2012-11-12 08:01:00,2012-11-12 08:02:00,5767,5766,5769,5765,5769,5767,5770,5767,13
2012-11-12 08:02:00,2012-11-12 08:03:00,5766,5770,5771,5766,5767,5771,5772,5767,10
2012-11-12 08:03:00,2012-11-12 08:04:00,5770,5767,5771,5765,5771,5768,5772,5766,13
2012-11-12 08:04:00,2012-11-12 08:05:00,5767,5768,5770,5764,5768,5769,5771,5765,23
2012-11-12 08:05:00,2012-11-12 08:06:00,5768,5765,5768,5763,5769,5766,5769,5764,13
2012-11-12 08:06:00,2012-11-12 08:07:00,5765,5762,5765,5762,5766,5763,5766,5763,11
2012-11-12 08:07:00,2012-11-12 08:08:00,5762,5761,5762,5759,5763,5762,5763,5760,13
2012-11-12 08:08:00,2012-11-12 08:09:00,5761,5761,5763,5761,5762,5762,5764,5762,14
2012-11-12 08:09:00,2012-11-12 08:10:00,5761,5765,5765,5761,5762,5766,5766,5762,14
2012-11-12 08:10:00,2012-11-12 08:11:00,5765,5768,5770,5765,5766,5769,5771,5766,15
2012-11-12 08:11:00,2012-11-12 08:12:00,5768,5767,5769,5766,5769,5768,5770,5767,9
2012-11-12 08:12:00,2012-11-12 08:13:00,5767,5771,5771,5767,5768,5772,5772,5768,10
2012-11-12 08:13:00,2012-11-12 08:14:00,5771,5767,5771,5766,5772,5768,5772,5767,10
2012-11-12 08:14:00,2012-11-12 08:15:00,5767,5765,5767,5764,5768,5766,5768,5765,6
2012-11-12 08:15:00,2012-11-12 08:16:00,5765,5767,5768,5764,5766,5768,5769,5765,10
2012-11-12 08:16:00,2012-11-12 08:17:00,5767,5768,5770,5767,5768,5769,5771,5768,9
2012-11-12 08:17:00,2012-11-12 08:18:00,5768,5766,5769,5765,5769,5767,5770,5766,6
2012-11-12 08:18:00,2012-11-12 08:19:00,5766,5769,5769,5765,5767,5770,5770,5766,11
2012-11-12 08:19:00,2012-11-12 08:21:00,5774,5778,5778,5773,5775,5779,5779,5774,8
2012-11-12 08:21:00,2012-11-12 08:22:00,5778,5779,5780,5778,5779,5780,5781,5779,13
2012-11-12 08:22:00,2012-11-12 08:25:00,5779,5779,5779,5777,5780,5780,5780,5778,4
2012-11-12 08:25:00,2012-11-12 08:26:00,5779,5780,5780,5778,5780,5781,5781,5779,13
2012-11-12 08:26:00,2012-11-12 08:28:00,5779,5781,5783,5779,5780,5782,5784,5780,10
2012-11-12 08:28:00,2012-11-12 08:29:00,5781,5781,5782,5780,5782,5782,5783,5781,12
2012-11-12 08:29:00,2012-11-12 08:30:00,5781,5780,5781,5779,5782,5781,5782,5780,9
2012-11-12 08:30:00,2012-11-12 08:31:00,5780,5777,5780,5776,5781,5778,5781,5777,9
2012-11-12 08:31:00,2012-11-12 08:32:00,5777,5777,5778,5776,5778,5778,5779,5777,8
2012-11-12 08:32:00,2012-11-12 08:34:00,5777,5776,5777,5775,5778,5777,5778,5776,9
2012-11-12 08:34:00,2012-11-12 08:35:00,5776,5773,5776,5773,5777,5774,5777,5774,9
2012-11-12 08:35:00,2012-11-12 08:36:00,5773,5775,5775,5773,5774,5776,5776,5774,4
2012-11-12 08:36:00,2012-11-12 08:40:00,5774,5779,5779,5774,5775,5780,5780,5775,9
2012-11-12 08:40:00,2012-11-12 08:41:00,5779,5776,5779,5776,5780,5777,5780,5777,3
2012-11-12 08:41:00,2012-11-12 08:42:00,5776,5776,5777,5776,5777,5777,5778,5777,10
2012-11-12 08:42:00,2012-11-12 08:44:00,5776,5773,5776,5773,5777,5774,5777,5774,7
2012-11-12 08:44:00,2012-11-12 08:45:00,5773,5773,5774,5773,5774,5774,5775,5774,2
2012-11-12 08:45:00,2012-11-12 08:47:00,5773,5769,5773,5767,5774,5770,5774,5768,14
2012-11-12 08:47:00,2012-11-12 08:48:00,5769,5766,5769,5764,5770,5767,5770,5765,13
2012-11-12 08:48:00,2012-11-12 08:49:00,5766,5765,5767,5764,5767,5766,5768,5765,9
2012-11-12 08:49:00,2012-11-12 08:50:00,5765,5763,5766,5761,5766,5764,5767,5762,24
2012-11-12 08:50:00,2012-11-12 08:51:00,5763,5767,5768,5763,5764,5768,5769,5764,12
2012-11-12 08:51:00,2012-11-12 08:52:00,5767,5769,5770,5767,5768,5770,5771,5768,12
2012-11-12 08:52:00,2012-11-12 08:53:00,5769,5765,5769,5765,5770,5766,5770,5766,10
2012-11-12 08:53:00,2012-11-12 08:54:00,5765,5764,5765,5762,5766,5765,5766,5763,7
2012-11-12 08:54:00,2012-11-12 08:56:00,5765,5767,5767,5765,5766,5768,5768,5766,2
2012-11-12 08:56:00,2012-11-12 08:57:00,5767,5769,5770,5767,5768,5770,5771,5768,4
2012-11-12 08:57:00,2012-11-12 08:58:00,5769,5768,5769,5767,5770,5769,5770,5768,7
2012-11-12 08:58:00,2012-11-12 08:59:00,5768,5770,5771,5768,5769,5771,5772,5769,16
2012-11-12 08:59:00,2012-11-12 09:00:00,5770,5769,5770,5768,5771,5770,5771,5769,7
2012-11-12 09:00:00,2012-11-12 09:01:00,5769,5774,5774,5768,5770,5775,5775,5769,13
2012-11-12 09:01:00,2012-11-12 09:02:00,5774,5777,5778,5774,5775,5778,5779,5775,7
2012-11-12 09:02:00,2012-11-12 09:03:00,5777,5774,5778,5774,5778,5775,5779,5775,17
2012-11-12 09:03:00,2012-11-12 09:04:00,5774,5771,5774,5770,5775,5772,5775,5771,9
2012-11-12 09:04:00,2012-11-12 09:05:00,5771,5776,5777,5771,5772,5777,5778,5772,13
2012-11-12 09:05:00,2012-11-12 09:06:00,5776,5774,5776,5773,5777,5775,5777,5774,10
2012-11-12 09:06:00,2012-11-12 09:07:00,5774,5772,5774,5771,5775,5773,5775,5772,12
2012-11-12 09:07:00,2012-11-12 09:08:00,5772,5775,5775,5772,5773,5776,5776,5773,7
2012-11-12 09:08:00,2012-11-12 09:09:00,5775,5772,5775,5770,5776,5773,5776,5771,7
2012-11-12 09:09:00,2012-11-12 09:10:00,5772,5775,5775,5772,5773,5776,5776,5773,3
2012-11-12 09:10:00,2012-11-12 09:13:00,5774,5771,5775,5770,5775,5772,5776,5771,11
2012-11-12 09:13:00,2012-11-12 09:14:00,5771,5774,5774,5769,5772,5775,5775,5770,11
2012-11-12 09:14:00,2012-11-12 09:15:00,5774,5776,5777,5774,5775,5777,5778,5775,12
2012-11-12 09:15:00,2012-11-12 09:16:00,5776,5773,5776,5773,5777,5774,5777,5774,5
2012-11-12 09:16:00,2012-11-12 09:18:00,5771,5766,5771,5765,5772,5767,5772,5766,7
2012-11-12 09:18:00,2012-11-12 09:19:00,5766,5771,5771,5766,5767,5772,5772,5767,15
2012-11-12 09:19:00,2012-11-12 09:20:00,5771,5773,5773,5769,5772,5774,5774,5770,8
2012-11-12 09:20:00,2012-11-12 09:21:00,5773,5771,5773,5771,5774,5772,5774,5772,2
2012-11-12 09:21:00,2012-11-12 09:22:00,5771,5771,5771,5768,5772,5772,5772,5769,16
2012-11-12 09:22:00,2012-11-12 09:23:00,5771,5775,5775,5771,5772,5776,5776,5772,16
2012-11-12 09:23:00,2012-11-12 09:24:00,5775,5772,5775,5772,5776,5773,5776,5773,19
2012-11-12 09:24:00,2012-11-12 09:25:00,5772,5771,5772,5771,5773,5772,5773,5772,3
2012-11-12 09:25:00,2012-11-12 09:26:00,5771,5774,5775,5771,5772,5775,5776,5772,9
2012-11-12 09:26:00,2012-11-12 09:28:00,5773,5773,5775,5773,5774,5774,5776,5774,4
2012-11-12 09:28:00,2012-11-12 09:30:00,5772,5772,5773,5771,5773,5773,5774,5772,16
2012-11-12 09:30:00,2012-11-12 09:31:00,5772,5771,5773,5770,5773,5772,5774,5771,7
2012-11-12 09:31:00,2012-11-12 09:32:00,5771,5773,5773,5771,5772,5774,5774,5772,8
2012-11-12 09:32:00,2012-11-12 09:33:00,5773,5774,5776,5772,5774,5775,5777,5773,11
2012-11-12 09:33:00,2012-11-12 09:34:00,5774,5773,5774,5772,5775,5774,5775,5773,5
2012-11-12 09:34:00,2012-11-12 09:36:00,5772,5773,5774,5772,5773,5774,5775,5773,3
2012-11-12 09:36:00,2012-11-12 09:37:00,5773,5772,5773,5772,5774,5773,5774,5773,3
2012-11-12 09:37:00,2012-11-12 09:40:00,5773,5772,5773,5771,5774,5773,5774,5772,5
2012-11-12 09:40:00,2012-11-12 09:41:00,5772,5770,5772,5769,5773,5771,5773,5770,18
2012-11-12 09:41:00,2012-11-12 09:42:00,5770,5771,5771,5770,5771,5772,5772,5771,3
2012-11-12 09:42:00,2012-11-12 09:43:00,5771,5771,5772,5771,5772,5772,5773,5772,4
2012-11-12 09:43:00,2012-11-12 09:44:00,5771,5770,5771,5769,5772,5771,5772,5770,3
2012-11-12 09:44:00,2012-11-12 09:45:00,5770,5776,5777,5769,5771,5777,5778,5770,10
2012-11-12 09:45:00,2012-11-12 09:46:00,5776,5774,5776,5774,5777,5775,5777,5775,8
2012-11-12 09:46:00,2012-11-12 09:47:00,5774,5776,5777,5774,5775,5777,5778,5775,8
2012-11-12 09:47:00,2012-11-12 09:48:00,5776,5776,5777,5775,5777,5777,5778,5776,4
2012-11-12 09:48:00,2012-11-12 09:49:00,5776,5778,5778,5775,5777,5779,5779,5776,8
2012-11-12 09:49:00,2012-11-12 09:50:00,5778,5779,5780,5777,5779,5780,5781,5778,13
2012-11-12 09:50:00,2012-11-12 09:51:00,5779,5779,5780,5777,5780,5780,5781,5778,10
2012-11-12 09:51:00,2012-11-12 09:52:00,5779,5780,5781,5779,5780,5781,5782,5780,13
2012-11-12 09:52:00,2012-11-12 09:53:00,5780,5778,5780,5778,5781,5779,5781,5779,8
2012-11-12 09:53:00,2012-11-12 09:54:00,5778,5780,5781,5778,5779,5781,5782,5779,4
2012-11-12 09:54:00,2012-11-12 09:56:00,5779,5780,5780,5778,5780,5781,5781,5779,7
2012-11-12 09:56:00,2012-11-12 10:02:00,5778,5778,5780,5777,5779,5779,5781,5778,12
2012-11-12 10:02:00,2012-11-12 10:03:00,5778,5779,5779,5777,5779,5780,5780,5778,3
2012-11-12 10:03:00,2012-11-12 10:04:00,5779,5778,5780,5778,5780,5779,5781,5779,5
2012-11-12 10:04:00,2012-11-12 10:05:00,5778,5781,5781,5778,5779,5782,5782,5779,5
2012-11-12 10:05:00,2012-11-12 10:06:00,5781,5780,5782,5780,5782,5781,5783,5781,11
2012-11-12 10:06:00,2012-11-12 10:07:00,5780,5781,5781,5779,5781,5782,5782,5780,11
2012-11-12 10:07:00,2012-11-12 10:09:00,5780,5779,5781,5779,5781,5780,5782,5780,3
2012-11-12 10:09:00,2012-11-12 10:10:00,5779,5779,5779,5777,5780,5780,5780,5778,6
2012-11-12 10:10:00,2012-11-12 10:12:00,5780,5781,5781,5779,5781,5782,5782,5780,5
2012-11-12 10:12:00,2012-11-12 10:21:00,5778,5776,5778,5776,5779,5777,5779,5777,12
2012-11-12 10:21:00,2012-11-12 10:24:00,5775,5778,5778,5775,5776,5779,5779,5776,9
2012-11-12 10:24:00,2012-11-12 10:26:00,5776,5776,5777,5776,5777,5777,5778,5777,2
2012-11-12 10:26:00,2012-11-12 10:28:00,5777,5779,5779,5777,5778,5780,5780,5778,4
2012-11-12 10:28:00,2012-11-12 10:29:00,5779,5781,5781,5779,5780,5782,5782,5780,14
2012-11-12 10:29:00,2012-11-12 10:30:00,5781,5782,5783,5780,5782,5783,5784,5781,10
2012-11-12 10:30:00,2012-11-12 10:33:00,5783,5781,5784,5781,5784,5782,5785,5782,10
2012-11-12 10:33:00,2012-11-12 10:34:00,5781,5781,5782,5779,5782,5782,5783,5780,14
2012-11-12 10:34:00,2012-11-12 10:37:00,5781,5781,5781,5779,5782,5782,5782,5780,12
2012-11-12 10:37:00,2012-11-12 10:40:00,5781,5780,5782,5780,5782,5781,5783,5781,3
2012-11-12 10:40:00,2012-11-12 10:41:00,5780,5781,5781,5780,5781,5782,5782,5781,3
2012-11-12 10:41:00,2012-11-12 10:42:00,5781,5781,5782,5780,5782,5782,5783,5781,8
2012-11-12 10:42:00,2012-11-12 10:43:00,5781,5778,5781,5778,5782,5779,5782,5779,5
2012-11-12 10:43:00,2012-11-12 10:45:00,5778,5776,5778,5775,5779,5777,5779,5776,8
2012-11-12 10:45:00,2012-11-12 10:46:00,5776,5778,5778,5775,5777,5779,5779,5776,6
2012-11-12 10:46:00,2012-11-12 10:47:00,5778,5777,5778,5777,5779,5778,5779,5778,5
2012-11-12 10:47:00,2012-11-12 10:51:00,5777,5774,5777,5772,5778,5775,5778,5773,13
2012-11-12 10:51:00,2012-11-12 10:52:00,5774,5776,5776,5774,5775,5777,5777,5775,6
2012-11-12 10:52:00,2012-11-12 10:53:00,5776,5775,5776,5775,5777,5776,5777,5776,1
2012-11-12 10:53:00,2012-11-12 10:55:00,5775,5772,5775,5772,5776,5773,5776,5773,5
2012-11-12 10:55:00,2012-11-12 10:56:00,5772,5772,5773,5771,5773,5773,5774,5772,4
2012-11-12 10:56:00,2012-11-12 10:57:00,5772,5773,5773,5772,5773,5774,5774,5773,1
2012-11-12 10:57:00,2012-11-12 10:58:00,5773,5773,5774,5772,5774,5774,5775,5773,6
2012-11-12 10:58:00,2012-11-12 10:59:00,5773,5775,5775,5773,5774,5776,5776,5774,2
2012-11-12 10:59:00,2012-11-12 11:04:00,5775,5780,5780,5775,5776,5781,5781,5776,9
2012-11-12 11:04:00,2012-11-12 11:05:00,5780,5780,5781,5778,5781,5781,5782,5779,16
2012-11-12 11:05:00,2012-11-12 11:06:00,5780,5778,5780,5777,5781,5779,5781,5778,7
2012-11-12 11:06:00,2012-11-12 11:09:00,5779,5777,5780,5777,5780,5778,5781,5778,12
2012-11-12 11:09:00,2012-11-12 11:10:00,5777,5776,5777,5775,5778,5777,5778,5776,5
2012-11-12 11:10:00,2012-11-12 11:22:00,5780,5780,5780,5779,5781,5781,5781,5780,8
2012-11-12 11:22:00,2012-11-12 11:26:00,5779,5779,5780,5779,5780,5780,5781,5780,6
2012-11-12 11:26:00,2012-11-12 11:27:00,5779,5781,5781,5779,5780,5782,5782,5780,4
2012-11-12 11:27:00,2012-11-12 11:30:00,5783,5783,5783,5781,5784,5784,5784,5782,10
2012-11-12 11:30:00,2012-11-12 11:33:00,5783,5783,5784,5783,5784,5784,5785,5784,10
2012-11-12 11:33:00,2012-11-12 11:35:00,5785,5785,5785,5784,5786,5786,5786,5785,10
2012-11-12 11:35:00,2012-11-12 11:41:00,5784,5781,5785,5780,5785,5782,5786,5781,9
2012-11-12 11:41:00,2012-11-12 11:50:00,5783,5786,5786,5783,5784,5787,5787,5784,3
2012-11-12 11:50:00,2012-11-12 11:52:00,5784,5782,5785,5782,5785,5783,5786,5783,6
2012-11-12 11:52:00,2012-11-12 11:57:00,5783,5785,5785,5783,5784,5786,5786,5784,2
2012-11-12 11:57:00,2012-11-12 11:59:00,5785,5785,5786,5784,5786,5786,5787,5785,6
2012-11-12 11:59:00,2012-11-12 12:09:00,5784,5786,5786,5784,5785,5787,5787,5785,6
2012-11-12 12:09:00,2012-11-12 12:12:00,5784,5786,5786,5783,5785,5787,5787,5784,4
2012-11-12 12:12:00,2012-11-12 12:17:00,5785,5787,5789,5785,5786,5788,5790,5786,8
2012-11-12 12:17:00,2012-11-12 12:21:00,5788,5786,5788,5786,5789,5787,5789,5787,2
2012-11-12 12:21:00,2012-11-12 12:26:00,5788,5789,5789,5788,5789,5790,5790,5789,7
2012-11-12 12:26:00,2012-11-12 12:28:00,5789,5791,5791,5789,5790,5792,5792,5790,4
2012-11-12 12:28:00,2012-11-12 12:29:00,5791,5791,5792,5790,5792,5792,5793,5791,7
2012-11-12 12:29:00,2012-11-12 12:30:00,5791,5790,5791,5788,5792,5791,5792,5789,9
2012-11-12 12:30:00,2012-11-12 12:31:00,5790,5789,5791,5789,5791,5790,5792,5790,11
2012-11-12 12:31:00,2012-11-12 12:32:00,5789,5790,5791,5789,5790,5791,5792,5790,15
2012-11-12 12:32:00,2012-11-12 12:45:00,5791,5791,5792,5791,5792,5792,5793,5792,4
2012-11-12 12:45:00,2012-11-12 12:48:00,5791,5790,5791,5790,5792,5791,5792,5791,3
2012-11-12 12:48:00,2012-11-12 12:49:00,5790,5787,5790,5786,5791,5788,5791,5787,13
2012-11-12 12:49:00,2012-11-12 12:54:00,5786,5787,5787,5785,5787,5788,5788,5786,9
2012-11-12 12:54:00,2012-11-12 12:55:00,5787,5787,5787,5786,5788,5788,5788,5787,8
2012-11-12 12:55:00,2012-11-12 13:00:00,5788,5788,5789,5787,5789,5789,5790,5788,8
2012-11-12 13:00:00,2012-11-12 13:01:00,5788,5785,5788,5784,5789,5786,5789,5785,7
2012-11-12 13:01:00,2012-11-12 13:02:00,5785,5785,5786,5784,5786,5786,5787,5785,4
2012-11-12 13:02:00,2012-11-12 13:11:00,5783,5779,5783,5778,5784,5780,5784,5779,6
2012-11-12 13:11:00,2012-11-12 13:12:00,5779,5781,5782,5779,5780,5782,5784,5780,8
2012-11-12 13:12:00,2012-11-12 13:13:00,5781,5782,5783,5781,5782,5783,5784,5782,9
2012-11-12 13:13:00,2012-11-12 13:14:00,5782,5784,5784,5781,5783,5785,5785,5782,8
2012-11-12 13:14:00,2012-11-12 13:22:00,5784,5782,5784,5781,5785,5783,5785,5782,8
2012-11-12 13:22:00,2012-11-12 13:23:00,5782,5778,5782,5778,5783,5779,5783,5779,8
2012-11-12 13:23:00,2012-11-12 13:24:00,5778,5781,5782,5778,5779,5782,5783,5779,9
2012-11-12 13:24:00,2012-11-12 13:26:00,5781,5785,5785,5781,5782,5786,5786,5782,4
2012-11-12 13:26:00,2012-11-12 13:27:00,5785,5783,5785,5783,5786,5784,5786,5784,2
2012-11-12 13:27:00,2012-11-12 13:28:00,5783,5784,5784,5781,5784,5785,5785,5782,5
2012-11-12 13:28:00,2012-11-12 13:33:00,5782,5783,5783,5781,5783,5784,5784,5782,3
2012-11-12 13:33:00,2012-11-12 13:37:00,5783,5784,5784,5782,5784,5785,5785,5783,5
2012-11-12 13:37:00,2012-11-12 13:44:00,5783,5784,5785,5783,5784,5785,5786,5784,3
2012-11-12 13:44:00,2012-11-12 13:55:00,5788,5788,5789,5788,5789,5789,5790,5789,10
2012-11-12 13:55:00,2012-11-12 14:02:00,5790,5789,5790,5789,5791,5790,5791,5790,3
2012-11-12 14:02:00,2012-11-12 14:09:00,5788,5788,5788,5787,5789,5789,5789,5788,8
2012-11-12 14:09:00,2012-11-12 14:10:00,5788,5785,5788,5785,5789,5786,5789,5786,5
2012-11-12 14:10:00,2012-11-12 14:13:00,5786,5785,5786,5784,5787,5786,5787,5785,5
2012-11-12 14:13:00,2012-11-12 14:15:00,5784,5786,5786,5784,5785,5787,5787,5785,4
2012-11-12 14:15:00,2012-11-12 14:27:00,5787,5786,5787,5785,5788,5787,5788,5786,7
2012-11-12 14:27:00,2012-11-12 14:29:00,5786,5783,5786,5783,5787,5784,5787,5784,5
2012-11-12 14:29:00,2012-11-12 14:30:00,5783,5780,5783,5779,5784,5781,5784,5780,15
2012-11-12 14:30:00,2012-11-12 14:31:00,5780,5779,5781,5779,5781,5780,5782,5780,17
2012-11-12 14:31:00,2012-11-12 14:32:00,5779,5781,5781,5779,5780,5782,5782,5780,18
2012-11-12 14:32:00,2012-11-12 14:34:00,5782,5784,5785,5782,5783,5785,5786,5783,8
2012-11-12 14:34:00,2012-11-12 14:35:00,5784,5778,5784,5778,5785,5779,5785,5779,12
2012-11-12 14:35:00,2012-11-12 14:36:00,5778,5778,5779,5777,5779,5779,5780,5778,16
2012-11-12 14:36:00,2012-11-12 14:37:00,5778,5778,5780,5778,5779,5779,5781,5779,10
2012-11-12 14:37:00,2012-11-12 14:38:00,5778,5782,5782,5778,5779,5783,5783,5779,16
2012-11-12 14:38:00,2012-11-12 14:39:00,5782,5783,5783,5781,5783,5784,5784,5782,15
2012-11-12 14:39:00,2012-11-12 14:40:00,5783,5780,5784,5780,5784,5781,5785,5781,27
2012-11-12 14:40:00,2012-11-12 14:41:00,5780,5779,5781,5779,5781,5780,5782,5780,5
2012-11-12 14:41:00,2012-11-12 14:42:00,5779,5781,5781,5778,5780,5782,5782,5779,20
2012-11-12 14:42:00,2012-11-12 14:43:00,5781,5783,5783,5780,5782,5784,5784,5781,8
2012-11-12 14:43:00,2012-11-12 14:44:00,5783,5780,5784,5779,5784,5781,5785,5780,27
2012-11-12 14:44:00,2012-11-12 14:45:00,5780,5782,5783,5780,5781,5783,5784,5781,10
2012-11-12 14:45:00,2012-11-12 14:46:00,5782,5781,5784,5781,5783,5782,5785,5782,15
2012-11-12 14:46:00,2012-11-12 14:48:00,5782,5783,5785,5782,5783,5784,5786,5783,14
2012-11-12 14:48:00,2012-11-12 14:49:00,5783,5778,5783,5778,5784,5779,5784,5779,19
2012-11-12 14:49:00,2012-11-12 14:50:00,5778,5780,5780,5777,5779,5781,5781,5778,8
2012-11-12 14:50:00,2012-11-12 14:51:00,5780,5779,5780,5777,5781,5780,5781,5778,11
2012-11-12 14:51:00,2012-11-12 14:52:00,5779,5778,5779,5777,5780,5779,5780,5778,5
2012-11-12 14:52:00,2012-11-12 14:53:00,5778,5780,5781,5777,5779,5781,5782,5778,12
2012-11-12 14:53:00,2012-11-12 14:54:00,5780,5780,5780,5778,5781,5781,5781,5779,14
2012-11-12 14:54:00,2012-11-12 14:55:00,5780,5781,5783,5780,5781,5782,5784,5781,9
2012-11-12 14:55:00,2012-11-12 14:56:00,5781,5782,5782,5781,5782,5783,5783,5782,11
2012-11-12 14:56:00,2012-11-12 14:57:00,5782,5781,5782,5779,5783,5782,5783,5780,9
2012-11-12 14:57:00,2012-11-12 14:59:00,5780,5783,5784,5779,5781,5784,5785,5780,23
2012-11-12 14:59:00,2012-11-12 15:00:00,5783,5781,5784,5781,5784,5782,5785,5782,14
2012-11-12 15:00:00,2012-11-12 15:01:00,5781,5782,5782,5779,5782,5783,5783,5780,15
2012-11-12 15:01:00,2012-11-12 15:02:00,5782,5781,5783,5781,5783,5782,5784,5782,17
2012-11-12 15:02:00,2012-11-12 15:04:00,5782,5782,5783,5781,5783,5783,5784,5782,6
2012-11-12 15:04:00,2012-11-12 15:05:00,5782,5781,5783,5781,5783,5782,5784,5782,9
2012-11-12 15:05:00,2012-11-12 15:06:00,5781,5780,5782,5780,5782,5781,5783,5781,9
2012-11-12 15:06:00,2012-11-12 15:07:00,5780,5779,5781,5778,5781,5780,5782,5779,11
2012-11-12 15:07:00,2012-11-12 15:08:00,5779,5779,5780,5778,5780,5780,5781,5779,12
2012-11-12 15:08:00,2012-11-12 15:09:00,5779,5779,5781,5778,5780,5780,5782,5779,14
2012-11-12 15:09:00,2012-11-12 15:10:00,5779,5781,5781,5778,5780,5782,5782,5779,10
2012-11-12 15:10:00,2012-11-12 15:11:00,5781,5775,5781,5775,5782,5776,5782,5776,24
2012-11-12 15:11:00,2012-11-12 15:12:00,5775,5773,5776,5772,5776,5774,5777,5773,12
2012-11-12 15:12:00,2012-11-12 15:13:00,5773,5770,5774,5770,5774,5771,5775,5771,9
2012-11-12 15:13:00,2012-11-12 15:14:00,5770,5769,5770,5768,5771,5770,5771,5769,19
2012-11-12 15:14:00,2012-11-12 15:15:00,5769,5770,5771,5769,5770,5771,5772,5770,9
2012-11-12 15:15:00,2012-11-12 15:16:00,5770,5769,5770,5769,5771,5770,5771,5770,7
2012-11-12 15:16:00,2012-11-12 15:17:00,5769,5770,5770,5769,5770,5771,5771,5770,13
2012-11-12 15:17:00,2012-11-12 15:19:00,5772,5772,5772,5769,5773,5773,5773,5770,12
2012-11-12 15:19:00,2012-11-12 15:20:00,5772,5770,5772,5770,5773,5771,5773,5771,8
2012-11-12 15:20:00,2012-11-12 15:21:00,5770,5770,5772,5770,5771,5771,5773,5771,8
2012-11-12 15:21:00,2012-11-12 15:23:00,5770,5771,5772,5769,5771,5772,5773,5770,7
2012-11-12 15:23:00,2012-11-12 15:24:00,5771,5771,5772,5770,5772,5772,5773,5771,8
2012-11-12 15:24:00,2012-11-12 15:25:00,5771,5771,5772,5770,5772,5772,5773,5771,16
2012-11-12 15:25:00,2012-11-12 15:26:00,5771,5774,5774,5771,5772,5775,5775,5772,9
2012-11-12 15:26:00,2012-11-12 15:27:00,5774,5774,5774,5773,5775,5775,5775,5774,6
2012-11-12 15:27:00,2012-11-12 15:28:00,5774,5772,5774,5772,5775,5773,5775,5773,4
2012-11-12 15:28:00,2012-11-12 15:29:00,5772,5774,5775,5772,5773,5775,5776,5773,12
2012-11-12 15:29:00,2012-11-12 15:31:00,5775,5776,5778,5775,5776,5777,5779,5776,9
2012-11-12 15:31:00,2012-11-12 15:32:00,5776,5777,5778,5776,5777,5778,5779,5777,17
2012-11-12 15:32:00,2012-11-12 15:33:00,5777,5779,5779,5776,5778,5780,5780,5777,6
2012-11-12 15:33:00,2012-11-12 15:34:00,5779,5782,5782,5779,5780,5783,5783,5780,9
2012-11-12 15:34:00,2012-11-12 15:35:00,5782,5781,5782,5779,5783,5782,5783,5780,7
2012-11-12 15:35:00,2012-11-12 15:37:00,5783,5781,5784,5779,5784,5782,5785,5780,13
2012-11-12 15:37:00,2012-11-12 15:43:00,5781,5778,5782,5777,5782,5779,5783,5778,23
2012-11-12 15:43:00,2012-11-12 15:44:00,5778,5781,5781,5776,5779,5782,5782,5777,12
2012-11-12 15:44:00,2012-11-12 15:45:00,5781,5777,5781,5777,5782,5778,5782,5778,10
2012-11-12 15:45:00,2012-11-12 15:47:00,5778,5780,5780,5778,5779,5781,5781,5779,12
2012-11-12 15:47:00,2012-11-12 15:48:00,5780,5777,5780,5776,5781,5778,5781,5777,17
2012-11-12 15:48:00,2012-11-12 15:50:00,5777,5779,5779,5777,5778,5780,5780,5778,2
2012-11-12 15:50:00,2012-11-12 15:51:00,5779,5777,5779,5777,5780,5778,5780,5778,10
2012-11-12 15:51:00,2012-11-12 15:52:00,5777,5774,5778,5774,5778,5775,5779,5775,7
2012-11-12 15:52:00,2012-11-12 15:53:00,5774,5776,5777,5774,5775,5777,5778,5775,17
2012-11-12 15:53:00,2012-11-12 15:55:00,5776,5774,5776,5774,5777,5775,5777,5775,6
2012-11-12 15:55:00,2012-11-12 15:56:00,5774,5775,5776,5774,5775,5776,5777,5775,7
2012-11-12 15:56:00,2012-11-12 15:57:00,5775,5772,5776,5772,5776,5773,5777,5773,21
2012-11-12 15:57:00,2012-11-12 15:58:00,5772,5773,5774,5771,5773,5774,5775,5772,9
2012-11-12 15:58:00,2012-11-12 15:59:00,5773,5773,5774,5772,5774,5774,5775,5773,18
2012-11-12 15:59:00,2012-11-12 16:00:00,5773,5771,5773,5771,5774,5772,5774,5772,16
2012-11-12 16:00:00,2012-11-12 16:01:00,5771,5769,5771,5768,5772,5770,5772,5769,6
2012-11-12 16:01:00,2012-11-12 16:02:00,5769,5769,5772,5768,5770,5770,5773,5769,19
2012-11-12 16:02:00,2012-11-12 16:03:00,5769,5771,5772,5769,5770,5772,5773,5770,6
2012-11-12 16:03:00,2012-11-12 16:04:00,5771,5768,5771,5768,5772,5769,5772,5769,9
2012-11-12 16:04:00,2012-11-12 16:05:00,5768,5771,5772,5768,5769,5772,5773,5769,19
2012-11-12 16:05:00,2012-11-12 16:09:00,5771,5771,5771,5770,5772,5772,5772,5771,2
2012-11-12 16:09:00,2012-11-12 16:10:00,5771,5770,5771,5769,5772,5771,5772,5770,11
2012-11-12 16:10:00,2012-11-12 16:11:00,5770,5770,5770,5769,5771,5771,5771,5770,2
2012-11-12 16:11:00,2012-11-12 16:12:00,5770,5769,5770,5769,5771,5770,5771,5770,5
2012-11-12 16:12:00,2012-11-12 16:13:00,5769,5768,5769,5768,5770,5769,5770,5769,1
2012-11-12 16:13:00,2012-11-12 16:14:00,5768,5769,5769,5768,5769,5770,5770,5769,11
2012-11-12 16:14:00,2012-11-12 16:15:00,5769,5768,5769,5767,5770,5769,5770,5768,11
2012-11-12 16:15:00,2012-11-12 16:16:00,5768,5769,5770,5768,5769,5770,5771,5769,7
2012-11-12 16:16:00,2012-11-12 16:18:00,5769,5767,5770,5767,5770,5768,5771,5768,8
2012-11-12 16:18:00,2012-11-12 16:19:00,5767,5769,5770,5767,5768,5770,5771,5768,21
2012-11-12 16:19:00,2012-11-12 16:20:00,5769,5769,5770,5769,5770,5770,5771,5770,6
2012-11-12 16:20:00,2012-11-12 16:21:00,5769,5770,5771,5768,5770,5771,5772,5769,7
2012-11-12 16:21:00,2012-11-12 16:22:00,5770,5770,5771,5769,5771,5771,5772,5770,8
2012-11-12 16:22:00,2012-11-12 16:23:00,5770,5771,5771,5769,5771,5772,5772,5770,11
2012-11-12 16:23:00,2012-11-12 16:24:00,5771,5770,5771,5770,5772,5771,5772,5771,5
2012-11-12 16:24:00,2012-11-12 16:25:00,5770,5770,5771,5770,5771,5771,5772,5771,18
2012-11-12 16:25:00,2012-11-12 16:26:00,5770,5773,5773,5770,5771,5774,5774,5771,16
2012-11-12 16:26:00,2012-11-12 16:28:00,5774,5774,5775,5773,5775,5776,5776,5774,8
2012-11-12 16:28:00,2012-11-12 16:29:00,5774,5773,5775,5771,5776,5775,5777,5773,15
2012-11-12 16:29:00,2012-11-12 16:30:00,5773,5771,5773,5769,5775,5773,5775,5771,23
2012-11-12 16:30:00,2012-11-12 16:31:00,5771,5770,5771,5770,5773,5772,5773,5772,15
2012-11-12 16:31:00,2012-11-12 16:32:00,5770,5768,5772,5768,5772,5770,5774,5770,20
2012-11-12 16:32:00,2012-11-12 16:33:00,5768,5769,5769,5767,5770,5771,5771,5769,13
2012-11-12 16:33:00,2012-11-12 16:34:00,5769,5765,5769,5764,5771,5767,5771,5766,18
2012-11-12 16:34:00,2012-11-12 16:35:00,5765,5768,5768,5765,5767,5770,5770,5767,14
2012-11-12 16:35:00,2012-11-12 16:37:00,5769,5768,5769,5767,5771,5770,5771,5769,9
2012-11-12 16:37:00,2012-11-12 16:39:00,5767,5767,5768,5766,5769,5769,5770,5768,4
2012-11-12 16:39:00,2012-11-12 16:40:00,5767,5768,5769,5767,5769,5770,5771,5769,9
2012-11-12 16:40:00,2012-11-12 16:41:00,5768,5767,5769,5767,5770,5769,5771,5769,5
2012-11-12 16:41:00,2012-11-12 16:42:00,5767,5766,5769,5765,5769,5768,5771,5767,15
2012-11-12 16:42:00,2012-11-12 16:43:00,5766,5766,5767,5766,5768,5768,5769,5768,12
2012-11-12 16:43:00,2012-11-12 16:44:00,5766,5768,5768,5766,5768,5770,5770,5768,4
2012-11-12 16:44:00,2012-11-12 16:45:00,5768,5768,5769,5767,5770,5770,5771,5769,8
2012-11-12 16:45:00,2012-11-12 16:46:00,5768,5767,5768,5766,5770,5769,5770,5768,9
2012-11-12 16:46:00,2012-11-12 16:47:00,5767,5765,5767,5765,5769,5767,5769,5767,4
2012-11-12 16:47:00,2012-11-12 16:49:00,5764,5764,5764,5763,5766,5766,5766,5765,4
2012-11-12 16:49:00,2012-11-12 16:50:00,5764,5764,5764,5763,5766,5766,5766,5765,10
2012-11-12 16:50:00,2012-11-12 16:51:00,5764,5765,5765,5763,5766,5767,5767,5765,7
2012-11-12 16:51:00,2012-11-12 16:52:00,5765,5763,5765,5763,5767,5765,5767,5765,6
2012-11-12 16:52:00,2012-11-12 16:53:00,5763,5764,5765,5763,5765,5766,5767,5765,7
2012-11-12 16:53:00,2012-11-12 16:54:00,5764,5764,5765,5764,5766,5766,5767,5766,4
2012-11-12 16:54:00,2012-11-12 16:55:00,5764,5765,5766,5764,5766,5767,5768,5766,7
2012-11-12 16:55:00,2012-11-12 16:56:00,5765,5765,5765,5764,5767,5767,5767,5766,2
2012-11-12 16:56:00,2012-11-12 16:57:00,5765,5764,5765,5764,5767,5766,5767,5766,3
2012-11-12 16:57:00,2012-11-12 16:58:00,5764,5764,5765,5763,5766,5766,5767,5765,8
2012-11-12 16:58:00,2012-11-12 16:59:00,5764,5763,5765,5763,5766,5765,5767,5765,9
2012-11-12 16:59:00,2012-11-12 17:00:00,5763,5765,5765,5763,5765,5767,5767,5765,4
2012-11-12 17:00:00,2012-11-12 17:01:00,5765,5765,5765,5764,5767,5767,5767,5766,6
2012-11-12 17:01:00,2012-11-12 17:03:00,5766,5765,5766,5765,5768,5767,5768,5767,3
2012-11-12 17:03:00,2012-11-12 17:04:00,5765,5765,5766,5764,5767,5767,5768,5766,10
2012-11-12 17:04:00,2012-11-12 17:06:00,5765,5765,5766,5765,5767,5767,5768,5767,4
2012-11-12 17:06:00,2012-11-12 17:07:00,5765,5765,5766,5764,5767,5767,5768,5766,4
2012-11-12 17:07:00,2012-11-12 17:08:00,5765,5764,5765,5764,5767,5766,5767,5766,7
2012-11-12 17:08:00,2012-11-12 17:09:00,5764,5765,5766,5764,5766,5767,5768,5766,5
2012-11-12 17:09:00,2012-11-12 17:10:00,5765,5767,5767,5765,5767,5769,5769,5767,6
2012-11-12 17:10:00,2012-11-12 17:11:00,5767,5766,5767,5765,5769,5768,5769,5767,3
2012-11-12 17:11:00,2012-11-12 17:13:00,5766,5765,5766,5765,5768,5767,5768,5767,5
2012-11-12 17:13:00,2012-11-12 17:14:00,5765,5766,5766,5765,5767,5768,5768,5767,9
2012-11-12 17:14:00,2012-11-12 17:15:00,5766,5765,5766,5765,5768,5767,5768,5767,1
2012-11-12 17:15:00,2012-11-12 17:16:00,5765,5766,5766,5765,5767,5768,5768,5767,3
2012-11-12 17:16:00,2012-11-12 17:17:00,5766,5767,5767,5766,5768,5769,5769,5768,3
2012-11-12 17:17:00,2012-11-12 17:18:00,5767,5766,5767,5766,5769,5768,5769,5768,5
2012-11-12 17:18:00,2012-11-12 17:20:00,5766,5766,5766,5765,5768,5768,5768,5767,2
2012-11-12 17:20:00,2012-11-12 17:22:00,5766,5769,5769,5766,5768,5771,5771,5768,5
2012-11-12 17:22:00,2012-11-12 17:23:00,5769,5770,5770,5768,5771,5772,5772,5770,7
2012-11-12 17:23:00,2012-11-12 17:24:00,5770,5769,5770,5769,5772,5771,5772,5771,3
2012-11-12 17:24:00,2012-11-12 17:28:00,5768,5769,5769,5768,5770,5771,5771,5770,1
2012-11-12 17:28:00,2012-11-12 17:29:00,5769,5769,5769,5768,5771,5771,5771,5770,2
2012-11-12 17:29:00,2012-11-12 17:31:00,5770,5769,5770,5769,5772,5771,5772,5771,9
2012-11-12 17:31:00,2012-11-12 17:32:00,5769,5770,5770,5769,5771,5772,5772,5771,1
2012-11-12 17:32:00,2012-11-12 17:33:00,5770,5770,5771,5770,5772,5772,5773,5772,2
2012-11-12 17:33:00,2012-11-12 17:34:00,5770,5771,5771,5770,5772,5773,5773,5772,1
2012-11-12 17:34:00,2012-11-12 17:39:00,5770,5771,5771,5770,5772,5773,5773,5772,3
2012-11-12 17:39:00,2012-11-12 17:45:00,5774,5773,5774,5773,5776,5775,5776,5775,5
2012-11-12 17:45:00,2012-11-12 17:50:00,5774,5773,5774,5773,5776,5775,5776,5775,3
2012-11-12 17:50:00,2012-11-12 17:56:00,5773,5775,5775,5772,5775,5777,5777,5774,10
2012-11-12 17:56:00,2012-11-12 17:57:00,5775,5776,5776,5774,5777,5778,5778,5776,7
2012-11-12 17:57:00,2012-11-12 18:04:00,5779,5782,5782,5779,5781,5784,5784,5781,5
2012-11-12 18:04:00,2012-11-12 18:05:00,5782,5782,5782,5780,5784,5784,5784,5782,12
2012-11-12 18:05:00,2012-11-12 18:06:00,5782,5782,5782,5780,5784,5784,5784,5782,22
2012-11-12 18:06:00,2012-11-12 18:10:00,5781,5782,5782,5780,5783,5784,5784,5782,13
2012-11-12 18:10:00,2012-11-12 18:11:00,5782,5782,5782,5781,5784,5784,5784,5783,4
2012-11-12 18:11:00,2012-11-12 18:13:00,5782,5784,5784,5782,5784,5786,5786,5784,8
2012-11-12 18:13:00,2012-11-12 18:14:00,5784,5783,5784,5783,5786,5785,5786,5785,1
2012-11-12 18:14:00,2012-11-12 18:16:00,5783,5784,5784,5783,5785,5786,5786,5785,3
2012-11-12 18:16:00,2012-11-12 18:17:00,5784,5784,5784,5783,5786,5786,5786,5785,2
2012-11-12 18:17:00,2012-11-12 18:18:00,5784,5785,5786,5784,5786,5787,5788,5786,9
2012-11-12 18:18:00,2012-11-12 18:19:00,5785,5783,5785,5783,5787,5785,5787,5785,10
2012-11-12 18:19:00,2012-11-12 18:20:00,5783,5783,5784,5782,5785,5785,5786,5784,6
2012-11-12 18:20:00,2012-11-12 18:21:00,5783,5781,5783,5781,5785,5783,5785,5783,10
2012-11-12 18:21:00,2012-11-12 18:22:00,5781,5780,5782,5780,5783,5782,5784,5782,5
2012-11-12 18:22:00,2012-11-12 18:23:00,5780,5780,5781,5780,5782,5782,5783,5782,2
2012-11-12 18:23:00,2012-11-12 18:25:00,5781,5780,5781,5780,5783,5782,5783,5782,1
2012-11-12 18:25:00,2012-11-12 18:26:00,5780,5781,5781,5780,5782,5783,5783,5782,3
2012-11-12 18:26:00,2012-11-12 18:30:00,5781,5781,5782,5780,5783,5783,5784,5782,8
2012-11-12 18:30:00,2012-11-12 18:32:00,5779,5778,5779,5778,5781,5780,5781,5780,1
2012-11-12 18:32:00,2012-11-12 18:33:00,5778,5776,5778,5776,5780,5778,5780,5778,6
2012-11-12 18:33:00,2012-11-12 18:37:00,5778,5778,5779,5777,5780,5780,5781,5779,4
2012-11-12 18:37:00,2012-11-12 18:39:00,5778,5778,5779,5778,5780,5780,5781,5780,2
2012-11-12 18:39:00,2012-11-12 18:43:00,5778,5777,5778,5777,5780,5779,5780,5779,1
2012-11-12 18:43:00,2012-11-12 18:47:00,5776,5777,5777,5776,5778,5779,5779,5778,1
2012-11-12 18:47:00,2012-11-12 18:48:00,5777,5775,5777,5775,5779,5777,5779,5777,4
2012-11-12 18:48:00,2012-11-12 18:53:00,5776,5776,5777,5776,5778,5778,5779,5778,4
2012-11-12 18:53:00,2012-11-12 18:54:00,5776,5776,5777,5776,5778,5778,5779,5778,6
2012-11-12 18:54:00,2012-11-12 18:55:00,5776,5776,5777,5776,5778,5778,5779,5778,2
2012-11-12 18:55:00,2012-11-12 18:56:00,5776,5777,5778,5776,5778,5779,5780,5778,7
2012-11-12 18:56:00,2012-11-12 18:57:00,5777,5778,5779,5777,5779,5780,5781,5779,7
2012-11-12 18:57:00,2012-11-12 18:58:00,5778,5778,5778,5777,5780,5780,5780,5779,2
2012-11-12 18:58:00,2012-11-12 19:00:00,5778,5776,5778,5775,5780,5778,5780,5777,4
2012-11-12 19:00:00,2012-11-12 19:01:00,5776,5776,5776,5775,5778,5778,5778,5777,12
2012-11-12 19:01:00,2012-11-12 19:04:00,5775,5774,5775,5774,5777,5776,5777,5776,1
2012-11-12 19:04:00,2012-11-12 19:09:00,5775,5777,5777,5775,5777,5779,5779,5777,2
2012-11-12 19:09:00,2012-11-12 19:10:00,5777,5777,5777,5776,5779,5779,5779,5778,4
2012-11-12 19:10:00,2012-11-12 19:12:00,5777,5777,5778,5776,5779,5779,5780,5778,6
2012-11-12 19:12:00,2012-11-12 19:14:00,5777,5776,5778,5776,5779,5778,5780,5778,3
2012-11-12 19:14:00,2012-11-12 19:16:00,5777,5777,5778,5776,5779,5779,5780,5778,4
2012-11-12 19:16:00,2012-11-12 19:17:00,5777,5778,5779,5777,5779,5780,5781,5779,3
2012-11-12 19:17:00,2012-11-12 19:18:00,5778,5778,5778,5777,5780,5780,5780,5779,4
2012-11-12 19:18:00,2012-11-12 19:20:00,5777,5778,5779,5777,5779,5780,5781,5779,9
2012-11-12 19:20:00,2012-11-12 19:22:00,5779,5777,5779,5777,5781,5779,5781,5779,4
2012-11-12 19:22:00,2012-11-12 19:23:00,5777,5779,5779,5777,5779,5781,5781,5779,2
2012-11-12 19:23:00,2012-11-12 19:26:00,5779,5777,5779,5776,5781,5779,5781,5778,10
2012-11-12 19:26:00,2012-11-12 19:28:00,5776,5777,5778,5776,5778,5779,5780,5778,3
2012-11-12 19:28:00,2012-11-12 19:31:00,5776,5776,5776,5774,5778,5778,5778,5776,10
2012-11-12 19:31:00,2012-11-12 19:32:00,5776,5776,5777,5776,5778,5778,5779,5778,8
2012-11-12 19:32:00,2012-11-12 19:38:00,5775,5773,5775,5772,5777,5775,5777,5774,8
2012-11-12 19:38:00,2012-11-12 19:39:00,5773,5772,5773,5771,5775,5774,5775,5773,9
2012-11-12 19:39:00,2012-11-12 19:40:00,5772,5773,5773,5771,5774,5775,5775,5773,7
2012-11-12 19:40:00,2012-11-12 19:41:00,5773,5773,5773,5772,5775,5775,5775,5774,6
2012-11-12 19:41:00,2012-11-12 19:44:00,5772,5771,5772,5771,5774,5773,5774,5773,1
2012-11-12 19:44:00,2012-11-12 19:45:00,5771,5772,5772,5770,5773,5774,5774,5772,5
2012-11-12 19:45:00,2012-11-12 19:48:00,5772,5773,5773,5772,5774,5775,5775,5774,7
2012-11-12 19:48:00,2012-11-12 19:49:00,5773,5773,5773,5772,5775,5775,5775,5774,2
2012-11-12 19:49:00,2012-11-12 19:50:00,5773,5773,5773,5772,5775,5775,5775,5774,4
2012-11-12 19:50:00,2012-11-12 19:51:00,5773,5772,5773,5772,5775,5774,5775,5774,1
2012-11-12 19:51:00,2012-11-12 19:52:00,5772,5774,5774,5772,5774,5776,5776,5774,6
2012-11-12 19:52:00,2012-11-12 19:54:00,5773,5773,5774,5773,5775,5775,5776,5775,4
2012-11-12 19:54:00,2012-11-12 19:57:00,5772,5773,5774,5772,5774,5775,5776,5774,3
2012-11-12 19:57:00,2012-11-12 19:58:00,5773,5774,5775,5773,5775,5776,5777,5775,7
2012-11-12 19:58:00,2012-11-12 19:59:00,5774,5774,5775,5773,5776,5776,5777,5775,6
2012-11-12 19:59:00,2012-11-12 20:02:00,5775,5776,5776,5775,5777,5778,5778,5777,5
2012-11-12 20:02:00,2012-11-12 20:06:00,5776,5774,5776,5774,5778,5776,5778,5776,2
2012-11-12 20:06:00,2012-11-12 20:08:00,5775,5774,5775,5774,5777,5776,5777,5776,3
2012-11-12 20:08:00,2012-11-12 20:09:00,5774,5773,5774,5772,5776,5775,5776,5774,5
2012-11-12 20:09:00,2012-11-12 20:13:00,5774,5773,5774,5771,5776,5775,5776,5773,9
2012-11-12 20:13:00,2012-11-12 20:14:00,5773,5770,5773,5769,5775,5772,5775,5771,5
2012-11-12 20:14:00,2012-11-12 20:15:00,5770,5771,5771,5769,5772,5773,5773,5771,9
2012-11-12 20:15:00,2012-11-12 20:16:00,5771,5771,5771,5770,5773,5773,5773,5772,2
2012-11-12 20:16:00,2012-11-12 20:17:00,5771,5770,5771,5769,5773,5772,5773,5771,7
2012-11-12 20:17:00,2012-11-12 20:18:00,5770,5771,5771,5769,5772,5773,5773,5771,7
2012-11-12 20:18:00,2012-11-12 20:19:00,5771,5769,5771,5769,5773,5771,5773,5771,12
2012-11-12 20:19:00,2012-11-12 20:20:00,5769,5770,5771,5769,5771,5772,5773,5771,3
2012-11-12 20:20:00,2012-11-12 20:21:00,5770,5770,5771,5769,5772,5772,5773,5771,6
2012-11-12 20:21:00,2012-11-12 20:22:00,5770,5771,5771,5770,5772,5773,5773,5772,9
2012-11-12 20:22:00,2012-11-12 20:24:00,5771,5772,5772,5771,5773,5774,5774,5773,5
2012-11-12 20:24:00,2012-11-12 20:26:00,5772,5773,5773,5771,5774,5775,5775,5773,3
2012-11-12 20:26:00,2012-11-12 20:27:00,5773,5773,5774,5772,5775,5775,5776,5774,6
2012-11-12 20:27:00,2012-11-12 20:28:00,5773,5772,5774,5772,5775,5774,5776,5774,5
2012-11-12 20:28:00,2012-11-12 20:29:00,5772,5772,5773,5772,5774,5774,5775,5774,4
2012-11-12 20:29:00,2012-11-12 20:32:00,5771,5771,5772,5770,5773,5773,5774,5772,4
2012-11-12 20:32:00,2012-11-12 20:33:00,5771,5771,5772,5771,5773,5773,5774,5773,2
2012-11-12 20:33:00,2012-11-12 20:34:00,5771,5773,5773,5771,5773,5775,5775,5773,6
2012-11-12 20:34:00,2012-11-12 20:35:00,5773,5771,5773,5771,5775,5773,5775,5773,4
2012-11-12 20:35:00,2012-11-12 20:36:00,5771,5773,5773,5771,5773,5775,5775,5773,2
2012-11-12 20:36:00,2012-11-12 20:38:00,5772,5774,5774,5772,5774,5776,5776,5774,2
2012-11-12 20:38:00,2012-11-12 20:43:00,5775,5775,5775,5774,5777,5777,5777,5776,4
2012-11-12 20:43:00,2012-11-12 20:47:00,5776,5775,5776,5775,5778,5777,5778,5777,1
2012-11-12 20:47:00,2012-11-12 20:55:00,5775,5775,5775,5774,5777,5777,5777,5776,2
2012-11-12 20:55:00,2012-11-12 20:57:00,5775,5772,5775,5772,5777,5774,5777,5774,3
2012-11-12 20:57:00,2012-11-12 20:59:00,5772,5771,5772,5771,5774,5773,5774,5773,3
2012-11-12 20:59:00,2012-11-13 08:00:00,5771,5743,5771,5741,5773,5745,5773,5743,43
2012-11-13 08:00:00,2012-11-13 08:01:00,5743,5741,5745,5740,5745,5743,5747,5742,24
2012-11-13 08:01:00,2012-11-13 08:02:00,5741,5744,5744,5739,5743,5746,5746,5741,29
2012-11-13 08:02:00,2012-11-13 08:03:00,5744,5741,5745,5740,5746,5742,5747,5741,28
2012-11-13 08:03:00,2012-11-13 08:04:00,5741,5737,5741,5737,5742,5738,5742,5738,32
2012-11-13 08:04:00,2012-11-13 08:05:00,5737,5735,5738,5735,5738,5736,5739,5736,22
2012-11-13 08:05:00,2012-11-13 08:06:00,5735,5731,5736,5730,5736,5732,5737,5731,20
2012-11-13 08:06:00,2012-11-13 08:07:00,5731,5731,5732,5729,5732,5732,5733,5730,24
2012-11-13 08:07:00,2012-11-13 08:08:00,5731,5732,5733,5730,5732,5733,5734,5731,27
2012-11-13 08:08:00,2012-11-13 08:09:00,5732,5731,5732,5730,5733,5732,5733,5731,19
2012-11-13 08:09:00,2012-11-13 08:10:00,5731,5733,5736,5731,5732,5734,5737,5732,16
2012-11-13 08:10:00,2012-11-13 08:11:00,5733,5741,5742,5733,5734,5742,5743,5734,26
2012-11-13 08:11:00,2012-11-13 08:12:00,5741,5734,5741,5734,5742,5735,5742,5735,11
2012-11-13 08:12:00,2012-11-13 08:13:00,5734,5733,5734,5732,5735,5734,5735,5733,13
2012-11-13 08:13:00,2012-11-13 08:14:00,5733,5736,5736,5733,5734,5737,5737,5734,15
2012-11-13 08:14:00,2012-11-13 08:15:00,5736,5731,5736,5731,5737,5732,5737,5732,11
2012-11-13 08:15:00,2012-11-13 08:16:00,5731,5729,5731,5729,5732,5730,5732,5730,20
2012-11-13 08:16:00,2012-11-13 08:17:00,5729,5726,5730,5725,5730,5727,5731,5726,19
2012-11-13 08:17:00,2012-11-13 08:18:00,5726,5724,5727,5723,5727,5725,5728,5724,16
2012-11-13 08:18:00,2012-11-13 08:19:00,5724,5723,5725,5722,5725,5724,5726,5723,15
2012-11-13 08:19:00,2012-11-13 08:20:00,5723,5723,5724,5722,5724,5724,5725,5723,18
2012-11-13 08:20:00,2012-11-13 08:21:00,5723,5724,5724,5722,5724,5725,5725,5723,13
2012-11-13 08:21:00,2012-11-13 08:22:00,5724,5723,5725,5722,5725,5724,5726,5723,25
2012-11-13 08:22:00,2012-11-13 08:23:00,5723,5721,5724,5721,5724,5722,5725,5722,14
2012-11-13 08:23:00,2012-11-13 08:24:00,5721,5721,5723,5721,5722,5722,5724,5722,12
2012-11-13 08:24:00,2012-11-13 08:25:00,5721,5720,5722,5720,5722,5721,5723,5721,27
2012-11-13 08:25:00,2012-11-13 08:26:00,5720,5723,5723,5720,5721,5724,5724,5721,9
2012-11-13 08:26:00,2012-11-13 08:27:00,5723,5721,5723,5721,5724,5722,5724,5722,12
2012-11-13 08:27:00,2012-11-13 08:28:00,5721,5720,5722,5720,5722,5721,5723,5721,13
2012-11-13 08:28:00,2012-11-13 08:29:00,5720,5720,5721,5718,5721,5721,5722,5719,24
2012-11-13 08:29:00,2012-11-13 08:31:00,5722,5724,5724,5722,5723,5725,5725,5723,8
2012-11-13 08:31:00,2012-11-13 08:32:00,5724,5728,5728,5724,5725,5729,5729,5725,20
2012-11-13 08:32:00,2012-11-13 08:33:00,5728,5727,5728,5726,5729,5728,5729,5727,5
2012-11-13 08:33:00,2012-11-13 08:34:00,5727,5724,5727,5724,5728,5725,5728,5725,11
2012-11-13 08:34:00,2012-11-13 08:35:00,5724,5727,5727,5723,5725,5728,5728,5724,13
2012-11-13 08:35:00,2012-11-13 08:36:00,5727,5726,5728,5726,5728,5727,5729,5727,9
2012-11-13 08:36:00,2012-11-13 08:37:00,5726,5726,5727,5724,5727,5727,5728,5725,12
2012-11-13 08:37:00,2012-11-13 08:38:00,5726,5726,5728,5725,5727,5727,5729,5726,8
2012-11-13 08:38:00,2012-11-13 08:41:00,5725,5724,5726,5724,5726,5725,5727,5725,3
2012-11-13 08:41:00,2012-11-13 08:43:00,5727,5727,5728,5726,5728,5728,5729,5727,14
2012-11-13 08:43:00,2012-11-13 08:44:00,5727,5727,5727,5726,5728,5728,5728,5727,6
2012-11-13 08:44:00,2012-11-13 08:46:00,5727,5726,5727,5725,5728,5727,5728,5726,7
2012-11-13 08:46:00,2012-11-13 08:47:00,5726,5724,5726,5723,5727,5725,5727,5724,6
2012-11-13 08:47:00,2012-11-13 08:48:00,5724,5724,5725,5723,5725,5725,5726,5724,6
2012-11-13 08:48:00,2012-11-13 08:49:00,5724,5723,5725,5723,5725,5724,5726,5724,5
2012-11-13 08:49:00,2012-11-13 08:50:00,5723,5721,5723,5721,5724,5722,5724,5722,2
2012-11-13 08:50:00,2012-11-13 08:51:00,5721,5722,5722,5720,5722,5723,5723,5721,5
2012-11-13 08:51:00,2012-11-13 08:52:00,5722,5723,5724,5722,5723,5724,5725,5723,7
2012-11-13 08:52:00,2012-11-13 08:54:00,5721,5723,5724,5721,5722,5724,5725,5722,4
2012-11-13 08:54:00,2012-11-13 08:55:00,5723,5722,5724,5722,5724,5723,5725,5723,5
2012-11-13 08:55:00,2012-11-13 08:56:00,5722,5722,5722,5720,5723,5723,5723,5721,10
2012-11-13 08:56:00,2012-11-13 08:57:00,5722,5723,5723,5721,5723,5724,5724,5722,3
2012-11-13 08:57:00,2012-11-13 08:58:00,5723,5722,5724,5722,5724,5723,5725,5723,11
2012-11-13 08:58:00,2012-11-13 08:59:00,5722,5718,5722,5718,5723,5719,5723,5719,8
2012-11-13 08:59:00,2012-11-13 09:00:00,5718,5714,5718,5714,5719,5715,5719,5715,10
2012-11-13 09:00:00,2012-11-13 09:01:00,5714,5714,5715,5714,5715,5715,5716,5715,4
2012-11-13 09:01:00,2012-11-13 09:02:00,5714,5717,5718,5714,5715,5718,5719,5715,6
2012-11-13 09:02:00,2012-11-13 09:03:00,5717,5722,5722,5717,5718,5723,5723,5718,15
2012-11-13 09:03:00,2012-11-13 09:04:00,5722,5724,5725,5721,5723,5725,5726,5722,16
2012-11-13 09:04:00,2012-11-13 09:05:00,5724,5720,5724,5720,5725,5721,5725,5721,12
2012-11-13 09:05:00,2012-11-13 09:06:00,5720,5722,5722,5718,5721,5723,5723,5719,12
2012-11-13 09:06:00,2012-11-13 09:07:00,5722,5723,5723,5720,5723,5724,5724,5721,7
2012-11-13 09:07:00,2012-11-13 09:08:00,5723,5725,5725,5722,5724,5726,5726,5723,12
2012-11-13 09:08:00,2012-11-13 09:09:00,5725,5724,5726,5724,5726,5725,5727,5725,15
2012-11-13 09:09:00,2012-11-13 09:10:00,5724,5730,5730,5724,5725,5731,5731,5725,20
2012-11-13 09:10:00,2012-11-13 09:11:00,5730,5728,5731,5727,5731,5729,5732,5728,14
2012-11-13 09:11:00,2012-11-13 09:12:00,5728,5725,5728,5725,5729,5726,5729,5726,13
2012-11-13 09:12:00,2012-11-13 09:14:00,5725,5725,5725,5724,5726,5726,5726,5725,2
2012-11-13 09:14:00,2012-11-13 09:15:00,5725,5729,5731,5725,5726,5730,5732,5726,18
2012-11-13 09:15:00,2012-11-13 09:16:00,5729,5725,5730,5725,5730,5726,5731,5726,10
2012-11-13 09:16:00,2012-11-13 09:17:00,5725,5726,5726,5724,5726,5727,5727,5725,11
2012-11-13 09:17:00,2012-11-13 09:18:00,5726,5725,5727,5725,5727,5726,5728,5726,13
2012-11-13 09:18:00,2012-11-13 09:19:00,5725,5724,5725,5722,5726,5725,5726,5723,13
2012-11-13 09:19:00,2012-11-13 09:20:00,5724,5726,5727,5722,5725,5727,5728,5723,13
2012-11-13 09:20:00,2012-11-13 09:23:00,5726,5726,5727,5724,5727,5727,5728,5725,6
2012-11-13 09:23:00,2012-11-13 09:26:00,5731,5728,5731,5728,5732,5729,5732,5729,7
2012-11-13 09:26:00,2012-11-13 09:27:00,5728,5729,5730,5728,5729,5730,5731,5729,3
2012-11-13 09:27:00,2012-11-13 09:28:00,5729,5730,5731,5729,5730,5731,5732,5730,7
2012-11-13 09:28:00,2012-11-13 09:30:00,5731,5729,5731,5728,5732,5730,5732,5729,10
2012-11-13 09:30:00,2012-11-13 09:31:00,5729,5726,5729,5725,5730,5727,5730,5726,9
2012-11-13 09:31:00,2012-11-13 09:32:00,5726,5728,5728,5725,5727,5729,5729,5726,8
2012-11-13 09:32:00,2012-11-13 09:33:00,5728,5728,5729,5727,5729,5729,5730,5728,6
2012-11-13 09:33:00,2012-11-13 09:34:00,5728,5729,5729,5727,5729,5730,5730,5728,17
2012-11-13 09:34:00,2012-11-13 09:35:00,5729,5727,5729,5726,5730,5728,5730,5727,8
2012-11-13 09:35:00,2012-11-13 09:36:00,5727,5727,5728,5726,5728,5728,5729,5727,4
2012-11-13 09:36:00,2012-11-13 09:37:00,5727,5726,5727,5726,5728,5727,5728,5727,3
2012-11-13 09:37:00,2012-11-13 09:39:00,5727,5727,5728,5725,5728,5728,5729,5726,6
2012-11-13 09:39:00,2012-11-13 09:40:00,5727,5727,5727,5725,5728,5728,5728,5726,6
2012-11-13 09:40:00,2012-11-13 09:41:00,5727,5728,5728,5726,5728,5729,5729,5727,7
2012-11-13 09:41:00,2012-11-13 09:45:00,5729,5730,5731,5729,5730,5731,5732,5730,9
2012-11-13 09:45:00,2012-11-13 09:49:00,5729,5729,5731,5729,5730,5730,5732,5730,8
2012-11-13 09:49:00,2012-11-13 09:50:00,5729,5730,5731,5729,5730,5731,5732,5730,3
2012-11-13 09:50:00,2012-11-13 09:52:00,5730,5728,5730,5728,5731,5729,5731,5729,4
2012-11-13 09:52:00,2012-11-13 09:53:00,5728,5727,5729,5727,5729,5728,5730,5728,9
2012-11-13 09:53:00,2012-11-13 09:54:00,5727,5729,5729,5727,5728,5730,5730,5728,6
2012-11-13 09:54:00,2012-11-13 09:56:00,5726,5726,5726,5724,5727,5727,5727,5725,6
2012-11-13 09:56:00,2012-11-13 09:57:00,5726,5725,5726,5724,5727,5726,5727,5725,5
2012-11-13 09:57:00,2012-11-13 09:58:00,5725,5729,5729,5725,5726,5730,5730,5726,8
2012-11-13 09:58:00,2012-11-13 09:59:00,5729,5725,5729,5725,5730,5727,5730,5727,14
2012-11-13 09:59:00,2012-11-13 10:00:00,5725,5721,5725,5719,5727,5722,5727,5720,18
2012-11-13 10:00:00,2012-11-13 10:01:00,5721,5720,5722,5719,5722,5721,5723,5720,19
2012-11-13 10:01:00,2012-11-13 10:02:00,5720,5721,5722,5720,5721,5722,5723,5721,11
2012-11-13 10:02:00,2012-11-13 10:03:00,5721,5722,5723,5719,5722,5723,5724,5720,15
2012-11-13 10:03:00,2012-11-13 10:04:00,5722,5723,5724,5722,5723,5724,5725,5723,13
2012-11-13 10:04:00,2012-11-13 10:05:00,5723,5723,5725,5722,5724,5724,5726,5723,10
2012-11-13 10:05:00,2012-11-13 10:06:00,5723,5723,5723,5721,5724,5724,5724,5722,8
2012-11-13 10:06:00,2012-11-13 10:07:00,5723,5719,5723,5718,5724,5720,5724,5719,10
2012-11-13 10:07:00,2012-11-13 10:08:00,5719,5720,5721,5718,5720,5721,5722,5719,5
2012-11-13 10:08:00,2012-11-13 10:09:00,5720,5718,5721,5718,5721,5719,5722,5719,8
2012-11-13 10:09:00,2012-11-13 10:11:00,5718,5719,5720,5717,5719,5720,5721,5718,5
2012-11-13 10:11:00,2012-11-13 10:12:00,5719,5718,5720,5716,5720,5719,5721,5717,13
2012-11-13 10:12:00,2012-11-13 10:13:00,5718,5718,5719,5717,5719,5719,5720,5718,9
2012-11-13 10:13:00,2012-11-13 10:14:00,5718,5719,5721,5717,5719,5720,5722,5718,15
2012-11-13 10:14:00,2012-11-13 10:15:00,5719,5717,5719,5717,5720,5718,5720,5718,8
2012-11-13 10:15:00,2012-11-13 10:16:00,5717,5714,5717,5712,5718,5715,5718,5713,29
2012-11-13 10:16:00,2012-11-13 10:17:00,5714,5717,5717,5713,5715,5718,5718,5714,24
2012-11-13 10:17:00,2012-11-13 10:18:00,5717,5717,5717,5715,5718,5718,5718,5716,6
2012-11-13 10:18:00,2012-11-13 10:19:00,5717,5718,5718,5716,5718,5719,5719,5717,9
2012-11-13 10:19:00,2012-11-13 10:20:00,5718,5720,5720,5718,5719,5721,5721,5719,10
2012-11-13 10:20:00,2012-11-13 10:23:00,5720,5719,5720,5718,5721,5720,5721,5719,9
2012-11-13 10:23:00,2012-11-13 10:26:00,5720,5718,5720,5717,5721,5719,5721,5718,6
2012-11-13 10:26:00,2012-11-13 10:27:00,5718,5714,5718,5714,5719,5715,5719,5715,8
2012-11-13 10:27:00,2012-11-13 10:29:00,5718,5715,5718,5715,5719,5716,5719,5716,15
2012-11-13 10:29:00,2012-11-13 10:30:00,5715,5716,5716,5715,5716,5717,5717,5716,7
2012-11-13 10:30:00,2012-11-13 10:31:00,5716,5718,5719,5716,5717,5719,5720,5717,14
2012-11-13 10:31:00,2012-11-13 10:32:00,5718,5721,5721,5718,5719,5722,5722,5719,11
2012-11-13 10:32:00,2012-11-13 10:33:00,5721,5720,5721,5719,5722,5721,5722,5720,5
2012-11-13 10:33:00,2012-11-13 10:34:00,5720,5717,5720,5717,5721,5718,5721,5718,13
2012-11-13 10:34:00,2012-11-13 10:35:00,5717,5718,5718,5717,5718,5719,5719,5718,5
2012-11-13 10:35:00,2012-11-13 10:36:00,5718,5717,5718,5717,5719,5718,5719,5718,3
2012-11-13 10:36:00,2012-11-13 10:37:00,5717,5719,5719,5717,5718,5720,5720,5718,6
2012-11-13 10:37:00,2012-11-13 10:39:00,5720,5719,5720,5718,5721,5720,5721,5719,7
2012-11-13 10:39:00,2012-11-13 10:40:00,5719,5720,5721,5719,5720,5721,5722,5720,9
2012-11-13 10:40:00,2012-11-13 10:43:00,5719,5719,5720,5718,5720,5720,5721,5719,6
2012-11-13 10:43:00,2012-11-13 10:44:00,5719,5719,5720,5719,5720,5720,5721,5720,2
2012-11-13 10:44:00,2012-11-13 10:45:00,5719,5718,5719,5718,5720,5719,5720,5719,3
2012-11-13 10:45:00,2012-11-13 10:46:00,5718,5719,5719,5718,5719,5720,5720,5719,5
2012-11-13 10:46:00,2012-11-13 10:47:00,5719,5720,5720,5719,5720,5721,5721,5720,5
2012-11-13 10:47:00,2012-11-13 10:48:00,5720,5721,5722,5720,5721,5722,5723,5721,5
2012-11-13 10:48:00,2012-11-13 10:49:00,5721,5721,5721,5719,5722,5722,5722,5720,10
2012-11-13 10:49:00,2012-11-13 10:50:00,5721,5721,5721,5718,5722,5722,5722,5719,10
2012-11-13 10:50:00,2012-11-13 10:51:00,5721,5722,5722,5720,5722,5723,5723,5721,9
2012-11-13 10:51:00,2012-11-13 10:52:00,5722,5722,5722,5721,5723,5723,5723,5722,6
2012-11-13 10:52:00,2012-11-13 10:53:00,5722,5722,5722,5720,5723,5723,5723,5721,8
2012-11-13 10:53:00,2012-11-13 10:54:00,5722,5722,5723,5722,5723,5723,5724,5723,6
2012-11-13 10:54:00,2012-11-13 10:55:00,5722,5720,5722,5720,5723,5721,5723,5721,10
2012-11-13 10:55:00,2012-11-13 10:58:00,5720,5719,5720,5717,5721,5720,5721,5718,11
2012-11-13 10:58:00,2012-11-13 10:59:00,5719,5719,5719,5718,5720,5720,5720,5719,2
2012-11-13 10:59:00,2012-11-13 11:00:00,5719,5715,5719,5713,5720,5716,5720,5714,20
2012-11-13 11:00:00,2012-11-13 11:01:00,5715,5716,5716,5713,5716,5717,5717,5714,7
2012-11-13 11:01:00,2012-11-13 11:02:00,5716,5715,5717,5715,5717,5716,5718,5716,7
2012-11-13 11:02:00,2012-11-13 11:04:00,5716,5714,5716,5714,5717,5715,5717,5715,4
2012-11-13 11:04:00,2012-11-13 11:05:00,5714,5713,5715,5712,5715,5714,5716,5713,13
2012-11-13 11:05:00,2012-11-13 11:06:00,5713,5710,5714,5708,5714,5711,5715,5709,29
2012-11-13 11:06:00,2012-11-13 11:07:00,5710,5709,5710,5708,5711,5710,5711,5709,7
2012-11-13 11:07:00,2012-11-13 11:08:00,5709,5710,5711,5709,5710,5711,5712,5710,5
2012-11-13 11:08:00,2012-11-13 11:09:00,5710,5710,5711,5709,5711,5711,5712,5710,6
2012-11-13 11:09:00,2012-11-13 11:10:00,5710,5711,5711,5710,5711,5712,5712,5711,9
2012-11-13 11:10:00,2012-11-13 11:11:00,5711,5713,5713,5711,5712,5714,5714,5712,6
2012-11-13 11:11:00,2012-11-13 11:12:00,5713,5712,5713,5712,5714,5713,5714,5713,3
2012-11-13 11:12:00,2012-11-13 11:13:00,5712,5713,5713,5712,5713,5714,5714,5713,5
2012-11-13 11:13:00,2012-11-13 11:15:00,5714,5714,5714,5713,5715,5715,5715,5714,4
2012-11-13 11:15:00,2012-11-13 11:16:00,5714,5712,5714,5712,5715,5713,5715,5713,8
2012-11-13 11:16:00,2012-11-13 11:17:00,5712,5714,5714,5712,5713,5715,5715,5713,8
2012-11-13 11:17:00,2012-11-13 11:18:00,5714,5713,5714,5713,5715,5714,5715,5714,7
2012-11-13 11:18:00,2012-11-13 11:19:00,5713,5714,5714,5713,5714,5715,5715,5714,1
2012-11-13 11:19:00,2012-11-13 11:20:00,5714,5712,5714,5712,5715,5713,5715,5713,2
2012-11-13 11:20:00,2012-11-13 11:21:00,5712,5714,5714,5712,5713,5715,5715,5713,2
2012-11-13 11:21:00,2012-11-13 11:22:00,5714,5715,5715,5714,5715,5716,5716,5715,7
2012-11-13 11:22:00,2012-11-13 11:23:00,5715,5714,5715,5713,5716,5715,5716,5714,7
2012-11-13 11:23:00,2012-11-13 11:24:00,5714,5714,5715,5714,5715,5715,5716,5715,2
2012-11-13 11:24:00,2012-11-13 11:25:00,5714,5716,5716,5714,5715,5717,5717,5715,6
2012-11-13 11:25:00,2012-11-13 11:26:00,5716,5716,5716,5715,5717,5717,5717,5716,4
2012-11-13 11:26:00,2012-11-13 11:27:00,5716,5717,5718,5716,5717,5718,5719,5717,5
2012-11-13 11:27:00,2012-11-13 11:28:00,5717,5716,5718,5716,5718,5717,5719,5717,9
2012-11-13 11:28:00,2012-11-13 11:29:00,5716,5717,5718,5716,5717,5718,5719,5717,3
2012-11-13 11:29:00,2012-11-13 11:30:00,5717,5719,5719,5717,5718,5720,5720,5718,4
2012-11-13 11:30:00,2012-11-13 11:31:00,5719,5723,5723,5719,5720,5724,5724,5720,12
2012-11-13 11:31:00,2012-11-13 11:32:00,5723,5722,5723,5721,5724,5723,5724,5722,5
2012-11-13 11:32:00,2012-11-13 11:33:00,5722,5721,5723,5721,5723,5722,5724,5722,11
2012-11-13 11:33:00,2012-11-13 11:35:00,5721,5721,5722,5721,5722,5722,5723,5722,4
2012-11-13 11:35:00,2012-11-13 11:36:00,5721,5722,5723,5718,5722,5723,5724,5719,11
2012-11-13 11:36:00,2012-11-13 11:37:00,5722,5728,5730,5721,5723,5729,5731,5722,32
2012-11-13 11:37:00,2012-11-13 11:38:00,5728,5727,5730,5727,5729,5728,5731,5728,23
2012-11-13 11:38:00,2012-11-13 11:39:00,5727,5728,5729,5726,5728,5729,5730,5727,19
2012-11-13 11:39:00,2012-11-13 11:40:00,5728,5728,5730,5727,5729,5729,5731,5728,14
2012-11-13 11:40:00,2012-11-13 11:41:00,5728,5735,5735,5728,5729,5736,5736,5729,23
2012-11-13 11:41:00,2012-11-13 11:42:00,5735,5733,5735,5732,5736,5734,5736,5733,10
2012-11-13 11:42:00,2012-11-13 11:43:00,5733,5732,5734,5731,5734,5733,5735,5732,11
2012-11-13 11:43:00,2012-11-13 11:44:00,5732,5730,5732,5727,5733,5731,5733,5728,26
2012-11-13 11:44:00,2012-11-13 11:45:00,5730,5727,5730,5727,5731,5728,5731,5728,13
2012-11-13 11:45:00,2012-11-13 11:46:00,5727,5727,5728,5726,5728,5728,5729,5727,12
2012-11-13 11:46:00,2012-11-13 11:47:00,5727,5731,5731,5727,5728,5732,5732,5728,12
2012-11-13 11:47:00,2012-11-13 11:48:00,5731,5726,5734,5724,5732,5727,5735,5725,46
2012-11-13 11:48:00,2012-11-13 11:49:00,5726,5726,5728,5724,5727,5727,5729,5725,16
2012-11-13 11:49:00,2012-11-13 11:51:00,5726,5725,5726,5724,5727,5726,5727,5725,3
2012-11-13 11:51:00,2012-11-13 11:53:00,5728,5728,5730,5727,5729,5729,5731,5728,10
2012-11-13 11:53:00,2012-11-13 11:54:00,5728,5730,5731,5728,5729,5731,5732,5729,14
2012-11-13 11:54:00,2012-11-13 11:55:00,5730,5731,5732,5730,5731,5732,5733,5731,11
2012-11-13 11:55:00,2012-11-13 11:56:00,5731,5735,5735,5731,5732,5736,5736,5732,10
2012-11-13 11:56:00,2012-11-13 11:57:00,5735,5733,5736,5732,5736,5734,5737,5733,20
2012-11-13 11:57:00,2012-11-13 11:58:00,5733,5731,5733,5730,5734,5732,5734,5731,10
2012-11-13 11:58:00,2012-11-13 12:00:00,5732,5735,5737,5732,5733,5736,5738,5733,25
2012-11-13 12:00:00,2012-11-13 12:01:00,5735,5737,5737,5735,5736,5738,5738,5736,24
2012-11-13 12:01:00,2012-11-13 12:02:00,5737,5741,5741,5737,5738,5742,5742,5738,14
2012-11-13 12:02:00,2012-11-13 12:03:00,5741,5740,5742,5739,5742,5741,5743,5740,19
2012-11-13 12:03:00,2012-11-13 12:04:00,5740,5738,5740,5737,5741,5739,5741,5738,12
2012-11-13 12:04:00,2012-11-13 12:05:00,5738,5738,5740,5738,5739,5739,5741,5739,10
2012-11-13 12:05:00,2012-11-13 12:06:00,5738,5737,5739,5737,5739,5738,5740,5738,11
2012-11-13 12:06:00,2012-11-13 12:07:00,5737,5737,5739,5737,5738,5738,5740,5738,8
2012-11-13 12:07:00,2012-11-13 12:08:00,5737,5738,5738,5736,5738,5739,5739,5737,3
2012-11-13 12:08:00,2012-11-13 12:09:00,5738,5738,5739,5737,5739,5739,5740,5738,10
2012-11-13 12:09:00,2012-11-13 12:10:00,5738,5739,5739,5736,5739,5740,5740,5737,11
2012-11-13 12:10:00,2012-11-13 12:11:00,5739,5739,5740,5739,5740,5740,5741,5740,6
2012-11-13 12:11:00,2012-11-13 12:13:00,5738,5738,5738,5737,5739,5739,5739,5738,6
2012-11-13 12:13:00,2012-11-13 12:14:00,5738,5733,5738,5733,5739,5734,5739,5734,13
2012-11-13 12:14:00,2012-11-13 12:15:00,5733,5733,5735,5733,5734,5734,5736,5734,12
2012-11-13 12:15:00,2012-11-13 12:16:00,5733,5732,5733,5730,5734,5733,5734,5731,11
2012-11-13 12:16:00,2012-11-13 12:19:00,5732,5731,5733,5731,5733,5732,5734,5732,3
2012-11-13 12:19:00,2012-11-13 12:20:00,5731,5728,5731,5727,5732,5729,5732,5728,9
2012-11-13 12:20:00,2012-11-13 12:21:00,5728,5728,5728,5726,5729,5729,5729,5727,18
2012-11-13 12:21:00,2012-11-13 12:22:00,5728,5728,5729,5728,5729,5729,5730,5729,6
2012-11-13 12:22:00,2012-11-13 12:23:00,5728,5730,5731,5728,5729,5731,5732,5729,8
2012-11-13 12:23:00,2012-11-13 12:24:00,5730,5731,5731,5730,5731,5732,5732,5731,9
2012-11-13 12:24:00,2012-11-13 12:26:00,5732,5733,5733,5732,5733,5734,5734,5733,5
2012-11-13 12:26:00,2012-11-13 12:27:00,5733,5731,5733,5731,5734,5732,5734,5732,6
2012-11-13 12:27:00,2012-11-13 12:28:00,5731,5732,5732,5730,5732,5733,5733,5731,7
2012-11-13 12:28:00,2012-11-13 12:29:00,5732,5731,5732,5731,5733,5732,5733,5732,1
2012-11-13 12:29:00,2012-11-13 12:30:00,5731,5730,5731,5728,5732,5731,5732,5729,11
2012-11-13 12:30:00,2012-11-13 12:31:00,5730,5728,5731,5728,5731,5729,5732,5729,4
2012-11-13 12:31:00,2012-11-13 12:32:00,5728,5729,5730,5728,5729,5730,5731,5729,9
2012-11-13 12:32:00,2012-11-13 12:33:00,5729,5729,5729,5727,5730,5730,5730,5728,14
2012-11-13 12:33:00,2012-11-13 12:35:00,5730,5733,5734,5730,5731,5734,5735,5731,11
2012-11-13 12:35:00,2012-11-13 12:36:00,5733,5732,5734,5732,5734,5733,5735,5733,9
2012-11-13 12:36:00,2012-11-13 12:37:00,5732,5731,5734,5731,5733,5732,5735,5732,9
2012-11-13 12:37:00,2012-11-13 12:38:00,5731,5732,5733,5731,5732,5733,5734,5732,5
2012-11-13 12:38:00,2012-11-13 12:39:00,5732,5734,5734,5732,5733,5735,5735,5733,2
2012-11-13 12:39:00,2012-11-13 12:40:00,5734,5735,5735,5732,5735,5736,5736,5733,13
2012-11-13 12:40:00,2012-11-13 12:41:00,5735,5729,5735,5728,5736,5730,5736,5729,18
2012-11-13 12:41:00,2012-11-13 12:42:00,5729,5731,5731,5729,5730,5732,5732,5730,14
2012-11-13 12:42:00,2012-11-13 12:43:00,5731,5731,5732,5730,5732,5732,5733,5731,4
2012-11-13 12:43:00,2012-11-13 12:44:00,5731,5731,5732,5730,5732,5732,5733,5731,22
2012-11-13 12:44:00,2012-11-13 12:45:00,5731,5731,5732,5730,5732,5732,5733,5731,8
2012-11-13 12:45:00,2012-11-13 12:46:00,5731,5732,5732,5730,5732,5733,5733,5731,5
2012-11-13 12:46:00,2012-11-13 12:48:00,5732,5734,5734,5732,5733,5735,5735,5733,8
2012-11-13 12:48:00,2012-11-13 12:49:00,5734,5733,5734,5733,5735,5734,5735,5734,5
2012-11-13 12:49:00,2012-11-13 12:50:00,5733,5739,5739,5733,5734,5740,5740,5734,10
2012-11-13 12:50:00,2012-11-13 12:51:00,5739,5737,5741,5737,5740,5738,5742,5738,16
2012-11-13 12:51:00,2012-11-13 12:52:00,5737,5736,5737,5735,5738,5737,5738,5736,9
2012-11-13 12:52:00,2012-11-13 12:53:00,5736,5735,5736,5734,5737,5736,5737,5735,15
2012-11-13 12:53:00,2012-11-13 12:54:00,5735,5735,5736,5734,5736,5736,5737,5735,14
2012-11-13 12:54:00,2012-11-13 12:55:00,5735,5737,5739,5735,5736,5738,5740,5736,10
2012-11-13 12:55:00,2012-11-13 12:56:00,5737,5738,5738,5736,5738,5739,5739,5737,13
2012-11-13 12:56:00,2012-11-13 12:57:00,5738,5736,5738,5735,5739,5737,5739,5736,20
2012-11-13 12:57:00,2012-11-13 12:59:00,5735,5733,5736,5732,5736,5734,5737,5733,10
2012-11-13 12:59:00,2012-11-13 13:00:00,5733,5733,5734,5732,5734,5734,5735,5733,6
2012-11-13 13:00:00,2012-11-13 13:01:00,5733,5734,5734,5731,5734,5735,5735,5732,7
2012-11-13 13:01:00,2012-11-13 13:02:00,5734,5735,5735,5733,5735,5736,5736,5734,5
2012-11-13 13:02:00,2012-11-13 13:05:00,5734,5735,5735,5734,5735,5736,5736,5735,3
2012-11-13 13:05:00,2012-11-13 13:06:00,5735,5736,5737,5735,5736,5737,5738,5736,5
2012-11-13 13:06:00,2012-11-13 13:07:00,5736,5736,5738,5736,5737,5737,5739,5737,6
2012-11-13 13:07:00,2012-11-13 13:08:00,5736,5736,5737,5736,5737,5737,5738,5737,2
2012-11-13 13:08:00,2012-11-13 13:09:00,5736,5735,5737,5735,5737,5736,5738,5736,5
2012-11-13 13:09:00,2012-11-13 13:10:00,5735,5737,5737,5735,5736,5738,5738,5736,8
2012-11-13 13:10:00,2012-11-13 13:12:00,5736,5734,5736,5734,5737,5735,5737,5735,8
2012-11-13 13:12:00,2012-11-13 13:14:00,5733,5733,5734,5733,5734,5734,5735,5734,2
2012-11-13 13:14:00,2012-11-13 13:15:00,5733,5735,5735,5733,5734,5736,5736,5734,8
2012-11-13 13:15:00,2012-11-13 13:16:00,5735,5734,5735,5734,5736,5735,5736,5735,1
2012-11-13 13:16:00,2012-11-13 13:17:00,5734,5732,5734,5732,5735,5733,5735,5733,4
2012-11-13 13:17:00,2012-11-13 13:18:00,5732,5732,5732,5729,5733,5733,5733,5730,6
2012-11-13 13:18:00,2012-11-13 13:19:00,5732,5734,5734,5732,5733,5735,5735,5733,4
2012-11-13 13:19:00,2012-11-13 13:20:00,5734,5732,5734,5732,5735,5733,5735,5733,12
2012-11-13 13:20:00,2012-11-13 13:21:00,5732,5732,5733,5732,5733,5733,5734,5733,4
2012-11-13 13:21:00,2012-11-13 13:23:00,5732,5735,5735,5732,5733,5736,5736,5733,11
2012-11-13 13:23:00,2012-11-13 13:25:00,5735,5733,5735,5731,5736,5734,5736,5732,14
2012-11-13 13:25:00,2012-11-13 13:26:00,5733,5734,5734,5733,5734,5735,5735,5734,3
2012-11-13 13:26:00,2012-11-13 13:27:00,5734,5735,5736,5734,5735,5736,5737,5735,3
2012-11-13 13:27:00,2012-11-13 13:28:00,5735,5732,5735,5732,5736,5733,5736,5733,7
2012-11-13 13:28:00,2012-11-13 13:29:00,5732,5733,5734,5731,5733,5734,5735,5732,5
2012-11-13 13:29:00,2012-11-13 13:30:00,5733,5734,5735,5733,5734,5735,5736,5734,13
2012-11-13 13:30:00,2012-11-13 13:31:00,5734,5732,5734,5731,5735,5733,5735,5732,8
2012-11-13 13:31:00,2012-11-13 13:32:00,5732,5731,5733,5730,5733,5732,5734,5731,11
2012-11-13 13:32:00,2012-11-13 13:33:00,5731,5733,5733,5730,5732,5734,5734,5731,12
2012-11-13 13:33:00,2012-11-13 13:34:00,5733,5732,5733,5732,5734,5733,5734,5733,5
2012-11-13 13:34:00,2012-11-13 13:35:00,5732,5729,5733,5729,5733,5730,5734,5730,5
2012-11-13 13:35:00,2012-11-13 13:36:00,5729,5732,5732,5729,5730,5733,5733,5730,9
2012-11-13 13:36:00,2012-11-13 13:40:00,5733,5731,5733,5731,5734,5732,5734,5732,4
2012-11-13 13:40:00,2012-11-13 13:41:00,5731,5730,5731,5729,5732,5731,5732,5730,5
2012-11-13 13:41:00,2012-11-13 13:42:00,5730,5731,5731,5728,5731,5732,5732,5729,9
2012-11-13 13:42:00,2012-11-13 13:43:00,5731,5730,5731,5730,5732,5731,5732,5731,13
2012-11-13 13:43:00,2012-11-13 13:45:00,5730,5729,5731,5729,5731,5730,5732,5730,7
2012-11-13 13:45:00,2012-11-13 13:46:00,5729,5728,5730,5728,5730,5729,5731,5729,7
2012-11-13 13:46:00,2012-11-13 13:47:00,5728,5729,5730,5728,5729,5730,5731,5729,5
2012-11-13 13:47:00,2012-11-13 13:50:00,5729,5729,5729,5728,5730,5730,5730,5729,4
2012-11-13 13:50:00,2012-11-13 13:52:00,5729,5728,5729,5728,5730,5729,5730,5729,5
2012-11-13 13:52:00,2012-11-13 13:54:00,5729,5728,5729,5727,5730,5729,5730,5728,13
2012-11-13 13:54:00,2012-11-13 13:55:00,5728,5728,5728,5727,5729,5729,5729,5728,4
2012-11-13 13:55:00,2012-11-13 13:56:00,5728,5729,5729,5728,5729,5730,5730,5729,7
2012-11-13 13:56:00,2012-11-13 14:00:00,5729,5727,5729,5727,5730,5728,5730,5728,4
2012-11-13 14:00:00,2012-11-13 14:01:00,5727,5727,5728,5727,5728,5728,5729,5728,2
2012-11-13 14:01:00,2012-11-13 14:04:00,5728,5728,5729,5727,5729,5729,5730,5728,4
2012-11-13 14:04:00,2012-11-13 14:05:00,5728,5727,5729,5726,5729,5728,5730,5727,17
2012-11-13 14:05:00,2012-11-13 14:07:00,5726,5724,5726,5724,5727,5725,5727,5725,8
2012-11-13 14:07:00,2012-11-13 14:08:00,5724,5726,5726,5724,5725,5727,5727,5725,6
2012-11-13 14:08:00,2012-11-13 14:09:00,5726,5725,5727,5725,5727,5726,5728,5726,9
2012-11-13 14:09:00,2012-11-13 14:11:00,5726,5724,5726,5724,5727,5725,5727,5725,4
2012-11-13 14:11:00,2012-11-13 14:12:00,5724,5723,5725,5722,5725,5724,5726,5723,11
2012-11-13 14:12:00,2012-11-13 14:13:00,5723,5721,5723,5721,5724,5722,5724,5722,20
2012-11-13 14:13:00,2012-11-13 14:17:00,5720,5719,5720,5719,5721,5720,5721,5720,5
2012-11-13 14:17:00,2012-11-13 14:18:00,5719,5720,5720,5718,5720,5721,5721,5719,9
2012-11-13 14:18:00,2012-11-13 14:19:00,5720,5720,5720,5719,5721,5721,5721,5720,16
2012-11-13 14:19:00,2012-11-13 14:20:00,5720,5722,5722,5719,5721,5723,5723,5720,6
2012-11-13 14:20:00,2012-11-13 14:26:00,5724,5726,5726,5724,5725,5727,5727,5725,8
2012-11-13 14:26:00,2012-11-13 14:27:00,5726,5727,5727,5725,5727,5728,5728,5726,9
2012-11-13 14:27:00,2012-11-13 14:28:00,5727,5726,5728,5726,5728,5727,5729,5727,3
2012-11-13 14:28:00,2012-11-13 14:29:00,5726,5729,5729,5726,5727,5730,5730,5727,7
2012-11-13 14:29:00,2012-11-13 14:30:00,5729,5724,5729,5724,5730,5725,5730,5725,17
2012-11-13 14:30:00,2012-11-13 14:31:00,5724,5725,5727,5723,5725,5726,5728,5724,21
2012-11-13 14:31:00,2012-11-13 14:32:00,5725,5727,5727,5725,5726,5728,5728,5726,10
2012-11-13 14:32:00,2012-11-13 14:33:00,5727,5726,5727,5726,5728,5727,5728,5727,5
2012-11-13 14:33:00,2012-11-13 14:34:00,5726,5729,5730,5726,5727,5730,5731,5727,21
2012-11-13 14:34:00,2012-11-13 14:35:00,5729,5731,5733,5728,5730,5732,5734,5729,24
2012-11-13 14:35:00,2012-11-13 14:36:00,5731,5732,5734,5731,5732,5733,5735,5732,19
2012-11-13 14:36:00,2012-11-13 14:37:00,5732,5731,5733,5731,5733,5732,5734,5732,21
2012-11-13 14:37:00,2012-11-13 14:38:00,5731,5729,5731,5728,5732,5730,5732,5729,20
2012-11-13 14:38:00,2012-11-13 14:39:00,5729,5730,5731,5728,5730,5731,5732,5729,15
2012-11-13 14:39:00,2012-11-13 14:40:00,5730,5732,5734,5730,5731,5733,5735,5731,14
2012-11-13 14:40:00,2012-11-13 14:41:00,5732,5733,5734,5731,5733,5734,5735,5732,15
2012-11-13 14:41:00,2012-11-13 14:43:00,5734,5733,5735,5733,5735,5734,5736,5734,17
2012-11-13 14:43:00,2012-11-13 14:44:00,5733,5735,5736,5733,5734,5736,5737,5734,14
2012-11-13 14:44:00,2012-11-13 14:45:00,5735,5739,5739,5735,5736,5740,5740,5736,12
2012-11-13 14:45:00,2012-11-13 14:46:00,5739,5736,5740,5735,5740,5737,5741,5736,23
2012-11-13 14:46:00,2012-11-13 14:47:00,5736,5738,5738,5735,5737,5739,5739,5736,8
2012-11-13 14:47:00,2012-11-13 14:49:00,5739,5743,5744,5739,5740,5744,5745,5740,16
2012-11-13 14:49:00,2012-11-13 14:50:00,5743,5741,5743,5741,5744,5742,5744,5742,6
2012-11-13 14:50:00,2012-11-13 14:51:00,5741,5737,5741,5737,5742,5738,5742,5738,24
2012-11-13 14:51:00,2012-11-13 14:52:00,5737,5734,5737,5734,5738,5735,5738,5735,17
2012-11-13 14:52:00,2012-11-13 14:53:00,5734,5735,5735,5734,5735,5736,5736,5735,9
2012-11-13 14:53:00,2012-11-13 14:54:00,5735,5736,5737,5735,5736,5737,5738,5736,9
2012-11-13 14:54:00,2012-11-13 14:55:00,5736,5735,5739,5733,5737,5736,5740,5734,17
2012-11-13 14:55:00,2012-11-13 14:56:00,5735,5738,5739,5734,5736,5739,5740,5735,15
2012-11-13 14:56:00,2012-11-13 14:57:00,5738,5742,5743,5738,5739,5743,5744,5739,28
2012-11-13 14:57:00,2012-11-13 14:58:00,5742,5745,5745,5742,5743,5746,5746,5743,17
2012-11-13 14:58:00,2012-11-13 14:59:00,5745,5742,5746,5742,5746,5743,5747,5743,11
2012-11-13 14:59:00,2012-11-13 15:00:00,5742,5744,5746,5742,5743,5745,5747,5743,18
2012-11-13 15:00:00,2012-11-13 15:01:00,5744,5746,5747,5743,5745,5747,5748,5744,20
2012-11-13 15:01:00,2012-11-13 15:02:00,5746,5743,5746,5743,5747,5744,5747,5744,15
2012-11-13 15:02:00,2012-11-13 15:03:00,5743,5742,5743,5741,5744,5743,5744,5742,29
2012-11-13 15:03:00,2012-11-13 15:04:00,5742,5741,5744,5741,5743,5742,5745,5742,17
2012-11-13 15:04:00,2012-11-13 15:05:00,5741,5743,5744,5739,5742,5744,5745,5740,20
2012-11-13 15:05:00,2012-11-13 15:06:00,5743,5746,5746,5743,5744,5747,5747,5744,13
2012-11-13 15:06:00,2012-11-13 15:07:00,5746,5740,5747,5739,5747,5741,5748,5740,10
2012-11-13 15:07:00,2012-11-13 15:08:00,5740,5742,5743,5737,5741,5743,5744,5738,22
2012-11-13 15:08:00,2012-11-13 15:09:00,5742,5743,5744,5741,5743,5744,5745,5742,15
2012-11-13 15:09:00,2012-11-13 15:10:00,5743,5748,5748,5743,5744,5749,5749,5744,27
2012-11-13 15:10:00,2012-11-13 15:11:00,5748,5750,5750,5746,5749,5751,5751,5747,22
2012-11-13 15:11:00,2012-11-13 15:12:00,5750,5748,5750,5748,5751,5749,5751,5749,14
2012-11-13 15:12:00,2012-11-13 15:13:00,5748,5748,5749,5746,5749,5749,5750,5747,14
2012-11-13 15:13:00,2012-11-13 15:14:00,5748,5752,5752,5748,5749,5753,5753,5749,8
2012-11-13 15:14:00,2012-11-13 15:15:00,5752,5755,5757,5751,5753,5756,5758,5752,31
2012-11-13 15:15:00,2012-11-13 15:16:00,5755,5751,5755,5750,5756,5752,5756,5751,28
2012-11-13 15:16:00,2012-11-13 15:17:00,5751,5748,5751,5747,5752,5749,5752,5748,21
2012-11-13 15:17:00,2012-11-13 15:18:00,5748,5746,5749,5746,5749,5747,5750,5747,14
2012-11-13 15:18:00,2012-11-13 15:19:00,5746,5748,5751,5746,5747,5749,5752,5747,17
2012-11-13 15:19:00,2012-11-13 15:20:00,5748,5751,5753,5747,5749,5752,5754,5748,21
2012-11-13 15:20:00,2012-11-13 15:21:00,5751,5754,5754,5750,5752,5755,5755,5751,31
2012-11-13 15:21:00,2012-11-13 15:22:00,5754,5750,5754,5750,5755,5751,5755,5751,24
2012-11-13 15:22:00,2012-11-13 15:23:00,5750,5749,5751,5748,5751,5750,5752,5749,9
2012-11-13 15:23:00,2012-11-13 15:24:00,5749,5749,5750,5748,5750,5750,5751,5749,10
2012-11-13 15:24:00,2012-11-13 15:25:00,5749,5751,5752,5749,5750,5752,5753,5750,8
2012-11-13 15:25:00,2012-11-13 15:26:00,5751,5751,5752,5750,5752,5752,5753,5751,22
2012-11-13 15:26:00,2012-11-13 15:27:00,5751,5749,5753,5749,5752,5750,5754,5750,14
2012-11-13 15:27:00,2012-11-13 15:28:00,5749,5748,5749,5747,5750,5749,5750,5748,21
2012-11-13 15:28:00,2012-11-13 15:29:00,5748,5748,5748,5747,5749,5749,5749,5748,10
2012-11-13 15:29:00,2012-11-13 15:30:00,5748,5747,5748,5746,5749,5748,5749,5747,9
2012-11-13 15:30:00,2012-11-13 15:31:00,5747,5749,5749,5747,5748,5750,5750,5748,22
2012-11-13 15:31:00,2012-11-13 15:32:00,5749,5749,5750,5747,5750,5750,5751,5748,14
2012-11-13 15:32:00,2012-11-13 15:33:00,5749,5751,5752,5749,5750,5752,5753,5750,22
2012-11-13 15:33:00,2012-11-13 15:34:00,5751,5750,5752,5749,5752,5751,5753,5750,15
2012-11-13 15:34:00,2012-11-13 15:35:00,5750,5761,5761,5750,5751,5762,5762,5751,21
2012-11-13 15:35:00,2012-11-13 15:36:00,5761,5762,5762,5757,5762,5763,5763,5758,15
2012-11-13 15:36:00,2012-11-13 15:37:00,5762,5756,5762,5755,5763,5757,5763,5756,20
2012-11-13 15:37:00,2012-11-13 15:38:00,5756,5760,5763,5755,5757,5761,5764,5756,12
2012-11-13 15:38:00,2012-11-13 15:39:00,5760,5760,5762,5759,5761,5761,5763,5760,16
2012-11-13 15:39:00,2012-11-13 15:40:00,5760,5759,5762,5759,5761,5760,5763,5760,25
2012-11-13 15:40:00,2012-11-13 15:41:00,5759,5760,5760,5759,5760,5761,5761,5760,13
2012-11-13 15:41:00,2012-11-13 15:42:00,5760,5758,5761,5757,5761,5759,5762,5758,12
2012-11-13 15:42:00,2012-11-13 15:43:00,5758,5753,5760,5753,5759,5754,5761,5754,31
2012-11-13 15:43:00,2012-11-13 15:44:00,5753,5752,5754,5751,5754,5753,5755,5752,19
2012-11-13 15:44:00,2012-11-13 15:45:00,5752,5755,5756,5752,5753,5756,5757,5753,33
2012-11-13 15:45:00,2012-11-13 15:46:00,5755,5756,5758,5755,5756,5757,5759,5756,13
2012-11-13 15:46:00,2012-11-13 15:47:00,5756,5757,5757,5755,5757,5758,5758,5756,9
2012-11-13 15:47:00,2012-11-13 15:48:00,5757,5758,5759,5755,5758,5759,5760,5756,21
2012-11-13 15:48:00,2012-11-13 15:49:00,5758,5761,5762,5758,5759,5762,5763,5759,27
2012-11-13 15:49:00,2012-11-13 15:50:00,5761,5760,5761,5759,5762,5761,5762,5760,17
2012-11-13 15:50:00,2012-11-13 15:51:00,5760,5759,5760,5758,5761,5760,5761,5759,21
2012-11-13 15:51:00,2012-11-13 15:52:00,5759,5762,5762,5759,5760,5763,5763,5760,15
2012-11-13 15:52:00,2012-11-13 15:53:00,5762,5764,5765,5762,5763,5765,5766,5763,14
2012-11-13 15:53:00,2012-11-13 15:55:00,5766,5769,5769,5766,5767,5770,5770,5767,15
2012-11-13 15:55:00,2012-11-13 15:56:00,5769,5766,5770,5766,5770,5767,5771,5767,29
2012-11-13 15:56:00,2012-11-13 15:57:00,5766,5766,5767,5765,5767,5767,5768,5766,20
2012-11-13 15:57:00,2012-11-13 15:58:00,5766,5770,5770,5766,5767,5771,5771,5767,16
2012-11-13 15:58:00,2012-11-13 15:59:00,5770,5769,5770,5769,5771,5770,5771,5770,11
2012-11-13 15:59:00,2012-11-13 16:00:00,5769,5769,5770,5767,5770,5770,5771,5768,18
2012-11-13 16:00:00,2012-11-13 16:01:00,5769,5773,5773,5768,5770,5774,5774,5769,14
2012-11-13 16:01:00,2012-11-13 16:02:00,5773,5778,5780,5773,5774,5779,5781,5774,17
2012-11-13 16:02:00,2012-11-13 16:03:00,5778,5773,5778,5773,5779,5774,5779,5774,19
2012-11-13 16:03:00,2012-11-13 16:04:00,5773,5774,5775,5773,5774,5775,5776,5774,17
2012-11-13 16:04:00,2012-11-13 16:05:00,5774,5776,5777,5773,5775,5777,5778,5774,12
2012-11-13 16:05:00,2012-11-13 16:06:00,5776,5780,5781,5776,5777,5781,5782,5777,8
2012-11-13 16:06:00,2012-11-13 16:08:00,5778,5777,5780,5776,5779,5778,5781,5777,11
2012-11-13 16:08:00,2012-11-13 16:10:00,5777,5776,5777,5776,5778,5777,5778,5777,17
2012-11-13 16:10:00,2012-11-13 16:11:00,5776,5774,5776,5774,5777,5775,5777,5775,2
2012-11-13 16:11:00,2012-11-13 16:12:00,5774,5775,5776,5774,5775,5776,5777,5775,17
2012-11-13 16:12:00,2012-11-13 16:13:00,5775,5774,5775,5773,5776,5775,5776,5774,11
2012-11-13 16:13:00,2012-11-13 16:14:00,5774,5773,5775,5772,5775,5774,5776,5773,11
2012-11-13 16:14:00,2012-11-13 16:15:00,5773,5770,5773,5770,5774,5771,5774,5771,3
2012-11-13 16:15:00,2012-11-13 16:16:00,5770,5771,5771,5770,5771,5772,5772,5771,9
2012-11-13 16:16:00,2012-11-13 16:17:00,5771,5771,5772,5770,5772,5772,5773,5771,10
2012-11-13 16:17:00,2012-11-13 16:18:00,5771,5768,5771,5768,5772,5769,5772,5769,5
2012-11-13 16:18:00,2012-11-13 16:19:00,5768,5771,5771,5768,5769,5772,5772,5769,7
2012-11-13 16:19:00,2012-11-13 16:20:00,5771,5773,5775,5771,5772,5774,5776,5772,18
2012-11-13 16:20:00,2012-11-13 16:21:00,5773,5772,5774,5772,5774,5773,5775,5773,11
2012-11-13 16:21:00,2012-11-13 16:23:00,5773,5773,5775,5773,5774,5774,5776,5774,10
2012-11-13 16:23:00,2012-11-13 16:24:00,5773,5773,5775,5773,5774,5774,5776,5774,15
2012-11-13 16:24:00,2012-11-13 16:25:00,5773,5772,5776,5772,5774,5773,5777,5773,19
2012-11-13 16:25:00,2012-11-13 16:26:00,5772,5774,5776,5772,5773,5775,5777,5773,12
2012-11-13 16:26:00,2012-11-13 16:27:00,5774,5779,5779,5774,5775,5780,5780,5775,19
2012-11-13 16:27:00,2012-11-13 16:28:00,5779,5783,5784,5779,5780,5784,5785,5780,31
2012-11-13 16:28:00,2012-11-13 16:29:00,5783,5782,5786,5781,5784,5784,5787,5782,27
2012-11-13 16:29:00,2012-11-13 16:30:00,5782,5784,5785,5781,5784,5786,5787,5783,33
2012-11-13 16:30:00,2012-11-13 16:31:00,5784,5785,5788,5783,5786,5787,5790,5785,29
2012-11-13 16:31:00,2012-11-13 16:32:00,5785,5788,5788,5784,5787,5790,5790,5786,21
2012-11-13 16:32:00,2012-11-13 16:33:00,5788,5787,5788,5786,5790,5789,5790,5788,16
2012-11-13 16:33:00,2012-11-13 16:34:00,5787,5787,5788,5784,5789,5789,5790,5786,38
2012-11-13 16:34:00,2012-11-13 16:35:00,5787,5784,5787,5783,5789,5786,5789,5785,19
2012-11-13 16:35:00,2012-11-13 16:36:00,5784,5781,5784,5779,5786,5783,5786,5781,18
2012-11-13 16:36:00,2012-11-13 16:37:00,5781,5782,5782,5781,5783,5784,5784,5783,5
2012-11-13 16:37:00,2012-11-13 16:38:00,5782,5781,5783,5781,5784,5783,5785,5783,13
2012-11-13 16:38:00,2012-11-13 16:40:00,5782,5782,5784,5782,5784,5784,5786,5784,6
2012-11-13 16:40:00,2012-11-13 16:41:00,5782,5782,5783,5782,5784,5784,5785,5784,8
2012-11-13 16:41:00,2012-11-13 16:43:00,5782,5781,5782,5781,5784,5783,5784,5783,1
2012-11-13 16:43:00,2012-11-13 16:44:00,5781,5782,5783,5781,5783,5784,5785,5783,5
2012-11-13 16:44:00,2012-11-13 16:45:00,5782,5783,5784,5782,5784,5785,5786,5784,5
2012-11-13 16:45:00,2012-11-13 16:46:00,5783,5782,5784,5781,5785,5784,5786,5783,5
2012-11-13 16:46:00,2012-11-13 16:47:00,5782,5782,5783,5782,5784,5784,5785,5784,2
2012-11-13 16:47:00,2012-11-13 16:48:00,5782,5782,5783,5782,5784,5784,5785,5784,4
2012-11-13 16:48:00,2012-11-13 16:49:00,5782,5781,5782,5781,5784,5783,5784,5783,3
2012-11-13 16:49:00,2012-11-13 16:50:00,5781,5780,5781,5779,5783,5782,5783,5781,3
2012-11-13 16:50:00,2012-11-13 16:51:00,5780,5780,5781,5779,5782,5782,5783,5781,10
2012-11-13 16:51:00,2012-11-13 16:52:00,5780,5780,5780,5779,5782,5782,5782,5781,6
2012-11-13 16:52:00,2012-11-13 16:53:00,5780,5781,5781,5780,5782,5783,5783,5782,13
2012-11-13 16:53:00,2012-11-13 16:54:00,5781,5781,5781,5780,5783,5783,5783,5782,2
2012-11-13 16:54:00,2012-11-13 16:56:00,5783,5783,5784,5782,5785,5785,5786,5784,4
2012-11-13 16:56:00,2012-11-13 16:57:00,5783,5781,5783,5781,5785,5783,5785,5783,2
2012-11-13 16:57:00,2012-11-13 16:58:00,5781,5783,5783,5781,5783,5785,5785,5783,6
2012-11-13 16:58:00,2012-11-13 16:59:00,5783,5783,5783,5782,5785,5785,5785,5784,18
2012-11-13 16:59:00,2012-11-13 17:00:00,5783,5783,5784,5783,5785,5785,5786,5785,2
2012-11-13 17:00:00,2012-11-13 17:01:00,5783,5783,5784,5783,5785,5785,5786,5785,14
2012-11-13 17:01:00,2012-11-13 17:02:00,5783,5783,5784,5782,5785,5785,5786,5784,14
2012-11-13 17:02:00,2012-11-13 17:03:00,5783,5783,5784,5783,5785,5785,5786,5785,4
2012-11-13 17:03:00,2012-11-13 17:04:00,5783,5783,5784,5783,5785,5785,5786,5785,10
2012-11-13 17:04:00,2012-11-13 17:05:00,5783,5783,5783,5782,5785,5785,5785,5784,2
2012-11-13 17:05:00,2012-11-13 17:06:00,5783,5781,5783,5780,5785,5783,5785,5782,6
2012-11-13 17:06:00,2012-11-13 17:07:00,5781,5781,5781,5780,5783,5783,5783,5782,4
2012-11-13 17:07:00,2012-11-13 17:09:00,5780,5776,5780,5776,5782,5778,5782,5778,12
2012-11-13 17:09:00,2012-11-13 17:12:00,5778,5780,5780,5778,5780,5782,5782,5780,10
2012-11-13 17:12:00,2012-11-13 17:14:00,5780,5781,5781,5779,5782,5783,5783,5781,3
2012-11-13 17:14:00,2012-11-13 17:16:00,5781,5782,5782,5781,5783,5784,5784,5783,1
2012-11-13 17:16:00,2012-11-13 17:17:00,5782,5781,5782,5780,5784,5783,5784,5782,3
2012-11-13 17:17:00,2012-11-13 17:18:00,5781,5781,5782,5781,5783,5783,5784,5783,2
2012-11-13 17:18:00,2012-11-13 17:19:00,5781,5782,5782,5780,5783,5784,5784,5782,7
2012-11-13 17:19:00,2012-11-13 17:20:00,5782,5781,5783,5780,5784,5783,5785,5782,5
2012-11-13 17:20:00,2012-11-13 17:22:00,5780,5781,5781,5780,5782,5783,5783,5782,5
2012-11-13 17:22:00,2012-11-13 17:23:00,5781,5779,5781,5779,5783,5781,5783,5781,6
2012-11-13 17:23:00,2012-11-13 17:24:00,5779,5776,5779,5776,5781,5778,5781,5778,9
2012-11-13 17:24:00,2012-11-13 17:25:00,5776,5777,5777,5776,5778,5779,5779,5778,5
2012-11-13 17:25:00,2012-11-13 17:26:00,5777,5776,5777,5776,5779,5778,5779,5778,11
2012-11-13 17:26:00,2012-11-13 17:27:00,5776,5777,5777,5775,5778,5779,5779,5777,5
2012-11-13 17:27:00,2012-11-13 17:29:00,5777,5777,5778,5777,5779,5779,5780,5779,2
2012-11-13 17:29:00,2012-11-13 17:30:00,5777,5776,5777,5776,5779,5778,5779,5778,1
2012-11-13 17:30:00,2012-11-13 17:31:00,5776,5775,5776,5774,5778,5777,5778,5776,7
2012-11-13 17:31:00,2012-11-13 17:32:00,5775,5774,5775,5772,5777,5776,5777,5774,7
2012-11-13 17:32:00,2012-11-13 17:33:00,5774,5775,5776,5773,5776,5777,5778,5775,9
2012-11-13 17:33:00,2012-11-13 17:34:00,5775,5774,5776,5774,5777,5776,5778,5776,3
2012-11-13 17:34:00,2012-11-13 17:37:00,5774,5774,5774,5771,5776,5776,5776,5773,10
2012-11-13 17:37:00,2012-11-13 17:40:00,5774,5774,5775,5774,5776,5776,5777,5776,4
2012-11-13 17:40:00,2012-11-13 17:42:00,5775,5773,5775,5773,5777,5775,5777,5775,2
2012-11-13 17:42:00,2012-11-13 17:43:00,5773,5772,5774,5772,5775,5774,5776,5774,3
2012-11-13 17:43:00,2012-11-13 17:44:00,5772,5772,5773,5771,5774,5774,5775,5773,12
2012-11-13 17:44:00,2012-11-13 17:45:00,5772,5773,5773,5772,5774,5775,5775,5774,3
2012-11-13 17:45:00,2012-11-13 17:47:00,5773,5773,5774,5773,5775,5775,5776,5775,2
2012-11-13 17:47:00,2012-11-13 17:49:00,5774,5775,5775,5774,5776,5777,5777,5776,3
2012-11-13 17:49:00,2012-11-13 17:50:00,5775,5774,5775,5773,5777,5776,5777,5775,3
2012-11-13 17:50:00,2012-11-13 17:51:00,5774,5775,5775,5773,5776,5777,5777,5775,5
2012-11-13 17:51:00,2012-11-13 17:52:00,5775,5777,5777,5775,5777,5779,5779,5777,4
2012-11-13 17:52:00,2012-11-13 17:54:00,5777,5776,5777,5775,5779,5778,5779,5777,7
2012-11-13 17:54:00,2012-11-13 17:56:00,5776,5774,5776,5774,5778,5776,5778,5776,4
2012-11-13 17:56:00,2012-11-13 17:57:00,5774,5775,5775,5774,5776,5777,5777,5776,5
2012-11-13 17:57:00,2012-11-13 17:59:00,5775,5774,5775,5773,5777,5776,5777,5775,7
2012-11-13 17:59:00,2012-11-13 18:01:00,5774,5772,5774,5771,5776,5774,5776,5773,4
2012-11-13 18:01:00,2012-11-13 18:03:00,5772,5772,5772,5771,5774,5774,5774,5773,2
2012-11-13 18:03:00,2012-11-13 18:04:00,5772,5772,5772,5771,5774,5774,5774,5773,4
2012-11-13 18:04:00,2012-11-13 18:07:00,5774,5775,5775,5774,5776,5777,5777,5776,1
2012-11-13 18:07:00,2012-11-13 18:08:00,5775,5776,5776,5775,5777,5778,5778,5777,3
2012-11-13 18:08:00,2012-11-13 18:09:00,5776,5776,5776,5775,5778,5778,5778,5777,2
2012-11-13 18:09:00,2012-11-13 18:10:00,5776,5775,5776,5775,5778,5777,5778,5777,3
2012-11-13 18:10:00,2012-11-13 18:11:00,5775,5775,5776,5775,5777,5777,5778,5777,2
2012-11-13 18:11:00,2012-11-13 18:12:00,5775,5776,5776,5775,5777,5778,5778,5777,1
2012-11-13 18:12:00,2012-11-13 18:13:00,5776,5776,5777,5775,5778,5778,5779,5777,6
2012-11-13 18:13:00,2012-11-13 18:14:00,5776,5780,5780,5776,5778,5782,5782,5778,6
2012-11-13 18:14:00,2012-11-13 18:15:00,5780,5780,5781,5779,5782,5782,5783,5781,6
2012-11-13 18:15:00,2012-11-13 18:17:00,5779,5781,5781,5779,5781,5783,5783,5781,2
2012-11-13 18:17:00,2012-11-13 18:19:00,5780,5780,5780,5779,5782,5782,5782,5781,2
2012-11-13 18:19:00,2012-11-13 18:20:00,5780,5779,5780,5779,5782,5781,5782,5781,1
2012-11-13 18:20:00,2012-11-13 18:22:00,5779,5779,5779,5778,5781,5781,5781,5780,6
2012-11-13 18:22:00,2012-11-13 18:23:00,5779,5777,5779,5777,5781,5779,5781,5779,6
2012-11-13 18:23:00,2012-11-13 18:24:00,5777,5778,5778,5777,5779,5780,5780,5779,1
2012-11-13 18:24:00,2012-11-13 18:25:00,5778,5777,5778,5777,5780,5779,5780,5779,5
2012-11-13 18:25:00,2012-11-13 18:26:00,5777,5776,5778,5776,5779,5778,5780,5778,7
2012-11-13 18:26:00,2012-11-13 18:27:00,5776,5777,5778,5776,5778,5779,5780,5778,9
2012-11-13 18:27:00,2012-11-13 18:28:00,5777,5778,5778,5776,5779,5780,5780,5778,3
2012-11-13 18:28:00,2012-11-13 18:29:00,5778,5777,5778,5777,5780,5779,5780,5779,3
2012-11-13 18:29:00,2012-11-13 18:31:00,5777,5776,5777,5776,5779,5778,5779,5778,5
2012-11-13 18:31:00,2012-11-13 18:32:00,5776,5777,5778,5775,5778,5779,5780,5777,5
2012-11-13 18:32:00,2012-11-13 18:33:00,5777,5779,5779,5777,5779,5781,5781,5779,8
2012-11-13 18:33:00,2012-11-13 18:35:00,5777,5776,5777,5775,5779,5778,5779,5777,5
2012-11-13 18:35:00,2012-11-13 18:36:00,5776,5777,5777,5776,5778,5779,5779,5778,3
2012-11-13 18:36:00,2012-11-13 18:37:00,5777,5776,5777,5774,5779,5778,5779,5776,5
2012-11-13 18:37:00,2012-11-13 18:38:00,5776,5774,5776,5774,5778,5776,5778,5776,6
2012-11-13 18:38:00,2012-11-13 18:40:00,5773,5775,5776,5773,5775,5777,5778,5775,6
2012-11-13 18:40:00,2012-11-13 18:41:00,5775,5776,5776,5773,5777,5778,5778,5775,7
2012-11-13 18:41:00,2012-11-13 18:45:00,5774,5774,5775,5774,5776,5776,5777,5776,2
2012-11-13 18:45:00,2012-11-13 18:46:00,5774,5773,5775,5773,5776,5775,5777,5775,7
2012-11-13 18:46:00,2012-11-13 18:47:00,5773,5775,5775,5773,5775,5777,5777,5775,6
2012-11-13 18:47:00,2012-11-13 18:48:00,5775,5773,5775,5772,5777,5775,5777,5774,4
2012-11-13 18:48:00,2012-11-13 18:49:00,5773,5773,5773,5771,5775,5775,5775,5773,4
2012-11-13 18:49:00,2012-11-13 18:50:00,5773,5774,5774,5773,5775,5776,5776,5775,3
2012-11-13 18:50:00,2012-11-13 18:51:00,5774,5776,5778,5772,5776,5778,5780,5774,12
2012-11-13 18:51:00,2012-11-13 18:52:00,5776,5777,5777,5776,5778,5779,5779,5778,11
2012-11-13 18:52:00,2012-11-13 18:53:00,5777,5777,5777,5776,5779,5779,5779,5778,2
2012-11-13 18:53:00,2012-11-13 18:54:00,5777,5776,5777,5775,5779,5778,5779,5777,3
2012-11-13 18:54:00,2012-11-13 18:55:00,5776,5775,5776,5775,5778,5777,5778,5777,7
2012-11-13 18:55:00,2012-11-13 18:56:00,5775,5776,5777,5775,5777,5778,5779,5777,5
2012-11-13 18:56:00,2012-11-13 18:58:00,5776,5778,5778,5776,5778,5780,5780,5778,4
2012-11-13 18:58:00,2012-11-13 18:59:00,5778,5778,5779,5778,5780,5780,5781,5780,6
2012-11-13 18:59:00,2012-11-13 19:00:00,5778,5779,5781,5778,5780,5781,5783,5780,11
2012-11-13 19:00:00,2012-11-13 19:01:00,5779,5780,5781,5779,5781,5782,5783,5781,3
2012-11-13 19:01:00,2012-11-13 19:02:00,5780,5778,5780,5777,5782,5780,5782,5779,8
2012-11-13 19:02:00,2012-11-13 19:04:00,5778,5779,5779,5778,5780,5781,5781,5780,5
2012-11-13 19:04:00,2012-11-13 19:05:00,5779,5779,5779,5778,5781,5781,5781,5780,4
2012-11-13 19:05:00,2012-11-13 19:06:00,5779,5778,5780,5777,5781,5780,5782,5779,7
2012-11-13 19:06:00,2012-11-13 19:07:00,5778,5777,5778,5776,5780,5779,5780,5778,7
2012-11-13 19:07:00,2012-11-13 19:08:00,5777,5779,5779,5776,5779,5781,5781,5778,8
2012-11-13 19:08:00,2012-11-13 19:09:00,5779,5779,5780,5779,5781,5781,5782,5781,8
2012-11-13 19:09:00,2012-11-13 19:10:00,5779,5779,5780,5779,5781,5781,5782,5781,6
2012-11-13 19:10:00,2012-11-13 19:11:00,5779,5780,5780,5779,5781,5782,5782,5781,7
2012-11-13 19:11:00,2012-11-13 19:12:00,5780,5781,5782,5780,5782,5783,5784,5782,11
2012-11-13 19:12:00,2012-11-13 19:14:00,5780,5779,5780,5778,5782,5781,5782,5780,5
2012-11-13 19:14:00,2012-11-13 19:15:00,5779,5780,5781,5778,5781,5782,5783,5780,15
2012-11-13 19:15:00,2012-11-13 19:16:00,5780,5782,5782,5780,5782,5784,5784,5782,8
2012-11-13 19:16:00,2012-11-13 19:17:00,5782,5781,5782,5780,5784,5783,5784,5782,7
2012-11-13 19:17:00,2012-11-13 19:18:00,5781,5780,5781,5780,5783,5782,5783,5782,3
2012-11-13 19:18:00,2012-11-13 19:19:00,5780,5781,5781,5780,5782,5783,5783,5782,1
2012-11-13 19:19:00,2012-11-13 19:20:00,5781,5781,5781,5779,5783,5783,5783,5781,8
2012-11-13 19:20:00,2012-11-13 19:21:00,5781,5780,5781,5779,5783,5782,5783,5781,7
2012-11-13 19:21:00,2012-11-13 19:22:00,5780,5781,5782,5779,5782,5783,5784,5781,7
2012-11-13 19:22:00,2012-11-13 19:23:00,5781,5779,5781,5779,5783,5781,5783,5781,4
2012-11-13 19:23:00,2012-11-13 19:25:00,5778,5779,5780,5778,5780,5781,5782,5780,3
2012-11-13 19:25:00,2012-11-13 19:26:00,5779,5779,5780,5779,5781,5781,5782,5781,2
2012-11-13 19:26:00,2012-11-13 19:27:00,5779,5779,5780,5779,5781,5781,5782,5781,4
2012-11-13 19:27:00,2012-11-13 19:28:00,5779,5779,5780,5778,5781,5781,5782,5780,10
2012-11-13 19:28:00,2012-11-13 19:29:00,5779,5780,5780,5779,5781,5782,5782,5781,1
2012-11-13 19:29:00,2012-11-13 19:30:00,5780,5779,5780,5779,5782,5781,5782,5781,5
2012-11-13 19:30:00,2012-11-13 19:31:00,5779,5779,5779,5778,5781,5781,5781,5780,2
2012-11-13 19:31:00,2012-11-13 19:32:00,5779,5777,5779,5777,5781,5779,5781,5779,2
2012-11-13 19:32:00,2012-11-13 19:33:00,5777,5778,5779,5776,5779,5780,5781,5778,7
2012-11-13 19:33:00,2012-11-13 19:34:00,5778,5779,5779,5778,5780,5781,5781,5780,3
2012-11-13 19:34:00,2012-11-13 19:35:00,5779,5778,5779,5777,5781,5780,5781,5779,5
2012-11-13 19:35:00,2012-11-13 19:36:00,5778,5775,5778,5775,5780,5777,5780,5777,7
2012-11-13 19:36:00,2012-11-13 19:37:00,5775,5776,5776,5774,5777,5778,5778,5776,3
2012-11-13 19:37:00,2012-11-13 19:38:00,5776,5776,5777,5775,5778,5778,5779,5777,4
2012-11-13 19:38:00,2012-11-13 19:39:00,5776,5776,5776,5774,5778,5778,5778,5776,8
2012-11-13 19:39:00,2012-11-13 19:40:00,5776,5776,5778,5776,5778,5778,5780,5778,8
2012-11-13 19:40:00,2012-11-13 19:41:00,5776,5776,5776,5775,5778,5778,5778,5777,4
2012-11-13 19:41:00,2012-11-13 19:43:00,5776,5775,5776,5775,5778,5777,5778,5777,5
2012-11-13 19:43:00,2012-11-13 19:44:00,5775,5775,5776,5775,5777,5777,5778,5777,4
2012-11-13 19:44:00,2012-11-13 19:46:00,5774,5773,5774,5771,5776,5775,5776,5773,13
2012-11-13 19:46:00,2012-11-13 19:47:00,5773,5774,5774,5772,5775,5776,5776,5774,5
2012-11-13 19:47:00,2012-11-13 19:49:00,5774,5774,5774,5773,5776,5776,5776,5775,2
2012-11-13 19:49:00,2012-11-13 19:51:00,5774,5774,5774,5773,5776,5776,5776,5775,4
2012-11-13 19:51:00,2012-11-13 19:52:00,5774,5774,5774,5772,5776,5776,5776,5774,6
2012-11-13 19:52:00,2012-11-13 19:53:00,5774,5773,5775,5772,5776,5775,5777,5774,5
2012-11-13 19:53:00,2012-11-13 19:55:00,5774,5775,5776,5774,5776,5777,5778,5776,5
2012-11-13 19:55:00,2012-11-13 19:56:00,5775,5774,5775,5773,5777,5776,5777,5775,5
2012-11-13 19:56:00,2012-11-13 19:58:00,5773,5774,5774,5773,5775,5776,5776,5775,1
2012-11-13 19:58:00,2012-11-13 19:59:00,5774,5773,5774,5773,5776,5775,5776,5775,1
2012-11-13 19:59:00,2012-11-13 20:00:00,5773,5774,5774,5773,5775,5776,5776,5775,5
2012-11-13 20:00:00,2012-11-13 20:01:00,5774,5774,5775,5773,5776,5776,5777,5775,8
2012-11-13 20:01:00,2012-11-13 20:02:00,5774,5773,5774,5772,5776,5775,5776,5774,3
2012-11-13 20:02:00,2012-11-13 20:03:00,5773,5772,5774,5772,5775,5774,5776,5774,9
2012-11-13 20:03:00,2012-11-13 20:04:00,5772,5773,5773,5772,5774,5775,5775,5774,1
2012-11-13 20:04:00,2012-11-13 20:05:00,5773,5772,5773,5772,5775,5774,5775,5774,3
2012-11-13 20:05:00,2012-11-13 20:06:00,5772,5772,5773,5772,5774,5774,5775,5774,2
2012-11-13 20:06:00,2012-11-13 20:08:00,5772,5771,5773,5770,5774,5773,5775,5772,7
2012-11-13 20:08:00,2012-11-13 20:09:00,5771,5770,5771,5770,5773,5772,5773,5772,1
2012-11-13 20:09:00,2012-11-13 20:10:00,5770,5770,5771,5770,5772,5772,5773,5772,10
2012-11-13 20:10:00,2012-11-13 20:11:00,5770,5769,5770,5769,5772,5771,5772,5771,1
2012-11-13 20:11:00,2012-11-13 20:12:00,5769,5768,5769,5768,5771,5770,5771,5770,1
2012-11-13 20:12:00,2012-11-13 20:13:00,5768,5768,5769,5767,5770,5770,5771,5769,4
2012-11-13 20:13:00,2012-11-13 20:14:00,5768,5768,5769,5768,5770,5770,5771,5770,2
2012-11-13 20:14:00,2012-11-13 20:15:00,5768,5768,5768,5767,5770,5770,5770,5769,2
2012-11-13 20:15:00,2012-11-13 20:16:00,5768,5767,5768,5766,5770,5769,5770,5768,11
2012-11-13 20:16:00,2012-11-13 20:17:00,5767,5766,5767,5766,5769,5768,5769,5768,3
2012-11-13 20:17:00,2012-11-13 20:18:00,5766,5765,5767,5764,5768,5767,5769,5766,9
2012-11-13 20:18:00,2012-11-13 20:19:00,5765,5765,5766,5765,5767,5767,5768,5767,2
2012-11-13 20:19:00,2012-11-13 20:20:00,5765,5764,5766,5764,5767,5766,5768,5766,7
2012-11-13 20:20:00,2012-11-13 20:21:00,5764,5764,5765,5764,5766,5766,5767,5766,8
2012-11-13 20:21:00,2012-11-13 20:22:00,5764,5759,5764,5759,5766,5761,5766,5761,17
2012-11-13 20:22:00,2012-11-13 20:23:00,5759,5758,5760,5758,5761,5760,5762,5760,15
2012-11-13 20:23:00,2012-11-13 20:24:00,5758,5758,5759,5756,5760,5760,5761,5758,14
2012-11-13 20:24:00,2012-11-13 20:25:00,5758,5758,5759,5758,5760,5760,5761,5760,6
2012-11-13 20:25:00,2012-11-13 20:27:00,5759,5761,5761,5758,5761,5763,5763,5760,12
2012-11-13 20:27:00,2012-11-13 20:28:00,5761,5760,5761,5760,5763,5762,5763,5762,5
2012-11-13 20:28:00,2012-11-13 20:29:00,5760,5759,5760,5758,5762,5761,5762,5760,9
2012-11-13 20:29:00,2012-11-13 20:30:00,5759,5759,5761,5758,5761,5761,5763,5760,9
2012-11-13 20:30:00,2012-11-13 20:31:00,5759,5761,5762,5759,5761,5763,5764,5761,10
2012-11-13 20:31:00,2012-11-13 20:32:00,5761,5761,5763,5761,5763,5763,5765,5763,12
2012-11-13 20:32:00,2012-11-13 20:33:00,5761,5761,5762,5761,5763,5763,5764,5763,2
2012-11-13 20:33:00,2012-11-13 20:34:00,5761,5761,5762,5760,5763,5763,5764,5762,6
2012-11-13 20:34:00,2012-11-13 20:35:00,5761,5759,5761,5759,5763,5761,5763,5761,2
2012-11-13 20:35:00,2012-11-13 20:38:00,5759,5758,5759,5757,5761,5760,5761,5759,3
2012-11-13 20:38:00,2012-11-13 20:40:00,5758,5756,5758,5756,5760,5758,5760,5758,4
2012-11-13 20:40:00,2012-11-13 20:41:00,5756,5755,5756,5755,5758,5757,5758,5757,7
2012-11-13 20:41:00,2012-11-13 20:42:00,5755,5755,5756,5754,5757,5757,5758,5756,16
2012-11-13 20:42:00,2012-11-13 20:43:00,5755,5755,5755,5754,5757,5757,5757,5756,8
2012-11-13 20:43:00,2012-11-13 20:45:00,5755,5755,5756,5753,5757,5757,5758,5755,10
2012-11-13 20:45:00,2012-11-13 20:46:00,5755,5758,5758,5755,5757,5760,5760,5757,9
2012-11-13 20:46:00,2012-11-13 20:47:00,5758,5757,5758,5757,5760,5759,5760,5759,13
2012-11-13 20:47:00,2012-11-13 20:48:00,5757,5758,5758,5757,5759,5760,5760,5759,17
2012-11-13 20:48:00,2012-11-13 20:50:00,5757,5757,5758,5757,5759,5759,5760,5759,8
2012-11-13 20:50:00,2012-11-13 20:51:00,5757,5756,5758,5756,5759,5758,5760,5758,11
2012-11-13 20:51:00,2012-11-13 20:52:00,5756,5756,5757,5755,5758,5759,5759,5757,4
2012-11-13 20:52:00,2012-11-13 20:53:00,5756,5753,5756,5753,5759,5755,5759,5755,2
2012-11-13 20:53:00,2012-11-13 20:54:00,5753,5754,5754,5753,5755,5756,5756,5755,9
2012-11-13 20:54:00,2012-11-13 20:55:00,5754,5752,5754,5752,5756,5754,5756,5754,6
2012-11-13 20:55:00,2012-11-13 20:56:00,5752,5753,5754,5752,5754,5755,5756,5754,9
2012-11-13 20:56:00,2012-11-13 20:57:00,5753,5755,5756,5753,5755,5757,5758,5755,4
2012-11-13 20:57:00,2012-11-14 08:00:00,5754,5762,5765,5754,5756,5764,5767,5756,27
2012-11-14 08:00:00,2012-11-14 08:01:00,5762,5761,5763,5761,5764,5763,5765,5763,17
2012-11-14 08:01:00,2012-11-14 08:02:00,5761,5758,5761,5758,5763,5760,5763,5760,19
2012-11-14 08:02:00,2012-11-14 08:03:00,5758,5760,5760,5756,5760,5762,5762,5758,12
2012-11-14 08:03:00,2012-11-14 08:04:00,5760,5758,5761,5756,5762,5760,5763,5758,14
2012-11-14 08:04:00,2012-11-14 08:05:00,5758,5762,5762,5758,5760,5763,5763,5759,18
2012-11-14 08:05:00,2012-11-14 08:06:00,5762,5764,5765,5761,5763,5765,5766,5762,16
2012-11-14 08:06:00,2012-11-14 08:07:00,5764,5763,5765,5763,5765,5764,5766,5764,9
2012-11-14 08:07:00,2012-11-14 08:08:00,5763,5764,5764,5762,5764,5765,5765,5763,8
2012-11-14 08:08:00,2012-11-14 08:09:00,5764,5761,5764,5760,5765,5762,5765,5761,11
2012-11-14 08:09:00,2012-11-14 08:10:00,5761,5760,5761,5759,5762,5761,5762,5760,7
2012-11-14 08:10:00,2012-11-14 08:11:00,5760,5758,5760,5757,5761,5759,5761,5758,10
2012-11-14 08:11:00,2012-11-14 08:12:00,5758,5756,5758,5754,5759,5757,5759,5755,14
2012-11-14 08:12:00,2012-11-14 08:14:00,5755,5754,5757,5754,5756,5755,5758,5755,5
2012-11-14 08:14:00,2012-11-14 08:15:00,5754,5752,5755,5751,5755,5753,5756,5752,20
2012-11-14 08:15:00,2012-11-14 08:17:00,5753,5754,5755,5753,5754,5755,5756,5754,11
2012-11-14 08:17:00,2012-11-14 08:18:00,5754,5753,5755,5753,5755,5754,5756,5754,3
2012-11-14 08:18:00,2012-11-14 08:19:00,5753,5753,5754,5752,5754,5754,5755,5753,8
2012-11-14 08:19:00,2012-11-14 08:20:00,5753,5755,5755,5753,5754,5756,5756,5754,6
2012-11-14 08:20:00,2012-11-14 08:21:00,5755,5754,5755,5753,5756,5755,5756,5754,11
2012-11-14 08:21:00,2012-11-14 08:22:00,5754,5752,5754,5752,5755,5753,5755,5753,4
2012-11-14 08:22:00,2012-11-14 08:23:00,5752,5756,5756,5751,5753,5757,5757,5752,8
2012-11-14 08:23:00,2012-11-14 08:25:00,5756,5754,5758,5753,5757,5755,5759,5754,14
2012-11-14 08:25:00,2012-11-14 08:26:00,5754,5754,5754,5753,5755,5755,5755,5754,2
2012-11-14 08:26:00,2012-11-14 08:27:00,5754,5757,5757,5754,5755,5758,5758,5755,7
2012-11-14 08:27:00,2012-11-14 08:29:00,5756,5760,5761,5756,5757,5761,5762,5757,20
2012-11-14 08:29:00,2012-11-14 08:30:00,5760,5762,5762,5759,5761,5763,5763,5760,10
2012-11-14 08:30:00,2012-11-14 08:31:00,5762,5760,5762,5760,5763,5761,5763,5761,6
2012-11-14 08:31:00,2012-11-14 08:33:00,5759,5759,5760,5758,5760,5760,5761,5759,4
2012-11-14 08:33:00,2012-11-14 08:34:00,5759,5754,5759,5754,5760,5755,5760,5755,7
2012-11-14 08:34:00,2012-11-14 08:35:00,5754,5755,5755,5753,5755,5756,5756,5754,15
2012-11-14 08:35:00,2012-11-14 08:36:00,5755,5755,5755,5754,5756,5756,5756,5755,8
2012-11-14 08:36:00,2012-11-14 08:37:00,5755,5760,5760,5755,5756,5761,5761,5756,7
2012-11-14 08:37:00,2012-11-14 08:38:00,5760,5763,5764,5759,5761,5764,5765,5760,9
2012-11-14 08:38:00,2012-11-14 08:39:00,5763,5763,5765,5763,5764,5764,5766,5764,14
2012-11-14 08:39:00,2012-11-14 08:40:00,5763,5760,5763,5759,5764,5761,5764,5760,15
2012-11-14 08:40:00,2012-11-14 08:41:00,5760,5759,5761,5758,5761,5760,5762,5759,9
2012-11-14 08:41:00,2012-11-14 08:42:00,5759,5759,5760,5758,5760,5760,5761,5759,6
2012-11-14 08:42:00,2012-11-14 08:43:00,5759,5755,5759,5755,5760,5756,5760,5756,16
2012-11-14 08:43:00,2012-11-14 08:44:00,5755,5755,5757,5755,5756,5756,5758,5756,4
2012-11-14 08:44:00,2012-11-14 08:45:00,5755,5757,5758,5755,5756,5758,5759,5756,10
2012-11-14 08:45:00,2012-11-14 08:46:00,5757,5758,5759,5756,5758,5759,5760,5757,13
2012-11-14 08:46:00,2012-11-14 08:47:00,5758,5758,5759,5757,5759,5759,5760,5758,10
2012-11-14 08:47:00,2012-11-14 08:48:00,5758,5756,5758,5755,5759,5757,5759,5756,8
2012-11-14 08:48:00,2012-11-14 08:49:00,5756,5755,5756,5755,5757,5756,5757,5756,7
2012-11-14 08:49:00,2012-11-14 08:51:00,5755,5756,5756,5754,5756,5757,5757,5755,11
2012-11-14 08:51:00,2012-11-14 08:52:00,5756,5757,5758,5755,5757,5758,5759,5756,15
2012-11-14 08:52:00,2012-11-14 08:53:00,5757,5754,5758,5754,5758,5755,5759,5755,7
2012-11-14 08:53:00,2012-11-14 08:54:00,5754,5751,5754,5751,5755,5752,5755,5752,5
2012-11-14 08:54:00,2012-11-14 08:55:00,5751,5751,5751,5749,5752,5752,5752,5750,4
2012-11-14 08:55:00,2012-11-14 08:57:00,5752,5751,5752,5750,5753,5752,5753,5751,7
2012-11-14 08:57:00,2012-11-14 09:00:00,5748,5751,5751,5747,5749,5752,5752,5748,17
2012-11-14 09:00:00,2012-11-14 09:01:00,5751,5756,5756,5751,5752,5757,5757,5752,19
2012-11-14 09:01:00,2012-11-14 09:02:00,5756,5758,5759,5756,5757,5759,5760,5757,16
2012-11-14 09:02:00,2012-11-14 09:03:00,5758,5756,5758,5756,5759,5757,5759,5757,8
2012-11-14 09:03:00,2012-11-14 09:04:00,5756,5754,5756,5754,5757,5755,5757,5755,10
2012-11-14 09:04:00,2012-11-14 09:08:00,5756,5753,5756,5753,5757,5754,5757,5754,11
2012-11-14 09:08:00,2012-11-14 09:13:00,5751,5754,5755,5751,5752,5755,5756,5752,15
2012-11-14 09:13:00,2012-11-14 09:14:00,5754,5755,5757,5754,5755,5756,5758,5755,16
2012-11-14 09:14:00,2012-11-14 09:15:00,5755,5760,5761,5755,5756,5761,5762,5756,19
2012-11-14 09:15:00,2012-11-14 09:16:00,5760,5758,5761,5758,5761,5759,5762,5759,8
2012-11-14 09:16:00,2012-11-14 09:17:00,5758,5756,5759,5756,5759,5757,5760,5757,10
2012-11-14 09:17:00,2012-11-14 09:18:00,5756,5755,5757,5755,5757,5756,5758,5756,5
2012-11-14 09:18:00,2012-11-14 09:19:00,5755,5755,5756,5755,5756,5756,5757,5756,4
2012-11-14 09:19:00,2012-11-14 09:20:00,5755,5756,5758,5755,5756,5757,5759,5756,15
2012-11-14 09:20:00,2012-11-14 09:22:00,5756,5758,5758,5756,5757,5759,5759,5757,8
2012-11-14 09:22:00,2012-11-14 09:23:00,5758,5759,5759,5758,5759,5760,5760,5759,5
2012-11-14 09:23:00,2012-11-14 09:24:00,5759,5757,5759,5756,5760,5758,5760,5757,10
2012-11-14 09:24:00,2012-11-14 09:25:00,5757,5757,5758,5756,5758,5758,5759,5757,4
2012-11-14 09:25:00,2012-11-14 09:26:00,5757,5756,5759,5756,5758,5757,5760,5757,9
2012-11-14 09:26:00,2012-11-14 09:27:00,5756,5758,5758,5755,5757,5759,5759,5756,4
2012-11-14 09:27:00,2012-11-14 09:28:00,5758,5758,5759,5757,5759,5759,5760,5758,8
2012-11-14 09:28:00,2012-11-14 09:29:00,5758,5759,5759,5758,5759,5760,5760,5759,1
2012-11-14 09:29:00,2012-11-14 09:30:00,5759,5758,5759,5758,5760,5759,5760,5759,5
2012-11-14 09:30:00,2012-11-14 09:31:00,5758,5758,5759,5758,5759,5759,5760,5759,2
2012-11-14 09:31:00,2012-11-14 09:32:00,5758,5761,5761,5757,5759,5762,5762,5758,13
2012-11-14 09:32:00,2012-11-14 09:33:00,5761,5759,5761,5759,5762,5760,5762,5760,4
2012-11-14 09:33:00,2012-11-14 09:34:00,5759,5759,5761,5758,5760,5760,5762,5759,6
2012-11-14 09:34:00,2012-11-14 09:35:00,5759,5759,5759,5758,5760,5760,5760,5759,2
2012-11-14 09:35:00,2012-11-14 09:36:00,5759,5758,5759,5758,5760,5759,5760,5759,3
2012-11-14 09:36:00,2012-11-14 09:37:00,5758,5759,5760,5757,5759,5760,5761,5758,5
2012-11-14 09:37:00,2012-11-14 09:38:00,5759,5761,5761,5758,5760,5762,5762,5759,8
2012-11-14 09:38:00,2012-11-14 09:39:00,5761,5761,5762,5761,5762,5762,5763,5762,8
2012-11-14 09:39:00,2012-11-14 09:40:00,5761,5761,5763,5761,5762,5762,5764,5762,8
2012-11-14 09:40:00,2012-11-14 09:41:00,5761,5762,5762,5761,5762,5763,5763,5762,3
2012-11-14 09:41:00,2012-11-14 09:42:00,5762,5762,5762,5761,5763,5763,5763,5762,4
2012-11-14 09:42:00,2012-11-14 09:43:00,5762,5765,5766,5762,5763,5766,5767,5763,11
2012-11-14 09:43:00,2012-11-14 09:44:00,5765,5767,5767,5764,5766,5768,5768,5765,18
2012-11-14 09:44:00,2012-11-14 09:45:00,5767,5765,5767,5765,5768,5766,5768,5766,8
2012-11-14 09:45:00,2012-11-14 09:46:00,5765,5764,5765,5764,5766,5765,5766,5765,7
2012-11-14 09:46:00,2012-11-14 09:47:00,5764,5765,5765,5763,5765,5766,5766,5764,9
2012-11-14 09:47:00,2012-11-14 09:48:00,5765,5764,5765,5764,5766,5765,5766,5765,5
2012-11-14 09:48:00,2012-11-14 09:49:00,5764,5763,5764,5763,5765,5764,5765,5764,5
2012-11-14 09:49:00,2012-11-14 09:50:00,5763,5763,5763,5761,5764,5764,5764,5762,4
2012-11-14 09:50:00,2012-11-14 09:51:00,5763,5763,5764,5762,5764,5764,5765,5763,10
2012-11-14 09:51:00,2012-11-14 09:52:00,5763,5765,5766,5763,5764,5766,5767,5764,6
2012-11-14 09:52:00,2012-11-14 09:53:00,5765,5767,5767,5765,5766,5768,5768,5766,10
2012-11-14 09:53:00,2012-11-14 09:54:00,5767,5767,5767,5766,5768,5768,5768,5767,16
2012-11-14 09:54:00,2012-11-14 09:55:00,5767,5764,5767,5764,5768,5765,5768,5765,11
2012-11-14 09:55:00,2012-11-14 09:56:00,5764,5762,5764,5760,5765,5763,5765,5761,14
2012-11-14 09:56:00,2012-11-14 09:57:00,5762,5762,5762,5761,5763,5763,5763,5762,8
2012-11-14 09:57:00,2012-11-14 09:58:00,5762,5761,5762,5760,5763,5762,5763,5761,5
2012-11-14 09:58:00,2012-11-14 09:59:00,5761,5761,5762,5761,5762,5762,5763,5762,2
2012-11-14 09:59:00,2012-11-14 10:00:00,5761,5761,5761,5760,5762,5762,5762,5761,6
2012-11-14 10:00:00,2012-11-14 10:01:00,5761,5760,5761,5760,5762,5761,5762,5761,1
2012-11-14 10:01:00,2012-11-14 10:02:00,5760,5759,5761,5759,5761,5760,5762,5760,3
2012-11-14 10:02:00,2012-11-14 10:03:00,5759,5761,5762,5759,5760,5762,5763,5760,12
2012-11-14 10:03:00,2012-11-14 10:05:00,5762,5761,5762,5760,5763,5762,5763,5761,3
2012-11-14 10:05:00,2012-11-14 10:06:00,5761,5760,5761,5759,5762,5761,5762,5760,3
2012-11-14 10:06:00,2012-11-14 10:07:00,5760,5759,5760,5758,5761,5760,5761,5759,7
2012-11-14 10:07:00,2012-11-14 10:08:00,5759,5758,5759,5757,5760,5759,5760,5758,11
2012-11-14 10:08:00,2012-11-14 10:09:00,5758,5758,5758,5757,5759,5759,5759,5758,10
2012-11-14 10:09:00,2012-11-14 10:10:00,5758,5757,5759,5757,5759,5758,5760,5758,9
2012-11-14 10:10:00,2012-11-14 10:12:00,5757,5753,5757,5753,5758,5754,5758,5754,16
2012-11-14 10:12:00,2012-11-14 10:13:00,5753,5754,5755,5753,5754,5755,5756,5754,15
2012-11-14 10:13:00,2012-11-14 10:14:00,5754,5755,5755,5754,5755,5756,5756,5755,9
2012-11-14 10:14:00,2012-11-14 10:16:00,5757,5756,5758,5756,5758,5757,5759,5757,7
2012-11-14 10:16:00,2012-11-14 10:17:00,5756,5756,5757,5755,5757,5757,5758,5756,18
2012-11-14 10:17:00,2012-11-14 10:18:00,5756,5758,5758,5756,5757,5759,5759,5757,16
2012-11-14 10:18:00,2012-11-14 10:19:00,5758,5757,5758,5757,5759,5758,5759,5758,7
2012-11-14 10:19:00,2012-11-14 10:20:00,5757,5755,5757,5755,5758,5756,5758,5756,8
2012-11-14 10:20:00,2012-11-14 10:22:00,5754,5755,5756,5754,5755,5756,5757,5755,11
2012-11-14 10:22:00,2012-11-14 10:24:00,5755,5755,5756,5754,5756,5756,5757,5755,14
2012-11-14 10:24:00,2012-11-14 10:25:00,5755,5756,5756,5754,5756,5757,5757,5755,13
2012-11-14 10:25:00,2012-11-14 10:27:00,5756,5755,5756,5754,5757,5756,5757,5755,11
2012-11-14 10:27:00,2012-11-14 10:28:00,5755,5750,5755,5749,5756,5751,5756,5750,19
2012-11-14 10:28:00,2012-11-14 10:29:00,5750,5752,5752,5750,5751,5753,5753,5751,8
2012-11-14 10:29:00,2012-11-14 10:30:00,5752,5754,5754,5751,5753,5755,5755,5752,16
2012-11-14 10:30:00,2012-11-14 10:31:00,5754,5755,5757,5754,5755,5756,5758,5755,11
2012-11-14 10:31:00,2012-11-14 10:33:00,5754,5752,5754,5750,5755,5753,5755,5751,18
2012-11-14 10:33:00,2012-11-14 10:34:00,5752,5753,5754,5752,5753,5754,5755,5753,9
2012-11-14 10:34:00,2012-11-14 10:37:00,5753,5753,5754,5752,5754,5754,5755,5753,14
2012-11-14 10:37:00,2012-11-14 10:39:00,5752,5756,5756,5752,5753,5757,5757,5753,8
2012-11-14 10:39:00,2012-11-14 10:40:00,5756,5756,5757,5755,5757,5757,5758,5756,6
2012-11-14 10:40:00,2012-11-14 10:41:00,5756,5756,5756,5755,5757,5757,5757,5756,6
2012-11-14 10:41:00,2012-11-14 10:42:00,5756,5757,5758,5756,5757,5758,5759,5757,5
2012-11-14 10:42:00,2012-11-14 10:43:00,5757,5761,5761,5757,5758,5762,5762,5758,6
2012-11-14 10:43:00,2012-11-14 10:45:00,5762,5763,5763,5761,5763,5764,5764,5762,15
2012-11-14 10:45:00,2012-11-14 10:46:00,5763,5761,5763,5761,5764,5762,5764,5762,10
2012-11-14 10:46:00,2012-11-14 10:47:00,5761,5764,5764,5761,5762,5765,5765,5762,5
2012-11-14 10:47:00,2012-11-14 10:48:00,5764,5765,5765,5764,5765,5766,5766,5765,3
2012-11-14 10:48:00,2012-11-14 10:49:00,5765,5762,5765,5762,5766,5763,5766,5763,9
2012-11-14 10:49:00,2012-11-14 10:50:00,5762,5759,5762,5759,5763,5760,5763,5760,3
2012-11-14 10:50:00,2012-11-14 10:51:00,5759,5756,5759,5756,5760,5757,5760,5757,7
2012-11-14 10:51:00,2012-11-14 10:52:00,5756,5757,5758,5756,5757,5758,5759,5757,7
2012-11-14 10:52:00,2012-11-14 10:53:00,5757,5757,5757,5756,5758,5758,5758,5757,2
2012-11-14 10:53:00,2012-11-14 10:54:00,5757,5754,5757,5754,5758,5755,5758,5755,5
2012-11-14 10:54:00,2012-11-14 10:55:00,5754,5751,5754,5751,5755,5752,5755,5752,3
2012-11-14 10:55:00,2012-11-14 10:57:00,5753,5755,5756,5753,5754,5756,5757,5754,6
2012-11-14 10:57:00,2012-11-14 10:58:00,5755,5755,5756,5754,5756,5756,5757,5755,4
2012-11-14 10:58:00,2012-11-14 10:59:00,5755,5752,5756,5752,5756,5753,5757,5753,9
2012-11-14 10:59:00,2012-11-14 11:00:00,5752,5751,5752,5751,5753,5752,5753,5752,9
2012-11-14 11:00:00,2012-11-14 11:01:00,5751,5749,5752,5748,5752,5750,5753,5749,14
2012-11-14 11:01:00,2012-11-14 11:02:00,5749,5750,5750,5748,5750,5751,5751,5749,13
2012-11-14 11:02:00,2012-11-14 11:03:00,5750,5749,5750,5748,5751,5750,5751,5749,17
2012-11-14 11:03:00,2012-11-14 11:04:00,5749,5747,5749,5746,5750,5748,5750,5747,14
2012-11-14 11:04:00,2012-11-14 11:05:00,5747,5747,5747,5746,5748,5748,5748,5747,2
2012-11-14 11:05:00,2012-11-14 11:09:00,5750,5751,5751,5749,5751,5752,5752,5750,9
2012-11-14 11:09:00,2012-11-14 11:10:00,5751,5750,5752,5750,5752,5751,5753,5751,13
2012-11-14 11:10:00,2012-11-14 11:12:00,5750,5750,5750,5748,5751,5751,5751,5749,10
2012-11-14 11:12:00,2012-11-14 11:13:00,5750,5751,5751,5750,5751,5752,5752,5751,9
2012-11-14 11:13:00,2012-11-14 11:14:00,5751,5751,5751,5750,5752,5752,5752,5751,2
2012-11-14 11:14:00,2012-11-14 11:16:00,5751,5751,5751,5750,5752,5752,5752,5751,8
2012-11-14 11:16:00,2012-11-14 11:17:00,5751,5750,5752,5749,5752,5751,5753,5750,17
2012-11-14 11:17:00,2012-11-14 11:22:00,5753,5753,5754,5752,5754,5754,5755,5753,6
2012-11-14 11:22:00,2012-11-14 11:23:00,5753,5757,5757,5753,5754,5758,5758,5754,18
2012-11-14 11:23:00,2012-11-14 11:24:00,5757,5756,5757,5756,5758,5757,5758,5757,9
2012-11-14 11:24:00,2012-11-14 11:25:00,5756,5753,5756,5752,5757,5754,5757,5753,9
2012-11-14 11:25:00,2012-11-14 11:26:00,5753,5753,5753,5751,5754,5754,5754,5752,8
2012-11-14 11:26:00,2012-11-14 11:27:00,5753,5754,5754,5753,5754,5755,5755,5754,5
2012-11-14 11:27:00,2012-11-14 11:28:00,5754,5753,5754,5753,5755,5754,5755,5754,3
2012-11-14 11:28:00,2012-11-14 11:29:00,5753,5754,5754,5753,5754,5755,5755,5754,1
2012-11-14 11:29:00,2012-11-14 11:33:00,5750,5751,5751,5750,5751,5752,5752,5751,5
2012-11-14 11:33:00,2012-11-14 11:34:00,5751,5752,5752,5749,5752,5753,5753,5750,7
2012-11-14 11:34:00,2012-11-14 11:35:00,5752,5751,5752,5751,5753,5752,5753,5752,3
2012-11-14 11:35:00,2012-11-14 11:40:00,5751,5751,5752,5751,5752,5752,5753,5752,4
2012-11-14 11:40:00,2012-11-14 11:43:00,5750,5750,5751,5750,5751,5751,5752,5751,12
2012-11-14 11:43:00,2012-11-14 11:44:00,5750,5749,5750,5749,5751,5750,5751,5750,3
2012-11-14 11:44:00,2012-11-14 11:46:00,5749,5748,5749,5747,5750,5749,5750,5748,3
2012-11-14 11:46:00,2012-11-14 11:48:00,5748,5749,5749,5748,5749,5750,5750,5749,3
2012-11-14 11:48:00,2012-11-14 11:49:00,5749,5748,5749,5748,5750,5749,5750,5749,3
2012-11-14 11:49:00,2012-11-14 11:50:00,5748,5748,5749,5747,5749,5749,5750,5748,4
2012-11-14 11:50:00,2012-11-14 11:51:00,5748,5749,5749,5748,5749,5750,5750,5749,5
2012-11-14 11:51:00,2012-11-14 11:52:00,5749,5749,5749,5748,5750,5750,5750,5749,6
2012-11-14 11:52:00,2012-11-14 11:53:00,5749,5747,5749,5747,5750,5748,5750,5748,2
2012-11-14 11:53:00,2012-11-14 11:54:00,5747,5750,5750,5747,5748,5751,5751,5748,11
2012-11-14 11:54:00,2012-11-14 11:56:00,5750,5750,5751,5749,5751,5751,5752,5750,8
2012-11-14 11:56:00,2012-11-14 11:57:00,5750,5754,5754,5750,5751,5755,5755,5751,6
2012-11-14 11:57:00,2012-11-14 11:58:00,5754,5754,5756,5754,5755,5755,5757,5755,4
2012-11-14 11:58:00,2012-11-14 12:01:00,5754,5755,5755,5754,5755,5756,5756,5755,1
2012-11-14 12:01:00,2012-11-14 12:02:00,5755,5756,5756,5755,5756,5757,5757,5756,1
2012-11-14 12:02:00,2012-11-14 12:03:00,5756,5755,5757,5755,5757,5756,5758,5756,7
2012-11-14 12:03:00,2012-11-14 12:04:00,5755,5756,5756,5755,5756,5757,5757,5756,3
2012-11-14 12:04:00,2012-11-14 12:05:00,5756,5753,5756,5753,5757,5754,5757,5754,9
2012-11-14 12:05:00,2012-11-14 12:06:00,5753,5755,5755,5752,5754,5756,5756,5753,8
2012-11-14 12:06:00,2012-11-14 12:08:00,5754,5755,5755,5754,5755,5756,5756,5755,5
2012-11-14 12:08:00,2012-11-14 12:10:00,5754,5755,5756,5754,5755,5756,5757,5755,3
2012-11-14 12:10:00,2012-11-14 12:13:00,5755,5754,5755,5754,5756,5755,5756,5755,5
2012-11-14 12:13:00,2012-11-14 12:14:00,5754,5755,5755,5754,5755,5756,5756,5755,3
2012-11-14 12:14:00,2012-11-14 12:17:00,5756,5756,5757,5756,5757,5757,5758,5757,6
2012-11-14 12:17:00,2012-11-14 12:21:00,5755,5755,5756,5754,5756,5756,5757,5755,8
2012-11-14 12:21:00,2012-11-14 12:22:00,5755,5754,5755,5753,5756,5755,5756,5754,9
2012-11-14 12:22:00,2012-11-14 12:23:00,5754,5753,5755,5753,5755,5754,5756,5754,7
2012-11-14 12:23:00,2012-11-14 12:24:00,5753,5752,5753,5751,5754,5753,5754,5752,11
2012-11-14 12:24:00,2012-11-14 12:25:00,5752,5754,5754,5751,5753,5755,5755,5752,4
2012-11-14 12:25:00,2012-11-14 12:26:00,5754,5753,5754,5753,5755,5754,5755,5754,7
2012-11-14 12:26:00,2012-11-14 12:28:00,5752,5751,5752,5748,5753,5752,5753,5749,9
2012-11-14 12:28:00,2012-11-14 12:31:00,5750,5749,5750,5748,5751,5750,5751,5749,5
2012-11-14 12:31:00,2012-11-14 12:33:00,5749,5752,5752,5749,5750,5753,5753,5750,5
2012-11-14 12:33:00,2012-11-14 12:34:00,5752,5752,5752,5751,5753,5753,5753,5752,4
2012-11-14 12:34:00,2012-11-14 12:35:00,5752,5751,5752,5750,5753,5752,5753,5751,5
2012-11-14 12:35:00,2012-11-14 12:36:00,5751,5755,5755,5751,5752,5756,5756,5752,10
2012-11-14 12:36:00,2012-11-14 12:37:00,5755,5753,5755,5753,5756,5754,5756,5754,12
2012-11-14 12:37:00,2012-11-14 12:40:00,5752,5751,5753,5751,5753,5752,5754,5752,5
2012-11-14 12:40:00,2012-11-14 12:41:00,5751,5752,5753,5751,5752,5753,5754,5752,7
2012-11-14 12:41:00,2012-11-14 12:42:00,5752,5752,5754,5752,5753,5753,5755,5753,6
2012-11-14 12:42:00,2012-11-14 12:43:00,5752,5754,5755,5752,5753,5755,5756,5753,8
2012-11-14 12:43:00,2012-11-14 12:44:00,5754,5753,5754,5753,5755,5754,5755,5754,5
2012-11-14 12:44:00,2012-11-14 12:46:00,5750,5749,5750,5749,5751,5750,5751,5750,5
2012-11-14 12:46:00,2012-11-14 12:47:00,5749,5748,5750,5748,5750,5749,5751,5749,7
2012-11-14 12:47:00,2012-11-14 12:48:00,5748,5748,5748,5747,5749,5749,5749,5748,2
2012-11-14 12:48:00,2012-11-14 12:49:00,5748,5748,5749,5748,5749,5749,5750,5749,4
2012-11-14 12:49:00,2012-11-14 12:50:00,5748,5745,5748,5745,5749,5746,5749,5746,13
2012-11-14 12:50:00,2012-11-14 12:51:00,5745,5745,5746,5744,5746,5746,5747,5745,10
2012-11-14 12:51:00,2012-11-14 12:52:00,5745,5746,5747,5745,5746,5747,5748,5746,5
2012-11-14 12:52:00,2012-11-14 12:55:00,5746,5744,5746,5744,5747,5745,5747,5745,6
2012-11-14 12:55:00,2012-11-14 12:56:00,5744,5745,5745,5744,5745,5746,5746,5745,3
2012-11-14 12:56:00,2012-11-14 12:58:00,5747,5747,5748,5747,5748,5748,5749,5748,4
2012-11-14 12:58:00,2012-11-14 12:59:00,5747,5744,5748,5744,5748,5745,5749,5745,5
2012-11-14 12:59:00,2012-11-14 13:00:00,5744,5745,5746,5744,5745,5746,5747,5745,15
2012-11-14 13:00:00,2012-11-14 13:02:00,5745,5745,5746,5744,5746,5746,5747,5745,8
2012-11-14 13:02:00,2012-11-14 13:04:00,5744,5744,5745,5744,5745,5745,5746,5745,8
2012-11-14 13:04:00,2012-11-14 13:05:00,5744,5744,5747,5744,5745,5745,5748,5745,10
2012-11-14 13:05:00,2012-11-14 13:07:00,5745,5746,5747,5745,5746,5747,5748,5746,7
2012-11-14 13:07:00,2012-11-14 13:09:00,5747,5745,5747,5745,5748,5746,5748,5746,6
2012-11-14 13:09:00,2012-11-14 13:10:00,5745,5744,5745,5744,5746,5745,5746,5745,5
2012-11-14 13:10:00,2012-11-14 13:11:00,5744,5745,5746,5744,5745,5746,5747,5745,5
2012-11-14 13:11:00,2012-11-14 13:16:00,5744,5746,5746,5743,5745,5747,5747,5744,4
2012-11-14 13:16:00,2012-11-14 13:17:00,5746,5749,5750,5745,5747,5750,5751,5746,19
2012-11-14 13:17:00,2012-11-14 13:20:00,5751,5754,5755,5751,5752,5755,5756,5752,17
2012-11-14 13:20:00,2012-11-14 13:21:00,5754,5756,5756,5754,5755,5757,5757,5755,6
2012-11-14 13:21:00,2012-11-14 13:22:00,5756,5755,5756,5755,5757,5756,5757,5756,5
2012-11-14 13:22:00,2012-11-14 13:23:00,5755,5756,5757,5755,5756,5757,5758,5756,11
2012-11-14 13:23:00,2012-11-14 13:25:00,5757,5754,5757,5754,5758,5755,5758,5755,7
2012-11-14 13:25:00,2012-11-14 13:26:00,5754,5758,5758,5754,5755,5759,5759,5755,8
2012-11-14 13:26:00,2012-11-14 13:27:00,5758,5759,5760,5758,5759,5760,5761,5759,15
2012-11-14 13:27:00,2012-11-14 13:28:00,5759,5756,5759,5756,5760,5757,5760,5757,17
2012-11-14 13:28:00,2012-11-14 13:29:00,5756,5757,5757,5756,5757,5758,5758,5757,7
2012-11-14 13:29:00,2012-11-14 13:30:00,5757,5754,5757,5753,5758,5755,5758,5754,38
2012-11-14 13:30:00,2012-11-14 13:31:00,5754,5754,5755,5753,5755,5755,5756,5754,22
2012-11-14 13:31:00,2012-11-14 13:32:00,5754,5754,5755,5754,5755,5755,5756,5755,16
2012-11-14 13:32:00,2012-11-14 13:33:00,5754,5753,5755,5752,5755,5754,5756,5753,9
2012-11-14 13:33:00,2012-11-14 13:34:00,5753,5750,5753,5750,5754,5751,5754,5751,7
2012-11-14 13:34:00,2012-11-14 13:35:00,5750,5753,5754,5750,5751,5754,5755,5751,9
2012-11-14 13:35:00,2012-11-14 13:36:00,5753,5750,5753,5750,5754,5751,5754,5751,5
2012-11-14 13:36:00,2012-11-14 13:37:00,5750,5751,5753,5750,5751,5752,5754,5751,25
2012-11-14 13:37:00,2012-11-14 13:38:00,5751,5751,5752,5749,5752,5752,5753,5750,26
2012-11-14 13:38:00,2012-11-14 13:39:00,5751,5748,5751,5748,5752,5749,5752,5749,25
2012-11-14 13:39:00,2012-11-14 13:40:00,5748,5747,5749,5747,5749,5748,5750,5748,7
2012-11-14 13:40:00,2012-11-14 13:42:00,5746,5749,5749,5745,5747,5750,5750,5746,5
2012-11-14 13:42:00,2012-11-14 13:43:00,5749,5748,5750,5746,5750,5749,5751,5747,17
2012-11-14 13:43:00,2012-11-14 13:44:00,5748,5748,5748,5746,5749,5749,5749,5747,8
2012-11-14 13:44:00,2012-11-14 13:45:00,5748,5747,5748,5747,5749,5748,5749,5748,5
2012-11-14 13:45:00,2012-11-14 13:47:00,5748,5750,5750,5748,5749,5751,5751,5749,10
2012-11-14 13:47:00,2012-11-14 13:48:00,5750,5750,5752,5749,5751,5751,5753,5750,8
2012-11-14 13:48:00,2012-11-14 13:50:00,5750,5751,5751,5750,5751,5752,5752,5751,1
2012-11-14 13:50:00,2012-11-14 13:51:00,5751,5750,5751,5750,5752,5751,5752,5751,3
2012-11-14 13:51:00,2012-11-14 13:53:00,5749,5750,5750,5749,5750,5751,5751,5750,7
2012-11-14 13:53:00,2012-11-14 13:56:00,5751,5749,5752,5749,5752,5750,5753,5750,4
2012-11-14 13:56:00,2012-11-14 13:57:00,5749,5751,5751,5749,5750,5752,5752,5750,4
2012-11-14 13:57:00,2012-11-14 13:58:00,5751,5749,5751,5749,5752,5750,5752,5750,10
2012-11-14 13:58:00,2012-11-14 13:59:00,5749,5750,5750,5749,5750,5751,5751,5750,5
2012-11-14 13:59:00,2012-11-14 14:00:00,5750,5749,5750,5746,5751,5750,5751,5747,7
2012-11-14 14:00:00,2012-11-14 14:01:00,5749,5749,5750,5748,5750,5750,5751,5749,8
2012-11-14 14:01:00,2012-11-14 14:02:00,5749,5750,5751,5749,5750,5751,5752,5750,3
2012-11-14 14:02:00,2012-11-14 14:03:00,5750,5750,5750,5749,5751,5751,5751,5750,2
2012-11-14 14:03:00,2012-11-14 14:04:00,5750,5750,5751,5749,5751,5751,5752,5750,16
2012-11-14 14:04:00,2012-11-14 14:07:00,5752,5750,5752,5749,5753,5751,5753,5750,4
2012-11-14 14:07:00,2012-11-14 14:09:00,5750,5754,5754,5750,5751,5755,5755,5751,4
2012-11-14 14:09:00,2012-11-14 14:10:00,5754,5756,5756,5753,5755,5757,5757,5754,6
2012-11-14 14:10:00,2012-11-14 14:11:00,5756,5756,5757,5755,5757,5757,5758,5756,4
2012-11-14 14:11:00,2012-11-14 14:12:00,5756,5757,5757,5756,5757,5758,5758,5757,9
2012-11-14 14:12:00,2012-11-14 14:14:00,5757,5756,5757,5756,5758,5757,5758,5757,1
2012-11-14 14:14:00,2012-11-14 14:15:00,5756,5756,5757,5756,5757,5757,5758,5757,8
2012-11-14 14:15:00,2012-11-14 14:16:00,5756,5754,5756,5754,5757,5755,5757,5755,16
2012-11-14 14:16:00,2012-11-14 14:17:00,5754,5752,5755,5752,5755,5753,5756,5753,10
2012-11-14 14:17:00,2012-11-14 14:18:00,5752,5753,5754,5752,5753,5754,5755,5753,5
2012-11-14 14:18:00,2012-11-14 14:19:00,5753,5754,5755,5752,5754,5755,5756,5753,7
2012-11-14 14:19:00,2012-11-14 14:20:00,5754,5754,5755,5753,5755,5755,5756,5754,10
2012-11-14 14:20:00,2012-11-14 14:21:00,5754,5757,5757,5754,5755,5758,5758,5755,9
2012-11-14 14:21:00,2012-11-14 14:22:00,5757,5757,5759,5756,5758,5758,5760,5757,10
2012-11-14 14:22:00,2012-11-14 14:23:00,5757,5755,5757,5755,5758,5756,5758,5756,12
2012-11-14 14:23:00,2012-11-14 14:24:00,5755,5755,5757,5754,5756,5756,5758,5755,14
2012-11-14 14:24:00,2012-11-14 14:26:00,5754,5757,5757,5754,5755,5758,5758,5755,15
2012-11-14 14:26:00,2012-11-14 14:27:00,5757,5755,5757,5755,5758,5756,5758,5756,10
2012-11-14 14:27:00,2012-11-14 14:28:00,5755,5755,5756,5754,5756,5756,5757,5755,18
2012-11-14 14:28:00,2012-11-14 14:29:00,5755,5754,5756,5754,5756,5755,5757,5755,7
2012-11-14 14:29:00,2012-11-14 14:30:00,5754,5752,5754,5750,5755,5753,5755,5751,10
2012-11-14 14:30:00,2012-11-14 14:31:00,5752,5756,5756,5750,5753,5757,5757,5751,16
2012-11-14 14:31:00,2012-11-14 14:32:00,5756,5755,5756,5754,5757,5756,5757,5755,13
2012-11-14 14:32:00,2012-11-14 14:33:00,5755,5757,5757,5753,5756,5758,5758,5754,30
2012-11-14 14:33:00,2012-11-14 14:34:00,5757,5753,5757,5753,5758,5754,5758,5754,22
2012-11-14 14:34:00,2012-11-14 14:35:00,5753,5750,5754,5750,5754,5751,5755,5751,11
2012-11-14 14:35:00,2012-11-14 14:36:00,5750,5749,5752,5749,5751,5750,5753,5750,33
2012-11-14 14:36:00,2012-11-14 14:37:00,5749,5752,5752,5749,5750,5753,5753,5750,29
2012-11-14 14:37:00,2012-11-14 14:38:00,5752,5749,5753,5749,5753,5750,5754,5750,15
2012-11-14 14:38:00,2012-11-14 14:40:00,5750,5746,5750,5745,5751,5747,5751,5746,34
2012-11-14 14:40:00,2012-11-14 14:41:00,5746,5744,5746,5744,5747,5745,5747,5745,8
2012-11-14 14:41:00,2012-11-14 14:42:00,5744,5746,5747,5744,5745,5747,5748,5745,18
2012-11-14 14:42:00,2012-11-14 14:43:00,5746,5747,5749,5746,5747,5748,5750,5747,19
2012-11-14 14:43:00,2012-11-14 14:44:00,5747,5749,5749,5746,5748,5750,5750,5747,16
2012-11-14 14:44:00,2012-11-14 14:46:00,5751,5749,5751,5748,5752,5750,5752,5749,18
2012-11-14 14:46:00,2012-11-14 14:47:00,5749,5749,5750,5748,5750,5750,5751,5749,24
2012-11-14 14:47:00,2012-11-14 14:48:00,5749,5749,5751,5748,5750,5750,5752,5749,14
2012-11-14 14:48:00,2012-11-14 14:49:00,5749,5749,5751,5749,5750,5750,5752,5750,10
2012-11-14 14:49:00,2012-11-14 14:50:00,5749,5746,5749,5745,5750,5747,5750,5746,15
2012-11-14 14:50:00,2012-11-14 14:51:00,5746,5746,5747,5744,5747,5747,5748,5745,16
2012-11-14 14:51:00,2012-11-14 14:52:00,5746,5748,5749,5746,5747,5749,5750,5747,12
2012-11-14 14:52:00,2012-11-14 14:53:00,5748,5746,5749,5745,5749,5747,5750,5746,12
2012-11-14 14:53:00,2012-11-14 14:54:00,5746,5747,5748,5746,5747,5748,5749,5747,7
2012-11-14 14:54:00,2012-11-14 14:55:00,5747,5742,5748,5741,5748,5743,5749,5742,21
2012-11-14 14:55:00,2012-11-14 14:56:00,5742,5746,5746,5742,5743,5747,5747,5743,12
2012-11-14 14:56:00,2012-11-14 14:57:00,5746,5742,5746,5742,5747,5743,5747,5743,16
2012-11-14 14:57:00,2012-11-14 14:58:00,5742,5744,5745,5739,5743,5745,5746,5740,24
2012-11-14 14:58:00,2012-11-14 14:59:00,5744,5746,5747,5744,5745,5747,5748,5745,11
2012-11-14 14:59:00,2012-11-14 15:00:00,5746,5744,5746,5743,5747,5745,5747,5744,16
2012-11-14 15:00:00,2012-11-14 15:01:00,5744,5746,5747,5744,5745,5747,5748,5745,16
2012-11-14 15:01:00,2012-11-14 15:02:00,5746,5745,5746,5744,5747,5746,5747,5745,27
2012-11-14 15:02:00,2012-11-14 15:03:00,5745,5746,5747,5745,5746,5747,5748,5746,15
2012-11-14 15:03:00,2012-11-14 15:04:00,5746,5745,5747,5744,5747,5746,5748,5745,11
2012-11-14 15:04:00,2012-11-14 15:05:00,5745,5744,5747,5744,5746,5745,5748,5745,19
2012-11-14 15:05:00,2012-11-14 15:06:00,5744,5744,5746,5742,5745,5745,5747,5743,24
2012-11-14 15:06:00,2012-11-14 15:07:00,5744,5746,5748,5744,5745,5747,5749,5745,14
2012-11-14 15:07:00,2012-11-14 15:08:00,5746,5748,5749,5745,5747,5749,5750,5746,22
2012-11-14 15:08:00,2012-11-14 15:09:00,5748,5748,5749,5747,5749,5749,5750,5748,16
2012-11-14 15:09:00,2012-11-14 15:10:00,5748,5747,5749,5747,5749,5748,5750,5748,13
2012-11-14 15:10:00,2012-11-14 15:11:00,5747,5749,5750,5747,5748,5750,5751,5748,20
2012-11-14 15:11:00,2012-11-14 15:12:00,5749,5744,5749,5744,5750,5745,5750,5745,11
2012-11-14 15:12:00,2012-11-14 15:14:00,5745,5743,5745,5742,5746,5744,5746,5743,24
2012-11-14 15:14:00,2012-11-14 15:15:00,5743,5743,5745,5742,5744,5744,5746,5743,24
2012-11-14 15:15:00,2012-11-14 15:17:00,5743,5742,5744,5742,5744,5743,5745,5743,13
2012-11-14 15:17:00,2012-11-14 15:18:00,5742,5739,5742,5737,5743,5740,5743,5738,31
2012-11-14 15:18:00,2012-11-14 15:19:00,5739,5741,5742,5738,5740,5742,5743,5739,20
2012-11-14 15:19:00,2012-11-14 15:20:00,5741,5742,5742,5740,5742,5743,5743,5741,11
2012-11-14 15:20:00,2012-11-14 15:21:00,5742,5737,5742,5736,5743,5738,5743,5737,25
2012-11-14 15:21:00,2012-11-14 15:22:00,5737,5740,5740,5736,5738,5741,5741,5737,41
2012-11-14 15:22:00,2012-11-14 15:23:00,5740,5739,5740,5738,5741,5740,5741,5739,23
2012-11-14 15:23:00,2012-11-14 15:24:00,5739,5741,5742,5739,5740,5742,5743,5740,32
2012-11-14 15:24:00,2012-11-14 15:25:00,5741,5736,5742,5736,5742,5737,5743,5737,17
2012-11-14 15:25:00,2012-11-14 15:26:00,5736,5738,5741,5736,5737,5739,5742,5737,18
2012-11-14 15:26:00,2012-11-14 15:27:00,5738,5739,5740,5737,5739,5740,5741,5738,11
2012-11-14 15:27:00,2012-11-14 15:28:00,5739,5739,5739,5736,5740,5740,5740,5737,12
2012-11-14 15:28:00,2012-11-14 15:29:00,5739,5736,5739,5736,5740,5737,5740,5737,29
2012-11-14 15:29:00,2012-11-14 15:30:00,5736,5732,5736,5732,5737,5733,5737,5733,16
2012-11-14 15:30:00,2012-11-14 15:31:00,5732,5732,5733,5730,5733,5733,5734,5731,22
2012-11-14 15:31:00,2012-11-14 15:32:00,5732,5733,5733,5731,5733,5734,5734,5732,17
2012-11-14 15:32:00,2012-11-14 15:33:00,5733,5735,5736,5733,5734,5736,5737,5734,22
2012-11-14 15:33:00,2012-11-14 15:34:00,5735,5735,5735,5734,5736,5736,5736,5735,2
2012-11-14 15:34:00,2012-11-14 15:35:00,5735,5733,5735,5732,5736,5734,5736,5733,12
2012-11-14 15:35:00,2012-11-14 15:36:00,5733,5732,5734,5731,5734,5733,5735,5732,15
2012-11-14 15:36:00,2012-11-14 15:37:00,5732,5731,5732,5730,5733,5732,5733,5731,23
2012-11-14 15:37:00,2012-11-14 15:38:00,5731,5733,5733,5731,5732,5734,5734,5732,2
2012-11-14 15:38:00,2012-11-14 15:39:00,5733,5735,5736,5733,5734,5736,5737,5734,16
2012-11-14 15:39:00,2012-11-14 15:40:00,5735,5733,5736,5733,5736,5734,5737,5734,16
2012-11-14 15:40:00,2012-11-14 15:41:00,5733,5734,5735,5733,5734,5735,5736,5734,5
2012-11-14 15:41:00,2012-11-14 15:42:00,5734,5732,5735,5732,5735,5733,5736,5733,28
2012-11-14 15:42:00,2012-11-14 15:43:00,5732,5731,5732,5728,5733,5732,5733,5729,19
2012-11-14 15:43:00,2012-11-14 15:44:00,5731,5730,5732,5728,5732,5731,5733,5729,53
2012-11-14 15:44:00,2012-11-14 15:45:00,5730,5725,5730,5725,5731,5726,5731,5726,13
2012-11-14 15:45:00,2012-11-14 15:46:00,5725,5724,5726,5724,5726,5725,5727,5725,13
2012-11-14 15:46:00,2012-11-14 15:47:00,5724,5726,5727,5723,5725,5727,5728,5724,22
2012-11-14 15:47:00,2012-11-14 15:48:00,5726,5727,5729,5726,5727,5728,5730,5727,43
2012-11-14 15:48:00,2012-11-14 15:49:00,5727,5725,5727,5722,5728,5726,5728,5723,28
2012-11-14 15:49:00,2012-11-14 15:51:00,5727,5728,5728,5725,5728,5729,5729,5726,15
2012-11-14 15:51:00,2012-11-14 15:52:00,5728,5724,5728,5724,5729,5725,5729,5725,30
2012-11-14 15:52:00,2012-11-14 15:53:00,5724,5725,5725,5723,5725,5726,5726,5724,21
2012-11-14 15:53:00,2012-11-14 15:54:00,5725,5721,5725,5721,5726,5722,5726,5722,16
2012-11-14 15:54:00,2012-11-14 15:55:00,5721,5723,5723,5719,5722,5724,5724,5720,34
2012-11-14 15:55:00,2012-11-14 15:56:00,5723,5718,5723,5718,5724,5719,5724,5719,13
2012-11-14 15:56:00,2012-11-14 15:57:00,5718,5718,5719,5717,5719,5719,5720,5718,12
2012-11-14 15:57:00,2012-11-14 15:58:00,5718,5718,5719,5717,5719,5719,5720,5718,20
2012-11-14 15:58:00,2012-11-14 15:59:00,5718,5722,5722,5718,5719,5723,5723,5719,14
2012-11-14 15:59:00,2012-11-14 16:00:00,5722,5722,5723,5721,5723,5723,5724,5722,13
2012-11-14 16:00:00,2012-11-14 16:01:00,5722,5722,5723,5722,5723,5723,5724,5723,10
2012-11-14 16:01:00,2012-11-14 16:02:00,5722,5723,5723,5721,5723,5724,5724,5722,7
2012-11-14 16:02:00,2012-11-14 16:04:00,5723,5720,5723,5719,5724,5721,5724,5720,11
2012-11-14 16:04:00,2012-11-14 16:05:00,5720,5722,5723,5720,5721,5723,5724,5721,20
2012-11-14 16:05:00,2012-11-14 16:06:00,5722,5725,5726,5722,5723,5726,5727,5723,7
2012-11-14 16:06:00,2012-11-14 16:07:00,5725,5726,5727,5725,5726,5727,5728,5726,9
2012-11-14 16:07:00,2012-11-14 16:08:00,5726,5727,5727,5726,5727,5728,5728,5727,9
2012-11-14 16:08:00,2012-11-14 16:10:00,5727,5726,5727,5725,5728,5727,5728,5726,21
2012-11-14 16:10:00,2012-11-14 16:11:00,5726,5727,5727,5725,5727,5728,5728,5726,5
2012-11-14 16:11:00,2012-11-14 16:13:00,5725,5727,5727,5724,5726,5728,5728,5725,10
2012-11-14 16:13:00,2012-11-14 16:14:00,5727,5728,5729,5727,5728,5729,5730,5728,7
2012-11-14 16:14:00,2012-11-14 16:15:00,5728,5728,5728,5727,5729,5729,5729,5728,2
2012-11-14 16:15:00,2012-11-14 16:16:00,5728,5729,5729,5727,5729,5730,5730,5728,7
2012-11-14 16:16:00,2012-11-14 16:17:00,5729,5729,5731,5729,5730,5730,5732,5730,12
2012-11-14 16:17:00,2012-11-14 16:18:00,5729,5731,5732,5729,5730,5732,5733,5730,12
2012-11-14 16:18:00,2012-11-14 16:19:00,5731,5731,5732,5730,5732,5732,5733,5731,14
2012-11-14 16:19:00,2012-11-14 16:20:00,5731,5731,5731,5730,5732,5732,5732,5731,24
2012-11-14 16:20:00,2012-11-14 16:21:00,5731,5730,5731,5729,5732,5731,5732,5730,15
2012-11-14 16:21:00,2012-11-14 16:22:00,5730,5730,5731,5730,5731,5731,5732,5731,14
2012-11-14 16:22:00,2012-11-14 16:23:00,5730,5734,5734,5730,5731,5735,5735,5731,4
2012-11-14 16:23:00,2012-11-14 16:24:00,5734,5734,5735,5733,5735,5735,5736,5734,6
2012-11-14 16:24:00,2012-11-14 16:25:00,5734,5738,5738,5733,5735,5739,5739,5734,14
2012-11-14 16:25:00,2012-11-14 16:26:00,5738,5738,5739,5736,5739,5739,5740,5737,20
2012-11-14 16:26:00,2012-11-14 16:27:00,5738,5737,5738,5736,5739,5738,5739,5737,13
2012-11-14 16:27:00,2012-11-14 16:28:00,5737,5739,5739,5737,5738,5740,5740,5738,4
2012-11-14 16:28:00,2012-11-14 16:29:00,5739,5740,5742,5737,5740,5741,5743,5738,27
2012-11-14 16:29:00,2012-11-14 16:30:00,5740,5736,5742,5736,5741,5738,5743,5738,24
2012-11-14 16:30:00,2012-11-14 16:31:00,5736,5735,5737,5735,5738,5737,5739,5737,5
2012-11-14 16:31:00,2012-11-14 16:32:00,5735,5735,5737,5735,5737,5737,5739,5737,12
2012-11-14 16:32:00,2012-11-14 16:33:00,5735,5727,5735,5727,5737,5729,5737,5729,43
2012-11-14 16:33:00,2012-11-14 16:34:00,5727,5720,5728,5716,5729,5722,5730,5718,55
2012-11-14 16:34:00,2012-11-14 16:35:00,5720,5717,5720,5716,5722,5719,5722,5718,25
2012-11-14 16:35:00,2012-11-14 16:36:00,5717,5718,5718,5716,5719,5720,5720,5718,11
2012-11-14 16:36:00,2012-11-14 16:37:00,5718,5717,5719,5717,5720,5719,5721,5719,19
2012-11-14 16:37:00,2012-11-14 16:38:00,5717,5718,5719,5717,5719,5720,5721,5719,17
2012-11-14 16:38:00,2012-11-14 16:39:00,5718,5718,5719,5717,5720,5720,5721,5719,22
2012-11-14 16:39:00,2012-11-14 16:40:00,5718,5719,5720,5718,5720,5721,5722,5720,7
2012-11-14 16:40:00,2012-11-14 16:41:00,5719,5721,5721,5719,5721,5723,5723,5721,16
2012-11-14 16:41:00,2012-11-14 16:42:00,5721,5723,5723,5720,5723,5725,5725,5722,10
2012-11-14 16:42:00,2012-11-14 16:43:00,5723,5726,5726,5722,5725,5728,5728,5724,15
2012-11-14 16:43:00,2012-11-14 16:44:00,5726,5724,5726,5724,5728,5726,5728,5726,12
2012-11-14 16:44:00,2012-11-14 16:45:00,5724,5723,5725,5723,5726,5725,5727,5725,7
2012-11-14 16:45:00,2012-11-14 16:46:00,5723,5723,5725,5723,5725,5725,5727,5725,10
2012-11-14 16:46:00,2012-11-14 16:47:00,5723,5724,5724,5723,5725,5726,5726,5725,5
2012-11-14 16:47:00,2012-11-14 16:48:00,5724,5723,5725,5723,5726,5725,5727,5725,9
2012-11-14 16:48:00,2012-11-14 16:49:00,5723,5725,5726,5723,5725,5727,5728,5725,4
2012-11-14 16:49:00,2012-11-14 16:50:00,5725,5723,5725,5723,5727,5725,5727,5725,4
2012-11-14 16:50:00,2012-11-14 16:51:00,5723,5722,5723,5722,5725,5724,5725,5724,9
2012-11-14 16:51:00,2012-11-14 16:52:00,5722,5722,5722,5721,5724,5724,5724,5723,2
2012-11-14 16:52:00,2012-11-14 16:53:00,5722,5723,5723,5721,5724,5725,5725,5723,7
2012-11-14 16:53:00,2012-11-14 16:54:00,5723,5722,5724,5722,5725,5724,5726,5724,3
2012-11-14 16:54:00,2012-11-14 16:55:00,5722,5723,5723,5720,5724,5725,5725,5722,11
2012-11-14 16:55:00,2012-11-14 16:56:00,5723,5723,5723,5722,5725,5725,5725,5724,12
2012-11-14 16:56:00,2012-11-14 16:57:00,5723,5724,5724,5723,5725,5726,5726,5725,3
2012-11-14 16:57:00,2012-11-14 16:58:00,5724,5724,5725,5723,5726,5726,5727,5725,10
2012-11-14 16:58:00,2012-11-14 17:01:00,5725,5723,5725,5723,5727,5725,5727,5725,8
2012-11-14 17:01:00,2012-11-14 17:02:00,5723,5723,5723,5721,5725,5725,5725,5723,4
2012-11-14 17:02:00,2012-11-14 17:03:00,5723,5723,5723,5722,5725,5725,5725,5724,4
2012-11-14 17:03:00,2012-11-14 17:04:00,5723,5725,5725,5723,5725,5727,5727,5725,6
2012-11-14 17:04:00,2012-11-14 17:05:00,5725,5722,5725,5721,5727,5724,5727,5723,13
2012-11-14 17:05:00,2012-11-14 17:06:00,5722,5722,5723,5721,5724,5724,5725,5723,6
2012-11-14 17:06:00,2012-11-14 17:07:00,5722,5721,5723,5721,5724,5723,5725,5723,7
2012-11-14 17:07:00,2012-11-14 17:08:00,5721,5722,5722,5721,5723,5724,5724,5723,3
2012-11-14 17:08:00,2012-11-14 17:09:00,5722,5721,5723,5720,5724,5723,5725,5722,15
2012-11-14 17:09:00,2012-11-14 17:10:00,5721,5721,5721,5719,5723,5723,5723,5721,13
2012-11-14 17:10:00,2012-11-14 17:11:00,5721,5718,5721,5718,5723,5720,5723,5720,7
2012-11-14 17:11:00,2012-11-14 17:12:00,5718,5714,5718,5714,5720,5716,5720,5716,18
2012-11-14 17:12:00,2012-11-14 17:13:00,5714,5716,5716,5713,5716,5718,5718,5715,10
2012-11-14 17:13:00,2012-11-14 17:14:00,5716,5715,5716,5715,5718,5717,5718,5717,7
2012-11-14 17:14:00,2012-11-14 17:15:00,5715,5716,5716,5715,5717,5718,5718,5717,5
2012-11-14 17:15:00,2012-11-14 17:16:00,5716,5716,5716,5715,5718,5718,5718,5717,2
2012-11-14 17:16:00,2012-11-14 17:17:00,5716,5715,5716,5714,5718,5717,5718,5716,13
2012-11-14 17:17:00,2012-11-14 17:18:00,5715,5715,5716,5714,5717,5717,5718,5716,6
2012-11-14 17:18:00,2012-11-14 17:19:00,5715,5714,5716,5713,5717,5716,5718,5715,11
2012-11-14 17:19:00,2012-11-14 17:20:00,5714,5714,5714,5713,5716,5716,5716,5715,12
2012-11-14 17:20:00,2012-11-14 17:21:00,5714,5712,5715,5712,5716,5714,5717,5714,10
2012-11-14 17:21:00,2012-11-14 17:23:00,5713,5712,5713,5711,5715,5714,5715,5713,9
2012-11-14 17:23:00,2012-11-14 17:24:00,5712,5714,5714,5712,5714,5716,5716,5714,6
2012-11-14 17:24:00,2012-11-14 17:25:00,5714,5714,5714,5713,5716,5716,5716,5715,6
2012-11-14 17:25:00,2012-11-14 17:26:00,5714,5716,5716,5714,5716,5718,5718,5716,4
2012-11-14 17:26:00,2012-11-14 17:27:00,5716,5716,5717,5716,5718,5718,5719,5718,4
2012-11-14 17:27:00,2012-11-14 17:29:00,5716,5717,5717,5716,5718,5719,5719,5718,3
2012-11-14 17:29:00,2012-11-14 17:30:00,5717,5718,5718,5717,5719,5720,5720,5719,5
2012-11-14 17:30:00,2012-11-14 17:31:00,5718,5718,5719,5717,5720,5720,5721,5719,6
2012-11-14 17:31:00,2012-11-14 17:32:00,5718,5717,5718,5717,5720,5719,5720,5719,3
2012-11-14 17:32:00,2012-11-14 17:33:00,5717,5716,5718,5716,5719,5718,5720,5718,5
2012-11-14 17:33:00,2012-11-14 17:34:00,5716,5715,5716,5715,5718,5717,5718,5717,3
2012-11-14 17:34:00,2012-11-14 17:35:00,5715,5714,5716,5714,5717,5716,5718,5716,3
2012-11-14 17:35:00,2012-11-14 17:36:00,5714,5715,5715,5713,5716,5717,5717,5715,5
2012-11-14 17:36:00,2012-11-14 17:37:00,5715,5714,5715,5714,5717,5716,5717,5716,1
2012-11-14 17:37:00,2012-11-14 17:38:00,5714,5713,5715,5713,5716,5715,5717,5715,3
2012-11-14 17:38:00,2012-11-14 17:40:00,5712,5712,5713,5712,5714,5714,5715,5714,6
2012-11-14 17:40:00,2012-11-14 17:41:00,5712,5710,5713,5710,5714,5712,5715,5712,4
2012-11-14 17:41:00,2012-11-14 17:42:00,5710,5713,5714,5710,5712,5715,5716,5712,7
2012-11-14 17:42:00,2012-11-14 17:43:00,5713,5715,5715,5713,5715,5717,5717,5715,4
2012-11-14 17:43:00,2012-11-14 17:44:00,5715,5714,5716,5714,5717,5716,5718,5716,13
2012-11-14 17:44:00,2012-11-14 17:45:00,5714,5715,5716,5714,5716,5717,5718,5716,7
2012-11-14 17:45:00,2012-11-14 17:46:00,5715,5715,5716,5715,5717,5717,5718,5717,6
2012-11-14 17:46:00,2012-11-14 17:47:00,5715,5714,5715,5714,5717,5716,5717,5716,5
2012-11-14 17:47:00,2012-11-14 17:48:00,5714,5714,5714,5713,5716,5716,5716,5715,8
2012-11-14 17:48:00,2012-11-14 17:49:00,5714,5714,5714,5712,5716,5716,5716,5714,10
2012-11-14 17:49:00,2012-11-14 17:50:00,5714,5713,5714,5713,5716,5715,5716,5715,3
2012-11-14 17:50:00,2012-11-14 17:51:00,5713,5712,5713,5712,5715,5714,5715,5714,3
2012-11-14 17:51:00,2012-11-14 17:53:00,5713,5713,5713,5712,5715,5715,5715,5714,4
2012-11-14 17:53:00,2012-11-14 17:54:00,5713,5714,5716,5713,5715,5716,5718,5715,5
2012-11-14 17:54:00,2012-11-14 17:55:00,5714,5714,5714,5713,5716,5716,5716,5715,2
2012-11-14 17:55:00,2012-11-14 17:56:00,5714,5712,5714,5712,5716,5714,5716,5714,6
2012-11-14 17:56:00,2012-11-14 17:57:00,5712,5713,5713,5712,5714,5715,5715,5714,7
2012-11-14 17:57:00,2012-11-14 17:58:00,5713,5712,5713,5712,5715,5714,5715,5714,5
2012-11-14 17:58:00,2012-11-14 17:59:00,5712,5712,5713,5710,5714,5714,5715,5712,10
2012-11-14 17:59:00,2012-11-14 18:00:00,5712,5712,5713,5710,5714,5714,5715,5712,8
2012-11-14 18:00:00,2012-11-14 18:01:00,5712,5713,5713,5712,5714,5715,5715,5714,5
2012-11-14 18:01:00,2012-11-14 18:02:00,5713,5713,5713,5712,5715,5715,5715,5714,2
2012-11-14 18:02:00,2012-11-14 18:05:00,5713,5713,5714,5713,5715,5715,5716,5715,4
2012-11-14 18:05:00,2012-11-14 18:06:00,5713,5711,5713,5710,5715,5713,5715,5712,6
2012-11-14 18:06:00,2012-11-14 18:07:00,5711,5712,5712,5711,5713,5714,5714,5713,1
2012-11-14 18:07:00,2012-11-14 18:08:00,5712,5711,5712,5711,5714,5713,5714,5713,1
2012-11-14 18:08:00,2012-11-14 18:09:00,5711,5711,5711,5710,5713,5713,5713,5712,4
2012-11-14 18:09:00,2012-11-14 18:10:00,5711,5711,5712,5711,5713,5713,5714,5713,4
2012-11-14 18:10:00,2012-11-14 18:11:00,5711,5709,5711,5709,5713,5711,5713,5711,4
2012-11-14 18:11:00,2012-11-14 18:12:00,5709,5709,5709,5708,5711,5711,5711,5710,6
2012-11-14 18:12:00,2012-11-14 18:13:00,5709,5710,5710,5708,5711,5712,5712,5710,13
2012-11-14 18:13:00,2012-11-14 18:14:00,5710,5709,5711,5709,5712,5711,5713,5711,3
2012-11-14 18:14:00,2012-11-14 18:15:00,5709,5710,5711,5709,5711,5712,5713,5711,9
2012-11-14 18:15:00,2012-11-14 18:16:00,5710,5711,5712,5710,5712,5713,5714,5712,5
2012-11-14 18:16:00,2012-11-14 18:17:00,5711,5711,5712,5711,5713,5713,5714,5713,6
2012-11-14 18:17:00,2012-11-14 18:18:00,5711,5713,5715,5711,5713,5715,5717,5713,14
2012-11-14 18:18:00,2012-11-14 18:19:00,5713,5714,5714,5713,5715,5716,5716,5715,9
2012-11-14 18:19:00,2012-11-14 18:20:00,5714,5713,5714,5712,5716,5715,5716,5714,5
2012-11-14 18:20:00,2012-11-14 18:21:00,5713,5713,5714,5713,5715,5715,5716,5715,2
2012-11-14 18:21:00,2012-11-14 18:22:00,5713,5713,5714,5712,5715,5715,5716,5714,6
2012-11-14 18:22:00,2012-11-14 18:24:00,5714,5714,5715,5713,5716,5716,5717,5715,10
2012-11-14 18:24:00,2012-11-14 18:25:00,5714,5715,5715,5713,5716,5717,5717,5715,7
2012-11-14 18:25:00,2012-11-14 18:26:00,5715,5717,5717,5715,5717,5719,5719,5717,2
2012-11-14 18:26:00,2012-11-14 18:27:00,5717,5717,5717,5716,5719,5719,5719,5718,4
2012-11-14 18:27:00,2012-11-14 18:28:00,5717,5715,5717,5715,5719,5717,5719,5717,8
2012-11-14 18:28:00,2012-11-14 18:29:00,5715,5711,5715,5711,5717,5713,5717,5713,6
2012-11-14 18:29:00,2012-11-14 18:30:00,5711,5711,5711,5710,5713,5713,5713,5712,6
2012-11-14 18:30:00,2012-11-14 18:32:00,5711,5711,5711,5710,5713,5713,5713,5712,2
2012-11-14 18:32:00,2012-11-14 18:33:00,5711,5711,5712,5711,5713,5713,5714,5713,2
2012-11-14 18:33:00,2012-11-14 18:35:00,5711,5715,5715,5711,5713,5717,5717,5713,12
2012-11-14 18:35:00,2012-11-14 18:36:00,5715,5717,5718,5715,5717,5719,5720,5717,16
2012-11-14 18:36:00,2012-11-14 18:37:00,5717,5714,5719,5713,5719,5716,5721,5715,19
2012-11-14 18:37:00,2012-11-14 18:38:00,5714,5712,5714,5712,5716,5714,5716,5714,10
2012-11-14 18:38:00,2012-11-14 18:39:00,5712,5713,5713,5711,5714,5715,5715,5713,7
2012-11-14 18:39:00,2012-11-14 18:40:00,5713,5713,5716,5712,5715,5715,5718,5714,18
2012-11-14 18:40:00,2012-11-14 18:41:00,5713,5712,5713,5711,5715,5714,5715,5713,7
2012-11-14 18:41:00,2012-11-14 18:42:00,5712,5711,5714,5711,5714,5713,5716,5713,11
2012-11-14 18:42:00,2012-11-14 18:43:00,5711,5711,5712,5709,5713,5713,5714,5711,14
2012-11-14 18:43:00,2012-11-14 18:44:00,5711,5711,5712,5710,5713,5713,5714,5712,6
2012-11-14 18:44:00,2012-11-14 18:45:00,5711,5710,5713,5710,5713,5712,5715,5712,13
2012-11-14 18:45:00,2012-11-14 18:46:00,5710,5710,5711,5709,5712,5712,5713,5711,14
2012-11-14 18:46:00,2012-11-14 18:47:00,5710,5712,5713,5710,5712,5714,5715,5712,8
2012-11-14 18:47:00,2012-11-14 18:48:00,5712,5713,5714,5712,5714,5715,5716,5714,7
2012-11-14 18:48:00,2012-11-14 18:49:00,5713,5713,5713,5711,5715,5715,5715,5713,8
2012-11-14 18:49:00,2012-11-14 18:50:00,5713,5712,5713,5712,5715,5714,5715,5714,7
2012-11-14 18:50:00,2012-11-14 18:51:00,5712,5713,5714,5712,5714,5715,5716,5714,11
2012-11-14 18:51:00,2012-11-14 18:52:00,5713,5714,5714,5713,5715,5716,5716,5715,1
2012-11-14 18:52:00,2012-11-14 18:53:00,5714,5713,5714,5712,5716,5715,5716,5714,13
2012-11-14 18:53:00,2012-11-14 18:54:00,5713,5714,5714,5712,5715,5716,5716,5714,7
2012-11-14 18:54:00,2012-11-14 18:55:00,5714,5717,5718,5714,5716,5719,5720,5716,11
2012-11-14 18:55:00,2012-11-14 18:56:00,5717,5716,5717,5715,5719,5718,5719,5717,19
2012-11-14 18:56:00,2012-11-14 18:57:00,5716,5714,5717,5713,5718,5719,5719,5716,10
2012-11-14 18:57:00,2012-11-14 18:58:00,5714,5715,5715,5714,5719,5720,5720,5719,1
2012-11-14 18:58:00,2012-11-14 19:00:00,5715,5718,5719,5715,5720,5723,5724,5720,14
2012-11-14 19:00:00,2012-11-14 19:01:00,5718,5716,5718,5716,5723,5721,5723,5721,2
2012-11-14 19:01:00,2012-11-14 19:02:00,5716,5717,5717,5715,5721,5722,5722,5720,6
2012-11-14 19:02:00,2012-11-14 19:03:00,5717,5716,5717,5716,5722,5721,5722,5721,5
2012-11-14 19:03:00,2012-11-14 19:04:00,5716,5718,5718,5714,5721,5720,5722,5719,12
2012-11-14 19:04:00,2012-11-14 19:05:00,5718,5720,5720,5718,5720,5722,5722,5720,6
2012-11-14 19:05:00,2012-11-14 19:06:00,5720,5719,5720,5718,5722,5721,5722,5720,7
2012-11-14 19:06:00,2012-11-14 19:07:00,5719,5716,5719,5715,5721,5718,5721,5717,12
2012-11-14 19:07:00,2012-11-14 19:08:00,5716,5716,5717,5716,5718,5718,5719,5718,6
2012-11-14 19:08:00,2012-11-14 19:09:00,5716,5716,5717,5714,5718,5718,5719,5716,16
2012-11-14 19:09:00,2012-11-14 19:10:00,5716,5712,5716,5712,5718,5714,5718,5714,12
2012-11-14 19:10:00,2012-11-14 19:11:00,5712,5713,5714,5712,5714,5715,5716,5714,19
2012-11-14 19:11:00,2012-11-14 19:12:00,5713,5710,5713,5709,5715,5712,5715,5711,23
2012-11-14 19:12:00,2012-11-14 19:13:00,5710,5709,5711,5707,5712,5711,5713,5709,17
2012-11-14 19:13:00,2012-11-14 19:14:00,5709,5710,5711,5709,5711,5712,5713,5711,15
2012-11-14 19:14:00,2012-11-14 19:15:00,5710,5709,5711,5709,5712,5711,5713,5711,11
2012-11-14 19:15:00,2012-11-14 19:16:00,5709,5709,5711,5708,5711,5711,5713,5710,11
2012-11-14 19:16:00,2012-11-14 19:17:00,5709,5709,5712,5709,5711,5711,5714,5711,18
2012-11-14 19:17:00,2012-11-14 19:18:00,5709,5704,5709,5704,5711,5706,5711,5706,31
2012-11-14 19:18:00,2012-11-14 19:19:00,5704,5704,5705,5703,5706,5706,5707,5705,12
2012-11-14 19:19:00,2012-11-14 19:20:00,5704,5703,5705,5702,5706,5705,5707,5704,15
2012-11-14 19:20:00,2012-11-14 19:21:00,5703,5702,5704,5702,5705,5704,5706,5704,11
2012-11-14 19:21:00,2012-11-14 19:22:00,5702,5706,5706,5702,5704,5708,5708,5704,12
2012-11-14 19:22:00,2012-11-14 19:23:00,5706,5706,5707,5705,5708,5708,5709,5707,14
2012-11-14 19:23:00,2012-11-14 19:25:00,5706,5706,5706,5705,5708,5708,5708,5707,6
2012-11-14 19:25:00,2012-11-14 19:26:00,5706,5708,5708,5706,5708,5710,5710,5708,16
2012-11-14 19:26:00,2012-11-14 19:27:00,5708,5711,5711,5708,5710,5713,5713,5710,15
2012-11-14 19:27:00,2012-11-14 19:28:00,5711,5711,5711,5709,5713,5713,5713,5711,4
2012-11-14 19:28:00,2012-11-14 19:29:00,5711,5710,5712,5710,5713,5712,5714,5712,9
2012-11-14 19:29:00,2012-11-14 19:30:00,5710,5709,5710,5708,5712,5711,5712,5710,9
2012-11-14 19:30:00,2012-11-14 19:31:00,5709,5707,5709,5707,5711,5709,5711,5709,8
2012-11-14 19:31:00,2012-11-14 19:32:00,5707,5707,5707,5706,5709,5709,5709,5708,2
2012-11-14 19:32:00,2012-11-14 19:33:00,5707,5708,5708,5706,5709,5710,5710,5708,16
2012-11-14 19:33:00,2012-11-14 19:34:00,5708,5706,5708,5706,5710,5708,5710,5708,6
2012-11-14 19:34:00,2012-11-14 19:35:00,5706,5705,5706,5704,5708,5707,5708,5706,9
2012-11-14 19:35:00,2012-11-14 19:36:00,5705,5706,5707,5704,5707,5708,5709,5706,9
2012-11-14 19:36:00,2012-11-14 19:37:00,5706,5707,5708,5706,5708,5709,5710,5708,11
2012-11-14 19:37:00,2012-11-14 19:38:00,5707,5705,5707,5705,5709,5707,5709,5707,2
2012-11-14 19:38:00,2012-11-14 19:39:00,5705,5706,5706,5705,5707,5708,5708,5707,5
2012-11-14 19:39:00,2012-11-14 19:40:00,5706,5703,5706,5703,5708,5705,5708,5705,5
2012-11-14 19:40:00,2012-11-14 19:41:00,5703,5703,5703,5702,5705,5705,5705,5704,4
2012-11-14 19:41:00,2012-11-14 19:42:00,5703,5703,5704,5700,5705,5705,5706,5702,14
2012-11-14 19:42:00,2012-11-14 19:43:00,5703,5705,5706,5703,5705,5707,5708,5705,4
2012-11-14 19:43:00,2012-11-14 19:44:00,5705,5704,5706,5704,5707,5706,5708,5706,9
2012-11-14 19:44:00,2012-11-14 19:45:00,5704,5706,5706,5704,5706,5708,5708,5706,12
2012-11-14 19:45:00,2012-11-14 19:46:00,5706,5706,5706,5705,5708,5708,5708,5707,2
2012-11-14 19:46:00,2012-11-14 19:47:00,5706,5707,5707,5706,5708,5709,5709,5708,1
2012-11-14 19:47:00,2012-11-14 19:48:00,5707,5707,5708,5707,5709,5709,5710,5709,4
2012-11-14 19:48:00,2012-11-14 19:49:00,5707,5706,5707,5705,5709,5708,5709,5707,3
2012-11-14 19:49:00,2012-11-14 19:50:00,5706,5705,5706,5705,5708,5707,5708,5707,1
2012-11-14 19:50:00,2012-11-14 19:51:00,5705,5705,5706,5705,5707,5707,5708,5707,2
2012-11-14 19:51:00,2012-11-14 19:52:00,5705,5707,5707,5705,5707,5709,5709,5707,4
2012-11-14 19:52:00,2012-11-14 19:53:00,5707,5708,5708,5707,5709,5710,5710,5709,3
2012-11-14 19:53:00,2012-11-14 19:54:00,5708,5707,5708,5706,5710,5709,5710,5708,5
2012-11-14 19:54:00,2012-11-14 19:55:00,5707,5706,5708,5706,5709,5708,5710,5708,5
2012-11-14 19:55:00,2012-11-14 19:56:00,5706,5705,5706,5704,5708,5707,5708,5706,7
2012-11-14 19:56:00,2012-11-14 19:57:00,5705,5705,5705,5704,5707,5707,5707,5706,2
2012-11-14 19:57:00,2012-11-14 19:58:00,5705,5706,5707,5705,5707,5708,5709,5707,3
2012-11-14 19:58:00,2012-11-14 19:59:00,5706,5704,5707,5704,5708,5706,5709,5706,16
2012-11-14 19:59:00,2012-11-14 20:01:00,5702,5703,5704,5702,5704,5705,5706,5704,3
2012-11-14 20:01:00,2012-11-14 20:02:00,5703,5704,5705,5703,5705,5706,5707,5705,7
2012-11-14 20:02:00,2012-11-14 20:03:00,5704,5702,5704,5702,5706,5704,5706,5704,6
2012-11-14 20:03:00,2012-11-14 20:04:00,5702,5699,5703,5699,5704,5701,5705,5701,15
2012-11-14 20:04:00,2012-11-14 20:05:00,5699,5700,5701,5698,5701,5702,5703,5700,11
2012-11-14 20:05:00,2012-11-14 20:06:00,5700,5695,5700,5695,5702,5697,5702,5697,15
2012-11-14 20:06:00,2012-11-14 20:07:00,5695,5692,5696,5690,5697,5694,5698,5692,25
2012-11-14 20:07:00,2012-11-14 20:08:00,5692,5690,5693,5690,5694,5692,5695,5692,14
2012-11-14 20:08:00,2012-11-14 20:09:00,5690,5689,5690,5687,5692,5691,5692,5689,27
2012-11-14 20:09:00,2012-11-14 20:10:00,5689,5691,5691,5688,5691,5693,5693,5690,8
2012-11-14 20:10:00,2012-11-14 20:11:00,5691,5689,5691,5688,5693,5691,5693,5690,12
2012-11-14 20:11:00,2012-11-14 20:12:00,5689,5690,5691,5688,5691,5692,5693,5690,7
2012-11-14 20:12:00,2012-11-14 20:13:00,5690,5689,5691,5689,5692,5691,5693,5691,7
2012-11-14 20:13:00,2012-11-14 20:14:00,5689,5690,5691,5689,5691,5692,5693,5691,7
2012-11-14 20:14:00,2012-11-14 20:15:00,5690,5689,5691,5688,5692,5691,5693,5690,11
2012-11-14 20:15:00,2012-11-14 20:16:00,5689,5692,5692,5689,5691,5694,5694,5691,5
2012-11-14 20:16:00,2012-11-14 20:17:00,5692,5689,5692,5688,5694,5691,5694,5690,7
2012-11-14 20:17:00,2012-11-14 20:18:00,5689,5686,5689,5685,5691,5688,5691,5687,17
2012-11-14 20:18:00,2012-11-14 20:19:00,5686,5687,5687,5685,5688,5689,5689,5687,7
2012-11-14 20:19:00,2012-11-14 20:20:00,5687,5687,5687,5684,5689,5689,5689,5686,10
2012-11-14 20:20:00,2012-11-14 20:21:00,5687,5687,5690,5686,5689,5689,5692,5688,12
2012-11-14 20:21:00,2012-11-14 20:22:00,5687,5684,5688,5684,5689,5686,5690,5686,9
2012-11-14 20:22:00,2012-11-14 20:23:00,5684,5685,5685,5683,5686,5687,5687,5685,11
2012-11-14 20:23:00,2012-11-14 20:24:00,5685,5685,5686,5684,5687,5687,5688,5686,12
2012-11-14 20:24:00,2012-11-14 20:25:00,5685,5687,5687,5685,5687,5689,5689,5687,4
2012-11-14 20:25:00,2012-11-14 20:26:00,5687,5686,5687,5686,5689,5688,5689,5688,1
2012-11-14 20:26:00,2012-11-14 20:27:00,5686,5688,5689,5686,5688,5690,5691,5688,12
2012-11-14 20:27:00,2012-11-14 20:28:00,5688,5687,5688,5687,5690,5689,5690,5689,5
2012-11-14 20:28:00,2012-11-14 20:29:00,5687,5687,5689,5687,5689,5689,5691,5689,6
2012-11-14 20:29:00,2012-11-14 20:30:00,5687,5685,5687,5684,5689,5687,5689,5686,10
2012-11-14 20:30:00,2012-11-14 20:32:00,5685,5685,5685,5684,5687,5687,5687,5686,4
2012-11-14 20:32:00,2012-11-14 20:33:00,5685,5685,5685,5683,5687,5687,5687,5685,4
2012-11-14 20:33:00,2012-11-14 20:34:00,5685,5685,5685,5683,5687,5687,5687,5685,10
2012-11-14 20:34:00,2012-11-14 20:35:00,5685,5685,5686,5684,5687,5687,5688,5686,14
2012-11-14 20:35:00,2012-11-14 20:36:00,5685,5686,5687,5684,5687,5688,5689,5686,11
2012-11-14 20:36:00,2012-11-14 20:37:00,5686,5685,5687,5685,5688,5687,5689,5687,19
2012-11-14 20:37:00,2012-11-14 20:38:00,5685,5683,5686,5683,5687,5685,5688,5685,12
2012-11-14 20:38:00,2012-11-14 20:39:00,5683,5682,5684,5681,5685,5684,5686,5683,13
2012-11-14 20:39:00,2012-11-14 20:40:00,5682,5680,5682,5679,5684,5682,5684,5681,6
2012-11-14 20:40:00,2012-11-14 20:41:00,5680,5679,5681,5678,5682,5681,5683,5680,15
2012-11-14 20:41:00,2012-11-14 20:42:00,5679,5677,5679,5677,5681,5679,5681,5679,16
2012-11-14 20:42:00,2012-11-14 20:43:00,5677,5678,5679,5677,5679,5680,5681,5679,5
2012-11-14 20:43:00,2012-11-14 20:44:00,5678,5678,5678,5676,5680,5680,5680,5678,6
2012-11-14 20:44:00,2012-11-14 20:45:00,5678,5678,5678,5677,5680,5680,5680,5679,6
2012-11-14 20:45:00,2012-11-14 20:46:00,5678,5676,5678,5676,5680,5678,5680,5678,6
2012-11-14 20:46:00,2012-11-14 20:47:00,5676,5676,5677,5676,5678,5678,5679,5678,6
2012-11-14 20:47:00,2012-11-14 20:48:00,5676,5675,5676,5675,5678,5677,5678,5677,5
2012-11-14 20:48:00,2012-11-14 20:49:00,5675,5677,5677,5675,5677,5679,5679,5677,4
2012-11-14 20:49:00,2012-11-14 20:50:00,5677,5675,5677,5675,5679,5677,5679,5677,2
2012-11-14 20:50:00,2012-11-14 20:51:00,5675,5676,5676,5675,5677,5678,5678,5677,3
2012-11-14 20:51:00,2012-11-14 20:52:00,5676,5675,5677,5675,5678,5678,5679,5677,19
2012-11-14 20:52:00,2012-11-14 20:53:00,5675,5670,5675,5669,5678,5672,5678,5671,12
2012-11-14 20:53:00,2012-11-14 20:54:00,5670,5667,5670,5667,5672,5669,5672,5669,5
2012-11-14 20:54:00,2012-11-14 20:55:00,5667,5670,5670,5667,5669,5672,5672,5669,3
2012-11-14 20:55:00,2012-11-14 20:56:00,5670,5670,5672,5670,5672,5672,5674,5672,10
2012-11-14 20:56:00,2012-11-14 20:57:00,5670,5670,5671,5670,5672,5672,5673,5672,2
2012-11-14 20:57:00,2012-11-14 20:58:00,5670,5671,5671,5670,5672,5673,5673,5672,5
