open time,close time,open bid,close bid,high bid,low bid,open ask,close ask,high ask,low ask,volume
2015-12-31 06:59:00,2015-12-31 07:00:00,6257,6262,6262,6257,6260,6265,6266,6260,6
2015-12-31 07:00:00,2015-12-31 07:01:00,6262,6261,6264,6261,6265,6265,6266,6265,5
2015-12-31 07:01:00,2015-12-31 07:02:00,6261,6261,6261,6261,6265,6265,6265,6263,4
2015-12-31 07:02:00,2015-12-31 07:04:00,6261,6262,6263,6262,6265,6265,6266,6265,7
2015-12-31 07:04:00,2015-12-31 07:09:00,6262,6263,6263,6263,6265,6264,6265,6264,2
2015-12-31 07:09:00,2015-12-31 07:10:00,6263,6260,6262,6260,6264,6261,6264,6261,8
2015-12-31 07:10:00,2015-12-31 07:11:00,6260,6260,6261,6260,6261,6262,6264,6262,9
2015-12-31 07:11:00,2015-12-31 07:13:00,6260,6261,6261,6261,6262,6262,6262,6262,1
2015-12-31 07:13:00,2015-12-31 07:14:00,6261,6261,6263,6260,6262,6262,6266,6261,18
2015-12-31 07:14:00,2015-12-31 07:15:00,6261,6261,6263,6261,6262,6262,6266,6262,38
2015-12-31 07:15:00,2015-12-31 07:16:00,6261,6261,6261,6261,6262,6262,6263,6262,2
2015-12-31 07:16:00,2015-12-31 07:19:00,6261,6260,6260,6260,6262,6261,6262,6261,2
2015-12-31 07:19:00,2015-12-31 07:20:00,6260,6258,6262,6258,6261,6260,6264,6260,21
2015-12-31 07:20:00,2015-12-31 07:21:00,6258,6259,6260,6259,6260,6260,6263,6260,10
2015-12-31 07:21:00,2015-12-31 07:23:00,6259,6258,6259,6257,6260,6259,6260,6258,12
2015-12-31 07:23:00,2015-12-31 07:24:00,6258,6257,6257,6257,6259,6258,6259,6258,4
2015-12-31 07:24:00,2015-12-31 07:26:00,6256,6257,6257,6256,6258,6258,6258,6258,3
2015-12-31 07:26:00,2015-12-31 07:27:00,6257,6256,6256,6256,6258,6258,6258,6258,1
2015-12-31 07:27:00,2015-12-31 07:33:00,6256,6256,6257,6256,6258,6258,6258,6258,2
2015-12-31 07:33:00,2015-12-31 07:34:00,6256,6257,6257,6257,6258,6258,6258,6258,1
2015-12-31 07:34:00,2015-12-31 07:35:00,6257,6255,6258,6255,6258,6257,6261,6257,22
2015-12-31 07:35:00,2015-12-31 07:36:00,6255,6256,6257,6256,6257,6258,6260,6257,7
2015-12-31 07:36:00,2015-12-31 07:38:00,6256,6255,6257,6255,6258,6257,6259,6257,6
2015-12-31 07:38:00,2015-12-31 07:39:00,6255,6254,6255,6254,6257,6256,6257,6255,8
2015-12-31 07:39:00,2015-12-31 07:40:00,6254,6255,6255,6255,6256,6258,6258,6256,13
2015-12-31 07:40:00,2015-12-31 07:41:00,6255,6254,6255,6254,6258,6256,6257,6256,5
2015-12-31 07:41:00,2015-12-31 07:42:00,6254,6254,6255,6254,6256,6256,6256,6256,2
2015-12-31 07:42:00,2015-12-31 07:43:00,6254,6254,6254,6254,6256,6256,6256,6255,2
2015-12-31 07:43:00,2015-12-31 07:44:00,6254,6254,6255,6253,6256,6256,6256,6255,15
2015-12-31 07:44:00,2015-12-31 07:45:00,6254,6254,6254,6252,6256,6255,6255,6254,15
2015-12-31 07:45:00,2015-12-31 07:46:00,6254,6253,6253,6253,6255,6255,6255,6255,1
2015-12-31 07:46:00,2015-12-31 07:47:00,6253,6253,6255,6253,6255,6255,6256,6255,14
2015-12-31 07:47:00,2015-12-31 07:49:00,6253,6254,6254,6254,6255,6255,6256,6255,5
2015-12-31 07:49:00,2015-12-31 07:50:00,6254,6253,6254,6253,6255,6255,6255,6255,3
2015-12-31 07:50:00,2015-12-31 07:51:00,6253,6253,6253,6253,6255,6254,6254,6254,1
2015-12-31 07:51:00,2015-12-31 07:52:00,6253,6253,6253,6253,6254,6255,6255,6255,1
2015-12-31 07:52:00,2015-12-31 07:54:00,6253,6253,6253,6252,6255,6255,6256,6255,2
2015-12-31 07:54:00,2015-12-31 07:55:00,6253,6252,6254,6252,6255,6253,6255,6253,5
2015-12-31 07:55:00,2015-12-31 07:56:00,6252,6254,6255,6252,6253,6256,6257,6253,13
2015-12-31 07:56:00,2015-12-31 07:57:00,6254,6253,6254,6253,6256,6255,6255,6255,2
2015-12-31 07:57:00,2015-12-31 07:59:00,6253,6254,6255,6252,6255,6256,6256,6255,24
2015-12-31 07:59:00,2015-12-31 08:00:00,6254,6257,6264,6254,6256,6259,6265,6256,92
2015-12-31 08:00:00,2015-12-31 08:01:00,6257,6252,6256,6251,6259,6253,6259,6253,25
2015-12-31 08:01:00,2015-12-31 08:02:00,6252,6248,6251,6248,6253,6249,6253,6249,42
2015-12-31 08:02:00,2015-12-31 08:03:00,6248,6253,6253,6248,6249,6254,6254,6250,12
2015-12-31 08:03:00,2015-12-31 08:04:00,6253,6254,6254,6252,6254,6255,6256,6254,18
2015-12-31 08:04:00,2015-12-31 08:05:00,6254,6252,6255,6251,6255,6253,6256,6252,36
2015-12-31 08:05:00,2015-12-31 08:06:00,6252,6250,6252,6249,6253,6251,6253,6250,72
2015-12-31 08:06:00,2015-12-31 08:07:00,6250,6251,6252,6250,6251,6252,6253,6251,24
2015-12-31 08:07:00,2015-12-31 08:08:00,6251,6253,6253,6251,6252,6254,6255,6253,10
2015-12-31 08:08:00,2015-12-31 08:09:00,6253,6254,6254,6253,6254,6255,6255,6254,14
2015-12-31 08:09:00,2015-12-31 08:10:00,6254,6253,6254,6253,6255,6254,6255,6254,10
2015-12-31 08:10:00,2015-12-31 08:11:00,6253,6253,6253,6252,6254,6254,6254,6253,10
2015-12-31 08:11:00,2015-12-31 08:12:00,6253,6254,6254,6252,6254,6255,6255,6253,12
2015-12-31 08:12:00,2015-12-31 08:13:00,6254,6255,6255,6253,6255,6256,6256,6254,18
2015-12-31 08:13:00,2015-12-31 08:14:00,6255,6255,6256,6254,6256,6256,6258,6255,24
2015-12-31 08:14:00,2015-12-31 08:15:00,6255,6257,6257,6255,6256,6258,6258,6256,12
2015-12-31 08:15:00,2015-12-31 08:16:00,6257,6259,6260,6257,6258,6260,6261,6258,50
2015-12-31 08:16:00,2015-12-31 08:17:00,6259,6260,6261,6257,6260,6261,6262,6258,24
2015-12-31 08:17:00,2015-12-31 08:18:00,6260,6258,6261,6258,6261,6259,6262,6259,10
2015-12-31 08:18:00,2015-12-31 08:19:00,6258,6260,6260,6258,6259,6261,6261,6259,6
2015-12-31 08:19:00,2015-12-31 08:20:00,6260,6258,6260,6256,6261,6259,6261,6257,40
2015-12-31 08:20:00,2015-12-31 08:21:00,6258,6260,6260,6257,6259,6261,6261,6259,42
2015-12-31 08:21:00,2015-12-31 08:22:00,6260,6260,6260,6258,6261,6261,6261,6259,16
2015-12-31 08:22:00,2015-12-31 08:23:00,6260,6260,6260,6259,6261,6261,6261,6260,10
2015-12-31 08:23:00,2015-12-31 08:24:00,6260,6260,6261,6259,6261,6261,6262,6260,34
2015-12-31 08:24:00,2015-12-31 08:25:00,6260,6258,6259,6257,6261,6259,6261,6258,12
2015-12-31 08:25:00,2015-12-31 08:26:00,6258,6257,6259,6257,6259,6258,6260,6258,22
2015-12-31 08:26:00,2015-12-31 08:27:00,6257,6257,6259,6257,6258,6258,6260,6258,12
2015-12-31 08:27:00,2015-12-31 08:28:00,6257,6259,6259,6257,6258,6260,6260,6258,10
2015-12-31 08:28:00,2015-12-31 08:29:00,6259,6259,6259,6258,6260,6260,6260,6259,12
2015-12-31 08:29:00,2015-12-31 08:30:00,6259,6261,6261,6259,6260,6262,6262,6260,14
2015-12-31 08:30:00,2015-12-31 08:31:00,6261,6259,6260,6258,6262,6260,6262,6259,24
2015-12-31 08:31:00,2015-12-31 08:32:00,6259,6256,6258,6256,6260,6257,6260,6257,8
2015-12-31 08:32:00,2015-12-31 08:33:00,6256,6257,6257,6255,6257,6258,6258,6256,42
2015-12-31 08:33:00,2015-12-31 08:34:00,6257,6256,6257,6255,6258,6258,6258,6256,25
2015-12-31 08:34:00,2015-12-31 08:35:00,6256,6255,6257,6255,6258,6257,6258,6256,22
2015-12-31 08:35:00,2015-12-31 08:36:00,6255,6256,6257,6255,6257,6257,6258,6256,13
2015-12-31 08:36:00,2015-12-31 08:37:00,6256,6256,6257,6255,6257,6257,6258,6256,12
2015-12-31 08:37:00,2015-12-31 08:38:00,6256,6256,6257,6256,6257,6257,6258,6257,14
2015-12-31 08:38:00,2015-12-31 08:39:00,6256,6255,6257,6255,6257,6257,6258,6256,17
2015-12-31 08:39:00,2015-12-31 08:40:00,6255,6254,6255,6254,6257,6255,6256,6255,13
2015-12-31 08:40:00,2015-12-31 08:41:00,6254,6254,6255,6254,6255,6256,6257,6255,13
2015-12-31 08:41:00,2015-12-31 08:42:00,6254,6256,6256,6254,6256,6257,6257,6255,11
2015-12-31 08:42:00,2015-12-31 08:43:00,6256,6256,6256,6255,6257,6257,6258,6257,8
2015-12-31 08:43:00,2015-12-31 08:45:00,6256,6256,6256,6256,6257,6258,6258,6257,9
2015-12-31 08:45:00,2015-12-31 08:46:00,6256,6256,6257,6256,6258,6257,6259,6257,25
2015-12-31 08:46:00,2015-12-31 08:47:00,6256,6256,6256,6256,6257,6257,6258,6257,2
2015-12-31 08:47:00,2015-12-31 08:48:00,6256,6256,6257,6255,6257,6258,6258,6257,11
2015-12-31 08:48:00,2015-12-31 08:49:00,6256,6257,6258,6257,6258,6258,6259,6258,5
2015-12-31 08:49:00,2015-12-31 08:50:00,6257,6257,6257,6257,6258,6258,6259,6258,12
2015-12-31 08:50:00,2015-12-31 08:51:00,6257,6256,6257,6256,6258,6258,6259,6257,11
2015-12-31 08:51:00,2015-12-31 08:52:00,6256,6255,6256,6255,6258,6256,6257,6256,13
2015-12-31 08:52:00,2015-12-31 08:53:00,6255,6255,6255,6254,6256,6256,6256,6255,8
2015-12-31 08:53:00,2015-12-31 08:54:00,6255,6255,6256,6255,6256,6256,6257,6256,6
2015-12-31 08:54:00,2015-12-31 08:55:00,6255,6256,6256,6255,6256,6257,6257,6256,10
2015-12-31 08:55:00,2015-12-31 08:56:00,6256,6256,6256,6256,6257,6258,6258,6258,1
2015-12-31 08:56:00,2015-12-31 08:57:00,6256,6257,6257,6256,6258,6258,6258,6257,11
2015-12-31 08:57:00,2015-12-31 08:58:00,6257,6257,6257,6257,6258,6258,6259,6258,2
2015-12-31 08:58:00,2015-12-31 08:59:00,6257,6257,6258,6257,6258,6258,6259,6258,18
2015-12-31 08:59:00,2015-12-31 09:00:00,6257,6256,6256,6255,6258,6257,6258,6257,4
2015-12-31 09:00:00,2015-12-31 09:01:00,6256,6256,6257,6256,6257,6257,6258,6257,6
2015-12-31 09:01:00,2015-12-31 09:02:00,6256,6257,6257,6255,6257,6258,6258,6256,6
2015-12-31 09:02:00,2015-12-31 09:05:00,6257,6257,6257,6256,6258,6258,6258,6257,8
2015-12-31 09:05:00,2015-12-31 09:06:00,6257,6256,6256,6256,6258,6257,6258,6257,6
2015-12-31 09:06:00,2015-12-31 09:07:00,6256,6256,6257,6254,6257,6257,6258,6256,22
2015-12-31 09:07:00,2015-12-31 09:08:00,6256,6255,6255,6254,6257,6257,6257,6256,9
2015-12-31 09:08:00,2015-12-31 09:09:00,6255,6256,6256,6255,6257,6257,6258,6257,5
2015-12-31 09:09:00,2015-12-31 09:11:00,6255,6254,6255,6254,6256,6255,6256,6255,10
2015-12-31 09:11:00,2015-12-31 09:12:00,6254,6254,6255,6254,6255,6255,6256,6255,12
2015-12-31 09:12:00,2015-12-31 09:13:00,6254,6254,6255,6254,6255,6255,6256,6255,28
2015-12-31 09:13:00,2015-12-31 09:14:00,6254,6255,6255,6254,6255,6256,6256,6255,4
2015-12-31 09:14:00,2015-12-31 09:16:00,6256,6257,6257,6256,6257,6258,6258,6258,2
2015-12-31 09:16:00,2015-12-31 09:17:00,6257,6257,6258,6257,6258,6258,6259,6258,12
2015-12-31 09:17:00,2015-12-31 09:20:00,6257,6255,6257,6255,6258,6256,6258,6256,38
2015-12-31 09:20:00,2015-12-31 09:21:00,6255,6254,6255,6254,6256,6255,6256,6255,12
2015-12-31 09:21:00,2015-12-31 09:22:00,6254,6254,6255,6254,6255,6255,6256,6255,4
2015-12-31 09:22:00,2015-12-31 09:23:00,6254,6255,6255,6254,6255,6257,6257,6256,9
2015-12-31 09:23:00,2015-12-31 09:25:00,6256,6255,6256,6255,6257,6256,6257,6256,6
2015-12-31 09:25:00,2015-12-31 09:26:00,6255,6256,6256,6255,6256,6257,6257,6256,4
2015-12-31 09:26:00,2015-12-31 09:27:00,6256,6257,6258,6256,6257,6259,6259,6258,29
2015-12-31 09:27:00,2015-12-31 09:28:00,6257,6258,6258,6257,6259,6259,6259,6258,13
2015-12-31 09:28:00,2015-12-31 09:29:00,6258,6258,6258,6257,6259,6259,6259,6259,2
2015-12-31 09:29:00,2015-12-31 09:31:00,6258,6258,6259,6257,6259,6259,6260,6259,14
2015-12-31 09:31:00,2015-12-31 09:32:00,6258,6257,6258,6257,6259,6259,6259,6258,5
2015-12-31 09:32:00,2015-12-31 09:33:00,6257,6258,6258,6257,6259,6259,6259,6258,7
2015-12-31 09:33:00,2015-12-31 09:34:00,6258,6258,6259,6258,6259,6259,6260,6259,8
2015-12-31 09:34:00,2015-12-31 09:35:00,6258,6258,6259,6258,6259,6259,6260,6259,6
2015-12-31 09:35:00,2015-12-31 09:36:00,6258,6258,6258,6257,6259,6259,6259,6258,10
2015-12-31 09:36:00,2015-12-31 09:38:00,6258,6258,6259,6257,6259,6259,6260,6259,8
2015-12-31 09:38:00,2015-12-31 09:39:00,6258,6257,6257,6257,6259,6258,6259,6258,2
2015-12-31 09:39:00,2015-12-31 09:41:00,6256,6256,6257,6256,6257,6258,6258,6258,7
2015-12-31 09:41:00,2015-12-31 09:42:00,6256,6256,6257,6256,6258,6257,6258,6257,7
2015-12-31 09:42:00,2015-12-31 09:43:00,6256,6257,6257,6256,6257,6258,6258,6257,10
2015-12-31 09:43:00,2015-12-31 09:45:00,6257,6256,6256,6256,6258,6257,6258,6257,2
2015-12-31 09:45:00,2015-12-31 09:46:00,6256,6255,6257,6255,6257,6257,6258,6257,9
2015-12-31 09:46:00,2015-12-31 09:47:00,6255,6255,6255,6255,6257,6256,6256,6256,1
2015-12-31 09:47:00,2015-12-31 09:48:00,6255,6255,6256,6255,6256,6257,6257,6257,5
2015-12-31 09:48:00,2015-12-31 09:49:00,6255,6255,6256,6255,6257,6257,6257,6256,10
2015-12-31 09:49:00,2015-12-31 09:51:00,6256,6255,6257,6255,6257,6256,6258,6256,8
2015-12-31 09:51:00,2015-12-31 09:52:00,6255,6256,6257,6255,6256,6257,6258,6257,10
2015-12-31 09:52:00,2015-12-31 09:53:00,6256,6256,6256,6255,6257,6257,6257,6256,4
2015-12-31 09:53:00,2015-12-31 09:54:00,6256,6257,6257,6256,6257,6258,6258,6257,6
2015-12-31 09:54:00,2015-12-31 09:55:00,6257,6257,6257,6256,6258,6258,6258,6257,20
2015-12-31 09:55:00,2015-12-31 09:57:00,6257,6257,6257,6256,6258,6258,6258,6257,14
2015-12-31 09:57:00,2015-12-31 09:58:00,6257,6257,6258,6256,6258,6258,6259,6258,36
2015-12-31 09:58:00,2015-12-31 10:02:00,6257,6258,6258,6256,6258,6259,6259,6258,20
2015-12-31 10:02:00,2015-12-31 10:03:00,6258,6259,6259,6258,6259,6260,6260,6259,9
2015-12-31 10:03:00,2015-12-31 10:04:00,6259,6257,6259,6257,6260,6258,6260,6258,8
2015-12-31 10:04:00,2015-12-31 10:06:00,6257,6257,6258,6257,6258,6258,6259,6258,6
2015-12-31 10:06:00,2015-12-31 10:07:00,6257,6257,6258,6257,6258,6258,6259,6258,4
2015-12-31 10:07:00,2015-12-31 10:10:00,6257,6262,6262,6257,6258,6263,6263,6259,31
2015-12-31 10:10:00,2015-12-31 10:11:00,6262,6262,6264,6262,6263,6263,6265,6263,16
2015-12-31 10:11:00,2015-12-31 10:12:00,6262,6262,6263,6261,6263,6263,6264,6263,6
2015-12-31 10:12:00,2015-12-31 10:13:00,6262,6261,6263,6261,6263,6263,6264,6262,7
2015-12-31 10:13:00,2015-12-31 10:14:00,6261,6262,6263,6261,6263,6263,6264,6262,9
2015-12-31 10:14:00,2015-12-31 10:15:00,6262,6263,6263,6262,6263,6264,6264,6263,32
2015-12-31 10:15:00,2015-12-31 10:16:00,6263,6262,6263,6262,6264,6263,6264,6263,8
2015-12-31 10:16:00,2015-12-31 10:17:00,6262,6266,6266,6261,6263,6267,6267,6263,54
2015-12-31 10:17:00,2015-12-31 10:18:00,6266,6265,6266,6264,6267,6267,6268,6266,13
2015-12-31 10:18:00,2015-12-31 10:19:00,6265,6263,6265,6263,6267,6265,6266,6264,10
2015-12-31 10:19:00,2015-12-31 10:20:00,6263,6265,6265,6263,6265,6266,6266,6264,13
2015-12-31 10:20:00,2015-12-31 10:21:00,6265,6265,6266,6263,6266,6266,6267,6265,16
2015-12-31 10:21:00,2015-12-31 10:22:00,6265,6263,6265,6263,6266,6265,6266,6265,7
2015-12-31 10:22:00,2015-12-31 10:23:00,6263,6262,6264,6262,6265,6264,6266,6263,14
2015-12-31 10:23:00,2015-12-31 10:24:00,6262,6261,6263,6261,6264,6262,6264,6262,13
2015-12-31 10:24:00,2015-12-31 10:25:00,6261,6260,6260,6259,6262,6261,6262,6260,8
2015-12-31 10:25:00,2015-12-31 10:26:00,6260,6259,6259,6258,6261,6260,6261,6259,8
2015-12-31 10:26:00,2015-12-31 10:28:00,6259,6259,6259,6258,6260,6260,6260,6259,10
2015-12-31 10:28:00,2015-12-31 10:29:00,6259,6261,6261,6258,6260,6262,6262,6259,12
2015-12-31 10:29:00,2015-12-31 10:30:00,6261,6263,6263,6261,6262,6264,6264,6262,42
2015-12-31 10:30:00,2015-12-31 10:31:00,6263,6262,6263,6262,6264,6263,6265,6263,4
2015-12-31 10:31:00,2015-12-31 10:32:00,6262,6264,6264,6262,6263,6265,6265,6264,14
2015-12-31 10:32:00,2015-12-31 10:33:00,6264,6263,6263,6263,6265,6264,6265,6264,4
2015-12-31 10:33:00,2015-12-31 10:34:00,6263,6264,6264,6261,6264,6265,6265,6263,20
2015-12-31 10:34:00,2015-12-31 10:35:00,6264,6264,6265,6263,6265,6265,6266,6264,16
2015-12-31 10:35:00,2015-12-31 10:36:00,6264,6261,6264,6261,6265,6262,6266,6262,16
2015-12-31 10:36:00,2015-12-31 10:37:00,6261,6261,6262,6260,6262,6262,6263,6261,14
2015-12-31 10:37:00,2015-12-31 10:38:00,6261,6261,6261,6260,6262,6262,6262,6261,4
2015-12-31 10:38:00,2015-12-31 10:39:00,6261,6260,6261,6260,6262,6262,6262,6261,7
2015-12-31 10:39:00,2015-12-31 10:40:00,6260,6260,6261,6260,6262,6261,6262,6261,5
2015-12-31 10:40:00,2015-12-31 10:41:00,6260,6260,6261,6259,6261,6261,6262,6260,10
2015-12-31 10:41:00,2015-12-31 10:42:00,6260,6260,6260,6260,6261,6262,6262,6262,1
2015-12-31 10:42:00,2015-12-31 10:43:00,6260,6262,6262,6260,6262,6263,6263,6261,15
2015-12-31 10:43:00,2015-12-31 10:44:00,6262,6266,6266,6262,6263,6267,6267,6263,18
2015-12-31 10:44:00,2015-12-31 10:45:00,6266,6267,6267,6266,6267,6268,6268,6267,14
2015-12-31 10:45:00,2015-12-31 10:46:00,6267,6265,6266,6265,6268,6266,6268,6266,10
2015-12-31 10:46:00,2015-12-31 10:47:00,6265,6264,6265,6264,6266,6266,6267,6265,11
2015-12-31 10:47:00,2015-12-31 10:48:00,6264,6266,6266,6264,6266,6267,6267,6265,11
2015-12-31 10:48:00,2015-12-31 10:49:00,6266,6264,6267,6264,6267,6265,6268,6265,10
2015-12-31 10:49:00,2015-12-31 10:50:00,6264,6264,6264,6264,6265,6265,6266,6265,18
2015-12-31 10:50:00,2015-12-31 10:51:00,6264,6263,6264,6263,6265,6265,6266,6264,7
2015-12-31 10:51:00,2015-12-31 10:52:00,6263,6264,6265,6263,6265,6266,6266,6264,22
2015-12-31 10:52:00,2015-12-31 10:53:00,6264,6263,6264,6263,6266,6265,6265,6265,4
2015-12-31 10:53:00,2015-12-31 10:54:00,6263,6264,6265,6264,6265,6266,6266,6265,8
2015-12-31 10:54:00,2015-12-31 10:55:00,6264,6264,6264,6264,6266,6266,6266,6265,4
2015-12-31 10:55:00,2015-12-31 10:56:00,6264,6264,6265,6263,6266,6266,6266,6264,12
2015-12-31 10:56:00,2015-12-31 10:57:00,6264,6262,6265,6262,6266,6264,6266,6263,34
2015-12-31 10:57:00,2015-12-31 10:58:00,6262,6263,6263,6262,6264,6264,6265,6263,13
2015-12-31 10:58:00,2015-12-31 10:59:00,6263,6263,6263,6262,6264,6264,6264,6263,16
2015-12-31 10:59:00,2015-12-31 11:00:00,6263,6262,6263,6261,6264,6263,6264,6263,8
2015-12-31 11:00:00,2015-12-31 11:01:00,6262,6262,6263,6261,6263,6263,6264,6263,14
2015-12-31 11:01:00,2015-12-31 11:03:00,6262,6261,6262,6261,6263,6262,6264,6262,12
2015-12-31 11:03:00,2015-12-31 11:04:00,6261,6261,6261,6260,6262,6262,6262,6262,2
2015-12-31 11:04:00,2015-12-31 11:05:00,6261,6262,6262,6261,6262,6263,6263,6262,8
2015-12-31 11:05:00,2015-12-31 11:07:00,6262,6261,6261,6261,6263,6262,6263,6262,4
2015-12-31 11:07:00,2015-12-31 11:08:00,6261,6261,6262,6261,6262,6262,6263,6262,12
2015-12-31 11:08:00,2015-12-31 11:09:00,6261,6261,6262,6261,6262,6262,6263,6262,6
2015-12-31 11:09:00,2015-12-31 11:10:00,6261,6260,6261,6260,6262,6261,6262,6261,28
2015-12-31 11:10:00,2015-12-31 11:11:00,6260,6259,6260,6259,6261,6261,6261,6260,5
2015-12-31 11:11:00,2015-12-31 11:12:00,6259,6258,6259,6258,6261,6259,6261,6259,11
2015-12-31 11:12:00,2015-12-31 11:13:00,6258,6257,6259,6257,6259,6259,6260,6258,21
2015-12-31 11:13:00,2015-12-31 11:14:00,6257,6257,6257,6257,6259,6259,6259,6258,2
2015-12-31 11:14:00,2015-12-31 11:15:00,6257,6257,6257,6256,6259,6258,6259,6258,23
2015-12-31 11:15:00,2015-12-31 11:16:00,6257,6257,6258,6256,6258,6258,6259,6258,70
2015-12-31 11:16:00,2015-12-31 11:17:00,6257,6257,6257,6256,6258,6258,6258,6258,20
2015-12-31 11:17:00,2015-12-31 11:18:00,6257,6256,6256,6256,6258,6258,6258,6257,13
2015-12-31 11:18:00,2015-12-31 11:19:00,6256,6255,6257,6255,6258,6256,6258,6256,9
2015-12-31 11:19:00,2015-12-31 11:20:00,6255,6255,6256,6255,6256,6256,6257,6256,12
2015-12-31 11:20:00,2015-12-31 11:21:00,6255,6254,6256,6254,6256,6256,6257,6255,9
2015-12-31 11:21:00,2015-12-31 11:22:00,6254,6254,6255,6254,6256,6256,6256,6255,8
2015-12-31 11:22:00,2015-12-31 11:23:00,6254,6255,6255,6254,6256,6256,6256,6255,17
2015-12-31 11:23:00,2015-12-31 11:24:00,6255,6256,6257,6255,6256,6257,6258,6257,8
2015-12-31 11:24:00,2015-12-31 11:25:00,6256,6255,6255,6255,6257,6257,6257,6256,7
2015-12-31 11:25:00,2015-12-31 11:26:00,6255,6254,6255,6254,6257,6256,6256,6256,2
2015-12-31 11:26:00,2015-12-31 11:27:00,6254,6255,6255,6254,6256,6257,6257,6255,4
2015-12-31 11:27:00,2015-12-31 11:28:00,6255,6256,6256,6255,6257,6257,6257,6256,3
2015-12-31 11:28:00,2015-12-31 11:29:00,6256,6257,6257,6255,6257,6258,6258,6257,8
2015-12-31 11:29:00,2015-12-31 11:30:00,6257,6256,6258,6256,6258,6257,6259,6257,20
2015-12-31 11:30:00,2015-12-31 11:31:00,6256,6256,6257,6256,6257,6258,6258,6257,5
2015-12-31 11:31:00,2015-12-31 11:32:00,6256,6256,6257,6256,6258,6257,6258,6257,3
2015-12-31 11:32:00,2015-12-31 11:33:00,6256,6256,6257,6255,6257,6257,6258,6257,18
2015-12-31 11:33:00,2015-12-31 11:34:00,6256,6256,6256,6255,6257,6257,6257,6256,6
2015-12-31 11:34:00,2015-12-31 11:35:00,6256,6255,6256,6254,6257,6256,6257,6255,14
2015-12-31 11:35:00,2015-12-31 11:36:00,6255,6255,6255,6254,6256,6256,6256,6255,6
2015-12-31 11:36:00,2015-12-31 11:38:00,6255,6255,6255,6254,6256,6256,6256,6255,12
2015-12-31 11:38:00,2015-12-31 11:39:00,6255,6255,6255,6253,6256,6256,6256,6255,8
2015-12-31 11:39:00,2015-12-31 11:40:00,6255,6253,6256,6253,6256,6255,6257,6255,7
2015-12-31 11:40:00,2015-12-31 11:41:00,6253,6253,6254,6253,6255,6255,6256,6255,4
2015-12-31 11:41:00,2015-12-31 11:42:00,6253,6252,6254,6252,6255,6253,6255,6253,33
2015-12-31 11:42:00,2015-12-31 11:43:00,6252,6252,6252,6251,6253,6253,6254,6252,8
2015-12-31 11:43:00,2015-12-31 11:44:00,6252,6252,6252,6251,6253,6253,6253,6252,10
2015-12-31 11:44:00,2015-12-31 11:45:00,6252,6250,6252,6250,6253,6251,6253,6251,10
2015-12-31 11:45:00,2015-12-31 11:46:00,6250,6250,6251,6249,6251,6252,6252,6251,19
2015-12-31 11:46:00,2015-12-31 11:47:00,6250,6250,6250,6250,6252,6251,6252,6251,9
2015-12-31 11:47:00,2015-12-31 11:48:00,6250,6249,6250,6249,6251,6251,6251,6250,23
2015-12-31 11:48:00,2015-12-31 11:49:00,6249,6250,6250,6249,6251,6251,6251,6250,11
2015-12-31 11:49:00,2015-12-31 11:50:00,6250,6250,6251,6249,6251,6251,6252,6250,16
2015-12-31 11:50:00,2015-12-31 11:51:00,6250,6246,6249,6246,6251,6248,6251,6248,17
2015-12-31 11:51:00,2015-12-31 11:52:00,6246,6243,6246,6243,6248,6245,6247,6244,66
2015-12-31 11:52:00,2015-12-31 11:53:00,6243,6238,6243,6238,6245,6240,6244,6239,46
2015-12-31 11:53:00,2015-12-31 11:54:00,6238,6240,6240,6237,6240,6242,6242,6238,40
2015-12-31 11:54:00,2015-12-31 11:55:00,6240,6237,6240,6237,6242,6239,6241,6238,26
2015-12-31 11:55:00,2015-12-31 11:56:00,6237,6238,6238,6236,6239,6239,6239,6237,67
2015-12-31 11:56:00,2015-12-31 11:57:00,6238,6249,6250,6237,6239,6250,6251,6239,43
2015-12-31 11:57:00,2015-12-31 11:58:00,6249,6247,6248,6247,6250,6248,6250,6248,14
2015-12-31 11:58:00,2015-12-31 11:59:00,6247,6246,6248,6246,6248,6248,6250,6248,14
2015-12-31 11:59:00,2015-12-31 12:00:00,6246,6244,6246,6244,6248,6245,6247,6245,7
2015-12-31 12:00:00,2015-12-31 12:05:00,6244,6244,6244,6244,6245,6245,6245,6245,2
2015-12-31 12:05:00,2016-01-03 22:00:00,6244,6244,6244,6244,6245,6245,6245,6245,1
2016-01-03 22:00:00,2016-01-04 07:00:00,6244,6172,6244,6170,6245,6173,6245,6172,78
2016-01-04 07:00:00,2016-01-04 07:01:00,6172,6177,6178,6172,6173,6178,6179,6174,54
2016-01-04 07:01:00,2016-01-04 07:02:00,6177,6177,6179,6177,6178,6179,6181,6178,39
2016-01-04 07:02:00,2016-01-04 07:03:00,6177,6180,6180,6172,6179,6181,6181,6174,53
2016-01-04 07:03:00,2016-01-04 07:04:00,6180,6175,6179,6175,6181,6177,6181,6177,13
2016-01-04 07:04:00,2016-01-04 07:05:00,6175,6177,6177,6174,6177,6178,6179,6176,35
2016-01-04 07:05:00,2016-01-04 07:06:00,6177,6180,6180,6177,6178,6181,6181,6179,38
2016-01-04 07:06:00,2016-01-04 07:07:00,6180,6184,6184,6180,6181,6186,6188,6181,32
2016-01-04 07:07:00,2016-01-04 07:08:00,6184,6182,6185,6182,6186,6184,6187,6184,14
2016-01-04 07:08:00,2016-01-04 07:09:00,6182,6175,6182,6175,6184,6177,6183,6177,28
2016-01-04 07:09:00,2016-01-04 07:10:00,6175,6172,6175,6169,6177,6174,6177,6170,50
2016-01-04 07:10:00,2016-01-04 07:11:00,6172,6168,6172,6168,6174,6171,6173,6169,49
2016-01-04 07:11:00,2016-01-04 07:12:00,6168,6169,6170,6168,6171,6171,6172,6170,19
2016-01-04 07:12:00,2016-01-04 07:13:00,6169,6168,6170,6167,6171,6169,6172,6169,12
2016-01-04 07:13:00,2016-01-04 07:14:00,6168,6167,6167,6164,6169,6169,6169,6167,25
2016-01-04 07:14:00,2016-01-04 07:15:00,6167,6170,6173,6167,6169,6172,6174,6168,38
2016-01-04 07:15:00,2016-01-04 07:16:00,6170,6171,6171,6168,6172,6172,6173,6169,17
2016-01-04 07:16:00,2016-01-04 07:17:00,6171,6171,6171,6168,6172,6172,6172,6169,32
2016-01-04 07:17:00,2016-01-04 07:18:00,6171,6169,6171,6168,6172,6170,6172,6170,40
2016-01-04 07:18:00,2016-01-04 07:19:00,6169,6171,6171,6168,6170,6172,6173,6170,55
2016-01-04 07:19:00,2016-01-04 07:20:00,6171,6173,6173,6170,6172,6175,6175,6172,13
2016-01-04 07:20:00,2016-01-04 07:21:00,6173,6173,6178,6173,6175,6175,6179,6175,33
2016-01-04 07:21:00,2016-01-04 07:22:00,6173,6169,6173,6169,6175,6171,6174,6171,20
2016-01-04 07:22:00,2016-01-04 07:23:00,6169,6171,6172,6169,6171,6173,6174,6170,14
2016-01-04 07:23:00,2016-01-04 07:24:00,6171,6172,6174,6171,6173,6173,6175,6172,35
2016-01-04 07:24:00,2016-01-04 07:25:00,6172,6175,6175,6171,6173,6176,6176,6173,18
2016-01-04 07:25:00,2016-01-04 07:26:00,6175,6175,6176,6174,6176,6177,6178,6176,9
2016-01-04 07:26:00,2016-01-04 07:27:00,6175,6177,6177,6176,6177,6179,6179,6177,4
2016-01-04 07:27:00,2016-01-04 07:28:00,6177,6172,6177,6172,6179,6174,6178,6173,24
2016-01-04 07:28:00,2016-01-04 07:29:00,6172,6174,6174,6173,6174,6176,6176,6174,12
2016-01-04 07:29:00,2016-01-04 07:30:00,6174,6175,6176,6172,6176,6176,6177,6174,25
2016-01-04 07:30:00,2016-01-04 07:31:00,6175,6174,6175,6174,6176,6175,6176,6175,6
2016-01-04 07:31:00,2016-01-04 07:32:00,6174,6172,6174,6171,6175,6173,6175,6172,12
2016-01-04 07:32:00,2016-01-04 07:33:00,6172,6168,6171,6168,6173,6169,6173,6169,20
2016-01-04 07:33:00,2016-01-04 07:34:00,6168,6172,6172,6168,6169,6173,6173,6169,24
2016-01-04 07:34:00,2016-01-04 07:35:00,6172,6170,6172,6170,6173,6171,6174,6171,34
2016-01-04 07:35:00,2016-01-04 07:36:00,6170,6171,6172,6169,6171,6172,6173,6171,26
2016-01-04 07:36:00,2016-01-04 07:37:00,6171,6167,6170,6167,6172,6169,6172,6168,27
2016-01-04 07:37:00,2016-01-04 07:38:00,6167,6168,6170,6167,6169,6169,6171,6169,17
2016-01-04 07:38:00,2016-01-04 07:39:00,6168,6169,6169,6167,6169,6170,6170,6169,16
2016-01-04 07:39:00,2016-01-04 07:40:00,6169,6166,6169,6166,6170,6167,6171,6167,22
2016-01-04 07:40:00,2016-01-04 07:41:00,6166,6169,6170,6166,6167,6171,6171,6167,25
2016-01-04 07:41:00,2016-01-04 07:42:00,6169,6167,6169,6167,6171,6168,6170,6168,19
2016-01-04 07:42:00,2016-01-04 07:43:00,6167,6166,6168,6166,6168,6167,6169,6167,8
2016-01-04 07:43:00,2016-01-04 07:44:00,6166,6166,6169,6162,6167,6168,6171,6164,39
2016-01-04 07:44:00,2016-01-04 07:45:00,6166,6166,6167,6164,6168,6167,6168,6166,39
2016-01-04 07:45:00,2016-01-04 07:46:00,6166,6160,6166,6159,6167,6162,6167,6161,61
2016-01-04 07:46:00,2016-01-04 07:47:00,6160,6159,6162,6156,6162,6161,6165,6158,64
2016-01-04 07:47:00,2016-01-04 07:48:00,6159,6159,6161,6157,6161,6161,6164,6159,45
2016-01-04 07:48:00,2016-01-04 07:49:00,6159,6161,6161,6158,6161,6162,6164,6159,28
2016-01-04 07:49:00,2016-01-04 07:50:00,6161,6163,6165,6161,6162,6164,6167,6162,66
2016-01-04 07:50:00,2016-01-04 07:51:00,6163,6163,6163,6162,6164,6165,6165,6163,15
2016-01-04 07:51:00,2016-01-04 07:52:00,6163,6163,6165,6162,6165,6165,6167,6164,17
2016-01-04 07:52:00,2016-01-04 07:53:00,6163,6165,6166,6163,6165,6167,6167,6164,32
2016-01-04 07:53:00,2016-01-04 07:54:00,6165,6164,6166,6164,6167,6165,6167,6165,11
2016-01-04 07:54:00,2016-01-04 07:55:00,6164,6165,6166,6164,6165,6166,6167,6166,12
2016-01-04 07:55:00,2016-01-04 07:56:00,6165,6160,6164,6160,6166,6161,6166,6161,32
2016-01-04 07:56:00,2016-01-04 07:57:00,6160,6159,6161,6159,6161,6160,6162,6160,32
2016-01-04 07:57:00,2016-01-04 07:58:00,6159,6165,6165,6158,6160,6167,6167,6159,49
2016-01-04 07:58:00,2016-01-04 07:59:00,6165,6172,6179,6165,6167,6173,6180,6166,100
2016-01-04 07:59:00,2016-01-04 08:00:00,6172,6179,6183,6169,6173,6180,6185,6172,688
2016-01-04 08:00:00,2016-01-04 08:01:00,6179,6168,6178,6168,6180,6169,6180,6169,372
2016-01-04 08:01:00,2016-01-04 08:02:00,6168,6160,6168,6160,6169,6161,6170,6161,356
2016-01-04 08:02:00,2016-01-04 08:03:00,6160,6148,6160,6148,6161,6150,6162,6149,245
2016-01-04 08:03:00,2016-01-04 08:04:00,6148,6152,6154,6148,6150,6153,6155,6149,243
2016-01-04 08:04:00,2016-01-04 08:05:00,6152,6147,6151,6147,6153,6149,6153,6148,237
2016-01-04 08:05:00,2016-01-04 08:06:00,6147,6142,6148,6141,6149,6143,6149,6142,213
2016-01-04 08:06:00,2016-01-04 08:07:00,6142,6131,6142,6130,6143,6132,6143,6131,270
2016-01-04 08:07:00,2016-01-04 08:08:00,6131,6128,6131,6126,6132,6129,6133,6127,255
2016-01-04 08:08:00,2016-01-04 08:09:00,6128,6125,6128,6123,6129,6127,6129,6125,113
2016-01-04 08:09:00,2016-01-04 08:10:00,6125,6119,6125,6117,6127,6120,6127,6118,217
2016-01-04 08:10:00,2016-01-04 08:11:00,6119,6116,6119,6113,6120,6117,6121,6114,194
2016-01-04 08:11:00,2016-01-04 08:12:00,6116,6118,6119,6114,6117,6119,6120,6115,139
2016-01-04 08:12:00,2016-01-04 08:13:00,6118,6124,6124,6117,6119,6125,6125,6118,134
2016-01-04 08:13:00,2016-01-04 08:14:00,6124,6126,6127,6123,6125,6127,6128,6124,70
2016-01-04 08:14:00,2016-01-04 08:15:00,6126,6120,6125,6120,6127,6122,6127,6121,91
2016-01-04 08:15:00,2016-01-04 08:16:00,6120,6115,6121,6115,6122,6117,6122,6116,178
2016-01-04 08:16:00,2016-01-04 08:17:00,6115,6115,6115,6112,6117,6116,6117,6113,107
2016-01-04 08:17:00,2016-01-04 08:18:00,6115,6112,6115,6109,6116,6113,6116,6110,253
2016-01-04 08:18:00,2016-01-04 08:19:00,6112,6114,6117,6111,6113,6115,6118,6112,154
2016-01-04 08:19:00,2016-01-04 08:20:00,6114,6108,6114,6108,6115,6110,6116,6109,141
2016-01-04 08:20:00,2016-01-04 08:21:00,6108,6104,6108,6103,6110,6106,6109,6104,242
2016-01-04 08:21:00,2016-01-04 08:22:00,6104,6110,6111,6101,6106,6112,6112,6102,180
2016-01-04 08:22:00,2016-01-04 08:23:00,6110,6110,6113,6108,6112,6111,6114,6109,135
2016-01-04 08:23:00,2016-01-04 08:24:00,6110,6114,6115,6107,6111,6115,6117,6109,116
2016-01-04 08:24:00,2016-01-04 08:25:00,6114,6107,6115,6106,6115,6108,6116,6107,122
2016-01-04 08:25:00,2016-01-04 08:26:00,6107,6107,6107,6103,6108,6108,6109,6104,104
2016-01-04 08:26:00,2016-01-04 08:27:00,6107,6105,6107,6104,6108,6106,6108,6105,106
2016-01-04 08:27:00,2016-01-04 08:28:00,6105,6112,6113,6104,6106,6113,6114,6105,94
2016-01-04 08:28:00,2016-01-04 08:29:00,6112,6110,6113,6108,6113,6111,6114,6109,120
2016-01-04 08:29:00,2016-01-04 08:30:00,6110,6105,6110,6104,6111,6106,6112,6105,168
2016-01-04 08:30:00,2016-01-04 08:31:00,6105,6110,6111,6102,6106,6111,6112,6104,130
2016-01-04 08:31:00,2016-01-04 08:32:00,6110,6117,6118,6109,6111,6118,6119,6110,126
2016-01-04 08:32:00,2016-01-04 08:33:00,6117,6124,6125,6113,6118,6126,6126,6115,242
2016-01-04 08:33:00,2016-01-04 08:34:00,6124,6133,6133,6121,6126,6134,6134,6123,332
2016-01-04 08:34:00,2016-01-04 08:35:00,6133,6133,6135,6132,6134,6135,6136,6134,115
2016-01-04 08:35:00,2016-01-04 08:36:00,6133,6136,6137,6133,6135,6137,6138,6134,91
2016-01-04 08:36:00,2016-01-04 08:37:00,6136,6143,6145,6134,6137,6145,6146,6135,145
2016-01-04 08:37:00,2016-01-04 08:38:00,6143,6153,6153,6141,6145,6154,6155,6142,233
2016-01-04 08:38:00,2016-01-04 08:39:00,6153,6150,6153,6147,6154,6152,6154,6148,187
2016-01-04 08:39:00,2016-01-04 08:40:00,6150,6145,6150,6144,6152,6146,6151,6145,121
2016-01-04 08:40:00,2016-01-04 08:41:00,6145,6143,6145,6141,6146,6144,6146,6142,92
2016-01-04 08:41:00,2016-01-04 08:42:00,6143,6140,6144,6139,6144,6141,6146,6140,90
2016-01-04 08:42:00,2016-01-04 08:43:00,6140,6141,6144,6140,6141,6142,6145,6141,72
2016-01-04 08:43:00,2016-01-04 08:44:00,6141,6139,6142,6139,6142,6141,6143,6140,71
2016-01-04 08:44:00,2016-01-04 08:45:00,6139,6135,6140,6133,6141,6136,6141,6134,97
2016-01-04 08:45:00,2016-01-04 08:46:00,6135,6126,6134,6125,6136,6127,6136,6126,152
2016-01-04 08:46:00,2016-01-04 08:47:00,6126,6128,6130,6126,6127,6129,6131,6128,84
2016-01-04 08:47:00,2016-01-04 08:48:00,6128,6128,6129,6125,6129,6130,6130,6126,71
2016-01-04 08:48:00,2016-01-04 08:49:00,6128,6127,6129,6124,6130,6128,6130,6125,93
2016-01-04 08:49:00,2016-01-04 08:50:00,6127,6123,6128,6122,6128,6124,6129,6123,94
2016-01-04 08:50:00,2016-01-04 08:51:00,6123,6120,6123,6117,6124,6121,6124,6118,98
2016-01-04 08:51:00,2016-01-04 08:52:00,6120,6117,6121,6116,6121,6119,6122,6117,53
2016-01-04 08:52:00,2016-01-04 08:53:00,6117,6114,6117,6113,6119,6115,6118,6114,63
2016-01-04 08:53:00,2016-01-04 08:54:00,6114,6113,6115,6111,6115,6114,6116,6112,90
2016-01-04 08:54:00,2016-01-04 08:55:00,6113,6122,6123,6112,6114,6123,6124,6114,149
2016-01-04 08:55:00,2016-01-04 08:56:00,6122,6126,6127,6122,6123,6128,6128,6124,81
2016-01-04 08:56:00,2016-01-04 08:57:00,6126,6128,6129,6126,6128,6129,6130,6127,41
2016-01-04 08:57:00,2016-01-04 08:58:00,6128,6128,6129,6126,6129,6129,6130,6127,42
2016-01-04 08:58:00,2016-01-04 08:59:00,6128,6126,6128,6124,6129,6127,6129,6125,92
2016-01-04 08:59:00,2016-01-04 09:00:00,6126,6124,6125,6122,6127,6125,6127,6124,92
2016-01-04 09:00:00,2016-01-04 09:01:00,6124,6126,6127,6123,6125,6127,6129,6124,92
2016-01-04 09:01:00,2016-01-04 09:02:00,6126,6131,6132,6125,6127,6132,6133,6127,94
2016-01-04 09:02:00,2016-01-04 09:03:00,6131,6130,6133,6129,6132,6131,6134,6131,110
2016-01-04 09:03:00,2016-01-04 09:04:00,6130,6130,6130,6126,6131,6131,6132,6127,112
2016-01-04 09:04:00,2016-01-04 09:05:00,6130,6128,6130,6125,6131,6129,6131,6127,76
2016-01-04 09:05:00,2016-01-04 09:06:00,6128,6126,6127,6124,6129,6127,6129,6125,114
2016-01-04 09:06:00,2016-01-04 09:07:00,6126,6127,6127,6124,6127,6128,6128,6125,62
2016-01-04 09:07:00,2016-01-04 09:08:00,6127,6130,6131,6127,6128,6131,6132,6128,70
2016-01-04 09:08:00,2016-01-04 09:09:00,6130,6128,6129,6123,6131,6130,6131,6124,123
2016-01-04 09:09:00,2016-01-04 09:10:00,6128,6127,6130,6127,6130,6128,6131,6128,83
2016-01-04 09:10:00,2016-01-04 09:11:00,6127,6129,6131,6126,6128,6130,6132,6127,64
2016-01-04 09:11:00,2016-01-04 09:12:00,6129,6129,6131,6127,6130,6130,6132,6128,76
2016-01-04 09:12:00,2016-01-04 09:13:00,6129,6127,6129,6126,6130,6128,6130,6127,74
2016-01-04 09:13:00,2016-01-04 09:14:00,6127,6122,6128,6122,6128,6124,6129,6123,75
2016-01-04 09:14:00,2016-01-04 09:15:00,6122,6125,6125,6123,6124,6126,6126,6124,33
2016-01-04 09:15:00,2016-01-04 09:16:00,6125,6121,6125,6120,6126,6122,6127,6121,58
2016-01-04 09:16:00,2016-01-04 09:17:00,6121,6119,6122,6119,6122,6121,6123,6120,67
2016-01-04 09:17:00,2016-01-04 09:18:00,6119,6120,6120,6116,6121,6121,6122,6117,151
2016-01-04 09:18:00,2016-01-04 09:19:00,6120,6121,6122,6120,6121,6122,6123,6121,56
2016-01-04 09:19:00,2016-01-04 09:20:00,6121,6120,6122,6119,6122,6121,6123,6120,90
2016-01-04 09:20:00,2016-01-04 09:21:00,6120,6125,6125,6119,6121,6127,6127,6120,69
2016-01-04 09:21:00,2016-01-04 09:22:00,6125,6130,6131,6125,6127,6132,6132,6126,92
2016-01-04 09:22:00,2016-01-04 09:23:00,6130,6130,6131,6129,6132,6131,6133,6130,43
2016-01-04 09:23:00,2016-01-04 09:24:00,6130,6124,6130,6123,6131,6125,6131,6125,96
2016-01-04 09:24:00,2016-01-04 09:25:00,6124,6129,6130,6123,6125,6130,6131,6124,82
2016-01-04 09:25:00,2016-01-04 09:26:00,6129,6136,6137,6129,6130,6137,6138,6131,54
2016-01-04 09:26:00,2016-01-04 09:27:00,6136,6135,6136,6135,6137,6136,6137,6136,24
2016-01-04 09:27:00,2016-01-04 09:28:00,6135,6132,6135,6132,6136,6134,6136,6134,27
2016-01-04 09:28:00,2016-01-04 09:29:00,6132,6133,6134,6133,6134,6134,6135,6134,7
2016-01-04 09:29:00,2016-01-04 09:30:00,6133,6136,6137,6131,6134,6137,6138,6132,42
2016-01-04 09:30:00,2016-01-04 09:31:00,6136,6137,6137,6135,6137,6138,6138,6136,34
2016-01-04 09:31:00,2016-01-04 09:32:00,6137,6133,6137,6132,6138,6134,6138,6134,36
2016-01-04 09:32:00,2016-01-04 09:33:00,6133,6135,6136,6132,6134,6136,6137,6133,54
2016-01-04 09:33:00,2016-01-04 09:34:00,6135,6131,6134,6131,6136,6132,6136,6132,58
2016-01-04 09:34:00,2016-01-04 09:35:00,6131,6129,6133,6128,6132,6130,6134,6129,84
2016-01-04 09:35:00,2016-01-04 09:36:00,6129,6126,6131,6125,6130,6127,6132,6126,56
2016-01-04 09:36:00,2016-01-04 09:37:00,6126,6129,6131,6126,6127,6130,6132,6127,70
2016-01-04 09:37:00,2016-01-04 09:38:00,6129,6126,6129,6126,6130,6127,6130,6127,56
2016-01-04 09:38:00,2016-01-04 09:39:00,6126,6127,6128,6125,6127,6129,6130,6126,67
2016-01-04 09:39:00,2016-01-04 09:40:00,6127,6127,6129,6127,6129,6128,6130,6128,35
2016-01-04 09:40:00,2016-01-04 09:41:00,6127,6125,6126,6124,6128,6126,6128,6125,24
2016-01-04 09:41:00,2016-01-04 09:42:00,6125,6125,6126,6125,6126,6127,6127,6126,69
2016-01-04 09:42:00,2016-01-04 09:43:00,6125,6126,6127,6125,6127,6127,6128,6126,51
2016-01-04 09:43:00,2016-01-04 09:44:00,6126,6131,6131,6126,6127,6132,6133,6127,46
2016-01-04 09:44:00,2016-01-04 09:45:00,6131,6131,6132,6129,6132,6132,6133,6130,48
2016-01-04 09:45:00,2016-01-04 09:46:00,6131,6129,6131,6128,6132,6130,6132,6129,56
2016-01-04 09:46:00,2016-01-04 09:47:00,6129,6127,6130,6127,6130,6128,6131,6128,18
2016-01-04 09:47:00,2016-01-04 09:48:00,6127,6123,6129,6123,6128,6124,6130,6124,64
2016-01-04 09:48:00,2016-01-04 09:49:00,6123,6122,6124,6120,6124,6123,6125,6122,106
2016-01-04 09:49:00,2016-01-04 09:50:00,6122,6119,6122,6119,6123,6120,6123,6120,86
2016-01-04 09:50:00,2016-01-04 09:51:00,6119,6117,6120,6117,6120,6118,6121,6118,66
2016-01-04 09:51:00,2016-01-04 09:52:00,6117,6119,6119,6117,6118,6120,6121,6118,50
2016-01-04 09:52:00,2016-01-04 09:53:00,6119,6118,6119,6115,6120,6120,6120,6117,89
2016-01-04 09:53:00,2016-01-04 09:54:00,6118,6117,6119,6114,6120,6118,6120,6116,61
2016-01-04 09:54:00,2016-01-04 09:55:00,6117,6115,6116,6115,6118,6116,6118,6116,36
2016-01-04 09:55:00,2016-01-04 09:56:00,6115,6114,6116,6112,6116,6116,6117,6113,71
2016-01-04 09:56:00,2016-01-04 09:57:00,6114,6113,6115,6113,6116,6114,6116,6114,47
2016-01-04 09:57:00,2016-01-04 09:58:00,6113,6112,6114,6110,6114,6113,6115,6111,82
2016-01-04 09:58:00,2016-01-04 09:59:00,6112,6110,6111,6108,6113,6111,6113,6109,44
2016-01-04 09:59:00,2016-01-04 10:00:00,6110,6109,6111,6107,6111,6110,6112,6108,80
2016-01-04 10:00:00,2016-01-04 10:01:00,6109,6105,6110,6104,6110,6106,6111,6105,104
2016-01-04 10:01:00,2016-01-04 10:02:00,6105,6110,6110,6103,6106,6111,6111,6104,72
2016-01-04 10:02:00,2016-01-04 10:03:00,6110,6109,6110,6107,6111,6110,6111,6109,62
2016-01-04 10:03:00,2016-01-04 10:04:00,6109,6106,6109,6106,6110,6108,6111,6108,49
2016-01-04 10:04:00,2016-01-04 10:05:00,6106,6107,6108,6105,6108,6108,6109,6106,45
2016-01-04 10:05:00,2016-01-04 10:06:00,6107,6106,6107,6105,6108,6107,6108,6106,42
2016-01-04 10:06:00,2016-01-04 10:07:00,6106,6108,6109,6106,6107,6109,6110,6108,38
2016-01-04 10:07:00,2016-01-04 10:08:00,6108,6108,6109,6107,6109,6110,6110,6108,27
2016-01-04 10:08:00,2016-01-04 10:09:00,6108,6107,6109,6107,6110,6108,6110,6108,45
2016-01-04 10:09:00,2016-01-04 10:10:00,6107,6111,6112,6107,6108,6112,6113,6108,82
2016-01-04 10:10:00,2016-01-04 10:11:00,6111,6110,6112,6109,6112,6112,6113,6110,29
2016-01-04 10:11:00,2016-01-04 10:12:00,6110,6114,6115,6110,6112,6115,6116,6112,59
2016-01-04 10:12:00,2016-01-04 10:13:00,6114,6112,6114,6110,6115,6113,6115,6112,42
2016-01-04 10:13:00,2016-01-04 10:14:00,6112,6114,6115,6112,6113,6116,6116,6113,35
2016-01-04 10:14:00,2016-01-04 10:15:00,6114,6114,6116,6114,6116,6115,6117,6115,41
2016-01-04 10:15:00,2016-01-04 10:16:00,6114,6115,6118,6114,6115,6117,6119,6116,41
2016-01-04 10:16:00,2016-01-04 10:17:00,6115,6112,6116,6112,6117,6113,6117,6113,51
2016-01-04 10:17:00,2016-01-04 10:18:00,6112,6111,6113,6111,6113,6113,6114,6112,51
2016-01-04 10:18:00,2016-01-04 10:19:00,6111,6110,6112,6109,6113,6111,6113,6110,45
2016-01-04 10:19:00,2016-01-04 10:20:00,6110,6105,6111,6105,6111,6106,6112,6106,78
2016-01-04 10:20:00,2016-01-04 10:21:00,6105,6105,6106,6104,6106,6106,6107,6105,54
2016-01-04 10:21:00,2016-01-04 10:22:00,6105,6106,6106,6103,6106,6107,6108,6104,54
2016-01-04 10:22:00,2016-01-04 10:23:00,6106,6107,6108,6105,6107,6109,6109,6106,33
2016-01-04 10:23:00,2016-01-04 10:24:00,6107,6108,6110,6107,6109,6109,6111,6109,31
2016-01-04 10:24:00,2016-01-04 10:25:00,6108,6108,6110,6107,6109,6109,6111,6108,76
2016-01-04 10:25:00,2016-01-04 10:26:00,6108,6108,6110,6107,6109,6109,6111,6108,78
2016-01-04 10:26:00,2016-01-04 10:27:00,6108,6109,6109,6107,6109,6110,6111,6108,36
2016-01-04 10:27:00,2016-01-04 10:28:00,6109,6106,6109,6105,6110,6107,6110,6106,64
2016-01-04 10:28:00,2016-01-04 10:29:00,6106,6105,6108,6105,6107,6106,6109,6106,68
2016-01-04 10:29:00,2016-01-04 10:30:00,6105,6103,6106,6103,6106,6104,6107,6104,34
2016-01-04 10:30:00,2016-01-04 10:31:00,6103,6103,6106,6103,6104,6104,6107,6104,32
2016-01-04 10:31:00,2016-01-04 10:32:00,6103,6100,6104,6099,6104,6101,6105,6101,72
2016-01-04 10:32:00,2016-01-04 10:33:00,6100,6101,6101,6099,6101,6102,6102,6100,116
2016-01-04 10:33:00,2016-01-04 10:34:00,6101,6106,6106,6101,6102,6107,6107,6102,66
2016-01-04 10:34:00,2016-01-04 10:35:00,6106,6106,6106,6104,6107,6107,6107,6105,56
2016-01-04 10:35:00,2016-01-04 10:36:00,6106,6103,6105,6102,6107,6104,6107,6103,20
2016-01-04 10:36:00,2016-01-04 10:37:00,6103,6102,6105,6102,6104,6103,6106,6103,42
2016-01-04 10:37:00,2016-01-04 10:38:00,6102,6104,6104,6100,6103,6105,6105,6102,30
2016-01-04 10:38:00,2016-01-04 10:39:00,6104,6105,6105,6103,6105,6106,6106,6104,90
2016-01-04 10:39:00,2016-01-04 10:40:00,6105,6102,6105,6101,6106,6103,6106,6103,42
2016-01-04 10:40:00,2016-01-04 10:41:00,6102,6100,6102,6099,6103,6101,6103,6100,36
2016-01-04 10:41:00,2016-01-04 10:42:00,6100,6100,6103,6099,6101,6101,6104,6100,67
2016-01-04 10:42:00,2016-01-04 10:43:00,6100,6100,6103,6100,6101,6101,6104,6101,54
2016-01-04 10:43:00,2016-01-04 10:44:00,6100,6105,6105,6100,6101,6106,6107,6102,32
2016-01-04 10:44:00,2016-01-04 10:45:00,6105,6104,6105,6103,6106,6105,6106,6104,70
2016-01-04 10:45:00,2016-01-04 10:46:00,6104,6105,6106,6104,6105,6106,6107,6105,34
2016-01-04 10:46:00,2016-01-04 10:47:00,6105,6103,6105,6103,6106,6104,6106,6104,23
2016-01-04 10:47:00,2016-01-04 10:48:00,6103,6105,6106,6102,6104,6107,6107,6104,39
2016-01-04 10:48:00,2016-01-04 10:49:00,6105,6105,6106,6105,6107,6106,6107,6106,21
2016-01-04 10:49:00,2016-01-04 10:50:00,6105,6104,6107,6103,6106,6105,6108,6104,42
2016-01-04 10:50:00,2016-01-04 10:51:00,6104,6104,6105,6104,6105,6105,6106,6105,12
2016-01-04 10:51:00,2016-01-04 10:52:00,6104,6104,6105,6103,6105,6105,6106,6104,8
2016-01-04 10:52:00,2016-01-04 10:53:00,6104,6103,6104,6102,6105,6104,6105,6103,36
2016-01-04 10:53:00,2016-01-04 10:54:00,6103,6104,6105,6102,6104,6105,6106,6103,32
2016-01-04 10:54:00,2016-01-04 10:55:00,6104,6105,6105,6103,6105,6106,6107,6104,18
2016-01-04 10:55:00,2016-01-04 10:56:00,6105,6105,6107,6105,6106,6106,6109,6106,24
2016-01-04 10:56:00,2016-01-04 10:57:00,6105,6106,6107,6105,6106,6107,6108,6106,52
2016-01-04 10:57:00,2016-01-04 10:58:00,6106,6109,6109,6105,6107,6110,6110,6106,46
2016-01-04 10:58:00,2016-01-04 10:59:00,6109,6113,6114,6108,6110,6114,6115,6109,80
2016-01-04 10:59:00,2016-01-04 11:00:00,6113,6112,6113,6109,6114,6113,6114,6110,102
2016-01-04 11:00:00,2016-01-04 11:01:00,6112,6113,6114,6111,6113,6114,6115,6112,32
2016-01-04 11:01:00,2016-01-04 11:02:00,6113,6113,6115,6112,6114,6115,6116,6114,49
2016-01-04 11:02:00,2016-01-04 11:03:00,6113,6114,6115,6112,6115,6115,6116,6113,49
2016-01-04 11:03:00,2016-01-04 11:04:00,6114,6111,6114,6110,6115,6112,6115,6111,44
2016-01-04 11:04:00,2016-01-04 11:05:00,6111,6112,6113,6111,6112,6113,6114,6112,34
2016-01-04 11:05:00,2016-01-04 11:06:00,6112,6111,6113,6111,6113,6112,6114,6112,20
2016-01-04 11:06:00,2016-01-04 11:07:00,6111,6115,6115,6111,6112,6117,6117,6112,39
2016-01-04 11:07:00,2016-01-04 11:08:00,6115,6118,6118,6115,6117,6119,6119,6116,25
2016-01-04 11:08:00,2016-01-04 11:09:00,6118,6121,6122,6118,6119,6123,6123,6120,51
2016-01-04 11:09:00,2016-01-04 11:10:00,6121,6119,6122,6119,6123,6120,6123,6120,27
2016-01-04 11:10:00,2016-01-04 11:11:00,6119,6117,6119,6116,6120,6119,6120,6118,17
2016-01-04 11:11:00,2016-01-04 11:12:00,6117,6117,6119,6117,6119,6118,6120,6118,29
2016-01-04 11:12:00,2016-01-04 11:13:00,6117,6117,6118,6116,6118,6118,6119,6118,20
2016-01-04 11:13:00,2016-01-04 11:14:00,6117,6117,6119,6117,6118,6118,6120,6118,40
2016-01-04 11:14:00,2016-01-04 11:15:00,6117,6118,6120,6116,6118,6120,6121,6117,41
2016-01-04 11:15:00,2016-01-04 11:16:00,6118,6119,6120,6118,6120,6121,6121,6120,40
2016-01-04 11:16:00,2016-01-04 11:17:00,6119,6118,6120,6117,6121,6119,6121,6118,25
2016-01-04 11:17:00,2016-01-04 11:18:00,6118,6115,6118,6115,6119,6116,6120,6116,36
2016-01-04 11:18:00,2016-01-04 11:19:00,6115,6113,6115,6113,6116,6114,6117,6114,26
2016-01-04 11:19:00,2016-01-04 11:20:00,6113,6112,6112,6110,6114,6113,6114,6112,38
2016-01-04 11:20:00,2016-01-04 11:21:00,6112,6113,6114,6112,6113,6114,6115,6113,28
2016-01-04 11:21:00,2016-01-04 11:22:00,6113,6112,6113,6112,6114,6114,6114,6113,7
2016-01-04 11:22:00,2016-01-04 11:23:00,6112,6105,6114,6105,6114,6106,6115,6106,177
2016-01-04 11:23:00,2016-01-04 11:24:00,6105,6103,6106,6103,6106,6104,6107,6104,60
2016-01-04 11:24:00,2016-01-04 11:25:00,6103,6103,6105,6102,6104,6104,6106,6103,40
2016-01-04 11:25:00,2016-01-04 11:26:00,6103,6102,6104,6101,6104,6103,6105,6103,30
2016-01-04 11:26:00,2016-01-04 11:27:00,6102,6100,6103,6099,6103,6102,6104,6100,30
2016-01-04 11:27:00,2016-01-04 11:28:00,6100,6101,6104,6100,6102,6102,6105,6101,73
2016-01-04 11:28:00,2016-01-04 11:29:00,6101,6100,6102,6100,6102,6101,6103,6101,40
2016-01-04 11:29:00,2016-01-04 11:30:00,6100,6100,6101,6099,6101,6101,6102,6100,62
2016-01-04 11:30:00,2016-01-04 11:31:00,6100,6101,6102,6100,6101,6102,6103,6101,32
2016-01-04 11:31:00,2016-01-04 11:32:00,6101,6099,6101,6099,6102,6101,6102,6100,39
2016-01-04 11:32:00,2016-01-04 11:33:00,6099,6100,6101,6098,6101,6101,6102,6099,31
2016-01-04 11:33:00,2016-01-04 11:34:00,6100,6100,6101,6099,6101,6101,6103,6100,39
2016-01-04 11:34:00,2016-01-04 11:35:00,6100,6095,6100,6095,6101,6096,6101,6096,116
2016-01-04 11:35:00,2016-01-04 11:36:00,6095,6095,6096,6094,6096,6096,6097,6095,56
2016-01-04 11:36:00,2016-01-04 11:37:00,6095,6092,6095,6090,6096,6093,6096,6091,122
2016-01-04 11:37:00,2016-01-04 11:38:00,6092,6091,6092,6088,6093,6092,6093,6089,158
2016-01-04 11:38:00,2016-01-04 11:39:00,6091,6090,6092,6088,6092,6091,6093,6089,118
2016-01-04 11:39:00,2016-01-04 11:40:00,6090,6086,6090,6085,6091,6087,6091,6086,58
2016-01-04 11:40:00,2016-01-04 11:41:00,6086,6090,6090,6085,6087,6091,6091,6087,48
2016-01-04 11:41:00,2016-01-04 11:42:00,6090,6088,6090,6088,6091,6089,6091,6089,64
2016-01-04 11:42:00,2016-01-04 11:43:00,6088,6087,6089,6086,6089,6089,6090,6087,41
2016-01-04 11:43:00,2016-01-04 11:44:00,6087,6087,6088,6087,6089,6088,6089,6088,59
2016-01-04 11:44:00,2016-01-04 11:45:00,6087,6088,6089,6085,6088,6090,6090,6086,43
2016-01-04 11:45:00,2016-01-04 11:46:00,6088,6090,6090,6088,6090,6091,6091,6089,23
2016-01-04 11:46:00,2016-01-04 11:47:00,6090,6092,6092,6089,6091,6093,6093,6090,54
2016-01-04 11:47:00,2016-01-04 11:48:00,6092,6090,6092,6088,6093,6091,6093,6089,62
2016-01-04 11:48:00,2016-01-04 11:49:00,6090,6088,6090,6088,6091,6090,6091,6089,47
2016-01-04 11:49:00,2016-01-04 11:50:00,6088,6085,6089,6085,6090,6086,6090,6086,67
2016-01-04 11:50:00,2016-01-04 11:51:00,6085,6089,6089,6085,6086,6090,6090,6086,42
2016-01-04 11:51:00,2016-01-04 11:52:00,6089,6088,6090,6087,6090,6089,6091,6088,40
2016-01-04 11:52:00,2016-01-04 11:53:00,6088,6089,6090,6088,6089,6090,6091,6089,38
2016-01-04 11:53:00,2016-01-04 11:54:00,6089,6091,6091,6087,6090,6092,6092,6089,72
2016-01-04 11:54:00,2016-01-04 11:55:00,6091,6090,6092,6090,6092,6091,6093,6091,36
2016-01-04 11:55:00,2016-01-04 11:56:00,6090,6089,6091,6088,6091,6090,6092,6090,31
2016-01-04 11:56:00,2016-01-04 11:57:00,6089,6088,6089,6088,6090,6089,6090,6089,36
2016-01-04 11:57:00,2016-01-04 11:58:00,6088,6088,6088,6086,6089,6089,6089,6087,40
2016-01-04 11:58:00,2016-01-04 11:59:00,6088,6084,6089,6083,6089,6085,6090,6084,92
2016-01-04 11:59:00,2016-01-04 12:00:00,6084,6086,6087,6083,6085,6087,6088,6085,150
2016-01-04 12:00:00,2016-01-04 12:01:00,6086,6088,6088,6085,6087,6089,6089,6086,70
2016-01-04 12:01:00,2016-01-04 12:02:00,6088,6086,6088,6085,6089,6087,6090,6086,46
2016-01-04 12:02:00,2016-01-04 12:03:00,6086,6087,6089,6086,6087,6088,6090,6087,62
2016-01-04 12:03:00,2016-01-04 12:04:00,6087,6088,6089,6087,6088,6089,6090,6088,124
2016-01-04 12:04:00,2016-01-04 12:05:00,6088,6090,6090,6088,6089,6091,6091,6089,50
2016-01-04 12:05:00,2016-01-04 12:06:00,6090,6088,6090,6088,6091,6090,6091,6089,27
2016-01-04 12:06:00,2016-01-04 12:07:00,6088,6089,6090,6088,6090,6090,6091,6089,73
2016-01-04 12:07:00,2016-01-04 12:08:00,6089,6091,6091,6089,6090,6092,6092,6090,36
2016-01-04 12:08:00,2016-01-04 12:09:00,6091,6091,6092,6090,6092,6093,6093,6091,37
2016-01-04 12:09:00,2016-01-04 12:10:00,6091,6090,6092,6089,6093,6091,6093,6090,33
2016-01-04 12:10:00,2016-01-04 12:11:00,6090,6090,6090,6088,6091,6092,6092,6090,41
2016-01-04 12:11:00,2016-01-04 12:12:00,6090,6088,6091,6087,6092,6089,6092,6088,37
2016-01-04 12:12:00,2016-01-04 12:13:00,6088,6088,6089,6087,6089,6089,6090,6088,26
2016-01-04 12:13:00,2016-01-04 12:14:00,6088,6089,6089,6088,6089,6090,6090,6089,24
2016-01-04 12:14:00,2016-01-04 12:15:00,6089,6082,6088,6081,6090,6084,6090,6082,57
2016-01-04 12:15:00,2016-01-04 12:16:00,6082,6075,6082,6074,6084,6076,6084,6075,81
2016-01-04 12:16:00,2016-01-04 12:17:00,6075,6077,6077,6075,6076,6078,6078,6076,70
2016-01-04 12:17:00,2016-01-04 12:18:00,6077,6077,6078,6075,6078,6078,6079,6077,46
2016-01-04 12:18:00,2016-01-04 12:19:00,6077,6076,6077,6075,6078,6077,6078,6077,44
2016-01-04 12:19:00,2016-01-04 12:20:00,6076,6076,6078,6075,6077,6077,6079,6076,38
2016-01-04 12:20:00,2016-01-04 12:21:00,6076,6075,6077,6074,6077,6076,6078,6075,40
2016-01-04 12:21:00,2016-01-04 12:22:00,6075,6075,6077,6075,6076,6076,6078,6076,54
2016-01-04 12:22:00,2016-01-04 12:23:00,6075,6076,6076,6074,6076,6077,6077,6075,8
2016-01-04 12:23:00,2016-01-04 12:24:00,6076,6078,6078,6074,6077,6079,6079,6076,48
2016-01-04 12:24:00,2016-01-04 12:25:00,6078,6077,6078,6077,6079,6078,6079,6078,50
2016-01-04 12:25:00,2016-01-04 12:26:00,6077,6078,6079,6076,6078,6079,6080,6077,46
2016-01-04 12:26:00,2016-01-04 12:27:00,6078,6080,6080,6077,6079,6081,6081,6078,34
2016-01-04 12:27:00,2016-01-04 12:28:00,6080,6081,6081,6079,6081,6082,6083,6080,36
2016-01-04 12:28:00,2016-01-04 12:29:00,6081,6083,6083,6081,6082,6084,6084,6082,16
2016-01-04 12:29:00,2016-01-04 12:30:00,6083,6083,6085,6081,6084,6084,6086,6082,63
2016-01-04 12:30:00,2016-01-04 12:31:00,6083,6088,6088,6083,6084,6089,6089,6084,70
2016-01-04 12:31:00,2016-01-04 12:32:00,6088,6087,6089,6086,6089,6089,6090,6087,43
2016-01-04 12:32:00,2016-01-04 12:33:00,6087,6085,6088,6084,6089,6086,6089,6085,41
2016-01-04 12:33:00,2016-01-04 12:34:00,6085,6086,6086,6083,6086,6087,6088,6085,44
2016-01-04 12:34:00,2016-01-04 12:35:00,6086,6087,6087,6086,6087,6088,6088,6087,12
2016-01-04 12:35:00,2016-01-04 12:36:00,6087,6086,6087,6086,6088,6087,6088,6087,12
2016-01-04 12:36:00,2016-01-04 12:37:00,6086,6085,6086,6084,6087,6086,6087,6085,24
2016-01-04 12:37:00,2016-01-04 12:38:00,6085,6086,6086,6085,6086,6087,6088,6086,26
2016-01-04 12:38:00,2016-01-04 12:39:00,6086,6086,6086,6085,6087,6087,6088,6086,12
2016-01-04 12:39:00,2016-01-04 12:40:00,6086,6087,6088,6086,6087,6088,6089,6087,34
2016-01-04 12:40:00,2016-01-04 12:41:00,6087,6087,6088,6085,6088,6088,6089,6086,46
2016-01-04 12:41:00,2016-01-04 12:42:00,6087,6088,6089,6086,6088,6090,6090,6088,51
2016-01-04 12:42:00,2016-01-04 12:43:00,6088,6088,6091,6088,6090,6089,6092,6089,29
2016-01-04 12:43:00,2016-01-04 12:44:00,6088,6088,6089,6088,6089,6089,6090,6089,22
2016-01-04 12:44:00,2016-01-04 12:45:00,6088,6090,6091,6088,6089,6091,6092,6089,48
2016-01-04 12:45:00,2016-01-04 12:46:00,6090,6088,6089,6087,6091,6089,6091,6089,24
2016-01-04 12:46:00,2016-01-04 12:47:00,6088,6089,6089,6088,6089,6090,6090,6089,28
2016-01-04 12:47:00,2016-01-04 12:49:00,6090,6088,6090,6088,6091,6090,6092,6089,17
2016-01-04 12:49:00,2016-01-04 12:50:00,6088,6089,6090,6087,6090,6090,6091,6088,59
2016-01-04 12:50:00,2016-01-04 12:51:00,6089,6090,6090,6088,6090,6091,6091,6089,24
2016-01-04 12:51:00,2016-01-04 12:52:00,6090,6089,6091,6088,6091,6090,6092,6089,24
2016-01-04 12:52:00,2016-01-04 12:53:00,6089,6092,6092,6089,6090,6093,6093,6091,24
2016-01-04 12:53:00,2016-01-04 12:54:00,6092,6091,6093,6091,6093,6092,6094,6092,36
2016-01-04 12:54:00,2016-01-04 12:55:00,6091,6092,6093,6091,6092,6093,6095,6092,30
2016-01-04 12:55:00,2016-01-04 12:56:00,6092,6092,6093,6092,6093,6094,6094,6093,25
2016-01-04 12:56:00,2016-01-04 12:57:00,6092,6095,6096,6092,6094,6096,6097,6093,23
2016-01-04 12:57:00,2016-01-04 12:58:00,6095,6094,6096,6094,6096,6095,6097,6095,10
2016-01-04 12:58:00,2016-01-04 12:59:00,6094,6094,6095,6093,6095,6095,6096,6095,24
2016-01-04 12:59:00,2016-01-04 13:00:00,6094,6094,6094,6093,6095,6095,6095,6094,22
2016-01-04 13:00:00,2016-01-04 13:01:00,6094,6093,6094,6092,6095,6095,6095,6093,25
2016-01-04 13:01:00,2016-01-04 13:02:00,6093,6097,6097,6093,6095,6098,6098,6095,67
2016-01-04 13:02:00,2016-01-04 13:03:00,6097,6098,6100,6096,6098,6100,6101,6097,157
2016-01-04 13:03:00,2016-01-04 13:04:00,6098,6098,6099,6095,6100,6099,6100,6097,127
2016-01-04 13:04:00,2016-01-04 13:05:00,6098,6098,6099,6097,6099,6099,6100,6098,64
2016-01-04 13:05:00,2016-01-04 13:06:00,6098,6094,6097,6094,6099,6096,6099,6095,51
2016-01-04 13:06:00,2016-01-04 13:07:00,6094,6096,6096,6094,6096,6097,6097,6095,45
2016-01-04 13:07:00,2016-01-04 13:08:00,6096,6095,6096,6094,6097,6096,6097,6095,50
2016-01-04 13:08:00,2016-01-04 13:09:00,6095,6093,6094,6092,6096,6094,6096,6093,20
2016-01-04 13:09:00,2016-01-04 13:10:00,6093,6093,6094,6092,6094,6094,6095,6093,16
2016-01-04 13:10:00,2016-01-04 13:11:00,6093,6092,6093,6091,6094,6093,6094,6092,48
2016-01-04 13:11:00,2016-01-04 13:12:00,6092,6092,6093,6092,6093,6093,6094,6093,14
2016-01-04 13:12:00,2016-01-04 13:13:00,6092,6093,6093,6092,6093,6094,6094,6093,18
2016-01-04 13:13:00,2016-01-04 13:14:00,6093,6094,6094,6093,6094,6095,6095,6094,24
2016-01-04 13:14:00,2016-01-04 13:15:00,6094,6093,6094,6093,6095,6094,6096,6094,36
2016-01-04 13:15:00,2016-01-04 13:16:00,6093,6091,6094,6091,6094,6093,6095,6092,21
2016-01-04 13:16:00,2016-01-04 13:17:00,6091,6092,6093,6091,6093,6093,6094,6092,55
2016-01-04 13:17:00,2016-01-04 13:18:00,6092,6090,6092,6090,6093,6091,6093,6091,36
2016-01-04 13:18:00,2016-01-04 13:19:00,6090,6090,6091,6090,6091,6091,6092,6091,18
2016-01-04 13:19:00,2016-01-04 13:20:00,6090,6092,6093,6090,6091,6093,6094,6091,44
2016-01-04 13:20:00,2016-01-04 13:21:00,6092,6091,6092,6090,6093,6093,6094,6091,27
2016-01-04 13:21:00,2016-01-04 13:22:00,6091,6090,6091,6089,6093,6091,6093,6091,27
2016-01-04 13:22:00,2016-01-04 13:23:00,6090,6092,6092,6090,6091,6093,6093,6092,12
2016-01-04 13:23:00,2016-01-04 13:24:00,6092,6092,6093,6092,6093,6093,6094,6093,6
2016-01-04 13:24:00,2016-01-04 13:25:00,6092,6091,6092,6091,6093,6093,6094,6092,33
2016-01-04 13:25:00,2016-01-04 13:26:00,6091,6093,6093,6091,6093,6094,6094,6092,19
2016-01-04 13:26:00,2016-01-04 13:27:00,6093,6095,6095,6093,6094,6096,6096,6095,44
2016-01-04 13:27:00,2016-01-04 13:28:00,6095,6095,6096,6095,6096,6096,6097,6096,18
2016-01-04 13:28:00,2016-01-04 13:29:00,6095,6095,6096,6094,6096,6096,6097,6096,44
2016-01-04 13:29:00,2016-01-04 13:30:00,6095,6093,6095,6093,6096,6095,6096,6094,111
2016-01-04 13:30:00,2016-01-04 13:31:00,6093,6095,6096,6093,6095,6096,6097,6094,25
2016-01-04 13:31:00,2016-01-04 13:32:00,6095,6098,6099,6094,6096,6099,6100,6095,48
2016-01-04 13:32:00,2016-01-04 13:33:00,6098,6099,6100,6098,6099,6100,6102,6100,52
2016-01-04 13:33:00,2016-01-04 13:34:00,6099,6099,6101,6099,6100,6101,6102,6100,57
2016-01-04 13:34:00,2016-01-04 13:35:00,6099,6099,6100,6098,6101,6100,6101,6100,41
2016-01-04 13:35:00,2016-01-04 13:36:00,6099,6102,6103,6099,6100,6103,6104,6101,38
2016-01-04 13:36:00,2016-01-04 13:37:00,6102,6101,6102,6100,6103,6102,6103,6101,48
2016-01-04 13:37:00,2016-01-04 13:38:00,6101,6101,6101,6100,6102,6102,6102,6101,14
2016-01-04 13:38:00,2016-01-04 13:39:00,6101,6102,6102,6100,6102,6103,6103,6101,20
2016-01-04 13:39:00,2016-01-04 13:40:00,6102,6099,6101,6098,6103,6100,6103,6099,28
2016-01-04 13:40:00,2016-01-04 13:41:00,6099,6098,6099,6096,6100,6099,6100,6097,54
2016-01-04 13:41:00,2016-01-04 13:43:00,6098,6094,6097,6094,6099,6096,6099,6095,37
2016-01-04 13:43:00,2016-01-04 13:44:00,6094,6096,6096,6094,6096,6097,6097,6095,59
2016-01-04 13:44:00,2016-01-04 13:45:00,6096,6095,6096,6095,6097,6096,6097,6096,4
2016-01-04 13:45:00,2016-01-04 13:46:00,6095,6096,6097,6095,6096,6098,6098,6096,49
2016-01-04 13:46:00,2016-01-04 13:47:00,6096,6096,6097,6096,6098,6097,6098,6097,29
2016-01-04 13:47:00,2016-01-04 13:48:00,6096,6097,6098,6096,6097,6098,6099,6097,22
2016-01-04 13:48:00,2016-01-04 13:49:00,6097,6092,6097,6091,6098,6093,6098,6092,70
2016-01-04 13:49:00,2016-01-04 13:50:00,6092,6093,6095,6091,6093,6094,6096,6092,50
2016-01-04 13:50:00,2016-01-04 13:51:00,6093,6092,6093,6092,6094,6093,6094,6093,20
2016-01-04 13:51:00,2016-01-04 13:52:00,6092,6091,6092,6091,6093,6092,6093,6092,30
2016-01-04 13:52:00,2016-01-04 13:53:00,6091,6091,6092,6090,6092,6092,6093,6092,42
2016-01-04 13:53:00,2016-01-04 13:54:00,6091,6093,6093,6091,6092,6094,6095,6093,32
2016-01-04 13:54:00,2016-01-04 13:55:00,6093,6094,6094,6093,6094,6095,6095,6094,10
2016-01-04 13:55:00,2016-01-04 13:56:00,6094,6094,6096,6094,6095,6095,6097,6095,68
2016-01-04 13:56:00,2016-01-04 13:57:00,6094,6095,6096,6094,6095,6096,6097,6095,22
2016-01-04 13:57:00,2016-01-04 13:58:00,6095,6098,6098,6094,6096,6099,6099,6095,34
2016-01-04 13:58:00,2016-01-04 13:59:00,6098,6093,6098,6093,6099,6094,6099,6094,46
2016-01-04 13:59:00,2016-01-04 14:00:00,6093,6096,6097,6092,6094,6097,6098,6093,60
2016-01-04 14:00:00,2016-01-04 14:01:00,6096,6093,6095,6093,6097,6094,6097,6094,20
2016-01-04 14:01:00,2016-01-04 14:02:00,6093,6092,6094,6092,6094,6093,6095,6093,32
2016-01-04 14:02:00,2016-01-04 14:03:00,6092,6095,6095,6092,6093,6096,6096,6094,8
2016-01-04 14:03:00,2016-01-04 14:04:00,6095,6092,6096,6092,6096,6094,6097,6093,19
2016-01-04 14:04:00,2016-01-04 14:05:00,6092,6092,6093,6092,6094,6093,6094,6093,47
2016-01-04 14:05:00,2016-01-04 14:06:00,6092,6092,6093,6091,6093,6093,6095,6092,48
2016-01-04 14:06:00,2016-01-04 14:07:00,6092,6094,6095,6091,6093,6095,6096,6092,34
2016-01-04 14:07:00,2016-01-04 14:08:00,6094,6097,6097,6094,6095,6098,6098,6096,48
2016-01-04 14:08:00,2016-01-04 14:09:00,6097,6096,6098,6096,6098,6097,6099,6097,32
2016-01-04 14:09:00,2016-01-04 14:10:00,6096,6098,6099,6095,6097,6099,6100,6096,20
2016-01-04 14:10:00,2016-01-04 14:11:00,6098,6097,6099,6097,6099,6098,6100,6098,16
2016-01-04 14:11:00,2016-01-04 14:12:00,6097,6097,6097,6096,6098,6098,6098,6097,44
2016-01-04 14:12:00,2016-01-04 14:13:00,6097,6099,6099,6096,6098,6100,6100,6097,16
2016-01-04 14:13:00,2016-01-04 14:14:00,6099,6103,6103,6099,6100,6104,6105,6100,30
2016-01-04 14:14:00,2016-01-04 14:15:00,6103,6103,6104,6102,6104,6104,6105,6103,50
2016-01-04 14:15:00,2016-01-04 14:16:00,6103,6102,6103,6100,6104,6103,6105,6101,26
2016-01-04 14:16:00,2016-01-04 14:17:00,6102,6103,6104,6102,6103,6104,6105,6103,50
2016-01-04 14:17:00,2016-01-04 14:18:00,6103,6103,6104,6102,6104,6104,6105,6103,18
2016-01-04 14:18:00,2016-01-04 14:19:00,6103,6102,6104,6102,6104,6103,6105,6103,32
2016-01-04 14:19:00,2016-01-04 14:20:00,6102,6104,6104,6102,6103,6105,6105,6103,36
2016-01-04 14:20:00,2016-01-04 14:21:00,6104,6107,6107,6103,6105,6108,6108,6105,20
2016-01-04 14:21:00,2016-01-04 14:23:00,6109,6112,6113,6109,6110,6114,6114,6110,41
2016-01-04 14:23:00,2016-01-04 14:24:00,6112,6113,6113,6112,6114,6114,6115,6113,31
2016-01-04 14:24:00,2016-01-04 14:25:00,6113,6113,6115,6111,6114,6114,6116,6112,42
2016-01-04 14:25:00,2016-01-04 14:26:00,6113,6115,6116,6112,6114,6117,6117,6113,41
2016-01-04 14:26:00,2016-01-04 14:27:00,6115,6113,6116,6110,6117,6114,6117,6112,49
2016-01-04 14:27:00,2016-01-04 14:28:00,6113,6118,6118,6113,6114,6119,6119,6114,46
2016-01-04 14:28:00,2016-01-04 14:29:00,6118,6118,6119,6117,6119,6119,6120,6118,42
2016-01-04 14:29:00,2016-01-04 14:30:00,6118,6118,6119,6115,6119,6119,6120,6116,258
2016-01-04 14:30:00,2016-01-04 14:31:00,6118,6120,6121,6116,6119,6121,6122,6118,216
2016-01-04 14:31:00,2016-01-04 14:32:00,6120,6120,6122,6119,6121,6121,6123,6120,78
2016-01-04 14:32:00,2016-01-04 14:33:00,6120,6118,6120,6116,6121,6120,6121,6117,87
2016-01-04 14:33:00,2016-01-04 14:34:00,6118,6110,6118,6110,6120,6111,6119,6111,171
2016-01-04 14:34:00,2016-01-04 14:35:00,6110,6113,6115,6109,6111,6114,6117,6110,166
2016-01-04 14:35:00,2016-01-04 14:36:00,6113,6118,6119,6112,6114,6119,6121,6113,186
2016-01-04 14:36:00,2016-01-04 14:37:00,6118,6126,6127,6117,6119,6127,6128,6118,96
2016-01-04 14:37:00,2016-01-04 14:38:00,6126,6122,6125,6121,6127,6124,6127,6122,157
2016-01-04 14:38:00,2016-01-04 14:39:00,6122,6120,6124,6120,6124,6121,6125,6121,105
2016-01-04 14:39:00,2016-01-04 14:40:00,6120,6118,6120,6116,6121,6119,6121,6118,106
2016-01-04 14:40:00,2016-01-04 14:41:00,6118,6109,6120,6109,6119,6110,6121,6110,145
2016-01-04 14:41:00,2016-01-04 14:42:00,6109,6104,6110,6104,6110,6106,6111,6106,121
2016-01-04 14:42:00,2016-01-04 14:43:00,6104,6105,6109,6104,6106,6106,6110,6105,79
2016-01-04 14:43:00,2016-01-04 14:44:00,6105,6102,6107,6101,6106,6103,6108,6102,64
2016-01-04 14:44:00,2016-01-04 14:45:00,6102,6101,6103,6098,6103,6102,6104,6099,110
2016-01-04 14:45:00,2016-01-04 14:46:00,6101,6104,6104,6101,6102,6105,6105,6102,100
2016-01-04 14:46:00,2016-01-04 14:47:00,6104,6103,6107,6102,6105,6104,6108,6104,144
2016-01-04 14:47:00,2016-01-04 14:48:00,6103,6106,6108,6102,6104,6107,6109,6104,189
2016-01-04 14:48:00,2016-01-04 14:49:00,6106,6109,6111,6105,6107,6111,6112,6106,95
2016-01-04 14:49:00,2016-01-04 14:50:00,6109,6114,6115,6109,6111,6115,6116,6110,121
2016-01-04 14:50:00,2016-01-04 14:51:00,6114,6118,6118,6114,6115,6119,6119,6116,98
2016-01-04 14:51:00,2016-01-04 14:52:00,6118,6120,6120,6116,6119,6121,6121,6117,116
2016-01-04 14:52:00,2016-01-04 14:53:00,6120,6120,6122,6118,6121,6121,6123,6119,130
2016-01-04 14:53:00,2016-01-04 14:54:00,6120,6114,6119,6113,6121,6115,6121,6114,120
2016-01-04 14:54:00,2016-01-04 14:55:00,6114,6116,6117,6113,6115,6117,6118,6114,148
2016-01-04 14:55:00,2016-01-04 14:56:00,6116,6116,6119,6115,6117,6117,6120,6116,66
2016-01-04 14:56:00,2016-01-04 14:57:00,6116,6116,6119,6115,6117,6117,6120,6116,42
2016-01-04 14:57:00,2016-01-04 14:58:00,6116,6116,6117,6115,6117,6117,6118,6116,36
2016-01-04 14:58:00,2016-01-04 14:59:00,6116,6115,6116,6114,6117,6117,6117,6115,25
2016-01-04 14:59:00,2016-01-04 15:00:00,6115,6104,6116,6104,6117,6105,6118,6105,317
2016-01-04 15:00:00,2016-01-04 15:01:00,6104,6106,6106,6103,6105,6107,6107,6104,144
2016-01-04 15:01:00,2016-01-04 15:02:00,6106,6100,6107,6100,6107,6101,6109,6101,286
2016-01-04 15:02:00,2016-01-04 15:03:00,6100,6106,6107,6098,6101,6107,6108,6099,152
2016-01-04 15:03:00,2016-01-04 15:04:00,6106,6105,6107,6103,6107,6106,6108,6104,142
2016-01-04 15:04:00,2016-01-04 15:05:00,6105,6099,6105,6098,6106,6101,6106,6099,145
2016-01-04 15:05:00,2016-01-04 15:06:00,6099,6103,6105,6099,6101,6105,6107,6100,126
2016-01-04 15:06:00,2016-01-04 15:07:00,6103,6104,6105,6102,6105,6105,6106,6103,105
2016-01-04 15:07:00,2016-01-04 15:08:00,6104,6104,6104,6101,6105,6105,6105,6102,44
2016-01-04 15:08:00,2016-01-04 15:09:00,6104,6108,6109,6104,6105,6109,6111,6105,114
2016-01-04 15:09:00,2016-01-04 15:10:00,6108,6111,6111,6107,6109,6112,6113,6109,134
2016-01-04 15:10:00,2016-01-04 15:11:00,6111,6105,6113,6105,6112,6106,6114,6106,80
2016-01-04 15:11:00,2016-01-04 15:12:00,6105,6109,6109,6105,6106,6110,6110,6107,70
2016-01-04 15:12:00,2016-01-04 15:13:00,6109,6110,6112,6108,6110,6112,6113,6109,87
2016-01-04 15:13:00,2016-01-04 15:14:00,6110,6118,6118,6108,6112,6119,6120,6109,169
2016-01-04 15:14:00,2016-01-04 15:15:00,6118,6116,6119,6115,6119,6117,6120,6117,112
2016-01-04 15:15:00,2016-01-04 15:16:00,6116,6114,6117,6113,6117,6115,6118,6115,92
2016-01-04 15:16:00,2016-01-04 15:17:00,6114,6119,6119,6114,6115,6120,6120,6115,132
2016-01-04 15:17:00,2016-01-04 15:18:00,6119,6116,6118,6113,6120,6118,6120,6114,121
2016-01-04 15:18:00,2016-01-04 15:19:00,6116,6116,6117,6115,6118,6117,6119,6116,59
2016-01-04 15:19:00,2016-01-04 15:20:00,6116,6123,6124,6115,6117,6124,6125,6117,50
2016-01-04 15:20:00,2016-01-04 15:21:00,6123,6119,6123,6118,6124,6120,6124,6119,92
2016-01-04 15:21:00,2016-01-04 15:22:00,6119,6113,6120,6112,6120,6114,6121,6114,82
2016-01-04 15:22:00,2016-01-04 15:23:00,6113,6111,6115,6109,6114,6113,6116,6110,137
2016-01-04 15:23:00,2016-01-04 15:24:00,6111,6110,6113,6109,6113,6111,6114,6111,130
2016-01-04 15:24:00,2016-01-04 15:25:00,6110,6108,6113,6106,6111,6109,6114,6107,158
2016-01-04 15:25:00,2016-01-04 15:26:00,6108,6110,6110,6107,6109,6111,6112,6108,84
2016-01-04 15:26:00,2016-01-04 15:27:00,6110,6110,6111,6108,6111,6111,6112,6109,92
2016-01-04 15:27:00,2016-01-04 15:28:00,6110,6103,6111,6103,6111,6104,6112,6104,130
2016-01-04 15:28:00,2016-01-04 15:29:00,6103,6105,6107,6103,6104,6106,6108,6104,184
2016-01-04 15:29:00,2016-01-04 15:30:00,6105,6103,6106,6102,6106,6104,6107,6103,106
2016-01-04 15:30:00,2016-01-04 15:31:00,6103,6100,6104,6099,6104,6101,6105,6100,78
2016-01-04 15:31:00,2016-01-04 15:32:00,6100,6102,6103,6099,6101,6103,6104,6100,96
2016-01-04 15:32:00,2016-01-04 15:33:00,6102,6103,6106,6101,6103,6104,6108,6102,114
2016-01-04 15:33:00,2016-01-04 15:34:00,6103,6102,6104,6100,6104,6103,6105,6102,72
2016-01-04 15:34:00,2016-01-04 15:35:00,6102,6097,6102,6096,6103,6098,6103,6097,92
2016-01-04 15:35:00,2016-01-04 15:36:00,6097,6100,6103,6097,6098,6101,6104,6098,86
2016-01-04 15:36:00,2016-01-04 15:37:00,6100,6100,6102,6100,6101,6101,6103,6101,70
2016-01-04 15:37:00,2016-01-04 15:38:00,6100,6102,6103,6100,6101,6103,6104,6101,44
2016-01-04 15:38:00,2016-01-04 15:39:00,6102,6105,6106,6102,6103,6106,6107,6103,86
2016-01-04 15:39:00,2016-01-04 15:40:00,6105,6099,6105,6099,6106,6100,6106,6100,132
2016-01-04 15:40:00,2016-01-04 15:41:00,6099,6096,6099,6095,6100,6097,6100,6096,136
2016-01-04 15:41:00,2016-01-04 15:42:00,6096,6090,6096,6090,6097,6091,6097,6091,132
2016-01-04 15:42:00,2016-01-04 15:43:00,6090,6101,6101,6090,6091,6102,6102,6091,142
2016-01-04 15:43:00,2016-01-04 15:44:00,6101,6101,6102,6100,6102,6102,6104,6101,70
2016-01-04 15:44:00,2016-01-04 15:45:00,6101,6095,6103,6095,6102,6097,6104,6096,117
2016-01-04 15:45:00,2016-01-04 15:46:00,6095,6096,6098,6094,6097,6097,6100,6095,87
2016-01-04 15:46:00,2016-01-04 15:47:00,6096,6093,6095,6093,6097,6095,6097,6094,81
2016-01-04 15:47:00,2016-01-04 15:48:00,6093,6096,6098,6093,6095,6097,6099,6094,102
2016-01-04 15:48:00,2016-01-04 15:49:00,6096,6100,6100,6096,6097,6101,6101,6097,80
2016-01-04 15:49:00,2016-01-04 15:50:00,6100,6098,6103,6097,6101,6099,6104,6098,96
2016-01-04 15:50:00,2016-01-04 15:51:00,6098,6093,6097,6092,6099,6094,6099,6093,134
2016-01-04 15:51:00,2016-01-04 15:52:00,6093,6094,6096,6091,6094,6095,6097,6092,122
2016-01-04 15:52:00,2016-01-04 15:53:00,6094,6088,6095,6088,6095,6089,6096,6089,130
2016-01-04 15:53:00,2016-01-04 15:54:00,6088,6088,6093,6088,6089,6089,6094,6089,118
2016-01-04 15:54:00,2016-01-04 15:55:00,6088,6086,6089,6085,6089,6087,6090,6086,110
2016-01-04 15:55:00,2016-01-04 15:56:00,6086,6086,6088,6086,6087,6087,6089,6087,48
2016-01-04 15:56:00,2016-01-04 15:57:00,6086,6087,6088,6083,6087,6088,6089,6084,102
2016-01-04 15:57:00,2016-01-04 15:58:00,6087,6087,6089,6086,6088,6088,6090,6087,80
2016-01-04 15:58:00,2016-01-04 15:59:00,6087,6086,6088,6085,6088,6087,6089,6086,58
2016-01-04 15:59:00,2016-01-04 16:00:00,6086,6083,6086,6080,6087,6084,6088,6081,126
2016-01-04 16:00:00,2016-01-04 16:01:00,6083,6081,6084,6079,6084,6082,6085,6080,286
2016-01-04 16:01:00,2016-01-04 16:02:00,6081,6079,6082,6078,6082,6080,6083,6079,130
2016-01-04 16:02:00,2016-01-04 16:03:00,6079,6081,6082,6079,6080,6082,6083,6080,164
2016-01-04 16:03:00,2016-01-04 16:04:00,6081,6085,6087,6081,6082,6087,6088,6083,149
2016-01-04 16:04:00,2016-01-04 16:05:00,6085,6077,6085,6076,6087,6078,6087,6077,167
2016-01-04 16:05:00,2016-01-04 16:06:00,6077,6079,6080,6075,6078,6080,6081,6076,116
2016-01-04 16:06:00,2016-01-04 16:07:00,6079,6085,6086,6078,6080,6086,6087,6079,222
2016-01-04 16:07:00,2016-01-04 16:08:00,6085,6096,6097,6085,6086,6098,6098,6087,337
2016-01-04 16:08:00,2016-01-04 16:09:00,6096,6088,6097,6086,6098,6089,6098,6087,83
2016-01-04 16:09:00,2016-01-04 16:10:00,6088,6087,6090,6086,6089,6088,6091,6087,154
2016-01-04 16:10:00,2016-01-04 16:11:00,6087,6087,6088,6084,6088,6088,6089,6085,83
2016-01-04 16:11:00,2016-01-04 16:12:00,6087,6088,6089,6086,6088,6089,6090,6087,62
2016-01-04 16:12:00,2016-01-04 16:13:00,6088,6093,6094,6088,6089,6094,6095,6089,78
2016-01-04 16:13:00,2016-01-04 16:14:00,6093,6091,6092,6088,6094,6092,6094,6089,132
2016-01-04 16:14:00,2016-01-04 16:15:00,6091,6090,6092,6090,6092,6091,6093,6091,160
2016-01-04 16:15:00,2016-01-04 16:16:00,6090,6090,6091,6088,6091,6091,6093,6089,86
2016-01-04 16:16:00,2016-01-04 16:17:00,6090,6090,6090,6087,6091,6091,6091,6088,64
2016-01-04 16:17:00,2016-01-04 16:18:00,6090,6085,6089,6085,6091,6086,6091,6086,176
2016-01-04 16:18:00,2016-01-04 16:19:00,6085,6081,6085,6081,6086,6082,6086,6082,88
2016-01-04 16:19:00,2016-01-04 16:20:00,6081,6078,6083,6078,6082,6079,6084,6079,93
2016-01-04 16:20:00,2016-01-04 16:21:00,6078,6077,6079,6076,6079,6079,6080,6077,135
2016-01-04 16:21:00,2016-01-04 16:22:00,6077,6077,6078,6075,6079,6079,6079,6076,106
2016-01-04 16:22:00,2016-01-04 16:23:00,6077,6080,6081,6077,6079,6081,6082,6078,145
2016-01-04 16:23:00,2016-01-04 16:24:00,6080,6078,6080,6077,6081,6080,6082,6078,151
2016-01-04 16:24:00,2016-01-04 16:25:00,6078,6071,6080,6070,6080,6072,6081,6071,247
2016-01-04 16:25:00,2016-01-04 16:26:00,6071,6070,6073,6067,6072,6071,6074,6068,356
2016-01-04 16:26:00,2016-01-04 16:27:00,6070,6070,6071,6067,6071,6071,6072,6068,210
2016-01-04 16:27:00,2016-01-04 16:28:00,6070,6065,6073,6064,6071,6066,6075,6065,248
2016-01-04 16:28:00,2016-01-04 16:29:00,6065,6076,6078,6064,6066,6077,6079,6066,404
2016-01-04 16:29:00,2016-01-04 16:30:00,6076,6077,6082,6075,6077,6078,6083,6077,305
2016-01-04 16:30:00,2016-01-04 16:31:00,6077,6075,6077,6072,6078,6076,6078,6073,116
2016-01-04 16:31:00,2016-01-04 16:32:00,6075,6083,6084,6074,6076,6084,6085,6075,179
2016-01-04 16:32:00,2016-01-04 16:33:00,6083,6092,6094,6082,6084,6094,6095,6084,195
2016-01-04 16:33:00,2016-01-04 16:34:00,6092,6089,6094,6086,6094,6091,6095,6088,294
2016-01-04 16:34:00,2016-01-04 16:35:00,6089,6091,6092,6088,6091,6093,6093,6089,182
2016-01-04 16:35:00,2016-01-04 16:36:00,6091,6079,6092,6078,6093,6080,6094,6080,127
2016-01-04 16:36:00,2016-01-04 16:37:00,6079,6085,6091,6079,6080,6086,6092,6081,197
2016-01-04 16:37:00,2016-01-04 16:38:00,6085,6084,6086,6080,6086,6086,6087,6081,139
2016-01-04 16:38:00,2016-01-04 16:39:00,6084,6083,6085,6081,6086,6084,6086,6082,75
2016-01-04 16:39:00,2016-01-04 16:40:00,6083,6087,6088,6082,6084,6088,6089,6083,88
2016-01-04 16:40:00,2016-01-04 16:41:00,6087,6083,6088,6081,6088,6084,6089,6082,144
2016-01-04 16:41:00,2016-01-04 16:42:00,6083,6086,6087,6083,6084,6087,6088,6085,96
2016-01-04 16:42:00,2016-01-04 16:43:00,6086,6085,6089,6084,6087,6087,6090,6085,143
2016-01-04 16:43:00,2016-01-04 16:44:00,6085,6079,6086,6079,6087,6080,6087,6080,90
2016-01-04 16:44:00,2016-01-04 16:45:00,6079,6082,6082,6079,6080,6083,6083,6081,88
2016-01-04 16:45:00,2016-01-04 16:46:00,6082,6080,6083,6078,6083,6081,6084,6079,56
2016-01-04 16:46:00,2016-01-04 16:47:00,6080,6082,6083,6078,6081,6083,6084,6080,48
2016-01-04 16:47:00,2016-01-04 16:48:00,6082,6088,6089,6082,6083,6089,6090,6083,93
2016-01-04 16:48:00,2016-01-04 16:49:00,6088,6092,6092,6087,6089,6093,6094,6089,38
2016-01-04 16:49:00,2016-01-04 16:50:00,6092,6091,6094,6091,6093,6092,6095,6092,98
2016-01-04 16:50:00,2016-01-04 16:51:00,6091,6091,6092,6089,6092,6093,6093,6090,61
2016-01-04 16:51:00,2016-01-04 16:52:00,6091,6090,6093,6090,6093,6092,6094,6091,42
2016-01-04 16:52:00,2016-01-04 16:53:00,6090,6089,6092,6089,6092,6091,6094,6090,82
2016-01-04 16:53:00,2016-01-04 16:54:00,6089,6084,6090,6084,6091,6086,6091,6085,106
2016-01-04 16:54:00,2016-01-04 16:55:00,6084,6084,6086,6084,6086,6085,6087,6085,47
2016-01-04 16:55:00,2016-01-04 16:56:00,6084,6086,6087,6082,6085,6087,6089,6084,68
2016-01-04 16:56:00,2016-01-04 16:57:00,6086,6080,6087,6079,6087,6081,6088,6080,78
2016-01-04 16:57:00,2016-01-04 16:58:00,6080,6082,6082,6079,6081,6083,6084,6080,82
2016-01-04 16:58:00,2016-01-04 16:59:00,6082,6081,6083,6080,6083,6082,6084,6081,52
2016-01-04 16:59:00,2016-01-04 17:00:00,6081,6081,6084,6081,6082,6082,6085,6082,64
2016-01-04 17:00:00,2016-01-04 17:01:00,6081,6080,6082,6078,6082,6081,6083,6080,46
2016-01-04 17:01:00,2016-01-04 17:02:00,6080,6079,6083,6079,6081,6081,6084,6080,77
2016-01-04 17:02:00,2016-01-04 17:03:00,6079,6081,6083,6080,6081,6082,6084,6081,33
2016-01-04 17:03:00,2016-01-04 17:04:00,6081,6083,6083,6081,6082,6084,6084,6083,8
2016-01-04 17:04:00,2016-01-04 17:05:00,6083,6082,6083,6082,6084,6083,6084,6083,10
2016-01-04 17:05:00,2016-01-04 17:06:00,6082,6082,6083,6081,6083,6083,6084,6083,10
2016-01-04 17:06:00,2016-01-04 17:07:00,6082,6081,6083,6078,6083,6082,6084,6079,75
2016-01-04 17:07:00,2016-01-04 17:08:00,6081,6083,6083,6079,6082,6084,6084,6080,37
2016-01-04 17:08:00,2016-01-04 17:09:00,6083,6082,6083,6081,6084,6083,6084,6083,26
2016-01-04 17:09:00,2016-01-04 17:10:00,6082,6082,6082,6081,6083,6083,6084,6082,22
2016-01-04 17:10:00,2016-01-04 17:11:00,6082,6081,6083,6081,6083,6082,6084,6082,36
2016-01-04 17:11:00,2016-01-04 17:12:00,6081,6081,6082,6081,6082,6082,6083,6082,26
2016-01-04 17:12:00,2016-01-04 17:13:00,6081,6082,6082,6080,6082,6083,6083,6082,22
2016-01-04 17:13:00,2016-01-04 17:14:00,6082,6081,6082,6080,6083,6083,6084,6081,17
2016-01-04 17:14:00,2016-01-04 17:15:00,6081,6083,6083,6081,6083,6084,6084,6082,23
2016-01-04 17:15:00,2016-01-04 17:16:00,6083,6083,6084,6082,6084,6084,6085,6084,24
2016-01-04 17:16:00,2016-01-04 17:17:00,6083,6083,6084,6083,6084,6084,6085,6084,58
2016-01-04 17:17:00,2016-01-04 17:18:00,6083,6083,6083,6082,6084,6084,6085,6083,32
2016-01-04 17:18:00,2016-01-04 17:19:00,6083,6083,6083,6082,6084,6084,6084,6083,24
2016-01-04 17:19:00,2016-01-04 17:20:00,6083,6082,6083,6081,6084,6084,6084,6083,31
2016-01-04 17:20:00,2016-01-04 17:21:00,6082,6081,6083,6081,6084,6083,6084,6082,28
2016-01-04 17:21:00,2016-01-04 17:22:00,6081,6082,6083,6081,6083,6083,6084,6083,43
2016-01-04 17:22:00,2016-01-04 17:23:00,6082,6083,6084,6082,6083,6084,6085,6084,24
2016-01-04 17:23:00,2016-01-04 17:24:00,6083,6083,6086,6082,6084,6084,6087,6083,66
2016-01-04 17:24:00,2016-01-04 17:25:00,6083,6085,6085,6081,6084,6086,6087,6083,57
2016-01-04 17:25:00,2016-01-04 17:26:00,6085,6084,6085,6084,6086,6085,6086,6085,50
2016-01-04 17:26:00,2016-01-04 17:27:00,6084,6085,6085,6082,6085,6086,6086,6084,26
2016-01-04 17:27:00,2016-01-04 17:28:00,6085,6088,6089,6084,6086,6090,6090,6085,65
2016-01-04 17:28:00,2016-01-04 17:29:00,6088,6086,6088,6085,6090,6087,6090,6087,29
2016-01-04 17:29:00,2016-01-04 17:30:00,6086,6086,6086,6085,6087,6087,6088,6086,24
2016-01-04 17:30:00,2016-01-04 17:31:00,6086,6084,6085,6084,6087,6086,6087,6085,19
2016-01-04 17:31:00,2016-01-04 17:32:00,6084,6082,6085,6081,6086,6084,6086,6083,40
2016-01-04 17:32:00,2016-01-04 17:33:00,6082,6085,6085,6082,6084,6086,6087,6084,13
2016-01-04 17:33:00,2016-01-04 17:34:00,6085,6084,6085,6084,6086,6085,6087,6085,24
2016-01-04 17:34:00,2016-01-04 17:35:00,6084,6086,6087,6083,6085,6087,6088,6085,32
2016-01-04 17:35:00,2016-01-04 17:36:00,6086,6086,6086,6085,6087,6088,6088,6087,11
2016-01-04 17:36:00,2016-01-04 17:37:00,6086,6087,6088,6085,6088,6089,6089,6087,26
2016-01-04 17:37:00,2016-01-04 17:38:00,6087,6091,6091,6087,6089,6092,6092,6089,35
2016-01-04 17:38:00,2016-01-04 17:39:00,6091,6092,6093,6090,6092,6094,6094,6092,57
2016-01-04 17:39:00,2016-01-04 17:40:00,6092,6090,6093,6090,6094,6092,6094,6091,28
2016-01-04 17:40:00,2016-01-04 17:41:00,6090,6091,6091,6089,6092,6092,6092,6090,27
2016-01-04 17:41:00,2016-01-04 17:42:00,6091,6094,6094,6091,6092,6095,6095,6093,34
2016-01-04 17:42:00,2016-01-04 17:43:00,6094,6096,6098,6094,6095,6097,6099,6096,56
2016-01-04 17:43:00,2016-01-04 17:44:00,6096,6097,6097,6095,6097,6098,6098,6097,20
2016-01-04 17:44:00,2016-01-04 17:45:00,6097,6099,6100,6097,6098,6101,6102,6098,61
2016-01-04 17:45:00,2016-01-04 17:46:00,6099,6098,6101,6097,6101,6099,6102,6099,45
2016-01-04 17:46:00,2016-01-04 17:47:00,6098,6099,6100,6098,6099,6100,6101,6099,24
2016-01-04 17:47:00,2016-01-04 17:48:00,6099,6098,6099,6098,6100,6100,6101,6100,17
2016-01-04 17:48:00,2016-01-04 17:49:00,6098,6097,6099,6096,6100,6098,6100,6098,21
2016-01-04 17:49:00,2016-01-04 17:50:00,6097,6099,6100,6097,6098,6101,6101,6098,27
2016-01-04 17:50:00,2016-01-04 17:51:00,6099,6097,6099,6097,6101,6098,6100,6098,17
2016-01-04 17:51:00,2016-01-04 17:52:00,6097,6100,6102,6097,6098,6101,6103,6099,48
2016-01-04 17:52:00,2016-01-04 17:53:00,6100,6100,6101,6099,6101,6101,6102,6100,14
2016-01-04 17:53:00,2016-01-04 17:54:00,6100,6102,6102,6100,6101,6103,6103,6101,14
2016-01-04 17:54:00,2016-01-04 17:55:00,6102,6100,6103,6100,6103,6102,6104,6101,33
2016-01-04 17:55:00,2016-01-04 17:56:00,6100,6100,6100,6098,6102,6101,6101,6099,47
2016-01-04 17:56:00,2016-01-04 17:57:00,6100,6101,6101,6099,6101,6102,6102,6100,22
2016-01-04 17:57:00,2016-01-04 17:58:00,6101,6100,6102,6099,6102,6102,6103,6101,29
2016-01-04 17:58:00,2016-01-04 17:59:00,6100,6101,6102,6099,6102,6103,6103,6100,28
2016-01-04 17:59:00,2016-01-04 18:00:00,6101,6103,6103,6101,6103,6104,6104,6102,39
2016-01-04 18:00:00,2016-01-04 18:01:00,6103,6102,6104,6102,6104,6104,6105,6104,19
2016-01-04 18:01:00,2016-01-04 18:02:00,6102,6102,6102,6100,6104,6103,6104,6101,39
2016-01-04 18:02:00,2016-01-04 18:03:00,6102,6104,6104,6102,6103,6105,6105,6104,44
2016-01-04 18:03:00,2016-01-04 18:04:00,6104,6106,6107,6103,6105,6107,6108,6104,32
2016-01-04 18:04:00,2016-01-04 18:05:00,6106,6106,6108,6105,6107,6108,6110,6106,51
2016-01-04 18:05:00,2016-01-04 18:06:00,6106,6107,6108,6106,6108,6108,6109,6107,29
2016-01-04 18:06:00,2016-01-04 18:07:00,6107,6109,6110,6106,6108,6111,6111,6107,35
2016-01-04 18:07:00,2016-01-04 18:08:00,6109,6110,6111,6108,6111,6111,6112,6109,63
2016-01-04 18:08:00,2016-01-04 18:09:00,6110,6110,6111,6108,6111,6112,6112,6110,35
2016-01-04 18:09:00,2016-01-04 18:10:00,6110,6111,6111,6109,6112,6112,6112,6110,25
2016-01-04 18:10:00,2016-01-04 18:11:00,6111,6111,6111,6108,6112,6112,6112,6109,135
2016-01-04 18:11:00,2016-01-04 18:12:00,6111,6108,6110,6108,6112,6110,6112,6109,39
2016-01-04 18:12:00,2016-01-04 18:13:00,6108,6109,6109,6108,6110,6110,6111,6109,17
2016-01-04 18:13:00,2016-01-04 18:14:00,6109,6106,6110,6106,6110,6107,6111,6107,50
2016-01-04 18:14:00,2016-01-04 18:15:00,6106,6107,6107,6105,6107,6109,6109,6106,29
2016-01-04 18:15:00,2016-01-04 18:16:00,6107,6111,6112,6108,6109,6112,6114,6109,45
2016-01-04 18:16:00,2016-01-04 18:17:00,6111,6108,6110,6107,6112,6109,6112,6109,22
2016-01-04 18:17:00,2016-01-04 18:18:00,6108,6110,6110,6107,6109,6111,6111,6109,36
2016-01-04 18:18:00,2016-01-04 18:19:00,6110,6104,6109,6104,6111,6106,6111,6105,39
2016-01-04 18:19:00,2016-01-04 18:20:00,6104,6103,6106,6102,6106,6104,6107,6104,59
2016-01-04 18:20:00,2016-01-04 18:21:00,6103,6103,6106,6102,6104,6104,6108,6103,34
2016-01-04 18:21:00,2016-01-04 18:22:00,6103,6101,6103,6101,6104,6102,6105,6102,28
2016-01-04 18:22:00,2016-01-04 18:23:00,6101,6099,6101,6098,6102,6100,6102,6100,20
2016-01-04 18:23:00,2016-01-04 18:24:00,6099,6099,6101,6098,6100,6101,6103,6100,23
2016-01-04 18:24:00,2016-01-04 18:25:00,6099,6097,6099,6096,6101,6099,6100,6098,24
2016-01-04 18:25:00,2016-01-04 18:26:00,6097,6099,6099,6097,6099,6101,6101,6098,14
2016-01-04 18:26:00,2016-01-04 18:27:00,6099,6101,6102,6099,6101,6102,6103,6100,29
2016-01-04 18:27:00,2016-01-04 18:28:00,6101,6104,6104,6101,6102,6105,6105,6102,30
2016-01-04 18:28:00,2016-01-04 18:29:00,6104,6102,6104,6101,6105,6103,6106,6103,32
2016-01-04 18:29:00,2016-01-04 18:30:00,6102,6103,6104,6101,6103,6104,6106,6102,44
2016-01-04 18:30:00,2016-01-04 18:31:00,6103,6104,6104,6102,6104,6106,6106,6104,23
2016-01-04 18:31:00,2016-01-04 18:32:00,6104,6103,6104,6101,6106,6104,6105,6103,29
2016-01-04 18:32:00,2016-01-04 18:33:00,6103,6101,6102,6100,6104,6102,6104,6102,34
2016-01-04 18:33:00,2016-01-04 18:34:00,6101,6103,6106,6101,6102,6105,6107,6103,35
2016-01-04 18:34:00,2016-01-04 18:35:00,6103,6107,6107,6103,6105,6109,6109,6105,18
2016-01-04 18:35:00,2016-01-04 18:36:00,6107,6104,6108,6104,6109,6105,6109,6105,17
2016-01-04 18:36:00,2016-01-04 18:37:00,6104,6103,6104,6102,6105,6104,6105,6104,32
2016-01-04 18:37:00,2016-01-04 18:38:00,6103,6104,6105,6103,6104,6105,6106,6104,44
2016-01-04 18:38:00,2016-01-04 18:39:00,6104,6106,6107,6103,6105,6108,6109,6104,23
2016-01-04 18:39:00,2016-01-04 18:40:00,6106,6106,6107,6104,6108,6107,6108,6106,75
2016-01-04 18:40:00,2016-01-04 18:41:00,6106,6106,6107,6105,6107,6107,6108,6106,16
2016-01-04 18:41:00,2016-01-04 18:42:00,6106,6108,6108,6106,6107,6110,6110,6107,23
2016-01-04 18:42:00,2016-01-04 18:43:00,6108,6107,6109,6107,6110,6108,6110,6108,15
2016-01-04 18:43:00,2016-01-04 18:44:00,6107,6106,6107,6105,6108,6108,6109,6107,37
2016-01-04 18:44:00,2016-01-04 18:45:00,6106,6107,6107,6106,6108,6108,6108,6107,19
2016-01-04 18:45:00,2016-01-04 18:46:00,6107,6109,6111,6107,6108,6111,6112,6109,37
2016-01-04 18:46:00,2016-01-04 18:47:00,6109,6109,6110,6108,6111,6110,6112,6110,37
2016-01-04 18:47:00,2016-01-04 18:48:00,6109,6107,6108,6105,6110,6109,6110,6107,29
2016-01-04 18:48:00,2016-01-04 18:49:00,6107,6107,6108,6106,6109,6108,6110,6108,27
2016-01-04 18:49:00,2016-01-04 18:50:00,6107,6107,6108,6106,6108,6109,6109,6107,37
2016-01-04 18:50:00,2016-01-04 18:51:00,6107,6109,6109,6107,6109,6110,6111,6108,29
2016-01-04 18:51:00,2016-01-04 18:52:00,6109,6110,6112,6109,6110,6112,6113,6110,33
2016-01-04 18:52:00,2016-01-04 18:53:00,6110,6110,6110,6109,6112,6111,6112,6110,9
2016-01-04 18:53:00,2016-01-04 18:54:00,6110,6109,6110,6107,6111,6110,6111,6109,40
2016-01-04 18:54:00,2016-01-04 18:55:00,6109,6110,6111,6109,6110,6112,6113,6111,15
2016-01-04 18:55:00,2016-01-04 18:56:00,6110,6110,6111,6109,6112,6111,6113,6110,25
2016-01-04 18:56:00,2016-01-04 18:57:00,6110,6106,6110,6105,6111,6107,6112,6107,56
2016-01-04 18:57:00,2016-01-04 18:58:00,6106,6107,6108,6105,6107,6108,6109,6107,32
2016-01-04 18:58:00,2016-01-04 18:59:00,6107,6108,6108,6106,6108,6109,6109,6108,20
2016-01-04 18:59:00,2016-01-04 19:00:00,6108,6107,6107,6105,6109,6108,6109,6106,46
2016-01-04 19:00:00,2016-01-04 19:01:00,6107,6103,6106,6103,6108,6105,6108,6105,47
2016-01-04 19:01:00,2016-01-04 19:02:00,6103,6104,6104,6103,6105,6105,6106,6104,17
2016-01-04 19:02:00,2016-01-04 19:03:00,6104,6106,6106,6104,6105,6107,6107,6106,12
2016-01-04 19:03:00,2016-01-04 19:04:00,6106,6104,6106,6104,6107,6106,6107,6106,7
2016-01-04 19:04:00,2016-01-04 19:05:00,6104,6100,6104,6100,6106,6101,6106,6101,23
2016-01-04 19:05:00,2016-01-04 19:06:00,6100,6101,6102,6099,6101,6102,6104,6101,18
2016-01-04 19:06:00,2016-01-04 19:07:00,6101,6101,6101,6101,6102,6102,6103,6102,4
2016-01-04 19:07:00,2016-01-04 19:09:00,6103,6103,6104,6103,6104,6105,6106,6104,29
2016-01-04 19:09:00,2016-01-04 19:10:00,6103,6101,6103,6101,6105,6103,6104,6102,10
2016-01-04 19:10:00,2016-01-04 19:11:00,6101,6100,6101,6099,6103,6102,6103,6100,24
2016-01-04 19:11:00,2016-01-04 19:12:00,6100,6100,6101,6100,6102,6102,6102,6101,8
2016-01-04 19:12:00,2016-01-04 19:13:00,6100,6101,6102,6099,6102,6103,6103,6100,16
2016-01-04 19:13:00,2016-01-04 19:14:00,6101,6101,6102,6099,6103,6103,6103,6100,38
2016-01-04 19:14:00,2016-01-04 19:15:00,6101,6100,6102,6100,6103,6101,6104,6101,27
2016-01-04 19:15:00,2016-01-04 19:16:00,6100,6099,6100,6098,6101,6101,6101,6100,23
2016-01-04 19:16:00,2016-01-04 19:17:00,6099,6099,6100,6098,6101,6100,6101,6100,21
2016-01-04 19:17:00,2016-01-04 19:18:00,6099,6104,6104,6099,6100,6106,6106,6101,73
2016-01-04 19:18:00,2016-01-04 19:19:00,6104,6106,6106,6104,6106,6107,6108,6106,27
2016-01-04 19:19:00,2016-01-04 19:20:00,6106,6106,6108,6105,6107,6108,6109,6107,25
2016-01-04 19:20:00,2016-01-04 19:21:00,6106,6107,6107,6104,6108,6108,6109,6106,21
2016-01-04 19:21:00,2016-01-04 19:22:00,6107,6109,6111,6106,6108,6111,6113,6107,41
2016-01-04 19:22:00,2016-01-04 19:23:00,6109,6109,6110,6107,6111,6110,6111,6108,17
2016-01-04 19:23:00,2016-01-04 19:24:00,6109,6107,6108,6106,6110,6109,6110,6108,15
2016-01-04 19:24:00,2016-01-04 19:25:00,6107,6106,6108,6105,6109,6107,6109,6107,23
2016-01-04 19:25:00,2016-01-04 19:26:00,6106,6105,6106,6103,6107,6106,6107,6104,30
2016-01-04 19:26:00,2016-01-04 19:27:00,6105,6106,6107,6105,6106,6107,6108,6106,20
2016-01-04 19:27:00,2016-01-04 19:28:00,6106,6106,6108,6105,6107,6107,6110,6107,32
2016-01-04 19:28:00,2016-01-04 19:29:00,6106,6103,6106,6103,6107,6104,6108,6104,26
2016-01-04 19:29:00,2016-01-04 19:30:00,6103,6104,6105,6103,6104,6106,6107,6105,25
2016-01-04 19:30:00,2016-01-04 19:31:00,6104,6100,6104,6099,6106,6102,6105,6100,60
2016-01-04 19:31:00,2016-01-04 19:32:00,6100,6100,6101,6099,6102,6101,6103,6100,37
2016-01-04 19:32:00,2016-01-04 19:33:00,6100,6097,6101,6096,6101,6098,6102,6098,42
2016-01-04 19:33:00,2016-01-04 19:34:00,6097,6096,6098,6096,6098,6098,6100,6098,17
2016-01-04 19:34:00,2016-01-04 19:35:00,6096,6098,6099,6097,6098,6100,6101,6098,40
2016-01-04 19:35:00,2016-01-04 19:36:00,6098,6096,6099,6096,6100,6097,6100,6097,31
2016-01-04 19:36:00,2016-01-04 19:37:00,6096,6097,6098,6094,6097,6098,6099,6095,36
2016-01-04 19:37:00,2016-01-04 19:38:00,6097,6097,6098,6097,6098,6099,6100,6098,13
2016-01-04 19:38:00,2016-01-04 19:39:00,6097,6097,6099,6096,6099,6099,6100,6097,22
2016-01-04 19:39:00,2016-01-04 19:40:00,6097,6098,6098,6096,6099,6100,6100,6098,14
2016-01-04 19:40:00,2016-01-04 19:41:00,6098,6099,6099,6097,6100,6101,6101,6099,12
2016-01-04 19:41:00,2016-01-04 19:42:00,6099,6096,6099,6095,6101,6097,6100,6096,41
2016-01-04 19:42:00,2016-01-04 19:43:00,6096,6095,6096,6095,6097,6097,6097,6096,21
2016-01-04 19:43:00,2016-01-04 19:44:00,6095,6096,6097,6095,6097,6097,6098,6096,17
2016-01-04 19:44:00,2016-01-04 19:45:00,6096,6097,6098,6096,6097,6098,6099,6097,32
2016-01-04 19:45:00,2016-01-04 19:46:00,6097,6095,6098,6095,6098,6096,6099,6096,20
2016-01-04 19:46:00,2016-01-04 19:47:00,6095,6099,6099,6094,6096,6100,6101,6096,26
2016-01-04 19:47:00,2016-01-04 19:48:00,6099,6099,6099,6097,6100,6100,6100,6099,12
2016-01-04 19:48:00,2016-01-04 19:49:00,6099,6099,6100,6098,6100,6100,6101,6099,26
2016-01-04 19:49:00,2016-01-04 19:50:00,6099,6100,6101,6099,6100,6101,6102,6100,20
2016-01-04 19:50:00,2016-01-04 19:51:00,6100,6096,6099,6096,6101,6098,6101,6097,43
2016-01-04 19:51:00,2016-01-04 19:52:00,6096,6097,6097,6096,6098,6098,6099,6097,9
2016-01-04 19:52:00,2016-01-04 19:53:00,6097,6096,6098,6096,6098,6097,6099,6097,14
2016-01-04 19:53:00,2016-01-04 19:54:00,6096,6095,6096,6094,6097,6096,6097,6095,32
2016-01-04 19:54:00,2016-01-04 19:55:00,6095,6097,6098,6095,6096,6098,6099,6097,16
2016-01-04 19:55:00,2016-01-04 19:56:00,6097,6095,6097,6094,6098,6096,6098,6095,34
2016-01-04 19:56:00,2016-01-04 19:57:00,6095,6094,6095,6094,6096,6096,6097,6095,13
2016-01-04 19:57:00,2016-01-04 19:58:00,6094,6095,6096,6093,6096,6097,6097,6095,36
2016-01-04 19:58:00,2016-01-04 19:59:00,6095,6097,6097,6095,6097,6098,6099,6096,25
2016-01-04 19:59:00,2016-01-04 20:00:00,6097,6097,6099,6097,6098,6098,6100,6098,24
2016-01-04 20:00:00,2016-01-04 20:01:00,6097,6097,6098,6096,6098,6098,6099,6097,26
2016-01-04 20:01:00,2016-01-04 20:02:00,6097,6095,6098,6095,6098,6097,6099,6096,31
2016-01-04 20:02:00,2016-01-04 20:03:00,6095,6094,6097,6092,6097,6095,6098,6093,69
2016-01-04 20:03:00,2016-01-04 20:04:00,6094,6094,6094,6093,6095,6095,6096,6094,18
2016-01-04 20:04:00,2016-01-04 20:05:00,6094,6095,6095,6091,6095,6096,6096,6093,54
2016-01-04 20:05:00,2016-01-04 20:06:00,6095,6095,6096,6094,6096,6097,6098,6096,17
2016-01-04 20:06:00,2016-01-04 20:07:00,6095,6097,6097,6095,6097,6098,6098,6097,13
2016-01-04 20:07:00,2016-01-04 20:08:00,6097,6100,6100,6097,6098,6101,6102,6098,26
2016-01-04 20:08:00,2016-01-04 20:09:00,6100,6098,6100,6096,6101,6099,6101,6098,30
2016-01-04 20:09:00,2016-01-04 20:10:00,6098,6099,6101,6097,6099,6101,6102,6098,51
2016-01-04 20:10:00,2016-01-04 20:11:00,6099,6095,6099,6095,6101,6097,6100,6096,58
2016-01-04 20:11:00,2016-01-04 20:12:00,6095,6094,6096,6093,6097,6096,6098,6095,36
2016-01-04 20:12:00,2016-01-04 20:13:00,6094,6098,6098,6094,6096,6099,6100,6095,37
2016-01-04 20:13:00,2016-01-04 20:14:00,6098,6100,6101,6098,6099,6101,6102,6099,68
2016-01-04 20:14:00,2016-01-04 20:15:00,6100,6101,6102,6099,6101,6103,6103,6100,43
2016-01-04 20:15:00,2016-01-04 20:16:00,6101,6099,6102,6099,6103,6100,6104,6100,43
2016-01-04 20:16:00,2016-01-04 20:17:00,6099,6101,6102,6098,6100,6103,6103,6099,21
2016-01-04 20:17:00,2016-01-04 20:18:00,6101,6100,6101,6099,6103,6101,6103,6100,23
2016-01-04 20:18:00,2016-01-04 20:19:00,6100,6103,6103,6100,6101,6104,6105,6101,18
2016-01-04 20:19:00,2016-01-04 20:20:00,6103,6101,6103,6100,6104,6102,6104,6101,36
2016-01-04 20:20:00,2016-01-04 20:21:00,6101,6103,6103,6101,6102,6104,6104,6102,22
2016-01-04 20:21:00,2016-01-04 20:22:00,6103,6100,6103,6100,6104,6101,6104,6101,20
2016-01-04 20:22:00,2016-01-04 20:23:00,6100,6100,6101,6099,6101,6102,6102,6100,25
2016-01-04 20:23:00,2016-01-04 20:24:00,6100,6100,6101,6099,6102,6101,6102,6100,27
2016-01-04 20:24:00,2016-01-04 20:25:00,6100,6103,6104,6100,6101,6104,6105,6102,47
2016-01-04 20:25:00,2016-01-04 20:26:00,6103,6101,6103,6100,6104,6102,6104,6102,34
2016-01-04 20:26:00,2016-01-04 20:27:00,6101,6103,6104,6100,6102,6105,6105,6101,71
2016-01-04 20:27:00,2016-01-04 20:28:00,6103,6105,6105,6102,6105,6106,6107,6103,49
2016-01-04 20:28:00,2016-01-04 20:29:00,6105,6106,6106,6104,6106,6107,6108,6105,34
2016-01-04 20:29:00,2016-01-04 20:30:00,6106,6108,6108,6105,6107,6109,6109,6107,32
2016-01-04 20:30:00,2016-01-04 20:31:00,6108,6109,6109,6107,6109,6110,6110,6108,22
2016-01-04 20:31:00,2016-01-04 20:32:00,6109,6109,6111,6108,6110,6111,6112,6109,37
2016-01-04 20:32:00,2016-01-04 20:33:00,6109,6114,6114,6110,6111,6115,6115,6111,33
2016-01-04 20:33:00,2016-01-04 20:34:00,6114,6113,6116,6112,6115,6114,6117,6113,48
2016-01-04 20:34:00,2016-01-04 20:35:00,6113,6114,6115,6113,6114,6115,6116,6114,28
2016-01-04 20:35:00,2016-01-04 20:36:00,6114,6114,6114,6113,6115,6115,6116,6114,22
2016-01-04 20:36:00,2016-01-04 20:37:00,6114,6114,6115,6113,6115,6116,6116,6115,27
2016-01-04 20:37:00,2016-01-04 20:38:00,6114,6116,6118,6114,6116,6117,6119,6115,37
2016-01-04 20:38:00,2016-01-04 20:39:00,6116,6118,6119,6115,6117,6120,6120,6117,33
2016-01-04 20:39:00,2016-01-04 20:40:00,6118,6119,6121,6118,6120,6121,6122,6120,22
2016-01-04 20:40:00,2016-01-04 20:41:00,6119,6122,6123,6120,6121,6123,6124,6121,21
2016-01-04 20:41:00,2016-01-04 20:42:00,6122,6123,6124,6121,6123,6124,6125,6123,22
2016-01-04 20:42:00,2016-01-04 20:43:00,6123,6122,6123,6120,6124,6123,6124,6121,34
2016-01-04 20:43:00,2016-01-04 20:44:00,6122,6124,6125,6122,6123,6125,6126,6123,40
2016-01-04 20:44:00,2016-01-04 20:45:00,6124,6128,6129,6124,6125,6129,6130,6125,94
2016-01-04 20:45:00,2016-01-04 20:46:00,6128,6128,6129,6127,6129,6129,6131,6128,62
2016-01-04 20:46:00,2016-01-04 20:47:00,6128,6126,6128,6125,6129,6128,6129,6127,47
2016-01-04 20:47:00,2016-01-04 20:48:00,6126,6130,6130,6123,6128,6131,6132,6124,81
2016-01-04 20:48:00,2016-01-04 20:49:00,6130,6131,6134,6130,6131,6133,6135,6131,67
2016-01-04 20:49:00,2016-01-04 20:50:00,6131,6132,6133,6130,6133,6134,6134,6131,40
2016-01-04 20:50:00,2016-01-04 20:51:00,6132,6128,6133,6128,6134,6129,6134,6129,48
2016-01-04 20:51:00,2016-01-04 20:52:00,6128,6131,6133,6128,6129,6133,6134,6130,47
2016-01-04 20:52:00,2016-01-04 20:53:00,6131,6134,6135,6131,6133,6136,6137,6132,18
2016-01-04 20:53:00,2016-01-04 20:54:00,6134,6134,6135,6131,6136,6135,6136,6133,35
2016-01-04 20:54:00,2016-01-04 20:55:00,6134,6135,6136,6134,6135,6137,6137,6135,51
2016-01-04 20:55:00,2016-01-04 20:56:00,6135,6134,6136,6133,6137,6135,6137,6135,53
2016-01-04 20:56:00,2016-01-04 20:58:00,6135,6133,6136,6133,6136,6134,6137,6134,41
2016-01-04 20:58:00,2016-01-04 20:59:00,6133,6135,6137,6133,6134,6139,6139,6134,176
2016-01-04 20:59:00,2016-01-04 22:00:00,6135,6135,6135,6135,6139,6139,6139,6139,1
2016-01-04 22:00:00,2016-01-05 07:00:00,6135,6149,6153,6135,6139,6150,6155,6139,57
2016-01-05 07:00:00,2016-01-05 07:01:00,6149,6149,6150,6148,6150,6151,6152,6150,29
2016-01-05 07:01:00,2016-01-05 07:02:00,6149,6149,6149,6149,6151,6150,6151,6150,7
2016-01-05 07:02:00,2016-01-05 07:04:00,6149,6146,6148,6146,6150,6147,6150,6147,10
2016-01-05 07:04:00,2016-01-05 07:05:00,6146,6148,6149,6144,6147,6150,6150,6146,17
2016-01-05 07:05:00,2016-01-05 07:06:00,6148,6146,6148,6146,6150,6147,6150,6147,7
2016-01-05 07:06:00,2016-01-05 07:07:00,6146,6147,6147,6144,6147,6148,6148,6146,20
2016-01-05 07:07:00,2016-01-05 07:08:00,6147,6146,6148,6146,6148,6148,6150,6147,31
2016-01-05 07:08:00,2016-01-05 07:09:00,6146,6144,6147,6144,6148,6145,6148,6145,31
2016-01-05 07:09:00,2016-01-05 07:10:00,6144,6143,6144,6143,6145,6144,6145,6144,14
2016-01-05 07:10:00,2016-01-05 07:11:00,6143,6141,6143,6140,6144,6143,6144,6141,29
2016-01-05 07:11:00,2016-01-05 07:12:00,6141,6141,6142,6140,6143,6142,6143,6142,11
2016-01-05 07:12:00,2016-01-05 07:13:00,6141,6141,6142,6139,6142,6142,6143,6141,18
2016-01-05 07:13:00,2016-01-05 07:14:00,6141,6142,6142,6140,6142,6143,6143,6141,10
2016-01-05 07:14:00,2016-01-05 07:15:00,6142,6144,6145,6142,6143,6145,6146,6144,18
2016-01-05 07:15:00,2016-01-05 07:16:00,6144,6143,6144,6143,6145,6144,6145,6144,4
2016-01-05 07:16:00,2016-01-05 07:17:00,6143,6141,6143,6141,6144,6143,6144,6143,5
2016-01-05 07:17:00,2016-01-05 07:18:00,6141,6142,6142,6141,6143,6143,6144,6142,7
2016-01-05 07:18:00,2016-01-05 07:19:00,6142,6140,6141,6139,6143,6141,6143,6141,8
2016-01-05 07:19:00,2016-01-05 07:20:00,6140,6140,6140,6139,6141,6142,6142,6140,13
2016-01-05 07:20:00,2016-01-05 07:21:00,6140,6141,6142,6140,6142,6142,6143,6142,9
2016-01-05 07:21:00,2016-01-05 07:22:00,6141,6142,6142,6141,6142,6143,6143,6142,8
2016-01-05 07:22:00,2016-01-05 07:23:00,6142,6142,6142,6141,6143,6144,6144,6142,7
2016-01-05 07:23:00,2016-01-05 07:24:00,6142,6141,6143,6141,6144,6142,6144,6142,5
2016-01-05 07:24:00,2016-01-05 07:25:00,6141,6142,6143,6141,6142,6144,6144,6143,9
2016-01-05 07:25:00,2016-01-05 07:26:00,6142,6145,6145,6142,6144,6147,6147,6143,24
2016-01-05 07:26:00,2016-01-05 07:27:00,6145,6147,6147,6146,6147,6148,6148,6147,9
2016-01-05 07:27:00,2016-01-05 07:28:00,6147,6146,6146,6145,6148,6147,6148,6146,14
2016-01-05 07:28:00,2016-01-05 07:29:00,6146,6146,6147,6144,6147,6147,6148,6145,22
2016-01-05 07:29:00,2016-01-05 07:30:00,6146,6147,6147,6146,6147,6148,6148,6147,10
2016-01-05 07:30:00,2016-01-05 07:31:00,6147,6145,6148,6145,6148,6146,6149,6146,8
2016-01-05 07:31:00,2016-01-05 07:32:00,6145,6144,6145,6142,6146,6145,6146,6144,32
2016-01-05 07:32:00,2016-01-05 07:33:00,6144,6141,6143,6138,6145,6142,6145,6140,52
2016-01-05 07:33:00,2016-01-05 07:34:00,6141,6142,6142,6139,6142,6143,6144,6141,18
2016-01-05 07:34:00,2016-01-05 07:35:00,6142,6139,6142,6138,6143,6141,6143,6139,21
2016-01-05 07:35:00,2016-01-05 07:36:00,6139,6139,6141,6139,6141,6140,6142,6140,11
2016-01-05 07:36:00,2016-01-05 07:37:00,6139,6141,6142,6139,6140,6143,6143,6140,15
2016-01-05 07:37:00,2016-01-05 07:38:00,6141,6144,6144,6141,6143,6145,6145,6142,15
2016-01-05 07:38:00,2016-01-05 07:39:00,6144,6142,6145,6142,6145,6144,6146,6144,13
2016-01-05 07:39:00,2016-01-05 07:40:00,6142,6145,6145,6143,6144,6146,6146,6144,15
2016-01-05 07:40:00,2016-01-05 07:41:00,6145,6141,6144,6141,6146,6143,6146,6143,20
2016-01-05 07:41:00,2016-01-05 07:42:00,6141,6141,6143,6140,6143,6142,6144,6141,34
2016-01-05 07:42:00,2016-01-05 07:43:00,6141,6140,6142,6139,6142,6141,6144,6141,10
2016-01-05 07:43:00,2016-01-05 07:44:00,6140,6141,6141,6140,6141,6142,6142,6141,10
2016-01-05 07:44:00,2016-01-05 07:45:00,6141,6141,6141,6140,6142,6142,6142,6142,2
2016-01-05 07:45:00,2016-01-05 07:46:00,6141,6141,6142,6140,6142,6142,6143,6142,6
2016-01-05 07:46:00,2016-01-05 07:47:00,6141,6140,6142,6137,6142,6141,6143,6139,30
2016-01-05 07:47:00,2016-01-05 07:49:00,6140,6141,6142,6140,6141,6142,6143,6142,14
2016-01-05 07:49:00,2016-01-05 07:50:00,6141,6140,6142,6139,6142,6141,6143,6140,20
2016-01-05 07:50:00,2016-01-05 07:51:00,6140,6140,6141,6140,6141,6142,6142,6141,15
2016-01-05 07:51:00,2016-01-05 07:52:00,6140,6140,6141,6140,6142,6142,6142,6142,2
2016-01-05 07:52:00,2016-01-05 07:53:00,6140,6140,6140,6139,6142,6141,6141,6141,7
2016-01-05 07:53:00,2016-01-05 07:54:00,6140,6140,6140,6138,6141,6141,6141,6140,22
2016-01-05 07:54:00,2016-01-05 07:55:00,6140,6138,6139,6137,6141,6139,6141,6138,30
2016-01-05 07:55:00,2016-01-05 07:56:00,6138,6137,6138,6137,6139,6138,6139,6138,6
2016-01-05 07:56:00,2016-01-05 07:57:00,6137,6137,6139,6136,6138,6138,6140,6138,22
2016-01-05 07:57:00,2016-01-05 07:58:00,6137,6138,6139,6136,6138,6139,6141,6137,35
2016-01-05 07:58:00,2016-01-05 07:59:00,6138,6141,6141,6135,6139,6143,6143,6136,72
2016-01-05 07:59:00,2016-01-05 08:00:00,6141,6156,6158,6139,6143,6157,6159,6141,450
2016-01-05 08:00:00,2016-01-05 08:01:00,6156,6160,6166,6156,6157,6161,6167,6157,204
2016-01-05 08:01:00,2016-01-05 08:02:00,6160,6161,6164,6152,6161,6162,6165,6153,330
2016-01-05 08:02:00,2016-01-05 08:03:00,6161,6156,6167,6155,6162,6158,6168,6156,257
2016-01-05 08:03:00,2016-01-05 08:04:00,6156,6154,6158,6152,6158,6155,6160,6153,139
2016-01-05 08:04:00,2016-01-05 08:05:00,6154,6160,6162,6153,6155,6162,6163,6154,149
2016-01-05 08:05:00,2016-01-05 08:06:00,6160,6162,6162,6157,6162,6163,6163,6158,143
2016-01-05 08:06:00,2016-01-05 08:07:00,6162,6163,6163,6160,6163,6164,6164,6161,66
2016-01-05 08:07:00,2016-01-05 08:08:00,6163,6163,6165,6162,6164,6164,6166,6163,82
2016-01-05 08:08:00,2016-01-05 08:09:00,6163,6161,6163,6159,6164,6162,6165,6161,80
2016-01-05 08:09:00,2016-01-05 08:10:00,6161,6154,6162,6151,6162,6155,6163,6152,158
2016-01-05 08:10:00,2016-01-05 08:11:00,6154,6149,6154,6149,6155,6150,6156,6150,114
2016-01-05 08:11:00,2016-01-05 08:12:00,6149,6148,6152,6147,6150,6149,6153,6148,114
2016-01-05 08:12:00,2016-01-05 08:13:00,6148,6146,6148,6143,6149,6147,6149,6145,138
2016-01-05 08:13:00,2016-01-05 08:14:00,6146,6148,6148,6143,6147,6149,6149,6144,118
2016-01-05 08:14:00,2016-01-05 08:15:00,6148,6149,6152,6147,6149,6151,6153,6148,117
2016-01-05 08:15:00,2016-01-05 08:16:00,6149,6147,6150,6147,6151,6148,6151,6148,59
2016-01-05 08:16:00,2016-01-05 08:17:00,6147,6150,6151,6144,6148,6152,6152,6145,97
2016-01-05 08:17:00,2016-01-05 08:18:00,6150,6149,6153,6149,6152,6150,6154,6150,91
2016-01-05 08:18:00,2016-01-05 08:19:00,6149,6151,6151,6147,6150,6153,6153,6148,59
2016-01-05 08:19:00,2016-01-05 08:20:00,6151,6149,6153,6149,6153,6151,6154,6151,86
2016-01-05 08:20:00,2016-01-05 08:21:00,6149,6147,6150,6147,6151,6148,6151,6148,83
2016-01-05 08:21:00,2016-01-05 08:22:00,6147,6144,6148,6142,6148,6146,6149,6143,91
2016-01-05 08:22:00,2016-01-05 08:23:00,6144,6143,6147,6143,6146,6144,6148,6144,65
2016-01-05 08:23:00,2016-01-05 08:24:00,6143,6145,6146,6143,6144,6146,6148,6144,72
2016-01-05 08:24:00,2016-01-05 08:25:00,6145,6139,6146,6139,6146,6140,6147,6140,110
2016-01-05 08:25:00,2016-01-05 08:26:00,6139,6142,6142,6138,6140,6143,6143,6139,90
2016-01-05 08:26:00,2016-01-05 08:27:00,6142,6142,6143,6139,6143,6143,6144,6141,54
2016-01-05 08:27:00,2016-01-05 08:28:00,6142,6139,6143,6138,6143,6140,6144,6139,56
2016-01-05 08:28:00,2016-01-05 08:29:00,6139,6136,6140,6136,6140,6138,6141,6137,77
2016-01-05 08:29:00,2016-01-05 08:30:00,6136,6132,6136,6131,6138,6133,6137,6133,123
2016-01-05 08:30:00,2016-01-05 08:31:00,6132,6131,6132,6129,6133,6132,6133,6130,68
2016-01-05 08:31:00,2016-01-05 08:32:00,6131,6135,6136,6129,6132,6137,6137,6131,93
2016-01-05 08:32:00,2016-01-05 08:33:00,6135,6129,6136,6129,6137,6130,6137,6130,85
2016-01-05 08:33:00,2016-01-05 08:34:00,6129,6132,6133,6127,6130,6133,6134,6128,112
2016-01-05 08:34:00,2016-01-05 08:35:00,6132,6129,6133,6129,6133,6130,6134,6130,60
2016-01-05 08:35:00,2016-01-05 08:36:00,6129,6129,6131,6128,6130,6130,6132,6129,48
2016-01-05 08:36:00,2016-01-05 08:37:00,6129,6130,6131,6128,6130,6131,6132,6129,46
2016-01-05 08:37:00,2016-01-05 08:38:00,6130,6129,6130,6129,6131,6130,6131,6130,40
2016-01-05 08:38:00,2016-01-05 08:39:00,6129,6131,6131,6129,6130,6132,6132,6130,62
2016-01-05 08:39:00,2016-01-05 08:40:00,6131,6134,6135,6130,6132,6135,6136,6131,96
2016-01-05 08:40:00,2016-01-05 08:41:00,6134,6134,6135,6132,6135,6135,6136,6133,46
2016-01-05 08:41:00,2016-01-05 08:42:00,6134,6133,6133,6130,6135,6134,6135,6131,50
2016-01-05 08:42:00,2016-01-05 08:43:00,6133,6138,6139,6133,6134,6139,6140,6135,50
2016-01-05 08:43:00,2016-01-05 08:44:00,6138,6139,6139,6137,6139,6140,6140,6138,24
2016-01-05 08:44:00,2016-01-05 08:45:00,6139,6134,6138,6134,6140,6135,6140,6135,56
2016-01-05 08:45:00,2016-01-05 08:46:00,6134,6131,6134,6131,6135,6132,6135,6132,32
2016-01-05 08:46:00,2016-01-05 08:47:00,6131,6126,6131,6126,6132,6127,6132,6127,40
2016-01-05 08:47:00,2016-01-05 08:48:00,6126,6126,6128,6125,6127,6127,6129,6126,74
2016-01-05 08:48:00,2016-01-05 08:49:00,6126,6124,6126,6122,6127,6125,6127,6123,26
2016-01-05 08:49:00,2016-01-05 08:50:00,6124,6126,6127,6122,6125,6127,6128,6123,64
2016-01-05 08:50:00,2016-01-05 08:51:00,6126,6129,6129,6126,6127,6130,6130,6128,34
2016-01-05 08:51:00,2016-01-05 08:52:00,6129,6130,6130,6127,6130,6131,6131,6128,48
2016-01-05 08:52:00,2016-01-05 08:53:00,6130,6135,6135,6130,6131,6136,6136,6131,60
2016-01-05 08:53:00,2016-01-05 08:54:00,6135,6134,6137,6134,6136,6135,6139,6135,82
2016-01-05 08:54:00,2016-01-05 08:55:00,6134,6133,6137,6132,6135,6134,6138,6133,38
2016-01-05 08:55:00,2016-01-05 08:56:00,6133,6131,6135,6128,6134,6132,6136,6129,68
2016-01-05 08:56:00,2016-01-05 08:57:00,6131,6132,6135,6131,6132,6133,6136,6132,122
2016-01-05 08:57:00,2016-01-05 08:58:00,6132,6131,6134,6131,6133,6132,6136,6132,38
2016-01-05 08:58:00,2016-01-05 08:59:00,6131,6131,6132,6129,6132,6132,6134,6131,54
2016-01-05 08:59:00,2016-01-05 09:00:00,6131,6127,6131,6127,6132,6129,6133,6128,69
2016-01-05 09:00:00,2016-01-05 09:01:00,6127,6125,6128,6124,6129,6126,6129,6125,87
2016-01-05 09:01:00,2016-01-05 09:02:00,6125,6127,6128,6125,6126,6128,6129,6127,32
2016-01-05 09:02:00,2016-01-05 09:03:00,6127,6123,6129,6123,6128,6125,6130,6124,105
2016-01-05 09:03:00,2016-01-05 09:04:00,6123,6117,6123,6117,6125,6118,6125,6118,97
2016-01-05 09:04:00,2016-01-05 09:05:00,6117,6114,6119,6113,6118,6115,6120,6114,92
2016-01-05 09:05:00,2016-01-05 09:06:00,6114,6112,6118,6112,6115,6113,6119,6113,100
2016-01-05 09:06:00,2016-01-05 09:07:00,6112,6111,6114,6111,6113,6112,6115,6112,68
2016-01-05 09:07:00,2016-01-05 09:08:00,6111,6110,6113,6108,6112,6111,6114,6110,68
2016-01-05 09:08:00,2016-01-05 09:09:00,6110,6112,6112,6108,6111,6113,6113,6109,68
2016-01-05 09:09:00,2016-01-05 09:10:00,6112,6111,6113,6110,6113,6112,6114,6111,72
2016-01-05 09:10:00,2016-01-05 09:11:00,6111,6109,6111,6108,6112,6111,6112,6110,55
2016-01-05 09:11:00,2016-01-05 09:12:00,6109,6103,6109,6100,6111,6105,6111,6101,182
2016-01-05 09:12:00,2016-01-05 09:13:00,6103,6101,6104,6100,6105,6102,6105,6101,85
2016-01-05 09:13:00,2016-01-05 09:14:00,6101,6102,6103,6099,6102,6104,6104,6100,75
2016-01-05 09:14:00,2016-01-05 09:15:00,6102,6105,6107,6102,6104,6106,6108,6103,71
2016-01-05 09:15:00,2016-01-05 09:16:00,6105,6107,6107,6102,6106,6108,6109,6103,62
2016-01-05 09:16:00,2016-01-05 09:17:00,6107,6106,6107,6104,6108,6107,6109,6105,68
2016-01-05 09:17:00,2016-01-05 09:18:00,6106,6101,6107,6101,6107,6102,6108,6102,42
2016-01-05 09:18:00,2016-01-05 09:19:00,6101,6100,6102,6099,6102,6101,6104,6100,98
2016-01-05 09:19:00,2016-01-05 09:20:00,6100,6096,6100,6095,6101,6098,6102,6096,194
2016-01-05 09:20:00,2016-01-05 09:21:00,6096,6099,6100,6094,6098,6100,6101,6095,81
2016-01-05 09:21:00,2016-01-05 09:22:00,6099,6095,6099,6095,6100,6096,6100,6096,88
2016-01-05 09:22:00,2016-01-05 09:23:00,6095,6096,6096,6092,6096,6097,6098,6093,146
2016-01-05 09:23:00,2016-01-05 09:24:00,6096,6102,6102,6096,6097,6103,6103,6097,78
2016-01-05 09:24:00,2016-01-05 09:25:00,6102,6101,6104,6100,6103,6102,6105,6101,106
2016-01-05 09:25:00,2016-01-05 09:26:00,6101,6102,6102,6100,6102,6103,6103,6101,26
2016-01-05 09:26:00,2016-01-05 09:27:00,6102,6101,6103,6099,6103,6102,6104,6100,30
2016-01-05 09:27:00,2016-01-05 09:28:00,6101,6102,6103,6100,6102,6104,6104,6101,47
2016-01-05 09:28:00,2016-01-05 09:29:00,6102,6096,6102,6096,6104,6097,6103,6097,41
2016-01-05 09:29:00,2016-01-05 09:30:00,6096,6098,6099,6095,6097,6099,6100,6097,52
2016-01-05 09:30:00,2016-01-05 09:31:00,6098,6096,6099,6095,6099,6097,6100,6096,44
2016-01-05 09:31:00,2016-01-05 09:32:00,6096,6095,6099,6095,6097,6096,6100,6096,48
2016-01-05 09:32:00,2016-01-05 09:33:00,6095,6101,6101,6095,6096,6102,6102,6096,62
2016-01-05 09:33:00,2016-01-05 09:34:00,6101,6103,6103,6100,6102,6105,6105,6101,55
2016-01-05 09:34:00,2016-01-05 09:35:00,6103,6102,6104,6101,6105,6103,6105,6102,75
2016-01-05 09:35:00,2016-01-05 09:36:00,6102,6105,6106,6102,6103,6107,6107,6103,37
2016-01-05 09:36:00,2016-01-05 09:37:00,6105,6108,6109,6105,6107,6110,6110,6106,50
2016-01-05 09:37:00,2016-01-05 09:38:00,6108,6107,6110,6107,6110,6109,6111,6108,32
2016-01-05 09:38:00,2016-01-05 09:39:00,6107,6111,6112,6108,6109,6112,6113,6109,79
2016-01-05 09:39:00,2016-01-05 09:40:00,6111,6109,6111,6108,6112,6110,6113,6109,67
2016-01-05 09:40:00,2016-01-05 09:41:00,6109,6108,6110,6108,6110,6110,6111,6109,49
2016-01-05 09:41:00,2016-01-05 09:42:00,6108,6110,6110,6108,6110,6111,6111,6109,49
2016-01-05 09:42:00,2016-01-05 09:43:00,6110,6109,6111,6108,6111,6110,6112,6109,62
2016-01-05 09:43:00,2016-01-05 09:44:00,6109,6107,6108,6106,6110,6108,6110,6107,24
2016-01-05 09:44:00,2016-01-05 09:45:00,6107,6107,6108,6106,6108,6109,6109,6107,33
2016-01-05 09:45:00,2016-01-05 09:46:00,6107,6108,6109,6107,6109,6109,6110,6108,57
2016-01-05 09:46:00,2016-01-05 09:47:00,6108,6107,6110,6107,6109,6108,6111,6108,28
2016-01-05 09:47:00,2016-01-05 09:48:00,6107,6107,6108,6106,6108,6108,6109,6107,34
2016-01-05 09:48:00,2016-01-05 09:49:00,6107,6109,6109,6107,6108,6110,6111,6109,18
2016-01-05 09:49:00,2016-01-05 09:50:00,6109,6110,6110,6109,6110,6111,6111,6110,20
2016-01-05 09:50:00,2016-01-05 09:51:00,6110,6107,6111,6107,6111,6108,6112,6108,38
2016-01-05 09:51:00,2016-01-05 09:52:00,6107,6108,6109,6107,6108,6109,6110,6108,46
2016-01-05 09:52:00,2016-01-05 09:53:00,6108,6107,6108,6106,6109,6108,6109,6108,36
2016-01-05 09:53:00,2016-01-05 09:54:00,6107,6106,6107,6105,6108,6107,6108,6107,10
2016-01-05 09:54:00,2016-01-05 09:55:00,6106,6103,6106,6103,6107,6104,6107,6104,16
2016-01-05 09:55:00,2016-01-05 09:56:00,6103,6100,6103,6100,6104,6101,6104,6101,38
2016-01-05 09:56:00,2016-01-05 09:57:00,6100,6100,6101,6099,6101,6101,6102,6101,28
2016-01-05 09:57:00,2016-01-05 09:58:00,6100,6100,6100,6100,6101,6101,6102,6101,4
2016-01-05 09:58:00,2016-01-05 09:59:00,6100,6101,6101,6100,6101,6102,6102,6101,24
2016-01-05 09:59:00,2016-01-05 10:00:00,6101,6100,6101,6099,6102,6101,6102,6100,40
2016-01-05 10:00:00,2016-01-05 10:01:00,6100,6096,6100,6095,6101,6097,6101,6096,72
2016-01-05 10:01:00,2016-01-05 10:02:00,6096,6093,6097,6092,6097,6094,6098,6093,120
2016-01-05 10:02:00,2016-01-05 10:03:00,6093,6096,6096,6093,6094,6097,6097,6095,54
2016-01-05 10:03:00,2016-01-05 10:04:00,6096,6094,6095,6093,6097,6095,6097,6094,47
2016-01-05 10:04:00,2016-01-05 10:05:00,6094,6094,6095,6093,6095,6095,6096,6095,54
2016-01-05 10:05:00,2016-01-05 10:06:00,6094,6091,6094,6090,6095,6093,6095,6091,79
2016-01-05 10:06:00,2016-01-05 10:07:00,6091,6089,6092,6088,6093,6090,6093,6089,85
2016-01-05 10:07:00,2016-01-05 10:08:00,6089,6089,6090,6089,6090,6090,6091,6090,34
2016-01-05 10:08:00,2016-01-05 10:09:00,6089,6090,6090,6088,6090,6091,6091,6089,42
2016-01-05 10:09:00,2016-01-05 10:10:00,6090,6089,6090,6088,6091,6090,6091,6090,28
2016-01-05 10:10:00,2016-01-05 10:11:00,6089,6084,6089,6084,6090,6085,6090,6085,44
2016-01-05 10:11:00,2016-01-05 10:12:00,6084,6081,6084,6081,6085,6083,6086,6082,93
2016-01-05 10:12:00,2016-01-05 10:13:00,6081,6080,6082,6079,6083,6081,6083,6080,107
2016-01-05 10:13:00,2016-01-05 10:14:00,6080,6082,6083,6079,6081,6083,6084,6080,84
2016-01-05 10:14:00,2016-01-05 10:15:00,6082,6081,6083,6078,6083,6083,6084,6080,123
2016-01-05 10:15:00,2016-01-05 10:16:00,6081,6085,6086,6081,6083,6086,6087,6082,75
2016-01-05 10:16:00,2016-01-05 10:17:00,6085,6088,6089,6085,6086,6089,6090,6086,44
2016-01-05 10:17:00,2016-01-05 10:18:00,6088,6094,6094,6088,6089,6096,6096,6089,73
2016-01-05 10:18:00,2016-01-05 10:19:00,6094,6089,6095,6088,6096,6090,6096,6090,39
2016-01-05 10:19:00,2016-01-05 10:20:00,6089,6087,6090,6086,6090,6088,6091,6087,50
2016-01-05 10:20:00,2016-01-05 10:21:00,6087,6085,6087,6084,6088,6086,6088,6085,52
2016-01-05 10:21:00,2016-01-05 10:22:00,6085,6087,6087,6084,6086,6088,6088,6085,58
2016-01-05 10:22:00,2016-01-05 10:23:00,6087,6085,6087,6085,6088,6086,6088,6086,30
2016-01-05 10:23:00,2016-01-05 10:24:00,6085,6083,6087,6083,6086,6084,6088,6084,44
2016-01-05 10:24:00,2016-01-05 10:25:00,6083,6081,6083,6081,6084,6082,6085,6082,46
2016-01-05 10:25:00,2016-01-05 10:26:00,6081,6080,6082,6078,6082,6081,6083,6079,26
2016-01-05 10:26:00,2016-01-05 10:27:00,6080,6078,6080,6075,6081,6079,6081,6076,64
2016-01-05 10:27:00,2016-01-05 10:28:00,6078,6077,6079,6077,6079,6079,6080,6078,31
2016-01-05 10:28:00,2016-01-05 10:29:00,6077,6081,6081,6077,6079,6082,6082,6078,35
2016-01-05 10:29:00,2016-01-05 10:30:00,6081,6082,6082,6080,6082,6083,6083,6081,52
2016-01-05 10:30:00,2016-01-05 10:31:00,6082,6082,6082,6080,6083,6083,6083,6081,32
2016-01-05 10:31:00,2016-01-05 10:32:00,6082,6082,6084,6082,6083,6083,6085,6083,44
2016-01-05 10:32:00,2016-01-05 10:33:00,6082,6084,6085,6082,6083,6086,6086,6084,43
2016-01-05 10:33:00,2016-01-05 10:34:00,6084,6082,6085,6082,6086,6083,6086,6083,65
2016-01-05 10:34:00,2016-01-05 10:35:00,6082,6083,6084,6081,6083,6085,6085,6082,29
2016-01-05 10:35:00,2016-01-05 10:36:00,6083,6085,6085,6083,6085,6086,6086,6084,25
2016-01-05 10:36:00,2016-01-05 10:37:00,6085,6087,6088,6085,6086,6089,6089,6087,53
2016-01-05 10:37:00,2016-01-05 10:38:00,6087,6087,6088,6086,6089,6088,6089,6087,27
2016-01-05 10:38:00,2016-01-05 10:39:00,6087,6082,6088,6082,6088,6083,6089,6083,38
2016-01-05 10:39:00,2016-01-05 10:40:00,6082,6084,6084,6081,6083,6085,6085,6082,28
2016-01-05 10:40:00,2016-01-05 10:41:00,6084,6082,6084,6082,6085,6083,6085,6083,32
2016-01-05 10:41:00,2016-01-05 10:42:00,6082,6085,6085,6080,6083,6086,6086,6081,40
2016-01-05 10:42:00,2016-01-05 10:43:00,6085,6086,6087,6085,6086,6088,6088,6086,43
2016-01-05 10:43:00,2016-01-05 10:44:00,6086,6087,6087,6086,6088,6088,6089,6087,55
2016-01-05 10:44:00,2016-01-05 10:45:00,6087,6085,6086,6085,6088,6086,6088,6086,14
2016-01-05 10:45:00,2016-01-05 10:46:00,6085,6085,6086,6084,6086,6086,6087,6085,30
2016-01-05 10:46:00,2016-01-05 10:47:00,6085,6085,6085,6083,6086,6086,6086,6084,26
2016-01-05 10:47:00,2016-01-05 10:48:00,6085,6086,6086,6084,6086,6087,6087,6085,16
2016-01-05 10:48:00,2016-01-05 10:49:00,6086,6086,6088,6085,6087,6087,6089,6086,28
2016-01-05 10:49:00,2016-01-05 10:50:00,6086,6087,6087,6086,6087,6089,6089,6087,41
2016-01-05 10:50:00,2016-01-05 10:51:00,6087,6090,6090,6087,6089,6091,6092,6088,27
2016-01-05 10:51:00,2016-01-05 10:52:00,6090,6092,6092,6090,6091,6093,6094,6091,51
2016-01-05 10:52:00,2016-01-05 10:53:00,6092,6091,6092,6089,6093,6092,6093,6090,50
2016-01-05 10:53:00,2016-01-05 10:54:00,6091,6089,6092,6089,6092,6091,6093,6090,37
2016-01-05 10:54:00,2016-01-05 10:55:00,6089,6087,6090,6086,6091,6088,6091,6087,53
2016-01-05 10:55:00,2016-01-05 10:56:00,6087,6087,6088,6087,6088,6088,6089,6088,10
2016-01-05 10:56:00,2016-01-05 10:58:00,6086,6085,6087,6085,6087,6086,6088,6086,20
2016-01-05 10:58:00,2016-01-05 10:59:00,6085,6085,6087,6085,6086,6087,6089,6086,67
2016-01-05 10:59:00,2016-01-05 11:00:00,6085,6085,6087,6085,6087,6086,6088,6086,27
2016-01-05 11:00:00,2016-01-05 11:01:00,6085,6083,6085,6082,6086,6084,6086,6083,28
2016-01-05 11:01:00,2016-01-05 11:02:00,6083,6083,6084,6083,6084,6084,6085,6084,18
2016-01-05 11:02:00,2016-01-05 11:03:00,6083,6086,6087,6083,6084,6088,6088,6084,37
2016-01-05 11:03:00,2016-01-05 11:04:00,6086,6089,6090,6086,6088,6090,6091,6087,41
2016-01-05 11:04:00,2016-01-05 11:05:00,6089,6091,6092,6089,6090,6092,6093,6091,30
2016-01-05 11:05:00,2016-01-05 11:06:00,6091,6091,6091,6090,6092,6092,6093,6091,8
2016-01-05 11:06:00,2016-01-05 11:07:00,6091,6091,6093,6090,6092,6092,6094,6091,32
2016-01-05 11:07:00,2016-01-05 11:08:00,6091,6091,6092,6091,6092,6093,6093,6092,19
2016-01-05 11:08:00,2016-01-05 11:09:00,6091,6092,6093,6091,6093,6093,6094,6093,7
2016-01-05 11:09:00,2016-01-05 11:10:00,6092,6090,6091,6090,6093,6091,6093,6091,28
2016-01-05 11:10:00,2016-01-05 11:11:00,6090,6089,6090,6088,6091,6090,6091,6089,12
2016-01-05 11:11:00,2016-01-05 11:12:00,6089,6087,6089,6086,6090,6088,6090,6087,78
2016-01-05 11:12:00,2016-01-05 11:13:00,6087,6086,6087,6086,6088,6087,6088,6087,22
2016-01-05 11:13:00,2016-01-05 11:14:00,6086,6086,6087,6086,6087,6087,6088,6087,28
2016-01-05 11:14:00,2016-01-05 11:15:00,6086,6085,6086,6085,6087,6086,6087,6086,26
2016-01-05 11:15:00,2016-01-05 11:16:00,6085,6085,6086,6083,6086,6086,6087,6084,36
2016-01-05 11:16:00,2016-01-05 11:17:00,6085,6085,6085,6083,6086,6086,6086,6084,28
2016-01-05 11:17:00,2016-01-05 11:18:00,6085,6087,6088,6085,6086,6088,6089,6086,22
2016-01-05 11:18:00,2016-01-05 11:19:00,6087,6086,6087,6086,6088,6088,6088,6087,11
2016-01-05 11:19:00,2016-01-05 11:20:00,6086,6087,6087,6086,6088,6088,6089,6087,37
2016-01-05 11:20:00,2016-01-05 11:21:00,6087,6085,6087,6084,6088,6086,6088,6085,20
2016-01-05 11:21:00,2016-01-05 11:22:00,6085,6086,6087,6085,6086,6087,6088,6086,18
2016-01-05 11:22:00,2016-01-05 11:23:00,6086,6084,6086,6083,6087,6085,6087,6084,26
2016-01-05 11:23:00,2016-01-05 11:24:00,6084,6085,6086,6085,6085,6086,6087,6086,15
2016-01-05 11:24:00,2016-01-05 11:25:00,6085,6085,6086,6084,6086,6086,6087,6085,28
2016-01-05 11:25:00,2016-01-05 11:26:00,6085,6085,6086,6085,6086,6086,6087,6086,24
2016-01-05 11:26:00,2016-01-05 11:27:00,6085,6079,6084,6079,6086,6080,6086,6080,52
2016-01-05 11:27:00,2016-01-05 11:28:00,6079,6077,6079,6077,6080,6079,6081,6078,61
2016-01-05 11:28:00,2016-01-05 11:29:00,6077,6080,6080,6077,6079,6081,6082,6078,37
2016-01-05 11:29:00,2016-01-05 11:30:00,6080,6079,6081,6079,6081,6081,6082,6080,27
2016-01-05 11:30:00,2016-01-05 11:31:00,6079,6080,6081,6079,6081,6081,6082,6080,29
2016-01-05 11:31:00,2016-01-05 11:32:00,6080,6080,6081,6078,6081,6081,6082,6079,54
2016-01-05 11:32:00,2016-01-05 11:33:00,6080,6081,6082,6080,6081,6082,6083,6082,22
2016-01-05 11:33:00,2016-01-05 11:34:00,6081,6080,6081,6080,6082,6081,6083,6081,48
2016-01-05 11:34:00,2016-01-05 11:35:00,6080,6079,6080,6078,6081,6081,6081,6079,43
2016-01-05 11:35:00,2016-01-05 11:36:00,6079,6078,6080,6078,6081,6079,6081,6079,45
2016-01-05 11:36:00,2016-01-05 11:37:00,6078,6082,6082,6078,6079,6083,6083,6080,48
2016-01-05 11:37:00,2016-01-05 11:38:00,6082,6083,6084,6081,6083,6084,6085,6082,38
2016-01-05 11:38:00,2016-01-05 11:39:00,6083,6084,6085,6083,6084,6085,6086,6084,50
2016-01-05 11:39:00,2016-01-05 11:40:00,6084,6084,6085,6082,6085,6086,6086,6084,23
2016-01-05 11:40:00,2016-01-05 11:41:00,6084,6086,6086,6084,6086,6087,6087,6085,21
2016-01-05 11:41:00,2016-01-05 11:43:00,6088,6086,6088,6085,6089,6087,6089,6086,26
2016-01-05 11:43:00,2016-01-05 11:44:00,6086,6088,6089,6086,6087,6089,6090,6088,26
2016-01-05 11:44:00,2016-01-05 11:45:00,6088,6088,6088,6087,6089,6089,6089,6088,22
2016-01-05 11:45:00,2016-01-05 11:46:00,6088,6087,6090,6087,6089,6089,6091,6089,29
2016-01-05 11:46:00,2016-01-05 11:47:00,6087,6088,6088,6087,6089,6089,6089,6088,9
2016-01-05 11:47:00,2016-01-05 11:48:00,6088,6086,6088,6086,6089,6088,6089,6087,53
2016-01-05 11:48:00,2016-01-05 11:49:00,6086,6085,6086,6084,6088,6086,6087,6085,17
2016-01-05 11:49:00,2016-01-05 11:50:00,6085,6086,6087,6085,6086,6088,6088,6086,19
2016-01-05 11:50:00,2016-01-05 11:51:00,6086,6087,6087,6086,6088,6088,6088,6087,19
2016-01-05 11:51:00,2016-01-05 11:52:00,6087,6090,6090,6087,6088,6091,6091,6088,28
2016-01-05 11:52:00,2016-01-05 11:53:00,6090,6090,6091,6090,6091,6092,6092,6091,13
2016-01-05 11:53:00,2016-01-05 11:54:00,6090,6091,6091,6090,6092,6092,6092,6091,9
2016-01-05 11:54:00,2016-01-05 11:55:00,6091,6091,6091,6090,6092,6092,6093,6091,18
2016-01-05 11:55:00,2016-01-05 11:56:00,6091,6092,6092,6090,6092,6093,6094,6091,38
2016-01-05 11:56:00,2016-01-05 11:57:00,6092,6095,6095,6092,6093,6096,6096,6093,40
2016-01-05 11:57:00,2016-01-05 11:58:00,6095,6098,6098,6094,6096,6099,6099,6095,66
2016-01-05 11:58:00,2016-01-05 11:59:00,6098,6104,6105,6097,6099,6105,6106,6099,88
2016-01-05 11:59:00,2016-01-05 12:00:00,6104,6101,6106,6101,6105,6102,6107,6102,94
2016-01-05 12:00:00,2016-01-05 12:01:00,6101,6100,6102,6100,6102,6101,6103,6101,26
2016-01-05 12:01:00,2016-01-05 12:02:00,6100,6100,6102,6100,6101,6102,6103,6101,39
2016-01-05 12:02:00,2016-01-05 12:03:00,6100,6100,6101,6100,6102,6101,6102,6101,27
2016-01-05 12:03:00,2016-01-05 12:04:00,6100,6101,6102,6100,6101,6103,6104,6101,15
2016-01-05 12:04:00,2016-01-05 12:05:00,6101,6099,6102,6099,6103,6100,6103,6100,41
2016-01-05 12:05:00,2016-01-05 12:06:00,6099,6098,6099,6098,6100,6099,6100,6099,22
2016-01-05 12:06:00,2016-01-05 12:07:00,6098,6100,6100,6098,6099,6101,6102,6099,26
2016-01-05 12:07:00,2016-01-05 12:08:00,6100,6102,6103,6100,6101,6104,6104,6102,31
2016-01-05 12:08:00,2016-01-05 12:09:00,6102,6101,6103,6100,6104,6102,6104,6102,13
2016-01-05 12:09:00,2016-01-05 12:10:00,6101,6101,6103,6101,6102,6103,6104,6102,21
2016-01-05 12:10:00,2016-01-05 12:11:00,6101,6099,6102,6099,6103,6100,6103,6100,7
2016-01-05 12:11:00,2016-01-05 12:12:00,6099,6097,6100,6097,6100,6098,6101,6098,24
2016-01-05 12:12:00,2016-01-05 12:13:00,6097,6096,6097,6095,6098,6097,6098,6096,26
2016-01-05 12:13:00,2016-01-05 12:14:00,6096,6096,6098,6096,6097,6097,6099,6097,40
2016-01-05 12:14:00,2016-01-05 12:15:00,6096,6092,6096,6092,6097,6093,6097,6093,28
2016-01-05 12:15:00,2016-01-05 12:17:00,6091,6089,6091,6089,6092,6090,6092,6090,18
2016-01-05 12:17:00,2016-01-05 12:18:00,6089,6090,6090,6088,6090,6091,6091,6089,10
2016-01-05 12:18:00,2016-01-05 12:19:00,6090,6093,6093,6090,6091,6094,6094,6091,46
2016-01-05 12:19:00,2016-01-05 12:20:00,6093,6093,6094,6092,6094,6094,6095,6094,10
2016-01-05 12:20:00,2016-01-05 12:21:00,6093,6097,6097,6093,6094,6098,6098,6094,36
2016-01-05 12:21:00,2016-01-05 12:23:00,6099,6102,6102,6099,6100,6103,6103,6100,24
2016-01-05 12:23:00,2016-01-05 12:24:00,6102,6102,6103,6102,6103,6104,6104,6103,27
2016-01-05 12:24:00,2016-01-05 12:25:00,6102,6102,6104,6102,6104,6103,6105,6103,33
2016-01-05 12:25:00,2016-01-05 12:26:00,6102,6101,6103,6100,6103,6102,6104,6101,38
2016-01-05 12:26:00,2016-01-05 12:27:00,6101,6102,6103,6100,6102,6104,6105,6101,19
2016-01-05 12:27:00,2016-01-05 12:28:00,6102,6104,6105,6102,6104,6105,6107,6103,55
2016-01-05 12:28:00,2016-01-05 12:29:00,6104,6102,6104,6101,6105,6104,6105,6103,21
2016-01-05 12:29:00,2016-01-05 12:30:00,6102,6100,6102,6100,6104,6101,6103,6101,13
2016-01-05 12:30:00,2016-01-05 12:31:00,6100,6096,6099,6096,6101,6098,6101,6097,45
2016-01-05 12:31:00,2016-01-05 12:32:00,6096,6096,6097,6096,6098,6098,6098,6097,20
2016-01-05 12:32:00,2016-01-05 12:33:00,6096,6095,6097,6094,6098,6096,6098,6095,21
2016-01-05 12:33:00,2016-01-05 12:34:00,6095,6093,6094,6093,6096,6094,6096,6094,24
2016-01-05 12:34:00,2016-01-05 12:35:00,6093,6094,6095,6093,6094,6096,6096,6095,23
2016-01-05 12:35:00,2016-01-05 12:36:00,6094,6095,6096,6094,6096,6096,6097,6095,25
2016-01-05 12:36:00,2016-01-05 12:37:00,6095,6097,6098,6095,6096,6099,6099,6096,53
2016-01-05 12:37:00,2016-01-05 12:38:00,6097,6096,6097,6096,6099,6097,6098,6097,25
2016-01-05 12:38:00,2016-01-05 12:39:00,6096,6093,6095,6093,6097,6095,6097,6094,29
2016-01-05 12:39:00,2016-01-05 12:40:00,6093,6095,6095,6093,6095,6096,6096,6094,21
2016-01-05 12:40:00,2016-01-05 12:41:00,6095,6097,6097,6093,6096,6098,6099,6095,24
2016-01-05 12:41:00,2016-01-05 12:42:00,6097,6095,6097,6095,6098,6097,6098,6097,23
2016-01-05 12:42:00,2016-01-05 12:43:00,6095,6097,6097,6094,6097,6098,6098,6096,9
2016-01-05 12:43:00,2016-01-05 12:44:00,6097,6099,6100,6097,6098,6100,6101,6098,94
2016-01-05 12:44:00,2016-01-05 12:45:00,6099,6101,6102,6099,6100,6102,6103,6100,24
2016-01-05 12:45:00,2016-01-05 12:46:00,6101,6100,6102,6100,6102,6101,6103,6101,20
2016-01-05 12:46:00,2016-01-05 12:47:00,6100,6100,6101,6100,6101,6101,6102,6101,4
2016-01-05 12:47:00,2016-01-05 12:48:00,6100,6103,6103,6100,6101,6104,6104,6101,20
2016-01-05 12:48:00,2016-01-05 12:49:00,6103,6102,6103,6102,6104,6103,6105,6103,14
2016-01-05 12:49:00,2016-01-05 12:50:00,6102,6102,6103,6101,6103,6103,6104,6102,26
2016-01-05 12:50:00,2016-01-05 12:51:00,6102,6101,6102,6101,6103,6102,6104,6102,24
2016-01-05 12:51:00,2016-01-05 12:52:00,6101,6102,6102,6101,6102,6103,6103,6102,12
2016-01-05 12:52:00,2016-01-05 12:53:00,6102,6100,6102,6099,6103,6101,6104,6100,18
2016-01-05 12:53:00,2016-01-05 12:54:00,6100,6101,6102,6100,6101,6102,6103,6101,22
2016-01-05 12:54:00,2016-01-05 12:55:00,6101,6102,6102,6100,6102,6103,6103,6101,22
2016-01-05 12:55:00,2016-01-05 12:56:00,6102,6108,6108,6102,6103,6109,6109,6104,34
2016-01-05 12:56:00,2016-01-05 12:57:00,6108,6112,6112,6108,6109,6113,6113,6109,50
2016-01-05 12:57:00,2016-01-05 12:58:00,6112,6113,6114,6111,6113,6115,6115,6112,75
2016-01-05 12:58:00,2016-01-05 12:59:00,6113,6116,6116,6113,6115,6117,6117,6114,23
2016-01-05 12:59:00,2016-01-05 13:00:00,6116,6117,6117,6115,6117,6118,6118,6116,36
2016-01-05 13:00:00,2016-01-05 13:01:00,6117,6118,6119,6117,6118,6119,6120,6118,34
2016-01-05 13:01:00,2016-01-05 13:02:00,6118,6120,6120,6117,6119,6121,6121,6118,48
2016-01-05 13:02:00,2016-01-05 13:03:00,6120,6124,6125,6120,6121,6125,6126,6121,74
2016-01-05 13:03:00,2016-01-05 13:04:00,6124,6128,6129,6124,6125,6129,6130,6126,108
2016-01-05 13:04:00,2016-01-05 13:05:00,6128,6126,6129,6126,6129,6127,6130,6127,32
2016-01-05 13:05:00,2016-01-05 13:06:00,6126,6129,6129,6125,6127,6130,6130,6127,46
2016-01-05 13:06:00,2016-01-05 13:07:00,6129,6131,6132,6128,6130,6132,6133,6129,38
2016-01-05 13:07:00,2016-01-05 13:08:00,6131,6130,6131,6130,6132,6132,6132,6131,37
2016-01-05 13:08:00,2016-01-05 13:09:00,6130,6133,6134,6130,6132,6134,6135,6131,57
2016-01-05 13:09:00,2016-01-05 13:10:00,6133,6132,6133,6132,6134,6133,6134,6133,28
2016-01-05 13:10:00,2016-01-05 13:11:00,6132,6133,6133,6130,6133,6134,6134,6131,32
2016-01-05 13:11:00,2016-01-05 13:12:00,6133,6130,6132,6130,6134,6131,6134,6131,12
2016-01-05 13:12:00,2016-01-05 13:13:00,6130,6127,6131,6126,6131,6129,6132,6127,45
2016-01-05 13:13:00,2016-01-05 13:14:00,6127,6126,6128,6125,6129,6128,6129,6126,32
2016-01-05 13:14:00,2016-01-05 13:15:00,6126,6125,6127,6124,6128,6126,6128,6125,25
2016-01-05 13:15:00,2016-01-05 13:16:00,6125,6125,6126,6124,6126,6126,6128,6125,28
2016-01-05 13:16:00,2016-01-05 13:17:00,6125,6126,6127,6124,6126,6127,6128,6125,28
2016-01-05 13:17:00,2016-01-05 13:18:00,6126,6127,6128,6125,6127,6128,6129,6126,40
2016-01-05 13:18:00,2016-01-05 13:19:00,6127,6130,6131,6127,6128,6132,6132,6128,37
2016-01-05 13:19:00,2016-01-05 13:20:00,6130,6133,6133,6130,6132,6134,6134,6131,99
2016-01-05 13:20:00,2016-01-05 13:21:00,6133,6131,6133,6130,6134,6132,6134,6132,38
2016-01-05 13:21:00,2016-01-05 13:22:00,6131,6133,6134,6130,6132,6134,6135,6131,84
2016-01-05 13:22:00,2016-01-05 13:23:00,6133,6133,6134,6132,6134,6134,6135,6133,22
2016-01-05 13:23:00,2016-01-05 13:24:00,6133,6134,6134,6133,6134,6135,6135,6135,2
2016-01-05 13:24:00,2016-01-05 13:25:00,6134,6134,6135,6133,6135,6135,6136,6134,24
2016-01-05 13:25:00,2016-01-05 13:26:00,6134,6133,6134,6133,6135,6134,6135,6134,40
2016-01-05 13:26:00,2016-01-05 13:27:00,6133,6132,6134,6132,6134,6133,6135,6133,28
2016-01-05 13:27:00,2016-01-05 13:28:00,6132,6131,6132,6131,6133,6133,6133,6132,21
2016-01-05 13:28:00,2016-01-05 13:29:00,6131,6130,6132,6129,6133,6131,6133,6130,33
2016-01-05 13:29:00,2016-01-05 13:30:00,6130,6127,6130,6127,6131,6128,6131,6128,42
2016-01-05 13:30:00,2016-01-05 13:31:00,6127,6128,6129,6126,6128,6129,6130,6128,18
2016-01-05 13:31:00,2016-01-05 13:32:00,6128,6127,6128,6127,6129,6128,6129,6128,22
2016-01-05 13:32:00,2016-01-05 13:33:00,6127,6127,6127,6126,6128,6128,6129,6127,34
2016-01-05 13:33:00,2016-01-05 13:34:00,6127,6127,6127,6126,6128,6128,6128,6127,14
2016-01-05 13:34:00,2016-01-05 13:35:00,6127,6127,6129,6127,6128,6129,6130,6128,51
2016-01-05 13:35:00,2016-01-05 13:36:00,6127,6124,6127,6123,6129,6125,6128,6125,29
2016-01-05 13:36:00,2016-01-05 13:37:00,6124,6124,6124,6123,6125,6125,6125,6124,10
2016-01-05 13:37:00,2016-01-05 13:38:00,6124,6125,6126,6123,6125,6126,6127,6124,38
2016-01-05 13:38:00,2016-01-05 13:39:00,6125,6129,6130,6125,6126,6130,6131,6126,62
2016-01-05 13:39:00,2016-01-05 13:40:00,6129,6130,6130,6128,6130,6131,6131,6129,28
2016-01-05 13:40:00,2016-01-05 13:41:00,6130,6127,6129,6126,6131,6128,6131,6127,36
2016-01-05 13:41:00,2016-01-05 13:42:00,6127,6125,6128,6125,6128,6127,6129,6127,31
2016-01-05 13:42:00,2016-01-05 13:43:00,6125,6128,6128,6125,6127,6129,6129,6126,31
2016-01-05 13:43:00,2016-01-05 13:44:00,6128,6128,6128,6127,6129,6129,6129,6128,10
2016-01-05 13:44:00,2016-01-05 13:45:00,6128,6127,6128,6126,6129,6128,6129,6127,28
2016-01-05 13:45:00,2016-01-05 13:46:00,6127,6127,6128,6127,6128,6129,6129,6128,7
2016-01-05 13:46:00,2016-01-05 13:47:00,6127,6129,6130,6127,6129,6130,6131,6128,29
2016-01-05 13:47:00,2016-01-05 13:48:00,6129,6129,6130,6129,6130,6131,6131,6130,9
2016-01-05 13:48:00,2016-01-05 13:49:00,6129,6128,6130,6127,6131,6129,6131,6129,19
2016-01-05 13:49:00,2016-01-05 13:50:00,6128,6128,6129,6128,6129,6129,6130,6129,12
2016-01-05 13:50:00,2016-01-05 13:51:00,6128,6129,6129,6127,6129,6130,6130,6128,30
2016-01-05 13:51:00,2016-01-05 13:52:00,6129,6134,6134,6129,6130,6135,6136,6130,40
2016-01-05 13:52:00,2016-01-05 13:53:00,6134,6134,6135,6133,6135,6135,6136,6134,38
2016-01-05 13:53:00,2016-01-05 13:54:00,6134,6134,6135,6134,6135,6135,6136,6135,6
2016-01-05 13:54:00,2016-01-05 13:55:00,6134,6133,6134,6133,6135,6134,6135,6134,8
2016-01-05 13:55:00,2016-01-05 13:56:00,6133,6133,6133,6132,6134,6135,6135,6133,15
2016-01-05 13:56:00,2016-01-05 13:57:00,6133,6134,6135,6133,6135,6136,6136,6134,24
2016-01-05 13:57:00,2016-01-05 13:58:00,6134,6135,6135,6134,6136,6136,6137,6135,31
2016-01-05 13:58:00,2016-01-05 13:59:00,6135,6135,6135,6134,6136,6136,6136,6135,6
2016-01-05 13:59:00,2016-01-05 14:00:00,6135,6133,6135,6132,6136,6134,6136,6133,54
2016-01-05 14:00:00,2016-01-05 14:01:00,6133,6131,6133,6131,6134,6132,6134,6132,26
2016-01-05 14:01:00,2016-01-05 14:02:00,6131,6130,6132,6129,6132,6131,6133,6130,46
2016-01-05 14:02:00,2016-01-05 14:03:00,6130,6130,6131,6128,6131,6132,6132,6129,37
2016-01-05 14:03:00,2016-01-05 14:04:00,6130,6131,6132,6130,6132,6132,6133,6132,37
2016-01-05 14:04:00,2016-01-05 14:05:00,6131,6131,6133,6130,6132,6132,6134,6131,46
2016-01-05 14:05:00,2016-01-05 14:06:00,6131,6132,6133,6130,6132,6133,6134,6131,30
2016-01-05 14:06:00,2016-01-05 14:07:00,6132,6132,6132,6131,6133,6133,6133,6132,18
2016-01-05 14:07:00,2016-01-05 14:08:00,6132,6132,6133,6131,6133,6133,6134,6132,18
2016-01-05 14:08:00,2016-01-05 14:09:00,6132,6131,6132,6131,6133,6132,6134,6132,12
2016-01-05 14:09:00,2016-01-05 14:10:00,6131,6132,6133,6131,6132,6133,6134,6132,14
2016-01-05 14:10:00,2016-01-05 14:11:00,6132,6134,6134,6132,6133,6135,6135,6133,26
2016-01-05 14:11:00,2016-01-05 14:12:00,6134,6135,6136,6133,6135,6136,6137,6135,26
2016-01-05 14:12:00,2016-01-05 14:13:00,6135,6135,6136,6134,6136,6136,6137,6135,44
2016-01-05 14:13:00,2016-01-05 14:14:00,6135,6137,6137,6135,6136,6138,6138,6136,56
2016-01-05 14:14:00,2016-01-05 14:15:00,6137,6134,6137,6134,6138,6135,6138,6135,24
2016-01-05 14:15:00,2016-01-05 14:16:00,6134,6135,6135,6134,6135,6136,6136,6135,32
2016-01-05 14:16:00,2016-01-05 14:17:00,6135,6133,6134,6132,6136,6134,6136,6133,36
2016-01-05 14:17:00,2016-01-05 14:18:00,6133,6132,6133,6131,6134,6133,6134,6132,40
2016-01-05 14:18:00,2016-01-05 14:19:00,6132,6131,6133,6131,6133,6132,6134,6132,30
2016-01-05 14:19:00,2016-01-05 14:20:00,6131,6131,6132,6130,6132,6132,6133,6131,24
2016-01-05 14:20:00,2016-01-05 14:21:00,6131,6132,6133,6131,6132,6133,6134,6133,22
2016-01-05 14:21:00,2016-01-05 14:22:00,6132,6133,6133,6132,6133,6134,6134,6133,34
2016-01-05 14:22:00,2016-01-05 14:23:00,6133,6135,6136,6133,6134,6136,6137,6135,48
2016-01-05 14:23:00,2016-01-05 14:24:00,6135,6135,6135,6134,6136,6136,6136,6136,2
2016-01-05 14:24:00,2016-01-05 14:25:00,6135,6134,6135,6134,6136,6135,6137,6135,6
2016-01-05 14:25:00,2016-01-05 14:26:00,6134,6135,6136,6133,6135,6136,6137,6134,82
2016-01-05 14:26:00,2016-01-05 14:27:00,6135,6136,6136,6135,6136,6137,6137,6136,14
2016-01-05 14:27:00,2016-01-05 14:28:00,6136,6138,6139,6136,6137,6139,6140,6137,28
2016-01-05 14:28:00,2016-01-05 14:29:00,6138,6139,6139,6136,6139,6140,6140,6137,34
2016-01-05 14:29:00,2016-01-05 14:30:00,6139,6139,6140,6137,6140,6140,6141,6138,116
2016-01-05 14:30:00,2016-01-05 14:31:00,6139,6142,6146,6138,6140,6144,6147,6139,141
2016-01-05 14:31:00,2016-01-05 14:32:00,6142,6145,6146,6141,6144,6146,6147,6142,81
2016-01-05 14:32:00,2016-01-05 14:33:00,6145,6145,6146,6143,6146,6146,6147,6144,114
2016-01-05 14:33:00,2016-01-05 14:34:00,6145,6139,6145,6138,6146,6140,6146,6139,82
2016-01-05 14:34:00,2016-01-05 14:35:00,6139,6140,6143,6139,6140,6142,6144,6140,119
2016-01-05 14:35:00,2016-01-05 14:36:00,6140,6141,6145,6140,6142,6142,6146,6142,109
2016-01-05 14:36:00,2016-01-05 14:37:00,6141,6142,6144,6141,6142,6143,6145,6142,120
2016-01-05 14:37:00,2016-01-05 14:38:00,6142,6143,6144,6141,6143,6144,6145,6142,84
2016-01-05 14:38:00,2016-01-05 14:39:00,6143,6141,6143,6141,6144,6143,6144,6142,101
2016-01-05 14:39:00,2016-01-05 14:40:00,6141,6143,6144,6141,6143,6144,6145,6142,69
2016-01-05 14:40:00,2016-01-05 14:41:00,6143,6141,6144,6141,6144,6142,6145,6142,66
2016-01-05 14:41:00,2016-01-05 14:42:00,6141,6144,6145,6141,6142,6145,6146,6143,88
2016-01-05 14:42:00,2016-01-05 14:43:00,6144,6148,6149,6144,6145,6150,6150,6145,119
2016-01-05 14:43:00,2016-01-05 14:44:00,6148,6147,6148,6146,6150,6148,6150,6148,41
2016-01-05 14:44:00,2016-01-05 14:45:00,6147,6144,6150,6144,6148,6146,6151,6145,103
2016-01-05 14:45:00,2016-01-05 14:46:00,6144,6141,6144,6140,6146,6142,6145,6141,115
2016-01-05 14:46:00,2016-01-05 14:47:00,6141,6142,6145,6141,6142,6143,6147,6142,68
2016-01-05 14:47:00,2016-01-05 14:48:00,6142,6143,6144,6141,6143,6144,6145,6142,110
2016-01-05 14:48:00,2016-01-05 14:49:00,6143,6140,6144,6139,6144,6141,6145,6140,100
2016-01-05 14:49:00,2016-01-05 14:50:00,6140,6138,6142,6138,6141,6139,6143,6139,100
2016-01-05 14:50:00,2016-01-05 14:51:00,6138,6139,6140,6137,6139,6140,6142,6138,100
2016-01-05 14:51:00,2016-01-05 14:52:00,6139,6141,6143,6139,6140,6142,6144,6140,106
2016-01-05 14:52:00,2016-01-05 14:53:00,6141,6141,6143,6140,6142,6142,6144,6141,82
2016-01-05 14:53:00,2016-01-05 14:54:00,6141,6137,6141,6137,6142,6138,6143,6138,70
2016-01-05 14:54:00,2016-01-05 14:55:00,6137,6136,6138,6135,6138,6137,6139,6136,94
2016-01-05 14:55:00,2016-01-05 14:56:00,6136,6133,6136,6131,6137,6134,6137,6133,72
2016-01-05 14:56:00,2016-01-05 14:57:00,6133,6134,6135,6131,6134,6135,6136,6133,58
2016-01-05 14:57:00,2016-01-05 14:58:00,6134,6136,6138,6134,6135,6137,6139,6135,72
2016-01-05 14:58:00,2016-01-05 14:59:00,6136,6137,6138,6135,6137,6138,6139,6136,92
2016-01-05 14:59:00,2016-01-05 15:00:00,6137,6139,6140,6137,6138,6140,6142,6138,144
2016-01-05 15:00:00,2016-01-05 15:01:00,6139,6133,6139,6132,6140,6134,6140,6133,88
2016-01-05 15:01:00,2016-01-05 15:02:00,6133,6131,6133,6130,6134,6132,6134,6131,108
2016-01-05 15:02:00,2016-01-05 15:03:00,6131,6137,6137,6130,6132,6138,6138,6131,96
2016-01-05 15:03:00,2016-01-05 15:04:00,6137,6132,6137,6132,6138,6133,6139,6133,78
2016-01-05 15:04:00,2016-01-05 15:05:00,6132,6134,6135,6132,6133,6136,6137,6134,79
2016-01-05 15:05:00,2016-01-05 15:06:00,6134,6136,6136,6134,6136,6137,6137,6135,69
2016-01-05 15:06:00,2016-01-05 15:07:00,6136,6133,6136,6132,6137,6134,6137,6133,62
2016-01-05 15:07:00,2016-01-05 15:08:00,6133,6134,6134,6132,6134,6135,6135,6133,114
2016-01-05 15:08:00,2016-01-05 15:09:00,6134,6130,6134,6130,6135,6132,6135,6131,91
2016-01-05 15:09:00,2016-01-05 15:10:00,6130,6134,6135,6131,6132,6136,6136,6132,76
2016-01-05 15:10:00,2016-01-05 15:11:00,6134,6133,6135,6132,6136,6134,6136,6134,45
2016-01-05 15:11:00,2016-01-05 15:12:00,6133,6133,6134,6131,6134,6134,6136,6132,104
2016-01-05 15:12:00,2016-01-05 15:13:00,6133,6130,6133,6130,6134,6132,6135,6131,117
2016-01-05 15:13:00,2016-01-05 15:14:00,6130,6132,6132,6127,6132,6133,6133,6129,97
2016-01-05 15:14:00,2016-01-05 15:15:00,6132,6126,6132,6125,6133,6127,6133,6126,150
2016-01-05 15:15:00,2016-01-05 15:16:00,6126,6127,6127,6124,6127,6128,6129,6125,92
2016-01-05 15:16:00,2016-01-05 15:17:00,6127,6128,6128,6125,6128,6129,6130,6126,102
2016-01-05 15:17:00,2016-01-05 15:18:00,6128,6129,6129,6127,6129,6130,6130,6128,50
2016-01-05 15:18:00,2016-01-05 15:19:00,6129,6128,6130,6128,6130,6129,6131,6129,46
2016-01-05 15:19:00,2016-01-05 15:20:00,6128,6123,6128,6123,6129,6124,6129,6124,116
2016-01-05 15:20:00,2016-01-05 15:21:00,6123,6119,6124,6119,6124,6120,6126,6120,122
2016-01-05 15:21:00,2016-01-05 15:22:00,6119,6114,6121,6114,6120,6115,6122,6115,116
2016-01-05 15:22:00,2016-01-05 15:23:00,6114,6113,6116,6112,6115,6114,6117,6113,112
2016-01-05 15:23:00,2016-01-05 15:24:00,6113,6118,6118,6112,6114,6119,6119,6114,77
2016-01-05 15:24:00,2016-01-05 15:25:00,6118,6119,6120,6116,6119,6121,6121,6117,97
2016-01-05 15:25:00,2016-01-05 15:26:00,6119,6118,6121,6118,6121,6120,6122,6119,88
2016-01-05 15:26:00,2016-01-05 15:27:00,6118,6117,6119,6116,6120,6118,6120,6118,61
2016-01-05 15:27:00,2016-01-05 15:28:00,6117,6116,6117,6115,6118,6117,6119,6116,66
2016-01-05 15:28:00,2016-01-05 15:29:00,6116,6116,6117,6115,6117,6117,6118,6116,74
2016-01-05 15:29:00,2016-01-05 15:30:00,6116,6115,6117,6114,6117,6116,6118,6115,66
2016-01-05 15:30:00,2016-01-05 15:31:00,6115,6115,6116,6114,6116,6116,6117,6115,50
2016-01-05 15:31:00,2016-01-05 15:32:00,6115,6117,6119,6115,6116,6119,6120,6116,87
2016-01-05 15:32:00,2016-01-05 15:33:00,6117,6119,6119,6116,6119,6120,6121,6118,95
2016-01-05 15:33:00,2016-01-05 15:34:00,6119,6118,6121,6116,6120,6119,6122,6117,52
2016-01-05 15:34:00,2016-01-05 15:35:00,6118,6121,6121,6117,6119,6122,6123,6118,76
2016-01-05 15:35:00,2016-01-05 15:36:00,6121,6123,6124,6121,6122,6124,6125,6122,72
2016-01-05 15:36:00,2016-01-05 15:37:00,6123,6123,6123,6121,6124,6124,6124,6122,58
2016-01-05 15:37:00,2016-01-05 15:38:00,6123,6123,6124,6121,6124,6124,6125,6122,70
2016-01-05 15:38:00,2016-01-05 15:39:00,6123,6125,6126,6121,6124,6126,6127,6122,64
2016-01-05 15:39:00,2016-01-05 15:40:00,6125,6125,6126,6123,6126,6126,6127,6125,48
2016-01-05 15:40:00,2016-01-05 15:41:00,6125,6128,6128,6124,6126,6129,6129,6125,64
2016-01-05 15:41:00,2016-01-05 15:42:00,6128,6125,6128,6125,6129,6126,6129,6126,46
2016-01-05 15:42:00,2016-01-05 15:43:00,6125,6123,6126,6123,6126,6124,6127,6124,42
2016-01-05 15:43:00,2016-01-05 15:44:00,6123,6124,6126,6122,6124,6126,6127,6123,103
2016-01-05 15:44:00,2016-01-05 15:45:00,6124,6124,6126,6124,6126,6126,6127,6125,70
2016-01-05 15:45:00,2016-01-05 15:46:00,6124,6125,6126,6124,6126,6126,6127,6125,81
2016-01-05 15:46:00,2016-01-05 15:47:00,6125,6124,6126,6124,6126,6125,6127,6125,42
2016-01-05 15:47:00,2016-01-05 15:48:00,6124,6129,6129,6124,6125,6130,6130,6125,80
2016-01-05 15:48:00,2016-01-05 15:49:00,6129,6133,6133,6129,6130,6134,6134,6131,56
2016-01-05 15:49:00,2016-01-05 15:50:00,6133,6132,6133,6131,6134,6133,6134,6132,64
2016-01-05 15:50:00,2016-01-05 15:51:00,6132,6135,6136,6132,6133,6136,6137,6133,78
2016-01-05 15:51:00,2016-01-05 15:52:00,6135,6137,6138,6134,6136,6138,6139,6135,70
2016-01-05 15:52:00,2016-01-05 15:53:00,6137,6138,6139,6137,6138,6139,6140,6138,46
2016-01-05 15:53:00,2016-01-05 15:54:00,6138,6139,6140,6138,6139,6140,6141,6140,40
2016-01-05 15:54:00,2016-01-05 15:55:00,6139,6140,6141,6138,6140,6141,6142,6139,42
2016-01-05 15:55:00,2016-01-05 15:56:00,6140,6140,6143,6140,6141,6141,6144,6141,70
2016-01-05 15:56:00,2016-01-05 15:57:00,6140,6140,6141,6139,6141,6142,6142,6140,57
2016-01-05 15:57:00,2016-01-05 15:58:00,6140,6138,6141,6137,6142,6139,6142,6139,29
2016-01-05 15:58:00,2016-01-05 15:59:00,6138,6140,6141,6137,6139,6142,6142,6138,75
2016-01-05 15:59:00,2016-01-05 16:00:00,6140,6141,6142,6140,6142,6142,6143,6141,73
2016-01-05 16:00:00,2016-01-05 16:01:00,6141,6143,6143,6139,6142,6144,6145,6140,40
2016-01-05 16:01:00,2016-01-05 16:02:00,6143,6140,6143,6139,6144,6141,6144,6141,46
2016-01-05 16:02:00,2016-01-05 16:03:00,6140,6139,6140,6138,6141,6140,6141,6139,42
2016-01-05 16:03:00,2016-01-05 16:04:00,6139,6138,6140,6138,6140,6140,6141,6139,29
2016-01-05 16:04:00,2016-01-05 16:05:00,6138,6141,6142,6138,6140,6142,6143,6139,95
2016-01-05 16:05:00,2016-01-05 16:06:00,6141,6139,6142,6138,6142,6141,6143,6139,35
2016-01-05 16:06:00,2016-01-05 16:07:00,6139,6139,6140,6139,6141,6141,6141,6140,54
2016-01-05 16:07:00,2016-01-05 16:08:00,6139,6137,6140,6137,6141,6138,6142,6138,73
2016-01-05 16:08:00,2016-01-05 16:09:00,6137,6135,6138,6135,6138,6136,6139,6136,60
2016-01-05 16:09:00,2016-01-05 16:10:00,6135,6132,6135,6131,6136,6133,6136,6132,78
2016-01-05 16:10:00,2016-01-05 16:11:00,6132,6130,6132,6128,6133,6131,6133,6129,82
2016-01-05 16:11:00,2016-01-05 16:12:00,6130,6128,6132,6127,6131,6130,6133,6128,59
2016-01-05 16:12:00,2016-01-05 16:13:00,6128,6125,6128,6123,6130,6126,6130,6124,119
2016-01-05 16:13:00,2016-01-05 16:14:00,6125,6124,6125,6124,6126,6125,6127,6125,32
2016-01-05 16:14:00,2016-01-05 16:15:00,6124,6123,6124,6120,6125,6124,6125,6121,128
2016-01-05 16:15:00,2016-01-05 16:16:00,6123,6122,6124,6122,6124,6124,6125,6123,75
2016-01-05 16:16:00,2016-01-05 16:17:00,6122,6124,6124,6121,6124,6125,6125,6122,53
2016-01-05 16:17:00,2016-01-05 16:18:00,6124,6123,6124,6123,6125,6124,6125,6124,26
2016-01-05 16:18:00,2016-01-05 16:19:00,6123,6120,6123,6119,6124,6121,6124,6120,52
2016-01-05 16:19:00,2016-01-05 16:20:00,6120,6120,6120,6118,6121,6121,6121,6119,36
2016-01-05 16:20:00,2016-01-05 16:21:00,6120,6119,6120,6118,6121,6120,6121,6119,42
2016-01-05 16:21:00,2016-01-05 16:22:00,6119,6120,6120,6117,6120,6121,6121,6118,36
2016-01-05 16:22:00,2016-01-05 16:23:00,6120,6121,6122,6120,6121,6122,6123,6122,44
2016-01-05 16:23:00,2016-01-05 16:24:00,6121,6118,6120,6117,6122,6119,6122,6119,32
2016-01-05 16:24:00,2016-01-05 16:25:00,6118,6122,6123,6117,6119,6124,6124,6118,77
2016-01-05 16:25:00,2016-01-05 16:26:00,6122,6125,6126,6122,6124,6126,6127,6124,73
2016-01-05 16:26:00,2016-01-05 16:27:00,6125,6126,6127,6124,6126,6128,6128,6125,79
2016-01-05 16:27:00,2016-01-05 16:28:00,6126,6126,6129,6125,6128,6127,6130,6127,73
2016-01-05 16:28:00,2016-01-05 16:29:00,6126,6119,6126,6119,6127,6121,6127,6120,243
2016-01-05 16:29:00,2016-01-05 16:30:00,6119,6128,6129,6118,6121,6129,6130,6119,173
2016-01-05 16:30:00,2016-01-05 16:31:00,6128,6133,6133,6128,6129,6134,6134,6129,80
2016-01-05 16:31:00,2016-01-05 16:32:00,6133,6134,6135,6129,6134,6135,6136,6130,88
2016-01-05 16:32:00,2016-01-05 16:33:00,6134,6135,6136,6131,6135,6136,6137,6132,104
2016-01-05 16:33:00,2016-01-05 16:34:00,6135,6137,6138,6135,6136,6139,6139,6136,99
2016-01-05 16:34:00,2016-01-05 16:35:00,6137,6139,6139,6136,6139,6140,6141,6137,111
2016-01-05 16:35:00,2016-01-05 16:36:00,6139,6141,6142,6137,6140,6142,6143,6139,89
2016-01-05 16:36:00,2016-01-05 16:37:00,6141,6139,6141,6139,6142,6140,6142,6140,54
2016-01-05 16:37:00,2016-01-05 16:38:00,6139,6139,6140,6136,6140,6140,6141,6137,87
2016-01-05 16:38:00,2016-01-05 16:39:00,6139,6138,6139,6138,6140,6139,6141,6139,30
2016-01-05 16:39:00,2016-01-05 16:40:00,6138,6136,6139,6135,6139,6138,6140,6137,97
2016-01-05 16:40:00,2016-01-05 16:41:00,6136,6139,6140,6136,6138,6140,6141,6137,45
2016-01-05 16:41:00,2016-01-05 16:42:00,6139,6137,6138,6136,6140,6138,6140,6137,48
2016-01-05 16:42:00,2016-01-05 16:43:00,6137,6137,6139,6136,6138,6138,6140,6138,46
2016-01-05 16:43:00,2016-01-05 16:44:00,6137,6132,6137,6131,6138,6134,6139,6133,53
2016-01-05 16:44:00,2016-01-05 16:45:00,6132,6133,6133,6130,6134,6134,6134,6131,61
2016-01-05 16:45:00,2016-01-05 16:46:00,6133,6132,6135,6130,6134,6134,6136,6132,31
2016-01-05 16:46:00,2016-01-05 16:47:00,6132,6136,6136,6132,6134,6138,6138,6133,32
2016-01-05 16:47:00,2016-01-05 16:48:00,6136,6134,6137,6134,6138,6136,6138,6136,28
2016-01-05 16:48:00,2016-01-05 16:49:00,6134,6137,6137,6135,6136,6138,6138,6136,45
2016-01-05 16:49:00,2016-01-05 16:50:00,6137,6137,6140,6137,6138,6138,6141,6138,26
2016-01-05 16:50:00,2016-01-05 16:51:00,6137,6136,6139,6136,6138,6137,6140,6137,64
2016-01-05 16:51:00,2016-01-05 16:52:00,6136,6134,6137,6134,6137,6135,6138,6135,48
2016-01-05 16:52:00,2016-01-05 16:53:00,6134,6134,6137,6134,6135,6135,6138,6135,32
2016-01-05 16:53:00,2016-01-05 16:54:00,6134,6134,6136,6134,6135,6135,6137,6135,36
2016-01-05 16:54:00,2016-01-05 16:55:00,6134,6133,6135,6132,6135,6134,6136,6133,32
2016-01-05 16:55:00,2016-01-05 16:56:00,6133,6133,6133,6131,6134,6134,6134,6133,34
2016-01-05 16:56:00,2016-01-05 16:57:00,6133,6135,6136,6133,6134,6136,6138,6135,38
2016-01-05 16:57:00,2016-01-05 16:58:00,6135,6133,6134,6132,6136,6134,6136,6133,34
2016-01-05 16:58:00,2016-01-05 16:59:00,6133,6134,6134,6131,6134,6135,6135,6133,24
2016-01-05 16:59:00,2016-01-05 17:00:00,6134,6128,6134,6126,6135,6129,6135,6128,122
2016-01-05 17:00:00,2016-01-05 17:01:00,6128,6124,6129,6123,6129,6125,6130,6125,44
2016-01-05 17:01:00,2016-01-05 17:02:00,6124,6122,6124,6122,6125,6124,6126,6123,45
2016-01-05 17:02:00,2016-01-05 17:03:00,6122,6122,6124,6121,6124,6123,6125,6123,30
2016-01-05 17:03:00,2016-01-05 17:04:00,6122,6120,6123,6119,6123,6121,6124,6120,46
2016-01-05 17:04:00,2016-01-05 17:05:00,6120,6121,6123,6119,6121,6122,6124,6120,42
2016-01-05 17:05:00,2016-01-05 17:06:00,6121,6123,6123,6121,6122,6124,6124,6123,16
2016-01-05 17:06:00,2016-01-05 17:07:00,6123,6120,6124,6120,6124,6121,6125,6121,188
2016-01-05 17:07:00,2016-01-05 17:08:00,6120,6120,6121,6119,6121,6121,6122,6120,22
2016-01-05 17:08:00,2016-01-05 17:09:00,6120,6119,6120,6117,6121,6121,6121,6119,35
2016-01-05 17:09:00,2016-01-05 17:10:00,6119,6121,6121,6119,6121,6122,6122,6121,29
2016-01-05 17:10:00,2016-01-05 17:11:00,6121,6121,6121,6119,6122,6122,6123,6120,26
2016-01-05 17:11:00,2016-01-05 17:12:00,6121,6118,6121,6115,6122,6119,6122,6117,38
2016-01-05 17:12:00,2016-01-05 17:13:00,6118,6120,6120,6117,6119,6121,6121,6119,54
2016-01-05 17:13:00,2016-01-05 17:14:00,6120,6120,6122,6119,6121,6121,6123,6120,38
2016-01-05 17:14:00,2016-01-05 17:15:00,6120,6115,6120,6113,6121,6116,6121,6114,54
2016-01-05 17:15:00,2016-01-05 17:16:00,6115,6115,6116,6114,6116,6116,6117,6115,44
2016-01-05 17:16:00,2016-01-05 17:17:00,6115,6114,6116,6114,6116,6116,6117,6116,17
2016-01-05 17:17:00,2016-01-05 17:18:00,6114,6113,6117,6113,6116,6115,6118,6115,40
2016-01-05 17:18:00,2016-01-05 17:19:00,6113,6116,6118,6113,6115,6117,6120,6115,41
2016-01-05 17:19:00,2016-01-05 17:20:00,6116,6115,6116,6113,6117,6116,6117,6115,32
2016-01-05 17:20:00,2016-01-05 17:21:00,6115,6115,6116,6114,6116,6117,6117,6115,25
2016-01-05 17:21:00,2016-01-05 17:22:00,6115,6117,6117,6115,6117,6118,6118,6116,23
2016-01-05 17:22:00,2016-01-05 17:23:00,6117,6117,6117,6115,6118,6118,6118,6116,44
2016-01-05 17:23:00,2016-01-05 17:24:00,6117,6116,6117,6115,6118,6118,6119,6116,35
2016-01-05 17:24:00,2016-01-05 17:25:00,6116,6116,6118,6116,6118,6117,6119,6117,29
2016-01-05 17:25:00,2016-01-05 17:26:00,6116,6113,6117,6112,6117,6114,6118,6114,38
2016-01-05 17:26:00,2016-01-05 17:27:00,6113,6118,6118,6112,6114,6119,6119,6113,60
2016-01-05 17:27:00,2016-01-05 17:28:00,6118,6118,6119,6117,6119,6119,6120,6119,28
2016-01-05 17:28:00,2016-01-05 17:29:00,6118,6117,6119,6116,6119,6118,6120,6118,32
2016-01-05 17:29:00,2016-01-05 17:30:00,6117,6116,6117,6115,6118,6118,6118,6116,37
2016-01-05 17:30:00,2016-01-05 17:31:00,6116,6117,6117,6115,6118,6118,6118,6117,19
2016-01-05 17:31:00,2016-01-05 17:32:00,6117,6118,6119,6116,6118,6119,6121,6118,30
2016-01-05 17:32:00,2016-01-05 17:33:00,6118,6119,6120,6117,6119,6120,6121,6118,28
2016-01-05 17:33:00,2016-01-05 17:34:00,6119,6116,6119,6116,6120,6117,6120,6117,22
2016-01-05 17:34:00,2016-01-05 17:35:00,6116,6117,6118,6116,6117,6119,6119,6117,19
2016-01-05 17:35:00,2016-01-05 17:36:00,6117,6117,6118,6116,6119,6118,6120,6117,27
2016-01-05 17:36:00,2016-01-05 17:37:00,6117,6115,6117,6115,6118,6116,6118,6116,18
2016-01-05 17:37:00,2016-01-05 17:38:00,6115,6116,6117,6114,6116,6117,6118,6116,26
2016-01-05 17:38:00,2016-01-05 17:39:00,6116,6119,6119,6116,6117,6121,6121,6117,19
2016-01-05 17:39:00,2016-01-05 17:40:00,6119,6117,6120,6117,6121,6119,6121,6118,34
2016-01-05 17:40:00,2016-01-05 17:41:00,6117,6116,6117,6116,6119,6117,6119,6117,15
2016-01-05 17:41:00,2016-01-05 17:42:00,6116,6113,6115,6113,6117,6115,6117,6114,25
2016-01-05 17:42:00,2016-01-05 17:43:00,6113,6111,6113,6110,6115,6112,6115,6112,21
2016-01-05 17:43:00,2016-01-05 17:44:00,6111,6112,6112,6110,6112,6113,6114,6111,22
2016-01-05 17:44:00,2016-01-05 17:45:00,6112,6112,6113,6111,6113,6113,6114,6112,24
2016-01-05 17:45:00,2016-01-05 17:46:00,6112,6114,6114,6112,6113,6116,6116,6113,21
2016-01-05 17:46:00,2016-01-05 17:47:00,6114,6115,6116,6114,6116,6116,6118,6115,25
2016-01-05 17:47:00,2016-01-05 17:48:00,6115,6115,6117,6114,6116,6116,6118,6116,20
2016-01-05 17:48:00,2016-01-05 17:49:00,6115,6115,6116,6113,6116,6117,6117,6115,15
2016-01-05 17:49:00,2016-01-05 17:50:00,6115,6114,6116,6113,6117,6115,6117,6114,17
2016-01-05 17:50:00,2016-01-05 17:51:00,6114,6114,6115,6113,6115,6116,6116,6115,23
2016-01-05 17:51:00,2016-01-05 17:52:00,6114,6114,6115,6114,6116,6115,6117,6115,9
2016-01-05 17:52:00,2016-01-05 17:53:00,6114,6115,6115,6113,6115,6116,6117,6115,8
2016-01-05 17:53:00,2016-01-05 17:54:00,6115,6118,6118,6115,6116,6119,6120,6117,18
2016-01-05 17:54:00,2016-01-05 17:55:00,6118,6116,6119,6115,6119,6118,6121,6116,27
2016-01-05 17:55:00,2016-01-05 17:56:00,6116,6117,6117,6116,6118,6119,6119,6118,12
2016-01-05 17:56:00,2016-01-05 17:57:00,6117,6118,6119,6117,6119,6120,6120,6118,20
2016-01-05 17:57:00,2016-01-05 17:58:00,6118,6119,6119,6117,6120,6120,6120,6118,67
2016-01-05 17:58:00,2016-01-05 17:59:00,6119,6122,6123,6118,6120,6123,6124,6120,26
2016-01-05 17:59:00,2016-01-05 18:00:00,6122,6122,6123,6122,6123,6124,6125,6124,13
2016-01-05 18:00:00,2016-01-05 18:01:00,6122,6122,6122,6120,6124,6123,6124,6122,19
2016-01-05 18:01:00,2016-01-05 18:02:00,6122,6123,6123,6121,6123,6125,6125,6122,27
2016-01-05 18:02:00,2016-01-05 18:03:00,6123,6123,6124,6123,6125,6125,6126,6124,12
2016-01-05 18:03:00,2016-01-05 18:04:00,6123,6130,6131,6123,6125,6131,6133,6125,55
2016-01-05 18:04:00,2016-01-05 18:05:00,6130,6130,6133,6130,6131,6132,6135,6131,65
2016-01-05 18:05:00,2016-01-05 18:06:00,6130,6127,6131,6127,6132,6128,6132,6128,33
2016-01-05 18:06:00,2016-01-05 18:07:00,6127,6124,6127,6123,6128,6125,6128,6125,60
2016-01-05 18:07:00,2016-01-05 18:08:00,6124,6123,6124,6122,6125,6124,6125,6123,32
2016-01-05 18:08:00,2016-01-05 18:09:00,6123,6123,6124,6122,6124,6124,6126,6124,22
2016-01-05 18:09:00,2016-01-05 18:10:00,6123,6126,6127,6123,6124,6127,6128,6124,34
2016-01-05 18:10:00,2016-01-05 18:11:00,6126,6124,6127,6124,6127,6126,6128,6125,39
2016-01-05 18:11:00,2016-01-05 18:12:00,6124,6124,6125,6123,6126,6125,6126,6125,19
2016-01-05 18:12:00,2016-01-05 18:13:00,6124,6122,6123,6122,6125,6123,6125,6123,26
2016-01-05 18:13:00,2016-01-05 18:14:00,6122,6121,6123,6121,6123,6123,6124,6122,37
2016-01-05 18:14:00,2016-01-05 18:15:00,6121,6124,6124,6121,6123,6125,6125,6123,25
2016-01-05 18:15:00,2016-01-05 18:16:00,6124,6122,6124,6122,6125,6124,6126,6123,21
2016-01-05 18:16:00,2016-01-05 18:17:00,6122,6123,6124,6121,6124,6124,6125,6123,29
2016-01-05 18:17:00,2016-01-05 18:18:00,6123,6120,6124,6120,6124,6121,6125,6121,34
2016-01-05 18:18:00,2016-01-05 18:19:00,6120,6121,6122,6120,6121,6122,6123,6121,14
2016-01-05 18:19:00,2016-01-05 18:20:00,6121,6120,6121,6118,6122,6121,6122,6119,42
2016-01-05 18:20:00,2016-01-05 18:21:00,6120,6121,6121,6119,6121,6122,6123,6121,16
2016-01-05 18:21:00,2016-01-05 18:22:00,6121,6120,6120,6119,6122,6121,6122,6121,20
2016-01-05 18:22:00,2016-01-05 18:23:00,6120,6120,6121,6119,6121,6122,6123,6121,15
2016-01-05 18:23:00,2016-01-05 18:24:00,6120,6119,6121,6117,6122,6120,6122,6118,25
2016-01-05 18:24:00,2016-01-05 18:25:00,6119,6121,6121,6118,6120,6122,6122,6119,22
2016-01-05 18:25:00,2016-01-05 18:26:00,6121,6125,6125,6121,6122,6126,6126,6122,22
2016-01-05 18:26:00,2016-01-05 18:27:00,6125,6125,6126,6122,6126,6127,6127,6123,19
2016-01-05 18:27:00,2016-01-05 18:28:00,6125,6125,6127,6125,6127,6127,6128,6126,18
2016-01-05 18:28:00,2016-01-05 18:29:00,6125,6127,6127,6125,6127,6128,6128,6126,15
2016-01-05 18:29:00,2016-01-05 18:30:00,6127,6126,6127,6125,6128,6127,6128,6126,32
2016-01-05 18:30:00,2016-01-05 18:31:00,6126,6127,6129,6126,6127,6129,6130,6127,39
2016-01-05 18:31:00,2016-01-05 18:32:00,6127,6127,6129,6126,6129,6128,6130,6128,27
2016-01-05 18:32:00,2016-01-05 18:33:00,6127,6128,6129,6126,6128,6129,6130,6127,48
2016-01-05 18:33:00,2016-01-05 18:34:00,6128,6125,6129,6125,6129,6127,6131,6127,29
2016-01-05 18:34:00,2016-01-05 18:35:00,6125,6125,6126,6124,6127,6126,6128,6125,27
2016-01-05 18:35:00,2016-01-05 18:36:00,6125,6127,6127,6125,6126,6128,6129,6126,16
2016-01-05 18:36:00,2016-01-05 18:37:00,6127,6125,6127,6124,6128,6126,6128,6126,20
2016-01-05 18:37:00,2016-01-05 18:38:00,6125,6124,6125,6124,6126,6125,6126,6125,12
2016-01-05 18:38:00,2016-01-05 18:39:00,6124,6124,6125,6123,6125,6126,6126,6124,19
2016-01-05 18:39:00,2016-01-05 18:40:00,6124,6132,6132,6125,6126,6133,6133,6126,57
2016-01-05 18:40:00,2016-01-05 18:41:00,6132,6134,6135,6130,6133,6135,6136,6132,40
2016-01-05 18:41:00,2016-01-05 18:42:00,6134,6133,6133,6132,6135,6134,6135,6134,10
2016-01-05 18:42:00,2016-01-05 18:43:00,6133,6132,6133,6132,6134,6134,6134,6133,7
2016-01-05 18:43:00,2016-01-05 18:44:00,6132,6136,6136,6131,6134,6138,6138,6132,27
2016-01-05 18:44:00,2016-01-05 18:45:00,6136,6135,6137,6135,6138,6137,6138,6136,20
2016-01-05 18:45:00,2016-01-05 18:46:00,6135,6137,6139,6136,6137,6138,6140,6137,25
2016-01-05 18:46:00,2016-01-05 18:47:00,6137,6136,6137,6134,6138,6137,6138,6136,24
2016-01-05 18:47:00,2016-01-05 18:48:00,6136,6137,6137,6135,6137,6138,6139,6136,20
2016-01-05 18:48:00,2016-01-05 18:49:00,6137,6135,6138,6135,6138,6137,6140,6136,21
2016-01-05 18:49:00,2016-01-05 18:50:00,6135,6139,6140,6136,6137,6141,6141,6137,30
2016-01-05 18:50:00,2016-01-05 18:51:00,6139,6138,6140,6138,6141,6139,6141,6139,29
2016-01-05 18:51:00,2016-01-05 18:52:00,6138,6138,6139,6138,6139,6140,6141,6139,17
2016-01-05 18:52:00,2016-01-05 18:53:00,6138,6141,6141,6138,6140,6143,6143,6139,26
2016-01-05 18:53:00,2016-01-05 18:54:00,6141,6142,6142,6141,6143,6144,6144,6142,18
2016-01-05 18:54:00,2016-01-05 18:55:00,6142,6142,6145,6142,6144,6143,6146,6143,29
2016-01-05 18:55:00,2016-01-05 18:56:00,6142,6141,6142,6141,6143,6142,6143,6142,10
2016-01-05 18:56:00,2016-01-05 18:57:00,6141,6141,6141,6140,6142,6142,6143,6141,26
2016-01-05 18:57:00,2016-01-05 18:58:00,6141,6141,6142,6141,6142,6143,6143,6142,11
2016-01-05 18:58:00,2016-01-05 18:59:00,6141,6141,6143,6141,6143,6142,6144,6142,21
2016-01-05 18:59:00,2016-01-05 19:00:00,6141,6140,6142,6140,6142,6142,6143,6141,41
2016-01-05 19:00:00,2016-01-05 19:01:00,6140,6140,6142,6140,6142,6142,6143,6142,22
2016-01-05 19:01:00,2016-01-05 19:02:00,6140,6141,6142,6137,6142,6142,6143,6139,49
2016-01-05 19:02:00,2016-01-05 19:03:00,6141,6141,6143,6140,6142,6143,6144,6142,15
2016-01-05 19:03:00,2016-01-05 19:04:00,6141,6140,6142,6139,6143,6141,6143,6140,19
2016-01-05 19:04:00,2016-01-05 19:05:00,6140,6139,6140,6138,6141,6140,6142,6140,10
2016-01-05 19:05:00,2016-01-05 19:06:00,6139,6140,6140,6139,6140,6141,6142,6141,6
2016-01-05 19:06:00,2016-01-05 19:07:00,6140,6137,6140,6136,6141,6138,6141,6138,16
2016-01-05 19:07:00,2016-01-05 19:08:00,6137,6138,6139,6136,6138,6139,6141,6138,38
2016-01-05 19:08:00,2016-01-05 19:09:00,6138,6141,6141,6138,6139,6142,6143,6140,20
2016-01-05 19:09:00,2016-01-05 19:10:00,6141,6140,6141,6139,6142,6141,6142,6140,26
2016-01-05 19:10:00,2016-01-05 19:11:00,6140,6140,6141,6139,6141,6142,6143,6141,15
2016-01-05 19:11:00,2016-01-05 19:12:00,6140,6142,6142,6139,6142,6143,6143,6141,11
2016-01-05 19:12:00,2016-01-05 19:13:00,6142,6144,6146,6142,6143,6146,6147,6143,41
2016-01-05 19:13:00,2016-01-05 19:14:00,6144,6140,6144,6140,6146,6142,6145,6141,32
2016-01-05 19:14:00,2016-01-05 19:15:00,6140,6141,6141,6138,6142,6142,6142,6140,23
2016-01-05 19:15:00,2016-01-05 19:16:00,6141,6141,6141,6140,6142,6143,6143,6141,13
2016-01-05 19:16:00,2016-01-05 19:17:00,6141,6140,6141,6140,6143,6141,6142,6141,9
2016-01-05 19:17:00,2016-01-05 19:18:00,6140,6145,6145,6139,6141,6146,6147,6141,34
2016-01-05 19:18:00,2016-01-05 19:19:00,6145,6145,6146,6144,6146,6147,6147,6145,23
2016-01-05 19:19:00,2016-01-05 19:20:00,6145,6147,6149,6144,6147,6149,6151,6146,56
2016-01-05 19:20:00,2016-01-05 19:21:00,6147,6148,6149,6146,6149,6150,6150,6147,42
2016-01-05 19:21:00,2016-01-05 19:22:00,6148,6148,6150,6146,6150,6150,6151,6147,80
2016-01-05 19:22:00,2016-01-05 19:23:00,6148,6147,6149,6147,6150,6149,6151,6148,26
2016-01-05 19:23:00,2016-01-05 19:24:00,6147,6157,6157,6147,6149,6158,6159,6148,72
2016-01-05 19:24:00,2016-01-05 19:25:00,6157,6152,6157,6152,6158,6154,6158,6154,31
2016-01-05 19:25:00,2016-01-05 19:26:00,6152,6154,6156,6152,6154,6156,6157,6153,36
2016-01-05 19:26:00,2016-01-05 19:27:00,6154,6156,6156,6153,6156,6158,6158,6154,30
2016-01-05 19:27:00,2016-01-05 19:28:00,6156,6153,6156,6153,6158,6154,6157,6154,25
2016-01-05 19:28:00,2016-01-05 19:29:00,6153,6152,6153,6151,6154,6153,6155,6152,34
2016-01-05 19:29:00,2016-01-05 19:30:00,6152,6154,6154,6151,6153,6155,6155,6152,28
2016-01-05 19:30:00,2016-01-05 19:31:00,6154,6152,6154,6151,6155,6153,6156,6153,22
2016-01-05 19:31:00,2016-01-05 19:32:00,6152,6150,6152,6150,6153,6151,6153,6151,12
2016-01-05 19:32:00,2016-01-05 19:33:00,6150,6149,6149,6148,6151,6150,6151,6149,18
2016-01-05 19:33:00,2016-01-05 19:34:00,6149,6147,6148,6146,6150,6149,6150,6147,19
2016-01-05 19:34:00,2016-01-05 19:35:00,6147,6147,6148,6146,6149,6148,6150,6147,19
2016-01-05 19:35:00,2016-01-05 19:36:00,6147,6147,6149,6146,6148,6148,6150,6148,20
2016-01-05 19:36:00,2016-01-05 19:37:00,6147,6144,6148,6143,6148,6145,6149,6145,24
2016-01-05 19:37:00,2016-01-05 19:38:00,6144,6145,6145,6143,6145,6146,6147,6145,18
2016-01-05 19:38:00,2016-01-05 19:39:00,6145,6146,6148,6145,6146,6148,6149,6147,25
2016-01-05 19:39:00,2016-01-05 19:40:00,6146,6146,6148,6145,6148,6147,6149,6146,19
2016-01-05 19:40:00,2016-01-05 19:41:00,6146,6148,6148,6146,6147,6150,6150,6148,21
2016-01-05 19:41:00,2016-01-05 19:42:00,6148,6146,6149,6146,6150,6148,6150,6148,18
2016-01-05 19:42:00,2016-01-05 19:43:00,6146,6144,6147,6144,6148,6145,6148,6145,21
2016-01-05 19:43:00,2016-01-05 19:44:00,6144,6145,6146,6144,6145,6147,6147,6145,15
2016-01-05 19:44:00,2016-01-05 19:45:00,6145,6144,6146,6143,6147,6145,6148,6145,19
2016-01-05 19:45:00,2016-01-05 19:46:00,6144,6144,6144,6143,6145,6145,6145,6145,4
2016-01-05 19:46:00,2016-01-05 19:47:00,6144,6143,6144,6142,6145,6144,6145,6143,24
2016-01-05 19:47:00,2016-01-05 19:48:00,6143,6145,6146,6143,6144,6146,6147,6145,20
2016-01-05 19:48:00,2016-01-05 19:49:00,6145,6147,6147,6144,6146,6148,6148,6146,22
2016-01-05 19:49:00,2016-01-05 19:50:00,6147,6148,6148,6146,6148,6149,6149,6148,12
2016-01-05 19:50:00,2016-01-05 19:51:00,6148,6148,6149,6147,6149,6149,6150,6148,13
2016-01-05 19:51:00,2016-01-05 19:52:00,6148,6148,6148,6147,6149,6150,6150,6149,13
2016-01-05 19:52:00,2016-01-05 19:53:00,6148,6147,6149,6147,6150,6149,6150,6148,20
2016-01-05 19:53:00,2016-01-05 19:54:00,6147,6146,6147,6145,6149,6148,6148,6146,24
2016-01-05 19:54:00,2016-01-05 19:55:00,6146,6148,6148,6146,6148,6150,6150,6147,12
2016-01-05 19:55:00,2016-01-05 19:56:00,6148,6145,6149,6145,6150,6147,6150,6146,18
2016-01-05 19:56:00,2016-01-05 19:57:00,6145,6144,6146,6144,6147,6146,6147,6145,24
2016-01-05 19:57:00,2016-01-05 19:58:00,6144,6145,6145,6143,6146,6147,6147,6144,36
2016-01-05 19:58:00,2016-01-05 19:59:00,6145,6146,6147,6144,6147,6147,6148,6146,19
2016-01-05 19:59:00,2016-01-05 20:00:00,6146,6145,6146,6144,6147,6147,6147,6145,23
2016-01-05 20:00:00,2016-01-05 20:01:00,6145,6143,6145,6142,6147,6144,6147,6144,25
2016-01-05 20:01:00,2016-01-05 20:02:00,6143,6141,6142,6141,6144,6142,6144,6142,20
2016-01-05 20:02:00,2016-01-05 20:03:00,6141,6141,6142,6140,6142,6142,6143,6141,30
2016-01-05 20:03:00,2016-01-05 20:04:00,6141,6141,6141,6140,6142,6142,6143,6142,16
2016-01-05 20:04:00,2016-01-05 20:05:00,6141,6138,6140,6137,6142,6140,6142,6138,27
2016-01-05 20:05:00,2016-01-05 20:06:00,6138,6140,6140,6138,6140,6141,6142,6139,33
2016-01-05 20:06:00,2016-01-05 20:07:00,6140,6141,6141,6139,6141,6142,6143,6141,26
2016-01-05 20:07:00,2016-01-05 20:08:00,6141,6140,6141,6139,6142,6141,6142,6140,22
2016-01-05 20:08:00,2016-01-05 20:09:00,6140,6141,6141,6139,6141,6143,6143,6141,23
2016-01-05 20:09:00,2016-01-05 20:10:00,6141,6142,6143,6140,6143,6144,6144,6142,32
2016-01-05 20:10:00,2016-01-05 20:11:00,6142,6140,6142,6139,6144,6141,6143,6141,25
2016-01-05 20:11:00,2016-01-05 20:12:00,6140,6141,6141,6138,6141,6142,6142,6139,24
2016-01-05 20:12:00,2016-01-05 20:13:00,6141,6143,6143,6139,6142,6144,6145,6140,48
2016-01-05 20:13:00,2016-01-05 20:14:00,6143,6145,6145,6143,6144,6146,6147,6145,30
2016-01-05 20:14:00,2016-01-05 20:15:00,6145,6143,6145,6142,6146,6145,6146,6144,23
2016-01-05 20:15:00,2016-01-05 20:16:00,6143,6140,6144,6140,6145,6142,6145,6141,46
2016-01-05 20:16:00,2016-01-05 20:17:00,6140,6139,6141,6138,6142,6140,6142,6139,35
2016-01-05 20:17:00,2016-01-05 20:18:00,6139,6142,6142,6139,6140,6143,6143,6141,22
2016-01-05 20:18:00,2016-01-05 20:19:00,6142,6139,6142,6138,6143,6141,6143,6139,33
2016-01-05 20:19:00,2016-01-05 20:20:00,6139,6136,6139,6136,6141,6138,6141,6137,24
2016-01-05 20:20:00,2016-01-05 20:21:00,6136,6134,6137,6134,6138,6136,6138,6135,48
2016-01-05 20:21:00,2016-01-05 20:22:00,6134,6137,6137,6135,6136,6139,6139,6136,28
2016-01-05 20:22:00,2016-01-05 20:23:00,6137,6137,6138,6135,6139,6139,6139,6137,28
2016-01-05 20:23:00,2016-01-05 20:24:00,6137,6139,6142,6138,6139,6141,6144,6139,44
2016-01-05 20:24:00,2016-01-05 20:25:00,6139,6142,6142,6137,6141,6144,6144,6139,30
2016-01-05 20:25:00,2016-01-05 20:26:00,6142,6143,6144,6142,6144,6145,6145,6143,20
2016-01-05 20:26:00,2016-01-05 20:27:00,6143,6144,6145,6143,6145,6146,6146,6145,30
2016-01-05 20:27:00,2016-01-05 20:28:00,6144,6147,6147,6144,6146,6148,6148,6145,27
2016-01-05 20:28:00,2016-01-05 20:29:00,6147,6144,6147,6144,6148,6146,6148,6146,15
2016-01-05 20:29:00,2016-01-05 20:30:00,6144,6143,6147,6142,6146,6144,6148,6144,23
2016-01-05 20:30:00,2016-01-05 20:31:00,6143,6141,6143,6141,6144,6143,6145,6143,15
2016-01-05 20:31:00,2016-01-05 20:32:00,6141,6147,6147,6142,6143,6148,6148,6143,27
2016-01-05 20:32:00,2016-01-05 20:33:00,6147,6148,6149,6146,6148,6150,6151,6148,49
2016-01-05 20:33:00,2016-01-05 20:34:00,6148,6146,6149,6146,6150,6148,6150,6147,36
2016-01-05 20:34:00,2016-01-05 20:35:00,6146,6146,6149,6146,6148,6148,6150,6147,14
2016-01-05 20:35:00,2016-01-05 20:36:00,6146,6143,6147,6141,6148,6145,6148,6142,52
2016-01-05 20:36:00,2016-01-05 20:37:00,6143,6146,6146,6143,6145,6147,6147,6144,31
2016-01-05 20:37:00,2016-01-05 20:38:00,6146,6147,6147,6145,6147,6148,6148,6147,26
2016-01-05 20:38:00,2016-01-05 20:39:00,6147,6147,6147,6145,6148,6148,6148,6146,22
2016-01-05 20:39:00,2016-01-05 20:40:00,6147,6150,6151,6147,6148,6152,6152,6148,95
2016-01-05 20:40:00,2016-01-05 20:41:00,6150,6149,6153,6148,6152,6150,6154,6150,57
2016-01-05 20:41:00,2016-01-05 20:42:00,6149,6151,6152,6149,6150,6153,6153,6151,19
2016-01-05 20:42:00,2016-01-05 20:43:00,6151,6144,6151,6143,6153,6146,6152,6145,40
2016-01-05 20:43:00,2016-01-05 20:44:00,6144,6145,6146,6143,6146,6147,6147,6145,24
2016-01-05 20:44:00,2016-01-05 20:45:00,6145,6144,6147,6144,6147,6145,6149,6145,45
2016-01-05 20:45:00,2016-01-05 20:46:00,6144,6143,6145,6142,6145,6144,6146,6143,42
2016-01-05 20:46:00,2016-01-05 20:47:00,6143,6146,6148,6143,6144,6148,6150,6145,43
2016-01-05 20:47:00,2016-01-05 20:48:00,6146,6147,6147,6144,6148,6149,6149,6146,24
2016-01-05 20:48:00,2016-01-05 20:49:00,6147,6149,6150,6147,6149,6151,6151,6148,34
2016-01-05 20:49:00,2016-01-05 20:50:00,6149,6150,6151,6147,6151,6151,6152,6149,57
2016-01-05 20:50:00,2016-01-05 20:51:00,6150,6149,6151,6148,6151,6150,6152,6150,20
2016-01-05 20:51:00,2016-01-05 20:52:00,6149,6147,6150,6146,6150,6149,6152,6148,41
2016-01-05 20:52:00,2016-01-05 20:53:00,6147,6148,6148,6147,6149,6150,6150,6148,20
2016-01-05 20:53:00,2016-01-05 20:54:00,6148,6147,6150,6146,6150,6148,6151,6148,51
2016-01-05 20:54:00,2016-01-05 20:55:00,6147,6153,6153,6147,6148,6154,6154,6148,34
2016-01-05 20:55:00,2016-01-05 20:56:00,6153,6152,6155,6152,6154,6154,6157,6153,68
2016-01-05 20:56:00,2016-01-05 20:57:00,6152,6152,6153,6151,6154,6153,6154,6152,41
2016-01-05 20:57:00,2016-01-05 20:58:00,6152,6152,6153,6151,6153,6154,6154,6152,61
2016-01-05 20:58:00,2016-01-05 20:59:00,6152,6151,6153,6149,6154,6152,6155,6152,65
2016-01-05 20:59:00,2016-01-05 22:00:00,6151,6151,6151,6151,6152,6152,6152,6152,1
2016-01-05 22:00:00,2016-01-06 07:00:00,6151,6102,6151,6102,6152,6104,6152,6103,17
2016-01-06 07:00:00,2016-01-06 07:01:00,6102,6108,6108,6103,6104,6109,6109,6104,29
2016-01-06 07:01:00,2016-01-06 07:02:00,6108,6106,6107,6106,6109,6107,6109,6107,10
2016-01-06 07:02:00,2016-01-06 07:03:00,6106,6106,6106,6105,6107,6107,6108,6107,8
2016-01-06 07:03:00,2016-01-06 07:04:00,6106,6100,6106,6100,6107,6102,6107,6102,21
2016-01-06 07:04:00,2016-01-06 07:05:00,6100,6104,6106,6100,6102,6106,6107,6102,40
2016-01-06 07:05:00,2016-01-06 07:06:00,6104,6111,6111,6104,6106,6113,6113,6106,31
2016-01-06 07:06:00,2016-01-06 07:07:00,6111,6114,6115,6109,6113,6116,6117,6111,49
2016-01-06 07:07:00,2016-01-06 07:08:00,6114,6109,6115,6108,6116,6111,6116,6110,30
2016-01-06 07:08:00,2016-01-06 07:09:00,6109,6109,6111,6107,6111,6110,6112,6110,27
2016-01-06 07:09:00,2016-01-06 07:10:00,6109,6108,6108,6106,6110,6110,6110,6108,13
2016-01-06 07:10:00,2016-01-06 07:11:00,6108,6108,6110,6107,6110,6110,6111,6109,12
2016-01-06 07:11:00,2016-01-06 07:12:00,6108,6106,6108,6106,6110,6108,6109,6108,4
2016-01-06 07:12:00,2016-01-06 07:13:00,6106,6108,6108,6105,6108,6110,6110,6108,18
2016-01-06 07:13:00,2016-01-06 07:14:00,6108,6107,6108,6107,6110,6109,6109,6109,4
2016-01-06 07:14:00,2016-01-06 07:15:00,6107,6109,6110,6108,6109,6111,6111,6109,6
2016-01-06 07:15:00,2016-01-06 07:16:00,6109,6109,6110,6109,6111,6111,6111,6111,2
2016-01-06 07:16:00,2016-01-06 07:17:00,6109,6112,6113,6110,6111,6113,6114,6111,34
2016-01-06 07:17:00,2016-01-06 07:18:00,6112,6112,6114,6111,6113,6113,6116,6113,30
2016-01-06 07:18:00,2016-01-06 07:19:00,6112,6110,6112,6110,6113,6112,6114,6112,11
2016-01-06 07:19:00,2016-01-06 07:20:00,6110,6112,6112,6110,6112,6114,6114,6112,14
2016-01-06 07:20:00,2016-01-06 07:21:00,6112,6108,6112,6108,6114,6110,6113,6110,10
2016-01-06 07:21:00,2016-01-06 07:22:00,6108,6108,6108,6107,6110,6110,6110,6109,4
2016-01-06 07:22:00,2016-01-06 07:23:00,6108,6108,6109,6107,6110,6110,6110,6108,16
2016-01-06 07:23:00,2016-01-06 07:24:00,6108,6108,6109,6108,6110,6110,6111,6109,12
2016-01-06 07:24:00,2016-01-06 07:25:00,6108,6110,6110,6107,6110,6111,6111,6109,14
2016-01-06 07:25:00,2016-01-06 07:26:00,6110,6111,6112,6109,6111,6113,6113,6111,9
2016-01-06 07:26:00,2016-01-06 07:27:00,6111,6113,6113,6112,6113,6114,6115,6113,11
2016-01-06 07:27:00,2016-01-06 07:28:00,6113,6113,6113,6113,6114,6115,6115,6114,7
2016-01-06 07:28:00,2016-01-06 07:29:00,6113,6113,6114,6112,6115,6115,6115,6113,16
2016-01-06 07:29:00,2016-01-06 07:30:00,6113,6115,6115,6112,6115,6116,6116,6113,33
2016-01-06 07:30:00,2016-01-06 07:31:00,6115,6116,6116,6113,6116,6117,6117,6114,20
2016-01-06 07:31:00,2016-01-06 07:32:00,6116,6115,6116,6114,6117,6116,6119,6116,12
2016-01-06 07:32:00,2016-01-06 07:33:00,6115,6110,6115,6110,6116,6111,6116,6111,43
2016-01-06 07:33:00,2016-01-06 07:34:00,6110,6111,6112,6110,6111,6113,6114,6112,17
2016-01-06 07:34:00,2016-01-06 07:35:00,6111,6113,6113,6111,6113,6115,6116,6113,12
2016-01-06 07:35:00,2016-01-06 07:36:00,6113,6109,6113,6109,6115,6110,6114,6110,25
2016-01-06 07:36:00,2016-01-06 07:37:00,6109,6110,6110,6109,6110,6112,6112,6111,3
2016-01-06 07:37:00,2016-01-06 07:38:00,6110,6110,6110,6108,6112,6112,6112,6110,10
2016-01-06 07:38:00,2016-01-06 07:39:00,6110,6109,6110,6109,6112,6111,6111,6111,4
2016-01-06 07:39:00,2016-01-06 07:40:00,6109,6109,6109,6109,6111,6110,6111,6110,3
2016-01-06 07:40:00,2016-01-06 07:41:00,6109,6109,6109,6109,6110,6110,6111,6110,4
2016-01-06 07:41:00,2016-01-06 07:42:00,6109,6112,6112,6109,6110,6113,6114,6111,16
2016-01-06 07:42:00,2016-01-06 07:43:00,6112,6113,6113,6111,6113,6115,6115,6113,7
2016-01-06 07:43:00,2016-01-06 07:44:00,6113,6116,6116,6114,6115,6118,6118,6115,26
2016-01-06 07:44:00,2016-01-06 07:45:00,6116,6117,6118,6116,6118,6119,6120,6118,22
2016-01-06 07:45:00,2016-01-06 07:46:00,6117,6119,6120,6118,6119,6120,6121,6119,40
2016-01-06 07:46:00,2016-01-06 07:47:00,6119,6116,6119,6116,6120,6118,6120,6118,9
2016-01-06 07:47:00,2016-01-06 07:48:00,6116,6116,6118,6116,6118,6118,6119,6117,26
2016-01-06 07:48:00,2016-01-06 07:49:00,6116,6115,6117,6115,6118,6117,6118,6116,12
2016-01-06 07:49:00,2016-01-06 07:51:00,6115,6114,6115,6114,6117,6116,6117,6115,10
2016-01-06 07:51:00,2016-01-06 07:52:00,6114,6111,6115,6111,6116,6113,6116,6112,30
2016-01-06 07:52:00,2016-01-06 07:53:00,6111,6112,6113,6110,6113,6114,6115,6112,10
2016-01-06 07:53:00,2016-01-06 07:54:00,6112,6111,6113,6111,6114,6113,6114,6112,14
2016-01-06 07:54:00,2016-01-06 07:55:00,6111,6113,6114,6111,6113,6115,6115,6113,25
2016-01-06 07:55:00,2016-01-06 07:56:00,6113,6112,6114,6112,6115,6114,6115,6114,8
2016-01-06 07:56:00,2016-01-06 07:57:00,6112,6109,6112,6109,6114,6111,6114,6111,16
2016-01-06 07:57:00,2016-01-06 07:58:00,6109,6113,6113,6110,6111,6114,6114,6111,13
2016-01-06 07:58:00,2016-01-06 07:59:00,6113,6121,6122,6111,6114,6122,6124,6112,106
2016-01-06 07:59:00,2016-01-06 08:00:00,6121,6114,6121,6111,6122,6115,6123,6112,344
2016-01-06 08:00:00,2016-01-06 08:01:00,6114,6121,6123,6113,6115,6122,6124,6115,120
2016-01-06 08:01:00,2016-01-06 08:02:00,6121,6117,6122,6116,6122,6118,6123,6117,112
2016-01-06 08:02:00,2016-01-06 08:03:00,6117,6114,6118,6113,6118,6115,6119,6114,148
2016-01-06 08:03:00,2016-01-06 08:04:00,6114,6112,6115,6111,6115,6113,6116,6112,138
2016-01-06 08:04:00,2016-01-06 08:05:00,6112,6103,6112,6101,6113,6104,6113,6102,244
2016-01-06 08:05:00,2016-01-06 08:06:00,6103,6107,6108,6102,6104,6108,6110,6103,164
2016-01-06 08:06:00,2016-01-06 08:07:00,6107,6104,6109,6103,6108,6105,6110,6105,164
2016-01-06 08:07:00,2016-01-06 08:08:00,6104,6106,6107,6103,6105,6107,6109,6104,112
2016-01-06 08:08:00,2016-01-06 08:09:00,6106,6107,6109,6104,6107,6109,6110,6105,85
2016-01-06 08:09:00,2016-01-06 08:10:00,6107,6097,6107,6094,6109,6098,6108,6095,233
2016-01-06 08:10:00,2016-01-06 08:11:00,6097,6096,6099,6095,6098,6097,6100,6096,66
2016-01-06 08:11:00,2016-01-06 08:12:00,6096,6090,6098,6090,6097,6092,6099,6091,141
2016-01-06 08:12:00,2016-01-06 08:13:00,6090,6091,6093,6088,6092,6092,6094,6089,95
2016-01-06 08:13:00,2016-01-06 08:14:00,6091,6095,6095,6090,6092,6096,6096,6092,60
2016-01-06 08:14:00,2016-01-06 08:15:00,6095,6094,6096,6090,6096,6095,6097,6091,167
2016-01-06 08:15:00,2016-01-06 08:16:00,6094,6091,6097,6089,6095,6092,6098,6090,161
2016-01-06 08:16:00,2016-01-06 08:17:00,6091,6095,6096,6090,6092,6097,6097,6091,81
2016-01-06 08:17:00,2016-01-06 08:18:00,6095,6101,6101,6095,6097,6102,6102,6096,43
2016-01-06 08:18:00,2016-01-06 08:19:00,6101,6096,6102,6095,6102,6097,6103,6096,102
2016-01-06 08:19:00,2016-01-06 08:20:00,6096,6089,6096,6088,6097,6090,6097,6089,131
2016-01-06 08:20:00,2016-01-06 08:21:00,6089,6091,6092,6087,6090,6092,6093,6088,102
2016-01-06 08:21:00,2016-01-06 08:22:00,6091,6092,6093,6089,6092,6093,6095,6090,98
2016-01-06 08:22:00,2016-01-06 08:23:00,6092,6087,6093,6087,6093,6088,6094,6088,120
2016-01-06 08:23:00,2016-01-06 08:24:00,6087,6087,6090,6086,6088,6088,6091,6087,90
2016-01-06 08:24:00,2016-01-06 08:25:00,6087,6081,6087,6081,6088,6082,6088,6082,116
2016-01-06 08:25:00,2016-01-06 08:26:00,6081,6077,6082,6077,6082,6078,6083,6078,94
2016-01-06 08:26:00,2016-01-06 08:27:00,6077,6078,6078,6072,6078,6079,6079,6073,198
2016-01-06 08:27:00,2016-01-06 08:28:00,6078,6075,6079,6073,6079,6077,6081,6075,115
2016-01-06 08:28:00,2016-01-06 08:29:00,6075,6072,6076,6071,6077,6073,6077,6072,93
2016-01-06 08:29:00,2016-01-06 08:30:00,6072,6073,6074,6070,6073,6074,6075,6071,66
2016-01-06 08:30:00,2016-01-06 08:31:00,6073,6073,6074,6071,6074,6074,6075,6072,108
2016-01-06 08:31:00,2016-01-06 08:32:00,6073,6074,6076,6073,6074,6075,6078,6074,54
2016-01-06 08:32:00,2016-01-06 08:33:00,6074,6072,6075,6072,6075,6073,6076,6073,48
2016-01-06 08:33:00,2016-01-06 08:34:00,6072,6076,6077,6072,6073,6077,6078,6073,78
2016-01-06 08:34:00,2016-01-06 08:35:00,6076,6069,6075,6069,6077,6070,6077,6070,124
2016-01-06 08:35:00,2016-01-06 08:36:00,6069,6069,6069,6066,6070,6070,6070,6067,92
2016-01-06 08:36:00,2016-01-06 08:37:00,6069,6073,6073,6069,6070,6074,6074,6070,50
2016-01-06 08:37:00,2016-01-06 08:38:00,6073,6075,6076,6071,6074,6077,6077,6072,61
2016-01-06 08:38:00,2016-01-06 08:39:00,6075,6075,6077,6074,6077,6076,6078,6075,53
2016-01-06 08:39:00,2016-01-06 08:40:00,6075,6075,6077,6072,6076,6076,6078,6074,62
2016-01-06 08:40:00,2016-01-06 08:41:00,6075,6075,6075,6072,6076,6076,6076,6073,50
2016-01-06 08:41:00,2016-01-06 08:42:00,6075,6071,6075,6070,6076,6072,6076,6071,52
2016-01-06 08:42:00,2016-01-06 08:43:00,6071,6073,6073,6069,6072,6074,6074,6070,62
2016-01-06 08:43:00,2016-01-06 08:44:00,6073,6069,6073,6069,6074,6070,6074,6070,56
2016-01-06 08:44:00,2016-01-06 08:45:00,6069,6065,6070,6065,6070,6066,6071,6066,54
2016-01-06 08:45:00,2016-01-06 08:46:00,6065,6066,6066,6063,6066,6067,6068,6064,82
2016-01-06 08:46:00,2016-01-06 08:47:00,6066,6067,6068,6063,6067,6068,6069,6064,80
2016-01-06 08:47:00,2016-01-06 08:48:00,6067,6067,6068,6065,6068,6068,6069,6066,52
2016-01-06 08:48:00,2016-01-06 08:49:00,6067,6069,6069,6064,6068,6070,6071,6065,100
2016-01-06 08:49:00,2016-01-06 08:50:00,6069,6073,6073,6067,6070,6074,6074,6068,110
2016-01-06 08:50:00,2016-01-06 08:51:00,6073,6075,6075,6070,6074,6076,6076,6071,56
2016-01-06 08:51:00,2016-01-06 08:52:00,6075,6075,6076,6071,6076,6077,6077,6072,91
2016-01-06 08:52:00,2016-01-06 08:53:00,6075,6073,6076,6073,6077,6075,6078,6074,72
2016-01-06 08:53:00,2016-01-06 08:54:00,6073,6080,6081,6073,6075,6082,6082,6075,114
2016-01-06 08:54:00,2016-01-06 08:55:00,6080,6082,6086,6080,6082,6084,6087,6081,134
2016-01-06 08:55:00,2016-01-06 08:56:00,6082,6083,6085,6081,6084,6085,6086,6082,79
2016-01-06 08:56:00,2016-01-06 08:57:00,6083,6086,6086,6083,6085,6087,6087,6084,69
2016-01-06 08:57:00,2016-01-06 08:58:00,6086,6083,6085,6082,6087,6084,6087,6083,52
2016-01-06 08:58:00,2016-01-06 08:59:00,6083,6085,6085,6082,6084,6086,6086,6083,24
2016-01-06 08:59:00,2016-01-06 09:00:00,6085,6087,6088,6084,6086,6089,6090,6085,85
2016-01-06 09:00:00,2016-01-06 09:01:00,6087,6089,6089,6086,6089,6090,6090,6087,55
2016-01-06 09:01:00,2016-01-06 09:02:00,6089,6085,6089,6085,6090,6086,6090,6086,74
2016-01-06 09:02:00,2016-01-06 09:03:00,6085,6082,6086,6082,6086,6084,6087,6083,43
2016-01-06 09:03:00,2016-01-06 09:04:00,6082,6080,6082,6080,6084,6081,6084,6081,87
2016-01-06 09:04:00,2016-01-06 09:05:00,6080,6075,6079,6074,6081,6076,6081,6075,78
2016-01-06 09:05:00,2016-01-06 09:06:00,6075,6079,6079,6073,6076,6080,6080,6075,82
2016-01-06 09:06:00,2016-01-06 09:07:00,6079,6079,6080,6078,6080,6080,6081,6080,42
2016-01-06 09:07:00,2016-01-06 09:08:00,6079,6080,6080,6074,6080,6081,6081,6075,74
2016-01-06 09:08:00,2016-01-06 09:09:00,6080,6079,6080,6078,6081,6080,6081,6079,48
2016-01-06 09:09:00,2016-01-06 09:10:00,6079,6079,6080,6077,6080,6080,6081,6078,74
2016-01-06 09:10:00,2016-01-06 09:11:00,6079,6080,6081,6078,6080,6081,6082,6079,86
2016-01-06 09:11:00,2016-01-06 09:12:00,6080,6082,6084,6080,6081,6083,6085,6081,96
2016-01-06 09:12:00,2016-01-06 09:13:00,6082,6081,6084,6081,6083,6082,6085,6082,70
2016-01-06 09:13:00,2016-01-06 09:14:00,6081,6087,6088,6081,6082,6089,6089,6083,47
2016-01-06 09:14:00,2016-01-06 09:15:00,6087,6086,6089,6086,6089,6087,6090,6087,57
2016-01-06 09:15:00,2016-01-06 09:16:00,6086,6084,6087,6082,6087,6085,6088,6084,66
2016-01-06 09:16:00,2016-01-06 09:17:00,6084,6086,6086,6083,6085,6087,6087,6084,62
2016-01-06 09:17:00,2016-01-06 09:18:00,6086,6086,6088,6085,6087,6087,6089,6086,62
2016-01-06 09:18:00,2016-01-06 09:19:00,6086,6089,6089,6085,6087,6090,6090,6086,62
2016-01-06 09:19:00,2016-01-06 09:20:00,6089,6085,6089,6084,6090,6086,6090,6085,100
2016-01-06 09:20:00,2016-01-06 09:21:00,6085,6086,6087,6084,6086,6088,6089,6085,63
2016-01-06 09:21:00,2016-01-06 09:22:00,6086,6083,6088,6082,6088,6084,6089,6083,106
2016-01-06 09:22:00,2016-01-06 09:23:00,6083,6088,6088,6082,6084,6089,6089,6083,78
2016-01-06 09:23:00,2016-01-06 09:24:00,6088,6086,6088,6085,6089,6087,6090,6086,28
2016-01-06 09:24:00,2016-01-06 09:25:00,6086,6088,6088,6086,6087,6089,6090,6087,26
2016-01-06 09:25:00,2016-01-06 09:26:00,6088,6086,6088,6085,6089,6087,6090,6086,48
2016-01-06 09:26:00,2016-01-06 09:27:00,6086,6086,6087,6085,6087,6088,6088,6086,61
2016-01-06 09:27:00,2016-01-06 09:28:00,6086,6086,6088,6084,6088,6087,6089,6085,67
2016-01-06 09:28:00,2016-01-06 09:29:00,6086,6085,6087,6085,6087,6086,6088,6086,32
2016-01-06 09:29:00,2016-01-06 09:30:00,6085,6085,6088,6084,6086,6086,6089,6086,82
2016-01-06 09:30:00,2016-01-06 09:31:00,6085,6081,6086,6081,6086,6083,6087,6082,71
2016-01-06 09:31:00,2016-01-06 09:32:00,6081,6081,6083,6081,6083,6083,6084,6082,20
2016-01-06 09:32:00,2016-01-06 09:33:00,6081,6081,6082,6081,6083,6082,6083,6082,35
2016-01-06 09:33:00,2016-01-06 09:34:00,6081,6080,6083,6080,6082,6082,6084,6081,37
2016-01-06 09:34:00,2016-01-06 09:35:00,6080,6081,6082,6078,6082,6083,6084,6079,28
2016-01-06 09:35:00,2016-01-06 09:36:00,6081,6079,6082,6079,6083,6080,6084,6080,21
2016-01-06 09:36:00,2016-01-06 09:37:00,6079,6079,6081,6078,6080,6081,6082,6080,31
2016-01-06 09:37:00,2016-01-06 09:38:00,6079,6081,6082,6078,6081,6082,6083,6080,47
2016-01-06 09:38:00,2016-01-06 09:39:00,6081,6082,6084,6081,6082,6083,6085,6082,38
2016-01-06 09:39:00,2016-01-06 09:40:00,6082,6084,6084,6082,6083,6085,6085,6083,22
2016-01-06 09:40:00,2016-01-06 09:41:00,6084,6084,6085,6083,6085,6085,6086,6084,28
2016-01-06 09:41:00,2016-01-06 09:42:00,6084,6085,6086,6084,6085,6086,6088,6085,34
2016-01-06 09:42:00,2016-01-06 09:43:00,6085,6085,6086,6084,6086,6087,6087,6086,25
2016-01-06 09:43:00,2016-01-06 09:44:00,6085,6084,6086,6084,6087,6085,6088,6085,39
2016-01-06 09:44:00,2016-01-06 09:45:00,6084,6082,6086,6082,6085,6083,6087,6083,38
2016-01-06 09:45:00,2016-01-06 09:46:00,6082,6084,6084,6081,6083,6085,6085,6082,98
2016-01-06 09:46:00,2016-01-06 09:47:00,6084,6080,6083,6080,6085,6082,6085,6081,53
2016-01-06 09:47:00,2016-01-06 09:48:00,6080,6082,6083,6080,6082,6084,6085,6081,52
2016-01-06 09:48:00,2016-01-06 09:49:00,6082,6082,6083,6081,6084,6083,6084,6082,49
2016-01-06 09:49:00,2016-01-06 09:50:00,6082,6081,6082,6079,6083,6082,6083,6080,42
2016-01-06 09:50:00,2016-01-06 09:51:00,6081,6081,6082,6080,6082,6082,6083,6081,34
2016-01-06 09:51:00,2016-01-06 09:52:00,6081,6077,6081,6076,6082,6078,6083,6077,56
2016-01-06 09:52:00,2016-01-06 09:53:00,6077,6075,6078,6073,6078,6076,6079,6074,38
2016-01-06 09:53:00,2016-01-06 09:54:00,6075,6074,6075,6073,6076,6076,6076,6074,61
2016-01-06 09:54:00,2016-01-06 09:55:00,6074,6075,6076,6074,6076,6077,6077,6075,56
2016-01-06 09:55:00,2016-01-06 09:56:00,6075,6074,6076,6074,6077,6076,6077,6075,58
2016-01-06 09:56:00,2016-01-06 09:57:00,6074,6080,6080,6075,6076,6081,6081,6076,53
2016-01-06 09:57:00,2016-01-06 09:58:00,6080,6080,6082,6080,6081,6081,6083,6081,58
2016-01-06 09:58:00,2016-01-06 09:59:00,6080,6078,6080,6077,6081,6079,6082,6078,36
2016-01-06 09:59:00,2016-01-06 10:00:00,6078,6079,6080,6077,6079,6081,6081,6078,37
2016-01-06 10:00:00,2016-01-06 10:01:00,6079,6080,6080,6078,6081,6081,6081,6079,29
2016-01-06 10:01:00,2016-01-06 10:02:00,6080,6079,6081,6078,6081,6080,6083,6079,42
2016-01-06 10:02:00,2016-01-06 10:03:00,6079,6074,6079,6074,6080,6075,6080,6075,64
2016-01-06 10:03:00,2016-01-06 10:04:00,6074,6075,6076,6074,6075,6077,6078,6075,63
2016-01-06 10:04:00,2016-01-06 10:05:00,6075,6074,6076,6073,6077,6075,6077,6074,27
2016-01-06 10:05:00,2016-01-06 10:06:00,6074,6076,6076,6073,6075,6077,6077,6074,52
2016-01-06 10:06:00,2016-01-06 10:07:00,6076,6074,6075,6074,6077,6076,6077,6075,29
2016-01-06 10:07:00,2016-01-06 10:08:00,6074,6075,6075,6073,6076,6077,6077,6075,24
2016-01-06 10:08:00,2016-01-06 10:09:00,6075,6075,6076,6073,6077,6076,6077,6074,39
2016-01-06 10:09:00,2016-01-06 10:10:00,6075,6074,6075,6073,6076,6075,6076,6074,36
2016-01-06 10:10:00,2016-01-06 10:11:00,6074,6074,6075,6073,6075,6076,6077,6074,39
2016-01-06 10:11:00,2016-01-06 10:12:00,6074,6074,6075,6072,6076,6076,6077,6073,58
2016-01-06 10:12:00,2016-01-06 10:13:00,6074,6074,6075,6074,6076,6075,6077,6075,47
2016-01-06 10:13:00,2016-01-06 10:14:00,6074,6072,6074,6071,6075,6073,6075,6072,48
2016-01-06 10:14:00,2016-01-06 10:15:00,6072,6068,6072,6068,6073,6069,6073,6069,74
2016-01-06 10:15:00,2016-01-06 10:16:00,6068,6066,6068,6066,6069,6067,6069,6067,44
2016-01-06 10:16:00,2016-01-06 10:17:00,6066,6061,6067,6060,6067,6062,6068,6061,74
2016-01-06 10:17:00,2016-01-06 10:18:00,6061,6061,6062,6060,6062,6062,6063,6061,54
2016-01-06 10:18:00,2016-01-06 10:19:00,6061,6059,6063,6059,6062,6060,6064,6060,70
2016-01-06 10:19:00,2016-01-06 10:20:00,6059,6061,6061,6059,6060,6062,6062,6060,34
2016-01-06 10:20:00,2016-01-06 10:21:00,6061,6062,6062,6059,6062,6063,6063,6060,24
2016-01-06 10:21:00,2016-01-06 10:22:00,6062,6061,6062,6061,6063,6062,6063,6062,48
2016-01-06 10:22:00,2016-01-06 10:23:00,6061,6060,6061,6059,6062,6061,6063,6060,46
2016-01-06 10:23:00,2016-01-06 10:24:00,6060,6056,6059,6054,6061,6057,6061,6056,58
2016-01-06 10:24:00,2016-01-06 10:25:00,6056,6053,6055,6051,6057,6054,6057,6053,76
2016-01-06 10:25:00,2016-01-06 10:26:00,6053,6054,6054,6051,6054,6055,6055,6052,52
2016-01-06 10:26:00,2016-01-06 10:27:00,6054,6051,6055,6050,6055,6052,6056,6052,60
2016-01-06 10:27:00,2016-01-06 10:28:00,6051,6052,6054,6051,6052,6053,6055,6052,76
2016-01-06 10:28:00,2016-01-06 10:29:00,6052,6048,6053,6047,6053,6049,6054,6048,80
2016-01-06 10:29:00,2016-01-06 10:30:00,6048,6047,6049,6045,6049,6048,6050,6046,126
2016-01-06 10:30:00,2016-01-06 10:31:00,6047,6046,6049,6045,6048,6048,6050,6046,75
2016-01-06 10:31:00,2016-01-06 10:32:00,6046,6050,6050,6046,6048,6051,6051,6047,61
2016-01-06 10:32:00,2016-01-06 10:33:00,6050,6049,6051,6049,6051,6051,6052,6050,39
2016-01-06 10:33:00,2016-01-06 10:34:00,6049,6050,6051,6049,6051,6051,6052,6050,57
2016-01-06 10:34:00,2016-01-06 10:35:00,6050,6051,6051,6048,6051,6052,6052,6050,18
2016-01-06 10:35:00,2016-01-06 10:36:00,6051,6051,6052,6049,6052,6052,6053,6051,90
2016-01-06 10:36:00,2016-01-06 10:37:00,6051,6052,6052,6050,6052,6053,6053,6051,76
2016-01-06 10:37:00,2016-01-06 10:38:00,6052,6054,6054,6051,6053,6055,6056,6053,32
2016-01-06 10:38:00,2016-01-06 10:39:00,6054,6056,6057,6054,6055,6057,6058,6055,52
2016-01-06 10:39:00,2016-01-06 10:40:00,6056,6054,6056,6054,6057,6055,6057,6055,44
2016-01-06 10:40:00,2016-01-06 10:41:00,6054,6054,6055,6054,6055,6055,6056,6055,10
2016-01-06 10:41:00,2016-01-06 10:42:00,6054,6057,6058,6053,6055,6058,6059,6055,32
2016-01-06 10:42:00,2016-01-06 10:43:00,6057,6057,6059,6057,6058,6059,6060,6058,43
2016-01-06 10:43:00,2016-01-06 10:44:00,6057,6060,6060,6057,6059,6061,6062,6058,21
2016-01-06 10:44:00,2016-01-06 10:45:00,6060,6060,6060,6059,6061,6061,6062,6060,12
2016-01-06 10:45:00,2016-01-06 10:46:00,6060,6060,6061,6060,6061,6062,6062,6062,3
2016-01-06 10:46:00,2016-01-06 10:47:00,6060,6061,6062,6060,6062,6062,6063,6061,35
2016-01-06 10:47:00,2016-01-06 10:48:00,6061,6062,6062,6061,6062,6063,6063,6062,34
2016-01-06 10:48:00,2016-01-06 10:49:00,6062,6060,6061,6059,6063,6061,6063,6060,16
2016-01-06 10:49:00,2016-01-06 10:50:00,6060,6060,6061,6059,6061,6061,6062,6060,44
2016-01-06 10:50:00,2016-01-06 10:51:00,6060,6058,6060,6058,6061,6060,6061,6059,27
2016-01-06 10:51:00,2016-01-06 10:52:00,6058,6060,6060,6058,6060,6061,6061,6059,41
2016-01-06 10:52:00,2016-01-06 10:53:00,6060,6057,6060,6057,6061,6059,6061,6058,35
2016-01-06 10:53:00,2016-01-06 10:54:00,6057,6055,6057,6054,6059,6056,6059,6055,27
2016-01-06 10:54:00,2016-01-06 10:55:00,6055,6053,6055,6052,6056,6054,6056,6053,44
2016-01-06 10:55:00,2016-01-06 10:56:00,6053,6051,6053,6051,6054,6052,6054,6052,36
2016-01-06 10:56:00,2016-01-06 10:57:00,6051,6047,6052,6047,6052,6048,6053,6048,56
2016-01-06 10:57:00,2016-01-06 10:58:00,6047,6048,6049,6046,6048,6050,6050,6047,51
2016-01-06 10:58:00,2016-01-06 10:59:00,6048,6048,6049,6046,6050,6050,6050,6047,38
2016-01-06 10:59:00,2016-01-06 11:00:00,6048,6046,6049,6045,6050,6047,6051,6046,81
2016-01-06 11:00:00,2016-01-06 11:01:00,6046,6038,6047,6038,6047,6040,6048,6039,278
2016-01-06 11:01:00,2016-01-06 11:02:00,6038,6038,6040,6035,6040,6039,6041,6036,169
2016-01-06 11:02:00,2016-01-06 11:03:00,6038,6038,6039,6037,6039,6039,6040,6038,76
2016-01-06 11:03:00,2016-01-06 11:04:00,6038,6038,6041,6037,6039,6039,6042,6038,54
2016-01-06 11:04:00,2016-01-06 11:05:00,6038,6040,6041,6037,6039,6042,6042,6038,67
2016-01-06 11:05:00,2016-01-06 11:06:00,6040,6041,6042,6040,6042,6042,6043,6041,40
2016-01-06 11:06:00,2016-01-06 11:07:00,6041,6046,6046,6040,6042,6047,6047,6041,40
2016-01-06 11:07:00,2016-01-06 11:08:00,6046,6048,6048,6045,6047,6049,6049,6046,60
2016-01-06 11:08:00,2016-01-06 11:09:00,6048,6051,6051,6047,6049,6052,6053,6048,64
2016-01-06 11:09:00,2016-01-06 11:10:00,6051,6050,6050,6048,6052,6051,6052,6049,46
2016-01-06 11:10:00,2016-01-06 11:11:00,6050,6051,6051,6049,6051,6052,6053,6050,38
2016-01-06 11:11:00,2016-01-06 11:12:00,6051,6044,6050,6044,6052,6046,6052,6045,55
2016-01-06 11:12:00,2016-01-06 11:13:00,6044,6044,6046,6043,6046,6046,6047,6044,92
2016-01-06 11:13:00,2016-01-06 11:14:00,6044,6046,6046,6044,6046,6047,6047,6045,33
2016-01-06 11:14:00,2016-01-06 11:15:00,6046,6045,6047,6043,6047,6046,6048,6044,81
2016-01-06 11:15:00,2016-01-06 11:16:00,6045,6046,6047,6045,6046,6048,6048,6046,29
2016-01-06 11:16:00,2016-01-06 11:17:00,6046,6045,6047,6045,6048,6046,6048,6046,39
2016-01-06 11:17:00,2016-01-06 11:18:00,6045,6042,6045,6040,6046,6043,6046,6041,120
2016-01-06 11:18:00,2016-01-06 11:19:00,6042,6041,6043,6040,6043,6042,6044,6041,76
2016-01-06 11:19:00,2016-01-06 11:20:00,6041,6042,6044,6039,6042,6043,6045,6040,66
2016-01-06 11:20:00,2016-01-06 11:21:00,6042,6041,6043,6041,6043,6042,6044,6042,42
2016-01-06 11:21:00,2016-01-06 11:22:00,6041,6042,6042,6040,6042,6043,6043,6041,56
2016-01-06 11:22:00,2016-01-06 11:23:00,6042,6038,6042,6036,6043,6039,6043,6038,38
2016-01-06 11:23:00,2016-01-06 11:24:00,6038,6038,6039,6037,6039,6039,6041,6038,46
2016-01-06 11:24:00,2016-01-06 11:25:00,6038,6042,6042,6038,6039,6043,6043,6039,34
2016-01-06 11:25:00,2016-01-06 11:26:00,6042,6044,6044,6040,6043,6045,6045,6042,70
2016-01-06 11:26:00,2016-01-06 11:27:00,6044,6042,6044,6040,6045,6043,6045,6042,32
2016-01-06 11:27:00,2016-01-06 11:28:00,6042,6041,6043,6041,6043,6043,6044,6042,29
2016-01-06 11:28:00,2016-01-06 11:29:00,6041,6042,6044,6041,6043,6044,6045,6042,46
2016-01-06 11:29:00,2016-01-06 11:30:00,6042,6044,6045,6042,6044,6045,6046,6043,59
2016-01-06 11:30:00,2016-01-06 11:31:00,6044,6039,6044,6039,6045,6041,6045,6041,45
2016-01-06 11:31:00,2016-01-06 11:32:00,6039,6041,6041,6039,6041,6042,6043,6040,57
2016-01-06 11:32:00,2016-01-06 11:33:00,6041,6037,6040,6037,6042,6038,6042,6038,24
2016-01-06 11:33:00,2016-01-06 11:34:00,6037,6036,6038,6036,6038,6037,6039,6037,40
2016-01-06 11:34:00,2016-01-06 11:35:00,6036,6037,6037,6034,6037,6038,6038,6035,66
2016-01-06 11:35:00,2016-01-06 11:36:00,6037,6036,6038,6035,6038,6037,6040,6036,26
2016-01-06 11:36:00,2016-01-06 11:37:00,6036,6035,6037,6034,6037,6036,6038,6035,28
2016-01-06 11:37:00,2016-01-06 11:38:00,6035,6034,6034,6033,6036,6035,6036,6034,6
2016-01-06 11:38:00,2016-01-06 11:39:00,6034,6037,6037,6034,6035,6038,6038,6035,16
2016-01-06 11:39:00,2016-01-06 11:40:00,6037,6036,6038,6036,6038,6037,6039,6037,8
2016-01-06 11:40:00,2016-01-06 11:41:00,6036,6037,6038,6035,6037,6038,6039,6036,60
2016-01-06 11:41:00,2016-01-06 11:42:00,6037,6042,6043,6037,6038,6043,6044,6039,62
2016-01-06 11:42:00,2016-01-06 11:43:00,6042,6041,6044,6041,6043,6042,6046,6042,40
2016-01-06 11:43:00,2016-01-06 11:44:00,6041,6041,6043,6041,6042,6042,6044,6042,28
2016-01-06 11:44:00,2016-01-06 11:45:00,6041,6039,6041,6038,6042,6040,6042,6039,48
2016-01-06 11:45:00,2016-01-06 11:46:00,6039,6040,6041,6038,6040,6041,6042,6039,47
2016-01-06 11:46:00,2016-01-06 11:47:00,6040,6039,6041,6038,6041,6040,6043,6039,55
2016-01-06 11:47:00,2016-01-06 11:48:00,6039,6039,6040,6037,6040,6040,6041,6039,34
2016-01-06 11:48:00,2016-01-06 11:49:00,6039,6039,6040,6037,6040,6040,6041,6038,56
2016-01-06 11:49:00,2016-01-06 11:50:00,6039,6039,6039,6036,6040,6040,6040,6038,30
2016-01-06 11:50:00,2016-01-06 11:51:00,6039,6040,6040,6038,6040,6041,6041,6039,30
2016-01-06 11:51:00,2016-01-06 11:52:00,6040,6038,6040,6036,6041,6039,6041,6037,60
2016-01-06 11:52:00,2016-01-06 11:53:00,6038,6038,6039,6037,6039,6039,6040,6038,42
2016-01-06 11:53:00,2016-01-06 11:54:00,6038,6038,6039,6037,6039,6039,6040,6038,22
2016-01-06 11:54:00,2016-01-06 11:55:00,6038,6037,6040,6037,6039,6038,6041,6038,30
2016-01-06 11:55:00,2016-01-06 11:56:00,6037,6038,6039,6037,6038,6040,6040,6038,25
2016-01-06 11:56:00,2016-01-06 11:57:00,6038,6040,6042,6038,6040,6041,6043,6039,55
2016-01-06 11:57:00,2016-01-06 11:58:00,6040,6042,6043,6040,6041,6043,6045,6042,54
2016-01-06 11:58:00,2016-01-06 11:59:00,6042,6044,6045,6041,6043,6045,6046,6042,74
2016-01-06 11:59:00,2016-01-06 12:00:00,6044,6041,6044,6041,6045,6043,6045,6042,87
2016-01-06 12:00:00,2016-01-06 12:01:00,6041,6039,6042,6038,6043,6040,6043,6039,79
2016-01-06 12:01:00,2016-01-06 12:02:00,6039,6040,6040,6037,6040,6041,6042,6038,32
2016-01-06 12:02:00,2016-01-06 12:03:00,6040,6040,6041,6040,6041,6041,6042,6041,40
2016-01-06 12:03:00,2016-01-06 12:05:00,6038,6039,6040,6038,6039,6040,6041,6039,30
2016-01-06 12:05:00,2016-01-06 12:06:00,6039,6040,6040,6038,6040,6041,6041,6039,27
2016-01-06 12:06:00,2016-01-06 12:07:00,6040,6038,6040,6038,6041,6039,6042,6039,22
2016-01-06 12:07:00,2016-01-06 12:08:00,6038,6037,6039,6036,6039,6038,6040,6038,50
2016-01-06 12:08:00,2016-01-06 12:09:00,6037,6036,6037,6035,6038,6037,6038,6036,42
2016-01-06 12:09:00,2016-01-06 12:10:00,6036,6037,6038,6036,6037,6038,6039,6037,22
2016-01-06 12:10:00,2016-01-06 12:11:00,6037,6039,6039,6037,6038,6040,6040,6038,24
2016-01-06 12:11:00,2016-01-06 12:12:00,6039,6038,6039,6038,6040,6039,6040,6039,28
2016-01-06 12:12:00,2016-01-06 12:13:00,6038,6038,6038,6038,6039,6039,6040,6039,2
2016-01-06 12:13:00,2016-01-06 12:14:00,6038,6039,6039,6038,6039,6040,6040,6039,22
2016-01-06 12:14:00,2016-01-06 12:15:00,6039,6036,6039,6036,6040,6037,6040,6037,52
2016-01-06 12:15:00,2016-01-06 12:16:00,6036,6036,6037,6036,6037,6037,6038,6037,32
2016-01-06 12:16:00,2016-01-06 12:17:00,6036,6036,6037,6035,6037,6037,6038,6037,20
2016-01-06 12:17:00,2016-01-06 12:18:00,6036,6036,6037,6036,6037,6037,6038,6037,28
2016-01-06 12:18:00,2016-01-06 12:19:00,6036,6038,6039,6036,6037,6040,6040,6038,37
2016-01-06 12:19:00,2016-01-06 12:20:00,6038,6037,6038,6036,6040,6038,6039,6037,25
2016-01-06 12:20:00,2016-01-06 12:21:00,6037,6037,6037,6035,6038,6038,6038,6036,38
2016-01-06 12:21:00,2016-01-06 12:22:00,6037,6037,6038,6036,6038,6038,6039,6038,22
2016-01-06 12:22:00,2016-01-06 12:23:00,6037,6037,6037,6036,6038,6038,6038,6037,22
2016-01-06 12:23:00,2016-01-06 12:24:00,6037,6037,6038,6036,6038,6038,6039,6037,16
2016-01-06 12:24:00,2016-01-06 12:25:00,6037,6035,6037,6035,6038,6036,6038,6036,8
2016-01-06 12:25:00,2016-01-06 12:26:00,6035,6035,6036,6034,6036,6036,6037,6035,34
2016-01-06 12:26:00,2016-01-06 12:27:00,6035,6035,6036,6034,6036,6036,6037,6035,26
2016-01-06 12:27:00,2016-01-06 12:28:00,6035,6037,6037,6035,6036,6038,6038,6036,52
2016-01-06 12:28:00,2016-01-06 12:29:00,6037,6033,6037,6033,6038,6035,6038,6034,39
2016-01-06 12:29:00,2016-01-06 12:30:00,6033,6031,6034,6030,6035,6032,6035,6031,31
2016-01-06 12:30:00,2016-01-06 12:31:00,6031,6029,6031,6029,6032,6030,6032,6030,60
2016-01-06 12:31:00,2016-01-06 12:32:00,6029,6033,6033,6029,6030,6034,6034,6030,34
2016-01-06 12:32:00,2016-01-06 12:33:00,6033,6036,6036,6033,6034,6037,6037,6034,40
2016-01-06 12:33:00,2016-01-06 12:34:00,6036,6035,6036,6034,6037,6036,6037,6035,22
2016-01-06 12:34:00,2016-01-06 12:35:00,6035,6032,6035,6031,6036,6033,6037,6032,50
2016-01-06 12:35:00,2016-01-06 12:36:00,6032,6030,6031,6029,6033,6031,6033,6030,26
2016-01-06 12:36:00,2016-01-06 12:37:00,6030,6029,6030,6028,6031,6030,6031,6030,36
2016-01-06 12:37:00,2016-01-06 12:38:00,6029,6031,6032,6029,6030,6032,6033,6030,40
2016-01-06 12:38:00,2016-01-06 12:39:00,6031,6029,6031,6028,6032,6031,6032,6029,55
2016-01-06 12:39:00,2016-01-06 12:40:00,6029,6024,6029,6024,6031,6025,6030,6025,99
2016-01-06 12:40:00,2016-01-06 12:41:00,6024,6024,6024,6023,6025,6025,6025,6024,66
2016-01-06 12:41:00,2016-01-06 12:42:00,6024,6026,6027,6023,6025,6027,6028,6024,62
2016-01-06 12:42:00,2016-01-06 12:43:00,6026,6025,6025,6024,6027,6026,6027,6025,36
2016-01-06 12:43:00,2016-01-06 12:44:00,6025,6025,6026,6023,6026,6026,6027,6025,58
2016-01-06 12:44:00,2016-01-06 12:45:00,6025,6026,6027,6024,6026,6027,6028,6026,28
2016-01-06 12:45:00,2016-01-06 12:46:00,6026,6028,6028,6026,6027,6029,6030,6028,48
2016-01-06 12:46:00,2016-01-06 12:47:00,6028,6029,6030,6027,6029,6030,6031,6028,68
2016-01-06 12:47:00,2016-01-06 12:48:00,6029,6025,6029,6025,6030,6026,6030,6026,64
2016-01-06 12:48:00,2016-01-06 12:49:00,6025,6024,6026,6023,6026,6025,6027,6025,38
2016-01-06 12:49:00,2016-01-06 12:50:00,6024,6024,6025,6023,6025,6025,6026,6024,32
2016-01-06 12:50:00,2016-01-06 12:51:00,6024,6022,6024,6022,6025,6023,6025,6023,48
2016-01-06 12:51:00,2016-01-06 12:52:00,6022,6024,6024,6021,6023,6025,6025,6022,38
2016-01-06 12:52:00,2016-01-06 12:53:00,6024,6021,6023,6021,6025,6023,6025,6022,29
2016-01-06 12:53:00,2016-01-06 12:54:00,6021,6022,6022,6020,6023,6023,6023,6021,51
2016-01-06 12:54:00,2016-01-06 12:55:00,6022,6021,6023,6020,6023,6022,6024,6021,34
2016-01-06 12:55:00,2016-01-06 12:56:00,6021,6021,6022,6019,6022,6022,6023,6020,52
2016-01-06 12:56:00,2016-01-06 12:57:00,6021,6020,6021,6019,6022,6021,6022,6020,22
2016-01-06 12:57:00,2016-01-06 12:58:00,6020,6018,6020,6018,6021,6019,6022,6019,36
2016-01-06 12:58:00,2016-01-06 12:59:00,6018,6018,6018,6016,6019,6019,6019,6017,62
2016-01-06 12:59:00,2016-01-06 13:00:00,6018,6020,6020,6017,6019,6021,6021,6018,56
2016-01-06 13:00:00,2016-01-06 13:01:00,6020,6022,6024,6020,6021,6023,6025,6022,92
2016-01-06 13:01:00,2016-01-06 13:02:00,6022,6022,6023,6021,6023,6023,6024,6022,30
2016-01-06 13:02:00,2016-01-06 13:03:00,6022,6023,6023,6021,6023,6024,6024,6022,57
2016-01-06 13:03:00,2016-01-06 13:04:00,6023,6023,6023,6022,6024,6025,6025,6023,29
2016-01-06 13:04:00,2016-01-06 13:05:00,6023,6023,6025,6023,6025,6024,6026,6024,73
2016-01-06 13:05:00,2016-01-06 13:06:00,6023,6025,6025,6023,6024,6026,6026,6024,28
2016-01-06 13:06:00,2016-01-06 13:07:00,6025,6025,6025,6023,6026,6026,6026,6025,38
2016-01-06 13:07:00,2016-01-06 13:08:00,6025,6021,6025,6021,6026,6022,6026,6022,66
2016-01-06 13:08:00,2016-01-06 13:09:00,6021,6022,6023,6020,6022,6023,6024,6022,46
2016-01-06 13:09:00,2016-01-06 13:10:00,6022,6021,6022,6021,6023,6022,6023,6022,6
2016-01-06 13:10:00,2016-01-06 13:12:00,6020,6021,6021,6019,6021,6022,6022,6020,54
2016-01-06 13:12:00,2016-01-06 13:13:00,6021,6020,6021,6020,6022,6021,6022,6021,26
2016-01-06 13:13:00,2016-01-06 13:14:00,6020,6018,6020,6018,6021,6019,6021,6019,42
2016-01-06 13:14:00,2016-01-06 13:15:00,6018,6020,6024,6018,6019,6021,6025,6019,141
2016-01-06 13:15:00,2016-01-06 13:16:00,6020,6022,6024,6020,6021,6023,6025,6022,76
2016-01-06 13:16:00,2016-01-06 13:17:00,6022,6027,6027,6022,6023,6028,6028,6023,82
2016-01-06 13:17:00,2016-01-06 13:18:00,6027,6026,6030,6025,6028,6027,6031,6026,110
2016-01-06 13:18:00,2016-01-06 13:19:00,6026,6021,6025,6021,6027,6022,6027,6022,46
2016-01-06 13:19:00,2016-01-06 13:20:00,6021,6025,6026,6020,6022,6026,6027,6021,88
2016-01-06 13:20:00,2016-01-06 13:21:00,6025,6027,6027,6025,6026,6028,6028,6026,30
2016-01-06 13:21:00,2016-01-06 13:22:00,6027,6027,6030,6027,6028,6028,6032,6028,64
2016-01-06 13:22:00,2016-01-06 13:23:00,6027,6027,6029,6026,6028,6028,6030,6027,44
2016-01-06 13:23:00,2016-01-06 13:25:00,6025,6023,6025,6023,6026,6025,6026,6024,31
2016-01-06 13:25:00,2016-01-06 13:26:00,6023,6023,6023,6021,6025,6024,6024,6022,37
2016-01-06 13:26:00,2016-01-06 13:27:00,6023,6026,6028,6023,6024,6027,6029,6025,61
2016-01-06 13:27:00,2016-01-06 13:28:00,6026,6030,6032,6025,6027,6031,6033,6027,38
2016-01-06 13:28:00,2016-01-06 13:29:00,6030,6029,6031,6028,6031,6031,6032,6030,33
2016-01-06 13:29:00,2016-01-06 13:30:00,6029,6031,6033,6030,6031,6032,6034,6031,41
2016-01-06 13:30:00,2016-01-06 13:31:00,6031,6031,6032,6029,6032,6032,6034,6030,60
2016-01-06 13:31:00,2016-01-06 13:32:00,6031,6028,6031,6028,6032,6029,6033,6029,32
2016-01-06 13:32:00,2016-01-06 13:33:00,6028,6028,6028,6026,6029,6029,6030,6027,34
2016-01-06 13:33:00,2016-01-06 13:34:00,6028,6030,6030,6027,6029,6031,6031,6028,26
2016-01-06 13:34:00,2016-01-06 13:35:00,6030,6030,6031,6029,6031,6031,6032,6030,38
2016-01-06 13:35:00,2016-01-06 13:36:00,6030,6030,6030,6029,6031,6031,6032,6030,28
2016-01-06 13:36:00,2016-01-06 13:37:00,6030,6032,6032,6030,6031,6033,6033,6032,14
2016-01-06 13:37:00,2016-01-06 13:38:00,6032,6028,6033,6027,6033,6029,6034,6028,50
2016-01-06 13:38:00,2016-01-06 13:39:00,6028,6027,6029,6027,6029,6028,6030,6028,38
2016-01-06 13:39:00,2016-01-06 13:40:00,6027,6028,6029,6027,6028,6029,6030,6028,42
2016-01-06 13:40:00,2016-01-06 13:41:00,6028,6026,6027,6025,6029,6027,6029,6026,42
2016-01-06 13:41:00,2016-01-06 13:42:00,6026,6025,6026,6024,6027,6026,6028,6025,46
2016-01-06 13:42:00,2016-01-06 13:43:00,6025,6026,6027,6025,6026,6027,6028,6026,22
2016-01-06 13:43:00,2016-01-06 13:44:00,6026,6026,6027,6026,6027,6027,6028,6027,26
2016-01-06 13:44:00,2016-01-06 13:45:00,6026,6024,6026,6024,6027,6025,6028,6025,60
2016-01-06 13:45:00,2016-01-06 13:46:00,6024,6025,6026,6024,6025,6027,6027,6025,63
2016-01-06 13:46:00,2016-01-06 13:47:00,6025,6025,6026,6024,6027,6026,6027,6025,31
2016-01-06 13:47:00,2016-01-06 13:48:00,6025,6025,6027,6024,6026,6026,6028,6025,24
2016-01-06 13:48:00,2016-01-06 13:49:00,6025,6025,6027,6024,6026,6027,6028,6025,39
2016-01-06 13:49:00,2016-01-06 13:50:00,6025,6027,6029,6025,6027,6028,6030,6026,41
2016-01-06 13:50:00,2016-01-06 13:51:00,6027,6027,6028,6024,6028,6028,6029,6026,48
2016-01-06 13:51:00,2016-01-06 13:52:00,6027,6028,6029,6027,6028,6029,6030,6028,52
2016-01-06 13:52:00,2016-01-06 13:53:00,6028,6029,6029,6027,6029,6030,6030,6028,20
2016-01-06 13:53:00,2016-01-06 13:54:00,6029,6029,6029,6028,6030,6030,6030,6029,10
2016-01-06 13:54:00,2016-01-06 13:55:00,6029,6031,6031,6029,6030,6032,6032,6030,24
2016-01-06 13:55:00,2016-01-06 13:56:00,6031,6032,6032,6030,6032,6033,6033,6031,36
2016-01-06 13:56:00,2016-01-06 13:57:00,6032,6032,6033,6031,6033,6034,6034,6032,23
2016-01-06 13:57:00,2016-01-06 13:58:00,6032,6033,6033,6031,6034,6034,6034,6032,77
2016-01-06 13:58:00,2016-01-06 13:59:00,6033,6032,6034,6032,6034,6033,6036,6033,38
2016-01-06 13:59:00,2016-01-06 14:00:00,6032,6031,6032,6030,6033,6032,6033,6031,34
2016-01-06 14:00:00,2016-01-06 14:01:00,6031,6031,6031,6029,6032,6032,6032,6031,56
2016-01-06 14:01:00,2016-01-06 14:02:00,6031,6029,6032,6029,6032,6030,6033,6030,30
2016-01-06 14:02:00,2016-01-06 14:03:00,6029,6031,6032,6029,6030,6033,6033,6030,53
2016-01-06 14:03:00,2016-01-06 14:04:00,6031,6032,6033,6031,6033,6033,6034,6032,21
2016-01-06 14:04:00,2016-01-06 14:05:00,6032,6032,6032,6030,6033,6033,6033,6032,40
2016-01-06 14:05:00,2016-01-06 14:06:00,6032,6032,6034,6031,6033,6033,6035,6032,40
2016-01-06 14:06:00,2016-01-06 14:07:00,6032,6032,6033,6032,6033,6033,6034,6033,8
2016-01-06 14:07:00,2016-01-06 14:08:00,6032,6032,6034,6032,6033,6034,6035,6033,77
2016-01-06 14:08:00,2016-01-06 14:09:00,6032,6029,6033,6029,6034,6031,6034,6031,62
2016-01-06 14:09:00,2016-01-06 14:10:00,6029,6028,6030,6028,6031,6029,6031,6029,71
2016-01-06 14:10:00,2016-01-06 14:11:00,6028,6025,6029,6024,6029,6027,6030,6025,45
2016-01-06 14:11:00,2016-01-06 14:12:00,6025,6025,6026,6022,6027,6026,6027,6023,57
2016-01-06 14:12:00,2016-01-06 14:13:00,6025,6026,6026,6024,6026,6027,6027,6025,34
2016-01-06 14:13:00,2016-01-06 14:14:00,6026,6027,6028,6025,6027,6028,6029,6026,60
2016-01-06 14:14:00,2016-01-06 14:15:00,6027,6028,6030,6027,6028,6030,6031,6028,53
2016-01-06 14:15:00,2016-01-06 14:16:00,6028,6029,6030,6027,6030,6031,6031,6029,40
2016-01-06 14:16:00,2016-01-06 14:17:00,6029,6031,6032,6029,6031,6032,6033,6030,45
2016-01-06 14:17:00,2016-01-06 14:18:00,6031,6032,6032,6030,6032,6033,6033,6031,42
2016-01-06 14:18:00,2016-01-06 14:19:00,6032,6031,6032,6030,6033,6032,6034,6031,52
2016-01-06 14:19:00,2016-01-06 14:20:00,6031,6031,6032,6030,6032,6032,6034,6031,34
2016-01-06 14:20:00,2016-01-06 14:21:00,6031,6030,6031,6030,6032,6031,6032,6031,34
2016-01-06 14:21:00,2016-01-06 14:22:00,6030,6032,6032,6030,6031,6033,6033,6032,28
2016-01-06 14:22:00,2016-01-06 14:23:00,6032,6030,6032,6030,6033,6031,6033,6031,38
2016-01-06 14:23:00,2016-01-06 14:24:00,6030,6032,6032,6030,6031,6033,6033,6032,30
2016-01-06 14:24:00,2016-01-06 14:25:00,6032,6032,6034,6031,6033,6033,6035,6032,14
2016-01-06 14:25:00,2016-01-06 14:26:00,6032,6036,6036,6032,6033,6037,6037,6034,56
2016-01-06 14:26:00,2016-01-06 14:27:00,6036,6037,6037,6036,6037,6038,6038,6037,36
2016-01-06 14:27:00,2016-01-06 14:28:00,6037,6040,6040,6036,6038,6041,6041,6038,72
2016-01-06 14:28:00,2016-01-06 14:29:00,6040,6039,6041,6039,6041,6040,6042,6040,64
2016-01-06 14:29:00,2016-01-06 14:30:00,6039,6043,6045,6039,6040,6044,6046,6040,146
2016-01-06 14:30:00,2016-01-06 14:31:00,6043,6046,6046,6040,6044,6047,6047,6041,128
2016-01-06 14:31:00,2016-01-06 14:32:00,6046,6043,6048,6043,6047,6044,6050,6044,172
2016-01-06 14:32:00,2016-01-06 14:33:00,6043,6045,6046,6041,6044,6047,6047,6042,133
2016-01-06 14:33:00,2016-01-06 14:34:00,6045,6043,6047,6043,6047,6044,6048,6044,141
2016-01-06 14:34:00,2016-01-06 14:35:00,6043,6038,6044,6037,6044,6040,6045,6038,209
2016-01-06 14:35:00,2016-01-06 14:36:00,6038,6045,6046,6037,6040,6047,6048,6038,160
2016-01-06 14:36:00,2016-01-06 14:37:00,6045,6050,6050,6045,6047,6051,6051,6046,129
2016-01-06 14:37:00,2016-01-06 14:38:00,6050,6050,6051,6047,6051,6051,6052,6048,96
2016-01-06 14:38:00,2016-01-06 14:39:00,6050,6050,6051,6046,6051,6051,6052,6047,146
2016-01-06 14:39:00,2016-01-06 14:40:00,6050,6045,6049,6044,6051,6047,6051,6045,121
2016-01-06 14:40:00,2016-01-06 14:41:00,6045,6044,6046,6043,6047,6046,6047,6044,108
2016-01-06 14:41:00,2016-01-06 14:42:00,6044,6045,6047,6043,6046,6047,6048,6044,104
2016-01-06 14:42:00,2016-01-06 14:43:00,6045,6047,6049,6044,6047,6048,6050,6046,86
2016-01-06 14:43:00,2016-01-06 14:44:00,6047,6050,6050,6047,6048,6052,6052,6048,27
2016-01-06 14:44:00,2016-01-06 14:45:00,6050,6047,6052,6045,6052,6048,6053,6047,73
2016-01-06 14:45:00,2016-01-06 14:46:00,6047,6047,6052,6046,6048,6048,6053,6047,140
2016-01-06 14:46:00,2016-01-06 14:47:00,6047,6043,6047,6042,6048,6045,6049,6044,127
2016-01-06 14:47:00,2016-01-06 14:48:00,6043,6045,6045,6041,6045,6046,6046,6043,151
2016-01-06 14:48:00,2016-01-06 14:49:00,6045,6047,6048,6041,6046,6048,6049,6042,116
2016-01-06 14:49:00,2016-01-06 14:50:00,6047,6052,6053,6046,6048,6053,6054,6047,150
2016-01-06 14:50:00,2016-01-06 14:51:00,6052,6053,6056,6051,6053,6055,6057,6052,119
2016-01-06 14:51:00,2016-01-06 14:52:00,6053,6051,6054,6050,6055,6052,6055,6052,87
2016-01-06 14:52:00,2016-01-06 14:53:00,6051,6050,6052,6049,6052,6051,6054,6050,60
2016-01-06 14:53:00,2016-01-06 14:54:00,6050,6050,6051,6048,6051,6052,6052,6049,59
2016-01-06 14:54:00,2016-01-06 14:55:00,6050,6050,6052,6049,6052,6051,6053,6050,59
2016-01-06 14:55:00,2016-01-06 14:56:00,6050,6050,6052,6049,6051,6052,6053,6050,41
2016-01-06 14:56:00,2016-01-06 14:57:00,6050,6049,6052,6048,6052,6051,6053,6050,30
2016-01-06 14:57:00,2016-01-06 14:58:00,6049,6050,6051,6049,6051,6051,6053,6050,19
2016-01-06 14:58:00,2016-01-06 14:59:00,6050,6053,6053,6050,6051,6054,6054,6051,20
2016-01-06 14:59:00,2016-01-06 15:00:00,6053,6052,6055,6047,6054,6053,6056,6049,147
2016-01-06 15:00:00,2016-01-06 15:01:00,6052,6051,6053,6048,6053,6052,6054,6050,140
2016-01-06 15:01:00,2016-01-06 15:02:00,6051,6051,6053,6049,6052,6052,6054,6050,112
2016-01-06 15:02:00,2016-01-06 15:03:00,6051,6048,6052,6046,6052,6049,6053,6048,134
2016-01-06 15:03:00,2016-01-06 15:04:00,6048,6043,6048,6041,6049,6044,6049,6043,118
2016-01-06 15:04:00,2016-01-06 15:05:00,6043,6042,6046,6041,6044,6043,6047,6042,90
2016-01-06 15:05:00,2016-01-06 15:06:00,6042,6047,6048,6041,6043,6048,6049,6042,152
2016-01-06 15:06:00,2016-01-06 15:07:00,6047,6047,6047,6045,6048,6048,6049,6046,74
2016-01-06 15:07:00,2016-01-06 15:08:00,6047,6044,6047,6044,6048,6045,6048,6045,48
2016-01-06 15:08:00,2016-01-06 15:09:00,6044,6047,6047,6041,6045,6048,6048,6042,96
2016-01-06 15:09:00,2016-01-06 15:10:00,6047,6046,6049,6046,6048,6048,6050,6047,107
2016-01-06 15:10:00,2016-01-06 15:11:00,6046,6048,6049,6045,6048,6049,6050,6046,95
2016-01-06 15:11:00,2016-01-06 15:12:00,6048,6044,6049,6044,6049,6045,6050,6045,124
2016-01-06 15:12:00,2016-01-06 15:13:00,6044,6044,6046,6043,6045,6045,6047,6044,72
2016-01-06 15:13:00,2016-01-06 15:14:00,6044,6050,6051,6043,6045,6051,6052,6044,106
2016-01-06 15:14:00,2016-01-06 15:15:00,6050,6049,6051,6048,6051,6051,6052,6050,75
2016-01-06 15:15:00,2016-01-06 15:16:00,6049,6047,6051,6047,6051,6049,6052,6048,58
2016-01-06 15:16:00,2016-01-06 15:17:00,6047,6051,6051,6047,6049,6052,6052,6048,69
2016-01-06 15:17:00,2016-01-06 15:18:00,6051,6051,6052,6049,6052,6052,6053,6050,72
2016-01-06 15:18:00,2016-01-06 15:19:00,6051,6052,6053,6050,6052,6054,6054,6051,103
2016-01-06 15:19:00,2016-01-06 15:20:00,6052,6059,6059,6052,6054,6060,6060,6053,123
2016-01-06 15:20:00,2016-01-06 15:21:00,6059,6062,6063,6056,6060,6063,6064,6057,144
2016-01-06 15:21:00,2016-01-06 15:22:00,6062,6063,6064,6060,6063,6064,6065,6061,158
2016-01-06 15:22:00,2016-01-06 15:23:00,6063,6064,6065,6062,6064,6065,6066,6063,72
2016-01-06 15:23:00,2016-01-06 15:24:00,6064,6062,6067,6062,6065,6064,6068,6063,123
2016-01-06 15:24:00,2016-01-06 15:25:00,6062,6057,6063,6057,6064,6058,6064,6058,93
2016-01-06 15:25:00,2016-01-06 15:26:00,6057,6059,6060,6056,6058,6061,6061,6057,131
2016-01-06 15:26:00,2016-01-06 15:27:00,6059,6061,6062,6059,6061,6062,6063,6061,69
2016-01-06 15:27:00,2016-01-06 15:28:00,6061,6064,6064,6061,6062,6065,6065,6062,50
2016-01-06 15:28:00,2016-01-06 15:29:00,6064,6064,6065,6062,6065,6065,6066,6063,120
2016-01-06 15:29:00,2016-01-06 15:30:00,6064,6058,6063,6056,6065,6059,6065,6057,230
2016-01-06 15:30:00,2016-01-06 15:31:00,6058,6053,6060,6052,6059,6054,6061,6053,172
2016-01-06 15:31:00,2016-01-06 15:32:00,6053,6053,6057,6052,6054,6054,6058,6053,124
2016-01-06 15:32:00,2016-01-06 15:33:00,6053,6054,6056,6053,6054,6055,6057,6054,58
2016-01-06 15:33:00,2016-01-06 15:34:00,6054,6055,6055,6051,6055,6056,6056,6053,94
2016-01-06 15:34:00,2016-01-06 15:35:00,6055,6056,6057,6054,6056,6058,6058,6055,95
2016-01-06 15:35:00,2016-01-06 15:36:00,6056,6048,6057,6047,6058,6049,6058,6048,173
2016-01-06 15:36:00,2016-01-06 15:37:00,6048,6051,6052,6048,6049,6052,6053,6049,68
2016-01-06 15:37:00,2016-01-06 15:38:00,6051,6049,6052,6049,6052,6050,6053,6050,56
2016-01-06 15:38:00,2016-01-06 15:39:00,6049,6047,6048,6046,6050,6048,6050,6048,56
2016-01-06 15:39:00,2016-01-06 15:40:00,6047,6049,6050,6047,6048,6050,6051,6048,72
2016-01-06 15:40:00,2016-01-06 15:41:00,6049,6045,6050,6044,6050,6046,6051,6045,64
2016-01-06 15:41:00,2016-01-06 15:42:00,6045,6048,6048,6045,6046,6049,6049,6046,78
2016-01-06 15:42:00,2016-01-06 15:43:00,6048,6048,6049,6047,6049,6049,6050,6048,92
2016-01-06 15:43:00,2016-01-06 15:44:00,6048,6046,6049,6045,6049,6047,6051,6046,46
2016-01-06 15:44:00,2016-01-06 15:45:00,6046,6043,6047,6042,6047,6044,6048,6043,96
2016-01-06 15:45:00,2016-01-06 15:46:00,6043,6041,6044,6040,6044,6042,6045,6041,100
2016-01-06 15:46:00,2016-01-06 15:47:00,6041,6041,6042,6040,6042,6042,6043,6041,66
2016-01-06 15:47:00,2016-01-06 15:48:00,6041,6047,6047,6040,6042,6048,6048,6041,98
2016-01-06 15:48:00,2016-01-06 15:49:00,6047,6046,6047,6043,6048,6047,6048,6044,110
2016-01-06 15:49:00,2016-01-06 15:50:00,6046,6046,6047,6044,6047,6047,6049,6045,84
2016-01-06 15:50:00,2016-01-06 15:51:00,6046,6044,6046,6043,6047,6045,6048,6045,70
2016-01-06 15:51:00,2016-01-06 15:52:00,6044,6044,6046,6044,6045,6045,6047,6045,90
2016-01-06 15:52:00,2016-01-06 15:54:00,6046,6047,6047,6044,6047,6048,6048,6045,88
2016-01-06 15:54:00,2016-01-06 15:55:00,6047,6051,6052,6045,6048,6052,6053,6046,102
2016-01-06 15:55:00,2016-01-06 15:56:00,6051,6053,6053,6048,6052,6054,6054,6049,50
2016-01-06 15:56:00,2016-01-06 15:57:00,6053,6054,6056,6052,6054,6056,6057,6053,89
2016-01-06 15:57:00,2016-01-06 15:58:00,6054,6053,6055,6053,6056,6055,6056,6054,76
2016-01-06 15:58:00,2016-01-06 15:59:00,6053,6053,6055,6052,6055,6054,6056,6053,81
2016-01-06 15:59:00,2016-01-06 16:00:00,6053,6056,6056,6052,6054,6057,6057,6053,56
2016-01-06 16:00:00,2016-01-06 16:01:00,6056,6057,6057,6054,6057,6058,6058,6055,60
2016-01-06 16:01:00,2016-01-06 16:02:00,6057,6059,6060,6056,6058,6060,6061,6057,78
2016-01-06 16:02:00,2016-01-06 16:03:00,6059,6058,6061,6057,6060,6060,6062,6058,81
2016-01-06 16:03:00,2016-01-06 16:04:00,6058,6066,6067,6058,6060,6068,6068,6059,104
2016-01-06 16:04:00,2016-01-06 16:05:00,6066,6063,6067,6062,6068,6065,6068,6063,116
2016-01-06 16:05:00,2016-01-06 16:06:00,6063,6062,6064,6061,6065,6063,6065,6062,83
2016-01-06 16:06:00,2016-01-06 16:07:00,6062,6063,6064,6062,6063,6064,6065,6063,56
2016-01-06 16:07:00,2016-01-06 16:08:00,6063,6060,6063,6058,6064,6061,6064,6059,60
2016-01-06 16:08:00,2016-01-06 16:09:00,6060,6059,6060,6058,6061,6060,6061,6059,50
2016-01-06 16:09:00,2016-01-06 16:10:00,6059,6056,6059,6055,6060,6057,6060,6056,82
2016-01-06 16:10:00,2016-01-06 16:11:00,6056,6054,6056,6054,6057,6055,6057,6055,68
2016-01-06 16:11:00,2016-01-06 16:12:00,6054,6053,6055,6051,6055,6054,6056,6052,80
2016-01-06 16:12:00,2016-01-06 16:13:00,6053,6054,6056,6052,6054,6055,6057,6053,116
2016-01-06 16:13:00,2016-01-06 16:14:00,6054,6058,6058,6054,6055,6059,6059,6055,90
2016-01-06 16:14:00,2016-01-06 16:15:00,6058,6054,6058,6054,6059,6055,6059,6055,92
2016-01-06 16:15:00,2016-01-06 16:16:00,6054,6057,6057,6052,6055,6058,6058,6053,96
2016-01-06 16:16:00,2016-01-06 16:17:00,6057,6060,6060,6056,6058,6061,6061,6057,52
2016-01-06 16:17:00,2016-01-06 16:18:00,6060,6061,6062,6058,6061,6062,6063,6059,82
2016-01-06 16:18:00,2016-01-06 16:19:00,6061,6060,6062,6059,6062,6062,6063,6060,137
2016-01-06 16:19:00,2016-01-06 16:20:00,6060,6066,6066,6060,6062,6067,6067,6061,112
2016-01-06 16:20:00,2016-01-06 16:21:00,6066,6070,6071,6066,6067,6072,6072,6067,141
2016-01-06 16:21:00,2016-01-06 16:22:00,6070,6073,6074,6070,6072,6074,6075,6071,90
2016-01-06 16:22:00,2016-01-06 16:23:00,6073,6068,6073,6067,6074,6069,6075,6068,102
2016-01-06 16:23:00,2016-01-06 16:24:00,6068,6069,6070,6068,6069,6071,6071,6069,69
2016-01-06 16:24:00,2016-01-06 16:25:00,6069,6065,6072,6062,6071,6066,6073,6064,126
2016-01-06 16:25:00,2016-01-06 16:26:00,6065,6065,6068,6064,6066,6066,6069,6065,104
2016-01-06 16:26:00,2016-01-06 16:27:00,6065,6061,6065,6059,6066,6062,6066,6060,178
2016-01-06 16:27:00,2016-01-06 16:28:00,6061,6065,6065,6060,6062,6066,6066,6062,128
2016-01-06 16:28:00,2016-01-06 16:29:00,6065,6064,6066,6062,6066,6065,6067,6063,312
2016-01-06 16:29:00,2016-01-06 16:30:00,6064,6063,6070,6063,6065,6064,6071,6064,177
2016-01-06 16:30:00,2016-01-06 16:31:00,6063,6068,6070,6063,6064,6069,6071,6064,110
2016-01-06 16:31:00,2016-01-06 16:32:00,6068,6066,6068,6063,6069,6067,6069,6064,119
2016-01-06 16:32:00,2016-01-06 16:33:00,6066,6068,6069,6065,6067,6069,6070,6066,96
2016-01-06 16:33:00,2016-01-06 16:34:00,6068,6072,6074,6067,6069,6073,6075,6068,202
2016-01-06 16:34:00,2016-01-06 16:35:00,6072,6073,6074,6070,6073,6074,6075,6071,164
2016-01-06 16:35:00,2016-01-06 16:36:00,6073,6072,6077,6072,6074,6073,6078,6073,94
2016-01-06 16:36:00,2016-01-06 16:37:00,6072,6071,6072,6070,6073,6072,6073,6071,42
2016-01-06 16:37:00,2016-01-06 16:38:00,6071,6072,6074,6071,6072,6074,6075,6072,62
2016-01-06 16:38:00,2016-01-06 16:39:00,6072,6076,6079,6073,6074,6078,6080,6074,86
2016-01-06 16:39:00,2016-01-06 16:40:00,6076,6076,6081,6076,6078,6078,6082,6077,118
2016-01-06 16:40:00,2016-01-06 16:41:00,6076,6074,6077,6074,6078,6075,6078,6075,51
2016-01-06 16:41:00,2016-01-06 16:42:00,6074,6073,6074,6072,6075,6074,6076,6073,52
2016-01-06 16:42:00,2016-01-06 16:43:00,6073,6070,6073,6070,6074,6071,6074,6071,22
2016-01-06 16:43:00,2016-01-06 16:44:00,6070,6070,6071,6068,6071,6071,6072,6070,44
2016-01-06 16:44:00,2016-01-06 16:45:00,6070,6068,6070,6068,6071,6070,6072,6070,25
2016-01-06 16:45:00,2016-01-06 16:46:00,6068,6065,6069,6062,6070,6066,6070,6063,129
2016-01-06 16:46:00,2016-01-06 16:47:00,6065,6064,6067,6063,6066,6066,6068,6065,85
2016-01-06 16:47:00,2016-01-06 16:48:00,6064,6067,6068,6064,6066,6068,6069,6065,43
2016-01-06 16:48:00,2016-01-06 16:49:00,6067,6068,6070,6067,6068,6069,6071,6068,50
2016-01-06 16:49:00,2016-01-06 16:50:00,6068,6067,6069,6067,6069,6069,6071,6068,53
2016-01-06 16:50:00,2016-01-06 16:51:00,6067,6067,6068,6066,6069,6068,6070,6067,59
2016-01-06 16:51:00,2016-01-06 16:52:00,6067,6068,6069,6067,6068,6069,6070,6068,46
2016-01-06 16:52:00,2016-01-06 16:53:00,6068,6065,6069,6065,6069,6067,6071,6067,83
2016-01-06 16:53:00,2016-01-06 16:54:00,6065,6067,6067,6065,6067,6068,6068,6066,51
2016-01-06 16:54:00,2016-01-06 16:55:00,6067,6062,6067,6061,6068,6064,6068,6063,67
2016-01-06 16:55:00,2016-01-06 16:56:00,6062,6059,6064,6059,6064,6060,6065,6060,59
2016-01-06 16:56:00,2016-01-06 16:57:00,6059,6063,6063,6058,6060,6064,6065,6059,70
2016-01-06 16:57:00,2016-01-06 16:58:00,6063,6060,6063,6060,6064,6062,6064,6061,73
2016-01-06 16:58:00,2016-01-06 16:59:00,6060,6059,6062,6058,6062,6060,6063,6060,49
2016-01-06 16:59:00,2016-01-06 17:00:00,6059,6058,6060,6057,6060,6060,6061,6058,51
2016-01-06 17:00:00,2016-01-06 17:01:00,6058,6057,6059,6056,6060,6058,6060,6057,53
2016-01-06 17:01:00,2016-01-06 17:02:00,6057,6057,6058,6055,6058,6058,6059,6057,82
2016-01-06 17:02:00,2016-01-06 17:03:00,6057,6058,6059,6055,6058,6059,6060,6057,42
2016-01-06 17:03:00,2016-01-06 17:04:00,6058,6058,6059,6057,6059,6059,6060,6058,30
2016-01-06 17:04:00,2016-01-06 17:05:00,6058,6059,6060,6058,6059,6060,6061,6059,24
2016-01-06 17:05:00,2016-01-06 17:06:00,6059,6056,6059,6056,6060,6058,6060,6057,35
2016-01-06 17:06:00,2016-01-06 17:07:00,6056,6056,6058,6056,6058,6057,6059,6057,15
2016-01-06 17:07:00,2016-01-06 17:08:00,6056,6060,6060,6056,6057,6061,6061,6057,40
2016-01-06 17:08:00,2016-01-06 17:09:00,6060,6061,6061,6059,6061,6062,6062,6060,36
2016-01-06 17:09:00,2016-01-06 17:10:00,6061,6058,6061,6058,6062,6060,6062,6059,49
2016-01-06 17:10:00,2016-01-06 17:11:00,6058,6059,6059,6058,6060,6060,6060,6059,7
2016-01-06 17:11:00,2016-01-06 17:12:00,6059,6061,6061,6059,6060,6062,6062,6060,40
2016-01-06 17:12:00,2016-01-06 17:13:00,6061,6060,6061,6059,6062,6062,6063,6060,31
2016-01-06 17:13:00,2016-01-06 17:14:00,6060,6062,6063,6060,6062,6064,6064,6061,46
2016-01-06 17:14:00,2016-01-06 17:15:00,6062,6062,6065,6062,6064,6063,6066,6063,25
2016-01-06 17:15:00,2016-01-06 17:16:00,6062,6063,6064,6062,6063,6065,6065,6063,37
2016-01-06 17:16:00,2016-01-06 17:17:00,6063,6063,6063,6061,6065,6064,6064,6062,45
2016-01-06 17:17:00,2016-01-06 17:18:00,6063,6062,6063,6062,6064,6063,6065,6063,36
2016-01-06 17:18:00,2016-01-06 17:19:00,6062,6058,6063,6058,6063,6059,6064,6059,42
2016-01-06 17:19:00,2016-01-06 17:20:00,6058,6058,6059,6058,6059,6059,6060,6059,12
2016-01-06 17:20:00,2016-01-06 17:21:00,6058,6057,6058,6056,6059,6059,6059,6058,31
2016-01-06 17:21:00,2016-01-06 17:22:00,6057,6061,6061,6057,6059,6062,6062,6058,29
2016-01-06 17:22:00,2016-01-06 17:23:00,6061,6061,6061,6060,6062,6062,6062,6062,14
2016-01-06 17:23:00,2016-01-06 17:24:00,6061,6061,6062,6059,6062,6062,6063,6060,38
2016-01-06 17:24:00,2016-01-06 17:25:00,6061,6059,6062,6059,6062,6060,6063,6060,23
2016-01-06 17:25:00,2016-01-06 17:26:00,6059,6056,6059,6056,6060,6058,6061,6057,33
2016-01-06 17:26:00,2016-01-06 17:27:00,6056,6054,6056,6053,6058,6055,6058,6055,37
2016-01-06 17:27:00,2016-01-06 17:28:00,6054,6057,6058,6054,6055,6058,6060,6055,34
2016-01-06 17:28:00,2016-01-06 17:29:00,6057,6057,6059,6056,6058,6059,6060,6058,27
2016-01-06 17:29:00,2016-01-06 17:30:00,6057,6056,6057,6055,6059,6057,6058,6057,51
2016-01-06 17:30:00,2016-01-06 17:31:00,6056,6055,6056,6054,6057,6056,6058,6056,22
2016-01-06 17:31:00,2016-01-06 17:32:00,6055,6056,6056,6055,6056,6057,6057,6056,10
2016-01-06 17:32:00,2016-01-06 17:33:00,6056,6059,6059,6055,6057,6060,6060,6057,32
2016-01-06 17:33:00,2016-01-06 17:34:00,6059,6058,6059,6057,6060,6060,6061,6059,35
2016-01-06 17:34:00,2016-01-06 17:35:00,6058,6060,6061,6057,6060,6062,6062,6058,24
2016-01-06 17:35:00,2016-01-06 17:36:00,6060,6069,6071,6060,6062,6070,6072,6061,117
2016-01-06 17:36:00,2016-01-06 17:37:00,6069,6066,6069,6066,6070,6067,6070,6067,38
2016-01-06 17:37:00,2016-01-06 17:38:00,6066,6065,6067,6065,6067,6067,6068,6066,31
2016-01-06 17:38:00,2016-01-06 17:39:00,6065,6066,6067,6064,6067,6067,6069,6066,27
2016-01-06 17:39:00,2016-01-06 17:40:00,6066,6066,6067,6066,6067,6067,6069,6067,8
2016-01-06 17:40:00,2016-01-06 17:41:00,6066,6066,6066,6065,6067,6067,6068,6066,16
2016-01-06 17:41:00,2016-01-06 17:42:00,6066,6065,6067,6064,6067,6066,6068,6065,52
2016-01-06 17:42:00,2016-01-06 17:43:00,6065,6064,6065,6062,6066,6065,6067,6064,46
2016-01-06 17:43:00,2016-01-06 17:44:00,6064,6063,6065,6063,6065,6065,6067,6064,25
2016-01-06 17:44:00,2016-01-06 17:45:00,6063,6063,6066,6063,6065,6065,6067,6064,28
2016-01-06 17:45:00,2016-01-06 17:46:00,6063,6064,6064,6062,6065,6065,6065,6064,13
2016-01-06 17:46:00,2016-01-06 17:47:00,6064,6064,6065,6063,6065,6065,6066,6064,16
2016-01-06 17:47:00,2016-01-06 17:48:00,6064,6065,6067,6064,6065,6066,6068,6065,40
2016-01-06 17:48:00,2016-01-06 17:49:00,6065,6064,6065,6063,6066,6065,6066,6065,16
2016-01-06 17:49:00,2016-01-06 17:50:00,6064,6064,6066,6064,6065,6065,6068,6065,24
2016-01-06 17:50:00,2016-01-06 17:51:00,6064,6065,6065,6064,6065,6066,6066,6065,22
2016-01-06 17:51:00,2016-01-06 17:52:00,6065,6065,6066,6064,6066,6066,6067,6065,22
2016-01-06 17:52:00,2016-01-06 17:53:00,6065,6064,6066,6063,6066,6065,6067,6065,14
2016-01-06 17:53:00,2016-01-06 17:54:00,6064,6063,6064,6062,6065,6065,6066,6063,27
2016-01-06 17:54:00,2016-01-06 17:55:00,6063,6064,6064,6063,6065,6065,6065,6064,7
2016-01-06 17:55:00,2016-01-06 17:56:00,6064,6063,6064,6063,6065,6065,6066,6064,15
2016-01-06 17:56:00,2016-01-06 17:57:00,6063,6062,6063,6061,6065,6064,6064,6063,16
2016-01-06 17:57:00,2016-01-06 17:58:00,6062,6061,6062,6061,6064,6063,6063,6062,4
2016-01-06 17:58:00,2016-01-06 17:59:00,6061,6060,6062,6060,6063,6061,6063,6061,19
2016-01-06 17:59:00,2016-01-06 18:00:00,6060,6059,6061,6059,6061,6061,6062,6060,35
2016-01-06 18:00:00,2016-01-06 18:01:00,6059,6058,6060,6058,6061,6060,6061,6059,26
2016-01-06 18:01:00,2016-01-06 18:02:00,6058,6057,6060,6057,6060,6059,6061,6058,26
2016-01-06 18:02:00,2016-01-06 18:03:00,6057,6057,6058,6057,6059,6058,6060,6058,17
2016-01-06 18:03:00,2016-01-06 18:04:00,6057,6060,6060,6057,6058,6061,6062,6058,26
2016-01-06 18:04:00,2016-01-06 18:05:00,6060,6059,6060,6059,6061,6060,6061,6060,12
2016-01-06 18:05:00,2016-01-06 18:06:00,6059,6057,6058,6056,6060,6058,6060,6057,64
2016-01-06 18:06:00,2016-01-06 18:07:00,6057,6055,6057,6055,6058,6057,6058,6056,31
2016-01-06 18:07:00,2016-01-06 18:08:00,6055,6055,6056,6054,6057,6056,6057,6055,19
2016-01-06 18:08:00,2016-01-06 18:09:00,6055,6054,6055,6054,6056,6056,6056,6055,17
2016-01-06 18:09:00,2016-01-06 18:10:00,6054,6053,6056,6053,6056,6054,6057,6054,25
2016-01-06 18:10:00,2016-01-06 18:11:00,6053,6051,6054,6050,6054,6052,6055,6051,28
2016-01-06 18:11:00,2016-01-06 18:12:00,6051,6049,6051,6049,6052,6051,6053,6050,37
2016-01-06 18:12:00,2016-01-06 18:13:00,6049,6050,6051,6049,6051,6051,6052,6050,39
2016-01-06 18:13:00,2016-01-06 18:14:00,6050,6049,6050,6049,6051,6050,6052,6050,22
2016-01-06 18:14:00,2016-01-06 18:15:00,6049,6049,6049,6046,6050,6050,6050,6047,28
2016-01-06 18:15:00,2016-01-06 18:16:00,6049,6049,6049,6048,6050,6050,6051,6050,8
2016-01-06 18:16:00,2016-01-06 18:17:00,6049,6048,6050,6048,6050,6049,6052,6049,10
2016-01-06 18:17:00,2016-01-06 18:18:00,6048,6047,6048,6046,6049,6048,6049,6047,14
2016-01-06 18:18:00,2016-01-06 18:19:00,6047,6048,6048,6047,6048,6049,6050,6048,18
2016-01-06 18:19:00,2016-01-06 18:20:00,6048,6046,6047,6046,6049,6048,6049,6048,11
2016-01-06 18:20:00,2016-01-06 18:21:00,6046,6047,6048,6046,6048,6048,6049,6047,23
2016-01-06 18:21:00,2016-01-06 18:22:00,6047,6046,6048,6045,6048,6048,6049,6047,25
2016-01-06 18:22:00,2016-01-06 18:23:00,6046,6046,6047,6046,6048,6047,6049,6047,9
2016-01-06 18:23:00,2016-01-06 18:24:00,6046,6048,6049,6046,6047,6050,6050,6047,11
2016-01-06 18:24:00,2016-01-06 18:25:00,6048,6048,6049,6048,6050,6049,6050,6049,27
2016-01-06 18:25:00,2016-01-06 18:26:00,6048,6048,6049,6047,6049,6050,6050,6049,15
2016-01-06 18:26:00,2016-01-06 18:27:00,6048,6048,6048,6047,6050,6049,6050,6048,11
2016-01-06 18:27:00,2016-01-06 18:28:00,6048,6050,6050,6048,6049,6051,6052,6050,14
2016-01-06 18:28:00,2016-01-06 18:29:00,6050,6048,6050,6048,6051,6049,6052,6049,48
2016-01-06 18:29:00,2016-01-06 18:30:00,6048,6048,6049,6048,6049,6049,6050,6049,20
2016-01-06 18:30:00,2016-01-06 18:31:00,6048,6047,6049,6046,6049,6049,6050,6048,19
2016-01-06 18:31:00,2016-01-06 18:32:00,6047,6047,6049,6047,6049,6048,6050,6048,11
2016-01-06 18:32:00,2016-01-06 18:33:00,6047,6047,6048,6046,6048,6049,6049,6048,19
2016-01-06 18:33:00,2016-01-06 18:34:00,6047,6049,6049,6047,6049,6050,6050,6048,15
2016-01-06 18:34:00,2016-01-06 18:35:00,6049,6052,6052,6049,6050,6053,6053,6050,32
2016-01-06 18:35:00,2016-01-06 18:36:00,6052,6052,6052,6050,6053,6053,6053,6051,46
2016-01-06 18:36:00,2016-01-06 18:37:00,6052,6051,6052,6051,6053,6052,6053,6052,24
2016-01-06 18:37:00,2016-01-06 18:38:00,6051,6051,6052,6050,6052,6052,6053,6051,28
2016-01-06 18:38:00,2016-01-06 18:39:00,6051,6051,6051,6050,6052,6052,6053,6051,16
2016-01-06 18:39:00,2016-01-06 18:40:00,6051,6051,6051,6051,6052,6053,6053,6052,9
2016-01-06 18:40:00,2016-01-06 18:41:00,6051,6048,6051,6048,6053,6050,6052,6050,26
2016-01-06 18:41:00,2016-01-06 18:42:00,6048,6048,6048,6046,6050,6049,6049,6047,40
2016-01-06 18:42:00,2016-01-06 18:43:00,6048,6047,6048,6047,6049,6048,6050,6048,20
2016-01-06 18:43:00,2016-01-06 18:44:00,6047,6047,6048,6046,6048,6048,6049,6047,18
2016-01-06 18:44:00,2016-01-06 18:45:00,6047,6047,6047,6046,6048,6048,6048,6047,14
2016-01-06 18:45:00,2016-01-06 18:46:00,6047,6046,6047,6046,6048,6048,6049,6047,9
2016-01-06 18:46:00,2016-01-06 18:47:00,6046,6045,6047,6044,6048,6046,6048,6046,21
2016-01-06 18:47:00,2016-01-06 18:48:00,6045,6045,6047,6045,6046,6047,6048,6047,15
2016-01-06 18:48:00,2016-01-06 18:49:00,6045,6042,6046,6041,6047,6043,6047,6042,64
2016-01-06 18:49:00,2016-01-06 18:50:00,6042,6044,6044,6041,6043,6045,6045,6042,26
2016-01-06 18:50:00,2016-01-06 18:51:00,6044,6046,6046,6043,6045,6047,6047,6044,14
2016-01-06 18:51:00,2016-01-06 18:52:00,6046,6047,6047,6045,6047,6048,6049,6046,22
2016-01-06 18:52:00,2016-01-06 18:53:00,6047,6044,6046,6043,6048,6045,6048,6044,34
2016-01-06 18:53:00,2016-01-06 18:54:00,6044,6045,6045,6043,6045,6046,6046,6044,48
2016-01-06 18:54:00,2016-01-06 18:55:00,6045,6046,6047,6044,6046,6047,6048,6045,22
2016-01-06 18:55:00,2016-01-06 18:56:00,6046,6045,6047,6045,6047,6047,6049,6046,55
2016-01-06 18:56:00,2016-01-06 18:57:00,6045,6045,6046,6045,6047,6046,6047,6046,5
2016-01-06 18:57:00,2016-01-06 18:58:00,6045,6045,6045,6044,6046,6046,6046,6045,6
2016-01-06 18:58:00,2016-01-06 18:59:00,6045,6042,6045,6042,6046,6044,6046,6044,15
2016-01-06 18:59:00,2016-01-06 19:00:00,6042,6041,6044,6039,6044,6044,6045,6041,40
2016-01-06 19:00:00,2016-01-06 19:01:00,6041,6046,6050,6041,6044,6048,6052,6044,109
2016-01-06 19:01:00,2016-01-06 19:02:00,6046,6043,6046,6041,6048,6045,6048,6043,110
2016-01-06 19:02:00,2016-01-06 19:03:00,6043,6046,6047,6042,6045,6047,6049,6044,85
2016-01-06 19:03:00,2016-01-06 19:04:00,6046,6048,6048,6044,6047,6049,6049,6046,78
2016-01-06 19:04:00,2016-01-06 19:05:00,6048,6044,6048,6044,6049,6045,6050,6045,68
2016-01-06 19:05:00,2016-01-06 19:06:00,6044,6043,6045,6042,6045,6044,6046,6043,74
2016-01-06 19:06:00,2016-01-06 19:07:00,6043,6045,6046,6042,6044,6047,6047,6043,69
2016-01-06 19:07:00,2016-01-06 19:08:00,6045,6044,6046,6040,6047,6046,6048,6041,62
2016-01-06 19:08:00,2016-01-06 19:09:00,6044,6053,6053,6042,6046,6054,6054,6044,87
2016-01-06 19:09:00,2016-01-06 19:10:00,6053,6044,6053,6044,6054,6046,6054,6045,87
2016-01-06 19:10:00,2016-01-06 19:11:00,6044,6051,6051,6044,6046,6053,6053,6045,72
2016-01-06 19:11:00,2016-01-06 19:12:00,6051,6047,6052,6046,6053,6049,6054,6048,58
2016-01-06 19:12:00,2016-01-06 19:13:00,6047,6051,6052,6046,6049,6053,6053,6047,60
2016-01-06 19:13:00,2016-01-06 19:14:00,6051,6052,6053,6049,6053,6053,6054,6051,67
2016-01-06 19:14:00,2016-01-06 19:15:00,6052,6054,6055,6052,6053,6056,6056,6053,59
2016-01-06 19:15:00,2016-01-06 19:16:00,6054,6055,6056,6053,6056,6057,6058,6054,44
2016-01-06 19:16:00,2016-01-06 19:17:00,6055,6054,6056,6052,6057,6056,6058,6054,36
2016-01-06 19:17:00,2016-01-06 19:18:00,6054,6053,6055,6052,6056,6054,6057,6054,51
2016-01-06 19:18:00,2016-01-06 19:19:00,6053,6056,6057,6053,6054,6058,6058,6055,53
2016-01-06 19:19:00,2016-01-06 19:20:00,6056,6054,6057,6054,6058,6056,6059,6056,40
2016-01-06 19:20:00,2016-01-06 19:21:00,6054,6050,6055,6049,6056,6051,6057,6050,49
2016-01-06 19:21:00,2016-01-06 19:22:00,6050,6049,6051,6049,6051,6051,6052,6050,35
2016-01-06 19:22:00,2016-01-06 19:23:00,6049,6050,6052,6048,6051,6051,6053,6050,41
2016-01-06 19:23:00,2016-01-06 19:24:00,6050,6052,6053,6049,6051,6054,6055,6050,49
2016-01-06 19:24:00,2016-01-06 19:25:00,6052,6051,6054,6051,6054,6053,6056,6052,53
2016-01-06 19:25:00,2016-01-06 19:26:00,6051,6050,6052,6049,6053,6052,6054,6050,30
2016-01-06 19:26:00,2016-01-06 19:27:00,6050,6053,6056,6051,6052,6054,6057,6052,69
2016-01-06 19:27:00,2016-01-06 19:28:00,6053,6050,6053,6049,6054,6051,6055,6050,32
2016-01-06 19:28:00,2016-01-06 19:29:00,6050,6051,6052,6049,6051,6053,6053,6051,29
2016-01-06 19:29:00,2016-01-06 19:30:00,6051,6053,6053,6050,6053,6054,6054,6051,27
2016-01-06 19:30:00,2016-01-06 19:31:00,6053,6052,6053,6050,6054,6053,6055,6051,40
2016-01-06 19:31:00,2016-01-06 19:32:00,6052,6049,6052,6047,6053,6050,6054,6048,48
2016-01-06 19:32:00,2016-01-06 19:33:00,6049,6051,6052,6048,6050,6052,6054,6049,40
2016-01-06 19:33:00,2016-01-06 19:34:00,6051,6050,6052,6050,6052,6052,6054,6051,35
2016-01-06 19:34:00,2016-01-06 19:35:00,6050,6052,6054,6051,6052,6053,6055,6052,41
2016-01-06 19:35:00,2016-01-06 19:36:00,6052,6051,6052,6050,6053,6052,6054,6052,26
2016-01-06 19:36:00,2016-01-06 19:37:00,6051,6049,6052,6046,6052,6050,6053,6047,50
2016-01-06 19:37:00,2016-01-06 19:38:00,6049,6048,6050,6047,6050,6050,6051,6048,47
2016-01-06 19:38:00,2016-01-06 19:39:00,6048,6047,6049,6047,6050,6049,6050,6048,38
2016-01-06 19:39:00,2016-01-06 19:40:00,6047,6041,6048,6041,6049,6043,6050,6043,64
2016-01-06 19:40:00,2016-01-06 19:41:00,6041,6036,6042,6035,6043,6038,6043,6036,130
2016-01-06 19:41:00,2016-01-06 19:42:00,6036,6033,6038,6033,6038,6035,6040,6035,68
2016-01-06 19:42:00,2016-01-06 19:43:00,6033,6031,6033,6030,6035,6032,6035,6031,49
2016-01-06 19:43:00,2016-01-06 19:44:00,6031,6033,6033,6030,6032,6034,6034,6031,38
2016-01-06 19:44:00,2016-01-06 19:45:00,6033,6028,6033,6028,6034,6029,6034,6029,52
2016-01-06 19:45:00,2016-01-06 19:46:00,6028,6028,6031,6027,6029,6029,6032,6029,30
2016-01-06 19:46:00,2016-01-06 19:47:00,6028,6025,6028,6023,6029,6027,6029,6024,79
2016-01-06 19:47:00,2016-01-06 19:48:00,6025,6024,6026,6021,6027,6026,6028,6023,76
2016-01-06 19:48:00,2016-01-06 19:49:00,6024,6021,6025,6019,6026,6022,6026,6021,52
2016-01-06 19:49:00,2016-01-06 19:50:00,6021,6019,6021,6018,6022,6020,6022,6019,54
2016-01-06 19:50:00,2016-01-06 19:51:00,6019,6022,6022,6018,6020,6024,6024,6020,47
2016-01-06 19:51:00,2016-01-06 19:52:00,6022,6021,6023,6020,6024,6022,6025,6021,53
2016-01-06 19:52:00,2016-01-06 19:53:00,6021,6022,6024,6020,6022,6023,6025,6021,58
2016-01-06 19:53:00,2016-01-06 19:54:00,6022,6023,6024,6022,6023,6024,6026,6024,24
2016-01-06 19:54:00,2016-01-06 19:55:00,6023,6023,6024,6021,6024,6024,6025,6023,28
2016-01-06 19:55:00,2016-01-06 19:56:00,6023,6020,6022,6019,6024,6022,6024,6020,55
2016-01-06 19:56:00,2016-01-06 19:57:00,6020,6019,6021,6019,6022,6020,6022,6020,41
2016-01-06 19:57:00,2016-01-06 19:58:00,6019,6017,6020,6016,6020,6018,6021,6017,14
2016-01-06 19:58:00,2016-01-06 19:59:00,6017,6017,6019,6015,6018,6018,6020,6016,46
2016-01-06 19:59:00,2016-01-06 20:00:00,6017,6018,6020,6016,6018,6020,6021,6018,33
2016-01-06 20:00:00,2016-01-06 20:01:00,6018,6018,6019,6016,6020,6019,6021,6017,43
2016-01-06 20:01:00,2016-01-06 20:02:00,6018,6012,6017,6011,6019,6013,6019,6013,89
2016-01-06 20:02:00,2016-01-06 20:03:00,6012,6015,6015,6012,6013,6017,6017,6013,59
2016-01-06 20:03:00,2016-01-06 20:04:00,6015,6018,6018,6014,6017,6019,6019,6016,37
2016-01-06 20:04:00,2016-01-06 20:05:00,6018,6018,6018,6017,6019,6019,6020,6018,18
2016-01-06 20:05:00,2016-01-06 20:06:00,6018,6017,6018,6017,6019,6018,6020,6018,40
2016-01-06 20:06:00,2016-01-06 20:07:00,6017,6019,6019,6016,6018,6020,6020,6017,30
2016-01-06 20:07:00,2016-01-06 20:08:00,6019,6019,6020,6019,6020,6021,6021,6020,23
2016-01-06 20:08:00,2016-01-06 20:09:00,6019,6021,6022,6019,6021,6022,6023,6021,39
2016-01-06 20:09:00,2016-01-06 20:10:00,6021,6022,6022,6019,6022,6023,6023,6020,30
2016-01-06 20:10:00,2016-01-06 20:11:00,6022,6025,6025,6021,6023,6026,6027,6022,34
2016-01-06 20:11:00,2016-01-06 20:12:00,6025,6023,6026,6022,6026,6025,6027,6024,29
2016-01-06 20:12:00,2016-01-06 20:13:00,6023,6023,6025,6022,6025,6024,6026,6024,21
2016-01-06 20:13:00,2016-01-06 20:14:00,6023,6025,6026,6022,6024,6026,6027,6024,22
2016-01-06 20:14:00,2016-01-06 20:15:00,6025,6023,6024,6022,6026,6024,6026,6023,26
2016-01-06 20:15:00,2016-01-06 20:16:00,6023,6021,6022,6020,6024,6022,6024,6022,10
2016-01-06 20:16:00,2016-01-06 20:17:00,6021,6024,6025,6021,6022,6026,6027,6023,29
2016-01-06 20:17:00,2016-01-06 20:18:00,6024,6027,6027,6024,6026,6028,6028,6025,33
2016-01-06 20:18:00,2016-01-06 20:19:00,6027,6028,6028,6027,6028,6029,6029,6028,16
2016-01-06 20:19:00,2016-01-06 20:20:00,6028,6029,6030,6028,6029,6030,6031,6030,10
2016-01-06 20:20:00,2016-01-06 20:21:00,6029,6027,6029,6026,6030,6029,6030,6027,25
2016-01-06 20:21:00,2016-01-06 20:22:00,6027,6028,6029,6026,6029,6029,6030,6027,25
2016-01-06 20:22:00,2016-01-06 20:23:00,6028,6030,6030,6026,6029,6031,6031,6028,14
2016-01-06 20:23:00,2016-01-06 20:24:00,6030,6030,6031,6029,6031,6032,6032,6030,33
2016-01-06 20:24:00,2016-01-06 20:25:00,6030,6031,6031,6029,6032,6033,6033,6030,20
2016-01-06 20:25:00,2016-01-06 20:26:00,6031,6032,6033,6031,6033,6033,6035,6032,25
2016-01-06 20:26:00,2016-01-06 20:27:00,6032,6030,6033,6030,6033,6032,6034,6032,21
2016-01-06 20:27:00,2016-01-06 20:28:00,6030,6034,6034,6029,6032,6035,6035,6030,31
2016-01-06 20:28:00,2016-01-06 20:29:00,6034,6033,6036,6032,6035,6034,6037,6034,40
2016-01-06 20:29:00,2016-01-06 20:30:00,6033,6036,6038,6033,6034,6037,6039,6035,62
2016-01-06 20:30:00,2016-01-06 20:31:00,6036,6034,6037,6031,6037,6035,6038,6033,56
2016-01-06 20:31:00,2016-01-06 20:32:00,6034,6036,6036,6033,6035,6037,6038,6034,32
2016-01-06 20:32:00,2016-01-06 20:33:00,6036,6032,6035,6032,6037,6033,6037,6033,40
2016-01-06 20:33:00,2016-01-06 20:34:00,6032,6038,6038,6032,6033,6039,6040,6033,48
2016-01-06 20:34:00,2016-01-06 20:35:00,6038,6037,6037,6034,6039,6038,6039,6036,60
2016-01-06 20:35:00,2016-01-06 20:36:00,6037,6039,6040,6037,6038,6041,6042,6038,57
2016-01-06 20:36:00,2016-01-06 20:37:00,6039,6039,6041,6039,6041,6040,6043,6040,37
2016-01-06 20:37:00,2016-01-06 20:38:00,6039,6044,6044,6039,6040,6045,6045,6041,36
2016-01-06 20:38:00,2016-01-06 20:39:00,6044,6044,6045,6042,6045,6045,6046,6043,64
2016-01-06 20:39:00,2016-01-06 20:40:00,6044,6042,6044,6041,6045,6044,6046,6043,43
2016-01-06 20:40:00,2016-01-06 20:41:00,6042,6044,6045,6040,6044,6045,6046,6042,57
2016-01-06 20:41:00,2016-01-06 20:42:00,6044,6046,6047,6043,6045,6048,6049,6045,73
2016-01-06 20:42:00,2016-01-06 20:43:00,6046,6051,6051,6046,6048,6052,6052,6047,65
2016-01-06 20:43:00,2016-01-06 20:44:00,6051,6052,6052,6049,6052,6053,6053,6050,54
2016-01-06 20:44:00,2016-01-06 20:45:00,6052,6053,6053,6050,6053,6054,6055,6052,64
2016-01-06 20:45:00,2016-01-06 20:46:00,6053,6052,6053,6051,6054,6053,6054,6052,50
2016-01-06 20:46:00,2016-01-06 20:47:00,6052,6046,6051,6046,6053,6047,6053,6047,36
2016-01-06 20:47:00,2016-01-06 20:48:00,6046,6044,6045,6043,6047,6046,6047,6044,53
2016-01-06 20:48:00,2016-01-06 20:49:00,6044,6047,6047,6043,6046,6049,6049,6044,41
2016-01-06 20:49:00,2016-01-06 20:50:00,6047,6042,6047,6041,6049,6044,6048,6043,48
2016-01-06 20:50:00,2016-01-06 20:51:00,6042,6043,6043,6041,6044,6045,6045,6043,20
2016-01-06 20:51:00,2016-01-06 20:52:00,6043,6040,6043,6039,6045,6041,6045,6040,21
2016-01-06 20:52:00,2016-01-06 20:53:00,6040,6041,6041,6039,6041,6043,6043,6040,19
2016-01-06 20:53:00,2016-01-06 20:54:00,6041,6046,6046,6041,6043,6047,6047,6043,17
2016-01-06 20:54:00,2016-01-06 20:55:00,6046,6043,6046,6042,6047,6045,6048,6044,27
2016-01-06 20:55:00,2016-01-06 20:56:00,6043,6046,6046,6043,6045,6047,6047,6044,55
2016-01-06 20:56:00,2016-01-06 20:57:00,6046,6048,6048,6045,6047,6049,6050,6047,23
2016-01-06 20:57:00,2016-01-06 20:58:00,6048,6048,6050,6046,6049,6050,6051,6047,73
2016-01-06 20:58:00,2016-01-06 20:59:00,6048,6048,6052,6048,6050,6051,6054,6050,52
2016-01-06 20:59:00,2016-01-06 22:00:00,6048,6048,6048,6048,6051,6051,6051,6051,1
2016-01-06 22:00:00,2016-01-07 07:00:00,6048,5947,6048,5947,6051,5948,6051,5948,183
2016-01-07 07:00:00,2016-01-07 07:01:00,5947,5952,5954,5947,5948,5954,5957,5949,59
2016-01-07 07:01:00,2016-01-07 07:02:00,5952,5952,5955,5952,5954,5955,5957,5953,32
2016-01-07 07:02:00,2016-01-07 07:03:00,5952,5957,5957,5952,5955,5959,5959,5953,45
2016-01-07 07:03:00,2016-01-07 07:04:00,5957,5949,5957,5949,5959,5951,5958,5951,38
2016-01-07 07:04:00,2016-01-07 07:05:00,5949,5957,5957,5950,5951,5959,5960,5951,44
2016-01-07 07:05:00,2016-01-07 07:06:00,5957,5957,5959,5954,5959,5960,5962,5956,64
2016-01-07 07:06:00,2016-01-07 07:07:00,5957,5956,5959,5956,5960,5958,5961,5957,26
2016-01-07 07:07:00,2016-01-07 07:08:00,5956,5952,5955,5951,5958,5955,5958,5953,45
2016-01-07 07:08:00,2016-01-07 07:09:00,5952,5948,5952,5945,5955,5950,5954,5947,89
2016-01-07 07:09:00,2016-01-07 07:10:00,5948,5947,5951,5947,5950,5950,5952,5950,23
2016-01-07 07:10:00,2016-01-07 07:11:00,5947,5948,5948,5946,5950,5951,5951,5947,34
2016-01-07 07:11:00,2016-01-07 07:12:00,5948,5946,5948,5945,5951,5947,5950,5947,104
2016-01-07 07:12:00,2016-01-07 07:13:00,5946,5939,5946,5938,5947,5942,5947,5939,104
2016-01-07 07:13:00,2016-01-07 07:14:00,5939,5939,5940,5938,5942,5941,5942,5940,27
2016-01-07 07:14:00,2016-01-07 07:15:00,5939,5941,5942,5940,5941,5942,5944,5941,17
2016-01-07 07:15:00,2016-01-07 07:16:00,5941,5943,5944,5940,5942,5945,5946,5941,25
2016-01-07 07:16:00,2016-01-07 07:17:00,5943,5941,5944,5940,5945,5944,5946,5942,33
2016-01-07 07:17:00,2016-01-07 07:18:00,5941,5943,5943,5941,5944,5945,5945,5943,21
2016-01-07 07:18:00,2016-01-07 07:19:00,5943,5944,5945,5943,5945,5946,5947,5944,26
2016-01-07 07:19:00,2016-01-07 07:20:00,5944,5945,5947,5941,5946,5946,5948,5943,41
2016-01-07 07:20:00,2016-01-07 07:21:00,5945,5948,5949,5944,5946,5949,5951,5945,36
2016-01-07 07:21:00,2016-01-07 07:22:00,5948,5946,5948,5944,5949,5947,5950,5947,24
2016-01-07 07:22:00,2016-01-07 07:23:00,5946,5947,5947,5944,5947,5949,5949,5946,23
2016-01-07 07:23:00,2016-01-07 07:24:00,5947,5945,5947,5943,5949,5948,5949,5944,33
2016-01-07 07:24:00,2016-01-07 07:25:00,5945,5947,5947,5945,5948,5949,5949,5947,9
2016-01-07 07:25:00,2016-01-07 07:26:00,5947,5956,5956,5947,5949,5957,5958,5949,43
2016-01-07 07:26:00,2016-01-07 07:27:00,5956,5956,5957,5951,5957,5958,5958,5954,73
2016-01-07 07:27:00,2016-01-07 07:28:00,5956,5957,5958,5956,5958,5958,5960,5957,19
2016-01-07 07:28:00,2016-01-07 07:29:00,5957,5956,5957,5954,5958,5957,5959,5956,26
2016-01-07 07:29:00,2016-01-07 07:30:00,5956,5950,5956,5950,5957,5952,5957,5952,31
2016-01-07 07:30:00,2016-01-07 07:31:00,5950,5950,5953,5950,5952,5952,5955,5952,20
2016-01-07 07:31:00,2016-01-07 07:32:00,5950,5950,5951,5950,5952,5952,5953,5951,22
2016-01-07 07:32:00,2016-01-07 07:33:00,5950,5951,5953,5947,5952,5952,5954,5949,43
2016-01-07 07:33:00,2016-01-07 07:34:00,5951,5947,5952,5947,5952,5949,5953,5948,19
2016-01-07 07:34:00,2016-01-07 07:35:00,5947,5946,5948,5942,5949,5948,5950,5945,46
2016-01-07 07:35:00,2016-01-07 07:36:00,5946,5947,5949,5945,5948,5948,5950,5946,29
2016-01-07 07:36:00,2016-01-07 07:37:00,5947,5946,5949,5945,5948,5947,5950,5947,44
2016-01-07 07:37:00,2016-01-07 07:38:00,5946,5943,5945,5942,5947,5944,5947,5943,49
2016-01-07 07:38:00,2016-01-07 07:39:00,5943,5938,5944,5938,5944,5940,5945,5940,61
2016-01-07 07:39:00,2016-01-07 07:40:00,5938,5939,5940,5938,5940,5941,5942,5939,30
2016-01-07 07:40:00,2016-01-07 07:41:00,5939,5935,5941,5934,5941,5936,5942,5936,51
2016-01-07 07:41:00,2016-01-07 07:42:00,5935,5935,5939,5934,5936,5937,5941,5936,36
2016-01-07 07:42:00,2016-01-07 07:43:00,5935,5928,5935,5926,5937,5930,5937,5928,67
2016-01-07 07:43:00,2016-01-07 07:44:00,5928,5924,5929,5923,5930,5926,5932,5924,71
2016-01-07 07:44:00,2016-01-07 07:45:00,5924,5922,5924,5920,5926,5925,5927,5923,68
2016-01-07 07:45:00,2016-01-07 07:46:00,5922,5927,5930,5922,5925,5930,5931,5923,67
2016-01-07 07:46:00,2016-01-07 07:47:00,5927,5926,5927,5923,5930,5927,5929,5925,41
2016-01-07 07:47:00,2016-01-07 07:48:00,5926,5930,5931,5926,5927,5932,5933,5928,83
2016-01-07 07:48:00,2016-01-07 07:49:00,5930,5930,5932,5929,5932,5932,5933,5930,35
2016-01-07 07:49:00,2016-01-07 07:50:00,5930,5932,5935,5929,5932,5934,5937,5931,76
2016-01-07 07:50:00,2016-01-07 07:51:00,5932,5929,5933,5927,5934,5931,5934,5930,52
2016-01-07 07:51:00,2016-01-07 07:52:00,5929,5927,5930,5927,5931,5928,5933,5928,43
2016-01-07 07:52:00,2016-01-07 07:53:00,5927,5928,5928,5926,5928,5930,5930,5927,45
2016-01-07 07:53:00,2016-01-07 07:54:00,5928,5931,5932,5928,5930,5933,5936,5930,49
2016-01-07 07:54:00,2016-01-07 07:55:00,5931,5927,5930,5926,5933,5928,5933,5928,42
2016-01-07 07:55:00,2016-01-07 07:56:00,5927,5926,5928,5925,5928,5928,5929,5927,21
2016-01-07 07:56:00,2016-01-07 07:57:00,5926,5929,5930,5926,5928,5930,5932,5928,28
2016-01-07 07:57:00,2016-01-07 07:58:00,5929,5933,5933,5928,5930,5934,5934,5930,34
2016-01-07 07:58:00,2016-01-07 07:59:00,5933,5947,5949,5933,5934,5949,5950,5934,135
2016-01-07 07:59:00,2016-01-07 08:00:00,5947,5941,5950,5935,5949,5942,5952,5937,644
2016-01-07 08:00:00,2016-01-07 08:01:00,5941,5959,5960,5939,5942,5960,5962,5940,382
2016-01-07 08:01:00,2016-01-07 08:02:00,5959,5969,5970,5958,5960,5970,5971,5960,341
2016-01-07 08:02:00,2016-01-07 08:03:00,5969,5963,5974,5963,5970,5965,5975,5964,348
2016-01-07 08:03:00,2016-01-07 08:04:00,5963,5957,5963,5953,5965,5958,5965,5954,279
2016-01-07 08:04:00,2016-01-07 08:05:00,5957,5955,5959,5950,5958,5956,5960,5952,332
2016-01-07 08:05:00,2016-01-07 08:06:00,5955,5960,5960,5951,5956,5961,5961,5953,196
2016-01-07 08:06:00,2016-01-07 08:07:00,5960,5955,5961,5954,5961,5956,5963,5956,198
2016-01-07 08:07:00,2016-01-07 08:08:00,5955,5953,5957,5952,5956,5954,5958,5953,226
2016-01-07 08:08:00,2016-01-07 08:09:00,5953,5950,5954,5946,5954,5952,5955,5948,228
2016-01-07 08:09:00,2016-01-07 08:10:00,5950,5954,5954,5950,5952,5955,5956,5951,205
2016-01-07 08:10:00,2016-01-07 08:11:00,5954,5957,5959,5952,5955,5958,5960,5953,205
2016-01-07 08:11:00,2016-01-07 08:12:00,5957,5956,5963,5956,5958,5958,5965,5957,254
2016-01-07 08:12:00,2016-01-07 08:13:00,5956,5963,5965,5953,5958,5964,5966,5955,211
2016-01-07 08:13:00,2016-01-07 08:14:00,5963,5962,5967,5961,5964,5964,5968,5962,165
2016-01-07 08:14:00,2016-01-07 08:15:00,5962,5953,5963,5953,5964,5954,5964,5954,215
2016-01-07 08:15:00,2016-01-07 08:16:00,5953,5952,5956,5951,5954,5953,5958,5952,158
2016-01-07 08:16:00,2016-01-07 08:17:00,5952,5944,5951,5942,5953,5945,5953,5943,274
2016-01-07 08:17:00,2016-01-07 08:18:00,5944,5949,5949,5942,5945,5951,5951,5943,181
2016-01-07 08:18:00,2016-01-07 08:19:00,5949,5948,5950,5944,5951,5949,5951,5945,121
2016-01-07 08:19:00,2016-01-07 08:20:00,5948,5948,5949,5943,5949,5949,5950,5944,164
2016-01-07 08:20:00,2016-01-07 08:21:00,5948,5954,5956,5946,5949,5955,5957,5948,206
2016-01-07 08:21:00,2016-01-07 08:22:00,5954,5954,5956,5952,5955,5955,5957,5953,134
2016-01-07 08:22:00,2016-01-07 08:23:00,5954,5954,5956,5952,5955,5955,5957,5954,93
2016-01-07 08:23:00,2016-01-07 08:24:00,5954,5949,5954,5949,5955,5950,5955,5950,196
2016-01-07 08:24:00,2016-01-07 08:25:00,5949,5943,5950,5943,5950,5945,5951,5944,125
2016-01-07 08:25:00,2016-01-07 08:26:00,5943,5938,5944,5938,5945,5940,5945,5939,124
2016-01-07 08:26:00,2016-01-07 08:27:00,5938,5938,5939,5935,5940,5940,5940,5937,128
2016-01-07 08:27:00,2016-01-07 08:28:00,5938,5938,5940,5936,5940,5939,5941,5937,131
2016-01-07 08:28:00,2016-01-07 08:29:00,5938,5942,5943,5938,5939,5943,5944,5940,169
2016-01-07 08:29:00,2016-01-07 08:30:00,5942,5933,5944,5932,5943,5934,5945,5933,154
2016-01-07 08:30:00,2016-01-07 08:31:00,5933,5932,5933,5929,5934,5933,5934,5930,124
2016-01-07 08:31:00,2016-01-07 08:32:00,5932,5932,5933,5930,5933,5933,5934,5931,147
2016-01-07 08:32:00,2016-01-07 08:33:00,5932,5927,5932,5927,5933,5928,5933,5928,94
2016-01-07 08:33:00,2016-01-07 08:34:00,5927,5923,5929,5922,5928,5924,5930,5924,142
2016-01-07 08:34:00,2016-01-07 08:35:00,5923,5914,5923,5913,5924,5916,5924,5915,281
2016-01-07 08:35:00,2016-01-07 08:36:00,5914,5925,5925,5913,5916,5927,5927,5914,197
2016-01-07 08:36:00,2016-01-07 08:37:00,5925,5919,5927,5919,5927,5921,5928,5921,185
2016-01-07 08:37:00,2016-01-07 08:38:00,5919,5927,5929,5918,5921,5929,5930,5919,157
2016-01-07 08:38:00,2016-01-07 08:39:00,5927,5923,5930,5922,5929,5924,5931,5923,149
2016-01-07 08:39:00,2016-01-07 08:40:00,5923,5922,5923,5919,5924,5923,5924,5920,104
2016-01-07 08:40:00,2016-01-07 08:41:00,5922,5919,5924,5919,5923,5920,5925,5920,130
2016-01-07 08:41:00,2016-01-07 08:42:00,5919,5914,5919,5913,5920,5916,5920,5915,167
2016-01-07 08:42:00,2016-01-07 08:43:00,5914,5914,5916,5913,5916,5915,5917,5915,127
2016-01-07 08:43:00,2016-01-07 08:44:00,5914,5920,5920,5913,5915,5921,5921,5914,116
2016-01-07 08:44:00,2016-01-07 08:45:00,5920,5918,5920,5915,5921,5919,5921,5916,158
2016-01-07 08:45:00,2016-01-07 08:46:00,5918,5923,5925,5917,5919,5924,5926,5918,116
2016-01-07 08:46:00,2016-01-07 08:47:00,5923,5919,5924,5918,5924,5920,5926,5919,100
2016-01-07 08:47:00,2016-01-07 08:48:00,5919,5915,5920,5914,5920,5916,5922,5915,94
2016-01-07 08:48:00,2016-01-07 08:49:00,5915,5913,5917,5913,5916,5914,5918,5914,114
2016-01-07 08:49:00,2016-01-07 08:50:00,5913,5913,5915,5910,5914,5914,5916,5911,94
2016-01-07 08:50:00,2016-01-07 08:51:00,5913,5911,5915,5910,5914,5912,5916,5911,78
2016-01-07 08:51:00,2016-01-07 08:52:00,5911,5906,5911,5906,5912,5907,5912,5907,112
2016-01-07 08:52:00,2016-01-07 08:53:00,5906,5900,5906,5899,5907,5901,5907,5900,132
2016-01-07 08:53:00,2016-01-07 08:54:00,5900,5903,5905,5899,5901,5904,5906,5900,146
2016-01-07 08:54:00,2016-01-07 08:55:00,5903,5897,5902,5895,5904,5898,5904,5896,298
2016-01-07 08:55:00,2016-01-07 08:56:00,5897,5898,5901,5895,5898,5899,5903,5896,184
2016-01-07 08:56:00,2016-01-07 08:57:00,5898,5900,5900,5895,5899,5902,5902,5896,105
2016-01-07 08:57:00,2016-01-07 08:58:00,5900,5895,5901,5894,5902,5896,5902,5895,185
2016-01-07 08:58:00,2016-01-07 08:59:00,5895,5891,5895,5888,5896,5892,5897,5889,344
2016-01-07 08:59:00,2016-01-07 09:00:00,5891,5892,5895,5884,5892,5894,5896,5885,325
2016-01-07 09:00:00,2016-01-07 09:01:00,5892,5891,5895,5891,5894,5892,5896,5892,265
2016-01-07 09:01:00,2016-01-07 09:02:00,5891,5893,5895,5889,5892,5894,5896,5890,154
2016-01-07 09:02:00,2016-01-07 09:03:00,5893,5895,5896,5890,5894,5896,5897,5891,124
2016-01-07 09:03:00,2016-01-07 09:04:00,5895,5902,5903,5893,5896,5903,5904,5894,281
2016-01-07 09:04:00,2016-01-07 09:05:00,5902,5904,5906,5899,5903,5905,5907,5900,170
2016-01-07 09:05:00,2016-01-07 09:06:00,5904,5906,5907,5902,5905,5907,5908,5903,124
2016-01-07 09:06:00,2016-01-07 09:07:00,5906,5907,5909,5905,5907,5908,5910,5906,84
2016-01-07 09:07:00,2016-01-07 09:08:00,5907,5905,5907,5902,5908,5907,5909,5903,183
2016-01-07 09:08:00,2016-01-07 09:09:00,5905,5901,5908,5900,5907,5902,5909,5902,177
2016-01-07 09:09:00,2016-01-07 09:10:00,5901,5897,5900,5895,5902,5898,5902,5896,224
2016-01-07 09:10:00,2016-01-07 09:11:00,5897,5896,5898,5893,5898,5898,5899,5894,215
2016-01-07 09:11:00,2016-01-07 09:12:00,5896,5893,5897,5893,5898,5894,5898,5894,119
2016-01-07 09:12:00,2016-01-07 09:13:00,5893,5893,5897,5890,5894,5894,5898,5891,198
2016-01-07 09:13:00,2016-01-07 09:14:00,5893,5903,5903,5892,5894,5904,5904,5893,172
2016-01-07 09:14:00,2016-01-07 09:15:00,5903,5901,5904,5899,5904,5902,5905,5900,228
2016-01-07 09:15:00,2016-01-07 09:16:00,5901,5896,5902,5894,5902,5897,5903,5895,220
2016-01-07 09:16:00,2016-01-07 09:17:00,5896,5895,5900,5895,5897,5897,5901,5897,123
2016-01-07 09:17:00,2016-01-07 09:18:00,5895,5895,5898,5894,5897,5896,5899,5895,103
2016-01-07 09:18:00,2016-01-07 09:19:00,5895,5899,5900,5893,5896,5900,5901,5894,217
2016-01-07 09:19:00,2016-01-07 09:20:00,5899,5896,5900,5894,5900,5897,5902,5896,78
2016-01-07 09:20:00,2016-01-07 09:21:00,5896,5894,5896,5893,5897,5896,5898,5894,111
2016-01-07 09:21:00,2016-01-07 09:22:00,5894,5895,5896,5893,5896,5896,5897,5894,93
2016-01-07 09:22:00,2016-01-07 09:23:00,5895,5891,5895,5891,5896,5892,5896,5892,99
2016-01-07 09:23:00,2016-01-07 09:24:00,5891,5888,5891,5885,5892,5890,5892,5887,173
2016-01-07 09:24:00,2016-01-07 09:25:00,5888,5892,5892,5887,5890,5893,5893,5888,111
2016-01-07 09:25:00,2016-01-07 09:26:00,5892,5893,5895,5890,5893,5895,5896,5891,105
2016-01-07 09:26:00,2016-01-07 09:27:00,5893,5889,5894,5886,5895,5890,5895,5887,117
2016-01-07 09:27:00,2016-01-07 09:28:00,5889,5889,5892,5888,5890,5890,5893,5889,102
2016-01-07 09:28:00,2016-01-07 09:29:00,5889,5898,5898,5888,5890,5899,5899,5889,140
2016-01-07 09:29:00,2016-01-07 09:30:00,5898,5899,5899,5894,5899,5900,5900,5895,116
2016-01-07 09:30:00,2016-01-07 09:31:00,5899,5902,5902,5898,5900,5903,5903,5899,98
2016-01-07 09:31:00,2016-01-07 09:32:00,5902,5904,5905,5900,5903,5905,5906,5902,108
2016-01-07 09:32:00,2016-01-07 09:33:00,5904,5904,5906,5901,5905,5905,5907,5902,76
2016-01-07 09:33:00,2016-01-07 09:34:00,5904,5896,5904,5896,5905,5898,5905,5898,93
2016-01-07 09:34:00,2016-01-07 09:35:00,5896,5899,5900,5895,5898,5900,5901,5897,79
2016-01-07 09:35:00,2016-01-07 09:36:00,5899,5900,5901,5898,5900,5901,5902,5899,114
2016-01-07 09:36:00,2016-01-07 09:37:00,5900,5899,5901,5898,5901,5900,5902,5899,81
2016-01-07 09:37:00,2016-01-07 09:38:00,5899,5904,5904,5899,5900,5905,5905,5901,54
2016-01-07 09:38:00,2016-01-07 09:39:00,5904,5903,5905,5901,5905,5905,5907,5902,95
2016-01-07 09:39:00,2016-01-07 09:40:00,5903,5898,5904,5898,5905,5900,5905,5899,100
2016-01-07 09:40:00,2016-01-07 09:41:00,5898,5899,5902,5898,5900,5900,5903,5900,59
2016-01-07 09:41:00,2016-01-07 09:43:00,5899,5897,5899,5895,5900,5898,5900,5897,88
2016-01-07 09:43:00,2016-01-07 09:44:00,5897,5894,5898,5893,5898,5895,5899,5894,80
2016-01-07 09:44:00,2016-01-07 09:45:00,5894,5899,5900,5893,5895,5900,5901,5894,58
2016-01-07 09:45:00,2016-01-07 09:46:00,5899,5899,5901,5898,5900,5900,5902,5899,52
2016-01-07 09:46:00,2016-01-07 09:47:00,5899,5904,5905,5899,5900,5906,5906,5901,95
2016-01-07 09:47:00,2016-01-07 09:48:00,5904,5907,5908,5905,5906,5908,5909,5906,105
2016-01-07 09:48:00,2016-01-07 09:49:00,5907,5904,5907,5904,5908,5905,5909,5905,36
2016-01-07 09:49:00,2016-01-07 09:50:00,5904,5909,5911,5903,5905,5911,5912,5904,127
2016-01-07 09:50:00,2016-01-07 09:51:00,5909,5911,5912,5908,5911,5912,5913,5909,65
2016-01-07 09:51:00,2016-01-07 09:52:00,5911,5908,5911,5908,5912,5909,5913,5909,70
2016-01-07 09:52:00,2016-01-07 09:53:00,5908,5909,5910,5906,5909,5910,5911,5908,110
2016-01-07 09:53:00,2016-01-07 09:54:00,5909,5907,5909,5906,5910,5908,5910,5907,56
2016-01-07 09:54:00,2016-01-07 09:55:00,5907,5904,5907,5904,5908,5905,5909,5905,50
2016-01-07 09:55:00,2016-01-07 09:56:00,5904,5906,5907,5904,5905,5907,5908,5906,10
2016-01-07 09:56:00,2016-01-07 09:57:00,5906,5905,5907,5904,5907,5906,5909,5906,52
2016-01-07 09:57:00,2016-01-07 09:58:00,5905,5904,5907,5904,5906,5905,5908,5905,22
2016-01-07 09:58:00,2016-01-07 09:59:00,5904,5903,5905,5903,5905,5904,5906,5904,42
2016-01-07 09:59:00,2016-01-07 10:00:00,5903,5908,5908,5903,5904,5909,5909,5904,52
2016-01-07 10:00:00,2016-01-07 10:01:00,5908,5913,5915,5908,5909,5914,5916,5909,68
2016-01-07 10:01:00,2016-01-07 10:02:00,5913,5913,5915,5911,5914,5914,5916,5912,108
2016-01-07 10:02:00,2016-01-07 10:03:00,5913,5912,5916,5912,5914,5913,5917,5913,74
2016-01-07 10:03:00,2016-01-07 10:04:00,5912,5915,5915,5912,5913,5916,5916,5913,40
2016-01-07 10:04:00,2016-01-07 10:05:00,5915,5916,5917,5914,5916,5917,5919,5915,76
2016-01-07 10:05:00,2016-01-07 10:06:00,5916,5915,5917,5914,5917,5917,5918,5915,63
2016-01-07 10:06:00,2016-01-07 10:07:00,5915,5913,5917,5913,5917,5914,5919,5914,73
2016-01-07 10:07:00,2016-01-07 10:08:00,5913,5912,5913,5910,5914,5913,5915,5911,146
2016-01-07 10:08:00,2016-01-07 10:09:00,5912,5908,5913,5908,5913,5909,5915,5909,118
2016-01-07 10:09:00,2016-01-07 10:10:00,5908,5906,5909,5905,5909,5907,5910,5906,82
2016-01-07 10:10:00,2016-01-07 10:11:00,5906,5902,5906,5901,5907,5903,5907,5902,72
2016-01-07 10:11:00,2016-01-07 10:12:00,5902,5901,5903,5900,5903,5902,5904,5901,104
2016-01-07 10:12:00,2016-01-07 10:13:00,5901,5898,5903,5897,5902,5899,5904,5898,102
2016-01-07 10:13:00,2016-01-07 10:14:00,5898,5902,5902,5897,5899,5903,5904,5898,42
2016-01-07 10:14:00,2016-01-07 10:15:00,5902,5904,5905,5902,5903,5905,5907,5903,88
2016-01-07 10:15:00,2016-01-07 10:16:00,5904,5907,5908,5904,5905,5909,5909,5906,47
2016-01-07 10:16:00,2016-01-07 10:17:00,5907,5907,5908,5905,5909,5908,5909,5906,45
2016-01-07 10:17:00,2016-01-07 10:18:00,5907,5903,5908,5903,5908,5904,5909,5904,38
2016-01-07 10:18:00,2016-01-07 10:19:00,5903,5899,5903,5898,5904,5900,5904,5899,76
2016-01-07 10:19:00,2016-01-07 10:20:00,5899,5895,5900,5895,5900,5896,5901,5896,60
2016-01-07 10:20:00,2016-01-07 10:21:00,5895,5896,5896,5893,5896,5898,5898,5894,59
2016-01-07 10:21:00,2016-01-07 10:22:00,5896,5897,5898,5894,5898,5898,5899,5895,81
2016-01-07 10:22:00,2016-01-07 10:23:00,5897,5900,5901,5897,5898,5901,5902,5898,72
2016-01-07 10:23:00,2016-01-07 10:24:00,5900,5900,5902,5900,5901,5901,5903,5901,44
2016-01-07 10:24:00,2016-01-07 10:25:00,5900,5899,5901,5898,5901,5900,5902,5900,46
2016-01-07 10:25:00,2016-01-07 10:26:00,5899,5898,5900,5896,5900,5899,5901,5897,84
2016-01-07 10:26:00,2016-01-07 10:27:00,5898,5894,5898,5892,5899,5895,5900,5894,104
2016-01-07 10:27:00,2016-01-07 10:28:00,5894,5893,5894,5892,5895,5895,5895,5893,85
2016-01-07 10:28:00,2016-01-07 10:29:00,5893,5889,5893,5889,5895,5890,5895,5890,79
2016-01-07 10:29:00,2016-01-07 10:30:00,5889,5893,5893,5888,5890,5894,5894,5889,104
2016-01-07 10:30:00,2016-01-07 10:31:00,5893,5893,5893,5891,5894,5894,5894,5893,42
2016-01-07 10:31:00,2016-01-07 10:32:00,5893,5895,5897,5893,5894,5897,5899,5895,101
2016-01-07 10:32:00,2016-01-07 10:33:00,5895,5897,5899,5895,5897,5898,5900,5896,69
2016-01-07 10:33:00,2016-01-07 10:34:00,5897,5898,5899,5897,5898,5899,5900,5899,66
2016-01-07 10:34:00,2016-01-07 10:35:00,5898,5898,5899,5897,5899,5900,5901,5899,31
2016-01-07 10:35:00,2016-01-07 10:36:00,5898,5902,5903,5898,5900,5904,5904,5899,100
2016-01-07 10:36:00,2016-01-07 10:37:00,5902,5905,5905,5902,5904,5906,5906,5904,55
2016-01-07 10:37:00,2016-01-07 10:38:00,5905,5900,5905,5900,5906,5902,5906,5901,57
2016-01-07 10:38:00,2016-01-07 10:39:00,5900,5898,5900,5896,5902,5899,5901,5898,45
2016-01-07 10:39:00,2016-01-07 10:40:00,5898,5901,5901,5898,5899,5902,5903,5899,46
2016-01-07 10:40:00,2016-01-07 10:41:00,5901,5901,5903,5900,5902,5902,5904,5901,44
2016-01-07 10:41:00,2016-01-07 10:42:00,5901,5901,5902,5900,5902,5902,5903,5901,44
2016-01-07 10:42:00,2016-01-07 10:43:00,5901,5905,5905,5900,5902,5906,5907,5901,86
2016-01-07 10:43:00,2016-01-07 10:44:00,5905,5903,5906,5903,5906,5904,5907,5904,24
2016-01-07 10:44:00,2016-01-07 10:45:00,5903,5909,5909,5901,5904,5910,5910,5902,144
2016-01-07 10:45:00,2016-01-07 10:46:00,5909,5906,5908,5904,5910,5907,5910,5906,46
2016-01-07 10:46:00,2016-01-07 10:47:00,5906,5906,5907,5905,5907,5907,5908,5906,74
2016-01-07 10:47:00,2016-01-07 10:48:00,5906,5907,5907,5903,5907,5908,5908,5904,110
2016-01-07 10:48:00,2016-01-07 10:49:00,5907,5907,5908,5904,5908,5909,5909,5905,79
2016-01-07 10:49:00,2016-01-07 10:50:00,5907,5912,5915,5908,5909,5913,5916,5909,75
2016-01-07 10:50:00,2016-01-07 10:51:00,5912,5912,5913,5910,5913,5913,5914,5911,130
2016-01-07 10:51:00,2016-01-07 10:52:00,5912,5914,5915,5911,5913,5916,5916,5912,75
2016-01-07 10:52:00,2016-01-07 10:53:00,5914,5911,5916,5910,5916,5912,5917,5911,69
2016-01-07 10:53:00,2016-01-07 10:54:00,5911,5911,5912,5909,5912,5912,5914,5910,98
2016-01-07 10:54:00,2016-01-07 10:55:00,5911,5910,5912,5909,5912,5912,5914,5910,97
2016-01-07 10:55:00,2016-01-07 10:56:00,5910,5908,5911,5906,5912,5910,5912,5907,110
2016-01-07 10:56:00,2016-01-07 10:57:00,5908,5911,5913,5909,5910,5912,5914,5910,91
2016-01-07 10:57:00,2016-01-07 10:58:00,5911,5910,5912,5909,5912,5912,5913,5910,65
2016-01-07 10:58:00,2016-01-07 10:59:00,5910,5907,5911,5906,5912,5908,5912,5907,83
2016-01-07 10:59:00,2016-01-07 11:00:00,5907,5907,5907,5905,5908,5908,5908,5906,48
2016-01-07 11:00:00,2016-01-07 11:01:00,5907,5907,5907,5905,5908,5908,5908,5906,70
2016-01-07 11:01:00,2016-01-07 11:02:00,5907,5907,5908,5905,5908,5908,5909,5906,80
2016-01-07 11:02:00,2016-01-07 11:03:00,5907,5909,5910,5906,5908,5910,5911,5908,48
2016-01-07 11:03:00,2016-01-07 11:04:00,5909,5905,5910,5904,5910,5906,5911,5905,56
2016-01-07 11:04:00,2016-01-07 11:05:00,5905,5903,5907,5903,5906,5905,5908,5904,63
2016-01-07 11:05:00,2016-01-07 11:06:00,5903,5905,5906,5903,5905,5906,5907,5904,61
2016-01-07 11:06:00,2016-01-07 11:07:00,5905,5904,5906,5903,5906,5905,5907,5904,30
2016-01-07 11:07:00,2016-01-07 11:08:00,5904,5905,5907,5903,5905,5906,5908,5904,62
2016-01-07 11:08:00,2016-01-07 11:09:00,5905,5904,5906,5903,5906,5905,5908,5904,90
2016-01-07 11:09:00,2016-01-07 11:10:00,5904,5903,5904,5903,5905,5904,5905,5904,28
2016-01-07 11:10:00,2016-01-07 11:11:00,5903,5902,5903,5900,5904,5903,5904,5902,50
2016-01-07 11:11:00,2016-01-07 11:12:00,5902,5907,5907,5901,5903,5908,5909,5902,46
2016-01-07 11:12:00,2016-01-07 11:13:00,5907,5908,5909,5906,5908,5909,5910,5907,56
2016-01-07 11:13:00,2016-01-07 11:14:00,5908,5907,5909,5907,5909,5908,5910,5908,70
2016-01-07 11:14:00,2016-01-07 11:15:00,5907,5905,5909,5904,5908,5906,5910,5906,54
2016-01-07 11:15:00,2016-01-07 11:16:00,5905,5909,5909,5905,5906,5910,5911,5906,30
2016-01-07 11:16:00,2016-01-07 11:17:00,5909,5912,5912,5909,5910,5913,5914,5910,58
2016-01-07 11:17:00,2016-01-07 11:18:00,5912,5912,5914,5910,5913,5913,5915,5912,85
2016-01-07 11:18:00,2016-01-07 11:19:00,5912,5912,5913,5911,5913,5913,5915,5912,44
2016-01-07 11:19:00,2016-01-07 11:20:00,5912,5908,5913,5908,5913,5910,5914,5909,65
2016-01-07 11:20:00,2016-01-07 11:21:00,5908,5904,5909,5901,5910,5905,5910,5902,119
2016-01-07 11:21:00,2016-01-07 11:23:00,5902,5904,5904,5901,5903,5905,5905,5902,68
2016-01-07 11:23:00,2016-01-07 11:24:00,5904,5904,5905,5902,5905,5905,5906,5904,36
2016-01-07 11:24:00,2016-01-07 11:25:00,5904,5904,5904,5903,5905,5905,5906,5904,50
2016-01-07 11:25:00,2016-01-07 11:26:00,5904,5907,5907,5904,5905,5909,5909,5906,39
2016-01-07 11:26:00,2016-01-07 11:27:00,5907,5910,5911,5906,5909,5911,5912,5907,61
2016-01-07 11:27:00,2016-01-07 11:28:00,5910,5909,5910,5907,5911,5910,5911,5908,62
2016-01-07 11:28:00,2016-01-07 11:29:00,5909,5909,5911,5908,5910,5910,5912,5909,52
2016-01-07 11:29:00,2016-01-07 11:30:00,5909,5906,5910,5906,5910,5907,5911,5907,62
2016-01-07 11:30:00,2016-01-07 11:31:00,5906,5907,5910,5906,5907,5909,5911,5907,91
2016-01-07 11:31:00,2016-01-07 11:32:00,5907,5911,5911,5907,5909,5912,5912,5908,75
2016-01-07 11:32:00,2016-01-07 11:33:00,5911,5910,5911,5907,5912,5911,5912,5908,96
2016-01-07 11:33:00,2016-01-07 11:34:00,5910,5909,5910,5908,5911,5911,5912,5909,65
2016-01-07 11:34:00,2016-01-07 11:35:00,5909,5906,5909,5905,5911,5907,5910,5906,61
2016-01-07 11:35:00,2016-01-07 11:36:00,5906,5907,5908,5904,5907,5908,5909,5905,46
2016-01-07 11:36:00,2016-01-07 11:37:00,5907,5907,5908,5906,5908,5908,5909,5907,52
2016-01-07 11:37:00,2016-01-07 11:38:00,5907,5906,5907,5906,5908,5907,5908,5907,24
2016-01-07 11:38:00,2016-01-07 11:39:00,5906,5907,5907,5904,5907,5908,5908,5905,56
2016-01-07 11:39:00,2016-01-07 11:41:00,5907,5911,5913,5907,5908,5912,5914,5909,40
2016-01-07 11:41:00,2016-01-07 11:42:00,5911,5908,5913,5908,5912,5910,5914,5909,111
2016-01-07 11:42:00,2016-01-07 11:43:00,5908,5910,5911,5908,5910,5912,5912,5909,56
2016-01-07 11:43:00,2016-01-07 11:44:00,5910,5914,5914,5911,5912,5915,5915,5912,43
2016-01-07 11:44:00,2016-01-07 11:45:00,5914,5914,5915,5913,5915,5915,5916,5914,34
2016-01-07 11:45:00,2016-01-07 11:46:00,5914,5912,5914,5910,5915,5913,5915,5912,34
2016-01-07 11:46:00,2016-01-07 11:47:00,5912,5912,5915,5912,5913,5914,5916,5913,55
2016-01-07 11:47:00,2016-01-07 11:48:00,5912,5911,5913,5910,5914,5912,5914,5911,39
2016-01-07 11:48:00,2016-01-07 11:49:00,5911,5911,5911,5910,5912,5913,5913,5911,29
2016-01-07 11:49:00,2016-01-07 11:50:00,5911,5910,5912,5910,5913,5911,5913,5911,33
2016-01-07 11:50:00,2016-01-07 11:51:00,5910,5909,5911,5909,5911,5910,5912,5910,36
2016-01-07 11:51:00,2016-01-07 11:52:00,5909,5905,5909,5904,5910,5906,5911,5905,64
2016-01-07 11:52:00,2016-01-07 11:53:00,5905,5904,5905,5903,5906,5905,5906,5904,64
2016-01-07 11:53:00,2016-01-07 11:54:00,5904,5903,5904,5902,5905,5905,5905,5904,37
2016-01-07 11:54:00,2016-01-07 11:55:00,5903,5906,5906,5903,5905,5907,5908,5905,47
2016-01-07 11:55:00,2016-01-07 11:56:00,5906,5909,5909,5905,5907,5910,5910,5907,56
2016-01-07 11:56:00,2016-01-07 11:57:00,5909,5908,5909,5907,5910,5909,5910,5908,60
2016-01-07 11:57:00,2016-01-07 11:58:00,5908,5908,5910,5907,5909,5909,5911,5909,24
2016-01-07 11:58:00,2016-01-07 11:59:00,5908,5906,5909,5906,5909,5907,5910,5907,26
2016-01-07 11:59:00,2016-01-07 12:00:00,5906,5906,5909,5906,5907,5908,5911,5907,69
2016-01-07 12:00:00,2016-01-07 12:01:00,5906,5906,5907,5904,5908,5908,5908,5905,70
2016-01-07 12:01:00,2016-01-07 12:02:00,5906,5906,5907,5906,5908,5908,5909,5907,50
2016-01-07 12:02:00,2016-01-07 12:03:00,5906,5909,5911,5906,5908,5910,5912,5907,55
2016-01-07 12:03:00,2016-01-07 12:04:00,5909,5909,5910,5907,5910,5910,5911,5908,54
2016-01-07 12:04:00,2016-01-07 12:05:00,5909,5908,5909,5907,5910,5910,5910,5909,49
2016-01-07 12:05:00,2016-01-07 12:06:00,5908,5910,5911,5908,5910,5911,5912,5909,91
2016-01-07 12:06:00,2016-01-07 12:07:00,5910,5910,5912,5908,5911,5912,5913,5910,61
2016-01-07 12:07:00,2016-01-07 12:08:00,5910,5910,5911,5910,5912,5911,5913,5911,27
2016-01-07 12:08:00,2016-01-07 12:09:00,5910,5909,5910,5908,5911,5910,5911,5909,60
2016-01-07 12:09:00,2016-01-07 12:10:00,5909,5908,5909,5907,5910,5909,5911,5909,36
2016-01-07 12:10:00,2016-01-07 12:11:00,5908,5907,5908,5906,5909,5908,5909,5907,36
2016-01-07 12:11:00,2016-01-07 12:12:00,5907,5907,5908,5906,5908,5909,5909,5907,57
2016-01-07 12:12:00,2016-01-07 12:13:00,5907,5905,5908,5902,5909,5906,5909,5903,59
2016-01-07 12:13:00,2016-01-07 12:14:00,5905,5905,5906,5904,5906,5907,5908,5905,41
2016-01-07 12:14:00,2016-01-07 12:15:00,5905,5908,5909,5905,5907,5910,5910,5906,38
2016-01-07 12:15:00,2016-01-07 12:16:00,5908,5912,5913,5908,5910,5913,5915,5909,43
2016-01-07 12:16:00,2016-01-07 12:17:00,5912,5910,5913,5908,5913,5911,5914,5910,54
2016-01-07 12:17:00,2016-01-07 12:18:00,5910,5907,5911,5907,5911,5908,5912,5908,38
2016-01-07 12:18:00,2016-01-07 12:19:00,5907,5909,5910,5907,5908,5911,5911,5908,31
2016-01-07 12:19:00,2016-01-07 12:20:00,5909,5907,5910,5907,5911,5909,5911,5908,32
2016-01-07 12:20:00,2016-01-07 12:21:00,5907,5908,5910,5907,5909,5909,5911,5908,45
2016-01-07 12:21:00,2016-01-07 12:22:00,5908,5908,5909,5907,5909,5909,5910,5909,30
2016-01-07 12:22:00,2016-01-07 12:23:00,5908,5907,5909,5907,5909,5908,5910,5908,38
2016-01-07 12:23:00,2016-01-07 12:25:00,5905,5906,5906,5904,5906,5907,5908,5905,47
2016-01-07 12:25:00,2016-01-07 12:26:00,5906,5907,5908,5905,5907,5908,5909,5907,20
2016-01-07 12:26:00,2016-01-07 12:27:00,5907,5911,5911,5907,5908,5912,5913,5909,38
2016-01-07 12:27:00,2016-01-07 12:28:00,5911,5913,5914,5909,5912,5914,5915,5910,46
2016-01-07 12:28:00,2016-01-07 12:29:00,5913,5915,5915,5913,5914,5916,5916,5914,56
2016-01-07 12:29:00,2016-01-07 12:30:00,5915,5916,5916,5914,5916,5917,5917,5915,40
2016-01-07 12:30:00,2016-01-07 12:31:00,5916,5915,5916,5914,5917,5916,5917,5915,30
2016-01-07 12:31:00,2016-01-07 12:32:00,5915,5914,5917,5914,5916,5915,5918,5915,36
2016-01-07 12:32:00,2016-01-07 12:33:00,5914,5917,5917,5914,5915,5918,5918,5916,46
2016-01-07 12:33:00,2016-01-07 12:34:00,5917,5915,5917,5914,5918,5916,5918,5915,30
2016-01-07 12:34:00,2016-01-07 12:35:00,5915,5919,5919,5915,5916,5920,5921,5916,84
2016-01-07 12:35:00,2016-01-07 12:36:00,5919,5916,5919,5916,5920,5918,5920,5917,53
2016-01-07 12:36:00,2016-01-07 12:37:00,5916,5917,5917,5915,5918,5918,5919,5916,67
2016-01-07 12:37:00,2016-01-07 12:38:00,5917,5917,5918,5917,5918,5918,5919,5918,32
2016-01-07 12:38:00,2016-01-07 12:39:00,5917,5918,5919,5916,5918,5919,5920,5917,44
2016-01-07 12:39:00,2016-01-07 12:40:00,5918,5917,5919,5917,5919,5918,5920,5918,64
2016-01-07 12:40:00,2016-01-07 12:41:00,5917,5916,5918,5915,5918,5917,5919,5917,26
2016-01-07 12:41:00,2016-01-07 12:42:00,5916,5914,5915,5913,5917,5915,5917,5915,58
2016-01-07 12:42:00,2016-01-07 12:43:00,5914,5915,5915,5913,5915,5916,5916,5914,24
2016-01-07 12:43:00,2016-01-07 12:44:00,5915,5913,5916,5913,5916,5914,5917,5914,44
2016-01-07 12:44:00,2016-01-07 12:45:00,5913,5913,5914,5912,5914,5914,5915,5914,22
2016-01-07 12:45:00,2016-01-07 12:46:00,5913,5911,5915,5911,5914,5912,5916,5912,50
2016-01-07 12:46:00,2016-01-07 12:47:00,5911,5911,5913,5910,5912,5912,5914,5911,44
2016-01-07 12:47:00,2016-01-07 12:48:00,5911,5907,5910,5903,5912,5908,5912,5905,132
2016-01-07 12:48:00,2016-01-07 12:50:00,5906,5906,5908,5906,5907,5907,5909,5907,30
2016-01-07 12:50:00,2016-01-07 12:51:00,5906,5905,5906,5905,5907,5906,5907,5906,30
2016-01-07 12:51:00,2016-01-07 12:52:00,5905,5906,5907,5905,5906,5907,5908,5906,18
2016-01-07 12:52:00,2016-01-07 12:53:00,5906,5906,5906,5905,5907,5907,5907,5906,6
2016-01-07 12:53:00,2016-01-07 12:54:00,5906,5908,5908,5905,5907,5909,5909,5906,26
2016-01-07 12:54:00,2016-01-07 12:55:00,5908,5909,5911,5908,5909,5910,5912,5909,72
2016-01-07 12:55:00,2016-01-07 12:56:00,5909,5912,5912,5910,5910,5913,5913,5911,37
2016-01-07 12:56:00,2016-01-07 12:57:00,5912,5910,5912,5910,5913,5911,5913,5911,24
2016-01-07 12:57:00,2016-01-07 12:58:00,5910,5908,5910,5908,5911,5909,5911,5909,18
2016-01-07 12:58:00,2016-01-07 12:59:00,5908,5909,5910,5908,5909,5910,5911,5909,38
2016-01-07 12:59:00,2016-01-07 13:00:00,5909,5907,5909,5907,5910,5909,5910,5908,33
2016-01-07 13:00:00,2016-01-07 13:01:00,5907,5907,5908,5907,5909,5908,5910,5908,41
2016-01-07 13:01:00,2016-01-07 13:02:00,5907,5907,5908,5906,5908,5908,5909,5907,36
2016-01-07 13:02:00,2016-01-07 13:03:00,5907,5909,5910,5906,5908,5910,5911,5907,30
2016-01-07 13:03:00,2016-01-07 13:04:00,5909,5910,5911,5908,5910,5911,5912,5910,34
2016-01-07 13:04:00,2016-01-07 13:05:00,5910,5909,5911,5909,5911,5910,5913,5910,44
2016-01-07 13:05:00,2016-01-07 13:06:00,5909,5909,5910,5907,5910,5910,5911,5909,32
2016-01-07 13:06:00,2016-01-07 13:07:00,5909,5909,5909,5907,5910,5910,5910,5908,38
2016-01-07 13:07:00,2016-01-07 13:08:00,5909,5908,5909,5907,5910,5909,5910,5908,24
2016-01-07 13:08:00,2016-01-07 13:09:00,5908,5909,5910,5907,5909,5910,5911,5908,26
2016-01-07 13:09:00,2016-01-07 13:10:00,5909,5908,5909,5907,5910,5909,5910,5909,32
2016-01-07 13:10:00,2016-01-07 13:11:00,5908,5906,5908,5905,5909,5907,5909,5906,36
2016-01-07 13:11:00,2016-01-07 13:12:00,5906,5905,5906,5904,5907,5906,5907,5905,24
2016-01-07 13:12:00,2016-01-07 13:13:00,5905,5905,5906,5904,5906,5906,5907,5906,36
2016-01-07 13:13:00,2016-01-07 13:14:00,5905,5903,5905,5903,5906,5904,5906,5904,26
2016-01-07 13:14:00,2016-01-07 13:15:00,5903,5902,5903,5900,5904,5903,5904,5901,44
2016-01-07 13:15:00,2016-01-07 13:16:00,5902,5901,5903,5901,5903,5902,5904,5902,24
2016-01-07 13:16:00,2016-01-07 13:17:00,5901,5901,5903,5901,5902,5902,5904,5902,24
2016-01-07 13:17:00,2016-01-07 13:18:00,5901,5899,5900,5898,5902,5900,5902,5899,22
2016-01-07 13:18:00,2016-01-07 13:19:00,5899,5894,5898,5893,5900,5895,5900,5894,94
2016-01-07 13:19:00,2016-01-07 13:20:00,5894,5891,5894,5891,5895,5893,5895,5892,64
2016-01-07 13:20:00,2016-01-07 13:21:00,5891,5893,5894,5891,5893,5895,5895,5892,52
2016-01-07 13:21:00,2016-01-07 13:22:00,5893,5895,5895,5893,5895,5896,5896,5894,19
2016-01-07 13:22:00,2016-01-07 13:23:00,5895,5897,5898,5895,5896,5898,5900,5897,26
2016-01-07 13:23:00,2016-01-07 13:24:00,5897,5896,5898,5896,5898,5897,5899,5897,40
2016-01-07 13:24:00,2016-01-07 13:25:00,5896,5897,5898,5896,5897,5899,5899,5898,23
2016-01-07 13:25:00,2016-01-07 13:26:00,5897,5900,5900,5897,5899,5901,5901,5898,15
2016-01-07 13:26:00,2016-01-07 13:27:00,5900,5899,5899,5899,5901,5900,5901,5900,12
2016-01-07 13:27:00,2016-01-07 13:28:00,5899,5899,5899,5898,5900,5900,5900,5899,6
2016-01-07 13:28:00,2016-01-07 13:29:00,5899,5899,5901,5899,5900,5901,5902,5900,15
2016-01-07 13:29:00,2016-01-07 13:30:00,5899,5901,5901,5900,5901,5902,5902,5901,31
2016-01-07 13:30:00,2016-01-07 13:31:00,5901,5903,5903,5900,5902,5904,5904,5901,20
2016-01-07 13:31:00,2016-01-07 13:32:00,5903,5902,5904,5902,5904,5904,5905,5903,33
2016-01-07 13:32:00,2016-01-07 13:33:00,5902,5904,5904,5902,5904,5905,5905,5903,31
2016-01-07 13:33:00,2016-01-07 13:34:00,5904,5901,5904,5901,5905,5902,5905,5902,38
2016-01-07 13:34:00,2016-01-07 13:35:00,5901,5901,5902,5899,5902,5902,5903,5901,46
2016-01-07 13:35:00,2016-01-07 13:36:00,5901,5900,5902,5900,5902,5901,5903,5901,26
2016-01-07 13:36:00,2016-01-07 13:37:00,5900,5900,5901,5900,5901,5902,5902,5901,63
2016-01-07 13:37:00,2016-01-07 13:38:00,5900,5901,5902,5901,5902,5902,5903,5902,33
2016-01-07 13:38:00,2016-01-07 13:39:00,5901,5906,5906,5901,5902,5907,5907,5903,24
2016-01-07 13:39:00,2016-01-07 13:40:00,5906,5908,5909,5906,5907,5909,5910,5907,78
2016-01-07 13:40:00,2016-01-07 13:41:00,5908,5905,5909,5905,5909,5907,5910,5906,45
2016-01-07 13:41:00,2016-01-07 13:42:00,5905,5908,5908,5906,5907,5909,5909,5907,23
2016-01-07 13:42:00,2016-01-07 13:43:00,5908,5910,5910,5908,5909,5911,5911,5909,18
2016-01-07 13:43:00,2016-01-07 13:44:00,5910,5907,5911,5907,5911,5908,5912,5908,56
2016-01-07 13:44:00,2016-01-07 13:45:00,5907,5907,5908,5905,5908,5908,5909,5907,68
2016-01-07 13:45:00,2016-01-07 13:46:00,5907,5908,5908,5907,5908,5909,5910,5908,34
2016-01-07 13:46:00,2016-01-07 13:47:00,5908,5911,5911,5908,5909,5912,5913,5909,42
2016-01-07 13:47:00,2016-01-07 13:48:00,5911,5911,5913,5910,5912,5912,5914,5911,64
2016-01-07 13:48:00,2016-01-07 13:49:00,5911,5912,5913,5911,5912,5913,5914,5912,50
2016-01-07 13:49:00,2016-01-07 13:50:00,5912,5918,5918,5912,5913,5919,5919,5913,62
2016-01-07 13:50:00,2016-01-07 13:51:00,5918,5914,5919,5913,5919,5915,5920,5914,42
2016-01-07 13:51:00,2016-01-07 13:52:00,5914,5916,5916,5913,5915,5917,5917,5914,36
2016-01-07 13:52:00,2016-01-07 13:53:00,5916,5915,5915,5914,5917,5916,5917,5915,56
2016-01-07 13:53:00,2016-01-07 13:54:00,5915,5917,5917,5914,5916,5918,5918,5915,56
2016-01-07 13:54:00,2016-01-07 13:55:00,5917,5918,5918,5916,5918,5919,5919,5917,62
2016-01-07 13:55:00,2016-01-07 13:56:00,5918,5918,5920,5916,5919,5919,5921,5918,80
2016-01-07 13:56:00,2016-01-07 13:57:00,5918,5917,5919,5916,5919,5918,5920,5917,38
2016-01-07 13:57:00,2016-01-07 13:58:00,5917,5918,5919,5916,5918,5919,5920,5917,40
2016-01-07 13:58:00,2016-01-07 13:59:00,5918,5919,5921,5918,5919,5920,5923,5919,82
2016-01-07 13:59:00,2016-01-07 14:00:00,5919,5920,5923,5919,5920,5921,5924,5921,50
2016-01-07 14:00:00,2016-01-07 14:01:00,5920,5917,5920,5917,5921,5919,5921,5918,81
2016-01-07 14:01:00,2016-01-07 14:02:00,5917,5916,5918,5916,5919,5917,5919,5917,69
2016-01-07 14:02:00,2016-01-07 14:03:00,5916,5916,5916,5914,5917,5917,5918,5915,46
2016-01-07 14:03:00,2016-01-07 14:04:00,5916,5918,5919,5915,5917,5919,5920,5917,52
2016-01-07 14:04:00,2016-01-07 14:05:00,5918,5920,5921,5917,5919,5921,5922,5919,68
2016-01-07 14:05:00,2016-01-07 14:06:00,5920,5922,5923,5919,5921,5923,5924,5920,46
2016-01-07 14:06:00,2016-01-07 14:07:00,5922,5921,5922,5920,5923,5922,5923,5921,36
2016-01-07 14:07:00,2016-01-07 14:08:00,5921,5922,5923,5921,5922,5923,5924,5922,80
2016-01-07 14:08:00,2016-01-07 14:09:00,5922,5925,5926,5922,5923,5926,5927,5923,78
2016-01-07 14:09:00,2016-01-07 14:10:00,5925,5926,5927,5924,5926,5927,5929,5925,60
2016-01-07 14:10:00,2016-01-07 14:11:00,5926,5925,5926,5923,5927,5926,5927,5924,60
2016-01-07 14:11:00,2016-01-07 14:12:00,5925,5925,5925,5923,5926,5926,5927,5924,42
2016-01-07 14:12:00,2016-01-07 14:13:00,5925,5924,5925,5923,5926,5926,5926,5924,79
2016-01-07 14:13:00,2016-01-07 14:14:00,5924,5924,5925,5924,5926,5926,5927,5925,48
2016-01-07 14:14:00,2016-01-07 14:15:00,5924,5926,5927,5924,5926,5928,5928,5926,50
2016-01-07 14:15:00,2016-01-07 14:16:00,5926,5926,5928,5923,5928,5927,5929,5924,85
2016-01-07 14:16:00,2016-01-07 14:17:00,5926,5925,5927,5925,5927,5926,5928,5926,48
2016-01-07 14:17:00,2016-01-07 14:18:00,5925,5926,5927,5924,5926,5927,5928,5925,38
2016-01-07 14:18:00,2016-01-07 14:19:00,5926,5927,5929,5926,5927,5929,5930,5927,41
2016-01-07 14:19:00,2016-01-07 14:20:00,5927,5929,5929,5928,5929,5930,5930,5929,25
2016-01-07 14:20:00,2016-01-07 14:21:00,5929,5927,5930,5927,5930,5928,5931,5928,42
2016-01-07 14:21:00,2016-01-07 14:22:00,5927,5928,5929,5927,5928,5929,5931,5928,60
2016-01-07 14:22:00,2016-01-07 14:23:00,5928,5926,5929,5926,5929,5927,5930,5927,26
2016-01-07 14:23:00,2016-01-07 14:24:00,5926,5924,5927,5923,5927,5925,5928,5924,98
2016-01-07 14:24:00,2016-01-07 14:25:00,5924,5925,5926,5923,5925,5926,5927,5924,56
2016-01-07 14:25:00,2016-01-07 14:26:00,5925,5925,5926,5924,5926,5927,5927,5925,33
2016-01-07 14:26:00,2016-01-07 14:27:00,5925,5928,5929,5926,5927,5929,5930,5927,57
2016-01-07 14:27:00,2016-01-07 14:28:00,5928,5928,5930,5927,5929,5929,5931,5928,58
2016-01-07 14:28:00,2016-01-07 14:29:00,5928,5928,5929,5927,5929,5930,5931,5928,103
2016-01-07 14:29:00,2016-01-07 14:30:00,5928,5925,5929,5924,5930,5926,5930,5925,209
2016-01-07 14:30:00,2016-01-07 14:31:00,5925,5923,5926,5923,5926,5924,5927,5924,128
2016-01-07 14:31:00,2016-01-07 14:32:00,5923,5925,5925,5922,5924,5926,5927,5923,84
2016-01-07 14:32:00,2016-01-07 14:33:00,5925,5923,5926,5922,5926,5924,5927,5923,162
2016-01-07 14:33:00,2016-01-07 14:34:00,5923,5919,5925,5918,5924,5920,5926,5920,184
2016-01-07 14:34:00,2016-01-07 14:35:00,5919,5928,5929,5918,5920,5929,5930,5919,170
2016-01-07 14:35:00,2016-01-07 14:36:00,5928,5935,5936,5927,5929,5937,5937,5928,133
2016-01-07 14:36:00,2016-01-07 14:37:00,5935,5939,5941,5935,5937,5940,5942,5936,191
2016-01-07 14:37:00,2016-01-07 14:38:00,5939,5943,5944,5938,5940,5944,5945,5939,152
2016-01-07 14:38:00,2016-01-07 14:39:00,5943,5947,5948,5943,5944,5949,5949,5944,173
2016-01-07 14:39:00,2016-01-07 14:40:00,5947,5946,5949,5944,5949,5948,5950,5946,150
2016-01-07 14:40:00,2016-01-07 14:41:00,5946,5951,5952,5946,5948,5953,5954,5947,140
2016-01-07 14:41:00,2016-01-07 14:42:00,5951,5946,5952,5945,5953,5947,5953,5947,188
2016-01-07 14:42:00,2016-01-07 14:43:00,5946,5943,5947,5942,5947,5944,5948,5944,174
2016-01-07 14:43:00,2016-01-07 14:44:00,5943,5945,5948,5943,5944,5946,5949,5945,112
2016-01-07 14:44:00,2016-01-07 14:45:00,5945,5947,5947,5943,5946,5948,5949,5944,156
2016-01-07 14:45:00,2016-01-07 14:46:00,5947,5951,5953,5947,5948,5952,5954,5949,124
2016-01-07 14:46:00,2016-01-07 14:47:00,5951,5948,5951,5945,5952,5950,5953,5946,101
2016-01-07 14:47:00,2016-01-07 14:48:00,5948,5952,5953,5945,5950,5953,5954,5946,163
2016-01-07 14:48:00,2016-01-07 14:49:00,5952,5957,5958,5948,5953,5958,5959,5950,168
2016-01-07 14:49:00,2016-01-07 14:50:00,5957,5962,5962,5956,5958,5963,5963,5957,160
2016-01-07 14:50:00,2016-01-07 14:51:00,5962,5966,5969,5961,5963,5967,5970,5962,160
2016-01-07 14:51:00,2016-01-07 14:52:00,5966,5960,5966,5957,5967,5961,5968,5959,146
2016-01-07 14:52:00,2016-01-07 14:53:00,5960,5962,5962,5957,5961,5963,5963,5958,158
2016-01-07 14:53:00,2016-01-07 14:54:00,5962,5957,5962,5957,5963,5959,5963,5958,163
2016-01-07 14:54:00,2016-01-07 14:55:00,5957,5954,5958,5953,5959,5955,5960,5954,129
2016-01-07 14:55:00,2016-01-07 14:56:00,5954,5949,5954,5949,5955,5951,5956,5950,149
2016-01-07 14:56:00,2016-01-07 14:57:00,5949,5953,5954,5949,5951,5954,5955,5950,162
2016-01-07 14:57:00,2016-01-07 14:58:00,5953,5955,5958,5953,5954,5956,5960,5954,132
2016-01-07 14:58:00,2016-01-07 14:59:00,5955,5956,5957,5953,5956,5957,5958,5954,128
2016-01-07 14:59:00,2016-01-07 15:00:00,5956,5949,5955,5949,5957,5950,5957,5950,148
2016-01-07 15:00:00,2016-01-07 15:01:00,5949,5952,5952,5948,5950,5953,5953,5949,138
2016-01-07 15:01:00,2016-01-07 15:02:00,5952,5950,5954,5949,5953,5951,5955,5950,108
2016-01-07 15:02:00,2016-01-07 15:03:00,5950,5946,5950,5945,5951,5947,5951,5946,130
2016-01-07 15:03:00,2016-01-07 15:04:00,5946,5946,5949,5945,5947,5947,5950,5946,100
2016-01-07 15:04:00,2016-01-07 15:05:00,5946,5943,5945,5941,5947,5944,5947,5942,112
2016-01-07 15:05:00,2016-01-07 15:06:00,5943,5943,5945,5942,5944,5944,5946,5943,74
2016-01-07 15:06:00,2016-01-07 15:07:00,5943,5945,5946,5942,5944,5946,5947,5943,88
2016-01-07 15:07:00,2016-01-07 15:08:00,5945,5946,5947,5944,5946,5947,5949,5945,96
2016-01-07 15:08:00,2016-01-07 15:09:00,5946,5946,5947,5945,5947,5947,5948,5946,98
2016-01-07 15:09:00,2016-01-07 15:10:00,5946,5943,5947,5942,5947,5944,5948,5944,90
2016-01-07 15:10:00,2016-01-07 15:11:00,5943,5945,5946,5943,5944,5946,5947,5944,112
2016-01-07 15:11:00,2016-01-07 15:12:00,5945,5944,5946,5941,5946,5945,5947,5942,94
2016-01-07 15:12:00,2016-01-07 15:13:00,5944,5952,5952,5944,5945,5953,5953,5946,120
2016-01-07 15:13:00,2016-01-07 15:14:00,5952,5954,5954,5950,5953,5955,5955,5951,104
2016-01-07 15:14:00,2016-01-07 15:15:00,5954,5960,5960,5954,5955,5961,5961,5955,110
2016-01-07 15:15:00,2016-01-07 15:16:00,5960,5955,5959,5955,5961,5956,5961,5956,86
2016-01-07 15:16:00,2016-01-07 15:17:00,5955,5958,5961,5955,5956,5960,5962,5956,143
2016-01-07 15:17:00,2016-01-07 15:18:00,5958,5961,5962,5956,5960,5962,5963,5957,117
2016-01-07 15:18:00,2016-01-07 15:19:00,5961,5960,5962,5958,5962,5961,5963,5959,120
2016-01-07 15:19:00,2016-01-07 15:20:00,5960,5961,5963,5959,5961,5962,5964,5961,108
2016-01-07 15:20:00,2016-01-07 15:21:00,5961,5952,5960,5952,5962,5953,5962,5953,152
2016-01-07 15:21:00,2016-01-07 15:22:00,5952,5949,5953,5948,5953,5950,5954,5949,134
2016-01-07 15:22:00,2016-01-07 15:23:00,5949,5947,5950,5945,5950,5948,5951,5946,132
2016-01-07 15:23:00,2016-01-07 15:24:00,5947,5942,5946,5939,5948,5943,5948,5941,236
2016-01-07 15:24:00,2016-01-07 15:25:00,5942,5945,5945,5942,5943,5946,5946,5943,138
2016-01-07 15:25:00,2016-01-07 15:26:00,5945,5947,5948,5944,5946,5948,5950,5946,112
2016-01-07 15:26:00,2016-01-07 15:27:00,5947,5949,5950,5947,5948,5950,5951,5948,102
2016-01-07 15:27:00,2016-01-07 15:28:00,5949,5940,5949,5939,5950,5941,5950,5941,144
2016-01-07 15:28:00,2016-01-07 15:29:00,5940,5943,5946,5940,5941,5944,5947,5941,144
2016-01-07 15:29:00,2016-01-07 15:30:00,5943,5951,5953,5943,5944,5952,5954,5945,116
2016-01-07 15:30:00,2016-01-07 15:31:00,5951,5953,5954,5950,5952,5954,5955,5951,110
2016-01-07 15:31:00,2016-01-07 15:32:00,5953,5953,5955,5950,5954,5954,5956,5951,138
2016-01-07 15:32:00,2016-01-07 15:33:00,5953,5955,5956,5952,5954,5956,5958,5953,198
2016-01-07 15:33:00,2016-01-07 15:34:00,5955,5961,5961,5955,5956,5962,5962,5956,182
2016-01-07 15:34:00,2016-01-07 15:35:00,5961,5960,5962,5958,5962,5961,5963,5959,128
2016-01-07 15:35:00,2016-01-07 15:36:00,5960,5961,5964,5960,5961,5962,5965,5961,94
2016-01-07 15:36:00,2016-01-07 15:37:00,5961,5962,5964,5961,5962,5963,5965,5962,98
2016-01-07 15:37:00,2016-01-07 15:38:00,5962,5962,5962,5959,5963,5963,5964,5961,132
2016-01-07 15:38:00,2016-01-07 15:39:00,5962,5959,5962,5958,5963,5960,5963,5959,134
2016-01-07 15:39:00,2016-01-07 15:40:00,5959,5959,5960,5958,5960,5960,5962,5959,137
2016-01-07 15:40:00,2016-01-07 15:41:00,5959,5956,5959,5953,5960,5957,5960,5954,123
2016-01-07 15:41:00,2016-01-07 15:42:00,5956,5961,5963,5956,5957,5962,5964,5958,96
2016-01-07 15:42:00,2016-01-07 15:43:00,5961,5959,5964,5958,5962,5960,5965,5959,110
2016-01-07 15:43:00,2016-01-07 15:44:00,5959,5957,5961,5956,5960,5958,5963,5957,92
2016-01-07 15:44:00,2016-01-07 15:45:00,5957,5954,5957,5953,5958,5955,5958,5954,56
2016-01-07 15:45:00,2016-01-07 15:46:00,5954,5959,5960,5953,5955,5961,5961,5954,105
2016-01-07 15:46:00,2016-01-07 15:47:00,5959,5959,5962,5958,5961,5960,5963,5959,84
2016-01-07 15:47:00,2016-01-07 15:48:00,5959,5960,5962,5958,5960,5961,5963,5959,84
2016-01-07 15:48:00,2016-01-07 15:49:00,5960,5962,5965,5960,5961,5963,5966,5962,94
2016-01-07 15:49:00,2016-01-07 15:50:00,5962,5966,5967,5962,5963,5968,5968,5963,123
2016-01-07 15:50:00,2016-01-07 15:51:00,5966,5971,5972,5966,5968,5972,5973,5967,83
2016-01-07 15:51:00,2016-01-07 15:52:00,5971,5971,5972,5969,5972,5972,5973,5970,100
2016-01-07 15:52:00,2016-01-07 15:53:00,5971,5974,5975,5970,5972,5976,5976,5971,95
2016-01-07 15:53:00,2016-01-07 15:54:00,5974,5971,5974,5970,5976,5973,5976,5971,102
2016-01-07 15:54:00,2016-01-07 15:55:00,5971,5975,5976,5971,5973,5977,5977,5972,88
2016-01-07 15:55:00,2016-01-07 15:56:00,5975,5975,5977,5973,5977,5976,5978,5975,69
2016-01-07 15:56:00,2016-01-07 15:57:00,5975,5970,5976,5970,5976,5971,5977,5971,134
2016-01-07 15:57:00,2016-01-07 15:58:00,5970,5973,5974,5970,5971,5974,5975,5971,72
2016-01-07 15:58:00,2016-01-07 15:59:00,5973,5970,5975,5969,5974,5972,5976,5970,101
2016-01-07 15:59:00,2016-01-07 16:00:00,5970,5974,5975,5969,5972,5975,5976,5970,161
2016-01-07 16:00:00,2016-01-07 16:01:00,5974,5970,5976,5969,5975,5971,5977,5970,170
2016-01-07 16:01:00,2016-01-07 16:02:00,5970,5968,5972,5968,5971,5970,5973,5970,155
2016-01-07 16:02:00,2016-01-07 16:03:00,5968,5964,5969,5964,5970,5965,5970,5965,125
2016-01-07 16:03:00,2016-01-07 16:04:00,5964,5966,5966,5963,5965,5967,5967,5964,84
2016-01-07 16:04:00,2016-01-07 16:05:00,5966,5965,5967,5963,5967,5967,5968,5964,61
2016-01-07 16:05:00,2016-01-07 16:06:00,5965,5959,5965,5959,5967,5960,5967,5960,113
2016-01-07 16:06:00,2016-01-07 16:07:00,5959,5955,5959,5954,5960,5956,5960,5955,158
2016-01-07 16:07:00,2016-01-07 16:08:00,5955,5953,5955,5953,5956,5954,5957,5954,68
2016-01-07 16:08:00,2016-01-07 16:09:00,5953,5952,5957,5952,5954,5954,5958,5953,163
2016-01-07 16:09:00,2016-01-07 16:10:00,5952,5949,5953,5949,5954,5950,5954,5950,177
2016-01-07 16:10:00,2016-01-07 16:11:00,5949,5953,5953,5948,5950,5954,5954,5949,100
2016-01-07 16:11:00,2016-01-07 16:12:00,5953,5946,5954,5944,5954,5947,5955,5945,126
2016-01-07 16:12:00,2016-01-07 16:13:00,5946,5945,5947,5944,5947,5946,5948,5945,150
2016-01-07 16:13:00,2016-01-07 16:14:00,5945,5947,5949,5944,5946,5948,5950,5945,70
2016-01-07 16:14:00,2016-01-07 16:15:00,5947,5944,5947,5941,5948,5945,5948,5942,180
2016-01-07 16:15:00,2016-01-07 16:16:00,5944,5944,5948,5943,5945,5945,5949,5944,176
2016-01-07 16:16:00,2016-01-07 16:17:00,5944,5947,5947,5944,5945,5948,5949,5945,146
2016-01-07 16:17:00,2016-01-07 16:18:00,5947,5945,5948,5944,5948,5946,5949,5945,110
2016-01-07 16:18:00,2016-01-07 16:19:00,5945,5939,5945,5938,5946,5940,5946,5939,176
2016-01-07 16:19:00,2016-01-07 16:20:00,5939,5947,5947,5939,5940,5948,5948,5940,86
2016-01-07 16:20:00,2016-01-07 16:21:00,5947,5948,5949,5946,5948,5949,5950,5947,132
2016-01-07 16:21:00,2016-01-07 16:22:00,5948,5948,5948,5944,5949,5949,5950,5945,162
2016-01-07 16:22:00,2016-01-07 16:23:00,5948,5943,5948,5942,5949,5944,5949,5944,114
2016-01-07 16:23:00,2016-01-07 16:24:00,5943,5942,5942,5939,5944,5943,5944,5940,82
2016-01-07 16:24:00,2016-01-07 16:25:00,5942,5944,5946,5941,5943,5945,5947,5942,118
2016-01-07 16:25:00,2016-01-07 16:26:00,5944,5945,5946,5944,5945,5946,5947,5945,112
2016-01-07 16:26:00,2016-01-07 16:27:00,5945,5945,5946,5942,5946,5946,5947,5943,132
2016-01-07 16:27:00,2016-01-07 16:28:00,5945,5949,5950,5944,5946,5951,5951,5946,157
2016-01-07 16:28:00,2016-01-07 16:29:00,5949,5948,5950,5944,5951,5949,5951,5945,351
2016-01-07 16:29:00,2016-01-07 16:30:00,5948,5951,5952,5945,5949,5952,5953,5946,188
2016-01-07 16:30:00,2016-01-07 16:31:00,5951,5952,5953,5949,5952,5954,5954,5950,115
2016-01-07 16:31:00,2016-01-07 16:32:00,5952,5948,5955,5946,5954,5949,5957,5947,193
2016-01-07 16:32:00,2016-01-07 16:33:00,5948,5955,5957,5948,5949,5956,5958,5949,128
2016-01-07 16:33:00,2016-01-07 16:34:00,5955,5950,5955,5950,5956,5951,5956,5951,196
2016-01-07 16:34:00,2016-01-07 16:35:00,5950,5953,5955,5949,5951,5954,5956,5950,185
2016-01-07 16:35:00,2016-01-07 16:36:00,5953,5956,5956,5952,5954,5958,5958,5954,135
2016-01-07 16:36:00,2016-01-07 16:37:00,5956,5956,5957,5953,5958,5957,5958,5955,61
2016-01-07 16:37:00,2016-01-07 16:38:00,5956,5959,5961,5956,5957,5961,5962,5957,55
2016-01-07 16:38:00,2016-01-07 16:39:00,5959,5956,5960,5954,5961,5958,5961,5956,78
2016-01-07 16:39:00,2016-01-07 16:41:00,5954,5954,5956,5951,5955,5955,5958,5953,46
2016-01-07 16:41:00,2016-01-07 16:42:00,5954,5956,5957,5953,5955,5958,5958,5954,75
2016-01-07 16:42:00,2016-01-07 16:43:00,5956,5959,5961,5954,5958,5961,5962,5956,82
2016-01-07 16:43:00,2016-01-07 16:44:00,5959,5959,5961,5958,5961,5960,5962,5960,57
2016-01-07 16:44:00,2016-01-07 16:45:00,5959,5948,5959,5948,5960,5949,5961,5949,121
2016-01-07 16:45:00,2016-01-07 16:46:00,5948,5944,5949,5944,5949,5946,5950,5945,81
2016-01-07 16:46:00,2016-01-07 16:47:00,5944,5944,5947,5944,5946,5945,5948,5945,65
2016-01-07 16:47:00,2016-01-07 16:48:00,5944,5944,5945,5943,5945,5946,5947,5944,61
2016-01-07 16:48:00,2016-01-07 16:49:00,5944,5946,5946,5943,5946,5947,5947,5945,21
2016-01-07 16:49:00,2016-01-07 16:50:00,5946,5947,5949,5944,5947,5948,5951,5945,58
2016-01-07 16:50:00,2016-01-07 16:51:00,5947,5949,5950,5947,5948,5950,5951,5948,24
2016-01-07 16:51:00,2016-01-07 16:52:00,5949,5947,5950,5947,5950,5948,5951,5948,34
2016-01-07 16:52:00,2016-01-07 16:53:00,5947,5944,5947,5943,5948,5945,5949,5944,72
2016-01-07 16:53:00,2016-01-07 16:54:00,5944,5943,5945,5941,5945,5944,5946,5943,64
2016-01-07 16:54:00,2016-01-07 16:55:00,5943,5945,5946,5942,5944,5947,5947,5943,77
2016-01-07 16:55:00,2016-01-07 16:56:00,5945,5945,5947,5943,5947,5947,5948,5945,66
2016-01-07 16:56:00,2016-01-07 16:57:00,5945,5943,5945,5942,5947,5944,5946,5943,63
2016-01-07 16:57:00,2016-01-07 16:58:00,5943,5944,5945,5942,5944,5946,5947,5943,47
2016-01-07 16:58:00,2016-01-07 16:59:00,5944,5942,5945,5942,5946,5944,5946,5943,66
2016-01-07 16:59:00,2016-01-07 17:00:00,5942,5942,5943,5940,5944,5944,5944,5941,94
2016-01-07 17:00:00,2016-01-07 17:01:00,5942,5945,5946,5941,5944,5947,5947,5942,60
2016-01-07 17:01:00,2016-01-07 17:02:00,5945,5947,5947,5943,5947,5948,5948,5945,57
2016-01-07 17:02:00,2016-01-07 17:03:00,5947,5947,5948,5945,5948,5948,5949,5946,40
2016-01-07 17:03:00,2016-01-07 17:04:00,5947,5946,5947,5943,5948,5947,5948,5945,34
2016-01-07 17:04:00,2016-01-07 17:05:00,5946,5945,5946,5943,5947,5947,5947,5944,89
2016-01-07 17:05:00,2016-01-07 17:06:00,5945,5942,5946,5941,5947,5943,5947,5942,75
2016-01-07 17:06:00,2016-01-07 17:07:00,5942,5944,5944,5941,5943,5945,5945,5942,62
2016-01-07 17:07:00,2016-01-07 17:08:00,5944,5945,5946,5943,5945,5946,5947,5945,52
2016-01-07 17:08:00,2016-01-07 17:09:00,5945,5942,5945,5941,5946,5943,5947,5942,50
2016-01-07 17:09:00,2016-01-07 17:10:00,5942,5945,5947,5941,5943,5947,5948,5942,83
2016-01-07 17:10:00,2016-01-07 17:11:00,5945,5947,5947,5944,5947,5948,5949,5945,63
2016-01-07 17:11:00,2016-01-07 17:12:00,5947,5948,5949,5946,5948,5949,5950,5947,66
2016-01-07 17:12:00,2016-01-07 17:13:00,5948,5942,5948,5941,5949,5943,5950,5943,54
2016-01-07 17:13:00,2016-01-07 17:14:00,5942,5946,5947,5942,5943,5948,5948,5944,77
2016-01-07 17:14:00,2016-01-07 17:15:00,5946,5947,5948,5945,5948,5949,5949,5946,38
2016-01-07 17:15:00,2016-01-07 17:16:00,5947,5950,5950,5946,5949,5951,5951,5948,39
2016-01-07 17:16:00,2016-01-07 17:17:00,5950,5953,5954,5949,5951,5954,5955,5950,64
2016-01-07 17:17:00,2016-01-07 17:18:00,5953,5951,5953,5950,5954,5952,5955,5952,32
2016-01-07 17:18:00,2016-01-07 17:19:00,5951,5949,5952,5949,5952,5951,5953,5950,45
2016-01-07 17:19:00,2016-01-07 17:20:00,5949,5951,5952,5948,5951,5952,5953,5950,45
2016-01-07 17:20:00,2016-01-07 17:21:00,5951,5949,5951,5949,5952,5950,5953,5950,30
2016-01-07 17:21:00,2016-01-07 17:22:00,5949,5948,5950,5947,5950,5950,5952,5948,55
2016-01-07 17:22:00,2016-01-07 17:23:00,5948,5947,5949,5946,5950,5949,5951,5947,40
2016-01-07 17:23:00,2016-01-07 17:24:00,5947,5946,5947,5945,5949,5947,5949,5946,63
2016-01-07 17:24:00,2016-01-07 17:25:00,5946,5944,5947,5944,5947,5946,5948,5946,47
2016-01-07 17:25:00,2016-01-07 17:26:00,5944,5944,5946,5944,5946,5946,5947,5945,18
2016-01-07 17:26:00,2016-01-07 17:27:00,5944,5945,5946,5944,5946,5946,5947,5945,23
2016-01-07 17:27:00,2016-01-07 17:28:00,5945,5943,5945,5942,5946,5944,5947,5943,54
2016-01-07 17:28:00,2016-01-07 17:29:00,5943,5942,5943,5941,5944,5943,5944,5942,30
2016-01-07 17:29:00,2016-01-07 17:30:00,5942,5943,5943,5941,5943,5944,5944,5943,26
2016-01-07 17:30:00,2016-01-07 17:33:00,5945,5947,5947,5945,5946,5948,5948,5946,52
2016-01-07 17:33:00,2016-01-07 17:34:00,5947,5947,5948,5946,5948,5949,5949,5947,51
2016-01-07 17:34:00,2016-01-07 17:35:00,5947,5944,5947,5944,5949,5946,5949,5945,46
2016-01-07 17:35:00,2016-01-07 17:36:00,5944,5941,5944,5941,5946,5943,5945,5942,44
2016-01-07 17:36:00,2016-01-07 17:37:00,5941,5939,5941,5937,5943,5940,5942,5938,39
2016-01-07 17:37:00,2016-01-07 17:38:00,5939,5935,5939,5935,5940,5936,5940,5936,44
2016-01-07 17:38:00,2016-01-07 17:39:00,5935,5935,5936,5933,5936,5936,5937,5934,24
2016-01-07 17:39:00,2016-01-07 17:40:00,5935,5937,5939,5934,5936,5939,5940,5936,55
2016-01-07 17:40:00,2016-01-07 17:41:00,5937,5938,5939,5936,5939,5940,5940,5938,36
2016-01-07 17:41:00,2016-01-07 17:42:00,5938,5939,5939,5937,5940,5940,5940,5938,31
2016-01-07 17:42:00,2016-01-07 17:43:00,5939,5937,5939,5937,5940,5938,5940,5938,28
2016-01-07 17:43:00,2016-01-07 17:44:00,5937,5938,5939,5937,5938,5939,5941,5939,24
2016-01-07 17:44:00,2016-01-07 17:45:00,5938,5941,5942,5937,5939,5943,5943,5938,39
2016-01-07 17:45:00,2016-01-07 17:46:00,5941,5941,5943,5940,5943,5943,5944,5941,38
2016-01-07 17:46:00,2016-01-07 17:47:00,5941,5940,5942,5939,5943,5942,5943,5940,28
2016-01-07 17:47:00,2016-01-07 17:48:00,5940,5942,5942,5941,5942,5943,5944,5942,33
2016-01-07 17:48:00,2016-01-07 17:49:00,5942,5941,5942,5940,5943,5943,5944,5941,21
2016-01-07 17:49:00,2016-01-07 17:50:00,5941,5939,5941,5938,5943,5941,5943,5939,22
2016-01-07 17:50:00,2016-01-07 17:51:00,5939,5938,5940,5938,5941,5940,5941,5939,16
2016-01-07 17:51:00,2016-01-07 17:52:00,5938,5941,5941,5938,5940,5942,5942,5939,39
2016-01-07 17:52:00,2016-01-07 17:53:00,5941,5940,5942,5939,5942,5941,5943,5941,40
2016-01-07 17:53:00,2016-01-07 17:54:00,5940,5937,5940,5936,5941,5939,5941,5937,45
2016-01-07 17:54:00,2016-01-07 17:55:00,5937,5936,5938,5936,5939,5937,5939,5937,39
2016-01-07 17:55:00,2016-01-07 17:56:00,5936,5937,5938,5936,5937,5939,5939,5937,31
2016-01-07 17:56:00,2016-01-07 17:57:00,5937,5937,5939,5937,5939,5938,5940,5938,17
2016-01-07 17:57:00,2016-01-07 17:58:00,5937,5930,5936,5930,5938,5932,5938,5931,79
2016-01-07 17:58:00,2016-01-07 17:59:00,5930,5931,5931,5929,5932,5932,5932,5930,41
2016-01-07 17:59:00,2016-01-07 18:00:00,5931,5930,5933,5930,5932,5932,5934,5931,21
2016-01-07 18:00:00,2016-01-07 18:01:00,5930,5930,5931,5929,5932,5931,5932,5930,29
2016-01-07 18:01:00,2016-01-07 18:02:00,5930,5926,5930,5926,5931,5928,5931,5927,53
2016-01-07 18:02:00,2016-01-07 18:03:00,5926,5930,5930,5926,5928,5931,5932,5927,31
2016-01-07 18:03:00,2016-01-07 18:04:00,5930,5928,5930,5928,5931,5930,5932,5929,29
2016-01-07 18:04:00,2016-01-07 18:05:00,5928,5923,5928,5923,5930,5924,5929,5924,25
2016-01-07 18:05:00,2016-01-07 18:06:00,5923,5924,5925,5923,5924,5925,5926,5924,34
2016-01-07 18:06:00,2016-01-07 18:07:00,5924,5921,5924,5920,5925,5922,5925,5922,32
2016-01-07 18:07:00,2016-01-07 18:08:00,5921,5918,5921,5918,5922,5919,5922,5919,42
2016-01-07 18:08:00,2016-01-07 18:09:00,5918,5919,5920,5917,5919,5920,5921,5918,56
2016-01-07 18:09:00,2016-01-07 18:10:00,5919,5916,5919,5916,5920,5918,5920,5918,31
2016-01-07 18:10:00,2016-01-07 18:11:00,5916,5917,5919,5916,5918,5918,5920,5917,27
2016-01-07 18:11:00,2016-01-07 18:12:00,5917,5915,5918,5914,5918,5916,5919,5916,60
2016-01-07 18:12:00,2016-01-07 18:13:00,5915,5913,5916,5910,5916,5915,5917,5911,225
2016-01-07 18:13:00,2016-01-07 18:14:00,5913,5915,5916,5912,5915,5917,5917,5913,66
2016-01-07 18:14:00,2016-01-07 18:15:00,5915,5914,5916,5913,5917,5916,5917,5914,58
2016-01-07 18:15:00,2016-01-07 18:16:00,5914,5912,5914,5907,5916,5913,5915,5908,91
2016-01-07 18:16:00,2016-01-07 18:17:00,5912,5911,5913,5910,5913,5912,5915,5912,56
2016-01-07 18:17:00,2016-01-07 18:18:00,5911,5909,5911,5908,5912,5910,5912,5910,46
2016-01-07 18:18:00,2016-01-07 18:19:00,5909,5908,5910,5907,5910,5910,5912,5908,47
2016-01-07 18:19:00,2016-01-07 18:20:00,5908,5904,5909,5901,5910,5905,5910,5902,85
2016-01-07 18:20:00,2016-01-07 18:21:00,5904,5899,5906,5899,5905,5900,5907,5900,99
2016-01-07 18:21:00,2016-01-07 18:22:00,5899,5904,5904,5899,5900,5905,5905,5900,62
2016-01-07 18:22:00,2016-01-07 18:23:00,5904,5906,5907,5904,5905,5908,5908,5905,39
2016-01-07 18:23:00,2016-01-07 18:24:00,5906,5906,5907,5903,5908,5907,5908,5905,41
2016-01-07 18:24:00,2016-01-07 18:25:00,5906,5910,5911,5905,5907,5912,5912,5907,79
2016-01-07 18:25:00,2016-01-07 18:26:00,5910,5910,5911,5909,5912,5912,5913,5910,46
2016-01-07 18:26:00,2016-01-07 18:27:00,5910,5911,5912,5908,5912,5913,5913,5910,32
2016-01-07 18:27:00,2016-01-07 18:28:00,5911,5908,5911,5908,5913,5909,5913,5909,37
2016-01-07 18:28:00,2016-01-07 18:29:00,5908,5906,5909,5905,5909,5907,5910,5906,50
2016-01-07 18:29:00,2016-01-07 18:30:00,5906,5903,5905,5903,5907,5904,5907,5904,68
2016-01-07 18:30:00,2016-01-07 18:31:00,5903,5902,5903,5900,5904,5903,5904,5901,80
2016-01-07 18:31:00,2016-01-07 18:32:00,5902,5903,5905,5901,5903,5904,5906,5902,62
2016-01-07 18:32:00,2016-01-07 18:33:00,5903,5900,5903,5899,5904,5901,5904,5900,54
2016-01-07 18:33:00,2016-01-07 18:34:00,5900,5901,5901,5896,5901,5902,5902,5897,86
2016-01-07 18:34:00,2016-01-07 18:35:00,5901,5897,5903,5897,5902,5898,5904,5898,66
2016-01-07 18:35:00,2016-01-07 18:36:00,5897,5894,5897,5893,5898,5895,5898,5895,94
2016-01-07 18:36:00,2016-01-07 18:37:00,5894,5891,5896,5890,5895,5892,5897,5891,68
2016-01-07 18:37:00,2016-01-07 18:38:00,5891,5886,5892,5885,5892,5888,5893,5886,71
2016-01-07 18:38:00,2016-01-07 18:39:00,5886,5891,5892,5887,5888,5893,5894,5888,46
2016-01-07 18:39:00,2016-01-07 18:40:00,5891,5887,5892,5887,5893,5888,5893,5888,59
2016-01-07 18:40:00,2016-01-07 18:41:00,5887,5890,5891,5885,5888,5891,5892,5886,78
2016-01-07 18:41:00,2016-01-07 18:42:00,5890,5892,5893,5888,5891,5894,5894,5890,91
2016-01-07 18:42:00,2016-01-07 18:43:00,5892,5895,5896,5892,5894,5897,5897,5893,80
2016-01-07 18:43:00,2016-01-07 18:44:00,5895,5896,5897,5893,5897,5897,5898,5894,71
2016-01-07 18:44:00,2016-01-07 18:45:00,5896,5897,5898,5894,5897,5898,5899,5895,54
2016-01-07 18:45:00,2016-01-07 18:46:00,5897,5897,5898,5896,5898,5898,5899,5897,22
2016-01-07 18:46:00,2016-01-07 18:47:00,5897,5897,5898,5895,5898,5899,5900,5896,67
2016-01-07 18:47:00,2016-01-07 18:48:00,5897,5898,5899,5895,5899,5900,5901,5896,56
2016-01-07 18:48:00,2016-01-07 18:49:00,5898,5900,5901,5897,5900,5902,5903,5898,50
2016-01-07 18:49:00,2016-01-07 18:50:00,5900,5902,5902,5899,5902,5903,5903,5900,45
2016-01-07 18:50:00,2016-01-07 18:51:00,5902,5901,5904,5899,5903,5902,5905,5901,68
2016-01-07 18:51:00,2016-01-07 18:52:00,5901,5905,5905,5900,5902,5906,5906,5901,38
2016-01-07 18:52:00,2016-01-07 18:53:00,5905,5906,5907,5904,5906,5907,5908,5905,40
2016-01-07 18:53:00,2016-01-07 18:54:00,5906,5905,5906,5905,5907,5907,5907,5906,41
2016-01-07 18:54:00,2016-01-07 18:55:00,5905,5906,5908,5905,5907,5907,5909,5906,31
2016-01-07 18:55:00,2016-01-07 18:56:00,5906,5905,5905,5903,5907,5907,5907,5905,37
2016-01-07 18:56:00,2016-01-07 18:57:00,5905,5902,5905,5901,5907,5903,5907,5903,27
2016-01-07 18:57:00,2016-01-07 18:58:00,5902,5900,5903,5899,5903,5902,5905,5900,41
2016-01-07 18:58:00,2016-01-07 18:59:00,5900,5900,5900,5898,5902,5901,5901,5899,25
2016-01-07 18:59:00,2016-01-07 19:00:00,5900,5902,5902,5898,5901,5903,5903,5900,48
2016-01-07 19:00:00,2016-01-07 19:01:00,5902,5898,5904,5898,5903,5899,5905,5899,32
2016-01-07 19:01:00,2016-01-07 19:02:00,5898,5898,5900,5897,5899,5900,5901,5898,51
2016-01-07 19:02:00,2016-01-07 19:03:00,5898,5897,5898,5894,5900,5898,5900,5896,55
2016-01-07 19:03:00,2016-01-07 19:04:00,5897,5897,5900,5896,5898,5899,5901,5898,73
2016-01-07 19:04:00,2016-01-07 19:05:00,5897,5895,5897,5893,5899,5897,5898,5895,48
2016-01-07 19:05:00,2016-01-07 19:06:00,5895,5894,5898,5894,5897,5896,5899,5896,50
2016-01-07 19:06:00,2016-01-07 19:07:00,5894,5898,5898,5893,5896,5899,5900,5894,41
2016-01-07 19:07:00,2016-01-07 19:08:00,5898,5898,5901,5897,5899,5900,5902,5899,37
2016-01-07 19:08:00,2016-01-07 19:09:00,5898,5897,5899,5895,5900,5898,5900,5896,37
2016-01-07 19:09:00,2016-01-07 19:10:00,5897,5894,5896,5893,5898,5896,5898,5894,45
2016-01-07 19:10:00,2016-01-07 19:11:00,5894,5900,5900,5895,5896,5901,5902,5896,79
2016-01-07 19:11:00,2016-01-07 19:12:00,5900,5900,5903,5899,5901,5902,5904,5900,37
2016-01-07 19:12:00,2016-01-07 19:13:00,5900,5898,5900,5897,5902,5900,5902,5899,42
2016-01-07 19:13:00,2016-01-07 19:14:00,5898,5895,5899,5895,5900,5897,5900,5896,38
2016-01-07 19:14:00,2016-01-07 19:15:00,5895,5896,5897,5894,5897,5897,5899,5895,41
2016-01-07 19:15:00,2016-01-07 19:16:00,5896,5899,5900,5896,5897,5900,5901,5897,44
2016-01-07 19:16:00,2016-01-07 19:17:00,5899,5895,5899,5894,5900,5896,5901,5896,34
2016-01-07 19:17:00,2016-01-07 19:18:00,5895,5899,5900,5895,5896,5901,5902,5896,59
2016-01-07 19:18:00,2016-01-07 19:19:00,5899,5902,5902,5898,5901,5903,5904,5900,43
2016-01-07 19:19:00,2016-01-07 19:20:00,5902,5900,5904,5900,5903,5901,5905,5901,58
2016-01-07 19:20:00,2016-01-07 19:21:00,5900,5902,5904,5900,5901,5903,5906,5902,74
2016-01-07 19:21:00,2016-01-07 19:22:00,5902,5902,5904,5900,5903,5903,5905,5901,40
2016-01-07 19:22:00,2016-01-07 19:23:00,5902,5901,5902,5900,5903,5902,5903,5901,30
2016-01-07 19:23:00,2016-01-07 19:24:00,5901,5900,5901,5899,5902,5902,5903,5901,45
2016-01-07 19:24:00,2016-01-07 19:25:00,5900,5901,5902,5899,5902,5902,5904,5901,39
2016-01-07 19:25:00,2016-01-07 19:26:00,5901,5900,5902,5899,5902,5901,5903,5901,36
2016-01-07 19:26:00,2016-01-07 19:27:00,5900,5900,5901,5897,5901,5902,5902,5898,49
2016-01-07 19:27:00,2016-01-07 19:28:00,5900,5897,5900,5897,5902,5899,5902,5898,50
2016-01-07 19:28:00,2016-01-07 19:29:00,5897,5894,5897,5893,5899,5896,5899,5894,70
2016-01-07 19:29:00,2016-01-07 19:30:00,5894,5896,5897,5891,5896,5897,5899,5893,67
2016-01-07 19:30:00,2016-01-07 19:31:00,5896,5898,5898,5895,5897,5899,5900,5896,74
2016-01-07 19:31:00,2016-01-07 19:32:00,5898,5896,5898,5895,5899,5897,5899,5896,44
2016-01-07 19:32:00,2016-01-07 19:33:00,5896,5891,5896,5890,5897,5892,5898,5892,90
2016-01-07 19:33:00,2016-01-07 19:34:00,5891,5891,5894,5887,5892,5892,5895,5888,136
2016-01-07 19:34:00,2016-01-07 19:35:00,5891,5891,5894,5890,5892,5893,5896,5891,95
2016-01-07 19:35:00,2016-01-07 19:36:00,5891,5899,5899,5891,5893,5900,5901,5892,85
2016-01-07 19:36:00,2016-01-07 19:37:00,5899,5896,5898,5895,5900,5898,5900,5896,43
2016-01-07 19:37:00,2016-01-07 19:38:00,5896,5895,5897,5894,5898,5896,5898,5896,27
2016-01-07 19:38:00,2016-01-07 19:39:00,5895,5901,5901,5894,5896,5902,5902,5895,34
2016-01-07 19:39:00,2016-01-07 19:40:00,5901,5899,5901,5898,5902,5901,5903,5899,43
2016-01-07 19:40:00,2016-01-07 19:41:00,5899,5899,5901,5898,5901,5901,5902,5899,48
2016-01-07 19:41:00,2016-01-07 19:42:00,5899,5903,5905,5899,5901,5905,5906,5900,62
2016-01-07 19:42:00,2016-01-07 19:43:00,5903,5904,5905,5902,5905,5906,5907,5903,52
2016-01-07 19:43:00,2016-01-07 19:44:00,5904,5908,5909,5905,5906,5910,5911,5906,62
2016-01-07 19:44:00,2016-01-07 19:45:00,5908,5906,5909,5906,5910,5907,5910,5907,41
2016-01-07 19:45:00,2016-01-07 19:46:00,5906,5907,5908,5905,5907,5908,5909,5906,30
2016-01-07 19:46:00,2016-01-07 19:47:00,5907,5910,5910,5906,5908,5911,5911,5908,30
2016-01-07 19:47:00,2016-01-07 19:48:00,5910,5911,5912,5908,5911,5912,5913,5909,52
2016-01-07 19:48:00,2016-01-07 19:49:00,5911,5912,5913,5909,5912,5914,5914,5910,47
2016-01-07 19:49:00,2016-01-07 19:50:00,5912,5908,5913,5907,5914,5910,5915,5909,70
2016-01-07 19:50:00,2016-01-07 19:51:00,5908,5907,5908,5905,5910,5909,5910,5907,58
2016-01-07 19:51:00,2016-01-07 19:52:00,5907,5907,5908,5906,5909,5908,5909,5907,43
2016-01-07 19:52:00,2016-01-07 19:53:00,5907,5908,5910,5907,5908,5910,5911,5908,29
2016-01-07 19:53:00,2016-01-07 19:54:00,5908,5906,5910,5905,5910,5907,5911,5907,37
2016-01-07 19:54:00,2016-01-07 19:55:00,5906,5905,5907,5904,5907,5907,5909,5905,39
2016-01-07 19:55:00,2016-01-07 19:56:00,5905,5907,5907,5903,5907,5909,5909,5904,30
2016-01-07 19:56:00,2016-01-07 19:57:00,5907,5903,5907,5903,5909,5905,5908,5904,22
2016-01-07 19:57:00,2016-01-07 19:58:00,5903,5897,5904,5897,5905,5898,5905,5898,79
2016-01-07 19:58:00,2016-01-07 19:59:00,5897,5895,5898,5895,5898,5897,5899,5896,55
2016-01-07 19:59:00,2016-01-07 20:00:00,5895,5895,5896,5893,5897,5896,5898,5895,47
2016-01-07 20:00:00,2016-01-07 20:01:00,5895,5893,5895,5892,5896,5895,5896,5893,37
2016-01-07 20:01:00,2016-01-07 20:02:00,5893,5891,5895,5890,5895,5892,5896,5891,33
2016-01-07 20:02:00,2016-01-07 20:03:00,5891,5894,5896,5889,5892,5896,5897,5890,71
2016-01-07 20:03:00,2016-01-07 20:04:00,5894,5891,5895,5890,5896,5892,5896,5891,35
2016-01-07 20:04:00,2016-01-07 20:05:00,5891,5893,5896,5890,5892,5894,5897,5891,58
2016-01-07 20:05:00,2016-01-07 20:06:00,5893,5892,5894,5892,5894,5894,5896,5893,37
2016-01-07 20:06:00,2016-01-07 20:07:00,5892,5895,5895,5892,5894,5896,5896,5893,21
2016-01-07 20:07:00,2016-01-07 20:08:00,5895,5898,5899,5894,5896,5900,5900,5896,35
2016-01-07 20:08:00,2016-01-07 20:09:00,5898,5900,5901,5897,5900,5901,5902,5898,37
2016-01-07 20:09:00,2016-01-07 20:10:00,5900,5901,5904,5898,5901,5903,5906,5900,37
2016-01-07 20:10:00,2016-01-07 20:11:00,5901,5900,5903,5898,5903,5902,5904,5900,26
2016-01-07 20:11:00,2016-01-07 20:12:00,5900,5899,5902,5899,5902,5900,5903,5900,45
2016-01-07 20:12:00,2016-01-07 20:13:00,5899,5893,5900,5893,5900,5895,5901,5894,67
2016-01-07 20:13:00,2016-01-07 20:14:00,5893,5897,5899,5892,5895,5898,5900,5893,81
2016-01-07 20:14:00,2016-01-07 20:15:00,5897,5898,5899,5897,5898,5900,5901,5898,47
2016-01-07 20:15:00,2016-01-07 20:16:00,5898,5892,5898,5891,5900,5894,5900,5893,50
2016-01-07 20:16:00,2016-01-07 20:17:00,5892,5893,5896,5891,5894,5895,5897,5892,62
2016-01-07 20:17:00,2016-01-07 20:18:00,5893,5893,5896,5892,5895,5894,5897,5894,47
2016-01-07 20:18:00,2016-01-07 20:19:00,5893,5894,5894,5891,5894,5896,5896,5892,49
2016-01-07 20:19:00,2016-01-07 20:20:00,5894,5888,5895,5887,5896,5890,5896,5889,50
2016-01-07 20:20:00,2016-01-07 20:21:00,5888,5889,5892,5888,5890,5891,5894,5890,44
2016-01-07 20:21:00,2016-01-07 20:22:00,5889,5889,5890,5885,5891,5891,5891,5886,58
2016-01-07 20:22:00,2016-01-07 20:23:00,5889,5885,5889,5884,5891,5886,5890,5886,53
2016-01-07 20:23:00,2016-01-07 20:24:00,5885,5888,5888,5882,5886,5889,5889,5883,74
2016-01-07 20:24:00,2016-01-07 20:25:00,5888,5884,5888,5883,5889,5886,5890,5885,57
2016-01-07 20:25:00,2016-01-07 20:26:00,5884,5881,5885,5881,5886,5882,5887,5882,45
2016-01-07 20:26:00,2016-01-07 20:27:00,5881,5882,5884,5879,5882,5883,5886,5880,92
2016-01-07 20:27:00,2016-01-07 20:28:00,5882,5882,5883,5878,5883,5883,5884,5880,66
2016-01-07 20:28:00,2016-01-07 20:29:00,5882,5877,5882,5877,5883,5879,5883,5879,73
2016-01-07 20:29:00,2016-01-07 20:30:00,5877,5884,5887,5876,5879,5886,5888,5878,94
2016-01-07 20:30:00,2016-01-07 20:31:00,5884,5887,5888,5883,5886,5889,5890,5885,50
2016-01-07 20:31:00,2016-01-07 20:32:00,5887,5883,5887,5883,5889,5885,5888,5884,56
2016-01-07 20:32:00,2016-01-07 20:33:00,5883,5890,5891,5884,5885,5892,5892,5885,86
2016-01-07 20:33:00,2016-01-07 20:34:00,5890,5894,5896,5889,5892,5896,5897,5891,80
2016-01-07 20:34:00,2016-01-07 20:35:00,5894,5894,5895,5891,5896,5895,5896,5893,55
2016-01-07 20:35:00,2016-01-07 20:36:00,5894,5896,5896,5894,5895,5898,5898,5896,41
2016-01-07 20:36:00,2016-01-07 20:37:00,5896,5900,5900,5896,5898,5901,5901,5898,39
2016-01-07 20:37:00,2016-01-07 20:38:00,5900,5898,5900,5897,5901,5899,5901,5898,40
2016-01-07 20:38:00,2016-01-07 20:39:00,5898,5899,5903,5898,5899,5901,5904,5899,57
2016-01-07 20:39:00,2016-01-07 20:40:00,5899,5898,5899,5896,5901,5899,5900,5897,29
2016-01-07 20:40:00,2016-01-07 20:41:00,5898,5900,5901,5898,5899,5901,5902,5899,48
2016-01-07 20:41:00,2016-01-07 20:42:00,5900,5899,5901,5898,5901,5900,5902,5899,72
2016-01-07 20:42:00,2016-01-07 20:43:00,5899,5897,5898,5892,5900,5898,5900,5894,42
2016-01-07 20:43:00,2016-01-07 20:44:00,5897,5893,5898,5893,5898,5895,5900,5895,61
2016-01-07 20:44:00,2016-01-07 20:45:00,5893,5897,5899,5892,5895,5898,5901,5894,90
2016-01-07 20:45:00,2016-01-07 20:46:00,5897,5904,5904,5896,5898,5906,5906,5897,79
2016-01-07 20:46:00,2016-01-07 20:47:00,5904,5900,5904,5897,5906,5901,5906,5899,47
2016-01-07 20:47:00,2016-01-07 20:48:00,5900,5907,5907,5899,5901,5908,5909,5900,64
2016-01-07 20:48:00,2016-01-07 20:49:00,5907,5903,5908,5902,5908,5904,5909,5904,90
2016-01-07 20:49:00,2016-01-07 20:50:00,5903,5900,5903,5898,5904,5902,5905,5899,87
2016-01-07 20:50:00,2016-01-07 20:51:00,5900,5900,5904,5899,5902,5902,5905,5901,56
2016-01-07 20:51:00,2016-01-07 20:52:00,5900,5897,5901,5897,5902,5899,5903,5898,50
2016-01-07 20:52:00,2016-01-07 20:53:00,5897,5900,5900,5897,5899,5901,5902,5899,33
2016-01-07 20:53:00,2016-01-07 20:54:00,5900,5902,5903,5899,5901,5904,5905,5900,81
2016-01-07 20:54:00,2016-01-07 20:55:00,5902,5907,5908,5903,5904,5909,5909,5904,46
2016-01-07 20:55:00,2016-01-07 20:56:00,5907,5903,5907,5903,5909,5904,5908,5904,52
2016-01-07 20:56:00,2016-01-07 20:57:00,5903,5899,5903,5898,5904,5900,5904,5899,80
2016-01-07 20:57:00,2016-01-07 20:58:00,5899,5890,5899,5889,5900,5891,5901,5891,68
2016-01-07 20:58:00,2016-01-07 20:59:00,5890,5884,5893,5883,5891,5887,5895,5887,91
2016-01-07 20:59:00,2016-01-07 21:00:00,5884,5883,5884,5883,5887,5885,5885,5885,5
2016-01-07 21:00:00,2016-01-07 22:00:00,5883,5883,5883,5883,5885,5885,5885,5885,1
2016-01-07 22:00:00,2016-01-08 07:00:00,5883,5959,5960,5883,5885,5960,5962,5885,96
2016-01-08 07:00:00,2016-01-08 07:01:00,5959,5968,5969,5958,5960,5969,5970,5959,86
2016-01-08 07:01:00,2016-01-08 07:02:00,5968,5969,5970,5964,5969,5971,5971,5965,51
2016-01-08 07:02:00,2016-01-08 07:03:00,5969,5967,5969,5964,5971,5969,5970,5965,30
2016-01-08 07:03:00,2016-01-08 07:04:00,5967,5969,5969,5966,5969,5970,5970,5967,17
2016-01-08 07:04:00,2016-01-08 07:05:00,5969,5969,5969,5967,5970,5971,5971,5968,31
2016-01-08 07:05:00,2016-01-08 07:06:00,5969,5971,5973,5968,5971,5973,5974,5970,46
2016-01-08 07:06:00,2016-01-08 07:07:00,5971,5971,5971,5970,5973,5973,5973,5971,12
2016-01-08 07:07:00,2016-01-08 07:08:00,5971,5973,5974,5971,5973,5975,5976,5972,18
2016-01-08 07:08:00,2016-01-08 07:09:00,5973,5975,5976,5972,5975,5977,5977,5974,40
2016-01-08 07:09:00,2016-01-08 07:10:00,5975,5976,5977,5975,5977,5978,5979,5976,34
2016-01-08 07:10:00,2016-01-08 07:11:00,5976,5974,5976,5973,5978,5976,5977,5975,22
2016-01-08 07:11:00,2016-01-08 07:12:00,5974,5975,5975,5973,5976,5977,5977,5974,14
2016-01-08 07:12:00,2016-01-08 07:13:00,5975,5976,5977,5974,5977,5977,5978,5976,31
2016-01-08 07:13:00,2016-01-08 07:14:00,5976,5977,5977,5976,5977,5978,5978,5978,2
2016-01-08 07:14:00,2016-01-08 07:15:00,5977,5980,5980,5975,5978,5982,5982,5977,33
2016-01-08 07:15:00,2016-01-08 07:16:00,5980,5979,5981,5978,5982,5981,5983,5979,26
2016-01-08 07:16:00,2016-01-08 07:17:00,5979,5980,5980,5977,5981,5982,5982,5979,10
2016-01-08 07:17:00,2016-01-08 07:18:00,5980,5981,5982,5979,5982,5982,5983,5980,19
2016-01-08 07:18:00,2016-01-08 07:19:00,5981,5985,5986,5980,5982,5986,5987,5982,86
2016-01-08 07:19:00,2016-01-08 07:20:00,5985,5986,5988,5985,5986,5987,5990,5986,28
2016-01-08 07:20:00,2016-01-08 07:21:00,5986,5983,5986,5982,5987,5985,5987,5984,17
2016-01-08 07:21:00,2016-01-08 07:22:00,5983,5981,5983,5981,5985,5982,5984,5982,27
2016-01-08 07:22:00,2016-01-08 07:23:00,5981,5984,5984,5980,5982,5985,5985,5981,60
2016-01-08 07:23:00,2016-01-08 07:24:00,5984,5982,5984,5982,5985,5984,5986,5983,46
2016-01-08 07:24:00,2016-01-08 07:25:00,5982,5980,5983,5978,5984,5981,5984,5980,53
2016-01-08 07:25:00,2016-01-08 07:26:00,5980,5978,5980,5978,5981,5980,5981,5979,13
2016-01-08 07:26:00,2016-01-08 07:27:00,5978,5979,5980,5979,5980,5981,5982,5980,16
2016-01-08 07:27:00,2016-01-08 07:28:00,5979,5979,5981,5979,5981,5980,5982,5980,19
2016-01-08 07:28:00,2016-01-08 07:29:00,5979,5978,5979,5976,5980,5979,5980,5977,22
2016-01-08 07:29:00,2016-01-08 07:30:00,5978,5974,5977,5973,5979,5976,5979,5975,17
2016-01-08 07:30:00,2016-01-08 07:31:00,5974,5975,5975,5973,5976,5976,5977,5974,11
2016-01-08 07:31:00,2016-01-08 07:32:00,5975,5973,5974,5971,5976,5975,5976,5973,19
2016-01-08 07:32:00,2016-01-08 07:33:00,5973,5971,5975,5971,5975,5973,5977,5973,18
2016-01-08 07:33:00,2016-01-08 07:34:00,5971,5973,5975,5972,5973,5975,5977,5973,17
2016-01-08 07:34:00,2016-01-08 07:35:00,5973,5975,5975,5974,5975,5976,5976,5975,7
2016-01-08 07:35:00,2016-01-08 07:36:00,5975,5973,5974,5972,5976,5975,5976,5974,21
2016-01-08 07:36:00,2016-01-08 07:37:00,5973,5973,5975,5972,5975,5975,5976,5974,14
2016-01-08 07:37:00,2016-01-08 07:38:00,5973,5976,5976,5972,5975,5977,5978,5974,19
2016-01-08 07:38:00,2016-01-08 07:39:00,5976,5976,5978,5976,5977,5978,5979,5978,15
2016-01-08 07:39:00,2016-01-08 07:40:00,5976,5974,5976,5973,5978,5975,5977,5975,17
2016-01-08 07:40:00,2016-01-08 07:41:00,5974,5972,5974,5972,5975,5974,5975,5973,21
2016-01-08 07:41:00,2016-01-08 07:42:00,5972,5975,5976,5973,5974,5977,5977,5974,20
2016-01-08 07:42:00,2016-01-08 07:43:00,5975,5977,5978,5975,5977,5979,5980,5977,24
2016-01-08 07:43:00,2016-01-08 07:44:00,5977,5975,5977,5973,5979,5977,5978,5975,34
2016-01-08 07:44:00,2016-01-08 07:45:00,5975,5978,5978,5974,5977,5979,5979,5976,27
2016-01-08 07:45:00,2016-01-08 07:46:00,5978,5977,5978,5977,5979,5978,5979,5978,12
2016-01-08 07:46:00,2016-01-08 07:47:00,5977,5977,5980,5977,5978,5978,5981,5978,42
2016-01-08 07:47:00,2016-01-08 07:48:00,5977,5976,5978,5975,5978,5977,5979,5976,66
2016-01-08 07:48:00,2016-01-08 07:49:00,5976,5975,5977,5975,5977,5976,5978,5976,38
2016-01-08 07:49:00,2016-01-08 07:50:00,5975,5974,5976,5974,5976,5975,5977,5975,20
2016-01-08 07:50:00,2016-01-08 07:51:00,5974,5974,5974,5973,5975,5975,5975,5974,6
2016-01-08 07:51:00,2016-01-08 07:52:00,5974,5972,5975,5972,5975,5974,5977,5973,25
2016-01-08 07:52:00,2016-01-08 07:53:00,5972,5968,5972,5968,5974,5970,5973,5969,24
2016-01-08 07:53:00,2016-01-08 07:54:00,5968,5968,5970,5968,5970,5970,5971,5969,20
2016-01-08 07:54:00,2016-01-08 07:55:00,5968,5967,5969,5966,5970,5969,5970,5967,22
2016-01-08 07:55:00,2016-01-08 07:56:00,5967,5969,5970,5966,5969,5970,5972,5968,31
2016-01-08 07:56:00,2016-01-08 07:57:00,5969,5971,5972,5969,5970,5972,5973,5970,32
2016-01-08 07:57:00,2016-01-08 07:58:00,5971,5973,5973,5970,5972,5975,5975,5971,27
2016-01-08 07:58:00,2016-01-08 07:59:00,5973,5976,5981,5972,5975,5978,5983,5973,106
2016-01-08 07:59:00,2016-01-08 08:00:00,5976,5967,5975,5962,5978,5968,5978,5964,442
2016-01-08 08:00:00,2016-01-08 08:01:00,5967,5975,5977,5966,5968,5976,5978,5967,272
2016-01-08 08:01:00,2016-01-08 08:02:00,5975,5977,5980,5975,5976,5979,5981,5976,149
2016-01-08 08:02:00,2016-01-08 08:03:00,5977,5977,5979,5975,5979,5978,5980,5976,159
2016-01-08 08:03:00,2016-01-08 08:04:00,5977,5982,5984,5976,5978,5984,5985,5978,182
2016-01-08 08:04:00,2016-01-08 08:05:00,5982,5973,5983,5972,5984,5974,5984,5974,207
2016-01-08 08:05:00,2016-01-08 08:06:00,5973,5975,5977,5973,5974,5977,5978,5974,183
2016-01-08 08:06:00,2016-01-08 08:07:00,5975,5968,5976,5967,5977,5969,5977,5968,193
2016-01-08 08:07:00,2016-01-08 08:08:00,5968,5972,5975,5967,5969,5973,5976,5969,184
2016-01-08 08:08:00,2016-01-08 08:09:00,5972,5971,5974,5968,5973,5972,5975,5969,214
2016-01-08 08:09:00,2016-01-08 08:10:00,5971,5974,5974,5970,5972,5975,5976,5971,190
2016-01-08 08:10:00,2016-01-08 08:11:00,5974,5974,5975,5970,5975,5975,5976,5971,112
2016-01-08 08:11:00,2016-01-08 08:12:00,5974,5968,5975,5968,5975,5970,5976,5969,65
2016-01-08 08:12:00,2016-01-08 08:13:00,5968,5970,5971,5967,5970,5972,5973,5968,94
2016-01-08 08:13:00,2016-01-08 08:14:00,5970,5971,5971,5967,5972,5972,5972,5968,121
2016-01-08 08:14:00,2016-01-08 08:15:00,5971,5974,5974,5968,5972,5975,5975,5970,88
2016-01-08 08:15:00,2016-01-08 08:16:00,5974,5975,5975,5970,5975,5976,5976,5971,98
2016-01-08 08:16:00,2016-01-08 08:17:00,5975,5977,5979,5974,5976,5978,5980,5975,180
2016-01-08 08:17:00,2016-01-08 08:18:00,5977,5976,5978,5975,5978,5978,5979,5976,167
2016-01-08 08:18:00,2016-01-08 08:19:00,5976,5982,5983,5975,5978,5983,5984,5976,137
2016-01-08 08:19:00,2016-01-08 08:20:00,5982,5982,5982,5978,5983,5983,5983,5979,114
2016-01-08 08:20:00,2016-01-08 08:21:00,5982,5984,5986,5982,5983,5985,5987,5983,114
2016-01-08 08:21:00,2016-01-08 08:22:00,5984,5983,5984,5982,5985,5985,5986,5983,65
2016-01-08 08:22:00,2016-01-08 08:23:00,5983,5989,5989,5984,5985,5990,5990,5985,93
2016-01-08 08:23:00,2016-01-08 08:24:00,5989,5993,5996,5989,5990,5994,5997,5990,184
2016-01-08 08:24:00,2016-01-08 08:25:00,5993,5990,5995,5988,5994,5992,5996,5989,139
2016-01-08 08:25:00,2016-01-08 08:26:00,5990,5990,5992,5989,5992,5992,5994,5990,92
2016-01-08 08:26:00,2016-01-08 08:27:00,5990,5990,5992,5988,5992,5992,5993,5989,108
2016-01-08 08:27:00,2016-01-08 08:28:00,5990,5991,5994,5989,5992,5992,5995,5990,93
2016-01-08 08:28:00,2016-01-08 08:29:00,5991,5994,5995,5989,5992,5996,5996,5990,109
2016-01-08 08:29:00,2016-01-08 08:30:00,5994,5993,5995,5992,5996,5994,5996,5993,87
2016-01-08 08:30:00,2016-01-08 08:31:00,5993,5997,5999,5993,5994,5998,6000,5994,119
2016-01-08 08:31:00,2016-01-08 08:32:00,5997,5995,5997,5994,5998,5996,5999,5995,60
2016-01-08 08:32:00,2016-01-08 08:33:00,5995,5992,5995,5992,5996,5994,5996,5993,65
2016-01-08 08:33:00,2016-01-08 08:34:00,5992,5995,5995,5992,5994,5996,5996,5993,113
2016-01-08 08:34:00,2016-01-08 08:35:00,5995,5991,5996,5991,5996,5992,5997,5992,106
2016-01-08 08:35:00,2016-01-08 08:37:00,5991,5993,5993,5989,5992,5994,5994,5990,100
2016-01-08 08:37:00,2016-01-08 08:38:00,5993,5993,5995,5992,5994,5994,5996,5993,70
2016-01-08 08:38:00,2016-01-08 08:39:00,5993,5997,5998,5993,5994,5999,5999,5995,39
2016-01-08 08:39:00,2016-01-08 08:40:00,5997,5994,5999,5994,5999,5995,6000,5995,71
2016-01-08 08:40:00,2016-01-08 08:41:00,5994,5996,5996,5992,5995,5997,5998,5994,84
2016-01-08 08:41:00,2016-01-08 08:42:00,5996,5999,5999,5996,5997,6000,6001,5998,130
2016-01-08 08:42:00,2016-01-08 08:43:00,5999,5996,5998,5995,6000,5998,6000,5996,73
2016-01-08 08:43:00,2016-01-08 08:44:00,5996,6000,6003,5997,5998,6001,6004,5998,115
2016-01-08 08:44:00,2016-01-08 08:45:00,6000,6005,6008,5999,6001,6007,6009,6000,290
2016-01-08 08:45:00,2016-01-08 08:46:00,6005,6003,6007,6001,6007,6004,6009,6003,77
2016-01-08 08:46:00,2016-01-08 08:47:00,6003,6006,6007,6003,6004,6007,6008,6004,108
2016-01-08 08:47:00,2016-01-08 08:48:00,6006,6003,6006,6001,6007,6004,6007,6002,88
2016-01-08 08:48:00,2016-01-08 08:49:00,6003,6002,6005,6002,6004,6003,6006,6003,88
2016-01-08 08:49:00,2016-01-08 08:50:00,6002,6004,6005,6001,6003,6005,6006,6002,96
2016-01-08 08:50:00,2016-01-08 08:51:00,6004,6003,6007,6003,6005,6004,6008,6004,62
2016-01-08 08:51:00,2016-01-08 08:52:00,6003,6007,6007,6003,6004,6008,6008,6004,106
2016-01-08 08:52:00,2016-01-08 08:53:00,6007,6009,6009,6005,6008,6010,6010,6006,78
2016-01-08 08:53:00,2016-01-08 08:54:00,6009,6006,6010,6006,6010,6007,6011,6007,66
2016-01-08 08:54:00,2016-01-08 08:55:00,6006,6006,6008,6006,6007,6007,6009,6007,62
2016-01-08 08:55:00,2016-01-08 08:56:00,6006,6007,6008,6005,6007,6009,6009,6006,61
2016-01-08 08:56:00,2016-01-08 08:57:00,6007,6007,6008,6006,6009,6008,6010,6008,33
2016-01-08 08:57:00,2016-01-08 08:58:00,6007,6006,6009,6006,6008,6008,6010,6007,51
2016-01-08 08:58:00,2016-01-08 08:59:00,6006,6006,6007,6005,6008,6007,6009,6006,55
2016-01-08 08:59:00,2016-01-08 09:00:00,6006,6008,6009,6005,6007,6009,6010,6006,76
2016-01-08 09:00:00,2016-01-08 09:01:00,6008,6007,6009,6006,6009,6008,6010,6007,96
2016-01-08 09:01:00,2016-01-08 09:02:00,6007,6008,6009,6007,6008,6009,6010,6008,52
2016-01-08 09:02:00,2016-01-08 09:03:00,6008,6009,6009,6008,6009,6010,6011,6009,42
2016-01-08 09:03:00,2016-01-08 09:04:00,6009,6010,6012,6009,6010,6012,6014,6011,53
2016-01-08 09:04:00,2016-01-08 09:05:00,6010,6007,6011,6007,6012,6009,6012,6008,66
2016-01-08 09:05:00,2016-01-08 09:06:00,6007,6005,6007,6004,6009,6007,6008,6006,44
2016-01-08 09:06:00,2016-01-08 09:07:00,6005,6002,6006,6001,6007,6003,6007,6002,81
2016-01-08 09:07:00,2016-01-08 09:08:00,6002,5998,6002,5997,6003,5999,6003,5999,44
2016-01-08 09:08:00,2016-01-08 09:09:00,5998,5997,6000,5996,5999,5998,6001,5997,66
2016-01-08 09:09:00,2016-01-08 09:10:00,5997,5994,5997,5994,5998,5995,5998,5995,46
2016-01-08 09:10:00,2016-01-08 09:11:00,5994,5995,5995,5993,5995,5996,5996,5994,42
2016-01-08 09:11:00,2016-01-08 09:12:00,5995,5998,5999,5995,5996,5999,6000,5996,46
2016-01-08 09:12:00,2016-01-08 09:13:00,5998,5997,5999,5997,5999,5998,6000,5998,52
2016-01-08 09:13:00,2016-01-08 09:14:00,5997,5999,6000,5996,5998,6000,6001,5997,58
2016-01-08 09:14:00,2016-01-08 09:15:00,5999,5998,6000,5998,6000,5999,6002,5999,62
2016-01-08 09:15:00,2016-01-08 09:16:00,5998,5998,5999,5996,5999,5999,6000,5997,34
2016-01-08 09:16:00,2016-01-08 09:17:00,5998,6000,6000,5996,5999,6001,6001,5997,50
2016-01-08 09:17:00,2016-01-08 09:18:00,6000,6002,6003,6000,6001,6003,6004,6002,62
2016-01-08 09:18:00,2016-01-08 09:19:00,6002,6002,6003,6000,6003,6003,6004,6002,42
2016-01-08 09:19:00,2016-01-08 09:20:00,6002,6003,6004,6001,6003,6004,6005,6002,72
2016-01-08 09:20:00,2016-01-08 09:21:00,6003,6000,6004,6000,6004,6001,6005,6001,68
2016-01-08 09:21:00,2016-01-08 09:22:00,6000,5999,6001,5999,6001,6001,6003,6000,59
2016-01-08 09:22:00,2016-01-08 09:23:00,5999,6000,6001,5999,6001,6001,6002,6000,47
2016-01-08 09:23:00,2016-01-08 09:24:00,6000,5998,6002,5998,6001,6000,6003,5999,55
2016-01-08 09:24:00,2016-01-08 09:25:00,5998,5995,5999,5995,6000,5996,6000,5996,73
2016-01-08 09:25:00,2016-01-08 09:26:00,5995,5995,5996,5993,5996,5996,5997,5994,46
2016-01-08 09:26:00,2016-01-08 09:27:00,5995,5992,5995,5992,5996,5993,5996,5993,48
2016-01-08 09:27:00,2016-01-08 09:28:00,5992,5992,5993,5992,5993,5993,5995,5993,46
2016-01-08 09:28:00,2016-01-08 09:29:00,5992,5993,5993,5991,5993,5994,5994,5992,50
2016-01-08 09:29:00,2016-01-08 09:30:00,5993,5991,5993,5990,5994,5992,5994,5991,36
2016-01-08 09:30:00,2016-01-08 09:31:00,5991,5991,5993,5991,5992,5993,5994,5992,55
2016-01-08 09:31:00,2016-01-08 09:32:00,5991,5994,5994,5991,5993,5995,5995,5992,17
2016-01-08 09:32:00,2016-01-08 09:33:00,5994,5997,5998,5994,5995,5998,6000,5995,68
2016-01-08 09:33:00,2016-01-08 09:34:00,5997,5997,5998,5997,5998,5998,5999,5998,22
2016-01-08 09:34:00,2016-01-08 09:35:00,5997,5997,5999,5997,5998,5999,6000,5998,49
2016-01-08 09:35:00,2016-01-08 09:36:00,5997,5996,5999,5996,5999,5997,6000,5997,43
2016-01-08 09:36:00,2016-01-08 09:37:00,5996,5993,5996,5993,5997,5994,5998,5994,58
2016-01-08 09:37:00,2016-01-08 09:38:00,5993,5995,5996,5993,5994,5996,5997,5994,56
2016-01-08 09:38:00,2016-01-08 09:39:00,5995,5992,5996,5992,5996,5993,5997,5993,34
2016-01-08 09:39:00,2016-01-08 09:40:00,5992,5992,5994,5991,5993,5993,5996,5992,44
2016-01-08 09:40:00,2016-01-08 09:41:00,5992,5990,5992,5989,5993,5991,5994,5990,70
2016-01-08 09:41:00,2016-01-08 09:42:00,5990,5990,5991,5989,5991,5991,5992,5990,36
2016-01-08 09:42:00,2016-01-08 09:43:00,5990,5991,5993,5990,5991,5992,5994,5991,59
2016-01-08 09:43:00,2016-01-08 09:44:00,5991,5992,5992,5989,5992,5993,5993,5990,36
2016-01-08 09:44:00,2016-01-08 09:45:00,5992,5989,5992,5988,5993,5990,5993,5990,16
2016-01-08 09:45:00,2016-01-08 09:46:00,5989,5989,5989,5987,5990,5990,5990,5988,106
2016-01-08 09:46:00,2016-01-08 09:47:00,5989,5985,5989,5985,5990,5986,5990,5986,36
2016-01-08 09:47:00,2016-01-08 09:48:00,5985,5986,5988,5985,5986,5988,5989,5986,71
2016-01-08 09:48:00,2016-01-08 09:49:00,5986,5986,5988,5986,5988,5987,5989,5987,35
2016-01-08 09:49:00,2016-01-08 09:50:00,5986,5991,5991,5986,5987,5992,5993,5988,44
2016-01-08 09:50:00,2016-01-08 09:51:00,5991,5993,5994,5991,5992,5994,5995,5993,26
2016-01-08 09:51:00,2016-01-08 09:52:00,5993,5992,5994,5992,5994,5994,5995,5993,35
2016-01-08 09:52:00,2016-01-08 09:53:00,5992,5991,5993,5990,5994,5992,5994,5992,39
2016-01-08 09:53:00,2016-01-08 09:54:00,5991,5994,5994,5990,5992,5995,5995,5992,54
2016-01-08 09:54:00,2016-01-08 09:55:00,5994,5996,5997,5993,5995,5997,5998,5995,34
2016-01-08 09:55:00,2016-01-08 09:56:00,5996,5997,5997,5995,5997,5998,5998,5996,44
2016-01-08 09:56:00,2016-01-08 09:57:00,5997,5996,5998,5996,5998,5997,5999,5997,34
2016-01-08 09:57:00,2016-01-08 09:58:00,5996,5997,5997,5996,5997,5998,5999,5997,38
2016-01-08 09:58:00,2016-01-08 09:59:00,5997,5999,5999,5997,5998,6000,6000,5998,50
2016-01-08 09:59:00,2016-01-08 10:00:00,5999,5998,5999,5997,6000,5999,6000,5998,44
2016-01-08 10:00:00,2016-01-08 10:01:00,5998,5997,5998,5995,5999,5998,5999,5996,50
2016-01-08 10:01:00,2016-01-08 10:02:00,5997,5996,5997,5995,5998,5998,5998,5996,33
2016-01-08 10:02:00,2016-01-08 10:03:00,5996,5997,5997,5996,5998,5998,5998,5997,23
2016-01-08 10:03:00,2016-01-08 10:04:00,5997,5998,5999,5996,5998,5999,6000,5997,38
2016-01-08 10:04:00,2016-01-08 10:05:00,5998,5999,5999,5996,5999,6000,6000,5997,88
2016-01-08 10:05:00,2016-01-08 10:06:00,5999,5999,5999,5997,6000,6000,6000,5998,42
2016-01-08 10:06:00,2016-01-08 10:07:00,5999,5995,5999,5995,6000,5996,6000,5996,22
2016-01-08 10:07:00,2016-01-08 10:08:00,5995,5994,5996,5994,5996,5995,5998,5995,32
2016-01-08 10:08:00,2016-01-08 10:09:00,5994,5993,5994,5992,5995,5994,5995,5993,40
2016-01-08 10:09:00,2016-01-08 10:10:00,5993,5993,5994,5993,5994,5994,5995,5994,42
2016-01-08 10:10:00,2016-01-08 10:11:00,5993,5994,5997,5993,5994,5996,5998,5994,49
2016-01-08 10:11:00,2016-01-08 10:12:00,5994,5994,5995,5994,5996,5995,5996,5995,45
2016-01-08 10:12:00,2016-01-08 10:13:00,5994,5993,5994,5993,5995,5994,5995,5994,34
2016-01-08 10:13:00,2016-01-08 10:15:00,5994,5994,5995,5993,5995,5995,5996,5994,48
2016-01-08 10:15:00,2016-01-08 10:16:00,5994,5991,5993,5990,5995,5992,5995,5992,44
2016-01-08 10:16:00,2016-01-08 10:17:00,5991,5989,5991,5989,5992,5990,5992,5990,42
2016-01-08 10:17:00,2016-01-08 10:18:00,5989,5989,5989,5986,5990,5990,5990,5988,42
2016-01-08 10:18:00,2016-01-08 10:19:00,5989,5987,5990,5987,5990,5988,5991,5988,14
2016-01-08 10:19:00,2016-01-08 10:21:00,5986,5983,5985,5982,5987,5984,5987,5983,46
2016-01-08 10:21:00,2016-01-08 10:22:00,5983,5982,5983,5981,5984,5983,5984,5982,34
2016-01-08 10:22:00,2016-01-08 10:23:00,5982,5982,5983,5980,5983,5983,5984,5982,44
2016-01-08 10:23:00,2016-01-08 10:24:00,5982,5982,5982,5979,5983,5983,5983,5980,68
2016-01-08 10:24:00,2016-01-08 10:26:00,5981,5978,5981,5977,5982,5980,5982,5979,45
2016-01-08 10:26:00,2016-01-08 10:27:00,5978,5982,5983,5978,5980,5983,5984,5979,47
2016-01-08 10:27:00,2016-01-08 10:28:00,5982,5982,5983,5980,5983,5983,5984,5981,48
2016-01-08 10:28:00,2016-01-08 10:29:00,5982,5984,5985,5982,5983,5985,5986,5983,46
2016-01-08 10:29:00,2016-01-08 10:30:00,5984,5982,5984,5982,5985,5983,5985,5983,44
2016-01-08 10:30:00,2016-01-08 10:31:00,5982,5982,5984,5981,5983,5983,5985,5983,40
2016-01-08 10:31:00,2016-01-08 10:33:00,5984,5984,5985,5983,5985,5985,5986,5984,26
2016-01-08 10:33:00,2016-01-08 10:34:00,5984,5984,5985,5984,5985,5986,5986,5985,31
2016-01-08 10:34:00,2016-01-08 10:35:00,5984,5984,5985,5983,5986,5985,5986,5984,49
2016-01-08 10:35:00,2016-01-08 10:36:00,5984,5982,5984,5982,5985,5984,5986,5983,59
2016-01-08 10:36:00,2016-01-08 10:37:00,5982,5981,5983,5981,5984,5982,5984,5982,49
2016-01-08 10:37:00,2016-01-08 10:38:00,5981,5982,5983,5980,5982,5984,5985,5982,17
2016-01-08 10:38:00,2016-01-08 10:39:00,5982,5982,5983,5981,5984,5983,5984,5983,31
2016-01-08 10:39:00,2016-01-08 10:40:00,5982,5984,5984,5981,5983,5985,5985,5982,48
2016-01-08 10:40:00,2016-01-08 10:41:00,5984,5984,5985,5983,5985,5985,5986,5984,72
2016-01-08 10:41:00,2016-01-08 10:42:00,5984,5983,5984,5982,5985,5984,5985,5983,94
2016-01-08 10:42:00,2016-01-08 10:43:00,5983,5982,5984,5982,5984,5983,5985,5983,66
2016-01-08 10:43:00,2016-01-08 10:44:00,5982,5982,5982,5981,5983,5983,5984,5982,28
2016-01-08 10:44:00,2016-01-08 10:45:00,5982,5981,5982,5980,5983,5982,5983,5981,34
2016-01-08 10:45:00,2016-01-08 10:46:00,5981,5982,5982,5979,5982,5983,5984,5980,46
2016-01-08 10:46:00,2016-01-08 10:47:00,5982,5982,5983,5982,5983,5983,5984,5983,58
2016-01-08 10:47:00,2016-01-08 10:48:00,5982,5982,5982,5982,5983,5983,5984,5983,30
2016-01-08 10:48:00,2016-01-08 10:49:00,5982,5978,5982,5978,5983,5979,5984,5979,66
2016-01-08 10:49:00,2016-01-08 10:50:00,5978,5975,5978,5974,5979,5976,5980,5975,100
2016-01-08 10:50:00,2016-01-08 10:51:00,5975,5973,5975,5973,5976,5975,5977,5974,69
2016-01-08 10:51:00,2016-01-08 10:52:00,5973,5973,5974,5971,5975,5974,5975,5972,79
2016-01-08 10:52:00,2016-01-08 10:53:00,5973,5975,5975,5972,5974,5976,5976,5973,188
2016-01-08 10:53:00,2016-01-08 10:54:00,5975,5975,5976,5974,5976,5976,5977,5975,78
2016-01-08 10:54:00,2016-01-08 10:55:00,5975,5980,5980,5975,5976,5981,5981,5976,54
2016-01-08 10:55:00,2016-01-08 10:56:00,5980,5981,5982,5979,5981,5982,5983,5980,54
2016-01-08 10:56:00,2016-01-08 10:57:00,5981,5980,5981,5979,5982,5981,5982,5980,48
2016-01-08 10:57:00,2016-01-08 10:58:00,5980,5981,5981,5979,5981,5982,5983,5980,50
2016-01-08 10:58:00,2016-01-08 10:59:00,5981,5981,5982,5980,5982,5982,5983,5981,64
2016-01-08 10:59:00,2016-01-08 11:00:00,5981,5972,5982,5971,5982,5973,5983,5972,80
2016-01-08 11:00:00,2016-01-08 11:01:00,5972,5973,5974,5971,5973,5974,5975,5972,58
2016-01-08 11:01:00,2016-01-08 11:02:00,5973,5975,5976,5973,5974,5976,5977,5975,32
2016-01-08 11:02:00,2016-01-08 11:03:00,5975,5976,5976,5974,5976,5977,5977,5975,50
2016-01-08 11:03:00,2016-01-08 11:04:00,5976,5976,5978,5974,5977,5977,5979,5975,72
2016-01-08 11:04:00,2016-01-08 11:05:00,5976,5979,5979,5975,5977,5980,5980,5976,54
2016-01-08 11:05:00,2016-01-08 11:06:00,5979,5980,5981,5978,5980,5981,5982,5980,50
2016-01-08 11:06:00,2016-01-08 11:07:00,5980,5978,5980,5978,5981,5979,5981,5979,54
2016-01-08 11:07:00,2016-01-08 11:08:00,5978,5978,5980,5977,5979,5979,5981,5978,44
2016-01-08 11:08:00,2016-01-08 11:09:00,5978,5977,5979,5976,5979,5978,5980,5977,36
2016-01-08 11:09:00,2016-01-08 11:10:00,5977,5978,5979,5977,5978,5979,5980,5978,64
2016-01-08 11:10:00,2016-01-08 11:11:00,5978,5974,5977,5974,5979,5975,5979,5975,60
2016-01-08 11:11:00,2016-01-08 11:12:00,5974,5972,5974,5972,5975,5973,5975,5973,32
2016-01-08 11:12:00,2016-01-08 11:13:00,5972,5970,5971,5969,5973,5971,5973,5970,56
2016-01-08 11:13:00,2016-01-08 11:14:00,5970,5970,5971,5969,5971,5971,5972,5970,30
2016-01-08 11:14:00,2016-01-08 11:15:00,5970,5971,5972,5970,5971,5972,5973,5971,38
2016-01-08 11:15:00,2016-01-08 11:16:00,5971,5969,5971,5968,5972,5970,5972,5969,64
2016-01-08 11:16:00,2016-01-08 11:17:00,5969,5963,5969,5962,5970,5964,5970,5963,104
2016-01-08 11:17:00,2016-01-08 11:18:00,5963,5964,5965,5962,5964,5965,5967,5963,70
2016-01-08 11:18:00,2016-01-08 11:19:00,5964,5963,5964,5963,5965,5965,5966,5964,143
2016-01-08 11:19:00,2016-01-08 11:20:00,5963,5960,5964,5959,5965,5961,5965,5960,88
2016-01-08 11:20:00,2016-01-08 11:21:00,5960,5959,5961,5958,5961,5961,5962,5959,53
2016-01-08 11:21:00,2016-01-08 11:22:00,5959,5964,5964,5959,5961,5965,5965,5960,57
2016-01-08 11:22:00,2016-01-08 11:23:00,5964,5970,5970,5964,5965,5971,5971,5966,94
2016-01-08 11:23:00,2016-01-08 11:24:00,5970,5969,5970,5967,5971,5970,5971,5968,46
2016-01-08 11:24:00,2016-01-08 11:25:00,5969,5970,5970,5967,5970,5971,5971,5968,44
2016-01-08 11:25:00,2016-01-08 11:26:00,5970,5970,5971,5969,5971,5972,5972,5970,37
2016-01-08 11:26:00,2016-01-08 11:27:00,5970,5971,5971,5968,5972,5972,5972,5970,57
2016-01-08 11:27:00,2016-01-08 11:28:00,5971,5970,5971,5969,5972,5971,5972,5970,46
2016-01-08 11:28:00,2016-01-08 11:29:00,5970,5968,5971,5968,5971,5969,5972,5969,36
2016-01-08 11:29:00,2016-01-08 11:30:00,5968,5968,5968,5966,5969,5969,5970,5967,58
2016-01-08 11:30:00,2016-01-08 11:31:00,5968,5969,5970,5967,5969,5970,5971,5968,56
2016-01-08 11:31:00,2016-01-08 11:32:00,5969,5966,5968,5965,5970,5967,5970,5967,42
2016-01-08 11:32:00,2016-01-08 11:33:00,5966,5967,5967,5965,5967,5968,5969,5967,34
2016-01-08 11:33:00,2016-01-08 11:34:00,5967,5966,5969,5965,5968,5967,5970,5966,52
2016-01-08 11:34:00,2016-01-08 11:35:00,5966,5962,5967,5962,5967,5963,5969,5963,46
2016-01-08 11:35:00,2016-01-08 11:36:00,5962,5963,5963,5959,5963,5964,5964,5960,66
2016-01-08 11:36:00,2016-01-08 11:37:00,5963,5962,5963,5960,5964,5963,5964,5961,74
2016-01-08 11:37:00,2016-01-08 11:38:00,5962,5963,5964,5961,5963,5964,5965,5962,42
2016-01-08 11:38:00,2016-01-08 11:39:00,5963,5963,5964,5962,5964,5964,5965,5963,40
2016-01-08 11:39:00,2016-01-08 11:40:00,5963,5963,5965,5963,5964,5964,5966,5964,32
2016-01-08 11:40:00,2016-01-08 11:41:00,5963,5961,5964,5961,5964,5962,5965,5962,72
2016-01-08 11:41:00,2016-01-08 11:42:00,5961,5958,5962,5955,5962,5960,5963,5956,107
2016-01-08 11:42:00,2016-01-08 11:43:00,5958,5957,5959,5956,5960,5958,5960,5957,55
2016-01-08 11:43:00,2016-01-08 11:44:00,5957,5956,5957,5956,5958,5957,5958,5957,30
2016-01-08 11:44:00,2016-01-08 11:45:00,5956,5954,5957,5953,5957,5955,5959,5955,62
2016-01-08 11:45:00,2016-01-08 11:46:00,5954,5953,5954,5952,5955,5954,5956,5954,58
2016-01-08 11:46:00,2016-01-08 11:47:00,5953,5952,5954,5951,5954,5953,5955,5952,60
2016-01-08 11:47:00,2016-01-08 11:48:00,5952,5950,5952,5949,5953,5951,5954,5950,114
2016-01-08 11:48:00,2016-01-08 11:49:00,5950,5950,5951,5948,5951,5951,5952,5949,158
2016-01-08 11:49:00,2016-01-08 11:50:00,5950,5955,5956,5950,5951,5956,5957,5952,78
2016-01-08 11:50:00,2016-01-08 11:51:00,5955,5958,5958,5955,5956,5959,5959,5956,50
2016-01-08 11:51:00,2016-01-08 11:52:00,5958,5957,5958,5956,5959,5958,5959,5957,38
2016-01-08 11:52:00,2016-01-08 11:53:00,5957,5953,5957,5951,5958,5954,5959,5952,130
2016-01-08 11:53:00,2016-01-08 11:54:00,5953,5956,5957,5953,5954,5957,5958,5954,68
2016-01-08 11:54:00,2016-01-08 11:55:00,5956,5955,5956,5953,5957,5956,5957,5954,54
2016-01-08 11:55:00,2016-01-08 11:56:00,5955,5956,5957,5955,5956,5957,5958,5956,48
2016-01-08 11:56:00,2016-01-08 11:57:00,5956,5958,5959,5955,5957,5959,5960,5956,30
2016-01-08 11:57:00,2016-01-08 11:58:00,5958,5960,5960,5958,5959,5961,5961,5959,16
2016-01-08 11:58:00,2016-01-08 11:59:00,5960,5962,5962,5958,5961,5963,5963,5960,58
2016-01-08 11:59:00,2016-01-08 12:00:00,5962,5969,5969,5962,5963,5970,5971,5963,148
2016-01-08 12:00:00,2016-01-08 12:01:00,5969,5966,5969,5966,5970,5967,5970,5967,72
2016-01-08 12:01:00,2016-01-08 12:02:00,5966,5964,5966,5960,5967,5965,5968,5961,66
2016-01-08 12:02:00,2016-01-08 12:03:00,5964,5965,5965,5963,5965,5966,5966,5964,74
2016-01-08 12:03:00,2016-01-08 12:04:00,5965,5966,5968,5964,5966,5967,5969,5965,42
2016-01-08 12:04:00,2016-01-08 12:05:00,5966,5967,5968,5966,5967,5968,5969,5967,64
2016-01-08 12:05:00,2016-01-08 12:06:00,5967,5969,5969,5966,5968,5970,5970,5968,60
2016-01-08 12:06:00,2016-01-08 12:07:00,5969,5968,5969,5967,5970,5969,5970,5968,42
2016-01-08 12:07:00,2016-01-08 12:08:00,5968,5970,5970,5968,5969,5971,5971,5969,50
2016-01-08 12:08:00,2016-01-08 12:09:00,5970,5969,5970,5968,5971,5971,5971,5969,79
2016-01-08 12:09:00,2016-01-08 12:10:00,5969,5969,5970,5968,5971,5970,5971,5969,45
2016-01-08 12:10:00,2016-01-08 12:11:00,5969,5968,5969,5966,5970,5969,5971,5968,38
2016-01-08 12:11:00,2016-01-08 12:12:00,5968,5965,5967,5964,5969,5967,5969,5965,77
2016-01-08 12:12:00,2016-01-08 12:13:00,5965,5967,5967,5965,5967,5968,5968,5966,49
2016-01-08 12:13:00,2016-01-08 12:14:00,5967,5966,5968,5964,5968,5967,5969,5966,66
2016-01-08 12:14:00,2016-01-08 12:15:00,5966,5968,5969,5965,5967,5969,5971,5967,46
2016-01-08 12:15:00,2016-01-08 12:16:00,5968,5973,5973,5968,5969,5974,5974,5969,132
2016-01-08 12:16:00,2016-01-08 12:17:00,5973,5975,5975,5972,5974,5976,5976,5973,62
2016-01-08 12:17:00,2016-01-08 12:18:00,5975,5977,5977,5974,5976,5978,5978,5975,34
2016-01-08 12:18:00,2016-01-08 12:19:00,5977,5976,5977,5975,5978,5977,5978,5976,50
2016-01-08 12:19:00,2016-01-08 12:20:00,5976,5976,5977,5976,5977,5977,5978,5977,34
2016-01-08 12:20:00,2016-01-08 12:21:00,5976,5976,5977,5974,5977,5977,5979,5976,42
2016-01-08 12:21:00,2016-01-08 12:22:00,5976,5977,5978,5976,5977,5978,5979,5977,64
2016-01-08 12:22:00,2016-01-08 12:23:00,5977,5979,5980,5977,5978,5980,5981,5978,94
2016-01-08 12:23:00,2016-01-08 12:24:00,5979,5981,5981,5977,5980,5982,5982,5978,30
2016-01-08 12:24:00,2016-01-08 12:25:00,5981,5981,5984,5981,5982,5983,5985,5982,55
2016-01-08 12:25:00,2016-01-08 12:26:00,5981,5981,5983,5980,5983,5982,5984,5981,57
2016-01-08 12:26:00,2016-01-08 12:27:00,5981,5978,5980,5977,5982,5979,5982,5978,12
2016-01-08 12:27:00,2016-01-08 12:28:00,5978,5979,5979,5977,5979,5980,5980,5978,42
2016-01-08 12:28:00,2016-01-08 12:29:00,5979,5982,5982,5978,5980,5983,5983,5979,41
2016-01-08 12:29:00,2016-01-08 12:30:00,5982,5981,5984,5981,5983,5982,5985,5982,36
2016-01-08 12:30:00,2016-01-08 12:31:00,5981,5981,5982,5980,5982,5982,5983,5981,30
2016-01-08 12:31:00,2016-01-08 12:32:00,5981,5979,5982,5978,5982,5980,5983,5979,50
2016-01-08 12:32:00,2016-01-08 12:33:00,5979,5980,5981,5979,5980,5981,5982,5980,26
2016-01-08 12:33:00,2016-01-08 12:34:00,5980,5979,5980,5978,5981,5980,5981,5979,26
2016-01-08 12:34:00,2016-01-08 12:35:00,5979,5982,5982,5979,5980,5983,5983,5981,28
2016-01-08 12:35:00,2016-01-08 12:36:00,5982,5982,5983,5981,5983,5983,5985,5983,44
2016-01-08 12:36:00,2016-01-08 12:37:00,5982,5983,5983,5981,5983,5984,5984,5982,40
2016-01-08 12:37:00,2016-01-08 12:38:00,5983,5981,5983,5979,5984,5982,5984,5981,32
2016-01-08 12:38:00,2016-01-08 12:39:00,5981,5981,5983,5981,5982,5983,5984,5982,77
2016-01-08 12:39:00,2016-01-08 12:40:00,5981,5980,5982,5980,5983,5981,5983,5981,17
2016-01-08 12:40:00,2016-01-08 12:41:00,5980,5984,5984,5980,5981,5985,5985,5982,58
2016-01-08 12:41:00,2016-01-08 12:42:00,5984,5984,5985,5983,5985,5986,5986,5984,75
2016-01-08 12:42:00,2016-01-08 12:43:00,5984,5984,5986,5983,5986,5986,5987,5984,72
2016-01-08 12:43:00,2016-01-08 12:44:00,5984,5985,5985,5983,5986,5986,5987,5984,41
2016-01-08 12:44:00,2016-01-08 12:45:00,5985,5983,5985,5982,5986,5984,5986,5983,44
2016-01-08 12:45:00,2016-01-08 12:46:00,5983,5984,5985,5983,5984,5985,5986,5984,22
2016-01-08 12:46:00,2016-01-08 12:47:00,5984,5983,5985,5983,5985,5985,5986,5984,35
2016-01-08 12:47:00,2016-01-08 12:48:00,5983,5982,5984,5981,5985,5983,5985,5982,27
2016-01-08 12:48:00,2016-01-08 12:49:00,5982,5981,5982,5981,5983,5982,5983,5982,40
2016-01-08 12:49:00,2016-01-08 12:50:00,5981,5980,5982,5979,5982,5981,5983,5980,38
2016-01-08 12:50:00,2016-01-08 12:51:00,5980,5981,5982,5980,5981,5982,5983,5981,26
2016-01-08 12:51:00,2016-01-08 12:52:00,5981,5981,5981,5979,5982,5982,5982,5981,48
2016-01-08 12:52:00,2016-01-08 12:53:00,5981,5982,5982,5981,5982,5983,5983,5982,10
2016-01-08 12:53:00,2016-01-08 12:54:00,5982,5982,5983,5982,5983,5984,5984,5983,19
2016-01-08 12:54:00,2016-01-08 12:55:00,5982,5983,5984,5982,5984,5984,5985,5983,25
2016-01-08 12:55:00,2016-01-08 12:56:00,5983,5982,5984,5981,5984,5983,5985,5983,22
2016-01-08 12:56:00,2016-01-08 12:57:00,5982,5980,5983,5979,5983,5981,5984,5980,38
2016-01-08 12:57:00,2016-01-08 12:58:00,5980,5979,5980,5979,5981,5980,5981,5980,38
2016-01-08 12:58:00,2016-01-08 12:59:00,5979,5978,5980,5978,5980,5979,5981,5979,42
2016-01-08 12:59:00,2016-01-08 13:00:00,5978,5981,5981,5978,5979,5982,5982,5979,18
2016-01-08 13:00:00,2016-01-08 13:01:00,5981,5983,5984,5981,5982,5984,5985,5982,50
2016-01-08 13:01:00,2016-01-08 13:02:00,5983,5983,5983,5982,5984,5984,5985,5983,20
2016-01-08 13:02:00,2016-01-08 13:03:00,5983,5982,5983,5981,5984,5983,5984,5982,46
2016-01-08 13:03:00,2016-01-08 13:04:00,5982,5981,5982,5980,5983,5982,5984,5981,24
2016-01-08 13:04:00,2016-01-08 13:05:00,5981,5982,5983,5981,5982,5984,5984,5983,59
2016-01-08 13:05:00,2016-01-08 13:06:00,5982,5981,5983,5981,5984,5983,5984,5982,38
2016-01-08 13:06:00,2016-01-08 13:07:00,5981,5984,5984,5981,5983,5985,5985,5982,21
2016-01-08 13:07:00,2016-01-08 13:08:00,5984,5985,5985,5983,5985,5986,5986,5984,24
2016-01-08 13:08:00,2016-01-08 13:09:00,5985,5984,5985,5984,5986,5986,5986,5985,47
2016-01-08 13:09:00,2016-01-08 13:10:00,5984,5985,5985,5984,5986,5986,5986,5985,23
2016-01-08 13:10:00,2016-01-08 13:11:00,5985,5981,5986,5981,5986,5982,5987,5982,32
2016-01-08 13:11:00,2016-01-08 13:12:00,5981,5981,5982,5980,5982,5982,5983,5982,12
2016-01-08 13:12:00,2016-01-08 13:13:00,5981,5979,5981,5979,5982,5980,5982,5980,32
2016-01-08 13:13:00,2016-01-08 13:14:00,5979,5979,5980,5978,5980,5980,5981,5979,28
2016-01-08 13:14:00,2016-01-08 13:15:00,5979,5978,5979,5978,5980,5979,5980,5979,36
2016-01-08 13:15:00,2016-01-08 13:16:00,5978,5979,5980,5978,5979,5980,5981,5980,52
2016-01-08 13:16:00,2016-01-08 13:17:00,5979,5983,5983,5978,5980,5984,5984,5979,54
2016-01-08 13:17:00,2016-01-08 13:18:00,5983,5987,5987,5982,5984,5988,5988,5983,54
2016-01-08 13:18:00,2016-01-08 13:19:00,5987,5985,5987,5985,5988,5987,5988,5986,51
2016-01-08 13:19:00,2016-01-08 13:20:00,5985,5987,5988,5984,5987,5988,5989,5986,63
2016-01-08 13:20:00,2016-01-08 13:21:00,5987,5986,5987,5986,5988,5987,5988,5987,36
2016-01-08 13:21:00,2016-01-08 13:22:00,5986,5986,5987,5985,5987,5987,5988,5986,54
2016-01-08 13:22:00,2016-01-08 13:23:00,5986,5985,5985,5984,5987,5986,5987,5985,48
2016-01-08 13:23:00,2016-01-08 13:24:00,5985,5986,5986,5985,5986,5987,5988,5986,24
2016-01-08 13:24:00,2016-01-08 13:25:00,5986,5987,5988,5985,5987,5988,5989,5986,60
2016-01-08 13:25:00,2016-01-08 13:26:00,5987,5989,5989,5987,5988,5990,5990,5989,14
2016-01-08 13:26:00,2016-01-08 13:27:00,5989,5988,5989,5988,5990,5989,5990,5989,24
2016-01-08 13:27:00,2016-01-08 13:28:00,5988,5987,5989,5987,5989,5990,5990,5989,8
2016-01-08 13:28:00,2016-01-08 13:29:00,5987,5985,5987,5985,5990,5986,5990,5986,28
2016-01-08 13:29:00,2016-01-08 13:30:00,5985,6000,6002,5985,5986,6001,6003,5986,330
2016-01-08 13:30:00,2016-01-08 13:31:00,6000,5996,6000,5991,6001,5998,6002,5992,173
2016-01-08 13:31:00,2016-01-08 13:32:00,5996,6002,6002,5996,5998,6004,6004,5998,158
2016-01-08 13:32:00,2016-01-08 13:33:00,6002,6008,6008,6002,6004,6009,6009,6004,173
2016-01-08 13:33:00,2016-01-08 13:34:00,6008,6009,6013,6008,6009,6010,6014,6009,176
2016-01-08 13:34:00,2016-01-08 13:35:00,6009,6003,6013,6002,6010,6004,6014,6003,156
2016-01-08 13:35:00,2016-01-08 13:36:00,6003,5997,6004,5996,6004,5998,6005,5998,112
2016-01-08 13:36:00,2016-01-08 13:37:00,5997,6000,6003,5996,5998,6001,6005,5997,106
2016-01-08 13:37:00,2016-01-08 13:38:00,6000,6002,6003,5997,6001,6003,6004,5998,150
2016-01-08 13:38:00,2016-01-08 13:39:00,6002,6006,6008,6002,6003,6007,6010,6003,180
2016-01-08 13:39:00,2016-01-08 13:40:00,6006,6000,6007,6000,6007,6002,6008,6001,113
2016-01-08 13:40:00,2016-01-08 13:41:00,6000,5999,6002,5998,6002,6000,6003,5999,123
2016-01-08 13:41:00,2016-01-08 13:42:00,5999,5999,6002,5998,6000,6001,6003,6000,101
2016-01-08 13:42:00,2016-01-08 13:43:00,5999,5998,6001,5998,6001,5999,6003,5999,91
2016-01-08 13:43:00,2016-01-08 13:44:00,5998,5996,5998,5995,5999,5997,5999,5996,100
2016-01-08 13:44:00,2016-01-08 13:45:00,5996,6001,6005,5996,5997,6002,6006,5998,140
2016-01-08 13:45:00,2016-01-08 13:46:00,6001,6005,6005,6000,6002,6006,6006,6001,120
2016-01-08 13:46:00,2016-01-08 13:47:00,6005,6006,6008,6003,6006,6008,6009,6004,83
2016-01-08 13:47:00,2016-01-08 13:48:00,6006,6002,6007,6002,6008,6003,6008,6003,83
2016-01-08 13:48:00,2016-01-08 13:49:00,6002,5997,6004,5997,6003,5998,6006,5998,76
2016-01-08 13:49:00,2016-01-08 13:50:00,5997,5993,5999,5993,5998,5994,6000,5994,88
2016-01-08 13:50:00,2016-01-08 13:51:00,5993,5998,5998,5990,5994,6000,6000,5992,103
2016-01-08 13:51:00,2016-01-08 13:52:00,5998,5992,6001,5992,6000,5993,6002,5993,108
2016-01-08 13:52:00,2016-01-08 13:53:00,5992,5998,5998,5991,5993,6000,6000,5993,139
2016-01-08 13:53:00,2016-01-08 13:54:00,5998,5999,6000,5997,6000,6000,6002,5998,115
2016-01-08 13:54:00,2016-01-08 13:55:00,5999,5996,5998,5993,6000,5997,6000,5994,126
2016-01-08 13:55:00,2016-01-08 13:56:00,5996,5995,5997,5991,5997,5997,5998,5992,125
2016-01-08 13:56:00,2016-01-08 13:57:00,5995,5996,5999,5996,5997,5997,6000,5997,81
2016-01-08 13:57:00,2016-01-08 13:58:00,5996,5994,5997,5993,5997,5995,5998,5994,102
2016-01-08 13:58:00,2016-01-08 13:59:00,5994,5994,5995,5991,5995,5995,5996,5992,114
2016-01-08 13:59:00,2016-01-08 14:00:00,5994,5994,5996,5992,5995,5995,5997,5993,142
2016-01-08 14:00:00,2016-01-08 14:01:00,5994,5997,5997,5993,5995,5998,5999,5994,82
2016-01-08 14:01:00,2016-01-08 14:02:00,5997,5997,5999,5995,5998,5998,6000,5996,78
2016-01-08 14:02:00,2016-01-08 14:03:00,5997,5992,5998,5992,5998,5994,5999,5993,103
2016-01-08 14:03:00,2016-01-08 14:04:00,5992,5992,5995,5992,5994,5993,5996,5993,73
2016-01-08 14:04:00,2016-01-08 14:05:00,5992,5987,5993,5986,5993,5988,5994,5987,106
2016-01-08 14:05:00,2016-01-08 14:06:00,5987,5985,5987,5984,5988,5986,5988,5985,116
2016-01-08 14:06:00,2016-01-08 14:07:00,5985,5984,5986,5980,5986,5985,5987,5981,166
2016-01-08 14:07:00,2016-01-08 14:08:00,5984,5986,5987,5984,5985,5987,5988,5985,148
2016-01-08 14:08:00,2016-01-08 14:09:00,5986,5990,5991,5985,5987,5991,5992,5986,88
2016-01-08 14:09:00,2016-01-08 14:10:00,5990,5989,5989,5985,5991,5990,5991,5986,104
2016-01-08 14:10:00,2016-01-08 14:11:00,5989,5988,5990,5987,5990,5989,5991,5988,102
2016-01-08 14:11:00,2016-01-08 14:12:00,5988,5993,5993,5987,5989,5994,5994,5989,72
2016-01-08 14:12:00,2016-01-08 14:13:00,5993,5992,5993,5991,5994,5993,5994,5992,56
2016-01-08 14:13:00,2016-01-08 14:14:00,5992,5988,5993,5987,5993,5989,5994,5988,92
2016-01-08 14:14:00,2016-01-08 14:15:00,5988,5990,5990,5985,5989,5991,5991,5986,94
2016-01-08 14:15:00,2016-01-08 14:16:00,5990,5985,5991,5985,5991,5986,5992,5986,80
2016-01-08 14:16:00,2016-01-08 14:17:00,5985,5983,5985,5982,5986,5984,5986,5984,106
2016-01-08 14:17:00,2016-01-08 14:18:00,5983,5982,5983,5981,5984,5983,5985,5982,108
2016-01-08 14:18:00,2016-01-08 14:19:00,5982,5988,5988,5981,5983,5989,5989,5983,82
2016-01-08 14:19:00,2016-01-08 14:20:00,5988,5988,5991,5988,5989,5989,5992,5989,98
2016-01-08 14:20:00,2016-01-08 14:21:00,5988,5987,5989,5986,5989,5989,5990,5987,41
2016-01-08 14:21:00,2016-01-08 14:22:00,5987,5987,5987,5984,5989,5988,5988,5985,57
2016-01-08 14:22:00,2016-01-08 14:23:00,5987,5989,5989,5986,5988,5990,5991,5987,66
2016-01-08 14:23:00,2016-01-08 14:24:00,5989,5988,5990,5987,5990,5990,5991,5988,63
2016-01-08 14:24:00,2016-01-08 14:25:00,5988,5986,5989,5985,5990,5987,5990,5986,57
2016-01-08 14:25:00,2016-01-08 14:26:00,5986,5984,5986,5983,5987,5985,5987,5984,58
2016-01-08 14:26:00,2016-01-08 14:27:00,5984,5984,5985,5983,5985,5985,5986,5984,44
2016-01-08 14:27:00,2016-01-08 14:28:00,5984,5981,5985,5980,5985,5983,5986,5982,79
2016-01-08 14:28:00,2016-01-08 14:29:00,5981,5978,5984,5978,5983,5980,5985,5979,130
2016-01-08 14:29:00,2016-01-08 14:30:00,5978,5977,5979,5972,5980,5979,5980,5973,326
2016-01-08 14:30:00,2016-01-08 14:31:00,5977,5980,5981,5975,5979,5981,5982,5976,157
2016-01-08 14:31:00,2016-01-08 14:32:00,5980,5978,5980,5976,5981,5979,5981,5977,200
2016-01-08 14:32:00,2016-01-08 14:33:00,5978,5983,5984,5975,5979,5984,5985,5977,164
2016-01-08 14:33:00,2016-01-08 14:34:00,5983,5987,5989,5981,5984,5988,5990,5982,244
2016-01-08 14:34:00,2016-01-08 14:35:00,5987,5982,5987,5982,5988,5984,5989,5984,183
2016-01-08 14:35:00,2016-01-08 14:36:00,5982,5983,5985,5978,5984,5984,5986,5979,263
2016-01-08 14:36:00,2016-01-08 14:37:00,5983,5980,5983,5979,5984,5981,5984,5980,182
2016-01-08 14:37:00,2016-01-08 14:38:00,5980,5978,5982,5976,5981,5979,5983,5977,178
2016-01-08 14:38:00,2016-01-08 14:39:00,5978,5979,5982,5976,5979,5980,5983,5977,194
2016-01-08 14:39:00,2016-01-08 14:40:00,5979,5972,5979,5972,5980,5973,5980,5973,188
2016-01-08 14:40:00,2016-01-08 14:41:00,5972,5977,5981,5971,5973,5978,5982,5972,212
2016-01-08 14:41:00,2016-01-08 14:42:00,5977,5971,5978,5971,5978,5972,5980,5972,194
2016-01-08 14:42:00,2016-01-08 14:43:00,5971,5971,5973,5968,5972,5973,5974,5969,209
2016-01-08 14:43:00,2016-01-08 14:44:00,5971,5967,5973,5966,5973,5968,5974,5967,141
2016-01-08 14:44:00,2016-01-08 14:45:00,5967,5967,5968,5963,5968,5968,5969,5964,152
2016-01-08 14:45:00,2016-01-08 14:46:00,5967,5975,5975,5966,5968,5976,5976,5967,170
2016-01-08 14:46:00,2016-01-08 14:47:00,5975,5976,5977,5972,5976,5977,5978,5973,154
2016-01-08 14:47:00,2016-01-08 14:48:00,5976,5980,5980,5976,5977,5981,5982,5977,122
2016-01-08 14:48:00,2016-01-08 14:49:00,5980,5975,5980,5973,5981,5976,5982,5974,118
2016-01-08 14:49:00,2016-01-08 14:50:00,5975,5971,5976,5970,5976,5972,5977,5971,132
2016-01-08 14:50:00,2016-01-08 14:51:00,5971,5975,5976,5970,5972,5976,5977,5971,156
2016-01-08 14:51:00,2016-01-08 14:52:00,5975,5971,5976,5969,5976,5972,5977,5970,136
2016-01-08 14:52:00,2016-01-08 14:53:00,5971,5969,5972,5968,5972,5970,5973,5969,212
2016-01-08 14:53:00,2016-01-08 14:54:00,5969,5969,5975,5969,5970,5970,5976,5970,174
2016-01-08 14:54:00,2016-01-08 14:55:00,5969,5970,5974,5969,5970,5971,5975,5970,140
2016-01-08 14:55:00,2016-01-08 14:56:00,5970,5975,5976,5969,5971,5976,5977,5971,72
2016-01-08 14:56:00,2016-01-08 14:57:00,5975,5977,5978,5974,5976,5978,5979,5975,132
2016-01-08 14:57:00,2016-01-08 14:58:00,5977,5976,5977,5975,5978,5978,5978,5977,39
2016-01-08 14:58:00,2016-01-08 14:59:00,5976,5979,5980,5976,5978,5980,5981,5977,35
2016-01-08 14:59:00,2016-01-08 15:00:00,5979,5971,5980,5970,5980,5972,5981,5971,180
2016-01-08 15:00:00,2016-01-08 15:01:00,5971,5971,5972,5966,5972,5972,5973,5967,193
2016-01-08 15:01:00,2016-01-08 15:02:00,5971,5964,5971,5963,5972,5965,5972,5964,180
2016-01-08 15:02:00,2016-01-08 15:03:00,5964,5958,5964,5954,5965,5959,5965,5955,306
2016-01-08 15:03:00,2016-01-08 15:04:00,5958,5955,5958,5951,5959,5956,5960,5952,262
2016-01-08 15:04:00,2016-01-08 15:05:00,5955,5958,5959,5953,5956,5959,5960,5954,172
2016-01-08 15:05:00,2016-01-08 15:06:00,5958,5957,5959,5956,5959,5958,5960,5957,122
2016-01-08 15:06:00,2016-01-08 15:07:00,5957,5952,5959,5952,5958,5953,5960,5953,122
2016-01-08 15:07:00,2016-01-08 15:08:00,5952,5952,5953,5949,5953,5953,5954,5950,164
2016-01-08 15:08:00,2016-01-08 15:09:00,5952,5950,5953,5950,5953,5951,5954,5951,136
2016-01-08 15:09:00,2016-01-08 15:10:00,5950,5950,5952,5947,5951,5951,5953,5948,207
2016-01-08 15:10:00,2016-01-08 15:11:00,5950,5949,5952,5948,5951,5950,5953,5949,116
2016-01-08 15:11:00,2016-01-08 15:12:00,5949,5943,5949,5942,5950,5944,5950,5944,90
2016-01-08 15:12:00,2016-01-08 15:13:00,5943,5942,5943,5940,5944,5944,5944,5941,83
2016-01-08 15:13:00,2016-01-08 15:14:00,5942,5942,5943,5938,5944,5943,5944,5939,221
2016-01-08 15:14:00,2016-01-08 15:15:00,5942,5948,5948,5941,5943,5949,5950,5942,128
2016-01-08 15:15:00,2016-01-08 15:16:00,5948,5950,5951,5947,5949,5951,5952,5948,148
2016-01-08 15:16:00,2016-01-08 15:17:00,5950,5941,5951,5940,5951,5942,5952,5942,118
2016-01-08 15:17:00,2016-01-08 15:18:00,5941,5948,5949,5941,5942,5949,5950,5942,152
2016-01-08 15:18:00,2016-01-08 15:19:00,5948,5944,5950,5943,5949,5945,5951,5944,114
2016-01-08 15:19:00,2016-01-08 15:20:00,5944,5950,5951,5943,5945,5951,5952,5944,172
2016-01-08 15:20:00,2016-01-08 15:21:00,5950,5948,5950,5947,5951,5950,5951,5948,117
2016-01-08 15:21:00,2016-01-08 15:22:00,5948,5945,5949,5943,5950,5946,5951,5944,109
2016-01-08 15:22:00,2016-01-08 15:23:00,5945,5947,5948,5943,5946,5948,5949,5944,128
2016-01-08 15:23:00,2016-01-08 15:24:00,5947,5949,5949,5942,5948,5950,5950,5943,144
2016-01-08 15:24:00,2016-01-08 15:25:00,5949,5953,5954,5948,5950,5955,5955,5949,127
2016-01-08 15:25:00,2016-01-08 15:26:00,5953,5957,5958,5953,5955,5959,5959,5954,186
2016-01-08 15:26:00,2016-01-08 15:27:00,5957,5956,5958,5955,5959,5958,5959,5956,128
2016-01-08 15:27:00,2016-01-08 15:28:00,5956,5954,5957,5951,5958,5955,5958,5953,125
2016-01-08 15:28:00,2016-01-08 15:29:00,5954,5953,5957,5953,5955,5955,5958,5954,119
2016-01-08 15:29:00,2016-01-08 15:30:00,5953,5957,5959,5953,5955,5958,5961,5954,111
2016-01-08 15:30:00,2016-01-08 15:31:00,5957,5956,5958,5954,5958,5957,5959,5955,100
2016-01-08 15:31:00,2016-01-08 15:32:00,5956,5956,5958,5955,5957,5957,5959,5956,94
2016-01-08 15:32:00,2016-01-08 15:33:00,5956,5955,5956,5953,5957,5956,5957,5954,70
2016-01-08 15:33:00,2016-01-08 15:34:00,5955,5959,5960,5953,5956,5960,5961,5954,137
2016-01-08 15:34:00,2016-01-08 15:35:00,5959,5952,5960,5951,5960,5953,5961,5952,128
2016-01-08 15:35:00,2016-01-08 15:36:00,5952,5955,5955,5951,5953,5956,5956,5952,120
2016-01-08 15:36:00,2016-01-08 15:37:00,5955,5947,5955,5946,5956,5948,5956,5947,156
2016-01-08 15:37:00,2016-01-08 15:38:00,5947,5948,5949,5946,5948,5949,5951,5947,102
2016-01-08 15:38:00,2016-01-08 15:39:00,5948,5949,5950,5947,5949,5950,5952,5949,80
2016-01-08 15:39:00,2016-01-08 15:40:00,5949,5948,5950,5947,5950,5949,5951,5948,140
2016-01-08 15:40:00,2016-01-08 15:41:00,5948,5953,5953,5947,5949,5954,5954,5948,126
2016-01-08 15:41:00,2016-01-08 15:42:00,5953,5951,5953,5950,5954,5952,5954,5951,134
2016-01-08 15:42:00,2016-01-08 15:43:00,5951,5950,5952,5949,5952,5951,5953,5951,108
2016-01-08 15:43:00,2016-01-08 15:44:00,5950,5945,5952,5945,5951,5947,5953,5946,139
2016-01-08 15:44:00,2016-01-08 15:45:00,5945,5953,5953,5945,5947,5954,5954,5946,135
2016-01-08 15:45:00,2016-01-08 15:46:00,5953,5958,5959,5952,5954,5959,5960,5953,108
2016-01-08 15:46:00,2016-01-08 15:47:00,5958,5958,5958,5955,5959,5959,5960,5956,88
2016-01-08 15:47:00,2016-01-08 15:48:00,5958,5957,5961,5956,5959,5958,5962,5957,62
2016-01-08 15:48:00,2016-01-08 15:49:00,5957,5956,5958,5956,5958,5957,5959,5957,78
2016-01-08 15:49:00,2016-01-08 15:50:00,5956,5953,5955,5952,5957,5954,5957,5953,74
2016-01-08 15:50:00,2016-01-08 15:51:00,5953,5949,5953,5948,5954,5950,5954,5949,78
2016-01-08 15:51:00,2016-01-08 15:52:00,5949,5945,5950,5945,5950,5946,5951,5946,82
2016-01-08 15:52:00,2016-01-08 15:53:00,5945,5944,5946,5942,5946,5945,5947,5943,130
2016-01-08 15:53:00,2016-01-08 15:54:00,5944,5939,5944,5938,5945,5940,5945,5939,118
2016-01-08 15:54:00,2016-01-08 15:55:00,5939,5944,5944,5936,5940,5945,5945,5937,208
2016-01-08 15:55:00,2016-01-08 15:56:00,5944,5945,5945,5941,5945,5946,5947,5942,194
2016-01-08 15:56:00,2016-01-08 15:57:00,5945,5947,5950,5945,5946,5948,5951,5946,144
2016-01-08 15:57:00,2016-01-08 15:58:00,5947,5946,5948,5946,5948,5947,5949,5947,126
2016-01-08 15:58:00,2016-01-08 15:59:00,5946,5937,5946,5936,5947,5938,5947,5938,202
2016-01-08 15:59:00,2016-01-08 16:00:00,5937,5944,5946,5935,5938,5946,5947,5937,132
2016-01-08 16:00:00,2016-01-08 16:01:00,5944,5941,5947,5939,5946,5942,5949,5940,159
2016-01-08 16:01:00,2016-01-08 16:02:00,5941,5942,5944,5939,5942,5943,5945,5940,124
2016-01-08 16:02:00,2016-01-08 16:03:00,5942,5942,5945,5941,5943,5943,5946,5942,134
2016-01-08 16:03:00,2016-01-08 16:04:00,5942,5943,5944,5941,5943,5944,5946,5942,112
2016-01-08 16:04:00,2016-01-08 16:05:00,5943,5947,5948,5943,5944,5948,5949,5945,90
2016-01-08 16:05:00,2016-01-08 16:06:00,5947,5946,5949,5945,5948,5947,5950,5947,90
2016-01-08 16:06:00,2016-01-08 16:07:00,5946,5944,5946,5940,5947,5946,5947,5941,109
2016-01-08 16:07:00,2016-01-08 16:08:00,5944,5944,5945,5942,5946,5946,5946,5943,88
2016-01-08 16:08:00,2016-01-08 16:09:00,5944,5948,5948,5944,5946,5949,5949,5945,87
2016-01-08 16:09:00,2016-01-08 16:10:00,5948,5944,5948,5943,5949,5945,5949,5944,114
2016-01-08 16:10:00,2016-01-08 16:11:00,5944,5945,5946,5944,5945,5947,5947,5945,101
2016-01-08 16:11:00,2016-01-08 16:12:00,5945,5939,5946,5938,5947,5940,5947,5939,75
2016-01-08 16:12:00,2016-01-08 16:13:00,5939,5938,5939,5937,5940,5939,5940,5938,148
2016-01-08 16:13:00,2016-01-08 16:14:00,5938,5939,5940,5937,5939,5940,5941,5938,54
2016-01-08 16:14:00,2016-01-08 16:15:00,5939,5939,5941,5937,5940,5940,5942,5939,70
2016-01-08 16:15:00,2016-01-08 16:16:00,5939,5939,5941,5938,5940,5940,5942,5939,124
2016-01-08 16:16:00,2016-01-08 16:17:00,5939,5942,5942,5939,5940,5943,5943,5940,120
2016-01-08 16:17:00,2016-01-08 16:18:00,5942,5941,5942,5939,5943,5942,5943,5940,112
2016-01-08 16:18:00,2016-01-08 16:19:00,5941,5935,5941,5935,5942,5937,5942,5936,93
2016-01-08 16:19:00,2016-01-08 16:20:00,5935,5934,5936,5933,5937,5935,5937,5934,121
2016-01-08 16:20:00,2016-01-08 16:21:00,5934,5933,5935,5931,5935,5934,5937,5932,82
2016-01-08 16:21:00,2016-01-08 16:22:00,5933,5932,5934,5931,5934,5933,5935,5932,84
2016-01-08 16:22:00,2016-01-08 16:23:00,5932,5937,5937,5931,5933,5938,5938,5932,92
2016-01-08 16:23:00,2016-01-08 16:24:00,5937,5936,5939,5936,5938,5937,5940,5937,74
2016-01-08 16:24:00,2016-01-08 16:25:00,5936,5935,5937,5935,5937,5936,5938,5936,96
2016-01-08 16:25:00,2016-01-08 16:26:00,5935,5929,5935,5928,5936,5930,5936,5929,118
2016-01-08 16:26:00,2016-01-08 16:27:00,5929,5925,5929,5924,5930,5926,5930,5925,106
2016-01-08 16:27:00,2016-01-08 16:28:00,5925,5924,5928,5923,5926,5925,5929,5924,116
2016-01-08 16:28:00,2016-01-08 16:29:00,5924,5929,5931,5923,5925,5930,5932,5924,206
2016-01-08 16:29:00,2016-01-08 16:30:00,5929,5922,5930,5921,5930,5924,5932,5922,243
2016-01-08 16:30:00,2016-01-08 16:31:00,5922,5912,5923,5911,5924,5913,5924,5912,195
2016-01-08 16:31:00,2016-01-08 16:32:00,5912,5909,5913,5909,5913,5910,5914,5910,180
2016-01-08 16:32:00,2016-01-08 16:33:00,5909,5903,5909,5901,5910,5904,5910,5902,237
2016-01-08 16:33:00,2016-01-08 16:34:00,5903,5910,5911,5903,5904,5911,5912,5904,306
2016-01-08 16:34:00,2016-01-08 16:35:00,5910,5903,5910,5903,5911,5904,5912,5904,212
2016-01-08 16:35:00,2016-01-08 16:36:00,5903,5910,5911,5902,5904,5911,5912,5903,122
2016-01-08 16:36:00,2016-01-08 16:37:00,5910,5915,5915,5908,5911,5916,5916,5909,115
2016-01-08 16:37:00,2016-01-08 16:38:00,5915,5913,5915,5910,5916,5914,5916,5911,128
2016-01-08 16:38:00,2016-01-08 16:39:00,5913,5912,5917,5912,5914,5913,5918,5913,90
2016-01-08 16:39:00,2016-01-08 16:40:00,5912,5908,5913,5908,5913,5910,5914,5910,91
2016-01-08 16:40:00,2016-01-08 16:41:00,5908,5907,5910,5906,5910,5908,5911,5908,59
2016-01-08 16:41:00,2016-01-08 16:42:00,5907,5911,5911,5904,5908,5912,5913,5905,126
2016-01-08 16:42:00,2016-01-08 16:43:00,5911,5912,5914,5909,5912,5913,5916,5911,86
2016-01-08 16:43:00,2016-01-08 16:44:00,5912,5917,5918,5910,5913,5918,5919,5911,114
2016-01-08 16:44:00,2016-01-08 16:45:00,5917,5915,5918,5914,5918,5916,5919,5915,74
2016-01-08 16:45:00,2016-01-08 16:46:00,5915,5914,5916,5911,5916,5915,5917,5912,84
2016-01-08 16:46:00,2016-01-08 16:47:00,5914,5916,5917,5913,5915,5917,5918,5914,46
2016-01-08 16:47:00,2016-01-08 16:48:00,5916,5918,5919,5915,5917,5919,5920,5916,96
2016-01-08 16:48:00,2016-01-08 16:49:00,5918,5919,5919,5915,5919,5920,5920,5916,66
2016-01-08 16:49:00,2016-01-08 16:50:00,5919,5918,5918,5914,5920,5919,5920,5915,68
2016-01-08 16:50:00,2016-01-08 16:51:00,5918,5919,5920,5917,5919,5921,5921,5918,77
2016-01-08 16:51:00,2016-01-08 16:52:00,5919,5924,5924,5920,5921,5925,5925,5921,65
2016-01-08 16:52:00,2016-01-08 16:53:00,5924,5923,5924,5919,5925,5924,5925,5921,144
2016-01-08 16:53:00,2016-01-08 16:54:00,5923,5926,5927,5923,5924,5928,5928,5924,69
2016-01-08 16:54:00,2016-01-08 16:55:00,5926,5923,5929,5922,5928,5924,5930,5923,93
2016-01-08 16:55:00,2016-01-08 16:56:00,5923,5924,5925,5922,5924,5925,5927,5923,112
2016-01-08 16:56:00,2016-01-08 16:57:00,5924,5928,5930,5923,5925,5930,5931,5925,117
2016-01-08 16:57:00,2016-01-08 16:58:00,5928,5925,5931,5924,5930,5926,5932,5926,97
2016-01-08 16:58:00,2016-01-08 16:59:00,5925,5927,5928,5924,5926,5929,5930,5925,109
2016-01-08 16:59:00,2016-01-08 17:00:00,5927,5929,5930,5927,5929,5931,5931,5928,82
2016-01-08 17:00:00,2016-01-08 17:01:00,5929,5930,5932,5927,5931,5931,5933,5929,67
2016-01-08 17:01:00,2016-01-08 17:02:00,5930,5924,5930,5924,5931,5925,5931,5925,72
2016-01-08 17:02:00,2016-01-08 17:03:00,5924,5924,5925,5922,5925,5926,5926,5923,51
2016-01-08 17:03:00,2016-01-08 17:04:00,5924,5925,5926,5922,5926,5926,5927,5924,59
2016-01-08 17:04:00,2016-01-08 17:05:00,5925,5929,5929,5925,5926,5930,5930,5927,56
2016-01-08 17:05:00,2016-01-08 17:06:00,5929,5930,5932,5927,5930,5932,5933,5929,73
2016-01-08 17:06:00,2016-01-08 17:07:00,5930,5931,5933,5930,5932,5932,5935,5931,103
2016-01-08 17:07:00,2016-01-08 17:08:00,5931,5935,5936,5931,5932,5936,5937,5932,62
2016-01-08 17:08:00,2016-01-08 17:09:00,5935,5937,5937,5934,5936,5938,5939,5935,137
2016-01-08 17:09:00,2016-01-08 17:10:00,5937,5936,5938,5935,5938,5937,5940,5936,74
2016-01-08 17:10:00,2016-01-08 17:11:00,5936,5935,5936,5934,5937,5936,5938,5935,95
2016-01-08 17:11:00,2016-01-08 17:12:00,5935,5933,5936,5932,5936,5935,5937,5933,65
2016-01-08 17:12:00,2016-01-08 17:13:00,5933,5932,5934,5932,5935,5934,5936,5933,58
2016-01-08 17:13:00,2016-01-08 17:14:00,5932,5935,5935,5932,5934,5937,5937,5933,56
2016-01-08 17:14:00,2016-01-08 17:15:00,5935,5939,5939,5935,5937,5940,5940,5936,67
2016-01-08 17:15:00,2016-01-08 17:16:00,5939,5937,5941,5936,5940,5938,5943,5938,66
2016-01-08 17:16:00,2016-01-08 17:17:00,5937,5943,5943,5936,5938,5944,5944,5938,96
2016-01-08 17:17:00,2016-01-08 17:18:00,5943,5943,5944,5942,5944,5944,5946,5943,70
2016-01-08 17:18:00,2016-01-08 17:19:00,5943,5943,5944,5941,5944,5944,5945,5943,64
2016-01-08 17:19:00,2016-01-08 17:20:00,5943,5942,5943,5941,5944,5944,5944,5942,64
2016-01-08 17:20:00,2016-01-08 17:21:00,5942,5946,5946,5942,5944,5947,5947,5943,59
2016-01-08 17:21:00,2016-01-08 17:22:00,5946,5947,5948,5945,5947,5948,5949,5947,68
2016-01-08 17:22:00,2016-01-08 17:23:00,5947,5950,5951,5947,5948,5952,5952,5949,79
2016-01-08 17:23:00,2016-01-08 17:24:00,5950,5950,5952,5949,5952,5951,5953,5950,49
2016-01-08 17:24:00,2016-01-08 17:25:00,5950,5948,5950,5947,5951,5949,5951,5948,50
2016-01-08 17:25:00,2016-01-08 17:26:00,5948,5947,5949,5946,5949,5948,5951,5947,91
2016-01-08 17:26:00,2016-01-08 17:27:00,5947,5949,5950,5947,5948,5950,5951,5949,46
2016-01-08 17:27:00,2016-01-08 17:28:00,5949,5950,5952,5949,5950,5951,5953,5950,94
2016-01-08 17:28:00,2016-01-08 17:29:00,5950,5952,5952,5949,5951,5953,5953,5951,46
2016-01-08 17:29:00,2016-01-08 17:30:00,5952,5947,5952,5947,5953,5948,5953,5948,68
2016-01-08 17:30:00,2016-01-08 17:31:00,5947,5946,5947,5944,5948,5947,5949,5946,30
2016-01-08 17:31:00,2016-01-08 17:32:00,5946,5944,5946,5943,5947,5945,5948,5945,48
2016-01-08 17:32:00,2016-01-08 17:33:00,5944,5944,5945,5944,5945,5945,5947,5945,36
2016-01-08 17:33:00,2016-01-08 17:34:00,5944,5943,5946,5943,5945,5944,5947,5944,34
2016-01-08 17:34:00,2016-01-08 17:35:00,5943,5945,5945,5942,5944,5946,5946,5944,48
2016-01-08 17:35:00,2016-01-08 17:36:00,5945,5945,5946,5944,5946,5947,5947,5945,19
2016-01-08 17:36:00,2016-01-08 17:37:00,5945,5946,5948,5945,5947,5948,5950,5947,34
2016-01-08 17:37:00,2016-01-08 17:38:00,5946,5944,5946,5943,5948,5945,5947,5944,27
2016-01-08 17:38:00,2016-01-08 17:39:00,5944,5941,5945,5941,5945,5942,5946,5942,78
2016-01-08 17:39:00,2016-01-08 17:40:00,5941,5943,5943,5941,5942,5944,5945,5942,38
2016-01-08 17:40:00,2016-01-08 17:41:00,5943,5941,5943,5941,5944,5942,5944,5942,40
2016-01-08 17:41:00,2016-01-08 17:42:00,5941,5941,5942,5941,5942,5942,5944,5942,36
2016-01-08 17:42:00,2016-01-08 17:43:00,5941,5940,5940,5939,5942,5941,5942,5940,30
2016-01-08 17:43:00,2016-01-08 17:44:00,5940,5941,5942,5940,5941,5942,5943,5941,46
2016-01-08 17:44:00,2016-01-08 17:45:00,5941,5940,5941,5939,5942,5941,5942,5940,34
2016-01-08 17:45:00,2016-01-08 17:46:00,5940,5942,5942,5940,5941,5943,5943,5942,22
2016-01-08 17:46:00,2016-01-08 17:47:00,5942,5945,5945,5941,5943,5946,5946,5942,50
2016-01-08 17:47:00,2016-01-08 17:48:00,5945,5946,5946,5943,5946,5947,5948,5944,54
2016-01-08 17:48:00,2016-01-08 17:49:00,5946,5943,5945,5943,5947,5944,5947,5944,36
2016-01-08 17:49:00,2016-01-08 17:50:00,5943,5938,5943,5938,5944,5939,5945,5939,60
2016-01-08 17:50:00,2016-01-08 17:51:00,5938,5938,5939,5937,5939,5939,5940,5938,68
2016-01-08 17:51:00,2016-01-08 17:52:00,5938,5939,5940,5938,5939,5941,5941,5939,45
2016-01-08 17:52:00,2016-01-08 17:53:00,5939,5938,5940,5937,5941,5939,5941,5938,25
2016-01-08 17:53:00,2016-01-08 17:54:00,5938,5942,5942,5937,5939,5943,5944,5938,36
2016-01-08 17:54:00,2016-01-08 17:55:00,5942,5940,5942,5939,5943,5942,5943,5940,35
2016-01-08 17:55:00,2016-01-08 17:56:00,5940,5940,5941,5939,5942,5941,5943,5940,39
2016-01-08 17:56:00,2016-01-08 17:57:00,5940,5938,5940,5937,5941,5939,5942,5939,32
2016-01-08 17:57:00,2016-01-08 17:58:00,5938,5940,5941,5938,5939,5942,5942,5939,27
2016-01-08 17:58:00,2016-01-08 17:59:00,5940,5938,5940,5938,5942,5939,5941,5939,15
2016-01-08 17:59:00,2016-01-08 18:00:00,5938,5939,5940,5937,5939,5940,5942,5939,48
2016-01-08 18:00:00,2016-01-08 18:01:00,5939,5939,5941,5936,5940,5940,5942,5938,76
2016-01-08 18:01:00,2016-01-08 18:02:00,5939,5942,5944,5939,5940,5944,5945,5940,99
2016-01-08 18:02:00,2016-01-08 18:03:00,5942,5939,5942,5937,5944,5941,5944,5939,102
2016-01-08 18:03:00,2016-01-08 18:04:00,5939,5937,5940,5937,5941,5939,5941,5939,44
2016-01-08 18:04:00,2016-01-08 18:05:00,5937,5933,5937,5933,5939,5935,5939,5934,66
2016-01-08 18:05:00,2016-01-08 18:06:00,5933,5934,5935,5933,5935,5936,5936,5934,46
2016-01-08 18:06:00,2016-01-08 18:07:00,5934,5931,5935,5931,5936,5933,5936,5932,56
2016-01-08 18:07:00,2016-01-08 18:08:00,5931,5932,5932,5931,5933,5934,5934,5932,40
2016-01-08 18:08:00,2016-01-08 18:09:00,5932,5933,5934,5932,5934,5934,5936,5934,21
2016-01-08 18:09:00,2016-01-08 18:10:00,5933,5933,5933,5931,5934,5934,5935,5932,54
2016-01-08 18:10:00,2016-01-08 18:11:00,5933,5932,5932,5931,5934,5933,5934,5932,42
2016-01-08 18:11:00,2016-01-08 18:12:00,5932,5932,5933,5931,5933,5933,5934,5932,36
2016-01-08 18:12:00,2016-01-08 18:13:00,5932,5934,5934,5932,5933,5935,5936,5933,44
2016-01-08 18:13:00,2016-01-08 18:14:00,5934,5934,5935,5933,5935,5935,5937,5935,72
2016-01-08 18:14:00,2016-01-08 18:15:00,5934,5934,5934,5931,5935,5935,5936,5932,66
2016-01-08 18:15:00,2016-01-08 18:16:00,5934,5935,5935,5933,5935,5936,5937,5934,54
2016-01-08 18:16:00,2016-01-08 18:17:00,5935,5936,5936,5934,5936,5937,5937,5935,36
2016-01-08 18:17:00,2016-01-08 18:18:00,5936,5937,5937,5935,5937,5939,5939,5936,37
2016-01-08 18:18:00,2016-01-08 18:19:00,5937,5937,5938,5937,5939,5939,5939,5938,30
2016-01-08 18:19:00,2016-01-08 18:20:00,5937,5937,5937,5935,5939,5938,5939,5936,51
2016-01-08 18:20:00,2016-01-08 18:21:00,5937,5936,5939,5936,5938,5938,5940,5937,51
2016-01-08 18:21:00,2016-01-08 18:22:00,5936,5934,5937,5934,5938,5935,5938,5935,79
2016-01-08 18:22:00,2016-01-08 18:23:00,5934,5932,5935,5931,5935,5934,5936,5932,79
2016-01-08 18:23:00,2016-01-08 18:24:00,5932,5930,5933,5928,5934,5931,5934,5930,57
2016-01-08 18:24:00,2016-01-08 18:25:00,5930,5929,5929,5926,5931,5931,5931,5928,65
2016-01-08 18:25:00,2016-01-08 18:26:00,5929,5932,5934,5930,5931,5934,5936,5931,60
2016-01-08 18:26:00,2016-01-08 18:27:00,5932,5932,5934,5931,5934,5933,5935,5932,31
2016-01-08 18:27:00,2016-01-08 18:28:00,5932,5929,5932,5928,5933,5931,5934,5930,61
2016-01-08 18:28:00,2016-01-08 18:29:00,5929,5931,5931,5929,5931,5932,5932,5931,31
2016-01-08 18:29:00,2016-01-08 18:30:00,5931,5931,5933,5929,5932,5932,5934,5930,40
2016-01-08 18:30:00,2016-01-08 18:31:00,5931,5933,5934,5931,5932,5934,5935,5933,28
2016-01-08 18:31:00,2016-01-08 18:32:00,5933,5935,5935,5932,5934,5937,5937,5934,35
2016-01-08 18:32:00,2016-01-08 18:33:00,5935,5935,5937,5935,5937,5936,5939,5936,31
2016-01-08 18:33:00,2016-01-08 18:34:00,5935,5937,5937,5934,5936,5938,5938,5936,14
2016-01-08 18:34:00,2016-01-08 18:35:00,5937,5938,5938,5936,5938,5940,5940,5937,51
2016-01-08 18:35:00,2016-01-08 18:36:00,5938,5939,5939,5937,5940,5940,5941,5938,29
2016-01-08 18:36:00,2016-01-08 18:37:00,5939,5939,5940,5938,5940,5940,5941,5939,40
2016-01-08 18:37:00,2016-01-08 18:38:00,5939,5943,5944,5939,5940,5944,5945,5940,44
2016-01-08 18:38:00,2016-01-08 18:39:00,5943,5943,5944,5942,5944,5945,5946,5944,13
2016-01-08 18:39:00,2016-01-08 18:40:00,5943,5943,5945,5942,5945,5944,5946,5944,27
2016-01-08 18:40:00,2016-01-08 18:41:00,5943,5942,5944,5941,5944,5943,5945,5942,30
2016-01-08 18:41:00,2016-01-08 18:42:00,5942,5942,5943,5942,5943,5944,5944,5943,11
2016-01-08 18:42:00,2016-01-08 18:43:00,5942,5943,5944,5942,5944,5944,5945,5943,29
2016-01-08 18:43:00,2016-01-08 18:44:00,5943,5943,5944,5942,5944,5945,5945,5943,33
2016-01-08 18:44:00,2016-01-08 18:45:00,5943,5941,5943,5938,5945,5942,5944,5939,99
2016-01-08 18:45:00,2016-01-08 18:46:00,5941,5938,5941,5937,5942,5939,5942,5938,60
2016-01-08 18:46:00,2016-01-08 18:47:00,5938,5938,5938,5937,5939,5940,5940,5938,19
2016-01-08 18:47:00,2016-01-08 18:49:00,5936,5936,5937,5935,5938,5937,5938,5936,19
2016-01-08 18:49:00,2016-01-08 18:50:00,5936,5939,5940,5936,5937,5941,5941,5938,31
2016-01-08 18:50:00,2016-01-08 18:51:00,5939,5938,5940,5937,5941,5940,5942,5939,26
2016-01-08 18:51:00,2016-01-08 18:52:00,5938,5937,5939,5936,5940,5938,5941,5938,33
2016-01-08 18:52:00,2016-01-08 18:53:00,5937,5937,5939,5936,5938,5939,5940,5937,53
2016-01-08 18:53:00,2016-01-08 18:54:00,5937,5938,5939,5937,5939,5939,5941,5938,37
2016-01-08 18:54:00,2016-01-08 18:55:00,5938,5938,5939,5937,5939,5939,5940,5938,38
2016-01-08 18:55:00,2016-01-08 18:56:00,5938,5938,5939,5937,5939,5939,5941,5939,22
2016-01-08 18:56:00,2016-01-08 18:57:00,5938,5936,5937,5935,5939,5938,5939,5937,21
2016-01-08 18:57:00,2016-01-08 18:58:00,5936,5934,5937,5934,5938,5936,5938,5936,26
2016-01-08 18:58:00,2016-01-08 18:59:00,5934,5935,5935,5933,5936,5936,5936,5935,33
2016-01-08 18:59:00,2016-01-08 19:00:00,5935,5938,5938,5934,5936,5939,5939,5935,40
2016-01-08 19:00:00,2016-01-08 19:01:00,5938,5940,5940,5937,5939,5941,5941,5939,20
2016-01-08 19:01:00,2016-01-08 19:02:00,5940,5940,5941,5938,5941,5941,5942,5940,40
2016-01-08 19:02:00,2016-01-08 19:03:00,5940,5941,5943,5940,5941,5942,5944,5942,40
2016-01-08 19:03:00,2016-01-08 19:04:00,5941,5944,5945,5941,5942,5945,5946,5943,40
2016-01-08 19:04:00,2016-01-08 19:05:00,5944,5943,5945,5941,5945,5945,5946,5943,43
2016-01-08 19:05:00,2016-01-08 19:06:00,5943,5942,5944,5942,5945,5943,5945,5943,21
2016-01-08 19:06:00,2016-01-08 19:07:00,5942,5940,5943,5939,5943,5942,5945,5940,57
2016-01-08 19:07:00,2016-01-08 19:08:00,5940,5940,5942,5940,5942,5942,5943,5941,36
2016-01-08 19:08:00,2016-01-08 19:09:00,5940,5941,5943,5941,5942,5943,5944,5942,28
2016-01-08 19:09:00,2016-01-08 19:10:00,5941,5936,5942,5936,5943,5938,5943,5937,44
2016-01-08 19:10:00,2016-01-08 19:11:00,5936,5936,5937,5936,5938,5937,5939,5937,37
2016-01-08 19:11:00,2016-01-08 19:12:00,5936,5933,5935,5931,5937,5934,5937,5933,46
2016-01-08 19:12:00,2016-01-08 19:13:00,5933,5935,5936,5932,5934,5937,5937,5933,27
2016-01-08 19:13:00,2016-01-08 19:14:00,5935,5932,5936,5932,5937,5933,5937,5933,29
2016-01-08 19:14:00,2016-01-08 19:15:00,5932,5934,5934,5929,5933,5936,5936,5930,69
2016-01-08 19:15:00,2016-01-08 19:16:00,5934,5935,5935,5934,5936,5936,5937,5935,33
2016-01-08 19:16:00,2016-01-08 19:17:00,5935,5933,5934,5932,5936,5934,5936,5933,34
2016-01-08 19:17:00,2016-01-08 19:18:00,5933,5933,5935,5931,5934,5934,5936,5932,52
2016-01-08 19:18:00,2016-01-08 19:19:00,5933,5935,5936,5932,5934,5936,5938,5933,66
2016-01-08 19:19:00,2016-01-08 19:20:00,5935,5932,5935,5931,5936,5933,5937,5933,68
2016-01-08 19:20:00,2016-01-08 19:21:00,5932,5931,5934,5930,5933,5933,5935,5932,59
2016-01-08 19:21:00,2016-01-08 19:22:00,5931,5932,5932,5930,5933,5933,5933,5931,37
2016-01-08 19:22:00,2016-01-08 19:23:00,5932,5930,5933,5930,5933,5932,5934,5931,39
2016-01-08 19:23:00,2016-01-08 19:24:00,5930,5928,5931,5926,5932,5929,5932,5927,57
2016-01-08 19:24:00,2016-01-08 19:25:00,5928,5924,5927,5924,5929,5925,5929,5925,62
2016-01-08 19:25:00,2016-01-08 19:26:00,5924,5925,5925,5923,5925,5926,5927,5924,44
2016-01-08 19:26:00,2016-01-08 19:27:00,5925,5925,5926,5924,5926,5926,5928,5925,44
2016-01-08 19:27:00,2016-01-08 19:28:00,5925,5925,5926,5922,5926,5927,5927,5924,51
2016-01-08 19:28:00,2016-01-08 19:29:00,5925,5923,5927,5923,5927,5925,5928,5924,52
2016-01-08 19:29:00,2016-01-08 19:30:00,5923,5926,5930,5922,5925,5928,5931,5923,94
2016-01-08 19:30:00,2016-01-08 19:31:00,5926,5929,5929,5926,5928,5930,5931,5927,61
2016-01-08 19:31:00,2016-01-08 19:32:00,5929,5928,5930,5927,5930,5929,5932,5929,40
2016-01-08 19:32:00,2016-01-08 19:33:00,5928,5928,5928,5925,5929,5929,5930,5926,66
2016-01-08 19:33:00,2016-01-08 19:34:00,5928,5926,5928,5925,5929,5927,5929,5927,38
2016-01-08 19:34:00,2016-01-08 19:35:00,5926,5925,5927,5924,5927,5927,5928,5926,51
2016-01-08 19:35:00,2016-01-08 19:36:00,5925,5923,5925,5923,5927,5924,5927,5924,29
2016-01-08 19:36:00,2016-01-08 19:37:00,5923,5924,5925,5920,5924,5925,5926,5921,60
2016-01-08 19:37:00,2016-01-08 19:38:00,5924,5924,5926,5923,5925,5926,5927,5924,35
2016-01-08 19:38:00,2016-01-08 19:40:00,5924,5922,5923,5921,5925,5923,5925,5923,32
2016-01-08 19:40:00,2016-01-08 19:41:00,5922,5925,5925,5920,5923,5926,5927,5921,38
2016-01-08 19:41:00,2016-01-08 19:42:00,5925,5929,5929,5925,5926,5930,5930,5927,38
2016-01-08 19:42:00,2016-01-08 19:43:00,5929,5930,5930,5927,5930,5931,5931,5929,26
2016-01-08 19:43:00,2016-01-08 19:44:00,5930,5934,5934,5929,5931,5936,5936,5930,33
2016-01-08 19:44:00,2016-01-08 19:45:00,5934,5933,5934,5931,5936,5934,5935,5933,35
2016-01-08 19:45:00,2016-01-08 19:46:00,5933,5934,5934,5931,5934,5936,5936,5932,33
2016-01-08 19:46:00,2016-01-08 19:47:00,5934,5934,5935,5933,5936,5936,5937,5934,16
2016-01-08 19:47:00,2016-01-08 19:48:00,5934,5932,5935,5931,5936,5933,5936,5933,21
2016-01-08 19:48:00,2016-01-08 19:49:00,5932,5933,5934,5931,5933,5934,5935,5933,26
2016-01-08 19:49:00,2016-01-08 19:50:00,5933,5933,5934,5932,5934,5934,5935,5933,24
2016-01-08 19:50:00,2016-01-08 19:51:00,5933,5928,5932,5928,5934,5930,5934,5929,25
2016-01-08 19:51:00,2016-01-08 19:52:00,5928,5927,5928,5924,5930,5928,5930,5926,43
2016-01-08 19:52:00,2016-01-08 19:53:00,5927,5927,5928,5923,5928,5929,5929,5925,41
2016-01-08 19:53:00,2016-01-08 19:54:00,5927,5928,5929,5922,5929,5929,5930,5924,69
2016-01-08 19:54:00,2016-01-08 19:55:00,5928,5928,5928,5926,5929,5929,5929,5927,32
2016-01-08 19:55:00,2016-01-08 19:56:00,5928,5924,5927,5924,5929,5925,5929,5925,40
2016-01-08 19:56:00,2016-01-08 19:57:00,5924,5923,5927,5923,5925,5924,5928,5924,42
2016-01-08 19:57:00,2016-01-08 19:58:00,5923,5922,5924,5922,5924,5924,5926,5923,41
2016-01-08 19:58:00,2016-01-08 19:59:00,5922,5922,5923,5920,5924,5924,5925,5922,56
2016-01-08 19:59:00,2016-01-08 20:00:00,5922,5921,5922,5920,5924,5922,5924,5922,21
2016-01-08 20:00:00,2016-01-08 20:01:00,5921,5922,5923,5920,5922,5924,5924,5922,21
2016-01-08 20:01:00,2016-01-08 20:02:00,5922,5925,5926,5921,5924,5926,5928,5923,33
2016-01-08 20:02:00,2016-01-08 20:03:00,5925,5924,5926,5923,5926,5926,5927,5924,29
2016-01-08 20:03:00,2016-01-08 20:04:00,5924,5925,5927,5924,5926,5927,5928,5925,46
2016-01-08 20:04:00,2016-01-08 20:05:00,5925,5926,5927,5924,5927,5927,5928,5925,25
2016-01-08 20:05:00,2016-01-08 20:06:00,5926,5924,5926,5924,5927,5925,5927,5925,12
2016-01-08 20:06:00,2016-01-08 20:07:00,5924,5925,5925,5924,5925,5926,5926,5925,8
2016-01-08 20:07:00,2016-01-08 20:08:00,5925,5921,5925,5920,5926,5923,5926,5921,55
2016-01-08 20:08:00,2016-01-08 20:09:00,5921,5924,5924,5921,5923,5925,5925,5922,29
2016-01-08 20:09:00,2016-01-08 20:10:00,5924,5924,5924,5922,5925,5926,5926,5924,23
2016-01-08 20:10:00,2016-01-08 20:11:00,5924,5920,5925,5919,5926,5922,5927,5921,24
2016-01-08 20:11:00,2016-01-08 20:12:00,5920,5919,5921,5919,5922,5921,5922,5920,48
2016-01-08 20:12:00,2016-01-08 20:13:00,5919,5917,5919,5916,5921,5919,5920,5917,30
2016-01-08 20:13:00,2016-01-08 20:14:00,5917,5920,5921,5916,5919,5921,5923,5917,61
2016-01-08 20:14:00,2016-01-08 20:15:00,5920,5925,5926,5920,5921,5927,5927,5921,53
2016-01-08 20:15:00,2016-01-08 20:16:00,5925,5921,5925,5921,5927,5923,5927,5922,42
2016-01-08 20:16:00,2016-01-08 20:17:00,5921,5918,5922,5918,5923,5919,5923,5919,83
2016-01-08 20:17:00,2016-01-08 20:18:00,5918,5918,5919,5916,5919,5919,5920,5918,28
2016-01-08 20:18:00,2016-01-08 20:19:00,5918,5914,5919,5914,5919,5915,5920,5915,74
2016-01-08 20:19:00,2016-01-08 20:20:00,5914,5912,5916,5912,5915,5913,5917,5913,100
2016-01-08 20:20:00,2016-01-08 20:21:00,5912,5912,5913,5910,5913,5914,5914,5911,43
2016-01-08 20:21:00,2016-01-08 20:22:00,5912,5914,5916,5911,5914,5916,5917,5912,60
2016-01-08 20:22:00,2016-01-08 20:23:00,5914,5914,5915,5913,5916,5915,5917,5914,37
2016-01-08 20:23:00,2016-01-08 20:24:00,5914,5913,5915,5913,5915,5915,5916,5914,43
2016-01-08 20:24:00,2016-01-08 20:25:00,5913,5912,5915,5912,5915,5914,5917,5913,78
2016-01-08 20:25:00,2016-01-08 20:26:00,5912,5912,5913,5911,5914,5913,5914,5912,79
2016-01-08 20:26:00,2016-01-08 20:27:00,5912,5910,5912,5909,5913,5911,5914,5910,38
2016-01-08 20:27:00,2016-01-08 20:28:00,5910,5909,5911,5906,5911,5911,5912,5908,91
2016-01-08 20:28:00,2016-01-08 20:29:00,5909,5908,5910,5906,5911,5910,5911,5908,46
2016-01-08 20:29:00,2016-01-08 20:30:00,5908,5906,5909,5905,5910,5907,5911,5906,69
2016-01-08 20:30:00,2016-01-08 20:31:00,5906,5903,5906,5903,5907,5904,5907,5904,42
2016-01-08 20:31:00,2016-01-08 20:32:00,5903,5903,5905,5902,5904,5904,5906,5904,40
2016-01-08 20:32:00,2016-01-08 20:33:00,5903,5906,5907,5903,5904,5907,5909,5904,62
2016-01-08 20:33:00,2016-01-08 20:34:00,5906,5904,5907,5904,5907,5905,5909,5905,58
2016-01-08 20:34:00,2016-01-08 20:35:00,5904,5901,5905,5899,5905,5902,5906,5900,68
2016-01-08 20:35:00,2016-01-08 20:36:00,5901,5906,5907,5901,5902,5907,5908,5903,26
2016-01-08 20:36:00,2016-01-08 20:37:00,5906,5908,5909,5905,5907,5909,5910,5907,40
2016-01-08 20:37:00,2016-01-08 20:38:00,5908,5908,5910,5907,5909,5909,5912,5908,40
2016-01-08 20:38:00,2016-01-08 20:39:00,5908,5901,5908,5901,5909,5902,5909,5902,40
2016-01-08 20:39:00,2016-01-08 20:40:00,5901,5904,5905,5901,5902,5905,5907,5902,36
2016-01-08 20:40:00,2016-01-08 20:41:00,5904,5892,5904,5892,5905,5894,5905,5893,103
2016-01-08 20:41:00,2016-01-08 20:42:00,5892,5892,5894,5891,5894,5893,5895,5893,65
2016-01-08 20:42:00,2016-01-08 20:43:00,5892,5893,5894,5892,5893,5895,5895,5893,125
2016-01-08 20:43:00,2016-01-08 20:44:00,5893,5896,5898,5893,5895,5897,5899,5896,71
2016-01-08 20:44:00,2016-01-08 20:45:00,5896,5895,5896,5888,5897,5896,5898,5890,102
2016-01-08 20:45:00,2016-01-08 20:46:00,5895,5892,5895,5889,5896,5894,5896,5891,93
2016-01-08 20:46:00,2016-01-08 20:47:00,5892,5892,5893,5888,5894,5893,5894,5889,91
2016-01-08 20:47:00,2016-01-08 20:48:00,5892,5892,5893,5890,5893,5893,5895,5891,64
2016-01-08 20:48:00,2016-01-08 20:49:00,5892,5890,5893,5888,5893,5892,5894,5889,67
2016-01-08 20:49:00,2016-01-08 20:50:00,5890,5894,5895,5887,5892,5896,5896,5888,100
2016-01-08 20:50:00,2016-01-08 20:51:00,5894,5892,5895,5890,5896,5893,5896,5891,49
2016-01-08 20:51:00,2016-01-08 20:52:00,5892,5893,5897,5889,5893,5894,5899,5890,114
2016-01-08 20:52:00,2016-01-08 20:53:00,5893,5892,5896,5891,5894,5894,5897,5892,57
2016-01-08 20:53:00,2016-01-08 20:54:00,5892,5885,5895,5885,5894,5887,5896,5886,132
2016-01-08 20:54:00,2016-01-08 20:55:00,5885,5886,5893,5885,5887,5887,5894,5887,93
2016-01-08 20:55:00,2016-01-08 20:56:00,5886,5886,5888,5879,5887,5888,5890,5882,143
2016-01-08 20:56:00,2016-01-08 20:57:00,5886,5884,5887,5879,5888,5887,5889,5881,70
2016-01-08 20:57:00,2016-01-08 20:58:00,5884,5889,5890,5884,5887,5890,5892,5887,119
2016-01-08 20:58:00,2016-01-08 20:59:00,5889,5887,5893,5885,5890,5889,5896,5889,116
2016-01-08 20:59:00,2016-01-08 21:00:00,5887,5887,5887,5887,5889,5889,5889,5889,3
