open time,close time,open bid,close bid,high bid,low bid,open ask,close ask,high ask,low ask,volume
2010-08-18 23:59:00,2010-08-19 00:00:00,4472,4477,4477,4471,4474,4479,4479,4473,15
2010-08-19 00:00:00,2010-08-19 00:01:00,4477,4473,4477,4473,4479,4475,4479,4475,6
2010-08-19 00:01:00,2010-08-19 00:02:00,4473,4470,4474,4469,4475,4472,4476,4471,15
2010-08-19 00:02:00,2010-08-19 00:03:00,4470,4475,4475,4470,4472,4477,4477,4472,7
2010-08-19 00:03:00,2010-08-19 00:10:00,4474,4478,4478,4473,4476,4480,4480,4475,10
2010-08-19 00:10:00,2010-08-19 00:11:00,4478,4476,4478,4476,4480,4478,4480,4478,10
2010-08-19 00:11:00,2010-08-19 00:14:00,4475,4479,4479,4475,4477,4481,4481,4477,4
2010-08-19 00:14:00,2010-08-19 00:15:00,4479,4477,4479,4477,4481,4479,4481,4479,14
2010-08-19 00:15:00,2010-08-19 00:16:00,4477,4476,4478,4476,4479,4478,4480,4478,7
2010-08-19 00:16:00,2010-08-19 00:23:00,4476,4473,4476,4473,4478,4475,4478,4475,5
2010-08-19 00:23:00,2010-08-19 00:26:00,4469,4471,4471,4468,4471,4473,4473,4470,10
2010-08-19 00:26:00,2010-08-19 00:28:00,4470,4464,4470,4464,4472,4466,4472,4466,6
2010-08-19 00:28:00,2010-08-19 00:29:00,4464,4465,4465,4464,4466,4467,4467,4466,13
2010-08-19 00:29:00,2010-08-19 00:30:00,4465,4467,4467,4465,4467,4469,4469,4467,10
2010-08-19 00:30:00,2010-08-19 00:31:00,4467,4470,4471,4467,4469,4472,4473,4469,7
2010-08-19 00:31:00,2010-08-19 00:32:00,4470,4469,4472,4469,4472,4471,4474,4471,5
2010-08-19 00:32:00,2010-08-19 00:33:00,4469,4468,4471,4468,4471,4470,4473,4470,5
2010-08-19 00:33:00,2010-08-19 00:34:00,4468,4472,4472,4468,4470,4474,4474,4470,4
2010-08-19 00:34:00,2010-08-19 00:35:00,4472,4475,4475,4471,4474,4477,4477,4473,7
2010-08-19 00:35:00,2010-08-19 00:36:00,4475,4478,4478,4474,4477,4480,4480,4476,9
2010-08-19 00:36:00,2010-08-19 00:37:00,4478,4476,4478,4476,4480,4478,4480,4478,6
2010-08-19 00:37:00,2010-08-19 00:38:00,4476,4475,4476,4474,4478,4477,4478,4476,7
2010-08-19 00:38:00,2010-08-19 00:52:00,4473,4469,4473,4468,4475,4471,4475,4470,8
2010-08-19 00:52:00,2010-08-19 00:53:00,4469,4468,4470,4468,4471,4470,4472,4470,9
2010-08-19 00:53:00,2010-08-19 01:00:00,4469,4472,4472,4469,4471,4474,4474,4471,9
2010-08-19 01:00:00,2010-08-19 01:02:00,4470,4470,4470,4466,4472,4472,4472,4468,16
2010-08-19 01:02:00,2010-08-19 01:05:00,4466,4466,4467,4465,4468,4468,4469,4467,6
2010-08-19 01:05:00,2010-08-19 01:06:00,4466,4464,4466,4463,4468,4466,4468,4465,8
2010-08-19 01:06:00,2010-08-19 01:07:00,4464,4461,4464,4461,4466,4463,4466,4463,9
2010-08-19 01:07:00,2010-08-19 01:08:00,4461,4461,4463,4461,4463,4463,4465,4463,12
2010-08-19 01:08:00,2010-08-19 01:10:00,4461,4462,4462,4460,4463,4464,4464,4462,7
2010-08-19 01:10:00,2010-08-19 01:11:00,4462,4462,4463,4461,4464,4464,4465,4463,6
2010-08-19 01:11:00,2010-08-19 01:15:00,4461,4463,4464,4461,4463,4465,4466,4463,4
2010-08-19 01:15:00,2010-08-19 01:16:00,4463,4462,4463,4461,4465,4464,4465,4463,9
2010-08-19 01:16:00,2010-08-19 01:30:00,4467,4465,4467,4465,4469,4467,4469,4467,4
2010-08-19 01:30:00,2010-08-19 01:31:00,4465,4468,4468,4465,4467,4470,4470,4467,7
2010-08-19 01:31:00,2010-08-19 01:33:00,4469,4467,4470,4467,4471,4469,4472,4469,10
2010-08-19 01:33:00,2010-08-19 01:35:00,4468,4470,4470,4467,4470,4472,4472,4469,10
2010-08-19 01:35:00,2010-08-19 01:41:00,4474,4474,4477,4474,4476,4476,4479,4476,5
2010-08-19 01:41:00,2010-08-19 01:42:00,4474,4473,4475,4472,4476,4475,4477,4474,13
2010-08-19 01:42:00,2010-08-19 01:45:00,4473,4470,4474,4470,4475,4472,4476,4472,9
2010-08-19 01:45:00,2010-08-19 01:48:00,4468,4470,4470,4468,4470,4472,4472,4470,6
2010-08-19 01:48:00,2010-08-19 01:50:00,4469,4467,4470,4467,4471,4469,4472,4469,4
2010-08-19 01:50:00,2010-08-19 01:53:00,4468,4470,4470,4467,4470,4472,4472,4469,8
2010-08-19 01:53:00,2010-08-19 01:58:00,4469,4472,4473,4469,4471,4474,4475,4471,7
2010-08-19 01:58:00,2010-08-19 02:01:00,4471,4472,4473,4470,4473,4474,4475,4472,9
2010-08-19 02:01:00,2010-08-19 02:11:00,4467,4468,4469,4467,4469,4470,4471,4469,3
2010-08-19 02:11:00,2010-08-19 02:12:00,4468,4470,4470,4467,4470,4472,4472,4469,6
2010-08-19 02:12:00,2010-08-19 02:13:00,4470,4469,4471,4468,4472,4471,4473,4470,7
2010-08-19 02:13:00,2010-08-19 02:25:00,4467,4466,4467,4466,4469,4468,4469,4468,17
2010-08-19 02:25:00,2010-08-19 02:33:00,4463,4462,4464,4462,4465,4464,4466,4464,5
2010-08-19 02:33:00,2010-08-19 02:39:00,4463,4465,4465,4462,4465,4467,4467,4464,10
2010-08-19 02:39:00,2010-08-19 02:40:00,4465,4465,4466,4464,4467,4467,4468,4466,10
2010-08-19 02:40:00,2010-08-19 02:42:00,4465,4465,4465,4464,4467,4467,4467,4466,8
2010-08-19 02:42:00,2010-08-19 02:45:00,4462,4461,4463,4461,4464,4463,4465,4463,15
2010-08-19 02:45:00,2010-08-19 02:52:00,4463,4465,4465,4463,4465,4467,4467,4465,4
2010-08-19 02:52:00,2010-08-19 02:57:00,4466,4467,4468,4466,4468,4469,4470,4468,11
2010-08-19 02:57:00,2010-08-19 03:00:00,4465,4464,4465,4463,4467,4466,4467,4465,3
2010-08-19 03:00:00,2010-08-19 03:01:00,4464,4464,4465,4464,4466,4466,4467,4466,6
2010-08-19 03:01:00,2010-08-19 03:03:00,4463,4462,4463,4462,4465,4464,4465,4464,7
2010-08-19 03:03:00,2010-08-19 03:04:00,4462,4463,4463,4462,4464,4465,4465,4464,13
2010-08-19 03:04:00,2010-08-19 03:09:00,4460,4458,4460,4457,4462,4460,4462,4459,10
2010-08-19 03:09:00,2010-08-19 03:10:00,4458,4456,4458,4455,4460,4458,4460,4457,6
2010-08-19 03:10:00,2010-08-19 03:14:00,4454,4455,4455,4454,4456,4457,4457,4456,15
2010-08-19 03:14:00,2010-08-19 03:18:00,4457,4457,4459,4457,4459,4459,4461,4459,4
2010-08-19 03:18:00,2010-08-19 03:24:00,4454,4454,4455,4453,4456,4456,4457,4455,18
2010-08-19 03:24:00,2010-08-19 03:25:00,4454,4456,4456,4453,4456,4458,4458,4455,6
2010-08-19 03:25:00,2010-08-19 03:26:00,4456,4456,4456,4455,4458,4458,4458,4457,8
2010-08-19 03:26:00,2010-08-19 03:27:00,4456,4459,4459,4456,4458,4461,4461,4458,7
2010-08-19 03:27:00,2010-08-19 03:29:00,4459,4462,4462,4459,4461,4464,4464,4461,5
2010-08-19 03:29:00,2010-08-19 03:30:00,4462,4458,4462,4457,4464,4460,4464,4459,6
2010-08-19 03:30:00,2010-08-19 03:32:00,4459,4461,4461,4459,4461,4463,4463,4461,4
2010-08-19 03:32:00,2010-08-19 03:35:00,4463,4463,4464,4462,4465,4465,4466,4464,8
2010-08-19 03:35:00,2010-08-19 03:42:00,4459,4457,4460,4457,4461,4459,4462,4459,6
2010-08-19 03:42:00,2010-08-19 03:54:00,4454,4454,4455,4453,4456,4456,4457,4455,8
2010-08-19 03:54:00,2010-08-19 03:55:00,4454,4457,4457,4454,4456,4459,4459,4456,11
2010-08-19 03:55:00,2010-08-19 04:11:00,4457,4459,4459,4457,4459,4461,4461,4459,6
2010-08-19 04:11:00,2010-08-19 04:17:00,4460,4462,4463,4460,4462,4464,4465,4462,12
2010-08-19 04:17:00,2010-08-19 04:19:00,4462,4463,4463,4461,4464,4465,4465,4463,3
2010-08-19 04:19:00,2010-08-19 04:24:00,4465,4466,4466,4465,4467,4468,4468,4467,11
2010-08-19 04:24:00,2010-08-19 04:25:00,4466,4464,4466,4464,4468,4466,4468,4466,6
2010-08-19 04:25:00,2010-08-19 04:26:00,4464,4464,4465,4463,4466,4466,4467,4465,8
2010-08-19 04:26:00,2010-08-19 04:33:00,4467,4469,4470,4467,4469,4471,4472,4469,6
2010-08-19 04:33:00,2010-08-19 04:36:00,4472,4470,4472,4468,4474,4472,4474,4470,10
2010-08-19 04:36:00,2010-08-19 04:40:00,4470,4468,4471,4467,4472,4470,4473,4469,12
2010-08-19 04:40:00,2010-08-19 04:56:00,4468,4470,4471,4468,4470,4472,4473,4470,8
2010-08-19 04:56:00,2010-08-19 04:57:00,4470,4469,4471,4469,4472,4471,4473,4471,3
2010-08-19 04:57:00,2010-08-19 04:59:00,4470,4473,4474,4470,4472,4475,4476,4472,15
2010-08-19 04:59:00,2010-08-19 05:11:00,4475,4473,4476,4473,4477,4475,4478,4475,4
2010-08-19 05:11:00,2010-08-19 05:18:00,4468,4468,4470,4468,4470,4470,4472,4470,4
2010-08-19 05:18:00,2010-08-19 05:22:00,4471,4473,4474,4471,4473,4475,4476,4473,8
2010-08-19 05:22:00,2010-08-19 05:27:00,4477,4477,4478,4476,4479,4479,4480,4478,8
2010-08-19 05:27:00,2010-08-19 05:35:00,4473,4476,4476,4473,4475,4478,4478,4475,3
2010-08-19 05:35:00,2010-08-19 05:49:00,4472,4474,4474,4472,4474,4476,4476,4474,6
2010-08-19 05:49:00,2010-08-19 05:53:00,4475,4476,4477,4475,4477,4478,4479,4477,19
2010-08-19 05:53:00,2010-08-19 05:59:00,4475,4473,4477,4473,4477,4475,4479,4475,14
2010-08-19 05:59:00,2010-08-19 06:00:00,4473,4477,4477,4473,4475,4479,4479,4475,12
2010-08-19 06:00:00,2010-08-19 06:02:00,4475,4474,4476,4474,4477,4476,4478,4476,9
2010-08-19 06:02:00,2010-08-19 06:05:00,4479,4478,4481,4478,4481,4480,4483,4480,13
2010-08-19 06:05:00,2010-08-19 06:07:00,4477,4476,4478,4475,4479,4478,4480,4477,9
2010-08-19 06:07:00,2010-08-19 06:08:00,4476,4476,4477,4475,4478,4478,4479,4477,12
2010-08-19 06:08:00,2010-08-19 06:09:00,4476,4477,4480,4476,4478,4479,4482,4478,21
2010-08-19 06:09:00,2010-08-19 06:10:00,4477,4478,4480,4477,4479,4480,4482,4479,23
2010-08-19 06:10:00,2010-08-19 06:11:00,4478,4478,4479,4477,4480,4480,4481,4479,6
2010-08-19 06:11:00,2010-08-19 06:13:00,4479,4480,4481,4478,4481,4482,4483,4480,11
2010-08-19 06:13:00,2010-08-19 06:14:00,4480,4480,4481,4479,4482,4482,4483,4482,5
2010-08-19 06:14:00,2010-08-19 06:16:00,4482,4484,4485,4481,4484,4486,4487,4483,16
2010-08-19 06:16:00,2010-08-19 06:19:00,4483,4481,4484,4481,4485,4484,4486,4484,10
2010-08-19 06:19:00,2010-08-19 06:20:00,4481,4478,4481,4478,4484,4480,4484,4480,7
2010-08-19 06:20:00,2010-08-19 06:21:00,4478,4476,4479,4476,4480,4478,4481,4478,12
2010-08-19 06:21:00,2010-08-19 06:23:00,4478,4478,4481,4478,4480,4480,4483,4480,7
2010-08-19 06:23:00,2010-08-19 06:26:00,4480,4478,4482,4478,4482,4480,4484,4480,11
2010-08-19 06:26:00,2010-08-19 06:29:00,4478,4478,4479,4477,4480,4480,4481,4479,10
2010-08-19 06:29:00,2010-08-19 07:10:00,4478,4480,4482,4478,4480,4484,4486,4480,4
2010-08-19 07:10:00,2010-08-19 07:12:00,4480,4480,4482,4479,4484,4484,4486,4483,8
2010-08-19 07:12:00,2010-08-19 07:13:00,4480,4479,4480,4479,4484,4483,4484,4483,5
2010-08-19 07:13:00,2010-08-19 07:14:00,4479,4480,4481,4479,4483,4484,4485,4483,9
2010-08-19 07:14:00,2010-08-19 07:15:00,4480,4479,4482,4479,4484,4483,4486,4483,7
2010-08-19 07:15:00,2010-08-19 07:16:00,4479,4477,4480,4477,4483,4481,4484,4481,6
2010-08-19 07:16:00,2010-08-19 07:17:00,4477,4476,4479,4476,4481,4480,4483,4480,13
2010-08-19 07:17:00,2010-08-19 07:24:00,4474,4472,4474,4472,4478,4476,4478,4476,20
2010-08-19 07:24:00,2010-08-19 07:26:00,4471,4470,4472,4470,4475,4474,4476,4474,17
2010-08-19 07:26:00,2010-08-19 07:28:00,4471,4474,4474,4471,4475,4478,4478,4475,7
2010-08-19 07:28:00,2010-08-19 07:29:00,4474,4474,4474,4473,4478,4478,4478,4477,4
2010-08-19 07:29:00,2010-08-19 07:30:00,4474,4471,4474,4470,4478,4475,4478,4474,9
2010-08-19 07:30:00,2010-08-19 07:31:00,4471,4465,4471,4465,4475,4469,4475,4469,19
2010-08-19 07:31:00,2010-08-19 07:32:00,4465,4463,4465,4461,4469,4467,4469,4465,19
2010-08-19 07:32:00,2010-08-19 07:33:00,4463,4462,4464,4462,4467,4466,4468,4466,7
2010-08-19 07:33:00,2010-08-19 07:34:00,4462,4462,4462,4461,4466,4466,4466,4465,16
2010-08-19 07:34:00,2010-08-19 07:35:00,4462,4456,4462,4456,4466,4460,4466,4460,9
2010-08-19 07:35:00,2010-08-19 07:36:00,4456,4455,4458,4455,4460,4459,4462,4459,9
2010-08-19 07:36:00,2010-08-19 07:37:00,4455,4457,4458,4455,4459,4461,4462,4459,4
2010-08-19 07:37:00,2010-08-19 07:38:00,4457,4459,4459,4457,4461,4463,4463,4461,10
2010-08-19 07:38:00,2010-08-19 07:40:00,4460,4457,4461,4457,4464,4461,4465,4461,9
2010-08-19 07:40:00,2010-08-19 07:41:00,4457,4458,4458,4457,4461,4462,4462,4461,11
2010-08-19 07:41:00,2010-08-19 07:43:00,4458,4460,4460,4456,4462,4464,4464,4460,10
2010-08-19 07:43:00,2010-08-19 07:45:00,4460,4458,4462,4458,4464,4462,4466,4462,14
2010-08-19 07:45:00,2010-08-19 07:46:00,4458,4458,4459,4458,4462,4462,4463,4462,6
2010-08-19 07:46:00,2010-08-19 07:47:00,4458,4460,4461,4458,4462,4464,4465,4462,8
2010-08-19 07:47:00,2010-08-19 07:48:00,4460,4460,4460,4457,4464,4464,4464,4461,16
2010-08-19 07:48:00,2010-08-19 07:49:00,4460,4462,4463,4460,4464,4466,4467,4464,8
2010-08-19 07:49:00,2010-08-19 07:51:00,4461,4462,4463,4460,4465,4466,4467,4464,5
2010-08-19 07:51:00,2010-08-19 07:54:00,4461,4460,4461,4459,4465,4464,4465,4463,7
2010-08-19 07:54:00,2010-08-19 07:56:00,4459,4459,4459,4457,4463,4463,4463,4461,12
2010-08-19 07:56:00,2010-08-19 07:57:00,4459,4456,4459,4456,4463,4460,4463,4460,9
2010-08-19 07:57:00,2010-08-19 07:59:00,4457,4459,4459,4457,4461,4463,4463,4461,8
2010-08-19 07:59:00,2010-08-19 08:00:00,4459,4457,4459,4457,4463,4461,4463,4461,8
2010-08-19 08:00:00,2010-08-19 08:03:00,4456,4458,4458,4455,4460,4462,4462,4459,10
2010-08-19 08:03:00,2010-08-19 08:04:00,4458,4462,4462,4458,4462,4466,4466,4462,20
2010-08-19 08:04:00,2010-08-19 08:05:00,4462,4461,4462,4460,4466,4465,4466,4464,5
2010-08-19 08:05:00,2010-08-19 08:06:00,4461,4460,4463,4460,4465,4464,4467,4464,8
2010-08-19 08:06:00,2010-08-19 08:07:00,4460,4459,4460,4458,4464,4463,4464,4462,7
2010-08-19 08:07:00,2010-08-19 08:10:00,4460,4460,4461,4459,4464,4464,4465,4463,10
2010-08-19 08:10:00,2010-08-19 08:13:00,4460,4460,4460,4459,4464,4464,4464,4463,4
2010-08-19 08:13:00,2010-08-19 08:21:00,4458,4458,4459,4457,4462,4462,4463,4461,14
2010-08-19 08:21:00,2010-08-19 08:24:00,4461,4461,4463,4461,4465,4465,4467,4465,14
2010-08-19 08:24:00,2010-08-19 08:25:00,4461,4460,4463,4460,4465,4464,4467,4464,5
2010-08-19 08:25:00,2010-08-19 08:29:00,4461,4460,4461,4460,4465,4464,4465,4464,9
2010-08-19 08:29:00,2010-08-19 08:30:00,4460,4465,4467,4460,4464,4469,4471,4464,19
2010-08-19 08:30:00,2010-08-19 08:31:00,4465,4464,4466,4464,4469,4468,4470,4468,11
2010-08-19 08:31:00,2010-08-19 08:34:00,4464,4463,4464,4463,4468,4468,4468,4468,1
2010-08-19 08:34:00,2010-08-19 08:35:00,4463,4464,4464,4463,4468,4468,4468,4467,3
2010-08-19 08:35:00,2010-08-19 08:36:00,4464,4465,4465,4464,4468,4469,4469,4468,11
2010-08-19 08:36:00,2010-08-19 08:42:00,4464,4465,4466,4464,4468,4469,4470,4468,9
2010-08-19 08:42:00,2010-08-19 08:44:00,4465,4466,4466,4464,4469,4470,4470,4469,5
2010-08-19 08:44:00,2010-08-19 08:50:00,4466,4462,4466,4462,4470,4467,4470,4467,8
2010-08-19 08:50:00,2010-08-19 08:51:00,4462,4462,4462,4461,4467,4466,4467,4465,4
2010-08-19 08:51:00,2010-08-19 08:57:00,4462,4461,4462,4460,4466,4465,4466,4464,11
2010-08-19 08:57:00,2010-08-19 09:10:00,4464,4467,4468,4464,4468,4471,4472,4468,7
2010-08-19 09:10:00,2010-08-19 09:11:00,4467,4467,4467,4466,4471,4471,4471,4470,10
2010-08-19 09:11:00,2010-08-19 09:30:00,4466,4466,4466,4465,4470,4470,4470,4469,8
2010-08-19 09:30:00,2010-08-19 09:44:00,4466,4466,4468,4465,4470,4470,4472,4470,4
2010-08-19 09:44:00,2010-08-19 10:02:00,4470,4472,4474,4470,4474,4476,4478,4474,6
2010-08-19 10:02:00,2010-08-19 10:03:00,4472,4473,4474,4472,4476,4477,4478,4476,6
2010-08-19 10:03:00,2010-08-19 10:07:00,4475,4476,4476,4474,4479,4480,4480,4478,7
2010-08-19 10:07:00,2010-08-19 10:08:00,4476,4477,4477,4475,4480,4481,4481,4479,9
2010-08-19 10:08:00,2010-08-19 10:10:00,4477,4479,4480,4476,4481,4483,4484,4480,8
2010-08-19 10:10:00,2010-08-19 10:12:00,4478,4481,4481,4478,4482,4485,4485,4482,12
2010-08-19 10:12:00,2010-08-19 10:13:00,4481,4480,4482,4480,4485,4484,4486,4484,6
2010-08-19 10:13:00,2010-08-19 10:15:00,4477,4479,4480,4477,4481,4483,4484,4481,4
2010-08-19 10:15:00,2010-08-19 10:16:00,4479,4479,4480,4478,4483,4483,4484,4482,12
2010-08-19 10:16:00,2010-08-19 10:21:00,4479,4480,4480,4479,4483,4484,4484,4483,5
2010-08-19 10:21:00,2010-08-19 10:26:00,4479,4481,4482,4479,4483,4485,4486,4483,7
2010-08-19 10:26:00,2010-08-19 10:33:00,4478,4478,4479,4477,4482,4482,4483,4481,10
2010-08-19 10:33:00,2010-08-19 10:41:00,4479,4479,4481,4479,4483,4483,4485,4483,3
2010-08-19 10:41:00,2010-08-19 10:43:00,4479,4477,4479,4477,4483,4481,4483,4481,10
2010-08-19 10:43:00,2010-08-19 10:46:00,4475,4477,4477,4475,4479,4481,4481,4479,6
2010-08-19 10:46:00,2010-08-19 10:56:00,4477,4478,4479,4477,4481,4482,4483,4481,5
2010-08-19 10:56:00,2010-08-19 11:11:00,4480,4481,4481,4478,4484,4485,4485,4482,11
2010-08-19 11:11:00,2010-08-19 11:13:00,4481,4481,4481,4480,4485,4485,4485,4484,4
2010-08-19 11:13:00,2010-08-19 11:21:00,4481,4479,4481,4478,4485,4483,4485,4482,6
2010-08-19 11:21:00,2010-08-19 11:25:00,4479,4476,4479,4475,4483,4482,4483,4479,3
2010-08-19 11:25:00,2010-08-19 11:27:00,4476,4476,4477,4476,4482,4481,4482,4481,2
2010-08-19 11:27:00,2010-08-19 11:29:00,4476,4477,4477,4476,4481,4481,4481,4481,1
2010-08-19 11:29:00,2010-08-19 11:30:00,4477,4477,4479,4476,4481,4481,4483,4480,5
2010-08-19 11:30:00,2010-08-19 11:37:00,4478,4477,4478,4477,4482,4481,4482,4481,11
2010-08-19 11:37:00,2010-08-19 12:20:00,4480,4482,4482,4480,4484,4486,4486,4484,18
2010-08-19 12:20:00,2010-08-19 12:25:00,4483,4482,4483,4481,4487,4486,4487,4485,5
2010-08-19 12:25:00,2010-08-19 12:26:00,4482,4480,4482,4480,4486,4484,4486,4484,4
2010-08-19 12:26:00,2010-08-19 12:27:00,4480,4480,4481,4480,4484,4485,4485,4484,10
2010-08-19 12:27:00,2010-08-19 12:28:00,4480,4480,4481,4480,4485,4484,4485,4484,2
2010-08-19 12:28:00,2010-08-19 12:30:00,4481,4470,4483,4470,4485,4474,4487,4474,11
2010-08-19 12:30:00,2010-08-19 12:31:00,4470,4463,4470,4463,4474,4469,4474,4467,13
2010-08-19 12:31:00,2010-08-19 12:32:00,4463,4464,4464,4459,4469,4468,4469,4463,14
2010-08-19 12:32:00,2010-08-19 12:33:00,4464,4457,4464,4456,4468,4461,4468,4460,11
2010-08-19 12:33:00,2010-08-19 12:34:00,4457,4455,4457,4454,4461,4459,4461,4458,12
2010-08-19 12:34:00,2010-08-19 12:35:00,4455,4459,4459,4455,4459,4463,4463,4459,9
2010-08-19 12:35:00,2010-08-19 12:36:00,4459,4459,4462,4457,4463,4463,4466,4461,17
2010-08-19 12:36:00,2010-08-19 12:37:00,4459,4458,4459,4457,4463,4462,4463,4461,17
2010-08-19 12:37:00,2010-08-19 12:38:00,4458,4459,4461,4458,4462,4463,4465,4462,15
2010-08-19 12:38:00,2010-08-19 12:39:00,4459,4460,4460,4457,4463,4464,4464,4461,5
2010-08-19 12:39:00,2010-08-19 12:40:00,4460,4461,4462,4459,4464,4465,4466,4463,9
2010-08-19 12:40:00,2010-08-19 12:41:00,4461,4459,4461,4458,4465,4463,4465,4462,10
2010-08-19 12:41:00,2010-08-19 12:42:00,4459,4454,4459,4452,4463,4458,4463,4456,24
2010-08-19 12:42:00,2010-08-19 12:43:00,4454,4452,4454,4451,4458,4456,4458,4456,7
2010-08-19 12:43:00,2010-08-19 12:44:00,4452,4456,4456,4452,4456,4460,4460,4456,21
2010-08-19 12:44:00,2010-08-19 12:45:00,4456,4457,4457,4455,4460,4461,4461,4459,12
2010-08-19 12:45:00,2010-08-19 12:47:00,4456,4456,4457,4455,4460,4460,4461,4459,14
2010-08-19 12:47:00,2010-08-19 12:49:00,4455,4459,4460,4455,4459,4463,4464,4459,12
2010-08-19 12:49:00,2010-08-19 12:56:00,4459,4459,4459,4457,4463,4463,4463,4461,8
2010-08-19 12:56:00,2010-08-19 13:00:00,4461,4462,4463,4461,4465,4466,4467,4465,5
2010-08-19 13:00:00,2010-08-19 13:17:00,4459,4459,4459,4458,4463,4463,4463,4462,6
2010-08-19 13:17:00,2010-08-19 13:20:00,4460,4460,4460,4458,4464,4464,4464,4462,6
2010-08-19 13:20:00,2010-08-19 13:22:00,4459,4458,4459,4458,4463,4464,4464,4463,3
2010-08-19 13:22:00,2010-08-19 13:24:00,4458,4459,4459,4458,4464,4463,4464,4462,3
2010-08-19 13:24:00,2010-08-19 13:28:00,4461,4461,4461,4459,4465,4465,4465,4463,10
2010-08-19 13:28:00,2010-08-19 13:29:00,4461,4460,4461,4459,4465,4464,4465,4463,5
2010-08-19 13:29:00,2010-08-19 13:30:00,4460,4462,4464,4459,4464,4466,4468,4463,14
2010-08-19 13:30:00,2010-08-19 13:31:00,4462,4459,4463,4459,4466,4463,4467,4463,31
2010-08-19 13:31:00,2010-08-19 13:32:00,4459,4460,4463,4459,4463,4464,4467,4463,21
2010-08-19 13:32:00,2010-08-19 13:33:00,4460,4457,4460,4456,4464,4461,4464,4460,11
2010-08-19 13:33:00,2010-08-19 13:34:00,4457,4457,4457,4455,4461,4461,4461,4459,18
2010-08-19 13:34:00,2010-08-19 13:35:00,4457,4463,4465,4457,4461,4467,4469,4461,25
2010-08-19 13:35:00,2010-08-19 13:36:00,4463,4466,4467,4462,4467,4470,4471,4466,13
2010-08-19 13:36:00,2010-08-19 13:37:00,4466,4466,4467,4466,4470,4470,4471,4470,10
2010-08-19 13:37:00,2010-08-19 13:38:00,4466,4466,4467,4464,4470,4470,4471,4468,12
2010-08-19 13:38:00,2010-08-19 13:39:00,4466,4465,4467,4463,4470,4469,4471,4467,23
2010-08-19 13:39:00,2010-08-19 13:40:00,4465,4464,4465,4462,4469,4468,4469,4466,17
2010-08-19 13:40:00,2010-08-19 13:41:00,4464,4467,4468,4464,4468,4471,4472,4468,17
2010-08-19 13:41:00,2010-08-19 13:42:00,4467,4467,4467,4464,4471,4471,4471,4468,23
2010-08-19 13:42:00,2010-08-19 13:43:00,4467,4464,4469,4464,4471,4468,4473,4468,12
2010-08-19 13:43:00,2010-08-19 13:44:00,4464,4466,4468,4464,4468,4470,4472,4468,19
2010-08-19 13:44:00,2010-08-19 13:45:00,4466,4462,4466,4462,4470,4466,4470,4466,20
2010-08-19 13:45:00,2010-08-19 13:46:00,4462,4463,4463,4460,4466,4467,4467,4464,25
2010-08-19 13:46:00,2010-08-19 13:47:00,4463,4461,4464,4459,4467,4465,4468,4463,16
2010-08-19 13:47:00,2010-08-19 13:48:00,4461,4460,4461,4459,4465,4464,4465,4463,13
2010-08-19 13:48:00,2010-08-19 13:49:00,4460,4460,4461,4459,4464,4464,4465,4463,22
2010-08-19 13:49:00,2010-08-19 13:50:00,4460,4455,4460,4454,4464,4459,4464,4458,13
2010-08-19 13:50:00,2010-08-19 13:51:00,4455,4454,4455,4454,4459,4458,4459,4458,27
2010-08-19 13:51:00,2010-08-19 13:52:00,4454,4450,4455,4450,4458,4454,4459,4454,12
2010-08-19 13:52:00,2010-08-19 13:53:00,4450,4450,4450,4449,4454,4454,4454,4453,6
2010-08-19 13:53:00,2010-08-19 13:54:00,4450,4450,4451,4449,4454,4454,4455,4453,8
2010-08-19 13:54:00,2010-08-19 13:55:00,4450,4450,4451,4449,4454,4454,4455,4453,14
2010-08-19 13:55:00,2010-08-19 13:56:00,4450,4452,4452,4449,4454,4456,4456,4453,8
2010-08-19 13:56:00,2010-08-19 13:57:00,4452,4453,4454,4450,4456,4457,4458,4454,19
2010-08-19 13:57:00,2010-08-19 13:58:00,4453,4453,4455,4453,4457,4457,4459,4457,8
2010-08-19 13:58:00,2010-08-19 13:59:00,4453,4451,4453,4451,4457,4455,4457,4455,15
2010-08-19 13:59:00,2010-08-19 14:00:00,4451,4435,4453,4435,4455,4439,4457,4439,16
2010-08-19 14:00:00,2010-08-19 14:02:00,4435,4430,4435,4430,4439,4434,4439,4434,4
2010-08-19 14:02:00,2010-08-19 14:04:00,4429,4428,4431,4427,4433,4432,4435,4431,13
2010-08-19 14:04:00,2010-08-19 14:05:00,4428,4428,4430,4425,4432,4432,4434,4429,17
2010-08-19 14:05:00,2010-08-19 14:06:00,4428,4431,4432,4428,4432,4435,4436,4432,13
2010-08-19 14:06:00,2010-08-19 14:07:00,4431,4433,4434,4431,4435,4437,4438,4435,14
2010-08-19 14:07:00,2010-08-19 14:08:00,4433,4435,4436,4433,4437,4439,4440,4437,8
2010-08-19 14:08:00,2010-08-19 14:09:00,4435,4434,4436,4433,4439,4438,4440,4437,23
2010-08-19 14:09:00,2010-08-19 14:10:00,4434,4433,4434,4432,4438,4437,4438,4436,11
2010-08-19 14:10:00,2010-08-19 14:11:00,4433,4436,4436,4433,4437,4440,4440,4437,7
2010-08-19 14:11:00,2010-08-19 14:12:00,4436,4438,4440,4436,4440,4442,4444,4440,12
2010-08-19 14:12:00,2010-08-19 14:13:00,4438,4439,4439,4437,4442,4443,4443,4441,7
2010-08-19 14:13:00,2010-08-19 14:14:00,4439,4439,4439,4436,4443,4443,4443,4440,10
2010-08-19 14:14:00,2010-08-19 14:15:00,4439,4439,4439,4437,4443,4443,4443,4441,8
2010-08-19 14:15:00,2010-08-19 14:16:00,4439,4436,4439,4436,4443,4440,4443,4440,9
2010-08-19 14:16:00,2010-08-19 14:17:00,4436,4440,4442,4436,4440,4444,4446,4440,5
2010-08-19 14:17:00,2010-08-19 14:18:00,4440,4440,4441,4440,4444,4444,4445,4444,6
2010-08-19 14:18:00,2010-08-19 14:19:00,4440,4444,4444,4439,4444,4448,4448,4443,18
2010-08-19 14:19:00,2010-08-19 14:20:00,4444,4443,4447,4443,4448,4447,4451,4447,15
2010-08-19 14:20:00,2010-08-19 14:21:00,4443,4443,4444,4442,4447,4447,4448,4446,4
2010-08-19 14:21:00,2010-08-19 14:22:00,4443,4442,4444,4441,4447,4446,4448,4445,19
2010-08-19 14:22:00,2010-08-19 14:23:00,4442,4441,4442,4440,4446,4445,4446,4444,17
2010-08-19 14:23:00,2010-08-19 14:24:00,4441,4438,4441,4438,4445,4442,4445,4442,12
2010-08-19 14:24:00,2010-08-19 14:25:00,4438,4438,4441,4437,4442,4442,4445,4441,18
2010-08-19 14:25:00,2010-08-19 14:26:00,4438,4436,4438,4433,4442,4440,4442,4437,22
2010-08-19 14:26:00,2010-08-19 14:27:00,4436,4431,4436,4431,4440,4435,4440,4435,30
2010-08-19 14:27:00,2010-08-19 14:28:00,4431,4429,4432,4427,4435,4433,4436,4431,9
2010-08-19 14:28:00,2010-08-19 14:29:00,4429,4429,4431,4429,4433,4433,4435,4433,10
2010-08-19 14:29:00,2010-08-19 14:30:00,4429,4426,4429,4426,4433,4430,4433,4430,5
2010-08-19 14:30:00,2010-08-19 14:31:00,4426,4424,4426,4423,4430,4428,4430,4427,16
2010-08-19 14:31:00,2010-08-19 14:33:00,4425,4429,4429,4424,4429,4433,4433,4428,12
2010-08-19 14:33:00,2010-08-19 14:34:00,4429,4431,4431,4429,4433,4435,4435,4433,10
2010-08-19 14:34:00,2010-08-19 14:35:00,4431,4430,4431,4430,4435,4434,4435,4434,5
2010-08-19 14:35:00,2010-08-19 14:36:00,4430,4426,4430,4426,4434,4430,4434,4430,7
2010-08-19 14:36:00,2010-08-19 14:37:00,4426,4424,4427,4423,4430,4428,4431,4427,19
2010-08-19 14:37:00,2010-08-19 14:38:00,4424,4424,4427,4424,4428,4428,4431,4428,14
2010-08-19 14:38:00,2010-08-19 14:39:00,4424,4422,4425,4422,4428,4426,4429,4426,6
2010-08-19 14:39:00,2010-08-19 14:40:00,4422,4419,4423,4419,4426,4423,4427,4423,13
2010-08-19 14:40:00,2010-08-19 14:41:00,4419,4419,4420,4417,4423,4423,4424,4421,5
2010-08-19 14:41:00,2010-08-19 14:42:00,4419,4421,4422,4419,4423,4425,4426,4423,22
2010-08-19 14:42:00,2010-08-19 14:43:00,4421,4423,4423,4421,4425,4427,4427,4425,6
2010-08-19 14:43:00,2010-08-19 14:44:00,4423,4422,4424,4421,4427,4426,4428,4425,15
2010-08-19 14:44:00,2010-08-19 14:45:00,4422,4421,4423,4421,4426,4425,4427,4425,13
2010-08-19 14:45:00,2010-08-19 14:47:00,4422,4424,4424,4422,4426,4428,4428,4426,3
2010-08-19 14:47:00,2010-08-19 14:48:00,4424,4425,4426,4422,4428,4429,4430,4426,25
2010-08-19 14:48:00,2010-08-19 14:49:00,4425,4428,4428,4424,4429,4432,4432,4428,13
2010-08-19 14:49:00,2010-08-19 14:51:00,4428,4427,4430,4427,4432,4431,4434,4431,9
2010-08-19 14:51:00,2010-08-19 14:52:00,4427,4429,4429,4427,4431,4433,4433,4431,8
2010-08-19 14:52:00,2010-08-19 14:53:00,4429,4426,4429,4424,4433,4430,4433,4428,15
2010-08-19 14:53:00,2010-08-19 14:54:00,4426,4423,4426,4422,4430,4427,4430,4426,17
2010-08-19 14:54:00,2010-08-19 14:55:00,4423,4427,4428,4422,4427,4431,4432,4426,18
2010-08-19 14:55:00,2010-08-19 14:56:00,4427,4428,4428,4426,4431,4432,4432,4430,19
2010-08-19 14:56:00,2010-08-19 14:58:00,4428,4429,4430,4428,4432,4433,4434,4432,25
2010-08-19 14:58:00,2010-08-19 14:59:00,4429,4429,4430,4427,4433,4433,4434,4432,12
2010-08-19 14:59:00,2010-08-19 15:00:00,4429,4428,4429,4426,4433,4432,4433,4430,17
2010-08-19 15:00:00,2010-08-19 15:01:00,4428,4429,4429,4428,4432,4433,4433,4432,3
2010-08-19 15:01:00,2010-08-19 15:02:00,4429,4426,4429,4426,4433,4430,4433,4430,9
2010-08-19 15:02:00,2010-08-19 15:03:00,4426,4424,4426,4423,4430,4428,4430,4427,5
2010-08-19 15:03:00,2010-08-19 15:04:00,4424,4420,4424,4420,4428,4424,4428,4424,7
2010-08-19 15:04:00,2010-08-19 15:05:00,4420,4421,4421,4419,4424,4425,4425,4423,9
2010-08-19 15:05:00,2010-08-19 15:06:00,4421,4422,4424,4421,4425,4426,4428,4425,5
2010-08-19 15:06:00,2010-08-19 15:07:00,4422,4420,4422,4419,4426,4424,4426,4423,10
2010-08-19 15:07:00,2010-08-19 15:09:00,4421,4421,4421,4420,4425,4425,4425,4424,10
2010-08-19 15:09:00,2010-08-19 15:10:00,4421,4421,4423,4421,4425,4425,4427,4425,12
2010-08-19 15:10:00,2010-08-19 15:11:00,4421,4423,4425,4421,4425,4427,4429,4425,11
2010-08-19 15:11:00,2010-08-19 15:12:00,4423,4424,4425,4423,4427,4428,4429,4427,27
2010-08-19 15:12:00,2010-08-19 15:13:00,4424,4423,4424,4421,4428,4427,4428,4425,15
2010-08-19 15:13:00,2010-08-19 15:14:00,4423,4422,4425,4422,4427,4426,4429,4426,14
2010-08-19 15:14:00,2010-08-19 15:15:00,4422,4422,4423,4420,4426,4426,4427,4424,22
2010-08-19 15:15:00,2010-08-19 15:17:00,4423,4420,4423,4420,4427,4424,4427,4424,11
2010-08-19 15:17:00,2010-08-19 15:18:00,4420,4422,4423,4420,4424,4426,4427,4424,14
2010-08-19 15:18:00,2010-08-19 15:19:00,4422,4423,4423,4422,4426,4427,4427,4426,3
2010-08-19 15:19:00,2010-08-19 15:20:00,4423,4421,4424,4420,4427,4425,4428,4424,16
2010-08-19 15:20:00,2010-08-19 15:21:00,4421,4426,4426,4421,4425,4430,4430,4425,15
2010-08-19 15:21:00,2010-08-19 15:22:00,4426,4425,4427,4424,4430,4429,4431,4428,7
2010-08-19 15:22:00,2010-08-19 15:24:00,4425,4426,4427,4424,4429,4430,4431,4428,23
2010-08-19 15:24:00,2010-08-19 15:25:00,4426,4427,4427,4424,4430,4431,4431,4428,22
2010-08-19 15:25:00,2010-08-19 15:26:00,4427,4425,4427,4424,4431,4429,4431,4429,11
2010-08-19 15:26:00,2010-08-19 15:27:00,4425,4426,4426,4424,4429,4430,4430,4429,17
2010-08-19 15:27:00,2010-08-19 15:30:00,4426,4425,4427,4424,4430,4429,4431,4428,28
2010-08-19 15:30:00,2010-08-19 15:31:00,4425,4423,4425,4423,4429,4427,4429,4427,6
2010-08-19 15:31:00,2010-08-19 15:32:00,4423,4420,4423,4420,4427,4424,4427,4424,19
2010-08-19 15:32:00,2010-08-19 15:33:00,4420,4421,4421,4418,4424,4425,4425,4422,18
2010-08-19 15:33:00,2010-08-19 15:35:00,4421,4417,4421,4417,4425,4421,4425,4421,21
2010-08-19 15:35:00,2010-08-19 15:36:00,4417,4419,4419,4417,4421,4423,4423,4421,14
2010-08-19 15:36:00,2010-08-19 15:37:00,4419,4415,4419,4415,4423,4419,4423,4419,12
2010-08-19 15:37:00,2010-08-19 15:38:00,4415,4412,4417,4412,4419,4416,4421,4416,22
2010-08-19 15:38:00,2010-08-19 15:39:00,4412,4416,4416,4412,4416,4420,4420,4416,13
2010-08-19 15:39:00,2010-08-19 15:40:00,4416,4415,4417,4414,4420,4419,4421,4418,23
2010-08-19 15:40:00,2010-08-19 15:41:00,4415,4413,4416,4413,4419,4417,4420,4417,18
2010-08-19 15:41:00,2010-08-19 15:42:00,4413,4410,4415,4410,4417,4416,4419,4416,42
2010-08-19 15:42:00,2010-08-19 15:43:00,4410,4410,4411,4409,4416,4414,4416,4413,20
2010-08-19 15:43:00,2010-08-19 15:44:00,4410,4410,4411,4409,4414,4414,4415,4413,18
2010-08-19 15:44:00,2010-08-19 15:45:00,4410,4410,4411,4409,4414,4414,4415,4413,14
2010-08-19 15:45:00,2010-08-19 15:46:00,4410,4410,4411,4409,4414,4414,4415,4413,16
2010-08-19 15:46:00,2010-08-19 15:47:00,4410,4411,4411,4410,4414,4415,4415,4414,9
2010-08-19 15:47:00,2010-08-19 15:48:00,4411,4410,4412,4410,4415,4414,4416,4414,9
2010-08-19 15:48:00,2010-08-19 15:49:00,4410,4409,4411,4407,4414,4413,4415,4411,13
2010-08-19 15:49:00,2010-08-19 15:50:00,4409,4405,4409,4405,4413,4409,4413,4409,12
2010-08-19 15:50:00,2010-08-19 15:51:00,4405,4405,4407,4405,4409,4409,4411,4409,12
2010-08-19 15:51:00,2010-08-19 15:52:00,4405,4405,4407,4405,4409,4409,4411,4409,14
2010-08-19 15:52:00,2010-08-19 15:53:00,4405,4406,4407,4404,4409,4410,4411,4408,19
2010-08-19 15:53:00,2010-08-19 15:54:00,4406,4406,4406,4404,4410,4410,4410,4408,30
2010-08-19 15:54:00,2010-08-19 15:55:00,4406,4407,4408,4405,4410,4411,4412,4409,23
2010-08-19 15:55:00,2010-08-19 15:56:00,4407,4410,4410,4407,4411,4414,4414,4411,18
2010-08-19 15:56:00,2010-08-19 15:57:00,4410,4408,4411,4407,4414,4412,4415,4411,22
2010-08-19 15:57:00,2010-08-19 15:58:00,4408,4407,4408,4407,4412,4411,4412,4411,7
2010-08-19 15:58:00,2010-08-19 15:59:00,4407,4409,4409,4407,4411,4413,4413,4411,4
2010-08-19 15:59:00,2010-08-19 16:00:00,4409,4412,4412,4409,4413,4416,4416,4413,9
2010-08-19 16:00:00,2010-08-19 16:03:00,4411,4409,4411,4408,4415,4413,4415,4412,14
2010-08-19 16:03:00,2010-08-19 16:06:00,4410,4409,4410,4408,4414,4413,4414,4412,7
2010-08-19 16:06:00,2010-08-19 16:07:00,4409,4408,4410,4407,4413,4412,4414,4411,9
2010-08-19 16:07:00,2010-08-19 16:08:00,4408,4409,4410,4406,4412,4413,4414,4410,15
2010-08-19 16:08:00,2010-08-19 16:09:00,4409,4410,4411,4409,4413,4414,4415,4413,5
2010-08-19 16:09:00,2010-08-19 16:11:00,4411,4408,4411,4408,4415,4412,4415,4412,23
2010-08-19 16:11:00,2010-08-19 16:12:00,4408,4409,4409,4407,4412,4413,4413,4411,19
2010-08-19 16:12:00,2010-08-19 16:13:00,4409,4409,4410,4409,4413,4413,4414,4413,4
2010-08-19 16:13:00,2010-08-19 16:14:00,4409,4408,4409,4408,4413,4412,4413,4412,5
2010-08-19 16:14:00,2010-08-19 16:15:00,4408,4408,4409,4407,4412,4412,4413,4411,18
2010-08-19 16:15:00,2010-08-19 16:17:00,4408,4409,4411,4408,4412,4413,4415,4412,8
2010-08-19 16:17:00,2010-08-19 16:18:00,4409,4412,4413,4409,4413,4416,4417,4413,21
2010-08-19 16:18:00,2010-08-19 16:19:00,4412,4413,4415,4412,4416,4417,4419,4416,5
2010-08-19 16:19:00,2010-08-19 16:20:00,4413,4415,4415,4413,4417,4419,4419,4417,16
2010-08-19 16:20:00,2010-08-19 16:24:00,4415,4415,4416,4415,4419,4419,4420,4419,6
2010-08-19 16:24:00,2010-08-19 16:31:00,4415,4416,4416,4415,4419,4420,4420,4419,1
2010-08-19 16:31:00,2010-08-19 16:34:00,4416,4416,4416,4415,4420,4420,4420,4419,4
2010-08-19 16:34:00,2010-08-19 16:38:00,4417,4419,4419,4417,4421,4423,4423,4421,8
2010-08-19 16:38:00,2010-08-19 16:39:00,4419,4418,4419,4418,4423,4422,4423,4422,1
2010-08-19 16:39:00,2010-08-19 16:48:00,4416,4417,4418,4416,4420,4421,4422,4420,5
2010-08-19 16:48:00,2010-08-19 16:51:00,4416,4414,4416,4414,4420,4418,4420,4418,8
2010-08-19 16:51:00,2010-08-19 16:55:00,4412,4413,4414,4412,4416,4417,4418,4416,3
2010-08-19 16:55:00,2010-08-19 16:57:00,4412,4412,4413,4412,4416,4416,4417,4416,6
2010-08-19 16:57:00,2010-08-19 16:58:00,4412,4414,4414,4412,4416,4418,4418,4416,12
2010-08-19 16:58:00,2010-08-19 16:59:00,4414,4417,4417,4414,4418,4421,4421,4418,9
2010-08-19 16:59:00,2010-08-19 17:00:00,4417,4418,4418,4417,4421,4422,4422,4421,9
2010-08-19 17:00:00,2010-08-19 17:01:00,4418,4418,4418,4417,4422,4422,4422,4421,2
2010-08-19 17:01:00,2010-08-19 17:03:00,4420,4419,4421,4418,4424,4423,4425,4422,15
2010-08-19 17:03:00,2010-08-19 17:04:00,4419,4420,4421,4419,4423,4424,4425,4423,5
2010-08-19 17:04:00,2010-08-19 17:05:00,4420,4420,4422,4420,4424,4424,4426,4424,8
2010-08-19 17:05:00,2010-08-19 17:06:00,4420,4419,4421,4419,4424,4423,4425,4423,5
2010-08-19 17:06:00,2010-08-19 17:07:00,4419,4418,4419,4418,4423,4422,4423,4422,3
2010-08-19 17:07:00,2010-08-19 17:08:00,4418,4420,4420,4418,4422,4424,4424,4422,2
2010-08-19 17:08:00,2010-08-19 17:10:00,4419,4419,4421,4419,4423,4423,4425,4423,4
2010-08-19 17:10:00,2010-08-19 17:13:00,4419,4420,4422,4419,4423,4424,4426,4423,6
2010-08-19 17:13:00,2010-08-19 17:15:00,4419,4417,4419,4417,4423,4421,4423,4421,2
2010-08-19 17:15:00,2010-08-19 17:23:00,4420,4421,4421,4420,4424,4425,4425,4424,3
2010-08-19 17:23:00,2010-08-19 17:28:00,4420,4420,4420,4419,4424,4424,4424,4423,2
2010-08-19 17:28:00,2010-08-19 17:29:00,4420,4419,4420,4419,4424,4423,4424,4423,15
2010-08-19 17:29:00,2010-08-19 17:30:00,4419,4418,4420,4418,4423,4422,4424,4422,7
2010-08-19 17:30:00,2010-08-19 17:31:00,4418,4419,4419,4418,4422,4423,4423,4422,5
2010-08-19 17:31:00,2010-08-19 17:32:00,4419,4420,4420,4419,4423,4424,4424,4423,5
2010-08-19 17:32:00,2010-08-19 17:33:00,4420,4419,4420,4419,4424,4423,4424,4423,5
2010-08-19 17:33:00,2010-08-19 17:37:00,4417,4418,4418,4417,4421,4422,4422,4421,1
2010-08-19 17:37:00,2010-08-19 17:39:00,4419,4419,4420,4419,4423,4423,4424,4423,6
2010-08-19 17:39:00,2010-08-19 17:40:00,4419,4418,4419,4417,4423,4422,4423,4421,7
2010-08-19 17:40:00,2010-08-19 17:41:00,4418,4417,4418,4417,4422,4421,4422,4421,1
2010-08-19 17:41:00,2010-08-19 17:44:00,4417,4417,4417,4416,4421,4421,4421,4420,6
2010-08-19 17:44:00,2010-08-19 17:45:00,4417,4416,4417,4415,4421,4420,4421,4419,17
2010-08-19 17:45:00,2010-08-19 17:46:00,4416,4416,4416,4415,4420,4420,4420,4419,6
2010-08-19 17:46:00,2010-08-19 17:49:00,4417,4416,4418,4416,4421,4420,4422,4420,9
2010-08-19 17:49:00,2010-08-19 17:50:00,4416,4417,4417,4416,4420,4421,4421,4420,1
2010-08-19 17:50:00,2010-08-19 17:51:00,4417,4415,4417,4415,4421,4419,4421,4419,4
2010-08-19 17:51:00,2010-08-19 17:55:00,4414,4415,4415,4414,4418,4419,4419,4418,1
2010-08-19 17:55:00,2010-08-19 17:57:00,4414,4414,4415,4414,4418,4418,4419,4418,4
2010-08-19 17:57:00,2010-08-19 18:02:00,4412,4410,4412,4410,4416,4414,4416,4414,2
2010-08-19 18:02:00,2010-08-19 18:03:00,4410,4412,4412,4410,4414,4416,4416,4414,2
2010-08-19 18:03:00,2010-08-19 18:06:00,4411,4410,4411,4410,4415,4414,4415,4414,13
2010-08-19 18:06:00,2010-08-19 18:07:00,4410,4410,4411,4410,4414,4414,4415,4414,8
2010-08-19 18:07:00,2010-08-19 18:08:00,4410,4411,4411,4410,4414,4415,4415,4414,3
2010-08-19 18:08:00,2010-08-19 18:09:00,4411,4415,4415,4411,4415,4419,4419,4415,4
2010-08-19 18:09:00,2010-08-19 18:10:00,4415,4415,4415,4414,4419,4419,4419,4418,4
2010-08-19 18:10:00,2010-08-19 18:11:00,4415,4417,4418,4415,4419,4421,4422,4419,10
2010-08-19 18:11:00,2010-08-19 18:12:00,4417,4416,4418,4416,4421,4420,4422,4420,7
2010-08-19 18:12:00,2010-08-19 18:14:00,4417,4419,4419,4417,4421,4423,4423,4421,6
2010-08-19 18:14:00,2010-08-19 18:15:00,4419,4419,4420,4419,4423,4423,4424,4423,2
2010-08-19 18:15:00,2010-08-19 18:16:00,4419,4417,4419,4416,4423,4421,4423,4420,4
2010-08-19 18:16:00,2010-08-19 18:17:00,4417,4418,4418,4416,4421,4422,4422,4420,7
2010-08-19 18:17:00,2010-08-19 18:18:00,4418,4418,4418,4417,4422,4422,4422,4421,6
2010-08-19 18:18:00,2010-08-19 18:23:00,4419,4424,4424,4419,4423,4428,4428,4423,19
2010-08-19 18:23:00,2010-08-19 18:24:00,4424,4423,4424,4423,4428,4427,4428,4427,3
2010-08-19 18:24:00,2010-08-19 18:26:00,4423,4421,4423,4421,4427,4425,4427,4425,4
2010-08-19 18:26:00,2010-08-19 18:28:00,4422,4422,4423,4422,4426,4426,4427,4426,12
2010-08-19 18:28:00,2010-08-19 18:31:00,4424,4428,4428,4424,4428,4432,4432,4428,16
2010-08-19 18:31:00,2010-08-19 18:33:00,4427,4426,4428,4426,4431,4431,4432,4431,6
2010-08-19 18:33:00,2010-08-19 18:34:00,4426,4427,4427,4426,4431,4431,4431,4431,1
2010-08-19 18:34:00,2010-08-19 18:36:00,4426,4426,4427,4426,4430,4432,4432,4430,4
2010-08-19 18:36:00,2010-08-19 18:37:00,4426,4428,4428,4426,4432,4432,4432,4431,3
2010-08-19 18:37:00,2010-08-19 18:39:00,4427,4421,4427,4419,4431,4425,4431,4423,19
2010-08-19 18:39:00,2010-08-19 18:40:00,4421,4417,4421,4416,4425,4421,4425,4421,14
2010-08-19 18:40:00,2010-08-19 18:42:00,4419,4422,4423,4419,4423,4426,4427,4423,7
2010-08-19 18:42:00,2010-08-19 18:43:00,4422,4423,4423,4420,4426,4427,4427,4424,11
2010-08-19 18:43:00,2010-08-19 18:44:00,4423,4424,4424,4421,4427,4428,4428,4425,4
2010-08-19 18:44:00,2010-08-19 18:48:00,4425,4425,4427,4424,4429,4429,4431,4428,13
2010-08-19 18:48:00,2010-08-19 18:50:00,4427,4427,4427,4424,4431,4431,4431,4428,14
2010-08-19 18:50:00,2010-08-19 18:51:00,4427,4427,4428,4426,4431,4431,4432,4430,10
2010-08-19 18:51:00,2010-08-19 18:53:00,4429,4428,4429,4427,4433,4432,4433,4431,21
2010-08-19 18:53:00,2010-08-19 18:56:00,4428,4426,4428,4426,4432,4430,4432,4430,10
2010-08-19 18:56:00,2010-08-19 18:57:00,4426,4427,4429,4425,4430,4432,4433,4429,18
2010-08-19 18:57:00,2010-08-19 18:58:00,4427,4428,4428,4427,4432,4432,4432,4431,13
2010-08-19 18:58:00,2010-08-19 18:59:00,4428,4427,4428,4426,4432,4431,4432,4430,3
2010-08-19 18:59:00,2010-08-19 19:01:00,4426,4426,4427,4426,4430,4430,4431,4430,8
2010-08-19 19:01:00,2010-08-19 19:04:00,4427,4425,4427,4425,4431,4429,4431,4429,24
2010-08-19 19:04:00,2010-08-19 19:05:00,4425,4425,4427,4425,4429,4429,4431,4429,14
2010-08-19 19:05:00,2010-08-19 19:10:00,4426,4426,4428,4426,4430,4430,4432,4430,4
2010-08-19 19:10:00,2010-08-19 19:12:00,4426,4427,4427,4426,4430,4431,4431,4430,3
2010-08-19 19:12:00,2010-08-19 19:15:00,4430,4432,4433,4430,4434,4436,4437,4434,4
2010-08-19 19:15:00,2010-08-19 19:16:00,4432,4432,4432,4431,4436,4436,4436,4435,4
2010-08-19 19:16:00,2010-08-19 19:17:00,4432,4433,4433,4432,4436,4437,4437,4436,7
2010-08-19 19:17:00,2010-08-19 19:18:00,4433,4437,4438,4433,4437,4441,4442,4437,16
2010-08-19 19:18:00,2010-08-19 19:19:00,4437,4436,4438,4435,4441,4440,4442,4439,10
2010-08-19 19:19:00,2010-08-19 19:20:00,4436,4436,4436,4434,4440,4440,4440,4438,14
2010-08-19 19:20:00,2010-08-19 19:21:00,4436,4436,4437,4435,4440,4440,4441,4439,8
2010-08-19 19:21:00,2010-08-19 19:22:00,4436,4433,4436,4433,4440,4437,4440,4437,3
2010-08-19 19:22:00,2010-08-19 19:23:00,4433,4433,4435,4432,4437,4437,4439,4436,18
2010-08-19 19:23:00,2010-08-19 19:24:00,4433,4437,4437,4433,4437,4441,4441,4437,4
2010-08-19 19:24:00,2010-08-19 19:28:00,4436,4435,4436,4435,4440,4439,4440,4439,3
2010-08-19 19:28:00,2010-08-19 19:29:00,4435,4433,4435,4433,4439,4437,4439,4437,2
2010-08-19 19:29:00,2010-08-19 19:30:00,4433,4433,4434,4431,4437,4437,4438,4435,10
2010-08-19 19:30:00,2010-08-19 19:31:00,4433,4432,4435,4432,4437,4436,4439,4436,13
2010-08-19 19:31:00,2010-08-19 19:32:00,4432,4435,4435,4432,4436,4439,4439,4436,11
2010-08-19 19:32:00,2010-08-19 19:34:00,4434,4436,4436,4433,4438,4440,4440,4437,6
2010-08-19 19:34:00,2010-08-19 19:35:00,4436,4434,4436,4434,4440,4438,4440,4438,4
2010-08-19 19:35:00,2010-08-19 19:36:00,4434,4433,4435,4433,4438,4437,4439,4437,3
2010-08-19 19:36:00,2010-08-19 19:37:00,4433,4432,4434,4432,4437,4436,4438,4436,7
2010-08-19 19:37:00,2010-08-19 19:38:00,4432,4430,4432,4430,4436,4434,4436,4434,2
2010-08-19 19:38:00,2010-08-19 19:40:00,4430,4430,4431,4429,4434,4434,4435,4433,12
2010-08-19 19:40:00,2010-08-19 19:41:00,4430,4429,4430,4427,4434,4433,4434,4431,5
2010-08-19 19:41:00,2010-08-19 19:42:00,4429,4427,4429,4427,4433,4431,4433,4431,2
2010-08-19 19:42:00,2010-08-19 19:43:00,4427,4429,4429,4426,4431,4433,4433,4430,10
2010-08-19 19:43:00,2010-08-19 19:44:00,4429,4429,4430,4429,4433,4433,4434,4433,10
2010-08-19 19:44:00,2010-08-19 19:45:00,4429,4430,4432,4429,4433,4434,4436,4433,6
2010-08-19 19:45:00,2010-08-19 19:47:00,4431,4430,4432,4430,4435,4434,4436,4434,3
2010-08-19 19:47:00,2010-08-19 19:48:00,4430,4430,4430,4429,4434,4434,4434,4433,6
2010-08-19 19:48:00,2010-08-19 19:49:00,4430,4428,4430,4427,4434,4432,4434,4431,12
2010-08-19 19:49:00,2010-08-19 19:50:00,4428,4427,4429,4427,4432,4431,4433,4431,9
2010-08-19 19:50:00,2010-08-19 19:51:00,4427,4428,4428,4427,4431,4432,4432,4431,3
2010-08-19 19:51:00,2010-08-19 19:52:00,4428,4430,4430,4428,4432,4434,4434,4432,6
2010-08-19 19:52:00,2010-08-19 19:54:00,4430,4433,4433,4430,4434,4437,4437,4434,5
2010-08-19 19:54:00,2010-08-19 19:55:00,4433,4432,4433,4432,4437,4436,4437,4436,5
2010-08-19 19:55:00,2010-08-19 19:56:00,4432,4433,4434,4432,4436,4437,4438,4436,43
2010-08-19 19:56:00,2010-08-19 19:57:00,4433,4433,4435,4433,4437,4437,4439,4437,12
2010-08-19 19:57:00,2010-08-19 19:59:00,4431,4430,4432,4430,4435,4434,4436,4434,5
2010-08-19 19:59:00,2010-08-19 20:01:00,4429,4429,4429,4428,4433,4433,4433,4432,4
2010-08-19 20:01:00,2010-08-19 20:02:00,4429,4427,4429,4427,4433,4431,4433,4431,10
2010-08-19 20:02:00,2010-08-19 20:06:00,4427,4425,4427,4425,4431,4429,4431,4429,2
2010-08-19 20:06:00,2010-08-19 20:07:00,4425,4424,4425,4423,4429,4428,4429,4427,3
2010-08-19 20:07:00,2010-08-19 20:10:00,4425,4426,4426,4424,4429,4430,4430,4428,7
2010-08-19 20:10:00,2010-08-19 20:14:00,4425,4421,4425,4419,4429,4425,4429,4423,7
2010-08-19 20:14:00,2010-08-19 20:15:00,4421,4421,4421,4419,4425,4429,4429,4424,5
2010-08-19 20:15:00,2010-08-19 20:16:00,4421,4422,4422,4421,4429,4429,4429,4429,1
2010-08-19 20:16:00,2010-08-19 20:17:00,4422,4421,4422,4421,4429,4428,4429,4428,1
2010-08-19 20:17:00,2010-08-19 20:23:00,4421,4422,4422,4421,4428,4428,4428,4428,1
2010-08-19 20:23:00,2010-08-19 20:25:00,4422,4423,4423,4422,4428,4428,4428,4428,1
2010-08-19 20:25:00,2010-08-19 20:31:00,4423,4423,4424,4423,4428,4427,4428,4427,2
2010-08-19 20:31:00,2010-08-19 20:33:00,4424,4423,4425,4423,4428,4427,4429,4427,5
2010-08-19 20:33:00,2010-08-19 20:40:00,4421,4422,4423,4421,4425,4426,4427,4425,3
2010-08-19 20:40:00,2010-08-19 23:50:00,4424,4429,4430,4424,4428,4431,4432,4426,22
2010-08-19 23:50:00,2010-08-19 23:51:00,4429,4428,4430,4427,4431,4430,4432,4429,17
2010-08-19 23:51:00,2010-08-19 23:52:00,4428,4429,4431,4427,4430,4431,4433,4429,11
2010-08-19 23:52:00,2010-08-19 23:53:00,4429,4430,4431,4429,4431,4432,4433,4431,13
2010-08-19 23:53:00,2010-08-19 23:54:00,4430,4429,4431,4428,4432,4431,4433,4430,7
2010-08-19 23:54:00,2010-08-19 23:57:00,4428,4427,4429,4425,4430,4430,4431,4427,9
2010-08-19 23:57:00,2010-08-19 23:58:00,4427,4428,4429,4427,4430,4430,4431,4429,7
2010-08-19 23:58:00,2010-08-20 00:02:00,4427,4429,4430,4427,4429,4431,4432,4429,10
2010-08-20 00:02:00,2010-08-20 00:05:00,4429,4427,4429,4427,4431,4429,4431,4429,8
2010-08-20 00:05:00,2010-08-20 00:06:00,4427,4427,4428,4426,4429,4429,4430,4428,12
2010-08-20 00:06:00,2010-08-20 00:07:00,4427,4427,4427,4426,4429,4429,4429,4428,18
2010-08-20 00:07:00,2010-08-20 00:08:00,4427,4426,4427,4425,4429,4428,4429,4427,11
2010-08-20 00:08:00,2010-08-20 00:09:00,4426,4430,4430,4426,4428,4432,4432,4428,6
2010-08-20 00:09:00,2010-08-20 00:10:00,4430,4428,4430,4428,4432,4430,4432,4430,12
2010-08-20 00:10:00,2010-08-20 00:11:00,4428,4431,4431,4428,4430,4433,4433,4430,5
2010-08-20 00:11:00,2010-08-20 00:12:00,4431,4434,4435,4431,4433,4436,4437,4433,5
2010-08-20 00:12:00,2010-08-20 00:14:00,4433,4436,4436,4433,4435,4438,4438,4435,21
2010-08-20 00:14:00,2010-08-20 00:15:00,4436,4433,4436,4432,4438,4435,4438,4434,5
2010-08-20 00:15:00,2010-08-20 00:16:00,4433,4430,4433,4428,4435,4432,4435,4430,7
2010-08-20 00:16:00,2010-08-20 00:17:00,4430,4432,4432,4428,4432,4434,4434,4430,8
2010-08-20 00:17:00,2010-08-20 00:18:00,4432,4433,4433,4430,4434,4435,4435,4432,11
2010-08-20 00:18:00,2010-08-20 00:19:00,4433,4430,4434,4430,4435,4432,4436,4432,11
2010-08-20 00:19:00,2010-08-20 00:20:00,4430,4430,4430,4427,4432,4432,4432,4429,10
2010-08-20 00:20:00,2010-08-20 00:21:00,4430,4430,4431,4428,4432,4432,4433,4430,18
2010-08-20 00:21:00,2010-08-20 00:22:00,4430,4431,4433,4429,4432,4433,4435,4431,11
2010-08-20 00:22:00,2010-08-20 00:23:00,4431,4426,4431,4426,4433,4428,4433,4428,11
2010-08-20 00:23:00,2010-08-20 00:24:00,4426,4424,4427,4424,4428,4426,4429,4426,22
2010-08-20 00:24:00,2010-08-20 00:25:00,4424,4423,4424,4422,4426,4425,4426,4424,17
2010-08-20 00:25:00,2010-08-20 00:26:00,4423,4426,4427,4423,4425,4428,4429,4425,17
2010-08-20 00:26:00,2010-08-20 00:27:00,4426,4426,4427,4425,4428,4428,4429,4427,6
2010-08-20 00:27:00,2010-08-20 00:28:00,4426,4429,4429,4426,4428,4431,4431,4428,3
2010-08-20 00:28:00,2010-08-20 00:30:00,4429,4433,4433,4429,4431,4435,4435,4431,8
2010-08-20 00:30:00,2010-08-20 00:31:00,4433,4435,4435,4432,4435,4437,4437,4434,10
2010-08-20 00:31:00,2010-08-20 00:33:00,4437,4436,4438,4436,4439,4438,4440,4438,3
2010-08-20 00:33:00,2010-08-20 00:38:00,4436,4439,4439,4436,4438,4441,4441,4438,3
2010-08-20 00:38:00,2010-08-20 00:40:00,4439,4440,4442,4439,4441,4442,4444,4441,7
2010-08-20 00:40:00,2010-08-20 00:42:00,4440,4442,4442,4440,4442,4444,4444,4442,14
2010-08-20 00:42:00,2010-08-20 00:44:00,4444,4441,4444,4441,4446,4443,4446,4443,5
2010-08-20 00:44:00,2010-08-20 00:48:00,4443,4441,4444,4441,4445,4443,4446,4443,8
2010-08-20 00:48:00,2010-08-20 00:49:00,4441,4441,4442,4440,4443,4443,4444,4442,14
2010-08-20 00:49:00,2010-08-20 00:51:00,4439,4437,4440,4436,4441,4439,4442,4438,10
2010-08-20 00:51:00,2010-08-20 00:52:00,4437,4438,4438,4437,4439,4440,4440,4439,9
2010-08-20 00:52:00,2010-08-20 00:54:00,4436,4436,4438,4436,4438,4438,4440,4438,12
2010-08-20 00:54:00,2010-08-20 00:56:00,4436,4434,4436,4432,4438,4436,4438,4434,8
2010-08-20 00:56:00,2010-08-20 00:57:00,4434,4434,4435,4433,4436,4436,4437,4435,4
2010-08-20 00:57:00,2010-08-20 00:59:00,4435,4435,4437,4435,4437,4437,4439,4437,6
2010-08-20 00:59:00,2010-08-20 01:00:00,4435,4434,4435,4433,4437,4436,4437,4435,9
2010-08-20 01:00:00,2010-08-20 01:02:00,4434,4433,4435,4433,4436,4435,4437,4435,11
2010-08-20 01:02:00,2010-08-20 01:03:00,4433,4435,4435,4432,4435,4437,4437,4434,4
2010-08-20 01:03:00,2010-08-20 01:04:00,4435,4436,4437,4433,4437,4438,4439,4435,13
2010-08-20 01:04:00,2010-08-20 01:06:00,4433,4431,4433,4431,4435,4433,4435,4433,8
2010-08-20 01:06:00,2010-08-20 01:08:00,4430,4431,4433,4430,4432,4433,4435,4432,9
2010-08-20 01:08:00,2010-08-20 01:09:00,4431,4432,4433,4430,4433,4434,4435,4432,9
2010-08-20 01:09:00,2010-08-20 01:10:00,4432,4435,4435,4431,4434,4437,4437,4433,7
2010-08-20 01:10:00,2010-08-20 01:12:00,4435,4437,4437,4434,4437,4439,4439,4436,8
2010-08-20 01:12:00,2010-08-20 01:13:00,4437,4438,4439,4437,4439,4440,4441,4439,5
2010-08-20 01:13:00,2010-08-20 01:14:00,4438,4435,4440,4435,4440,4437,4442,4437,11
2010-08-20 01:14:00,2010-08-20 01:15:00,4435,4437,4437,4435,4437,4439,4439,4437,6
2010-08-20 01:15:00,2010-08-20 01:20:00,4438,4441,4442,4438,4440,4443,4444,4440,5
2010-08-20 01:20:00,2010-08-20 01:22:00,4440,4443,4444,4440,4442,4445,4446,4442,9
2010-08-20 01:22:00,2010-08-20 01:23:00,4443,4444,4444,4442,4445,4446,4446,4444,17
2010-08-20 01:23:00,2010-08-20 01:24:00,4444,4441,4444,4440,4446,4443,4446,4442,9
2010-08-20 01:24:00,2010-08-20 01:26:00,4443,4439,4443,4439,4445,4442,4445,4442,6
2010-08-20 01:26:00,2010-08-20 01:27:00,4439,4440,4441,4439,4442,4442,4443,4442,3
2010-08-20 01:27:00,2010-08-20 01:30:00,4440,4438,4441,4438,4442,4440,4443,4440,6
2010-08-20 01:30:00,2010-08-20 01:32:00,4439,4439,4440,4438,4441,4441,4442,4440,6
2010-08-20 01:32:00,2010-08-20 01:33:00,4439,4441,4442,4439,4441,4443,4444,4441,12
2010-08-20 01:33:00,2010-08-20 01:37:00,4441,4438,4441,4438,4443,4440,4443,4440,7
2010-08-20 01:37:00,2010-08-20 01:39:00,4438,4437,4439,4437,4440,4439,4441,4439,7
2010-08-20 01:39:00,2010-08-20 01:45:00,4438,4438,4439,4437,4440,4440,4441,4439,6
2010-08-20 01:45:00,2010-08-20 01:48:00,4437,4435,4437,4434,4439,4437,4439,4436,4
2010-08-20 01:48:00,2010-08-20 01:50:00,4435,4435,4436,4435,4437,4437,4438,4437,8
2010-08-20 01:50:00,2010-08-20 01:52:00,4435,4430,4435,4430,4437,4432,4437,4432,9
2010-08-20 01:52:00,2010-08-20 01:57:00,4433,4432,4434,4432,4435,4434,4436,4434,9
2010-08-20 01:57:00,2010-08-20 02:00:00,4430,4432,4432,4429,4432,4434,4434,4431,4
2010-08-20 02:00:00,2010-08-20 02:03:00,4432,4433,4434,4431,4434,4435,4436,4433,9
2010-08-20 02:03:00,2010-08-20 02:09:00,4433,4434,4434,4432,4435,4436,4436,4434,5
2010-08-20 02:09:00,2010-08-20 02:14:00,4432,4429,4432,4429,4434,4431,4434,4431,3
2010-08-20 02:14:00,2010-08-20 02:15:00,4429,4429,4430,4429,4431,4431,4432,4431,6
2010-08-20 02:15:00,2010-08-20 02:16:00,4429,4433,4434,4429,4431,4435,4436,4431,8
2010-08-20 02:16:00,2010-08-20 02:23:00,4429,4427,4430,4426,4431,4429,4432,4428,6
2010-08-20 02:23:00,2010-08-20 02:33:00,4427,4426,4427,4425,4429,4428,4429,4427,5
2010-08-20 02:33:00,2010-08-20 02:42:00,4427,4427,4429,4427,4429,4429,4431,4429,6
2010-08-20 02:42:00,2010-08-20 02:47:00,4425,4422,4425,4422,4427,4424,4427,4424,3
2010-08-20 02:47:00,2010-08-20 02:48:00,4422,4422,4423,4421,4424,4424,4425,4423,12
2010-08-20 02:48:00,2010-08-20 02:49:00,4422,4423,4424,4422,4424,4425,4426,4424,13
2010-08-20 02:49:00,2010-08-20 02:51:00,4424,4423,4424,4422,4426,4425,4426,4424,7
2010-08-20 02:51:00,2010-08-20 02:52:00,4423,4421,4423,4421,4425,4423,4425,4423,6
2010-08-20 02:52:00,2010-08-20 02:54:00,4421,4422,4424,4421,4423,4424,4426,4423,5
2010-08-20 02:54:00,2010-08-20 02:59:00,4424,4425,4425,4424,4426,4427,4427,4426,7
2010-08-20 02:59:00,2010-08-20 03:02:00,4425,4424,4426,4424,4427,4426,4428,4426,7
2010-08-20 03:02:00,2010-08-20 03:04:00,4423,4422,4423,4421,4425,4424,4425,4423,5
2010-08-20 03:04:00,2010-08-20 03:05:00,4422,4419,4422,4419,4424,4421,4424,4421,7
2010-08-20 03:05:00,2010-08-20 03:06:00,4419,4420,4420,4418,4421,4422,4422,4420,13
2010-08-20 03:06:00,2010-08-20 03:11:00,4417,4414,4417,4413,4419,4416,4419,4415,11
2010-08-20 03:11:00,2010-08-20 03:12:00,4414,4412,4414,4412,4416,4414,4416,4414,12
2010-08-20 03:12:00,2010-08-20 03:13:00,4412,4413,4413,4411,4414,4415,4415,4413,11
2010-08-20 03:13:00,2010-08-20 03:17:00,4415,4416,4417,4414,4417,4418,4419,4416,11
2010-08-20 03:17:00,2010-08-20 03:18:00,4416,4416,4417,4416,4418,4418,4419,4418,6
2010-08-20 03:18:00,2010-08-20 03:19:00,4416,4416,4417,4415,4418,4418,4419,4417,6
2010-08-20 03:19:00,2010-08-20 03:20:00,4416,4415,4417,4415,4418,4417,4419,4417,9
2010-08-20 03:20:00,2010-08-20 03:26:00,4416,4416,4417,4415,4418,4418,4419,4417,8
2010-08-20 03:26:00,2010-08-20 03:31:00,4415,4413,4416,4413,4417,4415,4418,4415,4
2010-08-20 03:31:00,2010-08-20 03:32:00,4413,4411,4414,4411,4415,4413,4416,4413,8
2010-08-20 03:32:00,2010-08-20 03:33:00,4411,4408,4411,4408,4413,4410,4413,4410,5
2010-08-20 03:33:00,2010-08-20 03:36:00,4411,4413,4413,4411,4413,4415,4415,4413,4
2010-08-20 03:36:00,2010-08-20 03:38:00,4412,4410,4412,4409,4414,4412,4414,4411,6
2010-08-20 03:38:00,2010-08-20 03:39:00,4410,4411,4411,4410,4412,4413,4413,4412,11
2010-08-20 03:39:00,2010-08-20 03:40:00,4411,4414,4414,4411,4413,4416,4416,4413,7
2010-08-20 03:40:00,2010-08-20 03:44:00,4413,4413,4415,4412,4415,4415,4417,4414,6
2010-08-20 03:44:00,2010-08-20 03:50:00,4416,4412,4416,4411,4418,4414,4418,4413,8
2010-08-20 03:50:00,2010-08-20 03:51:00,4412,4411,4413,4411,4414,4413,4415,4413,11
2010-08-20 03:51:00,2010-08-20 03:52:00,4411,4407,4411,4407,4413,4409,4413,4409,4
2010-08-20 03:52:00,2010-08-20 03:53:00,4407,4407,4407,4406,4409,4409,4409,4408,12
2010-08-20 03:53:00,2010-08-20 03:55:00,4407,4408,4409,4407,4409,4410,4411,4409,11
2010-08-20 03:55:00,2010-08-20 03:56:00,4408,4410,4411,4408,4410,4412,4413,4410,6
2010-08-20 03:56:00,2010-08-20 04:00:00,4411,4410,4411,4408,4413,4412,4413,4410,7
2010-08-20 04:00:00,2010-08-20 04:01:00,4410,4409,4411,4409,4412,4412,4413,4412,4
2010-08-20 04:01:00,2010-08-20 04:02:00,4409,4409,4410,4409,4412,4411,4412,4411,2
2010-08-20 04:02:00,2010-08-20 04:11:00,4409,4407,4410,4407,4411,4409,4412,4409,6
2010-08-20 04:11:00,2010-08-20 04:12:00,4407,4407,4408,4406,4409,4409,4410,4408,8
2010-08-20 04:12:00,2010-08-20 04:13:00,4407,4409,4409,4407,4409,4411,4411,4409,2
2010-08-20 04:13:00,2010-08-20 04:24:00,4412,4412,4413,4410,4414,4414,4415,4412,10
2010-08-20 04:24:00,2010-08-20 04:26:00,4412,4409,4412,4409,4414,4411,4414,4411,3
2010-08-20 04:26:00,2010-08-20 04:27:00,4409,4410,4410,4409,4411,4412,4412,4411,7
2010-08-20 04:27:00,2010-08-20 04:31:00,4408,4408,4409,4407,4410,4410,4411,4409,14
2010-08-20 04:31:00,2010-08-20 04:38:00,4410,4410,4411,4410,4412,4412,4413,4412,10
2010-08-20 04:38:00,2010-08-20 04:39:00,4410,4413,4413,4410,4412,4415,4415,4412,3
2010-08-20 04:39:00,2010-08-20 04:40:00,4413,4411,4414,4411,4415,4414,4416,4413,13
2010-08-20 04:40:00,2010-08-20 04:41:00,4411,4416,4416,4411,4414,4418,4418,4414,11
2010-08-20 04:41:00,2010-08-20 04:43:00,4416,4416,4417,4416,4418,4418,4419,4418,14
2010-08-20 04:43:00,2010-08-20 04:48:00,4413,4410,4413,4409,4415,4412,4415,4411,15
2010-08-20 04:48:00,2010-08-20 04:59:00,4417,4420,4421,4417,4419,4422,4423,4419,5
2010-08-20 04:59:00,2010-08-20 05:02:00,4419,4421,4421,4419,4421,4423,4423,4421,4
2010-08-20 05:02:00,2010-08-20 05:03:00,4421,4421,4421,4420,4423,4423,4423,4422,4
2010-08-20 05:03:00,2010-08-20 05:05:00,4422,4424,4424,4422,4424,4426,4426,4424,6
2010-08-20 05:05:00,2010-08-20 05:06:00,4424,4425,4425,4423,4426,4427,4427,4425,13
2010-08-20 05:06:00,2010-08-20 05:07:00,4425,4426,4426,4424,4427,4428,4428,4426,9
2010-08-20 05:07:00,2010-08-20 05:08:00,4426,4424,4426,4423,4428,4426,4428,4425,4
2010-08-20 05:08:00,2010-08-20 05:09:00,4424,4428,4428,4424,4426,4430,4430,4426,6
2010-08-20 05:09:00,2010-08-20 05:10:00,4428,4429,4429,4427,4430,4431,4431,4430,5
2010-08-20 05:10:00,2010-08-20 05:11:00,4429,4433,4433,4429,4431,4435,4435,4431,16
2010-08-20 05:11:00,2010-08-20 05:12:00,4433,4430,4434,4430,4435,4432,4436,4432,9
2010-08-20 05:12:00,2010-08-20 05:13:00,4430,4430,4430,4428,4432,4432,4432,4430,14
2010-08-20 05:13:00,2010-08-20 05:17:00,4433,4432,4433,4430,4435,4434,4435,4432,7
2010-08-20 05:17:00,2010-08-20 05:18:00,4432,4435,4435,4432,4434,4437,4437,4434,5
2010-08-20 05:18:00,2010-08-20 05:19:00,4435,4433,4435,4433,4437,4435,4437,4435,6
2010-08-20 05:19:00,2010-08-20 05:20:00,4433,4433,4433,4432,4435,4435,4435,4434,10
2010-08-20 05:20:00,2010-08-20 05:23:00,4438,4438,4440,4438,4440,4440,4442,4440,8
2010-08-20 05:23:00,2010-08-20 05:24:00,4438,4433,4439,4433,4440,4435,4441,4435,11
2010-08-20 05:24:00,2010-08-20 05:25:00,4433,4434,4434,4432,4435,4436,4436,4434,15
2010-08-20 05:25:00,2010-08-20 05:26:00,4434,4437,4437,4434,4436,4439,4439,4436,7
2010-08-20 05:26:00,2010-08-20 05:27:00,4437,4437,4439,4437,4439,4439,4441,4439,8
2010-08-20 05:27:00,2010-08-20 05:28:00,4437,4432,4437,4432,4439,4434,4439,4434,7
2010-08-20 05:28:00,2010-08-20 05:29:00,4432,4433,4435,4432,4434,4435,4437,4434,13
2010-08-20 05:29:00,2010-08-20 05:30:00,4433,4431,4434,4431,4435,4433,4436,4433,10
2010-08-20 05:30:00,2010-08-20 05:31:00,4431,4430,4432,4430,4433,4432,4434,4432,7
2010-08-20 05:31:00,2010-08-20 05:32:00,4430,4432,4433,4430,4432,4434,4435,4432,18
2010-08-20 05:32:00,2010-08-20 05:33:00,4432,4432,4433,4432,4434,4434,4435,4434,4
2010-08-20 05:33:00,2010-08-20 05:34:00,4432,4432,4433,4432,4434,4434,4435,4434,6
2010-08-20 05:34:00,2010-08-20 05:35:00,4432,4431,4432,4430,4434,4433,4434,4432,13
2010-08-20 05:35:00,2010-08-20 05:39:00,4429,4430,4430,4429,4431,4432,4432,4431,7
2010-08-20 05:39:00,2010-08-20 05:41:00,4430,4428,4430,4426,4432,4430,4432,4428,8
2010-08-20 05:41:00,2010-08-20 05:44:00,4430,4431,4431,4429,4432,4433,4433,4431,3
2010-08-20 05:44:00,2010-08-20 05:46:00,4430,4429,4431,4429,4432,4431,4433,4431,5
2010-08-20 05:46:00,2010-08-20 05:47:00,4429,4431,4432,4429,4431,4433,4434,4431,12
2010-08-20 05:47:00,2010-08-20 05:48:00,4431,4427,4431,4427,4433,4429,4433,4429,4
2010-08-20 05:48:00,2010-08-20 05:49:00,4427,4431,4431,4427,4429,4433,4433,4429,14
2010-08-20 05:49:00,2010-08-20 05:50:00,4431,4431,4431,4429,4433,4433,4433,4431,8
2010-08-20 05:50:00,2010-08-20 05:51:00,4431,4431,4431,4429,4433,4433,4433,4431,12
2010-08-20 05:51:00,2010-08-20 05:53:00,4431,4432,4433,4431,4433,4434,4435,4433,7
2010-08-20 05:53:00,2010-08-20 05:56:00,4431,4430,4431,4430,4433,4432,4433,4432,7
2010-08-20 05:56:00,2010-08-20 05:57:00,4430,4430,4431,4430,4432,4432,4433,4432,6
2010-08-20 05:57:00,2010-08-20 05:58:00,4430,4428,4430,4428,4432,4430,4432,4430,10
2010-08-20 05:58:00,2010-08-20 05:59:00,4428,4424,4428,4424,4430,4426,4430,4426,18
2010-08-20 05:59:00,2010-08-20 06:00:00,4424,4424,4425,4422,4426,4426,4427,4424,10
2010-08-20 06:00:00,2010-08-20 06:01:00,4424,4425,4427,4423,4426,4428,4429,4425,10
2010-08-20 06:01:00,2010-08-20 06:02:00,4425,4427,4429,4424,4428,4429,4431,4426,16
2010-08-20 06:02:00,2010-08-20 06:03:00,4427,4428,4428,4426,4429,4430,4430,4428,7
2010-08-20 06:03:00,2010-08-20 06:05:00,4429,4428,4430,4427,4431,4430,4432,4429,7
2010-08-20 06:05:00,2010-08-20 06:06:00,4428,4427,4429,4427,4430,4429,4431,4429,3
2010-08-20 06:06:00,2010-08-20 06:08:00,4427,4428,4429,4427,4429,4430,4431,4429,7
2010-08-20 06:08:00,2010-08-20 06:09:00,4428,4429,4432,4428,4430,4431,4434,4430,15
2010-08-20 06:09:00,2010-08-20 06:10:00,4429,4427,4431,4424,4431,4429,4433,4426,24
2010-08-20 06:10:00,2010-08-20 06:12:00,4426,4426,4427,4425,4428,4428,4429,4427,4
2010-08-20 06:12:00,2010-08-20 06:13:00,4426,4426,4427,4426,4428,4428,4429,4428,6
2010-08-20 06:13:00,2010-08-20 06:17:00,4428,4429,4430,4428,4430,4431,4432,4430,7
2010-08-20 06:17:00,2010-08-20 06:18:00,4429,4424,4429,4424,4431,4426,4431,4426,18
2010-08-20 06:18:00,2010-08-20 06:21:00,4426,4422,4426,4422,4428,4424,4428,4424,8
2010-08-20 06:21:00,2010-08-20 06:22:00,4422,4421,4423,4420,4424,4423,4425,4422,11
2010-08-20 06:22:00,2010-08-20 06:23:00,4421,4418,4421,4417,4423,4420,4423,4419,13
2010-08-20 06:23:00,2010-08-20 06:24:00,4418,4417,4419,4417,4420,4421,4421,4419,6
2010-08-20 06:24:00,2010-08-20 06:25:00,4417,4421,4421,4417,4421,4423,4423,4420,6
2010-08-20 06:25:00,2010-08-20 06:27:00,4421,4423,4423,4419,4423,4425,4425,4421,8
2010-08-20 06:27:00,2010-08-20 06:28:00,4423,4418,4424,4418,4425,4420,4426,4420,12
2010-08-20 06:28:00,2010-08-20 06:29:00,4418,4419,4419,4417,4420,4421,4421,4419,13
2010-08-20 06:29:00,2010-08-20 07:10:00,4419,4417,4421,4417,4421,4421,4425,4421,22
2010-08-20 07:10:00,2010-08-20 07:11:00,4417,4417,4417,4415,4421,4421,4421,4419,6
2010-08-20 07:11:00,2010-08-20 07:12:00,4417,4415,4417,4415,4421,4419,4421,4419,10
2010-08-20 07:12:00,2010-08-20 07:13:00,4415,4416,4417,4415,4419,4420,4421,4419,7
2010-08-20 07:13:00,2010-08-20 07:15:00,4415,4414,4415,4414,4419,4418,4419,4418,7
2010-08-20 07:15:00,2010-08-20 07:17:00,4412,4411,4413,4411,4416,4415,4417,4415,9
2010-08-20 07:17:00,2010-08-20 07:18:00,4411,4413,4414,4411,4415,4417,4418,4415,8
2010-08-20 07:18:00,2010-08-20 07:19:00,4413,4414,4415,4413,4417,4418,4419,4417,9
2010-08-20 07:19:00,2010-08-20 07:20:00,4414,4419,4419,4413,4418,4423,4423,4417,17
2010-08-20 07:20:00,2010-08-20 07:22:00,4420,4418,4421,4418,4424,4422,4425,4422,4
2010-08-20 07:22:00,2010-08-20 07:23:00,4418,4418,4419,4418,4422,4422,4423,4422,4
2010-08-20 07:23:00,2010-08-20 07:25:00,4417,4418,4418,4416,4421,4422,4422,4420,3
2010-08-20 07:25:00,2010-08-20 07:27:00,4417,4414,4417,4414,4421,4418,4421,4418,7
2010-08-20 07:27:00,2010-08-20 07:28:00,4414,4411,4414,4411,4418,4415,4418,4415,3
2010-08-20 07:28:00,2010-08-20 07:30:00,4411,4410,4411,4409,4415,4414,4415,4413,9
2010-08-20 07:30:00,2010-08-20 07:31:00,4410,4412,4412,4410,4414,4416,4416,4414,8
2010-08-20 07:31:00,2010-08-20 07:32:00,4412,4412,4413,4411,4416,4416,4417,4415,6
2010-08-20 07:32:00,2010-08-20 07:35:00,4413,4414,4416,4413,4417,4418,4420,4417,5
2010-08-20 07:35:00,2010-08-20 07:37:00,4414,4413,4414,4413,4418,4417,4418,4417,3
2010-08-20 07:37:00,2010-08-20 07:38:00,4413,4417,4417,4413,4417,4421,4421,4417,12
2010-08-20 07:38:00,2010-08-20 07:39:00,4417,4417,4417,4416,4421,4421,4421,4420,4
2010-08-20 07:39:00,2010-08-20 07:41:00,4418,4416,4418,4416,4422,4420,4422,4420,6
2010-08-20 07:41:00,2010-08-20 07:42:00,4416,4415,4416,4415,4420,4419,4420,4419,7
2010-08-20 07:42:00,2010-08-20 07:44:00,4414,4414,4415,4414,4418,4418,4419,4418,6
2010-08-20 07:44:00,2010-08-20 07:46:00,4414,4411,4414,4410,4418,4415,4418,4414,9
2010-08-20 07:46:00,2010-08-20 07:48:00,4409,4409,4411,4409,4413,4413,4415,4413,7
2010-08-20 07:48:00,2010-08-20 07:49:00,4409,4411,4412,4409,4413,4415,4416,4413,7
2010-08-20 07:49:00,2010-08-20 07:50:00,4411,4409,4411,4409,4415,4413,4415,4413,6
2010-08-20 07:50:00,2010-08-20 07:51:00,4409,4409,4409,4407,4413,4413,4413,4411,18
2010-08-20 07:51:00,2010-08-20 07:54:00,4410,4411,4412,4409,4414,4415,4416,4413,15
2010-08-20 07:54:00,2010-08-20 07:57:00,4414,4412,4414,4411,4418,4416,4418,4415,6
2010-08-20 07:57:00,2010-08-20 07:59:00,4412,4410,4412,4410,4416,4414,4416,4414,4
2010-08-20 07:59:00,2010-08-20 08:00:00,4410,4413,4414,4410,4414,4417,4418,4414,13
2010-08-20 08:00:00,2010-08-20 08:01:00,4413,4413,4414,4412,4417,4417,4418,4416,6
2010-08-20 08:01:00,2010-08-20 08:03:00,4413,4413,4413,4412,4417,4417,4417,4416,6
2010-08-20 08:03:00,2010-08-20 08:04:00,4413,4414,4414,4413,4417,4418,4418,4417,3
2010-08-20 08:04:00,2010-08-20 08:05:00,4414,4414,4415,4413,4418,4418,4419,4417,7
2010-08-20 08:05:00,2010-08-20 08:07:00,4413,4410,4413,4410,4417,4414,4417,4414,3
2010-08-20 08:07:00,2010-08-20 08:08:00,4410,4409,4410,4409,4414,4413,4414,4413,5
2010-08-20 08:08:00,2010-08-20 08:12:00,4406,4406,4407,4405,4410,4410,4411,4409,18
2010-08-20 08:12:00,2010-08-20 08:13:00,4406,4404,4407,4403,4410,4408,4411,4407,13
2010-08-20 08:13:00,2010-08-20 08:14:00,4404,4406,4407,4403,4408,4410,4411,4407,21
2010-08-20 08:14:00,2010-08-20 08:18:00,4404,4404,4405,4403,4408,4408,4409,4407,6
2010-08-20 08:18:00,2010-08-20 08:19:00,4404,4402,4404,4402,4408,4406,4408,4406,12
2010-08-20 08:19:00,2010-08-20 08:20:00,4402,4404,4404,4402,4406,4408,4408,4406,6
2010-08-20 08:20:00,2010-08-20 08:21:00,4404,4406,4408,4404,4408,4410,4412,4408,10
2010-08-20 08:21:00,2010-08-20 08:23:00,4407,4407,4407,4406,4411,4411,4411,4410,2
2010-08-20 08:23:00,2010-08-20 08:25:00,4406,4407,4407,4405,4410,4411,4411,4409,3
2010-08-20 08:25:00,2010-08-20 08:26:00,4407,4408,4411,4407,4411,4412,4415,4411,23
2010-08-20 08:26:00,2010-08-20 08:28:00,4407,4407,4407,4406,4411,4411,4411,4410,4
2010-08-20 08:28:00,2010-08-20 08:30:00,4409,4407,4409,4407,4413,4411,4413,4411,6
2010-08-20 08:30:00,2010-08-20 08:32:00,4405,4404,4405,4403,4409,4408,4409,4407,9
2010-08-20 08:32:00,2010-08-20 08:35:00,4404,4402,4405,4402,4408,4406,4409,4406,6
2010-08-20 08:35:00,2010-08-20 08:36:00,4402,4400,4403,4400,4406,4404,4407,4404,8
2010-08-20 08:36:00,2010-08-20 08:37:00,4400,4399,4401,4399,4404,4403,4405,4403,7
2010-08-20 08:37:00,2010-08-20 08:38:00,4399,4398,4401,4397,4403,4402,4405,4401,16
2010-08-20 08:38:00,2010-08-20 08:39:00,4398,4397,4398,4397,4402,4401,4402,4401,7
2010-08-20 08:39:00,2010-08-20 08:40:00,4397,4398,4401,4396,4401,4402,4405,4400,20
2010-08-20 08:40:00,2010-08-20 08:41:00,4398,4399,4401,4398,4402,4403,4405,4402,15
2010-08-20 08:41:00,2010-08-20 08:42:00,4399,4399,4400,4399,4403,4403,4404,4403,4
2010-08-20 08:42:00,2010-08-20 08:43:00,4399,4401,4402,4399,4403,4405,4406,4403,11
2010-08-20 08:43:00,2010-08-20 08:45:00,4402,4399,4402,4399,4406,4403,4406,4403,10
2010-08-20 08:45:00,2010-08-20 08:46:00,4399,4398,4399,4398,4403,4402,4403,4402,3
2010-08-20 08:46:00,2010-08-20 08:47:00,4398,4399,4400,4398,4402,4403,4404,4402,7
2010-08-20 08:47:00,2010-08-20 08:49:00,4399,4398,4400,4397,4403,4402,4404,4401,7
2010-08-20 08:49:00,2010-08-20 08:50:00,4398,4397,4399,4397,4402,4401,4403,4401,9
2010-08-20 08:50:00,2010-08-20 08:53:00,4397,4398,4398,4397,4401,4402,4402,4401,3
2010-08-20 08:53:00,2010-08-20 08:54:00,4398,4399,4399,4398,4402,4403,4403,4402,3
2010-08-20 08:54:00,2010-08-20 08:57:00,4400,4399,4400,4399,4404,4403,4404,4403,3
2010-08-20 08:57:00,2010-08-20 08:58:00,4399,4402,4402,4399,4403,4406,4406,4403,5
2010-08-20 08:58:00,2010-08-20 09:00:00,4401,4400,4401,4400,4405,4404,4405,4404,3
2010-08-20 09:00:00,2010-08-20 09:01:00,4400,4400,4401,4400,4404,4404,4405,4404,6
2010-08-20 09:01:00,2010-08-20 09:06:00,4404,4403,4404,4403,4408,4407,4408,4407,17
2010-08-20 09:06:00,2010-08-20 09:14:00,4403,4404,4404,4403,4407,4408,4408,4407,7
2010-08-20 09:14:00,2010-08-20 09:15:00,4404,4402,4404,4402,4408,4406,4408,4406,8
2010-08-20 09:15:00,2010-08-20 09:18:00,4403,4402,4403,4401,4407,4406,4407,4405,7
2010-08-20 09:18:00,2010-08-20 09:19:00,4402,4400,4402,4400,4406,4404,4406,4404,2
2010-08-20 09:19:00,2010-08-20 09:21:00,4401,4401,4402,4400,4405,4405,4406,4404,6
2010-08-20 09:21:00,2010-08-20 09:29:00,4403,4407,4408,4403,4407,4411,4412,4407,6
2010-08-20 09:29:00,2010-08-20 09:31:00,4405,4404,4406,4403,4409,4408,4410,4407,11
2010-08-20 09:31:00,2010-08-20 09:33:00,4404,4404,4405,4404,4408,4408,4409,4408,4
2010-08-20 09:33:00,2010-08-20 09:34:00,4404,4404,4406,4404,4408,4408,4410,4408,8
2010-08-20 09:34:00,2010-08-20 09:41:00,4402,4402,4403,4402,4406,4406,4407,4406,4
2010-08-20 09:41:00,2010-08-20 09:43:00,4400,4399,4401,4399,4404,4403,4405,4403,5
2010-08-20 09:43:00,2010-08-20 09:45:00,4399,4397,4399,4396,4403,4401,4403,4400,56
2010-08-20 09:45:00,2010-08-20 09:46:00,4397,4397,4397,4395,4401,4401,4401,4399,14
2010-08-20 09:46:00,2010-08-20 09:47:00,4397,4395,4397,4395,4401,4399,4401,4399,4
2010-08-20 09:47:00,2010-08-20 09:48:00,4395,4394,4395,4393,4399,4398,4399,4397,3
2010-08-20 09:48:00,2010-08-20 09:49:00,4394,4393,4395,4393,4398,4397,4399,4397,11
2010-08-20 09:49:00,2010-08-20 09:50:00,4393,4393,4394,4393,4397,4397,4398,4397,6
2010-08-20 09:50:00,2010-08-20 09:51:00,4393,4392,4394,4392,4397,4396,4398,4396,5
2010-08-20 09:51:00,2010-08-20 09:53:00,4391,4390,4392,4390,4395,4394,4396,4394,3
2010-08-20 09:53:00,2010-08-20 09:54:00,4390,4389,4390,4389,4394,4393,4394,4393,1
2010-08-20 09:54:00,2010-08-20 09:55:00,4389,4389,4389,4388,4393,4393,4393,4392,6
2010-08-20 09:55:00,2010-08-20 09:56:00,4389,4387,4389,4387,4393,4391,4393,4391,12
2010-08-20 09:56:00,2010-08-20 09:58:00,4386,4388,4388,4385,4390,4392,4392,4389,19
2010-08-20 09:58:00,2010-08-20 09:59:00,4388,4387,4388,4386,4392,4391,4392,4390,19
2010-08-20 09:59:00,2010-08-20 10:00:00,4387,4386,4388,4386,4391,4390,4392,4390,5
2010-08-20 10:00:00,2010-08-20 10:01:00,4386,4388,4388,4386,4390,4392,4392,4390,2
2010-08-20 10:01:00,2010-08-20 10:02:00,4388,4386,4388,4385,4392,4390,4392,4389,3
2010-08-20 10:02:00,2010-08-20 10:03:00,4386,4386,4388,4385,4390,4390,4392,4389,9
2010-08-20 10:03:00,2010-08-20 10:04:00,4386,4386,4387,4386,4390,4390,4391,4390,2
2010-08-20 10:04:00,2010-08-20 10:06:00,4385,4387,4388,4385,4389,4391,4392,4389,8
2010-08-20 10:06:00,2010-08-20 10:07:00,4387,4388,4389,4386,4391,4392,4393,4390,11
2010-08-20 10:07:00,2010-08-20 10:09:00,4389,4388,4389,4388,4393,4392,4393,4392,7
2010-08-20 10:09:00,2010-08-20 10:11:00,4389,4387,4389,4387,4393,4391,4393,4391,4
2010-08-20 10:11:00,2010-08-20 10:12:00,4387,4385,4387,4384,4391,4389,4391,4388,11
2010-08-20 10:12:00,2010-08-20 10:14:00,4387,4386,4387,4386,4391,4390,4391,4390,5
2010-08-20 10:14:00,2010-08-20 10:15:00,4386,4387,4387,4386,4390,4391,4391,4390,9
2010-08-20 10:15:00,2010-08-20 10:18:00,4386,4377,4386,4377,4390,4383,4390,4382,11
2010-08-20 10:18:00,2010-08-20 10:19:00,4377,4380,4380,4377,4383,4384,4384,4381,13
2010-08-20 10:19:00,2010-08-20 10:20:00,4380,4380,4380,4379,4384,4384,4384,4383,6
2010-08-20 10:20:00,2010-08-20 10:21:00,4380,4378,4380,4376,4384,4382,4384,4380,12
2010-08-20 10:21:00,2010-08-20 10:22:00,4378,4376,4379,4376,4382,4380,4383,4380,16
2010-08-20 10:22:00,2010-08-20 10:23:00,4376,4374,4377,4374,4380,4378,4381,4378,6
2010-08-20 10:23:00,2010-08-20 10:24:00,4374,4373,4375,4373,4378,4377,4379,4377,15
2010-08-20 10:24:00,2010-08-20 10:25:00,4373,4374,4374,4372,4377,4378,4378,4376,7
2010-08-20 10:25:00,2010-08-20 10:26:00,4374,4373,4374,4372,4378,4377,4378,4376,17
2010-08-20 10:26:00,2010-08-20 10:27:00,4373,4372,4374,4371,4377,4376,4378,4375,33
2010-08-20 10:27:00,2010-08-20 10:28:00,4372,4371,4374,4370,4376,4375,4378,4374,9
2010-08-20 10:28:00,2010-08-20 10:29:00,4371,4372,4373,4371,4375,4376,4377,4375,11
2010-08-20 10:29:00,2010-08-20 10:30:00,4372,4373,4373,4371,4376,4377,4377,4375,7
2010-08-20 10:30:00,2010-08-20 10:31:00,4373,4375,4375,4373,4377,4379,4379,4377,4
2010-08-20 10:31:00,2010-08-20 10:33:00,4375,4376,4376,4375,4379,4380,4380,4379,11
2010-08-20 10:33:00,2010-08-20 10:34:00,4376,4379,4379,4375,4380,4383,4383,4379,7
2010-08-20 10:34:00,2010-08-20 10:35:00,4379,4378,4379,4378,4383,4382,4383,4382,5
2010-08-20 10:35:00,2010-08-20 10:36:00,4378,4377,4378,4377,4382,4381,4382,4381,1
2010-08-20 10:36:00,2010-08-20 10:37:00,4377,4377,4378,4377,4381,4381,4382,4381,2
2010-08-20 10:37:00,2010-08-20 10:38:00,4377,4375,4378,4375,4381,4379,4382,4379,4
2010-08-20 10:38:00,2010-08-20 10:39:00,4375,4374,4375,4373,4379,4378,4379,4377,11
2010-08-20 10:39:00,2010-08-20 10:40:00,4374,4374,4376,4374,4378,4378,4380,4378,12
2010-08-20 10:40:00,2010-08-20 10:41:00,4374,4374,4375,4374,4378,4378,4379,4378,2
2010-08-20 10:41:00,2010-08-20 10:42:00,4374,4374,4376,4374,4378,4378,4380,4378,6
2010-08-20 10:42:00,2010-08-20 10:43:00,4374,4375,4375,4374,4378,4379,4379,4378,1
2010-08-20 10:43:00,2010-08-20 10:45:00,4375,4377,4377,4375,4379,4381,4381,4379,4
2010-08-20 10:45:00,2010-08-20 10:46:00,4377,4378,4378,4377,4381,4382,4382,4381,1
2010-08-20 10:46:00,2010-08-20 10:47:00,4378,4376,4378,4376,4382,4380,4382,4380,2
2010-08-20 10:47:00,2010-08-20 10:48:00,4376,4376,4376,4375,4380,4380,4380,4379,2
2010-08-20 10:48:00,2010-08-20 10:51:00,4375,4374,4375,4374,4379,4378,4379,4378,1
2010-08-20 10:51:00,2010-08-20 10:52:00,4374,4376,4376,4374,4378,4380,4380,4378,10
2010-08-20 10:52:00,2010-08-20 10:54:00,4376,4376,4377,4375,4380,4380,4381,4379,6
2010-08-20 10:54:00,2010-08-20 10:55:00,4376,4376,4376,4375,4380,4380,4380,4379,4
2010-08-20 10:55:00,2010-08-20 10:56:00,4376,4373,4376,4373,4380,4377,4380,4377,5
2010-08-20 10:56:00,2010-08-20 10:57:00,4373,4374,4375,4373,4377,4378,4379,4377,6
2010-08-20 10:57:00,2010-08-20 11:00:00,4373,4373,4374,4372,4377,4377,4378,4376,4
2010-08-20 11:00:00,2010-08-20 11:01:00,4373,4375,4375,4373,4377,4379,4379,4377,2
2010-08-20 11:01:00,2010-08-20 11:02:00,4375,4375,4375,4374,4379,4379,4379,4379,2
2010-08-20 11:02:00,2010-08-20 11:03:00,4375,4377,4377,4375,4379,4381,4381,4379,12
2010-08-20 11:03:00,2010-08-20 11:04:00,4377,4378,4380,4376,4381,4382,4384,4380,10
2010-08-20 11:04:00,2010-08-20 11:05:00,4378,4378,4378,4377,4382,4382,4382,4381,2
2010-08-20 11:05:00,2010-08-20 11:07:00,4378,4378,4379,4378,4382,4382,4383,4382,2
2010-08-20 11:07:00,2010-08-20 11:08:00,4378,4379,4379,4378,4382,4383,4383,4382,3
2010-08-20 11:08:00,2010-08-20 11:10:00,4379,4378,4379,4378,4383,4382,4383,4382,1
2010-08-20 11:10:00,2010-08-20 11:11:00,4378,4379,4381,4377,4382,4383,4385,4381,9
2010-08-20 11:11:00,2010-08-20 11:12:00,4379,4382,4382,4379,4383,4386,4386,4383,5
2010-08-20 11:12:00,2010-08-20 11:13:00,4382,4383,4384,4382,4386,4387,4388,4386,7
2010-08-20 11:13:00,2010-08-20 11:14:00,4383,4382,4384,4382,4387,4386,4388,4386,3
2010-08-20 11:14:00,2010-08-20 11:26:00,4384,4384,4384,4383,4388,4388,4388,4387,2
2010-08-20 11:26:00,2010-08-20 11:30:00,4384,4385,4385,4384,4388,4389,4389,4388,1
2010-08-20 11:30:00,2010-08-20 11:32:00,4385,4385,4385,4384,4389,4389,4389,4388,8
2010-08-20 11:32:00,2010-08-20 11:38:00,4384,4383,4384,4383,4388,4387,4388,4387,1
2010-08-20 11:38:00,2010-08-20 11:40:00,4383,4383,4384,4383,4387,4387,4388,4387,2
2010-08-20 11:40:00,2010-08-20 11:43:00,4384,4385,4385,4383,4388,4389,4389,4387,7
2010-08-20 11:43:00,2010-08-20 11:44:00,4385,4385,4387,4385,4389,4389,4391,4389,4
2010-08-20 11:44:00,2010-08-20 11:45:00,4385,4385,4386,4385,4389,4389,4390,4389,6
2010-08-20 11:45:00,2010-08-20 11:48:00,4385,4383,4385,4383,4389,4387,4389,4387,2
2010-08-20 11:48:00,2010-08-20 11:50:00,4383,4384,4384,4383,4387,4388,4388,4387,3
2010-08-20 11:50:00,2010-08-20 11:51:00,4384,4386,4386,4384,4388,4390,4390,4388,2
2010-08-20 11:51:00,2010-08-20 11:52:00,4386,4385,4387,4385,4390,4389,4391,4389,3
2010-08-20 11:52:00,2010-08-20 11:57:00,4386,4387,4387,4386,4390,4391,4391,4390,3
2010-08-20 11:57:00,2010-08-20 11:58:00,4387,4387,4387,4386,4391,4391,4391,4390,16
2010-08-20 11:58:00,2010-08-20 12:01:00,4389,4388,4389,4388,4393,4392,4393,4392,5
2010-08-20 12:01:00,2010-08-20 12:02:00,4388,4391,4391,4388,4392,4395,4395,4392,15
2010-08-20 12:02:00,2010-08-20 12:03:00,4391,4391,4391,4389,4395,4395,4395,4393,10
2010-08-20 12:03:00,2010-08-20 12:04:00,4391,4394,4396,4391,4395,4398,4400,4395,8
2010-08-20 12:04:00,2010-08-20 12:05:00,4394,4394,4394,4393,4398,4398,4398,4397,2
2010-08-20 12:05:00,2010-08-20 12:06:00,4394,4393,4394,4392,4398,4397,4398,4396,3
2010-08-20 12:06:00,2010-08-20 12:08:00,4393,4393,4393,4392,4397,4397,4397,4397,4
2010-08-20 12:08:00,2010-08-20 12:09:00,4393,4392,4394,4392,4397,4396,4398,4396,9
2010-08-20 12:09:00,2010-08-20 12:10:00,4392,4391,4393,4391,4396,4396,4397,4396,5
2010-08-20 12:10:00,2010-08-20 12:15:00,4391,4391,4391,4390,4396,4395,4396,4394,2
2010-08-20 12:15:00,2010-08-20 12:17:00,4391,4390,4391,4390,4395,4394,4395,4394,13
2010-08-20 12:17:00,2010-08-20 12:18:00,4390,4390,4391,4390,4394,4394,4395,4394,6
2010-08-20 12:18:00,2010-08-20 12:22:00,4392,4391,4392,4390,4396,4395,4396,4395,9
2010-08-20 12:22:00,2010-08-20 12:23:00,4391,4390,4391,4389,4395,4394,4395,4393,3
2010-08-20 12:23:00,2010-08-20 12:24:00,4390,4388,4390,4388,4394,4393,4394,4393,12
2010-08-20 12:24:00,2010-08-20 12:25:00,4388,4388,4389,4388,4393,4393,4393,4393,2
2010-08-20 12:25:00,2010-08-20 12:26:00,4388,4388,4389,4388,4393,4393,4393,4393,8
2010-08-20 12:26:00,2010-08-20 12:27:00,4388,4388,4388,4387,4393,4392,4393,4391,2
2010-08-20 12:27:00,2010-08-20 12:28:00,4388,4387,4388,4387,4392,4391,4392,4391,5
2010-08-20 12:28:00,2010-08-20 12:29:00,4387,4387,4388,4387,4391,4391,4392,4391,6
2010-08-20 12:29:00,2010-08-20 12:30:00,4387,4386,4387,4386,4391,4391,4391,4391,1
2010-08-20 12:30:00,2010-08-20 12:31:00,4386,4386,4387,4386,4391,4390,4391,4390,2
2010-08-20 12:31:00,2010-08-20 12:38:00,4386,4386,4386,4385,4390,4390,4390,4389,4
2010-08-20 12:38:00,2010-08-20 12:40:00,4386,4387,4388,4386,4390,4391,4392,4390,9
2010-08-20 12:40:00,2010-08-20 12:41:00,4387,4388,4388,4386,4391,4392,4392,4390,3
2010-08-20 12:41:00,2010-08-20 12:42:00,4388,4388,4388,4387,4392,4392,4392,4391,6
2010-08-20 12:42:00,2010-08-20 12:43:00,4388,4387,4388,4387,4392,4391,4392,4391,3
2010-08-20 12:43:00,2010-08-20 12:44:00,4387,4388,4388,4387,4391,4392,4392,4391,9
2010-08-20 12:44:00,2010-08-20 12:45:00,4388,4388,4389,4387,4392,4392,4393,4391,9
2010-08-20 12:45:00,2010-08-20 12:51:00,4389,4389,4389,4388,4393,4393,4393,4392,2
2010-08-20 12:51:00,2010-08-20 12:55:00,4389,4390,4391,4389,4393,4394,4395,4393,13
2010-08-20 12:55:00,2010-08-20 12:56:00,4390,4391,4392,4390,4394,4395,4396,4394,3
2010-08-20 12:56:00,2010-08-20 12:58:00,4392,4392,4393,4391,4396,4396,4397,4395,8
2010-08-20 12:58:00,2010-08-20 12:59:00,4392,4391,4392,4391,4396,4395,4396,4395,9
2010-08-20 12:59:00,2010-08-20 13:00:00,4391,4392,4393,4391,4395,4396,4397,4395,5
2010-08-20 13:00:00,2010-08-20 13:01:00,4392,4391,4392,4391,4396,4395,4396,4395,1
2010-08-20 13:01:00,2010-08-20 13:03:00,4391,4390,4391,4390,4395,4394,4395,4394,3
2010-08-20 13:03:00,2010-08-20 13:04:00,4390,4388,4390,4388,4394,4392,4394,4392,2
2010-08-20 13:04:00,2010-08-20 13:05:00,4388,4389,4389,4388,4392,4393,4393,4392,3
2010-08-20 13:05:00,2010-08-20 13:13:00,4389,4392,4392,4389,4393,4396,4396,4393,13
2010-08-20 13:13:00,2010-08-20 13:14:00,4392,4391,4392,4391,4396,4395,4396,4395,3
2010-08-20 13:14:00,2010-08-20 13:15:00,4391,4391,4391,4390,4395,4395,4395,4394,6
2010-08-20 13:15:00,2010-08-20 13:16:00,4391,4391,4391,4390,4395,4395,4395,4394,2
2010-08-20 13:16:00,2010-08-20 13:17:00,4391,4391,4391,4390,4395,4395,4395,4394,8
2010-08-20 13:17:00,2010-08-20 13:18:00,4391,4391,4392,4390,4395,4395,4396,4395,8
2010-08-20 13:18:00,2010-08-20 13:19:00,4391,4392,4392,4391,4395,4396,4396,4395,1
2010-08-20 13:19:00,2010-08-20 13:20:00,4392,4392,4392,4391,4396,4396,4396,4395,2
2010-08-20 13:20:00,2010-08-20 13:21:00,4392,4392,4392,4391,4396,4396,4396,4395,6
2010-08-20 13:21:00,2010-08-20 13:22:00,4392,4393,4393,4392,4396,4397,4397,4396,5
2010-08-20 13:22:00,2010-08-20 13:24:00,4392,4395,4395,4392,4396,4399,4399,4396,7
2010-08-20 13:24:00,2010-08-20 13:25:00,4395,4396,4396,4395,4399,4400,4400,4399,1
2010-08-20 13:25:00,2010-08-20 13:26:00,4396,4398,4398,4395,4400,4402,4402,4399,16
2010-08-20 13:26:00,2010-08-20 13:27:00,4398,4397,4398,4396,4402,4401,4402,4400,3
2010-08-20 13:27:00,2010-08-20 13:31:00,4396,4394,4396,4394,4400,4398,4400,4398,14
2010-08-20 13:31:00,2010-08-20 13:32:00,4394,4391,4394,4389,4398,4395,4398,4393,21
2010-08-20 13:32:00,2010-08-20 13:33:00,4391,4393,4396,4391,4395,4397,4400,4395,46
2010-08-20 13:33:00,2010-08-20 13:34:00,4393,4399,4399,4393,4397,4403,4403,4397,16
2010-08-20 13:34:00,2010-08-20 13:35:00,4399,4402,4402,4399,4403,4406,4406,4403,20
2010-08-20 13:35:00,2010-08-20 13:36:00,4402,4399,4403,4399,4406,4405,4407,4404,46
2010-08-20 13:36:00,2010-08-20 13:37:00,4399,4401,4402,4399,4405,4405,4406,4403,24
2010-08-20 13:37:00,2010-08-20 13:38:00,4401,4403,4403,4401,4405,4407,4407,4405,6
2010-08-20 13:38:00,2010-08-20 13:39:00,4403,4401,4404,4401,4407,4405,4408,4405,24
2010-08-20 13:39:00,2010-08-20 13:40:00,4401,4403,4403,4401,4405,4407,4407,4405,38
2010-08-20 13:40:00,2010-08-20 13:41:00,4403,4401,4403,4399,4407,4405,4407,4403,47
2010-08-20 13:41:00,2010-08-20 13:42:00,4401,4397,4402,4396,4405,4401,4406,4400,28
2010-08-20 13:42:00,2010-08-20 13:43:00,4397,4396,4399,4396,4401,4400,4403,4400,11
2010-08-20 13:43:00,2010-08-20 13:45:00,4397,4392,4397,4391,4401,4396,4401,4396,12
2010-08-20 13:45:00,2010-08-20 13:46:00,4392,4398,4398,4392,4396,4402,4402,4396,18
2010-08-20 13:46:00,2010-08-20 13:47:00,4398,4399,4400,4397,4402,4403,4404,4401,42
2010-08-20 13:47:00,2010-08-20 13:48:00,4399,4399,4401,4397,4403,4403,4405,4401,47
2010-08-20 13:48:00,2010-08-20 13:49:00,4399,4396,4400,4395,4403,4400,4404,4399,52
2010-08-20 13:49:00,2010-08-20 13:50:00,4396,4401,4401,4396,4400,4405,4405,4400,28
2010-08-20 13:50:00,2010-08-20 13:51:00,4401,4398,4401,4397,4405,4402,4405,4401,29
2010-08-20 13:51:00,2010-08-20 13:52:00,4398,4400,4400,4396,4402,4404,4404,4400,45
2010-08-20 13:52:00,2010-08-20 13:53:00,4400,4400,4403,4400,4404,4404,4407,4404,25
2010-08-20 13:53:00,2010-08-20 13:54:00,4400,4400,4401,4398,4404,4404,4405,4402,22
2010-08-20 13:54:00,2010-08-20 13:55:00,4400,4405,4405,4400,4404,4409,4409,4404,10
2010-08-20 13:55:00,2010-08-20 13:56:00,4405,4405,4406,4404,4409,4409,4410,4408,12
2010-08-20 13:56:00,2010-08-20 13:57:00,4405,4404,4407,4404,4409,4408,4411,4408,32
2010-08-20 13:57:00,2010-08-20 13:58:00,4404,4406,4406,4403,4408,4410,4410,4407,18
2010-08-20 13:58:00,2010-08-20 13:59:00,4406,4408,4408,4406,4410,4412,4412,4410,9
2010-08-20 13:59:00,2010-08-20 14:00:00,4408,4407,4408,4405,4412,4411,4412,4409,23
2010-08-20 14:00:00,2010-08-20 14:01:00,4407,4409,4409,4407,4411,4413,4413,4411,6
2010-08-20 14:01:00,2010-08-20 14:02:00,4409,4409,4409,4407,4413,4413,4413,4411,4
2010-08-20 14:02:00,2010-08-20 14:03:00,4409,4406,4409,4405,4413,4410,4413,4409,9
2010-08-20 14:03:00,2010-08-20 14:04:00,4406,4408,4409,4406,4410,4412,4413,4410,8
2010-08-20 14:04:00,2010-08-20 14:05:00,4408,4410,4410,4408,4412,4414,4414,4412,16
2010-08-20 14:05:00,2010-08-20 14:06:00,4410,4406,4410,4406,4414,4410,4414,4410,22
2010-08-20 14:06:00,2010-08-20 14:07:00,4406,4404,4406,4403,4410,4408,4410,4407,22
2010-08-20 14:07:00,2010-08-20 14:08:00,4404,4402,4404,4402,4408,4406,4408,4406,42
2010-08-20 14:08:00,2010-08-20 14:09:00,4402,4401,4403,4401,4406,4407,4407,4405,19
2010-08-20 14:09:00,2010-08-20 14:10:00,4401,4403,4403,4401,4407,4407,4407,4405,12
2010-08-20 14:10:00,2010-08-20 14:11:00,4403,4399,4403,4398,4407,4404,4407,4403,13
2010-08-20 14:11:00,2010-08-20 14:12:00,4399,4401,4402,4398,4404,4405,4406,4402,22
2010-08-20 14:12:00,2010-08-20 14:13:00,4401,4397,4403,4397,4405,4404,4407,4402,34
2010-08-20 14:13:00,2010-08-20 14:14:00,4397,4398,4400,4397,4404,4404,4404,4402,21
2010-08-20 14:14:00,2010-08-20 14:15:00,4398,4400,4402,4398,4404,4406,4406,4404,24
2010-08-20 14:15:00,2010-08-20 14:16:00,4400,4404,4404,4400,4406,4408,4408,4406,28
2010-08-20 14:16:00,2010-08-20 14:17:00,4404,4402,4405,4402,4408,4407,4409,4407,9
2010-08-20 14:17:00,2010-08-20 14:18:00,4402,4404,4404,4402,4407,4408,4408,4406,8
2010-08-20 14:18:00,2010-08-20 14:19:00,4404,4405,4405,4402,4408,4409,4409,4408,9
2010-08-20 14:19:00,2010-08-20 14:20:00,4405,4403,4405,4401,4409,4408,4409,4407,12
2010-08-20 14:20:00,2010-08-20 14:22:00,4404,4403,4404,4402,4408,4408,4408,4407,17
2010-08-20 14:22:00,2010-08-20 14:23:00,4403,4400,4403,4400,4408,4405,4408,4404,19
2010-08-20 14:23:00,2010-08-20 14:24:00,4400,4403,4404,4400,4405,4407,4408,4405,6
2010-08-20 14:24:00,2010-08-20 14:25:00,4403,4405,4407,4403,4407,4409,4411,4407,13
2010-08-20 14:25:00,2010-08-20 14:26:00,4405,4406,4407,4404,4409,4410,4411,4409,7
2010-08-20 14:26:00,2010-08-20 14:27:00,4406,4404,4409,4404,4410,4409,4413,4409,8
2010-08-20 14:27:00,2010-08-20 14:28:00,4404,4405,4406,4404,4409,4409,4410,4409,5
2010-08-20 14:28:00,2010-08-20 14:29:00,4405,4404,4405,4402,4409,4408,4409,4406,15
2010-08-20 14:29:00,2010-08-20 14:30:00,4404,4403,4405,4403,4408,4407,4409,4407,13
2010-08-20 14:30:00,2010-08-20 14:31:00,4403,4404,4405,4403,4407,4408,4409,4407,7
2010-08-20 14:31:00,2010-08-20 14:32:00,4404,4404,4405,4403,4408,4408,4409,4407,12
2010-08-20 14:32:00,2010-08-20 14:33:00,4404,4404,4406,4403,4408,4408,4410,4407,9
2010-08-20 14:33:00,2010-08-20 14:34:00,4404,4404,4404,4403,4408,4408,4408,4407,14
2010-08-20 14:34:00,2010-08-20 14:35:00,4404,4409,4409,4403,4408,4413,4413,4407,15
2010-08-20 14:35:00,2010-08-20 14:36:00,4409,4408,4410,4407,4413,4412,4414,4411,17
2010-08-20 14:36:00,2010-08-20 14:37:00,4408,4409,4410,4408,4412,4413,4414,4412,8
2010-08-20 14:37:00,2010-08-20 14:38:00,4409,4409,4410,4409,4413,4413,4414,4413,6
2010-08-20 14:38:00,2010-08-20 14:39:00,4409,4408,4410,4408,4413,4412,4414,4412,9
2010-08-20 14:39:00,2010-08-20 14:43:00,4409,4411,4411,4409,4413,4415,4415,4413,6
2010-08-20 14:43:00,2010-08-20 14:45:00,4411,4409,4411,4408,4415,4413,4415,4412,13
2010-08-20 14:45:00,2010-08-20 14:46:00,4409,4410,4410,4408,4413,4414,4414,4412,9
2010-08-20 14:46:00,2010-08-20 14:49:00,4408,4407,4408,4406,4412,4411,4412,4411,5
2010-08-20 14:49:00,2010-08-20 14:50:00,4407,4406,4407,4404,4411,4411,4411,4408,15
2010-08-20 14:50:00,2010-08-20 14:51:00,4406,4406,4407,4406,4411,4411,4411,4411,2
2010-08-20 14:51:00,2010-08-20 14:52:00,4406,4403,4406,4402,4411,4407,4411,4406,10
2010-08-20 14:52:00,2010-08-20 14:54:00,4403,4404,4404,4403,4407,4408,4408,4407,3
2010-08-20 14:54:00,2010-08-20 14:59:00,4404,4404,4404,4403,4408,4408,4408,4408,2
2010-08-20 14:59:00,2010-08-20 15:00:00,4404,4403,4405,4403,4408,4408,4409,4408,3
2010-08-20 15:00:00,2010-08-20 15:01:00,4403,4404,4404,4403,4408,4408,4408,4408,1
2010-08-20 15:01:00,2010-08-20 15:02:00,4404,4405,4405,4403,4408,4409,4409,4408,2
2010-08-20 15:02:00,2010-08-20 15:04:00,4405,4404,4405,4404,4409,4408,4409,4408,3
2010-08-20 15:04:00,2010-08-20 15:05:00,4404,4400,4404,4398,4408,4404,4408,4404,15
2010-08-20 15:05:00,2010-08-20 15:06:00,4400,4399,4400,4398,4404,4404,4404,4404,6
2010-08-20 15:06:00,2010-08-20 15:07:00,4399,4400,4400,4399,4404,4405,4405,4404,1
2010-08-20 15:07:00,2010-08-20 15:08:00,4400,4401,4401,4399,4405,4405,4405,4405,3
2010-08-20 15:08:00,2010-08-20 15:09:00,4401,4404,4404,4401,4405,4409,4409,4405,4
2010-08-20 15:09:00,2010-08-20 15:10:00,4404,4403,4404,4401,4409,4408,4409,4408,7
2010-08-20 15:10:00,2010-08-20 15:11:00,4403,4403,4403,4402,4408,4409,4409,4408,10
2010-08-20 15:11:00,2010-08-20 15:12:00,4403,4402,4403,4400,4409,4407,4409,4407,6
2010-08-20 15:12:00,2010-08-20 15:15:00,4402,4398,4402,4398,4407,4403,4407,4403,12
2010-08-20 15:15:00,2010-08-20 15:16:00,4398,4400,4401,4398,4403,4404,4405,4403,5
2010-08-20 15:16:00,2010-08-20 15:17:00,4400,4398,4400,4398,4404,4403,4404,4403,2
2010-08-20 15:17:00,2010-08-20 15:18:00,4398,4398,4399,4398,4403,4404,4404,4403,2
2010-08-20 15:18:00,2010-08-20 15:19:00,4398,4397,4398,4397,4404,4403,4404,4403,1
2010-08-20 15:19:00,2010-08-20 15:21:00,4397,4399,4400,4397,4403,4403,4404,4402,6
2010-08-20 15:21:00,2010-08-20 15:23:00,4400,4397,4400,4397,4404,4404,4404,4404,3
2010-08-20 15:23:00,2010-08-20 15:24:00,4397,4396,4401,4396,4404,4402,4405,4402,7
2010-08-20 15:24:00,2010-08-20 15:25:00,4396,4398,4400,4396,4402,4403,4404,4401,13
2010-08-20 15:25:00,2010-08-20 15:26:00,4398,4397,4399,4397,4403,4403,4403,4403,15
2010-08-20 15:26:00,2010-08-20 15:27:00,4397,4396,4397,4394,4403,4400,4403,4398,46
2010-08-20 15:27:00,2010-08-20 15:28:00,4396,4398,4398,4395,4400,4402,4402,4399,9
2010-08-20 15:28:00,2010-08-20 15:29:00,4398,4400,4400,4398,4402,4404,4404,4402,4
2010-08-20 15:29:00,2010-08-20 15:31:00,4401,4397,4401,4397,4405,4402,4405,4402,7
2010-08-20 15:31:00,2010-08-20 15:32:00,4397,4398,4398,4397,4402,4402,4402,4402,1
2010-08-20 15:32:00,2010-08-20 15:33:00,4398,4398,4398,4396,4402,4402,4402,4401,3
2010-08-20 15:33:00,2010-08-20 15:35:00,4398,4396,4398,4396,4402,4401,4402,4400,6
2010-08-20 15:35:00,2010-08-20 15:36:00,4396,4391,4396,4390,4401,4396,4401,4395,29
2010-08-20 15:36:00,2010-08-20 15:37:00,4391,4394,4394,4391,4396,4399,4399,4396,5
2010-08-20 15:37:00,2010-08-20 15:38:00,4394,4394,4395,4394,4399,4398,4399,4398,2
2010-08-20 15:38:00,2010-08-20 15:39:00,4394,4393,4394,4393,4398,4399,4399,4398,1
2010-08-20 15:39:00,2010-08-20 15:40:00,4393,4394,4394,4392,4399,4398,4399,4396,6
2010-08-20 15:40:00,2010-08-20 15:41:00,4394,4397,4397,4394,4398,4401,4401,4398,5
2010-08-20 15:41:00,2010-08-20 15:42:00,4397,4397,4398,4396,4401,4401,4402,4400,8
2010-08-20 15:42:00,2010-08-20 15:43:00,4397,4400,4400,4397,4401,4404,4404,4401,3
2010-08-20 15:43:00,2010-08-20 15:46:00,4400,4400,4400,4399,4404,4404,4404,4403,4
2010-08-20 15:46:00,2010-08-20 15:48:00,4400,4397,4400,4397,4404,4402,4404,4401,6
2010-08-20 15:48:00,2010-08-20 15:50:00,4397,4394,4397,4393,4402,4398,4402,4397,11
2010-08-20 15:50:00,2010-08-20 15:51:00,4394,4393,4394,4392,4398,4397,4398,4396,5
2010-08-20 15:51:00,2010-08-20 15:53:00,4393,4392,4393,4392,4397,4397,4397,4397,1
2010-08-20 15:53:00,2010-08-20 15:54:00,4392,4390,4392,4390,4397,4396,4397,4396,2
2010-08-20 15:54:00,2010-08-20 15:55:00,4390,4391,4394,4390,4396,4396,4398,4396,8
2010-08-20 15:55:00,2010-08-20 15:57:00,4392,4392,4392,4391,4396,4396,4396,4396,2
2010-08-20 15:57:00,2010-08-20 15:58:00,4392,4391,4393,4391,4396,4396,4397,4396,2
2010-08-20 15:58:00,2010-08-20 15:59:00,4391,4391,4391,4390,4396,4395,4396,4395,2
2010-08-20 15:59:00,2010-08-20 16:00:00,4391,4391,4391,4390,4395,4396,4396,4395,4
2010-08-20 16:00:00,2010-08-20 16:01:00,4391,4392,4392,4391,4396,4396,4396,4396,1
2010-08-20 16:01:00,2010-08-20 16:02:00,4392,4393,4393,4392,4396,4397,4397,4396,1
2010-08-20 16:02:00,2010-08-20 16:04:00,4393,4394,4396,4393,4397,4399,4400,4397,2
2010-08-20 16:04:00,2010-08-20 16:05:00,4394,4395,4395,4394,4399,4399,4399,4399,1
2010-08-20 16:05:00,2010-08-20 16:06:00,4395,4395,4397,4395,4399,4400,4401,4399,2
2010-08-20 16:06:00,2010-08-20 16:10:00,4395,4396,4396,4395,4400,4400,4400,4400,1
2010-08-20 16:10:00,2010-08-20 16:11:00,4396,4393,4396,4393,4400,4400,4400,4400,1
2010-08-20 16:11:00,2010-08-20 16:12:00,4393,4395,4395,4393,4400,4399,4400,4399,2
2010-08-20 16:12:00,2010-08-20 16:13:00,4395,4394,4395,4394,4399,4399,4399,4399,1
2010-08-20 16:13:00,2010-08-20 16:15:00,4394,4393,4394,4393,4399,4398,4399,4398,1
2010-08-20 16:15:00,2010-08-20 16:17:00,4393,4393,4394,4392,4398,4397,4398,4396,5
2010-08-20 16:17:00,2010-08-20 16:18:00,4393,4394,4394,4393,4397,4398,4398,4397,1
2010-08-20 16:18:00,2010-08-20 16:19:00,4394,4393,4394,4393,4398,4398,4398,4398,1
2010-08-20 16:19:00,2010-08-20 16:20:00,4393,4394,4394,4393,4398,4398,4398,4398,1
2010-08-20 16:20:00,2010-08-20 16:21:00,4394,4397,4398,4394,4398,4402,4402,4398,4
2010-08-20 16:21:00,2010-08-20 16:22:00,4397,4399,4399,4397,4402,4403,4403,4402,2
2010-08-20 16:22:00,2010-08-20 16:26:00,4399,4396,4399,4395,4403,4400,4403,4399,7
2010-08-20 16:26:00,2010-08-20 16:29:00,4396,4397,4397,4396,4400,4401,4401,4400,1
2010-08-20 16:29:00,2010-08-20 16:31:00,4396,4396,4396,4395,4400,4400,4400,4399,2
2010-08-20 16:31:00,2010-08-20 16:32:00,4396,4396,4397,4396,4400,4401,4401,4400,2
2010-08-20 16:32:00,2010-08-20 16:36:00,4396,4396,4396,4395,4401,4400,4401,4399,2
2010-08-20 16:36:00,2010-08-20 16:43:00,4395,4394,4395,4394,4399,4398,4399,4398,1
2010-08-20 16:43:00,2010-08-20 16:45:00,4394,4394,4395,4394,4398,4398,4399,4398,2
2010-08-20 16:45:00,2010-08-20 16:51:00,4394,4397,4397,4394,4398,4401,4401,4398,3
2010-08-20 16:51:00,2010-08-20 16:54:00,4397,4398,4398,4397,4401,4403,4403,4401,3
2010-08-20 16:54:00,2010-08-20 16:55:00,4398,4399,4399,4398,4403,4404,4404,4403,1
2010-08-20 16:55:00,2010-08-20 16:56:00,4399,4398,4399,4398,4404,4404,4404,4404,1
2010-08-20 16:56:00,2010-08-20 16:57:00,4398,4397,4398,4397,4404,4401,4404,4401,1
2010-08-20 16:57:00,2010-08-20 16:58:00,4397,4398,4398,4397,4401,4404,4404,4401,1
2010-08-20 16:58:00,2010-08-20 16:59:00,4398,4399,4399,4398,4404,4403,4404,4403,1
2010-08-20 16:59:00,2010-08-20 17:00:00,4399,4399,4399,4398,4403,4404,4404,4402,2
2010-08-20 17:00:00,2010-08-20 17:02:00,4399,4399,4401,4398,4404,4405,4405,4402,8
2010-08-20 17:02:00,2010-08-20 17:06:00,4399,4398,4399,4398,4405,4402,4405,4402,3
2010-08-20 17:06:00,2010-08-20 17:09:00,4399,4400,4400,4399,4403,4405,4405,4403,1
2010-08-20 17:09:00,2010-08-20 17:10:00,4400,4399,4402,4399,4405,4404,4406,4404,5
2010-08-20 17:10:00,2010-08-20 17:12:00,4399,4399,4400,4399,4404,4403,4404,4403,2
2010-08-20 17:12:00,2010-08-20 17:20:00,4399,4399,4399,4398,4403,4403,4403,4402,2
2010-08-20 17:20:00,2010-08-20 17:22:00,4399,4396,4399,4396,4403,4402,4403,4402,4
2010-08-20 17:22:00,2010-08-20 17:24:00,4396,4396,4397,4396,4402,4402,4402,4402,2
2010-08-20 17:24:00,2010-08-20 17:26:00,4396,4398,4398,4396,4402,4404,4404,4402,1
2010-08-20 17:26:00,2010-08-20 17:27:00,4398,4400,4400,4398,4404,4404,4404,4404,2
2010-08-20 17:27:00,2010-08-20 17:29:00,4400,4400,4401,4400,4404,4406,4406,4404,2
2010-08-20 17:29:00,2010-08-20 17:30:00,4400,4399,4400,4399,4406,4406,4406,4406,1
2010-08-20 17:30:00,2010-08-20 17:31:00,4399,4396,4399,4396,4406,4402,4406,4402,4
2010-08-20 17:31:00,2010-08-20 17:35:00,4396,4395,4396,4395,4402,4401,4402,4401,1
2010-08-20 17:35:00,2010-08-20 17:41:00,4395,4396,4396,4395,4401,4401,4401,4401,1
2010-08-20 17:41:00,2010-08-20 17:43:00,4396,4397,4397,4396,4401,4401,4401,4401,1
2010-08-20 17:43:00,2010-08-20 17:46:00,4396,4398,4398,4396,4400,4402,4402,4400,2
2010-08-20 17:46:00,2010-08-20 17:47:00,4398,4398,4398,4397,4402,4402,4402,4401,2
2010-08-20 17:47:00,2010-08-20 17:50:00,4399,4400,4400,4399,4403,4404,4404,4403,1
2010-08-20 17:50:00,2010-08-20 17:57:00,4400,4399,4400,4399,4404,4406,4406,4404,1
2010-08-20 17:57:00,2010-08-20 18:08:00,4399,4398,4399,4398,4406,4403,4406,4403,1
2010-08-20 18:08:00,2010-08-20 18:14:00,4398,4400,4400,4398,4403,4404,4404,4403,1
2010-08-20 18:14:00,2010-08-20 18:16:00,4400,4402,4402,4400,4404,4408,4408,4404,1
2010-08-20 18:16:00,2010-08-20 18:17:00,4402,4400,4402,4400,4408,4408,4408,4408,2
2010-08-20 18:17:00,2010-08-20 18:20:00,4400,4402,4402,4400,4408,4408,4408,4408,1
2010-08-20 18:20:00,2010-08-20 18:22:00,4402,4401,4402,4401,4408,4408,4408,4408,1
2010-08-20 18:22:00,2010-08-20 18:23:00,4401,4400,4401,4400,4408,4404,4408,4404,1
2010-08-20 18:23:00,2010-08-20 18:27:00,4400,4401,4402,4400,4404,4405,4408,4404,5
2010-08-20 18:27:00,2010-08-20 18:28:00,4401,4402,4402,4401,4405,4407,4407,4405,1
2010-08-20 18:28:00,2010-08-20 18:29:00,4402,4401,4402,4401,4407,4406,4407,4406,9
2010-08-20 18:29:00,2010-08-20 18:30:00,4401,4401,4402,4401,4406,4407,4407,4405,8
2010-08-20 18:30:00,2010-08-20 18:31:00,4401,4402,4402,4401,4407,4408,4408,4407,1
2010-08-20 18:31:00,2010-08-20 18:32:00,4402,4404,4404,4402,4408,4410,4410,4408,1
2010-08-20 18:32:00,2010-08-20 18:34:00,4404,4402,4404,4402,4410,4412,4412,4410,1
2010-08-20 18:34:00,2010-08-20 18:35:00,4402,4403,4403,4402,4412,4412,4412,4412,3
2010-08-20 18:35:00,2010-08-20 18:36:00,4403,4403,4404,4402,4412,4412,4412,4412,6
2010-08-20 18:36:00,2010-08-20 18:38:00,4403,4404,4404,4402,4412,4412,4412,4412,5
2010-08-20 18:38:00,2010-08-20 18:39:00,4404,4405,4405,4404,4412,4414,4414,4412,3
2010-08-20 18:39:00,2010-08-20 18:43:00,4405,4405,4411,4404,4414,4413,4415,4411,12
2010-08-20 18:43:00,2010-08-20 18:44:00,4405,4410,4412,4405,4413,4414,4416,4413,20
2010-08-20 18:44:00,2010-08-20 18:45:00,4410,4410,4412,4410,4414,4414,4416,4414,3
2010-08-20 18:45:00,2010-08-20 18:46:00,4410,4411,4413,4410,4414,4415,4417,4414,4
2010-08-20 18:46:00,2010-08-20 18:47:00,4411,4409,4411,4409,4415,4415,4415,4415,1
2010-08-20 18:47:00,2010-08-20 18:50:00,4409,4409,4413,4409,4415,4415,4417,4415,3
2010-08-20 18:50:00,2010-08-20 18:51:00,4409,4409,4412,4409,4415,4415,4416,4415,3
2010-08-20 18:51:00,2010-08-20 18:52:00,4409,4411,4411,4409,4415,4416,4416,4415,1
2010-08-20 18:52:00,2010-08-20 18:53:00,4411,4412,4412,4411,4416,4418,4418,4416,3
2010-08-20 18:53:00,2010-08-20 18:54:00,4412,4412,4413,4412,4418,4419,4419,4418,4
2010-08-20 18:54:00,2010-08-20 18:55:00,4412,4411,4412,4411,4419,4418,4419,4418,1
2010-08-20 18:55:00,2010-08-20 18:56:00,4411,4413,4415,4411,4418,4418,4419,4418,4
2010-08-20 18:56:00,2010-08-20 18:57:00,4413,4411,4413,4411,4418,4417,4418,4417,1
2010-08-20 18:57:00,2010-08-20 18:58:00,4411,4409,4411,4409,4417,4415,4417,4415,1
2010-08-20 18:58:00,2010-08-20 18:59:00,4409,4411,4411,4408,4415,4416,4416,4412,3
2010-08-20 18:59:00,2010-08-20 19:00:00,4411,4411,4411,4409,4416,4415,4416,4415,2
2010-08-20 19:00:00,2010-08-20 19:02:00,4411,4412,4412,4409,4415,4416,4416,4414,4
2010-08-20 19:02:00,2010-08-20 19:03:00,4412,4411,4413,4408,4416,4416,4417,4414,6
2010-08-20 19:03:00,2010-08-20 19:04:00,4411,4410,4414,4410,4416,4414,4418,4414,13
2010-08-20 19:04:00,2010-08-20 19:06:00,4410,4409,4410,4406,4414,4413,4414,4413,2
2010-08-20 19:06:00,2010-08-20 19:08:00,4409,4411,4411,4409,4413,4415,4415,4413,2
2010-08-20 19:08:00,2010-08-20 19:10:00,4412,4412,4413,4409,4416,4416,4417,4416,5
2010-08-20 19:10:00,2010-08-20 19:12:00,4411,4414,4414,4411,4415,4418,4418,4415,11
2010-08-20 19:12:00,2010-08-20 19:13:00,4414,4411,4414,4410,4418,4417,4418,4417,3
2010-08-20 19:13:00,2010-08-20 19:14:00,4411,4415,4415,4411,4417,4419,4419,4417,2
2010-08-20 19:14:00,2010-08-20 19:17:00,4415,4414,4415,4413,4419,4418,4419,4417,3
2010-08-20 19:17:00,2010-08-20 19:18:00,4414,4413,4414,4412,4418,4417,4418,4416,9
2010-08-20 19:18:00,2010-08-20 19:19:00,4413,4413,4414,4412,4417,4417,4418,4416,4
2010-08-20 19:19:00,2010-08-20 19:20:00,4413,4408,4413,4408,4417,4413,4417,4413,9
2010-08-20 19:20:00,2010-08-20 19:21:00,4408,4408,4409,4408,4413,4412,4413,4412,2
2010-08-20 19:21:00,2010-08-20 19:22:00,4408,4408,4410,4408,4412,4412,4414,4412,3
2010-08-20 19:22:00,2010-08-20 19:23:00,4408,4408,4411,4408,4412,4413,4415,4412,5
2010-08-20 19:23:00,2010-08-20 19:24:00,4408,4409,4409,4408,4413,4414,4414,4413,1
2010-08-20 19:24:00,2010-08-20 19:29:00,4409,4409,4413,4409,4414,4415,4417,4414,3
2010-08-20 19:29:00,2010-08-20 19:30:00,4409,4410,4410,4409,4415,4416,4416,4415,1
2010-08-20 19:30:00,2010-08-20 19:31:00,4410,4411,4411,4410,4416,4417,4417,4416,1
2010-08-20 19:31:00,2010-08-20 19:32:00,4411,4412,4412,4411,4417,4418,4418,4417,1
2010-08-20 19:32:00,2010-08-20 19:33:00,4412,4413,4413,4412,4418,4418,4418,4418,1
2010-08-20 19:33:00,2010-08-20 19:35:00,4413,4416,4416,4412,4418,4420,4420,4418,4
2010-08-20 19:35:00,2010-08-20 19:36:00,4416,4415,4416,4412,4420,4419,4420,4419,2
2010-08-20 19:36:00,2010-08-20 19:37:00,4415,4412,4415,4411,4419,4416,4419,4416,6
2010-08-20 19:37:00,2010-08-20 19:38:00,4412,4409,4412,4409,4416,4413,4416,4413,7
2010-08-20 19:38:00,2010-08-20 19:39:00,4409,4410,4410,4409,4413,4414,4414,4413,3
2010-08-20 19:39:00,2010-08-20 19:40:00,4410,4411,4412,4410,4414,4415,4416,4414,3
2010-08-20 19:40:00,2010-08-20 19:41:00,4411,4411,4412,4411,4415,4415,4416,4415,2
2010-08-20 19:41:00,2010-08-20 19:42:00,4411,4411,4411,4410,4415,4415,4416,4415,2
2010-08-20 19:42:00,2010-08-20 19:43:00,4411,4414,4414,4411,4415,4418,4418,4415,5
2010-08-20 19:43:00,2010-08-20 19:45:00,4414,4414,4414,4412,4418,4418,4418,4417,9
2010-08-20 19:45:00,2010-08-20 19:48:00,4414,4410,4414,4410,4418,4415,4418,4415,2
2010-08-20 19:48:00,2010-08-20 19:49:00,4410,4410,4410,4409,4415,4414,4415,4413,4
2010-08-20 19:49:00,2010-08-20 19:50:00,4410,4411,4412,4410,4414,4416,4416,4414,3
2010-08-20 19:50:00,2010-08-20 19:52:00,4411,4415,4415,4411,4416,4419,4419,4416,19
2010-08-20 19:52:00,2010-08-20 19:54:00,4416,4415,4417,4415,4420,4419,4421,4419,11
2010-08-20 19:54:00,2010-08-20 19:55:00,4415,4416,4418,4415,4419,4420,4422,4419,10
2010-08-20 19:55:00,2010-08-20 19:56:00,4416,4417,4418,4415,4420,4421,4422,4419,5
2010-08-20 19:56:00,2010-08-20 19:58:00,4416,4416,4416,4414,4420,4420,4420,4418,4
2010-08-20 19:58:00,2010-08-20 19:59:00,4416,4414,4416,4414,4420,4418,4420,4418,2
2010-08-20 19:59:00,2010-08-22 23:50:00,4414,4404,4414,4402,4418,4406,4418,4404,33
2010-08-22 23:50:00,2010-08-22 23:51:00,4404,4405,4407,4403,4406,4408,4409,4405,11
2010-08-22 23:51:00,2010-08-22 23:52:00,4405,4402,4406,4402,4408,4404,4408,4404,9
2010-08-22 23:52:00,2010-08-22 23:54:00,4400,4399,4400,4398,4402,4401,4402,4400,9
2010-08-22 23:54:00,2010-08-22 23:58:00,4402,4406,4407,4399,4404,4408,4409,4401,18
2010-08-22 23:58:00,2010-08-22 23:59:00,4406,4413,4414,4404,4408,4415,4416,4406,25
2010-08-22 23:59:00,2010-08-23 00:00:00,4413,4413,4416,4413,4415,4415,4418,4415,14
2010-08-23 00:00:00,2010-08-23 00:01:00,4413,4411,4413,4410,4415,4413,4415,4412,11
2010-08-23 00:01:00,2010-08-23 00:02:00,4411,4413,4413,4411,4413,4415,4415,4413,14
2010-08-23 00:02:00,2010-08-23 00:03:00,4413,4416,4416,4413,4415,4418,4418,4415,9
2010-08-23 00:03:00,2010-08-23 00:04:00,4416,4419,4420,4416,4418,4421,4422,4418,15
2010-08-23 00:04:00,2010-08-23 00:05:00,4419,4417,4419,4415,4421,4419,4421,4417,16
2010-08-23 00:05:00,2010-08-23 00:07:00,4418,4416,4420,4416,4420,4418,4422,4418,16
2010-08-23 00:07:00,2010-08-23 00:08:00,4416,4417,4417,4415,4418,4419,4419,4417,7
2010-08-23 00:08:00,2010-08-23 00:09:00,4417,4417,4420,4417,4419,4419,4422,4419,18
2010-08-23 00:09:00,2010-08-23 00:10:00,4417,4420,4420,4415,4419,4422,4422,4417,23
2010-08-23 00:10:00,2010-08-23 00:11:00,4420,4422,4423,4420,4422,4424,4425,4422,8
2010-08-23 00:11:00,2010-08-23 00:12:00,4422,4420,4423,4420,4424,4422,4425,4422,12
2010-08-23 00:12:00,2010-08-23 00:13:00,4420,4422,4422,4419,4422,4424,4424,4421,12
2010-08-23 00:13:00,2010-08-23 00:14:00,4422,4422,4424,4421,4424,4424,4426,4423,18
2010-08-23 00:14:00,2010-08-23 00:15:00,4422,4425,4425,4422,4424,4427,4427,4424,11
2010-08-23 00:15:00,2010-08-23 00:16:00,4425,4426,4426,4425,4427,4428,4428,4427,7
2010-08-23 00:16:00,2010-08-23 00:17:00,4426,4425,4428,4425,4428,4427,4430,4427,9
2010-08-23 00:17:00,2010-08-23 00:18:00,4425,4425,4427,4425,4427,4427,4429,4427,10
2010-08-23 00:18:00,2010-08-23 00:19:00,4425,4426,4428,4425,4427,4428,4430,4427,17
2010-08-23 00:19:00,2010-08-23 00:20:00,4426,4430,4430,4426,4428,4432,4432,4428,4
2010-08-23 00:20:00,2010-08-23 00:21:00,4430,4431,4434,4430,4432,4433,4436,4432,27
2010-08-23 00:21:00,2010-08-23 00:22:00,4431,4430,4432,4429,4433,4432,4434,4431,17
2010-08-23 00:22:00,2010-08-23 00:23:00,4430,4430,4431,4429,4432,4432,4433,4431,8
2010-08-23 00:23:00,2010-08-23 00:24:00,4430,4428,4430,4427,4432,4430,4432,4429,11
2010-08-23 00:24:00,2010-08-23 00:25:00,4428,4427,4428,4424,4430,4429,4430,4426,13
2010-08-23 00:25:00,2010-08-23 00:27:00,4425,4423,4426,4423,4427,4425,4428,4425,15
2010-08-23 00:27:00,2010-08-23 00:28:00,4423,4425,4426,4423,4425,4427,4428,4425,6
2010-08-23 00:28:00,2010-08-23 00:30:00,4427,4428,4430,4427,4429,4430,4432,4429,9
2010-08-23 00:30:00,2010-08-23 00:31:00,4428,4429,4429,4427,4430,4431,4431,4429,3
2010-08-23 00:31:00,2010-08-23 00:32:00,4429,4430,4430,4428,4431,4432,4432,4430,13
2010-08-23 00:32:00,2010-08-23 00:33:00,4430,4426,4430,4426,4432,4428,4432,4428,4
2010-08-23 00:33:00,2010-08-23 00:35:00,4427,4429,4429,4425,4429,4431,4431,4428,8
2010-08-23 00:35:00,2010-08-23 00:36:00,4429,4433,4433,4429,4431,4435,4435,4431,10
2010-08-23 00:36:00,2010-08-23 00:37:00,4433,4432,4434,4432,4435,4434,4436,4434,5
2010-08-23 00:37:00,2010-08-23 00:38:00,4432,4432,4433,4432,4434,4434,4435,4434,14
2010-08-23 00:38:00,2010-08-23 00:40:00,4431,4430,4431,4429,4433,4432,4433,4431,7
2010-08-23 00:40:00,2010-08-23 00:44:00,4429,4429,4429,4427,4431,4431,4431,4429,8
2010-08-23 00:44:00,2010-08-23 00:45:00,4429,4430,4430,4427,4431,4432,4432,4429,7
2010-08-23 00:45:00,2010-08-23 00:46:00,4430,4436,4436,4430,4432,4438,4438,4432,14
2010-08-23 00:46:00,2010-08-23 00:47:00,4436,4439,4439,4436,4438,4441,4441,4438,11
2010-08-23 00:47:00,2010-08-23 00:48:00,4439,4436,4439,4435,4441,4438,4441,4437,5
2010-08-23 00:48:00,2010-08-23 00:49:00,4436,4436,4437,4434,4438,4438,4439,4436,12
2010-08-23 00:49:00,2010-08-23 00:51:00,4436,4436,4436,4434,4438,4438,4438,4436,8
2010-08-23 00:51:00,2010-08-23 00:53:00,4435,4431,4436,4431,4437,4433,4438,4433,10
2010-08-23 00:53:00,2010-08-23 00:54:00,4431,4434,4434,4431,4433,4436,4436,4433,9
2010-08-23 00:54:00,2010-08-23 00:55:00,4434,4436,4436,4434,4436,4438,4438,4436,12
2010-08-23 00:55:00,2010-08-23 00:57:00,4437,4436,4437,4435,4439,4438,4439,4437,9
2010-08-23 00:57:00,2010-08-23 00:59:00,4435,4439,4439,4435,4437,4441,4441,4437,8
2010-08-23 00:59:00,2010-08-23 01:00:00,4439,4437,4439,4437,4441,4439,4441,4439,4
2010-08-23 01:00:00,2010-08-23 01:01:00,4437,4438,4439,4436,4439,4440,4441,4438,9
2010-08-23 01:01:00,2010-08-23 01:02:00,4438,4434,4438,4433,4440,4436,4440,4435,6
2010-08-23 01:02:00,2010-08-23 01:03:00,4434,4436,4437,4434,4436,4438,4439,4436,6
2010-08-23 01:03:00,2010-08-23 01:05:00,4436,4436,4436,4434,4438,4438,4438,4436,6
2010-08-23 01:05:00,2010-08-23 01:06:00,4436,4432,4437,4432,4438,4434,4439,4434,7
2010-08-23 01:06:00,2010-08-23 01:08:00,4431,4432,4432,4430,4433,4434,4434,4432,13
2010-08-23 01:08:00,2010-08-23 01:11:00,4432,4431,4433,4431,4434,4433,4435,4433,7
2010-08-23 01:11:00,2010-08-23 01:12:00,4431,4430,4431,4429,4433,4432,4433,4431,9
2010-08-23 01:12:00,2010-08-23 01:13:00,4430,4432,4432,4429,4432,4434,4434,4431,8
2010-08-23 01:13:00,2010-08-23 01:16:00,4432,4433,4434,4431,4434,4435,4436,4433,11
2010-08-23 01:16:00,2010-08-23 01:18:00,4436,4431,4437,4431,4438,4433,4439,4433,16
2010-08-23 01:18:00,2010-08-23 01:19:00,4431,4433,4433,4431,4433,4435,4435,4433,4
2010-08-23 01:19:00,2010-08-23 01:20:00,4433,4433,4433,4431,4435,4435,4435,4433,14
2010-08-23 01:20:00,2010-08-23 01:21:00,4433,4429,4433,4429,4435,4431,4435,4431,6
2010-08-23 01:21:00,2010-08-23 01:22:00,4429,4427,4429,4427,4431,4429,4431,4429,4
2010-08-23 01:22:00,2010-08-23 01:24:00,4428,4431,4432,4428,4430,4433,4434,4430,5
2010-08-23 01:24:00,2010-08-23 01:25:00,4431,4429,4431,4428,4433,4431,4433,4430,8
2010-08-23 01:25:00,2010-08-23 01:27:00,4427,4424,4427,4423,4429,4426,4429,4425,9
2010-08-23 01:27:00,2010-08-23 01:28:00,4424,4426,4426,4423,4426,4428,4428,4425,4
2010-08-23 01:28:00,2010-08-23 01:29:00,4426,4425,4426,4424,4428,4427,4428,4426,4
2010-08-23 01:29:00,2010-08-23 01:33:00,4426,4427,4428,4425,4428,4429,4430,4427,5
2010-08-23 01:33:00,2010-08-23 01:34:00,4427,4425,4427,4424,4429,4427,4429,4426,4
2010-08-23 01:34:00,2010-08-23 01:36:00,4426,4428,4428,4425,4428,4430,4430,4427,8
2010-08-23 01:36:00,2010-08-23 01:38:00,4426,4428,4428,4426,4428,4430,4430,4428,8
2010-08-23 01:38:00,2010-08-23 01:39:00,4428,4431,4431,4428,4430,4433,4433,4430,9
2010-08-23 01:39:00,2010-08-23 01:40:00,4431,4431,4432,4430,4433,4433,4434,4432,10
2010-08-23 01:40:00,2010-08-23 01:42:00,4431,4433,4433,4431,4433,4435,4435,4433,12
2010-08-23 01:42:00,2010-08-23 01:46:00,4431,4432,4434,4430,4433,4434,4436,4432,13
2010-08-23 01:46:00,2010-08-23 01:48:00,4433,4434,4435,4433,4435,4436,4437,4435,9
2010-08-23 01:48:00,2010-08-23 01:50:00,4435,4436,4437,4435,4437,4438,4439,4437,5
2010-08-23 01:50:00,2010-08-23 01:52:00,4436,4434,4437,4434,4438,4436,4439,4436,4
2010-08-23 01:52:00,2010-08-23 01:53:00,4434,4434,4435,4434,4436,4436,4437,4436,6
2010-08-23 01:53:00,2010-08-23 01:55:00,4434,4437,4437,4434,4436,4439,4439,4436,3
2010-08-23 01:55:00,2010-08-23 01:57:00,4436,4432,4436,4432,4438,4434,4438,4434,12
2010-08-23 01:57:00,2010-08-23 01:58:00,4432,4430,4434,4430,4434,4432,4436,4432,10
2010-08-23 01:58:00,2010-08-23 01:59:00,4430,4433,4433,4429,4432,4435,4435,4431,7
2010-08-23 01:59:00,2010-08-23 02:04:00,4436,4439,4439,4436,4438,4441,4441,4438,15
2010-08-23 02:04:00,2010-08-23 02:05:00,4439,4437,4439,4437,4441,4439,4441,4439,12
2010-08-23 02:05:00,2010-08-23 02:07:00,4437,4437,4437,4435,4439,4439,4439,4437,8
2010-08-23 02:07:00,2010-08-23 02:12:00,4435,4436,4436,4434,4437,4438,4438,4436,3
2010-08-23 02:12:00,2010-08-23 02:13:00,4436,4437,4438,4435,4438,4439,4440,4437,5
2010-08-23 02:13:00,2010-08-23 02:17:00,4436,4434,4436,4433,4438,4436,4438,4435,8
2010-08-23 02:17:00,2010-08-23 02:19:00,4434,4434,4435,4433,4436,4436,4437,4435,14
2010-08-23 02:19:00,2010-08-23 02:23:00,4433,4433,4433,4432,4435,4435,4435,4434,16
2010-08-23 02:23:00,2010-08-23 02:24:00,4433,4433,4434,4432,4435,4435,4436,4434,6
2010-08-23 02:24:00,2010-08-23 02:25:00,4433,4432,4434,4431,4435,4434,4436,4433,7
2010-08-23 02:25:00,2010-08-23 02:26:00,4432,4430,4432,4430,4434,4432,4434,4432,4
2010-08-23 02:26:00,2010-08-23 02:27:00,4430,4431,4431,4429,4432,4433,4433,4431,7
2010-08-23 02:27:00,2010-08-23 02:29:00,4430,4432,4433,4430,4432,4434,4435,4432,6
2010-08-23 02:29:00,2010-08-23 02:33:00,4429,4432,4433,4429,4431,4434,4435,4431,7
2010-08-23 02:33:00,2010-08-23 02:34:00,4432,4432,4434,4432,4434,4434,4436,4434,8
2010-08-23 02:34:00,2010-08-23 02:35:00,4432,4433,4433,4431,4434,4435,4435,4433,9
2010-08-23 02:35:00,2010-08-23 02:37:00,4432,4431,4433,4431,4434,4433,4435,4433,5
2010-08-23 02:37:00,2010-08-23 02:38:00,4431,4430,4431,4428,4433,4432,4433,4430,7
2010-08-23 02:38:00,2010-08-23 02:39:00,4430,4433,4433,4430,4432,4435,4435,4432,13
2010-08-23 02:39:00,2010-08-23 02:40:00,4433,4436,4436,4433,4435,4438,4438,4435,9
2010-08-23 02:40:00,2010-08-23 02:41:00,4436,4436,4438,4436,4438,4438,4440,4438,6
2010-08-23 02:41:00,2010-08-23 02:42:00,4436,4436,4437,4436,4438,4438,4439,4438,10
2010-08-23 02:42:00,2010-08-23 02:46:00,4436,4433,4436,4433,4438,4435,4438,4435,3
2010-08-23 02:46:00,2010-08-23 02:49:00,4434,4435,4436,4434,4436,4437,4438,4436,11
2010-08-23 02:49:00,2010-08-23 02:51:00,4435,4433,4435,4432,4437,4435,4437,4434,10
2010-08-23 02:51:00,2010-08-23 02:52:00,4433,4434,4436,4433,4435,4436,4438,4435,7
2010-08-23 02:52:00,2010-08-23 02:54:00,4434,4432,4435,4432,4436,4434,4437,4434,6
2010-08-23 02:54:00,2010-08-23 02:56:00,4433,4433,4433,4432,4435,4435,4435,4434,6
2010-08-23 02:56:00,2010-08-23 03:03:00,4430,4429,4430,4428,4432,4431,4432,4430,5
2010-08-23 03:03:00,2010-08-23 03:05:00,4429,4429,4430,4429,4431,4431,4432,4431,10
2010-08-23 03:05:00,2010-08-23 03:06:00,4429,4428,4430,4428,4431,4430,4432,4430,3
2010-08-23 03:06:00,2010-08-23 03:08:00,4427,4429,4429,4426,4429,4431,4431,4428,4
2010-08-23 03:08:00,2010-08-23 03:09:00,4429,4429,4431,4429,4431,4431,4433,4431,10
2010-08-23 03:09:00,2010-08-23 03:10:00,4429,4429,4429,4428,4431,4431,4431,4430,2
2010-08-23 03:10:00,2010-08-23 03:11:00,4429,4429,4429,4427,4431,4431,4431,4429,6
2010-08-23 03:11:00,2010-08-23 03:12:00,4429,4430,4430,4428,4431,4432,4432,4430,7
2010-08-23 03:12:00,2010-08-23 03:13:00,4430,4428,4430,4428,4432,4430,4432,4430,4
2010-08-23 03:13:00,2010-08-23 03:14:00,4428,4429,4429,4428,4430,4431,4431,4430,3
2010-08-23 03:14:00,2010-08-23 03:15:00,4429,4429,4430,4429,4431,4431,4432,4431,2
2010-08-23 03:15:00,2010-08-23 03:17:00,4429,4431,4431,4429,4431,4433,4433,4431,6
2010-08-23 03:17:00,2010-08-23 03:18:00,4431,4434,4434,4431,4433,4436,4436,4433,3
2010-08-23 03:18:00,2010-08-23 03:21:00,4431,4432,4433,4431,4433,4434,4435,4433,5
2010-08-23 03:21:00,2010-08-23 03:22:00,4432,4432,4432,4430,4434,4434,4434,4432,4
2010-08-23 03:22:00,2010-08-23 03:25:00,4431,4429,4431,4428,4433,4431,4433,4430,12
2010-08-23 03:25:00,2010-08-23 03:28:00,4427,4428,4429,4427,4429,4430,4431,4429,11
2010-08-23 03:28:00,2010-08-23 03:30:00,4428,4425,4428,4424,4430,4427,4430,4426,13
2010-08-23 03:30:00,2010-08-23 03:31:00,4425,4424,4425,4424,4427,4426,4427,4426,11
2010-08-23 03:31:00,2010-08-23 03:32:00,4424,4426,4427,4424,4426,4428,4429,4426,4
2010-08-23 03:32:00,2010-08-23 03:33:00,4426,4425,4427,4425,4428,4427,4429,4427,3
2010-08-23 03:33:00,2010-08-23 03:36:00,4425,4425,4425,4424,4427,4427,4427,4426,4
2010-08-23 03:36:00,2010-08-23 03:38:00,4425,4425,4425,4424,4427,4427,4427,4426,12
2010-08-23 03:38:00,2010-08-23 03:39:00,4425,4426,4427,4425,4427,4428,4429,4427,7
2010-08-23 03:39:00,2010-08-23 03:40:00,4426,4427,4427,4426,4428,4429,4429,4428,5
2010-08-23 03:40:00,2010-08-23 03:42:00,4425,4427,4428,4424,4427,4429,4430,4426,6
2010-08-23 03:42:00,2010-08-23 03:45:00,4427,4425,4427,4424,4429,4427,4429,4426,12
2010-08-23 03:45:00,2010-08-23 03:46:00,4425,4425,4426,4424,4427,4427,4428,4426,4
2010-08-23 03:46:00,2010-08-23 03:49:00,4427,4427,4428,4426,4429,4429,4430,4428,8
2010-08-23 03:49:00,2010-08-23 03:51:00,4428,4426,4429,4426,4430,4428,4431,4428,6
2010-08-23 03:51:00,2010-08-23 03:52:00,4426,4426,4428,4426,4428,4428,4430,4428,8
2010-08-23 03:52:00,2010-08-23 03:54:00,4426,4427,4428,4426,4428,4429,4430,4428,7
2010-08-23 03:54:00,2010-08-23 04:05:00,4422,4424,4424,4422,4424,4426,4426,4424,8
2010-08-23 04:05:00,2010-08-23 04:07:00,4424,4422,4424,4422,4426,4424,4426,4424,6
2010-08-23 04:07:00,2010-08-23 04:10:00,4425,4422,4425,4422,4427,4424,4427,4424,9
2010-08-23 04:10:00,2010-08-23 04:24:00,4427,4429,4429,4427,4429,4431,4431,4429,2
2010-08-23 04:24:00,2010-08-23 04:26:00,4429,4427,4429,4426,4431,4429,4431,4428,4
2010-08-23 04:26:00,2010-08-23 04:27:00,4427,4426,4428,4426,4429,4428,4430,4428,5
2010-08-23 04:27:00,2010-08-23 04:32:00,4428,4425,4428,4424,4430,4427,4430,4427,8
2010-08-23 04:32:00,2010-08-23 04:34:00,4425,4425,4426,4424,4427,4427,4428,4426,6
2010-08-23 04:34:00,2010-08-23 04:38:00,4423,4424,4424,4423,4425,4426,4426,4425,7
2010-08-23 04:38:00,2010-08-23 04:39:00,4424,4425,4425,4423,4426,4427,4427,4425,7
2010-08-23 04:39:00,2010-08-23 04:52:00,4421,4420,4421,4419,4423,4422,4423,4421,9
2010-08-23 04:52:00,2010-08-23 04:55:00,4420,4420,4420,4417,4422,4422,4422,4419,8
2010-08-23 04:55:00,2010-08-23 04:59:00,4421,4421,4422,4420,4423,4423,4424,4423,8
2010-08-23 04:59:00,2010-08-23 05:00:00,4421,4420,4422,4420,4423,4422,4424,4422,5
2010-08-23 05:00:00,2010-08-23 05:02:00,4420,4421,4421,4419,4422,4423,4423,4421,3
2010-08-23 05:02:00,2010-08-23 05:04:00,4422,4424,4424,4422,4424,4426,4426,4424,12
2010-08-23 05:04:00,2010-08-23 05:07:00,4425,4425,4426,4425,4427,4427,4428,4427,6
2010-08-23 05:07:00,2010-08-23 05:08:00,4425,4424,4425,4423,4427,4426,4427,4425,11
2010-08-23 05:08:00,2010-08-23 05:10:00,4425,4425,4425,4424,4427,4427,4427,4426,6
2010-08-23 05:10:00,2010-08-23 05:11:00,4425,4423,4425,4423,4427,4425,4427,4425,6
2010-08-23 05:11:00,2010-08-23 05:13:00,4422,4420,4422,4420,4424,4422,4424,4422,8
2010-08-23 05:13:00,2010-08-23 05:15:00,4419,4422,4422,4418,4421,4424,4424,4420,7
2010-08-23 05:15:00,2010-08-23 05:20:00,4426,4423,4426,4423,4428,4425,4428,4425,7
2010-08-23 05:20:00,2010-08-23 05:22:00,4423,4423,4424,4423,4425,4425,4426,4425,12
2010-08-23 05:22:00,2010-08-23 05:26:00,4426,4428,4428,4426,4428,4430,4430,4428,2
2010-08-23 05:26:00,2010-08-23 05:29:00,4426,4422,4426,4422,4428,4424,4428,4424,4
2010-08-23 05:29:00,2010-08-23 05:32:00,4424,4425,4426,4424,4426,4427,4428,4426,7
2010-08-23 05:32:00,2010-08-23 05:34:00,4426,4424,4426,4424,4428,4426,4428,4426,4
2010-08-23 05:34:00,2010-08-23 05:35:00,4424,4423,4425,4423,4426,4425,4427,4425,3
2010-08-23 05:35:00,2010-08-23 05:38:00,4423,4420,4423,4420,4425,4422,4425,4422,7
2010-08-23 05:38:00,2010-08-23 05:41:00,4421,4421,4424,4421,4423,4423,4426,4423,16
2010-08-23 05:41:00,2010-08-23 05:45:00,4422,4423,4423,4421,4424,4425,4425,4423,11
2010-08-23 05:45:00,2010-08-23 05:47:00,4424,4426,4426,4424,4426,4428,4428,4426,6
2010-08-23 05:47:00,2010-08-23 05:51:00,4424,4423,4424,4423,4426,4425,4426,4425,5
2010-08-23 05:51:00,2010-08-23 05:55:00,4424,4424,4424,4422,4426,4426,4426,4424,6
2010-08-23 05:55:00,2010-08-23 05:56:00,4424,4427,4427,4424,4426,4429,4429,4426,9
2010-08-23 05:56:00,2010-08-23 05:57:00,4427,4426,4427,4425,4429,4428,4429,4427,7
2010-08-23 05:57:00,2010-08-23 05:58:00,4426,4427,4428,4426,4428,4429,4430,4428,11
2010-08-23 05:58:00,2010-08-23 06:00:00,4424,4427,4427,4424,4426,4429,4429,4426,8
2010-08-23 06:00:00,2010-08-23 06:01:00,4427,4428,4428,4427,4429,4430,4430,4429,5
2010-08-23 06:01:00,2010-08-23 06:02:00,4428,4426,4428,4425,4430,4428,4430,4427,10
2010-08-23 06:02:00,2010-08-23 06:03:00,4426,4424,4426,4424,4428,4426,4428,4426,8
2010-08-23 06:03:00,2010-08-23 06:04:00,4424,4425,4426,4424,4426,4427,4428,4426,3
2010-08-23 06:04:00,2010-08-23 06:06:00,4426,4425,4427,4425,4428,4427,4429,4427,5
2010-08-23 06:06:00,2010-08-23 06:08:00,4426,4426,4428,4425,4428,4428,4430,4427,6
2010-08-23 06:08:00,2010-08-23 06:09:00,4426,4428,4430,4426,4428,4430,4432,4428,15
2010-08-23 06:09:00,2010-08-23 06:10:00,4428,4428,4433,4427,4430,4430,4435,4429,28
2010-08-23 06:10:00,2010-08-23 06:11:00,4428,4428,4429,4426,4430,4430,4431,4428,12
2010-08-23 06:11:00,2010-08-23 06:12:00,4428,4431,4433,4428,4430,4433,4435,4430,9
2010-08-23 06:12:00,2010-08-23 06:13:00,4431,4436,4436,4431,4433,4438,4438,4433,11
2010-08-23 06:13:00,2010-08-23 06:15:00,4436,4436,4436,4435,4438,4438,4438,4437,6
2010-08-23 06:15:00,2010-08-23 06:16:00,4436,4438,4438,4435,4438,4440,4440,4437,10
2010-08-23 06:16:00,2010-08-23 06:17:00,4438,4437,4438,4436,4440,4439,4440,4438,5
2010-08-23 06:17:00,2010-08-23 06:18:00,4437,4433,4437,4433,4439,4435,4439,4435,6
2010-08-23 06:18:00,2010-08-23 06:19:00,4433,4433,4434,4432,4435,4435,4436,4434,12
2010-08-23 06:19:00,2010-08-23 06:20:00,4433,4435,4436,4433,4435,4437,4438,4435,6
2010-08-23 06:20:00,2010-08-23 06:24:00,4435,4433,4435,4433,4437,4435,4437,4435,8
2010-08-23 06:24:00,2010-08-23 06:27:00,4432,4435,4435,4432,4434,4437,4437,4434,7
2010-08-23 06:27:00,2010-08-23 06:28:00,4435,4436,4437,4434,4437,4438,4439,4436,8
2010-08-23 06:28:00,2010-08-23 06:29:00,4436,4432,4437,4432,4438,4434,4439,4434,12
2010-08-23 06:29:00,2010-08-23 07:10:00,4432,4432,4433,4429,4434,4436,4437,4433,6
2010-08-23 07:10:00,2010-08-23 07:11:00,4432,4431,4433,4430,4436,4435,4437,4434,11
2010-08-23 07:11:00,2010-08-23 07:13:00,4431,4427,4432,4427,4435,4431,4436,4431,8
2010-08-23 07:13:00,2010-08-23 07:14:00,4427,4427,4427,4426,4431,4431,4431,4430,8
2010-08-23 07:14:00,2010-08-23 07:15:00,4427,4428,4431,4427,4431,4432,4435,4431,6
2010-08-23 07:15:00,2010-08-23 07:16:00,4428,4426,4428,4426,4432,4430,4432,4430,2
2010-08-23 07:16:00,2010-08-23 07:17:00,4426,4425,4426,4424,4430,4429,4430,4428,9
2010-08-23 07:17:00,2010-08-23 07:18:00,4425,4425,4426,4424,4429,4429,4430,4428,10
2010-08-23 07:18:00,2010-08-23 07:21:00,4424,4426,4426,4424,4428,4430,4430,4428,2
2010-08-23 07:21:00,2010-08-23 07:23:00,4425,4424,4428,4424,4429,4428,4432,4428,11
2010-08-23 07:23:00,2010-08-23 07:24:00,4424,4423,4425,4423,4428,4427,4429,4427,13
2010-08-23 07:24:00,2010-08-23 07:28:00,4422,4420,4423,4420,4426,4424,4427,4424,4
2010-08-23 07:28:00,2010-08-23 07:29:00,4420,4421,4422,4419,4424,4425,4426,4423,7
2010-08-23 07:29:00,2010-08-23 07:30:00,4421,4423,4423,4419,4425,4427,4427,4423,16
2010-08-23 07:30:00,2010-08-23 07:31:00,4423,4427,4429,4423,4427,4431,4433,4427,36
2010-08-23 07:31:00,2010-08-23 07:32:00,4427,4429,4429,4427,4431,4433,4433,4431,16
2010-08-23 07:32:00,2010-08-23 07:33:00,4429,4429,4430,4428,4433,4433,4434,4432,10
2010-08-23 07:33:00,2010-08-23 07:36:00,4429,4428,4430,4428,4433,4432,4434,4432,9
2010-08-23 07:36:00,2010-08-23 07:38:00,4428,4428,4429,4427,4432,4432,4433,4431,8
2010-08-23 07:38:00,2010-08-23 07:40:00,4428,4429,4430,4428,4432,4433,4434,4432,5
2010-08-23 07:40:00,2010-08-23 07:42:00,4429,4424,4429,4424,4433,4428,4433,4428,9
2010-08-23 07:42:00,2010-08-23 07:43:00,4424,4423,4425,4422,4428,4427,4429,4426,7
2010-08-23 07:43:00,2010-08-23 07:45:00,4423,4425,4425,4423,4427,4429,4429,4427,8
2010-08-23 07:45:00,2010-08-23 07:46:00,4425,4423,4426,4423,4429,4427,4430,4427,6
2010-08-23 07:46:00,2010-08-23 07:48:00,4424,4424,4425,4424,4428,4428,4429,4428,6
2010-08-23 07:48:00,2010-08-23 07:49:00,4424,4422,4424,4422,4428,4426,4428,4426,10
2010-08-23 07:49:00,2010-08-23 07:51:00,4423,4424,4425,4423,4427,4428,4429,4427,11
2010-08-23 07:51:00,2010-08-23 07:53:00,4424,4423,4424,4423,4428,4427,4428,4427,5
2010-08-23 07:53:00,2010-08-23 07:54:00,4423,4423,4424,4423,4427,4427,4428,4427,2
2010-08-23 07:54:00,2010-08-23 07:55:00,4423,4424,4425,4423,4427,4428,4429,4427,9
2010-08-23 07:55:00,2010-08-23 07:58:00,4425,4423,4425,4422,4429,4427,4429,4426,6
2010-08-23 07:58:00,2010-08-23 07:59:00,4423,4423,4423,4421,4427,4427,4427,4425,14
2010-08-23 07:59:00,2010-08-23 08:00:00,4423,4425,4426,4423,4427,4429,4430,4427,14
2010-08-23 08:00:00,2010-08-23 08:01:00,4425,4427,4427,4425,4429,4431,4431,4429,4
2010-08-23 08:01:00,2010-08-23 08:02:00,4427,4423,4427,4423,4431,4427,4431,4427,12
2010-08-23 08:02:00,2010-08-23 08:03:00,4423,4422,4423,4421,4427,4426,4427,4425,7
2010-08-23 08:03:00,2010-08-23 08:04:00,4422,4420,4424,4420,4426,4424,4428,4424,9
2010-08-23 08:04:00,2010-08-23 08:07:00,4420,4420,4421,4419,4424,4424,4425,4423,4
2010-08-23 08:07:00,2010-08-23 08:08:00,4420,4423,4423,4420,4424,4427,4427,4424,7
2010-08-23 08:08:00,2010-08-23 08:13:00,4422,4423,4423,4422,4426,4427,4427,4426,9
2010-08-23 08:13:00,2010-08-23 08:15:00,4422,4420,4422,4420,4426,4424,4426,4424,4
2010-08-23 08:15:00,2010-08-23 08:16:00,4420,4422,4423,4420,4424,4426,4427,4424,4
2010-08-23 08:16:00,2010-08-23 08:19:00,4422,4423,4424,4421,4426,4427,4428,4425,7
2010-08-23 08:19:00,2010-08-23 08:25:00,4425,4427,4427,4425,4429,4431,4431,4429,8
2010-08-23 08:25:00,2010-08-23 08:26:00,4427,4426,4427,4425,4431,4430,4431,4429,3
2010-08-23 08:26:00,2010-08-23 08:28:00,4426,4425,4427,4425,4430,4429,4431,4429,3
2010-08-23 08:28:00,2010-08-23 08:31:00,4424,4425,4425,4423,4428,4429,4429,4427,7
2010-08-23 08:31:00,2010-08-23 08:33:00,4426,4428,4428,4426,4430,4432,4432,4430,2
2010-08-23 08:33:00,2010-08-23 08:34:00,4428,4429,4430,4427,4432,4433,4434,4431,12
2010-08-23 08:34:00,2010-08-23 08:38:00,4429,4428,4429,4426,4433,4432,4433,4430,5
2010-08-23 08:38:00,2010-08-23 08:39:00,4428,4429,4429,4428,4432,4433,4433,4432,1
2010-08-23 08:39:00,2010-08-23 08:40:00,4429,4430,4430,4428,4433,4434,4434,4432,5
2010-08-23 08:40:00,2010-08-23 08:45:00,4429,4428,4430,4428,4433,4432,4434,4432,5
2010-08-23 08:45:00,2010-08-23 08:49:00,4430,4430,4431,4430,4434,4434,4435,4434,4
2010-08-23 08:49:00,2010-08-23 08:50:00,4430,4431,4431,4430,4434,4435,4435,4434,3
2010-08-23 08:50:00,2010-08-23 08:53:00,4431,4431,4433,4431,4435,4435,4437,4435,4
2010-08-23 08:53:00,2010-08-23 08:57:00,4432,4435,4435,4432,4436,4439,4439,4436,3
2010-08-23 08:57:00,2010-08-23 08:59:00,4434,4434,4434,4432,4438,4438,4438,4436,6
2010-08-23 08:59:00,2010-08-23 09:00:00,4434,4433,4435,4433,4438,4437,4439,4437,15
2010-08-23 09:00:00,2010-08-23 09:05:00,4430,4430,4431,4430,4434,4434,4435,4434,2
2010-08-23 09:05:00,2010-08-23 09:07:00,4430,4431,4432,4430,4434,4435,4436,4434,7
2010-08-23 09:07:00,2010-08-23 09:09:00,4431,4432,4432,4431,4435,4436,4436,4435,1
2010-08-23 09:09:00,2010-08-23 09:10:00,4432,4432,4433,4432,4436,4436,4437,4436,2
2010-08-23 09:10:00,2010-08-23 09:11:00,4432,4432,4432,4430,4436,4436,4436,4434,12
2010-08-23 09:11:00,2010-08-23 09:13:00,4431,4431,4432,4430,4435,4435,4436,4434,6
2010-08-23 09:13:00,2010-08-23 09:20:00,4431,4431,4431,4430,4435,4435,4435,4434,4
2010-08-23 09:20:00,2010-08-23 09:24:00,4430,4428,4430,4428,4434,4432,4434,4432,22
2010-08-23 09:24:00,2010-08-23 09:25:00,4428,4429,4429,4428,4432,4433,4433,4432,23
2010-08-23 09:25:00,2010-08-23 09:28:00,4430,4430,4430,4429,4434,4434,4434,4433,2
2010-08-23 09:28:00,2010-08-23 09:34:00,4429,4429,4430,4429,4433,4433,4434,4433,2
2010-08-23 09:34:00,2010-08-23 09:36:00,4430,4431,4431,4430,4434,4435,4435,4434,5
2010-08-23 09:36:00,2010-08-23 09:37:00,4431,4431,4431,4429,4435,4435,4435,4433,14
2010-08-23 09:37:00,2010-08-23 09:38:00,4431,4430,4431,4430,4435,4434,4435,4434,3
2010-08-23 09:38:00,2010-08-23 09:39:00,4430,4429,4430,4428,4434,4433,4434,4432,3
2010-08-23 09:39:00,2010-08-23 09:42:00,4429,4427,4429,4427,4433,4431,4433,4431,4
2010-08-23 09:42:00,2010-08-23 09:43:00,4427,4429,4430,4427,4431,4433,4434,4431,6
2010-08-23 09:43:00,2010-08-23 09:45:00,4430,4430,4430,4429,4434,4434,4434,4433,4
2010-08-23 09:45:00,2010-08-23 09:47:00,4428,4430,4430,4428,4432,4434,4434,4432,22
2010-08-23 09:47:00,2010-08-23 09:48:00,4430,4429,4430,4429,4434,4433,4434,4433,9
2010-08-23 09:48:00,2010-08-23 09:50:00,4429,4434,4434,4429,4433,4438,4438,4433,7
2010-08-23 09:50:00,2010-08-23 09:51:00,4434,4431,4434,4431,4438,4435,4438,4435,7
2010-08-23 09:51:00,2010-08-23 09:54:00,4432,4434,4435,4432,4436,4438,4439,4436,6
2010-08-23 09:54:00,2010-08-23 09:56:00,4434,4434,4434,4433,4438,4438,4438,4437,26
2010-08-23 09:56:00,2010-08-23 09:57:00,4434,4433,4434,4433,4438,4437,4438,4437,25
2010-08-23 09:57:00,2010-08-23 09:59:00,4433,4433,4434,4433,4437,4437,4438,4437,14
2010-08-23 09:59:00,2010-08-23 10:05:00,4433,4435,4435,4433,4437,4439,4439,4437,8
2010-08-23 10:05:00,2010-08-23 10:08:00,4435,4437,4437,4435,4439,4441,4441,4439,2
2010-08-23 10:08:00,2010-08-23 10:09:00,4437,4436,4439,4435,4441,4440,4443,4439,11
2010-08-23 10:09:00,2010-08-23 10:18:00,4436,4435,4437,4435,4440,4439,4441,4439,3
2010-08-23 10:18:00,2010-08-23 10:29:00,4437,4437,4438,4437,4441,4441,4442,4441,2
2010-08-23 10:29:00,2010-08-23 10:30:00,4437,4436,4438,4436,4441,4440,4442,4440,5
2010-08-23 10:30:00,2010-08-23 10:33:00,4437,4438,4439,4437,4441,4442,4443,4441,3
2010-08-23 10:33:00,2010-08-23 10:45:00,4437,4438,4438,4437,4441,4442,4442,4441,5
2010-08-23 10:45:00,2010-08-23 10:52:00,4437,4436,4437,4436,4441,4440,4441,4440,3
2010-08-23 10:52:00,2010-08-23 10:53:00,4436,4437,4437,4436,4440,4441,4441,4440,5
2010-08-23 10:53:00,2010-08-23 11:11:00,4436,4437,4437,4436,4440,4441,4441,4440,3
2010-08-23 11:11:00,2010-08-23 11:14:00,4437,4435,4437,4435,4441,4439,4441,4439,2
2010-08-23 11:14:00,2010-08-23 11:20:00,4434,4434,4436,4434,4438,4438,4440,4438,6
2010-08-23 11:20:00,2010-08-23 11:26:00,4435,4435,4435,4434,4439,4439,4439,4438,2
2010-08-23 11:26:00,2010-08-23 11:56:00,4438,4440,4440,4438,4442,4444,4444,4442,4
2010-08-23 11:56:00,2010-08-23 12:10:00,4438,4439,4439,4438,4442,4443,4443,4442,3
2010-08-23 12:10:00,2010-08-23 12:28:00,4436,4437,4437,4436,4440,4442,4442,4440,1
2010-08-23 12:28:00,2010-08-23 12:29:00,4437,4437,4438,4437,4442,4441,4442,4441,2
2010-08-23 12:29:00,2010-08-23 12:37:00,4438,4434,4438,4434,4442,4438,4442,4438,1
2010-08-23 12:37:00,2010-08-23 12:41:00,4434,4436,4437,4434,4438,4440,4441,4438,11
2010-08-23 12:41:00,2010-08-23 12:42:00,4436,4436,4436,4435,4440,4440,4440,4440,12
2010-08-23 12:42:00,2010-08-23 12:47:00,4436,4436,4436,4435,4440,4440,4440,4439,2
2010-08-23 12:47:00,2010-08-23 13:02:00,4435,4434,4435,4434,4439,4438,4439,4438,3
2010-08-23 13:02:00,2010-08-23 13:06:00,4434,4434,4434,4433,4438,4438,4438,4437,2
2010-08-23 13:06:00,2010-08-23 13:09:00,4434,4433,4434,4433,4438,4437,4438,4437,3
2010-08-23 13:09:00,2010-08-23 13:10:00,4433,4434,4434,4433,4437,4438,4438,4437,3
2010-08-23 13:10:00,2010-08-23 13:16:00,4434,4435,4436,4434,4438,4439,4440,4438,11
2010-08-23 13:16:00,2010-08-23 13:17:00,4435,4435,4435,4434,4439,4439,4439,4438,4
2010-08-23 13:17:00,2010-08-23 13:22:00,4436,4437,4437,4435,4440,4441,4441,4440,3
2010-08-23 13:22:00,2010-08-23 13:28:00,4437,4439,4439,4437,4441,4443,4443,4441,2
2010-08-23 13:28:00,2010-08-23 13:30:00,4439,4438,4439,4437,4443,4442,4443,4441,9
2010-08-23 13:30:00,2010-08-23 13:31:00,4438,4438,4439,4437,4442,4442,4443,4441,18
2010-08-23 13:31:00,2010-08-23 13:32:00,4438,4436,4438,4435,4442,4440,4442,4439,18
2010-08-23 13:32:00,2010-08-23 13:33:00,4436,4435,4436,4434,4440,4439,4440,4438,9
2010-08-23 13:33:00,2010-08-23 13:34:00,4435,4439,4439,4435,4439,4443,4443,4439,36
2010-08-23 13:34:00,2010-08-23 13:36:00,4439,4441,4441,4439,4443,4445,4445,4443,2
2010-08-23 13:36:00,2010-08-23 13:37:00,4441,4441,4442,4440,4445,4445,4446,4444,18
2010-08-23 13:37:00,2010-08-23 13:38:00,4441,4441,4442,4440,4445,4445,4446,4444,10
2010-08-23 13:38:00,2010-08-23 13:39:00,4441,4443,4443,4441,4445,4447,4447,4445,19
2010-08-23 13:39:00,2010-08-23 13:40:00,4443,4444,4445,4441,4447,4448,4449,4445,11
2010-08-23 13:40:00,2010-08-23 13:41:00,4444,4443,4445,4443,4448,4447,4449,4447,5
2010-08-23 13:41:00,2010-08-23 13:42:00,4443,4443,4444,4442,4447,4447,4448,4446,14
2010-08-23 13:42:00,2010-08-23 13:43:00,4443,4440,4444,4439,4447,4444,4448,4443,38
2010-08-23 13:43:00,2010-08-23 13:44:00,4440,4445,4446,4439,4444,4449,4450,4443,23
2010-08-23 13:44:00,2010-08-23 13:45:00,4445,4446,4446,4443,4449,4450,4450,4447,20
2010-08-23 13:45:00,2010-08-23 13:47:00,4447,4452,4456,4446,4451,4456,4460,4450,13
2010-08-23 13:47:00,2010-08-23 13:48:00,4452,4451,4454,4450,4456,4455,4458,4454,35
2010-08-23 13:48:00,2010-08-23 13:49:00,4451,4453,4454,4450,4455,4457,4458,4454,19
2010-08-23 13:49:00,2010-08-23 13:50:00,4453,4454,4455,4453,4457,4458,4459,4457,14
2010-08-23 13:50:00,2010-08-23 13:51:00,4454,4453,4454,4452,4458,4457,4458,4456,25
2010-08-23 13:51:00,2010-08-23 13:52:00,4453,4453,4454,4451,4457,4457,4458,4455,13
2010-08-23 13:52:00,2010-08-23 13:53:00,4453,4451,4454,4451,4457,4455,4458,4455,20
2010-08-23 13:53:00,2010-08-23 13:54:00,4451,4449,4451,4449,4455,4453,4455,4453,12
2010-08-23 13:54:00,2010-08-23 13:55:00,4449,4450,4450,4449,4453,4454,4454,4453,9
2010-08-23 13:55:00,2010-08-23 13:56:00,4450,4448,4451,4448,4454,4452,4455,4452,4
2010-08-23 13:56:00,2010-08-23 13:58:00,4448,4448,4448,4447,4452,4452,4452,4451,6
2010-08-23 13:58:00,2010-08-23 14:00:00,4448,4448,4449,4447,4452,4452,4453,4451,20
2010-08-23 14:00:00,2010-08-23 14:01:00,4448,4445,4449,4445,4452,4449,4453,4449,5
2010-08-23 14:01:00,2010-08-23 14:02:00,4445,4443,4445,4443,4449,4447,4449,4447,2
2010-08-23 14:02:00,2010-08-23 14:03:00,4443,4445,4446,4443,4447,4449,4450,4447,3
2010-08-23 14:03:00,2010-08-23 14:04:00,4445,4444,4445,4443,4449,4448,4449,4447,9
2010-08-23 14:04:00,2010-08-23 14:06:00,4444,4444,4444,4443,4448,4448,4448,4447,8
2010-08-23 14:06:00,2010-08-23 14:07:00,4444,4446,4446,4444,4448,4450,4450,4448,30
2010-08-23 14:07:00,2010-08-23 14:08:00,4446,4442,4446,4442,4450,4446,4450,4446,15
2010-08-23 14:08:00,2010-08-23 14:09:00,4442,4441,4442,4441,4446,4445,4446,4445,3
2010-08-23 14:09:00,2010-08-23 14:10:00,4441,4440,4442,4439,4445,4444,4446,4443,7
2010-08-23 14:10:00,2010-08-23 14:11:00,4440,4437,4440,4437,4444,4441,4444,4441,13
2010-08-23 14:11:00,2010-08-23 14:12:00,4437,4437,4439,4437,4441,4441,4443,4441,22
2010-08-23 14:12:00,2010-08-23 14:13:00,4437,4438,4438,4437,4441,4442,4442,4441,7
2010-08-23 14:13:00,2010-08-23 14:14:00,4438,4438,4439,4438,4442,4442,4443,4442,6
2010-08-23 14:14:00,2010-08-23 14:15:00,4438,4437,4438,4435,4442,4441,4442,4439,11
2010-08-23 14:15:00,2010-08-23 14:16:00,4437,4437,4438,4436,4441,4441,4442,4440,15
2010-08-23 14:16:00,2010-08-23 14:17:00,4437,4437,4437,4435,4441,4441,4441,4439,10
2010-08-23 14:17:00,2010-08-23 14:18:00,4437,4440,4440,4436,4441,4444,4444,4440,13
2010-08-23 14:18:00,2010-08-23 14:19:00,4440,4440,4441,4439,4444,4444,4445,4443,20
2010-08-23 14:19:00,2010-08-23 14:20:00,4440,4438,4441,4438,4444,4442,4445,4442,13
2010-08-23 14:20:00,2010-08-23 14:21:00,4438,4434,4439,4434,4442,4438,4443,4438,12
2010-08-23 14:21:00,2010-08-23 14:22:00,4434,4433,4436,4433,4438,4437,4440,4437,11
2010-08-23 14:22:00,2010-08-23 14:23:00,4433,4434,4434,4432,4437,4438,4438,4436,9
2010-08-23 14:23:00,2010-08-23 14:24:00,4434,4435,4435,4432,4438,4439,4439,4436,13
2010-08-23 14:24:00,2010-08-23 14:25:00,4435,4435,4435,4434,4439,4439,4439,4438,10
2010-08-23 14:25:00,2010-08-23 14:26:00,4435,4434,4435,4433,4439,4438,4439,4437,17
2010-08-23 14:26:00,2010-08-23 14:27:00,4434,4438,4438,4432,4438,4442,4442,4436,26
2010-08-23 14:27:00,2010-08-23 14:28:00,4438,4436,4438,4436,4442,4440,4442,4440,8
2010-08-23 14:28:00,2010-08-23 14:30:00,4436,4434,4437,4433,4440,4438,4441,4437,18
2010-08-23 14:30:00,2010-08-23 14:31:00,4434,4436,4436,4434,4438,4440,4440,4438,2
2010-08-23 14:31:00,2010-08-23 14:32:00,4436,4440,4440,4436,4440,4444,4444,4440,14
2010-08-23 14:32:00,2010-08-23 14:35:00,4440,4440,4441,4440,4444,4444,4445,4444,4
2010-08-23 14:35:00,2010-08-23 14:38:00,4440,4441,4442,4439,4444,4445,4446,4443,19
2010-08-23 14:38:00,2010-08-23 14:39:00,4441,4438,4441,4437,4445,4442,4445,4441,27
2010-08-23 14:39:00,2010-08-23 14:40:00,4438,4440,4441,4438,4442,4444,4445,4442,12
2010-08-23 14:40:00,2010-08-23 14:43:00,4439,4435,4439,4434,4443,4439,4443,4438,8
2010-08-23 14:43:00,2010-08-23 14:44:00,4435,4432,4435,4430,4439,4436,4439,4435,9
2010-08-23 14:44:00,2010-08-23 14:45:00,4432,4429,4432,4429,4436,4433,4436,4433,12
2010-08-23 14:45:00,2010-08-23 14:46:00,4429,4428,4429,4427,4433,4432,4433,4431,5
2010-08-23 14:46:00,2010-08-23 14:47:00,4428,4426,4428,4425,4432,4430,4432,4429,12
2010-08-23 14:47:00,2010-08-23 14:48:00,4426,4426,4426,4424,4430,4430,4430,4428,4
2010-08-23 14:48:00,2010-08-23 14:49:00,4426,4425,4428,4425,4430,4429,4432,4429,9
2010-08-23 14:49:00,2010-08-23 14:50:00,4425,4427,4428,4425,4429,4431,4432,4429,8
2010-08-23 14:50:00,2010-08-23 14:51:00,4427,4426,4427,4426,4431,4430,4431,4430,5
2010-08-23 14:51:00,2010-08-23 14:52:00,4426,4423,4426,4422,4430,4427,4430,4426,11
2010-08-23 14:52:00,2010-08-23 14:53:00,4423,4423,4424,4422,4427,4427,4428,4426,20
2010-08-23 14:53:00,2010-08-23 14:54:00,4423,4421,4423,4420,4427,4425,4427,4424,6
2010-08-23 14:54:00,2010-08-23 14:55:00,4421,4424,4424,4421,4425,4428,4428,4425,21
2010-08-23 14:55:00,2010-08-23 14:56:00,4424,4423,4425,4423,4428,4428,4429,4427,10
2010-08-23 14:56:00,2010-08-23 14:57:00,4423,4426,4426,4423,4428,4430,4430,4428,9
2010-08-23 14:57:00,2010-08-23 14:58:00,4426,4426,4427,4425,4430,4430,4431,4429,14
2010-08-23 14:58:00,2010-08-23 14:59:00,4426,4425,4427,4424,4430,4429,4431,4428,11
2010-08-23 14:59:00,2010-08-23 15:03:00,4421,4419,4421,4418,4425,4423,4425,4422,5
2010-08-23 15:03:00,2010-08-23 15:06:00,4417,4417,4417,4415,4421,4421,4421,4419,4
2010-08-23 15:06:00,2010-08-23 15:07:00,4417,4420,4421,4416,4421,4424,4425,4420,14
2010-08-23 15:07:00,2010-08-23 15:08:00,4420,4424,4424,4420,4424,4428,4428,4424,4
2010-08-23 15:08:00,2010-08-23 15:09:00,4424,4425,4425,4424,4428,4429,4429,4428,1
2010-08-23 15:09:00,2010-08-23 15:11:00,4424,4422,4425,4422,4428,4426,4429,4426,8
2010-08-23 15:11:00,2010-08-23 15:12:00,4422,4425,4425,4422,4426,4429,4429,4426,3
2010-08-23 15:12:00,2010-08-23 15:13:00,4425,4425,4425,4423,4429,4429,4429,4427,10
2010-08-23 15:13:00,2010-08-23 15:14:00,4425,4428,4429,4425,4429,4432,4433,4429,9
2010-08-23 15:14:00,2010-08-23 15:15:00,4428,4428,4429,4426,4432,4432,4433,4430,16
2010-08-23 15:15:00,2010-08-23 15:16:00,4428,4424,4428,4424,4432,4428,4432,4428,13
2010-08-23 15:16:00,2010-08-23 15:17:00,4424,4424,4426,4424,4428,4428,4430,4428,8
2010-08-23 15:17:00,2010-08-23 15:18:00,4424,4427,4427,4424,4428,4431,4431,4428,3
2010-08-23 15:18:00,2010-08-23 15:21:00,4425,4422,4425,4421,4429,4426,4429,4425,21
2010-08-23 15:21:00,2010-08-23 15:22:00,4422,4424,4424,4419,4426,4428,4428,4424,25
2010-08-23 15:22:00,2010-08-23 15:23:00,4424,4424,4424,4422,4428,4428,4428,4426,8
2010-08-23 15:23:00,2010-08-23 15:24:00,4424,4421,4424,4420,4428,4425,4428,4424,14
2010-08-23 15:24:00,2010-08-23 15:25:00,4421,4422,4424,4421,4425,4426,4428,4425,7
2010-08-23 15:25:00,2010-08-23 15:26:00,4422,4421,4423,4421,4426,4425,4427,4425,3
2010-08-23 15:26:00,2010-08-23 15:27:00,4421,4422,4422,4420,4425,4426,4426,4424,7
2010-08-23 15:27:00,2010-08-23 15:30:00,4422,4422,4422,4420,4426,4426,4426,4424,4
2010-08-23 15:30:00,2010-08-23 15:32:00,4424,4422,4424,4422,4428,4426,4428,4426,2
2010-08-23 15:32:00,2010-08-23 15:36:00,4422,4422,4423,4421,4426,4426,4427,4425,4
2010-08-23 15:36:00,2010-08-23 15:37:00,4422,4424,4424,4422,4426,4428,4428,4426,2
2010-08-23 15:37:00,2010-08-23 15:38:00,4424,4423,4424,4423,4428,4427,4428,4427,1
2010-08-23 15:38:00,2010-08-23 15:40:00,4422,4422,4423,4422,4426,4426,4427,4426,8
2010-08-23 15:40:00,2010-08-23 15:41:00,4422,4421,4423,4421,4426,4425,4427,4425,5
2010-08-23 15:41:00,2010-08-23 15:42:00,4421,4424,4424,4421,4425,4428,4428,4425,3
2010-08-23 15:42:00,2010-08-23 15:43:00,4424,4424,4425,4423,4428,4428,4429,4427,8
2010-08-23 15:43:00,2010-08-23 15:44:00,4424,4425,4426,4424,4428,4429,4430,4428,9
2010-08-23 15:44:00,2010-08-23 15:45:00,4425,4427,4427,4425,4429,4431,4431,4429,2
2010-08-23 15:45:00,2010-08-23 15:49:00,4426,4424,4426,4424,4430,4428,4430,4428,4
2010-08-23 15:49:00,2010-08-23 15:51:00,4424,4425,4425,4424,4428,4429,4429,4428,5
2010-08-23 15:51:00,2010-08-23 15:54:00,4424,4423,4424,4423,4428,4427,4428,4427,9
2010-08-23 15:54:00,2010-08-23 15:55:00,4423,4424,4424,4423,4427,4428,4428,4427,3
2010-08-23 15:55:00,2010-08-23 15:56:00,4424,4420,4424,4420,4428,4425,4428,4425,6
2010-08-23 15:56:00,2010-08-23 15:57:00,4420,4421,4422,4420,4425,4425,4426,4425,9
2010-08-23 15:57:00,2010-08-23 15:58:00,4421,4421,4422,4421,4425,4425,4426,4425,2
2010-08-23 15:58:00,2010-08-23 15:59:00,4421,4421,4422,4420,4425,4425,4426,4424,4
2010-08-23 15:59:00,2010-08-23 16:00:00,4421,4424,4426,4421,4425,4428,4430,4425,16
2010-08-23 16:00:00,2010-08-23 16:01:00,4424,4425,4426,4424,4428,4429,4430,4428,5
2010-08-23 16:01:00,2010-08-23 16:02:00,4425,4425,4427,4425,4429,4429,4431,4429,8
2010-08-23 16:02:00,2010-08-23 16:03:00,4425,4427,4427,4425,4429,4431,4431,4429,14
2010-08-23 16:03:00,2010-08-23 16:05:00,4427,4430,4430,4427,4431,4434,4434,4431,5
2010-08-23 16:05:00,2010-08-23 16:06:00,4430,4430,4431,4429,4434,4434,4435,4433,5
2010-08-23 16:06:00,2010-08-23 16:11:00,4428,4430,4431,4428,4432,4434,4435,4432,10
2010-08-23 16:11:00,2010-08-23 16:12:00,4430,4432,4433,4430,4434,4436,4437,4434,11
2010-08-23 16:12:00,2010-08-23 16:17:00,4433,4431,4433,4430,4437,4435,4437,4434,8
2010-08-23 16:17:00,2010-08-23 16:18:00,4431,4432,4432,4431,4435,4436,4436,4435,3
2010-08-23 16:18:00,2010-08-23 16:19:00,4432,4430,4432,4430,4436,4434,4436,4434,4
2010-08-23 16:19:00,2010-08-23 16:20:00,4430,4432,4432,4430,4434,4436,4436,4434,4
2010-08-23 16:20:00,2010-08-23 16:21:00,4432,4431,4432,4431,4436,4435,4436,4435,7
2010-08-23 16:21:00,2010-08-23 16:23:00,4431,4431,4432,4431,4435,4435,4436,4435,4
2010-08-23 16:23:00,2010-08-23 16:24:00,4431,4430,4432,4430,4435,4435,4436,4434,5
2010-08-23 16:24:00,2010-08-23 16:26:00,4430,4431,4431,4430,4435,4435,4435,4435,1
2010-08-23 16:26:00,2010-08-23 16:27:00,4431,4432,4433,4431,4435,4436,4437,4435,3
2010-08-23 16:27:00,2010-08-23 16:28:00,4432,4432,4433,4431,4436,4436,4437,4435,6
2010-08-23 16:28:00,2010-08-23 16:30:00,4432,4433,4433,4432,4436,4437,4437,4436,1
2010-08-23 16:30:00,2010-08-23 16:33:00,4433,4432,4433,4432,4437,4436,4437,4436,3
2010-08-23 16:33:00,2010-08-23 16:34:00,4432,4431,4432,4431,4436,4435,4436,4435,5
2010-08-23 16:34:00,2010-08-23 16:36:00,4431,4430,4432,4428,4435,4434,4436,4433,6
2010-08-23 16:36:00,2010-08-23 16:41:00,4428,4427,4429,4427,4432,4431,4433,4431,3
2010-08-23 16:41:00,2010-08-23 16:42:00,4427,4428,4428,4427,4431,4432,4432,4431,5
2010-08-23 16:42:00,2010-08-23 16:43:00,4428,4426,4428,4425,4432,4430,4432,4429,13
2010-08-23 16:43:00,2010-08-23 16:44:00,4426,4427,4427,4425,4430,4431,4431,4429,5
2010-08-23 16:44:00,2010-08-23 16:45:00,4427,4426,4427,4425,4431,4430,4431,4429,7
2010-08-23 16:45:00,2010-08-23 16:46:00,4426,4427,4427,4425,4430,4431,4431,4429,7
2010-08-23 16:46:00,2010-08-23 16:51:00,4427,4426,4427,4426,4431,4430,4431,4430,1
2010-08-23 16:51:00,2010-08-23 16:52:00,4426,4427,4428,4426,4430,4431,4432,4430,5
2010-08-23 16:52:00,2010-08-23 16:56:00,4427,4426,4427,4426,4431,4430,4431,4430,3
2010-08-23 16:56:00,2010-08-23 16:57:00,4426,4427,4427,4426,4430,4431,4431,4430,7
2010-08-23 16:57:00,2010-08-23 16:58:00,4427,4426,4427,4424,4431,4430,4431,4428,7
2010-08-23 16:58:00,2010-08-23 17:00:00,4427,4423,4427,4423,4431,4427,4431,4427,4
2010-08-23 17:00:00,2010-08-23 17:02:00,4422,4424,4424,4422,4426,4428,4428,4426,6
2010-08-23 17:02:00,2010-08-23 17:03:00,4424,4423,4424,4423,4428,4428,4428,4427,3
2010-08-23 17:03:00,2010-08-23 17:04:00,4423,4425,4425,4423,4428,4429,4429,4428,2
2010-08-23 17:04:00,2010-08-23 17:05:00,4425,4425,4425,4424,4429,4429,4429,4428,20
2010-08-23 17:05:00,2010-08-23 17:07:00,4425,4426,4426,4424,4429,4430,4430,4428,3
2010-08-23 17:07:00,2010-08-23 17:08:00,4426,4424,4426,4424,4430,4429,4430,4429,2
2010-08-23 17:08:00,2010-08-23 17:10:00,4424,4425,4425,4423,4429,4429,4429,4428,5
2010-08-23 17:10:00,2010-08-23 17:11:00,4425,4423,4425,4423,4429,4428,4429,4427,4
2010-08-23 17:11:00,2010-08-23 17:12:00,4423,4423,4423,4422,4428,4427,4428,4426,2
2010-08-23 17:12:00,2010-08-23 17:13:00,4423,4424,4425,4422,4427,4428,4429,4426,5
2010-08-23 17:13:00,2010-08-23 17:14:00,4424,4427,4427,4424,4428,4431,4431,4428,13
2010-08-23 17:14:00,2010-08-23 17:15:00,4427,4426,4427,4425,4431,4430,4431,4429,5
2010-08-23 17:15:00,2010-08-23 17:16:00,4426,4426,4427,4426,4430,4430,4431,4430,4
2010-08-23 17:16:00,2010-08-23 17:18:00,4425,4427,4427,4425,4429,4431,4431,4429,6
2010-08-23 17:18:00,2010-08-23 17:19:00,4427,4429,4429,4427,4431,4433,4433,4431,4
2010-08-23 17:19:00,2010-08-23 17:26:00,4429,4428,4429,4428,4433,4432,4433,4432,1
2010-08-23 17:26:00,2010-08-23 17:27:00,4428,4429,4430,4428,4432,4433,4434,4432,3
2010-08-23 17:27:00,2010-08-23 17:30:00,4430,4429,4431,4429,4434,4433,4435,4433,3
2010-08-23 17:30:00,2010-08-23 17:31:00,4429,4428,4430,4428,4433,4433,4434,4433,3
2010-08-23 17:31:00,2010-08-23 17:32:00,4428,4427,4428,4427,4433,4432,4433,4432,1
2010-08-23 17:32:00,2010-08-23 17:33:00,4427,4428,4428,4426,4432,4432,4432,4431,3
2010-08-23 17:33:00,2010-08-23 17:34:00,4428,4426,4428,4425,4432,4431,4433,4431,4
2010-08-23 17:34:00,2010-08-23 17:35:00,4426,4425,4426,4425,4431,4431,4431,4431,1
2010-08-23 17:35:00,2010-08-23 17:36:00,4425,4426,4426,4425,4431,4430,4431,4430,3
2010-08-23 17:36:00,2010-08-23 17:37:00,4426,4425,4427,4425,4430,4431,4431,4430,4
2010-08-23 17:37:00,2010-08-23 17:38:00,4425,4427,4427,4425,4431,4431,4431,4431,2
2010-08-23 17:38:00,2010-08-23 17:39:00,4427,4425,4427,4425,4431,4431,4431,4431,1
2010-08-23 17:39:00,2010-08-23 17:40:00,4425,4425,4425,4424,4431,4429,4431,4428,4
2010-08-23 17:40:00,2010-08-23 17:48:00,4425,4425,4426,4425,4429,4431,4431,4429,4
2010-08-23 17:48:00,2010-08-23 17:50:00,4425,4426,4426,4425,4431,4430,4431,4430,1
2010-08-23 17:50:00,2010-08-23 17:53:00,4426,4426,4426,4425,4430,4430,4430,4430,4
2010-08-23 17:53:00,2010-08-23 17:54:00,4426,4425,4426,4425,4430,4431,4431,4429,5
2010-08-23 17:54:00,2010-08-23 17:57:00,4425,4426,4426,4425,4431,4431,4431,4431,1
2010-08-23 17:57:00,2010-08-23 17:58:00,4426,4426,4427,4426,4431,4432,4432,4431,2
2010-08-23 17:58:00,2010-08-23 17:59:00,4426,4426,4427,4426,4432,4433,4433,4432,2
2010-08-23 17:59:00,2010-08-23 18:00:00,4426,4427,4427,4426,4433,4432,4433,4432,9
2010-08-23 18:00:00,2010-08-23 18:01:00,4427,4426,4427,4426,4432,4432,4432,4432,3
2010-08-23 18:01:00,2010-08-23 18:03:00,4427,4426,4427,4426,4432,4432,4432,4432,1
2010-08-23 18:03:00,2010-08-23 18:04:00,4426,4426,4426,4425,4432,4431,4432,4431,4
2010-08-23 18:04:00,2010-08-23 18:07:00,4426,4429,4429,4426,4431,4433,4433,4431,3
2010-08-23 18:07:00,2010-08-23 18:08:00,4429,4432,4433,4429,4433,4436,4438,4433,21
2010-08-23 18:08:00,2010-08-23 18:09:00,4432,4434,4436,4432,4436,4438,4440,4436,14
2010-08-23 18:09:00,2010-08-23 18:13:00,4434,4434,4435,4434,4438,4438,4439,4438,4
2010-08-23 18:13:00,2010-08-23 18:15:00,4434,4434,4436,4434,4438,4438,4440,4438,12
2010-08-23 18:15:00,2010-08-23 18:16:00,4434,4432,4434,4432,4438,4437,4438,4437,3
2010-08-23 18:16:00,2010-08-23 18:17:00,4432,4433,4433,4432,4437,4437,4437,4436,3
2010-08-23 18:17:00,2010-08-23 18:18:00,4433,4432,4433,4432,4437,4437,4437,4436,5
2010-08-23 18:18:00,2010-08-23 18:19:00,4432,4430,4432,4430,4437,4434,4437,4434,6
2010-08-23 18:19:00,2010-08-23 18:20:00,4430,4430,4431,4427,4434,4434,4435,4432,13
2010-08-23 18:20:00,2010-08-23 18:22:00,4430,4429,4430,4429,4434,4433,4434,4433,1
2010-08-23 18:22:00,2010-08-23 18:23:00,4429,4426,4429,4426,4433,4432,4433,4432,2
2010-08-23 18:23:00,2010-08-23 18:24:00,4426,4427,4427,4426,4432,4432,4432,4432,1
2010-08-23 18:24:00,2010-08-23 18:25:00,4427,4429,4429,4427,4432,4435,4435,4432,4
2010-08-23 18:25:00,2010-08-23 18:27:00,4429,4426,4429,4426,4435,4435,4436,4435,3
2010-08-23 18:27:00,2010-08-23 18:30:00,4426,4429,4429,4426,4435,4436,4436,4434,3
2010-08-23 18:30:00,2010-08-23 18:31:00,4429,4429,4430,4428,4436,4437,4437,4436,4
2010-08-23 18:31:00,2010-08-23 18:32:00,4429,4430,4430,4429,4437,4437,4437,4437,1
2010-08-23 18:32:00,2010-08-23 18:33:00,4430,4427,4430,4427,4437,4437,4437,4437,5
2010-08-23 18:33:00,2010-08-23 18:35:00,4427,4436,4436,4427,4437,4440,4440,4437,7
2010-08-23 18:35:00,2010-08-23 18:36:00,4436,4440,4440,4434,4440,4444,4444,4439,27
2010-08-23 18:36:00,2010-08-23 18:37:00,4440,4437,4440,4437,4444,4441,4444,4441,3
2010-08-23 18:37:00,2010-08-23 18:42:00,4436,4434,4436,4433,4440,4438,4440,4437,3
2010-08-23 18:42:00,2010-08-23 18:43:00,4434,4433,4434,4432,4438,4437,4438,4436,3
2010-08-23 18:43:00,2010-08-23 18:45:00,4433,4433,4434,4433,4437,4437,4438,4437,2
2010-08-23 18:45:00,2010-08-23 18:48:00,4433,4431,4433,4431,4437,4435,4437,4435,2
2010-08-23 18:48:00,2010-08-23 18:49:00,4431,4431,4432,4431,4435,4435,4436,4435,2
2010-08-23 18:49:00,2010-08-23 18:50:00,4431,4431,4432,4430,4435,4435,4436,4434,8
2010-08-23 18:50:00,2010-08-23 18:51:00,4431,4431,4431,4430,4435,4435,4435,4434,2
2010-08-23 18:51:00,2010-08-23 18:52:00,4431,4430,4431,4429,4435,4434,4435,4434,3
2010-08-23 18:52:00,2010-08-23 18:54:00,4430,4428,4430,4428,4434,4432,4434,4432,6
2010-08-23 18:54:00,2010-08-23 18:55:00,4428,4427,4428,4427,4432,4431,4432,4431,1
2010-08-23 18:55:00,2010-08-23 18:57:00,4427,4427,4427,4426,4431,4431,4431,4430,2
2010-08-23 18:57:00,2010-08-23 18:59:00,4428,4428,4428,4427,4432,4432,4432,4431,2
2010-08-23 18:59:00,2010-08-23 19:01:00,4428,4426,4428,4426,4432,4431,4432,4430,6
2010-08-23 19:01:00,2010-08-23 19:02:00,4426,4426,4426,4425,4431,4431,4431,4430,4
2010-08-23 19:02:00,2010-08-23 19:03:00,4426,4423,4426,4422,4431,4430,4431,4428,9
2010-08-23 19:03:00,2010-08-23 19:04:00,4423,4425,4425,4423,4430,4430,4430,4430,2
2010-08-23 19:04:00,2010-08-23 19:05:00,4425,4428,4429,4425,4430,4432,4433,4430,5
2010-08-23 19:05:00,2010-08-23 19:06:00,4428,4424,4428,4423,4432,4429,4432,4429,6
2010-08-23 19:06:00,2010-08-23 19:08:00,4424,4424,4426,4423,4429,4429,4430,4427,13
2010-08-23 19:08:00,2010-08-23 19:09:00,4424,4423,4424,4423,4429,4428,4429,4428,1
2010-08-23 19:09:00,2010-08-23 19:10:00,4423,4425,4426,4423,4428,4429,4430,4428,5
2010-08-23 19:10:00,2010-08-23 19:11:00,4425,4424,4425,4424,4429,4429,4429,4429,1
2010-08-23 19:11:00,2010-08-23 19:13:00,4424,4423,4424,4423,4429,4429,4429,4429,1
2010-08-23 19:13:00,2010-08-23 19:14:00,4423,4423,4423,4422,4429,4427,4429,4426,2
2010-08-23 19:14:00,2010-08-23 19:15:00,4423,4424,4427,4423,4427,4428,4431,4427,6
2010-08-23 19:15:00,2010-08-23 19:18:00,4427,4429,4430,4427,4431,4433,4434,4431,7
2010-08-23 19:18:00,2010-08-23 19:19:00,4429,4427,4429,4427,4433,4432,4433,4432,2
2010-08-23 19:19:00,2010-08-23 19:20:00,4427,4426,4427,4425,4432,4430,4432,4429,3
2010-08-23 19:20:00,2010-08-23 19:22:00,4425,4427,4429,4425,4429,4431,4433,4429,9
2010-08-23 19:22:00,2010-08-23 19:24:00,4425,4420,4425,4420,4429,4424,4429,4424,8
2010-08-23 19:24:00,2010-08-23 19:25:00,4420,4419,4421,4417,4424,4423,4425,4421,22
2010-08-23 19:25:00,2010-08-23 19:26:00,4419,4421,4421,4417,4423,4425,4425,4421,14
2010-08-23 19:26:00,2010-08-23 19:27:00,4421,4419,4421,4418,4425,4423,4425,4422,4
2010-08-23 19:27:00,2010-08-23 19:28:00,4419,4419,4419,4418,4423,4423,4423,4422,8
2010-08-23 19:28:00,2010-08-23 19:33:00,4419,4417,4419,4416,4423,4421,4423,4420,14
2010-08-23 19:33:00,2010-08-23 19:35:00,4420,4418,4420,4418,4424,4422,4424,4422,8
2010-08-23 19:35:00,2010-08-23 19:36:00,4418,4416,4418,4416,4422,4420,4422,4420,10
2010-08-23 19:36:00,2010-08-23 19:37:00,4416,4417,4417,4416,4420,4421,4421,4420,3
2010-08-23 19:37:00,2010-08-23 19:38:00,4417,4413,4417,4412,4421,4417,4421,4416,14
2010-08-23 19:38:00,2010-08-23 19:39:00,4413,4413,4413,4412,4417,4417,4417,4416,4
2010-08-23 19:39:00,2010-08-23 19:40:00,4413,4416,4416,4413,4417,4420,4420,4417,5
2010-08-23 19:40:00,2010-08-23 19:41:00,4416,4417,4417,4415,4420,4421,4421,4420,4
2010-08-23 19:41:00,2010-08-23 19:42:00,4417,4416,4417,4415,4421,4420,4421,4419,3
2010-08-23 19:42:00,2010-08-23 19:43:00,4416,4414,4417,4414,4420,4418,4421,4418,6
2010-08-23 19:43:00,2010-08-23 19:44:00,4414,4414,4414,4413,4418,4418,4418,4417,12
2010-08-23 19:44:00,2010-08-23 19:45:00,4414,4411,4414,4411,4418,4415,4418,4415,9
2010-08-23 19:45:00,2010-08-23 19:46:00,4411,4411,4412,4410,4415,4415,4416,4414,6
2010-08-23 19:46:00,2010-08-23 19:47:00,4411,4412,4414,4410,4415,4416,4418,4414,12
2010-08-23 19:47:00,2010-08-23 19:49:00,4413,4412,4413,4412,4417,4416,4417,4416,5
2010-08-23 19:49:00,2010-08-23 19:51:00,4413,4411,4414,4411,4417,4416,4418,4415,12
2010-08-23 19:51:00,2010-08-23 19:53:00,4411,4410,4411,4410,4416,4414,4416,4414,5
2010-08-23 19:53:00,2010-08-23 19:54:00,4410,4409,4411,4409,4414,4413,4415,4413,3
2010-08-23 19:54:00,2010-08-23 19:55:00,4409,4410,4410,4409,4413,4414,4414,4413,5
2010-08-23 19:55:00,2010-08-23 19:58:00,4409,4408,4409,4407,4413,4412,4413,4411,5
2010-08-23 19:58:00,2010-08-23 19:59:00,4408,4408,4411,4408,4412,4412,4415,4412,13
2010-08-23 19:59:00,2010-08-23 20:00:00,4408,4407,4410,4407,4412,4411,4414,4411,14
2010-08-23 20:00:00,2010-08-23 20:02:00,4407,4408,4408,4407,4411,4412,4412,4411,7
2010-08-23 20:02:00,2010-08-23 20:04:00,4407,4405,4407,4405,4411,4409,4411,4409,2
2010-08-23 20:04:00,2010-08-23 20:10:00,4405,4405,4406,4404,4409,4409,4410,4408,4
2010-08-23 20:10:00,2010-08-23 20:11:00,4405,4407,4407,4405,4409,4411,4411,4409,4
2010-08-23 20:11:00,2010-08-23 20:14:00,4407,4409,4409,4407,4411,4413,4413,4411,2
2010-08-23 20:14:00,2010-08-23 20:15:00,4409,4407,4409,4407,4413,4411,4413,4411,1
2010-08-23 20:15:00,2010-08-23 20:21:00,4407,4407,4409,4407,4411,4412,4413,4411,3
2010-08-23 20:21:00,2010-08-23 20:30:00,4407,4408,4408,4407,4412,4412,4412,4412,1
2010-08-23 20:30:00,2010-08-23 20:41:00,4408,4406,4408,4406,4412,4410,4412,4410,2
2010-08-23 20:41:00,2010-08-23 20:46:00,4406,4408,4408,4406,4410,4412,4412,4410,2
2010-08-23 20:46:00,2010-08-23 23:50:00,4410,4417,4418,4410,4414,4419,4421,4414,18
2010-08-23 23:50:00,2010-08-23 23:51:00,4417,4409,4417,4408,4419,4411,4419,4410,11
2010-08-23 23:51:00,2010-08-23 23:53:00,4407,4406,4407,4405,4409,4408,4409,4407,9
2010-08-23 23:53:00,2010-08-23 23:56:00,4403,4405,4405,4403,4405,4407,4407,4405,9
2010-08-23 23:56:00,2010-08-23 23:57:00,4405,4404,4406,4403,4407,4406,4408,4405,7
2010-08-23 23:57:00,2010-08-23 23:59:00,4406,4406,4407,4405,4408,4408,4409,4407,10
2010-08-23 23:59:00,2010-08-24 00:00:00,4406,4404,4406,4403,4408,4406,4408,4405,13
2010-08-24 00:00:00,2010-08-24 00:01:00,4404,4400,4404,4399,4406,4402,4406,4401,6
2010-08-24 00:01:00,2010-08-24 00:03:00,4400,4401,4402,4400,4402,4403,4404,4402,7
2010-08-24 00:03:00,2010-08-24 00:04:00,4401,4402,4402,4399,4403,4404,4404,4401,13
2010-08-24 00:04:00,2010-08-24 00:05:00,4402,4404,4405,4402,4404,4406,4407,4404,10
2010-08-24 00:05:00,2010-08-24 00:06:00,4404,4400,4404,4400,4406,4402,4406,4402,16
2010-08-24 00:06:00,2010-08-24 00:08:00,4398,4402,4402,4398,4400,4404,4404,4400,4
2010-08-24 00:08:00,2010-08-24 00:09:00,4402,4398,4403,4398,4404,4400,4405,4400,8
2010-08-24 00:09:00,2010-08-24 00:10:00,4398,4396,4400,4395,4400,4398,4402,4397,10
2010-08-24 00:10:00,2010-08-24 00:11:00,4396,4396,4398,4395,4398,4398,4400,4397,16
2010-08-24 00:11:00,2010-08-24 00:12:00,4396,4399,4399,4396,4398,4401,4401,4398,11
2010-08-24 00:12:00,2010-08-24 00:13:00,4399,4399,4399,4397,4401,4401,4401,4399,6
2010-08-24 00:13:00,2010-08-24 00:14:00,4399,4400,4402,4397,4401,4402,4404,4399,13
2010-08-24 00:14:00,2010-08-24 00:15:00,4400,4398,4401,4398,4402,4400,4403,4400,10
2010-08-24 00:15:00,2010-08-24 00:17:00,4400,4401,4402,4400,4402,4403,4404,4402,13
2010-08-24 00:17:00,2010-08-24 00:18:00,4401,4403,4404,4401,4403,4405,4406,4403,10
2010-08-24 00:18:00,2010-08-24 00:19:00,4403,4405,4406,4403,4405,4407,4408,4405,10
2010-08-24 00:19:00,2010-08-24 00:20:00,4405,4404,4406,4404,4407,4406,4408,4406,9
2010-08-24 00:20:00,2010-08-24 00:21:00,4404,4402,4404,4402,4406,4404,4406,4404,10
2010-08-24 00:21:00,2010-08-24 00:22:00,4402,4406,4406,4402,4404,4408,4408,4404,14
2010-08-24 00:22:00,2010-08-24 00:24:00,4404,4407,4407,4404,4406,4409,4409,4406,7
2010-08-24 00:24:00,2010-08-24 00:25:00,4407,4408,4409,4406,4409,4410,4411,4408,9
2010-08-24 00:25:00,2010-08-24 00:28:00,4406,4408,4408,4405,4408,4410,4410,4407,8
2010-08-24 00:28:00,2010-08-24 00:29:00,4408,4407,4409,4407,4410,4409,4411,4409,15
2010-08-24 00:29:00,2010-08-24 00:32:00,4406,4405,4406,4404,4408,4407,4408,4406,5
2010-08-24 00:32:00,2010-08-24 00:33:00,4405,4407,4407,4403,4407,4409,4409,4405,8
2010-08-24 00:33:00,2010-08-24 00:34:00,4407,4405,4407,4404,4409,4407,4409,4406,14
2010-08-24 00:34:00,2010-08-24 00:35:00,4405,4402,4405,4402,4407,4404,4407,4404,13
2010-08-24 00:35:00,2010-08-24 00:36:00,4402,4405,4406,4402,4404,4407,4408,4404,7
2010-08-24 00:36:00,2010-08-24 00:39:00,4403,4404,4405,4402,4405,4406,4407,4404,7
2010-08-24 00:39:00,2010-08-24 00:40:00,4404,4403,4404,4403,4406,4405,4406,4405,7
2010-08-24 00:40:00,2010-08-24 00:41:00,4403,4407,4407,4403,4405,4409,4409,4405,10
2010-08-24 00:41:00,2010-08-24 00:42:00,4407,4406,4407,4405,4409,4408,4409,4407,13
2010-08-24 00:42:00,2010-08-24 00:45:00,4405,4405,4406,4405,4407,4407,4408,4407,12
2010-08-24 00:45:00,2010-08-24 00:47:00,4406,4402,4406,4402,4408,4404,4408,4404,4
2010-08-24 00:47:00,2010-08-24 00:48:00,4402,4400,4403,4400,4404,4402,4405,4402,16
2010-08-24 00:48:00,2010-08-24 00:50:00,4399,4396,4399,4396,4401,4398,4401,4398,5
2010-08-24 00:50:00,2010-08-24 00:51:00,4396,4397,4398,4395,4398,4399,4400,4397,15
2010-08-24 00:51:00,2010-08-24 00:52:00,4397,4398,4399,4397,4399,4400,4401,4399,3
2010-08-24 00:52:00,2010-08-24 00:54:00,4397,4400,4400,4396,4399,4402,4402,4398,9
2010-08-24 00:54:00,2010-08-24 00:56:00,4401,4402,4402,4400,4403,4404,4404,4402,7
2010-08-24 00:56:00,2010-08-24 00:58:00,4403,4405,4405,4402,4405,4407,4407,4404,6
2010-08-24 00:58:00,2010-08-24 01:00:00,4403,4402,4403,4400,4405,4404,4405,4402,9
2010-08-24 01:00:00,2010-08-24 01:01:00,4402,4402,4402,4400,4404,4404,4404,4402,6
2010-08-24 01:01:00,2010-08-24 01:03:00,4402,4402,4403,4401,4404,4404,4405,4403,8
2010-08-24 01:03:00,2010-08-24 01:05:00,4401,4399,4401,4398,4403,4401,4403,4400,10
2010-08-24 01:05:00,2010-08-24 01:07:00,4399,4401,4401,4399,4401,4403,4403,4401,10
2010-08-24 01:07:00,2010-08-24 01:19:00,4401,4399,4401,4398,4403,4401,4403,4400,12
2010-08-24 01:19:00,2010-08-24 01:22:00,4398,4398,4400,4397,4400,4400,4402,4399,10
2010-08-24 01:22:00,2010-08-24 01:23:00,4398,4400,4400,4397,4400,4402,4402,4399,10
2010-08-24 01:23:00,2010-08-24 01:24:00,4400,4400,4401,4399,4402,4402,4403,4401,8
2010-08-24 01:24:00,2010-08-24 01:27:00,4398,4397,4398,4397,4400,4399,4400,4399,5
2010-08-24 01:27:00,2010-08-24 01:28:00,4397,4398,4400,4397,4399,4400,4402,4399,9
2010-08-24 01:28:00,2010-08-24 01:30:00,4398,4395,4399,4395,4400,4397,4401,4397,9
2010-08-24 01:30:00,2010-08-24 01:31:00,4395,4395,4396,4394,4397,4397,4398,4396,10
2010-08-24 01:31:00,2010-08-24 01:32:00,4395,4390,4395,4390,4397,4392,4397,4392,7
2010-08-24 01:32:00,2010-08-24 01:33:00,4390,4392,4392,4390,4392,4394,4394,4392,8
2010-08-24 01:33:00,2010-08-24 01:34:00,4392,4393,4393,4391,4394,4395,4395,4393,7
2010-08-24 01:34:00,2010-08-24 01:35:00,4393,4392,4394,4392,4395,4394,4396,4394,5
2010-08-24 01:35:00,2010-08-24 01:36:00,4392,4393,4393,4392,4394,4395,4395,4394,9
2010-08-24 01:36:00,2010-08-24 01:38:00,4393,4389,4393,4389,4395,4391,4395,4391,4
2010-08-24 01:38:00,2010-08-24 01:39:00,4389,4386,4389,4386,4391,4388,4391,4388,7
2010-08-24 01:39:00,2010-08-24 01:40:00,4386,4385,4387,4385,4388,4387,4389,4387,11
2010-08-24 01:40:00,2010-08-24 01:42:00,4384,4382,4384,4381,4386,4384,4386,4383,6
2010-08-24 01:42:00,2010-08-24 01:44:00,4382,4384,4384,4381,4384,4386,4386,4383,4
2010-08-24 01:44:00,2010-08-24 01:45:00,4384,4382,4384,4382,4386,4384,4386,4384,18
2010-08-24 01:45:00,2010-08-24 01:46:00,4382,4383,4384,4381,4384,4385,4386,4383,5
2010-08-24 01:46:00,2010-08-24 01:47:00,4383,4381,4384,4380,4385,4383,4386,4382,8
2010-08-24 01:47:00,2010-08-24 01:48:00,4381,4380,4383,4380,4383,4382,4385,4382,5
2010-08-24 01:48:00,2010-08-24 01:49:00,4380,4380,4380,4378,4382,4382,4382,4380,8
2010-08-24 01:49:00,2010-08-24 01:51:00,4379,4381,4382,4377,4381,4383,4384,4379,8
2010-08-24 01:51:00,2010-08-24 01:53:00,4381,4381,4383,4381,4383,4383,4385,4383,10
2010-08-24 01:53:00,2010-08-24 01:58:00,4383,4381,4383,4380,4385,4383,4385,4382,4
2010-08-24 01:58:00,2010-08-24 02:00:00,4382,4382,4383,4381,4384,4384,4385,4383,12
2010-08-24 02:00:00,2010-08-24 02:02:00,4381,4381,4381,4380,4383,4383,4383,4382,10
2010-08-24 02:02:00,2010-08-24 02:05:00,4381,4380,4381,4379,4383,4382,4383,4381,9
2010-08-24 02:05:00,2010-08-24 02:06:00,4380,4380,4380,4379,4382,4382,4382,4381,8
2010-08-24 02:06:00,2010-08-24 02:08:00,4381,4380,4381,4379,4383,4382,4383,4381,11
2010-08-24 02:08:00,2010-08-24 02:21:00,4381,4381,4382,4381,4383,4383,4384,4383,12
2010-08-24 02:21:00,2010-08-24 02:27:00,4381,4382,4383,4381,4383,4384,4385,4383,11
2010-08-24 02:27:00,2010-08-24 02:40:00,4386,4387,4388,4385,4388,4389,4390,4387,9
2010-08-24 02:40:00,2010-08-24 02:42:00,4388,4388,4389,4387,4390,4390,4391,4389,10
2010-08-24 02:42:00,2010-08-24 02:44:00,4389,4388,4390,4388,4391,4390,4392,4390,3
2010-08-24 02:44:00,2010-08-24 02:46:00,4389,4390,4390,4387,4391,4392,4392,4389,9
2010-08-24 02:46:00,2010-08-24 02:49:00,4391,4389,4391,4388,4393,4391,4393,4390,6
2010-08-24 02:49:00,2010-08-24 02:52:00,4389,4389,4389,4388,4391,4391,4391,4390,10
2010-08-24 02:52:00,2010-08-24 02:57:00,4389,4391,4391,4389,4391,4393,4393,4391,4
2010-08-24 02:57:00,2010-08-24 03:02:00,4391,4393,4394,4391,4393,4395,4396,4393,6
2010-08-24 03:02:00,2010-08-24 03:06:00,4396,4396,4397,4395,4398,4398,4399,4397,6
2010-08-24 03:06:00,2010-08-24 03:16:00,4396,4395,4396,4394,4398,4397,4398,4397,2
2010-08-24 03:16:00,2010-08-24 03:17:00,4395,4398,4398,4395,4397,4400,4400,4397,5
2010-08-24 03:17:00,2010-08-24 03:20:00,4398,4400,4400,4398,4400,4402,4402,4400,4
2010-08-24 03:20:00,2010-08-24 03:24:00,4401,4402,4402,4400,4403,4404,4404,4402,9
2010-08-24 03:24:00,2010-08-24 03:27:00,4400,4401,4402,4400,4402,4403,4404,4402,5
2010-08-24 03:27:00,2010-08-24 03:28:00,4401,4400,4401,4400,4403,4402,4403,4402,7
2010-08-24 03:28:00,2010-08-24 03:29:00,4400,4402,4402,4400,4402,4404,4404,4402,4
2010-08-24 03:29:00,2010-08-24 03:34:00,4399,4398,4400,4398,4401,4400,4402,4400,7
2010-08-24 03:34:00,2010-08-24 03:35:00,4398,4399,4400,4398,4400,4401,4402,4400,7
2010-08-24 03:35:00,2010-08-24 03:38:00,4400,4401,4403,4400,4402,4403,4405,4402,5
2010-08-24 03:38:00,2010-08-24 03:42:00,4400,4398,4400,4398,4402,4400,4402,4400,4
2010-08-24 03:42:00,2010-08-24 03:46:00,4399,4402,4402,4399,4401,4404,4404,4401,7
2010-08-24 03:46:00,2010-08-24 03:56:00,4399,4399,4400,4399,4401,4401,4402,4401,6
2010-08-24 03:56:00,2010-08-24 03:59:00,4397,4398,4399,4397,4399,4400,4401,4399,9
2010-08-24 03:59:00,2010-08-24 04:00:00,4398,4399,4399,4397,4400,4401,4401,4399,7
2010-08-24 04:00:00,2010-08-24 04:02:00,4398,4401,4401,4397,4400,4403,4403,4399,15
2010-08-24 04:02:00,2010-08-24 04:03:00,4401,4400,4401,4399,4403,4402,4403,4401,5
2010-08-24 04:03:00,2010-08-24 04:06:00,4400,4402,4403,4400,4402,4404,4405,4402,10
2010-08-24 04:06:00,2010-08-24 04:10:00,4397,4394,4397,4394,4399,4396,4399,4396,17
2010-08-24 04:10:00,2010-08-24 04:11:00,4394,4393,4395,4393,4396,4395,4397,4395,13
2010-08-24 04:11:00,2010-08-24 04:15:00,4394,4396,4396,4393,4396,4398,4398,4395,6
2010-08-24 04:15:00,2010-08-24 04:19:00,4391,4391,4391,4389,4393,4393,4393,4391,23
2010-08-24 04:19:00,2010-08-24 04:28:00,4393,4391,4394,4391,4395,4393,4396,4393,4
2010-08-24 04:28:00,2010-08-24 04:33:00,4390,4390,4391,4389,4392,4392,4393,4391,6
2010-08-24 04:33:00,2010-08-24 04:34:00,4390,4391,4391,4389,4392,4393,4393,4391,3
2010-08-24 04:34:00,2010-08-24 04:36:00,4391,4394,4394,4391,4393,4396,4396,4393,3
2010-08-24 04:36:00,2010-08-24 04:40:00,4392,4391,4392,4390,4394,4393,4394,4392,7
2010-08-24 04:40:00,2010-08-24 04:49:00,4390,4388,4390,4388,4392,4390,4392,4390,6
2010-08-24 04:49:00,2010-08-24 04:55:00,4386,4386,4387,4385,4388,4388,4389,4387,10
2010-08-24 04:55:00,2010-08-24 04:57:00,4386,4387,4388,4385,4388,4389,4390,4388,16
2010-08-24 04:57:00,2010-08-24 05:00:00,4386,4388,4388,4386,4388,4390,4390,4388,10
2010-08-24 05:00:00,2010-08-24 05:02:00,4389,4387,4389,4387,4391,4389,4391,4389,4
2010-08-24 05:02:00,2010-08-24 05:03:00,4387,4386,4387,4386,4389,4388,4389,4388,9
2010-08-24 05:03:00,2010-08-24 05:16:00,4388,4391,4392,4388,4390,4393,4394,4390,5
2010-08-24 05:16:00,2010-08-24 05:22:00,4390,4390,4391,4389,4392,4392,4393,4391,10
2010-08-24 05:22:00,2010-08-24 05:24:00,4389,4388,4389,4387,4391,4390,4391,4389,11
2010-08-24 05:24:00,2010-08-24 05:33:00,4386,4384,4386,4383,4388,4386,4388,4385,12
2010-08-24 05:33:00,2010-08-24 05:35:00,4383,4382,4383,4381,4385,4384,4385,4383,17
2010-08-24 05:35:00,2010-08-24 05:41:00,4381,4381,4382,4380,4383,4383,4384,4382,8
2010-08-24 05:41:00,2010-08-24 05:45:00,4385,4384,4385,4383,4387,4386,4387,4385,5
2010-08-24 05:45:00,2010-08-24 05:47:00,4383,4387,4387,4383,4385,4389,4389,4385,8
2010-08-24 05:47:00,2010-08-24 05:48:00,4387,4386,4387,4384,4389,4388,4389,4386,11
2010-08-24 05:48:00,2010-08-24 06:00:00,4382,4378,4382,4378,4384,4380,4384,4380,8
2010-08-24 06:00:00,2010-08-24 06:02:00,4375,4376,4377,4374,4377,4378,4379,4376,17
2010-08-24 06:02:00,2010-08-24 06:03:00,4376,4376,4376,4374,4378,4378,4378,4376,18
2010-08-24 06:03:00,2010-08-24 06:04:00,4376,4378,4380,4375,4378,4380,4382,4377,10
2010-08-24 06:04:00,2010-08-24 06:05:00,4378,4380,4380,4377,4380,4382,4382,4379,10
2010-08-24 06:05:00,2010-08-24 06:06:00,4380,4381,4383,4380,4382,4383,4385,4382,12
2010-08-24 06:06:00,2010-08-24 06:07:00,4381,4381,4383,4380,4383,4383,4385,4382,12
2010-08-24 06:07:00,2010-08-24 06:08:00,4381,4381,4383,4381,4383,4383,4385,4383,14
2010-08-24 06:08:00,2010-08-24 06:09:00,4381,4382,4383,4380,4383,4384,4385,4382,20
2010-08-24 06:09:00,2010-08-24 06:10:00,4382,4381,4383,4381,4384,4383,4385,4383,13
2010-08-24 06:10:00,2010-08-24 06:14:00,4380,4378,4380,4378,4382,4380,4382,4380,8
2010-08-24 06:14:00,2010-08-24 06:15:00,4378,4379,4379,4377,4380,4381,4381,4379,9
2010-08-24 06:15:00,2010-08-24 06:17:00,4380,4378,4381,4377,4382,4380,4383,4379,14
2010-08-24 06:17:00,2010-08-24 06:18:00,4378,4378,4378,4375,4380,4380,4380,4377,8
2010-08-24 06:18:00,2010-08-24 06:19:00,4378,4381,4381,4377,4380,4383,4383,4379,9
2010-08-24 06:19:00,2010-08-24 06:23:00,4383,4382,4383,4381,4385,4384,4385,4383,8
2010-08-24 06:23:00,2010-08-24 06:24:00,4382,4381,4383,4381,4384,4383,4385,4383,10
2010-08-24 06:24:00,2010-08-24 06:26:00,4382,4380,4383,4380,4384,4382,4385,4382,6
2010-08-24 06:26:00,2010-08-24 06:27:00,4380,4382,4384,4380,4382,4384,4386,4382,13
2010-08-24 06:27:00,2010-08-24 06:28:00,4382,4381,4383,4380,4384,4383,4385,4382,11
2010-08-24 06:28:00,2010-08-24 06:29:00,4381,4383,4386,4380,4383,4385,4388,4382,12
2010-08-24 06:29:00,2010-08-24 07:10:00,4383,4375,4383,4373,4385,4379,4385,4377,18
2010-08-24 07:10:00,2010-08-24 07:11:00,4375,4375,4377,4371,4379,4379,4381,4375,11
2010-08-24 07:11:00,2010-08-24 07:12:00,4375,4374,4377,4373,4379,4378,4381,4377,17
2010-08-24 07:12:00,2010-08-24 07:13:00,4374,4373,4374,4373,4378,4377,4378,4377,1
2010-08-24 07:13:00,2010-08-24 07:14:00,4373,4373,4373,4372,4377,4377,4377,4376,10
2010-08-24 07:14:00,2010-08-24 07:15:00,4373,4366,4373,4366,4377,4370,4377,4370,15
2010-08-24 07:15:00,2010-08-24 07:16:00,4366,4365,4367,4363,4370,4369,4371,4367,17
2010-08-24 07:16:00,2010-08-24 07:17:00,4365,4363,4365,4363,4369,4367,4369,4367,10
2010-08-24 07:17:00,2010-08-24 07:18:00,4363,4362,4363,4362,4367,4366,4367,4366,9
2010-08-24 07:18:00,2010-08-24 07:19:00,4362,4364,4365,4362,4366,4368,4369,4366,8
2010-08-24 07:19:00,2010-08-24 07:21:00,4364,4361,4364,4361,4368,4365,4368,4365,15
2010-08-24 07:21:00,2010-08-24 07:22:00,4361,4364,4364,4361,4365,4368,4368,4365,5
2010-08-24 07:22:00,2010-08-24 07:23:00,4364,4367,4367,4364,4368,4371,4371,4368,3
2010-08-24 07:23:00,2010-08-24 07:25:00,4366,4366,4367,4365,4370,4370,4371,4369,8
2010-08-24 07:25:00,2010-08-24 07:26:00,4366,4365,4367,4365,4370,4369,4371,4369,7
2010-08-24 07:26:00,2010-08-24 07:27:00,4365,4364,4366,4364,4369,4368,4370,4368,7
2010-08-24 07:27:00,2010-08-24 07:28:00,4364,4362,4365,4362,4368,4366,4369,4366,12
2010-08-24 07:28:00,2010-08-24 07:29:00,4362,4361,4363,4361,4366,4365,4367,4365,7
2010-08-24 07:29:00,2010-08-24 07:30:00,4361,4357,4361,4355,4365,4361,4365,4359,27
2010-08-24 07:30:00,2010-08-24 07:31:00,4357,4358,4358,4356,4361,4362,4362,4360,7
2010-08-24 07:31:00,2010-08-24 07:32:00,4358,4357,4359,4356,4362,4361,4363,4360,25
2010-08-24 07:32:00,2010-08-24 07:33:00,4357,4357,4358,4357,4361,4361,4362,4361,4
2010-08-24 07:33:00,2010-08-24 07:34:00,4357,4357,4357,4356,4361,4361,4361,4360,6
2010-08-24 07:34:00,2010-08-24 07:35:00,4357,4357,4357,4354,4361,4361,4361,4358,8
2010-08-24 07:35:00,2010-08-24 07:36:00,4357,4355,4357,4354,4361,4359,4361,4358,10
2010-08-24 07:36:00,2010-08-24 07:37:00,4355,4355,4355,4353,4359,4359,4359,4357,4
2010-08-24 07:37:00,2010-08-24 07:38:00,4355,4355,4355,4351,4359,4359,4359,4355,18
2010-08-24 07:38:00,2010-08-24 07:39:00,4355,4356,4356,4355,4359,4360,4360,4359,1
2010-08-24 07:39:00,2010-08-24 07:40:00,4356,4354,4356,4353,4360,4358,4360,4357,4
2010-08-24 07:40:00,2010-08-24 07:42:00,4354,4355,4356,4354,4358,4359,4360,4358,11
2010-08-24 07:42:00,2010-08-24 07:43:00,4355,4354,4356,4354,4359,4358,4360,4358,7
2010-08-24 07:43:00,2010-08-24 07:44:00,4354,4352,4355,4352,4358,4356,4359,4356,9
2010-08-24 07:44:00,2010-08-24 07:45:00,4352,4354,4354,4352,4356,4358,4358,4356,6
2010-08-24 07:45:00,2010-08-24 07:49:00,4353,4356,4358,4353,4357,4360,4362,4357,18
2010-08-24 07:49:00,2010-08-24 07:51:00,4356,4356,4358,4355,4360,4360,4362,4359,10
2010-08-24 07:51:00,2010-08-24 07:52:00,4356,4356,4357,4355,4360,4360,4361,4359,6
2010-08-24 07:52:00,2010-08-24 07:53:00,4356,4354,4356,4353,4360,4358,4360,4357,10
2010-08-24 07:53:00,2010-08-24 07:54:00,4354,4353,4354,4352,4358,4357,4358,4356,17
2010-08-24 07:54:00,2010-08-24 07:56:00,4353,4354,4355,4353,4357,4358,4359,4357,5
2010-08-24 07:56:00,2010-08-24 07:57:00,4354,4351,4354,4351,4358,4355,4358,4355,9
2010-08-24 07:57:00,2010-08-24 07:58:00,4351,4353,4354,4351,4355,4357,4358,4355,14
2010-08-24 07:58:00,2010-08-24 07:59:00,4353,4351,4353,4351,4357,4355,4357,4355,4
2010-08-24 07:59:00,2010-08-24 08:00:00,4351,4353,4354,4351,4355,4357,4358,4355,8
2010-08-24 08:00:00,2010-08-24 08:06:00,4351,4350,4352,4349,4355,4354,4356,4353,7
2010-08-24 08:06:00,2010-08-24 08:09:00,4349,4350,4351,4349,4353,4354,4355,4353,16
2010-08-24 08:09:00,2010-08-24 08:13:00,4349,4347,4349,4346,4353,4351,4353,4350,4
2010-08-24 08:13:00,2010-08-24 08:14:00,4347,4349,4349,4346,4351,4353,4353,4350,12
2010-08-24 08:14:00,2010-08-24 08:16:00,4350,4351,4351,4349,4354,4355,4355,4353,3
2010-08-24 08:16:00,2010-08-24 08:22:00,4351,4353,4353,4351,4355,4357,4357,4355,4
2010-08-24 08:22:00,2010-08-24 08:23:00,4353,4355,4355,4353,4357,4359,4359,4357,2
2010-08-24 08:23:00,2010-08-24 08:24:00,4355,4354,4355,4352,4359,4358,4359,4357,4
2010-08-24 08:24:00,2010-08-24 08:25:00,4354,4353,4354,4353,4358,4357,4358,4357,3
2010-08-24 08:25:00,2010-08-24 08:28:00,4353,4352,4353,4351,4357,4356,4357,4355,5
2010-08-24 08:28:00,2010-08-24 08:29:00,4352,4352,4352,4351,4356,4356,4356,4355,6
2010-08-24 08:29:00,2010-08-24 08:30:00,4352,4349,4352,4349,4356,4353,4356,4353,7
2010-08-24 08:30:00,2010-08-24 08:37:00,4350,4353,4353,4350,4354,4357,4357,4354,5
2010-08-24 08:37:00,2010-08-24 08:39:00,4353,4352,4353,4351,4357,4356,4357,4355,4
2010-08-24 08:39:00,2010-08-24 08:40:00,4352,4352,4353,4351,4356,4356,4357,4355,8
2010-08-24 08:40:00,2010-08-24 08:41:00,4352,4350,4352,4350,4356,4354,4356,4354,4
2010-08-24 08:41:00,2010-08-24 08:42:00,4350,4351,4352,4350,4354,4355,4356,4354,11
2010-08-24 08:42:00,2010-08-24 08:43:00,4351,4351,4353,4351,4355,4355,4357,4355,18
2010-08-24 08:43:00,2010-08-24 08:44:00,4351,4352,4352,4351,4355,4356,4356,4355,5
2010-08-24 08:44:00,2010-08-24 08:46:00,4351,4350,4351,4350,4355,4354,4355,4354,5
2010-08-24 08:46:00,2010-08-24 08:47:00,4350,4352,4353,4350,4354,4356,4357,4354,4
2010-08-24 08:47:00,2010-08-24 08:48:00,4352,4352,4353,4351,4356,4356,4357,4355,6
2010-08-24 08:48:00,2010-08-24 08:50:00,4352,4352,4352,4350,4356,4356,4356,4354,7
2010-08-24 08:50:00,2010-08-24 08:53:00,4352,4352,4352,4351,4356,4356,4356,4355,12
2010-08-24 08:53:00,2010-08-24 09:03:00,4352,4352,4352,4350,4356,4356,4356,4354,24
2010-08-24 09:03:00,2010-08-24 09:05:00,4351,4350,4352,4350,4355,4355,4356,4355,2
2010-08-24 09:05:00,2010-08-24 09:06:00,4350,4350,4351,4350,4355,4354,4355,4354,6
2010-08-24 09:06:00,2010-08-24 09:07:00,4350,4351,4352,4349,4354,4355,4356,4353,10
2010-08-24 09:07:00,2010-08-24 09:11:00,4351,4349,4351,4349,4355,4353,4355,4353,4
2010-08-24 09:11:00,2010-08-24 09:19:00,4352,4350,4352,4349,4356,4354,4356,4353,10
2010-08-24 09:19:00,2010-08-24 09:30:00,4350,4351,4352,4350,4354,4355,4356,4354,7
2010-08-24 09:30:00,2010-08-24 09:32:00,4350,4350,4352,4350,4354,4354,4356,4354,8
2010-08-24 09:32:00,2010-08-24 09:34:00,4350,4350,4352,4350,4354,4354,4356,4354,12
2010-08-24 09:34:00,2010-08-24 09:38:00,4350,4350,4350,4349,4354,4354,4354,4353,8
2010-08-24 09:38:00,2010-08-24 09:44:00,4350,4348,4350,4348,4354,4352,4354,4352,2
2010-08-24 09:44:00,2010-08-24 09:46:00,4348,4348,4349,4347,4352,4352,4353,4351,6
2010-08-24 09:46:00,2010-08-24 09:47:00,4348,4345,4348,4344,4352,4349,4352,4348,11
2010-08-24 09:47:00,2010-08-24 09:53:00,4346,4347,4348,4346,4350,4351,4352,4350,5
2010-08-24 09:53:00,2010-08-24 09:54:00,4347,4346,4348,4345,4351,4350,4352,4349,7
2010-08-24 09:54:00,2010-08-24 10:05:00,4348,4351,4352,4348,4352,4355,4356,4352,11
2010-08-24 10:05:00,2010-08-24 10:06:00,4351,4351,4351,4349,4355,4355,4355,4353,4
2010-08-24 10:06:00,2010-08-24 10:08:00,4351,4352,4352,4351,4355,4356,4356,4355,3
2010-08-24 10:08:00,2010-08-24 10:10:00,4352,4352,4353,4352,4356,4356,4357,4356,6
2010-08-24 10:10:00,2010-08-24 10:11:00,4352,4352,4353,4352,4356,4356,4357,4356,8
2010-08-24 10:11:00,2010-08-24 10:16:00,4353,4352,4353,4352,4357,4356,4357,4356,5
2010-08-24 10:16:00,2010-08-24 10:24:00,4350,4350,4351,4350,4354,4354,4355,4354,4
2010-08-24 10:24:00,2010-08-24 10:25:00,4350,4350,4350,4349,4354,4354,4354,4353,2
2010-08-24 10:25:00,2010-08-24 10:28:00,4350,4351,4351,4350,4354,4355,4355,4354,7
2010-08-24 10:28:00,2010-08-24 10:30:00,4351,4351,4352,4350,4355,4355,4356,4354,8
2010-08-24 10:30:00,2010-08-24 10:35:00,4353,4352,4353,4352,4357,4356,4357,4356,3
2010-08-24 10:35:00,2010-08-24 10:38:00,4352,4354,4354,4352,4356,4358,4358,4356,2
2010-08-24 10:38:00,2010-08-24 11:06:00,4352,4353,4353,4352,4356,4357,4357,4356,5
2010-08-24 11:06:00,2010-08-24 11:10:00,4353,4353,4353,4352,4357,4357,4357,4356,2
2010-08-24 11:10:00,2010-08-24 11:15:00,4353,4353,4355,4353,4357,4357,4359,4357,4
2010-08-24 11:15:00,2010-08-24 11:19:00,4353,4354,4355,4353,4357,4358,4359,4357,3
2010-08-24 11:19:00,2010-08-24 11:20:00,4354,4354,4354,4353,4358,4358,4358,4357,4
2010-08-24 11:20:00,2010-08-24 11:23:00,4354,4354,4354,4352,4358,4358,4358,4356,3
2010-08-24 11:23:00,2010-08-24 11:27:00,4352,4353,4353,4352,4356,4357,4357,4356,3
2010-08-24 11:27:00,2010-08-24 11:29:00,4353,4354,4354,4352,4357,4358,4358,4356,3
2010-08-24 11:29:00,2010-08-24 11:30:00,4354,4354,4354,4352,4358,4358,4358,4356,4
2010-08-24 11:30:00,2010-08-24 11:31:00,4354,4353,4355,4351,4358,4357,4359,4355,9
2010-08-24 11:31:00,2010-08-24 11:32:00,4353,4351,4353,4351,4357,4355,4357,4355,6
2010-08-24 11:32:00,2010-08-24 11:45:00,4352,4352,4353,4351,4356,4356,4357,4356,3
2010-08-24 11:45:00,2010-08-24 11:48:00,4351,4351,4351,4350,4355,4355,4355,4354,4
2010-08-24 11:48:00,2010-08-24 11:49:00,4351,4350,4351,4349,4355,4354,4355,4353,8
2010-08-24 11:49:00,2010-08-24 11:52:00,4349,4349,4350,4349,4353,4353,4354,4353,2
2010-08-24 11:52:00,2010-08-24 11:53:00,4349,4347,4350,4347,4353,4351,4354,4351,4
2010-08-24 11:53:00,2010-08-24 11:54:00,4347,4345,4348,4345,4351,4349,4352,4349,6
2010-08-24 11:54:00,2010-08-24 12:00:00,4343,4345,4345,4342,4347,4349,4349,4346,6
2010-08-24 12:00:00,2010-08-24 12:07:00,4342,4342,4343,4341,4346,4346,4347,4345,10
2010-08-24 12:07:00,2010-08-24 12:08:00,4342,4342,4342,4341,4346,4346,4346,4345,2
2010-08-24 12:08:00,2010-08-24 12:10:00,4342,4341,4342,4341,4346,4345,4346,4345,3
2010-08-24 12:10:00,2010-08-24 12:14:00,4341,4339,4341,4339,4345,4343,4345,4343,4
2010-08-24 12:14:00,2010-08-24 12:15:00,4339,4337,4339,4337,4343,4341,4343,4341,2
2010-08-24 12:15:00,2010-08-24 12:16:00,4337,4338,4339,4337,4341,4342,4343,4341,3
2010-08-24 12:16:00,2010-08-24 12:17:00,4338,4334,4339,4333,4342,4338,4343,4337,26
2010-08-24 12:17:00,2010-08-24 12:18:00,4334,4334,4336,4334,4338,4338,4340,4338,4
2010-08-24 12:18:00,2010-08-24 12:19:00,4334,4333,4335,4333,4338,4337,4339,4337,5
2010-08-24 12:19:00,2010-08-24 12:20:00,4333,4331,4333,4331,4337,4335,4337,4335,8
2010-08-24 12:20:00,2010-08-24 12:21:00,4331,4332,4332,4331,4335,4336,4336,4335,5
2010-08-24 12:21:00,2010-08-24 12:23:00,4331,4330,4331,4329,4335,4334,4335,4333,7
2010-08-24 12:23:00,2010-08-24 12:25:00,4330,4329,4330,4329,4334,4333,4334,4333,7
2010-08-24 12:25:00,2010-08-24 12:28:00,4329,4329,4330,4329,4333,4333,4334,4333,2
2010-08-24 12:28:00,2010-08-24 12:31:00,4330,4331,4331,4329,4334,4335,4335,4333,7
2010-08-24 12:31:00,2010-08-24 12:34:00,4333,4333,4333,4332,4337,4337,4337,4336,6
2010-08-24 12:34:00,2010-08-24 12:35:00,4333,4334,4334,4332,4337,4338,4338,4336,5
2010-08-24 12:35:00,2010-08-24 12:37:00,4333,4335,4335,4333,4337,4339,4339,4337,2
2010-08-24 12:37:00,2010-08-24 12:39:00,4334,4333,4334,4332,4338,4337,4338,4336,7
2010-08-24 12:39:00,2010-08-24 12:40:00,4333,4333,4334,4332,4337,4337,4338,4336,4
2010-08-24 12:40:00,2010-08-24 12:41:00,4333,4333,4334,4333,4337,4337,4338,4337,4
2010-08-24 12:41:00,2010-08-24 12:44:00,4333,4336,4336,4333,4337,4340,4340,4337,3
2010-08-24 12:44:00,2010-08-24 12:47:00,4335,4335,4335,4333,4339,4339,4339,4337,6
2010-08-24 12:47:00,2010-08-24 12:58:00,4335,4335,4335,4334,4339,4339,4339,4338,2
2010-08-24 12:58:00,2010-08-24 12:59:00,4335,4335,4335,4334,4339,4339,4339,4338,10
2010-08-24 12:59:00,2010-08-24 13:00:00,4335,4334,4335,4333,4339,4338,4339,4337,7
2010-08-24 13:00:00,2010-08-24 13:03:00,4334,4335,4335,4334,4338,4339,4339,4338,1
2010-08-24 13:03:00,2010-08-24 13:06:00,4334,4334,4336,4334,4338,4338,4340,4338,7
2010-08-24 13:06:00,2010-08-24 13:08:00,4334,4334,4335,4333,4338,4338,4339,4337,8
2010-08-24 13:08:00,2010-08-24 13:10:00,4334,4335,4336,4334,4338,4339,4340,4338,9
2010-08-24 13:10:00,2010-08-24 13:15:00,4335,4333,4335,4333,4339,4337,4339,4337,2
2010-08-24 13:15:00,2010-08-24 13:16:00,4333,4332,4334,4332,4337,4336,4338,4336,3
2010-08-24 13:16:00,2010-08-24 13:17:00,4332,4328,4332,4328,4336,4332,4336,4332,12
2010-08-24 13:17:00,2010-08-24 13:18:00,4328,4329,4329,4327,4332,4333,4333,4331,7
2010-08-24 13:18:00,2010-08-24 13:20:00,4330,4332,4332,4330,4334,4336,4336,4334,12
2010-08-24 13:20:00,2010-08-24 13:21:00,4332,4333,4333,4332,4336,4337,4337,4336,3
2010-08-24 13:21:00,2010-08-24 13:22:00,4333,4334,4334,4333,4337,4338,4338,4337,3
2010-08-24 13:22:00,2010-08-24 13:23:00,4334,4334,4334,4333,4338,4338,4338,4337,2
2010-08-24 13:23:00,2010-08-24 13:24:00,4334,4335,4335,4334,4338,4339,4339,4338,9
2010-08-24 13:24:00,2010-08-24 13:26:00,4334,4333,4335,4333,4338,4337,4339,4337,3
2010-08-24 13:26:00,2010-08-24 13:27:00,4333,4333,4335,4333,4337,4337,4339,4337,4
2010-08-24 13:27:00,2010-08-24 13:28:00,4333,4335,4335,4333,4337,4339,4339,4337,8
2010-08-24 13:28:00,2010-08-24 13:30:00,4335,4334,4335,4332,4339,4338,4339,4336,18
2010-08-24 13:30:00,2010-08-24 13:31:00,4334,4338,4338,4333,4338,4342,4342,4337,26
2010-08-24 13:31:00,2010-08-24 13:32:00,4338,4335,4338,4335,4342,4339,4342,4339,17
2010-08-24 13:32:00,2010-08-24 13:33:00,4335,4332,4335,4332,4339,4336,4339,4336,11
2010-08-24 13:33:00,2010-08-24 13:34:00,4332,4334,4335,4332,4336,4338,4339,4336,26
2010-08-24 13:34:00,2010-08-24 13:35:00,4334,4335,4335,4332,4338,4339,4339,4336,8
2010-08-24 13:35:00,2010-08-24 13:36:00,4335,4334,4335,4332,4339,4338,4339,4336,13
2010-08-24 13:36:00,2010-08-24 13:37:00,4334,4334,4335,4333,4338,4338,4339,4337,12
2010-08-24 13:37:00,2010-08-24 13:38:00,4334,4335,4336,4334,4338,4339,4340,4338,25
2010-08-24 13:38:00,2010-08-24 13:39:00,4335,4332,4335,4332,4339,4336,4339,4336,9
2010-08-24 13:39:00,2010-08-24 13:40:00,4332,4331,4332,4331,4336,4335,4336,4335,1
2010-08-24 13:40:00,2010-08-24 13:42:00,4331,4337,4337,4331,4335,4341,4341,4335,12
2010-08-24 13:42:00,2010-08-24 13:43:00,4337,4337,4337,4334,4341,4341,4341,4338,18
2010-08-24 13:43:00,2010-08-24 13:44:00,4337,4336,4339,4336,4341,4340,4343,4340,10
2010-08-24 13:44:00,2010-08-24 13:45:00,4336,4335,4336,4333,4340,4339,4340,4338,14
2010-08-24 13:45:00,2010-08-24 13:46:00,4335,4333,4335,4333,4339,4337,4339,4337,6
2010-08-24 13:46:00,2010-08-24 13:47:00,4333,4333,4333,4331,4337,4337,4337,4335,8
2010-08-24 13:47:00,2010-08-24 13:48:00,4333,4334,4334,4332,4337,4338,4338,4336,17
2010-08-24 13:48:00,2010-08-24 13:49:00,4334,4333,4334,4332,4338,4337,4338,4336,3
2010-08-24 13:49:00,2010-08-24 13:50:00,4333,4333,4334,4332,4337,4337,4338,4336,14
2010-08-24 13:50:00,2010-08-24 13:51:00,4333,4331,4333,4331,4337,4335,4337,4335,16
2010-08-24 13:51:00,2010-08-24 13:52:00,4331,4334,4334,4331,4335,4338,4338,4335,14
2010-08-24 13:52:00,2010-08-24 13:53:00,4334,4332,4334,4331,4338,4336,4338,4335,8
2010-08-24 13:53:00,2010-08-24 13:54:00,4332,4331,4333,4330,4336,4335,4337,4334,11
2010-08-24 13:54:00,2010-08-24 13:56:00,4331,4331,4331,4330,4335,4335,4335,4334,6
2010-08-24 13:56:00,2010-08-24 13:57:00,4331,4333,4334,4330,4335,4337,4338,4334,9
2010-08-24 13:57:00,2010-08-24 13:59:00,4333,4330,4334,4329,4337,4336,4338,4333,7
2010-08-24 13:59:00,2010-08-24 14:00:00,4330,4323,4333,4321,4336,4327,4337,4325,10
2010-08-24 14:00:00,2010-08-24 14:01:00,4323,4322,4323,4322,4327,4326,4327,4326,3
2010-08-24 14:01:00,2010-08-24 14:02:00,4322,4320,4322,4318,4326,4324,4326,4322,4
2010-08-24 14:02:00,2010-08-24 14:03:00,4320,4318,4320,4317,4324,4322,4324,4321,6
2010-08-24 14:03:00,2010-08-24 14:04:00,4318,4323,4323,4317,4322,4327,4327,4321,21
2010-08-24 14:04:00,2010-08-24 14:05:00,4323,4321,4324,4321,4327,4325,4328,4325,10
2010-08-24 14:05:00,2010-08-24 14:06:00,4321,4318,4321,4318,4325,4322,4325,4322,8
2010-08-24 14:06:00,2010-08-24 14:07:00,4318,4320,4320,4318,4322,4324,4324,4322,6
2010-08-24 14:07:00,2010-08-24 14:08:00,4320,4319,4321,4318,4324,4323,4325,4322,15
2010-08-24 14:08:00,2010-08-24 14:09:00,4319,4320,4321,4319,4323,4324,4325,4323,5
2010-08-24 14:09:00,2010-08-24 14:10:00,4320,4324,4324,4319,4324,4328,4328,4323,10
2010-08-24 14:10:00,2010-08-24 14:11:00,4324,4327,4327,4324,4328,4331,4331,4328,29
2010-08-24 14:11:00,2010-08-24 14:12:00,4327,4326,4329,4326,4331,4330,4333,4330,16
2010-08-24 14:12:00,2010-08-24 14:14:00,4326,4328,4329,4326,4330,4332,4333,4330,26
2010-08-24 14:14:00,2010-08-24 14:15:00,4328,4333,4333,4328,4332,4337,4337,4332,13
2010-08-24 14:15:00,2010-08-24 14:16:00,4333,4333,4333,4331,4337,4337,4337,4335,12
2010-08-24 14:16:00,2010-08-24 14:17:00,4333,4337,4337,4332,4337,4341,4341,4336,8
2010-08-24 14:17:00,2010-08-24 14:18:00,4337,4336,4337,4335,4341,4340,4341,4339,13
2010-08-24 14:18:00,2010-08-24 14:19:00,4336,4333,4336,4333,4340,4337,4340,4337,5
2010-08-24 14:19:00,2010-08-24 14:20:00,4333,4332,4333,4331,4337,4336,4337,4335,19
2010-08-24 14:20:00,2010-08-24 14:21:00,4332,4332,4333,4331,4336,4336,4337,4335,10
2010-08-24 14:21:00,2010-08-24 14:22:00,4332,4334,4334,4331,4336,4338,4338,4335,26
2010-08-24 14:22:00,2010-08-24 14:23:00,4334,4337,4337,4333,4338,4341,4341,4337,13
2010-08-24 14:23:00,2010-08-24 14:24:00,4337,4336,4337,4336,4341,4340,4341,4340,9
2010-08-24 14:24:00,2010-08-24 14:25:00,4336,4337,4337,4335,4340,4341,4341,4339,11
2010-08-24 14:25:00,2010-08-24 14:26:00,4337,4338,4338,4335,4341,4342,4342,4339,9
2010-08-24 14:26:00,2010-08-24 14:27:00,4338,4335,4338,4334,4342,4339,4342,4338,7
2010-08-24 14:27:00,2010-08-24 14:28:00,4335,4332,4335,4331,4339,4336,4339,4336,20
2010-08-24 14:28:00,2010-08-24 14:29:00,4332,4332,4333,4331,4336,4336,4337,4335,18
2010-08-24 14:29:00,2010-08-24 14:31:00,4333,4333,4334,4332,4337,4337,4338,4336,8
2010-08-24 14:31:00,2010-08-24 14:32:00,4333,4332,4333,4332,4337,4336,4337,4336,3
2010-08-24 14:32:00,2010-08-24 14:33:00,4332,4329,4332,4329,4336,4333,4336,4333,15
2010-08-24 14:33:00,2010-08-24 14:34:00,4329,4329,4329,4328,4333,4333,4333,4332,12
2010-08-24 14:34:00,2010-08-24 14:35:00,4329,4327,4329,4326,4333,4331,4333,4330,8
2010-08-24 14:35:00,2010-08-24 14:37:00,4326,4329,4329,4326,4330,4333,4333,4330,19
2010-08-24 14:37:00,2010-08-24 14:38:00,4329,4330,4330,4328,4333,4334,4334,4332,9
2010-08-24 14:38:00,2010-08-24 14:39:00,4330,4331,4331,4329,4334,4335,4335,4333,3
2010-08-24 14:39:00,2010-08-24 14:40:00,4331,4331,4332,4330,4335,4335,4336,4334,7
2010-08-24 14:40:00,2010-08-24 14:42:00,4330,4334,4334,4330,4334,4338,4338,4334,11
2010-08-24 14:42:00,2010-08-24 14:43:00,4334,4336,4336,4334,4338,4340,4340,4338,8
2010-08-24 14:43:00,2010-08-24 14:44:00,4336,4335,4336,4335,4340,4339,4340,4339,1
2010-08-24 14:44:00,2010-08-24 14:46:00,4335,4334,4336,4334,4339,4338,4340,4338,3
2010-08-24 14:46:00,2010-08-24 14:48:00,4333,4335,4335,4333,4337,4339,4339,4337,4
2010-08-24 14:48:00,2010-08-24 14:49:00,4335,4335,4335,4332,4339,4339,4339,4336,36
2010-08-24 14:49:00,2010-08-24 14:50:00,4335,4335,4337,4335,4339,4339,4341,4339,8
2010-08-24 14:50:00,2010-08-24 14:51:00,4335,4335,4336,4335,4339,4339,4340,4339,4
2010-08-24 14:51:00,2010-08-24 14:54:00,4335,4334,4335,4333,4339,4338,4339,4337,11
2010-08-24 14:54:00,2010-08-24 14:55:00,4334,4337,4337,4334,4338,4341,4341,4338,17
2010-08-24 14:55:00,2010-08-24 14:56:00,4337,4338,4338,4337,4341,4342,4342,4341,7
2010-08-24 14:56:00,2010-08-24 14:57:00,4338,4338,4339,4337,4342,4342,4343,4341,8
2010-08-24 14:57:00,2010-08-24 14:58:00,4338,4339,4340,4338,4342,4343,4344,4342,9
2010-08-24 14:58:00,2010-08-24 14:59:00,4339,4340,4340,4338,4343,4344,4344,4342,13
2010-08-24 14:59:00,2010-08-24 15:00:00,4340,4345,4345,4339,4344,4349,4349,4343,12
2010-08-24 15:00:00,2010-08-24 15:02:00,4346,4350,4350,4346,4350,4354,4354,4350,5
2010-08-24 15:02:00,2010-08-24 15:03:00,4350,4348,4350,4347,4354,4352,4354,4351,10
2010-08-24 15:03:00,2010-08-24 15:04:00,4348,4348,4348,4346,4352,4352,4352,4350,12
2010-08-24 15:04:00,2010-08-24 15:05:00,4348,4348,4349,4346,4352,4352,4353,4350,24
2010-08-24 15:05:00,2010-08-24 15:07:00,4348,4346,4348,4346,4352,4350,4352,4350,4
2010-08-24 15:07:00,2010-08-24 15:10:00,4344,4342,4344,4341,4348,4346,4348,4345,4
2010-08-24 15:10:00,2010-08-24 15:11:00,4342,4344,4344,4342,4346,4348,4348,4346,10
2010-08-24 15:11:00,2010-08-24 15:12:00,4344,4345,4346,4342,4348,4349,4350,4346,17
2010-08-24 15:12:00,2010-08-24 15:13:00,4345,4342,4345,4342,4349,4346,4349,4346,5
2010-08-24 15:13:00,2010-08-24 15:14:00,4342,4341,4343,4339,4346,4345,4347,4344,24
2010-08-24 15:14:00,2010-08-24 15:16:00,4341,4339,4341,4339,4345,4343,4345,4343,8
2010-08-24 15:16:00,2010-08-24 15:19:00,4340,4342,4342,4340,4344,4346,4346,4344,6
2010-08-24 15:19:00,2010-08-24 15:21:00,4342,4343,4343,4342,4346,4347,4347,4346,13
2010-08-24 15:21:00,2010-08-24 15:22:00,4343,4344,4345,4342,4347,4348,4349,4346,7
2010-08-24 15:22:00,2010-08-24 15:25:00,4346,4345,4346,4345,4350,4349,4350,4349,9
2010-08-24 15:25:00,2010-08-24 15:26:00,4345,4344,4346,4344,4349,4348,4350,4348,7
2010-08-24 15:26:00,2010-08-24 15:27:00,4344,4341,4345,4341,4348,4345,4349,4345,5
2010-08-24 15:27:00,2010-08-24 15:28:00,4341,4341,4343,4341,4345,4345,4347,4345,6
2010-08-24 15:28:00,2010-08-24 15:29:00,4341,4343,4345,4341,4345,4347,4349,4345,15
2010-08-24 15:29:00,2010-08-24 15:30:00,4343,4342,4344,4342,4347,4346,4348,4346,8
2010-08-24 15:30:00,2010-08-24 15:31:00,4342,4340,4342,4340,4346,4344,4346,4344,2
2010-08-24 15:31:00,2010-08-24 15:32:00,4340,4340,4341,4339,4344,4344,4345,4343,6
2010-08-24 15:32:00,2010-08-24 15:33:00,4340,4339,4340,4339,4344,4343,4344,4343,11
2010-08-24 15:33:00,2010-08-24 15:34:00,4339,4340,4341,4339,4343,4344,4345,4343,9
2010-08-24 15:34:00,2010-08-24 15:35:00,4340,4344,4344,4340,4344,4348,4348,4344,6
2010-08-24 15:35:00,2010-08-24 15:36:00,4344,4341,4344,4341,4348,4345,4348,4345,5
2010-08-24 15:36:00,2010-08-24 15:37:00,4341,4342,4343,4341,4345,4346,4347,4345,19
2010-08-24 15:37:00,2010-08-24 15:38:00,4342,4341,4343,4341,4346,4345,4347,4345,9
2010-08-24 15:38:00,2010-08-24 15:39:00,4341,4341,4342,4341,4345,4345,4346,4345,10
2010-08-24 15:39:00,2010-08-24 15:40:00,4341,4341,4342,4340,4345,4345,4346,4344,8
2010-08-24 15:40:00,2010-08-24 15:42:00,4341,4343,4345,4341,4345,4347,4349,4345,20
2010-08-24 15:42:00,2010-08-24 15:43:00,4343,4342,4343,4341,4347,4346,4347,4345,9
2010-08-24 15:43:00,2010-08-24 15:44:00,4342,4342,4343,4342,4346,4346,4347,4346,4
2010-08-24 15:44:00,2010-08-24 15:45:00,4342,4341,4343,4341,4346,4345,4347,4345,5
2010-08-24 15:45:00,2010-08-24 15:46:00,4341,4340,4341,4340,4345,4344,4345,4344,9
2010-08-24 15:46:00,2010-08-24 15:47:00,4340,4338,4341,4338,4344,4342,4345,4342,10
2010-08-24 15:47:00,2010-08-24 15:48:00,4338,4337,4339,4337,4342,4341,4343,4341,3
2010-08-24 15:48:00,2010-08-24 15:49:00,4337,4337,4339,4337,4341,4341,4343,4341,6
2010-08-24 15:49:00,2010-08-24 15:50:00,4337,4336,4337,4336,4341,4340,4341,4340,11
2010-08-24 15:50:00,2010-08-24 15:51:00,4336,4337,4337,4336,4340,4341,4341,4340,5
2010-08-24 15:51:00,2010-08-24 15:56:00,4335,4335,4335,4334,4339,4339,4339,4338,8
2010-08-24 15:56:00,2010-08-24 15:57:00,4335,4334,4335,4334,4339,4338,4339,4338,1
2010-08-24 15:57:00,2010-08-24 15:58:00,4334,4335,4336,4334,4338,4339,4340,4338,11
2010-08-24 15:58:00,2010-08-24 15:59:00,4335,4333,4335,4332,4339,4337,4339,4336,4
2010-08-24 15:59:00,2010-08-24 16:01:00,4333,4332,4333,4332,4337,4336,4337,4336,7
2010-08-24 16:01:00,2010-08-24 16:02:00,4332,4331,4332,4330,4336,4335,4336,4334,13
2010-08-24 16:02:00,2010-08-24 16:03:00,4331,4329,4332,4329,4335,4333,4336,4333,10
2010-08-24 16:03:00,2010-08-24 16:04:00,4329,4332,4333,4329,4333,4336,4337,4333,19
2010-08-24 16:04:00,2010-08-24 16:06:00,4334,4333,4334,4333,4338,4337,4338,4337,1
2010-08-24 16:06:00,2010-08-24 16:07:00,4333,4333,4333,4332,4337,4337,4337,4336,4
2010-08-24 16:07:00,2010-08-24 16:08:00,4333,4334,4335,4333,4337,4338,4339,4337,3
2010-08-24 16:08:00,2010-08-24 16:09:00,4334,4334,4335,4334,4338,4338,4339,4338,2
2010-08-24 16:09:00,2010-08-24 16:11:00,4334,4337,4337,4334,4338,4341,4341,4338,7
2010-08-24 16:11:00,2010-08-24 16:12:00,4337,4335,4338,4334,4341,4339,4342,4338,22
2010-08-24 16:12:00,2010-08-24 16:13:00,4335,4334,4335,4333,4339,4338,4339,4337,5
2010-08-24 16:13:00,2010-08-24 16:14:00,4334,4334,4334,4332,4338,4338,4338,4336,4
2010-08-24 16:14:00,2010-08-24 16:15:00,4334,4331,4334,4330,4338,4335,4338,4334,15
2010-08-24 16:15:00,2010-08-24 16:17:00,4331,4331,4332,4330,4335,4335,4336,4334,4
2010-08-24 16:17:00,2010-08-24 16:18:00,4331,4332,4333,4330,4335,4336,4337,4334,13
2010-08-24 16:18:00,2010-08-24 16:19:00,4332,4330,4332,4330,4336,4334,4336,4334,4
2010-08-24 16:19:00,2010-08-24 16:21:00,4331,4331,4332,4331,4335,4335,4336,4335,2
2010-08-24 16:21:00,2010-08-24 16:22:00,4331,4329,4331,4329,4335,4333,4335,4333,2
2010-08-24 16:22:00,2010-08-24 16:23:00,4329,4329,4330,4328,4333,4334,4334,4332,6
2010-08-24 16:23:00,2010-08-24 16:25:00,4329,4331,4331,4328,4334,4335,4335,4332,4
2010-08-24 16:25:00,2010-08-24 16:26:00,4331,4329,4331,4329,4335,4333,4337,4333,14
2010-08-24 16:26:00,2010-08-24 16:27:00,4329,4329,4330,4329,4333,4334,4334,4333,14
2010-08-24 16:27:00,2010-08-24 16:28:00,4329,4328,4330,4328,4334,4332,4334,4332,5
2010-08-24 16:28:00,2010-08-24 16:29:00,4328,4327,4329,4326,4332,4331,4333,4330,15
2010-08-24 16:29:00,2010-08-24 16:30:00,4327,4330,4331,4326,4331,4334,4335,4330,19
2010-08-24 16:30:00,2010-08-24 16:36:00,4330,4328,4330,4328,4334,4332,4334,4332,2
2010-08-24 16:36:00,2010-08-24 16:37:00,4328,4330,4330,4328,4332,4334,4334,4332,2
2010-08-24 16:37:00,2010-08-24 16:38:00,4330,4330,4331,4329,4334,4334,4335,4333,6
2010-08-24 16:38:00,2010-08-24 16:49:00,4330,4328,4330,4327,4334,4332,4334,4332,12
2010-08-24 16:49:00,2010-08-24 16:50:00,4328,4327,4329,4326,4332,4331,4333,4331,11
2010-08-24 16:50:00,2010-08-24 16:51:00,4327,4326,4328,4326,4331,4330,4332,4330,7
2010-08-24 16:51:00,2010-08-24 16:52:00,4326,4327,4328,4326,4330,4331,4332,4330,6
2010-08-24 16:52:00,2010-08-24 16:53:00,4327,4328,4328,4326,4331,4332,4332,4330,7
2010-08-24 16:53:00,2010-08-24 16:54:00,4328,4327,4328,4327,4332,4331,4332,4331,3
2010-08-24 16:54:00,2010-08-24 16:55:00,4327,4330,4330,4327,4331,4334,4334,4331,5
2010-08-24 16:55:00,2010-08-24 16:56:00,4330,4328,4330,4328,4334,4332,4334,4332,4
2010-08-24 16:56:00,2010-08-24 17:02:00,4327,4325,4327,4325,4331,4329,4331,4329,12
2010-08-24 17:02:00,2010-08-24 17:05:00,4325,4325,4325,4324,4329,4329,4329,4328,2
2010-08-24 17:05:00,2010-08-24 17:06:00,4325,4324,4325,4324,4329,4329,4329,4328,15
2010-08-24 17:06:00,2010-08-24 17:07:00,4324,4326,4327,4324,4329,4330,4331,4329,11
2010-08-24 17:07:00,2010-08-24 17:08:00,4326,4326,4327,4325,4330,4330,4331,4329,6
2010-08-24 17:08:00,2010-08-24 17:10:00,4327,4327,4327,4326,4331,4331,4331,4330,2
2010-08-24 17:10:00,2010-08-24 17:12:00,4328,4328,4329,4328,4332,4332,4333,4332,8
2010-08-24 17:12:00,2010-08-24 17:14:00,4329,4328,4329,4326,4333,4332,4333,4330,9
2010-08-24 17:14:00,2010-08-24 17:15:00,4328,4329,4329,4328,4332,4333,4333,4332,9
2010-08-24 17:15:00,2010-08-24 17:22:00,4329,4328,4329,4327,4333,4332,4333,4332,4
2010-08-24 17:22:00,2010-08-24 17:26:00,4329,4331,4332,4329,4333,4335,4336,4333,6
2010-08-24 17:26:00,2010-08-24 17:27:00,4331,4334,4334,4331,4335,4338,4338,4335,3
2010-08-24 17:27:00,2010-08-24 17:28:00,4334,4335,4335,4334,4338,4339,4339,4338,5
2010-08-24 17:28:00,2010-08-24 17:29:00,4335,4337,4337,4335,4339,4341,4341,4339,4
2010-08-24 17:29:00,2010-08-24 17:30:00,4337,4336,4338,4336,4341,4340,4342,4340,7
2010-08-24 17:30:00,2010-08-24 17:31:00,4336,4334,4337,4334,4340,4338,4341,4338,28
2010-08-24 17:31:00,2010-08-24 17:32:00,4334,4334,4335,4333,4338,4338,4339,4337,34
2010-08-24 17:32:00,2010-08-24 17:33:00,4334,4334,4334,4331,4338,4338,4338,4335,18
2010-08-24 17:33:00,2010-08-24 17:37:00,4334,4332,4334,4332,4338,4336,4338,4336,2
2010-08-24 17:37:00,2010-08-24 17:38:00,4332,4334,4334,4332,4336,4338,4338,4336,6
2010-08-24 17:38:00,2010-08-24 17:39:00,4334,4334,4335,4333,4338,4338,4339,4337,4
2010-08-24 17:39:00,2010-08-24 17:40:00,4334,4335,4335,4334,4338,4339,4339,4338,3
2010-08-24 17:40:00,2010-08-24 17:41:00,4335,4328,4335,4328,4339,4332,4339,4332,22
2010-08-24 17:41:00,2010-08-24 17:42:00,4328,4327,4328,4326,4332,4331,4332,4330,15
2010-08-24 17:42:00,2010-08-24 17:43:00,4327,4325,4327,4324,4331,4329,4331,4328,12
2010-08-24 17:43:00,2010-08-24 17:44:00,4325,4323,4326,4322,4329,4327,4330,4326,13
2010-08-24 17:44:00,2010-08-24 17:45:00,4323,4324,4325,4321,4327,4328,4329,4325,15
2010-08-24 17:45:00,2010-08-24 17:46:00,4324,4322,4326,4321,4328,4326,4330,4325,11
2010-08-24 17:46:00,2010-08-24 17:48:00,4322,4322,4323,4321,4326,4326,4327,4325,8
2010-08-24 17:48:00,2010-08-24 17:49:00,4322,4322,4322,4320,4326,4326,4326,4324,4
2010-08-24 17:49:00,2010-08-24 17:50:00,4322,4324,4325,4322,4326,4328,4329,4326,10
2010-08-24 17:50:00,2010-08-24 17:51:00,4324,4323,4324,4323,4328,4327,4328,4327,3
2010-08-24 17:51:00,2010-08-24 17:52:00,4323,4322,4323,4321,4327,4326,4327,4325,3
2010-08-24 17:52:00,2010-08-24 17:54:00,4322,4320,4323,4319,4326,4324,4327,4323,10
2010-08-24 17:54:00,2010-08-24 17:55:00,4320,4321,4321,4319,4324,4325,4325,4323,7
2010-08-24 17:55:00,2010-08-24 17:57:00,4321,4320,4321,4319,4325,4324,4325,4323,5
2010-08-24 17:57:00,2010-08-24 17:58:00,4320,4320,4320,4318,4324,4324,4324,4322,10
2010-08-24 17:58:00,2010-08-24 17:59:00,4320,4321,4321,4319,4324,4325,4325,4323,3
2010-08-24 17:59:00,2010-08-24 18:01:00,4321,4320,4321,4319,4325,4324,4325,4323,3
2010-08-24 18:01:00,2010-08-24 18:02:00,4320,4321,4321,4320,4324,4325,4325,4324,5
2010-08-24 18:02:00,2010-08-24 18:03:00,4321,4322,4323,4320,4325,4326,4327,4324,8
2010-08-24 18:03:00,2010-08-24 18:04:00,4322,4322,4324,4321,4326,4326,4328,4325,12
2010-08-24 18:04:00,2010-08-24 18:05:00,4322,4322,4323,4322,4326,4327,4327,4326,4
2010-08-24 18:05:00,2010-08-24 18:06:00,4322,4323,4323,4322,4327,4327,4327,4327,1
2010-08-24 18:06:00,2010-08-24 18:07:00,4323,4322,4324,4322,4327,4326,4328,4326,5
2010-08-24 18:07:00,2010-08-24 18:08:00,4322,4322,4322,4321,4326,4326,4326,4325,4
2010-08-24 18:08:00,2010-08-24 18:09:00,4322,4323,4323,4322,4326,4327,4327,4326,3
2010-08-24 18:09:00,2010-08-24 18:10:00,4323,4322,4323,4321,4327,4326,4327,4325,7
2010-08-24 18:10:00,2010-08-24 18:13:00,4321,4322,4322,4321,4325,4326,4326,4325,1
2010-08-24 18:13:00,2010-08-24 18:14:00,4322,4322,4323,4322,4326,4326,4327,4326,8
2010-08-24 18:14:00,2010-08-24 18:15:00,4322,4326,4326,4322,4326,4330,4330,4326,26
2010-08-24 18:15:00,2010-08-24 18:16:00,4326,4325,4326,4325,4330,4329,4330,4329,3
2010-08-24 18:16:00,2010-08-24 18:17:00,4325,4327,4327,4325,4329,4331,4331,4329,8
2010-08-24 18:17:00,2010-08-24 18:18:00,4327,4327,4328,4327,4331,4331,4332,4331,6
2010-08-24 18:18:00,2010-08-24 18:20:00,4327,4326,4327,4326,4331,4330,4331,4330,3
2010-08-24 18:20:00,2010-08-24 18:21:00,4326,4327,4328,4326,4330,4331,4332,4330,5
2010-08-24 18:21:00,2010-08-24 18:22:00,4327,4325,4327,4324,4331,4329,4331,4328,9
2010-08-24 18:22:00,2010-08-24 18:23:00,4325,4324,4326,4323,4329,4328,4330,4327,7
2010-08-24 18:23:00,2010-08-24 18:24:00,4324,4325,4325,4323,4328,4329,4329,4327,7
2010-08-24 18:24:00,2010-08-24 18:25:00,4325,4325,4327,4325,4329,4330,4331,4329,12
2010-08-24 18:25:00,2010-08-24 18:26:00,4325,4325,4326,4325,4330,4329,4330,4329,2
2010-08-24 18:26:00,2010-08-24 18:29:00,4325,4320,4325,4320,4329,4324,4329,4324,23
2010-08-24 18:29:00,2010-08-24 18:30:00,4320,4320,4322,4320,4324,4324,4326,4324,10
2010-08-24 18:30:00,2010-08-24 18:31:00,4320,4321,4322,4319,4324,4325,4326,4323,11
2010-08-24 18:31:00,2010-08-24 18:32:00,4321,4321,4321,4320,4325,4325,4325,4324,8
2010-08-24 18:32:00,2010-08-24 18:33:00,4321,4322,4322,4319,4325,4326,4326,4323,13
2010-08-24 18:33:00,2010-08-24 18:34:00,4322,4322,4322,4320,4326,4326,4326,4324,6
2010-08-24 18:34:00,2010-08-24 18:35:00,4322,4321,4322,4321,4326,4325,4326,4325,1
2010-08-24 18:35:00,2010-08-24 18:36:00,4321,4324,4324,4321,4325,4328,4328,4325,3
2010-08-24 18:36:00,2010-08-24 18:37:00,4324,4326,4326,4324,4328,4330,4330,4328,12
2010-08-24 18:37:00,2010-08-24 18:38:00,4326,4326,4326,4324,4330,4330,4330,4328,15
2010-08-24 18:38:00,2010-08-24 18:39:00,4326,4328,4329,4326,4330,4332,4333,4330,10
2010-08-24 18:39:00,2010-08-24 18:40:00,4328,4330,4332,4328,4332,4334,4336,4332,20
2010-08-24 18:40:00,2010-08-24 18:41:00,4330,4330,4331,4330,4334,4334,4335,4334,6
2010-08-24 18:41:00,2010-08-24 18:42:00,4330,4330,4331,4330,4334,4334,4335,4334,8
2010-08-24 18:42:00,2010-08-24 18:43:00,4330,4327,4330,4326,4334,4331,4334,4330,13
2010-08-24 18:43:00,2010-08-24 18:45:00,4328,4326,4328,4326,4332,4330,4332,4330,6
2010-08-24 18:45:00,2010-08-24 18:47:00,4328,4329,4331,4328,4332,4333,4335,4332,19
2010-08-24 18:47:00,2010-08-24 18:48:00,4329,4328,4329,4326,4333,4332,4333,4330,11
2010-08-24 18:48:00,2010-08-24 18:49:00,4328,4328,4328,4327,4332,4332,4332,4331,8
2010-08-24 18:49:00,2010-08-24 18:50:00,4328,4327,4329,4327,4332,4331,4333,4331,11
2010-08-24 18:50:00,2010-08-24 18:52:00,4325,4325,4326,4324,4329,4329,4330,4328,16
2010-08-24 18:52:00,2010-08-24 18:53:00,4325,4327,4328,4325,4329,4331,4332,4329,4
2010-08-24 18:53:00,2010-08-24 18:54:00,4327,4328,4328,4327,4331,4332,4332,4331,11
2010-08-24 18:54:00,2010-08-24 18:55:00,4328,4326,4328,4325,4332,4330,4332,4329,12
2010-08-24 18:55:00,2010-08-24 18:56:00,4326,4327,4327,4326,4330,4331,4331,4330,11
2010-08-24 18:56:00,2010-08-24 19:00:00,4328,4328,4330,4328,4332,4332,4334,4332,8
2010-08-24 19:00:00,2010-08-24 19:02:00,4329,4326,4329,4326,4333,4330,4333,4330,11
2010-08-24 19:02:00,2010-08-24 19:03:00,4326,4331,4331,4326,4330,4335,4335,4330,21
2010-08-24 19:03:00,2010-08-24 19:04:00,4331,4332,4334,4330,4335,4336,4338,4334,25
2010-08-24 19:04:00,2010-08-24 19:05:00,4332,4332,4333,4331,4336,4336,4339,4335,18
2010-08-24 19:05:00,2010-08-24 19:06:00,4332,4334,4334,4332,4336,4338,4338,4336,2
2010-08-24 19:06:00,2010-08-24 19:07:00,4334,4332,4334,4332,4338,4336,4338,4336,8
2010-08-24 19:07:00,2010-08-24 19:09:00,4332,4332,4334,4332,4336,4336,4338,4336,22
2010-08-24 19:09:00,2010-08-24 19:10:00,4332,4332,4334,4332,4336,4336,4338,4336,4
2010-08-24 19:10:00,2010-08-24 19:11:00,4332,4332,4332,4331,4336,4336,4336,4335,4
2010-08-24 19:11:00,2010-08-24 19:12:00,4332,4332,4334,4332,4336,4336,4338,4336,6
2010-08-24 19:12:00,2010-08-24 19:13:00,4332,4332,4333,4332,4336,4336,4338,4336,2
2010-08-24 19:13:00,2010-08-24 19:14:00,4332,4333,4333,4332,4336,4337,4337,4336,1
2010-08-24 19:14:00,2010-08-24 19:15:00,4333,4332,4333,4330,4337,4336,4337,4334,5
2010-08-24 19:15:00,2010-08-24 19:16:00,4332,4330,4332,4330,4336,4334,4336,4334,8
2010-08-24 19:16:00,2010-08-24 19:17:00,4330,4333,4333,4330,4334,4337,4337,4334,9
2010-08-24 19:17:00,2010-08-24 19:21:00,4333,4330,4333,4329,4337,4334,4337,4333,5
2010-08-24 19:21:00,2010-08-24 19:22:00,4330,4332,4332,4329,4334,4336,4336,4333,16
2010-08-24 19:22:00,2010-08-24 19:23:00,4332,4334,4334,4332,4336,4338,4338,4336,4
2010-08-24 19:23:00,2010-08-24 19:24:00,4334,4335,4335,4333,4338,4339,4339,4337,7
2010-08-24 19:24:00,2010-08-24 19:25:00,4335,4340,4340,4335,4339,4344,4344,4339,9
2010-08-24 19:25:00,2010-08-24 19:26:00,4340,4338,4340,4337,4344,4342,4344,4341,22
2010-08-24 19:26:00,2010-08-24 19:27:00,4338,4338,4339,4338,4342,4342,4343,4342,2
2010-08-24 19:27:00,2010-08-24 19:28:00,4338,4337,4338,4336,4342,4341,4342,4340,3
2010-08-24 19:28:00,2010-08-24 19:29:00,4337,4337,4338,4335,4341,4341,4342,4339,16
2010-08-24 19:29:00,2010-08-24 19:30:00,4337,4336,4338,4336,4341,4340,4342,4340,13
2010-08-24 19:30:00,2010-08-24 19:31:00,4336,4336,4337,4336,4340,4340,4341,4340,14
2010-08-24 19:31:00,2010-08-24 19:33:00,4336,4337,4337,4336,4340,4341,4341,4340,3
2010-08-24 19:33:00,2010-08-24 19:34:00,4337,4336,4337,4336,4341,4340,4341,4340,1
2010-08-24 19:34:00,2010-08-24 19:35:00,4336,4335,4336,4334,4340,4339,4340,4338,5
2010-08-24 19:35:00,2010-08-24 19:36:00,4335,4332,4335,4331,4339,4336,4339,4335,13
2010-08-24 19:36:00,2010-08-24 19:37:00,4332,4328,4332,4328,4336,4332,4336,4332,22
2010-08-24 19:37:00,2010-08-24 19:38:00,4328,4327,4329,4326,4332,4331,4333,4330,9
2010-08-24 19:38:00,2010-08-24 19:39:00,4327,4330,4331,4326,4331,4334,4335,4330,37
2010-08-24 19:39:00,2010-08-24 19:41:00,4328,4326,4328,4325,4332,4330,4332,4329,14
2010-08-24 19:41:00,2010-08-24 19:42:00,4326,4329,4330,4325,4330,4333,4334,4329,11
2010-08-24 19:42:00,2010-08-24 19:43:00,4329,4329,4330,4328,4333,4333,4334,4332,20
2010-08-24 19:43:00,2010-08-24 19:44:00,4329,4331,4331,4329,4333,4335,4335,4333,12
2010-08-24 19:44:00,2010-08-24 19:45:00,4331,4327,4331,4327,4335,4331,4335,4331,16
2010-08-24 19:45:00,2010-08-24 19:46:00,4327,4329,4329,4327,4331,4333,4333,4331,12
2010-08-24 19:46:00,2010-08-24 19:47:00,4329,4330,4331,4329,4333,4334,4335,4333,9
2010-08-24 19:47:00,2010-08-24 19:48:00,4330,4330,4331,4329,4334,4334,4335,4333,8
2010-08-24 19:48:00,2010-08-24 19:49:00,4330,4332,4332,4329,4334,4336,4336,4333,18
2010-08-24 19:49:00,2010-08-24 19:50:00,4332,4329,4332,4329,4336,4333,4336,4333,5
2010-08-24 19:50:00,2010-08-24 19:52:00,4330,4328,4332,4328,4334,4332,4336,4332,13
2010-08-24 19:52:00,2010-08-24 19:53:00,4328,4328,4329,4327,4332,4332,4333,4331,26
2010-08-24 19:53:00,2010-08-24 19:54:00,4328,4325,4329,4324,4332,4329,4333,4328,23
2010-08-24 19:54:00,2010-08-24 19:55:00,4325,4326,4327,4324,4329,4330,4331,4328,28
2010-08-24 19:55:00,2010-08-24 19:56:00,4326,4325,4327,4325,4330,4329,4331,4329,29
2010-08-24 19:56:00,2010-08-24 19:57:00,4325,4326,4326,4324,4329,4330,4330,4328,9
2010-08-24 19:57:00,2010-08-24 19:59:00,4326,4326,4326,4324,4330,4330,4330,4328,8
2010-08-24 19:59:00,2010-08-24 20:00:00,4326,4326,4329,4326,4330,4330,4333,4330,18
2010-08-24 20:00:00,2010-08-24 20:02:00,4327,4328,4328,4326,4331,4332,4332,4330,21
2010-08-24 20:02:00,2010-08-24 20:10:00,4327,4328,4329,4327,4331,4332,4333,4331,3
2010-08-24 20:10:00,2010-08-24 20:13:00,4329,4328,4329,4328,4333,4332,4333,4332,7
2010-08-24 20:13:00,2010-08-24 20:15:00,4327,4328,4329,4327,4331,4332,4333,4331,2
2010-08-24 20:15:00,2010-08-24 20:26:00,4328,4329,4329,4328,4332,4334,4334,4332,1
2010-08-24 20:26:00,2010-08-24 20:33:00,4327,4325,4327,4324,4331,4329,4331,4328,4
2010-08-24 20:33:00,2010-08-24 20:51:00,4327,4328,4329,4327,4331,4332,4333,4331,5
2010-08-24 20:51:00,2010-08-24 20:54:00,4328,4325,4328,4325,4332,4329,4332,4329,3
2010-08-24 20:54:00,2010-08-24 20:56:00,4326,4324,4326,4324,4330,4328,4330,4328,2
2010-08-24 20:56:00,2010-08-24 20:57:00,4324,4325,4326,4324,4328,4329,4330,4328,5
2010-08-24 20:57:00,2010-08-24 23:50:00,4325,4332,4332,4325,4329,4334,4334,4329,23
2010-08-24 23:50:00,2010-08-24 23:51:00,4332,4335,4335,4331,4334,4337,4337,4333,10
2010-08-24 23:51:00,2010-08-24 23:59:00,4338,4337,4339,4337,4340,4339,4341,4339,13
2010-08-24 23:59:00,2010-08-25 00:00:00,4337,4333,4337,4333,4339,4335,4339,4335,12
2010-08-25 00:00:00,2010-08-25 00:01:00,4333,4336,4336,4332,4335,4338,4338,4334,9
2010-08-25 00:01:00,2010-08-25 00:04:00,4340,4342,4343,4340,4342,4344,4345,4342,8
2010-08-25 00:04:00,2010-08-25 00:05:00,4342,4339,4342,4339,4344,4341,4344,4341,13
2010-08-25 00:05:00,2010-08-25 00:06:00,4339,4339,4340,4338,4341,4341,4342,4340,14
2010-08-25 00:06:00,2010-08-25 00:07:00,4339,4340,4340,4338,4341,4342,4342,4340,11
2010-08-25 00:07:00,2010-08-25 00:09:00,4342,4345,4345,4342,4344,4347,4347,4344,15
2010-08-25 00:09:00,2010-08-25 00:10:00,4345,4344,4348,4344,4347,4346,4350,4346,19
2010-08-25 00:10:00,2010-08-25 00:11:00,4344,4343,4346,4343,4346,4345,4348,4345,13
2010-08-25 00:11:00,2010-08-25 00:12:00,4343,4346,4346,4343,4345,4348,4348,4345,23
2010-08-25 00:12:00,2010-08-25 00:15:00,4346,4348,4349,4346,4348,4350,4351,4348,14
2010-08-25 00:15:00,2010-08-25 00:19:00,4348,4347,4348,4347,4350,4349,4350,4349,7
2010-08-25 00:19:00,2010-08-25 00:24:00,4346,4348,4348,4346,4348,4350,4350,4348,8
2010-08-25 00:24:00,2010-08-25 00:25:00,4348,4348,4348,4347,4350,4350,4350,4349,6
2010-08-25 00:25:00,2010-08-25 00:29:00,4349,4346,4349,4346,4351,4348,4351,4348,7
2010-08-25 00:29:00,2010-08-25 00:31:00,4346,4348,4349,4346,4348,4350,4351,4348,4
2010-08-25 00:31:00,2010-08-25 00:32:00,4348,4351,4352,4348,4350,4353,4354,4350,9
2010-08-25 00:32:00,2010-08-25 00:36:00,4352,4353,4355,4352,4354,4355,4357,4354,7
2010-08-25 00:36:00,2010-08-25 00:38:00,4353,4352,4353,4352,4355,4354,4355,4354,13
2010-08-25 00:38:00,2010-08-25 00:39:00,4352,4350,4353,4350,4354,4352,4355,4352,4
2010-08-25 00:39:00,2010-08-25 00:40:00,4350,4350,4351,4349,4352,4352,4353,4351,14
2010-08-25 00:40:00,2010-08-25 00:41:00,4350,4353,4353,4350,4352,4355,4355,4352,7
2010-08-25 00:41:00,2010-08-25 00:48:00,4352,4351,4353,4351,4354,4353,4355,4353,11
2010-08-25 00:48:00,2010-08-25 00:52:00,4350,4351,4351,4350,4352,4353,4353,4352,11
2010-08-25 00:52:00,2010-08-25 01:01:00,4353,4354,4354,4352,4355,4356,4356,4354,5
2010-08-25 01:01:00,2010-08-25 01:12:00,4360,4358,4360,4357,4362,4360,4362,4359,10
2010-08-25 01:12:00,2010-08-25 01:14:00,4356,4354,4357,4353,4358,4356,4359,4355,6
2010-08-25 01:14:00,2010-08-25 01:15:00,4354,4354,4356,4354,4356,4356,4358,4356,4
2010-08-25 01:15:00,2010-08-25 01:18:00,4355,4354,4356,4353,4357,4356,4358,4355,12
2010-08-25 01:18:00,2010-08-25 01:24:00,4353,4353,4353,4352,4355,4355,4355,4354,10
2010-08-25 01:24:00,2010-08-25 01:27:00,4354,4356,4356,4354,4356,4358,4358,4356,2
2010-08-25 01:27:00,2010-08-25 01:28:00,4356,4356,4357,4356,4358,4358,4359,4358,12
2010-08-25 01:28:00,2010-08-25 01:31:00,4354,4355,4355,4353,4356,4357,4357,4355,7
2010-08-25 01:31:00,2010-08-25 01:32:00,4355,4355,4355,4353,4357,4357,4357,4355,6
2010-08-25 01:32:00,2010-08-25 01:41:00,4355,4354,4355,4354,4357,4356,4357,4356,9
2010-08-25 01:41:00,2010-08-25 01:45:00,4351,4350,4351,4349,4353,4352,4353,4351,15
2010-08-25 01:45:00,2010-08-25 01:48:00,4353,4353,4354,4353,4355,4355,4356,4355,10
2010-08-25 01:48:00,2010-08-25 01:49:00,4353,4353,4354,4353,4355,4355,4356,4355,6
2010-08-25 01:49:00,2010-08-25 01:51:00,4352,4351,4353,4350,4354,4353,4355,4352,5
2010-08-25 01:51:00,2010-08-25 01:53:00,4351,4349,4351,4348,4353,4351,4353,4350,4
2010-08-25 01:53:00,2010-08-25 01:54:00,4349,4346,4349,4345,4351,4348,4351,4347,9
2010-08-25 01:54:00,2010-08-25 01:56:00,4346,4344,4346,4342,4348,4346,4348,4344,8
2010-08-25 01:56:00,2010-08-25 01:57:00,4344,4345,4345,4343,4346,4347,4347,4345,7
2010-08-25 01:57:00,2010-08-25 02:01:00,4345,4345,4345,4344,4347,4347,4347,4346,10
2010-08-25 02:01:00,2010-08-25 02:10:00,4350,4351,4351,4349,4352,4353,4353,4351,11
2010-08-25 02:10:00,2010-08-25 02:13:00,4349,4347,4349,4347,4351,4349,4351,4349,10
2010-08-25 02:13:00,2010-08-25 02:17:00,4342,4342,4343,4342,4344,4344,4345,4344,10
2010-08-25 02:17:00,2010-08-25 02:35:00,4334,4334,4335,4333,4336,4336,4337,4335,6
2010-08-25 02:35:00,2010-08-25 02:36:00,4334,4334,4335,4333,4336,4336,4337,4335,10
2010-08-25 02:36:00,2010-08-25 02:38:00,4334,4335,4335,4334,4336,4337,4337,4336,13
2010-08-25 02:38:00,2010-08-25 02:39:00,4335,4336,4337,4335,4337,4338,4339,4337,11
2010-08-25 02:39:00,2010-08-25 02:42:00,4337,4334,4337,4333,4339,4336,4339,4335,11
2010-08-25 02:42:00,2010-08-25 02:58:00,4335,4333,4335,4333,4337,4335,4337,4335,10
2010-08-25 02:58:00,2010-08-25 03:03:00,4334,4333,4335,4333,4336,4335,4337,4335,9
2010-08-25 03:03:00,2010-08-25 03:04:00,4333,4335,4335,4333,4335,4337,4337,4335,12
2010-08-25 03:04:00,2010-08-25 03:08:00,4337,4340,4341,4337,4339,4342,4343,4339,5
2010-08-25 03:08:00,2010-08-25 03:16:00,4338,4338,4338,4336,4340,4340,4340,4338,6
2010-08-25 03:16:00,2010-08-25 03:23:00,4340,4340,4340,4339,4342,4342,4342,4341,10
2010-08-25 03:23:00,2010-08-25 03:25:00,4339,4340,4341,4339,4341,4342,4343,4341,9
2010-08-25 03:25:00,2010-08-25 03:32:00,4338,4335,4339,4335,4340,4337,4341,4337,7
2010-08-25 03:32:00,2010-08-25 03:37:00,4336,4332,4337,4332,4338,4334,4339,4334,10
2010-08-25 03:37:00,2010-08-25 03:40:00,4335,4333,4335,4333,4337,4335,4337,4335,8
2010-08-25 03:40:00,2010-08-25 03:41:00,4333,4333,4333,4331,4335,4335,4335,4333,8
2010-08-25 03:41:00,2010-08-25 03:53:00,4331,4328,4331,4327,4333,4330,4333,4329,9
2010-08-25 03:53:00,2010-08-25 04:04:00,4325,4324,4325,4323,4327,4326,4327,4325,7
2010-08-25 04:04:00,2010-08-25 04:05:00,4324,4322,4324,4322,4326,4324,4326,4324,8
2010-08-25 04:05:00,2010-08-25 04:08:00,4324,4326,4327,4324,4326,4328,4329,4326,14
2010-08-25 04:08:00,2010-08-25 04:09:00,4326,4326,4327,4325,4328,4328,4329,4327,6
2010-08-25 04:09:00,2010-08-25 04:10:00,4326,4327,4328,4325,4328,4329,4330,4327,11
2010-08-25 04:10:00,2010-08-25 04:14:00,4326,4324,4326,4324,4328,4326,4328,4326,10
2010-08-25 04:14:00,2010-08-25 04:16:00,4324,4321,4324,4321,4326,4323,4326,4323,9
2010-08-25 04:16:00,2010-08-25 04:18:00,4322,4319,4322,4319,4324,4321,4324,4321,15
2010-08-25 04:18:00,2010-08-25 04:22:00,4320,4317,4320,4317,4322,4319,4322,4319,5
2010-08-25 04:22:00,2010-08-25 04:27:00,4314,4318,4319,4314,4316,4320,4321,4316,6
2010-08-25 04:27:00,2010-08-25 04:28:00,4318,4316,4318,4316,4320,4318,4320,4318,6
2010-08-25 04:28:00,2010-08-25 04:33:00,4318,4321,4322,4318,4320,4323,4324,4320,11
2010-08-25 04:33:00,2010-08-25 04:36:00,4322,4319,4322,4319,4324,4321,4324,4321,7
2010-08-25 04:36:00,2010-08-25 04:42:00,4323,4321,4323,4321,4325,4323,4325,4323,8
2010-08-25 04:42:00,2010-08-25 04:43:00,4321,4320,4322,4320,4323,4322,4324,4322,3
2010-08-25 04:43:00,2010-08-25 04:45:00,4319,4317,4319,4317,4321,4319,4321,4319,10
2010-08-25 04:45:00,2010-08-25 04:46:00,4317,4316,4317,4315,4319,4318,4319,4317,11
2010-08-25 04:46:00,2010-08-25 04:58:00,4326,4325,4326,4324,4328,4327,4328,4326,9
2010-08-25 04:58:00,2010-08-25 05:00:00,4323,4324,4325,4323,4325,4326,4327,4325,11
2010-08-25 05:00:00,2010-08-25 05:01:00,4324,4327,4327,4324,4326,4329,4329,4326,7
2010-08-25 05:01:00,2010-08-25 05:02:00,4327,4327,4328,4326,4329,4329,4330,4328,4
2010-08-25 05:02:00,2010-08-25 05:03:00,4327,4327,4328,4326,4329,4329,4330,4328,16
2010-08-25 05:03:00,2010-08-25 05:04:00,4327,4327,4329,4327,4329,4329,4331,4329,8
2010-08-25 05:04:00,2010-08-25 05:07:00,4327,4326,4327,4325,4329,4328,4329,4327,7
2010-08-25 05:07:00,2010-08-25 05:12:00,4328,4324,4328,4324,4330,4326,4330,4326,6
2010-08-25 05:12:00,2010-08-25 05:14:00,4322,4321,4323,4321,4324,4323,4325,4323,5
2010-08-25 05:14:00,2010-08-25 05:15:00,4321,4320,4322,4319,4323,4322,4324,4321,17
2010-08-25 05:15:00,2010-08-25 05:16:00,4320,4321,4321,4319,4322,4323,4323,4321,5
2010-08-25 05:16:00,2010-08-25 05:17:00,4321,4323,4323,4320,4323,4325,4325,4322,8
2010-08-25 05:17:00,2010-08-25 05:19:00,4321,4323,4323,4321,4323,4325,4325,4323,12
2010-08-25 05:19:00,2010-08-25 05:21:00,4323,4321,4323,4320,4325,4323,4325,4322,10
2010-08-25 05:21:00,2010-08-25 05:28:00,4319,4318,4320,4317,4321,4320,4322,4319,11
2010-08-25 05:28:00,2010-08-25 05:30:00,4318,4316,4318,4315,4320,4318,4320,4317,4
2010-08-25 05:30:00,2010-08-25 05:32:00,4316,4314,4316,4314,4318,4316,4318,4316,10
2010-08-25 05:32:00,2010-08-25 05:38:00,4315,4318,4318,4315,4317,4320,4320,4317,13
2010-08-25 05:38:00,2010-08-25 05:51:00,4321,4324,4324,4321,4323,4326,4326,4323,9
2010-08-25 05:51:00,2010-08-25 05:53:00,4323,4322,4325,4322,4325,4324,4327,4324,15
2010-08-25 05:53:00,2010-08-25 05:55:00,4323,4322,4323,4322,4325,4324,4325,4324,17
2010-08-25 05:55:00,2010-08-25 05:58:00,4323,4321,4323,4321,4325,4323,4325,4323,12
2010-08-25 05:58:00,2010-08-25 05:59:00,4321,4321,4322,4320,4323,4323,4324,4322,10
2010-08-25 05:59:00,2010-08-25 06:00:00,4321,4319,4321,4318,4323,4321,4323,4320,12
2010-08-25 06:00:00,2010-08-25 06:01:00,4319,4319,4319,4317,4321,4321,4321,4320,5
2010-08-25 06:01:00,2010-08-25 06:03:00,4318,4317,4319,4316,4320,4319,4321,4318,11
2010-08-25 06:03:00,2010-08-25 06:06:00,4316,4316,4317,4315,4318,4318,4319,4317,16
2010-08-25 06:06:00,2010-08-25 06:08:00,4317,4317,4319,4315,4319,4319,4321,4317,14
2010-08-25 06:08:00,2010-08-25 06:09:00,4317,4318,4319,4315,4319,4320,4321,4318,12
2010-08-25 06:09:00,2010-08-25 06:10:00,4318,4321,4321,4317,4320,4323,4323,4319,7
2010-08-25 06:10:00,2010-08-25 06:11:00,4321,4318,4321,4318,4323,4320,4323,4320,11
2010-08-25 06:11:00,2010-08-25 06:12:00,4318,4317,4319,4317,4320,4319,4321,4319,7
2010-08-25 06:12:00,2010-08-25 06:14:00,4318,4314,4319,4314,4320,4316,4321,4316,9
2010-08-25 06:14:00,2010-08-25 06:15:00,4314,4319,4320,4314,4316,4321,4322,4316,21
2010-08-25 06:15:00,2010-08-25 06:16:00,4319,4321,4322,4319,4321,4323,4324,4321,10
2010-08-25 06:16:00,2010-08-25 06:17:00,4321,4319,4321,4319,4323,4322,4323,4321,11
2010-08-25 06:17:00,2010-08-25 06:18:00,4319,4320,4321,4318,4322,4322,4323,4320,5
2010-08-25 06:18:00,2010-08-25 06:21:00,4319,4319,4320,4319,4321,4321,4322,4321,10
2010-08-25 06:21:00,2010-08-25 06:24:00,4315,4313,4316,4310,4317,4315,4318,4312,15
2010-08-25 06:24:00,2010-08-25 06:27:00,4315,4316,4317,4315,4317,4318,4319,4317,7
2010-08-25 06:27:00,2010-08-25 06:28:00,4316,4315,4316,4314,4318,4317,4318,4316,5
2010-08-25 06:28:00,2010-08-25 07:10:00,4316,4309,4316,4309,4318,4313,4318,4313,14
2010-08-25 07:10:00,2010-08-25 07:11:00,4309,4308,4309,4307,4313,4312,4313,4311,9
2010-08-25 07:11:00,2010-08-25 07:12:00,4308,4311,4312,4308,4312,4315,4316,4312,17
2010-08-25 07:12:00,2010-08-25 07:13:00,4311,4310,4311,4309,4315,4314,4315,4313,7
2010-08-25 07:13:00,2010-08-25 07:14:00,4310,4311,4311,4309,4314,4315,4315,4313,9
2010-08-25 07:14:00,2010-08-25 07:17:00,4311,4311,4312,4310,4315,4315,4316,4314,6
2010-08-25 07:17:00,2010-08-25 07:19:00,4310,4310,4311,4310,4314,4314,4315,4314,6
2010-08-25 07:19:00,2010-08-25 07:20:00,4310,4311,4312,4310,4314,4315,4316,4314,7
2010-08-25 07:20:00,2010-08-25 07:22:00,4310,4312,4312,4310,4314,4316,4316,4314,6
2010-08-25 07:22:00,2010-08-25 07:23:00,4312,4312,4313,4312,4316,4316,4317,4316,14
2010-08-25 07:23:00,2010-08-25 07:24:00,4312,4312,4312,4311,4316,4316,4316,4315,8
2010-08-25 07:24:00,2010-08-25 07:25:00,4312,4313,4314,4312,4316,4317,4318,4316,9
2010-08-25 07:25:00,2010-08-25 07:26:00,4313,4313,4314,4313,4317,4317,4318,4317,6
2010-08-25 07:26:00,2010-08-25 07:27:00,4313,4311,4313,4311,4317,4315,4317,4315,4
2010-08-25 07:27:00,2010-08-25 07:28:00,4311,4313,4314,4311,4315,4317,4318,4315,8
2010-08-25 07:28:00,2010-08-25 07:29:00,4313,4312,4313,4311,4317,4316,4317,4315,7
2010-08-25 07:29:00,2010-08-25 07:30:00,4312,4312,4314,4312,4316,4316,4318,4316,4
2010-08-25 07:30:00,2010-08-25 07:31:00,4312,4311,4313,4311,4316,4315,4317,4315,11
2010-08-25 07:31:00,2010-08-25 07:32:00,4311,4310,4311,4310,4315,4314,4315,4314,11
2010-08-25 07:32:00,2010-08-25 07:33:00,4310,4313,4313,4310,4314,4317,4317,4314,13
2010-08-25 07:33:00,2010-08-25 07:34:00,4313,4311,4313,4311,4317,4315,4317,4315,2
2010-08-25 07:34:00,2010-08-25 07:36:00,4312,4313,4314,4312,4316,4317,4318,4316,3
2010-08-25 07:36:00,2010-08-25 07:37:00,4313,4314,4314,4312,4317,4318,4318,4316,5
2010-08-25 07:37:00,2010-08-25 07:38:00,4314,4313,4314,4313,4318,4317,4318,4317,9
2010-08-25 07:38:00,2010-08-25 07:40:00,4313,4314,4314,4313,4317,4318,4318,4317,1
2010-08-25 07:40:00,2010-08-25 07:41:00,4314,4315,4316,4313,4318,4319,4320,4317,9
2010-08-25 07:41:00,2010-08-25 07:42:00,4315,4318,4318,4313,4319,4322,4322,4317,13
2010-08-25 07:42:00,2010-08-25 07:43:00,4318,4320,4320,4318,4322,4324,4324,4322,2
2010-08-25 07:43:00,2010-08-25 07:45:00,4319,4320,4320,4319,4323,4324,4324,4323,3
2010-08-25 07:45:00,2010-08-25 07:47:00,4320,4320,4321,4320,4324,4324,4325,4324,2
2010-08-25 07:47:00,2010-08-25 07:48:00,4320,4321,4321,4320,4324,4325,4325,4324,1
2010-08-25 07:48:00,2010-08-25 07:49:00,4321,4323,4324,4321,4325,4327,4328,4325,4
2010-08-25 07:49:00,2010-08-25 07:50:00,4323,4324,4324,4323,4327,4328,4328,4327,19
2010-08-25 07:50:00,2010-08-25 07:52:00,4324,4322,4324,4322,4328,4326,4328,4326,4
2010-08-25 07:52:00,2010-08-25 07:53:00,4322,4323,4323,4321,4326,4327,4327,4325,3
2010-08-25 07:53:00,2010-08-25 07:54:00,4323,4322,4323,4320,4327,4326,4327,4324,9
2010-08-25 07:54:00,2010-08-25 07:55:00,4322,4321,4322,4320,4326,4325,4326,4324,5
2010-08-25 07:55:00,2010-08-25 07:57:00,4321,4320,4321,4320,4325,4324,4325,4324,1
2010-08-25 07:57:00,2010-08-25 07:59:00,4320,4320,4321,4320,4324,4324,4325,4324,4
2010-08-25 07:59:00,2010-08-25 08:00:00,4320,4324,4324,4320,4324,4328,4328,4324,6
2010-08-25 08:00:00,2010-08-25 08:02:00,4324,4321,4324,4321,4328,4325,4328,4325,8
2010-08-25 08:02:00,2010-08-25 08:03:00,4321,4321,4322,4320,4325,4325,4326,4324,10
2010-08-25 08:03:00,2010-08-25 08:04:00,4321,4322,4322,4321,4325,4326,4326,4325,5
2010-08-25 08:04:00,2010-08-25 08:05:00,4322,4324,4325,4322,4326,4328,4329,4326,8
2010-08-25 08:05:00,2010-08-25 08:06:00,4324,4326,4326,4324,4328,4330,4330,4328,4
2010-08-25 08:06:00,2010-08-25 08:09:00,4328,4329,4329,4328,4332,4333,4333,4332,5
2010-08-25 08:09:00,2010-08-25 08:10:00,4329,4331,4332,4329,4333,4335,4336,4333,8
2010-08-25 08:10:00,2010-08-25 08:14:00,4330,4330,4332,4330,4334,4334,4336,4334,4
2010-08-25 08:14:00,2010-08-25 08:16:00,4331,4330,4331,4330,4335,4334,4335,4334,5
2010-08-25 08:16:00,2010-08-25 08:17:00,4330,4330,4331,4330,4334,4334,4335,4334,4
2010-08-25 08:17:00,2010-08-25 08:20:00,4331,4331,4331,4330,4335,4335,4335,4334,2
2010-08-25 08:20:00,2010-08-25 08:21:00,4331,4330,4331,4330,4335,4334,4335,4334,3
2010-08-25 08:21:00,2010-08-25 08:22:00,4330,4331,4332,4330,4334,4335,4336,4334,11
2010-08-25 08:22:00,2010-08-25 08:26:00,4330,4326,4330,4326,4334,4330,4334,4330,10
2010-08-25 08:26:00,2010-08-25 08:27:00,4326,4328,4328,4326,4330,4332,4332,4330,4
2010-08-25 08:27:00,2010-08-25 08:30:00,4328,4330,4330,4328,4332,4334,4334,4332,4
2010-08-25 08:30:00,2010-08-25 08:38:00,4330,4329,4331,4329,4334,4333,4335,4333,3
2010-08-25 08:38:00,2010-08-25 08:40:00,4327,4328,4328,4326,4331,4332,4332,4330,9
2010-08-25 08:40:00,2010-08-25 08:42:00,4329,4327,4329,4327,4333,4331,4333,4331,2
2010-08-25 08:42:00,2010-08-25 08:44:00,4328,4326,4328,4326,4332,4330,4332,4330,2
2010-08-25 08:44:00,2010-08-25 08:45:00,4326,4326,4327,4326,4330,4330,4331,4330,4
2010-08-25 08:45:00,2010-08-25 08:46:00,4326,4321,4327,4320,4330,4325,4331,4324,10
2010-08-25 08:46:00,2010-08-25 08:47:00,4321,4318,4321,4318,4325,4322,4325,4322,15
2010-08-25 08:47:00,2010-08-25 08:48:00,4318,4319,4320,4318,4322,4323,4324,4322,7
2010-08-25 08:48:00,2010-08-25 08:49:00,4319,4318,4319,4317,4323,4322,4323,4321,11
2010-08-25 08:49:00,2010-08-25 08:51:00,4318,4317,4319,4317,4322,4321,4323,4321,9
2010-08-25 08:51:00,2010-08-25 08:52:00,4317,4319,4320,4317,4321,4323,4324,4321,6
2010-08-25 08:52:00,2010-08-25 08:53:00,4319,4317,4320,4317,4323,4321,4324,4321,5
2010-08-25 08:53:00,2010-08-25 08:54:00,4317,4317,4318,4317,4321,4321,4322,4321,4
2010-08-25 08:54:00,2010-08-25 08:56:00,4317,4316,4317,4316,4321,4320,4321,4320,3
2010-08-25 08:56:00,2010-08-25 08:57:00,4316,4315,4317,4315,4320,4319,4321,4319,5
2010-08-25 08:57:00,2010-08-25 08:58:00,4315,4315,4316,4315,4319,4319,4320,4319,4
2010-08-25 08:58:00,2010-08-25 08:59:00,4315,4315,4316,4314,4319,4319,4320,4318,8
2010-08-25 08:59:00,2010-08-25 09:00:00,4315,4317,4317,4315,4319,4321,4321,4319,12
2010-08-25 09:00:00,2010-08-25 09:01:00,4317,4317,4317,4316,4321,4321,4321,4320,4
2010-08-25 09:01:00,2010-08-25 09:03:00,4317,4318,4318,4317,4321,4322,4322,4321,7
2010-08-25 09:03:00,2010-08-25 09:04:00,4318,4318,4319,4317,4322,4322,4323,4321,10
2010-08-25 09:04:00,2010-08-25 09:05:00,4318,4316,4319,4316,4322,4320,4323,4320,8
2010-08-25 09:05:00,2010-08-25 09:07:00,4316,4316,4318,4316,4320,4320,4322,4320,4
2010-08-25 09:07:00,2010-08-25 09:08:00,4316,4316,4317,4315,4320,4320,4321,4319,6
2010-08-25 09:08:00,2010-08-25 09:09:00,4316,4316,4317,4316,4320,4320,4321,4320,6
2010-08-25 09:09:00,2010-08-25 09:10:00,4316,4316,4317,4316,4320,4320,4321,4320,4
2010-08-25 09:10:00,2010-08-25 09:11:00,4316,4319,4320,4316,4320,4323,4324,4320,9
2010-08-25 09:11:00,2010-08-25 09:12:00,4319,4319,4320,4319,4323,4323,4324,4323,2
2010-08-25 09:12:00,2010-08-25 09:15:00,4318,4318,4319,4318,4322,4322,4323,4322,4
2010-08-25 09:15:00,2010-08-25 09:16:00,4318,4317,4319,4317,4322,4321,4323,4321,3
2010-08-25 09:16:00,2010-08-25 09:17:00,4317,4317,4317,4316,4321,4321,4321,4320,2
2010-08-25 09:17:00,2010-08-25 09:18:00,4317,4318,4318,4317,4321,4322,4322,4321,5
2010-08-25 09:18:00,2010-08-25 09:19:00,4318,4318,4319,4316,4322,4322,4323,4321,8
2010-08-25 09:19:00,2010-08-25 09:21:00,4318,4317,4319,4317,4322,4321,4323,4321,21
2010-08-25 09:21:00,2010-08-25 09:22:00,4317,4316,4317,4316,4321,4320,4321,4320,1
2010-08-25 09:22:00,2010-08-25 09:23:00,4316,4315,4317,4314,4320,4319,4321,4318,17
2010-08-25 09:23:00,2010-08-25 09:24:00,4315,4314,4315,4314,4319,4318,4319,4318,3
2010-08-25 09:24:00,2010-08-25 09:25:00,4314,4314,4314,4312,4318,4318,4318,4316,6
2010-08-25 09:25:00,2010-08-25 09:26:00,4314,4313,4314,4312,4318,4317,4318,4316,7
2010-08-25 09:26:00,2010-08-25 09:27:00,4313,4314,4314,4313,4317,4318,4318,4317,3
2010-08-25 09:27:00,2010-08-25 09:33:00,4314,4314,4314,4313,4318,4318,4318,4317,2
2010-08-25 09:33:00,2010-08-25 09:34:00,4314,4312,4314,4312,4318,4316,4318,4316,2
2010-08-25 09:34:00,2010-08-25 09:37:00,4312,4312,4314,4312,4316,4316,4318,4316,28
2010-08-25 09:37:00,2010-08-25 09:38:00,4312,4311,4313,4311,4316,4315,4317,4315,5
2010-08-25 09:38:00,2010-08-25 09:39:00,4311,4310,4311,4310,4315,4314,4315,4314,7
2010-08-25 09:39:00,2010-08-25 09:42:00,4311,4312,4312,4311,4315,4316,4316,4315,3
2010-08-25 09:42:00,2010-08-25 09:43:00,4312,4310,4312,4310,4316,4314,4316,4314,4
2010-08-25 09:43:00,2010-08-25 09:47:00,4311,4312,4313,4311,4315,4316,4317,4315,3
2010-08-25 09:47:00,2010-08-25 09:50:00,4311,4312,4312,4311,4315,4316,4316,4315,1
2010-08-25 09:50:00,2010-08-25 09:51:00,4312,4313,4313,4312,4316,4317,4317,4316,3
2010-08-25 09:51:00,2010-08-25 09:52:00,4313,4313,4313,4312,4317,4317,4317,4316,2
2010-08-25 09:52:00,2010-08-25 09:53:00,4313,4312,4313,4312,4317,4316,4317,4316,1
2010-08-25 09:53:00,2010-08-25 09:54:00,4312,4311,4312,4310,4316,4315,4316,4314,5
2010-08-25 09:54:00,2010-08-25 10:06:00,4310,4308,4310,4308,4314,4312,4314,4312,2
2010-08-25 10:06:00,2010-08-25 10:07:00,4308,4309,4310,4308,4312,4313,4314,4312,7
2010-08-25 10:07:00,2010-08-25 10:08:00,4309,4308,4310,4308,4313,4312,4314,4312,5
2010-08-25 10:08:00,2010-08-25 10:09:00,4308,4309,4309,4308,4312,4313,4313,4312,7
2010-08-25 10:09:00,2010-08-25 10:11:00,4309,4310,4310,4308,4313,4314,4314,4312,3
2010-08-25 10:11:00,2010-08-25 10:13:00,4309,4309,4310,4309,4313,4314,4314,4313,4
2010-08-25 10:13:00,2010-08-25 10:14:00,4309,4309,4310,4309,4314,4314,4314,4314,2
2010-08-25 10:14:00,2010-08-25 10:19:00,4309,4312,4312,4309,4314,4316,4316,4314,3
2010-08-25 10:19:00,2010-08-25 10:22:00,4312,4310,4312,4310,4316,4314,4316,4314,2
2010-08-25 10:22:00,2010-08-25 10:27:00,4311,4311,4311,4310,4315,4315,4315,4314,2
2010-08-25 10:27:00,2010-08-25 10:28:00,4311,4312,4312,4310,4315,4316,4316,4314,5
2010-08-25 10:28:00,2010-08-25 10:29:00,4312,4312,4312,4311,4316,4316,4316,4315,4
2010-08-25 10:29:00,2010-08-25 10:32:00,4311,4308,4311,4308,4315,4312,4315,4312,3
2010-08-25 10:32:00,2010-08-25 10:33:00,4308,4308,4309,4307,4312,4312,4313,4311,6
2010-08-25 10:33:00,2010-08-25 10:34:00,4308,4309,4310,4308,4312,4314,4314,4312,3
2010-08-25 10:34:00,2010-08-25 10:35:00,4309,4309,4310,4309,4314,4313,4314,4313,6
2010-08-25 10:35:00,2010-08-25 10:36:00,4309,4312,4312,4309,4313,4316,4316,4313,3
2010-08-25 10:36:00,2010-08-25 10:37:00,4312,4310,4312,4310,4316,4314,4316,4314,10
2010-08-25 10:37:00,2010-08-25 10:38:00,4310,4311,4311,4310,4314,4315,4315,4314,3
2010-08-25 10:38:00,2010-08-25 10:39:00,4311,4312,4312,4310,4315,4316,4316,4314,8
2010-08-25 10:39:00,2010-08-25 10:40:00,4312,4312,4312,4311,4316,4316,4316,4315,2
2010-08-25 10:40:00,2010-08-25 10:43:00,4312,4311,4312,4310,4316,4315,4316,4314,3
2010-08-25 10:43:00,2010-08-25 10:44:00,4311,4310,4311,4310,4315,4314,4315,4314,5
2010-08-25 10:44:00,2010-08-25 10:46:00,4311,4310,4312,4310,4315,4314,4316,4314,3
2010-08-25 10:46:00,2010-08-25 10:47:00,4310,4311,4312,4310,4314,4315,4316,4314,2
2010-08-25 10:47:00,2010-08-25 10:51:00,4311,4311,4314,4311,4315,4316,4318,4315,3
2010-08-25 10:51:00,2010-08-25 10:52:00,4311,4313,4313,4311,4316,4317,4317,4316,2
2010-08-25 10:52:00,2010-08-25 10:53:00,4313,4312,4314,4312,4317,4316,4318,4316,3
2010-08-25 10:53:00,2010-08-25 10:54:00,4312,4312,4313,4311,4316,4316,4317,4315,6
2010-08-25 10:54:00,2010-08-25 10:55:00,4312,4311,4312,4311,4316,4315,4316,4315,3
2010-08-25 10:55:00,2010-08-25 10:58:00,4310,4310,4311,4310,4314,4314,4315,4314,2
2010-08-25 10:58:00,2010-08-25 10:59:00,4310,4311,4311,4310,4314,4315,4315,4314,1
2010-08-25 10:59:00,2010-08-25 11:00:00,4311,4312,4312,4310,4315,4316,4316,4315,3
2010-08-25 11:00:00,2010-08-25 11:01:00,4312,4311,4312,4311,4316,4315,4316,4315,1
2010-08-25 11:01:00,2010-08-25 11:02:00,4311,4310,4311,4310,4315,4314,4315,4314,1
2010-08-25 11:02:00,2010-08-25 11:03:00,4310,4309,4310,4309,4314,4313,4314,4313,1
2010-08-25 11:03:00,2010-08-25 11:04:00,4309,4308,4309,4307,4313,4312,4313,4311,3
2010-08-25 11:04:00,2010-08-25 11:07:00,4308,4309,4309,4308,4312,4313,4313,4312,3
2010-08-25 11:07:00,2010-08-25 11:08:00,4309,4308,4309,4308,4313,4312,4313,4312,1
2010-08-25 11:08:00,2010-08-25 11:09:00,4308,4309,4309,4308,4312,4313,4313,4312,1
2010-08-25 11:09:00,2010-08-25 11:10:00,4309,4309,4309,4308,4313,4313,4313,4312,2
2010-08-25 11:10:00,2010-08-25 11:13:00,4309,4309,4309,4307,4313,4313,4313,4311,6
2010-08-25 11:13:00,2010-08-25 11:14:00,4309,4308,4309,4308,4313,4312,4313,4312,3
2010-08-25 11:14:00,2010-08-25 11:15:00,4308,4307,4308,4307,4312,4311,4312,4311,5
2010-08-25 11:15:00,2010-08-25 11:16:00,4307,4306,4307,4306,4311,4310,4311,4310,1
2010-08-25 11:16:00,2010-08-25 11:17:00,4306,4307,4307,4306,4310,4311,4311,4310,3
2010-08-25 11:17:00,2010-08-25 11:18:00,4307,4305,4307,4305,4311,4309,4311,4309,10
2010-08-25 11:18:00,2010-08-25 11:19:00,4305,4305,4306,4305,4309,4309,4310,4309,4
2010-08-25 11:19:00,2010-08-25 11:21:00,4305,4305,4305,4304,4309,4309,4309,4308,2
2010-08-25 11:21:00,2010-08-25 11:22:00,4305,4305,4305,4304,4309,4309,4309,4308,8
2010-08-25 11:22:00,2010-08-25 11:23:00,4305,4304,4305,4304,4309,4308,4309,4308,3
2010-08-25 11:23:00,2010-08-25 11:26:00,4304,4304,4305,4304,4308,4308,4309,4308,2
2010-08-25 11:26:00,2010-08-25 11:27:00,4304,4303,4304,4303,4308,4307,4308,4307,3
2010-08-25 11:27:00,2010-08-25 11:28:00,4303,4300,4304,4300,4307,4304,4308,4304,9
2010-08-25 11:28:00,2010-08-25 11:29:00,4300,4298,4300,4297,4304,4302,4304,4301,4
2010-08-25 11:29:00,2010-08-25 11:30:00,4298,4297,4300,4297,4302,4301,4304,4301,13
2010-08-25 11:30:00,2010-08-25 11:33:00,4297,4296,4297,4295,4301,4300,4301,4299,3
2010-08-25 11:33:00,2010-08-25 11:34:00,4296,4297,4298,4296,4300,4301,4302,4300,3
2010-08-25 11:34:00,2010-08-25 11:35:00,4297,4298,4298,4297,4301,4303,4303,4301,1
2010-08-25 11:35:00,2010-08-25 11:37:00,4298,4299,4299,4298,4303,4303,4303,4302,5
2010-08-25 11:37:00,2010-08-25 11:38:00,4299,4300,4300,4299,4303,4304,4304,4303,11
2010-08-25 11:38:00,2010-08-25 11:39:00,4300,4299,4300,4299,4304,4303,4304,4303,7
2010-08-25 11:39:00,2010-08-25 11:40:00,4299,4300,4300,4299,4303,4304,4304,4303,5
2010-08-25 11:40:00,2010-08-25 11:41:00,4300,4301,4301,4300,4304,4305,4305,4304,1
2010-08-25 11:41:00,2010-08-25 11:42:00,4301,4301,4302,4301,4305,4305,4306,4305,2
2010-08-25 11:42:00,2010-08-25 11:51:00,4301,4298,4301,4298,4305,4302,4305,4302,1
2010-08-25 11:51:00,2010-08-25 11:54:00,4299,4299,4300,4299,4303,4303,4304,4303,2
2010-08-25 11:54:00,2010-08-25 11:55:00,4299,4300,4300,4299,4303,4304,4304,4303,1
2010-08-25 11:55:00,2010-08-25 11:57:00,4300,4302,4302,4300,4304,4306,4306,4304,8
2010-08-25 11:57:00,2010-08-25 11:59:00,4301,4301,4302,4300,4305,4305,4306,4304,6
2010-08-25 11:59:00,2010-08-25 12:00:00,4301,4299,4301,4299,4305,4303,4305,4303,4
2010-08-25 12:00:00,2010-08-25 12:01:00,4299,4300,4300,4299,4303,4304,4304,4303,3
2010-08-25 12:01:00,2010-08-25 12:03:00,4300,4305,4305,4299,4304,4309,4309,4303,3
2010-08-25 12:03:00,2010-08-25 12:04:00,4305,4302,4305,4301,4309,4306,4309,4305,5
2010-08-25 12:04:00,2010-08-25 12:06:00,4302,4300,4302,4299,4306,4304,4306,4303,8
2010-08-25 12:06:00,2010-08-25 12:07:00,4300,4299,4300,4299,4304,4303,4304,4303,1
2010-08-25 12:07:00,2010-08-25 12:08:00,4299,4300,4300,4297,4303,4304,4304,4301,5
2010-08-25 12:08:00,2010-08-25 12:09:00,4300,4299,4300,4298,4304,4303,4304,4302,5
2010-08-25 12:09:00,2010-08-25 12:10:00,4299,4296,4299,4296,4303,4300,4303,4300,7
2010-08-25 12:10:00,2010-08-25 12:11:00,4296,4296,4297,4295,4300,4300,4301,4299,9
2010-08-25 12:11:00,2010-08-25 12:13:00,4297,4297,4298,4296,4301,4301,4302,4300,6
2010-08-25 12:13:00,2010-08-25 12:14:00,4297,4298,4299,4297,4301,4302,4303,4301,3
2010-08-25 12:14:00,2010-08-25 12:15:00,4298,4299,4299,4298,4302,4303,4303,4302,5
2010-08-25 12:15:00,2010-08-25 12:16:00,4299,4298,4299,4298,4303,4302,4303,4302,1
2010-08-25 12:16:00,2010-08-25 12:18:00,4298,4299,4299,4298,4302,4303,4303,4302,3
2010-08-25 12:18:00,2010-08-25 12:20:00,4298,4298,4299,4298,4302,4302,4303,4302,2
2010-08-25 12:20:00,2010-08-25 12:21:00,4298,4298,4298,4297,4302,4302,4302,4301,2
2010-08-25 12:21:00,2010-08-25 12:24:00,4298,4297,4298,4297,4302,4301,4302,4301,1
2010-08-25 12:24:00,2010-08-25 12:25:00,4297,4295,4297,4295,4301,4299,4301,4299,4
2010-08-25 12:25:00,2010-08-25 12:26:00,4295,4293,4296,4293,4299,4297,4300,4297,6
2010-08-25 12:26:00,2010-08-25 12:27:00,4293,4292,4293,4290,4297,4296,4297,4294,11
2010-08-25 12:27:00,2010-08-25 12:28:00,4292,4293,4294,4290,4296,4297,4298,4294,24
2010-08-25 12:28:00,2010-08-25 12:29:00,4293,4294,4295,4291,4297,4298,4299,4295,25
2010-08-25 12:29:00,2010-08-25 12:30:00,4294,4286,4294,4284,4298,4290,4298,4288,17
2010-08-25 12:30:00,2010-08-25 12:31:00,4286,4289,4289,4282,4290,4293,4293,4286,10
2010-08-25 12:31:00,2010-08-25 12:32:00,4289,4286,4289,4285,4293,4290,4293,4289,21
2010-08-25 12:32:00,2010-08-25 12:33:00,4286,4283,4286,4282,4290,4287,4290,4286,7
2010-08-25 12:33:00,2010-08-25 12:34:00,4283,4284,4285,4282,4287,4288,4289,4286,17
2010-08-25 12:34:00,2010-08-25 12:35:00,4284,4285,4286,4284,4288,4289,4290,4288,15
2010-08-25 12:35:00,2010-08-25 12:36:00,4285,4284,4286,4283,4289,4288,4290,4287,11
2010-08-25 12:36:00,2010-08-25 12:37:00,4284,4286,4286,4284,4288,4290,4290,4288,4
2010-08-25 12:37:00,2010-08-25 12:38:00,4286,4287,4287,4285,4290,4291,4291,4289,13
2010-08-25 12:38:00,2010-08-25 12:39:00,4287,4288,4288,4287,4291,4292,4292,4291,3
2010-08-25 12:39:00,2010-08-25 12:41:00,4287,4287,4288,4287,4291,4291,4292,4291,2
2010-08-25 12:41:00,2010-08-25 12:42:00,4287,4286,4289,4286,4291,4290,4293,4290,10
2010-08-25 12:42:00,2010-08-25 12:43:00,4286,4285,4286,4285,4290,4289,4290,4289,7
2010-08-25 12:43:00,2010-08-25 12:45:00,4285,4284,4286,4283,4289,4288,4290,4287,5
2010-08-25 12:45:00,2010-08-25 12:46:00,4284,4283,4285,4283,4288,4287,4289,4287,5
2010-08-25 12:46:00,2010-08-25 12:47:00,4283,4285,4286,4283,4287,4289,4290,4287,16
2010-08-25 12:47:00,2010-08-25 12:48:00,4285,4280,4285,4279,4289,4284,4289,4283,30
2010-08-25 12:48:00,2010-08-25 12:49:00,4280,4282,4284,4280,4284,4286,4288,4284,16
2010-08-25 12:49:00,2010-08-25 12:50:00,4282,4283,4284,4281,4286,4287,4288,4285,9
2010-08-25 12:50:00,2010-08-25 12:51:00,4283,4283,4284,4283,4287,4287,4288,4287,8
2010-08-25 12:51:00,2010-08-25 12:52:00,4283,4283,4284,4282,4287,4287,4288,4286,10
2010-08-25 12:52:00,2010-08-25 12:53:00,4283,4283,4283,4282,4287,4287,4287,4286,4
2010-08-25 12:53:00,2010-08-25 12:55:00,4283,4282,4283,4282,4287,4286,4287,4286,1
2010-08-25 12:55:00,2010-08-25 12:56:00,4282,4283,4284,4282,4286,4287,4288,4286,7
2010-08-25 12:56:00,2010-08-25 12:57:00,4283,4283,4284,4283,4287,4287,4288,4287,2
2010-08-25 12:57:00,2010-08-25 12:58:00,4283,4281,4283,4281,4287,4285,4287,4285,2
2010-08-25 12:58:00,2010-08-25 13:01:00,4281,4282,4282,4281,4285,4286,4286,4285,1
2010-08-25 13:01:00,2010-08-25 13:02:00,4282,4283,4284,4282,4286,4287,4288,4286,3
2010-08-25 13:02:00,2010-08-25 13:05:00,4283,4282,4283,4282,4287,4286,4287,4286,3
2010-08-25 13:05:00,2010-08-25 13:07:00,4282,4282,4282,4281,4286,4286,4286,4285,2
2010-08-25 13:07:00,2010-08-25 13:08:00,4282,4280,4282,4280,4286,4284,4286,4284,2
2010-08-25 13:08:00,2010-08-25 13:09:00,4280,4279,4280,4279,4284,4283,4284,4283,1
2010-08-25 13:09:00,2010-08-25 13:10:00,4279,4280,4281,4279,4283,4284,4285,4283,5
2010-08-25 13:10:00,2010-08-25 13:14:00,4277,4279,4279,4277,4281,4283,4283,4281,4
2010-08-25 13:14:00,2010-08-25 13:15:00,4279,4281,4282,4279,4283,4285,4286,4283,10
2010-08-25 13:15:00,2010-08-25 13:16:00,4281,4280,4281,4280,4285,4284,4285,4284,3
2010-08-25 13:16:00,2010-08-25 13:18:00,4280,4280,4281,4280,4284,4284,4285,4284,4
2010-08-25 13:18:00,2010-08-25 13:20:00,4280,4281,4281,4280,4284,4285,4285,4284,1
2010-08-25 13:20:00,2010-08-25 13:21:00,4281,4283,4283,4281,4285,4287,4287,4285,2
2010-08-25 13:21:00,2010-08-25 13:22:00,4283,4283,4285,4283,4287,4287,4289,4287,8
2010-08-25 13:22:00,2010-08-25 13:23:00,4283,4283,4284,4282,4287,4287,4288,4286,6
2010-08-25 13:23:00,2010-08-25 13:24:00,4283,4283,4283,4282,4287,4287,4287,4286,2
2010-08-25 13:24:00,2010-08-25 13:26:00,4284,4283,4284,4283,4288,4287,4288,4287,9
2010-08-25 13:26:00,2010-08-25 13:27:00,4283,4283,4284,4282,4287,4287,4288,4286,22
2010-08-25 13:27:00,2010-08-25 13:28:00,4283,4284,4284,4283,4287,4288,4288,4287,1
2010-08-25 13:28:00,2010-08-25 13:29:00,4284,4283,4284,4283,4288,4287,4288,4287,5
2010-08-25 13:29:00,2010-08-25 13:30:00,4283,4289,4289,4283,4287,4293,4293,4287,24
2010-08-25 13:30:00,2010-08-25 13:31:00,4289,4290,4291,4289,4293,4294,4296,4293,25
2010-08-25 13:31:00,2010-08-25 13:32:00,4290,4291,4292,4289,4294,4295,4296,4293,13
2010-08-25 13:32:00,2010-08-25 13:33:00,4291,4288,4294,4288,4295,4292,4298,4292,35
2010-08-25 13:33:00,2010-08-25 13:34:00,4288,4289,4290,4288,4292,4293,4294,4292,9
2010-08-25 13:34:00,2010-08-25 13:35:00,4289,4286,4290,4286,4293,4290,4294,4290,31
2010-08-25 13:35:00,2010-08-25 13:36:00,4286,4283,4286,4282,4290,4287,4290,4286,30
2010-08-25 13:36:00,2010-08-25 13:37:00,4283,4283,4284,4283,4287,4287,4288,4287,10
2010-08-25 13:37:00,2010-08-25 13:38:00,4283,4290,4290,4283,4287,4294,4294,4287,24
2010-08-25 13:38:00,2010-08-25 13:39:00,4290,4288,4292,4288,4294,4292,4296,4292,15
2010-08-25 13:39:00,2010-08-25 13:40:00,4288,4288,4291,4286,4292,4292,4295,4290,26
2010-08-25 13:40:00,2010-08-25 13:41:00,4288,4288,4289,4287,4292,4292,4293,4291,10
2010-08-25 13:41:00,2010-08-25 13:42:00,4288,4288,4288,4286,4292,4292,4292,4290,14
2010-08-25 13:42:00,2010-08-25 13:43:00,4288,4285,4288,4284,4292,4289,4292,4288,9
2010-08-25 13:43:00,2010-08-25 13:44:00,4285,4282,4285,4282,4289,4286,4289,4286,17
2010-08-25 13:44:00,2010-08-25 13:45:00,4282,4281,4284,4280,4286,4285,4288,4284,14
2010-08-25 13:45:00,2010-08-25 13:46:00,4281,4280,4282,4280,4285,4284,4286,4284,11
2010-08-25 13:46:00,2010-08-25 13:47:00,4280,4280,4280,4278,4284,4284,4284,4282,18
2010-08-25 13:47:00,2010-08-25 13:48:00,4280,4280,4280,4279,4284,4284,4284,4283,6
2010-08-25 13:48:00,2010-08-25 13:49:00,4280,4277,4280,4277,4284,4281,4284,4281,19
2010-08-25 13:49:00,2010-08-25 13:50:00,4277,4278,4278,4277,4281,4282,4282,4281,5
2010-08-25 13:50:00,2010-08-25 13:51:00,4278,4274,4278,4273,4282,4278,4282,4277,22
2010-08-25 13:51:00,2010-08-25 13:52:00,4274,4275,4275,4273,4278,4279,4279,4277,7
2010-08-25 13:52:00,2010-08-25 13:53:00,4275,4272,4275,4272,4279,4276,4279,4276,7
2010-08-25 13:53:00,2010-08-25 13:54:00,4272,4273,4274,4272,4276,4277,4278,4276,7
2010-08-25 13:54:00,2010-08-25 13:55:00,4273,4273,4275,4272,4277,4277,4279,4276,22
2010-08-25 13:55:00,2010-08-25 13:56:00,4273,4269,4273,4269,4277,4273,4277,4273,27
2010-08-25 13:56:00,2010-08-25 13:57:00,4269,4268,4269,4268,4273,4272,4273,4272,9
2010-08-25 13:57:00,2010-08-25 13:58:00,4268,4271,4271,4268,4272,4275,4275,4272,11
2010-08-25 13:58:00,2010-08-25 13:59:00,4271,4271,4272,4269,4275,4275,4276,4273,15
2010-08-25 13:59:00,2010-08-25 14:00:00,4271,4265,4272,4259,4275,4269,4276,4263,14
2010-08-25 14:00:00,2010-08-25 14:01:00,4265,4265,4265,4259,4269,4269,4269,4264,9
2010-08-25 14:01:00,2010-08-25 14:02:00,4265,4267,4267,4264,4269,4271,4271,4268,3
2010-08-25 14:02:00,2010-08-25 14:03:00,4267,4281,4281,4267,4271,4285,4285,4271,7
2010-08-25 14:03:00,2010-08-25 14:04:00,4281,4281,4282,4277,4285,4285,4286,4281,16
2010-08-25 14:04:00,2010-08-25 14:05:00,4281,4286,4288,4281,4285,4290,4292,4285,35
2010-08-25 14:05:00,2010-08-25 14:06:00,4286,4284,4287,4283,4290,4288,4291,4287,17
2010-08-25 14:06:00,2010-08-25 14:07:00,4284,4286,4286,4284,4288,4290,4290,4288,10
2010-08-25 14:07:00,2010-08-25 14:08:00,4286,4286,4286,4283,4290,4290,4290,4287,55
2010-08-25 14:08:00,2010-08-25 14:09:00,4286,4286,4287,4284,4290,4290,4291,4288,18
2010-08-25 14:09:00,2010-08-25 14:10:00,4286,4284,4288,4283,4290,4288,4292,4287,18
2010-08-25 14:10:00,2010-08-25 14:11:00,4284,4282,4284,4281,4288,4286,4288,4285,24
2010-08-25 14:11:00,2010-08-25 14:12:00,4282,4280,4282,4280,4286,4284,4286,4284,8
2010-08-25 14:12:00,2010-08-25 14:13:00,4280,4279,4280,4278,4284,4283,4284,4282,25
2010-08-25 14:13:00,2010-08-25 14:14:00,4279,4281,4282,4279,4283,4285,4286,4283,20
2010-08-25 14:14:00,2010-08-25 14:15:00,4281,4284,4286,4281,4285,4288,4290,4285,28
2010-08-25 14:15:00,2010-08-25 14:16:00,4284,4283,4284,4282,4288,4287,4288,4286,13
2010-08-25 14:16:00,2010-08-25 14:17:00,4283,4280,4284,4279,4287,4284,4288,4283,27
2010-08-25 14:17:00,2010-08-25 14:18:00,4280,4279,4282,4279,4284,4283,4286,4283,25
2010-08-25 14:18:00,2010-08-25 14:19:00,4279,4278,4280,4277,4283,4282,4284,4281,21
2010-08-25 14:19:00,2010-08-25 14:20:00,4278,4280,4281,4277,4282,4284,4285,4281,14
2010-08-25 14:20:00,2010-08-25 14:21:00,4280,4277,4280,4277,4284,4281,4284,4281,9
2010-08-25 14:21:00,2010-08-25 14:22:00,4277,4279,4280,4277,4281,4283,4284,4281,46
2010-08-25 14:22:00,2010-08-25 14:23:00,4279,4280,4282,4279,4283,4284,4286,4283,21
2010-08-25 14:23:00,2010-08-25 14:24:00,4280,4280,4283,4280,4284,4284,4287,4284,22
2010-08-25 14:24:00,2010-08-25 14:25:00,4280,4281,4282,4280,4284,4285,4286,4284,5
2010-08-25 14:25:00,2010-08-25 14:26:00,4281,4281,4284,4280,4285,4285,4288,4284,18
2010-08-25 14:26:00,2010-08-25 14:27:00,4281,4279,4282,4278,4285,4283,4286,4282,24
2010-08-25 14:27:00,2010-08-25 14:28:00,4279,4280,4280,4279,4283,4284,4284,4283,27
2010-08-25 14:28:00,2010-08-25 14:29:00,4280,4280,4281,4280,4284,4284,4285,4284,6
2010-08-25 14:29:00,2010-08-25 14:30:00,4280,4282,4282,4276,4284,4286,4286,4280,15
2010-08-25 14:30:00,2010-08-25 14:31:00,4282,4280,4284,4278,4286,4284,4288,4282,25
2010-08-25 14:31:00,2010-08-25 14:32:00,4280,4277,4280,4276,4284,4281,4284,4280,6
2010-08-25 14:32:00,2010-08-25 14:33:00,4277,4277,4280,4276,4281,4281,4284,4280,12
2010-08-25 14:33:00,2010-08-25 14:34:00,4277,4277,4278,4277,4281,4281,4282,4281,22
2010-08-25 14:34:00,2010-08-25 14:35:00,4277,4278,4280,4277,4281,4282,4284,4281,8
2010-08-25 14:35:00,2010-08-25 14:36:00,4278,4279,4279,4277,4282,4283,4283,4281,13
2010-08-25 14:36:00,2010-08-25 14:37:00,4279,4276,4279,4274,4283,4280,4283,4278,33
2010-08-25 14:37:00,2010-08-25 14:38:00,4276,4274,4277,4274,4280,4278,4281,4278,20
2010-08-25 14:38:00,2010-08-25 14:39:00,4274,4278,4278,4274,4278,4282,4282,4278,12
2010-08-25 14:39:00,2010-08-25 14:40:00,4278,4279,4279,4276,4282,4283,4283,4280,21
2010-08-25 14:40:00,2010-08-25 14:41:00,4279,4278,4279,4277,4283,4282,4283,4281,5
2010-08-25 14:41:00,2010-08-25 14:42:00,4278,4280,4282,4278,4282,4284,4286,4282,28
2010-08-25 14:42:00,2010-08-25 14:43:00,4280,4281,4282,4278,4284,4285,4286,4282,18
2010-08-25 14:43:00,2010-08-25 14:44:00,4281,4284,4284,4281,4285,4288,4288,4285,11
2010-08-25 14:44:00,2010-08-25 14:45:00,4284,4284,4285,4283,4288,4288,4289,4287,10
2010-08-25 14:45:00,2010-08-25 14:46:00,4284,4286,4287,4283,4288,4290,4291,4287,25
2010-08-25 14:46:00,2010-08-25 14:47:00,4286,4286,4286,4285,4290,4290,4290,4289,16
2010-08-25 14:47:00,2010-08-25 14:48:00,4286,4285,4287,4285,4290,4289,4291,4289,7
2010-08-25 14:48:00,2010-08-25 14:49:00,4285,4286,4286,4285,4289,4290,4290,4289,1
2010-08-25 14:49:00,2010-08-25 14:50:00,4286,4288,4288,4286,4290,4292,4292,4290,6
2010-08-25 14:50:00,2010-08-25 14:51:00,4288,4288,4289,4287,4292,4292,4293,4291,4
2010-08-25 14:51:00,2010-08-25 14:52:00,4288,4284,4288,4284,4292,4288,4292,4288,10
2010-08-25 14:52:00,2010-08-25 14:53:00,4284,4286,4286,4284,4288,4290,4290,4288,6
2010-08-25 14:53:00,2010-08-25 14:54:00,4286,4286,4288,4285,4290,4290,4292,4289,37
2010-08-25 14:54:00,2010-08-25 14:55:00,4286,4290,4290,4285,4290,4294,4294,4289,23
2010-08-25 14:55:00,2010-08-25 14:56:00,4290,4290,4291,4288,4294,4294,4295,4292,22
2010-08-25 14:56:00,2010-08-25 14:57:00,4290,4296,4297,4290,4294,4300,4301,4294,20
2010-08-25 14:57:00,2010-08-25 14:58:00,4296,4298,4298,4295,4300,4302,4302,4299,12
2010-08-25 14:58:00,2010-08-25 14:59:00,4298,4297,4298,4296,4302,4301,4302,4300,11
2010-08-25 14:59:00,2010-08-25 15:00:00,4297,4299,4300,4296,4301,4303,4304,4300,10
2010-08-25 15:00:00,2010-08-25 15:01:00,4299,4302,4303,4299,4303,4306,4307,4303,11
2010-08-25 15:01:00,2010-08-25 15:02:00,4302,4300,4302,4300,4306,4304,4306,4304,2
2010-08-25 15:02:00,2010-08-25 15:03:00,4300,4305,4306,4300,4304,4309,4310,4304,12
2010-08-25 15:03:00,2010-08-25 15:04:00,4305,4302,4306,4302,4309,4306,4310,4306,21
2010-08-25 15:04:00,2010-08-25 15:05:00,4302,4302,4303,4300,4306,4306,4307,4304,16
2010-08-25 15:05:00,2010-08-25 15:06:00,4302,4303,4303,4300,4306,4307,4307,4304,5
2010-08-25 15:06:00,2010-08-25 15:07:00,4303,4302,4304,4300,4307,4306,4308,4304,33
2010-08-25 15:07:00,2010-08-25 15:08:00,4302,4301,4302,4300,4306,4305,4306,4304,9
2010-08-25 15:08:00,2010-08-25 15:09:00,4301,4301,4302,4299,4305,4305,4306,4303,16
2010-08-25 15:09:00,2010-08-25 15:10:00,4301,4300,4301,4299,4305,4304,4305,4303,17
2010-08-25 15:10:00,2010-08-25 15:11:00,4300,4292,4300,4291,4304,4296,4304,4295,36
2010-08-25 15:11:00,2010-08-25 15:12:00,4292,4294,4295,4292,4296,4298,4299,4296,21
2010-08-25 15:12:00,2010-08-25 15:13:00,4294,4294,4295,4293,4298,4298,4299,4297,8
2010-08-25 15:13:00,2010-08-25 15:14:00,4294,4295,4295,4293,4298,4299,4299,4297,9
2010-08-25 15:14:00,2010-08-25 15:15:00,4295,4295,4295,4294,4299,4299,4299,4298,14
2010-08-25 15:15:00,2010-08-25 15:16:00,4295,4299,4299,4295,4299,4303,4303,4299,9
2010-08-25 15:16:00,2010-08-25 15:17:00,4299,4298,4299,4297,4303,4302,4303,4301,8
2010-08-25 15:17:00,2010-08-25 15:18:00,4298,4300,4302,4298,4302,4304,4306,4302,22
2010-08-25 15:18:00,2010-08-25 15:19:00,4300,4303,4303,4300,4304,4307,4307,4304,9
2010-08-25 15:19:00,2010-08-25 15:20:00,4303,4304,4304,4302,4307,4308,4308,4306,11
2010-08-25 15:20:00,2010-08-25 15:21:00,4304,4305,4305,4303,4308,4309,4309,4307,9
2010-08-25 15:21:00,2010-08-25 15:22:00,4305,4304,4305,4303,4309,4308,4309,4307,20
2010-08-25 15:22:00,2010-08-25 15:23:00,4304,4303,4304,4302,4308,4307,4308,4306,11
2010-08-25 15:23:00,2010-08-25 15:25:00,4303,4303,4304,4303,4307,4307,4308,4307,14
2010-08-25 15:25:00,2010-08-25 15:26:00,4303,4306,4307,4303,4307,4310,4311,4307,33
2010-08-25 15:26:00,2010-08-25 15:27:00,4306,4304,4306,4304,4310,4308,4310,4308,6
2010-08-25 15:27:00,2010-08-25 15:28:00,4304,4303,4305,4302,4308,4307,4309,4306,14
2010-08-25 15:28:00,2010-08-25 15:29:00,4303,4303,4303,4302,4307,4307,4307,4306,8
2010-08-25 15:29:00,2010-08-25 15:30:00,4303,4304,4305,4303,4307,4308,4309,4307,15
2010-08-25 15:30:00,2010-08-25 15:31:00,4304,4305,4305,4304,4308,4309,4309,4308,17
2010-08-25 15:31:00,2010-08-25 15:32:00,4305,4303,4306,4303,4309,4307,4310,4307,5
2010-08-25 15:32:00,2010-08-25 15:33:00,4303,4302,4303,4302,4307,4306,4307,4306,15
2010-08-25 15:33:00,2010-08-25 15:34:00,4302,4302,4303,4302,4306,4306,4307,4306,4
2010-08-25 15:34:00,2010-08-25 15:35:00,4302,4304,4304,4301,4306,4308,4308,4305,24
2010-08-25 15:35:00,2010-08-25 15:36:00,4304,4304,4304,4302,4308,4308,4308,4306,14
2010-08-25 15:36:00,2010-08-25 15:37:00,4304,4304,4304,4303,4308,4308,4308,4307,16
2010-08-25 15:37:00,2010-08-25 15:38:00,4304,4301,4304,4301,4308,4305,4308,4305,23
2010-08-25 15:38:00,2010-08-25 15:39:00,4301,4301,4303,4301,4305,4305,4307,4305,8
2010-08-25 15:39:00,2010-08-25 15:41:00,4301,4300,4301,4300,4305,4304,4305,4304,11
2010-08-25 15:41:00,2010-08-25 15:44:00,4300,4301,4301,4300,4304,4305,4305,4304,5
2010-08-25 15:44:00,2010-08-25 15:45:00,4301,4302,4303,4301,4305,4306,4307,4305,23
2010-08-25 15:45:00,2010-08-25 15:46:00,4302,4301,4303,4301,4306,4305,4307,4305,5
2010-08-25 15:46:00,2010-08-25 15:47:00,4301,4300,4302,4300,4305,4304,4306,4304,3
2010-08-25 15:47:00,2010-08-25 15:48:00,4300,4299,4301,4299,4304,4303,4305,4303,5
2010-08-25 15:48:00,2010-08-25 15:49:00,4299,4299,4300,4298,4303,4303,4304,4302,18
2010-08-25 15:49:00,2010-08-25 15:50:00,4299,4299,4300,4298,4303,4303,4304,4302,12
2010-08-25 15:50:00,2010-08-25 15:51:00,4299,4299,4301,4299,4303,4303,4305,4303,4
2010-08-25 15:51:00,2010-08-25 15:52:00,4299,4300,4301,4299,4303,4304,4305,4303,5
2010-08-25 15:52:00,2010-08-25 15:53:00,4300,4299,4300,4299,4304,4303,4304,4303,3
2010-08-25 15:53:00,2010-08-25 15:54:00,4299,4301,4301,4299,4303,4305,4305,4303,2
2010-08-25 15:54:00,2010-08-25 15:55:00,4301,4303,4303,4301,4305,4307,4307,4305,10
2010-08-25 15:55:00,2010-08-25 15:56:00,4303,4303,4304,4302,4307,4307,4308,4306,5
2010-08-25 15:56:00,2010-08-25 15:58:00,4303,4304,4304,4302,4307,4308,4308,4306,5
2010-08-25 15:58:00,2010-08-25 15:59:00,4304,4303,4304,4301,4308,4307,4308,4305,13
2010-08-25 15:59:00,2010-08-25 16:00:00,4303,4301,4303,4301,4307,4306,4307,4305,18
2010-08-25 16:00:00,2010-08-25 16:01:00,4301,4301,4303,4301,4306,4305,4307,4305,4
2010-08-25 16:01:00,2010-08-25 16:02:00,4301,4303,4303,4301,4305,4307,4307,4305,8
2010-08-25 16:02:00,2010-08-25 16:03:00,4303,4305,4305,4302,4307,4309,4309,4306,15
2010-08-25 16:03:00,2010-08-25 16:04:00,4305,4305,4306,4305,4309,4309,4310,4309,2
2010-08-25 16:04:00,2010-08-25 16:05:00,4305,4302,4306,4302,4309,4306,4310,4306,15
2010-08-25 16:05:00,2010-08-25 16:06:00,4302,4299,4304,4299,4306,4303,4308,4303,14
2010-08-25 16:06:00,2010-08-25 16:07:00,4299,4298,4300,4298,4303,4302,4304,4302,7
2010-08-25 16:07:00,2010-08-25 16:09:00,4298,4298,4298,4297,4302,4302,4302,4301,4
2010-08-25 16:09:00,2010-08-25 16:10:00,4298,4298,4298,4296,4302,4302,4302,4300,6
2010-08-25 16:10:00,2010-08-25 16:11:00,4298,4298,4299,4297,4302,4302,4303,4301,10
2010-08-25 16:11:00,2010-08-25 16:12:00,4298,4300,4300,4298,4302,4304,4304,4302,10
2010-08-25 16:12:00,2010-08-25 16:13:00,4300,4299,4301,4299,4304,4303,4305,4303,7
2010-08-25 16:13:00,2010-08-25 16:15:00,4298,4297,4298,4297,4302,4301,4302,4301,5
2010-08-25 16:15:00,2010-08-25 16:16:00,4297,4295,4297,4295,4301,4299,4301,4299,2
2010-08-25 16:16:00,2010-08-25 16:17:00,4295,4297,4297,4295,4299,4301,4301,4299,2
2010-08-25 16:17:00,2010-08-25 16:23:00,4297,4294,4297,4293,4301,4298,4301,4297,9
2010-08-25 16:23:00,2010-08-25 16:24:00,4294,4294,4295,4293,4298,4298,4299,4297,16
2010-08-25 16:24:00,2010-08-25 16:25:00,4294,4295,4296,4294,4298,4299,4300,4298,11
2010-08-25 16:25:00,2010-08-25 16:26:00,4295,4295,4295,4294,4299,4299,4299,4299,6
2010-08-25 16:26:00,2010-08-25 16:27:00,4295,4296,4296,4295,4299,4300,4300,4299,5
2010-08-25 16:27:00,2010-08-25 16:28:00,4296,4296,4296,4295,4300,4300,4300,4299,2
2010-08-25 16:28:00,2010-08-25 16:29:00,4296,4297,4297,4295,4300,4301,4301,4299,7
2010-08-25 16:29:00,2010-08-25 16:30:00,4297,4300,4300,4296,4301,4304,4304,4300,27
2010-08-25 16:30:00,2010-08-25 16:31:00,4300,4296,4300,4295,4304,4300,4304,4299,11
2010-08-25 16:31:00,2010-08-25 16:32:00,4296,4291,4296,4290,4300,4295,4300,4294,28
2010-08-25 16:32:00,2010-08-25 16:33:00,4291,4291,4293,4291,4295,4295,4297,4295,14
2010-08-25 16:33:00,2010-08-25 16:34:00,4291,4290,4292,4290,4295,4294,4296,4294,15
2010-08-25 16:34:00,2010-08-25 16:35:00,4290,4290,4291,4289,4294,4294,4295,4293,12
2010-08-25 16:35:00,2010-08-25 16:38:00,4290,4290,4290,4289,4294,4294,4294,4293,6
2010-08-25 16:38:00,2010-08-25 16:39:00,4290,4289,4290,4289,4294,4293,4294,4293,7
2010-08-25 16:39:00,2010-08-25 16:40:00,4289,4288,4289,4287,4293,4292,4293,4291,9
2010-08-25 16:40:00,2010-08-25 16:41:00,4288,4288,4288,4287,4292,4292,4292,4291,6
2010-08-25 16:41:00,2010-08-25 16:42:00,4288,4288,4288,4287,4292,4292,4292,4291,8
2010-08-25 16:42:00,2010-08-25 16:43:00,4288,4288,4288,4287,4292,4292,4292,4291,2
2010-08-25 16:43:00,2010-08-25 16:44:00,4288,4288,4288,4287,4292,4292,4292,4291,4
2010-08-25 16:44:00,2010-08-25 16:45:00,4288,4287,4288,4287,4292,4291,4292,4291,1
2010-08-25 16:45:00,2010-08-25 16:46:00,4287,4288,4288,4287,4291,4292,4292,4291,1
2010-08-25 16:46:00,2010-08-25 16:50:00,4289,4290,4290,4289,4293,4294,4294,4293,3
2010-08-25 16:50:00,2010-08-25 16:51:00,4290,4291,4291,4290,4294,4295,4295,4294,3
2010-08-25 16:51:00,2010-08-25 16:53:00,4291,4291,4292,4291,4295,4295,4296,4295,2
2010-08-25 16:53:00,2010-08-25 16:54:00,4291,4290,4291,4289,4295,4294,4295,4293,21
2010-08-25 16:54:00,2010-08-25 16:55:00,4290,4290,4290,4289,4294,4294,4294,4293,8
2010-08-25 16:55:00,2010-08-25 16:56:00,4290,4287,4290,4287,4294,4291,4294,4291,15
2010-08-25 16:56:00,2010-08-25 16:57:00,4287,4288,4290,4287,4291,4292,4294,4291,7
2010-08-25 16:57:00,2010-08-25 16:58:00,4288,4291,4291,4288,4292,4295,4295,4292,11
2010-08-25 16:58:00,2010-08-25 16:59:00,4291,4289,4291,4289,4295,4294,4295,4294,4
2010-08-25 16:59:00,2010-08-25 17:00:00,4289,4288,4289,4288,4294,4292,4294,4292,3
2010-08-25 17:00:00,2010-08-25 17:01:00,4288,4289,4289,4288,4292,4293,4293,4292,1
2010-08-25 17:01:00,2010-08-25 17:03:00,4289,4291,4291,4289,4293,4295,4295,4293,5
2010-08-25 17:03:00,2010-08-25 17:04:00,4291,4292,4293,4291,4295,4296,4297,4295,5
2010-08-25 17:04:00,2010-08-25 17:05:00,4292,4292,4293,4292,4296,4296,4297,4296,4
2010-08-25 17:05:00,2010-08-25 17:06:00,4292,4291,4292,4290,4296,4295,4296,4294,13
2010-08-25 17:06:00,2010-08-25 17:07:00,4291,4291,4291,4290,4295,4295,4295,4294,2
2010-08-25 17:07:00,2010-08-25 17:09:00,4291,4292,4292,4291,4295,4296,4296,4295,1
2010-08-25 17:09:00,2010-08-25 17:10:00,4292,4293,4294,4292,4296,4298,4298,4296,11
2010-08-25 17:10:00,2010-08-25 17:11:00,4293,4294,4294,4293,4298,4298,4298,4298,1
2010-08-25 17:11:00,2010-08-25 17:12:00,4294,4294,4296,4294,4298,4298,4300,4298,18
2010-08-25 17:12:00,2010-08-25 17:13:00,4294,4295,4296,4294,4298,4299,4300,4298,31
2010-08-25 17:13:00,2010-08-25 17:14:00,4295,4295,4296,4294,4299,4299,4300,4298,20
2010-08-25 17:14:00,2010-08-25 17:15:00,4295,4294,4296,4294,4299,4298,4300,4298,11
2010-08-25 17:15:00,2010-08-25 17:16:00,4294,4294,4294,4293,4298,4298,4298,4297,2
2010-08-25 17:16:00,2010-08-25 17:18:00,4293,4294,4295,4293,4297,4298,4299,4297,3
2010-08-25 17:18:00,2010-08-25 17:19:00,4294,4297,4297,4294,4298,4301,4301,4298,11
2010-08-25 17:19:00,2010-08-25 17:20:00,4297,4297,4297,4295,4301,4301,4301,4299,8
2010-08-25 17:20:00,2010-08-25 17:21:00,4297,4296,4297,4296,4301,4300,4301,4300,3
2010-08-25 17:21:00,2010-08-25 17:22:00,4296,4297,4297,4296,4300,4301,4301,4300,3
2010-08-25 17:22:00,2010-08-25 17:23:00,4297,4296,4298,4295,4301,4300,4302,4299,8
2010-08-25 17:23:00,2010-08-25 17:24:00,4296,4297,4297,4295,4300,4301,4301,4299,5
2010-08-25 17:24:00,2010-08-25 17:26:00,4298,4297,4298,4296,4302,4301,4302,4300,13
2010-08-25 17:26:00,2010-08-25 17:27:00,4297,4297,4297,4296,4301,4301,4301,4300,4
2010-08-25 17:27:00,2010-08-25 17:28:00,4297,4294,4297,4294,4301,4298,4301,4298,7
2010-08-25 17:28:00,2010-08-25 17:29:00,4294,4293,4294,4292,4298,4297,4298,4296,9
2010-08-25 17:29:00,2010-08-25 17:30:00,4293,4293,4293,4292,4297,4297,4297,4296,2
2010-08-25 17:30:00,2010-08-25 17:31:00,4293,4295,4295,4293,4297,4299,4299,4297,2
2010-08-25 17:31:00,2010-08-25 17:32:00,4295,4295,4297,4295,4299,4299,4301,4299,9
2010-08-25 17:32:00,2010-08-25 17:33:00,4295,4295,4296,4295,4299,4300,4300,4299,10
2010-08-25 17:33:00,2010-08-25 17:34:00,4295,4295,4297,4295,4300,4300,4301,4300,5
2010-08-25 17:34:00,2010-08-25 17:35:00,4295,4295,4296,4294,4300,4299,4300,4299,16
2010-08-25 17:35:00,2010-08-25 17:36:00,4295,4298,4298,4295,4299,4302,4302,4299,7
2010-08-25 17:36:00,2010-08-25 17:37:00,4298,4297,4299,4297,4302,4302,4303,4301,5
2010-08-25 17:37:00,2010-08-25 17:38:00,4297,4297,4299,4296,4302,4302,4303,4300,10
2010-08-25 17:38:00,2010-08-25 17:39:00,4297,4297,4299,4297,4302,4302,4303,4301,8
2010-08-25 17:39:00,2010-08-25 17:41:00,4297,4298,4298,4297,4302,4302,4302,4301,3
2010-08-25 17:41:00,2010-08-25 17:42:00,4298,4299,4299,4297,4302,4303,4303,4301,3
2010-08-25 17:42:00,2010-08-25 17:43:00,4299,4300,4302,4299,4303,4304,4306,4303,14
2010-08-25 17:43:00,2010-08-25 17:44:00,4300,4303,4303,4300,4304,4307,4307,4304,5
2010-08-25 17:44:00,2010-08-25 17:45:00,4303,4303,4304,4302,4307,4307,4308,4306,10
2010-08-25 17:45:00,2010-08-25 17:46:00,4303,4303,4304,4302,4307,4307,4308,4307,4
2010-08-25 17:46:00,2010-08-25 17:47:00,4303,4303,4304,4302,4307,4307,4308,4306,6
2010-08-25 17:47:00,2010-08-25 17:48:00,4303,4303,4303,4302,4307,4307,4307,4306,2
2010-08-25 17:48:00,2010-08-25 17:51:00,4303,4302,4303,4302,4307,4306,4307,4306,5
2010-08-25 17:51:00,2010-08-25 17:52:00,4302,4301,4302,4301,4306,4305,4306,4305,3
2010-08-25 17:52:00,2010-08-25 17:53:00,4301,4301,4302,4301,4305,4305,4306,4305,4
2010-08-25 17:53:00,2010-08-25 17:55:00,4301,4304,4304,4301,4305,4308,4308,4305,3
2010-08-25 17:55:00,2010-08-25 17:56:00,4304,4303,4304,4303,4308,4307,4308,4307,1
2010-08-25 17:56:00,2010-08-25 17:57:00,4303,4303,4304,4303,4307,4307,4308,4307,2
2010-08-25 17:57:00,2010-08-25 17:58:00,4303,4303,4304,4302,4307,4307,4308,4306,4
2010-08-25 17:58:00,2010-08-25 17:59:00,4303,4302,4303,4302,4307,4306,4307,4306,1
2010-08-25 17:59:00,2010-08-25 18:00:00,4302,4301,4302,4300,4306,4305,4306,4304,13
2010-08-25 18:00:00,2010-08-25 18:01:00,4301,4302,4302,4300,4305,4306,4306,4304,3
2010-08-25 18:01:00,2010-08-25 18:02:00,4302,4302,4303,4302,4306,4306,4307,4306,6
2010-08-25 18:02:00,2010-08-25 18:03:00,4302,4304,4305,4302,4306,4308,4309,4306,16
2010-08-25 18:03:00,2010-08-25 18:05:00,4304,4308,4308,4304,4308,4312,4312,4308,4
2010-08-25 18:05:00,2010-08-25 18:06:00,4308,4306,4308,4306,4312,4310,4312,4310,14
2010-08-25 18:06:00,2010-08-25 18:07:00,4306,4307,4307,4306,4310,4311,4311,4310,1
2010-08-25 18:07:00,2010-08-25 18:10:00,4307,4305,4307,4305,4311,4309,4311,4309,4
2010-08-25 18:10:00,2010-08-25 18:11:00,4305,4307,4308,4305,4309,4311,4312,4309,10
2010-08-25 18:11:00,2010-08-25 18:12:00,4307,4308,4308,4307,4311,4312,4312,4311,5
2010-08-25 18:12:00,2010-08-25 18:13:00,4308,4309,4311,4308,4312,4313,4315,4312,11
2010-08-25 18:13:00,2010-08-25 18:14:00,4309,4310,4310,4308,4313,4314,4314,4312,9
2010-08-25 18:14:00,2010-08-25 18:16:00,4310,4308,4310,4308,4314,4312,4314,4312,10
2010-08-25 18:16:00,2010-08-25 18:17:00,4308,4309,4310,4308,4312,4313,4314,4312,24
2010-08-25 18:17:00,2010-08-25 18:18:00,4309,4310,4310,4308,4313,4314,4314,4312,5
2010-08-25 18:18:00,2010-08-25 18:19:00,4310,4309,4310,4309,4314,4313,4314,4313,9
2010-08-25 18:19:00,2010-08-25 18:20:00,4309,4308,4310,4307,4313,4312,4314,4311,13
2010-08-25 18:20:00,2010-08-25 18:21:00,4308,4307,4308,4306,4312,4311,4312,4310,13
2010-08-25 18:21:00,2010-08-25 18:22:00,4307,4307,4309,4307,4311,4311,4313,4311,10
2010-08-25 18:22:00,2010-08-25 18:23:00,4307,4307,4307,4306,4311,4311,4311,4310,14
2010-08-25 18:23:00,2010-08-25 18:24:00,4307,4307,4307,4306,4311,4311,4311,4310,6
2010-08-25 18:24:00,2010-08-25 18:25:00,4307,4306,4308,4305,4311,4310,4312,4309,13
2010-08-25 18:25:00,2010-08-25 18:27:00,4306,4306,4307,4306,4310,4310,4311,4310,6
2010-08-25 18:27:00,2010-08-25 18:28:00,4306,4308,4308,4306,4310,4312,4312,4310,4
2010-08-25 18:28:00,2010-08-25 18:29:00,4308,4306,4308,4306,4312,4310,4312,4310,4
2010-08-25 18:29:00,2010-08-25 18:30:00,4306,4306,4307,4306,4310,4310,4311,4310,4
2010-08-25 18:30:00,2010-08-25 18:31:00,4306,4305,4306,4304,4310,4309,4310,4308,17
2010-08-25 18:31:00,2010-08-25 18:32:00,4305,4309,4309,4305,4309,4313,4313,4309,8
2010-08-25 18:32:00,2010-08-25 18:34:00,4310,4312,4313,4309,4314,4316,4317,4313,8
2010-08-25 18:34:00,2010-08-25 18:35:00,4312,4315,4315,4311,4316,4319,4319,4315,19
2010-08-25 18:35:00,2010-08-25 18:36:00,4315,4314,4316,4313,4319,4318,4320,4317,13
2010-08-25 18:36:00,2010-08-25 18:37:00,4314,4318,4318,4313,4318,4322,4322,4317,32
2010-08-25 18:37:00,2010-08-25 18:38:00,4318,4319,4320,4318,4322,4323,4324,4322,15
2010-08-25 18:38:00,2010-08-25 18:39:00,4319,4317,4319,4316,4323,4321,4323,4320,18
2010-08-25 18:39:00,2010-08-25 18:40:00,4317,4319,4320,4317,4321,4323,4324,4321,12
2010-08-25 18:40:00,2010-08-25 18:41:00,4319,4319,4320,4319,4323,4323,4324,4323,4
2010-08-25 18:41:00,2010-08-25 18:42:00,4319,4320,4322,4319,4323,4324,4326,4323,11
2010-08-25 18:42:00,2010-08-25 18:43:00,4320,4320,4322,4320,4324,4324,4326,4324,6
2010-08-25 18:43:00,2010-08-25 18:44:00,4320,4318,4320,4317,4324,4322,4324,4321,10
2010-08-25 18:44:00,2010-08-25 18:45:00,4318,4318,4319,4318,4322,4322,4323,4322,2
2010-08-25 18:45:00,2010-08-25 18:46:00,4318,4319,4320,4317,4322,4323,4324,4321,9
2010-08-25 18:46:00,2010-08-25 18:47:00,4319,4319,4320,4319,4323,4323,4324,4323,16
2010-08-25 18:47:00,2010-08-25 18:48:00,4319,4320,4320,4319,4323,4324,4324,4323,1
2010-08-25 18:48:00,2010-08-25 18:49:00,4320,4320,4322,4320,4324,4324,4326,4324,4
2010-08-25 18:49:00,2010-08-25 18:50:00,4320,4319,4321,4319,4324,4323,4325,4323,31
2010-08-25 18:50:00,2010-08-25 18:51:00,4319,4318,4319,4318,4323,4322,4323,4322,1
2010-08-25 18:51:00,2010-08-25 18:52:00,4318,4318,4320,4317,4322,4323,4324,4321,21
2010-08-25 18:52:00,2010-08-25 18:53:00,4318,4319,4319,4318,4323,4323,4323,4322,7
2010-08-25 18:53:00,2010-08-25 18:54:00,4319,4318,4319,4318,4323,4322,4323,4322,7
2010-08-25 18:54:00,2010-08-25 18:55:00,4318,4318,4319,4318,4322,4322,4323,4322,8
2010-08-25 18:55:00,2010-08-25 18:56:00,4318,4317,4318,4317,4322,4321,4322,4321,3
2010-08-25 18:56:00,2010-08-25 18:57:00,4317,4317,4319,4317,4321,4321,4323,4321,6
2010-08-25 18:57:00,2010-08-25 18:58:00,4317,4320,4321,4317,4321,4324,4325,4321,8
2010-08-25 18:58:00,2010-08-25 18:59:00,4320,4325,4326,4320,4324,4329,4330,4324,17
2010-08-25 18:59:00,2010-08-25 19:00:00,4325,4328,4328,4325,4329,4332,4332,4329,13
2010-08-25 19:00:00,2010-08-25 19:01:00,4328,4324,4328,4324,4332,4328,4332,4328,4
2010-08-25 19:01:00,2010-08-25 19:02:00,4324,4324,4325,4323,4328,4328,4329,4327,13
2010-08-25 19:02:00,2010-08-25 19:03:00,4324,4324,4325,4324,4328,4328,4329,4328,18
2010-08-25 19:03:00,2010-08-25 19:04:00,4324,4326,4326,4324,4328,4330,4330,4328,6
2010-08-25 19:04:00,2010-08-25 19:05:00,4326,4324,4326,4324,4330,4328,4330,4328,10
2010-08-25 19:05:00,2010-08-25 19:06:00,4324,4325,4326,4324,4328,4329,4330,4328,19
2010-08-25 19:06:00,2010-08-25 19:07:00,4325,4325,4325,4324,4329,4329,4329,4328,8
2010-08-25 19:07:00,2010-08-25 19:09:00,4325,4325,4325,4324,4329,4329,4329,4328,10
2010-08-25 19:09:00,2010-08-25 19:12:00,4327,4327,4327,4326,4331,4331,4331,4330,4
2010-08-25 19:12:00,2010-08-25 19:13:00,4327,4325,4327,4324,4331,4329,4331,4329,7
2010-08-25 19:13:00,2010-08-25 19:14:00,4325,4326,4326,4325,4329,4330,4330,4329,7
2010-08-25 19:14:00,2010-08-25 19:15:00,4326,4326,4326,4323,4330,4330,4330,4329,5
2010-08-25 19:15:00,2010-08-25 19:16:00,4326,4326,4327,4326,4330,4330,4331,4330,2
2010-08-25 19:16:00,2010-08-25 19:17:00,4326,4327,4327,4324,4330,4331,4331,4329,7
2010-08-25 19:17:00,2010-08-25 19:18:00,4327,4322,4327,4322,4331,4326,4331,4326,9
2010-08-25 19:18:00,2010-08-25 19:19:00,4322,4320,4322,4318,4326,4325,4326,4325,9
2010-08-25 19:19:00,2010-08-25 19:20:00,4320,4320,4323,4320,4325,4324,4327,4324,6
2010-08-25 19:20:00,2010-08-25 19:21:00,4320,4316,4320,4311,4324,4321,4324,4321,20
2010-08-25 19:21:00,2010-08-25 19:22:00,4316,4317,4318,4316,4321,4322,4322,4321,5
2010-08-25 19:22:00,2010-08-25 19:23:00,4317,4320,4321,4316,4322,4324,4325,4320,6
2010-08-25 19:23:00,2010-08-25 19:25:00,4320,4321,4322,4320,4324,4325,4326,4324,3
2010-08-25 19:25:00,2010-08-25 19:26:00,4321,4322,4322,4321,4325,4326,4326,4325,3
2010-08-25 19:26:00,2010-08-25 19:29:00,4322,4318,4322,4316,4326,4324,4326,4324,7
2010-08-25 19:29:00,2010-08-25 19:30:00,4318,4320,4320,4316,4324,4324,4324,4322,5
2010-08-25 19:30:00,2010-08-25 19:31:00,4320,4323,4323,4318,4324,4327,4327,4324,18
2010-08-25 19:31:00,2010-08-25 19:32:00,4323,4326,4326,4322,4327,4330,4330,4326,14
2010-08-25 19:32:00,2010-08-25 19:33:00,4326,4323,4326,4323,4330,4328,4330,4328,3
2010-08-25 19:33:00,2010-08-25 19:34:00,4323,4327,4327,4323,4328,4331,4331,4328,5
2010-08-25 19:34:00,2010-08-25 19:35:00,4327,4327,4328,4327,4331,4331,4332,4331,4
2010-08-25 19:35:00,2010-08-25 19:36:00,4327,4325,4329,4325,4331,4330,4333,4330,21
2010-08-25 19:36:00,2010-08-25 19:37:00,4325,4325,4326,4325,4330,4330,4330,4330,4
2010-08-25 19:37:00,2010-08-25 19:38:00,4325,4328,4328,4325,4330,4332,4332,4330,2
2010-08-25 19:38:00,2010-08-25 19:39:00,4328,4330,4330,4328,4332,4334,4334,4332,10
2010-08-25 19:39:00,2010-08-25 19:40:00,4330,4329,4330,4326,4334,4333,4334,4333,6
2010-08-25 19:40:00,2010-08-25 19:42:00,4329,4326,4330,4326,4333,4330,4334,4330,14
2010-08-25 19:42:00,2010-08-25 19:43:00,4326,4329,4329,4326,4330,4333,4333,4330,3
2010-08-25 19:43:00,2010-08-25 19:44:00,4329,4328,4330,4328,4333,4332,4334,4332,7
2010-08-25 19:44:00,2010-08-25 19:45:00,4328,4330,4331,4328,4332,4334,4335,4332,18
2010-08-25 19:45:00,2010-08-25 19:46:00,4330,4330,4330,4328,4334,4334,4334,4332,10
2010-08-25 19:46:00,2010-08-25 19:47:00,4330,4330,4330,4329,4334,4334,4334,4333,4
2010-08-25 19:47:00,2010-08-25 19:48:00,4330,4333,4336,4329,4334,4339,4340,4333,16
2010-08-25 19:48:00,2010-08-25 19:49:00,4333,4333,4335,4331,4339,4337,4339,4337,11
2010-08-25 19:49:00,2010-08-25 19:50:00,4333,4336,4336,4333,4337,4340,4340,4337,2
2010-08-25 19:50:00,2010-08-25 19:51:00,4336,4336,4337,4334,4340,4340,4341,4339,7
2010-08-25 19:51:00,2010-08-25 19:52:00,4336,4330,4336,4330,4340,4335,4340,4335,31
2010-08-25 19:52:00,2010-08-25 19:53:00,4330,4329,4331,4329,4335,4335,4336,4333,11
2010-08-25 19:53:00,2010-08-25 19:54:00,4329,4330,4330,4329,4335,4334,4335,4334,3
2010-08-25 19:54:00,2010-08-25 19:55:00,4330,4328,4330,4325,4334,4332,4334,4332,12
2010-08-25 19:55:00,2010-08-25 19:56:00,4328,4328,4328,4326,4332,4332,4332,4331,2
2010-08-25 19:56:00,2010-08-25 19:58:00,4328,4329,4331,4327,4332,4333,4335,4332,7
2010-08-25 19:58:00,2010-08-25 19:59:00,4329,4328,4330,4327,4333,4332,4334,4332,7
2010-08-25 19:59:00,2010-08-25 20:00:00,4328,4327,4328,4326,4332,4331,4332,4330,3
2010-08-25 20:00:00,2010-08-25 20:03:00,4327,4324,4327,4324,4331,4328,4331,4328,3
2010-08-25 20:03:00,2010-08-25 20:06:00,4324,4325,4325,4324,4328,4329,4329,4328,1
2010-08-25 20:06:00,2010-08-25 20:08:00,4325,4324,4325,4324,4329,4328,4329,4328,1
2010-08-25 20:08:00,2010-08-25 20:09:00,4324,4326,4326,4324,4328,4330,4330,4328,1
2010-08-25 20:09:00,2010-08-25 20:12:00,4327,4330,4330,4327,4331,4334,4334,4331,3
2010-08-25 20:12:00,2010-08-25 20:42:00,4330,4332,4332,4330,4334,4336,4336,4334,1
2010-08-25 20:42:00,2010-08-25 20:50:00,4332,4332,4334,4332,4336,4336,4338,4336,3
2010-08-25 20:50:00,2010-08-25 20:51:00,4332,4333,4334,4332,4336,4337,4338,4336,7
2010-08-25 20:51:00,2010-08-25 20:52:00,4333,4331,4333,4331,4337,4335,4337,4335,4
2010-08-25 20:52:00,2010-08-25 20:54:00,4331,4330,4331,4330,4335,4334,4335,4334,1
2010-08-25 20:54:00,2010-08-25 23:50:00,4330,4329,4330,4329,4334,4331,4334,4331,1
2010-08-25 23:50:00,2010-08-25 23:51:00,4329,4329,4330,4328,4331,4331,4332,4330,10
2010-08-25 23:51:00,2010-08-25 23:52:00,4329,4328,4331,4327,4331,4330,4333,4329,9
2010-08-25 23:52:00,2010-08-25 23:53:00,4328,4331,4331,4328,4330,4333,4333,4330,11
2010-08-25 23:53:00,2010-08-25 23:54:00,4331,4334,4334,4330,4333,4336,4336,4332,11
2010-08-25 23:54:00,2010-08-25 23:57:00,4335,4334,4335,4333,4337,4336,4337,4336,7
2010-08-25 23:57:00,2010-08-25 23:59:00,4335,4338,4339,4335,4337,4340,4341,4337,13
2010-08-25 23:59:00,2010-08-26 00:00:00,4338,4336,4339,4336,4340,4338,4341,4338,16
2010-08-26 00:00:00,2010-08-26 00:01:00,4336,4330,4336,4330,4338,4332,4338,4332,8
2010-08-26 00:01:00,2010-08-26 00:02:00,4330,4334,4335,4330,4332,4336,4337,4332,10
2010-08-26 00:02:00,2010-08-26 00:05:00,4336,4336,4336,4334,4338,4338,4338,4336,16
2010-08-26 00:05:00,2010-08-26 00:09:00,4339,4342,4342,4339,4341,4344,4344,4341,7
2010-08-26 00:09:00,2010-08-26 00:11:00,4342,4341,4342,4340,4344,4343,4344,4342,11
2010-08-26 00:11:00,2010-08-26 00:12:00,4341,4339,4341,4339,4343,4341,4343,4341,21
2010-08-26 00:12:00,2010-08-26 00:13:00,4339,4335,4340,4334,4341,4337,4342,4337,13
2010-08-26 00:13:00,2010-08-26 00:14:00,4335,4334,4336,4332,4337,4336,4338,4334,21
2010-08-26 00:14:00,2010-08-26 00:15:00,4334,4334,4335,4333,4336,4336,4337,4335,8
2010-08-26 00:15:00,2010-08-26 00:16:00,4334,4329,4334,4329,4336,4331,4336,4331,11
2010-08-26 00:16:00,2010-08-26 00:19:00,4327,4329,4330,4327,4329,4331,4332,4329,10
2010-08-26 00:19:00,2010-08-26 00:20:00,4329,4328,4331,4327,4331,4330,4333,4329,15
2010-08-26 00:20:00,2010-08-26 00:21:00,4328,4331,4331,4327,4330,4333,4333,4329,15
2010-08-26 00:21:00,2010-08-26 00:22:00,4331,4332,4332,4328,4333,4334,4334,4330,6
2010-08-26 00:22:00,2010-08-26 00:23:00,4332,4331,4332,4330,4334,4333,4334,4332,9
2010-08-26 00:23:00,2010-08-26 00:25:00,4332,4330,4332,4329,4334,4332,4334,4331,12
2010-08-26 00:25:00,2010-08-26 00:26:00,4330,4329,4330,4329,4332,4331,4332,4331,9
2010-08-26 00:26:00,2010-08-26 00:28:00,4329,4332,4332,4328,4331,4334,4334,4330,9
2010-08-26 00:28:00,2010-08-26 00:29:00,4332,4333,4333,4331,4334,4335,4335,4333,7
2010-08-26 00:29:00,2010-08-26 00:30:00,4333,4332,4333,4331,4335,4334,4335,4333,10
2010-08-26 00:30:00,2010-08-26 00:31:00,4332,4335,4335,4332,4334,4337,4337,4334,11
2010-08-26 00:31:00,2010-08-26 00:32:00,4335,4332,4336,4332,4337,4334,4338,4334,9
2010-08-26 00:32:00,2010-08-26 00:35:00,4332,4330,4333,4330,4334,4332,4335,4332,12
2010-08-26 00:35:00,2010-08-26 00:36:00,4330,4331,4332,4330,4332,4333,4334,4332,13
2010-08-26 00:36:00,2010-08-26 00:42:00,4333,4330,4333,4329,4335,4332,4335,4331,13
2010-08-26 00:42:00,2010-08-26 00:43:00,4330,4327,4330,4326,4332,4329,4332,4329,18
2010-08-26 00:43:00,2010-08-26 00:44:00,4327,4323,4327,4322,4329,4325,4329,4324,12
2010-08-26 00:44:00,2010-08-26 00:46:00,4325,4324,4325,4323,4327,4326,4327,4325,13
2010-08-26 00:46:00,2010-08-26 00:47:00,4324,4322,4325,4322,4326,4324,4327,4324,18
2010-08-26 00:47:00,2010-08-26 00:49:00,4321,4320,4321,4319,4323,4322,4323,4321,9
2010-08-26 00:49:00,2010-08-26 00:50:00,4320,4321,4322,4319,4322,4323,4324,4321,15
2010-08-26 00:50:00,2010-08-26 00:51:00,4321,4323,4323,4320,4323,4325,4325,4322,6
2010-08-26 00:51:00,2010-08-26 00:52:00,4323,4325,4325,4322,4325,4327,4327,4324,10
2010-08-26 00:52:00,2010-08-26 00:53:00,4325,4324,4325,4323,4327,4326,4327,4325,11
2010-08-26 00:53:00,2010-08-26 00:54:00,4324,4325,4325,4323,4326,4327,4327,4325,13
2010-08-26 00:54:00,2010-08-26 00:57:00,4325,4327,4328,4324,4327,4329,4330,4326,8
2010-08-26 00:57:00,2010-08-26 00:58:00,4327,4328,4329,4326,4329,4330,4331,4328,9
2010-08-26 00:58:00,2010-08-26 01:00:00,4329,4328,4329,4328,4331,4330,4331,4330,11
2010-08-26 01:00:00,2010-08-26 01:02:00,4330,4328,4330,4327,4332,4330,4332,4329,12
2010-08-26 01:02:00,2010-08-26 01:04:00,4328,4327,4328,4326,4330,4329,4330,4328,11
2010-08-26 01:04:00,2010-08-26 01:06:00,4327,4329,4329,4327,4329,4331,4331,4329,6
2010-08-26 01:06:00,2010-08-26 01:07:00,4329,4328,4329,4327,4331,4330,4331,4329,8
2010-08-26 01:07:00,2010-08-26 01:09:00,4331,4331,4331,4330,4333,4333,4333,4332,8
2010-08-26 01:09:00,2010-08-26 01:11:00,4332,4333,4334,4332,4334,4335,4336,4334,11
2010-08-26 01:11:00,2010-08-26 01:14:00,4333,4335,4336,4332,4335,4337,4338,4334,10
2010-08-26 01:14:00,2010-08-26 01:15:00,4335,4335,4336,4334,4337,4337,4338,4336,12
2010-08-26 01:15:00,2010-08-26 01:17:00,4334,4333,4334,4330,4336,4335,4336,4332,7
2010-08-26 01:17:00,2010-08-26 01:18:00,4333,4332,4333,4331,4335,4334,4335,4333,13
2010-08-26 01:18:00,2010-08-26 01:21:00,4332,4332,4332,4331,4334,4334,4334,4333,12
2010-08-26 01:21:00,2010-08-26 01:22:00,4332,4332,4333,4331,4334,4334,4335,4333,6
2010-08-26 01:22:00,2010-08-26 01:31:00,4331,4332,4332,4329,4333,4334,4334,4331,11
2010-08-26 01:31:00,2010-08-26 01:33:00,4330,4333,4333,4330,4332,4335,4335,4332,11
2010-08-26 01:33:00,2010-08-26 01:37:00,4331,4329,4331,4329,4333,4331,4333,4331,12
2010-08-26 01:37:00,2010-08-26 01:39:00,4329,4332,4332,4329,4331,4334,4334,4331,9
2010-08-26 01:39:00,2010-08-26 01:40:00,4332,4330,4332,4330,4334,4332,4334,4332,4
2010-08-26 01:40:00,2010-08-26 01:42:00,4332,4331,4332,4330,4334,4333,4334,4332,7
2010-08-26 01:42:00,2010-08-26 01:45:00,4332,4332,4333,4331,4334,4334,4335,4333,8
2010-08-26 01:45:00,2010-08-26 01:46:00,4332,4332,4333,4332,4334,4334,4335,4334,10
2010-08-26 01:46:00,2010-08-26 01:49:00,4332,4331,4332,4330,4334,4333,4334,4332,5
2010-08-26 01:49:00,2010-08-26 01:50:00,4331,4330,4331,4330,4333,4332,4333,4332,7
2010-08-26 01:50:00,2010-08-26 02:03:00,4332,4334,4334,4332,4334,4336,4336,4334,8
2010-08-26 02:03:00,2010-08-26 02:05:00,4337,4333,4337,4333,4339,4335,4339,4335,10
2010-08-26 02:05:00,2010-08-26 02:06:00,4333,4336,4336,4333,4335,4338,4338,4335,13
2010-08-26 02:06:00,2010-08-26 02:09:00,4336,4335,4337,4335,4338,4337,4339,4337,5
2010-08-26 02:09:00,2010-08-26 02:12:00,4336,4336,4336,4334,4338,4338,4338,4336,14
2010-08-26 02:12:00,2010-08-26 02:13:00,4336,4336,4337,4336,4338,4338,4339,4338,8
2010-08-26 02:13:00,2010-08-26 02:30:00,4338,4338,4338,4337,4340,4340,4340,4339,10
2010-08-26 02:30:00,2010-08-26 02:32:00,4338,4339,4340,4338,4340,4341,4342,4340,13
2010-08-26 02:32:00,2010-08-26 03:00:00,4337,4339,4340,4337,4339,4341,4342,4339,10
2010-08-26 03:00:00,2010-08-26 03:12:00,4338,4340,4341,4337,4340,4342,4343,4339,8
2010-08-26 03:12:00,2010-08-26 03:14:00,4342,4343,4344,4342,4344,4345,4346,4344,7
2010-08-26 03:14:00,2010-08-26 03:19:00,4340,4343,4343,4340,4342,4345,4345,4342,5
2010-08-26 03:19:00,2010-08-26 03:20:00,4343,4342,4344,4342,4345,4344,4346,4344,3
2010-08-26 03:20:00,2010-08-26 03:33:00,4342,4342,4342,4341,4344,4344,4344,4343,10
2010-08-26 03:33:00,2010-08-26 03:34:00,4342,4342,4342,4340,4344,4344,4344,4342,4
2010-08-26 03:34:00,2010-08-26 03:35:00,4342,4344,4344,4342,4344,4346,4346,4344,8
2010-08-26 03:35:00,2010-08-26 03:43:00,4343,4343,4343,4341,4345,4345,4345,4343,6
2010-08-26 03:43:00,2010-08-26 04:11:00,4347,4347,4348,4346,4349,4349,4350,4348,12
2010-08-26 04:11:00,2010-08-26 04:12:00,4347,4348,4348,4346,4349,4350,4350,4348,7
2010-08-26 04:12:00,2010-08-26 04:14:00,4348,4349,4349,4348,4350,4351,4351,4350,9
2010-08-26 04:14:00,2010-08-26 04:16:00,4347,4348,4349,4347,4349,4350,4351,4349,13
2010-08-26 04:16:00,2010-08-26 04:36:00,4345,4347,4347,4345,4347,4349,4349,4347,6
2010-08-26 04:36:00,2010-08-26 04:43:00,4349,4348,4350,4348,4351,4350,4352,4350,15
2010-08-26 04:43:00,2010-08-26 04:55:00,4350,4350,4351,4349,4352,4352,4353,4351,10
2010-08-26 04:55:00,2010-08-26 05:00:00,4348,4344,4348,4344,4350,4346,4350,4346,8
2010-08-26 05:00:00,2010-08-26 05:01:00,4344,4344,4346,4344,4346,4346,4348,4346,4
2010-08-26 05:01:00,2010-08-26 05:28:00,4348,4349,4349,4348,4350,4351,4351,4350,7
2010-08-26 05:28:00,2010-08-26 05:35:00,4348,4349,4350,4348,4350,4351,4352,4350,12
2010-08-26 05:35:00,2010-08-26 05:38:00,4351,4350,4352,4350,4353,4352,4354,4352,9
2010-08-26 05:38:00,2010-08-26 05:39:00,4350,4350,4352,4350,4352,4352,4354,4352,6
2010-08-26 05:39:00,2010-08-26 05:41:00,4351,4351,4351,4350,4353,4353,4353,4352,12
2010-08-26 05:41:00,2010-08-26 05:46:00,4350,4347,4350,4347,4352,4349,4352,4349,7
2010-08-26 05:46:00,2010-08-26 05:51:00,4350,4349,4350,4349,4352,4351,4352,4351,11
2010-08-26 05:51:00,2010-08-26 05:58:00,4352,4351,4352,4351,4354,4353,4354,4353,9
2010-08-26 05:58:00,2010-08-26 05:59:00,4351,4355,4355,4351,4353,4357,4357,4353,8
2010-08-26 05:59:00,2010-08-26 06:00:00,4355,4355,4357,4354,4357,4357,4359,4356,10
2010-08-26 06:00:00,2010-08-26 06:02:00,4357,4354,4357,4354,4359,4356,4359,4356,13
2010-08-26 06:02:00,2010-08-26 06:05:00,4353,4354,4356,4352,4355,4356,4358,4354,11
2010-08-26 06:05:00,2010-08-26 06:09:00,4355,4358,4359,4355,4357,4360,4361,4357,13
2010-08-26 06:09:00,2010-08-26 06:10:00,4358,4357,4359,4355,4360,4359,4361,4357,20
2010-08-26 06:10:00,2010-08-26 06:11:00,4357,4359,4360,4356,4359,4361,4362,4358,12
2010-08-26 06:11:00,2010-08-26 06:12:00,4359,4358,4359,4357,4361,4360,4361,4359,13
2010-08-26 06:12:00,2010-08-26 06:14:00,4357,4355,4357,4354,4359,4357,4359,4356,11
2010-08-26 06:14:00,2010-08-26 06:17:00,4358,4356,4358,4355,4360,4358,4360,4357,9
2010-08-26 06:17:00,2010-08-26 06:18:00,4356,4357,4357,4354,4358,4359,4359,4356,7
2010-08-26 06:18:00,2010-08-26 06:19:00,4357,4353,4357,4353,4359,4355,4359,4355,6
2010-08-26 06:19:00,2010-08-26 06:20:00,4353,4351,4354,4351,4355,4353,4356,4353,12
2010-08-26 06:20:00,2010-08-26 06:21:00,4351,4353,4357,4351,4353,4355,4359,4353,11
2010-08-26 06:21:00,2010-08-26 06:23:00,4353,4353,4354,4352,4355,4355,4356,4354,8
2010-08-26 06:23:00,2010-08-26 06:25:00,4352,4350,4354,4350,4354,4352,4356,4352,6
2010-08-26 06:25:00,2010-08-26 06:26:00,4350,4351,4352,4348,4352,4353,4354,4351,10
2010-08-26 06:26:00,2010-08-26 06:27:00,4351,4350,4352,4349,4353,4353,4354,4351,17
2010-08-26 06:27:00,2010-08-26 06:28:00,4350,4355,4355,4350,4353,4357,4357,4353,15
2010-08-26 06:28:00,2010-08-26 06:29:00,4355,4356,4361,4355,4357,4358,4363,4357,20
2010-08-26 06:29:00,2010-08-26 07:10:00,4356,4359,4360,4356,4358,4363,4364,4358,6
2010-08-26 07:10:00,2010-08-26 07:11:00,4359,4359,4360,4358,4363,4363,4364,4362,6
2010-08-26 07:11:00,2010-08-26 07:13:00,4359,4359,4359,4358,4363,4363,4363,4362,4
2010-08-26 07:13:00,2010-08-26 07:14:00,4359,4361,4361,4358,4363,4365,4365,4362,8
2010-08-26 07:14:00,2010-08-26 07:15:00,4361,4360,4361,4359,4365,4364,4365,4363,13
2010-08-26 07:15:00,2010-08-26 07:18:00,4360,4362,4362,4360,4364,4366,4366,4364,10
2010-08-26 07:18:00,2010-08-26 07:19:00,4362,4363,4364,4361,4366,4367,4368,4365,11
2010-08-26 07:19:00,2010-08-26 07:20:00,4363,4362,4363,4360,4367,4366,4367,4364,7
2010-08-26 07:20:00,2010-08-26 07:23:00,4364,4364,4365,4363,4368,4368,4369,4367,6
2010-08-26 07:23:00,2010-08-26 07:24:00,4364,4365,4366,4364,4368,4369,4370,4368,3
2010-08-26 07:24:00,2010-08-26 07:25:00,4365,4363,4365,4363,4369,4367,4369,4367,8
2010-08-26 07:25:00,2010-08-26 07:26:00,4363,4365,4365,4362,4367,4369,4369,4366,10
2010-08-26 07:26:00,2010-08-26 07:27:00,4365,4363,4366,4363,4369,4367,4370,4367,6
2010-08-26 07:27:00,2010-08-26 07:31:00,4360,4358,4360,4358,4364,4362,4364,4362,2
2010-08-26 07:31:00,2010-08-26 07:32:00,4358,4356,4359,4356,4362,4360,4363,4360,14
2010-08-26 07:32:00,2010-08-26 07:34:00,4356,4356,4356,4355,4360,4360,4360,4359,6
2010-08-26 07:34:00,2010-08-26 07:35:00,4356,4355,4356,4355,4360,4359,4360,4359,9
2010-08-26 07:35:00,2010-08-26 07:36:00,4355,4353,4355,4353,4359,4357,4359,4357,6
2010-08-26 07:36:00,2010-08-26 07:39:00,4353,4353,4353,4352,4357,4357,4357,4356,6
2010-08-26 07:39:00,2010-08-26 07:40:00,4353,4353,4354,4352,4357,4357,4358,4356,10
2010-08-26 07:40:00,2010-08-26 07:42:00,4353,4352,4353,4352,4357,4356,4357,4356,1
2010-08-26 07:42:00,2010-08-26 07:43:00,4352,4353,4353,4351,4356,4357,4357,4355,3
2010-08-26 07:43:00,2010-08-26 07:44:00,4353,4352,4353,4351,4357,4356,4357,4355,13
2010-08-26 07:44:00,2010-08-26 07:45:00,4352,4353,4354,4352,4356,4357,4358,4356,7
2010-08-26 07:45:00,2010-08-26 07:47:00,4352,4352,4354,4352,4356,4356,4358,4356,12
2010-08-26 07:47:00,2010-08-26 07:48:00,4352,4352,4353,4352,4356,4356,4357,4356,4
2010-08-26 07:48:00,2010-08-26 07:50:00,4351,4352,4352,4351,4355,4356,4356,4355,1
2010-08-26 07:50:00,2010-08-26 07:51:00,4352,4348,4352,4347,4356,4352,4356,4351,16
2010-08-26 07:51:00,2010-08-26 07:52:00,4348,4348,4349,4347,4352,4352,4353,4351,8
2010-08-26 07:52:00,2010-08-26 07:55:00,4348,4348,4349,4348,4352,4352,4353,4352,2
2010-08-26 07:55:00,2010-08-26 07:56:00,4348,4348,4348,4347,4352,4352,4352,4351,6
2010-08-26 07:56:00,2010-08-26 08:01:00,4349,4348,4349,4347,4353,4352,4353,4351,9
2010-08-26 08:01:00,2010-08-26 08:02:00,4348,4348,4349,4347,4352,4352,4353,4351,10
2010-08-26 08:02:00,2010-08-26 08:03:00,4348,4349,4349,4348,4352,4353,4353,4352,11
2010-08-26 08:03:00,2010-08-26 08:04:00,4349,4351,4351,4349,4353,4355,4355,4353,4
2010-08-26 08:04:00,2010-08-26 08:05:00,4351,4351,4353,4350,4355,4355,4357,4354,10
2010-08-26 08:05:00,2010-08-26 08:07:00,4351,4352,4352,4350,4355,4356,4356,4354,5
2010-08-26 08:07:00,2010-08-26 08:11:00,4350,4350,4350,4349,4354,4354,4354,4353,4
2010-08-26 08:11:00,2010-08-26 08:12:00,4350,4349,4350,4349,4354,4353,4354,4353,7
2010-08-26 08:12:00,2010-08-26 08:13:00,4349,4350,4352,4349,4353,4354,4356,4353,13
2010-08-26 08:13:00,2010-08-26 08:14:00,4350,4350,4352,4350,4354,4354,4356,4354,4
2010-08-26 08:14:00,2010-08-26 08:16:00,4350,4351,4351,4350,4354,4355,4355,4354,3
2010-08-26 08:16:00,2010-08-26 08:17:00,4351,4351,4351,4350,4355,4355,4355,4354,6
2010-08-26 08:17:00,2010-08-26 08:18:00,4351,4349,4351,4349,4355,4353,4355,4353,2
2010-08-26 08:18:00,2010-08-26 08:19:00,4349,4351,4352,4349,4353,4355,4356,4353,12
2010-08-26 08:19:00,2010-08-26 08:20:00,4351,4351,4353,4351,4355,4355,4357,4355,6
2010-08-26 08:20:00,2010-08-26 08:21:00,4351,4351,4352,4350,4355,4355,4356,4354,12
2010-08-26 08:21:00,2010-08-26 08:22:00,4351,4350,4353,4350,4355,4354,4357,4354,10
2010-08-26 08:22:00,2010-08-26 08:23:00,4350,4350,4350,4349,4354,4354,4354,4353,14
2010-08-26 08:23:00,2010-08-26 08:24:00,4350,4349,4351,4349,4354,4353,4355,4353,5
2010-08-26 08:24:00,2010-08-26 08:25:00,4349,4346,4349,4344,4353,4350,4353,4348,22
2010-08-26 08:25:00,2010-08-26 08:26:00,4346,4344,4346,4343,4350,4348,4350,4347,16
2010-08-26 08:26:00,2010-08-26 08:27:00,4344,4344,4344,4342,4348,4348,4348,4346,10
2010-08-26 08:27:00,2010-08-26 08:30:00,4343,4341,4343,4341,4347,4345,4347,4345,6
2010-08-26 08:30:00,2010-08-26 08:31:00,4341,4345,4345,4341,4345,4349,4349,4345,5
2010-08-26 08:31:00,2010-08-26 08:36:00,4347,4349,4349,4347,4351,4353,4353,4351,2
2010-08-26 08:36:00,2010-08-26 08:37:00,4349,4348,4349,4347,4353,4352,4353,4351,3
2010-08-26 08:37:00,2010-08-26 08:40:00,4348,4345,4348,4345,4352,4349,4352,4349,3
2010-08-26 08:40:00,2010-08-26 08:41:00,4345,4344,4346,4343,4349,4348,4350,4347,9
2010-08-26 08:41:00,2010-08-26 08:46:00,4345,4343,4345,4343,4349,4347,4349,4347,6
2010-08-26 08:46:00,2010-08-26 08:47:00,4343,4341,4344,4341,4347,4345,4348,4345,4
2010-08-26 08:47:00,2010-08-26 08:50:00,4341,4344,4344,4341,4345,4348,4348,4345,3
2010-08-26 08:50:00,2010-08-26 08:53:00,4343,4342,4344,4342,4347,4346,4348,4346,7
2010-08-26 08:53:00,2010-08-26 08:55:00,4342,4342,4343,4342,4346,4346,4347,4346,6
2010-08-26 08:55:00,2010-08-26 09:01:00,4341,4340,4341,4339,4345,4344,4345,4343,7
2010-08-26 09:01:00,2010-08-26 09:02:00,4340,4341,4342,4340,4344,4345,4346,4344,5
2010-08-26 09:02:00,2010-08-26 09:03:00,4341,4341,4341,4340,4345,4345,4345,4344,6
2010-08-26 09:03:00,2010-08-26 09:05:00,4341,4341,4342,4341,4345,4345,4346,4345,4
2010-08-26 09:05:00,2010-08-26 09:07:00,4342,4343,4343,4341,4346,4347,4347,4345,5
2010-08-26 09:07:00,2010-08-26 09:08:00,4343,4343,4345,4343,4347,4347,4349,4347,4
2010-08-26 09:08:00,2010-08-26 09:09:00,4343,4345,4345,4343,4347,4349,4349,4347,4
2010-08-26 09:09:00,2010-08-26 09:13:00,4347,4346,4347,4345,4351,4350,4351,4349,3
2010-08-26 09:13:00,2010-08-26 09:16:00,4347,4347,4347,4346,4351,4351,4351,4350,4
2010-08-26 09:16:00,2010-08-26 09:17:00,4347,4346,4347,4346,4351,4350,4351,4350,7
2010-08-26 09:17:00,2010-08-26 09:18:00,4346,4347,4347,4346,4350,4351,4351,4350,7
2010-08-26 09:18:00,2010-08-26 09:19:00,4347,4345,4347,4345,4351,4349,4351,4349,2
2010-08-26 09:19:00,2010-08-26 09:23:00,4345,4346,4346,4344,4349,4350,4350,4348,7
2010-08-26 09:23:00,2010-08-26 09:26:00,4344,4345,4345,4343,4348,4349,4349,4348,7
2010-08-26 09:26:00,2010-08-26 09:27:00,4345,4343,4345,4343,4349,4347,4349,4347,2
2010-08-26 09:27:00,2010-08-26 09:28:00,4343,4343,4343,4342,4347,4347,4347,4346,2
2010-08-26 09:28:00,2010-08-26 09:29:00,4343,4345,4345,4343,4347,4349,4349,4347,6
2010-08-26 09:29:00,2010-08-26 09:34:00,4345,4345,4346,4345,4349,4349,4350,4349,6
2010-08-26 09:34:00,2010-08-26 09:35:00,4345,4344,4346,4344,4349,4348,4350,4348,5
2010-08-26 09:35:00,2010-08-26 09:38:00,4344,4345,4346,4344,4348,4349,4350,4348,3
2010-08-26 09:38:00,2010-08-26 09:43:00,4344,4345,4346,4344,4348,4349,4350,4348,5
2010-08-26 09:43:00,2010-08-26 09:44:00,4345,4345,4346,4344,4349,4349,4350,4348,6
2010-08-26 09:44:00,2010-08-26 09:51:00,4345,4347,4347,4345,4349,4351,4351,4349,2
2010-08-26 09:51:00,2010-08-26 09:53:00,4347,4348,4348,4347,4351,4352,4352,4351,3
2010-08-26 09:53:00,2010-08-26 10:00:00,4345,4347,4347,4345,4349,4351,4351,4349,4
2010-08-26 10:00:00,2010-08-26 10:02:00,4348,4350,4350,4348,4352,4354,4354,4352,8
2010-08-26 10:02:00,2010-08-26 10:03:00,4350,4353,4353,4350,4354,4357,4357,4354,9
2010-08-26 10:03:00,2010-08-26 10:04:00,4353,4353,4355,4353,4357,4357,4359,4357,6
2010-08-26 10:04:00,2010-08-26 10:05:00,4353,4352,4353,4351,4357,4356,4357,4355,3
2010-08-26 10:05:00,2010-08-26 10:06:00,4352,4352,4352,4351,4356,4356,4356,4355,2
2010-08-26 10:06:00,2010-08-26 10:07:00,4352,4351,4352,4351,4356,4355,4356,4355,1
2010-08-26 10:07:00,2010-08-26 10:08:00,4351,4351,4351,4350,4355,4355,4355,4354,2
2010-08-26 10:08:00,2010-08-26 10:10:00,4351,4352,4352,4350,4355,4356,4356,4354,3
2010-08-26 10:10:00,2010-08-26 10:11:00,4352,4352,4353,4351,4356,4356,4357,4355,4
2010-08-26 10:11:00,2010-08-26 10:12:00,4352,4351,4352,4351,4356,4355,4356,4355,3
2010-08-26 10:12:00,2010-08-26 10:15:00,4351,4349,4351,4349,4355,4353,4355,4353,10
2010-08-26 10:15:00,2010-08-26 10:16:00,4349,4350,4350,4349,4353,4354,4354,4353,5
2010-08-26 10:16:00,2010-08-26 10:18:00,4351,4350,4351,4350,4355,4354,4355,4354,1
2010-08-26 10:18:00,2010-08-26 10:19:00,4350,4350,4351,4350,4354,4354,4355,4354,2
2010-08-26 10:19:00,2010-08-26 10:29:00,4348,4347,4348,4347,4352,4351,4352,4351,3
2010-08-26 10:29:00,2010-08-26 10:31:00,4347,4348,4349,4347,4351,4352,4353,4351,3
2010-08-26 10:31:00,2010-08-26 10:33:00,4348,4349,4349,4348,4352,4353,4353,4352,3
2010-08-26 10:33:00,2010-08-26 10:35:00,4349,4349,4351,4349,4353,4353,4355,4353,4
2010-08-26 10:35:00,2010-08-26 10:43:00,4349,4349,4349,4348,4353,4353,4353,4352,2
2010-08-26 10:43:00,2010-08-26 10:47:00,4349,4348,4349,4348,4353,4352,4353,4352,1
2010-08-26 10:47:00,2010-08-26 10:48:00,4348,4345,4349,4345,4352,4349,4353,4349,7
2010-08-26 10:48:00,2010-08-26 10:51:00,4345,4346,4347,4345,4349,4350,4351,4349,7
2010-08-26 10:51:00,2010-08-26 10:52:00,4346,4345,4346,4345,4350,4349,4350,4349,3
2010-08-26 10:52:00,2010-08-26 10:57:00,4345,4344,4345,4343,4349,4348,4349,4347,3
2010-08-26 10:57:00,2010-08-26 11:00:00,4344,4344,4346,4344,4348,4348,4350,4348,3
2010-08-26 11:00:00,2010-08-26 11:01:00,4344,4344,4345,4344,4348,4348,4349,4348,6
2010-08-26 11:01:00,2010-08-26 11:02:00,4344,4344,4344,4343,4348,4348,4348,4347,2
2010-08-26 11:02:00,2010-08-26 11:05:00,4344,4343,4344,4343,4348,4347,4348,4347,1
2010-08-26 11:05:00,2010-08-26 11:07:00,4343,4343,4344,4343,4347,4347,4348,4347,4
2010-08-26 11:07:00,2010-08-26 11:09:00,4343,4343,4343,4342,4347,4347,4347,4346,4
2010-08-26 11:09:00,2010-08-26 11:10:00,4343,4342,4343,4342,4347,4347,4347,4347,3
2010-08-26 11:10:00,2010-08-26 11:13:00,4342,4341,4342,4341,4347,4345,4347,4345,1
2010-08-26 11:13:00,2010-08-26 11:14:00,4341,4340,4341,4340,4345,4344,4345,4344,7
2010-08-26 11:14:00,2010-08-26 11:15:00,4340,4342,4343,4340,4344,4346,4347,4344,10
2010-08-26 11:15:00,2010-08-26 11:17:00,4342,4343,4343,4342,4346,4347,4347,4346,1
2010-08-26 11:17:00,2010-08-26 11:19:00,4343,4344,4345,4343,4347,4348,4349,4347,2
2010-08-26 11:19:00,2010-08-26 11:23:00,4344,4345,4345,4344,4348,4349,4349,4348,3
2010-08-26 11:23:00,2010-08-26 11:24:00,4345,4345,4345,4344,4349,4349,4349,4348,2
2010-08-26 11:24:00,2010-08-26 11:27:00,4344,4345,4345,4344,4348,4349,4349,4348,5
2010-08-26 11:27:00,2010-08-26 11:28:00,4345,4345,4345,4344,4349,4349,4349,4348,8
2010-08-26 11:28:00,2010-08-26 11:29:00,4345,4345,4345,4344,4349,4349,4349,4348,4
2010-08-26 11:29:00,2010-08-26 11:33:00,4346,4346,4346,4345,4350,4350,4350,4349,4
2010-08-26 11:33:00,2010-08-26 11:34:00,4346,4343,4346,4342,4350,4347,4350,4346,9
2010-08-26 11:34:00,2010-08-26 11:35:00,4343,4344,4344,4342,4347,4348,4348,4346,3
2010-08-26 11:35:00,2010-08-26 11:40:00,4343,4343,4343,4342,4348,4347,4348,4346,2
2010-08-26 11:40:00,2010-08-26 11:41:00,4343,4342,4343,4342,4347,4346,4347,4346,1
2010-08-26 11:41:00,2010-08-26 11:44:00,4342,4342,4343,4341,4346,4346,4347,4345,4
2010-08-26 11:44:00,2010-08-26 11:45:00,4342,4341,4342,4341,4346,4345,4346,4345,1
2010-08-26 11:45:00,2010-08-26 11:47:00,4341,4340,4341,4340,4345,4344,4345,4344,1
2010-08-26 11:47:00,2010-08-26 11:50:00,4340,4340,4340,4339,4344,4344,4344,4343,4
2010-08-26 11:50:00,2010-08-26 11:51:00,4340,4339,4340,4339,4344,4343,4344,4343,13
2010-08-26 11:51:00,2010-08-26 11:54:00,4339,4339,4341,4339,4343,4343,4345,4343,8
2010-08-26 11:54:00,2010-08-26 12:00:00,4339,4338,4339,4337,4343,4342,4343,4341,2
2010-08-26 12:00:00,2010-08-26 12:01:00,4338,4339,4339,4338,4342,4343,4343,4342,1
2010-08-26 12:01:00,2010-08-26 12:02:00,4339,4339,4340,4339,4343,4343,4344,4343,4
2010-08-26 12:02:00,2010-08-26 12:03:00,4339,4339,4340,4339,4343,4343,4344,4343,2
2010-08-26 12:03:00,2010-08-26 12:05:00,4339,4338,4339,4338,4343,4342,4343,4342,1
2010-08-26 12:05:00,2010-08-26 12:06:00,4338,4337,4338,4337,4342,4341,4342,4341,5
2010-08-26 12:06:00,2010-08-26 12:07:00,4337,4337,4338,4336,4341,4341,4342,4340,4
2010-08-26 12:07:00,2010-08-26 12:08:00,4337,4335,4337,4335,4341,4339,4341,4339,4
2010-08-26 12:08:00,2010-08-26 12:09:00,4335,4335,4336,4335,4339,4339,4340,4339,2
2010-08-26 12:09:00,2010-08-26 12:14:00,4335,4339,4340,4335,4339,4343,4344,4339,3
2010-08-26 12:14:00,2010-08-26 12:15:00,4339,4340,4340,4339,4343,4344,4344,4343,1
2010-08-26 12:15:00,2010-08-26 12:17:00,4340,4341,4341,4340,4344,4345,4345,4344,1
2010-08-26 12:17:00,2010-08-26 12:19:00,4341,4340,4341,4339,4345,4344,4345,4343,3
2010-08-26 12:19:00,2010-08-26 12:21:00,4340,4339,4340,4339,4344,4343,4344,4343,3
2010-08-26 12:21:00,2010-08-26 12:22:00,4339,4341,4342,4339,4343,4345,4346,4343,8
2010-08-26 12:22:00,2010-08-26 12:23:00,4341,4341,4342,4341,4345,4345,4346,4345,2
2010-08-26 12:23:00,2010-08-26 12:25:00,4341,4340,4341,4340,4345,4344,4345,4344,3
2010-08-26 12:25:00,2010-08-26 12:26:00,4340,4344,4345,4340,4344,4348,4349,4344,10
2010-08-26 12:26:00,2010-08-26 12:27:00,4344,4344,4345,4344,4348,4348,4349,4348,2
2010-08-26 12:27:00,2010-08-26 12:28:00,4344,4347,4348,4344,4348,4351,4352,4348,6
2010-08-26 12:28:00,2010-08-26 12:29:00,4347,4346,4347,4345,4351,4350,4351,4349,21
2010-08-26 12:29:00,2010-08-26 12:30:00,4346,4359,4360,4346,4350,4363,4364,4350,11
2010-08-26 12:30:00,2010-08-26 12:31:00,4359,4359,4361,4359,4363,4363,4365,4363,10
2010-08-26 12:31:00,2010-08-26 12:32:00,4359,4362,4363,4359,4363,4366,4367,4363,35
2010-08-26 12:32:00,2010-08-26 12:33:00,4362,4365,4367,4362,4366,4369,4371,4366,21
2010-08-26 12:33:00,2010-08-26 12:34:00,4365,4365,4366,4364,4369,4369,4370,4368,16
2010-08-26 12:34:00,2010-08-26 12:35:00,4365,4362,4365,4360,4369,4366,4369,4364,12
2010-08-26 12:35:00,2010-08-26 12:36:00,4362,4363,4363,4361,4366,4367,4367,4365,21
2010-08-26 12:36:00,2010-08-26 12:37:00,4363,4360,4363,4359,4367,4364,4367,4363,9
2010-08-26 12:37:00,2010-08-26 12:38:00,4360,4359,4361,4358,4364,4363,4365,4362,7
2010-08-26 12:38:00,2010-08-26 12:40:00,4358,4358,4360,4358,4362,4362,4364,4362,37
2010-08-26 12:40:00,2010-08-26 12:41:00,4358,4358,4359,4358,4362,4362,4363,4362,6
2010-08-26 12:41:00,2010-08-26 12:42:00,4358,4361,4362,4358,4362,4365,4366,4362,19
2010-08-26 12:42:00,2010-08-26 12:43:00,4361,4360,4362,4360,4365,4364,4366,4364,13
2010-08-26 12:43:00,2010-08-26 12:46:00,4359,4359,4359,4358,4363,4363,4363,4362,8
2010-08-26 12:46:00,2010-08-26 12:48:00,4359,4356,4359,4356,4363,4360,4363,4360,3
2010-08-26 12:48:00,2010-08-26 12:49:00,4356,4357,4358,4356,4360,4361,4362,4360,5
2010-08-26 12:49:00,2010-08-26 12:50:00,4357,4360,4360,4357,4361,4364,4364,4361,7
2010-08-26 12:50:00,2010-08-26 12:51:00,4360,4360,4361,4359,4364,4364,4365,4363,12
2010-08-26 12:51:00,2010-08-26 12:54:00,4359,4359,4360,4358,4363,4363,4364,4362,3
2010-08-26 12:54:00,2010-08-26 12:56:00,4359,4361,4361,4359,4363,4365,4365,4363,2
2010-08-26 12:56:00,2010-08-26 13:00:00,4360,4360,4360,4359,4364,4364,4364,4363,2
2010-08-26 13:00:00,2010-08-26 13:01:00,4360,4361,4361,4360,4364,4365,4365,4364,5
2010-08-26 13:01:00,2010-08-26 13:03:00,4362,4359,4363,4359,4366,4363,4367,4363,15
2010-08-26 13:03:00,2010-08-26 13:04:00,4359,4362,4362,4358,4363,4366,4366,4362,24
2010-08-26 13:04:00,2010-08-26 13:06:00,4362,4362,4363,4362,4366,4366,4367,4366,4
2010-08-26 13:06:00,2010-08-26 13:10:00,4363,4362,4363,4361,4367,4366,4367,4365,5
2010-08-26 13:10:00,2010-08-26 13:11:00,4362,4362,4364,4361,4366,4366,4368,4366,4
2010-08-26 13:11:00,2010-08-26 13:12:00,4362,4359,4362,4357,4366,4363,4366,4361,15
2010-08-26 13:12:00,2010-08-26 13:13:00,4359,4357,4359,4357,4363,4361,4363,4361,2
2010-08-26 13:13:00,2010-08-26 13:15:00,4356,4356,4356,4355,4360,4360,4360,4359,2
2010-08-26 13:15:00,2010-08-26 13:18:00,4356,4359,4360,4356,4360,4363,4364,4360,13
2010-08-26 13:18:00,2010-08-26 13:19:00,4359,4359,4360,4358,4363,4363,4364,4362,8
2010-08-26 13:19:00,2010-08-26 13:20:00,4359,4359,4360,4359,4363,4363,4364,4363,8
2010-08-26 13:20:00,2010-08-26 13:23:00,4358,4360,4360,4358,4362,4364,4364,4362,2
2010-08-26 13:23:00,2010-08-26 13:27:00,4359,4359,4360,4359,4363,4363,4364,4363,2
2010-08-26 13:27:00,2010-08-26 13:28:00,4359,4362,4362,4359,4363,4366,4366,4363,7
2010-08-26 13:28:00,2010-08-26 13:29:00,4362,4360,4362,4360,4366,4365,4366,4365,10
2010-08-26 13:29:00,2010-08-26 13:30:00,4360,4357,4360,4357,4365,4361,4365,4361,13
2010-08-26 13:30:00,2010-08-26 13:31:00,4357,4360,4360,4356,4361,4364,4364,4360,17
2010-08-26 13:31:00,2010-08-26 13:32:00,4360,4358,4362,4357,4364,4362,4366,4361,15
2010-08-26 13:32:00,2010-08-26 13:33:00,4358,4359,4361,4357,4362,4363,4365,4361,25
2010-08-26 13:33:00,2010-08-26 13:34:00,4359,4356,4360,4356,4363,4360,4364,4360,23
2010-08-26 13:34:00,2010-08-26 13:35:00,4356,4358,4358,4354,4360,4362,4362,4358,18
2010-08-26 13:35:00,2010-08-26 13:36:00,4358,4361,4362,4358,4362,4365,4366,4362,11
2010-08-26 13:36:00,2010-08-26 13:37:00,4361,4361,4362,4360,4365,4365,4366,4364,26
2010-08-26 13:37:00,2010-08-26 13:38:00,4361,4355,4361,4354,4365,4359,4365,4358,27
2010-08-26 13:38:00,2010-08-26 13:39:00,4355,4357,4357,4355,4359,4361,4361,4359,4
2010-08-26 13:39:00,2010-08-26 13:40:00,4357,4352,4357,4351,4361,4356,4361,4356,9
2010-08-26 13:40:00,2010-08-26 13:41:00,4352,4352,4352,4351,4356,4356,4356,4355,4
2010-08-26 13:41:00,2010-08-26 13:42:00,4352,4357,4357,4352,4356,4361,4361,4356,19
2010-08-26 13:42:00,2010-08-26 13:43:00,4357,4356,4359,4356,4361,4360,4363,4360,37
2010-08-26 13:43:00,2010-08-26 13:44:00,4356,4358,4358,4355,4360,4362,4362,4359,8
2010-08-26 13:44:00,2010-08-26 13:47:00,4358,4357,4358,4356,4362,4361,4362,4360,29
2010-08-26 13:47:00,2010-08-26 13:48:00,4357,4357,4358,4356,4361,4361,4362,4360,9
2010-08-26 13:48:00,2010-08-26 13:49:00,4357,4356,4358,4355,4361,4360,4362,4359,13
2010-08-26 13:49:00,2010-08-26 13:50:00,4356,4352,4356,4352,4360,4356,4360,4356,18
2010-08-26 13:50:00,2010-08-26 13:51:00,4352,4352,4353,4352,4356,4356,4357,4356,12
2010-08-26 13:51:00,2010-08-26 13:52:00,4352,4351,4353,4349,4356,4355,4357,4353,15
2010-08-26 13:52:00,2010-08-26 13:53:00,4351,4350,4351,4348,4355,4354,4355,4352,12
2010-08-26 13:53:00,2010-08-26 13:54:00,4350,4344,4350,4344,4354,4348,4354,4348,16
2010-08-26 13:54:00,2010-08-26 13:55:00,4344,4348,4349,4344,4348,4352,4353,4348,10
2010-08-26 13:55:00,2010-08-26 13:56:00,4348,4351,4352,4348,4352,4355,4356,4352,17
2010-08-26 13:56:00,2010-08-26 13:57:00,4351,4354,4354,4351,4355,4358,4358,4355,15
2010-08-26 13:57:00,2010-08-26 13:59:00,4353,4354,4355,4353,4357,4358,4359,4357,16
2010-08-26 13:59:00,2010-08-26 14:00:00,4354,4354,4355,4353,4358,4358,4359,4357,6
2010-08-26 14:00:00,2010-08-26 14:01:00,4354,4356,4356,4354,4358,4360,4360,4358,4
2010-08-26 14:01:00,2010-08-26 14:02:00,4356,4357,4360,4356,4360,4361,4364,4360,4
2010-08-26 14:02:00,2010-08-26 14:03:00,4357,4360,4360,4357,4361,4364,4364,4361,5
2010-08-26 14:03:00,2010-08-26 14:04:00,4360,4360,4360,4359,4364,4364,4364,4363,12
2010-08-26 14:04:00,2010-08-26 14:05:00,4360,4360,4360,4359,4364,4364,4364,4363,4
2010-08-26 14:05:00,2010-08-26 14:06:00,4360,4360,4361,4360,4364,4364,4365,4364,6
2010-08-26 14:06:00,2010-08-26 14:07:00,4360,4358,4360,4358,4364,4362,4364,4362,29
2010-08-26 14:07:00,2010-08-26 14:08:00,4358,4359,4360,4358,4362,4363,4364,4362,7
2010-08-26 14:08:00,2010-08-26 14:09:00,4359,4363,4364,4359,4363,4367,4368,4363,16
2010-08-26 14:09:00,2010-08-26 14:10:00,4363,4363,4364,4361,4367,4367,4368,4365,17
2010-08-26 14:10:00,2010-08-26 14:11:00,4363,4364,4365,4363,4367,4368,4369,4367,9
2010-08-26 14:11:00,2010-08-26 14:12:00,4364,4364,4366,4364,4368,4368,4370,4368,10
2010-08-26 14:12:00,2010-08-26 14:13:00,4364,4365,4367,4364,4368,4369,4371,4368,19
2010-08-26 14:13:00,2010-08-26 14:14:00,4365,4364,4365,4363,4369,4368,4369,4367,13
2010-08-26 14:14:00,2010-08-26 14:15:00,4364,4363,4364,4363,4368,4367,4368,4367,5
2010-08-26 14:15:00,2010-08-26 14:17:00,4363,4364,4364,4363,4367,4368,4368,4367,7
2010-08-26 14:17:00,2010-08-26 14:18:00,4364,4363,4366,4363,4368,4368,4370,4368,7
2010-08-26 14:18:00,2010-08-26 14:19:00,4363,4362,4364,4361,4368,4366,4369,4365,27
2010-08-26 14:19:00,2010-08-26 14:20:00,4362,4363,4364,4361,4366,4367,4368,4365,17
2010-08-26 14:20:00,2010-08-26 14:21:00,4363,4356,4363,4356,4367,4360,4367,4360,17
2010-08-26 14:21:00,2010-08-26 14:22:00,4356,4358,4358,4356,4360,4362,4362,4360,16
2010-08-26 14:22:00,2010-08-26 14:23:00,4358,4356,4359,4355,4362,4360,4363,4359,20
2010-08-26 14:23:00,2010-08-26 14:24:00,4356,4357,4357,4355,4360,4361,4361,4359,15
2010-08-26 14:24:00,2010-08-26 14:25:00,4357,4353,4357,4353,4361,4357,4361,4357,25
2010-08-26 14:25:00,2010-08-26 14:26:00,4353,4357,4357,4353,4357,4361,4361,4357,15
2010-08-26 14:26:00,2010-08-26 14:27:00,4357,4354,4359,4354,4361,4358,4363,4358,10
2010-08-26 14:27:00,2010-08-26 14:28:00,4354,4355,4357,4354,4358,4359,4361,4358,5
2010-08-26 14:28:00,2010-08-26 14:29:00,4355,4357,4358,4355,4359,4361,4362,4359,16
2010-08-26 14:29:00,2010-08-26 14:30:00,4357,4357,4360,4356,4361,4361,4364,4360,19
2010-08-26 14:30:00,2010-08-26 14:31:00,4357,4356,4358,4356,4361,4361,4362,4360,15
2010-08-26 14:31:00,2010-08-26 14:32:00,4356,4359,4361,4356,4361,4363,4365,4361,26
2010-08-26 14:32:00,2010-08-26 14:33:00,4359,4358,4361,4358,4363,4362,4365,4362,40
2010-08-26 14:33:00,2010-08-26 14:34:00,4358,4358,4359,4357,4362,4362,4363,4361,12
2010-08-26 14:34:00,2010-08-26 14:35:00,4358,4360,4360,4358,4362,4364,4364,4362,8
2010-08-26 14:35:00,2010-08-26 14:36:00,4360,4360,4361,4359,4364,4364,4365,4363,14
2010-08-26 14:36:00,2010-08-26 14:37:00,4360,4363,4363,4359,4364,4367,4367,4363,14
2010-08-26 14:37:00,2010-08-26 14:38:00,4363,4366,4366,4362,4367,4370,4370,4366,5
2010-08-26 14:38:00,2010-08-26 14:39:00,4366,4366,4367,4365,4370,4370,4371,4369,10
2010-08-26 14:39:00,2010-08-26 14:40:00,4366,4368,4368,4366,4370,4372,4372,4370,20
2010-08-26 14:40:00,2010-08-26 14:41:00,4368,4365,4368,4365,4372,4369,4372,4369,22
2010-08-26 14:41:00,2010-08-26 14:42:00,4365,4366,4367,4365,4369,4370,4371,4369,14
2010-08-26 14:42:00,2010-08-26 14:43:00,4366,4368,4368,4366,4370,4372,4372,4370,26
2010-08-26 14:43:00,2010-08-26 14:44:00,4368,4364,4368,4363,4372,4368,4372,4367,10
2010-08-26 14:44:00,2010-08-26 14:45:00,4364,4364,4366,4363,4368,4368,4370,4368,7
2010-08-26 14:45:00,2010-08-26 14:46:00,4364,4363,4365,4362,4368,4367,4369,4366,13
2010-08-26 14:46:00,2010-08-26 14:47:00,4363,4363,4363,4362,4367,4367,4367,4366,6
2010-08-26 14:47:00,2010-08-26 14:48:00,4363,4364,4365,4362,4367,4368,4369,4366,9
2010-08-26 14:48:00,2010-08-26 14:49:00,4364,4364,4365,4364,4368,4368,4369,4368,8
2010-08-26 14:49:00,2010-08-26 14:50:00,4364,4364,4365,4363,4368,4368,4369,4367,10
2010-08-26 14:50:00,2010-08-26 14:51:00,4364,4363,4365,4363,4368,4367,4369,4367,18
2010-08-26 14:51:00,2010-08-26 14:52:00,4363,4360,4364,4360,4367,4364,4368,4364,17
2010-08-26 14:52:00,2010-08-26 14:53:00,4360,4361,4361,4360,4364,4365,4365,4364,9
2010-08-26 14:53:00,2010-08-26 14:54:00,4361,4362,4363,4360,4365,4366,4367,4364,20
2010-08-26 14:54:00,2010-08-26 14:55:00,4362,4360,4362,4359,4366,4364,4366,4363,20
2010-08-26 14:55:00,2010-08-26 14:56:00,4360,4359,4361,4357,4364,4363,4365,4362,17
2010-08-26 14:56:00,2010-08-26 14:57:00,4359,4359,4361,4359,4363,4363,4365,4363,6
2010-08-26 14:57:00,2010-08-26 14:58:00,4359,4360,4361,4358,4363,4364,4365,4362,22
2010-08-26 14:58:00,2010-08-26 14:59:00,4360,4361,4363,4360,4364,4365,4367,4364,14
2010-08-26 14:59:00,2010-08-26 15:01:00,4361,4359,4361,4359,4365,4364,4365,4363,4
2010-08-26 15:01:00,2010-08-26 15:02:00,4359,4359,4360,4359,4364,4363,4364,4363,4
2010-08-26 15:02:00,2010-08-26 15:03:00,4359,4355,4359,4354,4363,4359,4363,4358,5
2010-08-26 15:03:00,2010-08-26 15:04:00,4355,4356,4356,4355,4359,4360,4360,4359,3
2010-08-26 15:04:00,2010-08-26 15:05:00,4356,4352,4356,4351,4360,4356,4360,4355,8
2010-08-26 15:05:00,2010-08-26 15:06:00,4352,4353,4353,4351,4356,4357,4357,4355,7
2010-08-26 15:06:00,2010-08-26 15:07:00,4353,4346,4353,4346,4357,4350,4357,4350,5
2010-08-26 15:07:00,2010-08-26 15:08:00,4346,4344,4349,4342,4350,4348,4353,4346,7
2010-08-26 15:08:00,2010-08-26 15:09:00,4344,4344,4345,4343,4348,4348,4349,4347,24
2010-08-26 15:09:00,2010-08-26 15:10:00,4344,4342,4345,4342,4348,4346,4349,4346,10
2010-08-26 15:10:00,2010-08-26 15:11:00,4342,4346,4346,4342,4346,4350,4350,4346,14
2010-08-26 15:11:00,2010-08-26 15:12:00,4346,4346,4347,4346,4350,4350,4351,4350,4
2010-08-26 15:12:00,2010-08-26 15:14:00,4345,4348,4348,4343,4349,4352,4352,4347,12
2010-08-26 15:14:00,2010-08-26 15:15:00,4348,4346,4348,4346,4352,4350,4352,4350,8
2010-08-26 15:15:00,2010-08-26 15:16:00,4346,4349,4350,4346,4350,4353,4354,4350,14
2010-08-26 15:16:00,2010-08-26 15:17:00,4349,4350,4350,4347,4353,4354,4354,4351,13
2010-08-26 15:17:00,2010-08-26 15:18:00,4350,4352,4352,4350,4354,4356,4356,4354,2
2010-08-26 15:18:00,2010-08-26 15:19:00,4352,4351,4352,4350,4356,4355,4356,4354,5
2010-08-26 15:19:00,2010-08-26 15:20:00,4351,4348,4351,4348,4355,4352,4355,4352,7
2010-08-26 15:20:00,2010-08-26 15:21:00,4348,4347,4349,4346,4352,4351,4353,4350,13
2010-08-26 15:21:00,2010-08-26 15:22:00,4347,4345,4347,4345,4351,4349,4351,4349,18
2010-08-26 15:22:00,2010-08-26 15:23:00,4345,4344,4346,4344,4349,4348,4350,4348,9
2010-08-26 15:23:00,2010-08-26 15:24:00,4344,4343,4345,4343,4348,4347,4349,4347,3
2010-08-26 15:24:00,2010-08-26 15:25:00,4343,4342,4343,4342,4347,4346,4347,4346,5
2010-08-26 15:25:00,2010-08-26 15:26:00,4342,4344,4344,4342,4346,4348,4348,4346,14
2010-08-26 15:26:00,2010-08-26 15:27:00,4344,4343,4345,4343,4348,4347,4349,4347,15
2010-08-26 15:27:00,2010-08-26 15:28:00,4343,4346,4347,4343,4347,4350,4351,4347,21
2010-08-26 15:28:00,2010-08-26 15:29:00,4346,4345,4346,4345,4350,4349,4350,4349,7
2010-08-26 15:29:00,2010-08-26 15:30:00,4345,4346,4347,4345,4349,4350,4351,4349,5
2010-08-26 15:30:00,2010-08-26 15:31:00,4346,4345,4346,4343,4350,4349,4350,4348,11
2010-08-26 15:31:00,2010-08-26 15:32:00,4345,4346,4346,4345,4349,4350,4350,4349,3
2010-08-26 15:32:00,2010-08-26 15:33:00,4346,4346,4346,4345,4350,4350,4350,4349,2
2010-08-26 15:33:00,2010-08-26 15:34:00,4346,4347,4348,4345,4350,4351,4352,4349,5
2010-08-26 15:34:00,2010-08-26 15:35:00,4347,4349,4350,4347,4351,4353,4354,4351,6
2010-08-26 15:35:00,2010-08-26 15:36:00,4349,4350,4350,4348,4353,4354,4354,4352,8
2010-08-26 15:36:00,2010-08-26 15:37:00,4350,4349,4350,4349,4354,4353,4354,4353,5
2010-08-26 15:37:00,2010-08-26 15:38:00,4349,4350,4355,4349,4353,4354,4359,4353,22
2010-08-26 15:38:00,2010-08-26 15:40:00,4349,4350,4350,4349,4353,4354,4354,4353,9
2010-08-26 15:40:00,2010-08-26 15:41:00,4350,4346,4350,4346,4354,4350,4354,4350,10
2010-08-26 15:41:00,2010-08-26 15:43:00,4345,4345,4346,4345,4349,4349,4350,4349,2
2010-08-26 15:43:00,2010-08-26 15:44:00,4345,4346,4346,4345,4349,4350,4350,4349,1
2010-08-26 15:44:00,2010-08-26 15:45:00,4346,4347,4348,4346,4350,4351,4352,4350,9
2010-08-26 15:45:00,2010-08-26 15:46:00,4347,4347,4347,4346,4351,4351,4351,4350,2
2010-08-26 15:46:00,2010-08-26 15:49:00,4346,4345,4346,4345,4350,4349,4350,4349,1
2010-08-26 15:49:00,2010-08-26 15:50:00,4345,4343,4345,4343,4349,4347,4349,4347,4
2010-08-26 15:50:00,2010-08-26 15:51:00,4343,4341,4344,4341,4347,4345,4348,4345,20
2010-08-26 15:51:00,2010-08-26 15:52:00,4341,4342,4343,4341,4345,4346,4347,4345,7
2010-08-26 15:52:00,2010-08-26 15:53:00,4342,4342,4342,4340,4346,4346,4346,4344,4
2010-08-26 15:53:00,2010-08-26 15:54:00,4342,4338,4342,4338,4346,4342,4346,4342,8
2010-08-26 15:54:00,2010-08-26 15:55:00,4338,4340,4340,4338,4342,4344,4344,4342,16
2010-08-26 15:55:00,2010-08-26 15:56:00,4340,4345,4345,4340,4344,4349,4349,4344,12
2010-08-26 15:56:00,2010-08-26 15:57:00,4345,4345,4345,4344,4349,4349,4349,4348,6
2010-08-26 15:57:00,2010-08-26 15:58:00,4345,4347,4347,4345,4349,4351,4351,4349,16
2010-08-26 15:58:00,2010-08-26 15:59:00,4347,4345,4347,4344,4351,4349,4351,4349,17
2010-08-26 15:59:00,2010-08-26 16:00:00,4345,4348,4348,4344,4349,4352,4352,4349,10
2010-08-26 16:00:00,2010-08-26 16:01:00,4348,4345,4348,4345,4352,4349,4352,4349,8
2010-08-26 16:01:00,2010-08-26 16:02:00,4345,4345,4346,4345,4349,4349,4350,4349,26
2010-08-26 16:02:00,2010-08-26 16:03:00,4345,4346,4348,4345,4349,4351,4352,4349,15
2010-08-26 16:03:00,2010-08-26 16:04:00,4346,4345,4346,4345,4351,4349,4351,4349,1
2010-08-26 16:04:00,2010-08-26 16:09:00,4344,4346,4346,4344,4348,4350,4350,4348,2
2010-08-26 16:09:00,2010-08-26 16:11:00,4346,4347,4347,4345,4350,4351,4351,4349,5
2010-08-26 16:11:00,2010-08-26 16:12:00,4347,4346,4347,4346,4351,4351,4351,4351,1
2010-08-26 16:12:00,2010-08-26 16:13:00,4346,4347,4347,4346,4351,4351,4351,4351,1
2010-08-26 16:13:00,2010-08-26 16:14:00,4347,4346,4347,4345,4351,4350,4351,4349,7
2010-08-26 16:14:00,2010-08-26 16:15:00,4346,4345,4346,4345,4350,4349,4350,4349,5
2010-08-26 16:15:00,2010-08-26 16:17:00,4344,4343,4344,4343,4348,4347,4348,4347,5
2010-08-26 16:17:00,2010-08-26 16:20:00,4344,4346,4346,4344,4348,4350,4350,4348,12
2010-08-26 16:20:00,2010-08-26 16:21:00,4346,4347,4347,4346,4350,4351,4351,4350,1
2010-08-26 16:21:00,2010-08-26 16:22:00,4347,4348,4349,4347,4351,4352,4353,4351,11
2010-08-26 16:22:00,2010-08-26 16:23:00,4348,4350,4350,4348,4352,4354,4354,4352,2
2010-08-26 16:23:00,2010-08-26 16:29:00,4349,4349,4349,4347,4353,4353,4353,4352,2
2010-08-26 16:29:00,2010-08-26 16:37:00,4349,4350,4350,4349,4353,4354,4354,4353,1
2010-08-26 16:37:00,2010-08-26 16:38:00,4350,4350,4351,4350,4354,4354,4355,4354,12
2010-08-26 16:38:00,2010-08-26 16:39:00,4350,4349,4350,4349,4354,4353,4354,4353,1
2010-08-26 16:39:00,2010-08-26 16:40:00,4349,4347,4349,4345,4353,4351,4353,4349,14
2010-08-26 16:40:00,2010-08-26 16:41:00,4347,4346,4347,4346,4351,4350,4351,4350,1
2010-08-26 16:41:00,2010-08-26 16:43:00,4346,4346,4346,4345,4350,4350,4350,4349,6
2010-08-26 16:43:00,2010-08-26 16:44:00,4346,4347,4347,4346,4350,4351,4351,4350,3
2010-08-26 16:44:00,2010-08-26 16:45:00,4347,4347,4348,4345,4351,4351,4352,4349,5
2010-08-26 16:45:00,2010-08-26 16:48:00,4347,4348,4348,4347,4351,4352,4352,4351,1
2010-08-26 16:48:00,2010-08-26 16:49:00,4348,4348,4348,4347,4352,4352,4352,4351,2
2010-08-26 16:49:00,2010-08-26 16:51:00,4348,4347,4348,4347,4352,4351,4352,4351,1
2010-08-26 16:51:00,2010-08-26 16:52:00,4347,4343,4347,4343,4351,4347,4351,4347,8
2010-08-26 16:52:00,2010-08-26 16:53:00,4343,4342,4344,4341,4347,4346,4348,4345,21
2010-08-26 16:53:00,2010-08-26 16:54:00,4342,4342,4342,4341,4346,4346,4346,4345,6
2010-08-26 16:54:00,2010-08-26 16:55:00,4342,4342,4343,4340,4346,4346,4347,4344,8
2010-08-26 16:55:00,2010-08-26 16:56:00,4342,4344,4345,4341,4346,4348,4349,4345,20
2010-08-26 16:56:00,2010-08-26 16:57:00,4344,4343,4344,4342,4348,4347,4348,4347,3
2010-08-26 16:57:00,2010-08-26 16:58:00,4343,4344,4344,4343,4347,4348,4348,4347,3
2010-08-26 16:58:00,2010-08-26 17:00:00,4346,4347,4347,4346,4350,4351,4351,4350,5
2010-08-26 17:00:00,2010-08-26 17:03:00,4347,4345,4347,4345,4351,4350,4351,4349,8
2010-08-26 17:03:00,2010-08-26 17:04:00,4345,4345,4345,4343,4350,4349,4350,4347,6
2010-08-26 17:04:00,2010-08-26 17:05:00,4345,4344,4345,4343,4349,4348,4349,4347,7
2010-08-26 17:05:00,2010-08-26 17:06:00,4344,4344,4344,4343,4348,4348,4348,4348,4
2010-08-26 17:06:00,2010-08-26 17:07:00,4344,4344,4345,4343,4348,4348,4349,4348,4
2010-08-26 17:07:00,2010-08-26 17:08:00,4344,4343,4344,4343,4348,4348,4348,4348,1
2010-08-26 17:08:00,2010-08-26 17:09:00,4343,4344,4344,4343,4348,4348,4348,4347,5
2010-08-26 17:09:00,2010-08-26 17:10:00,4344,4343,4344,4343,4348,4347,4348,4347,3
2010-08-26 17:10:00,2010-08-26 17:11:00,4343,4344,4344,4343,4347,4348,4348,4347,1
2010-08-26 17:11:00,2010-08-26 17:12:00,4344,4343,4344,4342,4348,4347,4348,4346,5
2010-08-26 17:12:00,2010-08-26 17:13:00,4343,4340,4343,4340,4347,4344,4347,4344,2
2010-08-26 17:13:00,2010-08-26 17:14:00,4340,4341,4342,4340,4344,4345,4346,4344,3
2010-08-26 17:14:00,2010-08-26 17:15:00,4341,4342,4342,4341,4345,4346,4346,4345,3
2010-08-26 17:15:00,2010-08-26 17:16:00,4342,4343,4343,4341,4346,4347,4347,4345,3
2010-08-26 17:16:00,2010-08-26 17:17:00,4343,4343,4344,4342,4347,4347,4348,4346,6
2010-08-26 17:17:00,2010-08-26 17:18:00,4343,4342,4345,4342,4347,4346,4349,4346,5
2010-08-26 17:18:00,2010-08-26 17:19:00,4342,4343,4343,4342,4346,4347,4347,4346,5
2010-08-26 17:19:00,2010-08-26 17:20:00,4343,4343,4345,4343,4347,4348,4349,4347,4
2010-08-26 17:20:00,2010-08-26 17:21:00,4343,4343,4344,4343,4348,4348,4348,4348,4
2010-08-26 17:21:00,2010-08-26 17:22:00,4343,4344,4344,4343,4348,4348,4348,4347,3
2010-08-26 17:22:00,2010-08-26 17:24:00,4344,4345,4345,4344,4348,4349,4349,4348,1
2010-08-26 17:24:00,2010-08-26 17:25:00,4345,4345,4345,4343,4349,4349,4349,4348,2
2010-08-26 17:25:00,2010-08-26 17:27:00,4344,4343,4344,4343,4348,4347,4348,4347,11
2010-08-26 17:27:00,2010-08-26 17:28:00,4343,4345,4345,4343,4347,4349,4349,4347,2
2010-08-26 17:28:00,2010-08-26 17:29:00,4345,4344,4345,4344,4349,4348,4349,4348,3
2010-08-26 17:29:00,2010-08-26 17:30:00,4344,4344,4344,4343,4348,4348,4348,4347,4
2010-08-26 17:30:00,2010-08-26 17:31:00,4344,4345,4345,4341,4348,4349,4349,4347,3
2010-08-26 17:31:00,2010-08-26 17:32:00,4345,4344,4345,4344,4349,4348,4349,4348,1
2010-08-26 17:32:00,2010-08-26 17:33:00,4344,4346,4346,4344,4348,4350,4350,4348,4
2010-08-26 17:33:00,2010-08-26 17:34:00,4346,4345,4346,4344,4350,4349,4350,4348,3
2010-08-26 17:34:00,2010-08-26 17:35:00,4345,4342,4345,4341,4349,4347,4349,4347,5
2010-08-26 17:35:00,2010-08-26 17:36:00,4342,4342,4342,4338,4347,4346,4347,4342,15
2010-08-26 17:36:00,2010-08-26 17:37:00,4342,4342,4342,4337,4346,4346,4346,4344,4
2010-08-26 17:37:00,2010-08-26 17:39:00,4342,4342,4342,4339,4346,4346,4346,4345,4
2010-08-26 17:39:00,2010-08-26 17:40:00,4342,4342,4342,4339,4346,4346,4346,4345,3
2010-08-26 17:40:00,2010-08-26 17:41:00,4342,4342,4342,4340,4346,4346,4346,4345,9
2010-08-26 17:41:00,2010-08-26 17:43:00,4342,4342,4343,4342,4346,4346,4347,4346,2
2010-08-26 17:43:00,2010-08-26 17:44:00,4342,4341,4342,4340,4346,4345,4346,4345,3
2010-08-26 17:44:00,2010-08-26 17:45:00,4341,4341,4341,4340,4345,4345,4345,4344,2
2010-08-26 17:45:00,2010-08-26 17:46:00,4341,4342,4342,4341,4345,4346,4346,4345,5
2010-08-26 17:46:00,2010-08-26 17:48:00,4342,4342,4342,4339,4346,4346,4346,4345,72
2010-08-26 17:48:00,2010-08-26 17:49:00,4342,4338,4342,4338,4346,4343,4346,4343,8
2010-08-26 17:49:00,2010-08-26 17:50:00,4338,4338,4339,4338,4343,4344,4344,4343,6
2010-08-26 17:50:00,2010-08-26 17:51:00,4338,4339,4339,4338,4344,4343,4344,4343,1
2010-08-26 17:51:00,2010-08-26 17:53:00,4338,4339,4339,4338,4344,4343,4344,4343,3
2010-08-26 17:53:00,2010-08-26 17:54:00,4339,4338,4339,4338,4343,4344,4344,4343,3
2010-08-26 17:54:00,2010-08-26 17:56:00,4338,4338,4339,4337,4344,4342,4344,4341,10
2010-08-26 17:56:00,2010-08-26 17:57:00,4338,4336,4338,4335,4342,4340,4342,4339,26
2010-08-26 17:57:00,2010-08-26 18:00:00,4336,4336,4336,4335,4340,4340,4340,4339,4
2010-08-26 18:00:00,2010-08-26 18:04:00,4336,4336,4337,4335,4340,4340,4341,4339,8
2010-08-26 18:04:00,2010-08-26 18:05:00,4336,4335,4336,4335,4340,4339,4340,4339,3
2010-08-26 18:05:00,2010-08-26 18:06:00,4335,4335,4336,4334,4339,4339,4340,4338,8
2010-08-26 18:06:00,2010-08-26 18:07:00,4335,4333,4335,4332,4339,4337,4339,4336,8
2010-08-26 18:07:00,2010-08-26 18:08:00,4333,4333,4333,4332,4337,4337,4337,4336,18
2010-08-26 18:08:00,2010-08-26 18:09:00,4333,4333,4333,4332,4337,4337,4337,4336,2
2010-08-26 18:09:00,2010-08-26 18:10:00,4333,4330,4333,4330,4337,4334,4337,4334,9
2010-08-26 18:10:00,2010-08-26 18:11:00,4330,4328,4330,4328,4334,4332,4334,4332,14
2010-08-26 18:11:00,2010-08-26 18:12:00,4328,4326,4329,4326,4332,4330,4333,4330,6
2010-08-26 18:12:00,2010-08-26 18:13:00,4326,4327,4327,4326,4330,4331,4331,4330,3
2010-08-26 18:13:00,2010-08-26 18:14:00,4327,4330,4330,4327,4331,4334,4334,4331,7
2010-08-26 18:14:00,2010-08-26 18:15:00,4330,4327,4331,4327,4334,4332,4335,4331,10
2010-08-26 18:15:00,2010-08-26 18:16:00,4327,4328,4329,4326,4332,4332,4333,4330,25
2010-08-26 18:16:00,2010-08-26 18:17:00,4328,4330,4331,4328,4332,4334,4335,4332,4
2010-08-26 18:17:00,2010-08-26 18:18:00,4330,4330,4332,4330,4334,4334,4336,4334,3
2010-08-26 18:18:00,2010-08-26 18:19:00,4330,4330,4330,4329,4334,4334,4334,4333,8
2010-08-26 18:19:00,2010-08-26 18:22:00,4330,4330,4330,4329,4334,4334,4334,4333,6
2010-08-26 18:22:00,2010-08-26 18:23:00,4330,4330,4331,4330,4334,4334,4335,4334,28
2010-08-26 18:23:00,2010-08-26 18:24:00,4330,4329,4330,4329,4334,4333,4334,4333,9
2010-08-26 18:24:00,2010-08-26 18:28:00,4331,4331,4331,4330,4335,4335,4335,4334,4
2010-08-26 18:28:00,2010-08-26 18:30:00,4331,4327,4331,4327,4335,4331,4335,4331,4
2010-08-26 18:30:00,2010-08-26 18:31:00,4327,4327,4327,4325,4331,4331,4331,4329,8
2010-08-26 18:31:00,2010-08-26 18:32:00,4327,4326,4327,4325,4331,4330,4331,4330,9
2010-08-26 18:32:00,2010-08-26 18:33:00,4326,4324,4327,4324,4330,4328,4331,4328,4
2010-08-26 18:33:00,2010-08-26 18:34:00,4324,4326,4326,4323,4328,4330,4330,4327,8
2010-08-26 18:34:00,2010-08-26 18:37:00,4327,4327,4328,4327,4331,4331,4332,4331,2
2010-08-26 18:37:00,2010-08-26 18:39:00,4328,4327,4329,4327,4332,4331,4333,4331,3
2010-08-26 18:39:00,2010-08-26 18:40:00,4327,4330,4330,4327,4331,4334,4334,4331,9
2010-08-26 18:40:00,2010-08-26 18:41:00,4330,4330,4330,4328,4334,4334,4334,4332,3
2010-08-26 18:41:00,2010-08-26 18:42:00,4330,4331,4331,4330,4334,4335,4335,4334,1
2010-08-26 18:42:00,2010-08-26 18:44:00,4331,4331,4332,4331,4335,4335,4336,4335,12
2010-08-26 18:44:00,2010-08-26 18:45:00,4331,4330,4332,4330,4335,4334,4336,4334,11
2010-08-26 18:45:00,2010-08-26 18:46:00,4330,4329,4331,4328,4334,4333,4335,4332,9
2010-08-26 18:46:00,2010-08-26 18:47:00,4329,4326,4329,4325,4333,4330,4333,4329,11
2010-08-26 18:47:00,2010-08-26 18:48:00,4326,4326,4326,4325,4330,4330,4330,4329,4
2010-08-26 18:48:00,2010-08-26 18:53:00,4326,4326,4328,4326,4330,4330,4332,4330,4
2010-08-26 18:53:00,2010-08-26 18:55:00,4326,4324,4326,4323,4330,4328,4330,4327,8
2010-08-26 18:55:00,2010-08-26 18:56:00,4324,4322,4324,4322,4328,4326,4328,4326,2
2010-08-26 18:56:00,2010-08-26 18:57:00,4322,4321,4322,4321,4326,4325,4326,4325,3
2010-08-26 18:57:00,2010-08-26 18:58:00,4321,4321,4322,4321,4325,4325,4326,4325,2
2010-08-26 18:58:00,2010-08-26 18:59:00,4321,4319,4321,4318,4325,4323,4325,4322,12
2010-08-26 18:59:00,2010-08-26 19:00:00,4319,4323,4323,4319,4323,4327,4327,4323,8
2010-08-26 19:00:00,2010-08-26 19:01:00,4323,4320,4323,4320,4327,4324,4327,4324,3
2010-08-26 19:01:00,2010-08-26 19:03:00,4320,4320,4320,4319,4324,4324,4324,4323,8
2010-08-26 19:03:00,2010-08-26 19:04:00,4320,4319,4320,4319,4324,4323,4324,4323,1
2010-08-26 19:04:00,2010-08-26 19:05:00,4319,4320,4321,4319,4323,4324,4325,4323,13
2010-08-26 19:05:00,2010-08-26 19:06:00,4320,4320,4320,4319,4324,4324,4324,4323,2
2010-08-26 19:06:00,2010-08-26 19:07:00,4320,4320,4321,4319,4324,4324,4325,4323,6
2010-08-26 19:07:00,2010-08-26 19:09:00,4320,4323,4324,4320,4324,4327,4328,4324,13
2010-08-26 19:09:00,2010-08-26 19:10:00,4323,4324,4325,4323,4327,4328,4329,4327,7
2010-08-26 19:10:00,2010-08-26 19:11:00,4324,4323,4325,4323,4328,4327,4329,4327,13
2010-08-26 19:11:00,2010-08-26 19:12:00,4323,4323,4324,4323,4327,4327,4328,4327,2
2010-08-26 19:12:00,2010-08-26 19:13:00,4323,4323,4325,4323,4327,4327,4329,4327,8
2010-08-26 19:13:00,2010-08-26 19:14:00,4323,4325,4325,4323,4327,4329,4329,4327,8
2010-08-26 19:14:00,2010-08-26 19:15:00,4325,4324,4325,4323,4329,4328,4329,4327,3
2010-08-26 19:15:00,2010-08-26 19:16:00,4324,4327,4327,4324,4328,4331,4331,4328,9
2010-08-26 19:16:00,2010-08-26 19:17:00,4327,4328,4329,4327,4331,4332,4333,4331,13
2010-08-26 19:17:00,2010-08-26 19:18:00,4328,4328,4328,4327,4332,4332,4332,4331,2
2010-08-26 19:18:00,2010-08-26 19:20:00,4329,4332,4332,4329,4333,4336,4336,4333,25
2010-08-26 19:20:00,2010-08-26 19:21:00,4332,4330,4333,4330,4336,4334,4337,4334,12
2010-08-26 19:21:00,2010-08-26 19:22:00,4330,4331,4332,4330,4334,4335,4336,4334,5
2010-08-26 19:22:00,2010-08-26 19:23:00,4331,4333,4333,4331,4335,4337,4337,4335,2
2010-08-26 19:23:00,2010-08-26 19:24:00,4333,4330,4333,4330,4337,4334,4337,4334,4
2010-08-26 19:24:00,2010-08-26 19:25:00,4330,4328,4331,4328,4334,4332,4335,4332,12
2010-08-26 19:25:00,2010-08-26 19:26:00,4328,4329,4329,4327,4332,4333,4333,4331,5
2010-08-26 19:26:00,2010-08-26 19:28:00,4330,4330,4330,4328,4334,4334,4334,4332,8
2010-08-26 19:28:00,2010-08-26 19:29:00,4330,4330,4331,4329,4334,4334,4335,4333,3
2010-08-26 19:29:00,2010-08-26 19:30:00,4330,4329,4330,4327,4334,4333,4334,4331,10
2010-08-26 19:30:00,2010-08-26 19:31:00,4329,4329,4329,4327,4333,4333,4333,4331,8
2010-08-26 19:31:00,2010-08-26 19:32:00,4329,4329,4329,4328,4333,4333,4333,4332,2
2010-08-26 19:32:00,2010-08-26 19:33:00,4329,4329,4330,4328,4333,4333,4334,4332,12
2010-08-26 19:33:00,2010-08-26 19:35:00,4330,4331,4331,4330,4334,4335,4335,4334,7
2010-08-26 19:35:00,2010-08-26 19:36:00,4331,4331,4332,4330,4335,4335,4336,4334,13
2010-08-26 19:36:00,2010-08-26 19:37:00,4331,4329,4331,4329,4335,4333,4335,4333,8
2010-08-26 19:37:00,2010-08-26 19:38:00,4329,4330,4330,4329,4333,4334,4334,4333,5
2010-08-26 19:38:00,2010-08-26 19:39:00,4330,4330,4331,4330,4334,4334,4335,4334,2
2010-08-26 19:39:00,2010-08-26 19:40:00,4330,4333,4333,4330,4334,4337,4337,4334,3
2010-08-26 19:40:00,2010-08-26 19:41:00,4333,4332,4333,4332,4337,4336,4337,4336,9
2010-08-26 19:41:00,2010-08-26 19:42:00,4332,4333,4334,4332,4336,4337,4338,4336,3
2010-08-26 19:42:00,2010-08-26 19:43:00,4333,4335,4335,4333,4337,4339,4339,4337,6
2010-08-26 19:43:00,2010-08-26 19:44:00,4335,4338,4339,4335,4339,4342,4343,4339,27
2010-08-26 19:44:00,2010-08-26 19:45:00,4338,4336,4339,4336,4342,4340,4343,4340,12
2010-08-26 19:45:00,2010-08-26 19:46:00,4336,4332,4336,4332,4340,4336,4340,4336,5
2010-08-26 19:46:00,2010-08-26 19:47:00,4332,4335,4336,4331,4336,4339,4340,4335,15
2010-08-26 19:47:00,2010-08-26 19:48:00,4335,4336,4336,4335,4339,4340,4340,4339,5
2010-08-26 19:48:00,2010-08-26 19:49:00,4336,4336,4338,4336,4340,4341,4342,4340,5
2010-08-26 19:49:00,2010-08-26 19:50:00,4336,4334,4336,4334,4341,4338,4341,4338,10
2010-08-26 19:50:00,2010-08-26 19:51:00,4334,4332,4336,4332,4338,4336,4340,4336,8
2010-08-26 19:51:00,2010-08-26 19:52:00,4332,4333,4333,4332,4336,4337,4337,4336,23
2010-08-26 19:52:00,2010-08-26 19:53:00,4333,4331,4333,4329,4337,4335,4337,4333,27
2010-08-26 19:53:00,2010-08-26 19:54:00,4331,4332,4333,4330,4335,4336,4337,4335,20
2010-08-26 19:54:00,2010-08-26 19:55:00,4332,4332,4334,4331,4336,4336,4338,4336,12
2010-08-26 19:55:00,2010-08-26 19:56:00,4332,4329,4333,4329,4336,4334,4337,4333,18
2010-08-26 19:56:00,2010-08-26 19:57:00,4329,4328,4329,4328,4334,4332,4334,4332,1
2010-08-26 19:57:00,2010-08-26 19:58:00,4328,4327,4328,4327,4332,4331,4332,4331,7
2010-08-26 19:58:00,2010-08-26 19:59:00,4327,4326,4327,4325,4331,4330,4331,4329,7
2010-08-26 19:59:00,2010-08-26 20:00:00,4326,4326,4327,4325,4330,4330,4331,4329,14
2010-08-26 20:00:00,2010-08-26 20:02:00,4327,4328,4328,4327,4331,4332,4332,4331,3
2010-08-26 20:02:00,2010-08-26 20:03:00,4328,4326,4329,4326,4332,4330,4333,4330,4
2010-08-26 20:03:00,2010-08-26 20:05:00,4327,4325,4327,4325,4331,4329,4331,4329,2
2010-08-26 20:05:00,2010-08-26 20:06:00,4325,4325,4326,4324,4329,4329,4330,4328,4
2010-08-26 20:06:00,2010-08-26 20:07:00,4325,4326,4326,4325,4329,4330,4330,4329,5
2010-08-26 20:07:00,2010-08-26 20:08:00,4326,4326,4327,4325,4330,4330,4331,4329,4
2010-08-26 20:08:00,2010-08-26 20:10:00,4326,4326,4326,4325,4330,4330,4330,4329,6
2010-08-26 20:10:00,2010-08-26 20:12:00,4326,4326,4326,4325,4330,4330,4330,4329,2
2010-08-26 20:12:00,2010-08-26 20:20:00,4328,4327,4328,4327,4332,4331,4332,4331,1
2010-08-26 20:20:00,2010-08-26 20:21:00,4327,4328,4328,4327,4331,4332,4332,4331,1
2010-08-26 20:21:00,2010-08-26 20:24:00,4329,4330,4330,4329,4333,4334,4334,4333,1
2010-08-26 20:24:00,2010-08-26 20:25:00,4330,4330,4330,4329,4334,4334,4334,4333,2
2010-08-26 20:25:00,2010-08-26 20:28:00,4330,4329,4330,4329,4334,4333,4334,4333,1
2010-08-26 20:28:00,2010-08-26 20:30:00,4329,4325,4329,4325,4333,4329,4333,4329,8
2010-08-26 20:30:00,2010-08-26 20:33:00,4325,4326,4326,4325,4329,4330,4330,4329,1
2010-08-26 20:33:00,2010-08-26 20:37:00,4326,4325,4326,4325,4330,4329,4330,4329,1
2010-08-26 20:37:00,2010-08-26 20:38:00,4325,4325,4326,4325,4329,4329,4330,4329,2
2010-08-26 20:38:00,2010-08-26 20:39:00,4325,4326,4327,4325,4329,4330,4331,4329,3
2010-08-26 20:39:00,2010-08-26 20:43:00,4327,4326,4327,4326,4331,4330,4331,4330,1
2010-08-26 20:43:00,2010-08-26 20:46:00,4326,4327,4327,4326,4330,4331,4331,4330,1
2010-08-26 20:46:00,2010-08-26 20:48:00,4327,4326,4327,4326,4331,4331,4331,4331,1
2010-08-26 20:48:00,2010-08-26 20:50:00,4326,4328,4328,4326,4331,4332,4332,4330,5
2010-08-26 20:50:00,2010-08-26 20:51:00,4328,4327,4329,4326,4332,4331,4333,4331,3
2010-08-26 20:51:00,2010-08-26 20:52:00,4327,4326,4328,4325,4331,4331,4332,4330,5
2010-08-26 20:52:00,2010-08-26 20:53:00,4326,4326,4329,4325,4331,4330,4333,4329,9
2010-08-26 20:53:00,2010-08-26 20:54:00,4326,4328,4329,4326,4330,4332,4333,4330,4
2010-08-26 20:54:00,2010-08-26 20:55:00,4328,4328,4329,4328,4332,4332,4333,4332,2
2010-08-26 20:55:00,2010-08-26 20:56:00,4328,4329,4329,4328,4332,4333,4333,4332,1
2010-08-26 20:56:00,2010-08-26 20:58:00,4329,4327,4330,4327,4333,4331,4334,4331,9
2010-08-26 20:58:00,2010-08-27 00:08:00,4327,4335,4336,4327,4331,4337,4338,4331,8
2010-08-27 00:08:00,2010-08-27 00:11:00,4333,4332,4334,4332,4335,4334,4336,4334,11
2010-08-27 00:11:00,2010-08-27 00:12:00,4332,4332,4335,4332,4334,4334,4337,4334,10
2010-08-27 00:12:00,2010-08-27 00:14:00,4333,4332,4334,4332,4335,4334,4336,4334,17
2010-08-27 00:14:00,2010-08-27 00:16:00,4333,4331,4333,4330,4335,4333,4335,4332,10
2010-08-27 00:16:00,2010-08-27 00:17:00,4331,4332,4333,4331,4333,4334,4335,4333,11
2010-08-27 00:17:00,2010-08-27 00:22:00,4336,4336,4337,4335,4338,4338,4339,4337,8
2010-08-27 00:22:00,2010-08-27 00:26:00,4333,4330,4333,4329,4335,4332,4335,4331,19
2010-08-27 00:26:00,2010-08-27 00:30:00,4331,4333,4333,4331,4333,4335,4335,4333,6
2010-08-27 00:30:00,2010-08-27 00:37:00,4334,4338,4338,4334,4336,4340,4340,4336,8
2010-08-27 00:37:00,2010-08-27 00:38:00,4338,4341,4341,4337,4340,4343,4343,4339,9
2010-08-27 00:38:00,2010-08-27 00:40:00,4342,4340,4343,4340,4344,4342,4345,4342,8
2010-08-27 00:40:00,2010-08-27 00:43:00,4341,4343,4344,4341,4343,4345,4346,4343,14
2010-08-27 00:43:00,2010-08-27 00:44:00,4343,4343,4345,4343,4345,4345,4347,4345,8
2010-08-27 00:44:00,2010-08-27 00:45:00,4343,4342,4344,4342,4345,4344,4346,4344,5
2010-08-27 00:45:00,2010-08-27 00:50:00,4342,4342,4344,4342,4344,4344,4346,4344,14
2010-08-27 00:50:00,2010-08-27 00:52:00,4342,4342,4343,4340,4344,4344,4345,4342,16
2010-08-27 00:52:00,2010-08-27 00:53:00,4342,4339,4342,4338,4344,4341,4344,4340,11
2010-08-27 00:53:00,2010-08-27 00:55:00,4339,4341,4341,4339,4341,4343,4343,4341,6
2010-08-27 00:55:00,2010-08-27 00:59:00,4340,4343,4343,4340,4342,4345,4345,4342,13
2010-08-27 00:59:00,2010-08-27 01:00:00,4343,4341,4343,4341,4345,4343,4345,4343,14
2010-08-27 01:00:00,2010-08-27 01:02:00,4342,4346,4347,4342,4344,4348,4349,4344,6
2010-08-27 01:02:00,2010-08-27 01:05:00,4345,4344,4346,4344,4347,4346,4348,4346,9
2010-08-27 01:05:00,2010-08-27 01:07:00,4346,4346,4347,4345,4348,4348,4349,4347,10
2010-08-27 01:07:00,2010-08-27 01:09:00,4348,4348,4350,4348,4350,4350,4352,4350,12
2010-08-27 01:09:00,2010-08-27 01:34:00,4341,4343,4344,4341,4343,4345,4346,4343,6
2010-08-27 01:34:00,2010-08-27 01:58:00,4343,4345,4345,4342,4345,4347,4347,4344,6
2010-08-27 01:58:00,2010-08-27 01:59:00,4345,4343,4345,4343,4347,4345,4347,4345,6
2010-08-27 01:59:00,2010-08-27 02:05:00,4348,4345,4348,4345,4350,4347,4350,4347,5
2010-08-27 02:05:00,2010-08-27 02:07:00,4344,4346,4347,4344,4346,4348,4349,4346,8
2010-08-27 02:07:00,2010-08-27 02:13:00,4343,4341,4343,4341,4345,4343,4345,4343,10
2010-08-27 02:13:00,2010-08-27 02:23:00,4346,4347,4348,4346,4348,4349,4350,4348,5
2010-08-27 02:23:00,2010-08-27 02:32:00,4347,4347,4349,4347,4349,4349,4351,4349,12
2010-08-27 02:32:00,2010-08-27 02:48:00,4345,4348,4348,4345,4347,4350,4350,4347,17
2010-08-27 02:48:00,2010-08-27 03:00:00,4343,4344,4344,4342,4345,4346,4346,4344,9
2010-08-27 03:00:00,2010-08-27 03:05:00,4346,4349,4349,4346,4348,4351,4351,4348,7
2010-08-27 03:05:00,2010-08-27 03:26:00,4346,4349,4349,4346,4348,4351,4351,4348,3
2010-08-27 03:26:00,2010-08-27 03:29:00,4349,4350,4352,4349,4351,4352,4354,4351,7
2010-08-27 03:29:00,2010-08-27 03:30:00,4350,4350,4351,4349,4352,4352,4353,4351,6
2010-08-27 03:30:00,2010-08-27 03:32:00,4351,4354,4354,4351,4353,4356,4356,4353,9
2010-08-27 03:32:00,2010-08-27 03:36:00,4354,4356,4356,4354,4356,4358,4358,4356,6
2010-08-27 03:36:00,2010-08-27 03:38:00,4356,4359,4360,4355,4358,4361,4362,4357,11
2010-08-27 03:38:00,2010-08-27 03:49:00,4355,4357,4357,4354,4357,4359,4359,4356,4
2010-08-27 03:49:00,2010-08-27 03:54:00,4359,4357,4359,4357,4361,4359,4361,4359,8
2010-08-27 03:54:00,2010-08-27 03:55:00,4357,4359,4359,4356,4359,4361,4361,4358,10
2010-08-27 03:55:00,2010-08-27 03:56:00,4359,4362,4362,4359,4361,4364,4364,4361,5
2010-08-27 03:56:00,2010-08-27 04:01:00,4364,4361,4364,4361,4366,4363,4366,4363,9
2010-08-27 04:01:00,2010-08-27 04:06:00,4365,4362,4365,4362,4367,4364,4367,4364,2
2010-08-27 04:06:00,2010-08-27 04:07:00,4362,4364,4364,4362,4364,4366,4366,4364,8
2010-08-27 04:07:00,2010-08-27 04:21:00,4361,4361,4363,4361,4363,4363,4365,4363,4
2010-08-27 04:21:00,2010-08-27 04:33:00,4367,4370,4370,4367,4369,4372,4372,4369,9
2010-08-27 04:33:00,2010-08-27 04:35:00,4370,4370,4371,4370,4372,4372,4373,4372,10
2010-08-27 04:35:00,2010-08-27 04:38:00,4370,4371,4371,4369,4372,4373,4373,4371,5
2010-08-27 04:38:00,2010-08-27 04:39:00,4371,4374,4374,4371,4373,4376,4376,4373,5
2010-08-27 04:39:00,2010-08-27 04:41:00,4374,4377,4377,4374,4376,4379,4379,4376,5
2010-08-27 04:41:00,2010-08-27 04:42:00,4377,4376,4378,4375,4379,4378,4380,4377,15
2010-08-27 04:42:00,2010-08-27 04:46:00,4376,4379,4379,4376,4378,4381,4381,4378,7
2010-08-27 04:46:00,2010-08-27 04:50:00,4378,4378,4379,4378,4380,4380,4381,4380,12
2010-08-27 04:50:00,2010-08-27 04:52:00,4377,4375,4377,4374,4379,4377,4379,4376,16
2010-08-27 04:52:00,2010-08-27 04:59:00,4374,4373,4375,4373,4376,4375,4377,4375,9
2010-08-27 04:59:00,2010-08-27 05:02:00,4374,4374,4374,4372,4376,4376,4376,4374,6
2010-08-27 05:02:00,2010-08-27 05:11:00,4371,4372,4372,4371,4373,4374,4374,4373,7
2010-08-27 05:11:00,2010-08-27 05:19:00,4373,4370,4373,4370,4375,4372,4375,4372,5
2010-08-27 05:19:00,2010-08-27 05:20:00,4370,4371,4372,4370,4372,4373,4374,4372,11
2010-08-27 05:20:00,2010-08-27 05:21:00,4371,4369,4371,4368,4373,4371,4373,4370,6
2010-08-27 05:21:00,2010-08-27 05:24:00,4369,4369,4369,4368,4371,4371,4371,4370,12
2010-08-27 05:24:00,2010-08-27 05:25:00,4369,4369,4370,4368,4371,4371,4372,4370,16
2010-08-27 05:25:00,2010-08-27 05:32:00,4369,4370,4371,4369,4371,4372,4373,4371,11
2010-08-27 05:32:00,2010-08-27 05:40:00,4369,4368,4369,4368,4371,4370,4371,4370,5
2010-08-27 05:40:00,2010-08-27 05:41:00,4368,4367,4368,4366,4370,4369,4370,4368,9
2010-08-27 05:41:00,2010-08-27 05:48:00,4370,4375,4375,4370,4372,4377,4377,4372,9
2010-08-27 05:48:00,2010-08-27 05:53:00,4378,4375,4378,4375,4380,4377,4380,4377,7
2010-08-27 05:53:00,2010-08-27 05:55:00,4373,4372,4373,4371,4375,4374,4375,4373,9
2010-08-27 05:55:00,2010-08-27 05:59:00,4373,4373,4374,4372,4375,4375,4376,4374,8
2010-08-27 05:59:00,2010-08-27 06:00:00,4373,4372,4376,4372,4375,4374,4378,4374,11
2010-08-27 06:00:00,2010-08-27 06:01:00,4372,4367,4372,4367,4374,4369,4374,4369,8
2010-08-27 06:01:00,2010-08-27 06:03:00,4368,4368,4370,4368,4370,4370,4372,4370,4
2010-08-27 06:03:00,2010-08-27 06:05:00,4368,4369,4370,4366,4370,4371,4372,4368,9
2010-08-27 06:05:00,2010-08-27 06:06:00,4369,4371,4371,4367,4371,4373,4373,4369,10
2010-08-27 06:06:00,2010-08-27 06:07:00,4371,4371,4371,4370,4373,4373,4373,4372,6
2010-08-27 06:07:00,2010-08-27 06:08:00,4371,4372,4372,4368,4373,4374,4374,4370,15
2010-08-27 06:08:00,2010-08-27 06:09:00,4372,4371,4374,4370,4374,4373,4376,4372,11
2010-08-27 06:09:00,2010-08-27 06:10:00,4371,4368,4371,4367,4373,4370,4373,4369,11
2010-08-27 06:10:00,2010-08-27 06:11:00,4368,4370,4371,4367,4370,4372,4373,4369,8
2010-08-27 06:11:00,2010-08-27 06:12:00,4370,4368,4370,4367,4372,4370,4372,4369,6
2010-08-27 06:12:00,2010-08-27 06:13:00,4368,4364,4368,4364,4370,4366,4370,4366,4
2010-08-27 06:13:00,2010-08-27 06:14:00,4364,4363,4365,4362,4366,4365,4367,4364,11
2010-08-27 06:14:00,2010-08-27 06:16:00,4365,4368,4368,4364,4367,4370,4370,4366,8
2010-08-27 06:16:00,2010-08-27 06:17:00,4368,4364,4368,4363,4370,4366,4370,4365,11
2010-08-27 06:17:00,2010-08-27 06:27:00,4362,4363,4364,4362,4364,4365,4366,4364,6
2010-08-27 06:27:00,2010-08-27 06:29:00,4364,4362,4364,4362,4366,4364,4366,4364,5
2010-08-27 06:29:00,2010-08-27 07:10:00,4362,4366,4367,4362,4364,4370,4371,4364,8
2010-08-27 07:10:00,2010-08-27 07:11:00,4366,4367,4367,4363,4370,4371,4371,4367,6
2010-08-27 07:11:00,2010-08-27 07:12:00,4367,4365,4367,4365,4371,4369,4371,4369,5
2010-08-27 07:12:00,2010-08-27 07:13:00,4365,4366,4366,4365,4369,4370,4370,4369,5
2010-08-27 07:13:00,2010-08-27 07:14:00,4366,4367,4368,4366,4370,4371,4372,4370,5
2010-08-27 07:14:00,2010-08-27 07:15:00,4367,4366,4367,4366,4371,4370,4371,4370,1
2010-08-27 07:15:00,2010-08-27 07:16:00,4366,4367,4367,4365,4370,4371,4371,4369,3
2010-08-27 07:16:00,2010-08-27 07:17:00,4367,4368,4370,4365,4371,4372,4374,4369,7
2010-08-27 07:17:00,2010-08-27 07:18:00,4368,4366,4368,4366,4372,4370,4372,4370,4
2010-08-27 07:18:00,2010-08-27 07:19:00,4366,4366,4367,4365,4370,4370,4371,4369,4
2010-08-27 07:19:00,2010-08-27 07:20:00,4366,4365,4366,4365,4370,4369,4370,4369,5
2010-08-27 07:20:00,2010-08-27 07:21:00,4365,4366,4366,4365,4369,4370,4370,4369,1
2010-08-27 07:21:00,2010-08-27 07:22:00,4366,4364,4366,4364,4370,4368,4370,4368,2
2010-08-27 07:22:00,2010-08-27 07:24:00,4364,4359,4364,4359,4368,4363,4368,4363,7
2010-08-27 07:24:00,2010-08-27 07:25:00,4359,4360,4360,4359,4363,4364,4364,4363,11
2010-08-27 07:25:00,2010-08-27 07:27:00,4360,4360,4362,4360,4364,4364,4366,4364,4
2010-08-27 07:27:00,2010-08-27 07:28:00,4360,4362,4362,4360,4364,4366,4366,4364,2
2010-08-27 07:28:00,2010-08-27 07:29:00,4362,4361,4362,4361,4366,4365,4366,4365,15
2010-08-27 07:29:00,2010-08-27 07:32:00,4361,4361,4362,4361,4365,4365,4366,4365,2
2010-08-27 07:32:00,2010-08-27 07:34:00,4361,4361,4362,4361,4365,4365,4366,4365,6
2010-08-27 07:34:00,2010-08-27 07:35:00,4361,4362,4363,4361,4365,4366,4367,4365,3
2010-08-27 07:35:00,2010-08-27 07:37:00,4362,4364,4364,4362,4366,4368,4368,4366,4
2010-08-27 07:37:00,2010-08-27 07:38:00,4364,4367,4367,4364,4368,4371,4371,4368,5
2010-08-27 07:38:00,2010-08-27 07:39:00,4367,4366,4368,4366,4371,4370,4372,4370,5
2010-08-27 07:39:00,2010-08-27 07:42:00,4366,4364,4366,4364,4370,4368,4370,4368,4
2010-08-27 07:42:00,2010-08-27 07:45:00,4362,4363,4364,4362,4366,4367,4368,4366,5
2010-08-27 07:45:00,2010-08-27 07:46:00,4363,4363,4363,4362,4367,4367,4367,4366,8
2010-08-27 07:46:00,2010-08-27 07:47:00,4363,4360,4363,4360,4367,4364,4367,4364,5
2010-08-27 07:47:00,2010-08-27 07:48:00,4360,4360,4361,4359,4364,4364,4365,4363,6
2010-08-27 07:48:00,2010-08-27 07:50:00,4359,4362,4362,4359,4363,4366,4366,4363,3
2010-08-27 07:50:00,2010-08-27 07:51:00,4362,4361,4362,4361,4366,4365,4366,4365,1
2010-08-27 07:51:00,2010-08-27 07:53:00,4361,4359,4361,4359,4365,4363,4365,4363,2
2010-08-27 07:53:00,2010-08-27 07:54:00,4359,4356,4359,4356,4363,4360,4363,4360,9
2010-08-27 07:54:00,2010-08-27 07:55:00,4356,4357,4357,4354,4360,4361,4361,4358,9
2010-08-27 07:55:00,2010-08-27 07:56:00,4357,4357,4357,4356,4361,4361,4361,4360,2
2010-08-27 07:56:00,2010-08-27 07:57:00,4357,4358,4359,4357,4361,4362,4363,4361,3
2010-08-27 07:57:00,2010-08-27 07:59:00,4357,4359,4359,4356,4361,4363,4363,4360,6
2010-08-27 07:59:00,2010-08-27 08:00:00,4359,4357,4359,4356,4363,4361,4363,4360,8
2010-08-27 08:00:00,2010-08-27 08:02:00,4356,4356,4357,4356,4360,4360,4361,4360,4
2010-08-27 08:02:00,2010-08-27 08:03:00,4356,4357,4358,4356,4360,4361,4362,4360,9
2010-08-27 08:03:00,2010-08-27 08:04:00,4357,4358,4359,4357,4361,4362,4363,4361,5
2010-08-27 08:04:00,2010-08-27 08:06:00,4358,4356,4358,4356,4362,4360,4362,4360,10
2010-08-27 08:06:00,2010-08-27 08:07:00,4356,4357,4357,4355,4360,4361,4361,4359,5
2010-08-27 08:07:00,2010-08-27 08:08:00,4357,4355,4357,4355,4361,4359,4361,4359,4
2010-08-27 08:08:00,2010-08-27 08:09:00,4355,4355,4357,4355,4359,4359,4361,4359,6
2010-08-27 08:09:00,2010-08-27 08:10:00,4355,4354,4356,4354,4359,4358,4360,4358,9
2010-08-27 08:10:00,2010-08-27 08:11:00,4354,4355,4355,4353,4358,4359,4359,4357,9
2010-08-27 08:11:00,2010-08-27 08:13:00,4354,4354,4356,4354,4358,4358,4360,4358,8
2010-08-27 08:13:00,2010-08-27 08:14:00,4354,4355,4356,4354,4358,4359,4360,4358,3
2010-08-27 08:14:00,2010-08-27 08:16:00,4355,4358,4358,4355,4359,4362,4362,4359,15
2010-08-27 08:16:00,2010-08-27 08:17:00,4358,4355,4358,4355,4362,4359,4362,4359,3
2010-08-27 08:17:00,2010-08-27 08:19:00,4355,4355,4356,4354,4359,4359,4360,4358,4
2010-08-27 08:19:00,2010-08-27 08:22:00,4354,4353,4354,4352,4358,4357,4358,4356,7
2010-08-27 08:22:00,2010-08-27 08:23:00,4353,4353,4354,4353,4357,4357,4358,4357,2
2010-08-27 08:23:00,2010-08-27 08:24:00,4353,4352,4353,4352,4357,4356,4357,4356,7
2010-08-27 08:24:00,2010-08-27 08:25:00,4352,4351,4352,4351,4356,4355,4356,4355,5
2010-08-27 08:25:00,2010-08-27 08:26:00,4351,4350,4352,4350,4355,4354,4356,4354,5
2010-08-27 08:26:00,2010-08-27 08:27:00,4350,4348,4351,4347,4354,4352,4355,4351,8
2010-08-27 08:27:00,2010-08-27 08:28:00,4348,4348,4348,4346,4352,4352,4352,4350,4
2010-08-27 08:28:00,2010-08-27 08:29:00,4348,4349,4349,4348,4352,4353,4353,4352,1
2010-08-27 08:29:00,2010-08-27 08:30:00,4349,4349,4353,4348,4353,4353,4357,4352,20
2010-08-27 08:30:00,2010-08-27 08:31:00,4349,4349,4350,4348,4353,4353,4354,4352,6
2010-08-27 08:31:00,2010-08-27 08:32:00,4349,4352,4352,4349,4353,4356,4356,4353,9
2010-08-27 08:32:00,2010-08-27 08:33:00,4352,4349,4352,4349,4356,4353,4356,4353,8
2010-08-27 08:33:00,2010-08-27 08:35:00,4350,4351,4351,4350,4354,4355,4355,4354,1
2010-08-27 08:35:00,2010-08-27 08:36:00,4351,4351,4352,4351,4355,4355,4356,4355,4
2010-08-27 08:36:00,2010-08-27 08:38:00,4351,4351,4352,4351,4355,4355,4356,4355,2
2010-08-27 08:38:00,2010-08-27 08:40:00,4351,4354,4354,4351,4355,4358,4358,4355,3
2010-08-27 08:40:00,2010-08-27 08:41:00,4354,4355,4355,4353,4358,4359,4359,4357,5
2010-08-27 08:41:00,2010-08-27 08:42:00,4355,4354,4355,4354,4359,4358,4359,4358,5
2010-08-27 08:42:00,2010-08-27 08:43:00,4354,4352,4354,4352,4358,4356,4358,4356,14
2010-08-27 08:43:00,2010-08-27 08:45:00,4352,4351,4354,4351,4356,4355,4358,4355,7
2010-08-27 08:45:00,2010-08-27 08:46:00,4351,4354,4354,4351,4355,4358,4358,4355,7
2010-08-27 08:46:00,2010-08-27 08:47:00,4354,4354,4354,4353,4358,4358,4358,4357,2
2010-08-27 08:47:00,2010-08-27 08:48:00,4354,4353,4354,4353,4358,4357,4358,4357,1
2010-08-27 08:48:00,2010-08-27 08:49:00,4353,4354,4354,4353,4357,4358,4359,4357,3
2010-08-27 08:49:00,2010-08-27 08:50:00,4354,4353,4354,4353,4358,4357,4358,4357,7
2010-08-27 08:50:00,2010-08-27 08:51:00,4353,4353,4354,4353,4357,4357,4359,4357,2
2010-08-27 08:51:00,2010-08-27 08:52:00,4353,4352,4354,4352,4357,4356,4359,4356,3
2010-08-27 08:52:00,2010-08-27 08:53:00,4352,4352,4353,4352,4356,4356,4357,4356,2
2010-08-27 08:53:00,2010-08-27 08:57:00,4353,4354,4354,4353,4357,4358,4358,4357,9
2010-08-27 08:57:00,2010-08-27 08:59:00,4354,4352,4354,4352,4358,4356,4358,4356,2
2010-08-27 08:59:00,2010-08-27 09:00:00,4352,4353,4353,4351,4356,4357,4357,4355,9
2010-08-27 09:00:00,2010-08-27 09:01:00,4353,4352,4353,4352,4357,4356,4357,4356,11
2010-08-27 09:01:00,2010-08-27 09:03:00,4352,4353,4353,4352,4356,4357,4357,4356,1
2010-08-27 09:03:00,2010-08-27 09:04:00,4353,4354,4354,4353,4357,4358,4358,4357,5
2010-08-27 09:04:00,2010-08-27 09:05:00,4354,4353,4354,4352,4358,4357,4358,4356,3
2010-08-27 09:05:00,2010-08-27 09:06:00,4353,4353,4354,4353,4357,4357,4358,4357,4
2010-08-27 09:06:00,2010-08-27 09:07:00,4353,4354,4354,4353,4357,4358,4358,4357,1
2010-08-27 09:07:00,2010-08-27 09:08:00,4354,4355,4355,4354,4358,4359,4359,4358,1
2010-08-27 09:08:00,2010-08-27 09:09:00,4355,4353,4355,4353,4359,4357,4359,4357,2
2010-08-27 09:09:00,2010-08-27 09:10:00,4353,4353,4353,4351,4357,4357,4357,4355,4
2010-08-27 09:10:00,2010-08-27 09:13:00,4353,4355,4355,4353,4357,4359,4359,4357,1
2010-08-27 09:13:00,2010-08-27 09:15:00,4355,4354,4355,4353,4359,4358,4359,4357,5
2010-08-27 09:15:00,2010-08-27 09:16:00,4354,4356,4356,4354,4358,4360,4360,4358,2
2010-08-27 09:16:00,2010-08-27 09:17:00,4356,4356,4357,4356,4360,4360,4361,4360,2
2010-08-27 09:17:00,2010-08-27 09:18:00,4356,4357,4357,4356,4360,4361,4361,4360,1
2010-08-27 09:18:00,2010-08-27 09:20:00,4357,4357,4358,4357,4361,4361,4362,4361,2
2010-08-27 09:20:00,2010-08-27 09:21:00,4357,4359,4359,4356,4361,4363,4363,4360,9
2010-08-27 09:21:00,2010-08-27 09:23:00,4358,4358,4359,4357,4362,4362,4363,4361,4
2010-08-27 09:23:00,2010-08-27 09:24:00,4358,4360,4360,4358,4362,4364,4364,4362,4
2010-08-27 09:24:00,2010-08-27 09:29:00,4358,4358,4359,4358,4362,4362,4363,4362,2
2010-08-27 09:29:00,2010-08-27 09:30:00,4358,4361,4361,4358,4362,4365,4365,4362,4
2010-08-27 09:30:00,2010-08-27 09:31:00,4361,4364,4364,4361,4365,4368,4368,4365,3
2010-08-27 09:31:00,2010-08-27 09:39:00,4361,4362,4362,4361,4365,4366,4366,4365,3
2010-08-27 09:39:00,2010-08-27 09:46:00,4362,4361,4362,4361,4366,4365,4366,4365,5
2010-08-27 09:46:00,2010-08-27 09:52:00,4363,4362,4363,4361,4367,4366,4367,4365,3
2010-08-27 09:52:00,2010-08-27 09:53:00,4362,4360,4362,4360,4366,4364,4366,4364,5
2010-08-27 09:53:00,2010-08-27 09:54:00,4360,4359,4360,4359,4364,4363,4364,4363,3
2010-08-27 09:54:00,2010-08-27 09:55:00,4359,4360,4360,4359,4363,4364,4364,4363,1
2010-08-27 09:55:00,2010-08-27 09:56:00,4360,4361,4361,4359,4364,4365,4365,4363,9
2010-08-27 09:56:00,2010-08-27 09:58:00,4360,4359,4361,4359,4364,4363,4365,4363,5
2010-08-27 09:58:00,2010-08-27 10:00:00,4359,4359,4360,4358,4363,4363,4364,4362,10
2010-08-27 10:00:00,2010-08-27 10:01:00,4359,4358,4360,4358,4363,4362,4364,4362,9
2010-08-27 10:01:00,2010-08-27 10:09:00,4358,4359,4359,4358,4362,4363,4363,4362,5
2010-08-27 10:09:00,2010-08-27 10:16:00,4359,4358,4359,4358,4363,4362,4363,4362,3
2010-08-27 10:16:00,2010-08-27 10:17:00,4358,4359,4359,4358,4362,4363,4363,4362,1
2010-08-27 10:17:00,2010-08-27 10:18:00,4359,4359,4359,4358,4363,4363,4363,4362,2
2010-08-27 10:18:00,2010-08-27 10:19:00,4359,4358,4359,4358,4363,4362,4363,4362,1
2010-08-27 10:19:00,2010-08-27 10:20:00,4358,4357,4359,4357,4362,4361,4363,4361,5
2010-08-27 10:20:00,2010-08-27 10:21:00,4357,4356,4357,4356,4361,4360,4361,4360,1
2010-08-27 10:21:00,2010-08-27 10:23:00,4356,4355,4356,4355,4360,4359,4360,4359,1
2010-08-27 10:23:00,2010-08-27 10:24:00,4355,4351,4355,4351,4359,4355,4359,4355,6
2010-08-27 10:24:00,2010-08-27 10:25:00,4351,4350,4351,4350,4355,4354,4355,4354,3
2010-08-27 10:25:00,2010-08-27 10:26:00,4350,4349,4351,4349,4354,4353,4355,4353,7
2010-08-27 10:26:00,2010-08-27 10:27:00,4349,4350,4350,4349,4353,4354,4354,4353,3
2010-08-27 10:27:00,2010-08-27 10:29:00,4350,4349,4350,4349,4354,4353,4354,4353,3
2010-08-27 10:29:00,2010-08-27 10:30:00,4349,4351,4351,4349,4353,4355,4355,4353,2
2010-08-27 10:30:00,2010-08-27 10:31:00,4351,4350,4351,4349,4355,4354,4355,4353,3
2010-08-27 10:31:00,2010-08-27 10:32:00,4350,4355,4355,4350,4354,4359,4359,4354,7
2010-08-27 10:32:00,2010-08-27 10:33:00,4355,4354,4355,4354,4359,4358,4359,4358,1
2010-08-27 10:33:00,2010-08-27 10:35:00,4354,4356,4357,4354,4358,4360,4361,4358,6
2010-08-27 10:35:00,2010-08-27 10:36:00,4356,4358,4358,4356,4360,4362,4362,4360,2
2010-08-27 10:36:00,2010-08-27 10:37:00,4358,4358,4358,4357,4362,4362,4362,4361,2
2010-08-27 10:37:00,2010-08-27 10:38:00,4358,4357,4358,4355,4362,4361,4362,4360,4
2010-08-27 10:38:00,2010-08-27 10:40:00,4357,4358,4360,4357,4361,4362,4364,4361,3
2010-08-27 10:40:00,2010-08-27 10:44:00,4358,4357,4358,4357,4362,4361,4362,4361,1
2010-08-27 10:44:00,2010-08-27 10:45:00,4357,4358,4358,4357,4361,4362,4362,4361,7
2010-08-27 10:45:00,2010-08-27 10:47:00,4358,4359,4360,4358,4362,4363,4364,4362,3
2010-08-27 10:47:00,2010-08-27 10:49:00,4360,4362,4362,4359,4364,4366,4366,4363,8
2010-08-27 10:49:00,2010-08-27 10:50:00,4362,4361,4362,4360,4366,4365,4366,4365,2
2010-08-27 10:50:00,2010-08-27 10:59:00,4360,4360,4361,4360,4364,4364,4365,4364,2
2010-08-27 10:59:00,2010-08-27 11:01:00,4360,4361,4362,4360,4364,4365,4366,4364,3
2010-08-27 11:01:00,2010-08-27 11:07:00,4361,4362,4362,4361,4365,4366,4366,4365,1
2010-08-27 11:07:00,2010-08-27 11:10:00,4361,4360,4361,4359,4365,4364,4365,4363,3
2010-08-27 11:10:00,2010-08-27 11:12:00,4360,4360,4361,4360,4364,4364,4365,4364,10
2010-08-27 11:12:00,2010-08-27 11:15:00,4360,4359,4360,4359,4364,4363,4364,4363,7
2010-08-27 11:15:00,2010-08-27 11:16:00,4359,4360,4360,4359,4363,4364,4364,4363,7
2010-08-27 11:16:00,2010-08-27 11:19:00,4361,4363,4363,4361,4365,4367,4367,4365,2
2010-08-27 11:19:00,2010-08-27 11:20:00,4363,4363,4363,4362,4367,4367,4367,4366,12
2010-08-27 11:20:00,2010-08-27 11:21:00,4363,4361,4363,4361,4367,4366,4367,4366,4
2010-08-27 11:21:00,2010-08-27 11:22:00,4361,4363,4363,4361,4366,4367,4367,4366,6
2010-08-27 11:22:00,2010-08-27 11:23:00,4363,4362,4363,4361,4367,4366,4367,4365,7
2010-08-27 11:23:00,2010-08-27 11:24:00,4362,4362,4362,4361,4366,4366,4366,4366,2
2010-08-27 11:24:00,2010-08-27 11:30:00,4363,4364,4364,4363,4367,4368,4368,4367,1
2010-08-27 11:30:00,2010-08-27 11:31:00,4364,4363,4364,4363,4368,4367,4368,4367,1
2010-08-27 11:31:00,2010-08-27 11:32:00,4363,4363,4363,4362,4367,4367,4367,4366,2
2010-08-27 11:32:00,2010-08-27 11:33:00,4363,4361,4363,4360,4367,4365,4367,4364,14
2010-08-27 11:33:00,2010-08-27 11:34:00,4361,4360,4361,4360,4365,4364,4365,4364,7
2010-08-27 11:34:00,2010-08-27 11:35:00,4360,4360,4361,4360,4364,4364,4365,4364,8
2010-08-27 11:35:00,2010-08-27 11:36:00,4360,4359,4361,4359,4364,4363,4365,4363,3
2010-08-27 11:36:00,2010-08-27 11:37:00,4359,4360,4361,4359,4363,4364,4365,4363,5
2010-08-27 11:37:00,2010-08-27 11:38:00,4360,4359,4360,4359,4364,4363,4364,4363,1
2010-08-27 11:38:00,2010-08-27 11:40:00,4359,4360,4361,4359,4363,4364,4365,4363,3
2010-08-27 11:40:00,2010-08-27 11:41:00,4360,4361,4361,4359,4364,4365,4365,4363,11
2010-08-27 11:41:00,2010-08-27 11:42:00,4361,4360,4361,4360,4365,4364,4365,4364,3
2010-08-27 11:42:00,2010-08-27 11:43:00,4360,4361,4361,4360,4364,4365,4365,4364,3
2010-08-27 11:43:00,2010-08-27 11:45:00,4360,4360,4361,4360,4364,4364,4365,4364,4
2010-08-27 11:45:00,2010-08-27 11:49:00,4361,4360,4361,4360,4365,4364,4365,4364,1
2010-08-27 11:49:00,2010-08-27 12:01:00,4360,4361,4361,4360,4364,4365,4365,4364,1
2010-08-27 12:01:00,2010-08-27 12:02:00,4361,4362,4363,4361,4365,4366,4367,4365,2
2010-08-27 12:02:00,2010-08-27 12:03:00,4362,4363,4363,4362,4366,4367,4367,4366,1
2010-08-27 12:03:00,2010-08-27 12:06:00,4363,4366,4366,4363,4367,4370,4370,4367,3
2010-08-27 12:06:00,2010-08-27 12:07:00,4366,4365,4367,4364,4370,4369,4371,4368,7
2010-08-27 12:07:00,2010-08-27 12:08:00,4365,4364,4365,4364,4369,4368,4369,4368,43
2010-08-27 12:08:00,2010-08-27 12:09:00,4364,4364,4365,4364,4368,4368,4369,4368,64
2010-08-27 12:09:00,2010-08-27 12:10:00,4364,4363,4365,4363,4368,4367,4369,4367,35
2010-08-27 12:10:00,2010-08-27 12:11:00,4363,4363,4363,4362,4367,4367,4367,4366,4
2010-08-27 12:11:00,2010-08-27 12:14:00,4362,4363,4363,4362,4366,4367,4367,4366,3
2010-08-27 12:14:00,2010-08-27 12:18:00,4363,4362,4363,4362,4367,4366,4367,4366,1
2010-08-27 12:18:00,2010-08-27 12:20:00,4362,4360,4362,4360,4366,4364,4366,4364,4
2010-08-27 12:20:00,2010-08-27 12:22:00,4360,4362,4363,4360,4364,4367,4367,4364,9
2010-08-27 12:22:00,2010-08-27 12:23:00,4362,4363,4363,4362,4367,4367,4367,4367,1
2010-08-27 12:23:00,2010-08-27 12:24:00,4363,4364,4364,4363,4367,4368,4368,4367,3
2010-08-27 12:24:00,2010-08-27 12:27:00,4364,4365,4365,4364,4368,4369,4369,4368,1
2010-08-27 12:27:00,2010-08-27 12:28:00,4365,4364,4365,4364,4369,4368,4369,4368,7
2010-08-27 12:28:00,2010-08-27 12:29:00,4364,4365,4365,4364,4368,4369,4369,4368,5
2010-08-27 12:29:00,2010-08-27 12:30:00,4365,4373,4377,4365,4369,4377,4381,4369,18
2010-08-27 12:30:00,2010-08-27 12:31:00,4373,4371,4377,4371,4377,4375,4381,4375,19
2010-08-27 12:31:00,2010-08-27 12:32:00,4371,4369,4371,4368,4375,4373,4375,4372,25
2010-08-27 12:32:00,2010-08-27 12:33:00,4369,4372,4372,4368,4373,4376,4376,4372,13
2010-08-27 12:33:00,2010-08-27 12:34:00,4372,4374,4374,4371,4376,4378,4378,4375,14
2010-08-27 12:34:00,2010-08-27 12:35:00,4374,4381,4382,4374,4378,4385,4386,4378,13
2010-08-27 12:35:00,2010-08-27 12:36:00,4381,4380,4382,4379,4385,4384,4386,4383,13
2010-08-27 12:36:00,2010-08-27 12:37:00,4380,4380,4382,4380,4384,4384,4386,4384,14
2010-08-27 12:37:00,2010-08-27 12:38:00,4380,4379,4380,4379,4384,4383,4384,4383,5
2010-08-27 12:38:00,2010-08-27 12:39:00,4379,4380,4381,4379,4383,4384,4385,4383,13
2010-08-27 12:39:00,2010-08-27 12:40:00,4380,4379,4381,4379,4384,4383,4385,4383,13
2010-08-27 12:40:00,2010-08-27 12:42:00,4380,4377,4380,4376,4384,4381,4384,4380,5
2010-08-27 12:42:00,2010-08-27 12:43:00,4377,4378,4380,4377,4381,4382,4384,4381,11
2010-08-27 12:43:00,2010-08-27 12:44:00,4378,4380,4380,4377,4382,4384,4384,4381,31
2010-08-27 12:44:00,2010-08-27 12:45:00,4380,4382,4382,4380,4384,4386,4386,4384,2
2010-08-27 12:45:00,2010-08-27 12:46:00,4382,4379,4382,4379,4386,4383,4386,4383,7
2010-08-27 12:46:00,2010-08-27 12:47:00,4379,4380,4381,4379,4383,4384,4385,4383,9
2010-08-27 12:47:00,2010-08-27 12:49:00,4381,4376,4381,4376,4385,4380,4385,4380,16
2010-08-27 12:49:00,2010-08-27 12:50:00,4376,4376,4377,4376,4380,4380,4381,4380,4
2010-08-27 12:50:00,2010-08-27 12:51:00,4376,4375,4376,4374,4380,4379,4380,4378,11
2010-08-27 12:51:00,2010-08-27 12:52:00,4375,4375,4376,4375,4379,4379,4380,4379,6
2010-08-27 12:52:00,2010-08-27 12:53:00,4375,4372,4375,4371,4379,4376,4379,4375,16
2010-08-27 12:53:00,2010-08-27 12:54:00,4372,4371,4373,4371,4376,4375,4377,4375,13
2010-08-27 12:54:00,2010-08-27 12:55:00,4371,4371,4372,4371,4375,4375,4376,4375,6
2010-08-27 12:55:00,2010-08-27 12:56:00,4371,4372,4372,4371,4375,4376,4376,4375,1
2010-08-27 12:56:00,2010-08-27 12:57:00,4372,4372,4374,4371,4376,4377,4378,4375,4
2010-08-27 12:57:00,2010-08-27 12:58:00,4372,4375,4376,4372,4377,4379,4380,4376,16
2010-08-27 12:58:00,2010-08-27 12:59:00,4375,4375,4376,4375,4379,4379,4380,4379,2
2010-08-27 12:59:00,2010-08-27 13:00:00,4375,4372,4375,4372,4379,4376,4379,4376,11
2010-08-27 13:00:00,2010-08-27 13:01:00,4372,4373,4373,4372,4376,4377,4377,4376,5
2010-08-27 13:01:00,2010-08-27 13:02:00,4373,4372,4373,4371,4377,4376,4377,4375,7
2010-08-27 13:02:00,2010-08-27 13:03:00,4372,4373,4373,4371,4376,4377,4377,4375,5
2010-08-27 13:03:00,2010-08-27 13:04:00,4373,4372,4373,4372,4377,4376,4377,4376,1
2010-08-27 13:04:00,2010-08-27 13:05:00,4372,4369,4372,4369,4376,4373,4376,4373,5
2010-08-27 13:05:00,2010-08-27 13:08:00,4369,4370,4372,4369,4373,4374,4376,4373,12
2010-08-27 13:08:00,2010-08-27 13:09:00,4370,4370,4370,4369,4374,4374,4374,4373,6
2010-08-27 13:09:00,2010-08-27 13:10:00,4370,4371,4371,4370,4374,4375,4375,4374,1
2010-08-27 13:10:00,2010-08-27 13:11:00,4371,4370,4371,4370,4375,4374,4375,4374,3
2010-08-27 13:11:00,2010-08-27 13:12:00,4370,4370,4371,4370,4374,4374,4375,4374,4
2010-08-27 13:12:00,2010-08-27 13:13:00,4370,4373,4373,4370,4374,4377,4377,4374,5
2010-08-27 13:13:00,2010-08-27 13:18:00,4373,4374,4374,4373,4377,4378,4378,4377,1
2010-08-27 13:18:00,2010-08-27 13:19:00,4374,4374,4374,4373,4378,4378,4378,4377,2
2010-08-27 13:19:00,2010-08-27 13:20:00,4374,4376,4376,4373,4378,4380,4380,4378,8
2010-08-27 13:20:00,2010-08-27 13:21:00,4376,4375,4376,4375,4380,4379,4380,4379,1
2010-08-27 13:21:00,2010-08-27 13:22:00,4375,4376,4376,4375,4379,4380,4380,4379,7
2010-08-27 13:22:00,2010-08-27 13:24:00,4376,4375,4376,4375,4380,4379,4380,4379,3
2010-08-27 13:24:00,2010-08-27 13:28:00,4378,4375,4378,4375,4382,4379,4382,4379,17
2010-08-27 13:28:00,2010-08-27 13:29:00,4375,4375,4376,4374,4379,4379,4380,4378,10
2010-08-27 13:29:00,2010-08-27 13:30:00,4375,4372,4375,4372,4379,4376,4379,4376,29
2010-08-27 13:30:00,2010-08-27 13:31:00,4372,4370,4375,4370,4376,4374,4379,4374,53
2010-08-27 13:31:00,2010-08-27 13:32:00,4370,4372,4372,4369,4374,4376,4376,4373,29
2010-08-27 13:32:00,2010-08-27 13:33:00,4372,4367,4373,4367,4376,4371,4377,4371,37
2010-08-27 13:33:00,2010-08-27 13:34:00,4367,4367,4368,4367,4371,4371,4372,4371,12
2010-08-27 13:34:00,2010-08-27 13:35:00,4367,4366,4367,4365,4371,4370,4371,4369,11
2010-08-27 13:35:00,2010-08-27 13:36:00,4366,4365,4367,4365,4370,4369,4371,4369,13
2010-08-27 13:36:00,2010-08-27 13:37:00,4365,4365,4366,4362,4369,4369,4370,4366,38
2010-08-27 13:37:00,2010-08-27 13:38:00,4365,4361,4365,4361,4369,4365,4369,4365,6
2010-08-27 13:38:00,2010-08-27 13:40:00,4363,4363,4363,4361,4367,4367,4367,4365,14
2010-08-27 13:40:00,2010-08-27 13:41:00,4363,4362,4363,4360,4367,4366,4367,4364,21
2010-08-27 13:41:00,2010-08-27 13:42:00,4362,4359,4362,4357,4366,4363,4366,4361,25
2010-08-27 13:42:00,2010-08-27 13:43:00,4359,4358,4359,4356,4363,4362,4363,4360,9
2010-08-27 13:43:00,2010-08-27 13:44:00,4358,4355,4358,4354,4362,4359,4362,4358,15
2010-08-27 13:44:00,2010-08-27 13:45:00,4355,4355,4355,4353,4359,4359,4359,4357,6
2010-08-27 13:45:00,2010-08-27 13:46:00,4355,4353,4355,4352,4359,4357,4359,4356,29
2010-08-27 13:46:00,2010-08-27 13:47:00,4353,4354,4355,4352,4357,4358,4359,4356,5
2010-08-27 13:47:00,2010-08-27 13:48:00,4354,4352,4355,4352,4358,4356,4359,4356,12
2010-08-27 13:48:00,2010-08-27 13:49:00,4352,4352,4354,4352,4356,4356,4358,4356,16
2010-08-27 13:49:00,2010-08-27 13:50:00,4352,4350,4354,4350,4356,4354,4358,4354,16
2010-08-27 13:50:00,2010-08-27 13:51:00,4350,4350,4352,4349,4354,4354,4356,4353,18
2010-08-27 13:51:00,2010-08-27 13:52:00,4350,4352,4352,4350,4354,4356,4356,4354,6
2010-08-27 13:52:00,2010-08-27 13:53:00,4352,4355,4356,4351,4356,4359,4360,4355,11
2010-08-27 13:53:00,2010-08-27 13:54:00,4355,4353,4356,4352,4359,4357,4360,4356,35
2010-08-27 13:54:00,2010-08-27 13:55:00,4353,4355,4355,4352,4357,4359,4359,4356,8
2010-08-27 13:55:00,2010-08-27 13:56:00,4355,4349,4356,4349,4359,4356,4360,4356,27
2010-08-27 13:56:00,2010-08-27 13:57:00,4349,4348,4351,4347,4356,4352,4356,4351,20
2010-08-27 13:57:00,2010-08-27 13:58:00,4348,4344,4348,4344,4352,4348,4352,4348,3
2010-08-27 13:58:00,2010-08-27 13:59:00,4344,4340,4345,4340,4348,4344,4349,4344,11
2010-08-27 13:59:00,2010-08-27 14:00:00,4340,4341,4347,4340,4344,4345,4351,4344,11
2010-08-27 14:00:00,2010-08-27 14:01:00,4341,4336,4341,4336,4345,4340,4345,4340,4
2010-08-27 14:01:00,2010-08-27 14:02:00,4336,4333,4336,4333,4340,4337,4340,4337,3
2010-08-27 14:02:00,2010-08-27 14:03:00,4333,4331,4333,4329,4337,4335,4337,4333,10
2010-08-27 14:03:00,2010-08-27 14:04:00,4331,4338,4338,4330,4335,4342,4342,4334,8
2010-08-27 14:04:00,2010-08-27 14:05:00,4338,4332,4338,4332,4342,4338,4342,4338,10
2010-08-27 14:05:00,2010-08-27 14:06:00,4332,4331,4335,4331,4338,4335,4339,4335,9
2010-08-27 14:06:00,2010-08-27 14:07:00,4331,4337,4337,4331,4335,4341,4341,4335,9
2010-08-27 14:07:00,2010-08-27 14:08:00,4337,4332,4337,4329,4341,4336,4341,4333,8
2010-08-27 14:08:00,2010-08-27 14:09:00,4332,4336,4337,4331,4336,4340,4341,4335,8
2010-08-27 14:09:00,2010-08-27 14:10:00,4336,4335,4337,4335,4340,4340,4341,4340,8
2010-08-27 14:10:00,2010-08-27 14:11:00,4335,4338,4339,4335,4340,4342,4343,4339,11
2010-08-27 14:11:00,2010-08-27 14:12:00,4338,4345,4346,4338,4342,4349,4350,4342,9
2010-08-27 14:12:00,2010-08-27 14:13:00,4345,4350,4350,4345,4349,4354,4354,4349,9
2010-08-27 14:13:00,2010-08-27 14:14:00,4350,4351,4354,4350,4354,4356,4358,4354,8
2010-08-27 14:14:00,2010-08-27 14:15:00,4351,4353,4357,4351,4356,4361,4361,4356,9
2010-08-27 14:15:00,2010-08-27 14:16:00,4353,4357,4357,4353,4361,4361,4361,4357,14
2010-08-27 14:16:00,2010-08-27 14:17:00,4357,4357,4359,4357,4361,4361,4363,4361,8
2010-08-27 14:17:00,2010-08-27 14:18:00,4357,4356,4357,4355,4361,4360,4361,4359,6
2010-08-27 14:18:00,2010-08-27 14:19:00,4356,4357,4358,4355,4360,4361,4362,4359,16
2010-08-27 14:19:00,2010-08-27 14:20:00,4357,4355,4357,4354,4361,4359,4361,4358,12
2010-08-27 14:20:00,2010-08-27 14:21:00,4355,4353,4355,4353,4359,4357,4359,4357,4
2010-08-27 14:21:00,2010-08-27 14:22:00,4353,4353,4353,4350,4357,4357,4357,4354,14
2010-08-27 14:22:00,2010-08-27 14:23:00,4353,4356,4357,4353,4357,4360,4361,4357,14
2010-08-27 14:23:00,2010-08-27 14:24:00,4356,4357,4361,4356,4360,4362,4365,4360,14
2010-08-27 14:24:00,2010-08-27 14:25:00,4357,4357,4361,4356,4362,4361,4365,4360,31
2010-08-27 14:25:00,2010-08-27 14:26:00,4357,4362,4362,4357,4361,4366,4366,4361,15
2010-08-27 14:26:00,2010-08-27 14:27:00,4362,4364,4365,4362,4366,4368,4369,4366,9
2010-08-27 14:27:00,2010-08-27 14:28:00,4364,4362,4365,4361,4368,4366,4369,4365,16
2010-08-27 14:28:00,2010-08-27 14:29:00,4362,4364,4365,4360,4366,4368,4369,4364,19
2010-08-27 14:29:00,2010-08-27 14:30:00,4364,4363,4365,4362,4368,4367,4369,4366,21
2010-08-27 14:30:00,2010-08-27 14:31:00,4363,4365,4365,4361,4367,4369,4369,4365,21
2010-08-27 14:31:00,2010-08-27 14:32:00,4365,4367,4369,4365,4369,4373,4373,4369,10
2010-08-27 14:32:00,2010-08-27 14:33:00,4367,4367,4370,4367,4373,4371,4374,4371,14
2010-08-27 14:33:00,2010-08-27 14:34:00,4367,4363,4368,4363,4371,4367,4372,4367,18
2010-08-27 14:34:00,2010-08-27 14:35:00,4363,4362,4364,4362,4367,4366,4368,4366,13
2010-08-27 14:35:00,2010-08-27 14:36:00,4362,4360,4363,4360,4366,4364,4367,4364,30
2010-08-27 14:36:00,2010-08-27 14:37:00,4360,4360,4362,4360,4364,4364,4366,4364,25
2010-08-27 14:37:00,2010-08-27 14:38:00,4360,4364,4364,4360,4364,4368,4368,4364,12
2010-08-27 14:38:00,2010-08-27 14:39:00,4364,4367,4370,4364,4368,4371,4374,4368,26
2010-08-27 14:39:00,2010-08-27 14:40:00,4367,4369,4369,4365,4371,4373,4373,4369,5
2010-08-27 14:40:00,2010-08-27 14:41:00,4369,4366,4369,4366,4373,4370,4373,4370,28
2010-08-27 14:41:00,2010-08-27 14:42:00,4366,4369,4370,4366,4370,4373,4374,4370,17
2010-08-27 14:42:00,2010-08-27 14:43:00,4369,4366,4369,4365,4373,4370,4373,4369,16
2010-08-27 14:43:00,2010-08-27 14:44:00,4366,4364,4366,4363,4370,4368,4370,4367,18
2010-08-27 14:44:00,2010-08-27 14:45:00,4364,4364,4364,4363,4368,4368,4368,4367,4
2010-08-27 14:45:00,2010-08-27 14:46:00,4364,4365,4365,4364,4368,4369,4369,4368,19
2010-08-27 14:46:00,2010-08-27 14:47:00,4365,4363,4365,4362,4369,4367,4369,4366,10
2010-08-27 14:47:00,2010-08-27 14:48:00,4363,4361,4363,4360,4367,4365,4367,4364,6
2010-08-27 14:48:00,2010-08-27 14:49:00,4361,4361,4362,4361,4365,4365,4366,4365,8
2010-08-27 14:49:00,2010-08-27 14:50:00,4361,4361,4362,4361,4365,4365,4366,4365,4
2010-08-27 14:50:00,2010-08-27 14:51:00,4361,4363,4363,4361,4365,4367,4367,4365,12
2010-08-27 14:51:00,2010-08-27 14:52:00,4363,4362,4365,4362,4367,4366,4369,4366,19
2010-08-27 14:52:00,2010-08-27 14:53:00,4362,4361,4364,4361,4366,4365,4368,4365,12
2010-08-27 14:53:00,2010-08-27 14:54:00,4361,4361,4362,4360,4365,4365,4366,4364,12
2010-08-27 14:54:00,2010-08-27 14:55:00,4361,4356,4361,4356,4365,4360,4365,4360,11
2010-08-27 14:55:00,2010-08-27 14:56:00,4356,4358,4358,4356,4360,4362,4362,4360,8
2010-08-27 14:56:00,2010-08-27 14:57:00,4358,4358,4359,4357,4362,4362,4363,4361,16
2010-08-27 14:57:00,2010-08-27 14:58:00,4358,4357,4358,4357,4362,4361,4362,4361,11
2010-08-27 14:58:00,2010-08-27 14:59:00,4357,4359,4359,4357,4361,4363,4363,4361,13
2010-08-27 14:59:00,2010-08-27 15:00:00,4359,4362,4362,4358,4363,4366,4366,4362,25
2010-08-27 15:00:00,2010-08-27 15:01:00,4362,4362,4362,4361,4366,4366,4366,4365,2
2010-08-27 15:01:00,2010-08-27 15:02:00,4362,4361,4362,4361,4366,4365,4366,4365,3
2010-08-27 15:02:00,2010-08-27 15:03:00,4361,4363,4364,4361,4365,4367,4368,4365,7
2010-08-27 15:03:00,2010-08-27 15:04:00,4363,4366,4366,4363,4367,4370,4370,4367,7
2010-08-27 15:04:00,2010-08-27 15:05:00,4366,4366,4366,4365,4370,4370,4370,4369,4
2010-08-27 15:05:00,2010-08-27 15:06:00,4366,4370,4370,4365,4370,4374,4374,4369,12
2010-08-27 15:06:00,2010-08-27 15:07:00,4370,4374,4374,4369,4374,4378,4378,4373,8
2010-08-27 15:07:00,2010-08-27 15:08:00,4374,4373,4375,4372,4378,4377,4379,4376,18
2010-08-27 15:08:00,2010-08-27 15:09:00,4373,4377,4380,4373,4377,4381,4384,4377,16
2010-08-27 15:09:00,2010-08-27 15:10:00,4377,4376,4377,4375,4381,4380,4381,4379,5
2010-08-27 15:10:00,2010-08-27 15:11:00,4376,4375,4378,4373,4380,4379,4382,4377,14
2010-08-27 15:11:00,2010-08-27 15:12:00,4375,4375,4377,4371,4379,4379,4381,4375,44
2010-08-27 15:12:00,2010-08-27 15:13:00,4375,4378,4378,4375,4379,4382,4382,4379,5
2010-08-27 15:13:00,2010-08-27 15:14:00,4378,4380,4384,4378,4382,4384,4388,4382,15
2010-08-27 15:14:00,2010-08-27 15:15:00,4380,4385,4387,4380,4384,4389,4391,4384,10
2010-08-27 15:15:00,2010-08-27 15:16:00,4385,4387,4387,4385,4389,4391,4391,4389,6
2010-08-27 15:16:00,2010-08-27 15:17:00,4387,4386,4387,4385,4391,4390,4391,4389,7
2010-08-27 15:17:00,2010-08-27 15:19:00,4385,4384,4385,4384,4389,4388,4389,4388,3
2010-08-27 15:19:00,2010-08-27 15:20:00,4384,4386,4386,4383,4388,4390,4390,4387,4
2010-08-27 15:20:00,2010-08-27 15:21:00,4386,4384,4386,4382,4390,4389,4390,4386,10
2010-08-27 15:21:00,2010-08-27 15:22:00,4384,4382,4384,4382,4389,4386,4389,4386,26
2010-08-27 15:22:00,2010-08-27 15:23:00,4382,4380,4382,4379,4386,4384,4386,4383,12
2010-08-27 15:23:00,2010-08-27 15:24:00,4380,4382,4382,4380,4384,4386,4386,4384,13
2010-08-27 15:24:00,2010-08-27 15:25:00,4382,4385,4385,4382,4386,4389,4389,4386,9
2010-08-27 15:25:00,2010-08-27 15:26:00,4385,4385,4386,4383,4389,4389,4390,4387,29
2010-08-27 15:26:00,2010-08-27 15:27:00,4385,4382,4385,4382,4389,4386,4389,4386,7
2010-08-27 15:27:00,2010-08-27 15:28:00,4382,4384,4384,4382,4386,4388,4388,4386,6
2010-08-27 15:28:00,2010-08-27 15:29:00,4384,4386,4387,4384,4388,4390,4391,4388,14
2010-08-27 15:29:00,2010-08-27 15:30:00,4386,4387,4388,4385,4390,4391,4392,4389,5
2010-08-27 15:30:00,2010-08-27 15:31:00,4387,4389,4389,4387,4391,4393,4393,4391,21
2010-08-27 15:31:00,2010-08-27 15:32:00,4389,4387,4389,4386,4393,4391,4393,4390,21
2010-08-27 15:32:00,2010-08-27 15:33:00,4387,4386,4387,4385,4391,4390,4391,4389,3
2010-08-27 15:33:00,2010-08-27 15:34:00,4386,4384,4388,4384,4390,4388,4392,4388,29
2010-08-27 15:34:00,2010-08-27 15:35:00,4384,4382,4385,4382,4388,4386,4389,4386,5
2010-08-27 15:35:00,2010-08-27 15:36:00,4382,4383,4383,4382,4386,4387,4387,4386,3
2010-08-27 15:36:00,2010-08-27 15:37:00,4383,4383,4384,4381,4387,4387,4388,4385,12
2010-08-27 15:37:00,2010-08-27 15:38:00,4383,4382,4384,4381,4387,4386,4388,4385,19
2010-08-27 15:38:00,2010-08-27 15:39:00,4382,4382,4384,4381,4386,4386,4388,4385,18
2010-08-27 15:39:00,2010-08-27 15:40:00,4382,4381,4384,4381,4386,4385,4388,4385,22
2010-08-27 15:40:00,2010-08-27 15:41:00,4381,4384,4384,4381,4385,4388,4388,4385,17
2010-08-27 15:41:00,2010-08-27 15:42:00,4384,4377,4384,4377,4388,4381,4388,4381,43
2010-08-27 15:42:00,2010-08-27 15:43:00,4377,4377,4378,4377,4381,4381,4382,4381,6
2010-08-27 15:43:00,2010-08-27 15:44:00,4377,4378,4378,4376,4381,4382,4382,4380,5
2010-08-27 15:44:00,2010-08-27 15:45:00,4378,4378,4379,4378,4382,4382,4383,4382,4
2010-08-27 15:45:00,2010-08-27 15:46:00,4378,4381,4382,4378,4382,4385,4386,4382,10
2010-08-27 15:46:00,2010-08-27 15:47:00,4381,4383,4383,4380,4385,4387,4387,4384,10
2010-08-27 15:47:00,2010-08-27 15:48:00,4383,4382,4383,4381,4387,4386,4387,4385,6
2010-08-27 15:48:00,2010-08-27 15:49:00,4382,4383,4383,4381,4386,4387,4387,4385,3
2010-08-27 15:49:00,2010-08-27 15:50:00,4383,4385,4385,4383,4387,4389,4389,4387,3
2010-08-27 15:50:00,2010-08-27 15:52:00,4385,4383,4385,4383,4389,4387,4389,4387,4
2010-08-27 15:52:00,2010-08-27 15:53:00,4383,4385,4385,4383,4387,4389,4389,4387,2
2010-08-27 15:53:00,2010-08-27 15:54:00,4385,4384,4386,4383,4389,4388,4390,4387,7
2010-08-27 15:54:00,2010-08-27 15:55:00,4384,4383,4384,4383,4388,4387,4388,4387,3
2010-08-27 15:55:00,2010-08-27 15:56:00,4383,4383,4384,4382,4387,4387,4388,4386,4
2010-08-27 15:56:00,2010-08-27 15:57:00,4383,4382,4384,4382,4387,4386,4388,4386,15
2010-08-27 15:57:00,2010-08-27 15:59:00,4382,4382,4383,4382,4386,4386,4387,4386,12
2010-08-27 15:59:00,2010-08-27 16:00:00,4382,4385,4386,4382,4386,4389,4390,4386,10
2010-08-27 16:00:00,2010-08-27 16:01:00,4385,4385,4385,4384,4389,4389,4389,4388,2
2010-08-27 16:01:00,2010-08-27 16:02:00,4385,4383,4385,4383,4389,4387,4389,4387,6
2010-08-27 16:02:00,2010-08-27 16:03:00,4383,4383,4384,4383,4387,4387,4388,4387,8
2010-08-27 16:03:00,2010-08-27 16:04:00,4383,4385,4385,4383,4387,4389,4389,4387,4
2010-08-27 16:04:00,2010-08-27 16:06:00,4384,4385,4386,4384,4388,4389,4390,4388,7
2010-08-27 16:06:00,2010-08-27 16:07:00,4385,4386,4386,4385,4389,4390,4390,4389,5
2010-08-27 16:07:00,2010-08-27 16:09:00,4386,4386,4387,4386,4390,4390,4391,4390,4
2010-08-27 16:09:00,2010-08-27 16:11:00,4386,4386,4388,4386,4390,4390,4392,4390,4
2010-08-27 16:11:00,2010-08-27 16:12:00,4386,4387,4387,4386,4390,4391,4391,4390,1
2010-08-27 16:12:00,2010-08-27 16:13:00,4387,4387,4388,4387,4391,4391,4392,4391,4
2010-08-27 16:13:00,2010-08-27 16:14:00,4387,4387,4388,4387,4391,4391,4392,4391,2
2010-08-27 16:14:00,2010-08-27 16:15:00,4387,4389,4389,4387,4391,4393,4393,4391,2
2010-08-27 16:15:00,2010-08-27 16:16:00,4389,4389,4390,4389,4393,4393,4394,4393,26
2010-08-27 16:16:00,2010-08-27 16:17:00,4389,4389,4390,4389,4393,4393,4394,4393,10
2010-08-27 16:17:00,2010-08-27 16:20:00,4390,4391,4391,4390,4394,4395,4395,4394,1
2010-08-27 16:20:00,2010-08-27 16:21:00,4391,4389,4391,4389,4395,4393,4395,4393,4
2010-08-27 16:21:00,2010-08-27 16:22:00,4389,4388,4389,4388,4393,4392,4393,4392,9
2010-08-27 16:22:00,2010-08-27 16:23:00,4388,4389,4389,4388,4392,4393,4393,4392,1
2010-08-27 16:23:00,2010-08-27 16:24:00,4389,4390,4390,4389,4393,4394,4394,4393,7
2010-08-27 16:24:00,2010-08-27 16:25:00,4390,4389,4390,4388,4394,4393,4394,4392,9
2010-08-27 16:25:00,2010-08-27 16:27:00,4389,4389,4390,4389,4393,4393,4394,4393,2
2010-08-27 16:27:00,2010-08-27 16:28:00,4389,4387,4389,4387,4393,4391,4393,4391,2
2010-08-27 16:28:00,2010-08-27 16:29:00,4387,4387,4388,4387,4391,4391,4392,4391,8
2010-08-27 16:29:00,2010-08-27 16:30:00,4387,4388,4390,4387,4391,4392,4394,4391,14
2010-08-27 16:30:00,2010-08-27 16:31:00,4388,4388,4390,4387,4392,4392,4394,4391,8
2010-08-27 16:31:00,2010-08-27 16:32:00,4388,4388,4388,4387,4392,4392,4392,4391,2
2010-08-27 16:32:00,2010-08-27 16:33:00,4388,4390,4391,4388,4392,4394,4395,4392,6
2010-08-27 16:33:00,2010-08-27 16:34:00,4390,4389,4392,4389,4394,4393,4396,4393,13
2010-08-27 16:34:00,2010-08-27 16:35:00,4389,4388,4389,4388,4393,4392,4393,4392,1
2010-08-27 16:35:00,2010-08-27 16:36:00,4388,4390,4390,4388,4392,4394,4394,4392,4
2010-08-27 16:36:00,2010-08-27 16:37:00,4390,4388,4390,4388,4394,4392,4394,4392,10
2010-08-27 16:37:00,2010-08-27 16:38:00,4388,4386,4388,4386,4392,4391,4392,4391,4
2010-08-27 16:38:00,2010-08-27 16:39:00,4386,4387,4387,4386,4391,4391,4391,4391,1
2010-08-27 16:39:00,2010-08-27 16:40:00,4387,4386,4387,4386,4391,4390,4391,4390,1
2010-08-27 16:40:00,2010-08-27 16:41:00,4386,4385,4386,4385,4390,4389,4390,4389,1
2010-08-27 16:41:00,2010-08-27 16:42:00,4385,4384,4385,4384,4389,4388,4389,4388,1
2010-08-27 16:42:00,2010-08-27 16:44:00,4384,4383,4384,4382,4388,4387,4388,4386,3
2010-08-27 16:44:00,2010-08-27 16:46:00,4383,4384,4384,4383,4387,4388,4388,4387,1
2010-08-27 16:46:00,2010-08-27 16:47:00,4384,4382,4384,4381,4388,4386,4388,4385,18
2010-08-27 16:47:00,2010-08-27 16:48:00,4382,4381,4382,4380,4386,4385,4386,4384,5
2010-08-27 16:48:00,2010-08-27 16:49:00,4381,4383,4384,4381,4385,4387,4388,4385,4
2010-08-27 16:49:00,2010-08-27 16:50:00,4383,4382,4383,4382,4387,4386,4387,4386,7
2010-08-27 16:50:00,2010-08-27 16:51:00,4382,4382,4383,4382,4386,4386,4387,4386,2
2010-08-27 16:51:00,2010-08-27 16:52:00,4382,4382,4383,4382,4386,4386,4387,4386,8
2010-08-27 16:52:00,2010-08-27 16:53:00,4382,4383,4383,4382,4386,4387,4387,4386,9
2010-08-27 16:53:00,2010-08-27 16:54:00,4383,4383,4383,4382,4387,4387,4387,4386,2
2010-08-27 16:54:00,2010-08-27 16:55:00,4383,4382,4383,4382,4387,4386,4387,4386,3
2010-08-27 16:55:00,2010-08-27 16:57:00,4382,4380,4382,4380,4386,4386,4387,4385,3
2010-08-27 16:57:00,2010-08-27 16:58:00,4380,4378,4380,4378,4386,4383,4386,4382,7
2010-08-27 16:58:00,2010-08-27 16:59:00,4378,4378,4378,4377,4383,4382,4383,4381,2
2010-08-27 16:59:00,2010-08-27 17:03:00,4378,4380,4380,4378,4382,4384,4384,4382,2
2010-08-27 17:03:00,2010-08-27 17:04:00,4380,4381,4381,4380,4384,4385,4385,4384,9
2010-08-27 17:04:00,2010-08-27 17:05:00,4381,4379,4381,4379,4385,4383,4385,4383,12
2010-08-27 17:05:00,2010-08-27 17:06:00,4379,4380,4380,4379,4383,4384,4384,4383,5
2010-08-27 17:06:00,2010-08-27 17:07:00,4380,4381,4381,4380,4384,4385,4385,4384,3
2010-08-27 17:07:00,2010-08-27 17:08:00,4381,4381,4381,4380,4385,4385,4385,4384,2
2010-08-27 17:08:00,2010-08-27 17:09:00,4381,4383,4383,4381,4385,4387,4387,4385,2
2010-08-27 17:09:00,2010-08-27 17:10:00,4383,4382,4383,4382,4387,4386,4387,4386,1
2010-08-27 17:10:00,2010-08-27 17:11:00,4382,4383,4383,4382,4386,4387,4387,4386,1
2010-08-27 17:11:00,2010-08-27 17:12:00,4383,4382,4383,4382,4387,4386,4387,4386,15
2010-08-27 17:12:00,2010-08-27 17:13:00,4382,4381,4382,4381,4386,4385,4386,4385,1
2010-08-27 17:13:00,2010-08-27 17:14:00,4381,4377,4381,4377,4385,4381,4385,4381,12
2010-08-27 17:14:00,2010-08-27 17:15:00,4377,4379,4380,4377,4381,4383,4384,4381,3
2010-08-27 17:15:00,2010-08-27 17:16:00,4379,4379,4380,4378,4383,4383,4384,4382,4
2010-08-27 17:16:00,2010-08-27 17:18:00,4379,4377,4379,4377,4383,4381,4383,4381,1
2010-08-27 17:18:00,2010-08-27 17:19:00,4377,4378,4379,4377,4381,4383,4383,4381,5
2010-08-27 17:19:00,2010-08-27 17:20:00,4378,4379,4379,4378,4383,4383,4383,4383,1
2010-08-27 17:20:00,2010-08-27 17:21:00,4379,4380,4380,4379,4383,4384,4384,4383,1
2010-08-27 17:21:00,2010-08-27 17:22:00,4380,4381,4382,4380,4384,4385,4386,4384,3
2010-08-27 17:22:00,2010-08-27 17:23:00,4381,4382,4382,4381,4385,4386,4386,4385,1
2010-08-27 17:23:00,2010-08-27 17:24:00,4382,4382,4382,4380,4386,4386,4386,4384,10
2010-08-27 17:24:00,2010-08-27 17:25:00,4382,4381,4382,4380,4386,4385,4386,4385,5
2010-08-27 17:25:00,2010-08-27 17:27:00,4381,4382,4382,4381,4385,4386,4386,4385,3
2010-08-27 17:27:00,2010-08-27 17:28:00,4382,4382,4383,4382,4386,4386,4387,4386,14
2010-08-27 17:28:00,2010-08-27 17:29:00,4382,4386,4386,4382,4386,4390,4390,4386,6
2010-08-27 17:29:00,2010-08-27 17:31:00,4386,4387,4390,4386,4390,4391,4394,4390,19
2010-08-27 17:31:00,2010-08-27 17:32:00,4387,4390,4390,4387,4391,4394,4394,4391,5
2010-08-27 17:32:00,2010-08-27 17:33:00,4390,4391,4393,4390,4394,4395,4397,4394,7
2010-08-27 17:33:00,2010-08-27 17:34:00,4391,4391,4391,4389,4395,4395,4395,4393,12
2010-08-27 17:34:00,2010-08-27 17:35:00,4391,4392,4393,4391,4395,4396,4397,4395,15
2010-08-27 17:35:00,2010-08-27 17:36:00,4392,4392,4396,4391,4396,4396,4400,4395,33
2010-08-27 17:36:00,2010-08-27 17:37:00,4392,4390,4393,4390,4396,4394,4397,4394,4
2010-08-27 17:37:00,2010-08-27 17:38:00,4390,4388,4391,4388,4394,4392,4395,4392,22
2010-08-27 17:38:00,2010-08-27 17:39:00,4388,4391,4392,4388,4392,4395,4396,4392,6
2010-08-27 17:39:00,2010-08-27 17:40:00,4391,4394,4395,4391,4395,4398,4399,4395,7
2010-08-27 17:40:00,2010-08-27 17:41:00,4394,4391,4394,4390,4398,4395,4398,4394,15
2010-08-27 17:41:00,2010-08-27 17:42:00,4391,4393,4393,4390,4395,4397,4397,4394,18
2010-08-27 17:42:00,2010-08-27 17:43:00,4393,4394,4394,4391,4397,4398,4398,4395,27
2010-08-27 17:43:00,2010-08-27 17:44:00,4394,4393,4394,4393,4398,4397,4398,4397,5
2010-08-27 17:44:00,2010-08-27 17:45:00,4393,4393,4393,4392,4397,4397,4397,4396,2
2010-08-27 17:45:00,2010-08-27 17:46:00,4393,4393,4395,4392,4397,4397,4399,4396,13
2010-08-27 17:46:00,2010-08-27 17:47:00,4393,4393,4393,4392,4397,4397,4397,4396,6
2010-08-27 17:47:00,2010-08-27 17:48:00,4393,4392,4393,4392,4397,4396,4397,4396,11
2010-08-27 17:48:00,2010-08-27 17:49:00,4392,4391,4393,4391,4396,4395,4397,4395,7
2010-08-27 17:49:00,2010-08-27 17:50:00,4391,4391,4391,4390,4395,4395,4395,4394,4
2010-08-27 17:50:00,2010-08-27 17:52:00,4391,4392,4393,4391,4395,4396,4397,4395,3
2010-08-27 17:52:00,2010-08-27 17:53:00,4392,4394,4394,4392,4396,4398,4398,4396,4
2010-08-27 17:53:00,2010-08-27 17:55:00,4394,4395,4395,4393,4398,4399,4399,4397,19
2010-08-27 17:55:00,2010-08-27 17:56:00,4395,4395,4395,4393,4399,4399,4399,4397,3
2010-08-27 17:56:00,2010-08-27 17:57:00,4395,4397,4397,4395,4399,4401,4401,4399,6
2010-08-27 17:57:00,2010-08-27 17:58:00,4397,4397,4398,4396,4401,4401,4402,4400,20
2010-08-27 17:58:00,2010-08-27 17:59:00,4397,4397,4398,4397,4401,4401,4402,4401,10
2010-08-27 17:59:00,2010-08-27 18:00:00,4397,4397,4401,4396,4401,4401,4405,4400,40
2010-08-27 18:00:00,2010-08-27 18:01:00,4397,4397,4398,4396,4401,4401,4402,4400,4
2010-08-27 18:01:00,2010-08-27 18:02:00,4397,4396,4397,4396,4401,4400,4401,4400,9
2010-08-27 18:02:00,2010-08-27 18:03:00,4396,4399,4399,4396,4400,4403,4403,4400,7
2010-08-27 18:03:00,2010-08-27 18:04:00,4399,4399,4400,4398,4403,4403,4404,4402,14
2010-08-27 18:04:00,2010-08-27 18:05:00,4399,4395,4399,4395,4403,4399,4403,4399,20
2010-08-27 18:05:00,2010-08-27 18:06:00,4395,4393,4395,4393,4399,4397,4399,4397,14
2010-08-27 18:06:00,2010-08-27 18:07:00,4393,4394,4395,4392,4397,4398,4399,4396,19
2010-08-27 18:07:00,2010-08-27 18:08:00,4394,4396,4396,4393,4398,4400,4400,4397,16
2010-08-27 18:08:00,2010-08-27 18:09:00,4396,4395,4396,4395,4400,4399,4400,4399,1
2010-08-27 18:09:00,2010-08-27 18:10:00,4395,4397,4397,4395,4399,4401,4401,4399,8
2010-08-27 18:10:00,2010-08-27 18:11:00,4397,4397,4397,4396,4401,4401,4401,4400,4
2010-08-27 18:11:00,2010-08-27 18:12:00,4397,4396,4397,4396,4401,4400,4401,4400,1
2010-08-27 18:12:00,2010-08-27 18:13:00,4396,4395,4397,4395,4400,4399,4401,4399,5
2010-08-27 18:13:00,2010-08-27 18:14:00,4395,4394,4396,4394,4399,4398,4400,4398,7
2010-08-27 18:14:00,2010-08-27 18:15:00,4394,4394,4396,4392,4398,4398,4400,4396,31
2010-08-27 18:15:00,2010-08-27 18:16:00,4394,4395,4395,4393,4398,4399,4399,4398,4
2010-08-27 18:16:00,2010-08-27 18:17:00,4395,4397,4397,4394,4399,4401,4401,4398,12
2010-08-27 18:17:00,2010-08-27 18:18:00,4397,4396,4398,4396,4401,4400,4402,4400,3
2010-08-27 18:18:00,2010-08-27 18:19:00,4396,4397,4397,4396,4400,4401,4401,4400,3
2010-08-27 18:19:00,2010-08-27 18:20:00,4397,4398,4398,4396,4401,4402,4402,4400,6
2010-08-27 18:20:00,2010-08-27 18:21:00,4398,4395,4398,4395,4402,4399,4402,4399,9
2010-08-27 18:21:00,2010-08-27 18:22:00,4395,4396,4396,4394,4399,4400,4400,4398,9
2010-08-27 18:22:00,2010-08-27 18:23:00,4396,4397,4397,4396,4400,4401,4401,4400,7
2010-08-27 18:23:00,2010-08-27 18:24:00,4397,4398,4399,4396,4401,4402,4403,4400,24
2010-08-27 18:24:00,2010-08-27 18:25:00,4398,4397,4398,4396,4402,4401,4402,4400,7
2010-08-27 18:25:00,2010-08-27 18:26:00,4397,4397,4398,4396,4401,4401,4402,4400,6
2010-08-27 18:26:00,2010-08-27 18:27:00,4397,4398,4398,4397,4401,4402,4402,4401,1
2010-08-27 18:27:00,2010-08-27 18:30:00,4398,4400,4400,4398,4402,4404,4404,4402,6
2010-08-27 18:30:00,2010-08-27 18:31:00,4400,4398,4400,4398,4404,4402,4404,4402,2
2010-08-27 18:31:00,2010-08-27 18:32:00,4398,4399,4400,4398,4402,4403,4404,4402,5
2010-08-27 18:32:00,2010-08-27 18:35:00,4399,4399,4399,4396,4403,4403,4403,4402,4
2010-08-27 18:35:00,2010-08-27 18:36:00,4399,4400,4400,4399,4403,4404,4404,4403,3
2010-08-27 18:36:00,2010-08-27 18:39:00,4400,4402,4402,4400,4404,4406,4406,4404,2
2010-08-27 18:39:00,2010-08-27 18:40:00,4402,4402,4405,4402,4406,4407,4409,4406,29
2010-08-27 18:40:00,2010-08-27 18:41:00,4402,4403,4404,4402,4407,4407,4408,4406,15
2010-08-27 18:41:00,2010-08-27 18:42:00,4403,4403,4403,4401,4407,4407,4407,4405,7
2010-08-27 18:42:00,2010-08-27 18:43:00,4403,4403,4403,4401,4407,4407,4407,4405,8
2010-08-27 18:43:00,2010-08-27 18:44:00,4403,4403,4404,4401,4407,4407,4408,4406,6
2010-08-27 18:44:00,2010-08-27 18:45:00,4403,4404,4404,4403,4407,4408,4408,4407,5
2010-08-27 18:45:00,2010-08-27 18:46:00,4404,4404,4407,4404,4408,4408,4411,4408,13
2010-08-27 18:46:00,2010-08-27 18:47:00,4404,4402,4405,4402,4408,4406,4409,4406,14
2010-08-27 18:47:00,2010-08-27 18:48:00,4402,4402,4402,4401,4406,4406,4406,4405,6
2010-08-27 18:48:00,2010-08-27 18:49:00,4402,4400,4402,4399,4406,4404,4406,4403,3
2010-08-27 18:49:00,2010-08-27 18:50:00,4400,4399,4400,4399,4404,4403,4404,4403,5
2010-08-27 18:50:00,2010-08-27 18:54:00,4399,4398,4399,4397,4403,4402,4403,4401,4
2010-08-27 18:54:00,2010-08-27 18:55:00,4398,4398,4399,4396,4402,4402,4403,4400,12
2010-08-27 18:55:00,2010-08-27 18:56:00,4398,4397,4398,4397,4402,4401,4402,4401,3
2010-08-27 18:56:00,2010-08-27 18:57:00,4397,4397,4398,4397,4401,4401,4402,4401,2
2010-08-27 18:57:00,2010-08-27 18:58:00,4397,4397,4398,4397,4401,4401,4402,4401,4
2010-08-27 18:58:00,2010-08-27 19:00:00,4397,4397,4399,4397,4401,4401,4403,4401,6
2010-08-27 19:00:00,2010-08-27 19:01:00,4397,4395,4398,4394,4401,4401,4402,4398,7
2010-08-27 19:01:00,2010-08-27 19:02:00,4395,4395,4396,4392,4401,4399,4401,4396,15
2010-08-27 19:02:00,2010-08-27 19:04:00,4395,4395,4396,4395,4399,4399,4400,4399,4
2010-08-27 19:04:00,2010-08-27 19:05:00,4395,4396,4396,4393,4399,4400,4400,4397,7
2010-08-27 19:05:00,2010-08-27 19:06:00,4396,4394,4396,4394,4400,4398,4400,4398,4
2010-08-27 19:06:00,2010-08-27 19:07:00,4394,4394,4395,4394,4398,4398,4399,4398,6
2010-08-27 19:07:00,2010-08-27 19:08:00,4394,4396,4396,4394,4398,4400,4400,4398,2
2010-08-27 19:08:00,2010-08-27 19:09:00,4396,4400,4400,4396,4400,4404,4404,4400,11
2010-08-27 19:09:00,2010-08-27 19:10:00,4400,4399,4400,4398,4404,4403,4404,4402,7
2010-08-27 19:10:00,2010-08-27 19:11:00,4399,4397,4399,4396,4403,4401,4403,4400,4
2010-08-27 19:11:00,2010-08-27 19:12:00,4397,4399,4400,4396,4401,4403,4404,4400,16
2010-08-27 19:12:00,2010-08-27 19:13:00,4399,4398,4401,4396,4403,4402,4405,4400,33
2010-08-27 19:13:00,2010-08-27 19:14:00,4398,4397,4398,4396,4402,4401,4402,4400,5
2010-08-27 19:14:00,2010-08-27 19:15:00,4397,4395,4398,4395,4401,4399,4402,4399,6
2010-08-27 19:15:00,2010-08-27 19:16:00,4395,4396,4396,4395,4399,4400,4400,4399,5
2010-08-27 19:16:00,2010-08-27 19:17:00,4396,4394,4396,4394,4400,4398,4400,4398,8
2010-08-27 19:17:00,2010-08-27 19:18:00,4394,4394,4397,4393,4398,4398,4401,4397,23
2010-08-27 19:18:00,2010-08-27 19:19:00,4394,4393,4397,4392,4398,4401,4401,4398,14
2010-08-27 19:19:00,2010-08-27 19:20:00,4393,4394,4394,4393,4401,4399,4401,4399,1
2010-08-27 19:20:00,2010-08-27 19:21:00,4394,4396,4396,4394,4399,4401,4401,4399,2
2010-08-27 19:21:00,2010-08-27 19:22:00,4396,4399,4399,4396,4401,4403,4403,4401,5
2010-08-27 19:22:00,2010-08-27 19:23:00,4399,4402,4403,4398,4403,4406,4407,4402,15
2010-08-27 19:23:00,2010-08-27 19:24:00,4402,4402,4403,4399,4406,4406,4407,4403,32
2010-08-27 19:24:00,2010-08-27 19:25:00,4402,4404,4404,4402,4406,4408,4408,4406,13
2010-08-27 19:25:00,2010-08-27 19:26:00,4404,4403,4405,4403,4408,4407,4409,4407,19
2010-08-27 19:26:00,2010-08-27 19:27:00,4403,4402,4403,4402,4407,4406,4407,4406,13
2010-08-27 19:27:00,2010-08-27 19:29:00,4402,4407,4407,4402,4406,4411,4411,4406,11
2010-08-27 19:29:00,2010-08-27 19:30:00,4407,4406,4407,4404,4411,4410,4411,4408,20
2010-08-27 19:30:00,2010-08-27 19:33:00,4408,4407,4408,4407,4412,4411,4412,4411,1
2010-08-27 19:33:00,2010-08-27 19:34:00,4407,4404,4407,4402,4411,4408,4411,4408,8
2010-08-27 19:34:00,2010-08-27 19:37:00,4404,4404,4405,4404,4408,4410,4410,4408,2
2010-08-27 19:37:00,2010-08-27 19:40:00,4404,4403,4404,4403,4410,4407,4410,4407,1
2010-08-27 19:40:00,2010-08-27 19:43:00,4403,4404,4404,4403,4407,4408,4408,4407,9
2010-08-27 19:43:00,2010-08-27 19:44:00,4404,4404,4408,4402,4408,4410,4412,4406,30
2010-08-27 19:44:00,2010-08-27 19:45:00,4404,4404,4408,4404,4410,4409,4412,4409,17
2010-08-27 19:45:00,2010-08-27 19:46:00,4404,4406,4408,4404,4409,4410,4412,4408,10
2010-08-27 19:46:00,2010-08-27 19:47:00,4406,4407,4407,4405,4410,4411,4411,4409,9
2010-08-27 19:47:00,2010-08-27 19:49:00,4406,4407,4407,4406,4410,4411,4411,4410,1
2010-08-27 19:49:00,2010-08-27 19:50:00,4407,4408,4408,4406,4411,4412,4412,4410,19
2010-08-27 19:50:00,2010-08-27 19:51:00,4408,4408,4409,4406,4412,4412,4413,4410,19
2010-08-27 19:51:00,2010-08-27 19:52:00,4408,4406,4408,4406,4412,4410,4412,4410,14
2010-08-27 19:52:00,2010-08-27 19:53:00,4406,4407,4409,4406,4410,4411,4413,4410,5
2010-08-27 19:53:00,2010-08-27 19:54:00,4407,4405,4407,4405,4411,4409,4411,4409,4
2010-08-27 19:54:00,2010-08-27 19:55:00,4405,4405,4406,4405,4409,4409,4410,4409,6
2010-08-27 19:55:00,2010-08-27 19:56:00,4405,4407,4407,4404,4409,4411,4411,4408,10
2010-08-27 19:56:00,2010-08-27 19:57:00,4407,4405,4407,4405,4411,4409,4411,4409,18
2010-08-27 19:57:00,2010-08-27 19:58:00,4405,4406,4407,4401,4409,4410,4411,4405,70
2010-08-27 19:58:00,2010-08-27 19:59:00,4406,4407,4407,4405,4410,4411,4411,4409,11
