open time,close time,open bid,close bid,high bid,low bid,open ask,close ask,high ask,low ask,volume
2016-07-27 23:59:00,2016-07-28 00:00:00,5561.0,5570.0,5571.0,5561.0,5562.0,5571.0,5572.0,5563.0,64
2016-07-28 00:00:00,2016-07-28 00:01:00,5570.0,5571.0,5573.0,5568.0,5571.0,5573.0,5574.0,5569.0,26
2016-07-28 00:01:00,2016-07-28 00:02:00,5571.0,5567.0,5571.0,5567.0,5573.0,5569.0,5572.0,5568.0,35
2016-07-28 00:02:00,2016-07-28 00:03:00,5567.0,5567.0,5568.0,5565.0,5569.0,5569.0,5569.0,5566.0,26
2016-07-28 00:03:00,2016-07-28 00:04:00,5567.0,5572.0,5573.0,5565.0,5569.0,5573.0,5574.0,5567.0,39
2016-07-28 00:04:00,2016-07-28 00:05:00,5572.0,5567.0,5571.0,5566.0,5573.0,5569.0,5573.0,5567.0,40
2016-07-28 00:05:00,2016-07-28 00:06:00,5567.0,5567.0,5567.0,5565.0,5569.0,5569.0,5569.0,5566.0,16
2016-07-28 00:06:00,2016-07-28 00:07:00,5567.0,5567.0,5569.0,5567.0,5569.0,5569.0,5570.0,5568.0,19
2016-07-28 00:07:00,2016-07-28 00:08:00,5567.0,5566.0,5568.0,5566.0,5569.0,5568.0,5569.0,5567.0,19
2016-07-28 00:08:00,2016-07-28 00:09:00,5566.0,5564.0,5567.0,5564.0,5568.0,5565.0,5569.0,5565.0,57
2016-07-28 00:09:00,2016-07-28 00:10:00,5564.0,5565.0,5566.0,5564.0,5565.0,5567.0,5567.0,5565.0,31
2016-07-28 00:10:00,2016-07-28 00:11:00,5565.0,5568.0,5569.0,5565.0,5567.0,5569.0,5570.0,5566.0,32
2016-07-28 00:11:00,2016-07-28 00:12:00,5568.0,5568.0,5570.0,5568.0,5569.0,5569.0,5571.0,5569.0,25
2016-07-28 00:12:00,2016-07-28 00:13:00,5568.0,5569.0,5570.0,5567.0,5569.0,5570.0,5571.0,5569.0,23
2016-07-28 00:13:00,2016-07-28 00:14:00,5569.0,5567.0,5570.0,5567.0,5570.0,5568.0,5571.0,5568.0,18
2016-07-28 00:14:00,2016-07-28 00:15:00,5567.0,5570.0,5571.0,5566.0,5568.0,5572.0,5572.0,5567.0,34
2016-07-28 00:15:00,2016-07-28 00:16:00,5570.0,5571.0,5571.0,5570.0,5572.0,5572.0,5572.0,5572.0,11
2016-07-28 00:16:00,2016-07-28 00:17:00,5571.0,5571.0,5573.0,5570.0,5572.0,5572.0,5574.0,5571.0,27
2016-07-28 00:17:00,2016-07-28 00:18:00,5571.0,5571.0,5571.0,5570.0,5572.0,5572.0,5573.0,5571.0,11
2016-07-28 00:18:00,2016-07-28 00:19:00,5571.0,5571.0,5571.0,5569.0,5572.0,5572.0,5572.0,5570.0,19
2016-07-28 00:19:00,2016-07-28 00:20:00,5571.0,5566.0,5570.0,5565.0,5572.0,5567.0,5572.0,5566.0,28
2016-07-28 00:20:00,2016-07-28 00:21:00,5566.0,5566.0,5566.0,5565.0,5567.0,5567.0,5567.0,5567.0,4
2016-07-28 00:21:00,2016-07-28 00:24:00,5564.0,5566.0,5566.0,5564.0,5565.0,5567.0,5567.0,5566.0,10
2016-07-28 00:24:00,2016-07-28 00:25:00,5566.0,5565.0,5566.0,5565.0,5567.0,5566.0,5567.0,5566.0,6
2016-07-28 00:25:00,2016-07-28 00:26:00,5565.0,5565.0,5565.0,5564.0,5566.0,5567.0,5567.0,5565.0,7
2016-07-28 00:26:00,2016-07-28 00:28:00,5566.0,5566.0,5567.0,5566.0,5567.0,5567.0,5569.0,5567.0,8
2016-07-28 00:28:00,2016-07-28 00:29:00,5566.0,5565.0,5567.0,5565.0,5567.0,5567.0,5568.0,5566.0,26
2016-07-28 00:29:00,2016-07-28 00:30:00,5565.0,5565.0,5566.0,5565.0,5567.0,5567.0,5568.0,5566.0,21
2016-07-28 00:30:00,2016-07-28 00:31:00,5565.0,5565.0,5566.0,5565.0,5567.0,5567.0,5567.0,5566.0,12
2016-07-28 00:31:00,2016-07-28 00:32:00,5565.0,5565.0,5566.0,5565.0,5567.0,5566.0,5567.0,5566.0,7
2016-07-28 00:32:00,2016-07-28 00:34:00,5566.0,5567.0,5567.0,5566.0,5567.0,5568.0,5568.0,5567.0,15
2016-07-28 00:34:00,2016-07-28 00:35:00,5567.0,5565.0,5567.0,5565.0,5568.0,5566.0,5568.0,5566.0,12
2016-07-28 00:35:00,2016-07-28 00:40:00,5563.0,5563.0,5564.0,5563.0,5564.0,5564.0,5565.0,5564.0,6
2016-07-28 00:40:00,2016-07-28 00:42:00,5564.0,5563.0,5563.0,5563.0,5565.0,5564.0,5565.0,5564.0,5
2016-07-28 00:42:00,2016-07-28 00:44:00,5563.0,5563.0,5563.0,5562.0,5564.0,5564.0,5565.0,5563.0,6
2016-07-28 00:44:00,2016-07-28 00:45:00,5563.0,5564.0,5565.0,5563.0,5564.0,5566.0,5566.0,5564.0,13
2016-07-28 00:45:00,2016-07-28 00:46:00,5564.0,5565.0,5566.0,5565.0,5566.0,5566.0,5567.0,5566.0,25
2016-07-28 00:46:00,2016-07-28 00:49:00,5566.0,5567.0,5568.0,5566.0,5567.0,5569.0,5569.0,5567.0,12
2016-07-28 00:49:00,2016-07-28 00:50:00,5567.0,5568.0,5570.0,5567.0,5569.0,5570.0,5571.0,5568.0,28
2016-07-28 00:50:00,2016-07-28 00:52:00,5570.0,5565.0,5569.0,5565.0,5571.0,5566.0,5571.0,5566.0,24
2016-07-28 00:52:00,2016-07-28 00:53:00,5565.0,5564.0,5564.0,5562.0,5566.0,5566.0,5566.0,5563.0,16
2016-07-28 00:53:00,2016-07-28 00:54:00,5564.0,5564.0,5566.0,5563.0,5566.0,5566.0,5567.0,5565.0,18
2016-07-28 00:54:00,2016-07-28 00:55:00,5564.0,5562.0,5564.0,5562.0,5566.0,5564.0,5565.0,5564.0,6
2016-07-28 00:55:00,2016-07-28 00:56:00,5562.0,5564.0,5564.0,5562.0,5564.0,5565.0,5566.0,5563.0,24
2016-07-28 00:56:00,2016-07-28 00:59:00,5562.0,5561.0,5562.0,5561.0,5564.0,5563.0,5563.0,5562.0,7
2016-07-28 00:59:00,2016-07-28 01:00:00,5561.0,5560.0,5562.0,5560.0,5563.0,5561.0,5563.0,5561.0,13
2016-07-28 01:00:00,2016-07-28 01:01:00,5560.0,5560.0,5561.0,5560.0,5561.0,5562.0,5562.0,5561.0,11
2016-07-28 01:01:00,2016-07-28 01:02:00,5560.0,5561.0,5563.0,5561.0,5562.0,5563.0,5565.0,5562.0,18
2016-07-28 01:02:00,2016-07-28 01:03:00,5561.0,5561.0,5563.0,5561.0,5563.0,5563.0,5564.0,5563.0,10
2016-07-28 01:03:00,2016-07-28 01:04:00,5561.0,5562.0,5563.0,5562.0,5563.0,5564.0,5564.0,5563.0,10
2016-07-28 01:04:00,2016-07-28 01:05:00,5562.0,5562.0,5564.0,5562.0,5564.0,5563.0,5565.0,5563.0,12
2016-07-28 01:05:00,2016-07-28 01:06:00,5562.0,5561.0,5563.0,5561.0,5563.0,5563.0,5564.0,5563.0,5
2016-07-28 01:06:00,2016-07-28 01:07:00,5561.0,5561.0,5562.0,5561.0,5563.0,5563.0,5563.0,5562.0,8
2016-07-28 01:07:00,2016-07-28 01:08:00,5561.0,5560.0,5562.0,5560.0,5563.0,5562.0,5563.0,5562.0,8
2016-07-28 01:08:00,2016-07-28 01:09:00,5560.0,5558.0,5560.0,5558.0,5562.0,5560.0,5562.0,5559.0,22
2016-07-28 01:09:00,2016-07-28 01:10:00,5558.0,5559.0,5560.0,5558.0,5560.0,5560.0,5561.0,5559.0,14
2016-07-28 01:10:00,2016-07-28 01:11:00,5559.0,5556.0,5559.0,5556.0,5560.0,5558.0,5560.0,5557.0,45
2016-07-28 01:11:00,2016-07-28 01:12:00,5556.0,5558.0,5558.0,5556.0,5558.0,5559.0,5559.0,5557.0,18
2016-07-28 01:12:00,2016-07-28 01:13:00,5558.0,5560.0,5561.0,5558.0,5559.0,5562.0,5562.0,5560.0,19
2016-07-28 01:13:00,2016-07-28 01:14:00,5560.0,5559.0,5561.0,5558.0,5562.0,5561.0,5562.0,5560.0,18
2016-07-28 01:14:00,2016-07-28 01:15:00,5559.0,5557.0,5559.0,5556.0,5561.0,5558.0,5560.0,5557.0,12
2016-07-28 01:15:00,2016-07-28 01:16:00,5557.0,5559.0,5560.0,5556.0,5558.0,5561.0,5561.0,5558.0,19
2016-07-28 01:16:00,2016-07-28 01:17:00,5559.0,5558.0,5560.0,5558.0,5561.0,5560.0,5561.0,5559.0,25
2016-07-28 01:17:00,2016-07-28 01:18:00,5558.0,5557.0,5558.0,5556.0,5560.0,5558.0,5560.0,5557.0,18
2016-07-28 01:18:00,2016-07-28 01:20:00,5556.0,5555.0,5557.0,5555.0,5558.0,5556.0,5558.0,5556.0,7
2016-07-28 01:20:00,2016-07-28 01:21:00,5555.0,5556.0,5557.0,5555.0,5556.0,5557.0,5558.0,5556.0,9
2016-07-28 01:21:00,2016-07-28 01:23:00,5555.0,5556.0,5557.0,5555.0,5557.0,5557.0,5558.0,5556.0,10
2016-07-28 01:23:00,2016-07-28 01:24:00,5556.0,5557.0,5558.0,5557.0,5557.0,5558.0,5559.0,5558.0,7
2016-07-28 01:24:00,2016-07-28 01:25:00,5557.0,5555.0,5556.0,5555.0,5558.0,5557.0,5558.0,5556.0,9
2016-07-28 01:25:00,2016-07-28 01:26:00,5555.0,5555.0,5555.0,5554.0,5557.0,5556.0,5556.0,5555.0,10
2016-07-28 01:26:00,2016-07-28 01:27:00,5555.0,5555.0,5556.0,5555.0,5556.0,5556.0,5557.0,5556.0,8
2016-07-28 01:27:00,2016-07-28 01:29:00,5555.0,5556.0,5556.0,5554.0,5557.0,5558.0,5558.0,5555.0,6
2016-07-28 01:29:00,2016-07-28 01:30:00,5556.0,5557.0,5558.0,5556.0,5558.0,5559.0,5559.0,5557.0,27
2016-07-28 01:30:00,2016-07-28 01:31:00,5557.0,5558.0,5559.0,5558.0,5559.0,5560.0,5560.0,5559.0,3
2016-07-28 01:31:00,2016-07-28 01:32:00,5558.0,5559.0,5559.0,5558.0,5560.0,5560.0,5560.0,5559.0,10
2016-07-28 01:32:00,2016-07-28 01:33:00,5559.0,5560.0,5561.0,5559.0,5560.0,5561.0,5562.0,5560.0,18
2016-07-28 01:33:00,2016-07-28 01:34:00,5560.0,5560.0,5561.0,5560.0,5561.0,5561.0,5562.0,5561.0,9
2016-07-28 01:34:00,2016-07-28 01:35:00,5560.0,5559.0,5560.0,5559.0,5561.0,5561.0,5561.0,5560.0,8
2016-07-28 01:35:00,2016-07-28 01:36:00,5559.0,5559.0,5560.0,5558.0,5561.0,5561.0,5561.0,5559.0,11
2016-07-28 01:36:00,2016-07-28 01:37:00,5559.0,5560.0,5561.0,5559.0,5561.0,5562.0,5562.0,5560.0,4
2016-07-28 01:37:00,2016-07-28 01:40:00,5561.0,5564.0,5564.0,5561.0,5562.0,5565.0,5565.0,5563.0,10
2016-07-28 01:40:00,2016-07-28 01:41:00,5564.0,5566.0,5568.0,5564.0,5565.0,5567.0,5569.0,5565.0,30
2016-07-28 01:41:00,2016-07-28 01:42:00,5566.0,5564.0,5566.0,5563.0,5567.0,5566.0,5567.0,5565.0,15
2016-07-28 01:42:00,2016-07-28 01:43:00,5564.0,5568.0,5568.0,5564.0,5566.0,5569.0,5569.0,5565.0,15
2016-07-28 01:43:00,2016-07-28 01:45:00,5566.0,5566.0,5567.0,5564.0,5567.0,5568.0,5568.0,5566.0,11
2016-07-28 01:45:00,2016-07-28 01:47:00,5568.0,5567.0,5569.0,5567.0,5569.0,5569.0,5570.0,5568.0,9
2016-07-28 01:47:00,2016-07-28 01:48:00,5567.0,5568.0,5569.0,5566.0,5569.0,5569.0,5570.0,5568.0,8
2016-07-28 01:48:00,2016-07-28 01:49:00,5568.0,5567.0,5567.0,5566.0,5569.0,5568.0,5568.0,5567.0,4
2016-07-28 01:49:00,2016-07-28 01:50:00,5567.0,5565.0,5566.0,5564.0,5568.0,5567.0,5568.0,5566.0,8
2016-07-28 01:50:00,2016-07-28 01:51:00,5565.0,5564.0,5567.0,5564.0,5567.0,5566.0,5568.0,5566.0,14
2016-07-28 01:51:00,2016-07-28 01:52:00,5564.0,5564.0,5566.0,5564.0,5566.0,5565.0,5568.0,5565.0,11
2016-07-28 01:52:00,2016-07-28 01:53:00,5564.0,5563.0,5565.0,5563.0,5565.0,5565.0,5566.0,5564.0,9
2016-07-28 01:53:00,2016-07-28 01:55:00,5565.0,5566.0,5566.0,5566.0,5566.0,5568.0,5568.0,5567.0,4
2016-07-28 01:55:00,2016-07-28 01:57:00,5566.0,5566.0,5567.0,5566.0,5568.0,5567.0,5568.0,5567.0,3
2016-07-28 01:57:00,2016-07-28 01:58:00,5566.0,5566.0,5567.0,5566.0,5567.0,5568.0,5568.0,5567.0,6
2016-07-28 01:58:00,2016-07-28 02:00:00,5564.0,5564.0,5565.0,5564.0,5566.0,5566.0,5566.0,5565.0,10
2016-07-28 02:00:00,2016-07-28 02:01:00,5564.0,5565.0,5565.0,5562.0,5566.0,5566.0,5566.0,5563.0,25
2016-07-28 02:01:00,2016-07-28 02:02:00,5565.0,5565.0,5567.0,5565.0,5566.0,5567.0,5568.0,5567.0,4
2016-07-28 02:02:00,2016-07-28 02:03:00,5565.0,5563.0,5565.0,5563.0,5567.0,5565.0,5566.0,5564.0,13
2016-07-28 02:03:00,2016-07-28 02:06:00,5565.0,5564.0,5566.0,5564.0,5566.0,5566.0,5568.0,5566.0,6
2016-07-28 02:06:00,2016-07-28 02:07:00,5564.0,5564.0,5564.0,5563.0,5566.0,5565.0,5565.0,5565.0,3
2016-07-28 02:07:00,2016-07-28 02:08:00,5564.0,5564.0,5565.0,5564.0,5565.0,5566.0,5566.0,5565.0,10
2016-07-28 02:08:00,2016-07-28 02:09:00,5564.0,5565.0,5565.0,5564.0,5566.0,5566.0,5566.0,5565.0,8
2016-07-28 02:09:00,2016-07-28 02:14:00,5567.0,5568.0,5568.0,5567.0,5568.0,5569.0,5570.0,5568.0,14
2016-07-28 02:14:00,2016-07-28 02:15:00,5568.0,5569.0,5570.0,5568.0,5569.0,5571.0,5571.0,5569.0,23
2016-07-28 02:15:00,2016-07-28 02:17:00,5569.0,5569.0,5570.0,5568.0,5570.0,5570.0,5571.0,5570.0,5
2016-07-28 02:17:00,2016-07-28 02:19:00,5569.0,5569.0,5570.0,5568.0,5570.0,5570.0,5571.0,5570.0,18
2016-07-28 02:19:00,2016-07-28 02:20:00,5569.0,5568.0,5569.0,5567.0,5570.0,5569.0,5570.0,5568.0,8
2016-07-28 02:20:00,2016-07-28 02:21:00,5568.0,5568.0,5568.0,5566.0,5569.0,5570.0,5570.0,5567.0,11
2016-07-28 02:21:00,2016-07-28 02:25:00,5569.0,5570.0,5570.0,5569.0,5570.0,5571.0,5571.0,5570.0,4
2016-07-28 02:25:00,2016-07-28 02:26:00,5570.0,5571.0,5571.0,5570.0,5571.0,5573.0,5573.0,5571.0,9
2016-07-28 02:26:00,2016-07-28 02:27:00,5571.0,5571.0,5572.0,5571.0,5573.0,5573.0,5573.0,5572.0,18
2016-07-28 02:27:00,2016-07-28 02:28:00,5571.0,5570.0,5573.0,5570.0,5573.0,5572.0,5574.0,5571.0,15
2016-07-28 02:28:00,2016-07-28 02:29:00,5570.0,5570.0,5571.0,5569.0,5572.0,5571.0,5572.0,5571.0,11
2016-07-28 02:29:00,2016-07-28 02:30:00,5570.0,5570.0,5571.0,5570.0,5571.0,5572.0,5572.0,5571.0,6
2016-07-28 02:30:00,2016-07-28 02:31:00,5570.0,5570.0,5571.0,5569.0,5572.0,5572.0,5572.0,5571.0,8
2016-07-28 02:31:00,2016-07-28 02:32:00,5570.0,5571.0,5572.0,5571.0,5572.0,5572.0,5573.0,5572.0,10
2016-07-28 02:32:00,2016-07-28 02:33:00,5571.0,5571.0,5573.0,5571.0,5572.0,5572.0,5574.0,5572.0,14
2016-07-28 02:33:00,2016-07-28 02:34:00,5571.0,5572.0,5573.0,5572.0,5572.0,5573.0,5574.0,5573.0,11
2016-07-28 02:34:00,2016-07-28 02:35:00,5572.0,5572.0,5573.0,5572.0,5573.0,5574.0,5574.0,5573.0,15
2016-07-28 02:35:00,2016-07-28 02:37:00,5573.0,5572.0,5573.0,5572.0,5574.0,5574.0,5574.0,5573.0,5
2016-07-28 02:37:00,2016-07-28 02:42:00,5573.0,5573.0,5574.0,5573.0,5575.0,5574.0,5575.0,5574.0,9
2016-07-28 02:42:00,2016-07-28 02:43:00,5573.0,5574.0,5575.0,5573.0,5574.0,5576.0,5576.0,5574.0,16
2016-07-28 02:43:00,2016-07-28 02:44:00,5574.0,5574.0,5575.0,5574.0,5576.0,5576.0,5576.0,5575.0,13
2016-07-28 02:44:00,2016-07-28 02:45:00,5574.0,5573.0,5575.0,5573.0,5576.0,5575.0,5576.0,5574.0,11
2016-07-28 02:45:00,2016-07-28 02:46:00,5573.0,5573.0,5574.0,5573.0,5575.0,5575.0,5575.0,5574.0,3
2016-07-28 02:46:00,2016-07-28 02:47:00,5573.0,5573.0,5573.0,5572.0,5575.0,5575.0,5575.0,5573.0,5
2016-07-28 02:47:00,2016-07-28 02:56:00,5572.0,5570.0,5571.0,5570.0,5573.0,5571.0,5573.0,5571.0,6
2016-07-28 02:56:00,2016-07-28 02:57:00,5570.0,5570.0,5571.0,5570.0,5571.0,5571.0,5572.0,5571.0,10
2016-07-28 02:57:00,2016-07-28 02:59:00,5569.0,5569.0,5570.0,5569.0,5570.0,5571.0,5571.0,5570.0,5
2016-07-28 02:59:00,2016-07-28 03:00:00,5569.0,5568.0,5569.0,5568.0,5571.0,5570.0,5570.0,5569.0,7
2016-07-28 03:00:00,2016-07-28 03:01:00,5568.0,5569.0,5570.0,5569.0,5570.0,5570.0,5571.0,5570.0,7
2016-07-28 03:01:00,2016-07-28 03:03:00,5569.0,5570.0,5570.0,5570.0,5571.0,5571.0,5572.0,5571.0,5
2016-07-28 03:03:00,2016-07-28 03:05:00,5570.0,5569.0,5571.0,5568.0,5571.0,5570.0,5572.0,5569.0,17
2016-07-28 03:05:00,2016-07-28 03:06:00,5569.0,5570.0,5571.0,5569.0,5570.0,5572.0,5572.0,5570.0,10
2016-07-28 03:06:00,2016-07-28 03:11:00,5570.0,5571.0,5571.0,5570.0,5571.0,5572.0,5572.0,5571.0,7
2016-07-28 03:11:00,2016-07-28 03:14:00,5572.0,5572.0,5573.0,5572.0,5574.0,5574.0,5574.0,5573.0,4
2016-07-28 03:14:00,2016-07-28 03:15:00,5572.0,5573.0,5573.0,5572.0,5574.0,5574.0,5574.0,5573.0,5
2016-07-28 03:15:00,2016-07-28 03:18:00,5572.0,5570.0,5571.0,5570.0,5573.0,5572.0,5573.0,5572.0,3
2016-07-28 03:18:00,2016-07-28 03:19:00,5570.0,5569.0,5571.0,5569.0,5572.0,5571.0,5572.0,5570.0,10
2016-07-28 03:19:00,2016-07-28 03:21:00,5568.0,5569.0,5570.0,5568.0,5570.0,5571.0,5571.0,5569.0,7
2016-07-28 03:21:00,2016-07-28 03:22:00,5569.0,5568.0,5569.0,5567.0,5571.0,5569.0,5570.0,5568.0,18
2016-07-28 03:22:00,2016-07-28 03:23:00,5568.0,5570.0,5571.0,5568.0,5569.0,5572.0,5572.0,5570.0,12
2016-07-28 03:23:00,2016-07-28 03:24:00,5570.0,5570.0,5571.0,5569.0,5572.0,5572.0,5572.0,5570.0,6
2016-07-28 03:24:00,2016-07-28 03:25:00,5570.0,5571.0,5572.0,5570.0,5572.0,5573.0,5573.0,5571.0,6
2016-07-28 03:25:00,2016-07-28 03:26:00,5571.0,5572.0,5573.0,5570.0,5573.0,5573.0,5574.0,5572.0,8
2016-07-28 03:26:00,2016-07-28 03:27:00,5572.0,5574.0,5574.0,5572.0,5573.0,5575.0,5575.0,5574.0,6
2016-07-28 03:27:00,2016-07-28 03:28:00,5574.0,5572.0,5572.0,5571.0,5575.0,5573.0,5574.0,5572.0,10
2016-07-28 03:28:00,2016-07-28 03:29:00,5572.0,5574.0,5574.0,5572.0,5573.0,5575.0,5575.0,5574.0,16
2016-07-28 03:29:00,2016-07-28 03:32:00,5573.0,5573.0,5574.0,5572.0,5574.0,5575.0,5576.0,5574.0,9
2016-07-28 03:32:00,2016-07-28 03:34:00,5574.0,5573.0,5574.0,5573.0,5575.0,5574.0,5576.0,5574.0,4
2016-07-28 03:34:00,2016-07-28 03:36:00,5572.0,5572.0,5574.0,5572.0,5573.0,5574.0,5576.0,5574.0,7
2016-07-28 03:36:00,2016-07-28 03:40:00,5574.0,5573.0,5573.0,5572.0,5575.0,5574.0,5575.0,5574.0,4
2016-07-28 03:40:00,2016-07-28 03:41:00,5573.0,5574.0,5574.0,5572.0,5574.0,5575.0,5575.0,5573.0,6
2016-07-28 03:41:00,2016-07-28 03:42:00,5574.0,5573.0,5573.0,5572.0,5575.0,5574.0,5574.0,5573.0,13
2016-07-28 03:42:00,2016-07-28 03:43:00,5573.0,5573.0,5574.0,5573.0,5574.0,5575.0,5575.0,5574.0,8
2016-07-28 03:43:00,2016-07-28 03:44:00,5573.0,5573.0,5573.0,5572.0,5575.0,5574.0,5575.0,5573.0,6
2016-07-28 03:44:00,2016-07-28 03:47:00,5571.0,5571.0,5572.0,5570.0,5572.0,5572.0,5573.0,5571.0,14
2016-07-28 03:47:00,2016-07-28 03:48:00,5571.0,5572.0,5572.0,5570.0,5572.0,5573.0,5573.0,5571.0,4
2016-07-28 03:48:00,2016-07-28 03:49:00,5572.0,5569.0,5571.0,5569.0,5573.0,5570.0,5572.0,5570.0,5
2016-07-28 03:49:00,2016-07-28 03:50:00,5569.0,5570.0,5571.0,5570.0,5570.0,5572.0,5573.0,5571.0,5
2016-07-28 03:50:00,2016-07-28 03:51:00,5570.0,5571.0,5571.0,5570.0,5572.0,5572.0,5573.0,5571.0,9
2016-07-28 03:51:00,2016-07-28 03:52:00,5571.0,5571.0,5572.0,5571.0,5572.0,5573.0,5573.0,5572.0,14
2016-07-28 03:52:00,2016-07-28 03:53:00,5571.0,5569.0,5571.0,5569.0,5573.0,5571.0,5572.0,5571.0,6
2016-07-28 03:53:00,2016-07-28 03:54:00,5569.0,5568.0,5569.0,5568.0,5571.0,5569.0,5570.0,5569.0,9
2016-07-28 03:54:00,2016-07-28 03:56:00,5567.0,5568.0,5568.0,5567.0,5569.0,5569.0,5570.0,5568.0,8
2016-07-28 03:56:00,2016-07-28 03:58:00,5568.0,5568.0,5568.0,5567.0,5569.0,5569.0,5569.0,5568.0,6
2016-07-28 03:58:00,2016-07-28 03:59:00,5568.0,5567.0,5568.0,5566.0,5569.0,5569.0,5569.0,5568.0,12
2016-07-28 03:59:00,2016-07-28 04:00:00,5567.0,5569.0,5570.0,5568.0,5569.0,5571.0,5571.0,5569.0,11
2016-07-28 04:00:00,2016-07-28 04:01:00,5569.0,5568.0,5569.0,5567.0,5571.0,5569.0,5570.0,5569.0,5
2016-07-28 04:01:00,2016-07-28 04:02:00,5568.0,5567.0,5568.0,5567.0,5569.0,5568.0,5569.0,5568.0,5
2016-07-28 04:02:00,2016-07-28 04:03:00,5567.0,5566.0,5566.0,5566.0,5568.0,5567.0,5568.0,5567.0,4
2016-07-28 04:03:00,2016-07-28 04:05:00,5566.0,5566.0,5566.0,5565.0,5567.0,5568.0,5568.0,5566.0,5
2016-07-28 04:05:00,2016-07-28 04:06:00,5566.0,5565.0,5566.0,5565.0,5568.0,5567.0,5567.0,5567.0,2
2016-07-28 04:06:00,2016-07-28 04:08:00,5565.0,5566.0,5566.0,5564.0,5566.0,5567.0,5568.0,5566.0,10
2016-07-28 04:08:00,2016-07-28 04:12:00,5567.0,5567.0,5568.0,5565.0,5568.0,5569.0,5569.0,5566.0,14
2016-07-28 04:12:00,2016-07-28 04:13:00,5567.0,5567.0,5569.0,5567.0,5569.0,5569.0,5570.0,5568.0,18
2016-07-28 04:13:00,2016-07-28 04:16:00,5567.0,5567.0,5568.0,5567.0,5568.0,5569.0,5569.0,5568.0,24
2016-07-28 04:16:00,2016-07-28 04:18:00,5567.0,5567.0,5567.0,5565.0,5568.0,5568.0,5569.0,5567.0,6
2016-07-28 04:18:00,2016-07-28 04:20:00,5566.0,5567.0,5568.0,5565.0,5567.0,5569.0,5569.0,5566.0,11
2016-07-28 04:20:00,2016-07-28 04:22:00,5568.0,5565.0,5567.0,5565.0,5569.0,5567.0,5569.0,5566.0,9
2016-07-28 04:22:00,2016-07-28 04:23:00,5565.0,5565.0,5566.0,5565.0,5567.0,5567.0,5567.0,5566.0,10
2016-07-28 04:23:00,2016-07-28 04:24:00,5565.0,5565.0,5566.0,5565.0,5567.0,5566.0,5567.0,5566.0,3
2016-07-28 04:24:00,2016-07-28 04:26:00,5566.0,5565.0,5565.0,5564.0,5567.0,5566.0,5567.0,5565.0,8
2016-07-28 04:26:00,2016-07-28 04:30:00,5564.0,5565.0,5565.0,5562.0,5566.0,5566.0,5566.0,5565.0,8
2016-07-28 04:30:00,2016-07-28 04:31:00,5565.0,5564.0,5564.0,5563.0,5566.0,5565.0,5565.0,5564.0,16
2016-07-28 04:31:00,2016-07-28 04:35:00,5565.0,5565.0,5566.0,5564.0,5566.0,5566.0,5567.0,5565.0,9
2016-07-28 04:35:00,2016-07-28 04:36:00,5565.0,5567.0,5567.0,5564.0,5566.0,5568.0,5568.0,5565.0,9
2016-07-28 04:36:00,2016-07-28 04:44:00,5567.0,5569.0,5569.0,5566.0,5568.0,5570.0,5570.0,5569.0,12
2016-07-28 04:44:00,2016-07-28 04:45:00,5569.0,5568.0,5570.0,5568.0,5570.0,5570.0,5571.0,5569.0,15
2016-07-28 04:45:00,2016-07-28 04:46:00,5568.0,5567.0,5569.0,5567.0,5570.0,5568.0,5570.0,5568.0,5
2016-07-28 04:46:00,2016-07-28 04:47:00,5567.0,5568.0,5569.0,5567.0,5568.0,5570.0,5570.0,5569.0,8
2016-07-28 04:47:00,2016-07-28 04:48:00,5568.0,5569.0,5570.0,5569.0,5570.0,5570.0,5571.0,5570.0,12
2016-07-28 04:48:00,2016-07-28 04:50:00,5570.0,5570.0,5571.0,5569.0,5571.0,5572.0,5572.0,5570.0,15
2016-07-28 04:50:00,2016-07-28 04:51:00,5570.0,5572.0,5572.0,5570.0,5572.0,5573.0,5573.0,5571.0,11
2016-07-28 04:51:00,2016-07-28 04:52:00,5572.0,5571.0,5572.0,5571.0,5573.0,5573.0,5573.0,5572.0,10
2016-07-28 04:52:00,2016-07-28 04:53:00,5571.0,5570.0,5572.0,5570.0,5573.0,5572.0,5573.0,5571.0,7
2016-07-28 04:53:00,2016-07-28 04:54:00,5570.0,5570.0,5571.0,5568.0,5572.0,5571.0,5572.0,5571.0,9
2016-07-28 04:54:00,2016-07-28 04:56:00,5570.0,5572.0,5572.0,5570.0,5571.0,5574.0,5574.0,5572.0,8
2016-07-28 04:56:00,2016-07-28 04:57:00,5572.0,5573.0,5573.0,5572.0,5574.0,5574.0,5574.0,5573.0,6
2016-07-28 04:57:00,2016-07-28 05:00:00,5573.0,5572.0,5573.0,5571.0,5574.0,5573.0,5574.0,5572.0,22
2016-07-28 05:00:00,2016-07-28 05:01:00,5572.0,5572.0,5573.0,5571.0,5573.0,5573.0,5574.0,5572.0,13
2016-07-28 05:01:00,2016-07-28 05:02:00,5572.0,5572.0,5573.0,5572.0,5573.0,5573.0,5574.0,5573.0,4
2016-07-28 05:02:00,2016-07-28 05:05:00,5573.0,5572.0,5574.0,5572.0,5574.0,5573.0,5575.0,5573.0,15
2016-07-28 05:05:00,2016-07-28 05:06:00,5572.0,5573.0,5574.0,5571.0,5573.0,5574.0,5575.0,5574.0,6
2016-07-28 05:06:00,2016-07-28 05:08:00,5573.0,5571.0,5573.0,5571.0,5574.0,5573.0,5575.0,5572.0,10
2016-07-28 05:08:00,2016-07-28 05:09:00,5571.0,5569.0,5571.0,5569.0,5573.0,5571.0,5572.0,5571.0,10
2016-07-28 05:09:00,2016-07-28 05:12:00,5569.0,5570.0,5570.0,5569.0,5571.0,5571.0,5571.0,5570.0,7
2016-07-28 05:12:00,2016-07-28 05:13:00,5570.0,5569.0,5571.0,5569.0,5571.0,5571.0,5572.0,5570.0,10
2016-07-28 05:13:00,2016-07-28 05:14:00,5569.0,5571.0,5571.0,5569.0,5571.0,5572.0,5572.0,5570.0,5
2016-07-28 05:14:00,2016-07-28 05:16:00,5571.0,5570.0,5571.0,5570.0,5572.0,5572.0,5572.0,5571.0,19
2016-07-28 05:16:00,2016-07-28 05:20:00,5570.0,5569.0,5570.0,5567.0,5571.0,5570.0,5572.0,5569.0,12
2016-07-28 05:20:00,2016-07-28 05:24:00,5568.0,5570.0,5570.0,5569.0,5569.0,5571.0,5572.0,5570.0,10
2016-07-28 05:24:00,2016-07-28 05:25:00,5570.0,5570.0,5570.0,5569.0,5571.0,5572.0,5572.0,5570.0,4
2016-07-28 05:25:00,2016-07-28 05:26:00,5570.0,5571.0,5571.0,5569.0,5572.0,5572.0,5572.0,5570.0,10
2016-07-28 05:26:00,2016-07-28 05:27:00,5571.0,5569.0,5570.0,5569.0,5572.0,5571.0,5572.0,5570.0,11
2016-07-28 05:27:00,2016-07-28 05:28:00,5569.0,5569.0,5570.0,5569.0,5571.0,5571.0,5571.0,5570.0,11
2016-07-28 05:28:00,2016-07-28 05:29:00,5569.0,5571.0,5571.0,5570.0,5571.0,5572.0,5572.0,5571.0,17
2016-07-28 05:29:00,2016-07-28 05:30:00,5571.0,5571.0,5571.0,5569.0,5572.0,5572.0,5573.0,5571.0,12
2016-07-28 05:30:00,2016-07-28 05:31:00,5571.0,5570.0,5570.0,5570.0,5572.0,5572.0,5572.0,5571.0,3
2016-07-28 05:31:00,2016-07-28 05:33:00,5570.0,5569.0,5570.0,5569.0,5571.0,5570.0,5571.0,5570.0,12
2016-07-28 05:33:00,2016-07-28 05:34:00,5569.0,5568.0,5569.0,5568.0,5570.0,5570.0,5571.0,5570.0,7
2016-07-28 05:34:00,2016-07-28 05:35:00,5568.0,5568.0,5569.0,5568.0,5570.0,5569.0,5570.0,5569.0,11
2016-07-28 05:35:00,2016-07-28 05:42:00,5569.0,5570.0,5570.0,5568.0,5570.0,5572.0,5573.0,5570.0,8
2016-07-28 05:42:00,2016-07-28 05:43:00,5570.0,5569.0,5570.0,5569.0,5572.0,5571.0,5571.0,5570.0,6
2016-07-28 05:43:00,2016-07-28 05:44:00,5569.0,5572.0,5573.0,5569.0,5571.0,5574.0,5574.0,5571.0,23
2016-07-28 05:44:00,2016-07-28 05:45:00,5572.0,5571.0,5572.0,5571.0,5574.0,5573.0,5574.0,5572.0,6
2016-07-28 05:45:00,2016-07-28 05:46:00,5571.0,5571.0,5572.0,5571.0,5573.0,5572.0,5573.0,5572.0,11
2016-07-28 05:46:00,2016-07-28 05:48:00,5571.0,5570.0,5570.0,5569.0,5572.0,5571.0,5572.0,5570.0,6
2016-07-28 05:48:00,2016-07-28 05:50:00,5570.0,5569.0,5570.0,5569.0,5572.0,5570.0,5571.0,5570.0,8
2016-07-28 05:50:00,2016-07-28 05:51:00,5569.0,5568.0,5569.0,5568.0,5570.0,5569.0,5570.0,5569.0,13
2016-07-28 05:51:00,2016-07-28 05:52:00,5568.0,5568.0,5569.0,5567.0,5569.0,5570.0,5570.0,5568.0,13
2016-07-28 05:52:00,2016-07-28 05:54:00,5568.0,5569.0,5569.0,5567.0,5569.0,5570.0,5571.0,5569.0,16
2016-07-28 05:54:00,2016-07-28 05:56:00,5569.0,5568.0,5569.0,5567.0,5570.0,5570.0,5571.0,5569.0,19
2016-07-28 05:56:00,2016-07-28 05:59:00,5568.0,5569.0,5569.0,5568.0,5569.0,5571.0,5571.0,5570.0,4
2016-07-28 05:59:00,2016-07-28 06:00:00,5569.0,5566.0,5569.0,5566.0,5571.0,5568.0,5570.0,5567.0,18
2016-07-28 06:00:00,2016-07-28 06:01:00,5566.0,5567.0,5568.0,5566.0,5568.0,5569.0,5569.0,5567.0,10
2016-07-28 06:01:00,2016-07-28 06:02:00,5567.0,5568.0,5568.0,5567.0,5569.0,5569.0,5569.0,5568.0,10
2016-07-28 06:02:00,2016-07-28 06:03:00,5568.0,5569.0,5569.0,5568.0,5569.0,5570.0,5571.0,5569.0,7
2016-07-28 06:03:00,2016-07-28 06:04:00,5569.0,5570.0,5571.0,5569.0,5570.0,5572.0,5572.0,5570.0,16
2016-07-28 06:04:00,2016-07-28 06:05:00,5570.0,5571.0,5572.0,5571.0,5572.0,5572.0,5573.0,5572.0,7
2016-07-28 06:05:00,2016-07-28 06:06:00,5571.0,5570.0,5571.0,5568.0,5572.0,5571.0,5573.0,5571.0,5
2016-07-28 06:06:00,2016-07-28 06:07:00,5570.0,5569.0,5571.0,5569.0,5571.0,5571.0,5572.0,5571.0,22
2016-07-28 06:07:00,2016-07-28 06:08:00,5569.0,5568.0,5571.0,5567.0,5571.0,5570.0,5572.0,5570.0,29
2016-07-28 06:08:00,2016-07-28 06:09:00,5568.0,5565.0,5567.0,5565.0,5570.0,5566.0,5569.0,5566.0,23
2016-07-28 06:09:00,2016-07-28 06:10:00,5565.0,5564.0,5567.0,5563.0,5566.0,5565.0,5569.0,5565.0,64
2016-07-28 06:10:00,2016-07-28 06:11:00,5564.0,5565.0,5566.0,5564.0,5565.0,5566.0,5567.0,5565.0,22
2016-07-28 06:11:00,2016-07-28 06:12:00,5565.0,5561.0,5564.0,5561.0,5566.0,5564.0,5565.0,5563.0,11
2016-07-28 06:12:00,2016-07-28 06:13:00,5561.0,5563.0,5564.0,5563.0,5564.0,5564.0,5565.0,5564.0,7
2016-07-28 06:13:00,2016-07-28 06:15:00,5564.0,5565.0,5566.0,5564.0,5565.0,5566.0,5567.0,5566.0,24
2016-07-28 06:15:00,2016-07-28 06:16:00,5565.0,5566.0,5566.0,5565.0,5566.0,5567.0,5567.0,5566.0,18
2016-07-28 06:16:00,2016-07-28 06:17:00,5566.0,5566.0,5567.0,5566.0,5567.0,5568.0,5568.0,5568.0,7
2016-07-28 06:17:00,2016-07-28 06:18:00,5566.0,5563.0,5566.0,5561.0,5568.0,5565.0,5567.0,5563.0,12
2016-07-28 06:18:00,2016-07-28 06:19:00,5563.0,5566.0,5566.0,5564.0,5565.0,5567.0,5567.0,5565.0,7
2016-07-28 06:19:00,2016-07-28 06:21:00,5566.0,5566.0,5567.0,5564.0,5567.0,5568.0,5569.0,5567.0,11
2016-07-28 06:21:00,2016-07-28 06:22:00,5566.0,5565.0,5566.0,5565.0,5568.0,5567.0,5567.0,5566.0,6
2016-07-28 06:22:00,2016-07-28 06:23:00,5565.0,5564.0,5566.0,5564.0,5567.0,5565.0,5567.0,5565.0,8
2016-07-28 06:23:00,2016-07-28 06:24:00,5564.0,5563.0,5565.0,5563.0,5565.0,5564.0,5567.0,5564.0,19
2016-07-28 06:24:00,2016-07-28 06:25:00,5563.0,5566.0,5567.0,5563.0,5564.0,5568.0,5568.0,5564.0,18
2016-07-28 06:25:00,2016-07-28 06:26:00,5566.0,5566.0,5566.0,5564.0,5568.0,5567.0,5567.0,5565.0,10
2016-07-28 06:26:00,2016-07-28 06:27:00,5566.0,5568.0,5568.0,5565.0,5567.0,5569.0,5569.0,5567.0,8
2016-07-28 06:27:00,2016-07-28 06:29:00,5568.0,5571.0,5571.0,5568.0,5570.0,5572.0,5572.0,5569.0,25
2016-07-28 06:29:00,2016-07-28 07:10:00,5571.0,5569.0,5573.0,5569.0,5572.0,5571.0,5574.0,5570.0,30
2016-07-28 07:10:00,2016-07-28 07:11:00,5569.0,5570.0,5570.0,5566.0,5571.0,5571.0,5571.0,5568.0,27
2016-07-28 07:11:00,2016-07-28 07:12:00,5570.0,5569.0,5570.0,5568.0,5571.0,5570.0,5572.0,5570.0,5
2016-07-28 07:12:00,2016-07-28 07:13:00,5569.0,5571.0,5571.0,5569.0,5570.0,5573.0,5573.0,5571.0,16
2016-07-28 07:13:00,2016-07-28 07:14:00,5571.0,5571.0,5572.0,5570.0,5573.0,5573.0,5573.0,5571.0,8
2016-07-28 07:14:00,2016-07-28 07:15:00,5571.0,5569.0,5571.0,5569.0,5573.0,5571.0,5572.0,5570.0,9
2016-07-28 07:15:00,2016-07-28 07:16:00,5569.0,5570.0,5571.0,5569.0,5571.0,5571.0,5572.0,5571.0,10
2016-07-28 07:16:00,2016-07-28 07:17:00,5570.0,5568.0,5569.0,5568.0,5571.0,5570.0,5571.0,5570.0,2
2016-07-28 07:17:00,2016-07-28 07:18:00,5568.0,5567.0,5568.0,5567.0,5570.0,5569.0,5569.0,5569.0,18
2016-07-28 07:18:00,2016-07-28 07:19:00,5567.0,5566.0,5568.0,5565.0,5569.0,5567.0,5570.0,5567.0,26
2016-07-28 07:19:00,2016-07-28 07:20:00,5566.0,5565.0,5566.0,5564.0,5567.0,5567.0,5568.0,5566.0,17
2016-07-28 07:20:00,2016-07-28 07:21:00,5565.0,5565.0,5567.0,5565.0,5567.0,5569.0,5569.0,5567.0,11
2016-07-28 07:21:00,2016-07-28 07:22:00,5565.0,5567.0,5568.0,5566.0,5569.0,5569.0,5570.0,5568.0,19
2016-07-28 07:22:00,2016-07-28 07:23:00,5567.0,5567.0,5570.0,5567.0,5569.0,5568.0,5571.0,5568.0,23
2016-07-28 07:23:00,2016-07-28 07:24:00,5567.0,5565.0,5566.0,5565.0,5568.0,5567.0,5569.0,5567.0,4
2016-07-28 07:24:00,2016-07-28 07:25:00,5565.0,5571.0,5571.0,5565.0,5567.0,5573.0,5573.0,5568.0,16
2016-07-28 07:25:00,2016-07-28 07:26:00,5571.0,5572.0,5572.0,5571.0,5573.0,5574.0,5574.0,5574.0,2
2016-07-28 07:26:00,2016-07-28 07:27:00,5572.0,5572.0,5572.0,5572.0,5574.0,5576.0,5576.0,5575.0,2
2016-07-28 07:27:00,2016-07-28 07:28:00,5572.0,5574.0,5574.0,5574.0,5576.0,5575.0,5576.0,5575.0,2
2016-07-28 07:28:00,2016-07-28 07:29:00,5574.0,5576.0,5576.0,5574.0,5575.0,5578.0,5578.0,5576.0,8
2016-07-28 07:29:00,2016-07-28 07:30:00,5576.0,5579.0,5581.0,5576.0,5578.0,5581.0,5583.0,5577.0,19
2016-07-28 07:30:00,2016-07-28 07:31:00,5579.0,5577.0,5580.0,5577.0,5581.0,5579.0,5582.0,5578.0,10
2016-07-28 07:31:00,2016-07-28 07:32:00,5577.0,5576.0,5577.0,5576.0,5579.0,5577.0,5578.0,5577.0,3
2016-07-28 07:32:00,2016-07-28 07:33:00,5576.0,5575.0,5575.0,5573.0,5577.0,5577.0,5579.0,5576.0,5
2016-07-28 07:33:00,2016-07-28 07:35:00,5575.0,5577.0,5577.0,5575.0,5577.0,5578.0,5578.0,5577.0,5
2016-07-28 07:35:00,2016-07-28 07:36:00,5577.0,5577.0,5577.0,5575.0,5578.0,5578.0,5579.0,5578.0,6
2016-07-28 07:36:00,2016-07-28 07:38:00,5577.0,5581.0,5583.0,5576.0,5578.0,5583.0,5584.0,5578.0,25
2016-07-28 07:38:00,2016-07-28 07:39:00,5581.0,5582.0,5584.0,5581.0,5583.0,5583.0,5585.0,5583.0,13
2016-07-28 07:39:00,2016-07-28 07:40:00,5582.0,5581.0,5582.0,5580.0,5583.0,5582.0,5583.0,5582.0,20
2016-07-28 07:40:00,2016-07-28 07:41:00,5581.0,5580.0,5581.0,5580.0,5582.0,5581.0,5583.0,5581.0,10
2016-07-28 07:41:00,2016-07-28 07:42:00,5580.0,5581.0,5582.0,5580.0,5581.0,5582.0,5583.0,5582.0,25
2016-07-28 07:42:00,2016-07-28 07:43:00,5581.0,5580.0,5581.0,5580.0,5582.0,5582.0,5582.0,5581.0,9
2016-07-28 07:43:00,2016-07-28 07:45:00,5579.0,5581.0,5582.0,5581.0,5581.0,5582.0,5584.0,5582.0,12
2016-07-28 07:45:00,2016-07-28 07:46:00,5581.0,5580.0,5581.0,5579.0,5582.0,5582.0,5583.0,5580.0,13
2016-07-28 07:46:00,2016-07-28 07:47:00,5580.0,5580.0,5581.0,5578.0,5582.0,5581.0,5583.0,5580.0,16
2016-07-28 07:47:00,2016-07-28 07:48:00,5580.0,5580.0,5581.0,5579.0,5581.0,5581.0,5583.0,5581.0,24
2016-07-28 07:48:00,2016-07-28 07:49:00,5580.0,5580.0,5581.0,5580.0,5581.0,5582.0,5583.0,5582.0,7
2016-07-28 07:49:00,2016-07-28 07:50:00,5580.0,5580.0,5580.0,5579.0,5582.0,5582.0,5582.0,5581.0,4
2016-07-28 07:50:00,2016-07-28 07:51:00,5580.0,5579.0,5580.0,5578.0,5582.0,5581.0,5582.0,5580.0,8
2016-07-28 07:51:00,2016-07-28 07:52:00,5579.0,5578.0,5578.0,5578.0,5581.0,5580.0,5581.0,5580.0,2
2016-07-28 07:52:00,2016-07-28 07:53:00,5578.0,5577.0,5578.0,5577.0,5580.0,5579.0,5579.0,5579.0,2
2016-07-28 07:53:00,2016-07-28 07:54:00,5577.0,5577.0,5578.0,5577.0,5579.0,5579.0,5580.0,5578.0,4
2016-07-28 07:54:00,2016-07-28 07:55:00,5577.0,5577.0,5578.0,5577.0,5579.0,5579.0,5580.0,5579.0,3
2016-07-28 07:55:00,2016-07-28 07:57:00,5576.0,5575.0,5576.0,5575.0,5578.0,5577.0,5578.0,5577.0,5
2016-07-28 07:57:00,2016-07-28 07:58:00,5575.0,5575.0,5576.0,5574.0,5577.0,5577.0,5578.0,5577.0,5
2016-07-28 07:58:00,2016-07-28 07:59:00,5575.0,5577.0,5577.0,5576.0,5577.0,5579.0,5579.0,5577.0,3
2016-07-28 07:59:00,2016-07-28 08:02:00,5576.0,5578.0,5578.0,5577.0,5578.0,5580.0,5580.0,5578.0,4
2016-07-28 08:02:00,2016-07-28 08:03:00,5578.0,5577.0,5580.0,5577.0,5580.0,5578.0,5581.0,5578.0,10
2016-07-28 08:03:00,2016-07-28 08:04:00,5577.0,5577.0,5578.0,5576.0,5578.0,5578.0,5579.0,5577.0,14
2016-07-28 08:04:00,2016-07-28 08:05:00,5577.0,5577.0,5577.0,5576.0,5578.0,5578.0,5579.0,5577.0,9
2016-07-28 08:05:00,2016-07-28 08:06:00,5577.0,5577.0,5577.0,5575.0,5578.0,5578.0,5578.0,5576.0,11
2016-07-28 08:06:00,2016-07-28 08:08:00,5575.0,5574.0,5575.0,5574.0,5577.0,5576.0,5577.0,5576.0,10
2016-07-28 08:08:00,2016-07-28 08:09:00,5574.0,5575.0,5575.0,5574.0,5576.0,5578.0,5578.0,5577.0,3
2016-07-28 08:09:00,2016-07-28 08:10:00,5575.0,5576.0,5576.0,5576.0,5578.0,5578.0,5578.0,5578.0,1
2016-07-28 08:10:00,2016-07-28 08:11:00,5576.0,5575.0,5576.0,5574.0,5578.0,5576.0,5577.0,5575.0,6
2016-07-28 08:11:00,2016-07-28 08:13:00,5575.0,5576.0,5576.0,5576.0,5577.0,5578.0,5578.0,5578.0,1
2016-07-28 08:13:00,2016-07-28 08:14:00,5576.0,5575.0,5576.0,5574.0,5578.0,5576.0,5577.0,5576.0,4
2016-07-28 08:14:00,2016-07-28 08:16:00,5575.0,5573.0,5574.0,5573.0,5576.0,5575.0,5576.0,5574.0,17
2016-07-28 08:16:00,2016-07-28 08:19:00,5572.0,5573.0,5573.0,5572.0,5573.0,5575.0,5575.0,5574.0,3
2016-07-28 08:19:00,2016-07-28 08:20:00,5573.0,5573.0,5574.0,5572.0,5575.0,5574.0,5575.0,5574.0,4
2016-07-28 08:20:00,2016-07-28 08:21:00,5573.0,5573.0,5573.0,5571.0,5574.0,5574.0,5574.0,5572.0,9
2016-07-28 08:21:00,2016-07-28 08:22:00,5573.0,5573.0,5573.0,5571.0,5574.0,5574.0,5575.0,5574.0,8
2016-07-28 08:22:00,2016-07-28 08:25:00,5574.0,5574.0,5575.0,5573.0,5575.0,5576.0,5576.0,5574.0,7
2016-07-28 08:25:00,2016-07-28 08:26:00,5574.0,5575.0,5576.0,5574.0,5576.0,5577.0,5577.0,5576.0,7
2016-07-28 08:26:00,2016-07-28 08:27:00,5575.0,5576.0,5576.0,5575.0,5577.0,5577.0,5577.0,5576.0,9
2016-07-28 08:27:00,2016-07-28 08:31:00,5575.0,5576.0,5576.0,5575.0,5577.0,5578.0,5578.0,5576.0,12
2016-07-28 08:31:00,2016-07-28 08:32:00,5576.0,5572.0,5576.0,5571.0,5578.0,5574.0,5577.0,5573.0,18
2016-07-28 08:32:00,2016-07-28 08:33:00,5572.0,5573.0,5573.0,5572.0,5574.0,5574.0,5575.0,5574.0,4
2016-07-28 08:33:00,2016-07-28 08:34:00,5573.0,5572.0,5572.0,5570.0,5574.0,5573.0,5575.0,5573.0,5
2016-07-28 08:34:00,2016-07-28 08:36:00,5572.0,5570.0,5572.0,5570.0,5574.0,5571.0,5573.0,5571.0,9
2016-07-28 08:36:00,2016-07-28 08:41:00,5571.0,5572.0,5572.0,5572.0,5572.0,5574.0,5574.0,5573.0,2
2016-07-28 08:41:00,2016-07-28 08:42:00,5572.0,5571.0,5572.0,5571.0,5574.0,5573.0,5573.0,5573.0,2
2016-07-28 08:42:00,2016-07-28 08:48:00,5572.0,5569.0,5572.0,5569.0,5573.0,5573.0,5573.0,5573.0,4
2016-07-28 08:48:00,2016-07-28 08:50:00,5571.0,5571.0,5572.0,5571.0,5572.0,5573.0,5574.0,5573.0,7
2016-07-28 08:50:00,2016-07-28 08:51:00,5571.0,5572.0,5573.0,5571.0,5573.0,5574.0,5574.0,5572.0,12
2016-07-28 08:51:00,2016-07-28 08:52:00,5572.0,5572.0,5574.0,5572.0,5574.0,5574.0,5575.0,5574.0,18
2016-07-28 08:52:00,2016-07-28 08:59:00,5570.0,5571.0,5571.0,5571.0,5574.0,5573.0,5574.0,5573.0,3
2016-07-28 08:59:00,2016-07-28 09:00:00,5571.0,5570.0,5571.0,5570.0,5573.0,5572.0,5572.0,5572.0,2
2016-07-28 09:00:00,2016-07-28 09:01:00,5570.0,5572.0,5572.0,5571.0,5572.0,5573.0,5573.0,5572.0,3
2016-07-28 09:01:00,2016-07-28 09:05:00,5572.0,5573.0,5573.0,5571.0,5573.0,5574.0,5574.0,5573.0,3
2016-07-28 09:05:00,2016-07-28 09:06:00,5573.0,5572.0,5573.0,5572.0,5574.0,5573.0,5575.0,5573.0,4
2016-07-28 09:06:00,2016-07-28 09:07:00,5572.0,5570.0,5571.0,5569.0,5573.0,5571.0,5572.0,5571.0,5
2016-07-28 09:07:00,2016-07-28 09:10:00,5569.0,5567.0,5569.0,5567.0,5570.0,5571.0,5571.0,5569.0,4
2016-07-28 09:10:00,2016-07-28 09:11:00,5567.0,5569.0,5569.0,5569.0,5571.0,5570.0,5570.0,5570.0,1
2016-07-28 09:11:00,2016-07-28 09:15:00,5569.0,5570.0,5570.0,5569.0,5571.0,5571.0,5572.0,5570.0,5
2016-07-28 09:15:00,2016-07-28 09:18:00,5569.0,5568.0,5569.0,5568.0,5571.0,5570.0,5570.0,5570.0,2
2016-07-28 09:18:00,2016-07-28 09:21:00,5567.0,5567.0,5567.0,5565.0,5568.0,5568.0,5568.0,5566.0,14
2016-07-28 09:21:00,2016-07-28 09:22:00,5567.0,5567.0,5567.0,5566.0,5568.0,5568.0,5568.0,5568.0,8
2016-07-28 09:22:00,2016-07-28 09:23:00,5567.0,5565.0,5567.0,5565.0,5568.0,5567.0,5569.0,5567.0,13
2016-07-28 09:23:00,2016-07-28 09:24:00,5565.0,5566.0,5567.0,5565.0,5567.0,5568.0,5568.0,5566.0,12
2016-07-28 09:24:00,2016-07-28 09:25:00,5566.0,5566.0,5567.0,5566.0,5568.0,5568.0,5568.0,5567.0,5
2016-07-28 09:25:00,2016-07-28 09:26:00,5566.0,5568.0,5568.0,5566.0,5568.0,5569.0,5569.0,5567.0,4
2016-07-28 09:26:00,2016-07-28 09:27:00,5568.0,5568.0,5568.0,5568.0,5569.0,5570.0,5570.0,5569.0,3
2016-07-28 09:27:00,2016-07-28 09:28:00,5568.0,5570.0,5570.0,5568.0,5570.0,5571.0,5571.0,5570.0,5
2016-07-28 09:28:00,2016-07-28 09:30:00,5569.0,5570.0,5570.0,5568.0,5571.0,5571.0,5571.0,5570.0,12
2016-07-28 09:30:00,2016-07-28 09:31:00,5570.0,5569.0,5570.0,5569.0,5571.0,5570.0,5571.0,5570.0,4
2016-07-28 09:31:00,2016-07-28 09:32:00,5569.0,5568.0,5570.0,5568.0,5570.0,5570.0,5571.0,5569.0,13
2016-07-28 09:32:00,2016-07-28 09:33:00,5568.0,5568.0,5568.0,5567.0,5570.0,5569.0,5569.0,5569.0,3
2016-07-28 09:33:00,2016-07-28 09:35:00,5569.0,5568.0,5569.0,5567.0,5570.0,5570.0,5572.0,5570.0,3
2016-07-28 09:35:00,2016-07-28 09:37:00,5568.0,5568.0,5568.0,5566.0,5570.0,5570.0,5572.0,5570.0,2
2016-07-28 09:37:00,2016-07-28 09:43:00,5568.0,5569.0,5569.0,5569.0,5569.0,5571.0,5571.0,5570.0,4
2016-07-28 09:43:00,2016-07-28 09:47:00,5570.0,5570.0,5570.0,5568.0,5572.0,5572.0,5574.0,5572.0,3
2016-07-28 09:47:00,2016-07-28 09:49:00,5570.0,5569.0,5571.0,5568.0,5572.0,5571.0,5572.0,5571.0,10
2016-07-28 09:49:00,2016-07-28 09:52:00,5569.0,5570.0,5570.0,5568.0,5571.0,5571.0,5571.0,5570.0,6
2016-07-28 09:52:00,2016-07-28 09:53:00,5570.0,5570.0,5570.0,5569.0,5571.0,5571.0,5572.0,5570.0,8
2016-07-28 09:53:00,2016-07-28 09:58:00,5567.0,5566.0,5567.0,5566.0,5569.0,5568.0,5568.0,5567.0,6
2016-07-28 09:58:00,2016-07-28 09:59:00,5566.0,5568.0,5568.0,5566.0,5568.0,5569.0,5569.0,5568.0,12
2016-07-28 09:59:00,2016-07-28 10:00:00,5568.0,5568.0,5568.0,5567.0,5569.0,5569.0,5570.0,5568.0,8
2016-07-28 10:00:00,2016-07-28 10:01:00,5568.0,5568.0,5569.0,5566.0,5569.0,5569.0,5572.0,5569.0,5
2016-07-28 10:01:00,2016-07-28 10:03:00,5568.0,5569.0,5570.0,5568.0,5570.0,5571.0,5571.0,5570.0,6
2016-07-28 10:03:00,2016-07-28 10:04:00,5569.0,5568.0,5569.0,5568.0,5571.0,5569.0,5570.0,5569.0,3
2016-07-28 10:04:00,2016-07-28 10:05:00,5568.0,5567.0,5567.0,5567.0,5569.0,5569.0,5569.0,5569.0,1
2016-07-28 10:05:00,2016-07-28 10:06:00,5567.0,5568.0,5568.0,5568.0,5569.0,5570.0,5570.0,5569.0,2
2016-07-28 10:06:00,2016-07-28 10:11:00,5569.0,5567.0,5568.0,5566.0,5570.0,5568.0,5571.0,5568.0,5
2016-07-28 10:11:00,2016-07-28 10:13:00,5567.0,5567.0,5567.0,5566.0,5568.0,5568.0,5570.0,5568.0,4
2016-07-28 10:13:00,2016-07-28 10:14:00,5567.0,5566.0,5567.0,5566.0,5568.0,5568.0,5569.0,5567.0,4
2016-07-28 10:14:00,2016-07-28 10:18:00,5566.0,5564.0,5566.0,5564.0,5567.0,5565.0,5567.0,5565.0,8
2016-07-28 10:18:00,2016-07-28 10:22:00,5566.0,5565.0,5566.0,5565.0,5567.0,5567.0,5567.0,5567.0,3
2016-07-28 10:22:00,2016-07-28 10:23:00,5565.0,5566.0,5566.0,5563.0,5567.0,5567.0,5567.0,5566.0,6
2016-07-28 10:23:00,2016-07-28 10:25:00,5565.0,5565.0,5565.0,5563.0,5567.0,5567.0,5567.0,5566.0,6
2016-07-28 10:25:00,2016-07-28 10:26:00,5565.0,5567.0,5567.0,5566.0,5567.0,5569.0,5569.0,5567.0,9
2016-07-28 10:26:00,2016-07-28 10:27:00,5567.0,5568.0,5568.0,5567.0,5569.0,5569.0,5570.0,5569.0,5
2016-07-28 10:27:00,2016-07-28 10:28:00,5568.0,5568.0,5568.0,5567.0,5569.0,5569.0,5569.0,5569.0,6
2016-07-28 10:28:00,2016-07-28 10:30:00,5568.0,5567.0,5569.0,5567.0,5569.0,5569.0,5570.0,5568.0,7
2016-07-28 10:30:00,2016-07-28 10:34:00,5567.0,5568.0,5569.0,5568.0,5569.0,5570.0,5570.0,5569.0,8
2016-07-28 10:34:00,2016-07-28 10:35:00,5568.0,5568.0,5568.0,5566.0,5570.0,5569.0,5571.0,5569.0,3
2016-07-28 10:35:00,2016-07-28 10:37:00,5567.0,5568.0,5568.0,5566.0,5568.0,5569.0,5570.0,5569.0,4
2016-07-28 10:37:00,2016-07-28 10:38:00,5568.0,5567.0,5568.0,5567.0,5569.0,5569.0,5570.0,5569.0,5
2016-07-28 10:38:00,2016-07-28 10:40:00,5568.0,5568.0,5569.0,5568.0,5569.0,5570.0,5570.0,5569.0,5
2016-07-28 10:40:00,2016-07-28 10:41:00,5568.0,5568.0,5569.0,5568.0,5570.0,5569.0,5570.0,5569.0,5
2016-07-28 10:41:00,2016-07-28 10:42:00,5568.0,5567.0,5567.0,5567.0,5569.0,5569.0,5569.0,5568.0,5
2016-07-28 10:42:00,2016-07-28 10:45:00,5568.0,5566.0,5567.0,5566.0,5569.0,5567.0,5569.0,5567.0,4
2016-07-28 10:45:00,2016-07-28 10:49:00,5566.0,5565.0,5566.0,5565.0,5567.0,5566.0,5567.0,5566.0,4
2016-07-28 10:49:00,2016-07-28 10:50:00,5565.0,5565.0,5566.0,5563.0,5566.0,5567.0,5567.0,5566.0,6
2016-07-28 10:50:00,2016-07-28 10:53:00,5565.0,5565.0,5565.0,5564.0,5567.0,5566.0,5566.0,5565.0,6
2016-07-28 10:53:00,2016-07-28 10:56:00,5564.0,5563.0,5564.0,5563.0,5566.0,5565.0,5565.0,5565.0,2
2016-07-28 10:56:00,2016-07-28 10:59:00,5564.0,5562.0,5562.0,5562.0,5565.0,5567.0,5567.0,5567.0,1
2016-07-28 10:59:00,2016-07-28 11:00:00,5562.0,5564.0,5565.0,5563.0,5567.0,5566.0,5566.0,5565.0,13
2016-07-28 11:00:00,2016-07-28 11:01:00,5564.0,5565.0,5565.0,5565.0,5566.0,5567.0,5567.0,5566.0,2
2016-07-28 11:01:00,2016-07-28 11:03:00,5565.0,5564.0,5565.0,5564.0,5567.0,5566.0,5566.0,5566.0,2
2016-07-28 11:03:00,2016-07-28 11:04:00,5564.0,5563.0,5564.0,5561.0,5566.0,5564.0,5565.0,5562.0,13
2016-07-28 11:04:00,2016-07-28 11:06:00,5562.0,5561.0,5562.0,5561.0,5564.0,5563.0,5563.0,5563.0,2
2016-07-28 11:06:00,2016-07-28 11:08:00,5562.0,5561.0,5562.0,5561.0,5563.0,5562.0,5563.0,5562.0,10
2016-07-28 11:08:00,2016-07-28 11:09:00,5561.0,5560.0,5562.0,5560.0,5562.0,5562.0,5563.0,5561.0,8
2016-07-28 11:09:00,2016-07-28 11:10:00,5560.0,5560.0,5560.0,5559.0,5562.0,5561.0,5562.0,5560.0,9
2016-07-28 11:10:00,2016-07-28 11:13:00,5559.0,5559.0,5560.0,5559.0,5561.0,5561.0,5561.0,5561.0,6
2016-07-28 11:13:00,2016-07-28 11:14:00,5559.0,5558.0,5559.0,5558.0,5561.0,5559.0,5560.0,5559.0,3
2016-07-28 11:14:00,2016-07-28 11:19:00,5558.0,5559.0,5560.0,5559.0,5560.0,5560.0,5561.0,5560.0,5
2016-07-28 11:19:00,2016-07-28 11:22:00,5559.0,5560.0,5560.0,5559.0,5560.0,5562.0,5562.0,5561.0,3
2016-07-28 11:22:00,2016-07-28 11:24:00,5560.0,5560.0,5560.0,5558.0,5561.0,5562.0,5562.0,5561.0,3
2016-07-28 11:24:00,2016-07-28 11:26:00,5561.0,5561.0,5562.0,5560.0,5563.0,5563.0,5564.0,5562.0,6
2016-07-28 11:26:00,2016-07-28 11:30:00,5561.0,5561.0,5561.0,5560.0,5562.0,5563.0,5563.0,5561.0,5
2016-07-28 11:30:00,2016-07-28 11:31:00,5561.0,5562.0,5563.0,5562.0,5563.0,5564.0,5564.0,5563.0,4
2016-07-28 11:31:00,2016-07-28 11:39:00,5561.0,5560.0,5561.0,5560.0,5563.0,5562.0,5563.0,5562.0,4
2016-07-28 11:39:00,2016-07-28 11:41:00,5560.0,5561.0,5562.0,5561.0,5562.0,5563.0,5563.0,5563.0,3
2016-07-28 11:41:00,2016-07-28 11:45:00,5562.0,5561.0,5563.0,5561.0,5563.0,5563.0,5564.0,5563.0,8
2016-07-28 11:45:00,2016-07-28 11:47:00,5562.0,5561.0,5563.0,5561.0,5564.0,5562.0,5564.0,5562.0,4
2016-07-28 11:47:00,2016-07-28 11:48:00,5561.0,5558.0,5561.0,5558.0,5562.0,5560.0,5564.0,5560.0,18
2016-07-28 11:48:00,2016-07-28 11:50:00,5558.0,5558.0,5558.0,5556.0,5560.0,5559.0,5561.0,5559.0,3
2016-07-28 11:50:00,2016-07-28 11:53:00,5557.0,5557.0,5557.0,5557.0,5558.0,5559.0,5559.0,5558.0,3
2016-07-28 11:53:00,2016-07-28 11:54:00,5557.0,5558.0,5558.0,5557.0,5559.0,5560.0,5560.0,5558.0,6
2016-07-28 11:54:00,2016-07-28 12:00:00,5557.0,5558.0,5558.0,5556.0,5559.0,5560.0,5560.0,5559.0,6
2016-07-28 12:00:00,2016-07-28 12:01:00,5558.0,5558.0,5559.0,5558.0,5560.0,5560.0,5560.0,5559.0,6
2016-07-28 12:01:00,2016-07-28 12:04:00,5558.0,5559.0,5560.0,5559.0,5560.0,5560.0,5561.0,5560.0,4
2016-07-28 12:04:00,2016-07-28 12:06:00,5559.0,5559.0,5559.0,5559.0,5560.0,5560.0,5561.0,5560.0,8
2016-07-28 12:06:00,2016-07-28 12:08:00,5559.0,5560.0,5560.0,5559.0,5561.0,5561.0,5562.0,5560.0,6
2016-07-28 12:08:00,2016-07-28 12:09:00,5560.0,5560.0,5560.0,5560.0,5561.0,5562.0,5562.0,5561.0,3
2016-07-28 12:09:00,2016-07-28 12:12:00,5562.0,5562.0,5563.0,5560.0,5564.0,5563.0,5566.0,5563.0,4
2016-07-28 12:12:00,2016-07-28 12:14:00,5562.0,5559.0,5562.0,5559.0,5563.0,5563.0,5563.0,5562.0,4
2016-07-28 12:14:00,2016-07-28 12:20:00,5563.0,5563.0,5564.0,5563.0,5564.0,5564.0,5565.0,5564.0,3
2016-07-28 12:20:00,2016-07-28 12:22:00,5563.0,5562.0,5563.0,5562.0,5564.0,5563.0,5565.0,5563.0,5
2016-07-28 12:22:00,2016-07-28 12:24:00,5562.0,5562.0,5562.0,5560.0,5563.0,5564.0,5566.0,5564.0,3
2016-07-28 12:24:00,2016-07-28 12:26:00,5562.0,5562.0,5563.0,5562.0,5564.0,5566.0,5566.0,5564.0,3
2016-07-28 12:26:00,2016-07-28 12:27:00,5562.0,5564.0,5564.0,5564.0,5566.0,5565.0,5565.0,5565.0,1
2016-07-28 12:27:00,2016-07-28 12:28:00,5564.0,5563.0,5564.0,5563.0,5565.0,5565.0,5565.0,5564.0,4
2016-07-28 12:28:00,2016-07-28 12:29:00,5563.0,5563.0,5563.0,5563.0,5565.0,5564.0,5565.0,5564.0,3
2016-07-28 12:29:00,2016-07-28 12:31:00,5563.0,5561.0,5562.0,5561.0,5564.0,5562.0,5564.0,5562.0,4
2016-07-28 12:31:00,2016-07-28 12:32:00,5561.0,5562.0,5562.0,5561.0,5562.0,5564.0,5564.0,5563.0,3
2016-07-28 12:32:00,2016-07-28 12:38:00,5562.0,5561.0,5564.0,5561.0,5564.0,5567.0,5567.0,5565.0,5
2016-07-28 12:38:00,2016-07-28 12:39:00,5561.0,5564.0,5564.0,5563.0,5567.0,5565.0,5566.0,5565.0,3
2016-07-28 12:39:00,2016-07-28 12:42:00,5565.0,5564.0,5564.0,5564.0,5566.0,5566.0,5566.0,5565.0,3
2016-07-28 12:42:00,2016-07-28 12:49:00,5564.0,5563.0,5563.0,5563.0,5565.0,5565.0,5565.0,5565.0,1
2016-07-28 12:49:00,2016-07-28 12:50:00,5563.0,5563.0,5563.0,5563.0,5565.0,5564.0,5565.0,5564.0,7
2016-07-28 12:50:00,2016-07-28 12:51:00,5563.0,5562.0,5563.0,5562.0,5564.0,5564.0,5566.0,5564.0,7
2016-07-28 12:51:00,2016-07-28 12:52:00,5562.0,5561.0,5562.0,5561.0,5564.0,5563.0,5563.0,5562.0,4
2016-07-28 12:52:00,2016-07-28 13:00:00,5562.0,5564.0,5564.0,5563.0,5564.0,5566.0,5566.0,5565.0,3
2016-07-28 13:00:00,2016-07-28 13:01:00,5564.0,5564.0,5564.0,5564.0,5566.0,5565.0,5565.0,5565.0,1
2016-07-28 13:01:00,2016-07-28 13:02:00,5564.0,5565.0,5565.0,5564.0,5565.0,5567.0,5567.0,5566.0,3
2016-07-28 13:02:00,2016-07-28 13:03:00,5565.0,5564.0,5565.0,5563.0,5567.0,5566.0,5568.0,5565.0,8
2016-07-28 13:03:00,2016-07-28 13:07:00,5564.0,5563.0,5564.0,5563.0,5566.0,5564.0,5565.0,5564.0,2
2016-07-28 13:07:00,2016-07-28 13:08:00,5563.0,5562.0,5562.0,5562.0,5564.0,5564.0,5564.0,5563.0,4
2016-07-28 13:08:00,2016-07-28 13:09:00,5562.0,5562.0,5562.0,5561.0,5564.0,5564.0,5564.0,5563.0,11
2016-07-28 13:09:00,2016-07-28 13:10:00,5562.0,5562.0,5562.0,5561.0,5564.0,5563.0,5564.0,5562.0,7
2016-07-28 13:10:00,2016-07-28 13:13:00,5563.0,5563.0,5563.0,5562.0,5565.0,5565.0,5566.0,5565.0,2
2016-07-28 13:13:00,2016-07-28 13:14:00,5563.0,5561.0,5563.0,5561.0,5565.0,5563.0,5564.0,5562.0,6
2016-07-28 13:14:00,2016-07-28 13:15:00,5561.0,5562.0,5562.0,5561.0,5563.0,5564.0,5565.0,5563.0,9
2016-07-28 13:15:00,2016-07-28 13:17:00,5562.0,5563.0,5564.0,5562.0,5563.0,5564.0,5565.0,5564.0,3
2016-07-28 13:17:00,2016-07-28 13:20:00,5564.0,5564.0,5565.0,5564.0,5566.0,5566.0,5566.0,5566.0,2
2016-07-28 13:20:00,2016-07-28 13:25:00,5565.0,5563.0,5563.0,5563.0,5566.0,5567.0,5567.0,5567.0,1
2016-07-28 13:25:00,2016-07-28 13:26:00,5563.0,5565.0,5565.0,5565.0,5567.0,5566.0,5566.0,5566.0,1
2016-07-28 13:26:00,2016-07-28 13:27:00,5565.0,5564.0,5566.0,5564.0,5566.0,5568.0,5568.0,5567.0,4
2016-07-28 13:27:00,2016-07-28 13:28:00,5564.0,5565.0,5566.0,5565.0,5568.0,5566.0,5567.0,5566.0,9
2016-07-28 13:28:00,2016-07-28 13:30:00,5565.0,5566.0,5566.0,5561.0,5567.0,5567.0,5568.0,5565.0,23
2016-07-28 13:30:00,2016-07-28 13:31:00,5566.0,5562.0,5565.0,5562.0,5567.0,5564.0,5568.0,5564.0,11
2016-07-28 13:31:00,2016-07-28 13:32:00,5562.0,5566.0,5566.0,5561.0,5564.0,5567.0,5567.0,5565.0,7
2016-07-28 13:32:00,2016-07-28 13:33:00,5566.0,5563.0,5566.0,5562.0,5567.0,5565.0,5568.0,5565.0,8
2016-07-28 13:33:00,2016-07-28 13:34:00,5563.0,5563.0,5564.0,5561.0,5565.0,5564.0,5565.0,5564.0,7
2016-07-28 13:34:00,2016-07-28 13:35:00,5563.0,5558.0,5563.0,5557.0,5564.0,5559.0,5565.0,5559.0,16
2016-07-28 13:35:00,2016-07-28 13:36:00,5558.0,5556.0,5559.0,5555.0,5559.0,5557.0,5560.0,5557.0,18
2016-07-28 13:36:00,2016-07-28 13:37:00,5556.0,5556.0,5556.0,5554.0,5557.0,5557.0,5559.0,5556.0,13
2016-07-28 13:37:00,2016-07-28 13:38:00,5556.0,5555.0,5555.0,5552.0,5557.0,5556.0,5557.0,5555.0,20
2016-07-28 13:38:00,2016-07-28 13:39:00,5555.0,5555.0,5555.0,5553.0,5556.0,5556.0,5557.0,5555.0,13
2016-07-28 13:39:00,2016-07-28 13:40:00,5555.0,5554.0,5555.0,5552.0,5556.0,5555.0,5557.0,5555.0,14
2016-07-28 13:40:00,2016-07-28 13:41:00,5554.0,5554.0,5555.0,5553.0,5555.0,5555.0,5556.0,5555.0,7
2016-07-28 13:41:00,2016-07-28 13:42:00,5554.0,5556.0,5556.0,5555.0,5555.0,5557.0,5557.0,5556.0,5
2016-07-28 13:42:00,2016-07-28 13:43:00,5556.0,5557.0,5557.0,5553.0,5557.0,5558.0,5559.0,5557.0,7
2016-07-28 13:43:00,2016-07-28 13:44:00,5557.0,5558.0,5558.0,5555.0,5558.0,5559.0,5559.0,5559.0,9
2016-07-28 13:44:00,2016-07-28 13:45:00,5558.0,5559.0,5559.0,5556.0,5559.0,5560.0,5562.0,5559.0,4
2016-07-28 13:45:00,2016-07-28 13:47:00,5560.0,5559.0,5559.0,5557.0,5561.0,5560.0,5561.0,5560.0,2
2016-07-28 13:47:00,2016-07-28 13:48:00,5559.0,5559.0,5559.0,5558.0,5560.0,5560.0,5560.0,5559.0,4
2016-07-28 13:48:00,2016-07-28 13:49:00,5559.0,5561.0,5563.0,5559.0,5560.0,5563.0,5566.0,5561.0,22
2016-07-28 13:49:00,2016-07-28 13:50:00,5561.0,5563.0,5563.0,5560.0,5563.0,5565.0,5565.0,5563.0,8
2016-07-28 13:50:00,2016-07-28 13:51:00,5563.0,5564.0,5565.0,5562.0,5565.0,5566.0,5567.0,5565.0,16
2016-07-28 13:51:00,2016-07-28 13:52:00,5564.0,5566.0,5566.0,5563.0,5566.0,5567.0,5568.0,5566.0,9
2016-07-28 13:52:00,2016-07-28 13:53:00,5566.0,5567.0,5567.0,5565.0,5567.0,5568.0,5569.0,5567.0,12
2016-07-28 13:53:00,2016-07-28 13:54:00,5567.0,5569.0,5570.0,5565.0,5568.0,5571.0,5571.0,5569.0,23
2016-07-28 13:54:00,2016-07-28 13:55:00,5569.0,5569.0,5570.0,5568.0,5571.0,5570.0,5572.0,5570.0,18
2016-07-28 13:55:00,2016-07-28 13:56:00,5569.0,5568.0,5569.0,5568.0,5570.0,5570.0,5570.0,5569.0,7
2016-07-28 13:56:00,2016-07-28 13:58:00,5567.0,5567.0,5568.0,5565.0,5569.0,5568.0,5569.0,5568.0,4
2016-07-28 13:58:00,2016-07-28 13:59:00,5567.0,5566.0,5566.0,5564.0,5568.0,5567.0,5569.0,5566.0,6
2016-07-28 13:59:00,2016-07-28 14:00:00,5566.0,5568.0,5569.0,5564.0,5567.0,5570.0,5572.0,5567.0,18
2016-07-28 14:00:00,2016-07-28 14:01:00,5568.0,5567.0,5568.0,5565.0,5570.0,5568.0,5569.0,5568.0,16
2016-07-28 14:01:00,2016-07-28 14:02:00,5567.0,5567.0,5568.0,5565.0,5568.0,5568.0,5571.0,5568.0,12
2016-07-28 14:02:00,2016-07-28 14:03:00,5567.0,5567.0,5568.0,5565.0,5568.0,5568.0,5570.0,5568.0,4
2016-07-28 14:03:00,2016-07-28 14:04:00,5567.0,5567.0,5567.0,5565.0,5568.0,5568.0,5570.0,5567.0,9
2016-07-28 14:04:00,2016-07-28 14:05:00,5567.0,5565.0,5567.0,5565.0,5568.0,5567.0,5569.0,5567.0,7
2016-07-28 14:05:00,2016-07-28 14:06:00,5565.0,5568.0,5568.0,5564.0,5567.0,5569.0,5570.0,5568.0,8
2016-07-28 14:06:00,2016-07-28 14:07:00,5568.0,5566.0,5568.0,5566.0,5569.0,5570.0,5570.0,5568.0,13
2016-07-28 14:07:00,2016-07-28 14:08:00,5566.0,5569.0,5569.0,5567.0,5570.0,5571.0,5573.0,5569.0,15
2016-07-28 14:08:00,2016-07-28 14:09:00,5569.0,5568.0,5569.0,5565.0,5571.0,5569.0,5571.0,5569.0,6
2016-07-28 14:09:00,2016-07-28 14:10:00,5568.0,5567.0,5568.0,5566.0,5569.0,5569.0,5570.0,5569.0,8
2016-07-28 14:10:00,2016-07-28 14:11:00,5567.0,5566.0,5567.0,5564.0,5569.0,5567.0,5569.0,5567.0,7
2016-07-28 14:11:00,2016-07-28 14:13:00,5566.0,5564.0,5566.0,5564.0,5567.0,5566.0,5567.0,5566.0,9
2016-07-28 14:13:00,2016-07-28 14:14:00,5564.0,5560.0,5564.0,5558.0,5566.0,5561.0,5567.0,5561.0,29
2016-07-28 14:14:00,2016-07-28 14:15:00,5560.0,5560.0,5562.0,5559.0,5561.0,5562.0,5564.0,5562.0,12
2016-07-28 14:15:00,2016-07-28 14:16:00,5560.0,5558.0,5559.0,5558.0,5562.0,5560.0,5562.0,5559.0,11
2016-07-28 14:16:00,2016-07-28 14:17:00,5558.0,5559.0,5560.0,5559.0,5560.0,5561.0,5561.0,5560.0,6
2016-07-28 14:17:00,2016-07-28 14:18:00,5559.0,5559.0,5559.0,5557.0,5561.0,5560.0,5561.0,5560.0,3
2016-07-28 14:18:00,2016-07-28 14:20:00,5560.0,5560.0,5560.0,5557.0,5561.0,5561.0,5563.0,5560.0,9
2016-07-28 14:20:00,2016-07-28 14:21:00,5560.0,5560.0,5561.0,5558.0,5561.0,5561.0,5562.0,5560.0,19
2016-07-28 14:21:00,2016-07-28 14:23:00,5561.0,5562.0,5562.0,5559.0,5562.0,5563.0,5564.0,5563.0,4
2016-07-28 14:23:00,2016-07-28 14:24:00,5562.0,5561.0,5562.0,5559.0,5563.0,5563.0,5563.0,5563.0,4
2016-07-28 14:24:00,2016-07-28 14:28:00,5562.0,5561.0,5561.0,5558.0,5563.0,5562.0,5563.0,5561.0,10
2016-07-28 14:28:00,2016-07-28 14:29:00,5561.0,5563.0,5563.0,5560.0,5562.0,5564.0,5565.0,5562.0,12
2016-07-28 14:29:00,2016-07-28 14:30:00,5563.0,5562.0,5564.0,5562.0,5564.0,5563.0,5566.0,5563.0,15
2016-07-28 14:30:00,2016-07-28 14:32:00,5562.0,5562.0,5562.0,5560.0,5563.0,5563.0,5564.0,5563.0,4
2016-07-28 14:32:00,2016-07-28 14:33:00,5562.0,5562.0,5562.0,5562.0,5563.0,5563.0,5564.0,5563.0,14
2016-07-28 14:33:00,2016-07-28 14:34:00,5562.0,5562.0,5563.0,5560.0,5563.0,5564.0,5565.0,5563.0,8
2016-07-28 14:34:00,2016-07-28 14:36:00,5563.0,5560.0,5562.0,5559.0,5564.0,5561.0,5565.0,5561.0,16
2016-07-28 14:36:00,2016-07-28 14:37:00,5560.0,5558.0,5560.0,5556.0,5561.0,5559.0,5562.0,5559.0,15
2016-07-28 14:37:00,2016-07-28 14:38:00,5558.0,5558.0,5558.0,5556.0,5559.0,5559.0,5560.0,5559.0,8
2016-07-28 14:38:00,2016-07-28 14:39:00,5558.0,5558.0,5558.0,5556.0,5559.0,5559.0,5560.0,5558.0,11
2016-07-28 14:39:00,2016-07-28 14:40:00,5558.0,5559.0,5560.0,5557.0,5559.0,5560.0,5562.0,5560.0,10
2016-07-28 14:40:00,2016-07-28 14:41:00,5559.0,5558.0,5559.0,5557.0,5560.0,5560.0,5561.0,5559.0,7
2016-07-28 14:41:00,2016-07-28 14:42:00,5558.0,5559.0,5560.0,5558.0,5560.0,5560.0,5562.0,5559.0,9
2016-07-28 14:42:00,2016-07-28 14:43:00,5559.0,5558.0,5560.0,5558.0,5560.0,5563.0,5563.0,5561.0,10
2016-07-28 14:43:00,2016-07-28 14:44:00,5558.0,5561.0,5562.0,5559.0,5563.0,5562.0,5565.0,5562.0,14
2016-07-28 14:44:00,2016-07-28 14:45:00,5561.0,5558.0,5562.0,5558.0,5562.0,5562.0,5565.0,5562.0,12
2016-07-28 14:45:00,2016-07-28 14:46:00,5558.0,5560.0,5561.0,5558.0,5562.0,5561.0,5562.0,5561.0,7
2016-07-28 14:46:00,2016-07-28 14:47:00,5560.0,5560.0,5561.0,5560.0,5561.0,5562.0,5562.0,5561.0,6
2016-07-28 14:47:00,2016-07-28 14:48:00,5560.0,5561.0,5562.0,5559.0,5562.0,5563.0,5565.0,5562.0,16
2016-07-28 14:48:00,2016-07-28 14:49:00,5561.0,5561.0,5562.0,5558.0,5563.0,5562.0,5564.0,5562.0,7
2016-07-28 14:49:00,2016-07-28 14:50:00,5561.0,5560.0,5561.0,5559.0,5562.0,5562.0,5563.0,5562.0,4
2016-07-28 14:50:00,2016-07-28 14:51:00,5560.0,5558.0,5561.0,5557.0,5562.0,5560.0,5563.0,5560.0,10
2016-07-28 14:51:00,2016-07-28 14:52:00,5558.0,5560.0,5560.0,5558.0,5560.0,5561.0,5562.0,5560.0,10
2016-07-28 14:52:00,2016-07-28 14:53:00,5560.0,5559.0,5561.0,5559.0,5561.0,5564.0,5564.0,5562.0,8
2016-07-28 14:53:00,2016-07-28 14:55:00,5561.0,5557.0,5560.0,5556.0,5562.0,5559.0,5562.0,5559.0,11
2016-07-28 14:55:00,2016-07-28 14:56:00,5557.0,5556.0,5558.0,5555.0,5559.0,5557.0,5561.0,5557.0,15
2016-07-28 14:56:00,2016-07-28 14:57:00,5556.0,5558.0,5558.0,5556.0,5557.0,5560.0,5561.0,5558.0,10
2016-07-28 14:57:00,2016-07-28 14:58:00,5558.0,5560.0,5560.0,5558.0,5560.0,5561.0,5563.0,5559.0,14
2016-07-28 14:58:00,2016-07-28 14:59:00,5560.0,5555.0,5559.0,5555.0,5561.0,5559.0,5561.0,5558.0,10
2016-07-28 14:59:00,2016-07-28 15:00:00,5555.0,5557.0,5559.0,5555.0,5559.0,5558.0,5562.0,5558.0,18
2016-07-28 15:00:00,2016-07-28 15:01:00,5557.0,5557.0,5557.0,5554.0,5558.0,5558.0,5559.0,5557.0,14
2016-07-28 15:01:00,2016-07-28 15:02:00,5557.0,5558.0,5558.0,5556.0,5558.0,5559.0,5560.0,5559.0,9
2016-07-28 15:02:00,2016-07-28 15:03:00,5558.0,5557.0,5559.0,5556.0,5559.0,5559.0,5561.0,5559.0,11
2016-07-28 15:03:00,2016-07-28 15:04:00,5557.0,5557.0,5558.0,5554.0,5559.0,5558.0,5560.0,5556.0,19
2016-07-28 15:04:00,2016-07-28 15:05:00,5557.0,5555.0,5557.0,5555.0,5558.0,5560.0,5560.0,5558.0,3
2016-07-28 15:05:00,2016-07-28 15:06:00,5555.0,5555.0,5557.0,5554.0,5560.0,5557.0,5560.0,5556.0,9
2016-07-28 15:06:00,2016-07-28 15:07:00,5555.0,5557.0,5557.0,5555.0,5557.0,5558.0,5559.0,5557.0,16
2016-07-28 15:07:00,2016-07-28 15:10:00,5556.0,5554.0,5555.0,5552.0,5557.0,5555.0,5557.0,5555.0,12
2016-07-28 15:10:00,2016-07-28 15:11:00,5554.0,5554.0,5555.0,5553.0,5555.0,5555.0,5558.0,5555.0,5
2016-07-28 15:11:00,2016-07-28 15:12:00,5554.0,5556.0,5557.0,5553.0,5555.0,5558.0,5559.0,5556.0,12
2016-07-28 15:12:00,2016-07-28 15:13:00,5556.0,5557.0,5558.0,5556.0,5558.0,5559.0,5559.0,5557.0,8
2016-07-28 15:13:00,2016-07-28 15:14:00,5557.0,5556.0,5557.0,5556.0,5559.0,5558.0,5558.0,5558.0,2
2016-07-28 15:14:00,2016-07-28 15:15:00,5556.0,5557.0,5557.0,5554.0,5558.0,5559.0,5560.0,5557.0,7
2016-07-28 15:15:00,2016-07-28 15:16:00,5557.0,5556.0,5558.0,5556.0,5559.0,5562.0,5562.0,5559.0,10
2016-07-28 15:16:00,2016-07-28 15:17:00,5556.0,5556.0,5558.0,5555.0,5562.0,5562.0,5562.0,5559.0,11
2016-07-28 15:17:00,2016-07-28 15:18:00,5556.0,5560.0,5560.0,5557.0,5562.0,5561.0,5563.0,5560.0,7
2016-07-28 15:18:00,2016-07-28 15:19:00,5560.0,5561.0,5561.0,5558.0,5561.0,5562.0,5563.0,5561.0,13
2016-07-28 15:19:00,2016-07-28 15:20:00,5561.0,5560.0,5560.0,5560.0,5562.0,5561.0,5562.0,5561.0,6
2016-07-28 15:20:00,2016-07-28 15:21:00,5560.0,5562.0,5562.0,5559.0,5561.0,5563.0,5563.0,5562.0,7
2016-07-28 15:21:00,2016-07-28 15:22:00,5562.0,5560.0,5562.0,5560.0,5563.0,5565.0,5565.0,5563.0,5
2016-07-28 15:22:00,2016-07-28 15:23:00,5560.0,5561.0,5562.0,5561.0,5565.0,5563.0,5563.0,5562.0,12
2016-07-28 15:23:00,2016-07-28 15:24:00,5561.0,5562.0,5562.0,5562.0,5563.0,5563.0,5564.0,5563.0,2
2016-07-28 15:24:00,2016-07-28 15:26:00,5561.0,5562.0,5562.0,5559.0,5562.0,5563.0,5563.0,5563.0,3
2016-07-28 15:26:00,2016-07-28 15:27:00,5562.0,5560.0,5563.0,5560.0,5563.0,5565.0,5565.0,5563.0,8
2016-07-28 15:27:00,2016-07-28 15:28:00,5560.0,5562.0,5562.0,5561.0,5565.0,5563.0,5564.0,5563.0,5
2016-07-28 15:28:00,2016-07-28 15:29:00,5562.0,5558.0,5562.0,5558.0,5563.0,5563.0,5565.0,5561.0,15
2016-07-28 15:29:00,2016-07-28 15:30:00,5558.0,5561.0,5561.0,5558.0,5563.0,5562.0,5563.0,5561.0,6
2016-07-28 15:30:00,2016-07-28 15:32:00,5561.0,5560.0,5561.0,5559.0,5563.0,5561.0,5562.0,5560.0,7
2016-07-28 15:32:00,2016-07-28 15:34:00,5559.0,5554.0,5558.0,5554.0,5560.0,5555.0,5560.0,5555.0,12
2016-07-28 15:34:00,2016-07-28 15:35:00,5554.0,5554.0,5555.0,5552.0,5555.0,5555.0,5558.0,5554.0,16
2016-07-28 15:35:00,2016-07-28 15:36:00,5554.0,5555.0,5555.0,5553.0,5555.0,5557.0,5557.0,5554.0,8
2016-07-28 15:36:00,2016-07-28 15:37:00,5555.0,5556.0,5556.0,5554.0,5557.0,5557.0,5559.0,5557.0,3
2016-07-28 15:37:00,2016-07-28 15:38:00,5556.0,5556.0,5557.0,5555.0,5557.0,5557.0,5558.0,5556.0,10
2016-07-28 15:38:00,2016-07-28 15:39:00,5556.0,5555.0,5557.0,5555.0,5557.0,5559.0,5559.0,5558.0,2
2016-07-28 15:39:00,2016-07-28 15:40:00,5555.0,5556.0,5557.0,5556.0,5559.0,5558.0,5558.0,5557.0,4
2016-07-28 15:40:00,2016-07-28 15:41:00,5556.0,5556.0,5556.0,5555.0,5558.0,5558.0,5558.0,5556.0,7
2016-07-28 15:41:00,2016-07-28 15:42:00,5556.0,5556.0,5557.0,5555.0,5558.0,5558.0,5559.0,5557.0,6
2016-07-28 15:42:00,2016-07-28 15:43:00,5556.0,5557.0,5558.0,5557.0,5558.0,5558.0,5559.0,5558.0,7
2016-07-28 15:43:00,2016-07-28 15:46:00,5558.0,5557.0,5557.0,5557.0,5559.0,5559.0,5559.0,5558.0,3
2016-07-28 15:46:00,2016-07-28 15:47:00,5557.0,5558.0,5559.0,5558.0,5559.0,5560.0,5560.0,5559.0,4
2016-07-28 15:47:00,2016-07-28 15:48:00,5558.0,5560.0,5560.0,5558.0,5560.0,5561.0,5561.0,5559.0,7
2016-07-28 15:48:00,2016-07-28 15:49:00,5560.0,5559.0,5560.0,5559.0,5561.0,5560.0,5561.0,5560.0,4
2016-07-28 15:49:00,2016-07-28 15:50:00,5559.0,5558.0,5559.0,5558.0,5560.0,5559.0,5561.0,5559.0,4
2016-07-28 15:50:00,2016-07-28 15:51:00,5558.0,5557.0,5559.0,5557.0,5559.0,5561.0,5561.0,5560.0,4
2016-07-28 15:51:00,2016-07-28 15:52:00,5557.0,5559.0,5559.0,5558.0,5561.0,5560.0,5560.0,5560.0,2
2016-07-28 15:52:00,2016-07-28 15:56:00,5560.0,5559.0,5561.0,5559.0,5561.0,5561.0,5563.0,5561.0,6
2016-07-28 15:56:00,2016-07-28 16:04:00,5562.0,5561.0,5562.0,5560.0,5563.0,5562.0,5564.0,5562.0,6
2016-07-28 16:04:00,2016-07-28 16:06:00,5561.0,5560.0,5561.0,5558.0,5562.0,5561.0,5564.0,5560.0,9
2016-07-28 16:06:00,2016-07-28 16:07:00,5560.0,5560.0,5561.0,5559.0,5561.0,5562.0,5562.0,5561.0,7
2016-07-28 16:07:00,2016-07-28 16:12:00,5561.0,5562.0,5562.0,5560.0,5562.0,5563.0,5563.0,5562.0,6
2016-07-28 16:12:00,2016-07-28 16:13:00,5562.0,5562.0,5562.0,5561.0,5563.0,5563.0,5564.0,5563.0,4
2016-07-28 16:13:00,2016-07-28 16:16:00,5561.0,5561.0,5561.0,5559.0,5563.0,5563.0,5565.0,5563.0,2
2016-07-28 16:16:00,2016-07-28 16:18:00,5561.0,5562.0,5562.0,5559.0,5563.0,5563.0,5565.0,5563.0,3
2016-07-28 16:18:00,2016-07-28 16:19:00,5562.0,5560.0,5562.0,5560.0,5563.0,5564.0,5564.0,5562.0,8
2016-07-28 16:19:00,2016-07-28 16:20:00,5560.0,5561.0,5562.0,5560.0,5564.0,5563.0,5565.0,5563.0,3
2016-07-28 16:20:00,2016-07-28 16:21:00,5561.0,5562.0,5562.0,5561.0,5563.0,5563.0,5563.0,5563.0,5
2016-07-28 16:21:00,2016-07-28 16:24:00,5561.0,5559.0,5561.0,5559.0,5563.0,5561.0,5562.0,5561.0,4
2016-07-28 16:24:00,2016-07-28 16:25:00,5559.0,5559.0,5560.0,5558.0,5561.0,5560.0,5561.0,5560.0,5
2016-07-28 16:25:00,2016-07-28 16:27:00,5558.0,5560.0,5561.0,5558.0,5559.0,5561.0,5562.0,5560.0,8
2016-07-28 16:27:00,2016-07-28 16:28:00,5560.0,5560.0,5561.0,5559.0,5561.0,5562.0,5563.0,5562.0,4
2016-07-28 16:28:00,2016-07-28 16:29:00,5560.0,5562.0,5562.0,5562.0,5562.0,5563.0,5563.0,5563.0,1
2016-07-28 16:29:00,2016-07-28 16:31:00,5560.0,5561.0,5562.0,5561.0,5564.0,5562.0,5563.0,5562.0,2
2016-07-28 16:31:00,2016-07-28 16:40:00,5561.0,5561.0,5561.0,5559.0,5562.0,5562.0,5564.0,5562.0,4
2016-07-28 16:40:00,2016-07-28 16:41:00,5561.0,5559.0,5561.0,5559.0,5562.0,5560.0,5562.0,5560.0,7
2016-07-28 16:41:00,2016-07-28 16:42:00,5559.0,5560.0,5560.0,5557.0,5560.0,5561.0,5561.0,5561.0,3
2016-07-28 16:42:00,2016-07-28 16:45:00,5560.0,5559.0,5559.0,5559.0,5561.0,5560.0,5561.0,5560.0,6
2016-07-28 16:45:00,2016-07-28 16:46:00,5559.0,5559.0,5559.0,5559.0,5560.0,5560.0,5561.0,5560.0,4
2016-07-28 16:46:00,2016-07-28 16:50:00,5560.0,5561.0,5561.0,5561.0,5561.0,5563.0,5563.0,5562.0,2
2016-07-28 16:50:00,2016-07-28 16:51:00,5561.0,5560.0,5560.0,5559.0,5563.0,5561.0,5563.0,5561.0,3
2016-07-28 16:51:00,2016-07-28 16:54:00,5560.0,5558.0,5560.0,5558.0,5561.0,5562.0,5562.0,5560.0,5
2016-07-28 16:54:00,2016-07-28 16:55:00,5558.0,5559.0,5560.0,5559.0,5562.0,5561.0,5561.0,5561.0,2
2016-07-28 16:55:00,2016-07-28 17:03:00,5559.0,5561.0,5561.0,5559.0,5560.0,5562.0,5562.0,5561.0,4
2016-07-28 17:03:00,2016-07-28 17:04:00,5561.0,5561.0,5562.0,5560.0,5562.0,5562.0,5563.0,5562.0,8
2016-07-28 17:04:00,2016-07-28 17:07:00,5561.0,5562.0,5562.0,5559.0,5562.0,5563.0,5564.0,5562.0,4
2016-07-28 17:07:00,2016-07-28 17:08:00,5562.0,5562.0,5563.0,5561.0,5563.0,5563.0,5566.0,5563.0,4
2016-07-28 17:08:00,2016-07-28 17:09:00,5562.0,5562.0,5562.0,5561.0,5563.0,5563.0,5563.0,5563.0,2
2016-07-28 17:09:00,2016-07-28 17:17:00,5562.0,5562.0,5562.0,5560.0,5563.0,5564.0,5565.0,5563.0,3
2016-07-28 17:17:00,2016-07-28 17:19:00,5562.0,5563.0,5564.0,5561.0,5563.0,5565.0,5566.0,5564.0,7
2016-07-28 17:19:00,2016-07-28 17:20:00,5563.0,5561.0,5563.0,5561.0,5565.0,5563.0,5564.0,5563.0,4
2016-07-28 17:20:00,2016-07-28 17:22:00,5560.0,5560.0,5561.0,5560.0,5562.0,5562.0,5562.0,5562.0,4
2016-07-28 17:22:00,2016-07-28 17:26:00,5560.0,5561.0,5561.0,5560.0,5561.0,5562.0,5562.0,5561.0,5
2016-07-28 17:26:00,2016-07-28 17:27:00,5561.0,5562.0,5563.0,5561.0,5562.0,5564.0,5564.0,5563.0,4
2016-07-28 17:27:00,2016-07-28 17:29:00,5562.0,5563.0,5563.0,5561.0,5563.0,5565.0,5567.0,5564.0,6
2016-07-28 17:29:00,2016-07-28 17:30:00,5563.0,5563.0,5564.0,5562.0,5565.0,5564.0,5565.0,5564.0,4
2016-07-28 17:30:00,2016-07-28 17:31:00,5563.0,5562.0,5562.0,5561.0,5564.0,5564.0,5565.0,5563.0,5
2016-07-28 17:31:00,2016-07-28 17:32:00,5562.0,5561.0,5563.0,5561.0,5564.0,5563.0,5564.0,5563.0,3
2016-07-28 17:32:00,2016-07-28 17:34:00,5562.0,5562.0,5563.0,5562.0,5564.0,5563.0,5564.0,5563.0,3
2016-07-28 17:34:00,2016-07-28 17:38:00,5562.0,5563.0,5563.0,5562.0,5563.0,5564.0,5564.0,5563.0,6
2016-07-28 17:38:00,2016-07-28 17:40:00,5562.0,5564.0,5564.0,5563.0,5564.0,5565.0,5565.0,5564.0,13
2016-07-28 17:40:00,2016-07-28 17:41:00,5564.0,5563.0,5563.0,5561.0,5565.0,5564.0,5565.0,5564.0,6
2016-07-28 17:41:00,2016-07-28 17:42:00,5563.0,5562.0,5562.0,5562.0,5564.0,5564.0,5564.0,5564.0,1
2016-07-28 17:42:00,2016-07-28 17:43:00,5562.0,5559.0,5562.0,5559.0,5564.0,5563.0,5563.0,5562.0,4
2016-07-28 17:43:00,2016-07-28 17:44:00,5559.0,5561.0,5561.0,5561.0,5563.0,5563.0,5563.0,5562.0,2
2016-07-28 17:44:00,2016-07-28 17:45:00,5561.0,5561.0,5561.0,5561.0,5563.0,5562.0,5563.0,5562.0,7
2016-07-28 17:45:00,2016-07-28 17:49:00,5563.0,5564.0,5564.0,5562.0,5564.0,5565.0,5565.0,5564.0,6
2016-07-28 17:49:00,2016-07-28 17:50:00,5564.0,5565.0,5566.0,5564.0,5565.0,5567.0,5567.0,5566.0,9
2016-07-28 17:50:00,2016-07-28 17:51:00,5565.0,5564.0,5566.0,5564.0,5567.0,5566.0,5567.0,5566.0,4
2016-07-28 17:51:00,2016-07-28 17:52:00,5564.0,5563.0,5565.0,5562.0,5566.0,5565.0,5567.0,5565.0,5
2016-07-28 17:52:00,2016-07-28 17:53:00,5563.0,5564.0,5564.0,5562.0,5565.0,5565.0,5565.0,5563.0,14
2016-07-28 17:53:00,2016-07-28 17:54:00,5564.0,5563.0,5564.0,5563.0,5565.0,5565.0,5565.0,5564.0,7
2016-07-28 17:54:00,2016-07-28 17:55:00,5563.0,5565.0,5565.0,5564.0,5565.0,5566.0,5566.0,5565.0,3
2016-07-28 17:55:00,2016-07-28 17:56:00,5565.0,5565.0,5566.0,5563.0,5566.0,5566.0,5567.0,5566.0,5
2016-07-28 17:56:00,2016-07-28 17:58:00,5565.0,5566.0,5566.0,5566.0,5566.0,5567.0,5567.0,5567.0,1
2016-07-28 17:58:00,2016-07-28 17:59:00,5566.0,5568.0,5568.0,5567.0,5567.0,5569.0,5569.0,5568.0,7
2016-07-28 17:59:00,2016-07-28 18:01:00,5568.0,5568.0,5569.0,5568.0,5569.0,5570.0,5570.0,5570.0,4
2016-07-28 18:01:00,2016-07-28 18:10:00,5568.0,5569.0,5570.0,5569.0,5570.0,5571.0,5571.0,5570.0,3
2016-07-28 18:10:00,2016-07-28 18:12:00,5569.0,5568.0,5570.0,5568.0,5571.0,5570.0,5571.0,5570.0,4
2016-07-28 18:12:00,2016-07-28 18:14:00,5568.0,5568.0,5569.0,5568.0,5570.0,5570.0,5570.0,5569.0,5
2016-07-28 18:14:00,2016-07-28 18:16:00,5568.0,5569.0,5569.0,5568.0,5570.0,5571.0,5571.0,5569.0,4
2016-07-28 18:16:00,2016-07-28 18:17:00,5569.0,5571.0,5571.0,5568.0,5571.0,5572.0,5572.0,5571.0,3
2016-07-28 18:17:00,2016-07-28 18:18:00,5571.0,5571.0,5571.0,5569.0,5572.0,5572.0,5574.0,5572.0,6
2016-07-28 18:18:00,2016-07-28 18:20:00,5569.0,5568.0,5569.0,5567.0,5570.0,5570.0,5571.0,5569.0,6
2016-07-28 18:20:00,2016-07-28 18:22:00,5568.0,5569.0,5569.0,5568.0,5570.0,5570.0,5571.0,5570.0,4
2016-07-28 18:22:00,2016-07-28 18:23:00,5569.0,5570.0,5570.0,5567.0,5570.0,5571.0,5571.0,5570.0,10
2016-07-28 18:23:00,2016-07-28 18:24:00,5570.0,5571.0,5571.0,5568.0,5571.0,5572.0,5572.0,5571.0,6
2016-07-28 18:24:00,2016-07-28 18:26:00,5571.0,5570.0,5571.0,5570.0,5573.0,5572.0,5572.0,5571.0,4
2016-07-28 18:26:00,2016-07-28 18:28:00,5570.0,5569.0,5569.0,5568.0,5571.0,5570.0,5571.0,5569.0,9
2016-07-28 18:28:00,2016-07-28 18:30:00,5569.0,5569.0,5569.0,5567.0,5570.0,5570.0,5571.0,5569.0,7
2016-07-28 18:30:00,2016-07-28 18:35:00,5569.0,5570.0,5570.0,5569.0,5570.0,5572.0,5572.0,5570.0,6
2016-07-28 18:35:00,2016-07-28 18:36:00,5570.0,5569.0,5571.0,5569.0,5572.0,5571.0,5572.0,5570.0,6
2016-07-28 18:36:00,2016-07-28 18:37:00,5569.0,5571.0,5571.0,5570.0,5571.0,5572.0,5572.0,5571.0,8
2016-07-28 18:37:00,2016-07-28 18:40:00,5571.0,5571.0,5571.0,5569.0,5572.0,5572.0,5573.0,5571.0,7
2016-07-28 18:40:00,2016-07-28 18:41:00,5571.0,5571.0,5571.0,5570.0,5572.0,5572.0,5572.0,5572.0,8
2016-07-28 18:41:00,2016-07-28 18:42:00,5571.0,5569.0,5571.0,5569.0,5572.0,5573.0,5573.0,5571.0,7
2016-07-28 18:42:00,2016-07-28 18:43:00,5569.0,5571.0,5571.0,5571.0,5573.0,5572.0,5572.0,5572.0,1
2016-07-28 18:43:00,2016-07-28 18:44:00,5571.0,5571.0,5572.0,5571.0,5572.0,5572.0,5573.0,5572.0,3
2016-07-28 18:44:00,2016-07-28 18:45:00,5571.0,5572.0,5572.0,5569.0,5572.0,5573.0,5575.0,5572.0,4
2016-07-28 18:45:00,2016-07-28 18:48:00,5572.0,5570.0,5571.0,5569.0,5573.0,5571.0,5573.0,5571.0,4
2016-07-28 18:48:00,2016-07-28 18:52:00,5570.0,5571.0,5571.0,5570.0,5571.0,5573.0,5573.0,5572.0,3
2016-07-28 18:52:00,2016-07-28 18:57:00,5569.0,5569.0,5569.0,5567.0,5570.0,5570.0,5573.0,5570.0,6
2016-07-28 18:57:00,2016-07-28 19:00:00,5569.0,5570.0,5571.0,5569.0,5570.0,5571.0,5572.0,5571.0,6
2016-07-28 19:00:00,2016-07-28 19:02:00,5570.0,5572.0,5572.0,5570.0,5572.0,5573.0,5574.0,5572.0,6
2016-07-28 19:02:00,2016-07-28 19:06:00,5573.0,5571.0,5572.0,5571.0,5574.0,5572.0,5573.0,5572.0,3
2016-07-28 19:06:00,2016-07-28 19:07:00,5571.0,5570.0,5571.0,5568.0,5572.0,5572.0,5573.0,5571.0,10
2016-07-28 19:07:00,2016-07-28 19:09:00,5571.0,5570.0,5570.0,5569.0,5572.0,5572.0,5573.0,5572.0,3
2016-07-28 19:09:00,2016-07-28 19:13:00,5571.0,5572.0,5573.0,5572.0,5573.0,5574.0,5574.0,5573.0,5
2016-07-28 19:13:00,2016-07-28 19:16:00,5572.0,5571.0,5572.0,5571.0,5574.0,5572.0,5573.0,5572.0,2
2016-07-28 19:16:00,2016-07-28 19:19:00,5571.0,5570.0,5571.0,5569.0,5572.0,5572.0,5574.0,5572.0,3
2016-07-28 19:19:00,2016-07-28 19:20:00,5570.0,5571.0,5571.0,5570.0,5572.0,5573.0,5573.0,5571.0,6
2016-07-28 19:20:00,2016-07-28 19:21:00,5571.0,5570.0,5572.0,5570.0,5573.0,5574.0,5574.0,5573.0,2
2016-07-28 19:21:00,2016-07-28 19:22:00,5570.0,5572.0,5572.0,5572.0,5574.0,5574.0,5574.0,5573.0,6
2016-07-28 19:22:00,2016-07-28 19:23:00,5572.0,5572.0,5573.0,5572.0,5574.0,5574.0,5574.0,5574.0,10
2016-07-28 19:23:00,2016-07-28 19:28:00,5572.0,5572.0,5573.0,5572.0,5573.0,5574.0,5575.0,5573.0,10
2016-07-28 19:28:00,2016-07-28 19:31:00,5573.0,5571.0,5571.0,5571.0,5574.0,5575.0,5575.0,5575.0,1
2016-07-28 19:31:00,2016-07-28 19:32:00,5571.0,5573.0,5573.0,5573.0,5575.0,5575.0,5575.0,5574.0,4
2016-07-28 19:32:00,2016-07-28 19:33:00,5573.0,5574.0,5575.0,5573.0,5575.0,5576.0,5576.0,5574.0,6
2016-07-28 19:33:00,2016-07-28 19:34:00,5574.0,5574.0,5574.0,5572.0,5576.0,5575.0,5577.0,5575.0,3
2016-07-28 19:34:00,2016-07-28 19:39:00,5574.0,5575.0,5575.0,5574.0,5575.0,5576.0,5576.0,5576.0,5
2016-07-28 19:39:00,2016-07-28 19:40:00,5575.0,5575.0,5575.0,5573.0,5576.0,5576.0,5578.0,5576.0,4
2016-07-28 19:40:00,2016-07-28 19:44:00,5573.0,5576.0,5576.0,5572.0,5575.0,5577.0,5577.0,5575.0,6
2016-07-28 19:44:00,2016-07-28 19:45:00,5576.0,5576.0,5577.0,5575.0,5577.0,5577.0,5578.0,5577.0,6
2016-07-28 19:45:00,2016-07-28 19:46:00,5576.0,5577.0,5577.0,5575.0,5577.0,5579.0,5580.0,5578.0,12
2016-07-28 19:46:00,2016-07-28 19:48:00,5577.0,5576.0,5576.0,5576.0,5578.0,5577.0,5578.0,5577.0,4
2016-07-28 19:48:00,2016-07-28 19:50:00,5576.0,5574.0,5576.0,5574.0,5577.0,5576.0,5577.0,5575.0,6
2016-07-28 19:50:00,2016-07-28 19:51:00,5574.0,5576.0,5577.0,5574.0,5576.0,5578.0,5578.0,5575.0,12
2016-07-28 19:51:00,2016-07-28 19:54:00,5576.0,5576.0,5576.0,5574.0,5577.0,5577.0,5580.0,5577.0,3
2016-07-28 19:54:00,2016-07-28 19:55:00,5576.0,5575.0,5575.0,5574.0,5577.0,5577.0,5577.0,5576.0,5
2016-07-28 19:55:00,2016-07-28 19:56:00,5575.0,5574.0,5576.0,5574.0,5577.0,5576.0,5578.0,5575.0,9
2016-07-28 19:56:00,2016-07-28 19:57:00,5574.0,5574.0,5574.0,5573.0,5576.0,5575.0,5576.0,5575.0,10
2016-07-28 19:57:00,2016-07-28 19:58:00,5574.0,5573.0,5574.0,5571.0,5575.0,5574.0,5576.0,5574.0,8
2016-07-28 19:58:00,2016-07-28 19:59:00,5573.0,5573.0,5574.0,5571.0,5574.0,5574.0,5576.0,5574.0,16
2016-07-28 19:59:00,2016-07-28 20:00:00,5573.0,5576.0,5577.0,5573.0,5574.0,5577.0,5578.0,5575.0,11
2016-07-28 20:00:00,2016-07-28 20:01:00,5576.0,5571.0,5578.0,5570.0,5577.0,5572.0,5579.0,5571.0,37
2016-07-28 20:01:00,2016-07-28 20:02:00,5571.0,5572.0,5573.0,5570.0,5572.0,5575.0,5575.0,5573.0,29
2016-07-28 20:02:00,2016-07-28 20:03:00,5572.0,5573.0,5574.0,5572.0,5575.0,5575.0,5577.0,5574.0,22
2016-07-28 20:03:00,2016-07-28 20:04:00,5573.0,5574.0,5574.0,5572.0,5575.0,5576.0,5577.0,5574.0,24
2016-07-28 20:04:00,2016-07-28 20:05:00,5574.0,5573.0,5574.0,5573.0,5576.0,5575.0,5577.0,5575.0,20
2016-07-28 20:05:00,2016-07-28 20:06:00,5573.0,5573.0,5573.0,5573.0,5575.0,5575.0,5576.0,5574.0,16
2016-07-28 20:06:00,2016-07-28 20:07:00,5573.0,5571.0,5573.0,5571.0,5575.0,5572.0,5574.0,5572.0,5
2016-07-28 20:07:00,2016-07-28 20:08:00,5571.0,5571.0,5571.0,5569.0,5572.0,5573.0,5574.0,5572.0,3
2016-07-28 20:08:00,2016-07-28 20:09:00,5571.0,5572.0,5572.0,5572.0,5573.0,5574.0,5575.0,5573.0,14
2016-07-28 20:09:00,2016-07-28 20:10:00,5572.0,5572.0,5572.0,5570.0,5574.0,5573.0,5574.0,5573.0,5
2016-07-28 20:10:00,2016-07-28 20:12:00,5573.0,5575.0,5575.0,5573.0,5574.0,5576.0,5577.0,5575.0,5
2016-07-28 20:12:00,2016-07-28 20:13:00,5575.0,5574.0,5574.0,5574.0,5576.0,5577.0,5577.0,5576.0,4
2016-07-28 20:13:00,2016-07-28 20:14:00,5574.0,5574.0,5574.0,5574.0,5577.0,5577.0,5577.0,5576.0,2
2016-07-28 20:14:00,2016-07-28 20:15:00,5574.0,5574.0,5574.0,5574.0,5577.0,5576.0,5576.0,5576.0,1
2016-07-28 20:15:00,2016-07-28 20:19:00,5574.0,5572.0,5572.0,5572.0,5576.0,5578.0,5578.0,5578.0,1
2016-07-28 20:19:00,2016-07-28 20:20:00,5572.0,5574.0,5574.0,5574.0,5578.0,5576.0,5576.0,5576.0,1
2016-07-28 20:20:00,2016-07-28 20:22:00,5574.0,5574.0,5574.0,5573.0,5576.0,5575.0,5577.0,5575.0,3
2016-07-28 20:22:00,2016-07-28 20:27:00,5574.0,5572.0,5572.0,5572.0,5575.0,5576.0,5576.0,5576.0,1
2016-07-28 20:27:00,2016-07-28 20:28:00,5572.0,5574.0,5574.0,5572.0,5576.0,5575.0,5575.0,5574.0,3
2016-07-28 20:28:00,2016-07-28 20:29:00,5574.0,5573.0,5574.0,5573.0,5575.0,5577.0,5577.0,5577.0,2
2016-07-28 20:29:00,2016-07-28 20:30:00,5573.0,5574.0,5575.0,5574.0,5577.0,5578.0,5578.0,5577.0,4
2016-07-28 20:30:00,2016-07-28 20:32:00,5574.0,5574.0,5574.0,5574.0,5578.0,5577.0,5577.0,5577.0,1
2016-07-28 20:32:00,2016-07-28 20:33:00,5574.0,5574.0,5577.0,5574.0,5577.0,5578.0,5578.0,5578.0,3
2016-07-28 20:33:00,2016-07-28 20:34:00,5574.0,5577.0,5577.0,5575.0,5578.0,5578.0,5578.0,5578.0,2
2016-07-28 20:34:00,2016-07-28 20:41:00,5577.0,5575.0,5577.0,5575.0,5579.0,5578.0,5578.0,5578.0,2
2016-07-28 20:41:00,2016-07-28 20:42:00,5575.0,5578.0,5578.0,5577.0,5578.0,5579.0,5579.0,5578.0,2
2016-07-28 20:42:00,2016-07-28 20:43:00,5578.0,5577.0,5577.0,5576.0,5579.0,5579.0,5579.0,5579.0,2
2016-07-28 20:43:00,2016-07-28 20:45:00,5577.0,5577.0,5577.0,5575.0,5579.0,5578.0,5579.0,5578.0,3
2016-07-28 20:45:00,2016-07-28 20:48:00,5577.0,5577.0,5577.0,5576.0,5578.0,5579.0,5580.0,5579.0,2
2016-07-28 20:48:00,2016-07-28 20:53:00,5578.0,5578.0,5578.0,5578.0,5580.0,5580.0,5580.0,5579.0,2
2016-07-28 20:53:00,2016-07-28 20:59:00,5578.0,5576.0,5578.0,5576.0,5579.0,5581.0,5582.0,5580.0,8
2016-07-28 20:59:00,2016-07-28 23:50:00,5576.0,5574.0,5574.0,5567.0,5581.0,5575.0,5575.0,5568.0,68
2016-07-28 23:50:00,2016-07-28 23:51:00,5574.0,5570.0,5574.0,5570.0,5575.0,5571.0,5576.0,5571.0,37
2016-07-28 23:51:00,2016-07-28 23:52:00,5570.0,5570.0,5571.0,5569.0,5571.0,5572.0,5572.0,5570.0,24
2016-07-28 23:52:00,2016-07-28 23:53:00,5570.0,5572.0,5573.0,5571.0,5572.0,5574.0,5574.0,5572.0,22
2016-07-28 23:53:00,2016-07-28 23:54:00,5572.0,5569.0,5573.0,5569.0,5574.0,5571.0,5574.0,5570.0,21
2016-07-28 23:54:00,2016-07-28 23:55:00,5569.0,5570.0,5571.0,5568.0,5571.0,5571.0,5573.0,5569.0,18
2016-07-28 23:55:00,2016-07-28 23:56:00,5570.0,5570.0,5571.0,5569.0,5571.0,5572.0,5573.0,5570.0,23
2016-07-28 23:56:00,2016-07-28 23:57:00,5570.0,5568.0,5570.0,5568.0,5572.0,5570.0,5571.0,5569.0,17
2016-07-28 23:57:00,2016-07-28 23:58:00,5568.0,5569.0,5569.0,5568.0,5570.0,5570.0,5571.0,5569.0,19
2016-07-28 23:58:00,2016-07-28 23:59:00,5569.0,5567.0,5569.0,5567.0,5570.0,5569.0,5570.0,5568.0,27
2016-07-28 23:59:00,2016-07-29 00:00:00,5567.0,5569.0,5572.0,5568.0,5569.0,5570.0,5573.0,5569.0,47
2016-07-29 00:00:00,2016-07-29 00:01:00,5569.0,5570.0,5571.0,5567.0,5570.0,5571.0,5572.0,5568.0,24
2016-07-29 00:01:00,2016-07-29 00:02:00,5570.0,5569.0,5571.0,5568.0,5571.0,5571.0,5572.0,5569.0,22
2016-07-29 00:02:00,2016-07-29 00:03:00,5569.0,5572.0,5573.0,5569.0,5571.0,5573.0,5574.0,5570.0,28
2016-07-29 00:03:00,2016-07-29 00:04:00,5572.0,5574.0,5575.0,5571.0,5573.0,5575.0,5576.0,5572.0,25
2016-07-29 00:04:00,2016-07-29 00:05:00,5574.0,5569.0,5574.0,5569.0,5575.0,5570.0,5576.0,5570.0,38
2016-07-29 00:05:00,2016-07-29 00:06:00,5569.0,5569.0,5571.0,5569.0,5570.0,5571.0,5572.0,5570.0,20
2016-07-29 00:06:00,2016-07-29 00:07:00,5569.0,5568.0,5572.0,5568.0,5571.0,5570.0,5574.0,5570.0,33
2016-07-29 00:07:00,2016-07-29 00:08:00,5568.0,5568.0,5570.0,5567.0,5570.0,5570.0,5571.0,5568.0,30
2016-07-29 00:08:00,2016-07-29 00:09:00,5568.0,5570.0,5571.0,5568.0,5570.0,5572.0,5572.0,5569.0,32
2016-07-29 00:09:00,2016-07-29 00:10:00,5570.0,5572.0,5572.0,5569.0,5572.0,5573.0,5573.0,5570.0,16
2016-07-29 00:10:00,2016-07-29 00:11:00,5572.0,5571.0,5571.0,5569.0,5573.0,5572.0,5573.0,5570.0,16
2016-07-29 00:11:00,2016-07-29 00:12:00,5571.0,5570.0,5571.0,5570.0,5572.0,5572.0,5572.0,5571.0,14
2016-07-29 00:12:00,2016-07-29 00:13:00,5570.0,5569.0,5571.0,5568.0,5572.0,5570.0,5572.0,5569.0,11
2016-07-29 00:13:00,2016-07-29 00:14:00,5569.0,5567.0,5568.0,5567.0,5570.0,5569.0,5569.0,5568.0,20
2016-07-29 00:14:00,2016-07-29 00:15:00,5567.0,5571.0,5571.0,5567.0,5569.0,5572.0,5572.0,5568.0,21
2016-07-29 00:15:00,2016-07-29 00:17:00,5569.0,5567.0,5569.0,5566.0,5571.0,5568.0,5570.0,5567.0,18
2016-07-29 00:17:00,2016-07-29 00:18:00,5567.0,5569.0,5569.0,5566.0,5568.0,5570.0,5570.0,5567.0,12
2016-07-29 00:18:00,2016-07-29 00:19:00,5569.0,5565.0,5568.0,5565.0,5570.0,5566.0,5570.0,5566.0,10
2016-07-29 00:19:00,2016-07-29 00:20:00,5565.0,5567.0,5568.0,5565.0,5566.0,5568.0,5569.0,5566.0,11
2016-07-29 00:20:00,2016-07-29 00:21:00,5567.0,5569.0,5570.0,5567.0,5568.0,5571.0,5571.0,5569.0,16
2016-07-29 00:21:00,2016-07-29 00:22:00,5569.0,5569.0,5570.0,5568.0,5571.0,5570.0,5571.0,5570.0,17
2016-07-29 00:22:00,2016-07-29 00:23:00,5569.0,5568.0,5569.0,5566.0,5570.0,5570.0,5570.0,5568.0,22
2016-07-29 00:23:00,2016-07-29 00:24:00,5568.0,5571.0,5572.0,5569.0,5570.0,5572.0,5573.0,5570.0,20
2016-07-29 00:24:00,2016-07-29 00:25:00,5571.0,5569.0,5570.0,5567.0,5572.0,5570.0,5571.0,5568.0,13
2016-07-29 00:25:00,2016-07-29 00:26:00,5569.0,5572.0,5572.0,5569.0,5570.0,5573.0,5573.0,5570.0,15
2016-07-29 00:26:00,2016-07-29 00:27:00,5572.0,5571.0,5572.0,5570.0,5573.0,5573.0,5573.0,5572.0,10
2016-07-29 00:27:00,2016-07-29 00:29:00,5571.0,5571.0,5572.0,5571.0,5572.0,5572.0,5573.0,5572.0,12
2016-07-29 00:29:00,2016-07-29 00:30:00,5571.0,5572.0,5573.0,5570.0,5572.0,5574.0,5574.0,5571.0,29
2016-07-29 00:30:00,2016-07-29 00:31:00,5572.0,5571.0,5573.0,5571.0,5574.0,5573.0,5574.0,5572.0,8
2016-07-29 00:31:00,2016-07-29 00:32:00,5571.0,5576.0,5576.0,5572.0,5573.0,5577.0,5577.0,5573.0,28
2016-07-29 00:32:00,2016-07-29 00:33:00,5576.0,5577.0,5579.0,5575.0,5577.0,5578.0,5580.0,5576.0,21
2016-07-29 00:33:00,2016-07-29 00:34:00,5577.0,5576.0,5578.0,5576.0,5578.0,5578.0,5579.0,5578.0,18
2016-07-29 00:34:00,2016-07-29 00:35:00,5576.0,5577.0,5577.0,5575.0,5578.0,5579.0,5579.0,5576.0,11
2016-07-29 00:35:00,2016-07-29 00:36:00,5577.0,5576.0,5578.0,5575.0,5579.0,5577.0,5579.0,5576.0,11
2016-07-29 00:36:00,2016-07-29 00:38:00,5577.0,5577.0,5578.0,5575.0,5578.0,5579.0,5579.0,5576.0,10
2016-07-29 00:38:00,2016-07-29 00:39:00,5577.0,5580.0,5581.0,5577.0,5579.0,5581.0,5582.0,5578.0,22
2016-07-29 00:39:00,2016-07-29 00:40:00,5580.0,5580.0,5581.0,5579.0,5581.0,5581.0,5582.0,5580.0,28
2016-07-29 00:40:00,2016-07-29 00:41:00,5580.0,5581.0,5581.0,5580.0,5581.0,5582.0,5582.0,5581.0,13
2016-07-29 00:41:00,2016-07-29 00:42:00,5581.0,5580.0,5581.0,5580.0,5582.0,5582.0,5583.0,5581.0,25
2016-07-29 00:42:00,2016-07-29 00:43:00,5580.0,5581.0,5581.0,5580.0,5582.0,5582.0,5582.0,5581.0,13
2016-07-29 00:43:00,2016-07-29 00:44:00,5581.0,5579.0,5582.0,5579.0,5582.0,5581.0,5583.0,5580.0,20
2016-07-29 00:44:00,2016-07-29 00:45:00,5579.0,5580.0,5581.0,5579.0,5581.0,5581.0,5582.0,5580.0,15
2016-07-29 00:45:00,2016-07-29 00:46:00,5580.0,5578.0,5579.0,5578.0,5581.0,5579.0,5581.0,5579.0,8
2016-07-29 00:46:00,2016-07-29 00:47:00,5578.0,5577.0,5579.0,5577.0,5579.0,5579.0,5580.0,5579.0,5
2016-07-29 00:47:00,2016-07-29 00:48:00,5577.0,5577.0,5578.0,5577.0,5579.0,5579.0,5579.0,5578.0,22
2016-07-29 00:48:00,2016-07-29 00:50:00,5579.0,5577.0,5578.0,5577.0,5580.0,5579.0,5580.0,5578.0,9
2016-07-29 00:50:00,2016-07-29 00:51:00,5577.0,5577.0,5577.0,5576.0,5579.0,5578.0,5579.0,5577.0,7
2016-07-29 00:51:00,2016-07-29 00:52:00,5577.0,5575.0,5577.0,5575.0,5578.0,5577.0,5578.0,5576.0,7
2016-07-29 00:52:00,2016-07-29 00:53:00,5575.0,5576.0,5577.0,5575.0,5577.0,5578.0,5578.0,5576.0,10
2016-07-29 00:53:00,2016-07-29 00:54:00,5576.0,5574.0,5577.0,5573.0,5578.0,5575.0,5578.0,5574.0,19
2016-07-29 00:54:00,2016-07-29 00:55:00,5574.0,5573.0,5575.0,5572.0,5575.0,5575.0,5576.0,5574.0,15
2016-07-29 00:55:00,2016-07-29 00:56:00,5573.0,5572.0,5573.0,5572.0,5575.0,5573.0,5574.0,5573.0,9
2016-07-29 00:56:00,2016-07-29 00:57:00,5572.0,5573.0,5573.0,5573.0,5573.0,5574.0,5575.0,5574.0,3
2016-07-29 00:57:00,2016-07-29 00:58:00,5573.0,5572.0,5572.0,5570.0,5574.0,5573.0,5573.0,5572.0,11
2016-07-29 00:58:00,2016-07-29 00:59:00,5572.0,5573.0,5574.0,5571.0,5573.0,5575.0,5575.0,5572.0,10
2016-07-29 00:59:00,2016-07-29 01:00:00,5573.0,5571.0,5573.0,5571.0,5575.0,5572.0,5574.0,5572.0,20
2016-07-29 01:00:00,2016-07-29 01:01:00,5571.0,5568.0,5571.0,5568.0,5572.0,5570.0,5573.0,5569.0,19
2016-07-29 01:01:00,2016-07-29 01:02:00,5568.0,5570.0,5570.0,5568.0,5570.0,5571.0,5571.0,5569.0,12
2016-07-29 01:02:00,2016-07-29 01:03:00,5570.0,5569.0,5569.0,5568.0,5571.0,5570.0,5571.0,5569.0,17
2016-07-29 01:03:00,2016-07-29 01:04:00,5569.0,5569.0,5570.0,5568.0,5570.0,5570.0,5571.0,5569.0,14
2016-07-29 01:04:00,2016-07-29 01:05:00,5569.0,5566.0,5568.0,5566.0,5570.0,5568.0,5570.0,5567.0,10
2016-07-29 01:05:00,2016-07-29 01:06:00,5566.0,5568.0,5568.0,5566.0,5568.0,5569.0,5569.0,5567.0,18
2016-07-29 01:06:00,2016-07-29 01:07:00,5568.0,5567.0,5568.0,5567.0,5569.0,5568.0,5569.0,5568.0,9
2016-07-29 01:07:00,2016-07-29 01:09:00,5567.0,5566.0,5566.0,5565.0,5568.0,5567.0,5567.0,5566.0,9
2016-07-29 01:09:00,2016-07-29 01:10:00,5566.0,5564.0,5565.0,5563.0,5567.0,5565.0,5567.0,5564.0,15
2016-07-29 01:10:00,2016-07-29 01:11:00,5564.0,5564.0,5567.0,5564.0,5565.0,5566.0,5569.0,5565.0,12
2016-07-29 01:11:00,2016-07-29 01:12:00,5564.0,5566.0,5566.0,5565.0,5566.0,5568.0,5568.0,5566.0,10
2016-07-29 01:12:00,2016-07-29 01:13:00,5566.0,5565.0,5567.0,5564.0,5568.0,5566.0,5569.0,5565.0,20
2016-07-29 01:13:00,2016-07-29 01:14:00,5565.0,5563.0,5564.0,5563.0,5566.0,5565.0,5566.0,5564.0,13
2016-07-29 01:14:00,2016-07-29 01:15:00,5563.0,5565.0,5566.0,5563.0,5565.0,5566.0,5567.0,5564.0,24
2016-07-29 01:15:00,2016-07-29 01:16:00,5565.0,5562.0,5564.0,5561.0,5566.0,5563.0,5566.0,5563.0,15
2016-07-29 01:16:00,2016-07-29 01:17:00,5562.0,5562.0,5563.0,5561.0,5563.0,5564.0,5564.0,5562.0,16
2016-07-29 01:17:00,2016-07-29 01:18:00,5562.0,5563.0,5565.0,5562.0,5564.0,5564.0,5566.0,5564.0,12
2016-07-29 01:18:00,2016-07-29 01:19:00,5563.0,5564.0,5565.0,5563.0,5564.0,5565.0,5566.0,5564.0,11
2016-07-29 01:19:00,2016-07-29 01:21:00,5564.0,5565.0,5565.0,5564.0,5565.0,5566.0,5566.0,5565.0,15
2016-07-29 01:21:00,2016-07-29 01:22:00,5565.0,5566.0,5567.0,5565.0,5566.0,5568.0,5568.0,5566.0,17
2016-07-29 01:22:00,2016-07-29 01:23:00,5566.0,5569.0,5569.0,5567.0,5568.0,5571.0,5571.0,5568.0,4
2016-07-29 01:23:00,2016-07-29 01:24:00,5569.0,5568.0,5570.0,5567.0,5571.0,5570.0,5571.0,5568.0,15
2016-07-29 01:24:00,2016-07-29 01:25:00,5568.0,5568.0,5568.0,5567.0,5570.0,5569.0,5569.0,5568.0,14
2016-07-29 01:25:00,2016-07-29 01:26:00,5568.0,5567.0,5568.0,5567.0,5569.0,5569.0,5569.0,5568.0,14
2016-07-29 01:26:00,2016-07-29 01:27:00,5567.0,5571.0,5571.0,5568.0,5569.0,5572.0,5572.0,5569.0,16
2016-07-29 01:27:00,2016-07-29 01:28:00,5571.0,5567.0,5570.0,5567.0,5572.0,5568.0,5572.0,5568.0,16
2016-07-29 01:28:00,2016-07-29 01:29:00,5567.0,5569.0,5570.0,5567.0,5568.0,5570.0,5571.0,5568.0,14
2016-07-29 01:29:00,2016-07-29 01:30:00,5569.0,5571.0,5573.0,5569.0,5570.0,5572.0,5574.0,5570.0,27
2016-07-29 01:30:00,2016-07-29 01:31:00,5571.0,5572.0,5575.0,5571.0,5572.0,5574.0,5576.0,5573.0,19
2016-07-29 01:31:00,2016-07-29 01:32:00,5572.0,5573.0,5574.0,5572.0,5574.0,5575.0,5575.0,5573.0,17
2016-07-29 01:32:00,2016-07-29 01:33:00,5573.0,5574.0,5575.0,5573.0,5575.0,5575.0,5576.0,5574.0,17
2016-07-29 01:33:00,2016-07-29 01:35:00,5573.0,5571.0,5575.0,5571.0,5574.0,5573.0,5576.0,5573.0,14
2016-07-29 01:35:00,2016-07-29 01:36:00,5571.0,5572.0,5573.0,5571.0,5573.0,5574.0,5574.0,5572.0,10
2016-07-29 01:36:00,2016-07-29 01:38:00,5571.0,5571.0,5572.0,5570.0,5572.0,5573.0,5573.0,5572.0,6
2016-07-29 01:38:00,2016-07-29 01:39:00,5571.0,5572.0,5572.0,5570.0,5573.0,5573.0,5573.0,5571.0,10
2016-07-29 01:39:00,2016-07-29 01:40:00,5572.0,5571.0,5571.0,5570.0,5573.0,5572.0,5573.0,5571.0,7
2016-07-29 01:40:00,2016-07-29 01:42:00,5571.0,5573.0,5574.0,5571.0,5572.0,5575.0,5575.0,5573.0,11
2016-07-29 01:42:00,2016-07-29 01:43:00,5573.0,5572.0,5574.0,5572.0,5575.0,5573.0,5575.0,5573.0,5
2016-07-29 01:43:00,2016-07-29 01:46:00,5572.0,5571.0,5571.0,5570.0,5573.0,5572.0,5572.0,5571.0,4
2016-07-29 01:46:00,2016-07-29 01:47:00,5571.0,5571.0,5572.0,5571.0,5572.0,5572.0,5573.0,5572.0,10
2016-07-29 01:47:00,2016-07-29 01:49:00,5570.0,5570.0,5571.0,5569.0,5571.0,5571.0,5572.0,5570.0,12
2016-07-29 01:49:00,2016-07-29 01:50:00,5570.0,5571.0,5572.0,5570.0,5571.0,5573.0,5573.0,5571.0,11
2016-07-29 01:50:00,2016-07-29 01:51:00,5571.0,5573.0,5574.0,5572.0,5573.0,5575.0,5575.0,5573.0,8
2016-07-29 01:51:00,2016-07-29 01:52:00,5573.0,5572.0,5573.0,5571.0,5575.0,5573.0,5574.0,5573.0,5
2016-07-29 01:52:00,2016-07-29 01:53:00,5572.0,5569.0,5571.0,5569.0,5573.0,5570.0,5573.0,5570.0,12
2016-07-29 01:53:00,2016-07-29 01:54:00,5569.0,5570.0,5570.0,5569.0,5570.0,5571.0,5572.0,5570.0,7
2016-07-29 01:54:00,2016-07-29 01:55:00,5570.0,5568.0,5570.0,5568.0,5571.0,5570.0,5572.0,5569.0,7
2016-07-29 01:55:00,2016-07-29 01:56:00,5568.0,5569.0,5569.0,5568.0,5570.0,5570.0,5571.0,5569.0,5
2016-07-29 01:56:00,2016-07-29 01:58:00,5569.0,5569.0,5571.0,5569.0,5570.0,5571.0,5572.0,5570.0,9
2016-07-29 01:58:00,2016-07-29 01:59:00,5569.0,5569.0,5570.0,5569.0,5571.0,5570.0,5572.0,5570.0,12
2016-07-29 01:59:00,2016-07-29 02:00:00,5569.0,5572.0,5572.0,5569.0,5570.0,5574.0,5574.0,5570.0,30
2016-07-29 02:00:00,2016-07-29 02:01:00,5572.0,5573.0,5573.0,5571.0,5574.0,5575.0,5575.0,5572.0,8
2016-07-29 02:01:00,2016-07-29 02:02:00,5573.0,5571.0,5573.0,5571.0,5575.0,5573.0,5574.0,5572.0,17
2016-07-29 02:02:00,2016-07-29 02:03:00,5571.0,5567.0,5572.0,5567.0,5573.0,5568.0,5573.0,5568.0,29
2016-07-29 02:03:00,2016-07-29 02:04:00,5567.0,5564.0,5567.0,5563.0,5568.0,5565.0,5568.0,5564.0,22
2016-07-29 02:04:00,2016-07-29 02:05:00,5564.0,5564.0,5564.0,5563.0,5565.0,5565.0,5566.0,5564.0,21
2016-07-29 02:05:00,2016-07-29 02:06:00,5564.0,5565.0,5565.0,5561.0,5565.0,5566.0,5566.0,5562.0,24
2016-07-29 02:06:00,2016-07-29 02:07:00,5565.0,5566.0,5568.0,5565.0,5566.0,5567.0,5569.0,5566.0,19
2016-07-29 02:07:00,2016-07-29 02:08:00,5566.0,5565.0,5566.0,5564.0,5567.0,5567.0,5567.0,5565.0,14
2016-07-29 02:08:00,2016-07-29 02:09:00,5565.0,5565.0,5566.0,5563.0,5567.0,5566.0,5567.0,5565.0,16
2016-07-29 02:09:00,2016-07-29 02:10:00,5565.0,5561.0,5564.0,5560.0,5566.0,5563.0,5566.0,5561.0,23
2016-07-29 02:10:00,2016-07-29 02:11:00,5561.0,5562.0,5563.0,5561.0,5563.0,5563.0,5564.0,5562.0,20
2016-07-29 02:11:00,2016-07-29 02:12:00,5562.0,5559.0,5561.0,5559.0,5563.0,5561.0,5563.0,5561.0,24
2016-07-29 02:12:00,2016-07-29 02:13:00,5559.0,5561.0,5562.0,5559.0,5561.0,5563.0,5563.0,5560.0,13
2016-07-29 02:13:00,2016-07-29 02:14:00,5561.0,5565.0,5565.0,5561.0,5563.0,5567.0,5567.0,5562.0,23
2016-07-29 02:14:00,2016-07-29 02:15:00,5565.0,5566.0,5567.0,5565.0,5567.0,5567.0,5568.0,5566.0,14
2016-07-29 02:15:00,2016-07-29 02:16:00,5566.0,5566.0,5566.0,5565.0,5567.0,5567.0,5568.0,5566.0,6
2016-07-29 02:16:00,2016-07-29 02:19:00,5566.0,5567.0,5568.0,5567.0,5567.0,5568.0,5569.0,5568.0,5
2016-07-29 02:19:00,2016-07-29 02:20:00,5567.0,5566.0,5568.0,5566.0,5568.0,5567.0,5569.0,5567.0,11
2016-07-29 02:20:00,2016-07-29 02:22:00,5565.0,5563.0,5564.0,5562.0,5566.0,5564.0,5566.0,5563.0,16
2016-07-29 02:22:00,2016-07-29 02:23:00,5563.0,5563.0,5564.0,5562.0,5564.0,5564.0,5565.0,5563.0,12
2016-07-29 02:23:00,2016-07-29 02:24:00,5563.0,5563.0,5564.0,5563.0,5564.0,5565.0,5565.0,5565.0,3
2016-07-29 02:24:00,2016-07-29 02:25:00,5563.0,5565.0,5566.0,5563.0,5565.0,5566.0,5567.0,5564.0,11
2016-07-29 02:25:00,2016-07-29 02:26:00,5565.0,5567.0,5567.0,5565.0,5566.0,5568.0,5568.0,5566.0,16
2016-07-29 02:26:00,2016-07-29 02:28:00,5566.0,5563.0,5565.0,5563.0,5567.0,5565.0,5567.0,5564.0,15
2016-07-29 02:28:00,2016-07-29 02:29:00,5563.0,5565.0,5566.0,5562.0,5565.0,5567.0,5567.0,5564.0,17
2016-07-29 02:29:00,2016-07-29 02:30:00,5565.0,5564.0,5566.0,5562.0,5567.0,5565.0,5567.0,5563.0,28
2016-07-29 02:30:00,2016-07-29 02:31:00,5564.0,5566.0,5566.0,5563.0,5565.0,5567.0,5567.0,5564.0,26
2016-07-29 02:31:00,2016-07-29 02:32:00,5566.0,5566.0,5568.0,5565.0,5567.0,5568.0,5569.0,5566.0,20
2016-07-29 02:32:00,2016-07-29 02:33:00,5566.0,5568.0,5568.0,5567.0,5568.0,5569.0,5569.0,5568.0,7
2016-07-29 02:33:00,2016-07-29 02:34:00,5568.0,5567.0,5568.0,5566.0,5569.0,5569.0,5569.0,5567.0,6
2016-07-29 02:34:00,2016-07-29 02:35:00,5567.0,5574.0,5575.0,5567.0,5569.0,5576.0,5576.0,5568.0,61
2016-07-29 02:35:00,2016-07-29 02:36:00,5574.0,5572.0,5578.0,5569.0,5576.0,5573.0,5579.0,5570.0,110
2016-07-29 02:36:00,2016-07-29 02:37:00,5572.0,5572.0,5574.0,5571.0,5573.0,5573.0,5576.0,5573.0,39
2016-07-29 02:37:00,2016-07-29 02:38:00,5572.0,5571.0,5572.0,5571.0,5573.0,5573.0,5574.0,5572.0,28
2016-07-29 02:38:00,2016-07-29 02:39:00,5571.0,5570.0,5572.0,5570.0,5573.0,5571.0,5573.0,5571.0,17
2016-07-29 02:39:00,2016-07-29 02:40:00,5570.0,5570.0,5571.0,5569.0,5571.0,5571.0,5572.0,5570.0,25
2016-07-29 02:40:00,2016-07-29 02:42:00,5570.0,5572.0,5573.0,5570.0,5571.0,5574.0,5574.0,5571.0,24
2016-07-29 02:42:00,2016-07-29 02:43:00,5572.0,5572.0,5573.0,5571.0,5574.0,5573.0,5574.0,5572.0,9
2016-07-29 02:43:00,2016-07-29 02:44:00,5572.0,5573.0,5577.0,5572.0,5573.0,5575.0,5578.0,5574.0,51
2016-07-29 02:44:00,2016-07-29 02:45:00,5573.0,5574.0,5575.0,5573.0,5575.0,5575.0,5576.0,5574.0,13
2016-07-29 02:45:00,2016-07-29 02:46:00,5574.0,5574.0,5574.0,5573.0,5575.0,5576.0,5576.0,5574.0,8
2016-07-29 02:46:00,2016-07-29 02:47:00,5574.0,5573.0,5574.0,5572.0,5576.0,5574.0,5575.0,5573.0,11
2016-07-29 02:47:00,2016-07-29 02:48:00,5573.0,5572.0,5574.0,5572.0,5574.0,5574.0,5575.0,5573.0,14
2016-07-29 02:48:00,2016-07-29 02:49:00,5572.0,5573.0,5575.0,5572.0,5574.0,5574.0,5577.0,5573.0,26
2016-07-29 02:49:00,2016-07-29 02:51:00,5574.0,5571.0,5573.0,5571.0,5575.0,5573.0,5575.0,5572.0,17
2016-07-29 02:51:00,2016-07-29 02:52:00,5571.0,5570.0,5571.0,5569.0,5573.0,5571.0,5573.0,5571.0,13
2016-07-29 02:52:00,2016-07-29 02:53:00,5570.0,5571.0,5573.0,5569.0,5571.0,5573.0,5574.0,5571.0,39
2016-07-29 02:53:00,2016-07-29 02:54:00,5571.0,5570.0,5573.0,5570.0,5573.0,5572.0,5574.0,5571.0,35
2016-07-29 02:54:00,2016-07-29 02:55:00,5570.0,5570.0,5573.0,5569.0,5572.0,5572.0,5574.0,5570.0,23
2016-07-29 02:55:00,2016-07-29 02:56:00,5570.0,5569.0,5571.0,5569.0,5572.0,5571.0,5572.0,5571.0,8
2016-07-29 02:56:00,2016-07-29 02:57:00,5569.0,5570.0,5571.0,5569.0,5571.0,5572.0,5573.0,5570.0,16
2016-07-29 02:57:00,2016-07-29 02:58:00,5570.0,5570.0,5572.0,5570.0,5572.0,5572.0,5573.0,5571.0,9
2016-07-29 02:58:00,2016-07-29 02:59:00,5570.0,5569.0,5570.0,5569.0,5572.0,5571.0,5571.0,5570.0,12
2016-07-29 02:59:00,2016-07-29 03:00:00,5569.0,5570.0,5570.0,5568.0,5571.0,5571.0,5571.0,5569.0,27
2016-07-29 03:00:00,2016-07-29 03:02:00,5569.0,5569.0,5571.0,5569.0,5571.0,5571.0,5572.0,5570.0,14
2016-07-29 03:02:00,2016-07-29 03:04:00,5569.0,5569.0,5570.0,5568.0,5571.0,5570.0,5571.0,5569.0,15
2016-07-29 03:04:00,2016-07-29 03:06:00,5570.0,5571.0,5571.0,5569.0,5571.0,5572.0,5572.0,5570.0,12
2016-07-29 03:06:00,2016-07-29 03:07:00,5571.0,5570.0,5572.0,5569.0,5572.0,5572.0,5573.0,5570.0,15
2016-07-29 03:07:00,2016-07-29 03:08:00,5570.0,5571.0,5572.0,5571.0,5572.0,5573.0,5573.0,5572.0,12
2016-07-29 03:08:00,2016-07-29 03:10:00,5570.0,5569.0,5571.0,5569.0,5571.0,5571.0,5572.0,5570.0,12
2016-07-29 03:10:00,2016-07-29 03:11:00,5569.0,5569.0,5570.0,5568.0,5571.0,5570.0,5571.0,5570.0,10
2016-07-29 03:11:00,2016-07-29 03:12:00,5569.0,5570.0,5571.0,5568.0,5570.0,5571.0,5572.0,5569.0,19
2016-07-29 03:12:00,2016-07-29 03:13:00,5570.0,5566.0,5570.0,5566.0,5571.0,5567.0,5571.0,5567.0,21
2016-07-29 03:13:00,2016-07-29 03:14:00,5566.0,5567.0,5567.0,5566.0,5567.0,5569.0,5569.0,5567.0,12
2016-07-29 03:14:00,2016-07-29 03:15:00,5567.0,5566.0,5568.0,5566.0,5569.0,5568.0,5569.0,5568.0,13
2016-07-29 03:15:00,2016-07-29 03:16:00,5566.0,5560.0,5568.0,5556.0,5568.0,5562.0,5569.0,5557.0,139
2016-07-29 03:16:00,2016-07-29 03:17:00,5560.0,5564.0,5567.0,5558.0,5562.0,5566.0,5568.0,5559.0,140
2016-07-29 03:17:00,2016-07-29 03:18:00,5564.0,5563.0,5566.0,5563.0,5566.0,5565.0,5567.0,5565.0,38
2016-07-29 03:18:00,2016-07-29 03:19:00,5563.0,5563.0,5564.0,5562.0,5565.0,5564.0,5565.0,5564.0,10
2016-07-29 03:19:00,2016-07-29 03:20:00,5563.0,5561.0,5563.0,5561.0,5564.0,5562.0,5564.0,5562.0,9
2016-07-29 03:20:00,2016-07-29 03:21:00,5561.0,5561.0,5561.0,5559.0,5562.0,5562.0,5563.0,5560.0,21
2016-07-29 03:21:00,2016-07-29 03:22:00,5561.0,5560.0,5561.0,5560.0,5562.0,5561.0,5563.0,5561.0,13
2016-07-29 03:22:00,2016-07-29 03:23:00,5560.0,5562.0,5562.0,5559.0,5561.0,5563.0,5563.0,5560.0,14
2016-07-29 03:23:00,2016-07-29 03:24:00,5562.0,5563.0,5564.0,5562.0,5563.0,5564.0,5565.0,5564.0,15
2016-07-29 03:24:00,2016-07-29 03:25:00,5563.0,5562.0,5562.0,5560.0,5564.0,5563.0,5564.0,5562.0,19
2016-07-29 03:25:00,2016-07-29 03:26:00,5562.0,5563.0,5564.0,5562.0,5563.0,5565.0,5565.0,5564.0,11
2016-07-29 03:26:00,2016-07-29 03:27:00,5563.0,5563.0,5564.0,5562.0,5565.0,5565.0,5565.0,5563.0,18
2016-07-29 03:27:00,2016-07-29 03:28:00,5563.0,5562.0,5564.0,5562.0,5565.0,5564.0,5565.0,5564.0,15
2016-07-29 03:28:00,2016-07-29 03:29:00,5562.0,5563.0,5563.0,5562.0,5564.0,5565.0,5565.0,5563.0,8
2016-07-29 03:29:00,2016-07-29 03:30:00,5563.0,5563.0,5564.0,5562.0,5565.0,5564.0,5565.0,5563.0,26
2016-07-29 03:30:00,2016-07-29 03:31:00,5563.0,5565.0,5567.0,5562.0,5564.0,5567.0,5568.0,5564.0,27
2016-07-29 03:31:00,2016-07-29 03:32:00,5565.0,5566.0,5569.0,5565.0,5567.0,5568.0,5570.0,5566.0,44
2016-07-29 03:32:00,2016-07-29 03:33:00,5566.0,5565.0,5567.0,5562.0,5568.0,5566.0,5568.0,5563.0,45
2016-07-29 03:33:00,2016-07-29 03:34:00,5565.0,5564.0,5567.0,5564.0,5566.0,5565.0,5568.0,5565.0,11
2016-07-29 03:34:00,2016-07-29 03:35:00,5564.0,5564.0,5564.0,5562.0,5565.0,5566.0,5566.0,5563.0,11
2016-07-29 03:35:00,2016-07-29 03:36:00,5564.0,5564.0,5565.0,5563.0,5566.0,5566.0,5566.0,5564.0,12
2016-07-29 03:36:00,2016-07-29 03:37:00,5564.0,5564.0,5565.0,5563.0,5566.0,5566.0,5566.0,5564.0,10
2016-07-29 03:37:00,2016-07-29 03:38:00,5564.0,5566.0,5567.0,5564.0,5566.0,5568.0,5568.0,5565.0,21
2016-07-29 03:38:00,2016-07-29 03:39:00,5566.0,5568.0,5570.0,5567.0,5568.0,5570.0,5571.0,5568.0,21
2016-07-29 03:39:00,2016-07-29 03:40:00,5568.0,5568.0,5568.0,5567.0,5570.0,5569.0,5569.0,5568.0,8
2016-07-29 03:40:00,2016-07-29 03:42:00,5568.0,5568.0,5569.0,5568.0,5569.0,5569.0,5570.0,5569.0,15
2016-07-29 03:42:00,2016-07-29 03:44:00,5568.0,5557.0,5576.0,5555.0,5569.0,5559.0,5577.0,5557.0,223
2016-07-29 03:44:00,2016-07-29 03:45:00,5557.0,5562.0,5563.0,5556.0,5559.0,5563.0,5564.0,5557.0,180
2016-07-29 03:45:00,2016-07-29 03:46:00,5562.0,5557.0,5564.0,5557.0,5563.0,5558.0,5565.0,5558.0,124
2016-07-29 03:46:00,2016-07-29 03:47:00,5557.0,5553.0,5558.0,5551.0,5558.0,5554.0,5559.0,5553.0,94
2016-07-29 03:47:00,2016-07-29 03:48:00,5553.0,5553.0,5553.0,5548.0,5554.0,5554.0,5555.0,5549.0,109
2016-07-29 03:48:00,2016-07-29 03:49:00,5553.0,5548.0,5552.0,5546.0,5554.0,5549.0,5554.0,5547.0,60
2016-07-29 03:49:00,2016-07-29 03:50:00,5548.0,5545.0,5549.0,5545.0,5549.0,5547.0,5551.0,5546.0,68
2016-07-29 03:50:00,2016-07-29 03:51:00,5545.0,5549.0,5549.0,5545.0,5547.0,5550.0,5551.0,5547.0,39
2016-07-29 03:51:00,2016-07-29 03:52:00,5549.0,5553.0,5553.0,5548.0,5550.0,5554.0,5554.0,5549.0,51
2016-07-29 03:52:00,2016-07-29 03:53:00,5553.0,5551.0,5552.0,5548.0,5554.0,5552.0,5554.0,5549.0,29
2016-07-29 03:53:00,2016-07-29 03:54:00,5551.0,5550.0,5551.0,5549.0,5552.0,5552.0,5553.0,5550.0,39
2016-07-29 03:54:00,2016-07-29 03:55:00,5550.0,5551.0,5552.0,5548.0,5552.0,5552.0,5553.0,5550.0,65
2016-07-29 03:55:00,2016-07-29 03:56:00,5551.0,5556.0,5557.0,5551.0,5552.0,5558.0,5558.0,5553.0,35
2016-07-29 03:56:00,2016-07-29 03:57:00,5556.0,5564.0,5564.0,5556.0,5558.0,5565.0,5565.0,5557.0,53
2016-07-29 03:57:00,2016-07-29 03:58:00,5564.0,5561.0,5565.0,5561.0,5565.0,5562.0,5566.0,5562.0,52
2016-07-29 03:58:00,2016-07-29 03:59:00,5561.0,5561.0,5562.0,5560.0,5562.0,5563.0,5564.0,5561.0,30
2016-07-29 03:59:00,2016-07-29 04:00:00,5561.0,5564.0,5565.0,5562.0,5563.0,5566.0,5566.0,5563.0,17
2016-07-29 04:00:00,2016-07-29 04:01:00,5564.0,5563.0,5565.0,5562.0,5566.0,5564.0,5566.0,5564.0,17
2016-07-29 04:01:00,2016-07-29 04:02:00,5563.0,5561.0,5563.0,5561.0,5564.0,5563.0,5564.0,5562.0,15
2016-07-29 04:02:00,2016-07-29 04:03:00,5561.0,5563.0,5563.0,5560.0,5563.0,5564.0,5564.0,5562.0,24
2016-07-29 04:03:00,2016-07-29 04:04:00,5563.0,5562.0,5565.0,5562.0,5564.0,5563.0,5566.0,5563.0,19
2016-07-29 04:04:00,2016-07-29 04:05:00,5562.0,5561.0,5564.0,5560.0,5563.0,5563.0,5565.0,5561.0,17
2016-07-29 04:05:00,2016-07-29 04:06:00,5561.0,5561.0,5562.0,5561.0,5563.0,5563.0,5563.0,5562.0,7
2016-07-29 04:06:00,2016-07-29 04:07:00,5561.0,5557.0,5561.0,5557.0,5563.0,5559.0,5562.0,5558.0,17
2016-07-29 04:07:00,2016-07-29 04:08:00,5557.0,5559.0,5560.0,5557.0,5559.0,5560.0,5562.0,5558.0,37
2016-07-29 04:08:00,2016-07-29 04:09:00,5559.0,5561.0,5562.0,5559.0,5560.0,5562.0,5563.0,5560.0,13
2016-07-29 04:09:00,2016-07-29 04:10:00,5561.0,5558.0,5562.0,5558.0,5562.0,5560.0,5563.0,5559.0,22
2016-07-29 04:10:00,2016-07-29 04:11:00,5558.0,5558.0,5559.0,5556.0,5560.0,5559.0,5560.0,5557.0,21
2016-07-29 04:11:00,2016-07-29 04:12:00,5558.0,5557.0,5559.0,5557.0,5559.0,5559.0,5560.0,5558.0,22
2016-07-29 04:12:00,2016-07-29 04:13:00,5557.0,5555.0,5558.0,5554.0,5559.0,5557.0,5559.0,5555.0,25
2016-07-29 04:13:00,2016-07-29 04:14:00,5555.0,5557.0,5558.0,5554.0,5557.0,5558.0,5559.0,5557.0,22
2016-07-29 04:14:00,2016-07-29 04:15:00,5557.0,5556.0,5557.0,5554.0,5558.0,5557.0,5558.0,5556.0,18
2016-07-29 04:15:00,2016-07-29 04:16:00,5556.0,5557.0,5558.0,5556.0,5557.0,5559.0,5559.0,5557.0,15
2016-07-29 04:16:00,2016-07-29 04:17:00,5557.0,5556.0,5557.0,5555.0,5559.0,5558.0,5559.0,5557.0,7
2016-07-29 04:17:00,2016-07-29 04:18:00,5556.0,5556.0,5558.0,5556.0,5558.0,5558.0,5559.0,5557.0,20
2016-07-29 04:18:00,2016-07-29 04:19:00,5556.0,5554.0,5556.0,5554.0,5558.0,5556.0,5557.0,5555.0,30
2016-07-29 04:19:00,2016-07-29 04:20:00,5554.0,5555.0,5556.0,5553.0,5556.0,5557.0,5558.0,5554.0,29
2016-07-29 04:20:00,2016-07-29 04:21:00,5555.0,5554.0,5556.0,5554.0,5557.0,5556.0,5558.0,5556.0,12
2016-07-29 04:21:00,2016-07-29 04:22:00,5554.0,5554.0,5555.0,5553.0,5556.0,5555.0,5556.0,5555.0,8
2016-07-29 04:22:00,2016-07-29 04:23:00,5554.0,5556.0,5556.0,5552.0,5555.0,5557.0,5557.0,5553.0,18
2016-07-29 04:23:00,2016-07-29 04:24:00,5556.0,5554.0,5558.0,5554.0,5557.0,5555.0,5559.0,5555.0,20
2016-07-29 04:24:00,2016-07-29 04:25:00,5554.0,5551.0,5555.0,5551.0,5555.0,5552.0,5556.0,5552.0,30
2016-07-29 04:25:00,2016-07-29 04:26:00,5551.0,5551.0,5553.0,5550.0,5552.0,5552.0,5554.0,5551.0,24
2016-07-29 04:26:00,2016-07-29 04:27:00,5551.0,5550.0,5552.0,5549.0,5552.0,5551.0,5554.0,5551.0,18
2016-07-29 04:27:00,2016-07-29 04:28:00,5550.0,5553.0,5554.0,5549.0,5551.0,5554.0,5555.0,5551.0,27
2016-07-29 04:28:00,2016-07-29 04:29:00,5553.0,5549.0,5552.0,5549.0,5554.0,5551.0,5554.0,5550.0,27
2016-07-29 04:29:00,2016-07-29 04:30:00,5549.0,5549.0,5550.0,5548.0,5551.0,5550.0,5551.0,5549.0,27
2016-07-29 04:30:00,2016-07-29 04:31:00,5549.0,5549.0,5550.0,5547.0,5550.0,5551.0,5551.0,5549.0,29
2016-07-29 04:31:00,2016-07-29 04:32:00,5549.0,5550.0,5550.0,5548.0,5551.0,5551.0,5551.0,5549.0,7
2016-07-29 04:32:00,2016-07-29 04:34:00,5550.0,5550.0,5552.0,5549.0,5551.0,5551.0,5553.0,5550.0,17
2016-07-29 04:34:00,2016-07-29 04:37:00,5548.0,5550.0,5551.0,5548.0,5549.0,5551.0,5552.0,5549.0,13
2016-07-29 04:37:00,2016-07-29 04:38:00,5550.0,5551.0,5552.0,5549.0,5551.0,5552.0,5555.0,5551.0,27
2016-07-29 04:38:00,2016-07-29 04:39:00,5551.0,5550.0,5550.0,5548.0,5552.0,5551.0,5552.0,5550.0,10
2016-07-29 04:39:00,2016-07-29 04:40:00,5550.0,5548.0,5551.0,5548.0,5551.0,5550.0,5552.0,5549.0,13
2016-07-29 04:40:00,2016-07-29 04:41:00,5548.0,5549.0,5550.0,5547.0,5550.0,5550.0,5551.0,5550.0,7
2016-07-29 04:41:00,2016-07-29 04:42:00,5549.0,5549.0,5551.0,5549.0,5550.0,5550.0,5552.0,5550.0,13
2016-07-29 04:42:00,2016-07-29 04:44:00,5548.0,5549.0,5549.0,5547.0,5549.0,5550.0,5550.0,5548.0,22
2016-07-29 04:44:00,2016-07-29 04:45:00,5549.0,5551.0,5552.0,5548.0,5550.0,5552.0,5553.0,5550.0,17
2016-07-29 04:45:00,2016-07-29 04:46:00,5551.0,5551.0,5553.0,5551.0,5552.0,5552.0,5554.0,5552.0,27
2016-07-29 04:46:00,2016-07-29 04:47:00,5551.0,5553.0,5554.0,5551.0,5552.0,5555.0,5555.0,5553.0,28
2016-07-29 04:47:00,2016-07-29 04:48:00,5553.0,5554.0,5555.0,5551.0,5555.0,5556.0,5556.0,5552.0,30
2016-07-29 04:48:00,2016-07-29 04:49:00,5554.0,5551.0,5554.0,5551.0,5556.0,5552.0,5555.0,5552.0,13
2016-07-29 04:49:00,2016-07-29 04:50:00,5551.0,5550.0,5553.0,5550.0,5552.0,5554.0,5554.0,5552.0,15
2016-07-29 04:50:00,2016-07-29 04:51:00,5550.0,5551.0,5552.0,5551.0,5554.0,5552.0,5553.0,5552.0,7
2016-07-29 04:51:00,2016-07-29 04:52:00,5551.0,5550.0,5551.0,5550.0,5552.0,5552.0,5553.0,5551.0,13
2016-07-29 04:52:00,2016-07-29 04:53:00,5550.0,5552.0,5552.0,5548.0,5552.0,5553.0,5553.0,5551.0,13
2016-07-29 04:53:00,2016-07-29 04:55:00,5552.0,5552.0,5552.0,5551.0,5553.0,5554.0,5554.0,5552.0,13
2016-07-29 04:55:00,2016-07-29 04:56:00,5552.0,5549.0,5552.0,5549.0,5554.0,5551.0,5553.0,5551.0,11
2016-07-29 04:56:00,2016-07-29 04:57:00,5549.0,5551.0,5552.0,5549.0,5551.0,5552.0,5553.0,5550.0,21
2016-07-29 04:57:00,2016-07-29 04:58:00,5551.0,5550.0,5551.0,5549.0,5552.0,5552.0,5552.0,5550.0,11
2016-07-29 04:58:00,2016-07-29 04:59:00,5550.0,5552.0,5552.0,5550.0,5552.0,5553.0,5553.0,5552.0,12
2016-07-29 04:59:00,2016-07-29 05:00:00,5552.0,5555.0,5555.0,5552.0,5553.0,5557.0,5557.0,5553.0,31
2016-07-29 05:00:00,2016-07-29 05:01:00,5555.0,5554.0,5555.0,5551.0,5557.0,5556.0,5556.0,5554.0,23
2016-07-29 05:01:00,2016-07-29 05:02:00,5554.0,5554.0,5555.0,5553.0,5556.0,5556.0,5556.0,5554.0,27
2016-07-29 05:02:00,2016-07-29 05:03:00,5554.0,5555.0,5556.0,5552.0,5556.0,5556.0,5558.0,5555.0,28
2016-07-29 05:03:00,2016-07-29 05:04:00,5555.0,5556.0,5556.0,5554.0,5556.0,5557.0,5557.0,5555.0,18
2016-07-29 05:04:00,2016-07-29 05:05:00,5556.0,5556.0,5558.0,5553.0,5557.0,5558.0,5559.0,5556.0,25
2016-07-29 05:05:00,2016-07-29 05:08:00,5553.0,5556.0,5556.0,5553.0,5554.0,5557.0,5557.0,5554.0,25
2016-07-29 05:08:00,2016-07-29 05:09:00,5556.0,5553.0,5555.0,5553.0,5557.0,5554.0,5557.0,5554.0,8
2016-07-29 05:09:00,2016-07-29 05:10:00,5553.0,5554.0,5555.0,5553.0,5554.0,5555.0,5556.0,5554.0,10
2016-07-29 05:10:00,2016-07-29 05:11:00,5554.0,5550.0,5555.0,5550.0,5555.0,5551.0,5556.0,5551.0,20
2016-07-29 05:11:00,2016-07-29 05:12:00,5550.0,5551.0,5552.0,5550.0,5551.0,5553.0,5553.0,5551.0,19
2016-07-29 05:12:00,2016-07-29 05:14:00,5552.0,5552.0,5553.0,5552.0,5553.0,5553.0,5555.0,5553.0,9
2016-07-29 05:14:00,2016-07-29 05:16:00,5551.0,5553.0,5553.0,5551.0,5552.0,5554.0,5554.0,5553.0,6
2016-07-29 05:16:00,2016-07-29 05:17:00,5553.0,5554.0,5555.0,5552.0,5554.0,5555.0,5556.0,5553.0,21
2016-07-29 05:17:00,2016-07-29 05:18:00,5554.0,5554.0,5555.0,5553.0,5555.0,5556.0,5556.0,5555.0,6
2016-07-29 05:18:00,2016-07-29 05:19:00,5554.0,5556.0,5557.0,5554.0,5556.0,5558.0,5558.0,5556.0,12
2016-07-29 05:19:00,2016-07-29 05:20:00,5556.0,5555.0,5556.0,5555.0,5558.0,5557.0,5557.0,5557.0,2
2016-07-29 05:20:00,2016-07-29 05:21:00,5555.0,5553.0,5555.0,5553.0,5557.0,5554.0,5556.0,5554.0,5
2016-07-29 05:21:00,2016-07-29 05:22:00,5553.0,5552.0,5553.0,5552.0,5554.0,5554.0,5554.0,5553.0,15
2016-07-29 05:22:00,2016-07-29 05:23:00,5552.0,5552.0,5553.0,5551.0,5554.0,5554.0,5554.0,5552.0,15
2016-07-29 05:23:00,2016-07-29 05:24:00,5552.0,5555.0,5556.0,5553.0,5554.0,5556.0,5557.0,5554.0,18
2016-07-29 05:24:00,2016-07-29 05:25:00,5555.0,5557.0,5557.0,5555.0,5556.0,5558.0,5558.0,5557.0,19
2016-07-29 05:25:00,2016-07-29 05:26:00,5557.0,5556.0,5557.0,5556.0,5558.0,5558.0,5558.0,5557.0,10
2016-07-29 05:26:00,2016-07-29 05:27:00,5556.0,5557.0,5558.0,5555.0,5558.0,5558.0,5560.0,5558.0,13
2016-07-29 05:27:00,2016-07-29 05:28:00,5557.0,5554.0,5557.0,5553.0,5558.0,5556.0,5558.0,5555.0,16
2016-07-29 05:28:00,2016-07-29 05:29:00,5554.0,5554.0,5555.0,5553.0,5556.0,5555.0,5558.0,5555.0,10
2016-07-29 05:29:00,2016-07-29 05:30:00,5554.0,5554.0,5555.0,5553.0,5555.0,5555.0,5556.0,5554.0,12
2016-07-29 05:30:00,2016-07-29 05:34:00,5555.0,5555.0,5555.0,5554.0,5556.0,5556.0,5556.0,5555.0,13
2016-07-29 05:34:00,2016-07-29 05:36:00,5555.0,5554.0,5555.0,5553.0,5556.0,5556.0,5556.0,5554.0,14
2016-07-29 05:36:00,2016-07-29 05:38:00,5553.0,5553.0,5554.0,5551.0,5554.0,5554.0,5555.0,5553.0,13
2016-07-29 05:38:00,2016-07-29 05:39:00,5553.0,5552.0,5552.0,5551.0,5554.0,5553.0,5554.0,5552.0,12
2016-07-29 05:39:00,2016-07-29 05:40:00,5552.0,5552.0,5553.0,5551.0,5553.0,5553.0,5554.0,5552.0,19
2016-07-29 05:40:00,2016-07-29 05:41:00,5552.0,5552.0,5553.0,5550.0,5553.0,5553.0,5555.0,5552.0,7
2016-07-29 05:41:00,2016-07-29 05:42:00,5552.0,5554.0,5555.0,5552.0,5553.0,5555.0,5556.0,5554.0,10
2016-07-29 05:42:00,2016-07-29 05:43:00,5554.0,5556.0,5557.0,5555.0,5555.0,5558.0,5558.0,5556.0,22
2016-07-29 05:43:00,2016-07-29 05:44:00,5556.0,5558.0,5558.0,5555.0,5558.0,5559.0,5559.0,5556.0,25
2016-07-29 05:44:00,2016-07-29 05:45:00,5558.0,5557.0,5558.0,5557.0,5559.0,5559.0,5559.0,5558.0,15
2016-07-29 05:45:00,2016-07-29 05:46:00,5557.0,5560.0,5560.0,5558.0,5559.0,5561.0,5561.0,5559.0,9
2016-07-29 05:46:00,2016-07-29 05:47:00,5560.0,5562.0,5563.0,5560.0,5561.0,5563.0,5564.0,5561.0,25
2016-07-29 05:47:00,2016-07-29 05:48:00,5562.0,5560.0,5561.0,5560.0,5563.0,5562.0,5563.0,5562.0,3
2016-07-29 05:48:00,2016-07-29 05:49:00,5560.0,5564.0,5564.0,5561.0,5562.0,5565.0,5565.0,5562.0,11
2016-07-29 05:49:00,2016-07-29 05:50:00,5564.0,5566.0,5567.0,5564.0,5565.0,5568.0,5568.0,5565.0,29
2016-07-29 05:50:00,2016-07-29 05:52:00,5567.0,5570.0,5570.0,5567.0,5568.0,5571.0,5572.0,5568.0,15
2016-07-29 05:52:00,2016-07-29 05:53:00,5570.0,5568.0,5571.0,5565.0,5571.0,5570.0,5572.0,5567.0,28
2016-07-29 05:53:00,2016-07-29 05:54:00,5568.0,5570.0,5570.0,5569.0,5570.0,5571.0,5571.0,5570.0,7
2016-07-29 05:54:00,2016-07-29 05:55:00,5570.0,5570.0,5571.0,5569.0,5571.0,5572.0,5572.0,5570.0,9
2016-07-29 05:55:00,2016-07-29 05:56:00,5570.0,5573.0,5574.0,5571.0,5572.0,5575.0,5575.0,5572.0,14
2016-07-29 05:56:00,2016-07-29 05:57:00,5573.0,5576.0,5577.0,5574.0,5575.0,5577.0,5578.0,5575.0,23
2016-07-29 05:57:00,2016-07-29 05:58:00,5576.0,5574.0,5576.0,5574.0,5577.0,5575.0,5577.0,5575.0,16
2016-07-29 05:58:00,2016-07-29 05:59:00,5574.0,5571.0,5575.0,5571.0,5575.0,5573.0,5576.0,5572.0,17
2016-07-29 05:59:00,2016-07-29 06:00:00,5571.0,5577.0,5577.0,5571.0,5573.0,5578.0,5578.0,5572.0,31
2016-07-29 06:00:00,2016-07-29 06:01:00,5577.0,5576.0,5577.0,5574.0,5578.0,5577.0,5578.0,5575.0,29
2016-07-29 06:01:00,2016-07-29 06:02:00,5576.0,5576.0,5577.0,5574.0,5577.0,5577.0,5578.0,5575.0,13
2016-07-29 06:02:00,2016-07-29 06:04:00,5575.0,5575.0,5577.0,5575.0,5577.0,5576.0,5578.0,5576.0,18
2016-07-29 06:04:00,2016-07-29 06:05:00,5575.0,5573.0,5575.0,5571.0,5576.0,5574.0,5576.0,5573.0,35
2016-07-29 06:05:00,2016-07-29 06:06:00,5573.0,5578.0,5578.0,5573.0,5574.0,5580.0,5580.0,5574.0,33
2016-07-29 06:06:00,2016-07-29 06:07:00,5578.0,5578.0,5580.0,5577.0,5580.0,5580.0,5581.0,5578.0,26
2016-07-29 06:07:00,2016-07-29 06:08:00,5578.0,5580.0,5581.0,5577.0,5580.0,5582.0,5582.0,5578.0,24
2016-07-29 06:08:00,2016-07-29 06:09:00,5580.0,5571.0,5581.0,5570.0,5582.0,5573.0,5582.0,5571.0,94
2016-07-29 06:09:00,2016-07-29 06:10:00,5571.0,5571.0,5574.0,5568.0,5573.0,5573.0,5575.0,5570.0,61
2016-07-29 06:10:00,2016-07-29 06:11:00,5571.0,5573.0,5574.0,5571.0,5573.0,5574.0,5575.0,5573.0,23
2016-07-29 06:11:00,2016-07-29 06:12:00,5573.0,5572.0,5574.0,5572.0,5574.0,5574.0,5575.0,5574.0,13
2016-07-29 06:12:00,2016-07-29 06:14:00,5571.0,5571.0,5573.0,5571.0,5573.0,5573.0,5574.0,5573.0,10
2016-07-29 06:14:00,2016-07-29 06:15:00,5571.0,5576.0,5576.0,5571.0,5573.0,5577.0,5577.0,5573.0,21
2016-07-29 06:15:00,2016-07-29 06:16:00,5576.0,5574.0,5576.0,5573.0,5577.0,5575.0,5577.0,5574.0,17
2016-07-29 06:16:00,2016-07-29 06:17:00,5574.0,5574.0,5575.0,5572.0,5575.0,5575.0,5576.0,5575.0,7
2016-07-29 06:17:00,2016-07-29 06:18:00,5574.0,5577.0,5577.0,5575.0,5575.0,5578.0,5578.0,5576.0,12
2016-07-29 06:18:00,2016-07-29 06:20:00,5577.0,5578.0,5578.0,5577.0,5578.0,5579.0,5580.0,5578.0,9
2016-07-29 06:20:00,2016-07-29 06:21:00,5578.0,5577.0,5579.0,5577.0,5579.0,5579.0,5580.0,5579.0,6
2016-07-29 06:21:00,2016-07-29 06:23:00,5577.0,5577.0,5578.0,5577.0,5579.0,5579.0,5579.0,5578.0,4
2016-07-29 06:23:00,2016-07-29 06:24:00,5577.0,5575.0,5577.0,5575.0,5579.0,5576.0,5579.0,5576.0,11
2016-07-29 06:24:00,2016-07-29 06:26:00,5575.0,5577.0,5577.0,5575.0,5576.0,5578.0,5578.0,5577.0,3
2016-07-29 06:26:00,2016-07-29 06:27:00,5577.0,5575.0,5576.0,5575.0,5578.0,5576.0,5578.0,5576.0,6
2016-07-29 06:27:00,2016-07-29 06:28:00,5575.0,5574.0,5575.0,5573.0,5576.0,5575.0,5576.0,5574.0,8
2016-07-29 06:28:00,2016-07-29 06:29:00,5574.0,5572.0,5574.0,5572.0,5575.0,5574.0,5576.0,5573.0,20
2016-07-29 06:29:00,2016-07-29 07:10:00,5572.0,5567.0,5567.0,5566.0,5574.0,5568.0,5569.0,5567.0,18
2016-07-29 07:10:00,2016-07-29 07:11:00,5567.0,5567.0,5569.0,5567.0,5568.0,5568.0,5570.0,5568.0,7
2016-07-29 07:11:00,2016-07-29 07:12:00,5567.0,5568.0,5568.0,5566.0,5568.0,5569.0,5569.0,5568.0,9
2016-07-29 07:12:00,2016-07-29 07:13:00,5568.0,5564.0,5567.0,5564.0,5569.0,5566.0,5569.0,5565.0,13
2016-07-29 07:13:00,2016-07-29 07:14:00,5564.0,5563.0,5564.0,5563.0,5566.0,5564.0,5566.0,5564.0,15
2016-07-29 07:14:00,2016-07-29 07:15:00,5563.0,5562.0,5564.0,5562.0,5564.0,5564.0,5566.0,5563.0,17
2016-07-29 07:15:00,2016-07-29 07:17:00,5562.0,5564.0,5564.0,5563.0,5564.0,5565.0,5565.0,5564.0,18
2016-07-29 07:17:00,2016-07-29 07:18:00,5564.0,5563.0,5564.0,5561.0,5565.0,5565.0,5566.0,5562.0,17
2016-07-29 07:18:00,2016-07-29 07:19:00,5563.0,5566.0,5566.0,5564.0,5565.0,5567.0,5568.0,5565.0,34
2016-07-29 07:19:00,2016-07-29 07:20:00,5566.0,5567.0,5567.0,5565.0,5567.0,5568.0,5569.0,5567.0,16
2016-07-29 07:20:00,2016-07-29 07:21:00,5567.0,5569.0,5569.0,5567.0,5568.0,5570.0,5570.0,5569.0,11
2016-07-29 07:21:00,2016-07-29 07:22:00,5569.0,5566.0,5570.0,5566.0,5570.0,5568.0,5571.0,5568.0,25
2016-07-29 07:22:00,2016-07-29 07:23:00,5566.0,5567.0,5568.0,5567.0,5568.0,5568.0,5569.0,5568.0,7
2016-07-29 07:23:00,2016-07-29 07:24:00,5567.0,5570.0,5570.0,5566.0,5568.0,5571.0,5571.0,5567.0,12
2016-07-29 07:24:00,2016-07-29 07:25:00,5570.0,5567.0,5569.0,5567.0,5571.0,5569.0,5571.0,5568.0,12
2016-07-29 07:25:00,2016-07-29 07:26:00,5567.0,5569.0,5569.0,5567.0,5569.0,5570.0,5570.0,5568.0,16
2016-07-29 07:26:00,2016-07-29 07:27:00,5569.0,5567.0,5568.0,5567.0,5570.0,5569.0,5570.0,5568.0,10
2016-07-29 07:27:00,2016-07-29 07:28:00,5567.0,5569.0,5570.0,5568.0,5569.0,5570.0,5571.0,5569.0,9
2016-07-29 07:28:00,2016-07-29 07:29:00,5569.0,5571.0,5571.0,5570.0,5570.0,5572.0,5572.0,5571.0,5
2016-07-29 07:29:00,2016-07-29 07:30:00,5571.0,5574.0,5574.0,5569.0,5572.0,5575.0,5575.0,5572.0,15
2016-07-29 07:30:00,2016-07-29 07:31:00,5574.0,5574.0,5574.0,5573.0,5575.0,5576.0,5576.0,5575.0,7
2016-07-29 07:31:00,2016-07-29 07:32:00,5574.0,5574.0,5574.0,5572.0,5576.0,5575.0,5577.0,5575.0,8
2016-07-29 07:32:00,2016-07-29 07:34:00,5573.0,5573.0,5574.0,5573.0,5575.0,5574.0,5575.0,5574.0,12
2016-07-29 07:34:00,2016-07-29 07:35:00,5573.0,5571.0,5573.0,5570.0,5574.0,5573.0,5575.0,5572.0,19
2016-07-29 07:35:00,2016-07-29 07:36:00,5571.0,5572.0,5572.0,5570.0,5573.0,5573.0,5574.0,5571.0,19
2016-07-29 07:36:00,2016-07-29 07:37:00,5572.0,5573.0,5573.0,5572.0,5573.0,5574.0,5575.0,5573.0,8
2016-07-29 07:37:00,2016-07-29 07:39:00,5572.0,5573.0,5573.0,5572.0,5574.0,5574.0,5574.0,5573.0,12
2016-07-29 07:39:00,2016-07-29 07:40:00,5573.0,5573.0,5574.0,5573.0,5574.0,5575.0,5575.0,5575.0,15
2016-07-29 07:40:00,2016-07-29 07:43:00,5573.0,5572.0,5574.0,5572.0,5575.0,5574.0,5576.0,5574.0,6
2016-07-29 07:43:00,2016-07-29 07:44:00,5572.0,5572.0,5572.0,5570.0,5574.0,5574.0,5576.0,5573.0,4
2016-07-29 07:44:00,2016-07-29 07:45:00,5572.0,5572.0,5572.0,5571.0,5574.0,5574.0,5574.0,5573.0,4
2016-07-29 07:45:00,2016-07-29 07:47:00,5572.0,5573.0,5573.0,5572.0,5574.0,5574.0,5575.0,5573.0,4
2016-07-29 07:47:00,2016-07-29 07:52:00,5572.0,5572.0,5572.0,5570.0,5574.0,5573.0,5573.0,5572.0,9
2016-07-29 07:52:00,2016-07-29 07:54:00,5571.0,5571.0,5571.0,5569.0,5572.0,5572.0,5573.0,5572.0,2
2016-07-29 07:54:00,2016-07-29 07:56:00,5571.0,5569.0,5569.0,5569.0,5572.0,5573.0,5573.0,5573.0,1
2016-07-29 07:56:00,2016-07-29 07:57:00,5569.0,5571.0,5571.0,5569.0,5573.0,5572.0,5574.0,5572.0,4
2016-07-29 07:57:00,2016-07-29 07:59:00,5569.0,5570.0,5571.0,5569.0,5570.0,5571.0,5572.0,5571.0,5
2016-07-29 07:59:00,2016-07-29 08:01:00,5569.0,5568.0,5569.0,5568.0,5571.0,5570.0,5570.0,5569.0,8
2016-07-29 08:01:00,2016-07-29 08:03:00,5568.0,5571.0,5571.0,5569.0,5570.0,5572.0,5572.0,5571.0,8
2016-07-29 08:03:00,2016-07-29 08:05:00,5570.0,5572.0,5572.0,5570.0,5572.0,5573.0,5573.0,5572.0,10
2016-07-29 08:05:00,2016-07-29 08:06:00,5572.0,5571.0,5572.0,5569.0,5573.0,5573.0,5575.0,5573.0,5
2016-07-29 08:06:00,2016-07-29 08:08:00,5573.0,5571.0,5573.0,5571.0,5574.0,5575.0,5575.0,5573.0,3
2016-07-29 08:08:00,2016-07-29 08:09:00,5571.0,5573.0,5573.0,5572.0,5575.0,5574.0,5574.0,5574.0,5
2016-07-29 08:09:00,2016-07-29 08:10:00,5573.0,5573.0,5573.0,5572.0,5574.0,5574.0,5574.0,5574.0,6
2016-07-29 08:10:00,2016-07-29 08:11:00,5573.0,5575.0,5575.0,5572.0,5574.0,5576.0,5576.0,5574.0,10
2016-07-29 08:11:00,2016-07-29 08:12:00,5575.0,5578.0,5579.0,5576.0,5576.0,5579.0,5580.0,5577.0,13
2016-07-29 08:12:00,2016-07-29 08:13:00,5578.0,5577.0,5579.0,5576.0,5579.0,5579.0,5580.0,5578.0,11
2016-07-29 08:13:00,2016-07-29 08:15:00,5577.0,5578.0,5578.0,5577.0,5579.0,5579.0,5580.0,5578.0,10
2016-07-29 08:15:00,2016-07-29 08:16:00,5578.0,5578.0,5579.0,5577.0,5579.0,5579.0,5580.0,5579.0,13
2016-07-29 08:16:00,2016-07-29 08:18:00,5577.0,5578.0,5578.0,5576.0,5579.0,5580.0,5580.0,5578.0,13
2016-07-29 08:18:00,2016-07-29 08:19:00,5578.0,5578.0,5579.0,5578.0,5580.0,5580.0,5580.0,5580.0,12
2016-07-29 08:19:00,2016-07-29 08:20:00,5578.0,5578.0,5579.0,5578.0,5580.0,5580.0,5580.0,5580.0,4
2016-07-29 08:20:00,2016-07-29 08:21:00,5578.0,5576.0,5578.0,5575.0,5580.0,5577.0,5582.0,5576.0,21
2016-07-29 08:21:00,2016-07-29 08:24:00,5575.0,5574.0,5575.0,5574.0,5577.0,5575.0,5576.0,5575.0,5
2016-07-29 08:24:00,2016-07-29 08:25:00,5574.0,5575.0,5575.0,5574.0,5575.0,5576.0,5577.0,5575.0,6
2016-07-29 08:25:00,2016-07-29 08:26:00,5575.0,5572.0,5574.0,5572.0,5576.0,5574.0,5576.0,5573.0,6
2016-07-29 08:26:00,2016-07-29 08:30:00,5572.0,5573.0,5573.0,5572.0,5574.0,5575.0,5575.0,5573.0,6
2016-07-29 08:30:00,2016-07-29 08:36:00,5572.0,5572.0,5572.0,5572.0,5574.0,5574.0,5574.0,5573.0,2
2016-07-29 08:36:00,2016-07-29 08:38:00,5572.0,5573.0,5573.0,5572.0,5573.0,5574.0,5575.0,5573.0,7
2016-07-29 08:38:00,2016-07-29 08:39:00,5573.0,5573.0,5573.0,5572.0,5574.0,5574.0,5575.0,5573.0,7
2016-07-29 08:39:00,2016-07-29 08:40:00,5573.0,5574.0,5574.0,5573.0,5574.0,5575.0,5575.0,5574.0,6
2016-07-29 08:40:00,2016-07-29 08:41:00,5574.0,5574.0,5574.0,5573.0,5575.0,5576.0,5576.0,5575.0,2
2016-07-29 08:41:00,2016-07-29 08:45:00,5574.0,5575.0,5575.0,5572.0,5575.0,5576.0,5578.0,5576.0,4
2016-07-29 08:45:00,2016-07-29 08:46:00,5575.0,5575.0,5576.0,5574.0,5576.0,5577.0,5577.0,5576.0,8
2016-07-29 08:46:00,2016-07-29 08:48:00,5575.0,5576.0,5577.0,5576.0,5577.0,5578.0,5578.0,5577.0,4
2016-07-29 08:48:00,2016-07-29 08:52:00,5577.0,5577.0,5578.0,5577.0,5578.0,5579.0,5579.0,5579.0,3
2016-07-29 08:52:00,2016-07-29 08:54:00,5577.0,5577.0,5578.0,5577.0,5578.0,5578.0,5579.0,5578.0,7
2016-07-29 08:54:00,2016-07-29 08:55:00,5577.0,5576.0,5577.0,5575.0,5578.0,5578.0,5580.0,5577.0,8
2016-07-29 08:55:00,2016-07-29 08:56:00,5576.0,5576.0,5577.0,5575.0,5578.0,5577.0,5578.0,5577.0,7
2016-07-29 08:56:00,2016-07-29 09:00:00,5575.0,5574.0,5575.0,5574.0,5577.0,5576.0,5577.0,5576.0,4
2016-07-29 09:00:00,2016-07-29 09:02:00,5574.0,5573.0,5574.0,5573.0,5576.0,5575.0,5575.0,5575.0,6
2016-07-29 09:02:00,2016-07-29 09:03:00,5573.0,5572.0,5573.0,5572.0,5575.0,5573.0,5574.0,5573.0,3
2016-07-29 09:03:00,2016-07-29 09:07:00,5572.0,5572.0,5573.0,5570.0,5573.0,5574.0,5574.0,5573.0,6
2016-07-29 09:07:00,2016-07-29 09:08:00,5572.0,5571.0,5573.0,5571.0,5574.0,5573.0,5574.0,5573.0,7
2016-07-29 09:08:00,2016-07-29 09:09:00,5571.0,5572.0,5572.0,5571.0,5573.0,5573.0,5574.0,5572.0,7
2016-07-29 09:09:00,2016-07-29 09:16:00,5572.0,5573.0,5573.0,5573.0,5574.0,5574.0,5575.0,5574.0,9
2016-07-29 09:16:00,2016-07-29 09:17:00,5573.0,5571.0,5573.0,5571.0,5574.0,5572.0,5575.0,5572.0,9
2016-07-29 09:17:00,2016-07-29 09:18:00,5571.0,5572.0,5572.0,5570.0,5572.0,5573.0,5573.0,5572.0,13
2016-07-29 09:18:00,2016-07-29 09:19:00,5572.0,5572.0,5572.0,5570.0,5573.0,5573.0,5575.0,5573.0,2
2016-07-29 09:19:00,2016-07-29 09:21:00,5572.0,5572.0,5574.0,5572.0,5573.0,5574.0,5575.0,5574.0,8
2016-07-29 09:21:00,2016-07-29 09:22:00,5572.0,5573.0,5574.0,5572.0,5574.0,5574.0,5575.0,5574.0,8
2016-07-29 09:22:00,2016-07-29 09:25:00,5575.0,5575.0,5576.0,5574.0,5576.0,5576.0,5577.0,5576.0,7
2016-07-29 09:25:00,2016-07-29 09:26:00,5575.0,5574.0,5575.0,5574.0,5576.0,5576.0,5577.0,5576.0,3
2016-07-29 09:26:00,2016-07-29 09:27:00,5574.0,5574.0,5575.0,5574.0,5576.0,5576.0,5577.0,5575.0,8
2016-07-29 09:27:00,2016-07-29 09:28:00,5574.0,5573.0,5574.0,5573.0,5576.0,5575.0,5576.0,5574.0,20
2016-07-29 09:28:00,2016-07-29 09:29:00,5573.0,5573.0,5573.0,5572.0,5575.0,5575.0,5575.0,5574.0,10
2016-07-29 09:29:00,2016-07-29 09:31:00,5573.0,5574.0,5574.0,5571.0,5574.0,5575.0,5575.0,5574.0,7
2016-07-29 09:31:00,2016-07-29 09:33:00,5575.0,5574.0,5574.0,5572.0,5576.0,5575.0,5577.0,5575.0,8
2016-07-29 09:33:00,2016-07-29 09:40:00,5573.0,5573.0,5573.0,5573.0,5574.0,5575.0,5575.0,5574.0,3
2016-07-29 09:40:00,2016-07-29 09:42:00,5575.0,5574.0,5575.0,5573.0,5576.0,5575.0,5576.0,5574.0,10
2016-07-29 09:42:00,2016-07-29 09:43:00,5574.0,5573.0,5574.0,5573.0,5575.0,5575.0,5576.0,5575.0,2
2016-07-29 09:43:00,2016-07-29 09:44:00,5573.0,5574.0,5575.0,5574.0,5575.0,5576.0,5576.0,5575.0,6
2016-07-29 09:44:00,2016-07-29 09:45:00,5574.0,5574.0,5574.0,5573.0,5576.0,5576.0,5576.0,5575.0,10
2016-07-29 09:45:00,2016-07-29 09:46:00,5574.0,5574.0,5574.0,5573.0,5576.0,5576.0,5576.0,5575.0,6
2016-07-29 09:46:00,2016-07-29 09:50:00,5574.0,5577.0,5577.0,5575.0,5576.0,5578.0,5578.0,5576.0,3
2016-07-29 09:50:00,2016-07-29 09:53:00,5576.0,5576.0,5577.0,5576.0,5577.0,5578.0,5578.0,5577.0,7
2016-07-29 09:53:00,2016-07-29 09:55:00,5577.0,5576.0,5576.0,5575.0,5578.0,5578.0,5579.0,5577.0,4
2016-07-29 09:55:00,2016-07-29 09:57:00,5576.0,5574.0,5576.0,5574.0,5577.0,5580.0,5580.0,5578.0,2
2016-07-29 09:57:00,2016-07-29 09:58:00,5574.0,5576.0,5576.0,5576.0,5580.0,5578.0,5578.0,5578.0,1
2016-07-29 09:58:00,2016-07-29 10:00:00,5576.0,5575.0,5576.0,5575.0,5578.0,5577.0,5577.0,5576.0,4
2016-07-29 10:00:00,2016-07-29 10:01:00,5575.0,5575.0,5575.0,5575.0,5577.0,5577.0,5577.0,5576.0,2
2016-07-29 10:01:00,2016-07-29 10:05:00,5575.0,5576.0,5576.0,5575.0,5577.0,5578.0,5578.0,5576.0,3
2016-07-29 10:05:00,2016-07-29 10:07:00,5577.0,5577.0,5577.0,5575.0,5578.0,5578.0,5580.0,5578.0,10
2016-07-29 10:07:00,2016-07-29 10:09:00,5577.0,5577.0,5577.0,5575.0,5578.0,5578.0,5580.0,5577.0,6
2016-07-29 10:09:00,2016-07-29 10:12:00,5577.0,5577.0,5579.0,5577.0,5579.0,5579.0,5581.0,5579.0,10
2016-07-29 10:12:00,2016-07-29 10:19:00,5578.0,5578.0,5578.0,5576.0,5579.0,5580.0,5580.0,5579.0,3
2016-07-29 10:19:00,2016-07-29 10:21:00,5579.0,5578.0,5578.0,5577.0,5580.0,5579.0,5580.0,5578.0,10
2016-07-29 10:21:00,2016-07-29 10:22:00,5578.0,5579.0,5579.0,5579.0,5579.0,5580.0,5580.0,5580.0,1
2016-07-29 10:22:00,2016-07-29 10:26:00,5577.0,5578.0,5579.0,5577.0,5578.0,5580.0,5580.0,5579.0,5
2016-07-29 10:26:00,2016-07-29 10:27:00,5578.0,5579.0,5580.0,5578.0,5580.0,5581.0,5581.0,5579.0,8
2016-07-29 10:27:00,2016-07-29 10:28:00,5579.0,5578.0,5579.0,5578.0,5581.0,5579.0,5580.0,5579.0,5
2016-07-29 10:28:00,2016-07-29 10:29:00,5578.0,5578.0,5578.0,5578.0,5579.0,5580.0,5580.0,5579.0,9
2016-07-29 10:29:00,2016-07-29 10:30:00,5578.0,5578.0,5578.0,5578.0,5580.0,5580.0,5580.0,5579.0,4
2016-07-29 10:30:00,2016-07-29 10:31:00,5578.0,5576.0,5578.0,5576.0,5580.0,5582.0,5582.0,5579.0,3
2016-07-29 10:31:00,2016-07-29 10:32:00,5576.0,5578.0,5578.0,5578.0,5582.0,5580.0,5580.0,5580.0,1
2016-07-29 10:32:00,2016-07-29 10:34:00,5579.0,5579.0,5579.0,5577.0,5580.0,5580.0,5582.0,5580.0,2
2016-07-29 10:34:00,2016-07-29 10:37:00,5579.0,5578.0,5579.0,5578.0,5580.0,5580.0,5580.0,5579.0,9
2016-07-29 10:37:00,2016-07-29 10:39:00,5577.0,5577.0,5578.0,5577.0,5578.0,5579.0,5579.0,5579.0,5
2016-07-29 10:39:00,2016-07-29 10:41:00,5576.0,5575.0,5576.0,5575.0,5578.0,5577.0,5577.0,5577.0,2
2016-07-29 10:41:00,2016-07-29 10:42:00,5575.0,5575.0,5576.0,5575.0,5577.0,5577.0,5579.0,5577.0,4
2016-07-29 10:42:00,2016-07-29 10:44:00,5575.0,5575.0,5575.0,5573.0,5577.0,5577.0,5579.0,5577.0,2
2016-07-29 10:44:00,2016-07-29 10:46:00,5575.0,5572.0,5573.0,5572.0,5576.0,5578.0,5578.0,5577.0,2
2016-07-29 10:46:00,2016-07-29 10:48:00,5572.0,5573.0,5574.0,5573.0,5578.0,5575.0,5576.0,5575.0,2
2016-07-29 10:48:00,2016-07-29 10:58:00,5575.0,5574.0,5576.0,5573.0,5576.0,5576.0,5578.0,5576.0,7
2016-07-29 10:58:00,2016-07-29 11:00:00,5575.0,5575.0,5576.0,5573.0,5577.0,5576.0,5578.0,5575.0,15
2016-07-29 11:00:00,2016-07-29 11:05:00,5574.0,5574.0,5575.0,5573.0,5576.0,5576.0,5576.0,5575.0,5
2016-07-29 11:05:00,2016-07-29 11:08:00,5574.0,5574.0,5574.0,5573.0,5575.0,5576.0,5577.0,5576.0,2
2016-07-29 11:08:00,2016-07-29 11:09:00,5574.0,5573.0,5574.0,5573.0,5576.0,5575.0,5575.0,5574.0,3
2016-07-29 11:09:00,2016-07-29 11:10:00,5573.0,5573.0,5573.0,5571.0,5575.0,5574.0,5575.0,5574.0,3
2016-07-29 11:10:00,2016-07-29 11:17:00,5573.0,5574.0,5574.0,5573.0,5575.0,5575.0,5575.0,5574.0,5
2016-07-29 11:17:00,2016-07-29 11:18:00,5574.0,5574.0,5574.0,5573.0,5575.0,5575.0,5576.0,5575.0,5
2016-07-29 11:18:00,2016-07-29 11:20:00,5574.0,5575.0,5575.0,5573.0,5575.0,5576.0,5577.0,5576.0,3
2016-07-29 11:20:00,2016-07-29 11:21:00,5575.0,5574.0,5575.0,5574.0,5576.0,5575.0,5576.0,5575.0,8
2016-07-29 11:21:00,2016-07-29 11:22:00,5574.0,5574.0,5574.0,5573.0,5575.0,5576.0,5577.0,5575.0,7
2016-07-29 11:22:00,2016-07-29 11:28:00,5576.0,5577.0,5577.0,5576.0,5577.0,5578.0,5578.0,5578.0,5
2016-07-29 11:28:00,2016-07-29 11:32:00,5577.0,5577.0,5577.0,5575.0,5578.0,5578.0,5579.0,5578.0,2
2016-07-29 11:32:00,2016-07-29 11:34:00,5576.0,5577.0,5577.0,5576.0,5578.0,5578.0,5578.0,5577.0,3
2016-07-29 11:34:00,2016-07-29 11:35:00,5577.0,5576.0,5576.0,5576.0,5578.0,5578.0,5578.0,5578.0,1
2016-07-29 11:35:00,2016-07-29 11:44:00,5575.0,5575.0,5576.0,5573.0,5576.0,5577.0,5579.0,5577.0,8
2016-07-29 11:44:00,2016-07-29 11:46:00,5575.0,5573.0,5575.0,5573.0,5576.0,5579.0,5579.0,5576.0,5
2016-07-29 11:46:00,2016-07-29 11:47:00,5573.0,5575.0,5575.0,5575.0,5579.0,5577.0,5577.0,5576.0,9
2016-07-29 11:47:00,2016-07-29 11:50:00,5575.0,5575.0,5575.0,5574.0,5576.0,5576.0,5577.0,5575.0,7
2016-07-29 11:50:00,2016-07-29 11:56:00,5575.0,5575.0,5575.0,5574.0,5577.0,5577.0,5578.0,5577.0,2
2016-07-29 11:56:00,2016-07-29 11:58:00,5575.0,5576.0,5576.0,5576.0,5577.0,5578.0,5578.0,5577.0,2
2016-07-29 11:58:00,2016-07-29 11:59:00,5576.0,5577.0,5577.0,5575.0,5578.0,5578.0,5579.0,5578.0,2
2016-07-29 11:59:00,2016-07-29 12:01:00,5577.0,5578.0,5579.0,5578.0,5579.0,5580.0,5580.0,5579.0,12
2016-07-29 12:01:00,2016-07-29 12:06:00,5577.0,5578.0,5579.0,5577.0,5579.0,5579.0,5580.0,5578.0,7
2016-07-29 12:06:00,2016-07-29 12:07:00,5578.0,5578.0,5578.0,5577.0,5579.0,5580.0,5580.0,5578.0,6
2016-07-29 12:07:00,2016-07-29 12:08:00,5578.0,5576.0,5578.0,5576.0,5580.0,5579.0,5579.0,5579.0,6
2016-07-29 12:08:00,2016-07-29 12:10:00,5576.0,5578.0,5579.0,5578.0,5579.0,5579.0,5580.0,5579.0,4
2016-07-29 12:10:00,2016-07-29 12:13:00,5578.0,5577.0,5579.0,5577.0,5579.0,5578.0,5580.0,5578.0,9
2016-07-29 12:13:00,2016-07-29 12:15:00,5576.0,5577.0,5578.0,5577.0,5577.0,5578.0,5579.0,5578.0,8
2016-07-29 12:15:00,2016-07-29 12:16:00,5577.0,5575.0,5577.0,5575.0,5578.0,5576.0,5579.0,5576.0,5
2016-07-29 12:16:00,2016-07-29 12:18:00,5575.0,5577.0,5579.0,5576.0,5577.0,5581.0,5581.0,5577.0,10
2016-07-29 12:18:00,2016-07-29 12:19:00,5577.0,5579.0,5579.0,5578.0,5581.0,5580.0,5580.0,5579.0,10
2016-07-29 12:19:00,2016-07-29 12:20:00,5579.0,5578.0,5579.0,5578.0,5580.0,5580.0,5580.0,5579.0,8
2016-07-29 12:20:00,2016-07-29 12:21:00,5578.0,5579.0,5579.0,5578.0,5580.0,5580.0,5580.0,5579.0,2
2016-07-29 12:21:00,2016-07-29 12:23:00,5578.0,5577.0,5578.0,5576.0,5580.0,5579.0,5581.0,5578.0,9
2016-07-29 12:23:00,2016-07-29 12:24:00,5577.0,5576.0,5577.0,5576.0,5579.0,5578.0,5578.0,5577.0,3
2016-07-29 12:24:00,2016-07-29 12:25:00,5576.0,5576.0,5576.0,5576.0,5578.0,5577.0,5578.0,5577.0,3
2016-07-29 12:25:00,2016-07-29 12:27:00,5576.0,5578.0,5578.0,5577.0,5578.0,5579.0,5580.0,5579.0,3
2016-07-29 12:27:00,2016-07-29 12:29:00,5578.0,5577.0,5579.0,5577.0,5579.0,5580.0,5580.0,5579.0,11
2016-07-29 12:29:00,2016-07-29 12:30:00,5577.0,5575.0,5577.0,5568.0,5580.0,5576.0,5581.0,5573.0,33
2016-07-29 12:30:00,2016-07-29 12:31:00,5575.0,5571.0,5574.0,5571.0,5576.0,5573.0,5576.0,5573.0,10
2016-07-29 12:31:00,2016-07-29 12:32:00,5571.0,5573.0,5573.0,5572.0,5573.0,5575.0,5575.0,5573.0,4
2016-07-29 12:32:00,2016-07-29 12:33:00,5573.0,5574.0,5575.0,5573.0,5575.0,5576.0,5577.0,5575.0,7
2016-07-29 12:33:00,2016-07-29 12:35:00,5573.0,5573.0,5574.0,5573.0,5575.0,5577.0,5577.0,5575.0,3
2016-07-29 12:35:00,2016-07-29 12:36:00,5573.0,5575.0,5576.0,5575.0,5577.0,5577.0,5577.0,5576.0,4
2016-07-29 12:36:00,2016-07-29 12:40:00,5575.0,5574.0,5575.0,5574.0,5577.0,5576.0,5576.0,5575.0,3
2016-07-29 12:40:00,2016-07-29 12:41:00,5574.0,5573.0,5574.0,5573.0,5576.0,5574.0,5575.0,5574.0,5
2016-07-29 12:41:00,2016-07-29 12:43:00,5572.0,5571.0,5572.0,5571.0,5574.0,5573.0,5573.0,5572.0,3
2016-07-29 12:43:00,2016-07-29 12:44:00,5571.0,5573.0,5573.0,5572.0,5573.0,5575.0,5575.0,5573.0,8
2016-07-29 12:44:00,2016-07-29 12:47:00,5574.0,5575.0,5575.0,5574.0,5576.0,5576.0,5576.0,5575.0,4
2016-07-29 12:47:00,2016-07-29 12:49:00,5576.0,5576.0,5578.0,5575.0,5577.0,5578.0,5579.0,5576.0,17
2016-07-29 12:49:00,2016-07-29 12:50:00,5576.0,5575.0,5576.0,5575.0,5578.0,5576.0,5578.0,5576.0,4
2016-07-29 12:50:00,2016-07-29 12:51:00,5575.0,5575.0,5577.0,5575.0,5576.0,5576.0,5578.0,5576.0,7
2016-07-29 12:51:00,2016-07-29 12:53:00,5575.0,5574.0,5576.0,5574.0,5577.0,5576.0,5577.0,5576.0,6
2016-07-29 12:53:00,2016-07-29 12:54:00,5574.0,5574.0,5574.0,5574.0,5576.0,5575.0,5576.0,5575.0,3
2016-07-29 12:54:00,2016-07-29 12:56:00,5573.0,5574.0,5574.0,5573.0,5575.0,5576.0,5576.0,5574.0,7
2016-07-29 12:56:00,2016-07-29 12:57:00,5574.0,5573.0,5574.0,5573.0,5576.0,5575.0,5576.0,5574.0,5
2016-07-29 12:57:00,2016-07-29 12:59:00,5573.0,5574.0,5574.0,5571.0,5574.0,5575.0,5575.0,5573.0,9
2016-07-29 12:59:00,2016-07-29 13:00:00,5574.0,5575.0,5576.0,5573.0,5575.0,5577.0,5579.0,5574.0,14
2016-07-29 13:00:00,2016-07-29 13:02:00,5576.0,5574.0,5575.0,5574.0,5577.0,5576.0,5576.0,5575.0,4
2016-07-29 13:02:00,2016-07-29 13:04:00,5574.0,5575.0,5575.0,5574.0,5575.0,5576.0,5576.0,5575.0,12
2016-07-29 13:04:00,2016-07-29 13:06:00,5576.0,5574.0,5575.0,5574.0,5577.0,5576.0,5577.0,5575.0,7
2016-07-29 13:06:00,2016-07-29 13:07:00,5574.0,5575.0,5575.0,5574.0,5576.0,5576.0,5576.0,5575.0,3
2016-07-29 13:07:00,2016-07-29 13:08:00,5575.0,5576.0,5576.0,5574.0,5576.0,5577.0,5578.0,5575.0,7
2016-07-29 13:08:00,2016-07-29 13:10:00,5576.0,5575.0,5576.0,5575.0,5578.0,5576.0,5578.0,5576.0,3
2016-07-29 13:10:00,2016-07-29 13:11:00,5575.0,5574.0,5576.0,5574.0,5576.0,5576.0,5577.0,5575.0,6
2016-07-29 13:11:00,2016-07-29 13:12:00,5574.0,5574.0,5574.0,5572.0,5576.0,5575.0,5577.0,5575.0,5
2016-07-29 13:12:00,2016-07-29 13:13:00,5574.0,5573.0,5574.0,5573.0,5575.0,5575.0,5575.0,5575.0,3
2016-07-29 13:13:00,2016-07-29 13:15:00,5574.0,5574.0,5575.0,5574.0,5576.0,5575.0,5576.0,5575.0,6
2016-07-29 13:15:00,2016-07-29 13:24:00,5574.0,5574.0,5574.0,5573.0,5576.0,5575.0,5576.0,5575.0,3
2016-07-29 13:24:00,2016-07-29 13:30:00,5573.0,5577.0,5578.0,5571.0,5574.0,5578.0,5580.0,5574.0,33
2016-07-29 13:30:00,2016-07-29 13:31:00,5577.0,5577.0,5578.0,5577.0,5578.0,5579.0,5579.0,5578.0,9
2016-07-29 13:31:00,2016-07-29 13:32:00,5577.0,5578.0,5579.0,5575.0,5579.0,5579.0,5580.0,5579.0,10
2016-07-29 13:32:00,2016-07-29 13:33:00,5578.0,5576.0,5577.0,5576.0,5579.0,5578.0,5578.0,5577.0,6
2016-07-29 13:33:00,2016-07-29 13:34:00,5576.0,5579.0,5579.0,5577.0,5578.0,5580.0,5580.0,5579.0,10
2016-07-29 13:34:00,2016-07-29 13:35:00,5579.0,5578.0,5580.0,5576.0,5580.0,5580.0,5581.0,5578.0,18
2016-07-29 13:35:00,2016-07-29 13:36:00,5578.0,5578.0,5580.0,5577.0,5580.0,5579.0,5582.0,5579.0,12
2016-07-29 13:36:00,2016-07-29 13:38:00,5577.0,5577.0,5577.0,5576.0,5579.0,5579.0,5579.0,5577.0,7
2016-07-29 13:38:00,2016-07-29 13:40:00,5577.0,5576.0,5577.0,5576.0,5578.0,5579.0,5579.0,5578.0,4
2016-07-29 13:40:00,2016-07-29 13:41:00,5576.0,5577.0,5577.0,5576.0,5579.0,5579.0,5579.0,5578.0,3
2016-07-29 13:41:00,2016-07-29 13:42:00,5577.0,5578.0,5578.0,5575.0,5579.0,5579.0,5581.0,5579.0,10
2016-07-29 13:42:00,2016-07-29 13:43:00,5578.0,5575.0,5577.0,5574.0,5579.0,5576.0,5579.0,5576.0,7
2016-07-29 13:43:00,2016-07-29 13:44:00,5575.0,5576.0,5576.0,5574.0,5576.0,5578.0,5579.0,5576.0,8
2016-07-29 13:44:00,2016-07-29 13:45:00,5576.0,5578.0,5579.0,5575.0,5578.0,5579.0,5580.0,5578.0,16
2016-07-29 13:45:00,2016-07-29 13:46:00,5578.0,5574.0,5577.0,5573.0,5579.0,5575.0,5579.0,5575.0,11
2016-07-29 13:46:00,2016-07-29 13:47:00,5574.0,5575.0,5575.0,5572.0,5575.0,5576.0,5577.0,5574.0,17
2016-07-29 13:47:00,2016-07-29 13:48:00,5575.0,5574.0,5576.0,5573.0,5576.0,5575.0,5577.0,5575.0,19
2016-07-29 13:48:00,2016-07-29 13:49:00,5574.0,5575.0,5575.0,5573.0,5575.0,5576.0,5576.0,5575.0,8
2016-07-29 13:49:00,2016-07-29 13:50:00,5575.0,5573.0,5575.0,5571.0,5576.0,5574.0,5578.0,5574.0,19
2016-07-29 13:50:00,2016-07-29 13:51:00,5573.0,5573.0,5574.0,5572.0,5574.0,5575.0,5577.0,5574.0,18
2016-07-29 13:51:00,2016-07-29 13:52:00,5573.0,5574.0,5575.0,5573.0,5575.0,5575.0,5576.0,5574.0,19
2016-07-29 13:52:00,2016-07-29 13:53:00,5574.0,5573.0,5574.0,5573.0,5575.0,5575.0,5576.0,5574.0,8
2016-07-29 13:53:00,2016-07-29 13:54:00,5573.0,5571.0,5574.0,5571.0,5575.0,5573.0,5576.0,5572.0,26
2016-07-29 13:54:00,2016-07-29 13:55:00,5571.0,5573.0,5573.0,5571.0,5573.0,5574.0,5575.0,5573.0,12
2016-07-29 13:55:00,2016-07-29 13:57:00,5573.0,5572.0,5572.0,5572.0,5574.0,5575.0,5575.0,5575.0,1
2016-07-29 13:57:00,2016-07-29 13:58:00,5572.0,5574.0,5574.0,5573.0,5575.0,5575.0,5575.0,5574.0,3
2016-07-29 13:58:00,2016-07-29 13:59:00,5574.0,5574.0,5574.0,5572.0,5575.0,5575.0,5577.0,5575.0,3
2016-07-29 13:59:00,2016-07-29 14:00:00,5574.0,5573.0,5574.0,5572.0,5575.0,5575.0,5576.0,5574.0,14
2016-07-29 14:00:00,2016-07-29 14:01:00,5573.0,5574.0,5576.0,5572.0,5575.0,5575.0,5577.0,5575.0,12
2016-07-29 14:01:00,2016-07-29 14:02:00,5574.0,5571.0,5574.0,5571.0,5575.0,5573.0,5576.0,5573.0,8
2016-07-29 14:02:00,2016-07-29 14:03:00,5571.0,5571.0,5571.0,5568.0,5573.0,5572.0,5574.0,5571.0,31
2016-07-29 14:03:00,2016-07-29 14:04:00,5571.0,5567.0,5570.0,5566.0,5572.0,5568.0,5572.0,5568.0,25
2016-07-29 14:04:00,2016-07-29 14:05:00,5567.0,5568.0,5568.0,5566.0,5568.0,5569.0,5570.0,5569.0,5
2016-07-29 14:05:00,2016-07-29 14:06:00,5568.0,5570.0,5570.0,5569.0,5569.0,5571.0,5572.0,5570.0,5
2016-07-29 14:06:00,2016-07-29 14:09:00,5571.0,5572.0,5572.0,5570.0,5572.0,5573.0,5573.0,5572.0,10
2016-07-29 14:09:00,2016-07-29 14:10:00,5572.0,5570.0,5571.0,5570.0,5573.0,5572.0,5573.0,5572.0,9
2016-07-29 14:10:00,2016-07-29 14:11:00,5570.0,5570.0,5571.0,5568.0,5572.0,5571.0,5573.0,5570.0,13
2016-07-29 14:11:00,2016-07-29 14:12:00,5570.0,5570.0,5571.0,5569.0,5571.0,5571.0,5573.0,5571.0,11
2016-07-29 14:12:00,2016-07-29 14:13:00,5570.0,5573.0,5573.0,5569.0,5571.0,5574.0,5574.0,5571.0,12
2016-07-29 14:13:00,2016-07-29 14:14:00,5573.0,5574.0,5575.0,5569.0,5574.0,5575.0,5576.0,5573.0,16
2016-07-29 14:14:00,2016-07-29 14:15:00,5574.0,5572.0,5574.0,5572.0,5575.0,5574.0,5575.0,5574.0,9
2016-07-29 14:15:00,2016-07-29 14:17:00,5572.0,5572.0,5572.0,5570.0,5573.0,5573.0,5574.0,5572.0,9
2016-07-29 14:17:00,2016-07-29 14:18:00,5572.0,5572.0,5572.0,5571.0,5573.0,5573.0,5575.0,5573.0,9
2016-07-29 14:18:00,2016-07-29 14:20:00,5572.0,5573.0,5574.0,5571.0,5573.0,5574.0,5576.0,5573.0,14
2016-07-29 14:20:00,2016-07-29 14:21:00,5573.0,5571.0,5572.0,5571.0,5574.0,5573.0,5574.0,5573.0,7
2016-07-29 14:21:00,2016-07-29 14:22:00,5571.0,5572.0,5572.0,5570.0,5573.0,5573.0,5573.0,5572.0,3
2016-07-29 14:22:00,2016-07-29 14:25:00,5572.0,5569.0,5571.0,5567.0,5573.0,5574.0,5574.0,5570.0,14
2016-07-29 14:25:00,2016-07-29 14:26:00,5569.0,5569.0,5571.0,5569.0,5574.0,5570.0,5572.0,5570.0,8
2016-07-29 14:26:00,2016-07-29 14:27:00,5569.0,5569.0,5569.0,5567.0,5570.0,5570.0,5572.0,5570.0,10
2016-07-29 14:27:00,2016-07-29 14:28:00,5569.0,5571.0,5571.0,5570.0,5570.0,5572.0,5573.0,5571.0,4
2016-07-29 14:28:00,2016-07-29 14:29:00,5571.0,5572.0,5572.0,5570.0,5572.0,5573.0,5573.0,5572.0,6
2016-07-29 14:29:00,2016-07-29 14:30:00,5572.0,5572.0,5573.0,5571.0,5573.0,5573.0,5575.0,5573.0,8
2016-07-29 14:30:00,2016-07-29 14:31:00,5572.0,5572.0,5572.0,5569.0,5573.0,5573.0,5575.0,5572.0,8
2016-07-29 14:31:00,2016-07-29 14:32:00,5572.0,5572.0,5573.0,5572.0,5573.0,5574.0,5574.0,5574.0,5
2016-07-29 14:32:00,2016-07-29 14:35:00,5573.0,5576.0,5576.0,5572.0,5574.0,5578.0,5579.0,5575.0,17
2016-07-29 14:35:00,2016-07-29 14:36:00,5576.0,5577.0,5577.0,5574.0,5578.0,5578.0,5579.0,5577.0,7
2016-07-29 14:36:00,2016-07-29 14:37:00,5577.0,5577.0,5577.0,5576.0,5578.0,5578.0,5579.0,5578.0,14
2016-07-29 14:37:00,2016-07-29 14:38:00,5577.0,5577.0,5578.0,5576.0,5578.0,5579.0,5579.0,5578.0,11
2016-07-29 14:38:00,2016-07-29 14:39:00,5577.0,5580.0,5580.0,5576.0,5579.0,5582.0,5583.0,5579.0,13
2016-07-29 14:39:00,2016-07-29 14:40:00,5580.0,5580.0,5581.0,5578.0,5582.0,5581.0,5584.0,5581.0,9
2016-07-29 14:40:00,2016-07-29 14:41:00,5580.0,5580.0,5581.0,5578.0,5581.0,5581.0,5583.0,5581.0,10
2016-07-29 14:41:00,2016-07-29 14:44:00,5579.0,5580.0,5580.0,5578.0,5580.0,5581.0,5581.0,5580.0,5
2016-07-29 14:44:00,2016-07-29 14:45:00,5580.0,5581.0,5581.0,5580.0,5581.0,5583.0,5583.0,5582.0,7
2016-07-29 14:45:00,2016-07-29 14:46:00,5581.0,5582.0,5583.0,5580.0,5583.0,5583.0,5585.0,5582.0,18
2016-07-29 14:46:00,2016-07-29 14:47:00,5582.0,5581.0,5583.0,5579.0,5583.0,5583.0,5585.0,5582.0,11
2016-07-29 14:47:00,2016-07-29 14:48:00,5581.0,5583.0,5583.0,5581.0,5583.0,5585.0,5586.0,5583.0,12
2016-07-29 14:48:00,2016-07-29 14:49:00,5583.0,5583.0,5584.0,5582.0,5585.0,5585.0,5585.0,5583.0,14
2016-07-29 14:49:00,2016-07-29 14:50:00,5583.0,5586.0,5586.0,5583.0,5585.0,5587.0,5588.0,5584.0,14
2016-07-29 14:50:00,2016-07-29 14:51:00,5586.0,5585.0,5587.0,5584.0,5587.0,5586.0,5588.0,5586.0,11
2016-07-29 14:51:00,2016-07-29 14:52:00,5585.0,5585.0,5585.0,5584.0,5586.0,5586.0,5586.0,5586.0,10
2016-07-29 14:52:00,2016-07-29 14:53:00,5585.0,5586.0,5586.0,5585.0,5586.0,5587.0,5587.0,5586.0,25
2016-07-29 14:53:00,2016-07-29 14:54:00,5586.0,5587.0,5587.0,5585.0,5587.0,5588.0,5590.0,5587.0,13
2016-07-29 14:54:00,2016-07-29 14:55:00,5587.0,5587.0,5588.0,5586.0,5588.0,5589.0,5590.0,5588.0,12
2016-07-29 14:55:00,2016-07-29 14:56:00,5587.0,5587.0,5587.0,5584.0,5589.0,5588.0,5590.0,5588.0,12
2016-07-29 14:56:00,2016-07-29 14:57:00,5587.0,5587.0,5588.0,5586.0,5588.0,5588.0,5591.0,5587.0,23
2016-07-29 14:57:00,2016-07-29 14:59:00,5587.0,5586.0,5588.0,5586.0,5588.0,5587.0,5589.0,5587.0,22
2016-07-29 14:59:00,2016-07-29 15:00:00,5586.0,5586.0,5587.0,5584.0,5587.0,5589.0,5590.0,5586.0,39
2016-07-29 15:00:00,2016-07-29 15:01:00,5586.0,5587.0,5588.0,5585.0,5589.0,5589.0,5590.0,5587.0,28
2016-07-29 15:01:00,2016-07-29 15:02:00,5587.0,5586.0,5588.0,5586.0,5589.0,5591.0,5591.0,5588.0,6
2016-07-29 15:02:00,2016-07-29 15:03:00,5586.0,5587.0,5587.0,5586.0,5591.0,5589.0,5590.0,5588.0,6
2016-07-29 15:03:00,2016-07-29 15:04:00,5587.0,5587.0,5587.0,5586.0,5589.0,5588.0,5588.0,5587.0,3
2016-07-29 15:04:00,2016-07-29 15:05:00,5587.0,5587.0,5588.0,5586.0,5588.0,5588.0,5589.0,5588.0,4
2016-07-29 15:05:00,2016-07-29 15:06:00,5587.0,5588.0,5588.0,5586.0,5588.0,5589.0,5590.0,5588.0,10
2016-07-29 15:06:00,2016-07-29 15:07:00,5588.0,5588.0,5589.0,5588.0,5589.0,5590.0,5590.0,5589.0,7
2016-07-29 15:07:00,2016-07-29 15:08:00,5588.0,5588.0,5588.0,5587.0,5590.0,5589.0,5590.0,5589.0,4
2016-07-29 15:08:00,2016-07-29 15:09:00,5588.0,5587.0,5589.0,5587.0,5589.0,5588.0,5590.0,5588.0,6
2016-07-29 15:09:00,2016-07-29 15:10:00,5587.0,5588.0,5588.0,5586.0,5588.0,5589.0,5589.0,5588.0,7
2016-07-29 15:10:00,2016-07-29 15:12:00,5588.0,5589.0,5589.0,5587.0,5589.0,5590.0,5590.0,5589.0,6
2016-07-29 15:12:00,2016-07-29 15:13:00,5589.0,5588.0,5589.0,5587.0,5590.0,5590.0,5592.0,5589.0,10
2016-07-29 15:13:00,2016-07-29 15:14:00,5588.0,5588.0,5589.0,5587.0,5590.0,5589.0,5591.0,5589.0,15
2016-07-29 15:14:00,2016-07-29 15:15:00,5588.0,5587.0,5588.0,5585.0,5589.0,5589.0,5590.0,5588.0,11
2016-07-29 15:15:00,2016-07-29 15:16:00,5587.0,5587.0,5588.0,5586.0,5589.0,5589.0,5590.0,5588.0,6
2016-07-29 15:16:00,2016-07-29 15:19:00,5588.0,5588.0,5589.0,5587.0,5589.0,5589.0,5591.0,5589.0,7
2016-07-29 15:19:00,2016-07-29 15:20:00,5588.0,5588.0,5588.0,5586.0,5589.0,5589.0,5590.0,5588.0,7
2016-07-29 15:20:00,2016-07-29 15:22:00,5588.0,5588.0,5588.0,5586.0,5589.0,5589.0,5590.0,5589.0,2
2016-07-29 15:22:00,2016-07-29 15:23:00,5588.0,5589.0,5590.0,5587.0,5589.0,5590.0,5592.0,5590.0,8
2016-07-29 15:23:00,2016-07-29 15:24:00,5589.0,5592.0,5592.0,5588.0,5590.0,5593.0,5593.0,5591.0,6
2016-07-29 15:24:00,2016-07-29 15:25:00,5592.0,5591.0,5591.0,5589.0,5593.0,5592.0,5594.0,5591.0,20
2016-07-29 15:25:00,2016-07-29 15:26:00,5591.0,5591.0,5591.0,5589.0,5592.0,5592.0,5594.0,5592.0,9
2016-07-29 15:26:00,2016-07-29 15:27:00,5591.0,5588.0,5589.0,5587.0,5592.0,5590.0,5593.0,5589.0,12
2016-07-29 15:27:00,2016-07-29 15:28:00,5588.0,5589.0,5589.0,5588.0,5590.0,5591.0,5591.0,5589.0,5
2016-07-29 15:28:00,2016-07-29 15:29:00,5589.0,5586.0,5591.0,5586.0,5591.0,5590.0,5594.0,5589.0,20
2016-07-29 15:29:00,2016-07-29 15:30:00,5586.0,5589.0,5589.0,5588.0,5590.0,5590.0,5590.0,5589.0,2
2016-07-29 15:30:00,2016-07-29 15:31:00,5589.0,5586.0,5588.0,5586.0,5590.0,5591.0,5591.0,5589.0,4
2016-07-29 15:31:00,2016-07-29 15:32:00,5586.0,5588.0,5588.0,5587.0,5591.0,5589.0,5590.0,5589.0,7
2016-07-29 15:32:00,2016-07-29 15:33:00,5588.0,5587.0,5589.0,5587.0,5589.0,5589.0,5590.0,5588.0,5
2016-07-29 15:33:00,2016-07-29 15:34:00,5587.0,5589.0,5589.0,5585.0,5589.0,5590.0,5590.0,5588.0,8
2016-07-29 15:34:00,2016-07-29 15:35:00,5589.0,5590.0,5591.0,5587.0,5590.0,5592.0,5592.0,5589.0,12
2016-07-29 15:35:00,2016-07-29 15:36:00,5590.0,5591.0,5592.0,5590.0,5592.0,5593.0,5593.0,5591.0,7
2016-07-29 15:36:00,2016-07-29 15:37:00,5591.0,5592.0,5593.0,5590.0,5593.0,5593.0,5594.0,5592.0,10
2016-07-29 15:37:00,2016-07-29 15:38:00,5592.0,5591.0,5593.0,5591.0,5593.0,5593.0,5595.0,5593.0,16
2016-07-29 15:38:00,2016-07-29 15:39:00,5591.0,5591.0,5592.0,5590.0,5593.0,5592.0,5595.0,5592.0,8
2016-07-29 15:39:00,2016-07-29 15:41:00,5592.0,5591.0,5591.0,5590.0,5593.0,5592.0,5593.0,5592.0,4
2016-07-29 15:41:00,2016-07-29 15:42:00,5591.0,5590.0,5590.0,5589.0,5592.0,5591.0,5591.0,5591.0,3
2016-07-29 15:42:00,2016-07-29 15:44:00,5591.0,5591.0,5591.0,5591.0,5592.0,5592.0,5593.0,5592.0,2
2016-07-29 15:44:00,2016-07-29 15:45:00,5591.0,5592.0,5593.0,5591.0,5592.0,5594.0,5594.0,5593.0,6
2016-07-29 15:45:00,2016-07-29 15:46:00,5592.0,5592.0,5593.0,5592.0,5594.0,5593.0,5594.0,5593.0,2
2016-07-29 15:46:00,2016-07-29 15:47:00,5592.0,5591.0,5591.0,5591.0,5593.0,5593.0,5593.0,5592.0,3
2016-07-29 15:47:00,2016-07-29 15:49:00,5591.0,5590.0,5590.0,5588.0,5592.0,5591.0,5593.0,5591.0,4
2016-07-29 15:49:00,2016-07-29 15:50:00,5590.0,5589.0,5590.0,5589.0,5591.0,5590.0,5591.0,5590.0,6
2016-07-29 15:50:00,2016-07-29 15:51:00,5589.0,5588.0,5589.0,5588.0,5590.0,5592.0,5592.0,5591.0,2
2016-07-29 15:51:00,2016-07-29 15:52:00,5588.0,5588.0,5589.0,5588.0,5592.0,5589.0,5590.0,5589.0,3
2016-07-29 15:52:00,2016-07-29 15:53:00,5588.0,5589.0,5589.0,5588.0,5589.0,5590.0,5590.0,5590.0,4
2016-07-29 15:53:00,2016-07-29 15:57:00,5590.0,5590.0,5590.0,5589.0,5591.0,5591.0,5591.0,5590.0,8
2016-07-29 15:57:00,2016-07-29 16:04:00,5591.0,5593.0,5593.0,5590.0,5593.0,5594.0,5594.0,5593.0,4
2016-07-29 16:04:00,2016-07-29 16:05:00,5593.0,5594.0,5594.0,5591.0,5594.0,5595.0,5595.0,5595.0,7
2016-07-29 16:05:00,2016-07-29 16:07:00,5594.0,5593.0,5594.0,5593.0,5595.0,5595.0,5595.0,5595.0,3
2016-07-29 16:07:00,2016-07-29 16:08:00,5593.0,5594.0,5594.0,5593.0,5595.0,5595.0,5595.0,5595.0,3
2016-07-29 16:08:00,2016-07-29 16:10:00,5592.0,5592.0,5592.0,5592.0,5594.0,5593.0,5593.0,5593.0,1
2016-07-29 16:10:00,2016-07-29 16:11:00,5592.0,5590.0,5591.0,5590.0,5593.0,5592.0,5593.0,5592.0,3
2016-07-29 16:11:00,2016-07-29 16:14:00,5591.0,5592.0,5592.0,5589.0,5592.0,5593.0,5594.0,5593.0,6
2016-07-29 16:14:00,2016-07-29 16:16:00,5592.0,5592.0,5592.0,5591.0,5593.0,5593.0,5594.0,5592.0,5
2016-07-29 16:16:00,2016-07-29 16:17:00,5592.0,5592.0,5593.0,5592.0,5593.0,5593.0,5594.0,5593.0,4
2016-07-29 16:17:00,2016-07-29 16:21:00,5592.0,5590.0,5590.0,5589.0,5593.0,5591.0,5592.0,5591.0,4
2016-07-29 16:21:00,2016-07-29 16:28:00,5591.0,5590.0,5590.0,5588.0,5592.0,5592.0,5592.0,5591.0,3
2016-07-29 16:28:00,2016-07-29 16:29:00,5590.0,5589.0,5589.0,5588.0,5592.0,5591.0,5592.0,5591.0,3
2016-07-29 16:29:00,2016-07-29 16:31:00,5589.0,5590.0,5590.0,5590.0,5591.0,5592.0,5592.0,5591.0,2
2016-07-29 16:31:00,2016-07-29 16:32:00,5590.0,5590.0,5591.0,5590.0,5592.0,5592.0,5592.0,5592.0,2
2016-07-29 16:32:00,2016-07-29 16:35:00,5591.0,5591.0,5591.0,5591.0,5592.0,5592.0,5593.0,5592.0,4
2016-07-29 16:35:00,2016-07-29 16:39:00,5591.0,5590.0,5592.0,5590.0,5593.0,5592.0,5593.0,5592.0,3
2016-07-29 16:39:00,2016-07-29 16:40:00,5590.0,5589.0,5591.0,5589.0,5592.0,5594.0,5594.0,5591.0,4
2016-07-29 16:40:00,2016-07-29 16:41:00,5589.0,5590.0,5591.0,5589.0,5594.0,5591.0,5592.0,5591.0,8
2016-07-29 16:41:00,2016-07-29 16:42:00,5590.0,5588.0,5589.0,5588.0,5591.0,5590.0,5592.0,5590.0,3
2016-07-29 16:42:00,2016-07-29 16:44:00,5588.0,5589.0,5589.0,5589.0,5590.0,5591.0,5591.0,5590.0,2
2016-07-29 16:44:00,2016-07-29 16:45:00,5589.0,5587.0,5589.0,5586.0,5591.0,5589.0,5591.0,5588.0,7
2016-07-29 16:45:00,2016-07-29 16:47:00,5588.0,5587.0,5588.0,5585.0,5589.0,5589.0,5591.0,5589.0,6
2016-07-29 16:47:00,2016-07-29 16:48:00,5587.0,5587.0,5587.0,5585.0,5589.0,5588.0,5589.0,5587.0,5
2016-07-29 16:48:00,2016-07-29 16:50:00,5587.0,5586.0,5586.0,5584.0,5588.0,5587.0,5588.0,5587.0,12
2016-07-29 16:50:00,2016-07-29 16:53:00,5588.0,5587.0,5588.0,5586.0,5589.0,5588.0,5591.0,5588.0,5
2016-07-29 16:53:00,2016-07-29 16:55:00,5587.0,5587.0,5587.0,5586.0,5588.0,5588.0,5588.0,5587.0,3
2016-07-29 16:55:00,2016-07-29 16:57:00,5587.0,5589.0,5589.0,5586.0,5588.0,5590.0,5591.0,5589.0,5
2016-07-29 16:57:00,2016-07-29 16:58:00,5589.0,5588.0,5589.0,5588.0,5590.0,5590.0,5591.0,5590.0,3
2016-07-29 16:58:00,2016-07-29 16:59:00,5588.0,5588.0,5589.0,5588.0,5590.0,5589.0,5590.0,5589.0,5
2016-07-29 16:59:00,2016-07-29 17:00:00,5588.0,5587.0,5587.0,5587.0,5589.0,5589.0,5589.0,5589.0,1
2016-07-29 17:00:00,2016-07-29 17:02:00,5587.0,5588.0,5588.0,5587.0,5588.0,5589.0,5589.0,5588.0,5
2016-07-29 17:02:00,2016-07-29 17:03:00,5588.0,5586.0,5587.0,5586.0,5589.0,5588.0,5589.0,5588.0,2
2016-07-29 17:03:00,2016-07-29 17:04:00,5586.0,5587.0,5587.0,5586.0,5588.0,5588.0,5588.0,5587.0,2
2016-07-29 17:04:00,2016-07-29 17:05:00,5587.0,5585.0,5585.0,5585.0,5588.0,5590.0,5590.0,5590.0,1
2016-07-29 17:05:00,2016-07-29 17:06:00,5585.0,5586.0,5587.0,5586.0,5590.0,5588.0,5588.0,5587.0,4
2016-07-29 17:06:00,2016-07-29 17:07:00,5586.0,5587.0,5587.0,5586.0,5588.0,5588.0,5589.0,5587.0,7
2016-07-29 17:07:00,2016-07-29 17:08:00,5587.0,5587.0,5588.0,5585.0,5588.0,5589.0,5591.0,5588.0,5
2016-07-29 17:08:00,2016-07-29 17:09:00,5587.0,5588.0,5589.0,5588.0,5589.0,5590.0,5590.0,5589.0,3
2016-07-29 17:09:00,2016-07-29 17:11:00,5588.0,5589.0,5589.0,5588.0,5589.0,5591.0,5591.0,5590.0,3
2016-07-29 17:11:00,2016-07-29 17:13:00,5588.0,5588.0,5588.0,5588.0,5589.0,5590.0,5590.0,5590.0,1
2016-07-29 17:13:00,2016-07-29 17:14:00,5588.0,5588.0,5589.0,5588.0,5590.0,5590.0,5590.0,5590.0,2
2016-07-29 17:14:00,2016-07-29 17:15:00,5588.0,5588.0,5589.0,5586.0,5590.0,5590.0,5592.0,5589.0,6
2016-07-29 17:15:00,2016-07-29 17:16:00,5588.0,5589.0,5589.0,5588.0,5590.0,5590.0,5590.0,5589.0,3
2016-07-29 17:16:00,2016-07-29 17:17:00,5589.0,5587.0,5588.0,5587.0,5590.0,5589.0,5590.0,5589.0,3
2016-07-29 17:17:00,2016-07-29 17:19:00,5587.0,5587.0,5587.0,5587.0,5589.0,5589.0,5589.0,5588.0,2
2016-07-29 17:19:00,2016-07-29 17:20:00,5587.0,5588.0,5588.0,5588.0,5589.0,5590.0,5590.0,5589.0,2
2016-07-29 17:20:00,2016-07-29 17:21:00,5588.0,5589.0,5589.0,5588.0,5590.0,5590.0,5590.0,5590.0,3
2016-07-29 17:21:00,2016-07-29 17:23:00,5590.0,5588.0,5589.0,5588.0,5591.0,5590.0,5591.0,5590.0,2
2016-07-29 17:23:00,2016-07-29 17:24:00,5588.0,5590.0,5590.0,5589.0,5590.0,5591.0,5591.0,5590.0,2
2016-07-29 17:24:00,2016-07-29 17:27:00,5589.0,5587.0,5590.0,5587.0,5591.0,5592.0,5592.0,5591.0,3
2016-07-29 17:27:00,2016-07-29 17:28:00,5587.0,5588.0,5589.0,5588.0,5592.0,5590.0,5590.0,5590.0,2
2016-07-29 17:28:00,2016-07-29 17:29:00,5588.0,5588.0,5590.0,5588.0,5590.0,5593.0,5593.0,5590.0,4
2016-07-29 17:29:00,2016-07-29 17:30:00,5588.0,5589.0,5590.0,5589.0,5593.0,5591.0,5591.0,5591.0,2
2016-07-29 17:30:00,2016-07-29 17:31:00,5589.0,5588.0,5589.0,5588.0,5591.0,5590.0,5590.0,5590.0,2
2016-07-29 17:31:00,2016-07-29 17:32:00,5588.0,5590.0,5590.0,5589.0,5590.0,5591.0,5591.0,5591.0,2
2016-07-29 17:32:00,2016-07-29 17:37:00,5590.0,5590.0,5590.0,5590.0,5591.0,5592.0,5592.0,5592.0,1
2016-07-29 17:37:00,2016-07-29 17:39:00,5590.0,5587.0,5589.0,5587.0,5591.0,5591.0,5591.0,5591.0,2
2016-07-29 17:39:00,2016-07-29 17:40:00,5587.0,5589.0,5589.0,5589.0,5591.0,5590.0,5590.0,5590.0,1
2016-07-29 17:40:00,2016-07-29 17:41:00,5589.0,5586.0,5586.0,5586.0,5590.0,5590.0,5590.0,5590.0,1
2016-07-29 17:41:00,2016-07-29 17:42:00,5586.0,5587.0,5588.0,5586.0,5590.0,5588.0,5591.0,5588.0,3
2016-07-29 17:42:00,2016-07-29 17:45:00,5588.0,5590.0,5590.0,5588.0,5589.0,5591.0,5591.0,5590.0,4
2016-07-29 17:45:00,2016-07-29 17:48:00,5590.0,5590.0,5590.0,5589.0,5591.0,5592.0,5592.0,5591.0,4
2016-07-29 17:48:00,2016-07-29 17:49:00,5590.0,5589.0,5591.0,5589.0,5592.0,5591.0,5592.0,5591.0,6
2016-07-29 17:49:00,2016-07-29 17:51:00,5590.0,5591.0,5591.0,5590.0,5591.0,5592.0,5592.0,5592.0,2
2016-07-29 17:51:00,2016-07-29 17:54:00,5591.0,5591.0,5591.0,5589.0,5592.0,5592.0,5594.0,5592.0,2
2016-07-29 17:54:00,2016-07-29 17:55:00,5591.0,5591.0,5591.0,5590.0,5592.0,5592.0,5592.0,5592.0,2
2016-07-29 17:55:00,2016-07-29 17:56:00,5591.0,5590.0,5590.0,5590.0,5592.0,5592.0,5592.0,5592.0,1
2016-07-29 17:56:00,2016-07-29 17:59:00,5590.0,5591.0,5591.0,5589.0,5591.0,5592.0,5592.0,5591.0,4
2016-07-29 17:59:00,2016-07-29 18:00:00,5591.0,5590.0,5591.0,5589.0,5592.0,5592.0,5592.0,5591.0,13
2016-07-29 18:00:00,2016-07-29 18:04:00,5590.0,5589.0,5591.0,5589.0,5592.0,5594.0,5594.0,5592.0,2
2016-07-29 18:04:00,2016-07-29 18:05:00,5589.0,5590.0,5591.0,5590.0,5594.0,5592.0,5592.0,5592.0,2
2016-07-29 18:05:00,2016-07-29 18:06:00,5590.0,5590.0,5590.0,5588.0,5592.0,5592.0,5594.0,5592.0,3
2016-07-29 18:06:00,2016-07-29 18:07:00,5590.0,5591.0,5591.0,5591.0,5592.0,5592.0,5592.0,5592.0,1
2016-07-29 18:07:00,2016-07-29 18:08:00,5591.0,5590.0,5590.0,5589.0,5592.0,5591.0,5592.0,5591.0,4
2016-07-29 18:08:00,2016-07-29 18:10:00,5590.0,5589.0,5590.0,5589.0,5592.0,5590.0,5591.0,5590.0,3
2016-07-29 18:10:00,2016-07-29 18:12:00,5589.0,5590.0,5590.0,5590.0,5590.0,5591.0,5591.0,5591.0,1
2016-07-29 18:12:00,2016-07-29 18:16:00,5589.0,5590.0,5590.0,5588.0,5590.0,5591.0,5593.0,5591.0,6
2016-07-29 18:16:00,2016-07-29 18:17:00,5590.0,5591.0,5591.0,5591.0,5591.0,5592.0,5592.0,5592.0,1
2016-07-29 18:17:00,2016-07-29 18:18:00,5591.0,5591.0,5591.0,5591.0,5592.0,5593.0,5593.0,5593.0,1
2016-07-29 18:18:00,2016-07-29 18:19:00,5591.0,5590.0,5591.0,5590.0,5593.0,5592.0,5592.0,5592.0,4
2016-07-29 18:19:00,2016-07-29 18:21:00,5590.0,5592.0,5592.0,5590.0,5591.0,5593.0,5593.0,5592.0,4
2016-07-29 18:21:00,2016-07-29 18:22:00,5592.0,5591.0,5591.0,5591.0,5593.0,5592.0,5593.0,5592.0,2
2016-07-29 18:22:00,2016-07-29 18:25:00,5592.0,5592.0,5592.0,5592.0,5593.0,5593.0,5594.0,5593.0,2
2016-07-29 18:25:00,2016-07-29 18:26:00,5592.0,5591.0,5592.0,5591.0,5593.0,5592.0,5593.0,5592.0,4
2016-07-29 18:26:00,2016-07-29 18:28:00,5591.0,5592.0,5592.0,5590.0,5592.0,5594.0,5595.0,5592.0,8
2016-07-29 18:28:00,2016-07-29 18:29:00,5592.0,5592.0,5592.0,5592.0,5594.0,5594.0,5594.0,5593.0,4
2016-07-29 18:29:00,2016-07-29 18:30:00,5592.0,5590.0,5592.0,5590.0,5594.0,5594.0,5594.0,5592.0,7
2016-07-29 18:30:00,2016-07-29 18:31:00,5590.0,5592.0,5592.0,5591.0,5594.0,5593.0,5594.0,5593.0,4
2016-07-29 18:31:00,2016-07-29 18:34:00,5592.0,5590.0,5591.0,5590.0,5593.0,5592.0,5593.0,5591.0,6
2016-07-29 18:34:00,2016-07-29 18:35:00,5590.0,5588.0,5590.0,5588.0,5592.0,5590.0,5591.0,5590.0,4
2016-07-29 18:35:00,2016-07-29 18:36:00,5588.0,5589.0,5589.0,5589.0,5590.0,5590.0,5590.0,5590.0,1
2016-07-29 18:36:00,2016-07-29 18:38:00,5588.0,5586.0,5587.0,5586.0,5589.0,5588.0,5589.0,5587.0,8
2016-07-29 18:38:00,2016-07-29 18:39:00,5586.0,5586.0,5587.0,5586.0,5588.0,5588.0,5588.0,5587.0,3
2016-07-29 18:39:00,2016-07-29 18:40:00,5586.0,5585.0,5586.0,5585.0,5588.0,5589.0,5589.0,5587.0,3
2016-07-29 18:40:00,2016-07-29 18:41:00,5585.0,5586.0,5586.0,5584.0,5589.0,5588.0,5590.0,5588.0,2
2016-07-29 18:41:00,2016-07-29 18:43:00,5586.0,5586.0,5586.0,5585.0,5588.0,5588.0,5590.0,5588.0,3
2016-07-29 18:43:00,2016-07-29 18:48:00,5587.0,5589.0,5589.0,5587.0,5588.0,5591.0,5591.0,5589.0,6
2016-07-29 18:48:00,2016-07-29 18:49:00,5589.0,5589.0,5589.0,5589.0,5591.0,5590.0,5590.0,5590.0,1
2016-07-29 18:49:00,2016-07-29 18:50:00,5589.0,5589.0,5590.0,5589.0,5590.0,5591.0,5591.0,5591.0,2
2016-07-29 18:50:00,2016-07-29 18:51:00,5589.0,5590.0,5590.0,5589.0,5591.0,5591.0,5591.0,5590.0,3
2016-07-29 18:51:00,2016-07-29 18:55:00,5591.0,5591.0,5591.0,5589.0,5592.0,5592.0,5593.0,5592.0,4
2016-07-29 18:55:00,2016-07-29 18:56:00,5591.0,5592.0,5592.0,5591.0,5592.0,5593.0,5593.0,5593.0,2
2016-07-29 18:56:00,2016-07-29 18:57:00,5592.0,5592.0,5592.0,5591.0,5593.0,5593.0,5593.0,5593.0,2
2016-07-29 18:57:00,2016-07-29 18:58:00,5592.0,5590.0,5592.0,5590.0,5593.0,5592.0,5593.0,5592.0,5
2016-07-29 18:58:00,2016-07-29 18:59:00,5590.0,5590.0,5591.0,5590.0,5592.0,5591.0,5592.0,5591.0,5
2016-07-29 18:59:00,2016-07-29 19:03:00,5590.0,5589.0,5589.0,5588.0,5591.0,5590.0,5590.0,5589.0,7
2016-07-29 19:03:00,2016-07-29 19:04:00,5589.0,5589.0,5590.0,5588.0,5590.0,5590.0,5591.0,5589.0,6
2016-07-29 19:04:00,2016-07-29 19:05:00,5589.0,5588.0,5588.0,5587.0,5590.0,5589.0,5591.0,5589.0,4
2016-07-29 19:05:00,2016-07-29 19:06:00,5588.0,5585.0,5587.0,5585.0,5589.0,5587.0,5589.0,5587.0,10
2016-07-29 19:06:00,2016-07-29 19:07:00,5585.0,5587.0,5587.0,5585.0,5587.0,5588.0,5590.0,5586.0,9
2016-07-29 19:07:00,2016-07-29 19:08:00,5587.0,5586.0,5587.0,5584.0,5588.0,5588.0,5590.0,5587.0,7
2016-07-29 19:08:00,2016-07-29 19:09:00,5586.0,5586.0,5587.0,5586.0,5588.0,5591.0,5591.0,5587.0,6
2016-07-29 19:09:00,2016-07-29 19:10:00,5586.0,5588.0,5588.0,5587.0,5591.0,5590.0,5590.0,5589.0,5
2016-07-29 19:10:00,2016-07-29 19:11:00,5588.0,5590.0,5590.0,5589.0,5590.0,5591.0,5591.0,5590.0,3
2016-07-29 19:11:00,2016-07-29 19:12:00,5590.0,5589.0,5589.0,5589.0,5591.0,5590.0,5591.0,5590.0,2
2016-07-29 19:12:00,2016-07-29 19:13:00,5589.0,5588.0,5589.0,5587.0,5590.0,5589.0,5590.0,5588.0,7
2016-07-29 19:13:00,2016-07-29 19:15:00,5587.0,5588.0,5589.0,5588.0,5589.0,5590.0,5590.0,5589.0,6
2016-07-29 19:15:00,2016-07-29 19:18:00,5588.0,5588.0,5588.0,5586.0,5589.0,5589.0,5589.0,5588.0,8
2016-07-29 19:18:00,2016-07-29 19:19:00,5588.0,5587.0,5588.0,5587.0,5589.0,5588.0,5589.0,5588.0,6
2016-07-29 19:19:00,2016-07-29 19:21:00,5587.0,5588.0,5589.0,5586.0,5589.0,5589.0,5590.0,5589.0,7
2016-07-29 19:21:00,2016-07-29 19:22:00,5588.0,5587.0,5588.0,5587.0,5589.0,5589.0,5590.0,5589.0,7
2016-07-29 19:22:00,2016-07-29 19:23:00,5587.0,5587.0,5588.0,5587.0,5589.0,5589.0,5589.0,5589.0,2
2016-07-29 19:23:00,2016-07-29 19:26:00,5587.0,5586.0,5586.0,5586.0,5588.0,5588.0,5588.0,5587.0,3
2016-07-29 19:26:00,2016-07-29 19:27:00,5586.0,5587.0,5588.0,5587.0,5588.0,5589.0,5589.0,5588.0,5
2016-07-29 19:27:00,2016-07-29 19:28:00,5587.0,5586.0,5587.0,5586.0,5589.0,5588.0,5589.0,5587.0,5
2016-07-29 19:28:00,2016-07-29 19:30:00,5586.0,5586.0,5587.0,5586.0,5588.0,5588.0,5588.0,5587.0,4
2016-07-29 19:30:00,2016-07-29 19:31:00,5586.0,5587.0,5587.0,5587.0,5588.0,5588.0,5589.0,5588.0,3
2016-07-29 19:31:00,2016-07-29 19:32:00,5587.0,5588.0,5589.0,5585.0,5588.0,5590.0,5590.0,5588.0,7
2016-07-29 19:32:00,2016-07-29 19:33:00,5588.0,5588.0,5588.0,5588.0,5590.0,5589.0,5589.0,5589.0,1
2016-07-29 19:33:00,2016-07-29 19:35:00,5588.0,5588.0,5588.0,5587.0,5589.0,5590.0,5590.0,5589.0,4
2016-07-29 19:35:00,2016-07-29 19:36:00,5588.0,5587.0,5589.0,5587.0,5590.0,5589.0,5590.0,5589.0,3
2016-07-29 19:36:00,2016-07-29 19:37:00,5587.0,5587.0,5588.0,5586.0,5589.0,5588.0,5589.0,5587.0,10
2016-07-29 19:37:00,2016-07-29 19:38:00,5587.0,5587.0,5588.0,5587.0,5588.0,5588.0,5589.0,5588.0,8
2016-07-29 19:38:00,2016-07-29 19:39:00,5587.0,5587.0,5588.0,5587.0,5588.0,5588.0,5589.0,5588.0,5
2016-07-29 19:39:00,2016-07-29 19:40:00,5587.0,5589.0,5589.0,5588.0,5588.0,5590.0,5590.0,5589.0,3
2016-07-29 19:40:00,2016-07-29 19:42:00,5588.0,5589.0,5589.0,5586.0,5589.0,5590.0,5591.0,5590.0,5
2016-07-29 19:42:00,2016-07-29 19:43:00,5589.0,5588.0,5588.0,5588.0,5590.0,5590.0,5590.0,5590.0,1
2016-07-29 19:43:00,2016-07-29 19:44:00,5588.0,5589.0,5589.0,5587.0,5590.0,5590.0,5592.0,5590.0,3
2016-07-29 19:44:00,2016-07-29 19:45:00,5589.0,5591.0,5591.0,5589.0,5590.0,5593.0,5593.0,5591.0,5
2016-07-29 19:45:00,2016-07-29 19:47:00,5592.0,5591.0,5592.0,5591.0,5594.0,5593.0,5593.0,5592.0,4
2016-07-29 19:47:00,2016-07-29 19:48:00,5591.0,5592.0,5592.0,5591.0,5593.0,5593.0,5593.0,5593.0,3
2016-07-29 19:48:00,2016-07-29 19:49:00,5592.0,5592.0,5592.0,5591.0,5593.0,5593.0,5594.0,5593.0,8
2016-07-29 19:49:00,2016-07-29 19:51:00,5592.0,5591.0,5592.0,5591.0,5593.0,5593.0,5593.0,5593.0,5
2016-07-29 19:51:00,2016-07-29 19:52:00,5591.0,5592.0,5592.0,5592.0,5593.0,5594.0,5594.0,5593.0,2
2016-07-29 19:52:00,2016-07-29 19:53:00,5592.0,5591.0,5593.0,5591.0,5594.0,5593.0,5594.0,5593.0,5
2016-07-29 19:53:00,2016-07-29 19:54:00,5591.0,5590.0,5592.0,5590.0,5593.0,5592.0,5593.0,5591.0,8
2016-07-29 19:54:00,2016-07-29 19:55:00,5590.0,5589.0,5590.0,5587.0,5592.0,5591.0,5592.0,5589.0,16
2016-07-29 19:55:00,2016-07-29 19:56:00,5589.0,5587.0,5589.0,5587.0,5591.0,5592.0,5592.0,5589.0,8
2016-07-29 19:56:00,2016-07-29 19:57:00,5587.0,5589.0,5590.0,5589.0,5592.0,5591.0,5591.0,5590.0,4
2016-07-29 19:57:00,2016-07-29 19:58:00,5589.0,5590.0,5590.0,5588.0,5591.0,5592.0,5592.0,5589.0,26
2016-07-29 19:58:00,2016-07-29 19:59:00,5590.0,5588.0,5592.0,5588.0,5592.0,5592.0,5595.0,5592.0,15
2016-07-29 19:59:00,2016-07-29 20:00:00,5588.0,5590.0,5591.0,5587.0,5592.0,5592.0,5594.0,5590.0,26
2016-07-29 20:00:00,2016-07-29 20:01:00,5590.0,5590.0,5590.0,5590.0,5592.0,5593.0,5593.0,5593.0,1
2016-07-29 20:01:00,2016-07-29 20:02:00,5590.0,5592.0,5592.0,5590.0,5593.0,5595.0,5595.0,5594.0,4
2016-07-29 20:02:00,2016-07-29 20:03:00,5592.0,5590.0,5591.0,5590.0,5595.0,5592.0,5595.0,5592.0,3
2016-07-29 20:03:00,2016-07-29 20:05:00,5590.0,5590.0,5590.0,5590.0,5592.0,5592.0,5592.0,5591.0,2
2016-07-29 20:05:00,2016-07-29 20:06:00,5590.0,5591.0,5591.0,5589.0,5592.0,5592.0,5594.0,5592.0,3
2016-07-29 20:06:00,2016-07-29 20:09:00,5591.0,5590.0,5590.0,5588.0,5592.0,5592.0,5592.0,5592.0,3
2016-07-29 20:09:00,2016-07-29 20:10:00,5590.0,5590.0,5591.0,5590.0,5592.0,5591.0,5592.0,5591.0,3
2016-07-29 20:10:00,2016-07-29 20:12:00,5590.0,5589.0,5589.0,5589.0,5591.0,5591.0,5591.0,5591.0,1
2016-07-29 20:12:00,2016-07-29 20:13:00,5589.0,5589.0,5589.0,5588.0,5591.0,5591.0,5591.0,5591.0,2
2016-07-29 20:13:00,2016-07-29 20:14:00,5589.0,5591.0,5591.0,5590.0,5591.0,5592.0,5592.0,5591.0,3
2016-07-29 20:14:00,2016-07-29 20:21:00,5591.0,5589.0,5589.0,5589.0,5592.0,5594.0,5594.0,5594.0,1
2016-07-29 20:21:00,2016-07-29 20:22:00,5589.0,5591.0,5591.0,5591.0,5594.0,5592.0,5592.0,5592.0,1
2016-07-29 20:22:00,2016-07-29 20:28:00,5591.0,5591.0,5591.0,5591.0,5592.0,5595.0,5595.0,5593.0,3
2016-07-29 20:28:00,2016-07-29 20:29:00,5591.0,5591.0,5591.0,5591.0,5595.0,5594.0,5594.0,5594.0,1
2016-07-29 20:29:00,2016-07-29 20:30:00,5591.0,5590.0,5592.0,5590.0,5594.0,5595.0,5595.0,5594.0,4
2016-07-29 20:30:00,2016-07-29 20:31:00,5590.0,5591.0,5591.0,5591.0,5595.0,5594.0,5594.0,5594.0,1
2016-07-29 20:31:00,2016-07-29 20:32:00,5591.0,5591.0,5591.0,5589.0,5594.0,5594.0,5596.0,5594.0,2
2016-07-29 20:32:00,2016-07-29 20:33:00,5591.0,5592.0,5592.0,5592.0,5594.0,5594.0,5594.0,5594.0,1
2016-07-29 20:33:00,2016-07-29 20:34:00,5592.0,5592.0,5592.0,5590.0,5594.0,5594.0,5596.0,5594.0,2
2016-07-29 20:34:00,2016-07-29 20:35:00,5592.0,5593.0,5593.0,5593.0,5594.0,5595.0,5595.0,5594.0,2
2016-07-29 20:35:00,2016-07-29 20:43:00,5593.0,5593.0,5593.0,5591.0,5595.0,5595.0,5597.0,5595.0,2
2016-07-29 20:43:00,2016-07-29 20:44:00,5593.0,5592.0,5593.0,5592.0,5595.0,5594.0,5594.0,5594.0,2
2016-07-29 20:44:00,2016-07-31 23:51:00,5592.0,5588.0,5588.0,5587.0,5594.0,5588.5,5588.5,5588.5,7
2016-07-31 23:51:00,2016-07-31 23:54:00,5588.0,5593.0,5593.0,5589.0,5588.5,5595.0,5595.0,5592.0,11
2016-07-31 23:54:00,2016-07-31 23:55:00,5593.0,5592.0,5594.0,5592.0,5595.0,5593.0,5595.0,5593.0,5
2016-07-31 23:55:00,2016-07-31 23:56:00,5592.0,5591.0,5592.0,5591.0,5593.0,5592.0,5593.0,5592.0,6
2016-07-31 23:56:00,2016-07-31 23:57:00,5591.0,5590.0,5591.0,5589.0,5592.0,5591.0,5592.0,5590.0,6
2016-07-31 23:57:00,2016-07-31 23:58:00,5590.0,5590.0,5591.0,5590.0,5591.0,5591.0,5592.0,5591.0,8
2016-07-31 23:58:00,2016-07-31 23:59:00,5590.0,5590.0,5590.0,5590.0,5591.0,5592.0,5592.0,5591.0,5
2016-07-31 23:59:00,2016-08-01 00:00:00,5590.0,5587.0,5590.0,5586.0,5592.0,5589.0,5591.0,5588.0,62
2016-08-01 00:00:00,2016-08-01 00:01:00,5587.0,5587.0,5589.0,5587.0,5589.0,5588.0,5590.0,5588.0,30
2016-08-01 00:01:00,2016-08-01 00:02:00,5587.0,5585.0,5587.0,5585.0,5588.0,5587.0,5588.0,5586.0,15
2016-08-01 00:02:00,2016-08-01 00:03:00,5585.0,5584.0,5586.0,5584.0,5587.0,5585.0,5587.0,5585.0,17
2016-08-01 00:03:00,2016-08-01 00:04:00,5584.0,5583.0,5584.0,5579.0,5585.0,5584.0,5585.0,5580.0,29
2016-08-01 00:04:00,2016-08-01 00:05:00,5583.0,5578.0,5583.0,5578.0,5584.0,5579.0,5585.0,5579.0,35
2016-08-01 00:05:00,2016-08-01 00:06:00,5578.0,5578.0,5579.0,5578.0,5579.0,5580.0,5580.0,5579.0,12
2016-08-01 00:06:00,2016-08-01 00:07:00,5578.0,5579.0,5579.0,5577.0,5580.0,5580.0,5580.0,5578.0,15
2016-08-01 00:07:00,2016-08-01 00:08:00,5579.0,5577.0,5579.0,5577.0,5580.0,5578.0,5581.0,5578.0,8
2016-08-01 00:08:00,2016-08-01 00:09:00,5577.0,5580.0,5582.0,5577.0,5578.0,5582.0,5583.0,5579.0,13
2016-08-01 00:09:00,2016-08-01 00:10:00,5580.0,5578.0,5580.0,5577.0,5582.0,5579.0,5581.0,5578.0,25
2016-08-01 00:10:00,2016-08-01 00:11:00,5578.0,5580.0,5580.0,5578.0,5579.0,5581.0,5581.0,5579.0,18
2016-08-01 00:11:00,2016-08-01 00:12:00,5580.0,5581.0,5582.0,5578.0,5581.0,5583.0,5583.0,5580.0,12
2016-08-01 00:12:00,2016-08-01 00:13:00,5581.0,5581.0,5582.0,5581.0,5583.0,5582.0,5584.0,5582.0,10
2016-08-01 00:13:00,2016-08-01 00:14:00,5581.0,5585.0,5585.0,5579.0,5582.0,5587.0,5587.0,5580.0,20
2016-08-01 00:14:00,2016-08-01 00:15:00,5585.0,5589.0,5589.0,5585.0,5587.0,5590.0,5590.0,5586.0,25
2016-08-01 00:15:00,2016-08-01 00:16:00,5589.0,5591.0,5591.0,5587.0,5590.0,5592.0,5592.0,5588.0,24
2016-08-01 00:16:00,2016-08-01 00:17:00,5591.0,5595.0,5595.0,5591.0,5592.0,5596.0,5596.0,5592.0,30
2016-08-01 00:17:00,2016-08-01 00:18:00,5595.0,5595.0,5596.0,5594.0,5596.0,5596.0,5597.0,5595.0,9
2016-08-01 00:18:00,2016-08-01 00:19:00,5595.0,5599.0,5599.0,5596.0,5596.0,5600.0,5600.0,5597.0,14
2016-08-01 00:19:00,2016-08-01 00:20:00,5599.0,5596.0,5598.0,5595.0,5600.0,5597.0,5600.0,5596.0,15
2016-08-01 00:20:00,2016-08-01 00:21:00,5596.0,5596.0,5596.0,5594.0,5597.0,5597.0,5597.0,5596.0,16
2016-08-01 00:21:00,2016-08-01 00:22:00,5596.0,5594.0,5596.0,5593.0,5597.0,5595.0,5597.0,5594.0,13
2016-08-01 00:22:00,2016-08-01 00:24:00,5593.0,5592.0,5593.0,5591.0,5594.0,5593.0,5594.0,5592.0,15
2016-08-01 00:24:00,2016-08-01 00:25:00,5592.0,5591.0,5592.0,5591.0,5593.0,5592.0,5594.0,5592.0,7
2016-08-01 00:25:00,2016-08-01 00:26:00,5591.0,5590.0,5593.0,5590.0,5592.0,5592.0,5594.0,5592.0,13
2016-08-01 00:26:00,2016-08-01 00:27:00,5590.0,5590.0,5592.0,5590.0,5592.0,5592.0,5593.0,5591.0,22
2016-08-01 00:27:00,2016-08-01 00:28:00,5590.0,5592.0,5592.0,5590.0,5592.0,5593.0,5593.0,5591.0,15
2016-08-01 00:28:00,2016-08-01 00:29:00,5592.0,5593.0,5594.0,5593.0,5593.0,5594.0,5596.0,5594.0,12
2016-08-01 00:29:00,2016-08-01 00:31:00,5594.0,5595.0,5596.0,5594.0,5595.0,5597.0,5597.0,5596.0,16
2016-08-01 00:31:00,2016-08-01 00:32:00,5595.0,5595.0,5597.0,5595.0,5597.0,5596.0,5598.0,5596.0,10
2016-08-01 00:32:00,2016-08-01 00:33:00,5595.0,5594.0,5595.0,5594.0,5596.0,5595.0,5597.0,5595.0,9
2016-08-01 00:33:00,2016-08-01 00:34:00,5594.0,5593.0,5594.0,5593.0,5595.0,5594.0,5595.0,5594.0,6
2016-08-01 00:34:00,2016-08-01 00:35:00,5593.0,5590.0,5593.0,5590.0,5594.0,5594.0,5594.0,5593.0,14
2016-08-01 00:35:00,2016-08-01 00:36:00,5590.0,5594.0,5594.0,5592.0,5594.0,5596.0,5596.0,5593.0,8
2016-08-01 00:36:00,2016-08-01 00:37:00,5594.0,5595.0,5595.0,5593.0,5596.0,5596.0,5596.0,5594.0,10
2016-08-01 00:37:00,2016-08-01 00:38:00,5595.0,5595.0,5595.0,5593.0,5596.0,5597.0,5597.0,5594.0,12
2016-08-01 00:38:00,2016-08-01 00:39:00,5595.0,5598.0,5598.0,5595.0,5597.0,5599.0,5599.0,5596.0,7
2016-08-01 00:39:00,2016-08-01 00:40:00,5598.0,5598.0,5599.0,5596.0,5599.0,5599.0,5600.0,5598.0,16
2016-08-01 00:40:00,2016-08-01 00:41:00,5598.0,5598.0,5600.0,5598.0,5599.0,5599.0,5601.0,5599.0,8
2016-08-01 00:41:00,2016-08-01 00:42:00,5598.0,5602.0,5602.0,5598.0,5599.0,5603.0,5603.0,5600.0,15
2016-08-01 00:42:00,2016-08-01 00:43:00,5602.0,5605.0,5605.0,5601.0,5603.0,5607.0,5607.0,5602.0,30
2016-08-01 00:43:00,2016-08-01 00:44:00,5605.0,5605.0,5606.0,5605.0,5607.0,5607.0,5607.0,5606.0,12
2016-08-01 00:44:00,2016-08-01 00:45:00,5605.0,5604.0,5605.0,5604.0,5607.0,5605.0,5607.0,5605.0,18
2016-08-01 00:45:00,2016-08-01 00:46:00,5604.0,5604.0,5605.0,5604.0,5605.0,5605.0,5606.0,5605.0,6
2016-08-01 00:46:00,2016-08-01 00:47:00,5604.0,5605.0,5605.0,5604.0,5605.0,5606.0,5607.0,5606.0,4
2016-08-01 00:47:00,2016-08-01 00:48:00,5605.0,5605.0,5605.0,5604.0,5606.0,5606.0,5606.0,5605.0,5
2016-08-01 00:48:00,2016-08-01 00:49:00,5605.0,5606.0,5608.0,5605.0,5606.0,5607.0,5609.0,5607.0,21
2016-08-01 00:49:00,2016-08-01 00:50:00,5606.0,5605.0,5607.0,5605.0,5607.0,5607.0,5608.0,5606.0,8
2016-08-01 00:50:00,2016-08-01 00:51:00,5605.0,5606.0,5607.0,5606.0,5607.0,5607.0,5608.0,5607.0,9
2016-08-01 00:51:00,2016-08-01 00:52:00,5606.0,5605.0,5607.0,5605.0,5607.0,5607.0,5608.0,5606.0,12
2016-08-01 00:52:00,2016-08-01 00:53:00,5605.0,5608.0,5608.0,5606.0,5607.0,5609.0,5610.0,5608.0,6
2016-08-01 00:53:00,2016-08-01 00:54:00,5608.0,5605.0,5609.0,5604.0,5609.0,5606.0,5610.0,5605.0,20
2016-08-01 00:54:00,2016-08-01 00:55:00,5605.0,5605.0,5606.0,5605.0,5606.0,5606.0,5607.0,5606.0,12
2016-08-01 00:55:00,2016-08-01 00:56:00,5605.0,5605.0,5607.0,5605.0,5606.0,5607.0,5608.0,5607.0,9
2016-08-01 00:56:00,2016-08-01 00:57:00,5605.0,5607.0,5607.0,5606.0,5607.0,5608.0,5609.0,5607.0,5
2016-08-01 00:57:00,2016-08-01 00:58:00,5607.0,5606.0,5607.0,5605.0,5608.0,5607.0,5608.0,5607.0,11
2016-08-01 00:58:00,2016-08-01 01:00:00,5606.0,5609.0,5609.0,5606.0,5607.0,5610.0,5610.0,5607.0,21
2016-08-01 01:00:00,2016-08-01 01:01:00,5609.0,5606.0,5608.0,5606.0,5610.0,5608.0,5610.0,5608.0,9
2016-08-01 01:01:00,2016-08-01 01:02:00,5606.0,5605.0,5606.0,5605.0,5608.0,5607.0,5607.0,5606.0,12
2016-08-01 01:02:00,2016-08-01 01:03:00,5605.0,5604.0,5606.0,5604.0,5607.0,5606.0,5608.0,5606.0,14
2016-08-01 01:03:00,2016-08-01 01:04:00,5604.0,5602.0,5604.0,5602.0,5606.0,5604.0,5605.0,5603.0,17
2016-08-01 01:04:00,2016-08-01 01:05:00,5602.0,5605.0,5606.0,5603.0,5604.0,5606.0,5607.0,5604.0,16
2016-08-01 01:05:00,2016-08-01 01:06:00,5605.0,5607.0,5607.0,5605.0,5606.0,5608.0,5608.0,5606.0,17
2016-08-01 01:06:00,2016-08-01 01:07:00,5607.0,5606.0,5607.0,5606.0,5608.0,5608.0,5608.0,5608.0,3
2016-08-01 01:07:00,2016-08-01 01:08:00,5606.0,5605.0,5607.0,5605.0,5608.0,5607.0,5608.0,5606.0,14
2016-08-01 01:08:00,2016-08-01 01:09:00,5605.0,5607.0,5607.0,5606.0,5607.0,5609.0,5609.0,5607.0,11
2016-08-01 01:09:00,2016-08-01 01:10:00,5607.0,5607.0,5609.0,5607.0,5609.0,5609.0,5610.0,5608.0,9
2016-08-01 01:10:00,2016-08-01 01:11:00,5607.0,5606.0,5608.0,5606.0,5609.0,5608.0,5609.0,5608.0,13
2016-08-01 01:11:00,2016-08-01 01:12:00,5606.0,5606.0,5607.0,5606.0,5608.0,5608.0,5608.0,5607.0,5
2016-08-01 01:12:00,2016-08-01 01:15:00,5607.0,5610.0,5611.0,5607.0,5608.0,5612.0,5612.0,5609.0,27
2016-08-01 01:15:00,2016-08-01 01:16:00,5610.0,5611.0,5614.0,5610.0,5612.0,5612.0,5615.0,5611.0,22
2016-08-01 01:16:00,2016-08-01 01:17:00,5611.0,5612.0,5613.0,5611.0,5612.0,5613.0,5614.0,5612.0,11
2016-08-01 01:17:00,2016-08-01 01:18:00,5612.0,5613.0,5613.0,5611.0,5613.0,5614.0,5614.0,5612.0,20
2016-08-01 01:18:00,2016-08-01 01:19:00,5613.0,5612.0,5614.0,5611.0,5614.0,5613.0,5615.0,5612.0,26
2016-08-01 01:19:00,2016-08-01 01:20:00,5612.0,5613.0,5613.0,5610.0,5613.0,5614.0,5614.0,5611.0,25
2016-08-01 01:20:00,2016-08-01 01:22:00,5612.0,5614.0,5614.0,5612.0,5613.0,5615.0,5615.0,5613.0,18
2016-08-01 01:22:00,2016-08-01 01:23:00,5614.0,5612.0,5613.0,5612.0,5615.0,5614.0,5615.0,5613.0,8
2016-08-01 01:23:00,2016-08-01 01:24:00,5612.0,5612.0,5612.0,5611.0,5614.0,5613.0,5613.0,5613.0,3
2016-08-01 01:24:00,2016-08-01 01:25:00,5612.0,5610.0,5612.0,5610.0,5613.0,5612.0,5613.0,5612.0,8
2016-08-01 01:25:00,2016-08-01 01:26:00,5610.0,5609.0,5613.0,5608.0,5612.0,5611.0,5614.0,5610.0,12
2016-08-01 01:26:00,2016-08-01 01:27:00,5609.0,5611.0,5612.0,5610.0,5611.0,5613.0,5613.0,5611.0,12
2016-08-01 01:27:00,2016-08-01 01:28:00,5611.0,5612.0,5614.0,5611.0,5613.0,5613.0,5615.0,5612.0,15
2016-08-01 01:28:00,2016-08-01 01:29:00,5612.0,5614.0,5614.0,5610.0,5613.0,5615.0,5616.0,5611.0,16
2016-08-01 01:29:00,2016-08-01 01:30:00,5614.0,5612.0,5615.0,5612.0,5615.0,5614.0,5616.0,5613.0,33
2016-08-01 01:30:00,2016-08-01 01:31:00,5612.0,5611.0,5613.0,5611.0,5614.0,5613.0,5614.0,5613.0,9
2016-08-01 01:31:00,2016-08-01 01:32:00,5611.0,5613.0,5614.0,5611.0,5613.0,5615.0,5615.0,5612.0,30
2016-08-01 01:32:00,2016-08-01 01:33:00,5613.0,5613.0,5614.0,5613.0,5615.0,5614.0,5615.0,5614.0,21
2016-08-01 01:33:00,2016-08-01 01:34:00,5613.0,5612.0,5614.0,5612.0,5614.0,5613.0,5615.0,5613.0,10
2016-08-01 01:34:00,2016-08-01 01:35:00,5612.0,5611.0,5613.0,5611.0,5613.0,5613.0,5614.0,5612.0,15
2016-08-01 01:35:00,2016-08-01 01:36:00,5611.0,5610.0,5611.0,5610.0,5613.0,5611.0,5612.0,5611.0,6
2016-08-01 01:36:00,2016-08-01 01:37:00,5610.0,5609.0,5611.0,5609.0,5611.0,5610.0,5612.0,5610.0,9
2016-08-01 01:37:00,2016-08-01 01:38:00,5609.0,5612.0,5612.0,5609.0,5610.0,5613.0,5613.0,5610.0,8
2016-08-01 01:38:00,2016-08-01 01:39:00,5612.0,5613.0,5614.0,5612.0,5613.0,5614.0,5615.0,5613.0,10
2016-08-01 01:39:00,2016-08-01 01:40:00,5613.0,5614.0,5616.0,5613.0,5614.0,5615.0,5617.0,5614.0,13
2016-08-01 01:40:00,2016-08-01 01:41:00,5614.0,5613.0,5614.0,5612.0,5615.0,5615.0,5615.0,5613.0,15
2016-08-01 01:41:00,2016-08-01 01:42:00,5613.0,5614.0,5616.0,5613.0,5615.0,5616.0,5617.0,5615.0,22
2016-08-01 01:42:00,2016-08-01 01:43:00,5614.0,5616.0,5617.0,5614.0,5616.0,5618.0,5618.0,5616.0,22
2016-08-01 01:43:00,2016-08-01 01:44:00,5616.0,5617.0,5617.0,5613.0,5618.0,5618.0,5618.0,5614.0,22
2016-08-01 01:44:00,2016-08-01 01:45:00,5617.0,5619.0,5621.0,5615.0,5618.0,5621.0,5622.0,5619.0,63
2016-08-01 01:45:00,2016-08-01 01:46:00,5619.0,5619.0,5620.0,5618.0,5621.0,5621.0,5621.0,5619.0,16
2016-08-01 01:46:00,2016-08-01 01:47:00,5619.0,5621.0,5621.0,5617.0,5621.0,5623.0,5623.0,5618.0,28
2016-08-01 01:47:00,2016-08-01 01:48:00,5621.0,5619.0,5621.0,5618.0,5623.0,5620.0,5623.0,5620.0,10
2016-08-01 01:48:00,2016-08-01 01:49:00,5619.0,5619.0,5621.0,5619.0,5620.0,5620.0,5622.0,5620.0,17
2016-08-01 01:49:00,2016-08-01 01:50:00,5619.0,5620.0,5622.0,5619.0,5620.0,5621.0,5623.0,5620.0,21
2016-08-01 01:50:00,2016-08-01 01:51:00,5620.0,5622.0,5622.0,5620.0,5621.0,5623.0,5623.0,5621.0,13
2016-08-01 01:51:00,2016-08-01 01:52:00,5622.0,5621.0,5622.0,5620.0,5623.0,5622.0,5623.0,5621.0,8
2016-08-01 01:52:00,2016-08-01 01:53:00,5621.0,5619.0,5620.0,5619.0,5622.0,5620.0,5622.0,5620.0,6
2016-08-01 01:53:00,2016-08-01 01:55:00,5619.0,5619.0,5621.0,5618.0,5620.0,5621.0,5622.0,5619.0,17
2016-08-01 01:55:00,2016-08-01 01:56:00,5619.0,5619.0,5621.0,5619.0,5621.0,5620.0,5622.0,5620.0,11
2016-08-01 01:56:00,2016-08-01 01:57:00,5619.0,5619.0,5622.0,5619.0,5620.0,5620.0,5623.0,5620.0,21
2016-08-01 01:57:00,2016-08-01 01:58:00,5619.0,5618.0,5621.0,5618.0,5620.0,5620.0,5622.0,5619.0,13
2016-08-01 01:58:00,2016-08-01 01:59:00,5618.0,5619.0,5619.0,5618.0,5620.0,5620.0,5621.0,5619.0,9
2016-08-01 01:59:00,2016-08-01 02:00:00,5619.0,5620.0,5620.0,5618.0,5620.0,5621.0,5621.0,5619.0,18
2016-08-01 02:00:00,2016-08-01 02:01:00,5620.0,5619.0,5621.0,5619.0,5621.0,5621.0,5622.0,5620.0,14
2016-08-01 02:01:00,2016-08-01 02:02:00,5619.0,5620.0,5621.0,5619.0,5621.0,5622.0,5622.0,5620.0,11
2016-08-01 02:02:00,2016-08-01 02:03:00,5620.0,5620.0,5620.0,5618.0,5622.0,5621.0,5622.0,5619.0,14
2016-08-01 02:03:00,2016-08-01 02:05:00,5619.0,5620.0,5621.0,5619.0,5620.0,5621.0,5622.0,5620.0,12
2016-08-01 02:05:00,2016-08-01 02:07:00,5619.0,5617.0,5621.0,5617.0,5620.0,5619.0,5622.0,5618.0,15
2016-08-01 02:07:00,2016-08-01 02:09:00,5618.0,5617.0,5617.0,5616.0,5619.0,5618.0,5619.0,5617.0,5
2016-08-01 02:09:00,2016-08-01 02:12:00,5617.0,5617.0,5618.0,5617.0,5619.0,5619.0,5619.0,5618.0,5
2016-08-01 02:12:00,2016-08-01 02:13:00,5617.0,5617.0,5618.0,5616.0,5619.0,5618.0,5619.0,5617.0,15
2016-08-01 02:13:00,2016-08-01 02:14:00,5617.0,5616.0,5617.0,5616.0,5618.0,5618.0,5618.0,5617.0,8
2016-08-01 02:14:00,2016-08-01 02:15:00,5616.0,5617.0,5618.0,5616.0,5618.0,5618.0,5619.0,5617.0,17
2016-08-01 02:15:00,2016-08-01 02:16:00,5617.0,5618.0,5618.0,5616.0,5618.0,5619.0,5619.0,5617.0,19
2016-08-01 02:16:00,2016-08-01 02:17:00,5618.0,5619.0,5619.0,5619.0,5619.0,5621.0,5621.0,5620.0,4
2016-08-01 02:17:00,2016-08-01 02:18:00,5619.0,5621.0,5622.0,5619.0,5621.0,5623.0,5623.0,5620.0,15
2016-08-01 02:18:00,2016-08-01 02:19:00,5621.0,5620.0,5621.0,5619.0,5623.0,5621.0,5622.0,5620.0,9
2016-08-01 02:19:00,2016-08-01 02:21:00,5620.0,5619.0,5621.0,5619.0,5621.0,5620.0,5623.0,5620.0,8
2016-08-01 02:21:00,2016-08-01 02:22:00,5619.0,5620.0,5620.0,5619.0,5620.0,5621.0,5621.0,5620.0,5
2016-08-01 02:22:00,2016-08-01 02:23:00,5620.0,5622.0,5625.0,5619.0,5621.0,5623.0,5626.0,5620.0,30
2016-08-01 02:23:00,2016-08-01 02:24:00,5622.0,5623.0,5624.0,5621.0,5623.0,5624.0,5625.0,5622.0,16
2016-08-01 02:24:00,2016-08-01 02:25:00,5623.0,5622.0,5623.0,5622.0,5624.0,5623.0,5624.0,5623.0,5
2016-08-01 02:25:00,2016-08-01 02:26:00,5622.0,5623.0,5624.0,5622.0,5623.0,5625.0,5625.0,5624.0,5
2016-08-01 02:26:00,2016-08-01 02:27:00,5623.0,5624.0,5624.0,5623.0,5625.0,5625.0,5626.0,5624.0,5
2016-08-01 02:27:00,2016-08-01 02:28:00,5624.0,5624.0,5625.0,5623.0,5625.0,5625.0,5626.0,5624.0,11
2016-08-01 02:28:00,2016-08-01 02:29:00,5624.0,5623.0,5625.0,5623.0,5625.0,5625.0,5626.0,5624.0,10
2016-08-01 02:29:00,2016-08-01 02:30:00,5623.0,5623.0,5624.0,5622.0,5625.0,5625.0,5625.0,5623.0,16
2016-08-01 02:30:00,2016-08-01 02:31:00,5623.0,5624.0,5625.0,5623.0,5625.0,5625.0,5626.0,5624.0,15
2016-08-01 02:31:00,2016-08-01 02:32:00,5624.0,5623.0,5623.0,5622.0,5625.0,5624.0,5625.0,5624.0,4
2016-08-01 02:32:00,2016-08-01 02:33:00,5623.0,5624.0,5625.0,5624.0,5624.0,5625.0,5626.0,5625.0,14
2016-08-01 02:33:00,2016-08-01 02:34:00,5624.0,5624.0,5625.0,5624.0,5625.0,5626.0,5626.0,5625.0,31
2016-08-01 02:34:00,2016-08-01 02:35:00,5624.0,5624.0,5624.0,5623.0,5626.0,5625.0,5625.0,5624.0,13
2016-08-01 02:35:00,2016-08-01 02:36:00,5624.0,5623.0,5624.0,5623.0,5625.0,5625.0,5625.0,5624.0,14
2016-08-01 02:36:00,2016-08-01 02:37:00,5623.0,5623.0,5624.0,5623.0,5625.0,5625.0,5625.0,5624.0,16
2016-08-01 02:37:00,2016-08-01 02:38:00,5623.0,5622.0,5623.0,5622.0,5625.0,5624.0,5624.0,5623.0,17
2016-08-01 02:38:00,2016-08-01 02:41:00,5622.0,5621.0,5622.0,5621.0,5623.0,5622.0,5624.0,5622.0,3
2016-08-01 02:41:00,2016-08-01 02:42:00,5621.0,5622.0,5622.0,5621.0,5622.0,5623.0,5623.0,5622.0,10
2016-08-01 02:42:00,2016-08-01 02:45:00,5621.0,5622.0,5623.0,5622.0,5622.0,5624.0,5624.0,5623.0,11
2016-08-01 02:45:00,2016-08-01 02:47:00,5623.0,5624.0,5624.0,5622.0,5624.0,5625.0,5625.0,5623.0,8
2016-08-01 02:47:00,2016-08-01 02:49:00,5623.0,5623.0,5623.0,5620.0,5624.0,5624.0,5624.0,5623.0,6
2016-08-01 02:49:00,2016-08-01 02:54:00,5624.0,5622.0,5624.0,5622.0,5626.0,5625.0,5625.0,5625.0,2
2016-08-01 02:54:00,2016-08-01 02:55:00,5622.0,5625.0,5625.0,5623.0,5625.0,5626.0,5626.0,5625.0,4
2016-08-01 02:55:00,2016-08-01 02:57:00,5625.0,5624.0,5624.0,5623.0,5626.0,5625.0,5626.0,5624.0,8
2016-08-01 02:57:00,2016-08-01 03:01:00,5625.0,5625.0,5625.0,5623.0,5626.0,5626.0,5626.0,5624.0,7
2016-08-01 03:01:00,2016-08-01 03:02:00,5625.0,5623.0,5624.0,5622.0,5626.0,5624.0,5626.0,5623.0,16
2016-08-01 03:02:00,2016-08-01 03:03:00,5623.0,5621.0,5623.0,5621.0,5624.0,5623.0,5624.0,5623.0,14
2016-08-01 03:03:00,2016-08-01 03:04:00,5621.0,5622.0,5623.0,5621.0,5623.0,5624.0,5624.0,5622.0,18
2016-08-01 03:04:00,2016-08-01 03:05:00,5622.0,5623.0,5623.0,5622.0,5624.0,5624.0,5624.0,5623.0,2
2016-08-01 03:05:00,2016-08-01 03:07:00,5623.0,5621.0,5622.0,5621.0,5624.0,5622.0,5624.0,5622.0,3
2016-08-01 03:07:00,2016-08-01 03:08:00,5621.0,5621.0,5622.0,5620.0,5622.0,5622.0,5623.0,5621.0,17
2016-08-01 03:08:00,2016-08-01 03:10:00,5621.0,5620.0,5622.0,5620.0,5622.0,5622.0,5623.0,5621.0,6
2016-08-01 03:10:00,2016-08-01 03:11:00,5620.0,5619.0,5621.0,5619.0,5622.0,5621.0,5622.0,5620.0,11
2016-08-01 03:11:00,2016-08-01 03:12:00,5619.0,5620.0,5620.0,5619.0,5621.0,5621.0,5621.0,5620.0,9
2016-08-01 03:12:00,2016-08-01 03:13:00,5620.0,5620.0,5621.0,5619.0,5621.0,5621.0,5622.0,5621.0,7
2016-08-01 03:13:00,2016-08-01 03:14:00,5620.0,5621.0,5621.0,5620.0,5621.0,5622.0,5622.0,5621.0,7
2016-08-01 03:14:00,2016-08-01 03:15:00,5621.0,5621.0,5622.0,5621.0,5622.0,5623.0,5623.0,5622.0,8
2016-08-01 03:15:00,2016-08-01 03:18:00,5622.0,5623.0,5623.0,5622.0,5623.0,5624.0,5624.0,5623.0,5
2016-08-01 03:18:00,2016-08-01 03:20:00,5623.0,5621.0,5623.0,5621.0,5624.0,5623.0,5624.0,5622.0,11
2016-08-01 03:20:00,2016-08-01 03:21:00,5621.0,5620.0,5621.0,5620.0,5623.0,5621.0,5622.0,5621.0,8
2016-08-01 03:21:00,2016-08-01 03:27:00,5620.0,5618.0,5619.0,5618.0,5621.0,5619.0,5621.0,5619.0,11
2016-08-01 03:27:00,2016-08-01 03:30:00,5619.0,5618.0,5620.0,5618.0,5620.0,5620.0,5621.0,5619.0,20
2016-08-01 03:30:00,2016-08-01 03:31:00,5618.0,5618.0,5619.0,5618.0,5620.0,5620.0,5620.0,5619.0,12
2016-08-01 03:31:00,2016-08-01 03:32:00,5618.0,5619.0,5620.0,5619.0,5620.0,5621.0,5621.0,5620.0,4
2016-08-01 03:32:00,2016-08-01 03:33:00,5619.0,5620.0,5620.0,5619.0,5621.0,5621.0,5621.0,5620.0,2
2016-08-01 03:33:00,2016-08-01 03:35:00,5620.0,5620.0,5620.0,5619.0,5621.0,5621.0,5621.0,5620.0,3
2016-08-01 03:35:00,2016-08-01 03:37:00,5620.0,5617.0,5619.0,5617.0,5621.0,5618.0,5621.0,5618.0,4
2016-08-01 03:37:00,2016-08-01 03:38:00,5617.0,5620.0,5621.0,5617.0,5618.0,5621.0,5622.0,5619.0,18
2016-08-01 03:38:00,2016-08-01 03:41:00,5619.0,5620.0,5621.0,5620.0,5620.0,5621.0,5622.0,5621.0,10
2016-08-01 03:41:00,2016-08-01 03:42:00,5620.0,5620.0,5621.0,5620.0,5621.0,5621.0,5622.0,5621.0,7
2016-08-01 03:42:00,2016-08-01 03:44:00,5619.0,5620.0,5621.0,5620.0,5620.0,5621.0,5622.0,5621.0,6
2016-08-01 03:44:00,2016-08-01 03:45:00,5620.0,5621.0,5621.0,5620.0,5621.0,5623.0,5623.0,5621.0,10
2016-08-01 03:45:00,2016-08-01 03:46:00,5621.0,5620.0,5622.0,5620.0,5623.0,5622.0,5623.0,5621.0,10
2016-08-01 03:46:00,2016-08-01 03:48:00,5620.0,5619.0,5619.0,5618.0,5621.0,5620.0,5621.0,5619.0,4
2016-08-01 03:48:00,2016-08-01 03:49:00,5619.0,5620.0,5621.0,5618.0,5620.0,5622.0,5622.0,5619.0,8
2016-08-01 03:49:00,2016-08-01 03:50:00,5620.0,5620.0,5621.0,5620.0,5622.0,5621.0,5622.0,5621.0,15
2016-08-01 03:50:00,2016-08-01 03:51:00,5620.0,5619.0,5621.0,5619.0,5621.0,5620.0,5622.0,5620.0,5
2016-08-01 03:51:00,2016-08-01 03:54:00,5618.0,5617.0,5619.0,5616.0,5619.0,5618.0,5620.0,5617.0,15
2016-08-01 03:54:00,2016-08-01 03:55:00,5617.0,5617.0,5618.0,5617.0,5618.0,5619.0,5619.0,5619.0,4
2016-08-01 03:55:00,2016-08-01 03:56:00,5617.0,5616.0,5617.0,5616.0,5619.0,5618.0,5618.0,5617.0,4
2016-08-01 03:56:00,2016-08-01 03:58:00,5617.0,5616.0,5617.0,5616.0,5618.0,5617.0,5618.0,5617.0,6
2016-08-01 03:58:00,2016-08-01 04:00:00,5616.0,5615.0,5616.0,5614.0,5617.0,5616.0,5619.0,5616.0,6
2016-08-01 04:00:00,2016-08-01 04:02:00,5615.0,5614.0,5614.0,5613.0,5616.0,5615.0,5616.0,5614.0,11
2016-08-01 04:02:00,2016-08-01 04:03:00,5614.0,5614.0,5615.0,5613.0,5615.0,5615.0,5616.0,5614.0,7
2016-08-01 04:03:00,2016-08-01 04:06:00,5613.0,5610.0,5613.0,5610.0,5614.0,5612.0,5614.0,5612.0,19
2016-08-01 04:06:00,2016-08-01 04:07:00,5610.0,5611.0,5612.0,5610.0,5612.0,5613.0,5613.0,5611.0,11
2016-08-01 04:07:00,2016-08-01 04:08:00,5611.0,5611.0,5612.0,5611.0,5613.0,5612.0,5613.0,5612.0,7
2016-08-01 04:08:00,2016-08-01 04:10:00,5611.0,5610.0,5610.0,5610.0,5612.0,5611.0,5612.0,5611.0,4
2016-08-01 04:10:00,2016-08-01 04:11:00,5610.0,5610.0,5611.0,5610.0,5611.0,5611.0,5612.0,5611.0,10
2016-08-01 04:11:00,2016-08-01 04:12:00,5610.0,5611.0,5611.0,5610.0,5611.0,5612.0,5612.0,5611.0,10
2016-08-01 04:12:00,2016-08-01 04:13:00,5611.0,5611.0,5611.0,5610.0,5612.0,5612.0,5612.0,5611.0,6
2016-08-01 04:13:00,2016-08-01 04:15:00,5610.0,5610.0,5610.0,5610.0,5611.0,5612.0,5612.0,5611.0,3
2016-08-01 04:15:00,2016-08-01 04:16:00,5610.0,5609.0,5611.0,5609.0,5612.0,5611.0,5612.0,5611.0,4
2016-08-01 04:16:00,2016-08-01 04:17:00,5609.0,5608.0,5610.0,5608.0,5611.0,5609.0,5611.0,5609.0,7
2016-08-01 04:17:00,2016-08-01 04:18:00,5608.0,5609.0,5610.0,5608.0,5609.0,5610.0,5611.0,5609.0,8
2016-08-01 04:18:00,2016-08-01 04:20:00,5609.0,5607.0,5608.0,5607.0,5610.0,5608.0,5610.0,5608.0,7
2016-08-01 04:20:00,2016-08-01 04:21:00,5607.0,5606.0,5607.0,5606.0,5608.0,5608.0,5609.0,5607.0,9
2016-08-01 04:21:00,2016-08-01 04:22:00,5606.0,5607.0,5608.0,5607.0,5608.0,5608.0,5609.0,5608.0,5
2016-08-01 04:22:00,2016-08-01 04:23:00,5607.0,5608.0,5608.0,5606.0,5608.0,5609.0,5609.0,5607.0,7
2016-08-01 04:23:00,2016-08-01 04:24:00,5608.0,5607.0,5609.0,5605.0,5609.0,5608.0,5610.0,5608.0,20
2016-08-01 04:24:00,2016-08-01 04:26:00,5606.0,5606.0,5606.0,5604.0,5607.0,5607.0,5607.0,5606.0,12
2016-08-01 04:26:00,2016-08-01 04:28:00,5607.0,5605.0,5606.0,5605.0,5608.0,5606.0,5608.0,5606.0,4
2016-08-01 04:28:00,2016-08-01 04:29:00,5605.0,5604.0,5606.0,5604.0,5606.0,5606.0,5607.0,5605.0,7
2016-08-01 04:29:00,2016-08-01 04:30:00,5604.0,5605.0,5605.0,5604.0,5606.0,5606.0,5607.0,5605.0,5
2016-08-01 04:30:00,2016-08-01 04:32:00,5605.0,5604.0,5606.0,5604.0,5606.0,5606.0,5607.0,5606.0,7
2016-08-01 04:32:00,2016-08-01 04:33:00,5604.0,5605.0,5605.0,5604.0,5606.0,5606.0,5606.0,5605.0,3
2016-08-01 04:33:00,2016-08-01 04:34:00,5605.0,5604.0,5605.0,5604.0,5606.0,5606.0,5607.0,5605.0,9
2016-08-01 04:34:00,2016-08-01 04:35:00,5604.0,5600.0,5605.0,5600.0,5606.0,5601.0,5606.0,5601.0,21
2016-08-01 04:35:00,2016-08-01 04:36:00,5600.0,5602.0,5602.0,5600.0,5601.0,5603.0,5603.0,5601.0,18
2016-08-01 04:36:00,2016-08-01 04:37:00,5602.0,5603.0,5603.0,5603.0,5603.0,5604.0,5604.0,5604.0,1
2016-08-01 04:37:00,2016-08-01 04:38:00,5603.0,5602.0,5602.0,5602.0,5604.0,5603.0,5604.0,5603.0,2
2016-08-01 04:38:00,2016-08-01 04:39:00,5602.0,5603.0,5604.0,5603.0,5603.0,5605.0,5605.0,5604.0,6
2016-08-01 04:39:00,2016-08-01 04:42:00,5604.0,5602.0,5603.0,5602.0,5605.0,5604.0,5604.0,5603.0,5
2016-08-01 04:42:00,2016-08-01 04:43:00,5602.0,5601.0,5603.0,5601.0,5604.0,5602.0,5604.0,5602.0,6
2016-08-01 04:43:00,2016-08-01 04:44:00,5601.0,5602.0,5603.0,5601.0,5602.0,5603.0,5604.0,5602.0,10
2016-08-01 04:44:00,2016-08-01 04:45:00,5602.0,5601.0,5602.0,5601.0,5603.0,5603.0,5603.0,5602.0,6
2016-08-01 04:45:00,2016-08-01 04:46:00,5601.0,5601.0,5602.0,5601.0,5603.0,5602.0,5603.0,5602.0,3
2016-08-01 04:46:00,2016-08-01 04:47:00,5601.0,5603.0,5603.0,5600.0,5602.0,5604.0,5605.0,5603.0,5
2016-08-01 04:47:00,2016-08-01 04:48:00,5603.0,5604.0,5604.0,5603.0,5604.0,5605.0,5605.0,5605.0,3
2016-08-01 04:48:00,2016-08-01 04:49:00,5604.0,5604.0,5605.0,5604.0,5605.0,5607.0,5607.0,5606.0,5
2016-08-01 04:49:00,2016-08-01 04:50:00,5604.0,5603.0,5604.0,5603.0,5607.0,5604.0,5605.0,5604.0,9
2016-08-01 04:50:00,2016-08-01 04:52:00,5604.0,5603.0,5604.0,5603.0,5605.0,5605.0,5605.0,5604.0,9
2016-08-01 04:52:00,2016-08-01 04:53:00,5603.0,5603.0,5603.0,5603.0,5605.0,5605.0,5605.0,5604.0,2
2016-08-01 04:53:00,2016-08-01 04:54:00,5603.0,5602.0,5603.0,5602.0,5605.0,5604.0,5604.0,5603.0,10
2016-08-01 04:54:00,2016-08-01 04:55:00,5602.0,5605.0,5605.0,5603.0,5604.0,5606.0,5606.0,5604.0,18
2016-08-01 04:55:00,2016-08-01 04:57:00,5605.0,5604.0,5605.0,5603.0,5606.0,5605.0,5606.0,5604.0,12
2016-08-01 04:57:00,2016-08-01 04:58:00,5604.0,5607.0,5607.0,5603.0,5605.0,5608.0,5608.0,5605.0,14
2016-08-01 04:58:00,2016-08-01 04:59:00,5607.0,5604.0,5606.0,5604.0,5608.0,5606.0,5609.0,5605.0,14
2016-08-01 04:59:00,2016-08-01 05:00:00,5604.0,5605.0,5606.0,5604.0,5606.0,5606.0,5607.0,5605.0,28
2016-08-01 05:00:00,2016-08-01 05:01:00,5605.0,5606.0,5606.0,5605.0,5606.0,5607.0,5608.0,5607.0,6
2016-08-01 05:01:00,2016-08-01 05:02:00,5606.0,5606.0,5607.0,5605.0,5607.0,5607.0,5608.0,5607.0,13
2016-08-01 05:02:00,2016-08-01 05:04:00,5606.0,5607.0,5607.0,5605.0,5607.0,5608.0,5608.0,5607.0,4
2016-08-01 05:04:00,2016-08-01 05:05:00,5607.0,5607.0,5607.0,5605.0,5608.0,5608.0,5608.0,5606.0,10
2016-08-01 05:05:00,2016-08-01 05:06:00,5607.0,5606.0,5607.0,5606.0,5608.0,5608.0,5608.0,5607.0,5
2016-08-01 05:06:00,2016-08-01 05:08:00,5607.0,5607.0,5607.0,5606.0,5608.0,5608.0,5608.0,5607.0,4
2016-08-01 05:08:00,2016-08-01 05:10:00,5607.0,5604.0,5606.0,5604.0,5608.0,5605.0,5608.0,5605.0,9
2016-08-01 05:10:00,2016-08-01 05:11:00,5604.0,5605.0,5606.0,5604.0,5605.0,5606.0,5608.0,5605.0,20
2016-08-01 05:11:00,2016-08-01 05:12:00,5605.0,5603.0,5605.0,5603.0,5606.0,5605.0,5608.0,5605.0,10
2016-08-01 05:12:00,2016-08-01 05:13:00,5603.0,5602.0,5604.0,5602.0,5605.0,5607.0,5607.0,5604.0,14
2016-08-01 05:13:00,2016-08-01 05:14:00,5602.0,5605.0,5605.0,5604.0,5607.0,5606.0,5607.0,5606.0,8
2016-08-01 05:14:00,2016-08-01 05:15:00,5605.0,5605.0,5606.0,5605.0,5606.0,5606.0,5607.0,5606.0,3
2016-08-01 05:15:00,2016-08-01 05:16:00,5605.0,5603.0,5605.0,5603.0,5606.0,5604.0,5606.0,5604.0,12
2016-08-01 05:16:00,2016-08-01 05:18:00,5602.0,5604.0,5605.0,5602.0,5603.0,5605.0,5606.0,5604.0,15
2016-08-01 05:18:00,2016-08-01 05:19:00,5604.0,5604.0,5604.0,5603.0,5605.0,5605.0,5605.0,5604.0,9
2016-08-01 05:19:00,2016-08-01 05:20:00,5604.0,5601.0,5603.0,5601.0,5605.0,5602.0,5604.0,5602.0,13
2016-08-01 05:20:00,2016-08-01 05:21:00,5601.0,5602.0,5602.0,5602.0,5602.0,5603.0,5604.0,5603.0,3
2016-08-01 05:21:00,2016-08-01 05:22:00,5602.0,5603.0,5603.0,5602.0,5603.0,5604.0,5604.0,5603.0,16
2016-08-01 05:22:00,2016-08-01 05:24:00,5602.0,5603.0,5604.0,5602.0,5603.0,5605.0,5605.0,5603.0,19
2016-08-01 05:24:00,2016-08-01 05:26:00,5604.0,5605.0,5605.0,5603.0,5605.0,5606.0,5607.0,5605.0,6
2016-08-01 05:26:00,2016-08-01 05:28:00,5604.0,5604.0,5605.0,5604.0,5606.0,5605.0,5606.0,5605.0,2
2016-08-01 05:28:00,2016-08-01 05:29:00,5604.0,5603.0,5604.0,5603.0,5605.0,5604.0,5605.0,5604.0,13
2016-08-01 05:29:00,2016-08-01 05:30:00,5603.0,5603.0,5604.0,5602.0,5604.0,5604.0,5605.0,5603.0,13
2016-08-01 05:30:00,2016-08-01 05:31:00,5603.0,5604.0,5604.0,5603.0,5604.0,5605.0,5605.0,5604.0,4
2016-08-01 05:31:00,2016-08-01 05:33:00,5603.0,5601.0,5602.0,5601.0,5604.0,5602.0,5604.0,5602.0,5
2016-08-01 05:33:00,2016-08-01 05:34:00,5601.0,5601.0,5602.0,5601.0,5602.0,5603.0,5603.0,5602.0,8
2016-08-01 05:34:00,2016-08-01 05:35:00,5601.0,5601.0,5602.0,5601.0,5603.0,5606.0,5606.0,5603.0,5
2016-08-01 05:35:00,2016-08-01 05:36:00,5601.0,5603.0,5603.0,5603.0,5606.0,5604.0,5604.0,5604.0,1
2016-08-01 05:36:00,2016-08-01 05:37:00,5603.0,5603.0,5604.0,5603.0,5604.0,5605.0,5605.0,5604.0,7
2016-08-01 05:37:00,2016-08-01 05:38:00,5603.0,5603.0,5604.0,5602.0,5605.0,5604.0,5606.0,5604.0,8
2016-08-01 05:38:00,2016-08-01 05:42:00,5604.0,5605.0,5606.0,5604.0,5605.0,5606.0,5607.0,5606.0,9
2016-08-01 05:42:00,2016-08-01 05:43:00,5605.0,5605.0,5606.0,5605.0,5606.0,5606.0,5607.0,5606.0,11
2016-08-01 05:43:00,2016-08-01 05:44:00,5605.0,5604.0,5605.0,5604.0,5606.0,5605.0,5606.0,5605.0,12
2016-08-01 05:44:00,2016-08-01 05:46:00,5604.0,5602.0,5603.0,5602.0,5605.0,5603.0,5605.0,5603.0,6
2016-08-01 05:46:00,2016-08-01 05:47:00,5602.0,5602.0,5602.0,5601.0,5603.0,5603.0,5603.0,5602.0,5
2016-08-01 05:47:00,2016-08-01 05:48:00,5602.0,5601.0,5602.0,5601.0,5603.0,5602.0,5605.0,5602.0,4
2016-08-01 05:48:00,2016-08-01 05:50:00,5602.0,5601.0,5602.0,5601.0,5603.0,5602.0,5605.0,5602.0,6
2016-08-01 05:50:00,2016-08-01 05:51:00,5601.0,5600.0,5601.0,5600.0,5602.0,5602.0,5603.0,5601.0,12
2016-08-01 05:51:00,2016-08-01 05:52:00,5600.0,5600.0,5601.0,5600.0,5602.0,5601.0,5602.0,5601.0,12
2016-08-01 05:52:00,2016-08-01 05:53:00,5600.0,5599.0,5600.0,5599.0,5601.0,5600.0,5601.0,5600.0,8
2016-08-01 05:53:00,2016-08-01 05:54:00,5599.0,5597.0,5599.0,5596.0,5600.0,5598.0,5601.0,5597.0,21
2016-08-01 05:54:00,2016-08-01 05:55:00,5597.0,5596.0,5597.0,5596.0,5598.0,5597.0,5598.0,5597.0,18
2016-08-01 05:55:00,2016-08-01 05:56:00,5596.0,5597.0,5597.0,5595.0,5597.0,5598.0,5598.0,5596.0,16
2016-08-01 05:56:00,2016-08-01 05:57:00,5597.0,5596.0,5596.0,5595.0,5598.0,5597.0,5597.0,5596.0,23
2016-08-01 05:57:00,2016-08-01 05:58:00,5596.0,5596.0,5597.0,5594.0,5597.0,5597.0,5598.0,5595.0,11
2016-08-01 05:58:00,2016-08-01 05:59:00,5596.0,5598.0,5599.0,5595.0,5597.0,5600.0,5600.0,5596.0,28
2016-08-01 05:59:00,2016-08-01 06:00:00,5598.0,5601.0,5602.0,5599.0,5600.0,5602.0,5605.0,5600.0,40
2016-08-01 06:00:00,2016-08-01 06:01:00,5601.0,5598.0,5600.0,5598.0,5602.0,5600.0,5602.0,5600.0,5
2016-08-01 06:01:00,2016-08-01 06:02:00,5598.0,5599.0,5599.0,5597.0,5600.0,5600.0,5602.0,5600.0,4
2016-08-01 06:02:00,2016-08-01 06:03:00,5599.0,5603.0,5603.0,5599.0,5600.0,5604.0,5604.0,5601.0,11
2016-08-01 06:03:00,2016-08-01 06:04:00,5603.0,5601.0,5603.0,5601.0,5604.0,5603.0,5604.0,5603.0,15
2016-08-01 06:04:00,2016-08-01 06:05:00,5601.0,5599.0,5602.0,5599.0,5603.0,5601.0,5603.0,5600.0,18
2016-08-01 06:05:00,2016-08-01 06:06:00,5599.0,5598.0,5599.0,5598.0,5601.0,5600.0,5600.0,5599.0,12
2016-08-01 06:06:00,2016-08-01 06:07:00,5598.0,5599.0,5600.0,5598.0,5600.0,5601.0,5601.0,5599.0,16
2016-08-01 06:07:00,2016-08-01 06:08:00,5599.0,5596.0,5599.0,5596.0,5601.0,5597.0,5600.0,5597.0,22
2016-08-01 06:08:00,2016-08-01 06:09:00,5596.0,5597.0,5597.0,5594.0,5597.0,5598.0,5598.0,5595.0,38
2016-08-01 06:09:00,2016-08-01 06:10:00,5597.0,5599.0,5601.0,5597.0,5598.0,5600.0,5602.0,5598.0,27
2016-08-01 06:10:00,2016-08-01 06:11:00,5599.0,5601.0,5601.0,5599.0,5600.0,5602.0,5602.0,5600.0,28
2016-08-01 06:11:00,2016-08-01 06:12:00,5601.0,5599.0,5602.0,5599.0,5602.0,5601.0,5603.0,5600.0,13
2016-08-01 06:12:00,2016-08-01 06:13:00,5599.0,5601.0,5601.0,5600.0,5601.0,5602.0,5602.0,5601.0,5
2016-08-01 06:13:00,2016-08-01 06:14:00,5601.0,5600.0,5603.0,5600.0,5602.0,5605.0,5605.0,5602.0,8
2016-08-01 06:14:00,2016-08-01 06:15:00,5600.0,5603.0,5603.0,5602.0,5605.0,5604.0,5604.0,5603.0,22
2016-08-01 06:15:00,2016-08-01 06:16:00,5603.0,5600.0,5603.0,5600.0,5604.0,5602.0,5604.0,5602.0,7
2016-08-01 06:16:00,2016-08-01 06:17:00,5600.0,5599.0,5601.0,5599.0,5602.0,5600.0,5602.0,5600.0,7
2016-08-01 06:17:00,2016-08-01 06:18:00,5599.0,5601.0,5601.0,5599.0,5600.0,5602.0,5602.0,5600.0,19
2016-08-01 06:18:00,2016-08-01 06:19:00,5601.0,5603.0,5603.0,5601.0,5602.0,5604.0,5604.0,5603.0,12
2016-08-01 06:19:00,2016-08-01 06:20:00,5603.0,5603.0,5603.0,5602.0,5604.0,5604.0,5604.0,5603.0,14
2016-08-01 06:20:00,2016-08-01 06:21:00,5603.0,5602.0,5603.0,5602.0,5604.0,5603.0,5604.0,5603.0,11
2016-08-01 06:21:00,2016-08-01 06:22:00,5602.0,5601.0,5603.0,5601.0,5603.0,5603.0,5604.0,5603.0,5
2016-08-01 06:22:00,2016-08-01 06:23:00,5601.0,5602.0,5602.0,5601.0,5603.0,5603.0,5603.0,5602.0,8
2016-08-01 06:23:00,2016-08-01 06:24:00,5602.0,5603.0,5603.0,5602.0,5603.0,5605.0,5606.0,5604.0,8
2016-08-01 06:24:00,2016-08-01 06:25:00,5603.0,5601.0,5603.0,5601.0,5605.0,5603.0,5604.0,5602.0,11
2016-08-01 06:25:00,2016-08-01 06:26:00,5601.0,5600.0,5602.0,5599.0,5603.0,5601.0,5603.0,5601.0,9
2016-08-01 06:26:00,2016-08-01 06:27:00,5600.0,5599.0,5600.0,5599.0,5601.0,5600.0,5603.0,5600.0,9
2016-08-01 06:27:00,2016-08-01 06:28:00,5599.0,5602.0,5602.0,5599.0,5600.0,5603.0,5604.0,5600.0,22
2016-08-01 06:28:00,2016-08-01 06:29:00,5602.0,5601.0,5604.0,5600.0,5603.0,5604.0,5605.0,5602.0,19
2016-08-01 06:29:00,2016-08-01 07:10:00,5601.0,5601.0,5601.0,5598.0,5604.0,5602.0,5603.0,5599.0,31
2016-08-01 07:10:00,2016-08-01 07:11:00,5601.0,5599.0,5601.0,5599.0,5602.0,5601.0,5603.0,5601.0,4
2016-08-01 07:11:00,2016-08-01 07:12:00,5599.0,5598.0,5599.0,5598.0,5601.0,5600.0,5600.0,5599.0,8
2016-08-01 07:12:00,2016-08-01 07:15:00,5598.0,5597.0,5597.0,5596.0,5599.0,5599.0,5600.0,5598.0,4
2016-08-01 07:15:00,2016-08-01 07:17:00,5597.0,5596.0,5598.0,5596.0,5599.0,5600.0,5600.0,5598.0,7
2016-08-01 07:17:00,2016-08-01 07:18:00,5596.0,5599.0,5600.0,5597.0,5600.0,5600.0,5601.0,5598.0,7
2016-08-01 07:18:00,2016-08-01 07:19:00,5599.0,5599.0,5599.0,5599.0,5600.0,5601.0,5601.0,5600.0,3
2016-08-01 07:19:00,2016-08-01 07:20:00,5599.0,5601.0,5602.0,5599.0,5601.0,5603.0,5603.0,5600.0,12
2016-08-01 07:20:00,2016-08-01 07:21:00,5601.0,5600.0,5602.0,5600.0,5603.0,5601.0,5604.0,5601.0,16
2016-08-01 07:21:00,2016-08-01 07:22:00,5600.0,5601.0,5602.0,5600.0,5601.0,5604.0,5604.0,5602.0,6
2016-08-01 07:22:00,2016-08-01 07:23:00,5601.0,5601.0,5601.0,5600.0,5604.0,5602.0,5602.0,5602.0,5
2016-08-01 07:23:00,2016-08-01 07:24:00,5601.0,5600.0,5601.0,5600.0,5602.0,5602.0,5602.0,5601.0,7
2016-08-01 07:24:00,2016-08-01 07:25:00,5600.0,5601.0,5601.0,5600.0,5602.0,5603.0,5603.0,5602.0,4
2016-08-01 07:25:00,2016-08-01 07:26:00,5601.0,5602.0,5603.0,5602.0,5603.0,5603.0,5604.0,5603.0,4
2016-08-01 07:26:00,2016-08-01 07:27:00,5602.0,5603.0,5603.0,5600.0,5603.0,5604.0,5605.0,5603.0,5
2016-08-01 07:27:00,2016-08-01 07:28:00,5603.0,5604.0,5604.0,5602.0,5604.0,5605.0,5605.0,5604.0,16
2016-08-01 07:28:00,2016-08-01 07:29:00,5604.0,5604.0,5604.0,5603.0,5605.0,5605.0,5605.0,5604.0,14
2016-08-01 07:29:00,2016-08-01 07:30:00,5604.0,5605.0,5606.0,5603.0,5605.0,5606.0,5607.0,5605.0,11
2016-08-01 07:30:00,2016-08-01 07:32:00,5604.0,5603.0,5605.0,5603.0,5605.0,5604.0,5606.0,5604.0,7
2016-08-01 07:32:00,2016-08-01 07:33:00,5603.0,5603.0,5603.0,5602.0,5604.0,5604.0,5604.0,5603.0,10
2016-08-01 07:33:00,2016-08-01 07:34:00,5603.0,5602.0,5603.0,5602.0,5604.0,5604.0,5604.0,5603.0,5
2016-08-01 07:34:00,2016-08-01 07:35:00,5602.0,5603.0,5603.0,5602.0,5604.0,5604.0,5604.0,5604.0,3
2016-08-01 07:35:00,2016-08-01 07:36:00,5603.0,5602.0,5603.0,5602.0,5604.0,5604.0,5604.0,5603.0,4
2016-08-01 07:36:00,2016-08-01 07:40:00,5603.0,5603.0,5603.0,5602.0,5604.0,5604.0,5606.0,5604.0,2
2016-08-01 07:40:00,2016-08-01 07:43:00,5602.0,5601.0,5602.0,5600.0,5603.0,5603.0,5605.0,5602.0,9
2016-08-01 07:43:00,2016-08-01 07:44:00,5601.0,5601.0,5602.0,5601.0,5603.0,5603.0,5603.0,5602.0,4
2016-08-01 07:44:00,2016-08-01 07:47:00,5601.0,5600.0,5601.0,5600.0,5603.0,5602.0,5602.0,5602.0,2
2016-08-01 07:47:00,2016-08-01 07:48:00,5600.0,5599.0,5599.0,5599.0,5602.0,5600.0,5602.0,5600.0,5
2016-08-01 07:48:00,2016-08-01 07:51:00,5598.0,5598.0,5599.0,5597.0,5599.0,5600.0,5600.0,5599.0,8
2016-08-01 07:51:00,2016-08-01 07:52:00,5598.0,5598.0,5598.0,5597.0,5600.0,5599.0,5599.0,5599.0,3
2016-08-01 07:52:00,2016-08-01 07:59:00,5597.0,5597.0,5598.0,5597.0,5599.0,5599.0,5599.0,5599.0,2
2016-08-01 07:59:00,2016-08-01 08:02:00,5597.0,5598.0,5598.0,5597.0,5599.0,5599.0,5599.0,5598.0,5
2016-08-01 08:02:00,2016-08-01 08:04:00,5597.0,5596.0,5596.0,5596.0,5599.0,5600.0,5600.0,5600.0,1
2016-08-01 08:04:00,2016-08-01 08:05:00,5596.0,5598.0,5598.0,5597.0,5600.0,5599.0,5599.0,5598.0,3
2016-08-01 08:05:00,2016-08-01 08:09:00,5598.0,5595.0,5597.0,5594.0,5599.0,5596.0,5598.0,5596.0,7
2016-08-01 08:09:00,2016-08-01 08:10:00,5595.0,5592.0,5595.0,5592.0,5596.0,5594.0,5596.0,5594.0,19
2016-08-01 08:10:00,2016-08-01 08:11:00,5592.0,5591.0,5592.0,5591.0,5594.0,5593.0,5593.0,5593.0,4
2016-08-01 08:11:00,2016-08-01 08:13:00,5591.0,5592.0,5593.0,5592.0,5593.0,5594.0,5594.0,5593.0,4
2016-08-01 08:13:00,2016-08-01 08:15:00,5592.0,5592.0,5593.0,5592.0,5594.0,5594.0,5595.0,5593.0,13
2016-08-01 08:15:00,2016-08-01 08:17:00,5592.0,5593.0,5594.0,5592.0,5594.0,5595.0,5595.0,5593.0,5
2016-08-01 08:17:00,2016-08-01 08:19:00,5593.0,5594.0,5594.0,5591.0,5595.0,5595.0,5597.0,5595.0,3
2016-08-01 08:19:00,2016-08-01 08:20:00,5594.0,5594.0,5594.0,5593.0,5595.0,5595.0,5595.0,5595.0,2
2016-08-01 08:20:00,2016-08-01 08:21:00,5594.0,5593.0,5593.0,5593.0,5595.0,5595.0,5595.0,5595.0,1
2016-08-01 08:21:00,2016-08-01 08:22:00,5593.0,5596.0,5596.0,5594.0,5595.0,5597.0,5597.0,5595.0,6
2016-08-01 08:22:00,2016-08-01 08:24:00,5595.0,5596.0,5596.0,5595.0,5597.0,5597.0,5597.0,5597.0,7
2016-08-01 08:24:00,2016-08-01 08:25:00,5596.0,5595.0,5596.0,5595.0,5597.0,5597.0,5597.0,5596.0,6
2016-08-01 08:25:00,2016-08-01 08:29:00,5595.0,5595.0,5595.0,5594.0,5597.0,5597.0,5598.0,5597.0,2
2016-08-01 08:29:00,2016-08-01 08:31:00,5595.0,5595.0,5595.0,5593.0,5597.0,5597.0,5599.0,5596.0,6
2016-08-01 08:31:00,2016-08-01 08:37:00,5595.0,5594.0,5595.0,5594.0,5597.0,5596.0,5596.0,5595.0,3
2016-08-01 08:37:00,2016-08-01 08:39:00,5594.0,5594.0,5594.0,5594.0,5596.0,5595.0,5596.0,5595.0,5
2016-08-01 08:39:00,2016-08-01 08:40:00,5594.0,5594.0,5594.0,5594.0,5595.0,5595.0,5596.0,5595.0,2
2016-08-01 08:40:00,2016-08-01 08:41:00,5594.0,5594.0,5594.0,5593.0,5595.0,5595.0,5597.0,5595.0,2
2016-08-01 08:41:00,2016-08-01 08:42:00,5594.0,5593.0,5594.0,5593.0,5595.0,5595.0,5595.0,5594.0,6
2016-08-01 08:42:00,2016-08-01 08:43:00,5593.0,5594.0,5594.0,5593.0,5595.0,5595.0,5597.0,5595.0,5
2016-08-01 08:43:00,2016-08-01 08:45:00,5594.0,5592.0,5593.0,5592.0,5595.0,5594.0,5595.0,5594.0,3
2016-08-01 08:45:00,2016-08-01 08:46:00,5592.0,5591.0,5592.0,5591.0,5594.0,5592.0,5593.0,5592.0,9
2016-08-01 08:46:00,2016-08-01 08:49:00,5591.0,5591.0,5591.0,5591.0,5593.0,5592.0,5592.0,5592.0,1
2016-08-01 08:49:00,2016-08-01 08:52:00,5591.0,5590.0,5591.0,5590.0,5592.0,5592.0,5592.0,5591.0,4
2016-08-01 08:52:00,2016-08-01 08:53:00,5590.0,5590.0,5591.0,5589.0,5592.0,5591.0,5592.0,5591.0,7
2016-08-01 08:53:00,2016-08-01 08:54:00,5590.0,5591.0,5591.0,5590.0,5591.0,5592.0,5592.0,5592.0,4
2016-08-01 08:54:00,2016-08-01 08:55:00,5591.0,5589.0,5590.0,5589.0,5592.0,5593.0,5593.0,5591.0,2
2016-08-01 08:55:00,2016-08-01 08:57:00,5590.0,5589.0,5589.0,5589.0,5591.0,5590.0,5591.0,5590.0,5
2016-08-01 08:57:00,2016-08-01 08:58:00,5589.0,5589.0,5589.0,5588.0,5590.0,5590.0,5590.0,5589.0,6
2016-08-01 08:58:00,2016-08-01 08:59:00,5589.0,5588.0,5589.0,5588.0,5590.0,5590.0,5590.0,5590.0,3
2016-08-01 08:59:00,2016-08-01 09:00:00,5588.0,5591.0,5592.0,5588.0,5590.0,5592.0,5593.0,5590.0,11
2016-08-01 09:00:00,2016-08-01 09:01:00,5591.0,5591.0,5592.0,5591.0,5592.0,5593.0,5593.0,5593.0,3
2016-08-01 09:01:00,2016-08-01 09:02:00,5591.0,5590.0,5591.0,5590.0,5593.0,5591.0,5592.0,5591.0,5
2016-08-01 09:02:00,2016-08-01 09:05:00,5590.0,5589.0,5589.0,5589.0,5591.0,5593.0,5593.0,5593.0,1
2016-08-01 09:05:00,2016-08-01 09:06:00,5589.0,5590.0,5590.0,5590.0,5593.0,5591.0,5591.0,5591.0,1
2016-08-01 09:06:00,2016-08-01 09:08:00,5590.0,5590.0,5590.0,5589.0,5591.0,5591.0,5593.0,5590.0,5
2016-08-01 09:08:00,2016-08-01 09:09:00,5590.0,5590.0,5590.0,5589.0,5591.0,5591.0,5591.0,5591.0,2
2016-08-01 09:09:00,2016-08-01 09:10:00,5590.0,5590.0,5591.0,5590.0,5591.0,5592.0,5592.0,5591.0,5
2016-08-01 09:10:00,2016-08-01 09:11:00,5590.0,5590.0,5590.0,5590.0,5592.0,5591.0,5591.0,5591.0,1
2016-08-01 09:11:00,2016-08-01 09:12:00,5590.0,5588.0,5589.0,5588.0,5591.0,5589.0,5591.0,5589.0,8
2016-08-01 09:12:00,2016-08-01 09:13:00,5588.0,5589.0,5589.0,5588.0,5589.0,5591.0,5591.0,5590.0,5
2016-08-01 09:13:00,2016-08-01 09:14:00,5589.0,5590.0,5591.0,5589.0,5591.0,5592.0,5592.0,5590.0,7
2016-08-01 09:14:00,2016-08-01 09:15:00,5590.0,5590.0,5591.0,5590.0,5592.0,5591.0,5592.0,5591.0,2
2016-08-01 09:15:00,2016-08-01 09:17:00,5590.0,5590.0,5590.0,5590.0,5591.0,5591.0,5592.0,5591.0,2
2016-08-01 09:17:00,2016-08-01 09:18:00,5590.0,5589.0,5589.0,5588.0,5591.0,5590.0,5590.0,5590.0,3
2016-08-01 09:18:00,2016-08-01 09:20:00,5588.0,5588.0,5588.0,5587.0,5589.0,5589.0,5591.0,5589.0,3
2016-08-01 09:20:00,2016-08-01 09:25:00,5587.0,5587.0,5587.0,5586.0,5588.0,5588.0,5588.0,5588.0,2
2016-08-01 09:25:00,2016-08-01 09:26:00,5587.0,5585.0,5587.0,5585.0,5588.0,5586.0,5588.0,5586.0,9
2016-08-01 09:26:00,2016-08-01 09:27:00,5585.0,5586.0,5586.0,5585.0,5586.0,5587.0,5587.0,5586.0,10
2016-08-01 09:27:00,2016-08-01 09:29:00,5587.0,5586.0,5587.0,5586.0,5588.0,5588.0,5588.0,5587.0,4
2016-08-01 09:29:00,2016-08-01 09:30:00,5586.0,5584.0,5585.0,5584.0,5588.0,5590.0,5590.0,5589.0,2
2016-08-01 09:30:00,2016-08-01 09:31:00,5584.0,5586.0,5586.0,5586.0,5590.0,5588.0,5588.0,5588.0,1
2016-08-01 09:31:00,2016-08-01 09:32:00,5586.0,5586.0,5586.0,5585.0,5588.0,5588.0,5589.0,5587.0,6
2016-08-01 09:32:00,2016-08-01 09:33:00,5586.0,5585.0,5586.0,5585.0,5588.0,5587.0,5587.0,5586.0,4
2016-08-01 09:33:00,2016-08-01 09:34:00,5585.0,5586.0,5587.0,5586.0,5587.0,5588.0,5588.0,5587.0,4
2016-08-01 09:34:00,2016-08-01 09:39:00,5586.0,5587.0,5587.0,5587.0,5588.0,5588.0,5588.0,5588.0,1
2016-08-01 09:39:00,2016-08-01 09:42:00,5588.0,5587.0,5587.0,5586.0,5589.0,5588.0,5590.0,5588.0,5
2016-08-01 09:42:00,2016-08-01 09:43:00,5587.0,5587.0,5587.0,5587.0,5588.0,5589.0,5589.0,5589.0,1
2016-08-01 09:43:00,2016-08-01 09:44:00,5587.0,5587.0,5587.0,5587.0,5589.0,5588.0,5588.0,5588.0,1
2016-08-01 09:44:00,2016-08-01 09:45:00,5587.0,5587.0,5588.0,5585.0,5588.0,5589.0,5590.0,5588.0,9
2016-08-01 09:45:00,2016-08-01 09:46:00,5587.0,5586.0,5587.0,5586.0,5589.0,5588.0,5588.0,5587.0,4
2016-08-01 09:46:00,2016-08-01 09:47:00,5586.0,5586.0,5586.0,5586.0,5588.0,5587.0,5588.0,5587.0,3
2016-08-01 09:47:00,2016-08-01 09:49:00,5585.0,5583.0,5584.0,5583.0,5586.0,5584.0,5586.0,5584.0,6
2016-08-01 09:49:00,2016-08-01 09:50:00,5583.0,5582.0,5583.0,5582.0,5584.0,5584.0,5584.0,5583.0,14
2016-08-01 09:50:00,2016-08-01 09:51:00,5582.0,5583.0,5583.0,5582.0,5584.0,5584.0,5584.0,5583.0,5
2016-08-01 09:51:00,2016-08-01 09:53:00,5583.0,5583.0,5584.0,5583.0,5584.0,5585.0,5585.0,5585.0,4
2016-08-01 09:53:00,2016-08-01 09:54:00,5583.0,5584.0,5585.0,5584.0,5585.0,5586.0,5586.0,5585.0,3
2016-08-01 09:54:00,2016-08-01 10:00:00,5583.0,5580.0,5583.0,5580.0,5584.0,5581.0,5585.0,5581.0,16
2016-08-01 10:00:00,2016-08-01 10:02:00,5581.0,5581.0,5581.0,5580.0,5582.0,5583.0,5583.0,5582.0,2
2016-08-01 10:02:00,2016-08-01 10:03:00,5581.0,5583.0,5584.0,5582.0,5583.0,5585.0,5585.0,5583.0,5
2016-08-01 10:03:00,2016-08-01 10:04:00,5583.0,5585.0,5585.0,5584.0,5585.0,5586.0,5586.0,5585.0,6
2016-08-01 10:04:00,2016-08-01 10:07:00,5585.0,5585.0,5585.0,5584.0,5586.0,5586.0,5588.0,5586.0,2
2016-08-01 10:07:00,2016-08-01 10:09:00,5584.0,5584.0,5584.0,5583.0,5586.0,5585.0,5587.0,5585.0,6
2016-08-01 10:09:00,2016-08-01 10:10:00,5584.0,5585.0,5585.0,5585.0,5585.0,5586.0,5586.0,5586.0,1
2016-08-01 10:10:00,2016-08-01 10:16:00,5585.0,5585.0,5586.0,5585.0,5587.0,5586.0,5587.0,5586.0,8
2016-08-01 10:16:00,2016-08-01 10:17:00,5585.0,5585.0,5586.0,5585.0,5586.0,5586.0,5587.0,5586.0,6
2016-08-01 10:17:00,2016-08-01 10:19:00,5585.0,5586.0,5586.0,5583.0,5586.0,5587.0,5588.0,5586.0,6
2016-08-01 10:19:00,2016-08-01 10:20:00,5586.0,5585.0,5586.0,5584.0,5587.0,5586.0,5587.0,5585.0,18
2016-08-01 10:20:00,2016-08-01 10:21:00,5585.0,5584.0,5586.0,5584.0,5586.0,5586.0,5587.0,5585.0,5
2016-08-01 10:21:00,2016-08-01 10:22:00,5584.0,5586.0,5586.0,5584.0,5586.0,5587.0,5587.0,5586.0,5
2016-08-01 10:22:00,2016-08-01 10:24:00,5585.0,5586.0,5586.0,5584.0,5587.0,5587.0,5587.0,5586.0,8
2016-08-01 10:24:00,2016-08-01 10:25:00,5586.0,5585.0,5587.0,5585.0,5587.0,5587.0,5588.0,5587.0,12
2016-08-01 10:25:00,2016-08-01 10:29:00,5585.0,5586.0,5587.0,5585.0,5587.0,5588.0,5588.0,5586.0,9
2016-08-01 10:29:00,2016-08-01 10:30:00,5586.0,5585.0,5586.0,5584.0,5588.0,5587.0,5587.0,5585.0,8
2016-08-01 10:30:00,2016-08-01 10:31:00,5585.0,5586.0,5587.0,5585.0,5587.0,5588.0,5589.0,5586.0,13
2016-08-01 10:31:00,2016-08-01 10:34:00,5586.0,5585.0,5585.0,5585.0,5588.0,5587.0,5589.0,5587.0,2
2016-08-01 10:34:00,2016-08-01 10:36:00,5585.0,5584.0,5585.0,5584.0,5586.0,5586.0,5586.0,5585.0,5
2016-08-01 10:36:00,2016-08-01 10:37:00,5584.0,5584.0,5585.0,5584.0,5586.0,5585.0,5586.0,5585.0,6
2016-08-01 10:37:00,2016-08-01 10:38:00,5584.0,5583.0,5583.0,5583.0,5585.0,5584.0,5584.0,5584.0,1
2016-08-01 10:38:00,2016-08-01 10:41:00,5582.0,5582.0,5582.0,5581.0,5583.0,5584.0,5584.0,5582.0,4
2016-08-01 10:41:00,2016-08-01 10:42:00,5582.0,5582.0,5582.0,5581.0,5584.0,5583.0,5583.0,5582.0,4
2016-08-01 10:42:00,2016-08-01 10:43:00,5582.0,5582.0,5582.0,5581.0,5583.0,5583.0,5585.0,5583.0,4
2016-08-01 10:43:00,2016-08-01 10:44:00,5582.0,5583.0,5583.0,5583.0,5583.0,5584.0,5584.0,5584.0,1
2016-08-01 10:44:00,2016-08-01 10:45:00,5583.0,5580.0,5582.0,5580.0,5584.0,5581.0,5583.0,5581.0,8
2016-08-01 10:45:00,2016-08-01 10:47:00,5580.0,5582.0,5582.0,5580.0,5581.0,5583.0,5583.0,5582.0,3
2016-08-01 10:47:00,2016-08-01 10:48:00,5582.0,5582.0,5582.0,5581.0,5583.0,5583.0,5583.0,5583.0,6
2016-08-01 10:48:00,2016-08-01 10:50:00,5582.0,5581.0,5582.0,5581.0,5583.0,5582.0,5583.0,5582.0,4
2016-08-01 10:50:00,2016-08-01 10:56:00,5581.0,5582.0,5582.0,5579.0,5583.0,5583.0,5585.0,5583.0,4
2016-08-01 10:56:00,2016-08-01 10:58:00,5582.0,5580.0,5581.0,5580.0,5583.0,5585.0,5585.0,5585.0,2
2016-08-01 10:58:00,2016-08-01 10:59:00,5580.0,5583.0,5583.0,5582.0,5585.0,5584.0,5584.0,5583.0,7
2016-08-01 10:59:00,2016-08-01 11:00:00,5583.0,5581.0,5582.0,5581.0,5584.0,5583.0,5583.0,5582.0,6
2016-08-01 11:00:00,2016-08-01 11:01:00,5581.0,5582.0,5582.0,5582.0,5583.0,5583.0,5584.0,5583.0,3
2016-08-01 11:01:00,2016-08-01 11:04:00,5582.0,5582.0,5583.0,5582.0,5584.0,5584.0,5584.0,5583.0,3
2016-08-01 11:04:00,2016-08-01 11:08:00,5583.0,5582.0,5582.0,5582.0,5584.0,5584.0,5586.0,5584.0,2
2016-08-01 11:08:00,2016-08-01 11:10:00,5583.0,5581.0,5582.0,5581.0,5584.0,5582.0,5584.0,5582.0,4
2016-08-01 11:10:00,2016-08-01 11:12:00,5580.0,5580.0,5581.0,5580.0,5581.0,5582.0,5582.0,5582.0,3
2016-08-01 11:12:00,2016-08-01 11:13:00,5580.0,5582.0,5582.0,5580.0,5582.0,5583.0,5583.0,5582.0,7
2016-08-01 11:13:00,2016-08-01 11:17:00,5580.0,5581.0,5581.0,5581.0,5582.0,5583.0,5583.0,5582.0,3
2016-08-01 11:17:00,2016-08-01 11:18:00,5581.0,5582.0,5582.0,5581.0,5583.0,5583.0,5583.0,5582.0,2
2016-08-01 11:18:00,2016-08-01 11:20:00,5582.0,5581.0,5581.0,5579.0,5583.0,5582.0,5583.0,5582.0,5
2016-08-01 11:20:00,2016-08-01 11:23:00,5581.0,5580.0,5581.0,5580.0,5582.0,5582.0,5584.0,5581.0,12
2016-08-01 11:23:00,2016-08-01 11:28:00,5581.0,5581.0,5582.0,5581.0,5582.0,5582.0,5583.0,5582.0,2
2016-08-01 11:28:00,2016-08-01 11:31:00,5582.0,5582.0,5583.0,5582.0,5583.0,5583.0,5584.0,5583.0,6
2016-08-01 11:31:00,2016-08-01 11:32:00,5582.0,5583.0,5583.0,5582.0,5583.0,5584.0,5586.0,5584.0,4
2016-08-01 11:32:00,2016-08-01 11:33:00,5583.0,5583.0,5584.0,5583.0,5584.0,5585.0,5585.0,5585.0,5
2016-08-01 11:33:00,2016-08-01 11:34:00,5583.0,5584.0,5585.0,5584.0,5585.0,5585.0,5586.0,5585.0,5
2016-08-01 11:34:00,2016-08-01 11:35:00,5584.0,5584.0,5585.0,5582.0,5585.0,5586.0,5588.0,5586.0,6
2016-08-01 11:35:00,2016-08-01 11:41:00,5585.0,5585.0,5585.0,5584.0,5586.0,5586.0,5587.0,5585.0,15
2016-08-01 11:41:00,2016-08-01 11:42:00,5585.0,5584.0,5584.0,5584.0,5586.0,5585.0,5586.0,5585.0,4
2016-08-01 11:42:00,2016-08-01 11:43:00,5584.0,5584.0,5585.0,5583.0,5585.0,5585.0,5586.0,5585.0,7
2016-08-01 11:43:00,2016-08-01 11:44:00,5584.0,5583.0,5584.0,5583.0,5585.0,5585.0,5586.0,5585.0,5
2016-08-01 11:44:00,2016-08-01 11:45:00,5583.0,5585.0,5585.0,5584.0,5585.0,5586.0,5586.0,5585.0,5
2016-08-01 11:45:00,2016-08-01 11:47:00,5585.0,5584.0,5584.0,5583.0,5586.0,5586.0,5587.0,5586.0,3
2016-08-01 11:47:00,2016-08-01 11:48:00,5584.0,5586.0,5586.0,5585.0,5586.0,5588.0,5588.0,5586.0,4
2016-08-01 11:48:00,2016-08-01 11:49:00,5586.0,5585.0,5585.0,5585.0,5588.0,5587.0,5587.0,5587.0,1
2016-08-01 11:49:00,2016-08-01 11:50:00,5585.0,5586.0,5586.0,5585.0,5587.0,5587.0,5587.0,5586.0,9
2016-08-01 11:50:00,2016-08-01 11:53:00,5586.0,5586.0,5586.0,5586.0,5587.0,5587.0,5588.0,5587.0,2
2016-08-01 11:53:00,2016-08-01 11:55:00,5587.0,5586.0,5588.0,5586.0,5588.0,5588.0,5589.0,5588.0,5
2016-08-01 11:55:00,2016-08-01 11:56:00,5586.0,5586.0,5587.0,5586.0,5588.0,5587.0,5588.0,5587.0,9
2016-08-01 11:56:00,2016-08-01 11:57:00,5586.0,5586.0,5586.0,5585.0,5587.0,5587.0,5589.0,5587.0,10
2016-08-01 11:57:00,2016-08-01 11:58:00,5586.0,5585.0,5586.0,5585.0,5587.0,5586.0,5588.0,5586.0,4
2016-08-01 11:58:00,2016-08-01 11:59:00,5585.0,5584.0,5585.0,5584.0,5586.0,5586.0,5588.0,5585.0,5
2016-08-01 11:59:00,2016-08-01 12:02:00,5584.0,5585.0,5586.0,5585.0,5585.0,5587.0,5587.0,5586.0,4
2016-08-01 12:02:00,2016-08-01 12:03:00,5585.0,5585.0,5585.0,5584.0,5587.0,5586.0,5586.0,5586.0,5
2016-08-01 12:03:00,2016-08-01 12:05:00,5584.0,5585.0,5585.0,5584.0,5585.0,5586.0,5586.0,5586.0,3
2016-08-01 12:05:00,2016-08-01 12:07:00,5585.0,5584.0,5585.0,5584.0,5586.0,5586.0,5586.0,5585.0,7
2016-08-01 12:07:00,2016-08-01 12:08:00,5584.0,5584.0,5585.0,5584.0,5586.0,5586.0,5586.0,5585.0,4
2016-08-01 12:08:00,2016-08-01 12:09:00,5584.0,5584.0,5584.0,5583.0,5586.0,5585.0,5587.0,5585.0,3
2016-08-01 12:09:00,2016-08-01 12:17:00,5583.0,5582.0,5583.0,5582.0,5585.0,5583.0,5584.0,5583.0,3
2016-08-01 12:17:00,2016-08-01 12:20:00,5583.0,5582.0,5582.0,5582.0,5584.0,5584.0,5584.0,5583.0,2
2016-08-01 12:20:00,2016-08-01 12:21:00,5582.0,5583.0,5583.0,5582.0,5584.0,5584.0,5584.0,5583.0,3
2016-08-01 12:21:00,2016-08-01 12:22:00,5583.0,5582.0,5583.0,5582.0,5584.0,5583.0,5586.0,5583.0,4
2016-08-01 12:22:00,2016-08-01 12:34:00,5582.0,5584.0,5584.0,5581.0,5584.0,5585.0,5585.0,5584.0,4
2016-08-01 12:34:00,2016-08-01 12:36:00,5585.0,5582.0,5584.0,5582.0,5586.0,5583.0,5586.0,5583.0,9
2016-08-01 12:36:00,2016-08-01 12:39:00,5581.0,5580.0,5582.0,5580.0,5582.0,5582.0,5583.0,5582.0,7
2016-08-01 12:39:00,2016-08-01 12:40:00,5580.0,5582.0,5582.0,5581.0,5582.0,5583.0,5583.0,5582.0,4
2016-08-01 12:40:00,2016-08-01 12:42:00,5581.0,5581.0,5582.0,5581.0,5583.0,5582.0,5583.0,5582.0,7
2016-08-01 12:42:00,2016-08-01 12:46:00,5581.0,5581.0,5581.0,5579.0,5583.0,5582.0,5583.0,5582.0,7
2016-08-01 12:46:00,2016-08-01 12:48:00,5581.0,5579.0,5580.0,5579.0,5582.0,5583.0,5583.0,5582.0,2
2016-08-01 12:48:00,2016-08-01 12:49:00,5579.0,5580.0,5580.0,5580.0,5583.0,5582.0,5582.0,5582.0,1
2016-08-01 12:49:00,2016-08-01 12:50:00,5580.0,5579.0,5580.0,5579.0,5582.0,5580.0,5581.0,5580.0,4
2016-08-01 12:50:00,2016-08-01 12:58:00,5578.0,5578.0,5578.0,5577.0,5579.0,5579.0,5581.0,5579.0,4
2016-08-01 12:58:00,2016-08-01 12:59:00,5578.0,5579.0,5579.0,5578.0,5579.0,5580.0,5580.0,5580.0,3
2016-08-01 12:59:00,2016-08-01 13:02:00,5580.0,5580.0,5581.0,5580.0,5581.0,5581.0,5582.0,5581.0,2
2016-08-01 13:02:00,2016-08-01 13:06:00,5579.0,5580.0,5581.0,5579.0,5581.0,5581.0,5582.0,5581.0,7
2016-08-01 13:06:00,2016-08-01 13:11:00,5579.0,5579.0,5579.0,5578.0,5581.0,5580.0,5582.0,5580.0,2
2016-08-01 13:11:00,2016-08-01 13:16:00,5579.0,5580.0,5580.0,5579.0,5580.0,5581.0,5581.0,5580.0,5
2016-08-01 13:16:00,2016-08-01 13:18:00,5580.0,5580.0,5581.0,5580.0,5581.0,5582.0,5582.0,5581.0,4
2016-08-01 13:18:00,2016-08-01 13:19:00,5580.0,5581.0,5581.0,5580.0,5582.0,5582.0,5582.0,5581.0,3
2016-08-01 13:19:00,2016-08-01 13:20:00,5581.0,5579.0,5581.0,5579.0,5582.0,5581.0,5582.0,5580.0,8
2016-08-01 13:20:00,2016-08-01 13:22:00,5579.0,5579.0,5580.0,5579.0,5581.0,5581.0,5581.0,5580.0,3
2016-08-01 13:22:00,2016-08-01 13:23:00,5579.0,5579.0,5579.0,5578.0,5581.0,5580.0,5582.0,5580.0,5
2016-08-01 13:23:00,2016-08-01 13:25:00,5579.0,5580.0,5581.0,5579.0,5580.0,5582.0,5584.0,5581.0,5
2016-08-01 13:25:00,2016-08-01 13:26:00,5580.0,5582.0,5582.0,5581.0,5582.0,5583.0,5583.0,5582.0,5
2016-08-01 13:26:00,2016-08-01 13:28:00,5581.0,5580.0,5581.0,5580.0,5583.0,5581.0,5582.0,5581.0,3
2016-08-01 13:28:00,2016-08-01 13:30:00,5579.0,5579.0,5579.0,5577.0,5580.0,5581.0,5582.0,5578.0,14
2016-08-01 13:30:00,2016-08-01 13:31:00,5579.0,5579.0,5579.0,5578.0,5581.0,5580.0,5581.0,5579.0,6
2016-08-01 13:31:00,2016-08-01 13:32:00,5579.0,5577.0,5578.0,5577.0,5580.0,5578.0,5580.0,5578.0,6
2016-08-01 13:32:00,2016-08-01 13:33:00,5577.0,5578.0,5579.0,5577.0,5578.0,5580.0,5580.0,5579.0,9
2016-08-01 13:33:00,2016-08-01 13:34:00,5578.0,5575.0,5577.0,5575.0,5580.0,5577.0,5579.0,5577.0,6
2016-08-01 13:34:00,2016-08-01 13:35:00,5575.0,5572.0,5575.0,5572.0,5577.0,5574.0,5578.0,5573.0,16
2016-08-01 13:35:00,2016-08-01 13:36:00,5572.0,5573.0,5573.0,5572.0,5574.0,5574.0,5574.0,5573.0,7
2016-08-01 13:36:00,2016-08-01 13:37:00,5573.0,5570.0,5573.0,5569.0,5574.0,5571.0,5574.0,5570.0,36
2016-08-01 13:37:00,2016-08-01 13:38:00,5570.0,5571.0,5571.0,5569.0,5571.0,5572.0,5573.0,5570.0,6
2016-08-01 13:38:00,2016-08-01 13:39:00,5571.0,5568.0,5571.0,5568.0,5572.0,5569.0,5572.0,5569.0,17
2016-08-01 13:39:00,2016-08-01 13:40:00,5568.0,5567.0,5568.0,5567.0,5569.0,5570.0,5570.0,5568.0,5
2016-08-01 13:40:00,2016-08-01 13:41:00,5567.0,5568.0,5569.0,5567.0,5570.0,5572.0,5572.0,5568.0,10
2016-08-01 13:41:00,2016-08-01 13:42:00,5568.0,5572.0,5572.0,5568.0,5572.0,5573.0,5574.0,5570.0,13
2016-08-01 13:42:00,2016-08-01 13:44:00,5571.0,5572.0,5572.0,5571.0,5573.0,5574.0,5574.0,5572.0,6
2016-08-01 13:44:00,2016-08-01 13:45:00,5572.0,5574.0,5574.0,5573.0,5574.0,5575.0,5576.0,5574.0,5
2016-08-01 13:45:00,2016-08-01 13:47:00,5576.0,5575.0,5575.0,5573.0,5577.0,5576.0,5577.0,5574.0,31
2016-08-01 13:47:00,2016-08-01 13:48:00,5575.0,5573.0,5575.0,5573.0,5576.0,5574.0,5576.0,5574.0,13
2016-08-01 13:48:00,2016-08-01 13:50:00,5572.0,5572.0,5573.0,5571.0,5573.0,5573.0,5575.0,5572.0,12
2016-08-01 13:50:00,2016-08-01 13:51:00,5572.0,5574.0,5574.0,5572.0,5573.0,5575.0,5575.0,5574.0,5
2016-08-01 13:51:00,2016-08-01 13:52:00,5574.0,5573.0,5574.0,5573.0,5575.0,5574.0,5575.0,5574.0,9
2016-08-01 13:52:00,2016-08-01 13:56:00,5574.0,5572.0,5573.0,5571.0,5575.0,5574.0,5575.0,5573.0,6
2016-08-01 13:56:00,2016-08-01 13:59:00,5574.0,5575.0,5575.0,5574.0,5575.0,5577.0,5577.0,5576.0,5
2016-08-01 13:59:00,2016-08-01 14:00:00,5575.0,5575.0,5578.0,5573.0,5577.0,5576.0,5579.0,5574.0,25
2016-08-01 14:00:00,2016-08-01 14:01:00,5575.0,5577.0,5578.0,5575.0,5576.0,5578.0,5579.0,5576.0,17
2016-08-01 14:01:00,2016-08-01 14:02:00,5577.0,5575.0,5576.0,5574.0,5578.0,5576.0,5580.0,5576.0,8
2016-08-01 14:02:00,2016-08-01 14:03:00,5575.0,5575.0,5575.0,5574.0,5576.0,5576.0,5576.0,5575.0,8
2016-08-01 14:03:00,2016-08-01 14:04:00,5575.0,5573.0,5575.0,5573.0,5576.0,5574.0,5576.0,5574.0,11
2016-08-01 14:04:00,2016-08-01 14:05:00,5573.0,5576.0,5577.0,5572.0,5574.0,5577.0,5578.0,5574.0,12
2016-08-01 14:05:00,2016-08-01 14:06:00,5576.0,5577.0,5577.0,5574.0,5577.0,5578.0,5578.0,5576.0,11
2016-08-01 14:06:00,2016-08-01 14:07:00,5577.0,5577.0,5577.0,5576.0,5578.0,5578.0,5579.0,5578.0,10
2016-08-01 14:07:00,2016-08-01 14:08:00,5577.0,5578.0,5578.0,5576.0,5578.0,5579.0,5579.0,5577.0,6
2016-08-01 14:08:00,2016-08-01 14:09:00,5578.0,5576.0,5578.0,5576.0,5579.0,5578.0,5580.0,5578.0,4
2016-08-01 14:09:00,2016-08-01 14:10:00,5576.0,5577.0,5578.0,5577.0,5578.0,5578.0,5579.0,5578.0,5
2016-08-01 14:10:00,2016-08-01 14:11:00,5577.0,5577.0,5578.0,5576.0,5578.0,5579.0,5581.0,5578.0,9
2016-08-01 14:11:00,2016-08-01 14:12:00,5577.0,5577.0,5578.0,5576.0,5579.0,5579.0,5580.0,5579.0,4
2016-08-01 14:12:00,2016-08-01 14:13:00,5577.0,5576.0,5577.0,5576.0,5579.0,5578.0,5578.0,5577.0,7
2016-08-01 14:13:00,2016-08-01 14:14:00,5576.0,5577.0,5577.0,5577.0,5578.0,5578.0,5579.0,5578.0,4
2016-08-01 14:14:00,2016-08-01 14:15:00,5577.0,5580.0,5580.0,5576.0,5578.0,5581.0,5581.0,5579.0,7
2016-08-01 14:15:00,2016-08-01 14:16:00,5580.0,5581.0,5581.0,5579.0,5581.0,5582.0,5583.0,5581.0,8
2016-08-01 14:16:00,2016-08-01 14:17:00,5581.0,5583.0,5583.0,5581.0,5582.0,5584.0,5584.0,5582.0,10
2016-08-01 14:17:00,2016-08-01 14:18:00,5583.0,5582.0,5583.0,5582.0,5584.0,5583.0,5584.0,5583.0,6
2016-08-01 14:18:00,2016-08-01 14:19:00,5582.0,5582.0,5583.0,5581.0,5583.0,5584.0,5585.0,5583.0,8
2016-08-01 14:19:00,2016-08-01 14:21:00,5582.0,5580.0,5583.0,5580.0,5583.0,5581.0,5584.0,5581.0,12
2016-08-01 14:21:00,2016-08-01 14:22:00,5580.0,5580.0,5581.0,5580.0,5581.0,5582.0,5582.0,5581.0,7
2016-08-01 14:22:00,2016-08-01 14:24:00,5581.0,5579.0,5580.0,5579.0,5582.0,5581.0,5582.0,5580.0,9
2016-08-01 14:24:00,2016-08-01 14:25:00,5579.0,5582.0,5582.0,5580.0,5581.0,5583.0,5585.0,5581.0,6
2016-08-01 14:25:00,2016-08-01 14:26:00,5582.0,5581.0,5584.0,5581.0,5583.0,5585.0,5585.0,5583.0,16
2016-08-01 14:26:00,2016-08-01 14:27:00,5581.0,5582.0,5582.0,5582.0,5585.0,5583.0,5583.0,5583.0,1
2016-08-01 14:27:00,2016-08-01 14:28:00,5582.0,5581.0,5581.0,5580.0,5583.0,5582.0,5583.0,5582.0,4
2016-08-01 14:28:00,2016-08-01 14:29:00,5581.0,5581.0,5581.0,5580.0,5582.0,5583.0,5583.0,5581.0,5
2016-08-01 14:29:00,2016-08-01 14:30:00,5581.0,5582.0,5583.0,5581.0,5583.0,5583.0,5585.0,5582.0,10
2016-08-01 14:30:00,2016-08-01 14:31:00,5582.0,5581.0,5582.0,5581.0,5583.0,5582.0,5583.0,5582.0,9
2016-08-01 14:31:00,2016-08-01 14:32:00,5581.0,5582.0,5582.0,5581.0,5582.0,5583.0,5583.0,5582.0,9
2016-08-01 14:32:00,2016-08-01 14:33:00,5582.0,5582.0,5583.0,5582.0,5583.0,5584.0,5586.0,5583.0,8
2016-08-01 14:33:00,2016-08-01 14:34:00,5582.0,5581.0,5583.0,5581.0,5584.0,5583.0,5584.0,5582.0,14
2016-08-01 14:34:00,2016-08-01 14:35:00,5581.0,5581.0,5582.0,5581.0,5583.0,5582.0,5583.0,5582.0,10
2016-08-01 14:35:00,2016-08-01 14:36:00,5581.0,5581.0,5581.0,5579.0,5582.0,5582.0,5584.0,5582.0,7
2016-08-01 14:36:00,2016-08-01 14:37:00,5581.0,5580.0,5580.0,5578.0,5582.0,5581.0,5582.0,5580.0,14
2016-08-01 14:37:00,2016-08-01 14:38:00,5580.0,5579.0,5579.0,5578.0,5581.0,5581.0,5581.0,5580.0,9
2016-08-01 14:38:00,2016-08-01 14:39:00,5579.0,5578.0,5579.0,5577.0,5581.0,5579.0,5580.0,5578.0,11
2016-08-01 14:39:00,2016-08-01 14:40:00,5578.0,5579.0,5579.0,5578.0,5579.0,5581.0,5581.0,5580.0,3
2016-08-01 14:40:00,2016-08-01 14:41:00,5579.0,5579.0,5581.0,5579.0,5581.0,5581.0,5582.0,5580.0,7
2016-08-01 14:41:00,2016-08-01 14:43:00,5579.0,5582.0,5582.0,5579.0,5581.0,5583.0,5583.0,5581.0,10
2016-08-01 14:43:00,2016-08-01 14:44:00,5582.0,5580.0,5581.0,5580.0,5583.0,5582.0,5583.0,5582.0,3
2016-08-01 14:44:00,2016-08-01 14:45:00,5580.0,5580.0,5581.0,5579.0,5582.0,5581.0,5582.0,5581.0,5
2016-08-01 14:45:00,2016-08-01 14:47:00,5580.0,5581.0,5582.0,5580.0,5581.0,5583.0,5585.0,5582.0,7
2016-08-01 14:47:00,2016-08-01 14:48:00,5581.0,5583.0,5584.0,5581.0,5583.0,5584.0,5585.0,5582.0,7
2016-08-01 14:48:00,2016-08-01 14:50:00,5583.0,5584.0,5584.0,5584.0,5584.0,5585.0,5585.0,5585.0,1
2016-08-01 14:50:00,2016-08-01 14:51:00,5584.0,5583.0,5585.0,5583.0,5585.0,5584.0,5588.0,5584.0,6
2016-08-01 14:51:00,2016-08-01 14:52:00,5583.0,5583.0,5583.0,5583.0,5584.0,5584.0,5585.0,5584.0,6
2016-08-01 14:52:00,2016-08-01 14:54:00,5583.0,5582.0,5583.0,5582.0,5584.0,5583.0,5585.0,5583.0,5
2016-08-01 14:54:00,2016-08-01 14:55:00,5582.0,5583.0,5583.0,5582.0,5583.0,5585.0,5585.0,5583.0,6
2016-08-01 14:55:00,2016-08-01 14:56:00,5583.0,5581.0,5583.0,5581.0,5585.0,5583.0,5585.0,5582.0,8
2016-08-01 14:56:00,2016-08-01 14:57:00,5581.0,5583.0,5583.0,5581.0,5583.0,5584.0,5584.0,5582.0,8
2016-08-01 14:57:00,2016-08-01 15:00:00,5583.0,5583.0,5583.0,5582.0,5584.0,5584.0,5586.0,5583.0,8
2016-08-01 15:00:00,2016-08-01 15:01:00,5583.0,5584.0,5584.0,5582.0,5584.0,5585.0,5586.0,5583.0,7
2016-08-01 15:01:00,2016-08-01 15:02:00,5584.0,5584.0,5585.0,5582.0,5585.0,5585.0,5587.0,5585.0,11
2016-08-01 15:02:00,2016-08-01 15:03:00,5584.0,5584.0,5584.0,5583.0,5585.0,5585.0,5585.0,5584.0,5
2016-08-01 15:03:00,2016-08-01 15:04:00,5584.0,5584.0,5585.0,5583.0,5585.0,5586.0,5586.0,5584.0,11
2016-08-01 15:04:00,2016-08-01 15:05:00,5584.0,5587.0,5587.0,5584.0,5586.0,5588.0,5588.0,5585.0,12
2016-08-01 15:05:00,2016-08-01 15:07:00,5587.0,5589.0,5589.0,5588.0,5588.0,5590.0,5590.0,5589.0,5
2016-08-01 15:07:00,2016-08-01 15:08:00,5589.0,5589.0,5589.0,5588.0,5590.0,5590.0,5591.0,5589.0,7
2016-08-01 15:08:00,2016-08-01 15:10:00,5588.0,5591.0,5591.0,5587.0,5590.0,5592.0,5593.0,5590.0,6
2016-08-01 15:10:00,2016-08-01 15:13:00,5590.0,5591.0,5591.0,5589.0,5591.0,5592.0,5593.0,5591.0,5
2016-08-01 15:13:00,2016-08-01 15:14:00,5591.0,5590.0,5591.0,5590.0,5592.0,5591.0,5592.0,5591.0,7
2016-08-01 15:14:00,2016-08-01 15:15:00,5590.0,5589.0,5589.0,5588.0,5591.0,5590.0,5591.0,5589.0,6
2016-08-01 15:15:00,2016-08-01 15:16:00,5589.0,5588.0,5590.0,5588.0,5590.0,5589.0,5592.0,5589.0,8
2016-08-01 15:16:00,2016-08-01 15:20:00,5587.0,5588.0,5588.0,5587.0,5588.0,5589.0,5589.0,5589.0,4
2016-08-01 15:20:00,2016-08-01 15:21:00,5588.0,5589.0,5589.0,5586.0,5589.0,5590.0,5590.0,5588.0,12
2016-08-01 15:21:00,2016-08-01 15:25:00,5588.0,5589.0,5589.0,5587.0,5589.0,5591.0,5591.0,5589.0,4
2016-08-01 15:25:00,2016-08-01 15:26:00,5589.0,5590.0,5590.0,5590.0,5591.0,5591.0,5591.0,5591.0,1
2016-08-01 15:26:00,2016-08-01 15:27:00,5590.0,5588.0,5590.0,5588.0,5591.0,5590.0,5593.0,5590.0,7
2016-08-01 15:27:00,2016-08-01 15:28:00,5588.0,5586.0,5588.0,5586.0,5590.0,5587.0,5591.0,5587.0,7
2016-08-01 15:28:00,2016-08-01 15:29:00,5586.0,5585.0,5587.0,5585.0,5587.0,5586.0,5588.0,5586.0,9
2016-08-01 15:29:00,2016-08-01 15:30:00,5585.0,5586.0,5587.0,5584.0,5586.0,5588.0,5588.0,5586.0,8
2016-08-01 15:30:00,2016-08-01 15:31:00,5586.0,5586.0,5587.0,5584.0,5588.0,5588.0,5589.0,5586.0,12
2016-08-01 15:31:00,2016-08-01 15:32:00,5586.0,5586.0,5587.0,5585.0,5588.0,5587.0,5590.0,5587.0,12
2016-08-01 15:32:00,2016-08-01 15:33:00,5586.0,5585.0,5586.0,5584.0,5587.0,5586.0,5588.0,5585.0,6
2016-08-01 15:33:00,2016-08-01 15:35:00,5585.0,5586.0,5586.0,5585.0,5586.0,5587.0,5587.0,5586.0,8
2016-08-01 15:35:00,2016-08-01 15:37:00,5586.0,5585.0,5586.0,5585.0,5587.0,5586.0,5587.0,5586.0,6
2016-08-01 15:37:00,2016-08-01 15:38:00,5585.0,5585.0,5585.0,5584.0,5586.0,5587.0,5588.0,5587.0,2
2016-08-01 15:38:00,2016-08-01 15:39:00,5585.0,5585.0,5586.0,5585.0,5587.0,5587.0,5587.0,5587.0,2
2016-08-01 15:39:00,2016-08-01 15:40:00,5585.0,5583.0,5585.0,5583.0,5587.0,5585.0,5586.0,5585.0,4
2016-08-01 15:40:00,2016-08-01 15:44:00,5584.0,5583.0,5584.0,5583.0,5585.0,5584.0,5585.0,5584.0,10
2016-08-01 15:44:00,2016-08-01 15:45:00,5583.0,5584.0,5584.0,5583.0,5584.0,5585.0,5585.0,5584.0,5
2016-08-01 15:45:00,2016-08-01 15:46:00,5584.0,5584.0,5584.0,5583.0,5585.0,5585.0,5585.0,5585.0,2
2016-08-01 15:46:00,2016-08-01 15:49:00,5583.0,5583.0,5583.0,5582.0,5584.0,5584.0,5585.0,5584.0,4
2016-08-01 15:49:00,2016-08-01 15:50:00,5583.0,5581.0,5583.0,5581.0,5584.0,5582.0,5584.0,5582.0,18
2016-08-01 15:50:00,2016-08-01 15:52:00,5580.0,5580.0,5580.0,5579.0,5581.0,5581.0,5583.0,5581.0,2
2016-08-01 15:52:00,2016-08-01 15:55:00,5580.0,5579.0,5580.0,5579.0,5582.0,5580.0,5581.0,5580.0,3
2016-08-01 15:55:00,2016-08-01 15:56:00,5579.0,5580.0,5580.0,5579.0,5580.0,5582.0,5582.0,5580.0,6
2016-08-01 15:56:00,2016-08-01 15:57:00,5580.0,5579.0,5580.0,5579.0,5582.0,5581.0,5581.0,5581.0,2
2016-08-01 15:57:00,2016-08-01 15:59:00,5580.0,5579.0,5581.0,5579.0,5581.0,5580.0,5582.0,5580.0,4
2016-08-01 15:59:00,2016-08-01 16:00:00,5579.0,5577.0,5578.0,5577.0,5580.0,5578.0,5579.0,5578.0,3
2016-08-01 16:00:00,2016-08-01 16:04:00,5577.0,5576.0,5576.0,5576.0,5578.0,5580.0,5580.0,5580.0,1
2016-08-01 16:04:00,2016-08-01 16:05:00,5576.0,5575.0,5577.0,5575.0,5580.0,5577.0,5578.0,5577.0,6
2016-08-01 16:05:00,2016-08-01 16:08:00,5575.0,5573.0,5574.0,5573.0,5576.0,5575.0,5576.0,5575.0,3
2016-08-01 16:08:00,2016-08-01 16:09:00,5573.0,5573.0,5573.0,5572.0,5575.0,5574.0,5574.0,5573.0,7
2016-08-01 16:09:00,2016-08-01 16:10:00,5573.0,5571.0,5572.0,5571.0,5574.0,5573.0,5574.0,5572.0,4
2016-08-01 16:10:00,2016-08-01 16:11:00,5571.0,5569.0,5571.0,5569.0,5573.0,5570.0,5572.0,5570.0,13
2016-08-01 16:11:00,2016-08-01 16:13:00,5570.0,5569.0,5569.0,5569.0,5571.0,5571.0,5571.0,5571.0,1
2016-08-01 16:13:00,2016-08-01 16:14:00,5569.0,5567.0,5569.0,5565.0,5571.0,5568.0,5570.0,5568.0,8
2016-08-01 16:14:00,2016-08-01 16:15:00,5567.0,5566.0,5567.0,5566.0,5568.0,5568.0,5568.0,5567.0,14
2016-08-01 16:15:00,2016-08-01 16:16:00,5566.0,5566.0,5567.0,5566.0,5568.0,5570.0,5570.0,5567.0,5
2016-08-01 16:16:00,2016-08-01 16:17:00,5566.0,5568.0,5568.0,5566.0,5570.0,5569.0,5569.0,5567.0,7
2016-08-01 16:17:00,2016-08-01 16:19:00,5568.0,5569.0,5569.0,5568.0,5569.0,5570.0,5570.0,5569.0,9
2016-08-01 16:19:00,2016-08-01 16:20:00,5569.0,5566.0,5568.0,5566.0,5570.0,5568.0,5570.0,5567.0,14
2016-08-01 16:20:00,2016-08-01 16:21:00,5566.0,5567.0,5567.0,5565.0,5568.0,5568.0,5568.0,5566.0,6
2016-08-01 16:21:00,2016-08-01 16:24:00,5566.0,5565.0,5565.0,5564.0,5567.0,5566.0,5566.0,5565.0,4
2016-08-01 16:24:00,2016-08-01 16:25:00,5565.0,5565.0,5565.0,5564.0,5566.0,5567.0,5567.0,5566.0,4
2016-08-01 16:25:00,2016-08-01 16:26:00,5565.0,5564.0,5566.0,5564.0,5567.0,5565.0,5567.0,5565.0,5
2016-08-01 16:26:00,2016-08-01 16:27:00,5564.0,5565.0,5565.0,5563.0,5565.0,5567.0,5567.0,5564.0,12
2016-08-01 16:27:00,2016-08-01 16:29:00,5565.0,5567.0,5567.0,5565.0,5567.0,5568.0,5569.0,5567.0,5
2016-08-01 16:29:00,2016-08-01 16:30:00,5567.0,5566.0,5566.0,5565.0,5568.0,5567.0,5568.0,5566.0,6
2016-08-01 16:30:00,2016-08-01 16:31:00,5566.0,5567.0,5567.0,5565.0,5567.0,5568.0,5568.0,5566.0,4
2016-08-01 16:31:00,2016-08-01 16:32:00,5567.0,5565.0,5565.0,5565.0,5568.0,5567.0,5567.0,5567.0,1
2016-08-01 16:32:00,2016-08-01 16:34:00,5566.0,5567.0,5567.0,5566.0,5567.0,5568.0,5569.0,5568.0,3
2016-08-01 16:34:00,2016-08-01 16:35:00,5567.0,5568.0,5568.0,5567.0,5568.0,5570.0,5570.0,5568.0,6
2016-08-01 16:35:00,2016-08-01 16:38:00,5570.0,5571.0,5571.0,5571.0,5571.0,5572.0,5572.0,5572.0,1
2016-08-01 16:38:00,2016-08-01 16:40:00,5571.0,5569.0,5570.0,5569.0,5572.0,5571.0,5572.0,5571.0,3
2016-08-01 16:40:00,2016-08-01 16:42:00,5569.0,5571.0,5571.0,5570.0,5571.0,5572.0,5573.0,5571.0,8
2016-08-01 16:42:00,2016-08-01 16:43:00,5571.0,5571.0,5571.0,5570.0,5572.0,5572.0,5573.0,5571.0,6
2016-08-01 16:43:00,2016-08-01 16:45:00,5572.0,5570.0,5571.0,5570.0,5573.0,5571.0,5573.0,5571.0,4
2016-08-01 16:45:00,2016-08-01 16:46:00,5570.0,5571.0,5572.0,5570.0,5571.0,5573.0,5573.0,5571.0,6
2016-08-01 16:46:00,2016-08-01 16:47:00,5571.0,5573.0,5573.0,5572.0,5573.0,5574.0,5574.0,5573.0,6
2016-08-01 16:47:00,2016-08-01 16:50:00,5572.0,5572.0,5573.0,5572.0,5574.0,5574.0,5574.0,5573.0,3
2016-08-01 16:50:00,2016-08-01 16:51:00,5572.0,5573.0,5573.0,5572.0,5574.0,5574.0,5576.0,5574.0,4
2016-08-01 16:51:00,2016-08-01 16:52:00,5573.0,5571.0,5573.0,5571.0,5574.0,5576.0,5576.0,5574.0,3
2016-08-01 16:52:00,2016-08-01 16:53:00,5571.0,5572.0,5572.0,5570.0,5576.0,5573.0,5575.0,5573.0,5
2016-08-01 16:53:00,2016-08-01 16:55:00,5572.0,5572.0,5572.0,5571.0,5574.0,5573.0,5573.0,5573.0,3
2016-08-01 16:55:00,2016-08-01 16:56:00,5572.0,5571.0,5571.0,5570.0,5573.0,5572.0,5572.0,5572.0,3
2016-08-01 16:56:00,2016-08-01 17:00:00,5571.0,5572.0,5572.0,5570.0,5573.0,5573.0,5574.0,5572.0,5
2016-08-01 17:00:00,2016-08-01 17:02:00,5571.0,5569.0,5571.0,5569.0,5573.0,5571.0,5572.0,5571.0,4
2016-08-01 17:02:00,2016-08-01 17:04:00,5569.0,5568.0,5569.0,5568.0,5571.0,5570.0,5570.0,5569.0,6
2016-08-01 17:04:00,2016-08-01 17:07:00,5569.0,5570.0,5570.0,5569.0,5570.0,5572.0,5572.0,5571.0,3
2016-08-01 17:07:00,2016-08-01 17:08:00,5570.0,5571.0,5571.0,5570.0,5572.0,5573.0,5573.0,5571.0,4
2016-08-01 17:08:00,2016-08-01 17:13:00,5571.0,5573.0,5573.0,5571.0,5572.0,5574.0,5574.0,5573.0,3
2016-08-01 17:13:00,2016-08-01 17:15:00,5573.0,5574.0,5574.0,5573.0,5575.0,5575.0,5577.0,5574.0,4
2016-08-01 17:15:00,2016-08-01 17:18:00,5575.0,5573.0,5574.0,5573.0,5576.0,5574.0,5577.0,5574.0,4
2016-08-01 17:18:00,2016-08-01 17:22:00,5574.0,5575.0,5575.0,5574.0,5575.0,5576.0,5576.0,5576.0,3
2016-08-01 17:22:00,2016-08-01 17:27:00,5573.0,5572.0,5572.0,5572.0,5574.0,5573.0,5574.0,5573.0,3
2016-08-01 17:27:00,2016-08-01 17:28:00,5572.0,5573.0,5573.0,5571.0,5573.0,5574.0,5575.0,5574.0,3
2016-08-01 17:28:00,2016-08-01 17:31:00,5572.0,5571.0,5572.0,5571.0,5574.0,5573.0,5574.0,5573.0,4
2016-08-01 17:31:00,2016-08-01 17:32:00,5571.0,5573.0,5573.0,5572.0,5573.0,5574.0,5574.0,5573.0,3
2016-08-01 17:32:00,2016-08-01 17:36:00,5574.0,5575.0,5575.0,5575.0,5575.0,5576.0,5576.0,5576.0,1
2016-08-01 17:36:00,2016-08-01 17:38:00,5574.0,5573.0,5574.0,5573.0,5576.0,5575.0,5575.0,5575.0,2
2016-08-01 17:38:00,2016-08-01 17:40:00,5573.0,5570.0,5573.0,5570.0,5575.0,5572.0,5574.0,5572.0,8
2016-08-01 17:40:00,2016-08-01 17:41:00,5570.0,5571.0,5571.0,5569.0,5572.0,5572.0,5573.0,5570.0,10
2016-08-01 17:41:00,2016-08-01 17:42:00,5571.0,5571.0,5571.0,5570.0,5572.0,5573.0,5574.0,5572.0,4
2016-08-01 17:42:00,2016-08-01 17:44:00,5571.0,5570.0,5572.0,5570.0,5573.0,5571.0,5573.0,5571.0,9
2016-08-01 17:44:00,2016-08-01 17:46:00,5571.0,5568.0,5570.0,5568.0,5572.0,5570.0,5572.0,5569.0,8
2016-08-01 17:46:00,2016-08-01 17:52:00,5569.0,5569.0,5569.0,5568.0,5571.0,5570.0,5572.0,5570.0,5
2016-08-01 17:52:00,2016-08-01 17:53:00,5569.0,5568.0,5569.0,5568.0,5570.0,5569.0,5571.0,5569.0,3
2016-08-01 17:53:00,2016-08-01 17:55:00,5568.0,5568.0,5569.0,5567.0,5569.0,5570.0,5570.0,5569.0,5
2016-08-01 17:55:00,2016-08-01 17:58:00,5569.0,5572.0,5572.0,5569.0,5570.0,5574.0,5574.0,5571.0,13
2016-08-01 17:58:00,2016-08-01 17:59:00,5572.0,5573.0,5574.0,5573.0,5574.0,5575.0,5576.0,5575.0,9
2016-08-01 17:59:00,2016-08-01 18:00:00,5573.0,5574.0,5575.0,5574.0,5575.0,5575.0,5576.0,5575.0,9
2016-08-01 18:00:00,2016-08-01 18:01:00,5574.0,5574.0,5575.0,5574.0,5575.0,5576.0,5577.0,5576.0,6
2016-08-01 18:01:00,2016-08-01 18:02:00,5574.0,5574.0,5575.0,5573.0,5576.0,5575.0,5577.0,5575.0,7
2016-08-01 18:02:00,2016-08-01 18:03:00,5574.0,5573.0,5575.0,5573.0,5575.0,5575.0,5576.0,5575.0,4
2016-08-01 18:03:00,2016-08-01 18:05:00,5573.0,5574.0,5575.0,5574.0,5575.0,5575.0,5576.0,5575.0,4
2016-08-01 18:05:00,2016-08-01 18:09:00,5574.0,5573.0,5573.0,5572.0,5575.0,5574.0,5574.0,5573.0,4
2016-08-01 18:09:00,2016-08-01 18:10:00,5573.0,5569.0,5573.0,5568.0,5574.0,5571.0,5575.0,5569.0,19
2016-08-01 18:10:00,2016-08-01 18:11:00,5569.0,5571.0,5571.0,5569.0,5571.0,5572.0,5572.0,5570.0,6
2016-08-01 18:11:00,2016-08-01 18:13:00,5571.0,5571.0,5571.0,5570.0,5573.0,5572.0,5572.0,5572.0,3
2016-08-01 18:13:00,2016-08-01 18:14:00,5571.0,5572.0,5572.0,5571.0,5572.0,5573.0,5573.0,5572.0,5
2016-08-01 18:14:00,2016-08-01 18:15:00,5572.0,5572.0,5572.0,5571.0,5573.0,5574.0,5574.0,5573.0,6
2016-08-01 18:15:00,2016-08-01 18:16:00,5572.0,5570.0,5573.0,5570.0,5574.0,5574.0,5574.0,5572.0,9
2016-08-01 18:16:00,2016-08-01 18:17:00,5570.0,5572.0,5572.0,5571.0,5574.0,5573.0,5574.0,5573.0,6
2016-08-01 18:17:00,2016-08-01 18:19:00,5571.0,5572.0,5572.0,5571.0,5573.0,5573.0,5575.0,5572.0,11
2016-08-01 18:19:00,2016-08-01 18:20:00,5572.0,5571.0,5573.0,5571.0,5573.0,5573.0,5574.0,5573.0,4
2016-08-01 18:20:00,2016-08-01 18:23:00,5572.0,5573.0,5574.0,5573.0,5573.0,5575.0,5575.0,5574.0,5
2016-08-01 18:23:00,2016-08-01 18:25:00,5572.0,5573.0,5573.0,5573.0,5574.0,5575.0,5575.0,5575.0,1
2016-08-01 18:25:00,2016-08-01 18:26:00,5573.0,5573.0,5573.0,5572.0,5575.0,5574.0,5574.0,5574.0,3
2016-08-01 18:26:00,2016-08-01 18:29:00,5572.0,5569.0,5572.0,5569.0,5574.0,5571.0,5576.0,5570.0,13
2016-08-01 18:29:00,2016-08-01 18:31:00,5569.0,5570.0,5570.0,5568.0,5571.0,5572.0,5573.0,5570.0,7
2016-08-01 18:31:00,2016-08-01 18:33:00,5571.0,5572.0,5573.0,5571.0,5572.0,5573.0,5574.0,5573.0,8
2016-08-01 18:33:00,2016-08-01 18:35:00,5571.0,5571.0,5572.0,5570.0,5572.0,5573.0,5573.0,5572.0,5
2016-08-01 18:35:00,2016-08-01 18:36:00,5571.0,5572.0,5572.0,5570.0,5573.0,5573.0,5573.0,5571.0,6
2016-08-01 18:36:00,2016-08-01 18:40:00,5571.0,5569.0,5571.0,5569.0,5573.0,5570.0,5573.0,5570.0,6
2016-08-01 18:40:00,2016-08-01 18:41:00,5569.0,5572.0,5572.0,5569.0,5570.0,5573.0,5573.0,5571.0,4
2016-08-01 18:41:00,2016-08-01 18:43:00,5572.0,5570.0,5571.0,5570.0,5573.0,5574.0,5574.0,5572.0,3
2016-08-01 18:43:00,2016-08-01 18:44:00,5570.0,5571.0,5571.0,5571.0,5574.0,5572.0,5573.0,5572.0,3
2016-08-01 18:44:00,2016-08-01 18:47:00,5571.0,5573.0,5575.0,5572.0,5573.0,5574.0,5576.0,5573.0,12
2016-08-01 18:47:00,2016-08-01 18:48:00,5573.0,5573.0,5573.0,5572.0,5574.0,5575.0,5575.0,5573.0,4
2016-08-01 18:48:00,2016-08-01 18:50:00,5572.0,5574.0,5574.0,5572.0,5574.0,5575.0,5575.0,5573.0,10
2016-08-01 18:50:00,2016-08-01 18:51:00,5574.0,5573.0,5573.0,5573.0,5575.0,5575.0,5575.0,5574.0,5
2016-08-01 18:51:00,2016-08-01 18:52:00,5573.0,5572.0,5573.0,5572.0,5575.0,5575.0,5575.0,5574.0,3
2016-08-01 18:52:00,2016-08-01 18:53:00,5572.0,5573.0,5574.0,5572.0,5575.0,5575.0,5576.0,5574.0,6
2016-08-01 18:53:00,2016-08-01 18:56:00,5573.0,5575.0,5575.0,5574.0,5575.0,5576.0,5576.0,5575.0,5
2016-08-01 18:56:00,2016-08-01 18:57:00,5575.0,5575.0,5575.0,5574.0,5576.0,5576.0,5576.0,5575.0,6
2016-08-01 18:57:00,2016-08-01 18:58:00,5575.0,5574.0,5575.0,5574.0,5576.0,5575.0,5576.0,5575.0,3
2016-08-01 18:58:00,2016-08-01 18:59:00,5574.0,5576.0,5576.0,5574.0,5575.0,5577.0,5577.0,5576.0,4
2016-08-01 18:59:00,2016-08-01 19:00:00,5576.0,5575.0,5576.0,5575.0,5577.0,5577.0,5577.0,5576.0,6
2016-08-01 19:00:00,2016-08-01 19:01:00,5575.0,5575.0,5575.0,5575.0,5577.0,5576.0,5577.0,5576.0,5
2016-08-01 19:01:00,2016-08-01 19:03:00,5574.0,5576.0,5577.0,5575.0,5576.0,5577.0,5578.0,5577.0,10
2016-08-01 19:03:00,2016-08-01 19:05:00,5575.0,5572.0,5576.0,5572.0,5577.0,5578.0,5578.0,5575.0,16
2016-08-01 19:05:00,2016-08-01 19:06:00,5572.0,5574.0,5575.0,5574.0,5578.0,5576.0,5576.0,5576.0,4
2016-08-01 19:06:00,2016-08-01 19:08:00,5574.0,5574.0,5574.0,5572.0,5576.0,5576.0,5578.0,5575.0,6
2016-08-01 19:08:00,2016-08-01 19:09:00,5574.0,5574.0,5575.0,5574.0,5576.0,5576.0,5576.0,5576.0,2
2016-08-01 19:09:00,2016-08-01 19:10:00,5574.0,5575.0,5575.0,5573.0,5576.0,5576.0,5576.0,5574.0,6
2016-08-01 19:10:00,2016-08-01 19:13:00,5577.0,5576.0,5577.0,5576.0,5579.0,5578.0,5578.0,5578.0,2
2016-08-01 19:13:00,2016-08-01 19:14:00,5576.0,5574.0,5575.0,5574.0,5578.0,5576.0,5577.0,5576.0,3
2016-08-01 19:14:00,2016-08-01 19:17:00,5574.0,5571.0,5574.0,5571.0,5576.0,5572.0,5575.0,5572.0,6
2016-08-01 19:17:00,2016-08-01 19:18:00,5571.0,5572.0,5572.0,5570.0,5572.0,5573.0,5574.0,5572.0,7
2016-08-01 19:18:00,2016-08-01 19:19:00,5572.0,5571.0,5572.0,5571.0,5573.0,5573.0,5574.0,5573.0,3
2016-08-01 19:19:00,2016-08-01 19:20:00,5571.0,5570.0,5571.0,5569.0,5573.0,5572.0,5573.0,5572.0,4
2016-08-01 19:20:00,2016-08-01 19:22:00,5569.0,5569.0,5569.0,5568.0,5570.0,5570.0,5571.0,5570.0,6
2016-08-01 19:22:00,2016-08-01 19:23:00,5569.0,5570.0,5570.0,5569.0,5570.0,5572.0,5572.0,5571.0,7
2016-08-01 19:23:00,2016-08-01 19:24:00,5570.0,5571.0,5572.0,5571.0,5572.0,5573.0,5574.0,5572.0,6
2016-08-01 19:24:00,2016-08-01 19:25:00,5571.0,5570.0,5572.0,5570.0,5573.0,5572.0,5573.0,5572.0,3
2016-08-01 19:25:00,2016-08-01 19:29:00,5572.0,5571.0,5572.0,5569.0,5574.0,5573.0,5573.0,5570.0,10
2016-08-01 19:29:00,2016-08-01 19:30:00,5571.0,5573.0,5574.0,5570.0,5573.0,5574.0,5575.0,5572.0,9
2016-08-01 19:30:00,2016-08-01 19:31:00,5573.0,5574.0,5574.0,5573.0,5574.0,5575.0,5575.0,5574.0,10
2016-08-01 19:31:00,2016-08-01 19:32:00,5574.0,5573.0,5574.0,5571.0,5575.0,5575.0,5577.0,5574.0,10
2016-08-01 19:32:00,2016-08-01 19:33:00,5573.0,5574.0,5575.0,5574.0,5575.0,5576.0,5576.0,5575.0,9
2016-08-01 19:33:00,2016-08-01 19:34:00,5574.0,5574.0,5574.0,5574.0,5576.0,5575.0,5576.0,5575.0,5
2016-08-01 19:34:00,2016-08-01 19:35:00,5574.0,5574.0,5575.0,5574.0,5575.0,5575.0,5576.0,5575.0,9
2016-08-01 19:35:00,2016-08-01 19:36:00,5574.0,5574.0,5575.0,5573.0,5575.0,5575.0,5577.0,5574.0,14
2016-08-01 19:36:00,2016-08-01 19:37:00,5574.0,5574.0,5575.0,5573.0,5575.0,5576.0,5576.0,5575.0,9
2016-08-01 19:37:00,2016-08-01 19:38:00,5574.0,5576.0,5576.0,5575.0,5576.0,5578.0,5578.0,5576.0,6
2016-08-01 19:38:00,2016-08-01 19:39:00,5576.0,5577.0,5577.0,5576.0,5578.0,5579.0,5579.0,5577.0,7
2016-08-01 19:39:00,2016-08-01 19:40:00,5577.0,5576.0,5578.0,5576.0,5579.0,5577.0,5579.0,5577.0,9
2016-08-01 19:40:00,2016-08-01 19:41:00,5576.0,5578.0,5578.0,5576.0,5577.0,5579.0,5579.0,5577.0,15
2016-08-01 19:41:00,2016-08-01 19:42:00,5578.0,5577.0,5578.0,5577.0,5579.0,5579.0,5581.0,5578.0,5
2016-08-01 19:42:00,2016-08-01 19:44:00,5579.0,5577.0,5580.0,5576.0,5580.0,5579.0,5581.0,5579.0,13
2016-08-01 19:44:00,2016-08-01 19:45:00,5577.0,5579.0,5579.0,5577.0,5579.0,5580.0,5580.0,5578.0,8
2016-08-01 19:45:00,2016-08-01 19:46:00,5579.0,5579.0,5579.0,5578.0,5580.0,5580.0,5580.0,5579.0,9
2016-08-01 19:46:00,2016-08-01 19:47:00,5579.0,5577.0,5578.0,5577.0,5580.0,5578.0,5580.0,5578.0,4
2016-08-01 19:47:00,2016-08-01 19:48:00,5577.0,5575.0,5576.0,5575.0,5578.0,5576.0,5580.0,5576.0,4
2016-08-01 19:48:00,2016-08-01 19:51:00,5574.0,5576.0,5576.0,5573.0,5576.0,5577.0,5577.0,5574.0,17
2016-08-01 19:51:00,2016-08-01 19:52:00,5576.0,5574.0,5575.0,5574.0,5577.0,5576.0,5577.0,5575.0,5
2016-08-01 19:52:00,2016-08-01 19:53:00,5574.0,5574.0,5574.0,5573.0,5576.0,5575.0,5575.0,5574.0,6
2016-08-01 19:53:00,2016-08-01 19:54:00,5574.0,5572.0,5573.0,5572.0,5575.0,5574.0,5576.0,5574.0,5
2016-08-01 19:54:00,2016-08-01 19:55:00,5572.0,5573.0,5574.0,5573.0,5574.0,5574.0,5576.0,5574.0,9
2016-08-01 19:55:00,2016-08-01 19:56:00,5573.0,5571.0,5572.0,5571.0,5574.0,5573.0,5575.0,5573.0,5
2016-08-01 19:56:00,2016-08-01 19:57:00,5571.0,5569.0,5572.0,5569.0,5573.0,5571.0,5573.0,5571.0,7
2016-08-01 19:57:00,2016-08-01 19:58:00,5569.0,5570.0,5572.0,5569.0,5571.0,5571.0,5574.0,5571.0,15
2016-08-01 19:58:00,2016-08-01 20:00:00,5572.0,5573.0,5573.0,5572.0,5573.0,5576.0,5576.0,5574.0,2
2016-08-01 20:00:00,2016-08-01 20:02:00,5573.0,5574.0,5574.0,5573.0,5576.0,5577.0,5578.0,5576.0,4
2016-08-01 20:02:00,2016-08-01 20:03:00,5574.0,5575.0,5575.0,5575.0,5577.0,5577.0,5577.0,5577.0,1
2016-08-01 20:03:00,2016-08-01 20:04:00,5575.0,5575.0,5576.0,5575.0,5577.0,5576.0,5578.0,5576.0,4
2016-08-01 20:04:00,2016-08-01 20:05:00,5575.0,5577.0,5577.0,5575.0,5576.0,5578.0,5578.0,5577.0,4
2016-08-01 20:05:00,2016-08-01 20:06:00,5577.0,5575.0,5577.0,5575.0,5578.0,5580.0,5580.0,5578.0,3
2016-08-01 20:06:00,2016-08-01 20:07:00,5575.0,5577.0,5577.0,5577.0,5580.0,5579.0,5579.0,5578.0,2
2016-08-01 20:07:00,2016-08-01 20:08:00,5577.0,5577.0,5578.0,5577.0,5579.0,5578.0,5579.0,5578.0,4
2016-08-01 20:08:00,2016-08-01 20:10:00,5577.0,5578.0,5579.0,5577.0,5578.0,5579.0,5581.0,5579.0,6
2016-08-01 20:10:00,2016-08-01 20:11:00,5578.0,5577.0,5578.0,5576.0,5579.0,5579.0,5580.0,5579.0,4
2016-08-01 20:11:00,2016-08-01 20:12:00,5577.0,5576.0,5577.0,5576.0,5579.0,5577.0,5580.0,5577.0,7
2016-08-01 20:12:00,2016-08-01 20:13:00,5576.0,5576.0,5577.0,5574.0,5577.0,5578.0,5579.0,5577.0,8
2016-08-01 20:13:00,2016-08-01 20:14:00,5576.0,5576.0,5576.0,5575.0,5578.0,5578.0,5579.0,5578.0,4
2016-08-01 20:14:00,2016-08-01 20:15:00,5576.0,5579.0,5580.0,5576.0,5578.0,5581.0,5581.0,5579.0,12
2016-08-01 20:15:00,2016-08-01 20:16:00,5579.0,5578.0,5578.0,5577.0,5581.0,5580.0,5580.0,5580.0,3
2016-08-01 20:16:00,2016-08-01 20:19:00,5577.0,5577.0,5577.0,5576.0,5580.0,5580.0,5581.0,5580.0,2
2016-08-01 20:19:00,2016-08-01 20:20:00,5577.0,5577.0,5578.0,5577.0,5580.0,5580.0,5580.0,5580.0,2
2016-08-01 20:20:00,2016-08-01 20:22:00,5578.0,5578.0,5578.0,5576.0,5580.0,5580.0,5581.0,5579.0,4
2016-08-01 20:22:00,2016-08-01 20:24:00,5578.0,5578.0,5578.0,5578.0,5580.0,5582.0,5582.0,5582.0,1
2016-08-01 20:24:00,2016-08-01 20:25:00,5578.0,5578.0,5579.0,5578.0,5582.0,5580.0,5580.0,5580.0,2
2016-08-01 20:25:00,2016-08-01 20:32:00,5578.0,5579.0,5580.0,5576.0,5579.0,5581.0,5581.0,5579.0,7
2016-08-01 20:32:00,2016-08-01 20:33:00,5579.0,5579.0,5579.0,5577.0,5581.0,5581.0,5582.0,5580.0,7
2016-08-01 20:33:00,2016-08-01 20:34:00,5579.0,5578.0,5578.0,5577.0,5581.0,5580.0,5581.0,5578.0,7
2016-08-01 20:34:00,2016-08-01 20:36:00,5579.0,5578.0,5580.0,5578.0,5580.0,5581.0,5582.0,5581.0,5
2016-08-01 20:36:00,2016-08-01 20:37:00,5578.0,5576.0,5577.0,5576.0,5581.0,5578.0,5580.0,5578.0,4
2016-08-01 20:37:00,2016-08-01 20:39:00,5576.0,5576.0,5577.0,5576.0,5578.0,5578.0,5578.0,5578.0,2
2016-08-01 20:39:00,2016-08-01 20:40:00,5576.0,5576.0,5577.0,5576.0,5578.0,5579.0,5579.0,5577.0,4
2016-08-01 20:40:00,2016-08-01 20:41:00,5576.0,5576.0,5577.0,5576.0,5579.0,5579.0,5579.0,5579.0,2
2016-08-01 20:41:00,2016-08-01 20:42:00,5576.0,5577.0,5577.0,5576.0,5579.0,5579.0,5579.0,5579.0,3
2016-08-01 20:42:00,2016-08-01 20:43:00,5577.0,5577.0,5577.0,5576.0,5579.0,5578.0,5580.0,5578.0,4
2016-08-01 20:43:00,2016-08-01 20:46:00,5577.0,5578.0,5579.0,5577.0,5578.0,5580.0,5581.0,5579.0,7
2016-08-01 20:46:00,2016-08-01 20:50:00,5579.0,5578.0,5579.0,5577.0,5581.0,5580.0,5581.0,5579.0,7
2016-08-01 20:50:00,2016-08-01 20:54:00,5577.0,5579.0,5579.0,5578.0,5580.0,5581.0,5581.0,5580.0,2
2016-08-01 20:54:00,2016-08-01 20:55:00,5579.0,5578.0,5580.0,5578.0,5581.0,5580.0,5581.0,5580.0,4
2016-08-01 20:55:00,2016-08-01 20:56:00,5578.0,5577.0,5577.0,5577.0,5580.0,5580.0,5580.0,5580.0,1
2016-08-01 20:56:00,2016-08-01 20:57:00,5577.0,5578.0,5578.0,5578.0,5580.0,5580.0,5580.0,5580.0,1
2016-08-01 20:57:00,2016-08-01 20:58:00,5578.0,5578.0,5578.0,5578.0,5580.0,5581.0,5581.0,5581.0,1
2016-08-01 20:58:00,2016-08-01 20:59:00,5578.0,5577.0,5577.0,5577.0,5581.0,5581.0,5581.0,5581.0,1
2016-08-01 20:59:00,2016-08-01 23:50:00,5577.0,5583.0,5597.0,5580.0,5581.0,5585.0,5598.0,5581.0,96
2016-08-01 23:50:00,2016-08-01 23:51:00,5583.0,5584.0,5586.0,5583.0,5585.0,5585.0,5588.0,5585.0,14
2016-08-01 23:51:00,2016-08-01 23:53:00,5584.0,5584.0,5585.0,5584.0,5585.0,5585.0,5586.0,5585.0,9
2016-08-01 23:53:00,2016-08-01 23:54:00,5584.0,5585.0,5585.0,5583.0,5585.0,5586.0,5586.0,5584.0,6
2016-08-01 23:54:00,2016-08-01 23:56:00,5585.0,5586.0,5586.0,5584.0,5586.0,5587.0,5587.0,5585.0,19
2016-08-01 23:56:00,2016-08-01 23:57:00,5586.0,5583.0,5586.0,5583.0,5587.0,5584.0,5587.0,5584.0,15
2016-08-01 23:57:00,2016-08-01 23:58:00,5583.0,5583.0,5583.0,5582.0,5584.0,5584.0,5585.0,5583.0,19
2016-08-01 23:58:00,2016-08-01 23:59:00,5583.0,5585.0,5585.0,5582.0,5584.0,5587.0,5587.0,5583.0,18
2016-08-01 23:59:00,2016-08-02 00:00:00,5585.0,5589.0,5589.0,5583.0,5587.0,5590.0,5590.0,5584.0,56
2016-08-02 00:00:00,2016-08-02 00:01:00,5589.0,5587.0,5588.0,5585.0,5590.0,5588.0,5590.0,5586.0,36
2016-08-02 00:01:00,2016-08-02 00:02:00,5587.0,5589.0,5589.0,5585.0,5588.0,5590.0,5590.0,5587.0,24
2016-08-02 00:02:00,2016-08-02 00:03:00,5589.0,5585.0,5588.0,5585.0,5590.0,5587.0,5590.0,5586.0,37
2016-08-02 00:03:00,2016-08-02 00:04:00,5585.0,5586.0,5587.0,5585.0,5587.0,5587.0,5588.0,5586.0,20
2016-08-02 00:04:00,2016-08-02 00:05:00,5586.0,5585.0,5587.0,5583.0,5587.0,5586.0,5588.0,5584.0,32
2016-08-02 00:05:00,2016-08-02 00:06:00,5585.0,5583.0,5586.0,5583.0,5586.0,5585.0,5587.0,5584.0,16
2016-08-02 00:06:00,2016-08-02 00:07:00,5583.0,5581.0,5584.0,5580.0,5585.0,5583.0,5585.0,5581.0,26
2016-08-02 00:07:00,2016-08-02 00:08:00,5581.0,5580.0,5583.0,5580.0,5583.0,5582.0,5585.0,5581.0,23
2016-08-02 00:08:00,2016-08-02 00:09:00,5580.0,5580.0,5582.0,5579.0,5582.0,5581.0,5583.0,5581.0,31
2016-08-02 00:09:00,2016-08-02 00:10:00,5580.0,5582.0,5582.0,5579.0,5581.0,5584.0,5584.0,5580.0,21
2016-08-02 00:10:00,2016-08-02 00:11:00,5582.0,5584.0,5585.0,5582.0,5584.0,5585.0,5586.0,5584.0,15
2016-08-02 00:11:00,2016-08-02 00:12:00,5584.0,5585.0,5585.0,5582.0,5585.0,5586.0,5586.0,5584.0,10
2016-08-02 00:12:00,2016-08-02 00:13:00,5585.0,5585.0,5587.0,5585.0,5586.0,5586.0,5588.0,5586.0,17
2016-08-02 00:13:00,2016-08-02 00:14:00,5585.0,5586.0,5587.0,5584.0,5586.0,5588.0,5588.0,5585.0,20
2016-08-02 00:14:00,2016-08-02 00:15:00,5586.0,5583.0,5586.0,5583.0,5588.0,5584.0,5587.0,5584.0,14
2016-08-02 00:15:00,2016-08-02 00:16:00,5583.0,5582.0,5585.0,5581.0,5584.0,5583.0,5586.0,5583.0,15
2016-08-02 00:16:00,2016-08-02 00:17:00,5582.0,5584.0,5584.0,5581.0,5583.0,5585.0,5585.0,5582.0,22
2016-08-02 00:17:00,2016-08-02 00:18:00,5584.0,5584.0,5585.0,5583.0,5585.0,5586.0,5586.0,5584.0,18
2016-08-02 00:18:00,2016-08-02 00:19:00,5584.0,5583.0,5584.0,5583.0,5586.0,5585.0,5585.0,5584.0,15
2016-08-02 00:19:00,2016-08-02 00:20:00,5583.0,5584.0,5584.0,5583.0,5585.0,5585.0,5585.0,5584.0,5
2016-08-02 00:20:00,2016-08-02 00:21:00,5584.0,5588.0,5589.0,5584.0,5585.0,5590.0,5590.0,5586.0,31
2016-08-02 00:21:00,2016-08-02 00:22:00,5588.0,5591.0,5591.0,5588.0,5590.0,5592.0,5592.0,5589.0,36
2016-08-02 00:22:00,2016-08-02 00:23:00,5591.0,5588.0,5590.0,5588.0,5592.0,5589.0,5592.0,5589.0,12
2016-08-02 00:23:00,2016-08-02 00:24:00,5588.0,5590.0,5590.0,5587.0,5589.0,5591.0,5591.0,5589.0,11
2016-08-02 00:24:00,2016-08-02 00:25:00,5590.0,5590.0,5591.0,5589.0,5591.0,5591.0,5592.0,5591.0,6
2016-08-02 00:25:00,2016-08-02 00:26:00,5590.0,5591.0,5591.0,5589.0,5591.0,5592.0,5592.0,5590.0,5
2016-08-02 00:26:00,2016-08-02 00:27:00,5591.0,5591.0,5592.0,5591.0,5592.0,5592.0,5593.0,5592.0,6
2016-08-02 00:27:00,2016-08-02 00:28:00,5591.0,5589.0,5592.0,5589.0,5592.0,5591.0,5593.0,5590.0,13
2016-08-02 00:28:00,2016-08-02 00:29:00,5589.0,5588.0,5589.0,5588.0,5591.0,5589.0,5590.0,5589.0,20
2016-08-02 00:29:00,2016-08-02 00:30:00,5588.0,5591.0,5591.0,5588.0,5589.0,5592.0,5592.0,5590.0,14
2016-08-02 00:30:00,2016-08-02 00:31:00,5591.0,5589.0,5590.0,5588.0,5592.0,5591.0,5592.0,5589.0,15
2016-08-02 00:31:00,2016-08-02 00:32:00,5589.0,5585.0,5589.0,5584.0,5591.0,5586.0,5590.0,5585.0,21
2016-08-02 00:32:00,2016-08-02 00:33:00,5585.0,5587.0,5587.0,5584.0,5586.0,5588.0,5588.0,5585.0,17
2016-08-02 00:33:00,2016-08-02 00:34:00,5587.0,5587.0,5587.0,5586.0,5588.0,5588.0,5588.0,5587.0,12
2016-08-02 00:34:00,2016-08-02 00:35:00,5587.0,5588.0,5589.0,5587.0,5588.0,5589.0,5590.0,5589.0,14
2016-08-02 00:35:00,2016-08-02 00:36:00,5588.0,5590.0,5590.0,5589.0,5589.0,5592.0,5592.0,5590.0,14
2016-08-02 00:36:00,2016-08-02 00:37:00,5590.0,5593.0,5594.0,5591.0,5592.0,5594.0,5595.0,5592.0,19
2016-08-02 00:37:00,2016-08-02 00:38:00,5593.0,5593.0,5595.0,5593.0,5594.0,5595.0,5596.0,5594.0,16
2016-08-02 00:38:00,2016-08-02 00:40:00,5594.0,5594.0,5595.0,5594.0,5595.0,5595.0,5596.0,5595.0,7
2016-08-02 00:40:00,2016-08-02 00:41:00,5594.0,5595.0,5596.0,5594.0,5595.0,5597.0,5597.0,5595.0,15
2016-08-02 00:41:00,2016-08-02 00:42:00,5595.0,5594.0,5597.0,5594.0,5597.0,5595.0,5598.0,5595.0,26
2016-08-02 00:42:00,2016-08-02 00:43:00,5594.0,5597.0,5598.0,5595.0,5595.0,5598.0,5599.0,5596.0,21
2016-08-02 00:43:00,2016-08-02 00:44:00,5597.0,5597.0,5598.0,5597.0,5598.0,5598.0,5599.0,5598.0,6
2016-08-02 00:44:00,2016-08-02 00:45:00,5597.0,5598.0,5598.0,5596.0,5598.0,5599.0,5599.0,5597.0,11
2016-08-02 00:45:00,2016-08-02 00:46:00,5598.0,5596.0,5597.0,5596.0,5599.0,5597.0,5599.0,5597.0,4
2016-08-02 00:46:00,2016-08-02 00:47:00,5596.0,5598.0,5598.0,5596.0,5597.0,5599.0,5599.0,5597.0,6
2016-08-02 00:47:00,2016-08-02 00:48:00,5598.0,5599.0,5599.0,5598.0,5599.0,5600.0,5600.0,5599.0,7
2016-08-02 00:48:00,2016-08-02 00:49:00,5599.0,5600.0,5600.0,5599.0,5600.0,5601.0,5601.0,5600.0,7
2016-08-02 00:49:00,2016-08-02 00:50:00,5600.0,5600.0,5600.0,5599.0,5601.0,5601.0,5601.0,5600.0,9
2016-08-02 00:50:00,2016-08-02 00:51:00,5600.0,5602.0,5602.0,5600.0,5601.0,5603.0,5603.0,5601.0,8
2016-08-02 00:51:00,2016-08-02 00:52:00,5602.0,5601.0,5601.0,5601.0,5603.0,5603.0,5603.0,5603.0,1
2016-08-02 00:52:00,2016-08-02 00:53:00,5601.0,5601.0,5602.0,5601.0,5603.0,5602.0,5603.0,5602.0,5
2016-08-02 00:53:00,2016-08-02 00:56:00,5600.0,5600.0,5601.0,5598.0,5601.0,5602.0,5602.0,5599.0,18
2016-08-02 00:56:00,2016-08-02 00:57:00,5600.0,5600.0,5601.0,5600.0,5602.0,5601.0,5602.0,5601.0,2
2016-08-02 00:57:00,2016-08-02 00:58:00,5600.0,5599.0,5599.0,5598.0,5601.0,5600.0,5600.0,5599.0,7
2016-08-02 00:58:00,2016-08-02 00:59:00,5599.0,5600.0,5600.0,5598.0,5600.0,5601.0,5601.0,5599.0,10
2016-08-02 00:59:00,2016-08-02 01:00:00,5600.0,5602.0,5602.0,5599.0,5601.0,5603.0,5603.0,5601.0,16
2016-08-02 01:00:00,2016-08-02 01:01:00,5602.0,5601.0,5601.0,5601.0,5603.0,5603.0,5603.0,5602.0,5
2016-08-02 01:01:00,2016-08-02 01:02:00,5601.0,5602.0,5603.0,5601.0,5603.0,5604.0,5604.0,5602.0,10
2016-08-02 01:02:00,2016-08-02 01:03:00,5602.0,5602.0,5603.0,5602.0,5604.0,5603.0,5604.0,5603.0,15
2016-08-02 01:03:00,2016-08-02 01:04:00,5602.0,5601.0,5602.0,5600.0,5603.0,5603.0,5603.0,5601.0,14
2016-08-02 01:04:00,2016-08-02 01:05:00,5601.0,5601.0,5601.0,5600.0,5603.0,5602.0,5602.0,5601.0,5
2016-08-02 01:05:00,2016-08-02 01:06:00,5601.0,5600.0,5600.0,5599.0,5602.0,5601.0,5602.0,5601.0,4
2016-08-02 01:06:00,2016-08-02 01:08:00,5600.0,5602.0,5603.0,5600.0,5601.0,5603.0,5604.0,5601.0,17
2016-08-02 01:08:00,2016-08-02 01:09:00,5602.0,5602.0,5602.0,5600.0,5603.0,5603.0,5603.0,5601.0,11
2016-08-02 01:09:00,2016-08-02 01:10:00,5602.0,5599.0,5602.0,5599.0,5603.0,5601.0,5603.0,5600.0,14
2016-08-02 01:10:00,2016-08-02 01:11:00,5599.0,5597.0,5599.0,5597.0,5601.0,5598.0,5601.0,5598.0,19
2016-08-02 01:11:00,2016-08-02 01:12:00,5597.0,5597.0,5597.0,5596.0,5598.0,5598.0,5598.0,5598.0,4
2016-08-02 01:12:00,2016-08-02 01:13:00,5597.0,5594.0,5596.0,5594.0,5598.0,5595.0,5597.0,5595.0,4
2016-08-02 01:13:00,2016-08-02 01:14:00,5594.0,5593.0,5594.0,5592.0,5595.0,5594.0,5595.0,5593.0,8
2016-08-02 01:14:00,2016-08-02 01:15:00,5593.0,5593.0,5594.0,5591.0,5594.0,5595.0,5595.0,5592.0,24
2016-08-02 01:15:00,2016-08-02 01:16:00,5593.0,5591.0,5593.0,5591.0,5595.0,5592.0,5594.0,5592.0,4
2016-08-02 01:16:00,2016-08-02 01:17:00,5591.0,5593.0,5593.0,5590.0,5592.0,5594.0,5595.0,5591.0,10
2016-08-02 01:17:00,2016-08-02 01:18:00,5593.0,5591.0,5592.0,5591.0,5594.0,5592.0,5594.0,5592.0,3
2016-08-02 01:18:00,2016-08-02 01:19:00,5591.0,5592.0,5592.0,5590.0,5592.0,5594.0,5594.0,5591.0,15
2016-08-02 01:19:00,2016-08-02 01:20:00,5592.0,5593.0,5593.0,5592.0,5594.0,5594.0,5594.0,5594.0,3
2016-08-02 01:20:00,2016-08-02 01:21:00,5593.0,5592.0,5594.0,5591.0,5594.0,5593.0,5595.0,5592.0,8
2016-08-02 01:21:00,2016-08-02 01:22:00,5592.0,5594.0,5594.0,5592.0,5593.0,5595.0,5595.0,5594.0,3
2016-08-02 01:22:00,2016-08-02 01:23:00,5594.0,5595.0,5595.0,5593.0,5595.0,5596.0,5596.0,5594.0,5
2016-08-02 01:23:00,2016-08-02 01:24:00,5595.0,5594.0,5594.0,5593.0,5596.0,5595.0,5596.0,5594.0,9
2016-08-02 01:24:00,2016-08-02 01:25:00,5594.0,5594.0,5595.0,5593.0,5595.0,5595.0,5596.0,5595.0,5
2016-08-02 01:25:00,2016-08-02 01:26:00,5594.0,5593.0,5593.0,5593.0,5595.0,5594.0,5594.0,5594.0,1
2016-08-02 01:26:00,2016-08-02 01:27:00,5593.0,5594.0,5594.0,5592.0,5594.0,5595.0,5596.0,5594.0,11
2016-08-02 01:27:00,2016-08-02 01:28:00,5594.0,5593.0,5594.0,5593.0,5595.0,5594.0,5596.0,5594.0,8
2016-08-02 01:28:00,2016-08-02 01:30:00,5593.0,5594.0,5595.0,5593.0,5594.0,5596.0,5596.0,5595.0,8
2016-08-02 01:30:00,2016-08-02 01:31:00,5594.0,5594.0,5595.0,5593.0,5596.0,5595.0,5596.0,5594.0,12
2016-08-02 01:31:00,2016-08-02 01:32:00,5594.0,5590.0,5593.0,5590.0,5595.0,5591.0,5595.0,5591.0,14
2016-08-02 01:32:00,2016-08-02 01:33:00,5590.0,5589.0,5591.0,5588.0,5591.0,5590.0,5592.0,5590.0,17
2016-08-02 01:33:00,2016-08-02 01:34:00,5589.0,5588.0,5588.0,5588.0,5590.0,5589.0,5589.0,5589.0,1
2016-08-02 01:34:00,2016-08-02 01:35:00,5588.0,5591.0,5591.0,5588.0,5589.0,5592.0,5592.0,5590.0,10
2016-08-02 01:35:00,2016-08-02 01:36:00,5591.0,5591.0,5592.0,5590.0,5592.0,5592.0,5593.0,5591.0,27
2016-08-02 01:36:00,2016-08-02 01:37:00,5591.0,5592.0,5592.0,5591.0,5592.0,5593.0,5593.0,5592.0,8
2016-08-02 01:37:00,2016-08-02 01:38:00,5592.0,5590.0,5591.0,5590.0,5593.0,5591.0,5592.0,5591.0,4
2016-08-02 01:38:00,2016-08-02 01:39:00,5590.0,5591.0,5591.0,5589.0,5591.0,5592.0,5592.0,5591.0,10
2016-08-02 01:39:00,2016-08-02 01:41:00,5590.0,5591.0,5592.0,5590.0,5591.0,5592.0,5593.0,5592.0,7
2016-08-02 01:41:00,2016-08-02 01:42:00,5591.0,5590.0,5590.0,5590.0,5592.0,5591.0,5592.0,5591.0,2
2016-08-02 01:42:00,2016-08-02 01:43:00,5590.0,5590.0,5591.0,5589.0,5591.0,5591.0,5592.0,5590.0,11
2016-08-02 01:43:00,2016-08-02 01:44:00,5590.0,5590.0,5591.0,5590.0,5591.0,5591.0,5592.0,5591.0,12
2016-08-02 01:44:00,2016-08-02 01:45:00,5590.0,5589.0,5591.0,5589.0,5591.0,5590.0,5593.0,5590.0,6
2016-08-02 01:45:00,2016-08-02 01:46:00,5589.0,5589.0,5590.0,5589.0,5590.0,5590.0,5591.0,5590.0,5
2016-08-02 01:46:00,2016-08-02 01:47:00,5589.0,5590.0,5590.0,5589.0,5590.0,5591.0,5591.0,5591.0,2
2016-08-02 01:47:00,2016-08-02 01:49:00,5590.0,5589.0,5589.0,5586.0,5591.0,5590.0,5591.0,5587.0,18
2016-08-02 01:49:00,2016-08-02 01:50:00,5589.0,5590.0,5590.0,5589.0,5590.0,5591.0,5591.0,5590.0,5
2016-08-02 01:50:00,2016-08-02 01:51:00,5590.0,5589.0,5589.0,5589.0,5591.0,5591.0,5591.0,5590.0,3
2016-08-02 01:51:00,2016-08-02 01:52:00,5589.0,5591.0,5591.0,5590.0,5591.0,5592.0,5592.0,5591.0,9
2016-08-02 01:52:00,2016-08-02 01:53:00,5591.0,5593.0,5593.0,5592.0,5592.0,5594.0,5595.0,5593.0,7
2016-08-02 01:53:00,2016-08-02 01:54:00,5593.0,5592.0,5597.0,5592.0,5594.0,5593.0,5598.0,5593.0,43
2016-08-02 01:54:00,2016-08-02 01:55:00,5592.0,5593.0,5593.0,5592.0,5593.0,5594.0,5594.0,5593.0,8
2016-08-02 01:55:00,2016-08-02 01:56:00,5593.0,5591.0,5592.0,5590.0,5594.0,5592.0,5594.0,5591.0,12
2016-08-02 01:56:00,2016-08-02 01:57:00,5591.0,5590.0,5591.0,5589.0,5592.0,5591.0,5592.0,5590.0,16
2016-08-02 01:57:00,2016-08-02 01:58:00,5590.0,5591.0,5591.0,5590.0,5591.0,5592.0,5593.0,5591.0,13
2016-08-02 01:58:00,2016-08-02 01:59:00,5591.0,5591.0,5591.0,5590.0,5592.0,5592.0,5592.0,5591.0,4
2016-08-02 01:59:00,2016-08-02 02:00:00,5591.0,5593.0,5594.0,5592.0,5592.0,5595.0,5595.0,5593.0,16
2016-08-02 02:00:00,2016-08-02 02:01:00,5593.0,5593.0,5594.0,5593.0,5595.0,5594.0,5595.0,5594.0,2
2016-08-02 02:01:00,2016-08-02 02:02:00,5593.0,5593.0,5594.0,5593.0,5594.0,5594.0,5595.0,5594.0,13
2016-08-02 02:02:00,2016-08-02 02:03:00,5593.0,5592.0,5594.0,5592.0,5594.0,5594.0,5595.0,5594.0,5
2016-08-02 02:03:00,2016-08-02 02:04:00,5592.0,5591.0,5592.0,5590.0,5594.0,5592.0,5593.0,5592.0,9
2016-08-02 02:04:00,2016-08-02 02:05:00,5591.0,5591.0,5591.0,5590.0,5592.0,5592.0,5592.0,5591.0,5
2016-08-02 02:05:00,2016-08-02 02:06:00,5591.0,5592.0,5592.0,5591.0,5592.0,5593.0,5593.0,5592.0,6
2016-08-02 02:06:00,2016-08-02 02:07:00,5592.0,5591.0,5591.0,5590.0,5593.0,5592.0,5593.0,5591.0,8
2016-08-02 02:07:00,2016-08-02 02:10:00,5591.0,5590.0,5590.0,5590.0,5592.0,5591.0,5591.0,5591.0,1
2016-08-02 02:10:00,2016-08-02 02:11:00,5590.0,5591.0,5592.0,5590.0,5591.0,5593.0,5593.0,5592.0,9
2016-08-02 02:11:00,2016-08-02 02:12:00,5591.0,5592.0,5593.0,5591.0,5593.0,5593.0,5594.0,5592.0,6
2016-08-02 02:12:00,2016-08-02 02:13:00,5592.0,5590.0,5591.0,5589.0,5593.0,5591.0,5593.0,5590.0,9
2016-08-02 02:13:00,2016-08-02 02:14:00,5590.0,5589.0,5590.0,5589.0,5591.0,5591.0,5591.0,5591.0,5
2016-08-02 02:14:00,2016-08-02 02:15:00,5589.0,5588.0,5589.0,5588.0,5591.0,5589.0,5590.0,5589.0,3
2016-08-02 02:15:00,2016-08-02 02:16:00,5588.0,5590.0,5590.0,5588.0,5589.0,5591.0,5591.0,5590.0,7
2016-08-02 02:16:00,2016-08-02 02:17:00,5590.0,5588.0,5589.0,5588.0,5591.0,5589.0,5591.0,5589.0,6
2016-08-02 02:17:00,2016-08-02 02:19:00,5588.0,5586.0,5588.0,5586.0,5589.0,5588.0,5589.0,5587.0,16
2016-08-02 02:19:00,2016-08-02 02:20:00,5586.0,5587.0,5589.0,5587.0,5588.0,5588.0,5590.0,5588.0,8
2016-08-02 02:20:00,2016-08-02 02:21:00,5587.0,5588.0,5588.0,5586.0,5588.0,5589.0,5589.0,5587.0,7
2016-08-02 02:21:00,2016-08-02 02:23:00,5588.0,5587.0,5587.0,5587.0,5589.0,5589.0,5589.0,5588.0,3
2016-08-02 02:23:00,2016-08-02 02:24:00,5587.0,5587.0,5588.0,5587.0,5589.0,5588.0,5589.0,5588.0,2
2016-08-02 02:24:00,2016-08-02 02:26:00,5586.0,5586.0,5586.0,5585.0,5587.0,5587.0,5587.0,5587.0,2
2016-08-02 02:26:00,2016-08-02 02:27:00,5586.0,5587.0,5587.0,5585.0,5587.0,5588.0,5588.0,5586.0,12
2016-08-02 02:27:00,2016-08-02 02:30:00,5588.0,5587.0,5587.0,5586.0,5589.0,5588.0,5589.0,5587.0,6
2016-08-02 02:30:00,2016-08-02 02:32:00,5586.0,5587.0,5588.0,5585.0,5587.0,5589.0,5589.0,5586.0,13
2016-08-02 02:32:00,2016-08-02 02:33:00,5587.0,5588.0,5589.0,5588.0,5589.0,5590.0,5590.0,5589.0,8
2016-08-02 02:33:00,2016-08-02 02:34:00,5588.0,5587.0,5588.0,5587.0,5590.0,5588.0,5590.0,5588.0,5
2016-08-02 02:34:00,2016-08-02 02:37:00,5587.0,5586.0,5586.0,5586.0,5588.0,5587.0,5588.0,5587.0,4
2016-08-02 02:37:00,2016-08-02 02:38:00,5586.0,5585.0,5585.0,5585.0,5587.0,5587.0,5587.0,5587.0,1
2016-08-02 02:38:00,2016-08-02 02:39:00,5585.0,5585.0,5586.0,5585.0,5587.0,5586.0,5587.0,5586.0,9
2016-08-02 02:39:00,2016-08-02 02:40:00,5585.0,5585.0,5585.0,5583.0,5586.0,5586.0,5586.0,5585.0,5
2016-08-02 02:40:00,2016-08-02 02:41:00,5585.0,5584.0,5585.0,5583.0,5586.0,5586.0,5586.0,5584.0,12
2016-08-02 02:41:00,2016-08-02 02:42:00,5584.0,5584.0,5585.0,5584.0,5586.0,5585.0,5586.0,5585.0,7
2016-08-02 02:42:00,2016-08-02 02:49:00,5584.0,5583.0,5583.0,5582.0,5585.0,5584.0,5585.0,5583.0,8
2016-08-02 02:49:00,2016-08-02 02:50:00,5583.0,5583.0,5583.0,5582.0,5584.0,5584.0,5585.0,5583.0,13
2016-08-02 02:50:00,2016-08-02 02:53:00,5582.0,5582.0,5582.0,5581.0,5584.0,5584.0,5584.0,5582.0,6
2016-08-02 02:53:00,2016-08-02 02:54:00,5582.0,5582.0,5583.0,5580.0,5584.0,5583.0,5584.0,5581.0,11
2016-08-02 02:54:00,2016-08-02 02:55:00,5582.0,5581.0,5581.0,5581.0,5583.0,5583.0,5583.0,5582.0,3
2016-08-02 02:55:00,2016-08-02 02:56:00,5581.0,5583.0,5583.0,5581.0,5583.0,5584.0,5584.0,5582.0,7
2016-08-02 02:56:00,2016-08-02 02:57:00,5583.0,5580.0,5582.0,5580.0,5584.0,5581.0,5584.0,5581.0,5
2016-08-02 02:57:00,2016-08-02 02:59:00,5580.0,5581.0,5581.0,5579.0,5581.0,5582.0,5582.0,5580.0,5
2016-08-02 02:59:00,2016-08-02 03:00:00,5581.0,5580.0,5580.0,5580.0,5582.0,5582.0,5582.0,5581.0,3
2016-08-02 03:00:00,2016-08-02 03:01:00,5580.0,5580.0,5581.0,5580.0,5582.0,5581.0,5582.0,5581.0,6
2016-08-02 03:01:00,2016-08-02 03:07:00,5580.0,5581.0,5581.0,5580.0,5581.0,5582.0,5582.0,5581.0,9
2016-08-02 03:07:00,2016-08-02 03:08:00,5581.0,5579.0,5581.0,5579.0,5582.0,5580.0,5582.0,5580.0,12
2016-08-02 03:08:00,2016-08-02 03:09:00,5579.0,5577.0,5578.0,5577.0,5580.0,5579.0,5579.0,5578.0,5
2016-08-02 03:09:00,2016-08-02 03:10:00,5577.0,5576.0,5577.0,5575.0,5579.0,5578.0,5578.0,5576.0,17
2016-08-02 03:10:00,2016-08-02 03:11:00,5576.0,5575.0,5577.0,5575.0,5578.0,5577.0,5578.0,5577.0,6
2016-08-02 03:11:00,2016-08-02 03:14:00,5576.0,5578.0,5578.0,5576.0,5577.0,5579.0,5579.0,5578.0,4
2016-08-02 03:14:00,2016-08-02 03:15:00,5578.0,5577.0,5577.0,5576.0,5579.0,5578.0,5579.0,5578.0,4
2016-08-02 03:15:00,2016-08-02 03:18:00,5575.0,5574.0,5574.0,5574.0,5576.0,5575.0,5576.0,5575.0,3
2016-08-02 03:18:00,2016-08-02 03:19:00,5574.0,5575.0,5576.0,5573.0,5575.0,5576.0,5577.0,5574.0,14
2016-08-02 03:19:00,2016-08-02 03:22:00,5575.0,5575.0,5576.0,5574.0,5576.0,5576.0,5577.0,5575.0,6
2016-08-02 03:22:00,2016-08-02 03:23:00,5575.0,5579.0,5579.0,5575.0,5576.0,5580.0,5580.0,5577.0,10
2016-08-02 03:23:00,2016-08-02 03:24:00,5579.0,5578.0,5578.0,5578.0,5580.0,5580.0,5580.0,5579.0,3
2016-08-02 03:24:00,2016-08-02 03:25:00,5578.0,5577.0,5579.0,5577.0,5580.0,5579.0,5580.0,5578.0,8
2016-08-02 03:25:00,2016-08-02 03:26:00,5577.0,5577.0,5577.0,5576.0,5579.0,5578.0,5578.0,5577.0,4
2016-08-02 03:26:00,2016-08-02 03:27:00,5577.0,5576.0,5578.0,5576.0,5578.0,5577.0,5579.0,5577.0,7
2016-08-02 03:27:00,2016-08-02 03:29:00,5575.0,5574.0,5574.0,5573.0,5576.0,5575.0,5576.0,5574.0,8
2016-08-02 03:29:00,2016-08-02 03:30:00,5574.0,5574.0,5575.0,5573.0,5575.0,5575.0,5576.0,5575.0,14
2016-08-02 03:30:00,2016-08-02 03:31:00,5574.0,5575.0,5575.0,5573.0,5575.0,5576.0,5577.0,5574.0,12
2016-08-02 03:31:00,2016-08-02 03:32:00,5575.0,5576.0,5576.0,5575.0,5576.0,5577.0,5577.0,5576.0,7
2016-08-02 03:32:00,2016-08-02 03:34:00,5576.0,5575.0,5575.0,5574.0,5577.0,5577.0,5577.0,5575.0,6
2016-08-02 03:34:00,2016-08-02 03:36:00,5574.0,5574.0,5575.0,5573.0,5575.0,5576.0,5577.0,5574.0,12
2016-08-02 03:36:00,2016-08-02 03:37:00,5574.0,5576.0,5576.0,5575.0,5576.0,5577.0,5577.0,5576.0,6
2016-08-02 03:37:00,2016-08-02 03:39:00,5575.0,5573.0,5575.0,5573.0,5576.0,5574.0,5576.0,5574.0,6
2016-08-02 03:39:00,2016-08-02 03:40:00,5573.0,5573.0,5574.0,5573.0,5574.0,5575.0,5575.0,5575.0,3
2016-08-02 03:40:00,2016-08-02 03:45:00,5574.0,5571.0,5573.0,5571.0,5575.0,5573.0,5575.0,5573.0,11
2016-08-02 03:45:00,2016-08-02 03:46:00,5571.0,5572.0,5573.0,5571.0,5573.0,5573.0,5574.0,5572.0,9
2016-08-02 03:46:00,2016-08-02 03:47:00,5572.0,5570.0,5571.0,5570.0,5573.0,5571.0,5573.0,5571.0,13
2016-08-02 03:47:00,2016-08-02 03:48:00,5570.0,5571.0,5571.0,5570.0,5571.0,5573.0,5573.0,5571.0,10
2016-08-02 03:48:00,2016-08-02 03:49:00,5571.0,5570.0,5573.0,5570.0,5573.0,5572.0,5574.0,5571.0,17
2016-08-02 03:49:00,2016-08-02 03:50:00,5570.0,5571.0,5571.0,5570.0,5572.0,5572.0,5572.0,5571.0,13
2016-08-02 03:50:00,2016-08-02 03:51:00,5571.0,5571.0,5572.0,5571.0,5572.0,5572.0,5573.0,5572.0,7
2016-08-02 03:51:00,2016-08-02 03:52:00,5571.0,5569.0,5570.0,5569.0,5572.0,5570.0,5572.0,5570.0,14
2016-08-02 03:52:00,2016-08-02 03:53:00,5569.0,5569.0,5570.0,5569.0,5570.0,5570.0,5571.0,5570.0,12
2016-08-02 03:53:00,2016-08-02 03:54:00,5569.0,5568.0,5570.0,5568.0,5570.0,5570.0,5571.0,5569.0,9
2016-08-02 03:54:00,2016-08-02 03:55:00,5568.0,5568.0,5569.0,5568.0,5570.0,5570.0,5570.0,5570.0,4
2016-08-02 03:55:00,2016-08-02 03:56:00,5568.0,5566.0,5568.0,5566.0,5570.0,5567.0,5569.0,5567.0,12
2016-08-02 03:56:00,2016-08-02 03:57:00,5566.0,5567.0,5568.0,5566.0,5567.0,5568.0,5569.0,5568.0,13
2016-08-02 03:57:00,2016-08-02 03:59:00,5566.0,5565.0,5566.0,5565.0,5568.0,5567.0,5567.0,5566.0,4
2016-08-02 03:59:00,2016-08-02 04:00:00,5565.0,5568.0,5568.0,5565.0,5567.0,5569.0,5569.0,5566.0,9
2016-08-02 04:00:00,2016-08-02 04:01:00,5568.0,5567.0,5568.0,5567.0,5569.0,5569.0,5569.0,5568.0,13
2016-08-02 04:01:00,2016-08-02 04:02:00,5567.0,5566.0,5567.0,5566.0,5569.0,5568.0,5568.0,5567.0,7
2016-08-02 04:02:00,2016-08-02 04:03:00,5566.0,5565.0,5567.0,5565.0,5568.0,5567.0,5568.0,5567.0,8
2016-08-02 04:03:00,2016-08-02 04:04:00,5565.0,5564.0,5565.0,5563.0,5567.0,5565.0,5567.0,5564.0,10
2016-08-02 04:04:00,2016-08-02 04:05:00,5564.0,5559.0,5564.0,5559.0,5565.0,5560.0,5565.0,5560.0,29
2016-08-02 04:05:00,2016-08-02 04:06:00,5559.0,5561.0,5562.0,5559.0,5560.0,5562.0,5563.0,5561.0,22
2016-08-02 04:06:00,2016-08-02 04:08:00,5561.0,5560.0,5562.0,5560.0,5562.0,5562.0,5563.0,5561.0,14
2016-08-02 04:08:00,2016-08-02 04:09:00,5560.0,5559.0,5561.0,5558.0,5562.0,5560.0,5562.0,5559.0,10
2016-08-02 04:09:00,2016-08-02 04:10:00,5559.0,5557.0,5559.0,5556.0,5560.0,5559.0,5560.0,5557.0,24
2016-08-02 04:10:00,2016-08-02 04:11:00,5557.0,5557.0,5558.0,5557.0,5559.0,5558.0,5559.0,5558.0,10
2016-08-02 04:11:00,2016-08-02 04:12:00,5557.0,5556.0,5558.0,5556.0,5558.0,5558.0,5559.0,5558.0,10
2016-08-02 04:12:00,2016-08-02 04:13:00,5556.0,5559.0,5560.0,5556.0,5558.0,5561.0,5561.0,5557.0,23
2016-08-02 04:13:00,2016-08-02 04:14:00,5559.0,5560.0,5560.0,5558.0,5561.0,5561.0,5561.0,5559.0,7
2016-08-02 04:14:00,2016-08-02 04:15:00,5560.0,5559.0,5561.0,5559.0,5561.0,5561.0,5562.0,5560.0,33
2016-08-02 04:15:00,2016-08-02 04:16:00,5559.0,5561.0,5561.0,5560.0,5561.0,5562.0,5562.0,5561.0,9
2016-08-02 04:16:00,2016-08-02 04:17:00,5561.0,5560.0,5561.0,5560.0,5562.0,5561.0,5564.0,5561.0,7
2016-08-02 04:17:00,2016-08-02 04:18:00,5560.0,5564.0,5564.0,5561.0,5561.0,5565.0,5565.0,5562.0,8
2016-08-02 04:18:00,2016-08-02 04:19:00,5564.0,5566.0,5566.0,5564.0,5565.0,5567.0,5567.0,5565.0,14
2016-08-02 04:19:00,2016-08-02 04:20:00,5566.0,5564.0,5565.0,5564.0,5567.0,5565.0,5567.0,5565.0,9
2016-08-02 04:20:00,2016-08-02 04:22:00,5563.0,5563.0,5564.0,5563.0,5564.0,5564.0,5566.0,5564.0,5
2016-08-02 04:22:00,2016-08-02 04:25:00,5564.0,5564.0,5565.0,5564.0,5565.0,5566.0,5566.0,5566.0,3
2016-08-02 04:25:00,2016-08-02 04:26:00,5564.0,5565.0,5566.0,5565.0,5566.0,5569.0,5569.0,5566.0,5
2016-08-02 04:26:00,2016-08-02 04:27:00,5565.0,5571.0,5571.0,5566.0,5569.0,5572.0,5572.0,5567.0,9
2016-08-02 04:27:00,2016-08-02 04:28:00,5571.0,5571.0,5574.0,5570.0,5572.0,5572.0,5575.0,5571.0,17
2016-08-02 04:28:00,2016-08-02 04:29:00,5571.0,5571.0,5572.0,5570.0,5572.0,5573.0,5575.0,5571.0,14
2016-08-02 04:29:00,2016-08-02 04:30:00,5571.0,5584.0,5596.0,5571.0,5573.0,5585.0,5597.0,5574.0,135
2016-08-02 04:30:00,2016-08-02 04:31:00,5584.0,5576.0,5585.0,5576.0,5585.0,5578.0,5586.0,5578.0,75
2016-08-02 04:31:00,2016-08-02 04:32:00,5576.0,5579.0,5580.0,5576.0,5578.0,5580.0,5581.0,5578.0,49
2016-08-02 04:32:00,2016-08-02 04:33:00,5579.0,5576.0,5580.0,5576.0,5580.0,5577.0,5581.0,5577.0,21
2016-08-02 04:33:00,2016-08-02 04:34:00,5576.0,5573.0,5577.0,5572.0,5577.0,5575.0,5578.0,5573.0,36
2016-08-02 04:34:00,2016-08-02 04:35:00,5573.0,5578.0,5578.0,5573.0,5575.0,5579.0,5579.0,5574.0,23
2016-08-02 04:35:00,2016-08-02 04:36:00,5578.0,5578.0,5581.0,5577.0,5579.0,5579.0,5582.0,5578.0,36
2016-08-02 04:36:00,2016-08-02 04:37:00,5578.0,5582.0,5582.0,5578.0,5579.0,5583.0,5583.0,5580.0,17
2016-08-02 04:37:00,2016-08-02 04:38:00,5582.0,5584.0,5584.0,5581.0,5583.0,5585.0,5585.0,5582.0,21
2016-08-02 04:38:00,2016-08-02 04:39:00,5584.0,5581.0,5584.0,5581.0,5585.0,5583.0,5585.0,5582.0,15
2016-08-02 04:39:00,2016-08-02 04:40:00,5581.0,5583.0,5584.0,5582.0,5583.0,5584.0,5585.0,5583.0,17
2016-08-02 04:40:00,2016-08-02 04:41:00,5583.0,5583.0,5584.0,5582.0,5584.0,5585.0,5586.0,5584.0,5
2016-08-02 04:41:00,2016-08-02 04:42:00,5583.0,5582.0,5583.0,5582.0,5585.0,5583.0,5584.0,5583.0,5
2016-08-02 04:42:00,2016-08-02 04:43:00,5582.0,5582.0,5583.0,5582.0,5583.0,5584.0,5584.0,5583.0,11
2016-08-02 04:43:00,2016-08-02 04:45:00,5582.0,5582.0,5582.0,5581.0,5584.0,5583.0,5584.0,5583.0,5
2016-08-02 04:45:00,2016-08-02 04:46:00,5582.0,5578.0,5583.0,5578.0,5583.0,5579.0,5584.0,5579.0,11
2016-08-02 04:46:00,2016-08-02 04:47:00,5578.0,5579.0,5580.0,5578.0,5579.0,5580.0,5581.0,5579.0,21
2016-08-02 04:47:00,2016-08-02 04:48:00,5579.0,5574.0,5578.0,5574.0,5580.0,5575.0,5580.0,5575.0,23
2016-08-02 04:48:00,2016-08-02 04:49:00,5574.0,5573.0,5575.0,5572.0,5575.0,5574.0,5576.0,5573.0,23
2016-08-02 04:49:00,2016-08-02 04:50:00,5573.0,5576.0,5576.0,5573.0,5574.0,5577.0,5577.0,5574.0,13
2016-08-02 04:50:00,2016-08-02 04:51:00,5576.0,5572.0,5576.0,5571.0,5577.0,5573.0,5579.0,5572.0,31
2016-08-02 04:51:00,2016-08-02 04:52:00,5572.0,5568.0,5573.0,5568.0,5573.0,5569.0,5574.0,5569.0,25
2016-08-02 04:52:00,2016-08-02 04:53:00,5568.0,5569.0,5569.0,5565.0,5569.0,5570.0,5570.0,5566.0,24
2016-08-02 04:53:00,2016-08-02 04:54:00,5569.0,5570.0,5570.0,5568.0,5570.0,5572.0,5572.0,5570.0,9
2016-08-02 04:54:00,2016-08-02 04:55:00,5570.0,5568.0,5572.0,5567.0,5572.0,5569.0,5573.0,5569.0,17
2016-08-02 04:55:00,2016-08-02 04:56:00,5568.0,5565.0,5568.0,5565.0,5569.0,5567.0,5569.0,5566.0,18
2016-08-02 04:56:00,2016-08-02 04:57:00,5565.0,5562.0,5566.0,5562.0,5567.0,5563.0,5567.0,5563.0,29
2016-08-02 04:57:00,2016-08-02 04:58:00,5562.0,5559.0,5564.0,5556.0,5563.0,5561.0,5565.0,5558.0,39
2016-08-02 04:58:00,2016-08-02 04:59:00,5559.0,5554.0,5560.0,5552.0,5561.0,5555.0,5561.0,5553.0,38
2016-08-02 04:59:00,2016-08-02 05:00:00,5554.0,5557.0,5558.0,5554.0,5555.0,5558.0,5559.0,5556.0,33
2016-08-02 05:00:00,2016-08-02 05:01:00,5557.0,5559.0,5559.0,5557.0,5558.0,5560.0,5560.0,5558.0,9
2016-08-02 05:01:00,2016-08-02 05:02:00,5559.0,5560.0,5560.0,5559.0,5560.0,5561.0,5561.0,5560.0,5
2016-08-02 05:02:00,2016-08-02 05:03:00,5560.0,5565.0,5565.0,5560.0,5561.0,5567.0,5567.0,5562.0,16
2016-08-02 05:03:00,2016-08-02 05:04:00,5565.0,5568.0,5568.0,5565.0,5567.0,5569.0,5569.0,5566.0,22
2016-08-02 05:04:00,2016-08-02 05:05:00,5568.0,5568.0,5569.0,5567.0,5569.0,5569.0,5571.0,5568.0,19
2016-08-02 05:05:00,2016-08-02 05:06:00,5568.0,5565.0,5566.0,5565.0,5569.0,5566.0,5568.0,5566.0,8
2016-08-02 05:06:00,2016-08-02 05:07:00,5565.0,5565.0,5566.0,5563.0,5566.0,5566.0,5567.0,5564.0,13
2016-08-02 05:07:00,2016-08-02 05:08:00,5565.0,5565.0,5567.0,5564.0,5566.0,5566.0,5568.0,5565.0,14
2016-08-02 05:08:00,2016-08-02 05:09:00,5565.0,5563.0,5564.0,5563.0,5566.0,5564.0,5566.0,5564.0,13
2016-08-02 05:09:00,2016-08-02 05:10:00,5563.0,5563.0,5564.0,5563.0,5564.0,5565.0,5565.0,5564.0,4
2016-08-02 05:10:00,2016-08-02 05:12:00,5563.0,5561.0,5563.0,5561.0,5564.0,5562.0,5565.0,5562.0,14
2016-08-02 05:12:00,2016-08-02 05:13:00,5561.0,5560.0,5562.0,5560.0,5562.0,5562.0,5563.0,5561.0,7
2016-08-02 05:13:00,2016-08-02 05:14:00,5560.0,5558.0,5561.0,5558.0,5562.0,5559.0,5562.0,5559.0,28
2016-08-02 05:14:00,2016-08-02 05:15:00,5558.0,5556.0,5559.0,5556.0,5559.0,5557.0,5561.0,5557.0,12
2016-08-02 05:15:00,2016-08-02 05:16:00,5556.0,5555.0,5557.0,5555.0,5557.0,5557.0,5558.0,5556.0,12
2016-08-02 05:16:00,2016-08-02 05:17:00,5555.0,5554.0,5555.0,5554.0,5557.0,5555.0,5558.0,5555.0,10
2016-08-02 05:17:00,2016-08-02 05:18:00,5554.0,5549.0,5554.0,5547.0,5555.0,5550.0,5555.0,5549.0,35
2016-08-02 05:18:00,2016-08-02 05:19:00,5549.0,5552.0,5552.0,5548.0,5550.0,5553.0,5553.0,5549.0,15
2016-08-02 05:19:00,2016-08-02 05:20:00,5552.0,5555.0,5555.0,5552.0,5553.0,5556.0,5557.0,5553.0,12
2016-08-02 05:20:00,2016-08-02 05:21:00,5555.0,5557.0,5557.0,5555.0,5556.0,5558.0,5558.0,5556.0,8
2016-08-02 05:21:00,2016-08-02 05:22:00,5557.0,5556.0,5557.0,5555.0,5558.0,5558.0,5558.0,5556.0,14
2016-08-02 05:22:00,2016-08-02 05:23:00,5556.0,5556.0,5556.0,5555.0,5558.0,5557.0,5557.0,5556.0,11
2016-08-02 05:23:00,2016-08-02 05:25:00,5556.0,5556.0,5558.0,5556.0,5557.0,5558.0,5559.0,5557.0,13
2016-08-02 05:25:00,2016-08-02 05:26:00,5556.0,5557.0,5558.0,5556.0,5558.0,5558.0,5559.0,5557.0,25
2016-08-02 05:26:00,2016-08-02 05:27:00,5557.0,5557.0,5558.0,5556.0,5558.0,5558.0,5560.0,5558.0,8
2016-08-02 05:27:00,2016-08-02 05:29:00,5557.0,5557.0,5558.0,5556.0,5558.0,5558.0,5561.0,5557.0,7
2016-08-02 05:29:00,2016-08-02 05:30:00,5557.0,5557.0,5558.0,5556.0,5558.0,5558.0,5559.0,5557.0,7
2016-08-02 05:30:00,2016-08-02 05:31:00,5557.0,5561.0,5561.0,5557.0,5558.0,5563.0,5563.0,5559.0,18
2016-08-02 05:31:00,2016-08-02 05:32:00,5561.0,5561.0,5563.0,5561.0,5563.0,5562.0,5565.0,5562.0,14
2016-08-02 05:32:00,2016-08-02 05:33:00,5561.0,5560.0,5563.0,5560.0,5562.0,5561.0,5564.0,5561.0,25
2016-08-02 05:33:00,2016-08-02 05:34:00,5560.0,5559.0,5560.0,5559.0,5561.0,5561.0,5562.0,5561.0,3
2016-08-02 05:34:00,2016-08-02 05:35:00,5559.0,5559.0,5560.0,5559.0,5561.0,5560.0,5561.0,5560.0,9
2016-08-02 05:35:00,2016-08-02 05:37:00,5559.0,5562.0,5563.0,5560.0,5561.0,5563.0,5564.0,5561.0,15
2016-08-02 05:37:00,2016-08-02 05:38:00,5562.0,5563.0,5565.0,5563.0,5563.0,5564.0,5566.0,5564.0,32
2016-08-02 05:38:00,2016-08-02 05:39:00,5563.0,5562.0,5564.0,5562.0,5564.0,5563.0,5566.0,5563.0,8
2016-08-02 05:39:00,2016-08-02 05:40:00,5562.0,5561.0,5562.0,5561.0,5563.0,5563.0,5564.0,5562.0,10
2016-08-02 05:40:00,2016-08-02 05:41:00,5561.0,5561.0,5562.0,5560.0,5563.0,5562.0,5564.0,5562.0,12
2016-08-02 05:41:00,2016-08-02 05:42:00,5561.0,5560.0,5561.0,5560.0,5562.0,5561.0,5563.0,5561.0,4
2016-08-02 05:42:00,2016-08-02 05:43:00,5560.0,5562.0,5563.0,5560.0,5561.0,5563.0,5564.0,5562.0,14
2016-08-02 05:43:00,2016-08-02 05:44:00,5562.0,5561.0,5561.0,5560.0,5563.0,5562.0,5563.0,5561.0,10
2016-08-02 05:44:00,2016-08-02 05:46:00,5562.0,5562.0,5563.0,5561.0,5563.0,5563.0,5565.0,5562.0,13
2016-08-02 05:46:00,2016-08-02 05:50:00,5560.0,5559.0,5560.0,5559.0,5561.0,5560.0,5561.0,5560.0,18
2016-08-02 05:50:00,2016-08-02 05:51:00,5559.0,5557.0,5558.0,5557.0,5560.0,5558.0,5561.0,5558.0,12
2016-08-02 05:51:00,2016-08-02 05:52:00,5557.0,5556.0,5557.0,5556.0,5558.0,5557.0,5558.0,5557.0,18
2016-08-02 05:52:00,2016-08-02 05:53:00,5556.0,5556.0,5557.0,5555.0,5557.0,5557.0,5559.0,5557.0,11
2016-08-02 05:53:00,2016-08-02 05:54:00,5556.0,5556.0,5557.0,5556.0,5557.0,5557.0,5558.0,5557.0,15
2016-08-02 05:54:00,2016-08-02 05:55:00,5556.0,5556.0,5557.0,5556.0,5557.0,5557.0,5558.0,5557.0,23
2016-08-02 05:55:00,2016-08-02 05:56:00,5556.0,5556.0,5557.0,5556.0,5557.0,5558.0,5558.0,5557.0,28
2016-08-02 05:56:00,2016-08-02 05:57:00,5556.0,5557.0,5558.0,5556.0,5558.0,5558.0,5559.0,5558.0,12
2016-08-02 05:57:00,2016-08-02 05:58:00,5557.0,5558.0,5558.0,5557.0,5558.0,5559.0,5559.0,5558.0,7
2016-08-02 05:58:00,2016-08-02 05:59:00,5558.0,5557.0,5558.0,5556.0,5559.0,5558.0,5559.0,5557.0,16
2016-08-02 05:59:00,2016-08-02 06:00:00,5557.0,5561.0,5563.0,5557.0,5558.0,5563.0,5564.0,5559.0,34
2016-08-02 06:00:00,2016-08-02 06:01:00,5561.0,5563.0,5563.0,5561.0,5563.0,5564.0,5564.0,5562.0,11
2016-08-02 06:01:00,2016-08-02 06:02:00,5563.0,5562.0,5563.0,5561.0,5564.0,5563.0,5564.0,5562.0,27
2016-08-02 06:02:00,2016-08-02 06:03:00,5562.0,5562.0,5562.0,5561.0,5563.0,5563.0,5563.0,5562.0,7
2016-08-02 06:03:00,2016-08-02 06:05:00,5564.0,5563.0,5564.0,5563.0,5565.0,5565.0,5566.0,5564.0,14
2016-08-02 06:05:00,2016-08-02 06:06:00,5563.0,5563.0,5564.0,5562.0,5565.0,5564.0,5565.0,5563.0,11
2016-08-02 06:06:00,2016-08-02 06:07:00,5563.0,5562.0,5563.0,5561.0,5564.0,5563.0,5564.0,5562.0,14
2016-08-02 06:07:00,2016-08-02 06:08:00,5562.0,5558.0,5563.0,5558.0,5563.0,5560.0,5564.0,5560.0,30
2016-08-02 06:08:00,2016-08-02 06:09:00,5558.0,5548.0,5559.0,5548.0,5560.0,5550.0,5560.0,5549.0,70
2016-08-02 06:09:00,2016-08-02 06:10:00,5548.0,5547.0,5550.0,5546.0,5550.0,5548.0,5552.0,5547.0,45
2016-08-02 06:10:00,2016-08-02 06:12:00,5547.0,5548.0,5548.0,5546.0,5548.0,5549.0,5549.0,5547.0,18
2016-08-02 06:12:00,2016-08-02 06:13:00,5548.0,5548.0,5550.0,5548.0,5549.0,5550.0,5551.0,5550.0,7
2016-08-02 06:13:00,2016-08-02 06:14:00,5548.0,5548.0,5549.0,5546.0,5550.0,5549.0,5550.0,5548.0,22
2016-08-02 06:14:00,2016-08-02 06:15:00,5548.0,5550.0,5550.0,5548.0,5549.0,5551.0,5552.0,5550.0,23
2016-08-02 06:15:00,2016-08-02 06:16:00,5550.0,5550.0,5551.0,5549.0,5551.0,5551.0,5552.0,5551.0,9
2016-08-02 06:16:00,2016-08-02 06:17:00,5550.0,5551.0,5552.0,5550.0,5551.0,5552.0,5554.0,5552.0,12
2016-08-02 06:17:00,2016-08-02 06:18:00,5551.0,5550.0,5551.0,5550.0,5552.0,5551.0,5553.0,5551.0,4
2016-08-02 06:18:00,2016-08-02 06:19:00,5550.0,5548.0,5551.0,5548.0,5551.0,5549.0,5552.0,5549.0,7
2016-08-02 06:19:00,2016-08-02 06:21:00,5547.0,5545.0,5546.0,5545.0,5548.0,5547.0,5548.0,5546.0,7
2016-08-02 06:21:00,2016-08-02 06:23:00,5545.0,5543.0,5546.0,5543.0,5546.0,5546.0,5547.0,5545.0,12
2016-08-02 06:23:00,2016-08-02 06:24:00,5543.0,5545.0,5545.0,5542.0,5546.0,5546.0,5546.0,5543.0,29
2016-08-02 06:24:00,2016-08-02 06:25:00,5545.0,5547.0,5547.0,5545.0,5546.0,5549.0,5549.0,5547.0,7
2016-08-02 06:25:00,2016-08-02 06:26:00,5547.0,5548.0,5548.0,5547.0,5549.0,5549.0,5549.0,5548.0,12
2016-08-02 06:26:00,2016-08-02 06:27:00,5548.0,5548.0,5549.0,5548.0,5549.0,5549.0,5552.0,5549.0,8
2016-08-02 06:27:00,2016-08-02 06:28:00,5548.0,5551.0,5551.0,5548.0,5549.0,5552.0,5552.0,5550.0,7
2016-08-02 06:28:00,2016-08-02 06:29:00,5551.0,5554.0,5555.0,5551.0,5552.0,5555.0,5556.0,5553.0,13
2016-08-02 06:29:00,2016-08-02 07:10:00,5554.0,5550.0,5553.0,5550.0,5555.0,5551.0,5554.0,5551.0,11
2016-08-02 07:10:00,2016-08-02 07:11:00,5550.0,5543.0,5549.0,5543.0,5551.0,5544.0,5552.0,5544.0,19
2016-08-02 07:11:00,2016-08-02 07:12:00,5543.0,5541.0,5542.0,5540.0,5544.0,5544.0,5544.0,5542.0,18
2016-08-02 07:12:00,2016-08-02 07:13:00,5541.0,5543.0,5543.0,5543.0,5544.0,5545.0,5545.0,5544.0,9
2016-08-02 07:13:00,2016-08-02 07:14:00,5543.0,5543.0,5544.0,5543.0,5545.0,5545.0,5546.0,5544.0,12
2016-08-02 07:14:00,2016-08-02 07:15:00,5543.0,5545.0,5546.0,5544.0,5545.0,5546.0,5547.0,5545.0,8
2016-08-02 07:15:00,2016-08-02 07:16:00,5545.0,5544.0,5545.0,5544.0,5546.0,5546.0,5547.0,5546.0,7
2016-08-02 07:16:00,2016-08-02 07:17:00,5544.0,5543.0,5544.0,5543.0,5546.0,5545.0,5546.0,5544.0,17
2016-08-02 07:17:00,2016-08-02 07:18:00,5543.0,5543.0,5543.0,5542.0,5545.0,5544.0,5544.0,5544.0,3
2016-08-02 07:18:00,2016-08-02 07:19:00,5543.0,5542.0,5543.0,5542.0,5544.0,5543.0,5545.0,5543.0,3
2016-08-02 07:19:00,2016-08-02 07:20:00,5542.0,5544.0,5544.0,5541.0,5543.0,5545.0,5546.0,5543.0,18
2016-08-02 07:20:00,2016-08-02 07:21:00,5544.0,5541.0,5544.0,5541.0,5545.0,5542.0,5547.0,5542.0,35
2016-08-02 07:21:00,2016-08-02 07:26:00,5541.0,5542.0,5543.0,5541.0,5542.0,5544.0,5544.0,5542.0,13
2016-08-02 07:26:00,2016-08-02 07:27:00,5542.0,5544.0,5546.0,5542.0,5544.0,5546.0,5547.0,5544.0,25
2016-08-02 07:27:00,2016-08-02 07:28:00,5544.0,5544.0,5545.0,5544.0,5546.0,5546.0,5547.0,5545.0,7
2016-08-02 07:28:00,2016-08-02 07:30:00,5544.0,5543.0,5544.0,5542.0,5546.0,5545.0,5547.0,5544.0,11
2016-08-02 07:30:00,2016-08-02 07:31:00,5543.0,5545.0,5545.0,5544.0,5545.0,5546.0,5547.0,5545.0,7
2016-08-02 07:31:00,2016-08-02 07:32:00,5545.0,5547.0,5547.0,5545.0,5546.0,5548.0,5549.0,5547.0,12
2016-08-02 07:32:00,2016-08-02 07:35:00,5546.0,5543.0,5545.0,5543.0,5547.0,5544.0,5547.0,5544.0,10
2016-08-02 07:35:00,2016-08-02 07:38:00,5543.0,5542.0,5542.0,5541.0,5544.0,5543.0,5544.0,5542.0,25
2016-08-02 07:38:00,2016-08-02 07:39:00,5542.0,5539.0,5541.0,5539.0,5543.0,5540.0,5542.0,5540.0,20
2016-08-02 07:39:00,2016-08-02 07:40:00,5539.0,5539.0,5540.0,5538.0,5540.0,5541.0,5541.0,5540.0,16
2016-08-02 07:40:00,2016-08-02 07:41:00,5539.0,5540.0,5541.0,5540.0,5541.0,5541.0,5542.0,5541.0,8
2016-08-02 07:41:00,2016-08-02 07:42:00,5540.0,5539.0,5540.0,5538.0,5541.0,5541.0,5543.0,5540.0,28
2016-08-02 07:42:00,2016-08-02 07:43:00,5539.0,5540.0,5541.0,5539.0,5541.0,5542.0,5542.0,5540.0,23
2016-08-02 07:43:00,2016-08-02 07:44:00,5540.0,5540.0,5541.0,5540.0,5542.0,5544.0,5544.0,5541.0,16
2016-08-02 07:44:00,2016-08-02 07:45:00,5540.0,5540.0,5541.0,5538.0,5544.0,5541.0,5542.0,5540.0,29
2016-08-02 07:45:00,2016-08-02 07:46:00,5540.0,5538.0,5540.0,5537.0,5541.0,5539.0,5541.0,5538.0,27
2016-08-02 07:46:00,2016-08-02 07:47:00,5538.0,5537.0,5538.0,5537.0,5539.0,5538.0,5541.0,5538.0,16
2016-08-02 07:47:00,2016-08-02 07:48:00,5537.0,5534.0,5536.0,5534.0,5538.0,5535.0,5537.0,5535.0,4
2016-08-02 07:48:00,2016-08-02 07:49:00,5534.0,5536.0,5536.0,5534.0,5535.0,5537.0,5537.0,5536.0,18
2016-08-02 07:49:00,2016-08-02 07:51:00,5537.0,5534.0,5537.0,5534.0,5538.0,5535.0,5538.0,5535.0,16
2016-08-02 07:51:00,2016-08-02 07:52:00,5534.0,5533.0,5534.0,5533.0,5535.0,5535.0,5535.0,5534.0,4
2016-08-02 07:52:00,2016-08-02 07:54:00,5532.0,5532.0,5533.0,5532.0,5534.0,5536.0,5536.0,5534.0,16
2016-08-02 07:54:00,2016-08-02 07:55:00,5532.0,5532.0,5533.0,5532.0,5536.0,5533.0,5534.0,5533.0,5
2016-08-02 07:55:00,2016-08-02 07:56:00,5532.0,5531.0,5532.0,5531.0,5533.0,5533.0,5533.0,5532.0,6
2016-08-02 07:56:00,2016-08-02 07:57:00,5531.0,5532.0,5532.0,5531.0,5533.0,5533.0,5535.0,5532.0,10
2016-08-02 07:57:00,2016-08-02 07:59:00,5532.0,5530.0,5532.0,5530.0,5533.0,5532.0,5534.0,5532.0,11
2016-08-02 07:59:00,2016-08-02 08:00:00,5530.0,5531.0,5531.0,5530.0,5532.0,5532.0,5532.0,5531.0,11
2016-08-02 08:00:00,2016-08-02 08:02:00,5532.0,5533.0,5534.0,5532.0,5533.0,5534.0,5535.0,5534.0,4
2016-08-02 08:02:00,2016-08-02 08:03:00,5533.0,5534.0,5534.0,5533.0,5534.0,5535.0,5536.0,5534.0,6
2016-08-02 08:03:00,2016-08-02 08:04:00,5534.0,5536.0,5536.0,5533.0,5535.0,5537.0,5537.0,5534.0,13
2016-08-02 08:04:00,2016-08-02 08:05:00,5536.0,5534.0,5535.0,5533.0,5537.0,5536.0,5537.0,5534.0,26
2016-08-02 08:05:00,2016-08-02 08:07:00,5535.0,5534.0,5535.0,5533.0,5536.0,5535.0,5537.0,5535.0,14
2016-08-02 08:07:00,2016-08-02 08:08:00,5534.0,5533.0,5534.0,5533.0,5535.0,5535.0,5536.0,5534.0,10
2016-08-02 08:08:00,2016-08-02 08:09:00,5533.0,5536.0,5536.0,5534.0,5535.0,5537.0,5537.0,5535.0,16
2016-08-02 08:09:00,2016-08-02 08:11:00,5535.0,5534.0,5536.0,5532.0,5537.0,5535.0,5537.0,5533.0,21
2016-08-02 08:11:00,2016-08-02 08:12:00,5534.0,5534.0,5535.0,5533.0,5535.0,5536.0,5536.0,5535.0,13
2016-08-02 08:12:00,2016-08-02 08:13:00,5534.0,5535.0,5535.0,5534.0,5536.0,5536.0,5536.0,5535.0,9
2016-08-02 08:13:00,2016-08-02 08:14:00,5535.0,5535.0,5535.0,5534.0,5536.0,5536.0,5537.0,5536.0,12
2016-08-02 08:14:00,2016-08-02 08:15:00,5535.0,5535.0,5536.0,5535.0,5536.0,5536.0,5537.0,5536.0,8
2016-08-02 08:15:00,2016-08-02 08:16:00,5535.0,5535.0,5535.0,5534.0,5536.0,5536.0,5537.0,5536.0,5
2016-08-02 08:16:00,2016-08-02 08:17:00,5535.0,5531.0,5535.0,5531.0,5536.0,5532.0,5536.0,5532.0,19
2016-08-02 08:17:00,2016-08-02 08:18:00,5531.0,5527.0,5530.0,5527.0,5532.0,5529.0,5532.0,5529.0,27
2016-08-02 08:18:00,2016-08-02 08:19:00,5527.0,5528.0,5529.0,5527.0,5529.0,5529.0,5531.0,5529.0,8
2016-08-02 08:19:00,2016-08-02 08:20:00,5528.0,5527.0,5527.0,5526.0,5529.0,5528.0,5528.0,5527.0,15
2016-08-02 08:20:00,2016-08-02 08:21:00,5527.0,5528.0,5529.0,5526.0,5528.0,5530.0,5531.0,5527.0,12
2016-08-02 08:21:00,2016-08-02 08:22:00,5528.0,5529.0,5530.0,5529.0,5530.0,5530.0,5531.0,5530.0,3
2016-08-02 08:22:00,2016-08-02 08:23:00,5529.0,5528.0,5529.0,5528.0,5530.0,5529.0,5531.0,5529.0,5
2016-08-02 08:23:00,2016-08-02 08:24:00,5528.0,5529.0,5531.0,5528.0,5529.0,5530.0,5532.0,5530.0,21
2016-08-02 08:24:00,2016-08-02 08:25:00,5529.0,5528.0,5529.0,5528.0,5530.0,5529.0,5530.0,5529.0,15
2016-08-02 08:25:00,2016-08-02 08:26:00,5528.0,5528.0,5528.0,5527.0,5529.0,5529.0,5530.0,5528.0,7
2016-08-02 08:26:00,2016-08-02 08:27:00,5528.0,5529.0,5529.0,5528.0,5529.0,5531.0,5531.0,5530.0,5
2016-08-02 08:27:00,2016-08-02 08:28:00,5529.0,5526.0,5528.0,5526.0,5531.0,5528.0,5531.0,5528.0,8
2016-08-02 08:28:00,2016-08-02 08:29:00,5526.0,5525.0,5527.0,5524.0,5528.0,5526.0,5529.0,5525.0,19
2016-08-02 08:29:00,2016-08-02 08:31:00,5525.0,5526.0,5526.0,5525.0,5527.0,5528.0,5529.0,5526.0,7
2016-08-02 08:31:00,2016-08-02 08:32:00,5526.0,5529.0,5529.0,5527.0,5528.0,5530.0,5530.0,5528.0,6
2016-08-02 08:32:00,2016-08-02 08:33:00,5529.0,5526.0,5528.0,5526.0,5530.0,5528.0,5531.0,5527.0,16
2016-08-02 08:33:00,2016-08-02 08:34:00,5526.0,5528.0,5528.0,5525.0,5528.0,5529.0,5530.0,5526.0,33
2016-08-02 08:34:00,2016-08-02 08:35:00,5528.0,5529.0,5529.0,5528.0,5529.0,5530.0,5530.0,5529.0,9
2016-08-02 08:35:00,2016-08-02 08:36:00,5529.0,5529.0,5530.0,5529.0,5530.0,5530.0,5532.0,5530.0,6
2016-08-02 08:36:00,2016-08-02 08:37:00,5529.0,5528.0,5528.0,5527.0,5530.0,5529.0,5530.0,5528.0,4
2016-08-02 08:37:00,2016-08-02 08:38:00,5528.0,5528.0,5528.0,5527.0,5529.0,5529.0,5530.0,5529.0,4
2016-08-02 08:38:00,2016-08-02 08:42:00,5527.0,5525.0,5526.0,5525.0,5529.0,5527.0,5528.0,5526.0,5
2016-08-02 08:42:00,2016-08-02 08:44:00,5526.0,5523.0,5526.0,5523.0,5528.0,5524.0,5527.0,5524.0,7
2016-08-02 08:44:00,2016-08-02 08:45:00,5523.0,5523.0,5523.0,5522.0,5524.0,5524.0,5524.0,5523.0,12
2016-08-02 08:45:00,2016-08-02 08:46:00,5523.0,5525.0,5525.0,5522.0,5524.0,5526.0,5526.0,5524.0,18
2016-08-02 08:46:00,2016-08-02 08:47:00,5525.0,5523.0,5525.0,5523.0,5526.0,5525.0,5526.0,5525.0,8
2016-08-02 08:47:00,2016-08-02 08:49:00,5524.0,5524.0,5524.0,5523.0,5525.0,5526.0,5526.0,5525.0,3
2016-08-02 08:49:00,2016-08-02 08:51:00,5524.0,5524.0,5524.0,5523.0,5526.0,5526.0,5526.0,5526.0,2
2016-08-02 08:51:00,2016-08-02 08:53:00,5524.0,5525.0,5525.0,5524.0,5526.0,5526.0,5527.0,5526.0,2
2016-08-02 08:53:00,2016-08-02 08:54:00,5525.0,5525.0,5525.0,5524.0,5526.0,5527.0,5527.0,5526.0,3
2016-08-02 08:54:00,2016-08-02 08:55:00,5525.0,5526.0,5526.0,5525.0,5527.0,5528.0,5529.0,5527.0,4
2016-08-02 08:55:00,2016-08-02 08:56:00,5526.0,5529.0,5529.0,5527.0,5528.0,5530.0,5530.0,5528.0,5
2016-08-02 08:56:00,2016-08-02 08:57:00,5529.0,5531.0,5531.0,5529.0,5530.0,5532.0,5532.0,5531.0,3
2016-08-02 08:57:00,2016-08-02 08:58:00,5531.0,5530.0,5531.0,5530.0,5532.0,5531.0,5534.0,5531.0,9
2016-08-02 08:58:00,2016-08-02 09:00:00,5530.0,5529.0,5530.0,5528.0,5532.0,5531.0,5531.0,5529.0,14
2016-08-02 09:00:00,2016-08-02 09:01:00,5529.0,5530.0,5530.0,5529.0,5531.0,5531.0,5532.0,5530.0,7
2016-08-02 09:01:00,2016-08-02 09:03:00,5530.0,5527.0,5530.0,5527.0,5532.0,5529.0,5531.0,5528.0,8
2016-08-02 09:03:00,2016-08-02 09:04:00,5527.0,5528.0,5528.0,5528.0,5529.0,5529.0,5530.0,5529.0,9
2016-08-02 09:04:00,2016-08-02 09:06:00,5529.0,5529.0,5529.0,5529.0,5530.0,5530.0,5531.0,5530.0,6
2016-08-02 09:06:00,2016-08-02 09:08:00,5529.0,5530.0,5530.0,5529.0,5531.0,5531.0,5533.0,5531.0,8
2016-08-02 09:08:00,2016-08-02 09:10:00,5530.0,5531.0,5531.0,5529.0,5531.0,5532.0,5533.0,5531.0,6
2016-08-02 09:10:00,2016-08-02 09:15:00,5530.0,5529.0,5530.0,5529.0,5531.0,5531.0,5532.0,5530.0,6
2016-08-02 09:15:00,2016-08-02 09:16:00,5529.0,5529.0,5529.0,5529.0,5531.0,5530.0,5531.0,5530.0,5
2016-08-02 09:16:00,2016-08-02 09:17:00,5529.0,5529.0,5529.0,5529.0,5530.0,5531.0,5531.0,5530.0,5
2016-08-02 09:17:00,2016-08-02 09:18:00,5529.0,5531.0,5531.0,5530.0,5531.0,5532.0,5532.0,5531.0,4
2016-08-02 09:18:00,2016-08-02 09:20:00,5531.0,5532.0,5532.0,5531.0,5532.0,5533.0,5535.0,5533.0,10
2016-08-02 09:20:00,2016-08-02 09:21:00,5532.0,5531.0,5533.0,5531.0,5533.0,5532.0,5534.0,5532.0,19
2016-08-02 09:21:00,2016-08-02 09:22:00,5531.0,5532.0,5533.0,5531.0,5532.0,5533.0,5536.0,5533.0,10
2016-08-02 09:22:00,2016-08-02 09:30:00,5532.0,5533.0,5533.0,5532.0,5534.0,5534.0,5535.0,5534.0,3
2016-08-02 09:30:00,2016-08-02 09:32:00,5533.0,5533.0,5533.0,5532.0,5534.0,5534.0,5536.0,5534.0,2
2016-08-02 09:32:00,2016-08-02 09:34:00,5533.0,5535.0,5536.0,5534.0,5535.0,5536.0,5538.0,5535.0,12
2016-08-02 09:34:00,2016-08-02 09:36:00,5535.0,5535.0,5536.0,5535.0,5536.0,5537.0,5537.0,5537.0,5
2016-08-02 09:36:00,2016-08-02 09:39:00,5535.0,5536.0,5536.0,5535.0,5537.0,5537.0,5537.0,5536.0,4
2016-08-02 09:39:00,2016-08-02 09:41:00,5537.0,5536.0,5536.0,5536.0,5538.0,5538.0,5538.0,5537.0,7
2016-08-02 09:41:00,2016-08-02 09:43:00,5536.0,5536.0,5537.0,5536.0,5538.0,5538.0,5538.0,5537.0,5
2016-08-02 09:43:00,2016-08-02 09:44:00,5536.0,5536.0,5537.0,5536.0,5538.0,5540.0,5540.0,5537.0,6
2016-08-02 09:44:00,2016-08-02 09:45:00,5536.0,5538.0,5538.0,5537.0,5540.0,5539.0,5539.0,5538.0,10
2016-08-02 09:45:00,2016-08-02 09:47:00,5538.0,5537.0,5537.0,5536.0,5539.0,5538.0,5540.0,5538.0,6
2016-08-02 09:47:00,2016-08-02 09:48:00,5537.0,5537.0,5537.0,5537.0,5538.0,5539.0,5539.0,5538.0,5
2016-08-02 09:48:00,2016-08-02 09:51:00,5537.0,5538.0,5538.0,5537.0,5538.0,5539.0,5539.0,5538.0,8
2016-08-02 09:51:00,2016-08-02 09:54:00,5537.0,5536.0,5536.0,5536.0,5538.0,5537.0,5538.0,5537.0,5
2016-08-02 09:54:00,2016-08-02 09:55:00,5536.0,5537.0,5537.0,5536.0,5537.0,5538.0,5539.0,5538.0,4
2016-08-02 09:55:00,2016-08-02 09:57:00,5536.0,5536.0,5537.0,5535.0,5537.0,5538.0,5539.0,5537.0,9
2016-08-02 09:57:00,2016-08-02 10:00:00,5536.0,5536.0,5536.0,5535.0,5537.0,5537.0,5537.0,5536.0,4
2016-08-02 10:00:00,2016-08-02 10:01:00,5536.0,5535.0,5536.0,5535.0,5537.0,5537.0,5537.0,5536.0,4
2016-08-02 10:01:00,2016-08-02 10:03:00,5536.0,5535.0,5535.0,5535.0,5537.0,5537.0,5537.0,5536.0,7
2016-08-02 10:03:00,2016-08-02 10:11:00,5537.0,5538.0,5538.0,5536.0,5541.0,5539.0,5541.0,5539.0,3
2016-08-02 10:11:00,2016-08-02 10:17:00,5539.0,5539.0,5539.0,5537.0,5540.0,5540.0,5541.0,5540.0,3
2016-08-02 10:17:00,2016-08-02 10:19:00,5539.0,5539.0,5539.0,5538.0,5540.0,5540.0,5540.0,5540.0,6
2016-08-02 10:19:00,2016-08-02 10:21:00,5540.0,5538.0,5540.0,5538.0,5541.0,5540.0,5543.0,5539.0,12
2016-08-02 10:21:00,2016-08-02 10:22:00,5538.0,5537.0,5539.0,5537.0,5540.0,5538.0,5541.0,5538.0,10
2016-08-02 10:22:00,2016-08-02 10:23:00,5537.0,5537.0,5537.0,5536.0,5538.0,5539.0,5540.0,5538.0,6
2016-08-02 10:23:00,2016-08-02 10:28:00,5536.0,5536.0,5537.0,5536.0,5538.0,5537.0,5538.0,5537.0,2
2016-08-02 10:28:00,2016-08-02 10:32:00,5535.0,5537.0,5537.0,5535.0,5536.0,5538.0,5539.0,5537.0,7
2016-08-02 10:32:00,2016-08-02 10:33:00,5537.0,5538.0,5539.0,5537.0,5538.0,5540.0,5540.0,5539.0,5
2016-08-02 10:33:00,2016-08-02 10:35:00,5539.0,5539.0,5540.0,5538.0,5540.0,5541.0,5542.0,5540.0,5
2016-08-02 10:35:00,2016-08-02 10:36:00,5539.0,5540.0,5540.0,5540.0,5541.0,5541.0,5542.0,5541.0,5
2016-08-02 10:36:00,2016-08-02 10:37:00,5540.0,5540.0,5541.0,5540.0,5541.0,5541.0,5542.0,5541.0,8
2016-08-02 10:37:00,2016-08-02 10:38:00,5540.0,5540.0,5541.0,5540.0,5541.0,5542.0,5542.0,5542.0,6
2016-08-02 10:38:00,2016-08-02 10:42:00,5540.0,5540.0,5541.0,5539.0,5541.0,5541.0,5542.0,5540.0,9
2016-08-02 10:42:00,2016-08-02 10:43:00,5540.0,5540.0,5540.0,5539.0,5541.0,5542.0,5542.0,5541.0,7
2016-08-02 10:43:00,2016-08-02 10:44:00,5540.0,5540.0,5540.0,5539.0,5542.0,5542.0,5542.0,5541.0,4
2016-08-02 10:44:00,2016-08-02 10:45:00,5540.0,5540.0,5540.0,5539.0,5542.0,5541.0,5543.0,5541.0,6
2016-08-02 10:45:00,2016-08-02 10:47:00,5539.0,5538.0,5539.0,5538.0,5541.0,5542.0,5542.0,5540.0,4
2016-08-02 10:47:00,2016-08-02 10:48:00,5538.0,5539.0,5540.0,5539.0,5542.0,5541.0,5541.0,5540.0,7
2016-08-02 10:48:00,2016-08-02 10:53:00,5539.0,5539.0,5540.0,5539.0,5540.0,5541.0,5541.0,5540.0,13
2016-08-02 10:53:00,2016-08-02 10:54:00,5539.0,5540.0,5540.0,5539.0,5541.0,5541.0,5541.0,5541.0,9
2016-08-02 10:54:00,2016-08-02 10:55:00,5540.0,5538.0,5539.0,5537.0,5541.0,5539.0,5541.0,5539.0,19
2016-08-02 10:55:00,2016-08-02 10:56:00,5538.0,5539.0,5539.0,5537.0,5539.0,5540.0,5540.0,5539.0,14
2016-08-02 10:56:00,2016-08-02 10:57:00,5539.0,5539.0,5539.0,5538.0,5540.0,5540.0,5542.0,5540.0,4
2016-08-02 10:57:00,2016-08-02 10:59:00,5539.0,5539.0,5540.0,5539.0,5541.0,5540.0,5541.0,5540.0,5
2016-08-02 10:59:00,2016-08-02 11:04:00,5541.0,5540.0,5540.0,5539.0,5542.0,5541.0,5542.0,5540.0,11
2016-08-02 11:04:00,2016-08-02 11:07:00,5538.0,5537.0,5538.0,5537.0,5539.0,5539.0,5540.0,5538.0,9
2016-08-02 11:07:00,2016-08-02 11:08:00,5537.0,5537.0,5538.0,5537.0,5539.0,5538.0,5539.0,5538.0,9
2016-08-02 11:08:00,2016-08-02 11:09:00,5537.0,5537.0,5538.0,5536.0,5538.0,5539.0,5540.0,5538.0,8
2016-08-02 11:09:00,2016-08-02 11:10:00,5537.0,5537.0,5537.0,5536.0,5539.0,5538.0,5538.0,5537.0,8
2016-08-02 11:10:00,2016-08-02 11:11:00,5537.0,5536.0,5537.0,5536.0,5538.0,5540.0,5540.0,5538.0,7
2016-08-02 11:11:00,2016-08-02 11:12:00,5536.0,5537.0,5537.0,5535.0,5540.0,5538.0,5540.0,5538.0,2
2016-08-02 11:12:00,2016-08-02 11:15:00,5536.0,5536.0,5537.0,5536.0,5537.0,5538.0,5539.0,5538.0,6
2016-08-02 11:15:00,2016-08-02 11:18:00,5537.0,5536.0,5536.0,5535.0,5538.0,5537.0,5538.0,5536.0,8
2016-08-02 11:18:00,2016-08-02 11:19:00,5536.0,5537.0,5538.0,5536.0,5537.0,5539.0,5539.0,5537.0,7
2016-08-02 11:19:00,2016-08-02 11:20:00,5537.0,5537.0,5538.0,5537.0,5539.0,5538.0,5539.0,5538.0,2
2016-08-02 11:20:00,2016-08-02 11:24:00,5538.0,5537.0,5538.0,5536.0,5539.0,5538.0,5541.0,5538.0,7
2016-08-02 11:24:00,2016-08-02 11:29:00,5537.0,5539.0,5539.0,5537.0,5538.0,5540.0,5540.0,5539.0,6
2016-08-02 11:29:00,2016-08-02 11:34:00,5538.0,5537.0,5538.0,5537.0,5540.0,5538.0,5539.0,5538.0,3
2016-08-02 11:34:00,2016-08-02 11:36:00,5537.0,5537.0,5537.0,5534.0,5538.0,5538.0,5540.0,5537.0,9
2016-08-02 11:36:00,2016-08-02 11:39:00,5536.0,5537.0,5537.0,5536.0,5538.0,5538.0,5539.0,5537.0,5
2016-08-02 11:39:00,2016-08-02 11:44:00,5536.0,5537.0,5537.0,5536.0,5538.0,5539.0,5539.0,5538.0,6
2016-08-02 11:44:00,2016-08-02 11:45:00,5537.0,5536.0,5537.0,5536.0,5539.0,5538.0,5538.0,5537.0,12
2016-08-02 11:45:00,2016-08-02 11:51:00,5535.0,5537.0,5537.0,5535.0,5536.0,5538.0,5538.0,5536.0,21
2016-08-02 11:51:00,2016-08-02 11:53:00,5537.0,5536.0,5537.0,5536.0,5538.0,5538.0,5538.0,5538.0,9
2016-08-02 11:53:00,2016-08-02 11:59:00,5537.0,5537.0,5537.0,5536.0,5538.0,5538.0,5538.0,5537.0,12
2016-08-02 11:59:00,2016-08-02 12:00:00,5537.0,5537.0,5537.0,5535.0,5538.0,5538.0,5540.0,5538.0,5
2016-08-02 12:00:00,2016-08-02 12:03:00,5535.0,5534.0,5535.0,5534.0,5537.0,5535.0,5536.0,5535.0,3
2016-08-02 12:03:00,2016-08-02 12:05:00,5536.0,5535.0,5536.0,5534.0,5537.0,5536.0,5537.0,5536.0,12
2016-08-02 12:05:00,2016-08-02 12:06:00,5535.0,5536.0,5536.0,5535.0,5536.0,5537.0,5537.0,5537.0,6
2016-08-02 12:06:00,2016-08-02 12:09:00,5536.0,5537.0,5537.0,5535.0,5537.0,5538.0,5538.0,5537.0,5
2016-08-02 12:09:00,2016-08-02 12:10:00,5537.0,5537.0,5538.0,5535.0,5538.0,5539.0,5539.0,5538.0,9
2016-08-02 12:10:00,2016-08-02 12:11:00,5537.0,5536.0,5537.0,5536.0,5539.0,5537.0,5539.0,5537.0,6
2016-08-02 12:11:00,2016-08-02 12:12:00,5536.0,5536.0,5537.0,5535.0,5537.0,5538.0,5539.0,5537.0,8
2016-08-02 12:12:00,2016-08-02 12:14:00,5536.0,5538.0,5538.0,5536.0,5537.0,5539.0,5539.0,5538.0,6
2016-08-02 12:14:00,2016-08-02 12:16:00,5538.0,5537.0,5539.0,5537.0,5539.0,5538.0,5540.0,5538.0,7
2016-08-02 12:16:00,2016-08-02 12:17:00,5537.0,5538.0,5539.0,5537.0,5538.0,5540.0,5540.0,5538.0,8
2016-08-02 12:17:00,2016-08-02 12:21:00,5537.0,5537.0,5537.0,5536.0,5538.0,5538.0,5538.0,5537.0,3
2016-08-02 12:21:00,2016-08-02 12:22:00,5537.0,5535.0,5537.0,5535.0,5538.0,5536.0,5539.0,5536.0,21
2016-08-02 12:22:00,2016-08-02 12:24:00,5535.0,5536.0,5536.0,5535.0,5537.0,5538.0,5539.0,5537.0,6
2016-08-02 12:24:00,2016-08-02 12:26:00,5538.0,5536.0,5537.0,5536.0,5539.0,5537.0,5539.0,5537.0,10
2016-08-02 12:26:00,2016-08-02 12:30:00,5536.0,5538.0,5538.0,5536.0,5538.0,5540.0,5540.0,5537.0,6
2016-08-02 12:30:00,2016-08-02 12:36:00,5538.0,5537.0,5539.0,5537.0,5540.0,5539.0,5541.0,5539.0,6
2016-08-02 12:36:00,2016-08-02 12:39:00,5538.0,5539.0,5540.0,5538.0,5539.0,5541.0,5541.0,5540.0,5
2016-08-02 12:39:00,2016-08-02 12:43:00,5539.0,5537.0,5538.0,5537.0,5540.0,5538.0,5539.0,5538.0,2
2016-08-02 12:43:00,2016-08-02 12:44:00,5537.0,5537.0,5537.0,5536.0,5538.0,5538.0,5539.0,5537.0,5
2016-08-02 12:44:00,2016-08-02 12:45:00,5537.0,5538.0,5538.0,5536.0,5538.0,5539.0,5539.0,5537.0,7
2016-08-02 12:45:00,2016-08-02 12:52:00,5536.0,5535.0,5536.0,5535.0,5537.0,5537.0,5538.0,5537.0,5
2016-08-02 12:52:00,2016-08-02 12:53:00,5535.0,5535.0,5535.0,5534.0,5537.0,5536.0,5536.0,5536.0,5
2016-08-02 12:53:00,2016-08-02 12:58:00,5534.0,5534.0,5535.0,5534.0,5536.0,5535.0,5538.0,5535.0,4
2016-08-02 12:58:00,2016-08-02 12:59:00,5534.0,5534.0,5534.0,5533.0,5535.0,5535.0,5535.0,5535.0,6
2016-08-02 12:59:00,2016-08-02 13:00:00,5534.0,5533.0,5534.0,5533.0,5535.0,5535.0,5537.0,5535.0,12
2016-08-02 13:00:00,2016-08-02 13:01:00,5533.0,5534.0,5534.0,5533.0,5535.0,5535.0,5535.0,5534.0,7
2016-08-02 13:01:00,2016-08-02 13:02:00,5534.0,5533.0,5534.0,5533.0,5535.0,5535.0,5536.0,5535.0,7
2016-08-02 13:02:00,2016-08-02 13:03:00,5533.0,5534.0,5534.0,5533.0,5535.0,5536.0,5536.0,5535.0,6
2016-08-02 13:03:00,2016-08-02 13:12:00,5534.0,5534.0,5534.0,5534.0,5536.0,5538.0,5538.0,5538.0,1
2016-08-02 13:12:00,2016-08-02 13:13:00,5534.0,5534.0,5535.0,5534.0,5538.0,5536.0,5536.0,5536.0,2
2016-08-02 13:13:00,2016-08-02 13:17:00,5536.0,5535.0,5537.0,5535.0,5537.0,5537.0,5538.0,5536.0,6
2016-08-02 13:17:00,2016-08-02 13:21:00,5536.0,5535.0,5536.0,5535.0,5537.0,5537.0,5537.0,5536.0,6
2016-08-02 13:21:00,2016-08-02 13:24:00,5535.0,5535.0,5536.0,5535.0,5537.0,5537.0,5538.0,5537.0,4
2016-08-02 13:24:00,2016-08-02 13:26:00,5535.0,5537.0,5537.0,5536.0,5537.0,5538.0,5538.0,5538.0,4
2016-08-02 13:26:00,2016-08-02 13:28:00,5537.0,5538.0,5538.0,5537.0,5538.0,5539.0,5539.0,5538.0,12
2016-08-02 13:28:00,2016-08-02 13:30:00,5538.0,5537.0,5538.0,5537.0,5539.0,5539.0,5541.0,5538.0,7
2016-08-02 13:30:00,2016-08-02 13:31:00,5537.0,5533.0,5538.0,5532.0,5539.0,5534.0,5539.0,5534.0,13
2016-08-02 13:31:00,2016-08-02 13:32:00,5533.0,5537.0,5537.0,5532.0,5534.0,5538.0,5539.0,5534.0,31
2016-08-02 13:32:00,2016-08-02 13:33:00,5537.0,5539.0,5539.0,5537.0,5538.0,5540.0,5542.0,5538.0,14
2016-08-02 13:33:00,2016-08-02 13:34:00,5539.0,5536.0,5538.0,5536.0,5540.0,5537.0,5541.0,5537.0,12
2016-08-02 13:34:00,2016-08-02 13:35:00,5536.0,5536.0,5536.0,5535.0,5537.0,5537.0,5539.0,5537.0,8
2016-08-02 13:35:00,2016-08-02 13:36:00,5536.0,5538.0,5539.0,5536.0,5537.0,5539.0,5541.0,5538.0,13
2016-08-02 13:36:00,2016-08-02 13:37:00,5538.0,5536.0,5537.0,5534.0,5539.0,5537.0,5540.0,5535.0,28
2016-08-02 13:37:00,2016-08-02 13:38:00,5536.0,5531.0,5535.0,5530.0,5537.0,5532.0,5536.0,5532.0,27
2016-08-02 13:38:00,2016-08-02 13:39:00,5531.0,5533.0,5533.0,5529.0,5532.0,5534.0,5536.0,5530.0,16
2016-08-02 13:39:00,2016-08-02 13:40:00,5533.0,5532.0,5534.0,5531.0,5534.0,5533.0,5536.0,5532.0,42
2016-08-02 13:40:00,2016-08-02 13:41:00,5532.0,5533.0,5534.0,5532.0,5533.0,5535.0,5536.0,5533.0,31
2016-08-02 13:41:00,2016-08-02 13:42:00,5533.0,5535.0,5535.0,5533.0,5535.0,5536.0,5537.0,5534.0,20
2016-08-02 13:42:00,2016-08-02 13:43:00,5535.0,5532.0,5535.0,5532.0,5536.0,5536.0,5538.0,5534.0,24
2016-08-02 13:43:00,2016-08-02 13:44:00,5532.0,5534.0,5534.0,5533.0,5536.0,5535.0,5536.0,5534.0,5
2016-08-02 13:44:00,2016-08-02 13:45:00,5534.0,5537.0,5537.0,5534.0,5535.0,5538.0,5539.0,5535.0,18
2016-08-02 13:45:00,2016-08-02 13:46:00,5537.0,5537.0,5537.0,5536.0,5538.0,5538.0,5540.0,5537.0,15
2016-08-02 13:46:00,2016-08-02 13:47:00,5537.0,5533.0,5537.0,5533.0,5538.0,5534.0,5539.0,5534.0,19
2016-08-02 13:47:00,2016-08-02 13:48:00,5533.0,5532.0,5533.0,5531.0,5534.0,5533.0,5536.0,5532.0,31
2016-08-02 13:48:00,2016-08-02 13:49:00,5532.0,5535.0,5536.0,5531.0,5533.0,5536.0,5537.0,5533.0,19
2016-08-02 13:49:00,2016-08-02 13:50:00,5535.0,5536.0,5537.0,5535.0,5536.0,5537.0,5539.0,5536.0,24
2016-08-02 13:50:00,2016-08-02 13:51:00,5536.0,5535.0,5536.0,5535.0,5537.0,5537.0,5539.0,5536.0,13
2016-08-02 13:51:00,2016-08-02 13:52:00,5535.0,5534.0,5535.0,5533.0,5537.0,5536.0,5537.0,5534.0,15
2016-08-02 13:52:00,2016-08-02 13:53:00,5534.0,5534.0,5535.0,5533.0,5536.0,5535.0,5537.0,5534.0,20
2016-08-02 13:53:00,2016-08-02 13:54:00,5534.0,5532.0,5534.0,5530.0,5535.0,5533.0,5537.0,5532.0,16
2016-08-02 13:54:00,2016-08-02 13:55:00,5532.0,5533.0,5534.0,5531.0,5533.0,5535.0,5535.0,5534.0,8
2016-08-02 13:55:00,2016-08-02 13:56:00,5533.0,5532.0,5532.0,5531.0,5535.0,5533.0,5535.0,5532.0,16
2016-08-02 13:56:00,2016-08-02 13:57:00,5532.0,5533.0,5534.0,5532.0,5533.0,5534.0,5537.0,5534.0,9
2016-08-02 13:57:00,2016-08-02 13:58:00,5533.0,5534.0,5534.0,5532.0,5534.0,5535.0,5537.0,5535.0,4
2016-08-02 13:58:00,2016-08-02 13:59:00,5534.0,5533.0,5533.0,5531.0,5535.0,5534.0,5536.0,5533.0,20
2016-08-02 13:59:00,2016-08-02 14:00:00,5533.0,5531.0,5532.0,5531.0,5534.0,5532.0,5535.0,5532.0,10
2016-08-02 14:00:00,2016-08-02 14:01:00,5531.0,5531.0,5531.0,5528.0,5532.0,5532.0,5533.0,5530.0,21
2016-08-02 14:01:00,2016-08-02 14:02:00,5531.0,5529.0,5531.0,5529.0,5532.0,5533.0,5533.0,5531.0,9
2016-08-02 14:02:00,2016-08-02 14:03:00,5529.0,5530.0,5531.0,5530.0,5533.0,5531.0,5534.0,5531.0,6
2016-08-02 14:03:00,2016-08-02 14:04:00,5530.0,5529.0,5531.0,5529.0,5531.0,5531.0,5533.0,5530.0,12
2016-08-02 14:04:00,2016-08-02 14:05:00,5529.0,5528.0,5529.0,5528.0,5531.0,5529.0,5531.0,5529.0,10
2016-08-02 14:05:00,2016-08-02 14:06:00,5528.0,5526.0,5529.0,5526.0,5529.0,5527.0,5532.0,5527.0,17
2016-08-02 14:06:00,2016-08-02 14:08:00,5526.0,5526.0,5526.0,5525.0,5527.0,5527.0,5529.0,5527.0,3
2016-08-02 14:08:00,2016-08-02 14:09:00,5526.0,5526.0,5526.0,5524.0,5527.0,5528.0,5528.0,5526.0,10
2016-08-02 14:09:00,2016-08-02 14:10:00,5526.0,5521.0,5527.0,5520.0,5528.0,5523.0,5528.0,5523.0,25
2016-08-02 14:10:00,2016-08-02 14:11:00,5521.0,5520.0,5521.0,5519.0,5523.0,5521.0,5523.0,5520.0,21
2016-08-02 14:11:00,2016-08-02 14:13:00,5520.0,5521.0,5522.0,5518.0,5521.0,5522.0,5523.0,5521.0,14
2016-08-02 14:13:00,2016-08-02 14:14:00,5521.0,5520.0,5522.0,5519.0,5522.0,5521.0,5523.0,5520.0,12
2016-08-02 14:14:00,2016-08-02 14:15:00,5520.0,5522.0,5522.0,5519.0,5521.0,5523.0,5523.0,5521.0,19
2016-08-02 14:15:00,2016-08-02 14:16:00,5522.0,5519.0,5521.0,5518.0,5523.0,5520.0,5524.0,5520.0,12
2016-08-02 14:16:00,2016-08-02 14:17:00,5519.0,5520.0,5520.0,5519.0,5520.0,5521.0,5523.0,5520.0,7
2016-08-02 14:17:00,2016-08-02 14:18:00,5520.0,5517.0,5519.0,5515.0,5521.0,5518.0,5523.0,5517.0,32
2016-08-02 14:18:00,2016-08-02 14:19:00,5517.0,5517.0,5518.0,5516.0,5518.0,5518.0,5520.0,5518.0,16
2016-08-02 14:19:00,2016-08-02 14:20:00,5517.0,5516.0,5518.0,5516.0,5518.0,5517.0,5521.0,5517.0,12
2016-08-02 14:20:00,2016-08-02 14:21:00,5516.0,5518.0,5518.0,5515.0,5517.0,5519.0,5519.0,5517.0,17
2016-08-02 14:21:00,2016-08-02 14:22:00,5518.0,5519.0,5520.0,5517.0,5519.0,5521.0,5521.0,5520.0,7
2016-08-02 14:22:00,2016-08-02 14:23:00,5519.0,5520.0,5520.0,5518.0,5521.0,5521.0,5522.0,5520.0,7
2016-08-02 14:23:00,2016-08-02 14:25:00,5519.0,5518.0,5520.0,5518.0,5520.0,5519.0,5522.0,5519.0,10
2016-08-02 14:25:00,2016-08-02 14:26:00,5518.0,5519.0,5519.0,5518.0,5519.0,5520.0,5521.0,5519.0,5
2016-08-02 14:26:00,2016-08-02 14:28:00,5519.0,5521.0,5521.0,5519.0,5520.0,5522.0,5522.0,5520.0,6
2016-08-02 14:28:00,2016-08-02 14:29:00,5521.0,5522.0,5522.0,5521.0,5522.0,5523.0,5523.0,5522.0,18
2016-08-02 14:29:00,2016-08-02 14:30:00,5522.0,5521.0,5522.0,5518.0,5523.0,5523.0,5524.0,5520.0,20
2016-08-02 14:30:00,2016-08-02 14:31:00,5521.0,5523.0,5523.0,5522.0,5523.0,5524.0,5526.0,5523.0,7
2016-08-02 14:31:00,2016-08-02 14:32:00,5523.0,5521.0,5522.0,5519.0,5524.0,5522.0,5524.0,5522.0,8
2016-08-02 14:32:00,2016-08-02 14:33:00,5521.0,5522.0,5522.0,5521.0,5522.0,5523.0,5523.0,5523.0,4
2016-08-02 14:33:00,2016-08-02 14:37:00,5520.0,5520.0,5521.0,5520.0,5521.0,5521.0,5524.0,5521.0,6
2016-08-02 14:37:00,2016-08-02 14:38:00,5520.0,5518.0,5519.0,5517.0,5521.0,5520.0,5521.0,5519.0,7
2016-08-02 14:38:00,2016-08-02 14:39:00,5518.0,5520.0,5520.0,5519.0,5520.0,5521.0,5521.0,5520.0,9
2016-08-02 14:39:00,2016-08-02 14:40:00,5520.0,5517.0,5519.0,5517.0,5521.0,5518.0,5521.0,5518.0,8
2016-08-02 14:40:00,2016-08-02 14:41:00,5517.0,5515.0,5518.0,5515.0,5518.0,5517.0,5520.0,5517.0,14
2016-08-02 14:41:00,2016-08-02 14:42:00,5515.0,5515.0,5515.0,5513.0,5517.0,5517.0,5518.0,5514.0,20
2016-08-02 14:42:00,2016-08-02 14:43:00,5515.0,5516.0,5516.0,5516.0,5517.0,5517.0,5518.0,5517.0,5
2016-08-02 14:43:00,2016-08-02 14:44:00,5516.0,5515.0,5515.0,5514.0,5517.0,5516.0,5517.0,5515.0,10
2016-08-02 14:44:00,2016-08-02 14:45:00,5515.0,5513.0,5515.0,5510.0,5516.0,5514.0,5518.0,5512.0,27
2016-08-02 14:45:00,2016-08-02 14:46:00,5513.0,5514.0,5514.0,5513.0,5514.0,5515.0,5517.0,5515.0,7
2016-08-02 14:46:00,2016-08-02 14:47:00,5514.0,5510.0,5514.0,5510.0,5515.0,5514.0,5517.0,5511.0,22
2016-08-02 14:47:00,2016-08-02 14:48:00,5510.0,5508.0,5511.0,5508.0,5514.0,5509.0,5513.0,5509.0,24
2016-08-02 14:48:00,2016-08-02 14:49:00,5508.0,5507.0,5508.0,5507.0,5509.0,5511.0,5511.0,5509.0,9
2016-08-02 14:49:00,2016-08-02 14:50:00,5507.0,5508.0,5508.0,5506.0,5511.0,5509.0,5510.0,5508.0,9
2016-08-02 14:50:00,2016-08-02 14:51:00,5508.0,5507.0,5508.0,5505.0,5509.0,5508.0,5509.0,5507.0,14
2016-08-02 14:51:00,2016-08-02 14:52:00,5507.0,5507.0,5507.0,5506.0,5508.0,5508.0,5509.0,5507.0,19
2016-08-02 14:52:00,2016-08-02 14:53:00,5507.0,5507.0,5508.0,5504.0,5508.0,5508.0,5509.0,5505.0,30
2016-08-02 14:53:00,2016-08-02 14:54:00,5507.0,5508.0,5508.0,5505.0,5508.0,5509.0,5509.0,5507.0,22
2016-08-02 14:54:00,2016-08-02 14:55:00,5508.0,5509.0,5509.0,5508.0,5509.0,5510.0,5512.0,5509.0,7
2016-08-02 14:55:00,2016-08-02 14:56:00,5509.0,5508.0,5508.0,5508.0,5510.0,5509.0,5510.0,5509.0,5
2016-08-02 14:56:00,2016-08-02 14:57:00,5508.0,5510.0,5510.0,5508.0,5509.0,5512.0,5512.0,5510.0,12
2016-08-02 14:57:00,2016-08-02 14:58:00,5510.0,5509.0,5510.0,5508.0,5512.0,5510.0,5513.0,5509.0,22
2016-08-02 14:58:00,2016-08-02 14:59:00,5509.0,5505.0,5508.0,5504.0,5510.0,5507.0,5512.0,5506.0,17
2016-08-02 14:59:00,2016-08-02 15:00:00,5505.0,5507.0,5507.0,5504.0,5507.0,5509.0,5511.0,5507.0,24
2016-08-02 15:00:00,2016-08-02 15:01:00,5507.0,5509.0,5510.0,5507.0,5509.0,5510.0,5512.0,5508.0,10
2016-08-02 15:01:00,2016-08-02 15:02:00,5509.0,5509.0,5510.0,5508.0,5510.0,5510.0,5513.0,5510.0,20
2016-08-02 15:02:00,2016-08-02 15:03:00,5509.0,5508.0,5510.0,5508.0,5510.0,5509.0,5512.0,5509.0,8
2016-08-02 15:03:00,2016-08-02 15:04:00,5508.0,5508.0,5509.0,5507.0,5509.0,5509.0,5510.0,5509.0,7
2016-08-02 15:04:00,2016-08-02 15:05:00,5508.0,5508.0,5508.0,5507.0,5509.0,5510.0,5510.0,5509.0,3
2016-08-02 15:05:00,2016-08-02 15:06:00,5508.0,5509.0,5510.0,5508.0,5510.0,5511.0,5512.0,5509.0,14
2016-08-02 15:06:00,2016-08-02 15:07:00,5509.0,5509.0,5509.0,5508.0,5511.0,5510.0,5510.0,5509.0,4
2016-08-02 15:07:00,2016-08-02 15:08:00,5509.0,5510.0,5510.0,5508.0,5510.0,5511.0,5512.0,5510.0,5
2016-08-02 15:08:00,2016-08-02 15:12:00,5512.0,5511.0,5513.0,5511.0,5513.0,5512.0,5514.0,5512.0,9
2016-08-02 15:12:00,2016-08-02 15:13:00,5511.0,5513.0,5513.0,5511.0,5512.0,5514.0,5515.0,5513.0,5
2016-08-02 15:13:00,2016-08-02 15:14:00,5513.0,5514.0,5514.0,5513.0,5514.0,5515.0,5515.0,5514.0,4
2016-08-02 15:14:00,2016-08-02 15:15:00,5514.0,5512.0,5514.0,5511.0,5515.0,5513.0,5517.0,5512.0,12
2016-08-02 15:15:00,2016-08-02 15:16:00,5512.0,5511.0,5512.0,5511.0,5513.0,5512.0,5515.0,5512.0,8
2016-08-02 15:16:00,2016-08-02 15:17:00,5511.0,5509.0,5511.0,5509.0,5512.0,5510.0,5512.0,5510.0,7
2016-08-02 15:17:00,2016-08-02 15:18:00,5509.0,5510.0,5510.0,5508.0,5510.0,5511.0,5511.0,5509.0,14
2016-08-02 15:18:00,2016-08-02 15:19:00,5510.0,5509.0,5510.0,5509.0,5511.0,5511.0,5511.0,5510.0,11
2016-08-02 15:19:00,2016-08-02 15:20:00,5509.0,5508.0,5508.0,5506.0,5511.0,5509.0,5511.0,5508.0,6
2016-08-02 15:20:00,2016-08-02 15:21:00,5508.0,5509.0,5510.0,5507.0,5509.0,5510.0,5513.0,5509.0,21
2016-08-02 15:21:00,2016-08-02 15:23:00,5510.0,5512.0,5514.0,5509.0,5511.0,5513.0,5516.0,5512.0,21
2016-08-02 15:23:00,2016-08-02 15:24:00,5512.0,5510.0,5511.0,5509.0,5513.0,5511.0,5513.0,5511.0,8
2016-08-02 15:24:00,2016-08-02 15:25:00,5510.0,5508.0,5510.0,5508.0,5511.0,5509.0,5513.0,5509.0,9
2016-08-02 15:25:00,2016-08-02 15:26:00,5508.0,5509.0,5510.0,5507.0,5509.0,5510.0,5511.0,5510.0,7
2016-08-02 15:26:00,2016-08-02 15:27:00,5509.0,5508.0,5510.0,5508.0,5510.0,5509.0,5511.0,5509.0,8
2016-08-02 15:27:00,2016-08-02 15:28:00,5508.0,5507.0,5508.0,5507.0,5509.0,5509.0,5511.0,5508.0,14
2016-08-02 15:28:00,2016-08-02 15:29:00,5507.0,5507.0,5507.0,5506.0,5509.0,5508.0,5509.0,5508.0,4
2016-08-02 15:29:00,2016-08-02 15:30:00,5507.0,5508.0,5508.0,5505.0,5508.0,5509.0,5509.0,5507.0,10
2016-08-02 15:30:00,2016-08-02 15:31:00,5508.0,5507.0,5508.0,5507.0,5509.0,5509.0,5510.0,5508.0,9
2016-08-02 15:31:00,2016-08-02 15:32:00,5507.0,5505.0,5506.0,5505.0,5509.0,5507.0,5508.0,5507.0,3
2016-08-02 15:32:00,2016-08-02 15:33:00,5505.0,5507.0,5507.0,5504.0,5507.0,5508.0,5508.0,5507.0,13
2016-08-02 15:33:00,2016-08-02 15:35:00,5506.0,5506.0,5507.0,5506.0,5507.0,5508.0,5508.0,5507.0,7
2016-08-02 15:35:00,2016-08-02 15:36:00,5506.0,5506.0,5506.0,5505.0,5508.0,5507.0,5509.0,5507.0,7
2016-08-02 15:36:00,2016-08-02 15:37:00,5506.0,5505.0,5505.0,5503.0,5507.0,5506.0,5507.0,5505.0,14
2016-08-02 15:37:00,2016-08-02 15:38:00,5505.0,5503.0,5505.0,5503.0,5506.0,5504.0,5507.0,5504.0,24
2016-08-02 15:38:00,2016-08-02 15:39:00,5503.0,5504.0,5504.0,5503.0,5504.0,5505.0,5506.0,5505.0,4
2016-08-02 15:39:00,2016-08-02 15:42:00,5506.0,5505.0,5505.0,5505.0,5507.0,5506.0,5507.0,5506.0,4
2016-08-02 15:42:00,2016-08-02 15:43:00,5505.0,5505.0,5505.0,5504.0,5506.0,5506.0,5506.0,5505.0,6
2016-08-02 15:43:00,2016-08-02 15:44:00,5505.0,5505.0,5506.0,5505.0,5506.0,5506.0,5507.0,5506.0,9
2016-08-02 15:44:00,2016-08-02 15:45:00,5505.0,5505.0,5506.0,5505.0,5506.0,5506.0,5507.0,5506.0,6
2016-08-02 15:45:00,2016-08-02 15:46:00,5505.0,5506.0,5506.0,5505.0,5506.0,5507.0,5507.0,5506.0,6
2016-08-02 15:46:00,2016-08-02 15:47:00,5506.0,5507.0,5507.0,5506.0,5507.0,5508.0,5509.0,5508.0,4
2016-08-02 15:47:00,2016-08-02 15:48:00,5507.0,5507.0,5507.0,5505.0,5508.0,5508.0,5509.0,5508.0,3
2016-08-02 15:48:00,2016-08-02 15:50:00,5508.0,5507.0,5508.0,5507.0,5509.0,5511.0,5511.0,5509.0,3
2016-08-02 15:50:00,2016-08-02 15:51:00,5507.0,5507.0,5508.0,5507.0,5511.0,5508.0,5509.0,5508.0,3
2016-08-02 15:51:00,2016-08-02 15:52:00,5507.0,5506.0,5506.0,5506.0,5508.0,5507.0,5510.0,5507.0,4
2016-08-02 15:52:00,2016-08-02 15:55:00,5506.0,5506.0,5506.0,5506.0,5507.0,5508.0,5508.0,5507.0,3
2016-08-02 15:55:00,2016-08-02 15:56:00,5506.0,5506.0,5506.0,5505.0,5508.0,5507.0,5507.0,5506.0,6
2016-08-02 15:56:00,2016-08-02 15:57:00,5506.0,5507.0,5508.0,5507.0,5507.0,5508.0,5509.0,5508.0,8
2016-08-02 15:57:00,2016-08-02 15:58:00,5507.0,5506.0,5506.0,5506.0,5508.0,5507.0,5508.0,5507.0,4
2016-08-02 15:58:00,2016-08-02 15:59:00,5506.0,5503.0,5505.0,5503.0,5507.0,5504.0,5506.0,5504.0,13
2016-08-02 15:59:00,2016-08-02 16:00:00,5503.0,5504.0,5505.0,5503.0,5504.0,5505.0,5508.0,5505.0,19
2016-08-02 16:00:00,2016-08-02 16:02:00,5504.0,5503.0,5504.0,5503.0,5505.0,5507.0,5507.0,5504.0,10
2016-08-02 16:02:00,2016-08-02 16:03:00,5503.0,5503.0,5504.0,5503.0,5507.0,5504.0,5505.0,5504.0,8
2016-08-02 16:03:00,2016-08-02 16:04:00,5503.0,5502.0,5502.0,5502.0,5504.0,5504.0,5504.0,5503.0,2
2016-08-02 16:04:00,2016-08-02 16:06:00,5502.0,5500.0,5501.0,5500.0,5503.0,5502.0,5503.0,5502.0,2
2016-08-02 16:06:00,2016-08-02 16:07:00,5500.0,5503.0,5503.0,5501.0,5502.0,5504.0,5504.0,5502.0,9
2016-08-02 16:07:00,2016-08-02 16:08:00,5503.0,5504.0,5504.0,5503.0,5504.0,5506.0,5506.0,5505.0,7
2016-08-02 16:08:00,2016-08-02 16:09:00,5504.0,5505.0,5506.0,5505.0,5506.0,5506.0,5507.0,5506.0,4
2016-08-02 16:09:00,2016-08-02 16:10:00,5505.0,5504.0,5506.0,5504.0,5506.0,5506.0,5507.0,5505.0,7
2016-08-02 16:10:00,2016-08-02 16:11:00,5504.0,5505.0,5506.0,5504.0,5506.0,5507.0,5507.0,5506.0,7
2016-08-02 16:11:00,2016-08-02 16:12:00,5505.0,5505.0,5507.0,5505.0,5507.0,5510.0,5510.0,5507.0,5
2016-08-02 16:12:00,2016-08-02 16:13:00,5505.0,5508.0,5508.0,5507.0,5510.0,5509.0,5509.0,5508.0,3
2016-08-02 16:13:00,2016-08-02 16:14:00,5508.0,5509.0,5510.0,5508.0,5509.0,5510.0,5511.0,5510.0,5
2016-08-02 16:14:00,2016-08-02 16:15:00,5509.0,5510.0,5510.0,5509.0,5510.0,5511.0,5513.0,5511.0,4
2016-08-02 16:15:00,2016-08-02 16:16:00,5510.0,5508.0,5510.0,5507.0,5511.0,5509.0,5513.0,5508.0,10
2016-08-02 16:16:00,2016-08-02 16:18:00,5508.0,5510.0,5511.0,5508.0,5509.0,5511.0,5512.0,5510.0,6
2016-08-02 16:18:00,2016-08-02 16:19:00,5510.0,5509.0,5511.0,5509.0,5511.0,5510.0,5512.0,5510.0,6
2016-08-02 16:19:00,2016-08-02 16:23:00,5510.0,5510.0,5511.0,5510.0,5511.0,5511.0,5513.0,5511.0,8
2016-08-02 16:23:00,2016-08-02 16:24:00,5510.0,5512.0,5512.0,5510.0,5511.0,5513.0,5513.0,5512.0,4
2016-08-02 16:24:00,2016-08-02 16:25:00,5512.0,5510.0,5511.0,5509.0,5513.0,5511.0,5514.0,5511.0,9
2016-08-02 16:25:00,2016-08-02 16:32:00,5508.0,5508.0,5509.0,5508.0,5509.0,5509.0,5511.0,5509.0,5
2016-08-02 16:32:00,2016-08-02 16:36:00,5507.0,5505.0,5507.0,5505.0,5509.0,5506.0,5508.0,5506.0,10
2016-08-02 16:36:00,2016-08-02 16:37:00,5505.0,5505.0,5506.0,5504.0,5506.0,5506.0,5508.0,5506.0,6
2016-08-02 16:37:00,2016-08-02 16:38:00,5505.0,5505.0,5506.0,5505.0,5506.0,5507.0,5507.0,5506.0,13
2016-08-02 16:38:00,2016-08-02 16:39:00,5505.0,5505.0,5506.0,5503.0,5507.0,5507.0,5509.0,5507.0,6
2016-08-02 16:39:00,2016-08-02 16:40:00,5505.0,5506.0,5506.0,5505.0,5507.0,5507.0,5507.0,5507.0,5
2016-08-02 16:40:00,2016-08-02 16:41:00,5506.0,5508.0,5508.0,5506.0,5507.0,5509.0,5510.0,5508.0,4
2016-08-02 16:41:00,2016-08-02 16:42:00,5508.0,5509.0,5510.0,5508.0,5509.0,5510.0,5512.0,5510.0,10
2016-08-02 16:42:00,2016-08-02 16:43:00,5509.0,5510.0,5510.0,5508.0,5510.0,5511.0,5511.0,5510.0,4
2016-08-02 16:43:00,2016-08-02 16:45:00,5510.0,5510.0,5510.0,5509.0,5511.0,5511.0,5512.0,5511.0,6
2016-08-02 16:45:00,2016-08-02 16:46:00,5510.0,5509.0,5510.0,5509.0,5511.0,5511.0,5512.0,5511.0,3
2016-08-02 16:46:00,2016-08-02 16:47:00,5509.0,5511.0,5511.0,5510.0,5511.0,5512.0,5512.0,5512.0,2
2016-08-02 16:47:00,2016-08-02 16:48:00,5511.0,5509.0,5510.0,5509.0,5512.0,5511.0,5512.0,5511.0,3
2016-08-02 16:48:00,2016-08-02 16:49:00,5509.0,5510.0,5511.0,5509.0,5511.0,5511.0,5513.0,5511.0,7
2016-08-02 16:49:00,2016-08-02 16:51:00,5510.0,5509.0,5510.0,5508.0,5511.0,5510.0,5512.0,5510.0,8
2016-08-02 16:51:00,2016-08-02 16:52:00,5509.0,5509.0,5509.0,5508.0,5510.0,5510.0,5510.0,5509.0,5
2016-08-02 16:52:00,2016-08-02 16:53:00,5509.0,5508.0,5508.0,5507.0,5510.0,5509.0,5510.0,5508.0,6
2016-08-02 16:53:00,2016-08-02 16:54:00,5508.0,5506.0,5507.0,5506.0,5509.0,5507.0,5509.0,5507.0,4
2016-08-02 16:54:00,2016-08-02 16:56:00,5505.0,5504.0,5505.0,5503.0,5506.0,5505.0,5507.0,5504.0,11
2016-08-02 16:56:00,2016-08-02 16:57:00,5504.0,5504.0,5504.0,5503.0,5505.0,5505.0,5505.0,5504.0,3
2016-08-02 16:57:00,2016-08-02 16:58:00,5504.0,5501.0,5503.0,5500.0,5505.0,5503.0,5505.0,5501.0,22
2016-08-02 16:58:00,2016-08-02 16:59:00,5501.0,5503.0,5503.0,5500.0,5503.0,5504.0,5504.0,5501.0,14
2016-08-02 16:59:00,2016-08-02 17:00:00,5503.0,5503.0,5504.0,5502.0,5504.0,5504.0,5505.0,5504.0,11
2016-08-02 17:00:00,2016-08-02 17:01:00,5503.0,5500.0,5502.0,5500.0,5504.0,5505.0,5505.0,5503.0,8
2016-08-02 17:01:00,2016-08-02 17:02:00,5500.0,5503.0,5503.0,5501.0,5505.0,5504.0,5504.0,5503.0,5
2016-08-02 17:02:00,2016-08-02 17:03:00,5503.0,5502.0,5504.0,5502.0,5504.0,5503.0,5507.0,5503.0,7
2016-08-02 17:03:00,2016-08-02 17:04:00,5502.0,5501.0,5503.0,5500.0,5503.0,5502.0,5504.0,5501.0,18
2016-08-02 17:04:00,2016-08-02 17:06:00,5501.0,5499.0,5501.0,5499.0,5503.0,5500.0,5502.0,5500.0,9
2016-08-02 17:06:00,2016-08-02 17:08:00,5498.0,5499.0,5500.0,5498.0,5500.0,5500.0,5501.0,5499.0,13
2016-08-02 17:08:00,2016-08-02 17:11:00,5499.0,5501.0,5501.0,5498.0,5500.0,5502.0,5502.0,5499.0,8
2016-08-02 17:11:00,2016-08-02 17:14:00,5500.0,5499.0,5499.0,5498.0,5501.0,5500.0,5502.0,5500.0,4
2016-08-02 17:14:00,2016-08-02 17:15:00,5499.0,5499.0,5499.0,5498.0,5500.0,5500.0,5501.0,5499.0,12
2016-08-02 17:15:00,2016-08-02 17:16:00,5499.0,5498.0,5498.0,5497.0,5500.0,5499.0,5501.0,5499.0,10
2016-08-02 17:16:00,2016-08-02 17:19:00,5499.0,5499.0,5500.0,5499.0,5501.0,5501.0,5501.0,5500.0,6
2016-08-02 17:19:00,2016-08-02 17:25:00,5501.0,5502.0,5502.0,5501.0,5502.0,5503.0,5503.0,5503.0,6
2016-08-02 17:25:00,2016-08-02 17:26:00,5502.0,5501.0,5502.0,5501.0,5503.0,5503.0,5505.0,5503.0,4
2016-08-02 17:26:00,2016-08-02 17:27:00,5501.0,5503.0,5503.0,5502.0,5503.0,5504.0,5504.0,5503.0,3
2016-08-02 17:27:00,2016-08-02 17:28:00,5503.0,5503.0,5504.0,5503.0,5504.0,5505.0,5507.0,5505.0,4
2016-08-02 17:28:00,2016-08-02 17:33:00,5502.0,5502.0,5502.0,5502.0,5504.0,5503.0,5503.0,5503.0,1
2016-08-02 17:33:00,2016-08-02 17:35:00,5502.0,5503.0,5503.0,5501.0,5503.0,5504.0,5504.0,5503.0,5
2016-08-02 17:35:00,2016-08-02 17:37:00,5502.0,5500.0,5501.0,5500.0,5503.0,5501.0,5503.0,5501.0,9
2016-08-02 17:37:00,2016-08-02 17:38:00,5500.0,5500.0,5501.0,5500.0,5501.0,5501.0,5503.0,5501.0,10
2016-08-02 17:38:00,2016-08-02 17:39:00,5500.0,5500.0,5501.0,5500.0,5501.0,5502.0,5503.0,5502.0,11
2016-08-02 17:39:00,2016-08-02 17:41:00,5500.0,5499.0,5500.0,5499.0,5501.0,5500.0,5503.0,5500.0,10
2016-08-02 17:41:00,2016-08-02 17:42:00,5499.0,5500.0,5500.0,5498.0,5500.0,5501.0,5502.0,5499.0,14
2016-08-02 17:42:00,2016-08-02 17:43:00,5500.0,5501.0,5501.0,5500.0,5501.0,5503.0,5503.0,5502.0,3
2016-08-02 17:43:00,2016-08-02 17:45:00,5502.0,5504.0,5504.0,5503.0,5503.0,5505.0,5505.0,5504.0,2
2016-08-02 17:45:00,2016-08-02 17:47:00,5504.0,5504.0,5504.0,5504.0,5506.0,5505.0,5506.0,5505.0,3
2016-08-02 17:47:00,2016-08-02 17:48:00,5504.0,5504.0,5505.0,5504.0,5505.0,5505.0,5506.0,5505.0,6
2016-08-02 17:48:00,2016-08-02 17:50:00,5504.0,5505.0,5505.0,5504.0,5505.0,5506.0,5506.0,5506.0,3
2016-08-02 17:50:00,2016-08-02 17:51:00,5505.0,5505.0,5505.0,5502.0,5506.0,5506.0,5508.0,5506.0,6
2016-08-02 17:51:00,2016-08-02 17:53:00,5505.0,5504.0,5505.0,5504.0,5506.0,5505.0,5508.0,5505.0,6
2016-08-02 17:53:00,2016-08-02 17:57:00,5504.0,5504.0,5504.0,5504.0,5506.0,5505.0,5506.0,5505.0,5
2016-08-02 17:57:00,2016-08-02 17:58:00,5504.0,5505.0,5505.0,5504.0,5505.0,5506.0,5506.0,5505.0,5
2016-08-02 17:58:00,2016-08-02 18:01:00,5504.0,5504.0,5505.0,5504.0,5505.0,5506.0,5506.0,5505.0,5
2016-08-02 18:01:00,2016-08-02 18:02:00,5504.0,5504.0,5505.0,5504.0,5506.0,5505.0,5506.0,5505.0,3
2016-08-02 18:02:00,2016-08-02 18:03:00,5504.0,5503.0,5504.0,5502.0,5505.0,5504.0,5505.0,5503.0,8
2016-08-02 18:03:00,2016-08-02 18:04:00,5503.0,5502.0,5502.0,5501.0,5504.0,5504.0,5504.0,5503.0,4
2016-08-02 18:04:00,2016-08-02 18:05:00,5502.0,5502.0,5503.0,5502.0,5504.0,5504.0,5506.0,5504.0,5
2016-08-02 18:05:00,2016-08-02 18:06:00,5502.0,5503.0,5503.0,5503.0,5504.0,5505.0,5505.0,5504.0,2
2016-08-02 18:06:00,2016-08-02 18:07:00,5503.0,5505.0,5506.0,5503.0,5505.0,5507.0,5507.0,5505.0,6
2016-08-02 18:07:00,2016-08-02 18:08:00,5505.0,5509.0,5509.0,5505.0,5507.0,5510.0,5510.0,5506.0,7
2016-08-02 18:08:00,2016-08-02 18:09:00,5509.0,5509.0,5510.0,5507.0,5510.0,5511.0,5511.0,5509.0,12
2016-08-02 18:09:00,2016-08-02 18:10:00,5509.0,5509.0,5510.0,5508.0,5511.0,5511.0,5512.0,5510.0,8
2016-08-02 18:10:00,2016-08-02 18:13:00,5509.0,5509.0,5510.0,5508.0,5510.0,5511.0,5511.0,5509.0,5
2016-08-02 18:13:00,2016-08-02 18:15:00,5509.0,5508.0,5509.0,5507.0,5511.0,5510.0,5511.0,5510.0,4
2016-08-02 18:15:00,2016-08-02 18:16:00,5508.0,5507.0,5508.0,5507.0,5510.0,5509.0,5509.0,5508.0,6
2016-08-02 18:16:00,2016-08-02 18:17:00,5507.0,5508.0,5508.0,5507.0,5509.0,5510.0,5511.0,5509.0,3
2016-08-02 18:17:00,2016-08-02 18:18:00,5508.0,5506.0,5508.0,5506.0,5510.0,5508.0,5509.0,5508.0,6
2016-08-02 18:18:00,2016-08-02 18:21:00,5508.0,5506.0,5509.0,5505.0,5509.0,5508.0,5510.0,5507.0,9
2016-08-02 18:21:00,2016-08-02 18:22:00,5506.0,5506.0,5506.0,5505.0,5508.0,5508.0,5509.0,5507.0,3
2016-08-02 18:22:00,2016-08-02 18:23:00,5506.0,5509.0,5509.0,5507.0,5508.0,5511.0,5511.0,5508.0,6
2016-08-02 18:23:00,2016-08-02 18:26:00,5510.0,5511.0,5512.0,5509.0,5511.0,5512.0,5513.0,5512.0,10
2016-08-02 18:26:00,2016-08-02 18:27:00,5511.0,5512.0,5512.0,5511.0,5512.0,5513.0,5515.0,5512.0,9
2016-08-02 18:27:00,2016-08-02 18:28:00,5512.0,5511.0,5512.0,5510.0,5513.0,5513.0,5513.0,5512.0,8
2016-08-02 18:28:00,2016-08-02 18:30:00,5510.0,5510.0,5510.0,5508.0,5512.0,5511.0,5514.0,5511.0,4
2016-08-02 18:30:00,2016-08-02 18:31:00,5510.0,5509.0,5509.0,5508.0,5511.0,5510.0,5511.0,5510.0,8
2016-08-02 18:31:00,2016-08-02 18:32:00,5509.0,5509.0,5509.0,5509.0,5510.0,5511.0,5511.0,5510.0,5
2016-08-02 18:32:00,2016-08-02 18:33:00,5509.0,5509.0,5510.0,5509.0,5511.0,5511.0,5511.0,5510.0,7
2016-08-02 18:33:00,2016-08-02 18:34:00,5509.0,5508.0,5508.0,5508.0,5511.0,5510.0,5510.0,5509.0,3
2016-08-02 18:34:00,2016-08-02 18:37:00,5509.0,5509.0,5510.0,5509.0,5511.0,5511.0,5511.0,5510.0,5
2016-08-02 18:37:00,2016-08-02 18:38:00,5509.0,5508.0,5510.0,5508.0,5511.0,5509.0,5511.0,5509.0,5
2016-08-02 18:38:00,2016-08-02 18:40:00,5507.0,5508.0,5509.0,5506.0,5509.0,5510.0,5511.0,5509.0,7
2016-08-02 18:40:00,2016-08-02 18:41:00,5508.0,5509.0,5509.0,5508.0,5510.0,5510.0,5510.0,5509.0,5
2016-08-02 18:41:00,2016-08-02 18:42:00,5509.0,5512.0,5512.0,5509.0,5510.0,5513.0,5514.0,5511.0,24
2016-08-02 18:42:00,2016-08-02 18:43:00,5512.0,5513.0,5514.0,5511.0,5513.0,5515.0,5515.0,5513.0,23
2016-08-02 18:43:00,2016-08-02 18:44:00,5513.0,5513.0,5514.0,5512.0,5515.0,5515.0,5515.0,5514.0,11
2016-08-02 18:44:00,2016-08-02 18:45:00,5513.0,5513.0,5514.0,5512.0,5515.0,5514.0,5515.0,5514.0,8
2016-08-02 18:45:00,2016-08-02 18:47:00,5514.0,5514.0,5515.0,5513.0,5515.0,5515.0,5516.0,5514.0,10
2016-08-02 18:47:00,2016-08-02 18:48:00,5514.0,5513.0,5514.0,5513.0,5515.0,5514.0,5515.0,5514.0,18
2016-08-02 18:48:00,2016-08-02 18:49:00,5513.0,5514.0,5515.0,5513.0,5514.0,5516.0,5516.0,5515.0,9
2016-08-02 18:49:00,2016-08-02 18:51:00,5514.0,5513.0,5513.0,5513.0,5515.0,5514.0,5517.0,5514.0,2
2016-08-02 18:51:00,2016-08-02 18:53:00,5512.0,5512.0,5513.0,5512.0,5513.0,5513.0,5514.0,5513.0,7
2016-08-02 18:53:00,2016-08-02 18:54:00,5512.0,5511.0,5512.0,5511.0,5513.0,5513.0,5514.0,5512.0,5
2016-08-02 18:54:00,2016-08-02 18:55:00,5511.0,5511.0,5512.0,5510.0,5513.0,5512.0,5513.0,5512.0,5
2016-08-02 18:55:00,2016-08-02 18:57:00,5512.0,5512.0,5513.0,5511.0,5514.0,5513.0,5515.0,5513.0,4
2016-08-02 18:57:00,2016-08-02 19:03:00,5513.0,5513.0,5514.0,5513.0,5514.0,5514.0,5516.0,5514.0,5
2016-08-02 19:03:00,2016-08-02 19:04:00,5513.0,5512.0,5514.0,5512.0,5514.0,5514.0,5515.0,5514.0,5
2016-08-02 19:04:00,2016-08-02 19:06:00,5513.0,5511.0,5512.0,5511.0,5514.0,5512.0,5515.0,5512.0,9
2016-08-02 19:06:00,2016-08-02 19:14:00,5511.0,5511.0,5511.0,5510.0,5513.0,5513.0,5513.0,5511.0,6
2016-08-02 19:14:00,2016-08-02 19:15:00,5511.0,5510.0,5511.0,5510.0,5513.0,5512.0,5512.0,5512.0,2
2016-08-02 19:15:00,2016-08-02 19:16:00,5510.0,5511.0,5511.0,5510.0,5512.0,5512.0,5514.0,5512.0,3
2016-08-02 19:16:00,2016-08-02 19:17:00,5511.0,5511.0,5512.0,5511.0,5512.0,5512.0,5513.0,5512.0,7
2016-08-02 19:17:00,2016-08-02 19:18:00,5511.0,5511.0,5512.0,5511.0,5512.0,5512.0,5513.0,5512.0,4
2016-08-02 19:18:00,2016-08-02 19:19:00,5511.0,5512.0,5512.0,5509.0,5512.0,5513.0,5514.0,5513.0,5
2016-08-02 19:19:00,2016-08-02 19:20:00,5512.0,5511.0,5512.0,5511.0,5513.0,5513.0,5514.0,5513.0,3
2016-08-02 19:20:00,2016-08-02 19:21:00,5511.0,5512.0,5512.0,5510.0,5513.0,5513.0,5513.0,5512.0,4
2016-08-02 19:21:00,2016-08-02 19:26:00,5511.0,5511.0,5513.0,5511.0,5512.0,5512.0,5514.0,5512.0,11
2016-08-02 19:26:00,2016-08-02 19:27:00,5511.0,5511.0,5511.0,5511.0,5512.0,5512.0,5513.0,5512.0,6
2016-08-02 19:27:00,2016-08-02 19:29:00,5511.0,5510.0,5511.0,5509.0,5512.0,5511.0,5514.0,5511.0,10
2016-08-02 19:29:00,2016-08-02 19:30:00,5510.0,5510.0,5510.0,5509.0,5511.0,5511.0,5511.0,5510.0,7
2016-08-02 19:30:00,2016-08-02 19:31:00,5510.0,5510.0,5511.0,5510.0,5511.0,5512.0,5514.0,5511.0,11
2016-08-02 19:31:00,2016-08-02 19:32:00,5510.0,5509.0,5510.0,5509.0,5512.0,5510.0,5511.0,5510.0,7
2016-08-02 19:32:00,2016-08-02 19:33:00,5509.0,5510.0,5511.0,5509.0,5510.0,5512.0,5512.0,5511.0,10
2016-08-02 19:33:00,2016-08-02 19:34:00,5510.0,5511.0,5511.0,5510.0,5512.0,5512.0,5513.0,5512.0,5
2016-08-02 19:34:00,2016-08-02 19:35:00,5511.0,5511.0,5511.0,5510.0,5512.0,5513.0,5513.0,5511.0,6
2016-08-02 19:35:00,2016-08-02 19:36:00,5511.0,5512.0,5512.0,5511.0,5513.0,5513.0,5513.0,5512.0,5
2016-08-02 19:36:00,2016-08-02 19:37:00,5512.0,5512.0,5513.0,5511.0,5513.0,5514.0,5514.0,5512.0,10
2016-08-02 19:37:00,2016-08-02 19:38:00,5512.0,5514.0,5514.0,5511.0,5514.0,5515.0,5516.0,5512.0,9
2016-08-02 19:38:00,2016-08-02 19:39:00,5514.0,5513.0,5514.0,5513.0,5515.0,5514.0,5516.0,5514.0,4
2016-08-02 19:39:00,2016-08-02 19:40:00,5513.0,5511.0,5513.0,5511.0,5514.0,5512.0,5516.0,5512.0,12
2016-08-02 19:40:00,2016-08-02 19:42:00,5510.0,5510.0,5511.0,5508.0,5511.0,5511.0,5512.0,5510.0,15
2016-08-02 19:42:00,2016-08-02 19:43:00,5510.0,5511.0,5511.0,5510.0,5511.0,5513.0,5514.0,5512.0,5
2016-08-02 19:43:00,2016-08-02 19:44:00,5511.0,5512.0,5512.0,5511.0,5513.0,5513.0,5513.0,5512.0,3
2016-08-02 19:44:00,2016-08-02 19:45:00,5512.0,5514.0,5514.0,5512.0,5513.0,5515.0,5515.0,5514.0,4
2016-08-02 19:45:00,2016-08-02 19:46:00,5514.0,5517.0,5517.0,5514.0,5515.0,5518.0,5518.0,5516.0,9
2016-08-02 19:46:00,2016-08-02 19:48:00,5516.0,5516.0,5517.0,5516.0,5518.0,5517.0,5518.0,5517.0,5
2016-08-02 19:48:00,2016-08-02 19:49:00,5516.0,5517.0,5518.0,5516.0,5517.0,5518.0,5519.0,5518.0,6
2016-08-02 19:49:00,2016-08-02 19:52:00,5517.0,5518.0,5519.0,5517.0,5518.0,5520.0,5520.0,5518.0,12
2016-08-02 19:52:00,2016-08-02 19:53:00,5518.0,5518.0,5519.0,5518.0,5520.0,5519.0,5520.0,5519.0,5
2016-08-02 19:53:00,2016-08-02 19:54:00,5518.0,5519.0,5519.0,5519.0,5519.0,5520.0,5521.0,5520.0,5
2016-08-02 19:54:00,2016-08-02 19:55:00,5519.0,5520.0,5520.0,5518.0,5520.0,5521.0,5522.0,5520.0,7
2016-08-02 19:55:00,2016-08-02 19:57:00,5520.0,5519.0,5520.0,5519.0,5521.0,5520.0,5522.0,5520.0,8
2016-08-02 19:57:00,2016-08-02 19:58:00,5519.0,5518.0,5520.0,5518.0,5520.0,5520.0,5521.0,5520.0,3
2016-08-02 19:58:00,2016-08-02 19:59:00,5518.0,5517.0,5518.0,5516.0,5520.0,5521.0,5522.0,5519.0,11
2016-08-02 19:59:00,2016-08-02 20:00:00,5517.0,5520.0,5520.0,5516.0,5521.0,5522.0,5522.0,5521.0,9
2016-08-02 20:00:00,2016-08-02 20:02:00,5521.0,5520.0,5520.0,5520.0,5523.0,5522.0,5523.0,5522.0,3
2016-08-02 20:02:00,2016-08-02 20:03:00,5520.0,5520.0,5520.0,5520.0,5522.0,5522.0,5522.0,5521.0,2
2016-08-02 20:03:00,2016-08-02 20:05:00,5520.0,5520.0,5520.0,5519.0,5522.0,5521.0,5523.0,5521.0,2
2016-08-02 20:05:00,2016-08-02 20:10:00,5520.0,5520.0,5520.0,5518.0,5522.0,5523.0,5525.0,5521.0,5
2016-08-02 20:10:00,2016-08-02 20:13:00,5520.0,5519.0,5519.0,5519.0,5522.0,5520.0,5522.0,5520.0,2
2016-08-02 20:13:00,2016-08-02 20:14:00,5519.0,5517.0,5519.0,5517.0,5520.0,5521.0,5522.0,5520.0,7
2016-08-02 20:14:00,2016-08-02 20:15:00,5517.0,5516.0,5516.0,5516.0,5521.0,5521.0,5521.0,5521.0,1
2016-08-02 20:15:00,2016-08-02 20:17:00,5516.0,5515.0,5515.0,5515.0,5521.0,5522.0,5522.0,5522.0,1
2016-08-02 20:17:00,2016-08-02 20:18:00,5515.0,5516.0,5516.0,5516.0,5522.0,5521.0,5521.0,5521.0,1
2016-08-02 20:18:00,2016-08-02 20:19:00,5516.0,5516.0,5516.0,5516.0,5521.0,5520.0,5520.0,5520.0,1
2016-08-02 20:19:00,2016-08-02 20:20:00,5516.0,5515.0,5515.0,5515.0,5520.0,5521.0,5521.0,5521.0,1
2016-08-02 20:20:00,2016-08-02 20:21:00,5515.0,5516.0,5516.0,5516.0,5521.0,5520.0,5520.0,5520.0,1
2016-08-02 20:21:00,2016-08-02 20:22:00,5516.0,5516.0,5516.0,5516.0,5520.0,5521.0,5521.0,5521.0,1
2016-08-02 20:22:00,2016-08-02 20:23:00,5516.0,5516.0,5518.0,5516.0,5521.0,5520.0,5520.0,5520.0,3
2016-08-02 20:23:00,2016-08-02 20:24:00,5516.0,5519.0,5520.0,5516.0,5520.0,5521.0,5521.0,5521.0,3
2016-08-02 20:24:00,2016-08-02 20:25:00,5519.0,5516.0,5516.0,5516.0,5521.0,5521.0,5521.0,5519.0,3
2016-08-02 20:25:00,2016-08-02 20:26:00,5516.0,5516.0,5516.0,5516.0,5521.0,5522.0,5522.0,5522.0,1
2016-08-02 20:26:00,2016-08-02 20:28:00,5516.0,5515.0,5515.0,5515.0,5522.0,5521.0,5522.0,5521.0,2
2016-08-02 20:28:00,2016-08-02 20:29:00,5515.0,5516.0,5516.0,5516.0,5521.0,5521.0,5521.0,5521.0,1
2016-08-02 20:29:00,2016-08-02 20:30:00,5516.0,5518.0,5518.0,5516.0,5521.0,5521.0,5522.0,5521.0,4
2016-08-02 20:30:00,2016-08-02 20:31:00,5518.0,5518.0,5518.0,5518.0,5521.0,5520.0,5520.0,5519.0,2
2016-08-02 20:31:00,2016-08-02 20:32:00,5518.0,5518.0,5518.0,5516.0,5520.0,5521.0,5523.0,5521.0,3
2016-08-02 20:32:00,2016-08-02 20:33:00,5518.0,5519.0,5519.0,5518.0,5521.0,5522.0,5522.0,5522.0,2
2016-08-02 20:33:00,2016-08-02 20:34:00,5519.0,5521.0,5521.0,5521.0,5522.0,5522.0,5522.0,5522.0,1
2016-08-02 20:34:00,2016-08-02 20:42:00,5520.0,5520.0,5520.0,5518.0,5522.0,5522.0,5523.0,5522.0,2
2016-08-02 20:42:00,2016-08-02 20:44:00,5521.0,5522.0,5522.0,5521.0,5522.0,5523.0,5525.0,5523.0,4
2016-08-02 20:44:00,2016-08-02 20:45:00,5522.0,5520.0,5521.0,5520.0,5523.0,5522.0,5523.0,5522.0,2
2016-08-02 20:45:00,2016-08-02 20:46:00,5520.0,5519.0,5520.0,5519.0,5522.0,5520.0,5521.0,5520.0,2
2016-08-02 20:46:00,2016-08-02 20:49:00,5519.0,5521.0,5521.0,5519.0,5520.0,5522.0,5522.0,5521.0,4
2016-08-02 20:49:00,2016-08-02 20:51:00,5521.0,5520.0,5520.0,5520.0,5522.0,5523.0,5523.0,5523.0,1
2016-08-02 20:51:00,2016-08-02 20:52:00,5520.0,5519.0,5519.0,5519.0,5523.0,5522.0,5523.0,5522.0,2
2016-08-02 20:52:00,2016-08-02 20:54:00,5519.0,5518.0,5518.0,5518.0,5522.0,5522.0,5522.0,5522.0,1
2016-08-02 20:54:00,2016-08-02 20:55:00,5518.0,5517.0,5518.0,5517.0,5522.0,5519.0,5521.0,5519.0,3
2016-08-02 20:55:00,2016-08-02 20:59:00,5516.0,5517.0,5517.0,5515.0,5520.0,5519.0,5519.0,5517.0,8
2016-08-02 20:59:00,2016-08-02 23:50:00,5517.0,5509.0,5512.0,5504.0,5519.0,5512.0,5513.0,5506.0,64
2016-08-02 23:50:00,2016-08-02 23:51:00,5509.0,5512.0,5512.0,5510.0,5512.0,5513.0,5513.0,5511.0,5
2016-08-02 23:51:00,2016-08-02 23:52:00,5512.0,5511.0,5513.0,5510.0,5513.0,5512.0,5514.0,5512.0,12
2016-08-02 23:52:00,2016-08-02 23:55:00,5511.0,5512.0,5512.0,5511.0,5513.0,5513.0,5513.0,5512.0,15
2016-08-02 23:55:00,2016-08-02 23:56:00,5512.0,5511.0,5512.0,5511.0,5513.0,5512.0,5513.0,5512.0,11
2016-08-02 23:56:00,2016-08-02 23:57:00,5511.0,5510.0,5511.0,5510.0,5512.0,5512.0,5512.0,5511.0,11
2016-08-02 23:57:00,2016-08-02 23:58:00,5510.0,5509.0,5511.0,5509.0,5512.0,5510.0,5513.0,5510.0,13
2016-08-02 23:58:00,2016-08-02 23:59:00,5509.0,5508.0,5509.0,5508.0,5510.0,5509.0,5510.0,5509.0,16
2016-08-02 23:59:00,2016-08-03 00:00:00,5508.0,5508.0,5509.0,5503.0,5509.0,5509.0,5511.0,5504.0,58
2016-08-03 00:00:00,2016-08-03 00:01:00,5508.0,5504.0,5508.0,5503.0,5509.0,5505.0,5509.0,5505.0,23
2016-08-03 00:01:00,2016-08-03 00:02:00,5504.0,5503.0,5505.0,5503.0,5505.0,5504.0,5506.0,5504.0,22
2016-08-03 00:02:00,2016-08-03 00:03:00,5503.0,5502.0,5503.0,5502.0,5504.0,5503.0,5504.0,5503.0,31
2016-08-03 00:03:00,2016-08-03 00:04:00,5502.0,5503.0,5505.0,5499.0,5503.0,5504.0,5507.0,5500.0,41
2016-08-03 00:04:00,2016-08-03 00:05:00,5503.0,5500.0,5501.0,5497.0,5504.0,5501.0,5503.0,5498.0,56
2016-08-03 00:05:00,2016-08-03 00:06:00,5500.0,5499.0,5501.0,5499.0,5501.0,5500.0,5502.0,5500.0,16
2016-08-03 00:06:00,2016-08-03 00:07:00,5499.0,5500.0,5501.0,5498.0,5500.0,5501.0,5502.0,5499.0,35
2016-08-03 00:07:00,2016-08-03 00:08:00,5500.0,5499.0,5501.0,5497.0,5501.0,5500.0,5502.0,5498.0,34
2016-08-03 00:08:00,2016-08-03 00:09:00,5499.0,5500.0,5500.0,5499.0,5500.0,5501.0,5502.0,5500.0,15
2016-08-03 00:09:00,2016-08-03 00:10:00,5500.0,5498.0,5500.0,5498.0,5501.0,5500.0,5501.0,5500.0,16
2016-08-03 00:10:00,2016-08-03 00:11:00,5498.0,5498.0,5499.0,5497.0,5500.0,5499.0,5500.0,5498.0,27
2016-08-03 00:11:00,2016-08-03 00:12:00,5498.0,5501.0,5501.0,5496.0,5499.0,5502.0,5502.0,5498.0,28
2016-08-03 00:12:00,2016-08-03 00:13:00,5501.0,5502.0,5504.0,5501.0,5502.0,5504.0,5505.0,5503.0,19
2016-08-03 00:13:00,2016-08-03 00:14:00,5502.0,5499.0,5503.0,5499.0,5504.0,5501.0,5504.0,5501.0,22
2016-08-03 00:14:00,2016-08-03 00:15:00,5499.0,5504.0,5504.0,5500.0,5501.0,5505.0,5505.0,5501.0,47
2016-08-03 00:15:00,2016-08-03 00:16:00,5504.0,5505.0,5505.0,5503.0,5505.0,5506.0,5506.0,5504.0,23
2016-08-03 00:16:00,2016-08-03 00:17:00,5505.0,5506.0,5508.0,5504.0,5506.0,5507.0,5509.0,5506.0,34
2016-08-03 00:17:00,2016-08-03 00:18:00,5506.0,5505.0,5505.0,5503.0,5507.0,5506.0,5507.0,5504.0,24
2016-08-03 00:18:00,2016-08-03 00:19:00,5505.0,5504.0,5504.0,5503.0,5506.0,5505.0,5506.0,5504.0,60
2016-08-03 00:19:00,2016-08-03 00:20:00,5504.0,5500.0,5503.0,5500.0,5505.0,5501.0,5504.0,5501.0,24
2016-08-03 00:20:00,2016-08-03 00:21:00,5500.0,5501.0,5501.0,5498.0,5501.0,5502.0,5502.0,5499.0,25
2016-08-03 00:21:00,2016-08-03 00:22:00,5501.0,5503.0,5503.0,5501.0,5502.0,5504.0,5505.0,5503.0,6
2016-08-03 00:22:00,2016-08-03 00:23:00,5503.0,5506.0,5507.0,5503.0,5504.0,5507.0,5508.0,5505.0,18
2016-08-03 00:23:00,2016-08-03 00:24:00,5506.0,5508.0,5509.0,5505.0,5507.0,5509.0,5510.0,5507.0,27
2016-08-03 00:24:00,2016-08-03 00:25:00,5508.0,5507.0,5507.0,5506.0,5509.0,5508.0,5509.0,5507.0,5
2016-08-03 00:25:00,2016-08-03 00:26:00,5507.0,5506.0,5507.0,5505.0,5508.0,5508.0,5508.0,5506.0,20
2016-08-03 00:26:00,2016-08-03 00:27:00,5506.0,5505.0,5507.0,5504.0,5508.0,5506.0,5508.0,5506.0,9
2016-08-03 00:27:00,2016-08-03 00:28:00,5505.0,5504.0,5506.0,5503.0,5506.0,5505.0,5507.0,5505.0,21
2016-08-03 00:28:00,2016-08-03 00:29:00,5504.0,5502.0,5503.0,5502.0,5505.0,5504.0,5504.0,5503.0,13
2016-08-03 00:29:00,2016-08-03 00:30:00,5502.0,5502.0,5503.0,5501.0,5504.0,5503.0,5504.0,5502.0,10
2016-08-03 00:30:00,2016-08-03 00:31:00,5502.0,5501.0,5501.0,5500.0,5503.0,5502.0,5503.0,5501.0,7
2016-08-03 00:31:00,2016-08-03 00:32:00,5501.0,5498.0,5502.0,5498.0,5502.0,5500.0,5503.0,5499.0,26
2016-08-03 00:32:00,2016-08-03 00:33:00,5498.0,5497.0,5499.0,5497.0,5500.0,5499.0,5500.0,5498.0,18
2016-08-03 00:33:00,2016-08-03 00:34:00,5497.0,5498.0,5499.0,5497.0,5499.0,5499.0,5500.0,5499.0,13
2016-08-03 00:34:00,2016-08-03 00:35:00,5498.0,5495.0,5499.0,5493.0,5499.0,5496.0,5500.0,5495.0,25
2016-08-03 00:35:00,2016-08-03 00:36:00,5495.0,5495.0,5496.0,5494.0,5496.0,5496.0,5497.0,5495.0,18
2016-08-03 00:36:00,2016-08-03 00:37:00,5495.0,5497.0,5497.0,5494.0,5496.0,5498.0,5498.0,5496.0,14
2016-08-03 00:37:00,2016-08-03 00:38:00,5497.0,5497.0,5497.0,5495.0,5498.0,5498.0,5498.0,5496.0,7
2016-08-03 00:38:00,2016-08-03 00:39:00,5497.0,5497.0,5497.0,5496.0,5498.0,5498.0,5498.0,5497.0,9
2016-08-03 00:39:00,2016-08-03 00:41:00,5497.0,5497.0,5497.0,5496.0,5498.0,5498.0,5498.0,5497.0,8
2016-08-03 00:41:00,2016-08-03 00:43:00,5496.0,5495.0,5495.0,5494.0,5497.0,5496.0,5497.0,5495.0,15
2016-08-03 00:43:00,2016-08-03 00:45:00,5496.0,5489.0,5495.0,5489.0,5497.0,5490.0,5496.0,5490.0,38
2016-08-03 00:45:00,2016-08-03 00:46:00,5489.0,5490.0,5490.0,5488.0,5490.0,5491.0,5491.0,5489.0,30
2016-08-03 00:46:00,2016-08-03 00:48:00,5489.0,5493.0,5494.0,5489.0,5490.0,5494.0,5495.0,5491.0,17
2016-08-03 00:48:00,2016-08-03 00:49:00,5493.0,5495.0,5496.0,5493.0,5494.0,5496.0,5497.0,5495.0,14
2016-08-03 00:49:00,2016-08-03 00:50:00,5495.0,5493.0,5495.0,5491.0,5496.0,5494.0,5496.0,5493.0,13
2016-08-03 00:50:00,2016-08-03 00:51:00,5493.0,5492.0,5492.0,5491.0,5494.0,5493.0,5494.0,5492.0,14
2016-08-03 00:51:00,2016-08-03 00:52:00,5492.0,5491.0,5491.0,5491.0,5493.0,5493.0,5493.0,5492.0,5
2016-08-03 00:52:00,2016-08-03 00:54:00,5492.0,5490.0,5491.0,5490.0,5493.0,5491.0,5492.0,5491.0,3
2016-08-03 00:54:00,2016-08-03 00:55:00,5490.0,5486.0,5490.0,5486.0,5491.0,5487.0,5492.0,5487.0,20
2016-08-03 00:55:00,2016-08-03 00:56:00,5486.0,5486.0,5488.0,5486.0,5487.0,5487.0,5489.0,5487.0,20
2016-08-03 00:56:00,2016-08-03 00:57:00,5486.0,5488.0,5488.0,5486.0,5487.0,5489.0,5489.0,5488.0,4
2016-08-03 00:57:00,2016-08-03 00:58:00,5488.0,5489.0,5489.0,5488.0,5489.0,5490.0,5490.0,5489.0,16
2016-08-03 00:58:00,2016-08-03 01:00:00,5489.0,5488.0,5489.0,5488.0,5490.0,5489.0,5490.0,5489.0,13
2016-08-03 01:00:00,2016-08-03 01:01:00,5488.0,5488.0,5489.0,5488.0,5489.0,5490.0,5490.0,5490.0,5
2016-08-03 01:01:00,2016-08-03 01:04:00,5488.0,5486.0,5487.0,5486.0,5489.0,5487.0,5488.0,5487.0,15
2016-08-03 01:04:00,2016-08-03 01:05:00,5486.0,5487.0,5488.0,5486.0,5487.0,5488.0,5489.0,5488.0,8
2016-08-03 01:05:00,2016-08-03 01:07:00,5487.0,5486.0,5487.0,5485.0,5488.0,5487.0,5489.0,5486.0,9
2016-08-03 01:07:00,2016-08-03 01:08:00,5486.0,5486.0,5487.0,5485.0,5487.0,5487.0,5489.0,5486.0,11
2016-08-03 01:08:00,2016-08-03 01:09:00,5486.0,5487.0,5487.0,5486.0,5487.0,5488.0,5489.0,5487.0,5
2016-08-03 01:09:00,2016-08-03 01:10:00,5487.0,5490.0,5491.0,5487.0,5488.0,5491.0,5492.0,5488.0,18
2016-08-03 01:10:00,2016-08-03 01:12:00,5490.0,5490.0,5492.0,5490.0,5491.0,5491.0,5493.0,5491.0,15
2016-08-03 01:12:00,2016-08-03 01:15:00,5490.0,5489.0,5490.0,5487.0,5491.0,5490.0,5491.0,5488.0,22
2016-08-03 01:15:00,2016-08-03 01:16:00,5489.0,5488.0,5489.0,5487.0,5490.0,5489.0,5490.0,5488.0,12
2016-08-03 01:16:00,2016-08-03 01:18:00,5489.0,5489.0,5490.0,5489.0,5490.0,5491.0,5491.0,5490.0,7
2016-08-03 01:18:00,2016-08-03 01:19:00,5489.0,5490.0,5491.0,5489.0,5491.0,5491.0,5492.0,5490.0,18
2016-08-03 01:19:00,2016-08-03 01:20:00,5490.0,5491.0,5491.0,5490.0,5491.0,5492.0,5492.0,5491.0,10
2016-08-03 01:20:00,2016-08-03 01:21:00,5491.0,5489.0,5490.0,5489.0,5492.0,5490.0,5492.0,5490.0,16
2016-08-03 01:21:00,2016-08-03 01:23:00,5489.0,5490.0,5490.0,5488.0,5490.0,5491.0,5491.0,5489.0,15
2016-08-03 01:23:00,2016-08-03 01:25:00,5489.0,5492.0,5492.0,5489.0,5490.0,5493.0,5493.0,5490.0,17
2016-08-03 01:25:00,2016-08-03 01:26:00,5492.0,5493.0,5494.0,5491.0,5493.0,5494.0,5495.0,5492.0,13
2016-08-03 01:26:00,2016-08-03 01:27:00,5493.0,5497.0,5497.0,5493.0,5494.0,5498.0,5498.0,5494.0,24
2016-08-03 01:27:00,2016-08-03 01:30:00,5497.0,5499.0,5500.0,5495.0,5498.0,5501.0,5501.0,5497.0,24
2016-08-03 01:30:00,2016-08-03 01:31:00,5499.0,5497.0,5499.0,5497.0,5501.0,5498.0,5500.0,5498.0,13
2016-08-03 01:31:00,2016-08-03 01:32:00,5497.0,5496.0,5496.0,5495.0,5498.0,5497.0,5498.0,5496.0,10
2016-08-03 01:32:00,2016-08-03 01:33:00,5496.0,5492.0,5496.0,5491.0,5497.0,5493.0,5497.0,5492.0,29
2016-08-03 01:33:00,2016-08-03 01:36:00,5493.0,5495.0,5495.0,5494.0,5494.0,5496.0,5496.0,5495.0,7
2016-08-03 01:36:00,2016-08-03 01:37:00,5495.0,5496.0,5496.0,5495.0,5496.0,5497.0,5497.0,5496.0,5
2016-08-03 01:37:00,2016-08-03 01:38:00,5496.0,5496.0,5496.0,5494.0,5497.0,5497.0,5498.0,5496.0,14
2016-08-03 01:38:00,2016-08-03 01:39:00,5496.0,5497.0,5497.0,5496.0,5497.0,5499.0,5499.0,5498.0,5
2016-08-03 01:39:00,2016-08-03 01:41:00,5496.0,5500.0,5500.0,5497.0,5498.0,5501.0,5501.0,5499.0,37
2016-08-03 01:41:00,2016-08-03 01:42:00,5500.0,5501.0,5501.0,5499.0,5501.0,5502.0,5502.0,5501.0,10
2016-08-03 01:42:00,2016-08-03 01:43:00,5501.0,5502.0,5502.0,5499.0,5502.0,5503.0,5503.0,5500.0,12
2016-08-03 01:43:00,2016-08-03 01:44:00,5502.0,5501.0,5503.0,5500.0,5503.0,5502.0,5504.0,5501.0,17
2016-08-03 01:44:00,2016-08-03 01:45:00,5501.0,5498.0,5500.0,5498.0,5502.0,5499.0,5502.0,5499.0,5
2016-08-03 01:45:00,2016-08-03 01:46:00,5498.0,5499.0,5499.0,5498.0,5499.0,5500.0,5502.0,5499.0,10
2016-08-03 01:46:00,2016-08-03 01:47:00,5499.0,5500.0,5500.0,5498.0,5500.0,5501.0,5501.0,5499.0,4
2016-08-03 01:47:00,2016-08-03 01:49:00,5500.0,5501.0,5502.0,5499.0,5501.0,5503.0,5503.0,5501.0,8
2016-08-03 01:49:00,2016-08-03 01:50:00,5501.0,5503.0,5503.0,5500.0,5503.0,5504.0,5505.0,5502.0,9
2016-08-03 01:50:00,2016-08-03 01:51:00,5503.0,5500.0,5502.0,5500.0,5504.0,5501.0,5504.0,5501.0,13
2016-08-03 01:51:00,2016-08-03 01:52:00,5500.0,5499.0,5500.0,5498.0,5501.0,5500.0,5503.0,5500.0,17
2016-08-03 01:52:00,2016-08-03 01:53:00,5499.0,5496.0,5498.0,5496.0,5500.0,5497.0,5500.0,5497.0,10
2016-08-03 01:53:00,2016-08-03 01:54:00,5496.0,5498.0,5498.0,5497.0,5497.0,5499.0,5499.0,5498.0,17
2016-08-03 01:54:00,2016-08-03 01:55:00,5498.0,5498.0,5498.0,5497.0,5499.0,5499.0,5499.0,5498.0,4
2016-08-03 01:55:00,2016-08-03 01:56:00,5498.0,5496.0,5498.0,5496.0,5499.0,5497.0,5499.0,5497.0,12
2016-08-03 01:56:00,2016-08-03 01:57:00,5496.0,5500.0,5500.0,5497.0,5497.0,5501.0,5502.0,5498.0,11
2016-08-03 01:57:00,2016-08-03 01:58:00,5500.0,5503.0,5504.0,5500.0,5501.0,5505.0,5505.0,5502.0,12
2016-08-03 01:58:00,2016-08-03 01:59:00,5503.0,5504.0,5504.0,5502.0,5505.0,5506.0,5506.0,5503.0,17
2016-08-03 01:59:00,2016-08-03 02:00:00,5504.0,5504.0,5505.0,5504.0,5506.0,5505.0,5507.0,5505.0,18
2016-08-03 02:00:00,2016-08-03 02:01:00,5504.0,5505.0,5505.0,5504.0,5505.0,5506.0,5507.0,5505.0,14
2016-08-03 02:01:00,2016-08-03 02:03:00,5505.0,5504.0,5505.0,5504.0,5506.0,5505.0,5507.0,5505.0,16
2016-08-03 02:03:00,2016-08-03 02:04:00,5504.0,5502.0,5503.0,5502.0,5505.0,5504.0,5505.0,5504.0,3
2016-08-03 02:04:00,2016-08-03 02:05:00,5502.0,5504.0,5505.0,5503.0,5504.0,5505.0,5506.0,5504.0,6
2016-08-03 02:05:00,2016-08-03 02:06:00,5504.0,5504.0,5505.0,5503.0,5505.0,5505.0,5506.0,5504.0,19
2016-08-03 02:06:00,2016-08-03 02:07:00,5504.0,5502.0,5504.0,5502.0,5505.0,5503.0,5505.0,5503.0,16
2016-08-03 02:07:00,2016-08-03 02:08:00,5502.0,5502.0,5502.0,5501.0,5503.0,5503.0,5503.0,5502.0,7
2016-08-03 02:08:00,2016-08-03 02:10:00,5502.0,5503.0,5504.0,5502.0,5503.0,5504.0,5505.0,5503.0,11
2016-08-03 02:10:00,2016-08-03 02:11:00,5503.0,5502.0,5504.0,5502.0,5504.0,5503.0,5505.0,5503.0,5
2016-08-03 02:11:00,2016-08-03 02:12:00,5502.0,5503.0,5505.0,5502.0,5503.0,5504.0,5506.0,5504.0,10
2016-08-03 02:12:00,2016-08-03 02:13:00,5503.0,5499.0,5502.0,5498.0,5504.0,5500.0,5504.0,5499.0,19
2016-08-03 02:13:00,2016-08-03 02:14:00,5499.0,5499.0,5499.0,5498.0,5500.0,5501.0,5501.0,5499.0,21
2016-08-03 02:14:00,2016-08-03 02:15:00,5499.0,5500.0,5501.0,5499.0,5501.0,5501.0,5502.0,5500.0,9
2016-08-03 02:15:00,2016-08-03 02:16:00,5500.0,5499.0,5500.0,5499.0,5501.0,5500.0,5501.0,5500.0,5
2016-08-03 02:16:00,2016-08-03 02:17:00,5499.0,5499.0,5500.0,5499.0,5500.0,5500.0,5501.0,5500.0,8
2016-08-03 02:17:00,2016-08-03 02:20:00,5499.0,5497.0,5498.0,5497.0,5500.0,5498.0,5500.0,5498.0,6
2016-08-03 02:20:00,2016-08-03 02:21:00,5497.0,5496.0,5496.0,5495.0,5498.0,5498.0,5498.0,5496.0,9
2016-08-03 02:21:00,2016-08-03 02:23:00,5497.0,5497.0,5498.0,5496.0,5498.0,5498.0,5499.0,5497.0,18
2016-08-03 02:23:00,2016-08-03 02:26:00,5496.0,5494.0,5495.0,5493.0,5497.0,5495.0,5497.0,5494.0,12
2016-08-03 02:26:00,2016-08-03 02:28:00,5494.0,5493.0,5495.0,5493.0,5496.0,5494.0,5496.0,5494.0,5
2016-08-03 02:28:00,2016-08-03 02:29:00,5493.0,5493.0,5494.0,5492.0,5494.0,5495.0,5495.0,5493.0,12
2016-08-03 02:29:00,2016-08-03 02:30:00,5493.0,5495.0,5496.0,5494.0,5495.0,5496.0,5497.0,5495.0,14
2016-08-03 02:30:00,2016-08-03 02:34:00,5496.0,5494.0,5497.0,5494.0,5497.0,5495.0,5498.0,5495.0,13
2016-08-03 02:34:00,2016-08-03 02:35:00,5494.0,5491.0,5493.0,5491.0,5495.0,5492.0,5495.0,5492.0,16
2016-08-03 02:35:00,2016-08-03 02:36:00,5491.0,5491.0,5493.0,5490.0,5492.0,5492.0,5494.0,5491.0,15
2016-08-03 02:36:00,2016-08-03 02:37:00,5491.0,5490.0,5491.0,5489.0,5492.0,5491.0,5492.0,5490.0,22
2016-08-03 02:37:00,2016-08-03 02:38:00,5490.0,5491.0,5492.0,5489.0,5491.0,5493.0,5493.0,5490.0,15
2016-08-03 02:38:00,2016-08-03 02:39:00,5491.0,5489.0,5491.0,5489.0,5493.0,5490.0,5492.0,5490.0,15
2016-08-03 02:39:00,2016-08-03 02:42:00,5490.0,5488.0,5489.0,5487.0,5491.0,5489.0,5490.0,5488.0,16
2016-08-03 02:42:00,2016-08-03 02:43:00,5488.0,5488.0,5489.0,5487.0,5489.0,5489.0,5490.0,5489.0,6
2016-08-03 02:43:00,2016-08-03 02:45:00,5488.0,5488.0,5488.0,5487.0,5490.0,5489.0,5489.0,5488.0,4
2016-08-03 02:45:00,2016-08-03 02:50:00,5488.0,5487.0,5488.0,5487.0,5489.0,5488.0,5489.0,5488.0,3
2016-08-03 02:50:00,2016-08-03 02:51:00,5487.0,5486.0,5486.0,5486.0,5488.0,5487.0,5488.0,5487.0,5
2016-08-03 02:51:00,2016-08-03 02:55:00,5487.0,5486.0,5487.0,5486.0,5488.0,5488.0,5488.0,5487.0,9
2016-08-03 02:55:00,2016-08-03 02:56:00,5486.0,5486.0,5487.0,5486.0,5488.0,5488.0,5488.0,5487.0,8
2016-08-03 02:56:00,2016-08-03 02:57:00,5486.0,5486.0,5486.0,5485.0,5488.0,5488.0,5488.0,5486.0,5
2016-08-03 02:57:00,2016-08-03 02:58:00,5486.0,5486.0,5487.0,5486.0,5488.0,5487.0,5488.0,5487.0,2
2016-08-03 02:58:00,2016-08-03 02:59:00,5486.0,5484.0,5485.0,5484.0,5487.0,5485.0,5487.0,5485.0,8
2016-08-03 02:59:00,2016-08-03 03:00:00,5484.0,5485.0,5486.0,5484.0,5485.0,5487.0,5487.0,5486.0,14
2016-08-03 03:00:00,2016-08-03 03:01:00,5485.0,5485.0,5486.0,5484.0,5487.0,5486.0,5487.0,5485.0,10
2016-08-03 03:01:00,2016-08-03 03:03:00,5487.0,5487.0,5488.0,5486.0,5488.0,5488.0,5489.0,5487.0,9
2016-08-03 03:03:00,2016-08-03 03:05:00,5487.0,5487.0,5489.0,5486.0,5488.0,5488.0,5490.0,5488.0,18
2016-08-03 03:05:00,2016-08-03 03:07:00,5486.0,5485.0,5486.0,5485.0,5488.0,5487.0,5487.0,5486.0,10
2016-08-03 03:07:00,2016-08-03 03:10:00,5485.0,5484.0,5486.0,5484.0,5487.0,5485.0,5487.0,5485.0,12
2016-08-03 03:10:00,2016-08-03 03:12:00,5484.0,5484.0,5484.0,5483.0,5485.0,5485.0,5486.0,5484.0,10
2016-08-03 03:12:00,2016-08-03 03:15:00,5484.0,5483.0,5484.0,5483.0,5485.0,5485.0,5485.0,5484.0,6
2016-08-03 03:15:00,2016-08-03 03:19:00,5485.0,5485.0,5486.0,5485.0,5486.0,5486.0,5487.0,5486.0,5
2016-08-03 03:19:00,2016-08-03 03:20:00,5485.0,5485.0,5485.0,5484.0,5486.0,5486.0,5486.0,5485.0,9
2016-08-03 03:20:00,2016-08-03 03:23:00,5486.0,5486.0,5487.0,5486.0,5487.0,5488.0,5488.0,5488.0,3
2016-08-03 03:23:00,2016-08-03 03:24:00,5486.0,5486.0,5487.0,5486.0,5488.0,5487.0,5488.0,5487.0,11
2016-08-03 03:24:00,2016-08-03 03:26:00,5486.0,5484.0,5486.0,5483.0,5487.0,5485.0,5487.0,5484.0,10
2016-08-03 03:26:00,2016-08-03 03:27:00,5484.0,5485.0,5485.0,5483.0,5485.0,5486.0,5486.0,5484.0,7
2016-08-03 03:27:00,2016-08-03 03:29:00,5483.0,5484.0,5484.0,5482.0,5485.0,5485.0,5485.0,5483.0,7
2016-08-03 03:29:00,2016-08-03 03:30:00,5484.0,5486.0,5486.0,5484.0,5485.0,5487.0,5487.0,5485.0,14
2016-08-03 03:30:00,2016-08-03 03:31:00,5486.0,5487.0,5487.0,5485.0,5487.0,5488.0,5489.0,5487.0,12
2016-08-03 03:31:00,2016-08-03 03:32:00,5487.0,5486.0,5487.0,5486.0,5488.0,5487.0,5488.0,5487.0,11
2016-08-03 03:32:00,2016-08-03 03:35:00,5486.0,5486.0,5486.0,5485.0,5487.0,5487.0,5488.0,5486.0,12
2016-08-03 03:35:00,2016-08-03 03:37:00,5486.0,5487.0,5488.0,5487.0,5487.0,5489.0,5489.0,5488.0,5
2016-08-03 03:37:00,2016-08-03 03:38:00,5487.0,5484.0,5487.0,5484.0,5489.0,5486.0,5488.0,5485.0,25
2016-08-03 03:38:00,2016-08-03 03:39:00,5484.0,5485.0,5486.0,5484.0,5486.0,5486.0,5487.0,5485.0,7
2016-08-03 03:39:00,2016-08-03 03:40:00,5485.0,5485.0,5485.0,5483.0,5486.0,5486.0,5487.0,5484.0,16
2016-08-03 03:40:00,2016-08-03 03:41:00,5485.0,5484.0,5485.0,5484.0,5486.0,5486.0,5486.0,5486.0,5
2016-08-03 03:41:00,2016-08-03 03:43:00,5485.0,5483.0,5485.0,5483.0,5486.0,5485.0,5486.0,5484.0,14
2016-08-03 03:43:00,2016-08-03 03:46:00,5484.0,5482.0,5484.0,5482.0,5486.0,5483.0,5485.0,5483.0,6
2016-08-03 03:46:00,2016-08-03 03:48:00,5482.0,5482.0,5482.0,5480.0,5483.0,5483.0,5483.0,5481.0,12
2016-08-03 03:48:00,2016-08-03 03:49:00,5482.0,5480.0,5482.0,5479.0,5483.0,5481.0,5483.0,5480.0,22
2016-08-03 03:49:00,2016-08-03 03:51:00,5479.0,5479.0,5479.0,5478.0,5480.0,5480.0,5480.0,5479.0,9
2016-08-03 03:51:00,2016-08-03 03:53:00,5479.0,5480.0,5480.0,5478.0,5480.0,5481.0,5481.0,5479.0,13
2016-08-03 03:53:00,2016-08-03 03:54:00,5480.0,5480.0,5482.0,5479.0,5481.0,5481.0,5483.0,5480.0,18
2016-08-03 03:54:00,2016-08-03 03:56:00,5480.0,5481.0,5481.0,5479.0,5481.0,5482.0,5482.0,5480.0,7
2016-08-03 03:56:00,2016-08-03 03:57:00,5481.0,5480.0,5480.0,5479.0,5482.0,5481.0,5482.0,5480.0,6
2016-08-03 03:57:00,2016-08-03 03:59:00,5481.0,5480.0,5481.0,5479.0,5482.0,5481.0,5482.0,5480.0,12
2016-08-03 03:59:00,2016-08-03 04:00:00,5480.0,5479.0,5480.0,5478.0,5481.0,5480.0,5482.0,5480.0,15
2016-08-03 04:00:00,2016-08-03 04:02:00,5477.0,5479.0,5480.0,5477.0,5479.0,5481.0,5482.0,5479.0,21
2016-08-03 04:02:00,2016-08-03 04:03:00,5479.0,5481.0,5481.0,5480.0,5481.0,5482.0,5482.0,5481.0,10
2016-08-03 04:03:00,2016-08-03 04:06:00,5479.0,5478.0,5480.0,5478.0,5480.0,5480.0,5481.0,5479.0,15
2016-08-03 04:06:00,2016-08-03 04:08:00,5478.0,5477.0,5478.0,5477.0,5479.0,5478.0,5479.0,5478.0,11
2016-08-03 04:08:00,2016-08-03 04:09:00,5477.0,5476.0,5478.0,5476.0,5478.0,5477.0,5479.0,5477.0,6
2016-08-03 04:09:00,2016-08-03 04:11:00,5476.0,5476.0,5477.0,5476.0,5477.0,5477.0,5478.0,5477.0,7
2016-08-03 04:11:00,2016-08-03 04:12:00,5476.0,5476.0,5477.0,5475.0,5477.0,5478.0,5479.0,5478.0,13
2016-08-03 04:12:00,2016-08-03 04:13:00,5476.0,5476.0,5477.0,5476.0,5478.0,5478.0,5478.0,5477.0,5
2016-08-03 04:13:00,2016-08-03 04:14:00,5476.0,5476.0,5476.0,5475.0,5478.0,5477.0,5479.0,5477.0,3
2016-08-03 04:14:00,2016-08-03 04:15:00,5476.0,5476.0,5477.0,5476.0,5477.0,5478.0,5478.0,5477.0,9
2016-08-03 04:15:00,2016-08-03 04:17:00,5476.0,5476.0,5477.0,5475.0,5478.0,5478.0,5478.0,5476.0,13
2016-08-03 04:17:00,2016-08-03 04:18:00,5476.0,5477.0,5478.0,5476.0,5478.0,5478.0,5479.0,5478.0,17
2016-08-03 04:18:00,2016-08-03 04:19:00,5477.0,5478.0,5478.0,5477.0,5478.0,5479.0,5479.0,5478.0,11
2016-08-03 04:19:00,2016-08-03 04:20:00,5478.0,5478.0,5479.0,5478.0,5479.0,5479.0,5480.0,5479.0,9
2016-08-03 04:20:00,2016-08-03 04:22:00,5480.0,5481.0,5482.0,5480.0,5481.0,5483.0,5483.0,5481.0,20
2016-08-03 04:22:00,2016-08-03 04:23:00,5481.0,5480.0,5481.0,5480.0,5483.0,5481.0,5482.0,5481.0,2
2016-08-03 04:23:00,2016-08-03 04:24:00,5480.0,5479.0,5480.0,5479.0,5481.0,5481.0,5483.0,5481.0,3
2016-08-03 04:24:00,2016-08-03 04:26:00,5478.0,5475.0,5477.0,5475.0,5479.0,5479.0,5479.0,5477.0,7
2016-08-03 04:26:00,2016-08-03 04:27:00,5475.0,5474.0,5476.0,5474.0,5479.0,5475.0,5477.0,5475.0,9
2016-08-03 04:27:00,2016-08-03 04:28:00,5474.0,5473.0,5474.0,5471.0,5475.0,5474.0,5475.0,5472.0,20
2016-08-03 04:28:00,2016-08-03 04:29:00,5473.0,5474.0,5474.0,5473.0,5474.0,5475.0,5475.0,5474.0,21
2016-08-03 04:29:00,2016-08-03 04:30:00,5474.0,5474.0,5474.0,5472.0,5475.0,5475.0,5477.0,5473.0,27
2016-08-03 04:30:00,2016-08-03 04:31:00,5474.0,5474.0,5475.0,5474.0,5475.0,5475.0,5476.0,5475.0,9
2016-08-03 04:31:00,2016-08-03 04:32:00,5474.0,5473.0,5474.0,5473.0,5475.0,5475.0,5475.0,5474.0,14
2016-08-03 04:32:00,2016-08-03 04:35:00,5473.0,5473.0,5474.0,5473.0,5474.0,5474.0,5475.0,5474.0,24
2016-08-03 04:35:00,2016-08-03 04:36:00,5473.0,5473.0,5474.0,5473.0,5474.0,5474.0,5477.0,5474.0,6
2016-08-03 04:36:00,2016-08-03 04:40:00,5474.0,5473.0,5474.0,5473.0,5475.0,5474.0,5475.0,5474.0,8
2016-08-03 04:40:00,2016-08-03 04:43:00,5475.0,5477.0,5477.0,5474.0,5476.0,5478.0,5478.0,5475.0,14
2016-08-03 04:43:00,2016-08-03 04:44:00,5477.0,5477.0,5478.0,5477.0,5478.0,5479.0,5479.0,5478.0,14
2016-08-03 04:44:00,2016-08-03 04:45:00,5477.0,5478.0,5478.0,5476.0,5479.0,5479.0,5479.0,5477.0,20
2016-08-03 04:45:00,2016-08-03 04:47:00,5478.0,5477.0,5477.0,5477.0,5479.0,5479.0,5479.0,5478.0,2
2016-08-03 04:47:00,2016-08-03 04:48:00,5477.0,5477.0,5478.0,5477.0,5479.0,5478.0,5481.0,5478.0,12
2016-08-03 04:48:00,2016-08-03 04:49:00,5477.0,5477.0,5478.0,5477.0,5478.0,5479.0,5479.0,5478.0,7
2016-08-03 04:49:00,2016-08-03 04:50:00,5477.0,5480.0,5480.0,5477.0,5479.0,5481.0,5483.0,5478.0,20
2016-08-03 04:50:00,2016-08-03 04:51:00,5480.0,5482.0,5483.0,5480.0,5481.0,5483.0,5484.0,5482.0,15
2016-08-03 04:51:00,2016-08-03 04:53:00,5481.0,5483.0,5483.0,5481.0,5482.0,5484.0,5484.0,5482.0,11
2016-08-03 04:53:00,2016-08-03 04:54:00,5483.0,5482.0,5483.0,5482.0,5484.0,5484.0,5484.0,5483.0,4
2016-08-03 04:54:00,2016-08-03 04:55:00,5482.0,5484.0,5484.0,5482.0,5484.0,5485.0,5485.0,5483.0,5
2016-08-03 04:55:00,2016-08-03 04:56:00,5484.0,5484.0,5487.0,5484.0,5485.0,5486.0,5488.0,5485.0,16
2016-08-03 04:56:00,2016-08-03 04:58:00,5484.0,5485.0,5485.0,5484.0,5485.0,5486.0,5486.0,5485.0,10
2016-08-03 04:58:00,2016-08-03 04:59:00,5485.0,5484.0,5485.0,5483.0,5486.0,5485.0,5486.0,5485.0,10
2016-08-03 04:59:00,2016-08-03 05:01:00,5483.0,5481.0,5483.0,5481.0,5484.0,5482.0,5484.0,5482.0,8
2016-08-03 05:01:00,2016-08-03 05:02:00,5481.0,5479.0,5481.0,5478.0,5482.0,5480.0,5482.0,5480.0,10
2016-08-03 05:02:00,2016-08-03 05:04:00,5478.0,5480.0,5480.0,5478.0,5479.0,5481.0,5481.0,5480.0,4
2016-08-03 05:04:00,2016-08-03 05:05:00,5480.0,5481.0,5482.0,5479.0,5481.0,5482.0,5483.0,5480.0,19
2016-08-03 05:05:00,2016-08-03 05:07:00,5480.0,5479.0,5480.0,5478.0,5481.0,5480.0,5483.0,5479.0,17
2016-08-03 05:07:00,2016-08-03 05:09:00,5479.0,5478.0,5479.0,5478.0,5480.0,5480.0,5480.0,5479.0,15
2016-08-03 05:09:00,2016-08-03 05:11:00,5479.0,5479.0,5480.0,5479.0,5480.0,5480.0,5481.0,5480.0,12
2016-08-03 05:11:00,2016-08-03 05:12:00,5479.0,5479.0,5480.0,5479.0,5480.0,5480.0,5483.0,5480.0,14
2016-08-03 05:12:00,2016-08-03 05:13:00,5479.0,5479.0,5479.0,5478.0,5480.0,5480.0,5480.0,5479.0,3
2016-08-03 05:13:00,2016-08-03 05:15:00,5479.0,5478.0,5479.0,5478.0,5480.0,5479.0,5482.0,5479.0,4
2016-08-03 05:15:00,2016-08-03 05:17:00,5477.0,5476.0,5477.0,5476.0,5478.0,5477.0,5478.0,5477.0,4
2016-08-03 05:17:00,2016-08-03 05:20:00,5475.0,5475.0,5476.0,5474.0,5476.0,5476.0,5477.0,5475.0,14
2016-08-03 05:20:00,2016-08-03 05:21:00,5475.0,5474.0,5476.0,5474.0,5476.0,5475.0,5477.0,5475.0,8
2016-08-03 05:21:00,2016-08-03 05:26:00,5475.0,5476.0,5476.0,5475.0,5477.0,5477.0,5477.0,5476.0,5
2016-08-03 05:26:00,2016-08-03 05:27:00,5476.0,5474.0,5476.0,5474.0,5477.0,5475.0,5479.0,5475.0,24
2016-08-03 05:27:00,2016-08-03 05:29:00,5473.0,5474.0,5476.0,5473.0,5474.0,5476.0,5477.0,5474.0,20
2016-08-03 05:29:00,2016-08-03 05:30:00,5474.0,5474.0,5475.0,5474.0,5476.0,5476.0,5476.0,5475.0,14
2016-08-03 05:30:00,2016-08-03 05:31:00,5474.0,5475.0,5476.0,5474.0,5476.0,5476.0,5477.0,5475.0,22
2016-08-03 05:31:00,2016-08-03 05:33:00,5476.0,5476.0,5477.0,5475.0,5477.0,5477.0,5478.0,5477.0,6
2016-08-03 05:33:00,2016-08-03 05:34:00,5476.0,5477.0,5478.0,5476.0,5477.0,5478.0,5479.0,5478.0,6
2016-08-03 05:34:00,2016-08-03 05:35:00,5477.0,5477.0,5478.0,5476.0,5478.0,5478.0,5479.0,5477.0,18
2016-08-03 05:35:00,2016-08-03 05:36:00,5477.0,5479.0,5479.0,5477.0,5478.0,5480.0,5481.0,5479.0,12
2016-08-03 05:36:00,2016-08-03 05:37:00,5479.0,5478.0,5479.0,5478.0,5480.0,5479.0,5480.0,5479.0,9
2016-08-03 05:37:00,2016-08-03 05:39:00,5479.0,5477.0,5479.0,5477.0,5480.0,5479.0,5482.0,5478.0,9
2016-08-03 05:39:00,2016-08-03 05:40:00,5477.0,5478.0,5478.0,5477.0,5479.0,5479.0,5479.0,5478.0,9
2016-08-03 05:40:00,2016-08-03 05:42:00,5477.0,5478.0,5479.0,5477.0,5479.0,5479.0,5480.0,5478.0,12
2016-08-03 05:42:00,2016-08-03 05:44:00,5478.0,5479.0,5480.0,5478.0,5479.0,5480.0,5481.0,5479.0,8
2016-08-03 05:44:00,2016-08-03 05:48:00,5478.0,5477.0,5478.0,5477.0,5479.0,5481.0,5481.0,5478.0,7
2016-08-03 05:48:00,2016-08-03 05:49:00,5477.0,5477.0,5478.0,5477.0,5481.0,5478.0,5479.0,5478.0,13
2016-08-03 05:49:00,2016-08-03 05:50:00,5477.0,5476.0,5477.0,5475.0,5478.0,5478.0,5479.0,5477.0,26
2016-08-03 05:50:00,2016-08-03 05:51:00,5476.0,5477.0,5477.0,5475.0,5478.0,5478.0,5479.0,5477.0,13
2016-08-03 05:51:00,2016-08-03 05:52:00,5477.0,5476.0,5477.0,5475.0,5478.0,5477.0,5478.0,5477.0,5
2016-08-03 05:52:00,2016-08-03 05:54:00,5476.0,5476.0,5476.0,5475.0,5477.0,5477.0,5477.0,5476.0,12
2016-08-03 05:54:00,2016-08-03 05:55:00,5476.0,5477.0,5477.0,5476.0,5477.0,5478.0,5478.0,5477.0,10
2016-08-03 05:55:00,2016-08-03 05:57:00,5476.0,5475.0,5477.0,5475.0,5477.0,5476.0,5478.0,5476.0,12
2016-08-03 05:57:00,2016-08-03 05:58:00,5475.0,5475.0,5476.0,5475.0,5476.0,5476.0,5477.0,5476.0,13
2016-08-03 05:58:00,2016-08-03 05:59:00,5475.0,5476.0,5477.0,5475.0,5476.0,5477.0,5478.0,5477.0,10
2016-08-03 05:59:00,2016-08-03 06:00:00,5476.0,5480.0,5484.0,5477.0,5477.0,5484.0,5486.0,5478.0,75
2016-08-03 06:00:00,2016-08-03 06:01:00,5480.0,5481.0,5483.0,5480.0,5484.0,5482.0,5484.0,5481.0,28
2016-08-03 06:01:00,2016-08-03 06:02:00,5481.0,5480.0,5482.0,5480.0,5482.0,5482.0,5483.0,5482.0,16
2016-08-03 06:02:00,2016-08-03 06:04:00,5480.0,5479.0,5480.0,5478.0,5481.0,5480.0,5481.0,5479.0,16
2016-08-03 06:04:00,2016-08-03 06:06:00,5477.0,5478.0,5478.0,5476.0,5478.0,5479.0,5479.0,5477.0,16
2016-08-03 06:06:00,2016-08-03 06:07:00,5478.0,5476.0,5479.0,5476.0,5479.0,5477.0,5480.0,5477.0,18
2016-08-03 06:07:00,2016-08-03 06:08:00,5476.0,5475.0,5477.0,5474.0,5477.0,5477.0,5478.0,5476.0,27
2016-08-03 06:08:00,2016-08-03 06:09:00,5475.0,5469.0,5475.0,5469.0,5477.0,5470.0,5476.0,5470.0,59
2016-08-03 06:09:00,2016-08-03 06:10:00,5469.0,5468.0,5471.0,5468.0,5470.0,5469.0,5472.0,5469.0,44
2016-08-03 06:10:00,2016-08-03 06:11:00,5468.0,5468.0,5469.0,5468.0,5469.0,5470.0,5470.0,5469.0,30
2016-08-03 06:11:00,2016-08-03 06:12:00,5468.0,5469.0,5469.0,5467.0,5470.0,5470.0,5471.0,5469.0,24
2016-08-03 06:12:00,2016-08-03 06:13:00,5469.0,5469.0,5469.0,5468.0,5470.0,5470.0,5470.0,5469.0,41
2016-08-03 06:13:00,2016-08-03 06:14:00,5469.0,5469.0,5469.0,5468.0,5470.0,5470.0,5470.0,5469.0,10
2016-08-03 06:14:00,2016-08-03 06:15:00,5469.0,5469.0,5469.0,5468.0,5470.0,5470.0,5472.0,5469.0,23
2016-08-03 06:15:00,2016-08-03 06:17:00,5469.0,5468.0,5470.0,5467.0,5470.0,5469.0,5471.0,5469.0,28
2016-08-03 06:17:00,2016-08-03 06:18:00,5468.0,5469.0,5469.0,5467.0,5469.0,5470.0,5470.0,5469.0,4
2016-08-03 06:18:00,2016-08-03 06:24:00,5468.0,5465.0,5468.0,5465.0,5469.0,5470.0,5470.0,5468.0,9
2016-08-03 06:24:00,2016-08-03 06:25:00,5465.0,5467.0,5468.0,5467.0,5470.0,5468.0,5469.0,5468.0,8
2016-08-03 06:25:00,2016-08-03 06:27:00,5466.0,5467.0,5467.0,5466.0,5467.0,5469.0,5470.0,5467.0,19
2016-08-03 06:27:00,2016-08-03 06:28:00,5467.0,5469.0,5470.0,5468.0,5469.0,5470.0,5471.0,5469.0,12
2016-08-03 06:28:00,2016-08-03 06:29:00,5469.0,5469.0,5471.0,5469.0,5470.0,5470.0,5472.0,5470.0,14
2016-08-03 06:29:00,2016-08-03 07:10:00,5469.0,5472.0,5476.0,5471.0,5470.0,5473.0,5477.0,5473.0,48
2016-08-03 07:10:00,2016-08-03 07:12:00,5471.0,5468.0,5472.0,5467.0,5472.0,5469.0,5473.0,5468.0,22
2016-08-03 07:12:00,2016-08-03 07:13:00,5468.0,5468.0,5469.0,5467.0,5469.0,5470.0,5470.0,5468.0,21
2016-08-03 07:13:00,2016-08-03 07:14:00,5468.0,5468.0,5469.0,5468.0,5470.0,5470.0,5470.0,5469.0,14
2016-08-03 07:14:00,2016-08-03 07:15:00,5468.0,5465.0,5468.0,5464.0,5470.0,5467.0,5469.0,5466.0,16
2016-08-03 07:15:00,2016-08-03 07:16:00,5465.0,5466.0,5466.0,5464.0,5467.0,5468.0,5468.0,5465.0,16
2016-08-03 07:16:00,2016-08-03 07:18:00,5465.0,5463.0,5465.0,5463.0,5466.0,5464.0,5467.0,5464.0,11
2016-08-03 07:18:00,2016-08-03 07:19:00,5463.0,5462.0,5464.0,5461.0,5464.0,5463.0,5465.0,5462.0,19
2016-08-03 07:19:00,2016-08-03 07:20:00,5462.0,5464.0,5464.0,5461.0,5463.0,5465.0,5466.0,5462.0,21
2016-08-03 07:20:00,2016-08-03 07:21:00,5464.0,5464.0,5464.0,5463.0,5465.0,5465.0,5466.0,5464.0,26
2016-08-03 07:21:00,2016-08-03 07:22:00,5464.0,5463.0,5466.0,5463.0,5465.0,5464.0,5467.0,5464.0,26
2016-08-03 07:22:00,2016-08-03 07:23:00,5463.0,5463.0,5463.0,5462.0,5464.0,5464.0,5465.0,5463.0,9
2016-08-03 07:23:00,2016-08-03 07:25:00,5462.0,5460.0,5463.0,5460.0,5463.0,5462.0,5464.0,5462.0,8
2016-08-03 07:25:00,2016-08-03 07:26:00,5460.0,5462.0,5462.0,5460.0,5462.0,5463.0,5463.0,5461.0,5
2016-08-03 07:26:00,2016-08-03 07:27:00,5462.0,5464.0,5464.0,5462.0,5463.0,5465.0,5467.0,5463.0,12
2016-08-03 07:27:00,2016-08-03 07:29:00,5465.0,5465.0,5466.0,5464.0,5466.0,5466.0,5467.0,5465.0,22
2016-08-03 07:29:00,2016-08-03 07:30:00,5465.0,5467.0,5468.0,5463.0,5466.0,5468.0,5469.0,5465.0,26
2016-08-03 07:30:00,2016-08-03 07:31:00,5467.0,5468.0,5469.0,5467.0,5468.0,5469.0,5470.0,5468.0,19
2016-08-03 07:31:00,2016-08-03 07:32:00,5468.0,5468.0,5469.0,5467.0,5469.0,5469.0,5470.0,5468.0,10
2016-08-03 07:32:00,2016-08-03 07:34:00,5467.0,5466.0,5468.0,5466.0,5469.0,5467.0,5469.0,5467.0,8
2016-08-03 07:34:00,2016-08-03 07:35:00,5466.0,5465.0,5465.0,5464.0,5467.0,5466.0,5467.0,5465.0,21
2016-08-03 07:35:00,2016-08-03 07:36:00,5465.0,5464.0,5465.0,5463.0,5466.0,5465.0,5466.0,5465.0,17
2016-08-03 07:36:00,2016-08-03 07:37:00,5464.0,5464.0,5464.0,5463.0,5465.0,5465.0,5466.0,5464.0,17
2016-08-03 07:37:00,2016-08-03 07:38:00,5464.0,5463.0,5464.0,5463.0,5465.0,5464.0,5465.0,5464.0,24
2016-08-03 07:38:00,2016-08-03 07:39:00,5463.0,5463.0,5463.0,5462.0,5464.0,5464.0,5464.0,5464.0,6
2016-08-03 07:39:00,2016-08-03 07:40:00,5463.0,5462.0,5463.0,5462.0,5464.0,5464.0,5464.0,5463.0,11
2016-08-03 07:40:00,2016-08-03 07:41:00,5462.0,5462.0,5463.0,5462.0,5464.0,5463.0,5464.0,5463.0,13
2016-08-03 07:41:00,2016-08-03 07:42:00,5462.0,5462.0,5463.0,5461.0,5463.0,5464.0,5465.0,5463.0,9
2016-08-03 07:42:00,2016-08-03 07:44:00,5463.0,5461.0,5462.0,5461.0,5464.0,5462.0,5464.0,5462.0,8
2016-08-03 07:44:00,2016-08-03 07:45:00,5461.0,5462.0,5462.0,5460.0,5462.0,5463.0,5463.0,5461.0,16
2016-08-03 07:45:00,2016-08-03 07:46:00,5462.0,5461.0,5462.0,5461.0,5463.0,5462.0,5463.0,5462.0,3
2016-08-03 07:46:00,2016-08-03 07:50:00,5464.0,5465.0,5465.0,5464.0,5465.0,5466.0,5466.0,5465.0,8
2016-08-03 07:50:00,2016-08-03 07:51:00,5465.0,5468.0,5468.0,5465.0,5466.0,5470.0,5470.0,5466.0,15
2016-08-03 07:51:00,2016-08-03 07:52:00,5468.0,5467.0,5468.0,5467.0,5470.0,5468.0,5471.0,5468.0,6
2016-08-03 07:52:00,2016-08-03 07:53:00,5467.0,5465.0,5466.0,5465.0,5468.0,5466.0,5468.0,5466.0,4
2016-08-03 07:53:00,2016-08-03 07:54:00,5465.0,5463.0,5465.0,5463.0,5466.0,5465.0,5467.0,5464.0,15
2016-08-03 07:54:00,2016-08-03 07:55:00,5463.0,5463.0,5464.0,5463.0,5465.0,5465.0,5465.0,5464.0,6
2016-08-03 07:55:00,2016-08-03 07:56:00,5463.0,5464.0,5465.0,5463.0,5465.0,5465.0,5466.0,5465.0,8
2016-08-03 07:56:00,2016-08-03 07:57:00,5464.0,5463.0,5464.0,5463.0,5465.0,5465.0,5465.0,5465.0,9
2016-08-03 07:57:00,2016-08-03 07:58:00,5463.0,5463.0,5463.0,5462.0,5465.0,5465.0,5465.0,5464.0,4
2016-08-03 07:58:00,2016-08-03 07:59:00,5463.0,5464.0,5465.0,5462.0,5465.0,5465.0,5466.0,5464.0,30
2016-08-03 07:59:00,2016-08-03 08:00:00,5464.0,5463.0,5463.0,5463.0,5465.0,5465.0,5465.0,5464.0,4
2016-08-03 08:00:00,2016-08-03 08:04:00,5463.0,5462.0,5463.0,5461.0,5464.0,5463.0,5466.0,5463.0,5
2016-08-03 08:04:00,2016-08-03 08:07:00,5463.0,5462.0,5463.0,5462.0,5464.0,5463.0,5464.0,5463.0,10
2016-08-03 08:07:00,2016-08-03 08:08:00,5462.0,5462.0,5463.0,5461.0,5463.0,5463.0,5464.0,5463.0,5
2016-08-03 08:08:00,2016-08-03 08:09:00,5462.0,5463.0,5464.0,5461.0,5463.0,5465.0,5465.0,5462.0,13
2016-08-03 08:09:00,2016-08-03 08:10:00,5463.0,5462.0,5465.0,5462.0,5465.0,5463.0,5466.0,5463.0,13
2016-08-03 08:10:00,2016-08-03 08:11:00,5462.0,5460.0,5462.0,5460.0,5463.0,5462.0,5464.0,5461.0,26
2016-08-03 08:11:00,2016-08-03 08:16:00,5461.0,5460.0,5461.0,5460.0,5462.0,5462.0,5464.0,5462.0,5
2016-08-03 08:16:00,2016-08-03 08:17:00,5460.0,5462.0,5463.0,5460.0,5462.0,5464.0,5464.0,5462.0,7
2016-08-03 08:17:00,2016-08-03 08:18:00,5462.0,5463.0,5463.0,5462.0,5464.0,5464.0,5466.0,5464.0,3
2016-08-03 08:18:00,2016-08-03 08:19:00,5463.0,5466.0,5466.0,5462.0,5464.0,5467.0,5467.0,5464.0,15
2016-08-03 08:19:00,2016-08-03 08:20:00,5466.0,5467.0,5469.0,5465.0,5467.0,5469.0,5471.0,5467.0,30
2016-08-03 08:20:00,2016-08-03 08:21:00,5467.0,5468.0,5468.0,5467.0,5469.0,5469.0,5470.0,5469.0,12
2016-08-03 08:21:00,2016-08-03 08:24:00,5467.0,5465.0,5466.0,5464.0,5469.0,5467.0,5469.0,5467.0,5
2016-08-03 08:24:00,2016-08-03 08:26:00,5465.0,5464.0,5464.0,5464.0,5467.0,5466.0,5466.0,5466.0,1
2016-08-03 08:26:00,2016-08-03 08:28:00,5464.0,5464.0,5464.0,5463.0,5465.0,5466.0,5467.0,5466.0,3
2016-08-03 08:28:00,2016-08-03 08:30:00,5464.0,5465.0,5465.0,5464.0,5466.0,5467.0,5468.0,5466.0,4
2016-08-03 08:30:00,2016-08-03 08:36:00,5464.0,5466.0,5466.0,5465.0,5466.0,5467.0,5467.0,5466.0,3
2016-08-03 08:36:00,2016-08-03 08:38:00,5466.0,5463.0,5465.0,5463.0,5467.0,5464.0,5466.0,5464.0,12
2016-08-03 08:38:00,2016-08-03 08:39:00,5463.0,5463.0,5464.0,5463.0,5464.0,5465.0,5465.0,5465.0,6
2016-08-03 08:39:00,2016-08-03 08:40:00,5463.0,5463.0,5464.0,5463.0,5465.0,5465.0,5467.0,5465.0,4
2016-08-03 08:40:00,2016-08-03 08:42:00,5464.0,5461.0,5463.0,5461.0,5465.0,5463.0,5465.0,5462.0,14
2016-08-03 08:42:00,2016-08-03 08:44:00,5461.0,5461.0,5461.0,5460.0,5462.0,5462.0,5462.0,5461.0,7
2016-08-03 08:44:00,2016-08-03 08:46:00,5462.0,5461.0,5461.0,5461.0,5463.0,5463.0,5463.0,5462.0,5
2016-08-03 08:46:00,2016-08-03 08:47:00,5461.0,5461.0,5462.0,5461.0,5463.0,5463.0,5463.0,5462.0,6
2016-08-03 08:47:00,2016-08-03 08:48:00,5461.0,5462.0,5462.0,5461.0,5463.0,5463.0,5463.0,5463.0,5
2016-08-03 08:48:00,2016-08-03 08:50:00,5462.0,5461.0,5461.0,5460.0,5463.0,5462.0,5462.0,5462.0,3
2016-08-03 08:50:00,2016-08-03 08:51:00,5461.0,5462.0,5462.0,5460.0,5462.0,5463.0,5463.0,5461.0,6
2016-08-03 08:51:00,2016-08-03 08:52:00,5462.0,5461.0,5462.0,5461.0,5463.0,5463.0,5463.0,5462.0,11
2016-08-03 08:52:00,2016-08-03 08:54:00,5462.0,5462.0,5463.0,5462.0,5463.0,5464.0,5466.0,5464.0,8
2016-08-03 08:54:00,2016-08-03 09:02:00,5461.0,5462.0,5463.0,5461.0,5463.0,5463.0,5464.0,5463.0,7
2016-08-03 09:02:00,2016-08-03 09:03:00,5462.0,5462.0,5463.0,5462.0,5463.0,5464.0,5464.0,5464.0,8
2016-08-03 09:03:00,2016-08-03 09:04:00,5462.0,5462.0,5463.0,5461.0,5464.0,5464.0,5465.0,5464.0,4
2016-08-03 09:04:00,2016-08-03 09:10:00,5464.0,5464.0,5464.0,5463.0,5465.0,5465.0,5465.0,5464.0,6
2016-08-03 09:10:00,2016-08-03 09:12:00,5464.0,5463.0,5463.0,5463.0,5465.0,5465.0,5465.0,5464.0,10
2016-08-03 09:12:00,2016-08-03 09:13:00,5463.0,5462.0,5463.0,5462.0,5465.0,5464.0,5464.0,5463.0,6
2016-08-03 09:13:00,2016-08-03 09:16:00,5463.0,5463.0,5465.0,5463.0,5464.0,5465.0,5467.0,5465.0,12
2016-08-03 09:16:00,2016-08-03 09:17:00,5463.0,5464.0,5464.0,5463.0,5465.0,5465.0,5465.0,5465.0,5
2016-08-03 09:17:00,2016-08-03 09:20:00,5464.0,5466.0,5467.0,5464.0,5465.0,5468.0,5470.0,5466.0,24
2016-08-03 09:20:00,2016-08-03 09:21:00,5466.0,5467.0,5467.0,5466.0,5468.0,5468.0,5469.0,5467.0,11
2016-08-03 09:21:00,2016-08-03 09:23:00,5467.0,5468.0,5468.0,5467.0,5468.0,5469.0,5469.0,5469.0,8
2016-08-03 09:23:00,2016-08-03 09:25:00,5468.0,5468.0,5468.0,5468.0,5469.0,5469.0,5470.0,5469.0,4
2016-08-03 09:25:00,2016-08-03 09:29:00,5467.0,5467.0,5468.0,5466.0,5469.0,5468.0,5469.0,5468.0,12
2016-08-03 09:29:00,2016-08-03 09:30:00,5467.0,5469.0,5469.0,5467.0,5468.0,5470.0,5470.0,5469.0,8
2016-08-03 09:30:00,2016-08-03 09:31:00,5469.0,5469.0,5469.0,5468.0,5470.0,5470.0,5472.0,5470.0,4
2016-08-03 09:31:00,2016-08-03 09:32:00,5469.0,5469.0,5470.0,5469.0,5470.0,5471.0,5471.0,5470.0,7
2016-08-03 09:32:00,2016-08-03 09:33:00,5469.0,5470.0,5470.0,5469.0,5471.0,5471.0,5471.0,5471.0,7
2016-08-03 09:33:00,2016-08-03 09:34:00,5470.0,5469.0,5470.0,5469.0,5471.0,5471.0,5471.0,5470.0,9
2016-08-03 09:34:00,2016-08-03 09:35:00,5469.0,5468.0,5470.0,5468.0,5471.0,5470.0,5471.0,5470.0,10
2016-08-03 09:35:00,2016-08-03 09:36:00,5468.0,5469.0,5469.0,5467.0,5470.0,5470.0,5470.0,5469.0,9
2016-08-03 09:36:00,2016-08-03 09:37:00,5469.0,5469.0,5469.0,5468.0,5470.0,5471.0,5471.0,5470.0,11
2016-08-03 09:37:00,2016-08-03 09:39:00,5469.0,5471.0,5471.0,5469.0,5471.0,5472.0,5472.0,5470.0,10
2016-08-03 09:39:00,2016-08-03 09:41:00,5469.0,5469.0,5471.0,5469.0,5473.0,5470.0,5472.0,5470.0,8
2016-08-03 09:41:00,2016-08-03 09:42:00,5469.0,5468.0,5468.0,5468.0,5470.0,5469.0,5470.0,5469.0,8
2016-08-03 09:42:00,2016-08-03 09:43:00,5468.0,5469.0,5469.0,5467.0,5469.0,5470.0,5471.0,5469.0,9
2016-08-03 09:43:00,2016-08-03 09:48:00,5468.0,5467.0,5468.0,5466.0,5470.0,5468.0,5469.0,5468.0,5
2016-08-03 09:48:00,2016-08-03 09:49:00,5467.0,5468.0,5468.0,5467.0,5468.0,5469.0,5470.0,5468.0,18
2016-08-03 09:49:00,2016-08-03 09:50:00,5468.0,5468.0,5468.0,5467.0,5469.0,5469.0,5469.0,5469.0,6
2016-08-03 09:50:00,2016-08-03 09:51:00,5468.0,5467.0,5468.0,5467.0,5469.0,5469.0,5469.0,5469.0,3
2016-08-03 09:51:00,2016-08-03 09:52:00,5467.0,5467.0,5468.0,5467.0,5469.0,5469.0,5469.0,5468.0,8
2016-08-03 09:52:00,2016-08-03 09:53:00,5467.0,5467.0,5467.0,5466.0,5469.0,5469.0,5470.0,5468.0,3
2016-08-03 09:53:00,2016-08-03 09:55:00,5468.0,5468.0,5469.0,5467.0,5469.0,5470.0,5471.0,5469.0,6
2016-08-03 09:55:00,2016-08-03 09:59:00,5467.0,5468.0,5469.0,5468.0,5468.0,5470.0,5470.0,5469.0,4
2016-08-03 09:59:00,2016-08-03 10:00:00,5468.0,5468.0,5471.0,5468.0,5470.0,5470.0,5472.0,5469.0,14
2016-08-03 10:00:00,2016-08-03 10:04:00,5468.0,5468.0,5468.0,5467.0,5470.0,5470.0,5470.0,5470.0,2
2016-08-03 10:04:00,2016-08-03 10:05:00,5468.0,5467.0,5467.0,5466.0,5470.0,5469.0,5471.0,5469.0,4
2016-08-03 10:05:00,2016-08-03 10:07:00,5467.0,5467.0,5467.0,5465.0,5469.0,5469.0,5471.0,5469.0,2
2016-08-03 10:07:00,2016-08-03 10:09:00,5467.0,5469.0,5469.0,5468.0,5469.0,5470.0,5470.0,5469.0,3
2016-08-03 10:09:00,2016-08-03 10:14:00,5468.0,5468.0,5468.0,5467.0,5469.0,5469.0,5470.0,5468.0,9
2016-08-03 10:14:00,2016-08-03 10:15:00,5468.0,5467.0,5468.0,5467.0,5469.0,5469.0,5470.0,5469.0,5
2016-08-03 10:15:00,2016-08-03 10:17:00,5467.0,5468.0,5468.0,5466.0,5469.0,5469.0,5470.0,5469.0,5
2016-08-03 10:17:00,2016-08-03 10:19:00,5468.0,5469.0,5469.0,5467.0,5469.0,5470.0,5471.0,5469.0,6
2016-08-03 10:19:00,2016-08-03 10:20:00,5469.0,5470.0,5470.0,5468.0,5470.0,5471.0,5471.0,5470.0,8
2016-08-03 10:20:00,2016-08-03 10:21:00,5470.0,5471.0,5471.0,5470.0,5471.0,5472.0,5472.0,5471.0,11
2016-08-03 10:21:00,2016-08-03 10:22:00,5471.0,5472.0,5472.0,5470.0,5472.0,5473.0,5473.0,5472.0,10
2016-08-03 10:22:00,2016-08-03 10:24:00,5472.0,5472.0,5472.0,5471.0,5473.0,5473.0,5473.0,5473.0,4
2016-08-03 10:24:00,2016-08-03 10:25:00,5472.0,5469.0,5472.0,5469.0,5473.0,5471.0,5473.0,5471.0,18
2016-08-03 10:25:00,2016-08-03 10:26:00,5469.0,5471.0,5471.0,5470.0,5471.0,5473.0,5473.0,5471.0,11
2016-08-03 10:26:00,2016-08-03 10:27:00,5471.0,5469.0,5471.0,5469.0,5473.0,5470.0,5472.0,5470.0,6
2016-08-03 10:27:00,2016-08-03 10:31:00,5468.0,5468.0,5468.0,5467.0,5469.0,5469.0,5471.0,5468.0,5
2016-08-03 10:31:00,2016-08-03 10:32:00,5468.0,5467.0,5467.0,5467.0,5469.0,5469.0,5469.0,5468.0,5
2016-08-03 10:32:00,2016-08-03 10:34:00,5467.0,5467.0,5467.0,5466.0,5468.0,5469.0,5469.0,5468.0,7
2016-08-03 10:34:00,2016-08-03 10:36:00,5467.0,5467.0,5468.0,5467.0,5469.0,5469.0,5469.0,5469.0,4
2016-08-03 10:36:00,2016-08-03 10:37:00,5467.0,5470.0,5470.0,5468.0,5469.0,5472.0,5472.0,5469.0,12
2016-08-03 10:37:00,2016-08-03 10:38:00,5470.0,5470.0,5471.0,5470.0,5472.0,5471.0,5472.0,5471.0,7
2016-08-03 10:38:00,2016-08-03 10:40:00,5470.0,5469.0,5469.0,5469.0,5472.0,5471.0,5471.0,5471.0,1
2016-08-03 10:40:00,2016-08-03 10:43:00,5469.0,5468.0,5469.0,5468.0,5471.0,5470.0,5472.0,5470.0,4
2016-08-03 10:43:00,2016-08-03 10:47:00,5468.0,5468.0,5468.0,5467.0,5470.0,5469.0,5470.0,5469.0,8
2016-08-03 10:47:00,2016-08-03 10:48:00,5468.0,5468.0,5469.0,5467.0,5469.0,5469.0,5470.0,5469.0,8
2016-08-03 10:48:00,2016-08-03 10:51:00,5469.0,5471.0,5471.0,5469.0,5470.0,5472.0,5472.0,5470.0,10
2016-08-03 10:51:00,2016-08-03 10:52:00,5471.0,5470.0,5471.0,5469.0,5472.0,5471.0,5472.0,5470.0,12
2016-08-03 10:52:00,2016-08-03 10:53:00,5470.0,5469.0,5469.0,5468.0,5471.0,5471.0,5472.0,5470.0,5
2016-08-03 10:53:00,2016-08-03 10:54:00,5469.0,5470.0,5470.0,5469.0,5471.0,5471.0,5472.0,5471.0,5
2016-08-03 10:54:00,2016-08-03 10:55:00,5470.0,5470.0,5470.0,5469.0,5471.0,5472.0,5473.0,5472.0,3
2016-08-03 10:55:00,2016-08-03 10:58:00,5471.0,5470.0,5470.0,5470.0,5472.0,5471.0,5472.0,5471.0,8
2016-08-03 10:58:00,2016-08-03 11:00:00,5471.0,5470.0,5471.0,5470.0,5472.0,5472.0,5473.0,5471.0,11
2016-08-03 11:00:00,2016-08-03 11:05:00,5471.0,5470.0,5472.0,5470.0,5473.0,5475.0,5475.0,5473.0,3
2016-08-03 11:05:00,2016-08-03 11:06:00,5470.0,5472.0,5472.0,5472.0,5475.0,5473.0,5473.0,5473.0,1
2016-08-03 11:06:00,2016-08-03 11:07:00,5472.0,5470.0,5471.0,5470.0,5473.0,5474.0,5474.0,5473.0,2
2016-08-03 11:07:00,2016-08-03 11:08:00,5470.0,5471.0,5472.0,5470.0,5474.0,5472.0,5475.0,5472.0,7
2016-08-03 11:08:00,2016-08-03 11:14:00,5470.0,5469.0,5470.0,5469.0,5471.0,5471.0,5472.0,5471.0,9
2016-08-03 11:14:00,2016-08-03 11:17:00,5470.0,5470.0,5471.0,5469.0,5471.0,5471.0,5473.0,5470.0,13
2016-08-03 11:17:00,2016-08-03 11:22:00,5471.0,5470.0,5471.0,5470.0,5472.0,5472.0,5472.0,5471.0,11
2016-08-03 11:22:00,2016-08-03 11:23:00,5470.0,5470.0,5471.0,5470.0,5472.0,5471.0,5472.0,5471.0,5
2016-08-03 11:23:00,2016-08-03 11:27:00,5470.0,5468.0,5469.0,5468.0,5471.0,5470.0,5471.0,5470.0,6
2016-08-03 11:27:00,2016-08-03 11:28:00,5468.0,5468.0,5468.0,5468.0,5470.0,5470.0,5470.0,5469.0,4
2016-08-03 11:28:00,2016-08-03 11:29:00,5468.0,5469.0,5469.0,5468.0,5470.0,5470.0,5472.0,5470.0,3
2016-08-03 11:29:00,2016-08-03 11:32:00,5469.0,5469.0,5469.0,5468.0,5470.0,5471.0,5472.0,5470.0,6
2016-08-03 11:32:00,2016-08-03 11:39:00,5470.0,5471.0,5471.0,5470.0,5471.0,5472.0,5472.0,5471.0,8
2016-08-03 11:39:00,2016-08-03 11:44:00,5470.0,5470.0,5471.0,5470.0,5472.0,5471.0,5472.0,5471.0,2
2016-08-03 11:44:00,2016-08-03 11:50:00,5472.0,5471.0,5472.0,5471.0,5473.0,5473.0,5473.0,5473.0,5
2016-08-03 11:50:00,2016-08-03 11:51:00,5471.0,5472.0,5472.0,5471.0,5473.0,5473.0,5473.0,5472.0,10
2016-08-03 11:51:00,2016-08-03 11:55:00,5471.0,5472.0,5472.0,5471.0,5472.0,5473.0,5473.0,5472.0,8
2016-08-03 11:55:00,2016-08-03 11:56:00,5472.0,5471.0,5471.0,5471.0,5473.0,5473.0,5473.0,5472.0,5
2016-08-03 11:56:00,2016-08-03 11:57:00,5471.0,5472.0,5472.0,5472.0,5473.0,5473.0,5474.0,5473.0,5
2016-08-03 11:57:00,2016-08-03 12:00:00,5472.0,5471.0,5471.0,5470.0,5473.0,5472.0,5473.0,5472.0,4
2016-08-03 12:00:00,2016-08-03 12:03:00,5471.0,5471.0,5472.0,5471.0,5472.0,5473.0,5473.0,5473.0,8
2016-08-03 12:03:00,2016-08-03 12:13:00,5472.0,5470.0,5471.0,5470.0,5473.0,5472.0,5472.0,5471.0,4
2016-08-03 12:13:00,2016-08-03 12:15:00,5470.0,5471.0,5471.0,5470.0,5472.0,5472.0,5472.0,5472.0,5
2016-08-03 12:15:00,2016-08-03 12:18:00,5470.0,5471.0,5471.0,5469.0,5471.0,5472.0,5473.0,5471.0,5
2016-08-03 12:18:00,2016-08-03 12:20:00,5470.0,5472.0,5472.0,5470.0,5471.0,5473.0,5474.0,5471.0,10
2016-08-03 12:20:00,2016-08-03 12:22:00,5473.0,5472.0,5473.0,5472.0,5474.0,5474.0,5474.0,5473.0,6
2016-08-03 12:22:00,2016-08-03 12:23:00,5472.0,5472.0,5473.0,5472.0,5474.0,5474.0,5474.0,5473.0,3
2016-08-03 12:23:00,2016-08-03 12:24:00,5472.0,5473.0,5473.0,5472.0,5474.0,5474.0,5474.0,5474.0,7
2016-08-03 12:24:00,2016-08-03 12:30:00,5471.0,5470.0,5470.0,5470.0,5472.0,5472.0,5474.0,5472.0,2
2016-08-03 12:30:00,2016-08-03 12:32:00,5470.0,5471.0,5472.0,5470.0,5472.0,5475.0,5475.0,5473.0,4
2016-08-03 12:32:00,2016-08-03 12:33:00,5471.0,5472.0,5473.0,5472.0,5475.0,5474.0,5474.0,5473.0,5
2016-08-03 12:33:00,2016-08-03 12:40:00,5470.0,5468.0,5469.0,5467.0,5471.0,5469.0,5470.0,5469.0,4
2016-08-03 12:40:00,2016-08-03 12:42:00,5468.0,5469.0,5469.0,5467.0,5469.0,5470.0,5471.0,5469.0,15
2016-08-03 12:42:00,2016-08-03 12:43:00,5469.0,5469.0,5470.0,5469.0,5470.0,5471.0,5471.0,5470.0,8
2016-08-03 12:43:00,2016-08-03 12:44:00,5469.0,5469.0,5470.0,5469.0,5471.0,5473.0,5473.0,5471.0,2
2016-08-03 12:44:00,2016-08-03 12:45:00,5469.0,5469.0,5470.0,5469.0,5473.0,5470.0,5471.0,5470.0,2
2016-08-03 12:45:00,2016-08-03 12:54:00,5467.0,5467.0,5468.0,5466.0,5468.0,5469.0,5470.0,5469.0,5
2016-08-03 12:54:00,2016-08-03 12:55:00,5467.0,5468.0,5468.0,5467.0,5469.0,5469.0,5469.0,5469.0,5
2016-08-03 12:55:00,2016-08-03 12:56:00,5468.0,5468.0,5468.0,5467.0,5469.0,5470.0,5471.0,5469.0,5
2016-08-03 12:56:00,2016-08-03 13:01:00,5469.0,5470.0,5470.0,5469.0,5470.0,5472.0,5472.0,5471.0,3
2016-08-03 13:01:00,2016-08-03 13:02:00,5470.0,5471.0,5471.0,5470.0,5472.0,5472.0,5472.0,5472.0,3
2016-08-03 13:02:00,2016-08-03 13:08:00,5470.0,5469.0,5470.0,5469.0,5472.0,5471.0,5471.0,5471.0,2
2016-08-03 13:08:00,2016-08-03 13:17:00,5469.0,5469.0,5469.0,5468.0,5470.0,5470.0,5470.0,5469.0,11
2016-08-03 13:17:00,2016-08-03 13:18:00,5469.0,5468.0,5468.0,5468.0,5470.0,5472.0,5472.0,5472.0,1
2016-08-03 13:18:00,2016-08-03 13:19:00,5468.0,5469.0,5470.0,5469.0,5472.0,5471.0,5471.0,5470.0,5
2016-08-03 13:19:00,2016-08-03 13:20:00,5469.0,5468.0,5469.0,5468.0,5471.0,5469.0,5470.0,5469.0,3
2016-08-03 13:20:00,2016-08-03 13:23:00,5470.0,5469.0,5469.0,5469.0,5471.0,5471.0,5471.0,5470.0,3
2016-08-03 13:23:00,2016-08-03 13:30:00,5471.0,5473.0,5475.0,5472.0,5472.0,5475.0,5477.0,5473.0,16
2016-08-03 13:30:00,2016-08-03 13:31:00,5473.0,5471.0,5472.0,5470.0,5475.0,5472.0,5475.0,5472.0,23
2016-08-03 13:31:00,2016-08-03 13:32:00,5471.0,5469.0,5470.0,5469.0,5472.0,5470.0,5473.0,5470.0,9
2016-08-03 13:32:00,2016-08-03 13:33:00,5469.0,5468.0,5470.0,5464.0,5470.0,5469.0,5471.0,5467.0,28
2016-08-03 13:33:00,2016-08-03 13:34:00,5468.0,5468.0,5469.0,5466.0,5469.0,5469.0,5470.0,5468.0,12
2016-08-03 13:34:00,2016-08-03 13:35:00,5468.0,5466.0,5467.0,5465.0,5469.0,5468.0,5469.0,5467.0,12
2016-08-03 13:35:00,2016-08-03 13:36:00,5466.0,5467.0,5467.0,5464.0,5468.0,5469.0,5470.0,5466.0,9
2016-08-03 13:36:00,2016-08-03 13:37:00,5467.0,5466.0,5469.0,5465.0,5469.0,5468.0,5471.0,5467.0,20
2016-08-03 13:37:00,2016-08-03 13:38:00,5466.0,5467.0,5468.0,5465.0,5468.0,5468.0,5469.0,5466.0,17
2016-08-03 13:38:00,2016-08-03 13:39:00,5467.0,5470.0,5471.0,5467.0,5468.0,5475.0,5475.0,5469.0,32
2016-08-03 13:39:00,2016-08-03 13:40:00,5470.0,5475.0,5476.0,5472.0,5475.0,5477.0,5478.0,5473.0,33
2016-08-03 13:40:00,2016-08-03 13:41:00,5475.0,5476.0,5477.0,5474.0,5477.0,5477.0,5480.0,5476.0,23
2016-08-03 13:41:00,2016-08-03 13:42:00,5476.0,5477.0,5478.0,5475.0,5477.0,5479.0,5480.0,5477.0,71
2016-08-03 13:42:00,2016-08-03 13:43:00,5477.0,5478.0,5479.0,5476.0,5479.0,5479.0,5481.0,5477.0,21
2016-08-03 13:43:00,2016-08-03 13:44:00,5478.0,5478.0,5479.0,5476.0,5479.0,5480.0,5480.0,5479.0,16
2016-08-03 13:44:00,2016-08-03 13:45:00,5478.0,5479.0,5479.0,5477.0,5480.0,5480.0,5482.0,5479.0,21
2016-08-03 13:45:00,2016-08-03 13:46:00,5479.0,5477.0,5479.0,5477.0,5480.0,5479.0,5480.0,5479.0,14
2016-08-03 13:46:00,2016-08-03 13:47:00,5477.0,5478.0,5479.0,5476.0,5479.0,5479.0,5481.0,5479.0,15
2016-08-03 13:47:00,2016-08-03 13:48:00,5478.0,5476.0,5478.0,5475.0,5479.0,5478.0,5479.0,5477.0,15
2016-08-03 13:48:00,2016-08-03 13:49:00,5476.0,5478.0,5479.0,5476.0,5478.0,5480.0,5481.0,5478.0,10
2016-08-03 13:49:00,2016-08-03 13:50:00,5478.0,5477.0,5478.0,5474.0,5480.0,5478.0,5481.0,5475.0,32
2016-08-03 13:50:00,2016-08-03 13:51:00,5477.0,5477.0,5478.0,5476.0,5478.0,5479.0,5479.0,5477.0,12
2016-08-03 13:51:00,2016-08-03 13:52:00,5477.0,5479.0,5480.0,5477.0,5479.0,5481.0,5482.0,5479.0,15
2016-08-03 13:52:00,2016-08-03 13:53:00,5479.0,5479.0,5480.0,5477.0,5481.0,5480.0,5483.0,5479.0,19
2016-08-03 13:53:00,2016-08-03 13:54:00,5479.0,5480.0,5482.0,5477.0,5480.0,5481.0,5484.0,5479.0,23
2016-08-03 13:54:00,2016-08-03 13:55:00,5480.0,5479.0,5480.0,5478.0,5481.0,5480.0,5483.0,5480.0,13
2016-08-03 13:55:00,2016-08-03 13:57:00,5479.0,5479.0,5481.0,5479.0,5481.0,5483.0,5483.0,5481.0,7
2016-08-03 13:57:00,2016-08-03 13:58:00,5479.0,5480.0,5481.0,5480.0,5483.0,5481.0,5482.0,5481.0,4
2016-08-03 13:58:00,2016-08-03 14:00:00,5480.0,5479.0,5481.0,5477.0,5481.0,5480.0,5483.0,5479.0,17
2016-08-03 14:00:00,2016-08-03 14:01:00,5479.0,5478.0,5478.0,5476.0,5480.0,5479.0,5480.0,5478.0,11
2016-08-03 14:01:00,2016-08-03 14:03:00,5477.0,5480.0,5481.0,5478.0,5479.0,5481.0,5483.0,5479.0,14
2016-08-03 14:03:00,2016-08-03 14:04:00,5480.0,5483.0,5484.0,5479.0,5481.0,5485.0,5487.0,5482.0,30
2016-08-03 14:04:00,2016-08-03 14:05:00,5483.0,5484.0,5485.0,5482.0,5485.0,5485.0,5486.0,5484.0,12
2016-08-03 14:05:00,2016-08-03 14:06:00,5484.0,5483.0,5484.0,5483.0,5485.0,5484.0,5486.0,5484.0,10
2016-08-03 14:06:00,2016-08-03 14:07:00,5483.0,5481.0,5483.0,5481.0,5484.0,5485.0,5485.0,5482.0,11
2016-08-03 14:07:00,2016-08-03 14:08:00,5481.0,5480.0,5482.0,5479.0,5485.0,5481.0,5485.0,5480.0,19
2016-08-03 14:08:00,2016-08-03 14:09:00,5480.0,5481.0,5482.0,5479.0,5481.0,5482.0,5484.0,5481.0,20
2016-08-03 14:09:00,2016-08-03 14:10:00,5481.0,5481.0,5481.0,5479.0,5482.0,5482.0,5484.0,5481.0,13
2016-08-03 14:10:00,2016-08-03 14:11:00,5481.0,5484.0,5484.0,5481.0,5482.0,5485.0,5487.0,5483.0,24
2016-08-03 14:11:00,2016-08-03 14:13:00,5484.0,5484.0,5485.0,5484.0,5485.0,5486.0,5488.0,5485.0,14
2016-08-03 14:13:00,2016-08-03 14:15:00,5485.0,5486.0,5487.0,5484.0,5486.0,5488.0,5489.0,5486.0,17
2016-08-03 14:15:00,2016-08-03 14:16:00,5486.0,5485.0,5486.0,5484.0,5488.0,5486.0,5489.0,5486.0,15
2016-08-03 14:16:00,2016-08-03 14:18:00,5486.0,5483.0,5485.0,5483.0,5487.0,5485.0,5488.0,5485.0,8
2016-08-03 14:18:00,2016-08-03 14:19:00,5483.0,5482.0,5483.0,5481.0,5485.0,5484.0,5486.0,5484.0,19
2016-08-03 14:19:00,2016-08-03 14:20:00,5482.0,5484.0,5484.0,5482.0,5484.0,5485.0,5487.0,5483.0,17
2016-08-03 14:20:00,2016-08-03 14:21:00,5484.0,5485.0,5485.0,5484.0,5485.0,5486.0,5486.0,5486.0,8
2016-08-03 14:21:00,2016-08-03 14:22:00,5485.0,5483.0,5484.0,5482.0,5486.0,5484.0,5486.0,5484.0,10
2016-08-03 14:22:00,2016-08-03 14:23:00,5483.0,5483.0,5484.0,5482.0,5484.0,5484.0,5486.0,5484.0,7
2016-08-03 14:23:00,2016-08-03 14:24:00,5483.0,5482.0,5483.0,5482.0,5484.0,5484.0,5486.0,5484.0,5
2016-08-03 14:24:00,2016-08-03 14:25:00,5482.0,5484.0,5484.0,5481.0,5484.0,5485.0,5485.0,5483.0,8
2016-08-03 14:25:00,2016-08-03 14:26:00,5484.0,5480.0,5483.0,5479.0,5485.0,5482.0,5485.0,5482.0,16
2016-08-03 14:26:00,2016-08-03 14:27:00,5480.0,5480.0,5481.0,5480.0,5482.0,5482.0,5482.0,5481.0,14
2016-08-03 14:27:00,2016-08-03 14:30:00,5482.0,5478.0,5481.0,5475.0,5483.0,5480.0,5485.0,5478.0,30
2016-08-03 14:30:00,2016-08-03 14:32:00,5479.0,5477.0,5478.0,5475.0,5480.0,5479.0,5482.0,5477.0,24
2016-08-03 14:32:00,2016-08-03 14:33:00,5477.0,5482.0,5482.0,5476.0,5479.0,5484.0,5485.0,5478.0,34
2016-08-03 14:33:00,2016-08-03 14:34:00,5482.0,5484.0,5485.0,5480.0,5484.0,5486.0,5488.0,5484.0,26
2016-08-03 14:34:00,2016-08-03 14:35:00,5484.0,5485.0,5486.0,5483.0,5486.0,5486.0,5489.0,5485.0,32
2016-08-03 14:35:00,2016-08-03 14:36:00,5485.0,5487.0,5487.0,5484.0,5486.0,5488.0,5488.0,5486.0,8
2016-08-03 14:36:00,2016-08-03 14:37:00,5487.0,5486.0,5487.0,5484.0,5488.0,5488.0,5489.0,5486.0,34
2016-08-03 14:37:00,2016-08-03 14:38:00,5486.0,5487.0,5487.0,5485.0,5488.0,5488.0,5489.0,5486.0,27
2016-08-03 14:38:00,2016-08-03 14:39:00,5487.0,5485.0,5487.0,5483.0,5488.0,5486.0,5488.0,5485.0,14
2016-08-03 14:39:00,2016-08-03 14:40:00,5485.0,5484.0,5486.0,5484.0,5486.0,5488.0,5488.0,5485.0,13
2016-08-03 14:40:00,2016-08-03 14:41:00,5484.0,5484.0,5485.0,5482.0,5488.0,5485.0,5488.0,5484.0,21
2016-08-03 14:41:00,2016-08-03 14:42:00,5484.0,5484.0,5486.0,5482.0,5485.0,5485.0,5488.0,5484.0,27
2016-08-03 14:42:00,2016-08-03 14:43:00,5484.0,5485.0,5487.0,5483.0,5485.0,5486.0,5488.0,5485.0,22
2016-08-03 14:43:00,2016-08-03 14:44:00,5485.0,5486.0,5486.0,5483.0,5486.0,5487.0,5489.0,5486.0,15
2016-08-03 14:44:00,2016-08-03 14:46:00,5485.0,5485.0,5485.0,5482.0,5486.0,5486.0,5488.0,5484.0,31
2016-08-03 14:46:00,2016-08-03 14:47:00,5485.0,5484.0,5485.0,5484.0,5486.0,5486.0,5488.0,5485.0,11
2016-08-03 14:47:00,2016-08-03 14:48:00,5484.0,5483.0,5484.0,5483.0,5486.0,5484.0,5487.0,5484.0,10
2016-08-03 14:48:00,2016-08-03 14:49:00,5483.0,5484.0,5484.0,5482.0,5484.0,5485.0,5487.0,5484.0,12
2016-08-03 14:49:00,2016-08-03 14:50:00,5484.0,5488.0,5488.0,5484.0,5485.0,5489.0,5491.0,5486.0,20
2016-08-03 14:50:00,2016-08-03 14:51:00,5488.0,5486.0,5489.0,5485.0,5489.0,5487.0,5490.0,5486.0,26
2016-08-03 14:51:00,2016-08-03 14:52:00,5486.0,5485.0,5486.0,5483.0,5487.0,5486.0,5488.0,5485.0,24
2016-08-03 14:52:00,2016-08-03 14:53:00,5485.0,5484.0,5486.0,5484.0,5486.0,5485.0,5487.0,5485.0,6
2016-08-03 14:53:00,2016-08-03 14:56:00,5486.0,5484.0,5487.0,5484.0,5487.0,5485.0,5489.0,5485.0,16
2016-08-03 14:56:00,2016-08-03 14:57:00,5484.0,5483.0,5485.0,5482.0,5485.0,5484.0,5488.0,5484.0,29
2016-08-03 14:57:00,2016-08-03 14:58:00,5483.0,5483.0,5485.0,5483.0,5484.0,5485.0,5486.0,5484.0,14
2016-08-03 14:58:00,2016-08-03 14:59:00,5483.0,5482.0,5483.0,5481.0,5485.0,5484.0,5486.0,5482.0,25
2016-08-03 14:59:00,2016-08-03 15:00:00,5482.0,5479.0,5483.0,5479.0,5484.0,5483.0,5485.0,5481.0,13
2016-08-03 15:00:00,2016-08-03 15:01:00,5479.0,5481.0,5481.0,5479.0,5483.0,5482.0,5484.0,5480.0,17
2016-08-03 15:01:00,2016-08-03 15:03:00,5481.0,5482.0,5482.0,5481.0,5482.0,5483.0,5484.0,5483.0,7
2016-08-03 15:03:00,2016-08-03 15:04:00,5482.0,5482.0,5482.0,5481.0,5483.0,5483.0,5484.0,5482.0,11
2016-08-03 15:04:00,2016-08-03 15:05:00,5482.0,5484.0,5484.0,5482.0,5483.0,5485.0,5486.0,5483.0,11
2016-08-03 15:05:00,2016-08-03 15:06:00,5484.0,5483.0,5484.0,5482.0,5485.0,5485.0,5487.0,5484.0,17
2016-08-03 15:06:00,2016-08-03 15:07:00,5483.0,5485.0,5485.0,5482.0,5485.0,5486.0,5487.0,5483.0,17
2016-08-03 15:07:00,2016-08-03 15:09:00,5484.0,5484.0,5484.0,5482.0,5485.0,5485.0,5487.0,5484.0,10
2016-08-03 15:09:00,2016-08-03 15:10:00,5484.0,5483.0,5484.0,5483.0,5485.0,5485.0,5487.0,5484.0,8
2016-08-03 15:10:00,2016-08-03 15:11:00,5483.0,5483.0,5483.0,5482.0,5485.0,5485.0,5486.0,5484.0,4
2016-08-03 15:11:00,2016-08-03 15:12:00,5483.0,5484.0,5484.0,5483.0,5485.0,5486.0,5487.0,5486.0,3
2016-08-03 15:12:00,2016-08-03 15:15:00,5483.0,5485.0,5486.0,5483.0,5485.0,5486.0,5488.0,5485.0,10
2016-08-03 15:15:00,2016-08-03 15:16:00,5485.0,5486.0,5486.0,5485.0,5486.0,5487.0,5489.0,5487.0,4
2016-08-03 15:16:00,2016-08-03 15:17:00,5486.0,5486.0,5486.0,5484.0,5487.0,5487.0,5487.0,5485.0,9
2016-08-03 15:17:00,2016-08-03 15:18:00,5486.0,5484.0,5486.0,5483.0,5487.0,5485.0,5487.0,5485.0,7
2016-08-03 15:18:00,2016-08-03 15:19:00,5484.0,5483.0,5484.0,5483.0,5485.0,5485.0,5486.0,5484.0,11
2016-08-03 15:19:00,2016-08-03 15:20:00,5483.0,5488.0,5488.0,5483.0,5485.0,5489.0,5491.0,5485.0,20
2016-08-03 15:20:00,2016-08-03 15:21:00,5488.0,5488.0,5488.0,5486.0,5489.0,5489.0,5491.0,5488.0,11
2016-08-03 15:21:00,2016-08-03 15:23:00,5487.0,5486.0,5487.0,5486.0,5489.0,5488.0,5490.0,5488.0,4
2016-08-03 15:23:00,2016-08-03 15:24:00,5486.0,5486.0,5486.0,5485.0,5488.0,5487.0,5489.0,5487.0,7
2016-08-03 15:24:00,2016-08-03 15:25:00,5486.0,5486.0,5487.0,5485.0,5487.0,5487.0,5489.0,5486.0,16
2016-08-03 15:25:00,2016-08-03 15:27:00,5485.0,5486.0,5487.0,5485.0,5487.0,5488.0,5488.0,5486.0,10
2016-08-03 15:27:00,2016-08-03 15:28:00,5486.0,5487.0,5487.0,5486.0,5488.0,5488.0,5489.0,5488.0,5
2016-08-03 15:28:00,2016-08-03 15:29:00,5487.0,5487.0,5488.0,5486.0,5488.0,5488.0,5490.0,5487.0,22
2016-08-03 15:29:00,2016-08-03 15:34:00,5487.0,5487.0,5488.0,5486.0,5488.0,5489.0,5490.0,5488.0,10
2016-08-03 15:34:00,2016-08-03 15:35:00,5487.0,5483.0,5487.0,5483.0,5489.0,5489.0,5490.0,5486.0,15
2016-08-03 15:35:00,2016-08-03 15:36:00,5483.0,5486.0,5486.0,5485.0,5489.0,5488.0,5488.0,5486.0,6
2016-08-03 15:36:00,2016-08-03 15:37:00,5486.0,5487.0,5487.0,5486.0,5488.0,5488.0,5488.0,5488.0,7
2016-08-03 15:37:00,2016-08-03 15:38:00,5487.0,5486.0,5487.0,5486.0,5488.0,5488.0,5488.0,5488.0,5
2016-08-03 15:38:00,2016-08-03 15:39:00,5486.0,5486.0,5487.0,5485.0,5488.0,5487.0,5488.0,5487.0,10
2016-08-03 15:39:00,2016-08-03 15:43:00,5486.0,5484.0,5486.0,5484.0,5488.0,5485.0,5488.0,5485.0,9
2016-08-03 15:43:00,2016-08-03 15:45:00,5485.0,5483.0,5485.0,5483.0,5486.0,5487.0,5487.0,5485.0,6
2016-08-03 15:45:00,2016-08-03 15:46:00,5483.0,5484.0,5484.0,5483.0,5487.0,5485.0,5485.0,5484.0,5
2016-08-03 15:46:00,2016-08-03 15:47:00,5484.0,5484.0,5485.0,5483.0,5485.0,5486.0,5486.0,5485.0,4
2016-08-03 15:47:00,2016-08-03 15:48:00,5484.0,5484.0,5485.0,5483.0,5486.0,5485.0,5488.0,5485.0,5
2016-08-03 15:48:00,2016-08-03 15:50:00,5485.0,5485.0,5485.0,5485.0,5486.0,5487.0,5487.0,5486.0,5
2016-08-03 15:50:00,2016-08-03 15:51:00,5485.0,5486.0,5487.0,5485.0,5487.0,5487.0,5488.0,5487.0,7
2016-08-03 15:51:00,2016-08-03 15:52:00,5486.0,5487.0,5487.0,5485.0,5487.0,5489.0,5489.0,5487.0,10
2016-08-03 15:52:00,2016-08-03 15:55:00,5487.0,5486.0,5488.0,5486.0,5488.0,5488.0,5489.0,5487.0,10
2016-08-03 15:55:00,2016-08-03 15:57:00,5487.0,5487.0,5487.0,5486.0,5488.0,5488.0,5490.0,5488.0,10
2016-08-03 15:57:00,2016-08-03 15:59:00,5487.0,5488.0,5489.0,5488.0,5489.0,5490.0,5490.0,5489.0,4
2016-08-03 15:59:00,2016-08-03 16:00:00,5488.0,5488.0,5489.0,5488.0,5490.0,5490.0,5490.0,5489.0,3
2016-08-03 16:00:00,2016-08-03 16:04:00,5487.0,5488.0,5488.0,5487.0,5489.0,5489.0,5489.0,5488.0,3
2016-08-03 16:04:00,2016-08-03 16:08:00,5487.0,5487.0,5487.0,5486.0,5488.0,5488.0,5490.0,5488.0,2
2016-08-03 16:08:00,2016-08-03 16:12:00,5487.0,5486.0,5486.0,5485.0,5488.0,5487.0,5489.0,5487.0,8
2016-08-03 16:12:00,2016-08-03 16:15:00,5486.0,5486.0,5486.0,5485.0,5487.0,5487.0,5488.0,5486.0,6
2016-08-03 16:15:00,2016-08-03 16:18:00,5486.0,5486.0,5486.0,5486.0,5488.0,5488.0,5488.0,5487.0,4
2016-08-03 16:18:00,2016-08-03 16:22:00,5484.0,5482.0,5483.0,5481.0,5485.0,5483.0,5485.0,5483.0,5
2016-08-03 16:22:00,2016-08-03 16:25:00,5483.0,5484.0,5484.0,5483.0,5485.0,5486.0,5486.0,5484.0,4
2016-08-03 16:25:00,2016-08-03 16:35:00,5482.0,5483.0,5483.0,5481.0,5483.0,5484.0,5485.0,5484.0,3
2016-08-03 16:35:00,2016-08-03 16:38:00,5482.0,5484.0,5484.0,5483.0,5484.0,5485.0,5485.0,5484.0,2
2016-08-03 16:38:00,2016-08-03 16:41:00,5485.0,5486.0,5488.0,5486.0,5487.0,5488.0,5490.0,5487.0,10
2016-08-03 16:41:00,2016-08-03 16:42:00,5486.0,5487.0,5488.0,5486.0,5488.0,5489.0,5489.0,5487.0,8
2016-08-03 16:42:00,2016-08-03 16:47:00,5486.0,5487.0,5487.0,5485.0,5487.0,5488.0,5490.0,5488.0,5
2016-08-03 16:47:00,2016-08-03 16:49:00,5486.0,5486.0,5486.0,5485.0,5487.0,5487.0,5489.0,5487.0,4
2016-08-03 16:49:00,2016-08-03 16:50:00,5486.0,5486.0,5487.0,5485.0,5487.0,5488.0,5489.0,5488.0,4
2016-08-03 16:50:00,2016-08-03 16:52:00,5487.0,5487.0,5488.0,5487.0,5488.0,5489.0,5489.0,5488.0,4
2016-08-03 16:52:00,2016-08-03 16:57:00,5488.0,5487.0,5487.0,5487.0,5489.0,5489.0,5489.0,5488.0,4
2016-08-03 16:57:00,2016-08-03 16:59:00,5487.0,5487.0,5487.0,5486.0,5488.0,5488.0,5490.0,5488.0,4
2016-08-03 16:59:00,2016-08-03 17:01:00,5487.0,5487.0,5487.0,5486.0,5488.0,5488.0,5490.0,5487.0,6
2016-08-03 17:01:00,2016-08-03 17:14:00,5487.0,5488.0,5488.0,5486.0,5489.0,5489.0,5490.0,5488.0,7
2016-08-03 17:14:00,2016-08-03 17:16:00,5487.0,5488.0,5488.0,5487.0,5488.0,5489.0,5489.0,5488.0,11
2016-08-03 17:16:00,2016-08-03 17:17:00,5488.0,5487.0,5488.0,5487.0,5489.0,5489.0,5489.0,5488.0,5
2016-08-03 17:17:00,2016-08-03 17:23:00,5488.0,5487.0,5487.0,5487.0,5489.0,5491.0,5491.0,5491.0,1
2016-08-03 17:23:00,2016-08-03 17:24:00,5487.0,5487.0,5488.0,5487.0,5491.0,5488.0,5489.0,5488.0,5
2016-08-03 17:24:00,2016-08-03 17:38:00,5488.0,5487.0,5487.0,5486.0,5489.0,5488.0,5490.0,5488.0,3
2016-08-03 17:38:00,2016-08-03 17:46:00,5486.0,5486.0,5486.0,5485.0,5487.0,5487.0,5487.0,5486.0,7
2016-08-03 17:46:00,2016-08-03 17:49:00,5485.0,5486.0,5486.0,5486.0,5489.0,5487.0,5487.0,5487.0,1
2016-08-03 17:49:00,2016-08-03 17:52:00,5485.0,5485.0,5485.0,5484.0,5486.0,5486.0,5487.0,5485.0,6
2016-08-03 17:52:00,2016-08-03 17:54:00,5485.0,5485.0,5485.0,5484.0,5487.0,5486.0,5486.0,5486.0,3
2016-08-03 17:54:00,2016-08-03 17:57:00,5485.0,5486.0,5486.0,5485.0,5487.0,5487.0,5487.0,5487.0,5
2016-08-03 17:57:00,2016-08-03 18:02:00,5486.0,5486.0,5486.0,5486.0,5488.0,5490.0,5490.0,5490.0,1
2016-08-03 18:02:00,2016-08-03 18:03:00,5486.0,5487.0,5487.0,5487.0,5490.0,5488.0,5488.0,5488.0,1
2016-08-03 18:03:00,2016-08-03 18:07:00,5486.0,5486.0,5486.0,5486.0,5488.0,5487.0,5488.0,5487.0,3
2016-08-03 18:07:00,2016-08-03 18:08:00,5486.0,5487.0,5487.0,5487.0,5487.0,5489.0,5489.0,5488.0,2
2016-08-03 18:08:00,2016-08-03 18:12:00,5487.0,5487.0,5488.0,5487.0,5489.0,5488.0,5491.0,5488.0,6
2016-08-03 18:12:00,2016-08-03 18:14:00,5488.0,5487.0,5487.0,5486.0,5489.0,5488.0,5489.0,5487.0,8
2016-08-03 18:14:00,2016-08-03 18:15:00,5487.0,5486.0,5487.0,5486.0,5488.0,5488.0,5490.0,5487.0,35
2016-08-03 18:15:00,2016-08-03 18:17:00,5487.0,5485.0,5486.0,5485.0,5488.0,5486.0,5490.0,5486.0,4
2016-08-03 18:17:00,2016-08-03 18:18:00,5485.0,5485.0,5486.0,5484.0,5486.0,5486.0,5488.0,5485.0,7
2016-08-03 18:18:00,2016-08-03 18:20:00,5484.0,5485.0,5485.0,5483.0,5485.0,5486.0,5487.0,5485.0,6
2016-08-03 18:20:00,2016-08-03 18:27:00,5484.0,5485.0,5485.0,5483.0,5486.0,5486.0,5487.0,5485.0,6
2016-08-03 18:27:00,2016-08-03 18:29:00,5484.0,5482.0,5483.0,5482.0,5485.0,5484.0,5485.0,5484.0,5
2016-08-03 18:29:00,2016-08-03 18:30:00,5482.0,5482.0,5483.0,5481.0,5484.0,5483.0,5484.0,5482.0,10
2016-08-03 18:30:00,2016-08-03 18:33:00,5483.0,5484.0,5484.0,5483.0,5484.0,5485.0,5485.0,5485.0,3
2016-08-03 18:33:00,2016-08-03 18:49:00,5485.0,5484.0,5485.0,5483.0,5487.0,5486.0,5487.0,5486.0,3
2016-08-03 18:49:00,2016-08-03 18:51:00,5486.0,5486.0,5487.0,5486.0,5487.0,5490.0,5490.0,5488.0,7
2016-08-03 18:51:00,2016-08-03 18:52:00,5486.0,5487.0,5487.0,5486.0,5490.0,5488.0,5488.0,5488.0,3
2016-08-03 18:52:00,2016-08-03 18:54:00,5487.0,5488.0,5488.0,5487.0,5489.0,5489.0,5489.0,5488.0,9
2016-08-03 18:54:00,2016-08-03 18:55:00,5488.0,5488.0,5488.0,5487.0,5489.0,5489.0,5489.0,5489.0,4
2016-08-03 18:55:00,2016-08-03 19:01:00,5487.0,5486.0,5486.0,5486.0,5488.0,5490.0,5490.0,5490.0,1
2016-08-03 19:01:00,2016-08-03 19:02:00,5486.0,5487.0,5487.0,5486.0,5490.0,5489.0,5489.0,5487.0,5
2016-08-03 19:02:00,2016-08-03 19:04:00,5488.0,5487.0,5488.0,5487.0,5489.0,5488.0,5491.0,5488.0,3
2016-08-03 19:04:00,2016-08-03 19:06:00,5487.0,5487.0,5487.0,5486.0,5488.0,5489.0,5489.0,5488.0,5
2016-08-03 19:06:00,2016-08-03 19:07:00,5487.0,5489.0,5489.0,5488.0,5489.0,5490.0,5490.0,5489.0,7
2016-08-03 19:07:00,2016-08-03 19:14:00,5489.0,5490.0,5490.0,5489.0,5491.0,5491.0,5493.0,5491.0,3
2016-08-03 19:14:00,2016-08-03 19:17:00,5491.0,5492.0,5492.0,5490.0,5492.0,5493.0,5493.0,5491.0,7
2016-08-03 19:17:00,2016-08-03 19:18:00,5492.0,5492.0,5492.0,5491.0,5493.0,5493.0,5493.0,5492.0,10
2016-08-03 19:18:00,2016-08-03 19:20:00,5491.0,5490.0,5492.0,5489.0,5493.0,5492.0,5493.0,5490.0,10
2016-08-03 19:20:00,2016-08-03 19:25:00,5492.0,5494.0,5494.0,5492.0,5493.0,5495.0,5496.0,5494.0,7
2016-08-03 19:25:00,2016-08-03 19:27:00,5493.0,5494.0,5494.0,5492.0,5494.0,5495.0,5497.0,5494.0,14
2016-08-03 19:27:00,2016-08-03 19:28:00,5494.0,5494.0,5494.0,5493.0,5495.0,5495.0,5497.0,5495.0,3
2016-08-03 19:28:00,2016-08-03 19:29:00,5494.0,5494.0,5495.0,5494.0,5495.0,5496.0,5496.0,5495.0,6
2016-08-03 19:29:00,2016-08-03 19:33:00,5493.0,5492.0,5493.0,5492.0,5494.0,5494.0,5494.0,5494.0,3
2016-08-03 19:33:00,2016-08-03 19:39:00,5493.0,5493.0,5494.0,5493.0,5494.0,5495.0,5496.0,5494.0,6
2016-08-03 19:39:00,2016-08-03 19:40:00,5493.0,5493.0,5494.0,5492.0,5495.0,5495.0,5496.0,5494.0,15
2016-08-03 19:40:00,2016-08-03 19:41:00,5493.0,5494.0,5495.0,5494.0,5495.0,5495.0,5496.0,5495.0,8
2016-08-03 19:41:00,2016-08-03 19:43:00,5494.0,5492.0,5493.0,5492.0,5495.0,5494.0,5495.0,5494.0,7
2016-08-03 19:43:00,2016-08-03 19:45:00,5493.0,5495.0,5495.0,5493.0,5494.0,5496.0,5496.0,5495.0,8
2016-08-03 19:45:00,2016-08-03 19:46:00,5495.0,5495.0,5496.0,5495.0,5496.0,5497.0,5497.0,5496.0,4
2016-08-03 19:46:00,2016-08-03 19:48:00,5495.0,5495.0,5496.0,5495.0,5497.0,5497.0,5497.0,5496.0,5
2016-08-03 19:48:00,2016-08-03 19:49:00,5495.0,5496.0,5497.0,5496.0,5497.0,5498.0,5498.0,5497.0,6
2016-08-03 19:49:00,2016-08-03 19:50:00,5496.0,5497.0,5497.0,5496.0,5498.0,5498.0,5500.0,5497.0,4
2016-08-03 19:50:00,2016-08-03 19:51:00,5497.0,5497.0,5498.0,5497.0,5498.0,5499.0,5499.0,5498.0,11
2016-08-03 19:51:00,2016-08-03 19:53:00,5497.0,5496.0,5497.0,5496.0,5499.0,5497.0,5500.0,5497.0,7
2016-08-03 19:53:00,2016-08-03 19:55:00,5496.0,5496.0,5497.0,5495.0,5497.0,5497.0,5498.0,5497.0,7
2016-08-03 19:55:00,2016-08-03 19:56:00,5496.0,5497.0,5498.0,5496.0,5497.0,5498.0,5499.0,5498.0,9
2016-08-03 19:56:00,2016-08-03 19:57:00,5497.0,5498.0,5498.0,5497.0,5498.0,5499.0,5500.0,5499.0,6
2016-08-03 19:57:00,2016-08-03 19:58:00,5498.0,5498.0,5499.0,5497.0,5499.0,5500.0,5500.0,5498.0,21
2016-08-03 19:58:00,2016-08-03 19:59:00,5498.0,5496.0,5498.0,5496.0,5500.0,5498.0,5499.0,5498.0,4
2016-08-03 19:59:00,2016-08-03 20:00:00,5496.0,5493.0,5496.0,5493.0,5498.0,5495.0,5497.0,5495.0,7
2016-08-03 20:00:00,2016-08-03 20:03:00,5493.0,5494.0,5494.0,5492.0,5494.0,5495.0,5496.0,5494.0,4
2016-08-03 20:03:00,2016-08-03 20:05:00,5493.0,5492.0,5493.0,5492.0,5495.0,5496.0,5496.0,5494.0,2
2016-08-03 20:05:00,2016-08-03 20:06:00,5492.0,5493.0,5493.0,5493.0,5496.0,5494.0,5494.0,5494.0,1
2016-08-03 20:06:00,2016-08-03 20:11:00,5494.0,5494.0,5495.0,5494.0,5495.0,5497.0,5497.0,5497.0,2
2016-08-03 20:11:00,2016-08-03 20:12:00,5494.0,5495.0,5496.0,5495.0,5497.0,5497.0,5497.0,5497.0,2
2016-08-03 20:12:00,2016-08-03 20:13:00,5495.0,5496.0,5496.0,5496.0,5497.0,5498.0,5499.0,5497.0,4
2016-08-03 20:13:00,2016-08-03 20:14:00,5496.0,5495.0,5495.0,5495.0,5498.0,5498.0,5498.0,5498.0,1
2016-08-03 20:14:00,2016-08-03 20:15:00,5495.0,5495.0,5495.0,5495.0,5498.0,5499.0,5499.0,5499.0,1
2016-08-03 20:15:00,2016-08-03 20:16:00,5495.0,5496.0,5496.0,5496.0,5499.0,5498.0,5498.0,5498.0,1
2016-08-03 20:16:00,2016-08-03 20:17:00,5496.0,5496.0,5496.0,5495.0,5498.0,5498.0,5499.0,5498.0,2
2016-08-03 20:17:00,2016-08-03 20:23:00,5496.0,5495.0,5495.0,5495.0,5497.0,5499.0,5499.0,5499.0,1
2016-08-03 20:23:00,2016-08-03 20:24:00,5495.0,5495.0,5496.0,5495.0,5499.0,5496.0,5497.0,5496.0,3
2016-08-03 20:24:00,2016-08-03 20:27:00,5495.0,5494.0,5494.0,5494.0,5496.0,5498.0,5498.0,5498.0,1
2016-08-03 20:27:00,2016-08-03 20:30:00,5494.0,5495.0,5495.0,5494.0,5498.0,5497.0,5497.0,5495.0,8
2016-08-03 20:30:00,2016-08-03 20:31:00,5495.0,5495.0,5495.0,5494.0,5497.0,5497.0,5497.0,5497.0,2
2016-08-03 20:31:00,2016-08-03 20:33:00,5495.0,5495.0,5495.0,5495.0,5497.0,5498.0,5498.0,5498.0,1
2016-08-03 20:33:00,2016-08-03 20:35:00,5495.0,5493.0,5496.0,5493.0,5498.0,5497.0,5497.0,5496.0,6
2016-08-03 20:35:00,2016-08-03 20:36:00,5493.0,5495.0,5496.0,5493.0,5497.0,5498.0,5498.0,5498.0,3
2016-08-03 20:36:00,2016-08-03 20:38:00,5495.0,5495.0,5495.0,5495.0,5498.0,5497.0,5497.0,5497.0,1
2016-08-03 20:38:00,2016-08-03 20:41:00,5494.0,5494.0,5496.0,5494.0,5498.0,5497.0,5497.0,5497.0,4
2016-08-03 20:41:00,2016-08-03 20:42:00,5494.0,5494.0,5494.0,5493.0,5497.0,5497.0,5498.0,5497.0,2
2016-08-03 20:42:00,2016-08-03 20:45:00,5494.0,5494.0,5494.0,5494.0,5497.0,5495.0,5496.0,5495.0,2
2016-08-03 20:45:00,2016-08-03 20:51:00,5495.0,5494.0,5494.0,5494.0,5497.0,5498.0,5498.0,5498.0,1
2016-08-03 20:51:00,2016-08-03 20:52:00,5494.0,5495.0,5495.0,5495.0,5498.0,5497.0,5497.0,5497.0,1
2016-08-03 20:52:00,2016-08-03 20:54:00,5495.0,5495.0,5495.0,5494.0,5496.0,5496.0,5498.0,5496.0,2
2016-08-03 20:54:00,2016-08-03 20:55:00,5495.0,5496.0,5496.0,5496.0,5496.0,5497.0,5497.0,5497.0,1
2016-08-03 20:55:00,2016-08-03 23:50:00,5496.0,5502.0,5505.0,5500.0,5498.0,5504.0,5506.0,5501.0,67
2016-08-03 23:50:00,2016-08-03 23:51:00,5502.0,5501.0,5501.0,5500.0,5504.0,5502.0,5502.0,5502.0,5
2016-08-03 23:51:00,2016-08-03 23:52:00,5501.0,5497.0,5500.0,5497.0,5502.0,5498.0,5502.0,5498.0,14
2016-08-03 23:52:00,2016-08-03 23:54:00,5497.0,5497.0,5497.0,5495.0,5498.0,5498.0,5498.0,5497.0,15
2016-08-03 23:54:00,2016-08-03 23:55:00,5497.0,5494.0,5497.0,5494.0,5498.0,5497.0,5498.0,5496.0,13
2016-08-03 23:55:00,2016-08-03 23:56:00,5494.0,5495.0,5496.0,5493.0,5497.0,5497.0,5498.0,5495.0,14
2016-08-03 23:56:00,2016-08-03 23:57:00,5495.0,5495.0,5497.0,5495.0,5497.0,5496.0,5498.0,5496.0,12
2016-08-03 23:57:00,2016-08-03 23:58:00,5495.0,5497.0,5498.0,5493.0,5496.0,5499.0,5499.0,5497.0,13
2016-08-03 23:58:00,2016-08-03 23:59:00,5497.0,5495.0,5496.0,5494.0,5499.0,5496.0,5498.0,5496.0,12
2016-08-03 23:59:00,2016-08-04 00:00:00,5495.0,5494.0,5497.0,5493.0,5496.0,5496.0,5498.0,5494.0,47
2016-08-04 00:00:00,2016-08-04 00:01:00,5494.0,5497.0,5497.0,5494.0,5496.0,5499.0,5499.0,5495.0,17
2016-08-04 00:01:00,2016-08-04 00:02:00,5497.0,5498.0,5499.0,5497.0,5499.0,5500.0,5501.0,5498.0,26
2016-08-04 00:02:00,2016-08-04 00:03:00,5498.0,5499.0,5499.0,5497.0,5500.0,5500.0,5500.0,5498.0,18
2016-08-04 00:03:00,2016-08-04 00:04:00,5499.0,5504.0,5505.0,5499.0,5500.0,5506.0,5506.0,5500.0,32
2016-08-04 00:04:00,2016-08-04 00:05:00,5504.0,5502.0,5505.0,5501.0,5506.0,5503.0,5506.0,5502.0,40
2016-08-04 00:05:00,2016-08-04 00:07:00,5503.0,5504.0,5505.0,5503.0,5505.0,5505.0,5506.0,5504.0,17
2016-08-04 00:07:00,2016-08-04 00:09:00,5504.0,5505.0,5506.0,5504.0,5505.0,5507.0,5507.0,5505.0,10
2016-08-04 00:09:00,2016-08-04 00:10:00,5505.0,5502.0,5506.0,5502.0,5507.0,5504.0,5508.0,5504.0,12
2016-08-04 00:10:00,2016-08-04 00:11:00,5502.0,5502.0,5503.0,5501.0,5504.0,5503.0,5505.0,5502.0,11
2016-08-04 00:11:00,2016-08-04 00:12:00,5502.0,5503.0,5504.0,5501.0,5503.0,5505.0,5505.0,5502.0,15
2016-08-04 00:12:00,2016-08-04 00:13:00,5503.0,5502.0,5504.0,5502.0,5505.0,5503.0,5506.0,5503.0,9
2016-08-04 00:13:00,2016-08-04 00:14:00,5502.0,5503.0,5503.0,5501.0,5503.0,5504.0,5504.0,5503.0,12
2016-08-04 00:14:00,2016-08-04 00:15:00,5503.0,5502.0,5503.0,5501.0,5504.0,5503.0,5504.0,5502.0,40
2016-08-04 00:15:00,2016-08-04 00:16:00,5502.0,5502.0,5504.0,5501.0,5503.0,5503.0,5505.0,5502.0,27
2016-08-04 00:16:00,2016-08-04 00:17:00,5502.0,5504.0,5505.0,5502.0,5503.0,5505.0,5506.0,5504.0,17
2016-08-04 00:17:00,2016-08-04 00:18:00,5504.0,5505.0,5506.0,5503.0,5505.0,5507.0,5507.0,5504.0,14
2016-08-04 00:18:00,2016-08-04 00:19:00,5505.0,5504.0,5505.0,5503.0,5507.0,5505.0,5506.0,5504.0,15
2016-08-04 00:19:00,2016-08-04 00:20:00,5504.0,5501.0,5503.0,5501.0,5505.0,5502.0,5504.0,5502.0,19
2016-08-04 00:20:00,2016-08-04 00:21:00,5501.0,5503.0,5503.0,5501.0,5502.0,5504.0,5504.0,5503.0,13
2016-08-04 00:21:00,2016-08-04 00:22:00,5503.0,5505.0,5505.0,5502.0,5504.0,5506.0,5506.0,5503.0,6
2016-08-04 00:22:00,2016-08-04 00:23:00,5505.0,5505.0,5505.0,5504.0,5506.0,5506.0,5507.0,5505.0,7
2016-08-04 00:23:00,2016-08-04 00:24:00,5505.0,5507.0,5508.0,5505.0,5506.0,5508.0,5509.0,5507.0,18
2016-08-04 00:24:00,2016-08-04 00:25:00,5507.0,5507.0,5507.0,5505.0,5508.0,5509.0,5509.0,5507.0,13
2016-08-04 00:25:00,2016-08-04 00:26:00,5507.0,5507.0,5509.0,5507.0,5509.0,5509.0,5510.0,5508.0,15
2016-08-04 00:26:00,2016-08-04 00:27:00,5507.0,5506.0,5508.0,5506.0,5509.0,5507.0,5509.0,5507.0,23
2016-08-04 00:27:00,2016-08-04 00:28:00,5506.0,5507.0,5509.0,5506.0,5507.0,5509.0,5510.0,5507.0,15
2016-08-04 00:28:00,2016-08-04 00:29:00,5507.0,5506.0,5508.0,5506.0,5509.0,5508.0,5509.0,5507.0,12
2016-08-04 00:29:00,2016-08-04 00:30:00,5506.0,5508.0,5508.0,5507.0,5508.0,5509.0,5509.0,5508.0,4
2016-08-04 00:30:00,2016-08-04 00:31:00,5508.0,5507.0,5508.0,5506.0,5509.0,5508.0,5509.0,5507.0,8
2016-08-04 00:31:00,2016-08-04 00:32:00,5507.0,5508.0,5509.0,5506.0,5508.0,5509.0,5510.0,5507.0,17
2016-08-04 00:32:00,2016-08-04 00:33:00,5508.0,5507.0,5509.0,5506.0,5509.0,5508.0,5510.0,5507.0,25
2016-08-04 00:33:00,2016-08-04 00:35:00,5507.0,5507.0,5510.0,5507.0,5509.0,5508.0,5511.0,5508.0,19
2016-08-04 00:35:00,2016-08-04 00:36:00,5507.0,5505.0,5508.0,5505.0,5508.0,5507.0,5509.0,5506.0,18
2016-08-04 00:36:00,2016-08-04 00:37:00,5505.0,5507.0,5507.0,5506.0,5507.0,5508.0,5509.0,5507.0,7
2016-08-04 00:37:00,2016-08-04 00:38:00,5507.0,5508.0,5509.0,5507.0,5508.0,5509.0,5511.0,5508.0,9
2016-08-04 00:38:00,2016-08-04 00:40:00,5508.0,5510.0,5511.0,5509.0,5510.0,5511.0,5512.0,5510.0,21
2016-08-04 00:40:00,2016-08-04 00:41:00,5510.0,5510.0,5512.0,5510.0,5511.0,5512.0,5513.0,5511.0,9
2016-08-04 00:41:00,2016-08-04 00:42:00,5510.0,5510.0,5511.0,5510.0,5512.0,5511.0,5512.0,5511.0,6
2016-08-04 00:42:00,2016-08-04 00:43:00,5510.0,5510.0,5511.0,5510.0,5511.0,5512.0,5512.0,5511.0,6
2016-08-04 00:43:00,2016-08-04 00:44:00,5510.0,5508.0,5510.0,5508.0,5512.0,5509.0,5511.0,5509.0,15
2016-08-04 00:44:00,2016-08-04 00:45:00,5508.0,5507.0,5508.0,5506.0,5509.0,5508.0,5509.0,5507.0,15
2016-08-04 00:45:00,2016-08-04 00:46:00,5507.0,5504.0,5506.0,5504.0,5508.0,5506.0,5508.0,5505.0,19
2016-08-04 00:46:00,2016-08-04 00:47:00,5504.0,5502.0,5505.0,5502.0,5506.0,5503.0,5506.0,5503.0,27
2016-08-04 00:47:00,2016-08-04 00:48:00,5502.0,5501.0,5503.0,5500.0,5503.0,5502.0,5504.0,5502.0,15
2016-08-04 00:48:00,2016-08-04 00:49:00,5501.0,5502.0,5502.0,5501.0,5502.0,5504.0,5504.0,5502.0,16
2016-08-04 00:49:00,2016-08-04 00:51:00,5503.0,5502.0,5504.0,5501.0,5504.0,5503.0,5505.0,5502.0,8
2016-08-04 00:51:00,2016-08-04 00:52:00,5502.0,5498.0,5501.0,5498.0,5503.0,5499.0,5502.0,5499.0,23
2016-08-04 00:52:00,2016-08-04 00:53:00,5498.0,5498.0,5499.0,5497.0,5499.0,5499.0,5500.0,5499.0,23
2016-08-04 00:53:00,2016-08-04 00:55:00,5498.0,5499.0,5499.0,5497.0,5499.0,5500.0,5500.0,5498.0,21
2016-08-04 00:55:00,2016-08-04 00:56:00,5499.0,5500.0,5501.0,5499.0,5500.0,5502.0,5502.0,5500.0,14
2016-08-04 00:56:00,2016-08-04 00:57:00,5500.0,5502.0,5503.0,5501.0,5502.0,5503.0,5504.0,5502.0,12
2016-08-04 00:57:00,2016-08-04 00:58:00,5502.0,5502.0,5502.0,5502.0,5503.0,5504.0,5504.0,5503.0,3
2016-08-04 00:58:00,2016-08-04 00:59:00,5502.0,5502.0,5503.0,5502.0,5504.0,5503.0,5504.0,5503.0,8
2016-08-04 00:59:00,2016-08-04 01:00:00,5502.0,5501.0,5501.0,5500.0,5503.0,5503.0,5503.0,5501.0,10
2016-08-04 01:00:00,2016-08-04 01:01:00,5501.0,5502.0,5502.0,5501.0,5503.0,5503.0,5503.0,5502.0,8
2016-08-04 01:01:00,2016-08-04 01:02:00,5502.0,5500.0,5502.0,5500.0,5503.0,5502.0,5503.0,5501.0,16
2016-08-04 01:02:00,2016-08-04 01:03:00,5500.0,5501.0,5502.0,5500.0,5502.0,5502.0,5503.0,5501.0,8
2016-08-04 01:03:00,2016-08-04 01:05:00,5500.0,5497.0,5499.0,5496.0,5501.0,5499.0,5501.0,5497.0,22
2016-08-04 01:05:00,2016-08-04 01:06:00,5497.0,5496.0,5499.0,5496.0,5499.0,5498.0,5500.0,5497.0,23
2016-08-04 01:06:00,2016-08-04 01:07:00,5496.0,5495.0,5497.0,5494.0,5498.0,5497.0,5498.0,5495.0,26
2016-08-04 01:07:00,2016-08-04 01:08:00,5495.0,5495.0,5495.0,5493.0,5497.0,5496.0,5499.0,5496.0,7
2016-08-04 01:08:00,2016-08-04 01:10:00,5495.0,5496.0,5498.0,5493.0,5496.0,5498.0,5499.0,5496.0,23
2016-08-04 01:10:00,2016-08-04 01:11:00,5496.0,5498.0,5498.0,5496.0,5498.0,5499.0,5499.0,5497.0,9
2016-08-04 01:11:00,2016-08-04 01:12:00,5498.0,5498.0,5499.0,5497.0,5499.0,5499.0,5500.0,5499.0,18
2016-08-04 01:12:00,2016-08-04 01:14:00,5499.0,5499.0,5500.0,5498.0,5500.0,5501.0,5501.0,5499.0,15
2016-08-04 01:14:00,2016-08-04 01:15:00,5499.0,5497.0,5501.0,5497.0,5501.0,5498.0,5502.0,5498.0,16
2016-08-04 01:15:00,2016-08-04 01:16:00,5497.0,5498.0,5499.0,5496.0,5498.0,5499.0,5500.0,5497.0,30
2016-08-04 01:16:00,2016-08-04 01:17:00,5498.0,5496.0,5499.0,5496.0,5499.0,5498.0,5500.0,5498.0,10
2016-08-04 01:17:00,2016-08-04 01:18:00,5496.0,5497.0,5498.0,5496.0,5498.0,5498.0,5499.0,5497.0,6
2016-08-04 01:18:00,2016-08-04 01:19:00,5497.0,5496.0,5497.0,5496.0,5498.0,5498.0,5498.0,5497.0,18
2016-08-04 01:19:00,2016-08-04 01:20:00,5496.0,5492.0,5496.0,5492.0,5498.0,5497.0,5497.0,5495.0,21
2016-08-04 01:20:00,2016-08-04 01:21:00,5492.0,5493.0,5494.0,5493.0,5497.0,5494.0,5495.0,5494.0,15
2016-08-04 01:21:00,2016-08-04 01:22:00,5493.0,5490.0,5493.0,5490.0,5494.0,5491.0,5494.0,5491.0,32
2016-08-04 01:22:00,2016-08-04 01:23:00,5490.0,5490.0,5491.0,5489.0,5491.0,5492.0,5492.0,5490.0,20
2016-08-04 01:23:00,2016-08-04 01:24:00,5490.0,5489.0,5491.0,5489.0,5492.0,5491.0,5492.0,5490.0,15
2016-08-04 01:24:00,2016-08-04 01:26:00,5489.0,5490.0,5490.0,5489.0,5490.0,5492.0,5492.0,5490.0,16
2016-08-04 01:26:00,2016-08-04 01:27:00,5490.0,5492.0,5493.0,5491.0,5492.0,5493.0,5494.0,5492.0,21
2016-08-04 01:27:00,2016-08-04 01:28:00,5492.0,5492.0,5493.0,5492.0,5493.0,5494.0,5495.0,5493.0,8
2016-08-04 01:28:00,2016-08-04 01:30:00,5493.0,5492.0,5494.0,5491.0,5494.0,5493.0,5495.0,5492.0,24
2016-08-04 01:30:00,2016-08-04 01:31:00,5492.0,5493.0,5493.0,5492.0,5493.0,5494.0,5494.0,5493.0,13
2016-08-04 01:31:00,2016-08-04 01:32:00,5493.0,5492.0,5493.0,5492.0,5494.0,5493.0,5494.0,5493.0,10
2016-08-04 01:32:00,2016-08-04 01:33:00,5492.0,5493.0,5495.0,5492.0,5493.0,5495.0,5496.0,5494.0,26
2016-08-04 01:33:00,2016-08-04 01:34:00,5493.0,5492.0,5495.0,5491.0,5495.0,5493.0,5496.0,5492.0,22
2016-08-04 01:34:00,2016-08-04 01:35:00,5492.0,5493.0,5494.0,5492.0,5493.0,5494.0,5495.0,5494.0,10
2016-08-04 01:35:00,2016-08-04 01:36:00,5493.0,5495.0,5496.0,5493.0,5494.0,5497.0,5497.0,5495.0,13
2016-08-04 01:36:00,2016-08-04 01:37:00,5495.0,5493.0,5495.0,5492.0,5497.0,5494.0,5496.0,5494.0,14
2016-08-04 01:37:00,2016-08-04 01:38:00,5493.0,5494.0,5495.0,5494.0,5494.0,5495.0,5496.0,5495.0,5
2016-08-04 01:38:00,2016-08-04 01:39:00,5494.0,5487.0,5495.0,5486.0,5495.0,5489.0,5496.0,5487.0,47
2016-08-04 01:39:00,2016-08-04 01:40:00,5487.0,5486.0,5490.0,5486.0,5489.0,5487.0,5491.0,5487.0,41
2016-08-04 01:40:00,2016-08-04 01:41:00,5486.0,5489.0,5490.0,5486.0,5487.0,5490.0,5491.0,5488.0,23
2016-08-04 01:41:00,2016-08-04 01:42:00,5489.0,5489.0,5490.0,5488.0,5490.0,5490.0,5492.0,5489.0,17
2016-08-04 01:42:00,2016-08-04 01:43:00,5489.0,5490.0,5490.0,5488.0,5490.0,5491.0,5491.0,5489.0,16
2016-08-04 01:43:00,2016-08-04 01:44:00,5490.0,5491.0,5491.0,5489.0,5491.0,5492.0,5492.0,5491.0,5
2016-08-04 01:44:00,2016-08-04 01:45:00,5491.0,5490.0,5492.0,5489.0,5492.0,5491.0,5493.0,5490.0,30
2016-08-04 01:45:00,2016-08-04 01:46:00,5490.0,5488.0,5491.0,5488.0,5491.0,5490.0,5492.0,5489.0,21
2016-08-04 01:46:00,2016-08-04 01:47:00,5488.0,5487.0,5488.0,5486.0,5490.0,5489.0,5489.0,5488.0,22
2016-08-04 01:47:00,2016-08-04 01:48:00,5487.0,5486.0,5488.0,5485.0,5489.0,5487.0,5489.0,5486.0,25
2016-08-04 01:48:00,2016-08-04 01:49:00,5486.0,5486.0,5487.0,5485.0,5487.0,5487.0,5488.0,5486.0,33
2016-08-04 01:49:00,2016-08-04 01:50:00,5486.0,5488.0,5488.0,5485.0,5487.0,5489.0,5489.0,5486.0,22
2016-08-04 01:50:00,2016-08-04 01:53:00,5489.0,5488.0,5490.0,5487.0,5490.0,5489.0,5491.0,5488.0,8
2016-08-04 01:53:00,2016-08-04 01:54:00,5488.0,5489.0,5490.0,5489.0,5489.0,5491.0,5491.0,5490.0,8
2016-08-04 01:54:00,2016-08-04 01:55:00,5489.0,5490.0,5490.0,5489.0,5491.0,5491.0,5491.0,5490.0,6
2016-08-04 01:55:00,2016-08-04 01:56:00,5490.0,5488.0,5490.0,5487.0,5491.0,5489.0,5491.0,5489.0,12
2016-08-04 01:56:00,2016-08-04 02:00:00,5488.0,5485.0,5487.0,5485.0,5489.0,5487.0,5489.0,5487.0,10
2016-08-04 02:00:00,2016-08-04 02:01:00,5485.0,5487.0,5488.0,5485.0,5487.0,5489.0,5489.0,5486.0,10
2016-08-04 02:01:00,2016-08-04 02:02:00,5487.0,5486.0,5488.0,5486.0,5489.0,5487.0,5489.0,5487.0,15
2016-08-04 02:02:00,2016-08-04 02:03:00,5486.0,5487.0,5488.0,5485.0,5487.0,5488.0,5489.0,5487.0,15
2016-08-04 02:03:00,2016-08-04 02:05:00,5487.0,5486.0,5488.0,5486.0,5489.0,5487.0,5489.0,5487.0,9
2016-08-04 02:05:00,2016-08-04 02:07:00,5486.0,5484.0,5485.0,5484.0,5487.0,5486.0,5487.0,5485.0,19
2016-08-04 02:07:00,2016-08-04 02:08:00,5484.0,5485.0,5485.0,5484.0,5486.0,5487.0,5487.0,5485.0,6
2016-08-04 02:08:00,2016-08-04 02:09:00,5485.0,5485.0,5487.0,5485.0,5487.0,5486.0,5488.0,5486.0,12
2016-08-04 02:09:00,2016-08-04 02:12:00,5485.0,5486.0,5486.0,5484.0,5487.0,5487.0,5487.0,5485.0,9
2016-08-04 02:12:00,2016-08-04 02:15:00,5485.0,5482.0,5484.0,5482.0,5486.0,5484.0,5486.0,5483.0,8
2016-08-04 02:15:00,2016-08-04 02:16:00,5482.0,5484.0,5484.0,5483.0,5484.0,5485.0,5485.0,5484.0,10
2016-08-04 02:16:00,2016-08-04 02:17:00,5484.0,5486.0,5486.0,5484.0,5485.0,5488.0,5488.0,5485.0,11
2016-08-04 02:17:00,2016-08-04 02:18:00,5486.0,5485.0,5487.0,5485.0,5488.0,5487.0,5488.0,5486.0,11
2016-08-04 02:18:00,2016-08-04 02:20:00,5485.0,5486.0,5487.0,5486.0,5487.0,5487.0,5488.0,5487.0,5
2016-08-04 02:20:00,2016-08-04 02:22:00,5486.0,5487.0,5487.0,5486.0,5487.0,5488.0,5489.0,5488.0,4
2016-08-04 02:22:00,2016-08-04 02:24:00,5487.0,5486.0,5488.0,5486.0,5488.0,5488.0,5489.0,5488.0,5
2016-08-04 02:24:00,2016-08-04 02:25:00,5486.0,5486.0,5487.0,5486.0,5488.0,5487.0,5488.0,5487.0,8
2016-08-04 02:25:00,2016-08-04 02:30:00,5486.0,5483.0,5486.0,5483.0,5487.0,5485.0,5487.0,5485.0,11
2016-08-04 02:30:00,2016-08-04 02:31:00,5483.0,5483.0,5484.0,5483.0,5485.0,5485.0,5485.0,5484.0,4
2016-08-04 02:31:00,2016-08-04 02:32:00,5483.0,5484.0,5486.0,5484.0,5485.0,5486.0,5487.0,5485.0,8
2016-08-04 02:32:00,2016-08-04 02:33:00,5484.0,5485.0,5486.0,5484.0,5486.0,5487.0,5487.0,5485.0,7
2016-08-04 02:33:00,2016-08-04 02:35:00,5485.0,5486.0,5486.0,5484.0,5486.0,5487.0,5487.0,5485.0,9
2016-08-04 02:35:00,2016-08-04 02:39:00,5485.0,5486.0,5487.0,5485.0,5487.0,5487.0,5488.0,5486.0,12
2016-08-04 02:39:00,2016-08-04 02:40:00,5486.0,5488.0,5488.0,5485.0,5487.0,5489.0,5489.0,5486.0,14
2016-08-04 02:40:00,2016-08-04 02:41:00,5488.0,5489.0,5490.0,5488.0,5489.0,5490.0,5491.0,5489.0,9
2016-08-04 02:41:00,2016-08-04 02:42:00,5489.0,5488.0,5488.0,5487.0,5490.0,5489.0,5489.0,5488.0,5
2016-08-04 02:42:00,2016-08-04 02:43:00,5488.0,5488.0,5488.0,5487.0,5489.0,5489.0,5489.0,5488.0,9
2016-08-04 02:43:00,2016-08-04 02:44:00,5488.0,5487.0,5487.0,5487.0,5489.0,5489.0,5489.0,5488.0,10
2016-08-04 02:44:00,2016-08-04 02:46:00,5488.0,5487.0,5488.0,5487.0,5490.0,5488.0,5489.0,5488.0,3
2016-08-04 02:46:00,2016-08-04 02:47:00,5487.0,5488.0,5488.0,5487.0,5488.0,5489.0,5489.0,5488.0,5
2016-08-04 02:47:00,2016-08-04 02:48:00,5488.0,5487.0,5488.0,5486.0,5489.0,5488.0,5490.0,5488.0,6
2016-08-04 02:48:00,2016-08-04 02:50:00,5487.0,5487.0,5488.0,5487.0,5489.0,5489.0,5489.0,5488.0,9
2016-08-04 02:50:00,2016-08-04 02:51:00,5487.0,5487.0,5488.0,5487.0,5489.0,5488.0,5489.0,5488.0,9
2016-08-04 02:51:00,2016-08-04 02:53:00,5487.0,5488.0,5488.0,5487.0,5488.0,5489.0,5490.0,5489.0,6
2016-08-04 02:53:00,2016-08-04 02:54:00,5488.0,5489.0,5490.0,5488.0,5489.0,5490.0,5491.0,5489.0,14
2016-08-04 02:54:00,2016-08-04 02:58:00,5489.0,5489.0,5490.0,5488.0,5490.0,5490.0,5491.0,5489.0,6
2016-08-04 02:58:00,2016-08-04 03:01:00,5489.0,5488.0,5488.0,5487.0,5490.0,5489.0,5490.0,5489.0,6
2016-08-04 03:01:00,2016-08-04 03:06:00,5488.0,5489.0,5489.0,5488.0,5490.0,5490.0,5490.0,5489.0,10
2016-08-04 03:06:00,2016-08-04 03:07:00,5489.0,5488.0,5489.0,5488.0,5490.0,5490.0,5490.0,5489.0,4
2016-08-04 03:07:00,2016-08-04 03:09:00,5490.0,5490.0,5492.0,5490.0,5491.0,5492.0,5493.0,5491.0,11
2016-08-04 03:09:00,2016-08-04 03:10:00,5490.0,5491.0,5492.0,5491.0,5492.0,5492.0,5493.0,5492.0,6
2016-08-04 03:10:00,2016-08-04 03:14:00,5492.0,5492.0,5493.0,5492.0,5493.0,5493.0,5494.0,5493.0,3
2016-08-04 03:14:00,2016-08-04 03:16:00,5491.0,5491.0,5492.0,5491.0,5492.0,5493.0,5493.0,5493.0,7
2016-08-04 03:16:00,2016-08-04 03:17:00,5491.0,5492.0,5493.0,5492.0,5493.0,5493.0,5494.0,5493.0,6
2016-08-04 03:17:00,2016-08-04 03:19:00,5492.0,5493.0,5493.0,5492.0,5494.0,5494.0,5494.0,5493.0,4
2016-08-04 03:19:00,2016-08-04 03:20:00,5493.0,5494.0,5494.0,5494.0,5494.0,5495.0,5496.0,5495.0,3
2016-08-04 03:20:00,2016-08-04 03:22:00,5494.0,5495.0,5495.0,5493.0,5495.0,5496.0,5496.0,5494.0,5
2016-08-04 03:22:00,2016-08-04 03:23:00,5495.0,5495.0,5495.0,5494.0,5496.0,5496.0,5496.0,5495.0,8
2016-08-04 03:23:00,2016-08-04 03:28:00,5494.0,5494.0,5495.0,5493.0,5496.0,5495.0,5496.0,5494.0,10
2016-08-04 03:28:00,2016-08-04 03:31:00,5495.0,5495.0,5498.0,5495.0,5497.0,5497.0,5499.0,5496.0,19
2016-08-04 03:31:00,2016-08-04 03:32:00,5495.0,5494.0,5496.0,5494.0,5497.0,5495.0,5497.0,5495.0,12
2016-08-04 03:32:00,2016-08-04 03:34:00,5494.0,5494.0,5495.0,5493.0,5496.0,5496.0,5496.0,5494.0,6
2016-08-04 03:34:00,2016-08-04 03:36:00,5495.0,5494.0,5495.0,5494.0,5496.0,5496.0,5496.0,5495.0,8
2016-08-04 03:36:00,2016-08-04 03:37:00,5494.0,5494.0,5495.0,5494.0,5496.0,5496.0,5496.0,5496.0,2
2016-08-04 03:37:00,2016-08-04 03:38:00,5494.0,5497.0,5497.0,5494.0,5496.0,5498.0,5498.0,5496.0,22
2016-08-04 03:38:00,2016-08-04 03:39:00,5497.0,5496.0,5497.0,5496.0,5498.0,5498.0,5498.0,5497.0,26
2016-08-04 03:39:00,2016-08-04 03:40:00,5496.0,5496.0,5497.0,5495.0,5498.0,5498.0,5498.0,5496.0,14
2016-08-04 03:40:00,2016-08-04 03:41:00,5496.0,5496.0,5497.0,5495.0,5498.0,5497.0,5498.0,5496.0,7
2016-08-04 03:41:00,2016-08-04 03:43:00,5496.0,5495.0,5497.0,5495.0,5497.0,5496.0,5498.0,5496.0,8
2016-08-04 03:43:00,2016-08-04 03:44:00,5495.0,5494.0,5495.0,5494.0,5496.0,5495.0,5497.0,5495.0,3
2016-08-04 03:44:00,2016-08-04 03:47:00,5493.0,5491.0,5492.0,5491.0,5494.0,5492.0,5493.0,5492.0,4
2016-08-04 03:47:00,2016-08-04 03:48:00,5491.0,5491.0,5492.0,5490.0,5492.0,5492.0,5493.0,5491.0,10
2016-08-04 03:48:00,2016-08-04 03:49:00,5491.0,5491.0,5492.0,5491.0,5492.0,5492.0,5493.0,5492.0,9
2016-08-04 03:49:00,2016-08-04 03:51:00,5490.0,5487.0,5489.0,5487.0,5491.0,5489.0,5490.0,5489.0,4
2016-08-04 03:51:00,2016-08-04 03:52:00,5487.0,5488.0,5489.0,5487.0,5489.0,5489.0,5490.0,5488.0,12
2016-08-04 03:52:00,2016-08-04 03:56:00,5488.0,5487.0,5489.0,5487.0,5489.0,5489.0,5490.0,5489.0,8
2016-08-04 03:56:00,2016-08-04 03:57:00,5487.0,5488.0,5488.0,5486.0,5489.0,5489.0,5489.0,5487.0,9
2016-08-04 03:57:00,2016-08-04 04:09:00,5485.0,5484.0,5486.0,5482.0,5486.0,5486.0,5487.0,5485.0,15
2016-08-04 04:09:00,2016-08-04 04:12:00,5484.0,5484.0,5485.0,5482.0,5486.0,5485.0,5488.0,5485.0,5
2016-08-04 04:12:00,2016-08-04 04:13:00,5484.0,5483.0,5484.0,5482.0,5485.0,5485.0,5485.0,5483.0,10
2016-08-04 04:13:00,2016-08-04 04:16:00,5485.0,5485.0,5486.0,5485.0,5486.0,5487.0,5487.0,5486.0,7
2016-08-04 04:16:00,2016-08-04 04:18:00,5485.0,5485.0,5485.0,5484.0,5486.0,5487.0,5487.0,5485.0,5
2016-08-04 04:18:00,2016-08-04 04:19:00,5485.0,5485.0,5486.0,5485.0,5487.0,5487.0,5487.0,5486.0,11
2016-08-04 04:19:00,2016-08-04 04:21:00,5485.0,5483.0,5484.0,5483.0,5486.0,5486.0,5486.0,5485.0,3
2016-08-04 04:21:00,2016-08-04 04:22:00,5483.0,5484.0,5484.0,5484.0,5486.0,5485.0,5485.0,5485.0,1
2016-08-04 04:22:00,2016-08-04 04:23:00,5484.0,5486.0,5486.0,5485.0,5485.0,5487.0,5487.0,5486.0,5
2016-08-04 04:23:00,2016-08-04 04:24:00,5486.0,5486.0,5487.0,5484.0,5487.0,5487.0,5488.0,5487.0,13
2016-08-04 04:24:00,2016-08-04 04:25:00,5486.0,5486.0,5488.0,5486.0,5487.0,5487.0,5489.0,5487.0,9
2016-08-04 04:25:00,2016-08-04 04:28:00,5488.0,5487.0,5489.0,5487.0,5489.0,5488.0,5490.0,5488.0,13
2016-08-04 04:28:00,2016-08-04 04:29:00,5487.0,5489.0,5489.0,5487.0,5488.0,5490.0,5490.0,5488.0,15
2016-08-04 04:29:00,2016-08-04 04:31:00,5489.0,5488.0,5489.0,5488.0,5490.0,5490.0,5490.0,5489.0,5
2016-08-04 04:31:00,2016-08-04 04:32:00,5488.0,5488.0,5489.0,5487.0,5490.0,5489.0,5490.0,5488.0,10
2016-08-04 04:32:00,2016-08-04 04:36:00,5487.0,5489.0,5490.0,5485.0,5488.0,5490.0,5491.0,5488.0,13
2016-08-04 04:36:00,2016-08-04 04:39:00,5489.0,5491.0,5491.0,5490.0,5490.0,5492.0,5492.0,5491.0,10
2016-08-04 04:39:00,2016-08-04 04:41:00,5490.0,5491.0,5491.0,5489.0,5492.0,5492.0,5492.0,5490.0,17
2016-08-04 04:41:00,2016-08-04 04:43:00,5491.0,5491.0,5491.0,5490.0,5492.0,5492.0,5492.0,5491.0,8
2016-08-04 04:43:00,2016-08-04 04:45:00,5490.0,5490.0,5491.0,5490.0,5491.0,5492.0,5493.0,5492.0,7
2016-08-04 04:45:00,2016-08-04 04:46:00,5490.0,5489.0,5490.0,5489.0,5492.0,5490.0,5491.0,5490.0,6
2016-08-04 04:46:00,2016-08-04 04:47:00,5489.0,5490.0,5490.0,5489.0,5490.0,5491.0,5491.0,5490.0,13
2016-08-04 04:47:00,2016-08-04 04:50:00,5490.0,5490.0,5491.0,5489.0,5491.0,5492.0,5492.0,5490.0,9
2016-08-04 04:50:00,2016-08-04 04:54:00,5491.0,5489.0,5490.0,5489.0,5492.0,5490.0,5492.0,5490.0,4
2016-08-04 04:54:00,2016-08-04 04:56:00,5489.0,5487.0,5488.0,5487.0,5490.0,5489.0,5490.0,5488.0,8
2016-08-04 04:56:00,2016-08-04 04:57:00,5487.0,5488.0,5489.0,5488.0,5489.0,5491.0,5491.0,5489.0,4
2016-08-04 04:57:00,2016-08-04 04:58:00,5488.0,5490.0,5490.0,5489.0,5491.0,5491.0,5491.0,5490.0,7
2016-08-04 04:58:00,2016-08-04 04:59:00,5490.0,5491.0,5492.0,5490.0,5491.0,5493.0,5493.0,5492.0,9
2016-08-04 04:59:00,2016-08-04 05:00:00,5491.0,5492.0,5493.0,5491.0,5493.0,5494.0,5494.0,5492.0,18
2016-08-04 05:00:00,2016-08-04 05:01:00,5492.0,5492.0,5493.0,5491.0,5494.0,5494.0,5494.0,5492.0,15
2016-08-04 05:01:00,2016-08-04 05:02:00,5492.0,5496.0,5496.0,5493.0,5494.0,5497.0,5497.0,5494.0,20
2016-08-04 05:02:00,2016-08-04 05:03:00,5496.0,5497.0,5497.0,5495.0,5497.0,5498.0,5499.0,5496.0,26
2016-08-04 05:03:00,2016-08-04 05:05:00,5495.0,5494.0,5495.0,5494.0,5496.0,5495.0,5496.0,5495.0,9
2016-08-04 05:05:00,2016-08-04 05:06:00,5494.0,5494.0,5495.0,5492.0,5495.0,5496.0,5496.0,5493.0,20
2016-08-04 05:06:00,2016-08-04 05:07:00,5494.0,5492.0,5494.0,5492.0,5496.0,5493.0,5495.0,5493.0,13
2016-08-04 05:07:00,2016-08-04 05:09:00,5492.0,5491.0,5493.0,5491.0,5493.0,5494.0,5494.0,5493.0,4
2016-08-04 05:09:00,2016-08-04 05:10:00,5491.0,5491.0,5493.0,5491.0,5494.0,5492.0,5494.0,5492.0,16
2016-08-04 05:10:00,2016-08-04 05:11:00,5491.0,5489.0,5491.0,5489.0,5492.0,5490.0,5492.0,5490.0,15
2016-08-04 05:11:00,2016-08-04 05:12:00,5489.0,5491.0,5491.0,5489.0,5490.0,5492.0,5493.0,5491.0,11
2016-08-04 05:12:00,2016-08-04 05:13:00,5491.0,5491.0,5492.0,5491.0,5492.0,5492.0,5493.0,5492.0,10
2016-08-04 05:13:00,2016-08-04 05:14:00,5491.0,5489.0,5490.0,5488.0,5492.0,5490.0,5492.0,5489.0,17
2016-08-04 05:14:00,2016-08-04 05:18:00,5489.0,5490.0,5491.0,5489.0,5490.0,5492.0,5492.0,5490.0,25
2016-08-04 05:18:00,2016-08-04 05:19:00,5490.0,5490.0,5491.0,5490.0,5492.0,5491.0,5492.0,5491.0,6
2016-08-04 05:19:00,2016-08-04 05:21:00,5490.0,5488.0,5490.0,5488.0,5491.0,5489.0,5491.0,5489.0,13
2016-08-04 05:21:00,2016-08-04 05:23:00,5487.0,5487.0,5488.0,5487.0,5488.0,5489.0,5489.0,5488.0,10
2016-08-04 05:23:00,2016-08-04 05:24:00,5487.0,5488.0,5488.0,5486.0,5489.0,5489.0,5491.0,5489.0,3
2016-08-04 05:24:00,2016-08-04 05:28:00,5487.0,5487.0,5488.0,5487.0,5489.0,5489.0,5489.0,5488.0,4
2016-08-04 05:28:00,2016-08-04 05:29:00,5487.0,5486.0,5487.0,5486.0,5489.0,5488.0,5489.0,5488.0,4
2016-08-04 05:29:00,2016-08-04 05:30:00,5486.0,5485.0,5487.0,5485.0,5488.0,5487.0,5488.0,5486.0,14
2016-08-04 05:30:00,2016-08-04 05:33:00,5485.0,5484.0,5484.0,5483.0,5486.0,5485.0,5485.0,5484.0,7
2016-08-04 05:33:00,2016-08-04 05:34:00,5484.0,5484.0,5485.0,5483.0,5485.0,5485.0,5486.0,5484.0,8
2016-08-04 05:34:00,2016-08-04 05:36:00,5484.0,5484.0,5484.0,5483.0,5485.0,5485.0,5486.0,5484.0,4
2016-08-04 05:36:00,2016-08-04 05:37:00,5484.0,5483.0,5485.0,5483.0,5485.0,5485.0,5486.0,5485.0,9
2016-08-04 05:37:00,2016-08-04 05:38:00,5483.0,5484.0,5484.0,5483.0,5485.0,5485.0,5485.0,5484.0,20
2016-08-04 05:38:00,2016-08-04 05:39:00,5484.0,5483.0,5484.0,5483.0,5485.0,5484.0,5486.0,5484.0,7
2016-08-04 05:39:00,2016-08-04 05:41:00,5482.0,5483.0,5484.0,5482.0,5484.0,5485.0,5485.0,5483.0,9
2016-08-04 05:41:00,2016-08-04 05:42:00,5483.0,5486.0,5486.0,5483.0,5485.0,5487.0,5487.0,5484.0,11
2016-08-04 05:42:00,2016-08-04 05:43:00,5486.0,5486.0,5487.0,5486.0,5487.0,5487.0,5489.0,5487.0,29
2016-08-04 05:43:00,2016-08-04 05:44:00,5486.0,5486.0,5487.0,5486.0,5487.0,5488.0,5488.0,5487.0,10
2016-08-04 05:44:00,2016-08-04 05:45:00,5486.0,5488.0,5488.0,5486.0,5488.0,5489.0,5489.0,5487.0,13
2016-08-04 05:45:00,2016-08-04 05:46:00,5488.0,5489.0,5489.0,5487.0,5489.0,5490.0,5491.0,5489.0,9
2016-08-04 05:46:00,2016-08-04 05:47:00,5489.0,5489.0,5490.0,5489.0,5490.0,5490.0,5491.0,5490.0,8
2016-08-04 05:47:00,2016-08-04 05:48:00,5489.0,5489.0,5490.0,5488.0,5490.0,5491.0,5491.0,5489.0,7
2016-08-04 05:48:00,2016-08-04 05:50:00,5490.0,5489.0,5491.0,5489.0,5491.0,5490.0,5492.0,5490.0,11
2016-08-04 05:50:00,2016-08-04 05:53:00,5488.0,5486.0,5487.0,5486.0,5489.0,5488.0,5489.0,5487.0,8
2016-08-04 05:53:00,2016-08-04 05:54:00,5486.0,5485.0,5487.0,5485.0,5488.0,5486.0,5488.0,5486.0,6
2016-08-04 05:54:00,2016-08-04 05:57:00,5484.0,5485.0,5485.0,5483.0,5485.0,5486.0,5486.0,5484.0,11
2016-08-04 05:57:00,2016-08-04 05:58:00,5485.0,5484.0,5485.0,5484.0,5486.0,5486.0,5488.0,5485.0,8
2016-08-04 05:58:00,2016-08-04 05:59:00,5484.0,5485.0,5485.0,5484.0,5486.0,5486.0,5486.0,5485.0,35
2016-08-04 05:59:00,2016-08-04 06:00:00,5485.0,5486.0,5489.0,5484.0,5486.0,5487.0,5490.0,5485.0,69
2016-08-04 06:00:00,2016-08-04 06:01:00,5486.0,5486.0,5488.0,5486.0,5487.0,5487.0,5489.0,5487.0,18
2016-08-04 06:01:00,2016-08-04 06:02:00,5486.0,5484.0,5486.0,5483.0,5487.0,5485.0,5487.0,5485.0,18
2016-08-04 06:02:00,2016-08-04 06:03:00,5484.0,5484.0,5484.0,5482.0,5485.0,5485.0,5485.0,5483.0,11
2016-08-04 06:03:00,2016-08-04 06:04:00,5484.0,5483.0,5484.0,5483.0,5485.0,5485.0,5485.0,5484.0,17
2016-08-04 06:04:00,2016-08-04 06:05:00,5483.0,5483.0,5484.0,5483.0,5485.0,5485.0,5485.0,5484.0,14
2016-08-04 06:05:00,2016-08-04 06:06:00,5483.0,5482.0,5485.0,5481.0,5485.0,5483.0,5486.0,5482.0,13
2016-08-04 06:06:00,2016-08-04 06:07:00,5482.0,5481.0,5482.0,5481.0,5483.0,5483.0,5483.0,5482.0,25
2016-08-04 06:07:00,2016-08-04 06:08:00,5481.0,5478.0,5481.0,5478.0,5483.0,5479.0,5482.0,5479.0,49
2016-08-04 06:08:00,2016-08-04 06:09:00,5478.0,5481.0,5481.0,5478.0,5479.0,5482.0,5482.0,5479.0,32
2016-08-04 06:09:00,2016-08-04 06:10:00,5481.0,5479.0,5484.0,5479.0,5482.0,5480.0,5485.0,5480.0,42
2016-08-04 06:10:00,2016-08-04 06:11:00,5479.0,5479.0,5480.0,5479.0,5480.0,5480.0,5481.0,5480.0,13
2016-08-04 06:11:00,2016-08-04 06:12:00,5479.0,5481.0,5481.0,5478.0,5480.0,5482.0,5482.0,5480.0,8
2016-08-04 06:12:00,2016-08-04 06:13:00,5481.0,5480.0,5483.0,5480.0,5482.0,5482.0,5484.0,5481.0,11
2016-08-04 06:13:00,2016-08-04 06:14:00,5480.0,5479.0,5480.0,5479.0,5482.0,5481.0,5482.0,5480.0,7
2016-08-04 06:14:00,2016-08-04 06:15:00,5479.0,5478.0,5479.0,5478.0,5481.0,5479.0,5480.0,5479.0,5
2016-08-04 06:15:00,2016-08-04 06:16:00,5478.0,5479.0,5481.0,5478.0,5479.0,5480.0,5482.0,5480.0,15
2016-08-04 06:16:00,2016-08-04 06:17:00,5479.0,5480.0,5480.0,5479.0,5480.0,5481.0,5481.0,5480.0,4
2016-08-04 06:17:00,2016-08-04 06:18:00,5480.0,5480.0,5481.0,5480.0,5481.0,5481.0,5482.0,5481.0,5
2016-08-04 06:18:00,2016-08-04 06:20:00,5480.0,5479.0,5480.0,5479.0,5482.0,5480.0,5481.0,5480.0,10
2016-08-04 06:20:00,2016-08-04 06:21:00,5479.0,5480.0,5480.0,5479.0,5480.0,5482.0,5482.0,5480.0,8
2016-08-04 06:21:00,2016-08-04 06:22:00,5480.0,5483.0,5483.0,5479.0,5482.0,5484.0,5484.0,5482.0,19
2016-08-04 06:22:00,2016-08-04 06:23:00,5483.0,5483.0,5484.0,5483.0,5484.0,5484.0,5485.0,5484.0,7
2016-08-04 06:23:00,2016-08-04 06:24:00,5483.0,5485.0,5486.0,5482.0,5484.0,5486.0,5487.0,5485.0,9
2016-08-04 06:24:00,2016-08-04 06:25:00,5485.0,5487.0,5487.0,5485.0,5486.0,5488.0,5488.0,5486.0,21
2016-08-04 06:25:00,2016-08-04 06:26:00,5487.0,5485.0,5486.0,5485.0,5488.0,5487.0,5487.0,5487.0,2
2016-08-04 06:26:00,2016-08-04 06:27:00,5485.0,5486.0,5486.0,5485.0,5487.0,5487.0,5487.0,5487.0,3
2016-08-04 06:27:00,2016-08-04 06:29:00,5487.0,5486.0,5487.0,5486.0,5488.0,5487.0,5488.0,5487.0,8
2016-08-04 06:29:00,2016-08-04 07:11:00,5486.0,5489.0,5489.0,5487.0,5487.0,5490.0,5492.0,5490.0,2
2016-08-04 07:11:00,2016-08-04 07:13:00,5490.0,5491.0,5491.0,5490.0,5491.0,5492.0,5493.0,5492.0,8
2016-08-04 07:13:00,2016-08-04 07:15:00,5489.0,5488.0,5489.0,5487.0,5491.0,5489.0,5492.0,5488.0,13
2016-08-04 07:15:00,2016-08-04 07:19:00,5487.0,5487.0,5487.0,5486.0,5488.0,5489.0,5489.0,5487.0,7
2016-08-04 07:19:00,2016-08-04 07:20:00,5487.0,5489.0,5490.0,5487.0,5489.0,5491.0,5491.0,5489.0,16
2016-08-04 07:20:00,2016-08-04 07:21:00,5489.0,5491.0,5491.0,5489.0,5491.0,5492.0,5492.0,5490.0,5
2016-08-04 07:21:00,2016-08-04 07:22:00,5491.0,5490.0,5490.0,5490.0,5492.0,5491.0,5492.0,5491.0,6
2016-08-04 07:22:00,2016-08-04 07:23:00,5490.0,5488.0,5489.0,5488.0,5491.0,5490.0,5491.0,5490.0,12
2016-08-04 07:23:00,2016-08-04 07:24:00,5488.0,5486.0,5488.0,5485.0,5490.0,5487.0,5489.0,5487.0,8
2016-08-04 07:24:00,2016-08-04 07:25:00,5486.0,5487.0,5487.0,5486.0,5487.0,5488.0,5488.0,5487.0,8
2016-08-04 07:25:00,2016-08-04 07:28:00,5486.0,5487.0,5487.0,5485.0,5488.0,5488.0,5489.0,5487.0,7
2016-08-04 07:28:00,2016-08-04 07:29:00,5487.0,5485.0,5486.0,5485.0,5488.0,5487.0,5488.0,5486.0,7
2016-08-04 07:29:00,2016-08-04 07:30:00,5485.0,5483.0,5485.0,5483.0,5487.0,5484.0,5487.0,5484.0,19
2016-08-04 07:30:00,2016-08-04 07:31:00,5483.0,5482.0,5482.0,5481.0,5484.0,5483.0,5484.0,5482.0,6
2016-08-04 07:31:00,2016-08-04 07:32:00,5482.0,5482.0,5483.0,5482.0,5483.0,5484.0,5484.0,5483.0,8
2016-08-04 07:32:00,2016-08-04 07:33:00,5482.0,5483.0,5483.0,5483.0,5484.0,5485.0,5485.0,5484.0,6
2016-08-04 07:33:00,2016-08-04 07:34:00,5483.0,5484.0,5484.0,5482.0,5485.0,5485.0,5485.0,5483.0,10
2016-08-04 07:34:00,2016-08-04 07:35:00,5484.0,5485.0,5485.0,5483.0,5485.0,5486.0,5487.0,5484.0,10
2016-08-04 07:35:00,2016-08-04 07:36:00,5485.0,5484.0,5484.0,5483.0,5486.0,5485.0,5486.0,5485.0,12
2016-08-04 07:36:00,2016-08-04 07:38:00,5483.0,5485.0,5485.0,5482.0,5485.0,5486.0,5487.0,5486.0,4
2016-08-04 07:38:00,2016-08-04 07:39:00,5485.0,5485.0,5486.0,5483.0,5486.0,5486.0,5487.0,5484.0,17
2016-08-04 07:39:00,2016-08-04 07:40:00,5485.0,5485.0,5485.0,5483.0,5486.0,5486.0,5487.0,5485.0,11
2016-08-04 07:40:00,2016-08-04 07:41:00,5485.0,5482.0,5484.0,5482.0,5486.0,5484.0,5486.0,5483.0,5
2016-08-04 07:41:00,2016-08-04 07:42:00,5482.0,5479.0,5483.0,5478.0,5484.0,5480.0,5484.0,5480.0,18
2016-08-04 07:42:00,2016-08-04 07:44:00,5479.0,5478.0,5479.0,5477.0,5480.0,5479.0,5480.0,5479.0,7
2016-08-04 07:44:00,2016-08-04 07:45:00,5478.0,5477.0,5478.0,5477.0,5479.0,5478.0,5480.0,5478.0,11
2016-08-04 07:45:00,2016-08-04 07:46:00,5477.0,5477.0,5478.0,5476.0,5478.0,5478.0,5479.0,5477.0,9
2016-08-04 07:46:00,2016-08-04 07:49:00,5477.0,5478.0,5478.0,5478.0,5479.0,5479.0,5480.0,5479.0,3
2016-08-04 07:49:00,2016-08-04 07:52:00,5478.0,5477.0,5478.0,5476.0,5479.0,5481.0,5481.0,5478.0,10
2016-08-04 07:52:00,2016-08-04 07:53:00,5477.0,5482.0,5483.0,5478.0,5481.0,5483.0,5484.0,5480.0,20
2016-08-04 07:53:00,2016-08-04 07:54:00,5482.0,5482.0,5482.0,5481.0,5483.0,5484.0,5484.0,5483.0,13
2016-08-04 07:54:00,2016-08-04 07:55:00,5482.0,5482.0,5482.0,5481.0,5484.0,5484.0,5484.0,5482.0,11
2016-08-04 07:55:00,2016-08-04 07:57:00,5482.0,5484.0,5485.0,5482.0,5483.0,5485.0,5486.0,5484.0,9
2016-08-04 07:57:00,2016-08-04 07:59:00,5484.0,5484.0,5485.0,5484.0,5486.0,5485.0,5486.0,5485.0,5
2016-08-04 07:59:00,2016-08-04 08:00:00,5484.0,5482.0,5484.0,5482.0,5485.0,5484.0,5486.0,5483.0,6
2016-08-04 08:00:00,2016-08-04 08:03:00,5483.0,5484.0,5484.0,5482.0,5484.0,5485.0,5485.0,5484.0,12
2016-08-04 08:03:00,2016-08-04 08:04:00,5484.0,5484.0,5485.0,5483.0,5485.0,5486.0,5486.0,5484.0,14
2016-08-04 08:04:00,2016-08-04 08:05:00,5484.0,5483.0,5485.0,5483.0,5486.0,5485.0,5486.0,5484.0,15
2016-08-04 08:05:00,2016-08-04 08:06:00,5483.0,5483.0,5485.0,5483.0,5485.0,5485.0,5486.0,5485.0,4
2016-08-04 08:06:00,2016-08-04 08:08:00,5483.0,5483.0,5484.0,5482.0,5485.0,5485.0,5485.0,5484.0,6
2016-08-04 08:08:00,2016-08-04 08:11:00,5485.0,5484.0,5484.0,5484.0,5486.0,5486.0,5486.0,5485.0,9
2016-08-04 08:11:00,2016-08-04 08:12:00,5484.0,5485.0,5486.0,5485.0,5486.0,5486.0,5487.0,5486.0,5
2016-08-04 08:12:00,2016-08-04 08:14:00,5486.0,5485.0,5486.0,5485.0,5487.0,5486.0,5488.0,5486.0,6
2016-08-04 08:14:00,2016-08-04 08:15:00,5485.0,5486.0,5486.0,5485.0,5486.0,5487.0,5487.0,5486.0,8
2016-08-04 08:15:00,2016-08-04 08:16:00,5486.0,5486.0,5486.0,5485.0,5487.0,5488.0,5488.0,5487.0,3
2016-08-04 08:16:00,2016-08-04 08:17:00,5486.0,5485.0,5486.0,5485.0,5488.0,5487.0,5488.0,5486.0,11
2016-08-04 08:17:00,2016-08-04 08:19:00,5485.0,5484.0,5485.0,5484.0,5486.0,5485.0,5486.0,5485.0,5
2016-08-04 08:19:00,2016-08-04 08:21:00,5484.0,5485.0,5485.0,5484.0,5485.0,5487.0,5487.0,5486.0,2
2016-08-04 08:21:00,2016-08-04 08:22:00,5485.0,5486.0,5487.0,5486.0,5487.0,5487.0,5488.0,5487.0,13
2016-08-04 08:22:00,2016-08-04 08:26:00,5486.0,5487.0,5487.0,5485.0,5488.0,5488.0,5488.0,5487.0,5
2016-08-04 08:26:00,2016-08-04 08:28:00,5486.0,5487.0,5487.0,5487.0,5489.0,5489.0,5489.0,5488.0,4
2016-08-04 08:28:00,2016-08-04 08:30:00,5487.0,5488.0,5488.0,5486.0,5488.0,5490.0,5490.0,5488.0,8
2016-08-04 08:30:00,2016-08-04 08:31:00,5488.0,5487.0,5488.0,5487.0,5490.0,5489.0,5490.0,5488.0,5
2016-08-04 08:31:00,2016-08-04 08:43:00,5487.0,5487.0,5487.0,5486.0,5488.0,5489.0,5489.0,5488.0,3
2016-08-04 08:43:00,2016-08-04 08:44:00,5487.0,5489.0,5489.0,5488.0,5489.0,5490.0,5490.0,5489.0,2
2016-08-04 08:44:00,2016-08-04 08:45:00,5489.0,5487.0,5488.0,5487.0,5490.0,5489.0,5490.0,5489.0,4
2016-08-04 08:45:00,2016-08-04 08:48:00,5487.0,5487.0,5487.0,5486.0,5489.0,5488.0,5488.0,5488.0,3
2016-08-04 08:48:00,2016-08-04 08:52:00,5485.0,5484.0,5484.0,5484.0,5487.0,5488.0,5488.0,5488.0,1
2016-08-04 08:52:00,2016-08-04 08:53:00,5484.0,5484.0,5485.0,5484.0,5488.0,5486.0,5487.0,5486.0,2
2016-08-04 08:53:00,2016-08-04 08:56:00,5483.0,5484.0,5484.0,5484.0,5487.0,5486.0,5486.0,5486.0,1
2016-08-04 08:56:00,2016-08-04 09:05:00,5484.0,5484.0,5484.0,5483.0,5486.0,5485.0,5487.0,5485.0,3
2016-08-04 09:05:00,2016-08-04 09:07:00,5482.0,5482.0,5483.0,5480.0,5483.0,5484.0,5485.0,5484.0,6
2016-08-04 09:07:00,2016-08-04 09:11:00,5482.0,5479.0,5481.0,5479.0,5483.0,5481.0,5483.0,5480.0,10
2016-08-04 09:11:00,2016-08-04 09:12:00,5479.0,5480.0,5480.0,5480.0,5481.0,5482.0,5482.0,5481.0,5
2016-08-04 09:12:00,2016-08-04 09:16:00,5482.0,5482.0,5483.0,5481.0,5483.0,5484.0,5484.0,5483.0,5
2016-08-04 09:16:00,2016-08-04 09:20:00,5483.0,5482.0,5482.0,5481.0,5484.0,5484.0,5486.0,5483.0,6
2016-08-04 09:20:00,2016-08-04 09:30:00,5484.0,5482.0,5483.0,5482.0,5485.0,5484.0,5485.0,5484.0,7
2016-08-04 09:30:00,2016-08-04 09:31:00,5482.0,5481.0,5483.0,5481.0,5484.0,5485.0,5485.0,5484.0,4
2016-08-04 09:31:00,2016-08-04 09:35:00,5482.0,5482.0,5482.0,5482.0,5484.0,5484.0,5485.0,5484.0,2
2016-08-04 09:35:00,2016-08-04 09:39:00,5482.0,5482.0,5483.0,5482.0,5484.0,5485.0,5485.0,5485.0,2
2016-08-04 09:39:00,2016-08-04 09:40:00,5482.0,5482.0,5482.0,5482.0,5485.0,5484.0,5484.0,5483.0,4
2016-08-04 09:40:00,2016-08-04 09:42:00,5482.0,5482.0,5482.0,5481.0,5484.0,5485.0,5486.0,5485.0,3
2016-08-04 09:42:00,2016-08-04 09:43:00,5482.0,5483.0,5483.0,5483.0,5485.0,5485.0,5485.0,5485.0,1
2016-08-04 09:43:00,2016-08-04 09:46:00,5483.0,5483.0,5485.0,5483.0,5485.0,5485.0,5486.0,5485.0,6
2016-08-04 09:46:00,2016-08-04 09:49:00,5483.0,5484.0,5485.0,5484.0,5485.0,5486.0,5486.0,5485.0,3
2016-08-04 09:49:00,2016-08-04 09:51:00,5485.0,5484.0,5484.0,5484.0,5486.0,5486.0,5486.0,5485.0,3
2016-08-04 09:51:00,2016-08-04 10:08:00,5486.0,5484.0,5485.0,5484.0,5487.0,5486.0,5487.0,5486.0,3
2016-08-04 10:08:00,2016-08-04 10:09:00,5484.0,5482.0,5482.0,5482.0,5486.0,5488.0,5488.0,5488.0,1
2016-08-04 10:09:00,2016-08-04 10:11:00,5482.0,5484.0,5484.0,5484.0,5488.0,5486.0,5486.0,5486.0,1
2016-08-04 10:11:00,2016-08-04 10:14:00,5483.0,5481.0,5483.0,5481.0,5485.0,5483.0,5484.0,5483.0,4
2016-08-04 10:14:00,2016-08-04 10:23:00,5481.0,5481.0,5482.0,5481.0,5483.0,5483.0,5483.0,5483.0,2
2016-08-04 10:23:00,2016-08-04 10:25:00,5481.0,5479.0,5481.0,5479.0,5482.0,5481.0,5482.0,5480.0,13
2016-08-04 10:25:00,2016-08-04 10:30:00,5480.0,5479.0,5479.0,5478.0,5481.0,5480.0,5481.0,5480.0,2
2016-08-04 10:30:00,2016-08-04 10:32:00,5479.0,5479.0,5480.0,5479.0,5480.0,5481.0,5482.0,5481.0,6
2016-08-04 10:32:00,2016-08-04 10:34:00,5480.0,5480.0,5480.0,5478.0,5481.0,5481.0,5483.0,5481.0,2
2016-08-04 10:34:00,2016-08-04 10:37:00,5479.0,5478.0,5479.0,5478.0,5481.0,5480.0,5480.0,5479.0,4
2016-08-04 10:37:00,2016-08-04 10:40:00,5479.0,5479.0,5479.0,5478.0,5480.0,5480.0,5480.0,5479.0,10
2016-08-04 10:40:00,2016-08-04 10:43:00,5479.0,5480.0,5480.0,5479.0,5480.0,5482.0,5483.0,5481.0,4
2016-08-04 10:43:00,2016-08-04 10:45:00,5482.0,5482.0,5483.0,5480.0,5483.0,5484.0,5484.0,5482.0,12
2016-08-04 10:45:00,2016-08-04 10:46:00,5482.0,5483.0,5484.0,5481.0,5484.0,5485.0,5485.0,5484.0,7
2016-08-04 10:46:00,2016-08-04 10:50:00,5484.0,5484.0,5485.0,5483.0,5485.0,5485.0,5486.0,5484.0,6
2016-08-04 10:50:00,2016-08-04 10:51:00,5484.0,5485.0,5485.0,5484.0,5485.0,5487.0,5487.0,5486.0,5
2016-08-04 10:51:00,2016-08-04 10:52:00,5485.0,5484.0,5485.0,5484.0,5487.0,5486.0,5487.0,5486.0,4
2016-08-04 10:52:00,2016-08-04 10:56:00,5484.0,5485.0,5485.0,5482.0,5486.0,5486.0,5488.0,5486.0,3
2016-08-04 10:56:00,2016-08-04 10:58:00,5485.0,5485.0,5485.0,5484.0,5486.0,5486.0,5487.0,5486.0,2
2016-08-04 10:58:00,2016-08-04 10:59:00,5485.0,5484.0,5486.0,5484.0,5486.0,5487.0,5488.0,5487.0,6
2016-08-04 10:59:00,2016-08-04 11:00:00,5484.0,5490.0,5494.0,5484.0,5487.0,5491.0,5496.0,5487.0,91
2016-08-04 11:00:00,2016-08-04 11:01:00,5490.0,5489.0,5491.0,5485.0,5491.0,5491.0,5492.0,5487.0,51
2016-08-04 11:01:00,2016-08-04 11:02:00,5489.0,5491.0,5491.0,5488.0,5491.0,5492.0,5492.0,5490.0,19
2016-08-04 11:02:00,2016-08-04 11:03:00,5491.0,5490.0,5490.0,5490.0,5492.0,5493.0,5493.0,5492.0,4
2016-08-04 11:03:00,2016-08-04 11:04:00,5490.0,5496.0,5496.0,5491.0,5493.0,5497.0,5497.0,5493.0,50
2016-08-04 11:04:00,2016-08-04 11:05:00,5496.0,5496.0,5497.0,5494.0,5497.0,5497.0,5499.0,5495.0,39
2016-08-04 11:05:00,2016-08-04 11:06:00,5496.0,5497.0,5499.0,5496.0,5497.0,5498.0,5500.0,5498.0,12
2016-08-04 11:06:00,2016-08-04 11:07:00,5497.0,5496.0,5497.0,5495.0,5498.0,5498.0,5498.0,5497.0,10
2016-08-04 11:07:00,2016-08-04 11:08:00,5496.0,5495.0,5495.0,5494.0,5498.0,5497.0,5498.0,5496.0,6
2016-08-04 11:08:00,2016-08-04 11:10:00,5495.0,5493.0,5495.0,5493.0,5497.0,5495.0,5496.0,5495.0,6
2016-08-04 11:10:00,2016-08-04 11:11:00,5493.0,5493.0,5493.0,5492.0,5495.0,5495.0,5496.0,5495.0,2
2016-08-04 11:11:00,2016-08-04 11:12:00,5493.0,5492.0,5493.0,5492.0,5495.0,5494.0,5494.0,5493.0,5
2016-08-04 11:12:00,2016-08-04 11:14:00,5493.0,5498.0,5498.0,5492.0,5494.0,5500.0,5500.0,5495.0,14
2016-08-04 11:14:00,2016-08-04 11:16:00,5500.0,5499.0,5501.0,5498.0,5501.0,5500.0,5502.0,5500.0,12
2016-08-04 11:16:00,2016-08-04 11:17:00,5499.0,5497.0,5499.0,5497.0,5500.0,5499.0,5500.0,5499.0,12
2016-08-04 11:17:00,2016-08-04 11:18:00,5497.0,5497.0,5498.0,5497.0,5499.0,5498.0,5499.0,5498.0,10
2016-08-04 11:18:00,2016-08-04 11:19:00,5497.0,5497.0,5498.0,5496.0,5498.0,5498.0,5499.0,5497.0,16
2016-08-04 11:19:00,2016-08-04 11:20:00,5497.0,5497.0,5498.0,5496.0,5498.0,5498.0,5499.0,5498.0,24
2016-08-04 11:20:00,2016-08-04 11:21:00,5497.0,5497.0,5498.0,5496.0,5498.0,5499.0,5500.0,5499.0,9
2016-08-04 11:21:00,2016-08-04 11:22:00,5497.0,5497.0,5498.0,5497.0,5499.0,5499.0,5499.0,5498.0,21
2016-08-04 11:22:00,2016-08-04 11:23:00,5497.0,5498.0,5498.0,5497.0,5499.0,5499.0,5500.0,5499.0,3
2016-08-04 11:23:00,2016-08-04 11:24:00,5498.0,5502.0,5502.0,5498.0,5499.0,5503.0,5503.0,5500.0,22
2016-08-04 11:24:00,2016-08-04 11:25:00,5502.0,5504.0,5504.0,5502.0,5503.0,5505.0,5505.0,5504.0,6
2016-08-04 11:25:00,2016-08-04 11:26:00,5504.0,5501.0,5504.0,5500.0,5505.0,5503.0,5505.0,5502.0,20
2016-08-04 11:26:00,2016-08-04 11:27:00,5501.0,5501.0,5501.0,5500.0,5503.0,5502.0,5503.0,5502.0,10
2016-08-04 11:27:00,2016-08-04 11:28:00,5501.0,5499.0,5500.0,5499.0,5502.0,5500.0,5502.0,5500.0,6
2016-08-04 11:28:00,2016-08-04 11:29:00,5499.0,5499.0,5500.0,5499.0,5500.0,5501.0,5501.0,5500.0,11
2016-08-04 11:29:00,2016-08-04 11:30:00,5499.0,5501.0,5502.0,5499.0,5501.0,5502.0,5503.0,5500.0,27
2016-08-04 11:30:00,2016-08-04 11:31:00,5501.0,5501.0,5502.0,5499.0,5502.0,5502.0,5503.0,5501.0,13
2016-08-04 11:31:00,2016-08-04 11:32:00,5501.0,5501.0,5502.0,5500.0,5502.0,5503.0,5503.0,5501.0,22
2016-08-04 11:32:00,2016-08-04 11:33:00,5501.0,5500.0,5502.0,5500.0,5503.0,5501.0,5503.0,5501.0,24
2016-08-04 11:33:00,2016-08-04 11:34:00,5500.0,5498.0,5501.0,5498.0,5501.0,5500.0,5502.0,5500.0,25
2016-08-04 11:34:00,2016-08-04 11:35:00,5498.0,5498.0,5500.0,5498.0,5500.0,5500.0,5502.0,5499.0,17
2016-08-04 11:35:00,2016-08-04 11:36:00,5498.0,5500.0,5500.0,5498.0,5500.0,5501.0,5501.0,5500.0,15
2016-08-04 11:36:00,2016-08-04 11:37:00,5500.0,5499.0,5500.0,5499.0,5501.0,5501.0,5501.0,5500.0,9
2016-08-04 11:37:00,2016-08-04 11:38:00,5499.0,5500.0,5501.0,5499.0,5501.0,5501.0,5502.0,5500.0,13
2016-08-04 11:38:00,2016-08-04 11:39:00,5500.0,5500.0,5501.0,5499.0,5501.0,5501.0,5502.0,5500.0,25
2016-08-04 11:39:00,2016-08-04 11:40:00,5500.0,5500.0,5501.0,5499.0,5501.0,5502.0,5502.0,5501.0,16
2016-08-04 11:40:00,2016-08-04 11:42:00,5501.0,5500.0,5502.0,5500.0,5502.0,5502.0,5503.0,5501.0,7
2016-08-04 11:42:00,2016-08-04 11:43:00,5500.0,5500.0,5502.0,5500.0,5502.0,5503.0,5503.0,5502.0,6
2016-08-04 11:43:00,2016-08-04 11:44:00,5500.0,5501.0,5501.0,5501.0,5503.0,5503.0,5503.0,5503.0,1
2016-08-04 11:44:00,2016-08-04 11:45:00,5501.0,5500.0,5501.0,5500.0,5503.0,5502.0,5502.0,5502.0,2
2016-08-04 11:45:00,2016-08-04 11:46:00,5500.0,5502.0,5502.0,5499.0,5502.0,5503.0,5504.0,5502.0,7
2016-08-04 11:46:00,2016-08-04 11:47:00,5502.0,5500.0,5502.0,5500.0,5503.0,5502.0,5504.0,5502.0,5
2016-08-04 11:47:00,2016-08-04 11:48:00,5500.0,5499.0,5499.0,5498.0,5502.0,5501.0,5502.0,5501.0,4
2016-08-04 11:48:00,2016-08-04 11:54:00,5499.0,5500.0,5500.0,5500.0,5501.0,5502.0,5502.0,5502.0,1
2016-08-04 11:54:00,2016-08-04 11:55:00,5500.0,5501.0,5501.0,5500.0,5502.0,5502.0,5503.0,5502.0,4
2016-08-04 11:55:00,2016-08-04 11:56:00,5501.0,5500.0,5500.0,5500.0,5502.0,5502.0,5502.0,5502.0,1
2016-08-04 11:56:00,2016-08-04 11:58:00,5500.0,5500.0,5501.0,5499.0,5502.0,5502.0,5503.0,5501.0,6
2016-08-04 11:58:00,2016-08-04 12:00:00,5500.0,5500.0,5500.0,5499.0,5502.0,5502.0,5503.0,5502.0,2
2016-08-04 12:00:00,2016-08-04 12:02:00,5501.0,5500.0,5501.0,5500.0,5502.0,5502.0,5502.0,5502.0,3
2016-08-04 12:02:00,2016-08-04 12:03:00,5500.0,5500.0,5502.0,5500.0,5502.0,5501.0,5503.0,5501.0,5
2016-08-04 12:03:00,2016-08-04 12:04:00,5500.0,5501.0,5501.0,5500.0,5501.0,5502.0,5502.0,5501.0,9
2016-08-04 12:04:00,2016-08-04 12:05:00,5501.0,5502.0,5502.0,5501.0,5502.0,5503.0,5504.0,5503.0,7
2016-08-04 12:05:00,2016-08-04 12:06:00,5502.0,5502.0,5502.0,5501.0,5503.0,5504.0,5504.0,5503.0,11
2016-08-04 12:06:00,2016-08-04 12:07:00,5502.0,5501.0,5502.0,5501.0,5504.0,5503.0,5503.0,5503.0,2
2016-08-04 12:07:00,2016-08-04 12:09:00,5501.0,5500.0,5500.0,5500.0,5502.0,5501.0,5502.0,5501.0,4
2016-08-04 12:09:00,2016-08-04 12:14:00,5499.0,5498.0,5499.0,5498.0,5501.0,5500.0,5500.0,5500.0,2
2016-08-04 12:14:00,2016-08-04 12:15:00,5498.0,5497.0,5498.0,5497.0,5500.0,5499.0,5500.0,5499.0,4
2016-08-04 12:15:00,2016-08-04 12:16:00,5497.0,5496.0,5497.0,5495.0,5499.0,5498.0,5498.0,5496.0,16
2016-08-04 12:16:00,2016-08-04 12:17:00,5496.0,5496.0,5496.0,5495.0,5498.0,5497.0,5498.0,5497.0,7
2016-08-04 12:17:00,2016-08-04 12:18:00,5496.0,5497.0,5497.0,5495.0,5497.0,5498.0,5498.0,5497.0,5
2016-08-04 12:18:00,2016-08-04 12:19:00,5497.0,5495.0,5497.0,5495.0,5498.0,5497.0,5499.0,5496.0,12
2016-08-04 12:19:00,2016-08-04 12:20:00,5495.0,5497.0,5497.0,5496.0,5497.0,5498.0,5499.0,5497.0,13
2016-08-04 12:20:00,2016-08-04 12:22:00,5496.0,5496.0,5497.0,5496.0,5497.0,5497.0,5499.0,5497.0,10
2016-08-04 12:22:00,2016-08-04 12:23:00,5496.0,5493.0,5496.0,5493.0,5497.0,5494.0,5497.0,5494.0,20
2016-08-04 12:23:00,2016-08-04 12:25:00,5494.0,5493.0,5494.0,5492.0,5495.0,5495.0,5496.0,5494.0,9
2016-08-04 12:25:00,2016-08-04 12:26:00,5493.0,5492.0,5493.0,5492.0,5495.0,5494.0,5495.0,5493.0,7
2016-08-04 12:26:00,2016-08-04 12:27:00,5492.0,5492.0,5493.0,5492.0,5494.0,5493.0,5494.0,5493.0,9
2016-08-04 12:27:00,2016-08-04 12:28:00,5492.0,5491.0,5492.0,5491.0,5493.0,5493.0,5493.0,5492.0,4
2016-08-04 12:28:00,2016-08-04 12:29:00,5491.0,5488.0,5490.0,5486.0,5493.0,5490.0,5492.0,5488.0,17
2016-08-04 12:29:00,2016-08-04 12:30:00,5488.0,5489.0,5490.0,5487.0,5490.0,5490.0,5491.0,5489.0,12
2016-08-04 12:30:00,2016-08-04 12:31:00,5489.0,5491.0,5492.0,5489.0,5490.0,5493.0,5493.0,5491.0,9
2016-08-04 12:31:00,2016-08-04 12:32:00,5491.0,5489.0,5491.0,5488.0,5493.0,5491.0,5492.0,5490.0,8
2016-08-04 12:32:00,2016-08-04 12:34:00,5489.0,5492.0,5492.0,5490.0,5491.0,5493.0,5493.0,5492.0,8
2016-08-04 12:34:00,2016-08-04 12:36:00,5493.0,5491.0,5492.0,5491.0,5494.0,5492.0,5494.0,5492.0,5
2016-08-04 12:36:00,2016-08-04 12:39:00,5491.0,5491.0,5491.0,5489.0,5493.0,5492.0,5493.0,5491.0,11
2016-08-04 12:39:00,2016-08-04 12:40:00,5491.0,5490.0,5491.0,5489.0,5492.0,5491.0,5492.0,5491.0,8
2016-08-04 12:40:00,2016-08-04 12:41:00,5490.0,5489.0,5490.0,5488.0,5491.0,5490.0,5491.0,5490.0,8
2016-08-04 12:41:00,2016-08-04 12:42:00,5489.0,5491.0,5491.0,5489.0,5490.0,5492.0,5492.0,5490.0,5
2016-08-04 12:42:00,2016-08-04 12:44:00,5491.0,5492.0,5492.0,5491.0,5493.0,5494.0,5494.0,5492.0,6
2016-08-04 12:44:00,2016-08-04 12:45:00,5492.0,5491.0,5492.0,5491.0,5494.0,5492.0,5494.0,5492.0,5
2016-08-04 12:45:00,2016-08-04 12:48:00,5491.0,5490.0,5492.0,5490.0,5493.0,5491.0,5493.0,5491.0,6
2016-08-04 12:48:00,2016-08-04 12:50:00,5490.0,5488.0,5490.0,5488.0,5492.0,5489.0,5492.0,5489.0,7
2016-08-04 12:50:00,2016-08-04 12:54:00,5490.0,5491.0,5491.0,5490.0,5492.0,5492.0,5493.0,5491.0,8
2016-08-04 12:54:00,2016-08-04 12:57:00,5491.0,5490.0,5491.0,5490.0,5493.0,5491.0,5492.0,5491.0,3
2016-08-04 12:57:00,2016-08-04 12:58:00,5490.0,5489.0,5490.0,5489.0,5491.0,5490.0,5492.0,5490.0,6
2016-08-04 12:58:00,2016-08-04 12:59:00,5489.0,5488.0,5489.0,5488.0,5490.0,5490.0,5491.0,5490.0,3
2016-08-04 12:59:00,2016-08-04 13:00:00,5488.0,5489.0,5489.0,5487.0,5490.0,5491.0,5491.0,5489.0,8
2016-08-04 13:00:00,2016-08-04 13:03:00,5489.0,5488.0,5489.0,5488.0,5491.0,5490.0,5492.0,5489.0,9
2016-08-04 13:03:00,2016-08-04 13:04:00,5488.0,5489.0,5489.0,5489.0,5490.0,5491.0,5491.0,5490.0,2
2016-08-04 13:04:00,2016-08-04 13:13:00,5490.0,5491.0,5492.0,5490.0,5492.0,5492.0,5493.0,5492.0,6
2016-08-04 13:13:00,2016-08-04 13:15:00,5491.0,5491.0,5492.0,5490.0,5492.0,5492.0,5493.0,5492.0,5
2016-08-04 13:15:00,2016-08-04 13:22:00,5493.0,5491.0,5492.0,5491.0,5494.0,5492.0,5494.0,5492.0,6
2016-08-04 13:22:00,2016-08-04 13:25:00,5491.0,5489.0,5490.0,5489.0,5492.0,5490.0,5491.0,5490.0,3
2016-08-04 13:25:00,2016-08-04 13:26:00,5489.0,5488.0,5489.0,5488.0,5490.0,5490.0,5491.0,5489.0,6
2016-08-04 13:26:00,2016-08-04 13:27:00,5488.0,5490.0,5490.0,5489.0,5490.0,5491.0,5492.0,5491.0,4
2016-08-04 13:27:00,2016-08-04 13:28:00,5490.0,5491.0,5491.0,5489.0,5491.0,5492.0,5492.0,5490.0,7
2016-08-04 13:28:00,2016-08-04 13:29:00,5491.0,5491.0,5492.0,5491.0,5492.0,5493.0,5493.0,5492.0,3
2016-08-04 13:29:00,2016-08-04 13:30:00,5491.0,5492.0,5492.0,5489.0,5493.0,5493.0,5494.0,5490.0,24
2016-08-04 13:30:00,2016-08-04 13:31:00,5492.0,5492.0,5495.0,5491.0,5493.0,5493.0,5496.0,5493.0,23
2016-08-04 13:31:00,2016-08-04 13:32:00,5492.0,5489.0,5492.0,5489.0,5493.0,5490.0,5494.0,5490.0,22
2016-08-04 13:32:00,2016-08-04 13:33:00,5489.0,5490.0,5492.0,5489.0,5490.0,5491.0,5494.0,5491.0,28
2016-08-04 13:33:00,2016-08-04 13:34:00,5490.0,5491.0,5491.0,5489.0,5491.0,5492.0,5492.0,5490.0,10
2016-08-04 13:34:00,2016-08-04 13:35:00,5491.0,5494.0,5494.0,5491.0,5492.0,5495.0,5496.0,5493.0,9
2016-08-04 13:35:00,2016-08-04 13:36:00,5494.0,5493.0,5496.0,5493.0,5495.0,5495.0,5497.0,5495.0,10
2016-08-04 13:36:00,2016-08-04 13:37:00,5493.0,5494.0,5495.0,5493.0,5495.0,5495.0,5496.0,5494.0,22
2016-08-04 13:37:00,2016-08-04 13:38:00,5494.0,5497.0,5497.0,5494.0,5495.0,5498.0,5498.0,5496.0,15
2016-08-04 13:38:00,2016-08-04 13:39:00,5497.0,5498.0,5498.0,5496.0,5498.0,5499.0,5499.0,5498.0,22
2016-08-04 13:39:00,2016-08-04 13:40:00,5498.0,5497.0,5499.0,5497.0,5499.0,5499.0,5501.0,5499.0,28
2016-08-04 13:40:00,2016-08-04 13:41:00,5497.0,5499.0,5499.0,5497.0,5499.0,5500.0,5501.0,5499.0,18
2016-08-04 13:41:00,2016-08-04 13:43:00,5499.0,5496.0,5500.0,5496.0,5500.0,5500.0,5502.0,5498.0,26
2016-08-04 13:43:00,2016-08-04 13:44:00,5496.0,5496.0,5498.0,5494.0,5500.0,5499.0,5500.0,5496.0,32
2016-08-04 13:44:00,2016-08-04 13:45:00,5496.0,5496.0,5498.0,5495.0,5499.0,5497.0,5500.0,5497.0,23
2016-08-04 13:45:00,2016-08-04 13:46:00,5496.0,5493.0,5495.0,5493.0,5497.0,5494.0,5497.0,5494.0,17
2016-08-04 13:46:00,2016-08-04 13:47:00,5493.0,5492.0,5493.0,5491.0,5494.0,5493.0,5495.0,5492.0,12
2016-08-04 13:47:00,2016-08-04 13:48:00,5492.0,5492.0,5493.0,5492.0,5493.0,5493.0,5494.0,5493.0,12
2016-08-04 13:48:00,2016-08-04 13:49:00,5492.0,5493.0,5495.0,5492.0,5493.0,5495.0,5496.0,5494.0,12
2016-08-04 13:49:00,2016-08-04 13:50:00,5493.0,5494.0,5495.0,5492.0,5495.0,5496.0,5497.0,5495.0,17
2016-08-04 13:50:00,2016-08-04 13:51:00,5494.0,5493.0,5495.0,5493.0,5496.0,5494.0,5497.0,5494.0,16
2016-08-04 13:51:00,2016-08-04 13:52:00,5493.0,5493.0,5494.0,5493.0,5494.0,5495.0,5496.0,5495.0,4
2016-08-04 13:52:00,2016-08-04 13:53:00,5493.0,5492.0,5493.0,5492.0,5495.0,5494.0,5494.0,5494.0,2
2016-08-04 13:53:00,2016-08-04 13:54:00,5492.0,5491.0,5492.0,5491.0,5494.0,5493.0,5493.0,5493.0,2
2016-08-04 13:54:00,2016-08-04 13:55:00,5491.0,5489.0,5492.0,5489.0,5493.0,5491.0,5493.0,5490.0,10
2016-08-04 13:55:00,2016-08-04 13:57:00,5489.0,5486.0,5490.0,5486.0,5490.0,5488.0,5491.0,5488.0,9
2016-08-04 13:57:00,2016-08-04 13:58:00,5486.0,5486.0,5486.0,5485.0,5488.0,5487.0,5487.0,5486.0,4
2016-08-04 13:58:00,2016-08-04 14:00:00,5484.0,5484.0,5486.0,5483.0,5485.0,5485.0,5487.0,5485.0,19
2016-08-04 14:00:00,2016-08-04 14:01:00,5484.0,5482.0,5485.0,5482.0,5485.0,5483.0,5487.0,5483.0,13
2016-08-04 14:01:00,2016-08-04 14:02:00,5482.0,5483.0,5484.0,5482.0,5483.0,5484.0,5486.0,5483.0,11
2016-08-04 14:02:00,2016-08-04 14:03:00,5483.0,5485.0,5485.0,5483.0,5484.0,5487.0,5487.0,5485.0,6
2016-08-04 14:03:00,2016-08-04 14:04:00,5485.0,5485.0,5488.0,5483.0,5487.0,5487.0,5489.0,5487.0,15
2016-08-04 14:04:00,2016-08-04 14:05:00,5485.0,5484.0,5486.0,5484.0,5487.0,5486.0,5488.0,5485.0,23
2016-08-04 14:05:00,2016-08-04 14:06:00,5484.0,5480.0,5484.0,5480.0,5486.0,5482.0,5485.0,5482.0,19
2016-08-04 14:06:00,2016-08-04 14:07:00,5480.0,5478.0,5480.0,5478.0,5482.0,5479.0,5483.0,5479.0,23
2016-08-04 14:07:00,2016-08-04 14:08:00,5478.0,5479.0,5481.0,5477.0,5479.0,5482.0,5482.0,5479.0,21
2016-08-04 14:08:00,2016-08-04 14:09:00,5479.0,5479.0,5481.0,5478.0,5482.0,5481.0,5484.0,5480.0,14
2016-08-04 14:09:00,2016-08-04 14:10:00,5479.0,5479.0,5480.0,5478.0,5481.0,5481.0,5481.0,5480.0,11
2016-08-04 14:10:00,2016-08-04 14:11:00,5479.0,5481.0,5481.0,5479.0,5481.0,5482.0,5482.0,5481.0,10
2016-08-04 14:11:00,2016-08-04 14:12:00,5481.0,5483.0,5484.0,5480.0,5482.0,5485.0,5485.0,5481.0,11
2016-08-04 14:12:00,2016-08-04 14:13:00,5483.0,5482.0,5483.0,5482.0,5485.0,5484.0,5485.0,5484.0,10
2016-08-04 14:13:00,2016-08-04 14:14:00,5482.0,5482.0,5484.0,5482.0,5484.0,5483.0,5485.0,5483.0,7
2016-08-04 14:14:00,2016-08-04 14:15:00,5482.0,5483.0,5483.0,5481.0,5483.0,5484.0,5484.0,5483.0,7
2016-08-04 14:15:00,2016-08-04 14:16:00,5483.0,5484.0,5484.0,5481.0,5484.0,5486.0,5487.0,5483.0,19
2016-08-04 14:16:00,2016-08-04 14:17:00,5484.0,5484.0,5485.0,5483.0,5486.0,5486.0,5487.0,5486.0,9
2016-08-04 14:17:00,2016-08-04 14:18:00,5484.0,5485.0,5486.0,5484.0,5486.0,5486.0,5487.0,5486.0,6
2016-08-04 14:18:00,2016-08-04 14:19:00,5485.0,5485.0,5487.0,5485.0,5486.0,5487.0,5488.0,5487.0,11
2016-08-04 14:19:00,2016-08-04 14:20:00,5485.0,5484.0,5486.0,5484.0,5487.0,5485.0,5488.0,5485.0,8
2016-08-04 14:20:00,2016-08-04 14:21:00,5484.0,5485.0,5485.0,5482.0,5485.0,5487.0,5487.0,5484.0,16
2016-08-04 14:21:00,2016-08-04 14:23:00,5485.0,5483.0,5484.0,5483.0,5486.0,5485.0,5486.0,5485.0,6
2016-08-04 14:23:00,2016-08-04 14:24:00,5483.0,5482.0,5483.0,5481.0,5485.0,5483.0,5485.0,5482.0,12
2016-08-04 14:24:00,2016-08-04 14:25:00,5482.0,5485.0,5486.0,5482.0,5483.0,5486.0,5487.0,5484.0,10
2016-08-04 14:25:00,2016-08-04 14:26:00,5485.0,5486.0,5486.0,5484.0,5486.0,5487.0,5487.0,5486.0,10
2016-08-04 14:26:00,2016-08-04 14:28:00,5486.0,5487.0,5487.0,5484.0,5487.0,5488.0,5489.0,5487.0,7
2016-08-04 14:28:00,2016-08-04 14:30:00,5487.0,5489.0,5491.0,5486.0,5488.0,5490.0,5492.0,5489.0,18
2016-08-04 14:30:00,2016-08-04 14:31:00,5489.0,5489.0,5490.0,5488.0,5490.0,5491.0,5491.0,5489.0,8
2016-08-04 14:31:00,2016-08-04 14:32:00,5489.0,5489.0,5490.0,5488.0,5491.0,5490.0,5492.0,5490.0,9
2016-08-04 14:32:00,2016-08-04 14:34:00,5489.0,5487.0,5489.0,5487.0,5490.0,5489.0,5490.0,5489.0,6
2016-08-04 14:34:00,2016-08-04 14:35:00,5487.0,5488.0,5489.0,5488.0,5489.0,5490.0,5490.0,5489.0,6
2016-08-04 14:35:00,2016-08-04 14:36:00,5488.0,5490.0,5491.0,5489.0,5490.0,5491.0,5492.0,5490.0,10
2016-08-04 14:36:00,2016-08-04 14:37:00,5490.0,5490.0,5490.0,5489.0,5491.0,5491.0,5492.0,5490.0,13
2016-08-04 14:37:00,2016-08-04 14:38:00,5490.0,5492.0,5492.0,5489.0,5491.0,5493.0,5494.0,5491.0,15
2016-08-04 14:38:00,2016-08-04 14:39:00,5492.0,5490.0,5491.0,5489.0,5493.0,5492.0,5493.0,5491.0,14
2016-08-04 14:39:00,2016-08-04 14:40:00,5490.0,5490.0,5491.0,5490.0,5492.0,5491.0,5493.0,5491.0,7
2016-08-04 14:40:00,2016-08-04 14:41:00,5490.0,5489.0,5490.0,5489.0,5491.0,5490.0,5492.0,5490.0,12
2016-08-04 14:41:00,2016-08-04 14:42:00,5489.0,5489.0,5491.0,5489.0,5490.0,5491.0,5492.0,5491.0,9
2016-08-04 14:42:00,2016-08-04 14:43:00,5489.0,5489.0,5490.0,5489.0,5491.0,5491.0,5491.0,5491.0,4
2016-08-04 14:43:00,2016-08-04 14:46:00,5491.0,5491.0,5492.0,5490.0,5492.0,5493.0,5493.0,5492.0,11
2016-08-04 14:46:00,2016-08-04 14:47:00,5491.0,5489.0,5491.0,5489.0,5493.0,5491.0,5494.0,5491.0,14
2016-08-04 14:47:00,2016-08-04 14:50:00,5489.0,5492.0,5494.0,5490.0,5491.0,5493.0,5495.0,5491.0,14
2016-08-04 14:50:00,2016-08-04 14:51:00,5492.0,5491.0,5493.0,5491.0,5493.0,5493.0,5494.0,5493.0,7
2016-08-04 14:51:00,2016-08-04 14:52:00,5491.0,5490.0,5492.0,5490.0,5493.0,5494.0,5494.0,5492.0,4
2016-08-04 14:52:00,2016-08-04 14:53:00,5490.0,5490.0,5491.0,5490.0,5494.0,5492.0,5494.0,5491.0,8
2016-08-04 14:53:00,2016-08-04 14:55:00,5490.0,5491.0,5491.0,5490.0,5492.0,5493.0,5493.0,5491.0,5
2016-08-04 14:55:00,2016-08-04 14:57:00,5491.0,5493.0,5493.0,5490.0,5493.0,5494.0,5494.0,5493.0,7
2016-08-04 14:57:00,2016-08-04 14:58:00,5493.0,5493.0,5494.0,5492.0,5494.0,5494.0,5496.0,5494.0,10
2016-08-04 14:58:00,2016-08-04 14:59:00,5493.0,5493.0,5494.0,5492.0,5494.0,5494.0,5495.0,5494.0,27
2016-08-04 14:59:00,2016-08-04 15:00:00,5493.0,5492.0,5492.0,5490.0,5494.0,5493.0,5495.0,5492.0,14
2016-08-04 15:00:00,2016-08-04 15:02:00,5492.0,5493.0,5494.0,5491.0,5494.0,5495.0,5496.0,5493.0,11
2016-08-04 15:02:00,2016-08-04 15:06:00,5493.0,5492.0,5492.0,5491.0,5494.0,5493.0,5495.0,5493.0,3
2016-08-04 15:06:00,2016-08-04 15:07:00,5492.0,5490.0,5493.0,5490.0,5493.0,5496.0,5496.0,5494.0,4
2016-08-04 15:07:00,2016-08-04 15:08:00,5490.0,5493.0,5493.0,5492.0,5496.0,5494.0,5495.0,5494.0,4
2016-08-04 15:08:00,2016-08-04 15:09:00,5493.0,5494.0,5494.0,5492.0,5494.0,5495.0,5495.0,5494.0,6
2016-08-04 15:09:00,2016-08-04 15:10:00,5494.0,5494.0,5494.0,5493.0,5495.0,5495.0,5496.0,5495.0,6
2016-08-04 15:10:00,2016-08-04 15:11:00,5494.0,5493.0,5493.0,5492.0,5495.0,5494.0,5495.0,5494.0,4
2016-08-04 15:11:00,2016-08-04 15:12:00,5493.0,5493.0,5493.0,5492.0,5494.0,5494.0,5494.0,5493.0,21
2016-08-04 15:12:00,2016-08-04 15:13:00,5493.0,5490.0,5492.0,5490.0,5494.0,5492.0,5494.0,5492.0,5
2016-08-04 15:13:00,2016-08-04 15:14:00,5490.0,5492.0,5492.0,5490.0,5492.0,5493.0,5494.0,5492.0,7
2016-08-04 15:14:00,2016-08-04 15:15:00,5492.0,5491.0,5492.0,5490.0,5493.0,5492.0,5494.0,5492.0,6
2016-08-04 15:15:00,2016-08-04 15:16:00,5491.0,5490.0,5490.0,5489.0,5492.0,5491.0,5491.0,5490.0,5
2016-08-04 15:16:00,2016-08-04 15:17:00,5490.0,5490.0,5491.0,5490.0,5491.0,5493.0,5493.0,5492.0,3
2016-08-04 15:17:00,2016-08-04 15:18:00,5490.0,5492.0,5492.0,5491.0,5493.0,5493.0,5494.0,5492.0,4
2016-08-04 15:18:00,2016-08-04 15:19:00,5492.0,5493.0,5493.0,5491.0,5493.0,5494.0,5496.0,5493.0,15
2016-08-04 15:19:00,2016-08-04 15:20:00,5493.0,5493.0,5493.0,5491.0,5494.0,5494.0,5494.0,5493.0,15
2016-08-04 15:20:00,2016-08-04 15:21:00,5493.0,5495.0,5495.0,5491.0,5494.0,5496.0,5497.0,5495.0,9
2016-08-04 15:21:00,2016-08-04 15:22:00,5495.0,5494.0,5495.0,5493.0,5496.0,5495.0,5497.0,5494.0,10
2016-08-04 15:22:00,2016-08-04 15:23:00,5494.0,5491.0,5493.0,5491.0,5495.0,5495.0,5495.0,5494.0,6
2016-08-04 15:23:00,2016-08-04 15:24:00,5491.0,5491.0,5492.0,5490.0,5495.0,5493.0,5494.0,5492.0,11
2016-08-04 15:24:00,2016-08-04 15:25:00,5491.0,5493.0,5493.0,5491.0,5493.0,5494.0,5494.0,5493.0,9
2016-08-04 15:25:00,2016-08-04 15:27:00,5493.0,5493.0,5494.0,5490.0,5494.0,5495.0,5495.0,5492.0,13
2016-08-04 15:27:00,2016-08-04 15:28:00,5493.0,5492.0,5493.0,5491.0,5495.0,5493.0,5494.0,5492.0,9
2016-08-04 15:28:00,2016-08-04 15:29:00,5492.0,5490.0,5491.0,5489.0,5493.0,5491.0,5493.0,5491.0,11
2016-08-04 15:29:00,2016-08-04 15:30:00,5490.0,5490.0,5491.0,5489.0,5491.0,5492.0,5493.0,5491.0,11
2016-08-04 15:30:00,2016-08-04 15:32:00,5491.0,5490.0,5490.0,5489.0,5492.0,5491.0,5493.0,5490.0,8
2016-08-04 15:32:00,2016-08-04 15:34:00,5490.0,5493.0,5493.0,5490.0,5491.0,5494.0,5494.0,5491.0,15
2016-08-04 15:34:00,2016-08-04 15:35:00,5493.0,5493.0,5493.0,5491.0,5494.0,5495.0,5495.0,5493.0,15
2016-08-04 15:35:00,2016-08-04 15:36:00,5493.0,5493.0,5494.0,5492.0,5495.0,5495.0,5495.0,5494.0,5
2016-08-04 15:36:00,2016-08-04 15:37:00,5493.0,5494.0,5494.0,5493.0,5495.0,5495.0,5495.0,5494.0,5
2016-08-04 15:37:00,2016-08-04 15:38:00,5494.0,5493.0,5494.0,5493.0,5495.0,5495.0,5496.0,5495.0,3
2016-08-04 15:38:00,2016-08-04 15:39:00,5493.0,5495.0,5495.0,5493.0,5495.0,5496.0,5496.0,5494.0,5
2016-08-04 15:39:00,2016-08-04 15:40:00,5495.0,5494.0,5495.0,5494.0,5496.0,5496.0,5497.0,5496.0,5
2016-08-04 15:40:00,2016-08-04 15:41:00,5494.0,5494.0,5494.0,5494.0,5496.0,5495.0,5496.0,5495.0,3
2016-08-04 15:41:00,2016-08-04 15:42:00,5494.0,5492.0,5494.0,5492.0,5495.0,5495.0,5496.0,5495.0,4
2016-08-04 15:42:00,2016-08-04 15:43:00,5492.0,5495.0,5495.0,5492.0,5495.0,5496.0,5496.0,5494.0,6
2016-08-04 15:43:00,2016-08-04 15:45:00,5494.0,5493.0,5493.0,5492.0,5495.0,5494.0,5495.0,5493.0,5
2016-08-04 15:45:00,2016-08-04 15:47:00,5493.0,5494.0,5494.0,5493.0,5494.0,5495.0,5496.0,5495.0,4
2016-08-04 15:47:00,2016-08-04 15:48:00,5494.0,5494.0,5494.0,5493.0,5495.0,5496.0,5496.0,5495.0,7
2016-08-04 15:48:00,2016-08-04 15:51:00,5494.0,5493.0,5494.0,5493.0,5496.0,5495.0,5495.0,5494.0,4
2016-08-04 15:51:00,2016-08-04 15:52:00,5493.0,5494.0,5494.0,5494.0,5495.0,5496.0,5496.0,5495.0,4
2016-08-04 15:52:00,2016-08-04 15:53:00,5494.0,5495.0,5495.0,5494.0,5496.0,5497.0,5498.0,5496.0,5
2016-08-04 15:53:00,2016-08-04 15:54:00,5495.0,5495.0,5496.0,5495.0,5497.0,5497.0,5497.0,5496.0,8
2016-08-04 15:54:00,2016-08-04 15:55:00,5495.0,5496.0,5496.0,5494.0,5497.0,5497.0,5498.0,5497.0,3
2016-08-04 15:55:00,2016-08-04 15:56:00,5496.0,5497.0,5497.0,5496.0,5497.0,5498.0,5498.0,5498.0,5
2016-08-04 15:56:00,2016-08-04 15:57:00,5497.0,5499.0,5499.0,5497.0,5498.0,5500.0,5501.0,5499.0,8
2016-08-04 15:57:00,2016-08-04 15:58:00,5499.0,5500.0,5501.0,5499.0,5500.0,5501.0,5502.0,5500.0,7
2016-08-04 15:58:00,2016-08-04 15:59:00,5500.0,5500.0,5501.0,5500.0,5501.0,5501.0,5503.0,5501.0,6
2016-08-04 15:59:00,2016-08-04 16:00:00,5500.0,5501.0,5501.0,5500.0,5501.0,5502.0,5502.0,5501.0,4
2016-08-04 16:00:00,2016-08-04 16:01:00,5501.0,5501.0,5501.0,5500.0,5502.0,5502.0,5503.0,5502.0,3
2016-08-04 16:01:00,2016-08-04 16:03:00,5501.0,5502.0,5503.0,5501.0,5502.0,5504.0,5505.0,5503.0,10
2016-08-04 16:03:00,2016-08-04 16:04:00,5502.0,5501.0,5502.0,5501.0,5504.0,5503.0,5503.0,5503.0,4
2016-08-04 16:04:00,2016-08-04 16:05:00,5501.0,5503.0,5503.0,5501.0,5503.0,5505.0,5505.0,5503.0,11
2016-08-04 16:05:00,2016-08-04 16:06:00,5503.0,5503.0,5504.0,5503.0,5505.0,5504.0,5505.0,5504.0,6
2016-08-04 16:06:00,2016-08-04 16:07:00,5503.0,5502.0,5502.0,5500.0,5504.0,5503.0,5503.0,5502.0,7
2016-08-04 16:07:00,2016-08-04 16:08:00,5502.0,5500.0,5501.0,5500.0,5503.0,5501.0,5503.0,5501.0,3
2016-08-04 16:08:00,2016-08-04 16:09:00,5500.0,5499.0,5500.0,5499.0,5501.0,5500.0,5502.0,5500.0,8
2016-08-04 16:09:00,2016-08-04 16:10:00,5499.0,5498.0,5500.0,5498.0,5500.0,5500.0,5502.0,5500.0,9
2016-08-04 16:10:00,2016-08-04 16:12:00,5497.0,5498.0,5498.0,5497.0,5498.0,5499.0,5499.0,5498.0,5
2016-08-04 16:12:00,2016-08-04 16:17:00,5497.0,5496.0,5496.0,5495.0,5498.0,5497.0,5498.0,5497.0,3
2016-08-04 16:17:00,2016-08-04 16:21:00,5496.0,5497.0,5498.0,5496.0,5497.0,5499.0,5499.0,5498.0,6
2016-08-04 16:21:00,2016-08-04 16:22:00,5497.0,5497.0,5498.0,5496.0,5499.0,5499.0,5500.0,5498.0,5
2016-08-04 16:22:00,2016-08-04 16:24:00,5498.0,5499.0,5499.0,5498.0,5499.0,5500.0,5501.0,5500.0,7
2016-08-04 16:24:00,2016-08-04 16:26:00,5498.0,5498.0,5499.0,5498.0,5500.0,5499.0,5500.0,5499.0,3
2016-08-04 16:26:00,2016-08-04 16:30:00,5498.0,5500.0,5500.0,5498.0,5499.0,5501.0,5501.0,5500.0,4
2016-08-04 16:30:00,2016-08-04 16:32:00,5500.0,5498.0,5499.0,5498.0,5501.0,5500.0,5501.0,5500.0,5
2016-08-04 16:32:00,2016-08-04 16:34:00,5498.0,5499.0,5500.0,5498.0,5499.0,5501.0,5501.0,5500.0,7
2016-08-04 16:34:00,2016-08-04 16:35:00,5499.0,5498.0,5499.0,5497.0,5501.0,5500.0,5501.0,5500.0,3
2016-08-04 16:35:00,2016-08-04 16:38:00,5499.0,5498.0,5498.0,5497.0,5500.0,5500.0,5501.0,5500.0,3
2016-08-04 16:38:00,2016-08-04 16:46:00,5500.0,5498.0,5499.0,5498.0,5501.0,5500.0,5501.0,5499.0,4
2016-08-04 16:46:00,2016-08-04 16:47:00,5498.0,5500.0,5500.0,5498.0,5500.0,5502.0,5503.0,5500.0,6
2016-08-04 16:47:00,2016-08-04 16:49:00,5500.0,5501.0,5501.0,5499.0,5501.0,5502.0,5502.0,5501.0,8
2016-08-04 16:49:00,2016-08-04 16:50:00,5501.0,5501.0,5501.0,5500.0,5502.0,5503.0,5503.0,5502.0,3
2016-08-04 16:50:00,2016-08-04 16:54:00,5501.0,5501.0,5502.0,5501.0,5503.0,5502.0,5503.0,5502.0,3
2016-08-04 16:54:00,2016-08-04 16:56:00,5501.0,5499.0,5500.0,5499.0,5502.0,5501.0,5502.0,5501.0,3
2016-08-04 16:56:00,2016-08-04 16:57:00,5499.0,5499.0,5499.0,5497.0,5501.0,5500.0,5501.0,5499.0,6
2016-08-04 16:57:00,2016-08-04 17:00:00,5497.0,5496.0,5496.0,5495.0,5498.0,5498.0,5500.0,5497.0,7
2016-08-04 17:00:00,2016-08-04 17:04:00,5497.0,5496.0,5496.0,5495.0,5498.0,5497.0,5498.0,5497.0,5
2016-08-04 17:04:00,2016-08-04 17:12:00,5495.0,5493.0,5494.0,5493.0,5497.0,5499.0,5499.0,5498.0,2
2016-08-04 17:12:00,2016-08-04 17:13:00,5493.0,5494.0,5495.0,5494.0,5499.0,5495.0,5497.0,5495.0,4
2016-08-04 17:13:00,2016-08-04 17:14:00,5494.0,5493.0,5495.0,5493.0,5495.0,5494.0,5496.0,5494.0,6
2016-08-04 17:14:00,2016-08-04 17:15:00,5493.0,5494.0,5494.0,5492.0,5494.0,5496.0,5496.0,5493.0,11
2016-08-04 17:15:00,2016-08-04 17:16:00,5494.0,5494.0,5494.0,5494.0,5496.0,5496.0,5496.0,5495.0,2
2016-08-04 17:16:00,2016-08-04 17:17:00,5494.0,5494.0,5494.0,5494.0,5496.0,5495.0,5496.0,5495.0,5
2016-08-04 17:17:00,2016-08-04 17:18:00,5494.0,5495.0,5495.0,5494.0,5495.0,5496.0,5497.0,5496.0,4
2016-08-04 17:18:00,2016-08-04 17:25:00,5495.0,5494.0,5495.0,5493.0,5496.0,5495.0,5497.0,5495.0,4
2016-08-04 17:25:00,2016-08-04 17:28:00,5493.0,5495.0,5496.0,5493.0,5495.0,5496.0,5497.0,5496.0,7
2016-08-04 17:28:00,2016-08-04 17:29:00,5495.0,5495.0,5496.0,5495.0,5496.0,5497.0,5497.0,5497.0,2
2016-08-04 17:29:00,2016-08-04 17:31:00,5496.0,5494.0,5495.0,5494.0,5497.0,5495.0,5497.0,5495.0,3
2016-08-04 17:31:00,2016-08-04 17:32:00,5494.0,5496.0,5496.0,5494.0,5495.0,5497.0,5497.0,5496.0,3
2016-08-04 17:32:00,2016-08-04 17:37:00,5496.0,5495.0,5495.0,5494.0,5497.0,5496.0,5497.0,5496.0,4
2016-08-04 17:37:00,2016-08-04 17:45:00,5497.0,5497.0,5497.0,5496.0,5498.0,5498.0,5498.0,5497.0,5
2016-08-04 17:45:00,2016-08-04 17:47:00,5497.0,5496.0,5496.0,5495.0,5498.0,5498.0,5498.0,5497.0,7
2016-08-04 17:47:00,2016-08-04 17:54:00,5497.0,5496.0,5496.0,5496.0,5498.0,5498.0,5498.0,5497.0,2
2016-08-04 17:54:00,2016-08-04 18:02:00,5496.0,5498.0,5498.0,5495.0,5497.0,5499.0,5499.0,5498.0,8
2016-08-04 18:02:00,2016-08-04 18:04:00,5497.0,5498.0,5499.0,5498.0,5499.0,5500.0,5500.0,5499.0,6
2016-08-04 18:04:00,2016-08-04 18:13:00,5498.0,5497.0,5498.0,5497.0,5500.0,5498.0,5499.0,5498.0,3
2016-08-04 18:13:00,2016-08-04 18:14:00,5497.0,5496.0,5496.0,5496.0,5498.0,5499.0,5499.0,5499.0,1
2016-08-04 18:14:00,2016-08-04 18:15:00,5496.0,5495.0,5497.0,5495.0,5499.0,5496.0,5498.0,5496.0,4
2016-08-04 18:15:00,2016-08-04 18:16:00,5495.0,5494.0,5495.0,5493.0,5496.0,5495.0,5496.0,5494.0,9
2016-08-04 18:16:00,2016-08-04 18:21:00,5492.0,5493.0,5494.0,5492.0,5493.0,5495.0,5495.0,5494.0,5
2016-08-04 18:21:00,2016-08-04 18:25:00,5494.0,5494.0,5494.0,5493.0,5495.0,5496.0,5496.0,5495.0,3
2016-08-04 18:25:00,2016-08-04 18:27:00,5495.0,5494.0,5494.0,5494.0,5496.0,5495.0,5497.0,5495.0,2
2016-08-04 18:27:00,2016-08-04 18:31:00,5494.0,5495.0,5495.0,5494.0,5495.0,5496.0,5496.0,5495.0,3
2016-08-04 18:31:00,2016-08-04 18:32:00,5495.0,5493.0,5494.0,5493.0,5496.0,5495.0,5496.0,5495.0,3
2016-08-04 18:32:00,2016-08-04 18:33:00,5493.0,5493.0,5493.0,5493.0,5495.0,5495.0,5495.0,5494.0,2
2016-08-04 18:33:00,2016-08-04 18:34:00,5493.0,5494.0,5494.0,5494.0,5495.0,5496.0,5496.0,5495.0,2
2016-08-04 18:34:00,2016-08-04 18:39:00,5494.0,5492.0,5493.0,5492.0,5495.0,5495.0,5495.0,5494.0,4
2016-08-04 18:39:00,2016-08-04 18:43:00,5493.0,5494.0,5495.0,5494.0,5494.0,5495.0,5496.0,5495.0,4
2016-08-04 18:43:00,2016-08-04 18:44:00,5494.0,5494.0,5494.0,5494.0,5495.0,5496.0,5496.0,5496.0,1
2016-08-04 18:44:00,2016-08-04 18:45:00,5494.0,5495.0,5495.0,5495.0,5496.0,5497.0,5497.0,5496.0,2
2016-08-04 18:45:00,2016-08-04 18:50:00,5495.0,5493.0,5494.0,5493.0,5496.0,5498.0,5498.0,5497.0,2
2016-08-04 18:50:00,2016-08-04 18:51:00,5493.0,5496.0,5496.0,5495.0,5498.0,5497.0,5497.0,5496.0,3
2016-08-04 18:51:00,2016-08-04 18:52:00,5496.0,5496.0,5496.0,5495.0,5497.0,5497.0,5498.0,5497.0,2
2016-08-04 18:52:00,2016-08-04 18:53:00,5496.0,5497.0,5497.0,5495.0,5497.0,5498.0,5498.0,5498.0,3
2016-08-04 18:53:00,2016-08-04 18:55:00,5496.0,5497.0,5497.0,5496.0,5497.0,5498.0,5498.0,5497.0,4
2016-08-04 18:55:00,2016-08-04 18:56:00,5497.0,5497.0,5498.0,5497.0,5498.0,5499.0,5499.0,5499.0,5
2016-08-04 18:56:00,2016-08-04 19:00:00,5497.0,5496.0,5497.0,5496.0,5499.0,5497.0,5499.0,5497.0,4
2016-08-04 19:00:00,2016-08-04 19:01:00,5496.0,5496.0,5498.0,5496.0,5497.0,5498.0,5499.0,5498.0,5
2016-08-04 19:01:00,2016-08-04 19:02:00,5496.0,5496.0,5497.0,5495.0,5498.0,5498.0,5500.0,5498.0,4
2016-08-04 19:02:00,2016-08-04 19:03:00,5496.0,5495.0,5495.0,5495.0,5498.0,5496.0,5497.0,5496.0,2
2016-08-04 19:03:00,2016-08-04 19:05:00,5496.0,5497.0,5498.0,5496.0,5497.0,5498.0,5499.0,5498.0,6
2016-08-04 19:05:00,2016-08-04 19:15:00,5495.0,5497.0,5497.0,5495.0,5496.0,5498.0,5498.0,5497.0,5
2016-08-04 19:15:00,2016-08-04 19:17:00,5496.0,5495.0,5496.0,5495.0,5497.0,5497.0,5498.0,5497.0,5
2016-08-04 19:17:00,2016-08-04 19:20:00,5496.0,5496.0,5497.0,5496.0,5497.0,5498.0,5498.0,5498.0,2
2016-08-04 19:20:00,2016-08-04 19:22:00,5496.0,5494.0,5495.0,5494.0,5497.0,5496.0,5497.0,5496.0,4
2016-08-04 19:22:00,2016-08-04 19:29:00,5493.0,5492.0,5494.0,5492.0,5494.0,5497.0,5497.0,5495.0,4
2016-08-04 19:29:00,2016-08-04 19:30:00,5492.0,5495.0,5495.0,5494.0,5497.0,5496.0,5497.0,5495.0,9
2016-08-04 19:30:00,2016-08-04 19:32:00,5495.0,5494.0,5495.0,5494.0,5496.0,5496.0,5496.0,5496.0,3
2016-08-04 19:32:00,2016-08-04 19:33:00,5494.0,5493.0,5495.0,5493.0,5496.0,5495.0,5496.0,5495.0,5
2016-08-04 19:33:00,2016-08-04 19:35:00,5493.0,5495.0,5495.0,5494.0,5495.0,5497.0,5497.0,5495.0,6
2016-08-04 19:35:00,2016-08-04 19:40:00,5496.0,5496.0,5497.0,5494.0,5498.0,5498.0,5500.0,5498.0,5
2016-08-04 19:40:00,2016-08-04 19:41:00,5496.0,5497.0,5497.0,5496.0,5498.0,5498.0,5498.0,5497.0,7
2016-08-04 19:41:00,2016-08-04 19:42:00,5497.0,5495.0,5496.0,5495.0,5498.0,5497.0,5498.0,5496.0,7
2016-08-04 19:42:00,2016-08-04 19:43:00,5495.0,5495.0,5496.0,5495.0,5497.0,5496.0,5497.0,5496.0,10
2016-08-04 19:43:00,2016-08-04 19:44:00,5495.0,5495.0,5495.0,5495.0,5496.0,5496.0,5497.0,5496.0,6
2016-08-04 19:44:00,2016-08-04 19:46:00,5495.0,5495.0,5496.0,5495.0,5496.0,5496.0,5497.0,5496.0,5
2016-08-04 19:46:00,2016-08-04 19:47:00,5495.0,5494.0,5495.0,5494.0,5496.0,5495.0,5497.0,5495.0,16
2016-08-04 19:47:00,2016-08-04 19:49:00,5495.0,5494.0,5495.0,5494.0,5497.0,5495.0,5497.0,5495.0,5
2016-08-04 19:49:00,2016-08-04 19:54:00,5493.0,5492.0,5492.0,5492.0,5495.0,5496.0,5496.0,5496.0,1
2016-08-04 19:54:00,2016-08-04 19:55:00,5492.0,5494.0,5494.0,5493.0,5496.0,5496.0,5496.0,5495.0,5
2016-08-04 19:55:00,2016-08-04 19:56:00,5494.0,5495.0,5495.0,5494.0,5496.0,5497.0,5497.0,5496.0,8
2016-08-04 19:56:00,2016-08-04 19:57:00,5495.0,5499.0,5499.0,5495.0,5497.0,5500.0,5500.0,5497.0,11
2016-08-04 19:57:00,2016-08-04 19:58:00,5499.0,5499.0,5500.0,5498.0,5500.0,5503.0,5503.0,5499.0,8
2016-08-04 19:58:00,2016-08-04 19:59:00,5499.0,5500.0,5502.0,5497.0,5503.0,5503.0,5504.0,5500.0,25
2016-08-04 19:59:00,2016-08-04 20:00:00,5500.0,5498.0,5499.0,5497.0,5503.0,5500.0,5502.0,5500.0,6
2016-08-04 20:00:00,2016-08-04 20:01:00,5498.0,5497.0,5498.0,5497.0,5500.0,5499.0,5499.0,5499.0,6
2016-08-04 20:01:00,2016-08-04 20:05:00,5498.0,5497.0,5497.0,5497.0,5499.0,5500.0,5500.0,5500.0,1
2016-08-04 20:05:00,2016-08-04 20:07:00,5497.0,5498.0,5498.0,5496.0,5500.0,5499.0,5501.0,5499.0,3
2016-08-04 20:07:00,2016-08-04 20:10:00,5498.0,5498.0,5498.0,5496.0,5499.0,5499.0,5501.0,5499.0,2
2016-08-04 20:10:00,2016-08-04 20:15:00,5498.0,5496.0,5497.0,5496.0,5499.0,5498.0,5499.0,5498.0,2
2016-08-04 20:15:00,2016-08-04 20:16:00,5496.0,5496.0,5496.0,5496.0,5498.0,5499.0,5499.0,5499.0,1
2016-08-04 20:16:00,2016-08-04 20:17:00,5496.0,5495.0,5495.0,5495.0,5499.0,5499.0,5499.0,5499.0,1
2016-08-04 20:17:00,2016-08-04 20:20:00,5495.0,5496.0,5496.0,5495.0,5499.0,5497.0,5498.0,5497.0,2
2016-08-04 20:20:00,2016-08-04 20:22:00,5496.0,5494.0,5494.0,5494.0,5498.0,5496.0,5496.0,5496.0,1
2016-08-04 20:22:00,2016-08-04 20:25:00,5494.0,5492.0,5493.0,5492.0,5496.0,5498.0,5498.0,5497.0,2
2016-08-04 20:25:00,2016-08-04 20:27:00,5492.0,5495.0,5495.0,5494.0,5498.0,5498.0,5498.0,5497.0,2
2016-08-04 20:27:00,2016-08-04 20:28:00,5495.0,5499.0,5499.0,5496.0,5498.0,5501.0,5501.0,5498.0,3
2016-08-04 20:28:00,2016-08-04 20:30:00,5499.0,5497.0,5497.0,5494.0,5501.0,5501.0,5505.0,5501.0,6
2016-08-04 20:30:00,2016-08-04 20:32:00,5497.0,5496.0,5496.0,5496.0,5501.0,5502.0,5502.0,5502.0,1
2016-08-04 20:32:00,2016-08-04 20:34:00,5496.0,5497.0,5497.0,5497.0,5502.0,5501.0,5501.0,5501.0,1
2016-08-04 20:34:00,2016-08-04 20:36:00,5497.0,5499.0,5499.0,5497.0,5501.0,5500.0,5500.0,5500.0,2
2016-08-04 20:36:00,2016-08-04 20:41:00,5498.0,5497.0,5498.0,5497.0,5502.0,5501.0,5501.0,5499.0,4
2016-08-04 20:41:00,2016-08-04 20:44:00,5497.0,5497.0,5498.0,5497.0,5501.0,5502.0,5502.0,5501.0,2
2016-08-04 20:44:00,2016-08-04 20:45:00,5497.0,5496.0,5498.0,5496.0,5502.0,5501.0,5501.0,5500.0,3
2016-08-04 20:45:00,2016-08-04 20:49:00,5496.0,5497.0,5497.0,5497.0,5501.0,5505.0,5505.0,5502.0,4
2016-08-04 20:49:00,2016-08-04 20:50:00,5497.0,5500.0,5500.0,5497.0,5505.0,5504.0,5504.0,5504.0,2
2016-08-04 20:50:00,2016-08-04 20:54:00,5500.0,5501.0,5501.0,5501.0,5504.0,5504.0,5504.0,5504.0,1
2016-08-04 20:54:00,2016-08-04 20:55:00,5501.0,5501.0,5501.0,5500.0,5504.0,5504.0,5504.0,5504.0,2
2016-08-04 20:55:00,2016-08-04 20:56:00,5501.0,5497.0,5502.0,5497.0,5504.0,5503.0,5503.0,5502.0,3
2016-08-04 20:56:00,2016-08-04 20:57:00,5497.0,5500.0,5500.0,5500.0,5503.0,5504.0,5504.0,5503.0,2
2016-08-04 20:57:00,2016-08-04 20:58:00,5500.0,5500.0,5500.0,5500.0,5504.0,5504.0,5504.0,5503.0,2
2016-08-04 20:58:00,2016-08-04 20:59:00,5500.0,5499.0,5500.0,5499.0,5504.0,5504.0,5504.0,5503.0,3
2016-08-04 20:59:00,2016-08-04 23:50:00,5499.0,5504.0,5507.0,5502.0,5504.0,5506.0,5509.0,5504.0,42
2016-08-04 23:50:00,2016-08-04 23:51:00,5504.0,5503.0,5505.0,5503.0,5506.0,5505.0,5506.0,5504.0,20
2016-08-04 23:51:00,2016-08-04 23:52:00,5503.0,5501.0,5504.0,5501.0,5505.0,5503.0,5505.0,5502.0,11
2016-08-04 23:52:00,2016-08-04 23:53:00,5501.0,5500.0,5501.0,5500.0,5503.0,5502.0,5504.0,5502.0,5
2016-08-04 23:53:00,2016-08-04 23:54:00,5500.0,5500.0,5501.0,5500.0,5502.0,5502.0,5502.0,5502.0,2
2016-08-04 23:54:00,2016-08-04 23:56:00,5500.0,5499.0,5499.0,5498.0,5501.0,5500.0,5501.0,5499.0,22
2016-08-04 23:56:00,2016-08-04 23:58:00,5499.0,5500.0,5500.0,5498.0,5500.0,5501.0,5501.0,5499.0,12
2016-08-04 23:58:00,2016-08-04 23:59:00,5500.0,5499.0,5500.0,5498.0,5501.0,5500.0,5502.0,5499.0,11
2016-08-04 23:59:00,2016-08-05 00:00:00,5499.0,5500.0,5500.0,5498.0,5500.0,5502.0,5502.0,5499.0,23
2016-08-05 00:00:00,2016-08-05 00:01:00,5500.0,5501.0,5502.0,5500.0,5502.0,5503.0,5503.0,5501.0,28
2016-08-05 00:01:00,2016-08-05 00:02:00,5501.0,5501.0,5502.0,5500.0,5503.0,5503.0,5503.0,5501.0,32
2016-08-05 00:02:00,2016-08-05 00:03:00,5501.0,5499.0,5502.0,5498.0,5503.0,5500.0,5503.0,5499.0,24
2016-08-05 00:03:00,2016-08-05 00:04:00,5499.0,5505.0,5506.0,5498.0,5500.0,5507.0,5507.0,5500.0,55
2016-08-05 00:04:00,2016-08-05 00:05:00,5505.0,5504.0,5505.0,5502.0,5507.0,5506.0,5506.0,5505.0,33
2016-08-05 00:05:00,2016-08-05 00:06:00,5504.0,5504.0,5506.0,5503.0,5506.0,5505.0,5507.0,5505.0,14
2016-08-05 00:06:00,2016-08-05 00:07:00,5504.0,5500.0,5505.0,5500.0,5505.0,5501.0,5506.0,5501.0,31
2016-08-05 00:07:00,2016-08-05 00:08:00,5500.0,5502.0,5503.0,5500.0,5501.0,5504.0,5505.0,5501.0,27
2016-08-05 00:08:00,2016-08-05 00:09:00,5502.0,5504.0,5504.0,5501.0,5504.0,5506.0,5506.0,5502.0,12
2016-08-05 00:09:00,2016-08-05 00:10:00,5504.0,5507.0,5507.0,5504.0,5506.0,5509.0,5509.0,5505.0,29
2016-08-05 00:10:00,2016-08-05 00:11:00,5507.0,5506.0,5508.0,5505.0,5509.0,5508.0,5509.0,5506.0,25
2016-08-05 00:11:00,2016-08-05 00:12:00,5506.0,5506.0,5507.0,5505.0,5508.0,5508.0,5508.0,5506.0,15
2016-08-05 00:12:00,2016-08-05 00:13:00,5506.0,5507.0,5508.0,5505.0,5508.0,5509.0,5509.0,5507.0,18
2016-08-05 00:13:00,2016-08-05 00:14:00,5507.0,5507.0,5508.0,5507.0,5509.0,5508.0,5510.0,5508.0,16
2016-08-05 00:14:00,2016-08-05 00:15:00,5507.0,5508.0,5508.0,5506.0,5508.0,5509.0,5509.0,5507.0,16
2016-08-05 00:15:00,2016-08-05 00:17:00,5507.0,5509.0,5510.0,5507.0,5508.0,5511.0,5511.0,5508.0,20
2016-08-05 00:17:00,2016-08-05 00:18:00,5509.0,5507.0,5510.0,5506.0,5511.0,5508.0,5511.0,5508.0,18
2016-08-05 00:18:00,2016-08-05 00:19:00,5507.0,5508.0,5508.0,5507.0,5508.0,5509.0,5509.0,5508.0,10
2016-08-05 00:19:00,2016-08-05 00:20:00,5508.0,5505.0,5509.0,5504.0,5509.0,5506.0,5510.0,5505.0,19
2016-08-05 00:20:00,2016-08-05 00:21:00,5505.0,5504.0,5505.0,5503.0,5506.0,5505.0,5506.0,5504.0,11
2016-08-05 00:21:00,2016-08-05 00:22:00,5504.0,5504.0,5505.0,5504.0,5505.0,5506.0,5506.0,5505.0,10
2016-08-05 00:22:00,2016-08-05 00:23:00,5504.0,5504.0,5505.0,5503.0,5506.0,5505.0,5506.0,5504.0,12
2016-08-05 00:23:00,2016-08-05 00:24:00,5504.0,5502.0,5504.0,5501.0,5505.0,5503.0,5505.0,5502.0,9
2016-08-05 00:24:00,2016-08-05 00:26:00,5503.0,5504.0,5504.0,5502.0,5504.0,5505.0,5505.0,5504.0,3
2016-08-05 00:26:00,2016-08-05 00:27:00,5504.0,5502.0,5503.0,5502.0,5505.0,5503.0,5505.0,5503.0,5
2016-08-05 00:27:00,2016-08-05 00:28:00,5502.0,5504.0,5504.0,5503.0,5503.0,5506.0,5506.0,5504.0,7
2016-08-05 00:28:00,2016-08-05 00:29:00,5504.0,5503.0,5504.0,5503.0,5506.0,5504.0,5505.0,5504.0,2
2016-08-05 00:29:00,2016-08-05 00:30:00,5503.0,5505.0,5505.0,5503.0,5504.0,5506.0,5506.0,5505.0,7
2016-08-05 00:30:00,2016-08-05 00:31:00,5505.0,5506.0,5506.0,5504.0,5506.0,5507.0,5507.0,5506.0,4
2016-08-05 00:31:00,2016-08-05 00:32:00,5506.0,5506.0,5507.0,5505.0,5507.0,5507.0,5508.0,5506.0,10
2016-08-05 00:32:00,2016-08-05 00:33:00,5506.0,5504.0,5505.0,5503.0,5507.0,5506.0,5506.0,5504.0,8
2016-08-05 00:33:00,2016-08-05 00:34:00,5504.0,5504.0,5505.0,5504.0,5506.0,5506.0,5506.0,5505.0,4
2016-08-05 00:34:00,2016-08-05 00:35:00,5504.0,5505.0,5506.0,5505.0,5506.0,5506.0,5507.0,5506.0,12
2016-08-05 00:35:00,2016-08-05 00:36:00,5505.0,5503.0,5504.0,5502.0,5506.0,5504.0,5506.0,5504.0,7
2016-08-05 00:36:00,2016-08-05 00:37:00,5503.0,5503.0,5503.0,5502.0,5504.0,5504.0,5505.0,5503.0,5
2016-08-05 00:37:00,2016-08-05 00:38:00,5503.0,5504.0,5505.0,5504.0,5504.0,5505.0,5506.0,5505.0,6
2016-08-05 00:38:00,2016-08-05 00:39:00,5504.0,5504.0,5504.0,5504.0,5505.0,5506.0,5506.0,5506.0,1
2016-08-05 00:39:00,2016-08-05 00:40:00,5504.0,5506.0,5506.0,5505.0,5506.0,5507.0,5507.0,5506.0,6
2016-08-05 00:40:00,2016-08-05 00:42:00,5504.0,5503.0,5504.0,5503.0,5505.0,5504.0,5506.0,5504.0,4
2016-08-05 00:42:00,2016-08-05 00:43:00,5503.0,5504.0,5504.0,5501.0,5504.0,5505.0,5505.0,5502.0,8
2016-08-05 00:43:00,2016-08-05 00:44:00,5504.0,5504.0,5505.0,5503.0,5505.0,5506.0,5506.0,5504.0,7
2016-08-05 00:44:00,2016-08-05 00:45:00,5504.0,5505.0,5505.0,5504.0,5506.0,5506.0,5506.0,5505.0,3
2016-08-05 00:45:00,2016-08-05 00:47:00,5503.0,5503.0,5504.0,5503.0,5505.0,5504.0,5505.0,5504.0,4
2016-08-05 00:47:00,2016-08-05 00:49:00,5503.0,5501.0,5503.0,5501.0,5504.0,5502.0,5504.0,5502.0,7
2016-08-05 00:49:00,2016-08-05 00:50:00,5501.0,5499.0,5500.0,5498.0,5502.0,5500.0,5502.0,5500.0,7
2016-08-05 00:50:00,2016-08-05 00:51:00,5499.0,5500.0,5501.0,5499.0,5500.0,5502.0,5502.0,5501.0,11
2016-08-05 00:51:00,2016-08-05 00:52:00,5500.0,5499.0,5500.0,5499.0,5502.0,5501.0,5501.0,5500.0,7
2016-08-05 00:52:00,2016-08-05 00:53:00,5499.0,5500.0,5500.0,5499.0,5501.0,5501.0,5501.0,5500.0,5
2016-08-05 00:53:00,2016-08-05 00:54:00,5500.0,5500.0,5501.0,5499.0,5501.0,5502.0,5503.0,5501.0,16
2016-08-05 00:54:00,2016-08-05 00:55:00,5500.0,5500.0,5501.0,5500.0,5502.0,5501.0,5502.0,5501.0,5
2016-08-05 00:55:00,2016-08-05 00:56:00,5500.0,5500.0,5500.0,5500.0,5501.0,5502.0,5502.0,5501.0,3
2016-08-05 00:56:00,2016-08-05 00:57:00,5500.0,5501.0,5501.0,5501.0,5502.0,5502.0,5503.0,5502.0,5
2016-08-05 00:57:00,2016-08-05 00:58:00,5501.0,5499.0,5501.0,5499.0,5502.0,5501.0,5502.0,5501.0,25
2016-08-05 00:58:00,2016-08-05 00:59:00,5499.0,5501.0,5502.0,5500.0,5501.0,5503.0,5503.0,5501.0,6
2016-08-05 00:59:00,2016-08-05 01:00:00,5501.0,5501.0,5502.0,5501.0,5503.0,5503.0,5503.0,5502.0,10
2016-08-05 01:00:00,2016-08-05 01:01:00,5501.0,5499.0,5501.0,5499.0,5503.0,5501.0,5502.0,5500.0,5
2016-08-05 01:01:00,2016-08-05 01:02:00,5499.0,5499.0,5500.0,5498.0,5501.0,5500.0,5501.0,5499.0,7
2016-08-05 01:02:00,2016-08-05 01:03:00,5499.0,5498.0,5499.0,5496.0,5500.0,5499.0,5501.0,5498.0,14
2016-08-05 01:03:00,2016-08-05 01:04:00,5498.0,5496.0,5497.0,5495.0,5499.0,5497.0,5499.0,5496.0,13
2016-08-05 01:04:00,2016-08-05 01:05:00,5496.0,5495.0,5496.0,5495.0,5497.0,5496.0,5497.0,5496.0,23
2016-08-05 01:05:00,2016-08-05 01:06:00,5495.0,5496.0,5497.0,5495.0,5496.0,5497.0,5498.0,5496.0,21
2016-08-05 01:06:00,2016-08-05 01:07:00,5496.0,5495.0,5496.0,5495.0,5497.0,5497.0,5497.0,5496.0,10
2016-08-05 01:07:00,2016-08-05 01:08:00,5495.0,5494.0,5495.0,5494.0,5497.0,5496.0,5496.0,5495.0,11
2016-08-05 01:08:00,2016-08-05 01:09:00,5494.0,5494.0,5494.0,5493.0,5496.0,5495.0,5496.0,5494.0,15
2016-08-05 01:09:00,2016-08-05 01:10:00,5494.0,5495.0,5496.0,5494.0,5495.0,5496.0,5497.0,5495.0,16
2016-08-05 01:10:00,2016-08-05 01:11:00,5495.0,5497.0,5497.0,5496.0,5496.0,5498.0,5498.0,5497.0,3
2016-08-05 01:11:00,2016-08-05 01:13:00,5497.0,5497.0,5498.0,5497.0,5499.0,5499.0,5499.0,5498.0,16
2016-08-05 01:13:00,2016-08-05 01:14:00,5497.0,5499.0,5500.0,5498.0,5499.0,5500.0,5501.0,5499.0,9
2016-08-05 01:14:00,2016-08-05 01:15:00,5499.0,5500.0,5500.0,5498.0,5500.0,5501.0,5501.0,5499.0,20
2016-08-05 01:15:00,2016-08-05 01:16:00,5500.0,5499.0,5500.0,5499.0,5501.0,5501.0,5502.0,5500.0,11
2016-08-05 01:16:00,2016-08-05 01:17:00,5499.0,5498.0,5499.0,5497.0,5501.0,5499.0,5500.0,5499.0,5
2016-08-05 01:17:00,2016-08-05 01:18:00,5498.0,5501.0,5502.0,5498.0,5499.0,5503.0,5503.0,5500.0,17
2016-08-05 01:18:00,2016-08-05 01:19:00,5501.0,5500.0,5502.0,5499.0,5503.0,5501.0,5503.0,5501.0,23
2016-08-05 01:19:00,2016-08-05 01:20:00,5500.0,5499.0,5500.0,5499.0,5501.0,5501.0,5501.0,5501.0,9
2016-08-05 01:20:00,2016-08-05 01:21:00,5499.0,5500.0,5500.0,5499.0,5501.0,5501.0,5502.0,5500.0,17
2016-08-05 01:21:00,2016-08-05 01:23:00,5500.0,5502.0,5502.0,5500.0,5501.0,5503.0,5503.0,5502.0,10
2016-08-05 01:23:00,2016-08-05 01:24:00,5502.0,5501.0,5502.0,5500.0,5503.0,5502.0,5503.0,5501.0,11
2016-08-05 01:24:00,2016-08-05 01:25:00,5501.0,5500.0,5502.0,5500.0,5502.0,5502.0,5503.0,5502.0,11
2016-08-05 01:25:00,2016-08-05 01:26:00,5500.0,5501.0,5501.0,5501.0,5502.0,5503.0,5503.0,5502.0,2
2016-08-05 01:26:00,2016-08-05 01:27:00,5501.0,5504.0,5505.0,5501.0,5503.0,5505.0,5506.0,5502.0,22
2016-08-05 01:27:00,2016-08-05 01:28:00,5504.0,5502.0,5505.0,5502.0,5505.0,5504.0,5506.0,5503.0,15
2016-08-05 01:28:00,2016-08-05 01:29:00,5502.0,5501.0,5502.0,5500.0,5504.0,5502.0,5503.0,5502.0,10
2016-08-05 01:29:00,2016-08-05 01:30:00,5501.0,5503.0,5503.0,5501.0,5502.0,5504.0,5504.0,5503.0,32
2016-08-05 01:30:00,2016-08-05 01:31:00,5503.0,5503.0,5504.0,5501.0,5504.0,5505.0,5505.0,5503.0,10
2016-08-05 01:31:00,2016-08-05 01:32:00,5503.0,5503.0,5505.0,5503.0,5505.0,5504.0,5506.0,5504.0,12
2016-08-05 01:32:00,2016-08-05 01:33:00,5503.0,5502.0,5503.0,5502.0,5504.0,5503.0,5504.0,5503.0,7
2016-08-05 01:33:00,2016-08-05 01:34:00,5502.0,5501.0,5503.0,5501.0,5503.0,5503.0,5504.0,5502.0,9
2016-08-05 01:34:00,2016-08-05 01:35:00,5501.0,5500.0,5502.0,5500.0,5503.0,5501.0,5503.0,5501.0,11
2016-08-05 01:35:00,2016-08-05 01:36:00,5500.0,5502.0,5502.0,5501.0,5501.0,5503.0,5503.0,5502.0,3
2016-08-05 01:36:00,2016-08-05 01:37:00,5502.0,5501.0,5504.0,5501.0,5503.0,5503.0,5505.0,5503.0,11
2016-08-05 01:37:00,2016-08-05 01:39:00,5502.0,5500.0,5501.0,5500.0,5503.0,5502.0,5502.0,5501.0,13
2016-08-05 01:39:00,2016-08-05 01:40:00,5500.0,5501.0,5501.0,5499.0,5502.0,5502.0,5502.0,5500.0,7
2016-08-05 01:40:00,2016-08-05 01:41:00,5501.0,5501.0,5502.0,5500.0,5502.0,5502.0,5503.0,5502.0,11
2016-08-05 01:41:00,2016-08-05 01:42:00,5501.0,5503.0,5503.0,5501.0,5502.0,5504.0,5505.0,5503.0,11
2016-08-05 01:42:00,2016-08-05 01:44:00,5504.0,5502.0,5504.0,5502.0,5505.0,5504.0,5505.0,5504.0,17
2016-08-05 01:44:00,2016-08-05 01:45:00,5502.0,5505.0,5506.0,5503.0,5504.0,5506.0,5507.0,5504.0,22
2016-08-05 01:45:00,2016-08-05 01:46:00,5505.0,5504.0,5506.0,5503.0,5506.0,5506.0,5508.0,5505.0,21
2016-08-05 01:46:00,2016-08-05 01:47:00,5504.0,5506.0,5508.0,5504.0,5506.0,5507.0,5509.0,5505.0,24
2016-08-05 01:47:00,2016-08-05 01:48:00,5506.0,5503.0,5507.0,5503.0,5507.0,5504.0,5508.0,5504.0,18
2016-08-05 01:48:00,2016-08-05 01:49:00,5503.0,5503.0,5504.0,5502.0,5504.0,5505.0,5505.0,5504.0,8
2016-08-05 01:49:00,2016-08-05 01:50:00,5503.0,5506.0,5507.0,5504.0,5505.0,5507.0,5508.0,5505.0,27
2016-08-05 01:50:00,2016-08-05 01:51:00,5506.0,5505.0,5505.0,5504.0,5507.0,5506.0,5507.0,5505.0,14
2016-08-05 01:51:00,2016-08-05 01:52:00,5505.0,5505.0,5506.0,5504.0,5506.0,5507.0,5507.0,5506.0,16
2016-08-05 01:52:00,2016-08-05 01:53:00,5505.0,5505.0,5506.0,5505.0,5507.0,5507.0,5507.0,5506.0,3
2016-08-05 01:53:00,2016-08-05 01:54:00,5505.0,5504.0,5504.0,5503.0,5507.0,5505.0,5506.0,5505.0,4
2016-08-05 01:54:00,2016-08-05 01:55:00,5504.0,5506.0,5506.0,5504.0,5505.0,5507.0,5507.0,5506.0,8
2016-08-05 01:55:00,2016-08-05 01:56:00,5506.0,5505.0,5505.0,5504.0,5507.0,5506.0,5507.0,5506.0,8
2016-08-05 01:56:00,2016-08-05 01:57:00,5505.0,5504.0,5507.0,5504.0,5506.0,5505.0,5508.0,5505.0,11
2016-08-05 01:57:00,2016-08-05 01:58:00,5504.0,5503.0,5504.0,5503.0,5505.0,5505.0,5506.0,5505.0,3
2016-08-05 01:58:00,2016-08-05 01:59:00,5503.0,5504.0,5504.0,5503.0,5505.0,5506.0,5506.0,5504.0,17
2016-08-05 01:59:00,2016-08-05 02:00:00,5504.0,5504.0,5506.0,5504.0,5506.0,5506.0,5507.0,5505.0,18
2016-08-05 02:00:00,2016-08-05 02:01:00,5504.0,5504.0,5505.0,5503.0,5506.0,5505.0,5506.0,5504.0,6
2016-08-05 02:01:00,2016-08-05 02:03:00,5504.0,5503.0,5504.0,5503.0,5505.0,5505.0,5505.0,5504.0,12
2016-08-05 02:03:00,2016-08-05 02:04:00,5503.0,5505.0,5505.0,5504.0,5505.0,5506.0,5506.0,5505.0,4
2016-08-05 02:04:00,2016-08-05 02:07:00,5506.0,5507.0,5507.0,5506.0,5507.0,5508.0,5508.0,5507.0,13
2016-08-05 02:07:00,2016-08-05 02:08:00,5507.0,5507.0,5509.0,5506.0,5508.0,5508.0,5510.0,5507.0,19
2016-08-05 02:08:00,2016-08-05 02:09:00,5507.0,5507.0,5508.0,5506.0,5508.0,5509.0,5509.0,5507.0,11
2016-08-05 02:09:00,2016-08-05 02:10:00,5507.0,5507.0,5508.0,5505.0,5509.0,5508.0,5509.0,5506.0,19
2016-08-05 02:10:00,2016-08-05 02:11:00,5507.0,5509.0,5509.0,5507.0,5508.0,5510.0,5510.0,5509.0,6
2016-08-05 02:11:00,2016-08-05 02:12:00,5509.0,5507.0,5508.0,5507.0,5510.0,5509.0,5510.0,5508.0,9
2016-08-05 02:12:00,2016-08-05 02:13:00,5507.0,5509.0,5509.0,5507.0,5509.0,5510.0,5510.0,5509.0,7
2016-08-05 02:13:00,2016-08-05 02:14:00,5509.0,5508.0,5510.0,5508.0,5510.0,5510.0,5511.0,5510.0,12
2016-08-05 02:14:00,2016-08-05 02:15:00,5508.0,5509.0,5509.0,5508.0,5510.0,5510.0,5511.0,5509.0,10
2016-08-05 02:15:00,2016-08-05 02:16:00,5509.0,5511.0,5511.0,5510.0,5510.0,5512.0,5512.0,5511.0,5
2016-08-05 02:16:00,2016-08-05 02:17:00,5511.0,5509.0,5512.0,5509.0,5512.0,5510.0,5513.0,5510.0,23
2016-08-05 02:17:00,2016-08-05 02:18:00,5509.0,5511.0,5512.0,5509.0,5510.0,5513.0,5513.0,5511.0,14
2016-08-05 02:18:00,2016-08-05 02:19:00,5511.0,5511.0,5512.0,5511.0,5513.0,5513.0,5513.0,5512.0,8
2016-08-05 02:19:00,2016-08-05 02:20:00,5511.0,5514.0,5516.0,5511.0,5513.0,5516.0,5517.0,5512.0,30
2016-08-05 02:20:00,2016-08-05 02:21:00,5514.0,5514.0,5515.0,5514.0,5516.0,5515.0,5516.0,5515.0,20
2016-08-05 02:21:00,2016-08-05 02:23:00,5515.0,5512.0,5515.0,5512.0,5516.0,5514.0,5516.0,5514.0,21
2016-08-05 02:23:00,2016-08-05 02:24:00,5512.0,5513.0,5513.0,5513.0,5514.0,5514.0,5515.0,5514.0,3
2016-08-05 02:24:00,2016-08-05 02:25:00,5513.0,5514.0,5515.0,5514.0,5514.0,5515.0,5516.0,5515.0,3
2016-08-05 02:25:00,2016-08-05 02:26:00,5514.0,5512.0,5515.0,5512.0,5515.0,5514.0,5516.0,5513.0,22
2016-08-05 02:26:00,2016-08-05 02:27:00,5512.0,5512.0,5513.0,5511.0,5514.0,5513.0,5514.0,5512.0,10
2016-08-05 02:27:00,2016-08-05 02:28:00,5512.0,5510.0,5512.0,5510.0,5513.0,5511.0,5513.0,5511.0,7
2016-08-05 02:28:00,2016-08-05 02:29:00,5510.0,5510.0,5511.0,5510.0,5511.0,5512.0,5512.0,5511.0,4
2016-08-05 02:29:00,2016-08-05 02:30:00,5510.0,5510.0,5511.0,5510.0,5512.0,5511.0,5512.0,5511.0,13
2016-08-05 02:30:00,2016-08-05 02:31:00,5510.0,5508.0,5510.0,5508.0,5511.0,5509.0,5511.0,5509.0,9
2016-08-05 02:31:00,2016-08-05 02:32:00,5508.0,5509.0,5510.0,5508.0,5509.0,5510.0,5511.0,5510.0,13
2016-08-05 02:32:00,2016-08-05 02:33:00,5509.0,5509.0,5510.0,5508.0,5510.0,5511.0,5511.0,5509.0,8
2016-08-05 02:33:00,2016-08-05 02:36:00,5509.0,5507.0,5508.0,5507.0,5510.0,5509.0,5509.0,5509.0,2
2016-08-05 02:36:00,2016-08-05 02:37:00,5507.0,5507.0,5508.0,5507.0,5509.0,5509.0,5509.0,5508.0,4
2016-08-05 02:37:00,2016-08-05 02:38:00,5507.0,5507.0,5508.0,5507.0,5509.0,5508.0,5509.0,5508.0,5
2016-08-05 02:38:00,2016-08-05 02:40:00,5507.0,5507.0,5508.0,5507.0,5508.0,5508.0,5509.0,5508.0,7
2016-08-05 02:40:00,2016-08-05 02:42:00,5508.0,5508.0,5509.0,5507.0,5509.0,5509.0,5510.0,5509.0,6
2016-08-05 02:42:00,2016-08-05 02:44:00,5509.0,5507.0,5508.0,5507.0,5510.0,5509.0,5510.0,5508.0,6
2016-08-05 02:44:00,2016-08-05 02:46:00,5507.0,5508.0,5508.0,5507.0,5509.0,5509.0,5509.0,5508.0,11
2016-08-05 02:46:00,2016-08-05 02:47:00,5508.0,5506.0,5507.0,5506.0,5509.0,5507.0,5509.0,5507.0,8
2016-08-05 02:47:00,2016-08-05 02:48:00,5506.0,5505.0,5506.0,5505.0,5507.0,5506.0,5507.0,5506.0,8
2016-08-05 02:48:00,2016-08-05 02:49:00,5505.0,5502.0,5506.0,5502.0,5506.0,5504.0,5507.0,5503.0,21
2016-08-05 02:49:00,2016-08-05 02:51:00,5503.0,5505.0,5505.0,5504.0,5504.0,5506.0,5506.0,5505.0,7
2016-08-05 02:51:00,2016-08-05 02:53:00,5506.0,5506.0,5506.0,5505.0,5507.0,5507.0,5507.0,5506.0,2
2016-08-05 02:53:00,2016-08-05 02:54:00,5506.0,5503.0,5505.0,5503.0,5507.0,5505.0,5507.0,5504.0,9
2016-08-05 02:54:00,2016-08-05 02:58:00,5505.0,5503.0,5504.0,5503.0,5506.0,5504.0,5505.0,5504.0,3
2016-08-05 02:58:00,2016-08-05 02:59:00,5503.0,5502.0,5504.0,5502.0,5504.0,5504.0,5505.0,5503.0,8
2016-08-05 02:59:00,2016-08-05 03:03:00,5502.0,5502.0,5502.0,5501.0,5503.0,5503.0,5503.0,5502.0,11
2016-08-05 03:03:00,2016-08-05 03:06:00,5503.0,5503.0,5505.0,5503.0,5504.0,5505.0,5506.0,5505.0,7
2016-08-05 03:06:00,2016-08-05 03:08:00,5503.0,5502.0,5503.0,5502.0,5504.0,5504.0,5504.0,5503.0,3
2016-08-05 03:08:00,2016-08-05 03:09:00,5502.0,5502.0,5503.0,5502.0,5504.0,5504.0,5504.0,5503.0,6
2016-08-05 03:09:00,2016-08-05 03:10:00,5502.0,5503.0,5503.0,5502.0,5504.0,5504.0,5504.0,5503.0,7
2016-08-05 03:10:00,2016-08-05 03:11:00,5503.0,5503.0,5504.0,5502.0,5504.0,5504.0,5505.0,5503.0,7
2016-08-05 03:11:00,2016-08-05 03:12:00,5503.0,5502.0,5502.0,5502.0,5504.0,5504.0,5504.0,5503.0,3
2016-08-05 03:12:00,2016-08-05 03:13:00,5502.0,5500.0,5503.0,5500.0,5504.0,5502.0,5504.0,5501.0,13
2016-08-05 03:13:00,2016-08-05 03:14:00,5500.0,5502.0,5502.0,5501.0,5502.0,5503.0,5504.0,5502.0,7
2016-08-05 03:14:00,2016-08-05 03:15:00,5502.0,5503.0,5503.0,5502.0,5503.0,5505.0,5505.0,5504.0,5
2016-08-05 03:15:00,2016-08-05 03:17:00,5503.0,5501.0,5502.0,5501.0,5504.0,5503.0,5504.0,5502.0,6
2016-08-05 03:17:00,2016-08-05 03:18:00,5501.0,5502.0,5502.0,5501.0,5503.0,5503.0,5503.0,5502.0,4
2016-08-05 03:18:00,2016-08-05 03:19:00,5502.0,5501.0,5501.0,5501.0,5503.0,5503.0,5503.0,5503.0,1
2016-08-05 03:19:00,2016-08-05 03:20:00,5501.0,5501.0,5501.0,5500.0,5503.0,5502.0,5502.0,5501.0,4
2016-08-05 03:20:00,2016-08-05 03:22:00,5501.0,5501.0,5501.0,5500.0,5502.0,5503.0,5503.0,5501.0,10
2016-08-05 03:22:00,2016-08-05 03:23:00,5501.0,5502.0,5502.0,5501.0,5503.0,5503.0,5503.0,5502.0,12
2016-08-05 03:23:00,2016-08-05 03:24:00,5502.0,5502.0,5502.0,5501.0,5503.0,5503.0,5503.0,5502.0,31
2016-08-05 03:24:00,2016-08-05 03:25:00,5502.0,5501.0,5502.0,5501.0,5503.0,5503.0,5503.0,5503.0,9
2016-08-05 03:25:00,2016-08-05 03:26:00,5501.0,5503.0,5503.0,5501.0,5503.0,5504.0,5504.0,5502.0,13
2016-08-05 03:26:00,2016-08-05 03:27:00,5503.0,5502.0,5504.0,5501.0,5504.0,5503.0,5505.0,5502.0,14
2016-08-05 03:27:00,2016-08-05 03:28:00,5502.0,5502.0,5502.0,5501.0,5503.0,5503.0,5503.0,5502.0,9
2016-08-05 03:28:00,2016-08-05 03:29:00,5502.0,5502.0,5502.0,5501.0,5503.0,5503.0,5503.0,5502.0,13
2016-08-05 03:29:00,2016-08-05 03:30:00,5502.0,5502.0,5503.0,5502.0,5503.0,5503.0,5504.0,5503.0,15
2016-08-05 03:30:00,2016-08-05 03:33:00,5501.0,5502.0,5502.0,5501.0,5503.0,5503.0,5503.0,5502.0,3
2016-08-05 03:33:00,2016-08-05 03:35:00,5501.0,5500.0,5501.0,5500.0,5502.0,5502.0,5502.0,5501.0,9
2016-08-05 03:35:00,2016-08-05 03:36:00,5500.0,5501.0,5501.0,5499.0,5502.0,5502.0,5502.0,5500.0,6
2016-08-05 03:36:00,2016-08-05 03:38:00,5500.0,5502.0,5503.0,5500.0,5501.0,5504.0,5504.0,5501.0,13
2016-08-05 03:38:00,2016-08-05 03:39:00,5502.0,5503.0,5504.0,5502.0,5504.0,5504.0,5505.0,5503.0,15
2016-08-05 03:39:00,2016-08-05 03:40:00,5503.0,5502.0,5504.0,5502.0,5504.0,5504.0,5505.0,5503.0,6
2016-08-05 03:40:00,2016-08-05 03:41:00,5502.0,5503.0,5504.0,5503.0,5504.0,5504.0,5505.0,5504.0,7
2016-08-05 03:41:00,2016-08-05 03:44:00,5503.0,5501.0,5502.0,5501.0,5504.0,5503.0,5504.0,5503.0,5
2016-08-05 03:44:00,2016-08-05 03:45:00,5501.0,5503.0,5504.0,5501.0,5503.0,5505.0,5505.0,5503.0,17
2016-08-05 03:45:00,2016-08-05 03:46:00,5503.0,5504.0,5505.0,5503.0,5505.0,5505.0,5506.0,5504.0,9
2016-08-05 03:46:00,2016-08-05 03:47:00,5504.0,5504.0,5504.0,5503.0,5505.0,5505.0,5505.0,5504.0,4
2016-08-05 03:47:00,2016-08-05 03:48:00,5504.0,5503.0,5504.0,5503.0,5505.0,5505.0,5505.0,5504.0,7
2016-08-05 03:48:00,2016-08-05 03:49:00,5503.0,5502.0,5504.0,5502.0,5505.0,5504.0,5505.0,5503.0,12
2016-08-05 03:49:00,2016-08-05 03:50:00,5502.0,5503.0,5504.0,5503.0,5504.0,5505.0,5505.0,5504.0,3
2016-08-05 03:50:00,2016-08-05 03:51:00,5503.0,5503.0,5505.0,5503.0,5505.0,5505.0,5506.0,5505.0,8
2016-08-05 03:51:00,2016-08-05 03:52:00,5503.0,5503.0,5504.0,5503.0,5505.0,5505.0,5505.0,5504.0,7
2016-08-05 03:52:00,2016-08-05 03:53:00,5503.0,5505.0,5506.0,5504.0,5505.0,5506.0,5507.0,5505.0,9
2016-08-05 03:53:00,2016-08-05 03:55:00,5506.0,5506.0,5506.0,5505.0,5507.0,5507.0,5507.0,5506.0,6
2016-08-05 03:55:00,2016-08-05 03:57:00,5505.0,5504.0,5505.0,5504.0,5506.0,5506.0,5506.0,5505.0,7
2016-08-05 03:57:00,2016-08-05 03:58:00,5504.0,5504.0,5505.0,5504.0,5506.0,5505.0,5507.0,5505.0,3
2016-08-05 03:58:00,2016-08-05 03:59:00,5504.0,5506.0,5506.0,5504.0,5505.0,5507.0,5507.0,5505.0,8
2016-08-05 03:59:00,2016-08-05 04:00:00,5506.0,5505.0,5506.0,5505.0,5507.0,5507.0,5507.0,5506.0,6
2016-08-05 04:00:00,2016-08-05 04:01:00,5505.0,5505.0,5505.0,5505.0,5507.0,5506.0,5507.0,5506.0,3
2016-08-05 04:01:00,2016-08-05 04:04:00,5504.0,5504.0,5504.0,5503.0,5505.0,5506.0,5506.0,5504.0,6
2016-08-05 04:04:00,2016-08-05 04:05:00,5504.0,5504.0,5505.0,5504.0,5506.0,5505.0,5506.0,5505.0,7
2016-08-05 04:05:00,2016-08-05 04:08:00,5503.0,5503.0,5504.0,5502.0,5505.0,5505.0,5506.0,5504.0,6
2016-08-05 04:08:00,2016-08-05 04:09:00,5503.0,5503.0,5503.0,5503.0,5505.0,5505.0,5505.0,5504.0,2
2016-08-05 04:09:00,2016-08-05 04:10:00,5503.0,5503.0,5504.0,5501.0,5505.0,5505.0,5505.0,5504.0,11
2016-08-05 04:10:00,2016-08-05 04:11:00,5503.0,5502.0,5504.0,5502.0,5505.0,5504.0,5505.0,5504.0,8
2016-08-05 04:11:00,2016-08-05 04:12:00,5502.0,5502.0,5503.0,5502.0,5504.0,5503.0,5504.0,5503.0,6
2016-08-05 04:12:00,2016-08-05 04:15:00,5501.0,5502.0,5502.0,5501.0,5502.0,5503.0,5503.0,5502.0,5
2016-08-05 04:15:00,2016-08-05 04:17:00,5502.0,5502.0,5503.0,5502.0,5504.0,5504.0,5504.0,5503.0,5
2016-08-05 04:17:00,2016-08-05 04:18:00,5502.0,5502.0,5502.0,5501.0,5504.0,5503.0,5503.0,5502.0,5
2016-08-05 04:18:00,2016-08-05 04:21:00,5501.0,5501.0,5502.0,5501.0,5502.0,5502.0,5503.0,5502.0,7
2016-08-05 04:21:00,2016-08-05 04:24:00,5501.0,5500.0,5500.0,5499.0,5502.0,5501.0,5501.0,5500.0,7
2016-08-05 04:24:00,2016-08-05 04:25:00,5500.0,5499.0,5501.0,5499.0,5501.0,5501.0,5502.0,5500.0,6
2016-08-05 04:25:00,2016-08-05 04:32:00,5500.0,5501.0,5501.0,5499.0,5501.0,5502.0,5502.0,5500.0,5
2016-08-05 04:32:00,2016-08-05 04:33:00,5501.0,5499.0,5500.0,5499.0,5502.0,5501.0,5502.0,5500.0,7
2016-08-05 04:33:00,2016-08-05 04:34:00,5499.0,5500.0,5500.0,5498.0,5501.0,5501.0,5502.0,5500.0,6
2016-08-05 04:34:00,2016-08-05 04:42:00,5499.0,5498.0,5498.0,5498.0,5500.0,5499.0,5499.0,5499.0,1
2016-08-05 04:42:00,2016-08-05 04:43:00,5498.0,5497.0,5498.0,5497.0,5499.0,5499.0,5499.0,5498.0,9
2016-08-05 04:43:00,2016-08-05 04:44:00,5497.0,5498.0,5498.0,5496.0,5499.0,5499.0,5500.0,5498.0,5
2016-08-05 04:44:00,2016-08-05 04:46:00,5498.0,5494.0,5497.0,5494.0,5499.0,5498.0,5499.0,5497.0,5
2016-08-05 04:46:00,2016-08-05 04:47:00,5494.0,5496.0,5497.0,5496.0,5498.0,5497.0,5498.0,5497.0,8
2016-08-05 04:47:00,2016-08-05 04:48:00,5496.0,5495.0,5496.0,5495.0,5497.0,5497.0,5497.0,5497.0,3
2016-08-05 04:48:00,2016-08-05 04:50:00,5495.0,5496.0,5497.0,5495.0,5496.0,5497.0,5498.0,5497.0,5
2016-08-05 04:50:00,2016-08-05 04:52:00,5495.0,5495.0,5496.0,5495.0,5497.0,5497.0,5497.0,5496.0,6
2016-08-05 04:52:00,2016-08-05 04:53:00,5495.0,5495.0,5495.0,5495.0,5497.0,5496.0,5497.0,5496.0,5
2016-08-05 04:53:00,2016-08-05 04:55:00,5495.0,5496.0,5496.0,5494.0,5496.0,5497.0,5497.0,5496.0,6
2016-08-05 04:55:00,2016-08-05 04:56:00,5496.0,5497.0,5497.0,5496.0,5497.0,5499.0,5500.0,5498.0,7
2016-08-05 04:56:00,2016-08-05 04:58:00,5497.0,5496.0,5498.0,5496.0,5498.0,5500.0,5500.0,5499.0,3
2016-08-05 04:58:00,2016-08-05 04:59:00,5496.0,5497.0,5498.0,5497.0,5500.0,5499.0,5499.0,5498.0,6
2016-08-05 04:59:00,2016-08-05 05:02:00,5497.0,5499.0,5499.0,5497.0,5498.0,5500.0,5501.0,5498.0,10
2016-08-05 05:02:00,2016-08-05 05:04:00,5499.0,5499.0,5500.0,5499.0,5500.0,5501.0,5501.0,5500.0,10
2016-08-05 05:04:00,2016-08-05 05:05:00,5499.0,5499.0,5500.0,5499.0,5501.0,5501.0,5501.0,5500.0,9
2016-08-05 05:05:00,2016-08-05 05:08:00,5499.0,5500.0,5500.0,5498.0,5500.0,5501.0,5502.0,5501.0,4
2016-08-05 05:08:00,2016-08-05 05:15:00,5500.0,5499.0,5501.0,5499.0,5501.0,5500.0,5502.0,5500.0,11
2016-08-05 05:15:00,2016-08-05 05:16:00,5499.0,5502.0,5502.0,5500.0,5500.0,5503.0,5503.0,5501.0,9
2016-08-05 05:16:00,2016-08-05 05:18:00,5502.0,5502.0,5503.0,5502.0,5503.0,5503.0,5504.0,5503.0,8
2016-08-05 05:18:00,2016-08-05 05:19:00,5502.0,5501.0,5501.0,5501.0,5503.0,5503.0,5503.0,5502.0,5
2016-08-05 05:19:00,2016-08-05 05:20:00,5501.0,5501.0,5502.0,5501.0,5503.0,5502.0,5503.0,5502.0,7
2016-08-05 05:20:00,2016-08-05 05:21:00,5501.0,5500.0,5501.0,5500.0,5502.0,5502.0,5502.0,5501.0,6
2016-08-05 05:21:00,2016-08-05 05:22:00,5500.0,5500.0,5501.0,5500.0,5502.0,5502.0,5502.0,5502.0,8
2016-08-05 05:22:00,2016-08-05 05:23:00,5500.0,5500.0,5502.0,5500.0,5502.0,5502.0,5503.0,5501.0,8
2016-08-05 05:23:00,2016-08-05 05:24:00,5500.0,5502.0,5502.0,5501.0,5502.0,5503.0,5503.0,5502.0,11
2016-08-05 05:24:00,2016-08-05 05:28:00,5502.0,5502.0,5503.0,5502.0,5504.0,5503.0,5504.0,5503.0,9
2016-08-05 05:28:00,2016-08-05 05:29:00,5502.0,5501.0,5503.0,5501.0,5503.0,5503.0,5504.0,5503.0,10
2016-08-05 05:29:00,2016-08-05 05:30:00,5501.0,5501.0,5502.0,5501.0,5503.0,5502.0,5503.0,5502.0,18
2016-08-05 05:30:00,2016-08-05 05:31:00,5501.0,5501.0,5502.0,5500.0,5502.0,5502.0,5503.0,5501.0,9
2016-08-05 05:31:00,2016-08-05 05:33:00,5501.0,5501.0,5501.0,5500.0,5503.0,5502.0,5502.0,5501.0,7
2016-08-05 05:33:00,2016-08-05 05:35:00,5501.0,5500.0,5501.0,5499.0,5502.0,5502.0,5504.0,5501.0,6
2016-08-05 05:35:00,2016-08-05 05:36:00,5500.0,5499.0,5501.0,5499.0,5502.0,5501.0,5502.0,5500.0,7
2016-08-05 05:36:00,2016-08-05 05:37:00,5499.0,5499.0,5500.0,5499.0,5501.0,5501.0,5501.0,5500.0,10
2016-08-05 05:37:00,2016-08-05 05:38:00,5499.0,5499.0,5499.0,5498.0,5501.0,5500.0,5501.0,5500.0,5
2016-08-05 05:38:00,2016-08-05 05:41:00,5500.0,5501.0,5501.0,5501.0,5501.0,5503.0,5503.0,5502.0,4
2016-08-05 05:41:00,2016-08-05 05:42:00,5501.0,5501.0,5502.0,5501.0,5503.0,5503.0,5503.0,5502.0,14
2016-08-05 05:42:00,2016-08-05 05:44:00,5502.0,5504.0,5505.0,5501.0,5503.0,5505.0,5506.0,5502.0,24
2016-08-05 05:44:00,2016-08-05 05:45:00,5504.0,5505.0,5506.0,5504.0,5505.0,5507.0,5507.0,5505.0,24
2016-08-05 05:45:00,2016-08-05 05:46:00,5505.0,5505.0,5506.0,5505.0,5507.0,5507.0,5507.0,5506.0,21
2016-08-05 05:46:00,2016-08-05 05:47:00,5505.0,5505.0,5506.0,5505.0,5507.0,5506.0,5507.0,5506.0,4
2016-08-05 05:47:00,2016-08-05 05:48:00,5505.0,5505.0,5505.0,5504.0,5506.0,5506.0,5506.0,5505.0,4
2016-08-05 05:48:00,2016-08-05 05:49:00,5505.0,5503.0,5504.0,5503.0,5506.0,5505.0,5506.0,5504.0,10
2016-08-05 05:49:00,2016-08-05 05:50:00,5503.0,5503.0,5504.0,5503.0,5505.0,5505.0,5505.0,5504.0,10
2016-08-05 05:50:00,2016-08-05 05:51:00,5503.0,5504.0,5504.0,5503.0,5505.0,5505.0,5505.0,5504.0,4
2016-08-05 05:51:00,2016-08-05 05:52:00,5504.0,5502.0,5503.0,5502.0,5505.0,5503.0,5504.0,5503.0,8
2016-08-05 05:52:00,2016-08-05 05:53:00,5502.0,5501.0,5501.0,5501.0,5503.0,5502.0,5503.0,5502.0,4
2016-08-05 05:53:00,2016-08-05 05:54:00,5501.0,5502.0,5503.0,5502.0,5502.0,5503.0,5504.0,5503.0,6
2016-08-05 05:54:00,2016-08-05 05:56:00,5503.0,5501.0,5503.0,5501.0,5504.0,5502.0,5504.0,5502.0,10
2016-08-05 05:56:00,2016-08-05 05:57:00,5501.0,5502.0,5503.0,5500.0,5502.0,5503.0,5504.0,5503.0,8
2016-08-05 05:57:00,2016-08-05 05:58:00,5502.0,5504.0,5504.0,5502.0,5503.0,5505.0,5505.0,5504.0,8
2016-08-05 05:58:00,2016-08-05 05:59:00,5504.0,5502.0,5503.0,5502.0,5505.0,5504.0,5504.0,5503.0,9
2016-08-05 05:59:00,2016-08-05 06:00:00,5502.0,5502.0,5504.0,5501.0,5504.0,5503.0,5505.0,5503.0,26
2016-08-05 06:00:00,2016-08-05 06:01:00,5502.0,5502.0,5503.0,5502.0,5503.0,5504.0,5504.0,5503.0,10
2016-08-05 06:01:00,2016-08-05 06:02:00,5502.0,5497.0,5503.0,5497.0,5504.0,5499.0,5504.0,5498.0,30
2016-08-05 06:02:00,2016-08-05 06:03:00,5497.0,5499.0,5500.0,5497.0,5499.0,5501.0,5501.0,5498.0,17
2016-08-05 06:03:00,2016-08-05 06:04:00,5499.0,5498.0,5499.0,5498.0,5501.0,5499.0,5501.0,5499.0,6
2016-08-05 06:04:00,2016-08-05 06:05:00,5498.0,5501.0,5502.0,5498.0,5499.0,5503.0,5503.0,5499.0,19
2016-08-05 06:05:00,2016-08-05 06:06:00,5501.0,5502.0,5502.0,5501.0,5503.0,5503.0,5503.0,5502.0,13
2016-08-05 06:06:00,2016-08-05 06:07:00,5502.0,5503.0,5505.0,5502.0,5503.0,5504.0,5506.0,5503.0,33
2016-08-05 06:07:00,2016-08-05 06:08:00,5503.0,5503.0,5503.0,5502.0,5504.0,5504.0,5505.0,5503.0,13
2016-08-05 06:08:00,2016-08-05 06:09:00,5503.0,5500.0,5504.0,5500.0,5504.0,5502.0,5505.0,5501.0,22
2016-08-05 06:09:00,2016-08-05 06:10:00,5500.0,5503.0,5504.0,5501.0,5502.0,5504.0,5505.0,5502.0,31
2016-08-05 06:10:00,2016-08-05 06:11:00,5503.0,5503.0,5504.0,5501.0,5504.0,5504.0,5506.0,5504.0,11
2016-08-05 06:11:00,2016-08-05 06:12:00,5503.0,5503.0,5504.0,5503.0,5504.0,5505.0,5505.0,5505.0,2
2016-08-05 06:12:00,2016-08-05 06:14:00,5503.0,5504.0,5505.0,5503.0,5504.0,5505.0,5506.0,5504.0,7
2016-08-05 06:14:00,2016-08-05 06:15:00,5504.0,5504.0,5505.0,5504.0,5505.0,5505.0,5506.0,5505.0,17
2016-08-05 06:15:00,2016-08-05 06:16:00,5504.0,5503.0,5503.0,5503.0,5505.0,5505.0,5505.0,5505.0,1
2016-08-05 06:16:00,2016-08-05 06:17:00,5503.0,5502.0,5503.0,5502.0,5505.0,5504.0,5504.0,5503.0,11
2016-08-05 06:17:00,2016-08-05 06:18:00,5502.0,5503.0,5503.0,5502.0,5504.0,5504.0,5504.0,5504.0,3
2016-08-05 06:18:00,2016-08-05 06:19:00,5503.0,5502.0,5502.0,5502.0,5504.0,5503.0,5504.0,5503.0,4
2016-08-05 06:19:00,2016-08-05 06:21:00,5503.0,5503.0,5503.0,5501.0,5504.0,5504.0,5505.0,5504.0,2
2016-08-05 06:21:00,2016-08-05 06:22:00,5503.0,5502.0,5503.0,5502.0,5504.0,5505.0,5505.0,5503.0,6
2016-08-05 06:22:00,2016-08-05 06:23:00,5502.0,5504.0,5504.0,5501.0,5505.0,5507.0,5507.0,5504.0,11
2016-08-05 06:23:00,2016-08-05 06:24:00,5504.0,5504.0,5506.0,5503.0,5507.0,5506.0,5508.0,5506.0,7
2016-08-05 06:24:00,2016-08-05 06:25:00,5504.0,5503.0,5505.0,5503.0,5506.0,5504.0,5507.0,5504.0,14
2016-08-05 06:25:00,2016-08-05 06:26:00,5503.0,5506.0,5506.0,5503.0,5504.0,5507.0,5508.0,5505.0,12
2016-08-05 06:26:00,2016-08-05 06:27:00,5506.0,5507.0,5507.0,5506.0,5507.0,5508.0,5508.0,5507.0,10
2016-08-05 06:27:00,2016-08-05 06:28:00,5507.0,5508.0,5509.0,5507.0,5508.0,5509.0,5510.0,5508.0,9
2016-08-05 06:28:00,2016-08-05 06:29:00,5508.0,5508.0,5509.0,5508.0,5509.0,5510.0,5510.0,5509.0,5
2016-08-05 06:29:00,2016-08-05 07:10:00,5508.0,5513.0,5513.5,5513.0,5510.0,5514.5,5515.5,5514.5,3
2016-08-05 07:10:00,2016-08-05 07:11:00,5513.0,5512.5,5512.5,5512.0,5514.5,5513.5,5514.0,5513.5,3
2016-08-05 07:11:00,2016-08-05 07:12:00,5512.5,5515.0,5515.0,5513.5,5513.5,5516.5,5516.5,5514.5,4
2016-08-05 07:12:00,2016-08-05 07:13:00,5515.0,5516.0,5516.0,5515.0,5516.5,5517.0,5518.0,5516.5,17
2016-08-05 07:13:00,2016-08-05 07:14:00,5516.0,5516.0,5516.0,5515.0,5517.0,5516.5,5517.5,5516.0,6
2016-08-05 07:14:00,2016-08-05 07:16:00,5516.0,5515.0,5516.0,5515.0,5516.5,5516.0,5516.5,5516.0,11
2016-08-05 07:16:00,2016-08-05 07:17:00,5515.0,5515.0,5515.0,5514.0,5516.0,5516.0,5516.0,5515.0,5
2016-08-05 07:17:00,2016-08-05 07:18:00,5515.0,5515.0,5516.0,5515.0,5516.0,5517.0,5517.0,5516.0,6
2016-08-05 07:18:00,2016-08-05 07:19:00,5515.0,5515.0,5516.0,5515.0,5517.0,5517.0,5517.0,5516.0,3
2016-08-05 07:19:00,2016-08-05 07:23:00,5516.0,5514.0,5515.0,5514.0,5517.0,5516.0,5517.0,5516.0,6
2016-08-05 07:23:00,2016-08-05 07:24:00,5514.0,5517.0,5518.0,5515.0,5516.0,5519.0,5519.0,5516.0,17
2016-08-05 07:24:00,2016-08-05 07:25:00,5517.0,5518.0,5518.0,5516.0,5519.0,5519.0,5520.0,5519.0,7
2016-08-05 07:25:00,2016-08-05 07:26:00,5518.0,5518.0,5519.0,5517.0,5519.0,5519.0,5520.0,5519.0,6
2016-08-05 07:26:00,2016-08-05 07:27:00,5518.0,5519.0,5519.0,5518.0,5519.0,5520.0,5521.0,5519.0,9
2016-08-05 07:27:00,2016-08-05 07:28:00,5519.0,5521.0,5522.0,5518.0,5520.0,5523.0,5523.0,5520.0,18
2016-08-05 07:28:00,2016-08-05 07:29:00,5521.0,5521.0,5521.0,5519.0,5523.0,5522.0,5522.0,5520.0,17
2016-08-05 07:29:00,2016-08-05 07:30:00,5521.0,5520.0,5520.0,5519.0,5522.0,5521.0,5522.0,5520.0,9
2016-08-05 07:30:00,2016-08-05 07:32:00,5520.0,5519.0,5520.0,5519.0,5521.0,5521.0,5522.0,5520.0,7
2016-08-05 07:32:00,2016-08-05 07:33:00,5519.0,5518.0,5520.0,5518.0,5521.0,5520.0,5521.0,5520.0,5
2016-08-05 07:33:00,2016-08-05 07:34:00,5518.0,5519.0,5519.0,5519.0,5520.0,5521.0,5521.0,5520.0,4
2016-08-05 07:34:00,2016-08-05 07:35:00,5519.0,5519.0,5520.0,5519.0,5521.0,5521.0,5521.0,5520.0,4
2016-08-05 07:35:00,2016-08-05 07:37:00,5520.0,5519.0,5519.0,5519.0,5521.0,5521.0,5521.0,5520.0,5
2016-08-05 07:37:00,2016-08-05 07:38:00,5519.0,5520.0,5521.0,5517.0,5521.0,5522.0,5522.0,5521.0,8
2016-08-05 07:38:00,2016-08-05 07:39:00,5520.0,5521.0,5522.0,5521.0,5522.0,5523.0,5523.0,5522.0,10
2016-08-05 07:39:00,2016-08-05 07:40:00,5521.0,5521.0,5522.0,5520.0,5523.0,5523.0,5524.0,5523.0,9
2016-08-05 07:40:00,2016-08-05 07:45:00,5519.0,5519.0,5519.0,5518.0,5520.0,5521.0,5521.0,5519.0,5
2016-08-05 07:45:00,2016-08-05 07:48:00,5519.0,5520.0,5520.0,5519.0,5520.0,5521.0,5522.0,5521.0,6
2016-08-05 07:48:00,2016-08-05 07:49:00,5520.0,5519.0,5520.0,5519.0,5521.0,5520.0,5522.0,5520.0,6
2016-08-05 07:49:00,2016-08-05 07:50:00,5519.0,5518.0,5518.0,5516.0,5520.0,5519.0,5522.0,5519.0,4
2016-08-05 07:50:00,2016-08-05 07:51:00,5518.0,5519.0,5519.0,5518.0,5519.0,5520.0,5520.0,5519.0,6
2016-08-05 07:51:00,2016-08-05 07:52:00,5519.0,5518.0,5520.0,5518.0,5520.0,5522.0,5522.0,5521.0,5
2016-08-05 07:52:00,2016-08-05 07:54:00,5520.0,5522.0,5522.0,5520.0,5521.0,5523.0,5523.0,5521.0,9
2016-08-05 07:54:00,2016-08-05 07:55:00,5522.0,5521.0,5521.0,5520.0,5523.0,5522.0,5522.0,5522.0,5
2016-08-05 07:55:00,2016-08-05 07:57:00,5520.0,5519.0,5519.0,5518.0,5521.0,5520.0,5521.0,5520.0,6
2016-08-05 07:57:00,2016-08-05 07:58:00,5519.0,5519.0,5519.0,5517.0,5520.0,5521.0,5521.0,5519.0,16
2016-08-05 07:58:00,2016-08-05 07:59:00,5519.0,5517.0,5519.0,5516.0,5521.0,5518.0,5520.0,5518.0,12
2016-08-05 07:59:00,2016-08-05 08:00:00,5517.0,5516.0,5516.0,5516.0,5518.0,5518.0,5518.0,5517.0,7
2016-08-05 08:00:00,2016-08-05 08:01:00,5516.0,5518.0,5518.0,5517.0,5518.0,5519.0,5519.0,5518.0,2
2016-08-05 08:01:00,2016-08-05 08:02:00,5518.0,5516.0,5518.0,5516.0,5519.0,5522.0,5522.0,5518.0,4
2016-08-05 08:02:00,2016-08-05 08:03:00,5516.0,5518.0,5519.0,5518.0,5522.0,5519.0,5520.0,5519.0,9
2016-08-05 08:03:00,2016-08-05 08:05:00,5518.0,5518.0,5519.0,5518.0,5519.0,5519.0,5520.0,5519.0,9
2016-08-05 08:05:00,2016-08-05 08:06:00,5518.0,5517.0,5517.0,5517.0,5519.0,5518.0,5519.0,5518.0,4
2016-08-05 08:06:00,2016-08-05 08:08:00,5517.0,5517.0,5517.0,5517.0,5518.0,5518.0,5519.0,5518.0,4
2016-08-05 08:08:00,2016-08-05 08:09:00,5517.0,5516.0,5518.0,5516.0,5518.0,5518.0,5519.0,5518.0,4
2016-08-05 08:09:00,2016-08-05 08:10:00,5516.0,5517.0,5517.0,5516.0,5518.0,5518.0,5518.0,5517.0,3
2016-08-05 08:10:00,2016-08-05 08:11:00,5517.0,5518.0,5518.0,5517.0,5518.0,5519.0,5519.0,5518.0,5
2016-08-05 08:11:00,2016-08-05 08:12:00,5518.0,5517.0,5517.0,5516.0,5519.0,5519.0,5519.0,5518.0,7
2016-08-05 08:12:00,2016-08-05 08:15:00,5516.0,5516.0,5516.0,5515.0,5517.0,5518.0,5519.0,5518.0,3
2016-08-05 08:15:00,2016-08-05 08:17:00,5516.0,5516.0,5517.0,5514.0,5518.0,5518.0,5520.0,5517.0,5
2016-08-05 08:17:00,2016-08-05 08:20:00,5517.0,5517.0,5518.0,5517.0,5518.0,5519.0,5519.0,5519.0,4
2016-08-05 08:20:00,2016-08-05 08:22:00,5518.0,5518.0,5518.0,5517.0,5519.0,5520.0,5520.0,5519.0,5
2016-08-05 08:22:00,2016-08-05 08:25:00,5518.0,5517.0,5518.0,5517.0,5519.0,5519.0,5520.0,5519.0,3
2016-08-05 08:25:00,2016-08-05 08:27:00,5517.0,5517.0,5517.0,5515.0,5519.0,5519.0,5519.0,5518.0,3
2016-08-05 08:27:00,2016-08-05 08:28:00,5517.0,5517.0,5518.0,5517.0,5519.0,5518.0,5519.0,5518.0,9
2016-08-05 08:28:00,2016-08-05 08:30:00,5516.0,5516.0,5516.0,5514.0,5518.0,5518.0,5518.0,5517.0,5
2016-08-05 08:30:00,2016-08-05 08:33:00,5516.0,5515.0,5516.0,5515.0,5518.0,5517.0,5517.0,5516.0,6
2016-08-05 08:33:00,2016-08-05 08:34:00,5515.0,5516.0,5516.0,5515.0,5517.0,5517.0,5517.0,5516.0,5
2016-08-05 08:34:00,2016-08-05 08:37:00,5515.0,5515.0,5516.0,5515.0,5517.0,5517.0,5517.0,5516.0,8
2016-08-05 08:37:00,2016-08-05 08:38:00,5515.0,5513.0,5515.0,5513.0,5517.0,5515.0,5516.0,5515.0,4
2016-08-05 08:38:00,2016-08-05 08:39:00,5513.0,5510.0,5513.0,5510.0,5515.0,5512.0,5514.0,5511.0,13
2016-08-05 08:39:00,2016-08-05 08:40:00,5510.0,5509.0,5511.0,5509.0,5512.0,5511.0,5513.0,5510.0,12
2016-08-05 08:40:00,2016-08-05 08:41:00,5509.0,5510.0,5510.0,5509.0,5511.0,5512.0,5512.0,5510.0,6
2016-08-05 08:41:00,2016-08-05 08:42:00,5510.0,5508.0,5510.0,5508.0,5512.0,5512.0,5512.0,5511.0,5
2016-08-05 08:42:00,2016-08-05 08:43:00,5508.0,5509.0,5510.0,5509.0,5512.0,5511.0,5511.0,5511.0,4
2016-08-05 08:43:00,2016-08-05 08:46:00,5510.0,5510.0,5511.0,5510.0,5512.0,5512.0,5512.0,5511.0,6
2016-08-05 08:46:00,2016-08-05 08:47:00,5510.0,5507.0,5510.0,5507.0,5512.0,5509.0,5511.0,5509.0,8
2016-08-05 08:47:00,2016-08-05 08:48:00,5507.0,5508.0,5508.0,5507.0,5509.0,5509.0,5510.0,5508.0,7
2016-08-05 08:48:00,2016-08-05 08:49:00,5508.0,5507.0,5507.0,5506.0,5509.0,5508.0,5509.0,5508.0,8
2016-08-05 08:49:00,2016-08-05 08:50:00,5507.0,5506.0,5507.0,5506.0,5508.0,5508.0,5508.0,5507.0,4
2016-08-05 08:50:00,2016-08-05 08:52:00,5506.0,5508.0,5508.0,5506.0,5508.0,5509.0,5509.0,5508.0,5
2016-08-05 08:52:00,2016-08-05 08:55:00,5509.0,5511.0,5512.0,5507.0,5510.0,5512.0,5513.0,5510.0,10
2016-08-05 08:55:00,2016-08-05 08:57:00,5511.0,5512.0,5513.0,5511.0,5512.0,5513.0,5514.0,5513.0,9
2016-08-05 08:57:00,2016-08-05 08:58:00,5512.0,5511.0,5512.0,5511.0,5513.0,5513.0,5514.0,5513.0,5
2016-08-05 08:58:00,2016-08-05 08:59:00,5511.0,5510.0,5512.0,5510.0,5513.0,5512.0,5513.0,5512.0,4
2016-08-05 08:59:00,2016-08-05 09:01:00,5511.0,5510.0,5511.0,5509.0,5512.0,5511.0,5512.0,5511.0,7
2016-08-05 09:01:00,2016-08-05 09:02:00,5510.0,5510.0,5510.0,5510.0,5511.0,5512.0,5512.0,5511.0,3
2016-08-05 09:02:00,2016-08-05 09:04:00,5510.0,5511.0,5511.0,5510.0,5512.0,5512.0,5512.0,5511.0,3
2016-08-05 09:04:00,2016-08-05 09:05:00,5511.0,5510.0,5510.0,5509.0,5512.0,5511.0,5513.0,5511.0,6
2016-08-05 09:05:00,2016-08-05 09:06:00,5510.0,5509.0,5509.0,5509.0,5511.0,5511.0,5511.0,5510.0,4
2016-08-05 09:06:00,2016-08-05 09:07:00,5509.0,5510.0,5511.0,5510.0,5511.0,5512.0,5512.0,5511.0,7
2016-08-05 09:07:00,2016-08-05 09:10:00,5511.0,5512.0,5513.0,5511.0,5513.0,5513.0,5514.0,5512.0,9
2016-08-05 09:10:00,2016-08-05 09:11:00,5512.0,5511.0,5512.0,5511.0,5513.0,5512.0,5514.0,5512.0,4
2016-08-05 09:11:00,2016-08-05 09:13:00,5511.0,5511.0,5512.0,5511.0,5512.0,5513.0,5513.0,5512.0,5
2016-08-05 09:13:00,2016-08-05 09:14:00,5511.0,5512.0,5512.0,5511.0,5513.0,5514.0,5514.0,5512.0,5
2016-08-05 09:14:00,2016-08-05 09:16:00,5512.0,5512.0,5513.0,5512.0,5514.0,5514.0,5514.0,5514.0,4
2016-08-05 09:16:00,2016-08-05 09:17:00,5512.0,5512.0,5512.0,5511.0,5514.0,5513.0,5515.0,5513.0,7
2016-08-05 09:17:00,2016-08-05 09:19:00,5512.0,5510.0,5511.0,5510.0,5513.0,5514.0,5514.0,5513.0,2
2016-08-05 09:19:00,2016-08-05 09:20:00,5510.0,5512.0,5512.0,5511.0,5514.0,5514.0,5514.0,5513.0,3
2016-08-05 09:20:00,2016-08-05 09:21:00,5512.0,5513.0,5513.0,5512.0,5514.0,5514.0,5514.0,5513.0,2
2016-08-05 09:21:00,2016-08-05 09:23:00,5513.0,5512.0,5513.0,5511.0,5514.0,5513.0,5514.0,5513.0,8
2016-08-05 09:23:00,2016-08-05 09:24:00,5512.0,5512.0,5512.0,5511.0,5513.0,5514.0,5514.0,5513.0,7
2016-08-05 09:24:00,2016-08-05 09:27:00,5512.0,5510.0,5511.0,5510.0,5514.0,5516.0,5516.0,5515.0,2
2016-08-05 09:27:00,2016-08-05 09:28:00,5510.0,5513.0,5513.0,5512.0,5516.0,5514.0,5514.0,5514.0,2
2016-08-05 09:28:00,2016-08-05 09:29:00,5513.0,5512.0,5514.0,5512.0,5514.0,5514.0,5515.0,5513.0,12
2016-08-05 09:29:00,2016-08-05 09:30:00,5512.0,5512.0,5512.0,5511.0,5514.0,5514.0,5515.0,5513.0,5
2016-08-05 09:30:00,2016-08-05 09:32:00,5513.0,5513.0,5514.0,5513.0,5514.0,5515.0,5516.0,5515.0,7
2016-08-05 09:32:00,2016-08-05 09:34:00,5514.0,5514.0,5515.0,5514.0,5515.0,5516.0,5516.0,5516.0,3
2016-08-05 09:34:00,2016-08-05 09:38:00,5514.0,5514.0,5515.0,5514.0,5516.0,5516.0,5516.0,5516.0,2
2016-08-05 09:38:00,2016-08-05 09:42:00,5515.0,5513.0,5514.0,5513.0,5516.0,5516.0,5516.0,5515.0,3
2016-08-05 09:42:00,2016-08-05 09:43:00,5513.0,5514.0,5514.0,5513.0,5516.0,5515.0,5515.0,5515.0,5
2016-08-05 09:43:00,2016-08-05 09:44:00,5514.0,5513.0,5513.0,5513.0,5515.0,5515.0,5515.0,5514.0,5
2016-08-05 09:44:00,2016-08-05 09:49:00,5515.0,5513.0,5514.0,5513.0,5516.0,5515.0,5516.0,5515.0,5
2016-08-05 09:49:00,2016-08-05 09:55:00,5513.0,5512.0,5513.0,5512.0,5514.0,5514.0,5515.0,5514.0,3
2016-08-05 09:55:00,2016-08-05 09:57:00,5512.0,5512.0,5513.0,5511.0,5514.0,5514.0,5514.0,5513.0,8
2016-08-05 09:57:00,2016-08-05 09:58:00,5512.0,5511.0,5512.0,5511.0,5514.0,5513.0,5513.0,5513.0,2
2016-08-05 09:58:00,2016-08-05 09:59:00,5511.0,5513.0,5513.0,5512.0,5513.0,5514.0,5514.0,5513.0,3
2016-08-05 09:59:00,2016-08-05 10:00:00,5513.0,5513.0,5513.0,5512.0,5514.0,5514.0,5514.0,5514.0,2
2016-08-05 10:00:00,2016-08-05 10:01:00,5513.0,5512.0,5512.0,5511.0,5514.0,5513.0,5513.0,5513.0,3
2016-08-05 10:01:00,2016-08-05 10:08:00,5509.0,5511.0,5512.0,5510.0,5513.0,5513.0,5513.0,5512.0,4
2016-08-05 10:08:00,2016-08-05 10:15:00,5511.0,5512.0,5513.0,5512.0,5512.0,5513.0,5514.0,5513.0,4
2016-08-05 10:15:00,2016-08-05 10:16:00,5512.0,5514.0,5515.0,5512.0,5513.0,5515.0,5516.0,5514.0,9
2016-08-05 10:16:00,2016-08-05 10:21:00,5512.0,5512.0,5512.0,5512.0,5514.0,5513.0,5514.0,5513.0,3
2016-08-05 10:21:00,2016-08-05 10:22:00,5512.0,5513.0,5513.0,5511.0,5513.0,5515.0,5515.0,5514.0,7
2016-08-05 10:22:00,2016-08-05 10:23:00,5513.0,5513.0,5514.0,5513.0,5515.0,5515.0,5515.0,5514.0,6
2016-08-05 10:23:00,2016-08-05 10:30:00,5514.0,5514.0,5514.0,5513.0,5516.0,5516.0,5516.0,5515.0,4
2016-08-05 10:30:00,2016-08-05 10:35:00,5515.0,5515.0,5515.0,5514.0,5516.0,5516.0,5517.0,5516.0,2
2016-08-05 10:35:00,2016-08-05 10:44:00,5515.0,5515.0,5516.0,5515.0,5516.0,5518.0,5518.0,5517.0,4
2016-08-05 10:44:00,2016-08-05 10:45:00,5515.0,5516.0,5516.0,5515.0,5518.0,5517.0,5517.0,5516.0,5
2016-08-05 10:45:00,2016-08-05 10:47:00,5516.0,5516.0,5516.0,5515.0,5517.0,5517.0,5518.0,5517.0,2
2016-08-05 10:47:00,2016-08-05 10:51:00,5517.0,5516.0,5517.0,5516.0,5518.0,5518.0,5518.0,5517.0,6
2016-08-05 10:51:00,2016-08-05 10:57:00,5516.0,5515.0,5517.0,5515.0,5518.0,5517.0,5518.0,5516.0,6
2016-08-05 10:57:00,2016-08-05 10:58:00,5515.0,5516.0,5516.0,5515.0,5517.0,5517.0,5517.0,5516.0,7
2016-08-05 10:58:00,2016-08-05 10:59:00,5516.0,5516.0,5516.0,5515.0,5517.0,5517.0,5518.0,5517.0,10
2016-08-05 10:59:00,2016-08-05 11:01:00,5516.0,5515.0,5515.0,5515.0,5517.0,5517.0,5517.0,5516.0,5
2016-08-05 11:01:00,2016-08-05 11:03:00,5515.0,5515.0,5515.0,5515.0,5516.0,5517.0,5517.0,5517.0,1
2016-08-05 11:03:00,2016-08-05 11:04:00,5515.0,5514.0,5514.0,5514.0,5517.0,5516.0,5516.0,5516.0,1
2016-08-05 11:04:00,2016-08-05 11:05:00,5514.0,5512.0,5513.0,5512.0,5516.0,5514.0,5515.0,5514.0,3
2016-08-05 11:05:00,2016-08-05 11:08:00,5513.0,5513.0,5514.0,5513.0,5515.0,5515.0,5515.0,5515.0,4
2016-08-05 11:08:00,2016-08-05 11:09:00,5513.0,5513.0,5514.0,5513.0,5515.0,5516.0,5516.0,5515.0,2
2016-08-05 11:09:00,2016-08-05 11:10:00,5513.0,5514.0,5514.0,5514.0,5516.0,5515.0,5515.0,5515.0,1
2016-08-05 11:10:00,2016-08-05 11:12:00,5514.0,5513.0,5513.0,5513.0,5515.0,5515.0,5516.0,5515.0,2
2016-08-05 11:12:00,2016-08-05 11:13:00,5513.0,5513.0,5513.0,5512.0,5515.0,5514.0,5514.0,5513.0,6
2016-08-05 11:13:00,2016-08-05 11:18:00,5510.0,5509.0,5511.0,5509.0,5512.0,5510.0,5512.0,5510.0,11
2016-08-05 11:18:00,2016-08-05 11:19:00,5509.0,5509.0,5509.0,5508.0,5510.0,5511.0,5511.0,5510.0,3
2016-08-05 11:19:00,2016-08-05 11:20:00,5509.0,5510.0,5510.0,5509.0,5511.0,5512.0,5512.0,5510.0,4
2016-08-05 11:20:00,2016-08-05 11:21:00,5510.0,5511.0,5511.0,5511.0,5512.0,5513.0,5513.0,5512.0,2
2016-08-05 11:21:00,2016-08-05 11:22:00,5511.0,5510.0,5511.0,5510.0,5513.0,5512.0,5513.0,5512.0,4
2016-08-05 11:22:00,2016-08-05 11:23:00,5510.0,5511.0,5511.0,5511.0,5512.0,5512.0,5513.0,5512.0,3
2016-08-05 11:23:00,2016-08-05 11:24:00,5511.0,5511.0,5511.0,5510.0,5512.0,5513.0,5514.0,5512.0,5
2016-08-05 11:24:00,2016-08-05 11:25:00,5511.0,5512.0,5512.0,5512.0,5513.0,5514.0,5514.0,5513.0,2
2016-08-05 11:25:00,2016-08-05 11:26:00,5512.0,5510.0,5512.0,5510.0,5514.0,5512.0,5513.0,5512.0,12
2016-08-05 11:26:00,2016-08-05 11:27:00,5510.0,5511.0,5512.0,5510.0,5512.0,5512.0,5513.0,5511.0,9
2016-08-05 11:27:00,2016-08-05 11:29:00,5510.0,5510.0,5511.0,5510.0,5512.0,5512.0,5512.0,5511.0,4
2016-08-05 11:29:00,2016-08-05 11:31:00,5510.0,5511.0,5512.0,5511.0,5512.0,5513.0,5513.0,5513.0,3
2016-08-05 11:31:00,2016-08-05 11:32:00,5511.0,5511.0,5512.0,5510.0,5513.0,5513.0,5513.0,5512.0,8
2016-08-05 11:32:00,2016-08-05 11:33:00,5511.0,5510.0,5512.0,5510.0,5513.0,5512.0,5513.0,5512.0,6
2016-08-05 11:33:00,2016-08-05 11:34:00,5510.0,5510.0,5510.0,5509.0,5512.0,5511.0,5512.0,5511.0,9
2016-08-05 11:34:00,2016-08-05 11:35:00,5510.0,5510.0,5510.0,5509.0,5511.0,5511.0,5511.0,5510.0,8
2016-08-05 11:35:00,2016-08-05 11:37:00,5509.0,5509.0,5510.0,5508.0,5511.0,5510.0,5512.0,5510.0,8
2016-08-05 11:37:00,2016-08-05 11:38:00,5509.0,5509.0,5509.0,5509.0,5510.0,5510.0,5511.0,5510.0,4
2016-08-05 11:38:00,2016-08-05 11:45:00,5510.0,5508.0,5510.0,5508.0,5511.0,5510.0,5511.0,5510.0,12
2016-08-05 11:45:00,2016-08-05 11:49:00,5508.0,5509.0,5509.0,5507.0,5510.0,5510.0,5512.0,5509.0,5
2016-08-05 11:49:00,2016-08-05 11:52:00,5510.0,5508.0,5509.0,5508.0,5511.0,5510.0,5511.0,5510.0,5
2016-08-05 11:52:00,2016-08-05 11:53:00,5508.0,5508.0,5509.0,5508.0,5510.0,5509.0,5510.0,5509.0,6
2016-08-05 11:53:00,2016-08-05 11:54:00,5508.0,5507.0,5507.0,5505.0,5509.0,5509.0,5510.0,5508.0,7
2016-08-05 11:54:00,2016-08-05 11:55:00,5507.0,5507.0,5508.0,5507.0,5509.0,5509.0,5510.0,5508.0,6
2016-08-05 11:55:00,2016-08-05 11:59:00,5508.0,5506.0,5507.0,5506.0,5509.0,5510.0,5510.0,5509.0,2
2016-08-05 11:59:00,2016-08-05 12:03:00,5508.0,5508.0,5509.0,5508.0,5510.0,5510.0,5510.0,5510.0,2
2016-08-05 12:03:00,2016-08-05 12:05:00,5508.0,5510.0,5510.0,5509.0,5510.0,5511.0,5511.0,5510.0,3
2016-08-05 12:05:00,2016-08-05 12:06:00,5510.0,5510.0,5511.0,5510.0,5511.0,5511.0,5512.0,5511.0,2
2016-08-05 12:06:00,2016-08-05 12:07:00,5510.0,5510.0,5511.0,5510.0,5511.0,5512.0,5513.0,5512.0,5
2016-08-05 12:07:00,2016-08-05 12:08:00,5510.0,5511.0,5512.0,5510.0,5512.0,5513.0,5513.0,5511.0,10
2016-08-05 12:08:00,2016-08-05 12:09:00,5511.0,5512.0,5513.0,5511.0,5513.0,5513.0,5514.0,5512.0,14
2016-08-05 12:09:00,2016-08-05 12:11:00,5513.0,5511.0,5513.0,5511.0,5514.0,5513.0,5514.0,5513.0,12
2016-08-05 12:11:00,2016-08-05 12:12:00,5511.0,5512.0,5512.0,5510.0,5513.0,5513.0,5514.0,5512.0,7
2016-08-05 12:12:00,2016-08-05 12:13:00,5512.0,5512.0,5513.0,5512.0,5513.0,5514.0,5514.0,5513.0,11
2016-08-05 12:13:00,2016-08-05 12:14:00,5512.0,5514.0,5514.0,5512.0,5514.0,5515.0,5515.0,5513.0,7
2016-08-05 12:14:00,2016-08-05 12:15:00,5514.0,5514.0,5515.0,5513.0,5515.0,5515.0,5516.0,5515.0,14
2016-08-05 12:15:00,2016-08-05 12:16:00,5514.0,5513.0,5514.0,5513.0,5515.0,5514.0,5515.0,5514.0,10
2016-08-05 12:16:00,2016-08-05 12:17:00,5513.0,5513.0,5514.0,5513.0,5514.0,5515.0,5515.0,5514.0,9
2016-08-05 12:17:00,2016-08-05 12:18:00,5513.0,5512.0,5514.0,5512.0,5515.0,5514.0,5515.0,5514.0,12
2016-08-05 12:18:00,2016-08-05 12:19:00,5512.0,5512.0,5513.0,5511.0,5514.0,5513.0,5514.0,5513.0,9
2016-08-05 12:19:00,2016-08-05 12:20:00,5512.0,5512.0,5513.0,5512.0,5513.0,5514.0,5514.0,5513.0,9
2016-08-05 12:20:00,2016-08-05 12:21:00,5512.0,5511.0,5514.0,5511.0,5514.0,5513.0,5515.0,5513.0,9
2016-08-05 12:21:00,2016-08-05 12:22:00,5511.0,5511.0,5512.0,5510.0,5513.0,5512.0,5514.0,5512.0,17
2016-08-05 12:22:00,2016-08-05 12:23:00,5511.0,5512.0,5512.0,5511.0,5512.0,5513.0,5513.0,5513.0,4
2016-08-05 12:23:00,2016-08-05 12:24:00,5512.0,5512.0,5512.0,5510.0,5513.0,5514.0,5515.0,5513.0,3
2016-08-05 12:24:00,2016-08-05 12:25:00,5512.0,5511.0,5512.0,5511.0,5514.0,5512.0,5513.0,5512.0,9
2016-08-05 12:25:00,2016-08-05 12:27:00,5512.0,5511.0,5512.0,5510.0,5513.0,5512.0,5514.0,5512.0,6
2016-08-05 12:27:00,2016-08-05 12:28:00,5511.0,5511.0,5512.0,5510.0,5512.0,5512.0,5513.0,5512.0,10
2016-08-05 12:28:00,2016-08-05 12:29:00,5511.0,5509.0,5512.0,5507.0,5512.0,5514.0,5514.0,5511.0,20
2016-08-05 12:29:00,2016-08-05 12:30:00,5509.0,5513.0,5520.0,5509.0,5514.0,5517.0,5521.0,5512.0,138
2016-08-05 12:30:00,2016-08-05 12:31:00,5513.0,5521.0,5521.0,5514.0,5517.0,5522.0,5523.0,5515.0,49
2016-08-05 12:31:00,2016-08-05 12:32:00,5521.0,5518.0,5521.0,5517.0,5522.0,5520.0,5522.0,5519.0,49
2016-08-05 12:32:00,2016-08-05 12:33:00,5518.0,5517.0,5518.0,5516.0,5520.0,5518.0,5521.0,5517.0,11
2016-08-05 12:33:00,2016-08-05 12:34:00,5517.0,5517.0,5518.0,5516.0,5518.0,5519.0,5519.0,5518.0,9
2016-08-05 12:34:00,2016-08-05 12:36:00,5517.0,5515.0,5517.0,5513.0,5519.0,5516.0,5518.0,5514.0,21
2016-08-05 12:36:00,2016-08-05 12:37:00,5515.0,5516.0,5518.0,5513.0,5516.0,5517.0,5519.0,5514.0,19
2016-08-05 12:37:00,2016-08-05 12:38:00,5516.0,5517.0,5517.0,5516.0,5517.0,5519.0,5519.0,5517.0,6
2016-08-05 12:38:00,2016-08-05 12:39:00,5517.0,5520.0,5520.0,5517.0,5519.0,5521.0,5521.0,5519.0,15
2016-08-05 12:39:00,2016-08-05 12:40:00,5520.0,5522.0,5522.0,5520.0,5521.0,5523.0,5523.0,5522.0,13
2016-08-05 12:40:00,2016-08-05 12:41:00,5522.0,5520.0,5522.0,5519.0,5523.0,5521.0,5523.0,5520.0,21
2016-08-05 12:41:00,2016-08-05 12:42:00,5520.0,5518.0,5520.0,5518.0,5521.0,5520.0,5521.0,5520.0,8
2016-08-05 12:42:00,2016-08-05 12:43:00,5518.0,5518.0,5519.0,5517.0,5520.0,5520.0,5521.0,5518.0,23
2016-08-05 12:43:00,2016-08-05 12:45:00,5519.0,5519.0,5520.0,5519.0,5520.0,5521.0,5521.0,5520.0,14
2016-08-05 12:45:00,2016-08-05 12:46:00,5519.0,5521.0,5521.0,5519.0,5521.0,5522.0,5522.0,5521.0,15
2016-08-05 12:46:00,2016-08-05 12:47:00,5521.0,5517.0,5521.0,5517.0,5522.0,5519.0,5522.0,5518.0,12
2016-08-05 12:47:00,2016-08-05 12:51:00,5518.0,5519.0,5520.0,5519.0,5520.0,5521.0,5522.0,5520.0,8
2016-08-05 12:51:00,2016-08-05 12:52:00,5519.0,5519.0,5520.0,5518.0,5521.0,5520.0,5522.0,5519.0,7
2016-08-05 12:52:00,2016-08-05 12:55:00,5521.0,5520.0,5521.0,5520.0,5522.0,5522.0,5523.0,5522.0,20
2016-08-05 12:55:00,2016-08-05 12:56:00,5520.0,5521.0,5521.0,5520.0,5522.0,5522.0,5523.0,5521.0,13
2016-08-05 12:56:00,2016-08-05 12:57:00,5521.0,5520.0,5520.0,5519.0,5522.0,5521.0,5521.0,5521.0,5
2016-08-05 12:57:00,2016-08-05 12:58:00,5520.0,5519.0,5520.0,5519.0,5521.0,5520.0,5522.0,5520.0,7
2016-08-05 12:58:00,2016-08-05 12:59:00,5519.0,5519.0,5520.0,5518.0,5520.0,5520.0,5521.0,5519.0,11
2016-08-05 12:59:00,2016-08-05 13:00:00,5519.0,5519.0,5520.0,5519.0,5520.0,5520.0,5521.0,5520.0,12
2016-08-05 13:00:00,2016-08-05 13:02:00,5517.0,5517.0,5518.0,5516.0,5519.0,5519.0,5520.0,5517.0,11
2016-08-05 13:02:00,2016-08-05 13:03:00,5517.0,5517.0,5518.0,5517.0,5519.0,5519.0,5520.0,5518.0,10
2016-08-05 13:03:00,2016-08-05 13:04:00,5517.0,5516.0,5518.0,5516.0,5519.0,5521.0,5521.0,5518.0,14
2016-08-05 13:04:00,2016-08-05 13:05:00,5516.0,5517.0,5518.0,5516.0,5521.0,5518.0,5520.0,5517.0,24
2016-08-05 13:05:00,2016-08-05 13:06:00,5517.0,5516.0,5517.0,5516.0,5518.0,5517.0,5519.0,5517.0,8
2016-08-05 13:06:00,2016-08-05 13:07:00,5516.0,5515.0,5517.0,5515.0,5517.0,5516.0,5518.0,5516.0,9
2016-08-05 13:07:00,2016-08-05 13:08:00,5515.0,5514.0,5515.0,5513.0,5516.0,5515.0,5517.0,5514.0,16
2016-08-05 13:08:00,2016-08-05 13:09:00,5514.0,5513.0,5515.0,5513.0,5515.0,5514.0,5516.0,5514.0,12
2016-08-05 13:09:00,2016-08-05 13:10:00,5513.0,5513.0,5513.0,5512.0,5514.0,5514.0,5515.0,5514.0,4
2016-08-05 13:10:00,2016-08-05 13:11:00,5513.0,5513.0,5515.0,5513.0,5514.0,5515.0,5516.0,5515.0,11
2016-08-05 13:11:00,2016-08-05 13:12:00,5513.0,5514.0,5514.0,5513.0,5515.0,5515.0,5516.0,5515.0,4
2016-08-05 13:12:00,2016-08-05 13:14:00,5515.0,5514.0,5515.0,5513.0,5516.0,5515.0,5517.0,5515.0,9
2016-08-05 13:14:00,2016-08-05 13:15:00,5514.0,5514.0,5515.0,5514.0,5515.0,5516.0,5516.0,5515.0,7
2016-08-05 13:15:00,2016-08-05 13:16:00,5514.0,5515.0,5515.0,5514.0,5516.0,5516.0,5516.0,5515.0,5
2016-08-05 13:16:00,2016-08-05 13:17:00,5515.0,5515.0,5516.0,5513.0,5516.0,5517.0,5518.0,5516.0,7
2016-08-05 13:17:00,2016-08-05 13:18:00,5515.0,5517.0,5517.0,5515.0,5517.0,5518.0,5518.0,5517.0,5
2016-08-05 13:18:00,2016-08-05 13:19:00,5517.0,5518.0,5519.0,5517.0,5518.0,5520.0,5520.0,5519.0,5
2016-08-05 13:19:00,2016-08-05 13:20:00,5518.0,5518.0,5519.0,5518.0,5520.0,5519.0,5520.0,5519.0,2
2016-08-05 13:20:00,2016-08-05 13:21:00,5518.0,5519.0,5519.0,5518.0,5519.0,5521.0,5521.0,5519.0,9
2016-08-05 13:21:00,2016-08-05 13:22:00,5519.0,5518.0,5519.0,5518.0,5521.0,5520.0,5520.0,5519.0,18
2016-08-05 13:22:00,2016-08-05 13:23:00,5518.0,5519.0,5519.0,5517.0,5520.0,5520.0,5520.0,5518.0,6
2016-08-05 13:23:00,2016-08-05 13:24:00,5519.0,5520.0,5520.0,5518.0,5520.0,5522.0,5522.0,5520.0,11
2016-08-05 13:24:00,2016-08-05 13:25:00,5520.0,5520.0,5522.0,5519.0,5522.0,5522.0,5523.0,5521.0,16
2016-08-05 13:25:00,2016-08-05 13:26:00,5520.0,5520.0,5521.0,5520.0,5522.0,5522.0,5523.0,5521.0,5
2016-08-05 13:26:00,2016-08-05 13:27:00,5520.0,5519.0,5520.0,5519.0,5522.0,5521.0,5522.0,5521.0,9
2016-08-05 13:27:00,2016-08-05 13:29:00,5520.0,5520.0,5521.0,5520.0,5521.0,5523.0,5523.0,5522.0,2
2016-08-05 13:29:00,2016-08-05 13:30:00,5520.0,5521.0,5521.0,5518.0,5523.0,5522.0,5523.0,5520.0,11
2016-08-05 13:30:00,2016-08-05 13:31:00,5521.0,5520.0,5522.0,5519.0,5522.0,5521.0,5524.0,5521.0,22
2016-08-05 13:31:00,2016-08-05 13:32:00,5520.0,5521.0,5521.0,5517.0,5521.0,5523.0,5523.0,5520.0,13
2016-08-05 13:32:00,2016-08-05 13:33:00,5521.0,5523.0,5524.0,5519.0,5523.0,5524.0,5525.0,5521.0,19
2016-08-05 13:33:00,2016-08-05 13:34:00,5523.0,5524.0,5525.0,5523.0,5524.0,5526.0,5526.0,5525.0,16
2016-08-05 13:34:00,2016-08-05 13:35:00,5524.0,5525.0,5526.0,5524.0,5526.0,5526.0,5528.0,5526.0,30
2016-08-05 13:35:00,2016-08-05 13:36:00,5525.0,5527.0,5527.0,5524.0,5526.0,5528.0,5529.0,5525.0,20
2016-08-05 13:36:00,2016-08-05 13:37:00,5527.0,5526.0,5527.0,5525.0,5528.0,5528.0,5529.0,5527.0,14
2016-08-05 13:37:00,2016-08-05 13:38:00,5526.0,5527.0,5527.0,5525.0,5528.0,5528.0,5528.0,5527.0,8
2016-08-05 13:38:00,2016-08-05 13:39:00,5527.0,5526.0,5526.0,5524.0,5528.0,5527.0,5528.0,5526.0,19
2016-08-05 13:39:00,2016-08-05 13:40:00,5526.0,5529.0,5529.0,5525.0,5527.0,5530.0,5531.0,5528.0,25
2016-08-05 13:40:00,2016-08-05 13:41:00,5529.0,5527.0,5530.0,5527.0,5530.0,5529.0,5532.0,5528.0,19
2016-08-05 13:41:00,2016-08-05 13:42:00,5527.0,5528.0,5529.0,5527.0,5529.0,5530.0,5530.0,5529.0,6
2016-08-05 13:42:00,2016-08-05 13:43:00,5528.0,5528.0,5530.0,5527.0,5530.0,5530.0,5531.0,5529.0,14
2016-08-05 13:43:00,2016-08-05 13:44:00,5528.0,5528.0,5530.0,5527.0,5530.0,5530.0,5532.0,5529.0,14
2016-08-05 13:44:00,2016-08-05 13:45:00,5528.0,5530.0,5531.0,5529.0,5530.0,5531.0,5533.0,5530.0,25
2016-08-05 13:45:00,2016-08-05 13:46:00,5530.0,5527.0,5529.0,5527.0,5531.0,5528.0,5531.0,5528.0,17
2016-08-05 13:46:00,2016-08-05 13:47:00,5527.0,5527.0,5528.0,5526.0,5528.0,5528.0,5530.0,5528.0,6
2016-08-05 13:47:00,2016-08-05 13:48:00,5527.0,5528.0,5529.0,5527.0,5528.0,5529.0,5531.0,5528.0,21
2016-08-05 13:48:00,2016-08-05 13:50:00,5529.0,5531.0,5532.0,5528.0,5530.0,5532.0,5533.0,5530.0,10
2016-08-05 13:50:00,2016-08-05 13:51:00,5531.0,5532.0,5533.0,5531.0,5532.0,5533.0,5534.0,5532.0,18
2016-08-05 13:51:00,2016-08-05 13:52:00,5532.0,5532.0,5532.0,5530.0,5533.0,5533.0,5534.0,5531.0,14
2016-08-05 13:52:00,2016-08-05 13:53:00,5532.0,5531.0,5532.0,5530.0,5533.0,5532.0,5534.0,5532.0,22
2016-08-05 13:53:00,2016-08-05 13:55:00,5531.0,5532.0,5532.0,5530.0,5532.0,5533.0,5533.0,5532.0,6
2016-08-05 13:55:00,2016-08-05 13:56:00,5532.0,5533.0,5533.0,5531.0,5533.0,5534.0,5535.0,5533.0,16
2016-08-05 13:56:00,2016-08-05 13:59:00,5532.0,5532.0,5533.0,5531.0,5534.0,5534.0,5535.0,5533.0,13
2016-08-05 13:59:00,2016-08-05 14:00:00,5532.0,5532.0,5534.0,5531.0,5534.0,5535.0,5536.0,5534.0,9
2016-08-05 14:00:00,2016-08-05 14:01:00,5532.0,5532.0,5534.0,5532.0,5535.0,5534.0,5535.0,5534.0,10
2016-08-05 14:01:00,2016-08-05 14:02:00,5532.0,5533.0,5534.0,5532.0,5534.0,5534.0,5535.0,5534.0,7
2016-08-05 14:02:00,2016-08-05 14:03:00,5533.0,5533.0,5534.0,5532.0,5534.0,5535.0,5535.0,5534.0,8
2016-08-05 14:03:00,2016-08-05 14:04:00,5533.0,5531.0,5533.0,5531.0,5535.0,5536.0,5536.0,5534.0,5
2016-08-05 14:04:00,2016-08-05 14:05:00,5531.0,5532.0,5533.0,5531.0,5536.0,5534.0,5536.0,5534.0,11
2016-08-05 14:05:00,2016-08-05 14:06:00,5532.0,5532.0,5533.0,5532.0,5534.0,5534.0,5534.0,5533.0,6
2016-08-05 14:06:00,2016-08-05 14:07:00,5532.0,5533.0,5533.0,5532.0,5534.0,5534.0,5535.0,5534.0,4
2016-08-05 14:07:00,2016-08-05 14:08:00,5533.0,5534.0,5534.0,5532.0,5534.0,5535.0,5536.0,5534.0,9
2016-08-05 14:08:00,2016-08-05 14:09:00,5534.0,5532.0,5533.0,5531.0,5535.0,5534.0,5535.0,5534.0,6
2016-08-05 14:09:00,2016-08-05 14:10:00,5532.0,5534.0,5535.0,5531.0,5534.0,5535.0,5536.0,5532.0,17
2016-08-05 14:10:00,2016-08-05 14:11:00,5534.0,5532.0,5533.0,5532.0,5535.0,5533.0,5535.0,5533.0,9
2016-08-05 14:11:00,2016-08-05 14:13:00,5532.0,5531.0,5533.0,5530.0,5534.0,5532.0,5534.0,5532.0,6
2016-08-05 14:13:00,2016-08-05 14:14:00,5531.0,5531.0,5532.0,5529.0,5532.0,5532.0,5533.0,5531.0,9
2016-08-05 14:14:00,2016-08-05 14:15:00,5531.0,5530.0,5531.0,5530.0,5532.0,5533.0,5533.0,5532.0,6
2016-08-05 14:15:00,2016-08-05 14:16:00,5530.0,5534.0,5535.0,5531.0,5533.0,5535.0,5536.0,5532.0,22
2016-08-05 14:16:00,2016-08-05 14:17:00,5534.0,5533.0,5534.0,5532.0,5535.0,5535.0,5537.0,5535.0,7
2016-08-05 14:17:00,2016-08-05 14:18:00,5533.0,5531.0,5533.0,5531.0,5535.0,5533.0,5534.0,5533.0,5
2016-08-05 14:18:00,2016-08-05 14:19:00,5531.0,5532.0,5532.0,5529.0,5533.0,5533.0,5535.0,5533.0,5
2016-08-05 14:19:00,2016-08-05 14:20:00,5532.0,5532.0,5533.0,5531.0,5533.0,5534.0,5536.0,5534.0,9
2016-08-05 14:20:00,2016-08-05 14:22:00,5533.0,5531.0,5532.0,5531.0,5534.0,5533.0,5535.0,5532.0,6
2016-08-05 14:22:00,2016-08-05 14:23:00,5531.0,5532.0,5533.0,5531.0,5533.0,5534.0,5534.0,5533.0,6
2016-08-05 14:23:00,2016-08-05 14:24:00,5532.0,5531.0,5532.0,5531.0,5534.0,5533.0,5533.0,5533.0,2
2016-08-05 14:24:00,2016-08-05 14:25:00,5531.0,5530.0,5532.0,5530.0,5533.0,5531.0,5533.0,5531.0,7
2016-08-05 14:25:00,2016-08-05 14:26:00,5530.0,5530.0,5531.0,5529.0,5531.0,5532.0,5533.0,5531.0,8
2016-08-05 14:26:00,2016-08-05 14:29:00,5531.0,5530.0,5531.0,5530.0,5532.0,5532.0,5533.0,5531.0,6
2016-08-05 14:29:00,2016-08-05 14:31:00,5531.0,5530.0,5531.0,5530.0,5532.0,5532.0,5532.0,5532.0,3
2016-08-05 14:31:00,2016-08-05 14:32:00,5530.0,5529.0,5529.0,5529.0,5532.0,5530.0,5532.0,5530.0,4
2016-08-05 14:32:00,2016-08-05 14:33:00,5529.0,5528.0,5529.0,5528.0,5530.0,5530.0,5530.0,5529.0,8
2016-08-05 14:33:00,2016-08-05 14:35:00,5529.0,5530.0,5530.0,5530.0,5530.0,5531.0,5531.0,5531.0,1
2016-08-05 14:35:00,2016-08-05 14:36:00,5530.0,5529.0,5529.0,5528.0,5531.0,5530.0,5531.0,5530.0,8
2016-08-05 14:36:00,2016-08-05 14:38:00,5530.0,5528.0,5529.0,5527.0,5531.0,5530.0,5531.0,5530.0,4
2016-08-05 14:38:00,2016-08-05 14:39:00,5528.0,5529.0,5529.0,5528.0,5530.0,5530.0,5531.0,5529.0,6
2016-08-05 14:39:00,2016-08-05 14:40:00,5529.0,5529.0,5529.0,5529.0,5530.0,5530.0,5531.0,5530.0,2
2016-08-05 14:40:00,2016-08-05 14:41:00,5529.0,5530.0,5531.0,5529.0,5530.0,5531.0,5532.0,5531.0,8
2016-08-05 14:41:00,2016-08-05 14:42:00,5530.0,5530.0,5530.0,5530.0,5531.0,5532.0,5532.0,5531.0,3
2016-08-05 14:42:00,2016-08-05 14:43:00,5530.0,5531.0,5532.0,5531.0,5532.0,5533.0,5534.0,5532.0,8
2016-08-05 14:43:00,2016-08-05 14:44:00,5531.0,5531.0,5532.0,5530.0,5533.0,5532.0,5534.0,5532.0,9
2016-08-05 14:44:00,2016-08-05 14:45:00,5531.0,5531.0,5531.0,5531.0,5532.0,5532.0,5533.0,5532.0,2
2016-08-05 14:45:00,2016-08-05 14:46:00,5531.0,5530.0,5531.0,5530.0,5532.0,5532.0,5533.0,5531.0,8
2016-08-05 14:46:00,2016-08-05 14:47:00,5530.0,5529.0,5530.0,5528.0,5532.0,5531.0,5531.0,5530.0,10
2016-08-05 14:47:00,2016-08-05 14:50:00,5529.0,5530.0,5530.0,5527.0,5530.0,5531.0,5533.0,5531.0,3
2016-08-05 14:50:00,2016-08-05 14:51:00,5530.0,5531.0,5531.0,5530.0,5531.0,5532.0,5533.0,5532.0,3
2016-08-05 14:51:00,2016-08-05 14:52:00,5531.0,5530.0,5530.0,5530.0,5532.0,5532.0,5532.0,5531.0,2
2016-08-05 14:52:00,2016-08-05 14:53:00,5530.0,5530.0,5530.0,5530.0,5532.0,5531.0,5532.0,5531.0,3
2016-08-05 14:53:00,2016-08-05 14:54:00,5530.0,5530.0,5531.0,5530.0,5531.0,5533.0,5533.0,5532.0,4
2016-08-05 14:54:00,2016-08-05 14:55:00,5530.0,5530.0,5531.0,5530.0,5533.0,5532.0,5532.0,5531.0,4
2016-08-05 14:55:00,2016-08-05 14:57:00,5530.0,5530.0,5530.0,5528.0,5532.0,5531.0,5533.0,5531.0,8
2016-08-05 14:57:00,2016-08-05 15:00:00,5531.0,5531.0,5532.0,5529.0,5532.0,5534.0,5534.0,5532.0,7
2016-08-05 15:00:00,2016-08-05 15:01:00,5531.0,5533.0,5533.0,5531.0,5534.0,5534.0,5535.0,5533.0,12
2016-08-05 15:01:00,2016-08-05 15:02:00,5533.0,5535.0,5536.0,5533.0,5534.0,5537.0,5537.0,5534.0,10
2016-08-05 15:02:00,2016-08-05 15:03:00,5535.0,5536.0,5536.0,5533.0,5537.0,5537.0,5539.0,5537.0,6
2016-08-05 15:03:00,2016-08-05 15:06:00,5537.0,5537.0,5538.0,5537.0,5538.0,5539.0,5540.0,5538.0,8
2016-08-05 15:06:00,2016-08-05 15:07:00,5537.0,5536.0,5537.0,5534.0,5539.0,5538.0,5539.0,5536.0,13
2016-08-05 15:07:00,2016-08-05 15:14:00,5534.0,5535.0,5536.0,5535.0,5536.0,5539.0,5539.0,5536.0,4
2016-08-05 15:14:00,2016-08-05 15:15:00,5535.0,5536.0,5537.0,5536.0,5539.0,5537.0,5539.0,5537.0,11
2016-08-05 15:15:00,2016-08-05 15:16:00,5536.0,5534.0,5535.0,5533.0,5537.0,5536.0,5537.0,5535.0,5
2016-08-05 15:16:00,2016-08-05 15:17:00,5534.0,5534.0,5535.0,5533.0,5536.0,5536.0,5537.0,5535.0,7
2016-08-05 15:17:00,2016-08-05 15:18:00,5534.0,5534.0,5534.0,5533.0,5536.0,5535.0,5536.0,5535.0,4
2016-08-05 15:18:00,2016-08-05 15:22:00,5534.0,5534.0,5535.0,5534.0,5536.0,5536.0,5537.0,5536.0,4
2016-08-05 15:22:00,2016-08-05 15:25:00,5535.0,5534.0,5534.0,5534.0,5536.0,5535.0,5536.0,5535.0,3
2016-08-05 15:25:00,2016-08-05 15:26:00,5534.0,5533.0,5533.0,5532.0,5535.0,5535.0,5536.0,5534.0,3
2016-08-05 15:26:00,2016-08-05 15:28:00,5533.0,5533.0,5534.0,5533.0,5534.0,5534.0,5535.0,5534.0,13
2016-08-05 15:28:00,2016-08-05 15:29:00,5533.0,5532.0,5532.0,5532.0,5534.0,5535.0,5535.0,5535.0,1
2016-08-05 15:29:00,2016-08-05 15:30:00,5532.0,5533.0,5533.0,5533.0,5535.0,5534.0,5535.0,5534.0,3
2016-08-05 15:30:00,2016-08-05 15:32:00,5533.0,5534.0,5534.0,5530.0,5534.0,5535.0,5535.0,5533.0,12
2016-08-05 15:32:00,2016-08-05 15:33:00,5534.0,5534.0,5535.0,5533.0,5535.0,5535.0,5536.0,5535.0,6
2016-08-05 15:33:00,2016-08-05 15:34:00,5534.0,5532.0,5533.0,5532.0,5535.0,5537.0,5537.0,5536.0,2
2016-08-05 15:34:00,2016-08-05 15:35:00,5532.0,5534.0,5535.0,5533.0,5537.0,5536.0,5536.0,5535.0,5
2016-08-05 15:35:00,2016-08-05 15:36:00,5534.0,5535.0,5535.0,5533.0,5536.0,5536.0,5536.0,5535.0,4
2016-08-05 15:36:00,2016-08-05 15:37:00,5535.0,5535.0,5535.0,5534.0,5536.0,5536.0,5536.0,5536.0,4
2016-08-05 15:37:00,2016-08-05 15:42:00,5535.0,5534.0,5535.0,5533.0,5537.0,5535.0,5536.0,5535.0,4
2016-08-05 15:42:00,2016-08-05 15:45:00,5534.0,5535.0,5535.0,5533.0,5535.0,5536.0,5536.0,5535.0,4
2016-08-05 15:45:00,2016-08-05 15:47:00,5535.0,5535.0,5536.0,5534.0,5537.0,5536.0,5538.0,5536.0,6
2016-08-05 15:47:00,2016-08-05 15:49:00,5534.0,5535.0,5535.0,5534.0,5536.0,5536.0,5536.0,5536.0,3
2016-08-05 15:49:00,2016-08-05 15:51:00,5535.0,5535.0,5535.0,5534.0,5536.0,5536.0,5538.0,5536.0,3
2016-08-05 15:51:00,2016-08-05 15:57:00,5535.0,5535.0,5535.0,5532.0,5536.0,5536.0,5536.0,5534.0,12
2016-08-05 15:57:00,2016-08-05 15:59:00,5534.0,5532.0,5533.0,5532.0,5535.0,5535.0,5535.0,5534.0,3
2016-08-05 15:59:00,2016-08-05 16:00:00,5532.0,5533.0,5533.0,5533.0,5535.0,5534.0,5534.0,5534.0,1
2016-08-05 16:00:00,2016-08-05 16:01:00,5533.0,5533.0,5534.0,5533.0,5534.0,5534.0,5536.0,5534.0,6
2016-08-05 16:01:00,2016-08-05 16:09:00,5534.0,5534.0,5535.0,5534.0,5536.0,5537.0,5537.0,5535.0,3
2016-08-05 16:09:00,2016-08-05 16:10:00,5534.0,5535.0,5536.0,5534.0,5537.0,5537.0,5537.0,5536.0,6
2016-08-05 16:10:00,2016-08-05 16:11:00,5535.0,5536.0,5536.0,5535.0,5537.0,5537.0,5538.0,5537.0,3
2016-08-05 16:11:00,2016-08-05 16:18:00,5537.0,5538.0,5538.0,5537.0,5538.0,5539.0,5539.0,5538.0,7
2016-08-05 16:18:00,2016-08-05 16:19:00,5538.0,5536.0,5537.0,5536.0,5539.0,5538.0,5539.0,5537.0,7
2016-08-05 16:19:00,2016-08-05 16:24:00,5536.0,5536.0,5536.0,5536.0,5537.0,5539.0,5539.0,5538.0,2
2016-08-05 16:24:00,2016-08-05 16:30:00,5537.0,5535.0,5537.0,5534.0,5538.0,5537.0,5539.0,5537.0,9
2016-08-05 16:30:00,2016-08-05 16:49:00,5535.0,5535.0,5535.0,5534.0,5537.0,5538.0,5538.0,5538.0,2
2016-08-05 16:49:00,2016-08-05 16:50:00,5535.0,5535.0,5536.0,5535.0,5538.0,5536.0,5537.0,5536.0,3
2016-08-05 16:50:00,2016-08-05 16:55:00,5535.0,5535.0,5536.0,5535.0,5536.0,5537.0,5537.0,5537.0,2
2016-08-05 16:55:00,2016-08-05 17:02:00,5534.0,5533.0,5533.0,5533.0,5535.0,5536.0,5536.0,5536.0,1
2016-08-05 17:02:00,2016-08-05 17:03:00,5533.0,5534.0,5534.0,5534.0,5536.0,5536.0,5536.0,5535.0,4
2016-08-05 17:03:00,2016-08-05 17:26:00,5534.0,5534.0,5534.0,5533.0,5535.0,5535.0,5535.0,5534.0,5
2016-08-05 17:26:00,2016-08-05 17:37:00,5534.0,5535.0,5535.0,5533.0,5536.0,5536.0,5538.0,5536.0,3
2016-08-05 17:37:00,2016-08-05 17:41:00,5535.0,5535.0,5536.0,5535.0,5536.0,5537.0,5537.0,5536.0,7
2016-08-05 17:41:00,2016-08-05 18:02:00,5536.0,5535.0,5535.0,5535.0,5537.0,5538.0,5538.0,5538.0,1
2016-08-05 18:02:00,2016-08-05 18:03:00,5535.0,5536.0,5536.0,5536.0,5538.0,5538.0,5538.0,5537.0,2
2016-08-05 18:03:00,2016-08-05 18:04:00,5536.0,5536.0,5537.0,5536.0,5538.0,5539.0,5539.0,5538.0,2
2016-08-05 18:04:00,2016-08-05 18:12:00,5537.0,5537.0,5538.0,5537.0,5538.0,5539.0,5539.0,5538.0,6
2016-08-05 18:12:00,2016-08-05 18:17:00,5536.0,5536.0,5536.0,5535.0,5538.0,5537.0,5538.0,5537.0,2
2016-08-05 18:17:00,2016-08-05 18:27:00,5535.0,5535.0,5536.0,5535.0,5536.0,5536.0,5538.0,5536.0,5
2016-08-05 18:27:00,2016-08-05 18:29:00,5535.0,5534.0,5535.0,5534.0,5536.0,5537.0,5537.0,5537.0,2
2016-08-05 18:29:00,2016-08-05 18:30:00,5534.0,5535.0,5535.0,5535.0,5537.0,5537.0,5537.0,5536.0,2
2016-08-05 18:30:00,2016-08-05 18:40:00,5537.0,5536.0,5537.0,5536.0,5538.0,5537.0,5539.0,5537.0,5
2016-08-05 18:40:00,2016-08-05 19:05:00,5537.0,5537.0,5537.0,5535.0,5538.0,5539.0,5540.0,5538.0,3
2016-08-05 19:05:00,2016-08-05 19:11:00,5538.0,5538.0,5539.0,5538.0,5540.0,5539.0,5540.0,5539.0,4
2016-08-05 19:11:00,2016-08-05 19:17:00,5539.0,5539.0,5539.0,5538.0,5541.0,5540.0,5541.0,5540.0,3
2016-08-05 19:17:00,2016-08-05 19:21:00,5538.0,5537.0,5538.0,5537.0,5539.0,5538.0,5540.0,5538.0,3
2016-08-05 19:21:00,2016-08-05 19:24:00,5537.0,5538.0,5538.0,5536.0,5538.0,5539.0,5541.0,5539.0,4
2016-08-05 19:24:00,2016-08-05 19:27:00,5537.0,5538.0,5538.0,5537.0,5539.0,5540.0,5540.0,5539.0,4
2016-08-05 19:27:00,2016-08-05 19:29:00,5538.0,5540.0,5540.0,5539.0,5540.0,5541.0,5541.0,5541.0,4
2016-08-05 19:29:00,2016-08-05 19:30:00,5540.0,5537.0,5540.0,5537.0,5541.0,5539.0,5542.0,5538.0,12
2016-08-05 19:30:00,2016-08-05 19:31:00,5537.0,5538.0,5538.0,5538.0,5539.0,5540.0,5540.0,5539.0,2
2016-08-05 19:31:00,2016-08-05 19:32:00,5538.0,5539.0,5539.0,5538.0,5540.0,5541.0,5541.0,5540.0,8
2016-08-05 19:32:00,2016-08-05 19:33:00,5539.0,5538.0,5539.0,5537.0,5541.0,5540.0,5541.0,5539.0,7
2016-08-05 19:33:00,2016-08-05 19:35:00,5539.0,5538.0,5540.0,5538.0,5541.0,5540.0,5541.0,5540.0,6
2016-08-05 19:35:00,2016-08-05 19:46:00,5540.0,5538.0,5539.0,5538.0,5541.0,5540.0,5540.0,5539.0,5
2016-08-05 19:46:00,2016-08-05 19:48:00,5539.0,5537.0,5538.0,5536.0,5540.0,5538.0,5540.0,5538.0,6
2016-08-05 19:48:00,2016-08-05 19:50:00,5537.0,5538.0,5539.0,5538.0,5539.0,5540.0,5540.0,5539.0,6
2016-08-05 19:50:00,2016-08-05 19:51:00,5538.0,5539.0,5539.0,5538.0,5540.0,5541.0,5541.0,5539.0,6
2016-08-05 19:51:00,2016-08-05 19:57:00,5539.0,5537.0,5539.0,5537.0,5540.0,5539.0,5540.0,5539.0,9
2016-08-05 19:57:00,2016-08-05 19:58:00,5537.0,5536.0,5537.0,5536.0,5539.0,5537.0,5539.0,5537.0,5
2016-08-05 19:58:00,2016-08-05 19:59:00,5536.0,5537.0,5538.0,5536.0,5537.0,5540.0,5540.0,5537.0,18
2016-08-05 19:59:00,2016-08-05 20:00:00,5537.0,5536.0,5538.0,5536.0,5540.0,5538.0,5541.0,5538.0,5
2016-08-05 20:00:00,2016-08-05 20:01:00,5536.0,5538.0,5539.0,5536.0,5538.0,5540.0,5540.0,5539.0,5
2016-08-05 20:01:00,2016-08-05 20:02:00,5538.0,5539.0,5539.0,5538.0,5540.0,5540.0,5540.0,5540.0,5
2016-08-05 20:02:00,2016-08-05 20:05:00,5539.0,5539.0,5539.0,5538.0,5541.0,5540.0,5540.0,5540.0,2
2016-08-05 20:05:00,2016-08-05 20:08:00,5539.0,5537.0,5538.0,5537.0,5541.0,5540.0,5540.0,5539.0,4
2016-08-05 20:08:00,2016-08-05 20:09:00,5537.0,5537.0,5538.0,5537.0,5540.0,5538.0,5540.0,5538.0,5
2016-08-05 20:09:00,2016-08-05 20:10:00,5537.0,5537.0,5537.0,5536.0,5538.0,5538.0,5539.0,5538.0,8
2016-08-05 20:10:00,2016-08-05 20:14:00,5538.0,5534.0,5537.0,5534.0,5540.0,5536.0,5540.0,5536.0,8
2016-08-05 20:14:00,2016-08-05 20:15:00,5534.0,5534.0,5534.0,5534.0,5536.0,5538.0,5538.0,5537.0,2
2016-08-05 20:15:00,2016-08-05 20:19:00,5534.0,5534.0,5534.0,5534.0,5538.0,5537.0,5537.0,5537.0,1
2016-08-05 20:19:00,2016-08-05 20:22:00,5534.0,5537.0,5537.0,5534.0,5537.0,5538.0,5538.0,5537.0,5
2016-08-05 20:22:00,2016-08-05 20:29:00,5537.0,5539.0,5539.0,5536.0,5538.0,5540.0,5540.0,5539.0,6
2016-08-05 20:29:00,2016-08-05 20:30:00,5539.0,5538.0,5539.0,5535.0,5540.0,5540.0,5540.0,5539.0,15
2016-08-05 20:30:00,2016-08-05 20:31:00,5538.0,5537.0,5539.0,5537.0,5540.0,5540.0,5541.0,5540.0,4
2016-08-05 20:31:00,2016-08-05 20:35:00,5537.0,5536.0,5536.0,5536.0,5540.0,5541.0,5541.0,5541.0,1
2016-08-05 20:35:00,2016-08-05 20:36:00,5536.0,5539.0,5539.0,5537.0,5541.0,5540.0,5540.0,5540.0,2
2016-08-05 20:36:00,2016-08-05 20:38:00,5539.0,5537.0,5539.0,5536.0,5540.0,5540.0,5541.0,5540.0,5
2016-08-05 20:38:00,2016-08-05 20:39:00,5537.0,5536.0,5537.0,5536.0,5540.0,5538.0,5539.0,5538.0,2
2016-08-05 20:39:00,2016-08-05 20:41:00,5536.0,5536.0,5536.0,5535.0,5538.0,5538.0,5538.0,5537.0,3
2016-08-05 20:41:00,2016-08-05 20:43:00,5536.0,5537.0,5537.0,5537.0,5539.0,5539.0,5539.0,5539.0,1
2016-08-05 20:43:00,2016-08-05 20:44:00,5537.0,5534.0,5540.0,5534.0,5539.0,5536.0,5541.0,5536.0,11
