open time,close time,open bid,close bid,high bid,low bid,open ask,close ask,high ask,low ask,volume
2016-04-28 23:59:00,2016-04-29 00:00:00,5229.0,5230.0,5234.0,5226.0,5230.0,5232.0,5235.0,5227.0,131
2016-04-29 00:00:00,2016-04-29 00:01:00,5230.0,5227.0,5234.0,5227.0,5232.0,5229.0,5235.0,5228.0,85
2016-04-29 00:01:00,2016-04-29 00:02:00,5227.0,5227.0,5228.0,5226.0,5229.0,5229.0,5229.0,5227.0,42
2016-04-29 00:02:00,2016-04-29 00:03:00,5227.0,5231.0,5232.0,5227.0,5229.0,5232.0,5233.0,5228.0,37
2016-04-29 00:03:00,2016-04-29 00:04:00,5231.0,5223.0,5230.0,5222.0,5232.0,5224.0,5232.0,5223.0,114
2016-04-29 00:04:00,2016-04-29 00:05:00,5223.0,5224.0,5227.0,5223.0,5224.0,5226.0,5228.0,5225.0,56
2016-04-29 00:05:00,2016-04-29 00:06:00,5224.0,5221.0,5226.0,5221.0,5226.0,5222.0,5227.0,5222.0,43
2016-04-29 00:06:00,2016-04-29 00:07:00,5221.0,5221.0,5225.0,5221.0,5222.0,5222.0,5227.0,5222.0,40
2016-04-29 00:07:00,2016-04-29 00:08:00,5221.0,5221.0,5222.0,5220.0,5222.0,5222.0,5223.0,5221.0,30
2016-04-29 00:08:00,2016-04-29 00:09:00,5221.0,5218.0,5221.0,5218.0,5222.0,5219.0,5222.0,5219.0,32
2016-04-29 00:09:00,2016-04-29 00:10:00,5218.0,5218.0,5220.0,5217.0,5219.0,5219.0,5221.0,5218.0,44
2016-04-29 00:10:00,2016-04-29 00:11:00,5218.0,5216.0,5219.0,5216.0,5219.0,5217.0,5220.0,5217.0,40
2016-04-29 00:11:00,2016-04-29 00:12:00,5216.0,5213.0,5217.0,5210.0,5217.0,5214.0,5218.0,5211.0,48
2016-04-29 00:12:00,2016-04-29 00:13:00,5213.0,5215.0,5216.0,5211.0,5214.0,5216.0,5217.0,5213.0,36
2016-04-29 00:13:00,2016-04-29 00:15:00,5218.0,5220.0,5221.0,5217.0,5219.0,5221.0,5222.0,5218.0,28
2016-04-29 00:15:00,2016-04-29 00:16:00,5220.0,5221.0,5222.0,5220.0,5221.0,5222.0,5223.0,5221.0,30
2016-04-29 00:16:00,2016-04-29 00:17:00,5221.0,5220.0,5221.0,5220.0,5222.0,5222.0,5222.0,5221.0,19
2016-04-29 00:17:00,2016-04-29 00:18:00,5220.0,5223.0,5223.0,5220.0,5222.0,5224.0,5224.0,5221.0,23
2016-04-29 00:18:00,2016-04-29 00:19:00,5223.0,5226.0,5227.0,5222.0,5224.0,5227.0,5228.0,5223.0,44
2016-04-29 00:19:00,2016-04-29 00:20:00,5226.0,5234.0,5234.0,5226.0,5227.0,5235.0,5235.0,5228.0,102
2016-04-29 00:20:00,2016-04-29 00:21:00,5234.0,5237.0,5238.0,5233.0,5235.0,5238.0,5239.0,5234.0,69
2016-04-29 00:21:00,2016-04-29 00:22:00,5237.0,5240.0,5240.0,5236.0,5238.0,5241.0,5241.0,5237.0,26
2016-04-29 00:22:00,2016-04-29 00:23:00,5240.0,5241.0,5242.0,5238.0,5241.0,5242.0,5243.0,5239.0,50
2016-04-29 00:23:00,2016-04-29 00:24:00,5241.0,5239.0,5240.0,5238.0,5242.0,5240.0,5242.0,5239.0,18
2016-04-29 00:24:00,2016-04-29 00:25:00,5239.0,5240.0,5241.0,5239.0,5240.0,5241.0,5242.0,5241.0,20
2016-04-29 00:25:00,2016-04-29 00:26:00,5240.0,5241.0,5243.0,5240.0,5241.0,5242.0,5245.0,5242.0,40
2016-04-29 00:26:00,2016-04-29 00:27:00,5241.0,5241.0,5243.0,5240.0,5242.0,5242.0,5244.0,5241.0,18
2016-04-29 00:27:00,2016-04-29 00:29:00,5241.0,5242.0,5242.0,5241.0,5242.0,5243.0,5243.0,5242.0,20
2016-04-29 00:29:00,2016-04-29 00:30:00,5242.0,5241.0,5242.0,5240.0,5243.0,5242.0,5243.0,5241.0,25
2016-04-29 00:30:00,2016-04-29 00:31:00,5241.0,5237.0,5240.0,5235.0,5242.0,5238.0,5242.0,5236.0,46
2016-04-29 00:31:00,2016-04-29 00:32:00,5237.0,5235.0,5237.0,5235.0,5238.0,5236.0,5238.0,5236.0,20
2016-04-29 00:32:00,2016-04-29 00:33:00,5235.0,5237.0,5237.0,5235.0,5236.0,5238.0,5238.0,5236.0,8
2016-04-29 00:33:00,2016-04-29 00:34:00,5237.0,5237.0,5237.0,5236.0,5238.0,5238.0,5238.0,5237.0,18
2016-04-29 00:34:00,2016-04-29 00:35:00,5237.0,5237.0,5238.0,5236.0,5238.0,5238.0,5239.0,5237.0,18
2016-04-29 00:35:00,2016-04-29 00:39:00,5237.0,5237.0,5238.0,5236.0,5238.0,5238.0,5239.0,5237.0,16
2016-04-29 00:39:00,2016-04-29 00:40:00,5237.0,5236.0,5238.0,5236.0,5238.0,5238.0,5239.0,5237.0,23
2016-04-29 00:40:00,2016-04-29 00:41:00,5236.0,5233.0,5237.0,5233.0,5238.0,5234.0,5238.0,5234.0,29
2016-04-29 00:41:00,2016-04-29 00:42:00,5233.0,5232.0,5234.0,5231.0,5234.0,5233.0,5235.0,5232.0,22
2016-04-29 00:42:00,2016-04-29 00:43:00,5232.0,5234.0,5235.0,5232.0,5233.0,5236.0,5236.0,5234.0,13
2016-04-29 00:43:00,2016-04-29 00:44:00,5234.0,5233.0,5235.0,5233.0,5236.0,5234.0,5236.0,5234.0,11
2016-04-29 00:44:00,2016-04-29 00:45:00,5233.0,5230.0,5234.0,5230.0,5234.0,5232.0,5235.0,5231.0,35
2016-04-29 00:45:00,2016-04-29 00:46:00,5230.0,5231.0,5232.0,5230.0,5232.0,5232.0,5233.0,5231.0,21
2016-04-29 00:46:00,2016-04-29 00:47:00,5231.0,5231.0,5232.0,5230.0,5232.0,5232.0,5233.0,5231.0,14
2016-04-29 00:47:00,2016-04-29 00:49:00,5230.0,5230.0,5231.0,5230.0,5231.0,5231.0,5233.0,5231.0,28
2016-04-29 00:49:00,2016-04-29 00:50:00,5230.0,5230.0,5230.0,5228.0,5231.0,5231.0,5231.0,5229.0,18
2016-04-29 00:50:00,2016-04-29 00:51:00,5230.0,5231.0,5231.0,5229.0,5231.0,5232.0,5232.0,5230.0,22
2016-04-29 00:51:00,2016-04-29 00:52:00,5231.0,5231.0,5232.0,5230.0,5232.0,5232.0,5233.0,5231.0,30
2016-04-29 00:52:00,2016-04-29 00:55:00,5231.0,5230.0,5232.0,5230.0,5232.0,5232.0,5233.0,5231.0,15
2016-04-29 00:55:00,2016-04-29 00:56:00,5230.0,5231.0,5233.0,5231.0,5232.0,5232.0,5234.0,5232.0,13
2016-04-29 00:56:00,2016-04-29 00:57:00,5231.0,5232.0,5233.0,5231.0,5232.0,5234.0,5234.0,5232.0,13
2016-04-29 00:57:00,2016-04-29 00:58:00,5232.0,5231.0,5232.0,5231.0,5234.0,5233.0,5233.0,5232.0,10
2016-04-29 00:58:00,2016-04-29 00:59:00,5231.0,5229.0,5231.0,5228.0,5233.0,5230.0,5232.0,5229.0,25
2016-04-29 00:59:00,2016-04-29 01:00:00,5229.0,5228.0,5229.0,5227.0,5230.0,5230.0,5230.0,5228.0,41
2016-04-29 01:00:00,2016-04-29 01:01:00,5228.0,5228.0,5229.0,5227.0,5230.0,5229.0,5230.0,5229.0,15
2016-04-29 01:01:00,2016-04-29 01:02:00,5228.0,5229.0,5230.0,5228.0,5229.0,5231.0,5231.0,5229.0,25
2016-04-29 01:02:00,2016-04-29 01:03:00,5229.0,5229.0,5229.0,5229.0,5231.0,5231.0,5231.0,5230.0,2
2016-04-29 01:03:00,2016-04-29 01:04:00,5229.0,5228.0,5230.0,5228.0,5231.0,5229.0,5231.0,5229.0,25
2016-04-29 01:04:00,2016-04-29 01:05:00,5228.0,5229.0,5229.0,5228.0,5229.0,5230.0,5230.0,5229.0,32
2016-04-29 01:05:00,2016-04-29 01:07:00,5229.0,5228.0,5229.0,5227.0,5230.0,5229.0,5230.0,5229.0,8
2016-04-29 01:07:00,2016-04-29 01:08:00,5228.0,5228.0,5229.0,5228.0,5229.0,5229.0,5230.0,5229.0,16
2016-04-29 01:08:00,2016-04-29 01:09:00,5228.0,5227.0,5228.0,5227.0,5229.0,5228.0,5229.0,5228.0,28
2016-04-29 01:09:00,2016-04-29 01:10:00,5227.0,5225.0,5228.0,5224.0,5228.0,5226.0,5229.0,5225.0,33
2016-04-29 01:10:00,2016-04-29 01:13:00,5227.0,5226.0,5227.0,5226.0,5228.0,5227.0,5228.0,5227.0,10
2016-04-29 01:13:00,2016-04-29 01:15:00,5226.0,5226.0,5226.0,5223.0,5227.0,5227.0,5227.0,5224.0,42
2016-04-29 01:15:00,2016-04-29 01:16:00,5226.0,5228.0,5229.0,5226.0,5227.0,5229.0,5230.0,5228.0,44
2016-04-29 01:16:00,2016-04-29 01:17:00,5228.0,5226.0,5227.0,5226.0,5229.0,5228.0,5229.0,5227.0,25
2016-04-29 01:17:00,2016-04-29 01:18:00,5226.0,5226.0,5227.0,5226.0,5228.0,5227.0,5228.0,5227.0,19
2016-04-29 01:18:00,2016-04-29 01:19:00,5226.0,5228.0,5228.0,5225.0,5227.0,5229.0,5229.0,5226.0,20
2016-04-29 01:19:00,2016-04-29 01:20:00,5228.0,5230.0,5232.0,5228.0,5229.0,5231.0,5233.0,5230.0,26
2016-04-29 01:20:00,2016-04-29 01:21:00,5230.0,5233.0,5233.0,5230.0,5231.0,5234.0,5234.0,5232.0,10
2016-04-29 01:21:00,2016-04-29 01:22:00,5233.0,5236.0,5237.0,5233.0,5234.0,5237.0,5238.0,5235.0,46
2016-04-29 01:22:00,2016-04-29 01:23:00,5236.0,5237.0,5238.0,5236.0,5237.0,5238.0,5239.0,5237.0,18
2016-04-29 01:23:00,2016-04-29 01:24:00,5237.0,5234.0,5236.0,5233.0,5238.0,5235.0,5238.0,5234.0,26
2016-04-29 01:24:00,2016-04-29 01:25:00,5234.0,5234.0,5236.0,5234.0,5235.0,5236.0,5237.0,5235.0,33
2016-04-29 01:25:00,2016-04-29 01:26:00,5234.0,5239.0,5239.0,5235.0,5236.0,5241.0,5241.0,5236.0,34
2016-04-29 01:26:00,2016-04-29 01:27:00,5239.0,5240.0,5240.0,5238.0,5241.0,5241.0,5241.0,5239.0,11
2016-04-29 01:27:00,2016-04-29 01:28:00,5240.0,5238.0,5240.0,5238.0,5241.0,5240.0,5241.0,5239.0,49
2016-04-29 01:28:00,2016-04-29 01:29:00,5238.0,5237.0,5238.0,5236.0,5240.0,5239.0,5239.0,5237.0,24
2016-04-29 01:29:00,2016-04-29 01:30:00,5237.0,5231.0,5237.0,5229.0,5239.0,5232.0,5239.0,5231.0,65
2016-04-29 01:30:00,2016-04-29 01:31:00,5231.0,5229.0,5232.0,5227.0,5232.0,5231.0,5233.0,5228.0,65
2016-04-29 01:31:00,2016-04-29 01:32:00,5229.0,5231.0,5232.0,5229.0,5231.0,5232.0,5233.0,5231.0,31
2016-04-29 01:32:00,2016-04-29 01:33:00,5231.0,5236.0,5236.0,5231.0,5232.0,5237.0,5237.0,5232.0,34
2016-04-29 01:33:00,2016-04-29 01:34:00,5236.0,5233.0,5239.0,5233.0,5237.0,5235.0,5240.0,5235.0,37
2016-04-29 01:34:00,2016-04-29 01:35:00,5233.0,5233.0,5234.0,5231.0,5235.0,5234.0,5235.0,5232.0,56
2016-04-29 01:35:00,2016-04-29 01:36:00,5233.0,5233.0,5234.0,5232.0,5234.0,5235.0,5235.0,5233.0,33
2016-04-29 01:36:00,2016-04-29 01:37:00,5233.0,5231.0,5233.0,5229.0,5235.0,5232.0,5234.0,5230.0,55
2016-04-29 01:37:00,2016-04-29 01:38:00,5231.0,5227.0,5231.0,5226.0,5232.0,5228.0,5232.0,5227.0,61
2016-04-29 01:38:00,2016-04-29 01:39:00,5227.0,5228.0,5229.0,5227.0,5228.0,5229.0,5230.0,5228.0,50
2016-04-29 01:39:00,2016-04-29 01:40:00,5228.0,5227.0,5229.0,5227.0,5229.0,5229.0,5230.0,5229.0,17
2016-04-29 01:40:00,2016-04-29 01:41:00,5227.0,5228.0,5229.0,5227.0,5229.0,5230.0,5230.0,5228.0,18
2016-04-29 01:41:00,2016-04-29 01:42:00,5228.0,5230.0,5230.0,5227.0,5230.0,5231.0,5231.0,5228.0,19
2016-04-29 01:42:00,2016-04-29 01:43:00,5230.0,5232.0,5232.0,5229.0,5231.0,5233.0,5233.0,5230.0,22
2016-04-29 01:43:00,2016-04-29 01:44:00,5232.0,5233.0,5235.0,5231.0,5233.0,5234.0,5236.0,5232.0,40
2016-04-29 01:44:00,2016-04-29 01:45:00,5233.0,5234.0,5234.0,5233.0,5234.0,5235.0,5236.0,5234.0,18
2016-04-29 01:45:00,2016-04-29 01:46:00,5234.0,5239.0,5239.0,5234.0,5235.0,5240.0,5240.0,5235.0,26
2016-04-29 01:46:00,2016-04-29 01:47:00,5239.0,5238.0,5239.0,5237.0,5240.0,5240.0,5240.0,5238.0,23
2016-04-29 01:47:00,2016-04-29 01:48:00,5238.0,5238.0,5239.0,5238.0,5240.0,5239.0,5240.0,5239.0,13
2016-04-29 01:48:00,2016-04-29 01:49:00,5238.0,5238.0,5239.0,5238.0,5239.0,5239.0,5240.0,5239.0,20
2016-04-29 01:49:00,2016-04-29 01:50:00,5238.0,5239.0,5240.0,5237.0,5239.0,5240.0,5241.0,5239.0,30
2016-04-29 01:50:00,2016-04-29 01:51:00,5239.0,5238.0,5240.0,5237.0,5240.0,5240.0,5241.0,5238.0,27
2016-04-29 01:51:00,2016-04-29 01:52:00,5238.0,5238.0,5238.0,5237.0,5240.0,5239.0,5239.0,5238.0,5
2016-04-29 01:52:00,2016-04-29 01:53:00,5238.0,5239.0,5239.0,5237.0,5239.0,5240.0,5240.0,5239.0,6
2016-04-29 01:53:00,2016-04-29 01:54:00,5239.0,5237.0,5238.0,5236.0,5240.0,5238.0,5240.0,5238.0,8
2016-04-29 01:54:00,2016-04-29 01:55:00,5237.0,5235.0,5237.0,5234.0,5238.0,5236.0,5238.0,5235.0,24
2016-04-29 01:55:00,2016-04-29 01:56:00,5235.0,5235.0,5236.0,5235.0,5236.0,5236.0,5237.0,5236.0,12
2016-04-29 01:56:00,2016-04-29 01:57:00,5235.0,5235.0,5236.0,5234.0,5236.0,5236.0,5237.0,5235.0,16
2016-04-29 01:57:00,2016-04-29 01:58:00,5235.0,5234.0,5234.0,5233.0,5236.0,5235.0,5236.0,5234.0,24
2016-04-29 01:58:00,2016-04-29 01:59:00,5234.0,5234.0,5234.0,5233.0,5235.0,5235.0,5235.0,5234.0,20
2016-04-29 01:59:00,2016-04-29 02:00:00,5234.0,5236.0,5237.0,5233.0,5235.0,5237.0,5238.0,5234.0,30
2016-04-29 02:00:00,2016-04-29 02:01:00,5236.0,5235.0,5237.0,5235.0,5237.0,5237.0,5238.0,5236.0,17
2016-04-29 02:01:00,2016-04-29 02:02:00,5235.0,5235.0,5236.0,5235.0,5237.0,5236.0,5237.0,5236.0,7
2016-04-29 02:02:00,2016-04-29 02:03:00,5235.0,5235.0,5236.0,5235.0,5236.0,5236.0,5237.0,5236.0,14
2016-04-29 02:03:00,2016-04-29 02:04:00,5235.0,5236.0,5236.0,5235.0,5236.0,5237.0,5237.0,5236.0,14
2016-04-29 02:04:00,2016-04-29 02:05:00,5236.0,5237.0,5238.0,5236.0,5237.0,5238.0,5239.0,5237.0,26
2016-04-29 02:05:00,2016-04-29 02:06:00,5237.0,5239.0,5240.0,5237.0,5238.0,5241.0,5241.0,5239.0,23
2016-04-29 02:06:00,2016-04-29 02:07:00,5239.0,5239.0,5240.0,5239.0,5241.0,5240.0,5241.0,5240.0,29
2016-04-29 02:07:00,2016-04-29 02:08:00,5239.0,5239.0,5239.0,5238.0,5240.0,5240.0,5240.0,5239.0,8
2016-04-29 02:08:00,2016-04-29 02:09:00,5239.0,5240.0,5240.0,5239.0,5240.0,5241.0,5241.0,5240.0,22
2016-04-29 02:09:00,2016-04-29 02:10:00,5240.0,5240.0,5241.0,5240.0,5241.0,5242.0,5242.0,5241.0,21
2016-04-29 02:10:00,2016-04-29 02:11:00,5240.0,5242.0,5243.0,5241.0,5242.0,5243.0,5244.0,5242.0,21
2016-04-29 02:11:00,2016-04-29 02:12:00,5242.0,5240.0,5241.0,5240.0,5243.0,5242.0,5243.0,5241.0,11
2016-04-29 02:12:00,2016-04-29 02:13:00,5240.0,5240.0,5241.0,5239.0,5242.0,5241.0,5242.0,5241.0,13
2016-04-29 02:13:00,2016-04-29 02:15:00,5241.0,5240.0,5240.0,5238.0,5242.0,5241.0,5242.0,5239.0,36
2016-04-29 02:15:00,2016-04-29 02:16:00,5240.0,5239.0,5241.0,5239.0,5241.0,5240.0,5242.0,5240.0,26
2016-04-29 02:16:00,2016-04-29 02:17:00,5239.0,5239.0,5240.0,5239.0,5240.0,5241.0,5241.0,5240.0,5
2016-04-29 02:17:00,2016-04-29 02:19:00,5240.0,5241.0,5241.0,5240.0,5241.0,5242.0,5242.0,5241.0,14
2016-04-29 02:19:00,2016-04-29 02:20:00,5241.0,5239.0,5240.0,5239.0,5242.0,5240.0,5242.0,5240.0,16
2016-04-29 02:20:00,2016-04-29 02:21:00,5239.0,5240.0,5240.0,5239.0,5240.0,5241.0,5241.0,5240.0,18
2016-04-29 02:21:00,2016-04-29 02:23:00,5241.0,5241.0,5242.0,5241.0,5242.0,5242.0,5243.0,5242.0,6
2016-04-29 02:23:00,2016-04-29 02:24:00,5241.0,5241.0,5242.0,5239.0,5242.0,5243.0,5243.0,5241.0,32
2016-04-29 02:24:00,2016-04-29 02:26:00,5241.0,5245.0,5246.0,5241.0,5242.0,5246.0,5247.0,5242.0,48
2016-04-29 02:26:00,2016-04-29 02:27:00,5245.0,5245.0,5246.0,5244.0,5246.0,5246.0,5247.0,5245.0,18
2016-04-29 02:27:00,2016-04-29 02:28:00,5245.0,5246.0,5247.0,5245.0,5246.0,5247.0,5248.0,5247.0,22
2016-04-29 02:28:00,2016-04-29 02:29:00,5246.0,5247.0,5247.0,5245.0,5247.0,5248.0,5248.0,5247.0,14
2016-04-29 02:29:00,2016-04-29 02:30:00,5247.0,5249.0,5251.0,5247.0,5248.0,5251.0,5252.0,5249.0,31
2016-04-29 02:30:00,2016-04-29 02:31:00,5249.0,5249.0,5251.0,5249.0,5251.0,5250.0,5252.0,5250.0,23
2016-04-29 02:31:00,2016-04-29 02:32:00,5249.0,5247.0,5250.0,5247.0,5250.0,5248.0,5251.0,5248.0,40
2016-04-29 02:32:00,2016-04-29 02:33:00,5247.0,5248.0,5248.0,5246.0,5248.0,5249.0,5249.0,5248.0,16
2016-04-29 02:33:00,2016-04-29 02:34:00,5248.0,5246.0,5248.0,5246.0,5249.0,5248.0,5249.0,5247.0,29
2016-04-29 02:34:00,2016-04-29 02:35:00,5246.0,5247.0,5248.0,5246.0,5248.0,5248.0,5249.0,5247.0,17
2016-04-29 02:35:00,2016-04-29 02:36:00,5247.0,5248.0,5248.0,5247.0,5248.0,5249.0,5249.0,5248.0,12
2016-04-29 02:36:00,2016-04-29 02:37:00,5248.0,5249.0,5250.0,5248.0,5249.0,5250.0,5251.0,5249.0,20
2016-04-29 02:37:00,2016-04-29 02:38:00,5249.0,5248.0,5249.0,5247.0,5250.0,5249.0,5250.0,5248.0,14
2016-04-29 02:38:00,2016-04-29 02:39:00,5248.0,5249.0,5250.0,5248.0,5249.0,5250.0,5251.0,5249.0,10
2016-04-29 02:39:00,2016-04-29 02:41:00,5249.0,5248.0,5248.0,5247.0,5250.0,5249.0,5250.0,5248.0,16
2016-04-29 02:41:00,2016-04-29 02:42:00,5248.0,5248.0,5249.0,5248.0,5249.0,5249.0,5250.0,5249.0,8
2016-04-29 02:42:00,2016-04-29 02:45:00,5249.0,5249.0,5250.0,5249.0,5250.0,5250.0,5251.0,5250.0,8
2016-04-29 02:45:00,2016-04-29 02:46:00,5249.0,5249.0,5249.0,5248.0,5250.0,5251.0,5251.0,5249.0,7
2016-04-29 02:46:00,2016-04-29 02:47:00,5249.0,5251.0,5251.0,5249.0,5251.0,5252.0,5252.0,5250.0,7
2016-04-29 02:47:00,2016-04-29 02:49:00,5252.0,5251.0,5251.0,5251.0,5253.0,5253.0,5253.0,5252.0,3
2016-04-29 02:49:00,2016-04-29 02:50:00,5251.0,5252.0,5252.0,5251.0,5253.0,5253.0,5253.0,5252.0,13
2016-04-29 02:50:00,2016-04-29 02:51:00,5252.0,5252.0,5252.0,5251.0,5253.0,5253.0,5253.0,5252.0,12
2016-04-29 02:51:00,2016-04-29 02:54:00,5254.0,5258.0,5259.0,5254.0,5255.0,5259.0,5260.0,5255.0,48
2016-04-29 02:54:00,2016-04-29 02:55:00,5258.0,5256.0,5259.0,5256.0,5259.0,5258.0,5260.0,5257.0,73
2016-04-29 02:55:00,2016-04-29 02:56:00,5256.0,5258.0,5259.0,5256.0,5258.0,5259.0,5260.0,5257.0,23
2016-04-29 02:56:00,2016-04-29 02:57:00,5258.0,5257.0,5259.0,5257.0,5259.0,5259.0,5260.0,5258.0,25
2016-04-29 02:57:00,2016-04-29 02:58:00,5257.0,5257.0,5258.0,5257.0,5259.0,5259.0,5259.0,5258.0,14
2016-04-29 02:58:00,2016-04-29 02:59:00,5257.0,5255.0,5257.0,5254.0,5259.0,5256.0,5258.0,5256.0,7
2016-04-29 02:59:00,2016-04-29 03:00:00,5255.0,5255.0,5256.0,5255.0,5256.0,5256.0,5257.0,5256.0,4
2016-04-29 03:00:00,2016-04-29 03:01:00,5255.0,5250.0,5254.0,5250.0,5256.0,5251.0,5256.0,5251.0,22
2016-04-29 03:01:00,2016-04-29 03:02:00,5250.0,5248.0,5249.0,5247.0,5251.0,5249.0,5251.0,5248.0,24
2016-04-29 03:02:00,2016-04-29 03:03:00,5248.0,5246.0,5247.0,5245.0,5249.0,5247.0,5249.0,5247.0,10
2016-04-29 03:03:00,2016-04-29 03:04:00,5246.0,5248.0,5249.0,5246.0,5247.0,5250.0,5250.0,5247.0,27
2016-04-29 03:04:00,2016-04-29 03:05:00,5248.0,5248.0,5249.0,5246.0,5250.0,5249.0,5251.0,5249.0,16
2016-04-29 03:05:00,2016-04-29 03:06:00,5248.0,5247.0,5247.0,5247.0,5249.0,5248.0,5249.0,5248.0,4
2016-04-29 03:06:00,2016-04-29 03:07:00,5247.0,5246.0,5247.0,5246.0,5248.0,5248.0,5248.0,5247.0,17
2016-04-29 03:07:00,2016-04-29 03:08:00,5246.0,5246.0,5247.0,5245.0,5248.0,5247.0,5248.0,5246.0,9
2016-04-29 03:08:00,2016-04-29 03:09:00,5246.0,5247.0,5247.0,5246.0,5247.0,5248.0,5248.0,5248.0,6
2016-04-29 03:09:00,2016-04-29 03:12:00,5247.0,5247.0,5247.0,5246.0,5248.0,5248.0,5248.0,5248.0,6
2016-04-29 03:12:00,2016-04-29 03:13:00,5247.0,5243.0,5246.0,5243.0,5248.0,5244.0,5248.0,5244.0,22
2016-04-29 03:13:00,2016-04-29 03:14:00,5243.0,5242.0,5243.0,5242.0,5244.0,5244.0,5244.0,5243.0,31
2016-04-29 03:14:00,2016-04-29 03:15:00,5242.0,5245.0,5245.0,5242.0,5244.0,5246.0,5246.0,5243.0,23
2016-04-29 03:15:00,2016-04-29 03:16:00,5245.0,5244.0,5245.0,5244.0,5246.0,5245.0,5246.0,5245.0,12
2016-04-29 03:16:00,2016-04-29 03:18:00,5245.0,5245.0,5245.0,5244.0,5246.0,5246.0,5246.0,5245.0,10
2016-04-29 03:18:00,2016-04-29 03:21:00,5246.0,5246.0,5246.0,5244.0,5247.0,5247.0,5247.0,5246.0,14
2016-04-29 03:21:00,2016-04-29 03:22:00,5246.0,5244.0,5245.0,5243.0,5247.0,5246.0,5247.0,5244.0,21
2016-04-29 03:22:00,2016-04-29 03:24:00,5244.0,5242.0,5243.0,5241.0,5245.0,5243.0,5245.0,5242.0,18
2016-04-29 03:24:00,2016-04-29 03:25:00,5242.0,5243.0,5244.0,5242.0,5243.0,5245.0,5245.0,5243.0,11
2016-04-29 03:25:00,2016-04-29 03:26:00,5243.0,5244.0,5244.0,5243.0,5245.0,5245.0,5245.0,5244.0,7
2016-04-29 03:26:00,2016-04-29 03:27:00,5244.0,5244.0,5245.0,5244.0,5245.0,5245.0,5246.0,5245.0,8
2016-04-29 03:27:00,2016-04-29 03:29:00,5243.0,5243.0,5244.0,5243.0,5245.0,5244.0,5245.0,5244.0,5
2016-04-29 03:29:00,2016-04-29 03:30:00,5243.0,5241.0,5242.0,5241.0,5244.0,5243.0,5244.0,5242.0,13
2016-04-29 03:30:00,2016-04-29 03:31:00,5241.0,5242.0,5242.0,5241.0,5243.0,5243.0,5243.0,5243.0,3
2016-04-29 03:31:00,2016-04-29 03:32:00,5242.0,5241.0,5242.0,5241.0,5243.0,5243.0,5243.0,5242.0,11
2016-04-29 03:32:00,2016-04-29 03:34:00,5241.0,5239.0,5240.0,5239.0,5242.0,5241.0,5242.0,5240.0,23
2016-04-29 03:34:00,2016-04-29 03:35:00,5239.0,5238.0,5240.0,5237.0,5241.0,5239.0,5241.0,5238.0,13
2016-04-29 03:35:00,2016-04-29 03:36:00,5238.0,5239.0,5240.0,5238.0,5239.0,5240.0,5241.0,5240.0,8
2016-04-29 03:36:00,2016-04-29 03:37:00,5239.0,5240.0,5240.0,5239.0,5240.0,5241.0,5241.0,5240.0,14
2016-04-29 03:37:00,2016-04-29 03:38:00,5240.0,5241.0,5242.0,5240.0,5241.0,5243.0,5243.0,5241.0,23
2016-04-29 03:38:00,2016-04-29 03:39:00,5241.0,5244.0,5244.0,5241.0,5243.0,5245.0,5246.0,5243.0,13
2016-04-29 03:39:00,2016-04-29 03:41:00,5244.0,5244.0,5245.0,5244.0,5245.0,5245.0,5247.0,5245.0,10
2016-04-29 03:41:00,2016-04-29 03:42:00,5244.0,5244.0,5245.0,5243.0,5245.0,5245.0,5246.0,5245.0,16
2016-04-29 03:42:00,2016-04-29 03:43:00,5244.0,5245.0,5246.0,5244.0,5245.0,5247.0,5247.0,5246.0,7
2016-04-29 03:43:00,2016-04-29 03:45:00,5245.0,5245.0,5247.0,5245.0,5247.0,5247.0,5248.0,5246.0,14
2016-04-29 03:45:00,2016-04-29 03:48:00,5245.0,5244.0,5245.0,5244.0,5246.0,5246.0,5246.0,5245.0,7
2016-04-29 03:48:00,2016-04-29 03:49:00,5244.0,5245.0,5246.0,5245.0,5246.0,5247.0,5247.0,5246.0,10
2016-04-29 03:49:00,2016-04-29 03:50:00,5245.0,5246.0,5246.0,5245.0,5247.0,5247.0,5248.0,5246.0,7
2016-04-29 03:50:00,2016-04-29 03:51:00,5246.0,5246.0,5246.0,5245.0,5247.0,5247.0,5247.0,5246.0,10
2016-04-29 03:51:00,2016-04-29 03:53:00,5245.0,5246.0,5247.0,5245.0,5246.0,5247.0,5248.0,5246.0,12
2016-04-29 03:53:00,2016-04-29 03:55:00,5247.0,5248.0,5248.0,5246.0,5248.0,5249.0,5249.0,5247.0,20
2016-04-29 03:55:00,2016-04-29 03:56:00,5248.0,5247.0,5248.0,5247.0,5249.0,5248.0,5249.0,5248.0,12
2016-04-29 03:56:00,2016-04-29 03:57:00,5247.0,5247.0,5248.0,5247.0,5248.0,5249.0,5249.0,5248.0,7
2016-04-29 03:57:00,2016-04-29 03:59:00,5247.0,5248.0,5248.0,5245.0,5248.0,5249.0,5249.0,5246.0,14
2016-04-29 03:59:00,2016-04-29 04:00:00,5248.0,5248.0,5248.0,5247.0,5249.0,5249.0,5249.0,5248.0,16
2016-04-29 04:00:00,2016-04-29 04:01:00,5248.0,5247.0,5248.0,5245.0,5249.0,5249.0,5251.0,5248.0,11
2016-04-29 04:01:00,2016-04-29 04:03:00,5247.0,5248.0,5248.0,5245.0,5249.0,5249.0,5250.0,5248.0,7
2016-04-29 04:03:00,2016-04-29 04:04:00,5248.0,5250.0,5251.0,5248.0,5249.0,5251.0,5254.0,5250.0,25
2016-04-29 04:04:00,2016-04-29 04:05:00,5250.0,5250.0,5251.0,5250.0,5251.0,5251.0,5252.0,5251.0,4
2016-04-29 04:05:00,2016-04-29 04:07:00,5251.0,5252.0,5252.0,5251.0,5252.0,5253.0,5253.0,5252.0,10
2016-04-29 04:07:00,2016-04-29 04:08:00,5252.0,5251.0,5252.0,5251.0,5253.0,5252.0,5253.0,5252.0,10
2016-04-29 04:08:00,2016-04-29 04:09:00,5251.0,5252.0,5252.0,5251.0,5252.0,5253.0,5253.0,5252.0,14
2016-04-29 04:09:00,2016-04-29 04:10:00,5252.0,5251.0,5251.0,5250.0,5253.0,5252.0,5253.0,5251.0,8
2016-04-29 04:10:00,2016-04-29 04:11:00,5251.0,5250.0,5252.0,5250.0,5252.0,5252.0,5253.0,5251.0,17
2016-04-29 04:11:00,2016-04-29 04:12:00,5250.0,5250.0,5251.0,5250.0,5252.0,5251.0,5252.0,5251.0,11
2016-04-29 04:12:00,2016-04-29 04:13:00,5250.0,5250.0,5250.0,5248.0,5251.0,5251.0,5253.0,5251.0,4
2016-04-29 04:13:00,2016-04-29 04:15:00,5249.0,5246.0,5248.0,5244.0,5250.0,5247.0,5250.0,5247.0,19
2016-04-29 04:15:00,2016-04-29 04:16:00,5246.0,5246.0,5246.0,5243.0,5247.0,5247.0,5247.0,5244.0,33
2016-04-29 04:16:00,2016-04-29 04:17:00,5246.0,5247.0,5247.0,5245.0,5247.0,5248.0,5248.0,5246.0,12
2016-04-29 04:17:00,2016-04-29 04:20:00,5247.0,5248.0,5248.0,5247.0,5248.0,5250.0,5250.0,5248.0,13
2016-04-29 04:20:00,2016-04-29 04:21:00,5248.0,5248.0,5249.0,5248.0,5250.0,5249.0,5250.0,5249.0,19
2016-04-29 04:21:00,2016-04-29 04:22:00,5248.0,5248.0,5248.0,5247.0,5249.0,5249.0,5249.0,5248.0,4
2016-04-29 04:22:00,2016-04-29 04:24:00,5247.0,5249.0,5249.0,5247.0,5248.0,5250.0,5250.0,5249.0,22
2016-04-29 04:24:00,2016-04-29 04:25:00,5249.0,5249.0,5250.0,5248.0,5250.0,5250.0,5253.0,5250.0,11
2016-04-29 04:25:00,2016-04-29 04:28:00,5251.0,5251.0,5252.0,5249.0,5252.0,5252.0,5254.0,5252.0,7
2016-04-29 04:28:00,2016-04-29 04:29:00,5251.0,5250.0,5252.0,5250.0,5252.0,5251.0,5253.0,5251.0,16
2016-04-29 04:29:00,2016-04-29 04:30:00,5250.0,5250.0,5251.0,5250.0,5251.0,5251.0,5252.0,5251.0,12
2016-04-29 04:30:00,2016-04-29 04:31:00,5250.0,5249.0,5251.0,5249.0,5251.0,5250.0,5252.0,5250.0,18
2016-04-29 04:31:00,2016-04-29 04:32:00,5249.0,5249.0,5249.0,5249.0,5250.0,5251.0,5251.0,5251.0,1
2016-04-29 04:32:00,2016-04-29 04:34:00,5251.0,5251.0,5252.0,5251.0,5252.0,5253.0,5253.0,5252.0,5
2016-04-29 04:34:00,2016-04-29 04:35:00,5251.0,5252.0,5253.0,5251.0,5253.0,5253.0,5254.0,5252.0,23
2016-04-29 04:35:00,2016-04-29 04:36:00,5252.0,5249.0,5251.0,5249.0,5253.0,5251.0,5253.0,5251.0,13
2016-04-29 04:36:00,2016-04-29 04:40:00,5250.0,5249.0,5251.0,5249.0,5251.0,5250.0,5252.0,5250.0,20
2016-04-29 04:40:00,2016-04-29 04:41:00,5249.0,5246.0,5248.0,5246.0,5250.0,5248.0,5250.0,5247.0,23
2016-04-29 04:41:00,2016-04-29 04:42:00,5246.0,5246.0,5247.0,5244.0,5248.0,5247.0,5248.0,5245.0,11
2016-04-29 04:42:00,2016-04-29 04:43:00,5246.0,5245.0,5247.0,5244.0,5247.0,5246.0,5248.0,5245.0,10
2016-04-29 04:43:00,2016-04-29 04:44:00,5245.0,5248.0,5248.0,5245.0,5246.0,5249.0,5249.0,5247.0,14
2016-04-29 04:44:00,2016-04-29 04:45:00,5248.0,5250.0,5251.0,5248.0,5249.0,5251.0,5252.0,5249.0,24
2016-04-29 04:45:00,2016-04-29 04:47:00,5249.0,5249.0,5249.0,5247.0,5250.0,5250.0,5250.0,5248.0,16
2016-04-29 04:47:00,2016-04-29 04:49:00,5249.0,5250.0,5251.0,5249.0,5250.0,5252.0,5252.0,5251.0,23
2016-04-29 04:49:00,2016-04-29 04:50:00,5250.0,5250.0,5250.0,5248.0,5252.0,5251.0,5253.0,5251.0,3
2016-04-29 04:50:00,2016-04-29 04:51:00,5250.0,5250.0,5251.0,5250.0,5251.0,5251.0,5252.0,5251.0,8
2016-04-29 04:51:00,2016-04-29 04:53:00,5250.0,5251.0,5251.0,5248.0,5251.0,5252.0,5253.0,5250.0,11
2016-04-29 04:53:00,2016-04-29 04:54:00,5251.0,5251.0,5252.0,5250.0,5252.0,5252.0,5253.0,5251.0,8
2016-04-29 04:54:00,2016-04-29 04:55:00,5251.0,5251.0,5251.0,5249.0,5252.0,5252.0,5252.0,5250.0,21
2016-04-29 04:55:00,2016-04-29 04:56:00,5251.0,5250.0,5251.0,5250.0,5252.0,5252.0,5252.0,5251.0,23
2016-04-29 04:56:00,2016-04-29 04:57:00,5250.0,5249.0,5250.0,5249.0,5252.0,5251.0,5252.0,5250.0,16
2016-04-29 04:57:00,2016-04-29 04:58:00,5249.0,5251.0,5251.0,5250.0,5251.0,5252.0,5252.0,5251.0,7
2016-04-29 04:58:00,2016-04-29 04:59:00,5251.0,5249.0,5250.0,5249.0,5252.0,5250.0,5252.0,5250.0,4
2016-04-29 04:59:00,2016-04-29 05:00:00,5249.0,5248.0,5250.0,5248.0,5250.0,5249.0,5251.0,5249.0,16
2016-04-29 05:00:00,2016-04-29 05:01:00,5248.0,5249.0,5250.0,5248.0,5249.0,5250.0,5251.0,5250.0,14
2016-04-29 05:01:00,2016-04-29 05:02:00,5249.0,5249.0,5250.0,5248.0,5250.0,5250.0,5251.0,5249.0,20
2016-04-29 05:02:00,2016-04-29 05:03:00,5249.0,5250.0,5250.0,5248.0,5250.0,5251.0,5253.0,5251.0,6
2016-04-29 05:03:00,2016-04-29 05:04:00,5250.0,5249.0,5250.0,5249.0,5251.0,5251.0,5251.0,5250.0,9
2016-04-29 05:04:00,2016-04-29 05:05:00,5249.0,5250.0,5251.0,5248.0,5251.0,5252.0,5253.0,5250.0,23
2016-04-29 05:05:00,2016-04-29 05:06:00,5250.0,5251.0,5251.0,5250.0,5252.0,5252.0,5252.0,5251.0,7
2016-04-29 05:06:00,2016-04-29 05:07:00,5251.0,5250.0,5250.0,5250.0,5252.0,5251.0,5252.0,5251.0,4
2016-04-29 05:07:00,2016-04-29 05:10:00,5251.0,5251.0,5252.0,5251.0,5252.0,5252.0,5253.0,5252.0,18
2016-04-29 05:10:00,2016-04-29 05:11:00,5251.0,5254.0,5255.0,5251.0,5252.0,5255.0,5256.0,5252.0,22
2016-04-29 05:11:00,2016-04-29 05:13:00,5254.0,5254.0,5255.0,5254.0,5255.0,5255.0,5256.0,5255.0,20
2016-04-29 05:13:00,2016-04-29 05:14:00,5254.0,5254.0,5255.0,5254.0,5255.0,5255.0,5256.0,5255.0,14
2016-04-29 05:14:00,2016-04-29 05:15:00,5254.0,5255.0,5256.0,5253.0,5255.0,5256.0,5258.0,5256.0,11
2016-04-29 05:15:00,2016-04-29 05:16:00,5255.0,5253.0,5255.0,5253.0,5256.0,5254.0,5257.0,5254.0,12
2016-04-29 05:16:00,2016-04-29 05:17:00,5253.0,5251.0,5253.0,5250.0,5254.0,5253.0,5255.0,5252.0,21
2016-04-29 05:17:00,2016-04-29 05:20:00,5253.0,5253.0,5254.0,5252.0,5254.0,5254.0,5255.0,5253.0,18
2016-04-29 05:20:00,2016-04-29 05:21:00,5253.0,5251.0,5252.0,5250.0,5254.0,5252.0,5254.0,5251.0,40
2016-04-29 05:21:00,2016-04-29 05:22:00,5251.0,5251.0,5251.0,5250.0,5252.0,5252.0,5252.0,5251.0,16
2016-04-29 05:22:00,2016-04-29 05:27:00,5251.0,5252.0,5253.0,5251.0,5252.0,5253.0,5254.0,5253.0,16
2016-04-29 05:27:00,2016-04-29 05:28:00,5252.0,5250.0,5252.0,5250.0,5253.0,5251.0,5255.0,5251.0,14
2016-04-29 05:28:00,2016-04-29 05:29:00,5250.0,5251.0,5251.0,5250.0,5251.0,5252.0,5252.0,5251.0,10
2016-04-29 05:29:00,2016-04-29 05:30:00,5251.0,5252.0,5252.0,5250.0,5252.0,5253.0,5255.0,5252.0,10
2016-04-29 05:30:00,2016-04-29 05:31:00,5252.0,5253.0,5253.0,5251.0,5253.0,5254.0,5254.0,5252.0,10
2016-04-29 05:31:00,2016-04-29 05:32:00,5253.0,5254.0,5255.0,5252.0,5254.0,5255.0,5256.0,5253.0,36
2016-04-29 05:32:00,2016-04-29 05:33:00,5254.0,5254.0,5255.0,5254.0,5255.0,5255.0,5256.0,5255.0,10
2016-04-29 05:33:00,2016-04-29 05:34:00,5254.0,5251.0,5253.0,5251.0,5255.0,5252.0,5255.0,5252.0,24
2016-04-29 05:34:00,2016-04-29 05:35:00,5251.0,5251.0,5252.0,5251.0,5252.0,5252.0,5253.0,5252.0,20
2016-04-29 05:35:00,2016-04-29 05:37:00,5252.0,5252.0,5252.0,5251.0,5253.0,5253.0,5253.0,5252.0,18
2016-04-29 05:37:00,2016-04-29 05:39:00,5251.0,5252.0,5252.0,5251.0,5252.0,5253.0,5253.0,5252.0,8
2016-04-29 05:39:00,2016-04-29 05:40:00,5252.0,5252.0,5253.0,5251.0,5253.0,5253.0,5256.0,5252.0,17
2016-04-29 05:40:00,2016-04-29 05:41:00,5252.0,5253.0,5253.0,5251.0,5253.0,5254.0,5254.0,5252.0,16
2016-04-29 05:41:00,2016-04-29 05:42:00,5253.0,5254.0,5254.0,5251.0,5254.0,5255.0,5257.0,5253.0,16
2016-04-29 05:42:00,2016-04-29 05:43:00,5254.0,5254.0,5254.0,5253.0,5255.0,5255.0,5255.0,5254.0,14
2016-04-29 05:43:00,2016-04-29 05:44:00,5254.0,5258.0,5258.0,5254.0,5255.0,5259.0,5259.0,5256.0,24
2016-04-29 05:44:00,2016-04-29 05:45:00,5258.0,5257.0,5259.0,5257.0,5259.0,5258.0,5260.0,5258.0,28
2016-04-29 05:45:00,2016-04-29 05:46:00,5257.0,5256.0,5258.0,5256.0,5258.0,5257.0,5259.0,5257.0,26
2016-04-29 05:46:00,2016-04-29 05:47:00,5256.0,5257.0,5257.0,5256.0,5257.0,5258.0,5258.0,5257.0,6
2016-04-29 05:47:00,2016-04-29 05:48:00,5257.0,5256.0,5257.0,5256.0,5258.0,5258.0,5258.0,5257.0,21
2016-04-29 05:48:00,2016-04-29 05:49:00,5256.0,5257.0,5257.0,5256.0,5258.0,5258.0,5258.0,5257.0,13
2016-04-29 05:49:00,2016-04-29 05:50:00,5257.0,5258.0,5258.0,5257.0,5258.0,5259.0,5259.0,5258.0,16
2016-04-29 05:50:00,2016-04-29 05:51:00,5258.0,5256.0,5258.0,5256.0,5259.0,5258.0,5259.0,5257.0,35
2016-04-29 05:51:00,2016-04-29 05:52:00,5256.0,5254.0,5256.0,5254.0,5258.0,5259.0,5259.0,5256.0,21
2016-04-29 05:52:00,2016-04-29 05:53:00,5254.0,5256.0,5257.0,5256.0,5259.0,5257.0,5258.0,5257.0,13
2016-04-29 05:53:00,2016-04-29 05:54:00,5256.0,5254.0,5256.0,5254.0,5257.0,5255.0,5257.0,5255.0,10
2016-04-29 05:54:00,2016-04-29 05:55:00,5254.0,5253.0,5254.0,5251.0,5255.0,5254.0,5256.0,5254.0,23
2016-04-29 05:55:00,2016-04-29 05:56:00,5253.0,5253.0,5255.0,5253.0,5254.0,5254.0,5256.0,5254.0,26
2016-04-29 05:56:00,2016-04-29 05:57:00,5253.0,5253.0,5254.0,5252.0,5254.0,5254.0,5255.0,5253.0,26
2016-04-29 05:57:00,2016-04-29 05:58:00,5253.0,5253.0,5255.0,5253.0,5254.0,5254.0,5256.0,5254.0,18
2016-04-29 05:58:00,2016-04-29 05:59:00,5253.0,5253.0,5254.0,5252.0,5254.0,5254.0,5255.0,5253.0,32
2016-04-29 05:59:00,2016-04-29 06:00:00,5253.0,5250.0,5252.0,5250.0,5254.0,5251.0,5254.0,5251.0,24
2016-04-29 06:00:00,2016-04-29 06:01:00,5250.0,5251.0,5252.0,5248.0,5251.0,5252.0,5253.0,5249.0,54
2016-04-29 06:01:00,2016-04-29 06:02:00,5251.0,5250.0,5252.0,5250.0,5252.0,5251.0,5253.0,5251.0,24
2016-04-29 06:02:00,2016-04-29 06:03:00,5250.0,5253.0,5253.0,5250.0,5251.0,5254.0,5254.0,5252.0,10
2016-04-29 06:03:00,2016-04-29 06:04:00,5253.0,5254.0,5254.0,5253.0,5254.0,5255.0,5255.0,5254.0,12
2016-04-29 06:04:00,2016-04-29 06:05:00,5254.0,5253.0,5256.0,5253.0,5255.0,5254.0,5259.0,5254.0,64
2016-04-29 06:05:00,2016-04-29 06:06:00,5253.0,5249.0,5254.0,5249.0,5254.0,5250.0,5255.0,5250.0,46
2016-04-29 06:06:00,2016-04-29 06:07:00,5249.0,5247.0,5251.0,5246.0,5250.0,5248.0,5252.0,5247.0,48
2016-04-29 06:07:00,2016-04-29 06:08:00,5247.0,5246.0,5247.0,5245.0,5248.0,5248.0,5248.0,5246.0,74
2016-04-29 06:08:00,2016-04-29 06:09:00,5246.0,5251.0,5252.0,5245.0,5248.0,5252.0,5253.0,5247.0,200
2016-04-29 06:09:00,2016-04-29 06:10:00,5251.0,5254.0,5255.0,5248.0,5252.0,5255.0,5256.0,5249.0,100
2016-04-29 06:10:00,2016-04-29 06:11:00,5254.0,5256.0,5256.0,5254.0,5255.0,5257.0,5257.0,5256.0,6
2016-04-29 06:11:00,2016-04-29 06:12:00,5256.0,5255.0,5256.0,5254.0,5257.0,5257.0,5257.0,5255.0,17
2016-04-29 06:12:00,2016-04-29 06:13:00,5255.0,5255.0,5256.0,5255.0,5257.0,5256.0,5257.0,5256.0,65
2016-04-29 06:13:00,2016-04-29 06:14:00,5255.0,5255.0,5257.0,5255.0,5256.0,5256.0,5258.0,5256.0,48
2016-04-29 06:14:00,2016-04-29 06:15:00,5255.0,5252.0,5254.0,5252.0,5256.0,5254.0,5256.0,5254.0,25
2016-04-29 06:15:00,2016-04-29 06:16:00,5252.0,5254.0,5254.0,5252.0,5254.0,5255.0,5255.0,5253.0,54
2016-04-29 06:16:00,2016-04-29 06:17:00,5254.0,5251.0,5253.0,5250.0,5255.0,5252.0,5255.0,5252.0,18
2016-04-29 06:17:00,2016-04-29 06:18:00,5251.0,5249.0,5251.0,5248.0,5252.0,5250.0,5253.0,5249.0,38
2016-04-29 06:18:00,2016-04-29 06:19:00,5249.0,5249.0,5250.0,5248.0,5250.0,5250.0,5251.0,5249.0,14
2016-04-29 06:19:00,2016-04-29 06:20:00,5249.0,5250.0,5251.0,5247.0,5250.0,5251.0,5252.0,5250.0,23
2016-04-29 06:20:00,2016-04-29 06:21:00,5250.0,5250.0,5252.0,5250.0,5251.0,5251.0,5253.0,5251.0,24
2016-04-29 06:21:00,2016-04-29 06:22:00,5250.0,5250.0,5251.0,5250.0,5251.0,5251.0,5252.0,5251.0,32
2016-04-29 06:22:00,2016-04-29 06:24:00,5249.0,5247.0,5249.0,5247.0,5250.0,5248.0,5250.0,5248.0,44
2016-04-29 06:24:00,2016-04-29 06:25:00,5247.0,5249.0,5250.0,5247.0,5248.0,5250.0,5251.0,5248.0,12
2016-04-29 06:25:00,2016-04-29 06:26:00,5249.0,5248.0,5250.0,5248.0,5250.0,5249.0,5251.0,5249.0,14
2016-04-29 06:26:00,2016-04-29 06:27:00,5248.0,5250.0,5250.0,5248.0,5249.0,5251.0,5252.0,5249.0,12
2016-04-29 06:27:00,2016-04-29 06:28:00,5250.0,5253.0,5253.0,5250.0,5251.0,5254.0,5254.0,5252.0,26
2016-04-29 06:28:00,2016-04-29 06:29:00,5253.0,5253.0,5255.0,5253.0,5254.0,5255.0,5256.0,5254.0,29
2016-04-29 06:29:00,2016-04-29 06:30:00,5253.0,5251.0,5252.0,5251.0,5255.0,5257.0,5257.0,5256.0,2
2016-04-29 06:30:00,2016-04-29 07:10:00,5251.0,5253.0,5253.0,5251.0,5257.0,5254.0,5256.0,5252.0,25
2016-04-29 07:10:00,2016-04-29 07:11:00,5253.0,5254.0,5254.0,5252.0,5254.0,5255.0,5255.0,5254.0,30
2016-04-29 07:11:00,2016-04-29 07:12:00,5254.0,5254.0,5254.0,5253.0,5255.0,5255.0,5255.0,5254.0,24
2016-04-29 07:12:00,2016-04-29 07:13:00,5254.0,5250.0,5254.0,5250.0,5255.0,5251.0,5256.0,5251.0,52
2016-04-29 07:13:00,2016-04-29 07:14:00,5250.0,5252.0,5253.0,5250.0,5251.0,5254.0,5254.0,5251.0,22
2016-04-29 07:14:00,2016-04-29 07:15:00,5252.0,5251.0,5253.0,5250.0,5254.0,5252.0,5254.0,5252.0,36
2016-04-29 07:15:00,2016-04-29 07:16:00,5251.0,5250.0,5251.0,5248.0,5252.0,5251.0,5252.0,5249.0,64
2016-04-29 07:16:00,2016-04-29 07:17:00,5250.0,5251.0,5252.0,5250.0,5251.0,5252.0,5253.0,5252.0,14
2016-04-29 07:17:00,2016-04-29 07:18:00,5251.0,5250.0,5251.0,5250.0,5252.0,5251.0,5252.0,5251.0,14
2016-04-29 07:18:00,2016-04-29 07:19:00,5250.0,5251.0,5252.0,5250.0,5251.0,5252.0,5253.0,5251.0,38
2016-04-29 07:19:00,2016-04-29 07:20:00,5251.0,5250.0,5251.0,5250.0,5252.0,5252.0,5253.0,5251.0,23
2016-04-29 07:20:00,2016-04-29 07:21:00,5250.0,5250.0,5252.0,5250.0,5252.0,5252.0,5253.0,5251.0,16
2016-04-29 07:21:00,2016-04-29 07:22:00,5250.0,5250.0,5250.0,5250.0,5252.0,5252.0,5253.0,5251.0,6
2016-04-29 07:22:00,2016-04-29 07:23:00,5250.0,5250.0,5251.0,5248.0,5252.0,5252.0,5254.0,5252.0,11
2016-04-29 07:23:00,2016-04-29 07:25:00,5250.0,5249.0,5250.0,5248.0,5252.0,5250.0,5253.0,5250.0,26
2016-04-29 07:25:00,2016-04-29 07:26:00,5249.0,5248.0,5249.0,5246.0,5250.0,5249.0,5251.0,5249.0,11
2016-04-29 07:26:00,2016-04-29 07:27:00,5248.0,5248.0,5248.0,5248.0,5249.0,5249.0,5250.0,5249.0,12
2016-04-29 07:27:00,2016-04-29 07:28:00,5248.0,5249.0,5249.0,5248.0,5249.0,5250.0,5250.0,5249.0,14
2016-04-29 07:28:00,2016-04-29 07:29:00,5249.0,5247.0,5249.0,5246.0,5250.0,5248.0,5250.0,5248.0,18
2016-04-29 07:29:00,2016-04-29 07:30:00,5247.0,5248.0,5248.0,5246.0,5248.0,5249.0,5249.0,5248.0,20
2016-04-29 07:30:00,2016-04-29 07:31:00,5248.0,5248.0,5248.0,5246.0,5249.0,5249.0,5249.0,5247.0,32
2016-04-29 07:31:00,2016-04-29 07:33:00,5251.0,5250.0,5252.0,5250.0,5252.0,5251.0,5254.0,5251.0,12
2016-04-29 07:33:00,2016-04-29 07:34:00,5250.0,5249.0,5250.0,5248.0,5251.0,5250.0,5251.0,5249.0,18
2016-04-29 07:34:00,2016-04-29 07:35:00,5249.0,5250.0,5250.0,5248.0,5250.0,5252.0,5252.0,5249.0,17
2016-04-29 07:35:00,2016-04-29 07:36:00,5250.0,5253.0,5254.0,5251.0,5252.0,5254.0,5256.0,5252.0,36
2016-04-29 07:36:00,2016-04-29 07:37:00,5253.0,5253.0,5255.0,5253.0,5254.0,5254.0,5256.0,5254.0,24
2016-04-29 07:37:00,2016-04-29 07:40:00,5252.0,5251.0,5253.0,5250.0,5253.0,5253.0,5256.0,5252.0,20
2016-04-29 07:40:00,2016-04-29 07:41:00,5251.0,5253.0,5254.0,5251.0,5253.0,5255.0,5255.0,5252.0,36
2016-04-29 07:41:00,2016-04-29 07:42:00,5253.0,5252.0,5254.0,5252.0,5255.0,5253.0,5255.0,5253.0,17
2016-04-29 07:42:00,2016-04-29 07:43:00,5252.0,5252.0,5253.0,5251.0,5253.0,5253.0,5255.0,5253.0,26
2016-04-29 07:43:00,2016-04-29 07:44:00,5252.0,5253.0,5254.0,5252.0,5253.0,5254.0,5256.0,5254.0,26
2016-04-29 07:44:00,2016-04-29 07:45:00,5253.0,5251.0,5252.0,5251.0,5254.0,5252.0,5254.0,5252.0,16
2016-04-29 07:45:00,2016-04-29 07:46:00,5251.0,5251.0,5252.0,5251.0,5252.0,5252.0,5253.0,5252.0,12
2016-04-29 07:46:00,2016-04-29 07:47:00,5251.0,5250.0,5252.0,5249.0,5252.0,5252.0,5253.0,5250.0,21
2016-04-29 07:47:00,2016-04-29 07:48:00,5250.0,5250.0,5251.0,5250.0,5252.0,5251.0,5253.0,5251.0,12
2016-04-29 07:48:00,2016-04-29 07:49:00,5250.0,5249.0,5250.0,5248.0,5251.0,5250.0,5253.0,5249.0,11
2016-04-29 07:49:00,2016-04-29 07:50:00,5249.0,5248.0,5250.0,5248.0,5250.0,5249.0,5252.0,5249.0,16
2016-04-29 07:50:00,2016-04-29 07:51:00,5248.0,5249.0,5250.0,5246.0,5249.0,5250.0,5252.0,5248.0,17
2016-04-29 07:51:00,2016-04-29 07:52:00,5249.0,5251.0,5251.0,5248.0,5250.0,5252.0,5252.0,5250.0,12
2016-04-29 07:52:00,2016-04-29 07:53:00,5251.0,5247.0,5250.0,5247.0,5252.0,5249.0,5252.0,5249.0,23
2016-04-29 07:53:00,2016-04-29 07:55:00,5246.0,5247.0,5247.0,5246.0,5247.0,5249.0,5249.0,5247.0,33
2016-04-29 07:55:00,2016-04-29 07:56:00,5247.0,5247.0,5248.0,5246.0,5249.0,5248.0,5249.0,5247.0,21
2016-04-29 07:56:00,2016-04-29 07:57:00,5247.0,5246.0,5247.0,5246.0,5248.0,5247.0,5249.0,5247.0,20
2016-04-29 07:57:00,2016-04-29 07:59:00,5246.0,5247.0,5248.0,5246.0,5247.0,5248.0,5249.0,5247.0,14
2016-04-29 07:59:00,2016-04-29 08:01:00,5247.0,5247.0,5247.0,5244.0,5248.0,5248.0,5250.0,5247.0,29
2016-04-29 08:01:00,2016-04-29 08:04:00,5248.0,5248.0,5248.0,5246.0,5249.0,5249.0,5251.0,5248.0,8
2016-04-29 08:04:00,2016-04-29 08:05:00,5248.0,5248.0,5248.0,5247.0,5249.0,5249.0,5249.0,5248.0,24
2016-04-29 08:05:00,2016-04-29 08:06:00,5248.0,5248.0,5249.0,5247.0,5249.0,5250.0,5250.0,5249.0,5
2016-04-29 08:06:00,2016-04-29 08:07:00,5248.0,5248.0,5249.0,5248.0,5250.0,5249.0,5250.0,5249.0,9
2016-04-29 08:07:00,2016-04-29 08:09:00,5248.0,5252.0,5252.0,5248.0,5249.0,5253.0,5253.0,5250.0,14
2016-04-29 08:09:00,2016-04-29 08:10:00,5252.0,5252.0,5253.0,5252.0,5253.0,5254.0,5254.0,5253.0,17
2016-04-29 08:10:00,2016-04-29 08:11:00,5252.0,5252.0,5253.0,5252.0,5254.0,5253.0,5254.0,5253.0,21
2016-04-29 08:11:00,2016-04-29 08:12:00,5252.0,5249.0,5253.0,5249.0,5253.0,5250.0,5254.0,5250.0,34
2016-04-29 08:12:00,2016-04-29 08:13:00,5249.0,5249.0,5250.0,5249.0,5250.0,5251.0,5251.0,5250.0,39
2016-04-29 08:13:00,2016-04-29 08:14:00,5249.0,5250.0,5250.0,5248.0,5251.0,5251.0,5253.0,5251.0,6
2016-04-29 08:14:00,2016-04-29 08:15:00,5250.0,5249.0,5250.0,5249.0,5251.0,5251.0,5251.0,5250.0,17
2016-04-29 08:15:00,2016-04-29 08:16:00,5249.0,5247.0,5250.0,5247.0,5251.0,5253.0,5253.0,5250.0,19
2016-04-29 08:16:00,2016-04-29 08:17:00,5247.0,5250.0,5251.0,5250.0,5253.0,5252.0,5252.0,5251.0,6
2016-04-29 08:17:00,2016-04-29 08:18:00,5250.0,5250.0,5251.0,5250.0,5252.0,5252.0,5252.0,5251.0,6
2016-04-29 08:18:00,2016-04-29 08:25:00,5251.0,5251.0,5252.0,5251.0,5252.0,5253.0,5253.0,5253.0,7
2016-04-29 08:25:00,2016-04-29 08:26:00,5251.0,5252.0,5252.0,5251.0,5253.0,5253.0,5253.0,5253.0,3
2016-04-29 08:26:00,2016-04-29 08:27:00,5252.0,5251.0,5252.0,5250.0,5253.0,5253.0,5256.0,5253.0,7
2016-04-29 08:27:00,2016-04-29 08:28:00,5251.0,5252.0,5252.0,5251.0,5253.0,5253.0,5254.0,5252.0,6
2016-04-29 08:28:00,2016-04-29 08:29:00,5252.0,5254.0,5254.0,5250.0,5253.0,5255.0,5256.0,5253.0,21
2016-04-29 08:29:00,2016-04-29 08:30:00,5254.0,5254.0,5254.0,5253.0,5255.0,5255.0,5255.0,5255.0,12
2016-04-29 08:30:00,2016-04-29 08:42:00,5255.0,5254.0,5255.0,5253.0,5257.0,5255.0,5258.0,5255.0,7
2016-04-29 08:42:00,2016-04-29 08:43:00,5254.0,5255.0,5255.0,5254.0,5255.0,5256.0,5256.0,5255.0,4
2016-04-29 08:43:00,2016-04-29 08:45:00,5255.0,5253.0,5254.0,5252.0,5256.0,5254.0,5256.0,5254.0,16
2016-04-29 08:45:00,2016-04-29 08:46:00,5253.0,5253.0,5254.0,5253.0,5254.0,5254.0,5255.0,5254.0,6
2016-04-29 08:46:00,2016-04-29 08:47:00,5253.0,5252.0,5252.0,5251.0,5254.0,5253.0,5254.0,5252.0,14
2016-04-29 08:47:00,2016-04-29 08:48:00,5252.0,5252.0,5253.0,5252.0,5253.0,5254.0,5254.0,5254.0,5
2016-04-29 08:48:00,2016-04-29 08:49:00,5252.0,5253.0,5253.0,5252.0,5254.0,5254.0,5255.0,5254.0,7
2016-04-29 08:49:00,2016-04-29 08:52:00,5253.0,5252.0,5253.0,5250.0,5254.0,5253.0,5256.0,5253.0,17
2016-04-29 08:52:00,2016-04-29 08:54:00,5252.0,5252.0,5252.0,5250.0,5253.0,5253.0,5255.0,5253.0,5
2016-04-29 08:54:00,2016-04-29 08:55:00,5252.0,5251.0,5251.0,5251.0,5253.0,5253.0,5253.0,5252.0,7
2016-04-29 08:55:00,2016-04-29 08:57:00,5251.0,5251.0,5252.0,5251.0,5252.0,5253.0,5253.0,5253.0,3
2016-04-29 08:57:00,2016-04-29 08:58:00,5251.0,5252.0,5252.0,5252.0,5253.0,5253.0,5253.0,5253.0,1
2016-04-29 08:58:00,2016-04-29 08:59:00,5252.0,5251.0,5253.0,5251.0,5253.0,5253.0,5254.0,5253.0,7
2016-04-29 08:59:00,2016-04-29 09:00:00,5251.0,5252.0,5252.0,5251.0,5253.0,5254.0,5254.0,5252.0,6
2016-04-29 09:00:00,2016-04-29 09:03:00,5252.0,5251.0,5252.0,5251.0,5253.0,5253.0,5254.0,5252.0,7
2016-04-29 09:03:00,2016-04-29 09:04:00,5251.0,5253.0,5254.0,5252.0,5253.0,5255.0,5255.0,5253.0,20
2016-04-29 09:04:00,2016-04-29 09:05:00,5253.0,5254.0,5254.0,5252.0,5255.0,5255.0,5257.0,5255.0,8
2016-04-29 09:05:00,2016-04-29 09:06:00,5254.0,5255.0,5255.0,5254.0,5255.0,5256.0,5257.0,5256.0,8
2016-04-29 09:06:00,2016-04-29 09:07:00,5255.0,5256.0,5256.0,5253.0,5256.0,5257.0,5259.0,5256.0,13
2016-04-29 09:07:00,2016-04-29 09:08:00,5256.0,5256.0,5256.0,5255.0,5257.0,5257.0,5257.0,5256.0,4
2016-04-29 09:08:00,2016-04-29 09:09:00,5256.0,5256.0,5256.0,5255.0,5257.0,5257.0,5257.0,5256.0,14
2016-04-29 09:09:00,2016-04-29 09:10:00,5256.0,5255.0,5256.0,5255.0,5257.0,5256.0,5258.0,5256.0,10
2016-04-29 09:10:00,2016-04-29 09:11:00,5255.0,5255.0,5255.0,5253.0,5256.0,5257.0,5257.0,5254.0,19
2016-04-29 09:11:00,2016-04-29 09:12:00,5255.0,5256.0,5256.0,5255.0,5257.0,5257.0,5257.0,5256.0,11
2016-04-29 09:12:00,2016-04-29 09:13:00,5256.0,5255.0,5255.0,5255.0,5257.0,5257.0,5257.0,5256.0,7
2016-04-29 09:13:00,2016-04-29 09:14:00,5255.0,5256.0,5256.0,5255.0,5257.0,5257.0,5257.0,5257.0,3
2016-04-29 09:14:00,2016-04-29 09:16:00,5256.0,5255.0,5256.0,5255.0,5257.0,5257.0,5257.0,5257.0,3
2016-04-29 09:16:00,2016-04-29 09:17:00,5255.0,5253.0,5256.0,5253.0,5257.0,5259.0,5259.0,5257.0,4
2016-04-29 09:17:00,2016-04-29 09:18:00,5253.0,5255.0,5256.0,5255.0,5259.0,5257.0,5257.0,5256.0,5
2016-04-29 09:18:00,2016-04-29 09:20:00,5255.0,5254.0,5255.0,5252.0,5256.0,5255.0,5258.0,5255.0,15
2016-04-29 09:20:00,2016-04-29 09:21:00,5254.0,5254.0,5255.0,5254.0,5255.0,5256.0,5256.0,5255.0,17
2016-04-29 09:21:00,2016-04-29 09:22:00,5254.0,5255.0,5255.0,5254.0,5256.0,5256.0,5257.0,5255.0,21
2016-04-29 09:22:00,2016-04-29 09:23:00,5255.0,5255.0,5255.0,5255.0,5256.0,5257.0,5257.0,5256.0,11
2016-04-29 09:23:00,2016-04-29 09:24:00,5255.0,5254.0,5255.0,5254.0,5257.0,5256.0,5256.0,5255.0,10
2016-04-29 09:24:00,2016-04-29 09:25:00,5254.0,5255.0,5255.0,5254.0,5256.0,5256.0,5256.0,5255.0,5
2016-04-29 09:25:00,2016-04-29 09:26:00,5255.0,5256.0,5256.0,5254.0,5256.0,5257.0,5257.0,5256.0,8
2016-04-29 09:26:00,2016-04-29 09:29:00,5256.0,5256.0,5257.0,5256.0,5257.0,5257.0,5258.0,5257.0,10
2016-04-29 09:29:00,2016-04-29 09:43:00,5256.0,5256.0,5256.0,5254.0,5257.0,5257.0,5259.0,5257.0,2
2016-04-29 09:43:00,2016-04-29 09:49:00,5257.0,5256.0,5258.0,5255.0,5258.0,5258.0,5259.0,5257.0,13
2016-04-29 09:49:00,2016-04-29 09:53:00,5256.0,5255.0,5255.0,5255.0,5257.0,5256.0,5257.0,5256.0,14
2016-04-29 09:53:00,2016-04-29 09:54:00,5255.0,5254.0,5255.0,5254.0,5256.0,5256.0,5256.0,5255.0,9
2016-04-29 09:54:00,2016-04-29 09:55:00,5254.0,5254.0,5255.0,5254.0,5256.0,5256.0,5257.0,5256.0,6
2016-04-29 09:55:00,2016-04-29 09:56:00,5254.0,5254.0,5255.0,5252.0,5256.0,5256.0,5258.0,5255.0,7
2016-04-29 09:56:00,2016-04-29 09:58:00,5254.0,5254.0,5254.0,5252.0,5256.0,5256.0,5258.0,5255.0,4
2016-04-29 09:58:00,2016-04-29 10:00:00,5255.0,5255.0,5255.0,5253.0,5256.0,5256.0,5256.0,5255.0,12
2016-04-29 10:00:00,2016-04-29 10:01:00,5255.0,5256.0,5256.0,5255.0,5256.0,5257.0,5257.0,5257.0,4
2016-04-29 10:01:00,2016-04-29 10:02:00,5256.0,5255.0,5256.0,5255.0,5257.0,5257.0,5257.0,5256.0,11
2016-04-29 10:02:00,2016-04-29 10:03:00,5255.0,5255.0,5256.0,5255.0,5257.0,5257.0,5257.0,5256.0,4
2016-04-29 10:03:00,2016-04-29 10:04:00,5255.0,5256.0,5256.0,5256.0,5257.0,5258.0,5258.0,5257.0,2
2016-04-29 10:04:00,2016-04-29 10:05:00,5256.0,5256.0,5257.0,5256.0,5258.0,5258.0,5258.0,5258.0,2
2016-04-29 10:05:00,2016-04-29 10:06:00,5256.0,5257.0,5258.0,5256.0,5258.0,5258.0,5259.0,5258.0,6
2016-04-29 10:06:00,2016-04-29 10:09:00,5257.0,5257.0,5258.0,5257.0,5258.0,5258.0,5259.0,5258.0,4
2016-04-29 10:09:00,2016-04-29 10:11:00,5257.0,5255.0,5257.0,5254.0,5258.0,5256.0,5260.0,5256.0,16
2016-04-29 10:11:00,2016-04-29 10:12:00,5255.0,5255.0,5255.0,5254.0,5256.0,5256.0,5257.0,5256.0,6
2016-04-29 10:12:00,2016-04-29 10:13:00,5255.0,5254.0,5255.0,5254.0,5256.0,5255.0,5256.0,5255.0,14
2016-04-29 10:13:00,2016-04-29 10:15:00,5254.0,5254.0,5254.0,5254.0,5255.0,5255.0,5256.0,5255.0,4
2016-04-29 10:15:00,2016-04-29 10:19:00,5254.0,5251.0,5254.0,5251.0,5255.0,5252.0,5255.0,5252.0,22
2016-04-29 10:19:00,2016-04-29 10:21:00,5251.0,5250.0,5251.0,5249.0,5252.0,5251.0,5254.0,5251.0,19
2016-04-29 10:21:00,2016-04-29 10:22:00,5250.0,5249.0,5249.0,5248.0,5251.0,5250.0,5251.0,5250.0,8
2016-04-29 10:22:00,2016-04-29 10:23:00,5249.0,5249.0,5249.0,5247.0,5250.0,5251.0,5252.0,5249.0,19
2016-04-29 10:23:00,2016-04-29 10:24:00,5249.0,5250.0,5250.0,5249.0,5251.0,5251.0,5251.0,5250.0,3
2016-04-29 10:24:00,2016-04-29 10:25:00,5250.0,5249.0,5250.0,5249.0,5251.0,5251.0,5251.0,5250.0,13
2016-04-29 10:25:00,2016-04-29 10:26:00,5249.0,5250.0,5250.0,5249.0,5251.0,5251.0,5252.0,5251.0,9
2016-04-29 10:26:00,2016-04-29 10:27:00,5250.0,5250.0,5250.0,5250.0,5251.0,5252.0,5252.0,5251.0,9
2016-04-29 10:27:00,2016-04-29 10:28:00,5250.0,5249.0,5250.0,5249.0,5252.0,5250.0,5251.0,5250.0,5
2016-04-29 10:28:00,2016-04-29 10:29:00,5249.0,5249.0,5249.0,5249.0,5250.0,5250.0,5251.0,5250.0,4
2016-04-29 10:29:00,2016-04-29 10:30:00,5249.0,5247.0,5248.0,5247.0,5250.0,5249.0,5250.0,5248.0,9
2016-04-29 10:30:00,2016-04-29 10:32:00,5247.0,5248.0,5249.0,5248.0,5249.0,5250.0,5250.0,5249.0,8
2016-04-29 10:32:00,2016-04-29 10:34:00,5248.0,5247.0,5249.0,5246.0,5250.0,5248.0,5252.0,5248.0,13
2016-04-29 10:34:00,2016-04-29 10:35:00,5247.0,5246.0,5248.0,5245.0,5248.0,5248.0,5249.0,5247.0,17
2016-04-29 10:35:00,2016-04-29 10:36:00,5246.0,5247.0,5247.0,5245.0,5248.0,5249.0,5251.0,5248.0,5
2016-04-29 10:36:00,2016-04-29 10:37:00,5247.0,5247.0,5248.0,5247.0,5249.0,5249.0,5250.0,5249.0,4
2016-04-29 10:37:00,2016-04-29 10:38:00,5247.0,5248.0,5248.0,5247.0,5249.0,5250.0,5250.0,5248.0,4
2016-04-29 10:38:00,2016-04-29 10:41:00,5249.0,5249.0,5249.0,5249.0,5251.0,5251.0,5251.0,5250.0,6
2016-04-29 10:41:00,2016-04-29 10:46:00,5250.0,5250.0,5251.0,5248.0,5251.0,5252.0,5253.0,5251.0,9
2016-04-29 10:46:00,2016-04-29 10:47:00,5250.0,5251.0,5252.0,5251.0,5252.0,5252.0,5253.0,5252.0,15
2016-04-29 10:47:00,2016-04-29 10:48:00,5251.0,5251.0,5252.0,5250.0,5252.0,5252.0,5253.0,5252.0,10
2016-04-29 10:48:00,2016-04-29 10:49:00,5251.0,5250.0,5251.0,5249.0,5252.0,5252.0,5254.0,5252.0,9
2016-04-29 10:49:00,2016-04-29 10:50:00,5250.0,5253.0,5253.0,5251.0,5252.0,5254.0,5255.0,5252.0,9
2016-04-29 10:50:00,2016-04-29 10:51:00,5253.0,5253.0,5254.0,5252.0,5254.0,5254.0,5255.0,5254.0,16
2016-04-29 10:51:00,2016-04-29 10:52:00,5253.0,5253.0,5253.0,5252.0,5254.0,5254.0,5255.0,5254.0,16
2016-04-29 10:52:00,2016-04-29 10:53:00,5253.0,5253.0,5253.0,5253.0,5254.0,5255.0,5255.0,5254.0,7
2016-04-29 10:53:00,2016-04-29 10:54:00,5253.0,5253.0,5254.0,5253.0,5255.0,5254.0,5255.0,5254.0,9
2016-04-29 10:54:00,2016-04-29 10:55:00,5253.0,5251.0,5252.0,5251.0,5254.0,5253.0,5254.0,5252.0,13
2016-04-29 10:55:00,2016-04-29 10:59:00,5253.0,5252.0,5253.0,5251.0,5254.0,5253.0,5256.0,5253.0,9
2016-04-29 10:59:00,2016-04-29 11:00:00,5252.0,5251.0,5252.0,5251.0,5253.0,5252.0,5253.0,5252.0,12
2016-04-29 11:00:00,2016-04-29 11:01:00,5251.0,5252.0,5252.0,5250.0,5252.0,5254.0,5255.0,5252.0,26
2016-04-29 11:01:00,2016-04-29 11:02:00,5252.0,5253.0,5253.0,5252.0,5254.0,5254.0,5254.0,5254.0,5
2016-04-29 11:02:00,2016-04-29 11:05:00,5254.0,5255.0,5255.0,5255.0,5256.0,5256.0,5257.0,5256.0,3
2016-04-29 11:05:00,2016-04-29 11:08:00,5256.0,5255.0,5256.0,5255.0,5257.0,5257.0,5257.0,5256.0,5
2016-04-29 11:08:00,2016-04-29 11:11:00,5254.0,5254.0,5254.0,5253.0,5255.0,5256.0,5256.0,5255.0,7
2016-04-29 11:11:00,2016-04-29 11:12:00,5254.0,5254.0,5255.0,5252.0,5256.0,5255.0,5257.0,5255.0,12
2016-04-29 11:12:00,2016-04-29 11:13:00,5254.0,5255.0,5255.0,5254.0,5255.0,5257.0,5257.0,5255.0,11
2016-04-29 11:13:00,2016-04-29 11:15:00,5255.0,5253.0,5255.0,5253.0,5257.0,5255.0,5256.0,5254.0,10
2016-04-29 11:15:00,2016-04-29 11:16:00,5253.0,5253.0,5253.0,5253.0,5255.0,5255.0,5255.0,5254.0,4
2016-04-29 11:16:00,2016-04-29 11:20:00,5253.0,5253.0,5254.0,5253.0,5254.0,5254.0,5255.0,5254.0,10
2016-04-29 11:20:00,2016-04-29 11:22:00,5253.0,5253.0,5253.0,5252.0,5254.0,5254.0,5255.0,5253.0,8
2016-04-29 11:22:00,2016-04-29 11:23:00,5253.0,5253.0,5253.0,5252.0,5254.0,5254.0,5255.0,5254.0,6
2016-04-29 11:23:00,2016-04-29 11:24:00,5253.0,5253.0,5253.0,5251.0,5254.0,5255.0,5257.0,5253.0,17
2016-04-29 11:24:00,2016-04-29 11:25:00,5253.0,5253.0,5253.0,5252.0,5255.0,5254.0,5254.0,5253.0,7
2016-04-29 11:25:00,2016-04-29 11:28:00,5253.0,5252.0,5253.0,5252.0,5254.0,5254.0,5255.0,5253.0,13
2016-04-29 11:28:00,2016-04-29 11:33:00,5251.0,5251.0,5252.0,5251.0,5253.0,5252.0,5253.0,5252.0,5
2016-04-29 11:33:00,2016-04-29 11:34:00,5251.0,5251.0,5252.0,5250.0,5252.0,5253.0,5253.0,5251.0,11
2016-04-29 11:34:00,2016-04-29 11:35:00,5251.0,5251.0,5251.0,5251.0,5253.0,5253.0,5253.0,5252.0,4
2016-04-29 11:35:00,2016-04-29 11:36:00,5251.0,5253.0,5253.0,5251.0,5253.0,5254.0,5254.0,5252.0,9
2016-04-29 11:36:00,2016-04-29 11:37:00,5253.0,5253.0,5253.0,5251.0,5254.0,5254.0,5256.0,5254.0,2
2016-04-29 11:37:00,2016-04-29 11:38:00,5253.0,5252.0,5254.0,5252.0,5254.0,5254.0,5255.0,5253.0,23
2016-04-29 11:38:00,2016-04-29 11:39:00,5252.0,5252.0,5253.0,5250.0,5254.0,5253.0,5255.0,5253.0,15
2016-04-29 11:39:00,2016-04-29 11:40:00,5252.0,5251.0,5252.0,5251.0,5253.0,5252.0,5253.0,5252.0,8
2016-04-29 11:40:00,2016-04-29 11:41:00,5251.0,5251.0,5252.0,5251.0,5252.0,5252.0,5254.0,5252.0,10
2016-04-29 11:41:00,2016-04-29 11:42:00,5251.0,5253.0,5253.0,5251.0,5252.0,5254.0,5254.0,5253.0,6
2016-04-29 11:42:00,2016-04-29 11:43:00,5253.0,5252.0,5252.0,5252.0,5254.0,5253.0,5254.0,5253.0,4
2016-04-29 11:43:00,2016-04-29 11:44:00,5252.0,5252.0,5252.0,5251.0,5253.0,5254.0,5254.0,5252.0,11
2016-04-29 11:44:00,2016-04-29 11:47:00,5254.0,5253.0,5254.0,5253.0,5255.0,5255.0,5255.0,5255.0,7
2016-04-29 11:47:00,2016-04-29 11:48:00,5253.0,5254.0,5254.0,5253.0,5255.0,5255.0,5255.0,5254.0,17
2016-04-29 11:48:00,2016-04-29 11:49:00,5254.0,5254.0,5254.0,5254.0,5255.0,5255.0,5256.0,5255.0,2
2016-04-29 11:49:00,2016-04-29 11:50:00,5254.0,5254.0,5254.0,5252.0,5255.0,5255.0,5257.0,5255.0,6
2016-04-29 11:50:00,2016-04-29 11:52:00,5254.0,5254.0,5254.0,5252.0,5255.0,5255.0,5257.0,5255.0,4
2016-04-29 11:52:00,2016-04-29 12:00:00,5254.0,5254.0,5255.0,5254.0,5255.0,5255.0,5256.0,5255.0,12
2016-04-29 12:00:00,2016-04-29 12:01:00,5254.0,5254.0,5254.0,5254.0,5255.0,5255.0,5256.0,5255.0,14
2016-04-29 12:01:00,2016-04-29 12:02:00,5254.0,5255.0,5256.0,5254.0,5255.0,5256.0,5257.0,5255.0,18
2016-04-29 12:02:00,2016-04-29 12:03:00,5255.0,5254.0,5254.0,5253.0,5256.0,5256.0,5258.0,5255.0,7
2016-04-29 12:03:00,2016-04-29 12:04:00,5254.0,5255.0,5255.0,5254.0,5256.0,5256.0,5256.0,5255.0,9
2016-04-29 12:04:00,2016-04-29 12:05:00,5255.0,5254.0,5255.0,5252.0,5256.0,5255.0,5257.0,5255.0,13
2016-04-29 12:05:00,2016-04-29 12:06:00,5254.0,5254.0,5255.0,5254.0,5255.0,5256.0,5256.0,5256.0,3
2016-04-29 12:06:00,2016-04-29 12:07:00,5254.0,5256.0,5256.0,5254.0,5256.0,5257.0,5257.0,5256.0,7
2016-04-29 12:07:00,2016-04-29 12:08:00,5256.0,5257.0,5258.0,5256.0,5257.0,5258.0,5259.0,5258.0,6
2016-04-29 12:08:00,2016-04-29 12:09:00,5257.0,5257.0,5258.0,5257.0,5258.0,5259.0,5259.0,5258.0,37
2016-04-29 12:09:00,2016-04-29 12:10:00,5257.0,5257.0,5257.0,5257.0,5259.0,5259.0,5259.0,5258.0,10
2016-04-29 12:10:00,2016-04-29 12:11:00,5257.0,5259.0,5260.0,5258.0,5259.0,5261.0,5262.0,5259.0,12
2016-04-29 12:11:00,2016-04-29 12:12:00,5259.0,5261.0,5262.0,5260.0,5261.0,5262.0,5263.0,5261.0,25
2016-04-29 12:12:00,2016-04-29 12:15:00,5262.0,5262.0,5264.0,5261.0,5263.0,5264.0,5266.0,5264.0,13
2016-04-29 12:15:00,2016-04-29 12:16:00,5262.0,5262.0,5262.0,5261.0,5264.0,5263.0,5263.0,5262.0,5
2016-04-29 12:16:00,2016-04-29 12:18:00,5262.0,5264.0,5264.0,5260.0,5263.0,5265.0,5265.0,5263.0,17
2016-04-29 12:18:00,2016-04-29 12:20:00,5263.0,5263.0,5263.0,5263.0,5265.0,5265.0,5265.0,5264.0,16
2016-04-29 12:20:00,2016-04-29 12:21:00,5263.0,5262.0,5263.0,5262.0,5265.0,5264.0,5265.0,5263.0,10
2016-04-29 12:21:00,2016-04-29 12:22:00,5262.0,5262.0,5262.0,5262.0,5264.0,5264.0,5264.0,5263.0,6
2016-04-29 12:22:00,2016-04-29 12:23:00,5262.0,5263.0,5263.0,5262.0,5264.0,5264.0,5264.0,5263.0,3
2016-04-29 12:23:00,2016-04-29 12:27:00,5262.0,5259.0,5261.0,5258.0,5263.0,5261.0,5263.0,5260.0,15
2016-04-29 12:27:00,2016-04-29 12:28:00,5259.0,5258.0,5259.0,5256.0,5261.0,5260.0,5262.0,5260.0,5
2016-04-29 12:28:00,2016-04-29 12:29:00,5258.0,5261.0,5261.0,5258.0,5260.0,5262.0,5262.0,5260.0,8
2016-04-29 12:29:00,2016-04-29 12:30:00,5261.0,5260.0,5260.0,5258.0,5262.0,5261.0,5263.0,5261.0,13
2016-04-29 12:30:00,2016-04-29 12:31:00,5260.0,5261.0,5262.0,5259.0,5261.0,5262.0,5263.0,5260.0,22
2016-04-29 12:31:00,2016-04-29 12:32:00,5261.0,5258.0,5261.0,5258.0,5262.0,5260.0,5262.0,5259.0,21
2016-04-29 12:32:00,2016-04-29 12:33:00,5258.0,5259.0,5259.0,5258.0,5260.0,5260.0,5260.0,5259.0,5
2016-04-29 12:33:00,2016-04-29 12:34:00,5259.0,5260.0,5260.0,5259.0,5260.0,5261.0,5261.0,5261.0,6
2016-04-29 12:34:00,2016-04-29 12:35:00,5260.0,5259.0,5261.0,5259.0,5261.0,5260.0,5262.0,5260.0,10
2016-04-29 12:35:00,2016-04-29 12:36:00,5259.0,5256.0,5258.0,5255.0,5260.0,5258.0,5260.0,5256.0,25
2016-04-29 12:36:00,2016-04-29 12:37:00,5256.0,5255.0,5257.0,5255.0,5258.0,5256.0,5259.0,5256.0,13
2016-04-29 12:37:00,2016-04-29 12:38:00,5255.0,5252.0,5254.0,5251.0,5256.0,5253.0,5257.0,5253.0,22
2016-04-29 12:38:00,2016-04-29 12:39:00,5252.0,5250.0,5253.0,5250.0,5253.0,5252.0,5254.0,5251.0,23
2016-04-29 12:39:00,2016-04-29 12:40:00,5250.0,5252.0,5252.0,5250.0,5252.0,5253.0,5254.0,5251.0,25
2016-04-29 12:40:00,2016-04-29 12:41:00,5252.0,5251.0,5252.0,5250.0,5253.0,5252.0,5255.0,5252.0,17
2016-04-29 12:41:00,2016-04-29 12:42:00,5251.0,5249.0,5251.0,5249.0,5252.0,5251.0,5253.0,5250.0,14
2016-04-29 12:42:00,2016-04-29 12:43:00,5249.0,5249.0,5250.0,5248.0,5251.0,5251.0,5253.0,5250.0,9
2016-04-29 12:43:00,2016-04-29 12:44:00,5249.0,5249.0,5251.0,5247.0,5251.0,5250.0,5252.0,5249.0,19
2016-04-29 12:44:00,2016-04-29 12:45:00,5249.0,5249.0,5249.0,5248.0,5250.0,5250.0,5250.0,5250.0,10
2016-04-29 12:45:00,2016-04-29 12:47:00,5250.0,5248.0,5249.0,5248.0,5251.0,5249.0,5251.0,5249.0,12
2016-04-29 12:47:00,2016-04-29 12:48:00,5248.0,5248.0,5248.0,5248.0,5249.0,5249.0,5250.0,5249.0,16
2016-04-29 12:48:00,2016-04-29 12:49:00,5248.0,5244.0,5247.0,5244.0,5249.0,5245.0,5249.0,5245.0,30
2016-04-29 12:49:00,2016-04-29 12:50:00,5244.0,5244.0,5246.0,5244.0,5245.0,5245.0,5247.0,5245.0,16
2016-04-29 12:50:00,2016-04-29 12:51:00,5244.0,5244.0,5245.0,5243.0,5245.0,5246.0,5247.0,5245.0,27
2016-04-29 12:51:00,2016-04-29 12:52:00,5244.0,5245.0,5246.0,5245.0,5246.0,5247.0,5248.0,5246.0,19
2016-04-29 12:52:00,2016-04-29 12:53:00,5245.0,5244.0,5245.0,5242.0,5247.0,5245.0,5247.0,5245.0,8
2016-04-29 12:53:00,2016-04-29 12:56:00,5245.0,5245.0,5246.0,5243.0,5246.0,5246.0,5249.0,5246.0,9
2016-04-29 12:56:00,2016-04-29 12:57:00,5245.0,5246.0,5246.0,5245.0,5246.0,5248.0,5248.0,5246.0,9
2016-04-29 12:57:00,2016-04-29 12:58:00,5246.0,5247.0,5248.0,5246.0,5248.0,5249.0,5249.0,5247.0,14
2016-04-29 12:58:00,2016-04-29 12:59:00,5247.0,5247.0,5248.0,5247.0,5249.0,5248.0,5249.0,5248.0,7
2016-04-29 12:59:00,2016-04-29 13:00:00,5247.0,5248.0,5249.0,5247.0,5248.0,5249.0,5250.0,5248.0,16
2016-04-29 13:00:00,2016-04-29 13:01:00,5248.0,5251.0,5251.0,5248.0,5249.0,5252.0,5252.0,5250.0,16
2016-04-29 13:01:00,2016-04-29 13:05:00,5251.0,5250.0,5251.0,5250.0,5253.0,5252.0,5253.0,5251.0,8
2016-04-29 13:05:00,2016-04-29 13:06:00,5250.0,5250.0,5251.0,5248.0,5252.0,5252.0,5254.0,5251.0,9
2016-04-29 13:06:00,2016-04-29 13:07:00,5250.0,5250.0,5250.0,5249.0,5252.0,5251.0,5252.0,5251.0,7
2016-04-29 13:07:00,2016-04-29 13:08:00,5250.0,5249.0,5249.0,5247.0,5251.0,5251.0,5253.0,5250.0,7
2016-04-29 13:08:00,2016-04-29 13:10:00,5249.0,5249.0,5249.0,5249.0,5250.0,5251.0,5251.0,5250.0,3
2016-04-29 13:10:00,2016-04-29 13:11:00,5249.0,5250.0,5250.0,5248.0,5251.0,5251.0,5251.0,5249.0,7
2016-04-29 13:11:00,2016-04-29 13:12:00,5250.0,5251.0,5251.0,5250.0,5251.0,5253.0,5253.0,5251.0,5
2016-04-29 13:12:00,2016-04-29 13:13:00,5251.0,5249.0,5251.0,5249.0,5253.0,5250.0,5252.0,5250.0,7
2016-04-29 13:13:00,2016-04-29 13:14:00,5249.0,5246.0,5248.0,5246.0,5250.0,5248.0,5250.0,5248.0,9
2016-04-29 13:14:00,2016-04-29 13:15:00,5246.0,5248.0,5248.0,5246.0,5248.0,5249.0,5249.0,5247.0,23
2016-04-29 13:15:00,2016-04-29 13:16:00,5248.0,5248.0,5248.0,5247.0,5249.0,5250.0,5250.0,5249.0,11
2016-04-29 13:16:00,2016-04-29 13:18:00,5249.0,5248.0,5249.0,5248.0,5250.0,5250.0,5250.0,5249.0,7
2016-04-29 13:18:00,2016-04-29 13:19:00,5248.0,5248.0,5248.0,5246.0,5250.0,5249.0,5252.0,5249.0,14
2016-04-29 13:19:00,2016-04-29 13:20:00,5248.0,5250.0,5251.0,5248.0,5249.0,5251.0,5252.0,5249.0,18
2016-04-29 13:20:00,2016-04-29 13:21:00,5250.0,5249.0,5250.0,5247.0,5251.0,5250.0,5253.0,5250.0,11
2016-04-29 13:21:00,2016-04-29 13:22:00,5249.0,5248.0,5248.0,5248.0,5250.0,5250.0,5250.0,5249.0,5
2016-04-29 13:22:00,2016-04-29 13:24:00,5248.0,5249.0,5249.0,5248.0,5249.0,5250.0,5250.0,5249.0,10
2016-04-29 13:24:00,2016-04-29 13:25:00,5249.0,5250.0,5250.0,5248.0,5250.0,5251.0,5251.0,5250.0,4
2016-04-29 13:25:00,2016-04-29 13:26:00,5250.0,5249.0,5250.0,5249.0,5251.0,5251.0,5251.0,5250.0,11
2016-04-29 13:26:00,2016-04-29 13:28:00,5249.0,5245.0,5249.0,5245.0,5251.0,5247.0,5250.0,5247.0,24
2016-04-29 13:28:00,2016-04-29 13:29:00,5245.0,5244.0,5247.0,5244.0,5247.0,5246.0,5249.0,5246.0,18
2016-04-29 13:29:00,2016-04-29 13:30:00,5244.0,5249.0,5251.0,5243.0,5246.0,5250.0,5252.0,5246.0,55
2016-04-29 13:30:00,2016-04-29 13:31:00,5249.0,5247.0,5250.0,5245.0,5250.0,5249.0,5251.0,5248.0,56
2016-04-29 13:31:00,2016-04-29 13:32:00,5247.0,5249.0,5251.0,5247.0,5249.0,5250.0,5253.0,5248.0,65
2016-04-29 13:32:00,2016-04-29 13:33:00,5249.0,5251.0,5253.0,5249.0,5250.0,5253.0,5254.0,5251.0,55
2016-04-29 13:33:00,2016-04-29 13:34:00,5251.0,5255.0,5255.0,5250.0,5253.0,5256.0,5256.0,5253.0,24
2016-04-29 13:34:00,2016-04-29 13:35:00,5255.0,5253.0,5255.0,5253.0,5256.0,5255.0,5257.0,5255.0,21
2016-04-29 13:35:00,2016-04-29 13:36:00,5253.0,5252.0,5255.0,5251.0,5255.0,5254.0,5258.0,5253.0,33
2016-04-29 13:36:00,2016-04-29 13:37:00,5252.0,5253.0,5253.0,5251.0,5254.0,5255.0,5255.0,5252.0,12
2016-04-29 13:37:00,2016-04-29 13:38:00,5253.0,5251.0,5253.0,5251.0,5255.0,5253.0,5254.0,5253.0,8
2016-04-29 13:38:00,2016-04-29 13:39:00,5251.0,5254.0,5254.0,5250.0,5253.0,5256.0,5256.0,5252.0,28
2016-04-29 13:39:00,2016-04-29 13:40:00,5254.0,5253.0,5255.0,5253.0,5256.0,5255.0,5256.0,5254.0,16
2016-04-29 13:40:00,2016-04-29 13:42:00,5253.0,5250.0,5253.0,5250.0,5255.0,5252.0,5255.0,5252.0,14
2016-04-29 13:42:00,2016-04-29 13:43:00,5250.0,5250.0,5251.0,5247.0,5252.0,5252.0,5253.0,5250.0,26
2016-04-29 13:43:00,2016-04-29 13:44:00,5250.0,5249.0,5253.0,5249.0,5252.0,5251.0,5255.0,5251.0,32
2016-04-29 13:44:00,2016-04-29 13:45:00,5249.0,5250.0,5251.0,5247.0,5251.0,5252.0,5253.0,5250.0,38
2016-04-29 13:45:00,2016-04-29 13:46:00,5250.0,5246.0,5250.0,5244.0,5252.0,5248.0,5251.0,5247.0,53
2016-04-29 13:46:00,2016-04-29 13:47:00,5246.0,5247.0,5248.0,5245.0,5248.0,5249.0,5250.0,5246.0,38
2016-04-29 13:47:00,2016-04-29 13:48:00,5247.0,5246.0,5249.0,5244.0,5249.0,5247.0,5250.0,5247.0,38
2016-04-29 13:48:00,2016-04-29 13:49:00,5246.0,5244.0,5246.0,5243.0,5247.0,5245.0,5248.0,5245.0,29
2016-04-29 13:49:00,2016-04-29 13:50:00,5244.0,5242.0,5244.0,5240.0,5245.0,5244.0,5246.0,5243.0,38
2016-04-29 13:50:00,2016-04-29 13:51:00,5242.0,5243.0,5243.0,5242.0,5244.0,5244.0,5244.0,5243.0,5
2016-04-29 13:51:00,2016-04-29 13:52:00,5243.0,5244.0,5244.0,5243.0,5244.0,5246.0,5246.0,5244.0,53
2016-04-29 13:52:00,2016-04-29 13:53:00,5244.0,5242.0,5245.0,5242.0,5246.0,5244.0,5246.0,5243.0,54
2016-04-29 13:53:00,2016-04-29 13:54:00,5242.0,5243.0,5245.0,5242.0,5244.0,5244.0,5246.0,5244.0,15
2016-04-29 13:54:00,2016-04-29 13:55:00,5243.0,5242.0,5245.0,5241.0,5244.0,5244.0,5248.0,5243.0,54
2016-04-29 13:55:00,2016-04-29 13:56:00,5242.0,5243.0,5243.0,5242.0,5244.0,5244.0,5245.0,5243.0,21
2016-04-29 13:56:00,2016-04-29 13:57:00,5243.0,5243.0,5244.0,5241.0,5244.0,5244.0,5247.0,5244.0,17
2016-04-29 13:57:00,2016-04-29 13:58:00,5243.0,5241.0,5242.0,5239.0,5244.0,5243.0,5246.0,5242.0,17
2016-04-29 13:58:00,2016-04-29 13:59:00,5241.0,5241.0,5241.0,5239.0,5243.0,5242.0,5244.0,5242.0,16
2016-04-29 13:59:00,2016-04-29 14:00:00,5241.0,5240.0,5240.0,5238.0,5242.0,5241.0,5243.0,5241.0,9
2016-04-29 14:00:00,2016-04-29 14:01:00,5240.0,5237.0,5240.0,5236.0,5241.0,5238.0,5243.0,5238.0,82
2016-04-29 14:01:00,2016-04-29 14:02:00,5237.0,5240.0,5240.0,5236.0,5238.0,5242.0,5243.0,5238.0,58
2016-04-29 14:02:00,2016-04-29 14:03:00,5240.0,5242.0,5243.0,5240.0,5242.0,5244.0,5246.0,5241.0,46
2016-04-29 14:03:00,2016-04-29 14:04:00,5242.0,5242.0,5243.0,5242.0,5244.0,5244.0,5245.0,5243.0,28
2016-04-29 14:04:00,2016-04-29 14:05:00,5242.0,5242.0,5243.0,5240.0,5244.0,5243.0,5246.0,5243.0,30
2016-04-29 14:05:00,2016-04-29 14:06:00,5242.0,5243.0,5243.0,5241.0,5243.0,5244.0,5246.0,5242.0,15
2016-04-29 14:06:00,2016-04-29 14:07:00,5243.0,5243.0,5243.0,5237.0,5244.0,5244.0,5245.0,5240.0,35
2016-04-29 14:07:00,2016-04-29 14:08:00,5243.0,5245.0,5245.0,5241.0,5244.0,5246.0,5246.0,5243.0,29
2016-04-29 14:08:00,2016-04-29 14:09:00,5245.0,5245.0,5246.0,5243.0,5246.0,5246.0,5248.0,5244.0,39
2016-04-29 14:09:00,2016-04-29 14:10:00,5245.0,5245.0,5246.0,5243.0,5246.0,5246.0,5249.0,5245.0,33
2016-04-29 14:10:00,2016-04-29 14:11:00,5245.0,5248.0,5248.0,5244.0,5246.0,5249.0,5249.0,5246.0,56
2016-04-29 14:11:00,2016-04-29 14:12:00,5248.0,5247.0,5249.0,5244.0,5249.0,5249.0,5251.0,5248.0,36
2016-04-29 14:12:00,2016-04-29 14:13:00,5247.0,5248.0,5249.0,5246.0,5249.0,5249.0,5251.0,5248.0,35
2016-04-29 14:13:00,2016-04-29 14:14:00,5248.0,5246.0,5248.0,5245.0,5249.0,5247.0,5251.0,5246.0,46
2016-04-29 14:14:00,2016-04-29 14:15:00,5246.0,5245.0,5246.0,5243.0,5247.0,5246.0,5248.0,5245.0,21
2016-04-29 14:15:00,2016-04-29 14:16:00,5245.0,5247.0,5247.0,5245.0,5246.0,5249.0,5249.0,5246.0,29
2016-04-29 14:16:00,2016-04-29 14:17:00,5247.0,5248.0,5249.0,5245.0,5249.0,5250.0,5250.0,5248.0,31
2016-04-29 14:17:00,2016-04-29 14:18:00,5248.0,5247.0,5249.0,5246.0,5250.0,5248.0,5250.0,5248.0,35
2016-04-29 14:18:00,2016-04-29 14:19:00,5247.0,5248.0,5249.0,5244.0,5248.0,5249.0,5250.0,5246.0,52
2016-04-29 14:19:00,2016-04-29 14:20:00,5248.0,5249.0,5251.0,5248.0,5249.0,5250.0,5253.0,5250.0,25
2016-04-29 14:20:00,2016-04-29 14:21:00,5249.0,5249.0,5250.0,5249.0,5250.0,5251.0,5252.0,5250.0,19
2016-04-29 14:21:00,2016-04-29 14:22:00,5249.0,5249.0,5249.0,5247.0,5251.0,5251.0,5253.0,5249.0,57
2016-04-29 14:22:00,2016-04-29 14:23:00,5249.0,5251.0,5251.0,5248.0,5251.0,5252.0,5252.0,5249.0,41
2016-04-29 14:23:00,2016-04-29 14:24:00,5251.0,5249.0,5252.0,5249.0,5252.0,5251.0,5255.0,5251.0,34
2016-04-29 14:24:00,2016-04-29 14:25:00,5249.0,5248.0,5250.0,5246.0,5251.0,5250.0,5253.0,5249.0,27
2016-04-29 14:25:00,2016-04-29 14:26:00,5248.0,5247.0,5250.0,5246.0,5250.0,5248.0,5251.0,5248.0,42
2016-04-29 14:26:00,2016-04-29 14:27:00,5247.0,5249.0,5250.0,5244.0,5248.0,5250.0,5251.0,5247.0,49
2016-04-29 14:27:00,2016-04-29 14:28:00,5249.0,5251.0,5251.0,5249.0,5250.0,5253.0,5253.0,5250.0,23
2016-04-29 14:28:00,2016-04-29 14:29:00,5251.0,5252.0,5252.0,5250.0,5253.0,5253.0,5254.0,5251.0,22
2016-04-29 14:29:00,2016-04-29 14:30:00,5252.0,5254.0,5254.0,5251.0,5253.0,5255.0,5255.0,5252.0,40
2016-04-29 14:30:00,2016-04-29 14:31:00,5254.0,5253.0,5255.0,5252.0,5255.0,5255.0,5257.0,5254.0,43
2016-04-29 14:31:00,2016-04-29 14:32:00,5253.0,5254.0,5255.0,5251.0,5255.0,5256.0,5257.0,5254.0,18
2016-04-29 14:32:00,2016-04-29 14:33:00,5254.0,5253.0,5256.0,5252.0,5256.0,5255.0,5258.0,5254.0,20
2016-04-29 14:33:00,2016-04-29 14:34:00,5253.0,5254.0,5254.0,5253.0,5255.0,5256.0,5256.0,5254.0,22
2016-04-29 14:34:00,2016-04-29 14:35:00,5254.0,5258.0,5258.0,5252.0,5256.0,5259.0,5261.0,5256.0,36
2016-04-29 14:35:00,2016-04-29 14:36:00,5258.0,5259.0,5260.0,5258.0,5259.0,5260.0,5261.0,5259.0,10
2016-04-29 14:36:00,2016-04-29 14:37:00,5259.0,5261.0,5261.0,5258.0,5260.0,5262.0,5263.0,5259.0,23
2016-04-29 14:37:00,2016-04-29 14:38:00,5261.0,5261.0,5262.0,5259.0,5262.0,5263.0,5265.0,5261.0,36
2016-04-29 14:38:00,2016-04-29 14:39:00,5261.0,5261.0,5261.0,5260.0,5263.0,5262.0,5263.0,5261.0,23
2016-04-29 14:39:00,2016-04-29 14:40:00,5261.0,5261.0,5262.0,5260.0,5262.0,5262.0,5263.0,5261.0,12
2016-04-29 14:40:00,2016-04-29 14:41:00,5261.0,5258.0,5261.0,5257.0,5262.0,5260.0,5262.0,5259.0,18
2016-04-29 14:41:00,2016-04-29 14:42:00,5258.0,5257.0,5259.0,5257.0,5260.0,5259.0,5260.0,5258.0,8
2016-04-29 14:42:00,2016-04-29 14:43:00,5257.0,5255.0,5258.0,5253.0,5259.0,5256.0,5260.0,5255.0,45
2016-04-29 14:43:00,2016-04-29 14:44:00,5255.0,5255.0,5256.0,5254.0,5256.0,5257.0,5257.0,5256.0,17
2016-04-29 14:44:00,2016-04-29 14:45:00,5255.0,5253.0,5255.0,5251.0,5257.0,5255.0,5257.0,5254.0,29
2016-04-29 14:45:00,2016-04-29 14:47:00,5253.0,5250.0,5254.0,5250.0,5255.0,5252.0,5257.0,5251.0,29
2016-04-29 14:47:00,2016-04-29 14:48:00,5250.0,5250.0,5252.0,5249.0,5252.0,5252.0,5255.0,5251.0,24
2016-04-29 14:48:00,2016-04-29 14:49:00,5250.0,5250.0,5250.0,5248.0,5252.0,5252.0,5253.0,5250.0,21
2016-04-29 14:49:00,2016-04-29 14:50:00,5250.0,5248.0,5251.0,5246.0,5252.0,5249.0,5253.0,5249.0,27
2016-04-29 14:50:00,2016-04-29 14:51:00,5248.0,5248.0,5251.0,5248.0,5249.0,5250.0,5254.0,5249.0,23
2016-04-29 14:51:00,2016-04-29 14:52:00,5248.0,5248.0,5250.0,5248.0,5250.0,5249.0,5251.0,5249.0,9
2016-04-29 14:52:00,2016-04-29 14:53:00,5248.0,5247.0,5249.0,5246.0,5249.0,5248.0,5251.0,5248.0,25
2016-04-29 14:53:00,2016-04-29 14:54:00,5247.0,5246.0,5247.0,5243.0,5248.0,5248.0,5249.0,5246.0,38
2016-04-29 14:54:00,2016-04-29 14:55:00,5246.0,5247.0,5248.0,5244.0,5248.0,5249.0,5252.0,5247.0,29
2016-04-29 14:55:00,2016-04-29 14:56:00,5247.0,5248.0,5248.0,5245.0,5249.0,5249.0,5251.0,5248.0,28
2016-04-29 14:56:00,2016-04-29 14:57:00,5248.0,5248.0,5249.0,5246.0,5249.0,5250.0,5251.0,5248.0,23
2016-04-29 14:57:00,2016-04-29 14:58:00,5248.0,5249.0,5249.0,5247.0,5250.0,5250.0,5252.0,5249.0,10
2016-04-29 14:58:00,2016-04-29 14:59:00,5249.0,5248.0,5249.0,5248.0,5250.0,5249.0,5250.0,5249.0,26
2016-04-29 14:59:00,2016-04-29 15:00:00,5248.0,5250.0,5250.0,5247.0,5249.0,5251.0,5252.0,5250.0,18
2016-04-29 15:00:00,2016-04-29 15:01:00,5250.0,5248.0,5250.0,5247.0,5251.0,5249.0,5253.0,5249.0,10
2016-04-29 15:01:00,2016-04-29 15:02:00,5248.0,5246.0,5248.0,5244.0,5249.0,5247.0,5251.0,5246.0,114
2016-04-29 15:02:00,2016-04-29 15:03:00,5246.0,5248.0,5250.0,5246.0,5247.0,5249.0,5251.0,5247.0,45
2016-04-29 15:03:00,2016-04-29 15:04:00,5248.0,5248.0,5249.0,5247.0,5249.0,5249.0,5252.0,5249.0,11
2016-04-29 15:04:00,2016-04-29 15:05:00,5248.0,5248.0,5248.0,5247.0,5249.0,5250.0,5250.0,5248.0,7
2016-04-29 15:05:00,2016-04-29 15:06:00,5248.0,5248.0,5248.0,5248.0,5250.0,5249.0,5250.0,5249.0,5
2016-04-29 15:06:00,2016-04-29 15:07:00,5248.0,5251.0,5251.0,5248.0,5249.0,5252.0,5253.0,5250.0,13
2016-04-29 15:07:00,2016-04-29 15:08:00,5251.0,5250.0,5251.0,5248.0,5252.0,5252.0,5253.0,5251.0,20
2016-04-29 15:08:00,2016-04-29 15:09:00,5250.0,5251.0,5252.0,5250.0,5252.0,5252.0,5253.0,5251.0,19
2016-04-29 15:09:00,2016-04-29 15:10:00,5251.0,5248.0,5251.0,5247.0,5252.0,5250.0,5253.0,5249.0,19
2016-04-29 15:10:00,2016-04-29 15:11:00,5248.0,5250.0,5250.0,5248.0,5250.0,5251.0,5251.0,5249.0,11
2016-04-29 15:11:00,2016-04-29 15:12:00,5250.0,5252.0,5252.0,5250.0,5251.0,5253.0,5253.0,5252.0,14
2016-04-29 15:12:00,2016-04-29 15:13:00,5252.0,5252.0,5253.0,5251.0,5253.0,5254.0,5256.0,5253.0,18
2016-04-29 15:13:00,2016-04-29 15:14:00,5252.0,5250.0,5253.0,5250.0,5254.0,5252.0,5256.0,5252.0,24
2016-04-29 15:14:00,2016-04-29 15:15:00,5250.0,5247.0,5251.0,5245.0,5252.0,5249.0,5253.0,5249.0,30
2016-04-29 15:15:00,2016-04-29 15:16:00,5247.0,5246.0,5248.0,5246.0,5249.0,5247.0,5249.0,5247.0,21
2016-04-29 15:16:00,2016-04-29 15:17:00,5246.0,5245.0,5246.0,5242.0,5247.0,5246.0,5247.0,5244.0,29
2016-04-29 15:17:00,2016-04-29 15:18:00,5245.0,5243.0,5244.0,5242.0,5246.0,5244.0,5246.0,5243.0,16
2016-04-29 15:18:00,2016-04-29 15:19:00,5243.0,5242.0,5244.0,5240.0,5244.0,5244.0,5247.0,5243.0,23
2016-04-29 15:19:00,2016-04-29 15:20:00,5242.0,5243.0,5244.0,5239.0,5244.0,5244.0,5246.0,5241.0,38
2016-04-29 15:20:00,2016-04-29 15:21:00,5243.0,5242.0,5243.0,5240.0,5244.0,5243.0,5246.0,5242.0,28
2016-04-29 15:21:00,2016-04-29 15:22:00,5242.0,5241.0,5242.0,5239.0,5243.0,5243.0,5244.0,5241.0,20
2016-04-29 15:22:00,2016-04-29 15:23:00,5241.0,5243.0,5244.0,5241.0,5243.0,5245.0,5245.0,5242.0,14
2016-04-29 15:23:00,2016-04-29 15:24:00,5243.0,5242.0,5244.0,5241.0,5245.0,5243.0,5245.0,5242.0,17
2016-04-29 15:24:00,2016-04-29 15:25:00,5242.0,5243.0,5243.0,5241.0,5243.0,5244.0,5244.0,5242.0,18
2016-04-29 15:25:00,2016-04-29 15:26:00,5243.0,5241.0,5244.0,5241.0,5244.0,5243.0,5246.0,5242.0,34
2016-04-29 15:26:00,2016-04-29 15:27:00,5241.0,5243.0,5244.0,5241.0,5243.0,5244.0,5245.0,5243.0,21
2016-04-29 15:27:00,2016-04-29 15:28:00,5243.0,5240.0,5243.0,5239.0,5244.0,5241.0,5247.0,5241.0,40
2016-04-29 15:28:00,2016-04-29 15:29:00,5240.0,5239.0,5240.0,5237.0,5241.0,5240.0,5243.0,5239.0,35
2016-04-29 15:29:00,2016-04-29 15:30:00,5239.0,5238.0,5239.0,5237.0,5240.0,5239.0,5242.0,5239.0,18
2016-04-29 15:30:00,2016-04-29 15:31:00,5238.0,5238.0,5240.0,5238.0,5239.0,5240.0,5241.0,5240.0,23
2016-04-29 15:31:00,2016-04-29 15:32:00,5238.0,5239.0,5240.0,5238.0,5240.0,5240.0,5242.0,5239.0,21
2016-04-29 15:32:00,2016-04-29 15:33:00,5239.0,5237.0,5238.0,5237.0,5240.0,5238.0,5240.0,5238.0,8
2016-04-29 15:33:00,2016-04-29 15:34:00,5237.0,5237.0,5238.0,5236.0,5238.0,5239.0,5240.0,5237.0,45
2016-04-29 15:34:00,2016-04-29 15:35:00,5237.0,5235.0,5238.0,5235.0,5239.0,5236.0,5239.0,5236.0,29
2016-04-29 15:35:00,2016-04-29 15:36:00,5235.0,5233.0,5234.0,5233.0,5236.0,5235.0,5236.0,5234.0,23
2016-04-29 15:36:00,2016-04-29 15:37:00,5233.0,5232.0,5234.0,5232.0,5235.0,5234.0,5236.0,5233.0,18
2016-04-29 15:37:00,2016-04-29 15:38:00,5232.0,5233.0,5233.0,5230.0,5234.0,5234.0,5236.0,5232.0,23
2016-04-29 15:38:00,2016-04-29 15:39:00,5233.0,5233.0,5235.0,5230.0,5234.0,5235.0,5236.0,5234.0,27
2016-04-29 15:39:00,2016-04-29 15:40:00,5233.0,5233.0,5234.0,5232.0,5235.0,5235.0,5235.0,5234.0,12
2016-04-29 15:40:00,2016-04-29 15:41:00,5233.0,5233.0,5234.0,5231.0,5235.0,5235.0,5236.0,5233.0,15
2016-04-29 15:41:00,2016-04-29 15:42:00,5233.0,5231.0,5233.0,5231.0,5235.0,5233.0,5234.0,5232.0,8
2016-04-29 15:42:00,2016-04-29 15:44:00,5231.0,5230.0,5231.0,5230.0,5233.0,5231.0,5232.0,5231.0,7
2016-04-29 15:44:00,2016-04-29 15:45:00,5230.0,5231.0,5231.0,5230.0,5231.0,5233.0,5233.0,5231.0,23
2016-04-29 15:45:00,2016-04-29 15:46:00,5231.0,5230.0,5231.0,5230.0,5233.0,5232.0,5233.0,5231.0,12
2016-04-29 15:46:00,2016-04-29 15:47:00,5230.0,5231.0,5231.0,5229.0,5232.0,5232.0,5232.0,5230.0,13
2016-04-29 15:47:00,2016-04-29 15:48:00,5231.0,5232.0,5232.0,5231.0,5232.0,5233.0,5233.0,5232.0,20
2016-04-29 15:48:00,2016-04-29 15:49:00,5232.0,5234.0,5234.0,5231.0,5233.0,5235.0,5236.0,5233.0,22
2016-04-29 15:49:00,2016-04-29 15:50:00,5234.0,5233.0,5235.0,5233.0,5235.0,5235.0,5236.0,5234.0,11
2016-04-29 15:50:00,2016-04-29 15:51:00,5233.0,5236.0,5236.0,5233.0,5235.0,5238.0,5239.0,5235.0,21
2016-04-29 15:51:00,2016-04-29 15:52:00,5236.0,5236.0,5237.0,5235.0,5238.0,5237.0,5238.0,5236.0,9
2016-04-29 15:52:00,2016-04-29 15:53:00,5236.0,5237.0,5238.0,5235.0,5237.0,5239.0,5239.0,5237.0,17
2016-04-29 15:53:00,2016-04-29 15:54:00,5237.0,5238.0,5239.0,5235.0,5239.0,5240.0,5241.0,5239.0,12
2016-04-29 15:54:00,2016-04-29 15:55:00,5238.0,5238.0,5238.0,5236.0,5240.0,5240.0,5240.0,5238.0,26
2016-04-29 15:55:00,2016-04-29 15:56:00,5238.0,5236.0,5238.0,5236.0,5240.0,5238.0,5240.0,5237.0,19
2016-04-29 15:56:00,2016-04-29 15:57:00,5236.0,5237.0,5237.0,5237.0,5238.0,5238.0,5238.0,5238.0,1
2016-04-29 15:57:00,2016-04-29 15:58:00,5237.0,5237.0,5237.0,5237.0,5238.0,5239.0,5239.0,5238.0,7
2016-04-29 15:58:00,2016-04-29 15:59:00,5237.0,5236.0,5238.0,5236.0,5239.0,5238.0,5239.0,5238.0,8
2016-04-29 15:59:00,2016-04-29 16:00:00,5236.0,5238.0,5238.0,5236.0,5238.0,5240.0,5240.0,5237.0,20
2016-04-29 16:00:00,2016-04-29 16:01:00,5238.0,5236.0,5238.0,5236.0,5240.0,5238.0,5239.0,5238.0,10
2016-04-29 16:01:00,2016-04-29 16:02:00,5236.0,5235.0,5236.0,5233.0,5238.0,5237.0,5239.0,5236.0,13
2016-04-29 16:02:00,2016-04-29 16:04:00,5235.0,5234.0,5235.0,5233.0,5237.0,5236.0,5238.0,5236.0,5
2016-04-29 16:04:00,2016-04-29 16:05:00,5234.0,5234.0,5234.0,5234.0,5236.0,5236.0,5236.0,5235.0,2
2016-04-29 16:05:00,2016-04-29 16:06:00,5234.0,5236.0,5236.0,5234.0,5236.0,5238.0,5239.0,5236.0,7
2016-04-29 16:06:00,2016-04-29 16:07:00,5236.0,5237.0,5238.0,5236.0,5238.0,5239.0,5240.0,5238.0,10
2016-04-29 16:07:00,2016-04-29 16:08:00,5237.0,5236.0,5237.0,5235.0,5239.0,5238.0,5238.0,5237.0,14
2016-04-29 16:08:00,2016-04-29 16:10:00,5237.0,5237.0,5237.0,5237.0,5239.0,5239.0,5239.0,5238.0,14
2016-04-29 16:10:00,2016-04-29 16:11:00,5237.0,5236.0,5237.0,5235.0,5239.0,5237.0,5239.0,5236.0,13
2016-04-29 16:11:00,2016-04-29 16:13:00,5235.0,5236.0,5236.0,5235.0,5237.0,5237.0,5237.0,5236.0,7
2016-04-29 16:13:00,2016-04-29 16:15:00,5233.0,5235.0,5235.0,5232.0,5234.0,5236.0,5237.0,5233.0,10
2016-04-29 16:15:00,2016-04-29 16:16:00,5235.0,5238.0,5238.0,5235.0,5236.0,5239.0,5239.0,5237.0,18
2016-04-29 16:16:00,2016-04-29 16:17:00,5238.0,5237.0,5238.0,5234.0,5239.0,5238.0,5239.0,5237.0,25
2016-04-29 16:17:00,2016-04-29 16:18:00,5237.0,5238.0,5238.0,5236.0,5238.0,5239.0,5239.0,5237.0,22
2016-04-29 16:18:00,2016-04-29 16:19:00,5238.0,5240.0,5240.0,5236.0,5239.0,5241.0,5242.0,5239.0,28
2016-04-29 16:19:00,2016-04-29 16:20:00,5240.0,5240.0,5240.0,5239.0,5241.0,5242.0,5242.0,5240.0,13
2016-04-29 16:20:00,2016-04-29 16:21:00,5240.0,5242.0,5242.0,5241.0,5242.0,5244.0,5244.0,5242.0,6
2016-04-29 16:21:00,2016-04-29 16:23:00,5242.0,5241.0,5242.0,5241.0,5244.0,5243.0,5243.0,5242.0,8
2016-04-29 16:23:00,2016-04-29 16:24:00,5241.0,5240.0,5241.0,5240.0,5243.0,5242.0,5242.0,5241.0,8
2016-04-29 16:24:00,2016-04-29 16:25:00,5240.0,5241.0,5241.0,5239.0,5242.0,5242.0,5242.0,5241.0,15
2016-04-29 16:25:00,2016-04-29 16:26:00,5241.0,5241.0,5242.0,5241.0,5242.0,5243.0,5244.0,5242.0,7
2016-04-29 16:26:00,2016-04-29 16:28:00,5241.0,5242.0,5242.0,5241.0,5243.0,5244.0,5244.0,5242.0,6
2016-04-29 16:28:00,2016-04-29 16:29:00,5242.0,5240.0,5242.0,5239.0,5244.0,5242.0,5245.0,5242.0,17
2016-04-29 16:29:00,2016-04-29 16:30:00,5240.0,5239.0,5241.0,5239.0,5242.0,5241.0,5242.0,5241.0,4
2016-04-29 16:30:00,2016-04-29 16:31:00,5239.0,5241.0,5241.0,5240.0,5241.0,5243.0,5243.0,5241.0,6
2016-04-29 16:31:00,2016-04-29 16:32:00,5241.0,5242.0,5243.0,5240.0,5243.0,5244.0,5246.0,5243.0,11
2016-04-29 16:32:00,2016-04-29 16:33:00,5242.0,5242.0,5243.0,5241.0,5244.0,5244.0,5245.0,5242.0,10
2016-04-29 16:33:00,2016-04-29 16:34:00,5242.0,5244.0,5245.0,5243.0,5244.0,5246.0,5246.0,5244.0,12
2016-04-29 16:34:00,2016-04-29 16:35:00,5244.0,5243.0,5245.0,5243.0,5246.0,5245.0,5246.0,5244.0,8
2016-04-29 16:35:00,2016-04-29 16:36:00,5243.0,5243.0,5244.0,5243.0,5245.0,5245.0,5245.0,5245.0,2
2016-04-29 16:36:00,2016-04-29 16:38:00,5244.0,5246.0,5246.0,5245.0,5246.0,5248.0,5248.0,5246.0,20
2016-04-29 16:38:00,2016-04-29 16:39:00,5246.0,5246.0,5247.0,5245.0,5248.0,5248.0,5248.0,5247.0,10
2016-04-29 16:39:00,2016-04-29 16:40:00,5246.0,5245.0,5246.0,5245.0,5248.0,5246.0,5248.0,5246.0,7
2016-04-29 16:40:00,2016-04-29 16:41:00,5245.0,5243.0,5246.0,5243.0,5246.0,5245.0,5247.0,5244.0,21
2016-04-29 16:41:00,2016-04-29 16:42:00,5243.0,5242.0,5243.0,5240.0,5245.0,5244.0,5246.0,5243.0,10
2016-04-29 16:42:00,2016-04-29 16:44:00,5242.0,5243.0,5244.0,5241.0,5244.0,5245.0,5247.0,5244.0,12
2016-04-29 16:44:00,2016-04-29 16:45:00,5243.0,5245.0,5245.0,5244.0,5245.0,5246.0,5247.0,5245.0,5
2016-04-29 16:45:00,2016-04-29 16:46:00,5245.0,5245.0,5246.0,5245.0,5246.0,5247.0,5247.0,5246.0,7
2016-04-29 16:46:00,2016-04-29 16:47:00,5245.0,5247.0,5247.0,5246.0,5247.0,5248.0,5249.0,5247.0,19
2016-04-29 16:47:00,2016-04-29 16:49:00,5248.0,5248.0,5248.0,5247.0,5249.0,5249.0,5250.0,5249.0,10
2016-04-29 16:49:00,2016-04-29 16:50:00,5248.0,5248.0,5250.0,5247.0,5249.0,5250.0,5251.0,5249.0,23
2016-04-29 16:50:00,2016-04-29 16:51:00,5248.0,5247.0,5249.0,5247.0,5250.0,5248.0,5250.0,5248.0,11
2016-04-29 16:51:00,2016-04-29 16:52:00,5247.0,5247.0,5247.0,5246.0,5248.0,5248.0,5249.0,5247.0,10
2016-04-29 16:52:00,2016-04-29 16:53:00,5247.0,5245.0,5246.0,5245.0,5248.0,5247.0,5248.0,5247.0,5
2016-04-29 16:53:00,2016-04-29 16:54:00,5245.0,5246.0,5246.0,5245.0,5247.0,5247.0,5248.0,5246.0,5
2016-04-29 16:54:00,2016-04-29 16:55:00,5246.0,5245.0,5246.0,5244.0,5247.0,5246.0,5249.0,5246.0,15
2016-04-29 16:55:00,2016-04-29 16:56:00,5245.0,5244.0,5245.0,5243.0,5246.0,5245.0,5247.0,5245.0,16
2016-04-29 16:56:00,2016-04-29 16:57:00,5244.0,5243.0,5244.0,5242.0,5245.0,5245.0,5247.0,5244.0,18
2016-04-29 16:57:00,2016-04-29 16:58:00,5243.0,5242.0,5243.0,5241.0,5245.0,5244.0,5246.0,5243.0,14
2016-04-29 16:58:00,2016-04-29 17:00:00,5243.0,5243.0,5244.0,5242.0,5244.0,5245.0,5245.0,5244.0,9
2016-04-29 17:00:00,2016-04-29 17:01:00,5243.0,5244.0,5244.0,5243.0,5245.0,5245.0,5245.0,5244.0,5
2016-04-29 17:01:00,2016-04-29 17:05:00,5245.0,5245.0,5246.0,5244.0,5246.0,5247.0,5247.0,5245.0,7
2016-04-29 17:05:00,2016-04-29 17:06:00,5245.0,5246.0,5247.0,5245.0,5247.0,5247.0,5248.0,5246.0,11
2016-04-29 17:06:00,2016-04-29 17:07:00,5246.0,5246.0,5246.0,5245.0,5247.0,5247.0,5247.0,5246.0,8
2016-04-29 17:07:00,2016-04-29 17:08:00,5246.0,5246.0,5247.0,5244.0,5247.0,5247.0,5249.0,5247.0,11
2016-04-29 17:08:00,2016-04-29 17:09:00,5246.0,5248.0,5249.0,5244.0,5247.0,5250.0,5250.0,5248.0,15
2016-04-29 17:09:00,2016-04-29 17:10:00,5248.0,5246.0,5248.0,5244.0,5250.0,5248.0,5252.0,5247.0,20
2016-04-29 17:10:00,2016-04-29 17:11:00,5246.0,5244.0,5247.0,5244.0,5248.0,5246.0,5248.0,5245.0,16
2016-04-29 17:11:00,2016-04-29 17:13:00,5246.0,5247.0,5248.0,5246.0,5247.0,5249.0,5249.0,5248.0,13
2016-04-29 17:13:00,2016-04-29 17:14:00,5247.0,5249.0,5250.0,5248.0,5249.0,5250.0,5251.0,5249.0,13
2016-04-29 17:14:00,2016-04-29 17:16:00,5248.0,5247.0,5248.0,5246.0,5249.0,5248.0,5250.0,5247.0,20
2016-04-29 17:16:00,2016-04-29 17:18:00,5247.0,5247.0,5248.0,5247.0,5248.0,5248.0,5249.0,5248.0,6
2016-04-29 17:18:00,2016-04-29 17:20:00,5248.0,5248.0,5248.0,5245.0,5250.0,5249.0,5250.0,5248.0,21
2016-04-29 17:20:00,2016-04-29 17:22:00,5249.0,5245.0,5248.0,5245.0,5250.0,5247.0,5250.0,5246.0,13
2016-04-29 17:22:00,2016-04-29 17:23:00,5245.0,5248.0,5248.0,5244.0,5247.0,5249.0,5249.0,5246.0,20
2016-04-29 17:23:00,2016-04-29 17:24:00,5248.0,5248.0,5249.0,5247.0,5249.0,5249.0,5250.0,5249.0,12
2016-04-29 17:24:00,2016-04-29 17:25:00,5248.0,5248.0,5249.0,5248.0,5249.0,5250.0,5251.0,5249.0,17
2016-04-29 17:25:00,2016-04-29 17:26:00,5248.0,5249.0,5250.0,5248.0,5250.0,5250.0,5251.0,5249.0,13
2016-04-29 17:26:00,2016-04-29 17:28:00,5248.0,5246.0,5247.0,5245.0,5249.0,5247.0,5249.0,5247.0,26
2016-04-29 17:28:00,2016-04-29 17:29:00,5246.0,5245.0,5246.0,5244.0,5247.0,5247.0,5247.0,5246.0,15
2016-04-29 17:29:00,2016-04-29 17:30:00,5245.0,5245.0,5246.0,5245.0,5247.0,5247.0,5247.0,5247.0,4
2016-04-29 17:30:00,2016-04-29 17:31:00,5245.0,5244.0,5245.0,5243.0,5247.0,5245.0,5247.0,5245.0,11
2016-04-29 17:31:00,2016-04-29 17:32:00,5244.0,5244.0,5245.0,5242.0,5245.0,5245.0,5246.0,5244.0,18
2016-04-29 17:32:00,2016-04-29 17:33:00,5244.0,5245.0,5245.0,5242.0,5245.0,5246.0,5248.0,5245.0,8
2016-04-29 17:33:00,2016-04-29 17:35:00,5244.0,5244.0,5244.0,5241.0,5245.0,5245.0,5247.0,5244.0,10
2016-04-29 17:35:00,2016-04-29 17:36:00,5244.0,5246.0,5247.0,5243.0,5245.0,5248.0,5249.0,5246.0,11
2016-04-29 17:36:00,2016-04-29 17:37:00,5246.0,5242.0,5245.0,5242.0,5248.0,5244.0,5250.0,5244.0,19
2016-04-29 17:37:00,2016-04-29 17:38:00,5242.0,5242.0,5243.0,5241.0,5244.0,5243.0,5245.0,5242.0,23
2016-04-29 17:38:00,2016-04-29 17:39:00,5242.0,5243.0,5244.0,5241.0,5243.0,5244.0,5245.0,5243.0,15
2016-04-29 17:39:00,2016-04-29 17:40:00,5243.0,5241.0,5242.0,5240.0,5244.0,5242.0,5244.0,5242.0,20
2016-04-29 17:40:00,2016-04-29 17:41:00,5241.0,5240.0,5241.0,5239.0,5242.0,5242.0,5243.0,5241.0,17
2016-04-29 17:41:00,2016-04-29 17:42:00,5240.0,5238.0,5240.0,5238.0,5242.0,5240.0,5241.0,5239.0,14
2016-04-29 17:42:00,2016-04-29 17:43:00,5238.0,5237.0,5239.0,5237.0,5240.0,5239.0,5241.0,5239.0,6
2016-04-29 17:43:00,2016-04-29 17:45:00,5237.0,5235.0,5237.0,5235.0,5239.0,5237.0,5238.0,5237.0,10
2016-04-29 17:45:00,2016-04-29 17:46:00,5235.0,5236.0,5237.0,5233.0,5237.0,5238.0,5239.0,5236.0,19
2016-04-29 17:46:00,2016-04-29 17:47:00,5236.0,5236.0,5236.0,5235.0,5238.0,5237.0,5237.0,5236.0,7
2016-04-29 17:47:00,2016-04-29 17:48:00,5236.0,5236.0,5236.0,5233.0,5237.0,5237.0,5238.0,5236.0,17
2016-04-29 17:48:00,2016-04-29 17:49:00,5236.0,5236.0,5236.0,5235.0,5237.0,5238.0,5238.0,5236.0,15
2016-04-29 17:49:00,2016-04-29 17:51:00,5236.0,5234.0,5236.0,5233.0,5238.0,5236.0,5239.0,5236.0,10
2016-04-29 17:51:00,2016-04-29 17:52:00,5234.0,5237.0,5237.0,5235.0,5236.0,5239.0,5239.0,5236.0,18
2016-04-29 17:52:00,2016-04-29 17:53:00,5237.0,5238.0,5240.0,5237.0,5239.0,5240.0,5241.0,5239.0,12
2016-04-29 17:53:00,2016-04-29 17:54:00,5238.0,5237.0,5238.0,5237.0,5240.0,5238.0,5240.0,5238.0,5
2016-04-29 17:54:00,2016-04-29 17:55:00,5237.0,5235.0,5236.0,5235.0,5238.0,5237.0,5240.0,5237.0,8
2016-04-29 17:55:00,2016-04-29 17:57:00,5235.0,5235.0,5236.0,5235.0,5237.0,5237.0,5238.0,5237.0,4
2016-04-29 17:57:00,2016-04-29 17:58:00,5235.0,5231.0,5235.0,5231.0,5237.0,5237.0,5237.0,5235.0,10
2016-04-29 17:58:00,2016-04-29 17:59:00,5231.0,5235.0,5235.0,5233.0,5237.0,5236.0,5237.0,5234.0,17
2016-04-29 17:59:00,2016-04-29 18:00:00,5235.0,5236.0,5237.0,5234.0,5236.0,5238.0,5238.0,5236.0,13
2016-04-29 18:00:00,2016-04-29 18:01:00,5236.0,5236.0,5236.0,5234.0,5238.0,5238.0,5240.0,5238.0,4
2016-04-29 18:01:00,2016-04-29 18:03:00,5236.0,5236.0,5236.0,5236.0,5238.0,5237.0,5237.0,5237.0,1
2016-04-29 18:03:00,2016-04-29 18:04:00,5236.0,5237.0,5238.0,5235.0,5237.0,5239.0,5240.0,5238.0,12
2016-04-29 18:04:00,2016-04-29 18:07:00,5236.0,5235.0,5236.0,5234.0,5238.0,5236.0,5237.0,5236.0,5
2016-04-29 18:07:00,2016-04-29 18:09:00,5234.0,5232.0,5233.0,5232.0,5235.0,5233.0,5235.0,5233.0,14
2016-04-29 18:09:00,2016-04-29 18:11:00,5232.0,5231.0,5232.0,5230.0,5233.0,5233.0,5236.0,5232.0,9
2016-04-29 18:11:00,2016-04-29 18:12:00,5231.0,5232.0,5232.0,5231.0,5233.0,5233.0,5233.0,5232.0,3
2016-04-29 18:12:00,2016-04-29 18:13:00,5232.0,5231.0,5231.0,5231.0,5233.0,5233.0,5233.0,5233.0,1
2016-04-29 18:13:00,2016-04-29 18:14:00,5231.0,5232.0,5232.0,5229.0,5233.0,5233.0,5235.0,5232.0,10
2016-04-29 18:14:00,2016-04-29 18:16:00,5230.0,5230.0,5231.0,5229.0,5231.0,5232.0,5232.0,5231.0,9
2016-04-29 18:16:00,2016-04-29 18:17:00,5230.0,5230.0,5230.0,5227.0,5232.0,5231.0,5233.0,5229.0,14
2016-04-29 18:17:00,2016-04-29 18:18:00,5230.0,5233.0,5233.0,5230.0,5231.0,5234.0,5235.0,5232.0,16
2016-04-29 18:18:00,2016-04-29 18:19:00,5233.0,5235.0,5235.0,5233.0,5234.0,5236.0,5236.0,5235.0,12
2016-04-29 18:19:00,2016-04-29 18:20:00,5235.0,5234.0,5235.0,5234.0,5236.0,5235.0,5236.0,5235.0,4
2016-04-29 18:20:00,2016-04-29 18:21:00,5234.0,5233.0,5235.0,5233.0,5235.0,5235.0,5236.0,5235.0,5
2016-04-29 18:21:00,2016-04-29 18:22:00,5233.0,5236.0,5237.0,5234.0,5235.0,5237.0,5238.0,5235.0,19
2016-04-29 18:22:00,2016-04-29 18:23:00,5236.0,5236.0,5237.0,5236.0,5237.0,5237.0,5238.0,5237.0,6
2016-04-29 18:23:00,2016-04-29 18:24:00,5236.0,5235.0,5236.0,5233.0,5237.0,5237.0,5239.0,5237.0,8
2016-04-29 18:24:00,2016-04-29 18:25:00,5235.0,5234.0,5235.0,5234.0,5237.0,5236.0,5236.0,5235.0,4
2016-04-29 18:25:00,2016-04-29 18:26:00,5234.0,5235.0,5235.0,5233.0,5236.0,5237.0,5239.0,5236.0,6
2016-04-29 18:26:00,2016-04-29 18:27:00,5235.0,5239.0,5239.0,5234.0,5237.0,5240.0,5240.0,5237.0,13
2016-04-29 18:27:00,2016-04-29 18:28:00,5239.0,5239.0,5239.0,5239.0,5240.0,5241.0,5241.0,5240.0,3
2016-04-29 18:28:00,2016-04-29 18:29:00,5239.0,5238.0,5240.0,5238.0,5241.0,5240.0,5244.0,5240.0,10
2016-04-29 18:29:00,2016-04-29 18:30:00,5238.0,5237.0,5238.0,5236.0,5240.0,5239.0,5239.0,5238.0,10
2016-04-29 18:30:00,2016-04-29 18:31:00,5237.0,5236.0,5236.0,5236.0,5239.0,5239.0,5239.0,5239.0,1
2016-04-29 18:31:00,2016-04-29 18:32:00,5236.0,5235.0,5235.0,5233.0,5239.0,5237.0,5239.0,5235.0,10
2016-04-29 18:32:00,2016-04-29 18:34:00,5234.0,5234.0,5234.0,5233.0,5236.0,5236.0,5236.0,5234.0,10
2016-04-29 18:34:00,2016-04-29 18:36:00,5233.0,5232.0,5233.0,5232.0,5235.0,5234.0,5234.0,5233.0,12
2016-04-29 18:36:00,2016-04-29 18:37:00,5232.0,5232.0,5232.0,5230.0,5234.0,5234.0,5236.0,5234.0,2
2016-04-29 18:37:00,2016-04-29 18:38:00,5232.0,5230.0,5232.0,5229.0,5234.0,5231.0,5234.0,5231.0,11
2016-04-29 18:38:00,2016-04-29 18:39:00,5230.0,5230.0,5232.0,5229.0,5231.0,5232.0,5234.0,5232.0,13
2016-04-29 18:39:00,2016-04-29 18:40:00,5230.0,5233.0,5233.0,5231.0,5232.0,5234.0,5235.0,5232.0,9
2016-04-29 18:40:00,2016-04-29 18:41:00,5233.0,5231.0,5232.0,5231.0,5234.0,5232.0,5234.0,5232.0,12
2016-04-29 18:41:00,2016-04-29 18:42:00,5231.0,5229.0,5232.0,5229.0,5232.0,5231.0,5233.0,5231.0,17
2016-04-29 18:42:00,2016-04-29 18:43:00,5229.0,5230.0,5230.0,5229.0,5231.0,5231.0,5232.0,5230.0,13
2016-04-29 18:43:00,2016-04-29 18:44:00,5230.0,5231.0,5231.0,5229.0,5231.0,5232.0,5232.0,5231.0,10
2016-04-29 18:44:00,2016-04-29 18:45:00,5231.0,5231.0,5232.0,5230.0,5232.0,5233.0,5233.0,5231.0,19
2016-04-29 18:45:00,2016-04-29 18:47:00,5232.0,5234.0,5234.0,5233.0,5234.0,5236.0,5236.0,5234.0,4
2016-04-29 18:47:00,2016-04-29 18:49:00,5235.0,5236.0,5237.0,5234.0,5237.0,5237.0,5240.0,5237.0,12
2016-04-29 18:49:00,2016-04-29 18:50:00,5236.0,5233.0,5235.0,5233.0,5237.0,5235.0,5237.0,5235.0,5
2016-04-29 18:50:00,2016-04-29 18:52:00,5232.0,5230.0,5232.0,5228.0,5233.0,5232.0,5235.0,5231.0,11
2016-04-29 18:52:00,2016-04-29 18:55:00,5233.0,5233.0,5234.0,5233.0,5235.0,5235.0,5236.0,5235.0,4
2016-04-29 18:55:00,2016-04-29 18:56:00,5233.0,5230.0,5233.0,5230.0,5235.0,5232.0,5234.0,5232.0,6
2016-04-29 18:56:00,2016-04-29 18:57:00,5230.0,5231.0,5231.0,5231.0,5232.0,5233.0,5233.0,5232.0,2
2016-04-29 18:57:00,2016-04-29 18:58:00,5231.0,5232.0,5232.0,5232.0,5233.0,5234.0,5234.0,5233.0,6
2016-04-29 18:58:00,2016-04-29 18:59:00,5232.0,5231.0,5232.0,5230.0,5234.0,5233.0,5235.0,5231.0,10
2016-04-29 18:59:00,2016-04-29 19:00:00,5231.0,5233.0,5233.0,5229.0,5233.0,5235.0,5235.0,5232.0,8
2016-04-29 19:00:00,2016-04-29 19:01:00,5233.0,5235.0,5235.0,5234.0,5235.0,5237.0,5237.0,5235.0,8
2016-04-29 19:01:00,2016-04-29 19:02:00,5235.0,5232.0,5235.0,5231.0,5237.0,5234.0,5238.0,5234.0,19
2016-04-29 19:02:00,2016-04-29 19:04:00,5232.0,5231.0,5233.0,5231.0,5234.0,5233.0,5236.0,5233.0,6
2016-04-29 19:04:00,2016-04-29 19:05:00,5231.0,5233.0,5233.0,5231.0,5233.0,5234.0,5234.0,5232.0,13
2016-04-29 19:05:00,2016-04-29 19:06:00,5233.0,5235.0,5236.0,5233.0,5234.0,5237.0,5237.0,5235.0,13
2016-04-29 19:06:00,2016-04-29 19:07:00,5235.0,5236.0,5236.0,5236.0,5237.0,5238.0,5238.0,5237.0,6
2016-04-29 19:07:00,2016-04-29 19:08:00,5236.0,5236.0,5239.0,5236.0,5238.0,5237.0,5241.0,5237.0,13
2016-04-29 19:08:00,2016-04-29 19:09:00,5236.0,5235.0,5237.0,5235.0,5237.0,5237.0,5239.0,5237.0,11
2016-04-29 19:09:00,2016-04-29 19:10:00,5235.0,5235.0,5236.0,5234.0,5237.0,5237.0,5238.0,5235.0,10
2016-04-29 19:10:00,2016-04-29 19:11:00,5235.0,5238.0,5239.0,5234.0,5237.0,5240.0,5240.0,5236.0,16
2016-04-29 19:11:00,2016-04-29 19:12:00,5238.0,5239.0,5240.0,5238.0,5240.0,5241.0,5241.0,5239.0,20
2016-04-29 19:12:00,2016-04-29 19:14:00,5239.0,5239.0,5240.0,5239.0,5241.0,5241.0,5242.0,5240.0,8
2016-04-29 19:14:00,2016-04-29 19:15:00,5239.0,5241.0,5241.0,5237.0,5241.0,5243.0,5243.0,5241.0,8
2016-04-29 19:15:00,2016-04-29 19:16:00,5241.0,5240.0,5242.0,5240.0,5243.0,5242.0,5243.0,5241.0,8
2016-04-29 19:16:00,2016-04-29 19:17:00,5240.0,5239.0,5240.0,5238.0,5242.0,5241.0,5244.0,5241.0,6
2016-04-29 19:17:00,2016-04-29 19:18:00,5239.0,5240.0,5243.0,5240.0,5241.0,5242.0,5244.0,5241.0,16
2016-04-29 19:18:00,2016-04-29 19:19:00,5240.0,5241.0,5241.0,5240.0,5242.0,5242.0,5242.0,5241.0,3
2016-04-29 19:19:00,2016-04-29 19:20:00,5241.0,5239.0,5241.0,5239.0,5242.0,5241.0,5243.0,5240.0,27
2016-04-29 19:20:00,2016-04-29 19:21:00,5239.0,5239.0,5239.0,5238.0,5241.0,5241.0,5241.0,5239.0,16
2016-04-29 19:21:00,2016-04-29 19:22:00,5239.0,5241.0,5242.0,5240.0,5241.0,5243.0,5243.0,5241.0,12
2016-04-29 19:22:00,2016-04-29 19:23:00,5241.0,5240.0,5244.0,5240.0,5243.0,5242.0,5245.0,5241.0,20
2016-04-29 19:23:00,2016-04-29 19:25:00,5240.0,5240.0,5241.0,5239.0,5241.0,5242.0,5242.0,5240.0,11
2016-04-29 19:25:00,2016-04-29 19:26:00,5240.0,5239.0,5241.0,5239.0,5242.0,5241.0,5243.0,5240.0,12
2016-04-29 19:26:00,2016-04-29 19:27:00,5239.0,5240.0,5240.0,5238.0,5241.0,5241.0,5243.0,5239.0,12
2016-04-29 19:27:00,2016-04-29 19:28:00,5240.0,5237.0,5240.0,5237.0,5241.0,5239.0,5241.0,5239.0,7
2016-04-29 19:28:00,2016-04-29 19:29:00,5237.0,5237.0,5239.0,5237.0,5239.0,5239.0,5240.0,5238.0,22
2016-04-29 19:29:00,2016-04-29 19:30:00,5237.0,5241.0,5241.0,5236.0,5239.0,5242.0,5242.0,5238.0,32
2016-04-29 19:30:00,2016-04-29 19:32:00,5241.0,5248.0,5248.0,5241.0,5242.0,5249.0,5249.0,5243.0,30
2016-04-29 19:32:00,2016-04-29 19:33:00,5248.0,5245.0,5250.0,5245.0,5249.0,5246.0,5251.0,5246.0,26
2016-04-29 19:33:00,2016-04-29 19:34:00,5245.0,5247.0,5247.0,5245.0,5246.0,5249.0,5249.0,5247.0,15
2016-04-29 19:34:00,2016-04-29 19:35:00,5247.0,5247.0,5248.0,5246.0,5249.0,5248.0,5249.0,5247.0,9
2016-04-29 19:35:00,2016-04-29 19:36:00,5247.0,5245.0,5248.0,5244.0,5248.0,5247.0,5250.0,5246.0,15
2016-04-29 19:36:00,2016-04-29 19:37:00,5245.0,5246.0,5247.0,5245.0,5247.0,5248.0,5250.0,5246.0,15
2016-04-29 19:37:00,2016-04-29 19:38:00,5246.0,5247.0,5248.0,5245.0,5248.0,5248.0,5249.0,5247.0,13
2016-04-29 19:38:00,2016-04-29 19:39:00,5247.0,5246.0,5248.0,5245.0,5248.0,5247.0,5249.0,5246.0,12
2016-04-29 19:39:00,2016-04-29 19:40:00,5246.0,5248.0,5248.0,5245.0,5247.0,5249.0,5251.0,5247.0,18
2016-04-29 19:40:00,2016-04-29 19:41:00,5248.0,5248.0,5248.0,5246.0,5249.0,5249.0,5250.0,5248.0,14
2016-04-29 19:41:00,2016-04-29 19:42:00,5248.0,5248.0,5249.0,5247.0,5249.0,5250.0,5250.0,5248.0,19
2016-04-29 19:42:00,2016-04-29 19:43:00,5248.0,5248.0,5248.0,5245.0,5250.0,5249.0,5252.0,5247.0,17
2016-04-29 19:43:00,2016-04-29 19:44:00,5248.0,5249.0,5249.0,5247.0,5249.0,5251.0,5251.0,5248.0,15
2016-04-29 19:44:00,2016-04-29 19:45:00,5249.0,5255.0,5255.0,5247.0,5251.0,5256.0,5257.0,5251.0,54
2016-04-29 19:45:00,2016-04-29 19:46:00,5255.0,5256.0,5257.0,5254.0,5256.0,5257.0,5258.0,5255.0,36
2016-04-29 19:46:00,2016-04-29 19:47:00,5256.0,5253.0,5255.0,5252.0,5257.0,5255.0,5257.0,5253.0,19
2016-04-29 19:47:00,2016-04-29 19:48:00,5253.0,5250.0,5254.0,5249.0,5255.0,5251.0,5255.0,5251.0,27
2016-04-29 19:48:00,2016-04-29 19:49:00,5250.0,5249.0,5250.0,5248.0,5251.0,5250.0,5251.0,5249.0,24
2016-04-29 19:49:00,2016-04-29 19:50:00,5249.0,5250.0,5251.0,5248.0,5250.0,5251.0,5252.0,5249.0,52
2016-04-29 19:50:00,2016-04-29 19:51:00,5250.0,5250.0,5250.0,5246.0,5251.0,5251.0,5252.0,5249.0,25
2016-04-29 19:51:00,2016-04-29 19:52:00,5250.0,5248.0,5250.0,5248.0,5251.0,5249.0,5251.0,5249.0,18
2016-04-29 19:52:00,2016-04-29 19:53:00,5248.0,5246.0,5248.0,5245.0,5249.0,5248.0,5250.0,5247.0,28
2016-04-29 19:53:00,2016-04-29 19:54:00,5246.0,5250.0,5250.0,5246.0,5248.0,5252.0,5252.0,5248.0,20
2016-04-29 19:54:00,2016-04-29 19:55:00,5250.0,5249.0,5251.0,5247.0,5252.0,5250.0,5252.0,5249.0,21
2016-04-29 19:55:00,2016-04-29 19:56:00,5249.0,5248.0,5249.0,5246.0,5250.0,5249.0,5250.0,5247.0,34
2016-04-29 19:56:00,2016-04-29 19:57:00,5248.0,5245.0,5248.0,5245.0,5249.0,5247.0,5249.0,5247.0,25
2016-04-29 19:57:00,2016-04-29 19:58:00,5245.0,5245.0,5246.0,5244.0,5247.0,5246.0,5247.0,5246.0,9
2016-04-29 19:58:00,2016-04-29 19:59:00,5245.0,5245.0,5248.0,5243.0,5246.0,5251.0,5251.0,5246.0,48
2016-04-29 19:59:00,2016-04-29 20:00:00,5245.0,5250.0,5251.0,5247.0,5251.0,5251.0,5253.0,5249.0,22
2016-04-29 20:00:00,2016-04-29 20:02:00,5251.0,5253.0,5254.0,5250.0,5252.0,5255.0,5256.0,5253.0,19
2016-04-29 20:02:00,2016-04-29 20:03:00,5253.0,5252.0,5252.0,5252.0,5255.0,5254.0,5255.0,5253.0,5
2016-04-29 20:03:00,2016-04-29 20:04:00,5252.0,5249.0,5252.0,5249.0,5254.0,5251.0,5253.0,5251.0,10
2016-04-29 20:04:00,2016-04-29 20:05:00,5249.0,5248.0,5249.0,5246.0,5251.0,5251.0,5251.0,5250.0,20
2016-04-29 20:05:00,2016-04-29 20:06:00,5248.0,5245.0,5249.0,5245.0,5251.0,5248.0,5253.0,5248.0,16
2016-04-29 20:06:00,2016-04-29 20:07:00,5245.0,5245.0,5245.0,5245.0,5248.0,5248.0,5249.0,5248.0,4
2016-04-29 20:07:00,2016-04-29 20:08:00,5245.0,5245.0,5246.0,5244.0,5248.0,5248.0,5250.0,5247.0,14
2016-04-29 20:08:00,2016-04-29 20:09:00,5245.0,5245.0,5245.0,5245.0,5248.0,5249.0,5249.0,5248.0,7
2016-04-29 20:09:00,2016-04-29 20:10:00,5245.0,5246.0,5246.0,5243.0,5249.0,5248.0,5251.0,5248.0,6
2016-04-29 20:10:00,2016-04-29 20:14:00,5246.0,5251.0,5251.0,5246.0,5248.0,5253.0,5253.0,5248.0,16
2016-04-29 20:14:00,2016-04-29 20:15:00,5251.0,5249.0,5251.0,5249.0,5253.0,5253.0,5253.0,5252.0,4
2016-04-29 20:15:00,2016-04-29 20:16:00,5249.0,5249.0,5249.0,5249.0,5253.0,5254.0,5254.0,5254.0,1
2016-04-29 20:16:00,2016-04-29 20:18:00,5249.0,5247.0,5248.0,5247.0,5254.0,5256.0,5256.0,5255.0,2
2016-04-29 20:18:00,2016-04-29 20:25:00,5247.0,5250.5,5250.5,5250.5,5256.0,5252.5,5252.5,5252.5,1
2016-04-29 20:25:00,2016-04-29 20:26:00,5250.5,5250.0,5250.0,5250.0,5252.5,5252.0,5252.0,5252.0,1
2016-04-29 20:26:00,2016-04-29 20:27:00,5250.0,5249.0,5250.0,5249.0,5252.0,5251.0,5252.0,5251.0,6
2016-04-29 20:27:00,2016-04-29 20:28:00,5249.0,5249.0,5249.0,5248.5,5251.0,5251.0,5251.0,5250.5,2
2016-04-29 20:28:00,2016-04-29 20:29:00,5249.0,5247.5,5248.5,5247.5,5251.0,5249.5,5250.5,5249.5,2
2016-04-29 20:29:00,2016-04-29 20:30:00,5247.5,5249.5,5249.5,5248.5,5249.5,5251.5,5251.5,5250.5,2
2016-04-29 20:30:00,2016-04-29 20:35:00,5249.5,5249.0,5249.0,5249.0,5251.5,5251.0,5251.0,5251.0,1
2016-04-29 20:35:00,2016-04-29 20:38:00,5249.0,5249.0,5249.5,5249.0,5251.0,5251.0,5251.5,5251.0,2
2016-04-29 20:38:00,2016-04-29 20:39:00,5249.0,5249.5,5249.5,5249.5,5251.0,5251.5,5251.5,5251.5,1
2016-04-29 20:39:00,2016-04-29 20:40:00,5249.5,5248.5,5249.0,5248.0,5251.5,5250.5,5251.0,5250.5,3
2016-04-29 20:40:00,2016-04-29 20:41:00,5248.5,5248.0,5248.0,5248.0,5250.5,5251.0,5253.0,5250.0,3
2016-04-29 20:41:00,2016-04-29 20:43:00,5248.0,5249.0,5249.0,5248.5,5251.0,5251.0,5252.0,5250.5,4
2016-04-29 20:43:00,2016-05-01 23:50:00,5249.0,5229.0,5233.0,5225.0,5251.0,5232.0,5234.0,5226.0,154
2016-05-01 23:50:00,2016-05-01 23:51:00,5229.0,5227.0,5228.0,5227.0,5232.0,5230.0,5231.0,5230.0,2
2016-05-01 23:51:00,2016-05-01 23:52:00,5227.0,5228.0,5229.0,5226.0,5230.0,5231.0,5232.0,5229.0,25
2016-05-01 23:52:00,2016-05-01 23:53:00,5228.0,5233.0,5233.0,5229.0,5231.0,5236.0,5236.0,5231.0,30
2016-05-01 23:53:00,2016-05-01 23:54:00,5233.0,5232.0,5235.0,5231.0,5236.0,5235.0,5238.0,5234.0,66
2016-05-01 23:54:00,2016-05-01 23:55:00,5232.0,5231.0,5233.0,5230.0,5235.0,5234.0,5236.0,5233.0,20
2016-05-01 23:55:00,2016-05-01 23:56:00,5231.0,5227.0,5231.0,5226.0,5234.0,5230.0,5234.0,5229.0,22
2016-05-01 23:56:00,2016-05-01 23:57:00,5227.0,5228.0,5228.0,5226.0,5230.0,5231.0,5231.0,5229.0,12
2016-05-01 23:57:00,2016-05-01 23:58:00,5228.0,5225.0,5228.0,5224.0,5231.0,5228.0,5231.0,5227.0,22
2016-05-01 23:58:00,2016-05-01 23:59:00,5225.0,5225.0,5226.0,5224.0,5228.0,5228.0,5229.0,5227.0,25
2016-05-01 23:59:00,2016-05-02 00:00:00,5225.0,5227.0,5229.0,5225.0,5228.0,5231.0,5232.0,5228.0,48
2016-05-02 00:00:00,2016-05-02 00:05:00,5227.0,5218.0,5220.0,5218.0,5231.0,5220.0,5221.5,5219.5,20
2016-05-02 00:05:00,2016-05-02 00:06:00,5218.0,5225.0,5225.0,5217.0,5220.0,5226.5,5227.0,5218.5,100
2016-05-02 00:06:00,2016-05-02 00:07:00,5225.0,5225.5,5227.0,5221.0,5226.5,5227.5,5228.0,5222.5,116
2016-05-02 00:07:00,2016-05-02 00:08:00,5225.5,5228.0,5230.0,5226.0,5227.5,5230.0,5231.5,5227.5,41
2016-05-02 00:08:00,2016-05-02 00:09:00,5228.0,5234.0,5234.0,5228.0,5230.0,5235.0,5235.0,5229.5,110
2016-05-02 00:09:00,2016-05-02 00:10:00,5234.0,5235.0,5236.0,5232.0,5235.0,5236.0,5237.0,5233.0,172
2016-05-02 00:10:00,2016-05-02 00:11:00,5235.0,5229.0,5234.5,5228.0,5236.0,5230.5,5236.0,5229.5,45
2016-05-02 00:11:00,2016-05-02 00:12:00,5229.0,5229.0,5229.0,5226.0,5230.5,5230.0,5230.5,5227.5,56
2016-05-02 00:12:00,2016-05-02 00:13:00,5229.0,5217.0,5228.0,5216.0,5230.0,5217.5,5230.0,5217.5,78
2016-05-02 00:13:00,2016-05-02 00:14:00,5217.0,5212.0,5217.0,5210.5,5217.5,5213.0,5218.5,5212.0,64
2016-05-02 00:14:00,2016-05-02 00:15:00,5212.0,5204.5,5213.0,5203.5,5213.0,5206.0,5214.0,5205.0,51
2016-05-02 00:15:00,2016-05-02 00:16:00,5204.5,5210.0,5211.0,5204.5,5206.0,5211.0,5212.0,5206.0,90
2016-05-02 00:16:00,2016-05-02 00:17:00,5210.0,5210.0,5210.0,5208.0,5211.0,5211.5,5211.5,5209.0,47
2016-05-02 00:17:00,2016-05-02 00:18:00,5210.0,5209.0,5214.0,5207.0,5211.5,5210.0,5215.0,5208.0,58
2016-05-02 00:18:00,2016-05-02 00:19:00,5209.0,5206.5,5210.5,5206.5,5210.0,5208.0,5212.0,5208.0,73
2016-05-02 00:19:00,2016-05-02 00:20:00,5206.5,5205.0,5207.5,5202.5,5208.0,5206.0,5209.0,5204.0,57
2016-05-02 00:20:00,2016-05-02 00:21:00,5205.0,5202.5,5205.0,5201.0,5206.0,5204.0,5206.0,5202.0,89
2016-05-02 00:21:00,2016-05-02 00:22:00,5202.5,5203.0,5203.0,5200.0,5204.0,5204.5,5204.5,5201.0,48
2016-05-02 00:22:00,2016-05-02 00:23:00,5203.0,5205.0,5205.0,5201.0,5204.5,5206.5,5206.5,5202.0,78
2016-05-02 00:23:00,2016-05-02 00:24:00,5205.0,5208.0,5210.0,5206.0,5206.5,5210.0,5212.0,5206.5,59
2016-05-02 00:24:00,2016-05-02 00:25:00,5208.0,5206.0,5209.0,5204.0,5210.0,5207.5,5211.0,5205.5,42
2016-05-02 00:25:00,2016-05-02 00:26:00,5206.0,5209.0,5210.0,5204.0,5207.5,5210.5,5211.5,5205.5,56
2016-05-02 00:26:00,2016-05-02 00:27:00,5209.0,5207.0,5209.0,5205.5,5210.5,5208.5,5210.5,5207.0,43
2016-05-02 00:27:00,2016-05-02 00:28:00,5207.0,5210.0,5211.0,5208.0,5208.5,5211.0,5212.0,5208.5,31
2016-05-02 00:28:00,2016-05-02 00:29:00,5210.0,5213.0,5213.0,5209.5,5211.0,5214.0,5214.0,5211.0,57
2016-05-02 00:29:00,2016-05-02 00:30:00,5213.0,5210.5,5212.5,5210.5,5214.0,5212.0,5214.0,5212.0,45
2016-05-02 00:30:00,2016-05-02 00:31:00,5210.5,5208.5,5210.5,5208.5,5212.0,5210.0,5212.0,5210.0,20
2016-05-02 00:31:00,2016-05-02 00:32:00,5208.5,5207.0,5209.0,5206.0,5210.0,5209.0,5210.0,5207.0,69
2016-05-02 00:32:00,2016-05-02 00:33:00,5207.0,5205.0,5209.0,5203.0,5209.0,5205.5,5209.5,5204.0,83
2016-05-02 00:33:00,2016-05-02 00:34:00,5205.0,5201.0,5206.0,5201.0,5205.5,5202.0,5207.0,5202.0,49
2016-05-02 00:34:00,2016-05-02 00:35:00,5201.0,5200.0,5204.0,5199.0,5202.0,5201.0,5205.0,5200.0,95
2016-05-02 00:35:00,2016-05-02 00:36:00,5200.0,5198.0,5201.0,5196.0,5201.0,5199.5,5202.0,5197.5,77
2016-05-02 00:36:00,2016-05-02 00:37:00,5198.0,5200.0,5201.0,5198.0,5199.5,5201.5,5202.5,5199.5,58
2016-05-02 00:37:00,2016-05-02 00:38:00,5200.0,5201.0,5202.0,5198.0,5201.5,5202.5,5203.5,5199.5,47
2016-05-02 00:38:00,2016-05-02 00:39:00,5201.0,5202.0,5202.0,5200.0,5202.5,5203.5,5203.5,5201.5,49
2016-05-02 00:39:00,2016-05-02 00:40:00,5202.0,5203.0,5204.0,5202.0,5203.5,5205.0,5205.5,5203.5,36
2016-05-02 00:40:00,2016-05-02 00:41:00,5203.0,5203.0,5203.0,5201.0,5205.0,5204.5,5204.5,5202.5,65
2016-05-02 00:41:00,2016-05-02 00:42:00,5203.0,5199.0,5203.0,5198.0,5204.5,5200.5,5204.5,5199.5,62
2016-05-02 00:42:00,2016-05-02 00:43:00,5199.0,5201.0,5201.0,5199.0,5200.5,5202.5,5202.5,5200.5,26
2016-05-02 00:43:00,2016-05-02 00:44:00,5201.0,5199.0,5202.0,5199.0,5202.5,5200.5,5203.5,5200.5,30
2016-05-02 00:44:00,2016-05-02 00:45:00,5199.0,5191.5,5199.0,5191.5,5200.5,5193.0,5199.5,5193.0,55
2016-05-02 00:45:00,2016-05-02 00:46:00,5191.5,5192.5,5193.5,5190.5,5193.0,5194.0,5195.0,5192.0,74
2016-05-02 00:46:00,2016-05-02 00:47:00,5192.5,5191.5,5193.5,5190.5,5194.0,5193.0,5194.5,5192.0,44
2016-05-02 00:47:00,2016-05-02 00:48:00,5191.5,5186.5,5192.5,5185.5,5193.0,5188.0,5194.0,5187.0,52
2016-05-02 00:48:00,2016-05-02 00:49:00,5186.5,5182.5,5187.5,5182.5,5188.0,5184.0,5189.0,5184.0,39
2016-05-02 00:49:00,2016-05-02 00:50:00,5182.5,5180.5,5182.5,5179.0,5184.0,5182.0,5183.0,5180.0,39
2016-05-02 00:50:00,2016-05-02 00:51:00,5180.5,5183.0,5184.0,5180.5,5182.0,5184.0,5185.0,5182.5,38
2016-05-02 00:51:00,2016-05-02 00:52:00,5183.0,5186.0,5186.0,5183.0,5184.0,5187.0,5187.0,5184.5,27
2016-05-02 00:52:00,2016-05-02 00:53:00,5186.0,5187.0,5188.0,5185.5,5187.0,5188.0,5189.0,5187.0,25
2016-05-02 00:53:00,2016-05-02 00:54:00,5187.0,5187.5,5187.5,5185.5,5188.0,5189.0,5189.5,5187.0,20
2016-05-02 00:54:00,2016-05-02 00:55:00,5187.5,5184.0,5188.5,5182.5,5189.0,5185.0,5190.0,5184.0,35
2016-05-02 00:55:00,2016-05-02 00:56:00,5184.0,5182.0,5184.0,5182.0,5185.0,5183.0,5185.0,5183.0,22
2016-05-02 00:56:00,2016-05-02 00:57:00,5182.0,5184.0,5184.0,5182.0,5183.0,5185.0,5185.0,5183.5,35
2016-05-02 00:57:00,2016-05-02 00:58:00,5184.0,5185.0,5186.0,5184.0,5185.0,5186.0,5187.0,5185.5,9
2016-05-02 00:58:00,2016-05-02 00:59:00,5185.0,5184.0,5184.5,5183.0,5186.0,5186.0,5186.0,5184.0,37
2016-05-02 00:59:00,2016-05-02 01:00:00,5184.0,5187.5,5187.5,5183.5,5186.0,5189.0,5189.0,5185.0,39
2016-05-02 01:00:00,2016-05-02 01:01:00,5187.5,5187.5,5188.5,5185.5,5189.0,5189.0,5190.0,5187.0,40
2016-05-02 01:01:00,2016-05-02 01:02:00,5187.5,5186.5,5188.5,5185.0,5189.0,5188.0,5190.0,5186.0,21
2016-05-02 01:02:00,2016-05-02 01:03:00,5186.5,5190.5,5190.5,5186.5,5188.0,5192.0,5192.0,5188.0,24
2016-05-02 01:03:00,2016-05-02 01:04:00,5190.5,5185.5,5190.5,5185.5,5192.0,5187.0,5191.0,5187.0,24
2016-05-02 01:04:00,2016-05-02 01:05:00,5185.5,5184.5,5187.0,5183.5,5187.0,5186.0,5189.0,5185.0,39
2016-05-02 01:05:00,2016-05-02 01:06:00,5184.5,5186.0,5186.5,5184.5,5186.0,5188.0,5188.0,5186.5,13
2016-05-02 01:06:00,2016-05-02 01:07:00,5186.0,5186.0,5187.5,5185.5,5188.0,5188.0,5189.0,5187.0,28
2016-05-02 01:07:00,2016-05-02 01:08:00,5186.0,5184.5,5186.5,5184.5,5188.0,5186.0,5188.0,5186.0,30
2016-05-02 01:08:00,2016-05-02 01:09:00,5184.5,5185.5,5185.5,5184.5,5186.0,5187.0,5187.0,5186.0,19
2016-05-02 01:09:00,2016-05-02 01:10:00,5185.5,5183.5,5185.5,5182.5,5187.0,5185.0,5186.0,5184.0,16
2016-05-02 01:10:00,2016-05-02 01:11:00,5183.5,5182.5,5183.0,5182.5,5185.0,5184.0,5185.0,5184.0,3
2016-05-02 01:11:00,2016-05-02 01:12:00,5182.5,5184.0,5184.0,5181.5,5184.0,5185.0,5185.0,5183.0,17
2016-05-02 01:12:00,2016-05-02 01:13:00,5184.0,5181.0,5183.5,5181.0,5185.0,5182.0,5185.0,5182.0,15
2016-05-02 01:13:00,2016-05-02 01:14:00,5181.0,5186.0,5186.0,5181.0,5182.0,5187.0,5187.0,5182.0,52
2016-05-02 01:14:00,2016-05-02 01:15:00,5186.0,5185.0,5188.0,5184.0,5187.0,5186.0,5189.0,5185.0,39
2016-05-02 01:15:00,2016-05-02 01:16:00,5185.0,5186.0,5187.0,5185.0,5186.0,5187.0,5188.5,5186.0,34
2016-05-02 01:16:00,2016-05-02 01:17:00,5186.0,5186.0,5187.0,5186.0,5187.0,5187.0,5188.0,5187.0,8
2016-05-02 01:17:00,2016-05-02 01:18:00,5186.0,5186.0,5190.0,5185.0,5187.0,5187.0,5190.5,5186.0,46
2016-05-02 01:18:00,2016-05-02 01:19:00,5186.0,5187.0,5188.0,5185.0,5187.0,5188.0,5189.0,5186.0,51
2016-05-02 01:19:00,2016-05-02 01:20:00,5187.0,5188.0,5188.0,5187.0,5188.0,5189.0,5189.0,5188.0,7
2016-05-02 01:20:00,2016-05-02 01:21:00,5188.0,5187.0,5187.5,5187.0,5189.0,5188.0,5189.0,5188.0,3
2016-05-02 01:21:00,2016-05-02 01:22:00,5187.0,5186.0,5187.0,5185.0,5188.0,5187.0,5188.0,5186.0,29
2016-05-02 01:22:00,2016-05-02 01:23:00,5186.0,5186.0,5187.0,5186.0,5187.0,5187.0,5188.0,5187.0,15
2016-05-02 01:23:00,2016-05-02 01:24:00,5186.0,5186.0,5186.0,5183.0,5187.0,5187.0,5187.0,5184.0,54
2016-05-02 01:24:00,2016-05-02 01:25:00,5186.0,5189.0,5189.0,5186.0,5187.0,5190.0,5190.0,5187.5,9
2016-05-02 01:25:00,2016-05-02 01:26:00,5189.0,5190.0,5190.0,5188.0,5190.0,5191.0,5191.0,5189.0,15
2016-05-02 01:26:00,2016-05-02 01:27:00,5190.0,5190.0,5190.0,5188.0,5191.0,5191.0,5191.0,5189.0,22
2016-05-02 01:27:00,2016-05-02 01:28:00,5190.0,5192.0,5193.0,5190.0,5191.0,5193.0,5194.0,5191.0,43
2016-05-02 01:28:00,2016-05-02 01:29:00,5192.0,5194.0,5194.0,5191.0,5193.0,5195.0,5195.0,5192.0,28
2016-05-02 01:29:00,2016-05-02 01:30:00,5194.0,5197.0,5197.0,5193.0,5195.0,5198.0,5198.0,5194.0,42
2016-05-02 01:30:00,2016-05-02 01:31:00,5197.0,5196.0,5197.0,5196.0,5198.0,5197.5,5198.5,5197.5,3
2016-05-02 01:31:00,2016-05-02 01:32:00,5196.0,5196.0,5197.0,5196.0,5197.5,5197.5,5198.5,5197.5,4
2016-05-02 01:32:00,2016-05-02 01:33:00,5196.0,5192.5,5195.5,5191.0,5197.5,5194.0,5197.5,5192.5,42
2016-05-02 01:33:00,2016-05-02 01:34:00,5192.5,5189.0,5192.5,5189.0,5194.0,5190.5,5194.5,5190.0,43
2016-05-02 01:34:00,2016-05-02 01:35:00,5189.0,5190.0,5191.0,5188.0,5190.5,5191.0,5192.0,5189.0,62
2016-05-02 01:35:00,2016-05-02 01:36:00,5190.0,5189.0,5190.0,5189.0,5191.0,5190.0,5191.0,5190.0,16
2016-05-02 01:36:00,2016-05-02 01:37:00,5189.0,5187.0,5189.0,5186.0,5190.0,5188.0,5190.0,5188.0,33
2016-05-02 01:37:00,2016-05-02 01:38:00,5187.0,5188.0,5188.0,5186.5,5188.0,5189.0,5189.0,5188.0,21
2016-05-02 01:38:00,2016-05-02 01:39:00,5188.0,5191.0,5191.0,5188.5,5189.0,5192.0,5192.0,5189.0,25
2016-05-02 01:39:00,2016-05-02 01:40:00,5191.0,5188.0,5191.0,5187.0,5192.0,5189.0,5191.5,5188.0,43
2016-05-02 01:40:00,2016-05-02 01:41:00,5188.0,5188.0,5189.0,5187.0,5189.0,5189.0,5190.0,5189.0,21
2016-05-02 01:41:00,2016-05-02 01:42:00,5188.0,5188.0,5188.0,5187.0,5189.0,5189.0,5189.0,5189.0,3
2016-05-02 01:42:00,2016-05-02 01:44:00,5188.0,5188.0,5189.0,5187.5,5189.0,5189.0,5190.0,5188.0,10
2016-05-02 01:44:00,2016-05-02 01:46:00,5188.0,5187.0,5187.5,5185.0,5189.0,5188.0,5189.0,5186.0,27
2016-05-02 01:46:00,2016-05-02 01:47:00,5187.0,5187.0,5188.0,5186.0,5188.0,5188.0,5189.0,5187.0,39
2016-05-02 01:47:00,2016-05-02 01:49:00,5188.0,5187.0,5187.5,5186.0,5189.0,5188.0,5189.0,5187.0,9
2016-05-02 01:49:00,2016-05-02 01:50:00,5187.0,5190.0,5190.0,5187.0,5188.0,5191.0,5191.0,5188.0,35
2016-05-02 01:50:00,2016-05-02 01:51:00,5190.0,5193.0,5193.0,5189.0,5191.0,5194.0,5194.0,5190.0,49
2016-05-02 01:51:00,2016-05-02 01:52:00,5193.0,5195.0,5195.0,5193.0,5194.0,5196.0,5196.0,5194.0,8
2016-05-02 01:52:00,2016-05-02 01:53:00,5195.0,5194.0,5194.5,5194.0,5196.0,5195.0,5196.0,5195.0,3
2016-05-02 01:53:00,2016-05-02 01:54:00,5194.0,5197.0,5197.0,5192.5,5195.0,5198.0,5198.0,5194.0,31
2016-05-02 01:54:00,2016-05-02 01:55:00,5197.0,5196.0,5196.5,5196.0,5198.0,5197.0,5198.0,5197.0,3
2016-05-02 01:55:00,2016-05-02 01:56:00,5196.0,5196.0,5196.0,5195.5,5197.0,5197.0,5197.0,5197.0,2
2016-05-02 01:56:00,2016-05-02 01:57:00,5196.0,5195.5,5197.0,5195.0,5197.0,5197.5,5198.0,5196.0,26
2016-05-02 01:57:00,2016-05-02 01:58:00,5195.5,5193.0,5196.0,5193.0,5197.5,5194.0,5197.0,5194.0,22
2016-05-02 01:58:00,2016-05-02 01:59:00,5193.0,5193.0,5194.0,5193.0,5194.0,5194.0,5195.0,5194.0,6
2016-05-02 01:59:00,2016-05-02 02:00:00,5193.0,5197.0,5197.0,5193.5,5194.0,5198.0,5198.0,5194.0,26
2016-05-02 02:00:00,2016-05-02 02:01:00,5197.0,5198.0,5199.0,5196.5,5198.0,5199.0,5200.0,5198.0,13
2016-05-02 02:01:00,2016-05-02 02:02:00,5198.0,5200.0,5201.0,5198.0,5199.0,5201.0,5202.0,5199.0,18
2016-05-02 02:02:00,2016-05-02 02:03:00,5200.0,5200.0,5201.0,5200.0,5201.0,5201.0,5202.0,5201.0,18
2016-05-02 02:03:00,2016-05-02 02:04:00,5200.0,5201.0,5202.0,5200.0,5201.0,5202.0,5203.0,5201.5,9
2016-05-02 02:04:00,2016-05-02 02:05:00,5201.0,5203.0,5204.0,5201.0,5202.0,5204.0,5205.0,5202.0,25
2016-05-02 02:05:00,2016-05-02 02:06:00,5203.0,5204.0,5205.0,5203.0,5204.0,5205.0,5205.5,5204.0,19
2016-05-02 02:06:00,2016-05-02 02:07:00,5204.0,5203.0,5204.0,5203.0,5205.0,5204.0,5205.0,5204.0,25
2016-05-02 02:07:00,2016-05-02 02:08:00,5203.0,5205.0,5206.0,5203.0,5204.0,5206.0,5207.0,5204.5,29
2016-05-02 02:08:00,2016-05-02 02:09:00,5205.0,5206.0,5206.0,5205.0,5206.0,5207.0,5207.0,5206.5,3
2016-05-02 02:09:00,2016-05-02 02:10:00,5206.0,5209.0,5209.0,5206.0,5207.0,5210.0,5210.0,5207.0,28
2016-05-02 02:10:00,2016-05-02 02:11:00,5209.0,5207.5,5210.0,5206.5,5210.0,5209.0,5211.0,5208.0,37
2016-05-02 02:11:00,2016-05-02 02:12:00,5207.5,5209.0,5209.5,5207.5,5209.0,5211.0,5211.0,5209.5,11
2016-05-02 02:12:00,2016-05-02 02:13:00,5209.0,5207.5,5208.5,5207.5,5211.0,5209.0,5210.5,5209.0,6
2016-05-02 02:13:00,2016-05-02 02:14:00,5207.5,5209.5,5209.5,5207.5,5209.0,5211.0,5211.0,5209.0,21
2016-05-02 02:14:00,2016-05-02 02:17:00,5209.5,5206.5,5208.5,5205.5,5211.0,5208.0,5210.5,5207.0,17
2016-05-02 02:17:00,2016-05-02 02:18:00,5206.5,5206.0,5207.0,5206.0,5208.0,5207.0,5208.0,5207.0,14
2016-05-02 02:18:00,2016-05-02 02:19:00,5206.0,5205.5,5205.5,5205.5,5207.0,5207.0,5207.0,5207.0,1
2016-05-02 02:19:00,2016-05-02 02:20:00,5205.5,5205.0,5205.5,5204.5,5207.0,5207.0,5207.0,5206.0,12
2016-05-02 02:20:00,2016-05-02 02:21:00,5205.0,5205.5,5205.5,5204.5,5207.0,5207.0,5207.0,5206.0,4
2016-05-02 02:21:00,2016-05-02 02:22:00,5205.5,5208.0,5209.0,5206.0,5207.0,5209.0,5209.5,5207.0,11
2016-05-02 02:22:00,2016-05-02 02:23:00,5208.0,5206.0,5208.0,5206.0,5209.0,5207.0,5208.5,5207.0,18
2016-05-02 02:23:00,2016-05-02 02:25:00,5206.0,5209.0,5209.0,5206.0,5207.0,5210.0,5210.0,5207.0,25
2016-05-02 02:25:00,2016-05-02 02:27:00,5209.0,5211.0,5212.0,5209.0,5210.0,5212.0,5213.0,5210.5,12
2016-05-02 02:27:00,2016-05-02 02:28:00,5211.0,5214.0,5214.0,5211.0,5212.0,5215.0,5215.0,5212.5,13
2016-05-02 02:28:00,2016-05-02 02:29:00,5214.0,5213.5,5213.5,5213.5,5215.0,5215.0,5215.0,5215.0,1
2016-05-02 02:29:00,2016-05-02 02:30:00,5213.5,5214.5,5214.5,5213.5,5215.0,5216.0,5216.0,5215.0,11
2016-05-02 02:30:00,2016-05-02 02:31:00,5214.5,5213.5,5213.5,5212.5,5216.0,5215.0,5215.5,5214.0,7
2016-05-02 02:31:00,2016-05-02 02:32:00,5213.5,5212.5,5213.5,5212.5,5215.0,5214.0,5214.0,5214.0,2
2016-05-02 02:32:00,2016-05-02 02:34:00,5212.5,5210.0,5212.5,5209.5,5214.0,5212.0,5213.0,5211.0,21
2016-05-02 02:34:00,2016-05-02 02:35:00,5210.0,5209.5,5210.5,5209.5,5212.0,5211.0,5212.0,5211.0,5
2016-05-02 02:35:00,2016-05-02 02:36:00,5209.5,5209.0,5209.0,5208.5,5211.0,5210.0,5210.5,5210.0,3
2016-05-02 02:36:00,2016-05-02 02:37:00,5209.0,5201.0,5208.5,5201.0,5210.0,5202.0,5210.0,5202.0,31
2016-05-02 02:37:00,2016-05-02 02:38:00,5201.0,5196.0,5201.0,5196.0,5202.0,5197.0,5202.0,5197.0,30
2016-05-02 02:38:00,2016-05-02 02:39:00,5196.0,5197.0,5197.0,5196.5,5197.0,5198.0,5198.0,5197.0,3
2016-05-02 02:39:00,2016-05-02 02:43:00,5197.0,5197.0,5197.0,5196.0,5198.0,5198.0,5198.0,5197.0,8
2016-05-02 02:43:00,2016-05-02 02:44:00,5197.0,5200.0,5200.0,5197.0,5198.0,5201.0,5201.0,5198.5,28
2016-05-02 02:44:00,2016-05-02 02:45:00,5200.0,5203.0,5203.0,5200.0,5201.0,5204.0,5204.0,5201.5,11
2016-05-02 02:45:00,2016-05-02 02:46:00,5203.0,5204.0,5204.0,5203.0,5204.0,5205.5,5206.0,5204.5,7
2016-05-02 02:46:00,2016-05-02 02:47:00,5204.0,5209.0,5209.0,5204.0,5205.5,5210.0,5211.0,5206.0,32
2016-05-02 02:47:00,2016-05-02 02:48:00,5209.0,5210.0,5210.0,5209.0,5210.0,5211.0,5211.0,5210.0,8
2016-05-02 02:48:00,2016-05-02 02:51:00,5210.0,5210.0,5210.0,5208.0,5211.0,5211.0,5211.0,5209.0,24
2016-05-02 02:51:00,2016-05-02 02:53:00,5210.0,5211.0,5211.0,5210.0,5211.0,5212.0,5212.0,5211.5,10
2016-05-02 02:53:00,2016-05-02 02:54:00,5211.0,5208.0,5210.5,5208.0,5212.0,5209.0,5212.0,5209.0,47
2016-05-02 02:54:00,2016-05-02 02:55:00,5208.0,5209.0,5210.0,5208.0,5209.0,5210.0,5211.0,5209.5,32
2016-05-02 02:55:00,2016-05-02 02:58:00,5210.0,5211.0,5211.0,5210.0,5211.0,5212.0,5212.0,5211.5,3
2016-05-02 02:58:00,2016-05-02 02:59:00,5211.0,5212.0,5212.0,5211.0,5212.0,5213.0,5213.0,5212.5,3
2016-05-02 02:59:00,2016-05-02 03:00:00,5212.0,5212.0,5214.0,5212.0,5213.0,5213.0,5215.0,5213.0,22
2016-05-02 03:00:00,2016-05-02 03:01:00,5212.0,5212.0,5213.0,5211.0,5213.0,5213.0,5214.0,5212.0,21
2016-05-02 03:01:00,2016-05-02 03:02:00,5212.0,5215.0,5215.0,5211.0,5213.0,5216.0,5216.0,5212.0,19
2016-05-02 03:02:00,2016-05-02 03:04:00,5215.0,5216.5,5217.0,5215.0,5216.0,5218.0,5218.0,5216.5,12
2016-05-02 03:04:00,2016-05-02 03:05:00,5216.5,5216.5,5216.5,5215.5,5218.0,5218.0,5218.0,5217.0,14
2016-05-02 03:05:00,2016-05-02 03:06:00,5216.5,5218.0,5219.5,5216.5,5218.0,5219.0,5221.0,5218.0,34
2016-05-02 03:06:00,2016-05-02 03:07:00,5218.0,5217.5,5217.5,5215.5,5219.0,5219.0,5219.0,5217.0,16
2016-05-02 03:07:00,2016-05-02 03:08:00,5217.5,5219.5,5219.5,5217.5,5219.0,5221.0,5221.0,5219.5,10
2016-05-02 03:08:00,2016-05-02 03:09:00,5219.5,5220.5,5220.5,5219.5,5221.0,5222.0,5222.0,5221.5,7
2016-05-02 03:09:00,2016-05-02 03:10:00,5220.5,5219.5,5220.5,5218.5,5222.0,5220.0,5221.5,5220.0,19
2016-05-02 03:10:00,2016-05-02 03:11:00,5219.5,5219.5,5219.5,5219.5,5220.0,5220.0,5221.0,5220.0,8
2016-05-02 03:11:00,2016-05-02 03:12:00,5219.5,5219.5,5219.5,5219.5,5220.0,5221.0,5221.0,5221.0,1
2016-05-02 03:12:00,2016-05-02 03:13:00,5219.5,5217.0,5218.0,5216.0,5221.0,5220.0,5221.0,5219.0,6
2016-05-02 03:13:00,2016-05-02 03:14:00,5217.0,5218.0,5218.0,5217.0,5220.0,5221.0,5221.0,5220.0,9
2016-05-02 03:14:00,2016-05-02 03:15:00,5218.0,5218.0,5219.0,5217.0,5221.0,5221.0,5222.0,5220.0,6
2016-05-02 03:15:00,2016-05-02 03:16:00,5218.0,5218.0,5219.0,5218.0,5221.0,5221.0,5222.0,5221.0,9
2016-05-02 03:16:00,2016-05-02 03:17:00,5218.0,5220.0,5220.0,5217.0,5221.0,5221.0,5221.0,5219.0,9
2016-05-02 03:17:00,2016-05-02 03:20:00,5219.0,5219.0,5221.0,5219.0,5220.0,5222.0,5222.0,5221.0,14
2016-05-02 03:20:00,2016-05-02 03:21:00,5219.0,5222.0,5222.0,5220.0,5222.0,5223.0,5223.0,5222.0,9
2016-05-02 03:21:00,2016-05-02 03:23:00,5222.0,5226.0,5226.0,5222.0,5223.0,5227.0,5227.0,5224.0,14
2016-05-02 03:23:00,2016-05-02 03:24:00,5226.0,5228.0,5228.0,5226.0,5227.0,5231.0,5231.0,5228.0,15
2016-05-02 03:24:00,2016-05-02 03:25:00,5228.0,5231.0,5231.0,5228.0,5231.0,5234.0,5234.0,5231.0,18
2016-05-02 03:25:00,2016-05-02 03:26:00,5231.0,5230.0,5232.0,5230.0,5234.0,5231.0,5235.0,5231.0,12
2016-05-02 03:26:00,2016-05-02 03:27:00,5230.0,5231.0,5231.0,5229.0,5231.0,5232.0,5232.0,5230.0,6
2016-05-02 03:27:00,2016-05-02 03:28:00,5231.0,5230.0,5230.0,5229.0,5232.0,5231.0,5232.0,5230.0,16
2016-05-02 03:28:00,2016-05-02 03:30:00,5229.0,5233.0,5234.0,5229.0,5230.0,5234.0,5235.0,5230.0,48
2016-05-02 03:30:00,2016-05-02 03:31:00,5233.0,5234.0,5235.0,5233.0,5234.0,5236.0,5236.0,5234.0,25
2016-05-02 03:31:00,2016-05-02 03:32:00,5234.0,5233.0,5235.0,5233.0,5236.0,5236.0,5238.0,5235.0,35
2016-05-02 03:32:00,2016-05-02 03:33:00,5233.0,5233.0,5234.0,5233.0,5236.0,5236.0,5237.0,5236.0,6
2016-05-02 03:33:00,2016-05-02 03:34:00,5233.0,5231.0,5233.0,5230.0,5236.0,5234.0,5236.0,5233.0,21
2016-05-02 03:34:00,2016-05-02 03:35:00,5231.0,5233.0,5233.0,5231.0,5234.0,5236.0,5236.0,5234.0,13
2016-05-02 03:35:00,2016-05-02 03:36:00,5233.0,5234.0,5234.0,5233.0,5236.0,5237.0,5237.0,5236.0,16
2016-05-02 03:36:00,2016-05-02 03:37:00,5234.0,5236.0,5236.0,5234.0,5237.0,5239.0,5239.0,5237.0,17
2016-05-02 03:37:00,2016-05-02 03:38:00,5236.0,5235.0,5238.0,5235.0,5239.0,5238.0,5241.0,5238.0,20
2016-05-02 03:38:00,2016-05-02 03:39:00,5235.0,5238.0,5239.0,5236.0,5238.0,5241.0,5242.0,5238.0,36
2016-05-02 03:39:00,2016-05-02 03:40:00,5238.0,5237.0,5237.0,5236.0,5241.0,5238.0,5240.0,5237.0,6
2016-05-02 03:40:00,2016-05-02 03:41:00,5237.0,5237.0,5238.0,5235.0,5238.0,5239.0,5239.0,5236.0,23
2016-05-02 03:41:00,2016-05-02 03:42:00,5237.0,5239.0,5240.0,5237.0,5239.0,5240.0,5241.0,5238.0,27
2016-05-02 03:42:00,2016-05-02 03:43:00,5239.0,5238.0,5240.0,5237.0,5240.0,5239.0,5241.0,5238.0,30
2016-05-02 03:43:00,2016-05-02 03:44:00,5238.0,5238.0,5239.0,5237.0,5239.0,5240.0,5240.0,5238.0,31
2016-05-02 03:44:00,2016-05-02 03:45:00,5238.0,5239.0,5241.0,5238.0,5240.0,5241.0,5242.0,5239.0,70
2016-05-02 03:45:00,2016-05-02 03:47:00,5238.0,5235.0,5237.0,5234.0,5239.0,5238.0,5239.0,5237.0,16
2016-05-02 03:47:00,2016-05-02 03:48:00,5235.0,5235.0,5235.0,5234.0,5238.0,5238.0,5238.0,5237.0,3
2016-05-02 03:48:00,2016-05-02 03:49:00,5235.0,5235.0,5235.0,5234.0,5238.0,5238.0,5238.0,5237.0,21
2016-05-02 03:49:00,2016-05-02 03:50:00,5235.0,5235.0,5235.0,5232.0,5238.0,5238.0,5238.0,5235.0,8
2016-05-02 03:50:00,2016-05-02 03:56:00,5235.0,5237.0,5237.5,5236.5,5238.0,5239.0,5239.0,5238.0,14
2016-05-02 03:56:00,2016-05-02 03:57:00,5237.0,5237.0,5237.0,5237.0,5239.0,5239.0,5239.0,5238.0,2
2016-05-02 03:57:00,2016-05-02 03:59:00,5237.0,5237.0,5237.0,5237.0,5238.0,5239.0,5239.0,5238.0,3
2016-05-02 03:59:00,2016-05-02 04:27:00,5237.0,5226.5,5226.5,5226.5,5239.0,5228.0,5228.0,5228.0,1
2016-05-02 04:27:00,2016-05-02 04:28:00,5226.5,5226.5,5227.5,5225.5,5228.0,5228.0,5229.0,5227.0,17
2016-05-02 04:28:00,2016-05-02 04:29:00,5226.5,5222.5,5226.5,5221.5,5228.0,5224.0,5228.0,5223.0,26
2016-05-02 04:29:00,2016-05-02 04:30:00,5222.5,5223.5,5224.5,5222.5,5224.0,5225.0,5226.5,5224.0,30
2016-05-02 04:30:00,2016-05-02 04:31:00,5223.5,5224.0,5225.0,5224.0,5225.0,5225.0,5226.0,5225.0,26
2016-05-02 04:31:00,2016-05-02 04:32:00,5224.0,5223.0,5225.0,5223.0,5225.0,5224.0,5226.0,5224.0,25
2016-05-02 04:32:00,2016-05-02 04:33:00,5223.0,5225.0,5225.0,5223.0,5224.0,5226.0,5226.0,5224.5,6
2016-05-02 04:33:00,2016-05-02 04:34:00,5225.0,5225.0,5226.0,5225.0,5226.0,5226.0,5226.5,5226.0,22
2016-05-02 04:34:00,2016-05-02 04:35:00,5225.0,5224.5,5225.0,5224.5,5226.0,5225.0,5226.0,5225.0,14
2016-05-02 04:35:00,2016-05-02 04:36:00,5224.5,5220.0,5224.5,5218.0,5225.0,5221.0,5226.0,5219.0,47
2016-05-02 04:36:00,2016-05-02 04:37:00,5220.0,5221.0,5224.0,5220.0,5221.0,5223.0,5225.0,5221.0,39
2016-05-02 04:37:00,2016-05-02 04:38:00,5221.0,5222.0,5223.0,5220.0,5223.0,5224.0,5225.0,5222.0,20
2016-05-02 04:38:00,2016-05-02 04:39:00,5222.0,5222.0,5224.0,5222.0,5224.0,5223.0,5225.0,5223.0,27
2016-05-02 04:39:00,2016-05-02 04:40:00,5222.0,5222.0,5223.0,5221.0,5223.0,5223.0,5224.0,5222.0,20
2016-05-02 04:40:00,2016-05-02 04:41:00,5222.0,5223.0,5224.0,5220.0,5223.0,5225.0,5225.0,5222.0,27
2016-05-02 04:41:00,2016-05-02 04:43:00,5223.0,5224.0,5224.0,5220.0,5224.0,5226.0,5226.0,5221.0,27
2016-05-02 04:43:00,2016-05-02 04:44:00,5224.0,5223.0,5224.0,5223.0,5226.0,5224.0,5225.0,5224.0,7
2016-05-02 04:44:00,2016-05-02 04:45:00,5223.0,5227.0,5227.0,5223.0,5224.0,5228.0,5228.0,5225.0,14
2016-05-02 04:45:00,2016-05-02 04:46:00,5227.0,5225.0,5226.0,5224.0,5228.0,5226.0,5228.0,5225.0,36
2016-05-02 04:46:00,2016-05-02 04:47:00,5225.0,5227.0,5227.0,5225.0,5226.0,5228.0,5228.0,5227.0,14
2016-05-02 04:47:00,2016-05-02 04:49:00,5228.0,5224.0,5229.0,5224.0,5229.0,5225.0,5230.0,5225.0,30
2016-05-02 04:49:00,2016-05-02 04:50:00,5224.0,5226.0,5226.0,5224.0,5225.0,5227.0,5227.0,5226.0,8
2016-05-02 04:50:00,2016-05-02 04:51:00,5226.0,5227.0,5227.0,5226.0,5227.0,5228.0,5229.0,5227.0,8
2016-05-02 04:51:00,2016-05-02 04:53:00,5228.0,5227.0,5228.0,5225.0,5229.0,5228.0,5230.0,5228.0,12
2016-05-02 04:53:00,2016-05-02 04:54:00,5227.0,5228.0,5228.0,5227.0,5228.0,5231.0,5231.0,5229.0,4
2016-05-02 04:54:00,2016-05-02 04:55:00,5228.0,5229.0,5230.0,5228.0,5231.0,5232.0,5233.0,5231.0,17
2016-05-02 04:55:00,2016-05-02 04:56:00,5229.0,5230.0,5230.0,5230.0,5232.0,5233.0,5233.0,5232.0,2
2016-05-02 04:56:00,2016-05-02 04:57:00,5230.0,5230.0,5230.0,5229.0,5233.0,5233.0,5233.0,5232.0,3
2016-05-02 04:57:00,2016-05-02 04:58:00,5230.0,5231.0,5231.0,5231.0,5233.0,5232.0,5234.0,5232.0,3
2016-05-02 04:58:00,2016-05-02 04:59:00,5231.0,5230.0,5231.0,5229.0,5232.0,5231.0,5232.0,5230.0,18
2016-05-02 04:59:00,2016-05-02 05:00:00,5230.0,5233.0,5233.0,5230.0,5231.0,5234.0,5234.0,5232.0,24
2016-05-02 05:00:00,2016-05-02 05:01:00,5233.0,5236.0,5236.0,5233.0,5234.0,5239.0,5239.0,5235.0,16
2016-05-02 05:01:00,2016-05-02 05:02:00,5236.0,5237.0,5237.0,5234.0,5239.0,5240.0,5240.0,5237.0,17
2016-05-02 05:02:00,2016-05-02 05:03:00,5237.0,5237.0,5237.0,5236.0,5240.0,5240.0,5240.0,5239.0,6
2016-05-02 05:03:00,2016-05-02 05:04:00,5237.0,5235.0,5237.0,5235.0,5240.0,5238.0,5240.0,5238.0,7
2016-05-02 05:04:00,2016-05-02 05:05:00,5235.0,5235.0,5236.0,5234.0,5238.0,5238.0,5239.0,5237.0,16
2016-05-02 05:05:00,2016-05-02 05:06:00,5235.0,5236.0,5236.0,5234.0,5238.0,5239.0,5239.0,5238.0,7
2016-05-02 05:06:00,2016-05-02 05:10:00,5236.0,5238.0,5240.0,5238.0,5239.0,5239.0,5242.0,5239.0,23
2016-05-02 05:10:00,2016-05-02 05:11:00,5238.0,5239.0,5239.0,5238.0,5239.0,5240.0,5240.0,5239.0,6
2016-05-02 05:11:00,2016-05-02 05:12:00,5239.0,5239.0,5240.0,5239.0,5240.0,5240.0,5241.0,5240.0,7
2016-05-02 05:12:00,2016-05-02 05:13:00,5239.0,5237.0,5239.0,5236.0,5240.0,5238.0,5240.0,5237.0,30
2016-05-02 05:13:00,2016-05-02 05:14:00,5237.0,5234.0,5236.5,5233.0,5238.0,5235.0,5238.0,5235.0,19
2016-05-02 05:14:00,2016-05-02 05:16:00,5234.0,5235.0,5235.0,5233.5,5235.0,5236.0,5236.0,5235.0,19
2016-05-02 05:16:00,2016-05-02 05:17:00,5235.0,5235.0,5237.0,5235.0,5236.0,5236.0,5238.0,5236.0,14
2016-05-02 05:17:00,2016-05-02 05:18:00,5235.0,5236.0,5237.0,5235.0,5236.0,5237.0,5238.5,5236.5,11
2016-05-02 05:18:00,2016-05-02 05:19:00,5236.0,5236.0,5237.0,5235.0,5237.0,5237.0,5238.0,5236.0,29
2016-05-02 05:19:00,2016-05-02 05:20:00,5236.0,5234.0,5237.0,5234.0,5237.0,5235.0,5238.0,5235.0,13
2016-05-02 05:20:00,2016-05-02 05:21:00,5234.0,5235.0,5235.0,5234.0,5235.0,5236.0,5237.0,5235.0,18
2016-05-02 05:21:00,2016-05-02 05:22:00,5235.0,5236.0,5236.0,5235.0,5236.0,5237.0,5237.0,5236.5,3
2016-05-02 05:22:00,2016-05-02 05:23:00,5236.0,5237.0,5237.0,5236.0,5237.0,5238.0,5238.0,5237.0,38
2016-05-02 05:23:00,2016-05-02 05:25:00,5235.0,5235.0,5236.0,5233.0,5237.0,5236.0,5237.0,5234.0,24
2016-05-02 05:25:00,2016-05-02 05:26:00,5235.0,5235.0,5235.0,5235.0,5236.0,5236.0,5237.0,5236.0,7
2016-05-02 05:26:00,2016-05-02 05:27:00,5235.0,5236.0,5237.0,5235.0,5236.0,5237.0,5238.0,5236.0,16
2016-05-02 05:27:00,2016-05-02 05:28:00,5236.0,5235.0,5237.0,5235.0,5237.0,5236.0,5237.5,5236.0,7
2016-05-02 05:28:00,2016-05-02 05:29:00,5235.0,5237.0,5237.0,5234.5,5236.0,5238.0,5238.0,5236.0,20
2016-05-02 05:29:00,2016-05-02 05:30:00,5237.0,5237.5,5239.0,5237.0,5238.0,5238.0,5239.5,5238.0,30
2016-05-02 05:30:00,2016-05-02 05:31:00,5237.5,5237.5,5238.0,5237.5,5238.0,5238.0,5239.5,5238.0,6
2016-05-02 05:31:00,2016-05-02 05:32:00,5237.5,5237.5,5237.5,5235.0,5238.0,5238.0,5239.0,5236.0,14
2016-05-02 05:32:00,2016-05-02 05:33:00,5237.5,5236.0,5237.0,5236.0,5238.0,5237.0,5238.0,5237.0,3
2016-05-02 05:33:00,2016-05-02 05:34:00,5236.0,5238.0,5239.0,5236.0,5237.0,5239.0,5240.0,5238.0,18
2016-05-02 05:34:00,2016-05-02 05:35:00,5238.0,5239.0,5239.0,5237.0,5239.0,5240.0,5240.0,5238.0,10
2016-05-02 05:35:00,2016-05-02 05:36:00,5239.0,5237.0,5240.0,5237.0,5240.0,5239.0,5241.0,5238.0,11
2016-05-02 05:36:00,2016-05-02 05:37:00,5237.0,5236.0,5238.0,5236.0,5239.0,5237.0,5239.0,5237.0,11
2016-05-02 05:37:00,2016-05-02 05:38:00,5236.0,5234.0,5235.0,5234.0,5237.0,5235.0,5237.0,5235.0,4
2016-05-02 05:38:00,2016-05-02 05:40:00,5236.0,5237.0,5237.0,5236.0,5237.0,5238.0,5238.0,5237.0,18
2016-05-02 05:40:00,2016-05-02 05:41:00,5237.0,5238.0,5239.0,5237.0,5238.0,5240.0,5240.0,5239.0,11
2016-05-02 05:41:00,2016-05-02 05:42:00,5238.0,5240.0,5240.0,5238.0,5240.0,5241.0,5241.0,5239.0,11
2016-05-02 05:42:00,2016-05-02 05:43:00,5240.0,5239.0,5241.0,5238.0,5241.0,5240.0,5243.0,5240.0,32
2016-05-02 05:43:00,2016-05-02 05:45:00,5239.0,5239.0,5240.0,5239.0,5240.0,5240.0,5241.0,5240.0,16
2016-05-02 05:45:00,2016-05-02 05:48:00,5239.0,5240.0,5240.0,5238.0,5240.0,5241.0,5241.0,5239.0,10
2016-05-02 05:48:00,2016-05-02 05:50:00,5240.0,5240.0,5241.0,5240.0,5241.0,5243.0,5244.0,5241.0,19
2016-05-02 05:50:00,2016-05-02 05:53:00,5240.0,5240.0,5240.0,5238.5,5243.0,5240.5,5241.5,5240.5,18
2016-05-02 05:53:00,2016-05-02 05:54:00,5240.0,5241.0,5241.0,5239.0,5240.5,5244.0,5244.0,5240.5,7
2016-05-02 05:54:00,2016-05-02 05:55:00,5241.0,5240.0,5240.0,5240.0,5244.0,5240.5,5240.5,5240.5,1
2016-05-02 05:55:00,2016-05-02 05:56:00,5240.0,5243.0,5243.0,5238.5,5240.5,5246.0,5246.0,5240.5,40
2016-05-02 05:56:00,2016-05-02 05:57:00,5243.0,5244.0,5245.0,5243.0,5246.0,5247.0,5248.0,5246.0,22
2016-05-02 05:57:00,2016-05-02 05:58:00,5244.0,5244.0,5245.0,5243.0,5247.0,5247.0,5248.0,5246.0,10
2016-05-02 05:58:00,2016-05-02 05:59:00,5244.0,5244.0,5244.0,5243.0,5247.0,5247.0,5247.0,5246.0,10
2016-05-02 05:59:00,2016-05-02 06:00:00,5244.0,5242.0,5244.0,5241.0,5247.0,5245.0,5247.0,5244.0,37
2016-05-02 06:00:00,2016-05-02 06:01:00,5242.0,5242.0,5244.0,5242.0,5245.0,5243.5,5247.0,5243.5,20
2016-05-02 06:01:00,2016-05-02 06:02:00,5242.0,5242.0,5242.0,5241.0,5243.5,5243.5,5243.5,5242.5,4
2016-05-02 06:02:00,2016-05-02 06:03:00,5242.0,5243.0,5243.0,5241.0,5243.5,5244.5,5244.5,5243.0,13
2016-05-02 06:03:00,2016-05-02 06:04:00,5243.0,5243.0,5243.0,5242.0,5244.5,5244.5,5244.5,5243.5,8
2016-05-02 06:04:00,2016-05-02 06:05:00,5243.0,5244.0,5244.0,5243.0,5244.5,5245.5,5245.5,5244.5,6
2016-05-02 06:05:00,2016-05-02 06:06:00,5244.0,5245.0,5246.0,5243.5,5245.5,5246.5,5247.5,5245.5,12
2016-05-02 06:06:00,2016-05-02 06:07:00,5245.0,5242.0,5244.5,5242.0,5246.5,5243.5,5246.5,5243.5,26
2016-05-02 06:07:00,2016-05-02 06:08:00,5242.0,5243.0,5244.0,5242.0,5243.5,5245.0,5247.0,5243.5,16
2016-05-02 06:08:00,2016-05-02 06:09:00,5243.0,5244.0,5246.0,5243.0,5245.0,5246.0,5247.5,5244.5,53
2016-05-02 06:09:00,2016-05-02 06:10:00,5244.0,5242.0,5244.0,5241.0,5246.0,5243.5,5245.5,5242.5,73
2016-05-02 06:10:00,2016-05-02 06:11:00,5242.0,5244.0,5246.0,5243.0,5243.5,5245.5,5247.5,5243.5,60
2016-05-02 06:11:00,2016-05-02 06:12:00,5244.0,5246.0,5246.0,5244.0,5245.5,5247.5,5247.5,5245.5,11
2016-05-02 06:12:00,2016-05-02 06:13:00,5246.0,5245.0,5245.5,5244.0,5247.5,5246.5,5247.5,5245.5,8
2016-05-02 06:13:00,2016-05-02 06:14:00,5245.0,5245.0,5246.0,5244.0,5246.5,5246.5,5247.5,5245.5,12
2016-05-02 06:14:00,2016-05-02 06:15:00,5245.0,5245.0,5246.0,5245.0,5246.5,5246.5,5247.5,5246.5,4
2016-05-02 06:15:00,2016-05-02 06:16:00,5245.0,5247.0,5247.0,5245.0,5246.5,5248.5,5248.5,5246.5,6
2016-05-02 06:16:00,2016-05-02 06:17:00,5247.0,5248.0,5249.0,5247.0,5248.5,5249.5,5249.5,5248.5,12
2016-05-02 06:17:00,2016-05-02 06:18:00,5248.0,5247.5,5250.0,5247.0,5249.5,5249.5,5251.5,5248.5,25
2016-05-02 06:18:00,2016-05-02 06:19:00,5247.5,5244.0,5248.0,5243.0,5249.5,5245.5,5249.5,5244.5,15
2016-05-02 06:19:00,2016-05-02 06:20:00,5244.0,5241.0,5244.0,5241.0,5245.5,5243.0,5245.5,5242.5,24
2016-05-02 06:20:00,2016-05-02 06:21:00,5241.0,5241.0,5242.0,5240.0,5243.0,5242.0,5243.5,5241.5,11
2016-05-02 06:21:00,2016-05-02 06:22:00,5241.0,5244.0,5246.0,5241.0,5242.0,5245.0,5247.0,5242.0,32
2016-05-02 06:22:00,2016-05-02 06:23:00,5244.0,5244.0,5244.0,5243.0,5245.0,5245.0,5245.0,5245.0,10
2016-05-02 06:23:00,2016-05-02 06:24:00,5244.0,5243.0,5245.0,5243.0,5245.0,5244.0,5246.0,5244.0,9
2016-05-02 06:24:00,2016-05-02 06:25:00,5243.0,5246.0,5246.0,5242.5,5244.0,5247.0,5247.0,5243.0,9
2016-05-02 06:25:00,2016-05-02 06:27:00,5246.0,5245.0,5246.0,5245.0,5247.0,5246.0,5247.0,5246.0,11
2016-05-02 06:27:00,2016-05-02 06:28:00,5245.0,5247.0,5247.0,5245.0,5246.0,5248.0,5248.0,5246.0,7
2016-05-02 06:28:00,2016-05-02 06:29:00,5247.0,5245.0,5248.0,5245.0,5248.0,5247.0,5249.0,5247.0,15
2016-05-02 06:29:00,2016-05-02 06:45:00,5245.0,5245.0,5245.0,5245.0,5247.0,5250.0,5250.0,5250.0,1
2016-05-02 06:45:00,2016-05-02 07:00:00,5245.0,5245.0,5245.0,5245.0,5250.0,5249.0,5249.0,5248.0,2
2016-05-02 07:00:00,2016-05-02 07:04:00,5245.0,5245.0,5248.0,5245.0,5249.0,5249.0,5250.0,5249.0,3
2016-05-02 07:04:00,2016-05-02 07:05:00,5245.0,5247.0,5247.0,5245.0,5249.0,5248.0,5249.0,5248.0,6
2016-05-02 07:05:00,2016-05-02 07:06:00,5247.0,5245.0,5247.0,5245.0,5248.0,5246.0,5247.5,5246.0,4
2016-05-02 07:06:00,2016-05-02 07:07:00,5245.0,5246.0,5246.0,5246.0,5246.0,5247.0,5247.0,5246.0,3
2016-05-02 07:07:00,2016-05-02 07:08:00,5246.0,5245.0,5245.0,5243.0,5247.0,5246.0,5247.0,5245.0,9
2016-05-02 07:08:00,2016-05-02 07:09:00,5245.0,5245.0,5245.0,5242.0,5246.0,5246.0,5246.0,5244.0,6
2016-05-02 07:09:00,2016-05-02 07:10:00,5245.0,5244.0,5244.0,5243.0,5246.0,5245.0,5246.0,5245.0,5
2016-05-02 07:10:00,2016-05-02 07:11:00,5244.0,5241.0,5243.5,5240.0,5245.0,5244.0,5245.0,5241.0,27
2016-05-02 07:11:00,2016-05-02 07:12:00,5241.0,5243.0,5244.0,5242.0,5244.0,5245.0,5245.0,5244.0,11
2016-05-02 07:12:00,2016-05-02 07:13:00,5243.0,5240.0,5243.0,5240.0,5245.0,5242.0,5245.0,5242.0,9
2016-05-02 07:13:00,2016-05-02 07:14:00,5240.0,5240.0,5240.0,5239.5,5242.0,5241.0,5241.5,5241.0,2
2016-05-02 07:14:00,2016-05-02 07:16:00,5240.0,5239.0,5240.0,5239.0,5241.0,5240.0,5240.5,5240.0,3
2016-05-02 07:16:00,2016-05-02 07:17:00,5239.0,5240.0,5240.0,5239.0,5240.0,5241.0,5241.0,5240.0,19
2016-05-02 07:17:00,2016-05-02 07:18:00,5240.0,5239.0,5239.5,5239.0,5241.0,5240.0,5241.0,5240.0,3
2016-05-02 07:18:00,2016-05-02 07:19:00,5239.0,5240.0,5240.0,5239.0,5240.0,5241.0,5241.0,5240.5,3
2016-05-02 07:19:00,2016-05-02 07:20:00,5240.0,5241.0,5241.0,5240.0,5241.0,5242.0,5242.0,5241.5,6
2016-05-02 07:20:00,2016-05-02 07:21:00,5241.0,5242.0,5243.0,5241.0,5242.0,5243.0,5244.0,5242.5,17
2016-05-02 07:21:00,2016-05-02 07:22:00,5242.0,5242.0,5242.0,5241.0,5243.0,5243.0,5243.0,5242.0,20
2016-05-02 07:22:00,2016-05-02 07:23:00,5242.0,5241.0,5241.0,5241.0,5243.0,5243.0,5243.0,5242.0,5
2016-05-02 07:23:00,2016-05-02 07:25:00,5241.0,5242.0,5242.0,5242.0,5243.0,5243.0,5243.0,5243.0,1
2016-05-02 07:25:00,2016-05-02 07:26:00,5242.0,5241.0,5241.5,5241.0,5243.0,5243.0,5243.0,5242.0,5
2016-05-02 07:26:00,2016-05-02 07:27:00,5241.0,5238.0,5241.0,5238.0,5243.0,5240.0,5242.5,5240.0,20
2016-05-02 07:27:00,2016-05-02 07:28:00,5238.0,5239.0,5239.0,5238.0,5240.0,5241.0,5241.0,5239.0,9
2016-05-02 07:28:00,2016-05-02 07:29:00,5239.0,5240.0,5240.0,5239.0,5241.0,5241.0,5241.0,5241.0,5
2016-05-02 07:29:00,2016-05-02 07:31:00,5238.0,5239.0,5239.0,5238.0,5240.0,5241.0,5241.0,5239.0,14
2016-05-02 07:31:00,2016-05-02 07:32:00,5239.0,5243.0,5244.0,5240.0,5241.0,5245.0,5245.0,5241.0,20
2016-05-02 07:32:00,2016-05-02 07:33:00,5243.0,5243.0,5243.0,5242.0,5245.0,5245.0,5245.0,5244.0,10
2016-05-02 07:33:00,2016-05-02 07:34:00,5243.0,5243.0,5244.0,5242.5,5245.0,5245.0,5245.0,5243.0,9
2016-05-02 07:34:00,2016-05-02 07:35:00,5243.0,5243.0,5244.0,5242.0,5245.0,5245.0,5245.0,5244.0,18
2016-05-02 07:35:00,2016-05-02 07:36:00,5243.0,5244.0,5244.0,5243.5,5245.0,5246.0,5246.0,5245.0,3
2016-05-02 07:36:00,2016-05-02 07:38:00,5245.0,5244.0,5244.5,5244.0,5246.0,5246.0,5246.0,5245.0,4
2016-05-02 07:38:00,2016-05-02 07:43:00,5244.0,5246.0,5246.0,5244.0,5246.0,5247.0,5247.0,5245.0,13
2016-05-02 07:43:00,2016-05-02 07:44:00,5246.0,5247.0,5247.0,5246.0,5247.0,5248.0,5248.0,5247.5,3
2016-05-02 07:44:00,2016-05-02 07:45:00,5247.0,5248.0,5248.0,5246.0,5248.0,5249.5,5249.5,5248.0,13
2016-05-02 07:45:00,2016-05-02 07:46:00,5248.0,5248.0,5248.0,5248.0,5249.5,5249.5,5250.0,5249.5,4
2016-05-02 07:46:00,2016-05-02 07:47:00,5248.0,5248.0,5249.0,5247.0,5249.5,5250.0,5250.5,5248.5,22
2016-05-02 07:47:00,2016-05-02 07:48:00,5248.0,5248.0,5249.0,5248.0,5250.0,5250.0,5250.5,5249.5,21
2016-05-02 07:48:00,2016-05-02 07:51:00,5248.0,5248.0,5249.0,5247.0,5250.0,5249.5,5250.5,5248.5,16
2016-05-02 07:51:00,2016-05-02 07:52:00,5248.0,5247.5,5247.5,5247.5,5249.5,5249.5,5249.5,5249.5,1
2016-05-02 07:52:00,2016-05-02 07:53:00,5247.5,5248.0,5248.0,5248.0,5249.5,5249.0,5249.5,5249.0,2
2016-05-02 07:53:00,2016-05-02 07:54:00,5248.0,5248.0,5248.0,5247.0,5249.0,5249.0,5249.0,5248.0,6
2016-05-02 07:54:00,2016-05-02 07:55:00,5248.0,5247.0,5248.0,5247.0,5249.0,5248.0,5249.0,5248.0,10
2016-05-02 07:55:00,2016-05-02 07:56:00,5247.0,5248.0,5249.0,5246.0,5248.0,5250.0,5250.0,5248.0,17
2016-05-02 07:56:00,2016-05-02 07:57:00,5248.0,5248.0,5249.0,5248.0,5250.0,5250.0,5250.0,5250.0,6
2016-05-02 07:57:00,2016-05-02 07:58:00,5248.0,5249.0,5249.0,5248.5,5250.0,5250.0,5251.0,5250.0,5
2016-05-02 07:58:00,2016-05-02 07:59:00,5249.0,5249.0,5249.0,5248.0,5250.0,5251.0,5251.0,5249.0,18
2016-05-02 07:59:00,2016-05-02 08:00:00,5249.0,5249.0,5251.0,5249.0,5251.0,5251.0,5252.0,5251.0,20
2016-05-02 08:00:00,2016-05-02 08:01:00,5249.0,5250.0,5251.0,5249.5,5251.0,5252.0,5252.0,5251.0,6
2016-05-02 08:01:00,2016-05-02 08:02:00,5250.0,5249.5,5251.0,5249.5,5252.0,5251.5,5252.0,5251.0,6
2016-05-02 08:02:00,2016-05-02 08:03:00,5249.5,5250.0,5250.0,5249.0,5251.5,5251.0,5251.0,5251.0,5
2016-05-02 08:03:00,2016-05-02 08:04:00,5250.0,5252.0,5252.0,5249.0,5251.0,5253.0,5253.0,5251.0,13
2016-05-02 08:04:00,2016-05-02 08:05:00,5252.0,5253.0,5253.0,5251.0,5253.0,5254.0,5254.0,5252.5,22
2016-05-02 08:05:00,2016-05-02 08:06:00,5253.0,5252.0,5253.0,5252.0,5254.0,5254.0,5254.0,5253.0,22
2016-05-02 08:06:00,2016-05-02 08:07:00,5252.0,5252.0,5253.0,5252.0,5254.0,5254.0,5254.0,5253.0,20
2016-05-02 08:07:00,2016-05-02 08:08:00,5252.0,5253.0,5253.0,5252.5,5254.0,5255.0,5255.0,5254.0,3
2016-05-02 08:08:00,2016-05-02 08:09:00,5253.0,5253.0,5253.0,5252.5,5255.0,5254.0,5254.5,5253.0,6
2016-05-02 08:09:00,2016-05-02 08:10:00,5253.0,5253.0,5253.0,5252.0,5254.0,5254.0,5254.0,5253.0,17
2016-05-02 08:10:00,2016-05-02 08:11:00,5253.0,5252.0,5253.0,5252.0,5254.0,5253.0,5254.0,5253.0,12
2016-05-02 08:11:00,2016-05-02 08:12:00,5252.0,5252.0,5253.0,5252.0,5253.0,5253.0,5254.0,5253.0,12
2016-05-02 08:12:00,2016-05-02 08:13:00,5252.0,5251.0,5251.0,5251.0,5253.0,5252.0,5253.0,5252.0,9
2016-05-02 08:13:00,2016-05-02 08:14:00,5251.0,5251.0,5251.0,5250.0,5252.0,5252.0,5252.0,5252.0,10
2016-05-02 08:14:00,2016-05-02 08:15:00,5251.0,5250.0,5251.0,5250.0,5252.0,5252.0,5252.0,5252.0,15
2016-05-02 08:15:00,2016-05-02 08:16:00,5250.0,5249.0,5251.0,5249.0,5252.0,5250.0,5252.0,5250.0,11
2016-05-02 08:16:00,2016-05-02 08:17:00,5249.0,5249.5,5250.0,5249.0,5250.0,5251.5,5251.5,5250.0,9
2016-05-02 08:17:00,2016-05-02 08:18:00,5249.5,5250.0,5250.0,5250.0,5251.5,5251.0,5252.0,5251.0,15
2016-05-02 08:18:00,2016-05-02 08:19:00,5250.0,5250.0,5250.0,5250.0,5251.0,5251.0,5252.0,5251.0,9
2016-05-02 08:19:00,2016-05-02 08:20:00,5250.0,5251.0,5251.0,5249.0,5251.0,5252.0,5252.0,5250.0,9
2016-05-02 08:20:00,2016-05-02 08:21:00,5251.0,5251.0,5251.0,5250.0,5252.0,5252.0,5252.0,5251.0,6
2016-05-02 08:21:00,2016-05-02 08:22:00,5251.0,5251.0,5251.0,5250.0,5252.0,5252.0,5253.0,5252.0,14
2016-05-02 08:22:00,2016-05-02 08:23:00,5251.0,5251.0,5251.0,5250.0,5252.0,5252.0,5253.0,5252.0,7
2016-05-02 08:23:00,2016-05-02 08:24:00,5251.0,5251.0,5251.0,5251.0,5252.0,5253.0,5253.0,5252.5,2
2016-05-02 08:24:00,2016-05-02 08:26:00,5251.0,5252.0,5252.0,5251.5,5253.0,5253.0,5253.0,5253.0,2
2016-05-02 08:26:00,2016-05-02 08:27:00,5252.0,5252.0,5253.0,5252.0,5253.0,5254.0,5254.0,5253.5,14
2016-05-02 08:27:00,2016-05-02 08:28:00,5252.0,5253.0,5253.0,5252.0,5254.0,5254.0,5254.0,5253.0,14
2016-05-02 08:28:00,2016-05-02 08:29:00,5253.0,5252.0,5252.5,5252.0,5254.0,5254.0,5254.0,5253.0,14
2016-05-02 08:29:00,2016-05-02 08:30:00,5252.0,5252.0,5253.0,5251.5,5254.0,5253.0,5254.0,5253.0,20
2016-05-02 08:30:00,2016-05-02 08:31:00,5252.0,5252.0,5252.0,5252.0,5253.0,5254.0,5254.0,5253.0,10
2016-05-02 08:31:00,2016-05-02 08:32:00,5252.0,5251.0,5252.0,5251.0,5254.0,5253.0,5253.5,5253.0,6
2016-05-02 08:32:00,2016-05-02 08:33:00,5251.0,5252.0,5252.0,5251.0,5253.0,5253.5,5253.5,5253.0,6
2016-05-02 08:33:00,2016-05-02 08:34:00,5252.0,5252.0,5252.0,5252.0,5253.5,5253.5,5254.0,5253.5,4
2016-05-02 08:34:00,2016-05-02 08:35:00,5252.0,5252.0,5253.0,5252.0,5253.5,5253.5,5254.5,5253.5,12
2016-05-02 08:35:00,2016-05-02 08:36:00,5252.0,5251.0,5252.0,5251.0,5253.5,5252.5,5253.5,5252.5,15
2016-05-02 08:36:00,2016-05-02 08:39:00,5251.0,5251.0,5251.0,5251.0,5252.5,5254.0,5254.0,5254.0,1
2016-05-02 08:39:00,2016-05-02 08:40:00,5251.0,5251.0,5252.0,5251.0,5254.0,5252.5,5253.5,5252.5,4
2016-05-02 08:40:00,2016-05-02 08:41:00,5251.0,5251.0,5251.0,5251.0,5252.5,5253.0,5253.0,5252.5,7
2016-05-02 08:41:00,2016-05-02 08:45:00,5251.0,5250.0,5251.0,5250.0,5253.0,5252.0,5254.0,5252.0,3
2016-05-02 08:45:00,2016-05-02 08:46:00,5250.0,5251.0,5251.0,5250.5,5252.0,5252.5,5252.5,5252.5,2
2016-05-02 08:46:00,2016-05-02 08:48:00,5251.0,5251.0,5252.0,5250.5,5252.5,5252.5,5253.5,5252.5,6
2016-05-02 08:48:00,2016-05-02 08:49:00,5251.0,5251.0,5251.0,5250.0,5252.5,5252.5,5252.5,5252.0,6
2016-05-02 08:49:00,2016-05-02 08:51:00,5251.0,5250.0,5251.0,5249.0,5252.5,5251.5,5252.0,5250.5,14
2016-05-02 08:51:00,2016-05-02 08:53:00,5250.0,5250.0,5250.0,5249.5,5251.5,5251.5,5251.5,5251.5,2
2016-05-02 08:53:00,2016-05-02 08:54:00,5250.0,5249.0,5249.5,5249.0,5251.5,5251.0,5251.5,5251.0,2
2016-05-02 08:54:00,2016-05-02 08:55:00,5249.0,5249.0,5249.0,5249.0,5251.0,5250.5,5250.5,5250.5,1
2016-05-02 08:55:00,2016-05-02 08:56:00,5249.0,5247.0,5249.0,5247.0,5250.5,5248.5,5250.5,5248.5,10
2016-05-02 08:56:00,2016-05-02 08:59:00,5247.0,5246.0,5247.0,5246.0,5248.5,5248.0,5248.5,5247.5,12
2016-05-02 08:59:00,2016-05-02 09:00:00,5246.0,5247.0,5248.0,5246.0,5248.0,5250.0,5250.0,5247.5,14
2016-05-02 09:00:00,2016-05-02 09:01:00,5247.0,5249.0,5250.0,5248.0,5250.0,5250.0,5251.0,5250.0,12
2016-05-02 09:01:00,2016-05-02 09:02:00,5249.0,5250.0,5250.0,5249.0,5250.0,5251.0,5251.0,5250.0,9
2016-05-02 09:02:00,2016-05-02 09:03:00,5250.0,5249.0,5250.0,5249.0,5251.0,5250.0,5251.0,5250.0,16
2016-05-02 09:03:00,2016-05-02 09:04:00,5249.0,5249.0,5250.0,5249.0,5250.0,5250.0,5251.0,5250.0,23
2016-05-02 09:04:00,2016-05-02 09:08:00,5248.0,5248.0,5248.0,5247.0,5249.0,5249.0,5249.5,5249.0,6
2016-05-02 09:08:00,2016-05-02 09:09:00,5248.0,5249.0,5249.0,5248.0,5249.0,5250.0,5251.0,5249.0,35
2016-05-02 09:09:00,2016-05-02 09:10:00,5249.0,5249.0,5249.0,5249.0,5250.0,5250.0,5251.0,5250.0,9
2016-05-02 09:10:00,2016-05-02 09:11:00,5249.0,5249.0,5249.0,5248.0,5250.0,5251.0,5251.0,5250.0,13
2016-05-02 09:11:00,2016-05-02 09:12:00,5249.0,5249.0,5249.0,5249.0,5251.0,5251.0,5251.0,5250.0,5
2016-05-02 09:12:00,2016-05-02 09:16:00,5250.0,5251.0,5251.0,5250.0,5251.0,5252.0,5252.0,5251.0,5
2016-05-02 09:16:00,2016-05-02 09:17:00,5251.0,5251.0,5252.0,5251.0,5252.0,5253.0,5253.0,5252.0,9
2016-05-02 09:17:00,2016-05-02 09:18:00,5251.0,5252.0,5252.0,5251.0,5253.0,5253.0,5253.0,5252.0,5
2016-05-02 09:18:00,2016-05-02 09:19:00,5252.0,5252.0,5252.0,5251.5,5253.0,5253.0,5253.5,5253.0,2
2016-05-02 09:19:00,2016-05-02 09:21:00,5252.0,5251.0,5252.0,5250.5,5253.0,5252.0,5253.0,5252.0,11
2016-05-02 09:21:00,2016-05-02 09:22:00,5251.0,5249.0,5251.0,5249.0,5252.0,5251.0,5253.0,5251.0,16
2016-05-02 09:22:00,2016-05-02 09:23:00,5249.0,5249.0,5249.0,5249.0,5251.0,5250.0,5250.5,5250.0,6
2016-05-02 09:23:00,2016-05-02 09:24:00,5249.0,5248.0,5249.0,5247.0,5250.0,5250.0,5250.0,5249.0,17
2016-05-02 09:24:00,2016-05-02 09:25:00,5248.0,5249.0,5249.0,5248.0,5250.0,5250.0,5250.0,5250.0,4
2016-05-02 09:25:00,2016-05-02 09:26:00,5249.0,5248.0,5249.0,5248.0,5250.0,5250.0,5251.0,5249.0,19
2016-05-02 09:26:00,2016-05-02 09:27:00,5248.0,5248.0,5249.0,5248.0,5250.0,5250.0,5250.0,5250.0,3
2016-05-02 09:27:00,2016-05-02 09:29:00,5248.0,5248.0,5248.0,5248.0,5249.0,5250.0,5250.0,5249.0,8
2016-05-02 09:29:00,2016-05-02 09:30:00,5248.0,5248.0,5248.0,5248.0,5250.0,5249.0,5249.5,5249.0,2
2016-05-02 09:30:00,2016-05-02 09:31:00,5248.0,5248.0,5249.0,5248.0,5249.0,5250.0,5250.0,5249.5,11
2016-05-02 09:31:00,2016-05-02 09:32:00,5248.0,5249.0,5249.0,5248.5,5250.0,5251.0,5251.0,5250.0,8
2016-05-02 09:32:00,2016-05-02 09:34:00,5249.0,5249.0,5249.0,5247.0,5250.0,5250.0,5250.5,5249.0,10
2016-05-02 09:34:00,2016-05-02 09:38:00,5249.0,5250.0,5250.0,5249.0,5250.0,5251.0,5251.0,5250.0,22
2016-05-02 09:38:00,2016-05-02 09:40:00,5250.0,5250.0,5250.0,5249.0,5251.0,5251.0,5252.0,5251.0,46
2016-05-02 09:40:00,2016-05-02 09:44:00,5250.0,5250.0,5250.0,5249.5,5251.0,5251.0,5252.0,5251.0,5
2016-05-02 09:44:00,2016-05-02 09:47:00,5250.0,5250.0,5250.0,5250.0,5251.0,5251.0,5252.0,5251.0,3
2016-05-02 09:47:00,2016-05-02 09:49:00,5250.0,5251.0,5251.0,5250.0,5251.0,5252.0,5252.0,5251.0,58
2016-05-02 09:49:00,2016-05-02 09:50:00,5251.0,5251.0,5251.0,5250.0,5252.0,5252.0,5252.0,5252.0,11
2016-05-02 09:50:00,2016-05-02 09:52:00,5251.0,5250.0,5250.5,5250.0,5252.0,5251.0,5252.0,5251.0,3
2016-05-02 09:52:00,2016-05-02 09:56:00,5250.0,5249.0,5250.0,5249.0,5252.0,5251.0,5251.5,5250.0,13
2016-05-02 09:56:00,2016-05-02 09:59:00,5250.0,5251.0,5251.0,5250.0,5251.0,5252.0,5252.5,5251.5,5
2016-05-02 09:59:00,2016-05-02 10:00:00,5251.0,5252.0,5252.0,5251.0,5252.0,5253.0,5253.0,5252.0,26
2016-05-02 10:00:00,2016-05-02 10:01:00,5252.0,5252.0,5252.0,5251.0,5253.0,5253.0,5253.0,5253.0,4
2016-05-02 10:01:00,2016-05-02 10:03:00,5252.0,5252.0,5252.0,5251.0,5253.0,5253.0,5253.0,5253.0,93
2016-05-02 10:03:00,2016-05-02 10:04:00,5252.0,5252.0,5252.0,5251.0,5253.0,5253.0,5253.0,5253.0,169
2016-05-02 10:04:00,2016-05-02 10:05:00,5252.0,5251.0,5252.0,5251.0,5253.0,5253.0,5253.0,5252.0,10
2016-05-02 10:05:00,2016-05-02 10:07:00,5251.0,5251.0,5251.0,5251.0,5253.0,5252.0,5252.5,5252.0,2
2016-05-02 10:07:00,2016-05-02 10:08:00,5251.0,5251.0,5251.0,5249.5,5252.0,5252.0,5252.0,5251.0,21
2016-05-02 10:08:00,2016-05-02 10:09:00,5251.0,5251.0,5252.0,5251.0,5252.0,5252.0,5253.5,5252.0,11
2016-05-02 10:09:00,2016-05-02 10:10:00,5251.0,5250.0,5251.0,5250.0,5252.0,5252.0,5252.0,5251.0,9
2016-05-02 10:10:00,2016-05-02 10:13:00,5250.0,5250.0,5251.0,5250.0,5252.0,5251.0,5252.0,5251.0,8
2016-05-02 10:13:00,2016-05-02 10:15:00,5250.0,5250.0,5250.0,5250.0,5251.0,5251.0,5251.5,5251.0,2
2016-05-02 10:15:00,2016-05-02 10:20:00,5250.0,5248.0,5249.0,5248.0,5251.0,5250.0,5251.0,5250.0,8
2016-05-02 10:20:00,2016-05-02 10:21:00,5248.0,5250.0,5250.0,5248.5,5250.0,5251.0,5251.0,5250.0,5
2016-05-02 10:21:00,2016-05-02 10:22:00,5250.0,5250.0,5251.0,5250.0,5251.0,5252.0,5252.0,5252.0,7
2016-05-02 10:22:00,2016-05-02 10:23:00,5250.0,5251.0,5251.0,5250.5,5252.0,5252.0,5252.0,5252.0,2
2016-05-02 10:23:00,2016-05-02 10:26:00,5251.0,5251.0,5251.0,5251.0,5253.0,5252.0,5253.0,5252.0,8
2016-05-02 10:26:00,2016-05-02 10:27:00,5251.0,5250.0,5251.0,5250.0,5252.0,5252.0,5253.0,5252.0,4
2016-05-02 10:27:00,2016-05-02 10:28:00,5250.0,5250.0,5250.0,5250.0,5252.0,5251.0,5251.5,5251.0,2
2016-05-02 10:28:00,2016-05-02 10:30:00,5250.0,5250.0,5251.0,5249.0,5251.0,5252.0,5252.0,5251.0,23
2016-05-02 10:30:00,2016-05-02 10:32:00,5250.0,5251.0,5252.0,5250.5,5252.0,5253.0,5253.0,5252.0,10
2016-05-02 10:32:00,2016-05-02 10:34:00,5251.0,5252.0,5252.0,5251.0,5253.0,5253.0,5253.0,5253.0,5
2016-05-02 10:34:00,2016-05-02 10:35:00,5252.0,5251.0,5253.0,5251.0,5253.0,5253.0,5254.0,5253.0,22
2016-05-02 10:35:00,2016-05-02 10:36:00,5251.0,5251.0,5252.0,5251.0,5253.0,5253.0,5253.0,5252.0,33
2016-05-02 10:36:00,2016-05-02 10:37:00,5251.0,5252.0,5252.0,5251.5,5253.0,5254.0,5254.0,5253.0,9
2016-05-02 10:37:00,2016-05-02 10:38:00,5252.0,5252.0,5252.0,5252.0,5254.0,5253.0,5253.5,5253.0,2
2016-05-02 10:38:00,2016-05-02 10:39:00,5252.0,5251.0,5252.0,5251.0,5253.0,5253.0,5253.0,5253.0,8
2016-05-02 10:39:00,2016-05-02 10:41:00,5251.0,5250.0,5251.0,5250.0,5253.0,5251.5,5252.5,5251.5,4
2016-05-02 10:41:00,2016-05-02 10:42:00,5250.0,5250.0,5250.0,5250.0,5251.5,5251.0,5251.0,5251.0,1
2016-05-02 10:42:00,2016-05-02 10:44:00,5250.0,5250.0,5250.0,5250.0,5251.0,5252.0,5252.0,5251.5,2
2016-05-02 10:44:00,2016-05-02 10:45:00,5250.0,5251.0,5251.0,5250.0,5252.0,5252.0,5252.0,5251.0,6
2016-05-02 10:45:00,2016-05-02 10:48:00,5250.0,5250.0,5250.0,5249.5,5251.0,5251.0,5251.5,5251.0,2
2016-05-02 10:48:00,2016-05-02 10:49:00,5250.0,5250.0,5250.0,5249.0,5251.0,5251.0,5251.0,5251.0,3
2016-05-02 10:49:00,2016-05-02 10:50:00,5250.0,5249.0,5250.0,5249.0,5251.0,5250.0,5252.0,5250.0,9
2016-05-02 10:50:00,2016-05-02 10:51:00,5249.0,5249.0,5250.0,5249.0,5250.0,5251.0,5251.0,5250.5,5
2016-05-02 10:51:00,2016-05-02 10:56:00,5249.0,5250.0,5250.0,5249.5,5251.0,5251.0,5251.0,5251.0,2
2016-05-02 10:56:00,2016-05-02 10:58:00,5250.0,5250.0,5250.0,5249.0,5251.0,5252.0,5252.0,5250.0,10
2016-05-02 10:58:00,2016-05-02 10:59:00,5250.0,5250.0,5251.0,5250.0,5252.0,5252.0,5252.0,5252.0,4
2016-05-02 10:59:00,2016-05-02 11:00:00,5250.0,5251.0,5251.0,5250.5,5252.0,5252.0,5252.5,5252.0,3
2016-05-02 11:00:00,2016-05-02 11:01:00,5251.0,5251.0,5251.0,5251.0,5252.0,5252.0,5253.0,5252.0,4
2016-05-02 11:01:00,2016-05-02 11:02:00,5251.0,5251.0,5251.0,5251.0,5252.0,5252.0,5253.0,5252.0,11
2016-05-02 11:02:00,2016-05-02 11:03:00,5251.0,5251.0,5251.0,5250.5,5252.0,5252.0,5252.5,5252.0,2
2016-05-02 11:03:00,2016-05-02 11:05:00,5251.0,5251.0,5251.0,5251.0,5252.0,5253.0,5253.0,5253.0,1
2016-05-02 11:05:00,2016-05-02 11:10:00,5251.0,5251.0,5251.0,5251.0,5253.0,5253.0,5253.0,5252.0,3
2016-05-02 11:10:00,2016-05-02 11:11:00,5251.0,5252.0,5252.0,5251.5,5253.0,5254.0,5254.0,5253.0,3
2016-05-02 11:11:00,2016-05-02 11:12:00,5252.0,5253.0,5253.0,5252.5,5254.0,5254.0,5254.0,5254.0,2
2016-05-02 11:12:00,2016-05-02 11:13:00,5253.0,5254.0,5254.0,5253.0,5254.0,5255.0,5255.5,5254.5,8
2016-05-02 11:13:00,2016-05-02 11:14:00,5254.0,5253.0,5254.0,5253.0,5255.0,5255.0,5255.0,5255.0,5
2016-05-02 11:14:00,2016-05-02 11:17:00,5253.0,5253.0,5253.0,5253.0,5255.0,5254.0,5254.0,5254.0,1
2016-05-02 11:17:00,2016-05-02 11:21:00,5253.0,5252.5,5254.0,5252.5,5254.0,5254.0,5255.0,5254.0,6
2016-05-02 11:21:00,2016-05-02 11:24:00,5252.5,5251.0,5252.0,5251.0,5254.0,5254.0,5255.0,5254.0,3
2016-05-02 11:24:00,2016-05-02 11:25:00,5251.0,5253.5,5253.5,5252.5,5254.0,5255.0,5255.0,5254.0,7
2016-05-02 11:25:00,2016-05-02 11:26:00,5253.5,5254.5,5254.5,5253.0,5255.0,5256.0,5256.0,5255.0,16
2016-05-02 11:26:00,2016-05-02 11:27:00,5254.5,5254.5,5255.5,5254.0,5256.0,5256.0,5257.0,5256.0,11
2016-05-02 11:27:00,2016-05-02 11:28:00,5254.5,5254.0,5254.5,5253.5,5256.0,5256.0,5256.0,5255.0,7
2016-05-02 11:28:00,2016-05-02 11:29:00,5254.0,5252.5,5254.5,5252.5,5256.0,5254.0,5256.5,5254.0,4
2016-05-02 11:29:00,2016-05-02 11:30:00,5252.5,5254.0,5254.0,5252.5,5254.0,5256.0,5256.0,5254.5,8
2016-05-02 11:30:00,2016-05-02 11:34:00,5253.0,5253.0,5254.5,5253.0,5256.0,5256.0,5257.0,5256.0,5
2016-05-02 11:34:00,2016-05-02 11:35:00,5253.0,5253.0,5254.0,5253.0,5256.0,5255.0,5256.0,5255.0,4
2016-05-02 11:35:00,2016-05-02 11:36:00,5253.0,5253.5,5253.5,5253.5,5255.0,5255.0,5255.0,5255.0,1
2016-05-02 11:36:00,2016-05-02 11:38:00,5253.5,5253.5,5253.5,5253.5,5255.0,5255.5,5255.5,5255.5,1
2016-05-02 11:38:00,2016-05-02 11:39:00,5253.5,5252.0,5253.5,5252.0,5255.5,5255.0,5255.0,5255.0,2
2016-05-02 11:39:00,2016-05-02 11:41:00,5252.0,5252.0,5252.0,5252.0,5255.0,5255.0,5257.0,5255.0,4
2016-05-02 11:41:00,2016-05-02 11:53:00,5252.0,5252.0,5252.0,5252.0,5255.0,5256.0,5256.0,5256.0,1
2016-05-02 11:53:00,2016-05-02 11:54:00,5252.0,5252.0,5252.0,5252.0,5256.0,5255.0,5255.0,5255.0,1
2016-05-02 11:54:00,2016-05-02 11:57:00,5252.0,5253.0,5254.0,5252.0,5255.0,5254.0,5255.0,5254.0,11
2016-05-02 11:57:00,2016-05-02 11:59:00,5253.0,5252.5,5252.5,5252.5,5254.0,5254.0,5254.0,5254.0,1
2016-05-02 11:59:00,2016-05-02 12:00:00,5252.5,5253.0,5253.0,5251.0,5254.0,5255.0,5255.0,5254.0,3
2016-05-02 12:00:00,2016-05-02 12:01:00,5253.0,5251.5,5253.0,5251.5,5255.0,5253.0,5255.0,5253.0,19
2016-05-02 12:01:00,2016-05-02 12:02:00,5251.5,5251.5,5252.0,5250.5,5253.0,5253.0,5254.0,5252.0,17
2016-05-02 12:02:00,2016-05-02 12:04:00,5251.5,5251.5,5251.5,5251.5,5253.0,5253.0,5253.5,5253.0,2
2016-05-02 12:04:00,2016-05-02 12:06:00,5251.5,5250.0,5250.0,5250.0,5253.0,5254.0,5254.0,5253.0,2
2016-05-02 12:06:00,2016-05-02 12:07:00,5250.0,5252.5,5252.5,5250.0,5254.0,5254.0,5254.0,5253.0,4
2016-05-02 12:07:00,2016-05-02 12:08:00,5252.5,5254.5,5254.5,5252.5,5254.0,5256.0,5256.0,5254.0,12
2016-05-02 12:08:00,2016-05-02 12:09:00,5254.5,5255.0,5255.5,5255.0,5256.0,5257.0,5257.0,5256.0,4
2016-05-02 12:09:00,2016-05-02 12:10:00,5255.0,5256.0,5256.5,5255.0,5257.0,5258.0,5258.0,5257.0,8
2016-05-02 12:10:00,2016-05-02 12:14:00,5256.0,5256.0,5256.0,5255.0,5257.0,5258.0,5258.0,5256.0,10
2016-05-02 12:14:00,2016-05-02 12:15:00,5256.0,5257.0,5259.0,5256.5,5258.0,5258.0,5260.0,5258.0,8
2016-05-02 12:15:00,2016-05-02 12:16:00,5257.0,5257.0,5257.0,5256.0,5258.0,5258.0,5258.0,5257.0,12
2016-05-02 12:16:00,2016-05-02 12:17:00,5257.0,5256.0,5257.0,5255.0,5258.0,5257.0,5258.5,5256.0,17
2016-05-02 12:17:00,2016-05-02 12:18:00,5256.0,5256.0,5257.0,5256.0,5257.0,5258.0,5258.0,5257.5,5
2016-05-02 12:18:00,2016-05-02 12:20:00,5257.0,5256.0,5256.5,5256.0,5258.0,5258.0,5258.0,5258.0,2
2016-05-02 12:20:00,2016-05-02 12:24:00,5256.0,5255.0,5255.5,5255.0,5257.0,5257.0,5257.0,5256.0,5
2016-05-02 12:24:00,2016-05-02 12:27:00,5255.0,5256.0,5256.0,5255.5,5257.0,5257.0,5257.0,5257.0,4
2016-05-02 12:27:00,2016-05-02 12:28:00,5256.0,5256.0,5257.0,5256.0,5257.0,5258.0,5258.0,5257.0,7
2016-05-02 12:28:00,2016-05-02 12:29:00,5256.0,5256.0,5257.0,5256.0,5258.0,5258.0,5258.0,5258.0,4
2016-05-02 12:29:00,2016-05-02 12:30:00,5256.0,5257.0,5257.0,5256.5,5258.0,5258.0,5258.5,5258.0,4
2016-05-02 12:30:00,2016-05-02 12:32:00,5258.0,5258.0,5258.0,5257.0,5259.0,5259.0,5259.5,5258.0,10
2016-05-02 12:32:00,2016-05-02 12:33:00,5258.0,5258.0,5258.0,5257.5,5259.0,5259.0,5259.0,5259.0,2
2016-05-02 12:33:00,2016-05-02 12:34:00,5258.0,5257.5,5258.0,5257.5,5259.0,5259.0,5259.0,5259.0,3
2016-05-02 12:34:00,2016-05-02 12:35:00,5257.5,5257.5,5257.5,5257.0,5259.0,5259.0,5259.0,5259.0,2
2016-05-02 12:35:00,2016-05-02 12:36:00,5257.5,5257.0,5257.0,5257.0,5259.0,5259.0,5259.0,5259.0,1
2016-05-02 12:36:00,2016-05-02 12:37:00,5257.0,5258.5,5258.5,5256.5,5259.0,5260.0,5260.0,5258.0,6
2016-05-02 12:37:00,2016-05-02 12:38:00,5258.5,5259.0,5259.0,5257.5,5260.0,5261.0,5261.0,5259.0,10
2016-05-02 12:38:00,2016-05-02 12:39:00,5259.0,5258.0,5258.5,5258.0,5261.0,5260.0,5260.5,5260.0,3
2016-05-02 12:39:00,2016-05-02 12:40:00,5258.0,5258.0,5258.5,5258.0,5260.0,5260.0,5260.0,5260.0,2
2016-05-02 12:40:00,2016-05-02 12:41:00,5258.0,5258.5,5258.5,5258.5,5260.0,5260.0,5260.0,5260.0,1
2016-05-02 12:41:00,2016-05-02 12:42:00,5258.5,5258.5,5258.5,5258.5,5260.0,5260.0,5260.5,5260.0,2
2016-05-02 12:42:00,2016-05-02 12:43:00,5258.5,5258.0,5259.0,5258.0,5260.0,5259.0,5260.0,5259.0,4
2016-05-02 12:43:00,2016-05-02 12:44:00,5258.0,5258.0,5258.0,5257.5,5259.0,5259.0,5259.5,5259.0,2
2016-05-02 12:44:00,2016-05-02 12:45:00,5258.0,5256.0,5258.0,5256.0,5259.0,5257.0,5258.5,5257.0,8
2016-05-02 12:45:00,2016-05-02 12:47:00,5256.0,5256.0,5256.0,5255.5,5257.0,5257.0,5257.0,5257.0,6
2016-05-02 12:47:00,2016-05-02 12:48:00,5256.0,5255.0,5255.0,5255.0,5257.0,5256.0,5257.0,5256.0,3
2016-05-02 12:48:00,2016-05-02 12:49:00,5255.0,5256.0,5256.0,5255.0,5256.0,5257.0,5257.0,5257.0,3
2016-05-02 12:49:00,2016-05-02 12:50:00,5256.0,5256.0,5257.0,5256.0,5257.0,5258.0,5258.0,5258.0,4
2016-05-02 12:50:00,2016-05-02 12:51:00,5256.0,5257.0,5257.0,5256.5,5258.0,5258.0,5258.0,5258.0,2
2016-05-02 12:51:00,2016-05-02 12:52:00,5257.0,5258.0,5258.0,5257.0,5258.0,5259.0,5259.0,5258.5,3
2016-05-02 12:52:00,2016-05-02 12:53:00,5258.0,5260.0,5260.0,5258.0,5259.0,5261.0,5261.0,5259.5,14
2016-05-02 12:53:00,2016-05-02 12:54:00,5260.0,5259.0,5260.0,5259.0,5261.0,5261.0,5261.0,5260.0,8
2016-05-02 12:54:00,2016-05-02 12:55:00,5259.0,5259.0,5259.0,5259.0,5261.0,5260.0,5260.5,5260.0,2
2016-05-02 12:55:00,2016-05-02 12:57:00,5259.0,5259.0,5259.0,5258.5,5260.0,5260.0,5260.5,5260.0,6
2016-05-02 12:57:00,2016-05-02 12:58:00,5259.0,5259.0,5260.0,5259.0,5260.0,5261.0,5261.0,5260.0,6
2016-05-02 12:58:00,2016-05-02 12:59:00,5259.0,5260.0,5260.0,5259.0,5261.0,5262.0,5262.0,5261.0,7
2016-05-02 12:59:00,2016-05-02 13:00:00,5260.0,5262.0,5263.0,5260.5,5262.0,5263.0,5264.0,5262.0,21
2016-05-02 13:00:00,2016-05-02 13:01:00,5262.0,5259.0,5261.0,5259.0,5263.0,5261.0,5263.0,5260.5,13
2016-05-02 13:01:00,2016-05-02 13:02:00,5259.0,5259.0,5260.0,5259.0,5261.0,5260.5,5261.5,5260.5,8
2016-05-02 13:02:00,2016-05-02 13:03:00,5259.0,5258.0,5258.5,5258.0,5260.5,5259.5,5260.5,5259.5,2
2016-05-02 13:03:00,2016-05-02 13:04:00,5258.0,5258.0,5258.0,5258.0,5259.5,5259.5,5260.0,5259.5,2
2016-05-02 13:04:00,2016-05-02 13:05:00,5258.0,5258.0,5258.0,5257.0,5259.5,5259.5,5259.5,5259.0,8
2016-05-02 13:05:00,2016-05-02 13:06:00,5258.0,5258.0,5259.0,5258.0,5259.5,5259.5,5260.5,5259.5,14
2016-05-02 13:06:00,2016-05-02 13:07:00,5258.0,5258.0,5258.0,5258.0,5259.5,5260.0,5260.0,5260.0,1
2016-05-02 13:07:00,2016-05-02 13:08:00,5258.0,5258.0,5258.0,5258.0,5260.0,5259.5,5260.0,5259.5,3
2016-05-02 13:08:00,2016-05-02 13:10:00,5258.0,5258.0,5258.0,5257.5,5259.5,5259.5,5259.5,5259.5,2
2016-05-02 13:10:00,2016-05-02 13:11:00,5258.0,5258.0,5258.0,5258.0,5259.5,5261.0,5261.0,5261.0,1
2016-05-02 13:11:00,2016-05-02 13:12:00,5258.0,5256.0,5257.0,5255.0,5261.0,5257.5,5260.0,5256.5,13
2016-05-02 13:12:00,2016-05-02 13:13:00,5256.0,5255.0,5256.0,5255.0,5257.5,5257.0,5257.5,5257.0,8
2016-05-02 13:13:00,2016-05-02 13:14:00,5255.0,5255.0,5255.0,5254.0,5257.0,5256.5,5256.5,5256.0,5
2016-05-02 13:14:00,2016-05-02 13:15:00,5255.0,5256.0,5256.0,5256.0,5256.5,5257.5,5257.5,5256.5,2
2016-05-02 13:15:00,2016-05-02 13:17:00,5256.0,5257.0,5257.0,5256.0,5257.5,5258.5,5258.5,5258.0,12
2016-05-02 13:17:00,2016-05-02 13:18:00,5257.0,5257.0,5257.0,5257.0,5258.5,5258.5,5259.0,5258.5,2
2016-05-02 13:18:00,2016-05-02 13:19:00,5257.0,5257.0,5257.0,5256.0,5258.5,5258.5,5258.5,5258.0,10
2016-05-02 13:19:00,2016-05-02 13:21:00,5256.5,5257.0,5257.0,5256.0,5258.5,5258.5,5258.5,5258.0,5
2016-05-02 13:21:00,2016-05-02 13:22:00,5257.0,5256.5,5256.5,5256.5,5258.5,5258.5,5258.5,5258.5,1
2016-05-02 13:22:00,2016-05-02 13:23:00,5256.5,5256.0,5257.0,5256.0,5258.5,5257.5,5258.5,5257.5,12
2016-05-02 13:23:00,2016-05-02 13:24:00,5256.0,5256.0,5256.0,5256.0,5257.5,5258.0,5258.0,5258.0,1
2016-05-02 13:24:00,2016-05-02 13:25:00,5256.0,5257.0,5257.0,5257.0,5258.0,5258.5,5258.5,5258.0,2
2016-05-02 13:25:00,2016-05-02 13:28:00,5257.0,5256.0,5256.5,5256.0,5258.5,5257.5,5258.5,5257.5,3
2016-05-02 13:28:00,2016-05-02 13:29:00,5256.0,5257.0,5257.0,5256.0,5257.5,5258.0,5258.0,5257.0,4
2016-05-02 13:29:00,2016-05-02 13:30:00,5257.0,5254.0,5258.0,5254.0,5258.0,5255.5,5259.5,5255.0,28
2016-05-02 13:30:00,2016-05-02 13:31:00,5254.0,5252.0,5253.5,5252.0,5255.5,5254.0,5255.5,5253.5,19
2016-05-02 13:31:00,2016-05-02 13:32:00,5252.0,5250.0,5253.0,5250.0,5254.0,5251.0,5254.5,5251.0,16
2016-05-02 13:32:00,2016-05-02 13:33:00,5250.0,5249.0,5251.0,5249.0,5251.0,5251.0,5252.5,5250.5,37
2016-05-02 13:33:00,2016-05-02 13:34:00,5249.0,5250.0,5251.0,5248.0,5251.0,5251.5,5252.5,5249.5,22
2016-05-02 13:34:00,2016-05-02 13:35:00,5250.0,5248.0,5251.0,5248.0,5251.5,5249.5,5252.5,5249.5,26
2016-05-02 13:35:00,2016-05-02 13:36:00,5248.0,5249.0,5249.0,5247.0,5249.5,5250.5,5251.0,5248.5,10
2016-05-02 13:36:00,2016-05-02 13:37:00,5249.0,5248.0,5248.5,5247.0,5250.5,5249.5,5250.5,5248.5,20
2016-05-02 13:37:00,2016-05-02 13:38:00,5248.0,5251.0,5251.0,5247.0,5249.5,5252.5,5252.5,5248.5,21
2016-05-02 13:38:00,2016-05-02 13:39:00,5251.0,5251.0,5252.0,5250.0,5252.5,5253.0,5253.5,5252.0,28
2016-05-02 13:39:00,2016-05-02 13:40:00,5251.0,5250.0,5253.0,5250.0,5253.0,5252.0,5254.5,5252.0,31
2016-05-02 13:40:00,2016-05-02 13:41:00,5250.0,5252.0,5252.0,5250.0,5252.0,5253.5,5253.5,5251.5,29
2016-05-02 13:41:00,2016-05-02 13:42:00,5252.0,5251.0,5252.0,5251.0,5253.5,5253.0,5253.5,5253.0,12
2016-05-02 13:42:00,2016-05-02 13:43:00,5251.0,5250.0,5251.0,5249.0,5253.0,5251.5,5252.5,5250.5,9
2016-05-02 13:43:00,2016-05-02 13:44:00,5250.0,5249.0,5249.5,5248.0,5251.5,5250.5,5251.5,5250.0,19
2016-05-02 13:44:00,2016-05-02 13:45:00,5249.0,5247.0,5249.0,5247.0,5250.5,5249.0,5250.5,5249.0,20
2016-05-02 13:45:00,2016-05-02 13:46:00,5247.0,5247.0,5247.0,5246.0,5249.0,5248.5,5248.5,5248.0,9
2016-05-02 13:46:00,2016-05-02 13:47:00,5247.0,5247.0,5247.0,5246.5,5248.5,5248.5,5248.5,5248.5,2
2016-05-02 13:47:00,2016-05-02 13:48:00,5247.0,5247.0,5248.0,5246.5,5248.5,5248.5,5249.5,5248.5,17
2016-05-02 13:48:00,2016-05-02 13:49:00,5247.0,5248.0,5249.0,5248.0,5248.5,5250.0,5250.5,5248.5,9
2016-05-02 13:49:00,2016-05-02 13:50:00,5248.0,5248.0,5250.0,5247.0,5250.0,5249.5,5251.5,5248.5,36
2016-05-02 13:50:00,2016-05-02 13:51:00,5248.0,5249.0,5249.0,5247.0,5249.5,5251.0,5251.0,5248.5,22
2016-05-02 13:51:00,2016-05-02 13:52:00,5249.0,5248.0,5250.0,5247.5,5251.0,5249.5,5251.0,5249.5,50
2016-05-02 13:52:00,2016-05-02 13:53:00,5248.0,5250.0,5250.0,5247.0,5249.5,5251.5,5251.5,5248.5,27
2016-05-02 13:53:00,2016-05-02 13:54:00,5250.0,5252.0,5252.0,5251.0,5251.5,5253.5,5253.5,5251.5,8
2016-05-02 13:54:00,2016-05-02 13:55:00,5252.0,5248.0,5251.5,5247.0,5253.5,5250.0,5253.5,5249.0,30
2016-05-02 13:55:00,2016-05-02 13:56:00,5248.0,5248.0,5249.0,5248.0,5250.0,5250.0,5251.0,5249.5,14
2016-05-02 13:56:00,2016-05-02 13:57:00,5248.0,5251.5,5252.0,5248.0,5250.0,5253.5,5253.5,5249.5,19
2016-05-02 13:57:00,2016-05-02 13:58:00,5251.5,5252.0,5254.0,5251.0,5253.5,5254.0,5258.0,5252.5,37
2016-05-02 13:58:00,2016-05-02 13:59:00,5252.0,5251.0,5254.0,5250.0,5254.0,5253.0,5255.5,5251.5,22
2016-05-02 13:59:00,2016-05-02 14:00:00,5251.0,5250.0,5254.0,5249.5,5253.0,5251.5,5256.0,5251.5,61
2016-05-02 14:00:00,2016-05-02 14:01:00,5250.0,5250.0,5253.0,5249.0,5251.5,5251.5,5255.0,5251.0,33
2016-05-02 14:01:00,2016-05-02 14:02:00,5250.0,5249.0,5250.0,5248.0,5251.5,5251.0,5252.0,5250.0,22
2016-05-02 14:02:00,2016-05-02 14:03:00,5249.0,5249.0,5252.0,5248.5,5251.0,5250.5,5252.5,5250.5,24
2016-05-02 14:03:00,2016-05-02 14:04:00,5249.0,5249.0,5250.0,5247.0,5250.5,5251.0,5251.5,5248.5,62
2016-05-02 14:04:00,2016-05-02 14:05:00,5249.0,5251.0,5251.0,5248.5,5251.0,5252.5,5252.5,5250.5,26
2016-05-02 14:05:00,2016-05-02 14:06:00,5251.0,5248.0,5251.0,5246.0,5252.5,5249.5,5252.5,5247.5,44
2016-05-02 14:06:00,2016-05-02 14:07:00,5248.0,5251.0,5251.0,5247.0,5249.5,5253.0,5253.0,5249.0,39
2016-05-02 14:07:00,2016-05-02 14:08:00,5251.0,5250.0,5251.0,5248.0,5253.0,5251.5,5252.5,5249.5,58
2016-05-02 14:08:00,2016-05-02 14:09:00,5250.0,5251.0,5252.0,5250.0,5251.5,5253.0,5254.0,5252.0,36
2016-05-02 14:09:00,2016-05-02 14:10:00,5251.0,5252.0,5253.0,5251.0,5253.0,5253.5,5254.5,5253.0,18
2016-05-02 14:10:00,2016-05-02 14:11:00,5252.0,5251.0,5252.0,5249.5,5253.5,5252.5,5253.5,5251.5,48
2016-05-02 14:11:00,2016-05-02 14:12:00,5251.0,5252.0,5253.0,5250.5,5252.5,5253.5,5254.5,5252.5,36
2016-05-02 14:12:00,2016-05-02 14:13:00,5252.0,5252.0,5253.0,5251.0,5253.5,5254.0,5254.5,5253.0,15
2016-05-02 14:13:00,2016-05-02 14:14:00,5252.0,5252.0,5253.0,5252.0,5254.0,5253.5,5255.0,5253.5,25
2016-05-02 14:14:00,2016-05-02 14:15:00,5252.0,5256.0,5257.0,5252.0,5253.5,5258.0,5258.5,5253.5,34
2016-05-02 14:15:00,2016-05-02 14:16:00,5256.0,5258.0,5258.0,5256.0,5258.0,5259.5,5260.0,5257.5,22
2016-05-02 14:16:00,2016-05-02 14:17:00,5258.0,5257.0,5258.0,5256.0,5259.5,5258.5,5259.5,5257.5,40
2016-05-02 14:17:00,2016-05-02 14:18:00,5257.0,5256.0,5257.0,5256.0,5258.5,5258.0,5259.0,5257.5,8
2016-05-02 14:18:00,2016-05-02 14:19:00,5256.0,5255.0,5257.0,5255.0,5258.0,5256.5,5258.5,5256.5,24
2016-05-02 14:19:00,2016-05-02 14:20:00,5255.0,5257.0,5257.0,5255.0,5256.5,5258.5,5258.5,5257.0,17
2016-05-02 14:20:00,2016-05-02 14:21:00,5257.0,5256.0,5258.0,5256.0,5258.5,5258.0,5259.5,5257.5,16
2016-05-02 14:21:00,2016-05-02 14:22:00,5256.0,5256.0,5257.0,5256.0,5258.0,5258.0,5258.5,5257.5,20
2016-05-02 14:22:00,2016-05-02 14:23:00,5256.0,5255.0,5256.0,5255.0,5258.0,5256.5,5258.0,5256.5,8
2016-05-02 14:23:00,2016-05-02 14:24:00,5255.0,5255.0,5256.0,5254.5,5256.5,5256.5,5257.5,5256.5,14
2016-05-02 14:24:00,2016-05-02 14:25:00,5255.0,5255.0,5256.0,5255.0,5256.5,5256.5,5257.5,5256.5,22
2016-05-02 14:25:00,2016-05-02 14:26:00,5255.0,5256.0,5256.0,5253.5,5256.5,5257.5,5257.5,5255.5,24
2016-05-02 14:26:00,2016-05-02 14:27:00,5256.0,5255.0,5257.0,5255.0,5257.5,5256.5,5258.5,5256.5,12
2016-05-02 14:27:00,2016-05-02 14:28:00,5255.0,5254.0,5255.0,5253.0,5256.5,5255.5,5256.5,5254.5,32
2016-05-02 14:28:00,2016-05-02 14:29:00,5254.0,5253.0,5255.0,5253.0,5255.5,5254.5,5257.0,5254.5,14
2016-05-02 14:29:00,2016-05-02 14:30:00,5253.0,5253.0,5254.0,5253.0,5254.5,5255.0,5255.5,5254.5,7
2016-05-02 14:30:00,2016-05-02 14:31:00,5253.0,5254.0,5255.0,5253.0,5255.0,5255.5,5255.5,5254.5,9
2016-05-02 14:31:00,2016-05-02 14:32:00,5254.0,5254.0,5254.0,5253.0,5255.5,5255.5,5255.5,5254.5,9
2016-05-02 14:32:00,2016-05-02 14:33:00,5254.0,5254.0,5255.0,5254.0,5255.5,5255.5,5256.5,5255.5,6
2016-05-02 14:33:00,2016-05-02 14:34:00,5254.0,5252.0,5254.0,5252.0,5255.5,5254.0,5256.0,5254.0,9
2016-05-02 14:34:00,2016-05-02 14:35:00,5252.0,5252.0,5252.0,5252.0,5254.0,5253.5,5253.5,5253.5,1
2016-05-02 14:35:00,2016-05-02 14:36:00,5252.0,5252.0,5252.0,5251.5,5253.5,5253.5,5254.0,5253.5,4
2016-05-02 14:36:00,2016-05-02 14:37:00,5252.0,5250.0,5252.0,5250.0,5253.5,5251.5,5253.5,5251.5,20
2016-05-02 14:37:00,2016-05-02 14:38:00,5250.0,5251.0,5252.0,5249.5,5251.5,5253.0,5253.5,5251.5,9
2016-05-02 14:38:00,2016-05-02 14:39:00,5251.0,5250.0,5252.0,5250.0,5253.0,5252.0,5253.5,5251.5,15
2016-05-02 14:39:00,2016-05-02 14:40:00,5250.0,5252.0,5252.0,5250.0,5252.0,5254.0,5254.0,5251.5,17
2016-05-02 14:40:00,2016-05-02 14:41:00,5252.0,5252.0,5253.0,5252.0,5254.0,5254.0,5254.5,5253.5,7
2016-05-02 14:41:00,2016-05-02 14:42:00,5252.0,5252.0,5253.0,5252.0,5254.0,5253.5,5254.5,5253.5,8
2016-05-02 14:42:00,2016-05-02 14:43:00,5252.0,5251.0,5252.0,5251.0,5253.5,5253.0,5253.5,5252.5,18
2016-05-02 14:43:00,2016-05-02 14:44:00,5251.0,5250.0,5251.0,5250.0,5253.0,5252.0,5253.0,5252.0,9
2016-05-02 14:44:00,2016-05-02 14:45:00,5250.0,5250.0,5251.0,5250.0,5252.0,5252.0,5253.0,5252.0,5
2016-05-02 14:45:00,2016-05-02 14:46:00,5250.0,5253.0,5255.0,5251.0,5252.0,5255.0,5256.0,5252.0,23
2016-05-02 14:46:00,2016-05-02 14:47:00,5253.0,5256.0,5257.0,5252.0,5255.0,5258.0,5258.5,5254.0,16
2016-05-02 14:47:00,2016-05-02 14:48:00,5256.0,5257.0,5258.0,5256.0,5258.0,5258.5,5259.5,5257.5,9
2016-05-02 14:48:00,2016-05-02 14:49:00,5257.0,5257.0,5257.0,5256.5,5258.5,5258.5,5259.0,5258.5,10
2016-05-02 14:49:00,2016-05-02 14:50:00,5257.0,5255.0,5257.0,5255.0,5258.5,5256.5,5259.0,5256.5,12
2016-05-02 14:50:00,2016-05-02 14:51:00,5255.0,5250.0,5255.0,5250.0,5256.5,5252.0,5256.5,5252.0,22
2016-05-02 14:51:00,2016-05-02 14:52:00,5250.0,5249.0,5251.0,5249.0,5252.0,5251.0,5252.5,5250.5,14
2016-05-02 14:52:00,2016-05-02 14:53:00,5249.0,5250.0,5251.0,5249.0,5251.0,5251.5,5252.5,5250.5,20
2016-05-02 14:53:00,2016-05-02 14:54:00,5250.0,5252.0,5253.0,5250.5,5251.5,5253.5,5254.5,5251.5,42
2016-05-02 14:54:00,2016-05-02 14:55:00,5252.0,5251.0,5253.0,5251.0,5253.5,5253.0,5254.5,5252.5,44
2016-05-02 14:55:00,2016-05-02 14:56:00,5251.0,5253.0,5253.0,5250.0,5253.0,5254.5,5254.5,5252.0,32
2016-05-02 14:56:00,2016-05-02 14:57:00,5253.0,5252.0,5253.0,5252.0,5254.5,5253.5,5254.5,5253.5,23
2016-05-02 14:57:00,2016-05-02 14:58:00,5252.0,5254.0,5255.0,5252.0,5253.5,5255.5,5256.5,5253.5,23
2016-05-02 14:58:00,2016-05-02 14:59:00,5254.0,5253.0,5254.0,5251.0,5255.5,5254.5,5255.5,5253.0,23
2016-05-02 14:59:00,2016-05-02 15:00:00,5253.0,5255.0,5255.0,5252.0,5254.5,5256.5,5257.0,5254.0,26
2016-05-02 15:00:00,2016-05-02 15:01:00,5255.0,5253.0,5255.0,5253.0,5256.5,5255.0,5256.5,5254.5,19
2016-05-02 15:01:00,2016-05-02 15:02:00,5253.0,5254.0,5255.0,5253.0,5255.0,5255.5,5256.0,5255.0,16
2016-05-02 15:02:00,2016-05-02 15:03:00,5254.0,5255.0,5255.0,5253.0,5255.5,5256.5,5257.0,5255.0,19
2016-05-02 15:03:00,2016-05-02 15:04:00,5255.0,5254.0,5255.0,5253.5,5256.5,5255.5,5257.0,5255.5,10
2016-05-02 15:04:00,2016-05-02 15:05:00,5254.0,5254.0,5255.0,5253.0,5255.5,5256.0,5256.5,5254.5,16
2016-05-02 15:05:00,2016-05-02 15:06:00,5254.0,5254.0,5254.0,5253.0,5256.0,5255.5,5255.5,5255.0,5
2016-05-02 15:06:00,2016-05-02 15:07:00,5254.0,5252.0,5254.0,5252.0,5255.5,5253.5,5255.5,5253.5,11
2016-05-02 15:07:00,2016-05-02 15:08:00,5252.0,5252.0,5253.0,5252.0,5253.5,5253.5,5255.0,5253.5,19
2016-05-02 15:08:00,2016-05-02 15:09:00,5252.0,5252.0,5253.0,5252.0,5253.5,5253.5,5255.0,5253.5,8
2016-05-02 15:09:00,2016-05-02 15:10:00,5252.0,5255.0,5256.0,5252.5,5253.5,5257.0,5257.5,5254.5,25
2016-05-02 15:10:00,2016-05-02 15:11:00,5255.0,5254.0,5256.0,5253.0,5257.0,5255.5,5257.5,5254.5,13
2016-05-02 15:11:00,2016-05-02 15:12:00,5254.0,5250.0,5254.0,5250.0,5255.5,5252.0,5255.0,5251.5,20
2016-05-02 15:12:00,2016-05-02 15:13:00,5250.0,5249.0,5250.0,5249.0,5252.0,5251.0,5251.5,5250.5,12
2016-05-02 15:13:00,2016-05-02 15:14:00,5249.0,5249.0,5250.0,5248.5,5251.0,5250.5,5251.5,5250.5,6
2016-05-02 15:14:00,2016-05-02 15:15:00,5249.0,5251.0,5251.0,5247.5,5250.5,5252.5,5252.5,5249.5,22
2016-05-02 15:15:00,2016-05-02 15:16:00,5251.0,5248.0,5250.5,5248.0,5252.5,5249.5,5252.5,5249.5,19
2016-05-02 15:16:00,2016-05-02 15:17:00,5248.0,5249.0,5250.0,5248.5,5249.5,5251.0,5252.0,5249.5,18
2016-05-02 15:17:00,2016-05-02 15:18:00,5249.0,5250.0,5251.0,5249.5,5251.0,5251.5,5252.5,5251.5,8
2016-05-02 15:18:00,2016-05-02 15:19:00,5250.0,5250.0,5250.0,5249.0,5251.5,5251.0,5252.0,5250.0,21
2016-05-02 15:19:00,2016-05-02 15:21:00,5250.0,5248.0,5249.5,5248.0,5251.0,5249.0,5251.0,5249.0,9
2016-05-02 15:21:00,2016-05-02 15:22:00,5248.0,5250.0,5250.0,5248.0,5249.0,5251.0,5252.0,5249.0,15
2016-05-02 15:22:00,2016-05-02 15:23:00,5250.0,5247.0,5249.5,5246.0,5251.0,5248.0,5251.0,5247.0,39
2016-05-02 15:23:00,2016-05-02 15:24:00,5247.0,5249.0,5249.0,5247.0,5248.0,5250.0,5251.0,5249.0,36
2016-05-02 15:24:00,2016-05-02 15:25:00,5249.0,5246.0,5248.5,5246.0,5250.0,5247.0,5250.0,5247.0,29
2016-05-02 15:25:00,2016-05-02 15:26:00,5246.0,5245.0,5247.0,5244.0,5247.0,5246.0,5248.0,5246.0,28
2016-05-02 15:26:00,2016-05-02 15:27:00,5245.0,5246.0,5247.0,5245.0,5246.0,5247.0,5248.0,5247.0,12
2016-05-02 15:27:00,2016-05-02 15:28:00,5246.0,5247.0,5247.0,5245.0,5247.0,5248.0,5248.0,5246.0,26
2016-05-02 15:28:00,2016-05-02 15:29:00,5247.0,5248.5,5250.0,5247.0,5248.0,5250.5,5251.0,5248.5,37
2016-05-02 15:29:00,2016-05-02 15:30:00,5248.5,5250.0,5250.0,5249.0,5250.5,5251.0,5251.0,5250.0,16
2016-05-02 15:30:00,2016-05-02 15:31:00,5250.0,5248.0,5251.0,5247.0,5251.0,5250.0,5252.0,5248.0,27
2016-05-02 15:31:00,2016-05-02 15:32:00,5248.0,5246.0,5248.0,5245.0,5250.0,5248.0,5249.0,5247.0,30
2016-05-02 15:32:00,2016-05-02 15:34:00,5246.0,5248.0,5249.0,5247.0,5248.0,5250.0,5250.0,5248.0,8
2016-05-02 15:34:00,2016-05-02 15:35:00,5248.0,5247.0,5248.0,5247.0,5250.0,5249.0,5249.5,5248.0,10
2016-05-02 15:35:00,2016-05-02 15:37:00,5248.0,5250.0,5251.0,5249.0,5250.0,5252.0,5253.0,5250.0,8
2016-05-02 15:37:00,2016-05-02 15:38:00,5250.0,5251.0,5251.0,5250.0,5252.0,5252.0,5252.0,5252.0,6
2016-05-02 15:38:00,2016-05-02 15:39:00,5251.0,5250.0,5251.0,5250.0,5252.0,5252.0,5252.0,5251.0,27
2016-05-02 15:39:00,2016-05-02 15:40:00,5250.0,5249.0,5251.0,5249.0,5252.0,5250.0,5252.5,5250.0,21
2016-05-02 15:40:00,2016-05-02 15:41:00,5249.0,5249.0,5249.0,5248.0,5250.0,5250.0,5250.0,5249.0,5
2016-05-02 15:41:00,2016-05-02 15:42:00,5249.0,5248.0,5249.0,5248.0,5250.0,5249.0,5250.5,5249.0,8
2016-05-02 15:42:00,2016-05-02 15:43:00,5248.0,5248.0,5249.0,5248.0,5249.0,5250.0,5251.0,5249.5,11
2016-05-02 15:43:00,2016-05-02 15:44:00,5248.0,5244.0,5248.0,5243.0,5250.0,5245.0,5249.0,5244.0,31
2016-05-02 15:44:00,2016-05-02 15:45:00,5244.0,5243.0,5244.0,5243.0,5245.0,5245.0,5246.0,5244.0,26
2016-05-02 15:45:00,2016-05-02 15:46:00,5243.0,5242.0,5243.0,5240.0,5245.0,5243.0,5244.0,5241.0,30
2016-05-02 15:46:00,2016-05-02 15:47:00,5242.0,5241.0,5242.0,5241.0,5243.0,5243.0,5243.0,5242.0,12
2016-05-02 15:47:00,2016-05-02 15:48:00,5241.0,5243.0,5243.0,5241.5,5243.0,5244.0,5244.0,5243.0,9
2016-05-02 15:48:00,2016-05-02 15:49:00,5243.0,5242.0,5243.0,5242.0,5244.0,5244.0,5244.0,5244.0,14
2016-05-02 15:49:00,2016-05-02 15:50:00,5242.0,5242.0,5243.0,5242.0,5244.0,5244.0,5244.0,5243.0,8
2016-05-02 15:50:00,2016-05-02 15:51:00,5242.0,5240.0,5242.0,5240.0,5244.0,5242.0,5243.5,5241.0,35
2016-05-02 15:51:00,2016-05-02 15:52:00,5240.0,5240.0,5240.0,5240.0,5242.0,5241.0,5242.0,5241.0,5
2016-05-02 15:52:00,2016-05-02 15:53:00,5240.0,5243.0,5243.0,5239.5,5241.0,5244.0,5244.0,5241.0,26
2016-05-02 15:53:00,2016-05-02 15:54:00,5243.0,5243.0,5246.0,5243.0,5244.0,5244.0,5247.0,5244.0,60
2016-05-02 15:54:00,2016-05-02 15:55:00,5243.0,5244.0,5244.0,5243.0,5244.0,5245.0,5245.5,5245.0,26
2016-05-02 15:55:00,2016-05-02 15:56:00,5244.0,5245.0,5247.0,5244.0,5245.0,5247.0,5249.0,5245.0,25
2016-05-02 15:56:00,2016-05-02 15:57:00,5245.0,5245.0,5245.0,5243.0,5247.0,5246.0,5247.0,5245.0,13
2016-05-02 15:57:00,2016-05-02 15:58:00,5245.0,5241.0,5244.5,5241.0,5246.0,5242.0,5246.0,5242.0,31
2016-05-02 15:58:00,2016-05-02 15:59:00,5241.0,5240.0,5241.0,5240.0,5242.0,5241.0,5242.0,5241.0,26
2016-05-02 15:59:00,2016-05-02 16:00:00,5240.0,5238.0,5239.5,5237.0,5241.0,5240.0,5241.0,5238.0,43
2016-05-02 16:00:00,2016-05-02 16:01:00,5238.0,5239.0,5240.0,5239.0,5240.0,5241.0,5242.0,5240.0,19
2016-05-02 16:01:00,2016-05-02 16:02:00,5239.0,5237.0,5239.0,5237.0,5241.0,5239.0,5240.0,5238.0,22
2016-05-02 16:02:00,2016-05-02 16:03:00,5237.0,5237.0,5238.0,5237.0,5239.0,5239.0,5240.0,5239.0,9
2016-05-02 16:03:00,2016-05-02 16:04:00,5237.0,5236.0,5236.0,5235.0,5239.0,5237.0,5238.0,5236.0,33
2016-05-02 16:04:00,2016-05-02 16:05:00,5236.0,5238.0,5239.0,5236.0,5237.0,5240.0,5241.0,5237.0,47
2016-05-02 16:05:00,2016-05-02 16:06:00,5238.0,5237.0,5238.0,5236.0,5240.0,5239.0,5240.0,5238.0,34
2016-05-02 16:06:00,2016-05-02 16:07:00,5237.0,5236.0,5238.0,5236.0,5239.0,5238.0,5239.0,5238.0,48
2016-05-02 16:07:00,2016-05-02 16:08:00,5236.0,5238.0,5238.0,5237.0,5238.0,5239.0,5240.0,5238.0,27
2016-05-02 16:08:00,2016-05-02 16:09:00,5238.0,5238.0,5239.0,5237.0,5239.0,5240.0,5240.0,5239.0,17
2016-05-02 16:09:00,2016-05-02 16:10:00,5238.0,5238.0,5238.0,5237.0,5240.0,5240.0,5240.0,5239.0,4
2016-05-02 16:10:00,2016-05-02 16:12:00,5238.0,5238.0,5239.0,5238.0,5240.0,5240.0,5241.0,5239.0,6
2016-05-02 16:12:00,2016-05-02 16:13:00,5238.0,5237.0,5237.0,5237.0,5240.0,5239.0,5240.0,5239.0,2
2016-05-02 16:13:00,2016-05-02 16:18:00,5237.0,5237.0,5238.0,5236.0,5239.0,5239.0,5239.0,5238.0,7
2016-05-02 16:18:00,2016-05-02 16:19:00,5237.0,5237.0,5237.0,5236.0,5239.0,5239.0,5239.0,5238.0,4
2016-05-02 16:19:00,2016-05-02 16:21:00,5238.0,5239.0,5239.0,5239.0,5240.0,5241.0,5241.0,5240.0,3
2016-05-02 16:21:00,2016-05-02 16:22:00,5239.0,5238.0,5239.0,5237.0,5241.0,5240.0,5240.0,5239.0,9
2016-05-02 16:22:00,2016-05-02 16:23:00,5238.0,5238.0,5239.0,5238.0,5240.0,5240.0,5241.0,5240.0,4
2016-05-02 16:23:00,2016-05-02 16:25:00,5238.0,5237.0,5239.0,5236.5,5240.0,5239.0,5240.0,5238.0,22
2016-05-02 16:25:00,2016-05-02 16:26:00,5237.0,5236.0,5237.0,5236.0,5239.0,5239.0,5239.0,5239.0,3
2016-05-02 16:26:00,2016-05-02 16:27:00,5236.0,5236.0,5236.0,5235.0,5239.0,5238.0,5238.0,5236.0,19
2016-05-02 16:27:00,2016-05-02 16:28:00,5236.0,5236.0,5238.0,5236.0,5238.0,5238.0,5239.0,5238.0,12
2016-05-02 16:28:00,2016-05-02 16:29:00,5236.0,5235.0,5236.0,5235.0,5238.0,5237.0,5238.0,5236.0,16
2016-05-02 16:29:00,2016-05-02 16:30:00,5235.0,5237.0,5238.0,5235.0,5237.0,5239.0,5240.0,5237.0,18
2016-05-02 16:30:00,2016-05-02 16:32:00,5237.0,5236.0,5236.5,5235.0,5238.0,5238.0,5238.0,5236.0,10
2016-05-02 16:32:00,2016-05-02 16:33:00,5236.0,5239.0,5239.0,5236.0,5238.0,5241.0,5241.0,5237.0,10
2016-05-02 16:33:00,2016-05-02 16:34:00,5239.0,5237.0,5239.0,5237.0,5241.0,5240.0,5240.0,5240.0,3
2016-05-02 16:34:00,2016-05-02 16:35:00,5237.0,5239.0,5239.0,5238.0,5240.0,5241.0,5241.0,5240.0,3
2016-05-02 16:35:00,2016-05-02 16:36:00,5239.0,5237.0,5239.0,5237.0,5241.0,5239.0,5240.0,5239.0,5
2016-05-02 16:36:00,2016-05-02 16:37:00,5237.0,5238.0,5239.0,5238.0,5239.0,5239.0,5240.0,5239.0,8
2016-05-02 16:37:00,2016-05-02 16:38:00,5238.0,5238.0,5239.0,5238.0,5239.0,5240.0,5241.0,5239.0,29
2016-05-02 16:38:00,2016-05-02 16:39:00,5238.0,5237.0,5240.0,5237.0,5240.0,5239.0,5241.0,5238.0,34
2016-05-02 16:39:00,2016-05-02 16:40:00,5237.0,5238.0,5239.0,5237.0,5239.0,5240.0,5240.0,5238.0,12
2016-05-02 16:40:00,2016-05-02 16:41:00,5238.0,5238.0,5239.0,5238.0,5240.0,5240.0,5240.0,5240.0,3
2016-05-02 16:41:00,2016-05-02 16:42:00,5238.0,5237.0,5239.0,5237.0,5240.0,5240.0,5241.0,5240.0,6
2016-05-02 16:42:00,2016-05-02 16:43:00,5237.0,5237.0,5237.0,5236.5,5240.0,5238.0,5239.0,5238.0,4
2016-05-02 16:43:00,2016-05-02 16:44:00,5237.0,5238.0,5238.0,5237.0,5238.0,5240.0,5240.0,5238.5,5
2016-05-02 16:44:00,2016-05-02 16:45:00,5238.0,5237.0,5238.0,5237.0,5240.0,5239.0,5239.0,5239.0,3
2016-05-02 16:45:00,2016-05-02 16:46:00,5237.0,5238.0,5238.0,5238.0,5239.0,5240.0,5240.0,5239.0,3
2016-05-02 16:46:00,2016-05-02 16:47:00,5238.0,5240.0,5240.0,5239.0,5240.0,5242.0,5242.0,5240.0,5
2016-05-02 16:47:00,2016-05-02 16:48:00,5240.0,5240.0,5240.0,5240.0,5242.0,5242.0,5242.0,5241.0,3
2016-05-02 16:48:00,2016-05-02 16:53:00,5240.0,5241.0,5241.0,5241.0,5242.0,5242.0,5243.0,5242.0,7
2016-05-02 16:53:00,2016-05-02 16:54:00,5241.0,5241.0,5241.0,5240.0,5242.0,5242.0,5242.0,5241.0,11
2016-05-02 16:54:00,2016-05-02 16:55:00,5241.0,5240.0,5241.0,5240.0,5242.0,5242.0,5242.0,5241.0,17
2016-05-02 16:55:00,2016-05-02 16:56:00,5240.0,5241.0,5243.0,5240.5,5242.0,5242.0,5244.0,5242.0,16
2016-05-02 16:56:00,2016-05-02 16:57:00,5241.0,5239.0,5240.5,5239.0,5242.0,5240.5,5242.0,5240.0,13
2016-05-02 16:57:00,2016-05-02 16:58:00,5239.0,5241.0,5241.0,5239.0,5240.5,5242.0,5242.5,5241.0,18
2016-05-02 16:58:00,2016-05-02 16:59:00,5241.0,5242.0,5242.0,5241.0,5242.0,5244.0,5244.0,5242.0,15
2016-05-02 16:59:00,2016-05-02 17:00:00,5242.0,5241.0,5242.0,5241.0,5244.0,5243.0,5243.0,5242.0,26
2016-05-02 17:00:00,2016-05-02 17:01:00,5241.0,5242.0,5242.0,5241.0,5243.0,5243.0,5243.0,5243.0,7
2016-05-02 17:01:00,2016-05-02 17:02:00,5242.0,5243.0,5244.0,5241.0,5243.0,5245.0,5245.0,5243.0,30
2016-05-02 17:02:00,2016-05-02 17:03:00,5243.0,5242.0,5243.0,5242.0,5245.0,5244.0,5245.0,5243.0,9
2016-05-02 17:03:00,2016-05-02 17:05:00,5242.0,5243.0,5243.0,5242.0,5243.0,5245.0,5245.0,5243.5,16
2016-05-02 17:05:00,2016-05-02 17:06:00,5243.0,5243.0,5244.0,5243.0,5245.0,5244.0,5245.0,5244.0,12
2016-05-02 17:06:00,2016-05-02 17:07:00,5243.0,5243.0,5244.0,5242.0,5244.0,5245.0,5245.0,5244.0,26
2016-05-02 17:07:00,2016-05-02 17:08:00,5243.0,5242.0,5243.0,5242.0,5245.0,5244.0,5244.5,5244.0,3
2016-05-02 17:08:00,2016-05-02 17:09:00,5242.0,5242.0,5242.0,5242.0,5244.0,5243.0,5243.5,5243.0,2
2016-05-02 17:09:00,2016-05-02 17:10:00,5242.0,5241.0,5242.0,5241.0,5243.0,5242.0,5243.0,5242.0,18
2016-05-02 17:10:00,2016-05-02 17:11:00,5241.0,5242.0,5242.0,5241.0,5242.0,5243.0,5243.5,5243.0,7
2016-05-02 17:11:00,2016-05-02 17:12:00,5242.0,5245.0,5246.0,5242.0,5243.0,5246.0,5247.0,5243.5,21
2016-05-02 17:12:00,2016-05-02 17:13:00,5245.0,5245.0,5246.0,5244.0,5246.0,5246.0,5248.0,5246.0,19
2016-05-02 17:13:00,2016-05-02 17:14:00,5245.0,5245.0,5245.0,5245.0,5246.0,5246.0,5247.0,5246.0,6
2016-05-02 17:14:00,2016-05-02 17:15:00,5245.0,5245.0,5246.0,5245.0,5246.0,5246.0,5247.0,5246.0,26
2016-05-02 17:15:00,2016-05-02 17:16:00,5245.0,5244.0,5245.0,5244.0,5246.0,5245.0,5245.5,5245.0,3
2016-05-02 17:16:00,2016-05-02 17:17:00,5244.0,5244.0,5244.0,5244.0,5245.0,5246.0,5246.0,5245.5,2
2016-05-02 17:17:00,2016-05-02 17:18:00,5244.0,5245.0,5245.0,5244.0,5246.0,5247.0,5247.0,5246.0,5
2016-05-02 17:18:00,2016-05-02 17:19:00,5245.0,5244.0,5246.0,5244.0,5247.0,5246.0,5247.0,5246.0,15
2016-05-02 17:19:00,2016-05-02 17:20:00,5244.0,5245.0,5245.0,5244.5,5246.0,5246.0,5246.0,5246.0,2
2016-05-02 17:20:00,2016-05-02 17:21:00,5245.0,5245.0,5247.0,5245.0,5246.0,5247.0,5248.0,5246.0,31
2016-05-02 17:21:00,2016-05-02 17:22:00,5245.0,5246.0,5246.0,5245.0,5247.0,5247.0,5247.0,5247.0,17
2016-05-02 17:22:00,2016-05-02 17:23:00,5246.0,5244.0,5246.0,5244.0,5247.0,5246.0,5247.0,5245.0,11
2016-05-02 17:23:00,2016-05-02 17:24:00,5244.0,5245.0,5245.0,5244.0,5246.0,5246.0,5247.0,5246.0,12
2016-05-02 17:24:00,2016-05-02 17:25:00,5245.0,5246.0,5246.0,5245.0,5246.0,5247.0,5248.0,5247.0,5
2016-05-02 17:25:00,2016-05-02 17:26:00,5246.0,5245.0,5247.0,5245.0,5247.0,5246.0,5248.0,5246.0,16
2016-05-02 17:26:00,2016-05-02 17:27:00,5245.0,5244.0,5245.0,5244.0,5246.0,5245.0,5246.0,5245.0,25
2016-05-02 17:27:00,2016-05-02 17:28:00,5244.0,5244.0,5245.0,5243.0,5245.0,5245.0,5246.0,5245.0,13
2016-05-02 17:28:00,2016-05-02 17:29:00,5244.0,5246.0,5246.0,5244.0,5245.0,5247.0,5247.0,5245.5,14
2016-05-02 17:29:00,2016-05-02 17:30:00,5246.0,5246.0,5247.0,5246.0,5247.0,5248.0,5248.0,5247.5,12
2016-05-02 17:30:00,2016-05-02 17:31:00,5246.0,5246.0,5247.0,5246.0,5248.0,5248.0,5248.0,5248.0,5
2016-05-02 17:31:00,2016-05-02 17:32:00,5246.0,5246.0,5247.0,5246.0,5248.0,5248.0,5248.0,5248.0,18
2016-05-02 17:32:00,2016-05-02 17:33:00,5246.0,5247.0,5247.0,5246.0,5248.0,5248.0,5248.0,5248.0,3
2016-05-02 17:33:00,2016-05-02 17:34:00,5247.0,5246.0,5247.0,5246.0,5248.0,5248.0,5248.0,5248.0,6
2016-05-02 17:34:00,2016-05-02 17:35:00,5246.0,5245.0,5246.0,5245.0,5248.0,5247.0,5247.0,5247.0,3
2016-05-02 17:35:00,2016-05-02 17:36:00,5245.0,5244.0,5245.0,5244.0,5247.0,5246.0,5246.5,5245.0,7
2016-05-02 17:36:00,2016-05-02 17:37:00,5244.0,5245.0,5245.0,5243.5,5246.0,5246.0,5246.0,5245.0,8
2016-05-02 17:37:00,2016-05-02 17:39:00,5245.0,5245.0,5245.0,5243.5,5246.0,5246.0,5246.0,5245.0,8
2016-05-02 17:39:00,2016-05-02 17:41:00,5246.0,5245.0,5246.0,5245.0,5247.0,5247.0,5247.0,5246.0,19
2016-05-02 17:41:00,2016-05-02 17:42:00,5245.0,5245.0,5245.0,5244.0,5247.0,5247.0,5247.0,5246.0,5
2016-05-02 17:42:00,2016-05-02 17:46:00,5245.0,5243.0,5245.0,5243.0,5247.0,5245.0,5246.0,5244.0,11
2016-05-02 17:46:00,2016-05-02 17:47:00,5243.0,5245.0,5245.0,5244.0,5245.0,5247.0,5247.0,5245.0,4
2016-05-02 17:47:00,2016-05-02 17:49:00,5246.0,5246.0,5247.0,5246.0,5247.0,5248.0,5248.0,5247.5,5
2016-05-02 17:49:00,2016-05-02 17:50:00,5246.0,5245.5,5246.0,5245.0,5248.0,5247.0,5247.0,5247.0,27
2016-05-02 17:50:00,2016-05-02 17:51:00,5245.5,5245.0,5246.0,5245.0,5247.0,5246.0,5247.0,5246.0,13
2016-05-02 17:51:00,2016-05-02 17:52:00,5245.0,5245.0,5246.0,5245.0,5246.0,5247.0,5247.0,5246.0,14
2016-05-02 17:52:00,2016-05-02 17:53:00,5245.0,5245.0,5246.0,5245.0,5247.0,5246.0,5247.0,5246.0,15
2016-05-02 17:53:00,2016-05-02 17:54:00,5245.0,5246.0,5246.0,5245.0,5246.0,5247.0,5247.0,5246.0,38
2016-05-02 17:54:00,2016-05-02 17:55:00,5246.0,5244.0,5246.0,5244.0,5247.0,5246.0,5247.0,5245.0,10
2016-05-02 17:55:00,2016-05-02 17:56:00,5244.0,5243.0,5244.0,5243.0,5246.0,5244.0,5245.5,5244.0,17
2016-05-02 17:56:00,2016-05-02 17:57:00,5243.0,5243.0,5243.0,5243.0,5244.0,5245.0,5245.0,5244.0,6
2016-05-02 17:57:00,2016-05-02 17:58:00,5243.0,5243.0,5243.0,5243.0,5245.0,5245.0,5245.0,5244.0,3
2016-05-02 17:58:00,2016-05-02 17:59:00,5243.0,5242.0,5243.0,5241.5,5245.0,5243.0,5244.5,5243.0,7
2016-05-02 17:59:00,2016-05-02 18:00:00,5242.0,5243.0,5243.0,5242.0,5243.0,5244.0,5244.0,5243.0,12
2016-05-02 18:00:00,2016-05-02 18:01:00,5243.0,5243.0,5243.0,5242.0,5244.0,5244.0,5244.0,5244.0,3
2016-05-02 18:01:00,2016-05-02 18:02:00,5243.0,5243.0,5243.0,5242.5,5244.0,5244.0,5244.5,5244.0,2
2016-05-02 18:02:00,2016-05-02 18:03:00,5243.0,5243.0,5243.0,5242.0,5244.0,5244.0,5244.0,5243.0,7
2016-05-02 18:03:00,2016-05-02 18:04:00,5243.0,5243.0,5243.0,5242.0,5244.0,5244.0,5244.0,5244.0,11
2016-05-02 18:04:00,2016-05-02 18:05:00,5243.0,5244.0,5245.0,5242.5,5244.0,5246.0,5246.0,5244.5,10
2016-05-02 18:05:00,2016-05-02 18:06:00,5244.0,5245.0,5245.0,5244.0,5246.0,5246.0,5246.0,5246.0,6
2016-05-02 18:06:00,2016-05-02 18:08:00,5245.0,5245.0,5245.0,5244.0,5246.0,5246.0,5246.0,5245.0,14
2016-05-02 18:08:00,2016-05-02 18:10:00,5244.0,5244.0,5244.0,5243.0,5245.0,5246.0,5246.0,5245.0,7
2016-05-02 18:10:00,2016-05-02 18:11:00,5244.0,5246.0,5246.0,5244.5,5246.0,5247.0,5247.0,5246.0,13
2016-05-02 18:11:00,2016-05-02 18:13:00,5246.0,5245.0,5246.0,5245.0,5247.0,5246.0,5247.5,5246.0,6
2016-05-02 18:13:00,2016-05-02 18:14:00,5245.0,5246.0,5246.0,5245.0,5246.0,5247.0,5247.0,5246.5,3
2016-05-02 18:14:00,2016-05-02 18:15:00,5246.0,5246.0,5247.0,5246.0,5247.0,5248.0,5248.0,5247.0,15
2016-05-02 18:15:00,2016-05-02 18:16:00,5246.0,5247.0,5247.0,5246.0,5248.0,5248.0,5249.0,5247.0,10
2016-05-02 18:16:00,2016-05-02 18:17:00,5247.0,5247.0,5248.0,5247.0,5248.0,5248.0,5249.0,5248.0,19
2016-05-02 18:17:00,2016-05-02 18:18:00,5247.0,5246.0,5246.5,5245.0,5248.0,5247.0,5248.0,5247.0,13
2016-05-02 18:18:00,2016-05-02 18:19:00,5246.0,5246.0,5247.0,5246.0,5247.0,5247.0,5248.0,5247.0,30
2016-05-02 18:19:00,2016-05-02 18:20:00,5246.0,5248.0,5248.0,5246.0,5247.0,5249.0,5249.0,5247.0,31
2016-05-02 18:20:00,2016-05-02 18:21:00,5248.0,5247.0,5248.0,5247.0,5249.0,5248.0,5249.0,5248.0,13
2016-05-02 18:21:00,2016-05-02 18:22:00,5247.0,5247.0,5247.0,5246.0,5248.0,5248.0,5249.0,5248.0,9
2016-05-02 18:22:00,2016-05-02 18:23:00,5247.0,5246.0,5247.0,5246.0,5248.0,5247.0,5249.0,5247.0,8
2016-05-02 18:23:00,2016-05-02 18:24:00,5246.0,5247.0,5247.0,5246.0,5247.0,5248.0,5249.0,5247.0,9
2016-05-02 18:24:00,2016-05-02 18:25:00,5247.0,5245.5,5247.0,5245.5,5248.0,5247.5,5248.0,5247.0,9
2016-05-02 18:25:00,2016-05-02 18:26:00,5245.5,5247.0,5247.0,5246.0,5247.5,5248.0,5248.0,5247.0,4
2016-05-02 18:26:00,2016-05-02 18:27:00,5247.0,5246.0,5246.5,5246.0,5248.0,5248.0,5248.0,5247.0,4
2016-05-02 18:27:00,2016-05-02 18:28:00,5246.0,5246.0,5247.0,5246.0,5248.0,5247.0,5248.0,5247.0,6
2016-05-02 18:28:00,2016-05-02 18:29:00,5246.0,5247.0,5247.0,5246.0,5247.0,5248.0,5248.0,5247.0,16
2016-05-02 18:29:00,2016-05-02 18:30:00,5247.0,5248.0,5248.0,5247.0,5248.0,5249.0,5249.0,5248.0,10
2016-05-02 18:30:00,2016-05-02 18:31:00,5248.0,5249.0,5249.0,5248.0,5249.0,5250.0,5250.0,5249.5,3
2016-05-02 18:31:00,2016-05-02 18:32:00,5249.0,5247.0,5248.5,5247.0,5250.0,5248.0,5250.0,5248.0,10
2016-05-02 18:32:00,2016-05-02 18:33:00,5247.0,5247.0,5247.0,5247.0,5248.0,5248.0,5249.0,5248.0,3
2016-05-02 18:33:00,2016-05-02 18:35:00,5247.0,5246.0,5246.0,5246.0,5248.0,5247.0,5248.0,5247.0,3
2016-05-02 18:35:00,2016-05-02 18:37:00,5246.0,5246.0,5246.0,5246.0,5247.0,5248.0,5248.0,5247.0,7
2016-05-02 18:37:00,2016-05-02 18:38:00,5246.0,5245.0,5246.0,5244.5,5248.0,5246.0,5247.0,5246.0,13
2016-05-02 18:38:00,2016-05-02 18:39:00,5245.0,5244.0,5244.0,5244.0,5246.0,5246.0,5246.0,5245.0,4
2016-05-02 18:39:00,2016-05-02 18:40:00,5244.0,5244.0,5245.0,5244.0,5246.0,5246.0,5246.0,5246.0,4
2016-05-02 18:40:00,2016-05-02 18:41:00,5244.0,5245.0,5245.0,5244.0,5246.0,5246.0,5246.0,5245.0,4
2016-05-02 18:41:00,2016-05-02 18:43:00,5244.0,5244.0,5244.0,5243.0,5246.0,5245.0,5245.5,5244.0,10
2016-05-02 18:43:00,2016-05-02 18:44:00,5244.0,5244.0,5245.0,5244.0,5245.0,5246.0,5246.0,5245.5,5
2016-05-02 18:44:00,2016-05-02 18:45:00,5244.0,5246.0,5246.0,5244.5,5246.0,5247.0,5247.0,5246.0,5
2016-05-02 18:45:00,2016-05-02 18:46:00,5246.0,5245.0,5245.5,5244.0,5247.0,5247.0,5247.0,5246.0,8
2016-05-02 18:46:00,2016-05-02 18:48:00,5245.0,5244.0,5245.0,5244.0,5247.0,5246.0,5247.0,5246.0,12
2016-05-02 18:48:00,2016-05-02 18:49:00,5244.0,5245.0,5246.0,5244.0,5246.0,5246.5,5247.0,5245.0,16
2016-05-02 18:49:00,2016-05-02 18:50:00,5245.0,5245.0,5245.0,5244.0,5246.5,5247.0,5247.0,5246.0,9
2016-05-02 18:50:00,2016-05-02 18:51:00,5245.0,5246.0,5246.0,5245.0,5247.0,5247.0,5248.0,5247.0,9
2016-05-02 18:51:00,2016-05-02 18:53:00,5245.0,5243.0,5244.0,5243.0,5246.0,5245.0,5246.0,5245.0,14
2016-05-02 18:53:00,2016-05-02 18:54:00,5243.0,5243.0,5244.0,5243.0,5245.0,5244.0,5245.0,5244.0,11
2016-05-02 18:54:00,2016-05-02 18:55:00,5243.0,5243.0,5244.0,5243.0,5244.0,5245.0,5245.0,5244.0,13
2016-05-02 18:55:00,2016-05-02 18:56:00,5243.0,5245.0,5245.0,5243.5,5245.0,5246.0,5246.0,5245.0,16
2016-05-02 18:56:00,2016-05-02 18:57:00,5245.0,5246.0,5246.0,5244.5,5246.0,5247.0,5247.0,5246.0,5
2016-05-02 18:57:00,2016-05-02 18:58:00,5246.0,5245.0,5246.0,5245.0,5247.0,5246.0,5247.0,5246.0,10
2016-05-02 18:58:00,2016-05-02 18:59:00,5245.0,5246.0,5246.0,5244.0,5246.0,5247.0,5247.0,5246.0,13
2016-05-02 18:59:00,2016-05-02 19:00:00,5246.0,5247.0,5247.0,5245.0,5247.0,5248.0,5248.0,5247.0,15
2016-05-02 19:00:00,2016-05-02 19:01:00,5247.0,5246.0,5247.0,5246.0,5248.0,5248.0,5248.0,5247.0,10
2016-05-02 19:01:00,2016-05-02 19:03:00,5247.0,5248.0,5248.0,5247.0,5248.0,5250.0,5250.0,5248.5,9
2016-05-02 19:03:00,2016-05-02 19:04:00,5248.0,5248.0,5248.0,5247.0,5250.0,5249.0,5249.0,5249.0,4
2016-05-02 19:04:00,2016-05-02 19:05:00,5248.0,5247.0,5248.0,5247.0,5249.0,5248.0,5249.0,5248.0,14
2016-05-02 19:05:00,2016-05-02 19:06:00,5247.0,5246.0,5247.0,5246.0,5248.0,5248.0,5248.0,5248.0,9
2016-05-02 19:06:00,2016-05-02 19:07:00,5246.0,5247.0,5247.0,5246.0,5248.0,5248.0,5248.0,5248.0,9
2016-05-02 19:07:00,2016-05-02 19:08:00,5247.0,5247.0,5248.0,5246.0,5248.0,5249.0,5249.0,5248.0,17
2016-05-02 19:08:00,2016-05-02 19:09:00,5247.0,5247.0,5248.0,5247.0,5249.0,5249.0,5249.0,5248.0,10
2016-05-02 19:09:00,2016-05-02 19:10:00,5247.0,5247.0,5248.0,5247.0,5249.0,5248.0,5249.0,5248.0,17
2016-05-02 19:10:00,2016-05-02 19:11:00,5247.0,5248.0,5248.0,5247.0,5248.0,5249.0,5249.0,5248.0,11
2016-05-02 19:11:00,2016-05-02 19:12:00,5248.0,5247.0,5248.0,5247.0,5249.0,5248.0,5249.0,5248.0,18
2016-05-02 19:12:00,2016-05-02 19:14:00,5247.0,5248.0,5248.0,5247.0,5248.0,5249.0,5250.0,5248.0,15
2016-05-02 19:14:00,2016-05-02 19:15:00,5248.0,5247.0,5248.0,5247.0,5249.0,5248.0,5250.0,5248.0,10
2016-05-02 19:15:00,2016-05-02 19:16:00,5247.0,5247.0,5247.0,5246.0,5248.0,5248.0,5248.0,5248.0,11
2016-05-02 19:16:00,2016-05-02 19:17:00,5247.0,5247.0,5247.0,5246.0,5248.0,5248.0,5248.5,5248.0,17
2016-05-02 19:17:00,2016-05-02 19:19:00,5246.0,5246.0,5247.0,5246.0,5247.0,5248.0,5248.0,5248.0,3
2016-05-02 19:19:00,2016-05-02 19:20:00,5246.0,5245.0,5246.0,5245.0,5248.0,5247.0,5247.0,5247.0,9
2016-05-02 19:20:00,2016-05-02 19:24:00,5247.0,5248.0,5248.0,5247.5,5249.0,5249.0,5250.0,5249.0,4
2016-05-02 19:24:00,2016-05-02 19:25:00,5248.0,5248.0,5249.0,5248.0,5249.0,5250.0,5250.0,5249.0,7
2016-05-02 19:25:00,2016-05-02 19:30:00,5249.0,5247.0,5249.0,5247.0,5251.0,5248.0,5250.0,5248.0,7
2016-05-02 19:30:00,2016-05-02 19:31:00,5247.0,5246.0,5246.5,5246.0,5248.0,5247.0,5248.0,5247.0,3
2016-05-02 19:31:00,2016-05-02 19:32:00,5246.0,5248.0,5248.0,5246.0,5247.0,5249.0,5249.0,5248.0,8
2016-05-02 19:32:00,2016-05-02 19:33:00,5248.0,5246.0,5247.5,5246.0,5249.0,5248.0,5249.0,5248.0,7
2016-05-02 19:33:00,2016-05-02 19:34:00,5246.0,5248.0,5248.0,5246.5,5248.0,5249.0,5249.0,5248.0,6
2016-05-02 19:34:00,2016-05-02 19:35:00,5248.0,5248.0,5248.0,5247.0,5249.0,5250.0,5250.0,5249.0,6
2016-05-02 19:35:00,2016-05-02 19:36:00,5248.0,5249.0,5250.0,5249.0,5250.0,5251.0,5251.0,5250.0,28
2016-05-02 19:36:00,2016-05-02 19:38:00,5249.0,5252.0,5252.0,5250.0,5251.0,5253.0,5253.0,5251.0,15
2016-05-02 19:38:00,2016-05-02 19:39:00,5252.0,5250.0,5252.0,5250.0,5253.0,5252.0,5253.0,5252.0,7
2016-05-02 19:39:00,2016-05-02 19:40:00,5250.0,5251.0,5251.0,5250.0,5252.0,5252.0,5252.0,5252.0,5
2016-05-02 19:40:00,2016-05-02 19:41:00,5251.0,5251.0,5251.0,5250.0,5252.0,5252.0,5252.0,5252.0,5
2016-05-02 19:41:00,2016-05-02 19:42:00,5251.0,5251.0,5252.0,5251.0,5252.0,5253.0,5253.5,5252.0,15
2016-05-02 19:42:00,2016-05-02 19:43:00,5251.0,5254.0,5254.0,5251.5,5253.0,5255.0,5256.0,5253.0,24
2016-05-02 19:43:00,2016-05-02 19:44:00,5254.0,5253.0,5255.0,5252.0,5255.0,5255.0,5256.0,5254.0,46
2016-05-02 19:44:00,2016-05-02 19:45:00,5253.0,5253.0,5255.0,5253.0,5255.0,5255.0,5256.0,5254.0,28
2016-05-02 19:45:00,2016-05-02 19:46:00,5253.0,5254.0,5255.0,5254.0,5255.0,5256.0,5256.0,5255.0,26
2016-05-02 19:46:00,2016-05-02 19:47:00,5254.0,5255.0,5256.0,5254.0,5256.0,5257.0,5257.0,5256.0,34
2016-05-02 19:47:00,2016-05-02 19:48:00,5255.0,5255.0,5256.0,5255.0,5257.0,5257.0,5257.0,5256.0,9
2016-05-02 19:48:00,2016-05-02 19:49:00,5255.0,5254.0,5255.0,5254.0,5257.0,5256.0,5256.0,5255.0,8
2016-05-02 19:49:00,2016-05-02 19:50:00,5254.0,5253.0,5254.0,5252.0,5256.0,5254.0,5255.5,5254.0,9
2016-05-02 19:50:00,2016-05-02 19:51:00,5253.0,5252.0,5252.5,5251.0,5254.0,5254.0,5254.0,5253.0,13
2016-05-02 19:51:00,2016-05-02 19:52:00,5252.0,5253.0,5254.0,5252.5,5254.0,5255.0,5255.0,5254.0,11
2016-05-02 19:52:00,2016-05-02 19:53:00,5253.0,5253.0,5253.0,5252.0,5255.0,5254.0,5254.5,5253.0,9
2016-05-02 19:53:00,2016-05-02 19:54:00,5253.0,5253.0,5253.0,5253.0,5254.0,5254.0,5255.0,5254.0,8
2016-05-02 19:54:00,2016-05-02 19:55:00,5253.0,5254.0,5255.0,5253.0,5254.0,5255.0,5256.0,5254.0,25
2016-05-02 19:55:00,2016-05-02 19:56:00,5254.0,5255.0,5255.0,5254.0,5255.0,5256.0,5256.0,5255.0,7
2016-05-02 19:56:00,2016-05-02 19:57:00,5255.0,5257.0,5257.0,5255.0,5256.0,5258.0,5258.0,5256.5,27
2016-05-02 19:57:00,2016-05-02 19:58:00,5257.0,5257.0,5259.0,5255.0,5258.0,5260.0,5260.0,5258.0,35
2016-05-02 19:58:00,2016-05-02 19:59:00,5257.0,5256.0,5258.0,5255.0,5260.0,5258.0,5260.0,5257.0,29
2016-05-02 19:59:00,2016-05-02 20:00:00,5256.0,5255.0,5257.0,5254.0,5258.0,5257.0,5258.0,5256.0,41
2016-05-02 20:00:00,2016-05-02 20:01:00,5255.0,5254.0,5255.0,5253.0,5257.0,5256.0,5257.0,5254.0,34
2016-05-02 20:01:00,2016-05-02 20:02:00,5254.0,5254.0,5255.0,5254.0,5256.0,5256.0,5256.0,5256.0,6
2016-05-02 20:02:00,2016-05-02 20:03:00,5254.0,5254.0,5255.0,5254.0,5256.0,5256.0,5256.0,5255.0,7
2016-05-02 20:03:00,2016-05-02 20:04:00,5254.0,5255.0,5256.0,5254.5,5256.0,5257.0,5257.0,5256.0,6
2016-05-02 20:04:00,2016-05-02 20:06:00,5255.0,5256.0,5256.0,5255.5,5257.0,5258.0,5258.0,5257.0,8
2016-05-02 20:06:00,2016-05-02 20:07:00,5256.0,5256.0,5256.0,5256.0,5258.0,5258.0,5258.0,5257.0,3
2016-05-02 20:07:00,2016-05-02 20:09:00,5256.0,5256.0,5256.0,5255.0,5258.0,5258.0,5258.0,5258.0,2
2016-05-02 20:09:00,2016-05-02 20:10:00,5256.0,5255.0,5256.0,5254.0,5258.0,5257.0,5258.0,5257.0,8
2016-05-02 20:10:00,2016-05-02 20:12:00,5255.0,5255.0,5255.0,5255.0,5257.0,5257.0,5258.0,5257.0,2
2016-05-02 20:12:00,2016-05-02 20:13:00,5255.0,5254.0,5255.0,5254.0,5257.0,5256.0,5257.0,5256.0,16
2016-05-02 20:13:00,2016-05-02 20:14:00,5254.0,5254.0,5254.0,5254.0,5256.0,5258.0,5258.0,5256.0,10
2016-05-02 20:14:00,2016-05-02 20:16:00,5254.0,5254.0,5254.0,5254.0,5258.0,5257.0,5257.0,5257.0,1
2016-05-02 20:16:00,2016-05-02 20:17:00,5254.0,5254.0,5255.0,5253.0,5257.0,5257.0,5257.0,5257.0,4
2016-05-02 20:17:00,2016-05-02 20:21:00,5254.0,5253.0,5253.0,5253.0,5257.0,5258.0,5258.0,5258.0,1
2016-05-02 20:21:00,2016-05-02 20:23:00,5253.0,5254.0,5254.0,5254.0,5258.0,5257.0,5257.0,5257.0,1
2016-05-02 20:23:00,2016-05-02 20:25:00,5254.0,5255.0,5255.0,5255.0,5257.0,5257.0,5257.0,5257.0,1
2016-05-02 20:25:00,2016-05-02 20:30:00,5255.0,5256.0,5256.0,5254.0,5257.0,5257.0,5258.0,5257.0,6
2016-05-02 20:30:00,2016-05-02 20:31:00,5256.0,5257.0,5257.0,5255.0,5257.0,5258.0,5258.0,5257.5,9
2016-05-02 20:31:00,2016-05-02 20:32:00,5257.0,5259.0,5259.0,5257.0,5258.0,5260.0,5260.0,5258.5,7
2016-05-02 20:32:00,2016-05-02 20:33:00,5259.0,5259.0,5259.0,5257.5,5260.0,5261.0,5261.0,5259.0,16
2016-05-02 20:33:00,2016-05-02 20:34:00,5259.0,5258.0,5259.0,5258.0,5261.0,5261.0,5261.0,5260.0,5
2016-05-02 20:34:00,2016-05-02 20:36:00,5258.0,5259.0,5259.0,5259.0,5261.0,5261.0,5261.0,5261.0,1
2016-05-02 20:36:00,2016-05-02 20:39:00,5259.0,5260.0,5260.0,5258.0,5261.0,5261.0,5262.0,5261.0,6
2016-05-02 20:39:00,2016-05-02 20:40:00,5260.0,5260.0,5260.0,5259.0,5261.0,5261.0,5261.0,5261.0,8
2016-05-02 20:40:00,2016-05-02 20:42:00,5260.0,5259.5,5259.5,5259.5,5261.0,5261.5,5261.5,5261.5,1
2016-05-02 20:42:00,2016-05-02 20:43:00,5259.5,5260.0,5260.0,5259.0,5261.5,5261.0,5261.0,5261.0,3
2016-05-02 20:43:00,2016-05-02 20:46:00,5259.0,5258.5,5258.5,5258.5,5260.0,5260.5,5260.5,5260.5,1
2016-05-02 20:46:00,2016-05-02 20:49:00,5258.5,5259.0,5259.0,5259.0,5260.5,5260.0,5260.0,5260.0,1
2016-05-02 20:49:00,2016-05-02 20:51:00,5259.0,5257.0,5258.0,5257.0,5260.0,5259.0,5260.0,5259.0,4
2016-05-02 20:51:00,2016-05-02 20:54:00,5258.0,5258.0,5258.0,5257.5,5259.0,5260.0,5260.0,5259.5,3
2016-05-02 20:54:00,2016-05-02 20:58:00,5258.0,5259.0,5259.0,5257.0,5260.0,5260.0,5261.0,5260.0,4
2016-05-02 20:58:00,2016-05-02 20:59:00,5259.0,5257.0,5258.5,5257.0,5260.0,5259.0,5260.0,5259.0,8
2016-05-02 20:59:00,2016-05-02 21:00:00,5257.0,5251.0,5251.0,5251.0,5259.0,5261.0,5261.0,5261.0,1
2016-05-02 21:00:00,2016-05-02 21:01:00,5251.0,5257.0,5257.0,5257.0,5261.0,5259.0,5259.0,5259.0,1
2016-05-02 21:01:00,2016-05-02 23:50:00,5257.0,5234.0,5242.0,5233.0,5259.0,5236.0,5243.0,5234.0,123
2016-05-02 23:50:00,2016-05-02 23:51:00,5234.0,5232.0,5235.0,5231.0,5236.0,5233.0,5237.0,5232.0,51
2016-05-02 23:51:00,2016-05-02 23:52:00,5232.0,5232.0,5233.0,5231.0,5233.0,5233.0,5234.0,5232.0,22
2016-05-02 23:52:00,2016-05-02 23:53:00,5232.0,5230.0,5231.0,5230.0,5233.0,5231.0,5233.0,5231.0,8
2016-05-02 23:53:00,2016-05-02 23:54:00,5230.0,5223.0,5231.0,5223.0,5231.0,5224.0,5232.0,5224.0,42
2016-05-02 23:54:00,2016-05-02 23:55:00,5223.0,5218.0,5223.0,5218.0,5224.0,5220.0,5225.0,5220.0,57
2016-05-02 23:55:00,2016-05-02 23:56:00,5218.0,5219.0,5221.0,5217.0,5220.0,5221.0,5222.0,5218.0,48
2016-05-02 23:56:00,2016-05-02 23:57:00,5219.0,5216.0,5220.0,5215.0,5221.0,5219.0,5221.0,5217.0,49
2016-05-02 23:57:00,2016-05-02 23:58:00,5216.0,5216.0,5219.0,5213.0,5219.0,5218.0,5220.0,5217.0,29
2016-05-02 23:58:00,2016-05-02 23:59:00,5216.0,5212.0,5217.0,5210.0,5218.0,5213.0,5218.0,5211.0,37
2016-05-02 23:59:00,2016-05-03 00:00:00,5212.0,5211.0,5216.0,5210.0,5213.0,5213.0,5217.0,5211.0,145
2016-05-03 00:00:00,2016-05-03 00:01:00,5211.0,5216.0,5217.0,5205.0,5213.0,5217.0,5218.0,5206.0,171
2016-05-03 00:01:00,2016-05-03 00:02:00,5216.0,5219.0,5221.0,5215.0,5217.0,5220.0,5222.0,5217.0,96
2016-05-03 00:02:00,2016-05-03 00:03:00,5219.0,5217.0,5220.0,5216.0,5220.0,5218.0,5221.0,5217.0,86
2016-05-03 00:03:00,2016-05-03 00:04:00,5217.0,5219.0,5222.0,5214.0,5218.0,5220.0,5223.0,5215.0,97
2016-05-03 00:04:00,2016-05-03 00:05:00,5219.0,5224.0,5227.0,5219.0,5220.0,5225.0,5228.0,5220.0,136
2016-05-03 00:05:00,2016-05-03 00:06:00,5224.0,5226.0,5227.0,5222.0,5225.0,5227.0,5228.0,5224.0,85
2016-05-03 00:06:00,2016-05-03 00:07:00,5226.0,5228.0,5232.0,5226.0,5227.0,5229.0,5233.0,5228.0,90
2016-05-03 00:07:00,2016-05-03 00:08:00,5228.0,5231.0,5234.0,5228.0,5229.0,5232.0,5235.0,5229.0,76
2016-05-03 00:08:00,2016-05-03 00:09:00,5231.0,5225.0,5232.0,5224.0,5232.0,5226.0,5233.0,5225.0,137
2016-05-03 00:09:00,2016-05-03 00:10:00,5225.0,5224.0,5227.0,5223.0,5226.0,5225.0,5228.0,5224.0,109
2016-05-03 00:10:00,2016-05-03 00:11:00,5224.0,5228.0,5228.0,5224.0,5225.0,5229.0,5230.0,5225.0,54
2016-05-03 00:11:00,2016-05-03 00:12:00,5228.0,5222.0,5227.0,5222.0,5229.0,5224.0,5229.0,5223.0,59
2016-05-03 00:12:00,2016-05-03 00:13:00,5222.0,5222.0,5223.0,5219.0,5224.0,5224.0,5224.0,5220.0,68
2016-05-03 00:13:00,2016-05-03 00:14:00,5222.0,5220.0,5222.0,5218.0,5224.0,5221.0,5223.0,5220.0,31
2016-05-03 00:14:00,2016-05-03 00:15:00,5220.0,5225.0,5227.0,5218.0,5221.0,5226.0,5228.0,5219.0,126
2016-05-03 00:15:00,2016-05-03 00:16:00,5225.0,5240.0,5240.0,5225.0,5226.0,5241.0,5241.0,5227.0,123
2016-05-03 00:16:00,2016-05-03 00:17:00,5240.0,5243.0,5243.0,5236.0,5241.0,5244.0,5244.0,5237.0,128
2016-05-03 00:17:00,2016-05-03 00:18:00,5243.0,5248.0,5250.0,5239.0,5244.0,5250.0,5251.0,5241.0,103
2016-05-03 00:18:00,2016-05-03 00:19:00,5248.0,5246.0,5251.0,5245.0,5250.0,5247.0,5253.0,5247.0,78
2016-05-03 00:19:00,2016-05-03 00:20:00,5246.0,5253.0,5253.0,5244.0,5247.0,5254.0,5254.0,5245.0,67
2016-05-03 00:20:00,2016-05-03 00:21:00,5253.0,5258.0,5262.0,5252.0,5254.0,5259.0,5263.0,5253.0,72
2016-05-03 00:21:00,2016-05-03 00:22:00,5258.0,5253.0,5258.0,5251.0,5259.0,5254.0,5259.0,5252.0,77
2016-05-03 00:22:00,2016-05-03 00:23:00,5253.0,5252.0,5255.0,5251.0,5254.0,5253.0,5256.0,5253.0,62
2016-05-03 00:23:00,2016-05-03 00:24:00,5252.0,5253.0,5254.0,5251.0,5253.0,5254.0,5255.0,5252.0,38
2016-05-03 00:24:00,2016-05-03 00:25:00,5253.0,5251.0,5254.0,5250.0,5254.0,5253.0,5255.0,5251.0,22
2016-05-03 00:25:00,2016-05-03 00:26:00,5251.0,5250.0,5253.0,5250.0,5253.0,5251.0,5254.0,5251.0,29
2016-05-03 00:26:00,2016-05-03 00:27:00,5250.0,5245.0,5249.0,5245.0,5251.0,5246.0,5251.0,5246.0,50
2016-05-03 00:27:00,2016-05-03 00:28:00,5245.0,5249.0,5249.0,5245.0,5246.0,5250.0,5250.0,5246.0,26
2016-05-03 00:28:00,2016-05-03 00:29:00,5249.0,5252.0,5252.0,5246.0,5250.0,5253.0,5254.0,5248.0,49
2016-05-03 00:29:00,2016-05-03 00:30:00,5252.0,5254.0,5254.0,5252.0,5253.0,5255.0,5255.0,5253.0,45
2016-05-03 00:30:00,2016-05-03 00:31:00,5254.0,5257.0,5259.0,5254.0,5255.0,5258.0,5260.0,5255.0,48
2016-05-03 00:31:00,2016-05-03 00:32:00,5257.0,5254.0,5256.0,5253.0,5258.0,5255.0,5258.0,5254.0,38
2016-05-03 00:32:00,2016-05-03 00:33:00,5254.0,5259.0,5259.0,5254.0,5255.0,5260.0,5260.0,5256.0,40
2016-05-03 00:33:00,2016-05-03 00:34:00,5259.0,5261.0,5261.0,5258.0,5260.0,5262.0,5262.0,5259.0,50
2016-05-03 00:34:00,2016-05-03 00:35:00,5261.0,5256.0,5262.0,5256.0,5262.0,5257.0,5263.0,5257.0,64
2016-05-03 00:35:00,2016-05-03 00:36:00,5256.0,5256.0,5260.0,5253.0,5257.0,5257.0,5261.0,5254.0,55
2016-05-03 00:36:00,2016-05-03 00:37:00,5256.0,5260.0,5260.0,5256.0,5257.0,5261.0,5261.0,5257.0,44
2016-05-03 00:37:00,2016-05-03 00:38:00,5260.0,5264.0,5264.0,5258.0,5261.0,5265.0,5265.0,5259.0,70
2016-05-03 00:38:00,2016-05-03 00:39:00,5264.0,5262.0,5266.0,5259.0,5265.0,5263.0,5267.0,5260.0,52
2016-05-03 00:39:00,2016-05-03 00:40:00,5262.0,5259.0,5262.0,5259.0,5263.0,5260.0,5263.0,5260.0,68
2016-05-03 00:40:00,2016-05-03 00:41:00,5259.0,5260.0,5260.0,5258.0,5260.0,5261.0,5261.0,5259.0,38
2016-05-03 00:41:00,2016-05-03 00:42:00,5260.0,5264.0,5266.0,5260.0,5261.0,5265.0,5267.0,5261.0,58
2016-05-03 00:42:00,2016-05-03 00:43:00,5264.0,5263.0,5266.0,5262.0,5265.0,5264.0,5267.0,5263.0,34
2016-05-03 00:43:00,2016-05-03 00:44:00,5263.0,5263.0,5265.0,5262.0,5264.0,5264.0,5267.0,5263.0,32
2016-05-03 00:44:00,2016-05-03 00:45:00,5263.0,5260.0,5264.0,5259.0,5264.0,5261.0,5265.0,5260.0,30
2016-05-03 00:45:00,2016-05-03 00:46:00,5260.0,5268.0,5268.0,5259.0,5261.0,5269.0,5269.0,5260.0,68
2016-05-03 00:46:00,2016-05-03 00:47:00,5268.0,5271.0,5271.0,5266.0,5269.0,5272.0,5272.0,5267.0,60
2016-05-03 00:47:00,2016-05-03 00:48:00,5271.0,5275.0,5275.0,5269.0,5272.0,5276.0,5276.0,5270.0,61
2016-05-03 00:48:00,2016-05-03 00:49:00,5275.0,5273.0,5276.0,5271.0,5276.0,5274.0,5277.0,5272.0,40
2016-05-03 00:49:00,2016-05-03 00:50:00,5273.0,5274.0,5274.0,5271.0,5274.0,5275.0,5275.0,5272.0,34
2016-05-03 00:50:00,2016-05-03 00:51:00,5274.0,5272.0,5274.0,5271.0,5275.0,5273.0,5275.0,5272.0,30
2016-05-03 00:51:00,2016-05-03 00:52:00,5272.0,5277.0,5277.0,5272.0,5273.0,5278.0,5278.0,5274.0,48
2016-05-03 00:52:00,2016-05-03 00:53:00,5277.0,5279.0,5281.0,5277.0,5278.0,5281.0,5282.0,5279.0,51
2016-05-03 00:53:00,2016-05-03 00:54:00,5279.0,5278.0,5280.0,5277.0,5281.0,5279.0,5281.0,5278.0,27
2016-05-03 00:54:00,2016-05-03 00:55:00,5278.0,5277.0,5280.0,5275.0,5279.0,5279.0,5281.0,5276.0,67
2016-05-03 00:55:00,2016-05-03 00:56:00,5277.0,5283.0,5284.0,5277.0,5279.0,5284.0,5285.0,5279.0,47
2016-05-03 00:56:00,2016-05-03 00:57:00,5283.0,5283.0,5285.0,5281.0,5284.0,5284.0,5287.0,5282.0,52
2016-05-03 00:57:00,2016-05-03 00:58:00,5283.0,5284.0,5288.0,5283.0,5284.0,5285.0,5289.0,5284.0,52
2016-05-03 00:58:00,2016-05-03 00:59:00,5284.0,5283.0,5285.0,5283.0,5285.0,5284.0,5286.0,5284.0,14
2016-05-03 00:59:00,2016-05-03 01:00:00,5283.0,5280.0,5282.0,5280.0,5284.0,5281.0,5284.0,5281.0,28
2016-05-03 01:00:00,2016-05-03 01:02:00,5281.0,5281.0,5283.0,5280.0,5282.0,5283.0,5284.0,5281.0,55
2016-05-03 01:02:00,2016-05-03 01:03:00,5281.0,5285.0,5285.0,5281.0,5283.0,5286.0,5286.0,5282.0,25
2016-05-03 01:03:00,2016-05-03 01:04:00,5285.0,5284.0,5285.0,5283.0,5286.0,5286.0,5286.0,5284.0,21
2016-05-03 01:04:00,2016-05-03 01:05:00,5284.0,5289.0,5290.0,5285.0,5286.0,5290.0,5291.0,5286.0,33
2016-05-03 01:05:00,2016-05-03 01:06:00,5289.0,5283.0,5288.0,5283.0,5290.0,5285.0,5290.0,5284.0,55
2016-05-03 01:06:00,2016-05-03 01:07:00,5283.0,5281.0,5285.0,5280.0,5285.0,5282.0,5286.0,5281.0,43
2016-05-03 01:07:00,2016-05-03 01:08:00,5281.0,5284.0,5284.0,5280.0,5282.0,5285.0,5285.0,5281.0,54
2016-05-03 01:08:00,2016-05-03 01:09:00,5284.0,5286.0,5287.0,5283.0,5285.0,5287.0,5288.0,5284.0,58
2016-05-03 01:09:00,2016-05-03 01:10:00,5286.0,5291.0,5292.0,5285.0,5287.0,5292.0,5293.0,5286.0,70
2016-05-03 01:10:00,2016-05-03 01:11:00,5291.0,5291.0,5292.0,5289.0,5292.0,5292.0,5293.0,5290.0,54
2016-05-03 01:11:00,2016-05-03 01:12:00,5291.0,5290.0,5293.0,5290.0,5292.0,5291.0,5294.0,5291.0,56
2016-05-03 01:12:00,2016-05-03 01:13:00,5290.0,5289.0,5289.0,5287.0,5291.0,5290.0,5291.0,5288.0,10
2016-05-03 01:13:00,2016-05-03 01:14:00,5289.0,5293.0,5294.0,5288.0,5290.0,5294.0,5295.0,5289.0,35
2016-05-03 01:14:00,2016-05-03 01:15:00,5293.0,5295.0,5295.0,5293.0,5294.0,5296.0,5296.0,5294.0,72
2016-05-03 01:15:00,2016-05-03 01:16:00,5295.0,5292.0,5295.0,5290.0,5296.0,5293.0,5296.0,5291.0,58
2016-05-03 01:16:00,2016-05-03 01:17:00,5292.0,5295.0,5295.0,5291.0,5293.0,5296.0,5296.0,5292.0,56
2016-05-03 01:17:00,2016-05-03 01:18:00,5295.0,5294.0,5296.0,5293.0,5296.0,5296.0,5297.0,5294.0,47
2016-05-03 01:18:00,2016-05-03 01:19:00,5294.0,5297.0,5297.0,5293.0,5296.0,5298.0,5298.0,5294.0,29
2016-05-03 01:19:00,2016-05-03 01:20:00,5297.0,5301.0,5302.0,5297.0,5298.0,5302.0,5303.0,5298.0,65
2016-05-03 01:20:00,2016-05-03 01:21:00,5301.0,5301.0,5301.0,5299.0,5302.0,5302.0,5302.0,5300.0,62
2016-05-03 01:21:00,2016-05-03 01:22:00,5301.0,5300.0,5301.0,5297.0,5302.0,5301.0,5302.0,5298.0,58
2016-05-03 01:22:00,2016-05-03 01:23:00,5300.0,5300.0,5301.0,5299.0,5301.0,5302.0,5302.0,5300.0,31
2016-05-03 01:23:00,2016-05-03 01:24:00,5300.0,5298.0,5300.0,5298.0,5302.0,5299.0,5301.0,5299.0,31
2016-05-03 01:24:00,2016-05-03 01:25:00,5298.0,5299.0,5299.0,5296.0,5299.0,5300.0,5300.0,5297.0,74
2016-05-03 01:25:00,2016-05-03 01:26:00,5299.0,5302.0,5302.0,5299.0,5300.0,5303.0,5303.0,5300.0,14
2016-05-03 01:26:00,2016-05-03 01:27:00,5302.0,5300.0,5303.0,5300.0,5303.0,5302.0,5304.0,5301.0,45
2016-05-03 01:27:00,2016-05-03 01:28:00,5300.0,5299.0,5302.0,5299.0,5302.0,5300.0,5303.0,5300.0,39
2016-05-03 01:28:00,2016-05-03 01:29:00,5299.0,5294.0,5299.0,5294.0,5300.0,5296.0,5300.0,5295.0,59
2016-05-03 01:29:00,2016-05-03 01:30:00,5294.0,5295.0,5296.0,5293.0,5296.0,5296.0,5297.0,5294.0,91
2016-05-03 01:30:00,2016-05-03 01:31:00,5295.0,5288.0,5294.0,5287.0,5296.0,5289.0,5296.0,5289.0,30
2016-05-03 01:31:00,2016-05-03 01:32:00,5288.0,5286.0,5287.0,5283.0,5289.0,5287.0,5289.0,5284.0,71
2016-05-03 01:32:00,2016-05-03 01:33:00,5286.0,5288.0,5290.0,5286.0,5287.0,5290.0,5292.0,5287.0,47
2016-05-03 01:33:00,2016-05-03 01:34:00,5288.0,5288.0,5290.0,5286.0,5290.0,5289.0,5291.0,5287.0,45
2016-05-03 01:34:00,2016-05-03 01:35:00,5288.0,5287.0,5288.0,5285.0,5289.0,5288.0,5289.0,5286.0,42
2016-05-03 01:35:00,2016-05-03 01:36:00,5287.0,5289.0,5289.0,5286.0,5288.0,5290.0,5291.0,5287.0,50
2016-05-03 01:36:00,2016-05-03 01:37:00,5289.0,5289.0,5290.0,5288.0,5290.0,5290.0,5291.0,5289.0,24
2016-05-03 01:37:00,2016-05-03 01:38:00,5289.0,5289.0,5290.0,5288.0,5290.0,5291.0,5291.0,5289.0,21
2016-05-03 01:38:00,2016-05-03 01:39:00,5289.0,5286.0,5289.0,5285.0,5291.0,5287.0,5290.0,5286.0,51
2016-05-03 01:39:00,2016-05-03 01:40:00,5286.0,5289.0,5290.0,5286.0,5287.0,5290.0,5291.0,5287.0,36
2016-05-03 01:40:00,2016-05-03 01:41:00,5289.0,5289.0,5290.0,5288.0,5290.0,5291.0,5291.0,5289.0,29
2016-05-03 01:41:00,2016-05-03 01:42:00,5289.0,5289.0,5290.0,5288.0,5291.0,5290.0,5291.0,5289.0,21
2016-05-03 01:42:00,2016-05-03 01:43:00,5289.0,5292.0,5292.0,5289.0,5290.0,5293.0,5293.0,5290.0,22
2016-05-03 01:43:00,2016-05-03 01:44:00,5292.0,5291.0,5292.0,5290.0,5293.0,5292.0,5293.0,5291.0,18
2016-05-03 01:44:00,2016-05-03 01:45:00,5291.0,5287.0,5290.0,5284.0,5292.0,5288.0,5292.0,5285.0,75
2016-05-03 01:45:00,2016-05-03 01:46:00,5287.0,5286.0,5287.0,5285.0,5288.0,5287.0,5288.0,5286.0,34
2016-05-03 01:46:00,2016-05-03 01:47:00,5286.0,5282.0,5285.0,5282.0,5287.0,5283.0,5287.0,5283.0,50
2016-05-03 01:47:00,2016-05-03 01:48:00,5282.0,5279.0,5283.0,5277.0,5283.0,5280.0,5284.0,5278.0,42
2016-05-03 01:48:00,2016-05-03 01:49:00,5279.0,5280.0,5281.0,5278.0,5280.0,5281.0,5282.0,5279.0,42
2016-05-03 01:49:00,2016-05-03 01:50:00,5280.0,5283.0,5284.0,5280.0,5281.0,5285.0,5286.0,5281.0,51
2016-05-03 01:50:00,2016-05-03 01:51:00,5283.0,5282.0,5284.0,5282.0,5285.0,5283.0,5285.0,5283.0,17
2016-05-03 01:51:00,2016-05-03 01:52:00,5282.0,5282.0,5283.0,5279.0,5283.0,5284.0,5284.0,5280.0,51
2016-05-03 01:52:00,2016-05-03 01:53:00,5282.0,5284.0,5285.0,5282.0,5284.0,5285.0,5287.0,5284.0,37
2016-05-03 01:53:00,2016-05-03 01:54:00,5284.0,5283.0,5285.0,5281.0,5285.0,5284.0,5286.0,5282.0,48
2016-05-03 01:54:00,2016-05-03 01:55:00,5283.0,5281.0,5283.0,5281.0,5284.0,5282.0,5284.0,5282.0,48
2016-05-03 01:55:00,2016-05-03 01:56:00,5281.0,5281.0,5283.0,5280.0,5282.0,5282.0,5284.0,5281.0,26
2016-05-03 01:56:00,2016-05-03 01:57:00,5281.0,5278.0,5281.0,5278.0,5282.0,5280.0,5282.0,5279.0,25
2016-05-03 01:57:00,2016-05-03 01:58:00,5278.0,5280.0,5282.0,5277.0,5280.0,5281.0,5283.0,5278.0,45
2016-05-03 01:58:00,2016-05-03 01:59:00,5280.0,5280.0,5282.0,5279.0,5281.0,5281.0,5283.0,5280.0,36
2016-05-03 01:59:00,2016-05-03 02:00:00,5280.0,5279.0,5281.0,5278.0,5281.0,5280.0,5282.0,5279.0,44
2016-05-03 02:00:00,2016-05-03 02:01:00,5279.0,5279.0,5279.0,5276.0,5280.0,5280.0,5280.0,5277.0,29
2016-05-03 02:01:00,2016-05-03 02:02:00,5279.0,5280.0,5281.0,5279.0,5280.0,5281.0,5282.0,5280.0,24
2016-05-03 02:02:00,2016-05-03 02:03:00,5280.0,5279.0,5281.0,5279.0,5281.0,5280.0,5282.0,5280.0,18
2016-05-03 02:03:00,2016-05-03 02:04:00,5279.0,5281.0,5281.0,5277.0,5280.0,5282.0,5282.0,5278.0,30
2016-05-03 02:04:00,2016-05-03 02:05:00,5281.0,5284.0,5285.0,5280.0,5282.0,5286.0,5286.0,5282.0,35
2016-05-03 02:05:00,2016-05-03 02:06:00,5284.0,5286.0,5289.0,5284.0,5286.0,5287.0,5290.0,5286.0,54
2016-05-03 02:06:00,2016-05-03 02:07:00,5286.0,5287.0,5288.0,5285.0,5287.0,5289.0,5289.0,5287.0,43
2016-05-03 02:07:00,2016-05-03 02:08:00,5287.0,5288.0,5288.0,5286.0,5289.0,5289.0,5289.0,5287.0,15
2016-05-03 02:08:00,2016-05-03 02:09:00,5288.0,5287.0,5289.0,5285.0,5289.0,5288.0,5290.0,5286.0,48
2016-05-03 02:09:00,2016-05-03 02:10:00,5287.0,5288.0,5288.0,5284.0,5288.0,5289.0,5289.0,5286.0,30
2016-05-03 02:10:00,2016-05-03 02:11:00,5288.0,5286.0,5289.0,5285.0,5289.0,5288.0,5290.0,5286.0,45
2016-05-03 02:11:00,2016-05-03 02:12:00,5286.0,5285.0,5287.0,5283.0,5288.0,5286.0,5288.0,5284.0,31
2016-05-03 02:12:00,2016-05-03 02:13:00,5285.0,5285.0,5285.0,5284.0,5286.0,5286.0,5287.0,5285.0,16
2016-05-03 02:13:00,2016-05-03 02:14:00,5285.0,5288.0,5288.0,5285.0,5286.0,5289.0,5289.0,5286.0,20
2016-05-03 02:14:00,2016-05-03 02:16:00,5288.0,5288.0,5289.0,5287.0,5289.0,5289.0,5290.0,5288.0,26
2016-05-03 02:16:00,2016-05-03 02:17:00,5288.0,5287.0,5289.0,5287.0,5289.0,5288.0,5290.0,5288.0,18
2016-05-03 02:17:00,2016-05-03 02:19:00,5287.0,5286.0,5288.0,5286.0,5288.0,5287.0,5289.0,5287.0,12
2016-05-03 02:19:00,2016-05-03 02:20:00,5286.0,5285.0,5287.0,5285.0,5287.0,5286.0,5288.0,5286.0,18
2016-05-03 02:20:00,2016-05-03 02:21:00,5285.0,5287.0,5288.0,5285.0,5286.0,5289.0,5289.0,5287.0,27
2016-05-03 02:21:00,2016-05-03 02:23:00,5288.0,5287.0,5288.0,5287.0,5289.0,5289.0,5289.0,5288.0,27
2016-05-03 02:23:00,2016-05-03 02:24:00,5287.0,5288.0,5289.0,5287.0,5289.0,5289.0,5290.0,5288.0,15
2016-05-03 02:24:00,2016-05-03 02:25:00,5288.0,5291.0,5291.0,5288.0,5289.0,5292.0,5292.0,5290.0,30
2016-05-03 02:25:00,2016-05-03 02:26:00,5291.0,5289.0,5291.0,5289.0,5292.0,5291.0,5292.0,5290.0,21
2016-05-03 02:26:00,2016-05-03 02:27:00,5289.0,5287.0,5290.0,5286.0,5291.0,5288.0,5291.0,5287.0,15
2016-05-03 02:27:00,2016-05-03 02:28:00,5287.0,5287.0,5288.0,5287.0,5288.0,5288.0,5289.0,5288.0,8
2016-05-03 02:28:00,2016-05-03 02:29:00,5287.0,5286.0,5286.0,5285.0,5288.0,5287.0,5288.0,5286.0,14
2016-05-03 02:29:00,2016-05-03 02:30:00,5286.0,5288.0,5289.0,5286.0,5287.0,5289.0,5290.0,5288.0,20
2016-05-03 02:30:00,2016-05-03 02:32:00,5287.0,5288.0,5288.0,5286.0,5288.0,5289.0,5289.0,5287.0,10
2016-05-03 02:32:00,2016-05-03 02:33:00,5288.0,5285.0,5287.0,5285.0,5289.0,5286.0,5289.0,5286.0,14
2016-05-03 02:33:00,2016-05-03 02:34:00,5285.0,5285.0,5287.0,5285.0,5286.0,5286.0,5288.0,5286.0,14
2016-05-03 02:34:00,2016-05-03 02:37:00,5286.0,5288.0,5289.0,5286.0,5287.0,5289.0,5290.0,5287.0,26
2016-05-03 02:37:00,2016-05-03 02:39:00,5288.0,5288.0,5289.0,5287.0,5289.0,5289.0,5290.0,5288.0,14
2016-05-03 02:39:00,2016-05-03 02:41:00,5290.0,5290.0,5291.0,5289.0,5291.0,5291.0,5292.0,5290.0,40
2016-05-03 02:41:00,2016-05-03 02:43:00,5291.0,5293.0,5293.0,5291.0,5292.0,5294.0,5294.0,5292.0,24
2016-05-03 02:43:00,2016-05-03 02:44:00,5293.0,5295.0,5295.0,5293.0,5294.0,5296.0,5296.0,5294.0,24
2016-05-03 02:44:00,2016-05-03 02:45:00,5295.0,5293.0,5296.0,5291.0,5296.0,5294.0,5297.0,5292.0,28
2016-05-03 02:45:00,2016-05-03 02:46:00,5293.0,5292.0,5294.0,5292.0,5294.0,5293.0,5295.0,5293.0,8
2016-05-03 02:46:00,2016-05-03 02:47:00,5292.0,5290.0,5293.0,5289.0,5293.0,5292.0,5294.0,5290.0,31
2016-05-03 02:47:00,2016-05-03 02:48:00,5290.0,5289.0,5291.0,5288.0,5292.0,5290.0,5292.0,5289.0,13
2016-05-03 02:48:00,2016-05-03 02:49:00,5289.0,5289.0,5290.0,5289.0,5290.0,5291.0,5291.0,5290.0,13
2016-05-03 02:49:00,2016-05-03 02:50:00,5289.0,5288.0,5290.0,5288.0,5291.0,5289.0,5291.0,5289.0,5
2016-05-03 02:50:00,2016-05-03 02:51:00,5288.0,5288.0,5288.0,5286.0,5289.0,5289.0,5289.0,5287.0,40
2016-05-03 02:51:00,2016-05-03 02:52:00,5288.0,5288.0,5289.0,5288.0,5289.0,5289.0,5290.0,5289.0,16
2016-05-03 02:52:00,2016-05-03 02:54:00,5287.0,5290.0,5290.0,5287.0,5288.0,5291.0,5291.0,5289.0,16
2016-05-03 02:54:00,2016-05-03 02:56:00,5288.0,5288.0,5288.0,5287.0,5289.0,5289.0,5289.0,5288.0,10
2016-05-03 02:56:00,2016-05-03 02:59:00,5287.0,5286.0,5287.0,5285.0,5288.0,5288.0,5288.0,5286.0,17
2016-05-03 02:59:00,2016-05-03 03:01:00,5287.0,5289.0,5289.0,5287.0,5288.0,5290.0,5291.0,5288.0,14
2016-05-03 03:01:00,2016-05-03 03:02:00,5289.0,5287.0,5288.0,5287.0,5290.0,5288.0,5290.0,5288.0,22
2016-05-03 03:02:00,2016-05-03 03:06:00,5287.0,5285.0,5286.0,5285.0,5288.0,5286.0,5288.0,5286.0,8
2016-05-03 03:06:00,2016-05-03 03:07:00,5285.0,5283.0,5285.0,5282.0,5286.0,5284.0,5286.0,5284.0,10
2016-05-03 03:07:00,2016-05-03 03:08:00,5283.0,5284.0,5285.0,5283.0,5284.0,5285.0,5286.0,5285.0,26
2016-05-03 03:08:00,2016-05-03 03:09:00,5284.0,5286.0,5287.0,5284.0,5285.0,5288.0,5288.0,5285.0,15
2016-05-03 03:09:00,2016-05-03 03:10:00,5286.0,5285.0,5287.0,5284.0,5288.0,5286.0,5288.0,5285.0,13
2016-05-03 03:10:00,2016-05-03 03:11:00,5285.0,5285.0,5286.0,5284.0,5286.0,5287.0,5287.0,5285.0,15
2016-05-03 03:11:00,2016-05-03 03:12:00,5285.0,5286.0,5286.0,5285.0,5287.0,5287.0,5287.0,5286.0,11
2016-05-03 03:12:00,2016-05-03 03:13:00,5286.0,5284.0,5285.0,5284.0,5287.0,5285.0,5287.0,5285.0,8
2016-05-03 03:13:00,2016-05-03 03:14:00,5284.0,5286.0,5286.0,5284.0,5285.0,5287.0,5288.0,5285.0,16
2016-05-03 03:14:00,2016-05-03 03:16:00,5285.0,5285.0,5286.0,5285.0,5286.0,5286.0,5287.0,5286.0,24
2016-05-03 03:16:00,2016-05-03 03:17:00,5285.0,5286.0,5287.0,5285.0,5286.0,5287.0,5288.0,5286.0,18
2016-05-03 03:17:00,2016-05-03 03:18:00,5286.0,5287.0,5287.0,5286.0,5287.0,5288.0,5288.0,5287.0,14
2016-05-03 03:18:00,2016-05-03 03:19:00,5287.0,5287.0,5289.0,5287.0,5288.0,5288.0,5290.0,5288.0,24
2016-05-03 03:19:00,2016-05-03 03:20:00,5287.0,5286.0,5288.0,5285.0,5288.0,5287.0,5289.0,5286.0,12
2016-05-03 03:20:00,2016-05-03 03:22:00,5286.0,5284.0,5286.0,5283.0,5287.0,5285.0,5287.0,5284.0,18
2016-05-03 03:22:00,2016-05-03 03:24:00,5282.0,5283.0,5284.0,5282.0,5283.0,5284.0,5285.0,5284.0,6
2016-05-03 03:24:00,2016-05-03 03:25:00,5283.0,5282.0,5283.0,5281.0,5284.0,5283.0,5284.0,5283.0,8
2016-05-03 03:25:00,2016-05-03 03:26:00,5282.0,5282.0,5283.0,5282.0,5283.0,5284.0,5284.0,5283.0,9
2016-05-03 03:26:00,2016-05-03 03:27:00,5282.0,5282.0,5283.0,5281.0,5284.0,5283.0,5284.0,5282.0,9
2016-05-03 03:27:00,2016-05-03 03:28:00,5282.0,5280.0,5282.0,5279.0,5283.0,5281.0,5283.0,5281.0,18
2016-05-03 03:28:00,2016-05-03 03:30:00,5280.0,5281.0,5282.0,5280.0,5281.0,5282.0,5283.0,5281.0,24
2016-05-03 03:30:00,2016-05-03 03:31:00,5281.0,5283.0,5283.0,5281.0,5282.0,5284.0,5284.0,5283.0,6
2016-05-03 03:31:00,2016-05-03 03:32:00,5283.0,5280.0,5282.0,5280.0,5284.0,5281.0,5284.0,5281.0,20
2016-05-03 03:32:00,2016-05-03 03:33:00,5280.0,5281.0,5282.0,5280.0,5281.0,5282.0,5283.0,5282.0,8
2016-05-03 03:33:00,2016-05-03 03:35:00,5282.0,5282.0,5283.0,5281.0,5283.0,5283.0,5284.0,5282.0,24
2016-05-03 03:35:00,2016-05-03 03:36:00,5282.0,5281.0,5283.0,5281.0,5283.0,5283.0,5284.0,5282.0,17
2016-05-03 03:36:00,2016-05-03 03:37:00,5281.0,5280.0,5282.0,5280.0,5283.0,5282.0,5283.0,5281.0,8
2016-05-03 03:37:00,2016-05-03 03:38:00,5280.0,5281.0,5282.0,5280.0,5282.0,5283.0,5283.0,5281.0,10
2016-05-03 03:38:00,2016-05-03 03:39:00,5281.0,5281.0,5282.0,5281.0,5283.0,5282.0,5283.0,5282.0,9
2016-05-03 03:39:00,2016-05-03 03:40:00,5281.0,5279.0,5281.0,5279.0,5282.0,5280.0,5283.0,5280.0,14
2016-05-03 03:40:00,2016-05-03 03:41:00,5279.0,5278.0,5279.0,5278.0,5280.0,5280.0,5281.0,5279.0,45
2016-05-03 03:41:00,2016-05-03 03:42:00,5278.0,5277.0,5278.0,5277.0,5280.0,5278.0,5280.0,5278.0,7
2016-05-03 03:42:00,2016-05-03 03:43:00,5277.0,5277.0,5278.0,5276.0,5278.0,5278.0,5279.0,5277.0,30
2016-05-03 03:43:00,2016-05-03 03:44:00,5277.0,5275.0,5276.0,5274.0,5278.0,5276.0,5278.0,5275.0,32
2016-05-03 03:44:00,2016-05-03 03:45:00,5275.0,5275.0,5277.0,5275.0,5276.0,5276.0,5278.0,5276.0,34
2016-05-03 03:45:00,2016-05-03 03:46:00,5275.0,5275.0,5276.0,5274.0,5276.0,5277.0,5277.0,5275.0,23
2016-05-03 03:46:00,2016-05-03 03:47:00,5275.0,5275.0,5276.0,5274.0,5277.0,5277.0,5277.0,5275.0,22
2016-05-03 03:47:00,2016-05-03 03:48:00,5275.0,5275.0,5276.0,5275.0,5277.0,5276.0,5277.0,5276.0,19
2016-05-03 03:48:00,2016-05-03 03:50:00,5275.0,5275.0,5275.0,5274.0,5276.0,5276.0,5276.0,5275.0,30
2016-05-03 03:50:00,2016-05-03 03:51:00,5275.0,5276.0,5276.0,5274.0,5276.0,5277.0,5277.0,5275.0,24
2016-05-03 03:51:00,2016-05-03 03:52:00,5276.0,5278.0,5279.0,5276.0,5277.0,5279.0,5280.0,5278.0,28
2016-05-03 03:52:00,2016-05-03 03:53:00,5278.0,5277.0,5279.0,5277.0,5279.0,5278.0,5280.0,5278.0,12
2016-05-03 03:53:00,2016-05-03 03:54:00,5277.0,5280.0,5281.0,5277.0,5278.0,5282.0,5282.0,5278.0,39
2016-05-03 03:54:00,2016-05-03 03:55:00,5280.0,5279.0,5281.0,5279.0,5282.0,5280.0,5282.0,5280.0,17
2016-05-03 03:55:00,2016-05-03 03:56:00,5279.0,5276.0,5278.0,5276.0,5280.0,5277.0,5280.0,5277.0,12
2016-05-03 03:56:00,2016-05-03 03:57:00,5276.0,5278.0,5278.0,5276.0,5277.0,5279.0,5279.0,5277.0,22
2016-05-03 03:57:00,2016-05-03 03:58:00,5278.0,5277.0,5278.0,5277.0,5279.0,5278.0,5279.0,5278.0,10
2016-05-03 03:58:00,2016-05-03 03:59:00,5277.0,5277.0,5278.0,5275.0,5278.0,5279.0,5279.0,5277.0,17
2016-05-03 03:59:00,2016-05-03 04:00:00,5277.0,5277.0,5279.0,5277.0,5279.0,5279.0,5280.0,5278.0,14
2016-05-03 04:00:00,2016-05-03 04:01:00,5277.0,5275.0,5278.0,5275.0,5279.0,5276.0,5279.0,5276.0,9
2016-05-03 04:01:00,2016-05-03 04:02:00,5275.0,5274.0,5277.0,5274.0,5276.0,5275.0,5278.0,5275.0,36
2016-05-03 04:02:00,2016-05-03 04:03:00,5274.0,5273.0,5274.0,5273.0,5275.0,5274.0,5275.0,5274.0,10
2016-05-03 04:03:00,2016-05-03 04:04:00,5273.0,5274.0,5274.0,5273.0,5274.0,5275.0,5275.0,5274.0,16
2016-05-03 04:04:00,2016-05-03 04:05:00,5274.0,5274.0,5275.0,5274.0,5275.0,5276.0,5276.0,5275.0,11
2016-05-03 04:05:00,2016-05-03 04:06:00,5274.0,5275.0,5275.0,5274.0,5276.0,5276.0,5276.0,5275.0,21
2016-05-03 04:06:00,2016-05-03 04:07:00,5275.0,5274.0,5275.0,5274.0,5276.0,5275.0,5276.0,5275.0,10
2016-05-03 04:07:00,2016-05-03 04:09:00,5274.0,5276.0,5276.0,5274.0,5276.0,5277.0,5277.0,5275.0,29
2016-05-03 04:09:00,2016-05-03 04:10:00,5276.0,5275.0,5276.0,5275.0,5277.0,5277.0,5278.0,5276.0,17
2016-05-03 04:10:00,2016-05-03 04:11:00,5275.0,5276.0,5277.0,5275.0,5277.0,5277.0,5278.0,5276.0,7
2016-05-03 04:11:00,2016-05-03 04:12:00,5276.0,5276.0,5277.0,5275.0,5277.0,5278.0,5278.0,5277.0,17
2016-05-03 04:12:00,2016-05-03 04:13:00,5276.0,5274.0,5276.0,5274.0,5278.0,5275.0,5277.0,5275.0,5
2016-05-03 04:13:00,2016-05-03 04:15:00,5275.0,5275.0,5275.0,5274.0,5276.0,5276.0,5277.0,5275.0,10
2016-05-03 04:15:00,2016-05-03 04:16:00,5275.0,5276.0,5276.0,5275.0,5276.0,5277.0,5277.0,5276.0,8
2016-05-03 04:16:00,2016-05-03 04:17:00,5276.0,5275.0,5276.0,5275.0,5277.0,5277.0,5277.0,5276.0,11
2016-05-03 04:17:00,2016-05-03 04:18:00,5275.0,5276.0,5277.0,5275.0,5277.0,5278.0,5278.0,5276.0,10
2016-05-03 04:18:00,2016-05-03 04:19:00,5276.0,5278.0,5278.0,5277.0,5278.0,5279.0,5279.0,5278.0,25
2016-05-03 04:19:00,2016-05-03 04:20:00,5278.0,5278.0,5279.0,5278.0,5279.0,5279.0,5280.0,5279.0,12
2016-05-03 04:20:00,2016-05-03 04:21:00,5278.0,5275.0,5277.0,5275.0,5279.0,5276.0,5279.0,5276.0,18
2016-05-03 04:21:00,2016-05-03 04:22:00,5275.0,5279.0,5279.0,5275.0,5276.0,5280.0,5280.0,5277.0,16
2016-05-03 04:22:00,2016-05-03 04:23:00,5279.0,5279.0,5280.0,5277.0,5280.0,5281.0,5282.0,5279.0,26
2016-05-03 04:23:00,2016-05-03 04:24:00,5279.0,5279.0,5280.0,5279.0,5281.0,5280.0,5281.0,5280.0,13
2016-05-03 04:24:00,2016-05-03 04:25:00,5279.0,5281.0,5281.0,5279.0,5280.0,5282.0,5282.0,5280.0,16
2016-05-03 04:25:00,2016-05-03 04:26:00,5281.0,5280.0,5281.0,5279.0,5282.0,5281.0,5282.0,5280.0,17
2016-05-03 04:26:00,2016-05-03 04:27:00,5280.0,5275.0,5279.0,5273.0,5281.0,5277.0,5281.0,5275.0,36
2016-05-03 04:27:00,2016-05-03 04:28:00,5275.0,5274.0,5275.0,5270.0,5277.0,5276.0,5276.0,5271.0,79
2016-05-03 04:28:00,2016-05-03 04:29:00,5274.0,5271.0,5274.0,5271.0,5276.0,5273.0,5275.0,5273.0,24
2016-05-03 04:29:00,2016-05-03 04:30:00,5271.0,5313.0,5315.0,5271.0,5273.0,5314.0,5316.0,5274.0,259
2016-05-03 04:30:00,2016-05-03 04:31:00,5313.0,5321.0,5325.0,5313.0,5314.0,5322.0,5326.0,5315.0,222
2016-05-03 04:31:00,2016-05-03 04:32:00,5321.0,5316.0,5324.0,5316.0,5322.0,5318.0,5325.0,5317.0,101
2016-05-03 04:32:00,2016-05-03 04:33:00,5316.0,5316.0,5317.0,5315.0,5318.0,5317.0,5318.0,5316.0,92
2016-05-03 04:33:00,2016-05-03 04:34:00,5316.0,5318.0,5318.0,5315.0,5317.0,5319.0,5319.0,5316.0,26
2016-05-03 04:34:00,2016-05-03 04:35:00,5318.0,5322.0,5323.0,5318.0,5319.0,5323.0,5326.0,5319.0,42
2016-05-03 04:35:00,2016-05-03 04:36:00,5322.0,5334.0,5334.0,5321.0,5323.0,5335.0,5335.0,5322.0,115
2016-05-03 04:36:00,2016-05-03 04:37:00,5334.0,5331.0,5334.0,5328.0,5335.0,5332.0,5336.0,5329.0,66
2016-05-03 04:37:00,2016-05-03 04:38:00,5331.0,5330.0,5332.0,5329.0,5332.0,5331.0,5334.0,5330.0,43
2016-05-03 04:38:00,2016-05-03 04:39:00,5330.0,5326.0,5329.0,5325.0,5331.0,5327.0,5331.0,5326.0,46
2016-05-03 04:39:00,2016-05-03 04:40:00,5326.0,5328.0,5329.0,5324.0,5327.0,5329.0,5330.0,5325.0,33
2016-05-03 04:40:00,2016-05-03 04:41:00,5328.0,5327.0,5331.0,5327.0,5329.0,5328.0,5332.0,5328.0,41
2016-05-03 04:41:00,2016-05-03 04:42:00,5327.0,5323.0,5328.0,5323.0,5328.0,5324.0,5329.0,5324.0,38
2016-05-03 04:42:00,2016-05-03 04:43:00,5323.0,5322.0,5326.0,5322.0,5324.0,5323.0,5327.0,5323.0,28
2016-05-03 04:43:00,2016-05-03 04:44:00,5322.0,5319.0,5323.0,5318.0,5323.0,5320.0,5325.0,5320.0,53
2016-05-03 04:44:00,2016-05-03 04:45:00,5319.0,5314.0,5320.0,5314.0,5320.0,5315.0,5321.0,5315.0,42
2016-05-03 04:45:00,2016-05-03 04:46:00,5314.0,5313.0,5315.0,5312.0,5315.0,5314.0,5316.0,5313.0,56
2016-05-03 04:46:00,2016-05-03 04:47:00,5313.0,5317.0,5317.0,5312.0,5314.0,5318.0,5318.0,5313.0,64
2016-05-03 04:47:00,2016-05-03 04:48:00,5317.0,5314.0,5318.0,5313.0,5318.0,5315.0,5320.0,5314.0,43
2016-05-03 04:48:00,2016-05-03 04:49:00,5314.0,5313.0,5316.0,5313.0,5315.0,5314.0,5317.0,5314.0,24
2016-05-03 04:49:00,2016-05-03 04:50:00,5313.0,5314.0,5317.0,5313.0,5314.0,5315.0,5318.0,5314.0,38
2016-05-03 04:50:00,2016-05-03 04:51:00,5314.0,5317.0,5318.0,5314.0,5315.0,5318.0,5319.0,5315.0,30
2016-05-03 04:51:00,2016-05-03 04:52:00,5317.0,5322.0,5322.0,5317.0,5318.0,5323.0,5323.0,5318.0,52
2016-05-03 04:52:00,2016-05-03 04:53:00,5322.0,5322.0,5323.0,5319.0,5323.0,5323.0,5324.0,5320.0,60
2016-05-03 04:53:00,2016-05-03 04:54:00,5322.0,5321.0,5322.0,5319.0,5323.0,5322.0,5323.0,5320.0,38
2016-05-03 04:54:00,2016-05-03 04:55:00,5321.0,5319.0,5320.0,5317.0,5322.0,5320.0,5322.0,5318.0,22
2016-05-03 04:55:00,2016-05-03 04:56:00,5319.0,5319.0,5321.0,5319.0,5320.0,5320.0,5322.0,5320.0,16
2016-05-03 04:56:00,2016-05-03 04:57:00,5319.0,5318.0,5320.0,5318.0,5320.0,5319.0,5321.0,5319.0,36
2016-05-03 04:57:00,2016-05-03 04:58:00,5318.0,5318.0,5318.0,5317.0,5319.0,5320.0,5320.0,5318.0,13
2016-05-03 04:58:00,2016-05-03 04:59:00,5318.0,5322.0,5323.0,5318.0,5320.0,5324.0,5324.0,5320.0,48
2016-05-03 04:59:00,2016-05-03 05:00:00,5322.0,5322.0,5323.0,5319.0,5324.0,5323.0,5324.0,5320.0,67
2016-05-03 05:00:00,2016-05-03 05:01:00,5322.0,5323.0,5324.0,5320.0,5323.0,5324.0,5325.0,5321.0,50
2016-05-03 05:01:00,2016-05-03 05:02:00,5323.0,5324.0,5325.0,5322.0,5324.0,5325.0,5326.0,5323.0,52
2016-05-03 05:02:00,2016-05-03 05:03:00,5324.0,5330.0,5331.0,5324.0,5325.0,5331.0,5332.0,5326.0,104
2016-05-03 05:03:00,2016-05-03 05:04:00,5330.0,5333.0,5334.0,5329.0,5331.0,5334.0,5335.0,5330.0,50
2016-05-03 05:04:00,2016-05-03 05:05:00,5333.0,5336.0,5337.0,5332.0,5334.0,5337.0,5338.0,5333.0,50
2016-05-03 05:05:00,2016-05-03 05:06:00,5336.0,5338.0,5339.0,5334.0,5337.0,5339.0,5340.0,5335.0,94
2016-05-03 05:06:00,2016-05-03 05:07:00,5338.0,5338.0,5339.0,5336.0,5339.0,5339.0,5340.0,5337.0,50
2016-05-03 05:07:00,2016-05-03 05:08:00,5338.0,5343.0,5347.0,5338.0,5339.0,5344.0,5348.0,5339.0,94
2016-05-03 05:08:00,2016-05-03 05:09:00,5343.0,5338.0,5344.0,5336.0,5344.0,5339.0,5345.0,5337.0,40
2016-05-03 05:09:00,2016-05-03 05:10:00,5338.0,5339.0,5340.0,5337.0,5339.0,5340.0,5341.0,5338.0,30
2016-05-03 05:10:00,2016-05-03 05:11:00,5339.0,5344.0,5344.0,5339.0,5340.0,5345.0,5345.0,5340.0,52
2016-05-03 05:11:00,2016-05-03 05:12:00,5344.0,5339.0,5343.0,5339.0,5345.0,5340.0,5345.0,5340.0,71
2016-05-03 05:12:00,2016-05-03 05:13:00,5339.0,5343.0,5344.0,5339.0,5340.0,5344.0,5345.0,5341.0,30
2016-05-03 05:13:00,2016-05-03 05:14:00,5343.0,5343.0,5344.0,5341.0,5344.0,5344.0,5345.0,5342.0,44
2016-05-03 05:14:00,2016-05-03 05:15:00,5343.0,5342.0,5346.0,5341.0,5344.0,5343.0,5347.0,5342.0,54
2016-05-03 05:15:00,2016-05-03 05:16:00,5342.0,5342.0,5343.0,5341.0,5343.0,5343.0,5345.0,5342.0,36
2016-05-03 05:16:00,2016-05-03 05:17:00,5342.0,5342.0,5343.0,5340.0,5343.0,5343.0,5344.0,5341.0,38
2016-05-03 05:17:00,2016-05-03 05:18:00,5342.0,5340.0,5344.0,5340.0,5343.0,5341.0,5345.0,5341.0,24
2016-05-03 05:18:00,2016-05-03 05:19:00,5340.0,5341.0,5341.0,5339.0,5341.0,5342.0,5342.0,5340.0,36
2016-05-03 05:19:00,2016-05-03 05:20:00,5341.0,5342.0,5343.0,5340.0,5342.0,5343.0,5344.0,5341.0,22
2016-05-03 05:20:00,2016-05-03 05:21:00,5342.0,5344.0,5344.0,5342.0,5343.0,5345.0,5345.0,5344.0,30
2016-05-03 05:21:00,2016-05-03 05:22:00,5344.0,5349.0,5350.0,5344.0,5345.0,5350.0,5351.0,5345.0,68
2016-05-03 05:22:00,2016-05-03 05:23:00,5349.0,5349.0,5350.0,5348.0,5350.0,5350.0,5351.0,5349.0,44
2016-05-03 05:23:00,2016-05-03 05:24:00,5349.0,5349.0,5350.0,5346.0,5350.0,5350.0,5351.0,5347.0,53
2016-05-03 05:24:00,2016-05-03 05:25:00,5349.0,5352.0,5355.0,5348.0,5350.0,5353.0,5356.0,5349.0,66
2016-05-03 05:25:00,2016-05-03 05:26:00,5352.0,5353.0,5354.0,5350.0,5353.0,5354.0,5355.0,5351.0,48
2016-05-03 05:26:00,2016-05-03 05:27:00,5353.0,5353.0,5354.0,5352.0,5354.0,5354.0,5355.0,5353.0,48
2016-05-03 05:27:00,2016-05-03 05:28:00,5353.0,5353.0,5354.0,5351.0,5354.0,5355.0,5355.0,5353.0,39
2016-05-03 05:28:00,2016-05-03 05:29:00,5353.0,5354.0,5355.0,5352.0,5355.0,5355.0,5356.0,5353.0,19
2016-05-03 05:29:00,2016-05-03 05:30:00,5354.0,5354.0,5355.0,5354.0,5355.0,5356.0,5356.0,5355.0,27
2016-05-03 05:30:00,2016-05-03 05:31:00,5354.0,5357.0,5358.0,5355.0,5356.0,5358.0,5359.0,5356.0,47
2016-05-03 05:31:00,2016-05-03 05:32:00,5357.0,5356.0,5359.0,5356.0,5358.0,5357.0,5361.0,5357.0,32
2016-05-03 05:32:00,2016-05-03 05:33:00,5356.0,5355.0,5358.0,5355.0,5357.0,5356.0,5359.0,5356.0,38
2016-05-03 05:33:00,2016-05-03 05:34:00,5355.0,5357.0,5358.0,5355.0,5356.0,5358.0,5359.0,5356.0,34
2016-05-03 05:34:00,2016-05-03 05:35:00,5357.0,5357.0,5357.0,5355.0,5358.0,5358.0,5358.0,5356.0,32
2016-05-03 05:35:00,2016-05-03 05:36:00,5357.0,5358.0,5359.0,5356.0,5358.0,5359.0,5360.0,5357.0,36
2016-05-03 05:36:00,2016-05-03 05:37:00,5358.0,5358.0,5358.0,5356.0,5359.0,5359.0,5359.0,5357.0,52
2016-05-03 05:37:00,2016-05-03 05:38:00,5358.0,5360.0,5360.0,5357.0,5359.0,5361.0,5361.0,5358.0,40
2016-05-03 05:38:00,2016-05-03 05:39:00,5360.0,5360.0,5362.0,5360.0,5361.0,5361.0,5363.0,5361.0,26
2016-05-03 05:39:00,2016-05-03 05:40:00,5360.0,5358.0,5361.0,5357.0,5361.0,5359.0,5362.0,5358.0,34
2016-05-03 05:40:00,2016-05-03 05:41:00,5358.0,5356.0,5358.0,5356.0,5359.0,5358.0,5359.0,5357.0,57
2016-05-03 05:41:00,2016-05-03 05:42:00,5356.0,5356.0,5358.0,5356.0,5358.0,5357.0,5359.0,5357.0,11
2016-05-03 05:42:00,2016-05-03 05:43:00,5356.0,5355.0,5357.0,5354.0,5357.0,5356.0,5358.0,5355.0,28
2016-05-03 05:43:00,2016-05-03 05:44:00,5355.0,5354.0,5356.0,5354.0,5356.0,5355.0,5357.0,5355.0,8
2016-05-03 05:44:00,2016-05-03 05:45:00,5354.0,5354.0,5354.0,5352.0,5355.0,5355.0,5355.0,5353.0,37
2016-05-03 05:45:00,2016-05-03 05:46:00,5354.0,5351.0,5353.0,5351.0,5355.0,5352.0,5355.0,5352.0,34
2016-05-03 05:46:00,2016-05-03 05:47:00,5351.0,5348.0,5350.0,5346.0,5352.0,5349.0,5352.0,5348.0,42
2016-05-03 05:47:00,2016-05-03 05:48:00,5348.0,5344.0,5347.0,5344.0,5349.0,5345.0,5349.0,5345.0,20
2016-05-03 05:48:00,2016-05-03 05:49:00,5344.0,5349.0,5350.0,5344.0,5345.0,5350.0,5351.0,5345.0,56
2016-05-03 05:49:00,2016-05-03 05:50:00,5349.0,5350.0,5351.0,5347.0,5350.0,5351.0,5352.0,5348.0,66
2016-05-03 05:50:00,2016-05-03 05:51:00,5350.0,5348.0,5349.0,5345.0,5351.0,5349.0,5351.0,5346.0,44
2016-05-03 05:51:00,2016-05-03 05:52:00,5348.0,5350.0,5350.0,5348.0,5349.0,5351.0,5351.0,5349.0,10
2016-05-03 05:52:00,2016-05-03 05:53:00,5350.0,5348.0,5350.0,5348.0,5351.0,5350.0,5352.0,5349.0,25
2016-05-03 05:53:00,2016-05-03 05:54:00,5348.0,5346.0,5350.0,5346.0,5350.0,5347.0,5351.0,5347.0,35
2016-05-03 05:54:00,2016-05-03 05:55:00,5346.0,5352.0,5352.0,5346.0,5347.0,5353.0,5353.0,5348.0,52
2016-05-03 05:55:00,2016-05-03 05:56:00,5352.0,5350.0,5351.0,5349.0,5353.0,5351.0,5353.0,5350.0,46
2016-05-03 05:56:00,2016-05-03 05:57:00,5350.0,5350.0,5351.0,5348.0,5351.0,5352.0,5352.0,5349.0,79
2016-05-03 05:57:00,2016-05-03 05:58:00,5350.0,5349.0,5351.0,5349.0,5352.0,5350.0,5353.0,5350.0,167
2016-05-03 05:58:00,2016-05-03 05:59:00,5349.0,5353.0,5354.0,5348.0,5350.0,5355.0,5355.0,5349.0,61
2016-05-03 05:59:00,2016-05-03 06:00:00,5353.0,5351.0,5353.0,5347.0,5355.0,5352.0,5354.0,5348.0,149
2016-05-03 06:00:00,2016-05-03 06:01:00,5351.0,5358.0,5358.0,5351.0,5352.0,5359.0,5359.0,5352.0,36
2016-05-03 06:01:00,2016-05-03 06:02:00,5358.0,5358.0,5360.0,5354.0,5359.0,5359.0,5361.0,5355.0,59
2016-05-03 06:02:00,2016-05-03 06:03:00,5358.0,5356.0,5358.0,5354.0,5359.0,5357.0,5359.0,5355.0,48
2016-05-03 06:03:00,2016-05-03 06:04:00,5356.0,5357.0,5358.0,5356.0,5357.0,5358.0,5359.0,5358.0,16
2016-05-03 06:04:00,2016-05-03 06:05:00,5357.0,5360.0,5360.0,5356.0,5358.0,5361.0,5361.0,5358.0,39
2016-05-03 06:05:00,2016-05-03 06:06:00,5360.0,5358.0,5360.0,5357.0,5361.0,5359.0,5361.0,5358.0,34
2016-05-03 06:06:00,2016-05-03 06:08:00,5360.0,5362.0,5362.0,5360.0,5361.0,5363.0,5363.0,5361.0,42
2016-05-03 06:08:00,2016-05-03 06:09:00,5362.0,5358.0,5362.0,5357.0,5363.0,5359.0,5363.0,5358.0,111
2016-05-03 06:09:00,2016-05-03 06:10:00,5358.0,5359.0,5359.0,5355.0,5359.0,5360.0,5360.0,5356.0,75
2016-05-03 06:10:00,2016-05-03 06:11:00,5359.0,5363.0,5363.0,5359.0,5360.0,5364.0,5364.0,5361.0,46
2016-05-03 06:11:00,2016-05-03 06:12:00,5363.0,5362.0,5364.0,5360.0,5364.0,5363.0,5365.0,5361.0,26
2016-05-03 06:12:00,2016-05-03 06:13:00,5362.0,5361.0,5363.0,5361.0,5363.0,5362.0,5364.0,5362.0,44
2016-05-03 06:13:00,2016-05-03 06:14:00,5361.0,5360.0,5363.0,5360.0,5362.0,5361.0,5364.0,5361.0,20
2016-05-03 06:14:00,2016-05-03 06:15:00,5360.0,5359.0,5363.0,5359.0,5361.0,5361.0,5364.0,5361.0,41
2016-05-03 06:15:00,2016-05-03 06:16:00,5359.0,5360.0,5362.0,5360.0,5361.0,5361.0,5363.0,5361.0,25
2016-05-03 06:16:00,2016-05-03 06:18:00,5359.0,5358.0,5359.0,5357.0,5360.0,5359.0,5362.0,5358.0,22
2016-05-03 06:18:00,2016-05-03 06:19:00,5358.0,5358.0,5359.0,5357.0,5359.0,5359.0,5360.0,5358.0,70
2016-05-03 06:19:00,2016-05-03 06:20:00,5358.0,5361.0,5361.0,5357.0,5359.0,5362.0,5362.0,5358.0,74
2016-05-03 06:20:00,2016-05-03 06:21:00,5361.0,5360.0,5362.0,5360.0,5362.0,5362.0,5363.0,5361.0,23
2016-05-03 06:21:00,2016-05-03 06:22:00,5360.0,5360.0,5363.0,5360.0,5362.0,5361.0,5364.0,5361.0,25
2016-05-03 06:22:00,2016-05-03 06:23:00,5360.0,5358.0,5360.0,5358.0,5361.0,5359.0,5361.0,5359.0,12
2016-05-03 06:23:00,2016-05-03 06:24:00,5358.0,5360.0,5362.0,5358.0,5359.0,5361.0,5363.0,5359.0,27
2016-05-03 06:24:00,2016-05-03 06:27:00,5360.0,5363.0,5363.0,5359.0,5361.0,5364.0,5364.0,5360.0,10
2016-05-03 06:27:00,2016-05-03 06:28:00,5363.0,5372.0,5375.0,5363.0,5364.0,5373.0,5376.0,5365.0,85
2016-05-03 06:28:00,2016-05-03 06:29:00,5372.0,5377.0,5378.0,5371.0,5373.0,5379.0,5380.0,5372.0,78
2016-05-03 06:29:00,2016-05-03 07:10:00,5376.0,5368.0,5373.0,5368.0,5380.0,5369.0,5374.0,5369.0,38
2016-05-03 07:10:00,2016-05-03 07:11:00,5368.0,5366.0,5367.0,5365.0,5369.0,5367.0,5370.0,5366.0,15
2016-05-03 07:11:00,2016-05-03 07:12:00,5366.0,5365.0,5365.0,5364.0,5367.0,5366.0,5367.0,5365.0,18
2016-05-03 07:12:00,2016-05-03 07:14:00,5365.0,5364.0,5365.0,5363.0,5366.0,5365.0,5366.0,5364.0,14
2016-05-03 07:14:00,2016-05-03 07:15:00,5364.0,5363.0,5363.0,5362.0,5365.0,5365.0,5365.0,5363.0,6
2016-05-03 07:15:00,2016-05-03 07:19:00,5362.0,5361.0,5363.0,5361.0,5363.0,5363.0,5366.0,5363.0,5
2016-05-03 07:19:00,2016-05-03 07:21:00,5363.0,5362.0,5363.0,5362.0,5364.0,5363.0,5365.0,5363.0,14
2016-05-03 07:21:00,2016-05-03 07:22:00,5362.0,5359.0,5362.0,5359.0,5363.0,5360.0,5363.0,5360.0,10
2016-05-03 07:22:00,2016-05-03 07:23:00,5359.0,5358.0,5360.0,5357.0,5360.0,5360.0,5361.0,5358.0,23
2016-05-03 07:23:00,2016-05-03 07:24:00,5358.0,5359.0,5359.0,5356.0,5360.0,5360.0,5362.0,5359.0,14
2016-05-03 07:24:00,2016-05-03 07:26:00,5359.0,5359.0,5360.0,5358.0,5360.0,5360.0,5361.0,5359.0,8
2016-05-03 07:26:00,2016-05-03 07:28:00,5359.0,5359.0,5359.0,5356.0,5360.0,5360.0,5360.0,5358.0,12
2016-05-03 07:28:00,2016-05-03 07:30:00,5359.0,5359.0,5359.0,5357.0,5360.0,5360.0,5360.0,5359.0,10
2016-05-03 07:30:00,2016-05-03 07:31:00,5359.0,5358.0,5359.0,5357.0,5360.0,5360.0,5361.0,5359.0,16
2016-05-03 07:31:00,2016-05-03 07:32:00,5358.0,5358.0,5358.0,5357.0,5360.0,5359.0,5361.0,5358.0,15
2016-05-03 07:32:00,2016-05-03 07:35:00,5355.0,5355.0,5356.0,5354.0,5356.0,5357.0,5357.0,5355.0,17
2016-05-03 07:35:00,2016-05-03 07:37:00,5356.0,5356.0,5356.0,5355.0,5357.0,5357.0,5358.0,5356.0,8
2016-05-03 07:37:00,2016-05-03 07:39:00,5355.0,5355.0,5356.0,5355.0,5356.0,5357.0,5357.0,5356.0,5
2016-05-03 07:39:00,2016-05-03 07:40:00,5355.0,5355.0,5356.0,5354.0,5357.0,5356.0,5357.0,5355.0,18
2016-05-03 07:40:00,2016-05-03 07:42:00,5354.0,5354.0,5355.0,5353.0,5356.0,5356.0,5356.0,5354.0,10
2016-05-03 07:42:00,2016-05-03 07:43:00,5354.0,5354.0,5355.0,5353.0,5356.0,5355.0,5356.0,5355.0,7
2016-05-03 07:43:00,2016-05-03 07:45:00,5353.0,5350.0,5353.0,5349.0,5355.0,5352.0,5354.0,5350.0,33
2016-05-03 07:45:00,2016-05-03 07:46:00,5350.0,5350.0,5351.0,5350.0,5352.0,5351.0,5352.0,5351.0,19
2016-05-03 07:46:00,2016-05-03 07:47:00,5350.0,5350.0,5351.0,5349.0,5351.0,5351.0,5352.0,5351.0,14
2016-05-03 07:47:00,2016-05-03 07:48:00,5350.0,5350.0,5351.0,5349.0,5351.0,5351.0,5353.0,5350.0,14
2016-05-03 07:48:00,2016-05-03 07:49:00,5350.0,5349.0,5351.0,5349.0,5351.0,5350.0,5353.0,5350.0,12
2016-05-03 07:49:00,2016-05-03 07:50:00,5349.0,5346.0,5349.0,5346.0,5350.0,5347.0,5350.0,5347.0,20
2016-05-03 07:50:00,2016-05-03 07:53:00,5347.0,5346.0,5346.0,5345.0,5348.0,5348.0,5348.0,5347.0,5
2016-05-03 07:53:00,2016-05-03 07:54:00,5346.0,5346.0,5346.0,5345.0,5348.0,5347.0,5347.0,5346.0,7
2016-05-03 07:54:00,2016-05-03 07:58:00,5345.0,5343.0,5344.0,5343.0,5346.0,5346.0,5346.0,5344.0,16
2016-05-03 07:58:00,2016-05-03 07:59:00,5343.0,5343.0,5344.0,5342.0,5346.0,5344.0,5346.0,5344.0,12
2016-05-03 07:59:00,2016-05-03 08:02:00,5342.0,5341.0,5342.0,5341.0,5343.0,5343.0,5344.0,5342.0,13
2016-05-03 08:02:00,2016-05-03 08:05:00,5343.0,5343.0,5343.0,5342.0,5344.0,5344.0,5344.0,5344.0,4
2016-05-03 08:05:00,2016-05-03 08:07:00,5344.0,5344.0,5344.0,5343.0,5345.0,5345.0,5346.0,5344.0,33
2016-05-03 08:07:00,2016-05-03 08:08:00,5344.0,5343.0,5343.0,5342.0,5345.0,5345.0,5345.0,5345.0,3
2016-05-03 08:08:00,2016-05-03 08:09:00,5343.0,5344.0,5344.0,5342.0,5345.0,5345.0,5345.0,5344.0,47
2016-05-03 08:09:00,2016-05-03 08:10:00,5344.0,5343.0,5344.0,5342.0,5345.0,5344.0,5345.0,5343.0,32
2016-05-03 08:10:00,2016-05-03 08:11:00,5343.0,5344.0,5344.0,5342.0,5344.0,5345.0,5346.0,5343.0,12
2016-05-03 08:11:00,2016-05-03 08:12:00,5344.0,5343.0,5344.0,5341.0,5345.0,5344.0,5346.0,5343.0,23
2016-05-03 08:12:00,2016-05-03 08:14:00,5344.0,5344.0,5345.0,5342.0,5345.0,5345.0,5348.0,5345.0,10
2016-05-03 08:14:00,2016-05-03 08:15:00,5344.0,5343.0,5344.0,5342.0,5345.0,5344.0,5346.0,5344.0,9
2016-05-03 08:15:00,2016-05-03 08:16:00,5343.0,5343.0,5344.0,5342.0,5344.0,5344.0,5345.0,5344.0,10
2016-05-03 08:16:00,2016-05-03 08:22:00,5339.0,5337.0,5338.0,5337.0,5340.0,5338.0,5340.0,5338.0,18
2016-05-03 08:22:00,2016-05-03 08:23:00,5337.0,5337.0,5337.0,5337.0,5338.0,5338.0,5339.0,5338.0,6
2016-05-03 08:23:00,2016-05-03 08:24:00,5337.0,5338.0,5338.0,5337.0,5338.0,5339.0,5339.0,5338.0,32
2016-05-03 08:24:00,2016-05-03 08:25:00,5338.0,5338.0,5338.0,5336.0,5339.0,5339.0,5341.0,5338.0,18
2016-05-03 08:25:00,2016-05-03 08:27:00,5338.0,5339.0,5340.0,5336.0,5339.0,5340.0,5341.0,5338.0,58
2016-05-03 08:27:00,2016-05-03 08:29:00,5339.0,5341.0,5341.0,5338.0,5340.0,5342.0,5342.0,5340.0,10
2016-05-03 08:29:00,2016-05-03 08:30:00,5341.0,5341.0,5342.0,5340.0,5342.0,5342.0,5343.0,5341.0,60
2016-05-03 08:30:00,2016-05-03 08:33:00,5342.0,5342.0,5342.0,5341.0,5343.0,5343.0,5343.0,5342.0,32
2016-05-03 08:33:00,2016-05-03 08:37:00,5342.0,5341.0,5341.0,5341.0,5343.0,5343.0,5344.0,5343.0,2
2016-05-03 08:37:00,2016-05-03 08:38:00,5341.0,5340.0,5340.0,5340.0,5343.0,5343.0,5343.0,5343.0,1
2016-05-03 08:38:00,2016-05-03 08:39:00,5340.0,5339.0,5340.0,5336.0,5343.0,5340.0,5342.0,5339.0,15
2016-05-03 08:39:00,2016-05-03 08:40:00,5339.0,5339.0,5339.0,5338.0,5340.0,5340.0,5342.0,5339.0,9
2016-05-03 08:40:00,2016-05-03 08:41:00,5339.0,5340.0,5341.0,5339.0,5340.0,5341.0,5342.0,5340.0,29
2016-05-03 08:41:00,2016-05-03 08:43:00,5339.0,5339.0,5341.0,5339.0,5341.0,5341.0,5342.0,5340.0,14
2016-05-03 08:43:00,2016-05-03 08:45:00,5339.0,5340.0,5341.0,5339.0,5341.0,5342.0,5342.0,5340.0,18
2016-05-03 08:45:00,2016-05-03 08:46:00,5340.0,5341.0,5343.0,5341.0,5342.0,5343.0,5344.0,5342.0,45
2016-05-03 08:46:00,2016-05-03 08:47:00,5341.0,5341.0,5341.0,5341.0,5343.0,5342.0,5342.0,5342.0,1
2016-05-03 08:47:00,2016-05-03 08:48:00,5341.0,5339.0,5341.0,5339.0,5342.0,5341.0,5342.0,5341.0,9
2016-05-03 08:48:00,2016-05-03 08:49:00,5339.0,5340.0,5341.0,5339.0,5341.0,5341.0,5342.0,5340.0,18
2016-05-03 08:49:00,2016-05-03 08:50:00,5340.0,5339.0,5340.0,5337.0,5341.0,5340.0,5342.0,5340.0,8
2016-05-03 08:50:00,2016-05-03 08:51:00,5339.0,5337.0,5338.0,5337.0,5340.0,5339.0,5340.0,5338.0,19
2016-05-03 08:51:00,2016-05-03 08:52:00,5337.0,5335.0,5337.0,5335.0,5339.0,5339.0,5339.0,5338.0,3
2016-05-03 08:52:00,2016-05-03 08:53:00,5335.0,5336.0,5337.0,5336.0,5339.0,5337.0,5339.0,5337.0,24
2016-05-03 08:53:00,2016-05-03 08:55:00,5336.0,5336.0,5337.0,5336.0,5337.0,5338.0,5338.0,5337.0,7
2016-05-03 08:55:00,2016-05-03 08:56:00,5336.0,5337.0,5337.0,5336.0,5338.0,5338.0,5338.0,5337.0,19
2016-05-03 08:56:00,2016-05-03 08:58:00,5337.0,5338.0,5338.0,5336.0,5338.0,5339.0,5340.0,5337.0,22
2016-05-03 08:58:00,2016-05-03 09:01:00,5336.0,5336.0,5338.0,5336.0,5338.0,5338.0,5339.0,5337.0,34
2016-05-03 09:01:00,2016-05-03 09:02:00,5336.0,5336.0,5337.0,5336.0,5338.0,5338.0,5338.0,5337.0,6
2016-05-03 09:02:00,2016-05-03 09:03:00,5336.0,5336.0,5336.0,5335.0,5338.0,5337.0,5338.0,5337.0,3
2016-05-03 09:03:00,2016-05-03 09:05:00,5336.0,5333.0,5335.0,5333.0,5337.0,5335.0,5337.0,5335.0,9
2016-05-03 09:05:00,2016-05-03 09:07:00,5332.0,5330.0,5331.0,5329.0,5333.0,5331.0,5333.0,5330.0,16
2016-05-03 09:07:00,2016-05-03 09:08:00,5330.0,5331.0,5331.0,5329.0,5331.0,5332.0,5333.0,5331.0,6
2016-05-03 09:08:00,2016-05-03 09:10:00,5331.0,5332.0,5334.0,5331.0,5332.0,5334.0,5335.0,5333.0,11
2016-05-03 09:10:00,2016-05-03 09:11:00,5332.0,5333.0,5334.0,5333.0,5334.0,5335.0,5335.0,5334.0,4
2016-05-03 09:11:00,2016-05-03 09:12:00,5333.0,5336.0,5336.0,5332.0,5335.0,5338.0,5338.0,5336.0,12
2016-05-03 09:12:00,2016-05-03 09:13:00,5336.0,5337.0,5337.0,5336.0,5338.0,5338.0,5338.0,5338.0,3
2016-05-03 09:13:00,2016-05-03 09:14:00,5337.0,5336.0,5337.0,5336.0,5338.0,5337.0,5338.0,5337.0,4
2016-05-03 09:14:00,2016-05-03 09:15:00,5336.0,5335.0,5335.0,5334.0,5337.0,5336.0,5337.0,5335.0,17
2016-05-03 09:15:00,2016-05-03 09:18:00,5335.0,5335.0,5336.0,5334.0,5336.0,5336.0,5338.0,5336.0,11
2016-05-03 09:18:00,2016-05-03 09:21:00,5335.0,5335.0,5335.0,5334.0,5336.0,5336.0,5336.0,5335.0,12
2016-05-03 09:21:00,2016-05-03 09:24:00,5335.0,5336.0,5336.0,5335.0,5336.0,5337.0,5338.0,5337.0,12
2016-05-03 09:24:00,2016-05-03 09:26:00,5335.0,5337.0,5337.0,5333.0,5336.0,5338.0,5338.0,5335.0,30
2016-05-03 09:26:00,2016-05-03 09:28:00,5337.0,5340.0,5340.0,5337.0,5338.0,5342.0,5342.0,5339.0,9
2016-05-03 09:28:00,2016-05-03 09:30:00,5340.0,5340.0,5341.0,5340.0,5341.0,5341.0,5342.0,5341.0,8
2016-05-03 09:30:00,2016-05-03 09:31:00,5340.0,5340.0,5340.0,5339.0,5341.0,5341.0,5342.0,5341.0,2
2016-05-03 09:31:00,2016-05-03 09:34:00,5337.0,5336.0,5337.0,5336.0,5338.0,5337.0,5338.0,5337.0,6
2016-05-03 09:34:00,2016-05-03 09:38:00,5335.0,5334.0,5335.0,5334.0,5336.0,5336.0,5336.0,5335.0,13
2016-05-03 09:38:00,2016-05-03 09:40:00,5336.0,5337.0,5337.0,5335.0,5337.0,5339.0,5339.0,5337.0,4
2016-05-03 09:40:00,2016-05-03 09:41:00,5337.0,5337.0,5338.0,5336.0,5339.0,5338.0,5340.0,5338.0,7
2016-05-03 09:41:00,2016-05-03 09:42:00,5337.0,5335.0,5338.0,5335.0,5338.0,5337.0,5339.0,5337.0,7
2016-05-03 09:42:00,2016-05-03 09:43:00,5335.0,5335.0,5335.0,5333.0,5337.0,5336.0,5337.0,5335.0,8
2016-05-03 09:43:00,2016-05-03 09:48:00,5336.0,5338.0,5338.0,5336.0,5337.0,5339.0,5339.0,5338.0,14
2016-05-03 09:48:00,2016-05-03 09:49:00,5338.0,5339.0,5339.0,5338.0,5339.0,5340.0,5342.0,5340.0,8
2016-05-03 09:49:00,2016-05-03 09:50:00,5339.0,5339.0,5339.0,5338.0,5340.0,5340.0,5341.0,5340.0,14
2016-05-03 09:50:00,2016-05-03 09:54:00,5338.0,5338.0,5338.0,5336.0,5340.0,5339.0,5342.0,5338.0,11
2016-05-03 09:54:00,2016-05-03 09:56:00,5337.0,5335.0,5337.0,5335.0,5338.0,5337.0,5339.0,5337.0,7
2016-05-03 09:56:00,2016-05-03 10:00:00,5335.0,5334.0,5335.0,5334.0,5337.0,5335.0,5337.0,5335.0,12
2016-05-03 10:00:00,2016-05-03 10:02:00,5333.0,5334.0,5334.0,5333.0,5334.0,5336.0,5337.0,5335.0,5
2016-05-03 10:02:00,2016-05-03 10:05:00,5333.0,5333.0,5333.0,5332.0,5335.0,5335.0,5335.0,5333.0,6
2016-05-03 10:05:00,2016-05-03 10:07:00,5333.0,5333.0,5334.0,5333.0,5335.0,5334.0,5335.0,5334.0,7
2016-05-03 10:07:00,2016-05-03 10:08:00,5333.0,5333.0,5333.0,5332.0,5334.0,5335.0,5335.0,5334.0,3
2016-05-03 10:08:00,2016-05-03 10:09:00,5333.0,5332.0,5333.0,5331.0,5335.0,5334.0,5337.0,5334.0,5
2016-05-03 10:09:00,2016-05-03 10:14:00,5333.0,5333.0,5334.0,5332.0,5334.0,5335.0,5335.0,5333.0,7
2016-05-03 10:14:00,2016-05-03 10:19:00,5333.0,5331.0,5332.0,5330.0,5334.0,5333.0,5335.0,5332.0,10
2016-05-03 10:19:00,2016-05-03 10:21:00,5331.0,5331.0,5331.0,5330.0,5332.0,5332.0,5333.0,5332.0,2
2016-05-03 10:21:00,2016-05-03 10:24:00,5330.0,5332.0,5332.0,5330.0,5331.0,5333.0,5333.0,5332.0,4
2016-05-03 10:24:00,2016-05-03 10:29:00,5333.0,5335.0,5335.0,5333.0,5334.0,5336.0,5336.0,5335.0,4
2016-05-03 10:29:00,2016-05-03 10:32:00,5335.0,5334.0,5335.0,5334.0,5336.0,5335.0,5337.0,5335.0,4
2016-05-03 10:32:00,2016-05-03 10:34:00,5334.0,5333.0,5334.0,5332.0,5335.0,5334.0,5337.0,5334.0,4
2016-05-03 10:34:00,2016-05-03 10:35:00,5333.0,5330.0,5332.0,5330.0,5334.0,5332.0,5334.0,5332.0,9
2016-05-03 10:35:00,2016-05-03 10:38:00,5329.0,5330.0,5330.0,5328.0,5330.0,5331.0,5332.0,5330.0,6
2016-05-03 10:38:00,2016-05-03 10:39:00,5330.0,5331.0,5331.0,5330.0,5331.0,5333.0,5333.0,5332.0,11
2016-05-03 10:39:00,2016-05-03 10:40:00,5331.0,5331.0,5331.0,5330.0,5333.0,5332.0,5332.0,5332.0,5
2016-05-03 10:40:00,2016-05-03 10:44:00,5329.0,5328.0,5328.0,5327.0,5330.0,5330.0,5331.0,5330.0,3
2016-05-03 10:44:00,2016-05-03 10:47:00,5328.0,5327.0,5328.0,5326.0,5329.0,5328.0,5331.0,5328.0,4
2016-05-03 10:47:00,2016-05-03 10:57:00,5326.0,5326.0,5327.0,5324.0,5327.0,5328.0,5329.0,5327.0,8
2016-05-03 10:57:00,2016-05-03 10:58:00,5326.0,5327.0,5328.0,5326.0,5328.0,5329.0,5329.0,5327.0,6
2016-05-03 10:58:00,2016-05-03 10:59:00,5327.0,5326.0,5327.0,5325.0,5329.0,5327.0,5329.0,5327.0,4
2016-05-03 10:59:00,2016-05-03 11:01:00,5325.0,5325.0,5326.0,5325.0,5326.0,5326.0,5329.0,5326.0,11
2016-05-03 11:01:00,2016-05-03 11:03:00,5326.0,5326.0,5327.0,5326.0,5327.0,5328.0,5329.0,5328.0,5
2016-05-03 11:03:00,2016-05-03 11:08:00,5328.0,5330.0,5332.0,5327.0,5329.0,5332.0,5333.0,5329.0,14
2016-05-03 11:08:00,2016-05-03 11:09:00,5330.0,5329.0,5330.0,5329.0,5332.0,5331.0,5332.0,5330.0,11
2016-05-03 11:09:00,2016-05-03 11:10:00,5329.0,5330.0,5330.0,5327.0,5331.0,5331.0,5333.0,5331.0,4
2016-05-03 11:10:00,2016-05-03 11:11:00,5330.0,5333.0,5333.0,5330.0,5331.0,5334.0,5334.0,5332.0,10
2016-05-03 11:11:00,2016-05-03 11:12:00,5333.0,5334.0,5335.0,5332.0,5334.0,5336.0,5337.0,5335.0,12
2016-05-03 11:12:00,2016-05-03 11:13:00,5334.0,5336.0,5336.0,5334.0,5336.0,5337.0,5338.0,5336.0,9
2016-05-03 11:13:00,2016-05-03 11:14:00,5336.0,5337.0,5337.0,5336.0,5337.0,5338.0,5339.0,5337.0,12
2016-05-03 11:14:00,2016-05-03 11:15:00,5337.0,5336.0,5336.0,5336.0,5338.0,5337.0,5338.0,5337.0,24
2016-05-03 11:15:00,2016-05-03 11:16:00,5336.0,5336.0,5337.0,5336.0,5337.0,5337.0,5339.0,5337.0,6
2016-05-03 11:16:00,2016-05-03 11:20:00,5335.0,5335.0,5335.0,5333.0,5336.0,5336.0,5336.0,5335.0,6
2016-05-03 11:20:00,2016-05-03 11:21:00,5335.0,5336.0,5336.0,5335.0,5336.0,5338.0,5338.0,5337.0,5
2016-05-03 11:21:00,2016-05-03 11:22:00,5336.0,5336.0,5337.0,5335.0,5338.0,5337.0,5339.0,5337.0,9
2016-05-03 11:22:00,2016-05-03 11:24:00,5337.0,5339.0,5339.0,5336.0,5338.0,5340.0,5340.0,5337.0,10
2016-05-03 11:24:00,2016-05-03 11:25:00,5339.0,5337.0,5339.0,5337.0,5340.0,5339.0,5341.0,5339.0,7
2016-05-03 11:25:00,2016-05-03 11:29:00,5337.0,5335.0,5336.0,5334.0,5338.0,5336.0,5338.0,5335.0,8
2016-05-03 11:29:00,2016-05-03 11:30:00,5335.0,5334.0,5335.0,5334.0,5336.0,5335.0,5339.0,5335.0,12
2016-05-03 11:30:00,2016-05-03 11:32:00,5333.0,5332.0,5335.0,5332.0,5334.0,5333.0,5338.0,5333.0,25
2016-05-03 11:32:00,2016-05-03 11:35:00,5331.0,5330.0,5331.0,5329.0,5332.0,5331.0,5333.0,5331.0,9
2016-05-03 11:35:00,2016-05-03 11:37:00,5329.0,5328.0,5328.0,5327.0,5330.0,5330.0,5331.0,5329.0,5
2016-05-03 11:37:00,2016-05-03 11:38:00,5328.0,5326.0,5328.0,5326.0,5330.0,5327.0,5329.0,5327.0,21
2016-05-03 11:38:00,2016-05-03 11:41:00,5326.0,5327.0,5327.0,5326.0,5327.0,5328.0,5328.0,5327.0,6
2016-05-03 11:41:00,2016-05-03 11:42:00,5327.0,5326.0,5327.0,5325.0,5328.0,5327.0,5328.0,5326.0,24
2016-05-03 11:42:00,2016-05-03 11:45:00,5326.0,5325.0,5326.0,5325.0,5327.0,5326.0,5327.0,5326.0,14
2016-05-03 11:45:00,2016-05-03 11:48:00,5325.0,5326.0,5326.0,5324.0,5326.0,5327.0,5329.0,5326.0,12
2016-05-03 11:48:00,2016-05-03 11:50:00,5325.0,5326.0,5326.0,5325.0,5327.0,5327.0,5328.0,5327.0,5
2016-05-03 11:50:00,2016-05-03 11:51:00,5326.0,5326.0,5326.0,5325.0,5327.0,5327.0,5327.0,5326.0,8
2016-05-03 11:51:00,2016-05-03 11:54:00,5325.0,5325.0,5326.0,5325.0,5327.0,5327.0,5327.0,5327.0,2
2016-05-03 11:54:00,2016-05-03 11:57:00,5326.0,5327.0,5328.0,5325.0,5327.0,5328.0,5329.0,5327.0,9
2016-05-03 11:57:00,2016-05-03 12:01:00,5329.0,5329.0,5329.0,5327.0,5330.0,5330.0,5332.0,5330.0,2
2016-05-03 12:01:00,2016-05-03 12:03:00,5328.0,5327.0,5328.0,5327.0,5329.0,5328.0,5330.0,5328.0,6
2016-05-03 12:03:00,2016-05-03 12:04:00,5327.0,5328.0,5329.0,5327.0,5328.0,5329.0,5330.0,5329.0,8
2016-05-03 12:04:00,2016-05-03 12:05:00,5328.0,5332.0,5332.0,5328.0,5329.0,5334.0,5335.0,5330.0,16
2016-05-03 12:05:00,2016-05-03 12:06:00,5332.0,5333.0,5333.0,5332.0,5334.0,5334.0,5334.0,5333.0,5
2016-05-03 12:06:00,2016-05-03 12:08:00,5334.0,5337.0,5337.0,5334.0,5335.0,5338.0,5339.0,5336.0,8
2016-05-03 12:08:00,2016-05-03 12:10:00,5336.0,5338.0,5338.0,5336.0,5337.0,5339.0,5339.0,5338.0,6
2016-05-03 12:10:00,2016-05-03 12:11:00,5338.0,5338.0,5339.0,5338.0,5339.0,5339.0,5340.0,5339.0,16
2016-05-03 12:11:00,2016-05-03 12:12:00,5338.0,5340.0,5340.0,5338.0,5339.0,5341.0,5341.0,5340.0,8
2016-05-03 12:12:00,2016-05-03 12:16:00,5340.0,5339.0,5340.0,5339.0,5341.0,5340.0,5342.0,5340.0,4
2016-05-03 12:16:00,2016-05-03 12:17:00,5339.0,5338.0,5339.0,5338.0,5340.0,5340.0,5340.0,5339.0,5
2016-05-03 12:17:00,2016-05-03 12:18:00,5338.0,5337.0,5338.0,5337.0,5340.0,5339.0,5339.0,5338.0,4
2016-05-03 12:18:00,2016-05-03 12:19:00,5337.0,5337.0,5339.0,5337.0,5339.0,5339.0,5340.0,5338.0,18
2016-05-03 12:19:00,2016-05-03 12:20:00,5337.0,5336.0,5337.0,5335.0,5339.0,5337.0,5338.0,5336.0,23
2016-05-03 12:20:00,2016-05-03 12:21:00,5336.0,5337.0,5337.0,5335.0,5337.0,5338.0,5338.0,5336.0,6
2016-05-03 12:21:00,2016-05-03 12:23:00,5336.0,5337.0,5338.0,5337.0,5338.0,5339.0,5339.0,5338.0,4
2016-05-03 12:23:00,2016-05-03 12:27:00,5336.0,5336.0,5337.0,5336.0,5338.0,5338.0,5338.0,5337.0,14
2016-05-03 12:27:00,2016-05-03 12:28:00,5336.0,5337.0,5337.0,5335.0,5338.0,5338.0,5340.0,5338.0,4
2016-05-03 12:28:00,2016-05-03 12:34:00,5338.0,5338.0,5338.0,5337.0,5339.0,5339.0,5339.0,5339.0,4
2016-05-03 12:34:00,2016-05-03 12:35:00,5338.0,5339.0,5340.0,5338.0,5339.0,5341.0,5341.0,5340.0,19
2016-05-03 12:35:00,2016-05-03 12:38:00,5342.0,5342.0,5343.0,5341.0,5343.0,5344.0,5344.0,5342.0,13
2016-05-03 12:38:00,2016-05-03 12:39:00,5342.0,5342.0,5342.0,5341.0,5344.0,5344.0,5344.0,5343.0,8
2016-05-03 12:39:00,2016-05-03 12:41:00,5342.0,5342.0,5342.0,5341.0,5344.0,5344.0,5345.0,5344.0,2
2016-05-03 12:41:00,2016-05-03 12:42:00,5342.0,5343.0,5344.0,5343.0,5344.0,5345.0,5345.0,5344.0,8
2016-05-03 12:42:00,2016-05-03 12:45:00,5345.0,5346.0,5347.0,5345.0,5346.0,5348.0,5348.0,5346.0,9
2016-05-03 12:45:00,2016-05-03 12:51:00,5344.0,5343.0,5343.0,5343.0,5345.0,5346.0,5346.0,5346.0,1
2016-05-03 12:51:00,2016-05-03 12:52:00,5343.0,5346.0,5347.0,5344.0,5346.0,5347.0,5348.0,5345.0,13
2016-05-03 12:52:00,2016-05-03 12:53:00,5346.0,5345.0,5345.0,5345.0,5347.0,5347.0,5347.0,5346.0,3
2016-05-03 12:53:00,2016-05-03 12:54:00,5345.0,5345.0,5346.0,5343.0,5347.0,5346.0,5349.0,5346.0,5
2016-05-03 12:54:00,2016-05-03 12:56:00,5344.0,5342.0,5343.0,5342.0,5345.0,5344.0,5345.0,5344.0,7
2016-05-03 12:56:00,2016-05-03 12:58:00,5342.0,5343.0,5343.0,5342.0,5343.0,5344.0,5345.0,5343.0,10
2016-05-03 12:58:00,2016-05-03 12:59:00,5343.0,5340.0,5342.0,5340.0,5344.0,5342.0,5344.0,5341.0,17
2016-05-03 12:59:00,2016-05-03 13:00:00,5340.0,5341.0,5342.0,5340.0,5342.0,5343.0,5343.0,5341.0,10
2016-05-03 13:00:00,2016-05-03 13:01:00,5341.0,5339.0,5341.0,5339.0,5343.0,5341.0,5342.0,5340.0,12
2016-05-03 13:01:00,2016-05-03 13:02:00,5339.0,5340.0,5340.0,5338.0,5341.0,5341.0,5341.0,5340.0,9
2016-05-03 13:02:00,2016-05-03 13:03:00,5340.0,5340.0,5341.0,5340.0,5341.0,5341.0,5342.0,5341.0,10
2016-05-03 13:03:00,2016-05-03 13:04:00,5340.0,5342.0,5342.0,5340.0,5341.0,5343.0,5344.0,5342.0,10
2016-05-03 13:04:00,2016-05-03 13:05:00,5342.0,5344.0,5345.0,5342.0,5343.0,5346.0,5346.0,5344.0,9
2016-05-03 13:05:00,2016-05-03 13:07:00,5346.0,5345.0,5346.0,5345.0,5347.0,5346.0,5348.0,5346.0,8
2016-05-03 13:07:00,2016-05-03 13:09:00,5345.0,5345.0,5346.0,5345.0,5346.0,5347.0,5348.0,5347.0,5
2016-05-03 13:09:00,2016-05-03 13:11:00,5346.0,5347.0,5348.0,5346.0,5347.0,5349.0,5349.0,5348.0,5
2016-05-03 13:11:00,2016-05-03 13:14:00,5346.0,5346.0,5347.0,5346.0,5347.0,5348.0,5348.0,5347.0,5
2016-05-03 13:14:00,2016-05-03 13:17:00,5345.0,5344.0,5345.0,5344.0,5346.0,5346.0,5347.0,5346.0,3
2016-05-03 13:17:00,2016-05-03 13:19:00,5344.0,5343.0,5343.0,5341.0,5345.0,5344.0,5346.0,5344.0,6
2016-05-03 13:19:00,2016-05-03 13:20:00,5343.0,5343.0,5343.0,5342.0,5344.0,5344.0,5344.0,5343.0,6
2016-05-03 13:20:00,2016-05-03 13:22:00,5342.0,5340.0,5342.0,5340.0,5344.0,5342.0,5343.0,5342.0,6
2016-05-03 13:22:00,2016-05-03 13:23:00,5340.0,5340.0,5341.0,5340.0,5342.0,5342.0,5342.0,5342.0,4
2016-05-03 13:23:00,2016-05-03 13:24:00,5340.0,5340.0,5341.0,5340.0,5342.0,5341.0,5342.0,5341.0,9
2016-05-03 13:24:00,2016-05-03 13:25:00,5340.0,5340.0,5340.0,5339.0,5341.0,5341.0,5341.0,5340.0,12
2016-05-03 13:25:00,2016-05-03 13:30:00,5342.0,5340.0,5343.0,5339.0,5343.0,5341.0,5346.0,5340.0,43
2016-05-03 13:30:00,2016-05-03 13:31:00,5340.0,5341.0,5341.0,5339.0,5341.0,5342.0,5342.0,5340.0,20
2016-05-03 13:31:00,2016-05-03 13:32:00,5341.0,5340.0,5341.0,5339.0,5342.0,5342.0,5344.0,5341.0,13
2016-05-03 13:32:00,2016-05-03 13:33:00,5340.0,5336.0,5342.0,5336.0,5342.0,5338.0,5343.0,5337.0,20
2016-05-03 13:33:00,2016-05-03 13:35:00,5337.0,5332.0,5337.0,5332.0,5338.0,5334.0,5338.0,5333.0,19
2016-05-03 13:35:00,2016-05-03 13:36:00,5332.0,5336.0,5337.0,5329.0,5334.0,5337.0,5340.0,5332.0,56
2016-05-03 13:36:00,2016-05-03 13:37:00,5336.0,5336.0,5337.0,5334.0,5337.0,5338.0,5338.0,5336.0,33
2016-05-03 13:37:00,2016-05-03 13:38:00,5336.0,5336.0,5337.0,5334.0,5338.0,5337.0,5339.0,5336.0,16
2016-05-03 13:38:00,2016-05-03 13:39:00,5336.0,5339.0,5340.0,5334.0,5337.0,5341.0,5341.0,5335.0,31
2016-05-03 13:39:00,2016-05-03 13:40:00,5339.0,5338.0,5339.0,5336.0,5341.0,5340.0,5342.0,5338.0,16
2016-05-03 13:40:00,2016-05-03 13:41:00,5338.0,5343.0,5343.0,5338.0,5340.0,5345.0,5346.0,5340.0,30
2016-05-03 13:41:00,2016-05-03 13:42:00,5343.0,5341.0,5343.0,5340.0,5345.0,5342.0,5345.0,5342.0,19
2016-05-03 13:42:00,2016-05-03 13:43:00,5341.0,5343.0,5343.0,5340.0,5342.0,5344.0,5345.0,5341.0,35
2016-05-03 13:43:00,2016-05-03 13:44:00,5343.0,5340.0,5342.0,5340.0,5344.0,5342.0,5344.0,5341.0,7
2016-05-03 13:44:00,2016-05-03 13:45:00,5340.0,5339.0,5340.0,5338.0,5342.0,5340.0,5344.0,5340.0,18
2016-05-03 13:45:00,2016-05-03 13:46:00,5339.0,5336.0,5338.0,5333.0,5340.0,5338.0,5340.0,5337.0,36
2016-05-03 13:46:00,2016-05-03 13:47:00,5336.0,5336.0,5338.0,5336.0,5338.0,5337.0,5339.0,5337.0,9
2016-05-03 13:47:00,2016-05-03 13:48:00,5336.0,5332.0,5335.0,5332.0,5337.0,5334.0,5338.0,5334.0,44
2016-05-03 13:48:00,2016-05-03 13:49:00,5332.0,5333.0,5333.0,5332.0,5334.0,5334.0,5335.0,5334.0,5
2016-05-03 13:49:00,2016-05-03 13:50:00,5333.0,5332.0,5333.0,5329.0,5334.0,5334.0,5335.0,5333.0,35
2016-05-03 13:50:00,2016-05-03 13:51:00,5332.0,5333.0,5334.0,5333.0,5334.0,5334.0,5336.0,5334.0,11
2016-05-03 13:51:00,2016-05-03 13:52:00,5333.0,5329.0,5333.0,5329.0,5334.0,5330.0,5335.0,5330.0,39
2016-05-03 13:52:00,2016-05-03 13:53:00,5329.0,5330.0,5331.0,5329.0,5330.0,5331.0,5332.0,5331.0,14
2016-05-03 13:53:00,2016-05-03 13:54:00,5330.0,5329.0,5332.0,5329.0,5331.0,5331.0,5333.0,5330.0,37
2016-05-03 13:54:00,2016-05-03 13:55:00,5329.0,5329.0,5330.0,5328.0,5331.0,5330.0,5331.0,5330.0,19
2016-05-03 13:55:00,2016-05-03 13:56:00,5329.0,5331.0,5331.0,5327.0,5330.0,5332.0,5333.0,5330.0,37
2016-05-03 13:56:00,2016-05-03 13:57:00,5331.0,5331.0,5333.0,5331.0,5332.0,5332.0,5334.0,5332.0,18
2016-05-03 13:57:00,2016-05-03 13:58:00,5331.0,5330.0,5331.0,5329.0,5332.0,5332.0,5333.0,5330.0,21
2016-05-03 13:58:00,2016-05-03 13:59:00,5330.0,5331.0,5331.0,5328.0,5332.0,5332.0,5333.0,5329.0,17
2016-05-03 13:59:00,2016-05-03 14:00:00,5331.0,5327.0,5330.0,5327.0,5332.0,5329.0,5333.0,5328.0,26
2016-05-03 14:00:00,2016-05-03 14:01:00,5327.0,5330.0,5330.0,5326.0,5329.0,5331.0,5331.0,5327.0,22
2016-05-03 14:01:00,2016-05-03 14:02:00,5330.0,5331.0,5331.0,5330.0,5331.0,5332.0,5333.0,5332.0,16
2016-05-03 14:02:00,2016-05-03 14:03:00,5331.0,5327.0,5330.0,5327.0,5332.0,5328.0,5332.0,5328.0,22
2016-05-03 14:03:00,2016-05-03 14:04:00,5327.0,5325.0,5326.0,5324.0,5328.0,5326.0,5328.0,5325.0,26
2016-05-03 14:04:00,2016-05-03 14:05:00,5325.0,5324.0,5326.0,5322.0,5326.0,5325.0,5328.0,5324.0,20
2016-05-03 14:05:00,2016-05-03 14:06:00,5324.0,5324.0,5325.0,5323.0,5325.0,5326.0,5326.0,5324.0,17
2016-05-03 14:06:00,2016-05-03 14:07:00,5324.0,5327.0,5327.0,5325.0,5326.0,5328.0,5328.0,5326.0,15
2016-05-03 14:07:00,2016-05-03 14:08:00,5327.0,5325.0,5328.0,5324.0,5328.0,5327.0,5330.0,5327.0,10
2016-05-03 14:08:00,2016-05-03 14:09:00,5325.0,5325.0,5326.0,5325.0,5327.0,5326.0,5327.0,5326.0,17
2016-05-03 14:09:00,2016-05-03 14:10:00,5325.0,5323.0,5324.0,5322.0,5326.0,5325.0,5326.0,5324.0,13
2016-05-03 14:10:00,2016-05-03 14:11:00,5323.0,5324.0,5326.0,5321.0,5325.0,5325.0,5328.0,5324.0,38
2016-05-03 14:11:00,2016-05-03 14:12:00,5324.0,5322.0,5324.0,5322.0,5325.0,5323.0,5325.0,5323.0,12
2016-05-03 14:12:00,2016-05-03 14:13:00,5322.0,5323.0,5324.0,5320.0,5323.0,5325.0,5325.0,5323.0,18
2016-05-03 14:13:00,2016-05-03 14:14:00,5323.0,5322.0,5323.0,5322.0,5325.0,5324.0,5324.0,5323.0,14
2016-05-03 14:14:00,2016-05-03 14:15:00,5322.0,5323.0,5323.0,5321.0,5324.0,5324.0,5324.0,5322.0,15
2016-05-03 14:15:00,2016-05-03 14:16:00,5323.0,5323.0,5325.0,5321.0,5324.0,5324.0,5326.0,5324.0,26
2016-05-03 14:16:00,2016-05-03 14:17:00,5323.0,5324.0,5325.0,5323.0,5324.0,5327.0,5327.0,5325.0,13
2016-05-03 14:17:00,2016-05-03 14:18:00,5324.0,5324.0,5325.0,5324.0,5327.0,5326.0,5326.0,5325.0,35
2016-05-03 14:18:00,2016-05-03 14:19:00,5324.0,5324.0,5325.0,5323.0,5326.0,5326.0,5327.0,5326.0,8
2016-05-03 14:19:00,2016-05-03 14:20:00,5324.0,5325.0,5326.0,5323.0,5326.0,5326.0,5328.0,5325.0,22
2016-05-03 14:20:00,2016-05-03 14:21:00,5325.0,5325.0,5326.0,5324.0,5326.0,5326.0,5329.0,5326.0,14
2016-05-03 14:21:00,2016-05-03 14:22:00,5325.0,5326.0,5326.0,5323.0,5326.0,5327.0,5328.0,5326.0,7
2016-05-03 14:22:00,2016-05-03 14:23:00,5326.0,5325.0,5325.0,5325.0,5327.0,5327.0,5328.0,5326.0,4
2016-05-03 14:23:00,2016-05-03 14:24:00,5325.0,5324.0,5325.0,5323.0,5327.0,5325.0,5326.0,5324.0,27
2016-05-03 14:24:00,2016-05-03 14:27:00,5324.0,5324.0,5325.0,5324.0,5325.0,5326.0,5326.0,5325.0,25
2016-05-03 14:27:00,2016-05-03 14:29:00,5324.0,5322.0,5325.0,5322.0,5325.0,5323.0,5327.0,5323.0,26
2016-05-03 14:29:00,2016-05-03 14:30:00,5322.0,5318.0,5321.0,5318.0,5323.0,5319.0,5324.0,5319.0,27
2016-05-03 14:30:00,2016-05-03 14:31:00,5318.0,5318.0,5318.0,5316.0,5319.0,5319.0,5320.0,5318.0,28
2016-05-03 14:31:00,2016-05-03 14:34:00,5318.0,5317.0,5318.0,5316.0,5319.0,5318.0,5321.0,5318.0,6
2016-05-03 14:34:00,2016-05-03 14:35:00,5317.0,5316.0,5317.0,5315.0,5318.0,5317.0,5319.0,5316.0,8
2016-05-03 14:35:00,2016-05-03 14:36:00,5316.0,5315.0,5316.0,5313.0,5317.0,5316.0,5318.0,5315.0,13
2016-05-03 14:36:00,2016-05-03 14:37:00,5315.0,5315.0,5316.0,5315.0,5316.0,5316.0,5317.0,5316.0,16
2016-05-03 14:37:00,2016-05-03 14:39:00,5314.0,5316.0,5316.0,5313.0,5315.0,5317.0,5317.0,5315.0,10
2016-05-03 14:39:00,2016-05-03 14:40:00,5316.0,5314.0,5316.0,5314.0,5317.0,5316.0,5317.0,5316.0,11
2016-05-03 14:40:00,2016-05-03 14:41:00,5314.0,5318.0,5318.0,5313.0,5316.0,5319.0,5319.0,5314.0,35
2016-05-03 14:41:00,2016-05-03 14:42:00,5318.0,5320.0,5320.0,5318.0,5319.0,5322.0,5322.0,5320.0,15
2016-05-03 14:42:00,2016-05-03 14:43:00,5320.0,5319.0,5320.0,5318.0,5322.0,5321.0,5323.0,5320.0,21
2016-05-03 14:43:00,2016-05-03 14:44:00,5319.0,5318.0,5322.0,5318.0,5321.0,5320.0,5323.0,5320.0,20
2016-05-03 14:44:00,2016-05-03 14:45:00,5318.0,5316.0,5318.0,5315.0,5320.0,5317.0,5321.0,5317.0,26
2016-05-03 14:45:00,2016-05-03 14:46:00,5316.0,5314.0,5316.0,5313.0,5317.0,5316.0,5319.0,5316.0,16
2016-05-03 14:46:00,2016-05-03 14:47:00,5314.0,5316.0,5316.0,5314.0,5316.0,5317.0,5317.0,5316.0,15
2016-05-03 14:47:00,2016-05-03 14:48:00,5316.0,5319.0,5319.0,5315.0,5317.0,5320.0,5320.0,5317.0,19
2016-05-03 14:48:00,2016-05-03 14:50:00,5319.0,5322.0,5323.0,5319.0,5320.0,5323.0,5324.0,5321.0,14
2016-05-03 14:50:00,2016-05-03 14:51:00,5322.0,5323.0,5323.0,5321.0,5323.0,5324.0,5326.0,5323.0,13
2016-05-03 14:51:00,2016-05-03 14:52:00,5323.0,5321.0,5324.0,5321.0,5324.0,5322.0,5326.0,5322.0,10
2016-05-03 14:52:00,2016-05-03 14:53:00,5321.0,5318.0,5321.0,5318.0,5322.0,5319.0,5323.0,5319.0,30
2016-05-03 14:53:00,2016-05-03 14:54:00,5318.0,5317.0,5318.0,5314.0,5319.0,5319.0,5320.0,5317.0,30
2016-05-03 14:54:00,2016-05-03 14:55:00,5317.0,5318.0,5320.0,5317.0,5319.0,5320.0,5321.0,5319.0,12
2016-05-03 14:55:00,2016-05-03 14:56:00,5318.0,5317.0,5318.0,5316.0,5320.0,5318.0,5319.0,5318.0,5
2016-05-03 14:56:00,2016-05-03 14:57:00,5317.0,5317.0,5317.0,5317.0,5318.0,5319.0,5319.0,5318.0,7
2016-05-03 14:57:00,2016-05-03 14:58:00,5317.0,5316.0,5317.0,5315.0,5319.0,5317.0,5318.0,5316.0,13
2016-05-03 14:58:00,2016-05-03 14:59:00,5316.0,5316.0,5318.0,5315.0,5317.0,5318.0,5320.0,5317.0,17
2016-05-03 14:59:00,2016-05-03 15:00:00,5316.0,5316.0,5317.0,5315.0,5318.0,5317.0,5319.0,5317.0,23
2016-05-03 15:00:00,2016-05-03 15:01:00,5316.0,5314.0,5316.0,5313.0,5317.0,5317.0,5317.0,5315.0,17
2016-05-03 15:01:00,2016-05-03 15:02:00,5314.0,5315.0,5317.0,5314.0,5317.0,5316.0,5320.0,5316.0,22
2016-05-03 15:02:00,2016-05-03 15:03:00,5315.0,5319.0,5319.0,5315.0,5316.0,5320.0,5320.0,5317.0,14
2016-05-03 15:03:00,2016-05-03 15:04:00,5319.0,5319.0,5319.0,5318.0,5320.0,5320.0,5320.0,5319.0,14
2016-05-03 15:04:00,2016-05-03 15:05:00,5319.0,5319.0,5320.0,5316.0,5320.0,5320.0,5322.0,5319.0,34
2016-05-03 15:05:00,2016-05-03 15:07:00,5319.0,5322.0,5323.0,5319.0,5320.0,5324.0,5325.0,5321.0,31
2016-05-03 15:07:00,2016-05-03 15:08:00,5322.0,5321.0,5323.0,5321.0,5324.0,5322.0,5324.0,5322.0,9
2016-05-03 15:08:00,2016-05-03 15:09:00,5321.0,5322.0,5322.0,5321.0,5322.0,5323.0,5323.0,5323.0,8
2016-05-03 15:09:00,2016-05-03 15:10:00,5322.0,5320.0,5322.0,5320.0,5323.0,5322.0,5324.0,5322.0,11
2016-05-03 15:10:00,2016-05-03 15:11:00,5320.0,5320.0,5321.0,5318.0,5322.0,5321.0,5324.0,5320.0,11
2016-05-03 15:11:00,2016-05-03 15:12:00,5320.0,5321.0,5322.0,5318.0,5321.0,5322.0,5324.0,5322.0,16
2016-05-03 15:12:00,2016-05-03 15:13:00,5321.0,5321.0,5322.0,5320.0,5322.0,5323.0,5323.0,5323.0,3
2016-05-03 15:13:00,2016-05-03 15:14:00,5321.0,5319.0,5321.0,5318.0,5323.0,5321.0,5322.0,5321.0,6
2016-05-03 15:14:00,2016-05-03 15:15:00,5319.0,5320.0,5320.0,5317.0,5321.0,5321.0,5323.0,5319.0,32
2016-05-03 15:15:00,2016-05-03 15:16:00,5320.0,5319.0,5321.0,5317.0,5321.0,5320.0,5322.0,5319.0,71
2016-05-03 15:16:00,2016-05-03 15:17:00,5319.0,5318.0,5320.0,5318.0,5320.0,5319.0,5321.0,5319.0,44
2016-05-03 15:17:00,2016-05-03 15:19:00,5318.0,5318.0,5318.0,5317.0,5319.0,5319.0,5320.0,5319.0,12
2016-05-03 15:19:00,2016-05-03 15:20:00,5318.0,5318.0,5318.0,5317.0,5319.0,5319.0,5320.0,5319.0,13
2016-05-03 15:20:00,2016-05-03 15:21:00,5318.0,5318.0,5318.0,5317.0,5319.0,5319.0,5319.0,5318.0,10
2016-05-03 15:21:00,2016-05-03 15:23:00,5318.0,5318.0,5318.0,5317.0,5319.0,5319.0,5319.0,5318.0,18
2016-05-03 15:23:00,2016-05-03 15:24:00,5318.0,5318.0,5318.0,5317.0,5319.0,5319.0,5319.0,5318.0,40
2016-05-03 15:24:00,2016-05-03 15:25:00,5318.0,5319.0,5319.0,5317.0,5319.0,5321.0,5321.0,5319.0,20
2016-05-03 15:25:00,2016-05-03 15:26:00,5319.0,5320.0,5320.0,5319.0,5321.0,5321.0,5321.0,5320.0,5
2016-05-03 15:26:00,2016-05-03 15:27:00,5320.0,5320.0,5321.0,5319.0,5321.0,5321.0,5322.0,5321.0,6
2016-05-03 15:27:00,2016-05-03 15:28:00,5320.0,5320.0,5321.0,5320.0,5321.0,5321.0,5323.0,5321.0,8
2016-05-03 15:28:00,2016-05-03 15:30:00,5320.0,5316.0,5319.0,5316.0,5321.0,5317.0,5322.0,5317.0,13
2016-05-03 15:30:00,2016-05-03 15:31:00,5316.0,5316.0,5317.0,5314.0,5317.0,5318.0,5318.0,5315.0,17
2016-05-03 15:31:00,2016-05-03 15:32:00,5316.0,5317.0,5318.0,5316.0,5318.0,5319.0,5319.0,5317.0,6
2016-05-03 15:32:00,2016-05-03 15:33:00,5317.0,5316.0,5317.0,5316.0,5319.0,5317.0,5318.0,5317.0,3
2016-05-03 15:33:00,2016-05-03 15:35:00,5316.0,5317.0,5317.0,5316.0,5317.0,5318.0,5319.0,5318.0,4
2016-05-03 15:35:00,2016-05-03 15:36:00,5317.0,5318.0,5318.0,5315.0,5318.0,5319.0,5320.0,5317.0,13
2016-05-03 15:36:00,2016-05-03 15:37:00,5318.0,5318.0,5318.0,5315.0,5319.0,5319.0,5321.0,5318.0,18
2016-05-03 15:37:00,2016-05-03 15:43:00,5318.0,5319.0,5319.0,5317.0,5319.0,5320.0,5321.0,5320.0,6
2016-05-03 15:43:00,2016-05-03 15:45:00,5319.0,5318.0,5320.0,5318.0,5321.0,5320.0,5321.0,5319.0,16
2016-05-03 15:45:00,2016-05-03 15:47:00,5318.0,5319.0,5319.0,5318.0,5320.0,5320.0,5320.0,5320.0,7
2016-05-03 15:47:00,2016-05-03 15:48:00,5319.0,5320.0,5321.0,5319.0,5320.0,5322.0,5322.0,5321.0,9
2016-05-03 15:48:00,2016-05-03 15:50:00,5320.0,5321.0,5321.0,5320.0,5322.0,5322.0,5323.0,5321.0,5
2016-05-03 15:50:00,2016-05-03 15:51:00,5321.0,5320.0,5320.0,5320.0,5322.0,5322.0,5322.0,5321.0,5
2016-05-03 15:51:00,2016-05-03 15:53:00,5319.0,5319.0,5320.0,5317.0,5321.0,5321.0,5321.0,5319.0,14
2016-05-03 15:53:00,2016-05-03 15:54:00,5319.0,5321.0,5322.0,5318.0,5321.0,5322.0,5323.0,5320.0,13
2016-05-03 15:54:00,2016-05-03 15:56:00,5321.0,5317.0,5320.0,5317.0,5322.0,5319.0,5322.0,5318.0,15
2016-05-03 15:56:00,2016-05-03 15:57:00,5317.0,5318.0,5319.0,5318.0,5319.0,5320.0,5320.0,5319.0,4
2016-05-03 15:57:00,2016-05-03 15:58:00,5318.0,5319.0,5320.0,5319.0,5320.0,5321.0,5321.0,5320.0,8
2016-05-03 15:58:00,2016-05-03 15:59:00,5319.0,5318.0,5320.0,5318.0,5321.0,5320.0,5321.0,5319.0,12
2016-05-03 15:59:00,2016-05-03 16:00:00,5318.0,5317.0,5319.0,5317.0,5320.0,5319.0,5320.0,5319.0,6
2016-05-03 16:00:00,2016-05-03 16:01:00,5317.0,5318.0,5319.0,5318.0,5319.0,5320.0,5321.0,5319.0,8
2016-05-03 16:01:00,2016-05-03 16:02:00,5318.0,5316.0,5318.0,5315.0,5320.0,5317.0,5319.0,5317.0,7
2016-05-03 16:02:00,2016-05-03 16:03:00,5316.0,5317.0,5317.0,5315.0,5317.0,5319.0,5319.0,5317.0,7
2016-05-03 16:03:00,2016-05-03 16:04:00,5317.0,5316.0,5317.0,5316.0,5319.0,5318.0,5319.0,5317.0,12
2016-05-03 16:04:00,2016-05-03 16:05:00,5316.0,5315.0,5316.0,5314.0,5318.0,5316.0,5317.0,5316.0,5
2016-05-03 16:05:00,2016-05-03 16:12:00,5314.0,5313.0,5313.0,5312.0,5315.0,5314.0,5315.0,5314.0,8
2016-05-03 16:12:00,2016-05-03 16:14:00,5313.0,5312.0,5313.0,5312.0,5314.0,5314.0,5314.0,5313.0,5
2016-05-03 16:14:00,2016-05-03 16:15:00,5312.0,5312.0,5312.0,5311.0,5314.0,5313.0,5314.0,5312.0,6
2016-05-03 16:15:00,2016-05-03 16:16:00,5312.0,5313.0,5314.0,5312.0,5313.0,5315.0,5315.0,5314.0,9
2016-05-03 16:16:00,2016-05-03 16:17:00,5313.0,5315.0,5315.0,5314.0,5315.0,5316.0,5317.0,5315.0,5
2016-05-03 16:17:00,2016-05-03 16:18:00,5315.0,5313.0,5314.0,5313.0,5316.0,5315.0,5317.0,5315.0,5
2016-05-03 16:18:00,2016-05-03 16:21:00,5313.0,5311.0,5312.0,5311.0,5314.0,5312.0,5314.0,5312.0,8
2016-05-03 16:21:00,2016-05-03 16:22:00,5311.0,5313.0,5313.0,5311.0,5312.0,5314.0,5314.0,5313.0,20
2016-05-03 16:22:00,2016-05-03 16:24:00,5314.0,5312.0,5314.0,5312.0,5315.0,5313.0,5315.0,5313.0,8
2016-05-03 16:24:00,2016-05-03 16:26:00,5312.0,5312.0,5313.0,5312.0,5313.0,5313.0,5314.0,5313.0,10
2016-05-03 16:26:00,2016-05-03 16:28:00,5312.0,5313.0,5314.0,5312.0,5313.0,5314.0,5315.0,5314.0,12
2016-05-03 16:28:00,2016-05-03 16:29:00,5313.0,5313.0,5313.0,5312.0,5314.0,5315.0,5315.0,5314.0,9
2016-05-03 16:29:00,2016-05-03 16:31:00,5314.0,5314.0,5314.0,5312.0,5315.0,5315.0,5316.0,5315.0,4
2016-05-03 16:31:00,2016-05-03 16:34:00,5313.0,5314.0,5315.0,5313.0,5314.0,5315.0,5316.0,5315.0,6
2016-05-03 16:34:00,2016-05-03 16:35:00,5314.0,5313.0,5315.0,5313.0,5315.0,5315.0,5316.0,5314.0,7
2016-05-03 16:35:00,2016-05-03 16:36:00,5313.0,5315.0,5315.0,5314.0,5315.0,5316.0,5316.0,5315.0,5
2016-05-03 16:36:00,2016-05-03 16:37:00,5315.0,5315.0,5316.0,5314.0,5316.0,5317.0,5317.0,5315.0,11
2016-05-03 16:37:00,2016-05-03 16:40:00,5317.0,5317.0,5318.0,5317.0,5318.0,5319.0,5320.0,5318.0,23
2016-05-03 16:40:00,2016-05-03 16:41:00,5317.0,5319.0,5319.0,5317.0,5319.0,5320.0,5321.0,5319.0,15
2016-05-03 16:41:00,2016-05-03 16:43:00,5320.0,5321.0,5321.0,5320.0,5321.0,5323.0,5323.0,5322.0,5
2016-05-03 16:43:00,2016-05-03 16:44:00,5321.0,5320.0,5322.0,5320.0,5323.0,5322.0,5324.0,5322.0,10
2016-05-03 16:44:00,2016-05-03 16:50:00,5320.0,5321.0,5322.0,5321.0,5322.0,5323.0,5324.0,5322.0,8
2016-05-03 16:50:00,2016-05-03 16:51:00,5321.0,5323.0,5323.0,5322.0,5323.0,5325.0,5325.0,5323.0,4
2016-05-03 16:51:00,2016-05-03 16:52:00,5323.0,5321.0,5323.0,5320.0,5325.0,5322.0,5324.0,5322.0,7
2016-05-03 16:52:00,2016-05-03 16:53:00,5321.0,5322.0,5322.0,5320.0,5322.0,5323.0,5324.0,5322.0,12
2016-05-03 16:53:00,2016-05-03 16:54:00,5322.0,5320.0,5321.0,5319.0,5323.0,5321.0,5323.0,5321.0,12
2016-05-03 16:54:00,2016-05-03 16:56:00,5320.0,5322.0,5322.0,5320.0,5322.0,5323.0,5326.0,5322.0,10
2016-05-03 16:56:00,2016-05-03 16:57:00,5322.0,5322.0,5322.0,5322.0,5323.0,5324.0,5324.0,5323.0,3
2016-05-03 16:57:00,2016-05-03 16:58:00,5322.0,5321.0,5323.0,5321.0,5324.0,5323.0,5324.0,5322.0,6
2016-05-03 16:58:00,2016-05-03 16:59:00,5321.0,5322.0,5324.0,5322.0,5323.0,5324.0,5325.0,5323.0,10
2016-05-03 16:59:00,2016-05-03 17:01:00,5322.0,5321.0,5322.0,5321.0,5324.0,5323.0,5324.0,5322.0,6
2016-05-03 17:01:00,2016-05-03 17:04:00,5322.0,5320.0,5322.0,5320.0,5324.0,5321.0,5323.0,5321.0,11
2016-05-03 17:04:00,2016-05-03 17:06:00,5319.0,5317.0,5318.0,5317.0,5320.0,5319.0,5320.0,5318.0,9
2016-05-03 17:06:00,2016-05-03 17:07:00,5317.0,5319.0,5319.0,5315.0,5319.0,5320.0,5321.0,5318.0,9
2016-05-03 17:07:00,2016-05-03 17:08:00,5319.0,5321.0,5321.0,5319.0,5320.0,5322.0,5323.0,5321.0,28
2016-05-03 17:08:00,2016-05-03 17:09:00,5321.0,5322.0,5322.0,5321.0,5322.0,5323.0,5324.0,5323.0,6
2016-05-03 17:09:00,2016-05-03 17:11:00,5322.0,5324.0,5324.0,5322.0,5323.0,5325.0,5325.0,5323.0,10
2016-05-03 17:11:00,2016-05-03 17:14:00,5322.0,5321.0,5321.0,5320.0,5323.0,5322.0,5323.0,5321.0,8
2016-05-03 17:14:00,2016-05-03 17:17:00,5321.0,5320.0,5321.0,5320.0,5322.0,5321.0,5322.0,5321.0,14
2016-05-03 17:17:00,2016-05-03 17:20:00,5321.0,5321.0,5321.0,5319.0,5322.0,5322.0,5324.0,5322.0,3
2016-05-03 17:20:00,2016-05-03 17:22:00,5321.0,5323.0,5324.0,5321.0,5322.0,5325.0,5326.0,5323.0,17
2016-05-03 17:22:00,2016-05-03 17:24:00,5323.0,5323.0,5323.0,5319.0,5324.0,5324.0,5325.0,5321.0,19
2016-05-03 17:24:00,2016-05-03 17:26:00,5323.0,5322.0,5324.0,5322.0,5324.0,5323.0,5327.0,5323.0,15
2016-05-03 17:26:00,2016-05-03 17:29:00,5322.0,5324.0,5324.0,5321.0,5323.0,5325.0,5325.0,5323.0,8
2016-05-03 17:29:00,2016-05-03 17:30:00,5324.0,5327.0,5327.0,5324.0,5325.0,5328.0,5328.0,5326.0,12
2016-05-03 17:30:00,2016-05-03 17:32:00,5326.0,5325.0,5327.0,5324.0,5327.0,5327.0,5329.0,5327.0,9
2016-05-03 17:32:00,2016-05-03 17:33:00,5325.0,5327.0,5327.0,5324.0,5327.0,5328.0,5328.0,5326.0,19
2016-05-03 17:33:00,2016-05-03 17:36:00,5327.0,5326.0,5326.0,5326.0,5328.0,5327.0,5328.0,5327.0,6
2016-05-03 17:36:00,2016-05-03 17:38:00,5326.0,5329.0,5330.0,5325.0,5327.0,5331.0,5331.0,5328.0,12
2016-05-03 17:38:00,2016-05-03 17:39:00,5329.0,5330.0,5331.0,5329.0,5331.0,5332.0,5332.0,5330.0,16
2016-05-03 17:39:00,2016-05-03 17:40:00,5330.0,5332.0,5332.0,5331.0,5332.0,5333.0,5334.0,5332.0,11
2016-05-03 17:40:00,2016-05-03 17:44:00,5331.0,5329.0,5330.0,5328.0,5332.0,5330.0,5332.0,5329.0,10
2016-05-03 17:44:00,2016-05-03 17:45:00,5329.0,5328.0,5329.0,5327.0,5330.0,5330.0,5332.0,5330.0,4
2016-05-03 17:45:00,2016-05-03 17:47:00,5328.0,5327.0,5328.0,5326.0,5329.0,5329.0,5330.0,5329.0,5
2016-05-03 17:47:00,2016-05-03 17:48:00,5327.0,5326.0,5327.0,5326.0,5329.0,5328.0,5329.0,5328.0,4
2016-05-03 17:48:00,2016-05-03 17:51:00,5326.0,5326.0,5326.0,5326.0,5328.0,5328.0,5328.0,5327.0,4
2016-05-03 17:51:00,2016-05-03 17:52:00,5326.0,5328.0,5329.0,5327.0,5328.0,5330.0,5330.0,5328.0,13
2016-05-03 17:52:00,2016-05-03 17:53:00,5328.0,5327.0,5329.0,5327.0,5330.0,5329.0,5330.0,5329.0,8
2016-05-03 17:53:00,2016-05-03 17:55:00,5326.0,5326.0,5327.0,5326.0,5328.0,5328.0,5328.0,5328.0,6
2016-05-03 17:55:00,2016-05-03 18:00:00,5324.0,5324.0,5326.0,5324.0,5326.0,5328.0,5328.0,5326.0,5
2016-05-03 18:00:00,2016-05-03 18:01:00,5324.0,5326.0,5326.0,5325.0,5328.0,5327.0,5327.0,5327.0,2
2016-05-03 18:01:00,2016-05-03 18:02:00,5326.0,5323.0,5325.0,5323.0,5327.0,5324.0,5327.0,5324.0,6
2016-05-03 18:02:00,2016-05-03 18:09:00,5323.0,5326.0,5326.0,5323.0,5324.0,5327.0,5328.0,5325.0,8
2016-05-03 18:09:00,2016-05-03 18:11:00,5326.0,5326.0,5326.0,5324.0,5327.0,5328.0,5329.0,5327.0,4
2016-05-03 18:11:00,2016-05-03 18:12:00,5326.0,5322.0,5325.0,5322.0,5328.0,5323.0,5329.0,5323.0,9
2016-05-03 18:12:00,2016-05-03 18:13:00,5322.0,5320.0,5321.0,5319.0,5323.0,5322.0,5325.0,5321.0,12
2016-05-03 18:13:00,2016-05-03 18:17:00,5322.0,5318.0,5323.0,5317.0,5323.0,5319.0,5324.0,5319.0,14
2016-05-03 18:17:00,2016-05-03 18:18:00,5318.0,5320.0,5321.0,5318.0,5319.0,5322.0,5322.0,5320.0,7
2016-05-03 18:18:00,2016-05-03 18:19:00,5320.0,5319.0,5320.0,5319.0,5322.0,5320.0,5321.0,5320.0,3
2016-05-03 18:19:00,2016-05-03 18:21:00,5319.0,5319.0,5320.0,5318.0,5320.0,5321.0,5322.0,5319.0,9
2016-05-03 18:21:00,2016-05-03 18:23:00,5319.0,5319.0,5319.0,5318.0,5321.0,5321.0,5322.0,5320.0,4
2016-05-03 18:23:00,2016-05-03 18:24:00,5319.0,5320.0,5321.0,5320.0,5321.0,5322.0,5323.0,5321.0,8
2016-05-03 18:24:00,2016-05-03 18:26:00,5320.0,5320.0,5320.0,5319.0,5322.0,5322.0,5323.0,5320.0,10
2016-05-03 18:26:00,2016-05-03 18:27:00,5320.0,5320.0,5320.0,5319.0,5322.0,5322.0,5322.0,5320.0,6
2016-05-03 18:27:00,2016-05-03 18:29:00,5322.0,5322.0,5322.0,5319.0,5323.0,5324.0,5324.0,5321.0,17
2016-05-03 18:29:00,2016-05-03 18:30:00,5322.0,5322.0,5323.0,5321.0,5324.0,5323.0,5324.0,5323.0,5
2016-05-03 18:30:00,2016-05-03 18:32:00,5322.0,5324.0,5325.0,5323.0,5324.0,5325.0,5326.0,5324.0,7
2016-05-03 18:32:00,2016-05-03 18:35:00,5323.0,5326.0,5327.0,5324.0,5325.0,5328.0,5328.0,5325.0,14
2016-05-03 18:35:00,2016-05-03 18:36:00,5326.0,5326.0,5326.0,5324.0,5328.0,5327.0,5328.0,5326.0,7
2016-05-03 18:36:00,2016-05-03 18:38:00,5325.0,5324.0,5326.0,5323.0,5326.0,5326.0,5327.0,5325.0,12
2016-05-03 18:38:00,2016-05-03 18:42:00,5322.0,5323.0,5323.0,5321.0,5324.0,5324.0,5324.0,5323.0,5
2016-05-03 18:42:00,2016-05-03 18:44:00,5322.0,5322.0,5322.0,5321.0,5324.0,5324.0,5324.0,5322.0,6
2016-05-03 18:44:00,2016-05-03 18:45:00,5322.0,5322.0,5323.0,5321.0,5324.0,5323.0,5324.0,5323.0,11
2016-05-03 18:45:00,2016-05-03 18:46:00,5322.0,5322.0,5322.0,5321.0,5323.0,5324.0,5324.0,5322.0,5
2016-05-03 18:46:00,2016-05-03 18:47:00,5322.0,5321.0,5323.0,5321.0,5324.0,5323.0,5324.0,5323.0,6
2016-05-03 18:47:00,2016-05-03 18:48:00,5321.0,5319.0,5321.0,5318.0,5323.0,5320.0,5322.0,5319.0,13
2016-05-03 18:48:00,2016-05-03 18:49:00,5319.0,5317.0,5318.0,5315.0,5320.0,5318.0,5321.0,5318.0,11
2016-05-03 18:49:00,2016-05-03 18:50:00,5317.0,5317.0,5317.0,5316.0,5318.0,5319.0,5319.0,5318.0,7
2016-05-03 18:50:00,2016-05-03 18:51:00,5317.0,5318.0,5318.0,5316.0,5319.0,5319.0,5320.0,5318.0,11
2016-05-03 18:51:00,2016-05-03 18:58:00,5317.0,5320.0,5320.0,5318.0,5319.0,5322.0,5322.0,5319.0,8
2016-05-03 18:58:00,2016-05-03 18:59:00,5320.0,5319.0,5321.0,5319.0,5322.0,5321.0,5322.0,5321.0,8
2016-05-03 18:59:00,2016-05-03 19:00:00,5319.0,5320.0,5321.0,5320.0,5321.0,5322.0,5322.0,5321.0,4
2016-05-03 19:00:00,2016-05-03 19:01:00,5320.0,5318.0,5320.0,5317.0,5322.0,5319.0,5321.0,5319.0,7
2016-05-03 19:01:00,2016-05-03 19:02:00,5318.0,5318.0,5320.0,5317.0,5319.0,5320.0,5321.0,5319.0,9
2016-05-03 19:02:00,2016-05-03 19:03:00,5318.0,5318.0,5320.0,5318.0,5320.0,5320.0,5321.0,5320.0,9
2016-05-03 19:03:00,2016-05-03 19:04:00,5318.0,5319.0,5320.0,5317.0,5320.0,5321.0,5323.0,5321.0,6
2016-05-03 19:04:00,2016-05-03 19:05:00,5319.0,5322.0,5323.0,5320.0,5321.0,5323.0,5324.0,5321.0,15
2016-05-03 19:05:00,2016-05-03 19:06:00,5322.0,5320.0,5321.0,5320.0,5323.0,5322.0,5323.0,5321.0,5
2016-05-03 19:06:00,2016-05-03 19:07:00,5320.0,5322.0,5322.0,5321.0,5322.0,5323.0,5324.0,5322.0,9
2016-05-03 19:07:00,2016-05-03 19:10:00,5322.0,5322.0,5323.0,5322.0,5324.0,5324.0,5324.0,5323.0,4
2016-05-03 19:10:00,2016-05-03 19:11:00,5322.0,5318.0,5322.0,5318.0,5324.0,5320.0,5323.0,5320.0,10
2016-05-03 19:11:00,2016-05-03 19:14:00,5318.0,5318.0,5318.0,5317.0,5319.0,5320.0,5321.0,5319.0,6
2016-05-03 19:14:00,2016-05-03 19:15:00,5318.0,5319.0,5320.0,5318.0,5320.0,5321.0,5321.0,5319.0,8
2016-05-03 19:15:00,2016-05-03 19:16:00,5319.0,5320.0,5320.0,5319.0,5321.0,5321.0,5321.0,5320.0,3
2016-05-03 19:16:00,2016-05-03 19:17:00,5320.0,5320.0,5321.0,5319.0,5321.0,5321.0,5322.0,5321.0,8
2016-05-03 19:17:00,2016-05-03 19:18:00,5320.0,5321.0,5321.0,5320.0,5321.0,5323.0,5323.0,5321.0,13
2016-05-03 19:18:00,2016-05-03 19:19:00,5321.0,5321.0,5322.0,5321.0,5323.0,5323.0,5323.0,5323.0,4
2016-05-03 19:19:00,2016-05-03 19:21:00,5322.0,5322.0,5323.0,5322.0,5323.0,5324.0,5324.0,5323.0,7
2016-05-03 19:21:00,2016-05-03 19:22:00,5322.0,5321.0,5322.0,5320.0,5324.0,5322.0,5323.0,5322.0,9
2016-05-03 19:22:00,2016-05-03 19:23:00,5321.0,5318.0,5320.0,5318.0,5322.0,5319.0,5322.0,5319.0,6
2016-05-03 19:23:00,2016-05-03 19:25:00,5321.0,5322.0,5322.0,5320.0,5322.0,5323.0,5324.0,5321.0,10
2016-05-03 19:25:00,2016-05-03 19:26:00,5322.0,5323.0,5324.0,5322.0,5323.0,5325.0,5325.0,5323.0,13
2016-05-03 19:26:00,2016-05-03 19:27:00,5323.0,5323.0,5324.0,5322.0,5325.0,5325.0,5326.0,5324.0,16
2016-05-03 19:27:00,2016-05-03 19:28:00,5323.0,5323.0,5324.0,5323.0,5325.0,5324.0,5325.0,5324.0,5
2016-05-03 19:28:00,2016-05-03 19:31:00,5322.0,5321.0,5324.0,5321.0,5324.0,5323.0,5325.0,5322.0,16
2016-05-03 19:31:00,2016-05-03 19:32:00,5321.0,5319.0,5321.0,5319.0,5323.0,5320.0,5323.0,5320.0,13
2016-05-03 19:32:00,2016-05-03 19:35:00,5318.0,5317.0,5319.0,5317.0,5319.0,5318.0,5320.0,5318.0,6
2016-05-03 19:35:00,2016-05-03 19:36:00,5317.0,5317.0,5317.0,5316.0,5318.0,5318.0,5319.0,5317.0,10
2016-05-03 19:36:00,2016-05-03 19:37:00,5317.0,5319.0,5319.0,5317.0,5318.0,5320.0,5320.0,5319.0,4
2016-05-03 19:37:00,2016-05-03 19:38:00,5319.0,5319.0,5321.0,5319.0,5320.0,5321.0,5322.0,5320.0,13
2016-05-03 19:38:00,2016-05-03 19:39:00,5319.0,5318.0,5320.0,5318.0,5321.0,5319.0,5321.0,5319.0,13
2016-05-03 19:39:00,2016-05-03 19:40:00,5318.0,5318.0,5319.0,5317.0,5319.0,5320.0,5320.0,5319.0,11
2016-05-03 19:40:00,2016-05-03 19:41:00,5318.0,5317.0,5318.0,5315.0,5320.0,5319.0,5319.0,5317.0,14
2016-05-03 19:41:00,2016-05-03 19:42:00,5317.0,5316.0,5317.0,5315.0,5319.0,5318.0,5319.0,5316.0,11
2016-05-03 19:42:00,2016-05-03 19:43:00,5316.0,5316.0,5317.0,5314.0,5318.0,5317.0,5319.0,5315.0,15
2016-05-03 19:43:00,2016-05-03 19:44:00,5316.0,5315.0,5317.0,5314.0,5317.0,5317.0,5318.0,5317.0,13
2016-05-03 19:44:00,2016-05-03 19:45:00,5315.0,5317.0,5317.0,5315.0,5317.0,5318.0,5319.0,5318.0,7
2016-05-03 19:45:00,2016-05-03 19:47:00,5316.0,5318.0,5318.0,5316.0,5317.0,5320.0,5320.0,5318.0,7
2016-05-03 19:47:00,2016-05-03 19:48:00,5318.0,5318.0,5318.0,5315.0,5320.0,5320.0,5320.0,5318.0,12
2016-05-03 19:48:00,2016-05-03 19:53:00,5318.0,5317.0,5317.0,5316.0,5319.0,5319.0,5320.0,5317.0,13
2016-05-03 19:53:00,2016-05-03 19:54:00,5317.0,5317.0,5318.0,5316.0,5319.0,5318.0,5319.0,5317.0,13
2016-05-03 19:54:00,2016-05-03 19:55:00,5317.0,5312.0,5316.0,5312.0,5318.0,5314.0,5318.0,5313.0,25
2016-05-03 19:55:00,2016-05-03 19:56:00,5312.0,5311.0,5313.0,5311.0,5314.0,5312.0,5314.0,5312.0,7
2016-05-03 19:56:00,2016-05-03 19:57:00,5311.0,5311.0,5312.0,5311.0,5312.0,5312.0,5313.0,5312.0,10
2016-05-03 19:57:00,2016-05-03 19:58:00,5311.0,5311.0,5311.0,5310.0,5312.0,5312.0,5312.0,5311.0,12
2016-05-03 19:58:00,2016-05-03 19:59:00,5311.0,5312.0,5313.0,5310.0,5312.0,5313.0,5314.0,5311.0,20
2016-05-03 19:59:00,2016-05-03 20:00:00,5312.0,5316.0,5316.0,5311.0,5313.0,5317.0,5318.0,5312.0,20
2016-05-03 20:00:00,2016-05-03 20:05:00,5316.0,5315.0,5316.0,5315.0,5317.0,5318.0,5318.0,5317.0,4
2016-05-03 20:05:00,2016-05-03 20:06:00,5315.0,5316.0,5316.0,5314.0,5318.0,5318.0,5319.0,5318.0,3
2016-05-03 20:06:00,2016-05-03 20:08:00,5316.0,5315.0,5316.0,5314.0,5318.0,5316.0,5320.0,5316.0,4
2016-05-03 20:08:00,2016-05-03 20:09:00,5315.0,5314.0,5314.0,5313.0,5316.0,5315.0,5316.0,5315.0,8
2016-05-03 20:09:00,2016-05-03 20:18:00,5315.0,5314.0,5314.0,5314.0,5316.0,5317.0,5317.0,5317.0,1
2016-05-03 20:18:00,2016-05-03 20:19:00,5314.0,5315.0,5315.0,5315.0,5317.0,5316.0,5316.0,5316.0,1
2016-05-03 20:19:00,2016-05-03 20:21:00,5315.0,5314.0,5314.0,5314.0,5316.0,5315.0,5317.0,5315.0,3
2016-05-03 20:21:00,2016-05-03 20:31:00,5312.0,5313.0,5313.0,5311.0,5313.0,5314.0,5315.0,5313.0,12
2016-05-03 20:31:00,2016-05-03 20:33:00,5313.0,5313.0,5314.0,5312.0,5314.0,5315.0,5316.0,5314.0,9
2016-05-03 20:33:00,2016-05-03 20:39:00,5312.0,5311.0,5311.0,5311.0,5313.0,5313.0,5313.0,5312.0,3
2016-05-03 20:39:00,2016-05-03 20:40:00,5311.0,5310.0,5311.0,5310.0,5313.0,5311.0,5312.0,5311.0,3
2016-05-03 20:40:00,2016-05-03 20:42:00,5310.0,5311.0,5311.0,5310.0,5311.0,5313.0,5313.0,5312.0,3
2016-05-03 20:42:00,2016-05-03 20:44:00,5311.0,5312.0,5312.0,5309.0,5313.0,5313.0,5315.0,5313.0,3
2016-05-03 20:44:00,2016-05-03 20:46:00,5312.0,5311.0,5311.0,5311.0,5313.0,5313.0,5314.0,5313.0,2
2016-05-03 20:46:00,2016-05-03 20:48:00,5312.0,5312.0,5313.0,5312.0,5313.0,5315.0,5315.0,5314.0,6
2016-05-03 20:48:00,2016-05-03 20:49:00,5312.0,5313.0,5313.0,5312.0,5315.0,5314.0,5314.0,5314.0,2
2016-05-03 20:49:00,2016-05-03 20:51:00,5313.0,5312.0,5312.0,5312.0,5314.0,5314.0,5314.0,5314.0,1
2016-05-03 20:51:00,2016-05-03 20:56:00,5312.0,5313.0,5315.0,5312.0,5313.0,5316.0,5316.0,5314.0,6
2016-05-03 20:56:00,2016-05-03 20:57:00,5313.0,5315.0,5315.0,5311.0,5316.0,5316.0,5318.0,5316.0,4
2016-05-03 20:57:00,2016-05-03 20:58:00,5315.0,5313.0,5315.0,5313.0,5316.0,5317.0,5318.0,5316.0,7
2016-05-03 20:58:00,2016-05-03 20:59:00,5313.0,5313.0,5315.0,5313.0,5317.0,5320.0,5320.0,5316.0,6
2016-05-03 20:59:00,2016-05-03 21:00:00,5313.0,5312.0,5312.0,5312.0,5320.0,5320.0,5320.0,5320.0,1
2016-05-03 21:00:00,2016-05-03 23:50:00,5312.0,5310.0,5316.0,5309.0,5320.0,5312.0,5319.0,5310.0,157
2016-05-03 23:50:00,2016-05-03 23:51:00,5310.0,5320.0,5322.0,5311.0,5312.0,5322.0,5323.0,5312.0,83
2016-05-03 23:51:00,2016-05-03 23:52:00,5320.0,5325.0,5328.0,5320.0,5322.0,5327.0,5330.0,5321.0,60
2016-05-03 23:52:00,2016-05-03 23:53:00,5325.0,5332.0,5333.0,5326.0,5327.0,5334.0,5334.0,5327.0,57
2016-05-03 23:53:00,2016-05-03 23:54:00,5332.0,5332.0,5334.0,5327.0,5334.0,5333.0,5335.0,5328.0,108
2016-05-03 23:54:00,2016-05-03 23:55:00,5332.0,5329.0,5332.0,5326.0,5333.0,5331.0,5333.0,5327.0,45
2016-05-03 23:55:00,2016-05-03 23:56:00,5329.0,5328.0,5331.0,5327.0,5331.0,5331.0,5332.0,5329.0,42
2016-05-03 23:56:00,2016-05-03 23:57:00,5328.0,5325.0,5330.0,5325.0,5331.0,5326.0,5331.0,5326.0,30
2016-05-03 23:57:00,2016-05-03 23:58:00,5325.0,5326.0,5328.0,5325.0,5326.0,5327.0,5329.0,5327.0,22
2016-05-03 23:58:00,2016-05-03 23:59:00,5326.0,5322.0,5326.0,5322.0,5327.0,5324.0,5327.0,5323.0,25
2016-05-03 23:59:00,2016-05-04 00:00:00,5322.0,5334.0,5334.0,5322.0,5324.0,5335.0,5335.0,5323.0,132
2016-05-04 00:00:00,2016-05-04 00:01:00,5334.0,5320.0,5338.0,5319.0,5335.0,5321.0,5339.0,5320.0,214
2016-05-04 00:01:00,2016-05-04 00:02:00,5320.0,5315.0,5324.0,5313.0,5321.0,5316.0,5325.0,5314.0,91
2016-05-04 00:02:00,2016-05-04 00:03:00,5315.0,5317.0,5319.0,5313.0,5316.0,5318.0,5321.0,5314.0,102
2016-05-04 00:03:00,2016-05-04 00:04:00,5317.0,5312.0,5316.0,5308.0,5318.0,5313.0,5318.0,5309.0,58
2016-05-04 00:04:00,2016-05-04 00:05:00,5312.0,5308.0,5311.0,5305.0,5313.0,5309.0,5313.0,5306.0,71
2016-05-04 00:05:00,2016-05-04 00:06:00,5308.0,5309.0,5312.0,5305.0,5309.0,5311.0,5313.0,5306.0,58
2016-05-04 00:06:00,2016-05-04 00:07:00,5309.0,5307.0,5313.0,5307.0,5311.0,5308.0,5315.0,5308.0,46
2016-05-04 00:07:00,2016-05-04 00:08:00,5307.0,5310.0,5313.0,5307.0,5308.0,5311.0,5314.0,5308.0,62
2016-05-04 00:08:00,2016-05-04 00:09:00,5310.0,5311.0,5312.0,5308.0,5311.0,5312.0,5313.0,5310.0,44
2016-05-04 00:09:00,2016-05-04 00:10:00,5311.0,5309.0,5311.0,5306.0,5312.0,5310.0,5312.0,5307.0,66
2016-05-04 00:10:00,2016-05-04 00:11:00,5309.0,5306.0,5308.0,5304.0,5310.0,5307.0,5310.0,5305.0,60
2016-05-04 00:11:00,2016-05-04 00:12:00,5306.0,5310.0,5312.0,5306.0,5307.0,5311.0,5313.0,5307.0,30
2016-05-04 00:12:00,2016-05-04 00:13:00,5310.0,5313.0,5314.0,5308.0,5311.0,5314.0,5315.0,5309.0,30
2016-05-04 00:13:00,2016-05-04 00:14:00,5313.0,5317.0,5320.0,5313.0,5314.0,5318.0,5321.0,5315.0,56
2016-05-04 00:14:00,2016-05-04 00:15:00,5317.0,5316.0,5320.0,5314.0,5318.0,5317.0,5321.0,5315.0,64
2016-05-04 00:15:00,2016-05-04 00:16:00,5316.0,5313.0,5317.0,5312.0,5317.0,5314.0,5318.0,5314.0,52
2016-05-04 00:16:00,2016-05-04 00:17:00,5313.0,5311.0,5317.0,5311.0,5314.0,5313.0,5318.0,5313.0,63
2016-05-04 00:17:00,2016-05-04 00:18:00,5311.0,5307.0,5315.0,5306.0,5313.0,5308.0,5316.0,5307.0,71
2016-05-04 00:18:00,2016-05-04 00:19:00,5307.0,5310.0,5313.0,5301.0,5308.0,5312.0,5314.0,5302.0,113
2016-05-04 00:19:00,2016-05-04 00:20:00,5310.0,5311.0,5316.0,5310.0,5312.0,5312.0,5317.0,5311.0,93
2016-05-04 00:20:00,2016-05-04 00:21:00,5311.0,5306.0,5310.0,5306.0,5312.0,5307.0,5312.0,5307.0,60
2016-05-04 00:21:00,2016-05-04 00:22:00,5306.0,5305.0,5312.0,5305.0,5307.0,5306.0,5313.0,5306.0,66
2016-05-04 00:22:00,2016-05-04 00:23:00,5305.0,5308.0,5308.0,5303.0,5306.0,5309.0,5309.0,5304.0,62
2016-05-04 00:23:00,2016-05-04 00:24:00,5308.0,5308.0,5309.0,5307.0,5309.0,5309.0,5310.0,5308.0,56
2016-05-04 00:24:00,2016-05-04 00:25:00,5308.0,5302.0,5308.0,5301.0,5309.0,5303.0,5309.0,5302.0,72
2016-05-04 00:25:00,2016-05-04 00:26:00,5302.0,5300.0,5304.0,5299.0,5303.0,5301.0,5305.0,5300.0,52
2016-05-04 00:26:00,2016-05-04 00:27:00,5300.0,5306.0,5306.0,5300.0,5301.0,5307.0,5307.0,5301.0,54
2016-05-04 00:27:00,2016-05-04 00:28:00,5306.0,5304.0,5308.0,5304.0,5307.0,5305.0,5309.0,5305.0,62
2016-05-04 00:28:00,2016-05-04 00:29:00,5304.0,5309.0,5309.0,5304.0,5305.0,5310.0,5310.0,5305.0,20
2016-05-04 00:29:00,2016-05-04 00:30:00,5309.0,5315.0,5315.0,5307.0,5310.0,5316.0,5316.0,5308.0,124
2016-05-04 00:30:00,2016-05-04 00:31:00,5315.0,5325.0,5325.0,5314.0,5316.0,5326.0,5326.0,5315.0,104
2016-05-04 00:31:00,2016-05-04 00:32:00,5325.0,5324.0,5330.0,5324.0,5326.0,5325.0,5331.0,5325.0,64
2016-05-04 00:32:00,2016-05-04 00:33:00,5324.0,5324.0,5325.0,5321.0,5325.0,5326.0,5326.0,5322.0,46
2016-05-04 00:33:00,2016-05-04 00:34:00,5324.0,5324.0,5325.0,5321.0,5326.0,5326.0,5326.0,5322.0,42
2016-05-04 00:34:00,2016-05-04 00:35:00,5324.0,5324.0,5326.0,5322.0,5326.0,5325.0,5327.0,5323.0,47
2016-05-04 00:35:00,2016-05-04 00:36:00,5324.0,5320.0,5325.0,5320.0,5325.0,5321.0,5327.0,5321.0,38
2016-05-04 00:36:00,2016-05-04 00:37:00,5320.0,5327.0,5327.0,5320.0,5321.0,5328.0,5328.0,5322.0,52
2016-05-04 00:37:00,2016-05-04 00:38:00,5327.0,5325.0,5329.0,5324.0,5328.0,5327.0,5331.0,5325.0,58
2016-05-04 00:38:00,2016-05-04 00:39:00,5325.0,5325.0,5326.0,5322.0,5327.0,5327.0,5327.0,5324.0,44
2016-05-04 00:39:00,2016-05-04 00:40:00,5325.0,5322.0,5326.0,5322.0,5327.0,5323.0,5327.0,5323.0,17
2016-05-04 00:40:00,2016-05-04 00:41:00,5322.0,5319.0,5321.0,5318.0,5323.0,5320.0,5323.0,5319.0,20
2016-05-04 00:41:00,2016-05-04 00:42:00,5319.0,5318.0,5318.0,5316.0,5320.0,5319.0,5320.0,5317.0,22
2016-05-04 00:42:00,2016-05-04 00:43:00,5318.0,5321.0,5324.0,5318.0,5319.0,5323.0,5325.0,5320.0,51
2016-05-04 00:43:00,2016-05-04 00:44:00,5321.0,5319.0,5325.0,5319.0,5323.0,5320.0,5326.0,5320.0,39
2016-05-04 00:44:00,2016-05-04 00:45:00,5319.0,5315.0,5321.0,5315.0,5320.0,5316.0,5323.0,5316.0,44
2016-05-04 00:45:00,2016-05-04 00:46:00,5315.0,5318.0,5321.0,5315.0,5316.0,5319.0,5322.0,5317.0,48
2016-05-04 00:46:00,2016-05-04 00:47:00,5318.0,5317.0,5319.0,5317.0,5319.0,5318.0,5320.0,5318.0,24
2016-05-04 00:47:00,2016-05-04 00:48:00,5317.0,5310.0,5317.0,5309.0,5318.0,5311.0,5319.0,5310.0,55
2016-05-04 00:48:00,2016-05-04 00:49:00,5310.0,5309.0,5311.0,5308.0,5311.0,5310.0,5312.0,5309.0,30
2016-05-04 00:49:00,2016-05-04 00:50:00,5309.0,5304.0,5308.0,5303.0,5310.0,5305.0,5310.0,5304.0,45
2016-05-04 00:50:00,2016-05-04 00:51:00,5304.0,5303.0,5305.0,5303.0,5305.0,5304.0,5306.0,5304.0,26
2016-05-04 00:51:00,2016-05-04 00:53:00,5303.0,5308.0,5308.0,5303.0,5304.0,5309.0,5309.0,5305.0,20
2016-05-04 00:53:00,2016-05-04 00:54:00,5308.0,5308.0,5309.0,5307.0,5309.0,5309.0,5310.0,5308.0,16
2016-05-04 00:54:00,2016-05-04 00:55:00,5308.0,5303.0,5307.0,5303.0,5309.0,5304.0,5309.0,5304.0,22
2016-05-04 00:55:00,2016-05-04 00:56:00,5303.0,5297.0,5304.0,5296.0,5304.0,5299.0,5305.0,5297.0,85
2016-05-04 00:56:00,2016-05-04 00:57:00,5297.0,5295.0,5298.0,5294.0,5299.0,5296.0,5299.0,5295.0,49
2016-05-04 00:57:00,2016-05-04 00:58:00,5295.0,5293.0,5295.0,5291.0,5296.0,5294.0,5296.0,5292.0,62
2016-05-04 00:58:00,2016-05-04 00:59:00,5293.0,5293.0,5294.0,5290.0,5294.0,5295.0,5295.0,5291.0,37
2016-05-04 00:59:00,2016-05-04 01:00:00,5293.0,5294.0,5294.0,5291.0,5295.0,5295.0,5296.0,5292.0,43
2016-05-04 01:00:00,2016-05-04 01:01:00,5294.0,5294.0,5295.0,5292.0,5295.0,5295.0,5296.0,5293.0,38
2016-05-04 01:01:00,2016-05-04 01:02:00,5294.0,5297.0,5299.0,5294.0,5295.0,5298.0,5300.0,5295.0,52
2016-05-04 01:02:00,2016-05-04 01:03:00,5297.0,5298.0,5301.0,5297.0,5298.0,5300.0,5302.0,5299.0,33
2016-05-04 01:03:00,2016-05-04 01:04:00,5298.0,5298.0,5299.0,5296.0,5300.0,5299.0,5300.0,5298.0,19
2016-05-04 01:04:00,2016-05-04 01:05:00,5298.0,5295.0,5297.0,5293.0,5299.0,5296.0,5299.0,5294.0,36
2016-05-04 01:05:00,2016-05-04 01:06:00,5295.0,5294.0,5296.0,5293.0,5296.0,5295.0,5297.0,5294.0,26
2016-05-04 01:06:00,2016-05-04 01:07:00,5294.0,5295.0,5296.0,5292.0,5295.0,5297.0,5297.0,5293.0,49
2016-05-04 01:07:00,2016-05-04 01:08:00,5295.0,5294.0,5298.0,5292.0,5297.0,5295.0,5299.0,5293.0,71
2016-05-04 01:08:00,2016-05-04 01:09:00,5294.0,5295.0,5295.0,5293.0,5295.0,5296.0,5296.0,5294.0,24
2016-05-04 01:09:00,2016-05-04 01:10:00,5295.0,5293.0,5296.0,5293.0,5296.0,5294.0,5297.0,5294.0,23
2016-05-04 01:10:00,2016-05-04 01:11:00,5293.0,5291.0,5292.0,5290.0,5294.0,5292.0,5294.0,5291.0,25
2016-05-04 01:11:00,2016-05-04 01:12:00,5291.0,5291.0,5292.0,5291.0,5292.0,5292.0,5293.0,5292.0,16
2016-05-04 01:12:00,2016-05-04 01:13:00,5291.0,5290.0,5292.0,5289.0,5292.0,5291.0,5293.0,5290.0,28
2016-05-04 01:13:00,2016-05-04 01:14:00,5290.0,5289.0,5291.0,5289.0,5291.0,5291.0,5292.0,5290.0,13
2016-05-04 01:14:00,2016-05-04 01:15:00,5289.0,5292.0,5294.0,5290.0,5291.0,5293.0,5295.0,5291.0,51
2016-05-04 01:15:00,2016-05-04 01:16:00,5292.0,5290.0,5294.0,5289.0,5293.0,5291.0,5295.0,5290.0,46
2016-05-04 01:16:00,2016-05-04 01:17:00,5290.0,5291.0,5291.0,5289.0,5291.0,5292.0,5292.0,5290.0,30
2016-05-04 01:17:00,2016-05-04 01:18:00,5291.0,5290.0,5290.0,5289.0,5292.0,5291.0,5292.0,5290.0,6
2016-05-04 01:18:00,2016-05-04 01:19:00,5290.0,5292.0,5292.0,5288.0,5291.0,5293.0,5293.0,5290.0,12
2016-05-04 01:19:00,2016-05-04 01:20:00,5292.0,5295.0,5295.0,5290.0,5293.0,5296.0,5296.0,5291.0,44
2016-05-04 01:20:00,2016-05-04 01:21:00,5295.0,5288.0,5295.0,5288.0,5296.0,5289.0,5296.0,5289.0,68
2016-05-04 01:21:00,2016-05-04 01:22:00,5288.0,5292.0,5292.0,5288.0,5289.0,5293.0,5293.0,5290.0,36
2016-05-04 01:22:00,2016-05-04 01:23:00,5292.0,5293.0,5293.0,5292.0,5293.0,5294.0,5295.0,5293.0,14
2016-05-04 01:23:00,2016-05-04 01:24:00,5293.0,5293.0,5294.0,5292.0,5294.0,5294.0,5295.0,5293.0,16
2016-05-04 01:24:00,2016-05-04 01:25:00,5293.0,5291.0,5293.0,5290.0,5294.0,5292.0,5295.0,5291.0,18
2016-05-04 01:25:00,2016-05-04 01:27:00,5291.0,5292.0,5293.0,5290.0,5292.0,5293.0,5295.0,5291.0,22
2016-05-04 01:27:00,2016-05-04 01:28:00,5292.0,5291.0,5293.0,5291.0,5293.0,5292.0,5294.0,5292.0,12
2016-05-04 01:28:00,2016-05-04 01:29:00,5291.0,5287.0,5290.0,5285.0,5292.0,5288.0,5292.0,5286.0,44
2016-05-04 01:29:00,2016-05-04 01:30:00,5287.0,5294.0,5294.0,5287.0,5288.0,5295.0,5295.0,5288.0,62
2016-05-04 01:30:00,2016-05-04 01:31:00,5294.0,5292.0,5295.0,5292.0,5295.0,5293.0,5296.0,5293.0,42
2016-05-04 01:31:00,2016-05-04 01:32:00,5292.0,5289.0,5293.0,5289.0,5293.0,5290.0,5294.0,5290.0,34
2016-05-04 01:32:00,2016-05-04 01:33:00,5289.0,5291.0,5292.0,5287.0,5290.0,5293.0,5293.0,5288.0,35
2016-05-04 01:33:00,2016-05-04 01:34:00,5291.0,5289.0,5292.0,5287.0,5293.0,5290.0,5293.0,5289.0,35
2016-05-04 01:34:00,2016-05-04 01:35:00,5289.0,5291.0,5291.0,5287.0,5290.0,5293.0,5293.0,5289.0,35
2016-05-04 01:35:00,2016-05-04 01:36:00,5291.0,5294.0,5299.0,5292.0,5293.0,5295.0,5300.0,5293.0,83
2016-05-04 01:36:00,2016-05-04 01:37:00,5294.0,5297.0,5298.0,5294.0,5295.0,5298.0,5299.0,5296.0,53
2016-05-04 01:37:00,2016-05-04 01:38:00,5297.0,5301.0,5303.0,5297.0,5298.0,5302.0,5304.0,5299.0,90
2016-05-04 01:38:00,2016-05-04 01:39:00,5301.0,5304.0,5304.0,5301.0,5302.0,5305.0,5305.0,5302.0,22
2016-05-04 01:39:00,2016-05-04 01:40:00,5304.0,5302.0,5305.0,5301.0,5305.0,5303.0,5306.0,5302.0,38
2016-05-04 01:40:00,2016-05-04 01:41:00,5302.0,5299.0,5302.0,5299.0,5303.0,5300.0,5303.0,5300.0,20
2016-05-04 01:41:00,2016-05-04 01:42:00,5299.0,5300.0,5300.0,5297.0,5300.0,5301.0,5301.0,5298.0,24
2016-05-04 01:42:00,2016-05-04 01:43:00,5300.0,5300.0,5300.0,5298.0,5301.0,5301.0,5301.0,5299.0,8
2016-05-04 01:43:00,2016-05-04 01:45:00,5300.0,5295.0,5301.0,5294.0,5301.0,5296.0,5302.0,5296.0,40
2016-05-04 01:45:00,2016-05-04 01:46:00,5295.0,5296.0,5297.0,5293.0,5296.0,5298.0,5298.0,5295.0,29
2016-05-04 01:46:00,2016-05-04 01:47:00,5296.0,5291.0,5297.0,5291.0,5298.0,5293.0,5298.0,5292.0,40
2016-05-04 01:47:00,2016-05-04 01:48:00,5291.0,5288.0,5292.0,5287.0,5293.0,5290.0,5293.0,5288.0,54
2016-05-04 01:48:00,2016-05-04 01:49:00,5288.0,5289.0,5289.0,5287.0,5290.0,5290.0,5290.0,5288.0,27
2016-05-04 01:49:00,2016-05-04 01:50:00,5289.0,5288.0,5289.0,5288.0,5290.0,5289.0,5290.0,5289.0,10
2016-05-04 01:50:00,2016-05-04 01:51:00,5288.0,5286.0,5287.0,5285.0,5289.0,5287.0,5289.0,5286.0,18
2016-05-04 01:51:00,2016-05-04 01:52:00,5286.0,5289.0,5289.0,5286.0,5287.0,5290.0,5290.0,5287.0,26
2016-05-04 01:52:00,2016-05-04 01:53:00,5289.0,5291.0,5292.0,5288.0,5290.0,5293.0,5293.0,5289.0,21
2016-05-04 01:53:00,2016-05-04 01:54:00,5291.0,5290.0,5292.0,5287.0,5293.0,5291.0,5293.0,5288.0,33
2016-05-04 01:54:00,2016-05-04 01:55:00,5290.0,5292.0,5293.0,5290.0,5291.0,5293.0,5294.0,5292.0,20
2016-05-04 01:55:00,2016-05-04 01:56:00,5292.0,5293.0,5293.0,5291.0,5293.0,5294.0,5294.0,5292.0,14
2016-05-04 01:56:00,2016-05-04 01:57:00,5293.0,5296.0,5296.0,5293.0,5294.0,5297.0,5297.0,5295.0,20
2016-05-04 01:57:00,2016-05-04 01:58:00,5296.0,5295.0,5296.0,5295.0,5297.0,5296.0,5297.0,5296.0,18
2016-05-04 01:58:00,2016-05-04 01:59:00,5295.0,5298.0,5299.0,5295.0,5296.0,5300.0,5300.0,5297.0,19
2016-05-04 01:59:00,2016-05-04 02:00:00,5298.0,5295.0,5298.0,5293.0,5300.0,5296.0,5299.0,5294.0,37
2016-05-04 02:00:00,2016-05-04 02:01:00,5295.0,5296.0,5296.0,5295.0,5296.0,5297.0,5297.0,5296.0,26
2016-05-04 02:01:00,2016-05-04 02:02:00,5296.0,5293.0,5295.0,5293.0,5297.0,5294.0,5297.0,5294.0,36
2016-05-04 02:02:00,2016-05-04 02:03:00,5293.0,5290.0,5292.0,5290.0,5294.0,5291.0,5294.0,5291.0,26
2016-05-04 02:03:00,2016-05-04 02:05:00,5290.0,5289.0,5290.0,5287.0,5291.0,5290.0,5291.0,5288.0,18
2016-05-04 02:05:00,2016-05-04 02:06:00,5289.0,5290.0,5291.0,5289.0,5290.0,5291.0,5292.0,5290.0,18
2016-05-04 02:06:00,2016-05-04 02:07:00,5290.0,5287.0,5289.0,5286.0,5291.0,5289.0,5291.0,5287.0,43
2016-05-04 02:07:00,2016-05-04 02:08:00,5287.0,5288.0,5289.0,5287.0,5289.0,5289.0,5291.0,5288.0,11
2016-05-04 02:08:00,2016-05-04 02:09:00,5288.0,5286.0,5288.0,5286.0,5289.0,5287.0,5289.0,5287.0,24
2016-05-04 02:09:00,2016-05-04 02:11:00,5287.0,5288.0,5288.0,5287.0,5288.0,5289.0,5289.0,5288.0,16
2016-05-04 02:11:00,2016-05-04 02:14:00,5288.0,5284.0,5287.0,5284.0,5289.0,5285.0,5289.0,5285.0,30
2016-05-04 02:14:00,2016-05-04 02:16:00,5284.0,5281.0,5283.0,5279.0,5285.0,5282.0,5285.0,5280.0,44
2016-05-04 02:16:00,2016-05-04 02:17:00,5281.0,5283.0,5284.0,5280.0,5282.0,5284.0,5286.0,5281.0,20
2016-05-04 02:17:00,2016-05-04 02:18:00,5283.0,5287.0,5288.0,5283.0,5284.0,5288.0,5289.0,5284.0,18
2016-05-04 02:18:00,2016-05-04 02:19:00,5287.0,5287.0,5287.0,5285.0,5288.0,5288.0,5288.0,5286.0,8
2016-05-04 02:19:00,2016-05-04 02:20:00,5287.0,5286.0,5287.0,5286.0,5288.0,5287.0,5288.0,5287.0,26
2016-05-04 02:20:00,2016-05-04 02:21:00,5286.0,5286.0,5286.0,5283.0,5287.0,5287.0,5287.0,5284.0,40
2016-05-04 02:21:00,2016-05-04 02:24:00,5285.0,5287.0,5287.0,5284.0,5286.0,5288.0,5289.0,5285.0,14
2016-05-04 02:24:00,2016-05-04 02:25:00,5287.0,5290.0,5290.0,5287.0,5288.0,5291.0,5291.0,5288.0,30
2016-05-04 02:25:00,2016-05-04 02:26:00,5290.0,5289.0,5291.0,5289.0,5291.0,5290.0,5292.0,5290.0,6
2016-05-04 02:26:00,2016-05-04 02:27:00,5289.0,5290.0,5292.0,5289.0,5290.0,5291.0,5293.0,5290.0,26
2016-05-04 02:27:00,2016-05-04 02:28:00,5290.0,5288.0,5289.0,5288.0,5291.0,5289.0,5291.0,5289.0,10
2016-05-04 02:28:00,2016-05-04 02:29:00,5288.0,5291.0,5291.0,5288.0,5289.0,5292.0,5292.0,5290.0,6
2016-05-04 02:29:00,2016-05-04 02:30:00,5291.0,5290.0,5291.0,5290.0,5292.0,5291.0,5292.0,5291.0,24
2016-05-04 02:30:00,2016-05-04 02:31:00,5290.0,5288.0,5289.0,5287.0,5291.0,5289.0,5291.0,5289.0,6
2016-05-04 02:31:00,2016-05-04 02:32:00,5288.0,5284.0,5287.0,5283.0,5289.0,5285.0,5289.0,5284.0,36
2016-05-04 02:32:00,2016-05-04 02:33:00,5284.0,5283.0,5286.0,5282.0,5285.0,5284.0,5287.0,5283.0,26
2016-05-04 02:33:00,2016-05-04 02:34:00,5283.0,5286.0,5286.0,5283.0,5284.0,5287.0,5287.0,5285.0,12
2016-05-04 02:34:00,2016-05-04 02:35:00,5286.0,5286.0,5287.0,5286.0,5287.0,5287.0,5288.0,5287.0,12
2016-05-04 02:35:00,2016-05-04 02:36:00,5286.0,5284.0,5286.0,5284.0,5287.0,5285.0,5287.0,5285.0,8
2016-05-04 02:36:00,2016-05-04 02:37:00,5284.0,5284.0,5286.0,5284.0,5285.0,5285.0,5287.0,5285.0,26
2016-05-04 02:37:00,2016-05-04 02:38:00,5284.0,5285.0,5286.0,5283.0,5285.0,5286.0,5287.0,5284.0,14
2016-05-04 02:38:00,2016-05-04 02:40:00,5284.0,5283.0,5283.0,5282.0,5285.0,5284.0,5285.0,5283.0,20
2016-05-04 02:40:00,2016-05-04 02:41:00,5283.0,5285.0,5286.0,5283.0,5284.0,5286.0,5287.0,5284.0,26
2016-05-04 02:41:00,2016-05-04 02:42:00,5285.0,5283.0,5286.0,5283.0,5286.0,5284.0,5287.0,5284.0,30
2016-05-04 02:42:00,2016-05-04 02:45:00,5280.0,5280.0,5282.0,5280.0,5281.0,5282.0,5283.0,5281.0,17
2016-05-04 02:45:00,2016-05-04 02:46:00,5280.0,5282.0,5283.0,5280.0,5282.0,5283.0,5284.0,5281.0,15
2016-05-04 02:46:00,2016-05-04 02:47:00,5282.0,5283.0,5283.0,5282.0,5283.0,5284.0,5284.0,5283.0,12
2016-05-04 02:47:00,2016-05-04 02:48:00,5283.0,5286.0,5286.0,5282.0,5284.0,5287.0,5287.0,5283.0,28
2016-05-04 02:48:00,2016-05-04 02:49:00,5286.0,5288.0,5289.0,5286.0,5287.0,5290.0,5290.0,5287.0,29
2016-05-04 02:49:00,2016-05-04 02:50:00,5288.0,5290.0,5291.0,5289.0,5290.0,5291.0,5292.0,5290.0,29
2016-05-04 02:50:00,2016-05-04 02:51:00,5290.0,5287.0,5289.0,5287.0,5291.0,5288.0,5291.0,5288.0,12
2016-05-04 02:51:00,2016-05-04 02:52:00,5287.0,5285.0,5287.0,5285.0,5288.0,5286.0,5288.0,5286.0,8
2016-05-04 02:52:00,2016-05-04 02:53:00,5285.0,5282.0,5285.0,5282.0,5286.0,5283.0,5286.0,5283.0,14
2016-05-04 02:53:00,2016-05-04 02:54:00,5282.0,5279.0,5281.0,5279.0,5283.0,5280.0,5283.0,5280.0,20
2016-05-04 02:54:00,2016-05-04 02:55:00,5279.0,5279.0,5280.0,5279.0,5280.0,5280.0,5281.0,5280.0,12
2016-05-04 02:55:00,2016-05-04 02:56:00,5279.0,5278.0,5279.0,5278.0,5280.0,5280.0,5280.0,5279.0,17
2016-05-04 02:56:00,2016-05-04 02:57:00,5278.0,5279.0,5279.0,5278.0,5280.0,5280.0,5280.0,5280.0,3
2016-05-04 02:57:00,2016-05-04 02:58:00,5279.0,5283.0,5283.0,5279.0,5280.0,5284.0,5284.0,5281.0,10
2016-05-04 02:58:00,2016-05-04 02:59:00,5283.0,5283.0,5284.0,5282.0,5284.0,5285.0,5286.0,5283.0,17
2016-05-04 02:59:00,2016-05-04 03:00:00,5283.0,5284.0,5285.0,5283.0,5285.0,5285.0,5286.0,5284.0,15
2016-05-04 03:00:00,2016-05-04 03:01:00,5284.0,5284.0,5285.0,5283.0,5285.0,5285.0,5286.0,5284.0,30
2016-05-04 03:01:00,2016-05-04 03:03:00,5285.0,5286.0,5287.0,5285.0,5286.0,5287.0,5288.0,5287.0,12
2016-05-04 03:03:00,2016-05-04 03:04:00,5286.0,5286.0,5286.0,5285.0,5287.0,5287.0,5287.0,5286.0,12
2016-05-04 03:04:00,2016-05-04 03:07:00,5286.0,5285.0,5286.0,5285.0,5287.0,5286.0,5287.0,5286.0,10
2016-05-04 03:07:00,2016-05-04 03:08:00,5285.0,5282.0,5284.0,5281.0,5286.0,5284.0,5286.0,5282.0,43
2016-05-04 03:08:00,2016-05-04 03:11:00,5284.0,5289.0,5289.0,5284.0,5285.0,5290.0,5290.0,5286.0,14
2016-05-04 03:11:00,2016-05-04 03:12:00,5289.0,5290.0,5291.0,5289.0,5290.0,5291.0,5292.0,5290.0,16
2016-05-04 03:12:00,2016-05-04 03:13:00,5290.0,5287.0,5289.0,5287.0,5291.0,5288.0,5291.0,5288.0,18
2016-05-04 03:13:00,2016-05-04 03:14:00,5287.0,5287.0,5287.0,5283.0,5288.0,5288.0,5288.0,5285.0,20
2016-05-04 03:14:00,2016-05-04 03:15:00,5287.0,5288.0,5289.0,5286.0,5288.0,5289.0,5290.0,5287.0,26
2016-05-04 03:15:00,2016-05-04 03:16:00,5288.0,5289.0,5290.0,5288.0,5289.0,5291.0,5291.0,5289.0,23
2016-05-04 03:16:00,2016-05-04 03:19:00,5289.0,5289.0,5291.0,5289.0,5290.0,5290.0,5292.0,5290.0,16
2016-05-04 03:19:00,2016-05-04 03:20:00,5289.0,5289.0,5290.0,5289.0,5290.0,5290.0,5292.0,5290.0,6
2016-05-04 03:20:00,2016-05-04 03:21:00,5289.0,5291.0,5291.0,5289.0,5290.0,5292.0,5292.0,5291.0,6
2016-05-04 03:21:00,2016-05-04 03:22:00,5291.0,5294.0,5295.0,5291.0,5292.0,5295.0,5296.0,5293.0,16
2016-05-04 03:22:00,2016-05-04 03:23:00,5294.0,5297.0,5297.0,5294.0,5295.0,5298.0,5298.0,5295.0,40
2016-05-04 03:23:00,2016-05-04 03:24:00,5297.0,5297.0,5298.0,5296.0,5298.0,5299.0,5299.0,5297.0,19
2016-05-04 03:24:00,2016-05-04 03:25:00,5297.0,5296.0,5297.0,5296.0,5299.0,5297.0,5299.0,5297.0,9
2016-05-04 03:25:00,2016-05-04 03:26:00,5296.0,5294.0,5295.0,5293.0,5297.0,5295.0,5297.0,5294.0,12
2016-05-04 03:26:00,2016-05-04 03:27:00,5294.0,5294.0,5295.0,5293.0,5295.0,5295.0,5296.0,5294.0,12
2016-05-04 03:27:00,2016-05-04 03:29:00,5293.0,5290.0,5292.0,5289.0,5294.0,5291.0,5294.0,5290.0,20
2016-05-04 03:29:00,2016-05-04 03:31:00,5288.0,5288.0,5289.0,5286.0,5289.0,5289.0,5290.0,5287.0,26
2016-05-04 03:31:00,2016-05-04 03:32:00,5288.0,5293.0,5293.0,5288.0,5289.0,5294.0,5294.0,5290.0,20
2016-05-04 03:32:00,2016-05-04 03:33:00,5293.0,5295.0,5296.0,5292.0,5294.0,5296.0,5297.0,5293.0,43
2016-05-04 03:33:00,2016-05-04 03:34:00,5295.0,5294.0,5296.0,5294.0,5296.0,5296.0,5297.0,5295.0,37
2016-05-04 03:34:00,2016-05-04 03:35:00,5294.0,5293.0,5294.0,5293.0,5296.0,5294.0,5295.0,5294.0,13
2016-05-04 03:35:00,2016-05-04 03:37:00,5293.0,5294.0,5295.0,5293.0,5294.0,5295.0,5296.0,5295.0,26
2016-05-04 03:37:00,2016-05-04 03:39:00,5293.0,5296.0,5296.0,5293.0,5294.0,5297.0,5297.0,5295.0,8
2016-05-04 03:39:00,2016-05-04 03:41:00,5296.0,5298.0,5298.0,5296.0,5298.0,5299.0,5299.0,5297.0,23
2016-05-04 03:41:00,2016-05-04 03:43:00,5297.0,5295.0,5296.0,5294.0,5298.0,5297.0,5298.0,5296.0,21
2016-05-04 03:43:00,2016-05-04 03:45:00,5295.0,5299.0,5299.0,5295.0,5296.0,5300.0,5300.0,5297.0,14
2016-05-04 03:45:00,2016-05-04 03:46:00,5299.0,5298.0,5300.0,5298.0,5300.0,5299.0,5301.0,5299.0,6
2016-05-04 03:46:00,2016-05-04 03:48:00,5298.0,5299.0,5300.0,5298.0,5299.0,5301.0,5301.0,5300.0,7
2016-05-04 03:48:00,2016-05-04 03:49:00,5299.0,5299.0,5300.0,5299.0,5301.0,5300.0,5301.0,5300.0,11
2016-05-04 03:49:00,2016-05-04 03:54:00,5298.0,5296.0,5297.0,5294.0,5299.0,5297.0,5299.0,5296.0,14
2016-05-04 03:54:00,2016-05-04 03:55:00,5296.0,5293.0,5296.0,5293.0,5297.0,5295.0,5297.0,5295.0,7
2016-05-04 03:55:00,2016-05-04 03:56:00,5293.0,5294.0,5295.0,5293.0,5295.0,5296.0,5296.0,5294.0,26
2016-05-04 03:56:00,2016-05-04 03:57:00,5294.0,5295.0,5295.0,5294.0,5296.0,5296.0,5296.0,5295.0,11
2016-05-04 03:57:00,2016-05-04 04:00:00,5295.0,5296.0,5297.0,5296.0,5297.0,5297.0,5298.0,5297.0,19
2016-05-04 04:00:00,2016-05-04 04:01:00,5296.0,5298.0,5298.0,5296.0,5297.0,5299.0,5299.0,5298.0,8
2016-05-04 04:01:00,2016-05-04 04:02:00,5298.0,5298.0,5299.0,5298.0,5299.0,5299.0,5300.0,5299.0,12
2016-05-04 04:02:00,2016-05-04 04:03:00,5298.0,5301.0,5301.0,5298.0,5299.0,5302.0,5302.0,5300.0,10
2016-05-04 04:03:00,2016-05-04 04:04:00,5301.0,5299.0,5302.0,5299.0,5302.0,5300.0,5303.0,5300.0,16
2016-05-04 04:04:00,2016-05-04 04:05:00,5299.0,5297.0,5299.0,5297.0,5300.0,5298.0,5300.0,5298.0,12
2016-05-04 04:05:00,2016-05-04 04:08:00,5297.0,5295.0,5296.0,5294.0,5298.0,5296.0,5298.0,5295.0,22
2016-05-04 04:08:00,2016-05-04 04:09:00,5295.0,5295.0,5295.0,5293.0,5296.0,5296.0,5298.0,5296.0,2
2016-05-04 04:09:00,2016-05-04 04:11:00,5295.0,5297.0,5298.0,5295.0,5296.0,5299.0,5299.0,5297.0,19
2016-05-04 04:11:00,2016-05-04 04:12:00,5297.0,5298.0,5298.0,5297.0,5299.0,5299.0,5299.0,5298.0,15
2016-05-04 04:12:00,2016-05-04 04:13:00,5298.0,5297.0,5298.0,5297.0,5299.0,5299.0,5299.0,5298.0,11
2016-05-04 04:13:00,2016-05-04 04:14:00,5297.0,5299.0,5299.0,5297.0,5299.0,5300.0,5300.0,5298.0,9
2016-05-04 04:14:00,2016-05-04 04:15:00,5299.0,5298.0,5298.0,5297.0,5300.0,5299.0,5300.0,5298.0,14
2016-05-04 04:15:00,2016-05-04 04:16:00,5298.0,5299.0,5299.0,5298.0,5299.0,5300.0,5300.0,5299.0,12
2016-05-04 04:16:00,2016-05-04 04:17:00,5299.0,5300.0,5300.0,5298.0,5300.0,5301.0,5301.0,5299.0,6
2016-05-04 04:17:00,2016-05-04 04:19:00,5299.0,5301.0,5301.0,5298.0,5300.0,5302.0,5302.0,5300.0,8
2016-05-04 04:19:00,2016-05-04 04:21:00,5300.0,5299.0,5300.0,5299.0,5301.0,5300.0,5302.0,5300.0,4
2016-05-04 04:21:00,2016-05-04 04:22:00,5299.0,5301.0,5301.0,5298.0,5300.0,5302.0,5302.0,5300.0,6
2016-05-04 04:22:00,2016-05-04 04:23:00,5301.0,5300.0,5301.0,5300.0,5302.0,5302.0,5302.0,5301.0,25
2016-05-04 04:23:00,2016-05-04 04:25:00,5300.0,5301.0,5301.0,5300.0,5301.0,5302.0,5302.0,5302.0,4
2016-05-04 04:25:00,2016-05-04 04:26:00,5301.0,5304.0,5304.0,5301.0,5302.0,5305.0,5305.0,5303.0,26
2016-05-04 04:26:00,2016-05-04 04:28:00,5305.0,5306.0,5306.0,5305.0,5306.0,5307.0,5307.0,5306.0,12
2016-05-04 04:28:00,2016-05-04 04:29:00,5306.0,5306.0,5308.0,5306.0,5307.0,5308.0,5309.0,5307.0,21
2016-05-04 04:29:00,2016-05-04 04:30:00,5306.0,5307.0,5308.0,5306.0,5308.0,5309.0,5309.0,5307.0,12
2016-05-04 04:30:00,2016-05-04 04:31:00,5307.0,5308.0,5309.0,5308.0,5309.0,5310.0,5311.0,5309.0,14
2016-05-04 04:31:00,2016-05-04 04:32:00,5308.0,5305.0,5309.0,5305.0,5310.0,5306.0,5310.0,5306.0,25
2016-05-04 04:32:00,2016-05-04 04:33:00,5305.0,5303.0,5305.0,5302.0,5306.0,5304.0,5306.0,5303.0,22
2016-05-04 04:33:00,2016-05-04 04:36:00,5302.0,5302.0,5303.0,5301.0,5303.0,5303.0,5304.0,5302.0,18
2016-05-04 04:36:00,2016-05-04 04:37:00,5302.0,5301.0,5302.0,5301.0,5303.0,5302.0,5303.0,5302.0,10
2016-05-04 04:37:00,2016-05-04 04:39:00,5300.0,5299.0,5300.0,5299.0,5301.0,5300.0,5301.0,5300.0,12
2016-05-04 04:39:00,2016-05-04 04:40:00,5299.0,5301.0,5301.0,5299.0,5300.0,5302.0,5302.0,5300.0,18
2016-05-04 04:40:00,2016-05-04 04:42:00,5301.0,5300.0,5301.0,5300.0,5302.0,5301.0,5302.0,5301.0,16
2016-05-04 04:42:00,2016-05-04 04:43:00,5300.0,5299.0,5299.0,5299.0,5301.0,5300.0,5301.0,5300.0,4
2016-05-04 04:43:00,2016-05-04 04:44:00,5299.0,5299.0,5299.0,5297.0,5300.0,5300.0,5302.0,5299.0,29
2016-05-04 04:44:00,2016-05-04 04:46:00,5300.0,5301.0,5301.0,5298.0,5301.0,5302.0,5303.0,5300.0,14
2016-05-04 04:46:00,2016-05-04 04:47:00,5301.0,5299.0,5300.0,5299.0,5302.0,5301.0,5302.0,5300.0,19
2016-05-04 04:47:00,2016-05-04 04:48:00,5299.0,5295.0,5299.0,5295.0,5301.0,5297.0,5300.0,5296.0,18
2016-05-04 04:48:00,2016-05-04 04:49:00,5295.0,5296.0,5296.0,5294.0,5297.0,5297.0,5297.0,5295.0,13
2016-05-04 04:49:00,2016-05-04 04:50:00,5296.0,5294.0,5295.0,5293.0,5297.0,5295.0,5297.0,5294.0,8
2016-05-04 04:50:00,2016-05-04 04:53:00,5293.0,5291.0,5293.0,5291.0,5294.0,5292.0,5294.0,5292.0,10
2016-05-04 04:53:00,2016-05-04 04:54:00,5291.0,5287.0,5290.0,5287.0,5292.0,5288.0,5292.0,5288.0,30
2016-05-04 04:54:00,2016-05-04 04:55:00,5287.0,5288.0,5289.0,5287.0,5288.0,5289.0,5290.0,5288.0,12
2016-05-04 04:55:00,2016-05-04 04:56:00,5288.0,5289.0,5290.0,5288.0,5289.0,5290.0,5292.0,5289.0,44
2016-05-04 04:56:00,2016-05-04 04:57:00,5289.0,5287.0,5288.0,5286.0,5290.0,5288.0,5290.0,5287.0,16
2016-05-04 04:57:00,2016-05-04 04:58:00,5287.0,5288.0,5289.0,5284.0,5288.0,5289.0,5290.0,5285.0,32
2016-05-04 04:58:00,2016-05-04 04:59:00,5288.0,5286.0,5289.0,5285.0,5289.0,5287.0,5290.0,5287.0,18
2016-05-04 04:59:00,2016-05-04 05:00:00,5286.0,5290.0,5290.0,5286.0,5287.0,5291.0,5291.0,5287.0,22
2016-05-04 05:00:00,2016-05-04 05:01:00,5290.0,5290.0,5290.0,5288.0,5291.0,5291.0,5291.0,5289.0,14
2016-05-04 05:01:00,2016-05-04 05:05:00,5291.0,5291.0,5293.0,5291.0,5292.0,5292.0,5294.0,5292.0,22
2016-05-04 05:05:00,2016-05-04 05:06:00,5291.0,5287.0,5290.0,5286.0,5292.0,5288.0,5292.0,5287.0,44
2016-05-04 05:06:00,2016-05-04 05:07:00,5287.0,5288.0,5290.0,5287.0,5288.0,5289.0,5291.0,5288.0,30
2016-05-04 05:07:00,2016-05-04 05:08:00,5288.0,5287.0,5289.0,5285.0,5289.0,5288.0,5290.0,5288.0,18
2016-05-04 05:08:00,2016-05-04 05:10:00,5289.0,5288.0,5289.0,5286.0,5290.0,5290.0,5290.0,5288.0,19
2016-05-04 05:10:00,2016-05-04 05:11:00,5288.0,5289.0,5290.0,5287.0,5290.0,5291.0,5292.0,5290.0,15
2016-05-04 05:11:00,2016-05-04 05:12:00,5289.0,5287.0,5290.0,5286.0,5291.0,5288.0,5291.0,5288.0,25
2016-05-04 05:12:00,2016-05-04 05:13:00,5287.0,5285.0,5286.0,5284.0,5288.0,5286.0,5288.0,5285.0,12
2016-05-04 05:13:00,2016-05-04 05:15:00,5288.0,5285.0,5287.0,5285.0,5289.0,5287.0,5289.0,5287.0,7
2016-05-04 05:15:00,2016-05-04 05:16:00,5285.0,5285.0,5286.0,5285.0,5287.0,5286.0,5287.0,5286.0,11
2016-05-04 05:16:00,2016-05-04 05:17:00,5285.0,5288.0,5288.0,5284.0,5286.0,5289.0,5289.0,5285.0,24
2016-05-04 05:17:00,2016-05-04 05:18:00,5288.0,5284.0,5288.0,5284.0,5289.0,5286.0,5289.0,5285.0,31
2016-05-04 05:18:00,2016-05-04 05:19:00,5284.0,5287.0,5288.0,5285.0,5286.0,5288.0,5289.0,5286.0,23
2016-05-04 05:19:00,2016-05-04 05:20:00,5287.0,5286.0,5287.0,5285.0,5288.0,5287.0,5288.0,5286.0,18
2016-05-04 05:20:00,2016-05-04 05:21:00,5286.0,5286.0,5287.0,5285.0,5287.0,5288.0,5289.0,5286.0,23
2016-05-04 05:21:00,2016-05-04 05:22:00,5286.0,5289.0,5289.0,5287.0,5288.0,5290.0,5290.0,5288.0,21
2016-05-04 05:22:00,2016-05-04 05:23:00,5289.0,5288.0,5290.0,5288.0,5290.0,5289.0,5291.0,5289.0,48
2016-05-04 05:23:00,2016-05-04 05:24:00,5288.0,5286.0,5287.0,5286.0,5289.0,5287.0,5289.0,5287.0,14
2016-05-04 05:24:00,2016-05-04 05:27:00,5287.0,5285.0,5288.0,5285.0,5288.0,5287.0,5289.0,5286.0,15
2016-05-04 05:27:00,2016-05-04 05:29:00,5285.0,5286.0,5286.0,5285.0,5287.0,5287.0,5287.0,5286.0,19
2016-05-04 05:29:00,2016-05-04 05:30:00,5286.0,5284.0,5287.0,5284.0,5287.0,5285.0,5288.0,5285.0,26
2016-05-04 05:30:00,2016-05-04 05:31:00,5284.0,5286.0,5286.0,5284.0,5285.0,5287.0,5287.0,5285.0,38
2016-05-04 05:31:00,2016-05-04 05:32:00,5286.0,5284.0,5286.0,5284.0,5287.0,5285.0,5287.0,5285.0,14
2016-05-04 05:32:00,2016-05-04 05:33:00,5284.0,5283.0,5284.0,5281.0,5285.0,5284.0,5285.0,5282.0,36
2016-05-04 05:33:00,2016-05-04 05:34:00,5283.0,5282.0,5283.0,5281.0,5284.0,5283.0,5284.0,5283.0,32
2016-05-04 05:34:00,2016-05-04 05:35:00,5282.0,5279.0,5282.0,5278.0,5283.0,5280.0,5284.0,5279.0,47
2016-05-04 05:35:00,2016-05-04 05:36:00,5279.0,5280.0,5282.0,5279.0,5280.0,5282.0,5283.0,5280.0,45
2016-05-04 05:36:00,2016-05-04 05:37:00,5280.0,5280.0,5283.0,5280.0,5282.0,5282.0,5284.0,5282.0,40
2016-05-04 05:37:00,2016-05-04 05:38:00,5280.0,5280.0,5281.0,5279.0,5282.0,5281.0,5282.0,5280.0,33
2016-05-04 05:38:00,2016-05-04 05:39:00,5280.0,5283.0,5283.0,5278.0,5281.0,5284.0,5284.0,5280.0,30
2016-05-04 05:39:00,2016-05-04 05:40:00,5283.0,5282.0,5284.0,5281.0,5284.0,5283.0,5285.0,5282.0,12
2016-05-04 05:40:00,2016-05-04 05:41:00,5282.0,5282.0,5283.0,5281.0,5283.0,5283.0,5284.0,5282.0,32
2016-05-04 05:41:00,2016-05-04 05:42:00,5282.0,5283.0,5284.0,5281.0,5283.0,5284.0,5285.0,5282.0,24
2016-05-04 05:42:00,2016-05-04 05:44:00,5283.0,5281.0,5282.0,5281.0,5284.0,5283.0,5284.0,5282.0,43
2016-05-04 05:44:00,2016-05-04 05:45:00,5281.0,5281.0,5281.0,5279.0,5283.0,5282.0,5282.0,5280.0,25
2016-05-04 05:45:00,2016-05-04 05:47:00,5281.0,5280.0,5281.0,5280.0,5282.0,5281.0,5282.0,5281.0,18
2016-05-04 05:47:00,2016-05-04 05:48:00,5280.0,5279.0,5281.0,5278.0,5281.0,5280.0,5283.0,5280.0,11
2016-05-04 05:48:00,2016-05-04 05:49:00,5279.0,5278.0,5279.0,5278.0,5280.0,5279.0,5280.0,5279.0,22
2016-05-04 05:49:00,2016-05-04 05:50:00,5278.0,5278.0,5279.0,5277.0,5279.0,5279.0,5280.0,5278.0,34
2016-05-04 05:50:00,2016-05-04 05:51:00,5278.0,5277.0,5279.0,5277.0,5279.0,5278.0,5280.0,5278.0,25
2016-05-04 05:51:00,2016-05-04 05:52:00,5277.0,5278.0,5279.0,5277.0,5278.0,5279.0,5280.0,5278.0,24
2016-05-04 05:52:00,2016-05-04 05:53:00,5278.0,5277.0,5279.0,5277.0,5279.0,5278.0,5280.0,5278.0,8
2016-05-04 05:53:00,2016-05-04 05:54:00,5277.0,5277.0,5278.0,5277.0,5278.0,5278.0,5280.0,5278.0,18
2016-05-04 05:54:00,2016-05-04 05:55:00,5277.0,5277.0,5279.0,5276.0,5278.0,5278.0,5280.0,5277.0,42
2016-05-04 05:55:00,2016-05-04 05:56:00,5277.0,5275.0,5278.0,5275.0,5278.0,5276.0,5279.0,5276.0,22
2016-05-04 05:56:00,2016-05-04 05:57:00,5275.0,5273.0,5276.0,5273.0,5276.0,5274.0,5277.0,5274.0,20
2016-05-04 05:57:00,2016-05-04 05:58:00,5273.0,5273.0,5274.0,5272.0,5274.0,5274.0,5277.0,5274.0,13
2016-05-04 05:58:00,2016-05-04 05:59:00,5273.0,5275.0,5275.0,5273.0,5274.0,5276.0,5276.0,5275.0,30
2016-05-04 05:59:00,2016-05-04 06:00:00,5275.0,5276.0,5277.0,5274.0,5276.0,5277.0,5278.0,5275.0,26
2016-05-04 06:00:00,2016-05-04 06:01:00,5276.0,5278.0,5279.0,5276.0,5277.0,5280.0,5280.0,5277.0,55
2016-05-04 06:01:00,2016-05-04 06:02:00,5278.0,5280.0,5281.0,5278.0,5280.0,5281.0,5282.0,5280.0,31
2016-05-04 06:02:00,2016-05-04 06:03:00,5280.0,5278.0,5280.0,5278.0,5281.0,5279.0,5281.0,5279.0,18
2016-05-04 06:03:00,2016-05-04 06:06:00,5278.0,5277.0,5278.0,5276.0,5279.0,5278.0,5279.0,5277.0,32
2016-05-04 06:06:00,2016-05-04 06:07:00,5277.0,5274.0,5278.0,5274.0,5278.0,5276.0,5279.0,5275.0,27
2016-05-04 06:07:00,2016-05-04 06:08:00,5274.0,5275.0,5276.0,5274.0,5276.0,5277.0,5277.0,5275.0,38
2016-05-04 06:08:00,2016-05-04 06:09:00,5275.0,5274.0,5276.0,5272.0,5277.0,5275.0,5277.0,5273.0,127
2016-05-04 06:09:00,2016-05-04 06:10:00,5274.0,5271.0,5276.0,5270.0,5275.0,5272.0,5277.0,5272.0,118
2016-05-04 06:10:00,2016-05-04 06:11:00,5271.0,5270.0,5272.0,5269.0,5272.0,5271.0,5273.0,5270.0,34
2016-05-04 06:11:00,2016-05-04 06:13:00,5270.0,5270.0,5272.0,5269.0,5271.0,5271.0,5273.0,5271.0,30
2016-05-04 06:13:00,2016-05-04 06:14:00,5270.0,5268.0,5270.0,5267.0,5271.0,5269.0,5271.0,5268.0,29
2016-05-04 06:14:00,2016-05-04 06:15:00,5268.0,5267.0,5268.0,5265.0,5269.0,5268.0,5269.0,5266.0,64
2016-05-04 06:15:00,2016-05-04 06:17:00,5268.0,5267.0,5268.0,5267.0,5269.0,5269.0,5269.0,5268.0,7
2016-05-04 06:17:00,2016-05-04 06:18:00,5267.0,5266.0,5268.0,5266.0,5269.0,5267.0,5269.0,5267.0,21
2016-05-04 06:18:00,2016-05-04 06:19:00,5266.0,5267.0,5267.0,5266.0,5267.0,5268.0,5268.0,5267.0,18
2016-05-04 06:19:00,2016-05-04 06:20:00,5267.0,5264.0,5267.0,5264.0,5268.0,5265.0,5268.0,5265.0,40
2016-05-04 06:20:00,2016-05-04 06:21:00,5264.0,5266.0,5266.0,5264.0,5265.0,5267.0,5267.0,5265.0,28
2016-05-04 06:21:00,2016-05-04 06:22:00,5266.0,5265.0,5266.0,5264.0,5267.0,5266.0,5267.0,5265.0,10
2016-05-04 06:22:00,2016-05-04 06:23:00,5265.0,5267.0,5267.0,5262.0,5266.0,5268.0,5268.0,5265.0,33
2016-05-04 06:23:00,2016-05-04 06:25:00,5268.0,5269.0,5269.0,5267.0,5269.0,5270.0,5270.0,5269.0,4
2016-05-04 06:25:00,2016-05-04 06:28:00,5268.0,5271.0,5271.0,5268.0,5269.0,5272.0,5272.0,5270.0,6
2016-05-04 06:28:00,2016-05-04 06:29:00,5271.0,5272.0,5272.0,5270.0,5272.0,5273.0,5273.0,5271.0,14
2016-05-04 06:29:00,2016-05-04 06:31:00,5272.0,5271.0,5271.0,5271.0,5273.0,5274.0,5274.0,5274.0,1
2016-05-04 06:31:00,2016-05-04 07:11:00,5271.0,5275.5,5276.5,5271.0,5274.0,5276.0,5277.0,5273.0,24
2016-05-04 07:11:00,2016-05-04 07:12:00,5275.5,5276.0,5277.0,5276.0,5276.0,5278.0,5279.0,5277.0,45
2016-05-04 07:12:00,2016-05-04 07:13:00,5276.0,5279.0,5280.0,5276.5,5278.0,5280.0,5281.0,5278.0,58
2016-05-04 07:13:00,2016-05-04 07:14:00,5279.0,5278.0,5279.0,5277.0,5280.0,5279.0,5280.0,5279.0,25
2016-05-04 07:14:00,2016-05-04 07:15:00,5278.0,5279.0,5279.0,5278.0,5279.0,5280.0,5280.0,5279.0,30
2016-05-04 07:15:00,2016-05-04 07:16:00,5279.0,5278.0,5279.0,5278.0,5280.0,5279.0,5280.0,5278.0,30
2016-05-04 07:16:00,2016-05-04 07:17:00,5278.0,5272.0,5278.0,5272.0,5279.0,5273.0,5280.0,5273.0,27
2016-05-04 07:17:00,2016-05-04 07:18:00,5272.0,5270.0,5271.0,5268.0,5273.0,5271.0,5273.0,5269.0,38
2016-05-04 07:18:00,2016-05-04 07:19:00,5270.0,5271.0,5271.0,5270.0,5271.0,5272.0,5272.0,5272.0,10
2016-05-04 07:19:00,2016-05-04 07:20:00,5271.0,5271.0,5272.0,5270.0,5272.0,5273.0,5273.0,5271.0,17
2016-05-04 07:20:00,2016-05-04 07:21:00,5271.0,5272.0,5273.0,5271.0,5273.0,5274.0,5274.0,5273.0,28
2016-05-04 07:21:00,2016-05-04 07:22:00,5272.0,5273.0,5273.0,5271.0,5274.0,5275.0,5275.0,5273.0,14
2016-05-04 07:22:00,2016-05-04 07:23:00,5273.0,5273.0,5273.0,5272.0,5275.0,5274.0,5275.0,5274.0,13
2016-05-04 07:23:00,2016-05-04 07:24:00,5273.0,5275.0,5275.0,5272.0,5274.0,5276.0,5276.0,5273.0,28
2016-05-04 07:24:00,2016-05-04 07:25:00,5275.0,5276.0,5276.0,5274.0,5276.0,5278.0,5278.0,5276.0,19
2016-05-04 07:25:00,2016-05-04 07:26:00,5276.0,5278.0,5278.0,5276.0,5278.0,5279.0,5279.0,5278.0,7
2016-05-04 07:26:00,2016-05-04 07:27:00,5278.0,5278.0,5279.0,5276.0,5279.0,5280.0,5281.0,5278.0,27
2016-05-04 07:27:00,2016-05-04 07:28:00,5278.0,5282.0,5282.0,5278.0,5280.0,5283.0,5284.0,5280.0,27
2016-05-04 07:28:00,2016-05-04 07:29:00,5282.0,5281.0,5282.0,5280.0,5283.0,5283.0,5283.0,5281.0,33
2016-05-04 07:29:00,2016-05-04 07:30:00,5281.0,5280.0,5281.0,5279.0,5283.0,5282.0,5283.0,5280.0,36
2016-05-04 07:30:00,2016-05-04 07:32:00,5281.0,5280.0,5280.0,5278.0,5282.0,5281.0,5282.0,5281.0,15
2016-05-04 07:32:00,2016-05-04 07:33:00,5280.0,5279.0,5280.0,5279.0,5281.0,5281.0,5282.0,5281.0,5
2016-05-04 07:33:00,2016-05-04 07:34:00,5279.0,5279.0,5280.0,5279.0,5281.0,5280.0,5282.0,5280.0,7
2016-05-04 07:34:00,2016-05-04 07:35:00,5279.0,5279.0,5280.0,5279.0,5280.0,5280.0,5281.0,5280.0,14
2016-05-04 07:35:00,2016-05-04 07:36:00,5279.0,5280.0,5282.0,5279.0,5280.0,5282.0,5283.0,5280.0,21
2016-05-04 07:36:00,2016-05-04 07:37:00,5280.0,5283.0,5283.0,5280.0,5282.0,5284.0,5284.0,5282.0,13
2016-05-04 07:37:00,2016-05-04 07:38:00,5283.0,5285.0,5286.0,5282.0,5284.0,5286.0,5287.0,5284.0,38
2016-05-04 07:38:00,2016-05-04 07:39:00,5285.0,5282.0,5286.0,5282.0,5286.0,5284.0,5287.0,5283.0,49
2016-05-04 07:39:00,2016-05-04 07:40:00,5282.0,5281.0,5282.0,5280.0,5284.0,5283.0,5285.0,5282.0,45
2016-05-04 07:40:00,2016-05-04 07:41:00,5281.0,5282.0,5282.0,5281.0,5283.0,5283.0,5284.0,5282.0,21
2016-05-04 07:41:00,2016-05-04 07:42:00,5282.0,5281.0,5282.0,5281.0,5283.0,5282.0,5283.0,5282.0,8
2016-05-04 07:42:00,2016-05-04 07:43:00,5281.0,5282.0,5283.0,5281.0,5282.0,5284.0,5284.0,5282.0,35
2016-05-04 07:43:00,2016-05-04 07:44:00,5282.0,5284.0,5284.0,5281.0,5284.0,5286.0,5286.0,5282.0,12
2016-05-04 07:44:00,2016-05-04 07:45:00,5284.0,5287.0,5287.0,5285.0,5286.0,5288.0,5289.0,5286.0,27
2016-05-04 07:45:00,2016-05-04 07:46:00,5287.0,5286.0,5288.0,5285.0,5288.0,5287.0,5289.0,5286.0,43
2016-05-04 07:46:00,2016-05-04 07:47:00,5286.0,5286.0,5286.0,5284.0,5287.0,5287.0,5288.0,5285.0,24
2016-05-04 07:47:00,2016-05-04 07:48:00,5286.0,5287.0,5287.0,5285.0,5287.0,5288.0,5288.0,5287.0,20
2016-05-04 07:48:00,2016-05-04 07:49:00,5287.0,5286.0,5288.0,5286.0,5288.0,5287.0,5289.0,5287.0,10
2016-05-04 07:49:00,2016-05-04 07:50:00,5286.0,5286.0,5286.0,5285.0,5287.0,5287.0,5287.0,5286.0,10
2016-05-04 07:50:00,2016-05-04 07:51:00,5286.0,5286.0,5286.0,5285.0,5287.0,5287.0,5287.0,5286.0,24
2016-05-04 07:51:00,2016-05-04 07:52:00,5286.0,5288.0,5288.0,5286.0,5287.0,5289.0,5289.0,5288.0,22
2016-05-04 07:52:00,2016-05-04 07:53:00,5288.0,5286.0,5288.0,5286.0,5289.0,5287.0,5290.0,5287.0,40
2016-05-04 07:53:00,2016-05-04 07:54:00,5286.0,5286.0,5287.0,5286.0,5287.0,5287.0,5288.0,5287.0,18
2016-05-04 07:54:00,2016-05-04 07:55:00,5286.0,5287.0,5287.0,5284.0,5287.0,5288.0,5290.0,5287.0,12
2016-05-04 07:55:00,2016-05-04 07:56:00,5287.0,5286.0,5289.0,5286.0,5288.0,5287.0,5290.0,5287.0,26
2016-05-04 07:56:00,2016-05-04 07:57:00,5286.0,5286.0,5286.0,5285.0,5287.0,5287.0,5288.0,5286.0,10
2016-05-04 07:57:00,2016-05-04 07:58:00,5286.0,5286.0,5286.0,5285.0,5287.0,5287.0,5287.0,5287.0,20
2016-05-04 07:58:00,2016-05-04 07:59:00,5286.0,5286.0,5287.0,5285.0,5287.0,5288.0,5288.0,5287.0,23
2016-05-04 07:59:00,2016-05-04 08:00:00,5286.0,5286.0,5286.0,5285.0,5288.0,5288.0,5288.0,5286.0,24
2016-05-04 08:00:00,2016-05-04 08:01:00,5286.0,5285.0,5286.0,5285.0,5288.0,5286.0,5288.0,5286.0,25
2016-05-04 08:01:00,2016-05-04 08:02:00,5285.0,5283.0,5285.0,5283.0,5286.0,5284.0,5286.0,5284.0,10
2016-05-04 08:02:00,2016-05-04 08:03:00,5283.0,5282.0,5283.0,5282.0,5284.0,5284.0,5284.0,5283.0,33
2016-05-04 08:03:00,2016-05-04 08:04:00,5282.0,5284.0,5284.0,5282.0,5284.0,5285.0,5285.0,5284.0,25
2016-05-04 08:04:00,2016-05-04 08:05:00,5284.0,5284.0,5284.0,5283.0,5285.0,5285.0,5286.0,5285.0,22
2016-05-04 08:05:00,2016-05-04 08:06:00,5284.0,5282.0,5284.0,5282.0,5285.0,5284.0,5285.0,5284.0,17
2016-05-04 08:06:00,2016-05-04 08:08:00,5282.0,5281.0,5282.0,5280.0,5283.0,5282.0,5285.0,5282.0,17
2016-05-04 08:08:00,2016-05-04 08:11:00,5277.0,5277.0,5277.0,5276.0,5278.0,5278.0,5279.0,5277.0,28
2016-05-04 08:11:00,2016-05-04 08:12:00,5277.0,5277.0,5278.0,5277.0,5278.0,5279.0,5280.0,5278.0,21
2016-05-04 08:12:00,2016-05-04 08:13:00,5277.0,5276.0,5278.0,5276.0,5279.0,5278.0,5279.0,5278.0,24
2016-05-04 08:13:00,2016-05-04 08:14:00,5276.0,5276.0,5276.0,5275.0,5278.0,5278.0,5278.0,5276.0,10
2016-05-04 08:14:00,2016-05-04 08:15:00,5276.0,5276.0,5277.0,5276.0,5278.0,5277.0,5279.0,5277.0,7
2016-05-04 08:15:00,2016-05-04 08:17:00,5275.0,5275.0,5275.0,5274.0,5277.0,5276.0,5277.0,5275.0,7
2016-05-04 08:17:00,2016-05-04 08:18:00,5275.0,5275.0,5275.0,5273.0,5276.0,5276.0,5278.0,5275.0,13
2016-05-04 08:18:00,2016-05-04 08:19:00,5275.0,5275.0,5275.0,5274.0,5276.0,5276.0,5276.0,5276.0,8
2016-05-04 08:19:00,2016-05-04 08:20:00,5275.0,5277.0,5277.0,5275.0,5276.0,5279.0,5279.0,5277.0,21
2016-05-04 08:20:00,2016-05-04 08:21:00,5277.0,5277.0,5278.0,5277.0,5279.0,5279.0,5279.0,5278.0,18
2016-05-04 08:21:00,2016-05-04 08:25:00,5278.0,5276.0,5277.0,5276.0,5280.0,5279.0,5280.0,5279.0,3
2016-05-04 08:25:00,2016-05-04 08:26:00,5276.0,5275.0,5277.0,5275.0,5279.0,5277.0,5278.0,5277.0,10
2016-05-04 08:26:00,2016-05-04 08:28:00,5275.0,5275.0,5276.0,5275.0,5277.0,5277.0,5277.0,5277.0,2
2016-05-04 08:28:00,2016-05-04 08:29:00,5275.0,5274.0,5276.0,5273.0,5277.0,5275.0,5277.0,5274.0,21
2016-05-04 08:29:00,2016-05-04 08:31:00,5274.0,5274.0,5275.0,5273.0,5275.0,5275.0,5276.0,5275.0,6
2016-05-04 08:31:00,2016-05-04 08:32:00,5274.0,5273.0,5273.0,5273.0,5275.0,5275.0,5275.0,5274.0,3
2016-05-04 08:32:00,2016-05-04 08:33:00,5273.0,5273.0,5274.0,5271.0,5275.0,5275.0,5277.0,5274.0,25
2016-05-04 08:33:00,2016-05-04 08:35:00,5273.0,5273.0,5273.0,5273.0,5275.0,5274.0,5275.0,5274.0,3
2016-05-04 08:35:00,2016-05-04 08:37:00,5274.0,5273.0,5274.0,5273.0,5275.0,5275.0,5275.0,5274.0,7
2016-05-04 08:37:00,2016-05-04 08:39:00,5272.0,5272.0,5272.0,5271.0,5273.0,5273.0,5273.0,5272.0,22
2016-05-04 08:39:00,2016-05-04 08:40:00,5272.0,5272.0,5272.0,5271.0,5273.0,5273.0,5274.0,5272.0,22
2016-05-04 08:40:00,2016-05-04 08:41:00,5272.0,5273.0,5273.0,5272.0,5273.0,5274.0,5275.0,5273.0,8
2016-05-04 08:41:00,2016-05-04 08:42:00,5273.0,5273.0,5274.0,5273.0,5274.0,5275.0,5275.0,5274.0,13
2016-05-04 08:42:00,2016-05-04 08:43:00,5273.0,5273.0,5274.0,5273.0,5275.0,5275.0,5275.0,5274.0,14
2016-05-04 08:43:00,2016-05-04 08:44:00,5273.0,5273.0,5273.0,5272.0,5275.0,5275.0,5276.0,5275.0,2
2016-05-04 08:44:00,2016-05-04 08:45:00,5273.0,5273.0,5274.0,5273.0,5275.0,5275.0,5275.0,5274.0,6
2016-05-04 08:45:00,2016-05-04 08:46:00,5273.0,5273.0,5273.0,5272.0,5275.0,5274.0,5276.0,5274.0,7
2016-05-04 08:46:00,2016-05-04 08:49:00,5272.0,5272.0,5272.0,5271.0,5274.0,5274.0,5274.0,5273.0,10
2016-05-04 08:49:00,2016-05-04 08:50:00,5272.0,5272.0,5273.0,5272.0,5274.0,5274.0,5274.0,5274.0,4
2016-05-04 08:50:00,2016-05-04 08:51:00,5272.0,5273.0,5273.0,5272.0,5274.0,5274.0,5275.0,5274.0,5
2016-05-04 08:51:00,2016-05-04 08:52:00,5273.0,5273.0,5273.0,5272.0,5274.0,5274.0,5275.0,5273.0,20
2016-05-04 08:52:00,2016-05-04 08:54:00,5272.0,5271.0,5272.0,5271.0,5273.0,5272.0,5273.0,5272.0,24
2016-05-04 08:54:00,2016-05-04 08:55:00,5271.0,5270.0,5271.0,5269.0,5272.0,5272.0,5273.0,5271.0,23
2016-05-04 08:55:00,2016-05-04 08:56:00,5270.0,5271.0,5271.0,5269.0,5272.0,5273.0,5274.0,5272.0,7
2016-05-04 08:56:00,2016-05-04 08:57:00,5271.0,5272.0,5273.0,5272.0,5273.0,5274.0,5274.0,5273.0,6
2016-05-04 08:57:00,2016-05-04 08:58:00,5272.0,5270.0,5272.0,5270.0,5274.0,5271.0,5273.0,5271.0,7
2016-05-04 08:58:00,2016-05-04 08:59:00,5270.0,5273.0,5273.0,5269.0,5271.0,5274.0,5274.0,5272.0,21
2016-05-04 08:59:00,2016-05-04 09:00:00,5273.0,5271.0,5272.0,5270.0,5274.0,5273.0,5274.0,5271.0,9
2016-05-04 09:00:00,2016-05-04 09:01:00,5271.0,5272.0,5273.0,5271.0,5273.0,5274.0,5274.0,5273.0,6
2016-05-04 09:01:00,2016-05-04 09:02:00,5272.0,5271.0,5272.0,5271.0,5274.0,5273.0,5274.0,5273.0,10
2016-05-04 09:02:00,2016-05-04 09:04:00,5271.0,5271.0,5271.0,5270.0,5273.0,5273.0,5273.0,5272.0,4
2016-05-04 09:04:00,2016-05-04 09:05:00,5271.0,5271.0,5271.0,5271.0,5273.0,5273.0,5273.0,5272.0,4
2016-05-04 09:05:00,2016-05-04 09:09:00,5270.0,5270.0,5270.0,5268.0,5272.0,5271.0,5273.0,5271.0,4
2016-05-04 09:09:00,2016-05-04 09:11:00,5270.0,5270.0,5270.0,5269.0,5271.0,5272.0,5272.0,5270.0,25
2016-05-04 09:11:00,2016-05-04 09:12:00,5270.0,5270.0,5271.0,5270.0,5272.0,5271.0,5272.0,5271.0,5
2016-05-04 09:12:00,2016-05-04 09:13:00,5270.0,5269.0,5270.0,5268.0,5271.0,5270.0,5271.0,5270.0,18
2016-05-04 09:13:00,2016-05-04 09:14:00,5269.0,5268.0,5270.0,5268.0,5270.0,5269.0,5271.0,5269.0,24
2016-05-04 09:14:00,2016-05-04 09:15:00,5268.0,5268.0,5268.0,5267.0,5269.0,5269.0,5269.0,5268.0,14
2016-05-04 09:15:00,2016-05-04 09:16:00,5268.0,5266.0,5267.0,5266.0,5269.0,5268.0,5269.0,5268.0,17
2016-05-04 09:16:00,2016-05-04 09:17:00,5266.0,5266.0,5268.0,5266.0,5268.0,5267.0,5269.0,5267.0,15
2016-05-04 09:17:00,2016-05-04 09:18:00,5266.0,5265.0,5266.0,5265.0,5267.0,5267.0,5267.0,5267.0,5
2016-05-04 09:18:00,2016-05-04 09:19:00,5265.0,5265.0,5266.0,5265.0,5267.0,5266.0,5267.0,5266.0,3
2016-05-04 09:19:00,2016-05-04 09:21:00,5265.0,5265.0,5266.0,5265.0,5266.0,5266.0,5267.0,5266.0,30
2016-05-04 09:21:00,2016-05-04 09:33:00,5263.0,5262.0,5262.0,5262.0,5264.0,5263.0,5264.0,5263.0,8
2016-05-04 09:33:00,2016-05-04 09:34:00,5262.0,5261.0,5262.0,5260.0,5263.0,5262.0,5263.0,5262.0,8
2016-05-04 09:34:00,2016-05-04 09:35:00,5261.0,5259.0,5261.0,5259.0,5262.0,5261.0,5262.0,5260.0,33
2016-05-04 09:35:00,2016-05-04 09:36:00,5259.0,5259.0,5260.0,5259.0,5261.0,5260.0,5261.0,5260.0,11
2016-05-04 09:36:00,2016-05-04 09:37:00,5259.0,5254.0,5259.0,5252.0,5260.0,5255.0,5261.0,5253.0,77
2016-05-04 09:37:00,2016-05-04 09:38:00,5254.0,5253.0,5255.0,5253.0,5255.0,5254.0,5256.0,5254.0,24
2016-05-04 09:38:00,2016-05-04 09:39:00,5253.0,5251.0,5252.0,5250.0,5254.0,5252.0,5254.0,5252.0,20
2016-05-04 09:39:00,2016-05-04 09:40:00,5251.0,5250.0,5251.0,5249.0,5252.0,5251.0,5252.0,5250.0,20
2016-05-04 09:40:00,2016-05-04 09:41:00,5250.0,5250.0,5251.0,5250.0,5251.0,5251.0,5252.0,5251.0,6
2016-05-04 09:41:00,2016-05-04 09:42:00,5250.0,5250.0,5250.0,5248.0,5251.0,5251.0,5251.0,5249.0,16
2016-05-04 09:42:00,2016-05-04 09:43:00,5250.0,5251.0,5251.0,5250.0,5251.0,5252.0,5252.0,5251.0,14
2016-05-04 09:43:00,2016-05-04 09:45:00,5251.0,5251.0,5251.0,5250.0,5252.0,5252.0,5252.0,5252.0,8
2016-05-04 09:45:00,2016-05-04 09:46:00,5251.0,5250.0,5251.0,5250.0,5252.0,5251.0,5252.0,5251.0,12
2016-05-04 09:46:00,2016-05-04 09:47:00,5250.0,5250.0,5251.0,5249.0,5251.0,5251.0,5253.0,5251.0,6
2016-05-04 09:47:00,2016-05-04 09:49:00,5250.0,5250.0,5250.0,5249.0,5251.0,5252.0,5253.0,5251.0,9
2016-05-04 09:49:00,2016-05-04 09:50:00,5250.0,5249.0,5250.0,5249.0,5252.0,5250.0,5251.0,5250.0,21
2016-05-04 09:50:00,2016-05-04 09:53:00,5247.0,5247.0,5248.0,5246.0,5248.0,5248.0,5249.0,5247.0,14
2016-05-04 09:53:00,2016-05-04 09:54:00,5247.0,5244.0,5246.0,5244.0,5248.0,5245.0,5248.0,5245.0,26
2016-05-04 09:54:00,2016-05-04 09:55:00,5244.0,5245.0,5246.0,5244.0,5245.0,5246.0,5247.0,5246.0,20
2016-05-04 09:55:00,2016-05-04 09:56:00,5245.0,5243.0,5245.0,5243.0,5246.0,5245.0,5247.0,5244.0,14
2016-05-04 09:56:00,2016-05-04 09:57:00,5243.0,5244.0,5244.0,5240.0,5245.0,5245.0,5245.0,5241.0,31
2016-05-04 09:57:00,2016-05-04 09:58:00,5244.0,5244.0,5244.0,5243.0,5245.0,5246.0,5246.0,5245.0,3
2016-05-04 09:58:00,2016-05-04 09:59:00,5244.0,5243.0,5245.0,5243.0,5246.0,5244.0,5246.0,5244.0,23
2016-05-04 09:59:00,2016-05-04 10:00:00,5243.0,5244.0,5244.0,5242.0,5244.0,5245.0,5245.0,5244.0,8
2016-05-04 10:00:00,2016-05-04 10:01:00,5244.0,5246.0,5246.0,5244.0,5245.0,5248.0,5248.0,5246.0,11
2016-05-04 10:01:00,2016-05-04 10:02:00,5246.0,5247.0,5247.0,5245.0,5248.0,5248.0,5249.0,5247.0,10
2016-05-04 10:02:00,2016-05-04 10:03:00,5247.0,5247.0,5247.0,5246.0,5248.0,5248.0,5249.0,5247.0,6
2016-05-04 10:03:00,2016-05-04 10:04:00,5247.0,5247.0,5248.0,5247.0,5248.0,5248.0,5249.0,5248.0,10
2016-05-04 10:04:00,2016-05-04 10:05:00,5247.0,5246.0,5247.0,5246.0,5248.0,5247.0,5248.0,5247.0,16
2016-05-04 10:05:00,2016-05-04 10:06:00,5246.0,5247.0,5248.0,5246.0,5247.0,5248.0,5249.0,5248.0,18
2016-05-04 10:06:00,2016-05-04 10:07:00,5247.0,5246.0,5248.0,5246.0,5248.0,5248.0,5249.0,5248.0,17
2016-05-04 10:07:00,2016-05-04 10:08:00,5246.0,5246.0,5247.0,5246.0,5248.0,5247.0,5249.0,5247.0,5
2016-05-04 10:08:00,2016-05-04 10:09:00,5246.0,5245.0,5246.0,5244.0,5247.0,5247.0,5247.0,5245.0,15
2016-05-04 10:09:00,2016-05-04 10:10:00,5245.0,5246.0,5246.0,5245.0,5247.0,5247.0,5248.0,5246.0,13
2016-05-04 10:10:00,2016-05-04 10:11:00,5246.0,5245.0,5246.0,5245.0,5247.0,5246.0,5247.0,5246.0,14
2016-05-04 10:11:00,2016-05-04 10:12:00,5245.0,5244.0,5245.0,5243.0,5246.0,5246.0,5247.0,5245.0,9
2016-05-04 10:12:00,2016-05-04 10:13:00,5244.0,5244.0,5244.0,5243.0,5246.0,5245.0,5246.0,5244.0,9
2016-05-04 10:13:00,2016-05-04 10:18:00,5244.0,5243.0,5244.0,5243.0,5245.0,5245.0,5245.0,5244.0,13
2016-05-04 10:18:00,2016-05-04 10:19:00,5243.0,5243.0,5244.0,5243.0,5245.0,5244.0,5246.0,5244.0,7
2016-05-04 10:19:00,2016-05-04 10:20:00,5243.0,5241.0,5242.0,5241.0,5244.0,5243.0,5244.0,5242.0,9
2016-05-04 10:20:00,2016-05-04 10:21:00,5241.0,5240.0,5242.0,5239.0,5243.0,5241.0,5243.0,5241.0,31
2016-05-04 10:21:00,2016-05-04 10:22:00,5240.0,5241.0,5241.0,5239.0,5241.0,5243.0,5243.0,5241.0,21
2016-05-04 10:22:00,2016-05-04 10:24:00,5241.0,5242.0,5242.0,5240.0,5243.0,5243.0,5243.0,5241.0,11
2016-05-04 10:24:00,2016-05-04 10:25:00,5242.0,5241.0,5242.0,5241.0,5243.0,5244.0,5244.0,5243.0,5
2016-05-04 10:25:00,2016-05-04 10:26:00,5241.0,5243.0,5243.0,5242.0,5244.0,5244.0,5244.0,5243.0,3
2016-05-04 10:26:00,2016-05-04 10:27:00,5243.0,5241.0,5243.0,5241.0,5244.0,5245.0,5245.0,5243.0,10
2016-05-04 10:27:00,2016-05-04 10:28:00,5241.0,5242.0,5242.0,5242.0,5245.0,5244.0,5244.0,5243.0,2
2016-05-04 10:28:00,2016-05-04 10:34:00,5243.0,5244.0,5244.0,5244.0,5245.0,5246.0,5246.0,5245.0,2
2016-05-04 10:34:00,2016-05-04 10:35:00,5244.0,5246.0,5246.0,5244.0,5246.0,5247.0,5247.0,5245.0,11
2016-05-04 10:35:00,2016-05-04 10:36:00,5246.0,5245.0,5246.0,5245.0,5247.0,5247.0,5248.0,5246.0,9
2016-05-04 10:36:00,2016-05-04 10:38:00,5245.0,5245.0,5245.0,5244.0,5247.0,5246.0,5247.0,5246.0,3
2016-05-04 10:38:00,2016-05-04 10:40:00,5245.0,5245.0,5245.0,5244.0,5246.0,5246.0,5247.0,5246.0,2
2016-05-04 10:40:00,2016-05-04 10:41:00,5245.0,5246.0,5247.0,5245.0,5246.0,5248.0,5248.0,5246.0,13
2016-05-04 10:41:00,2016-05-04 10:43:00,5246.0,5247.0,5247.0,5246.0,5248.0,5248.0,5249.0,5247.0,5
2016-05-04 10:43:00,2016-05-04 10:45:00,5247.0,5246.0,5247.0,5245.0,5248.0,5247.0,5248.0,5247.0,22
2016-05-04 10:45:00,2016-05-04 10:50:00,5246.0,5246.0,5247.0,5246.0,5248.0,5248.0,5248.0,5247.0,8
2016-05-04 10:50:00,2016-05-04 10:52:00,5246.0,5246.0,5247.0,5246.0,5248.0,5248.0,5248.0,5247.0,4
2016-05-04 10:52:00,2016-05-04 10:53:00,5246.0,5245.0,5246.0,5245.0,5248.0,5246.0,5249.0,5246.0,7
2016-05-04 10:53:00,2016-05-04 10:55:00,5244.0,5245.0,5246.0,5245.0,5246.0,5247.0,5247.0,5246.0,6
2016-05-04 10:55:00,2016-05-04 10:56:00,5245.0,5246.0,5246.0,5245.0,5247.0,5248.0,5248.0,5247.0,4
2016-05-04 10:56:00,2016-05-04 10:57:00,5246.0,5248.0,5248.0,5247.0,5248.0,5249.0,5249.0,5248.0,3
2016-05-04 10:57:00,2016-05-04 10:58:00,5248.0,5248.0,5249.0,5248.0,5249.0,5249.0,5250.0,5249.0,10
2016-05-04 10:58:00,2016-05-04 10:59:00,5248.0,5246.0,5247.0,5246.0,5249.0,5247.0,5249.0,5247.0,14
2016-05-04 10:59:00,2016-05-04 11:00:00,5246.0,5248.0,5248.0,5246.0,5247.0,5249.0,5249.0,5247.0,20
2016-05-04 11:00:00,2016-05-04 11:01:00,5248.0,5247.0,5248.0,5246.0,5249.0,5249.0,5249.0,5248.0,15
2016-05-04 11:01:00,2016-05-04 11:03:00,5249.0,5249.0,5249.0,5248.0,5250.0,5250.0,5251.0,5250.0,2
2016-05-04 11:03:00,2016-05-04 11:04:00,5249.0,5249.0,5249.0,5248.0,5250.0,5250.0,5250.0,5249.0,4
2016-05-04 11:04:00,2016-05-04 11:05:00,5249.0,5247.0,5248.0,5247.0,5250.0,5249.0,5250.0,5249.0,7
2016-05-04 11:05:00,2016-05-04 11:06:00,5247.0,5247.0,5248.0,5245.0,5249.0,5249.0,5251.0,5248.0,6
2016-05-04 11:06:00,2016-05-04 11:07:00,5247.0,5249.0,5249.0,5247.0,5249.0,5250.0,5250.0,5249.0,7
2016-05-04 11:07:00,2016-05-04 11:08:00,5249.0,5248.0,5250.0,5248.0,5250.0,5250.0,5251.0,5249.0,11
2016-05-04 11:08:00,2016-05-04 11:11:00,5247.0,5248.0,5248.0,5247.0,5249.0,5249.0,5249.0,5248.0,7
2016-05-04 11:11:00,2016-05-04 11:15:00,5250.0,5249.0,5250.0,5249.0,5251.0,5250.0,5251.0,5250.0,4
2016-05-04 11:15:00,2016-05-04 11:16:00,5249.0,5249.0,5250.0,5248.0,5250.0,5251.0,5252.0,5251.0,5
2016-05-04 11:16:00,2016-05-04 11:18:00,5249.0,5249.0,5249.0,5247.0,5251.0,5251.0,5253.0,5251.0,2
2016-05-04 11:18:00,2016-05-04 11:20:00,5249.0,5248.0,5249.0,5248.0,5251.0,5250.0,5250.0,5249.0,8
2016-05-04 11:20:00,2016-05-04 11:21:00,5248.0,5249.0,5249.0,5248.0,5250.0,5251.0,5251.0,5250.0,12
2016-05-04 11:21:00,2016-05-04 11:24:00,5250.0,5253.0,5253.0,5249.0,5251.0,5254.0,5254.0,5251.0,23
2016-05-04 11:24:00,2016-05-04 11:26:00,5253.0,5253.0,5253.0,5252.0,5254.0,5254.0,5254.0,5253.0,4
2016-05-04 11:26:00,2016-05-04 11:27:00,5253.0,5254.0,5254.0,5253.0,5254.0,5256.0,5256.0,5255.0,7
2016-05-04 11:27:00,2016-05-04 11:28:00,5254.0,5256.0,5256.0,5254.0,5256.0,5257.0,5257.0,5255.0,9
2016-05-04 11:28:00,2016-05-04 11:30:00,5256.0,5256.0,5256.0,5255.0,5257.0,5257.0,5258.0,5256.0,10
2016-05-04 11:30:00,2016-05-04 11:31:00,5256.0,5255.0,5256.0,5254.0,5257.0,5257.0,5259.0,5257.0,14
2016-05-04 11:31:00,2016-05-04 11:32:00,5255.0,5256.0,5256.0,5255.0,5257.0,5257.0,5258.0,5257.0,5
2016-05-04 11:32:00,2016-05-04 11:33:00,5256.0,5257.0,5257.0,5256.0,5257.0,5258.0,5258.0,5257.0,4
2016-05-04 11:33:00,2016-05-04 11:35:00,5257.0,5258.0,5258.0,5257.0,5258.0,5259.0,5259.0,5258.0,10
2016-05-04 11:35:00,2016-05-04 11:39:00,5258.0,5257.0,5257.0,5257.0,5259.0,5258.0,5259.0,5258.0,10
2016-05-04 11:39:00,2016-05-04 11:41:00,5257.0,5256.0,5256.0,5255.0,5258.0,5258.0,5259.0,5258.0,3
2016-05-04 11:41:00,2016-05-04 11:44:00,5256.0,5256.0,5256.0,5255.0,5257.0,5257.0,5258.0,5257.0,2
2016-05-04 11:44:00,2016-05-04 11:46:00,5256.0,5255.0,5257.0,5255.0,5258.0,5257.0,5258.0,5257.0,10
2016-05-04 11:46:00,2016-05-04 11:47:00,5255.0,5256.0,5256.0,5255.0,5257.0,5258.0,5258.0,5256.0,6
2016-05-04 11:47:00,2016-05-04 11:49:00,5257.0,5256.0,5257.0,5256.0,5258.0,5257.0,5258.0,5257.0,6
2016-05-04 11:49:00,2016-05-04 11:51:00,5255.0,5254.0,5255.0,5254.0,5256.0,5256.0,5257.0,5255.0,5
2016-05-04 11:51:00,2016-05-04 11:52:00,5254.0,5254.0,5255.0,5254.0,5256.0,5256.0,5256.0,5255.0,8
2016-05-04 11:52:00,2016-05-04 11:54:00,5254.0,5253.0,5254.0,5252.0,5255.0,5254.0,5255.0,5254.0,10
2016-05-04 11:54:00,2016-05-04 11:56:00,5253.0,5251.0,5252.0,5251.0,5254.0,5252.0,5254.0,5252.0,8
2016-05-04 11:56:00,2016-05-04 11:59:00,5250.0,5250.0,5251.0,5249.0,5251.0,5251.0,5252.0,5250.0,10
2016-05-04 11:59:00,2016-05-04 12:00:00,5250.0,5251.0,5252.0,5250.0,5251.0,5253.0,5253.0,5252.0,7
2016-05-04 12:00:00,2016-05-04 12:02:00,5252.0,5252.0,5252.0,5251.0,5254.0,5253.0,5253.0,5253.0,11
2016-05-04 12:02:00,2016-05-04 12:03:00,5252.0,5253.0,5253.0,5252.0,5253.0,5254.0,5254.0,5254.0,6
2016-05-04 12:03:00,2016-05-04 12:06:00,5254.0,5255.0,5255.0,5254.0,5255.0,5256.0,5257.0,5256.0,12
2016-05-04 12:06:00,2016-05-04 12:07:00,5255.0,5255.0,5255.0,5254.0,5256.0,5257.0,5257.0,5256.0,7
2016-05-04 12:07:00,2016-05-04 12:09:00,5256.0,5256.0,5256.0,5254.0,5257.0,5257.0,5259.0,5257.0,3
2016-05-04 12:09:00,2016-05-04 12:10:00,5256.0,5255.0,5255.0,5255.0,5257.0,5257.0,5257.0,5256.0,3
2016-05-04 12:10:00,2016-05-04 12:11:00,5255.0,5256.0,5257.0,5256.0,5257.0,5257.0,5258.0,5257.0,15
2016-05-04 12:11:00,2016-05-04 12:12:00,5256.0,5256.0,5257.0,5256.0,5257.0,5258.0,5258.0,5257.0,33
2016-05-04 12:12:00,2016-05-04 12:13:00,5256.0,5257.0,5257.0,5256.0,5258.0,5258.0,5258.0,5257.0,3
2016-05-04 12:13:00,2016-05-04 12:15:00,5258.0,5255.0,5257.0,5254.0,5259.0,5257.0,5259.0,5255.0,31
2016-05-04 12:15:00,2016-05-04 12:17:00,5255.0,5258.0,5258.0,5256.0,5257.0,5259.0,5259.0,5257.0,5
2016-05-04 12:17:00,2016-05-04 12:18:00,5258.0,5256.0,5258.0,5256.0,5259.0,5257.0,5259.0,5257.0,14
2016-05-04 12:18:00,2016-05-04 12:19:00,5256.0,5255.0,5257.0,5254.0,5257.0,5256.0,5258.0,5256.0,32
2016-05-04 12:19:00,2016-05-04 12:20:00,5255.0,5255.0,5256.0,5255.0,5256.0,5256.0,5257.0,5256.0,14
2016-05-04 12:20:00,2016-05-04 12:21:00,5255.0,5257.0,5257.0,5255.0,5256.0,5258.0,5258.0,5256.0,14
2016-05-04 12:21:00,2016-05-04 12:23:00,5258.0,5257.0,5258.0,5256.0,5259.0,5258.0,5259.0,5258.0,14
2016-05-04 12:23:00,2016-05-04 12:24:00,5257.0,5260.0,5260.0,5257.0,5258.0,5261.0,5261.0,5259.0,16
2016-05-04 12:24:00,2016-05-04 12:25:00,5260.0,5258.0,5260.0,5258.0,5261.0,5259.0,5261.0,5259.0,14
2016-05-04 12:25:00,2016-05-04 12:26:00,5258.0,5258.0,5259.0,5258.0,5259.0,5259.0,5260.0,5259.0,4
2016-05-04 12:26:00,2016-05-04 12:27:00,5258.0,5258.0,5259.0,5258.0,5259.0,5260.0,5260.0,5259.0,5
2016-05-04 12:27:00,2016-05-04 12:30:00,5258.0,5257.0,5259.0,5257.0,5260.0,5258.0,5260.0,5258.0,21
2016-05-04 12:30:00,2016-05-04 12:31:00,5257.0,5257.0,5257.0,5256.0,5258.0,5259.0,5259.0,5258.0,3
2016-05-04 12:31:00,2016-05-04 12:32:00,5257.0,5259.0,5259.0,5257.0,5259.0,5260.0,5261.0,5259.0,5
2016-05-04 12:32:00,2016-05-04 12:33:00,5259.0,5260.0,5261.0,5259.0,5260.0,5262.0,5262.0,5261.0,7
2016-05-04 12:33:00,2016-05-04 12:34:00,5260.0,5257.0,5261.0,5257.0,5262.0,5262.0,5262.0,5260.0,7
2016-05-04 12:34:00,2016-05-04 12:35:00,5257.0,5259.0,5259.0,5258.0,5262.0,5261.0,5261.0,5259.0,6
2016-05-04 12:35:00,2016-05-04 12:36:00,5259.0,5260.0,5260.0,5260.0,5261.0,5261.0,5262.0,5261.0,3
2016-05-04 12:36:00,2016-05-04 12:38:00,5260.0,5260.0,5261.0,5260.0,5261.0,5261.0,5262.0,5261.0,12
2016-05-04 12:38:00,2016-05-04 12:39:00,5260.0,5262.0,5262.0,5260.0,5261.0,5263.0,5263.0,5262.0,8
2016-05-04 12:39:00,2016-05-04 12:40:00,5262.0,5263.0,5263.0,5262.0,5263.0,5264.0,5264.0,5263.0,10
2016-05-04 12:40:00,2016-05-04 12:41:00,5263.0,5262.0,5263.0,5261.0,5264.0,5263.0,5266.0,5263.0,12
2016-05-04 12:41:00,2016-05-04 12:43:00,5262.0,5261.0,5263.0,5261.0,5264.0,5262.0,5264.0,5262.0,15
2016-05-04 12:43:00,2016-05-04 12:44:00,5261.0,5260.0,5260.0,5259.0,5262.0,5261.0,5262.0,5260.0,20
2016-05-04 12:44:00,2016-05-04 12:45:00,5260.0,5261.0,5261.0,5259.0,5261.0,5262.0,5263.0,5261.0,12
2016-05-04 12:45:00,2016-05-04 12:47:00,5262.0,5262.0,5263.0,5262.0,5263.0,5263.0,5265.0,5263.0,12
2016-05-04 12:47:00,2016-05-04 12:48:00,5262.0,5262.0,5263.0,5262.0,5263.0,5263.0,5264.0,5263.0,30
2016-05-04 12:48:00,2016-05-04 12:50:00,5262.0,5261.0,5262.0,5260.0,5263.0,5262.0,5264.0,5261.0,10
2016-05-04 12:50:00,2016-05-04 12:52:00,5260.0,5259.0,5259.0,5259.0,5261.0,5260.0,5261.0,5260.0,4
2016-05-04 12:52:00,2016-05-04 12:54:00,5259.0,5259.0,5260.0,5259.0,5260.0,5261.0,5261.0,5261.0,7
2016-05-04 12:54:00,2016-05-04 12:55:00,5259.0,5260.0,5260.0,5259.0,5261.0,5261.0,5261.0,5260.0,5
2016-05-04 12:55:00,2016-05-04 12:56:00,5260.0,5260.0,5261.0,5259.0,5261.0,5262.0,5262.0,5261.0,7
2016-05-04 12:56:00,2016-05-04 12:57:00,5260.0,5259.0,5260.0,5259.0,5262.0,5261.0,5261.0,5261.0,2
2016-05-04 12:57:00,2016-05-04 12:58:00,5259.0,5259.0,5259.0,5258.0,5261.0,5260.0,5262.0,5260.0,9
2016-05-04 12:58:00,2016-05-04 13:00:00,5258.0,5259.0,5260.0,5257.0,5259.0,5261.0,5261.0,5259.0,11
2016-05-04 13:00:00,2016-05-04 13:01:00,5259.0,5261.0,5261.0,5260.0,5261.0,5263.0,5263.0,5261.0,8
2016-05-04 13:01:00,2016-05-04 13:02:00,5261.0,5261.0,5262.0,5261.0,5263.0,5262.0,5263.0,5262.0,7
2016-05-04 13:02:00,2016-05-04 13:05:00,5260.0,5261.0,5261.0,5260.0,5261.0,5262.0,5262.0,5261.0,10
2016-05-04 13:05:00,2016-05-04 13:09:00,5261.0,5262.0,5262.0,5260.0,5262.0,5263.0,5263.0,5262.0,12
2016-05-04 13:09:00,2016-05-04 13:10:00,5262.0,5262.0,5262.0,5260.0,5263.0,5263.0,5265.0,5263.0,6
2016-05-04 13:10:00,2016-05-04 13:11:00,5262.0,5261.0,5262.0,5261.0,5263.0,5263.0,5263.0,5263.0,7
2016-05-04 13:11:00,2016-05-04 13:12:00,5261.0,5260.0,5261.0,5260.0,5263.0,5262.0,5262.0,5261.0,10
2016-05-04 13:12:00,2016-05-04 13:20:00,5263.0,5263.0,5263.0,5263.0,5264.0,5265.0,5265.0,5264.0,3
2016-05-04 13:20:00,2016-05-04 13:21:00,5263.0,5263.0,5264.0,5263.0,5265.0,5265.0,5265.0,5265.0,6
2016-05-04 13:21:00,2016-05-04 13:23:00,5262.0,5262.0,5262.0,5260.0,5264.0,5263.0,5265.0,5263.0,3
2016-05-04 13:23:00,2016-05-04 13:25:00,5262.0,5262.0,5263.0,5261.0,5264.0,5263.0,5264.0,5263.0,5
2016-05-04 13:25:00,2016-05-04 13:26:00,5262.0,5261.0,5261.0,5261.0,5263.0,5263.0,5263.0,5262.0,7
2016-05-04 13:26:00,2016-05-04 13:27:00,5261.0,5261.0,5261.0,5261.0,5263.0,5263.0,5263.0,5262.0,6
2016-05-04 13:27:00,2016-05-04 13:28:00,5261.0,5262.0,5262.0,5261.0,5263.0,5263.0,5264.0,5263.0,5
2016-05-04 13:28:00,2016-05-04 13:30:00,5264.0,5264.0,5264.0,5261.0,5265.0,5266.0,5267.0,5264.0,29
2016-05-04 13:30:00,2016-05-04 13:31:00,5264.0,5266.0,5266.0,5264.0,5266.0,5267.0,5269.0,5265.0,38
2016-05-04 13:31:00,2016-05-04 13:32:00,5266.0,5268.0,5268.0,5266.0,5267.0,5269.0,5269.0,5268.0,10
2016-05-04 13:32:00,2016-05-04 13:34:00,5265.0,5266.0,5267.0,5265.0,5266.0,5267.0,5268.0,5266.0,20
2016-05-04 13:34:00,2016-05-04 13:35:00,5266.0,5266.0,5267.0,5265.0,5267.0,5267.0,5268.0,5266.0,14
2016-05-04 13:35:00,2016-05-04 13:36:00,5266.0,5263.0,5265.0,5261.0,5267.0,5264.0,5268.0,5262.0,30
2016-05-04 13:36:00,2016-05-04 13:37:00,5263.0,5261.0,5262.0,5258.0,5264.0,5262.0,5264.0,5262.0,35
2016-05-04 13:37:00,2016-05-04 13:38:00,5261.0,5263.0,5264.0,5260.0,5262.0,5264.0,5265.0,5262.0,21
2016-05-04 13:38:00,2016-05-04 13:39:00,5263.0,5261.0,5264.0,5260.0,5264.0,5262.0,5265.0,5261.0,30
2016-05-04 13:39:00,2016-05-04 13:40:00,5261.0,5259.0,5260.0,5258.0,5262.0,5261.0,5264.0,5260.0,31
2016-05-04 13:40:00,2016-05-04 13:41:00,5259.0,5260.0,5263.0,5257.0,5261.0,5262.0,5266.0,5261.0,38
2016-05-04 13:41:00,2016-05-04 13:42:00,5260.0,5262.0,5263.0,5258.0,5262.0,5263.0,5264.0,5259.0,21
2016-05-04 13:42:00,2016-05-04 13:43:00,5262.0,5260.0,5261.0,5259.0,5263.0,5261.0,5263.0,5260.0,32
2016-05-04 13:43:00,2016-05-04 13:45:00,5260.0,5261.0,5263.0,5259.0,5261.0,5262.0,5266.0,5261.0,51
2016-05-04 13:45:00,2016-05-04 13:46:00,5261.0,5260.0,5263.0,5260.0,5262.0,5262.0,5264.0,5261.0,16
2016-05-04 13:46:00,2016-05-04 13:47:00,5260.0,5259.0,5260.0,5258.0,5262.0,5260.0,5262.0,5260.0,37
2016-05-04 13:47:00,2016-05-04 13:48:00,5259.0,5260.0,5262.0,5256.0,5260.0,5261.0,5263.0,5259.0,39
2016-05-04 13:48:00,2016-05-04 13:49:00,5260.0,5262.0,5262.0,5259.0,5261.0,5263.0,5264.0,5260.0,42
2016-05-04 13:49:00,2016-05-04 13:50:00,5262.0,5266.0,5266.0,5261.0,5263.0,5267.0,5269.0,5263.0,44
2016-05-04 13:50:00,2016-05-04 13:51:00,5266.0,5263.0,5266.0,5262.0,5267.0,5264.0,5268.0,5264.0,46
2016-05-04 13:51:00,2016-05-04 13:52:00,5263.0,5264.0,5264.0,5263.0,5264.0,5265.0,5266.0,5264.0,14
2016-05-04 13:52:00,2016-05-04 13:54:00,5266.0,5267.0,5267.0,5265.0,5267.0,5268.0,5268.0,5266.0,14
2016-05-04 13:54:00,2016-05-04 13:55:00,5267.0,5268.0,5269.0,5265.0,5268.0,5270.0,5272.0,5268.0,47
2016-05-04 13:55:00,2016-05-04 14:00:00,5266.0,5271.0,5271.0,5264.0,5268.0,5272.0,5273.0,5268.0,39
2016-05-04 14:00:00,2016-05-04 14:01:00,5271.0,5270.0,5270.0,5268.0,5272.0,5272.0,5274.0,5270.0,22
2016-05-04 14:01:00,2016-05-04 14:02:00,5270.0,5269.0,5270.0,5265.0,5272.0,5270.0,5273.0,5267.0,46
2016-05-04 14:02:00,2016-05-04 14:03:00,5269.0,5267.0,5270.0,5267.0,5270.0,5269.0,5272.0,5268.0,14
2016-05-04 14:03:00,2016-05-04 14:04:00,5267.0,5267.0,5270.0,5265.0,5269.0,5269.0,5271.0,5268.0,25
2016-05-04 14:04:00,2016-05-04 14:05:00,5267.0,5267.0,5268.0,5266.0,5269.0,5269.0,5270.0,5268.0,14
2016-05-04 14:05:00,2016-05-04 14:06:00,5267.0,5264.0,5267.0,5263.0,5269.0,5266.0,5268.0,5265.0,19
2016-05-04 14:06:00,2016-05-04 14:07:00,5264.0,5263.0,5265.0,5263.0,5266.0,5264.0,5267.0,5264.0,15
2016-05-04 14:07:00,2016-05-04 14:08:00,5263.0,5266.0,5266.0,5263.0,5264.0,5267.0,5267.0,5264.0,8
2016-05-04 14:08:00,2016-05-04 14:10:00,5266.0,5271.0,5273.0,5265.0,5268.0,5272.0,5275.0,5268.0,60
2016-05-04 14:10:00,2016-05-04 14:11:00,5271.0,5276.0,5276.0,5270.0,5272.0,5277.0,5277.0,5273.0,43
2016-05-04 14:11:00,2016-05-04 14:12:00,5276.0,5275.0,5275.0,5273.0,5277.0,5277.0,5278.0,5276.0,6
2016-05-04 14:12:00,2016-05-04 14:13:00,5275.0,5274.0,5275.0,5273.0,5277.0,5276.0,5278.0,5274.0,29
2016-05-04 14:13:00,2016-05-04 14:14:00,5274.0,5274.0,5275.0,5272.0,5276.0,5275.0,5278.0,5274.0,23
2016-05-04 14:14:00,2016-05-04 14:15:00,5274.0,5274.0,5275.0,5274.0,5275.0,5275.0,5276.0,5275.0,26
2016-05-04 14:15:00,2016-05-04 14:16:00,5274.0,5275.0,5275.0,5272.0,5275.0,5276.0,5277.0,5274.0,29
2016-05-04 14:16:00,2016-05-04 14:18:00,5274.0,5271.0,5273.0,5270.0,5275.0,5272.0,5275.0,5272.0,18
2016-05-04 14:18:00,2016-05-04 14:19:00,5271.0,5271.0,5272.0,5267.0,5272.0,5272.0,5273.0,5270.0,18
2016-05-04 14:19:00,2016-05-04 14:20:00,5271.0,5267.0,5272.0,5267.0,5272.0,5268.0,5273.0,5268.0,27
2016-05-04 14:20:00,2016-05-04 14:21:00,5267.0,5268.0,5269.0,5267.0,5268.0,5270.0,5270.0,5268.0,29
2016-05-04 14:21:00,2016-05-04 14:22:00,5268.0,5268.0,5269.0,5266.0,5270.0,5270.0,5271.0,5269.0,27
2016-05-04 14:22:00,2016-05-04 14:24:00,5267.0,5268.0,5269.0,5267.0,5268.0,5269.0,5270.0,5269.0,12
2016-05-04 14:24:00,2016-05-04 14:25:00,5268.0,5268.0,5269.0,5266.0,5269.0,5269.0,5272.0,5267.0,35
2016-05-04 14:25:00,2016-05-04 14:27:00,5268.0,5266.0,5268.0,5265.0,5269.0,5267.0,5271.0,5267.0,33
2016-05-04 14:27:00,2016-05-04 14:28:00,5266.0,5268.0,5268.0,5266.0,5267.0,5269.0,5269.0,5268.0,6
2016-05-04 14:28:00,2016-05-04 14:29:00,5268.0,5267.0,5268.0,5263.0,5269.0,5269.0,5269.0,5266.0,35
2016-05-04 14:29:00,2016-05-04 14:30:00,5267.0,5262.0,5267.0,5261.0,5269.0,5263.0,5270.0,5263.0,50
2016-05-04 14:30:00,2016-05-04 14:31:00,5262.0,5262.0,5263.0,5260.0,5263.0,5264.0,5264.0,5262.0,13
2016-05-04 14:31:00,2016-05-04 14:32:00,5262.0,5261.0,5263.0,5261.0,5264.0,5263.0,5265.0,5262.0,30
2016-05-04 14:32:00,2016-05-04 14:33:00,5261.0,5264.0,5266.0,5260.0,5263.0,5265.0,5268.0,5263.0,43
2016-05-04 14:33:00,2016-05-04 14:34:00,5264.0,5261.0,5265.0,5261.0,5265.0,5263.0,5267.0,5263.0,26
2016-05-04 14:34:00,2016-05-04 14:35:00,5261.0,5260.0,5262.0,5260.0,5263.0,5261.0,5263.0,5261.0,25
2016-05-04 14:35:00,2016-05-04 14:36:00,5260.0,5261.0,5261.0,5258.0,5261.0,5263.0,5263.0,5259.0,27
2016-05-04 14:36:00,2016-05-04 14:37:00,5261.0,5262.0,5263.0,5261.0,5263.0,5264.0,5264.0,5262.0,20
2016-05-04 14:37:00,2016-05-04 14:38:00,5262.0,5263.0,5264.0,5262.0,5264.0,5264.0,5267.0,5263.0,21
2016-05-04 14:38:00,2016-05-04 14:39:00,5263.0,5263.0,5264.0,5260.0,5264.0,5264.0,5266.0,5262.0,32
2016-05-04 14:39:00,2016-05-04 14:40:00,5263.0,5262.0,5264.0,5261.0,5264.0,5264.0,5265.0,5263.0,21
2016-05-04 14:40:00,2016-05-04 14:41:00,5262.0,5263.0,5263.0,5259.0,5264.0,5264.0,5266.0,5261.0,32
2016-05-04 14:41:00,2016-05-04 14:42:00,5263.0,5260.0,5262.0,5258.0,5264.0,5261.0,5265.0,5261.0,35
2016-05-04 14:42:00,2016-05-04 14:43:00,5260.0,5259.0,5260.0,5255.0,5261.0,5260.0,5262.0,5259.0,61
2016-05-04 14:43:00,2016-05-04 14:44:00,5259.0,5256.0,5258.0,5256.0,5260.0,5258.0,5261.0,5258.0,5
2016-05-04 14:44:00,2016-05-04 14:45:00,5256.0,5257.0,5258.0,5256.0,5258.0,5258.0,5259.0,5257.0,17
2016-05-04 14:45:00,2016-05-04 14:46:00,5257.0,5256.0,5258.0,5256.0,5258.0,5258.0,5259.0,5257.0,21
2016-05-04 14:46:00,2016-05-04 14:47:00,5256.0,5256.0,5257.0,5254.0,5258.0,5257.0,5260.0,5256.0,22
2016-05-04 14:47:00,2016-05-04 14:48:00,5256.0,5254.0,5257.0,5254.0,5257.0,5255.0,5258.0,5255.0,35
2016-05-04 14:48:00,2016-05-04 14:49:00,5254.0,5253.0,5256.0,5252.0,5255.0,5254.0,5258.0,5254.0,13
2016-05-04 14:49:00,2016-05-04 14:50:00,5253.0,5253.0,5254.0,5252.0,5254.0,5254.0,5256.0,5253.0,14
2016-05-04 14:50:00,2016-05-04 14:51:00,5253.0,5254.0,5254.0,5249.0,5254.0,5255.0,5256.0,5252.0,31
2016-05-04 14:51:00,2016-05-04 14:52:00,5254.0,5255.0,5255.0,5253.0,5255.0,5256.0,5257.0,5255.0,8
2016-05-04 14:52:00,2016-05-04 14:53:00,5255.0,5255.0,5256.0,5253.0,5256.0,5256.0,5257.0,5256.0,18
2016-05-04 14:53:00,2016-05-04 14:54:00,5255.0,5256.0,5256.0,5254.0,5256.0,5257.0,5257.0,5255.0,20
2016-05-04 14:54:00,2016-05-04 14:55:00,5256.0,5258.0,5258.0,5254.0,5257.0,5259.0,5259.0,5257.0,21
2016-05-04 14:55:00,2016-05-04 14:56:00,5258.0,5258.0,5260.0,5257.0,5259.0,5259.0,5261.0,5258.0,24
2016-05-04 14:56:00,2016-05-04 14:57:00,5258.0,5259.0,5260.0,5257.0,5259.0,5260.0,5261.0,5259.0,28
2016-05-04 14:57:00,2016-05-04 14:58:00,5259.0,5258.0,5259.0,5257.0,5260.0,5259.0,5262.0,5259.0,22
2016-05-04 14:58:00,2016-05-04 14:59:00,5258.0,5258.0,5258.0,5256.0,5259.0,5259.0,5259.0,5257.0,22
2016-05-04 14:59:00,2016-05-04 15:00:00,5258.0,5256.0,5257.0,5255.0,5259.0,5257.0,5259.0,5257.0,10
2016-05-04 15:00:00,2016-05-04 15:01:00,5256.0,5255.0,5257.0,5254.0,5257.0,5256.0,5259.0,5256.0,15
2016-05-04 15:01:00,2016-05-04 15:02:00,5255.0,5258.0,5259.0,5254.0,5256.0,5260.0,5260.0,5255.0,25
2016-05-04 15:02:00,2016-05-04 15:03:00,5258.0,5260.0,5261.0,5258.0,5260.0,5261.0,5263.0,5260.0,7
2016-05-04 15:03:00,2016-05-04 15:05:00,5260.0,5260.0,5260.0,5257.0,5261.0,5261.0,5261.0,5260.0,9
2016-05-04 15:05:00,2016-05-04 15:06:00,5260.0,5260.0,5260.0,5259.0,5261.0,5262.0,5262.0,5260.0,11
2016-05-04 15:06:00,2016-05-04 15:07:00,5260.0,5261.0,5261.0,5258.0,5262.0,5262.0,5263.0,5261.0,14
2016-05-04 15:07:00,2016-05-04 15:08:00,5261.0,5261.0,5262.0,5260.0,5262.0,5262.0,5263.0,5261.0,16
2016-05-04 15:08:00,2016-05-04 15:09:00,5261.0,5258.0,5261.0,5257.0,5262.0,5260.0,5264.0,5259.0,13
2016-05-04 15:09:00,2016-05-04 15:10:00,5258.0,5259.0,5260.0,5258.0,5260.0,5261.0,5261.0,5259.0,14
2016-05-04 15:10:00,2016-05-04 15:11:00,5259.0,5258.0,5260.0,5257.0,5261.0,5259.0,5263.0,5258.0,18
2016-05-04 15:11:00,2016-05-04 15:12:00,5258.0,5258.0,5259.0,5258.0,5259.0,5259.0,5260.0,5259.0,8
2016-05-04 15:12:00,2016-05-04 15:13:00,5258.0,5257.0,5258.0,5257.0,5259.0,5259.0,5260.0,5258.0,7
2016-05-04 15:13:00,2016-05-04 15:14:00,5257.0,5256.0,5259.0,5256.0,5259.0,5257.0,5260.0,5257.0,13
2016-05-04 15:14:00,2016-05-04 15:15:00,5256.0,5254.0,5256.0,5254.0,5257.0,5256.0,5257.0,5255.0,27
2016-05-04 15:15:00,2016-05-04 15:16:00,5254.0,5253.0,5255.0,5252.0,5256.0,5254.0,5257.0,5254.0,40
2016-05-04 15:16:00,2016-05-04 15:18:00,5253.0,5253.0,5253.0,5252.0,5254.0,5254.0,5255.0,5254.0,2
2016-05-04 15:18:00,2016-05-04 15:20:00,5253.0,5252.0,5253.0,5251.0,5255.0,5253.0,5254.0,5253.0,13
2016-05-04 15:20:00,2016-05-04 15:22:00,5250.0,5251.0,5252.0,5250.0,5252.0,5252.0,5253.0,5251.0,17
2016-05-04 15:22:00,2016-05-04 15:23:00,5251.0,5250.0,5250.0,5250.0,5252.0,5252.0,5252.0,5251.0,3
2016-05-04 15:23:00,2016-05-04 15:24:00,5250.0,5251.0,5252.0,5250.0,5252.0,5252.0,5253.0,5252.0,11
2016-05-04 15:24:00,2016-05-04 15:25:00,5251.0,5250.0,5251.0,5249.0,5252.0,5251.0,5254.0,5251.0,12
2016-05-04 15:25:00,2016-05-04 15:26:00,5250.0,5252.0,5253.0,5250.0,5251.0,5253.0,5254.0,5251.0,41
2016-05-04 15:26:00,2016-05-04 15:27:00,5252.0,5250.0,5252.0,5249.0,5253.0,5251.0,5253.0,5250.0,26
2016-05-04 15:27:00,2016-05-04 15:28:00,5250.0,5246.0,5249.0,5246.0,5251.0,5248.0,5251.0,5247.0,27
2016-05-04 15:28:00,2016-05-04 15:29:00,5246.0,5248.0,5249.0,5245.0,5248.0,5249.0,5250.0,5247.0,19
2016-05-04 15:29:00,2016-05-04 15:30:00,5248.0,5247.0,5250.0,5247.0,5249.0,5249.0,5251.0,5248.0,19
2016-05-04 15:30:00,2016-05-04 15:31:00,5247.0,5247.0,5247.0,5244.0,5249.0,5249.0,5250.0,5247.0,11
2016-05-04 15:31:00,2016-05-04 15:32:00,5247.0,5248.0,5248.0,5247.0,5249.0,5250.0,5250.0,5248.0,8
2016-05-04 15:32:00,2016-05-04 15:33:00,5248.0,5248.0,5249.0,5246.0,5250.0,5250.0,5252.0,5249.0,14
2016-05-04 15:33:00,2016-05-04 15:34:00,5248.0,5250.0,5250.0,5249.0,5250.0,5252.0,5252.0,5250.0,12
2016-05-04 15:34:00,2016-05-04 15:35:00,5250.0,5251.0,5253.0,5251.0,5252.0,5252.0,5254.0,5252.0,13
2016-05-04 15:35:00,2016-05-04 15:36:00,5251.0,5250.0,5252.0,5250.0,5252.0,5252.0,5253.0,5252.0,15
2016-05-04 15:36:00,2016-05-04 15:37:00,5250.0,5250.0,5250.0,5248.0,5252.0,5251.0,5251.0,5249.0,17
2016-05-04 15:37:00,2016-05-04 15:38:00,5250.0,5252.0,5252.0,5249.0,5251.0,5253.0,5253.0,5251.0,14
2016-05-04 15:38:00,2016-05-04 15:40:00,5252.0,5251.0,5253.0,5250.0,5253.0,5252.0,5254.0,5252.0,20
2016-05-04 15:40:00,2016-05-04 15:41:00,5251.0,5251.0,5251.0,5250.0,5252.0,5252.0,5253.0,5252.0,8
2016-05-04 15:41:00,2016-05-04 15:42:00,5251.0,5252.0,5252.0,5251.0,5252.0,5253.0,5254.0,5252.0,6
2016-05-04 15:42:00,2016-05-04 15:43:00,5252.0,5251.0,5252.0,5248.0,5253.0,5252.0,5254.0,5251.0,15
2016-05-04 15:43:00,2016-05-04 15:44:00,5251.0,5250.0,5250.0,5249.0,5252.0,5252.0,5252.0,5251.0,9
2016-05-04 15:44:00,2016-05-04 15:45:00,5250.0,5251.0,5251.0,5250.0,5252.0,5252.0,5252.0,5251.0,5
2016-05-04 15:45:00,2016-05-04 15:46:00,5251.0,5253.0,5254.0,5249.0,5252.0,5255.0,5255.0,5253.0,22
2016-05-04 15:46:00,2016-05-04 15:47:00,5253.0,5254.0,5254.0,5253.0,5255.0,5255.0,5255.0,5254.0,9
2016-05-04 15:47:00,2016-05-04 15:48:00,5254.0,5253.0,5255.0,5253.0,5255.0,5255.0,5256.0,5255.0,7
2016-05-04 15:48:00,2016-05-04 15:49:00,5253.0,5252.0,5253.0,5252.0,5255.0,5254.0,5255.0,5253.0,9
2016-05-04 15:49:00,2016-05-04 15:50:00,5252.0,5250.0,5252.0,5250.0,5254.0,5251.0,5253.0,5251.0,9
2016-05-04 15:50:00,2016-05-04 15:51:00,5250.0,5250.0,5250.0,5249.0,5251.0,5251.0,5251.0,5251.0,6
2016-05-04 15:51:00,2016-05-04 15:54:00,5251.0,5250.0,5250.0,5250.0,5252.0,5251.0,5252.0,5251.0,6
2016-05-04 15:54:00,2016-05-04 15:56:00,5250.0,5250.0,5250.0,5249.0,5251.0,5251.0,5252.0,5251.0,4
2016-05-04 15:56:00,2016-05-04 15:57:00,5250.0,5251.0,5251.0,5250.0,5251.0,5252.0,5252.0,5251.0,8
2016-05-04 15:57:00,2016-05-04 15:58:00,5251.0,5251.0,5252.0,5251.0,5252.0,5254.0,5254.0,5252.0,11
2016-05-04 15:58:00,2016-05-04 15:59:00,5251.0,5251.0,5252.0,5251.0,5254.0,5253.0,5253.0,5252.0,10
2016-05-04 15:59:00,2016-05-04 16:00:00,5251.0,5250.0,5251.0,5250.0,5253.0,5251.0,5253.0,5251.0,7
2016-05-04 16:00:00,2016-05-04 16:01:00,5250.0,5253.0,5253.0,5250.0,5251.0,5254.0,5254.0,5252.0,16
2016-05-04 16:01:00,2016-05-04 16:02:00,5253.0,5255.0,5256.0,5252.0,5254.0,5256.0,5257.0,5254.0,18
2016-05-04 16:02:00,2016-05-04 16:03:00,5255.0,5256.0,5256.0,5255.0,5256.0,5257.0,5257.0,5257.0,6
2016-05-04 16:03:00,2016-05-04 16:04:00,5256.0,5256.0,5256.0,5255.0,5257.0,5257.0,5257.0,5257.0,6
2016-05-04 16:04:00,2016-05-04 16:05:00,5256.0,5258.0,5258.0,5256.0,5257.0,5259.0,5259.0,5258.0,6
2016-05-04 16:05:00,2016-05-04 16:06:00,5258.0,5257.0,5258.0,5257.0,5259.0,5258.0,5260.0,5258.0,14
2016-05-04 16:06:00,2016-05-04 16:07:00,5257.0,5257.0,5258.0,5256.0,5258.0,5258.0,5260.0,5258.0,10
2016-05-04 16:07:00,2016-05-04 16:08:00,5257.0,5254.0,5256.0,5254.0,5258.0,5255.0,5258.0,5255.0,12
2016-05-04 16:08:00,2016-05-04 16:09:00,5254.0,5253.0,5254.0,5253.0,5255.0,5254.0,5256.0,5254.0,4
2016-05-04 16:09:00,2016-05-04 16:11:00,5254.0,5253.0,5255.0,5252.0,5255.0,5254.0,5257.0,5254.0,15
2016-05-04 16:11:00,2016-05-04 16:12:00,5253.0,5253.0,5254.0,5253.0,5254.0,5254.0,5255.0,5254.0,8
2016-05-04 16:12:00,2016-05-04 16:13:00,5253.0,5254.0,5255.0,5253.0,5254.0,5256.0,5256.0,5254.0,13
2016-05-04 16:13:00,2016-05-04 16:14:00,5254.0,5256.0,5257.0,5255.0,5256.0,5258.0,5258.0,5256.0,10
2016-05-04 16:14:00,2016-05-04 16:15:00,5256.0,5257.0,5258.0,5256.0,5258.0,5258.0,5259.0,5257.0,27
2016-05-04 16:15:00,2016-05-04 16:17:00,5255.0,5256.0,5256.0,5255.0,5257.0,5257.0,5258.0,5256.0,9
2016-05-04 16:17:00,2016-05-04 16:20:00,5254.0,5255.0,5255.0,5254.0,5255.0,5256.0,5257.0,5256.0,4
2016-05-04 16:20:00,2016-05-04 16:22:00,5254.0,5256.0,5256.0,5253.0,5255.0,5257.0,5257.0,5255.0,12
2016-05-04 16:22:00,2016-05-04 16:23:00,5256.0,5253.0,5255.0,5253.0,5257.0,5255.0,5257.0,5254.0,11
2016-05-04 16:23:00,2016-05-04 16:24:00,5253.0,5254.0,5255.0,5254.0,5255.0,5256.0,5257.0,5255.0,14
2016-05-04 16:24:00,2016-05-04 16:25:00,5254.0,5255.0,5256.0,5254.0,5256.0,5257.0,5258.0,5255.0,16
2016-05-04 16:25:00,2016-05-04 16:26:00,5255.0,5255.0,5255.0,5254.0,5257.0,5256.0,5256.0,5255.0,9
2016-05-04 16:26:00,2016-05-04 16:27:00,5255.0,5254.0,5255.0,5254.0,5256.0,5256.0,5257.0,5256.0,5
2016-05-04 16:27:00,2016-05-04 16:28:00,5254.0,5252.0,5254.0,5252.0,5256.0,5253.0,5255.0,5253.0,7
2016-05-04 16:28:00,2016-05-04 16:29:00,5252.0,5252.0,5253.0,5252.0,5253.0,5253.0,5254.0,5253.0,16
2016-05-04 16:29:00,2016-05-04 16:30:00,5252.0,5253.0,5253.0,5252.0,5253.0,5254.0,5254.0,5253.0,10
2016-05-04 16:30:00,2016-05-04 16:31:00,5253.0,5255.0,5255.0,5253.0,5254.0,5256.0,5256.0,5254.0,14
2016-05-04 16:31:00,2016-05-04 16:32:00,5255.0,5255.0,5255.0,5254.0,5256.0,5256.0,5257.0,5255.0,6
2016-05-04 16:32:00,2016-05-04 16:34:00,5256.0,5255.0,5256.0,5255.0,5257.0,5258.0,5258.0,5257.0,3
2016-05-04 16:34:00,2016-05-04 16:35:00,5255.0,5256.0,5257.0,5254.0,5258.0,5257.0,5259.0,5257.0,8
2016-05-04 16:35:00,2016-05-04 16:37:00,5255.0,5254.0,5255.0,5253.0,5256.0,5255.0,5258.0,5255.0,5
2016-05-04 16:37:00,2016-05-04 16:39:00,5253.0,5252.0,5252.0,5251.0,5254.0,5253.0,5254.0,5252.0,10
2016-05-04 16:39:00,2016-05-04 16:40:00,5252.0,5248.0,5251.0,5248.0,5253.0,5250.0,5253.0,5249.0,13
2016-05-04 16:40:00,2016-05-04 16:41:00,5248.0,5249.0,5249.0,5248.0,5250.0,5250.0,5250.0,5249.0,13
2016-05-04 16:41:00,2016-05-04 16:42:00,5249.0,5251.0,5251.0,5249.0,5250.0,5252.0,5252.0,5251.0,8
2016-05-04 16:42:00,2016-05-04 16:43:00,5251.0,5250.0,5251.0,5250.0,5252.0,5251.0,5253.0,5251.0,4
2016-05-04 16:43:00,2016-05-04 16:44:00,5250.0,5250.0,5250.0,5249.0,5251.0,5251.0,5252.0,5250.0,6
2016-05-04 16:44:00,2016-05-04 16:46:00,5251.0,5253.0,5253.0,5251.0,5252.0,5254.0,5254.0,5253.0,16
2016-05-04 16:46:00,2016-05-04 16:47:00,5253.0,5251.0,5253.0,5251.0,5254.0,5252.0,5254.0,5252.0,14
2016-05-04 16:47:00,2016-05-04 16:49:00,5252.0,5251.0,5252.0,5251.0,5253.0,5252.0,5253.0,5252.0,4
2016-05-04 16:49:00,2016-05-04 16:50:00,5251.0,5248.0,5250.0,5247.0,5252.0,5250.0,5253.0,5250.0,26
2016-05-04 16:50:00,2016-05-04 16:51:00,5248.0,5249.0,5250.0,5247.0,5250.0,5250.0,5251.0,5249.0,17
2016-05-04 16:51:00,2016-05-04 16:52:00,5249.0,5249.0,5249.0,5248.0,5250.0,5251.0,5251.0,5250.0,3
2016-05-04 16:52:00,2016-05-04 16:53:00,5249.0,5248.0,5249.0,5248.0,5251.0,5250.0,5251.0,5250.0,4
2016-05-04 16:53:00,2016-05-04 16:55:00,5248.0,5246.0,5248.0,5246.0,5249.0,5248.0,5249.0,5248.0,7
2016-05-04 16:55:00,2016-05-04 16:59:00,5246.0,5245.0,5247.0,5245.0,5248.0,5247.0,5248.0,5247.0,6
2016-05-04 16:59:00,2016-05-04 17:00:00,5245.0,5245.0,5246.0,5244.0,5247.0,5246.0,5247.0,5245.0,11
2016-05-04 17:00:00,2016-05-04 17:02:00,5245.0,5246.0,5246.0,5244.0,5246.0,5247.0,5248.0,5246.0,21
2016-05-04 17:02:00,2016-05-04 17:03:00,5246.0,5247.0,5247.0,5245.0,5247.0,5249.0,5249.0,5247.0,7
2016-05-04 17:03:00,2016-05-04 17:04:00,5247.0,5246.0,5248.0,5244.0,5249.0,5247.0,5249.0,5247.0,11
2016-05-04 17:04:00,2016-05-04 17:07:00,5247.0,5247.0,5247.0,5246.0,5248.0,5249.0,5249.0,5247.0,5
2016-05-04 17:07:00,2016-05-04 17:09:00,5247.0,5245.0,5246.0,5245.0,5248.0,5246.0,5248.0,5246.0,8
2016-05-04 17:09:00,2016-05-04 17:10:00,5245.0,5245.0,5245.0,5244.0,5246.0,5246.0,5246.0,5245.0,4
2016-05-04 17:10:00,2016-05-04 17:11:00,5245.0,5245.0,5246.0,5245.0,5246.0,5247.0,5247.0,5246.0,13
2016-05-04 17:11:00,2016-05-04 17:12:00,5245.0,5246.0,5247.0,5245.0,5247.0,5248.0,5248.0,5247.0,6
2016-05-04 17:12:00,2016-05-04 17:13:00,5246.0,5245.0,5246.0,5245.0,5248.0,5246.0,5248.0,5246.0,9
2016-05-04 17:13:00,2016-05-04 17:15:00,5246.0,5248.0,5248.0,5245.0,5247.0,5249.0,5250.0,5248.0,7
2016-05-04 17:15:00,2016-05-04 17:16:00,5248.0,5247.0,5250.0,5247.0,5249.0,5248.0,5251.0,5248.0,26
2016-05-04 17:16:00,2016-05-04 17:17:00,5247.0,5246.0,5246.0,5246.0,5248.0,5247.0,5248.0,5247.0,6
2016-05-04 17:17:00,2016-05-04 17:18:00,5246.0,5247.0,5247.0,5246.0,5247.0,5248.0,5248.0,5248.0,8
2016-05-04 17:18:00,2016-05-04 17:19:00,5247.0,5247.0,5248.0,5246.0,5248.0,5249.0,5249.0,5248.0,13
2016-05-04 17:19:00,2016-05-04 17:26:00,5245.0,5247.0,5247.0,5244.0,5247.0,5248.0,5248.0,5247.0,7
2016-05-04 17:26:00,2016-05-04 17:27:00,5247.0,5247.0,5248.0,5246.0,5248.0,5249.0,5249.0,5247.0,11
2016-05-04 17:27:00,2016-05-04 17:28:00,5247.0,5248.0,5250.0,5247.0,5249.0,5250.0,5252.0,5249.0,25
2016-05-04 17:28:00,2016-05-04 17:29:00,5248.0,5249.0,5250.0,5248.0,5250.0,5251.0,5251.0,5250.0,14
2016-05-04 17:29:00,2016-05-04 17:31:00,5249.0,5249.0,5249.0,5249.0,5251.0,5251.0,5251.0,5250.0,4
2016-05-04 17:31:00,2016-05-04 17:32:00,5249.0,5249.0,5250.0,5248.0,5251.0,5251.0,5251.0,5250.0,8
2016-05-04 17:32:00,2016-05-04 17:33:00,5249.0,5248.0,5250.0,5248.0,5251.0,5250.0,5251.0,5250.0,4
2016-05-04 17:33:00,2016-05-04 17:34:00,5248.0,5249.0,5249.0,5248.0,5250.0,5250.0,5250.0,5249.0,3
2016-05-04 17:34:00,2016-05-04 17:35:00,5249.0,5248.0,5248.0,5247.0,5250.0,5249.0,5250.0,5248.0,10
2016-05-04 17:35:00,2016-05-04 17:36:00,5248.0,5248.0,5249.0,5248.0,5249.0,5250.0,5250.0,5250.0,7
2016-05-04 17:36:00,2016-05-04 17:38:00,5249.0,5246.0,5248.0,5245.0,5250.0,5247.0,5250.0,5247.0,18
2016-05-04 17:38:00,2016-05-04 17:39:00,5246.0,5246.0,5247.0,5246.0,5247.0,5248.0,5248.0,5248.0,5
2016-05-04 17:39:00,2016-05-04 17:41:00,5246.0,5246.0,5246.0,5244.0,5247.0,5247.0,5248.0,5246.0,10
2016-05-04 17:41:00,2016-05-04 17:44:00,5246.0,5246.0,5246.0,5245.0,5247.0,5247.0,5247.0,5246.0,6
2016-05-04 17:44:00,2016-05-04 17:45:00,5246.0,5244.0,5245.0,5244.0,5247.0,5245.0,5247.0,5245.0,28
2016-05-04 17:45:00,2016-05-04 17:46:00,5244.0,5246.0,5246.0,5244.0,5245.0,5247.0,5248.0,5245.0,18
2016-05-04 17:46:00,2016-05-04 17:47:00,5246.0,5246.0,5247.0,5245.0,5247.0,5248.0,5248.0,5246.0,21
2016-05-04 17:47:00,2016-05-04 17:48:00,5246.0,5246.0,5246.0,5245.0,5248.0,5247.0,5248.0,5247.0,7
2016-05-04 17:48:00,2016-05-04 17:50:00,5246.0,5248.0,5249.0,5246.0,5247.0,5249.0,5251.0,5248.0,16
2016-05-04 17:50:00,2016-05-04 17:51:00,5248.0,5247.0,5249.0,5247.0,5249.0,5248.0,5250.0,5248.0,8
2016-05-04 17:51:00,2016-05-04 17:52:00,5247.0,5246.0,5247.0,5246.0,5248.0,5248.0,5248.0,5247.0,5
2016-05-04 17:52:00,2016-05-04 17:53:00,5246.0,5246.0,5247.0,5246.0,5248.0,5247.0,5248.0,5247.0,3
2016-05-04 17:53:00,2016-05-04 17:54:00,5246.0,5246.0,5246.0,5245.0,5247.0,5247.0,5248.0,5246.0,8
2016-05-04 17:54:00,2016-05-04 17:59:00,5245.0,5243.0,5244.0,5243.0,5246.0,5245.0,5246.0,5244.0,11
2016-05-04 17:59:00,2016-05-04 18:00:00,5243.0,5241.0,5243.0,5241.0,5245.0,5242.0,5244.0,5242.0,9
2016-05-04 18:00:00,2016-05-04 18:01:00,5241.0,5243.0,5243.0,5241.0,5242.0,5244.0,5244.0,5242.0,6
2016-05-04 18:01:00,2016-05-04 18:02:00,5243.0,5242.0,5243.0,5242.0,5244.0,5243.0,5244.0,5243.0,8
2016-05-04 18:02:00,2016-05-04 18:03:00,5242.0,5243.0,5243.0,5241.0,5243.0,5244.0,5244.0,5242.0,6
2016-05-04 18:03:00,2016-05-04 18:04:00,5243.0,5242.0,5243.0,5241.0,5244.0,5243.0,5246.0,5243.0,7
2016-05-04 18:04:00,2016-05-04 18:06:00,5241.0,5240.0,5240.0,5239.0,5242.0,5241.0,5242.0,5241.0,4
2016-05-04 18:06:00,2016-05-04 18:07:00,5240.0,5241.0,5241.0,5240.0,5241.0,5242.0,5243.0,5242.0,8
2016-05-04 18:07:00,2016-05-04 18:10:00,5242.0,5242.0,5243.0,5241.0,5244.0,5244.0,5244.0,5242.0,14
2016-05-04 18:10:00,2016-05-04 18:12:00,5241.0,5241.0,5241.0,5241.0,5243.0,5242.0,5242.0,5242.0,1
2016-05-04 18:12:00,2016-05-04 18:14:00,5242.0,5242.0,5242.0,5241.0,5243.0,5244.0,5244.0,5242.0,5
2016-05-04 18:14:00,2016-05-04 18:16:00,5241.0,5241.0,5242.0,5241.0,5243.0,5243.0,5243.0,5243.0,2
2016-05-04 18:16:00,2016-05-04 18:17:00,5241.0,5243.0,5243.0,5241.0,5243.0,5244.0,5244.0,5243.0,7
2016-05-04 18:17:00,2016-05-04 18:18:00,5243.0,5243.0,5243.0,5243.0,5244.0,5245.0,5245.0,5245.0,1
2016-05-04 18:18:00,2016-05-04 18:19:00,5243.0,5244.0,5244.0,5242.0,5245.0,5246.0,5246.0,5244.0,7
2016-05-04 18:19:00,2016-05-04 18:20:00,5244.0,5243.0,5244.0,5243.0,5246.0,5244.0,5245.0,5244.0,3
2016-05-04 18:20:00,2016-05-04 18:22:00,5242.0,5245.0,5246.0,5243.0,5244.0,5247.0,5247.0,5244.0,12
2016-05-04 18:22:00,2016-05-04 18:23:00,5245.0,5247.0,5247.0,5244.0,5247.0,5248.0,5248.0,5246.0,13
2016-05-04 18:23:00,2016-05-04 18:24:00,5247.0,5245.0,5247.0,5245.0,5248.0,5247.0,5248.0,5246.0,15
2016-05-04 18:24:00,2016-05-04 18:25:00,5245.0,5247.0,5248.0,5246.0,5247.0,5249.0,5249.0,5247.0,12
2016-05-04 18:25:00,2016-05-04 18:26:00,5247.0,5247.0,5248.0,5247.0,5249.0,5248.0,5249.0,5248.0,9
2016-05-04 18:26:00,2016-05-04 18:28:00,5247.0,5247.0,5249.0,5247.0,5248.0,5248.0,5250.0,5248.0,12
2016-05-04 18:28:00,2016-05-04 18:29:00,5247.0,5248.0,5249.0,5247.0,5248.0,5250.0,5250.0,5249.0,7
2016-05-04 18:29:00,2016-05-04 18:30:00,5248.0,5249.0,5250.0,5247.0,5250.0,5251.0,5251.0,5249.0,18
2016-05-04 18:30:00,2016-05-04 18:31:00,5249.0,5249.0,5250.0,5249.0,5251.0,5251.0,5252.0,5250.0,8
2016-05-04 18:31:00,2016-05-04 18:32:00,5249.0,5250.0,5250.0,5249.0,5251.0,5252.0,5252.0,5251.0,8
2016-05-04 18:32:00,2016-05-04 18:35:00,5249.0,5251.0,5251.0,5249.0,5250.0,5252.0,5252.0,5251.0,4
2016-05-04 18:35:00,2016-05-04 18:38:00,5249.0,5249.0,5251.0,5249.0,5250.0,5251.0,5252.0,5251.0,13
2016-05-04 18:38:00,2016-05-04 18:39:00,5249.0,5250.0,5250.0,5250.0,5251.0,5251.0,5252.0,5251.0,3
2016-05-04 18:39:00,2016-05-04 18:40:00,5250.0,5249.0,5252.0,5249.0,5251.0,5250.0,5253.0,5250.0,14
2016-05-04 18:40:00,2016-05-04 18:42:00,5248.0,5249.0,5249.0,5247.0,5249.0,5251.0,5253.0,5250.0,6
2016-05-04 18:42:00,2016-05-04 18:43:00,5249.0,5248.0,5250.0,5248.0,5251.0,5249.0,5251.0,5249.0,1119
2016-05-04 18:43:00,2016-05-04 18:44:00,5248.0,5248.0,5248.0,5247.0,5249.0,5249.0,5249.0,5248.0,1110
2016-05-04 18:44:00,2016-05-04 18:45:00,5248.0,5249.0,5249.0,5246.0,5249.0,5250.0,5250.0,5248.0,60
2016-05-04 18:45:00,2016-05-04 18:53:00,5248.0,5251.0,5251.0,5248.0,5249.0,5252.0,5252.0,5250.0,10
2016-05-04 18:53:00,2016-05-04 18:54:00,5251.0,5248.0,5250.0,5248.0,5252.0,5250.0,5252.0,5249.0,13
2016-05-04 18:54:00,2016-05-04 18:55:00,5248.0,5249.0,5249.0,5247.0,5250.0,5250.0,5252.0,5249.0,6
2016-05-04 18:55:00,2016-05-04 18:56:00,5249.0,5248.0,5248.0,5248.0,5250.0,5249.0,5250.0,5249.0,4
2016-05-04 18:56:00,2016-05-04 18:57:00,5248.0,5247.0,5247.0,5246.0,5249.0,5248.0,5249.0,5248.0,4
2016-05-04 18:57:00,2016-05-04 19:01:00,5248.0,5248.0,5249.0,5248.0,5249.0,5250.0,5251.0,5249.0,7
2016-05-04 19:01:00,2016-05-04 19:02:00,5248.0,5248.0,5248.0,5248.0,5250.0,5249.0,5249.0,5249.0,1
2016-05-04 19:02:00,2016-05-04 19:05:00,5247.0,5247.0,5248.0,5247.0,5248.0,5248.0,5249.0,5248.0,4
2016-05-04 19:05:00,2016-05-04 19:06:00,5247.0,5247.0,5247.0,5247.0,5248.0,5248.0,5249.0,5248.0,2
2016-05-04 19:06:00,2016-05-04 19:08:00,5247.0,5248.0,5248.0,5245.0,5248.0,5249.0,5250.0,5248.0,4
2016-05-04 19:08:00,2016-05-04 19:09:00,5248.0,5249.0,5249.0,5248.0,5249.0,5250.0,5250.0,5250.0,6
2016-05-04 19:09:00,2016-05-04 19:12:00,5248.0,5248.0,5249.0,5248.0,5249.0,5250.0,5250.0,5250.0,3
2016-05-04 19:12:00,2016-05-04 19:13:00,5248.0,5249.0,5250.0,5249.0,5250.0,5251.0,5251.0,5250.0,4
2016-05-04 19:13:00,2016-05-04 19:14:00,5249.0,5252.0,5252.0,5249.0,5251.0,5254.0,5254.0,5250.0,22
2016-05-04 19:14:00,2016-05-04 19:15:00,5252.0,5253.0,5254.0,5252.0,5254.0,5254.0,5255.0,5253.0,11
2016-05-04 19:15:00,2016-05-04 19:19:00,5253.0,5253.0,5253.0,5252.0,5254.0,5254.0,5254.0,5253.0,8
2016-05-04 19:19:00,2016-05-04 19:20:00,5253.0,5253.0,5253.0,5252.0,5254.0,5254.0,5254.0,5254.0,2
2016-05-04 19:20:00,2016-05-04 19:21:00,5253.0,5255.0,5255.0,5251.0,5254.0,5256.0,5256.0,5254.0,11
2016-05-04 19:21:00,2016-05-04 19:22:00,5255.0,5256.0,5256.0,5254.0,5256.0,5257.0,5257.0,5255.0,14
2016-05-04 19:22:00,2016-05-04 19:23:00,5256.0,5256.0,5256.0,5255.0,5257.0,5257.0,5258.0,5257.0,4
2016-05-04 19:23:00,2016-05-04 19:24:00,5256.0,5257.0,5257.0,5256.0,5257.0,5258.0,5258.0,5258.0,6
2016-05-04 19:24:00,2016-05-04 19:25:00,5257.0,5256.0,5257.0,5256.0,5258.0,5257.0,5258.0,5257.0,10
2016-05-04 19:25:00,2016-05-04 19:26:00,5256.0,5255.0,5256.0,5255.0,5257.0,5257.0,5258.0,5256.0,5
2016-05-04 19:26:00,2016-05-04 19:27:00,5255.0,5256.0,5256.0,5256.0,5257.0,5258.0,5258.0,5257.0,6
2016-05-04 19:27:00,2016-05-04 19:28:00,5256.0,5255.0,5256.0,5255.0,5258.0,5256.0,5257.0,5256.0,3
2016-05-04 19:28:00,2016-05-04 19:29:00,5255.0,5255.0,5256.0,5254.0,5256.0,5256.0,5257.0,5255.0,10
2016-05-04 19:29:00,2016-05-04 19:30:00,5255.0,5256.0,5257.0,5255.0,5256.0,5257.0,5259.0,5257.0,10
2016-05-04 19:30:00,2016-05-04 19:32:00,5256.0,5258.0,5258.0,5256.0,5258.0,5259.0,5259.0,5257.0,7
2016-05-04 19:32:00,2016-05-04 19:33:00,5258.0,5258.0,5258.0,5256.0,5259.0,5259.0,5261.0,5259.0,5
2016-05-04 19:33:00,2016-05-04 19:34:00,5258.0,5258.0,5261.0,5258.0,5259.0,5259.0,5262.0,5259.0,69
2016-05-04 19:34:00,2016-05-04 19:35:00,5258.0,5258.0,5259.0,5258.0,5259.0,5260.0,5261.0,5259.0,25
2016-05-04 19:35:00,2016-05-04 19:36:00,5258.0,5257.0,5259.0,5257.0,5260.0,5259.0,5261.0,5259.0,10
2016-05-04 19:36:00,2016-05-04 19:37:00,5257.0,5255.0,5256.0,5255.0,5259.0,5257.0,5259.0,5256.0,8
2016-05-04 19:37:00,2016-05-04 19:38:00,5255.0,5256.0,5256.0,5255.0,5257.0,5258.0,5259.0,5256.0,13
2016-05-04 19:38:00,2016-05-04 19:39:00,5256.0,5257.0,5258.0,5256.0,5258.0,5258.0,5259.0,5258.0,5
2016-05-04 19:39:00,2016-05-04 19:40:00,5257.0,5258.0,5259.0,5257.0,5258.0,5260.0,5260.0,5259.0,22
2016-05-04 19:40:00,2016-05-04 19:41:00,5258.0,5258.0,5260.0,5258.0,5260.0,5259.0,5261.0,5259.0,56
2016-05-04 19:41:00,2016-05-04 19:42:00,5258.0,5258.0,5258.0,5257.0,5259.0,5260.0,5260.0,5258.0,7
2016-05-04 19:42:00,2016-05-04 19:43:00,5258.0,5258.0,5259.0,5258.0,5260.0,5260.0,5260.0,5259.0,14
2016-05-04 19:43:00,2016-05-04 19:44:00,5258.0,5258.0,5259.0,5258.0,5260.0,5260.0,5260.0,5259.0,6
2016-05-04 19:44:00,2016-05-04 19:46:00,5258.0,5258.0,5258.0,5257.0,5259.0,5260.0,5261.0,5260.0,3
2016-05-04 19:46:00,2016-05-04 19:47:00,5258.0,5258.0,5259.0,5258.0,5260.0,5260.0,5260.0,5259.0,8
2016-05-04 19:47:00,2016-05-04 19:48:00,5258.0,5257.0,5259.0,5257.0,5260.0,5261.0,5261.0,5260.0,3
2016-05-04 19:48:00,2016-05-04 19:49:00,5257.0,5257.0,5262.0,5257.0,5261.0,5261.0,5263.0,5259.0,36
2016-05-04 19:49:00,2016-05-04 19:50:00,5257.0,5256.0,5259.0,5256.0,5261.0,5258.0,5261.0,5258.0,13
2016-05-04 19:50:00,2016-05-04 19:51:00,5256.0,5256.0,5257.0,5256.0,5258.0,5259.0,5260.0,5259.0,5
2016-05-04 19:51:00,2016-05-04 19:53:00,5256.0,5257.0,5259.0,5257.0,5259.0,5259.0,5260.0,5259.0,7
2016-05-04 19:53:00,2016-05-04 19:54:00,5257.0,5258.0,5258.0,5257.0,5259.0,5260.0,5260.0,5260.0,2
2016-05-04 19:54:00,2016-05-04 19:55:00,5258.0,5256.0,5257.0,5256.0,5260.0,5258.0,5260.0,5258.0,5
2016-05-04 19:55:00,2016-05-04 19:56:00,5256.0,5258.0,5258.0,5257.0,5258.0,5259.0,5260.0,5258.0,9
2016-05-04 19:56:00,2016-05-04 19:57:00,5258.0,5259.0,5259.0,5258.0,5259.0,5260.0,5260.0,5259.0,30
2016-05-04 19:57:00,2016-05-04 19:59:00,5258.0,5256.0,5260.0,5256.0,5260.0,5258.0,5261.0,5258.0,26
2016-05-04 19:59:00,2016-05-04 20:00:00,5256.0,5254.0,5256.0,5254.0,5258.0,5260.0,5260.0,5257.0,6
2016-05-04 20:00:00,2016-05-04 20:01:00,5254.0,5256.0,5256.0,5255.0,5260.0,5260.0,5260.0,5260.0,4
2016-05-04 20:01:00,2016-05-04 20:02:00,5256.0,5259.0,5259.0,5257.0,5260.0,5260.0,5261.0,5260.0,5
2016-05-04 20:02:00,2016-05-04 20:04:00,5259.0,5257.0,5260.0,5257.0,5261.0,5262.0,5262.0,5261.0,5
2016-05-04 20:04:00,2016-05-04 20:05:00,5257.0,5259.0,5259.0,5258.0,5262.0,5263.0,5263.0,5262.0,3
2016-05-04 20:05:00,2016-05-04 20:06:00,5259.0,5258.0,5259.0,5258.0,5263.0,5261.0,5262.0,5261.0,3
2016-05-04 20:06:00,2016-05-04 20:07:00,5258.0,5258.0,5258.0,5258.0,5261.0,5260.0,5260.0,5260.0,1
2016-05-04 20:07:00,2016-05-04 20:10:00,5257.0,5258.0,5258.0,5258.0,5261.0,5260.0,5260.0,5260.0,1
2016-05-04 20:10:00,2016-05-04 20:12:00,5258.0,5258.0,5258.0,5256.0,5260.0,5260.0,5262.0,5260.0,4
2016-05-04 20:12:00,2016-05-04 20:14:00,5258.0,5258.0,5258.0,5256.0,5260.0,5260.0,5262.0,5260.0,3
2016-05-04 20:14:00,2016-05-04 20:15:00,5258.0,5255.0,5257.0,5254.0,5260.0,5259.0,5260.0,5259.0,6
2016-05-04 20:15:00,2016-05-04 20:16:00,5255.0,5255.0,5255.0,5255.0,5259.0,5257.0,5258.0,5257.0,2
2016-05-04 20:16:00,2016-05-04 20:18:00,5255.0,5255.0,5255.0,5254.0,5257.0,5260.0,5260.0,5258.0,2
2016-05-04 20:18:00,2016-05-04 20:21:00,5255.0,5256.0,5256.0,5256.0,5260.0,5260.0,5260.0,5260.0,1
2016-05-04 20:21:00,2016-05-04 20:23:00,5256.0,5261.0,5261.0,5254.0,5260.0,5262.0,5262.0,5260.0,7
2016-05-04 20:23:00,2016-05-04 20:24:00,5261.0,5260.0,5261.0,5260.0,5262.0,5264.0,5264.0,5263.0,2
2016-05-04 20:24:00,2016-05-04 20:25:00,5260.0,5257.0,5261.0,5257.0,5264.0,5261.0,5263.0,5261.0,5
2016-05-04 20:25:00,2016-05-04 20:26:00,5257.0,5257.0,5257.0,5257.0,5261.0,5261.0,5262.0,5261.0,4
2016-05-04 20:26:00,2016-05-04 20:27:00,5257.0,5255.0,5256.0,5254.0,5261.0,5260.0,5261.0,5257.0,8
2016-05-04 20:27:00,2016-05-04 20:33:00,5255.0,5255.0,5255.0,5253.0,5260.0,5260.0,5262.0,5260.0,3
2016-05-04 20:33:00,2016-05-04 20:35:00,5255.0,5256.0,5256.0,5253.0,5260.0,5260.0,5262.0,5260.0,3
2016-05-04 20:35:00,2016-05-04 20:36:00,5256.0,5256.0,5257.0,5256.0,5260.0,5260.0,5260.0,5260.0,2
2016-05-04 20:36:00,2016-05-04 20:37:00,5256.0,5257.0,5257.0,5255.0,5260.0,5261.0,5263.0,5261.0,4
2016-05-04 20:37:00,2016-05-04 20:39:00,5257.0,5256.0,5257.0,5256.0,5261.0,5261.0,5261.0,5259.0,5
2016-05-04 20:39:00,2016-05-04 20:40:00,5256.0,5257.0,5257.0,5257.0,5261.0,5260.0,5260.0,5260.0,1
2016-05-04 20:40:00,2016-05-04 20:41:00,5257.0,5258.0,5258.0,5258.0,5260.0,5260.0,5260.0,5260.0,1
2016-05-04 20:41:00,2016-05-04 20:48:00,5257.0,5259.0,5259.0,5258.0,5261.0,5260.0,5260.0,5260.0,2
2016-05-04 20:48:00,2016-05-04 20:50:00,5259.0,5258.0,5258.0,5258.0,5260.0,5261.0,5261.0,5261.0,1
2016-05-04 20:50:00,2016-05-04 20:55:00,5258.0,5257.0,5257.0,5257.0,5261.0,5260.0,5260.0,5260.0,1
2016-05-04 20:55:00,2016-05-04 20:56:00,5257.0,5257.0,5257.0,5257.0,5260.0,5259.0,5259.0,5259.0,1
2016-05-04 20:56:00,2016-05-04 20:59:00,5257.0,5256.0,5257.0,5256.0,5259.0,5259.0,5260.0,5259.0,3
2016-05-04 20:59:00,2016-05-04 21:00:00,5256.0,5255.0,5256.0,5255.0,5259.0,5262.0,5262.0,5260.0,3
2016-05-04 21:00:00,2016-05-04 23:50:00,5255.0,5267.0,5272.0,5255.0,5262.0,5269.0,5273.0,5256.0,242
2016-05-04 23:50:00,2016-05-04 23:51:00,5267.0,5270.0,5275.0,5267.0,5269.0,5271.0,5276.0,5268.0,110
2016-05-04 23:51:00,2016-05-04 23:52:00,5270.0,5265.0,5269.0,5265.0,5271.0,5266.0,5271.0,5266.0,19
2016-05-04 23:52:00,2016-05-04 23:53:00,5265.0,5266.0,5266.0,5264.0,5266.0,5267.0,5268.0,5265.0,32
2016-05-04 23:53:00,2016-05-04 23:54:00,5266.0,5263.0,5267.0,5263.0,5267.0,5264.0,5268.0,5264.0,43
2016-05-04 23:54:00,2016-05-04 23:55:00,5263.0,5263.0,5265.0,5261.0,5264.0,5264.0,5266.0,5262.0,32
2016-05-04 23:55:00,2016-05-04 23:56:00,5263.0,5261.0,5263.0,5261.0,5264.0,5262.0,5264.0,5262.0,10
2016-05-04 23:56:00,2016-05-04 23:57:00,5261.0,5261.0,5262.0,5260.0,5262.0,5262.0,5263.0,5261.0,22
2016-05-04 23:57:00,2016-05-04 23:59:00,5260.0,5259.0,5261.0,5258.0,5261.0,5260.0,5262.0,5259.0,30
2016-05-04 23:59:00,2016-05-05 00:00:00,5259.0,5263.0,5266.0,5259.0,5260.0,5265.0,5267.0,5260.0,128
2016-05-05 00:00:00,2016-05-05 00:01:00,5263.0,5271.0,5271.0,5263.0,5265.0,5272.0,5272.0,5264.0,97
2016-05-05 00:01:00,2016-05-05 00:02:00,5271.0,5273.0,5276.0,5265.0,5272.0,5274.0,5277.0,5266.0,136
2016-05-05 00:02:00,2016-05-05 00:03:00,5273.0,5273.0,5275.0,5270.0,5274.0,5275.0,5276.0,5271.0,71
2016-05-05 00:03:00,2016-05-05 00:04:00,5273.0,5274.0,5275.0,5272.0,5275.0,5275.0,5277.0,5273.0,52
2016-05-05 00:04:00,2016-05-05 00:05:00,5274.0,5271.0,5276.0,5271.0,5275.0,5272.0,5277.0,5272.0,67
2016-05-05 00:05:00,2016-05-05 00:06:00,5271.0,5267.0,5272.0,5265.0,5272.0,5268.0,5273.0,5266.0,60
2016-05-05 00:06:00,2016-05-05 00:07:00,5267.0,5273.0,5274.0,5266.0,5268.0,5275.0,5275.0,5267.0,91
2016-05-05 00:07:00,2016-05-05 00:08:00,5273.0,5272.0,5277.0,5271.0,5275.0,5274.0,5278.0,5272.0,76
2016-05-05 00:08:00,2016-05-05 00:09:00,5272.0,5269.0,5273.0,5268.0,5274.0,5270.0,5274.0,5269.0,89
2016-05-05 00:09:00,2016-05-05 00:10:00,5269.0,5268.0,5270.0,5266.0,5270.0,5269.0,5272.0,5267.0,64
2016-05-05 00:10:00,2016-05-05 00:11:00,5268.0,5266.0,5270.0,5266.0,5269.0,5267.0,5271.0,5267.0,40
2016-05-05 00:11:00,2016-05-05 00:12:00,5266.0,5269.0,5270.0,5263.0,5267.0,5270.0,5271.0,5264.0,57
2016-05-05 00:12:00,2016-05-05 00:13:00,5269.0,5270.0,5271.0,5267.0,5270.0,5271.0,5272.0,5268.0,56
2016-05-05 00:13:00,2016-05-05 00:14:00,5270.0,5269.0,5272.0,5269.0,5271.0,5270.0,5273.0,5270.0,52
2016-05-05 00:14:00,2016-05-05 00:15:00,5269.0,5269.0,5272.0,5268.0,5270.0,5270.0,5273.0,5269.0,62
2016-05-05 00:15:00,2016-05-05 00:16:00,5269.0,5268.0,5271.0,5267.0,5270.0,5269.0,5272.0,5269.0,42
2016-05-05 00:16:00,2016-05-05 00:17:00,5268.0,5272.0,5274.0,5266.0,5269.0,5273.0,5276.0,5267.0,90
2016-05-05 00:17:00,2016-05-05 00:18:00,5272.0,5286.0,5287.0,5272.0,5273.0,5287.0,5288.0,5274.0,115
2016-05-05 00:18:00,2016-05-05 00:19:00,5286.0,5293.0,5293.0,5285.0,5287.0,5294.0,5294.0,5286.0,90
2016-05-05 00:19:00,2016-05-05 00:20:00,5293.0,5293.0,5294.0,5290.0,5294.0,5295.0,5295.0,5291.0,73
2016-05-05 00:20:00,2016-05-05 00:21:00,5293.0,5290.0,5294.0,5285.0,5295.0,5291.0,5295.0,5286.0,69
2016-05-05 00:21:00,2016-05-05 00:22:00,5290.0,5287.0,5290.0,5286.0,5291.0,5289.0,5291.0,5287.0,47
2016-05-05 00:22:00,2016-05-05 00:23:00,5287.0,5287.0,5288.0,5285.0,5289.0,5289.0,5290.0,5286.0,59
2016-05-05 00:23:00,2016-05-05 00:24:00,5287.0,5288.0,5288.0,5285.0,5289.0,5289.0,5289.0,5286.0,35
2016-05-05 00:24:00,2016-05-05 00:25:00,5288.0,5284.0,5288.0,5283.0,5289.0,5285.0,5289.0,5284.0,58
2016-05-05 00:25:00,2016-05-05 00:26:00,5284.0,5286.0,5288.0,5283.0,5285.0,5287.0,5289.0,5284.0,36
2016-05-05 00:26:00,2016-05-05 00:27:00,5286.0,5282.0,5285.0,5282.0,5287.0,5283.0,5287.0,5283.0,54
2016-05-05 00:27:00,2016-05-05 00:28:00,5282.0,5280.0,5283.0,5280.0,5283.0,5281.0,5284.0,5281.0,28
2016-05-05 00:28:00,2016-05-05 00:29:00,5280.0,5275.0,5281.0,5275.0,5281.0,5276.0,5282.0,5276.0,36
2016-05-05 00:29:00,2016-05-05 00:30:00,5275.0,5275.0,5279.0,5275.0,5276.0,5277.0,5280.0,5276.0,51
2016-05-05 00:30:00,2016-05-05 00:31:00,5275.0,5274.0,5277.0,5273.0,5277.0,5275.0,5278.0,5275.0,61
2016-05-05 00:31:00,2016-05-05 00:32:00,5274.0,5272.0,5277.0,5270.0,5275.0,5273.0,5278.0,5271.0,46
2016-05-05 00:32:00,2016-05-05 00:33:00,5272.0,5267.0,5273.0,5266.0,5273.0,5268.0,5274.0,5267.0,45
2016-05-05 00:33:00,2016-05-05 00:34:00,5267.0,5272.0,5273.0,5267.0,5268.0,5273.0,5274.0,5269.0,46
2016-05-05 00:34:00,2016-05-05 00:36:00,5276.0,5280.0,5280.0,5274.0,5277.0,5281.0,5281.0,5275.0,40
2016-05-05 00:36:00,2016-05-05 00:37:00,5280.0,5277.0,5281.0,5277.0,5281.0,5278.0,5282.0,5278.0,53
2016-05-05 00:37:00,2016-05-05 00:38:00,5277.0,5274.0,5276.0,5274.0,5278.0,5275.0,5278.0,5275.0,22
2016-05-05 00:38:00,2016-05-05 00:39:00,5274.0,5272.0,5277.0,5272.0,5275.0,5273.0,5278.0,5273.0,44
2016-05-05 00:39:00,2016-05-05 00:40:00,5272.0,5272.0,5274.0,5270.0,5273.0,5274.0,5275.0,5271.0,62
2016-05-05 00:40:00,2016-05-05 00:41:00,5272.0,5271.0,5274.0,5269.0,5274.0,5272.0,5276.0,5270.0,55
2016-05-05 00:41:00,2016-05-05 00:42:00,5271.0,5272.0,5272.0,5269.0,5272.0,5273.0,5273.0,5270.0,42
2016-05-05 00:42:00,2016-05-05 00:43:00,5272.0,5271.0,5271.0,5270.0,5273.0,5272.0,5273.0,5271.0,26
2016-05-05 00:43:00,2016-05-05 00:44:00,5271.0,5275.0,5275.0,5269.0,5272.0,5276.0,5276.0,5270.0,52
2016-05-05 00:44:00,2016-05-05 00:45:00,5275.0,5270.0,5274.0,5269.0,5276.0,5271.0,5276.0,5271.0,26
2016-05-05 00:45:00,2016-05-05 00:46:00,5270.0,5266.0,5269.0,5265.0,5271.0,5267.0,5271.0,5266.0,28
2016-05-05 00:46:00,2016-05-05 00:47:00,5266.0,5264.0,5266.0,5262.0,5267.0,5265.0,5267.0,5263.0,46
2016-05-05 00:47:00,2016-05-05 00:48:00,5264.0,5266.0,5266.0,5263.0,5265.0,5267.0,5267.0,5264.0,28
2016-05-05 00:48:00,2016-05-05 00:49:00,5266.0,5266.0,5267.0,5263.0,5267.0,5267.0,5268.0,5264.0,52
2016-05-05 00:49:00,2016-05-05 00:50:00,5266.0,5269.0,5269.0,5264.0,5267.0,5270.0,5270.0,5266.0,34
2016-05-05 00:50:00,2016-05-05 00:51:00,5269.0,5269.0,5270.0,5268.0,5270.0,5271.0,5271.0,5269.0,21
2016-05-05 00:51:00,2016-05-05 00:52:00,5269.0,5269.0,5270.0,5268.0,5271.0,5270.0,5271.0,5269.0,17
2016-05-05 00:52:00,2016-05-05 00:53:00,5269.0,5273.0,5273.0,5269.0,5270.0,5274.0,5274.0,5271.0,26
2016-05-05 00:53:00,2016-05-05 00:54:00,5273.0,5275.0,5276.0,5273.0,5274.0,5277.0,5277.0,5275.0,13
2016-05-05 00:54:00,2016-05-05 00:55:00,5275.0,5279.0,5281.0,5276.0,5277.0,5281.0,5282.0,5277.0,46
2016-05-05 00:55:00,2016-05-05 00:57:00,5278.0,5276.0,5278.0,5276.0,5279.0,5278.0,5279.0,5277.0,19
2016-05-05 00:57:00,2016-05-05 00:58:00,5276.0,5273.0,5276.0,5273.0,5278.0,5274.0,5277.0,5274.0,27
2016-05-05 00:58:00,2016-05-05 00:59:00,5273.0,5275.0,5276.0,5273.0,5274.0,5276.0,5277.0,5275.0,22
2016-05-05 00:59:00,2016-05-05 01:00:00,5275.0,5272.0,5274.0,5272.0,5276.0,5273.0,5276.0,5273.0,16
2016-05-05 01:00:00,2016-05-05 01:01:00,5272.0,5274.0,5274.0,5272.0,5273.0,5275.0,5275.0,5274.0,20
2016-05-05 01:01:00,2016-05-05 01:02:00,5274.0,5276.0,5276.0,5273.0,5275.0,5277.0,5277.0,5275.0,10
2016-05-05 01:02:00,2016-05-05 01:03:00,5276.0,5277.0,5278.0,5276.0,5277.0,5278.0,5279.0,5277.0,18
2016-05-05 01:03:00,2016-05-05 01:05:00,5277.0,5279.0,5280.0,5277.0,5278.0,5280.0,5281.0,5279.0,44
2016-05-05 01:05:00,2016-05-05 01:06:00,5279.0,5282.0,5283.0,5279.0,5280.0,5283.0,5284.0,5281.0,30
2016-05-05 01:06:00,2016-05-05 01:07:00,5282.0,5284.0,5284.0,5280.0,5283.0,5285.0,5285.0,5281.0,18
2016-05-05 01:07:00,2016-05-05 01:08:00,5284.0,5284.0,5285.0,5283.0,5285.0,5285.0,5286.0,5284.0,16
2016-05-05 01:08:00,2016-05-05 01:09:00,5284.0,5283.0,5284.0,5282.0,5285.0,5284.0,5285.0,5283.0,14
2016-05-05 01:09:00,2016-05-05 01:10:00,5283.0,5282.0,5284.0,5282.0,5284.0,5283.0,5285.0,5283.0,14
2016-05-05 01:10:00,2016-05-05 01:11:00,5282.0,5285.0,5285.0,5281.0,5283.0,5286.0,5286.0,5282.0,30
2016-05-05 01:11:00,2016-05-05 01:12:00,5285.0,5282.0,5285.0,5282.0,5286.0,5283.0,5286.0,5283.0,18
2016-05-05 01:12:00,2016-05-05 01:13:00,5282.0,5281.0,5282.0,5279.0,5283.0,5283.0,5283.0,5281.0,15
2016-05-05 01:13:00,2016-05-05 01:14:00,5281.0,5282.0,5283.0,5281.0,5283.0,5284.0,5284.0,5282.0,16
2016-05-05 01:14:00,2016-05-05 01:15:00,5282.0,5282.0,5284.0,5282.0,5284.0,5283.0,5285.0,5283.0,23
2016-05-05 01:15:00,2016-05-05 01:16:00,5282.0,5279.0,5285.0,5279.0,5283.0,5281.0,5286.0,5281.0,41
2016-05-05 01:16:00,2016-05-05 01:17:00,5279.0,5283.0,5283.0,5279.0,5281.0,5284.0,5284.0,5280.0,25
2016-05-05 01:17:00,2016-05-05 01:18:00,5283.0,5284.0,5285.0,5283.0,5284.0,5285.0,5286.0,5284.0,14
2016-05-05 01:18:00,2016-05-05 01:19:00,5284.0,5283.0,5283.0,5281.0,5285.0,5284.0,5285.0,5282.0,20
2016-05-05 01:19:00,2016-05-05 01:21:00,5282.0,5279.0,5281.0,5279.0,5283.0,5280.0,5283.0,5280.0,28
2016-05-05 01:21:00,2016-05-05 01:22:00,5279.0,5278.0,5279.0,5277.0,5280.0,5279.0,5280.0,5278.0,24
2016-05-05 01:22:00,2016-05-05 01:23:00,5278.0,5279.0,5280.0,5277.0,5279.0,5280.0,5281.0,5279.0,17
2016-05-05 01:23:00,2016-05-05 01:25:00,5279.0,5277.0,5278.0,5276.0,5280.0,5279.0,5280.0,5277.0,23
2016-05-05 01:25:00,2016-05-05 01:26:00,5277.0,5278.0,5279.0,5277.0,5279.0,5280.0,5280.0,5279.0,6
2016-05-05 01:26:00,2016-05-05 01:27:00,5278.0,5279.0,5280.0,5277.0,5280.0,5280.0,5281.0,5278.0,17
2016-05-05 01:27:00,2016-05-05 01:28:00,5279.0,5281.0,5281.0,5279.0,5280.0,5282.0,5282.0,5281.0,6
2016-05-05 01:28:00,2016-05-05 01:29:00,5281.0,5280.0,5281.0,5280.0,5282.0,5282.0,5282.0,5281.0,23
2016-05-05 01:29:00,2016-05-05 01:30:00,5280.0,5282.0,5284.0,5280.0,5282.0,5283.0,5285.0,5283.0,24
2016-05-05 01:30:00,2016-05-05 01:31:00,5282.0,5281.0,5282.0,5280.0,5283.0,5282.0,5283.0,5281.0,24
2016-05-05 01:31:00,2016-05-05 01:32:00,5281.0,5285.0,5286.0,5280.0,5282.0,5287.0,5287.0,5281.0,23
2016-05-05 01:32:00,2016-05-05 01:33:00,5285.0,5288.0,5290.0,5285.0,5287.0,5289.0,5291.0,5286.0,59
2016-05-05 01:33:00,2016-05-05 01:34:00,5288.0,5288.0,5289.0,5288.0,5289.0,5290.0,5290.0,5289.0,31
2016-05-05 01:34:00,2016-05-05 01:35:00,5288.0,5288.0,5289.0,5286.0,5290.0,5289.0,5290.0,5287.0,21
2016-05-05 01:35:00,2016-05-05 01:37:00,5287.0,5288.0,5288.0,5285.0,5288.0,5289.0,5289.0,5286.0,18
2016-05-05 01:37:00,2016-05-05 01:38:00,5288.0,5287.0,5288.0,5287.0,5289.0,5288.0,5289.0,5288.0,36
2016-05-05 01:38:00,2016-05-05 01:39:00,5287.0,5288.0,5289.0,5286.0,5288.0,5290.0,5290.0,5287.0,33
2016-05-05 01:39:00,2016-05-05 01:40:00,5288.0,5288.0,5289.0,5287.0,5290.0,5289.0,5290.0,5288.0,13
2016-05-05 01:40:00,2016-05-05 01:42:00,5289.0,5289.0,5291.0,5288.0,5290.0,5290.0,5293.0,5289.0,18
2016-05-05 01:42:00,2016-05-05 01:44:00,5289.0,5289.0,5290.0,5289.0,5291.0,5290.0,5291.0,5290.0,15
2016-05-05 01:44:00,2016-05-05 01:45:00,5289.0,5289.0,5289.0,5286.0,5290.0,5290.0,5290.0,5287.0,34
2016-05-05 01:45:00,2016-05-05 01:47:00,5288.0,5287.0,5287.0,5286.0,5289.0,5288.0,5289.0,5287.0,16
2016-05-05 01:47:00,2016-05-05 01:48:00,5287.0,5286.0,5287.0,5286.0,5288.0,5287.0,5288.0,5287.0,30
2016-05-05 01:48:00,2016-05-05 01:49:00,5286.0,5285.0,5286.0,5284.0,5287.0,5286.0,5287.0,5285.0,14
2016-05-05 01:49:00,2016-05-05 01:50:00,5285.0,5287.0,5287.0,5285.0,5286.0,5288.0,5288.0,5286.0,16
2016-05-05 01:50:00,2016-05-05 01:51:00,5287.0,5291.0,5292.0,5286.0,5288.0,5292.0,5293.0,5287.0,24
2016-05-05 01:51:00,2016-05-05 01:52:00,5291.0,5289.0,5290.0,5287.0,5292.0,5290.0,5292.0,5288.0,24
2016-05-05 01:52:00,2016-05-05 01:56:00,5290.0,5291.0,5292.0,5290.0,5291.0,5292.0,5293.0,5291.0,34
2016-05-05 01:56:00,2016-05-05 01:57:00,5291.0,5289.0,5291.0,5288.0,5292.0,5290.0,5292.0,5289.0,46
2016-05-05 01:57:00,2016-05-05 01:59:00,5288.0,5285.0,5287.0,5285.0,5289.0,5287.0,5289.0,5287.0,9
2016-05-05 01:59:00,2016-05-05 02:00:00,5285.0,5288.0,5288.0,5286.0,5287.0,5289.0,5289.0,5287.0,11
2016-05-05 02:00:00,2016-05-05 02:01:00,5288.0,5285.0,5290.0,5285.0,5289.0,5286.0,5291.0,5286.0,30
2016-05-05 02:01:00,2016-05-05 02:02:00,5285.0,5282.0,5286.0,5282.0,5286.0,5283.0,5287.0,5283.0,20
2016-05-05 02:02:00,2016-05-05 02:03:00,5282.0,5280.0,5283.0,5279.0,5283.0,5281.0,5284.0,5280.0,20
2016-05-05 02:03:00,2016-05-05 02:05:00,5281.0,5278.0,5280.0,5278.0,5282.0,5279.0,5282.0,5279.0,12
2016-05-05 02:05:00,2016-05-05 02:06:00,5278.0,5279.0,5280.0,5278.0,5279.0,5280.0,5281.0,5279.0,16
2016-05-05 02:06:00,2016-05-05 02:08:00,5279.0,5277.0,5278.0,5275.0,5280.0,5278.0,5280.0,5276.0,18
2016-05-05 02:08:00,2016-05-05 02:09:00,5277.0,5277.0,5279.0,5277.0,5278.0,5278.0,5280.0,5278.0,14
2016-05-05 02:09:00,2016-05-05 02:10:00,5277.0,5278.0,5279.0,5277.0,5278.0,5279.0,5280.0,5279.0,8
2016-05-05 02:10:00,2016-05-05 02:11:00,5278.0,5277.0,5277.0,5276.0,5279.0,5278.0,5279.0,5277.0,10
2016-05-05 02:11:00,2016-05-05 02:13:00,5278.0,5283.0,5283.0,5278.0,5279.0,5284.0,5284.0,5280.0,30
2016-05-05 02:13:00,2016-05-05 02:14:00,5283.0,5282.0,5283.0,5280.0,5284.0,5283.0,5284.0,5281.0,16
2016-05-05 02:14:00,2016-05-05 02:15:00,5282.0,5285.0,5285.0,5281.0,5283.0,5286.0,5286.0,5282.0,32
2016-05-05 02:15:00,2016-05-05 02:16:00,5285.0,5284.0,5288.0,5284.0,5286.0,5285.0,5290.0,5285.0,52
2016-05-05 02:16:00,2016-05-05 02:17:00,5284.0,5285.0,5286.0,5284.0,5285.0,5287.0,5287.0,5286.0,25
2016-05-05 02:17:00,2016-05-05 02:19:00,5286.0,5279.0,5285.0,5276.0,5287.0,5280.0,5287.0,5278.0,28
2016-05-05 02:19:00,2016-05-05 02:20:00,5279.0,5280.0,5283.0,5279.0,5280.0,5282.0,5284.0,5280.0,37
2016-05-05 02:20:00,2016-05-05 02:21:00,5280.0,5277.0,5281.0,5277.0,5282.0,5279.0,5282.0,5278.0,30
2016-05-05 02:21:00,2016-05-05 02:22:00,5277.0,5278.0,5278.0,5276.0,5279.0,5279.0,5279.0,5278.0,11
2016-05-05 02:22:00,2016-05-05 02:23:00,5278.0,5276.0,5278.0,5276.0,5279.0,5277.0,5279.0,5277.0,6
2016-05-05 02:23:00,2016-05-05 02:27:00,5276.0,5273.0,5276.0,5273.0,5277.0,5275.0,5277.0,5274.0,35
2016-05-05 02:27:00,2016-05-05 02:28:00,5273.0,5273.0,5275.0,5273.0,5275.0,5275.0,5276.0,5274.0,18
2016-05-05 02:28:00,2016-05-05 02:29:00,5273.0,5276.0,5277.0,5271.0,5275.0,5277.0,5278.0,5273.0,29
2016-05-05 02:29:00,2016-05-05 02:30:00,5276.0,5276.0,5277.0,5276.0,5277.0,5277.0,5278.0,5277.0,10
2016-05-05 02:30:00,2016-05-05 02:31:00,5276.0,5273.0,5275.0,5273.0,5277.0,5274.0,5277.0,5274.0,8
2016-05-05 02:31:00,2016-05-05 02:32:00,5273.0,5273.0,5274.0,5272.0,5274.0,5275.0,5275.0,5273.0,19
2016-05-05 02:32:00,2016-05-05 02:33:00,5273.0,5274.0,5275.0,5273.0,5275.0,5275.0,5276.0,5274.0,15
2016-05-05 02:33:00,2016-05-05 02:36:00,5274.0,5275.0,5277.0,5274.0,5275.0,5276.0,5278.0,5276.0,24
2016-05-05 02:36:00,2016-05-05 02:37:00,5275.0,5273.0,5276.0,5273.0,5276.0,5274.0,5277.0,5274.0,16
2016-05-05 02:37:00,2016-05-05 02:38:00,5273.0,5274.0,5274.0,5273.0,5274.0,5275.0,5275.0,5274.0,12
2016-05-05 02:38:00,2016-05-05 02:40:00,5275.0,5273.0,5276.0,5273.0,5276.0,5275.0,5277.0,5274.0,17
2016-05-05 02:40:00,2016-05-05 02:41:00,5273.0,5273.0,5274.0,5273.0,5275.0,5274.0,5275.0,5274.0,9
2016-05-05 02:41:00,2016-05-05 02:42:00,5273.0,5271.0,5273.0,5271.0,5274.0,5272.0,5274.0,5272.0,28
2016-05-05 02:42:00,2016-05-05 02:43:00,5271.0,5274.0,5274.0,5271.0,5272.0,5275.0,5275.0,5273.0,8
2016-05-05 02:43:00,2016-05-05 02:45:00,5273.0,5272.0,5274.0,5272.0,5274.0,5273.0,5275.0,5273.0,8
2016-05-05 02:45:00,2016-05-05 02:50:00,5272.0,5272.0,5272.0,5271.0,5273.0,5273.0,5273.0,5272.0,10
2016-05-05 02:50:00,2016-05-05 02:52:00,5273.0,5274.0,5275.0,5273.0,5274.0,5276.0,5276.0,5274.0,23
2016-05-05 02:52:00,2016-05-05 02:53:00,5274.0,5275.0,5276.0,5274.0,5276.0,5276.0,5277.0,5275.0,25
2016-05-05 02:53:00,2016-05-05 02:54:00,5275.0,5274.0,5274.0,5274.0,5276.0,5275.0,5276.0,5275.0,4
2016-05-05 02:54:00,2016-05-05 02:55:00,5274.0,5273.0,5274.0,5272.0,5275.0,5274.0,5275.0,5273.0,16
2016-05-05 02:55:00,2016-05-05 02:58:00,5274.0,5275.0,5276.0,5274.0,5275.0,5276.0,5278.0,5276.0,16
2016-05-05 02:58:00,2016-05-05 02:59:00,5275.0,5273.0,5275.0,5272.0,5276.0,5274.0,5276.0,5273.0,24
2016-05-05 02:59:00,2016-05-05 03:00:00,5273.0,5274.0,5274.0,5273.0,5274.0,5275.0,5275.0,5274.0,18
2016-05-05 03:00:00,2016-05-05 03:01:00,5274.0,5274.0,5276.0,5274.0,5275.0,5275.0,5277.0,5275.0,18
2016-05-05 03:01:00,2016-05-05 03:03:00,5274.0,5273.0,5273.0,5272.0,5275.0,5274.0,5275.0,5273.0,10
2016-05-05 03:03:00,2016-05-05 03:06:00,5273.0,5273.0,5273.0,5271.0,5274.0,5274.0,5275.0,5273.0,18
2016-05-05 03:06:00,2016-05-05 03:07:00,5273.0,5273.0,5274.0,5273.0,5274.0,5274.0,5275.0,5274.0,6
2016-05-05 03:07:00,2016-05-05 03:08:00,5273.0,5271.0,5273.0,5271.0,5274.0,5272.0,5274.0,5272.0,18
2016-05-05 03:08:00,2016-05-05 03:09:00,5271.0,5273.0,5273.0,5271.0,5272.0,5274.0,5274.0,5273.0,10
2016-05-05 03:09:00,2016-05-05 03:10:00,5273.0,5271.0,5272.0,5270.0,5274.0,5272.0,5274.0,5271.0,18
2016-05-05 03:10:00,2016-05-05 03:11:00,5271.0,5270.0,5270.0,5269.0,5272.0,5271.0,5272.0,5270.0,6
2016-05-05 03:11:00,2016-05-05 03:12:00,5270.0,5269.0,5270.0,5269.0,5271.0,5271.0,5271.0,5270.0,7
2016-05-05 03:12:00,2016-05-05 03:13:00,5269.0,5270.0,5270.0,5269.0,5271.0,5271.0,5271.0,5270.0,7
2016-05-05 03:13:00,2016-05-05 03:14:00,5270.0,5269.0,5270.0,5269.0,5271.0,5271.0,5271.0,5270.0,13
2016-05-05 03:14:00,2016-05-05 03:16:00,5269.0,5270.0,5271.0,5269.0,5270.0,5272.0,5272.0,5271.0,5
2016-05-05 03:16:00,2016-05-05 03:18:00,5270.0,5269.0,5270.0,5269.0,5271.0,5271.0,5271.0,5270.0,5
2016-05-05 03:18:00,2016-05-05 03:19:00,5269.0,5268.0,5269.0,5268.0,5271.0,5269.0,5270.0,5269.0,7
2016-05-05 03:19:00,2016-05-05 03:21:00,5268.0,5269.0,5269.0,5268.0,5269.0,5270.0,5270.0,5270.0,6
2016-05-05 03:21:00,2016-05-05 03:24:00,5271.0,5268.0,5271.0,5268.0,5272.0,5269.0,5272.0,5269.0,26
2016-05-05 03:24:00,2016-05-05 03:25:00,5268.0,5268.0,5269.0,5267.0,5269.0,5269.0,5270.0,5268.0,8
2016-05-05 03:25:00,2016-05-05 03:28:00,5267.0,5267.0,5267.0,5264.0,5268.0,5268.0,5268.0,5265.0,16
2016-05-05 03:28:00,2016-05-05 03:30:00,5267.0,5266.0,5267.0,5266.0,5268.0,5267.0,5268.0,5267.0,4
2016-05-05 03:30:00,2016-05-05 03:31:00,5266.0,5265.0,5265.0,5264.0,5267.0,5266.0,5267.0,5265.0,6
2016-05-05 03:31:00,2016-05-05 03:32:00,5265.0,5267.0,5268.0,5265.0,5266.0,5269.0,5269.0,5267.0,13
2016-05-05 03:32:00,2016-05-05 03:33:00,5267.0,5266.0,5267.0,5265.0,5269.0,5267.0,5268.0,5266.0,19
2016-05-05 03:33:00,2016-05-05 03:35:00,5266.0,5266.0,5267.0,5265.0,5267.0,5267.0,5268.0,5266.0,8
2016-05-05 03:35:00,2016-05-05 03:36:00,5266.0,5263.0,5265.0,5263.0,5267.0,5265.0,5267.0,5264.0,7
2016-05-05 03:36:00,2016-05-05 03:38:00,5264.0,5264.0,5265.0,5264.0,5265.0,5266.0,5266.0,5265.0,7
2016-05-05 03:38:00,2016-05-05 03:39:00,5264.0,5266.0,5266.0,5265.0,5266.0,5267.0,5267.0,5266.0,13
2016-05-05 03:39:00,2016-05-05 03:42:00,5266.0,5268.0,5268.0,5266.0,5267.0,5269.0,5269.0,5268.0,8
2016-05-05 03:42:00,2016-05-05 03:43:00,5268.0,5267.0,5269.0,5266.0,5269.0,5268.0,5270.0,5267.0,18
2016-05-05 03:43:00,2016-05-05 03:44:00,5267.0,5267.0,5268.0,5265.0,5268.0,5268.0,5269.0,5266.0,16
2016-05-05 03:44:00,2016-05-05 03:45:00,5267.0,5266.0,5267.0,5265.0,5268.0,5267.0,5268.0,5266.0,22
2016-05-05 03:45:00,2016-05-05 03:46:00,5266.0,5266.0,5267.0,5265.0,5267.0,5267.0,5268.0,5266.0,24
2016-05-05 03:46:00,2016-05-05 03:47:00,5266.0,5265.0,5266.0,5265.0,5267.0,5266.0,5267.0,5266.0,16
2016-05-05 03:47:00,2016-05-05 03:48:00,5265.0,5262.0,5264.0,5259.0,5266.0,5264.0,5266.0,5260.0,43
2016-05-05 03:48:00,2016-05-05 03:49:00,5262.0,5262.0,5263.0,5262.0,5264.0,5263.0,5264.0,5263.0,11
2016-05-05 03:49:00,2016-05-05 03:50:00,5262.0,5261.0,5263.0,5261.0,5263.0,5262.0,5264.0,5262.0,10
2016-05-05 03:50:00,2016-05-05 03:53:00,5262.0,5262.0,5263.0,5262.0,5263.0,5264.0,5264.0,5264.0,11
2016-05-05 03:53:00,2016-05-05 03:54:00,5262.0,5262.0,5263.0,5262.0,5264.0,5263.0,5264.0,5263.0,9
2016-05-05 03:54:00,2016-05-05 03:55:00,5262.0,5263.0,5263.0,5261.0,5263.0,5265.0,5265.0,5262.0,9
2016-05-05 03:55:00,2016-05-05 03:56:00,5263.0,5263.0,5264.0,5263.0,5265.0,5264.0,5265.0,5264.0,11
2016-05-05 03:56:00,2016-05-05 03:57:00,5263.0,5262.0,5263.0,5261.0,5264.0,5263.0,5264.0,5263.0,12
2016-05-05 03:57:00,2016-05-05 03:58:00,5262.0,5262.0,5262.0,5261.0,5263.0,5263.0,5263.0,5262.0,6
2016-05-05 03:58:00,2016-05-05 03:59:00,5262.0,5260.0,5261.0,5260.0,5263.0,5262.0,5263.0,5261.0,23
2016-05-05 03:59:00,2016-05-05 04:00:00,5260.0,5258.0,5260.0,5257.0,5262.0,5260.0,5262.0,5259.0,54
2016-05-05 04:00:00,2016-05-05 04:01:00,5258.0,5257.0,5258.0,5257.0,5260.0,5259.0,5259.0,5258.0,10
2016-05-05 04:01:00,2016-05-05 04:02:00,5257.0,5257.0,5258.0,5256.0,5259.0,5258.0,5259.0,5258.0,13
2016-05-05 04:02:00,2016-05-05 04:03:00,5257.0,5260.0,5260.0,5257.0,5258.0,5261.0,5262.0,5259.0,24
2016-05-05 04:03:00,2016-05-05 04:04:00,5260.0,5259.0,5260.0,5258.0,5261.0,5261.0,5261.0,5260.0,9
2016-05-05 04:04:00,2016-05-05 04:05:00,5259.0,5261.0,5261.0,5259.0,5261.0,5262.0,5262.0,5261.0,11
2016-05-05 04:05:00,2016-05-05 04:06:00,5261.0,5263.0,5263.0,5261.0,5262.0,5264.0,5264.0,5263.0,10
2016-05-05 04:06:00,2016-05-05 04:07:00,5263.0,5265.0,5266.0,5263.0,5264.0,5266.0,5267.0,5264.0,30
2016-05-05 04:07:00,2016-05-05 04:08:00,5265.0,5265.0,5266.0,5265.0,5266.0,5266.0,5267.0,5266.0,14
2016-05-05 04:08:00,2016-05-05 04:09:00,5265.0,5263.0,5266.0,5263.0,5266.0,5265.0,5268.0,5264.0,13
2016-05-05 04:09:00,2016-05-05 04:10:00,5263.0,5262.0,5263.0,5261.0,5265.0,5263.0,5264.0,5262.0,17
2016-05-05 04:10:00,2016-05-05 04:11:00,5262.0,5263.0,5263.0,5261.0,5263.0,5264.0,5264.0,5263.0,8
2016-05-05 04:11:00,2016-05-05 04:12:00,5263.0,5259.0,5262.0,5259.0,5264.0,5261.0,5264.0,5261.0,9
2016-05-05 04:12:00,2016-05-05 04:13:00,5259.0,5261.0,5261.0,5259.0,5261.0,5262.0,5262.0,5260.0,11
2016-05-05 04:13:00,2016-05-05 04:14:00,5261.0,5259.0,5260.0,5259.0,5262.0,5260.0,5262.0,5260.0,4
2016-05-05 04:14:00,2016-05-05 04:15:00,5259.0,5258.0,5259.0,5258.0,5260.0,5259.0,5261.0,5259.0,8
2016-05-05 04:15:00,2016-05-05 04:16:00,5258.0,5258.0,5258.0,5256.0,5259.0,5259.0,5259.0,5257.0,20
2016-05-05 04:16:00,2016-05-05 04:17:00,5258.0,5258.0,5259.0,5258.0,5259.0,5260.0,5260.0,5259.0,13
2016-05-05 04:17:00,2016-05-05 04:18:00,5258.0,5258.0,5259.0,5258.0,5260.0,5259.0,5260.0,5259.0,15
2016-05-05 04:18:00,2016-05-05 04:19:00,5258.0,5255.0,5257.0,5252.0,5259.0,5256.0,5259.0,5253.0,39
2016-05-05 04:19:00,2016-05-05 04:20:00,5255.0,5254.0,5255.0,5253.0,5256.0,5256.0,5257.0,5254.0,32
2016-05-05 04:20:00,2016-05-05 04:21:00,5254.0,5255.0,5256.0,5253.0,5256.0,5257.0,5257.0,5254.0,18
2016-05-05 04:21:00,2016-05-05 04:22:00,5255.0,5255.0,5256.0,5255.0,5257.0,5257.0,5257.0,5256.0,10
2016-05-05 04:22:00,2016-05-05 04:23:00,5255.0,5256.0,5258.0,5256.0,5257.0,5258.0,5259.0,5257.0,41
2016-05-05 04:23:00,2016-05-05 04:24:00,5256.0,5256.0,5256.0,5254.0,5258.0,5257.0,5257.0,5255.0,19
2016-05-05 04:24:00,2016-05-05 04:25:00,5256.0,5255.0,5256.0,5254.0,5257.0,5256.0,5257.0,5256.0,8
2016-05-05 04:25:00,2016-05-05 04:26:00,5255.0,5255.0,5256.0,5255.0,5256.0,5256.0,5257.0,5256.0,8
2016-05-05 04:26:00,2016-05-05 04:27:00,5255.0,5253.0,5255.0,5253.0,5256.0,5257.0,5257.0,5255.0,10
2016-05-05 04:27:00,2016-05-05 04:28:00,5253.0,5254.0,5255.0,5254.0,5257.0,5255.0,5256.0,5255.0,14
2016-05-05 04:28:00,2016-05-05 04:30:00,5254.0,5252.0,5253.0,5250.0,5255.0,5253.0,5255.0,5251.0,38
2016-05-05 04:30:00,2016-05-05 04:31:00,5252.0,5253.0,5253.0,5251.0,5253.0,5254.0,5254.0,5252.0,22
2016-05-05 04:31:00,2016-05-05 04:32:00,5253.0,5253.0,5255.0,5252.0,5254.0,5254.0,5256.0,5253.0,26
2016-05-05 04:32:00,2016-05-05 04:34:00,5252.0,5254.0,5255.0,5253.0,5254.0,5255.0,5256.0,5254.0,19
2016-05-05 04:34:00,2016-05-05 04:35:00,5254.0,5251.0,5253.0,5251.0,5255.0,5252.0,5255.0,5252.0,16
2016-05-05 04:35:00,2016-05-05 04:36:00,5251.0,5251.0,5251.0,5250.0,5252.0,5252.0,5252.0,5251.0,8
2016-05-05 04:36:00,2016-05-05 04:37:00,5251.0,5249.0,5250.0,5249.0,5252.0,5250.0,5252.0,5250.0,6
2016-05-05 04:37:00,2016-05-05 04:38:00,5249.0,5248.0,5250.0,5248.0,5250.0,5250.0,5252.0,5249.0,30
2016-05-05 04:38:00,2016-05-05 04:39:00,5248.0,5251.0,5251.0,5248.0,5250.0,5252.0,5252.0,5249.0,11
2016-05-05 04:39:00,2016-05-05 04:40:00,5251.0,5251.0,5253.0,5250.0,5252.0,5252.0,5254.0,5252.0,14
2016-05-05 04:40:00,2016-05-05 04:42:00,5252.0,5253.0,5255.0,5251.0,5253.0,5254.0,5256.0,5252.0,30
2016-05-05 04:42:00,2016-05-05 04:43:00,5253.0,5253.0,5254.0,5253.0,5254.0,5254.0,5255.0,5254.0,4
2016-05-05 04:43:00,2016-05-05 04:44:00,5253.0,5253.0,5254.0,5252.0,5254.0,5254.0,5255.0,5253.0,23
2016-05-05 04:44:00,2016-05-05 04:46:00,5253.0,5253.0,5253.0,5252.0,5254.0,5254.0,5254.0,5253.0,12
2016-05-05 04:46:00,2016-05-05 04:47:00,5253.0,5256.0,5256.0,5253.0,5254.0,5257.0,5258.0,5255.0,8
2016-05-05 04:47:00,2016-05-05 04:48:00,5256.0,5255.0,5257.0,5255.0,5257.0,5257.0,5258.0,5256.0,13
2016-05-05 04:48:00,2016-05-05 04:49:00,5255.0,5255.0,5255.0,5254.0,5257.0,5256.0,5256.0,5255.0,7
2016-05-05 04:49:00,2016-05-05 04:50:00,5255.0,5255.0,5256.0,5254.0,5256.0,5257.0,5258.0,5257.0,7
2016-05-05 04:50:00,2016-05-05 04:51:00,5255.0,5255.0,5256.0,5255.0,5257.0,5256.0,5257.0,5256.0,5
2016-05-05 04:51:00,2016-05-05 04:52:00,5255.0,5256.0,5256.0,5254.0,5256.0,5257.0,5259.0,5257.0,5
2016-05-05 04:52:00,2016-05-05 04:53:00,5256.0,5258.0,5258.0,5256.0,5257.0,5259.0,5259.0,5258.0,18
2016-05-05 04:53:00,2016-05-05 04:54:00,5258.0,5259.0,5260.0,5257.0,5259.0,5261.0,5261.0,5258.0,41
2016-05-05 04:54:00,2016-05-05 04:55:00,5259.0,5258.0,5260.0,5258.0,5261.0,5259.0,5261.0,5259.0,7
2016-05-05 04:55:00,2016-05-05 04:56:00,5258.0,5259.0,5259.0,5258.0,5259.0,5260.0,5260.0,5259.0,16
2016-05-05 04:56:00,2016-05-05 04:58:00,5258.0,5259.0,5259.0,5258.0,5260.0,5260.0,5260.0,5259.0,13
2016-05-05 04:58:00,2016-05-05 04:59:00,5259.0,5261.0,5262.0,5259.0,5260.0,5263.0,5263.0,5261.0,21
2016-05-05 04:59:00,2016-05-05 05:00:00,5261.0,5262.0,5262.0,5261.0,5263.0,5263.0,5263.0,5262.0,19
2016-05-05 05:00:00,2016-05-05 05:01:00,5262.0,5265.0,5265.0,5262.0,5263.0,5266.0,5266.0,5263.0,20
2016-05-05 05:01:00,2016-05-05 05:02:00,5265.0,5266.0,5268.0,5265.0,5266.0,5267.0,5269.0,5267.0,19
2016-05-05 05:02:00,2016-05-05 05:03:00,5266.0,5266.0,5266.0,5265.0,5267.0,5267.0,5268.0,5266.0,8
2016-05-05 05:03:00,2016-05-05 05:04:00,5266.0,5273.0,5273.0,5266.0,5267.0,5274.0,5274.0,5268.0,28
2016-05-05 05:04:00,2016-05-05 05:05:00,5273.0,5271.0,5273.0,5270.0,5274.0,5273.0,5274.0,5271.0,23
2016-05-05 05:05:00,2016-05-05 05:06:00,5271.0,5269.0,5272.0,5269.0,5273.0,5271.0,5273.0,5271.0,10
2016-05-05 05:06:00,2016-05-05 05:07:00,5269.0,5267.0,5269.0,5266.0,5271.0,5268.0,5270.0,5267.0,21
2016-05-05 05:07:00,2016-05-05 05:08:00,5267.0,5268.0,5269.0,5267.0,5268.0,5270.0,5271.0,5268.0,25
2016-05-05 05:08:00,2016-05-05 05:09:00,5268.0,5267.0,5269.0,5267.0,5270.0,5268.0,5270.0,5268.0,9
2016-05-05 05:09:00,2016-05-05 05:10:00,5267.0,5269.0,5270.0,5267.0,5268.0,5270.0,5271.0,5269.0,18
2016-05-05 05:10:00,2016-05-05 05:11:00,5269.0,5271.0,5271.0,5268.0,5270.0,5272.0,5272.0,5269.0,36
2016-05-05 05:11:00,2016-05-05 05:12:00,5271.0,5269.0,5271.0,5269.0,5272.0,5270.0,5272.0,5270.0,14
2016-05-05 05:12:00,2016-05-05 05:15:00,5269.0,5268.0,5270.0,5267.0,5270.0,5269.0,5271.0,5268.0,22
2016-05-05 05:15:00,2016-05-05 05:17:00,5269.0,5270.0,5270.0,5268.0,5270.0,5271.0,5273.0,5270.0,14
2016-05-05 05:17:00,2016-05-05 05:21:00,5271.0,5268.0,5270.0,5267.0,5272.0,5269.0,5272.0,5269.0,32
2016-05-05 05:21:00,2016-05-05 05:22:00,5268.0,5269.0,5269.0,5267.0,5269.0,5270.0,5270.0,5268.0,32
2016-05-05 05:22:00,2016-05-05 05:24:00,5268.0,5271.0,5271.0,5268.0,5269.0,5272.0,5272.0,5269.0,16
2016-05-05 05:24:00,2016-05-05 05:26:00,5270.0,5271.0,5271.0,5270.0,5271.0,5272.0,5272.0,5271.0,18
2016-05-05 05:26:00,2016-05-05 05:27:00,5271.0,5270.0,5271.0,5269.0,5272.0,5271.0,5272.0,5271.0,6
2016-05-05 05:27:00,2016-05-05 05:29:00,5270.0,5269.0,5269.0,5266.0,5271.0,5270.0,5272.0,5268.0,44
2016-05-05 05:29:00,2016-05-05 05:31:00,5269.0,5268.0,5268.0,5267.0,5270.0,5269.0,5270.0,5268.0,8
2016-05-05 05:31:00,2016-05-05 05:34:00,5270.0,5270.0,5271.0,5270.0,5271.0,5271.0,5272.0,5271.0,12
2016-05-05 05:34:00,2016-05-05 05:35:00,5270.0,5272.0,5272.0,5270.0,5271.0,5273.0,5273.0,5271.0,26
2016-05-05 05:35:00,2016-05-05 05:36:00,5272.0,5271.0,5273.0,5271.0,5273.0,5272.0,5274.0,5272.0,22
2016-05-05 05:36:00,2016-05-05 05:39:00,5273.0,5275.0,5275.0,5273.0,5274.0,5276.0,5276.0,5274.0,22
2016-05-05 05:39:00,2016-05-05 05:40:00,5275.0,5278.0,5279.0,5275.0,5276.0,5279.0,5280.0,5276.0,62
2016-05-05 05:40:00,2016-05-05 05:41:00,5278.0,5277.0,5278.0,5276.0,5279.0,5278.0,5279.0,5277.0,10
2016-05-05 05:41:00,2016-05-05 05:42:00,5277.0,5276.0,5277.0,5275.0,5278.0,5277.0,5280.0,5276.0,11
2016-05-05 05:42:00,2016-05-05 05:44:00,5276.0,5274.0,5277.0,5274.0,5277.0,5276.0,5278.0,5275.0,55
2016-05-05 05:44:00,2016-05-05 05:45:00,5274.0,5275.0,5276.0,5273.0,5276.0,5276.0,5277.0,5274.0,27
2016-05-05 05:45:00,2016-05-05 05:46:00,5275.0,5274.0,5275.0,5273.0,5276.0,5275.0,5276.0,5274.0,32
2016-05-05 05:46:00,2016-05-05 05:47:00,5274.0,5276.0,5276.0,5273.0,5275.0,5277.0,5277.0,5274.0,24
2016-05-05 05:47:00,2016-05-05 05:48:00,5276.0,5274.0,5275.0,5274.0,5277.0,5275.0,5277.0,5275.0,26
2016-05-05 05:48:00,2016-05-05 05:49:00,5274.0,5276.0,5276.0,5274.0,5275.0,5277.0,5277.0,5276.0,14
2016-05-05 05:49:00,2016-05-05 05:50:00,5276.0,5275.0,5276.0,5275.0,5277.0,5277.0,5277.0,5276.0,15
2016-05-05 05:50:00,2016-05-05 05:51:00,5275.0,5272.0,5275.0,5272.0,5277.0,5273.0,5277.0,5273.0,19
2016-05-05 05:51:00,2016-05-05 05:52:00,5272.0,5273.0,5273.0,5271.0,5273.0,5274.0,5276.0,5273.0,20
2016-05-05 05:52:00,2016-05-05 05:53:00,5273.0,5271.0,5273.0,5271.0,5274.0,5273.0,5274.0,5272.0,19
2016-05-05 05:53:00,2016-05-05 05:54:00,5271.0,5274.0,5274.0,5271.0,5273.0,5275.0,5276.0,5273.0,12
2016-05-05 05:54:00,2016-05-05 05:55:00,5274.0,5275.0,5276.0,5274.0,5275.0,5276.0,5277.0,5275.0,30
2016-05-05 05:55:00,2016-05-05 05:58:00,5275.0,5273.0,5274.0,5273.0,5276.0,5274.0,5276.0,5274.0,8
2016-05-05 05:58:00,2016-05-05 05:59:00,5273.0,5272.0,5273.0,5271.0,5274.0,5273.0,5274.0,5272.0,20
2016-05-05 05:59:00,2016-05-05 06:00:00,5272.0,5275.0,5276.0,5271.0,5273.0,5276.0,5277.0,5272.0,54
2016-05-05 06:00:00,2016-05-05 06:02:00,5275.0,5271.0,5275.0,5271.0,5276.0,5273.0,5276.0,5273.0,19
2016-05-05 06:02:00,2016-05-05 06:03:00,5271.0,5271.0,5272.0,5270.0,5273.0,5272.0,5273.0,5271.0,31
2016-05-05 06:03:00,2016-05-05 06:04:00,5271.0,5270.0,5270.0,5269.0,5272.0,5271.0,5272.0,5270.0,18
2016-05-05 06:04:00,2016-05-05 06:05:00,5270.0,5273.0,5273.0,5270.0,5271.0,5274.0,5274.0,5272.0,20
2016-05-05 06:05:00,2016-05-05 06:06:00,5273.0,5272.0,5274.0,5272.0,5274.0,5273.0,5275.0,5273.0,10
2016-05-05 06:06:00,2016-05-05 06:07:00,5272.0,5274.0,5274.0,5271.0,5273.0,5275.0,5275.0,5272.0,30
2016-05-05 06:07:00,2016-05-05 06:08:00,5274.0,5275.0,5276.0,5272.0,5275.0,5276.0,5277.0,5273.0,38
2016-05-05 06:08:00,2016-05-05 06:09:00,5275.0,5279.0,5280.0,5274.0,5276.0,5280.0,5281.0,5275.0,50
2016-05-05 06:09:00,2016-05-05 06:10:00,5279.0,5275.0,5279.0,5275.0,5280.0,5276.0,5280.0,5276.0,60
2016-05-05 06:10:00,2016-05-05 06:11:00,5275.0,5275.0,5276.0,5274.0,5276.0,5277.0,5277.0,5276.0,19
2016-05-05 06:11:00,2016-05-05 06:12:00,5275.0,5278.0,5278.0,5275.0,5277.0,5279.0,5279.0,5276.0,19
2016-05-05 06:12:00,2016-05-05 06:13:00,5278.0,5279.0,5280.0,5278.0,5279.0,5281.0,5281.0,5279.0,13
2016-05-05 06:13:00,2016-05-05 06:14:00,5279.0,5278.0,5280.0,5278.0,5281.0,5280.0,5281.0,5279.0,18
2016-05-05 06:14:00,2016-05-05 06:15:00,5278.0,5280.0,5280.0,5278.0,5280.0,5281.0,5281.0,5279.0,15
2016-05-05 06:15:00,2016-05-05 06:16:00,5280.0,5281.0,5281.0,5279.0,5281.0,5283.0,5283.0,5280.0,7
2016-05-05 06:16:00,2016-05-05 06:17:00,5281.0,5283.0,5283.0,5280.0,5283.0,5284.0,5284.0,5282.0,15
2016-05-05 06:17:00,2016-05-05 06:18:00,5283.0,5284.0,5284.0,5282.0,5284.0,5285.0,5285.0,5283.0,30
2016-05-05 06:18:00,2016-05-05 06:19:00,5284.0,5284.0,5285.0,5281.0,5285.0,5285.0,5287.0,5284.0,16
2016-05-05 06:19:00,2016-05-05 06:20:00,5284.0,5285.0,5286.0,5283.0,5285.0,5286.0,5287.0,5284.0,20
2016-05-05 06:20:00,2016-05-05 06:22:00,5287.0,5286.0,5287.0,5286.0,5288.0,5287.0,5288.0,5287.0,6
2016-05-05 06:22:00,2016-05-05 06:23:00,5286.0,5286.0,5287.0,5286.0,5287.0,5287.0,5288.0,5287.0,10
2016-05-05 06:23:00,2016-05-05 06:24:00,5286.0,5287.0,5288.0,5286.0,5287.0,5289.0,5289.0,5288.0,21
2016-05-05 06:24:00,2016-05-05 06:25:00,5287.0,5287.0,5288.0,5287.0,5289.0,5289.0,5289.0,5288.0,12
2016-05-05 06:25:00,2016-05-05 06:27:00,5288.0,5288.0,5289.0,5288.0,5289.0,5289.0,5290.0,5289.0,12
2016-05-05 06:27:00,2016-05-05 06:28:00,5288.0,5289.0,5289.0,5287.0,5289.0,5290.0,5290.0,5288.0,28
2016-05-05 06:28:00,2016-05-05 06:29:00,5289.0,5289.0,5289.0,5287.0,5290.0,5290.0,5292.0,5289.0,26
2016-05-05 06:29:00,2016-05-05 06:31:00,5289.0,5288.0,5288.0,5288.0,5290.0,5291.0,5291.0,5291.0,1
2016-05-05 06:31:00,2016-05-05 07:12:00,5288.0,5286.5,5286.5,5285.5,5291.0,5288.5,5288.5,5287.5,5
2016-05-05 07:12:00,2016-05-05 07:13:00,5286.5,5285.0,5287.0,5285.0,5288.5,5286.0,5288.0,5286.0,25
2016-05-05 07:13:00,2016-05-05 07:14:00,5285.0,5284.0,5285.0,5284.0,5286.0,5285.0,5287.0,5285.0,13
2016-05-05 07:14:00,2016-05-05 07:15:00,5284.0,5286.0,5286.0,5283.0,5285.0,5286.0,5286.0,5284.0,17
2016-05-05 07:15:00,2016-05-05 07:16:00,5286.0,5288.0,5289.0,5286.0,5286.0,5289.0,5290.0,5286.0,13
2016-05-05 07:16:00,2016-05-05 07:17:00,5288.0,5287.0,5287.0,5286.0,5289.0,5288.0,5289.0,5286.0,4
2016-05-05 07:17:00,2016-05-05 07:18:00,5287.0,5286.0,5286.0,5286.0,5288.0,5288.0,5288.0,5286.0,6
2016-05-05 07:18:00,2016-05-05 07:19:00,5286.0,5287.0,5287.0,5286.0,5288.0,5288.0,5288.0,5287.0,5
2016-05-05 07:19:00,2016-05-05 07:21:00,5286.0,5282.0,5285.0,5282.0,5287.0,5283.0,5287.0,5283.0,26
2016-05-05 07:21:00,2016-05-05 07:22:00,5282.0,5277.0,5281.0,5277.0,5283.0,5278.0,5285.0,5278.0,68
2016-05-05 07:22:00,2016-05-05 07:23:00,5277.0,5277.0,5278.0,5276.0,5278.0,5278.0,5279.0,5278.0,12
2016-05-05 07:23:00,2016-05-05 07:24:00,5277.0,5278.0,5278.0,5274.0,5278.0,5279.0,5279.0,5277.0,25
2016-05-05 07:24:00,2016-05-05 07:25:00,5278.0,5276.0,5279.0,5276.0,5279.0,5278.0,5280.0,5277.0,31
2016-05-05 07:25:00,2016-05-05 07:26:00,5276.0,5279.0,5279.0,5276.0,5278.0,5281.0,5281.0,5277.0,20
2016-05-05 07:26:00,2016-05-05 07:27:00,5279.0,5279.0,5280.0,5279.0,5281.0,5281.0,5282.0,5280.0,14
2016-05-05 07:27:00,2016-05-05 07:28:00,5279.0,5283.0,5283.0,5280.0,5281.0,5284.0,5284.0,5281.0,9
2016-05-05 07:28:00,2016-05-05 07:29:00,5283.0,5283.0,5283.0,5281.0,5284.0,5284.0,5285.0,5282.0,14
2016-05-05 07:29:00,2016-05-05 07:30:00,5283.0,5281.0,5284.0,5281.0,5284.0,5283.0,5285.0,5282.0,21
2016-05-05 07:30:00,2016-05-05 07:32:00,5280.0,5281.0,5282.0,5279.0,5281.0,5283.0,5283.0,5280.0,21
2016-05-05 07:32:00,2016-05-05 07:33:00,5281.0,5283.0,5283.0,5282.0,5283.0,5284.0,5285.0,5283.0,11
2016-05-05 07:33:00,2016-05-05 07:34:00,5283.0,5282.0,5283.0,5282.0,5284.0,5283.0,5285.0,5283.0,18
2016-05-05 07:34:00,2016-05-05 07:35:00,5282.0,5279.0,5282.0,5278.0,5283.0,5281.0,5283.0,5280.0,21
2016-05-05 07:35:00,2016-05-05 07:36:00,5279.0,5279.0,5280.0,5277.0,5281.0,5282.0,5282.0,5278.0,28
2016-05-05 07:36:00,2016-05-05 07:37:00,5279.0,5283.0,5283.0,5280.0,5282.0,5285.0,5285.0,5281.0,10
2016-05-05 07:37:00,2016-05-05 07:39:00,5283.0,5283.0,5284.0,5282.0,5285.0,5285.0,5287.0,5284.0,21
2016-05-05 07:39:00,2016-05-05 07:40:00,5283.0,5283.0,5284.0,5282.0,5285.0,5285.0,5285.0,5284.0,12
2016-05-05 07:40:00,2016-05-05 07:41:00,5283.0,5283.0,5285.0,5283.0,5285.0,5285.0,5286.0,5285.0,6
2016-05-05 07:41:00,2016-05-05 07:42:00,5283.0,5284.0,5285.0,5284.0,5285.0,5286.0,5287.0,5285.0,8
2016-05-05 07:42:00,2016-05-05 07:43:00,5284.0,5283.0,5285.0,5282.0,5286.0,5284.0,5286.0,5284.0,7
2016-05-05 07:43:00,2016-05-05 07:44:00,5283.0,5283.0,5283.0,5281.0,5284.0,5284.0,5285.0,5282.0,16
2016-05-05 07:44:00,2016-05-05 07:45:00,5283.0,5282.0,5283.0,5281.0,5284.0,5283.0,5285.0,5283.0,24
2016-05-05 07:45:00,2016-05-05 07:47:00,5282.0,5281.0,5281.0,5280.0,5283.0,5282.0,5283.0,5282.0,4
2016-05-05 07:47:00,2016-05-05 07:48:00,5281.0,5282.0,5282.0,5279.0,5282.0,5284.0,5284.0,5281.0,17
2016-05-05 07:48:00,2016-05-05 07:49:00,5282.0,5282.0,5283.0,5281.0,5284.0,5284.0,5285.0,5284.0,6
2016-05-05 07:49:00,2016-05-05 07:50:00,5282.0,5281.0,5282.0,5280.0,5284.0,5282.0,5284.0,5282.0,9
2016-05-05 07:50:00,2016-05-05 07:51:00,5281.0,5278.0,5282.0,5277.0,5282.0,5279.0,5283.0,5278.0,40
2016-05-05 07:51:00,2016-05-05 07:52:00,5278.0,5279.0,5279.0,5277.0,5279.0,5280.0,5283.0,5280.0,24
2016-05-05 07:52:00,2016-05-05 07:53:00,5279.0,5280.0,5280.0,5279.0,5280.0,5282.0,5282.0,5280.0,11
2016-05-05 07:53:00,2016-05-05 07:54:00,5280.0,5279.0,5281.0,5279.0,5282.0,5281.0,5282.0,5281.0,8
2016-05-05 07:54:00,2016-05-05 07:55:00,5279.0,5280.0,5280.0,5279.0,5281.0,5282.0,5282.0,5280.0,6
2016-05-05 07:55:00,2016-05-05 07:56:00,5280.0,5282.0,5282.0,5281.0,5282.0,5283.0,5284.0,5282.0,8
2016-05-05 07:56:00,2016-05-05 07:57:00,5282.0,5281.0,5282.0,5281.0,5283.0,5283.0,5283.0,5283.0,3
2016-05-05 07:57:00,2016-05-05 07:58:00,5281.0,5280.0,5281.0,5280.0,5283.0,5282.0,5282.0,5282.0,2
2016-05-05 07:58:00,2016-05-05 07:59:00,5280.0,5279.0,5280.0,5279.0,5282.0,5282.0,5282.0,5282.0,3
2016-05-05 07:59:00,2016-05-05 08:00:00,5279.0,5276.0,5279.0,5276.0,5282.0,5278.0,5281.0,5278.0,22
2016-05-05 08:00:00,2016-05-05 08:02:00,5276.0,5276.0,5276.0,5275.0,5278.0,5277.0,5278.0,5277.0,3
2016-05-05 08:02:00,2016-05-05 08:03:00,5276.0,5277.0,5277.0,5276.0,5277.0,5279.0,5279.0,5277.0,9
2016-05-05 08:03:00,2016-05-05 08:04:00,5277.0,5280.0,5280.0,5277.0,5279.0,5281.0,5281.0,5278.0,15
2016-05-05 08:04:00,2016-05-05 08:05:00,5280.0,5281.0,5281.0,5278.0,5281.0,5282.0,5283.0,5280.0,17
2016-05-05 08:05:00,2016-05-05 08:06:00,5281.0,5283.0,5284.0,5280.0,5282.0,5284.0,5285.0,5281.0,56
2016-05-05 08:06:00,2016-05-05 08:07:00,5283.0,5282.0,5282.0,5281.0,5284.0,5283.0,5284.0,5283.0,6
2016-05-05 08:07:00,2016-05-05 08:08:00,5282.0,5283.0,5283.0,5280.0,5283.0,5284.0,5284.0,5281.0,24
2016-05-05 08:08:00,2016-05-05 08:09:00,5283.0,5283.0,5284.0,5283.0,5284.0,5285.0,5285.0,5284.0,9
2016-05-05 08:09:00,2016-05-05 08:10:00,5283.0,5282.0,5283.0,5281.0,5285.0,5283.0,5285.0,5283.0,13
2016-05-05 08:10:00,2016-05-05 08:11:00,5282.0,5282.0,5282.0,5281.0,5283.0,5283.0,5283.0,5283.0,8
2016-05-05 08:11:00,2016-05-05 08:12:00,5282.0,5282.0,5282.0,5281.0,5283.0,5283.0,5283.0,5283.0,14
2016-05-05 08:12:00,2016-05-05 08:13:00,5282.0,5282.0,5283.0,5281.0,5283.0,5283.0,5284.0,5282.0,8
2016-05-05 08:13:00,2016-05-05 08:14:00,5282.0,5282.0,5283.0,5281.0,5283.0,5283.0,5284.0,5283.0,8
2016-05-05 08:14:00,2016-05-05 08:15:00,5282.0,5280.0,5282.0,5279.0,5283.0,5281.0,5283.0,5280.0,24
2016-05-05 08:15:00,2016-05-05 08:16:00,5280.0,5279.0,5280.0,5278.0,5281.0,5281.0,5281.0,5280.0,23
2016-05-05 08:16:00,2016-05-05 08:17:00,5279.0,5281.0,5281.0,5279.0,5281.0,5283.0,5283.0,5280.0,6
2016-05-05 08:17:00,2016-05-05 08:18:00,5281.0,5281.0,5281.0,5279.0,5283.0,5282.0,5284.0,5280.0,14
2016-05-05 08:18:00,2016-05-05 08:19:00,5281.0,5280.0,5282.0,5280.0,5282.0,5282.0,5283.0,5282.0,11
2016-05-05 08:19:00,2016-05-05 08:23:00,5280.0,5280.0,5281.0,5280.0,5282.0,5282.0,5282.0,5282.0,4
2016-05-05 08:23:00,2016-05-05 08:24:00,5280.0,5281.0,5281.0,5280.0,5282.0,5283.0,5283.0,5283.0,2
2016-05-05 08:24:00,2016-05-05 08:25:00,5281.0,5285.0,5286.0,5281.0,5283.0,5286.0,5287.0,5284.0,20
2016-05-05 08:25:00,2016-05-05 08:26:00,5285.0,5287.0,5288.0,5285.0,5286.0,5289.0,5289.0,5287.0,19
2016-05-05 08:26:00,2016-05-05 08:27:00,5287.0,5287.0,5289.0,5287.0,5289.0,5289.0,5290.0,5289.0,12
2016-05-05 08:27:00,2016-05-05 08:29:00,5287.0,5286.0,5286.0,5285.0,5289.0,5288.0,5289.0,5286.0,11
2016-05-05 08:29:00,2016-05-05 08:30:00,5286.0,5285.0,5287.0,5284.0,5288.0,5286.0,5289.0,5286.0,19
2016-05-05 08:30:00,2016-05-05 08:31:00,5285.0,5284.0,5285.0,5284.0,5286.0,5286.0,5286.0,5286.0,5
2016-05-05 08:31:00,2016-05-05 08:32:00,5284.0,5287.0,5287.0,5284.0,5286.0,5288.0,5288.0,5286.0,17
2016-05-05 08:32:00,2016-05-05 08:33:00,5287.0,5286.0,5287.0,5285.0,5288.0,5287.0,5289.0,5286.0,32
2016-05-05 08:33:00,2016-05-05 08:34:00,5286.0,5286.0,5286.0,5285.0,5287.0,5287.0,5288.0,5286.0,22
2016-05-05 08:34:00,2016-05-05 08:35:00,5286.0,5286.0,5287.0,5285.0,5287.0,5288.0,5288.0,5286.0,33
2016-05-05 08:35:00,2016-05-05 08:37:00,5287.0,5287.0,5289.0,5287.0,5289.0,5289.0,5290.0,5288.0,15
2016-05-05 08:37:00,2016-05-05 08:38:00,5287.0,5287.0,5288.0,5286.0,5289.0,5288.0,5290.0,5288.0,19
2016-05-05 08:38:00,2016-05-05 08:39:00,5287.0,5286.0,5287.0,5286.0,5288.0,5288.0,5288.0,5287.0,21
2016-05-05 08:39:00,2016-05-05 08:40:00,5286.0,5286.0,5287.0,5286.0,5288.0,5288.0,5288.0,5287.0,22
2016-05-05 08:40:00,2016-05-05 08:41:00,5286.0,5287.0,5287.0,5285.0,5288.0,5288.0,5289.0,5288.0,7
2016-05-05 08:41:00,2016-05-05 08:42:00,5287.0,5286.0,5287.0,5286.0,5288.0,5288.0,5288.0,5288.0,7
2016-05-05 08:42:00,2016-05-05 08:43:00,5286.0,5287.0,5288.0,5286.0,5288.0,5289.0,5290.0,5288.0,13
2016-05-05 08:43:00,2016-05-05 08:44:00,5287.0,5287.0,5288.0,5287.0,5289.0,5288.0,5290.0,5288.0,9
2016-05-05 08:44:00,2016-05-05 08:45:00,5287.0,5287.0,5287.0,5286.0,5288.0,5289.0,5289.0,5287.0,5
2016-05-05 08:45:00,2016-05-05 08:46:00,5287.0,5287.0,5287.0,5286.0,5289.0,5288.0,5288.0,5288.0,3
2016-05-05 08:46:00,2016-05-05 08:48:00,5288.0,5287.0,5287.0,5286.0,5289.0,5288.0,5289.0,5288.0,6
2016-05-05 08:48:00,2016-05-05 08:52:00,5287.0,5287.0,5288.0,5287.0,5289.0,5289.0,5289.0,5289.0,8
2016-05-05 08:52:00,2016-05-05 08:53:00,5287.0,5288.0,5288.0,5287.0,5289.0,5289.0,5289.0,5289.0,13
2016-05-05 08:53:00,2016-05-05 08:54:00,5288.0,5288.0,5288.0,5286.0,5289.0,5289.0,5289.0,5288.0,10
2016-05-05 08:54:00,2016-05-05 08:56:00,5288.0,5287.0,5287.0,5285.0,5289.0,5288.0,5290.0,5288.0,7
2016-05-05 08:56:00,2016-05-05 09:01:00,5288.0,5286.0,5287.0,5286.0,5289.0,5287.0,5289.0,5287.0,12
2016-05-05 09:01:00,2016-05-05 09:04:00,5285.0,5286.0,5286.0,5285.0,5287.0,5287.0,5287.0,5286.0,3
2016-05-05 09:04:00,2016-05-05 09:05:00,5286.0,5285.0,5285.0,5284.0,5287.0,5286.0,5287.0,5286.0,4
2016-05-05 09:05:00,2016-05-05 09:07:00,5284.0,5283.0,5284.0,5283.0,5285.0,5285.0,5286.0,5285.0,13
2016-05-05 09:07:00,2016-05-05 09:09:00,5284.0,5283.0,5283.0,5283.0,5286.0,5287.0,5287.0,5287.0,1
2016-05-05 09:09:00,2016-05-05 09:10:00,5283.0,5284.0,5284.0,5284.0,5287.0,5286.0,5286.0,5286.0,1
2016-05-05 09:10:00,2016-05-05 09:14:00,5283.0,5285.0,5286.0,5284.0,5285.0,5286.0,5287.0,5285.0,12
2016-05-05 09:14:00,2016-05-05 09:15:00,5285.0,5283.0,5284.0,5283.0,5286.0,5285.0,5286.0,5285.0,9
2016-05-05 09:15:00,2016-05-05 09:20:00,5284.0,5283.0,5284.0,5283.0,5285.0,5285.0,5286.0,5285.0,12
2016-05-05 09:20:00,2016-05-05 09:21:00,5283.0,5283.0,5284.0,5283.0,5285.0,5284.0,5286.0,5284.0,11
2016-05-05 09:21:00,2016-05-05 09:22:00,5283.0,5284.0,5284.0,5281.0,5284.0,5285.0,5286.0,5284.0,17
2016-05-05 09:22:00,2016-05-05 09:23:00,5284.0,5283.0,5284.0,5283.0,5285.0,5285.0,5285.0,5285.0,13
2016-05-05 09:23:00,2016-05-05 09:29:00,5282.0,5283.0,5283.0,5282.0,5283.0,5284.0,5285.0,5284.0,16
2016-05-05 09:29:00,2016-05-05 09:30:00,5283.0,5281.0,5283.0,5281.0,5284.0,5283.0,5284.0,5283.0,57
2016-05-05 09:30:00,2016-05-05 09:32:00,5281.0,5281.0,5281.0,5280.0,5283.0,5282.0,5283.0,5282.0,5
2016-05-05 09:32:00,2016-05-05 09:33:00,5281.0,5280.0,5281.0,5280.0,5282.0,5281.0,5283.0,5281.0,6
2016-05-05 09:33:00,2016-05-05 09:34:00,5280.0,5280.0,5281.0,5280.0,5281.0,5282.0,5282.0,5282.0,13
2016-05-05 09:34:00,2016-05-05 09:35:00,5280.0,5280.0,5281.0,5279.0,5282.0,5282.0,5283.0,5281.0,17
2016-05-05 09:35:00,2016-05-05 09:36:00,5280.0,5280.0,5280.0,5279.0,5282.0,5281.0,5282.0,5280.0,14
2016-05-05 09:36:00,2016-05-05 09:37:00,5280.0,5280.0,5280.0,5279.0,5281.0,5282.0,5282.0,5281.0,5
2016-05-05 09:37:00,2016-05-05 09:42:00,5278.0,5278.0,5278.0,5277.0,5280.0,5280.0,5280.0,5279.0,8
2016-05-05 09:42:00,2016-05-05 09:45:00,5278.0,5277.0,5278.0,5277.0,5280.0,5280.0,5280.0,5279.0,2
2016-05-05 09:45:00,2016-05-05 09:46:00,5277.0,5279.0,5279.0,5278.0,5280.0,5280.0,5281.0,5279.0,5
2016-05-05 09:46:00,2016-05-05 09:48:00,5279.0,5279.0,5279.0,5277.0,5280.0,5280.0,5282.0,5280.0,5
2016-05-05 09:48:00,2016-05-05 09:49:00,5279.0,5278.0,5278.0,5278.0,5280.0,5280.0,5280.0,5279.0,7
2016-05-05 09:49:00,2016-05-05 09:50:00,5278.0,5276.0,5278.0,5276.0,5280.0,5278.0,5280.0,5277.0,32
2016-05-05 09:50:00,2016-05-05 09:51:00,5276.0,5274.0,5277.0,5274.0,5278.0,5276.0,5278.0,5276.0,52
2016-05-05 09:51:00,2016-05-05 09:52:00,5274.0,5275.0,5277.0,5275.0,5276.0,5277.0,5278.0,5276.0,28
2016-05-05 09:52:00,2016-05-05 09:53:00,5275.0,5275.0,5275.0,5274.0,5277.0,5276.0,5277.0,5275.0,8
2016-05-05 09:53:00,2016-05-05 09:54:00,5275.0,5273.0,5274.0,5273.0,5276.0,5275.0,5276.0,5274.0,7
2016-05-05 09:54:00,2016-05-05 09:55:00,5273.0,5274.0,5274.0,5273.0,5275.0,5275.0,5276.0,5274.0,31
2016-05-05 09:55:00,2016-05-05 09:56:00,5274.0,5273.0,5274.0,5273.0,5275.0,5275.0,5275.0,5275.0,9
2016-05-05 09:56:00,2016-05-05 09:57:00,5273.0,5274.0,5274.0,5273.0,5275.0,5275.0,5275.0,5275.0,11
2016-05-05 09:57:00,2016-05-05 09:58:00,5274.0,5274.0,5276.0,5273.0,5275.0,5276.0,5277.0,5275.0,23
2016-05-05 09:58:00,2016-05-05 09:59:00,5274.0,5274.0,5274.0,5273.0,5276.0,5275.0,5275.0,5275.0,5
2016-05-05 09:59:00,2016-05-05 10:00:00,5274.0,5274.0,5274.0,5273.0,5275.0,5275.0,5276.0,5275.0,24
2016-05-05 10:00:00,2016-05-05 10:01:00,5274.0,5273.0,5274.0,5271.0,5275.0,5274.0,5277.0,5274.0,44
2016-05-05 10:01:00,2016-05-05 10:02:00,5273.0,5273.0,5273.0,5272.0,5274.0,5274.0,5275.0,5274.0,20
2016-05-05 10:02:00,2016-05-05 10:03:00,5273.0,5273.0,5274.0,5273.0,5274.0,5275.0,5275.0,5274.0,15
2016-05-05 10:03:00,2016-05-05 10:04:00,5273.0,5274.0,5274.0,5273.0,5275.0,5275.0,5275.0,5274.0,31
2016-05-05 10:04:00,2016-05-05 10:05:00,5274.0,5275.0,5275.0,5274.0,5275.0,5276.0,5276.0,5275.0,4
2016-05-05 10:05:00,2016-05-05 10:06:00,5275.0,5274.0,5275.0,5274.0,5276.0,5275.0,5276.0,5275.0,12
2016-05-05 10:06:00,2016-05-05 10:07:00,5274.0,5274.0,5274.0,5274.0,5275.0,5276.0,5276.0,5275.0,13
2016-05-05 10:07:00,2016-05-05 10:09:00,5274.0,5272.0,5274.0,5272.0,5275.0,5273.0,5275.0,5273.0,10
2016-05-05 10:09:00,2016-05-05 10:10:00,5272.0,5271.0,5272.0,5271.0,5273.0,5272.0,5274.0,5272.0,4
2016-05-05 10:10:00,2016-05-05 10:11:00,5271.0,5271.0,5272.0,5271.0,5272.0,5273.0,5274.0,5273.0,7
2016-05-05 10:11:00,2016-05-05 10:14:00,5271.0,5270.0,5271.0,5270.0,5272.0,5271.0,5273.0,5271.0,12
2016-05-05 10:14:00,2016-05-05 10:15:00,5270.0,5270.0,5270.0,5269.0,5271.0,5271.0,5272.0,5270.0,26
2016-05-05 10:15:00,2016-05-05 10:16:00,5270.0,5270.0,5271.0,5270.0,5271.0,5272.0,5272.0,5271.0,25
2016-05-05 10:16:00,2016-05-05 10:17:00,5270.0,5270.0,5271.0,5270.0,5272.0,5272.0,5272.0,5271.0,28
2016-05-05 10:17:00,2016-05-05 10:18:00,5270.0,5271.0,5271.0,5270.0,5272.0,5272.0,5272.0,5272.0,3
2016-05-05 10:18:00,2016-05-05 10:20:00,5271.0,5272.0,5272.0,5271.0,5272.0,5273.0,5274.0,5273.0,6
2016-05-05 10:20:00,2016-05-05 10:21:00,5272.0,5271.0,5271.0,5271.0,5273.0,5273.0,5273.0,5272.0,11
2016-05-05 10:21:00,2016-05-05 10:23:00,5271.0,5270.0,5271.0,5270.0,5273.0,5272.0,5272.0,5271.0,4
2016-05-05 10:23:00,2016-05-05 10:24:00,5270.0,5271.0,5271.0,5268.0,5272.0,5272.0,5274.0,5271.0,19
2016-05-05 10:24:00,2016-05-05 10:27:00,5270.0,5270.0,5271.0,5269.0,5271.0,5272.0,5272.0,5271.0,9
2016-05-05 10:27:00,2016-05-05 10:28:00,5270.0,5270.0,5271.0,5270.0,5272.0,5272.0,5272.0,5272.0,2
2016-05-05 10:28:00,2016-05-05 10:31:00,5269.0,5270.0,5270.0,5269.0,5270.0,5271.0,5271.0,5270.0,10
2016-05-05 10:31:00,2016-05-05 10:32:00,5270.0,5268.0,5269.0,5267.0,5271.0,5270.0,5271.0,5269.0,9
2016-05-05 10:32:00,2016-05-05 10:33:00,5268.0,5270.0,5270.0,5269.0,5270.0,5271.0,5272.0,5270.0,15
2016-05-05 10:33:00,2016-05-05 10:34:00,5270.0,5270.0,5272.0,5270.0,5271.0,5272.0,5273.0,5271.0,13
2016-05-05 10:34:00,2016-05-05 10:35:00,5270.0,5271.0,5271.0,5270.0,5272.0,5272.0,5272.0,5271.0,11
2016-05-05 10:35:00,2016-05-05 10:37:00,5270.0,5270.0,5270.0,5269.0,5272.0,5271.0,5273.0,5271.0,3
2016-05-05 10:37:00,2016-05-05 10:39:00,5270.0,5270.0,5271.0,5269.0,5271.0,5272.0,5273.0,5272.0,7
2016-05-05 10:39:00,2016-05-05 10:40:00,5270.0,5270.0,5271.0,5270.0,5272.0,5271.0,5272.0,5271.0,9
2016-05-05 10:40:00,2016-05-05 10:45:00,5271.0,5271.0,5271.0,5270.0,5272.0,5272.0,5272.0,5272.0,4
2016-05-05 10:45:00,2016-05-05 10:48:00,5271.0,5270.0,5271.0,5270.0,5273.0,5271.0,5273.0,5271.0,10
2016-05-05 10:48:00,2016-05-05 10:49:00,5270.0,5269.0,5270.0,5269.0,5271.0,5270.0,5271.0,5270.0,34
2016-05-05 10:49:00,2016-05-05 10:50:00,5269.0,5270.0,5271.0,5268.0,5270.0,5271.0,5272.0,5270.0,20
2016-05-05 10:50:00,2016-05-05 10:51:00,5270.0,5268.0,5270.0,5268.0,5271.0,5269.0,5271.0,5269.0,24
2016-05-05 10:51:00,2016-05-05 10:56:00,5268.0,5268.0,5269.0,5268.0,5269.0,5269.0,5270.0,5269.0,22
2016-05-05 10:56:00,2016-05-05 10:58:00,5268.0,5271.0,5271.0,5268.0,5269.0,5272.0,5272.0,5269.0,34
2016-05-05 10:58:00,2016-05-05 11:00:00,5271.0,5272.0,5272.0,5271.0,5272.0,5273.0,5273.0,5272.0,16
2016-05-05 11:00:00,2016-05-05 11:01:00,5272.0,5270.0,5271.0,5270.0,5273.0,5272.0,5273.0,5272.0,5
2016-05-05 11:01:00,2016-05-05 11:03:00,5271.0,5269.0,5270.0,5268.0,5272.0,5270.0,5273.0,5270.0,14
2016-05-05 11:03:00,2016-05-05 11:04:00,5269.0,5269.0,5270.0,5268.0,5270.0,5271.0,5271.0,5270.0,21
2016-05-05 11:04:00,2016-05-05 11:05:00,5269.0,5269.0,5270.0,5268.0,5271.0,5271.0,5271.0,5270.0,12
2016-05-05 11:05:00,2016-05-05 11:06:00,5269.0,5269.0,5269.0,5269.0,5271.0,5270.0,5271.0,5270.0,5
2016-05-05 11:06:00,2016-05-05 11:07:00,5269.0,5270.0,5270.0,5269.0,5270.0,5272.0,5272.0,5270.0,19
2016-05-05 11:07:00,2016-05-05 11:08:00,5270.0,5268.0,5270.0,5268.0,5272.0,5269.0,5271.0,5269.0,23
2016-05-05 11:08:00,2016-05-05 11:09:00,5268.0,5268.0,5269.0,5268.0,5269.0,5270.0,5270.0,5269.0,13
2016-05-05 11:09:00,2016-05-05 11:10:00,5268.0,5268.0,5269.0,5268.0,5270.0,5270.0,5271.0,5269.0,8
2016-05-05 11:10:00,2016-05-05 11:11:00,5268.0,5269.0,5269.0,5268.0,5270.0,5270.0,5270.0,5269.0,9
2016-05-05 11:11:00,2016-05-05 11:12:00,5269.0,5269.0,5269.0,5268.0,5270.0,5270.0,5270.0,5269.0,18
2016-05-05 11:12:00,2016-05-05 11:13:00,5269.0,5268.0,5269.0,5268.0,5270.0,5270.0,5270.0,5269.0,11
2016-05-05 11:13:00,2016-05-05 11:14:00,5268.0,5267.0,5269.0,5267.0,5270.0,5269.0,5270.0,5268.0,28
2016-05-05 11:14:00,2016-05-05 11:16:00,5267.0,5267.0,5267.0,5265.0,5268.0,5268.0,5270.0,5268.0,6
2016-05-05 11:16:00,2016-05-05 11:18:00,5266.0,5267.0,5267.0,5266.0,5267.0,5269.0,5269.0,5267.0,13
2016-05-05 11:18:00,2016-05-05 11:19:00,5267.0,5267.0,5267.0,5266.0,5269.0,5268.0,5269.0,5268.0,15
2016-05-05 11:19:00,2016-05-05 11:20:00,5267.0,5267.0,5268.0,5267.0,5268.0,5269.0,5270.0,5268.0,19
2016-05-05 11:20:00,2016-05-05 11:21:00,5267.0,5265.0,5267.0,5265.0,5269.0,5267.0,5269.0,5267.0,10
2016-05-05 11:21:00,2016-05-05 11:22:00,5265.0,5265.0,5266.0,5265.0,5267.0,5266.0,5267.0,5266.0,7
2016-05-05 11:22:00,2016-05-05 11:23:00,5265.0,5264.0,5265.0,5264.0,5266.0,5265.0,5266.0,5265.0,14
2016-05-05 11:23:00,2016-05-05 11:24:00,5264.0,5263.0,5264.0,5263.0,5265.0,5265.0,5266.0,5265.0,11
2016-05-05 11:24:00,2016-05-05 11:25:00,5263.0,5262.0,5263.0,5262.0,5265.0,5263.0,5264.0,5263.0,7
2016-05-05 11:25:00,2016-05-05 11:26:00,5262.0,5262.0,5263.0,5262.0,5263.0,5264.0,5264.0,5263.0,13
2016-05-05 11:26:00,2016-05-05 11:27:00,5262.0,5263.0,5263.0,5262.0,5264.0,5264.0,5265.0,5263.0,19
2016-05-05 11:27:00,2016-05-05 11:28:00,5263.0,5263.0,5264.0,5263.0,5264.0,5264.0,5266.0,5264.0,22
2016-05-05 11:28:00,2016-05-05 11:29:00,5263.0,5263.0,5263.0,5262.0,5264.0,5265.0,5265.0,5263.0,17
2016-05-05 11:29:00,2016-05-05 11:30:00,5263.0,5264.0,5264.0,5262.0,5265.0,5265.0,5266.0,5263.0,23
2016-05-05 11:30:00,2016-05-05 11:31:00,5264.0,5263.0,5264.0,5263.0,5265.0,5264.0,5266.0,5264.0,8
2016-05-05 11:31:00,2016-05-05 11:32:00,5263.0,5264.0,5264.0,5263.0,5264.0,5265.0,5266.0,5264.0,16
2016-05-05 11:32:00,2016-05-05 11:33:00,5264.0,5264.0,5266.0,5264.0,5265.0,5265.0,5267.0,5265.0,7
2016-05-05 11:33:00,2016-05-05 11:34:00,5264.0,5264.0,5264.0,5264.0,5265.0,5265.0,5266.0,5265.0,12
2016-05-05 11:34:00,2016-05-05 11:35:00,5264.0,5264.0,5264.0,5263.0,5265.0,5265.0,5266.0,5264.0,22
2016-05-05 11:35:00,2016-05-05 11:36:00,5264.0,5264.0,5264.0,5264.0,5265.0,5265.0,5266.0,5265.0,8
2016-05-05 11:36:00,2016-05-05 11:37:00,5264.0,5264.0,5265.0,5263.0,5265.0,5266.0,5266.0,5265.0,23
2016-05-05 11:37:00,2016-05-05 11:38:00,5264.0,5263.0,5265.0,5263.0,5266.0,5265.0,5266.0,5265.0,10
2016-05-05 11:38:00,2016-05-05 11:39:00,5263.0,5263.0,5264.0,5262.0,5265.0,5264.0,5265.0,5263.0,19
2016-05-05 11:39:00,2016-05-05 11:40:00,5263.0,5262.0,5263.0,5262.0,5264.0,5264.0,5265.0,5263.0,17
2016-05-05 11:40:00,2016-05-05 11:41:00,5262.0,5263.0,5264.0,5262.0,5264.0,5265.0,5265.0,5263.0,34
2016-05-05 11:41:00,2016-05-05 11:42:00,5263.0,5264.0,5265.0,5263.0,5265.0,5266.0,5266.0,5265.0,26
2016-05-05 11:42:00,2016-05-05 11:43:00,5264.0,5264.0,5265.0,5263.0,5266.0,5265.0,5266.0,5265.0,29
2016-05-05 11:43:00,2016-05-05 11:44:00,5264.0,5263.0,5264.0,5263.0,5265.0,5265.0,5266.0,5264.0,25
2016-05-05 11:44:00,2016-05-05 11:45:00,5263.0,5263.0,5264.0,5263.0,5265.0,5265.0,5265.0,5264.0,8
2016-05-05 11:45:00,2016-05-05 11:47:00,5263.0,5262.0,5262.0,5262.0,5265.0,5264.0,5265.0,5264.0,2
2016-05-05 11:47:00,2016-05-05 11:51:00,5262.0,5262.0,5263.0,5262.0,5264.0,5263.0,5264.0,5263.0,3
2016-05-05 11:51:00,2016-05-05 11:52:00,5262.0,5263.0,5264.0,5262.0,5263.0,5264.0,5266.0,5264.0,24
2016-05-05 11:52:00,2016-05-05 11:53:00,5263.0,5263.0,5264.0,5263.0,5264.0,5264.0,5265.0,5264.0,14
2016-05-05 11:53:00,2016-05-05 11:57:00,5263.0,5262.0,5262.0,5261.0,5264.0,5264.0,5264.0,5263.0,6
2016-05-05 11:57:00,2016-05-05 11:59:00,5262.0,5262.0,5263.0,5262.0,5263.0,5264.0,5265.0,5264.0,13
2016-05-05 11:59:00,2016-05-05 12:00:00,5262.0,5263.0,5264.0,5262.0,5264.0,5264.0,5265.0,5263.0,29
2016-05-05 12:00:00,2016-05-05 12:01:00,5263.0,5262.0,5263.0,5262.0,5264.0,5263.0,5265.0,5263.0,4
2016-05-05 12:01:00,2016-05-05 12:02:00,5262.0,5262.0,5263.0,5261.0,5263.0,5264.0,5264.0,5263.0,13
2016-05-05 12:02:00,2016-05-05 12:03:00,5262.0,5263.0,5263.0,5262.0,5264.0,5264.0,5264.0,5264.0,3
2016-05-05 12:03:00,2016-05-05 12:04:00,5263.0,5263.0,5263.0,5263.0,5264.0,5264.0,5265.0,5264.0,4
2016-05-05 12:04:00,2016-05-05 12:05:00,5263.0,5264.0,5264.0,5263.0,5264.0,5265.0,5265.0,5264.0,22
2016-05-05 12:05:00,2016-05-05 12:07:00,5263.0,5264.0,5265.0,5262.0,5264.0,5265.0,5266.0,5264.0,18
2016-05-05 12:07:00,2016-05-05 12:10:00,5264.0,5264.0,5264.0,5262.0,5265.0,5265.0,5266.0,5264.0,14
2016-05-05 12:10:00,2016-05-05 12:11:00,5264.0,5262.0,5263.0,5262.0,5265.0,5264.0,5265.0,5263.0,7
2016-05-05 12:11:00,2016-05-05 12:12:00,5262.0,5263.0,5263.0,5262.0,5264.0,5264.0,5265.0,5264.0,9
2016-05-05 12:12:00,2016-05-05 12:13:00,5263.0,5264.0,5264.0,5263.0,5264.0,5265.0,5265.0,5264.0,16
2016-05-05 12:13:00,2016-05-05 12:20:00,5265.0,5266.0,5268.0,5265.0,5266.0,5267.0,5269.0,5267.0,14
2016-05-05 12:20:00,2016-05-05 12:21:00,5266.0,5266.0,5266.0,5265.0,5267.0,5267.0,5267.0,5267.0,4
2016-05-05 12:21:00,2016-05-05 12:22:00,5266.0,5267.0,5267.0,5266.0,5267.0,5268.0,5268.0,5268.0,6
2016-05-05 12:22:00,2016-05-05 12:23:00,5267.0,5267.0,5268.0,5265.0,5268.0,5269.0,5271.0,5268.0,13
2016-05-05 12:23:00,2016-05-05 12:25:00,5267.0,5266.0,5267.0,5266.0,5268.0,5268.0,5269.0,5268.0,7
2016-05-05 12:25:00,2016-05-05 12:26:00,5266.0,5264.0,5266.0,5264.0,5268.0,5265.0,5268.0,5265.0,12
2016-05-05 12:26:00,2016-05-05 12:30:00,5263.0,5260.0,5262.0,5260.0,5264.0,5261.0,5264.0,5261.0,10
2016-05-05 12:30:00,2016-05-05 12:31:00,5260.0,5260.0,5262.0,5259.0,5261.0,5262.0,5263.0,5261.0,15
2016-05-05 12:31:00,2016-05-05 12:33:00,5261.0,5261.0,5261.0,5259.0,5262.0,5263.0,5263.0,5261.0,11
2016-05-05 12:33:00,2016-05-05 12:34:00,5261.0,5260.0,5261.0,5259.0,5263.0,5261.0,5263.0,5260.0,11
2016-05-05 12:34:00,2016-05-05 12:35:00,5260.0,5259.0,5260.0,5259.0,5261.0,5261.0,5261.0,5260.0,9
2016-05-05 12:35:00,2016-05-05 12:36:00,5259.0,5259.0,5260.0,5257.0,5261.0,5261.0,5262.0,5260.0,10
2016-05-05 12:36:00,2016-05-05 12:37:00,5259.0,5260.0,5260.0,5259.0,5261.0,5261.0,5261.0,5260.0,11
2016-05-05 12:37:00,2016-05-05 12:39:00,5261.0,5261.0,5262.0,5261.0,5262.0,5262.0,5263.0,5262.0,24
2016-05-05 12:39:00,2016-05-05 12:40:00,5261.0,5261.0,5262.0,5261.0,5262.0,5263.0,5263.0,5262.0,13
2016-05-05 12:40:00,2016-05-05 12:41:00,5261.0,5262.0,5263.0,5262.0,5263.0,5263.0,5264.0,5263.0,5
2016-05-05 12:41:00,2016-05-05 12:45:00,5263.0,5261.0,5262.0,5261.0,5264.0,5263.0,5264.0,5262.0,13
2016-05-05 12:45:00,2016-05-05 12:47:00,5261.0,5259.0,5260.0,5259.0,5262.0,5260.0,5262.0,5260.0,6
2016-05-05 12:47:00,2016-05-05 12:49:00,5259.0,5259.0,5259.0,5257.0,5260.0,5260.0,5261.0,5260.0,7
2016-05-05 12:49:00,2016-05-05 12:50:00,5259.0,5261.0,5261.0,5259.0,5260.0,5262.0,5262.0,5261.0,6
2016-05-05 12:50:00,2016-05-05 12:51:00,5261.0,5260.0,5260.0,5260.0,5262.0,5261.0,5262.0,5261.0,4
2016-05-05 12:51:00,2016-05-05 12:54:00,5259.0,5258.0,5259.0,5258.0,5260.0,5259.0,5260.0,5259.0,12
2016-05-05 12:54:00,2016-05-05 12:55:00,5258.0,5257.0,5259.0,5257.0,5259.0,5259.0,5260.0,5259.0,25
2016-05-05 12:55:00,2016-05-05 12:56:00,5257.0,5257.0,5258.0,5257.0,5259.0,5258.0,5259.0,5258.0,11
2016-05-05 12:56:00,2016-05-05 12:58:00,5258.0,5258.0,5258.0,5257.0,5259.0,5259.0,5259.0,5258.0,12
2016-05-05 12:58:00,2016-05-05 12:59:00,5258.0,5259.0,5259.0,5258.0,5259.0,5260.0,5261.0,5259.0,8
2016-05-05 12:59:00,2016-05-05 13:00:00,5259.0,5258.0,5259.0,5258.0,5260.0,5260.0,5260.0,5259.0,39
2016-05-05 13:00:00,2016-05-05 13:01:00,5258.0,5258.0,5259.0,5258.0,5260.0,5261.0,5261.0,5260.0,4
2016-05-05 13:01:00,2016-05-05 13:02:00,5258.0,5260.0,5260.0,5259.0,5261.0,5261.0,5262.0,5260.0,11
2016-05-05 13:02:00,2016-05-05 13:03:00,5260.0,5259.0,5261.0,5259.0,5261.0,5260.0,5262.0,5260.0,14
2016-05-05 13:03:00,2016-05-05 13:06:00,5258.0,5258.0,5259.0,5258.0,5259.0,5260.0,5260.0,5259.0,21
2016-05-05 13:06:00,2016-05-05 13:07:00,5258.0,5258.0,5259.0,5258.0,5260.0,5259.0,5260.0,5259.0,9
2016-05-05 13:07:00,2016-05-05 13:08:00,5258.0,5256.0,5258.0,5256.0,5259.0,5258.0,5259.0,5258.0,15
2016-05-05 13:08:00,2016-05-05 13:09:00,5256.0,5256.0,5256.0,5255.0,5258.0,5257.0,5258.0,5257.0,9
2016-05-05 13:09:00,2016-05-05 13:10:00,5256.0,5256.0,5257.0,5256.0,5257.0,5257.0,5259.0,5257.0,14
2016-05-05 13:10:00,2016-05-05 13:11:00,5256.0,5255.0,5256.0,5255.0,5257.0,5256.0,5257.0,5256.0,10
2016-05-05 13:11:00,2016-05-05 13:12:00,5255.0,5255.0,5256.0,5254.0,5256.0,5257.0,5260.0,5257.0,16
2016-05-05 13:12:00,2016-05-05 13:13:00,5255.0,5255.0,5256.0,5255.0,5257.0,5257.0,5258.0,5256.0,16
2016-05-05 13:13:00,2016-05-05 13:14:00,5255.0,5256.0,5257.0,5255.0,5257.0,5257.0,5259.0,5256.0,11
2016-05-05 13:14:00,2016-05-05 13:15:00,5256.0,5256.0,5257.0,5256.0,5257.0,5258.0,5258.0,5257.0,11
2016-05-05 13:15:00,2016-05-05 13:16:00,5256.0,5256.0,5256.0,5255.0,5258.0,5257.0,5257.0,5256.0,19
2016-05-05 13:16:00,2016-05-05 13:17:00,5256.0,5257.0,5257.0,5256.0,5257.0,5258.0,5258.0,5257.0,14
2016-05-05 13:17:00,2016-05-05 13:18:00,5257.0,5256.0,5257.0,5256.0,5258.0,5258.0,5258.0,5257.0,7
2016-05-05 13:18:00,2016-05-05 13:19:00,5256.0,5256.0,5257.0,5255.0,5258.0,5257.0,5258.0,5257.0,7
2016-05-05 13:19:00,2016-05-05 13:20:00,5256.0,5254.0,5255.0,5254.0,5257.0,5256.0,5257.0,5255.0,11
2016-05-05 13:20:00,2016-05-05 13:21:00,5254.0,5255.0,5255.0,5254.0,5256.0,5256.0,5257.0,5256.0,7
2016-05-05 13:21:00,2016-05-05 13:24:00,5256.0,5257.0,5257.0,5255.0,5257.0,5258.0,5258.0,5257.0,8
2016-05-05 13:24:00,2016-05-05 13:25:00,5257.0,5255.0,5257.0,5255.0,5258.0,5257.0,5258.0,5257.0,7
2016-05-05 13:25:00,2016-05-05 13:26:00,5255.0,5255.0,5256.0,5255.0,5257.0,5256.0,5257.0,5256.0,9
2016-05-05 13:26:00,2016-05-05 13:27:00,5255.0,5254.0,5256.0,5253.0,5256.0,5256.0,5258.0,5256.0,12
2016-05-05 13:27:00,2016-05-05 13:28:00,5254.0,5254.0,5255.0,5254.0,5256.0,5255.0,5256.0,5255.0,17
2016-05-05 13:28:00,2016-05-05 13:29:00,5254.0,5254.0,5254.0,5253.0,5255.0,5255.0,5256.0,5254.0,14
2016-05-05 13:29:00,2016-05-05 13:30:00,5254.0,5255.0,5255.0,5251.0,5255.0,5257.0,5257.0,5254.0,66
2016-05-05 13:30:00,2016-05-05 13:31:00,5255.0,5257.0,5258.0,5254.0,5257.0,5259.0,5259.0,5256.0,40
2016-05-05 13:31:00,2016-05-05 13:32:00,5257.0,5256.0,5258.0,5255.0,5259.0,5257.0,5261.0,5257.0,38
2016-05-05 13:32:00,2016-05-05 13:33:00,5256.0,5256.0,5259.0,5255.0,5257.0,5257.0,5261.0,5257.0,42
2016-05-05 13:33:00,2016-05-05 13:34:00,5256.0,5257.0,5257.0,5255.0,5257.0,5258.0,5258.0,5256.0,20
2016-05-05 13:34:00,2016-05-05 13:35:00,5257.0,5255.0,5260.0,5255.0,5258.0,5257.0,5261.0,5257.0,42
2016-05-05 13:35:00,2016-05-05 13:36:00,5255.0,5253.0,5256.0,5252.0,5257.0,5255.0,5259.0,5254.0,46
2016-05-05 13:36:00,2016-05-05 13:37:00,5253.0,5255.0,5257.0,5252.0,5255.0,5256.0,5259.0,5255.0,37
2016-05-05 13:37:00,2016-05-05 13:38:00,5255.0,5256.0,5257.0,5252.0,5256.0,5257.0,5258.0,5255.0,29
2016-05-05 13:38:00,2016-05-05 13:39:00,5256.0,5261.0,5261.0,5256.0,5257.0,5262.0,5262.0,5258.0,44
2016-05-05 13:39:00,2016-05-05 13:40:00,5261.0,5257.0,5261.0,5257.0,5262.0,5259.0,5263.0,5259.0,48
2016-05-05 13:40:00,2016-05-05 13:41:00,5257.0,5256.0,5258.0,5254.0,5259.0,5257.0,5260.0,5256.0,38
2016-05-05 13:41:00,2016-05-05 13:42:00,5256.0,5258.0,5259.0,5253.0,5257.0,5260.0,5260.0,5256.0,62
2016-05-05 13:42:00,2016-05-05 13:43:00,5258.0,5255.0,5259.0,5254.0,5260.0,5256.0,5260.0,5255.0,35
2016-05-05 13:43:00,2016-05-05 13:44:00,5255.0,5254.0,5256.0,5252.0,5256.0,5256.0,5258.0,5255.0,27
2016-05-05 13:44:00,2016-05-05 13:45:00,5254.0,5254.0,5255.0,5253.0,5256.0,5255.0,5257.0,5255.0,26
2016-05-05 13:45:00,2016-05-05 13:46:00,5254.0,5255.0,5257.0,5254.0,5255.0,5256.0,5259.0,5255.0,40
2016-05-05 13:46:00,2016-05-05 13:47:00,5255.0,5255.0,5256.0,5253.0,5256.0,5256.0,5258.0,5255.0,34
2016-05-05 13:47:00,2016-05-05 13:48:00,5255.0,5257.0,5257.0,5254.0,5256.0,5258.0,5259.0,5256.0,23
2016-05-05 13:48:00,2016-05-05 13:49:00,5257.0,5260.0,5260.0,5256.0,5258.0,5261.0,5263.0,5258.0,50
2016-05-05 13:49:00,2016-05-05 13:50:00,5260.0,5261.0,5262.0,5258.0,5261.0,5263.0,5264.0,5260.0,38
2016-05-05 13:50:00,2016-05-05 13:51:00,5261.0,5260.0,5262.0,5259.0,5263.0,5262.0,5265.0,5261.0,25
2016-05-05 13:51:00,2016-05-05 13:52:00,5260.0,5261.0,5262.0,5259.0,5262.0,5262.0,5263.0,5261.0,21
2016-05-05 13:52:00,2016-05-05 13:53:00,5261.0,5260.0,5261.0,5260.0,5262.0,5261.0,5263.0,5261.0,18
2016-05-05 13:53:00,2016-05-05 13:54:00,5260.0,5261.0,5263.0,5259.0,5261.0,5262.0,5265.0,5261.0,31
2016-05-05 13:54:00,2016-05-05 13:55:00,5261.0,5262.0,5263.0,5261.0,5262.0,5264.0,5264.0,5262.0,23
2016-05-05 13:55:00,2016-05-05 13:56:00,5262.0,5262.0,5264.0,5262.0,5264.0,5263.0,5267.0,5263.0,28
2016-05-05 13:56:00,2016-05-05 13:57:00,5262.0,5259.0,5263.0,5259.0,5263.0,5261.0,5264.0,5261.0,21
2016-05-05 13:57:00,2016-05-05 13:58:00,5259.0,5258.0,5259.0,5256.0,5261.0,5259.0,5262.0,5258.0,33
2016-05-05 13:58:00,2016-05-05 13:59:00,5258.0,5259.0,5259.0,5257.0,5259.0,5260.0,5262.0,5258.0,23
2016-05-05 13:59:00,2016-05-05 14:00:00,5259.0,5257.0,5258.0,5255.0,5260.0,5258.0,5262.0,5258.0,44
2016-05-05 14:00:00,2016-05-05 14:01:00,5257.0,5259.0,5260.0,5256.0,5258.0,5261.0,5261.0,5259.0,28
2016-05-05 14:01:00,2016-05-05 14:02:00,5259.0,5259.0,5262.0,5258.0,5261.0,5262.0,5264.0,5260.0,36
2016-05-05 14:02:00,2016-05-05 14:03:00,5259.0,5261.0,5261.0,5258.0,5262.0,5262.0,5263.0,5260.0,43
2016-05-05 14:03:00,2016-05-05 14:04:00,5261.0,5264.0,5264.0,5259.0,5262.0,5266.0,5267.0,5261.0,49
2016-05-05 14:04:00,2016-05-05 14:05:00,5264.0,5263.0,5265.0,5262.0,5266.0,5264.0,5268.0,5264.0,53
2016-05-05 14:05:00,2016-05-05 14:06:00,5263.0,5263.0,5264.0,5261.0,5264.0,5264.0,5266.0,5264.0,13
2016-05-05 14:06:00,2016-05-05 14:07:00,5263.0,5261.0,5263.0,5261.0,5264.0,5263.0,5266.0,5262.0,13
2016-05-05 14:07:00,2016-05-05 14:08:00,5261.0,5261.0,5262.0,5261.0,5263.0,5263.0,5264.0,5262.0,10
2016-05-05 14:08:00,2016-05-05 14:09:00,5261.0,5263.0,5263.0,5259.0,5263.0,5264.0,5264.0,5262.0,20
2016-05-05 14:09:00,2016-05-05 14:10:00,5263.0,5263.0,5263.0,5261.0,5264.0,5265.0,5265.0,5263.0,33
2016-05-05 14:10:00,2016-05-05 14:11:00,5263.0,5264.0,5264.0,5263.0,5265.0,5265.0,5266.0,5264.0,13
2016-05-05 14:11:00,2016-05-05 14:12:00,5264.0,5265.0,5265.0,5264.0,5265.0,5266.0,5266.0,5265.0,6
2016-05-05 14:12:00,2016-05-05 14:13:00,5265.0,5265.0,5266.0,5264.0,5266.0,5266.0,5267.0,5265.0,18
2016-05-05 14:13:00,2016-05-05 14:14:00,5265.0,5266.0,5266.0,5264.0,5266.0,5267.0,5267.0,5266.0,14
2016-05-05 14:14:00,2016-05-05 14:15:00,5266.0,5265.0,5267.0,5265.0,5267.0,5267.0,5268.0,5266.0,13
2016-05-05 14:15:00,2016-05-05 14:16:00,5265.0,5264.0,5265.0,5263.0,5267.0,5265.0,5268.0,5264.0,48
2016-05-05 14:16:00,2016-05-05 14:17:00,5264.0,5263.0,5264.0,5263.0,5265.0,5264.0,5266.0,5264.0,22
2016-05-05 14:17:00,2016-05-05 14:18:00,5263.0,5260.0,5263.0,5258.0,5264.0,5262.0,5265.0,5261.0,30
2016-05-05 14:18:00,2016-05-05 14:19:00,5260.0,5261.0,5261.0,5259.0,5262.0,5262.0,5264.0,5261.0,5
2016-05-05 14:19:00,2016-05-05 14:20:00,5261.0,5260.0,5260.0,5259.0,5262.0,5261.0,5262.0,5260.0,8
2016-05-05 14:20:00,2016-05-05 14:21:00,5260.0,5260.0,5261.0,5258.0,5261.0,5261.0,5262.0,5260.0,28
2016-05-05 14:21:00,2016-05-05 14:22:00,5260.0,5259.0,5261.0,5258.0,5261.0,5261.0,5262.0,5259.0,15
2016-05-05 14:22:00,2016-05-05 14:23:00,5259.0,5258.0,5259.0,5258.0,5261.0,5260.0,5261.0,5259.0,12
2016-05-05 14:23:00,2016-05-05 14:24:00,5258.0,5259.0,5259.0,5256.0,5260.0,5260.0,5262.0,5259.0,20
2016-05-05 14:24:00,2016-05-05 14:25:00,5259.0,5260.0,5260.0,5257.0,5260.0,5261.0,5262.0,5259.0,23
2016-05-05 14:25:00,2016-05-05 14:26:00,5260.0,5257.0,5260.0,5257.0,5261.0,5258.0,5261.0,5258.0,18
2016-05-05 14:26:00,2016-05-05 14:27:00,5257.0,5253.0,5257.0,5253.0,5258.0,5254.0,5260.0,5254.0,51
2016-05-05 14:27:00,2016-05-05 14:28:00,5253.0,5253.0,5255.0,5252.0,5254.0,5255.0,5256.0,5254.0,17
2016-05-05 14:28:00,2016-05-05 14:29:00,5253.0,5252.0,5253.0,5250.0,5255.0,5253.0,5256.0,5252.0,32
2016-05-05 14:29:00,2016-05-05 14:31:00,5252.0,5253.0,5254.0,5252.0,5253.0,5254.0,5255.0,5253.0,14
2016-05-05 14:31:00,2016-05-05 14:32:00,5253.0,5253.0,5254.0,5251.0,5254.0,5254.0,5255.0,5252.0,43
2016-05-05 14:32:00,2016-05-05 14:34:00,5254.0,5254.0,5255.0,5254.0,5255.0,5256.0,5256.0,5255.0,23
2016-05-05 14:34:00,2016-05-05 14:36:00,5255.0,5254.0,5254.0,5252.0,5256.0,5255.0,5257.0,5254.0,22
2016-05-05 14:36:00,2016-05-05 14:37:00,5254.0,5251.0,5253.0,5249.0,5255.0,5253.0,5255.0,5252.0,34
2016-05-05 14:37:00,2016-05-05 14:38:00,5251.0,5252.0,5252.0,5249.0,5253.0,5253.0,5255.0,5252.0,50
2016-05-05 14:38:00,2016-05-05 14:39:00,5252.0,5250.0,5252.0,5248.0,5253.0,5252.0,5254.0,5251.0,39
2016-05-05 14:39:00,2016-05-05 14:40:00,5250.0,5248.0,5250.0,5248.0,5252.0,5249.0,5252.0,5249.0,35
2016-05-05 14:40:00,2016-05-05 14:41:00,5248.0,5247.0,5248.0,5246.0,5249.0,5249.0,5251.0,5248.0,39
2016-05-05 14:41:00,2016-05-05 14:42:00,5247.0,5249.0,5250.0,5247.0,5249.0,5250.0,5253.0,5249.0,43
2016-05-05 14:42:00,2016-05-05 14:43:00,5249.0,5247.0,5250.0,5247.0,5250.0,5248.0,5252.0,5248.0,43
2016-05-05 14:43:00,2016-05-05 14:44:00,5247.0,5249.0,5250.0,5247.0,5248.0,5250.0,5251.0,5249.0,19
2016-05-05 14:44:00,2016-05-05 14:45:00,5249.0,5248.0,5249.0,5247.0,5250.0,5249.0,5252.0,5248.0,30
2016-05-05 14:45:00,2016-05-05 14:46:00,5248.0,5250.0,5251.0,5248.0,5249.0,5251.0,5252.0,5250.0,20
2016-05-05 14:46:00,2016-05-05 14:47:00,5250.0,5250.0,5250.0,5248.0,5251.0,5251.0,5252.0,5250.0,28
2016-05-05 14:47:00,2016-05-05 14:48:00,5250.0,5250.0,5251.0,5249.0,5251.0,5251.0,5252.0,5251.0,16
2016-05-05 14:48:00,2016-05-05 14:49:00,5250.0,5248.0,5249.0,5247.0,5251.0,5249.0,5251.0,5248.0,39
2016-05-05 14:49:00,2016-05-05 14:50:00,5248.0,5249.0,5250.0,5247.0,5249.0,5250.0,5251.0,5249.0,14
2016-05-05 14:50:00,2016-05-05 14:51:00,5249.0,5248.0,5249.0,5248.0,5250.0,5249.0,5252.0,5249.0,29
2016-05-05 14:51:00,2016-05-05 14:52:00,5248.0,5248.0,5249.0,5247.0,5249.0,5249.0,5251.0,5248.0,20
2016-05-05 14:52:00,2016-05-05 14:53:00,5248.0,5248.0,5250.0,5247.0,5249.0,5249.0,5251.0,5248.0,54
2016-05-05 14:53:00,2016-05-05 14:54:00,5248.0,5247.0,5248.0,5245.0,5249.0,5248.0,5251.0,5248.0,20
2016-05-05 14:54:00,2016-05-05 14:55:00,5247.0,5247.0,5248.0,5244.0,5248.0,5248.0,5250.0,5247.0,30
2016-05-05 14:55:00,2016-05-05 14:56:00,5247.0,5250.0,5250.0,5246.0,5248.0,5251.0,5251.0,5247.0,42
2016-05-05 14:56:00,2016-05-05 14:57:00,5250.0,5249.0,5251.0,5249.0,5251.0,5251.0,5252.0,5251.0,11
2016-05-05 14:57:00,2016-05-05 14:58:00,5249.0,5249.0,5251.0,5248.0,5251.0,5251.0,5254.0,5250.0,19
2016-05-05 14:58:00,2016-05-05 14:59:00,5249.0,5249.0,5249.0,5248.0,5251.0,5250.0,5250.0,5249.0,7
2016-05-05 14:59:00,2016-05-05 15:00:00,5249.0,5249.0,5251.0,5248.0,5250.0,5251.0,5252.0,5250.0,23
2016-05-05 15:00:00,2016-05-05 15:01:00,5249.0,5247.0,5250.0,5245.0,5251.0,5249.0,5251.0,5247.0,30
2016-05-05 15:01:00,2016-05-05 15:02:00,5247.0,5248.0,5249.0,5247.0,5249.0,5249.0,5251.0,5248.0,25
2016-05-05 15:02:00,2016-05-05 15:03:00,5248.0,5247.0,5248.0,5246.0,5249.0,5248.0,5249.0,5247.0,38
2016-05-05 15:03:00,2016-05-05 15:04:00,5247.0,5248.0,5249.0,5245.0,5248.0,5250.0,5251.0,5247.0,29
2016-05-05 15:04:00,2016-05-05 15:05:00,5248.0,5248.0,5249.0,5247.0,5250.0,5249.0,5250.0,5249.0,9
2016-05-05 15:05:00,2016-05-05 15:06:00,5248.0,5248.0,5249.0,5246.0,5249.0,5249.0,5251.0,5249.0,19
2016-05-05 15:06:00,2016-05-05 15:07:00,5248.0,5247.0,5248.0,5245.0,5249.0,5249.0,5250.0,5247.0,35
2016-05-05 15:07:00,2016-05-05 15:08:00,5247.0,5247.0,5249.0,5246.0,5249.0,5248.0,5250.0,5247.0,21
2016-05-05 15:08:00,2016-05-05 15:09:00,5247.0,5247.0,5247.0,5245.0,5248.0,5248.0,5250.0,5247.0,38
2016-05-05 15:09:00,2016-05-05 15:10:00,5247.0,5245.0,5247.0,5245.0,5248.0,5246.0,5248.0,5246.0,44
2016-05-05 15:10:00,2016-05-05 15:11:00,5245.0,5244.0,5246.0,5243.0,5246.0,5245.0,5249.0,5245.0,23
2016-05-05 15:11:00,2016-05-05 15:12:00,5244.0,5245.0,5245.0,5244.0,5245.0,5246.0,5248.0,5245.0,16
2016-05-05 15:12:00,2016-05-05 15:13:00,5245.0,5243.0,5245.0,5243.0,5246.0,5244.0,5246.0,5244.0,26
2016-05-05 15:13:00,2016-05-05 15:14:00,5243.0,5242.0,5244.0,5242.0,5244.0,5243.0,5245.0,5243.0,12
2016-05-05 15:14:00,2016-05-05 15:15:00,5242.0,5242.0,5243.0,5242.0,5243.0,5243.0,5245.0,5243.0,54
2016-05-05 15:15:00,2016-05-05 15:16:00,5242.0,5243.0,5243.0,5242.0,5243.0,5245.0,5245.0,5243.0,15
2016-05-05 15:16:00,2016-05-05 15:17:00,5243.0,5243.0,5245.0,5243.0,5245.0,5244.0,5246.0,5244.0,33
2016-05-05 15:17:00,2016-05-05 15:18:00,5243.0,5243.0,5244.0,5242.0,5244.0,5245.0,5245.0,5244.0,63
2016-05-05 15:18:00,2016-05-05 15:19:00,5243.0,5244.0,5244.0,5243.0,5245.0,5246.0,5246.0,5245.0,10
2016-05-05 15:19:00,2016-05-05 15:20:00,5244.0,5242.0,5244.0,5242.0,5246.0,5243.0,5245.0,5243.0,19
2016-05-05 15:20:00,2016-05-05 15:21:00,5242.0,5239.0,5243.0,5239.0,5243.0,5240.0,5244.0,5240.0,17
2016-05-05 15:21:00,2016-05-05 15:22:00,5239.0,5236.0,5239.0,5235.0,5240.0,5237.0,5240.0,5236.0,36
2016-05-05 15:22:00,2016-05-05 15:23:00,5236.0,5236.0,5237.0,5235.0,5237.0,5237.0,5238.0,5237.0,12
2016-05-05 15:23:00,2016-05-05 15:24:00,5236.0,5235.0,5237.0,5234.0,5237.0,5237.0,5239.0,5236.0,25
2016-05-05 15:24:00,2016-05-05 15:25:00,5235.0,5237.0,5237.0,5235.0,5237.0,5238.0,5239.0,5236.0,9
2016-05-05 15:25:00,2016-05-05 15:27:00,5238.0,5238.0,5238.0,5237.0,5239.0,5239.0,5240.0,5238.0,18
2016-05-05 15:27:00,2016-05-05 15:28:00,5238.0,5236.0,5238.0,5235.0,5239.0,5237.0,5240.0,5237.0,16
2016-05-05 15:28:00,2016-05-05 15:29:00,5236.0,5236.0,5236.0,5235.0,5237.0,5238.0,5238.0,5236.0,13
2016-05-05 15:29:00,2016-05-05 15:30:00,5236.0,5238.0,5239.0,5235.0,5238.0,5239.0,5240.0,5238.0,19
2016-05-05 15:30:00,2016-05-05 15:31:00,5238.0,5239.0,5239.0,5237.0,5239.0,5240.0,5240.0,5238.0,6
2016-05-05 15:31:00,2016-05-05 15:32:00,5239.0,5240.0,5240.0,5238.0,5240.0,5241.0,5241.0,5239.0,12
2016-05-05 15:32:00,2016-05-05 15:33:00,5240.0,5240.0,5240.0,5239.0,5241.0,5241.0,5242.0,5240.0,18
2016-05-05 15:33:00,2016-05-05 15:34:00,5240.0,5242.0,5242.0,5239.0,5241.0,5243.0,5243.0,5240.0,16
2016-05-05 15:34:00,2016-05-05 15:35:00,5242.0,5247.0,5248.0,5242.0,5243.0,5249.0,5250.0,5244.0,41
2016-05-05 15:35:00,2016-05-05 15:36:00,5247.0,5249.0,5250.0,5246.0,5249.0,5250.0,5252.0,5249.0,31
2016-05-05 15:36:00,2016-05-05 15:37:00,5249.0,5248.0,5249.0,5248.0,5250.0,5250.0,5250.0,5249.0,29
2016-05-05 15:37:00,2016-05-05 15:38:00,5248.0,5249.0,5249.0,5248.0,5250.0,5250.0,5251.0,5249.0,19
2016-05-05 15:38:00,2016-05-05 15:39:00,5249.0,5247.0,5249.0,5247.0,5250.0,5248.0,5250.0,5248.0,18
2016-05-05 15:39:00,2016-05-05 15:40:00,5247.0,5248.0,5248.0,5245.0,5248.0,5249.0,5250.0,5248.0,18
2016-05-05 15:40:00,2016-05-05 15:41:00,5248.0,5248.0,5248.0,5247.0,5249.0,5250.0,5250.0,5249.0,13
2016-05-05 15:41:00,2016-05-05 15:42:00,5248.0,5250.0,5251.0,5249.0,5250.0,5251.0,5252.0,5250.0,9
2016-05-05 15:42:00,2016-05-05 15:43:00,5250.0,5250.0,5251.0,5249.0,5251.0,5252.0,5253.0,5251.0,17
2016-05-05 15:43:00,2016-05-05 15:44:00,5250.0,5251.0,5252.0,5250.0,5252.0,5253.0,5253.0,5251.0,12
2016-05-05 15:44:00,2016-05-05 15:46:00,5251.0,5252.0,5253.0,5252.0,5253.0,5253.0,5254.0,5253.0,5
2016-05-05 15:46:00,2016-05-05 15:47:00,5252.0,5253.0,5254.0,5250.0,5253.0,5255.0,5256.0,5253.0,16
2016-05-05 15:47:00,2016-05-05 15:48:00,5253.0,5252.0,5253.0,5252.0,5255.0,5254.0,5254.0,5253.0,20
2016-05-05 15:48:00,2016-05-05 15:49:00,5252.0,5252.0,5253.0,5251.0,5254.0,5254.0,5254.0,5253.0,10
2016-05-05 15:49:00,2016-05-05 15:50:00,5252.0,5252.0,5253.0,5252.0,5254.0,5254.0,5254.0,5253.0,24
2016-05-05 15:50:00,2016-05-05 15:51:00,5252.0,5252.0,5253.0,5252.0,5254.0,5253.0,5254.0,5253.0,5
2016-05-05 15:51:00,2016-05-05 15:54:00,5253.0,5252.0,5252.0,5251.0,5254.0,5253.0,5254.0,5253.0,8
2016-05-05 15:54:00,2016-05-05 15:56:00,5250.0,5250.0,5251.0,5250.0,5251.0,5252.0,5252.0,5251.0,35
2016-05-05 15:56:00,2016-05-05 15:57:00,5250.0,5250.0,5251.0,5250.0,5252.0,5251.0,5252.0,5251.0,15
2016-05-05 15:57:00,2016-05-05 15:58:00,5250.0,5249.0,5251.0,5249.0,5251.0,5250.0,5252.0,5250.0,10
2016-05-05 15:58:00,2016-05-05 15:59:00,5249.0,5249.0,5249.0,5249.0,5250.0,5250.0,5251.0,5250.0,10
2016-05-05 15:59:00,2016-05-05 16:00:00,5249.0,5248.0,5249.0,5247.0,5250.0,5249.0,5252.0,5249.0,28
2016-05-05 16:00:00,2016-05-05 16:01:00,5248.0,5248.0,5249.0,5247.0,5249.0,5249.0,5250.0,5248.0,30
2016-05-05 16:01:00,2016-05-05 16:02:00,5248.0,5248.0,5248.0,5246.0,5249.0,5249.0,5250.0,5248.0,13
2016-05-05 16:02:00,2016-05-05 16:03:00,5248.0,5249.0,5249.0,5248.0,5249.0,5251.0,5251.0,5250.0,3
2016-05-05 16:03:00,2016-05-05 16:05:00,5248.0,5248.0,5248.0,5248.0,5249.0,5249.0,5250.0,5249.0,8
2016-05-05 16:05:00,2016-05-05 16:06:00,5248.0,5249.0,5250.0,5248.0,5249.0,5251.0,5251.0,5249.0,17
2016-05-05 16:06:00,2016-05-05 16:07:00,5249.0,5247.0,5249.0,5247.0,5251.0,5248.0,5250.0,5248.0,25
2016-05-05 16:07:00,2016-05-05 16:08:00,5247.0,5246.0,5247.0,5246.0,5248.0,5248.0,5248.0,5247.0,19
2016-05-05 16:08:00,2016-05-05 16:09:00,5246.0,5242.0,5246.0,5242.0,5248.0,5244.0,5247.0,5243.0,40
2016-05-05 16:09:00,2016-05-05 16:10:00,5242.0,5243.0,5244.0,5242.0,5244.0,5245.0,5245.0,5243.0,32
2016-05-05 16:10:00,2016-05-05 16:11:00,5243.0,5243.0,5244.0,5243.0,5245.0,5244.0,5245.0,5244.0,7
2016-05-05 16:11:00,2016-05-05 16:12:00,5243.0,5243.0,5244.0,5243.0,5244.0,5245.0,5246.0,5244.0,55
2016-05-05 16:12:00,2016-05-05 16:13:00,5243.0,5244.0,5244.0,5243.0,5245.0,5245.0,5246.0,5245.0,15
2016-05-05 16:13:00,2016-05-05 16:14:00,5244.0,5244.0,5245.0,5244.0,5245.0,5246.0,5246.0,5245.0,23
2016-05-05 16:14:00,2016-05-05 16:15:00,5244.0,5243.0,5245.0,5243.0,5246.0,5245.0,5246.0,5244.0,20
2016-05-05 16:15:00,2016-05-05 16:16:00,5243.0,5244.0,5244.0,5243.0,5245.0,5245.0,5246.0,5245.0,11
2016-05-05 16:16:00,2016-05-05 16:17:00,5244.0,5245.0,5246.0,5244.0,5245.0,5246.0,5247.0,5246.0,8
2016-05-05 16:17:00,2016-05-05 16:18:00,5245.0,5244.0,5245.0,5244.0,5246.0,5246.0,5247.0,5245.0,5
2016-05-05 16:18:00,2016-05-05 16:19:00,5244.0,5245.0,5245.0,5244.0,5246.0,5246.0,5246.0,5245.0,9
2016-05-05 16:19:00,2016-05-05 16:20:00,5245.0,5247.0,5247.0,5245.0,5246.0,5248.0,5248.0,5247.0,16
2016-05-05 16:20:00,2016-05-05 16:21:00,5247.0,5246.0,5247.0,5246.0,5248.0,5247.0,5248.0,5247.0,20
2016-05-05 16:21:00,2016-05-05 16:22:00,5246.0,5245.0,5247.0,5245.0,5247.0,5246.0,5248.0,5246.0,24
2016-05-05 16:22:00,2016-05-05 16:23:00,5245.0,5246.0,5246.0,5245.0,5246.0,5248.0,5248.0,5247.0,17
2016-05-05 16:23:00,2016-05-05 16:24:00,5246.0,5247.0,5247.0,5246.0,5248.0,5248.0,5248.0,5247.0,13
2016-05-05 16:24:00,2016-05-05 16:25:00,5247.0,5247.0,5248.0,5246.0,5248.0,5248.0,5249.0,5247.0,18
2016-05-05 16:25:00,2016-05-05 16:26:00,5247.0,5247.0,5247.0,5246.0,5248.0,5248.0,5249.0,5248.0,2
2016-05-05 16:26:00,2016-05-05 16:27:00,5247.0,5246.0,5246.0,5246.0,5248.0,5247.0,5248.0,5247.0,12
2016-05-05 16:27:00,2016-05-05 16:28:00,5246.0,5246.0,5246.0,5245.0,5247.0,5247.0,5248.0,5247.0,4
2016-05-05 16:28:00,2016-05-05 16:29:00,5246.0,5246.0,5247.0,5246.0,5247.0,5248.0,5248.0,5247.0,7
2016-05-05 16:29:00,2016-05-05 16:30:00,5246.0,5246.0,5246.0,5246.0,5248.0,5247.0,5248.0,5247.0,5
2016-05-05 16:30:00,2016-05-05 16:31:00,5246.0,5244.0,5246.0,5244.0,5247.0,5245.0,5247.0,5245.0,8
2016-05-05 16:31:00,2016-05-05 16:33:00,5244.0,5245.0,5247.0,5244.0,5245.0,5247.0,5248.0,5246.0,13
2016-05-05 16:33:00,2016-05-05 16:35:00,5245.0,5244.0,5245.0,5244.0,5246.0,5245.0,5246.0,5245.0,8
2016-05-05 16:35:00,2016-05-05 16:36:00,5244.0,5244.0,5244.0,5243.0,5245.0,5245.0,5245.0,5245.0,8
2016-05-05 16:36:00,2016-05-05 16:37:00,5244.0,5244.0,5244.0,5243.0,5245.0,5245.0,5246.0,5245.0,6
2016-05-05 16:37:00,2016-05-05 16:38:00,5244.0,5242.0,5243.0,5242.0,5245.0,5243.0,5245.0,5243.0,12
2016-05-05 16:38:00,2016-05-05 16:40:00,5242.0,5242.0,5243.0,5241.0,5243.0,5243.0,5245.0,5243.0,14
2016-05-05 16:40:00,2016-05-05 16:41:00,5242.0,5242.0,5242.0,5241.0,5243.0,5243.0,5244.0,5243.0,4
2016-05-05 16:41:00,2016-05-05 16:42:00,5242.0,5241.0,5242.0,5241.0,5243.0,5242.0,5243.0,5242.0,6
2016-05-05 16:42:00,2016-05-05 16:43:00,5241.0,5241.0,5241.0,5240.0,5242.0,5242.0,5243.0,5242.0,12
2016-05-05 16:43:00,2016-05-05 16:44:00,5241.0,5243.0,5243.0,5241.0,5242.0,5244.0,5244.0,5242.0,22
2016-05-05 16:44:00,2016-05-05 16:45:00,5243.0,5240.0,5242.0,5240.0,5244.0,5241.0,5244.0,5241.0,12
2016-05-05 16:45:00,2016-05-05 16:46:00,5240.0,5241.0,5241.0,5240.0,5241.0,5242.0,5243.0,5241.0,18
2016-05-05 16:46:00,2016-05-05 16:47:00,5241.0,5240.0,5241.0,5240.0,5242.0,5241.0,5243.0,5241.0,10
2016-05-05 16:47:00,2016-05-05 16:48:00,5240.0,5240.0,5241.0,5240.0,5241.0,5242.0,5242.0,5241.0,17
2016-05-05 16:48:00,2016-05-05 16:49:00,5240.0,5242.0,5242.0,5241.0,5242.0,5243.0,5243.0,5242.0,5
2016-05-05 16:49:00,2016-05-05 16:50:00,5242.0,5243.0,5243.0,5241.0,5243.0,5244.0,5244.0,5243.0,8
2016-05-05 16:50:00,2016-05-05 16:52:00,5243.0,5243.0,5244.0,5242.0,5244.0,5244.0,5246.0,5244.0,10
2016-05-05 16:52:00,2016-05-05 16:53:00,5243.0,5243.0,5244.0,5242.0,5244.0,5244.0,5245.0,5244.0,10
2016-05-05 16:53:00,2016-05-05 16:54:00,5243.0,5242.0,5243.0,5241.0,5244.0,5244.0,5245.0,5244.0,5
2016-05-05 16:54:00,2016-05-05 16:55:00,5242.0,5242.0,5243.0,5242.0,5244.0,5244.0,5245.0,5244.0,14
2016-05-05 16:55:00,2016-05-05 16:56:00,5242.0,5243.0,5244.0,5242.0,5244.0,5245.0,5245.0,5243.0,8
2016-05-05 16:56:00,2016-05-05 16:57:00,5243.0,5242.0,5243.0,5242.0,5245.0,5244.0,5245.0,5243.0,6
2016-05-05 16:57:00,2016-05-05 16:58:00,5242.0,5243.0,5243.0,5243.0,5244.0,5244.0,5245.0,5244.0,9
2016-05-05 16:58:00,2016-05-05 16:59:00,5243.0,5241.0,5242.0,5240.0,5244.0,5242.0,5244.0,5242.0,8
2016-05-05 16:59:00,2016-05-05 17:00:00,5241.0,5241.0,5242.0,5241.0,5242.0,5242.0,5244.0,5242.0,12
2016-05-05 17:00:00,2016-05-05 17:01:00,5241.0,5240.0,5241.0,5240.0,5242.0,5242.0,5242.0,5241.0,7
2016-05-05 17:01:00,2016-05-05 17:02:00,5240.0,5238.0,5240.0,5238.0,5242.0,5240.0,5241.0,5240.0,10
2016-05-05 17:02:00,2016-05-05 17:03:00,5238.0,5239.0,5240.0,5238.0,5240.0,5241.0,5241.0,5239.0,10
2016-05-05 17:03:00,2016-05-05 17:04:00,5239.0,5238.0,5239.0,5238.0,5241.0,5239.0,5240.0,5239.0,19
2016-05-05 17:04:00,2016-05-05 17:05:00,5238.0,5238.0,5239.0,5237.0,5239.0,5240.0,5241.0,5240.0,11
2016-05-05 17:05:00,2016-05-05 17:06:00,5238.0,5237.0,5239.0,5236.0,5240.0,5239.0,5241.0,5238.0,13
2016-05-05 17:06:00,2016-05-05 17:07:00,5237.0,5236.0,5237.0,5234.0,5239.0,5237.0,5239.0,5237.0,15
2016-05-05 17:07:00,2016-05-05 17:08:00,5236.0,5235.0,5236.0,5235.0,5237.0,5237.0,5238.0,5236.0,29
2016-05-05 17:08:00,2016-05-05 17:09:00,5235.0,5236.0,5237.0,5235.0,5237.0,5237.0,5238.0,5236.0,27
2016-05-05 17:09:00,2016-05-05 17:10:00,5236.0,5234.0,5235.0,5233.0,5237.0,5235.0,5239.0,5235.0,26
2016-05-05 17:10:00,2016-05-05 17:11:00,5234.0,5234.0,5235.0,5234.0,5235.0,5235.0,5236.0,5235.0,18
2016-05-05 17:11:00,2016-05-05 17:12:00,5234.0,5234.0,5234.0,5234.0,5235.0,5235.0,5236.0,5235.0,6
2016-05-05 17:12:00,2016-05-05 17:13:00,5234.0,5232.0,5235.0,5232.0,5235.0,5234.0,5236.0,5233.0,23
2016-05-05 17:13:00,2016-05-05 17:14:00,5232.0,5232.0,5233.0,5230.0,5234.0,5233.0,5234.0,5232.0,33
2016-05-05 17:14:00,2016-05-05 17:15:00,5232.0,5233.0,5233.0,5230.0,5233.0,5234.0,5235.0,5233.0,33
2016-05-05 17:15:00,2016-05-05 17:17:00,5232.0,5233.0,5234.0,5232.0,5233.0,5234.0,5235.0,5233.0,14
2016-05-05 17:17:00,2016-05-05 17:18:00,5233.0,5235.0,5235.0,5233.0,5234.0,5236.0,5236.0,5235.0,15
2016-05-05 17:18:00,2016-05-05 17:20:00,5235.0,5233.0,5235.0,5233.0,5236.0,5235.0,5237.0,5234.0,13
2016-05-05 17:20:00,2016-05-05 17:21:00,5233.0,5230.0,5233.0,5230.0,5235.0,5232.0,5235.0,5232.0,12
2016-05-05 17:21:00,2016-05-05 17:22:00,5230.0,5230.0,5231.0,5230.0,5232.0,5232.0,5232.0,5231.0,10
2016-05-05 17:22:00,2016-05-05 17:23:00,5230.0,5229.0,5230.0,5228.0,5232.0,5231.0,5231.0,5230.0,18
2016-05-05 17:23:00,2016-05-05 17:24:00,5229.0,5229.0,5230.0,5229.0,5231.0,5230.0,5231.0,5230.0,9
2016-05-05 17:24:00,2016-05-05 17:25:00,5229.0,5230.0,5230.0,5228.0,5230.0,5231.0,5231.0,5229.0,6
2016-05-05 17:25:00,2016-05-05 17:27:00,5230.0,5230.0,5230.0,5229.0,5232.0,5231.0,5231.0,5231.0,9
2016-05-05 17:27:00,2016-05-05 17:28:00,5230.0,5228.0,5230.0,5228.0,5231.0,5230.0,5231.0,5229.0,11
2016-05-05 17:28:00,2016-05-05 17:29:00,5228.0,5229.0,5229.0,5228.0,5230.0,5230.0,5231.0,5230.0,5
2016-05-05 17:29:00,2016-05-05 17:30:00,5229.0,5230.0,5231.0,5228.0,5230.0,5232.0,5233.0,5230.0,11
2016-05-05 17:30:00,2016-05-05 17:31:00,5230.0,5230.0,5231.0,5228.0,5232.0,5231.0,5232.0,5230.0,15
2016-05-05 17:31:00,2016-05-05 17:32:00,5230.0,5230.0,5231.0,5230.0,5231.0,5232.0,5233.0,5231.0,7
2016-05-05 17:32:00,2016-05-05 17:33:00,5230.0,5230.0,5231.0,5229.0,5232.0,5231.0,5232.0,5231.0,5
2016-05-05 17:33:00,2016-05-05 17:34:00,5230.0,5229.0,5230.0,5229.0,5231.0,5230.0,5231.0,5230.0,4
2016-05-05 17:34:00,2016-05-05 17:36:00,5229.0,5228.0,5228.0,5227.0,5230.0,5229.0,5230.0,5229.0,10
2016-05-05 17:36:00,2016-05-05 17:37:00,5228.0,5228.0,5229.0,5227.0,5229.0,5229.0,5231.0,5228.0,20
2016-05-05 17:37:00,2016-05-05 17:38:00,5228.0,5228.0,5228.0,5227.0,5229.0,5229.0,5229.0,5228.0,22
2016-05-05 17:38:00,2016-05-05 17:39:00,5228.0,5228.0,5229.0,5227.0,5229.0,5230.0,5230.0,5228.0,16
2016-05-05 17:39:00,2016-05-05 17:40:00,5228.0,5229.0,5230.0,5229.0,5230.0,5230.0,5232.0,5230.0,11
2016-05-05 17:40:00,2016-05-05 17:41:00,5229.0,5229.0,5230.0,5229.0,5230.0,5230.0,5231.0,5230.0,12
2016-05-05 17:41:00,2016-05-05 17:42:00,5229.0,5229.0,5229.0,5229.0,5230.0,5230.0,5231.0,5230.0,4
2016-05-05 17:42:00,2016-05-05 17:43:00,5229.0,5229.0,5229.0,5228.0,5230.0,5231.0,5231.0,5230.0,3
2016-05-05 17:43:00,2016-05-05 17:44:00,5229.0,5228.0,5230.0,5227.0,5231.0,5229.0,5232.0,5229.0,12
2016-05-05 17:44:00,2016-05-05 17:45:00,5228.0,5228.0,5229.0,5227.0,5229.0,5230.0,5230.0,5228.0,35
2016-05-05 17:45:00,2016-05-05 17:46:00,5228.0,5228.0,5228.0,5226.0,5230.0,5229.0,5229.0,5228.0,7
2016-05-05 17:46:00,2016-05-05 17:48:00,5229.0,5228.0,5229.0,5228.0,5230.0,5230.0,5230.0,5230.0,5
2016-05-05 17:48:00,2016-05-05 17:49:00,5228.0,5227.0,5228.0,5227.0,5230.0,5228.0,5230.0,5228.0,5
2016-05-05 17:49:00,2016-05-05 17:51:00,5228.0,5226.0,5227.0,5226.0,5229.0,5228.0,5229.0,5227.0,9
2016-05-05 17:51:00,2016-05-05 17:52:00,5226.0,5227.0,5227.0,5226.0,5228.0,5228.0,5228.0,5228.0,3
2016-05-05 17:52:00,2016-05-05 17:53:00,5227.0,5229.0,5229.0,5227.0,5228.0,5230.0,5230.0,5228.0,14
2016-05-05 17:53:00,2016-05-05 17:54:00,5229.0,5227.0,5228.0,5227.0,5230.0,5229.0,5230.0,5228.0,9
2016-05-05 17:54:00,2016-05-05 17:55:00,5227.0,5227.0,5227.0,5226.0,5229.0,5228.0,5229.0,5227.0,9
2016-05-05 17:55:00,2016-05-05 17:56:00,5227.0,5228.0,5228.0,5226.0,5228.0,5229.0,5229.0,5227.0,10
2016-05-05 17:56:00,2016-05-05 17:57:00,5228.0,5228.0,5229.0,5227.0,5229.0,5230.0,5231.0,5228.0,27
2016-05-05 17:57:00,2016-05-05 17:59:00,5228.0,5227.0,5228.0,5226.0,5230.0,5229.0,5230.0,5228.0,12
2016-05-05 17:59:00,2016-05-05 18:00:00,5227.0,5225.0,5227.0,5225.0,5229.0,5226.0,5228.0,5226.0,5
2016-05-05 18:00:00,2016-05-05 18:01:00,5225.0,5227.0,5227.0,5225.0,5226.0,5228.0,5228.0,5227.0,10
2016-05-05 18:01:00,2016-05-05 18:02:00,5227.0,5228.0,5228.0,5226.0,5228.0,5229.0,5229.0,5228.0,6
2016-05-05 18:02:00,2016-05-05 18:05:00,5230.0,5229.0,5231.0,5229.0,5231.0,5231.0,5232.0,5230.0,11
2016-05-05 18:05:00,2016-05-05 18:06:00,5229.0,5229.0,5229.0,5229.0,5231.0,5231.0,5231.0,5230.0,4
2016-05-05 18:06:00,2016-05-05 18:07:00,5229.0,5231.0,5232.0,5230.0,5231.0,5233.0,5233.0,5231.0,14
2016-05-05 18:07:00,2016-05-05 18:08:00,5231.0,5232.0,5233.0,5231.0,5233.0,5233.0,5234.0,5233.0,10
2016-05-05 18:08:00,2016-05-05 18:09:00,5232.0,5234.0,5234.0,5232.0,5233.0,5235.0,5235.0,5234.0,6
2016-05-05 18:09:00,2016-05-05 18:10:00,5234.0,5234.0,5235.0,5232.0,5235.0,5236.0,5237.0,5235.0,6
2016-05-05 18:10:00,2016-05-05 18:12:00,5234.0,5234.0,5234.0,5233.0,5235.0,5235.0,5236.0,5234.0,12
2016-05-05 18:12:00,2016-05-05 18:13:00,5234.0,5235.0,5236.0,5234.0,5235.0,5236.0,5237.0,5236.0,12
2016-05-05 18:13:00,2016-05-05 18:16:00,5235.0,5234.0,5234.0,5233.0,5236.0,5236.0,5236.0,5235.0,7
2016-05-05 18:16:00,2016-05-05 18:18:00,5234.0,5232.0,5234.0,5232.0,5235.0,5234.0,5236.0,5233.0,7
2016-05-05 18:18:00,2016-05-05 18:19:00,5232.0,5230.0,5232.0,5230.0,5234.0,5232.0,5234.0,5231.0,12
2016-05-05 18:19:00,2016-05-05 18:20:00,5230.0,5231.0,5231.0,5230.0,5232.0,5233.0,5233.0,5231.0,12
2016-05-05 18:20:00,2016-05-05 18:21:00,5231.0,5233.0,5234.0,5231.0,5233.0,5235.0,5235.0,5233.0,14
2016-05-05 18:21:00,2016-05-05 18:22:00,5233.0,5233.0,5233.0,5232.0,5235.0,5234.0,5234.0,5234.0,9
2016-05-05 18:22:00,2016-05-05 18:23:00,5233.0,5234.0,5234.0,5232.0,5234.0,5236.0,5236.0,5234.0,9
2016-05-05 18:23:00,2016-05-05 18:24:00,5234.0,5235.0,5235.0,5235.0,5236.0,5236.0,5237.0,5236.0,3
2016-05-05 18:24:00,2016-05-05 18:25:00,5235.0,5234.0,5235.0,5234.0,5236.0,5235.0,5237.0,5235.0,10
2016-05-05 18:25:00,2016-05-05 18:26:00,5234.0,5235.0,5235.0,5233.0,5235.0,5236.0,5236.0,5234.0,8
2016-05-05 18:26:00,2016-05-05 18:29:00,5235.0,5234.0,5234.0,5234.0,5236.0,5235.0,5236.0,5235.0,10
2016-05-05 18:29:00,2016-05-05 18:30:00,5234.0,5235.0,5235.0,5234.0,5235.0,5236.0,5236.0,5236.0,6
2016-05-05 18:30:00,2016-05-05 18:33:00,5233.0,5235.0,5235.0,5232.0,5234.0,5236.0,5236.0,5234.0,8
2016-05-05 18:33:00,2016-05-05 18:34:00,5235.0,5234.0,5235.0,5233.0,5236.0,5235.0,5236.0,5234.0,8
2016-05-05 18:34:00,2016-05-05 18:36:00,5236.0,5234.0,5236.0,5234.0,5237.0,5235.0,5238.0,5235.0,6
2016-05-05 18:36:00,2016-05-05 18:37:00,5234.0,5234.0,5235.0,5234.0,5235.0,5235.0,5236.0,5235.0,10
2016-05-05 18:37:00,2016-05-05 18:38:00,5234.0,5233.0,5235.0,5233.0,5235.0,5235.0,5237.0,5235.0,13
2016-05-05 18:38:00,2016-05-05 18:40:00,5233.0,5233.0,5233.0,5233.0,5235.0,5235.0,5235.0,5234.0,6
2016-05-05 18:40:00,2016-05-05 18:41:00,5233.0,5237.0,5237.0,5234.0,5235.0,5238.0,5238.0,5235.0,13
2016-05-05 18:41:00,2016-05-05 18:42:00,5237.0,5236.0,5238.0,5236.0,5238.0,5238.0,5239.0,5238.0,5
2016-05-05 18:42:00,2016-05-05 18:43:00,5236.0,5235.0,5236.0,5235.0,5238.0,5237.0,5238.0,5236.0,12
2016-05-05 18:43:00,2016-05-05 18:44:00,5235.0,5237.0,5237.0,5235.0,5237.0,5238.0,5238.0,5237.0,7
2016-05-05 18:44:00,2016-05-05 18:45:00,5237.0,5238.0,5238.0,5237.0,5238.0,5239.0,5239.0,5239.0,2
2016-05-05 18:45:00,2016-05-05 18:46:00,5238.0,5238.0,5238.0,5237.0,5239.0,5239.0,5239.0,5238.0,8
2016-05-05 18:46:00,2016-05-05 18:47:00,5238.0,5236.0,5238.0,5236.0,5239.0,5238.0,5239.0,5237.0,7
2016-05-05 18:47:00,2016-05-05 18:48:00,5236.0,5237.0,5238.0,5235.0,5238.0,5238.0,5239.0,5236.0,15
2016-05-05 18:48:00,2016-05-05 18:49:00,5237.0,5236.0,5237.0,5235.0,5238.0,5238.0,5240.0,5237.0,13
2016-05-05 18:49:00,2016-05-05 18:50:00,5236.0,5237.0,5237.0,5236.0,5238.0,5239.0,5239.0,5237.0,10
2016-05-05 18:50:00,2016-05-05 18:51:00,5237.0,5236.0,5237.0,5235.0,5239.0,5238.0,5239.0,5238.0,4
2016-05-05 18:51:00,2016-05-05 18:52:00,5236.0,5235.0,5235.0,5235.0,5238.0,5237.0,5238.0,5236.0,3
2016-05-05 18:52:00,2016-05-05 18:53:00,5235.0,5236.0,5236.0,5236.0,5237.0,5237.0,5238.0,5237.0,5
2016-05-05 18:53:00,2016-05-05 18:55:00,5234.0,5235.0,5235.0,5235.0,5236.0,5237.0,5237.0,5236.0,2
2016-05-05 18:55:00,2016-05-05 18:56:00,5235.0,5234.0,5234.0,5233.0,5237.0,5235.0,5237.0,5234.0,7
2016-05-05 18:56:00,2016-05-05 18:57:00,5234.0,5234.0,5235.0,5233.0,5235.0,5236.0,5236.0,5235.0,9
2016-05-05 18:57:00,2016-05-05 18:59:00,5234.0,5231.0,5234.0,5231.0,5236.0,5232.0,5235.0,5232.0,9
2016-05-05 18:59:00,2016-05-05 19:00:00,5231.0,5231.0,5231.0,5230.0,5232.0,5233.0,5233.0,5232.0,5
2016-05-05 19:00:00,2016-05-05 19:02:00,5231.0,5228.0,5231.0,5228.0,5233.0,5230.0,5235.0,5230.0,9
2016-05-05 19:02:00,2016-05-05 19:04:00,5229.0,5228.0,5229.0,5228.0,5231.0,5230.0,5232.0,5230.0,4
2016-05-05 19:04:00,2016-05-05 19:06:00,5228.0,5228.0,5229.0,5227.0,5229.0,5230.0,5230.0,5228.0,9
2016-05-05 19:06:00,2016-05-05 19:07:00,5228.0,5228.0,5228.0,5227.0,5230.0,5230.0,5230.0,5229.0,4
2016-05-05 19:07:00,2016-05-05 19:08:00,5228.0,5228.0,5229.0,5228.0,5230.0,5230.0,5230.0,5230.0,2
2016-05-05 19:08:00,2016-05-05 19:09:00,5228.0,5229.0,5229.0,5229.0,5230.0,5230.0,5230.0,5230.0,1
2016-05-05 19:09:00,2016-05-05 19:10:00,5229.0,5232.0,5232.0,5229.0,5230.0,5233.0,5233.0,5231.0,10
2016-05-05 19:10:00,2016-05-05 19:12:00,5232.0,5232.0,5232.0,5231.0,5233.0,5233.0,5233.0,5232.0,4
2016-05-05 19:12:00,2016-05-05 19:13:00,5232.0,5234.0,5234.0,5231.0,5233.0,5235.0,5235.0,5232.0,22
2016-05-05 19:13:00,2016-05-05 19:15:00,5233.0,5232.0,5233.0,5232.0,5234.0,5233.0,5235.0,5233.0,9
2016-05-05 19:15:00,2016-05-05 19:16:00,5232.0,5231.0,5233.0,5231.0,5233.0,5232.0,5234.0,5232.0,12
2016-05-05 19:16:00,2016-05-05 19:17:00,5231.0,5231.0,5232.0,5230.0,5232.0,5232.0,5234.0,5232.0,10
2016-05-05 19:17:00,2016-05-05 19:18:00,5231.0,5229.0,5230.0,5229.0,5232.0,5231.0,5232.0,5230.0,11
2016-05-05 19:18:00,2016-05-05 19:19:00,5229.0,5233.0,5233.0,5230.0,5231.0,5234.0,5234.0,5231.0,9
2016-05-05 19:19:00,2016-05-05 19:20:00,5233.0,5232.0,5232.0,5231.0,5234.0,5233.0,5234.0,5232.0,8
2016-05-05 19:20:00,2016-05-05 19:21:00,5232.0,5233.0,5233.0,5231.0,5233.0,5234.0,5234.0,5233.0,14
2016-05-05 19:21:00,2016-05-05 19:24:00,5233.0,5234.0,5235.0,5232.0,5234.0,5236.0,5236.0,5234.0,13
2016-05-05 19:24:00,2016-05-05 19:25:00,5234.0,5233.0,5235.0,5233.0,5236.0,5234.0,5237.0,5234.0,13
2016-05-05 19:25:00,2016-05-05 19:26:00,5233.0,5232.0,5232.0,5231.0,5234.0,5233.0,5235.0,5232.0,11
2016-05-05 19:26:00,2016-05-05 19:27:00,5232.0,5233.0,5233.0,5231.0,5233.0,5234.0,5234.0,5232.0,12
2016-05-05 19:27:00,2016-05-05 19:28:00,5233.0,5233.0,5234.0,5232.0,5234.0,5234.0,5235.0,5234.0,18
2016-05-05 19:28:00,2016-05-05 19:29:00,5233.0,5233.0,5235.0,5233.0,5234.0,5235.0,5236.0,5234.0,17
2016-05-05 19:29:00,2016-05-05 19:30:00,5233.0,5233.0,5235.0,5233.0,5235.0,5235.0,5236.0,5234.0,12
2016-05-05 19:30:00,2016-05-05 19:31:00,5233.0,5233.0,5234.0,5232.0,5235.0,5234.0,5235.0,5233.0,15
2016-05-05 19:31:00,2016-05-05 19:34:00,5232.0,5233.0,5233.0,5233.0,5234.0,5235.0,5235.0,5234.0,2
2016-05-05 19:34:00,2016-05-05 19:35:00,5233.0,5232.0,5234.0,5232.0,5235.0,5234.0,5235.0,5234.0,6
2016-05-05 19:35:00,2016-05-05 19:36:00,5232.0,5232.0,5233.0,5232.0,5234.0,5234.0,5235.0,5234.0,4
2016-05-05 19:36:00,2016-05-05 19:37:00,5232.0,5231.0,5232.0,5230.0,5234.0,5232.0,5234.0,5231.0,12
2016-05-05 19:37:00,2016-05-05 19:38:00,5231.0,5228.0,5230.0,5228.0,5232.0,5229.0,5232.0,5229.0,10
2016-05-05 19:38:00,2016-05-05 19:39:00,5228.0,5230.0,5230.0,5228.0,5229.0,5231.0,5231.0,5230.0,6
2016-05-05 19:39:00,2016-05-05 19:40:00,5230.0,5230.0,5232.0,5229.0,5231.0,5232.0,5233.0,5231.0,21
2016-05-05 19:40:00,2016-05-05 19:41:00,5230.0,5232.0,5232.0,5229.0,5232.0,5234.0,5234.0,5231.0,17
2016-05-05 19:41:00,2016-05-05 19:42:00,5232.0,5231.0,5232.0,5231.0,5234.0,5232.0,5234.0,5232.0,17
2016-05-05 19:42:00,2016-05-05 19:43:00,5231.0,5232.0,5233.0,5231.0,5232.0,5233.0,5234.0,5232.0,18
2016-05-05 19:43:00,2016-05-05 19:44:00,5232.0,5232.0,5233.0,5230.0,5233.0,5234.0,5234.0,5231.0,29
2016-05-05 19:44:00,2016-05-05 19:46:00,5232.0,5233.0,5233.0,5231.0,5233.0,5234.0,5234.0,5232.0,16
2016-05-05 19:46:00,2016-05-05 19:47:00,5233.0,5233.0,5233.0,5232.0,5234.0,5234.0,5234.0,5234.0,6
2016-05-05 19:47:00,2016-05-05 19:48:00,5233.0,5232.0,5233.0,5232.0,5234.0,5233.0,5234.0,5233.0,4
2016-05-05 19:48:00,2016-05-05 19:49:00,5232.0,5232.0,5233.0,5231.0,5233.0,5233.0,5234.0,5232.0,21
2016-05-05 19:49:00,2016-05-05 19:50:00,5232.0,5232.0,5233.0,5231.0,5233.0,5233.0,5234.0,5232.0,20
2016-05-05 19:50:00,2016-05-05 19:54:00,5232.0,5232.0,5232.0,5230.0,5233.0,5233.0,5235.0,5233.0,3
2016-05-05 19:54:00,2016-05-05 19:56:00,5233.0,5235.0,5236.0,5234.0,5235.0,5237.0,5238.0,5235.0,16
2016-05-05 19:56:00,2016-05-05 19:57:00,5235.0,5238.0,5239.0,5236.0,5237.0,5239.0,5240.0,5237.0,11
2016-05-05 19:57:00,2016-05-05 19:58:00,5238.0,5238.0,5238.0,5238.0,5239.0,5241.0,5241.0,5239.0,8
2016-05-05 19:58:00,2016-05-05 19:59:00,5238.0,5242.0,5244.0,5238.0,5241.0,5244.0,5246.0,5240.0,40
2016-05-05 19:59:00,2016-05-05 20:00:00,5242.0,5238.0,5243.0,5238.0,5244.0,5241.0,5244.0,5240.0,27
2016-05-05 20:00:00,2016-05-05 20:01:00,5238.0,5240.0,5240.0,5239.0,5241.0,5242.0,5242.0,5241.0,3
2016-05-05 20:01:00,2016-05-05 20:02:00,5240.0,5242.0,5242.0,5240.0,5242.0,5243.0,5243.0,5242.0,9
2016-05-05 20:02:00,2016-05-05 20:03:00,5242.0,5240.0,5241.0,5240.0,5243.0,5242.0,5243.0,5242.0,5
2016-05-05 20:03:00,2016-05-05 20:05:00,5240.0,5242.0,5242.0,5240.0,5242.0,5243.0,5243.0,5243.0,3
2016-05-05 20:05:00,2016-05-05 20:06:00,5242.0,5240.0,5242.0,5238.0,5243.0,5243.0,5243.0,5243.0,7
2016-05-05 20:06:00,2016-05-05 20:07:00,5240.0,5241.0,5241.0,5240.0,5243.0,5242.0,5244.0,5242.0,4
2016-05-05 20:07:00,2016-05-05 20:08:00,5241.0,5242.0,5242.0,5241.0,5242.0,5243.0,5244.0,5242.0,12
2016-05-05 20:08:00,2016-05-05 20:09:00,5242.0,5242.0,5243.0,5240.0,5243.0,5244.0,5245.0,5244.0,10
2016-05-05 20:09:00,2016-05-05 20:10:00,5242.0,5242.0,5242.0,5240.0,5244.0,5244.0,5246.0,5244.0,5
2016-05-05 20:10:00,2016-05-05 20:11:00,5242.0,5242.0,5242.0,5242.0,5244.0,5244.0,5245.0,5244.0,2
2016-05-05 20:11:00,2016-05-05 20:12:00,5242.0,5242.0,5242.0,5242.0,5244.0,5245.0,5245.0,5244.0,5
2016-05-05 20:12:00,2016-05-05 20:14:00,5242.0,5241.0,5242.0,5241.0,5245.0,5243.0,5245.0,5242.0,13
2016-05-05 20:14:00,2016-05-05 20:15:00,5241.0,5241.0,5241.0,5239.0,5243.0,5243.0,5243.0,5243.0,4
2016-05-05 20:15:00,2016-05-05 20:16:00,5241.0,5240.0,5240.0,5240.0,5243.0,5241.0,5243.0,5241.0,2
2016-05-05 20:16:00,2016-05-05 20:17:00,5240.0,5239.0,5240.0,5239.0,5241.0,5242.0,5243.0,5242.0,3
2016-05-05 20:17:00,2016-05-05 20:18:00,5239.0,5240.0,5240.0,5240.0,5242.0,5242.0,5242.0,5242.0,1
2016-05-05 20:18:00,2016-05-05 20:20:00,5240.0,5237.0,5239.0,5237.0,5242.0,5242.0,5243.0,5242.0,5
2016-05-05 20:20:00,2016-05-05 20:21:00,5237.0,5237.0,5237.0,5237.0,5242.0,5238.0,5239.0,5238.0,2
2016-05-05 20:21:00,2016-05-05 20:22:00,5237.0,5237.0,5237.0,5236.0,5238.0,5239.0,5243.0,5239.0,8
2016-05-05 20:22:00,2016-05-05 20:24:00,5237.0,5237.0,5237.0,5236.0,5239.0,5240.0,5240.0,5237.0,5
2016-05-05 20:24:00,2016-05-05 20:27:00,5237.0,5236.0,5236.0,5236.0,5240.0,5241.0,5241.0,5241.0,1
2016-05-05 20:27:00,2016-05-05 20:28:00,5236.0,5240.0,5240.0,5235.0,5241.0,5241.0,5243.0,5241.0,7
2016-05-05 20:28:00,2016-05-05 20:29:00,5240.0,5238.0,5241.0,5238.0,5241.0,5242.0,5242.0,5241.0,12
2016-05-05 20:29:00,2016-05-05 20:30:00,5238.0,5238.0,5238.0,5238.0,5242.0,5242.0,5243.0,5242.0,2
2016-05-05 20:30:00,2016-05-05 20:31:00,5238.0,5238.0,5238.0,5238.0,5242.0,5241.0,5241.0,5241.0,1
2016-05-05 20:31:00,2016-05-05 20:33:00,5238.0,5238.0,5238.0,5237.0,5241.0,5241.0,5242.0,5241.0,2
2016-05-05 20:33:00,2016-05-05 20:34:00,5238.0,5239.0,5241.0,5237.0,5241.0,5242.0,5242.0,5238.0,9
2016-05-05 20:34:00,2016-05-05 20:35:00,5239.0,5239.0,5241.0,5239.0,5242.0,5244.0,5244.0,5242.0,3
2016-05-05 20:35:00,2016-05-05 20:37:00,5239.0,5240.0,5241.0,5240.0,5244.0,5241.0,5242.0,5241.0,5
2016-05-05 20:37:00,2016-05-05 20:41:00,5241.0,5241.0,5241.0,5239.0,5243.0,5242.0,5242.0,5241.0,6
2016-05-05 20:41:00,2016-05-05 20:42:00,5241.0,5239.0,5240.0,5239.0,5242.0,5242.0,5242.0,5242.0,2
2016-05-05 20:42:00,2016-05-05 20:43:00,5239.0,5239.0,5239.0,5239.0,5242.0,5242.0,5242.0,5240.0,7
2016-05-05 20:43:00,2016-05-05 20:45:00,5239.0,5242.0,5243.0,5239.0,5242.0,5243.0,5244.0,5243.0,15
2016-05-05 20:45:00,2016-05-05 20:46:00,5242.0,5242.0,5243.0,5242.0,5243.0,5245.0,5246.0,5244.0,6
2016-05-05 20:46:00,2016-05-05 20:49:00,5241.0,5242.0,5243.0,5242.0,5245.0,5245.0,5245.0,5244.0,3
2016-05-05 20:49:00,2016-05-05 20:50:00,5242.0,5242.0,5242.0,5242.0,5245.0,5244.0,5244.0,5244.0,1
2016-05-05 20:50:00,2016-05-05 20:52:00,5242.0,5240.0,5242.0,5239.0,5244.0,5243.0,5243.0,5243.0,4
2016-05-05 20:52:00,2016-05-05 20:54:00,5240.0,5240.0,5240.0,5240.0,5243.0,5242.0,5242.0,5242.0,1
2016-05-05 20:54:00,2016-05-05 20:56:00,5240.0,5241.0,5241.0,5238.0,5242.0,5243.0,5244.0,5242.0,3
2016-05-05 20:56:00,2016-05-05 20:57:00,5241.0,5243.0,5243.0,5242.0,5243.0,5244.0,5244.0,5243.0,3
2016-05-05 20:57:00,2016-05-05 20:58:00,5243.0,5242.0,5243.0,5242.0,5244.0,5244.0,5244.0,5244.0,3
2016-05-05 20:58:00,2016-05-05 20:59:00,5242.0,5242.0,5243.0,5241.0,5244.0,5244.0,5245.0,5243.0,5
2016-05-05 20:59:00,2016-05-05 23:50:00,5241.0,5242.0,5246.0,5236.0,5245.0,5243.0,5247.0,5237.0,116
2016-05-05 23:50:00,2016-05-05 23:51:00,5242.0,5237.0,5241.0,5237.0,5243.0,5238.0,5243.0,5238.0,27
2016-05-05 23:51:00,2016-05-05 23:52:00,5237.0,5236.0,5238.0,5235.0,5238.0,5239.0,5239.0,5236.0,30
2016-05-05 23:52:00,2016-05-05 23:53:00,5236.0,5235.0,5238.0,5234.0,5239.0,5236.0,5239.0,5235.0,28
2016-05-05 23:53:00,2016-05-05 23:54:00,5235.0,5240.0,5240.0,5235.0,5236.0,5241.0,5241.0,5236.0,46
2016-05-05 23:54:00,2016-05-05 23:55:00,5240.0,5238.0,5240.0,5237.0,5241.0,5240.0,5241.0,5239.0,52
2016-05-05 23:55:00,2016-05-05 23:56:00,5238.0,5240.0,5241.0,5238.0,5240.0,5241.0,5242.0,5239.0,45
2016-05-05 23:56:00,2016-05-05 23:57:00,5240.0,5238.0,5241.0,5237.0,5241.0,5239.0,5242.0,5238.0,39
2016-05-05 23:57:00,2016-05-05 23:58:00,5238.0,5237.0,5239.0,5235.0,5239.0,5238.0,5241.0,5236.0,46
2016-05-05 23:58:00,2016-05-05 23:59:00,5237.0,5237.0,5240.0,5236.0,5238.0,5239.0,5241.0,5237.0,43
2016-05-05 23:59:00,2016-05-06 00:00:00,5237.0,5237.0,5241.0,5234.0,5239.0,5238.0,5242.0,5235.0,164
2016-05-06 00:00:00,2016-05-06 00:01:00,5237.0,5236.0,5242.0,5235.0,5238.0,5237.0,5243.0,5236.0,118
2016-05-06 00:01:00,2016-05-06 00:02:00,5236.0,5221.0,5237.0,5219.0,5237.0,5222.0,5238.0,5220.0,215
2016-05-06 00:02:00,2016-05-06 00:03:00,5221.0,5211.0,5226.0,5211.0,5222.0,5213.0,5227.0,5212.0,181
2016-05-06 00:03:00,2016-05-06 00:04:00,5211.0,5217.0,5219.0,5211.0,5213.0,5218.0,5220.0,5212.0,113
2016-05-06 00:04:00,2016-05-06 00:05:00,5217.0,5215.0,5221.0,5213.0,5218.0,5216.0,5222.0,5214.0,155
2016-05-06 00:05:00,2016-05-06 00:06:00,5215.0,5218.0,5219.0,5213.0,5216.0,5219.0,5220.0,5214.0,116
2016-05-06 00:06:00,2016-05-06 00:07:00,5218.0,5210.0,5218.0,5206.0,5219.0,5212.0,5219.0,5208.0,157
2016-05-06 00:07:00,2016-05-06 00:08:00,5210.0,5210.0,5213.0,5202.0,5212.0,5211.0,5214.0,5203.0,190
2016-05-06 00:08:00,2016-05-06 00:09:00,5210.0,5198.0,5211.0,5196.0,5211.0,5199.0,5212.0,5198.0,134
2016-05-06 00:09:00,2016-05-06 00:10:00,5198.0,5205.0,5205.0,5197.0,5199.0,5206.0,5206.0,5198.0,193
2016-05-06 00:10:00,2016-05-06 00:11:00,5205.0,5211.0,5211.0,5204.0,5206.0,5212.0,5213.0,5205.0,62
2016-05-06 00:11:00,2016-05-06 00:12:00,5211.0,5210.0,5213.0,5208.0,5212.0,5211.0,5214.0,5209.0,80
2016-05-06 00:12:00,2016-05-06 00:13:00,5210.0,5210.0,5214.0,5210.0,5211.0,5211.0,5215.0,5211.0,78
2016-05-06 00:13:00,2016-05-06 00:14:00,5210.0,5206.0,5212.0,5206.0,5211.0,5207.0,5214.0,5207.0,67
2016-05-06 00:14:00,2016-05-06 00:15:00,5206.0,5203.0,5208.0,5203.0,5207.0,5204.0,5209.0,5204.0,68
2016-05-06 00:15:00,2016-05-06 00:16:00,5203.0,5208.0,5209.0,5202.0,5204.0,5209.0,5210.0,5203.0,112
2016-05-06 00:16:00,2016-05-06 00:17:00,5208.0,5202.0,5210.0,5202.0,5209.0,5204.0,5211.0,5203.0,141
2016-05-06 00:17:00,2016-05-06 00:18:00,5202.0,5202.0,5204.0,5200.0,5204.0,5203.0,5205.0,5201.0,128
2016-05-06 00:18:00,2016-05-06 00:19:00,5202.0,5197.0,5203.0,5195.0,5203.0,5198.0,5204.0,5196.0,96
2016-05-06 00:19:00,2016-05-06 00:20:00,5197.0,5198.0,5200.0,5194.0,5198.0,5199.0,5202.0,5196.0,71
2016-05-06 00:20:00,2016-05-06 00:21:00,5198.0,5200.0,5201.0,5195.0,5199.0,5201.0,5203.0,5196.0,70
2016-05-06 00:21:00,2016-05-06 00:22:00,5200.0,5204.0,5204.0,5199.0,5201.0,5205.0,5206.0,5200.0,38
2016-05-06 00:22:00,2016-05-06 00:23:00,5204.0,5210.0,5210.0,5203.0,5205.0,5211.0,5211.0,5204.0,34
2016-05-06 00:23:00,2016-05-06 00:24:00,5210.0,5213.0,5216.0,5209.0,5211.0,5214.0,5217.0,5210.0,46
2016-05-06 00:24:00,2016-05-06 00:25:00,5213.0,5206.0,5212.0,5203.0,5214.0,5207.0,5214.0,5204.0,96
2016-05-06 00:25:00,2016-05-06 00:26:00,5206.0,5211.0,5211.0,5204.0,5207.0,5212.0,5213.0,5205.0,61
2016-05-06 00:26:00,2016-05-06 00:27:00,5211.0,5216.0,5217.0,5210.0,5212.0,5218.0,5218.0,5212.0,59
2016-05-06 00:27:00,2016-05-06 00:28:00,5216.0,5212.0,5216.0,5209.0,5218.0,5213.0,5217.0,5210.0,69
2016-05-06 00:28:00,2016-05-06 00:29:00,5212.0,5210.0,5213.0,5209.0,5213.0,5211.0,5215.0,5210.0,34
2016-05-06 00:29:00,2016-05-06 00:30:00,5210.0,5213.0,5214.0,5209.0,5211.0,5214.0,5215.0,5210.0,36
2016-05-06 00:30:00,2016-05-06 00:31:00,5213.0,5216.0,5218.0,5210.0,5214.0,5217.0,5219.0,5212.0,84
2016-05-06 00:31:00,2016-05-06 00:32:00,5216.0,5214.0,5217.0,5213.0,5217.0,5215.0,5218.0,5214.0,74
2016-05-06 00:32:00,2016-05-06 00:33:00,5214.0,5216.0,5216.0,5213.0,5215.0,5217.0,5217.0,5214.0,56
2016-05-06 00:33:00,2016-05-06 00:34:00,5216.0,5218.0,5221.0,5216.0,5217.0,5220.0,5222.0,5218.0,47
2016-05-06 00:34:00,2016-05-06 00:35:00,5218.0,5220.0,5220.0,5218.0,5220.0,5221.0,5221.0,5219.0,33
2016-05-06 00:35:00,2016-05-06 00:36:00,5220.0,5221.0,5222.0,5220.0,5221.0,5222.0,5223.0,5221.0,34
2016-05-06 00:36:00,2016-05-06 00:37:00,5221.0,5220.0,5221.0,5218.0,5222.0,5221.0,5222.0,5219.0,37
2016-05-06 00:37:00,2016-05-06 00:38:00,5220.0,5219.0,5223.0,5219.0,5221.0,5220.0,5224.0,5220.0,38
2016-05-06 00:38:00,2016-05-06 00:39:00,5219.0,5216.0,5221.0,5215.0,5220.0,5217.0,5222.0,5216.0,84
2016-05-06 00:39:00,2016-05-06 00:40:00,5216.0,5217.0,5217.0,5213.0,5217.0,5218.0,5219.0,5214.0,57
2016-05-06 00:40:00,2016-05-06 00:41:00,5217.0,5215.0,5218.0,5215.0,5218.0,5216.0,5219.0,5216.0,24
2016-05-06 00:41:00,2016-05-06 00:43:00,5215.0,5215.0,5217.0,5214.0,5216.0,5216.0,5218.0,5215.0,36
2016-05-06 00:43:00,2016-05-06 00:44:00,5215.0,5218.0,5218.0,5215.0,5216.0,5219.0,5219.0,5217.0,31
2016-05-06 00:44:00,2016-05-06 00:45:00,5218.0,5218.0,5219.0,5216.0,5219.0,5219.0,5220.0,5218.0,62
2016-05-06 00:45:00,2016-05-06 00:46:00,5218.0,5224.0,5226.0,5218.0,5219.0,5225.0,5227.0,5219.0,70
2016-05-06 00:46:00,2016-05-06 00:47:00,5224.0,5225.0,5228.0,5224.0,5225.0,5227.0,5229.0,5226.0,27
2016-05-06 00:47:00,2016-05-06 00:48:00,5225.0,5222.0,5226.0,5221.0,5227.0,5223.0,5228.0,5222.0,27
2016-05-06 00:48:00,2016-05-06 00:49:00,5222.0,5223.0,5224.0,5222.0,5223.0,5224.0,5225.0,5223.0,34
2016-05-06 00:49:00,2016-05-06 00:50:00,5223.0,5224.0,5226.0,5223.0,5224.0,5225.0,5227.0,5225.0,38
2016-05-06 00:50:00,2016-05-06 00:51:00,5224.0,5225.0,5226.0,5223.0,5225.0,5226.0,5227.0,5224.0,30
2016-05-06 00:51:00,2016-05-06 00:52:00,5225.0,5227.0,5228.0,5225.0,5226.0,5228.0,5229.0,5226.0,34
2016-05-06 00:52:00,2016-05-06 00:53:00,5227.0,5226.0,5230.0,5225.0,5228.0,5227.0,5231.0,5226.0,49
2016-05-06 00:53:00,2016-05-06 00:54:00,5226.0,5231.0,5232.0,5226.0,5227.0,5232.0,5233.0,5228.0,26
2016-05-06 00:54:00,2016-05-06 00:55:00,5231.0,5229.0,5232.0,5228.0,5232.0,5230.0,5233.0,5229.0,43
2016-05-06 00:55:00,2016-05-06 00:56:00,5229.0,5228.0,5231.0,5227.0,5230.0,5229.0,5232.0,5228.0,50
2016-05-06 00:56:00,2016-05-06 00:57:00,5228.0,5228.0,5230.0,5227.0,5229.0,5229.0,5231.0,5228.0,24
2016-05-06 00:57:00,2016-05-06 00:58:00,5228.0,5232.0,5232.0,5228.0,5229.0,5233.0,5233.0,5229.0,40
2016-05-06 00:58:00,2016-05-06 00:59:00,5232.0,5232.0,5233.0,5230.0,5233.0,5233.0,5234.0,5231.0,30
2016-05-06 00:59:00,2016-05-06 01:00:00,5232.0,5230.0,5233.0,5229.0,5233.0,5231.0,5234.0,5230.0,32
2016-05-06 01:00:00,2016-05-06 01:01:00,5230.0,5228.0,5231.0,5227.0,5231.0,5229.0,5232.0,5228.0,36
2016-05-06 01:01:00,2016-05-06 01:03:00,5228.0,5224.0,5228.0,5224.0,5230.0,5225.0,5229.0,5225.0,45
2016-05-06 01:03:00,2016-05-06 01:04:00,5224.0,5227.0,5228.0,5224.0,5225.0,5229.0,5229.0,5225.0,35
2016-05-06 01:04:00,2016-05-06 01:05:00,5227.0,5227.0,5228.0,5226.0,5229.0,5228.0,5229.0,5227.0,25
2016-05-06 01:05:00,2016-05-06 01:06:00,5227.0,5230.0,5230.0,5227.0,5228.0,5231.0,5231.0,5229.0,40
2016-05-06 01:06:00,2016-05-06 01:07:00,5230.0,5229.0,5229.0,5227.0,5231.0,5230.0,5231.0,5228.0,36
2016-05-06 01:07:00,2016-05-06 01:08:00,5229.0,5235.0,5236.0,5228.0,5230.0,5237.0,5237.0,5229.0,43
2016-05-06 01:08:00,2016-05-06 01:09:00,5235.0,5233.0,5237.0,5231.0,5237.0,5234.0,5238.0,5232.0,63
2016-05-06 01:09:00,2016-05-06 01:10:00,5233.0,5239.0,5239.0,5232.0,5234.0,5240.0,5240.0,5234.0,38
2016-05-06 01:10:00,2016-05-06 01:11:00,5239.0,5237.0,5240.0,5236.0,5240.0,5238.0,5241.0,5237.0,55
2016-05-06 01:11:00,2016-05-06 01:12:00,5237.0,5233.0,5236.0,5233.0,5238.0,5234.0,5238.0,5234.0,44
2016-05-06 01:12:00,2016-05-06 01:13:00,5233.0,5236.0,5237.0,5233.0,5234.0,5238.0,5238.0,5234.0,31
2016-05-06 01:13:00,2016-05-06 01:14:00,5236.0,5237.0,5239.0,5235.0,5238.0,5238.0,5240.0,5236.0,51
2016-05-06 01:14:00,2016-05-06 01:15:00,5237.0,5238.0,5240.0,5235.0,5238.0,5239.0,5241.0,5236.0,92
2016-05-06 01:15:00,2016-05-06 01:16:00,5238.0,5245.0,5247.0,5236.0,5239.0,5246.0,5248.0,5237.0,66
2016-05-06 01:16:00,2016-05-06 01:17:00,5245.0,5244.0,5245.0,5242.0,5246.0,5245.0,5246.0,5243.0,64
2016-05-06 01:17:00,2016-05-06 01:18:00,5244.0,5246.0,5247.0,5242.0,5245.0,5247.0,5248.0,5244.0,58
2016-05-06 01:18:00,2016-05-06 01:19:00,5246.0,5245.0,5248.0,5245.0,5247.0,5246.0,5249.0,5246.0,62
2016-05-06 01:19:00,2016-05-06 01:20:00,5245.0,5247.0,5249.0,5245.0,5246.0,5248.0,5250.0,5247.0,56
2016-05-06 01:20:00,2016-05-06 01:21:00,5247.0,5243.0,5249.0,5243.0,5248.0,5244.0,5250.0,5244.0,130
2016-05-06 01:21:00,2016-05-06 01:22:00,5243.0,5242.0,5245.0,5242.0,5244.0,5243.0,5246.0,5243.0,48
2016-05-06 01:22:00,2016-05-06 01:23:00,5242.0,5242.0,5244.0,5241.0,5243.0,5243.0,5245.0,5242.0,54
2016-05-06 01:23:00,2016-05-06 01:24:00,5242.0,5245.0,5245.0,5242.0,5243.0,5246.0,5247.0,5243.0,70
2016-05-06 01:24:00,2016-05-06 01:25:00,5245.0,5243.0,5247.0,5243.0,5246.0,5244.0,5248.0,5244.0,42
2016-05-06 01:25:00,2016-05-06 01:26:00,5243.0,5243.0,5245.0,5242.0,5244.0,5244.0,5246.0,5243.0,38
2016-05-06 01:26:00,2016-05-06 01:27:00,5243.0,5240.0,5243.0,5240.0,5244.0,5241.0,5245.0,5241.0,34
2016-05-06 01:27:00,2016-05-06 01:28:00,5240.0,5238.0,5240.0,5238.0,5241.0,5239.0,5241.0,5239.0,43
2016-05-06 01:28:00,2016-05-06 01:29:00,5238.0,5241.0,5241.0,5238.0,5239.0,5242.0,5242.0,5240.0,10
2016-05-06 01:29:00,2016-05-06 01:30:00,5241.0,5248.0,5248.0,5241.0,5242.0,5249.0,5250.0,5243.0,143
2016-05-06 01:30:00,2016-05-06 01:31:00,5248.0,5256.0,5257.0,5247.0,5249.0,5257.0,5258.0,5248.0,118
2016-05-06 01:31:00,2016-05-06 01:32:00,5256.0,5259.0,5261.0,5255.0,5257.0,5261.0,5262.0,5256.0,47
2016-05-06 01:32:00,2016-05-06 01:33:00,5259.0,5257.0,5259.0,5256.0,5261.0,5258.0,5261.0,5257.0,45
2016-05-06 01:33:00,2016-05-06 01:34:00,5257.0,5257.0,5258.0,5254.0,5258.0,5258.0,5259.0,5255.0,40
2016-05-06 01:34:00,2016-05-06 01:35:00,5257.0,5257.0,5261.0,5257.0,5258.0,5258.0,5262.0,5258.0,42
2016-05-06 01:35:00,2016-05-06 01:36:00,5257.0,5257.0,5261.0,5257.0,5258.0,5258.0,5262.0,5258.0,66
2016-05-06 01:36:00,2016-05-06 01:37:00,5257.0,5251.0,5258.0,5250.0,5258.0,5252.0,5259.0,5251.0,42
2016-05-06 01:37:00,2016-05-06 01:38:00,5251.0,5252.0,5253.0,5251.0,5252.0,5253.0,5254.0,5252.0,32
2016-05-06 01:38:00,2016-05-06 01:39:00,5252.0,5250.0,5253.0,5250.0,5253.0,5251.0,5255.0,5251.0,24
2016-05-06 01:39:00,2016-05-06 01:40:00,5250.0,5253.0,5255.0,5250.0,5251.0,5254.0,5256.0,5252.0,22
2016-05-06 01:40:00,2016-05-06 01:41:00,5253.0,5252.0,5255.0,5251.0,5254.0,5253.0,5256.0,5252.0,26
2016-05-06 01:41:00,2016-05-06 01:42:00,5252.0,5253.0,5254.0,5252.0,5253.0,5255.0,5255.0,5253.0,29
2016-05-06 01:42:00,2016-05-06 01:43:00,5253.0,5256.0,5257.0,5254.0,5255.0,5258.0,5258.0,5255.0,16
2016-05-06 01:43:00,2016-05-06 01:44:00,5256.0,5257.0,5257.0,5255.0,5258.0,5258.0,5259.0,5256.0,37
2016-05-06 01:44:00,2016-05-06 01:45:00,5257.0,5249.0,5256.0,5249.0,5258.0,5250.0,5258.0,5250.0,40
2016-05-06 01:45:00,2016-05-06 01:46:00,5249.0,5250.0,5250.0,5247.0,5250.0,5251.0,5251.0,5248.0,34
2016-05-06 01:46:00,2016-05-06 01:47:00,5250.0,5247.0,5249.0,5247.0,5251.0,5248.0,5251.0,5248.0,30
2016-05-06 01:47:00,2016-05-06 01:49:00,5245.0,5243.0,5246.0,5241.0,5246.0,5244.0,5247.0,5242.0,55
2016-05-06 01:49:00,2016-05-06 01:50:00,5243.0,5244.0,5245.0,5243.0,5244.0,5245.0,5246.0,5244.0,52
2016-05-06 01:50:00,2016-05-06 01:51:00,5244.0,5247.0,5247.0,5244.0,5245.0,5248.0,5248.0,5245.0,16
2016-05-06 01:51:00,2016-05-06 01:52:00,5247.0,5244.0,5247.0,5244.0,5248.0,5245.0,5248.0,5245.0,34
2016-05-06 01:52:00,2016-05-06 01:53:00,5244.0,5244.0,5244.0,5243.0,5245.0,5245.0,5245.0,5244.0,18
2016-05-06 01:53:00,2016-05-06 01:54:00,5244.0,5246.0,5247.0,5243.0,5245.0,5247.0,5248.0,5244.0,32
2016-05-06 01:54:00,2016-05-06 01:55:00,5246.0,5245.0,5246.0,5244.0,5247.0,5247.0,5247.0,5245.0,41
2016-05-06 01:55:00,2016-05-06 01:56:00,5245.0,5244.0,5245.0,5243.0,5247.0,5245.0,5247.0,5244.0,31
2016-05-06 01:56:00,2016-05-06 01:57:00,5244.0,5248.0,5249.0,5244.0,5245.0,5250.0,5250.0,5245.0,46
2016-05-06 01:57:00,2016-05-06 01:58:00,5248.0,5253.0,5253.0,5246.0,5250.0,5254.0,5254.0,5247.0,37
2016-05-06 01:58:00,2016-05-06 01:59:00,5253.0,5249.0,5252.0,5249.0,5254.0,5251.0,5254.0,5251.0,25
2016-05-06 01:59:00,2016-05-06 02:00:00,5249.0,5249.0,5250.0,5248.0,5251.0,5251.0,5252.0,5250.0,32
2016-05-06 02:00:00,2016-05-06 02:01:00,5249.0,5256.0,5256.0,5249.0,5251.0,5257.0,5258.0,5250.0,37
2016-05-06 02:01:00,2016-05-06 02:02:00,5256.0,5253.0,5258.0,5253.0,5257.0,5254.0,5259.0,5254.0,67
2016-05-06 02:02:00,2016-05-06 02:03:00,5253.0,5254.0,5254.0,5251.0,5254.0,5255.0,5255.0,5252.0,18
2016-05-06 02:03:00,2016-05-06 02:04:00,5254.0,5259.0,5259.0,5254.0,5255.0,5260.0,5260.0,5256.0,20
2016-05-06 02:04:00,2016-05-06 02:05:00,5259.0,5261.0,5262.0,5258.0,5260.0,5263.0,5263.0,5259.0,35
2016-05-06 02:05:00,2016-05-06 02:06:00,5261.0,5259.0,5262.0,5259.0,5263.0,5260.0,5264.0,5260.0,43
2016-05-06 02:06:00,2016-05-06 02:07:00,5259.0,5258.0,5261.0,5256.0,5260.0,5259.0,5262.0,5258.0,61
2016-05-06 02:07:00,2016-05-06 02:08:00,5258.0,5261.0,5264.0,5258.0,5259.0,5263.0,5265.0,5260.0,39
2016-05-06 02:08:00,2016-05-06 02:09:00,5261.0,5263.0,5263.0,5260.0,5263.0,5264.0,5264.0,5261.0,33
2016-05-06 02:09:00,2016-05-06 02:10:00,5263.0,5264.0,5264.0,5262.0,5264.0,5265.0,5265.0,5263.0,30
2016-05-06 02:10:00,2016-05-06 02:11:00,5264.0,5270.0,5270.0,5264.0,5265.0,5271.0,5271.0,5265.0,42
2016-05-06 02:11:00,2016-05-06 02:12:00,5270.0,5271.0,5272.0,5268.0,5271.0,5272.0,5273.0,5269.0,60
2016-05-06 02:12:00,2016-05-06 02:13:00,5271.0,5272.0,5272.0,5268.0,5272.0,5273.0,5273.0,5269.0,42
2016-05-06 02:13:00,2016-05-06 02:14:00,5272.0,5271.0,5273.0,5271.0,5273.0,5272.0,5274.0,5272.0,64
2016-05-06 02:14:00,2016-05-06 02:15:00,5271.0,5271.0,5274.0,5270.0,5272.0,5272.0,5275.0,5271.0,74
2016-05-06 02:15:00,2016-05-06 02:16:00,5271.0,5268.0,5271.0,5268.0,5272.0,5269.0,5273.0,5269.0,22
2016-05-06 02:16:00,2016-05-06 02:17:00,5268.0,5273.0,5273.0,5268.0,5269.0,5274.0,5274.0,5270.0,32
2016-05-06 02:17:00,2016-05-06 02:18:00,5273.0,5272.0,5273.0,5271.0,5274.0,5273.0,5274.0,5272.0,28
2016-05-06 02:18:00,2016-05-06 02:19:00,5272.0,5274.0,5274.0,5272.0,5273.0,5275.0,5275.0,5273.0,22
2016-05-06 02:19:00,2016-05-06 02:20:00,5274.0,5276.0,5276.0,5273.0,5275.0,5277.0,5277.0,5274.0,26
2016-05-06 02:20:00,2016-05-06 02:21:00,5276.0,5276.0,5276.0,5274.0,5277.0,5277.0,5278.0,5275.0,60
2016-05-06 02:21:00,2016-05-06 02:22:00,5276.0,5281.0,5282.0,5274.0,5277.0,5283.0,5283.0,5275.0,49
2016-05-06 02:22:00,2016-05-06 02:23:00,5281.0,5273.0,5282.0,5273.0,5283.0,5274.0,5283.0,5274.0,76
2016-05-06 02:23:00,2016-05-06 02:24:00,5273.0,5271.0,5274.0,5271.0,5274.0,5272.0,5275.0,5272.0,16
2016-05-06 02:24:00,2016-05-06 02:25:00,5271.0,5272.0,5273.0,5270.0,5272.0,5273.0,5274.0,5271.0,16
2016-05-06 02:25:00,2016-05-06 02:26:00,5272.0,5271.0,5272.0,5270.0,5273.0,5273.0,5273.0,5271.0,17
2016-05-06 02:26:00,2016-05-06 02:27:00,5271.0,5271.0,5273.0,5270.0,5273.0,5272.0,5274.0,5271.0,57
2016-05-06 02:27:00,2016-05-06 02:28:00,5271.0,5266.0,5272.0,5263.0,5272.0,5267.0,5273.0,5264.0,78
2016-05-06 02:28:00,2016-05-06 02:29:00,5266.0,5268.0,5269.0,5266.0,5267.0,5269.0,5270.0,5267.0,28
2016-05-06 02:29:00,2016-05-06 02:30:00,5268.0,5269.0,5270.0,5266.0,5269.0,5271.0,5271.0,5267.0,27
2016-05-06 02:30:00,2016-05-06 02:31:00,5269.0,5268.0,5270.0,5266.0,5271.0,5269.0,5271.0,5267.0,47
2016-05-06 02:31:00,2016-05-06 02:32:00,5268.0,5266.0,5269.0,5266.0,5269.0,5267.0,5270.0,5267.0,38
2016-05-06 02:32:00,2016-05-06 02:33:00,5266.0,5264.0,5267.0,5263.0,5267.0,5265.0,5268.0,5264.0,38
2016-05-06 02:33:00,2016-05-06 02:34:00,5264.0,5266.0,5266.0,5263.0,5265.0,5267.0,5267.0,5264.0,16
2016-05-06 02:34:00,2016-05-06 02:35:00,5266.0,5267.0,5268.0,5266.0,5267.0,5268.0,5269.0,5267.0,22
2016-05-06 02:35:00,2016-05-06 02:36:00,5267.0,5265.0,5266.0,5265.0,5268.0,5266.0,5268.0,5266.0,20
2016-05-06 02:36:00,2016-05-06 02:37:00,5265.0,5265.0,5267.0,5264.0,5266.0,5266.0,5268.0,5265.0,22
2016-05-06 02:37:00,2016-05-06 02:38:00,5265.0,5265.0,5267.0,5265.0,5266.0,5267.0,5268.0,5266.0,19
2016-05-06 02:38:00,2016-05-06 02:39:00,5265.0,5261.0,5266.0,5260.0,5267.0,5262.0,5267.0,5261.0,55
2016-05-06 02:39:00,2016-05-06 02:40:00,5261.0,5261.0,5263.0,5259.0,5262.0,5262.0,5264.0,5260.0,54
2016-05-06 02:40:00,2016-05-06 02:41:00,5261.0,5263.0,5263.0,5260.0,5262.0,5264.0,5264.0,5261.0,12
2016-05-06 02:41:00,2016-05-06 02:42:00,5263.0,5265.0,5265.0,5262.0,5264.0,5266.0,5266.0,5263.0,18
2016-05-06 02:42:00,2016-05-06 02:43:00,5265.0,5261.0,5265.0,5260.0,5266.0,5262.0,5266.0,5261.0,20
2016-05-06 02:43:00,2016-05-06 02:44:00,5261.0,5266.0,5266.0,5261.0,5262.0,5267.0,5267.0,5263.0,28
2016-05-06 02:44:00,2016-05-06 02:45:00,5266.0,5265.0,5267.0,5264.0,5267.0,5266.0,5268.0,5265.0,22
2016-05-06 02:45:00,2016-05-06 02:46:00,5265.0,5264.0,5266.0,5262.0,5266.0,5265.0,5267.0,5263.0,38
2016-05-06 02:46:00,2016-05-06 02:47:00,5264.0,5264.0,5264.0,5260.0,5265.0,5265.0,5265.0,5261.0,26
2016-05-06 02:47:00,2016-05-06 02:48:00,5264.0,5258.0,5263.0,5258.0,5265.0,5259.0,5265.0,5259.0,26
2016-05-06 02:48:00,2016-05-06 02:49:00,5258.0,5258.0,5259.0,5258.0,5259.0,5260.0,5260.0,5259.0,9
2016-05-06 02:49:00,2016-05-06 02:50:00,5258.0,5258.0,5259.0,5257.0,5260.0,5260.0,5261.0,5258.0,20
2016-05-06 02:50:00,2016-05-06 02:51:00,5258.0,5259.0,5260.0,5258.0,5260.0,5260.0,5262.0,5259.0,11
2016-05-06 02:51:00,2016-05-06 02:52:00,5259.0,5255.0,5260.0,5255.0,5260.0,5256.0,5261.0,5256.0,40
2016-05-06 02:52:00,2016-05-06 02:53:00,5255.0,5255.0,5255.0,5253.0,5256.0,5256.0,5257.0,5254.0,18
2016-05-06 02:53:00,2016-05-06 02:54:00,5255.0,5253.0,5254.0,5253.0,5256.0,5254.0,5256.0,5254.0,4
2016-05-06 02:54:00,2016-05-06 02:55:00,5253.0,5254.0,5255.0,5253.0,5254.0,5255.0,5256.0,5254.0,9
2016-05-06 02:55:00,2016-05-06 02:56:00,5254.0,5256.0,5256.0,5254.0,5255.0,5258.0,5258.0,5256.0,7
2016-05-06 02:56:00,2016-05-06 02:57:00,5256.0,5255.0,5257.0,5254.0,5258.0,5256.0,5258.0,5255.0,17
2016-05-06 02:57:00,2016-05-06 02:58:00,5255.0,5249.0,5255.0,5248.0,5256.0,5250.0,5256.0,5249.0,38
2016-05-06 02:58:00,2016-05-06 02:59:00,5249.0,5247.0,5249.0,5246.0,5250.0,5248.0,5250.0,5247.0,42
2016-05-06 02:59:00,2016-05-06 03:00:00,5247.0,5249.0,5249.0,5244.0,5248.0,5250.0,5250.0,5245.0,32
2016-05-06 03:00:00,2016-05-06 03:01:00,5249.0,5249.0,5250.0,5248.0,5250.0,5250.0,5251.0,5249.0,12
2016-05-06 03:01:00,2016-05-06 03:02:00,5249.0,5253.0,5254.0,5248.0,5250.0,5254.0,5255.0,5249.0,45
2016-05-06 03:02:00,2016-05-06 03:03:00,5253.0,5254.0,5256.0,5253.0,5254.0,5255.0,5257.0,5254.0,24
2016-05-06 03:03:00,2016-05-06 03:04:00,5254.0,5252.0,5253.0,5251.0,5255.0,5253.0,5255.0,5253.0,10
2016-05-06 03:04:00,2016-05-06 03:05:00,5252.0,5253.0,5254.0,5250.0,5253.0,5255.0,5255.0,5251.0,29
2016-05-06 03:05:00,2016-05-06 03:06:00,5253.0,5254.0,5254.0,5253.0,5255.0,5255.0,5255.0,5254.0,11
2016-05-06 03:06:00,2016-05-06 03:07:00,5254.0,5249.0,5253.0,5249.0,5255.0,5250.0,5255.0,5250.0,10
2016-05-06 03:07:00,2016-05-06 03:08:00,5249.0,5251.0,5252.0,5247.0,5250.0,5252.0,5253.0,5248.0,16
2016-05-06 03:08:00,2016-05-06 03:09:00,5251.0,5252.0,5253.0,5251.0,5252.0,5253.0,5254.0,5252.0,22
2016-05-06 03:09:00,2016-05-06 03:10:00,5252.0,5250.0,5251.0,5249.0,5253.0,5251.0,5253.0,5250.0,10
2016-05-06 03:10:00,2016-05-06 03:11:00,5250.0,5250.0,5251.0,5249.0,5251.0,5251.0,5253.0,5251.0,12
2016-05-06 03:11:00,2016-05-06 03:12:00,5250.0,5250.0,5250.0,5249.0,5251.0,5251.0,5251.0,5250.0,8
2016-05-06 03:12:00,2016-05-06 03:15:00,5248.0,5250.0,5250.0,5248.0,5249.0,5251.0,5251.0,5250.0,44
2016-05-06 03:15:00,2016-05-06 03:16:00,5250.0,5256.0,5256.0,5250.0,5251.0,5257.0,5257.0,5252.0,30
2016-05-06 03:16:00,2016-05-06 03:17:00,5256.0,5256.0,5256.0,5255.0,5257.0,5257.0,5258.0,5256.0,14
2016-05-06 03:17:00,2016-05-06 03:18:00,5256.0,5257.0,5257.0,5256.0,5257.0,5258.0,5258.0,5257.0,8
2016-05-06 03:18:00,2016-05-06 03:20:00,5258.0,5257.0,5257.0,5256.0,5259.0,5258.0,5259.0,5257.0,22
2016-05-06 03:20:00,2016-05-06 03:22:00,5257.0,5258.0,5258.0,5256.0,5258.0,5259.0,5260.0,5257.0,16
2016-05-06 03:22:00,2016-05-06 03:23:00,5258.0,5257.0,5259.0,5257.0,5259.0,5258.0,5260.0,5258.0,24
2016-05-06 03:23:00,2016-05-06 03:24:00,5257.0,5258.0,5258.0,5257.0,5258.0,5259.0,5260.0,5259.0,6
2016-05-06 03:24:00,2016-05-06 03:25:00,5258.0,5257.0,5258.0,5257.0,5259.0,5258.0,5259.0,5258.0,12
2016-05-06 03:25:00,2016-05-06 03:26:00,5257.0,5259.0,5260.0,5257.0,5258.0,5260.0,5261.0,5259.0,8
2016-05-06 03:26:00,2016-05-06 03:27:00,5259.0,5260.0,5260.0,5259.0,5260.0,5261.0,5261.0,5260.0,10
2016-05-06 03:27:00,2016-05-06 03:28:00,5260.0,5262.0,5264.0,5260.0,5261.0,5264.0,5265.0,5262.0,21
2016-05-06 03:28:00,2016-05-06 03:29:00,5262.0,5261.0,5263.0,5260.0,5264.0,5262.0,5264.0,5261.0,29
2016-05-06 03:29:00,2016-05-06 03:30:00,5261.0,5262.0,5263.0,5260.0,5262.0,5263.0,5264.0,5261.0,22
2016-05-06 03:30:00,2016-05-06 03:32:00,5263.0,5264.0,5266.0,5263.0,5264.0,5265.0,5267.0,5265.0,16
2016-05-06 03:32:00,2016-05-06 03:33:00,5264.0,5263.0,5264.0,5262.0,5265.0,5264.0,5266.0,5263.0,24
2016-05-06 03:33:00,2016-05-06 03:34:00,5263.0,5265.0,5265.0,5263.0,5264.0,5266.0,5266.0,5264.0,14
2016-05-06 03:34:00,2016-05-06 03:35:00,5265.0,5266.0,5266.0,5265.0,5266.0,5268.0,5268.0,5266.0,13
2016-05-06 03:35:00,2016-05-06 03:36:00,5266.0,5266.0,5267.0,5265.0,5268.0,5267.0,5268.0,5266.0,13
2016-05-06 03:36:00,2016-05-06 03:37:00,5266.0,5264.0,5265.0,5264.0,5267.0,5265.0,5267.0,5265.0,10
2016-05-06 03:37:00,2016-05-06 03:38:00,5264.0,5261.0,5264.0,5261.0,5265.0,5262.0,5265.0,5262.0,26
2016-05-06 03:38:00,2016-05-06 03:39:00,5261.0,5260.0,5260.0,5260.0,5262.0,5261.0,5262.0,5261.0,6
2016-05-06 03:39:00,2016-05-06 03:40:00,5260.0,5258.0,5259.0,5256.0,5261.0,5259.0,5261.0,5257.0,30
2016-05-06 03:40:00,2016-05-06 03:41:00,5258.0,5259.0,5259.0,5257.0,5259.0,5260.0,5260.0,5258.0,12
2016-05-06 03:41:00,2016-05-06 03:42:00,5259.0,5261.0,5262.0,5259.0,5260.0,5262.0,5263.0,5261.0,12
2016-05-06 03:42:00,2016-05-06 03:43:00,5261.0,5257.0,5260.0,5257.0,5262.0,5258.0,5262.0,5258.0,12
2016-05-06 03:43:00,2016-05-06 03:44:00,5257.0,5255.0,5257.0,5255.0,5258.0,5256.0,5258.0,5256.0,24
2016-05-06 03:44:00,2016-05-06 03:45:00,5255.0,5255.0,5257.0,5255.0,5256.0,5256.0,5258.0,5256.0,38
2016-05-06 03:45:00,2016-05-06 03:46:00,5255.0,5252.0,5254.0,5251.0,5256.0,5254.0,5256.0,5252.0,33
2016-05-06 03:46:00,2016-05-06 03:47:00,5252.0,5254.0,5256.0,5253.0,5254.0,5255.0,5257.0,5254.0,17
2016-05-06 03:47:00,2016-05-06 03:48:00,5254.0,5248.0,5253.0,5248.0,5255.0,5249.0,5255.0,5249.0,38
2016-05-06 03:48:00,2016-05-06 03:49:00,5248.0,5249.0,5249.0,5246.0,5249.0,5250.0,5250.0,5247.0,38
2016-05-06 03:49:00,2016-05-06 03:50:00,5249.0,5249.0,5250.0,5248.0,5250.0,5250.0,5251.0,5250.0,20
2016-05-06 03:50:00,2016-05-06 03:52:00,5250.0,5253.0,5254.0,5250.0,5251.0,5254.0,5255.0,5252.0,20
2016-05-06 03:52:00,2016-05-06 03:53:00,5253.0,5252.0,5252.0,5251.0,5254.0,5253.0,5254.0,5252.0,8
2016-05-06 03:53:00,2016-05-06 03:54:00,5252.0,5253.0,5253.0,5252.0,5253.0,5254.0,5254.0,5253.0,6
2016-05-06 03:54:00,2016-05-06 03:55:00,5253.0,5252.0,5252.0,5252.0,5254.0,5253.0,5254.0,5253.0,2
2016-05-06 03:55:00,2016-05-06 03:56:00,5252.0,5254.0,5254.0,5252.0,5253.0,5255.0,5255.0,5253.0,14
2016-05-06 03:56:00,2016-05-06 03:57:00,5254.0,5256.0,5256.0,5254.0,5255.0,5257.0,5257.0,5255.0,14
2016-05-06 03:57:00,2016-05-06 03:58:00,5256.0,5252.0,5256.0,5252.0,5257.0,5254.0,5257.0,5254.0,13
2016-05-06 03:58:00,2016-05-06 03:59:00,5252.0,5252.0,5254.0,5252.0,5254.0,5253.0,5255.0,5253.0,9
2016-05-06 03:59:00,2016-05-06 04:00:00,5252.0,5252.0,5253.0,5251.0,5253.0,5253.0,5254.0,5253.0,8
2016-05-06 04:00:00,2016-05-06 04:01:00,5252.0,5251.0,5253.0,5251.0,5253.0,5252.0,5254.0,5252.0,29
2016-05-06 04:01:00,2016-05-06 04:02:00,5251.0,5248.0,5250.0,5247.0,5252.0,5249.0,5252.0,5248.0,18
2016-05-06 04:02:00,2016-05-06 04:03:00,5248.0,5246.0,5248.0,5246.0,5249.0,5248.0,5249.0,5247.0,21
2016-05-06 04:03:00,2016-05-06 04:04:00,5246.0,5246.0,5247.0,5246.0,5248.0,5247.0,5248.0,5247.0,11
2016-05-06 04:04:00,2016-05-06 04:05:00,5246.0,5249.0,5250.0,5246.0,5247.0,5252.0,5252.0,5248.0,13
2016-05-06 04:05:00,2016-05-06 04:06:00,5249.0,5249.0,5250.0,5249.0,5252.0,5250.0,5251.0,5250.0,5
2016-05-06 04:06:00,2016-05-06 04:08:00,5249.0,5251.0,5251.0,5249.0,5250.0,5252.0,5252.0,5251.0,14
2016-05-06 04:08:00,2016-05-06 04:09:00,5251.0,5252.0,5252.0,5250.0,5252.0,5253.0,5253.0,5251.0,28
2016-05-06 04:09:00,2016-05-06 04:13:00,5252.0,5254.0,5254.0,5252.0,5253.0,5255.0,5255.0,5254.0,4
2016-05-06 04:13:00,2016-05-06 04:14:00,5254.0,5252.0,5254.0,5252.0,5255.0,5253.0,5255.0,5253.0,8
2016-05-06 04:14:00,2016-05-06 04:16:00,5253.0,5252.0,5253.0,5251.0,5254.0,5254.0,5254.0,5253.0,13
2016-05-06 04:16:00,2016-05-06 04:17:00,5252.0,5254.0,5254.0,5252.0,5254.0,5255.0,5255.0,5253.0,5
2016-05-06 04:17:00,2016-05-06 04:18:00,5254.0,5259.0,5259.0,5254.0,5255.0,5260.0,5260.0,5255.0,24
2016-05-06 04:18:00,2016-05-06 04:19:00,5259.0,5257.0,5260.0,5257.0,5260.0,5258.0,5261.0,5258.0,25
2016-05-06 04:19:00,2016-05-06 04:21:00,5258.0,5257.0,5257.0,5256.0,5259.0,5258.0,5259.0,5257.0,14
2016-05-06 04:21:00,2016-05-06 04:23:00,5257.0,5259.0,5259.0,5257.0,5258.0,5260.0,5260.0,5259.0,6
2016-05-06 04:23:00,2016-05-06 04:24:00,5259.0,5260.0,5261.0,5259.0,5260.0,5261.0,5262.0,5261.0,20
2016-05-06 04:24:00,2016-05-06 04:25:00,5260.0,5262.0,5262.0,5260.0,5261.0,5263.0,5263.0,5261.0,26
2016-05-06 04:25:00,2016-05-06 04:26:00,5262.0,5264.0,5264.0,5262.0,5263.0,5265.0,5265.0,5264.0,8
2016-05-06 04:26:00,2016-05-06 04:27:00,5264.0,5263.0,5263.0,5262.0,5265.0,5264.0,5265.0,5263.0,6
2016-05-06 04:27:00,2016-05-06 04:28:00,5263.0,5259.0,5262.0,5259.0,5264.0,5261.0,5264.0,5260.0,37
2016-05-06 04:28:00,2016-05-06 04:29:00,5259.0,5260.0,5261.0,5258.0,5261.0,5261.0,5262.0,5261.0,11
2016-05-06 04:29:00,2016-05-06 04:30:00,5260.0,5261.0,5261.0,5260.0,5261.0,5262.0,5262.0,5261.0,12
2016-05-06 04:30:00,2016-05-06 04:31:00,5261.0,5260.0,5261.0,5259.0,5262.0,5261.0,5263.0,5261.0,20
2016-05-06 04:31:00,2016-05-06 04:32:00,5260.0,5261.0,5261.0,5260.0,5261.0,5262.0,5262.0,5261.0,8
2016-05-06 04:32:00,2016-05-06 04:33:00,5261.0,5259.0,5261.0,5259.0,5262.0,5260.0,5262.0,5260.0,10
2016-05-06 04:33:00,2016-05-06 04:34:00,5259.0,5259.0,5259.0,5257.0,5260.0,5260.0,5260.0,5258.0,12
2016-05-06 04:34:00,2016-05-06 04:35:00,5259.0,5259.0,5259.0,5258.0,5260.0,5260.0,5260.0,5259.0,8
2016-05-06 04:35:00,2016-05-06 04:36:00,5259.0,5261.0,5261.0,5259.0,5260.0,5262.0,5262.0,5260.0,14
2016-05-06 04:36:00,2016-05-06 04:37:00,5261.0,5260.0,5261.0,5260.0,5262.0,5262.0,5262.0,5261.0,25
2016-05-06 04:37:00,2016-05-06 04:39:00,5261.0,5263.0,5263.0,5261.0,5262.0,5264.0,5264.0,5263.0,8
2016-05-06 04:39:00,2016-05-06 04:40:00,5263.0,5263.0,5263.0,5262.0,5264.0,5264.0,5264.0,5263.0,4
2016-05-06 04:40:00,2016-05-06 04:41:00,5263.0,5262.0,5262.0,5259.0,5264.0,5263.0,5264.0,5262.0,19
2016-05-06 04:41:00,2016-05-06 04:42:00,5262.0,5260.0,5261.0,5260.0,5263.0,5261.0,5263.0,5261.0,26
2016-05-06 04:42:00,2016-05-06 04:43:00,5260.0,5261.0,5261.0,5259.0,5261.0,5262.0,5263.0,5260.0,18
2016-05-06 04:43:00,2016-05-06 04:44:00,5261.0,5262.0,5262.0,5260.0,5262.0,5263.0,5263.0,5261.0,10
2016-05-06 04:44:00,2016-05-06 04:46:00,5262.0,5264.0,5264.0,5262.0,5263.0,5265.0,5265.0,5263.0,14
2016-05-06 04:46:00,2016-05-06 04:47:00,5264.0,5266.0,5266.0,5264.0,5265.0,5267.0,5267.0,5265.0,16
2016-05-06 04:47:00,2016-05-06 04:48:00,5266.0,5267.0,5267.0,5266.0,5267.0,5268.0,5268.0,5267.0,12
2016-05-06 04:48:00,2016-05-06 04:49:00,5267.0,5270.0,5270.0,5267.0,5268.0,5271.0,5271.0,5268.0,30
2016-05-06 04:49:00,2016-05-06 04:51:00,5270.0,5270.0,5271.0,5269.0,5271.0,5272.0,5272.0,5270.0,7
2016-05-06 04:51:00,2016-05-06 04:52:00,5270.0,5270.0,5270.0,5268.0,5272.0,5271.0,5272.0,5269.0,15
2016-05-06 04:52:00,2016-05-06 04:53:00,5270.0,5272.0,5272.0,5270.0,5271.0,5273.0,5273.0,5272.0,8
2016-05-06 04:53:00,2016-05-06 04:54:00,5272.0,5268.0,5271.0,5268.0,5273.0,5269.0,5274.0,5269.0,39
2016-05-06 04:54:00,2016-05-06 04:55:00,5268.0,5270.0,5270.0,5267.0,5269.0,5271.0,5271.0,5268.0,18
2016-05-06 04:55:00,2016-05-06 04:56:00,5270.0,5271.0,5271.0,5269.0,5271.0,5272.0,5274.0,5271.0,8
2016-05-06 04:56:00,2016-05-06 04:57:00,5271.0,5268.0,5270.0,5268.0,5272.0,5269.0,5272.0,5269.0,10
2016-05-06 04:57:00,2016-05-06 04:58:00,5268.0,5268.0,5269.0,5266.0,5269.0,5269.0,5270.0,5267.0,23
2016-05-06 04:58:00,2016-05-06 04:59:00,5268.0,5266.0,5268.0,5266.0,5269.0,5267.0,5270.0,5267.0,30
2016-05-06 04:59:00,2016-05-06 05:00:00,5266.0,5266.0,5267.0,5265.0,5267.0,5267.0,5268.0,5266.0,18
2016-05-06 05:00:00,2016-05-06 05:01:00,5266.0,5264.0,5265.0,5264.0,5267.0,5265.0,5267.0,5265.0,24
2016-05-06 05:01:00,2016-05-06 05:02:00,5264.0,5266.0,5267.0,5264.0,5265.0,5267.0,5268.0,5266.0,16
2016-05-06 05:02:00,2016-05-06 05:03:00,5266.0,5265.0,5266.0,5264.0,5267.0,5266.0,5267.0,5265.0,18
2016-05-06 05:03:00,2016-05-06 05:04:00,5265.0,5267.0,5267.0,5264.0,5266.0,5268.0,5268.0,5265.0,18
2016-05-06 05:04:00,2016-05-06 05:06:00,5267.0,5268.0,5268.0,5266.0,5268.0,5269.0,5271.0,5267.0,17
2016-05-06 05:06:00,2016-05-06 05:07:00,5268.0,5270.0,5270.0,5268.0,5269.0,5272.0,5272.0,5269.0,15
2016-05-06 05:07:00,2016-05-06 05:09:00,5273.0,5271.0,5273.0,5271.0,5274.0,5272.0,5275.0,5272.0,40
2016-05-06 05:09:00,2016-05-06 05:10:00,5271.0,5271.0,5271.0,5270.0,5272.0,5272.0,5272.0,5271.0,8
2016-05-06 05:10:00,2016-05-06 05:11:00,5271.0,5270.0,5270.0,5269.0,5272.0,5271.0,5272.0,5270.0,14
2016-05-06 05:11:00,2016-05-06 05:12:00,5270.0,5270.0,5270.0,5269.0,5271.0,5271.0,5271.0,5270.0,14
2016-05-06 05:12:00,2016-05-06 05:13:00,5270.0,5272.0,5273.0,5270.0,5271.0,5273.0,5274.0,5271.0,14
2016-05-06 05:13:00,2016-05-06 05:14:00,5272.0,5273.0,5273.0,5271.0,5273.0,5274.0,5274.0,5272.0,44
2016-05-06 05:14:00,2016-05-06 05:15:00,5273.0,5276.0,5276.0,5272.0,5274.0,5277.0,5277.0,5273.0,26
2016-05-06 05:15:00,2016-05-06 05:16:00,5276.0,5277.0,5277.0,5276.0,5277.0,5278.0,5278.0,5277.0,22
2016-05-06 05:16:00,2016-05-06 05:18:00,5279.0,5282.0,5282.0,5278.0,5280.0,5283.0,5283.0,5279.0,20
2016-05-06 05:18:00,2016-05-06 05:19:00,5282.0,5281.0,5282.0,5281.0,5283.0,5282.0,5284.0,5282.0,44
2016-05-06 05:19:00,2016-05-06 05:20:00,5281.0,5280.0,5280.0,5279.0,5282.0,5281.0,5282.0,5280.0,6
2016-05-06 05:20:00,2016-05-06 05:21:00,5280.0,5282.0,5282.0,5280.0,5281.0,5283.0,5284.0,5282.0,6
2016-05-06 05:21:00,2016-05-06 05:22:00,5282.0,5283.0,5284.0,5282.0,5283.0,5284.0,5285.0,5283.0,28
2016-05-06 05:22:00,2016-05-06 05:23:00,5283.0,5281.0,5282.0,5281.0,5284.0,5282.0,5284.0,5282.0,8
2016-05-06 05:23:00,2016-05-06 05:24:00,5281.0,5278.0,5280.0,5278.0,5282.0,5279.0,5282.0,5279.0,30
2016-05-06 05:24:00,2016-05-06 05:25:00,5278.0,5277.0,5279.0,5276.0,5279.0,5278.0,5280.0,5277.0,28
2016-05-06 05:25:00,2016-05-06 05:26:00,5277.0,5278.0,5278.0,5276.0,5278.0,5279.0,5279.0,5277.0,6
2016-05-06 05:26:00,2016-05-06 05:28:00,5277.0,5275.0,5276.0,5275.0,5278.0,5277.0,5278.0,5277.0,7
2016-05-06 05:28:00,2016-05-06 05:29:00,5275.0,5277.0,5277.0,5275.0,5277.0,5278.0,5278.0,5276.0,15
2016-05-06 05:29:00,2016-05-06 05:30:00,5277.0,5278.0,5278.0,5277.0,5278.0,5279.0,5279.0,5279.0,6
2016-05-06 05:30:00,2016-05-06 05:32:00,5278.0,5278.0,5278.0,5275.0,5279.0,5279.0,5280.0,5278.0,14
2016-05-06 05:32:00,2016-05-06 05:34:00,5277.0,5277.0,5277.0,5276.0,5278.0,5278.0,5279.0,5277.0,12
2016-05-06 05:34:00,2016-05-06 05:38:00,5278.0,5280.0,5280.0,5278.0,5279.0,5281.0,5281.0,5279.0,30
2016-05-06 05:38:00,2016-05-06 05:39:00,5280.0,5280.0,5281.0,5279.0,5281.0,5281.0,5282.0,5280.0,16
2016-05-06 05:39:00,2016-05-06 05:42:00,5281.0,5279.0,5280.0,5279.0,5282.0,5280.0,5282.0,5280.0,10
2016-05-06 05:42:00,2016-05-06 05:43:00,5279.0,5282.0,5282.0,5279.0,5280.0,5283.0,5283.0,5280.0,18
2016-05-06 05:43:00,2016-05-06 05:44:00,5282.0,5282.0,5283.0,5280.0,5283.0,5283.0,5285.0,5282.0,18
2016-05-06 05:44:00,2016-05-06 05:45:00,5282.0,5283.0,5283.0,5280.0,5283.0,5284.0,5284.0,5281.0,14
2016-05-06 05:45:00,2016-05-06 05:46:00,5283.0,5283.0,5284.0,5282.0,5284.0,5285.0,5285.0,5283.0,21
2016-05-06 05:46:00,2016-05-06 05:47:00,5283.0,5283.0,5285.0,5282.0,5285.0,5284.0,5287.0,5284.0,29
2016-05-06 05:47:00,2016-05-06 05:50:00,5284.0,5279.0,5284.0,5279.0,5285.0,5280.0,5285.0,5280.0,38
2016-05-06 05:50:00,2016-05-06 05:51:00,5279.0,5281.0,5281.0,5279.0,5280.0,5282.0,5282.0,5281.0,16
2016-05-06 05:51:00,2016-05-06 05:53:00,5282.0,5284.0,5284.0,5281.0,5283.0,5285.0,5285.0,5282.0,10
2016-05-06 05:53:00,2016-05-06 05:54:00,5284.0,5281.0,5284.0,5281.0,5285.0,5282.0,5286.0,5282.0,34
2016-05-06 05:54:00,2016-05-06 05:55:00,5281.0,5283.0,5284.0,5281.0,5282.0,5284.0,5285.0,5282.0,37
2016-05-06 05:55:00,2016-05-06 05:56:00,5283.0,5284.0,5284.0,5283.0,5284.0,5285.0,5286.0,5285.0,4
2016-05-06 05:56:00,2016-05-06 05:57:00,5284.0,5286.0,5286.0,5283.0,5285.0,5287.0,5287.0,5284.0,16
2016-05-06 05:57:00,2016-05-06 05:58:00,5286.0,5287.0,5288.0,5286.0,5287.0,5289.0,5289.0,5287.0,37
2016-05-06 05:58:00,2016-05-06 05:59:00,5287.0,5285.0,5287.0,5282.0,5289.0,5286.0,5288.0,5285.0,62
2016-05-06 05:59:00,2016-05-06 06:00:00,5285.0,5280.0,5284.0,5277.0,5286.0,5281.0,5286.0,5278.0,70
2016-05-06 06:00:00,2016-05-06 06:01:00,5280.0,5282.0,5284.0,5280.0,5281.0,5283.0,5285.0,5281.0,39
2016-05-06 06:01:00,2016-05-06 06:02:00,5282.0,5285.0,5285.0,5281.0,5283.0,5286.0,5286.0,5282.0,40
2016-05-06 06:02:00,2016-05-06 06:03:00,5285.0,5284.0,5285.0,5283.0,5286.0,5286.0,5286.0,5284.0,23
2016-05-06 06:03:00,2016-05-06 06:04:00,5284.0,5282.0,5285.0,5282.0,5286.0,5284.0,5286.0,5283.0,28
2016-05-06 06:04:00,2016-05-06 06:05:00,5282.0,5282.0,5283.0,5280.0,5284.0,5284.0,5284.0,5281.0,34
2016-05-06 06:05:00,2016-05-06 06:06:00,5282.0,5283.0,5284.0,5282.0,5284.0,5284.0,5285.0,5283.0,23
2016-05-06 06:06:00,2016-05-06 06:07:00,5283.0,5282.0,5283.0,5280.0,5284.0,5283.0,5284.0,5281.0,36
2016-05-06 06:07:00,2016-05-06 06:08:00,5282.0,5286.0,5286.0,5282.0,5283.0,5287.0,5287.0,5283.0,50
2016-05-06 06:08:00,2016-05-06 06:09:00,5286.0,5290.0,5292.0,5285.0,5287.0,5292.0,5293.0,5286.0,148
2016-05-06 06:09:00,2016-05-06 06:10:00,5290.0,5285.0,5291.0,5284.0,5292.0,5286.0,5293.0,5285.0,81
2016-05-06 06:10:00,2016-05-06 06:11:00,5285.0,5284.0,5286.0,5283.0,5286.0,5285.0,5287.0,5285.0,26
2016-05-06 06:11:00,2016-05-06 06:12:00,5284.0,5281.0,5284.0,5280.0,5285.0,5283.0,5285.0,5281.0,41
2016-05-06 06:12:00,2016-05-06 06:13:00,5281.0,5280.0,5282.0,5279.0,5283.0,5282.0,5283.0,5280.0,20
2016-05-06 06:13:00,2016-05-06 06:14:00,5280.0,5277.0,5280.0,5277.0,5282.0,5278.0,5282.0,5278.0,17
2016-05-06 06:14:00,2016-05-06 06:16:00,5275.0,5275.0,5276.0,5274.0,5276.0,5276.0,5277.0,5275.0,26
2016-05-06 06:16:00,2016-05-06 06:17:00,5275.0,5276.0,5278.0,5274.0,5276.0,5277.0,5279.0,5275.0,26
2016-05-06 06:17:00,2016-05-06 06:18:00,5276.0,5278.0,5279.0,5276.0,5277.0,5279.0,5280.0,5278.0,19
2016-05-06 06:18:00,2016-05-06 06:19:00,5278.0,5274.0,5277.0,5274.0,5279.0,5275.0,5279.0,5275.0,10
2016-05-06 06:19:00,2016-05-06 06:20:00,5274.0,5273.0,5274.0,5272.0,5275.0,5275.0,5275.0,5273.0,32
2016-05-06 06:20:00,2016-05-06 06:21:00,5273.0,5276.0,5276.0,5274.0,5275.0,5277.0,5277.0,5275.0,7
2016-05-06 06:21:00,2016-05-06 06:22:00,5276.0,5277.0,5277.0,5275.0,5277.0,5278.0,5280.0,5277.0,33
2016-05-06 06:22:00,2016-05-06 06:23:00,5277.0,5273.0,5276.0,5273.0,5278.0,5274.0,5278.0,5274.0,12
2016-05-06 06:23:00,2016-05-06 06:24:00,5273.0,5273.0,5273.0,5272.0,5274.0,5274.0,5275.0,5273.0,6
2016-05-06 06:24:00,2016-05-06 06:25:00,5273.0,5274.0,5274.0,5271.0,5274.0,5275.0,5276.0,5272.0,16
2016-05-06 06:25:00,2016-05-06 06:26:00,5274.0,5276.0,5276.0,5273.0,5275.0,5277.0,5277.0,5274.0,14
2016-05-06 06:26:00,2016-05-06 06:27:00,5276.0,5277.0,5277.0,5275.0,5277.0,5278.0,5278.0,5276.0,5
2016-05-06 06:27:00,2016-05-06 06:28:00,5277.0,5277.0,5278.0,5276.0,5278.0,5278.0,5279.0,5277.0,8
2016-05-06 06:28:00,2016-05-06 06:29:00,5277.0,5271.0,5276.0,5271.0,5278.0,5274.0,5278.0,5273.0,18
2016-05-06 06:29:00,2016-05-06 06:30:00,5271.0,5269.0,5271.0,5269.0,5274.0,5274.0,5274.0,5272.0,3
2016-05-06 06:30:00,2016-05-06 07:10:00,5269.0,5259.0,5261.0,5259.0,5274.0,5261.0,5262.0,5260.0,17
2016-05-06 07:10:00,2016-05-06 07:11:00,5259.0,5252.0,5260.0,5251.0,5261.0,5253.0,5262.0,5252.0,23
2016-05-06 07:11:00,2016-05-06 07:12:00,5252.0,5255.0,5255.0,5252.0,5253.0,5256.0,5256.0,5254.0,85
2016-05-06 07:12:00,2016-05-06 07:13:00,5255.0,5256.0,5257.0,5255.0,5256.0,5258.0,5258.0,5256.0,65
2016-05-06 07:13:00,2016-05-06 07:14:00,5256.0,5256.0,5256.0,5255.0,5258.0,5257.0,5257.0,5256.0,5
2016-05-06 07:14:00,2016-05-06 07:15:00,5256.0,5254.0,5257.0,5254.0,5257.0,5255.0,5258.0,5255.0,19
2016-05-06 07:15:00,2016-05-06 07:16:00,5254.0,5255.0,5258.0,5254.0,5255.0,5256.0,5259.0,5255.0,22
2016-05-06 07:16:00,2016-05-06 07:17:00,5255.0,5254.0,5256.0,5254.0,5256.0,5257.0,5257.0,5256.0,5
2016-05-06 07:17:00,2016-05-06 07:18:00,5254.0,5254.0,5256.0,5254.0,5257.0,5255.0,5257.0,5255.0,8
2016-05-06 07:18:00,2016-05-06 07:19:00,5254.0,5254.0,5256.0,5254.0,5255.0,5256.0,5257.0,5255.0,11
2016-05-06 07:19:00,2016-05-06 07:20:00,5254.0,5257.0,5258.0,5255.0,5256.0,5259.0,5260.0,5256.0,32
2016-05-06 07:20:00,2016-05-06 07:21:00,5257.0,5256.0,5259.0,5256.0,5259.0,5258.0,5261.0,5257.0,16
2016-05-06 07:21:00,2016-05-06 07:22:00,5256.0,5260.0,5261.0,5256.0,5258.0,5261.0,5263.0,5257.0,29
2016-05-06 07:22:00,2016-05-06 07:23:00,5260.0,5262.0,5263.0,5260.0,5261.0,5263.0,5264.0,5262.0,10
2016-05-06 07:23:00,2016-05-06 07:24:00,5262.0,5262.0,5264.0,5261.0,5263.0,5263.0,5265.0,5263.0,22
2016-05-06 07:24:00,2016-05-06 07:25:00,5262.0,5259.0,5263.0,5259.0,5263.0,5261.0,5264.0,5261.0,13
2016-05-06 07:25:00,2016-05-06 07:26:00,5259.0,5259.0,5260.0,5258.0,5261.0,5261.0,5261.0,5260.0,22
2016-05-06 07:26:00,2016-05-06 07:27:00,5259.0,5260.0,5262.0,5258.0,5261.0,5262.0,5263.0,5260.0,22
2016-05-06 07:27:00,2016-05-06 07:28:00,5260.0,5258.0,5261.0,5257.0,5262.0,5260.0,5262.0,5259.0,37
2016-05-06 07:28:00,2016-05-06 07:29:00,5258.0,5258.0,5260.0,5258.0,5260.0,5260.0,5261.0,5260.0,8
2016-05-06 07:29:00,2016-05-06 07:30:00,5258.0,5261.0,5262.0,5259.0,5260.0,5263.0,5265.0,5260.0,16
2016-05-06 07:30:00,2016-05-06 07:31:00,5261.0,5262.0,5262.0,5261.0,5263.0,5263.0,5264.0,5262.0,7
2016-05-06 07:31:00,2016-05-06 07:32:00,5262.0,5264.0,5265.0,5263.0,5263.0,5265.0,5267.0,5264.0,22
2016-05-06 07:32:00,2016-05-06 07:33:00,5264.0,5262.0,5266.0,5262.0,5265.0,5264.0,5268.0,5264.0,25
2016-05-06 07:33:00,2016-05-06 07:34:00,5262.0,5262.0,5263.0,5262.0,5264.0,5264.0,5265.0,5264.0,4
2016-05-06 07:34:00,2016-05-06 07:36:00,5262.0,5262.0,5263.0,5261.0,5263.0,5263.0,5264.0,5263.0,6
2016-05-06 07:36:00,2016-05-06 07:37:00,5262.0,5264.0,5265.0,5262.0,5263.0,5265.0,5266.0,5264.0,12
2016-05-06 07:37:00,2016-05-06 07:38:00,5264.0,5264.0,5265.0,5263.0,5265.0,5266.0,5267.0,5264.0,18
2016-05-06 07:38:00,2016-05-06 07:39:00,5264.0,5265.0,5265.0,5262.0,5266.0,5266.0,5266.0,5263.0,11
2016-05-06 07:39:00,2016-05-06 07:40:00,5265.0,5266.0,5266.0,5264.0,5266.0,5267.0,5267.0,5265.0,10
2016-05-06 07:40:00,2016-05-06 07:41:00,5266.0,5264.0,5266.0,5263.0,5267.0,5266.0,5269.0,5265.0,22
2016-05-06 07:41:00,2016-05-06 07:42:00,5264.0,5261.0,5264.0,5260.0,5266.0,5262.0,5265.0,5261.0,25
2016-05-06 07:42:00,2016-05-06 07:43:00,5261.0,5263.0,5263.0,5259.0,5262.0,5264.0,5264.0,5261.0,23
2016-05-06 07:43:00,2016-05-06 07:44:00,5263.0,5264.0,5264.0,5262.0,5264.0,5266.0,5266.0,5263.0,11
2016-05-06 07:44:00,2016-05-06 07:45:00,5264.0,5263.0,5264.0,5262.0,5266.0,5264.0,5265.0,5263.0,19
2016-05-06 07:45:00,2016-05-06 07:46:00,5263.0,5262.0,5263.0,5262.0,5264.0,5263.0,5264.0,5263.0,3
2016-05-06 07:46:00,2016-05-06 07:47:00,5262.0,5261.0,5263.0,5261.0,5263.0,5263.0,5264.0,5262.0,11
2016-05-06 07:47:00,2016-05-06 07:48:00,5261.0,5261.0,5262.0,5261.0,5263.0,5263.0,5264.0,5262.0,12
2016-05-06 07:48:00,2016-05-06 07:49:00,5261.0,5260.0,5262.0,5260.0,5263.0,5262.0,5264.0,5262.0,6
2016-05-06 07:49:00,2016-05-06 07:50:00,5260.0,5260.0,5261.0,5260.0,5262.0,5262.0,5263.0,5262.0,6
2016-05-06 07:50:00,2016-05-06 07:51:00,5260.0,5261.0,5261.0,5260.0,5262.0,5262.0,5263.0,5262.0,5
2016-05-06 07:51:00,2016-05-06 07:52:00,5261.0,5260.0,5263.0,5260.0,5262.0,5263.0,5264.0,5263.0,8
2016-05-06 07:52:00,2016-05-06 07:53:00,5260.0,5263.0,5263.0,5261.0,5263.0,5264.0,5264.0,5263.0,8
2016-05-06 07:53:00,2016-05-06 07:54:00,5263.0,5260.0,5262.0,5258.0,5264.0,5262.0,5264.0,5262.0,13
2016-05-06 07:54:00,2016-05-06 07:55:00,5260.0,5260.0,5261.0,5259.0,5262.0,5261.0,5263.0,5261.0,15
2016-05-06 07:55:00,2016-05-06 07:56:00,5260.0,5260.0,5261.0,5258.0,5261.0,5261.0,5262.0,5260.0,10
2016-05-06 07:56:00,2016-05-06 07:58:00,5259.0,5259.0,5261.0,5258.0,5261.0,5260.0,5263.0,5260.0,19
2016-05-06 07:58:00,2016-05-06 07:59:00,5259.0,5258.0,5260.0,5258.0,5260.0,5259.0,5261.0,5259.0,20
2016-05-06 07:59:00,2016-05-06 08:00:00,5258.0,5259.0,5260.0,5257.0,5259.0,5260.0,5261.0,5258.0,26
2016-05-06 08:00:00,2016-05-06 08:01:00,5259.0,5263.0,5264.0,5259.0,5260.0,5264.0,5265.0,5261.0,33
2016-05-06 08:01:00,2016-05-06 08:02:00,5263.0,5262.0,5264.0,5261.0,5264.0,5263.0,5266.0,5263.0,22
2016-05-06 08:02:00,2016-05-06 08:03:00,5262.0,5260.0,5262.0,5260.0,5263.0,5262.0,5264.0,5262.0,15
2016-05-06 08:03:00,2016-05-06 08:04:00,5260.0,5262.0,5263.0,5261.0,5262.0,5264.0,5265.0,5262.0,10
2016-05-06 08:04:00,2016-05-06 08:05:00,5262.0,5262.0,5263.0,5261.0,5264.0,5264.0,5265.0,5262.0,18
2016-05-06 08:05:00,2016-05-06 08:06:00,5262.0,5265.0,5266.0,5263.0,5264.0,5266.0,5267.0,5264.0,15
2016-05-06 08:06:00,2016-05-06 08:07:00,5265.0,5267.0,5268.0,5265.0,5266.0,5268.0,5269.0,5267.0,16
2016-05-06 08:07:00,2016-05-06 08:08:00,5267.0,5268.0,5269.0,5267.0,5268.0,5269.0,5270.0,5268.0,15
2016-05-06 08:08:00,2016-05-06 08:09:00,5268.0,5270.0,5270.0,5267.0,5269.0,5271.0,5271.0,5268.0,22
2016-05-06 08:09:00,2016-05-06 08:10:00,5270.0,5271.0,5271.0,5269.0,5271.0,5272.0,5272.0,5270.0,18
2016-05-06 08:10:00,2016-05-06 08:11:00,5271.0,5271.0,5271.0,5269.0,5272.0,5272.0,5272.0,5270.0,12
2016-05-06 08:11:00,2016-05-06 08:12:00,5271.0,5272.0,5272.0,5269.0,5272.0,5273.0,5273.0,5271.0,8
2016-05-06 08:12:00,2016-05-06 08:13:00,5272.0,5272.0,5272.0,5271.0,5273.0,5273.0,5273.0,5272.0,4
2016-05-06 08:13:00,2016-05-06 08:14:00,5272.0,5270.0,5271.0,5269.0,5273.0,5272.0,5272.0,5271.0,13
2016-05-06 08:14:00,2016-05-06 08:15:00,5270.0,5270.0,5270.0,5268.0,5272.0,5272.0,5272.0,5270.0,12
2016-05-06 08:15:00,2016-05-06 08:16:00,5270.0,5269.0,5271.0,5269.0,5272.0,5270.0,5272.0,5270.0,8
2016-05-06 08:16:00,2016-05-06 08:17:00,5269.0,5271.0,5271.0,5269.0,5270.0,5272.0,5272.0,5270.0,12
2016-05-06 08:17:00,2016-05-06 08:20:00,5271.0,5270.0,5272.0,5269.0,5272.0,5272.0,5275.0,5271.0,14
2016-05-06 08:20:00,2016-05-06 08:21:00,5270.0,5270.0,5272.0,5270.0,5272.0,5272.0,5273.0,5271.0,16
2016-05-06 08:21:00,2016-05-06 08:22:00,5270.0,5268.0,5271.0,5266.0,5272.0,5269.0,5272.0,5269.0,16
2016-05-06 08:22:00,2016-05-06 08:23:00,5268.0,5268.0,5269.0,5267.0,5269.0,5270.0,5270.0,5268.0,13
2016-05-06 08:23:00,2016-05-06 08:24:00,5268.0,5270.0,5270.0,5268.0,5270.0,5271.0,5271.0,5270.0,15
2016-05-06 08:24:00,2016-05-06 08:26:00,5269.0,5268.0,5269.0,5268.0,5270.0,5270.0,5271.0,5269.0,15
2016-05-06 08:26:00,2016-05-06 08:27:00,5268.0,5269.0,5270.0,5268.0,5270.0,5271.0,5272.0,5271.0,6
2016-05-06 08:27:00,2016-05-06 08:28:00,5269.0,5268.0,5270.0,5268.0,5271.0,5270.0,5272.0,5270.0,6
2016-05-06 08:28:00,2016-05-06 08:29:00,5268.0,5268.0,5269.0,5268.0,5270.0,5269.0,5271.0,5269.0,7
2016-05-06 08:29:00,2016-05-06 08:30:00,5268.0,5268.0,5269.0,5268.0,5269.0,5270.0,5271.0,5270.0,17
2016-05-06 08:30:00,2016-05-06 08:31:00,5268.0,5267.0,5269.0,5267.0,5270.0,5269.0,5270.0,5268.0,8
2016-05-06 08:31:00,2016-05-06 08:32:00,5267.0,5267.0,5268.0,5267.0,5269.0,5269.0,5270.0,5268.0,6
2016-05-06 08:32:00,2016-05-06 08:33:00,5267.0,5267.0,5268.0,5266.0,5269.0,5269.0,5270.0,5269.0,6
2016-05-06 08:33:00,2016-05-06 08:34:00,5267.0,5269.0,5270.0,5268.0,5269.0,5271.0,5272.0,5269.0,10
2016-05-06 08:34:00,2016-05-06 08:35:00,5269.0,5270.0,5270.0,5267.0,5271.0,5271.0,5273.0,5271.0,8
2016-05-06 08:35:00,2016-05-06 08:36:00,5270.0,5270.0,5272.0,5270.0,5271.0,5272.0,5273.0,5272.0,11
2016-05-06 08:36:00,2016-05-06 08:37:00,5270.0,5271.0,5272.0,5270.0,5272.0,5272.0,5273.0,5272.0,11
2016-05-06 08:37:00,2016-05-06 08:38:00,5271.0,5274.0,5275.0,5271.0,5272.0,5275.0,5276.0,5273.0,22
2016-05-06 08:38:00,2016-05-06 08:39:00,5274.0,5275.0,5275.0,5273.0,5275.0,5276.0,5276.0,5274.0,23
2016-05-06 08:39:00,2016-05-06 08:40:00,5275.0,5275.0,5275.0,5273.0,5276.0,5276.0,5276.0,5274.0,12
2016-05-06 08:40:00,2016-05-06 08:44:00,5275.0,5276.0,5276.0,5274.0,5277.0,5277.0,5277.0,5276.0,11
2016-05-06 08:44:00,2016-05-06 08:45:00,5276.0,5273.0,5275.0,5272.0,5277.0,5274.0,5277.0,5273.0,22
2016-05-06 08:45:00,2016-05-06 08:46:00,5273.0,5273.0,5273.0,5271.0,5274.0,5275.0,5275.0,5273.0,19
2016-05-06 08:46:00,2016-05-06 08:47:00,5273.0,5272.0,5273.0,5272.0,5275.0,5274.0,5275.0,5274.0,3
2016-05-06 08:47:00,2016-05-06 08:48:00,5272.0,5272.0,5273.0,5272.0,5274.0,5276.0,5276.0,5274.0,4
2016-05-06 08:48:00,2016-05-06 08:49:00,5272.0,5273.0,5273.0,5271.0,5276.0,5274.0,5277.0,5274.0,6
2016-05-06 08:49:00,2016-05-06 08:51:00,5273.0,5270.0,5274.0,5270.0,5274.0,5272.0,5275.0,5272.0,15
2016-05-06 08:51:00,2016-05-06 08:55:00,5269.0,5272.0,5273.0,5270.0,5270.0,5274.0,5275.0,5271.0,21
2016-05-06 08:55:00,2016-05-06 08:56:00,5272.0,5271.0,5273.0,5271.0,5274.0,5273.0,5275.0,5273.0,8
2016-05-06 08:56:00,2016-05-06 08:57:00,5271.0,5272.0,5273.0,5271.0,5273.0,5274.0,5275.0,5273.0,6
2016-05-06 08:57:00,2016-05-06 08:58:00,5272.0,5272.0,5273.0,5272.0,5274.0,5274.0,5275.0,5273.0,10
2016-05-06 08:58:00,2016-05-06 08:59:00,5272.0,5272.0,5273.0,5271.0,5274.0,5274.0,5275.0,5273.0,10
2016-05-06 08:59:00,2016-05-06 09:00:00,5272.0,5271.0,5273.0,5271.0,5274.0,5272.0,5275.0,5272.0,9
2016-05-06 09:00:00,2016-05-06 09:01:00,5271.0,5271.0,5272.0,5269.0,5272.0,5272.0,5273.0,5271.0,12
2016-05-06 09:01:00,2016-05-06 09:02:00,5271.0,5271.0,5273.0,5271.0,5272.0,5273.0,5274.0,5272.0,25
2016-05-06 09:02:00,2016-05-06 09:03:00,5271.0,5271.0,5272.0,5270.0,5273.0,5273.0,5274.0,5272.0,16
2016-05-06 09:03:00,2016-05-06 09:04:00,5271.0,5272.0,5273.0,5272.0,5273.0,5273.0,5275.0,5273.0,11
2016-05-06 09:04:00,2016-05-06 09:05:00,5272.0,5272.0,5273.0,5271.0,5273.0,5273.0,5274.0,5273.0,12
2016-05-06 09:05:00,2016-05-06 09:06:00,5272.0,5271.0,5272.0,5271.0,5273.0,5273.0,5274.0,5272.0,15
2016-05-06 09:06:00,2016-05-06 09:07:00,5271.0,5272.0,5273.0,5272.0,5273.0,5273.0,5274.0,5273.0,5
2016-05-06 09:07:00,2016-05-06 09:08:00,5272.0,5272.0,5273.0,5272.0,5273.0,5273.0,5274.0,5273.0,10
2016-05-06 09:08:00,2016-05-06 09:09:00,5272.0,5272.0,5272.0,5271.0,5273.0,5274.0,5274.0,5272.0,14
2016-05-06 09:09:00,2016-05-06 09:10:00,5272.0,5272.0,5272.0,5271.0,5274.0,5273.0,5274.0,5272.0,21
2016-05-06 09:10:00,2016-05-06 09:11:00,5272.0,5272.0,5272.0,5271.0,5273.0,5273.0,5274.0,5272.0,12
2016-05-06 09:11:00,2016-05-06 09:12:00,5272.0,5272.0,5272.0,5270.0,5273.0,5274.0,5274.0,5272.0,15
2016-05-06 09:12:00,2016-05-06 09:13:00,5272.0,5273.0,5273.0,5271.0,5274.0,5275.0,5275.0,5273.0,6
2016-05-06 09:13:00,2016-05-06 09:14:00,5273.0,5272.0,5272.0,5271.0,5275.0,5274.0,5275.0,5273.0,10
2016-05-06 09:14:00,2016-05-06 09:15:00,5272.0,5271.0,5272.0,5270.0,5274.0,5272.0,5273.0,5271.0,7
2016-05-06 09:15:00,2016-05-06 09:16:00,5271.0,5270.0,5270.0,5269.0,5272.0,5271.0,5272.0,5270.0,10
2016-05-06 09:16:00,2016-05-06 09:20:00,5270.0,5270.0,5271.0,5269.0,5271.0,5271.0,5272.0,5270.0,14
2016-05-06 09:20:00,2016-05-06 09:21:00,5270.0,5269.0,5271.0,5269.0,5271.0,5271.0,5272.0,5270.0,13
2016-05-06 09:21:00,2016-05-06 09:22:00,5269.0,5269.0,5270.0,5269.0,5271.0,5271.0,5272.0,5271.0,6
2016-05-06 09:22:00,2016-05-06 09:23:00,5269.0,5270.0,5271.0,5269.0,5271.0,5272.0,5273.0,5271.0,8
2016-05-06 09:23:00,2016-05-06 09:24:00,5270.0,5271.0,5272.0,5270.0,5272.0,5272.0,5273.0,5271.0,19
2016-05-06 09:24:00,2016-05-06 09:25:00,5271.0,5271.0,5272.0,5270.0,5272.0,5272.0,5273.0,5272.0,6
2016-05-06 09:25:00,2016-05-06 09:26:00,5271.0,5270.0,5272.0,5270.0,5272.0,5272.0,5273.0,5272.0,9
2016-05-06 09:26:00,2016-05-06 09:27:00,5270.0,5270.0,5271.0,5268.0,5272.0,5272.0,5274.0,5272.0,7
2016-05-06 09:27:00,2016-05-06 09:32:00,5270.0,5270.0,5271.0,5270.0,5271.0,5271.0,5273.0,5271.0,12
2016-05-06 09:32:00,2016-05-06 09:36:00,5269.0,5269.0,5270.0,5268.0,5270.0,5270.0,5271.0,5269.0,14
2016-05-06 09:36:00,2016-05-06 09:37:00,5269.0,5268.0,5269.0,5268.0,5270.0,5270.0,5271.0,5270.0,7
2016-05-06 09:37:00,2016-05-06 09:38:00,5268.0,5268.0,5269.0,5266.0,5270.0,5270.0,5272.0,5270.0,8
2016-05-06 09:38:00,2016-05-06 09:39:00,5268.0,5269.0,5269.0,5268.0,5270.0,5271.0,5271.0,5269.0,7
2016-05-06 09:39:00,2016-05-06 09:40:00,5269.0,5269.0,5269.0,5267.0,5271.0,5271.0,5273.0,5268.0,13
2016-05-06 09:40:00,2016-05-06 09:41:00,5269.0,5269.0,5269.0,5267.0,5271.0,5270.0,5271.0,5269.0,7
2016-05-06 09:41:00,2016-05-06 09:43:00,5269.0,5270.0,5270.0,5268.0,5271.0,5272.0,5272.0,5270.0,6
2016-05-06 09:43:00,2016-05-06 09:44:00,5270.0,5270.0,5270.0,5269.0,5272.0,5272.0,5272.0,5271.0,6
2016-05-06 09:44:00,2016-05-06 09:45:00,5270.0,5269.0,5270.0,5268.0,5272.0,5271.0,5271.0,5270.0,8
2016-05-06 09:45:00,2016-05-06 09:46:00,5269.0,5268.0,5269.0,5267.0,5271.0,5269.0,5271.0,5268.0,9
2016-05-06 09:46:00,2016-05-06 09:47:00,5268.0,5269.0,5269.0,5267.0,5269.0,5270.0,5270.0,5268.0,8
2016-05-06 09:47:00,2016-05-06 09:48:00,5269.0,5267.0,5268.0,5267.0,5270.0,5269.0,5270.0,5269.0,8
2016-05-06 09:48:00,2016-05-06 09:51:00,5267.0,5267.0,5268.0,5265.0,5269.0,5268.0,5271.0,5268.0,10
2016-05-06 09:51:00,2016-05-06 09:52:00,5267.0,5267.0,5268.0,5267.0,5268.0,5269.0,5270.0,5269.0,5
2016-05-06 09:52:00,2016-05-06 09:53:00,5267.0,5267.0,5268.0,5267.0,5269.0,5269.0,5270.0,5269.0,4
2016-05-06 09:53:00,2016-05-06 09:54:00,5267.0,5265.0,5268.0,5265.0,5269.0,5266.0,5270.0,5266.0,13
2016-05-06 09:54:00,2016-05-06 09:55:00,5265.0,5265.0,5266.0,5265.0,5266.0,5267.0,5268.0,5266.0,35
2016-05-06 09:55:00,2016-05-06 09:56:00,5265.0,5265.0,5266.0,5265.0,5267.0,5267.0,5268.0,5267.0,4
2016-05-06 09:56:00,2016-05-06 09:57:00,5265.0,5264.0,5266.0,5264.0,5267.0,5266.0,5268.0,5266.0,6
2016-05-06 09:57:00,2016-05-06 09:58:00,5264.0,5263.0,5265.0,5263.0,5266.0,5264.0,5267.0,5264.0,10
2016-05-06 09:58:00,2016-05-06 09:59:00,5263.0,5262.0,5264.0,5262.0,5264.0,5263.0,5265.0,5263.0,6
2016-05-06 09:59:00,2016-05-06 10:00:00,5262.0,5261.0,5262.0,5259.0,5263.0,5262.0,5263.0,5260.0,34
2016-05-06 10:00:00,2016-05-06 10:01:00,5261.0,5261.0,5263.0,5260.0,5262.0,5262.0,5264.0,5261.0,12
2016-05-06 10:01:00,2016-05-06 10:02:00,5261.0,5260.0,5262.0,5260.0,5262.0,5262.0,5263.0,5262.0,13
2016-05-06 10:02:00,2016-05-06 10:04:00,5260.0,5263.0,5264.0,5258.0,5261.0,5264.0,5265.0,5262.0,18
2016-05-06 10:04:00,2016-05-06 10:05:00,5263.0,5263.0,5265.0,5263.0,5264.0,5265.0,5266.0,5265.0,7
2016-05-06 10:05:00,2016-05-06 10:06:00,5263.0,5263.0,5264.0,5262.0,5265.0,5265.0,5266.0,5265.0,6
2016-05-06 10:06:00,2016-05-06 10:10:00,5263.0,5264.0,5264.0,5263.0,5265.0,5266.0,5266.0,5265.0,3
2016-05-06 10:10:00,2016-05-06 10:14:00,5264.0,5264.0,5264.0,5263.0,5266.0,5266.0,5266.0,5265.0,4
2016-05-06 10:14:00,2016-05-06 10:15:00,5264.0,5263.0,5263.0,5262.0,5266.0,5265.0,5265.0,5264.0,6
2016-05-06 10:15:00,2016-05-06 10:17:00,5263.0,5263.0,5263.0,5261.0,5265.0,5265.0,5265.0,5264.0,4
2016-05-06 10:17:00,2016-05-06 10:18:00,5263.0,5262.0,5263.0,5262.0,5265.0,5264.0,5265.0,5264.0,3
2016-05-06 10:18:00,2016-05-06 10:19:00,5262.0,5262.0,5263.0,5262.0,5264.0,5263.0,5265.0,5263.0,6
2016-05-06 10:19:00,2016-05-06 10:20:00,5262.0,5263.0,5264.0,5262.0,5263.0,5264.0,5265.0,5263.0,12
2016-05-06 10:20:00,2016-05-06 10:21:00,5263.0,5263.0,5265.0,5263.0,5264.0,5265.0,5266.0,5264.0,7
2016-05-06 10:21:00,2016-05-06 10:22:00,5263.0,5263.0,5264.0,5262.0,5265.0,5264.0,5266.0,5264.0,31
2016-05-06 10:22:00,2016-05-06 10:23:00,5263.0,5262.0,5264.0,5262.0,5264.0,5264.0,5266.0,5263.0,21
2016-05-06 10:23:00,2016-05-06 10:24:00,5262.0,5262.0,5264.0,5262.0,5264.0,5263.0,5265.0,5263.0,9
2016-05-06 10:24:00,2016-05-06 10:25:00,5262.0,5262.0,5263.0,5262.0,5263.0,5264.0,5264.0,5263.0,7
2016-05-06 10:25:00,2016-05-06 10:26:00,5262.0,5262.0,5263.0,5262.0,5264.0,5263.0,5265.0,5263.0,5
2016-05-06 10:26:00,2016-05-06 10:27:00,5262.0,5262.0,5263.0,5262.0,5263.0,5263.0,5264.0,5263.0,8
2016-05-06 10:27:00,2016-05-06 10:30:00,5262.0,5260.0,5262.0,5258.0,5263.0,5261.0,5264.0,5261.0,17
2016-05-06 10:30:00,2016-05-06 10:31:00,5260.0,5258.0,5261.0,5258.0,5261.0,5259.0,5262.0,5259.0,18
2016-05-06 10:31:00,2016-05-06 10:32:00,5258.0,5256.0,5258.0,5255.0,5259.0,5257.0,5259.0,5257.0,16
2016-05-06 10:32:00,2016-05-06 10:33:00,5256.0,5257.0,5257.0,5255.0,5257.0,5258.0,5259.0,5257.0,13
2016-05-06 10:33:00,2016-05-06 10:34:00,5257.0,5257.0,5258.0,5256.0,5258.0,5258.0,5259.0,5258.0,8
2016-05-06 10:34:00,2016-05-06 10:35:00,5257.0,5257.0,5258.0,5257.0,5258.0,5259.0,5259.0,5259.0,5
2016-05-06 10:35:00,2016-05-06 10:41:00,5258.0,5259.0,5260.0,5259.0,5260.0,5260.0,5261.0,5260.0,11
2016-05-06 10:41:00,2016-05-06 10:43:00,5259.0,5259.0,5259.0,5258.0,5260.0,5260.0,5261.0,5260.0,8
2016-05-06 10:43:00,2016-05-06 10:50:00,5257.0,5256.0,5257.0,5256.0,5258.0,5258.0,5258.0,5258.0,7
2016-05-06 10:50:00,2016-05-06 10:51:00,5256.0,5257.0,5258.0,5256.0,5258.0,5259.0,5259.0,5258.0,5
2016-05-06 10:51:00,2016-05-06 10:52:00,5257.0,5257.0,5258.0,5257.0,5259.0,5259.0,5260.0,5259.0,4
2016-05-06 10:52:00,2016-05-06 10:56:00,5257.0,5257.0,5257.0,5256.0,5259.0,5259.0,5260.0,5259.0,2
2016-05-06 10:56:00,2016-05-06 10:58:00,5257.0,5256.0,5257.0,5256.0,5258.0,5257.0,5259.0,5257.0,4
2016-05-06 10:58:00,2016-05-06 10:59:00,5256.0,5256.0,5257.0,5256.0,5257.0,5257.0,5258.0,5257.0,6
2016-05-06 10:59:00,2016-05-06 11:00:00,5256.0,5256.0,5256.0,5255.0,5257.0,5258.0,5258.0,5256.0,7
2016-05-06 11:00:00,2016-05-06 11:02:00,5256.0,5256.0,5258.0,5256.0,5257.0,5258.0,5259.0,5257.0,18
2016-05-06 11:02:00,2016-05-06 11:05:00,5256.0,5255.0,5256.0,5255.0,5258.0,5257.0,5258.0,5256.0,11
2016-05-06 11:05:00,2016-05-06 11:10:00,5256.0,5256.0,5257.0,5255.0,5257.0,5258.0,5258.0,5257.0,15
2016-05-06 11:10:00,2016-05-06 11:11:00,5256.0,5256.0,5258.0,5255.0,5258.0,5258.0,5259.0,5258.0,9
2016-05-06 11:11:00,2016-05-06 11:12:00,5256.0,5257.0,5257.0,5256.0,5258.0,5259.0,5259.0,5259.0,2
2016-05-06 11:12:00,2016-05-06 11:18:00,5257.0,5256.0,5257.0,5256.0,5259.0,5258.0,5258.0,5257.0,4
2016-05-06 11:18:00,2016-05-06 11:19:00,5256.0,5257.0,5257.0,5257.0,5258.0,5258.0,5258.0,5258.0,1
2016-05-06 11:19:00,2016-05-06 11:20:00,5257.0,5256.0,5257.0,5255.0,5258.0,5258.0,5258.0,5257.0,6
2016-05-06 11:20:00,2016-05-06 11:22:00,5256.0,5256.0,5256.0,5254.0,5258.0,5257.0,5259.0,5257.0,3
2016-05-06 11:22:00,2016-05-06 11:23:00,5256.0,5256.0,5256.0,5256.0,5257.0,5257.0,5258.0,5257.0,2
2016-05-06 11:23:00,2016-05-06 11:24:00,5256.0,5255.0,5255.0,5253.0,5257.0,5257.0,5259.0,5257.0,4
2016-05-06 11:24:00,2016-05-06 11:27:00,5255.0,5256.0,5256.0,5256.0,5257.0,5257.0,5258.0,5257.0,3
2016-05-06 11:27:00,2016-05-06 11:32:00,5255.0,5255.0,5256.0,5255.0,5257.0,5257.0,5258.0,5257.0,4
2016-05-06 11:32:00,2016-05-06 11:35:00,5255.0,5254.0,5256.0,5253.0,5257.0,5255.0,5257.0,5255.0,8
2016-05-06 11:35:00,2016-05-06 11:37:00,5254.0,5254.0,5254.0,5253.0,5255.0,5255.0,5256.0,5255.0,2
2016-05-06 11:37:00,2016-05-06 11:38:00,5254.0,5251.0,5254.0,5251.0,5255.0,5252.0,5255.0,5252.0,11
2016-05-06 11:38:00,2016-05-06 11:39:00,5251.0,5250.0,5251.0,5249.0,5252.0,5251.0,5252.0,5251.0,18
2016-05-06 11:39:00,2016-05-06 11:41:00,5250.0,5250.0,5251.0,5250.0,5251.0,5252.0,5252.0,5251.0,9
2016-05-06 11:41:00,2016-05-06 11:45:00,5250.0,5250.0,5250.0,5250.0,5252.0,5252.0,5252.0,5251.0,4
2016-05-06 11:45:00,2016-05-06 11:48:00,5251.0,5251.0,5251.0,5250.0,5253.0,5252.0,5253.0,5252.0,3
2016-05-06 11:48:00,2016-05-06 11:50:00,5251.0,5250.0,5250.0,5250.0,5252.0,5253.0,5253.0,5253.0,1
2016-05-06 11:50:00,2016-05-06 11:51:00,5250.0,5251.0,5251.0,5251.0,5253.0,5252.0,5252.0,5252.0,1
2016-05-06 11:51:00,2016-05-06 11:53:00,5252.0,5252.0,5252.0,5251.0,5253.0,5253.0,5253.0,5252.0,6
2016-05-06 11:53:00,2016-05-06 11:54:00,5252.0,5251.0,5252.0,5251.0,5253.0,5253.0,5253.0,5253.0,3
2016-05-06 11:54:00,2016-05-06 11:55:00,5251.0,5251.0,5251.0,5251.0,5253.0,5253.0,5253.0,5252.0,2
2016-05-06 11:55:00,2016-05-06 11:56:00,5251.0,5251.0,5252.0,5251.0,5253.0,5252.0,5253.0,5252.0,7
2016-05-06 11:56:00,2016-05-06 11:57:00,5251.0,5252.0,5253.0,5251.0,5252.0,5253.0,5254.0,5253.0,8
2016-05-06 11:57:00,2016-05-06 11:59:00,5252.0,5251.0,5251.0,5251.0,5253.0,5252.0,5253.0,5252.0,4
2016-05-06 11:59:00,2016-05-06 12:00:00,5251.0,5246.0,5251.0,5246.0,5252.0,5247.0,5252.0,5247.0,35
2016-05-06 12:00:00,2016-05-06 12:01:00,5246.0,5247.0,5247.0,5246.0,5247.0,5248.0,5249.0,5248.0,6
2016-05-06 12:01:00,2016-05-06 12:02:00,5247.0,5245.0,5246.0,5245.0,5248.0,5246.0,5248.0,5246.0,4
2016-05-06 12:02:00,2016-05-06 12:03:00,5245.0,5245.0,5246.0,5243.0,5246.0,5246.0,5248.0,5246.0,19
2016-05-06 12:03:00,2016-05-06 12:04:00,5245.0,5245.0,5246.0,5245.0,5246.0,5246.0,5247.0,5246.0,6
2016-05-06 12:04:00,2016-05-06 12:07:00,5246.0,5246.0,5246.0,5244.0,5247.0,5247.0,5247.0,5246.0,8
2016-05-06 12:07:00,2016-05-06 12:08:00,5246.0,5246.0,5247.0,5245.0,5247.0,5248.0,5248.0,5247.0,9
2016-05-06 12:08:00,2016-05-06 12:10:00,5245.0,5245.0,5246.0,5245.0,5247.0,5247.0,5248.0,5246.0,24
2016-05-06 12:10:00,2016-05-06 12:11:00,5245.0,5245.0,5246.0,5244.0,5247.0,5246.0,5247.0,5245.0,55
2016-05-06 12:11:00,2016-05-06 12:12:00,5245.0,5246.0,5246.0,5244.0,5246.0,5247.0,5247.0,5246.0,6
2016-05-06 12:12:00,2016-05-06 12:13:00,5246.0,5245.0,5246.0,5245.0,5247.0,5246.0,5247.0,5246.0,18
2016-05-06 12:13:00,2016-05-06 12:14:00,5245.0,5246.0,5246.0,5245.0,5246.0,5248.0,5249.0,5247.0,7
2016-05-06 12:14:00,2016-05-06 12:15:00,5246.0,5246.0,5246.0,5246.0,5248.0,5247.0,5248.0,5247.0,7
2016-05-06 12:15:00,2016-05-06 12:16:00,5246.0,5246.0,5246.0,5244.0,5247.0,5248.0,5249.0,5247.0,3
2016-05-06 12:16:00,2016-05-06 12:17:00,5246.0,5248.0,5248.0,5246.0,5248.0,5249.0,5250.0,5247.0,17
2016-05-06 12:17:00,2016-05-06 12:19:00,5248.0,5245.0,5247.0,5245.0,5249.0,5246.0,5249.0,5246.0,6
2016-05-06 12:19:00,2016-05-06 12:20:00,5245.0,5246.0,5246.0,5245.0,5246.0,5247.0,5247.0,5246.0,16
2016-05-06 12:20:00,2016-05-06 12:21:00,5246.0,5243.0,5245.0,5243.0,5247.0,5244.0,5247.0,5244.0,16
2016-05-06 12:21:00,2016-05-06 12:22:00,5243.0,5243.0,5244.0,5243.0,5244.0,5245.0,5246.0,5244.0,17
2016-05-06 12:22:00,2016-05-06 12:23:00,5243.0,5244.0,5246.0,5244.0,5245.0,5245.0,5247.0,5245.0,25
2016-05-06 12:23:00,2016-05-06 12:24:00,5244.0,5245.0,5245.0,5244.0,5245.0,5247.0,5247.0,5245.0,15
2016-05-06 12:24:00,2016-05-06 12:25:00,5245.0,5242.0,5246.0,5240.0,5247.0,5243.0,5247.0,5242.0,30
2016-05-06 12:25:00,2016-05-06 12:26:00,5242.0,5241.0,5242.0,5241.0,5243.0,5243.0,5245.0,5242.0,9
2016-05-06 12:26:00,2016-05-06 12:27:00,5241.0,5241.0,5243.0,5241.0,5243.0,5243.0,5244.0,5243.0,16
2016-05-06 12:27:00,2016-05-06 12:28:00,5241.0,5240.0,5242.0,5238.0,5243.0,5242.0,5243.0,5241.0,33
2016-05-06 12:28:00,2016-05-06 12:29:00,5240.0,5239.0,5242.0,5239.0,5242.0,5247.0,5249.0,5241.0,33
2016-05-06 12:29:00,2016-05-06 12:30:00,5239.0,5239.0,5242.0,5234.0,5247.0,5241.0,5247.0,5236.0,67
2016-05-06 12:30:00,2016-05-06 12:31:00,5239.0,5239.0,5242.0,5239.0,5241.0,5240.0,5243.0,5240.0,53
2016-05-06 12:31:00,2016-05-06 12:32:00,5239.0,5232.0,5238.0,5231.0,5240.0,5234.0,5240.0,5233.0,42
2016-05-06 12:32:00,2016-05-06 12:33:00,5232.0,5236.0,5237.0,5232.0,5234.0,5238.0,5238.0,5234.0,31
2016-05-06 12:33:00,2016-05-06 12:34:00,5236.0,5236.0,5240.0,5234.0,5238.0,5238.0,5241.0,5236.0,28
2016-05-06 12:34:00,2016-05-06 12:35:00,5236.0,5234.0,5239.0,5234.0,5238.0,5235.0,5241.0,5235.0,28
2016-05-06 12:35:00,2016-05-06 12:36:00,5234.0,5234.0,5235.0,5231.0,5235.0,5235.0,5236.0,5233.0,57
2016-05-06 12:36:00,2016-05-06 12:37:00,5234.0,5235.0,5236.0,5234.0,5235.0,5236.0,5237.0,5235.0,75
2016-05-06 12:37:00,2016-05-06 12:38:00,5235.0,5232.0,5236.0,5232.0,5236.0,5234.0,5238.0,5234.0,45
2016-05-06 12:38:00,2016-05-06 12:39:00,5232.0,5233.0,5234.0,5232.0,5234.0,5234.0,5235.0,5233.0,43
2016-05-06 12:39:00,2016-05-06 12:40:00,5233.0,5232.0,5233.0,5229.0,5234.0,5233.0,5234.0,5231.0,33
2016-05-06 12:40:00,2016-05-06 12:41:00,5232.0,5228.0,5232.0,5228.0,5233.0,5229.0,5234.0,5229.0,40
2016-05-06 12:41:00,2016-05-06 12:42:00,5228.0,5228.0,5229.0,5227.0,5229.0,5230.0,5231.0,5228.0,37
2016-05-06 12:42:00,2016-05-06 12:43:00,5228.0,5227.0,5228.0,5226.0,5230.0,5229.0,5230.0,5228.0,26
2016-05-06 12:43:00,2016-05-06 12:45:00,5227.0,5224.0,5227.0,5224.0,5228.0,5226.0,5228.0,5225.0,51
2016-05-06 12:45:00,2016-05-06 12:46:00,5224.0,5224.0,5225.0,5223.0,5226.0,5226.0,5226.0,5225.0,26
2016-05-06 12:46:00,2016-05-06 12:47:00,5224.0,5226.0,5226.0,5224.0,5226.0,5228.0,5228.0,5225.0,28
2016-05-06 12:47:00,2016-05-06 12:48:00,5226.0,5227.0,5227.0,5225.0,5228.0,5228.0,5229.0,5226.0,21
2016-05-06 12:48:00,2016-05-06 12:49:00,5227.0,5227.0,5228.0,5226.0,5228.0,5229.0,5229.0,5228.0,23
2016-05-06 12:49:00,2016-05-06 12:50:00,5227.0,5228.0,5229.0,5227.0,5229.0,5230.0,5230.0,5228.0,22
2016-05-06 12:50:00,2016-05-06 12:51:00,5228.0,5228.0,5229.0,5228.0,5230.0,5229.0,5230.0,5229.0,9
2016-05-06 12:51:00,2016-05-06 12:52:00,5228.0,5230.0,5230.0,5228.0,5229.0,5231.0,5231.0,5230.0,12
2016-05-06 12:52:00,2016-05-06 12:53:00,5230.0,5228.0,5231.0,5228.0,5231.0,5229.0,5232.0,5229.0,18
2016-05-06 12:53:00,2016-05-06 12:54:00,5228.0,5229.0,5229.0,5228.0,5229.0,5230.0,5231.0,5230.0,10
2016-05-06 12:54:00,2016-05-06 12:56:00,5231.0,5230.0,5231.0,5229.0,5232.0,5231.0,5233.0,5231.0,23
2016-05-06 12:56:00,2016-05-06 12:57:00,5230.0,5228.0,5229.0,5228.0,5231.0,5230.0,5231.0,5229.0,11
2016-05-06 12:57:00,2016-05-06 12:58:00,5228.0,5229.0,5229.0,5228.0,5230.0,5231.0,5231.0,5229.0,28
2016-05-06 12:58:00,2016-05-06 12:59:00,5229.0,5228.0,5229.0,5227.0,5231.0,5230.0,5230.0,5229.0,38
2016-05-06 12:59:00,2016-05-06 13:00:00,5228.0,5230.0,5230.0,5227.0,5230.0,5231.0,5232.0,5229.0,41
2016-05-06 13:00:00,2016-05-06 13:01:00,5230.0,5229.0,5230.0,5229.0,5231.0,5231.0,5231.0,5230.0,7
2016-05-06 13:01:00,2016-05-06 13:02:00,5229.0,5229.0,5229.0,5229.0,5231.0,5230.0,5231.0,5230.0,9
2016-05-06 13:02:00,2016-05-06 13:04:00,5229.0,5231.0,5231.0,5229.0,5230.0,5233.0,5233.0,5231.0,11
2016-05-06 13:04:00,2016-05-06 13:05:00,5231.0,5233.0,5233.0,5232.0,5233.0,5234.0,5234.0,5233.0,17
2016-05-06 13:05:00,2016-05-06 13:07:00,5233.0,5233.0,5234.0,5232.0,5234.0,5235.0,5235.0,5234.0,11
2016-05-06 13:07:00,2016-05-06 13:08:00,5233.0,5235.0,5235.0,5232.0,5235.0,5236.0,5236.0,5234.0,9
2016-05-06 13:08:00,2016-05-06 13:09:00,5235.0,5237.0,5237.0,5235.0,5236.0,5239.0,5239.0,5237.0,19
2016-05-06 13:09:00,2016-05-06 13:10:00,5237.0,5235.0,5237.0,5234.0,5239.0,5236.0,5239.0,5236.0,9
2016-05-06 13:10:00,2016-05-06 13:11:00,5235.0,5233.0,5234.0,5233.0,5236.0,5234.0,5236.0,5234.0,6
2016-05-06 13:11:00,2016-05-06 13:12:00,5233.0,5230.0,5234.0,5230.0,5234.0,5232.0,5235.0,5231.0,31
2016-05-06 13:12:00,2016-05-06 13:13:00,5230.0,5231.0,5232.0,5230.0,5232.0,5233.0,5233.0,5231.0,16
2016-05-06 13:13:00,2016-05-06 13:14:00,5231.0,5232.0,5232.0,5231.0,5233.0,5233.0,5233.0,5232.0,7
2016-05-06 13:14:00,2016-05-06 13:15:00,5232.0,5231.0,5233.0,5231.0,5233.0,5232.0,5234.0,5232.0,16
2016-05-06 13:15:00,2016-05-06 13:16:00,5231.0,5234.0,5234.0,5231.0,5232.0,5236.0,5236.0,5232.0,23
2016-05-06 13:16:00,2016-05-06 13:19:00,5237.0,5237.0,5237.0,5236.0,5238.0,5239.0,5239.0,5237.0,11
2016-05-06 13:19:00,2016-05-06 13:20:00,5237.0,5239.0,5239.0,5235.0,5239.0,5240.0,5240.0,5238.0,13
2016-05-06 13:20:00,2016-05-06 13:21:00,5239.0,5237.0,5238.0,5237.0,5240.0,5239.0,5240.0,5238.0,27
2016-05-06 13:21:00,2016-05-06 13:22:00,5237.0,5235.0,5237.0,5235.0,5239.0,5236.0,5239.0,5236.0,23
2016-05-06 13:22:00,2016-05-06 13:23:00,5235.0,5232.0,5234.0,5232.0,5236.0,5233.0,5236.0,5233.0,12
2016-05-06 13:23:00,2016-05-06 13:24:00,5232.0,5231.0,5233.0,5231.0,5233.0,5232.0,5234.0,5232.0,10
2016-05-06 13:24:00,2016-05-06 13:25:00,5231.0,5230.0,5230.0,5230.0,5232.0,5231.0,5232.0,5231.0,2
2016-05-06 13:25:00,2016-05-06 13:26:00,5230.0,5227.0,5229.0,5227.0,5231.0,5228.0,5231.0,5228.0,14
2016-05-06 13:26:00,2016-05-06 13:27:00,5227.0,5227.0,5229.0,5227.0,5228.0,5228.0,5230.0,5228.0,16
2016-05-06 13:27:00,2016-05-06 13:28:00,5227.0,5228.0,5229.0,5227.0,5228.0,5229.0,5230.0,5229.0,30
2016-05-06 13:28:00,2016-05-06 13:29:00,5228.0,5227.0,5229.0,5227.0,5229.0,5229.0,5230.0,5228.0,13
2016-05-06 13:29:00,2016-05-06 13:30:00,5227.0,5232.0,5232.0,5225.0,5229.0,5234.0,5234.0,5230.0,47
2016-05-06 13:30:00,2016-05-06 13:31:00,5232.0,5234.0,5235.0,5230.0,5234.0,5236.0,5236.0,5232.0,29
2016-05-06 13:31:00,2016-05-06 13:32:00,5234.0,5238.0,5239.0,5234.0,5236.0,5239.0,5240.0,5236.0,55
2016-05-06 13:32:00,2016-05-06 13:33:00,5238.0,5239.0,5239.0,5236.0,5239.0,5240.0,5240.0,5238.0,28
2016-05-06 13:33:00,2016-05-06 13:34:00,5239.0,5238.0,5240.0,5238.0,5240.0,5239.0,5241.0,5239.0,10
2016-05-06 13:34:00,2016-05-06 13:35:00,5238.0,5240.0,5240.0,5236.0,5239.0,5241.0,5242.0,5237.0,38
2016-05-06 13:35:00,2016-05-06 13:36:00,5240.0,5239.0,5240.0,5238.0,5241.0,5240.0,5241.0,5239.0,29
2016-05-06 13:36:00,2016-05-06 13:37:00,5239.0,5241.0,5241.0,5236.0,5240.0,5242.0,5244.0,5239.0,35
2016-05-06 13:37:00,2016-05-06 13:38:00,5241.0,5250.0,5250.0,5239.0,5242.0,5251.0,5252.0,5241.0,75
2016-05-06 13:38:00,2016-05-06 13:39:00,5250.0,5247.0,5252.0,5246.0,5251.0,5248.0,5254.0,5248.0,85
2016-05-06 13:39:00,2016-05-06 13:40:00,5247.0,5252.0,5252.0,5246.0,5248.0,5253.0,5253.0,5249.0,56
2016-05-06 13:40:00,2016-05-06 13:41:00,5252.0,5258.0,5259.0,5249.0,5253.0,5259.0,5262.0,5251.0,91
2016-05-06 13:41:00,2016-05-06 13:42:00,5258.0,5257.0,5260.0,5257.0,5259.0,5258.0,5261.0,5258.0,50
2016-05-06 13:42:00,2016-05-06 13:43:00,5257.0,5257.0,5259.0,5256.0,5258.0,5259.0,5260.0,5257.0,55
2016-05-06 13:43:00,2016-05-06 13:44:00,5257.0,5256.0,5258.0,5256.0,5259.0,5258.0,5260.0,5257.0,44
2016-05-06 13:44:00,2016-05-06 13:45:00,5256.0,5255.0,5258.0,5255.0,5258.0,5257.0,5259.0,5257.0,26
2016-05-06 13:45:00,2016-05-06 13:46:00,5255.0,5252.0,5256.0,5252.0,5257.0,5253.0,5258.0,5253.0,26
2016-05-06 13:46:00,2016-05-06 13:47:00,5252.0,5253.0,5253.0,5252.0,5253.0,5254.0,5255.0,5253.0,16
2016-05-06 13:47:00,2016-05-06 13:48:00,5253.0,5253.0,5255.0,5252.0,5254.0,5255.0,5257.0,5254.0,36
2016-05-06 13:48:00,2016-05-06 13:49:00,5253.0,5253.0,5256.0,5253.0,5255.0,5254.0,5259.0,5254.0,61
2016-05-06 13:49:00,2016-05-06 13:50:00,5253.0,5258.0,5258.0,5252.0,5254.0,5259.0,5260.0,5254.0,49
2016-05-06 13:50:00,2016-05-06 13:51:00,5258.0,5256.0,5257.0,5254.0,5259.0,5258.0,5259.0,5256.0,31
2016-05-06 13:51:00,2016-05-06 13:52:00,5256.0,5253.0,5258.0,5251.0,5258.0,5254.0,5259.0,5253.0,37
2016-05-06 13:52:00,2016-05-06 13:53:00,5253.0,5254.0,5255.0,5252.0,5254.0,5255.0,5256.0,5254.0,33
2016-05-06 13:53:00,2016-05-06 13:54:00,5254.0,5255.0,5256.0,5254.0,5255.0,5257.0,5257.0,5255.0,37
2016-05-06 13:54:00,2016-05-06 13:55:00,5255.0,5255.0,5257.0,5254.0,5257.0,5257.0,5258.0,5255.0,40
2016-05-06 13:55:00,2016-05-06 13:56:00,5255.0,5253.0,5256.0,5253.0,5257.0,5254.0,5257.0,5254.0,29
2016-05-06 13:56:00,2016-05-06 13:57:00,5253.0,5254.0,5254.0,5253.0,5254.0,5255.0,5257.0,5255.0,26
2016-05-06 13:57:00,2016-05-06 13:58:00,5254.0,5250.0,5254.0,5250.0,5255.0,5252.0,5257.0,5251.0,23
2016-05-06 13:58:00,2016-05-06 13:59:00,5250.0,5251.0,5252.0,5250.0,5252.0,5252.0,5253.0,5251.0,13
2016-05-06 13:59:00,2016-05-06 14:00:00,5251.0,5252.0,5252.0,5249.0,5252.0,5253.0,5254.0,5252.0,38
2016-05-06 14:00:00,2016-05-06 14:01:00,5252.0,5253.0,5254.0,5251.0,5253.0,5255.0,5256.0,5253.0,36
2016-05-06 14:01:00,2016-05-06 14:02:00,5253.0,5254.0,5254.0,5250.0,5255.0,5255.0,5255.0,5253.0,24
2016-05-06 14:02:00,2016-05-06 14:03:00,5254.0,5256.0,5256.0,5253.0,5255.0,5257.0,5258.0,5255.0,17
2016-05-06 14:03:00,2016-05-06 14:04:00,5256.0,5257.0,5257.0,5254.0,5257.0,5258.0,5259.0,5257.0,10
2016-05-06 14:04:00,2016-05-06 14:05:00,5257.0,5257.0,5257.0,5255.0,5258.0,5259.0,5259.0,5256.0,25
2016-05-06 14:05:00,2016-05-06 14:06:00,5257.0,5260.0,5260.0,5255.0,5259.0,5261.0,5262.0,5257.0,47
2016-05-06 14:06:00,2016-05-06 14:07:00,5260.0,5262.0,5264.0,5259.0,5261.0,5264.0,5267.0,5262.0,36
2016-05-06 14:07:00,2016-05-06 14:08:00,5262.0,5263.0,5263.0,5261.0,5264.0,5264.0,5264.0,5262.0,43
2016-05-06 14:08:00,2016-05-06 14:09:00,5263.0,5263.0,5263.0,5261.0,5264.0,5265.0,5265.0,5263.0,23
2016-05-06 14:09:00,2016-05-06 14:10:00,5263.0,5264.0,5264.0,5261.0,5265.0,5265.0,5266.0,5263.0,20
2016-05-06 14:10:00,2016-05-06 14:11:00,5264.0,5263.0,5265.0,5263.0,5265.0,5265.0,5266.0,5264.0,41
2016-05-06 14:11:00,2016-05-06 14:12:00,5263.0,5262.0,5264.0,5262.0,5265.0,5263.0,5266.0,5263.0,31
2016-05-06 14:12:00,2016-05-06 14:13:00,5262.0,5262.0,5263.0,5262.0,5263.0,5263.0,5265.0,5263.0,24
2016-05-06 14:13:00,2016-05-06 14:14:00,5262.0,5262.0,5264.0,5261.0,5263.0,5263.0,5266.0,5263.0,30
2016-05-06 14:14:00,2016-05-06 14:15:00,5262.0,5263.0,5263.0,5259.0,5263.0,5264.0,5266.0,5262.0,32
2016-05-06 14:15:00,2016-05-06 14:16:00,5263.0,5261.0,5264.0,5259.0,5264.0,5263.0,5265.0,5261.0,30
2016-05-06 14:16:00,2016-05-06 14:17:00,5261.0,5261.0,5262.0,5260.0,5263.0,5263.0,5265.0,5262.0,22
2016-05-06 14:17:00,2016-05-06 14:18:00,5261.0,5262.0,5264.0,5260.0,5263.0,5263.0,5265.0,5262.0,28
2016-05-06 14:18:00,2016-05-06 14:19:00,5262.0,5262.0,5264.0,5261.0,5263.0,5264.0,5265.0,5263.0,43
2016-05-06 14:19:00,2016-05-06 14:20:00,5262.0,5261.0,5262.0,5259.0,5264.0,5262.0,5264.0,5261.0,21
2016-05-06 14:20:00,2016-05-06 14:21:00,5261.0,5262.0,5263.0,5260.0,5262.0,5263.0,5264.0,5261.0,16
2016-05-06 14:21:00,2016-05-06 14:22:00,5262.0,5262.0,5263.0,5260.0,5263.0,5263.0,5265.0,5262.0,20
2016-05-06 14:22:00,2016-05-06 14:23:00,5262.0,5259.0,5262.0,5259.0,5263.0,5260.0,5265.0,5260.0,27
2016-05-06 14:23:00,2016-05-06 14:24:00,5259.0,5256.0,5259.0,5256.0,5260.0,5258.0,5262.0,5257.0,30
2016-05-06 14:24:00,2016-05-06 14:25:00,5256.0,5255.0,5256.0,5252.0,5258.0,5257.0,5258.0,5255.0,30
2016-05-06 14:25:00,2016-05-06 14:26:00,5255.0,5258.0,5258.0,5253.0,5257.0,5259.0,5259.0,5257.0,29
2016-05-06 14:26:00,2016-05-06 14:27:00,5258.0,5259.0,5259.0,5257.0,5259.0,5260.0,5260.0,5258.0,32
2016-05-06 14:27:00,2016-05-06 14:28:00,5259.0,5259.0,5260.0,5258.0,5260.0,5260.0,5261.0,5260.0,24
2016-05-06 14:28:00,2016-05-06 14:30:00,5260.0,5256.0,5260.0,5254.0,5261.0,5257.0,5261.0,5257.0,23
2016-05-06 14:30:00,2016-05-06 14:31:00,5256.0,5257.0,5257.0,5254.0,5257.0,5258.0,5259.0,5255.0,30
2016-05-06 14:31:00,2016-05-06 14:32:00,5257.0,5257.0,5258.0,5255.0,5258.0,5258.0,5260.0,5257.0,24
2016-05-06 14:32:00,2016-05-06 14:33:00,5257.0,5256.0,5258.0,5256.0,5258.0,5257.0,5260.0,5257.0,24
2016-05-06 14:33:00,2016-05-06 14:34:00,5256.0,5256.0,5257.0,5255.0,5257.0,5258.0,5259.0,5256.0,27
2016-05-06 14:34:00,2016-05-06 14:35:00,5256.0,5258.0,5258.0,5257.0,5258.0,5260.0,5260.0,5258.0,16
2016-05-06 14:35:00,2016-05-06 14:36:00,5258.0,5256.0,5258.0,5255.0,5260.0,5258.0,5261.0,5256.0,33
2016-05-06 14:36:00,2016-05-06 14:37:00,5256.0,5254.0,5256.0,5253.0,5258.0,5255.0,5257.0,5255.0,19
2016-05-06 14:37:00,2016-05-06 14:38:00,5254.0,5253.0,5254.0,5251.0,5255.0,5255.0,5256.0,5253.0,33
2016-05-06 14:38:00,2016-05-06 14:39:00,5253.0,5253.0,5254.0,5249.0,5255.0,5254.0,5255.0,5253.0,22
2016-05-06 14:39:00,2016-05-06 14:40:00,5253.0,5253.0,5254.0,5251.0,5254.0,5255.0,5256.0,5253.0,22
2016-05-06 14:40:00,2016-05-06 14:41:00,5253.0,5251.0,5255.0,5251.0,5255.0,5253.0,5256.0,5253.0,20
2016-05-06 14:41:00,2016-05-06 14:42:00,5251.0,5249.0,5252.0,5249.0,5253.0,5251.0,5253.0,5251.0,10
2016-05-06 14:42:00,2016-05-06 14:43:00,5249.0,5252.0,5252.0,5247.0,5251.0,5253.0,5254.0,5249.0,31
2016-05-06 14:43:00,2016-05-06 14:44:00,5252.0,5251.0,5252.0,5250.0,5253.0,5252.0,5254.0,5251.0,20
2016-05-06 14:44:00,2016-05-06 14:45:00,5251.0,5249.0,5250.0,5248.0,5252.0,5250.0,5252.0,5250.0,18
2016-05-06 14:45:00,2016-05-06 14:46:00,5249.0,5249.0,5250.0,5246.0,5250.0,5250.0,5253.0,5249.0,21
2016-05-06 14:46:00,2016-05-06 14:47:00,5249.0,5250.0,5251.0,5249.0,5250.0,5251.0,5253.0,5251.0,19
2016-05-06 14:47:00,2016-05-06 14:48:00,5250.0,5253.0,5253.0,5250.0,5251.0,5254.0,5255.0,5252.0,34
2016-05-06 14:48:00,2016-05-06 14:49:00,5253.0,5252.0,5252.0,5252.0,5254.0,5253.0,5254.0,5253.0,6
2016-05-06 14:49:00,2016-05-06 14:50:00,5252.0,5253.0,5253.0,5251.0,5253.0,5254.0,5255.0,5253.0,16
2016-05-06 14:50:00,2016-05-06 14:51:00,5253.0,5250.0,5252.0,5249.0,5254.0,5252.0,5254.0,5252.0,11
2016-05-06 14:51:00,2016-05-06 14:52:00,5250.0,5250.0,5251.0,5249.0,5252.0,5251.0,5253.0,5250.0,29
2016-05-06 14:52:00,2016-05-06 14:53:00,5250.0,5249.0,5251.0,5248.0,5251.0,5250.0,5254.0,5250.0,16
2016-05-06 14:53:00,2016-05-06 14:54:00,5249.0,5250.0,5250.0,5246.0,5250.0,5251.0,5252.0,5248.0,34
2016-05-06 14:54:00,2016-05-06 14:55:00,5250.0,5251.0,5251.0,5250.0,5251.0,5253.0,5253.0,5251.0,7
2016-05-06 14:55:00,2016-05-06 14:56:00,5251.0,5249.0,5251.0,5249.0,5253.0,5251.0,5253.0,5250.0,42
2016-05-06 14:56:00,2016-05-06 14:57:00,5249.0,5248.0,5249.0,5246.0,5251.0,5249.0,5252.0,5249.0,18
2016-05-06 14:57:00,2016-05-06 14:58:00,5248.0,5251.0,5251.0,5247.0,5249.0,5253.0,5253.0,5249.0,26
2016-05-06 14:58:00,2016-05-06 14:59:00,5251.0,5252.0,5252.0,5251.0,5253.0,5254.0,5254.0,5252.0,20
2016-05-06 14:59:00,2016-05-06 15:00:00,5252.0,5255.0,5255.0,5252.0,5254.0,5257.0,5257.0,5254.0,13
2016-05-06 15:00:00,2016-05-06 15:01:00,5255.0,5255.0,5257.0,5254.0,5257.0,5257.0,5259.0,5255.0,18
2016-05-06 15:01:00,2016-05-06 15:02:00,5255.0,5256.0,5256.0,5255.0,5257.0,5258.0,5258.0,5256.0,11
2016-05-06 15:02:00,2016-05-06 15:03:00,5256.0,5256.0,5256.0,5255.0,5258.0,5258.0,5258.0,5257.0,8
2016-05-06 15:03:00,2016-05-06 15:04:00,5256.0,5256.0,5257.0,5254.0,5258.0,5257.0,5258.0,5257.0,9
2016-05-06 15:04:00,2016-05-06 15:05:00,5256.0,5255.0,5256.0,5255.0,5257.0,5257.0,5258.0,5257.0,3
2016-05-06 15:05:00,2016-05-06 15:06:00,5255.0,5255.0,5255.0,5253.0,5257.0,5257.0,5259.0,5257.0,3
2016-05-06 15:06:00,2016-05-06 15:07:00,5255.0,5254.0,5256.0,5253.0,5257.0,5255.0,5258.0,5255.0,19
2016-05-06 15:07:00,2016-05-06 15:08:00,5254.0,5255.0,5256.0,5254.0,5255.0,5257.0,5257.0,5256.0,11
2016-05-06 15:08:00,2016-05-06 15:09:00,5255.0,5254.0,5255.0,5253.0,5257.0,5255.0,5257.0,5255.0,15
2016-05-06 15:09:00,2016-05-06 15:10:00,5254.0,5256.0,5256.0,5254.0,5255.0,5258.0,5259.0,5256.0,15
2016-05-06 15:10:00,2016-05-06 15:11:00,5256.0,5257.0,5258.0,5254.0,5258.0,5259.0,5260.0,5257.0,28
2016-05-06 15:11:00,2016-05-06 15:12:00,5257.0,5258.0,5258.0,5256.0,5259.0,5259.0,5260.0,5258.0,15
2016-05-06 15:12:00,2016-05-06 15:13:00,5258.0,5257.0,5258.0,5256.0,5259.0,5259.0,5259.0,5258.0,15
2016-05-06 15:13:00,2016-05-06 15:14:00,5257.0,5258.0,5258.0,5257.0,5259.0,5260.0,5260.0,5259.0,6
2016-05-06 15:14:00,2016-05-06 15:15:00,5258.0,5260.0,5261.0,5256.0,5260.0,5262.0,5263.0,5259.0,29
2016-05-06 15:15:00,2016-05-06 15:16:00,5260.0,5260.0,5262.0,5258.0,5262.0,5262.0,5264.0,5260.0,26
2016-05-06 15:16:00,2016-05-06 15:17:00,5260.0,5262.0,5262.0,5260.0,5262.0,5263.0,5263.0,5262.0,13
2016-05-06 15:17:00,2016-05-06 15:18:00,5262.0,5265.0,5266.0,5261.0,5263.0,5266.0,5268.0,5264.0,23
2016-05-06 15:18:00,2016-05-06 15:19:00,5265.0,5263.0,5264.0,5262.0,5266.0,5265.0,5266.0,5264.0,27
2016-05-06 15:19:00,2016-05-06 15:20:00,5263.0,5265.0,5266.0,5264.0,5265.0,5266.0,5267.0,5265.0,23
2016-05-06 15:20:00,2016-05-06 15:21:00,5265.0,5265.0,5266.0,5263.0,5266.0,5266.0,5267.0,5266.0,15
2016-05-06 15:21:00,2016-05-06 15:22:00,5265.0,5262.0,5265.0,5262.0,5266.0,5264.0,5268.0,5264.0,27
2016-05-06 15:22:00,2016-05-06 15:23:00,5262.0,5265.0,5266.0,5262.0,5264.0,5266.0,5268.0,5264.0,12
2016-05-06 15:23:00,2016-05-06 15:24:00,5265.0,5264.0,5265.0,5262.0,5266.0,5266.0,5269.0,5264.0,12
2016-05-06 15:24:00,2016-05-06 15:25:00,5264.0,5265.0,5266.0,5265.0,5266.0,5267.0,5267.0,5266.0,6
2016-05-06 15:25:00,2016-05-06 15:26:00,5265.0,5265.0,5265.0,5264.0,5267.0,5267.0,5267.0,5266.0,4
2016-05-06 15:26:00,2016-05-06 15:27:00,5265.0,5266.0,5266.0,5264.0,5267.0,5268.0,5270.0,5267.0,8
2016-05-06 15:27:00,2016-05-06 15:28:00,5266.0,5268.0,5268.0,5266.0,5268.0,5269.0,5271.0,5267.0,13
2016-05-06 15:28:00,2016-05-06 15:29:00,5268.0,5268.0,5268.0,5266.0,5269.0,5269.0,5270.0,5268.0,16
2016-05-06 15:29:00,2016-05-06 15:30:00,5268.0,5266.0,5267.0,5266.0,5269.0,5268.0,5271.0,5268.0,8
2016-05-06 15:30:00,2016-05-06 15:31:00,5266.0,5269.0,5269.0,5265.0,5268.0,5270.0,5270.0,5267.0,16
2016-05-06 15:31:00,2016-05-06 15:32:00,5269.0,5269.0,5270.0,5267.0,5270.0,5271.0,5273.0,5270.0,8
2016-05-06 15:32:00,2016-05-06 15:33:00,5269.0,5270.0,5270.0,5268.0,5271.0,5271.0,5271.0,5269.0,9
2016-05-06 15:33:00,2016-05-06 15:34:00,5270.0,5266.0,5269.0,5266.0,5271.0,5268.0,5271.0,5268.0,7
2016-05-06 15:34:00,2016-05-06 15:35:00,5266.0,5265.0,5266.0,5263.0,5268.0,5267.0,5269.0,5265.0,19
2016-05-06 15:35:00,2016-05-06 15:36:00,5265.0,5266.0,5267.0,5266.0,5267.0,5268.0,5268.0,5267.0,10
2016-05-06 15:36:00,2016-05-06 15:37:00,5266.0,5267.0,5267.0,5266.0,5268.0,5268.0,5268.0,5268.0,15
2016-05-06 15:37:00,2016-05-06 15:38:00,5267.0,5268.0,5268.0,5266.0,5268.0,5270.0,5270.0,5268.0,9
2016-05-06 15:38:00,2016-05-06 15:39:00,5268.0,5268.0,5268.0,5267.0,5270.0,5269.0,5269.0,5269.0,3
2016-05-06 15:39:00,2016-05-06 15:42:00,5268.0,5267.0,5269.0,5267.0,5269.0,5269.0,5270.0,5268.0,15
2016-05-06 15:42:00,2016-05-06 15:43:00,5267.0,5267.0,5267.0,5265.0,5269.0,5268.0,5269.0,5267.0,11
2016-05-06 15:43:00,2016-05-06 15:45:00,5267.0,5266.0,5267.0,5266.0,5268.0,5268.0,5268.0,5267.0,15
2016-05-06 15:45:00,2016-05-06 15:46:00,5266.0,5265.0,5267.0,5265.0,5268.0,5266.0,5269.0,5266.0,13
2016-05-06 15:46:00,2016-05-06 15:47:00,5265.0,5264.0,5265.0,5264.0,5266.0,5266.0,5267.0,5266.0,5
2016-05-06 15:47:00,2016-05-06 15:49:00,5264.0,5265.0,5265.0,5264.0,5266.0,5266.0,5266.0,5265.0,9
2016-05-06 15:49:00,2016-05-06 15:50:00,5265.0,5265.0,5266.0,5265.0,5266.0,5267.0,5267.0,5267.0,5
2016-05-06 15:50:00,2016-05-06 15:51:00,5265.0,5265.0,5266.0,5265.0,5267.0,5267.0,5267.0,5267.0,2
2016-05-06 15:51:00,2016-05-06 15:52:00,5265.0,5267.0,5267.0,5266.0,5267.0,5268.0,5268.0,5267.0,7
2016-05-06 15:52:00,2016-05-06 15:53:00,5267.0,5266.0,5266.0,5265.0,5268.0,5268.0,5268.0,5267.0,5
2016-05-06 15:53:00,2016-05-06 15:55:00,5266.0,5266.0,5268.0,5266.0,5267.0,5268.0,5269.0,5267.0,13
2016-05-06 15:55:00,2016-05-06 15:56:00,5266.0,5267.0,5267.0,5266.0,5268.0,5268.0,5269.0,5268.0,13
2016-05-06 15:56:00,2016-05-06 15:58:00,5267.0,5266.0,5267.0,5266.0,5268.0,5268.0,5268.0,5267.0,5
2016-05-06 15:58:00,2016-05-06 15:59:00,5266.0,5265.0,5266.0,5264.0,5268.0,5267.0,5268.0,5267.0,8
2016-05-06 15:59:00,2016-05-06 16:00:00,5265.0,5266.0,5266.0,5265.0,5267.0,5268.0,5268.0,5266.0,10
2016-05-06 16:00:00,2016-05-06 16:01:00,5266.0,5266.0,5267.0,5266.0,5268.0,5267.0,5268.0,5267.0,5
2016-05-06 16:01:00,2016-05-06 16:02:00,5266.0,5266.0,5267.0,5266.0,5267.0,5268.0,5268.0,5268.0,7
2016-05-06 16:02:00,2016-05-06 16:05:00,5266.0,5266.0,5267.0,5265.0,5267.0,5268.0,5268.0,5267.0,13
2016-05-06 16:05:00,2016-05-06 16:06:00,5266.0,5267.0,5267.0,5266.0,5268.0,5269.0,5269.0,5268.0,12
2016-05-06 16:06:00,2016-05-06 16:07:00,5267.0,5268.0,5269.0,5267.0,5269.0,5270.0,5271.0,5268.0,12
2016-05-06 16:07:00,2016-05-06 16:09:00,5268.0,5267.0,5268.0,5267.0,5269.0,5270.0,5270.0,5268.0,5
2016-05-06 16:09:00,2016-05-06 16:10:00,5267.0,5269.0,5269.0,5268.0,5270.0,5270.0,5270.0,5269.0,5
2016-05-06 16:10:00,2016-05-06 16:12:00,5268.0,5268.0,5268.0,5267.0,5270.0,5270.0,5270.0,5268.0,12
2016-05-06 16:12:00,2016-05-06 16:14:00,5269.0,5270.0,5270.0,5267.0,5270.0,5271.0,5272.0,5270.0,7
2016-05-06 16:14:00,2016-05-06 16:16:00,5269.0,5268.0,5269.0,5267.0,5270.0,5269.0,5271.0,5268.0,14
2016-05-06 16:16:00,2016-05-06 16:17:00,5268.0,5266.0,5267.0,5266.0,5269.0,5268.0,5269.0,5268.0,7
2016-05-06 16:17:00,2016-05-06 16:18:00,5266.0,5267.0,5267.0,5267.0,5268.0,5269.0,5269.0,5268.0,2
2016-05-06 16:18:00,2016-05-06 16:19:00,5267.0,5267.0,5269.0,5267.0,5269.0,5269.0,5270.0,5269.0,6
2016-05-06 16:19:00,2016-05-06 16:20:00,5267.0,5266.0,5268.0,5266.0,5269.0,5268.0,5270.0,5267.0,8
2016-05-06 16:20:00,2016-05-06 16:21:00,5266.0,5269.0,5269.0,5267.0,5268.0,5270.0,5270.0,5268.0,7
2016-05-06 16:21:00,2016-05-06 16:22:00,5269.0,5269.0,5271.0,5269.0,5270.0,5273.0,5273.0,5271.0,8
2016-05-06 16:22:00,2016-05-06 16:23:00,5269.0,5272.0,5272.0,5270.0,5273.0,5273.0,5273.0,5272.0,6
2016-05-06 16:23:00,2016-05-06 16:24:00,5272.0,5271.0,5271.0,5271.0,5273.0,5272.0,5273.0,5272.0,8
2016-05-06 16:24:00,2016-05-06 16:25:00,5271.0,5269.0,5270.0,5268.0,5272.0,5270.0,5272.0,5270.0,13
2016-05-06 16:25:00,2016-05-06 16:26:00,5269.0,5269.0,5271.0,5269.0,5270.0,5270.0,5272.0,5270.0,14
2016-05-06 16:26:00,2016-05-06 16:29:00,5268.0,5268.0,5268.0,5268.0,5270.0,5270.0,5270.0,5269.0,2
2016-05-06 16:29:00,2016-05-06 16:31:00,5268.0,5266.0,5268.0,5266.0,5270.0,5268.0,5269.0,5267.0,8
2016-05-06 16:31:00,2016-05-06 16:34:00,5265.0,5266.0,5267.0,5265.0,5267.0,5268.0,5268.0,5266.0,6
2016-05-06 16:34:00,2016-05-06 16:35:00,5266.0,5265.0,5266.0,5265.0,5268.0,5267.0,5267.0,5267.0,2
2016-05-06 16:35:00,2016-05-06 16:36:00,5265.0,5267.0,5267.0,5264.0,5267.0,5268.0,5268.0,5267.0,9
2016-05-06 16:36:00,2016-05-06 16:37:00,5267.0,5268.0,5269.0,5267.0,5268.0,5269.0,5270.0,5269.0,10
2016-05-06 16:37:00,2016-05-06 16:38:00,5268.0,5269.0,5270.0,5267.0,5269.0,5270.0,5271.0,5269.0,8
2016-05-06 16:38:00,2016-05-06 16:39:00,5269.0,5268.0,5270.0,5268.0,5270.0,5269.0,5272.0,5269.0,10
2016-05-06 16:39:00,2016-05-06 16:40:00,5268.0,5268.0,5268.0,5268.0,5269.0,5269.0,5270.0,5269.0,6
2016-05-06 16:40:00,2016-05-06 16:41:00,5268.0,5269.0,5269.0,5267.0,5269.0,5271.0,5271.0,5269.0,7
2016-05-06 16:41:00,2016-05-06 16:42:00,5269.0,5270.0,5270.0,5269.0,5271.0,5272.0,5272.0,5270.0,8
2016-05-06 16:42:00,2016-05-06 16:43:00,5270.0,5270.0,5270.0,5270.0,5272.0,5272.0,5272.0,5271.0,4
2016-05-06 16:43:00,2016-05-06 16:44:00,5270.0,5271.0,5271.0,5270.0,5272.0,5272.0,5273.0,5272.0,5
2016-05-06 16:44:00,2016-05-06 16:45:00,5271.0,5270.0,5270.0,5269.0,5272.0,5271.0,5272.0,5271.0,6
2016-05-06 16:45:00,2016-05-06 16:46:00,5270.0,5267.0,5269.0,5266.0,5271.0,5269.0,5271.0,5268.0,11
2016-05-06 16:46:00,2016-05-06 16:47:00,5267.0,5268.0,5269.0,5268.0,5269.0,5270.0,5271.0,5269.0,6
2016-05-06 16:47:00,2016-05-06 16:48:00,5268.0,5269.0,5269.0,5269.0,5270.0,5271.0,5271.0,5270.0,4
2016-05-06 16:48:00,2016-05-06 16:49:00,5269.0,5269.0,5270.0,5268.0,5271.0,5271.0,5272.0,5270.0,6
2016-05-06 16:49:00,2016-05-06 16:51:00,5269.0,5268.0,5269.0,5268.0,5271.0,5270.0,5272.0,5270.0,4
2016-05-06 16:51:00,2016-05-06 16:56:00,5270.0,5273.0,5273.0,5270.0,5271.0,5274.0,5275.0,5272.0,11
2016-05-06 16:56:00,2016-05-06 16:59:00,5272.0,5273.0,5274.0,5272.0,5274.0,5275.0,5275.0,5274.0,10
2016-05-06 16:59:00,2016-05-06 17:00:00,5273.0,5273.0,5274.0,5273.0,5275.0,5274.0,5276.0,5274.0,7
2016-05-06 17:00:00,2016-05-06 17:02:00,5273.0,5274.0,5274.0,5271.0,5275.0,5275.0,5277.0,5275.0,4
2016-05-06 17:02:00,2016-05-06 17:06:00,5274.0,5276.0,5276.0,5274.0,5275.0,5278.0,5278.0,5276.0,11
2016-05-06 17:06:00,2016-05-06 17:07:00,5276.0,5276.0,5278.0,5276.0,5278.0,5277.0,5279.0,5277.0,9
2016-05-06 17:07:00,2016-05-06 17:08:00,5276.0,5276.0,5276.0,5274.0,5277.0,5277.0,5278.0,5276.0,12
2016-05-06 17:08:00,2016-05-06 17:10:00,5276.0,5277.0,5277.0,5275.0,5277.0,5279.0,5279.0,5277.0,6
2016-05-06 17:10:00,2016-05-06 17:11:00,5277.0,5278.0,5279.0,5277.0,5279.0,5279.0,5280.0,5278.0,19
2016-05-06 17:11:00,2016-05-06 17:12:00,5278.0,5276.0,5277.0,5275.0,5279.0,5278.0,5279.0,5277.0,11
2016-05-06 17:12:00,2016-05-06 17:13:00,5276.0,5278.0,5279.0,5277.0,5278.0,5279.0,5280.0,5278.0,15
2016-05-06 17:13:00,2016-05-06 17:14:00,5278.0,5277.0,5278.0,5277.0,5279.0,5279.0,5280.0,5278.0,13
2016-05-06 17:14:00,2016-05-06 17:15:00,5277.0,5277.0,5278.0,5276.0,5279.0,5278.0,5279.0,5278.0,5
2016-05-06 17:15:00,2016-05-06 17:16:00,5277.0,5278.0,5279.0,5277.0,5278.0,5279.0,5280.0,5279.0,10
2016-05-06 17:16:00,2016-05-06 17:17:00,5278.0,5278.0,5279.0,5276.0,5279.0,5279.0,5281.0,5279.0,11
2016-05-06 17:17:00,2016-05-06 17:19:00,5278.0,5277.0,5277.0,5277.0,5279.0,5278.0,5279.0,5278.0,6
2016-05-06 17:19:00,2016-05-06 17:23:00,5277.0,5277.0,5278.0,5276.0,5278.0,5279.0,5279.0,5278.0,5
2016-05-06 17:23:00,2016-05-06 17:24:00,5277.0,5278.0,5278.0,5277.0,5279.0,5280.0,5280.0,5279.0,4
2016-05-06 17:24:00,2016-05-06 17:28:00,5278.0,5278.0,5278.0,5277.0,5279.0,5280.0,5281.0,5280.0,3
2016-05-06 17:28:00,2016-05-06 17:29:00,5278.0,5276.0,5278.0,5275.0,5280.0,5277.0,5279.0,5277.0,15
2016-05-06 17:29:00,2016-05-06 17:30:00,5276.0,5275.0,5276.0,5273.0,5277.0,5276.0,5278.0,5276.0,12
2016-05-06 17:30:00,2016-05-06 17:35:00,5276.0,5276.0,5276.0,5275.0,5277.0,5278.0,5278.0,5277.0,5
2016-05-06 17:35:00,2016-05-06 17:36:00,5276.0,5278.0,5278.0,5276.0,5278.0,5280.0,5280.0,5278.0,10
2016-05-06 17:36:00,2016-05-06 17:38:00,5276.0,5276.0,5276.0,5275.0,5277.0,5278.0,5278.0,5277.0,7
2016-05-06 17:38:00,2016-05-06 17:41:00,5274.0,5274.0,5276.0,5273.0,5276.0,5275.0,5278.0,5275.0,22
2016-05-06 17:41:00,2016-05-06 17:42:00,5274.0,5274.0,5274.0,5273.0,5275.0,5275.0,5276.0,5275.0,8
2016-05-06 17:42:00,2016-05-06 17:43:00,5274.0,5273.0,5275.0,5273.0,5275.0,5275.0,5276.0,5275.0,13
2016-05-06 17:43:00,2016-05-06 17:44:00,5273.0,5273.0,5275.0,5273.0,5275.0,5275.0,5276.0,5275.0,10
2016-05-06 17:44:00,2016-05-06 17:45:00,5273.0,5274.0,5274.0,5273.0,5275.0,5275.0,5276.0,5274.0,5
2016-05-06 17:45:00,2016-05-06 17:46:00,5274.0,5275.0,5275.0,5274.0,5275.0,5277.0,5277.0,5275.0,5
2016-05-06 17:46:00,2016-05-06 17:47:00,5275.0,5277.0,5277.0,5274.0,5277.0,5278.0,5279.0,5276.0,11
2016-05-06 17:47:00,2016-05-06 17:48:00,5277.0,5277.0,5277.0,5276.0,5278.0,5279.0,5279.0,5277.0,5
2016-05-06 17:48:00,2016-05-06 17:50:00,5278.0,5277.0,5278.0,5276.0,5279.0,5279.0,5279.0,5277.0,20
2016-05-06 17:50:00,2016-05-06 17:53:00,5278.0,5278.0,5279.0,5277.0,5279.0,5279.0,5280.0,5278.0,8
2016-05-06 17:53:00,2016-05-06 17:54:00,5278.0,5279.0,5279.0,5277.0,5279.0,5281.0,5281.0,5279.0,7
2016-05-06 17:54:00,2016-05-06 17:55:00,5279.0,5278.0,5279.0,5278.0,5281.0,5280.0,5280.0,5280.0,4
2016-05-06 17:55:00,2016-05-06 17:56:00,5278.0,5276.0,5277.0,5276.0,5280.0,5282.0,5282.0,5281.0,2
2016-05-06 17:56:00,2016-05-06 17:57:00,5276.0,5280.0,5281.0,5279.0,5282.0,5282.0,5282.0,5280.0,8
2016-05-06 17:57:00,2016-05-06 17:58:00,5280.0,5282.0,5282.0,5281.0,5282.0,5284.0,5284.0,5282.0,6
2016-05-06 17:58:00,2016-05-06 17:59:00,5282.0,5283.0,5284.0,5283.0,5284.0,5285.0,5285.0,5284.0,14
2016-05-06 17:59:00,2016-05-06 18:00:00,5283.0,5284.0,5284.0,5283.0,5285.0,5285.0,5285.0,5284.0,9
2016-05-06 18:00:00,2016-05-06 18:03:00,5284.0,5283.0,5284.0,5283.0,5285.0,5285.0,5285.0,5284.0,9
2016-05-06 18:03:00,2016-05-06 18:04:00,5283.0,5286.0,5286.0,5284.0,5285.0,5287.0,5287.0,5285.0,5
2016-05-06 18:04:00,2016-05-06 18:05:00,5286.0,5285.0,5285.0,5285.0,5287.0,5287.0,5287.0,5286.0,9
2016-05-06 18:05:00,2016-05-06 18:07:00,5286.0,5287.0,5287.0,5286.0,5287.0,5288.0,5289.0,5288.0,4
2016-05-06 18:07:00,2016-05-06 18:09:00,5287.0,5288.0,5289.0,5287.0,5288.0,5290.0,5290.0,5289.0,11
2016-05-06 18:09:00,2016-05-06 18:10:00,5288.0,5287.0,5288.0,5286.0,5290.0,5288.0,5291.0,5287.0,17
2016-05-06 18:10:00,2016-05-06 18:11:00,5287.0,5288.0,5288.0,5287.0,5288.0,5289.0,5289.0,5288.0,20
2016-05-06 18:11:00,2016-05-06 18:12:00,5288.0,5286.0,5288.0,5286.0,5289.0,5287.0,5289.0,5287.0,14
2016-05-06 18:12:00,2016-05-06 18:14:00,5285.0,5286.0,5287.0,5284.0,5286.0,5288.0,5288.0,5286.0,17
2016-05-06 18:14:00,2016-05-06 18:15:00,5286.0,5288.0,5288.0,5287.0,5288.0,5289.0,5289.0,5288.0,5
2016-05-06 18:15:00,2016-05-06 18:16:00,5288.0,5288.0,5289.0,5288.0,5289.0,5290.0,5290.0,5290.0,9
2016-05-06 18:16:00,2016-05-06 18:17:00,5288.0,5289.0,5290.0,5288.0,5290.0,5291.0,5291.0,5289.0,6
2016-05-06 18:17:00,2016-05-06 18:18:00,5289.0,5289.0,5290.0,5288.0,5291.0,5291.0,5291.0,5290.0,10
2016-05-06 18:18:00,2016-05-06 18:20:00,5289.0,5289.0,5290.0,5288.0,5290.0,5290.0,5291.0,5290.0,12
2016-05-06 18:20:00,2016-05-06 18:21:00,5289.0,5287.0,5288.0,5286.0,5290.0,5288.0,5290.0,5287.0,22
2016-05-06 18:21:00,2016-05-06 18:22:00,5287.0,5286.0,5287.0,5286.0,5288.0,5288.0,5289.0,5287.0,13
2016-05-06 18:22:00,2016-05-06 18:23:00,5286.0,5285.0,5286.0,5285.0,5288.0,5287.0,5289.0,5286.0,8
2016-05-06 18:23:00,2016-05-06 18:26:00,5285.0,5286.0,5287.0,5285.0,5287.0,5288.0,5288.0,5286.0,10
2016-05-06 18:26:00,2016-05-06 18:27:00,5286.0,5286.0,5288.0,5285.0,5288.0,5288.0,5289.0,5287.0,16
2016-05-06 18:27:00,2016-05-06 18:28:00,5286.0,5286.0,5287.0,5285.0,5288.0,5288.0,5288.0,5287.0,10
2016-05-06 18:28:00,2016-05-06 18:29:00,5286.0,5286.0,5288.0,5285.0,5288.0,5288.0,5289.0,5287.0,12
2016-05-06 18:29:00,2016-05-06 18:33:00,5286.0,5284.0,5285.0,5284.0,5287.0,5287.0,5287.0,5286.0,3
2016-05-06 18:33:00,2016-05-06 18:34:00,5284.0,5285.0,5285.0,5285.0,5287.0,5287.0,5287.0,5286.0,2
2016-05-06 18:34:00,2016-05-06 18:35:00,5285.0,5283.0,5285.0,5283.0,5287.0,5285.0,5286.0,5285.0,4
2016-05-06 18:35:00,2016-05-06 18:36:00,5283.0,5283.0,5283.0,5282.0,5285.0,5285.0,5286.0,5285.0,2
2016-05-06 18:36:00,2016-05-06 18:37:00,5283.0,5285.0,5286.0,5284.0,5285.0,5287.0,5287.0,5285.0,6
2016-05-06 18:37:00,2016-05-06 18:39:00,5284.0,5285.0,5285.0,5285.0,5286.0,5287.0,5287.0,5286.0,2
2016-05-06 18:39:00,2016-05-06 18:42:00,5285.0,5287.0,5288.0,5286.0,5287.0,5289.0,5289.0,5287.0,8
2016-05-06 18:42:00,2016-05-06 18:43:00,5287.0,5288.0,5289.0,5288.0,5289.0,5290.0,5290.0,5289.0,4
2016-05-06 18:43:00,2016-05-06 18:44:00,5288.0,5287.0,5288.0,5287.0,5290.0,5289.0,5289.0,5289.0,2
2016-05-06 18:44:00,2016-05-06 18:46:00,5287.0,5287.0,5287.0,5286.0,5289.0,5289.0,5289.0,5288.0,4
2016-05-06 18:46:00,2016-05-06 18:47:00,5287.0,5289.0,5289.0,5286.0,5289.0,5290.0,5290.0,5287.0,17
2016-05-06 18:47:00,2016-05-06 18:48:00,5289.0,5286.0,5288.0,5286.0,5290.0,5288.0,5290.0,5287.0,7
2016-05-06 18:48:00,2016-05-06 18:52:00,5286.0,5287.0,5288.0,5286.0,5288.0,5288.0,5289.0,5287.0,9
2016-05-06 18:52:00,2016-05-06 18:53:00,5287.0,5288.0,5288.0,5287.0,5288.0,5289.0,5290.0,5288.0,8
2016-05-06 18:53:00,2016-05-06 18:54:00,5288.0,5289.0,5291.0,5288.0,5289.0,5291.0,5292.0,5290.0,19
2016-05-06 18:54:00,2016-05-06 18:55:00,5289.0,5287.0,5289.0,5287.0,5291.0,5289.0,5290.0,5289.0,4
2016-05-06 18:55:00,2016-05-06 18:56:00,5287.0,5286.0,5287.0,5286.0,5289.0,5288.0,5289.0,5287.0,6
2016-05-06 18:56:00,2016-05-06 19:00:00,5285.0,5286.0,5287.0,5283.0,5287.0,5288.0,5288.0,5285.0,14
2016-05-06 19:00:00,2016-05-06 19:02:00,5287.0,5288.0,5288.0,5286.0,5289.0,5290.0,5290.0,5289.0,4
2016-05-06 19:02:00,2016-05-06 19:05:00,5289.0,5289.0,5289.0,5289.0,5290.0,5290.0,5291.0,5290.0,4
2016-05-06 19:05:00,2016-05-06 19:07:00,5289.0,5288.0,5289.0,5288.0,5290.0,5290.0,5290.0,5290.0,3
2016-05-06 19:07:00,2016-05-06 19:08:00,5288.0,5287.0,5289.0,5287.0,5290.0,5289.0,5290.0,5288.0,6
2016-05-06 19:08:00,2016-05-06 19:09:00,5287.0,5287.0,5287.0,5286.0,5289.0,5289.0,5289.0,5288.0,6
2016-05-06 19:09:00,2016-05-06 19:15:00,5286.0,5287.0,5287.0,5286.0,5288.0,5288.0,5289.0,5287.0,9
2016-05-06 19:15:00,2016-05-06 19:19:00,5287.0,5286.0,5287.0,5286.0,5289.0,5288.0,5288.0,5288.0,6
2016-05-06 19:19:00,2016-05-06 19:26:00,5287.0,5287.0,5287.0,5286.0,5288.0,5288.0,5289.0,5288.0,2
2016-05-06 19:26:00,2016-05-06 19:27:00,5287.0,5286.0,5286.0,5286.0,5288.0,5288.0,5288.0,5287.0,3
2016-05-06 19:27:00,2016-05-06 19:30:00,5286.0,5286.0,5286.0,5285.0,5288.0,5287.0,5287.0,5287.0,5
2016-05-06 19:30:00,2016-05-06 19:31:00,5286.0,5284.0,5285.0,5284.0,5287.0,5286.0,5287.0,5286.0,5
2016-05-06 19:31:00,2016-05-06 19:49:00,5284.0,5274.0,5274.5,5274.0,5285.0,5276.0,5276.5,5276.0,3
2016-05-06 19:49:00,2016-05-06 19:50:00,5274.0,5275.5,5275.5,5274.0,5276.0,5277.5,5277.5,5276.0,4
2016-05-06 19:50:00,2016-05-06 19:51:00,5275.5,5274.0,5275.5,5274.0,5277.5,5276.0,5277.5,5276.0,4
2016-05-06 19:51:00,2016-05-06 19:52:00,5274.0,5275.5,5275.5,5274.5,5276.0,5277.5,5277.5,5276.5,5
2016-05-06 19:52:00,2016-05-06 19:53:00,5275.5,5274.5,5275.5,5274.5,5277.5,5276.5,5277.5,5276.5,8
2016-05-06 19:53:00,2016-05-06 19:54:00,5274.5,5276.5,5276.5,5273.5,5276.5,5278.5,5278.5,5275.5,5
2016-05-06 19:54:00,2016-05-06 19:55:00,5276.5,5277.0,5284.0,5276.5,5278.5,5279.0,5285.0,5278.5,12
2016-05-06 19:55:00,2016-05-06 19:56:00,5277.0,5284.0,5284.0,5277.0,5279.0,5286.0,5286.0,5279.0,7
2016-05-06 19:56:00,2016-05-06 19:57:00,5284.0,5285.0,5285.0,5285.0,5286.0,5287.0,5287.0,5286.0,6
2016-05-06 19:57:00,2016-05-06 19:59:00,5286.0,5287.0,5287.0,5286.0,5287.0,5287.0,5289.0,5286.0,10
2016-05-06 19:59:00,2016-05-06 20:00:00,5287.0,5288.0,5288.0,5286.0,5287.0,5289.0,5289.0,5287.0,19
2016-05-06 20:00:00,2016-05-06 20:03:00,5288.0,5288.0,5288.0,5286.0,5289.0,5289.0,5290.0,5287.5,6
2016-05-06 20:03:00,2016-05-06 20:04:00,5288.0,5288.0,5288.0,5288.0,5289.0,5288.5,5288.5,5288.5,1
2016-05-06 20:04:00,2016-05-06 20:05:00,5288.0,5288.0,5288.0,5286.5,5288.5,5289.0,5289.0,5288.5,4
2016-05-06 20:05:00,2016-05-06 20:07:00,5288.0,5286.0,5288.0,5286.0,5289.0,5289.0,5290.0,5287.0,8
2016-05-06 20:07:00,2016-05-06 20:12:00,5286.0,5286.0,5289.5,5286.0,5289.0,5291.0,5291.5,5290.5,5
2016-05-06 20:12:00,2016-05-06 20:13:00,5286.0,5286.0,5286.0,5286.0,5291.0,5292.0,5292.0,5291.0,3
2016-05-06 20:13:00,2016-05-06 20:14:00,5286.0,5286.0,5286.0,5286.0,5292.0,5291.0,5291.0,5291.0,1
2016-05-06 20:14:00,2016-05-06 20:15:00,5286.0,5286.0,5286.0,5286.0,5291.0,5290.0,5290.0,5290.0,1
2016-05-06 20:15:00,2016-05-06 20:17:00,5286.0,5286.0,5286.0,5286.0,5290.0,5291.0,5291.0,5291.0,1
2016-05-06 20:17:00,2016-05-06 20:22:00,5286.0,5287.0,5292.5,5287.0,5291.0,5295.0,5296.0,5293.5,5
2016-05-06 20:22:00,2016-05-06 20:24:00,5287.0,5287.0,5287.0,5287.0,5295.0,5294.0,5294.0,5294.0,1
2016-05-06 20:24:00,2016-05-06 20:27:00,5287.0,5287.0,5287.0,5287.0,5294.0,5292.0,5292.0,5292.0,1
2016-05-06 20:27:00,2016-05-06 20:31:00,5287.0,5287.0,5287.0,5287.0,5292.0,5292.0,5292.0,5290.0,2
2016-05-06 20:31:00,2016-05-06 20:32:00,5287.0,5287.0,5287.0,5287.0,5292.0,5290.0,5290.0,5290.0,1
2016-05-06 20:32:00,2016-05-06 20:35:00,5287.0,5287.0,5287.0,5287.0,5290.0,5292.0,5292.0,5292.0,1
2016-05-06 20:35:00,2016-05-06 20:39:00,5287.0,5287.0,5287.0,5286.5,5292.0,5292.0,5292.0,5288.5,2
2016-05-06 20:39:00,2016-05-06 20:43:00,5287.0,5287.0,5287.0,5287.0,5292.0,5291.0,5291.0,5291.0,1
2016-05-06 20:43:00,2016-05-06 20:44:00,5287.0,5287.0,5287.0,5287.0,5291.0,5292.0,5292.0,5290.0,2
