open time,close time,open bid,close bid,high bid,low bid,open ask,close ask,high ask,low ask,volume
2013-11-11 07:59:00,2013-11-11 08:00:00,9734,9747,9747,9747,9742,9755,9755,9755,1
2013-11-11 08:00:00,2013-11-11 08:02:00,9742,9747,9747,9742,9750,9755,9755,9750,3
2013-11-11 08:02:00,2013-11-11 08:03:00,9747,9747,9752,9747,9755,9755,9760,9755,6
2013-11-11 08:03:00,2013-11-11 08:05:00,9742,9717,9742,9717,9750,9725,9750,9725,13
2013-11-11 08:05:00,2013-11-11 08:06:00,9717,9707,9722,9707,9725,9715,9730,9715,17
2013-11-11 08:06:00,2013-11-11 08:07:00,9707,9707,9717,9707,9715,9715,9725,9715,5
2013-11-11 08:07:00,2013-11-11 08:08:00,9707,9702,9703,9697,9715,9710,9713,9705,7
2013-11-11 08:08:00,2013-11-11 08:09:00,9702,9692,9697,9687,9710,9700,9705,9695,4
2013-11-11 08:09:00,2013-11-11 08:10:00,9692,9702,9707,9693,9700,9710,9715,9703,11
2013-11-11 08:10:00,2013-11-11 08:12:00,9702,9707,9707,9697,9710,9715,9715,9705,5
2013-11-11 08:12:00,2013-11-11 08:13:00,9707,9697,9702,9692,9715,9705,9710,9700,18
2013-11-11 08:13:00,2013-11-11 08:15:00,9692,9667,9687,9667,9700,9675,9695,9675,5
2013-11-11 08:15:00,2013-11-11 08:16:00,9667,9667,9672,9662,9675,9675,9680,9670,4
2013-11-11 08:16:00,2013-11-11 08:19:00,9667,9677,9677,9672,9675,9685,9685,9680,2
2013-11-11 08:19:00,2013-11-11 08:21:00,9682,9682,9682,9677,9690,9690,9690,9685,2
2013-11-11 08:21:00,2013-11-11 08:22:00,9682,9687,9692,9682,9690,9695,9700,9690,10
2013-11-11 08:22:00,2013-11-11 08:24:00,9687,9692,9692,9682,9695,9700,9700,9690,13
2013-11-11 08:24:00,2013-11-11 08:26:00,9692,9682,9687,9682,9700,9690,9695,9690,9
2013-11-11 08:26:00,2013-11-11 08:27:00,9682,9682,9683,9677,9690,9690,9693,9685,4
2013-11-11 08:27:00,2013-11-11 08:28:00,9682,9687,9687,9682,9690,9695,9695,9690,3
2013-11-11 08:28:00,2013-11-11 08:31:00,9687,9687,9687,9682,9695,9695,9695,9690,3
2013-11-11 08:31:00,2013-11-11 08:32:00,9687,9677,9687,9677,9695,9685,9695,9685,6
2013-11-11 08:32:00,2013-11-11 08:39:00,9682,9677,9682,9677,9690,9685,9690,9685,6
2013-11-11 08:39:00,2013-11-11 08:41:00,9677,9677,9677,9672,9685,9685,9685,9680,3
2013-11-11 08:41:00,2013-11-11 08:42:00,9677,9677,9678,9677,9685,9685,9688,9685,2
2013-11-11 08:42:00,2013-11-11 08:53:00,9682,9697,9697,9687,9690,9705,9705,9695,10
2013-11-11 08:53:00,2013-11-11 09:05:00,9702,9702,9702,9697,9710,9710,9710,9705,2
2013-11-11 09:05:00,2013-11-11 09:06:00,9702,9702,9702,9697,9710,9710,9710,9705,4
2013-11-11 09:06:00,2013-11-11 09:07:00,9702,9692,9697,9692,9710,9700,9705,9700,2
2013-11-11 09:07:00,2013-11-11 09:10:00,9692,9697,9702,9687,9700,9705,9710,9695,6
2013-11-11 09:10:00,2013-11-11 09:12:00,9692,9697,9702,9697,9700,9705,9710,9705,3
2013-11-11 09:12:00,2013-11-11 09:15:00,9702,9712,9712,9707,9710,9720,9720,9715,3
2013-11-11 09:15:00,2013-11-11 09:16:00,9712,9722,9722,9717,9720,9730,9730,9725,2
2013-11-11 09:16:00,2013-11-11 09:18:00,9717,9722,9722,9712,9725,9730,9730,9720,5
2013-11-11 09:18:00,2013-11-11 09:19:00,9722,9717,9717,9712,9730,9725,9725,9720,9
2013-11-11 09:19:00,2013-11-11 09:20:00,9717,9722,9722,9717,9725,9730,9730,9725,11
2013-11-11 09:20:00,2013-11-11 09:21:00,9722,9717,9722,9717,9730,9725,9730,9725,5
2013-11-11 09:21:00,2013-11-11 09:24:00,9722,9717,9718,9717,9730,9725,9728,9725,3
2013-11-11 09:24:00,2013-11-11 09:29:00,9712,9712,9717,9707,9720,9720,9725,9715,7
2013-11-11 09:29:00,2013-11-11 09:40:00,9717,9717,9722,9717,9725,9725,9730,9725,3
2013-11-11 09:40:00,2013-11-11 09:44:00,9712,9718,9722,9717,9720,9728,9730,9725,6
2013-11-11 09:44:00,2013-11-11 09:45:00,9718,9717,9722,9717,9728,9725,9730,9725,2
2013-11-11 09:45:00,2013-11-11 09:46:00,9717,9717,9717,9712,9725,9725,9725,9720,8
2013-11-11 09:46:00,2013-11-11 09:50:00,9717,9707,9712,9707,9725,9715,9720,9715,6
2013-11-11 09:50:00,2013-11-11 09:52:00,9712,9712,9717,9712,9720,9720,9725,9720,6
2013-11-11 09:52:00,2013-11-11 09:56:00,9717,9707,9712,9707,9725,9715,9720,9715,4
2013-11-11 09:56:00,2013-11-11 10:01:00,9707,9707,9707,9702,9715,9715,9715,9710,6
2013-11-11 10:01:00,2013-11-11 10:02:00,9707,9712,9712,9707,9715,9720,9720,9715,10
2013-11-11 10:02:00,2013-11-11 10:08:00,9722,9718,9722,9717,9730,9728,9730,9725,3
2013-11-11 10:08:00,2013-11-11 10:09:00,9718,9717,9722,9712,9728,9725,9730,9720,8
2013-11-11 10:09:00,2013-11-11 10:11:00,9722,9723,9723,9723,9730,9733,9733,9733,1
2013-11-11 10:11:00,2013-11-11 10:12:00,9723,9727,9727,9722,9733,9735,9735,9730,2
2013-11-11 10:12:00,2013-11-11 10:13:00,9727,9727,9727,9722,9735,9735,9735,9730,5
2013-11-11 10:13:00,2013-11-11 10:18:00,9737,9742,9742,9737,9745,9750,9750,9745,9
2013-11-11 10:18:00,2013-11-11 10:19:00,9742,9737,9747,9737,9750,9745,9755,9745,7
2013-11-11 10:19:00,2013-11-11 10:20:00,9737,9742,9747,9737,9745,9750,9755,9745,5
2013-11-11 10:20:00,2013-11-11 10:26:00,9742,9742,9742,9737,9750,9750,9750,9745,2
2013-11-11 10:26:00,2013-11-11 10:27:00,9742,9737,9742,9737,9750,9745,9750,9745,4
2013-11-11 10:27:00,2013-11-11 10:28:00,9737,9737,9742,9737,9745,9745,9750,9745,3
2013-11-11 10:28:00,2013-11-11 10:32:00,9737,9737,9737,9732,9745,9745,9745,9740,11
2013-11-11 10:32:00,2013-11-11 10:36:00,9737,9733,9737,9732,9745,9743,9745,9740,5
2013-11-11 10:36:00,2013-11-11 10:37:00,9733,9737,9742,9732,9743,9745,9750,9740,6
2013-11-11 10:37:00,2013-11-11 10:38:00,9737,9737,9737,9732,9745,9745,9745,9740,4
2013-11-11 10:38:00,2013-11-11 10:42:00,9742,9737,9738,9737,9750,9745,9748,9745,2
2013-11-11 10:42:00,2013-11-11 10:45:00,9732,9742,9742,9733,9740,9750,9750,9743,6
2013-11-11 10:45:00,2013-11-11 10:46:00,9742,9747,9747,9742,9750,9755,9755,9750,8
2013-11-11 10:46:00,2013-11-11 10:48:00,9742,9747,9747,9743,9750,9755,9755,9753,3
2013-11-11 10:48:00,2013-11-11 10:50:00,9747,9742,9743,9737,9755,9750,9753,9745,9
2013-11-11 10:50:00,2013-11-11 10:52:00,9742,9742,9747,9742,9750,9750,9755,9750,13
2013-11-11 10:52:00,2013-11-11 10:55:00,9742,9737,9737,9732,9750,9745,9745,9740,4
2013-11-11 10:55:00,2013-11-11 11:00:00,9743,9747,9747,9747,9753,9755,9755,9755,1
2013-11-11 11:00:00,2013-11-11 11:04:00,9742,9752,9752,9747,9750,9760,9760,9755,2
2013-11-11 11:04:00,2013-11-11 11:17:00,9752,9753,9757,9753,9760,9763,9765,9763,2
2013-11-11 11:17:00,2013-11-11 11:18:00,9753,9752,9752,9747,9763,9760,9760,9755,4
2013-11-11 11:18:00,2013-11-11 11:20:00,9747,9748,9752,9747,9755,9758,9760,9755,9
2013-11-11 11:20:00,2013-11-11 11:21:00,9748,9747,9752,9747,9758,9755,9760,9755,4
2013-11-11 11:21:00,2013-11-11 11:31:00,9752,9747,9747,9742,9760,9755,9755,9750,5
2013-11-11 11:31:00,2013-11-11 11:32:00,9747,9747,9752,9747,9755,9755,9760,9755,4
2013-11-11 11:32:00,2013-11-11 11:33:00,9747,9747,9752,9747,9755,9755,9760,9755,3
2013-11-11 11:33:00,2013-11-11 11:36:00,9747,9742,9747,9742,9755,9750,9755,9750,7
2013-11-11 11:36:00,2013-11-11 11:37:00,9742,9732,9743,9732,9750,9740,9753,9740,4
2013-11-11 11:37:00,2013-11-11 11:40:00,9742,9737,9737,9737,9750,9745,9745,9745,1
2013-11-11 11:40:00,2013-11-11 11:47:00,9742,9752,9752,9742,9750,9760,9760,9750,4
2013-11-11 11:47:00,2013-11-11 11:48:00,9752,9748,9748,9747,9760,9758,9758,9755,2
2013-11-11 11:48:00,2013-11-11 11:49:00,9748,9742,9752,9742,9758,9750,9760,9750,4
2013-11-11 11:49:00,2013-11-11 11:52:00,9747,9747,9752,9747,9755,9755,9760,9755,2
2013-11-11 11:52:00,2013-11-11 11:53:00,9747,9737,9742,9732,9755,9745,9750,9740,5
2013-11-11 11:53:00,2013-11-11 11:57:00,9737,9732,9733,9732,9745,9740,9743,9740,4
2013-11-11 11:57:00,2013-11-11 12:00:00,9737,9737,9737,9732,9745,9745,9745,9740,2
2013-11-11 12:00:00,2013-11-11 12:01:00,9737,9737,9742,9732,9745,9745,9750,9740,7
2013-11-11 12:01:00,2013-11-11 12:02:00,9737,9737,9737,9732,9745,9745,9745,9740,3
2013-11-11 12:02:00,2013-11-11 12:03:00,9737,9732,9732,9732,9745,9740,9740,9740,1
2013-11-11 12:03:00,2013-11-11 12:04:00,9732,9737,9737,9732,9740,9745,9745,9740,4
2013-11-11 12:04:00,2013-11-11 12:15:00,9737,9732,9737,9732,9745,9740,9745,9740,5
2013-11-11 12:15:00,2013-11-11 12:17:00,9732,9737,9737,9733,9740,9745,9745,9743,2
2013-11-11 12:17:00,2013-11-11 12:18:00,9737,9732,9742,9732,9745,9740,9750,9740,8
2013-11-11 12:18:00,2013-11-11 12:22:00,9742,9732,9737,9732,9750,9740,9745,9740,16
2013-11-11 12:22:00,2013-11-11 12:23:00,9732,9732,9737,9732,9740,9740,9745,9740,7
2013-11-11 12:23:00,2013-11-11 12:32:00,9737,9742,9742,9742,9745,9750,9750,9750,1
2013-11-11 12:32:00,2013-11-11 12:33:00,9742,9747,9747,9743,9750,9755,9755,9753,5
2013-11-11 12:33:00,2013-11-11 12:34:00,9747,9742,9742,9737,9755,9750,9750,9745,3
2013-11-11 12:34:00,2013-11-11 12:35:00,9742,9742,9742,9738,9750,9750,9750,9748,2
2013-11-11 12:35:00,2013-11-11 12:37:00,9747,9752,9752,9752,9755,9760,9760,9760,1
2013-11-11 12:37:00,2013-11-11 12:47:00,9772,9782,9782,9772,9780,9790,9790,9780,7
2013-11-11 12:47:00,2013-11-11 12:48:00,9782,9777,9782,9772,9790,9785,9790,9780,5
2013-11-11 12:48:00,2013-11-11 12:53:00,9777,9777,9782,9777,9785,9785,9790,9785,2
2013-11-11 12:53:00,2013-11-11 12:59:00,9777,9772,9773,9772,9785,9780,9783,9780,3
2013-11-11 12:59:00,2013-11-11 13:00:00,9772,9777,9777,9767,9780,9785,9785,9775,9
2013-11-11 13:00:00,2013-11-11 13:01:00,9777,9773,9777,9772,9785,9783,9785,9780,4
2013-11-11 13:01:00,2013-11-11 13:02:00,9773,9777,9777,9772,9783,9785,9785,9780,13
2013-11-11 13:02:00,2013-11-11 13:03:00,9777,9777,9777,9772,9785,9785,9785,9780,3
2013-11-11 13:03:00,2013-11-11 13:08:00,9782,9787,9787,9783,9790,9795,9795,9793,2
2013-11-11 13:08:00,2013-11-11 13:09:00,9787,9797,9797,9792,9795,9805,9805,9800,2
2013-11-11 13:09:00,2013-11-11 13:12:00,9797,9792,9797,9792,9805,9800,9805,9800,10
2013-11-11 13:12:00,2013-11-11 13:16:00,9792,9792,9792,9787,9800,9800,9800,9795,5
2013-11-11 13:16:00,2013-11-11 13:17:00,9792,9792,9792,9788,9800,9800,9800,9798,2
2013-11-11 13:17:00,2013-11-11 13:19:00,9792,9787,9788,9787,9800,9795,9798,9795,5
2013-11-11 13:19:00,2013-11-11 13:24:00,9787,9787,9787,9782,9795,9795,9795,9790,2
2013-11-11 13:24:00,2013-11-11 13:35:00,9772,9787,9787,9772,9780,9795,9795,9780,7
2013-11-11 13:35:00,2013-11-11 13:39:00,9777,9777,9777,9772,9785,9785,9785,9780,6
2013-11-11 13:39:00,2013-11-11 13:46:00,9777,9783,9783,9782,9785,9793,9793,9790,2
2013-11-11 13:46:00,2013-11-11 13:47:00,9783,9787,9787,9787,9793,9795,9795,9795,1
2013-11-11 13:47:00,2013-11-11 13:48:00,9787,9782,9792,9782,9795,9790,9800,9790,8
2013-11-11 13:48:00,2013-11-11 13:49:00,9782,9787,9787,9782,9790,9795,9795,9790,3
2013-11-11 13:49:00,2013-11-11 13:51:00,9787,9792,9792,9792,9795,9800,9800,9800,1
2013-11-11 13:51:00,2013-11-11 13:54:00,9792,9792,9792,9787,9800,9800,9800,9795,4
2013-11-11 13:54:00,2013-11-11 14:02:00,9777,9777,9782,9777,9785,9785,9790,9785,12
2013-11-11 14:02:00,2013-11-11 14:04:00,9772,9772,9772,9767,9780,9780,9780,9775,3
2013-11-11 14:04:00,2013-11-11 14:05:00,9772,9777,9777,9773,9780,9785,9785,9783,3
2013-11-11 14:05:00,2013-11-11 14:07:00,9772,9782,9782,9777,9780,9790,9790,9785,4
2013-11-11 14:07:00,2013-11-11 14:08:00,9782,9777,9782,9777,9790,9785,9790,9785,8
2013-11-11 14:08:00,2013-11-11 14:09:00,9777,9773,9773,9773,9785,9783,9783,9783,1
2013-11-11 14:09:00,2013-11-11 14:10:00,9773,9772,9772,9767,9783,9780,9780,9775,6
2013-11-11 14:10:00,2013-11-11 14:11:00,9772,9777,9777,9772,9780,9785,9785,9780,5
2013-11-11 14:11:00,2013-11-11 14:16:00,9787,9787,9792,9782,9795,9795,9800,9790,4
2013-11-11 14:16:00,2013-11-11 14:17:00,9787,9787,9792,9787,9795,9795,9800,9795,7
2013-11-11 14:17:00,2013-11-11 14:21:00,9782,9778,9782,9778,9790,9788,9790,9788,7
2013-11-11 14:21:00,2013-11-11 14:22:00,9778,9782,9782,9782,9788,9790,9790,9790,1
2013-11-11 14:22:00,2013-11-11 14:24:00,9782,9782,9783,9782,9790,9790,9793,9790,2
2013-11-11 14:24:00,2013-11-11 14:28:00,9782,9777,9778,9777,9790,9785,9788,9785,5
2013-11-11 14:28:00,2013-11-11 14:31:00,9772,9767,9767,9767,9780,9775,9775,9775,1
2013-11-11 14:31:00,2013-11-11 14:32:00,9767,9777,9777,9772,9775,9785,9785,9780,4
2013-11-11 14:32:00,2013-11-11 14:33:00,9777,9772,9773,9767,9785,9780,9783,9775,5
2013-11-11 14:33:00,2013-11-11 14:34:00,9772,9767,9768,9767,9780,9775,9778,9775,2
2013-11-11 14:34:00,2013-11-11 14:35:00,9767,9777,9777,9768,9775,9785,9785,9778,7
2013-11-11 14:35:00,2013-11-11 14:37:00,9772,9782,9782,9772,9780,9790,9790,9780,8
2013-11-11 14:37:00,2013-11-11 14:43:00,9782,9782,9787,9782,9790,9790,9795,9790,9
2013-11-11 14:43:00,2013-11-11 14:44:00,9782,9777,9782,9777,9790,9785,9790,9785,4
2013-11-11 14:44:00,2013-11-11 14:46:00,9777,9782,9782,9782,9785,9790,9790,9790,1
2013-11-11 14:46:00,2013-11-11 14:48:00,9787,9792,9792,9782,9795,9800,9800,9790,5
2013-11-11 14:48:00,2013-11-11 14:49:00,9792,9802,9802,9797,9800,9810,9810,9805,2
2013-11-11 14:49:00,2013-11-11 14:50:00,9802,9798,9802,9797,9810,9808,9810,9805,4
2013-11-11 14:50:00,2013-11-11 14:51:00,9798,9793,9798,9792,9808,9803,9808,9800,12
2013-11-11 14:51:00,2013-11-11 14:52:00,9793,9802,9802,9793,9803,9810,9810,9803,18
2013-11-11 14:52:00,2013-11-11 14:53:00,9802,9798,9802,9797,9810,9808,9810,9805,7
2013-11-11 14:53:00,2013-11-11 14:54:00,9798,9802,9802,9797,9808,9810,9810,9805,21
2013-11-11 14:54:00,2013-11-11 14:55:00,9802,9807,9807,9803,9810,9815,9815,9813,2
2013-11-11 14:55:00,2013-11-11 14:56:00,9807,9797,9803,9792,9815,9805,9813,9800,22
2013-11-11 14:56:00,2013-11-11 14:57:00,9797,9797,9797,9793,9805,9805,9805,9803,20
2013-11-11 14:57:00,2013-11-11 14:59:00,9792,9792,9793,9792,9800,9800,9803,9800,6
2013-11-11 14:59:00,2013-11-11 15:01:00,9792,9793,9797,9792,9800,9803,9805,9800,4
2013-11-11 15:01:00,2013-11-11 15:02:00,9793,9792,9797,9792,9803,9800,9805,9800,15
2013-11-11 15:02:00,2013-11-11 15:03:00,9792,9782,9788,9782,9800,9790,9798,9790,13
2013-11-11 15:03:00,2013-11-11 15:04:00,9782,9783,9787,9782,9790,9793,9795,9790,17
2013-11-11 15:04:00,2013-11-11 15:05:00,9783,9792,9797,9783,9793,9800,9805,9793,13
2013-11-11 15:05:00,2013-11-11 15:06:00,9792,9787,9788,9787,9800,9795,9798,9795,3
2013-11-11 15:06:00,2013-11-11 15:07:00,9787,9797,9797,9788,9795,9805,9805,9798,3
2013-11-11 15:07:00,2013-11-11 15:09:00,9797,9797,9797,9793,9805,9805,9805,9803,4
2013-11-11 15:09:00,2013-11-11 15:10:00,9797,9803,9807,9797,9805,9813,9815,9805,8
2013-11-11 15:10:00,2013-11-11 15:11:00,9803,9807,9807,9798,9813,9815,9815,9808,11
2013-11-11 15:11:00,2013-11-11 15:12:00,9807,9802,9803,9802,9815,9810,9813,9810,2
2013-11-11 15:12:00,2013-11-11 15:13:00,9802,9798,9802,9797,9810,9808,9810,9805,13
2013-11-11 15:13:00,2013-11-11 15:14:00,9798,9803,9807,9798,9808,9813,9815,9808,20
2013-11-11 15:14:00,2013-11-11 15:15:00,9803,9802,9803,9802,9813,9810,9813,9810,13
2013-11-11 15:15:00,2013-11-11 15:16:00,9802,9792,9798,9792,9810,9800,9808,9800,13
2013-11-11 15:16:00,2013-11-11 15:17:00,9792,9792,9797,9792,9800,9800,9805,9800,4
2013-11-11 15:17:00,2013-11-11 15:18:00,9792,9797,9797,9792,9800,9805,9805,9800,8
2013-11-11 15:18:00,2013-11-11 15:19:00,9797,9797,9797,9793,9805,9805,9805,9803,6
2013-11-11 15:19:00,2013-11-11 15:20:00,9797,9792,9793,9792,9805,9800,9803,9800,2
2013-11-11 15:20:00,2013-11-11 15:21:00,9792,9797,9797,9792,9800,9805,9805,9800,7
2013-11-11 15:21:00,2013-11-11 15:22:00,9797,9802,9802,9802,9805,9810,9810,9810,1
2013-11-11 15:22:00,2013-11-11 15:23:00,9802,9807,9812,9803,9810,9815,9820,9813,5
2013-11-11 15:23:00,2013-11-11 15:26:00,9802,9807,9808,9803,9810,9815,9818,9813,16
2013-11-11 15:26:00,2013-11-11 15:27:00,9807,9802,9807,9802,9815,9810,9815,9810,3
2013-11-11 15:27:00,2013-11-11 15:28:00,9802,9792,9797,9792,9810,9800,9805,9800,6
2013-11-11 15:28:00,2013-11-11 15:29:00,9792,9792,9792,9787,9800,9800,9800,9795,3
2013-11-11 15:29:00,2013-11-11 15:32:00,9797,9802,9802,9798,9805,9810,9810,9808,3
2013-11-11 15:32:00,2013-11-11 15:33:00,9802,9807,9807,9803,9810,9815,9815,9813,21
2013-11-11 15:33:00,2013-11-11 15:34:00,9807,9802,9803,9802,9815,9810,9813,9810,6
2013-11-11 15:34:00,2013-11-11 15:36:00,9802,9802,9807,9798,9810,9810,9815,9808,4
2013-11-11 15:36:00,2013-11-11 15:37:00,9802,9802,9802,9797,9810,9810,9810,9805,10
2013-11-11 15:37:00,2013-11-11 15:38:00,9802,9797,9802,9797,9810,9805,9810,9805,9
2013-11-11 15:38:00,2013-11-11 15:39:00,9797,9802,9802,9797,9805,9810,9810,9805,14
2013-11-11 15:39:00,2013-11-11 15:40:00,9802,9797,9802,9797,9810,9805,9810,9805,14
2013-11-11 15:40:00,2013-11-11 15:41:00,9797,9797,9797,9792,9805,9805,9805,9800,3
2013-11-11 15:41:00,2013-11-11 15:42:00,9797,9797,9797,9793,9805,9805,9805,9803,8
2013-11-11 15:42:00,2013-11-11 15:43:00,9797,9792,9797,9792,9805,9800,9805,9800,22
2013-11-11 15:43:00,2013-11-11 15:44:00,9792,9792,9797,9792,9800,9800,9805,9800,13
2013-11-11 15:44:00,2013-11-11 15:46:00,9792,9787,9787,9787,9800,9795,9795,9795,1
2013-11-11 15:46:00,2013-11-11 15:47:00,9787,9783,9792,9782,9795,9793,9800,9790,14
2013-11-11 15:47:00,2013-11-11 15:48:00,9783,9797,9797,9787,9793,9805,9805,9795,9
2013-11-11 15:48:00,2013-11-11 15:49:00,9797,9797,9797,9792,9805,9805,9805,9800,4
2013-11-11 15:49:00,2013-11-11 15:50:00,9797,9802,9802,9797,9805,9810,9810,9805,6
2013-11-11 15:50:00,2013-11-11 15:51:00,9802,9797,9802,9797,9810,9805,9810,9805,7
2013-11-11 15:51:00,2013-11-11 15:53:00,9797,9798,9798,9797,9805,9808,9808,9805,5
2013-11-11 15:53:00,2013-11-11 15:54:00,9798,9797,9802,9797,9808,9805,9810,9805,5
2013-11-11 15:54:00,2013-11-11 15:55:00,9797,9797,9797,9793,9805,9805,9805,9803,10
2013-11-11 15:55:00,2013-11-11 15:56:00,9797,9792,9797,9792,9805,9800,9805,9800,20
2013-11-11 15:56:00,2013-11-11 15:57:00,9792,9797,9797,9792,9800,9805,9805,9800,4
2013-11-11 15:57:00,2013-11-11 15:59:00,9797,9797,9802,9797,9805,9805,9810,9805,11
2013-11-11 15:59:00,2013-11-11 16:00:00,9797,9797,9802,9797,9805,9805,9810,9805,12
2013-11-11 16:00:00,2013-11-11 16:02:00,9792,9782,9788,9782,9800,9790,9798,9790,16
2013-11-11 16:02:00,2013-11-11 16:05:00,9787,9782,9787,9782,9795,9790,9795,9790,4
2013-11-11 16:05:00,2013-11-11 16:06:00,9782,9787,9787,9787,9790,9795,9795,9795,1
2013-11-11 16:06:00,2013-11-11 16:12:00,9782,9777,9777,9777,9790,9785,9785,9785,1
2013-11-11 16:12:00,2013-11-11 16:16:00,9772,9773,9777,9772,9780,9783,9785,9780,16
2013-11-11 16:16:00,2013-11-11 16:17:00,9773,9777,9777,9772,9783,9785,9785,9780,8
2013-11-11 16:17:00,2013-11-11 16:20:00,9777,9767,9772,9763,9785,9775,9780,9773,6
2013-11-11 16:20:00,2013-11-11 16:21:00,9767,9772,9772,9767,9775,9780,9780,9775,15
2013-11-11 16:21:00,2013-11-11 16:22:00,9772,9772,9772,9767,9780,9780,9780,9775,19
2013-11-11 16:22:00,2013-11-11 16:23:00,9772,9767,9768,9767,9780,9775,9778,9775,10
2013-11-11 16:23:00,2013-11-11 16:24:00,9767,9772,9772,9767,9775,9780,9780,9775,5
2013-11-11 16:24:00,2013-11-11 16:27:00,9777,9777,9777,9773,9785,9785,9785,9783,12
2013-11-11 16:27:00,2013-11-11 16:28:00,9777,9772,9773,9772,9785,9780,9783,9780,4
2013-11-11 16:28:00,2013-11-11 16:29:00,9772,9778,9782,9773,9780,9788,9790,9783,9
2013-11-11 16:29:00,2013-11-11 16:31:00,9778,9779,9779,9779,9788,9787,9787,9787,1
2013-11-11 16:31:00,2013-11-12 08:00:00,9779,9772,9772,9767,9787,9780,9780,9775,10
2013-11-12 08:00:00,2013-11-12 08:04:00,9777,9782,9782,9777,9785,9790,9790,9785,4
2013-11-12 08:04:00,2013-11-12 08:05:00,9782,9782,9787,9777,9790,9790,9795,9785,14
2013-11-12 08:05:00,2013-11-12 08:06:00,9782,9772,9782,9772,9790,9780,9790,9780,7
2013-11-12 08:06:00,2013-11-12 08:08:00,9777,9782,9782,9777,9785,9790,9790,9785,5
2013-11-12 08:08:00,2013-11-12 08:10:00,9782,9782,9782,9777,9790,9790,9790,9785,9
2013-11-12 08:10:00,2013-11-12 08:11:00,9782,9782,9782,9777,9790,9790,9790,9785,6
2013-11-12 08:11:00,2013-11-12 08:12:00,9782,9787,9787,9782,9790,9795,9795,9790,15
2013-11-12 08:12:00,2013-11-12 08:14:00,9782,9792,9797,9787,9790,9800,9805,9795,4
2013-11-12 08:14:00,2013-11-12 08:15:00,9792,9797,9797,9792,9800,9805,9805,9800,12
2013-11-12 08:15:00,2013-11-12 08:16:00,9797,9802,9802,9793,9805,9810,9810,9803,3
2013-11-12 08:16:00,2013-11-12 08:17:00,9802,9812,9812,9807,9810,9820,9820,9815,5
2013-11-12 08:17:00,2013-11-12 08:18:00,9812,9797,9812,9797,9820,9805,9820,9805,14
2013-11-12 08:18:00,2013-11-12 08:19:00,9797,9797,9802,9797,9805,9805,9810,9805,4
2013-11-12 08:19:00,2013-11-12 08:20:00,9797,9807,9807,9797,9805,9815,9815,9805,7
2013-11-12 08:20:00,2013-11-12 08:21:00,9807,9802,9807,9798,9815,9810,9815,9808,16
2013-11-12 08:21:00,2013-11-12 08:22:00,9802,9807,9807,9802,9810,9815,9815,9810,8
2013-11-12 08:22:00,2013-11-12 08:23:00,9807,9797,9802,9797,9815,9805,9810,9805,9
2013-11-12 08:23:00,2013-11-12 08:25:00,9797,9797,9802,9797,9805,9805,9810,9805,14
2013-11-12 08:25:00,2013-11-12 08:26:00,9797,9782,9792,9782,9805,9790,9800,9790,8
2013-11-12 08:26:00,2013-11-12 08:27:00,9782,9787,9797,9783,9790,9795,9805,9793,15
2013-11-12 08:27:00,2013-11-12 08:28:00,9787,9782,9783,9777,9795,9790,9793,9785,9
2013-11-12 08:28:00,2013-11-12 08:29:00,9782,9777,9778,9777,9790,9785,9788,9785,2
2013-11-12 08:29:00,2013-11-12 08:31:00,9777,9757,9777,9752,9785,9765,9785,9760,15
2013-11-12 08:31:00,2013-11-12 08:32:00,9757,9762,9762,9752,9765,9770,9770,9760,3
2013-11-12 08:32:00,2013-11-12 08:34:00,9757,9772,9772,9762,9765,9780,9780,9770,19
2013-11-12 08:34:00,2013-11-12 08:35:00,9772,9762,9767,9762,9780,9770,9775,9770,11
2013-11-12 08:35:00,2013-11-12 08:37:00,9762,9747,9757,9747,9770,9755,9765,9755,8
2013-11-12 08:37:00,2013-11-12 08:38:00,9747,9752,9752,9742,9755,9760,9760,9750,13
2013-11-12 08:38:00,2013-11-12 08:39:00,9752,9727,9747,9727,9760,9735,9755,9735,8
2013-11-12 08:39:00,2013-11-12 08:40:00,9727,9742,9742,9728,9735,9750,9750,9738,11
2013-11-12 08:40:00,2013-11-12 08:41:00,9742,9742,9742,9737,9750,9750,9750,9745,3
2013-11-12 08:41:00,2013-11-12 08:42:00,9742,9747,9747,9737,9750,9755,9755,9745,7
2013-11-12 08:42:00,2013-11-12 08:43:00,9747,9752,9757,9748,9755,9760,9765,9758,15
2013-11-12 08:43:00,2013-11-12 08:44:00,9752,9752,9752,9747,9760,9760,9760,9755,8
2013-11-12 08:44:00,2013-11-12 08:45:00,9752,9752,9753,9747,9760,9760,9763,9755,4
2013-11-12 08:45:00,2013-11-12 08:46:00,9752,9752,9757,9752,9760,9760,9765,9760,18
2013-11-12 08:46:00,2013-11-12 08:47:00,9752,9742,9747,9742,9760,9750,9755,9750,9
2013-11-12 08:47:00,2013-11-12 08:48:00,9742,9752,9752,9742,9750,9760,9760,9750,8
2013-11-12 08:48:00,2013-11-12 08:49:00,9752,9747,9752,9747,9760,9755,9760,9755,5
2013-11-12 08:49:00,2013-11-12 08:50:00,9747,9752,9752,9742,9755,9760,9760,9750,6
2013-11-12 08:50:00,2013-11-12 08:51:00,9752,9742,9752,9742,9760,9750,9760,9750,19
2013-11-12 08:51:00,2013-11-12 08:52:00,9742,9737,9747,9737,9750,9745,9755,9745,3
2013-11-12 08:52:00,2013-11-12 08:53:00,9737,9747,9748,9737,9745,9755,9758,9745,16
2013-11-12 08:53:00,2013-11-12 08:54:00,9747,9742,9752,9742,9755,9750,9760,9750,17
2013-11-12 08:54:00,2013-11-12 08:55:00,9742,9747,9747,9737,9750,9755,9755,9745,19
2013-11-12 08:55:00,2013-11-12 08:56:00,9747,9737,9742,9737,9755,9745,9750,9745,6
2013-11-12 08:56:00,2013-11-12 08:57:00,9737,9727,9732,9722,9745,9735,9740,9730,16
2013-11-12 08:57:00,2013-11-12 08:58:00,9727,9727,9727,9717,9735,9735,9735,9725,10
2013-11-12 08:58:00,2013-11-12 08:59:00,9727,9718,9727,9718,9735,9728,9735,9728,13
2013-11-12 08:59:00,2013-11-12 09:00:00,9718,9712,9718,9707,9728,9720,9728,9715,18
2013-11-12 09:00:00,2013-11-12 09:02:00,9707,9712,9712,9707,9715,9720,9720,9715,9
2013-11-12 09:02:00,2013-11-12 09:03:00,9712,9722,9722,9712,9720,9730,9730,9720,7
2013-11-12 09:03:00,2013-11-12 09:05:00,9712,9717,9717,9712,9720,9725,9725,9720,5
2013-11-12 09:05:00,2013-11-12 09:06:00,9717,9717,9722,9717,9725,9725,9730,9725,15
2013-11-12 09:06:00,2013-11-12 09:07:00,9717,9727,9727,9717,9725,9735,9735,9725,17
2013-11-12 09:07:00,2013-11-12 09:10:00,9722,9722,9722,9717,9730,9730,9730,9725,2
2013-11-12 09:10:00,2013-11-12 09:11:00,9722,9727,9727,9722,9730,9735,9735,9730,3
2013-11-12 09:11:00,2013-11-12 09:12:00,9727,9717,9722,9712,9735,9725,9730,9720,13
2013-11-12 09:12:00,2013-11-12 09:13:00,9717,9712,9712,9707,9725,9720,9720,9715,3
2013-11-12 09:13:00,2013-11-12 09:14:00,9712,9707,9708,9702,9720,9715,9718,9710,6
2013-11-12 09:14:00,2013-11-12 09:15:00,9707,9692,9707,9687,9715,9700,9715,9695,9
2013-11-12 09:15:00,2013-11-12 09:17:00,9702,9697,9702,9692,9710,9705,9710,9700,23
2013-11-12 09:17:00,2013-11-12 09:18:00,9697,9692,9702,9692,9705,9700,9710,9700,4
2013-11-12 09:18:00,2013-11-12 09:19:00,9692,9693,9697,9693,9700,9703,9705,9703,2
2013-11-12 09:19:00,2013-11-12 09:20:00,9693,9692,9697,9692,9703,9700,9705,9700,16
2013-11-12 09:20:00,2013-11-12 09:22:00,9697,9702,9702,9697,9705,9710,9710,9705,13
2013-11-12 09:22:00,2013-11-12 09:24:00,9702,9687,9697,9687,9710,9695,9705,9695,5
2013-11-12 09:24:00,2013-11-12 09:26:00,9687,9687,9687,9682,9695,9695,9695,9690,13
2013-11-12 09:26:00,2013-11-12 09:27:00,9687,9697,9697,9687,9695,9705,9705,9695,5
2013-11-12 09:27:00,2013-11-12 09:28:00,9697,9692,9693,9692,9705,9700,9703,9700,3
2013-11-12 09:28:00,2013-11-12 09:29:00,9692,9693,9697,9692,9700,9703,9705,9700,14
2013-11-12 09:29:00,2013-11-12 09:30:00,9693,9698,9702,9692,9703,9708,9710,9700,11
2013-11-12 09:30:00,2013-11-12 09:32:00,9697,9697,9702,9692,9705,9705,9710,9700,18
2013-11-12 09:32:00,2013-11-12 09:33:00,9697,9698,9702,9692,9705,9708,9710,9700,11
2013-11-12 09:33:00,2013-11-12 09:34:00,9698,9702,9707,9697,9708,9710,9715,9705,8
2013-11-12 09:34:00,2013-11-12 09:35:00,9702,9707,9707,9702,9710,9715,9715,9710,15
2013-11-12 09:35:00,2013-11-12 09:36:00,9707,9702,9712,9702,9715,9710,9720,9710,8
2013-11-12 09:36:00,2013-11-12 09:37:00,9702,9707,9712,9702,9710,9715,9720,9710,11
2013-11-12 09:37:00,2013-11-12 09:38:00,9707,9712,9717,9707,9715,9720,9725,9715,15
2013-11-12 09:38:00,2013-11-12 09:39:00,9712,9707,9717,9707,9720,9715,9725,9715,3
2013-11-12 09:39:00,2013-11-12 09:42:00,9712,9717,9723,9713,9720,9725,9733,9723,7
2013-11-12 09:42:00,2013-11-12 09:43:00,9717,9712,9717,9712,9725,9720,9725,9720,14
2013-11-12 09:43:00,2013-11-12 09:44:00,9712,9717,9717,9712,9720,9725,9725,9720,9
2013-11-12 09:44:00,2013-11-12 09:46:00,9717,9717,9722,9717,9725,9725,9730,9725,7
2013-11-12 09:46:00,2013-11-12 09:47:00,9717,9722,9722,9712,9725,9730,9730,9720,4
2013-11-12 09:47:00,2013-11-12 09:48:00,9722,9717,9727,9717,9730,9725,9735,9725,11
2013-11-12 09:48:00,2013-11-12 09:50:00,9712,9707,9712,9707,9720,9715,9720,9715,7
2013-11-12 09:50:00,2013-11-12 09:51:00,9707,9702,9707,9702,9715,9710,9715,9710,6
2013-11-12 09:51:00,2013-11-12 09:52:00,9702,9702,9707,9697,9710,9710,9715,9705,13
2013-11-12 09:52:00,2013-11-12 09:56:00,9707,9692,9702,9692,9715,9700,9710,9700,6
2013-11-12 09:56:00,2013-11-12 09:57:00,9692,9697,9702,9687,9700,9705,9710,9695,15
2013-11-12 09:57:00,2013-11-12 09:59:00,9697,9693,9697,9692,9705,9703,9705,9700,3
2013-11-12 09:59:00,2013-11-12 10:00:00,9693,9697,9697,9692,9703,9705,9705,9700,10
2013-11-12 10:00:00,2013-11-12 10:05:00,9702,9707,9707,9702,9710,9715,9715,9710,3
2013-11-12 10:05:00,2013-11-12 10:07:00,9702,9703,9707,9703,9710,9713,9715,9713,6
2013-11-12 10:07:00,2013-11-12 10:08:00,9703,9702,9702,9697,9713,9710,9710,9705,3
2013-11-12 10:08:00,2013-11-12 10:11:00,9702,9707,9712,9702,9710,9715,9720,9710,12
2013-11-12 10:11:00,2013-11-12 10:14:00,9702,9707,9707,9702,9710,9715,9715,9710,8
2013-11-12 10:14:00,2013-11-12 10:22:00,9692,9697,9697,9687,9700,9705,9705,9695,5
2013-11-12 10:22:00,2013-11-12 10:23:00,9697,9692,9697,9692,9705,9700,9705,9700,5
2013-11-12 10:23:00,2013-11-12 10:24:00,9692,9687,9692,9687,9700,9695,9700,9695,8
2013-11-12 10:24:00,2013-11-12 10:25:00,9687,9687,9692,9687,9695,9695,9700,9695,9
2013-11-12 10:25:00,2013-11-12 10:26:00,9687,9697,9697,9692,9695,9705,9705,9700,3
2013-11-12 10:26:00,2013-11-12 10:27:00,9697,9707,9707,9697,9705,9715,9715,9705,17
2013-11-12 10:27:00,2013-11-12 10:32:00,9692,9692,9697,9687,9700,9700,9705,9695,9
2013-11-12 10:32:00,2013-11-12 10:34:00,9697,9697,9698,9697,9705,9705,9708,9705,6
2013-11-12 10:34:00,2013-11-12 10:35:00,9697,9692,9697,9692,9705,9700,9705,9700,9
2013-11-12 10:35:00,2013-11-12 10:37:00,9692,9688,9692,9687,9700,9698,9700,9695,6
2013-11-12 10:37:00,2013-11-12 10:38:00,9688,9697,9697,9687,9698,9705,9705,9695,11
2013-11-12 10:38:00,2013-11-12 10:42:00,9697,9697,9702,9697,9705,9705,9710,9705,11
2013-11-12 10:42:00,2013-11-12 10:44:00,9697,9692,9702,9692,9705,9700,9710,9700,5
2013-11-12 10:44:00,2013-11-12 10:45:00,9692,9692,9697,9692,9700,9700,9705,9700,12
2013-11-12 10:45:00,2013-11-12 10:47:00,9692,9692,9692,9688,9700,9700,9700,9698,4
2013-11-12 10:47:00,2013-11-12 10:49:00,9692,9692,9692,9687,9700,9700,9700,9695,7
2013-11-12 10:49:00,2013-11-12 10:50:00,9692,9697,9698,9692,9700,9705,9708,9700,6
2013-11-12 10:50:00,2013-11-12 10:53:00,9697,9693,9702,9692,9705,9703,9710,9700,15
2013-11-12 10:53:00,2013-11-12 10:56:00,9692,9693,9697,9692,9700,9703,9705,9700,9
2013-11-12 10:56:00,2013-11-12 10:57:00,9693,9697,9697,9692,9703,9705,9705,9700,8
2013-11-12 10:57:00,2013-11-12 10:59:00,9697,9697,9702,9697,9705,9705,9710,9705,3
2013-11-12 10:59:00,2013-11-12 11:02:00,9702,9702,9702,9697,9710,9710,9710,9705,5
2013-11-12 11:02:00,2013-11-12 11:04:00,9697,9697,9697,9692,9705,9705,9705,9700,11
2013-11-12 11:04:00,2013-11-12 11:05:00,9697,9692,9697,9692,9705,9700,9705,9700,3
2013-11-12 11:05:00,2013-11-12 11:06:00,9692,9697,9702,9693,9700,9705,9710,9703,9
2013-11-12 11:06:00,2013-11-12 11:07:00,9697,9692,9697,9692,9705,9700,9705,9700,11
2013-11-12 11:07:00,2013-11-12 11:08:00,9692,9698,9702,9693,9700,9708,9710,9703,12
2013-11-12 11:08:00,2013-11-12 11:09:00,9698,9692,9698,9692,9708,9700,9708,9700,12
2013-11-12 11:09:00,2013-11-12 11:11:00,9692,9697,9697,9688,9700,9705,9705,9698,5
2013-11-12 11:11:00,2013-11-12 11:12:00,9697,9698,9702,9692,9705,9708,9710,9700,23
2013-11-12 11:12:00,2013-11-12 11:13:00,9698,9697,9702,9697,9708,9705,9710,9705,6
2013-11-12 11:13:00,2013-11-12 11:15:00,9702,9697,9698,9697,9710,9705,9708,9705,9
2013-11-12 11:15:00,2013-11-12 11:18:00,9707,9702,9702,9697,9715,9710,9710,9705,4
2013-11-12 11:18:00,2013-11-12 11:20:00,9702,9712,9712,9703,9710,9720,9720,9713,7
2013-11-12 11:20:00,2013-11-12 11:21:00,9712,9712,9717,9707,9720,9720,9725,9715,6
2013-11-12 11:21:00,2013-11-12 11:22:00,9712,9712,9712,9707,9720,9720,9720,9715,11
2013-11-12 11:22:00,2013-11-12 11:23:00,9712,9712,9712,9707,9720,9720,9720,9715,10
2013-11-12 11:23:00,2013-11-12 11:25:00,9712,9708,9712,9707,9720,9718,9720,9715,8
2013-11-12 11:25:00,2013-11-12 11:26:00,9708,9712,9712,9707,9718,9720,9720,9715,11
2013-11-12 11:26:00,2013-11-12 11:27:00,9712,9707,9708,9707,9720,9715,9718,9715,11
2013-11-12 11:27:00,2013-11-12 11:28:00,9707,9708,9712,9707,9715,9718,9720,9715,5
2013-11-12 11:28:00,2013-11-12 11:31:00,9707,9702,9703,9702,9715,9710,9713,9710,11
2013-11-12 11:31:00,2013-11-12 11:35:00,9697,9697,9698,9692,9705,9705,9708,9700,9
2013-11-12 11:35:00,2013-11-12 11:37:00,9697,9702,9702,9697,9705,9710,9710,9705,8
2013-11-12 11:37:00,2013-11-12 11:39:00,9707,9702,9703,9698,9715,9710,9713,9708,6
2013-11-12 11:39:00,2013-11-12 11:40:00,9702,9697,9702,9697,9710,9705,9710,9705,10
2013-11-12 11:40:00,2013-11-12 11:41:00,9697,9697,9697,9692,9705,9705,9705,9700,6
2013-11-12 11:41:00,2013-11-12 11:42:00,9697,9692,9697,9692,9705,9700,9705,9700,7
2013-11-12 11:42:00,2013-11-12 11:43:00,9692,9702,9702,9692,9700,9710,9710,9700,10
2013-11-12 11:43:00,2013-11-12 11:44:00,9702,9697,9698,9692,9710,9705,9708,9700,10
2013-11-12 11:44:00,2013-11-12 11:51:00,9697,9702,9707,9702,9705,9710,9715,9710,4
2013-11-12 11:51:00,2013-11-12 11:52:00,9702,9697,9697,9692,9710,9705,9705,9700,4
2013-11-12 11:52:00,2013-11-12 11:53:00,9697,9692,9698,9692,9705,9700,9708,9700,3
2013-11-12 11:53:00,2013-11-12 11:57:00,9697,9698,9702,9697,9705,9708,9710,9705,11
2013-11-12 11:57:00,2013-11-12 11:58:00,9698,9693,9697,9692,9708,9703,9705,9700,4
2013-11-12 11:58:00,2013-11-12 11:59:00,9693,9698,9698,9692,9703,9708,9708,9700,4
2013-11-12 11:59:00,2013-11-12 12:00:00,9698,9697,9702,9697,9708,9705,9710,9705,8
2013-11-12 12:00:00,2013-11-12 12:01:00,9697,9697,9702,9697,9705,9705,9710,9705,8
2013-11-12 12:01:00,2013-11-12 12:02:00,9697,9702,9702,9697,9705,9710,9710,9705,6
2013-11-12 12:02:00,2013-11-12 12:03:00,9702,9702,9702,9697,9710,9710,9710,9705,9
2013-11-12 12:03:00,2013-11-12 12:04:00,9702,9697,9698,9697,9710,9705,9708,9705,5
2013-11-12 12:04:00,2013-11-12 12:09:00,9707,9702,9703,9698,9715,9710,9713,9708,4
2013-11-12 12:09:00,2013-11-12 12:11:00,9702,9703,9703,9702,9710,9713,9713,9710,3
2013-11-12 12:11:00,2013-11-12 12:12:00,9703,9702,9707,9702,9713,9710,9715,9710,3
2013-11-12 12:12:00,2013-11-12 12:13:00,9702,9707,9707,9703,9710,9715,9715,9713,10
2013-11-12 12:13:00,2013-11-12 12:15:00,9707,9707,9707,9702,9715,9715,9715,9710,5
2013-11-12 12:15:00,2013-11-12 12:16:00,9707,9702,9712,9702,9715,9710,9720,9710,22
2013-11-12 12:16:00,2013-11-12 12:17:00,9702,9702,9703,9702,9710,9710,9713,9710,6
2013-11-12 12:17:00,2013-11-12 12:19:00,9707,9712,9712,9707,9715,9720,9720,9715,11
2013-11-12 12:19:00,2013-11-12 12:20:00,9712,9717,9717,9712,9720,9725,9725,9720,6
2013-11-12 12:20:00,2013-11-12 12:21:00,9717,9712,9717,9712,9725,9720,9725,9720,11
2013-11-12 12:21:00,2013-11-12 12:22:00,9712,9712,9713,9712,9720,9720,9723,9720,6
2013-11-12 12:22:00,2013-11-12 12:23:00,9712,9717,9717,9712,9720,9725,9725,9720,16
2013-11-12 12:23:00,2013-11-12 12:27:00,9722,9722,9722,9717,9730,9730,9730,9725,8
2013-11-12 12:27:00,2013-11-12 12:28:00,9722,9717,9718,9717,9730,9725,9728,9725,2
2013-11-12 12:28:00,2013-11-12 12:30:00,9722,9722,9727,9722,9730,9730,9735,9730,13
2013-11-12 12:30:00,2013-11-12 12:31:00,9722,9717,9727,9717,9730,9725,9735,9725,6
2013-11-12 12:31:00,2013-11-12 12:33:00,9722,9712,9717,9712,9730,9720,9725,9720,5
2013-11-12 12:33:00,2013-11-12 12:34:00,9712,9712,9717,9712,9720,9720,9725,9720,4
2013-11-12 12:34:00,2013-11-12 12:36:00,9712,9712,9712,9707,9720,9720,9720,9715,3
2013-11-12 12:36:00,2013-11-12 12:47:00,9712,9718,9718,9717,9720,9728,9728,9725,2
2013-11-12 12:47:00,2013-11-12 12:48:00,9718,9717,9722,9717,9728,9725,9730,9725,18
2013-11-12 12:48:00,2013-11-12 12:52:00,9712,9707,9712,9707,9720,9715,9720,9715,18
2013-11-12 12:52:00,2013-11-12 12:54:00,9707,9707,9712,9707,9715,9715,9720,9715,5
2013-11-12 12:54:00,2013-11-12 12:55:00,9707,9707,9707,9703,9715,9715,9715,9713,4
2013-11-12 12:55:00,2013-11-12 12:56:00,9707,9712,9712,9708,9715,9720,9720,9718,3
2013-11-12 12:56:00,2013-11-12 12:57:00,9712,9712,9712,9707,9720,9720,9720,9715,7
2013-11-12 12:57:00,2013-11-12 13:00:00,9707,9707,9707,9703,9715,9715,9715,9713,2
2013-11-12 13:00:00,2013-11-12 13:03:00,9702,9702,9707,9702,9710,9710,9715,9710,7
2013-11-12 13:03:00,2013-11-12 13:11:00,9692,9687,9688,9687,9700,9695,9698,9695,3
2013-11-12 13:11:00,2013-11-12 13:18:00,9682,9682,9682,9672,9690,9690,9690,9680,8
2013-11-12 13:18:00,2013-11-12 13:20:00,9682,9682,9682,9677,9690,9690,9690,9685,10
2013-11-12 13:20:00,2013-11-12 13:22:00,9687,9683,9687,9682,9695,9693,9695,9690,8
2013-11-12 13:22:00,2013-11-12 13:23:00,9683,9682,9683,9682,9693,9690,9693,9690,3
2013-11-12 13:23:00,2013-11-12 13:36:00,9687,9692,9692,9687,9695,9700,9700,9695,7
2013-11-12 13:36:00,2013-11-12 13:37:00,9692,9692,9693,9692,9700,9700,9703,9700,2
2013-11-12 13:37:00,2013-11-12 13:38:00,9692,9682,9688,9682,9700,9690,9698,9690,6
2013-11-12 13:38:00,2013-11-12 13:39:00,9682,9682,9687,9682,9690,9690,9695,9690,5
2013-11-12 13:39:00,2013-11-12 13:43:00,9687,9687,9692,9687,9695,9695,9700,9695,16
2013-11-12 13:43:00,2013-11-12 13:46:00,9687,9692,9693,9688,9695,9700,9703,9698,5
2013-11-12 13:46:00,2013-11-12 13:49:00,9687,9692,9697,9692,9695,9700,9705,9700,5
2013-11-12 13:49:00,2013-11-12 13:50:00,9692,9697,9697,9692,9700,9705,9705,9700,5
2013-11-12 13:50:00,2013-11-12 13:54:00,9687,9692,9692,9687,9695,9700,9700,9695,8
2013-11-12 13:54:00,2013-11-12 14:01:00,9687,9687,9687,9682,9695,9695,9695,9690,8
2013-11-12 14:01:00,2013-11-12 14:18:00,9692,9702,9702,9697,9700,9710,9710,9705,19
2013-11-12 14:18:00,2013-11-12 14:22:00,9702,9697,9698,9697,9710,9705,9708,9705,2
2013-11-12 14:22:00,2013-11-12 14:23:00,9697,9692,9697,9692,9705,9700,9705,9700,6
2013-11-12 14:23:00,2013-11-12 14:24:00,9692,9692,9697,9692,9700,9700,9705,9700,9
2013-11-12 14:24:00,2013-11-12 14:30:00,9692,9697,9697,9693,9700,9705,9705,9703,3
2013-11-12 14:30:00,2013-11-12 14:34:00,9692,9702,9702,9692,9700,9710,9710,9700,16
2013-11-12 14:34:00,2013-11-12 14:37:00,9707,9702,9703,9702,9715,9710,9713,9710,3
2013-11-12 14:37:00,2013-11-12 14:38:00,9702,9702,9707,9702,9710,9710,9715,9710,6
2013-11-12 14:38:00,2013-11-12 14:43:00,9712,9712,9717,9712,9720,9720,9725,9720,11
2013-11-12 14:43:00,2013-11-12 14:45:00,9717,9712,9722,9712,9725,9720,9730,9720,6
2013-11-12 14:45:00,2013-11-12 14:48:00,9717,9717,9722,9717,9725,9725,9730,9725,11
2013-11-12 14:48:00,2013-11-12 14:49:00,9717,9717,9718,9717,9725,9725,9728,9725,2
2013-11-12 14:49:00,2013-11-12 14:51:00,9712,9717,9717,9712,9720,9725,9725,9720,8
2013-11-12 14:51:00,2013-11-12 14:53:00,9717,9717,9722,9717,9725,9725,9730,9725,6
2013-11-12 14:53:00,2013-11-12 14:55:00,9722,9717,9718,9717,9730,9725,9728,9725,4
2013-11-12 14:55:00,2013-11-12 14:56:00,9717,9717,9722,9717,9725,9725,9730,9725,8
2013-11-12 14:56:00,2013-11-12 14:57:00,9717,9717,9722,9717,9725,9725,9730,9725,4
2013-11-12 14:57:00,2013-11-12 14:58:00,9717,9722,9722,9718,9725,9730,9730,9728,3
2013-11-12 14:58:00,2013-11-12 15:00:00,9732,9737,9737,9737,9740,9745,9745,9745,1
2013-11-12 15:00:00,2013-11-12 15:01:00,9737,9717,9737,9717,9745,9725,9745,9725,9
2013-11-12 15:01:00,2013-11-12 15:02:00,9717,9722,9727,9717,9725,9730,9735,9725,15
2013-11-12 15:02:00,2013-11-12 15:05:00,9722,9722,9722,9717,9730,9730,9730,9725,10
2013-11-12 15:05:00,2013-11-12 15:13:00,9732,9722,9727,9722,9740,9730,9735,9730,3
2013-11-12 15:13:00,2013-11-12 15:15:00,9717,9712,9717,9707,9725,9720,9725,9715,6
2013-11-12 15:15:00,2013-11-12 15:16:00,9712,9722,9722,9713,9720,9730,9730,9723,5
2013-11-12 15:16:00,2013-11-12 15:17:00,9722,9727,9727,9722,9730,9735,9735,9730,6
2013-11-12 15:17:00,2013-11-12 15:29:00,9722,9722,9727,9722,9730,9730,9735,9730,7
2013-11-12 15:29:00,2013-11-12 15:30:00,9722,9723,9727,9722,9730,9733,9735,9730,11
2013-11-12 15:30:00,2013-11-12 15:31:00,9723,9717,9722,9717,9733,9725,9730,9725,2
2013-11-12 15:31:00,2013-11-12 15:36:00,9717,9722,9727,9717,9725,9730,9735,9725,10
2013-11-12 15:36:00,2013-11-12 15:40:00,9722,9722,9727,9722,9730,9730,9735,9730,10
2013-11-12 15:40:00,2013-11-12 15:41:00,9722,9723,9727,9723,9730,9733,9735,9733,10
2013-11-12 15:41:00,2013-11-12 15:42:00,9723,9728,9732,9727,9733,9738,9740,9735,5
2013-11-12 15:42:00,2013-11-12 15:43:00,9728,9732,9732,9727,9738,9740,9740,9735,9
2013-11-12 15:43:00,2013-11-12 15:44:00,9732,9727,9727,9722,9740,9735,9735,9730,4
2013-11-12 15:44:00,2013-11-12 15:45:00,9727,9722,9727,9722,9735,9730,9735,9730,13
2013-11-12 15:45:00,2013-11-12 15:46:00,9722,9727,9732,9727,9730,9735,9740,9735,11
2013-11-12 15:46:00,2013-11-12 15:47:00,9727,9722,9723,9722,9735,9730,9733,9730,4
2013-11-12 15:47:00,2013-11-12 15:48:00,9722,9722,9722,9712,9730,9730,9730,9720,9
2013-11-12 15:48:00,2013-11-12 15:50:00,9722,9717,9722,9717,9730,9725,9730,9725,10
2013-11-12 15:50:00,2013-11-12 15:53:00,9712,9702,9707,9702,9720,9710,9715,9710,2
2013-11-12 15:53:00,2013-11-12 15:55:00,9702,9712,9717,9703,9710,9720,9725,9713,7
2013-11-12 15:55:00,2013-11-12 15:58:00,9707,9697,9702,9697,9715,9705,9710,9705,2
2013-11-12 15:58:00,2013-11-12 16:02:00,9712,9707,9708,9707,9720,9715,9718,9715,2
2013-11-12 16:02:00,2013-11-12 16:03:00,9707,9697,9703,9697,9715,9705,9713,9705,6
2013-11-12 16:03:00,2013-11-12 16:04:00,9697,9707,9707,9702,9705,9715,9715,9710,3
2013-11-12 16:04:00,2013-11-12 16:06:00,9707,9712,9712,9712,9715,9720,9720,9720,1
2013-11-12 16:06:00,2013-11-12 16:07:00,9712,9707,9712,9707,9720,9715,9720,9715,12
2013-11-12 16:07:00,2013-11-12 16:09:00,9707,9707,9707,9702,9715,9715,9715,9710,4
2013-11-12 16:09:00,2013-11-12 16:10:00,9707,9717,9722,9712,9715,9725,9730,9720,13
2013-11-12 16:10:00,2013-11-12 16:11:00,9717,9717,9722,9717,9725,9725,9730,9725,2
2013-11-12 16:11:00,2013-11-12 16:14:00,9712,9718,9718,9712,9720,9728,9728,9720,8
2013-11-12 16:14:00,2013-11-12 16:15:00,9718,9723,9723,9717,9728,9733,9733,9725,10
2013-11-12 16:15:00,2013-11-12 16:16:00,9723,9722,9727,9717,9733,9730,9735,9725,18
2013-11-12 16:16:00,2013-11-12 16:17:00,9722,9717,9722,9717,9730,9725,9730,9725,6
2013-11-12 16:17:00,2013-11-12 16:18:00,9717,9717,9717,9712,9725,9725,9725,9720,7
2013-11-12 16:18:00,2013-11-12 16:19:00,9717,9717,9717,9712,9725,9725,9725,9720,22
2013-11-12 16:19:00,2013-11-12 16:21:00,9712,9712,9712,9707,9720,9720,9720,9715,12
2013-11-12 16:21:00,2013-11-12 16:29:00,9702,9708,9712,9707,9710,9718,9720,9715,12
2013-11-12 16:29:00,2013-11-13 08:01:00,9708,9672,9672,9662,9718,9680,9680,9670,6
2013-11-13 08:01:00,2013-11-13 08:02:00,9672,9667,9677,9667,9680,9675,9685,9675,8
2013-11-13 08:02:00,2013-11-13 08:03:00,9667,9668,9672,9667,9675,9678,9680,9675,11
2013-11-13 08:03:00,2013-11-13 08:04:00,9668,9657,9668,9657,9678,9665,9678,9665,12
2013-11-13 08:04:00,2013-11-13 08:05:00,9657,9662,9667,9652,9665,9670,9675,9660,6
2013-11-13 08:05:00,2013-11-13 08:06:00,9662,9677,9682,9663,9670,9685,9690,9673,18
2013-11-13 08:06:00,2013-11-13 08:07:00,9677,9687,9687,9682,9685,9695,9695,9690,7
2013-11-13 08:07:00,2013-11-13 08:09:00,9687,9682,9687,9682,9695,9690,9695,9690,18
2013-11-13 08:09:00,2013-11-13 08:10:00,9682,9687,9687,9683,9690,9695,9695,9693,4
2013-11-13 08:10:00,2013-11-13 08:11:00,9687,9697,9702,9692,9695,9705,9710,9700,6
2013-11-13 08:11:00,2013-11-13 08:12:00,9697,9702,9702,9697,9705,9710,9710,9705,7
2013-11-13 08:12:00,2013-11-13 08:25:00,9702,9722,9727,9722,9710,9730,9735,9730,11
2013-11-13 08:25:00,2013-11-13 08:26:00,9722,9727,9727,9722,9730,9735,9735,9730,44
2013-11-13 08:26:00,2013-11-13 08:27:00,9727,9722,9727,9722,9735,9730,9735,9730,11
2013-11-13 08:27:00,2013-11-13 08:29:00,9722,9722,9722,9717,9730,9730,9730,9725,6
2013-11-13 08:29:00,2013-11-13 08:30:00,9722,9727,9727,9723,9730,9735,9735,9733,2
2013-11-13 08:30:00,2013-11-13 08:31:00,9727,9722,9727,9722,9735,9730,9735,9730,21
2013-11-13 08:31:00,2013-11-13 08:32:00,9722,9717,9723,9712,9730,9725,9733,9720,26
2013-11-13 08:32:00,2013-11-13 08:33:00,9717,9703,9713,9702,9725,9713,9723,9710,48
2013-11-13 08:33:00,2013-11-13 08:34:00,9703,9702,9707,9702,9713,9710,9715,9710,25
2013-11-13 08:34:00,2013-11-13 08:35:00,9702,9707,9707,9697,9710,9715,9715,9705,12
2013-11-13 08:35:00,2013-11-13 08:36:00,9707,9712,9712,9702,9715,9720,9720,9710,19
2013-11-13 08:36:00,2013-11-13 08:37:00,9712,9712,9717,9707,9720,9720,9725,9715,18
2013-11-13 08:37:00,2013-11-13 08:39:00,9712,9702,9712,9702,9720,9710,9720,9710,29
2013-11-13 08:39:00,2013-11-13 08:40:00,9702,9697,9702,9697,9710,9705,9710,9705,17
2013-11-13 08:40:00,2013-11-13 08:43:00,9697,9692,9697,9692,9705,9700,9705,9700,32
2013-11-13 08:43:00,2013-11-13 08:46:00,9697,9707,9707,9697,9705,9715,9715,9705,10
2013-11-13 08:46:00,2013-11-13 08:47:00,9707,9707,9707,9702,9715,9715,9715,9710,8
2013-11-13 08:47:00,2013-11-13 08:48:00,9707,9697,9707,9697,9715,9705,9715,9705,21
2013-11-13 08:48:00,2013-11-13 08:49:00,9697,9692,9697,9692,9705,9700,9705,9700,13
2013-11-13 08:49:00,2013-11-13 08:51:00,9692,9702,9702,9697,9700,9710,9710,9705,3
2013-11-13 08:51:00,2013-11-13 08:52:00,9702,9692,9698,9692,9710,9700,9708,9700,4
2013-11-13 08:52:00,2013-11-13 08:53:00,9692,9682,9688,9682,9700,9690,9698,9690,16
2013-11-13 08:53:00,2013-11-13 08:54:00,9682,9682,9687,9682,9690,9690,9695,9690,43
2013-11-13 08:54:00,2013-11-13 08:56:00,9682,9682,9683,9682,9690,9690,9693,9690,6
2013-11-13 08:56:00,2013-11-13 08:57:00,9682,9682,9687,9682,9690,9690,9695,9690,82
2013-11-13 08:57:00,2013-11-13 08:58:00,9682,9682,9687,9682,9690,9690,9695,9690,29
2013-11-13 08:58:00,2013-11-13 09:00:00,9687,9677,9692,9677,9695,9685,9700,9685,42
2013-11-13 09:00:00,2013-11-13 09:01:00,9677,9672,9678,9672,9685,9680,9688,9680,12
2013-11-13 09:01:00,2013-11-13 09:03:00,9677,9677,9687,9677,9685,9685,9695,9685,16
2013-11-13 09:03:00,2013-11-13 09:04:00,9677,9678,9682,9677,9685,9688,9690,9685,26
2013-11-13 09:04:00,2013-11-13 09:05:00,9678,9672,9677,9667,9688,9680,9685,9675,7
2013-11-13 09:05:00,2013-11-13 09:07:00,9667,9672,9672,9668,9675,9680,9680,9678,2
2013-11-13 09:07:00,2013-11-13 09:09:00,9672,9668,9672,9667,9680,9678,9680,9675,11
2013-11-13 09:09:00,2013-11-13 09:10:00,9668,9662,9672,9662,9678,9670,9680,9670,5
2013-11-13 09:10:00,2013-11-13 09:11:00,9662,9657,9662,9657,9670,9665,9670,9665,31
2013-11-13 09:11:00,2013-11-13 09:12:00,9657,9667,9667,9657,9665,9675,9675,9665,18
2013-11-13 09:12:00,2013-11-13 09:13:00,9667,9662,9672,9662,9675,9670,9680,9670,8
2013-11-13 09:13:00,2013-11-13 09:15:00,9652,9657,9662,9652,9660,9665,9670,9660,28
2013-11-13 09:15:00,2013-11-13 09:16:00,9657,9672,9672,9658,9665,9680,9680,9668,7
2013-11-13 09:16:00,2013-11-13 09:17:00,9672,9672,9677,9667,9680,9680,9685,9675,26
2013-11-13 09:17:00,2013-11-13 09:20:00,9672,9677,9677,9673,9680,9685,9685,9683,6
2013-11-13 09:20:00,2013-11-13 09:23:00,9672,9672,9677,9672,9680,9680,9685,9680,28
2013-11-13 09:23:00,2013-11-13 09:25:00,9682,9682,9687,9682,9690,9690,9695,9690,27
2013-11-13 09:25:00,2013-11-13 09:26:00,9682,9677,9682,9677,9690,9685,9690,9685,38
2013-11-13 09:26:00,2013-11-13 09:27:00,9677,9677,9682,9677,9685,9685,9690,9685,24
2013-11-13 09:27:00,2013-11-13 09:28:00,9677,9682,9682,9678,9685,9690,9690,9688,6
2013-11-13 09:28:00,2013-11-13 09:29:00,9682,9687,9687,9682,9690,9695,9695,9690,31
2013-11-13 09:29:00,2013-11-13 09:30:00,9687,9682,9687,9682,9695,9690,9695,9690,8
2013-11-13 09:30:00,2013-11-13 09:31:00,9682,9677,9682,9677,9690,9685,9690,9685,40
2013-11-13 09:31:00,2013-11-13 09:32:00,9677,9687,9687,9682,9685,9695,9695,9690,3
2013-11-13 09:32:00,2013-11-13 09:33:00,9687,9682,9683,9682,9695,9690,9693,9690,4
2013-11-13 09:33:00,2013-11-13 09:34:00,9682,9677,9682,9677,9690,9685,9690,9685,15
2013-11-13 09:34:00,2013-11-13 09:36:00,9672,9672,9677,9667,9680,9680,9685,9675,12
2013-11-13 09:36:00,2013-11-13 09:37:00,9672,9672,9672,9667,9680,9680,9680,9675,14
2013-11-13 09:37:00,2013-11-13 09:38:00,9672,9667,9669,9667,9680,9675,9677,9675,2
2013-11-13 09:38:00,2013-11-13 09:42:00,9662,9662,9663,9662,9670,9670,9673,9670,2
2013-11-13 09:42:00,2013-11-13 09:48:00,9662,9657,9667,9657,9670,9665,9675,9665,21
2013-11-13 09:48:00,2013-11-13 09:49:00,9657,9652,9653,9647,9665,9660,9663,9655,6
2013-11-13 09:49:00,2013-11-13 09:50:00,9652,9652,9657,9647,9660,9660,9665,9655,25
2013-11-13 09:50:00,2013-11-13 09:51:00,9652,9657,9657,9652,9660,9665,9665,9660,8
2013-11-13 09:51:00,2013-11-13 09:52:00,9657,9657,9662,9652,9665,9665,9670,9660,21
2013-11-13 09:52:00,2013-11-13 09:53:00,9657,9657,9662,9657,9665,9665,9670,9665,2
2013-11-13 09:53:00,2013-11-13 09:54:00,9657,9667,9667,9657,9665,9675,9675,9665,15
2013-11-13 09:54:00,2013-11-13 09:55:00,9667,9667,9667,9662,9675,9675,9675,9670,22
2013-11-13 09:55:00,2013-11-13 09:56:00,9667,9672,9672,9667,9675,9680,9680,9675,9
2013-11-13 09:56:00,2013-11-13 09:59:00,9677,9667,9677,9667,9685,9675,9685,9675,10
2013-11-13 09:59:00,2013-11-13 10:00:00,9667,9672,9672,9662,9675,9680,9680,9670,12
2013-11-13 10:00:00,2013-11-13 10:01:00,9672,9672,9677,9667,9680,9680,9685,9675,19
2013-11-13 10:01:00,2013-11-13 10:02:00,9672,9677,9678,9672,9680,9685,9688,9680,19
2013-11-13 10:02:00,2013-11-13 10:03:00,9677,9682,9682,9677,9685,9690,9690,9685,29
2013-11-13 10:03:00,2013-11-13 10:04:00,9682,9682,9692,9678,9690,9690,9700,9688,48
2013-11-13 10:04:00,2013-11-13 10:06:00,9682,9682,9687,9682,9690,9690,9695,9690,23
2013-11-13 10:06:00,2013-11-13 10:07:00,9682,9672,9679,9672,9690,9680,9687,9680,4
2013-11-13 10:07:00,2013-11-13 10:08:00,9672,9682,9682,9672,9680,9690,9690,9680,17
2013-11-13 10:08:00,2013-11-13 10:09:00,9682,9682,9687,9677,9690,9690,9695,9685,25
2013-11-13 10:09:00,2013-11-13 10:10:00,9682,9682,9687,9682,9690,9690,9695,9690,18
2013-11-13 10:10:00,2013-11-13 10:12:00,9682,9677,9687,9677,9690,9685,9695,9685,18
2013-11-13 10:12:00,2013-11-13 10:13:00,9677,9672,9682,9672,9685,9680,9690,9680,26
2013-11-13 10:13:00,2013-11-13 10:14:00,9672,9677,9682,9672,9680,9685,9690,9680,23
2013-11-13 10:14:00,2013-11-13 10:15:00,9677,9677,9682,9677,9685,9685,9690,9685,12
2013-11-13 10:15:00,2013-11-13 10:17:00,9682,9682,9682,9677,9690,9690,9690,9685,12
2013-11-13 10:17:00,2013-11-13 10:20:00,9682,9687,9687,9683,9690,9695,9695,9693,14
2013-11-13 10:20:00,2013-11-13 10:22:00,9687,9677,9687,9677,9695,9685,9695,9685,15
2013-11-13 10:22:00,2013-11-13 10:23:00,9677,9668,9677,9667,9685,9678,9685,9675,23
2013-11-13 10:23:00,2013-11-13 10:24:00,9668,9672,9672,9667,9678,9680,9680,9675,7
2013-11-13 10:24:00,2013-11-13 10:26:00,9677,9672,9673,9672,9685,9680,9683,9680,6
2013-11-13 10:26:00,2013-11-13 10:27:00,9672,9677,9682,9673,9680,9685,9690,9683,8
2013-11-13 10:27:00,2013-11-13 10:28:00,9677,9672,9677,9672,9685,9680,9685,9680,5
2013-11-13 10:28:00,2013-11-13 10:30:00,9672,9672,9677,9667,9680,9680,9685,9675,13
2013-11-13 10:30:00,2013-11-13 10:31:00,9672,9677,9677,9673,9680,9685,9685,9683,5
2013-11-13 10:31:00,2013-11-13 10:32:00,9677,9672,9677,9667,9685,9680,9685,9675,18
2013-11-13 10:32:00,2013-11-13 10:33:00,9672,9663,9677,9662,9680,9673,9685,9670,43
2013-11-13 10:33:00,2013-11-13 10:34:00,9663,9672,9672,9662,9673,9680,9680,9670,18
2013-11-13 10:34:00,2013-11-13 10:35:00,9672,9667,9672,9667,9680,9675,9680,9675,18
2013-11-13 10:35:00,2013-11-13 10:37:00,9667,9672,9677,9662,9675,9680,9685,9670,16
2013-11-13 10:37:00,2013-11-13 10:38:00,9672,9672,9677,9672,9680,9680,9685,9680,13
2013-11-13 10:38:00,2013-11-13 10:41:00,9667,9667,9672,9662,9675,9675,9680,9670,6
2013-11-13 10:41:00,2013-11-13 10:43:00,9667,9672,9672,9667,9675,9680,9680,9675,16
2013-11-13 10:43:00,2013-11-13 10:44:00,9672,9667,9672,9662,9680,9675,9680,9670,21
2013-11-13 10:44:00,2013-11-13 10:45:00,9667,9667,9672,9667,9675,9675,9680,9675,28
2013-11-13 10:45:00,2013-11-13 10:46:00,9667,9672,9677,9667,9675,9680,9685,9675,23
2013-11-13 10:46:00,2013-11-13 10:47:00,9672,9672,9672,9667,9680,9680,9680,9675,3
2013-11-13 10:47:00,2013-11-13 10:48:00,9672,9667,9668,9667,9680,9675,9678,9675,2
2013-11-13 10:48:00,2013-11-13 10:50:00,9667,9672,9672,9662,9675,9680,9680,9670,18
2013-11-13 10:50:00,2013-11-13 10:52:00,9662,9658,9667,9657,9670,9668,9675,9665,8
2013-11-13 10:52:00,2013-11-13 10:53:00,9658,9652,9662,9652,9668,9660,9670,9660,25
2013-11-13 10:53:00,2013-11-13 10:54:00,9652,9657,9657,9652,9660,9665,9665,9660,10
2013-11-13 10:54:00,2013-11-13 10:55:00,9657,9652,9657,9652,9665,9660,9665,9660,22
2013-11-13 10:55:00,2013-11-13 10:56:00,9652,9662,9662,9652,9660,9670,9670,9660,14
2013-11-13 10:56:00,2013-11-13 10:57:00,9662,9667,9667,9662,9670,9675,9675,9670,8
2013-11-13 10:57:00,2013-11-13 10:58:00,9667,9657,9667,9657,9675,9665,9675,9665,12
2013-11-13 10:58:00,2013-11-13 11:00:00,9657,9657,9657,9652,9665,9665,9665,9660,5
2013-11-13 11:00:00,2013-11-13 11:03:00,9662,9652,9662,9652,9670,9660,9670,9660,9
2013-11-13 11:03:00,2013-11-13 11:04:00,9652,9647,9657,9647,9660,9655,9665,9655,10
2013-11-13 11:04:00,2013-11-13 11:05:00,9647,9652,9657,9647,9655,9660,9665,9655,35
2013-11-13 11:05:00,2013-11-13 11:06:00,9652,9662,9662,9647,9660,9670,9670,9655,14
2013-11-13 11:06:00,2013-11-13 11:07:00,9662,9652,9658,9652,9670,9660,9668,9660,9
2013-11-13 11:07:00,2013-11-13 11:08:00,9652,9652,9652,9647,9660,9660,9660,9655,19
2013-11-13 11:08:00,2013-11-13 11:09:00,9652,9652,9652,9647,9660,9660,9660,9655,10
2013-11-13 11:09:00,2013-11-13 11:10:00,9652,9657,9657,9652,9660,9665,9665,9660,33
2013-11-13 11:10:00,2013-11-13 11:11:00,9657,9652,9657,9652,9665,9660,9665,9660,18
2013-11-13 11:11:00,2013-11-13 11:13:00,9652,9652,9657,9652,9660,9660,9665,9660,6
2013-11-13 11:13:00,2013-11-13 11:14:00,9652,9657,9662,9653,9660,9665,9670,9663,39
2013-11-13 11:14:00,2013-11-13 11:15:00,9657,9662,9667,9657,9665,9670,9675,9665,17
2013-11-13 11:15:00,2013-11-13 11:19:00,9667,9667,9672,9667,9675,9675,9680,9675,11
2013-11-13 11:19:00,2013-11-13 11:20:00,9667,9672,9677,9667,9675,9680,9685,9675,15
2013-11-13 11:20:00,2013-11-13 11:21:00,9672,9663,9672,9662,9680,9673,9680,9670,14
2013-11-13 11:21:00,2013-11-13 11:22:00,9663,9668,9672,9662,9673,9678,9680,9670,6
2013-11-13 11:22:00,2013-11-13 11:23:00,9668,9662,9667,9662,9678,9670,9675,9670,7
2013-11-13 11:23:00,2013-11-13 11:24:00,9662,9667,9672,9663,9670,9675,9680,9673,6
2013-11-13 11:24:00,2013-11-13 11:25:00,9667,9667,9672,9667,9675,9675,9680,9675,24
2013-11-13 11:25:00,2013-11-13 11:26:00,9667,9672,9672,9667,9675,9680,9680,9675,12
2013-11-13 11:26:00,2013-11-13 11:27:00,9672,9662,9668,9662,9680,9670,9678,9670,4
2013-11-13 11:27:00,2013-11-13 11:28:00,9662,9667,9672,9663,9670,9675,9680,9673,12
2013-11-13 11:28:00,2013-11-13 11:29:00,9667,9667,9667,9662,9675,9675,9675,9670,16
2013-11-13 11:29:00,2013-11-13 11:30:00,9667,9662,9663,9662,9675,9670,9673,9670,2
2013-11-13 11:30:00,2013-11-13 11:34:00,9662,9657,9658,9657,9670,9665,9668,9665,6
2013-11-13 11:34:00,2013-11-13 11:35:00,9657,9662,9662,9657,9665,9670,9670,9665,9
2013-11-13 11:35:00,2013-11-13 11:37:00,9667,9667,9672,9667,9675,9675,9680,9675,8
2013-11-13 11:37:00,2013-11-13 11:38:00,9667,9662,9667,9662,9675,9670,9675,9670,10
2013-11-13 11:38:00,2013-11-13 11:39:00,9662,9662,9667,9662,9670,9670,9675,9670,9
2013-11-13 11:39:00,2013-11-13 11:40:00,9662,9657,9662,9657,9670,9665,9670,9665,18
2013-11-13 11:40:00,2013-11-13 11:43:00,9657,9662,9662,9652,9665,9670,9670,9660,10
2013-11-13 11:43:00,2013-11-13 11:47:00,9662,9662,9662,9657,9670,9670,9670,9665,8
2013-11-13 11:47:00,2013-11-13 11:49:00,9657,9657,9662,9657,9665,9665,9670,9665,5
2013-11-13 11:49:00,2013-11-13 11:51:00,9657,9657,9657,9652,9665,9665,9665,9660,17
2013-11-13 11:51:00,2013-11-13 11:52:00,9657,9657,9657,9652,9665,9665,9665,9660,10
2013-11-13 11:52:00,2013-11-13 11:54:00,9662,9657,9658,9652,9670,9665,9668,9660,9
2013-11-13 11:54:00,2013-11-13 11:57:00,9657,9652,9657,9652,9665,9660,9665,9660,13
2013-11-13 11:57:00,2013-11-13 11:58:00,9652,9657,9657,9652,9660,9665,9665,9660,27
2013-11-13 11:58:00,2013-11-13 11:59:00,9657,9657,9662,9657,9665,9665,9670,9665,19
2013-11-13 11:59:00,2013-11-13 12:01:00,9662,9657,9658,9657,9670,9665,9668,9665,2
2013-11-13 12:01:00,2013-11-13 12:04:00,9657,9657,9657,9652,9665,9665,9665,9660,8
2013-11-13 12:04:00,2013-11-13 12:06:00,9657,9657,9662,9652,9665,9665,9670,9660,10
2013-11-13 12:06:00,2013-11-13 12:07:00,9657,9653,9653,9652,9665,9663,9663,9660,3
2013-11-13 12:07:00,2013-11-13 12:08:00,9653,9652,9657,9652,9663,9660,9665,9660,19
2013-11-13 12:08:00,2013-11-13 12:10:00,9652,9657,9657,9653,9660,9665,9665,9663,5
2013-11-13 12:10:00,2013-11-13 12:13:00,9657,9662,9662,9662,9665,9670,9670,9670,1
2013-11-13 12:13:00,2013-11-13 12:14:00,9662,9662,9662,9658,9670,9670,9670,9668,2
2013-11-13 12:14:00,2013-11-13 12:15:00,9662,9652,9659,9652,9670,9660,9667,9660,16
2013-11-13 12:15:00,2013-11-13 12:16:00,9652,9657,9657,9653,9660,9665,9665,9663,2
2013-11-13 12:16:00,2013-11-13 12:18:00,9657,9652,9662,9652,9665,9660,9670,9660,9
2013-11-13 12:18:00,2013-11-13 12:19:00,9652,9657,9657,9653,9660,9665,9665,9663,4
2013-11-13 12:19:00,2013-11-13 12:20:00,9657,9657,9662,9657,9665,9665,9670,9665,8
2013-11-13 12:20:00,2013-11-13 12:22:00,9662,9657,9658,9657,9670,9665,9668,9665,4
2013-11-13 12:22:00,2013-11-13 12:23:00,9657,9662,9662,9658,9665,9670,9670,9668,4
2013-11-13 12:23:00,2013-11-13 12:24:00,9662,9662,9667,9652,9670,9670,9675,9660,24
2013-11-13 12:24:00,2013-11-13 12:25:00,9662,9657,9658,9653,9670,9665,9668,9663,6
2013-11-13 12:25:00,2013-11-13 12:26:00,9657,9657,9657,9652,9665,9665,9665,9660,4
2013-11-13 12:26:00,2013-11-13 12:27:00,9657,9657,9662,9657,9665,9665,9670,9665,10
2013-11-13 12:27:00,2013-11-13 12:28:00,9657,9657,9658,9657,9665,9665,9668,9665,8
2013-11-13 12:28:00,2013-11-13 12:29:00,9657,9657,9662,9652,9665,9665,9670,9660,19
2013-11-13 12:29:00,2013-11-13 12:30:00,9657,9652,9657,9647,9665,9660,9665,9655,44
2013-11-13 12:30:00,2013-11-13 12:31:00,9652,9652,9652,9647,9660,9660,9660,9655,15
2013-11-13 12:31:00,2013-11-13 12:32:00,9652,9647,9652,9647,9660,9655,9660,9655,13
2013-11-13 12:32:00,2013-11-13 12:33:00,9647,9637,9643,9632,9655,9645,9653,9640,48
2013-11-13 12:33:00,2013-11-13 12:34:00,9637,9637,9637,9632,9645,9645,9645,9640,44
2013-11-13 12:34:00,2013-11-13 12:36:00,9637,9637,9642,9637,9645,9645,9650,9645,19
2013-11-13 12:36:00,2013-11-13 12:37:00,9637,9637,9642,9637,9645,9645,9650,9645,29
2013-11-13 12:37:00,2013-11-13 12:38:00,9637,9632,9642,9632,9645,9640,9650,9640,27
2013-11-13 12:38:00,2013-11-13 12:39:00,9632,9637,9637,9632,9640,9645,9645,9640,5
2013-11-13 12:39:00,2013-11-13 12:40:00,9637,9637,9637,9632,9645,9645,9645,9640,25
2013-11-13 12:40:00,2013-11-13 12:42:00,9632,9632,9637,9627,9640,9640,9645,9635,36
2013-11-13 12:42:00,2013-11-13 12:43:00,9632,9627,9629,9622,9640,9635,9637,9630,6
2013-11-13 12:43:00,2013-11-13 12:44:00,9627,9622,9632,9617,9635,9630,9640,9625,45
2013-11-13 12:44:00,2013-11-13 12:45:00,9622,9627,9628,9617,9630,9635,9638,9625,7
2013-11-13 12:45:00,2013-11-13 12:46:00,9627,9627,9632,9622,9635,9635,9640,9630,16
2013-11-13 12:46:00,2013-11-13 12:47:00,9627,9622,9627,9622,9635,9630,9635,9630,11
2013-11-13 12:47:00,2013-11-13 12:49:00,9627,9632,9632,9622,9635,9640,9640,9630,18
2013-11-13 12:49:00,2013-11-13 12:51:00,9632,9627,9632,9627,9640,9635,9640,9635,10
2013-11-13 12:51:00,2013-11-13 12:52:00,9627,9622,9627,9622,9635,9630,9635,9630,9
2013-11-13 12:52:00,2013-11-13 12:53:00,9622,9627,9627,9623,9630,9635,9635,9633,4
2013-11-13 12:53:00,2013-11-13 12:54:00,9627,9627,9632,9627,9635,9635,9640,9635,22
2013-11-13 12:54:00,2013-11-13 12:55:00,9627,9627,9632,9627,9635,9635,9640,9635,10
2013-11-13 12:55:00,2013-11-13 12:57:00,9632,9632,9632,9627,9640,9640,9640,9635,24
2013-11-13 12:57:00,2013-11-13 12:58:00,9632,9628,9628,9628,9640,9638,9638,9638,1
2013-11-13 12:58:00,2013-11-13 12:59:00,9628,9632,9632,9627,9638,9640,9640,9635,5
2013-11-13 12:59:00,2013-11-13 13:00:00,9632,9632,9632,9627,9640,9640,9640,9635,6
2013-11-13 13:00:00,2013-11-13 13:01:00,9632,9627,9632,9627,9640,9635,9640,9635,9
2013-11-13 13:01:00,2013-11-13 13:02:00,9627,9632,9632,9627,9635,9640,9640,9635,15
2013-11-13 13:02:00,2013-11-13 13:03:00,9632,9632,9632,9627,9640,9640,9640,9635,28
2013-11-13 13:03:00,2013-11-13 13:04:00,9632,9627,9628,9627,9640,9635,9638,9635,4
2013-11-13 13:04:00,2013-11-13 13:05:00,9627,9632,9632,9622,9635,9640,9640,9630,11
2013-11-13 13:05:00,2013-11-13 13:06:00,9632,9622,9628,9612,9640,9630,9638,9620,39
2013-11-13 13:06:00,2013-11-13 13:07:00,9622,9622,9622,9618,9630,9630,9630,9628,8
2013-11-13 13:07:00,2013-11-13 13:09:00,9622,9617,9622,9612,9630,9625,9630,9620,12
2013-11-13 13:09:00,2013-11-13 13:10:00,9617,9622,9622,9612,9625,9630,9630,9620,39
2013-11-13 13:10:00,2013-11-13 13:11:00,9622,9617,9618,9612,9630,9625,9628,9620,16
2013-11-13 13:11:00,2013-11-13 13:12:00,9617,9617,9622,9612,9625,9625,9630,9620,29
2013-11-13 13:12:00,2013-11-13 13:13:00,9617,9617,9622,9612,9625,9625,9630,9620,42
2013-11-13 13:13:00,2013-11-13 13:14:00,9617,9617,9617,9612,9625,9625,9625,9620,6
2013-11-13 13:14:00,2013-11-13 13:15:00,9617,9612,9617,9612,9625,9620,9625,9620,13
2013-11-13 13:15:00,2013-11-13 13:16:00,9612,9612,9617,9612,9620,9620,9625,9620,13
2013-11-13 13:16:00,2013-11-13 13:17:00,9612,9618,9622,9613,9620,9628,9630,9623,14
2013-11-13 13:17:00,2013-11-13 13:18:00,9618,9627,9627,9617,9628,9635,9635,9625,9
2013-11-13 13:18:00,2013-11-13 13:19:00,9627,9637,9637,9622,9635,9645,9645,9630,36
2013-11-13 13:19:00,2013-11-13 13:20:00,9637,9632,9637,9627,9645,9640,9645,9635,20
2013-11-13 13:20:00,2013-11-13 13:23:00,9632,9627,9632,9627,9640,9635,9640,9635,14
2013-11-13 13:23:00,2013-11-13 13:24:00,9627,9632,9632,9627,9635,9640,9640,9635,14
2013-11-13 13:24:00,2013-11-13 13:25:00,9632,9627,9632,9627,9640,9635,9640,9635,48
2013-11-13 13:25:00,2013-11-13 13:26:00,9627,9627,9627,9623,9635,9635,9635,9633,26
2013-11-13 13:26:00,2013-11-13 13:27:00,9627,9627,9627,9623,9635,9635,9635,9633,4
2013-11-13 13:27:00,2013-11-13 13:30:00,9627,9623,9627,9623,9635,9633,9635,9633,21
2013-11-13 13:30:00,2013-11-13 13:31:00,9623,9617,9623,9617,9633,9625,9633,9625,47
2013-11-13 13:31:00,2013-11-13 13:32:00,9617,9617,9618,9617,9625,9625,9628,9625,6
2013-11-13 13:32:00,2013-11-13 13:34:00,9617,9622,9627,9617,9625,9630,9635,9625,8
2013-11-13 13:34:00,2013-11-13 13:36:00,9617,9622,9622,9618,9625,9630,9630,9628,6
2013-11-13 13:36:00,2013-11-13 13:37:00,9622,9617,9622,9617,9630,9625,9630,9625,6
2013-11-13 13:37:00,2013-11-13 13:39:00,9617,9622,9622,9617,9625,9630,9630,9625,15
2013-11-13 13:39:00,2013-11-13 13:40:00,9622,9627,9632,9622,9630,9635,9640,9630,20
2013-11-13 13:40:00,2013-11-13 13:41:00,9627,9622,9627,9622,9635,9630,9635,9630,32
2013-11-13 13:41:00,2013-11-13 13:42:00,9622,9627,9627,9623,9630,9635,9635,9633,16
2013-11-13 13:42:00,2013-11-13 13:43:00,9627,9627,9627,9622,9635,9635,9635,9630,10
2013-11-13 13:43:00,2013-11-13 13:44:00,9627,9622,9627,9622,9635,9630,9635,9630,4
2013-11-13 13:44:00,2013-11-13 13:46:00,9622,9617,9618,9617,9630,9625,9628,9625,7
2013-11-13 13:46:00,2013-11-13 13:48:00,9617,9612,9617,9607,9625,9620,9625,9615,15
2013-11-13 13:48:00,2013-11-13 13:49:00,9612,9612,9612,9607,9620,9620,9620,9615,20
2013-11-13 13:49:00,2013-11-13 13:50:00,9612,9617,9617,9607,9620,9625,9625,9615,37
2013-11-13 13:50:00,2013-11-13 13:51:00,9617,9612,9613,9612,9625,9620,9623,9620,2
2013-11-13 13:51:00,2013-11-13 13:52:00,9612,9617,9617,9612,9620,9625,9625,9620,26
2013-11-13 13:52:00,2013-11-13 13:54:00,9617,9612,9617,9612,9625,9620,9625,9620,37
2013-11-13 13:54:00,2013-11-13 13:55:00,9612,9612,9613,9612,9620,9620,9623,9620,4
2013-11-13 13:55:00,2013-11-13 13:56:00,9612,9607,9612,9607,9620,9615,9620,9615,9
2013-11-13 13:56:00,2013-11-13 13:58:00,9607,9612,9612,9608,9615,9620,9620,9618,2
2013-11-13 13:58:00,2013-11-13 13:59:00,9612,9612,9612,9607,9620,9620,9620,9615,8
2013-11-13 13:59:00,2013-11-13 14:00:00,9612,9607,9612,9607,9620,9615,9620,9615,31
2013-11-13 14:00:00,2013-11-13 14:01:00,9607,9607,9608,9607,9615,9615,9618,9615,6
2013-11-13 14:01:00,2013-11-13 14:03:00,9607,9612,9617,9607,9615,9620,9625,9615,16
2013-11-13 14:03:00,2013-11-13 14:04:00,9612,9622,9622,9612,9620,9630,9630,9620,12
2013-11-13 14:04:00,2013-11-13 14:07:00,9622,9627,9627,9617,9630,9635,9635,9625,26
2013-11-13 14:07:00,2013-11-13 14:09:00,9627,9627,9632,9627,9635,9635,9640,9635,13
2013-11-13 14:09:00,2013-11-13 14:12:00,9627,9636,9636,9631,9635,9644,9644,9639,8
2013-11-13 14:12:00,2013-11-13 14:13:00,9636,9643,9648,9639,9644,9651,9656,9647,48
2013-11-13 14:13:00,2013-11-13 14:14:00,9643,9647,9648,9642,9651,9655,9656,9650,20
2013-11-13 14:14:00,2013-11-13 14:15:00,9647,9638,9643,9637,9655,9648,9653,9645,17
2013-11-13 14:15:00,2013-11-13 14:16:00,9638,9642,9642,9637,9648,9650,9650,9645,11
2013-11-13 14:16:00,2013-11-13 14:17:00,9642,9642,9642,9638,9650,9650,9650,9648,6
2013-11-13 14:17:00,2013-11-13 14:18:00,9642,9642,9647,9637,9650,9650,9655,9645,31
2013-11-13 14:18:00,2013-11-13 14:19:00,9642,9637,9642,9637,9650,9645,9650,9645,11
2013-11-13 14:19:00,2013-11-13 14:20:00,9637,9637,9642,9637,9645,9645,9650,9645,38
2013-11-13 14:20:00,2013-11-13 14:21:00,9637,9632,9634,9632,9645,9640,9642,9640,2
2013-11-13 14:21:00,2013-11-13 14:22:00,9632,9627,9628,9627,9640,9635,9638,9635,2
2013-11-13 14:22:00,2013-11-13 14:23:00,9627,9627,9627,9622,9635,9635,9635,9630,35
2013-11-13 14:23:00,2013-11-13 14:25:00,9627,9622,9623,9622,9635,9630,9633,9630,6
2013-11-13 14:25:00,2013-11-13 14:27:00,9617,9622,9622,9617,9625,9630,9630,9625,6
2013-11-13 14:27:00,2013-11-13 14:28:00,9622,9617,9622,9617,9630,9625,9630,9625,10
2013-11-13 14:28:00,2013-11-13 14:29:00,9617,9627,9627,9617,9625,9635,9635,9625,16
2013-11-13 14:29:00,2013-11-13 14:30:00,9627,9637,9637,9627,9635,9645,9645,9635,23
2013-11-13 14:30:00,2013-11-13 14:31:00,9637,9642,9642,9632,9645,9650,9650,9640,25
2013-11-13 14:31:00,2013-11-13 14:32:00,9642,9647,9647,9637,9650,9655,9655,9645,7
2013-11-13 14:32:00,2013-11-13 14:33:00,9647,9637,9652,9637,9655,9645,9660,9645,19
2013-11-13 14:33:00,2013-11-13 14:34:00,9637,9647,9647,9638,9645,9655,9655,9648,6
2013-11-13 14:34:00,2013-11-13 14:35:00,9647,9642,9647,9642,9655,9650,9655,9650,20
2013-11-13 14:35:00,2013-11-13 14:36:00,9642,9642,9642,9637,9650,9650,9650,9645,20
2013-11-13 14:36:00,2013-11-13 14:37:00,9642,9647,9647,9642,9650,9655,9655,9650,29
2013-11-13 14:37:00,2013-11-13 14:38:00,9647,9647,9648,9642,9655,9655,9658,9650,24
2013-11-13 14:38:00,2013-11-13 14:39:00,9647,9642,9652,9642,9655,9650,9660,9650,11
2013-11-13 14:39:00,2013-11-13 14:40:00,9642,9642,9643,9637,9650,9650,9653,9645,17
2013-11-13 14:40:00,2013-11-13 14:41:00,9642,9652,9652,9637,9650,9660,9660,9645,13
2013-11-13 14:41:00,2013-11-13 14:42:00,9652,9662,9662,9653,9660,9670,9670,9663,8
2013-11-13 14:42:00,2013-11-13 14:43:00,9662,9652,9658,9652,9670,9660,9668,9660,4
2013-11-13 14:43:00,2013-11-13 14:44:00,9652,9652,9657,9652,9660,9660,9665,9660,14
2013-11-13 14:44:00,2013-11-13 14:45:00,9652,9667,9667,9652,9660,9675,9675,9660,17
2013-11-13 14:45:00,2013-11-13 14:46:00,9667,9677,9677,9668,9675,9685,9685,9678,4
2013-11-13 14:46:00,2013-11-13 14:47:00,9677,9672,9682,9672,9685,9680,9690,9680,30
2013-11-13 14:47:00,2013-11-13 14:48:00,9672,9677,9677,9672,9680,9685,9685,9680,22
2013-11-13 14:48:00,2013-11-13 14:49:00,9677,9682,9682,9677,9685,9690,9690,9685,24
2013-11-13 14:49:00,2013-11-13 14:50:00,9682,9682,9682,9678,9690,9690,9690,9688,10
2013-11-13 14:50:00,2013-11-13 14:51:00,9682,9677,9679,9672,9690,9685,9687,9680,12
2013-11-13 14:51:00,2013-11-13 14:52:00,9677,9667,9677,9667,9685,9675,9685,9675,11
2013-11-13 14:52:00,2013-11-13 14:53:00,9667,9662,9663,9657,9675,9670,9673,9665,16
2013-11-13 14:53:00,2013-11-13 14:54:00,9662,9667,9667,9663,9670,9675,9675,9673,2
2013-11-13 14:54:00,2013-11-13 14:55:00,9667,9667,9672,9667,9675,9675,9680,9675,36
2013-11-13 14:55:00,2013-11-13 14:56:00,9667,9662,9668,9662,9675,9670,9678,9670,6
2013-11-13 14:56:00,2013-11-13 15:01:00,9682,9672,9682,9672,9690,9680,9690,9680,22
2013-11-13 15:01:00,2013-11-13 15:02:00,9672,9672,9672,9667,9680,9680,9680,9675,17
2013-11-13 15:02:00,2013-11-13 15:03:00,9672,9677,9677,9672,9680,9685,9685,9680,4
2013-11-13 15:03:00,2013-11-13 15:06:00,9677,9667,9677,9667,9685,9675,9685,9675,20
2013-11-13 15:06:00,2013-11-13 15:07:00,9667,9657,9663,9657,9675,9665,9673,9665,8
2013-11-13 15:07:00,2013-11-13 15:08:00,9657,9652,9653,9652,9665,9660,9663,9660,8
2013-11-13 15:08:00,2013-11-13 15:09:00,9652,9657,9662,9648,9660,9665,9670,9658,24
2013-11-13 15:09:00,2013-11-13 15:11:00,9662,9662,9662,9657,9670,9670,9670,9665,6
2013-11-13 15:11:00,2013-11-13 15:12:00,9662,9667,9672,9667,9670,9675,9680,9675,4
2013-11-13 15:12:00,2013-11-13 15:13:00,9667,9672,9672,9667,9675,9680,9680,9675,26
2013-11-13 15:13:00,2013-11-13 15:14:00,9672,9673,9677,9672,9680,9683,9685,9680,24
2013-11-13 15:14:00,2013-11-13 15:15:00,9673,9672,9677,9672,9683,9680,9685,9680,69
2013-11-13 15:15:00,2013-11-13 15:16:00,9672,9677,9677,9672,9680,9685,9685,9680,37
2013-11-13 15:16:00,2013-11-13 15:17:00,9677,9672,9677,9672,9685,9680,9685,9680,36
2013-11-13 15:17:00,2013-11-13 15:20:00,9677,9677,9677,9672,9685,9685,9685,9680,4
2013-11-13 15:20:00,2013-11-13 15:21:00,9677,9677,9677,9672,9685,9685,9685,9680,25
2013-11-13 15:21:00,2013-11-13 15:23:00,9667,9672,9672,9667,9675,9680,9680,9675,6
2013-11-13 15:23:00,2013-11-13 15:25:00,9672,9677,9677,9672,9680,9685,9685,9680,21
2013-11-13 15:25:00,2013-11-13 15:27:00,9677,9682,9682,9677,9685,9690,9690,9685,37
2013-11-13 15:27:00,2013-11-13 15:29:00,9682,9677,9679,9672,9690,9685,9687,9680,23
2013-11-13 15:29:00,2013-11-13 15:30:00,9677,9682,9682,9677,9685,9690,9690,9685,55
2013-11-13 15:30:00,2013-11-13 15:31:00,9682,9677,9682,9673,9690,9685,9690,9683,7
2013-11-13 15:31:00,2013-11-13 15:32:00,9677,9682,9682,9678,9685,9690,9690,9688,2
2013-11-13 15:32:00,2013-11-13 15:34:00,9677,9677,9682,9677,9685,9685,9690,9685,9
2013-11-13 15:34:00,2013-11-13 15:35:00,9677,9682,9682,9677,9685,9690,9690,9685,16
2013-11-13 15:35:00,2013-11-13 15:36:00,9682,9683,9687,9682,9690,9693,9695,9690,29
2013-11-13 15:36:00,2013-11-13 15:37:00,9683,9687,9687,9682,9693,9695,9695,9690,45
2013-11-13 15:37:00,2013-11-13 15:38:00,9687,9687,9687,9682,9695,9695,9695,9690,18
2013-11-13 15:38:00,2013-11-13 15:41:00,9687,9682,9687,9677,9695,9690,9695,9685,24
2013-11-13 15:41:00,2013-11-13 15:42:00,9682,9692,9692,9677,9690,9700,9700,9685,10
2013-11-13 15:42:00,2013-11-13 15:43:00,9692,9688,9692,9687,9700,9698,9700,9695,11
2013-11-13 15:43:00,2013-11-13 15:44:00,9688,9692,9692,9687,9698,9700,9700,9695,33
2013-11-13 15:44:00,2013-11-13 15:45:00,9692,9692,9697,9692,9700,9700,9705,9700,25
2013-11-13 15:45:00,2013-11-13 15:51:00,9697,9702,9702,9698,9705,9710,9710,9708,2
2013-11-13 15:51:00,2013-11-13 15:52:00,9702,9707,9707,9703,9710,9715,9715,9713,4
2013-11-13 15:52:00,2013-11-13 15:53:00,9707,9702,9703,9702,9715,9710,9713,9710,2
2013-11-13 15:53:00,2013-11-13 15:54:00,9702,9692,9698,9692,9710,9700,9708,9700,10
2013-11-13 15:54:00,2013-11-13 15:55:00,9692,9687,9692,9687,9700,9695,9700,9695,26
2013-11-13 15:55:00,2013-11-13 15:56:00,9687,9692,9692,9687,9695,9700,9700,9695,35
2013-11-13 15:56:00,2013-11-13 15:57:00,9692,9697,9702,9687,9700,9705,9710,9695,16
2013-11-13 15:57:00,2013-11-13 15:58:00,9697,9707,9707,9702,9705,9715,9715,9710,17
2013-11-13 15:58:00,2013-11-13 15:59:00,9707,9697,9707,9697,9715,9705,9715,9705,20
2013-11-13 15:59:00,2013-11-13 16:00:00,9697,9697,9698,9697,9705,9705,9708,9705,2
2013-11-13 16:00:00,2013-11-13 16:01:00,9697,9687,9697,9687,9705,9695,9705,9695,17
2013-11-13 16:01:00,2013-11-13 16:02:00,9687,9682,9687,9682,9695,9690,9695,9690,43
2013-11-13 16:02:00,2013-11-13 16:04:00,9677,9687,9687,9677,9685,9695,9695,9685,43
2013-11-13 16:04:00,2013-11-13 16:05:00,9687,9677,9687,9677,9695,9685,9695,9685,12
2013-11-13 16:05:00,2013-11-13 16:06:00,9677,9672,9677,9672,9685,9680,9685,9680,20
2013-11-13 16:06:00,2013-11-13 16:07:00,9672,9667,9669,9667,9680,9675,9678,9675,4
2013-11-13 16:07:00,2013-11-13 16:08:00,9667,9667,9668,9667,9675,9675,9678,9675,8
2013-11-13 16:08:00,2013-11-13 16:10:00,9667,9662,9663,9662,9675,9670,9673,9670,3
2013-11-13 16:10:00,2013-11-13 16:12:00,9662,9657,9659,9657,9670,9665,9667,9665,2
2013-11-13 16:12:00,2013-11-13 16:13:00,9657,9657,9658,9652,9665,9665,9668,9660,17
2013-11-13 16:13:00,2013-11-13 16:14:00,9657,9662,9662,9657,9665,9670,9670,9665,41
2013-11-13 16:14:00,2013-11-13 16:15:00,9662,9667,9667,9663,9670,9675,9675,9673,6
2013-11-13 16:15:00,2013-11-13 16:18:00,9667,9657,9662,9657,9675,9665,9670,9665,3
2013-11-13 16:18:00,2013-11-13 16:19:00,9657,9662,9662,9658,9665,9670,9670,9668,2
2013-11-13 16:19:00,2013-11-13 16:20:00,9662,9672,9672,9663,9670,9680,9680,9673,3
2013-11-13 16:20:00,2013-11-13 16:24:00,9677,9668,9673,9667,9685,9678,9683,9675,41
2013-11-13 16:24:00,2013-11-13 16:25:00,9668,9672,9672,9668,9678,9680,9680,9678,3
2013-11-13 16:25:00,2013-11-13 16:29:00,9667,9668,9672,9668,9675,9678,9680,9678,2
2013-11-13 16:29:00,2013-11-14 08:00:00,9668,9762,9762,9762,9678,9770,9770,9770,1
2013-11-14 08:00:00,2013-11-14 08:01:00,9762,9757,9767,9757,9770,9765,9775,9765,12
2013-11-14 08:01:00,2013-11-14 08:03:00,9752,9752,9757,9752,9760,9760,9765,9760,9
2013-11-14 08:03:00,2013-11-14 08:05:00,9752,9727,9747,9727,9760,9735,9755,9735,10
2013-11-14 08:05:00,2013-11-14 08:06:00,9727,9727,9727,9722,9735,9735,9735,9730,7
2013-11-14 08:06:00,2013-11-14 08:07:00,9727,9737,9737,9727,9735,9745,9745,9735,6
2013-11-14 08:07:00,2013-11-14 08:08:00,9737,9742,9742,9737,9745,9750,9750,9745,10
2013-11-14 08:08:00,2013-11-14 08:10:00,9737,9737,9742,9737,9745,9745,9750,9745,6
2013-11-14 08:10:00,2013-11-14 08:11:00,9737,9737,9737,9727,9745,9745,9745,9735,15
2013-11-14 08:11:00,2013-11-14 08:12:00,9737,9717,9732,9717,9745,9725,9740,9725,16
2013-11-14 08:12:00,2013-11-14 08:13:00,9717,9732,9737,9717,9725,9740,9745,9725,25
2013-11-14 08:13:00,2013-11-14 08:14:00,9732,9747,9752,9737,9740,9755,9760,9745,13
2013-11-14 08:14:00,2013-11-14 08:15:00,9747,9747,9747,9742,9755,9755,9755,9750,6
2013-11-14 08:15:00,2013-11-14 08:16:00,9747,9737,9743,9737,9755,9745,9753,9745,5
2013-11-14 08:16:00,2013-11-14 08:17:00,9737,9747,9747,9737,9745,9755,9755,9745,6
2013-11-14 08:17:00,2013-11-14 08:18:00,9747,9742,9747,9742,9755,9750,9755,9750,15
2013-11-14 08:18:00,2013-11-14 08:19:00,9742,9752,9752,9742,9750,9760,9760,9750,9
2013-11-14 08:19:00,2013-11-14 08:20:00,9752,9757,9762,9753,9760,9765,9770,9763,10
2013-11-14 08:20:00,2013-11-14 08:22:00,9757,9757,9762,9752,9765,9765,9770,9760,6
2013-11-14 08:22:00,2013-11-14 08:24:00,9762,9782,9782,9767,9770,9790,9790,9775,5
2013-11-14 08:24:00,2013-11-14 08:25:00,9782,9768,9782,9767,9790,9778,9790,9775,15
2013-11-14 08:25:00,2013-11-14 08:26:00,9768,9772,9772,9767,9778,9780,9780,9775,2
2013-11-14 08:26:00,2013-11-14 08:27:00,9772,9772,9772,9767,9780,9780,9780,9775,7
2013-11-14 08:27:00,2013-11-14 08:28:00,9772,9772,9772,9767,9780,9780,9780,9775,9
2013-11-14 08:28:00,2013-11-14 08:29:00,9772,9767,9772,9767,9780,9775,9780,9775,5
2013-11-14 08:29:00,2013-11-14 08:32:00,9772,9777,9777,9767,9780,9785,9785,9775,10
2013-11-14 08:32:00,2013-11-14 08:33:00,9777,9777,9777,9772,9785,9785,9785,9780,12
2013-11-14 08:33:00,2013-11-14 08:34:00,9777,9773,9777,9772,9785,9783,9785,9780,15
2013-11-14 08:34:00,2013-11-14 08:35:00,9773,9767,9777,9767,9783,9775,9785,9775,5
2013-11-14 08:35:00,2013-11-14 08:36:00,9767,9762,9762,9757,9775,9770,9770,9765,5
2013-11-14 08:36:00,2013-11-14 08:38:00,9762,9762,9767,9762,9770,9770,9775,9770,5
2013-11-14 08:38:00,2013-11-14 08:39:00,9762,9757,9762,9757,9770,9765,9770,9765,11
2013-11-14 08:39:00,2013-11-14 08:40:00,9757,9757,9762,9752,9765,9765,9770,9760,14
2013-11-14 08:40:00,2013-11-14 08:42:00,9757,9757,9762,9757,9765,9765,9770,9765,7
2013-11-14 08:42:00,2013-11-14 08:43:00,9757,9762,9767,9757,9765,9770,9775,9765,8
2013-11-14 08:43:00,2013-11-14 08:45:00,9762,9762,9762,9758,9770,9770,9770,9768,4
2013-11-14 08:45:00,2013-11-14 08:48:00,9762,9752,9758,9752,9770,9760,9768,9760,3
2013-11-14 08:48:00,2013-11-14 08:49:00,9752,9757,9757,9753,9760,9765,9765,9763,2
2013-11-14 08:49:00,2013-11-14 08:51:00,9757,9752,9753,9752,9765,9760,9763,9760,4
2013-11-14 08:51:00,2013-11-14 08:52:00,9752,9757,9757,9753,9760,9765,9765,9763,4
2013-11-14 08:52:00,2013-11-14 08:53:00,9757,9752,9752,9747,9765,9760,9760,9755,3
2013-11-14 08:53:00,2013-11-14 08:54:00,9752,9752,9752,9747,9760,9760,9760,9755,5
2013-11-14 08:54:00,2013-11-14 08:56:00,9752,9747,9752,9747,9760,9755,9760,9755,10
2013-11-14 08:56:00,2013-11-14 08:57:00,9747,9752,9752,9747,9755,9760,9760,9755,6
2013-11-14 08:57:00,2013-11-14 08:58:00,9752,9762,9762,9753,9760,9770,9770,9763,4
2013-11-14 08:58:00,2013-11-14 08:59:00,9762,9757,9767,9757,9770,9765,9775,9765,9
2013-11-14 08:59:00,2013-11-14 09:00:00,9757,9762,9767,9762,9765,9770,9775,9770,11
2013-11-14 09:00:00,2013-11-14 09:01:00,9762,9758,9767,9758,9770,9768,9775,9768,10
2013-11-14 09:01:00,2013-11-14 09:02:00,9758,9752,9762,9747,9768,9760,9770,9755,16
2013-11-14 09:02:00,2013-11-14 09:03:00,9752,9752,9757,9752,9760,9760,9765,9760,2
2013-11-14 09:03:00,2013-11-14 09:04:00,9752,9757,9767,9752,9760,9765,9775,9760,11
2013-11-14 09:04:00,2013-11-14 09:05:00,9757,9752,9762,9752,9765,9760,9770,9760,9
2013-11-14 09:05:00,2013-11-14 09:07:00,9752,9752,9757,9747,9760,9760,9765,9755,9
2013-11-14 09:07:00,2013-11-14 09:08:00,9752,9737,9747,9732,9760,9745,9755,9740,5
2013-11-14 09:08:00,2013-11-14 09:09:00,9737,9732,9742,9727,9745,9740,9750,9735,11
2013-11-14 09:09:00,2013-11-14 09:10:00,9732,9737,9737,9732,9740,9745,9745,9740,24
2013-11-14 09:10:00,2013-11-14 09:11:00,9737,9737,9742,9732,9745,9745,9750,9740,5
2013-11-14 09:11:00,2013-11-14 09:12:00,9737,9737,9742,9737,9745,9745,9750,9745,9
2013-11-14 09:12:00,2013-11-14 09:13:00,9737,9737,9742,9737,9745,9745,9750,9745,2
2013-11-14 09:13:00,2013-11-14 09:14:00,9737,9742,9742,9738,9745,9750,9750,9748,2
2013-11-14 09:14:00,2013-11-14 09:15:00,9742,9742,9747,9742,9750,9750,9755,9750,7
2013-11-14 09:15:00,2013-11-14 09:16:00,9742,9747,9747,9742,9750,9755,9755,9750,19
2013-11-14 09:16:00,2013-11-14 09:18:00,9752,9752,9757,9752,9760,9760,9765,9760,3
2013-11-14 09:18:00,2013-11-14 09:19:00,9752,9742,9747,9742,9760,9750,9755,9750,4
2013-11-14 09:19:00,2013-11-14 09:22:00,9742,9747,9747,9742,9750,9755,9755,9750,4
2013-11-14 09:22:00,2013-11-14 09:23:00,9747,9747,9752,9742,9755,9755,9760,9750,6
2013-11-14 09:23:00,2013-11-14 09:24:00,9747,9747,9747,9742,9755,9755,9755,9750,7
2013-11-14 09:24:00,2013-11-14 09:25:00,9747,9743,9747,9742,9755,9753,9755,9750,4
2013-11-14 09:25:00,2013-11-14 09:26:00,9743,9747,9747,9742,9753,9755,9755,9750,5
2013-11-14 09:26:00,2013-11-14 09:27:00,9747,9742,9747,9742,9755,9750,9755,9750,5
2013-11-14 09:27:00,2013-11-14 09:29:00,9742,9747,9747,9742,9750,9755,9755,9750,7
2013-11-14 09:29:00,2013-11-14 09:30:00,9747,9742,9743,9742,9755,9750,9753,9750,2
2013-11-14 09:30:00,2013-11-14 09:33:00,9742,9742,9742,9737,9750,9750,9750,9745,6
2013-11-14 09:33:00,2013-11-14 09:35:00,9742,9737,9742,9737,9750,9745,9750,9745,10
2013-11-14 09:35:00,2013-11-14 09:36:00,9737,9747,9747,9738,9745,9755,9755,9748,3
2013-11-14 09:36:00,2013-11-14 09:37:00,9747,9742,9747,9742,9755,9750,9755,9750,6
2013-11-14 09:37:00,2013-11-14 09:38:00,9742,9737,9742,9737,9750,9745,9750,9745,5
2013-11-14 09:38:00,2013-11-14 09:39:00,9737,9742,9742,9737,9745,9750,9750,9745,3
2013-11-14 09:39:00,2013-11-14 09:40:00,9742,9742,9747,9737,9750,9750,9755,9745,4
2013-11-14 09:40:00,2013-11-14 09:43:00,9742,9742,9747,9742,9750,9750,9755,9750,5
2013-11-14 09:43:00,2013-11-14 09:44:00,9742,9742,9747,9737,9750,9750,9755,9745,7
2013-11-14 09:44:00,2013-11-14 09:45:00,9742,9737,9742,9732,9750,9745,9750,9740,12
2013-11-14 09:45:00,2013-11-14 09:46:00,9737,9732,9737,9732,9745,9740,9745,9740,8
2013-11-14 09:46:00,2013-11-14 09:47:00,9732,9737,9737,9727,9740,9745,9745,9735,5
2013-11-14 09:47:00,2013-11-14 09:48:00,9737,9732,9733,9732,9745,9740,9743,9740,2
2013-11-14 09:48:00,2013-11-14 09:53:00,9727,9737,9737,9732,9735,9745,9745,9740,2
2013-11-14 09:53:00,2013-11-14 09:54:00,9737,9727,9733,9727,9745,9735,9743,9735,7
2013-11-14 09:54:00,2013-11-14 09:57:00,9727,9727,9727,9722,9735,9735,9735,9730,10
2013-11-14 09:57:00,2013-11-14 09:58:00,9727,9727,9727,9722,9735,9735,9735,9730,9
2013-11-14 09:58:00,2013-11-14 10:00:00,9722,9717,9727,9717,9730,9725,9735,9725,5
2013-11-14 10:00:00,2013-11-14 10:01:00,9717,9702,9713,9702,9725,9710,9723,9710,6
2013-11-14 10:01:00,2013-11-14 10:02:00,9702,9702,9707,9702,9710,9710,9715,9710,4
2013-11-14 10:02:00,2013-11-14 10:04:00,9702,9707,9707,9702,9710,9715,9715,9710,7
2013-11-14 10:04:00,2013-11-14 10:05:00,9707,9702,9707,9702,9715,9710,9715,9710,3
2013-11-14 10:05:00,2013-11-14 10:06:00,9702,9692,9697,9687,9710,9700,9705,9695,10
2013-11-14 10:06:00,2013-11-14 10:07:00,9692,9697,9697,9692,9700,9705,9705,9700,6
2013-11-14 10:07:00,2013-11-14 10:10:00,9697,9692,9697,9692,9705,9700,9705,9700,14
2013-11-14 10:10:00,2013-11-14 10:13:00,9692,9687,9693,9682,9700,9695,9703,9690,8
2013-11-14 10:13:00,2013-11-14 10:14:00,9687,9682,9692,9682,9695,9690,9700,9690,9
2013-11-14 10:14:00,2013-11-14 10:16:00,9682,9687,9692,9682,9690,9695,9700,9690,12
2013-11-14 10:16:00,2013-11-14 10:19:00,9692,9698,9702,9697,9700,9708,9710,9705,4
2013-11-14 10:19:00,2013-11-14 10:20:00,9698,9692,9702,9692,9708,9700,9710,9700,5
2013-11-14 10:20:00,2013-11-14 10:23:00,9692,9687,9692,9687,9700,9695,9700,9695,9
2013-11-14 10:23:00,2013-11-14 10:24:00,9687,9687,9692,9687,9695,9695,9700,9695,4
2013-11-14 10:24:00,2013-11-14 10:30:00,9667,9672,9672,9667,9675,9680,9680,9675,8
2013-11-14 10:30:00,2013-11-14 10:31:00,9672,9682,9682,9677,9680,9690,9690,9685,3
2013-11-14 10:31:00,2013-11-14 10:32:00,9682,9677,9682,9677,9690,9685,9690,9685,11
2013-11-14 10:32:00,2013-11-14 10:33:00,9677,9677,9687,9677,9685,9685,9695,9685,6
2013-11-14 10:33:00,2013-11-14 10:34:00,9677,9682,9687,9678,9685,9690,9695,9688,5
2013-11-14 10:34:00,2013-11-14 10:36:00,9677,9682,9682,9677,9685,9690,9690,9685,7
2013-11-14 10:36:00,2013-11-14 10:40:00,9683,9687,9692,9687,9693,9695,9700,9695,3
2013-11-14 10:40:00,2013-11-14 10:41:00,9687,9682,9687,9677,9695,9690,9695,9685,11
2013-11-14 10:41:00,2013-11-14 10:43:00,9677,9677,9682,9677,9685,9685,9690,9685,7
2013-11-14 10:43:00,2013-11-14 10:44:00,9677,9682,9687,9677,9685,9690,9695,9685,14
2013-11-14 10:44:00,2013-11-14 10:47:00,9677,9677,9682,9672,9685,9685,9690,9680,9
2013-11-14 10:47:00,2013-11-14 10:52:00,9672,9672,9672,9667,9680,9680,9680,9675,4
2013-11-14 10:52:00,2013-11-14 10:54:00,9672,9672,9672,9667,9680,9680,9680,9675,7
2013-11-14 10:54:00,2013-11-14 10:56:00,9672,9672,9677,9672,9680,9680,9685,9680,10
2013-11-14 10:56:00,2013-11-14 10:58:00,9677,9677,9682,9677,9685,9685,9690,9685,4
2013-11-14 10:58:00,2013-11-14 10:59:00,9677,9672,9677,9667,9685,9680,9685,9675,12
2013-11-14 10:59:00,2013-11-14 11:00:00,9672,9662,9672,9662,9680,9670,9680,9670,4
2013-11-14 11:00:00,2013-11-14 11:01:00,9662,9652,9657,9652,9670,9660,9665,9660,2
2013-11-14 11:01:00,2013-11-14 11:02:00,9652,9647,9657,9647,9660,9655,9665,9655,9
2013-11-14 11:02:00,2013-11-14 11:03:00,9647,9647,9652,9647,9655,9655,9660,9655,19
2013-11-14 11:03:00,2013-11-14 11:04:00,9647,9647,9652,9647,9655,9655,9660,9655,5
2013-11-14 11:04:00,2013-11-14 11:07:00,9657,9652,9662,9652,9665,9660,9670,9660,18
2013-11-14 11:07:00,2013-11-14 11:08:00,9652,9657,9657,9652,9660,9665,9665,9660,16
2013-11-14 11:08:00,2013-11-14 11:09:00,9657,9652,9657,9652,9665,9660,9665,9660,11
2013-11-14 11:09:00,2013-11-14 11:10:00,9652,9652,9652,9647,9660,9660,9660,9655,2
2013-11-14 11:10:00,2013-11-14 11:11:00,9652,9647,9652,9647,9660,9655,9660,9655,5
2013-11-14 11:11:00,2013-11-14 11:12:00,9647,9647,9647,9642,9655,9655,9655,9650,8
2013-11-14 11:12:00,2013-11-14 11:13:00,9647,9652,9657,9647,9655,9660,9665,9655,6
2013-11-14 11:13:00,2013-11-14 11:15:00,9652,9647,9652,9647,9660,9655,9660,9655,4
2013-11-14 11:15:00,2013-11-14 11:16:00,9647,9637,9647,9637,9655,9645,9655,9645,7
2013-11-14 11:16:00,2013-11-14 11:17:00,9637,9632,9642,9632,9645,9640,9650,9640,12
2013-11-14 11:17:00,2013-11-14 11:18:00,9632,9627,9637,9627,9640,9635,9645,9635,4
2013-11-14 11:18:00,2013-11-14 11:19:00,9627,9622,9627,9622,9635,9630,9635,9630,5
2013-11-14 11:19:00,2013-11-14 11:20:00,9622,9627,9627,9622,9630,9635,9635,9630,18
2013-11-14 11:20:00,2013-11-14 11:21:00,9627,9627,9627,9622,9635,9635,9635,9630,5
2013-11-14 11:21:00,2013-11-14 11:24:00,9627,9627,9632,9627,9635,9635,9640,9635,6
2013-11-14 11:24:00,2013-11-14 11:25:00,9627,9627,9632,9622,9635,9635,9640,9630,9
2013-11-14 11:25:00,2013-11-14 11:26:00,9627,9632,9632,9622,9635,9640,9640,9630,7
2013-11-14 11:26:00,2013-11-14 11:27:00,9632,9632,9637,9627,9640,9640,9645,9635,11
2013-11-14 11:27:00,2013-11-14 11:28:00,9632,9627,9632,9622,9640,9635,9640,9630,5
2013-11-14 11:28:00,2013-11-14 11:29:00,9627,9632,9632,9622,9635,9640,9640,9630,6
2013-11-14 11:29:00,2013-11-14 11:30:00,9632,9632,9637,9632,9640,9640,9645,9640,4
2013-11-14 11:30:00,2013-11-14 11:31:00,9632,9627,9632,9622,9640,9635,9640,9630,15
2013-11-14 11:31:00,2013-11-14 11:34:00,9637,9637,9642,9637,9645,9645,9650,9645,5
2013-11-14 11:34:00,2013-11-14 11:36:00,9637,9637,9642,9637,9645,9645,9650,9645,14
2013-11-14 11:36:00,2013-11-14 11:39:00,9632,9632,9632,9627,9640,9640,9640,9635,9
2013-11-14 11:39:00,2013-11-14 11:40:00,9632,9632,9632,9628,9640,9640,9640,9638,4
2013-11-14 11:40:00,2013-11-14 11:41:00,9632,9617,9627,9617,9640,9625,9635,9625,6
2013-11-14 11:41:00,2013-11-14 11:42:00,9617,9617,9617,9612,9625,9625,9625,9620,2
2013-11-14 11:42:00,2013-11-14 11:43:00,9617,9617,9617,9612,9625,9625,9625,9620,12
2013-11-14 11:43:00,2013-11-14 11:44:00,9617,9622,9622,9622,9625,9630,9630,9630,1
2013-11-14 11:44:00,2013-11-14 11:46:00,9627,9632,9632,9622,9635,9640,9640,9630,3
2013-11-14 11:46:00,2013-11-14 11:47:00,9632,9627,9627,9622,9640,9635,9635,9630,4
2013-11-14 11:47:00,2013-11-14 11:48:00,9627,9627,9627,9622,9635,9635,9635,9630,3
2013-11-14 11:48:00,2013-11-14 11:51:00,9627,9617,9628,9617,9635,9625,9638,9625,17
2013-11-14 11:51:00,2013-11-14 11:52:00,9617,9622,9627,9622,9625,9630,9635,9630,11
2013-11-14 11:52:00,2013-11-14 11:55:00,9622,9627,9627,9627,9630,9635,9635,9635,1
2013-11-14 11:55:00,2013-11-14 11:57:00,9627,9627,9632,9627,9635,9635,9640,9635,11
2013-11-14 11:57:00,2013-11-14 11:58:00,9627,9632,9632,9627,9635,9640,9640,9635,5
2013-11-14 11:58:00,2013-11-14 12:00:00,9627,9642,9642,9632,9635,9650,9650,9640,18
2013-11-14 12:00:00,2013-11-14 12:01:00,9642,9642,9642,9637,9650,9650,9650,9645,6
2013-11-14 12:01:00,2013-11-14 12:04:00,9642,9642,9647,9642,9650,9650,9655,9650,4
2013-11-14 12:04:00,2013-11-14 12:05:00,9642,9642,9647,9642,9650,9650,9655,9650,6
2013-11-14 12:05:00,2013-11-14 12:07:00,9642,9642,9642,9637,9650,9650,9650,9645,2
2013-11-14 12:07:00,2013-11-14 12:15:00,9642,9637,9642,9637,9650,9645,9650,9645,8
2013-11-14 12:15:00,2013-11-14 12:16:00,9637,9632,9633,9632,9645,9640,9643,9640,7
2013-11-14 12:16:00,2013-11-14 12:19:00,9642,9632,9637,9632,9650,9640,9645,9640,5
2013-11-14 12:19:00,2013-11-14 12:20:00,9632,9637,9637,9627,9640,9645,9645,9635,5
2013-11-14 12:20:00,2013-11-14 12:21:00,9637,9637,9637,9632,9645,9645,9645,9640,3
2013-11-14 12:21:00,2013-11-14 12:22:00,9637,9632,9632,9627,9645,9640,9640,9635,3
2013-11-14 12:22:00,2013-11-14 12:23:00,9632,9637,9637,9633,9640,9645,9645,9643,3
2013-11-14 12:23:00,2013-11-14 12:24:00,9637,9632,9637,9632,9645,9640,9645,9640,11
2013-11-14 12:24:00,2013-11-14 12:27:00,9627,9623,9632,9622,9635,9633,9640,9630,5
2013-11-14 12:27:00,2013-11-14 12:28:00,9623,9623,9627,9622,9633,9633,9635,9630,6
2013-11-14 12:28:00,2013-11-14 12:29:00,9623,9627,9627,9622,9633,9635,9635,9630,2
2013-11-14 12:29:00,2013-11-14 12:31:00,9627,9622,9627,9622,9635,9630,9635,9630,3
2013-11-14 12:31:00,2013-11-14 12:33:00,9622,9623,9627,9623,9630,9633,9635,9633,2
2013-11-14 12:33:00,2013-11-14 12:34:00,9623,9622,9627,9622,9633,9630,9635,9630,4
2013-11-14 12:34:00,2013-11-14 12:35:00,9622,9617,9617,9617,9630,9625,9625,9625,1
2013-11-14 12:35:00,2013-11-14 12:43:00,9617,9617,9617,9612,9625,9625,9625,9620,3
2013-11-14 12:43:00,2013-11-14 12:45:00,9617,9627,9627,9622,9625,9635,9635,9630,4
2013-11-14 12:45:00,2013-11-14 12:46:00,9627,9627,9632,9627,9635,9635,9640,9635,2
2013-11-14 12:46:00,2013-11-14 12:51:00,9637,9632,9637,9632,9645,9640,9645,9640,3
2013-11-14 12:51:00,2013-11-14 12:52:00,9632,9627,9632,9627,9640,9635,9640,9635,4
2013-11-14 12:52:00,2013-11-14 12:54:00,9627,9632,9632,9627,9635,9640,9640,9635,8
2013-11-14 12:54:00,2013-11-14 12:59:00,9637,9632,9633,9632,9645,9640,9643,9640,9
2013-11-14 12:59:00,2013-11-14 13:02:00,9632,9632,9632,9627,9640,9640,9640,9635,4
2013-11-14 13:02:00,2013-11-14 13:03:00,9632,9632,9632,9627,9640,9640,9640,9635,2
2013-11-14 13:03:00,2013-11-14 13:04:00,9632,9637,9637,9633,9640,9645,9645,9643,2
2013-11-14 13:04:00,2013-11-14 13:05:00,9637,9642,9642,9637,9645,9650,9650,9645,3
2013-11-14 13:05:00,2013-11-14 13:07:00,9647,9642,9647,9642,9655,9650,9655,9650,7
2013-11-14 13:07:00,2013-11-14 13:09:00,9642,9647,9647,9637,9650,9655,9655,9645,5
2013-11-14 13:09:00,2013-11-14 13:11:00,9647,9652,9652,9647,9655,9660,9660,9655,5
2013-11-14 13:11:00,2013-11-14 13:12:00,9652,9647,9652,9647,9660,9655,9660,9655,8
2013-11-14 13:12:00,2013-11-14 13:13:00,9647,9647,9647,9642,9655,9655,9655,9650,6
2013-11-14 13:13:00,2013-11-14 13:15:00,9642,9642,9647,9642,9650,9650,9655,9650,7
2013-11-14 13:15:00,2013-11-14 13:17:00,9642,9647,9647,9637,9650,9655,9655,9645,3
2013-11-14 13:17:00,2013-11-14 13:18:00,9647,9642,9647,9642,9655,9650,9655,9650,9
2013-11-14 13:18:00,2013-11-14 13:20:00,9647,9652,9652,9652,9655,9660,9660,9660,1
2013-11-14 13:20:00,2013-11-14 13:21:00,9652,9647,9647,9647,9660,9655,9655,9655,1
2013-11-14 13:21:00,2013-11-14 13:23:00,9647,9643,9647,9643,9655,9653,9655,9653,5
2013-11-14 13:23:00,2013-11-14 13:24:00,9643,9642,9647,9642,9653,9650,9655,9650,5
2013-11-14 13:24:00,2013-11-14 13:30:00,9642,9642,9647,9642,9650,9650,9655,9650,12
2013-11-14 13:30:00,2013-11-14 13:31:00,9642,9642,9643,9642,9650,9650,9653,9650,6
2013-11-14 13:31:00,2013-11-14 13:32:00,9642,9647,9647,9642,9650,9655,9655,9650,4
2013-11-14 13:32:00,2013-11-14 13:33:00,9647,9648,9648,9643,9655,9658,9658,9653,3
2013-11-14 13:33:00,2013-11-14 13:34:00,9648,9652,9652,9647,9658,9660,9660,9655,4
2013-11-14 13:34:00,2013-11-14 13:35:00,9652,9657,9657,9657,9660,9665,9665,9665,1
2013-11-14 13:35:00,2013-11-14 13:36:00,9657,9652,9652,9652,9665,9660,9660,9660,1
2013-11-14 13:36:00,2013-11-14 13:38:00,9652,9652,9657,9652,9660,9660,9665,9660,7
2013-11-14 13:38:00,2013-11-14 13:39:00,9652,9642,9647,9642,9660,9650,9655,9650,5
2013-11-14 13:39:00,2013-11-14 13:42:00,9642,9637,9638,9637,9650,9645,9648,9645,5
2013-11-14 13:42:00,2013-11-14 13:47:00,9637,9637,9642,9637,9645,9645,9650,9645,6
2013-11-14 13:47:00,2013-11-14 13:48:00,9637,9637,9638,9637,9645,9645,9648,9645,4
2013-11-14 13:48:00,2013-11-14 13:51:00,9642,9647,9647,9647,9650,9655,9655,9655,1
2013-11-14 13:51:00,2013-11-14 13:52:00,9647,9642,9647,9642,9655,9650,9655,9650,5
2013-11-14 13:52:00,2013-11-14 13:55:00,9642,9647,9647,9642,9650,9655,9655,9650,3
2013-11-14 13:55:00,2013-11-14 13:56:00,9647,9642,9642,9642,9655,9650,9650,9650,1
2013-11-14 13:56:00,2013-11-14 13:57:00,9642,9637,9638,9637,9650,9645,9648,9645,2
2013-11-14 13:57:00,2013-11-14 13:58:00,9637,9632,9637,9632,9645,9640,9645,9640,9
2013-11-14 13:58:00,2013-11-14 13:59:00,9632,9637,9637,9632,9640,9645,9645,9640,6
2013-11-14 13:59:00,2013-11-14 14:01:00,9632,9637,9642,9637,9640,9645,9650,9645,10
2013-11-14 14:01:00,2013-11-14 14:03:00,9637,9632,9637,9632,9645,9640,9645,9640,5
2013-11-14 14:03:00,2013-11-14 14:04:00,9632,9632,9633,9632,9640,9640,9643,9640,2
2013-11-14 14:04:00,2013-11-14 14:11:00,9637,9637,9642,9637,9645,9645,9650,9645,11
2013-11-14 14:11:00,2013-11-14 14:12:00,9637,9632,9633,9632,9645,9640,9643,9640,2
2013-11-14 14:12:00,2013-11-14 14:13:00,9632,9637,9637,9632,9640,9645,9645,9640,3
2013-11-14 14:13:00,2013-11-14 14:15:00,9642,9642,9642,9637,9650,9650,9650,9645,5
2013-11-14 14:15:00,2013-11-14 14:16:00,9642,9642,9642,9638,9650,9650,9650,9648,2
2013-11-14 14:16:00,2013-11-14 14:23:00,9642,9637,9638,9637,9650,9645,9648,9645,3
2013-11-14 14:23:00,2013-11-14 14:25:00,9637,9627,9632,9627,9645,9635,9640,9635,2
2013-11-14 14:25:00,2013-11-14 14:26:00,9627,9632,9632,9627,9635,9640,9640,9635,6
2013-11-14 14:26:00,2013-11-14 14:28:00,9632,9632,9632,9627,9640,9640,9640,9635,3
2013-11-14 14:28:00,2013-11-14 14:30:00,9627,9632,9632,9632,9635,9640,9640,9640,1
2013-11-14 14:30:00,2013-11-14 14:31:00,9632,9632,9633,9632,9640,9640,9643,9640,4
2013-11-14 14:31:00,2013-11-14 14:32:00,9632,9627,9627,9627,9640,9635,9635,9635,1
2013-11-14 14:32:00,2013-11-14 14:33:00,9627,9637,9637,9632,9635,9645,9645,9640,4
2013-11-14 14:33:00,2013-11-14 14:34:00,9637,9632,9637,9632,9645,9640,9645,9640,4
2013-11-14 14:34:00,2013-11-14 14:35:00,9632,9637,9637,9637,9640,9645,9645,9645,1
2013-11-14 14:35:00,2013-11-14 14:36:00,9637,9647,9647,9642,9645,9655,9655,9650,2
2013-11-14 14:36:00,2013-11-14 14:37:00,9647,9637,9642,9637,9655,9645,9650,9645,3
2013-11-14 14:37:00,2013-11-14 14:38:00,9637,9642,9642,9638,9645,9650,9650,9648,2
2013-11-14 14:38:00,2013-11-14 14:39:00,9642,9642,9642,9637,9650,9650,9650,9645,9
2013-11-14 14:39:00,2013-11-14 14:41:00,9637,9622,9633,9622,9645,9630,9643,9630,4
2013-11-14 14:41:00,2013-11-14 14:42:00,9622,9617,9622,9617,9630,9625,9630,9625,3
2013-11-14 14:42:00,2013-11-14 14:43:00,9617,9612,9612,9607,9625,9620,9620,9615,5
2013-11-14 14:43:00,2013-11-14 14:45:00,9612,9612,9617,9612,9620,9620,9625,9620,4
2013-11-14 14:45:00,2013-11-14 14:46:00,9612,9612,9613,9607,9620,9620,9623,9615,6
2013-11-14 14:46:00,2013-11-14 14:48:00,9612,9617,9617,9613,9620,9625,9625,9623,7
2013-11-14 14:48:00,2013-11-14 14:49:00,9617,9612,9617,9612,9625,9620,9625,9620,7
2013-11-14 14:49:00,2013-11-14 14:50:00,9612,9617,9617,9613,9620,9625,9625,9623,8
2013-11-14 14:50:00,2013-11-14 14:51:00,9617,9612,9613,9612,9625,9620,9623,9620,3
2013-11-14 14:51:00,2013-11-14 14:53:00,9612,9612,9612,9607,9620,9620,9620,9615,6
2013-11-14 14:53:00,2013-11-14 14:54:00,9612,9617,9617,9613,9620,9625,9625,9623,2
2013-11-14 14:54:00,2013-11-14 14:56:00,9617,9617,9622,9617,9625,9625,9630,9625,3
2013-11-14 14:56:00,2013-11-14 14:57:00,9617,9622,9622,9617,9625,9630,9630,9625,7
2013-11-14 14:57:00,2013-11-14 14:58:00,9622,9627,9632,9627,9630,9635,9640,9635,4
2013-11-14 14:58:00,2013-11-14 14:59:00,9627,9637,9637,9632,9635,9645,9645,9640,5
2013-11-14 14:59:00,2013-11-14 15:00:00,9637,9622,9642,9618,9645,9630,9650,9628,10
2013-11-14 15:00:00,2013-11-14 15:01:00,9622,9622,9627,9617,9630,9630,9635,9625,15
2013-11-14 15:01:00,2013-11-14 15:02:00,9622,9627,9632,9627,9630,9635,9640,9635,10
2013-11-14 15:02:00,2013-11-14 15:05:00,9627,9622,9627,9622,9635,9630,9635,9630,7
2013-11-14 15:05:00,2013-11-14 15:07:00,9622,9617,9618,9617,9630,9625,9628,9625,5
2013-11-14 15:07:00,2013-11-14 15:10:00,9617,9617,9622,9617,9625,9625,9630,9625,2
2013-11-14 15:10:00,2013-11-14 15:11:00,9617,9622,9622,9618,9625,9630,9630,9628,2
2013-11-14 15:11:00,2013-11-14 15:12:00,9622,9622,9622,9617,9630,9630,9630,9625,8
2013-11-14 15:12:00,2013-11-14 15:13:00,9622,9627,9627,9623,9630,9635,9635,9633,2
2013-11-14 15:13:00,2013-11-14 15:14:00,9627,9637,9637,9632,9635,9645,9645,9640,2
2013-11-14 15:14:00,2013-11-14 15:16:00,9637,9637,9652,9632,9645,9645,9660,9640,11
2013-11-14 15:16:00,2013-11-14 15:17:00,9637,9647,9652,9637,9645,9655,9660,9645,8
2013-11-14 15:17:00,2013-11-14 15:18:00,9647,9647,9647,9642,9655,9655,9655,9650,4
2013-11-14 15:18:00,2013-11-14 15:20:00,9647,9652,9652,9648,9655,9660,9660,9658,2
2013-11-14 15:20:00,2013-11-14 15:21:00,9652,9642,9647,9637,9660,9650,9655,9645,6
2013-11-14 15:21:00,2013-11-14 15:22:00,9642,9642,9652,9642,9650,9650,9660,9650,11
2013-11-14 15:22:00,2013-11-14 15:23:00,9642,9637,9642,9637,9650,9645,9650,9645,4
2013-11-14 15:23:00,2013-11-14 15:25:00,9637,9637,9642,9637,9645,9645,9650,9645,9
2013-11-14 15:25:00,2013-11-14 15:26:00,9637,9642,9643,9638,9645,9650,9653,9648,4
2013-11-14 15:26:00,2013-11-14 15:28:00,9642,9637,9642,9637,9650,9645,9650,9645,5
2013-11-14 15:28:00,2013-11-14 15:29:00,9637,9627,9632,9627,9645,9635,9640,9635,9
2013-11-14 15:29:00,2013-11-14 15:30:00,9627,9637,9637,9627,9635,9645,9645,9635,5
2013-11-14 15:30:00,2013-11-14 15:31:00,9637,9632,9632,9632,9645,9640,9640,9640,1
2013-11-14 15:31:00,2013-11-14 15:32:00,9632,9637,9642,9637,9640,9645,9650,9645,5
2013-11-14 15:32:00,2013-11-14 15:33:00,9637,9642,9642,9642,9645,9650,9650,9650,1
2013-11-14 15:33:00,2013-11-14 15:34:00,9642,9642,9647,9642,9650,9650,9655,9650,10
2013-11-14 15:34:00,2013-11-14 15:35:00,9642,9642,9643,9642,9650,9650,9653,9650,2
2013-11-14 15:35:00,2013-11-14 15:37:00,9642,9642,9647,9642,9650,9650,9655,9650,2
2013-11-14 15:37:00,2013-11-14 15:38:00,9642,9642,9647,9637,9650,9650,9655,9645,9
2013-11-14 15:38:00,2013-11-14 15:39:00,9642,9647,9652,9647,9650,9655,9660,9655,3
2013-11-14 15:39:00,2013-11-14 15:40:00,9647,9652,9652,9648,9655,9660,9660,9658,4
2013-11-14 15:40:00,2013-11-14 15:41:00,9652,9652,9652,9647,9660,9660,9660,9655,5
2013-11-14 15:41:00,2013-11-14 15:42:00,9652,9652,9652,9647,9660,9660,9660,9655,6
2013-11-14 15:42:00,2013-11-14 15:44:00,9652,9667,9667,9653,9660,9675,9675,9663,8
2013-11-14 15:44:00,2013-11-14 15:45:00,9667,9667,9667,9662,9675,9675,9675,9670,8
2013-11-14 15:45:00,2013-11-14 15:46:00,9667,9672,9677,9672,9675,9680,9685,9680,5
2013-11-14 15:46:00,2013-11-14 15:47:00,9672,9672,9677,9672,9680,9680,9685,9680,6
2013-11-14 15:47:00,2013-11-14 15:49:00,9667,9672,9677,9668,9675,9680,9685,9678,5
2013-11-14 15:49:00,2013-11-14 15:50:00,9672,9677,9677,9672,9680,9685,9685,9680,17
2013-11-14 15:50:00,2013-11-14 15:51:00,9677,9682,9682,9672,9685,9690,9690,9680,4
2013-11-14 15:51:00,2013-11-14 15:54:00,9682,9682,9682,9677,9690,9690,9690,9685,4
2013-11-14 15:54:00,2013-11-14 15:55:00,9682,9677,9678,9677,9690,9685,9688,9685,2
2013-11-14 15:55:00,2013-11-14 15:56:00,9677,9672,9677,9672,9685,9680,9685,9680,4
2013-11-14 15:56:00,2013-11-14 15:57:00,9672,9672,9672,9668,9680,9680,9680,9678,2
2013-11-14 15:57:00,2013-11-14 15:59:00,9677,9677,9682,9677,9685,9685,9690,9685,8
2013-11-14 15:59:00,2013-11-14 16:01:00,9682,9687,9687,9677,9690,9695,9695,9685,6
2013-11-14 16:01:00,2013-11-14 16:04:00,9687,9692,9692,9688,9695,9700,9700,9698,2
2013-11-14 16:04:00,2013-11-14 16:09:00,9702,9697,9702,9697,9710,9705,9710,9705,6
2013-11-14 16:09:00,2013-11-14 16:10:00,9697,9697,9702,9697,9705,9705,9710,9705,7
2013-11-14 16:10:00,2013-11-14 16:11:00,9697,9697,9697,9693,9705,9705,9705,9703,2
2013-11-14 16:11:00,2013-11-14 16:12:00,9697,9698,9702,9697,9705,9708,9710,9705,10
2013-11-14 16:12:00,2013-11-14 16:13:00,9698,9697,9702,9697,9708,9705,9710,9705,4
2013-11-14 16:13:00,2013-11-14 16:14:00,9697,9698,9702,9697,9705,9708,9710,9705,6
2013-11-14 16:14:00,2013-11-14 16:15:00,9698,9697,9702,9697,9708,9705,9710,9705,7
2013-11-14 16:15:00,2013-11-14 16:16:00,9697,9702,9702,9697,9705,9710,9710,9705,4
2013-11-14 16:16:00,2013-11-14 16:17:00,9702,9697,9697,9697,9710,9705,9705,9705,1
2013-11-14 16:17:00,2013-11-14 16:18:00,9697,9697,9702,9697,9705,9705,9710,9705,4
2013-11-14 16:18:00,2013-11-14 16:19:00,9697,9697,9697,9692,9705,9705,9705,9700,2
2013-11-14 16:19:00,2013-11-14 16:20:00,9697,9702,9703,9702,9705,9710,9713,9710,3
2013-11-14 16:20:00,2013-11-14 16:21:00,9702,9697,9697,9692,9710,9705,9705,9700,3
2013-11-14 16:21:00,2013-11-14 16:23:00,9697,9702,9707,9702,9705,9710,9715,9710,5
2013-11-14 16:23:00,2013-11-14 16:24:00,9702,9707,9707,9702,9710,9715,9715,9710,9
2013-11-14 16:24:00,2013-11-14 16:28:00,9702,9707,9707,9702,9710,9715,9715,9710,4
2013-11-14 16:28:00,2013-11-14 16:29:00,9707,9702,9707,9702,9715,9710,9715,9710,7
2013-11-14 16:29:00,2013-11-15 08:01:00,9702,9722,9727,9717,9710,9730,9735,9725,12
2013-11-15 08:01:00,2013-11-15 08:03:00,9712,9707,9712,9707,9720,9715,9720,9715,11
2013-11-15 08:03:00,2013-11-15 08:05:00,9707,9697,9707,9697,9715,9705,9715,9705,11
2013-11-15 08:05:00,2013-11-15 08:06:00,9697,9702,9703,9692,9705,9710,9713,9700,15
2013-11-15 08:06:00,2013-11-15 08:07:00,9702,9692,9697,9692,9710,9700,9705,9700,6
2013-11-15 08:07:00,2013-11-15 08:08:00,9692,9687,9697,9687,9700,9695,9705,9695,13
2013-11-15 08:08:00,2013-11-15 08:10:00,9687,9677,9682,9677,9695,9685,9690,9685,14
2013-11-15 08:10:00,2013-11-15 08:11:00,9677,9672,9677,9667,9685,9680,9685,9675,9
2013-11-15 08:11:00,2013-11-15 08:12:00,9672,9672,9677,9667,9680,9680,9685,9675,17
2013-11-15 08:12:00,2013-11-15 08:13:00,9672,9672,9677,9672,9680,9680,9685,9680,5
2013-11-15 08:13:00,2013-11-15 08:14:00,9672,9662,9672,9657,9680,9670,9680,9665,17
2013-11-15 08:14:00,2013-11-15 08:15:00,9662,9667,9667,9662,9670,9675,9675,9670,11
2013-11-15 08:15:00,2013-11-15 08:16:00,9667,9672,9672,9667,9675,9680,9680,9675,10
2013-11-15 08:16:00,2013-11-15 08:17:00,9672,9677,9682,9673,9680,9685,9690,9683,10
2013-11-15 08:17:00,2013-11-15 08:18:00,9677,9672,9677,9672,9685,9680,9685,9680,10
2013-11-15 08:18:00,2013-11-15 08:19:00,9672,9677,9682,9673,9680,9685,9690,9683,12
2013-11-15 08:19:00,2013-11-15 08:20:00,9677,9687,9687,9678,9685,9695,9695,9688,6
2013-11-15 08:20:00,2013-11-15 08:21:00,9687,9687,9687,9682,9695,9695,9695,9690,6
2013-11-15 08:21:00,2013-11-15 08:23:00,9692,9692,9697,9692,9700,9700,9705,9700,5
2013-11-15 08:23:00,2013-11-15 08:24:00,9692,9687,9692,9687,9700,9695,9700,9695,7
2013-11-15 08:24:00,2013-11-15 08:26:00,9692,9697,9697,9687,9700,9705,9705,9695,13
2013-11-15 08:26:00,2013-11-15 08:27:00,9697,9697,9702,9697,9705,9705,9710,9705,2
2013-11-15 08:27:00,2013-11-15 08:28:00,9697,9693,9702,9692,9705,9703,9710,9700,7
2013-11-15 08:28:00,2013-11-15 08:29:00,9693,9693,9697,9692,9703,9703,9705,9700,10
2013-11-15 08:29:00,2013-11-15 08:30:00,9693,9692,9692,9692,9703,9700,9700,9700,1
2013-11-15 08:30:00,2013-11-15 08:32:00,9687,9682,9692,9677,9695,9690,9700,9685,5
2013-11-15 08:32:00,2013-11-15 08:33:00,9682,9682,9687,9682,9690,9690,9695,9690,8
2013-11-15 08:33:00,2013-11-15 08:34:00,9682,9677,9682,9672,9690,9685,9690,9680,18
2013-11-15 08:34:00,2013-11-15 08:35:00,9677,9687,9687,9678,9685,9695,9695,9688,3
2013-11-15 08:35:00,2013-11-15 08:37:00,9682,9677,9682,9677,9690,9685,9690,9685,7
2013-11-15 08:37:00,2013-11-15 08:38:00,9677,9667,9673,9667,9685,9675,9683,9675,6
2013-11-15 08:38:00,2013-11-15 08:39:00,9667,9677,9677,9662,9675,9685,9685,9670,8
2013-11-15 08:39:00,2013-11-15 08:40:00,9677,9677,9682,9672,9685,9685,9690,9680,17
2013-11-15 08:40:00,2013-11-15 08:41:00,9677,9677,9682,9672,9685,9685,9690,9680,16
2013-11-15 08:41:00,2013-11-15 08:42:00,9677,9677,9677,9672,9685,9685,9685,9680,5
2013-11-15 08:42:00,2013-11-15 08:43:00,9677,9687,9687,9677,9685,9695,9695,9685,10
2013-11-15 08:43:00,2013-11-15 08:44:00,9687,9683,9687,9682,9695,9693,9695,9690,18
2013-11-15 08:44:00,2013-11-15 08:45:00,9683,9692,9692,9687,9693,9700,9700,9695,12
2013-11-15 08:45:00,2013-11-15 08:46:00,9692,9687,9697,9687,9700,9695,9705,9695,8
2013-11-15 08:46:00,2013-11-15 08:47:00,9687,9692,9697,9692,9695,9700,9705,9700,7
2013-11-15 08:47:00,2013-11-15 08:48:00,9692,9692,9697,9692,9700,9700,9705,9700,7
2013-11-15 08:48:00,2013-11-15 08:50:00,9687,9692,9692,9687,9695,9700,9700,9695,13
2013-11-15 08:50:00,2013-11-15 08:52:00,9692,9687,9697,9687,9700,9695,9705,9695,6
2013-11-15 08:52:00,2013-11-15 08:57:00,9677,9682,9682,9678,9685,9690,9690,9688,3
2013-11-15 08:57:00,2013-11-15 08:59:00,9682,9687,9687,9682,9690,9695,9695,9690,5
2013-11-15 08:59:00,2013-11-15 09:03:00,9687,9687,9687,9682,9695,9695,9695,9690,12
2013-11-15 09:03:00,2013-11-15 09:04:00,9687,9677,9687,9677,9695,9685,9695,9685,7
2013-11-15 09:04:00,2013-11-15 09:05:00,9677,9692,9692,9682,9685,9700,9700,9690,9
2013-11-15 09:05:00,2013-11-15 09:06:00,9692,9687,9692,9687,9700,9695,9700,9695,5
2013-11-15 09:06:00,2013-11-15 09:09:00,9697,9702,9702,9692,9705,9710,9710,9700,11
2013-11-15 09:09:00,2013-11-15 09:10:00,9702,9702,9702,9697,9710,9710,9710,9705,10
2013-11-15 09:10:00,2013-11-15 09:12:00,9707,9712,9712,9707,9715,9720,9720,9715,6
2013-11-15 09:12:00,2013-11-15 09:14:00,9707,9703,9712,9703,9715,9713,9720,9713,4
2013-11-15 09:14:00,2013-11-15 09:15:00,9703,9707,9707,9702,9713,9715,9715,9710,7
2013-11-15 09:15:00,2013-11-15 09:17:00,9712,9707,9707,9702,9720,9715,9715,9710,3
2013-11-15 09:17:00,2013-11-15 09:20:00,9707,9707,9707,9702,9715,9715,9715,9710,7
2013-11-15 09:20:00,2013-11-15 09:21:00,9707,9702,9707,9702,9715,9710,9715,9710,5
2013-11-15 09:21:00,2013-11-15 09:22:00,9702,9702,9707,9702,9710,9710,9715,9710,5
2013-11-15 09:22:00,2013-11-15 09:23:00,9702,9707,9707,9703,9710,9715,9715,9713,3
2013-11-15 09:23:00,2013-11-15 09:24:00,9707,9707,9707,9697,9715,9715,9715,9705,11
2013-11-15 09:24:00,2013-11-15 09:27:00,9707,9697,9702,9697,9715,9705,9710,9705,4
2013-11-15 09:27:00,2013-11-15 09:28:00,9697,9707,9707,9702,9705,9715,9715,9710,2
2013-11-15 09:28:00,2013-11-15 09:29:00,9707,9702,9702,9702,9715,9710,9710,9710,1
2013-11-15 09:29:00,2013-11-15 09:30:00,9702,9707,9707,9702,9710,9715,9715,9710,11
2013-11-15 09:30:00,2013-11-15 09:31:00,9707,9702,9707,9702,9715,9710,9715,9710,8
2013-11-15 09:31:00,2013-11-15 09:32:00,9702,9702,9702,9697,9710,9710,9710,9705,3
2013-11-15 09:32:00,2013-11-15 09:34:00,9702,9707,9712,9707,9710,9715,9720,9715,6
2013-11-15 09:34:00,2013-11-15 09:35:00,9707,9703,9707,9702,9715,9713,9715,9710,3
2013-11-15 09:35:00,2013-11-15 09:36:00,9703,9698,9702,9697,9713,9708,9710,9705,4
2013-11-15 09:36:00,2013-11-15 09:37:00,9698,9697,9702,9697,9708,9705,9710,9705,2
2013-11-15 09:37:00,2013-11-15 09:38:00,9697,9697,9697,9692,9705,9705,9705,9700,5
2013-11-15 09:38:00,2013-11-15 09:39:00,9697,9688,9692,9687,9705,9698,9700,9695,9
2013-11-15 09:39:00,2013-11-15 09:40:00,9688,9687,9687,9682,9698,9695,9695,9690,4
2013-11-15 09:40:00,2013-11-15 09:46:00,9682,9682,9683,9682,9690,9690,9693,9690,4
2013-11-15 09:46:00,2013-11-15 09:48:00,9682,9687,9687,9682,9690,9695,9695,9690,11
2013-11-15 09:48:00,2013-11-15 09:52:00,9677,9672,9677,9672,9685,9680,9685,9680,3
2013-11-15 09:52:00,2013-11-15 09:56:00,9682,9672,9677,9672,9690,9680,9685,9680,2
2013-11-15 09:56:00,2013-11-15 09:57:00,9672,9682,9682,9672,9680,9690,9690,9680,5
2013-11-15 09:57:00,2013-11-15 09:58:00,9682,9677,9677,9672,9690,9685,9685,9680,3
2013-11-15 09:58:00,2013-11-15 09:59:00,9677,9677,9677,9672,9685,9685,9685,9680,6
2013-11-15 09:59:00,2013-11-15 10:00:00,9677,9677,9682,9677,9685,9685,9690,9685,2
2013-11-15 10:00:00,2013-11-15 10:01:00,9677,9682,9682,9677,9685,9690,9690,9685,3
2013-11-15 10:01:00,2013-11-15 10:04:00,9687,9682,9687,9682,9695,9690,9695,9690,7
2013-11-15 10:04:00,2013-11-15 10:09:00,9682,9682,9682,9677,9690,9690,9690,9685,6
2013-11-15 10:09:00,2013-11-15 10:11:00,9692,9687,9692,9682,9700,9695,9700,9690,8
2013-11-15 10:11:00,2013-11-15 10:14:00,9687,9687,9687,9683,9695,9695,9695,9693,4
2013-11-15 10:14:00,2013-11-15 10:17:00,9687,9687,9692,9687,9695,9695,9700,9695,2
2013-11-15 10:17:00,2013-11-15 10:19:00,9687,9692,9692,9687,9695,9700,9700,9695,4
2013-11-15 10:19:00,2013-11-15 10:20:00,9692,9692,9692,9687,9700,9700,9700,9695,2
2013-11-15 10:20:00,2013-11-15 10:21:00,9692,9692,9697,9692,9700,9700,9705,9700,3
2013-11-15 10:21:00,2013-11-15 10:22:00,9692,9692,9692,9687,9700,9700,9700,9695,3
2013-11-15 10:22:00,2013-11-15 10:28:00,9697,9697,9697,9692,9705,9705,9705,9700,7
2013-11-15 10:28:00,2013-11-15 10:31:00,9697,9697,9697,9692,9705,9705,9705,9700,3
2013-11-15 10:31:00,2013-11-15 10:32:00,9697,9702,9702,9702,9705,9710,9710,9710,1
2013-11-15 10:32:00,2013-11-15 10:33:00,9702,9707,9707,9707,9710,9715,9715,9715,1
2013-11-15 10:33:00,2013-11-15 10:34:00,9707,9707,9707,9702,9715,9715,9715,9710,2
2013-11-15 10:34:00,2013-11-15 10:39:00,9717,9717,9717,9712,9725,9725,9725,9720,2
2013-11-15 10:39:00,2013-11-15 10:40:00,9717,9722,9722,9717,9725,9730,9730,9725,4
2013-11-15 10:40:00,2013-11-15 10:42:00,9727,9722,9722,9717,9735,9730,9730,9725,5
2013-11-15 10:42:00,2013-11-15 10:43:00,9722,9717,9722,9717,9730,9725,9730,9725,11
2013-11-15 10:43:00,2013-11-15 10:45:00,9717,9722,9722,9717,9725,9730,9730,9725,3
2013-11-15 10:45:00,2013-11-15 10:49:00,9722,9722,9722,9717,9730,9730,9730,9725,4
2013-11-15 10:49:00,2013-11-15 10:50:00,9722,9727,9737,9722,9730,9735,9745,9730,17
2013-11-15 10:50:00,2013-11-15 10:51:00,9727,9732,9732,9727,9735,9740,9740,9735,4
2013-11-15 10:51:00,2013-11-15 10:52:00,9732,9732,9737,9732,9740,9740,9745,9740,10
2013-11-15 10:52:00,2013-11-15 10:53:00,9732,9723,9733,9723,9740,9733,9743,9733,16
2013-11-15 10:53:00,2013-11-15 10:54:00,9723,9732,9732,9717,9733,9740,9740,9725,26
2013-11-15 10:54:00,2013-11-15 10:55:00,9732,9732,9737,9728,9740,9740,9745,9738,18
2013-11-15 10:55:00,2013-11-15 10:56:00,9732,9732,9737,9732,9740,9740,9745,9740,6
2013-11-15 10:56:00,2013-11-15 10:57:00,9732,9727,9737,9727,9740,9735,9745,9735,10
2013-11-15 10:57:00,2013-11-15 10:58:00,9727,9727,9732,9722,9735,9735,9740,9730,17
2013-11-15 10:58:00,2013-11-15 10:59:00,9727,9717,9723,9717,9735,9725,9733,9725,11
2013-11-15 10:59:00,2013-11-15 11:00:00,9717,9722,9722,9712,9725,9730,9730,9720,10
2013-11-15 11:00:00,2013-11-15 11:02:00,9722,9722,9723,9717,9730,9730,9733,9725,4
2013-11-15 11:02:00,2013-11-15 11:03:00,9722,9722,9727,9722,9730,9730,9735,9730,4
2013-11-15 11:03:00,2013-11-15 11:05:00,9717,9722,9722,9722,9725,9730,9730,9730,1
2013-11-15 11:05:00,2013-11-15 11:06:00,9722,9722,9727,9722,9730,9730,9735,9730,2
2013-11-15 11:06:00,2013-11-15 11:07:00,9722,9737,9737,9727,9730,9745,9745,9735,3
2013-11-15 11:07:00,2013-11-15 11:08:00,9737,9737,9737,9732,9745,9745,9745,9740,16
2013-11-15 11:08:00,2013-11-15 11:09:00,9737,9737,9737,9732,9745,9745,9745,9740,5
2013-11-15 11:09:00,2013-11-15 11:11:00,9737,9742,9743,9737,9745,9750,9753,9745,11
2013-11-15 11:11:00,2013-11-15 11:12:00,9742,9743,9747,9742,9750,9753,9755,9750,8
2013-11-15 11:12:00,2013-11-15 11:13:00,9743,9737,9747,9737,9753,9745,9755,9745,3
2013-11-15 11:13:00,2013-11-15 11:14:00,9737,9737,9742,9737,9745,9745,9750,9745,5
2013-11-15 11:14:00,2013-11-15 11:15:00,9737,9742,9747,9732,9745,9750,9755,9740,11
2013-11-15 11:15:00,2013-11-15 11:16:00,9742,9737,9747,9737,9750,9745,9755,9745,13
2013-11-15 11:16:00,2013-11-15 11:17:00,9737,9737,9742,9737,9745,9745,9750,9745,4
2013-11-15 11:17:00,2013-11-15 11:18:00,9737,9742,9742,9737,9745,9750,9750,9745,4
2013-11-15 11:18:00,2013-11-15 11:19:00,9742,9737,9738,9732,9750,9745,9748,9740,4
2013-11-15 11:19:00,2013-11-15 11:20:00,9737,9737,9737,9732,9745,9745,9745,9740,10
2013-11-15 11:20:00,2013-11-15 11:21:00,9737,9732,9737,9732,9745,9740,9745,9740,6
2013-11-15 11:21:00,2013-11-15 11:22:00,9732,9727,9728,9722,9740,9735,9738,9730,11
2013-11-15 11:22:00,2013-11-15 11:23:00,9727,9727,9727,9723,9735,9735,9735,9733,4
2013-11-15 11:23:00,2013-11-15 11:24:00,9727,9722,9727,9722,9735,9730,9735,9730,6
2013-11-15 11:24:00,2013-11-15 11:25:00,9722,9708,9718,9707,9730,9718,9728,9715,13
2013-11-15 11:25:00,2013-11-15 11:26:00,9708,9702,9712,9702,9718,9710,9720,9710,11
2013-11-15 11:26:00,2013-11-15 11:27:00,9702,9702,9707,9702,9710,9710,9715,9710,2
2013-11-15 11:27:00,2013-11-15 11:28:00,9702,9707,9707,9702,9710,9715,9715,9710,6
2013-11-15 11:28:00,2013-11-15 11:29:00,9707,9717,9717,9712,9715,9725,9725,9720,2
2013-11-15 11:29:00,2013-11-15 11:30:00,9717,9727,9727,9717,9725,9735,9735,9725,9
2013-11-15 11:30:00,2013-11-15 11:33:00,9732,9727,9732,9727,9740,9735,9740,9735,5
2013-11-15 11:33:00,2013-11-15 11:35:00,9727,9728,9732,9727,9735,9738,9740,9735,8
2013-11-15 11:35:00,2013-11-15 11:36:00,9728,9732,9732,9727,9738,9740,9740,9735,7
2013-11-15 11:36:00,2013-11-15 11:37:00,9732,9727,9732,9727,9740,9735,9740,9735,3
2013-11-15 11:37:00,2013-11-15 11:38:00,9727,9728,9737,9727,9735,9738,9745,9735,8
2013-11-15 11:38:00,2013-11-15 11:39:00,9728,9727,9732,9727,9738,9735,9740,9735,2
2013-11-15 11:39:00,2013-11-15 11:40:00,9727,9727,9732,9727,9735,9735,9740,9735,2
2013-11-15 11:40:00,2013-11-15 11:42:00,9732,9732,9732,9727,9740,9740,9740,9735,5
2013-11-15 11:42:00,2013-11-15 11:43:00,9732,9723,9727,9722,9740,9733,9735,9730,4
2013-11-15 11:43:00,2013-11-15 11:44:00,9723,9722,9727,9722,9733,9730,9735,9730,5
2013-11-15 11:44:00,2013-11-15 11:49:00,9717,9727,9727,9722,9725,9735,9735,9730,2
2013-11-15 11:49:00,2013-11-15 11:50:00,9727,9717,9723,9717,9735,9725,9733,9725,5
2013-11-15 11:50:00,2013-11-15 11:52:00,9712,9707,9713,9707,9720,9715,9723,9715,7
2013-11-15 11:52:00,2013-11-15 11:54:00,9712,9712,9717,9707,9720,9720,9725,9715,4
2013-11-15 11:54:00,2013-11-15 11:56:00,9717,9718,9722,9718,9725,9728,9730,9728,10
2013-11-15 11:56:00,2013-11-15 11:57:00,9718,9722,9722,9717,9728,9730,9730,9725,4
2013-11-15 11:57:00,2013-11-15 12:00:00,9727,9722,9727,9722,9735,9730,9735,9730,3
2013-11-15 12:00:00,2013-11-15 12:01:00,9722,9727,9727,9722,9730,9735,9735,9730,10
2013-11-15 12:01:00,2013-11-15 12:02:00,9727,9717,9723,9717,9735,9725,9733,9725,10
2013-11-15 12:02:00,2013-11-15 12:03:00,9717,9713,9718,9712,9725,9723,9728,9720,15
2013-11-15 12:03:00,2013-11-15 12:04:00,9713,9727,9727,9717,9723,9735,9735,9725,7
2013-11-15 12:04:00,2013-11-15 12:05:00,9727,9733,9737,9727,9735,9743,9745,9735,9
2013-11-15 12:05:00,2013-11-15 12:06:00,9733,9727,9732,9727,9743,9735,9740,9735,20
2013-11-15 12:06:00,2013-11-15 12:07:00,9727,9727,9732,9727,9735,9735,9740,9735,8
2013-11-15 12:07:00,2013-11-15 12:08:00,9727,9737,9737,9732,9735,9745,9745,9740,4
2013-11-15 12:08:00,2013-11-15 12:09:00,9737,9737,9737,9733,9745,9745,9745,9743,2
2013-11-15 12:09:00,2013-11-15 12:10:00,9737,9732,9737,9727,9745,9740,9745,9735,5
2013-11-15 12:10:00,2013-11-15 12:11:00,9732,9732,9737,9732,9740,9740,9745,9740,2
2013-11-15 12:11:00,2013-11-15 12:12:00,9732,9727,9737,9727,9740,9735,9745,9735,6
2013-11-15 12:12:00,2013-11-15 12:13:00,9727,9732,9732,9728,9735,9740,9740,9738,3
2013-11-15 12:13:00,2013-11-15 12:14:00,9732,9732,9737,9732,9740,9740,9745,9740,3
2013-11-15 12:14:00,2013-11-15 12:16:00,9732,9732,9732,9727,9740,9740,9740,9735,4
2013-11-15 12:16:00,2013-11-15 12:18:00,9727,9722,9722,9717,9735,9730,9730,9725,11
2013-11-15 12:18:00,2013-11-15 12:19:00,9722,9732,9732,9727,9730,9740,9740,9735,2
2013-11-15 12:19:00,2013-11-15 12:20:00,9732,9727,9732,9727,9740,9735,9740,9735,4
2013-11-15 12:20:00,2013-11-15 12:23:00,9727,9732,9732,9728,9735,9740,9740,9738,2
2013-11-15 12:23:00,2013-11-15 12:24:00,9732,9727,9732,9727,9740,9735,9740,9735,8
2013-11-15 12:24:00,2013-11-15 12:25:00,9727,9727,9728,9727,9735,9735,9738,9735,2
2013-11-15 12:25:00,2013-11-15 12:26:00,9727,9722,9723,9722,9735,9730,9733,9730,2
2013-11-15 12:26:00,2013-11-15 12:27:00,9722,9722,9732,9722,9730,9730,9740,9730,6
2013-11-15 12:27:00,2013-11-15 12:28:00,9722,9727,9732,9727,9730,9735,9740,9735,4
2013-11-15 12:28:00,2013-11-15 12:31:00,9722,9727,9727,9727,9730,9735,9735,9735,1
2013-11-15 12:31:00,2013-11-15 12:32:00,9727,9732,9732,9727,9735,9740,9740,9735,6
2013-11-15 12:32:00,2013-11-15 12:36:00,9727,9732,9732,9727,9735,9740,9740,9735,3
2013-11-15 12:36:00,2013-11-15 12:37:00,9732,9727,9727,9727,9740,9735,9735,9735,1
2013-11-15 12:37:00,2013-11-15 12:38:00,9727,9722,9722,9722,9735,9730,9730,9730,1
2013-11-15 12:38:00,2013-11-15 12:40:00,9722,9722,9727,9722,9730,9730,9735,9730,3
2013-11-15 12:40:00,2013-11-15 12:41:00,9722,9722,9723,9722,9730,9730,9733,9730,4
2013-11-15 12:41:00,2013-11-15 12:43:00,9722,9727,9727,9722,9730,9735,9735,9730,7
2013-11-15 12:43:00,2013-11-15 12:44:00,9727,9717,9727,9717,9735,9725,9735,9725,5
2013-11-15 12:44:00,2013-11-15 12:46:00,9717,9722,9722,9718,9725,9730,9730,9728,4
2013-11-15 12:46:00,2013-11-15 12:47:00,9722,9723,9727,9722,9730,9733,9735,9730,3
2013-11-15 12:47:00,2013-11-15 12:48:00,9723,9722,9727,9722,9733,9730,9735,9730,7
2013-11-15 12:48:00,2013-11-15 12:51:00,9722,9717,9722,9717,9730,9725,9730,9725,3
2013-11-15 12:51:00,2013-11-15 12:52:00,9717,9717,9717,9712,9725,9725,9725,9720,4
2013-11-15 12:52:00,2013-11-15 12:53:00,9717,9712,9713,9712,9725,9720,9723,9720,4
2013-11-15 12:53:00,2013-11-15 12:56:00,9712,9722,9722,9712,9720,9730,9730,9720,4
2013-11-15 12:56:00,2013-11-15 12:57:00,9722,9712,9717,9712,9730,9720,9725,9720,4
2013-11-15 12:57:00,2013-11-15 12:59:00,9712,9712,9712,9708,9720,9720,9720,9718,4
2013-11-15 12:59:00,2013-11-15 13:05:00,9712,9712,9712,9707,9720,9720,9720,9715,4
2013-11-15 13:05:00,2013-11-15 13:07:00,9712,9712,9717,9712,9720,9720,9725,9720,7
2013-11-15 13:07:00,2013-11-15 13:09:00,9712,9712,9717,9712,9720,9720,9725,9720,5
2013-11-15 13:09:00,2013-11-15 13:20:00,9707,9712,9712,9708,9715,9720,9720,9718,2
2013-11-15 13:20:00,2013-11-15 13:26:00,9712,9717,9717,9717,9720,9725,9725,9725,1
2013-11-15 13:26:00,2013-11-15 13:28:00,9713,9717,9717,9717,9723,9725,9725,9725,1
2013-11-15 13:28:00,2013-11-15 13:29:00,9717,9713,9713,9713,9725,9723,9723,9723,1
2013-11-15 13:29:00,2013-11-15 13:30:00,9713,9717,9717,9713,9723,9725,9725,9723,3
2013-11-15 13:30:00,2013-11-15 13:35:00,9712,9712,9717,9712,9720,9720,9725,9720,2
2013-11-15 13:35:00,2013-11-15 13:40:00,9717,9722,9722,9718,9725,9730,9730,9728,2
2013-11-15 13:40:00,2013-11-15 13:41:00,9722,9727,9727,9722,9730,9735,9735,9730,4
2013-11-15 13:41:00,2013-11-15 13:42:00,9727,9722,9727,9722,9735,9730,9735,9730,7
2013-11-15 13:42:00,2013-11-15 13:43:00,9722,9717,9717,9717,9730,9725,9725,9725,1
2013-11-15 13:43:00,2013-11-15 13:44:00,9717,9727,9727,9717,9725,9735,9735,9725,4
2013-11-15 13:44:00,2013-11-15 13:45:00,9727,9732,9732,9727,9735,9740,9740,9735,5
2013-11-15 13:45:00,2013-11-15 13:46:00,9732,9722,9732,9722,9740,9730,9740,9730,20
2013-11-15 13:46:00,2013-11-15 13:48:00,9722,9707,9717,9707,9730,9715,9725,9715,3
2013-11-15 13:48:00,2013-11-15 13:49:00,9707,9718,9722,9712,9715,9728,9730,9720,13
2013-11-15 13:49:00,2013-11-15 13:50:00,9718,9717,9717,9712,9728,9725,9725,9720,3
2013-11-15 13:50:00,2013-11-15 13:51:00,9717,9712,9717,9712,9725,9720,9725,9720,6
2013-11-15 13:51:00,2013-11-15 13:52:00,9712,9712,9717,9712,9720,9720,9725,9720,10
2013-11-15 13:52:00,2013-11-15 13:54:00,9712,9712,9713,9712,9720,9720,9723,9720,2
2013-11-15 13:54:00,2013-11-15 13:55:00,9712,9712,9713,9712,9720,9720,9723,9720,4
2013-11-15 13:55:00,2013-11-15 13:56:00,9712,9713,9713,9712,9720,9723,9723,9720,13
2013-11-15 13:56:00,2013-11-15 13:57:00,9713,9717,9717,9712,9723,9725,9725,9720,11
2013-11-15 13:57:00,2013-11-15 13:58:00,9717,9712,9717,9712,9725,9720,9725,9720,9
2013-11-15 13:58:00,2013-11-15 13:59:00,9712,9712,9712,9707,9720,9720,9720,9715,15
2013-11-15 13:59:00,2013-11-15 14:00:00,9712,9717,9717,9713,9720,9725,9725,9723,2
2013-11-15 14:00:00,2013-11-15 14:01:00,9717,9717,9717,9712,9725,9725,9725,9720,5
2013-11-15 14:01:00,2013-11-15 14:02:00,9717,9712,9712,9712,9725,9720,9720,9720,1
2013-11-15 14:02:00,2013-11-15 14:03:00,9712,9712,9712,9707,9720,9720,9720,9715,5
2013-11-15 14:03:00,2013-11-15 14:04:00,9712,9707,9708,9707,9720,9715,9718,9715,3
2013-11-15 14:04:00,2013-11-15 14:05:00,9707,9708,9712,9707,9715,9718,9720,9715,15
2013-11-15 14:05:00,2013-11-15 14:06:00,9708,9712,9712,9708,9718,9720,9720,9718,3
2013-11-15 14:06:00,2013-11-15 14:13:00,9707,9707,9708,9707,9715,9715,9718,9715,2
2013-11-15 14:13:00,2013-11-15 14:14:00,9707,9708,9708,9707,9715,9718,9718,9715,3
2013-11-15 14:14:00,2013-11-15 14:15:00,9708,9712,9712,9712,9718,9720,9720,9720,1
2013-11-15 14:15:00,2013-11-15 14:16:00,9712,9708,9708,9707,9720,9718,9718,9715,2
2013-11-15 14:16:00,2013-11-15 14:18:00,9707,9698,9702,9698,9715,9708,9710,9708,2
2013-11-15 14:18:00,2013-11-15 14:19:00,9698,9702,9702,9698,9708,9710,9710,9708,3
2013-11-15 14:19:00,2013-11-15 14:22:00,9702,9707,9707,9702,9710,9715,9715,9710,5
2013-11-15 14:22:00,2013-11-15 14:27:00,9707,9712,9712,9707,9715,9720,9720,9715,5
2013-11-15 14:27:00,2013-11-15 14:30:00,9707,9707,9708,9707,9715,9715,9718,9715,8
2013-11-15 14:30:00,2013-11-15 14:31:00,9707,9712,9712,9708,9715,9720,9720,9718,8
2013-11-15 14:31:00,2013-11-15 14:32:00,9712,9707,9712,9707,9720,9715,9720,9715,5
2013-11-15 14:32:00,2013-11-15 14:33:00,9707,9712,9712,9702,9715,9720,9720,9710,3
2013-11-15 14:33:00,2013-11-15 14:34:00,9712,9707,9712,9707,9720,9715,9720,9715,10
2013-11-15 14:34:00,2013-11-15 14:35:00,9707,9702,9707,9702,9715,9710,9715,9710,18
2013-11-15 14:35:00,2013-11-15 14:36:00,9702,9702,9707,9702,9710,9710,9715,9710,11
2013-11-15 14:36:00,2013-11-15 14:37:00,9702,9687,9697,9687,9710,9695,9705,9695,3
2013-11-15 14:37:00,2013-11-15 14:39:00,9682,9687,9687,9682,9690,9695,9695,9690,4
2013-11-15 14:39:00,2013-11-15 14:43:00,9682,9687,9687,9682,9690,9695,9695,9690,6
2013-11-15 14:43:00,2013-11-15 14:45:00,9687,9687,9688,9687,9695,9695,9698,9695,2
2013-11-15 14:45:00,2013-11-15 14:47:00,9692,9697,9702,9697,9700,9705,9710,9705,4
2013-11-15 14:47:00,2013-11-15 14:51:00,9692,9692,9692,9687,9700,9700,9700,9695,4
2013-11-15 14:51:00,2013-11-15 14:54:00,9692,9687,9687,9687,9700,9695,9695,9695,1
2013-11-15 14:54:00,2013-11-15 14:55:00,9687,9692,9692,9692,9695,9700,9700,9700,1
2013-11-15 14:55:00,2013-11-15 14:57:00,9687,9688,9692,9688,9695,9698,9700,9698,3
2013-11-15 14:57:00,2013-11-15 14:58:00,9688,9692,9692,9687,9698,9700,9700,9695,3
2013-11-15 14:58:00,2013-11-15 14:59:00,9692,9693,9697,9692,9700,9703,9705,9700,5
2013-11-15 14:59:00,2013-11-15 15:00:00,9693,9702,9702,9692,9703,9710,9710,9700,6
2013-11-15 15:00:00,2013-11-15 15:01:00,9702,9702,9702,9698,9710,9710,9710,9708,4
2013-11-15 15:01:00,2013-11-15 15:02:00,9702,9687,9697,9687,9710,9695,9705,9695,11
2013-11-15 15:02:00,2013-11-15 15:03:00,9687,9682,9687,9682,9695,9690,9695,9690,6
2013-11-15 15:03:00,2013-11-15 15:04:00,9682,9687,9692,9683,9690,9695,9700,9693,7
2013-11-15 15:04:00,2013-11-15 15:06:00,9687,9682,9692,9682,9695,9690,9700,9690,10
2013-11-15 15:06:00,2013-11-15 15:08:00,9682,9682,9683,9682,9690,9690,9693,9690,2
2013-11-15 15:08:00,2013-11-15 15:09:00,9682,9688,9692,9683,9690,9698,9700,9693,7
2013-11-15 15:09:00,2013-11-15 15:10:00,9688,9692,9692,9687,9698,9700,9700,9695,5
2013-11-15 15:10:00,2013-11-15 15:11:00,9692,9687,9697,9687,9700,9695,9705,9695,15
2013-11-15 15:11:00,2013-11-15 15:12:00,9687,9692,9692,9682,9695,9700,9700,9690,3
2013-11-15 15:12:00,2013-11-15 15:15:00,9687,9677,9682,9677,9695,9685,9690,9685,2
2013-11-15 15:15:00,2013-11-15 15:17:00,9672,9662,9672,9662,9680,9670,9680,9670,7
2013-11-15 15:17:00,2013-11-15 15:18:00,9662,9662,9667,9662,9670,9670,9675,9670,5
2013-11-15 15:18:00,2013-11-15 15:19:00,9662,9672,9672,9667,9670,9680,9680,9675,2
2013-11-15 15:19:00,2013-11-15 15:21:00,9672,9677,9677,9672,9680,9685,9685,9680,3
2013-11-15 15:21:00,2013-11-15 15:23:00,9677,9677,9677,9673,9685,9685,9685,9683,4
2013-11-15 15:23:00,2013-11-15 15:24:00,9677,9672,9672,9672,9685,9680,9680,9680,1
2013-11-15 15:24:00,2013-11-15 15:25:00,9672,9672,9672,9667,9680,9680,9680,9675,2
2013-11-15 15:25:00,2013-11-15 15:27:00,9677,9672,9673,9672,9685,9680,9683,9680,5
2013-11-15 15:27:00,2013-11-15 15:29:00,9667,9667,9667,9662,9675,9675,9675,9670,14
2013-11-15 15:29:00,2013-11-15 15:30:00,9667,9667,9667,9662,9675,9675,9675,9670,3
2013-11-15 15:30:00,2013-11-15 15:31:00,9667,9672,9672,9672,9675,9680,9680,9680,1
2013-11-15 15:31:00,2013-11-15 15:32:00,9672,9667,9667,9667,9680,9675,9675,9675,1
2013-11-15 15:32:00,2013-11-15 15:33:00,9667,9662,9667,9662,9675,9670,9675,9670,6
2013-11-15 15:33:00,2013-11-15 15:34:00,9662,9667,9667,9662,9670,9675,9675,9670,19
2013-11-15 15:34:00,2013-11-15 15:35:00,9667,9667,9667,9662,9675,9675,9675,9670,5
2013-11-15 15:35:00,2013-11-15 15:36:00,9667,9662,9667,9662,9675,9670,9675,9670,7
2013-11-15 15:36:00,2013-11-15 15:37:00,9662,9662,9667,9662,9670,9670,9675,9670,17
2013-11-15 15:37:00,2013-11-15 15:38:00,9662,9663,9667,9663,9670,9673,9675,9673,3
2013-11-15 15:38:00,2013-11-15 15:39:00,9663,9662,9667,9662,9673,9670,9675,9670,8
2013-11-15 15:39:00,2013-11-15 15:40:00,9662,9657,9657,9657,9670,9665,9665,9665,1
2013-11-15 15:40:00,2013-11-15 15:41:00,9657,9652,9657,9652,9665,9660,9665,9660,3
2013-11-15 15:41:00,2013-11-15 15:42:00,9652,9657,9657,9653,9660,9665,9665,9663,3
2013-11-15 15:42:00,2013-11-15 15:44:00,9657,9667,9667,9662,9665,9675,9675,9670,2
2013-11-15 15:44:00,2013-11-15 15:45:00,9667,9667,9667,9663,9675,9675,9675,9673,2
2013-11-15 15:45:00,2013-11-15 15:46:00,9667,9672,9677,9667,9675,9680,9685,9675,8
2013-11-15 15:46:00,2013-11-15 15:47:00,9672,9682,9682,9677,9680,9690,9690,9685,9
2013-11-15 15:47:00,2013-11-15 15:48:00,9682,9682,9687,9682,9690,9690,9695,9690,2
2013-11-15 15:48:00,2013-11-15 15:49:00,9682,9687,9687,9677,9690,9695,9695,9685,4
2013-11-15 15:49:00,2013-11-15 15:50:00,9687,9687,9692,9687,9695,9695,9700,9695,5
2013-11-15 15:50:00,2013-11-15 15:51:00,9687,9682,9682,9682,9695,9690,9690,9690,1
2013-11-15 15:51:00,2013-11-15 15:52:00,9682,9692,9692,9687,9690,9700,9700,9695,2
2013-11-15 15:52:00,2013-11-15 15:53:00,9692,9687,9692,9687,9700,9695,9700,9695,3
2013-11-15 15:53:00,2013-11-15 15:55:00,9687,9682,9683,9682,9695,9690,9693,9690,2
2013-11-15 15:55:00,2013-11-15 15:58:00,9682,9687,9687,9687,9690,9695,9695,9695,1
2013-11-15 15:58:00,2013-11-15 15:59:00,9687,9687,9687,9682,9695,9695,9695,9690,2
2013-11-15 15:59:00,2013-11-15 16:03:00,9687,9682,9687,9682,9695,9690,9695,9690,13
2013-11-15 16:03:00,2013-11-15 16:05:00,9682,9677,9682,9677,9690,9685,9690,9685,8
2013-11-15 16:05:00,2013-11-15 16:07:00,9677,9682,9682,9682,9685,9690,9690,9690,1
2013-11-15 16:07:00,2013-11-15 16:08:00,9682,9682,9687,9682,9690,9690,9695,9690,4
2013-11-15 16:08:00,2013-11-15 16:09:00,9682,9682,9682,9678,9690,9690,9690,9688,2
2013-11-15 16:09:00,2013-11-15 16:11:00,9687,9697,9697,9692,9695,9705,9705,9700,2
2013-11-15 16:11:00,2013-11-15 16:15:00,9697,9692,9692,9692,9705,9700,9700,9700,1
2013-11-15 16:15:00,2013-11-15 16:16:00,9692,9697,9697,9693,9700,9705,9705,9703,2
2013-11-15 16:16:00,2013-11-15 16:17:00,9697,9692,9693,9692,9705,9700,9703,9700,2
2013-11-15 16:17:00,2013-11-15 16:19:00,9692,9687,9688,9687,9700,9695,9698,9695,2
2013-11-15 16:19:00,2013-11-15 16:20:00,9687,9692,9697,9688,9695,9700,9705,9698,7
2013-11-15 16:20:00,2013-11-15 16:22:00,9692,9692,9697,9692,9700,9700,9705,9700,4
2013-11-15 16:22:00,2013-11-15 16:25:00,9692,9697,9697,9697,9700,9705,9705,9705,1
2013-11-15 16:25:00,2013-11-15 16:28:00,9697,9697,9702,9697,9705,9705,9710,9705,6
2013-11-15 16:28:00,2013-11-15 16:29:00,9697,9692,9692,9687,9705,9700,9700,9695,4
2013-11-15 16:29:00,2013-11-18 08:01:00,9692,9672,9672,9667,9700,9680,9680,9675,4
2013-11-18 08:01:00,2013-11-18 08:02:00,9672,9677,9682,9667,9680,9685,9690,9675,14
2013-11-18 08:02:00,2013-11-18 08:03:00,9677,9682,9682,9677,9685,9690,9690,9685,8
2013-11-18 08:03:00,2013-11-18 08:04:00,9682,9682,9682,9677,9690,9690,9690,9685,8
2013-11-18 08:04:00,2013-11-18 08:05:00,9682,9672,9682,9667,9690,9680,9690,9675,19
2013-11-18 08:05:00,2013-11-18 08:06:00,9672,9662,9672,9657,9680,9670,9680,9665,13
2013-11-18 08:06:00,2013-11-18 08:07:00,9662,9647,9657,9647,9670,9655,9665,9655,18
2013-11-18 08:07:00,2013-11-18 08:08:00,9647,9652,9657,9642,9655,9660,9665,9650,9
2013-11-18 08:08:00,2013-11-18 08:09:00,9652,9647,9657,9647,9660,9655,9665,9655,6
2013-11-18 08:09:00,2013-11-18 08:10:00,9647,9647,9652,9637,9655,9655,9660,9645,24
2013-11-18 08:10:00,2013-11-18 08:12:00,9647,9642,9652,9642,9655,9650,9660,9650,9
2013-11-18 08:12:00,2013-11-18 08:13:00,9642,9647,9652,9647,9650,9655,9660,9655,12
2013-11-18 08:13:00,2013-11-18 08:14:00,9647,9652,9657,9652,9655,9660,9665,9660,7
2013-11-18 08:14:00,2013-11-18 08:15:00,9652,9672,9672,9653,9660,9680,9680,9663,12
2013-11-18 08:15:00,2013-11-18 08:16:00,9672,9667,9672,9667,9680,9675,9680,9675,9
2013-11-18 08:16:00,2013-11-18 08:17:00,9667,9677,9677,9667,9675,9685,9685,9675,20
2013-11-18 08:17:00,2013-11-18 08:18:00,9677,9672,9672,9667,9685,9680,9680,9675,3
2013-11-18 08:18:00,2013-11-18 08:19:00,9672,9673,9677,9672,9680,9683,9685,9680,10
2013-11-18 08:19:00,2013-11-18 08:20:00,9673,9672,9677,9672,9683,9680,9685,9680,2
2013-11-18 08:20:00,2013-11-18 08:21:00,9672,9672,9677,9672,9680,9680,9685,9680,2
2013-11-18 08:21:00,2013-11-18 08:22:00,9672,9682,9687,9672,9680,9690,9695,9680,7
2013-11-18 08:22:00,2013-11-18 08:23:00,9682,9677,9677,9677,9690,9685,9685,9685,1
2013-11-18 08:23:00,2013-11-18 08:24:00,9677,9682,9682,9677,9685,9690,9690,9685,6
2013-11-18 08:24:00,2013-11-18 08:25:00,9682,9682,9687,9682,9690,9690,9695,9690,12
2013-11-18 08:25:00,2013-11-18 08:26:00,9682,9687,9692,9682,9690,9695,9700,9690,7
2013-11-18 08:26:00,2013-11-18 08:27:00,9687,9687,9688,9682,9695,9695,9698,9690,9
2013-11-18 08:27:00,2013-11-18 08:28:00,9687,9677,9682,9677,9695,9685,9690,9685,9
2013-11-18 08:28:00,2013-11-18 08:29:00,9677,9682,9682,9672,9685,9690,9690,9680,14
2013-11-18 08:29:00,2013-11-18 08:31:00,9682,9682,9687,9682,9690,9690,9695,9690,11
2013-11-18 08:31:00,2013-11-18 08:33:00,9687,9682,9687,9682,9695,9690,9695,9690,12
2013-11-18 08:33:00,2013-11-18 08:35:00,9682,9687,9687,9683,9690,9695,9695,9693,5
2013-11-18 08:35:00,2013-11-18 08:36:00,9687,9683,9687,9682,9695,9693,9695,9690,5
2013-11-18 08:36:00,2013-11-18 08:37:00,9683,9682,9682,9682,9693,9690,9690,9690,1
2013-11-18 08:37:00,2013-11-18 08:38:00,9682,9682,9682,9677,9690,9690,9690,9685,9
2013-11-18 08:38:00,2013-11-18 08:39:00,9682,9682,9682,9677,9690,9690,9690,9685,3
2013-11-18 08:39:00,2013-11-18 08:40:00,9682,9682,9687,9682,9690,9690,9695,9690,3
2013-11-18 08:40:00,2013-11-18 08:41:00,9682,9687,9687,9683,9690,9695,9695,9693,3
2013-11-18 08:41:00,2013-11-18 08:42:00,9687,9687,9687,9682,9695,9695,9695,9690,4
2013-11-18 08:42:00,2013-11-18 08:43:00,9687,9682,9687,9682,9695,9690,9695,9690,5
2013-11-18 08:43:00,2013-11-18 08:45:00,9682,9672,9677,9672,9690,9680,9685,9680,8
2013-11-18 08:45:00,2013-11-18 08:46:00,9672,9672,9672,9667,9680,9680,9680,9675,10
2013-11-18 08:46:00,2013-11-18 08:47:00,9672,9672,9677,9672,9680,9680,9685,9680,11
2013-11-18 08:47:00,2013-11-18 08:48:00,9672,9677,9677,9672,9680,9685,9685,9680,18
2013-11-18 08:48:00,2013-11-18 08:49:00,9677,9677,9677,9672,9685,9685,9685,9680,2
2013-11-18 08:49:00,2013-11-18 08:50:00,9677,9672,9673,9672,9685,9680,9683,9680,4
2013-11-18 08:50:00,2013-11-18 08:51:00,9672,9677,9677,9673,9680,9685,9685,9683,2
2013-11-18 08:51:00,2013-11-18 08:52:00,9677,9673,9677,9672,9685,9683,9685,9680,13
2013-11-18 08:52:00,2013-11-18 08:53:00,9673,9672,9677,9672,9683,9680,9685,9680,13
2013-11-18 08:53:00,2013-11-18 08:54:00,9672,9672,9677,9672,9680,9680,9685,9680,4
2013-11-18 08:54:00,2013-11-18 08:56:00,9672,9677,9677,9672,9680,9685,9685,9680,5
2013-11-18 08:56:00,2013-11-18 08:57:00,9677,9663,9677,9662,9685,9673,9685,9670,13
2013-11-18 08:57:00,2013-11-18 08:58:00,9663,9667,9672,9667,9673,9675,9680,9675,3
2013-11-18 08:58:00,2013-11-18 08:59:00,9667,9662,9662,9662,9675,9670,9670,9670,1
2013-11-18 08:59:00,2013-11-18 09:00:00,9662,9662,9663,9657,9670,9670,9673,9665,4
2013-11-18 09:00:00,2013-11-18 09:01:00,9662,9662,9667,9662,9670,9670,9675,9670,4
2013-11-18 09:01:00,2013-11-18 09:02:00,9662,9662,9662,9657,9670,9670,9670,9665,2
2013-11-18 09:02:00,2013-11-18 09:03:00,9662,9667,9667,9663,9670,9675,9675,9673,9
2013-11-18 09:03:00,2013-11-18 09:04:00,9667,9667,9672,9667,9675,9675,9680,9675,3
2013-11-18 09:04:00,2013-11-18 09:05:00,9667,9667,9668,9662,9675,9675,9678,9670,7
2013-11-18 09:05:00,2013-11-18 09:06:00,9667,9672,9672,9668,9675,9680,9680,9678,4
2013-11-18 09:06:00,2013-11-18 09:07:00,9672,9677,9677,9677,9680,9685,9685,9685,1
2013-11-18 09:07:00,2013-11-18 09:08:00,9677,9667,9672,9667,9685,9675,9680,9675,2
2013-11-18 09:08:00,2013-11-18 09:09:00,9667,9667,9672,9667,9675,9675,9680,9675,4
2013-11-18 09:09:00,2013-11-18 09:10:00,9667,9667,9672,9667,9675,9675,9680,9675,5
2013-11-18 09:10:00,2013-11-18 09:11:00,9667,9667,9668,9667,9675,9675,9678,9675,2
2013-11-18 09:11:00,2013-11-18 09:13:00,9667,9663,9667,9662,9675,9673,9675,9670,5
2013-11-18 09:13:00,2013-11-18 09:14:00,9663,9662,9662,9662,9673,9670,9670,9670,1
2013-11-18 09:14:00,2013-11-18 09:15:00,9662,9667,9667,9662,9670,9675,9675,9670,7
2013-11-18 09:15:00,2013-11-18 09:16:00,9667,9662,9663,9662,9675,9670,9673,9670,5
2013-11-18 09:16:00,2013-11-18 09:17:00,9662,9667,9667,9662,9670,9675,9675,9670,4
2013-11-18 09:17:00,2013-11-18 09:19:00,9667,9662,9667,9657,9675,9670,9675,9665,6
2013-11-18 09:19:00,2013-11-18 09:20:00,9662,9657,9662,9657,9670,9665,9670,9665,9
2013-11-18 09:20:00,2013-11-18 09:21:00,9657,9662,9662,9657,9665,9670,9670,9665,6
2013-11-18 09:21:00,2013-11-18 09:22:00,9662,9667,9667,9667,9670,9675,9675,9675,1
2013-11-18 09:22:00,2013-11-18 09:23:00,9667,9667,9672,9667,9675,9675,9680,9675,6
2013-11-18 09:23:00,2013-11-18 09:24:00,9667,9667,9667,9662,9675,9675,9675,9670,2
2013-11-18 09:24:00,2013-11-18 09:26:00,9667,9672,9672,9667,9675,9680,9680,9675,5
2013-11-18 09:26:00,2013-11-18 09:28:00,9672,9677,9677,9672,9680,9685,9685,9680,9
2013-11-18 09:28:00,2013-11-18 09:29:00,9677,9687,9687,9677,9685,9695,9695,9685,7
2013-11-18 09:29:00,2013-11-18 09:30:00,9687,9682,9683,9682,9695,9690,9693,9690,3
2013-11-18 09:30:00,2013-11-18 09:31:00,9682,9687,9687,9683,9690,9695,9695,9693,2
2013-11-18 09:31:00,2013-11-18 09:32:00,9687,9687,9687,9682,9695,9695,9695,9690,7
2013-11-18 09:32:00,2013-11-18 09:33:00,9687,9687,9687,9682,9695,9695,9695,9690,5
2013-11-18 09:33:00,2013-11-18 09:35:00,9682,9682,9687,9677,9690,9690,9695,9685,17
2013-11-18 09:35:00,2013-11-18 09:36:00,9682,9687,9687,9678,9690,9695,9695,9688,3
2013-11-18 09:36:00,2013-11-18 09:37:00,9687,9682,9687,9682,9695,9690,9695,9690,3
2013-11-18 09:37:00,2013-11-18 09:38:00,9682,9692,9692,9682,9690,9700,9700,9690,6
2013-11-18 09:38:00,2013-11-18 09:39:00,9692,9693,9697,9692,9700,9703,9705,9700,3
2013-11-18 09:39:00,2013-11-18 09:40:00,9693,9707,9707,9697,9703,9715,9715,9705,3
2013-11-18 09:40:00,2013-11-18 09:41:00,9707,9712,9712,9703,9715,9720,9720,9713,3
2013-11-18 09:41:00,2013-11-18 09:43:00,9712,9712,9712,9707,9720,9720,9720,9715,2
2013-11-18 09:43:00,2013-11-18 09:44:00,9712,9707,9707,9707,9720,9715,9715,9715,1
2013-11-18 09:44:00,2013-11-18 09:45:00,9707,9708,9712,9707,9715,9718,9720,9715,6
2013-11-18 09:45:00,2013-11-18 09:46:00,9708,9707,9707,9707,9718,9715,9715,9715,1
2013-11-18 09:46:00,2013-11-18 09:47:00,9707,9707,9707,9702,9715,9715,9715,9710,3
2013-11-18 09:47:00,2013-11-18 09:48:00,9707,9707,9707,9702,9715,9715,9715,9710,11
2013-11-18 09:48:00,2013-11-18 09:49:00,9707,9707,9712,9707,9715,9715,9720,9715,6
2013-11-18 09:49:00,2013-11-18 09:50:00,9707,9717,9717,9708,9715,9725,9725,9718,5
2013-11-18 09:50:00,2013-11-18 09:51:00,9717,9712,9717,9712,9725,9720,9725,9720,8
2013-11-18 09:51:00,2013-11-18 09:52:00,9712,9712,9717,9712,9720,9720,9725,9720,12
2013-11-18 09:52:00,2013-11-18 09:53:00,9712,9707,9712,9707,9720,9715,9720,9715,6
2013-11-18 09:53:00,2013-11-18 09:55:00,9707,9707,9712,9707,9715,9715,9720,9715,2
2013-11-18 09:55:00,2013-11-18 09:58:00,9707,9712,9712,9707,9715,9720,9720,9715,3
2013-11-18 09:58:00,2013-11-18 10:01:00,9712,9722,9722,9712,9720,9730,9730,9720,11
2013-11-18 10:01:00,2013-11-18 10:02:00,9722,9722,9727,9717,9730,9730,9735,9725,5
2013-11-18 10:02:00,2013-11-18 10:03:00,9722,9742,9742,9727,9730,9750,9750,9735,18
2013-11-18 10:03:00,2013-11-18 10:04:00,9742,9742,9752,9737,9750,9750,9760,9745,32
2013-11-18 10:04:00,2013-11-18 10:05:00,9742,9742,9747,9737,9750,9750,9755,9745,24
2013-11-18 10:05:00,2013-11-18 10:06:00,9742,9742,9747,9742,9750,9750,9755,9750,6
2013-11-18 10:06:00,2013-11-18 10:09:00,9742,9752,9752,9747,9750,9760,9760,9755,3
2013-11-18 10:09:00,2013-11-18 10:10:00,9752,9747,9752,9747,9760,9755,9760,9755,17
2013-11-18 10:10:00,2013-11-18 10:11:00,9747,9747,9752,9747,9755,9755,9760,9755,5
2013-11-18 10:11:00,2013-11-18 10:12:00,9747,9762,9763,9747,9755,9770,9773,9755,26
2013-11-18 10:12:00,2013-11-18 10:13:00,9762,9762,9767,9762,9770,9770,9775,9770,12
2013-11-18 10:13:00,2013-11-18 10:14:00,9762,9752,9762,9752,9770,9760,9770,9760,16
2013-11-18 10:14:00,2013-11-18 10:15:00,9752,9757,9762,9752,9760,9765,9770,9760,13
2013-11-18 10:15:00,2013-11-18 10:17:00,9757,9757,9757,9752,9765,9765,9765,9760,6
2013-11-18 10:17:00,2013-11-18 10:21:00,9757,9752,9752,9752,9765,9760,9760,9760,1
2013-11-18 10:21:00,2013-11-18 10:23:00,9752,9742,9748,9742,9760,9750,9758,9750,6
2013-11-18 10:23:00,2013-11-18 10:24:00,9742,9742,9747,9742,9750,9750,9755,9750,4
2013-11-18 10:24:00,2013-11-18 10:25:00,9742,9747,9747,9742,9750,9755,9755,9750,5
2013-11-18 10:25:00,2013-11-18 10:29:00,9747,9747,9748,9747,9755,9755,9758,9755,4
2013-11-18 10:29:00,2013-11-18 10:30:00,9747,9752,9752,9748,9755,9760,9760,9758,2
2013-11-18 10:30:00,2013-11-18 10:31:00,9752,9747,9752,9747,9760,9755,9760,9755,6
2013-11-18 10:31:00,2013-11-18 10:32:00,9747,9752,9752,9748,9755,9760,9760,9758,3
2013-11-18 10:32:00,2013-11-18 10:35:00,9752,9752,9757,9747,9760,9760,9765,9755,7
2013-11-18 10:35:00,2013-11-18 10:37:00,9752,9747,9747,9747,9760,9755,9755,9755,1
2013-11-18 10:37:00,2013-11-18 10:40:00,9742,9747,9747,9747,9750,9755,9755,9755,1
2013-11-18 10:40:00,2013-11-18 10:41:00,9747,9752,9752,9748,9755,9760,9760,9758,5
2013-11-18 10:41:00,2013-11-18 10:43:00,9752,9752,9757,9752,9760,9760,9765,9760,7
2013-11-18 10:43:00,2013-11-18 10:45:00,9757,9757,9757,9752,9765,9765,9765,9760,4
2013-11-18 10:45:00,2013-11-18 10:46:00,9757,9757,9757,9752,9765,9765,9765,9760,7
2013-11-18 10:46:00,2013-11-18 10:47:00,9757,9757,9757,9752,9765,9765,9765,9760,3
2013-11-18 10:47:00,2013-11-18 10:48:00,9757,9757,9762,9757,9765,9765,9770,9765,2
2013-11-18 10:48:00,2013-11-18 10:53:00,9752,9762,9762,9757,9760,9770,9770,9765,6
2013-11-18 10:53:00,2013-11-18 10:56:00,9757,9752,9757,9752,9765,9760,9765,9760,7
2013-11-18 10:56:00,2013-11-18 10:57:00,9752,9757,9757,9752,9760,9765,9765,9760,5
2013-11-18 10:57:00,2013-11-18 10:58:00,9757,9757,9757,9752,9765,9765,9765,9760,2
2013-11-18 10:58:00,2013-11-18 10:59:00,9757,9762,9762,9762,9765,9770,9770,9770,1
2013-11-18 10:59:00,2013-11-18 11:00:00,9762,9762,9762,9757,9770,9770,9770,9765,2
2013-11-18 11:00:00,2013-11-18 11:01:00,9762,9767,9767,9763,9770,9775,9775,9773,9
2013-11-18 11:01:00,2013-11-18 11:05:00,9772,9767,9772,9767,9780,9775,9780,9775,7
2013-11-18 11:05:00,2013-11-18 11:07:00,9772,9772,9772,9767,9780,9780,9780,9775,2
2013-11-18 11:07:00,2013-11-18 11:09:00,9772,9772,9777,9772,9780,9780,9785,9780,6
2013-11-18 11:09:00,2013-11-18 11:10:00,9772,9772,9777,9772,9780,9780,9785,9780,4
2013-11-18 11:10:00,2013-11-18 11:11:00,9772,9777,9777,9772,9780,9785,9785,9780,3
2013-11-18 11:11:00,2013-11-18 11:12:00,9777,9777,9777,9772,9785,9785,9785,9780,5
2013-11-18 11:12:00,2013-11-18 11:14:00,9777,9777,9777,9772,9785,9785,9785,9780,9
2013-11-18 11:14:00,2013-11-18 11:15:00,9777,9792,9792,9782,9785,9800,9800,9790,3
2013-11-18 11:15:00,2013-11-18 11:17:00,9792,9797,9797,9792,9800,9805,9805,9800,6
2013-11-18 11:17:00,2013-11-18 11:19:00,9792,9788,9792,9787,9800,9798,9800,9795,17
2013-11-18 11:19:00,2013-11-18 11:20:00,9788,9802,9802,9792,9798,9810,9810,9800,7
2013-11-18 11:20:00,2013-11-18 11:21:00,9802,9802,9802,9797,9810,9810,9810,9805,6
2013-11-18 11:21:00,2013-11-18 11:22:00,9802,9802,9802,9797,9810,9810,9810,9805,2
2013-11-18 11:22:00,2013-11-18 11:23:00,9802,9802,9807,9802,9810,9810,9815,9810,4
2013-11-18 11:23:00,2013-11-18 11:24:00,9802,9797,9802,9797,9810,9805,9810,9805,18
2013-11-18 11:24:00,2013-11-18 11:26:00,9792,9792,9792,9787,9800,9800,9800,9795,2
2013-11-18 11:26:00,2013-11-18 11:27:00,9792,9792,9797,9792,9800,9800,9805,9800,2
2013-11-18 11:27:00,2013-11-18 11:29:00,9792,9797,9797,9793,9800,9805,9805,9803,4
2013-11-18 11:29:00,2013-11-18 11:30:00,9797,9797,9802,9797,9805,9805,9810,9805,5
2013-11-18 11:30:00,2013-11-18 11:32:00,9792,9797,9798,9793,9800,9805,9808,9803,4
2013-11-18 11:32:00,2013-11-18 11:33:00,9797,9802,9802,9797,9805,9810,9810,9805,5
2013-11-18 11:33:00,2013-11-18 11:34:00,9802,9812,9812,9798,9810,9820,9820,9808,6
2013-11-18 11:34:00,2013-11-18 11:35:00,9812,9812,9817,9812,9820,9820,9825,9820,8
2013-11-18 11:35:00,2013-11-18 11:36:00,9812,9817,9817,9813,9820,9825,9825,9823,12
2013-11-18 11:36:00,2013-11-18 11:37:00,9817,9813,9817,9812,9825,9823,9825,9820,6
2013-11-18 11:37:00,2013-11-18 11:38:00,9813,9817,9817,9813,9823,9825,9825,9823,5
2013-11-18 11:38:00,2013-11-18 11:40:00,9817,9822,9822,9817,9825,9830,9830,9825,6
2013-11-18 11:40:00,2013-11-18 11:41:00,9822,9822,9822,9817,9830,9830,9830,9825,6
2013-11-18 11:41:00,2013-11-18 11:42:00,9822,9822,9822,9817,9830,9830,9830,9825,2
2013-11-18 11:42:00,2013-11-18 11:44:00,9822,9817,9817,9817,9830,9825,9825,9825,1
2013-11-18 11:44:00,2013-11-18 11:47:00,9817,9817,9822,9817,9825,9825,9830,9825,4
2013-11-18 11:47:00,2013-11-18 11:48:00,9817,9822,9822,9817,9825,9830,9830,9825,5
2013-11-18 11:48:00,2013-11-18 11:49:00,9822,9827,9832,9827,9830,9835,9840,9835,12
2013-11-18 11:49:00,2013-11-18 11:50:00,9827,9827,9828,9827,9835,9835,9838,9835,4
2013-11-18 11:50:00,2013-11-18 11:51:00,9827,9832,9832,9827,9835,9840,9840,9835,12
2013-11-18 11:51:00,2013-11-18 11:53:00,9832,9832,9837,9832,9840,9840,9845,9840,5
2013-11-18 11:53:00,2013-11-18 11:56:00,9837,9842,9847,9842,9845,9850,9855,9850,5
2013-11-18 11:56:00,2013-11-18 11:58:00,9842,9842,9847,9842,9850,9850,9855,9850,7
2013-11-18 11:58:00,2013-11-18 11:59:00,9842,9852,9852,9842,9850,9860,9860,9850,11
2013-11-18 11:59:00,2013-11-18 12:00:00,9852,9847,9852,9847,9860,9855,9860,9855,5
2013-11-18 12:00:00,2013-11-18 12:02:00,9842,9842,9842,9837,9850,9850,9850,9845,7
2013-11-18 12:02:00,2013-11-18 12:03:00,9842,9842,9847,9842,9850,9850,9855,9850,3
2013-11-18 12:03:00,2013-11-18 12:05:00,9842,9842,9843,9842,9850,9850,9853,9850,4
2013-11-18 12:05:00,2013-11-18 12:06:00,9842,9847,9847,9843,9850,9855,9855,9853,2
2013-11-18 12:06:00,2013-11-18 12:08:00,9847,9848,9852,9847,9855,9858,9860,9855,14
2013-11-18 12:08:00,2013-11-18 12:09:00,9848,9847,9847,9847,9858,9855,9855,9855,1
2013-11-18 12:09:00,2013-11-18 12:11:00,9847,9842,9847,9842,9855,9850,9855,9850,10
2013-11-18 12:11:00,2013-11-18 12:12:00,9842,9842,9847,9842,9850,9850,9855,9850,4
2013-11-18 12:12:00,2013-11-18 12:13:00,9842,9847,9847,9842,9850,9855,9855,9850,11
2013-11-18 12:13:00,2013-11-18 12:14:00,9847,9847,9847,9842,9855,9855,9855,9850,14
2013-11-18 12:14:00,2013-11-18 12:15:00,9847,9847,9847,9842,9855,9855,9855,9850,7
2013-11-18 12:15:00,2013-11-18 12:17:00,9847,9847,9852,9847,9855,9855,9860,9855,5
2013-11-18 12:17:00,2013-11-18 12:18:00,9847,9847,9852,9847,9855,9855,9860,9855,4
2013-11-18 12:18:00,2013-11-18 12:19:00,9847,9842,9852,9842,9855,9850,9860,9850,10
2013-11-18 12:19:00,2013-11-18 12:20:00,9842,9842,9847,9842,9850,9850,9855,9850,2
2013-11-18 12:20:00,2013-11-18 12:25:00,9842,9837,9842,9837,9850,9845,9850,9845,12
2013-11-18 12:25:00,2013-11-18 12:29:00,9837,9837,9842,9837,9845,9845,9850,9845,2
2013-11-18 12:29:00,2013-11-18 12:31:00,9842,9837,9837,9837,9850,9845,9845,9845,1
2013-11-18 12:31:00,2013-11-18 12:33:00,9837,9837,9842,9837,9845,9845,9850,9845,7
2013-11-18 12:33:00,2013-11-18 12:35:00,9837,9837,9842,9837,9845,9845,9850,9845,4
2013-11-18 12:35:00,2013-11-18 12:38:00,9837,9837,9837,9832,9845,9845,9845,9840,20
2013-11-18 12:38:00,2013-11-18 12:39:00,9837,9833,9837,9832,9845,9843,9845,9840,5
2013-11-18 12:39:00,2013-11-18 12:40:00,9833,9837,9837,9832,9843,9845,9845,9840,8
2013-11-18 12:40:00,2013-11-18 12:41:00,9837,9837,9837,9832,9845,9845,9845,9840,12
2013-11-18 12:41:00,2013-11-18 12:42:00,9837,9837,9837,9833,9845,9845,9845,9843,4
2013-11-18 12:42:00,2013-11-18 12:43:00,9837,9837,9837,9832,9845,9845,9845,9840,6
2013-11-18 12:43:00,2013-11-18 12:51:00,9837,9837,9837,9832,9845,9845,9845,9840,2
2013-11-18 12:51:00,2013-11-18 12:52:00,9837,9832,9837,9832,9845,9840,9845,9840,5
2013-11-18 12:52:00,2013-11-18 12:53:00,9832,9828,9832,9827,9840,9838,9840,9835,3
2013-11-18 12:53:00,2013-11-18 12:54:00,9828,9827,9832,9827,9838,9835,9840,9835,9
2013-11-18 12:54:00,2013-11-18 13:00:00,9837,9832,9832,9832,9845,9840,9840,9840,1
2013-11-18 13:00:00,2013-11-18 13:05:00,9828,9827,9832,9827,9838,9835,9840,9835,3
2013-11-18 13:05:00,2013-11-18 13:06:00,9827,9827,9832,9827,9835,9835,9840,9835,6
2013-11-18 13:06:00,2013-11-18 13:17:00,9827,9827,9832,9827,9835,9835,9840,9835,4
2013-11-18 13:17:00,2013-11-18 13:20:00,9827,9822,9827,9822,9835,9830,9835,9830,3
2013-11-18 13:20:00,2013-11-18 13:25:00,9822,9827,9828,9827,9830,9835,9838,9835,3
2013-11-18 13:25:00,2013-11-18 13:26:00,9827,9827,9827,9822,9835,9835,9835,9830,3
2013-11-18 13:26:00,2013-11-18 13:27:00,9827,9822,9827,9822,9835,9830,9835,9830,5
2013-11-18 13:27:00,2013-11-18 13:34:00,9822,9817,9822,9817,9830,9825,9830,9825,8
2013-11-18 13:34:00,2013-11-18 13:36:00,9817,9822,9822,9822,9825,9830,9830,9830,1
2013-11-18 13:36:00,2013-11-18 13:41:00,9822,9822,9823,9822,9830,9830,9833,9830,4
2013-11-18 13:41:00,2013-11-18 13:42:00,9822,9822,9827,9822,9830,9830,9835,9830,8
2013-11-18 13:42:00,2013-11-18 13:50:00,9827,9832,9832,9828,9835,9840,9840,9838,2
2013-11-18 13:50:00,2013-11-18 13:51:00,9832,9828,9828,9828,9840,9838,9838,9838,1
2013-11-18 13:51:00,2013-11-18 13:52:00,9828,9827,9832,9827,9838,9835,9840,9835,4
2013-11-18 13:52:00,2013-11-18 13:53:00,9827,9832,9832,9828,9835,9840,9840,9838,3
2013-11-18 13:53:00,2013-11-18 13:55:00,9832,9833,9837,9833,9840,9843,9845,9843,3
2013-11-18 13:55:00,2013-11-18 13:56:00,9833,9832,9832,9832,9843,9840,9840,9840,1
2013-11-18 13:56:00,2013-11-18 13:58:00,9832,9833,9837,9833,9840,9843,9845,9843,4
2013-11-18 13:58:00,2013-11-18 13:59:00,9833,9837,9837,9837,9843,9845,9845,9845,1
2013-11-18 13:59:00,2013-11-18 14:00:00,9837,9838,9838,9833,9845,9848,9848,9843,5
2013-11-18 14:00:00,2013-11-18 14:01:00,9838,9842,9842,9837,9848,9850,9850,9845,8
2013-11-18 14:01:00,2013-11-18 14:02:00,9842,9842,9847,9838,9850,9850,9855,9848,10
2013-11-18 14:02:00,2013-11-18 14:03:00,9842,9842,9847,9842,9850,9850,9855,9850,12
2013-11-18 14:03:00,2013-11-18 14:05:00,9842,9837,9842,9837,9850,9845,9850,9845,10
2013-11-18 14:05:00,2013-11-18 14:06:00,9837,9837,9837,9832,9845,9845,9845,9840,3
2013-11-18 14:06:00,2013-11-18 14:07:00,9837,9837,9842,9837,9845,9845,9850,9845,3
2013-11-18 14:07:00,2013-11-18 14:08:00,9837,9833,9837,9832,9845,9843,9845,9840,11
2013-11-18 14:08:00,2013-11-18 14:09:00,9833,9832,9837,9832,9843,9840,9845,9840,11
2013-11-18 14:09:00,2013-11-18 14:10:00,9832,9832,9832,9827,9840,9840,9840,9835,3
2013-11-18 14:10:00,2013-11-18 14:11:00,9832,9827,9827,9827,9840,9835,9835,9835,1
2013-11-18 14:11:00,2013-11-18 14:13:00,9822,9822,9827,9822,9830,9830,9835,9830,6
2013-11-18 14:13:00,2013-11-18 14:15:00,9822,9823,9827,9822,9830,9833,9835,9830,6
2013-11-18 14:15:00,2013-11-18 14:16:00,9823,9817,9827,9817,9833,9825,9835,9825,13
2013-11-18 14:16:00,2013-11-18 14:17:00,9817,9817,9818,9817,9825,9825,9828,9825,4
2013-11-18 14:17:00,2013-11-18 14:18:00,9817,9817,9822,9817,9825,9825,9830,9825,19
2013-11-18 14:18:00,2013-11-18 14:19:00,9817,9818,9822,9817,9825,9828,9830,9825,15
2013-11-18 14:19:00,2013-11-18 14:20:00,9818,9817,9822,9817,9828,9825,9830,9825,14
2013-11-18 14:20:00,2013-11-18 14:21:00,9817,9817,9818,9817,9825,9825,9828,9825,8
2013-11-18 14:21:00,2013-11-18 14:22:00,9817,9807,9817,9807,9825,9815,9825,9815,4
2013-11-18 14:22:00,2013-11-18 14:23:00,9807,9802,9803,9802,9815,9810,9813,9810,7
2013-11-18 14:23:00,2013-11-18 14:24:00,9802,9802,9802,9797,9810,9810,9810,9805,14
2013-11-18 14:24:00,2013-11-18 14:25:00,9802,9802,9802,9797,9810,9810,9810,9805,17
2013-11-18 14:25:00,2013-11-18 14:29:00,9807,9802,9802,9802,9815,9810,9810,9810,1
2013-11-18 14:29:00,2013-11-18 14:30:00,9802,9802,9802,9797,9810,9810,9810,9805,3
2013-11-18 14:30:00,2013-11-18 14:33:00,9802,9812,9812,9807,9810,9820,9820,9815,2
2013-11-18 14:33:00,2013-11-18 14:34:00,9812,9802,9817,9802,9820,9810,9825,9810,9
2013-11-18 14:34:00,2013-11-18 14:35:00,9802,9802,9802,9797,9810,9810,9810,9805,7
2013-11-18 14:35:00,2013-11-18 14:36:00,9802,9807,9807,9807,9810,9815,9815,9815,1
2013-11-18 14:36:00,2013-11-18 14:37:00,9807,9802,9807,9802,9815,9810,9815,9810,11
2013-11-18 14:37:00,2013-11-18 14:38:00,9802,9802,9807,9802,9810,9810,9815,9810,6
2013-11-18 14:38:00,2013-11-18 14:39:00,9802,9807,9807,9797,9810,9815,9815,9805,5
2013-11-18 14:39:00,2013-11-18 14:40:00,9807,9807,9812,9807,9815,9815,9820,9815,8
2013-11-18 14:40:00,2013-11-18 14:43:00,9787,9787,9792,9787,9795,9795,9800,9795,9
2013-11-18 14:43:00,2013-11-18 14:44:00,9787,9787,9792,9787,9795,9795,9800,9795,6
2013-11-18 14:44:00,2013-11-18 14:45:00,9787,9787,9787,9782,9795,9795,9795,9790,8
2013-11-18 14:45:00,2013-11-18 14:46:00,9787,9782,9787,9782,9795,9790,9795,9790,8
2013-11-18 14:46:00,2013-11-18 14:47:00,9782,9787,9787,9782,9790,9795,9795,9790,19
2013-11-18 14:47:00,2013-11-18 14:50:00,9782,9787,9787,9782,9790,9795,9795,9790,14
2013-11-18 14:50:00,2013-11-18 14:51:00,9787,9792,9792,9782,9795,9800,9800,9790,13
2013-11-18 14:51:00,2013-11-18 14:52:00,9792,9797,9797,9788,9800,9805,9805,9798,12
2013-11-18 14:52:00,2013-11-18 14:53:00,9797,9792,9797,9792,9805,9800,9805,9800,6
2013-11-18 14:53:00,2013-11-18 14:54:00,9792,9787,9788,9787,9800,9795,9798,9795,2
2013-11-18 14:54:00,2013-11-18 14:55:00,9787,9777,9783,9777,9795,9785,9793,9785,8
2013-11-18 14:55:00,2013-11-18 14:57:00,9772,9772,9777,9772,9780,9780,9785,9780,12
2013-11-18 14:57:00,2013-11-18 14:58:00,9772,9773,9777,9773,9780,9783,9785,9783,5
2013-11-18 14:58:00,2013-11-18 14:59:00,9773,9777,9778,9777,9783,9785,9788,9785,3
2013-11-18 14:59:00,2013-11-18 15:00:00,9777,9772,9773,9772,9785,9780,9783,9780,6
2013-11-18 15:00:00,2013-11-18 15:01:00,9772,9767,9777,9767,9780,9775,9785,9775,7
2013-11-18 15:01:00,2013-11-18 15:03:00,9762,9767,9772,9763,9770,9775,9780,9773,20
2013-11-18 15:03:00,2013-11-18 15:04:00,9767,9762,9767,9762,9775,9770,9775,9770,6
2013-11-18 15:04:00,2013-11-18 15:05:00,9762,9757,9757,9757,9770,9765,9765,9765,1
2013-11-18 15:05:00,2013-11-18 15:06:00,9757,9762,9762,9752,9765,9770,9770,9760,9
2013-11-18 15:06:00,2013-11-18 15:07:00,9762,9767,9767,9763,9770,9775,9775,9773,3
2013-11-18 15:07:00,2013-11-18 15:08:00,9767,9772,9772,9767,9775,9780,9780,9775,13
2013-11-18 15:08:00,2013-11-18 15:09:00,9772,9777,9782,9773,9780,9785,9790,9783,9
2013-11-18 15:09:00,2013-11-18 15:10:00,9777,9772,9777,9767,9785,9780,9785,9775,5
2013-11-18 15:10:00,2013-11-18 15:11:00,9772,9762,9767,9762,9780,9770,9775,9770,2
2013-11-18 15:11:00,2013-11-18 15:13:00,9762,9767,9767,9767,9770,9775,9775,9775,1
2013-11-18 15:13:00,2013-11-18 15:14:00,9767,9772,9772,9772,9775,9780,9780,9780,1
2013-11-18 15:14:00,2013-11-18 15:15:00,9772,9772,9777,9772,9780,9780,9785,9780,3
2013-11-18 15:15:00,2013-11-18 15:17:00,9777,9767,9777,9767,9785,9775,9785,9775,5
2013-11-18 15:17:00,2013-11-18 15:18:00,9767,9772,9772,9767,9775,9780,9780,9775,19
2013-11-18 15:18:00,2013-11-18 15:19:00,9772,9777,9777,9772,9780,9785,9785,9780,12
2013-11-18 15:19:00,2013-11-18 15:20:00,9777,9777,9777,9772,9785,9785,9785,9780,4
2013-11-18 15:20:00,2013-11-18 15:22:00,9777,9772,9772,9772,9785,9780,9780,9780,1
2013-11-18 15:22:00,2013-11-18 15:24:00,9772,9760,9765,9760,9780,9768,9773,9768,6
2013-11-18 15:24:00,2013-11-18 15:25:00,9760,9760,9765,9755,9768,9768,9773,9763,15
2013-11-18 15:25:00,2013-11-18 15:26:00,9760,9765,9765,9756,9768,9773,9773,9766,16
2013-11-18 15:26:00,2013-11-18 15:30:00,9765,9760,9761,9760,9773,9768,9771,9768,2
2013-11-18 15:30:00,2013-11-18 15:31:00,9760,9760,9765,9755,9768,9768,9773,9763,6
2013-11-18 15:31:00,2013-11-18 15:32:00,9760,9765,9765,9760,9768,9773,9773,9768,3
2013-11-18 15:32:00,2013-11-18 15:33:00,9765,9760,9766,9760,9773,9768,9776,9768,23
2013-11-18 15:33:00,2013-11-18 15:35:00,9760,9761,9765,9761,9768,9771,9773,9771,8
2013-11-18 15:35:00,2013-11-18 15:36:00,9761,9760,9765,9760,9771,9768,9773,9768,15
2013-11-18 15:36:00,2013-11-18 15:38:00,9760,9770,9770,9761,9768,9778,9778,9771,14
2013-11-18 15:38:00,2013-11-18 15:39:00,9770,9765,9766,9765,9778,9773,9776,9773,9
2013-11-18 15:39:00,2013-11-18 15:41:00,9765,9765,9766,9765,9773,9773,9776,9773,2
2013-11-18 15:41:00,2013-11-18 15:43:00,9765,9770,9770,9770,9773,9778,9778,9778,1
2013-11-18 15:43:00,2013-11-18 15:44:00,9770,9765,9770,9765,9778,9773,9778,9773,10
2013-11-18 15:44:00,2013-11-18 15:45:00,9765,9775,9775,9770,9773,9783,9783,9778,4
2013-11-18 15:45:00,2013-11-18 15:46:00,9775,9766,9771,9765,9783,9776,9781,9773,6
2013-11-18 15:46:00,2013-11-18 15:47:00,9766,9775,9775,9765,9776,9783,9783,9773,7
2013-11-18 15:47:00,2013-11-18 15:48:00,9775,9775,9780,9775,9783,9783,9788,9783,16
2013-11-18 15:48:00,2013-11-18 15:49:00,9775,9770,9770,9770,9783,9778,9778,9778,1
2013-11-18 15:49:00,2013-11-18 15:50:00,9770,9771,9775,9770,9778,9781,9783,9778,7
2013-11-18 15:50:00,2013-11-18 15:51:00,9771,9771,9775,9770,9781,9781,9783,9778,12
2013-11-18 15:51:00,2013-11-18 15:52:00,9771,9775,9775,9771,9781,9783,9783,9781,5
2013-11-18 15:52:00,2013-11-18 15:53:00,9775,9775,9775,9770,9783,9783,9783,9778,23
2013-11-18 15:53:00,2013-11-18 15:54:00,9775,9775,9775,9771,9783,9783,9783,9781,6
2013-11-18 15:54:00,2013-11-18 15:56:00,9775,9780,9780,9770,9783,9788,9788,9778,8
2013-11-18 15:56:00,2013-11-18 15:58:00,9780,9775,9776,9775,9788,9783,9786,9783,4
2013-11-18 15:58:00,2013-11-18 16:01:00,9780,9775,9776,9775,9788,9783,9786,9783,2
2013-11-18 16:01:00,2013-11-18 16:02:00,9775,9775,9775,9770,9783,9783,9783,9778,3
2013-11-18 16:02:00,2013-11-18 16:03:00,9775,9765,9780,9765,9783,9773,9788,9773,6
2013-11-18 16:03:00,2013-11-18 16:04:00,9765,9760,9770,9760,9773,9768,9778,9768,4
2013-11-18 16:04:00,2013-11-18 16:05:00,9760,9760,9765,9760,9768,9768,9773,9768,7
2013-11-18 16:05:00,2013-11-18 16:06:00,9760,9765,9765,9755,9768,9773,9773,9763,7
2013-11-18 16:06:00,2013-11-18 16:07:00,9765,9770,9770,9766,9773,9778,9778,9776,4
2013-11-18 16:07:00,2013-11-18 16:08:00,9770,9765,9766,9765,9778,9773,9776,9773,2
2013-11-18 16:08:00,2013-11-18 16:09:00,9765,9760,9766,9760,9773,9768,9776,9768,3
2013-11-18 16:09:00,2013-11-18 16:10:00,9760,9770,9770,9761,9768,9778,9778,9771,8
2013-11-18 16:10:00,2013-11-18 16:11:00,9770,9770,9775,9770,9778,9778,9783,9778,5
2013-11-18 16:11:00,2013-11-18 16:12:00,9770,9775,9775,9770,9778,9783,9783,9778,7
2013-11-18 16:12:00,2013-11-18 16:14:00,9775,9780,9780,9780,9783,9788,9788,9788,1
2013-11-18 16:14:00,2013-11-18 16:15:00,9780,9770,9776,9770,9788,9778,9786,9778,8
2013-11-18 16:15:00,2013-11-18 16:16:00,9770,9760,9765,9760,9778,9768,9773,9768,2
2013-11-18 16:16:00,2013-11-18 16:17:00,9760,9760,9761,9760,9768,9768,9771,9768,4
2013-11-18 16:17:00,2013-11-18 16:18:00,9760,9760,9761,9760,9768,9768,9771,9768,6
2013-11-18 16:18:00,2013-11-18 16:19:00,9760,9770,9775,9761,9768,9778,9783,9771,10
2013-11-18 16:19:00,2013-11-18 16:20:00,9770,9770,9770,9765,9778,9778,9778,9773,8
2013-11-18 16:20:00,2013-11-18 16:21:00,9770,9775,9780,9771,9778,9783,9788,9781,11
2013-11-18 16:21:00,2013-11-18 16:22:00,9775,9780,9780,9775,9783,9788,9788,9783,13
2013-11-18 16:22:00,2013-11-18 16:24:00,9780,9785,9785,9785,9788,9793,9793,9793,1
2013-11-18 16:24:00,2013-11-18 16:25:00,9785,9776,9781,9775,9793,9786,9791,9783,10
2013-11-18 16:25:00,2013-11-18 16:26:00,9776,9775,9780,9775,9786,9783,9788,9783,13
2013-11-18 16:26:00,2013-11-18 16:27:00,9775,9770,9771,9770,9783,9778,9781,9778,2
2013-11-18 16:27:00,2013-11-18 16:28:00,9770,9775,9775,9775,9778,9783,9783,9783,1
2013-11-18 16:28:00,2013-11-18 16:29:00,9775,9775,9775,9771,9783,9783,9783,9781,2
2013-11-18 16:29:00,2013-11-19 08:00:00,9775,9735,9740,9735,9783,9743,9748,9743,14
2013-11-19 08:00:00,2013-11-19 08:01:00,9735,9730,9740,9730,9743,9738,9748,9738,3
2013-11-19 08:01:00,2013-11-19 08:02:00,9730,9730,9735,9730,9738,9738,9743,9738,7
2013-11-19 08:02:00,2013-11-19 08:03:00,9730,9740,9740,9731,9738,9748,9748,9741,8
2013-11-19 08:03:00,2013-11-19 08:04:00,9740,9735,9740,9730,9748,9743,9748,9738,13
2013-11-19 08:04:00,2013-11-19 08:05:00,9735,9740,9740,9730,9743,9748,9748,9738,14
2013-11-19 08:05:00,2013-11-19 08:06:00,9740,9735,9735,9735,9748,9743,9743,9743,1
2013-11-19 08:06:00,2013-11-19 08:07:00,9735,9740,9740,9736,9743,9748,9748,9746,3
2013-11-19 08:07:00,2013-11-19 08:09:00,9740,9740,9740,9735,9748,9748,9748,9743,16
2013-11-19 08:09:00,2013-11-19 08:10:00,9740,9735,9740,9735,9748,9743,9748,9743,5
2013-11-19 08:10:00,2013-11-19 08:11:00,9735,9725,9740,9725,9743,9733,9748,9733,10
2013-11-19 08:11:00,2013-11-19 08:12:00,9725,9725,9725,9720,9733,9733,9733,9728,5
2013-11-19 08:12:00,2013-11-19 08:13:00,9725,9720,9725,9720,9733,9728,9733,9728,8
2013-11-19 08:13:00,2013-11-19 08:14:00,9720,9720,9720,9715,9728,9728,9728,9723,7
2013-11-19 08:14:00,2013-11-19 08:15:00,9720,9715,9725,9710,9728,9723,9733,9718,18
2013-11-19 08:15:00,2013-11-19 08:16:00,9715,9720,9720,9715,9723,9728,9728,9723,14
2013-11-19 08:16:00,2013-11-19 08:17:00,9720,9725,9730,9720,9728,9733,9738,9728,15
2013-11-19 08:17:00,2013-11-19 08:18:00,9725,9730,9730,9725,9733,9738,9738,9733,12
2013-11-19 08:18:00,2013-11-19 08:19:00,9730,9740,9740,9735,9738,9748,9748,9743,7
2013-11-19 08:19:00,2013-11-19 08:20:00,9740,9735,9745,9730,9748,9743,9753,9738,18
2013-11-19 08:20:00,2013-11-19 08:21:00,9735,9725,9730,9725,9743,9733,9738,9733,8
2013-11-19 08:21:00,2013-11-19 08:22:00,9725,9725,9730,9725,9733,9733,9738,9733,5
2013-11-19 08:22:00,2013-11-19 08:23:00,9725,9730,9735,9730,9733,9738,9743,9738,4
2013-11-19 08:23:00,2013-11-19 08:24:00,9730,9730,9735,9725,9738,9738,9743,9733,15
2013-11-19 08:24:00,2013-11-19 08:25:00,9730,9720,9730,9720,9738,9728,9738,9728,7
2013-11-19 08:25:00,2013-11-19 08:26:00,9720,9725,9725,9720,9728,9733,9733,9728,8
2013-11-19 08:26:00,2013-11-19 08:27:00,9725,9725,9725,9720,9733,9733,9733,9728,2
2013-11-19 08:27:00,2013-11-19 08:28:00,9725,9725,9725,9720,9733,9733,9733,9728,7
2013-11-19 08:28:00,2013-11-19 08:29:00,9725,9715,9721,9715,9733,9723,9731,9723,17
2013-11-19 08:29:00,2013-11-19 08:30:00,9715,9710,9715,9710,9723,9718,9723,9718,3
2013-11-19 08:30:00,2013-11-19 08:31:00,9710,9715,9715,9715,9718,9723,9723,9723,1
2013-11-19 08:31:00,2013-11-19 08:32:00,9715,9705,9711,9705,9723,9713,9721,9713,3
2013-11-19 08:32:00,2013-11-19 08:33:00,9705,9720,9720,9710,9713,9728,9728,9718,13
2013-11-19 08:33:00,2013-11-19 08:34:00,9720,9715,9715,9715,9728,9723,9723,9723,1
2013-11-19 08:34:00,2013-11-19 08:39:00,9715,9710,9715,9710,9723,9718,9723,9718,10
2013-11-19 08:39:00,2013-11-19 08:40:00,9710,9705,9705,9705,9718,9713,9713,9713,1
2013-11-19 08:40:00,2013-11-19 08:43:00,9705,9700,9710,9700,9713,9708,9718,9708,4
2013-11-19 08:43:00,2013-11-19 08:45:00,9700,9690,9700,9690,9708,9698,9708,9698,8
2013-11-19 08:45:00,2013-11-19 08:46:00,9690,9700,9700,9695,9698,9708,9708,9703,6
2013-11-19 08:46:00,2013-11-19 08:48:00,9700,9705,9705,9700,9708,9713,9713,9708,5
2013-11-19 08:48:00,2013-11-19 08:49:00,9705,9705,9710,9705,9713,9713,9718,9713,6
2013-11-19 08:49:00,2013-11-19 08:50:00,9705,9695,9705,9695,9713,9703,9713,9703,5
2013-11-19 08:50:00,2013-11-19 08:53:00,9700,9705,9705,9700,9708,9713,9713,9708,15
2013-11-19 08:53:00,2013-11-19 08:55:00,9705,9701,9705,9700,9713,9711,9713,9708,4
2013-11-19 08:55:00,2013-11-19 08:56:00,9701,9700,9700,9695,9711,9708,9708,9703,6
2013-11-19 08:56:00,2013-11-19 08:57:00,9700,9700,9700,9695,9708,9708,9708,9703,11
2013-11-19 08:57:00,2013-11-19 08:59:00,9700,9695,9700,9695,9708,9703,9708,9703,5
2013-11-19 08:59:00,2013-11-19 09:02:00,9700,9700,9700,9695,9708,9708,9708,9703,7
2013-11-19 09:02:00,2013-11-19 09:04:00,9700,9700,9705,9700,9708,9708,9713,9708,6
2013-11-19 09:04:00,2013-11-19 09:05:00,9700,9715,9720,9701,9708,9723,9728,9711,14
2013-11-19 09:05:00,2013-11-19 09:06:00,9715,9715,9720,9715,9723,9723,9728,9723,5
2013-11-19 09:06:00,2013-11-19 09:07:00,9715,9725,9725,9715,9723,9733,9733,9723,14
2013-11-19 09:07:00,2013-11-19 09:08:00,9725,9725,9725,9720,9733,9733,9733,9728,6
2013-11-19 09:08:00,2013-11-19 09:09:00,9725,9725,9725,9721,9733,9733,9733,9731,6
2013-11-19 09:09:00,2013-11-19 09:10:00,9725,9735,9735,9725,9733,9743,9743,9733,24
2013-11-19 09:10:00,2013-11-19 09:11:00,9735,9730,9740,9730,9743,9738,9748,9738,20
2013-11-19 09:11:00,2013-11-19 09:13:00,9730,9725,9725,9725,9738,9733,9733,9733,1
2013-11-19 09:13:00,2013-11-19 09:14:00,9725,9715,9725,9715,9733,9723,9733,9723,6
2013-11-19 09:14:00,2013-11-19 09:15:00,9715,9725,9725,9715,9723,9733,9733,9723,12
2013-11-19 09:15:00,2013-11-19 09:16:00,9725,9720,9725,9720,9733,9728,9733,9728,4
2013-11-19 09:16:00,2013-11-19 09:17:00,9720,9715,9716,9710,9728,9723,9726,9718,9
2013-11-19 09:17:00,2013-11-19 09:19:00,9715,9720,9720,9716,9723,9728,9728,9726,3
2013-11-19 09:19:00,2013-11-19 09:21:00,9720,9725,9725,9725,9728,9733,9733,9733,1
2013-11-19 09:21:00,2013-11-19 09:24:00,9725,9720,9720,9720,9733,9728,9728,9728,1
2013-11-19 09:24:00,2013-11-19 09:25:00,9720,9725,9725,9721,9728,9733,9733,9731,2
2013-11-19 09:25:00,2013-11-19 09:26:00,9725,9725,9725,9720,9733,9733,9733,9728,3
2013-11-19 09:26:00,2013-11-19 09:27:00,9725,9715,9725,9715,9733,9723,9733,9723,8
2013-11-19 09:27:00,2013-11-19 09:28:00,9715,9720,9720,9715,9723,9728,9728,9723,9
2013-11-19 09:28:00,2013-11-19 09:29:00,9720,9720,9720,9715,9728,9728,9728,9723,3
2013-11-19 09:29:00,2013-11-19 09:32:00,9720,9720,9720,9715,9728,9728,9728,9723,4
2013-11-19 09:32:00,2013-11-19 09:33:00,9720,9716,9716,9715,9728,9726,9726,9723,7
2013-11-19 09:33:00,2013-11-19 09:34:00,9716,9715,9720,9715,9726,9723,9728,9723,6
2013-11-19 09:34:00,2013-11-19 09:36:00,9715,9710,9710,9710,9723,9718,9718,9718,1
2013-11-19 09:36:00,2013-11-19 09:37:00,9710,9710,9715,9710,9718,9718,9723,9718,2
2013-11-19 09:37:00,2013-11-19 09:38:00,9710,9705,9710,9705,9718,9713,9718,9713,10
2013-11-19 09:38:00,2013-11-19 09:39:00,9705,9710,9710,9710,9713,9718,9718,9718,1
2013-11-19 09:39:00,2013-11-19 09:40:00,9710,9706,9710,9705,9718,9716,9718,9713,9
2013-11-19 09:40:00,2013-11-19 09:41:00,9706,9710,9710,9710,9716,9718,9718,9718,1
2013-11-19 09:41:00,2013-11-19 09:43:00,9705,9710,9710,9705,9713,9718,9718,9713,6
2013-11-19 09:43:00,2013-11-19 09:45:00,9710,9705,9710,9705,9718,9713,9718,9713,4
2013-11-19 09:45:00,2013-11-19 09:46:00,9705,9705,9705,9700,9713,9713,9713,9708,6
2013-11-19 09:46:00,2013-11-19 09:47:00,9705,9705,9705,9700,9713,9713,9713,9708,3
2013-11-19 09:47:00,2013-11-19 09:49:00,9705,9700,9701,9700,9713,9708,9711,9708,3
2013-11-19 09:49:00,2013-11-19 09:56:00,9705,9700,9705,9700,9713,9708,9713,9708,6
2013-11-19 09:56:00,2013-11-19 09:57:00,9700,9705,9705,9705,9708,9713,9713,9713,1
2013-11-19 09:57:00,2013-11-19 09:58:00,9705,9701,9701,9701,9713,9711,9711,9711,1
2013-11-19 09:58:00,2013-11-19 09:59:00,9701,9705,9705,9700,9711,9713,9713,9708,10
2013-11-19 09:59:00,2013-11-19 10:00:00,9705,9700,9705,9700,9713,9708,9713,9708,5
2013-11-19 10:00:00,2013-11-19 10:07:00,9700,9695,9700,9695,9708,9703,9708,9703,3
2013-11-19 10:07:00,2013-11-19 10:08:00,9695,9700,9700,9696,9703,9708,9708,9706,2
2013-11-19 10:08:00,2013-11-19 10:10:00,9695,9695,9700,9695,9703,9703,9708,9703,2
2013-11-19 10:10:00,2013-11-19 10:11:00,9695,9690,9695,9690,9703,9698,9703,9698,20
2013-11-19 10:11:00,2013-11-19 10:13:00,9680,9685,9685,9675,9688,9693,9693,9683,9
2013-11-19 10:13:00,2013-11-19 10:15:00,9690,9675,9685,9675,9698,9683,9693,9683,6
2013-11-19 10:15:00,2013-11-19 10:16:00,9675,9676,9680,9675,9683,9686,9688,9683,7
2013-11-19 10:16:00,2013-11-19 10:17:00,9676,9675,9680,9670,9686,9683,9688,9678,8
2013-11-19 10:17:00,2013-11-19 10:18:00,9675,9670,9675,9670,9683,9678,9683,9678,11
2013-11-19 10:18:00,2013-11-19 10:19:00,9670,9670,9676,9670,9678,9678,9686,9678,8
2013-11-19 10:19:00,2013-11-19 10:20:00,9670,9670,9675,9665,9678,9678,9683,9673,10
2013-11-19 10:20:00,2013-11-19 10:21:00,9670,9665,9670,9665,9678,9673,9678,9673,10
2013-11-19 10:21:00,2013-11-19 10:22:00,9665,9665,9665,9660,9673,9673,9673,9668,17
2013-11-19 10:22:00,2013-11-19 10:23:00,9665,9666,9670,9665,9673,9676,9678,9673,9
2013-11-19 10:23:00,2013-11-19 10:25:00,9670,9670,9670,9665,9678,9678,9678,9673,9
2013-11-19 10:25:00,2013-11-19 10:27:00,9670,9670,9670,9665,9678,9678,9678,9673,13
2013-11-19 10:27:00,2013-11-19 10:29:00,9675,9670,9680,9670,9683,9678,9688,9678,4
2013-11-19 10:29:00,2013-11-19 10:30:00,9670,9675,9675,9665,9678,9683,9683,9673,15
2013-11-19 10:30:00,2013-11-19 10:31:00,9675,9670,9675,9670,9683,9678,9683,9678,14
2013-11-19 10:31:00,2013-11-19 10:34:00,9670,9675,9676,9671,9678,9683,9686,9681,4
2013-11-19 10:34:00,2013-11-19 10:39:00,9680,9680,9685,9675,9688,9688,9693,9683,6
2013-11-19 10:39:00,2013-11-19 10:40:00,9680,9675,9680,9675,9688,9683,9688,9683,5
2013-11-19 10:40:00,2013-11-19 10:41:00,9675,9680,9680,9676,9683,9688,9688,9686,3
2013-11-19 10:41:00,2013-11-19 10:45:00,9685,9680,9685,9680,9693,9688,9693,9688,5
2013-11-19 10:45:00,2013-11-19 10:47:00,9680,9685,9685,9681,9688,9693,9693,9691,2
2013-11-19 10:47:00,2013-11-19 10:50:00,9685,9690,9690,9690,9693,9698,9698,9698,1
2013-11-19 10:50:00,2013-11-19 10:51:00,9690,9695,9695,9691,9698,9703,9703,9701,3
2013-11-19 10:51:00,2013-11-19 10:52:00,9695,9695,9695,9690,9703,9703,9703,9698,8
2013-11-19 10:52:00,2013-11-19 10:53:00,9695,9690,9695,9690,9703,9698,9703,9698,3
2013-11-19 10:53:00,2013-11-19 10:54:00,9690,9680,9685,9680,9698,9688,9693,9688,2
2013-11-19 10:54:00,2013-11-19 10:55:00,9680,9680,9685,9676,9688,9688,9693,9686,4
2013-11-19 10:55:00,2013-11-19 10:58:00,9680,9690,9690,9685,9688,9698,9698,9693,2
2013-11-19 10:58:00,2013-11-19 10:59:00,9690,9685,9690,9685,9698,9693,9698,9693,5
2013-11-19 10:59:00,2013-11-19 11:00:00,9685,9685,9685,9680,9693,9693,9693,9688,10
2013-11-19 11:00:00,2013-11-19 11:04:00,9685,9685,9685,9680,9693,9693,9693,9688,4
2013-11-19 11:04:00,2013-11-19 11:05:00,9685,9690,9690,9685,9693,9698,9698,9693,3
2013-11-19 11:05:00,2013-11-19 11:06:00,9690,9700,9700,9695,9698,9708,9708,9703,3
2013-11-19 11:06:00,2013-11-19 11:08:00,9700,9700,9700,9695,9708,9708,9708,9703,10
2013-11-19 11:08:00,2013-11-19 11:09:00,9700,9700,9705,9700,9708,9708,9713,9708,7
2013-11-19 11:09:00,2013-11-19 11:10:00,9700,9700,9700,9695,9708,9708,9708,9703,5
2013-11-19 11:10:00,2013-11-19 11:12:00,9700,9700,9700,9695,9708,9708,9708,9703,2
2013-11-19 11:12:00,2013-11-19 11:13:00,9700,9695,9696,9695,9708,9703,9706,9703,2
2013-11-19 11:13:00,2013-11-19 11:14:00,9695,9700,9700,9696,9703,9708,9708,9706,3
2013-11-19 11:14:00,2013-11-19 11:15:00,9700,9695,9696,9695,9708,9703,9706,9703,3
2013-11-19 11:15:00,2013-11-19 11:16:00,9695,9695,9700,9695,9703,9703,9708,9703,8
2013-11-19 11:16:00,2013-11-19 11:17:00,9695,9700,9700,9700,9703,9708,9708,9708,1
2013-11-19 11:17:00,2013-11-19 11:18:00,9700,9695,9705,9695,9708,9703,9713,9703,3
2013-11-19 11:18:00,2013-11-19 11:21:00,9695,9695,9700,9695,9703,9703,9708,9703,11
2013-11-19 11:21:00,2013-11-19 11:22:00,9695,9700,9700,9695,9703,9708,9708,9703,4
2013-11-19 11:22:00,2013-11-19 11:23:00,9700,9700,9700,9695,9708,9708,9708,9703,3
2013-11-19 11:23:00,2013-11-19 11:24:00,9700,9695,9695,9695,9708,9703,9703,9703,1
2013-11-19 11:24:00,2013-11-19 11:27:00,9690,9690,9691,9690,9698,9698,9701,9698,2
2013-11-19 11:27:00,2013-11-19 11:28:00,9690,9695,9695,9690,9698,9703,9703,9698,3
2013-11-19 11:28:00,2013-11-19 11:30:00,9695,9695,9695,9691,9703,9703,9703,9701,2
2013-11-19 11:30:00,2013-11-19 11:31:00,9695,9690,9690,9690,9703,9698,9698,9698,1
2013-11-19 11:31:00,2013-11-19 11:38:00,9690,9685,9686,9685,9698,9693,9696,9693,3
2013-11-19 11:38:00,2013-11-19 11:40:00,9685,9690,9690,9686,9693,9698,9698,9696,7
2013-11-19 11:40:00,2013-11-19 11:41:00,9690,9685,9690,9685,9698,9693,9698,9693,7
2013-11-19 11:41:00,2013-11-19 11:43:00,9685,9690,9690,9686,9693,9698,9698,9696,4
2013-11-19 11:43:00,2013-11-19 11:44:00,9690,9685,9685,9685,9698,9693,9693,9693,1
2013-11-19 11:44:00,2013-11-19 11:52:00,9675,9675,9680,9675,9683,9683,9688,9683,8
2013-11-19 11:52:00,2013-11-19 11:53:00,9675,9675,9680,9675,9683,9683,9688,9683,6
2013-11-19 11:53:00,2013-11-19 11:57:00,9675,9670,9676,9670,9683,9678,9686,9678,3
2013-11-19 11:57:00,2013-11-19 12:03:00,9675,9675,9675,9670,9683,9683,9683,9678,4
2013-11-19 12:03:00,2013-11-19 12:08:00,9675,9675,9675,9670,9683,9683,9683,9678,5
2013-11-19 12:08:00,2013-11-19 12:16:00,9675,9675,9675,9670,9683,9683,9683,9678,3
2013-11-19 12:16:00,2013-11-19 12:20:00,9675,9675,9675,9670,9683,9683,9683,9678,9
2013-11-19 12:20:00,2013-11-19 12:21:00,9675,9675,9675,9670,9683,9683,9683,9678,7
2013-11-19 12:21:00,2013-11-19 12:30:00,9670,9665,9666,9665,9678,9673,9676,9673,5
2013-11-19 12:30:00,2013-11-19 12:32:00,9665,9666,9666,9666,9673,9676,9676,9676,1
2013-11-19 12:32:00,2013-11-19 12:33:00,9666,9670,9670,9666,9676,9678,9678,9676,3
2013-11-19 12:33:00,2013-11-19 12:39:00,9670,9675,9675,9671,9678,9683,9683,9681,6
2013-11-19 12:39:00,2013-11-19 12:42:00,9675,9675,9675,9670,9683,9683,9683,9678,6
2013-11-19 12:42:00,2013-11-19 12:44:00,9675,9676,9680,9676,9683,9686,9688,9686,4
2013-11-19 12:44:00,2013-11-19 12:45:00,9676,9680,9680,9675,9686,9688,9688,9683,9
2013-11-19 12:45:00,2013-11-19 12:50:00,9685,9680,9685,9680,9693,9688,9693,9688,3
2013-11-19 12:50:00,2013-11-19 12:51:00,9680,9680,9680,9675,9688,9688,9688,9683,8
2013-11-19 12:51:00,2013-11-19 12:52:00,9680,9675,9680,9675,9688,9683,9688,9683,3
2013-11-19 12:52:00,2013-11-19 12:55:00,9680,9685,9690,9681,9688,9693,9698,9691,7
2013-11-19 12:55:00,2013-11-19 12:56:00,9685,9685,9690,9685,9693,9693,9698,9693,6
2013-11-19 12:56:00,2013-11-19 12:57:00,9685,9681,9685,9680,9693,9691,9693,9688,5
2013-11-19 12:57:00,2013-11-19 12:58:00,9681,9680,9680,9680,9691,9688,9688,9688,1
2013-11-19 12:58:00,2013-11-19 13:06:00,9685,9685,9690,9685,9693,9693,9698,9693,2
2013-11-19 13:06:00,2013-11-19 13:14:00,9675,9676,9680,9676,9683,9686,9688,9686,2
2013-11-19 13:14:00,2013-11-19 13:15:00,9676,9685,9685,9680,9686,9693,9693,9688,2
2013-11-19 13:15:00,2013-11-19 13:23:00,9675,9680,9680,9675,9683,9688,9688,9683,10
2013-11-19 13:23:00,2013-11-19 13:25:00,9680,9680,9681,9680,9688,9688,9691,9688,2
2013-11-19 13:25:00,2013-11-19 13:31:00,9680,9680,9685,9680,9688,9688,9693,9688,6
2013-11-19 13:31:00,2013-11-19 13:32:00,9680,9685,9685,9681,9688,9693,9693,9691,3
2013-11-19 13:32:00,2013-11-19 13:35:00,9685,9685,9690,9685,9693,9693,9698,9693,4
2013-11-19 13:35:00,2013-11-19 13:36:00,9685,9680,9681,9680,9693,9688,9691,9688,5
2013-11-19 13:36:00,2013-11-19 13:37:00,9680,9680,9685,9680,9688,9688,9693,9688,4
2013-11-19 13:37:00,2013-11-19 13:47:00,9685,9680,9685,9680,9693,9688,9693,9688,7
2013-11-19 13:47:00,2013-11-19 13:48:00,9680,9680,9685,9680,9688,9688,9693,9688,7
2013-11-19 13:48:00,2013-11-19 13:50:00,9675,9680,9680,9676,9683,9688,9688,9686,2
2013-11-19 13:50:00,2013-11-19 13:51:00,9680,9685,9685,9680,9688,9693,9693,9688,4
2013-11-19 13:51:00,2013-11-19 13:52:00,9685,9690,9690,9686,9693,9698,9698,9696,2
2013-11-19 13:52:00,2013-11-19 13:53:00,9690,9685,9686,9685,9698,9693,9696,9693,2
2013-11-19 13:53:00,2013-11-19 13:56:00,9685,9670,9685,9670,9693,9678,9693,9678,9
2013-11-19 13:56:00,2013-11-19 13:57:00,9670,9675,9675,9670,9678,9683,9683,9678,5
2013-11-19 13:57:00,2013-11-19 13:59:00,9675,9680,9680,9676,9683,9688,9688,9686,6
2013-11-19 13:59:00,2013-11-19 14:06:00,9675,9685,9685,9680,9683,9693,9693,9688,4
2013-11-19 14:06:00,2013-11-19 14:07:00,9685,9690,9690,9685,9693,9698,9698,9693,9
2013-11-19 14:07:00,2013-11-19 14:08:00,9690,9685,9690,9685,9698,9693,9698,9693,9
2013-11-19 14:08:00,2013-11-19 14:11:00,9680,9680,9680,9676,9688,9688,9688,9686,4
2013-11-19 14:11:00,2013-11-19 14:17:00,9675,9675,9680,9675,9683,9683,9688,9683,4
2013-11-19 14:17:00,2013-11-19 14:19:00,9675,9675,9675,9671,9683,9683,9683,9681,2
2013-11-19 14:19:00,2013-11-19 14:21:00,9675,9675,9680,9675,9683,9683,9688,9683,2
2013-11-19 14:21:00,2013-11-19 14:25:00,9675,9670,9671,9670,9683,9678,9681,9678,4
2013-11-19 14:25:00,2013-11-19 14:28:00,9670,9670,9670,9665,9678,9678,9678,9673,4
2013-11-19 14:28:00,2013-11-19 14:31:00,9675,9665,9670,9665,9683,9673,9678,9673,11
2013-11-19 14:31:00,2013-11-19 14:32:00,9665,9670,9670,9666,9673,9678,9678,9676,4
2013-11-19 14:32:00,2013-11-19 14:33:00,9670,9670,9675,9670,9678,9678,9683,9678,2
2013-11-19 14:33:00,2013-11-19 14:34:00,9670,9670,9670,9665,9678,9678,9678,9673,5
2013-11-19 14:34:00,2013-11-19 14:36:00,9665,9665,9675,9665,9673,9673,9683,9673,11
2013-11-19 14:36:00,2013-11-19 14:38:00,9665,9670,9670,9665,9673,9678,9678,9673,4
2013-11-19 14:38:00,2013-11-19 14:39:00,9670,9665,9666,9665,9678,9673,9676,9673,2
2013-11-19 14:39:00,2013-11-19 14:40:00,9665,9660,9665,9660,9673,9668,9673,9668,3
2013-11-19 14:40:00,2013-11-19 14:45:00,9655,9640,9650,9640,9663,9648,9658,9648,3
2013-11-19 14:45:00,2013-11-19 14:46:00,9640,9645,9645,9640,9648,9653,9653,9648,10
2013-11-19 14:46:00,2013-11-19 14:49:00,9650,9645,9650,9645,9658,9653,9658,9653,7
2013-11-19 14:49:00,2013-11-19 14:51:00,9650,9650,9651,9645,9658,9658,9661,9653,5
2013-11-19 14:51:00,2013-11-19 14:52:00,9650,9655,9660,9651,9658,9663,9668,9661,5
2013-11-19 14:52:00,2013-11-19 14:55:00,9660,9650,9655,9650,9668,9658,9663,9658,2
2013-11-19 14:55:00,2013-11-19 14:56:00,9650,9655,9656,9655,9658,9663,9666,9663,3
2013-11-19 14:56:00,2013-11-19 14:57:00,9655,9650,9655,9650,9663,9658,9663,9658,6
2013-11-19 14:57:00,2013-11-19 14:58:00,9650,9650,9655,9650,9658,9658,9663,9658,5
2013-11-19 14:58:00,2013-11-19 15:00:00,9650,9660,9661,9655,9658,9668,9671,9663,5
2013-11-19 15:00:00,2013-11-19 15:01:00,9660,9665,9670,9661,9668,9673,9678,9671,5
2013-11-19 15:01:00,2013-11-19 15:02:00,9665,9660,9660,9655,9673,9668,9668,9663,3
2013-11-19 15:02:00,2013-11-19 15:03:00,9660,9670,9670,9660,9668,9678,9678,9668,8
2013-11-19 15:03:00,2013-11-19 15:04:00,9670,9675,9675,9670,9678,9683,9683,9678,7
2013-11-19 15:04:00,2013-11-19 15:07:00,9675,9670,9671,9670,9683,9678,9681,9678,2
2013-11-19 15:07:00,2013-11-19 15:08:00,9670,9675,9675,9675,9678,9683,9683,9683,1
2013-11-19 15:08:00,2013-11-19 15:10:00,9680,9680,9680,9675,9688,9688,9688,9683,2
2013-11-19 15:10:00,2013-11-19 15:11:00,9680,9680,9680,9675,9688,9688,9688,9683,3
2013-11-19 15:11:00,2013-11-19 15:15:00,9680,9690,9690,9685,9688,9698,9698,9693,8
2013-11-19 15:15:00,2013-11-19 15:16:00,9690,9685,9690,9685,9698,9693,9698,9693,6
2013-11-19 15:16:00,2013-11-19 15:17:00,9685,9685,9685,9680,9693,9693,9693,9688,2
2013-11-19 15:17:00,2013-11-19 15:18:00,9685,9680,9680,9680,9693,9688,9688,9688,1
2013-11-19 15:18:00,2013-11-19 15:20:00,9685,9685,9690,9685,9693,9693,9698,9693,3
2013-11-19 15:20:00,2013-11-19 15:21:00,9685,9681,9685,9680,9693,9691,9693,9688,7
2013-11-19 15:21:00,2013-11-19 15:22:00,9681,9680,9685,9680,9691,9688,9693,9688,2
2013-11-19 15:22:00,2013-11-19 15:27:00,9675,9670,9671,9665,9683,9678,9681,9673,9
2013-11-19 15:27:00,2013-11-19 15:28:00,9670,9675,9675,9671,9678,9683,9683,9681,4
2013-11-19 15:28:00,2013-11-19 15:30:00,9670,9660,9665,9660,9678,9668,9673,9668,2
2013-11-19 15:30:00,2013-11-19 15:31:00,9660,9670,9670,9661,9668,9678,9678,9671,3
2013-11-19 15:31:00,2013-11-19 15:33:00,9670,9665,9665,9665,9678,9673,9673,9673,1
2013-11-19 15:33:00,2013-11-19 15:34:00,9665,9670,9670,9665,9673,9678,9678,9673,6
2013-11-19 15:34:00,2013-11-19 15:35:00,9670,9670,9675,9665,9678,9678,9683,9673,9
2013-11-19 15:35:00,2013-11-19 15:36:00,9670,9675,9675,9671,9678,9683,9683,9681,2
2013-11-19 15:36:00,2013-11-19 15:37:00,9675,9675,9685,9675,9683,9683,9693,9683,8
2013-11-19 15:37:00,2013-11-19 15:38:00,9675,9680,9680,9675,9683,9688,9688,9683,12
2013-11-19 15:38:00,2013-11-19 15:39:00,9680,9670,9675,9670,9688,9678,9683,9678,2
2013-11-19 15:39:00,2013-11-19 15:43:00,9670,9666,9675,9666,9678,9676,9683,9676,12
2013-11-19 15:43:00,2013-11-19 15:44:00,9666,9660,9670,9660,9676,9668,9678,9668,4
2013-11-19 15:44:00,2013-11-19 15:47:00,9660,9670,9670,9660,9668,9678,9678,9668,7
2013-11-19 15:47:00,2013-11-19 15:48:00,9670,9660,9670,9660,9678,9668,9678,9668,5
2013-11-19 15:48:00,2013-11-19 15:53:00,9645,9650,9650,9645,9653,9658,9658,9653,5
2013-11-19 15:53:00,2013-11-19 15:54:00,9650,9646,9650,9645,9658,9656,9658,9653,8
2013-11-19 15:54:00,2013-11-19 15:55:00,9646,9650,9650,9645,9656,9658,9658,9653,4
2013-11-19 15:55:00,2013-11-19 15:57:00,9645,9650,9655,9646,9653,9658,9663,9656,9
2013-11-19 15:57:00,2013-11-19 16:00:00,9650,9645,9645,9645,9658,9653,9653,9653,1
2013-11-19 16:00:00,2013-11-19 16:01:00,9645,9640,9640,9640,9653,9648,9648,9648,1
2013-11-19 16:01:00,2013-11-19 16:02:00,9640,9640,9640,9635,9648,9648,9648,9643,6
2013-11-19 16:02:00,2013-11-19 16:03:00,9640,9645,9645,9641,9648,9653,9653,9651,2
2013-11-19 16:03:00,2013-11-19 16:04:00,9645,9635,9640,9635,9653,9643,9648,9643,3
2013-11-19 16:04:00,2013-11-19 16:08:00,9640,9640,9645,9640,9648,9648,9653,9648,2
2013-11-19 16:08:00,2013-11-19 16:11:00,9635,9640,9640,9636,9643,9648,9648,9646,2
2013-11-19 16:11:00,2013-11-19 16:12:00,9640,9635,9640,9635,9648,9643,9648,9643,8
2013-11-19 16:12:00,2013-11-19 16:13:00,9635,9630,9631,9630,9643,9638,9641,9638,3
2013-11-19 16:13:00,2013-11-19 16:14:00,9630,9626,9635,9625,9638,9636,9643,9633,9
2013-11-19 16:14:00,2013-11-19 16:15:00,9626,9625,9630,9625,9636,9633,9638,9633,10
2013-11-19 16:15:00,2013-11-19 16:17:00,9625,9630,9630,9625,9633,9638,9638,9633,3
2013-11-19 16:17:00,2013-11-19 16:18:00,9630,9620,9630,9620,9638,9628,9638,9628,6
2013-11-19 16:18:00,2013-11-19 16:19:00,9620,9635,9635,9625,9628,9643,9643,9633,10
2013-11-19 16:19:00,2013-11-19 16:20:00,9635,9630,9635,9630,9643,9638,9643,9638,6
2013-11-19 16:20:00,2013-11-19 16:22:00,9625,9630,9631,9625,9633,9638,9641,9633,5
2013-11-19 16:22:00,2013-11-19 16:23:00,9630,9626,9630,9625,9638,9636,9638,9633,7
2013-11-19 16:23:00,2013-11-19 16:24:00,9626,9625,9630,9620,9636,9633,9638,9628,4
