open time,close time,open bid,close bid,high bid,low bid,open ask,close ask,high ask,low ask,volume
2014-10-06 23:59:00,2014-10-07 00:00:00,97.663,97.666,97.697,97.663,97.691,97.695,97.726,97.692,375
2014-10-07 00:00:00,2014-10-07 00:01:00,97.666,97.643,97.667,97.643,97.695,97.669,97.695,97.669,128
2014-10-07 00:01:00,2014-10-07 00:02:00,97.643,97.634,97.651,97.626,97.669,97.663,97.679,97.651,225
2014-10-07 00:02:00,2014-10-07 00:03:00,97.634,97.656,97.668,97.638,97.663,97.684,97.695,97.663,153
2014-10-07 00:03:00,2014-10-07 00:04:00,97.656,97.66,97.66,97.649,97.684,97.689,97.689,97.677,148
2014-10-07 00:04:00,2014-10-07 00:05:00,97.66,97.65,97.669,97.649,97.689,97.679,97.696,97.677,104
2014-10-07 00:05:00,2014-10-07 00:06:00,97.65,97.636,97.65,97.626,97.679,97.661,97.679,97.655,245
2014-10-07 00:06:00,2014-10-07 00:07:00,97.636,97.634,97.656,97.631,97.661,97.662,97.682,97.659,245
2014-10-07 00:07:00,2014-10-07 00:08:00,97.634,97.632,97.646,97.624,97.662,97.66,97.669,97.651,314
2014-10-07 00:08:00,2014-10-07 00:09:00,97.632,97.646,97.653,97.627,97.66,97.673,97.68,97.653,157
2014-10-07 00:09:00,2014-10-07 00:10:00,97.646,97.649,97.652,97.643,97.673,97.679,97.681,97.671,85
2014-10-07 00:10:00,2014-10-07 00:11:00,97.649,97.663,97.663,97.645,97.679,97.692,97.692,97.675,101
2014-10-07 00:11:00,2014-10-07 00:12:00,97.663,97.665,97.671,97.661,97.692,97.694,97.7,97.689,130
2014-10-07 00:12:00,2014-10-07 00:13:00,97.665,97.665,97.67,97.654,97.694,97.693,97.696,97.683,176
2014-10-07 00:13:00,2014-10-07 00:14:00,97.665,97.667,97.672,97.665,97.693,97.696,97.7,97.694,62
2014-10-07 00:14:00,2014-10-07 00:15:00,97.667,97.653,97.667,97.647,97.696,97.682,97.695,97.675,248
2014-10-07 00:15:00,2014-10-07 00:16:00,97.653,97.655,97.657,97.653,97.682,97.684,97.685,97.681,23
2014-10-07 00:16:00,2014-10-07 00:17:00,97.655,97.645,97.655,97.645,97.684,97.674,97.683,97.674,105
2014-10-07 00:17:00,2014-10-07 00:18:00,97.645,97.646,97.654,97.642,97.674,97.673,97.682,97.67,65
2014-10-07 00:18:00,2014-10-07 00:19:00,97.646,97.661,97.668,97.646,97.673,97.689,97.695,97.674,169
2014-10-07 00:19:00,2014-10-07 00:20:00,97.661,97.679,97.699,97.659,97.689,97.707,97.726,97.688,302
2014-10-07 00:20:00,2014-10-07 00:21:00,97.679,97.689,97.7,97.678,97.707,97.717,97.727,97.706,298
2014-10-07 00:21:00,2014-10-07 00:22:00,97.689,97.683,97.697,97.683,97.717,97.707,97.724,97.705,124
2014-10-07 00:22:00,2014-10-07 00:23:00,97.683,97.671,97.688,97.663,97.707,97.694,97.713,97.685,113
2014-10-07 00:23:00,2014-10-07 00:24:00,97.671,97.653,97.679,97.65,97.694,97.68,97.701,97.677,230
2014-10-07 00:24:00,2014-10-07 00:25:00,97.653,97.66,97.662,97.652,97.68,97.688,97.689,97.673,118
2014-10-07 00:25:00,2014-10-07 00:26:00,97.66,97.654,97.674,97.653,97.688,97.681,97.701,97.68,180
2014-10-07 00:26:00,2014-10-07 00:27:00,97.654,97.64,97.656,97.638,97.681,97.668,97.682,97.665,145
2014-10-07 00:27:00,2014-10-07 00:28:00,97.64,97.633,97.644,97.628,97.668,97.661,97.67,97.654,183
2014-10-07 00:28:00,2014-10-07 00:29:00,97.633,97.625,97.639,97.625,97.661,97.653,97.667,97.652,215
2014-10-07 00:29:00,2014-10-07 00:30:00,97.625,97.633,97.637,97.623,97.653,97.659,97.662,97.651,36
2014-10-07 00:30:00,2014-10-07 00:31:00,97.633,97.629,97.646,97.629,97.659,97.658,97.672,97.657,92
2014-10-07 00:31:00,2014-10-07 00:32:00,97.629,97.633,97.633,97.621,97.658,97.66,97.66,97.648,82
2014-10-07 00:32:00,2014-10-07 00:33:00,97.633,97.641,97.649,97.625,97.66,97.668,97.676,97.649,178
2014-10-07 00:33:00,2014-10-07 00:34:00,97.641,97.641,97.655,97.633,97.668,97.666,97.681,97.66,151
2014-10-07 00:34:00,2014-10-07 00:35:00,97.641,97.64,97.649,97.638,97.666,97.667,97.672,97.663,56
2014-10-07 00:35:00,2014-10-07 00:36:00,97.64,97.641,97.644,97.63,97.667,97.668,97.67,97.655,137
2014-10-07 00:36:00,2014-10-07 00:37:00,97.641,97.638,97.643,97.625,97.668,97.665,97.668,97.653,135
2014-10-07 00:37:00,2014-10-07 00:38:00,97.638,97.628,97.643,97.628,97.665,97.655,97.669,97.651,99
2014-10-07 00:38:00,2014-10-07 00:39:00,97.628,97.623,97.628,97.62,97.655,97.651,97.654,97.648,73
2014-10-07 00:39:00,2014-10-07 00:40:00,97.623,97.626,97.632,97.618,97.651,97.65,97.659,97.641,146
2014-10-07 00:40:00,2014-10-07 00:41:00,97.626,97.619,97.633,97.619,97.65,97.646,97.659,97.644,114
2014-10-07 00:41:00,2014-10-07 00:42:00,97.619,97.627,97.634,97.618,97.646,97.655,97.661,97.644,143
2014-10-07 00:42:00,2014-10-07 00:43:00,97.627,97.627,97.636,97.623,97.655,97.653,97.663,97.65,178
2014-10-07 00:43:00,2014-10-07 00:44:00,97.627,97.627,97.634,97.619,97.653,97.654,97.661,97.647,98
2014-10-07 00:44:00,2014-10-07 00:45:00,97.627,97.623,97.63,97.619,97.654,97.651,97.657,97.643,86
2014-10-07 00:45:00,2014-10-07 00:46:00,97.623,97.616,97.629,97.607,97.651,97.646,97.656,97.637,199
2014-10-07 00:46:00,2014-10-07 00:47:00,97.616,97.619,97.628,97.612,97.646,97.647,97.655,97.638,134
2014-10-07 00:47:00,2014-10-07 00:48:00,97.619,97.619,97.628,97.616,97.647,97.647,97.655,97.641,85
2014-10-07 00:48:00,2014-10-07 00:49:00,97.619,97.619,97.619,97.61,97.647,97.645,97.647,97.638,94
2014-10-07 00:49:00,2014-10-07 00:50:00,97.619,97.607,97.621,97.601,97.645,97.635,97.648,97.628,135
2014-10-07 00:50:00,2014-10-07 00:51:00,97.607,97.599,97.62,97.598,97.635,97.628,97.645,97.626,122
2014-10-07 00:51:00,2014-10-07 00:52:00,97.599,97.602,97.611,97.6,97.628,97.63,97.636,97.626,130
2014-10-07 00:52:00,2014-10-07 00:53:00,97.602,97.595,97.603,97.593,97.63,97.622,97.629,97.617,141
2014-10-07 00:53:00,2014-10-07 00:54:00,97.595,97.587,97.612,97.585,97.622,97.614,97.638,97.611,217
2014-10-07 00:54:00,2014-10-07 00:55:00,97.587,97.585,97.596,97.576,97.614,97.608,97.623,97.601,277
2014-10-07 00:55:00,2014-10-07 00:56:00,97.585,97.595,97.595,97.585,97.608,97.623,97.623,97.609,116
2014-10-07 00:56:00,2014-10-07 00:57:00,97.595,97.606,97.629,97.596,97.623,97.63,97.656,97.623,330
2014-10-07 00:57:00,2014-10-07 00:58:00,97.606,97.606,97.624,97.599,97.63,97.635,97.649,97.626,366
2014-10-07 00:58:00,2014-10-07 00:59:00,97.606,97.606,97.607,97.595,97.635,97.634,97.636,97.621,108
2014-10-07 00:59:00,2014-10-07 01:00:00,97.606,97.591,97.608,97.589,97.634,97.621,97.635,97.616,140
2014-10-07 01:00:00,2014-10-07 01:01:00,97.591,97.592,97.601,97.588,97.621,97.618,97.629,97.613,116
2014-10-07 01:01:00,2014-10-07 01:02:00,97.592,97.606,97.609,97.591,97.618,97.632,97.635,97.617,117
2014-10-07 01:02:00,2014-10-07 01:03:00,97.606,97.603,97.612,97.595,97.632,97.631,97.638,97.622,242
2014-10-07 01:03:00,2014-10-07 01:04:00,97.603,97.605,97.618,97.6,97.631,97.632,97.645,97.622,154
2014-10-07 01:04:00,2014-10-07 01:05:00,97.605,97.574,97.609,97.567,97.632,97.6,97.635,97.595,377
2014-10-07 01:05:00,2014-10-07 01:06:00,97.574,97.587,97.592,97.568,97.6,97.614,97.621,97.595,320
2014-10-07 01:06:00,2014-10-07 01:07:00,97.587,97.586,97.594,97.579,97.614,97.61,97.619,97.604,305
2014-10-07 01:07:00,2014-10-07 01:08:00,97.586,97.593,97.598,97.577,97.61,97.621,97.625,97.603,297
2014-10-07 01:08:00,2014-10-07 01:09:00,97.593,97.58,97.592,97.579,97.621,97.608,97.621,97.607,138
2014-10-07 01:09:00,2014-10-07 01:10:00,97.58,97.578,97.584,97.566,97.608,97.608,97.612,97.593,170
2014-10-07 01:10:00,2014-10-07 01:11:00,97.578,97.58,97.584,97.558,97.608,97.61,97.612,97.586,260
2014-10-07 01:11:00,2014-10-07 01:12:00,97.58,97.589,97.601,97.578,97.61,97.617,97.629,97.607,222
2014-10-07 01:12:00,2014-10-07 01:13:00,97.589,97.586,97.602,97.583,97.617,97.612,97.629,97.609,229
2014-10-07 01:13:00,2014-10-07 01:14:00,97.586,97.579,97.589,97.577,97.612,97.608,97.616,97.605,131
2014-10-07 01:14:00,2014-10-07 01:15:00,97.579,97.582,97.587,97.567,97.608,97.609,97.614,97.595,172
2014-10-07 01:15:00,2014-10-07 01:16:00,97.582,97.572,97.588,97.567,97.609,97.596,97.616,97.596,101
2014-10-07 01:16:00,2014-10-07 01:17:00,97.572,97.566,97.575,97.553,97.596,97.593,97.603,97.575,261
2014-10-07 01:17:00,2014-10-07 01:18:00,97.566,97.573,97.578,97.562,97.593,97.601,97.605,97.586,115
2014-10-07 01:18:00,2014-10-07 01:19:00,97.573,97.586,97.586,97.566,97.601,97.611,97.613,97.595,170
2014-10-07 01:19:00,2014-10-07 01:20:00,97.586,97.583,97.59,97.579,97.611,97.61,97.617,97.606,137
2014-10-07 01:20:00,2014-10-07 01:21:00,97.583,97.601,97.606,97.582,97.61,97.629,97.631,97.61,194
2014-10-07 01:21:00,2014-10-07 01:22:00,97.601,97.587,97.605,97.586,97.629,97.614,97.632,97.612,182
2014-10-07 01:22:00,2014-10-07 01:23:00,97.587,97.572,97.598,97.571,97.614,97.602,97.623,97.599,180
2014-10-07 01:23:00,2014-10-07 01:24:00,97.572,97.567,97.572,97.556,97.602,97.595,97.6,97.583,253
2014-10-07 01:24:00,2014-10-07 01:25:00,97.567,97.566,97.576,97.559,97.595,97.591,97.603,97.588,152
2014-10-07 01:25:00,2014-10-07 01:26:00,97.566,97.585,97.585,97.558,97.591,97.613,97.613,97.584,149
2014-10-07 01:26:00,2014-10-07 01:27:00,97.585,97.594,97.598,97.581,97.613,97.624,97.626,97.607,150
2014-10-07 01:27:00,2014-10-07 01:28:00,97.594,97.599,97.602,97.589,97.624,97.626,97.628,97.617,197
2014-10-07 01:28:00,2014-10-07 01:29:00,97.599,97.608,97.628,97.593,97.626,97.638,97.658,97.62,290
2014-10-07 01:29:00,2014-10-07 01:30:00,97.608,97.628,97.656,97.609,97.638,97.656,97.684,97.638,313
2014-10-07 01:30:00,2014-10-07 01:31:00,97.628,97.633,97.639,97.621,97.656,97.661,97.668,97.649,258
2014-10-07 01:31:00,2014-10-07 01:32:00,97.633,97.637,97.639,97.616,97.661,97.664,97.668,97.644,219
2014-10-07 01:32:00,2014-10-07 01:33:00,97.637,97.647,97.647,97.637,97.664,97.676,97.676,97.664,86
2014-10-07 01:33:00,2014-10-07 01:34:00,97.647,97.626,97.652,97.623,97.676,97.652,97.68,97.648,232
2014-10-07 01:34:00,2014-10-07 01:35:00,97.626,97.616,97.631,97.611,97.652,97.645,97.658,97.642,178
2014-10-07 01:35:00,2014-10-07 01:36:00,97.616,97.622,97.628,97.615,97.645,97.649,97.656,97.646,204
2014-10-07 01:36:00,2014-10-07 01:37:00,97.622,97.632,97.637,97.619,97.649,97.663,97.665,97.648,121
2014-10-07 01:37:00,2014-10-07 01:38:00,97.632,97.644,97.665,97.627,97.663,97.671,97.691,97.658,284
2014-10-07 01:38:00,2014-10-07 01:39:00,97.644,97.653,97.663,97.637,97.671,97.679,97.688,97.665,171
2014-10-07 01:39:00,2014-10-07 01:40:00,97.653,97.675,97.691,97.65,97.679,97.705,97.722,97.677,232
2014-10-07 01:40:00,2014-10-07 01:41:00,97.675,97.686,97.709,97.661,97.705,97.714,97.74,97.692,495
2014-10-07 01:41:00,2014-10-07 01:42:00,97.686,97.678,97.686,97.665,97.714,97.706,97.713,97.694,215
2014-10-07 01:42:00,2014-10-07 01:43:00,97.678,97.68,97.691,97.67,97.706,97.711,97.717,97.698,330
2014-10-07 01:43:00,2014-10-07 01:44:00,97.68,97.676,97.691,97.67,97.711,97.706,97.72,97.698,225
2014-10-07 01:44:00,2014-10-07 01:45:00,97.676,97.657,97.69,97.657,97.706,97.685,97.719,97.685,192
2014-10-07 01:45:00,2014-10-07 01:46:00,97.657,97.642,97.662,97.64,97.685,97.67,97.69,97.669,128
2014-10-07 01:46:00,2014-10-07 01:47:00,97.642,97.642,97.652,97.639,97.67,97.669,97.68,97.667,100
2014-10-07 01:47:00,2014-10-07 01:48:00,97.642,97.641,97.653,97.639,97.669,97.668,97.682,97.665,170
2014-10-07 01:48:00,2014-10-07 01:49:00,97.641,97.648,97.651,97.627,97.668,97.676,97.678,97.653,163
2014-10-07 01:49:00,2014-10-07 01:50:00,97.648,97.657,97.659,97.641,97.676,97.686,97.686,97.669,131
2014-10-07 01:50:00,2014-10-07 01:51:00,97.657,97.654,97.67,97.648,97.686,97.684,97.7,97.678,136
2014-10-07 01:51:00,2014-10-07 01:52:00,97.654,97.645,97.655,97.639,97.684,97.674,97.684,97.668,106
2014-10-07 01:52:00,2014-10-07 01:53:00,97.645,97.646,97.653,97.638,97.674,97.674,97.681,97.666,148
2014-10-07 01:53:00,2014-10-07 01:54:00,97.646,97.636,97.646,97.636,97.674,97.662,97.675,97.662,67
2014-10-07 01:54:00,2014-10-07 01:55:00,97.636,97.64,97.641,97.629,97.662,97.666,97.666,97.655,92
2014-10-07 01:55:00,2014-10-07 01:56:00,97.64,97.633,97.644,97.627,97.666,97.657,97.67,97.654,184
2014-10-07 01:56:00,2014-10-07 01:57:00,97.633,97.634,97.638,97.615,97.657,97.661,97.666,97.643,300
2014-10-07 01:57:00,2014-10-07 01:58:00,97.634,97.636,97.636,97.629,97.661,97.663,97.663,97.656,43
2014-10-07 01:58:00,2014-10-07 01:59:00,97.636,97.629,97.655,97.623,97.663,97.658,97.679,97.653,123
2014-10-07 01:59:00,2014-10-07 02:00:00,97.629,97.621,97.631,97.61,97.658,97.648,97.661,97.639,127
2014-10-07 02:00:00,2014-10-07 02:01:00,97.621,97.633,97.634,97.612,97.648,97.659,97.663,97.639,122
2014-10-07 02:01:00,2014-10-07 02:02:00,97.633,97.65,97.65,97.63,97.659,97.679,97.679,97.659,37
2014-10-07 02:02:00,2014-10-07 02:03:00,97.65,97.643,97.652,97.641,97.679,97.67,97.679,97.668,66
2014-10-07 02:03:00,2014-10-07 02:04:00,97.643,97.656,97.664,97.641,97.67,97.684,97.689,97.668,111
2014-10-07 02:04:00,2014-10-07 02:05:00,97.656,97.655,97.663,97.654,97.684,97.683,97.691,97.678,64
2014-10-07 02:05:00,2014-10-07 02:06:00,97.655,97.659,97.663,97.654,97.683,97.686,97.69,97.681,124
2014-10-07 02:06:00,2014-10-07 02:07:00,97.659,97.673,97.673,97.656,97.686,97.695,97.695,97.682,56
2014-10-07 02:07:00,2014-10-07 02:08:00,97.673,97.673,97.68,97.668,97.695,97.696,97.706,97.693,137
2014-10-07 02:08:00,2014-10-07 02:09:00,97.673,97.669,97.676,97.662,97.696,97.693,97.696,97.686,88
2014-10-07 02:09:00,2014-10-07 02:10:00,97.669,97.66,97.67,97.66,97.693,97.688,97.696,97.684,80
2014-10-07 02:10:00,2014-10-07 02:11:00,97.66,97.642,97.661,97.641,97.688,97.67,97.689,97.669,72
2014-10-07 02:11:00,2014-10-07 02:12:00,97.642,97.641,97.644,97.634,97.67,97.67,97.67,97.663,65
2014-10-07 02:12:00,2014-10-07 02:13:00,97.641,97.626,97.643,97.622,97.67,97.655,97.67,97.65,104
2014-10-07 02:13:00,2014-10-07 02:14:00,97.626,97.631,97.639,97.626,97.655,97.659,97.665,97.653,111
2014-10-07 02:14:00,2014-10-07 02:15:00,97.631,97.627,97.634,97.622,97.659,97.655,97.66,97.649,63
2014-10-07 02:15:00,2014-10-07 02:16:00,97.627,97.632,97.634,97.625,97.655,97.659,97.66,97.652,63
2014-10-07 02:16:00,2014-10-07 02:17:00,97.632,97.635,97.644,97.633,97.659,97.663,97.67,97.659,45
2014-10-07 02:17:00,2014-10-07 02:18:00,97.635,97.642,97.642,97.623,97.663,97.668,97.668,97.65,105
2014-10-07 02:18:00,2014-10-07 02:19:00,97.642,97.644,97.651,97.633,97.668,97.671,97.679,97.662,129
2014-10-07 02:19:00,2014-10-07 02:20:00,97.644,97.654,97.659,97.64,97.671,97.682,97.686,97.668,130
2014-10-07 02:20:00,2014-10-07 02:21:00,97.654,97.657,97.662,97.652,97.682,97.685,97.692,97.679,165
2014-10-07 02:21:00,2014-10-07 02:22:00,97.657,97.668,97.668,97.649,97.685,97.695,97.697,97.675,120
2014-10-07 02:22:00,2014-10-07 02:23:00,97.668,97.658,97.686,97.658,97.695,97.686,97.712,97.686,147
2014-10-07 02:23:00,2014-10-07 02:24:00,97.658,97.666,97.669,97.649,97.686,97.695,97.7,97.678,129
2014-10-07 02:24:00,2014-10-07 02:25:00,97.666,97.692,97.692,97.662,97.695,97.719,97.72,97.691,139
2014-10-07 02:25:00,2014-10-07 02:26:00,97.692,97.686,97.696,97.677,97.719,97.713,97.72,97.707,112
2014-10-07 02:26:00,2014-10-07 02:27:00,97.686,97.679,97.688,97.664,97.713,97.708,97.713,97.69,180
2014-10-07 02:27:00,2014-10-07 02:28:00,97.679,97.635,97.679,97.635,97.708,97.663,97.707,97.66,258
2014-10-07 02:28:00,2014-10-07 02:29:00,97.635,97.635,97.637,97.598,97.663,97.661,97.665,97.625,347
2014-10-07 02:29:00,2014-10-07 02:30:00,97.635,97.629,97.638,97.621,97.661,97.657,97.665,97.645,257
2014-10-07 02:30:00,2014-10-07 02:31:00,97.629,97.639,97.659,97.622,97.657,97.669,97.687,97.649,268
2014-10-07 02:31:00,2014-10-07 02:32:00,97.639,97.642,97.655,97.63,97.669,97.671,97.684,97.658,173
2014-10-07 02:32:00,2014-10-07 02:33:00,97.642,97.647,97.65,97.632,97.671,97.674,97.677,97.663,152
2014-10-07 02:33:00,2014-10-07 02:34:00,97.647,97.645,97.655,97.643,97.674,97.671,97.679,97.669,75
2014-10-07 02:34:00,2014-10-07 02:35:00,97.645,97.64,97.648,97.631,97.671,97.668,97.677,97.657,121
2014-10-07 02:35:00,2014-10-07 02:36:00,97.64,97.635,97.64,97.632,97.668,97.663,97.668,97.656,72
2014-10-07 02:36:00,2014-10-07 02:37:00,97.635,97.621,97.645,97.612,97.663,97.648,97.671,97.64,258
2014-10-07 02:37:00,2014-10-07 02:38:00,97.621,97.613,97.624,97.608,97.648,97.639,97.649,97.635,116
2014-10-07 02:38:00,2014-10-07 02:39:00,97.613,97.604,97.613,97.602,97.639,97.629,97.638,97.627,52
2014-10-07 02:39:00,2014-10-07 02:40:00,97.604,97.609,97.614,97.604,97.629,97.635,97.643,97.629,224
2014-10-07 02:40:00,2014-10-07 02:41:00,97.609,97.617,97.618,97.61,97.635,97.644,97.645,97.635,96
2014-10-07 02:41:00,2014-10-07 02:42:00,97.617,97.607,97.62,97.602,97.644,97.636,97.649,97.63,126
2014-10-07 02:42:00,2014-10-07 02:43:00,97.607,97.615,97.618,97.607,97.636,97.642,97.646,97.635,54
2014-10-07 02:43:00,2014-10-07 02:44:00,97.615,97.632,97.633,97.614,97.642,97.657,97.658,97.641,82
2014-10-07 02:44:00,2014-10-07 02:45:00,97.632,97.647,97.656,97.631,97.657,97.675,97.683,97.657,185
2014-10-07 02:45:00,2014-10-07 02:46:00,97.647,97.644,97.66,97.641,97.675,97.671,97.688,97.668,121
2014-10-07 02:46:00,2014-10-07 02:47:00,97.644,97.64,97.658,97.637,97.671,97.667,97.686,97.661,119
2014-10-07 02:47:00,2014-10-07 02:48:00,97.64,97.636,97.649,97.636,97.667,97.665,97.676,97.662,55
2014-10-07 02:48:00,2014-10-07 02:49:00,97.636,97.641,97.641,97.636,97.665,97.665,97.666,97.663,20
2014-10-07 02:49:00,2014-10-07 02:50:00,97.641,97.634,97.643,97.634,97.665,97.659,97.666,97.659,37
2014-10-07 02:50:00,2014-10-07 02:51:00,97.634,97.612,97.637,97.608,97.659,97.64,97.664,97.636,129
2014-10-07 02:51:00,2014-10-07 02:52:00,97.612,97.608,97.616,97.601,97.64,97.636,97.644,97.628,116
2014-10-07 02:52:00,2014-10-07 02:53:00,97.608,97.61,97.61,97.606,97.636,97.638,97.638,97.635,35
2014-10-07 02:53:00,2014-10-07 02:54:00,97.61,97.611,97.611,97.61,97.638,97.638,97.638,97.637,11
2014-10-07 02:54:00,2014-10-07 02:55:00,97.611,97.605,97.613,97.596,97.638,97.633,97.638,97.625,54
2014-10-07 02:55:00,2014-10-07 02:56:00,97.605,97.603,97.621,97.599,97.633,97.631,97.648,97.627,156
2014-10-07 02:56:00,2014-10-07 02:57:00,97.603,97.602,97.603,97.59,97.631,97.629,97.63,97.616,53
2014-10-07 02:57:00,2014-10-07 02:58:00,97.602,97.613,97.616,97.603,97.629,97.641,97.645,97.629,79
2014-10-07 02:58:00,2014-10-07 02:59:00,97.613,97.614,97.62,97.609,97.641,97.64,97.645,97.637,51
2014-10-07 02:59:00,2014-10-07 03:00:00,97.614,97.635,97.636,97.614,97.64,97.664,97.664,97.64,94
2014-10-07 03:00:00,2014-10-07 03:01:00,97.635,97.647,97.654,97.635,97.664,97.675,97.681,97.66,120
2014-10-07 03:01:00,2014-10-07 03:02:00,97.647,97.649,97.669,97.647,97.675,97.679,97.699,97.675,222
2014-10-07 03:02:00,2014-10-07 03:03:00,97.649,97.655,97.66,97.645,97.679,97.684,97.689,97.676,149
2014-10-07 03:03:00,2014-10-07 03:04:00,97.655,97.658,97.665,97.646,97.684,97.686,97.694,97.674,130
2014-10-07 03:04:00,2014-10-07 03:05:00,97.658,97.647,97.658,97.64,97.686,97.676,97.685,97.666,199
2014-10-07 03:05:00,2014-10-07 03:06:00,97.647,97.65,97.65,97.647,97.676,97.679,97.679,97.675,14
2014-10-07 03:06:00,2014-10-07 03:07:00,97.65,97.644,97.652,97.642,97.679,97.673,97.68,97.671,53
2014-10-07 03:07:00,2014-10-07 03:08:00,97.644,97.638,97.645,97.638,97.673,97.664,97.674,97.663,33
2014-10-07 03:08:00,2014-10-07 03:09:00,97.638,97.639,97.639,97.636,97.664,97.666,97.666,97.663,27
2014-10-07 03:09:00,2014-10-07 03:10:00,97.639,97.649,97.649,97.63,97.666,97.674,97.674,97.658,102
2014-10-07 03:10:00,2014-10-07 03:11:00,97.649,97.643,97.649,97.641,97.674,97.673,97.676,97.668,38
2014-10-07 03:11:00,2014-10-07 03:12:00,97.643,97.655,97.655,97.644,97.673,97.681,97.681,97.671,65
2014-10-07 03:12:00,2014-10-07 03:13:00,97.655,97.64,97.655,97.64,97.681,97.668,97.682,97.666,32
2014-10-07 03:13:00,2014-10-07 03:14:00,97.64,97.628,97.648,97.622,97.668,97.656,97.673,97.649,100
2014-10-07 03:14:00,2014-10-07 03:15:00,97.628,97.632,97.64,97.628,97.656,97.659,97.667,97.657,45
2014-10-07 03:15:00,2014-10-07 03:16:00,97.632,97.634,97.646,97.632,97.659,97.663,97.671,97.657,77
2014-10-07 03:16:00,2014-10-07 03:17:00,97.634,97.646,97.649,97.634,97.663,97.673,97.677,97.662,68
2014-10-07 03:17:00,2014-10-07 03:18:00,97.646,97.645,97.651,97.643,97.673,97.671,97.676,97.671,32
2014-10-07 03:18:00,2014-10-07 03:19:00,97.645,97.643,97.647,97.628,97.671,97.671,97.675,97.654,110
2014-10-07 03:19:00,2014-10-07 03:20:00,97.643,97.652,97.659,97.645,97.671,97.678,97.685,97.671,70
2014-10-07 03:20:00,2014-10-07 03:21:00,97.652,97.653,97.662,97.644,97.678,97.681,97.688,97.673,92
2014-10-07 03:21:00,2014-10-07 03:22:00,97.653,97.632,97.655,97.632,97.681,97.66,97.685,97.66,133
2014-10-07 03:22:00,2014-10-07 03:23:00,97.632,97.631,97.64,97.619,97.66,97.659,97.668,97.649,116
2014-10-07 03:23:00,2014-10-07 03:24:00,97.631,97.62,97.638,97.62,97.659,97.648,97.666,97.647,188
2014-10-07 03:24:00,2014-10-07 03:25:00,97.62,97.617,97.627,97.616,97.648,97.647,97.655,97.645,188
2014-10-07 03:25:00,2014-10-07 03:26:00,97.617,97.615,97.617,97.59,97.647,97.643,97.647,97.622,138
2014-10-07 03:26:00,2014-10-07 03:27:00,97.615,97.591,97.622,97.591,97.643,97.621,97.647,97.621,187
2014-10-07 03:27:00,2014-10-07 03:28:00,97.591,97.593,97.606,97.588,97.621,97.621,97.633,97.617,123
2014-10-07 03:28:00,2014-10-07 03:29:00,97.593,97.592,97.606,97.591,97.621,97.623,97.636,97.619,131
2014-10-07 03:29:00,2014-10-07 03:30:00,97.592,97.593,97.608,97.593,97.623,97.63,97.639,97.623,152
2014-10-07 03:30:00,2014-10-07 03:31:00,97.593,97.59,97.606,97.575,97.63,97.622,97.636,97.609,262
2014-10-07 03:31:00,2014-10-07 03:32:00,97.59,97.613,97.622,97.59,97.622,97.642,97.653,97.619,232
2014-10-07 03:32:00,2014-10-07 03:33:00,97.613,97.631,97.632,97.605,97.642,97.651,97.657,97.638,227
2014-10-07 03:33:00,2014-10-07 03:34:00,97.631,97.615,97.631,97.607,97.651,97.644,97.653,97.634,176
2014-10-07 03:34:00,2014-10-07 03:35:00,97.615,97.597,97.615,97.595,97.644,97.626,97.643,97.622,74
2014-10-07 03:35:00,2014-10-07 03:36:00,97.597,97.615,97.623,97.594,97.626,97.642,97.648,97.62,108
2014-10-07 03:36:00,2014-10-07 03:37:00,97.615,97.596,97.615,97.593,97.642,97.621,97.639,97.621,68
2014-10-07 03:37:00,2014-10-07 03:38:00,97.596,97.587,97.601,97.565,97.621,97.618,97.633,97.593,498
2014-10-07 03:38:00,2014-10-07 03:39:00,97.587,97.58,97.6,97.569,97.618,97.609,97.629,97.599,262
2014-10-07 03:39:00,2014-10-07 03:40:00,97.58,97.559,97.601,97.553,97.609,97.588,97.628,97.582,418
2014-10-07 03:40:00,2014-10-07 03:41:00,97.559,97.585,97.587,97.558,97.588,97.615,97.616,97.587,103
2014-10-07 03:41:00,2014-10-07 03:42:00,97.585,97.572,97.585,97.558,97.615,97.601,97.615,97.587,115
2014-10-07 03:42:00,2014-10-07 03:43:00,97.572,97.585,97.589,97.567,97.601,97.615,97.616,97.596,91
2014-10-07 03:43:00,2014-10-07 03:44:00,97.585,97.605,97.618,97.585,97.615,97.633,97.648,97.615,265
2014-10-07 03:44:00,2014-10-07 03:45:00,97.605,97.603,97.606,97.59,97.633,97.627,97.635,97.617,130
2014-10-07 03:45:00,2014-10-07 03:46:00,97.603,97.607,97.621,97.598,97.627,97.638,97.65,97.626,156
2014-10-07 03:46:00,2014-10-07 03:47:00,97.607,97.606,97.608,97.597,97.638,97.633,97.637,97.626,117
2014-10-07 03:47:00,2014-10-07 03:48:00,97.606,97.602,97.614,97.592,97.633,97.626,97.639,97.62,176
2014-10-07 03:48:00,2014-10-07 03:49:00,97.602,97.62,97.628,97.602,97.626,97.646,97.658,97.628,171
2014-10-07 03:49:00,2014-10-07 03:50:00,97.62,97.615,97.643,97.615,97.646,97.641,97.668,97.637,186
2014-10-07 03:50:00,2014-10-07 03:51:00,97.615,97.628,97.629,97.614,97.641,97.656,97.657,97.636,123
2014-10-07 03:51:00,2014-10-07 03:52:00,97.628,97.612,97.628,97.61,97.656,97.641,97.655,97.637,84
2014-10-07 03:52:00,2014-10-07 03:53:00,97.612,97.607,97.621,97.603,97.641,97.635,97.647,97.631,95
2014-10-07 03:53:00,2014-10-07 03:54:00,97.607,97.592,97.61,97.592,97.635,97.622,97.639,97.622,90
2014-10-07 03:54:00,2014-10-07 03:55:00,97.592,97.595,97.598,97.592,97.622,97.624,97.625,97.617,53
2014-10-07 03:55:00,2014-10-07 03:56:00,97.595,97.59,97.603,97.588,97.624,97.618,97.632,97.616,102
2014-10-07 03:56:00,2014-10-07 03:57:00,97.59,97.595,97.603,97.583,97.618,97.624,97.632,97.609,126
2014-10-07 03:57:00,2014-10-07 03:58:00,97.595,97.585,97.597,97.585,97.624,97.614,97.625,97.612,57
2014-10-07 03:58:00,2014-10-07 03:59:00,97.585,97.592,97.592,97.583,97.614,97.619,97.619,97.611,45
2014-10-07 03:59:00,2014-10-07 04:00:00,97.592,97.593,97.596,97.591,97.619,97.622,97.626,97.619,28
2014-10-07 04:00:00,2014-10-07 04:01:00,97.593,97.595,97.597,97.585,97.622,97.622,97.625,97.613,66
2014-10-07 04:01:00,2014-10-07 04:02:00,97.595,97.598,97.599,97.579,97.622,97.626,97.628,97.608,95
2014-10-07 04:02:00,2014-10-07 04:03:00,97.598,97.586,97.599,97.586,97.626,97.612,97.629,97.612,84
2014-10-07 04:03:00,2014-10-07 04:04:00,97.586,97.582,97.585,97.581,97.612,97.61,97.613,97.608,43
2014-10-07 04:04:00,2014-10-07 04:05:00,97.582,97.588,97.594,97.573,97.61,97.617,97.62,97.598,89
2014-10-07 04:05:00,2014-10-07 04:06:00,97.588,97.6,97.601,97.59,97.617,97.629,97.629,97.617,25
2014-10-07 04:06:00,2014-10-07 04:07:00,97.6,97.602,97.606,97.596,97.629,97.629,97.634,97.624,57
2014-10-07 04:07:00,2014-10-07 04:08:00,97.602,97.602,97.615,97.595,97.629,97.625,97.642,97.623,153
2014-10-07 04:08:00,2014-10-07 04:09:00,97.602,97.61,97.61,97.598,97.625,97.634,97.636,97.625,80
2014-10-07 04:09:00,2014-10-07 04:10:00,97.61,97.603,97.61,97.603,97.634,97.629,97.634,97.628,41
2014-10-07 04:10:00,2014-10-07 04:11:00,97.603,97.613,97.614,97.601,97.629,97.637,97.639,97.627,104
2014-10-07 04:11:00,2014-10-07 04:12:00,97.613,97.601,97.614,97.599,97.637,97.629,97.639,97.625,135
2014-10-07 04:12:00,2014-10-07 04:13:00,97.601,97.61,97.617,97.597,97.629,97.638,97.645,97.625,87
2014-10-07 04:13:00,2014-10-07 04:14:00,97.61,97.61,97.611,97.608,97.638,97.639,97.639,97.635,13
2014-10-07 04:14:00,2014-10-07 04:15:00,97.61,97.616,97.622,97.608,97.639,97.644,97.649,97.636,135
2014-10-07 04:15:00,2014-10-07 04:16:00,97.616,97.614,97.617,97.614,97.644,97.643,97.645,97.643,31
2014-10-07 04:16:00,2014-10-07 04:17:00,97.614,97.608,97.619,97.6,97.643,97.638,97.647,97.63,159
2014-10-07 04:17:00,2014-10-07 04:18:00,97.608,97.617,97.623,97.606,97.638,97.646,97.65,97.635,103
2014-10-07 04:18:00,2014-10-07 04:19:00,97.617,97.609,97.617,97.608,97.646,97.637,97.645,97.637,23
2014-10-07 04:19:00,2014-10-07 04:20:00,97.609,97.609,97.61,97.595,97.637,97.639,97.639,97.622,171
2014-10-07 04:20:00,2014-10-07 04:21:00,97.609,97.616,97.617,97.605,97.639,97.646,97.646,97.635,67
2014-10-07 04:21:00,2014-10-07 04:22:00,97.616,97.61,97.616,97.605,97.646,97.641,97.645,97.634,53
2014-10-07 04:22:00,2014-10-07 04:23:00,97.61,97.61,97.612,97.605,97.641,97.64,97.641,97.635,39
2014-10-07 04:23:00,2014-10-07 04:24:00,97.61,97.613,97.616,97.611,97.64,97.638,97.643,97.637,23
2014-10-07 04:24:00,2014-10-07 04:25:00,97.613,97.617,97.617,97.61,97.638,97.644,97.645,97.637,36
2014-10-07 04:25:00,2014-10-07 04:26:00,97.617,97.62,97.62,97.616,97.644,97.644,97.649,97.643,24
2014-10-07 04:26:00,2014-10-07 04:27:00,97.62,97.62,97.62,97.62,97.644,97.643,97.645,97.643,5
2014-10-07 04:27:00,2014-10-07 04:28:00,97.62,97.62,97.624,97.619,97.643,97.646,97.649,97.643,13
2014-10-07 04:28:00,2014-10-07 04:29:00,97.62,97.62,97.62,97.618,97.646,97.649,97.65,97.645,21
2014-10-07 04:29:00,2014-10-07 04:30:00,97.62,97.621,97.621,97.618,97.649,97.647,97.651,97.644,63
2014-10-07 04:30:00,2014-10-07 04:31:00,97.621,97.608,97.628,97.607,97.647,97.636,97.655,97.634,72
2014-10-07 04:31:00,2014-10-07 04:32:00,97.608,97.612,97.617,97.606,97.636,97.641,97.645,97.635,128
2014-10-07 04:32:00,2014-10-07 04:33:00,97.612,97.608,97.613,97.605,97.641,97.637,97.642,97.635,50
2014-10-07 04:33:00,2014-10-07 04:34:00,97.608,97.597,97.612,97.597,97.637,97.627,97.641,97.627,103
2014-10-07 04:34:00,2014-10-07 04:35:00,97.597,97.604,97.609,97.597,97.627,97.634,97.635,97.624,117
2014-10-07 04:35:00,2014-10-07 04:36:00,97.604,97.608,97.608,97.602,97.634,97.633,97.635,97.632,63
2014-10-07 04:36:00,2014-10-07 04:37:00,97.608,97.581,97.611,97.57,97.633,97.61,97.634,97.603,218
2014-10-07 04:37:00,2014-10-07 04:38:00,97.581,97.48,97.58,97.463,97.61,97.514,97.61,97.496,624
2014-10-07 04:38:00,2014-10-07 04:39:00,97.48,97.48,97.511,97.46,97.514,97.512,97.544,97.493,400
2014-10-07 04:39:00,2014-10-07 04:40:00,97.48,97.474,97.489,97.465,97.512,97.504,97.516,97.491,259
2014-10-07 04:40:00,2014-10-07 04:41:00,97.474,97.455,97.499,97.445,97.504,97.484,97.528,97.472,491
2014-10-07 04:41:00,2014-10-07 04:42:00,97.455,97.397,97.463,97.393,97.484,97.428,97.496,97.422,771
2014-10-07 04:42:00,2014-10-07 04:43:00,97.397,97.376,97.42,97.375,97.428,97.404,97.453,97.401,547
2014-10-07 04:43:00,2014-10-07 04:44:00,97.376,97.396,97.402,97.359,97.404,97.427,97.432,97.392,512
2014-10-07 04:44:00,2014-10-07 04:45:00,97.396,97.407,97.436,97.391,97.427,97.431,97.469,97.418,763
2014-10-07 04:45:00,2014-10-07 04:46:00,97.407,97.41,97.414,97.385,97.431,97.439,97.441,97.41,305
2014-10-07 04:46:00,2014-10-07 04:47:00,97.41,97.43,97.431,97.392,97.439,97.459,97.462,97.423,382
2014-10-07 04:47:00,2014-10-07 04:48:00,97.43,97.442,97.446,97.414,97.459,97.469,97.469,97.444,243
2014-10-07 04:48:00,2014-10-07 04:49:00,97.442,97.435,97.471,97.435,97.469,97.464,97.494,97.464,120
2014-10-07 04:49:00,2014-10-07 04:50:00,97.435,97.461,97.461,97.421,97.464,97.489,97.489,97.45,173
2014-10-07 04:50:00,2014-10-07 04:51:00,97.461,97.473,97.474,97.459,97.489,97.504,97.504,97.488,188
2014-10-07 04:51:00,2014-10-07 04:52:00,97.473,97.488,97.509,97.475,97.504,97.519,97.539,97.504,275
2014-10-07 04:52:00,2014-10-07 04:53:00,97.488,97.491,97.497,97.484,97.519,97.521,97.527,97.514,92
2014-10-07 04:53:00,2014-10-07 04:54:00,97.491,97.47,97.497,97.439,97.521,97.503,97.526,97.475,302
2014-10-07 04:54:00,2014-10-07 04:55:00,97.47,97.477,97.482,97.441,97.503,97.504,97.51,97.475,223
2014-10-07 04:55:00,2014-10-07 04:56:00,97.477,97.472,97.494,97.465,97.504,97.496,97.517,97.491,232
2014-10-07 04:56:00,2014-10-07 04:57:00,97.472,97.488,97.504,97.472,97.496,97.517,97.532,97.497,276
2014-10-07 04:57:00,2014-10-07 04:58:00,97.488,97.511,97.512,97.486,97.517,97.539,97.542,97.516,136
2014-10-07 04:58:00,2014-10-07 04:59:00,97.511,97.518,97.523,97.482,97.539,97.549,97.554,97.508,494
2014-10-07 04:59:00,2014-10-07 05:00:00,97.518,97.497,97.523,97.491,97.549,97.527,97.552,97.52,347
2014-10-07 05:00:00,2014-10-07 05:01:00,97.497,97.491,97.513,97.484,97.527,97.518,97.543,97.507,218
2014-10-07 05:01:00,2014-10-07 05:02:00,97.491,97.49,97.505,97.485,97.518,97.52,97.533,97.513,109
2014-10-07 05:02:00,2014-10-07 05:03:00,97.49,97.47,97.49,97.466,97.52,97.498,97.519,97.496,161
2014-10-07 05:03:00,2014-10-07 05:04:00,97.47,97.466,97.479,97.463,97.498,97.493,97.506,97.493,206
2014-10-07 05:04:00,2014-10-07 05:05:00,97.466,97.494,97.501,97.465,97.493,97.522,97.528,97.494,195
2014-10-07 05:05:00,2014-10-07 05:06:00,97.494,97.49,97.494,97.471,97.522,97.52,97.523,97.496,179
2014-10-07 05:06:00,2014-10-07 05:07:00,97.49,97.482,97.492,97.473,97.52,97.51,97.521,97.501,157
2014-10-07 05:07:00,2014-10-07 05:08:00,97.482,97.483,97.491,97.48,97.51,97.509,97.519,97.505,68
2014-10-07 05:08:00,2014-10-07 05:09:00,97.483,97.46,97.483,97.459,97.509,97.49,97.512,97.485,113
2014-10-07 05:09:00,2014-10-07 05:10:00,97.46,97.453,97.462,97.425,97.49,97.483,97.491,97.453,391
2014-10-07 05:10:00,2014-10-07 05:11:00,97.453,97.42,97.457,97.42,97.483,97.449,97.485,97.447,462
2014-10-07 05:11:00,2014-10-07 05:12:00,97.42,97.406,97.433,97.375,97.449,97.436,97.463,97.403,508
2014-10-07 05:12:00,2014-10-07 05:13:00,97.406,97.397,97.417,97.375,97.436,97.426,97.447,97.398,303
2014-10-07 05:13:00,2014-10-07 05:14:00,97.397,97.38,97.397,97.363,97.426,97.404,97.428,97.386,228
2014-10-07 05:14:00,2014-10-07 05:15:00,97.38,97.396,97.405,97.37,97.404,97.425,97.434,97.401,294
2014-10-07 05:15:00,2014-10-07 05:16:00,97.396,97.401,97.415,97.397,97.425,97.431,97.445,97.425,152
2014-10-07 05:16:00,2014-10-07 05:17:00,97.401,97.407,97.412,97.387,97.431,97.435,97.44,97.415,129
2014-10-07 05:17:00,2014-10-07 05:18:00,97.407,97.432,97.434,97.407,97.435,97.46,97.463,97.436,206
2014-10-07 05:18:00,2014-10-07 05:19:00,97.432,97.411,97.432,97.405,97.46,97.44,97.46,97.433,126
2014-10-07 05:19:00,2014-10-07 05:20:00,97.411,97.391,97.42,97.388,97.44,97.42,97.448,97.417,278
2014-10-07 05:20:00,2014-10-07 05:21:00,97.391,97.393,97.404,97.378,97.42,97.418,97.433,97.404,319
2014-10-07 05:21:00,2014-10-07 05:22:00,97.393,97.401,97.406,97.383,97.418,97.429,97.434,97.411,300
2014-10-07 05:22:00,2014-10-07 05:23:00,97.401,97.411,97.411,97.394,97.429,97.44,97.44,97.423,98
2014-10-07 05:23:00,2014-10-07 05:24:00,97.411,97.425,97.432,97.411,97.44,97.455,97.458,97.438,153
2014-10-07 05:24:00,2014-10-07 05:25:00,97.425,97.433,97.44,97.424,97.455,97.462,97.468,97.455,245
2014-10-07 05:25:00,2014-10-07 05:26:00,97.433,97.427,97.435,97.416,97.462,97.455,97.461,97.441,156
2014-10-07 05:26:00,2014-10-07 05:27:00,97.427,97.402,97.429,97.402,97.455,97.432,97.459,97.432,112
2014-10-07 05:27:00,2014-10-07 05:28:00,97.402,97.428,97.445,97.4,97.432,97.455,97.477,97.429,350
2014-10-07 05:28:00,2014-10-07 05:29:00,97.428,97.383,97.432,97.377,97.455,97.412,97.46,97.407,596
2014-10-07 05:29:00,2014-10-07 05:30:00,97.383,97.407,97.42,97.38,97.412,97.437,97.448,97.409,342
2014-10-07 05:30:00,2014-10-07 05:31:00,97.407,97.389,97.42,97.386,97.437,97.419,97.451,97.416,276
2014-10-07 05:31:00,2014-10-07 05:32:00,97.389,97.378,97.402,97.375,97.419,97.408,97.431,97.404,161
2014-10-07 05:32:00,2014-10-07 05:33:00,97.378,97.375,97.387,97.366,97.408,97.403,97.416,97.395,269
2014-10-07 05:33:00,2014-10-07 05:34:00,97.375,97.345,97.38,97.336,97.403,97.372,97.415,97.367,522
2014-10-07 05:34:00,2014-10-07 05:35:00,97.345,97.35,97.36,97.332,97.372,97.38,97.388,97.361,413
2014-10-07 05:35:00,2014-10-07 05:36:00,97.35,97.346,97.368,97.333,97.38,97.376,97.397,97.363,296
2014-10-07 05:36:00,2014-10-07 05:37:00,97.346,97.338,97.355,97.31,97.376,97.369,97.383,97.339,337
2014-10-07 05:37:00,2014-10-07 05:38:00,97.338,97.356,97.357,97.341,97.369,97.383,97.385,97.369,173
2014-10-07 05:38:00,2014-10-07 05:39:00,97.356,97.336,97.355,97.334,97.383,97.367,97.384,97.363,85
2014-10-07 05:39:00,2014-10-07 05:40:00,97.336,97.326,97.341,97.29,97.367,97.356,97.372,97.317,562
2014-10-07 05:40:00,2014-10-07 05:41:00,97.326,97.33,97.338,97.307,97.356,97.358,97.369,97.336,324
2014-10-07 05:41:00,2014-10-07 05:42:00,97.33,97.316,97.342,97.315,97.358,97.347,97.372,97.345,267
2014-10-07 05:42:00,2014-10-07 05:43:00,97.316,97.332,97.341,97.317,97.347,97.36,97.369,97.346,159
2014-10-07 05:43:00,2014-10-07 05:44:00,97.332,97.345,97.349,97.315,97.36,97.375,97.38,97.345,223
2014-10-07 05:44:00,2014-10-07 05:45:00,97.345,97.349,97.351,97.337,97.375,97.378,97.38,97.367,153
2014-10-07 05:45:00,2014-10-07 05:46:00,97.349,97.337,97.349,97.328,97.378,97.364,97.378,97.353,226
2014-10-07 05:46:00,2014-10-07 05:47:00,97.337,97.346,97.354,97.327,97.364,97.375,97.382,97.355,248
2014-10-07 05:47:00,2014-10-07 05:48:00,97.346,97.348,97.354,97.337,97.375,97.375,97.384,97.366,115
2014-10-07 05:48:00,2014-10-07 05:49:00,97.348,97.367,97.367,97.346,97.375,97.396,97.397,97.373,159
2014-10-07 05:49:00,2014-10-07 05:50:00,97.367,97.365,97.368,97.355,97.396,97.392,97.396,97.384,109
2014-10-07 05:50:00,2014-10-07 05:51:00,97.365,97.357,97.365,97.346,97.392,97.38,97.393,97.373,146
2014-10-07 05:51:00,2014-10-07 05:52:00,97.357,97.367,97.373,97.353,97.38,97.393,97.402,97.38,310
2014-10-07 05:52:00,2014-10-07 05:53:00,97.367,97.351,97.367,97.343,97.393,97.377,97.394,97.371,250
2014-10-07 05:53:00,2014-10-07 05:54:00,97.351,97.32,97.349,97.319,97.377,97.347,97.377,97.345,172
2014-10-07 05:54:00,2014-10-07 05:55:00,97.32,97.339,97.34,97.32,97.347,97.367,97.369,97.344,197
2014-10-07 05:55:00,2014-10-07 05:56:00,97.339,97.32,97.341,97.317,97.367,97.345,97.367,97.34,275
2014-10-07 05:56:00,2014-10-07 05:57:00,97.32,97.291,97.319,97.289,97.345,97.317,97.345,97.314,216
2014-10-07 05:57:00,2014-10-07 05:58:00,97.291,97.288,97.309,97.288,97.317,97.318,97.337,97.315,164
2014-10-07 05:58:00,2014-10-07 05:59:00,97.288,97.215,97.289,97.209,97.318,97.244,97.318,97.239,399
2014-10-07 05:59:00,2014-10-07 06:00:00,97.215,97.235,97.248,97.213,97.244,97.259,97.276,97.24,462
2014-10-07 06:00:00,2014-10-07 06:01:00,97.235,97.185,97.235,97.185,97.259,97.212,97.261,97.211,287
2014-10-07 06:01:00,2014-10-07 06:02:00,97.185,97.217,97.222,97.187,97.212,97.245,97.248,97.212,384
2014-10-07 06:02:00,2014-10-07 06:03:00,97.217,97.215,97.232,97.206,97.245,97.241,97.259,97.23,339
2014-10-07 06:03:00,2014-10-07 06:04:00,97.215,97.25,97.25,97.212,97.241,97.275,97.275,97.235,268
2014-10-07 06:04:00,2014-10-07 06:05:00,97.25,97.248,97.258,97.243,97.275,97.276,97.286,97.271,140
2014-10-07 06:05:00,2014-10-07 06:06:00,97.248,97.248,97.25,97.227,97.276,97.277,97.277,97.255,184
2014-10-07 06:06:00,2014-10-07 06:07:00,97.248,97.27,97.27,97.244,97.277,97.298,97.298,97.273,208
2014-10-07 06:07:00,2014-10-07 06:08:00,97.27,97.293,97.297,97.266,97.298,97.319,97.322,97.294,376
2014-10-07 06:08:00,2014-10-07 06:09:00,97.293,97.279,97.296,97.278,97.319,97.303,97.319,97.301,132
2014-10-07 06:09:00,2014-10-07 06:10:00,97.279,97.272,97.283,97.263,97.303,97.296,97.308,97.288,157
2014-10-07 06:10:00,2014-10-07 06:11:00,97.272,97.273,97.278,97.26,97.296,97.301,97.301,97.288,178
2014-10-07 06:11:00,2014-10-07 06:12:00,97.273,97.274,97.281,97.267,97.301,97.299,97.308,97.293,189
2014-10-07 06:12:00,2014-10-07 06:13:00,97.274,97.275,97.288,97.275,97.299,97.301,97.309,97.299,134
2014-10-07 06:13:00,2014-10-07 06:14:00,97.275,97.27,97.281,97.27,97.301,97.297,97.306,97.296,217
2014-10-07 06:14:00,2014-10-07 06:15:00,97.27,97.27,97.276,97.265,97.297,97.297,97.302,97.29,83
2014-10-07 06:15:00,2014-10-07 06:16:00,97.27,97.258,97.275,97.25,97.297,97.285,97.303,97.278,174
2014-10-07 06:16:00,2014-10-07 06:17:00,97.258,97.252,97.261,97.242,97.285,97.277,97.287,97.27,140
2014-10-07 06:17:00,2014-10-07 06:18:00,97.252,97.242,97.254,97.238,97.277,97.269,97.28,97.262,201
2014-10-07 06:18:00,2014-10-07 06:19:00,97.242,97.256,97.265,97.242,97.269,97.278,97.29,97.27,216
2014-10-07 06:19:00,2014-10-07 06:20:00,97.256,97.253,97.26,97.228,97.278,97.279,97.282,97.254,298
2014-10-07 06:20:00,2014-10-07 06:21:00,97.253,97.243,97.276,97.242,97.279,97.27,97.304,97.269,309
2014-10-07 06:21:00,2014-10-07 06:22:00,97.243,97.271,97.283,97.24,97.27,97.299,97.305,97.264,225
2014-10-07 06:22:00,2014-10-07 06:23:00,97.271,97.282,97.292,97.259,97.299,97.309,97.319,97.284,354
2014-10-07 06:23:00,2014-10-07 06:24:00,97.282,97.292,97.3,97.28,97.309,97.315,97.324,97.305,205
2014-10-07 06:24:00,2014-10-07 06:25:00,97.292,97.295,97.303,97.286,97.315,97.323,97.326,97.311,144
2014-10-07 06:25:00,2014-10-07 06:26:00,97.295,97.337,97.338,97.292,97.323,97.36,97.361,97.315,245
2014-10-07 06:26:00,2014-10-07 06:27:00,97.337,97.337,97.356,97.328,97.36,97.363,97.377,97.351,188
2014-10-07 06:27:00,2014-10-07 06:28:00,97.337,97.324,97.345,97.324,97.363,97.348,97.368,97.346,175
2014-10-07 06:28:00,2014-10-07 06:29:00,97.324,97.333,97.339,97.315,97.348,97.356,97.364,97.342,163
2014-10-07 06:29:00,2014-10-07 06:30:00,97.333,97.346,97.355,97.328,97.356,97.368,97.379,97.352,228
2014-10-07 06:30:00,2014-10-07 06:31:00,97.346,97.342,97.35,97.326,97.368,97.37,97.374,97.352,178
2014-10-07 06:31:00,2014-10-07 06:32:00,97.342,97.35,97.35,97.337,97.37,97.377,97.379,97.364,120
2014-10-07 06:32:00,2014-10-07 06:33:00,97.35,97.367,97.373,97.347,97.377,97.393,97.399,97.373,203
2014-10-07 06:33:00,2014-10-07 06:34:00,97.367,97.357,97.367,97.349,97.393,97.383,97.392,97.376,176
2014-10-07 06:34:00,2014-10-07 06:35:00,97.357,97.357,97.368,97.35,97.383,97.381,97.396,97.375,165
2014-10-07 06:35:00,2014-10-07 06:36:00,97.357,97.35,97.366,97.329,97.381,97.377,97.389,97.352,229
2014-10-07 06:36:00,2014-10-07 06:37:00,97.35,97.336,97.349,97.334,97.377,97.359,97.377,97.358,81
2014-10-07 06:37:00,2014-10-07 06:38:00,97.336,97.348,97.35,97.328,97.359,97.373,97.376,97.352,98
2014-10-07 06:38:00,2014-10-07 06:39:00,97.348,97.347,97.357,97.347,97.373,97.374,97.385,97.369,79
2014-10-07 06:39:00,2014-10-07 06:40:00,97.347,97.348,97.365,97.342,97.374,97.376,97.39,97.37,161
2014-10-07 06:40:00,2014-10-07 06:41:00,97.348,97.363,97.368,97.346,97.376,97.39,97.393,97.375,98
2014-10-07 06:41:00,2014-10-07 06:42:00,97.363,97.359,97.37,97.357,97.39,97.385,97.396,97.378,67
2014-10-07 06:42:00,2014-10-07 06:43:00,97.359,97.37,97.37,97.35,97.385,97.395,97.396,97.374,157
2014-10-07 06:43:00,2014-10-07 06:44:00,97.37,97.362,97.382,97.359,97.395,97.389,97.407,97.385,128
2014-10-07 06:44:00,2014-10-07 06:45:00,97.362,97.363,97.371,97.355,97.389,97.391,97.395,97.381,148
2014-10-07 06:45:00,2014-10-07 06:46:00,97.363,97.365,97.373,97.355,97.391,97.392,97.399,97.378,196
2014-10-07 06:46:00,2014-10-07 06:47:00,97.365,97.353,97.373,97.349,97.392,97.382,97.402,97.376,139
2014-10-07 06:47:00,2014-10-07 06:48:00,97.353,97.36,97.365,97.353,97.382,97.389,97.394,97.381,152
2014-10-07 06:48:00,2014-10-07 06:49:00,97.36,97.371,97.379,97.357,97.389,97.398,97.406,97.384,155
2014-10-07 06:49:00,2014-10-07 06:50:00,97.371,97.381,97.385,97.37,97.398,97.406,97.409,97.395,139
2014-10-07 06:50:00,2014-10-07 06:51:00,97.381,97.376,97.391,97.375,97.406,97.401,97.417,97.399,82
2014-10-07 06:51:00,2014-10-07 06:52:00,97.376,97.382,97.39,97.367,97.401,97.404,97.413,97.393,155
2014-10-07 06:52:00,2014-10-07 06:53:00,97.382,97.371,97.382,97.368,97.404,97.396,97.406,97.396,109
2014-10-07 06:53:00,2014-10-07 06:54:00,97.371,97.37,97.391,97.37,97.396,97.398,97.419,97.396,246
2014-10-07 06:54:00,2014-10-07 06:55:00,97.37,97.356,97.379,97.349,97.398,97.385,97.405,97.376,380
2014-10-07 06:55:00,2014-10-07 06:56:00,97.356,97.361,97.374,97.353,97.385,97.384,97.4,97.381,263
2014-10-07 06:56:00,2014-10-07 06:57:00,97.361,97.382,97.39,97.356,97.384,97.409,97.413,97.382,248
2014-10-07 06:57:00,2014-10-07 06:58:00,97.382,97.378,97.388,97.373,97.409,97.406,97.415,97.399,240
2014-10-07 06:58:00,2014-10-07 06:59:00,97.378,97.382,97.395,97.378,97.406,97.409,97.421,97.405,226
2014-10-07 06:59:00,2014-10-07 07:00:00,97.382,97.35,97.386,97.346,97.409,97.375,97.413,97.37,186
2014-10-07 07:00:00,2014-10-07 07:01:00,97.35,97.351,97.364,97.328,97.375,97.379,97.39,97.352,348
2014-10-07 07:01:00,2014-10-07 07:02:00,97.351,97.36,97.382,97.35,97.379,97.387,97.408,97.378,256
2014-10-07 07:02:00,2014-10-07 07:03:00,97.36,97.349,97.364,97.337,97.387,97.377,97.39,97.361,369
2014-10-07 07:03:00,2014-10-07 07:04:00,97.349,97.328,97.356,97.325,97.377,97.354,97.382,97.352,321
2014-10-07 07:04:00,2014-10-07 07:05:00,97.328,97.356,97.36,97.324,97.354,97.383,97.387,97.352,364
2014-10-07 07:05:00,2014-10-07 07:06:00,97.356,97.346,97.368,97.328,97.383,97.372,97.397,97.353,650
2014-10-07 07:06:00,2014-10-07 07:07:00,97.346,97.337,97.355,97.32,97.372,97.363,97.381,97.347,583
2014-10-07 07:07:00,2014-10-07 07:08:00,97.337,97.34,97.352,97.333,97.363,97.369,97.378,97.36,296
2014-10-07 07:08:00,2014-10-07 07:09:00,97.34,97.326,97.342,97.315,97.369,97.354,97.371,97.344,401
2014-10-07 07:09:00,2014-10-07 07:10:00,97.326,97.321,97.331,97.309,97.354,97.344,97.359,97.333,281
2014-10-07 07:10:00,2014-10-07 07:11:00,97.321,97.342,97.353,97.319,97.344,97.371,97.38,97.338,393
2014-10-07 07:11:00,2014-10-07 07:12:00,97.342,97.347,97.357,97.336,97.371,97.372,97.383,97.364,253
2014-10-07 07:12:00,2014-10-07 07:13:00,97.347,97.354,97.364,97.345,97.372,97.382,97.392,97.371,195
2014-10-07 07:13:00,2014-10-07 07:14:00,97.354,97.339,97.363,97.338,97.382,97.367,97.384,97.36,399
2014-10-07 07:14:00,2014-10-07 07:15:00,97.339,97.37,97.371,97.334,97.367,97.397,97.397,97.362,364
2014-10-07 07:15:00,2014-10-07 07:16:00,97.37,97.352,97.376,97.34,97.397,97.379,97.397,97.364,442
2014-10-07 07:16:00,2014-10-07 07:17:00,97.352,97.367,97.368,97.347,97.379,97.392,97.394,97.373,290
2014-10-07 07:17:00,2014-10-07 07:18:00,97.367,97.341,97.368,97.341,97.392,97.368,97.395,97.368,410
2014-10-07 07:18:00,2014-10-07 07:19:00,97.341,97.36,97.368,97.341,97.368,97.385,97.395,97.364,384
2014-10-07 07:19:00,2014-10-07 07:20:00,97.36,97.345,97.361,97.333,97.385,97.374,97.388,97.36,354
2014-10-07 07:20:00,2014-10-07 07:21:00,97.345,97.363,97.367,97.345,97.374,97.392,97.393,97.371,503
2014-10-07 07:21:00,2014-10-07 07:22:00,97.363,97.362,97.379,97.358,97.392,97.386,97.407,97.383,357
2014-10-07 07:22:00,2014-10-07 07:23:00,97.362,97.359,97.373,97.356,97.386,97.384,97.399,97.381,224
2014-10-07 07:23:00,2014-10-07 07:24:00,97.359,97.352,97.359,97.345,97.384,97.379,97.387,97.368,252
2014-10-07 07:24:00,2014-10-07 07:25:00,97.352,97.343,97.355,97.336,97.379,97.366,97.38,97.363,157
2014-10-07 07:25:00,2014-10-07 07:26:00,97.343,97.348,97.352,97.333,97.366,97.372,97.378,97.357,274
2014-10-07 07:26:00,2014-10-07 07:27:00,97.348,97.328,97.349,97.328,97.372,97.354,97.371,97.353,193
2014-10-07 07:27:00,2014-10-07 07:28:00,97.328,97.333,97.337,97.32,97.354,97.358,97.362,97.346,234
2014-10-07 07:28:00,2014-10-07 07:29:00,97.333,97.34,97.348,97.313,97.358,97.364,97.374,97.337,320
2014-10-07 07:29:00,2014-10-07 07:30:00,97.34,97.312,97.34,97.31,97.364,97.336,97.367,97.332,226
2014-10-07 07:30:00,2014-10-07 07:31:00,97.312,97.294,97.312,97.288,97.336,97.319,97.337,97.311,536
2014-10-07 07:31:00,2014-10-07 07:32:00,97.294,97.295,97.3,97.279,97.319,97.321,97.329,97.306,266
2014-10-07 07:32:00,2014-10-07 07:33:00,97.295,97.309,97.317,97.296,97.321,97.335,97.343,97.321,142
2014-10-07 07:33:00,2014-10-07 07:34:00,97.309,97.313,97.333,97.305,97.335,97.339,97.36,97.333,374
2014-10-07 07:34:00,2014-10-07 07:35:00,97.313,97.308,97.315,97.302,97.339,97.335,97.342,97.325,262
2014-10-07 07:35:00,2014-10-07 07:36:00,97.308,97.323,97.328,97.305,97.335,97.35,97.354,97.33,162
2014-10-07 07:36:00,2014-10-07 07:37:00,97.323,97.309,97.324,97.296,97.35,97.335,97.35,97.324,329
2014-10-07 07:37:00,2014-10-07 07:38:00,97.309,97.296,97.321,97.292,97.335,97.323,97.348,97.32,437
2014-10-07 07:38:00,2014-10-07 07:39:00,97.296,97.308,97.311,97.285,97.323,97.334,97.338,97.311,386
2014-10-07 07:39:00,2014-10-07 07:40:00,97.308,97.298,97.317,97.294,97.334,97.324,97.344,97.322,229
2014-10-07 07:40:00,2014-10-07 07:41:00,97.298,97.279,97.296,97.273,97.324,97.304,97.324,97.299,317
2014-10-07 07:41:00,2014-10-07 07:42:00,97.279,97.287,97.288,97.258,97.304,97.315,97.315,97.285,342
2014-10-07 07:42:00,2014-10-07 07:43:00,97.287,97.275,97.29,97.268,97.315,97.3,97.319,97.295,378
2014-10-07 07:43:00,2014-10-07 07:44:00,97.275,97.281,97.288,97.27,97.3,97.308,97.315,97.295,338
2014-10-07 07:44:00,2014-10-07 07:45:00,97.281,97.293,97.303,97.275,97.308,97.321,97.331,97.303,467
2014-10-07 07:45:00,2014-10-07 07:46:00,97.293,97.286,97.305,97.286,97.321,97.315,97.332,97.312,304
2014-10-07 07:46:00,2014-10-07 07:47:00,97.286,97.289,97.295,97.278,97.315,97.316,97.32,97.305,213
2014-10-07 07:47:00,2014-10-07 07:48:00,97.289,97.303,97.304,97.274,97.316,97.329,97.329,97.302,183
2014-10-07 07:48:00,2014-10-07 07:49:00,97.303,97.3,97.311,97.293,97.329,97.329,97.338,97.321,215
2014-10-07 07:49:00,2014-10-07 07:50:00,97.3,97.301,97.307,97.288,97.329,97.33,97.334,97.315,250
2014-10-07 07:50:00,2014-10-07 07:51:00,97.301,97.291,97.304,97.285,97.33,97.32,97.33,97.312,273
2014-10-07 07:51:00,2014-10-07 07:52:00,97.291,97.29,97.294,97.283,97.32,97.316,97.321,97.31,147
2014-10-07 07:52:00,2014-10-07 07:53:00,97.29,97.315,97.318,97.279,97.316,97.339,97.34,97.306,237
2014-10-07 07:53:00,2014-10-07 07:54:00,97.315,97.296,97.317,97.296,97.339,97.324,97.342,97.324,216
2014-10-07 07:54:00,2014-10-07 07:55:00,97.296,97.292,97.307,97.29,97.324,97.319,97.335,97.315,175
2014-10-07 07:55:00,2014-10-07 07:56:00,97.292,97.294,97.297,97.275,97.319,97.32,97.324,97.303,147
2014-10-07 07:56:00,2014-10-07 07:57:00,97.294,97.287,97.297,97.286,97.32,97.314,97.323,97.314,75
2014-10-07 07:57:00,2014-10-07 07:58:00,97.287,97.293,97.304,97.28,97.314,97.32,97.332,97.306,166
2014-10-07 07:58:00,2014-10-07 07:59:00,97.293,97.266,97.293,97.261,97.32,97.291,97.318,97.287,144
2014-10-07 07:59:00,2014-10-07 08:00:00,97.266,97.282,97.286,97.264,97.291,97.306,97.313,97.291,164
2014-10-07 08:00:00,2014-10-07 08:01:00,97.282,97.292,97.299,97.279,97.306,97.319,97.326,97.304,274
2014-10-07 08:01:00,2014-10-07 08:02:00,97.292,97.3,97.306,97.289,97.319,97.326,97.331,97.317,152
2014-10-07 08:02:00,2014-10-07 08:03:00,97.3,97.275,97.302,97.273,97.326,97.303,97.328,97.3,204
2014-10-07 08:03:00,2014-10-07 08:04:00,97.275,97.289,97.289,97.266,97.303,97.317,97.317,97.294,320
2014-10-07 08:04:00,2014-10-07 08:05:00,97.289,97.293,97.3,97.279,97.317,97.319,97.328,97.308,372
2014-10-07 08:05:00,2014-10-07 08:06:00,97.293,97.3,97.312,97.279,97.319,97.324,97.338,97.305,315
2014-10-07 08:06:00,2014-10-07 08:07:00,97.3,97.297,97.304,97.284,97.324,97.32,97.329,97.309,363
2014-10-07 08:07:00,2014-10-07 08:08:00,97.297,97.289,97.307,97.285,97.32,97.312,97.332,97.308,375
2014-10-07 08:08:00,2014-10-07 08:09:00,97.289,97.286,97.299,97.28,97.312,97.313,97.323,97.304,249
2014-10-07 08:09:00,2014-10-07 08:10:00,97.286,97.282,97.289,97.281,97.313,97.308,97.312,97.303,73
2014-10-07 08:10:00,2014-10-07 08:11:00,97.282,97.285,97.285,97.265,97.308,97.307,97.309,97.286,225
2014-10-07 08:11:00,2014-10-07 08:12:00,97.285,97.28,97.295,97.277,97.307,97.303,97.318,97.299,249
2014-10-07 08:12:00,2014-10-07 08:13:00,97.28,97.295,97.297,97.277,97.303,97.32,97.321,97.301,218
2014-10-07 08:13:00,2014-10-07 08:14:00,97.295,97.27,97.294,97.266,97.32,97.297,97.32,97.292,186
2014-10-07 08:14:00,2014-10-07 08:15:00,97.27,97.252,97.273,97.251,97.297,97.28,97.299,97.275,244
2014-10-07 08:15:00,2014-10-07 08:16:00,97.252,97.251,97.267,97.246,97.28,97.276,97.293,97.272,222
2014-10-07 08:16:00,2014-10-07 08:17:00,97.251,97.242,97.25,97.233,97.276,97.27,97.277,97.259,158
2014-10-07 08:17:00,2014-10-07 08:18:00,97.242,97.243,97.257,97.236,97.27,97.272,97.284,97.263,193
2014-10-07 08:18:00,2014-10-07 08:19:00,97.243,97.257,97.264,97.245,97.272,97.285,97.291,97.272,198
2014-10-07 08:19:00,2014-10-07 08:20:00,97.257,97.259,97.268,97.256,97.285,97.287,97.293,97.282,137
2014-10-07 08:20:00,2014-10-07 08:21:00,97.259,97.234,97.261,97.234,97.287,97.261,97.287,97.259,175
2014-10-07 08:21:00,2014-10-07 08:22:00,97.234,97.242,97.249,97.222,97.261,97.268,97.274,97.248,202
2014-10-07 08:22:00,2014-10-07 08:23:00,97.242,97.245,97.253,97.241,97.268,97.273,97.278,97.267,128
2014-10-07 08:23:00,2014-10-07 08:24:00,97.245,97.229,97.248,97.218,97.273,97.257,97.274,97.245,259
2014-10-07 08:24:00,2014-10-07 08:25:00,97.229,97.231,97.235,97.219,97.257,97.257,97.261,97.246,120
2014-10-07 08:25:00,2014-10-07 08:26:00,97.231,97.222,97.239,97.222,97.257,97.249,97.262,97.249,96
2014-10-07 08:26:00,2014-10-07 08:27:00,97.222,97.232,97.235,97.222,97.249,97.256,97.26,97.246,138
2014-10-07 08:27:00,2014-10-07 08:28:00,97.232,97.225,97.235,97.224,97.256,97.249,97.26,97.246,194
2014-10-07 08:28:00,2014-10-07 08:29:00,97.225,97.225,97.23,97.22,97.249,97.246,97.252,97.24,91
2014-10-07 08:29:00,2014-10-07 08:30:00,97.225,97.231,97.236,97.225,97.246,97.256,97.26,97.248,138
2014-10-07 08:30:00,2014-10-07 08:31:00,97.231,97.218,97.233,97.214,97.256,97.245,97.26,97.238,112
2014-10-07 08:31:00,2014-10-07 08:32:00,97.218,97.217,97.225,97.211,97.245,97.242,97.25,97.236,116
2014-10-07 08:32:00,2014-10-07 08:33:00,97.217,97.226,97.236,97.213,97.242,97.251,97.264,97.237,456
2014-10-07 08:33:00,2014-10-07 08:34:00,97.226,97.228,97.238,97.222,97.251,97.252,97.264,97.245,262
2014-10-07 08:34:00,2014-10-07 08:35:00,97.228,97.218,97.23,97.209,97.252,97.243,97.254,97.234,265
2014-10-07 08:35:00,2014-10-07 08:36:00,97.218,97.229,97.24,97.215,97.243,97.255,97.263,97.238,224
2014-10-07 08:36:00,2014-10-07 08:37:00,97.229,97.225,97.235,97.222,97.255,97.25,97.258,97.243,127
2014-10-07 08:37:00,2014-10-07 08:38:00,97.225,97.239,97.241,97.221,97.25,97.264,97.264,97.245,183
2014-10-07 08:38:00,2014-10-07 08:39:00,97.239,97.236,97.241,97.227,97.264,97.26,97.266,97.253,121
2014-10-07 08:39:00,2014-10-07 08:40:00,97.236,97.237,97.241,97.228,97.26,97.262,97.265,97.255,206
2014-10-07 08:40:00,2014-10-07 08:41:00,97.237,97.213,97.239,97.211,97.262,97.238,97.264,97.238,303
2014-10-07 08:41:00,2014-10-07 08:42:00,97.213,97.214,97.223,97.21,97.238,97.24,97.248,97.236,239
2014-10-07 08:42:00,2014-10-07 08:43:00,97.214,97.204,97.216,97.202,97.24,97.231,97.24,97.228,92
2014-10-07 08:43:00,2014-10-07 08:44:00,97.204,97.202,97.209,97.19,97.231,97.231,97.236,97.218,120
2014-10-07 08:44:00,2014-10-07 08:45:00,97.202,97.183,97.205,97.183,97.231,97.21,97.234,97.21,116
2014-10-07 08:45:00,2014-10-07 08:46:00,97.183,97.172,97.186,97.163,97.21,97.196,97.213,97.19,215
2014-10-07 08:46:00,2014-10-07 08:47:00,97.172,97.151,97.175,97.144,97.196,97.175,97.202,97.17,283
2014-10-07 08:47:00,2014-10-07 08:48:00,97.151,97.142,97.153,97.133,97.175,97.169,97.18,97.157,256
2014-10-07 08:48:00,2014-10-07 08:49:00,97.142,97.138,97.142,97.132,97.169,97.165,97.167,97.157,177
2014-10-07 08:49:00,2014-10-07 08:50:00,97.138,97.146,97.153,97.141,97.165,97.174,97.179,97.164,300
2014-10-07 08:50:00,2014-10-07 08:51:00,97.146,97.155,97.16,97.141,97.174,97.183,97.186,97.166,201
2014-10-07 08:51:00,2014-10-07 08:52:00,97.155,97.164,97.168,97.151,97.183,97.19,97.194,97.175,245
2014-10-07 08:52:00,2014-10-07 08:53:00,97.164,97.146,97.166,97.14,97.19,97.173,97.193,97.166,336
2014-10-07 08:53:00,2014-10-07 08:54:00,97.146,97.135,97.155,97.133,97.173,97.16,97.179,97.159,246
2014-10-07 08:54:00,2014-10-07 08:55:00,97.135,97.153,97.159,97.135,97.16,97.175,97.179,97.163,206
2014-10-07 08:55:00,2014-10-07 08:56:00,97.153,97.154,97.16,97.146,97.175,97.178,97.185,97.173,208
2014-10-07 08:56:00,2014-10-07 08:57:00,97.154,97.138,97.158,97.133,97.178,97.16,97.182,97.156,224
2014-10-07 08:57:00,2014-10-07 08:58:00,97.138,97.149,97.153,97.126,97.16,97.175,97.179,97.152,221
2014-10-07 08:58:00,2014-10-07 08:59:00,97.149,97.162,97.164,97.14,97.175,97.189,97.189,97.165,142
2014-10-07 08:59:00,2014-10-07 09:00:00,97.162,97.151,97.166,97.125,97.189,97.178,97.191,97.152,234
2014-10-07 09:00:00,2014-10-07 09:01:00,97.151,97.163,97.175,97.146,97.178,97.189,97.199,97.175,310
2014-10-07 09:01:00,2014-10-07 09:02:00,97.163,97.168,97.184,97.163,97.189,97.194,97.209,97.187,164
2014-10-07 09:02:00,2014-10-07 09:03:00,97.168,97.152,97.172,97.151,97.194,97.179,97.196,97.176,295
2014-10-07 09:03:00,2014-10-07 09:04:00,97.152,97.175,97.177,97.152,97.179,97.201,97.202,97.176,336
2014-10-07 09:04:00,2014-10-07 09:05:00,97.175,97.158,97.177,97.15,97.201,97.184,97.2,97.177,139
2014-10-07 09:05:00,2014-10-07 09:06:00,97.158,97.166,97.168,97.142,97.184,97.19,97.192,97.168,222
2014-10-07 09:06:00,2014-10-07 09:07:00,97.166,97.174,97.198,97.166,97.19,97.197,97.226,97.191,336
2014-10-07 09:07:00,2014-10-07 09:08:00,97.174,97.149,97.174,97.147,97.197,97.177,97.2,97.174,178
2014-10-07 09:08:00,2014-10-07 09:09:00,97.149,97.161,97.168,97.149,97.177,97.186,97.192,97.176,149
2014-10-07 09:09:00,2014-10-07 09:10:00,97.161,97.159,97.167,97.157,97.186,97.184,97.193,97.18,163
2014-10-07 09:10:00,2014-10-07 09:11:00,97.159,97.156,97.167,97.15,97.184,97.179,97.193,97.174,210
2014-10-07 09:11:00,2014-10-07 09:12:00,97.156,97.141,97.156,97.135,97.179,97.166,97.181,97.158,299
2014-10-07 09:12:00,2014-10-07 09:13:00,97.141,97.144,97.146,97.126,97.166,97.167,97.172,97.153,187
2014-10-07 09:13:00,2014-10-07 09:14:00,97.144,97.14,97.149,97.126,97.167,97.167,97.174,97.15,184
2014-10-07 09:14:00,2014-10-07 09:15:00,97.14,97.131,97.147,97.123,97.167,97.156,97.17,97.149,195
2014-10-07 09:15:00,2014-10-07 09:16:00,97.131,97.137,97.137,97.126,97.156,97.162,97.163,97.151,127
2014-10-07 09:16:00,2014-10-07 09:17:00,97.137,97.154,97.16,97.129,97.162,97.179,97.188,97.155,142
2014-10-07 09:17:00,2014-10-07 09:18:00,97.154,97.167,97.169,97.146,97.179,97.192,97.194,97.17,191
2014-10-07 09:18:00,2014-10-07 09:19:00,97.167,97.171,97.174,97.157,97.192,97.196,97.201,97.182,106
2014-10-07 09:19:00,2014-10-07 09:20:00,97.171,97.177,97.179,97.161,97.196,97.204,97.206,97.186,121
2014-10-07 09:20:00,2014-10-07 09:21:00,97.177,97.174,97.183,97.167,97.204,97.2,97.208,97.192,190
2014-10-07 09:21:00,2014-10-07 09:22:00,97.174,97.197,97.202,97.173,97.2,97.224,97.229,97.2,284
2014-10-07 09:22:00,2014-10-07 09:23:00,97.197,97.187,97.196,97.183,97.224,97.216,97.224,97.211,183
2014-10-07 09:23:00,2014-10-07 09:24:00,97.187,97.187,97.191,97.186,97.216,97.215,97.219,97.211,46
2014-10-07 09:24:00,2014-10-07 09:25:00,97.187,97.184,97.201,97.183,97.215,97.21,97.229,97.207,224
2014-10-07 09:25:00,2014-10-07 09:26:00,97.184,97.182,97.187,97.172,97.21,97.207,97.213,97.201,173
2014-10-07 09:26:00,2014-10-07 09:27:00,97.182,97.179,97.186,97.172,97.207,97.208,97.212,97.199,156
2014-10-07 09:27:00,2014-10-07 09:28:00,97.179,97.184,97.189,97.178,97.208,97.212,97.215,97.203,97
2014-10-07 09:28:00,2014-10-07 09:29:00,97.184,97.184,97.19,97.174,97.212,97.213,97.219,97.202,208
2014-10-07 09:29:00,2014-10-07 09:30:00,97.184,97.169,97.194,97.168,97.213,97.198,97.221,97.195,130
2014-10-07 09:30:00,2014-10-07 09:31:00,97.169,97.151,97.175,97.149,97.198,97.175,97.201,97.173,254
2014-10-07 09:31:00,2014-10-07 09:32:00,97.151,97.138,97.151,97.131,97.175,97.165,97.177,97.157,115
2014-10-07 09:32:00,2014-10-07 09:33:00,97.138,97.143,97.156,97.134,97.165,97.17,97.183,97.162,168
2014-10-07 09:33:00,2014-10-07 09:34:00,97.143,97.136,97.143,97.133,97.17,97.161,97.169,97.158,175
2014-10-07 09:34:00,2014-10-07 09:35:00,97.136,97.147,97.153,97.128,97.161,97.176,97.18,97.154,368
2014-10-07 09:35:00,2014-10-07 09:36:00,97.147,97.145,97.156,97.118,97.176,97.174,97.18,97.145,561
2014-10-07 09:36:00,2014-10-07 09:37:00,97.145,97.165,97.182,97.142,97.174,97.195,97.211,97.17,421
2014-10-07 09:37:00,2014-10-07 09:38:00,97.165,97.177,97.183,97.165,97.195,97.203,97.21,97.193,267
2014-10-07 09:38:00,2014-10-07 09:39:00,97.177,97.178,97.187,97.174,97.203,97.204,97.212,97.198,101
2014-10-07 09:39:00,2014-10-07 09:40:00,97.178,97.177,97.184,97.17,97.204,97.205,97.211,97.199,201
2014-10-07 09:40:00,2014-10-07 09:41:00,97.177,97.184,97.185,97.164,97.205,97.21,97.212,97.192,183
2014-10-07 09:41:00,2014-10-07 09:42:00,97.184,97.182,97.191,97.171,97.21,97.21,97.217,97.196,138
2014-10-07 09:42:00,2014-10-07 09:43:00,97.182,97.188,97.198,97.18,97.21,97.215,97.223,97.207,214
2014-10-07 09:43:00,2014-10-07 09:44:00,97.188,97.179,97.194,97.179,97.215,97.208,97.221,97.206,139
2014-10-07 09:44:00,2014-10-07 09:45:00,97.179,97.179,97.18,97.169,97.208,97.204,97.208,97.197,117
2014-10-07 09:45:00,2014-10-07 09:46:00,97.179,97.172,97.183,97.163,97.204,97.199,97.208,97.191,167
2014-10-07 09:46:00,2014-10-07 09:47:00,97.172,97.166,97.18,97.158,97.199,97.193,97.203,97.186,193
2014-10-07 09:47:00,2014-10-07 09:48:00,97.166,97.188,97.207,97.164,97.193,97.217,97.236,97.189,247
2014-10-07 09:48:00,2014-10-07 09:49:00,97.188,97.186,97.198,97.178,97.217,97.213,97.225,97.205,286
2014-10-07 09:49:00,2014-10-07 09:50:00,97.186,97.182,97.189,97.17,97.213,97.208,97.215,97.196,227
2014-10-07 09:50:00,2014-10-07 09:51:00,97.182,97.153,97.184,97.149,97.208,97.18,97.213,97.178,191
2014-10-07 09:51:00,2014-10-07 09:52:00,97.153,97.154,97.156,97.149,97.18,97.182,97.183,97.176,70
2014-10-07 09:52:00,2014-10-07 09:53:00,97.154,97.149,97.164,97.143,97.182,97.179,97.189,97.17,167
2014-10-07 09:53:00,2014-10-07 09:54:00,97.149,97.146,97.151,97.14,97.179,97.172,97.18,97.168,99
2014-10-07 09:54:00,2014-10-07 09:55:00,97.146,97.145,97.151,97.137,97.172,97.171,97.178,97.164,255
2014-10-07 09:55:00,2014-10-07 09:56:00,97.145,97.149,97.161,97.141,97.171,97.177,97.185,97.169,122
2014-10-07 09:56:00,2014-10-07 09:57:00,97.149,97.153,97.166,97.142,97.177,97.18,97.192,97.168,402
2014-10-07 09:57:00,2014-10-07 09:58:00,97.153,97.176,97.183,97.15,97.18,97.203,97.209,97.178,382
2014-10-07 09:58:00,2014-10-07 09:59:00,97.176,97.187,97.194,97.166,97.203,97.216,97.222,97.194,311
2014-10-07 09:59:00,2014-10-07 10:00:00,97.187,97.179,97.2,97.179,97.216,97.209,97.225,97.209,241
2014-10-07 10:00:00,2014-10-07 10:01:00,97.179,97.198,97.206,97.177,97.209,97.226,97.233,97.206,304
2014-10-07 10:01:00,2014-10-07 10:02:00,97.198,97.227,97.235,97.196,97.226,97.253,97.258,97.223,391
2014-10-07 10:02:00,2014-10-07 10:03:00,97.227,97.216,97.227,97.209,97.253,97.242,97.255,97.236,275
2014-10-07 10:03:00,2014-10-07 10:04:00,97.216,97.23,97.231,97.213,97.242,97.256,97.258,97.239,227
2014-10-07 10:04:00,2014-10-07 10:05:00,97.23,97.223,97.233,97.22,97.256,97.249,97.258,97.247,137
2014-10-07 10:05:00,2014-10-07 10:06:00,97.223,97.214,97.222,97.204,97.249,97.243,97.249,97.231,214
2014-10-07 10:06:00,2014-10-07 10:07:00,97.214,97.227,97.232,97.208,97.243,97.257,97.257,97.236,207
2014-10-07 10:07:00,2014-10-07 10:08:00,97.227,97.237,97.242,97.226,97.257,97.263,97.268,97.254,120
2014-10-07 10:08:00,2014-10-07 10:09:00,97.237,97.235,97.242,97.227,97.263,97.261,97.268,97.254,190
2014-10-07 10:09:00,2014-10-07 10:10:00,97.235,97.231,97.243,97.229,97.261,97.255,97.267,97.254,156
2014-10-07 10:10:00,2014-10-07 10:11:00,97.231,97.223,97.239,97.223,97.255,97.248,97.266,97.248,157
2014-10-07 10:11:00,2014-10-07 10:12:00,97.223,97.227,97.231,97.21,97.248,97.254,97.259,97.234,206
2014-10-07 10:12:00,2014-10-07 10:13:00,97.227,97.24,97.243,97.219,97.254,97.266,97.27,97.24,247
2014-10-07 10:13:00,2014-10-07 10:14:00,97.24,97.245,97.249,97.238,97.266,97.269,97.275,97.265,106
2014-10-07 10:14:00,2014-10-07 10:15:00,97.245,97.243,97.254,97.242,97.269,97.268,97.278,97.268,95
2014-10-07 10:15:00,2014-10-07 10:16:00,97.243,97.246,97.248,97.238,97.268,97.272,97.275,97.262,124
2014-10-07 10:16:00,2014-10-07 10:17:00,97.246,97.265,97.265,97.247,97.272,97.29,97.29,97.272,107
2014-10-07 10:17:00,2014-10-07 10:18:00,97.265,97.25,97.265,97.248,97.29,97.278,97.292,97.272,143
2014-10-07 10:18:00,2014-10-07 10:19:00,97.25,97.249,97.256,97.243,97.278,97.273,97.282,97.269,206
2014-10-07 10:19:00,2014-10-07 10:20:00,97.249,97.263,97.267,97.248,97.273,97.29,97.29,97.273,152
2014-10-07 10:20:00,2014-10-07 10:21:00,97.263,97.27,97.27,97.254,97.29,97.294,97.297,97.282,77
2014-10-07 10:21:00,2014-10-07 10:22:00,97.27,97.263,97.271,97.261,97.294,97.29,97.296,97.283,84
2014-10-07 10:22:00,2014-10-07 10:23:00,97.263,97.27,97.272,97.263,97.29,97.296,97.3,97.288,46
2014-10-07 10:23:00,2014-10-07 10:24:00,97.27,97.278,97.28,97.259,97.296,97.305,97.306,97.287,219
2014-10-07 10:24:00,2014-10-07 10:25:00,97.278,97.268,97.278,97.267,97.305,97.293,97.304,97.291,119
2014-10-07 10:25:00,2014-10-07 10:26:00,97.268,97.27,97.274,97.263,97.293,97.298,97.301,97.287,240
2014-10-07 10:26:00,2014-10-07 10:27:00,97.27,97.257,97.27,97.254,97.298,97.284,97.297,97.28,227
2014-10-07 10:27:00,2014-10-07 10:28:00,97.257,97.26,97.26,97.248,97.284,97.283,97.286,97.272,316
2014-10-07 10:28:00,2014-10-07 10:29:00,97.26,97.227,97.26,97.219,97.283,97.256,97.283,97.245,417
2014-10-07 10:29:00,2014-10-07 10:30:00,97.227,97.227,97.239,97.226,97.256,97.252,97.264,97.252,184
2014-10-07 10:30:00,2014-10-07 10:31:00,97.227,97.225,97.24,97.214,97.252,97.252,97.266,97.239,394
2014-10-07 10:31:00,2014-10-07 10:32:00,97.225,97.229,97.236,97.216,97.252,97.258,97.262,97.243,298
2014-10-07 10:32:00,2014-10-07 10:33:00,97.229,97.264,97.273,97.229,97.258,97.292,97.301,97.258,397
2014-10-07 10:33:00,2014-10-07 10:34:00,97.264,97.261,97.268,97.258,97.292,97.291,97.295,97.284,99
2014-10-07 10:34:00,2014-10-07 10:35:00,97.261,97.266,97.273,97.249,97.291,97.294,97.298,97.276,293
2014-10-07 10:35:00,2014-10-07 10:36:00,97.266,97.269,97.275,97.262,97.294,97.294,97.301,97.289,140
2014-10-07 10:36:00,2014-10-07 10:37:00,97.269,97.261,97.278,97.259,97.294,97.287,97.304,97.285,247
2014-10-07 10:37:00,2014-10-07 10:38:00,97.261,97.274,97.278,97.261,97.287,97.304,97.305,97.286,191
2014-10-07 10:38:00,2014-10-07 10:39:00,97.274,97.26,97.274,97.252,97.304,97.287,97.304,97.278,146
2014-10-07 10:39:00,2014-10-07 10:40:00,97.26,97.265,97.268,97.253,97.287,97.293,97.296,97.279,206
2014-10-07 10:40:00,2014-10-07 10:41:00,97.265,97.26,97.273,97.259,97.293,97.285,97.298,97.285,188
2014-10-07 10:41:00,2014-10-07 10:42:00,97.26,97.267,97.271,97.258,97.285,97.293,97.296,97.283,53
2014-10-07 10:42:00,2014-10-07 10:43:00,97.267,97.272,97.278,97.268,97.293,97.297,97.304,97.293,101
2014-10-07 10:43:00,2014-10-07 10:44:00,97.272,97.273,97.285,97.27,97.297,97.299,97.311,97.293,224
2014-10-07 10:44:00,2014-10-07 10:45:00,97.273,97.255,97.273,97.255,97.299,97.282,97.298,97.282,163
2014-10-07 10:45:00,2014-10-07 10:46:00,97.255,97.256,97.259,97.25,97.282,97.281,97.285,97.274,52
2014-10-07 10:46:00,2014-10-07 10:47:00,97.256,97.246,97.261,97.245,97.281,97.271,97.286,97.271,69
2014-10-07 10:47:00,2014-10-07 10:48:00,97.246,97.234,97.25,97.233,97.271,97.261,97.277,97.257,68
2014-10-07 10:48:00,2014-10-07 10:49:00,97.234,97.233,97.24,97.228,97.261,97.259,97.267,97.253,160
2014-10-07 10:49:00,2014-10-07 10:50:00,97.233,97.226,97.253,97.226,97.259,97.254,97.278,97.253,158
2014-10-07 10:50:00,2014-10-07 10:51:00,97.226,97.221,97.234,97.221,97.254,97.248,97.259,97.247,151
2014-10-07 10:51:00,2014-10-07 10:52:00,97.221,97.233,97.237,97.222,97.248,97.258,97.261,97.248,113
2014-10-07 10:52:00,2014-10-07 10:53:00,97.233,97.225,97.242,97.206,97.258,97.253,97.268,97.231,220
2014-10-07 10:53:00,2014-10-07 10:54:00,97.225,97.213,97.225,97.198,97.253,97.239,97.254,97.223,126
2014-10-07 10:54:00,2014-10-07 10:55:00,97.213,97.213,97.224,97.201,97.239,97.241,97.249,97.228,264
2014-10-07 10:55:00,2014-10-07 10:56:00,97.213,97.22,97.226,97.212,97.241,97.244,97.249,97.236,175
2014-10-07 10:56:00,2014-10-07 10:57:00,97.22,97.228,97.231,97.212,97.244,97.252,97.252,97.238,174
2014-10-07 10:57:00,2014-10-07 10:58:00,97.228,97.224,97.233,97.221,97.252,97.247,97.257,97.247,190
2014-10-07 10:58:00,2014-10-07 10:59:00,97.224,97.239,97.242,97.215,97.247,97.264,97.265,97.241,278
2014-10-07 10:59:00,2014-10-07 11:00:00,97.239,97.226,97.24,97.222,97.264,97.253,97.265,97.25,155
2014-10-07 11:00:00,2014-10-07 11:01:00,97.226,97.225,97.228,97.215,97.253,97.253,97.256,97.241,67
2014-10-07 11:01:00,2014-10-07 11:02:00,97.225,97.233,97.241,97.221,97.253,97.259,97.268,97.249,124
2014-10-07 11:02:00,2014-10-07 11:03:00,97.233,97.226,97.237,97.219,97.259,97.251,97.264,97.245,121
2014-10-07 11:03:00,2014-10-07 11:04:00,97.226,97.211,97.227,97.211,97.251,97.237,97.251,97.234,95
2014-10-07 11:04:00,2014-10-07 11:05:00,97.211,97.203,97.211,97.198,97.237,97.228,97.235,97.223,91
2014-10-07 11:05:00,2014-10-07 11:06:00,97.203,97.217,97.227,97.202,97.228,97.241,97.253,97.227,319
2014-10-07 11:06:00,2014-10-07 11:07:00,97.217,97.213,97.223,97.21,97.241,97.239,97.249,97.234,159
2014-10-07 11:07:00,2014-10-07 11:08:00,97.213,97.209,97.218,97.202,97.239,97.234,97.241,97.225,174
2014-10-07 11:08:00,2014-10-07 11:09:00,97.209,97.224,97.233,97.207,97.234,97.25,97.254,97.231,145
2014-10-07 11:09:00,2014-10-07 11:10:00,97.224,97.223,97.231,97.214,97.25,97.249,97.256,97.24,66
2014-10-07 11:10:00,2014-10-07 11:11:00,97.223,97.232,97.245,97.221,97.249,97.258,97.269,97.248,110
2014-10-07 11:11:00,2014-10-07 11:12:00,97.232,97.249,97.25,97.231,97.258,97.276,97.276,97.257,137
2014-10-07 11:12:00,2014-10-07 11:13:00,97.249,97.237,97.249,97.236,97.276,97.264,97.276,97.262,64
2014-10-07 11:13:00,2014-10-07 11:14:00,97.237,97.235,97.24,97.233,97.264,97.259,97.265,97.256,49
2014-10-07 11:14:00,2014-10-07 11:15:00,97.235,97.224,97.238,97.223,97.259,97.251,97.264,97.248,122
2014-10-07 11:15:00,2014-10-07 11:16:00,97.224,97.225,97.23,97.223,97.251,97.25,97.256,97.248,51
2014-10-07 11:16:00,2014-10-07 11:17:00,97.225,97.221,97.23,97.205,97.25,97.249,97.256,97.23,539
2014-10-07 11:17:00,2014-10-07 11:18:00,97.221,97.195,97.225,97.195,97.249,97.222,97.252,97.221,237
2014-10-07 11:18:00,2014-10-07 11:19:00,97.195,97.183,97.204,97.183,97.222,97.21,97.229,97.209,223
2014-10-07 11:19:00,2014-10-07 11:20:00,97.183,97.162,97.185,97.152,97.21,97.188,97.211,97.177,251
2014-10-07 11:20:00,2014-10-07 11:21:00,97.162,97.17,97.175,97.16,97.188,97.196,97.201,97.187,179
2014-10-07 11:21:00,2014-10-07 11:22:00,97.17,97.161,97.171,97.142,97.196,97.184,97.196,97.167,298
2014-10-07 11:22:00,2014-10-07 11:23:00,97.161,97.172,97.183,97.161,97.184,97.195,97.204,97.185,156
2014-10-07 11:23:00,2014-10-07 11:24:00,97.172,97.182,97.186,97.167,97.195,97.207,97.209,97.193,152
2014-10-07 11:24:00,2014-10-07 11:25:00,97.182,97.193,97.199,97.182,97.207,97.218,97.223,97.207,208
2014-10-07 11:25:00,2014-10-07 11:26:00,97.193,97.222,97.225,97.178,97.218,97.246,97.248,97.204,416
2014-10-07 11:26:00,2014-10-07 11:27:00,97.222,97.226,97.227,97.211,97.246,97.249,97.25,97.236,178
2014-10-07 11:27:00,2014-10-07 11:28:00,97.226,97.208,97.228,97.206,97.249,97.233,97.252,97.232,258
2014-10-07 11:28:00,2014-10-07 11:29:00,97.208,97.206,97.228,97.2,97.233,97.233,97.253,97.228,198
2014-10-07 11:29:00,2014-10-07 11:30:00,97.206,97.204,97.218,97.198,97.233,97.233,97.246,97.224,172
2014-10-07 11:30:00,2014-10-07 11:31:00,97.204,97.189,97.206,97.183,97.233,97.214,97.234,97.209,120
2014-10-07 11:31:00,2014-10-07 11:32:00,97.189,97.19,97.201,97.19,97.214,97.215,97.227,97.21,171
2014-10-07 11:32:00,2014-10-07 11:33:00,97.19,97.197,97.198,97.18,97.215,97.224,97.224,97.207,199
2014-10-07 11:33:00,2014-10-07 11:34:00,97.197,97.199,97.206,97.192,97.224,97.225,97.23,97.217,98
2014-10-07 11:34:00,2014-10-07 11:35:00,97.199,97.203,97.204,97.18,97.225,97.229,97.23,97.205,233
2014-10-07 11:35:00,2014-10-07 11:36:00,97.203,97.202,97.212,97.198,97.229,97.227,97.239,97.222,105
2014-10-07 11:36:00,2014-10-07 11:37:00,97.202,97.198,97.209,97.198,97.227,97.225,97.234,97.223,212
2014-10-07 11:37:00,2014-10-07 11:38:00,97.198,97.205,97.215,97.198,97.225,97.233,97.242,97.225,135
2014-10-07 11:38:00,2014-10-07 11:39:00,97.205,97.207,97.207,97.193,97.233,97.233,97.233,97.22,107
2014-10-07 11:39:00,2014-10-07 11:40:00,97.207,97.197,97.21,97.197,97.233,97.225,97.235,97.224,219
2014-10-07 11:40:00,2014-10-07 11:41:00,97.197,97.196,97.206,97.192,97.225,97.221,97.23,97.217,216
2014-10-07 11:41:00,2014-10-07 11:42:00,97.196,97.2,97.216,97.191,97.221,97.226,97.242,97.218,261
2014-10-07 11:42:00,2014-10-07 11:43:00,97.2,97.191,97.2,97.188,97.226,97.217,97.226,97.214,129
2014-10-07 11:43:00,2014-10-07 11:44:00,97.191,97.186,97.194,97.184,97.217,97.213,97.221,97.207,108
2014-10-07 11:44:00,2014-10-07 11:45:00,97.186,97.167,97.192,97.166,97.213,97.191,97.213,97.191,227
2014-10-07 11:45:00,2014-10-07 11:46:00,97.167,97.166,97.168,97.158,97.191,97.19,97.193,97.182,135
2014-10-07 11:46:00,2014-10-07 11:47:00,97.166,97.163,97.179,97.155,97.19,97.189,97.204,97.181,189
2014-10-07 11:47:00,2014-10-07 11:48:00,97.163,97.18,97.186,97.163,97.189,97.207,97.211,97.189,126
2014-10-07 11:48:00,2014-10-07 11:49:00,97.18,97.176,97.184,97.171,97.207,97.204,97.211,97.197,83
2014-10-07 11:49:00,2014-10-07 11:50:00,97.176,97.178,97.181,97.16,97.204,97.203,97.206,97.185,194
2014-10-07 11:50:00,2014-10-07 11:51:00,97.178,97.209,97.21,97.178,97.203,97.236,97.236,97.204,157
2014-10-07 11:51:00,2014-10-07 11:52:00,97.209,97.209,97.22,97.209,97.236,97.234,97.242,97.232,92
2014-10-07 11:52:00,2014-10-07 11:53:00,97.209,97.224,97.228,97.205,97.234,97.249,97.253,97.227,239
2014-10-07 11:53:00,2014-10-07 11:54:00,97.224,97.233,97.238,97.224,97.249,97.258,97.261,97.249,183
2014-10-07 11:54:00,2014-10-07 11:55:00,97.233,97.222,97.233,97.211,97.258,97.244,97.258,97.236,213
2014-10-07 11:55:00,2014-10-07 11:56:00,97.222,97.233,97.236,97.222,97.244,97.255,97.259,97.246,100
2014-10-07 11:56:00,2014-10-07 11:57:00,97.233,97.241,97.26,97.231,97.255,97.265,97.283,97.256,320
2014-10-07 11:57:00,2014-10-07 11:58:00,97.241,97.245,97.245,97.228,97.265,97.273,97.273,97.254,276
2014-10-07 11:58:00,2014-10-07 11:59:00,97.245,97.232,97.254,97.226,97.273,97.26,97.28,97.252,358
2014-10-07 11:59:00,2014-10-07 12:00:00,97.232,97.254,97.257,97.232,97.26,97.282,97.282,97.26,376
2014-10-07 12:00:00,2014-10-07 12:01:00,97.254,97.265,97.271,97.242,97.282,97.291,97.299,97.27,447
2014-10-07 12:01:00,2014-10-07 12:02:00,97.265,97.257,97.271,97.257,97.291,97.286,97.297,97.283,268
2014-10-07 12:02:00,2014-10-07 12:03:00,97.257,97.263,97.273,97.254,97.286,97.289,97.296,97.281,182
2014-10-07 12:03:00,2014-10-07 12:04:00,97.263,97.265,97.272,97.259,97.289,97.293,97.297,97.286,185
2014-10-07 12:04:00,2014-10-07 12:05:00,97.265,97.282,97.29,97.264,97.293,97.308,97.316,97.292,302
2014-10-07 12:05:00,2014-10-07 12:06:00,97.282,97.266,97.284,97.266,97.308,97.293,97.31,97.293,182
2014-10-07 12:06:00,2014-10-07 12:07:00,97.266,97.274,97.274,97.264,97.293,97.299,97.3,97.287,147
2014-10-07 12:07:00,2014-10-07 12:08:00,97.274,97.29,97.295,97.274,97.299,97.316,97.321,97.296,194
2014-10-07 12:08:00,2014-10-07 12:09:00,97.29,97.304,97.307,97.29,97.316,97.332,97.332,97.314,249
2014-10-07 12:09:00,2014-10-07 12:10:00,97.304,97.308,97.318,97.297,97.332,97.334,97.343,97.321,246
2014-10-07 12:10:00,2014-10-07 12:11:00,97.308,97.318,97.342,97.305,97.334,97.344,97.364,97.33,394
2014-10-07 12:11:00,2014-10-07 12:12:00,97.318,97.321,97.337,97.316,97.344,97.345,97.364,97.342,368
2014-10-07 12:12:00,2014-10-07 12:13:00,97.321,97.342,97.345,97.321,97.345,97.367,97.369,97.347,181
2014-10-07 12:13:00,2014-10-07 12:14:00,97.342,97.39,97.402,97.342,97.367,97.416,97.423,97.367,512
2014-10-07 12:14:00,2014-10-07 12:15:00,97.39,97.358,97.398,97.351,97.416,97.385,97.423,97.375,292
2014-10-07 12:15:00,2014-10-07 12:16:00,97.358,97.368,97.368,97.344,97.385,97.395,97.395,97.368,188
2014-10-07 12:16:00,2014-10-07 12:17:00,97.368,97.361,97.373,97.344,97.395,97.385,97.397,97.372,139
2014-10-07 12:17:00,2014-10-07 12:18:00,97.361,97.37,97.38,97.359,97.385,97.398,97.404,97.384,162
2014-10-07 12:18:00,2014-10-07 12:19:00,97.37,97.376,97.404,97.37,97.398,97.404,97.431,97.397,317
2014-10-07 12:19:00,2014-10-07 12:20:00,97.376,97.351,97.378,97.346,97.404,97.377,97.404,97.372,412
2014-10-07 12:20:00,2014-10-07 12:21:00,97.351,97.324,97.352,97.318,97.377,97.352,97.378,97.343,250
2014-10-07 12:21:00,2014-10-07 12:22:00,97.324,97.322,97.33,97.309,97.352,97.35,97.354,97.335,338
2014-10-07 12:22:00,2014-10-07 12:23:00,97.322,97.317,97.339,97.313,97.35,97.345,97.364,97.34,201
2014-10-07 12:23:00,2014-10-07 12:24:00,97.317,97.339,97.343,97.315,97.345,97.366,97.367,97.341,252
2014-10-07 12:24:00,2014-10-07 12:25:00,97.339,97.322,97.341,97.321,97.366,97.347,97.367,97.347,241
2014-10-07 12:25:00,2014-10-07 12:26:00,97.322,97.294,97.326,97.284,97.347,97.318,97.353,97.311,395
2014-10-07 12:26:00,2014-10-07 12:27:00,97.294,97.279,97.328,97.279,97.318,97.308,97.352,97.306,376
2014-10-07 12:27:00,2014-10-07 12:28:00,97.279,97.292,97.297,97.278,97.308,97.318,97.32,97.298,268
2014-10-07 12:28:00,2014-10-07 12:29:00,97.292,97.295,97.301,97.282,97.318,97.329,97.33,97.31,248
2014-10-07 12:29:00,2014-10-07 12:30:00,97.295,97.155,97.295,97.155,97.329,97.185,97.334,97.184,849
2014-10-07 12:30:00,2014-10-07 12:31:00,97.155,97.138,97.185,97.135,97.185,97.165,97.213,97.164,541
2014-10-07 12:31:00,2014-10-07 12:32:00,97.138,97.131,97.16,97.124,97.165,97.158,97.188,97.151,411
2014-10-07 12:32:00,2014-10-07 12:33:00,97.131,97.097,97.136,97.09,97.158,97.123,97.161,97.116,328
2014-10-07 12:33:00,2014-10-07 12:34:00,97.097,97.079,97.107,97.06,97.123,97.105,97.133,97.086,497
2014-10-07 12:34:00,2014-10-07 12:35:00,97.079,97.08,97.098,97.078,97.105,97.105,97.123,97.101,341
2014-10-07 12:35:00,2014-10-07 12:36:00,97.08,97.052,97.083,97.04,97.105,97.08,97.109,97.068,367
2014-10-07 12:36:00,2014-10-07 12:37:00,97.052,97.058,97.067,97.042,97.08,97.086,97.094,97.067,400
2014-10-07 12:37:00,2014-10-07 12:38:00,97.058,97.046,97.073,97.039,97.086,97.071,97.098,97.064,235
2014-10-07 12:38:00,2014-10-07 12:39:00,97.046,97.034,97.049,97.025,97.071,97.06,97.074,97.051,237
2014-10-07 12:39:00,2014-10-07 12:40:00,97.034,97.04,97.055,97.022,97.06,97.067,97.08,97.05,430
2014-10-07 12:40:00,2014-10-07 12:41:00,97.04,97.055,97.059,97.04,97.067,97.082,97.083,97.067,175
2014-10-07 12:41:00,2014-10-07 12:42:00,97.055,97.053,97.073,97.051,97.082,97.079,97.097,97.078,158
2014-10-07 12:42:00,2014-10-07 12:43:00,97.053,97.057,97.061,97.043,97.079,97.078,97.084,97.068,218
2014-10-07 12:43:00,2014-10-07 12:44:00,97.057,97.048,97.067,97.044,97.078,97.072,97.093,97.066,186
2014-10-07 12:44:00,2014-10-07 12:45:00,97.048,97.052,97.06,97.027,97.072,97.08,97.088,97.055,328
2014-10-07 12:45:00,2014-10-07 12:46:00,97.052,97.024,97.06,97.024,97.08,97.052,97.082,97.046,254
2014-10-07 12:46:00,2014-10-07 12:47:00,97.024,97.04,97.045,97.026,97.052,97.069,97.07,97.051,233
2014-10-07 12:47:00,2014-10-07 12:48:00,97.04,97.03,97.042,97.006,97.069,97.058,97.068,97.034,371
2014-10-07 12:48:00,2014-10-07 12:49:00,97.03,97.024,97.038,97.008,97.058,97.048,97.064,97.034,405
2014-10-07 12:49:00,2014-10-07 12:50:00,97.024,97.038,97.041,97.025,97.048,97.062,97.066,97.048,168
2014-10-07 12:50:00,2014-10-07 12:51:00,97.038,97.041,97.047,97.031,97.062,97.068,97.071,97.057,163
2014-10-07 12:51:00,2014-10-07 12:52:00,97.041,97.039,97.054,97.028,97.068,97.065,97.081,97.057,247
2014-10-07 12:52:00,2014-10-07 12:53:00,97.039,97.058,97.069,97.038,97.065,97.082,97.096,97.065,220
2014-10-07 12:53:00,2014-10-07 12:54:00,97.058,97.055,97.069,97.045,97.082,97.084,97.095,97.066,195
2014-10-07 12:54:00,2014-10-07 12:55:00,97.055,97.041,97.065,97.036,97.084,97.066,97.093,97.061,302
2014-10-07 12:55:00,2014-10-07 12:56:00,97.041,97.031,97.049,97.026,97.066,97.057,97.073,97.051,321
2014-10-07 12:56:00,2014-10-07 12:57:00,97.031,97.047,97.051,97.029,97.057,97.071,97.073,97.052,296
2014-10-07 12:57:00,2014-10-07 12:58:00,97.047,97.048,97.062,97.04,97.071,97.076,97.085,97.066,307
2014-10-07 12:58:00,2014-10-07 12:59:00,97.048,97.053,97.057,97.043,97.076,97.081,97.084,97.069,189
2014-10-07 12:59:00,2014-10-07 13:00:00,97.053,97.018,97.053,97.007,97.081,97.042,97.08,97.034,288
2014-10-07 13:00:00,2014-10-07 13:01:00,97.018,97.009,97.02,97.0,97.042,97.036,97.046,97.024,204
2014-10-07 13:01:00,2014-10-07 13:02:00,97.009,97.017,97.029,97.01,97.036,97.044,97.053,97.036,340
2014-10-07 13:02:00,2014-10-07 13:03:00,97.017,96.995,97.019,96.991,97.044,97.023,97.044,97.019,356
2014-10-07 13:03:00,2014-10-07 13:04:00,96.995,96.989,96.998,96.977,97.023,97.017,97.024,97.005,288
2014-10-07 13:04:00,2014-10-07 13:05:00,96.989,97.0,97.005,96.986,97.017,97.026,97.031,97.014,313
2014-10-07 13:05:00,2014-10-07 13:06:00,97.0,97.018,97.027,96.994,97.026,97.046,97.054,97.02,253
2014-10-07 13:06:00,2014-10-07 13:07:00,97.018,97.021,97.025,97.006,97.046,97.048,97.051,97.035,93
2014-10-07 13:07:00,2014-10-07 13:08:00,97.021,97.021,97.035,97.014,97.048,97.049,97.062,97.041,228
2014-10-07 13:08:00,2014-10-07 13:09:00,97.021,97.012,97.023,96.997,97.049,97.036,97.049,97.023,268
2014-10-07 13:09:00,2014-10-07 13:10:00,97.012,96.98,97.017,96.98,97.036,97.009,97.044,97.009,263
2014-10-07 13:10:00,2014-10-07 13:11:00,96.98,96.99,96.995,96.981,97.009,97.017,97.022,97.009,144
2014-10-07 13:11:00,2014-10-07 13:12:00,96.99,96.988,97.0,96.977,97.017,97.016,97.026,97.005,211
2014-10-07 13:12:00,2014-10-07 13:13:00,96.988,96.993,97.003,96.985,97.016,97.021,97.031,97.012,251
2014-10-07 13:13:00,2014-10-07 13:14:00,96.993,96.983,97.013,96.98,97.021,97.011,97.039,97.006,295
2014-10-07 13:14:00,2014-10-07 13:15:00,96.983,96.956,96.987,96.956,97.011,96.985,97.013,96.984,456
2014-10-07 13:15:00,2014-10-07 13:16:00,96.956,96.957,96.983,96.947,96.985,96.985,97.008,96.975,394
2014-10-07 13:16:00,2014-10-07 13:17:00,96.957,96.958,96.97,96.934,96.985,96.983,96.996,96.959,292
2014-10-07 13:17:00,2014-10-07 13:18:00,96.958,96.935,96.971,96.935,96.983,96.963,97.003,96.96,522
2014-10-07 13:18:00,2014-10-07 13:19:00,96.935,96.951,96.956,96.929,96.963,96.973,96.982,96.957,424
2014-10-07 13:19:00,2014-10-07 13:20:00,96.951,96.949,96.963,96.929,96.973,96.974,96.988,96.954,373
2014-10-07 13:20:00,2014-10-07 13:21:00,96.949,96.975,96.975,96.932,96.974,97.004,97.004,96.954,592
2014-10-07 13:21:00,2014-10-07 13:22:00,96.975,96.962,96.976,96.952,97.004,96.987,97.006,96.979,503
2014-10-07 13:22:00,2014-10-07 13:23:00,96.962,96.989,96.994,96.964,96.987,97.013,97.019,96.987,357
2014-10-07 13:23:00,2014-10-07 13:24:00,96.989,97.007,97.019,96.988,97.013,97.031,97.044,97.013,379
2014-10-07 13:24:00,2014-10-07 13:25:00,97.007,97.013,97.024,97.003,97.031,97.039,97.047,97.029,299
2014-10-07 13:25:00,2014-10-07 13:26:00,97.013,96.967,97.015,96.961,97.039,96.994,97.043,96.99,464
2014-10-07 13:26:00,2014-10-07 13:27:00,96.967,96.981,96.986,96.955,96.994,97.009,97.013,96.982,408
2014-10-07 13:27:00,2014-10-07 13:28:00,96.981,96.974,96.984,96.963,97.009,97.0,97.011,96.99,388
2014-10-07 13:28:00,2014-10-07 13:29:00,96.974,96.958,96.974,96.955,97.0,96.983,97.002,96.981,232
2014-10-07 13:29:00,2014-10-07 13:30:00,96.958,96.966,96.977,96.935,96.983,96.991,97.003,96.965,510
2014-10-07 13:30:00,2014-10-07 13:31:00,96.966,96.931,96.966,96.924,96.991,96.959,96.993,96.95,672
2014-10-07 13:31:00,2014-10-07 13:32:00,96.931,96.898,96.935,96.89,96.959,96.926,96.962,96.914,399
2014-10-07 13:32:00,2014-10-07 13:33:00,96.898,96.878,96.904,96.865,96.926,96.9,96.93,96.891,590
2014-10-07 13:33:00,2014-10-07 13:34:00,96.878,96.894,96.904,96.868,96.9,96.922,96.93,96.889,300
2014-10-07 13:34:00,2014-10-07 13:35:00,96.894,96.917,96.931,96.886,96.922,96.944,96.959,96.909,523
2014-10-07 13:35:00,2014-10-07 13:36:00,96.917,96.874,96.917,96.867,96.944,96.902,96.945,96.895,362
2014-10-07 13:36:00,2014-10-07 13:37:00,96.874,96.877,96.883,96.866,96.902,96.903,96.911,96.894,246
2014-10-07 13:37:00,2014-10-07 13:38:00,96.877,96.897,96.903,96.871,96.903,96.923,96.929,96.893,703
2014-10-07 13:38:00,2014-10-07 13:39:00,96.897,96.911,96.911,96.885,96.923,96.936,96.937,96.911,368
2014-10-07 13:39:00,2014-10-07 13:40:00,96.911,96.908,96.926,96.896,96.936,96.935,96.951,96.922,354
2014-10-07 13:40:00,2014-10-07 13:41:00,96.908,96.888,96.912,96.875,96.935,96.914,96.94,96.901,331
2014-10-07 13:41:00,2014-10-07 13:42:00,96.888,96.89,96.901,96.88,96.914,96.913,96.929,96.907,320
2014-10-07 13:42:00,2014-10-07 13:43:00,96.89,96.905,96.914,96.88,96.913,96.929,96.937,96.906,493
2014-10-07 13:43:00,2014-10-07 13:44:00,96.905,96.89,96.905,96.879,96.929,96.918,96.929,96.904,324
2014-10-07 13:44:00,2014-10-07 13:45:00,96.89,96.886,96.898,96.873,96.918,96.911,96.921,96.898,429
2014-10-07 13:45:00,2014-10-07 13:46:00,96.886,96.879,96.903,96.871,96.911,96.903,96.928,96.897,402
2014-10-07 13:46:00,2014-10-07 13:47:00,96.879,96.887,96.89,96.846,96.903,96.912,96.914,96.873,427
2014-10-07 13:47:00,2014-10-07 13:48:00,96.887,96.885,96.896,96.874,96.912,96.908,96.921,96.895,386
2014-10-07 13:48:00,2014-10-07 13:49:00,96.885,96.893,96.91,96.88,96.908,96.917,96.932,96.906,291
2014-10-07 13:49:00,2014-10-07 13:50:00,96.893,96.867,96.911,96.863,96.917,96.894,96.932,96.89,427
2014-10-07 13:50:00,2014-10-07 13:51:00,96.867,96.88,96.888,96.863,96.894,96.907,96.914,96.889,385
2014-10-07 13:51:00,2014-10-07 13:52:00,96.88,96.885,96.903,96.876,96.907,96.912,96.931,96.903,317
2014-10-07 13:52:00,2014-10-07 13:53:00,96.885,96.883,96.905,96.877,96.912,96.909,96.933,96.905,291
2014-10-07 13:53:00,2014-10-07 13:54:00,96.883,96.866,96.895,96.864,96.909,96.893,96.918,96.892,429
2014-10-07 13:54:00,2014-10-07 13:55:00,96.866,96.875,96.885,96.851,96.893,96.9,96.913,96.877,465
2014-10-07 13:55:00,2014-10-07 13:56:00,96.875,96.878,96.888,96.868,96.9,96.906,96.916,96.894,411
2014-10-07 13:56:00,2014-10-07 13:57:00,96.878,96.878,96.89,96.869,96.906,96.903,96.914,96.895,337
2014-10-07 13:57:00,2014-10-07 13:58:00,96.878,96.904,96.907,96.872,96.903,96.932,96.934,96.9,266
2014-10-07 13:58:00,2014-10-07 13:59:00,96.904,96.929,96.936,96.905,96.932,96.959,96.963,96.932,466
2014-10-07 13:59:00,2014-10-07 14:00:00,96.929,96.934,96.938,96.897,96.959,96.959,96.965,96.925,424
2014-10-07 14:00:00,2014-10-07 14:01:00,96.934,96.941,96.947,96.922,96.959,96.967,96.975,96.951,529
2014-10-07 14:01:00,2014-10-07 14:02:00,96.941,96.927,96.951,96.921,96.967,96.952,96.977,96.947,537
2014-10-07 14:02:00,2014-10-07 14:03:00,96.927,96.931,96.94,96.906,96.952,96.955,96.965,96.93,530
2014-10-07 14:03:00,2014-10-07 14:04:00,96.931,96.914,96.939,96.906,96.955,96.942,96.965,96.932,407
2014-10-07 14:04:00,2014-10-07 14:05:00,96.914,96.943,96.943,96.9,96.942,96.97,96.97,96.924,510
2014-10-07 14:05:00,2014-10-07 14:06:00,96.943,96.951,96.968,96.913,96.97,96.974,96.993,96.936,675
2014-10-07 14:06:00,2014-10-07 14:07:00,96.951,96.971,96.983,96.951,96.974,96.997,97.006,96.975,460
2014-10-07 14:07:00,2014-10-07 14:08:00,96.971,96.967,96.981,96.956,96.997,96.992,97.008,96.982,550
2014-10-07 14:08:00,2014-10-07 14:09:00,96.967,96.93,96.974,96.929,96.992,96.955,96.999,96.955,599
2014-10-07 14:09:00,2014-10-07 14:10:00,96.93,96.938,96.949,96.914,96.955,96.962,96.971,96.939,385
2014-10-07 14:10:00,2014-10-07 14:11:00,96.938,96.967,96.971,96.936,96.962,96.993,96.996,96.962,464
2014-10-07 14:11:00,2014-10-07 14:12:00,96.967,96.92,96.97,96.9,96.993,96.946,96.994,96.926,678
2014-10-07 14:12:00,2014-10-07 14:13:00,96.92,96.926,96.94,96.906,96.946,96.951,96.966,96.93,573
2014-10-07 14:13:00,2014-10-07 14:14:00,96.926,96.904,96.939,96.893,96.951,96.928,96.964,96.919,417
2014-10-07 14:14:00,2014-10-07 14:15:00,96.904,96.895,96.914,96.893,96.928,96.92,96.94,96.918,350
2014-10-07 14:15:00,2014-10-07 14:16:00,96.895,96.927,96.927,96.894,96.92,96.948,96.95,96.918,350
2014-10-07 14:16:00,2014-10-07 14:17:00,96.927,96.923,96.944,96.918,96.948,96.947,96.97,96.942,359
2014-10-07 14:17:00,2014-10-07 14:18:00,96.923,96.924,96.932,96.915,96.947,96.948,96.959,96.939,349
2014-10-07 14:18:00,2014-10-07 14:19:00,96.924,96.925,96.939,96.911,96.948,96.951,96.964,96.936,369
2014-10-07 14:19:00,2014-10-07 14:20:00,96.925,96.924,96.935,96.908,96.951,96.949,96.961,96.931,319
2014-10-07 14:20:00,2014-10-07 14:21:00,96.924,96.893,96.922,96.887,96.949,96.917,96.949,96.911,479
2014-10-07 14:21:00,2014-10-07 14:22:00,96.893,96.866,96.9,96.861,96.917,96.89,96.923,96.885,350
2014-10-07 14:22:00,2014-10-07 14:23:00,96.866,96.85,96.881,96.85,96.89,96.875,96.907,96.874,329
2014-10-07 14:23:00,2014-10-07 14:24:00,96.85,96.847,96.864,96.842,96.875,96.868,96.89,96.863,359
2014-10-07 14:24:00,2014-10-07 14:25:00,96.847,96.828,96.847,96.822,96.868,96.851,96.869,96.847,381
2014-10-07 14:25:00,2014-10-07 14:26:00,96.828,96.828,96.849,96.81,96.851,96.853,96.874,96.838,389
2014-10-07 14:26:00,2014-10-07 14:27:00,96.828,96.82,96.841,96.82,96.853,96.846,96.866,96.845,302
2014-10-07 14:27:00,2014-10-07 14:28:00,96.82,96.817,96.834,96.81,96.846,96.841,96.859,96.833,313
2014-10-07 14:28:00,2014-10-07 14:29:00,96.817,96.835,96.846,96.817,96.841,96.862,96.871,96.84,322
2014-10-07 14:29:00,2014-10-07 14:30:00,96.835,96.842,96.858,96.835,96.862,96.869,96.883,96.858,509
2014-10-07 14:30:00,2014-10-07 14:31:00,96.842,96.848,96.855,96.826,96.869,96.87,96.879,96.853,673
2014-10-07 14:31:00,2014-10-07 14:32:00,96.848,96.863,96.87,96.833,96.87,96.885,96.892,96.859,406
2014-10-07 14:32:00,2014-10-07 14:33:00,96.863,96.86,96.869,96.829,96.885,96.885,96.895,96.855,622
2014-10-07 14:33:00,2014-10-07 14:34:00,96.86,96.886,96.899,96.86,96.885,96.912,96.918,96.883,566
2014-10-07 14:34:00,2014-10-07 14:35:00,96.886,96.894,96.907,96.878,96.912,96.921,96.928,96.903,457
2014-10-07 14:35:00,2014-10-07 14:36:00,96.894,96.897,96.905,96.884,96.921,96.924,96.929,96.906,294
2014-10-07 14:36:00,2014-10-07 14:37:00,96.897,96.901,96.91,96.888,96.924,96.927,96.937,96.915,192
2014-10-07 14:37:00,2014-10-07 14:38:00,96.901,96.884,96.914,96.882,96.927,96.908,96.94,96.904,234
2014-10-07 14:38:00,2014-10-07 14:39:00,96.884,96.883,96.909,96.879,96.908,96.91,96.933,96.902,327
2014-10-07 14:39:00,2014-10-07 14:40:00,96.883,96.874,96.886,96.863,96.91,96.9,96.912,96.889,343
2014-10-07 14:40:00,2014-10-07 14:41:00,96.874,96.872,96.876,96.861,96.9,96.898,96.902,96.884,384
2014-10-07 14:41:00,2014-10-07 14:42:00,96.872,96.876,96.886,96.869,96.898,96.901,96.912,96.895,411
2014-10-07 14:42:00,2014-10-07 14:43:00,96.876,96.872,96.876,96.855,96.901,96.898,96.903,96.879,387
2014-10-07 14:43:00,2014-10-07 14:44:00,96.872,96.882,96.891,96.868,96.898,96.908,96.915,96.892,325
2014-10-07 14:44:00,2014-10-07 14:45:00,96.882,96.9,96.912,96.876,96.908,96.927,96.939,96.901,360
2014-10-07 14:45:00,2014-10-07 14:46:00,96.9,96.897,96.905,96.889,96.927,96.92,96.931,96.915,175
2014-10-07 14:46:00,2014-10-07 14:47:00,96.897,96.872,96.908,96.863,96.92,96.899,96.933,96.892,442
2014-10-07 14:47:00,2014-10-07 14:48:00,96.872,96.843,96.872,96.835,96.899,96.868,96.898,96.863,488
2014-10-07 14:48:00,2014-10-07 14:49:00,96.843,96.852,96.862,96.842,96.868,96.879,96.885,96.865,280
2014-10-07 14:49:00,2014-10-07 14:50:00,96.852,96.874,96.875,96.849,96.879,96.901,96.901,96.876,254
2014-10-07 14:50:00,2014-10-07 14:51:00,96.874,96.877,96.877,96.866,96.901,96.901,96.903,96.89,253
2014-10-07 14:51:00,2014-10-07 14:52:00,96.877,96.894,96.898,96.873,96.901,96.92,96.923,96.898,294
2014-10-07 14:52:00,2014-10-07 14:53:00,96.894,96.893,96.902,96.881,96.92,96.919,96.926,96.905,285
2014-10-07 14:53:00,2014-10-07 14:54:00,96.893,96.881,96.904,96.881,96.919,96.906,96.931,96.906,400
2014-10-07 14:54:00,2014-10-07 14:55:00,96.881,96.88,96.891,96.874,96.906,96.904,96.918,96.901,329
2014-10-07 14:55:00,2014-10-07 14:56:00,96.88,96.865,96.88,96.859,96.904,96.891,96.904,96.884,295
2014-10-07 14:56:00,2014-10-07 14:57:00,96.865,96.848,96.871,96.838,96.891,96.872,96.898,96.863,322
2014-10-07 14:57:00,2014-10-07 14:58:00,96.848,96.849,96.865,96.837,96.872,96.873,96.885,96.863,234
2014-10-07 14:58:00,2014-10-07 14:59:00,96.849,96.898,96.909,96.842,96.873,96.923,96.931,96.865,568
2014-10-07 14:59:00,2014-10-07 15:00:00,96.898,96.875,96.901,96.874,96.923,96.902,96.927,96.899,515
2014-10-07 15:00:00,2014-10-07 15:01:00,96.875,96.876,96.89,96.875,96.902,96.903,96.918,96.898,211
2014-10-07 15:01:00,2014-10-07 15:02:00,96.876,96.875,96.891,96.862,96.903,96.898,96.915,96.887,322
2014-10-07 15:02:00,2014-10-07 15:03:00,96.875,96.842,96.876,96.838,96.898,96.867,96.9,96.865,344
2014-10-07 15:03:00,2014-10-07 15:04:00,96.842,96.801,96.854,96.797,96.867,96.823,96.877,96.823,490
2014-10-07 15:04:00,2014-10-07 15:05:00,96.801,96.807,96.831,96.793,96.823,96.834,96.855,96.821,514
2014-10-07 15:05:00,2014-10-07 15:06:00,96.807,96.798,96.815,96.784,96.834,96.822,96.836,96.808,437
2014-10-07 15:06:00,2014-10-07 15:07:00,96.798,96.787,96.803,96.779,96.822,96.811,96.829,96.805,473
2014-10-07 15:07:00,2014-10-07 15:08:00,96.787,96.806,96.806,96.776,96.811,96.83,96.833,96.802,404
2014-10-07 15:08:00,2014-10-07 15:09:00,96.806,96.793,96.806,96.779,96.83,96.82,96.832,96.804,354
2014-10-07 15:09:00,2014-10-07 15:10:00,96.793,96.789,96.803,96.789,96.82,96.815,96.83,96.815,200
2014-10-07 15:10:00,2014-10-07 15:11:00,96.789,96.79,96.796,96.776,96.815,96.817,96.823,96.801,284
2014-10-07 15:11:00,2014-10-07 15:12:00,96.79,96.775,96.793,96.765,96.817,96.798,96.816,96.788,206
2014-10-07 15:12:00,2014-10-07 15:13:00,96.775,96.778,96.789,96.768,96.798,96.804,96.815,96.793,155
2014-10-07 15:13:00,2014-10-07 15:14:00,96.778,96.779,96.784,96.768,96.804,96.805,96.808,96.792,189
2014-10-07 15:14:00,2014-10-07 15:15:00,96.779,96.76,96.785,96.756,96.805,96.785,96.811,96.78,348
2014-10-07 15:15:00,2014-10-07 15:16:00,96.76,96.764,96.778,96.759,96.785,96.792,96.802,96.784,429
2014-10-07 15:16:00,2014-10-07 15:17:00,96.764,96.75,96.779,96.75,96.792,96.775,96.803,96.775,253
2014-10-07 15:17:00,2014-10-07 15:18:00,96.75,96.738,96.759,96.735,96.775,96.764,96.785,96.76,401
2014-10-07 15:18:00,2014-10-07 15:19:00,96.738,96.734,96.748,96.724,96.764,96.759,96.773,96.751,217
2014-10-07 15:19:00,2014-10-07 15:20:00,96.734,96.773,96.777,96.734,96.759,96.798,96.801,96.757,236
2014-10-07 15:20:00,2014-10-07 15:21:00,96.773,96.774,96.786,96.761,96.798,96.8,96.811,96.786,172
2014-10-07 15:21:00,2014-10-07 15:22:00,96.774,96.768,96.789,96.766,96.8,96.795,96.814,96.792,258
2014-10-07 15:22:00,2014-10-07 15:23:00,96.768,96.78,96.788,96.761,96.795,96.805,96.813,96.788,249
2014-10-07 15:23:00,2014-10-07 15:24:00,96.78,96.741,96.788,96.74,96.805,96.766,96.812,96.765,434
2014-10-07 15:24:00,2014-10-07 15:25:00,96.741,96.753,96.756,96.731,96.766,96.778,96.781,96.757,193
2014-10-07 15:25:00,2014-10-07 15:26:00,96.753,96.734,96.758,96.728,96.778,96.762,96.782,96.754,211
2014-10-07 15:26:00,2014-10-07 15:27:00,96.734,96.692,96.734,96.691,96.762,96.718,96.76,96.717,362
2014-10-07 15:27:00,2014-10-07 15:28:00,96.692,96.699,96.71,96.683,96.718,96.722,96.735,96.707,210
2014-10-07 15:28:00,2014-10-07 15:29:00,96.699,96.681,96.711,96.679,96.722,96.707,96.736,96.704,343
2014-10-07 15:29:00,2014-10-07 15:30:00,96.681,96.674,96.695,96.674,96.707,96.7,96.719,96.698,421
2014-10-07 15:30:00,2014-10-07 15:31:00,96.674,96.704,96.705,96.67,96.7,96.728,96.729,96.695,379
2014-10-07 15:31:00,2014-10-07 15:32:00,96.704,96.703,96.71,96.695,96.728,96.729,96.736,96.721,187
2014-10-07 15:32:00,2014-10-07 15:33:00,96.703,96.726,96.734,96.698,96.729,96.753,96.761,96.726,294
2014-10-07 15:33:00,2014-10-07 15:34:00,96.726,96.726,96.736,96.725,96.753,96.748,96.763,96.748,228
2014-10-07 15:34:00,2014-10-07 15:35:00,96.726,96.724,96.727,96.705,96.748,96.751,96.752,96.728,489
2014-10-07 15:35:00,2014-10-07 15:36:00,96.724,96.724,96.731,96.712,96.751,96.747,96.756,96.735,271
2014-10-07 15:36:00,2014-10-07 15:37:00,96.724,96.715,96.724,96.712,96.747,96.742,96.75,96.731,151
2014-10-07 15:37:00,2014-10-07 15:38:00,96.715,96.747,96.754,96.715,96.742,96.77,96.78,96.741,282
2014-10-07 15:38:00,2014-10-07 15:39:00,96.747,96.735,96.749,96.723,96.77,96.761,96.774,96.749,337
2014-10-07 15:39:00,2014-10-07 15:40:00,96.735,96.699,96.735,96.698,96.761,96.725,96.76,96.723,239
2014-10-07 15:40:00,2014-10-07 15:41:00,96.699,96.733,96.735,96.699,96.725,96.759,96.759,96.724,226
2014-10-07 15:41:00,2014-10-07 15:42:00,96.733,96.735,96.739,96.719,96.759,96.76,96.764,96.744,154
2014-10-07 15:42:00,2014-10-07 15:43:00,96.735,96.735,96.742,96.722,96.76,96.757,96.767,96.747,318
2014-10-07 15:43:00,2014-10-07 15:44:00,96.735,96.751,96.756,96.735,96.757,96.774,96.777,96.759,376
2014-10-07 15:44:00,2014-10-07 15:45:00,96.751,96.761,96.77,96.751,96.774,96.786,96.796,96.774,221
2014-10-07 15:45:00,2014-10-07 15:46:00,96.761,96.795,96.799,96.759,96.786,96.82,96.824,96.783,245
2014-10-07 15:46:00,2014-10-07 15:47:00,96.795,96.781,96.795,96.773,96.82,96.806,96.819,96.798,212
2014-10-07 15:47:00,2014-10-07 15:48:00,96.781,96.772,96.779,96.764,96.806,96.794,96.806,96.788,192
2014-10-07 15:48:00,2014-10-07 15:49:00,96.772,96.787,96.796,96.772,96.794,96.811,96.819,96.795,361
2014-10-07 15:49:00,2014-10-07 15:50:00,96.787,96.795,96.804,96.786,96.811,96.821,96.829,96.811,178
2014-10-07 15:50:00,2014-10-07 15:51:00,96.795,96.783,96.797,96.783,96.821,96.807,96.823,96.807,212
2014-10-07 15:51:00,2014-10-07 15:52:00,96.783,96.784,96.794,96.77,96.807,96.809,96.817,96.795,237
2014-10-07 15:52:00,2014-10-07 15:53:00,96.784,96.798,96.8,96.784,96.809,96.823,96.824,96.808,181
2014-10-07 15:53:00,2014-10-07 15:54:00,96.798,96.821,96.824,96.789,96.823,96.848,96.85,96.813,305
2014-10-07 15:54:00,2014-10-07 15:55:00,96.821,96.811,96.825,96.807,96.848,96.837,96.847,96.833,252
2014-10-07 15:55:00,2014-10-07 15:56:00,96.811,96.819,96.828,96.809,96.837,96.844,96.854,96.835,309
2014-10-07 15:56:00,2014-10-07 15:57:00,96.819,96.81,96.825,96.809,96.844,96.836,96.848,96.836,262
2014-10-07 15:57:00,2014-10-07 15:58:00,96.81,96.814,96.814,96.789,96.836,96.838,96.84,96.815,206
2014-10-07 15:58:00,2014-10-07 15:59:00,96.814,96.836,96.839,96.812,96.838,96.862,96.864,96.835,233
2014-10-07 15:59:00,2014-10-07 16:00:00,96.836,96.808,96.84,96.801,96.862,96.835,96.864,96.827,298
2014-10-07 16:00:00,2014-10-07 16:01:00,96.808,96.809,96.819,96.808,96.835,96.836,96.844,96.833,197
2014-10-07 16:01:00,2014-10-07 16:02:00,96.809,96.819,96.822,96.804,96.836,96.848,96.848,96.829,152
2014-10-07 16:02:00,2014-10-07 16:03:00,96.819,96.817,96.829,96.812,96.848,96.845,96.856,96.839,150
2014-10-07 16:03:00,2014-10-07 16:04:00,96.817,96.833,96.835,96.809,96.845,96.858,96.858,96.837,195
2014-10-07 16:04:00,2014-10-07 16:05:00,96.833,96.832,96.843,96.825,96.858,96.855,96.865,96.848,162
2014-10-07 16:05:00,2014-10-07 16:06:00,96.832,96.847,96.854,96.825,96.855,96.867,96.876,96.848,239
2014-10-07 16:06:00,2014-10-07 16:07:00,96.847,96.809,96.848,96.808,96.867,96.834,96.867,96.834,177
2014-10-07 16:07:00,2014-10-07 16:08:00,96.809,96.816,96.824,96.811,96.834,96.842,96.851,96.834,157
2014-10-07 16:08:00,2014-10-07 16:09:00,96.816,96.809,96.824,96.802,96.842,96.833,96.849,96.828,156
2014-10-07 16:09:00,2014-10-07 16:10:00,96.809,96.813,96.827,96.806,96.833,96.835,96.848,96.831,273
2014-10-07 16:10:00,2014-10-07 16:11:00,96.813,96.832,96.848,96.812,96.835,96.859,96.87,96.835,266
2014-10-07 16:11:00,2014-10-07 16:12:00,96.832,96.823,96.843,96.818,96.859,96.847,96.865,96.843,116
2014-10-07 16:12:00,2014-10-07 16:13:00,96.823,96.824,96.831,96.821,96.847,96.85,96.856,96.846,121
2014-10-07 16:13:00,2014-10-07 16:14:00,96.824,96.822,96.832,96.822,96.85,96.846,96.857,96.846,129
2014-10-07 16:14:00,2014-10-07 16:15:00,96.822,96.814,96.838,96.808,96.846,96.839,96.862,96.832,391
2014-10-07 16:15:00,2014-10-07 16:16:00,96.814,96.814,96.821,96.802,96.839,96.837,96.845,96.83,212
2014-10-07 16:16:00,2014-10-07 16:17:00,96.814,96.82,96.841,96.801,96.837,96.848,96.869,96.826,235
2014-10-07 16:17:00,2014-10-07 16:18:00,96.82,96.865,96.869,96.82,96.848,96.893,96.893,96.846,435
2014-10-07 16:18:00,2014-10-07 16:19:00,96.865,96.875,96.882,96.855,96.893,96.899,96.908,96.882,294
2014-10-07 16:19:00,2014-10-07 16:20:00,96.875,96.885,96.885,96.87,96.899,96.91,96.913,96.892,159
2014-10-07 16:20:00,2014-10-07 16:21:00,96.885,96.879,96.889,96.858,96.91,96.905,96.914,96.883,295
2014-10-07 16:21:00,2014-10-07 16:22:00,96.879,96.901,96.902,96.87,96.905,96.926,96.927,96.897,211
2014-10-07 16:22:00,2014-10-07 16:23:00,96.901,96.908,96.908,96.893,96.926,96.933,96.934,96.918,193
2014-10-07 16:23:00,2014-10-07 16:24:00,96.908,96.899,96.909,96.888,96.933,96.923,96.935,96.912,235
2014-10-07 16:24:00,2014-10-07 16:25:00,96.899,96.907,96.927,96.899,96.923,96.933,96.955,96.924,269
2014-10-07 16:25:00,2014-10-07 16:26:00,96.907,96.91,96.917,96.899,96.933,96.932,96.941,96.926,193
2014-10-07 16:26:00,2014-10-07 16:27:00,96.91,96.905,96.91,96.897,96.932,96.927,96.935,96.918,214
2014-10-07 16:27:00,2014-10-07 16:28:00,96.905,96.915,96.921,96.902,96.927,96.937,96.946,96.924,218
2014-10-07 16:28:00,2014-10-07 16:29:00,96.915,96.908,96.915,96.901,96.937,96.936,96.936,96.924,112
2014-10-07 16:29:00,2014-10-07 16:30:00,96.908,96.922,96.922,96.908,96.936,96.951,96.951,96.934,187
2014-10-07 16:30:00,2014-10-07 16:31:00,96.922,96.913,96.947,96.902,96.951,96.938,96.972,96.926,418
2014-10-07 16:31:00,2014-10-07 16:32:00,96.913,96.913,96.923,96.898,96.938,96.94,96.949,96.925,305
2014-10-07 16:32:00,2014-10-07 16:33:00,96.913,96.896,96.916,96.889,96.94,96.925,96.941,96.917,116
2014-10-07 16:33:00,2014-10-07 16:34:00,96.896,96.895,96.903,96.889,96.925,96.922,96.93,96.916,191
2014-10-07 16:34:00,2014-10-07 16:35:00,96.895,96.885,96.897,96.88,96.922,96.911,96.925,96.904,158
2014-10-07 16:35:00,2014-10-07 16:36:00,96.885,96.895,96.895,96.878,96.911,96.921,96.921,96.907,141
2014-10-07 16:36:00,2014-10-07 16:37:00,96.895,96.884,96.907,96.876,96.921,96.908,96.932,96.901,224
2014-10-07 16:37:00,2014-10-07 16:38:00,96.884,96.941,96.973,96.886,96.908,96.966,96.997,96.908,398
2014-10-07 16:38:00,2014-10-07 16:39:00,96.941,96.92,96.941,96.917,96.966,96.944,96.967,96.943,147
2014-10-07 16:39:00,2014-10-07 16:40:00,96.92,96.893,96.922,96.882,96.944,96.918,96.947,96.908,299
2014-10-07 16:40:00,2014-10-07 16:41:00,96.893,96.904,96.918,96.886,96.918,96.931,96.945,96.914,185
2014-10-07 16:41:00,2014-10-07 16:42:00,96.904,96.883,96.905,96.882,96.931,96.909,96.931,96.906,173
2014-10-07 16:42:00,2014-10-07 16:43:00,96.883,96.872,96.885,96.869,96.909,96.898,96.911,96.894,109
2014-10-07 16:43:00,2014-10-07 16:44:00,96.872,96.863,96.876,96.858,96.898,96.886,96.899,96.882,137
2014-10-07 16:44:00,2014-10-07 16:45:00,96.863,96.885,96.886,96.862,96.886,96.907,96.908,96.886,219
2014-10-07 16:45:00,2014-10-07 16:46:00,96.885,96.859,96.888,96.856,96.907,96.883,96.911,96.88,236
2014-10-07 16:46:00,2014-10-07 16:47:00,96.859,96.852,96.864,96.844,96.883,96.878,96.889,96.869,228
2014-10-07 16:47:00,2014-10-07 16:48:00,96.852,96.833,96.852,96.821,96.878,96.854,96.88,96.849,223
2014-10-07 16:48:00,2014-10-07 16:49:00,96.833,96.844,96.845,96.828,96.854,96.87,96.871,96.85,185
2014-10-07 16:49:00,2014-10-07 16:50:00,96.844,96.865,96.866,96.844,96.87,96.891,96.891,96.868,217
2014-10-07 16:50:00,2014-10-07 16:51:00,96.865,96.855,96.869,96.845,96.891,96.88,96.894,96.871,172
2014-10-07 16:51:00,2014-10-07 16:52:00,96.855,96.856,96.867,96.851,96.88,96.878,96.893,96.877,164
2014-10-07 16:52:00,2014-10-07 16:53:00,96.856,96.869,96.876,96.852,96.878,96.892,96.9,96.872,261
2014-10-07 16:53:00,2014-10-07 16:54:00,96.869,96.864,96.878,96.862,96.892,96.887,96.902,96.881,351
2014-10-07 16:54:00,2014-10-07 16:55:00,96.864,96.859,96.874,96.859,96.887,96.882,96.898,96.882,283
2014-10-07 16:55:00,2014-10-07 16:56:00,96.859,96.857,96.871,96.854,96.882,96.876,96.894,96.875,103
2014-10-07 16:56:00,2014-10-07 16:57:00,96.857,96.861,96.863,96.854,96.876,96.887,96.889,96.872,56
2014-10-07 16:57:00,2014-10-07 16:58:00,96.861,96.874,96.877,96.863,96.887,96.901,96.901,96.887,95
2014-10-07 16:58:00,2014-10-07 16:59:00,96.874,96.879,96.891,96.876,96.901,96.903,96.917,96.9,100
2014-10-07 16:59:00,2014-10-07 17:00:00,96.879,96.87,96.89,96.859,96.903,96.897,96.917,96.886,185
2014-10-07 17:00:00,2014-10-07 17:01:00,96.87,96.839,96.871,96.838,96.897,96.865,96.899,96.863,251
2014-10-07 17:01:00,2014-10-07 17:02:00,96.839,96.868,96.873,96.839,96.865,96.897,96.899,96.865,264
2014-10-07 17:02:00,2014-10-07 17:03:00,96.868,96.889,96.892,96.867,96.897,96.914,96.918,96.892,301
2014-10-07 17:03:00,2014-10-07 17:04:00,96.889,96.895,96.9,96.874,96.914,96.922,96.923,96.901,211
2014-10-07 17:04:00,2014-10-07 17:05:00,96.895,96.928,96.938,96.894,96.922,96.951,96.964,96.92,223
2014-10-07 17:05:00,2014-10-07 17:06:00,96.928,96.935,96.943,96.917,96.951,96.958,96.967,96.943,172
2014-10-07 17:06:00,2014-10-07 17:07:00,96.935,96.946,96.953,96.931,96.958,96.969,96.978,96.954,124
2014-10-07 17:07:00,2014-10-07 17:08:00,96.946,96.921,96.947,96.914,96.969,96.942,96.969,96.94,195
2014-10-07 17:08:00,2014-10-07 17:09:00,96.921,96.935,96.95,96.918,96.942,96.955,96.974,96.938,165
2014-10-07 17:09:00,2014-10-07 17:10:00,96.935,96.924,96.943,96.924,96.955,96.947,96.969,96.946,196
2014-10-07 17:10:00,2014-10-07 17:11:00,96.924,96.912,96.924,96.911,96.947,96.935,96.945,96.932,136
2014-10-07 17:11:00,2014-10-07 17:12:00,96.912,96.913,96.915,96.896,96.935,96.938,96.94,96.917,216
2014-10-07 17:12:00,2014-10-07 17:13:00,96.913,96.931,96.938,96.909,96.938,96.96,96.961,96.932,199
2014-10-07 17:13:00,2014-10-07 17:14:00,96.931,96.936,96.936,96.925,96.96,96.964,96.964,96.947,97
2014-10-07 17:14:00,2014-10-07 17:15:00,96.936,96.939,96.956,96.935,96.964,96.967,96.98,96.963,159
2014-10-07 17:15:00,2014-10-07 17:16:00,96.939,96.937,96.943,96.936,96.967,96.966,96.968,96.963,53
2014-10-07 17:16:00,2014-10-07 17:17:00,96.937,96.957,96.957,96.937,96.966,96.985,96.985,96.964,159
2014-10-07 17:17:00,2014-10-07 17:18:00,96.957,96.954,96.957,96.95,96.985,96.98,96.985,96.976,49
2014-10-07 17:18:00,2014-10-07 17:19:00,96.954,96.962,96.978,96.954,96.98,96.989,97.004,96.978,208
2014-10-07 17:19:00,2014-10-07 17:20:00,96.962,96.952,96.971,96.95,96.989,96.979,96.999,96.979,220
2014-10-07 17:20:00,2014-10-07 17:21:00,96.952,96.932,96.963,96.928,96.979,96.961,96.991,96.957,187
2014-10-07 17:21:00,2014-10-07 17:22:00,96.932,96.945,96.964,96.928,96.961,96.973,96.99,96.955,275
2014-10-07 17:22:00,2014-10-07 17:23:00,96.945,96.933,96.945,96.93,96.973,96.96,96.972,96.957,101
2014-10-07 17:23:00,2014-10-07 17:24:00,96.933,96.913,96.938,96.9,96.96,96.941,96.967,96.928,220
2014-10-07 17:24:00,2014-10-07 17:25:00,96.913,96.926,96.951,96.91,96.941,96.954,96.978,96.935,473
2014-10-07 17:25:00,2014-10-07 17:26:00,96.926,96.922,96.927,96.914,96.954,96.95,96.954,96.939,100
2014-10-07 17:26:00,2014-10-07 17:27:00,96.922,96.915,96.935,96.913,96.95,96.942,96.962,96.939,210
2014-10-07 17:27:00,2014-10-07 17:28:00,96.915,96.919,96.919,96.902,96.942,96.947,96.947,96.929,220
2014-10-07 17:28:00,2014-10-07 17:29:00,96.919,96.92,96.928,96.908,96.947,96.947,96.954,96.937,130
2014-10-07 17:29:00,2014-10-07 17:30:00,96.92,96.918,96.929,96.915,96.947,96.942,96.955,96.941,126
2014-10-07 17:30:00,2014-10-07 17:31:00,96.918,96.905,96.918,96.899,96.942,96.933,96.939,96.926,109
2014-10-07 17:31:00,2014-10-07 17:32:00,96.905,96.906,96.915,96.903,96.933,96.932,96.941,96.927,97
2014-10-07 17:32:00,2014-10-07 17:33:00,96.906,96.914,96.92,96.904,96.932,96.943,96.948,96.932,135
2014-10-07 17:33:00,2014-10-07 17:34:00,96.914,96.896,96.917,96.896,96.943,96.925,96.946,96.924,146
2014-10-07 17:34:00,2014-10-07 17:35:00,96.896,96.89,96.898,96.878,96.925,96.919,96.925,96.903,208
2014-10-07 17:35:00,2014-10-07 17:36:00,96.89,96.898,96.901,96.886,96.919,96.926,96.926,96.913,94
2014-10-07 17:36:00,2014-10-07 17:37:00,96.898,96.886,96.905,96.886,96.926,96.911,96.929,96.911,81
2014-10-07 17:37:00,2014-10-07 17:38:00,96.886,96.873,96.886,96.873,96.911,96.901,96.911,96.9,74
2014-10-07 17:38:00,2014-10-07 17:39:00,96.873,96.865,96.876,96.864,96.901,96.893,96.902,96.891,86
2014-10-07 17:39:00,2014-10-07 17:40:00,96.865,96.854,96.875,96.854,96.893,96.884,96.902,96.882,194
2014-10-07 17:40:00,2014-10-07 17:41:00,96.854,96.874,96.874,96.854,96.884,96.898,96.899,96.884,57
2014-10-07 17:41:00,2014-10-07 17:42:00,96.874,96.861,96.874,96.859,96.898,96.888,96.898,96.885,65
2014-10-07 17:42:00,2014-10-07 17:43:00,96.861,96.86,96.87,96.859,96.888,96.888,96.898,96.887,42
2014-10-07 17:43:00,2014-10-07 17:44:00,96.86,96.86,96.862,96.86,96.888,96.889,96.89,96.889,8
2014-10-07 17:44:00,2014-10-07 17:45:00,96.86,96.863,96.866,96.853,96.889,96.892,96.894,96.881,96
2014-10-07 17:45:00,2014-10-07 17:46:00,96.863,96.85,96.863,96.848,96.892,96.878,96.89,96.874,57
2014-10-07 17:46:00,2014-10-07 17:47:00,96.85,96.861,96.861,96.849,96.878,96.889,96.889,96.877,63
2014-10-07 17:47:00,2014-10-07 17:48:00,96.861,96.862,96.865,96.861,96.889,96.89,96.893,96.888,28
2014-10-07 17:48:00,2014-10-07 17:49:00,96.862,96.865,96.867,96.855,96.89,96.893,96.895,96.881,82
2014-10-07 17:49:00,2014-10-07 17:50:00,96.865,96.875,96.875,96.861,96.893,96.903,96.904,96.888,85
2014-10-07 17:50:00,2014-10-07 17:51:00,96.875,96.872,96.876,96.869,96.903,96.9,96.905,96.897,22
2014-10-07 17:51:00,2014-10-07 17:52:00,96.872,96.873,96.876,96.867,96.9,96.901,96.904,96.893,67
2014-10-07 17:52:00,2014-10-07 17:53:00,96.873,96.871,96.885,96.863,96.901,96.899,96.91,96.888,188
2014-10-07 17:53:00,2014-10-07 17:54:00,96.871,96.869,96.876,96.868,96.899,96.895,96.902,96.895,60
2014-10-07 17:54:00,2014-10-07 17:55:00,96.869,96.854,96.869,96.854,96.895,96.879,96.898,96.879,126
2014-10-07 17:55:00,2014-10-07 17:56:00,96.854,96.86,96.86,96.85,96.879,96.887,96.888,96.875,59
2014-10-07 17:56:00,2014-10-07 17:57:00,96.86,96.859,96.86,96.854,96.887,96.883,96.887,96.881,62
2014-10-07 17:57:00,2014-10-07 17:58:00,96.859,96.855,96.861,96.836,96.883,96.88,96.888,96.86,163
2014-10-07 17:58:00,2014-10-07 17:59:00,96.855,96.84,96.854,96.84,96.88,96.865,96.881,96.862,47
2014-10-07 17:59:00,2014-10-07 18:00:00,96.84,96.842,96.848,96.839,96.865,96.869,96.875,96.865,65
2014-10-07 18:00:00,2014-10-07 18:01:00,96.842,96.848,96.858,96.841,96.869,96.876,96.884,96.864,143
2014-10-07 18:01:00,2014-10-07 18:02:00,96.848,96.824,96.848,96.824,96.876,96.852,96.876,96.851,82
2014-10-07 18:02:00,2014-10-07 18:03:00,96.824,96.818,96.829,96.812,96.852,96.845,96.855,96.84,115
2014-10-07 18:03:00,2014-10-07 18:04:00,96.818,96.837,96.84,96.804,96.845,96.866,96.868,96.832,215
2014-10-07 18:04:00,2014-10-07 18:05:00,96.837,96.839,96.84,96.831,96.866,96.867,96.868,96.859,77
2014-10-07 18:05:00,2014-10-07 18:06:00,96.839,96.835,96.842,96.833,96.867,96.863,96.869,96.859,42
2014-10-07 18:06:00,2014-10-07 18:07:00,96.835,96.845,96.847,96.836,96.863,96.874,96.875,96.863,61
2014-10-07 18:07:00,2014-10-07 18:08:00,96.845,96.845,96.851,96.83,96.874,96.871,96.875,96.854,189
2014-10-07 18:08:00,2014-10-07 18:09:00,96.845,96.847,96.851,96.845,96.871,96.872,96.876,96.872,29
2014-10-07 18:09:00,2014-10-07 18:10:00,96.847,96.836,96.846,96.832,96.872,96.862,96.872,96.859,96
2014-10-07 18:10:00,2014-10-07 18:11:00,96.836,96.841,96.852,96.836,96.862,96.866,96.879,96.861,111
2014-10-07 18:11:00,2014-10-07 18:12:00,96.841,96.845,96.845,96.831,96.866,96.868,96.873,96.858,162
2014-10-07 18:12:00,2014-10-07 18:13:00,96.845,96.859,96.864,96.844,96.868,96.883,96.888,96.867,47
2014-10-07 18:13:00,2014-10-07 18:14:00,96.859,96.856,96.859,96.855,96.883,96.883,96.884,96.882,23
2014-10-07 18:14:00,2014-10-07 18:15:00,96.856,96.853,96.859,96.846,96.883,96.88,96.884,96.871,69
2014-10-07 18:15:00,2014-10-07 18:16:00,96.853,96.831,96.855,96.831,96.88,96.858,96.88,96.858,77
2014-10-07 18:16:00,2014-10-07 18:17:00,96.831,96.836,96.843,96.829,96.858,96.862,96.871,96.857,66
2014-10-07 18:17:00,2014-10-07 18:18:00,96.836,96.842,96.844,96.836,96.862,96.87,96.871,96.862,36
2014-10-07 18:18:00,2014-10-07 18:19:00,96.842,96.845,96.845,96.829,96.87,96.871,96.871,96.858,108
2014-10-07 18:19:00,2014-10-07 18:20:00,96.845,96.831,96.845,96.82,96.871,96.857,96.873,96.843,170
2014-10-07 18:20:00,2014-10-07 18:21:00,96.831,96.83,96.833,96.818,96.857,96.857,96.86,96.845,106
2014-10-07 18:21:00,2014-10-07 18:22:00,96.83,96.816,96.833,96.813,96.857,96.843,96.861,96.838,261
2014-10-07 18:22:00,2014-10-07 18:23:00,96.816,96.795,96.815,96.788,96.843,96.821,96.843,96.813,178
2014-10-07 18:23:00,2014-10-07 18:24:00,96.795,96.79,96.795,96.775,96.821,96.814,96.822,96.804,120
2014-10-07 18:24:00,2014-10-07 18:25:00,96.79,96.778,96.79,96.776,96.814,96.806,96.815,96.8,113
2014-10-07 18:25:00,2014-10-07 18:26:00,96.778,96.778,96.792,96.771,96.806,96.806,96.817,96.795,135
2014-10-07 18:26:00,2014-10-07 18:27:00,96.778,96.772,96.781,96.751,96.806,96.796,96.806,96.78,117
2014-10-07 18:27:00,2014-10-07 18:28:00,96.772,96.767,96.773,96.751,96.796,96.788,96.797,96.776,149
2014-10-07 18:28:00,2014-10-07 18:29:00,96.767,96.771,96.775,96.755,96.788,96.794,96.799,96.779,188
2014-10-07 18:29:00,2014-10-07 18:30:00,96.771,96.734,96.775,96.727,96.794,96.762,96.797,96.755,420
2014-10-07 18:30:00,2014-10-07 18:31:00,96.734,96.735,96.735,96.718,96.762,96.759,96.76,96.742,190
2014-10-07 18:31:00,2014-10-07 18:32:00,96.735,96.714,96.75,96.713,96.759,96.741,96.77,96.74,176
2014-10-07 18:32:00,2014-10-07 18:33:00,96.714,96.715,96.733,96.713,96.741,96.743,96.76,96.738,187
2014-10-07 18:33:00,2014-10-07 18:34:00,96.715,96.735,96.743,96.715,96.743,96.761,96.767,96.744,274
2014-10-07 18:34:00,2014-10-07 18:35:00,96.735,96.742,96.756,96.732,96.761,96.769,96.784,96.757,267
2014-10-07 18:35:00,2014-10-07 18:36:00,96.742,96.751,96.755,96.739,96.769,96.778,96.781,96.766,172
2014-10-07 18:36:00,2014-10-07 18:37:00,96.751,96.722,96.751,96.705,96.778,96.752,96.777,96.731,379
2014-10-07 18:37:00,2014-10-07 18:38:00,96.722,96.731,96.739,96.718,96.752,96.758,96.767,96.745,204
2014-10-07 18:38:00,2014-10-07 18:39:00,96.731,96.731,96.742,96.727,96.758,96.758,96.769,96.754,267
2014-10-07 18:39:00,2014-10-07 18:40:00,96.731,96.727,96.739,96.717,96.758,96.756,96.764,96.743,326
2014-10-07 18:40:00,2014-10-07 18:41:00,96.727,96.755,96.755,96.724,96.756,96.781,96.781,96.752,280
2014-10-07 18:41:00,2014-10-07 18:42:00,96.755,96.738,96.754,96.736,96.781,96.766,96.782,96.762,82
2014-10-07 18:42:00,2014-10-07 18:43:00,96.738,96.741,96.754,96.732,96.766,96.769,96.781,96.76,134
2014-10-07 18:43:00,2014-10-07 18:44:00,96.741,96.754,96.754,96.741,96.769,96.775,96.781,96.768,107
2014-10-07 18:44:00,2014-10-07 18:45:00,96.754,96.731,96.753,96.729,96.775,96.759,96.775,96.757,125
2014-10-07 18:45:00,2014-10-07 18:46:00,96.731,96.747,96.747,96.728,96.759,96.774,96.775,96.755,145
2014-10-07 18:46:00,2014-10-07 18:47:00,96.747,96.768,96.768,96.738,96.774,96.795,96.795,96.765,198
2014-10-07 18:47:00,2014-10-07 18:48:00,96.768,96.765,96.779,96.761,96.795,96.791,96.808,96.791,160
2014-10-07 18:48:00,2014-10-07 18:49:00,96.765,96.746,96.763,96.738,96.791,96.772,96.791,96.763,232
2014-10-07 18:49:00,2014-10-07 18:50:00,96.746,96.756,96.76,96.725,96.772,96.785,96.788,96.751,389
2014-10-07 18:50:00,2014-10-07 18:51:00,96.756,96.798,96.803,96.755,96.785,96.824,96.829,96.782,212
2014-10-07 18:51:00,2014-10-07 18:52:00,96.798,96.795,96.805,96.778,96.824,96.82,96.827,96.805,265
2014-10-07 18:52:00,2014-10-07 18:53:00,96.795,96.776,96.809,96.769,96.82,96.803,96.835,96.795,193
2014-10-07 18:53:00,2014-10-07 18:54:00,96.776,96.773,96.776,96.758,96.803,96.801,96.802,96.786,84
2014-10-07 18:54:00,2014-10-07 18:55:00,96.773,96.782,96.79,96.774,96.801,96.809,96.815,96.799,103
2014-10-07 18:55:00,2014-10-07 18:56:00,96.782,96.77,96.791,96.767,96.809,96.794,96.818,96.793,159
2014-10-07 18:56:00,2014-10-07 18:57:00,96.77,96.76,96.771,96.759,96.794,96.789,96.796,96.786,135
2014-10-07 18:57:00,2014-10-07 18:58:00,96.76,96.755,96.775,96.753,96.789,96.783,96.8,96.779,203
2014-10-07 18:58:00,2014-10-07 18:59:00,96.755,96.719,96.767,96.707,96.783,96.751,96.794,96.734,551
2014-10-07 18:59:00,2014-10-07 19:00:00,96.719,96.751,96.753,96.707,96.751,96.777,96.781,96.737,374
2014-10-07 19:00:00,2014-10-07 19:01:00,96.751,96.724,96.76,96.722,96.777,96.754,96.787,96.749,242
2014-10-07 19:01:00,2014-10-07 19:02:00,96.724,96.765,96.767,96.726,96.754,96.791,96.793,96.754,246
2014-10-07 19:02:00,2014-10-07 19:03:00,96.765,96.739,96.765,96.739,96.791,96.766,96.793,96.766,137
2014-10-07 19:03:00,2014-10-07 19:04:00,96.739,96.746,96.751,96.741,96.766,96.775,96.779,96.766,73
2014-10-07 19:04:00,2014-10-07 19:05:00,96.746,96.736,96.748,96.725,96.775,96.763,96.775,96.752,98
2014-10-07 19:05:00,2014-10-07 19:06:00,96.736,96.725,96.737,96.722,96.763,96.753,96.765,96.75,116
2014-10-07 19:06:00,2014-10-07 19:07:00,96.725,96.738,96.743,96.725,96.753,96.758,96.766,96.747,244
2014-10-07 19:07:00,2014-10-07 19:08:00,96.738,96.74,96.751,96.734,96.758,96.768,96.778,96.76,206
2014-10-07 19:08:00,2014-10-07 19:09:00,96.74,96.741,96.744,96.729,96.768,96.766,96.769,96.756,96
2014-10-07 19:09:00,2014-10-07 19:10:00,96.741,96.731,96.741,96.721,96.766,96.757,96.767,96.748,162
2014-10-07 19:10:00,2014-10-07 19:11:00,96.731,96.718,96.735,96.715,96.757,96.742,96.762,96.742,115
2014-10-07 19:11:00,2014-10-07 19:12:00,96.718,96.693,96.717,96.685,96.742,96.722,96.742,96.713,190
2014-10-07 19:12:00,2014-10-07 19:13:00,96.693,96.707,96.722,96.693,96.722,96.733,96.75,96.721,289
2014-10-07 19:13:00,2014-10-07 19:14:00,96.707,96.749,96.762,96.655,96.733,96.779,96.786,96.687,674
2014-10-07 19:14:00,2014-10-07 19:15:00,96.749,96.754,96.764,96.725,96.779,96.783,96.787,96.753,513
2014-10-07 19:15:00,2014-10-07 19:16:00,96.754,96.74,96.754,96.705,96.783,96.774,96.782,96.73,286
2014-10-07 19:16:00,2014-10-07 19:17:00,96.74,96.701,96.755,96.691,96.774,96.725,96.785,96.715,430
2014-10-07 19:17:00,2014-10-07 19:18:00,96.701,96.63,96.707,96.602,96.725,96.657,96.737,96.628,706
2014-10-07 19:18:00,2014-10-07 19:19:00,96.63,96.626,96.657,96.62,96.657,96.656,96.685,96.645,519
2014-10-07 19:19:00,2014-10-07 19:20:00,96.626,96.639,96.65,96.623,96.656,96.664,96.679,96.651,269
2014-10-07 19:20:00,2014-10-07 19:21:00,96.639,96.668,96.676,96.617,96.664,96.696,96.706,96.645,509
2014-10-07 19:21:00,2014-10-07 19:22:00,96.668,96.648,96.67,96.64,96.696,96.675,96.697,96.667,514
2014-10-07 19:22:00,2014-10-07 19:23:00,96.648,96.647,96.658,96.632,96.675,96.676,96.686,96.658,314
2014-10-07 19:23:00,2014-10-07 19:24:00,96.647,96.668,96.676,96.64,96.676,96.697,96.705,96.668,255
2014-10-07 19:24:00,2014-10-07 19:25:00,96.668,96.649,96.673,96.649,96.697,96.678,96.701,96.677,268
2014-10-07 19:25:00,2014-10-07 19:26:00,96.649,96.678,96.681,96.633,96.678,96.708,96.709,96.662,311
2014-10-07 19:26:00,2014-10-07 19:27:00,96.678,96.676,96.695,96.671,96.708,96.704,96.724,96.7,230
2014-10-07 19:27:00,2014-10-07 19:28:00,96.676,96.675,96.689,96.663,96.704,96.701,96.719,96.688,180
2014-10-07 19:28:00,2014-10-07 19:29:00,96.675,96.653,96.693,96.645,96.701,96.682,96.716,96.673,275
2014-10-07 19:29:00,2014-10-07 19:30:00,96.653,96.688,96.688,96.652,96.682,96.716,96.716,96.68,202
2014-10-07 19:30:00,2014-10-07 19:31:00,96.688,96.714,96.72,96.688,96.716,96.743,96.747,96.717,142
2014-10-07 19:31:00,2014-10-07 19:32:00,96.714,96.686,96.716,96.676,96.743,96.712,96.744,96.703,160
2014-10-07 19:32:00,2014-10-07 19:33:00,96.686,96.692,96.704,96.684,96.712,96.72,96.729,96.712,182
2014-10-07 19:33:00,2014-10-07 19:34:00,96.692,96.712,96.718,96.693,96.72,96.736,96.742,96.72,180
2014-10-07 19:34:00,2014-10-07 19:35:00,96.712,96.685,96.719,96.685,96.736,96.71,96.744,96.71,245
2014-10-07 19:35:00,2014-10-07 19:36:00,96.685,96.676,96.699,96.674,96.71,96.705,96.724,96.7,169
2014-10-07 19:36:00,2014-10-07 19:37:00,96.676,96.656,96.68,96.65,96.705,96.685,96.708,96.677,290
2014-10-07 19:37:00,2014-10-07 19:38:00,96.656,96.658,96.682,96.647,96.685,96.684,96.711,96.675,253
2014-10-07 19:38:00,2014-10-07 19:39:00,96.658,96.645,96.673,96.638,96.684,96.673,96.702,96.666,249
2014-10-07 19:39:00,2014-10-07 19:40:00,96.645,96.671,96.675,96.64,96.673,96.701,96.703,96.669,178
2014-10-07 19:40:00,2014-10-07 19:41:00,96.671,96.671,96.695,96.671,96.701,96.697,96.719,96.696,173
2014-10-07 19:41:00,2014-10-07 19:42:00,96.671,96.675,96.682,96.667,96.697,96.698,96.707,96.69,132
2014-10-07 19:42:00,2014-10-07 19:43:00,96.675,96.679,96.683,96.663,96.698,96.703,96.709,96.688,183
2014-10-07 19:43:00,2014-10-07 19:44:00,96.679,96.658,96.679,96.658,96.703,96.684,96.704,96.682,148
2014-10-07 19:44:00,2014-10-07 19:45:00,96.658,96.658,96.664,96.645,96.684,96.685,96.692,96.672,162
2014-10-07 19:45:00,2014-10-07 19:46:00,96.658,96.677,96.685,96.657,96.685,96.705,96.713,96.684,98
2014-10-07 19:46:00,2014-10-07 19:47:00,96.677,96.678,96.686,96.677,96.705,96.706,96.713,96.705,62
2014-10-07 19:47:00,2014-10-07 19:48:00,96.678,96.675,96.681,96.673,96.706,96.702,96.708,96.701,77
2014-10-07 19:48:00,2014-10-07 19:49:00,96.675,96.672,96.676,96.664,96.702,96.698,96.703,96.692,110
2014-10-07 19:49:00,2014-10-07 19:50:00,96.672,96.658,96.672,96.658,96.698,96.686,96.699,96.681,162
2014-10-07 19:50:00,2014-10-07 19:51:00,96.658,96.668,96.677,96.654,96.686,96.696,96.704,96.68,187
2014-10-07 19:51:00,2014-10-07 19:52:00,96.668,96.684,96.688,96.669,96.696,96.712,96.716,96.697,204
2014-10-07 19:52:00,2014-10-07 19:53:00,96.684,96.675,96.716,96.668,96.712,96.703,96.744,96.697,407
2014-10-07 19:53:00,2014-10-07 19:54:00,96.675,96.676,96.695,96.666,96.703,96.703,96.722,96.692,233
2014-10-07 19:54:00,2014-10-07 19:55:00,96.676,96.667,96.675,96.657,96.703,96.694,96.703,96.685,91
2014-10-07 19:55:00,2014-10-07 19:56:00,96.667,96.675,96.675,96.646,96.694,96.703,96.703,96.674,206
2014-10-07 19:56:00,2014-10-07 19:57:00,96.675,96.686,96.695,96.671,96.703,96.716,96.723,96.698,223
2014-10-07 19:57:00,2014-10-07 19:58:00,96.686,96.704,96.708,96.683,96.716,96.732,96.735,96.707,270
2014-10-07 19:58:00,2014-10-07 19:59:00,96.704,96.7,96.706,96.689,96.732,96.726,96.733,96.717,175
2014-10-07 19:59:00,2014-10-07 20:00:00,96.7,96.696,96.701,96.688,96.726,96.725,96.727,96.714,119
2014-10-07 20:00:00,2014-10-07 20:01:00,96.696,96.674,96.697,96.671,96.725,96.703,96.726,96.699,106
2014-10-07 20:01:00,2014-10-07 20:02:00,96.674,96.67,96.682,96.669,96.703,96.697,96.708,96.693,96
2014-10-07 20:02:00,2014-10-07 20:03:00,96.67,96.65,96.669,96.646,96.697,96.676,96.697,96.672,71
2014-10-07 20:03:00,2014-10-07 20:04:00,96.65,96.662,96.671,96.645,96.676,96.691,96.694,96.673,116
2014-10-07 20:04:00,2014-10-07 20:05:00,96.662,96.637,96.668,96.632,96.691,96.656,96.697,96.648,127
2014-10-07 20:05:00,2014-10-07 20:06:00,96.637,96.645,96.649,96.636,96.656,96.672,96.673,96.656,40
2014-10-07 20:06:00,2014-10-07 20:07:00,96.645,96.656,96.657,96.644,96.672,96.683,96.685,96.673,77
2014-10-07 20:07:00,2014-10-07 20:08:00,96.656,96.646,96.656,96.644,96.683,96.674,96.685,96.672,38
2014-10-07 20:08:00,2014-10-07 20:09:00,96.646,96.627,96.646,96.627,96.674,96.655,96.675,96.655,61
2014-10-07 20:09:00,2014-10-07 20:10:00,96.627,96.625,96.635,96.624,96.655,96.653,96.662,96.652,86
2014-10-07 20:10:00,2014-10-07 20:11:00,96.625,96.627,96.634,96.625,96.653,96.654,96.661,96.653,57
2014-10-07 20:11:00,2014-10-07 20:12:00,96.627,96.631,96.632,96.628,96.654,96.659,96.659,96.654,12
2014-10-07 20:12:00,2014-10-07 20:13:00,96.631,96.632,96.632,96.627,96.659,96.658,96.659,96.654,21
2014-10-07 20:13:00,2014-10-07 20:14:00,96.632,96.633,96.644,96.625,96.658,96.661,96.672,96.653,77
2014-10-07 20:14:00,2014-10-07 20:15:00,96.633,96.642,96.645,96.634,96.661,96.671,96.672,96.661,56
2014-10-07 20:15:00,2014-10-07 20:16:00,96.642,96.661,96.661,96.64,96.671,96.689,96.689,96.667,77
2014-10-07 20:16:00,2014-10-07 20:17:00,96.661,96.683,96.683,96.661,96.689,96.712,96.712,96.69,75
2014-10-07 20:17:00,2014-10-07 20:18:00,96.683,96.686,96.686,96.683,96.712,96.714,96.714,96.71,10
2014-10-07 20:18:00,2014-10-07 20:19:00,96.686,96.692,96.695,96.686,96.714,96.72,96.722,96.715,33
2014-10-07 20:19:00,2014-10-07 20:20:00,96.692,96.688,96.692,96.688,96.72,96.716,96.72,96.712,49
2014-10-07 20:20:00,2014-10-07 20:21:00,96.688,96.688,96.694,96.685,96.716,96.715,96.721,96.714,62
2014-10-07 20:21:00,2014-10-07 20:22:00,96.688,96.694,96.698,96.688,96.715,96.722,96.723,96.716,34
2014-10-07 20:22:00,2014-10-07 20:23:00,96.694,96.696,96.696,96.693,96.722,96.722,96.724,96.72,11
2014-10-07 20:23:00,2014-10-07 20:24:00,96.696,96.711,96.72,96.696,96.722,96.739,96.745,96.721,116
2014-10-07 20:24:00,2014-10-07 20:25:00,96.711,96.704,96.715,96.699,96.739,96.733,96.744,96.727,62
2014-10-07 20:25:00,2014-10-07 20:26:00,96.704,96.701,96.707,96.699,96.733,96.73,96.734,96.727,30
2014-10-07 20:26:00,2014-10-07 20:27:00,96.701,96.695,96.701,96.695,96.73,96.724,96.727,96.724,17
2014-10-07 20:27:00,2014-10-07 20:28:00,96.695,96.696,96.696,96.692,96.724,96.725,96.725,96.72,17
2014-10-07 20:28:00,2014-10-07 20:29:00,96.696,96.691,96.698,96.688,96.725,96.716,96.726,96.714,78
2014-10-07 20:29:00,2014-10-07 20:30:00,96.691,96.69,96.693,96.687,96.716,96.716,96.719,96.713,42
2014-10-07 20:30:00,2014-10-07 20:31:00,96.69,96.713,96.716,96.69,96.716,96.738,96.742,96.717,54
2014-10-07 20:31:00,2014-10-07 20:32:00,96.713,96.721,96.733,96.714,96.738,96.75,96.761,96.738,75
2014-10-07 20:32:00,2014-10-07 20:33:00,96.721,96.723,96.726,96.7,96.75,96.749,96.752,96.727,118
2014-10-07 20:33:00,2014-10-07 20:34:00,96.723,96.736,96.736,96.723,96.749,96.765,96.766,96.751,58
2014-10-07 20:34:00,2014-10-07 20:35:00,96.736,96.726,96.737,96.718,96.765,96.753,96.765,96.747,79
2014-10-07 20:35:00,2014-10-07 20:36:00,96.726,96.715,96.726,96.711,96.753,96.742,96.752,96.735,104
2014-10-07 20:36:00,2014-10-07 20:37:00,96.715,96.697,96.716,96.693,96.742,96.727,96.743,96.717,77
2014-10-07 20:37:00,2014-10-07 20:38:00,96.697,96.674,96.696,96.674,96.727,96.703,96.727,96.703,47
2014-10-07 20:38:00,2014-10-07 20:39:00,96.674,96.662,96.673,96.661,96.703,96.687,96.703,96.687,69
2014-10-07 20:39:00,2014-10-07 20:40:00,96.662,96.657,96.663,96.657,96.687,96.684,96.691,96.683,65
2014-10-07 20:40:00,2014-10-07 20:41:00,96.657,96.646,96.658,96.646,96.684,96.678,96.686,96.677,102
2014-10-07 20:41:00,2014-10-07 20:42:00,96.646,96.628,96.648,96.625,96.678,96.657,96.678,96.653,76
2014-10-07 20:42:00,2014-10-07 20:43:00,96.628,96.629,96.632,96.628,96.657,96.659,96.66,96.657,14
2014-10-07 20:43:00,2014-10-07 20:44:00,96.629,96.628,96.631,96.627,96.659,96.655,96.659,96.652,23
2014-10-07 20:44:00,2014-10-07 20:45:00,96.628,96.645,96.655,96.622,96.655,96.671,96.676,96.652,123
2014-10-07 20:45:00,2014-10-07 20:46:00,96.645,96.623,96.647,96.62,96.671,96.651,96.673,96.651,76
2014-10-07 20:46:00,2014-10-07 20:47:00,96.623,96.628,96.635,96.611,96.651,96.652,96.657,96.639,69
2014-10-07 20:47:00,2014-10-07 20:48:00,96.628,96.618,96.635,96.618,96.652,96.647,96.659,96.645,65
2014-10-07 20:48:00,2014-10-07 20:49:00,96.618,96.638,96.638,96.616,96.647,96.659,96.66,96.643,71
2014-10-07 20:49:00,2014-10-07 20:50:00,96.638,96.636,96.647,96.631,96.659,96.661,96.668,96.658,66
2014-10-07 20:50:00,2014-10-07 20:51:00,96.636,96.648,96.648,96.636,96.661,96.675,96.675,96.662,71
2014-10-07 20:51:00,2014-10-07 20:52:00,96.648,96.64,96.662,96.634,96.675,96.672,96.686,96.662,90
2014-10-07 20:52:00,2014-10-07 20:53:00,96.64,96.645,96.645,96.639,96.672,96.676,96.676,96.667,45
2014-10-07 20:53:00,2014-10-07 20:54:00,96.645,96.66,96.666,96.643,96.676,96.69,96.694,96.669,108
2014-10-07 20:54:00,2014-10-07 20:55:00,96.66,96.664,96.678,96.648,96.69,96.694,96.71,96.677,166
2014-10-07 20:55:00,2014-10-07 20:56:00,96.664,96.665,96.681,96.665,96.694,96.697,96.709,96.694,188
2014-10-07 20:56:00,2014-10-07 20:57:00,96.665,96.663,96.693,96.663,96.697,96.699,96.723,96.697,110
2014-10-07 20:57:00,2014-10-07 20:58:00,96.663,96.667,96.695,96.66,96.699,96.71,96.741,96.699,102
2014-10-07 20:58:00,2014-10-07 20:59:00,96.667,96.645,96.665,96.645,96.71,96.699,96.714,96.694,19
2014-10-07 20:59:00,2014-10-07 21:00:00,96.645,96.645,96.655,96.63,96.699,96.689,96.694,96.684,22
2014-10-07 21:00:00,2014-10-07 21:01:00,96.645,96.645,96.645,96.645,96.689,96.679,96.686,96.679,3
2014-10-07 21:01:00,2014-10-07 21:02:00,96.645,96.637,96.64,96.637,96.679,96.679,96.684,96.674,5
2014-10-07 21:02:00,2014-10-07 21:03:00,96.637,96.655,96.66,96.635,96.679,96.69,96.69,96.674,24
2014-10-07 21:03:00,2014-10-07 21:04:00,96.655,96.672,96.678,96.66,96.69,96.704,96.721,96.69,56
2014-10-07 21:04:00,2014-10-07 21:05:00,96.672,96.653,96.673,96.646,96.704,96.687,96.706,96.677,42
2014-10-07 21:05:00,2014-10-07 21:06:00,96.653,96.681,96.682,96.653,96.687,96.715,96.715,96.681,79
2014-10-07 21:06:00,2014-10-07 21:07:00,96.681,96.686,96.704,96.668,96.715,96.723,96.741,96.705,174
2014-10-07 21:07:00,2014-10-07 21:08:00,96.686,96.726,96.73,96.663,96.723,96.757,96.757,96.7,137
2014-10-07 21:08:00,2014-10-07 21:09:00,96.726,96.772,96.828,96.713,96.757,96.817,96.879,96.751,281
2014-10-07 21:09:00,2014-10-07 21:10:00,96.772,96.754,96.772,96.734,96.817,96.792,96.814,96.778,190
2014-10-07 21:10:00,2014-10-07 21:11:00,96.754,96.776,96.78,96.741,96.792,96.804,96.814,96.778,123
2014-10-07 21:11:00,2014-10-07 21:12:00,96.776,96.784,96.784,96.761,96.804,96.814,96.821,96.794,65
2014-10-07 21:12:00,2014-10-07 21:13:00,96.784,96.804,96.813,96.746,96.814,96.842,96.843,96.787,224
2014-10-07 21:13:00,2014-10-07 21:14:00,96.804,96.812,96.839,96.8,96.842,96.849,96.872,96.835,107
2014-10-07 21:14:00,2014-10-07 21:15:00,96.812,96.821,96.842,96.8,96.849,96.859,96.88,96.836,168
2014-10-07 21:15:00,2014-10-07 21:16:00,96.821,96.826,96.829,96.82,96.859,96.855,96.864,96.854,45
2014-10-07 21:16:00,2014-10-07 21:17:00,96.826,96.819,96.827,96.818,96.855,96.844,96.853,96.844,46
2014-10-07 21:17:00,2014-10-07 21:18:00,96.819,96.845,96.847,96.816,96.844,96.87,96.874,96.839,58
2014-10-07 21:18:00,2014-10-07 21:19:00,96.845,96.861,96.865,96.845,96.87,96.889,96.89,96.873,48
2014-10-07 21:19:00,2014-10-07 21:20:00,96.861,96.834,96.864,96.834,96.889,96.871,96.897,96.871,27
2014-10-07 21:20:00,2014-10-07 21:21:00,96.834,96.836,96.841,96.834,96.871,96.871,96.875,96.869,21
2014-10-07 21:21:00,2014-10-07 21:22:00,96.836,96.841,96.843,96.835,96.871,96.873,96.878,96.869,18
2014-10-07 21:22:00,2014-10-07 21:23:00,96.841,96.831,96.848,96.83,96.873,96.864,96.88,96.864,23
2014-10-07 21:23:00,2014-10-07 21:24:00,96.831,96.835,96.835,96.828,96.864,96.866,96.869,96.863,14
2014-10-07 21:24:00,2014-10-07 21:25:00,96.835,96.839,96.839,96.835,96.866,96.869,96.869,96.869,3
2014-10-07 21:25:00,2014-10-07 21:26:00,96.839,96.827,96.845,96.824,96.869,96.864,96.884,96.862,39
2014-10-07 21:26:00,2014-10-07 21:27:00,96.827,96.822,96.827,96.817,96.864,96.858,96.863,96.856,24
2014-10-07 21:27:00,2014-10-07 21:28:00,96.822,96.823,96.827,96.82,96.858,96.861,96.861,96.858,11
2014-10-07 21:28:00,2014-10-07 21:29:00,96.823,96.823,96.832,96.821,96.861,96.859,96.865,96.859,21
2014-10-07 21:29:00,2014-10-07 21:30:00,96.823,96.861,96.876,96.825,96.859,96.899,96.905,96.859,93
2014-10-07 21:30:00,2014-10-07 21:31:00,96.861,96.854,96.864,96.853,96.899,96.887,96.899,96.887,20
2014-10-07 21:31:00,2014-10-07 21:32:00,96.854,96.858,96.858,96.845,96.887,96.891,96.893,96.879,25
2014-10-07 21:32:00,2014-10-07 21:33:00,96.858,96.849,96.854,96.846,96.891,96.883,96.891,96.882,13
2014-10-07 21:33:00,2014-10-07 21:34:00,96.849,96.851,96.851,96.849,96.883,96.884,96.884,96.884,2
2014-10-07 21:34:00,2014-10-07 21:35:00,96.851,96.824,96.851,96.824,96.884,96.859,96.883,96.859,55
2014-10-07 21:35:00,2014-10-07 21:36:00,96.824,96.822,96.825,96.822,96.859,96.855,96.861,96.855,6
2014-10-07 21:36:00,2014-10-07 21:37:00,96.822,96.82,96.822,96.817,96.855,96.853,96.854,96.85,7
2014-10-07 21:37:00,2014-10-07 21:38:00,96.82,96.83,96.838,96.817,96.853,96.865,96.872,96.852,37
2014-10-07 21:38:00,2014-10-07 21:39:00,96.83,96.828,96.834,96.825,96.865,96.862,96.868,96.859,28
2014-10-07 21:39:00,2014-10-07 21:40:00,96.828,96.834,96.834,96.83,96.862,96.868,96.868,96.862,9
2014-10-07 21:40:00,2014-10-07 21:41:00,96.834,96.818,96.836,96.818,96.868,96.852,96.87,96.852,21
2014-10-07 21:41:00,2014-10-07 21:42:00,96.818,96.821,96.822,96.818,96.852,96.856,96.856,96.852,10
2014-10-07 21:42:00,2014-10-07 21:43:00,96.821,96.824,96.824,96.817,96.856,96.854,96.854,96.849,12
2014-10-07 21:43:00,2014-10-07 21:44:00,96.824,96.819,96.824,96.811,96.854,96.854,96.854,96.842,33
2014-10-07 21:44:00,2014-10-07 21:45:00,96.819,96.826,96.833,96.82,96.854,96.86,96.864,96.854,44
2014-10-07 21:45:00,2014-10-07 21:46:00,96.826,96.821,96.829,96.821,96.86,96.856,96.864,96.854,17
2014-10-07 21:46:00,2014-10-07 21:47:00,96.821,96.823,96.827,96.823,96.856,96.857,96.861,96.856,13
2014-10-07 21:47:00,2014-10-07 21:48:00,96.823,96.83,96.83,96.825,96.857,96.86,96.86,96.857,5
2014-10-07 21:48:00,2014-10-07 21:49:00,96.83,96.827,96.834,96.826,96.86,96.86,96.868,96.859,33
2014-10-07 21:49:00,2014-10-07 21:50:00,96.827,96.829,96.829,96.828,96.86,96.863,96.863,96.86,4
2014-10-07 21:50:00,2014-10-07 21:51:00,96.829,96.834,96.837,96.827,96.863,96.864,96.869,96.859,41
2014-10-07 21:51:00,2014-10-07 21:52:00,96.834,96.828,96.835,96.823,96.864,96.861,96.867,96.856,55
2014-10-07 21:52:00,2014-10-07 21:53:00,96.828,96.877,96.885,96.83,96.861,96.909,96.91,96.861,224
2014-10-07 21:53:00,2014-10-07 21:54:00,96.877,96.87,96.894,96.853,96.909,96.901,96.925,96.887,244
2014-10-07 21:54:00,2014-10-07 21:55:00,96.87,96.888,96.888,96.866,96.901,96.917,96.919,96.898,76
2014-10-07 21:55:00,2014-10-07 21:56:00,96.888,96.888,96.889,96.885,96.917,96.922,96.922,96.91,28
2014-10-07 21:56:00,2014-10-07 21:57:00,96.888,96.871,96.89,96.866,96.922,96.904,96.922,96.894,146
2014-10-07 21:57:00,2014-10-07 21:58:00,96.871,96.847,96.884,96.845,96.904,96.88,96.904,96.88,185
2014-10-07 21:58:00,2014-10-07 21:59:00,96.847,96.865,96.872,96.849,96.88,96.896,96.905,96.88,86
2014-10-07 21:59:00,2014-10-07 22:00:00,96.865,96.821,96.864,96.816,96.896,96.856,96.896,96.848,207
2014-10-07 22:00:00,2014-10-07 22:01:00,96.821,96.814,96.821,96.811,96.856,96.851,96.855,96.845,77
2014-10-07 22:01:00,2014-10-07 22:02:00,96.814,96.829,96.839,96.809,96.851,96.866,96.868,96.843,129
2014-10-07 22:02:00,2014-10-07 22:03:00,96.829,96.825,96.832,96.821,96.866,96.863,96.869,96.855,120
2014-10-07 22:03:00,2014-10-07 22:04:00,96.825,96.857,96.857,96.825,96.863,96.889,96.889,96.859,56
2014-10-07 22:04:00,2014-10-07 22:05:00,96.857,96.868,96.874,96.857,96.889,96.903,96.91,96.89,51
2014-10-07 22:05:00,2014-10-07 22:06:00,96.868,96.897,96.914,96.87,96.903,96.93,96.949,96.903,58
2014-10-07 22:06:00,2014-10-07 22:07:00,96.897,96.87,96.902,96.861,96.93,96.904,96.933,96.897,136
2014-10-07 22:07:00,2014-10-07 22:08:00,96.87,96.84,96.876,96.84,96.904,96.874,96.905,96.874,121
2014-10-07 22:08:00,2014-10-07 22:09:00,96.84,96.828,96.851,96.828,96.874,96.864,96.875,96.864,33
2014-10-07 22:09:00,2014-10-07 22:10:00,96.828,96.853,96.853,96.828,96.864,96.889,96.889,96.864,35
2014-10-07 22:10:00,2014-10-07 22:11:00,96.853,96.844,96.853,96.837,96.889,96.882,96.888,96.873,47
2014-10-07 22:11:00,2014-10-07 22:12:00,96.844,96.859,96.86,96.844,96.882,96.894,96.897,96.88,34
2014-10-07 22:12:00,2014-10-07 22:13:00,96.859,96.845,96.858,96.841,96.894,96.88,96.894,96.877,34
2014-10-07 22:13:00,2014-10-07 22:14:00,96.845,96.85,96.85,96.838,96.88,96.883,96.883,96.872,42
2014-10-07 22:14:00,2014-10-07 22:15:00,96.85,96.86,96.869,96.85,96.883,96.895,96.905,96.883,41
2014-10-07 22:15:00,2014-10-07 22:16:00,96.86,96.849,96.861,96.849,96.895,96.885,96.895,96.885,29
2014-10-07 22:16:00,2014-10-07 22:17:00,96.849,96.87,96.87,96.85,96.885,96.903,96.904,96.885,40
2014-10-07 22:17:00,2014-10-07 22:18:00,96.87,96.877,96.883,96.869,96.903,96.905,96.914,96.899,63
2014-10-07 22:18:00,2014-10-07 22:19:00,96.877,96.855,96.885,96.855,96.905,96.891,96.914,96.891,65
2014-10-07 22:19:00,2014-10-07 22:20:00,96.855,96.854,96.856,96.848,96.891,96.89,96.892,96.883,16
2014-10-07 22:20:00,2014-10-07 22:21:00,96.854,96.842,96.854,96.842,96.89,96.874,96.889,96.874,57
2014-10-07 22:21:00,2014-10-07 22:22:00,96.842,96.842,96.848,96.838,96.874,96.872,96.882,96.871,33
2014-10-07 22:22:00,2014-10-07 22:23:00,96.842,96.815,96.84,96.809,96.872,96.847,96.872,96.84,61
2014-10-07 22:23:00,2014-10-07 22:24:00,96.815,96.815,96.816,96.811,96.847,96.848,96.848,96.843,19
2014-10-07 22:24:00,2014-10-07 22:25:00,96.815,96.809,96.821,96.808,96.848,96.845,96.856,96.841,32
2014-10-07 22:25:00,2014-10-07 22:26:00,96.809,96.809,96.81,96.805,96.845,96.842,96.845,96.839,23
2014-10-07 22:26:00,2014-10-07 22:27:00,96.809,96.812,96.812,96.805,96.842,96.844,96.844,96.838,40
2014-10-07 22:27:00,2014-10-07 22:28:00,96.812,96.807,96.814,96.804,96.844,96.842,96.848,96.84,42
2014-10-07 22:28:00,2014-10-07 22:29:00,96.807,96.802,96.811,96.799,96.842,96.836,96.843,96.834,38
2014-10-07 22:29:00,2014-10-07 22:30:00,96.802,96.796,96.802,96.793,96.836,96.829,96.838,96.826,22
2014-10-07 22:30:00,2014-10-07 22:31:00,96.796,96.792,96.798,96.79,96.829,96.825,96.83,96.819,59
2014-10-07 22:31:00,2014-10-07 22:32:00,96.792,96.782,96.792,96.782,96.825,96.814,96.826,96.813,36
2014-10-07 22:32:00,2014-10-07 22:33:00,96.782,96.79,96.79,96.781,96.814,96.817,96.82,96.813,38
2014-10-07 22:33:00,2014-10-07 22:34:00,96.79,96.775,96.788,96.775,96.817,96.808,96.817,96.807,38
2014-10-07 22:34:00,2014-10-07 22:35:00,96.775,96.775,96.777,96.771,96.808,96.806,96.81,96.801,63
2014-10-07 22:35:00,2014-10-07 22:36:00,96.775,96.773,96.775,96.772,96.806,96.806,96.807,96.804,19
2014-10-07 22:36:00,2014-10-07 22:37:00,96.773,96.776,96.776,96.772,96.806,96.807,96.807,96.801,42
2014-10-07 22:37:00,2014-10-07 22:38:00,96.776,96.771,96.776,96.77,96.807,96.806,96.809,96.803,25
2014-10-07 22:38:00,2014-10-07 22:39:00,96.771,96.775,96.776,96.771,96.806,96.807,96.807,96.804,11
2014-10-07 22:39:00,2014-10-07 22:40:00,96.775,96.754,96.775,96.754,96.807,96.783,96.805,96.78,54
2014-10-07 22:40:00,2014-10-07 22:41:00,96.754,96.765,96.766,96.754,96.783,96.794,96.795,96.781,87
2014-10-07 22:41:00,2014-10-07 22:42:00,96.765,96.774,96.775,96.762,96.794,96.805,96.807,96.792,46
2014-10-07 22:42:00,2014-10-07 22:43:00,96.774,96.778,96.786,96.774,96.805,96.813,96.819,96.805,32
2014-10-07 22:43:00,2014-10-07 22:44:00,96.778,96.776,96.783,96.773,96.813,96.808,96.817,96.808,35
2014-10-07 22:44:00,2014-10-07 22:45:00,96.776,96.768,96.777,96.768,96.808,96.801,96.809,96.799,34
2014-10-07 22:45:00,2014-10-07 22:46:00,96.768,96.77,96.771,96.765,96.801,96.802,96.805,96.794,57
2014-10-07 22:46:00,2014-10-07 22:47:00,96.77,96.773,96.776,96.768,96.802,96.806,96.808,96.797,28
2014-10-07 22:47:00,2014-10-07 22:48:00,96.773,96.79,96.791,96.772,96.806,96.825,96.825,96.804,24
2014-10-07 22:48:00,2014-10-07 22:49:00,96.79,96.798,96.798,96.79,96.825,96.83,96.833,96.824,20
2014-10-07 22:49:00,2014-10-07 22:50:00,96.798,96.814,96.828,96.799,96.83,96.848,96.86,96.83,79
2014-10-07 22:50:00,2014-10-07 22:51:00,96.814,96.816,96.817,96.816,96.848,96.848,96.851,96.848,8
2014-10-07 22:51:00,2014-10-07 22:52:00,96.816,96.821,96.822,96.816,96.848,96.853,96.856,96.847,18
2014-10-07 22:52:00,2014-10-07 22:53:00,96.821,96.824,96.826,96.821,96.853,96.858,96.858,96.856,9
2014-10-07 22:53:00,2014-10-07 22:54:00,96.824,96.82,96.824,96.816,96.858,96.852,96.857,96.849,25
2014-10-07 22:54:00,2014-10-07 22:55:00,96.82,96.803,96.819,96.8,96.852,96.836,96.852,96.831,34
2014-10-07 22:55:00,2014-10-07 22:56:00,96.803,96.803,96.807,96.803,96.836,96.836,96.839,96.836,20
2014-10-07 22:56:00,2014-10-07 22:57:00,96.803,96.8,96.805,96.799,96.836,96.831,96.838,96.829,57
2014-10-07 22:57:00,2014-10-07 22:58:00,96.8,96.793,96.801,96.792,96.831,96.826,96.834,96.823,20
2014-10-07 22:58:00,2014-10-07 22:59:00,96.793,96.784,96.793,96.784,96.826,96.817,96.825,96.814,26
2014-10-07 22:59:00,2014-10-07 23:00:00,96.784,96.771,96.784,96.771,96.817,96.802,96.815,96.802,66
2014-10-07 23:00:00,2014-10-07 23:01:00,96.771,96.762,96.774,96.76,96.802,96.794,96.805,96.791,53
2014-10-07 23:01:00,2014-10-07 23:02:00,96.762,96.781,96.787,96.765,96.794,96.812,96.822,96.794,133
2014-10-07 23:02:00,2014-10-07 23:03:00,96.781,96.787,96.793,96.78,96.812,96.821,96.823,96.812,61
2014-10-07 23:03:00,2014-10-07 23:04:00,96.787,96.776,96.789,96.775,96.821,96.809,96.824,96.809,41
2014-10-07 23:04:00,2014-10-07 23:05:00,96.776,96.764,96.775,96.745,96.809,96.796,96.809,96.775,159
2014-10-07 23:05:00,2014-10-07 23:06:00,96.764,96.754,96.764,96.75,96.796,96.786,96.797,96.785,25
2014-10-07 23:06:00,2014-10-07 23:07:00,96.754,96.752,96.755,96.751,96.786,96.783,96.787,96.778,27
2014-10-07 23:07:00,2014-10-07 23:08:00,96.752,96.742,96.753,96.74,96.783,96.77,96.784,96.77,47
2014-10-07 23:08:00,2014-10-07 23:09:00,96.742,96.765,96.767,96.743,96.77,96.797,96.798,96.77,68
2014-10-07 23:09:00,2014-10-07 23:10:00,96.765,96.779,96.783,96.764,96.797,96.808,96.816,96.797,90
2014-10-07 23:10:00,2014-10-07 23:11:00,96.779,96.776,96.788,96.772,96.808,96.805,96.817,96.802,92
2014-10-07 23:11:00,2014-10-07 23:12:00,96.776,96.765,96.782,96.763,96.805,96.794,96.813,96.792,48
2014-10-07 23:12:00,2014-10-07 23:13:00,96.765,96.755,96.765,96.751,96.794,96.789,96.793,96.78,59
2014-10-07 23:13:00,2014-10-07 23:14:00,96.755,96.734,96.758,96.73,96.789,96.766,96.79,96.765,143
2014-10-07 23:14:00,2014-10-07 23:15:00,96.734,96.73,96.738,96.72,96.766,96.758,96.769,96.746,128
2014-10-07 23:15:00,2014-10-07 23:16:00,96.73,96.719,96.739,96.711,96.758,96.746,96.768,96.738,173
2014-10-07 23:16:00,2014-10-07 23:17:00,96.719,96.722,96.735,96.716,96.746,96.747,96.762,96.744,146
2014-10-07 23:17:00,2014-10-07 23:18:00,96.722,96.713,96.724,96.703,96.747,96.742,96.751,96.73,142
2014-10-07 23:18:00,2014-10-07 23:19:00,96.713,96.724,96.725,96.714,96.742,96.752,96.753,96.74,82
2014-10-07 23:19:00,2014-10-07 23:20:00,96.724,96.74,96.748,96.723,96.752,96.769,96.774,96.749,75
2014-10-07 23:20:00,2014-10-07 23:21:00,96.74,96.735,96.742,96.73,96.769,96.762,96.771,96.753,81
2014-10-07 23:21:00,2014-10-07 23:22:00,96.735,96.731,96.734,96.716,96.762,96.758,96.762,96.744,76
2014-10-07 23:22:00,2014-10-07 23:23:00,96.731,96.739,96.747,96.731,96.758,96.769,96.776,96.755,136
2014-10-07 23:23:00,2014-10-07 23:24:00,96.739,96.724,96.747,96.721,96.769,96.754,96.776,96.75,184
2014-10-07 23:24:00,2014-10-07 23:25:00,96.724,96.713,96.736,96.713,96.754,96.742,96.765,96.741,135
2014-10-07 23:25:00,2014-10-07 23:26:00,96.713,96.709,96.714,96.674,96.742,96.741,96.743,96.702,236
2014-10-07 23:26:00,2014-10-07 23:27:00,96.709,96.713,96.717,96.708,96.741,96.741,96.746,96.736,56
2014-10-07 23:27:00,2014-10-07 23:28:00,96.713,96.649,96.711,96.62,96.741,96.68,96.741,96.65,387
2014-10-07 23:28:00,2014-10-07 23:29:00,96.649,96.678,96.681,96.638,96.68,96.704,96.708,96.667,281
2014-10-07 23:29:00,2014-10-07 23:30:00,96.678,96.698,96.711,96.676,96.704,96.726,96.736,96.699,244
2014-10-07 23:30:00,2014-10-07 23:31:00,96.698,96.718,96.731,96.697,96.726,96.744,96.754,96.725,187
2014-10-07 23:31:00,2014-10-07 23:32:00,96.718,96.714,96.723,96.709,96.744,96.738,96.747,96.73,79
2014-10-07 23:32:00,2014-10-07 23:33:00,96.714,96.728,96.733,96.714,96.738,96.753,96.757,96.737,85
2014-10-07 23:33:00,2014-10-07 23:34:00,96.728,96.715,96.73,96.71,96.753,96.741,96.753,96.734,150
2014-10-07 23:34:00,2014-10-07 23:35:00,96.715,96.733,96.739,96.716,96.741,96.761,96.765,96.741,116
2014-10-07 23:35:00,2014-10-07 23:36:00,96.733,96.739,96.745,96.73,96.761,96.765,96.772,96.758,141
2014-10-07 23:36:00,2014-10-07 23:37:00,96.739,96.724,96.737,96.723,96.765,96.751,96.765,96.751,63
2014-10-07 23:37:00,2014-10-07 23:38:00,96.724,96.723,96.738,96.714,96.751,96.749,96.759,96.737,136
2014-10-07 23:38:00,2014-10-07 23:39:00,96.723,96.713,96.722,96.702,96.749,96.743,96.749,96.728,101
2014-10-07 23:39:00,2014-10-07 23:40:00,96.713,96.721,96.724,96.709,96.743,96.75,96.754,96.737,82
2014-10-07 23:40:00,2014-10-07 23:41:00,96.721,96.751,96.755,96.72,96.75,96.781,96.781,96.748,147
2014-10-07 23:41:00,2014-10-07 23:42:00,96.751,96.76,96.763,96.748,96.781,96.788,96.79,96.776,132
2014-10-07 23:42:00,2014-10-07 23:43:00,96.76,96.809,96.81,96.76,96.788,96.842,96.842,96.789,257
2014-10-07 23:43:00,2014-10-07 23:44:00,96.809,96.767,96.808,96.764,96.842,96.798,96.842,96.792,258
2014-10-07 23:44:00,2014-10-07 23:45:00,96.767,96.776,96.781,96.762,96.798,96.807,96.811,96.792,70
2014-10-07 23:45:00,2014-10-07 23:46:00,96.776,96.755,96.776,96.755,96.807,96.785,96.805,96.785,64
2014-10-07 23:46:00,2014-10-07 23:47:00,96.755,96.768,96.776,96.749,96.785,96.798,96.806,96.777,123
2014-10-07 23:47:00,2014-10-07 23:48:00,96.768,96.805,96.818,96.769,96.798,96.836,96.847,96.798,148
2014-10-07 23:48:00,2014-10-07 23:49:00,96.805,96.808,96.819,96.785,96.836,96.835,96.838,96.813,124
2014-10-07 23:49:00,2014-10-07 23:50:00,96.808,96.778,96.81,96.766,96.835,96.807,96.835,96.796,167
2014-10-07 23:50:00,2014-10-07 23:51:00,96.778,96.795,96.805,96.768,96.807,96.825,96.832,96.798,186
2014-10-07 23:51:00,2014-10-07 23:52:00,96.795,96.809,96.828,96.791,96.825,96.838,96.848,96.822,152
2014-10-07 23:52:00,2014-10-07 23:53:00,96.809,96.787,96.812,96.78,96.838,96.817,96.842,96.798,159
2014-10-07 23:53:00,2014-10-07 23:54:00,96.787,96.806,96.806,96.785,96.817,96.835,96.836,96.815,62
2014-10-07 23:54:00,2014-10-07 23:55:00,96.806,96.802,96.806,96.8,96.835,96.83,96.836,96.828,71
2014-10-07 23:55:00,2014-10-07 23:56:00,96.802,96.807,96.807,96.792,96.83,96.835,96.835,96.821,113
2014-10-07 23:56:00,2014-10-07 23:57:00,96.807,96.824,96.835,96.808,96.835,96.854,96.864,96.835,172
2014-10-07 23:57:00,2014-10-07 23:58:00,96.824,96.826,96.833,96.817,96.854,96.856,96.861,96.847,115
2014-10-07 23:58:00,2014-10-07 23:59:00,96.826,96.812,96.834,96.808,96.856,96.842,96.864,96.836,138
2014-10-07 23:59:00,2014-10-08 00:00:00,96.812,96.805,96.814,96.798,96.842,96.834,96.845,96.825,231
2014-10-08 00:00:00,2014-10-08 00:01:00,96.805,96.815,96.815,96.806,96.834,96.844,96.844,96.834,120
2014-10-08 00:01:00,2014-10-08 00:02:00,96.815,96.839,96.852,96.812,96.844,96.869,96.883,96.838,244
2014-10-08 00:02:00,2014-10-08 00:03:00,96.839,96.823,96.852,96.819,96.869,96.852,96.88,96.848,306
2014-10-08 00:03:00,2014-10-08 00:04:00,96.823,96.839,96.842,96.825,96.852,96.867,96.869,96.852,150
2014-10-08 00:04:00,2014-10-08 00:05:00,96.839,96.81,96.839,96.803,96.867,96.84,96.866,96.832,214
2014-10-08 00:05:00,2014-10-08 00:06:00,96.81,96.797,96.815,96.795,96.84,96.826,96.846,96.825,172
2014-10-08 00:06:00,2014-10-08 00:07:00,96.797,96.823,96.828,96.796,96.826,96.853,96.858,96.824,197
2014-10-08 00:07:00,2014-10-08 00:08:00,96.823,96.847,96.858,96.819,96.853,96.877,96.888,96.849,223
2014-10-08 00:08:00,2014-10-08 00:09:00,96.847,96.842,96.849,96.838,96.877,96.872,96.878,96.867,98
2014-10-08 00:09:00,2014-10-08 00:10:00,96.842,96.872,96.873,96.84,96.872,96.901,96.903,96.868,251
2014-10-08 00:10:00,2014-10-08 00:11:00,96.872,96.87,96.884,96.867,96.901,96.9,96.913,96.897,242
2014-10-08 00:11:00,2014-10-08 00:12:00,96.87,96.87,96.88,96.858,96.9,96.899,96.909,96.888,196
2014-10-08 00:12:00,2014-10-08 00:13:00,96.87,96.871,96.871,96.86,96.899,96.897,96.9,96.889,88
2014-10-08 00:13:00,2014-10-08 00:14:00,96.871,96.867,96.87,96.857,96.897,96.897,96.899,96.887,198
2014-10-08 00:14:00,2014-10-08 00:15:00,96.867,96.86,96.87,96.856,96.897,96.89,96.899,96.886,170
2014-10-08 00:15:00,2014-10-08 00:16:00,96.86,96.863,96.868,96.859,96.89,96.892,96.897,96.889,50
2014-10-08 00:16:00,2014-10-08 00:17:00,96.863,96.853,96.869,96.852,96.892,96.881,96.898,96.881,231
2014-10-08 00:17:00,2014-10-08 00:18:00,96.853,96.865,96.871,96.852,96.881,96.892,96.899,96.881,180
2014-10-08 00:18:00,2014-10-08 00:19:00,96.865,96.904,96.908,96.865,96.892,96.934,96.935,96.891,220
2014-10-08 00:19:00,2014-10-08 00:20:00,96.904,96.903,96.917,96.894,96.934,96.928,96.948,96.923,218
2014-10-08 00:20:00,2014-10-08 00:21:00,96.903,96.906,96.914,96.899,96.928,96.932,96.942,96.926,136
2014-10-08 00:21:00,2014-10-08 00:22:00,96.906,96.914,96.918,96.902,96.932,96.944,96.948,96.932,120
2014-10-08 00:22:00,2014-10-08 00:23:00,96.914,96.912,96.916,96.886,96.944,96.943,96.947,96.916,179
2014-10-08 00:23:00,2014-10-08 00:24:00,96.912,96.902,96.914,96.9,96.943,96.928,96.944,96.928,283
2014-10-08 00:24:00,2014-10-08 00:25:00,96.902,96.874,96.909,96.874,96.928,96.903,96.939,96.903,189
2014-10-08 00:25:00,2014-10-08 00:26:00,96.874,96.869,96.886,96.867,96.903,96.896,96.913,96.894,256
2014-10-08 00:26:00,2014-10-08 00:27:00,96.869,96.868,96.879,96.866,96.896,96.896,96.909,96.895,159
2014-10-08 00:27:00,2014-10-08 00:28:00,96.868,96.87,96.875,96.866,96.896,96.898,96.9,96.892,108
2014-10-08 00:28:00,2014-10-08 00:29:00,96.87,96.904,96.923,96.871,96.898,96.935,96.95,96.898,303
2014-10-08 00:29:00,2014-10-08 00:30:00,96.904,96.928,96.937,96.894,96.935,96.955,96.965,96.924,340
2014-10-08 00:30:00,2014-10-08 00:31:00,96.928,96.932,96.939,96.924,96.955,96.962,96.968,96.951,231
2014-10-08 00:31:00,2014-10-08 00:32:00,96.932,96.933,96.935,96.921,96.962,96.958,96.965,96.949,144
2014-10-08 00:32:00,2014-10-08 00:33:00,96.933,96.923,96.939,96.912,96.958,96.95,96.967,96.943,251
2014-10-08 00:33:00,2014-10-08 00:34:00,96.923,96.925,96.929,96.916,96.95,96.951,96.958,96.945,101
2014-10-08 00:34:00,2014-10-08 00:35:00,96.925,96.907,96.928,96.904,96.951,96.934,96.955,96.93,168
2014-10-08 00:35:00,2014-10-08 00:36:00,96.907,96.893,96.922,96.886,96.934,96.931,96.952,96.916,242
2014-10-08 00:36:00,2014-10-08 00:37:00,96.893,96.897,96.911,96.892,96.931,96.927,96.945,96.921,106
2014-10-08 00:37:00,2014-10-08 00:38:00,96.897,96.881,96.897,96.876,96.927,96.909,96.926,96.9,147
2014-10-08 00:38:00,2014-10-08 00:39:00,96.881,96.887,96.889,96.877,96.909,96.917,96.919,96.906,70
2014-10-08 00:39:00,2014-10-08 00:40:00,96.887,96.885,96.904,96.885,96.917,96.913,96.932,96.913,165
2014-10-08 00:40:00,2014-10-08 00:41:00,96.885,96.902,96.902,96.88,96.913,96.926,96.931,96.907,100
2014-10-08 00:41:00,2014-10-08 00:42:00,96.902,96.893,96.912,96.893,96.926,96.922,96.939,96.922,118
2014-10-08 00:42:00,2014-10-08 00:43:00,96.893,96.884,96.895,96.884,96.922,96.909,96.922,96.907,102
2014-10-08 00:43:00,2014-10-08 00:44:00,96.884,96.876,96.884,96.86,96.909,96.907,96.913,96.884,126
2014-10-08 00:44:00,2014-10-08 00:45:00,96.876,96.873,96.881,96.862,96.907,96.901,96.907,96.891,183
2014-10-08 00:45:00,2014-10-08 00:46:00,96.873,96.869,96.88,96.863,96.901,96.898,96.91,96.891,159
2014-10-08 00:46:00,2014-10-08 00:47:00,96.869,96.872,96.887,96.858,96.898,96.903,96.917,96.888,165
2014-10-08 00:47:00,2014-10-08 00:48:00,96.872,96.892,96.892,96.875,96.903,96.922,96.922,96.903,78
2014-10-08 00:48:00,2014-10-08 00:49:00,96.892,96.88,96.893,96.872,96.922,96.908,96.924,96.901,142
2014-10-08 00:49:00,2014-10-08 00:50:00,96.88,96.895,96.896,96.875,96.908,96.922,96.922,96.904,138
2014-10-08 00:50:00,2014-10-08 00:51:00,96.895,96.882,96.896,96.874,96.922,96.91,96.922,96.902,110
2014-10-08 00:51:00,2014-10-08 00:52:00,96.882,96.905,96.905,96.864,96.91,96.933,96.933,96.893,348
2014-10-08 00:52:00,2014-10-08 00:53:00,96.905,96.905,96.911,96.877,96.933,96.935,96.941,96.904,252
2014-10-08 00:53:00,2014-10-08 00:54:00,96.905,96.907,96.913,96.901,96.935,96.937,96.942,96.93,158
2014-10-08 00:54:00,2014-10-08 00:55:00,96.907,96.959,96.966,96.903,96.937,96.986,96.993,96.934,361
2014-10-08 00:55:00,2014-10-08 00:56:00,96.959,96.944,96.961,96.939,96.986,96.97,96.986,96.967,193
2014-10-08 00:56:00,2014-10-08 00:57:00,96.944,96.93,96.949,96.928,96.97,96.957,96.974,96.954,149
2014-10-08 00:57:00,2014-10-08 00:58:00,96.93,96.909,96.937,96.909,96.957,96.936,96.96,96.936,134
2014-10-08 00:58:00,2014-10-08 00:59:00,96.909,96.929,96.936,96.909,96.936,96.956,96.963,96.936,122
2014-10-08 00:59:00,2014-10-08 01:00:00,96.929,96.936,96.94,96.918,96.956,96.964,96.971,96.944,181
2014-10-08 01:00:00,2014-10-08 01:01:00,96.936,96.95,96.953,96.937,96.964,96.978,96.979,96.962,142
2014-10-08 01:01:00,2014-10-08 01:02:00,96.95,96.953,96.971,96.939,96.978,96.983,97.0,96.968,390
2014-10-08 01:02:00,2014-10-08 01:03:00,96.953,96.965,96.967,96.949,96.983,96.995,96.995,96.979,140
2014-10-08 01:03:00,2014-10-08 01:04:00,96.965,96.961,96.965,96.956,96.995,96.988,96.994,96.985,40
2014-10-08 01:04:00,2014-10-08 01:05:00,96.961,96.989,96.989,96.96,96.988,97.018,97.019,96.988,390
2014-10-08 01:05:00,2014-10-08 01:06:00,96.989,96.999,97.006,96.983,97.018,97.025,97.036,97.012,552
2014-10-08 01:06:00,2014-10-08 01:07:00,96.999,97.001,97.026,96.994,97.025,97.031,97.057,97.024,498
2014-10-08 01:07:00,2014-10-08 01:08:00,97.001,96.996,97.023,96.991,97.031,97.024,97.053,97.021,306
2014-10-08 01:08:00,2014-10-08 01:09:00,96.996,97.0,97.015,96.992,97.024,97.029,97.045,97.018,202
2014-10-08 01:09:00,2014-10-08 01:10:00,97.0,97.003,97.021,96.998,97.029,97.03,97.046,97.025,147
2014-10-08 01:10:00,2014-10-08 01:11:00,97.003,96.995,97.007,96.988,97.03,97.024,97.034,97.016,241
2014-10-08 01:11:00,2014-10-08 01:12:00,96.995,96.986,97.003,96.971,97.024,97.012,97.031,96.997,210
2014-10-08 01:12:00,2014-10-08 01:13:00,96.986,96.994,96.994,96.978,97.012,97.019,97.023,97.007,252
2014-10-08 01:13:00,2014-10-08 01:14:00,96.994,96.983,96.994,96.975,97.019,97.01,97.023,97.003,237
2014-10-08 01:14:00,2014-10-08 01:15:00,96.983,97.041,97.044,96.981,97.01,97.066,97.071,97.009,303
2014-10-08 01:15:00,2014-10-08 01:16:00,97.041,97.026,97.041,97.023,97.066,97.054,97.068,97.052,313
2014-10-08 01:16:00,2014-10-08 01:17:00,97.026,97.005,97.034,97.005,97.054,97.035,97.062,97.035,199
2014-10-08 01:17:00,2014-10-08 01:18:00,97.005,96.995,97.009,96.99,97.035,97.02,97.039,97.015,216
2014-10-08 01:18:00,2014-10-08 01:19:00,96.995,96.99,96.995,96.975,97.02,97.018,97.02,97.001,186
2014-10-08 01:19:00,2014-10-08 01:20:00,96.99,97.004,97.004,96.985,97.018,97.032,97.032,97.013,94
2014-10-08 01:20:00,2014-10-08 01:21:00,97.004,96.995,97.011,96.995,97.032,97.022,97.04,97.022,186
2014-10-08 01:21:00,2014-10-08 01:22:00,96.995,96.967,97.0,96.964,97.022,96.996,97.028,96.992,420
2014-10-08 01:22:00,2014-10-08 01:23:00,96.967,96.968,96.976,96.959,96.996,96.995,97.003,96.988,250
2014-10-08 01:23:00,2014-10-08 01:24:00,96.968,96.959,96.977,96.956,96.995,96.987,97.003,96.984,277
2014-10-08 01:24:00,2014-10-08 01:25:00,96.959,96.981,96.981,96.959,96.987,97.006,97.006,96.985,115
2014-10-08 01:25:00,2014-10-08 01:26:00,96.981,96.984,96.993,96.975,97.006,97.016,97.022,97.005,105
2014-10-08 01:26:00,2014-10-08 01:27:00,96.984,97.006,97.009,96.985,97.016,97.036,97.037,97.016,155
2014-10-08 01:27:00,2014-10-08 01:28:00,97.006,96.996,97.029,96.996,97.036,97.028,97.057,97.025,327
2014-10-08 01:28:00,2014-10-08 01:29:00,96.996,96.997,97.015,96.997,97.028,97.032,97.044,97.028,165
2014-10-08 01:29:00,2014-10-08 01:30:00,96.997,96.993,97.01,96.989,97.032,97.024,97.042,97.019,177
2014-10-08 01:30:00,2014-10-08 01:31:00,96.993,97.004,97.005,96.993,97.024,97.034,97.035,97.024,57
2014-10-08 01:31:00,2014-10-08 01:32:00,97.004,97.017,97.02,96.996,97.034,97.05,97.051,97.025,120
2014-10-08 01:32:00,2014-10-08 01:33:00,97.017,96.998,97.018,96.993,97.05,97.028,97.05,97.025,148
2014-10-08 01:33:00,2014-10-08 01:34:00,96.998,96.996,97.006,96.992,97.028,97.024,97.034,97.017,116
2014-10-08 01:34:00,2014-10-08 01:35:00,96.996,96.977,96.998,96.97,97.024,97.006,97.024,96.995,213
2014-10-08 01:35:00,2014-10-08 01:36:00,96.977,96.978,96.987,96.969,97.006,97.009,97.019,96.996,219
2014-10-08 01:36:00,2014-10-08 01:37:00,96.978,96.989,96.99,96.968,97.009,97.014,97.019,96.998,123
2014-10-08 01:37:00,2014-10-08 01:38:00,96.989,96.998,96.999,96.989,97.014,97.024,97.024,97.012,69
2014-10-08 01:38:00,2014-10-08 01:39:00,96.998,96.969,97.002,96.969,97.024,96.998,97.028,96.998,124
2014-10-08 01:39:00,2014-10-08 01:40:00,96.969,96.965,96.984,96.965,96.998,96.993,97.012,96.993,88
2014-10-08 01:40:00,2014-10-08 01:41:00,96.965,96.934,96.965,96.931,96.993,96.964,96.993,96.959,479
2014-10-08 01:41:00,2014-10-08 01:42:00,96.934,96.943,96.952,96.929,96.964,96.973,96.983,96.96,195
2014-10-08 01:42:00,2014-10-08 01:43:00,96.943,96.942,96.947,96.935,96.973,96.969,96.973,96.964,39
2014-10-08 01:43:00,2014-10-08 01:44:00,96.942,96.955,96.96,96.939,96.969,96.984,96.986,96.968,168
2014-10-08 01:44:00,2014-10-08 01:45:00,96.955,96.968,96.977,96.952,96.984,96.997,97.008,96.982,316
2014-10-08 01:45:00,2014-10-08 01:46:00,96.968,96.956,96.968,96.951,96.997,96.984,96.997,96.977,160
2014-10-08 01:46:00,2014-10-08 01:47:00,96.956,96.956,96.962,96.947,96.984,96.984,96.988,96.975,225
2014-10-08 01:47:00,2014-10-08 01:48:00,96.956,96.972,96.979,96.949,96.984,97.002,97.007,96.975,317
2014-10-08 01:48:00,2014-10-08 01:49:00,96.972,96.963,96.983,96.957,97.002,96.992,97.012,96.985,272
2014-10-08 01:49:00,2014-10-08 01:50:00,96.963,96.972,96.977,96.962,96.992,97.0,97.003,96.991,66
2014-10-08 01:50:00,2014-10-08 01:51:00,96.972,96.984,96.989,96.971,97.0,97.012,97.018,97.0,75
2014-10-08 01:51:00,2014-10-08 01:52:00,96.984,96.985,96.988,96.98,97.012,97.013,97.015,97.009,58
2014-10-08 01:52:00,2014-10-08 01:53:00,96.985,96.972,96.989,96.968,97.013,97.001,97.015,96.997,180
2014-10-08 01:53:00,2014-10-08 01:54:00,96.972,96.971,96.973,96.961,97.001,96.999,97.001,96.99,65
2014-10-08 01:54:00,2014-10-08 01:55:00,96.971,96.965,96.976,96.959,96.999,96.993,97.004,96.989,161
2014-10-08 01:55:00,2014-10-08 01:56:00,96.965,96.976,96.984,96.948,96.993,97.005,97.014,96.976,226
2014-10-08 01:56:00,2014-10-08 01:57:00,96.976,96.968,96.985,96.968,97.005,96.997,97.014,96.996,160
2014-10-08 01:57:00,2014-10-08 01:58:00,96.968,96.987,96.995,96.968,96.997,97.017,97.024,96.998,139
2014-10-08 01:58:00,2014-10-08 01:59:00,96.987,96.97,96.988,96.958,97.017,97.0,97.016,96.989,288
2014-10-08 01:59:00,2014-10-08 02:00:00,96.97,96.967,96.971,96.965,97.0,96.995,97.0,96.993,153
2014-10-08 02:00:00,2014-10-08 02:01:00,96.967,96.975,96.978,96.962,96.995,97.005,97.007,96.989,199
2014-10-08 02:01:00,2014-10-08 02:02:00,96.975,96.966,96.976,96.964,97.005,96.996,97.004,96.993,170
2014-10-08 02:02:00,2014-10-08 02:03:00,96.966,96.963,96.968,96.948,96.996,96.992,96.996,96.978,227
2014-10-08 02:03:00,2014-10-08 02:04:00,96.963,96.962,96.971,96.945,96.992,96.992,96.999,96.975,232
2014-10-08 02:04:00,2014-10-08 02:05:00,96.962,96.962,96.965,96.946,96.992,96.99,96.993,96.975,199
2014-10-08 02:05:00,2014-10-08 02:06:00,96.962,96.962,96.966,96.961,96.99,96.99,96.994,96.989,50
2014-10-08 02:06:00,2014-10-08 02:07:00,96.962,96.956,96.962,96.953,96.99,96.982,96.99,96.979,33
2014-10-08 02:07:00,2014-10-08 02:08:00,96.956,96.955,96.956,96.954,96.982,96.982,96.982,96.982,12
2014-10-08 02:08:00,2014-10-08 02:09:00,96.955,96.951,96.955,96.948,96.982,96.98,96.982,96.973,85
2014-10-08 02:09:00,2014-10-08 02:10:00,96.951,96.955,96.962,96.948,96.98,96.983,96.987,96.977,73
2014-10-08 02:10:00,2014-10-08 02:11:00,96.955,96.932,96.963,96.932,96.983,96.959,96.992,96.958,105
2014-10-08 02:11:00,2014-10-08 02:12:00,96.932,96.916,96.939,96.916,96.959,96.946,96.969,96.946,141
2014-10-08 02:12:00,2014-10-08 02:13:00,96.916,96.909,96.924,96.905,96.946,96.939,96.958,96.933,210
2014-10-08 02:13:00,2014-10-08 02:14:00,96.909,96.915,96.916,96.902,96.939,96.945,96.945,96.931,141
2014-10-08 02:14:00,2014-10-08 02:15:00,96.915,96.921,96.922,96.91,96.945,96.949,96.951,96.939,70
2014-10-08 02:15:00,2014-10-08 02:16:00,96.921,96.918,96.93,96.915,96.949,96.945,96.956,96.942,116
2014-10-08 02:16:00,2014-10-08 02:17:00,96.918,96.925,96.932,96.918,96.945,96.953,96.963,96.946,182
2014-10-08 02:17:00,2014-10-08 02:18:00,96.925,96.92,96.924,96.92,96.953,96.948,96.951,96.946,44
2014-10-08 02:18:00,2014-10-08 02:19:00,96.92,96.92,96.923,96.92,96.948,96.949,96.951,96.947,32
2014-10-08 02:19:00,2014-10-08 02:20:00,96.92,96.923,96.932,96.913,96.949,96.952,96.962,96.94,165
2014-10-08 02:20:00,2014-10-08 02:21:00,96.923,96.914,96.925,96.914,96.952,96.942,96.953,96.941,83
2014-10-08 02:21:00,2014-10-08 02:22:00,96.914,96.919,96.919,96.907,96.942,96.949,96.949,96.933,121
2014-10-08 02:22:00,2014-10-08 02:23:00,96.919,96.911,96.923,96.91,96.949,96.938,96.951,96.938,150
2014-10-08 02:23:00,2014-10-08 02:24:00,96.911,96.902,96.916,96.902,96.938,96.926,96.941,96.924,92
2014-10-08 02:24:00,2014-10-08 02:25:00,96.902,96.904,96.909,96.899,96.926,96.929,96.934,96.922,80
2014-10-08 02:25:00,2014-10-08 02:26:00,96.904,96.91,96.913,96.901,96.929,96.933,96.938,96.925,79
2014-10-08 02:26:00,2014-10-08 02:27:00,96.91,96.908,96.915,96.908,96.933,96.932,96.939,96.932,37
2014-10-08 02:27:00,2014-10-08 02:28:00,96.908,96.897,96.908,96.894,96.932,96.923,96.935,96.919,109
2014-10-08 02:28:00,2014-10-08 02:29:00,96.897,96.9,96.903,96.894,96.923,96.928,96.929,96.917,48
2014-10-08 02:29:00,2014-10-08 02:30:00,96.9,96.9,96.904,96.895,96.928,96.926,96.932,96.918,127
2014-10-08 02:30:00,2014-10-08 02:31:00,96.9,96.908,96.908,96.899,96.926,96.937,96.937,96.925,101
2014-10-08 02:31:00,2014-10-08 02:32:00,96.908,96.911,96.915,96.91,96.937,96.939,96.943,96.937,37
2014-10-08 02:32:00,2014-10-08 02:33:00,96.911,96.901,96.919,96.9,96.939,96.93,96.947,96.927,118
2014-10-08 02:33:00,2014-10-08 02:34:00,96.901,96.912,96.925,96.899,96.93,96.939,96.953,96.929,203
2014-10-08 02:34:00,2014-10-08 02:35:00,96.912,96.922,96.928,96.906,96.939,96.951,96.958,96.935,146
2014-10-08 02:35:00,2014-10-08 02:36:00,96.922,96.916,96.929,96.91,96.951,96.944,96.958,96.938,87
2014-10-08 02:36:00,2014-10-08 02:37:00,96.916,96.933,96.935,96.916,96.944,96.962,96.966,96.942,91
2014-10-08 02:37:00,2014-10-08 02:38:00,96.933,96.935,96.943,96.932,96.962,96.964,96.971,96.961,146
2014-10-08 02:38:00,2014-10-08 02:39:00,96.935,96.933,96.937,96.927,96.964,96.961,96.964,96.954,93
2014-10-08 02:39:00,2014-10-08 02:40:00,96.933,96.944,96.948,96.934,96.961,96.97,96.973,96.961,81
2014-10-08 02:40:00,2014-10-08 02:41:00,96.944,96.944,96.944,96.926,96.97,96.97,96.97,96.955,120
2014-10-08 02:41:00,2014-10-08 02:42:00,96.944,96.932,96.945,96.928,96.97,96.96,96.972,96.957,86
2014-10-08 02:42:00,2014-10-08 02:43:00,96.932,96.922,96.932,96.921,96.96,96.951,96.96,96.949,95
2014-10-08 02:43:00,2014-10-08 02:44:00,96.922,96.92,96.927,96.912,96.951,96.948,96.955,96.94,145
2014-10-08 02:44:00,2014-10-08 02:45:00,96.92,96.893,96.919,96.889,96.948,96.923,96.947,96.92,343
2014-10-08 02:45:00,2014-10-08 02:46:00,96.893,96.895,96.906,96.888,96.923,96.924,96.932,96.916,243
2014-10-08 02:46:00,2014-10-08 02:47:00,96.895,96.897,96.904,96.892,96.924,96.924,96.929,96.92,77
2014-10-08 02:47:00,2014-10-08 02:48:00,96.897,96.906,96.914,96.896,96.924,96.934,96.941,96.924,111
2014-10-08 02:48:00,2014-10-08 02:49:00,96.906,96.895,96.907,96.894,96.934,96.922,96.936,96.922,61
2014-10-08 02:49:00,2014-10-08 02:50:00,96.895,96.899,96.914,96.895,96.922,96.928,96.942,96.921,203
2014-10-08 02:50:00,2014-10-08 02:51:00,96.899,96.905,96.911,96.897,96.928,96.934,96.938,96.925,137
2014-10-08 02:51:00,2014-10-08 02:52:00,96.905,96.903,96.908,96.903,96.934,96.932,96.936,96.93,54
2014-10-08 02:52:00,2014-10-08 02:53:00,96.903,96.907,96.914,96.902,96.932,96.936,96.941,96.928,128
2014-10-08 02:53:00,2014-10-08 02:54:00,96.907,96.908,96.911,96.907,96.936,96.937,96.938,96.935,14
2014-10-08 02:54:00,2014-10-08 02:55:00,96.908,96.92,96.92,96.906,96.937,96.946,96.948,96.935,120
2014-10-08 02:55:00,2014-10-08 02:56:00,96.92,96.911,96.924,96.909,96.946,96.94,96.949,96.935,71
2014-10-08 02:56:00,2014-10-08 02:57:00,96.911,96.92,96.923,96.908,96.94,96.948,96.95,96.937,183
2014-10-08 02:57:00,2014-10-08 02:58:00,96.92,96.923,96.926,96.912,96.948,96.951,96.955,96.939,110
2014-10-08 02:58:00,2014-10-08 02:59:00,96.923,96.911,96.924,96.905,96.951,96.938,96.951,96.933,151
2014-10-08 02:59:00,2014-10-08 03:00:00,96.911,96.911,96.919,96.9,96.938,96.94,96.947,96.928,124
2014-10-08 03:00:00,2014-10-08 03:01:00,96.911,96.912,96.92,96.91,96.94,96.94,96.949,96.938,90
2014-10-08 03:01:00,2014-10-08 03:02:00,96.912,96.906,96.921,96.904,96.94,96.935,96.946,96.932,73
2014-10-08 03:02:00,2014-10-08 03:03:00,96.906,96.925,96.928,96.906,96.935,96.952,96.956,96.931,94
2014-10-08 03:03:00,2014-10-08 03:04:00,96.925,96.923,96.942,96.921,96.952,96.951,96.969,96.944,248
2014-10-08 03:04:00,2014-10-08 03:05:00,96.923,96.92,96.93,96.909,96.951,96.946,96.957,96.934,139
2014-10-08 03:05:00,2014-10-08 03:06:00,96.92,96.928,96.937,96.921,96.946,96.953,96.965,96.946,131
2014-10-08 03:06:00,2014-10-08 03:07:00,96.928,96.934,96.943,96.918,96.953,96.962,96.971,96.946,276
2014-10-08 03:07:00,2014-10-08 03:08:00,96.934,96.95,96.951,96.931,96.962,96.98,96.98,96.958,191
2014-10-08 03:08:00,2014-10-08 03:09:00,96.95,96.927,96.955,96.925,96.98,96.955,96.981,96.953,120
2014-10-08 03:09:00,2014-10-08 03:10:00,96.927,96.914,96.929,96.904,96.955,96.942,96.959,96.932,225
2014-10-08 03:10:00,2014-10-08 03:11:00,96.914,96.92,96.926,96.91,96.942,96.949,96.953,96.939,122
2014-10-08 03:11:00,2014-10-08 03:12:00,96.92,96.921,96.93,96.912,96.949,96.95,96.956,96.94,141
2014-10-08 03:12:00,2014-10-08 03:13:00,96.921,96.925,96.929,96.915,96.95,96.95,96.958,96.945,73
2014-10-08 03:13:00,2014-10-08 03:14:00,96.925,96.923,96.924,96.915,96.95,96.949,96.95,96.94,69
2014-10-08 03:14:00,2014-10-08 03:15:00,96.923,96.913,96.922,96.909,96.949,96.938,96.949,96.933,91
2014-10-08 03:15:00,2014-10-08 03:16:00,96.913,96.91,96.913,96.91,96.938,96.934,96.94,96.934,87
2014-10-08 03:16:00,2014-10-08 03:17:00,96.91,96.903,96.915,96.903,96.934,96.93,96.941,96.93,86
2014-10-08 03:17:00,2014-10-08 03:18:00,96.903,96.902,96.908,96.899,96.93,96.929,96.933,96.926,46
2014-10-08 03:18:00,2014-10-08 03:19:00,96.902,96.903,96.912,96.898,96.929,96.931,96.94,96.924,107
2014-10-08 03:19:00,2014-10-08 03:20:00,96.903,96.896,96.912,96.896,96.931,96.921,96.94,96.921,152
2014-10-08 03:20:00,2014-10-08 03:21:00,96.896,96.904,96.905,96.896,96.921,96.931,96.931,96.922,110
2014-10-08 03:21:00,2014-10-08 03:22:00,96.904,96.901,96.906,96.896,96.931,96.928,96.933,96.92,180
2014-10-08 03:22:00,2014-10-08 03:23:00,96.901,96.902,96.905,96.897,96.928,96.926,96.93,96.924,50
2014-10-08 03:23:00,2014-10-08 03:24:00,96.902,96.898,96.903,96.892,96.926,96.925,96.927,96.918,68
2014-10-08 03:24:00,2014-10-08 03:25:00,96.898,96.93,96.934,96.901,96.925,96.958,96.963,96.925,270
2014-10-08 03:25:00,2014-10-08 03:26:00,96.93,96.949,96.956,96.923,96.958,96.978,96.982,96.949,282
2014-10-08 03:26:00,2014-10-08 03:27:00,96.949,96.946,96.957,96.943,96.978,96.975,96.983,96.971,186
2014-10-08 03:27:00,2014-10-08 03:28:00,96.946,96.95,96.963,96.939,96.975,96.978,96.991,96.968,260
2014-10-08 03:28:00,2014-10-08 03:29:00,96.95,96.94,96.953,96.937,96.978,96.966,96.98,96.964,156
2014-10-08 03:29:00,2014-10-08 03:30:00,96.94,96.941,96.943,96.937,96.966,96.965,96.969,96.964,92
2014-10-08 03:30:00,2014-10-08 03:31:00,96.941,96.943,96.949,96.937,96.965,96.969,96.975,96.962,147
2014-10-08 03:31:00,2014-10-08 03:32:00,96.943,96.943,96.95,96.936,96.969,96.97,96.975,96.962,72
2014-10-08 03:32:00,2014-10-08 03:33:00,96.943,96.948,96.949,96.935,96.97,96.972,96.974,96.956,114
2014-10-08 03:33:00,2014-10-08 03:34:00,96.948,96.935,96.951,96.933,96.972,96.962,96.976,96.958,174
2014-10-08 03:34:00,2014-10-08 03:35:00,96.935,96.928,96.935,96.923,96.962,96.957,96.964,96.952,121
2014-10-08 03:35:00,2014-10-08 03:36:00,96.928,96.931,96.935,96.921,96.957,96.959,96.963,96.95,122
2014-10-08 03:36:00,2014-10-08 03:37:00,96.931,96.928,96.937,96.919,96.959,96.955,96.964,96.948,82
2014-10-08 03:37:00,2014-10-08 03:38:00,96.928,96.931,96.944,96.928,96.955,96.961,96.973,96.955,177
2014-10-08 03:38:00,2014-10-08 03:39:00,96.931,96.935,96.935,96.924,96.961,96.964,96.964,96.949,111
2014-10-08 03:39:00,2014-10-08 03:40:00,96.935,96.938,96.94,96.936,96.964,96.966,96.968,96.964,63
2014-10-08 03:40:00,2014-10-08 03:41:00,96.938,96.936,96.939,96.929,96.966,96.965,96.967,96.956,46
2014-10-08 03:41:00,2014-10-08 03:42:00,96.936,96.92,96.937,96.917,96.965,96.949,96.965,96.945,217
2014-10-08 03:42:00,2014-10-08 03:43:00,96.92,96.913,96.922,96.91,96.949,96.939,96.949,96.934,144
2014-10-08 03:43:00,2014-10-08 03:44:00,96.913,96.908,96.915,96.903,96.939,96.937,96.943,96.933,132
2014-10-08 03:44:00,2014-10-08 03:45:00,96.908,96.908,96.911,96.9,96.937,96.935,96.938,96.925,108
2014-10-08 03:45:00,2014-10-08 03:46:00,96.908,96.908,96.921,96.906,96.935,96.935,96.95,96.935,119
2014-10-08 03:46:00,2014-10-08 03:47:00,96.908,96.906,96.913,96.906,96.935,96.935,96.941,96.935,28
2014-10-08 03:47:00,2014-10-08 03:48:00,96.906,96.906,96.912,96.905,96.935,96.935,96.939,96.934,59
2014-10-08 03:48:00,2014-10-08 03:49:00,96.906,96.911,96.915,96.907,96.935,96.941,96.943,96.933,67
2014-10-08 03:49:00,2014-10-08 03:50:00,96.911,96.911,96.914,96.909,96.941,96.937,96.943,96.937,45
2014-10-08 03:50:00,2014-10-08 03:51:00,96.911,96.905,96.922,96.901,96.937,96.931,96.951,96.928,137
2014-10-08 03:51:00,2014-10-08 03:52:00,96.905,96.916,96.918,96.907,96.931,96.941,96.941,96.93,64
2014-10-08 03:52:00,2014-10-08 03:53:00,96.916,96.922,96.922,96.917,96.941,96.949,96.949,96.941,36
2014-10-08 03:53:00,2014-10-08 03:54:00,96.922,96.912,96.923,96.912,96.949,96.937,96.949,96.937,47
2014-10-08 03:54:00,2014-10-08 03:55:00,96.912,96.902,96.916,96.9,96.937,96.928,96.941,96.925,56
2014-10-08 03:55:00,2014-10-08 03:56:00,96.902,96.891,96.902,96.891,96.928,96.92,96.929,96.92,80
2014-10-08 03:56:00,2014-10-08 03:57:00,96.891,96.899,96.899,96.888,96.92,96.924,96.924,96.915,116
2014-10-08 03:57:00,2014-10-08 03:58:00,96.899,96.9,96.905,96.896,96.924,96.924,96.932,96.919,116
2014-10-08 03:58:00,2014-10-08 03:59:00,96.9,96.892,96.901,96.89,96.924,96.917,96.927,96.914,72
2014-10-08 03:59:00,2014-10-08 04:00:00,96.892,96.878,96.892,96.872,96.917,96.904,96.916,96.901,80
2014-10-08 04:00:00,2014-10-08 04:01:00,96.878,96.872,96.878,96.853,96.904,96.901,96.906,96.883,213
2014-10-08 04:01:00,2014-10-08 04:02:00,96.872,96.873,96.876,96.867,96.901,96.901,96.903,96.893,101
2014-10-08 04:02:00,2014-10-08 04:03:00,96.873,96.883,96.89,96.874,96.901,96.91,96.917,96.902,89
2014-10-08 04:03:00,2014-10-08 04:04:00,96.883,96.876,96.884,96.872,96.91,96.903,96.911,96.901,121
2014-10-08 04:04:00,2014-10-08 04:05:00,96.876,96.877,96.884,96.874,96.903,96.905,96.912,96.903,124
2014-10-08 04:05:00,2014-10-08 04:06:00,96.877,96.853,96.883,96.853,96.905,96.881,96.911,96.881,110
2014-10-08 04:06:00,2014-10-08 04:07:00,96.853,96.867,96.867,96.853,96.881,96.895,96.895,96.881,43
2014-10-08 04:07:00,2014-10-08 04:08:00,96.867,96.865,96.874,96.86,96.895,96.893,96.902,96.887,119
2014-10-08 04:08:00,2014-10-08 04:09:00,96.865,96.876,96.876,96.863,96.893,96.902,96.902,96.893,79
2014-10-08 04:09:00,2014-10-08 04:10:00,96.876,96.86,96.874,96.86,96.902,96.887,96.902,96.886,181
2014-10-08 04:10:00,2014-10-08 04:11:00,96.86,96.869,96.87,96.859,96.887,96.897,96.897,96.886,59
2014-10-08 04:11:00,2014-10-08 04:12:00,96.869,96.87,96.87,96.868,96.897,96.899,96.899,96.896,9
2014-10-08 04:12:00,2014-10-08 04:13:00,96.87,96.873,96.873,96.863,96.899,96.901,96.901,96.891,55
2014-10-08 04:13:00,2014-10-08 04:14:00,96.873,96.872,96.881,96.872,96.901,96.901,96.909,96.901,57
2014-10-08 04:14:00,2014-10-08 04:15:00,96.872,96.863,96.873,96.863,96.901,96.892,96.901,96.892,20
2014-10-08 04:15:00,2014-10-08 04:16:00,96.863,96.877,96.879,96.864,96.892,96.905,96.906,96.892,89
2014-10-08 04:16:00,2014-10-08 04:17:00,96.877,96.855,96.879,96.847,96.905,96.884,96.906,96.874,118
2014-10-08 04:17:00,2014-10-08 04:18:00,96.855,96.869,96.869,96.854,96.884,96.897,96.897,96.882,120
2014-10-08 04:18:00,2014-10-08 04:19:00,96.869,96.878,96.881,96.871,96.897,96.906,96.909,96.897,44
2014-10-08 04:19:00,2014-10-08 04:20:00,96.878,96.877,96.888,96.876,96.906,96.906,96.916,96.904,67
2014-10-08 04:20:00,2014-10-08 04:21:00,96.877,96.876,96.881,96.872,96.906,96.904,96.907,96.9,28
2014-10-08 04:21:00,2014-10-08 04:22:00,96.876,96.877,96.882,96.871,96.904,96.906,96.909,96.899,35
2014-10-08 04:22:00,2014-10-08 04:23:00,96.877,96.877,96.889,96.876,96.906,96.906,96.918,96.904,79
2014-10-08 04:23:00,2014-10-08 04:24:00,96.877,96.878,96.89,96.877,96.906,96.907,96.917,96.904,83
2014-10-08 04:24:00,2014-10-08 04:25:00,96.878,96.879,96.884,96.877,96.907,96.907,96.912,96.905,28
2014-10-08 04:25:00,2014-10-08 04:26:00,96.879,96.878,96.88,96.877,96.907,96.907,96.909,96.906,15
2014-10-08 04:26:00,2014-10-08 04:27:00,96.878,96.887,96.889,96.877,96.907,96.915,96.915,96.906,83
2014-10-08 04:27:00,2014-10-08 04:28:00,96.887,96.887,96.888,96.884,96.915,96.915,96.916,96.913,35
2014-10-08 04:28:00,2014-10-08 04:29:00,96.887,96.89,96.895,96.888,96.915,96.918,96.922,96.915,30
2014-10-08 04:29:00,2014-10-08 04:30:00,96.89,96.879,96.895,96.876,96.918,96.906,96.923,96.905,80
2014-10-08 04:30:00,2014-10-08 04:31:00,96.879,96.886,96.891,96.875,96.906,96.916,96.92,96.905,113
2014-10-08 04:31:00,2014-10-08 04:32:00,96.886,96.88,96.896,96.878,96.916,96.908,96.921,96.907,72
2014-10-08 04:32:00,2014-10-08 04:33:00,96.88,96.887,96.894,96.879,96.908,96.914,96.921,96.908,52
2014-10-08 04:33:00,2014-10-08 04:34:00,96.887,96.889,96.89,96.888,96.914,96.914,96.919,96.914,24
2014-10-08 04:34:00,2014-10-08 04:35:00,96.889,96.886,96.888,96.882,96.914,96.913,96.916,96.911,33
2014-10-08 04:35:00,2014-10-08 04:36:00,96.886,96.885,96.886,96.883,96.913,96.911,96.914,96.91,20
2014-10-08 04:36:00,2014-10-08 04:37:00,96.885,96.884,96.888,96.882,96.911,96.911,96.915,96.909,21
2014-10-08 04:37:00,2014-10-08 04:38:00,96.884,96.885,96.885,96.881,96.911,96.913,96.913,96.91,16
2014-10-08 04:38:00,2014-10-08 04:39:00,96.885,96.868,96.889,96.868,96.913,96.895,96.917,96.895,172
2014-10-08 04:39:00,2014-10-08 04:40:00,96.868,96.865,96.871,96.859,96.895,96.89,96.899,96.887,120
2014-10-08 04:40:00,2014-10-08 04:41:00,96.865,96.865,96.876,96.858,96.89,96.895,96.904,96.886,120
2014-10-08 04:41:00,2014-10-08 04:42:00,96.865,96.876,96.883,96.865,96.895,96.905,96.913,96.895,80
2014-10-08 04:42:00,2014-10-08 04:43:00,96.876,96.876,96.884,96.865,96.905,96.904,96.912,96.892,108
2014-10-08 04:43:00,2014-10-08 04:44:00,96.876,96.884,96.887,96.876,96.904,96.912,96.916,96.905,70
2014-10-08 04:44:00,2014-10-08 04:45:00,96.884,96.896,96.896,96.883,96.912,96.925,96.925,96.912,29
2014-10-08 04:45:00,2014-10-08 04:46:00,96.896,96.894,96.895,96.886,96.925,96.924,96.925,96.914,59
2014-10-08 04:46:00,2014-10-08 04:47:00,96.894,96.891,96.896,96.888,96.924,96.919,96.925,96.917,63
2014-10-08 04:47:00,2014-10-08 04:48:00,96.891,96.903,96.904,96.891,96.919,96.932,96.932,96.92,53
2014-10-08 04:48:00,2014-10-08 04:49:00,96.903,96.919,96.92,96.904,96.932,96.948,96.948,96.932,104
2014-10-08 04:49:00,2014-10-08 04:50:00,96.919,96.91,96.92,96.908,96.948,96.939,96.949,96.936,53
2014-10-08 04:50:00,2014-10-08 04:51:00,96.91,96.909,96.91,96.902,96.939,96.937,96.939,96.931,50
2014-10-08 04:51:00,2014-10-08 04:52:00,96.909,96.908,96.91,96.906,96.937,96.934,96.938,96.934,56
2014-10-08 04:52:00,2014-10-08 04:53:00,96.908,96.907,96.911,96.899,96.934,96.937,96.94,96.926,95
2014-10-08 04:53:00,2014-10-08 04:54:00,96.907,96.938,96.94,96.907,96.937,96.963,96.965,96.935,116
2014-10-08 04:54:00,2014-10-08 04:55:00,96.938,96.942,96.942,96.934,96.963,96.965,96.966,96.956,65
2014-10-08 04:55:00,2014-10-08 04:56:00,96.942,96.956,96.957,96.942,96.965,96.981,96.983,96.966,105
2014-10-08 04:56:00,2014-10-08 04:57:00,96.956,96.947,96.956,96.944,96.981,96.97,96.98,96.968,53
2014-10-08 04:57:00,2014-10-08 04:58:00,96.947,96.956,96.957,96.947,96.97,96.977,96.979,96.97,71
2014-10-08 04:58:00,2014-10-08 04:59:00,96.956,96.968,96.974,96.954,96.977,96.992,96.995,96.977,70
2014-10-08 04:59:00,2014-10-08 05:00:00,96.968,96.969,96.974,96.968,96.992,96.993,96.997,96.992,50
2014-10-08 05:00:00,2014-10-08 05:01:00,96.969,96.954,96.97,96.953,96.993,96.981,96.993,96.979,55
2014-10-08 05:01:00,2014-10-08 05:02:00,96.954,96.945,96.955,96.943,96.981,96.97,96.981,96.967,89
2014-10-08 05:02:00,2014-10-08 05:03:00,96.945,96.939,96.945,96.932,96.97,96.963,96.97,96.959,124
2014-10-08 05:03:00,2014-10-08 05:04:00,96.939,96.95,96.95,96.938,96.963,96.976,96.976,96.963,52
2014-10-08 05:04:00,2014-10-08 05:05:00,96.95,96.949,96.95,96.944,96.976,96.976,96.976,96.969,40
2014-10-08 05:05:00,2014-10-08 05:06:00,96.949,96.945,96.956,96.944,96.976,96.973,96.985,96.971,111
2014-10-08 05:06:00,2014-10-08 05:07:00,96.945,96.957,96.958,96.943,96.973,96.986,96.988,96.972,209
2014-10-08 05:07:00,2014-10-08 05:08:00,96.957,96.947,96.957,96.946,96.986,96.977,96.985,96.975,85
2014-10-08 05:08:00,2014-10-08 05:09:00,96.947,96.961,96.963,96.949,96.977,96.991,96.992,96.977,104
2014-10-08 05:09:00,2014-10-08 05:10:00,96.961,96.963,96.973,96.949,96.991,96.991,97.0,96.977,265
2014-10-08 05:10:00,2014-10-08 05:11:00,96.963,96.96,96.971,96.959,96.991,96.989,96.998,96.988,149
2014-10-08 05:11:00,2014-10-08 05:12:00,96.96,96.957,96.964,96.955,96.989,96.984,96.991,96.979,84
2014-10-08 05:12:00,2014-10-08 05:13:00,96.957,96.952,96.96,96.951,96.984,96.98,96.989,96.978,86
2014-10-08 05:13:00,2014-10-08 05:14:00,96.952,96.966,96.97,96.951,96.98,96.992,96.998,96.979,236
2014-10-08 05:14:00,2014-10-08 05:15:00,96.966,96.951,96.968,96.951,96.992,96.976,96.994,96.976,132
2014-10-08 05:15:00,2014-10-08 05:16:00,96.951,96.958,96.958,96.943,96.976,96.986,96.986,96.969,129
2014-10-08 05:16:00,2014-10-08 05:17:00,96.958,96.962,96.973,96.954,96.986,96.991,96.999,96.983,98
2014-10-08 05:17:00,2014-10-08 05:18:00,96.962,96.948,96.964,96.948,96.991,96.973,96.992,96.973,221
2014-10-08 05:18:00,2014-10-08 05:19:00,96.948,96.955,96.959,96.931,96.973,96.984,96.985,96.959,205
2014-10-08 05:19:00,2014-10-08 05:20:00,96.955,96.947,96.962,96.93,96.984,96.977,96.988,96.958,254
2014-10-08 05:20:00,2014-10-08 05:21:00,96.947,96.974,96.975,96.946,96.977,97.001,97.002,96.976,107
2014-10-08 05:21:00,2014-10-08 05:22:00,96.974,96.972,96.977,96.956,97.001,96.999,97.005,96.983,178
2014-10-08 05:22:00,2014-10-08 05:23:00,96.972,96.964,96.975,96.959,96.999,96.992,97.002,96.988,115
2014-10-08 05:23:00,2014-10-08 05:24:00,96.964,96.968,96.975,96.959,96.992,96.995,97.002,96.987,63
2014-10-08 05:24:00,2014-10-08 05:25:00,96.968,96.971,96.979,96.963,96.995,96.995,97.007,96.99,183
2014-10-08 05:25:00,2014-10-08 05:26:00,96.971,96.973,96.98,96.965,96.995,97.0,97.007,96.991,170
2014-10-08 05:26:00,2014-10-08 05:27:00,96.973,96.979,96.997,96.973,97.0,97.008,97.022,97.001,409
2014-10-08 05:27:00,2014-10-08 05:28:00,96.979,96.984,96.997,96.977,97.008,97.01,97.025,97.002,244
2014-10-08 05:28:00,2014-10-08 05:29:00,96.984,96.974,96.988,96.971,97.01,97.001,97.015,97.0,86
2014-10-08 05:29:00,2014-10-08 05:30:00,96.974,96.958,96.975,96.951,97.001,96.985,97.004,96.981,195
2014-10-08 05:30:00,2014-10-08 05:31:00,96.958,96.959,96.978,96.958,96.985,96.987,97.004,96.986,116
2014-10-08 05:31:00,2014-10-08 05:32:00,96.959,96.968,96.978,96.949,96.987,96.995,97.005,96.976,197
2014-10-08 05:32:00,2014-10-08 05:33:00,96.968,96.974,96.988,96.966,96.995,97.001,97.014,96.995,173
2014-10-08 05:33:00,2014-10-08 05:34:00,96.974,96.987,96.993,96.97,97.001,97.016,97.02,96.994,241
2014-10-08 05:34:00,2014-10-08 05:35:00,96.987,96.985,96.991,96.978,97.016,97.014,97.019,97.007,194
2014-10-08 05:35:00,2014-10-08 05:36:00,96.985,96.98,96.988,96.965,97.014,97.007,97.015,96.991,170
2014-10-08 05:36:00,2014-10-08 05:37:00,96.98,96.993,97.004,96.975,97.007,97.019,97.034,97.004,310
2014-10-08 05:37:00,2014-10-08 05:38:00,96.993,97.0,97.0,96.98,97.019,97.028,97.028,97.008,55
2014-10-08 05:38:00,2014-10-08 05:39:00,97.0,96.995,97.011,96.995,97.028,97.022,97.041,97.022,95
2014-10-08 05:39:00,2014-10-08 05:40:00,96.995,96.98,96.996,96.98,97.022,97.007,97.025,97.006,116
2014-10-08 05:40:00,2014-10-08 05:41:00,96.98,96.997,96.997,96.976,97.007,97.025,97.025,97.005,113
2014-10-08 05:41:00,2014-10-08 05:42:00,96.997,96.978,97.004,96.978,97.025,97.006,97.031,97.006,93
2014-10-08 05:42:00,2014-10-08 05:43:00,96.978,96.97,96.981,96.956,97.006,96.995,97.01,96.985,171
2014-10-08 05:43:00,2014-10-08 05:44:00,96.97,96.973,96.982,96.967,96.995,97.003,97.01,96.995,94
2014-10-08 05:44:00,2014-10-08 05:45:00,96.973,96.985,96.985,96.97,97.003,97.012,97.014,97.0,74
2014-10-08 05:45:00,2014-10-08 05:46:00,96.985,96.968,96.988,96.967,97.012,96.994,97.015,96.992,95
2014-10-08 05:46:00,2014-10-08 05:47:00,96.968,96.96,96.975,96.958,96.994,96.987,97.002,96.984,139
2014-10-08 05:47:00,2014-10-08 05:48:00,96.96,96.979,96.993,96.96,96.987,97.006,97.021,96.987,132
2014-10-08 05:48:00,2014-10-08 05:49:00,96.979,96.961,96.979,96.957,97.006,96.989,97.008,96.985,164
2014-10-08 05:49:00,2014-10-08 05:50:00,96.961,96.942,96.961,96.936,96.989,96.97,96.989,96.966,147
2014-10-08 05:50:00,2014-10-08 05:51:00,96.942,96.952,96.957,96.94,96.97,96.979,96.984,96.968,156
2014-10-08 05:51:00,2014-10-08 05:52:00,96.952,96.957,96.97,96.952,96.979,96.985,96.998,96.979,164
2014-10-08 05:52:00,2014-10-08 05:53:00,96.957,96.962,96.965,96.956,96.985,96.991,96.993,96.984,25
2014-10-08 05:53:00,2014-10-08 05:54:00,96.962,96.96,96.962,96.957,96.991,96.987,96.991,96.985,28
2014-10-08 05:54:00,2014-10-08 05:55:00,96.96,96.957,96.963,96.941,96.987,96.985,96.989,96.969,137
2014-10-08 05:55:00,2014-10-08 05:56:00,96.957,96.953,96.967,96.947,96.985,96.98,96.997,96.974,118
2014-10-08 05:56:00,2014-10-08 05:57:00,96.953,96.941,96.954,96.935,96.98,96.97,96.98,96.962,104
2014-10-08 05:57:00,2014-10-08 05:58:00,96.941,96.962,96.966,96.942,96.97,96.992,96.992,96.967,109
2014-10-08 05:58:00,2014-10-08 05:59:00,96.962,96.977,96.979,96.962,96.992,97.004,97.008,96.99,107
2014-10-08 05:59:00,2014-10-08 06:00:00,96.977,96.949,96.976,96.934,97.004,96.975,97.004,96.962,208
2014-10-08 06:00:00,2014-10-08 06:01:00,96.949,96.95,96.955,96.94,96.975,96.977,96.978,96.966,136
2014-10-08 06:01:00,2014-10-08 06:02:00,96.95,96.965,96.969,96.95,96.977,96.988,96.994,96.976,133
2014-10-08 06:02:00,2014-10-08 06:03:00,96.965,96.955,96.965,96.954,96.988,96.983,96.992,96.979,127
2014-10-08 06:03:00,2014-10-08 06:04:00,96.955,96.946,96.96,96.943,96.983,96.971,96.985,96.968,65
2014-10-08 06:04:00,2014-10-08 06:05:00,96.946,96.978,96.983,96.944,96.971,97.006,97.012,96.97,215
2014-10-08 06:05:00,2014-10-08 06:06:00,96.978,96.971,96.978,96.966,97.006,96.996,97.005,96.992,70
2014-10-08 06:06:00,2014-10-08 06:07:00,96.971,96.961,96.973,96.961,96.996,96.987,97.0,96.985,93
2014-10-08 06:07:00,2014-10-08 06:08:00,96.961,96.963,96.97,96.96,96.987,96.991,96.993,96.986,88
2014-10-08 06:08:00,2014-10-08 06:09:00,96.963,96.97,96.977,96.961,96.991,96.996,96.999,96.986,109
2014-10-08 06:09:00,2014-10-08 06:10:00,96.97,96.975,96.978,96.952,96.996,97.001,97.002,96.974,138
2014-10-08 06:10:00,2014-10-08 06:11:00,96.975,96.961,96.975,96.961,97.001,96.987,97.004,96.984,111
2014-10-08 06:11:00,2014-10-08 06:12:00,96.961,96.953,96.962,96.953,96.987,96.98,96.988,96.978,58
2014-10-08 06:12:00,2014-10-08 06:13:00,96.953,96.956,96.962,96.945,96.98,96.982,96.99,96.971,172
2014-10-08 06:13:00,2014-10-08 06:14:00,96.956,96.958,96.96,96.946,96.982,96.98,96.985,96.971,122
2014-10-08 06:14:00,2014-10-08 06:15:00,96.958,96.935,96.958,96.935,96.98,96.96,96.982,96.96,136
2014-10-08 06:15:00,2014-10-08 06:16:00,96.935,96.94,96.95,96.933,96.96,96.964,96.977,96.958,107
2014-10-08 06:16:00,2014-10-08 06:17:00,96.94,96.942,96.945,96.932,96.964,96.966,96.968,96.955,130
2014-10-08 06:17:00,2014-10-08 06:18:00,96.942,96.938,96.952,96.935,96.966,96.962,96.976,96.959,121
2014-10-08 06:18:00,2014-10-08 06:19:00,96.938,96.954,96.954,96.938,96.962,96.978,96.98,96.962,210
2014-10-08 06:19:00,2014-10-08 06:20:00,96.954,96.941,96.954,96.937,96.978,96.966,96.977,96.96,77
2014-10-08 06:20:00,2014-10-08 06:21:00,96.941,96.934,96.948,96.927,96.966,96.961,96.975,96.95,188
2014-10-08 06:21:00,2014-10-08 06:22:00,96.934,96.927,96.948,96.919,96.961,96.955,96.973,96.947,214
2014-10-08 06:22:00,2014-10-08 06:23:00,96.927,96.92,96.927,96.912,96.955,96.946,96.954,96.937,176
2014-10-08 06:23:00,2014-10-08 06:24:00,96.92,96.935,96.936,96.92,96.946,96.963,96.963,96.947,130
2014-10-08 06:24:00,2014-10-08 06:25:00,96.935,96.92,96.935,96.916,96.963,96.947,96.96,96.943,116
2014-10-08 06:25:00,2014-10-08 06:26:00,96.92,96.927,96.933,96.91,96.947,96.952,96.959,96.937,220
2014-10-08 06:26:00,2014-10-08 06:27:00,96.927,96.934,96.936,96.926,96.952,96.962,96.963,96.951,91
2014-10-08 06:27:00,2014-10-08 06:28:00,96.934,96.933,96.937,96.93,96.962,96.956,96.963,96.954,47
2014-10-08 06:28:00,2014-10-08 06:29:00,96.933,96.943,96.948,96.933,96.956,96.971,96.976,96.956,128
2014-10-08 06:29:00,2014-10-08 06:30:00,96.943,96.94,96.948,96.934,96.971,96.969,96.976,96.963,69
2014-10-08 06:30:00,2014-10-08 06:31:00,96.94,96.932,96.958,96.931,96.969,96.96,96.985,96.96,182
2014-10-08 06:31:00,2014-10-08 06:32:00,96.932,96.936,96.941,96.929,96.96,96.961,96.967,96.958,83
2014-10-08 06:32:00,2014-10-08 06:33:00,96.936,96.928,96.935,96.927,96.961,96.956,96.962,96.954,49
2014-10-08 06:33:00,2014-10-08 06:34:00,96.928,96.924,96.937,96.924,96.956,96.95,96.961,96.95,69
2014-10-08 06:34:00,2014-10-08 06:35:00,96.924,96.903,96.924,96.9,96.95,96.929,96.948,96.925,93
2014-10-08 06:35:00,2014-10-08 06:36:00,96.903,96.912,96.929,96.9,96.929,96.941,96.952,96.925,217
2014-10-08 06:36:00,2014-10-08 06:37:00,96.912,96.929,96.93,96.912,96.941,96.953,96.955,96.936,110
2014-10-08 06:37:00,2014-10-08 06:38:00,96.929,96.924,96.927,96.911,96.953,96.95,96.956,96.936,107
2014-10-08 06:38:00,2014-10-08 06:39:00,96.924,96.925,96.935,96.922,96.95,96.951,96.959,96.949,60
2014-10-08 06:39:00,2014-10-08 06:40:00,96.925,96.916,96.928,96.912,96.951,96.942,96.954,96.939,112
2014-10-08 06:40:00,2014-10-08 06:41:00,96.916,96.904,96.924,96.899,96.942,96.93,96.949,96.926,193
2014-10-08 06:41:00,2014-10-08 06:42:00,96.904,96.91,96.914,96.903,96.93,96.931,96.94,96.93,80
2014-10-08 06:42:00,2014-10-08 06:43:00,96.91,96.89,96.911,96.883,96.931,96.918,96.939,96.907,256
2014-10-08 06:43:00,2014-10-08 06:44:00,96.89,96.883,96.907,96.883,96.918,96.909,96.93,96.909,219
2014-10-08 06:44:00,2014-10-08 06:45:00,96.883,96.89,96.902,96.878,96.909,96.915,96.928,96.902,141
2014-10-08 06:45:00,2014-10-08 06:46:00,96.89,96.9,96.902,96.89,96.915,96.927,96.927,96.914,110
2014-10-08 06:46:00,2014-10-08 06:47:00,96.9,96.881,96.9,96.88,96.927,96.907,96.926,96.904,88
2014-10-08 06:47:00,2014-10-08 06:48:00,96.881,96.849,96.88,96.847,96.907,96.876,96.907,96.871,136
2014-10-08 06:48:00,2014-10-08 06:49:00,96.849,96.849,96.849,96.838,96.876,96.877,96.877,96.866,122
2014-10-08 06:49:00,2014-10-08 06:50:00,96.849,96.841,96.86,96.832,96.877,96.869,96.884,96.86,251
2014-10-08 06:50:00,2014-10-08 06:51:00,96.841,96.835,96.849,96.816,96.869,96.862,96.877,96.843,253
2014-10-08 06:51:00,2014-10-08 06:52:00,96.835,96.82,96.844,96.812,96.862,96.848,96.872,96.841,358
2014-10-08 06:52:00,2014-10-08 06:53:00,96.82,96.835,96.844,96.821,96.848,96.866,96.871,96.848,239
2014-10-08 06:53:00,2014-10-08 06:54:00,96.835,96.811,96.841,96.811,96.866,96.837,96.869,96.837,362
2014-10-08 06:54:00,2014-10-08 06:55:00,96.811,96.833,96.835,96.8,96.837,96.861,96.861,96.828,218
2014-10-08 06:55:00,2014-10-08 06:56:00,96.833,96.811,96.836,96.807,96.861,96.839,96.862,96.832,151
2014-10-08 06:56:00,2014-10-08 06:57:00,96.811,96.817,96.817,96.792,96.839,96.842,96.843,96.816,101
2014-10-08 06:57:00,2014-10-08 06:58:00,96.817,96.808,96.816,96.802,96.842,96.834,96.842,96.826,171
2014-10-08 06:58:00,2014-10-08 06:59:00,96.808,96.814,96.826,96.806,96.834,96.84,96.852,96.834,179
2014-10-08 06:59:00,2014-10-08 07:00:00,96.814,96.844,96.845,96.813,96.84,96.871,96.871,96.839,223
2014-10-08 07:00:00,2014-10-08 07:01:00,96.844,96.852,96.872,96.843,96.871,96.879,96.896,96.868,301
2014-10-08 07:01:00,2014-10-08 07:02:00,96.852,96.843,96.862,96.84,96.879,96.869,96.888,96.866,216
2014-10-08 07:02:00,2014-10-08 07:03:00,96.843,96.854,96.86,96.837,96.869,96.88,96.886,96.861,177
2014-10-08 07:03:00,2014-10-08 07:04:00,96.854,96.846,96.867,96.842,96.88,96.873,96.893,96.869,253
2014-10-08 07:04:00,2014-10-08 07:05:00,96.846,96.833,96.846,96.827,96.873,96.859,96.873,96.854,220
2014-10-08 07:05:00,2014-10-08 07:06:00,96.833,96.837,96.837,96.825,96.859,96.863,96.864,96.851,153
2014-10-08 07:06:00,2014-10-08 07:07:00,96.837,96.836,96.844,96.83,96.863,96.864,96.87,96.855,344
2014-10-08 07:07:00,2014-10-08 07:08:00,96.836,96.825,96.838,96.807,96.864,96.851,96.865,96.834,275
2014-10-08 07:08:00,2014-10-08 07:09:00,96.825,96.822,96.836,96.82,96.851,96.85,96.86,96.848,236
2014-10-08 07:09:00,2014-10-08 07:10:00,96.822,96.816,96.838,96.813,96.85,96.843,96.865,96.841,190
2014-10-08 07:10:00,2014-10-08 07:11:00,96.816,96.809,96.821,96.797,96.843,96.836,96.845,96.824,220
2014-10-08 07:11:00,2014-10-08 07:12:00,96.809,96.813,96.813,96.79,96.836,96.839,96.839,96.815,202
2014-10-08 07:12:00,2014-10-08 07:13:00,96.813,96.793,96.813,96.789,96.839,96.82,96.839,96.815,212
2014-10-08 07:13:00,2014-10-08 07:14:00,96.793,96.811,96.811,96.783,96.82,96.836,96.837,96.808,298
2014-10-08 07:14:00,2014-10-08 07:15:00,96.811,96.8,96.811,96.795,96.836,96.828,96.838,96.822,230
2014-10-08 07:15:00,2014-10-08 07:16:00,96.8,96.813,96.816,96.795,96.828,96.841,96.843,96.818,407
2014-10-08 07:16:00,2014-10-08 07:17:00,96.813,96.826,96.826,96.812,96.841,96.853,96.853,96.839,91
2014-10-08 07:17:00,2014-10-08 07:18:00,96.826,96.818,96.83,96.814,96.853,96.846,96.857,96.841,244
2014-10-08 07:18:00,2014-10-08 07:19:00,96.818,96.795,96.828,96.792,96.846,96.821,96.854,96.818,150
2014-10-08 07:19:00,2014-10-08 07:20:00,96.795,96.795,96.796,96.777,96.821,96.822,96.822,96.805,187
2014-10-08 07:20:00,2014-10-08 07:21:00,96.795,96.8,96.8,96.783,96.822,96.826,96.827,96.81,120
2014-10-08 07:21:00,2014-10-08 07:22:00,96.8,96.8,96.804,96.789,96.826,96.828,96.831,96.816,163
2014-10-08 07:22:00,2014-10-08 07:23:00,96.8,96.781,96.802,96.781,96.828,96.809,96.829,96.809,167
2014-10-08 07:23:00,2014-10-08 07:24:00,96.781,96.785,96.797,96.781,96.809,96.814,96.823,96.81,109
2014-10-08 07:24:00,2014-10-08 07:25:00,96.785,96.784,96.79,96.777,96.814,96.813,96.817,96.804,168
2014-10-08 07:25:00,2014-10-08 07:26:00,96.784,96.797,96.799,96.781,96.813,96.824,96.824,96.807,200
2014-10-08 07:26:00,2014-10-08 07:27:00,96.797,96.809,96.821,96.788,96.824,96.838,96.846,96.817,455
2014-10-08 07:27:00,2014-10-08 07:28:00,96.809,96.82,96.823,96.796,96.838,96.843,96.845,96.822,237
2014-10-08 07:28:00,2014-10-08 07:29:00,96.82,96.817,96.828,96.81,96.843,96.844,96.852,96.835,216
2014-10-08 07:29:00,2014-10-08 07:30:00,96.817,96.836,96.84,96.817,96.844,96.864,96.869,96.841,339
2014-10-08 07:30:00,2014-10-08 07:31:00,96.836,96.818,96.842,96.818,96.864,96.845,96.868,96.843,302
2014-10-08 07:31:00,2014-10-08 07:32:00,96.818,96.841,96.843,96.818,96.845,96.866,96.87,96.844,271
2014-10-08 07:32:00,2014-10-08 07:33:00,96.841,96.829,96.839,96.823,96.866,96.855,96.866,96.848,397
2014-10-08 07:33:00,2014-10-08 07:34:00,96.829,96.832,96.838,96.823,96.855,96.858,96.862,96.847,182
2014-10-08 07:34:00,2014-10-08 07:35:00,96.832,96.842,96.842,96.825,96.858,96.868,96.868,96.852,286
2014-10-08 07:35:00,2014-10-08 07:36:00,96.842,96.833,96.843,96.824,96.868,96.857,96.868,96.851,136
2014-10-08 07:36:00,2014-10-08 07:37:00,96.833,96.828,96.833,96.812,96.857,96.852,96.858,96.838,256
2014-10-08 07:37:00,2014-10-08 07:38:00,96.828,96.844,96.845,96.82,96.852,96.87,96.872,96.842,254
2014-10-08 07:38:00,2014-10-08 07:39:00,96.844,96.845,96.856,96.842,96.87,96.872,96.88,96.866,142
2014-10-08 07:39:00,2014-10-08 07:40:00,96.845,96.848,96.861,96.839,96.872,96.876,96.887,96.866,328
2014-10-08 07:40:00,2014-10-08 07:41:00,96.848,96.831,96.861,96.823,96.876,96.857,96.887,96.851,200
2014-10-08 07:41:00,2014-10-08 07:42:00,96.831,96.83,96.832,96.813,96.857,96.858,96.859,96.84,235
2014-10-08 07:42:00,2014-10-08 07:43:00,96.83,96.843,96.844,96.825,96.858,96.871,96.872,96.853,194
2014-10-08 07:43:00,2014-10-08 07:44:00,96.843,96.836,96.852,96.836,96.871,96.864,96.879,96.864,77
2014-10-08 07:44:00,2014-10-08 07:45:00,96.836,96.823,96.84,96.823,96.864,96.852,96.867,96.852,102
2014-10-08 07:45:00,2014-10-08 07:46:00,96.823,96.813,96.823,96.803,96.852,96.84,96.85,96.83,198
2014-10-08 07:46:00,2014-10-08 07:47:00,96.813,96.812,96.816,96.797,96.84,96.838,96.841,96.823,170
2014-10-08 07:47:00,2014-10-08 07:48:00,96.812,96.797,96.817,96.792,96.838,96.822,96.843,96.815,305
2014-10-08 07:48:00,2014-10-08 07:49:00,96.797,96.803,96.803,96.778,96.822,96.829,96.831,96.804,641
2014-10-08 07:49:00,2014-10-08 07:50:00,96.803,96.797,96.807,96.786,96.829,96.821,96.832,96.806,402
2014-10-08 07:50:00,2014-10-08 07:51:00,96.797,96.791,96.805,96.784,96.821,96.815,96.831,96.807,178
2014-10-08 07:51:00,2014-10-08 07:52:00,96.791,96.791,96.798,96.782,96.815,96.818,96.82,96.807,229
2014-10-08 07:52:00,2014-10-08 07:53:00,96.791,96.768,96.791,96.768,96.818,96.794,96.818,96.794,335
2014-10-08 07:53:00,2014-10-08 07:54:00,96.768,96.78,96.784,96.768,96.794,96.807,96.807,96.792,183
2014-10-08 07:54:00,2014-10-08 07:55:00,96.78,96.76,96.784,96.758,96.807,96.788,96.809,96.786,250
2014-10-08 07:55:00,2014-10-08 07:56:00,96.76,96.772,96.782,96.76,96.788,96.796,96.805,96.785,276
2014-10-08 07:56:00,2014-10-08 07:57:00,96.772,96.772,96.776,96.76,96.796,96.799,96.8,96.783,231
2014-10-08 07:57:00,2014-10-08 07:58:00,96.772,96.76,96.772,96.746,96.799,96.786,96.798,96.773,365
2014-10-08 07:58:00,2014-10-08 07:59:00,96.76,96.763,96.772,96.757,96.786,96.79,96.799,96.784,276
2014-10-08 07:59:00,2014-10-08 08:00:00,96.763,96.748,96.773,96.739,96.79,96.778,96.801,96.768,313
2014-10-08 08:00:00,2014-10-08 08:01:00,96.748,96.762,96.762,96.749,96.778,96.79,96.79,96.776,123
2014-10-08 08:01:00,2014-10-08 08:02:00,96.762,96.743,96.762,96.74,96.79,96.77,96.789,96.768,408
2014-10-08 08:02:00,2014-10-08 08:03:00,96.743,96.755,96.758,96.743,96.77,96.781,96.785,96.77,228
2014-10-08 08:03:00,2014-10-08 08:04:00,96.755,96.739,96.755,96.738,96.781,96.764,96.784,96.764,129
2014-10-08 08:04:00,2014-10-08 08:05:00,96.739,96.741,96.746,96.727,96.764,96.768,96.774,96.754,220
2014-10-08 08:05:00,2014-10-08 08:06:00,96.741,96.754,96.756,96.737,96.768,96.782,96.783,96.765,196
2014-10-08 08:06:00,2014-10-08 08:07:00,96.754,96.765,96.767,96.747,96.782,96.791,96.793,96.773,278
2014-10-08 08:07:00,2014-10-08 08:08:00,96.765,96.759,96.773,96.753,96.791,96.787,96.8,96.78,237
2014-10-08 08:08:00,2014-10-08 08:09:00,96.759,96.781,96.783,96.76,96.787,96.809,96.809,96.787,207
2014-10-08 08:09:00,2014-10-08 08:10:00,96.781,96.768,96.781,96.761,96.809,96.794,96.808,96.786,103
2014-10-08 08:10:00,2014-10-08 08:11:00,96.768,96.769,96.788,96.768,96.794,96.797,96.814,96.794,192
2014-10-08 08:11:00,2014-10-08 08:12:00,96.769,96.774,96.787,96.757,96.797,96.8,96.813,96.786,200
2014-10-08 08:12:00,2014-10-08 08:13:00,96.774,96.797,96.803,96.773,96.8,96.824,96.828,96.8,234
2014-10-08 08:13:00,2014-10-08 08:14:00,96.797,96.824,96.833,96.795,96.824,96.853,96.86,96.823,353
2014-10-08 08:14:00,2014-10-08 08:15:00,96.824,96.81,96.824,96.801,96.853,96.839,96.852,96.825,293
2014-10-08 08:15:00,2014-10-08 08:16:00,96.81,96.804,96.813,96.798,96.839,96.831,96.839,96.826,141
2014-10-08 08:16:00,2014-10-08 08:17:00,96.804,96.821,96.825,96.799,96.831,96.85,96.851,96.828,223
2014-10-08 08:17:00,2014-10-08 08:18:00,96.821,96.812,96.824,96.812,96.85,96.839,96.85,96.835,102
2014-10-08 08:18:00,2014-10-08 08:19:00,96.812,96.811,96.812,96.802,96.839,96.84,96.84,96.828,87
2014-10-08 08:19:00,2014-10-08 08:20:00,96.811,96.793,96.811,96.791,96.84,96.821,96.84,96.818,74
2014-10-08 08:20:00,2014-10-08 08:21:00,96.793,96.794,96.795,96.787,96.821,96.823,96.824,96.815,65
2014-10-08 08:21:00,2014-10-08 08:22:00,96.794,96.791,96.814,96.79,96.823,96.817,96.837,96.817,129
2014-10-08 08:22:00,2014-10-08 08:23:00,96.791,96.783,96.801,96.78,96.817,96.81,96.826,96.808,133
2014-10-08 08:23:00,2014-10-08 08:24:00,96.783,96.774,96.789,96.767,96.81,96.801,96.816,96.792,180
2014-10-08 08:24:00,2014-10-08 08:25:00,96.774,96.774,96.779,96.763,96.801,96.799,96.808,96.79,117
2014-10-08 08:25:00,2014-10-08 08:26:00,96.774,96.775,96.779,96.751,96.799,96.798,96.802,96.777,172
2014-10-08 08:26:00,2014-10-08 08:27:00,96.775,96.771,96.779,96.763,96.798,96.797,96.803,96.788,110
2014-10-08 08:27:00,2014-10-08 08:28:00,96.771,96.775,96.794,96.772,96.797,96.802,96.821,96.797,192
2014-10-08 08:28:00,2014-10-08 08:29:00,96.775,96.786,96.792,96.773,96.802,96.813,96.817,96.8,183
2014-10-08 08:29:00,2014-10-08 08:30:00,96.786,96.784,96.792,96.78,96.813,96.808,96.816,96.797,157
2014-10-08 08:30:00,2014-10-08 08:31:00,96.784,96.785,96.795,96.781,96.808,96.812,96.821,96.808,74
2014-10-08 08:31:00,2014-10-08 08:32:00,96.785,96.783,96.789,96.773,96.812,96.81,96.816,96.8,125
2014-10-08 08:32:00,2014-10-08 08:33:00,96.783,96.794,96.796,96.785,96.81,96.818,96.818,96.81,19
2014-10-08 08:33:00,2014-10-08 08:34:00,96.794,96.786,96.799,96.781,96.818,96.814,96.823,96.809,170
2014-10-08 08:34:00,2014-10-08 08:35:00,96.786,96.789,96.805,96.782,96.814,96.816,96.83,96.81,213
2014-10-08 08:35:00,2014-10-08 08:36:00,96.789,96.784,96.797,96.779,96.816,96.813,96.824,96.806,249
2014-10-08 08:36:00,2014-10-08 08:37:00,96.784,96.769,96.797,96.764,96.813,96.795,96.823,96.791,366
2014-10-08 08:37:00,2014-10-08 08:38:00,96.769,96.777,96.784,96.763,96.795,96.806,96.812,96.789,303
2014-10-08 08:38:00,2014-10-08 08:39:00,96.777,96.795,96.815,96.767,96.806,96.819,96.841,96.791,469
2014-10-08 08:39:00,2014-10-08 08:40:00,96.795,96.786,96.81,96.781,96.819,96.813,96.836,96.809,420
2014-10-08 08:40:00,2014-10-08 08:41:00,96.786,96.797,96.801,96.776,96.813,96.824,96.828,96.805,316
2014-10-08 08:41:00,2014-10-08 08:42:00,96.797,96.801,96.803,96.786,96.824,96.831,96.831,96.813,260
2014-10-08 08:42:00,2014-10-08 08:43:00,96.801,96.804,96.807,96.802,96.831,96.832,96.836,96.831,45
2014-10-08 08:43:00,2014-10-08 08:44:00,96.804,96.787,96.806,96.786,96.832,96.813,96.833,96.813,161
2014-10-08 08:44:00,2014-10-08 08:45:00,96.787,96.771,96.789,96.771,96.813,96.799,96.813,96.798,196
2014-10-08 08:45:00,2014-10-08 08:46:00,96.771,96.749,96.775,96.748,96.799,96.774,96.803,96.773,282
2014-10-08 08:46:00,2014-10-08 08:47:00,96.749,96.725,96.756,96.715,96.774,96.751,96.784,96.74,431
2014-10-08 08:47:00,2014-10-08 08:48:00,96.725,96.716,96.736,96.715,96.751,96.743,96.761,96.74,374
2014-10-08 08:48:00,2014-10-08 08:49:00,96.716,96.724,96.73,96.709,96.743,96.75,96.757,96.734,366
2014-10-08 08:49:00,2014-10-08 08:50:00,96.724,96.741,96.745,96.724,96.75,96.764,96.771,96.751,218
2014-10-08 08:50:00,2014-10-08 08:51:00,96.741,96.722,96.741,96.711,96.764,96.749,96.765,96.736,387
2014-10-08 08:51:00,2014-10-08 08:52:00,96.722,96.736,96.739,96.722,96.749,96.762,96.766,96.745,341
2014-10-08 08:52:00,2014-10-08 08:53:00,96.736,96.733,96.762,96.733,96.762,96.76,96.788,96.758,366
2014-10-08 08:53:00,2014-10-08 08:54:00,96.733,96.74,96.749,96.732,96.76,96.764,96.774,96.756,303
2014-10-08 08:54:00,2014-10-08 08:55:00,96.74,96.739,96.743,96.729,96.764,96.763,96.767,96.753,222
2014-10-08 08:55:00,2014-10-08 08:56:00,96.739,96.745,96.75,96.739,96.763,96.768,96.775,96.763,137
2014-10-08 08:56:00,2014-10-08 08:57:00,96.745,96.751,96.754,96.736,96.768,96.777,96.782,96.759,321
2014-10-08 08:57:00,2014-10-08 08:58:00,96.751,96.738,96.753,96.736,96.777,96.766,96.779,96.761,229
2014-10-08 08:58:00,2014-10-08 08:59:00,96.738,96.732,96.743,96.732,96.766,96.761,96.771,96.76,152
2014-10-08 08:59:00,2014-10-08 09:00:00,96.732,96.715,96.732,96.713,96.761,96.743,96.759,96.742,138
2014-10-08 09:00:00,2014-10-08 09:01:00,96.715,96.714,96.721,96.708,96.743,96.74,96.747,96.735,201
2014-10-08 09:01:00,2014-10-08 09:02:00,96.714,96.717,96.724,96.711,96.74,96.743,96.751,96.738,176
2014-10-08 09:02:00,2014-10-08 09:03:00,96.717,96.734,96.745,96.711,96.743,96.761,96.772,96.74,389
2014-10-08 09:03:00,2014-10-08 09:04:00,96.734,96.739,96.745,96.733,96.761,96.762,96.771,96.759,166
2014-10-08 09:04:00,2014-10-08 09:05:00,96.739,96.7,96.742,96.698,96.762,96.723,96.763,96.723,207
2014-10-08 09:05:00,2014-10-08 09:06:00,96.7,96.683,96.7,96.658,96.723,96.707,96.721,96.679,637
2014-10-08 09:06:00,2014-10-08 09:07:00,96.683,96.699,96.704,96.68,96.707,96.726,96.729,96.708,238
2014-10-08 09:07:00,2014-10-08 09:08:00,96.699,96.683,96.7,96.665,96.726,96.709,96.725,96.69,279
2014-10-08 09:08:00,2014-10-08 09:09:00,96.683,96.678,96.69,96.658,96.709,96.703,96.715,96.685,635
2014-10-08 09:09:00,2014-10-08 09:10:00,96.678,96.68,96.71,96.676,96.703,96.707,96.736,96.703,295
2014-10-08 09:10:00,2014-10-08 09:11:00,96.68,96.678,96.69,96.667,96.707,96.705,96.717,96.693,326
2014-10-08 09:11:00,2014-10-08 09:12:00,96.678,96.663,96.68,96.653,96.705,96.691,96.706,96.676,542
2014-10-08 09:12:00,2014-10-08 09:13:00,96.663,96.671,96.682,96.654,96.691,96.698,96.707,96.678,459
2014-10-08 09:13:00,2014-10-08 09:14:00,96.671,96.669,96.674,96.655,96.698,96.694,96.701,96.683,287
2014-10-08 09:14:00,2014-10-08 09:15:00,96.669,96.657,96.698,96.657,96.694,96.686,96.724,96.684,406
2014-10-08 09:15:00,2014-10-08 09:16:00,96.657,96.677,96.689,96.657,96.686,96.701,96.712,96.685,443
2014-10-08 09:16:00,2014-10-08 09:17:00,96.677,96.7,96.703,96.676,96.701,96.726,96.73,96.7,278
2014-10-08 09:17:00,2014-10-08 09:18:00,96.7,96.715,96.717,96.696,96.726,96.74,96.74,96.721,322
2014-10-08 09:18:00,2014-10-08 09:19:00,96.715,96.721,96.728,96.712,96.74,96.743,96.749,96.737,297
2014-10-08 09:19:00,2014-10-08 09:20:00,96.721,96.723,96.73,96.713,96.743,96.75,96.754,96.738,181
2014-10-08 09:20:00,2014-10-08 09:21:00,96.723,96.717,96.725,96.713,96.75,96.742,96.751,96.739,147
2014-10-08 09:21:00,2014-10-08 09:22:00,96.717,96.713,96.724,96.706,96.742,96.739,96.749,96.734,232
2014-10-08 09:22:00,2014-10-08 09:23:00,96.713,96.707,96.714,96.695,96.739,96.732,96.742,96.724,172
2014-10-08 09:23:00,2014-10-08 09:24:00,96.707,96.706,96.715,96.695,96.732,96.731,96.738,96.721,212
2014-10-08 09:24:00,2014-10-08 09:25:00,96.706,96.712,96.713,96.7,96.731,96.741,96.741,96.727,142
2014-10-08 09:25:00,2014-10-08 09:26:00,96.712,96.727,96.728,96.709,96.741,96.755,96.756,96.736,223
2014-10-08 09:26:00,2014-10-08 09:27:00,96.727,96.726,96.728,96.712,96.755,96.751,96.753,96.737,169
2014-10-08 09:27:00,2014-10-08 09:28:00,96.726,96.727,96.731,96.718,96.751,96.751,96.754,96.74,178
2014-10-08 09:28:00,2014-10-08 09:29:00,96.727,96.717,96.727,96.715,96.751,96.745,96.752,96.739,119
2014-10-08 09:29:00,2014-10-08 09:30:00,96.717,96.709,96.726,96.703,96.745,96.732,96.745,96.73,84
2014-10-08 09:30:00,2014-10-08 09:31:00,96.709,96.698,96.711,96.698,96.732,96.726,96.733,96.725,130
2014-10-08 09:31:00,2014-10-08 09:32:00,96.698,96.718,96.728,96.698,96.726,96.744,96.752,96.726,156
2014-10-08 09:32:00,2014-10-08 09:33:00,96.718,96.723,96.728,96.717,96.744,96.748,96.752,96.744,159
2014-10-08 09:33:00,2014-10-08 09:34:00,96.723,96.726,96.731,96.718,96.748,96.753,96.757,96.746,157
2014-10-08 09:34:00,2014-10-08 09:35:00,96.726,96.727,96.739,96.725,96.753,96.754,96.766,96.751,125
2014-10-08 09:35:00,2014-10-08 09:36:00,96.727,96.713,96.727,96.711,96.754,96.739,96.755,96.736,122
2014-10-08 09:36:00,2014-10-08 09:37:00,96.713,96.714,96.721,96.71,96.739,96.742,96.749,96.738,125
2014-10-08 09:37:00,2014-10-08 09:38:00,96.714,96.716,96.716,96.706,96.742,96.74,96.743,96.732,330
2014-10-08 09:38:00,2014-10-08 09:39:00,96.716,96.722,96.723,96.711,96.74,96.745,96.752,96.737,330
2014-10-08 09:39:00,2014-10-08 09:40:00,96.722,96.707,96.733,96.702,96.745,96.729,96.755,96.726,89
2014-10-08 09:40:00,2014-10-08 09:41:00,96.707,96.706,96.717,96.701,96.729,96.734,96.744,96.725,149
2014-10-08 09:41:00,2014-10-08 09:42:00,96.706,96.7,96.708,96.7,96.734,96.727,96.735,96.723,74
2014-10-08 09:42:00,2014-10-08 09:43:00,96.7,96.704,96.713,96.699,96.727,96.732,96.739,96.727,123
2014-10-08 09:43:00,2014-10-08 09:44:00,96.704,96.711,96.724,96.703,96.732,96.74,96.75,96.729,192
2014-10-08 09:44:00,2014-10-08 09:45:00,96.711,96.718,96.726,96.71,96.74,96.745,96.752,96.731,263
2014-10-08 09:45:00,2014-10-08 09:46:00,96.718,96.716,96.725,96.715,96.745,96.742,96.751,96.741,106
2014-10-08 09:46:00,2014-10-08 09:47:00,96.716,96.726,96.733,96.716,96.742,96.753,96.759,96.743,60
2014-10-08 09:47:00,2014-10-08 09:48:00,96.726,96.754,96.757,96.726,96.753,96.782,96.783,96.752,214
2014-10-08 09:48:00,2014-10-08 09:49:00,96.754,96.756,96.76,96.746,96.782,96.782,96.785,96.773,134
2014-10-08 09:49:00,2014-10-08 09:50:00,96.756,96.756,96.777,96.753,96.782,96.781,96.8,96.777,218
2014-10-08 09:50:00,2014-10-08 09:51:00,96.756,96.765,96.774,96.754,96.781,96.791,96.801,96.779,191
2014-10-08 09:51:00,2014-10-08 09:52:00,96.765,96.765,96.772,96.753,96.791,96.79,96.797,96.778,173
2014-10-08 09:52:00,2014-10-08 09:53:00,96.765,96.752,96.774,96.747,96.79,96.779,96.8,96.776,171
2014-10-08 09:53:00,2014-10-08 09:54:00,96.752,96.76,96.762,96.744,96.779,96.785,96.786,96.768,126
2014-10-08 09:54:00,2014-10-08 09:55:00,96.76,96.773,96.789,96.762,96.785,96.799,96.815,96.785,314
2014-10-08 09:55:00,2014-10-08 09:56:00,96.773,96.779,96.783,96.763,96.799,96.807,96.81,96.787,228
2014-10-08 09:56:00,2014-10-08 09:57:00,96.779,96.768,96.783,96.767,96.807,96.793,96.809,96.79,212
2014-10-08 09:57:00,2014-10-08 09:58:00,96.768,96.789,96.793,96.765,96.793,96.815,96.819,96.789,211
2014-10-08 09:58:00,2014-10-08 09:59:00,96.789,96.793,96.795,96.783,96.815,96.816,96.822,96.807,189
2014-10-08 09:59:00,2014-10-08 10:00:00,96.793,96.792,96.8,96.789,96.816,96.817,96.825,96.812,151
2014-10-08 10:00:00,2014-10-08 10:01:00,96.792,96.792,96.795,96.786,96.817,96.816,96.818,96.808,70
2014-10-08 10:01:00,2014-10-08 10:02:00,96.792,96.795,96.804,96.79,96.816,96.821,96.83,96.811,212
2014-10-08 10:02:00,2014-10-08 10:03:00,96.795,96.805,96.813,96.792,96.821,96.829,96.837,96.815,243
2014-10-08 10:03:00,2014-10-08 10:04:00,96.805,96.796,96.81,96.796,96.829,96.821,96.835,96.82,248
2014-10-08 10:04:00,2014-10-08 10:05:00,96.796,96.799,96.802,96.787,96.821,96.821,96.826,96.812,146
2014-10-08 10:05:00,2014-10-08 10:06:00,96.799,96.801,96.803,96.788,96.821,96.825,96.828,96.812,122
2014-10-08 10:06:00,2014-10-08 10:07:00,96.801,96.797,96.807,96.795,96.825,96.823,96.831,96.822,108
2014-10-08 10:07:00,2014-10-08 10:08:00,96.797,96.798,96.801,96.784,96.823,96.82,96.829,96.808,172
2014-10-08 10:08:00,2014-10-08 10:09:00,96.798,96.796,96.805,96.787,96.82,96.823,96.826,96.814,120
2014-10-08 10:09:00,2014-10-08 10:10:00,96.796,96.801,96.802,96.792,96.823,96.83,96.831,96.818,110
2014-10-08 10:10:00,2014-10-08 10:11:00,96.801,96.826,96.837,96.795,96.83,96.852,96.865,96.822,276
2014-10-08 10:11:00,2014-10-08 10:12:00,96.826,96.837,96.842,96.827,96.852,96.863,96.87,96.852,182
2014-10-08 10:12:00,2014-10-08 10:13:00,96.837,96.826,96.842,96.826,96.863,96.852,96.865,96.852,175
2014-10-08 10:13:00,2014-10-08 10:14:00,96.826,96.822,96.834,96.815,96.852,96.851,96.86,96.838,306
2014-10-08 10:14:00,2014-10-08 10:15:00,96.822,96.831,96.832,96.815,96.851,96.857,96.857,96.84,130
2014-10-08 10:15:00,2014-10-08 10:16:00,96.831,96.835,96.843,96.825,96.857,96.859,96.869,96.851,103
2014-10-08 10:16:00,2014-10-08 10:17:00,96.835,96.813,96.838,96.813,96.859,96.837,96.864,96.837,105
2014-10-08 10:17:00,2014-10-08 10:18:00,96.813,96.81,96.814,96.805,96.837,96.835,96.838,96.826,109
2014-10-08 10:18:00,2014-10-08 10:19:00,96.81,96.81,96.816,96.8,96.835,96.838,96.844,96.823,169
2014-10-08 10:19:00,2014-10-08 10:20:00,96.81,96.822,96.825,96.81,96.838,96.85,96.85,96.837,140
2014-10-08 10:20:00,2014-10-08 10:21:00,96.822,96.823,96.829,96.813,96.85,96.847,96.854,96.838,123
2014-10-08 10:21:00,2014-10-08 10:22:00,96.823,96.823,96.827,96.815,96.847,96.851,96.855,96.841,77
2014-10-08 10:22:00,2014-10-08 10:23:00,96.823,96.82,96.825,96.817,96.851,96.841,96.851,96.839,57
2014-10-08 10:23:00,2014-10-08 10:24:00,96.82,96.817,96.826,96.815,96.841,96.839,96.849,96.839,37
2014-10-08 10:24:00,2014-10-08 10:25:00,96.817,96.824,96.828,96.816,96.839,96.852,96.852,96.839,95
2014-10-08 10:25:00,2014-10-08 10:26:00,96.824,96.833,96.839,96.824,96.852,96.857,96.865,96.851,115
2014-10-08 10:26:00,2014-10-08 10:27:00,96.833,96.834,96.84,96.83,96.857,96.86,96.865,96.855,82
2014-10-08 10:27:00,2014-10-08 10:28:00,96.834,96.833,96.837,96.831,96.86,96.86,96.863,96.857,41
2014-10-08 10:28:00,2014-10-08 10:29:00,96.833,96.841,96.842,96.828,96.86,96.867,96.869,96.855,96
2014-10-08 10:29:00,2014-10-08 10:30:00,96.841,96.841,96.842,96.832,96.867,96.868,96.87,96.858,105
2014-10-08 10:30:00,2014-10-08 10:31:00,96.841,96.838,96.849,96.83,96.868,96.865,96.874,96.856,132
2014-10-08 10:31:00,2014-10-08 10:32:00,96.838,96.845,96.848,96.838,96.865,96.87,96.874,96.864,91
2014-10-08 10:32:00,2014-10-08 10:33:00,96.845,96.84,96.847,96.836,96.87,96.867,96.872,96.861,130
2014-10-08 10:33:00,2014-10-08 10:34:00,96.84,96.853,96.854,96.841,96.867,96.88,96.881,96.867,74
2014-10-08 10:34:00,2014-10-08 10:35:00,96.853,96.851,96.861,96.851,96.88,96.879,96.886,96.876,161
2014-10-08 10:35:00,2014-10-08 10:36:00,96.851,96.851,96.853,96.847,96.879,96.877,96.88,96.874,56
2014-10-08 10:36:00,2014-10-08 10:37:00,96.851,96.839,96.855,96.839,96.877,96.866,96.881,96.866,80
2014-10-08 10:37:00,2014-10-08 10:38:00,96.839,96.857,96.862,96.837,96.866,96.885,96.887,96.864,185
2014-10-08 10:38:00,2014-10-08 10:39:00,96.857,96.85,96.862,96.85,96.885,96.874,96.888,96.874,79
2014-10-08 10:39:00,2014-10-08 10:40:00,96.85,96.851,96.852,96.834,96.874,96.873,96.875,96.86,99
2014-10-08 10:40:00,2014-10-08 10:41:00,96.851,96.851,96.857,96.844,96.873,96.877,96.883,96.871,149
2014-10-08 10:41:00,2014-10-08 10:42:00,96.851,96.857,96.873,96.849,96.877,96.882,96.894,96.876,227
2014-10-08 10:42:00,2014-10-08 10:43:00,96.857,96.856,96.86,96.852,96.882,96.883,96.887,96.878,89
2014-10-08 10:43:00,2014-10-08 10:44:00,96.856,96.854,96.858,96.843,96.883,96.88,96.885,96.87,85
2014-10-08 10:44:00,2014-10-08 10:45:00,96.854,96.859,96.863,96.847,96.88,96.885,96.888,96.873,153
2014-10-08 10:45:00,2014-10-08 10:46:00,96.859,96.877,96.879,96.857,96.885,96.904,96.906,96.885,148
2014-10-08 10:46:00,2014-10-08 10:47:00,96.877,96.868,96.877,96.868,96.904,96.895,96.903,96.895,70
2014-10-08 10:47:00,2014-10-08 10:48:00,96.868,96.876,96.881,96.868,96.895,96.903,96.907,96.894,70
2014-10-08 10:48:00,2014-10-08 10:49:00,96.876,96.873,96.886,96.873,96.903,96.898,96.914,96.898,70
2014-10-08 10:49:00,2014-10-08 10:50:00,96.873,96.887,96.892,96.871,96.898,96.913,96.916,96.898,202
2014-10-08 10:50:00,2014-10-08 10:51:00,96.887,96.866,96.886,96.865,96.913,96.893,96.913,96.883,114
2014-10-08 10:51:00,2014-10-08 10:52:00,96.866,96.878,96.883,96.867,96.893,96.905,96.91,96.893,83
2014-10-08 10:52:00,2014-10-08 10:53:00,96.878,96.932,96.952,96.876,96.905,96.96,96.972,96.903,557
2014-10-08 10:53:00,2014-10-08 10:54:00,96.932,96.931,96.94,96.919,96.96,96.956,96.966,96.946,282
2014-10-08 10:54:00,2014-10-08 10:55:00,96.931,96.944,96.952,96.924,96.956,96.973,96.978,96.95,218
2014-10-08 10:55:00,2014-10-08 10:56:00,96.944,96.945,96.949,96.929,96.973,96.966,96.976,96.956,174
2014-10-08 10:56:00,2014-10-08 10:57:00,96.945,96.96,96.961,96.941,96.966,96.987,96.987,96.964,162
2014-10-08 10:57:00,2014-10-08 10:58:00,96.96,96.967,96.973,96.954,96.987,96.988,96.998,96.975,269
2014-10-08 10:58:00,2014-10-08 10:59:00,96.967,96.978,96.984,96.967,96.988,97.005,97.007,96.987,320
2014-10-08 10:59:00,2014-10-08 11:00:00,96.978,96.985,96.993,96.963,97.005,97.008,97.016,96.987,272
2014-10-08 11:00:00,2014-10-08 11:01:00,96.985,96.974,96.986,96.963,97.008,96.996,97.01,96.986,188
2014-10-08 11:01:00,2014-10-08 11:02:00,96.974,96.953,96.974,96.952,96.996,96.975,97.002,96.973,248
2014-10-08 11:02:00,2014-10-08 11:03:00,96.953,96.939,96.956,96.936,96.975,96.965,96.978,96.959,145
2014-10-08 11:03:00,2014-10-08 11:04:00,96.939,96.927,96.956,96.927,96.965,96.951,96.982,96.951,211
2014-10-08 11:04:00,2014-10-08 11:05:00,96.927,96.928,96.928,96.918,96.951,96.954,96.955,96.944,106
2014-10-08 11:05:00,2014-10-08 11:06:00,96.928,96.919,96.933,96.917,96.954,96.946,96.957,96.943,94
2014-10-08 11:06:00,2014-10-08 11:07:00,96.919,96.919,96.925,96.908,96.946,96.945,96.951,96.932,218
2014-10-08 11:07:00,2014-10-08 11:08:00,96.919,96.938,96.945,96.917,96.945,96.965,96.97,96.941,373
2014-10-08 11:08:00,2014-10-08 11:09:00,96.938,96.951,96.955,96.934,96.965,96.977,96.981,96.961,259
2014-10-08 11:09:00,2014-10-08 11:10:00,96.951,96.937,96.951,96.937,96.977,96.963,96.976,96.961,170
2014-10-08 11:10:00,2014-10-08 11:11:00,96.937,96.946,96.946,96.934,96.963,96.97,96.971,96.958,164
2014-10-08 11:11:00,2014-10-08 11:12:00,96.946,96.938,96.947,96.937,96.97,96.964,96.972,96.963,52
2014-10-08 11:12:00,2014-10-08 11:13:00,96.938,96.928,96.938,96.928,96.964,96.955,96.964,96.95,87
2014-10-08 11:13:00,2014-10-08 11:14:00,96.928,96.946,96.955,96.929,96.955,96.969,96.978,96.954,178
2014-10-08 11:14:00,2014-10-08 11:15:00,96.946,96.932,96.963,96.93,96.969,96.959,96.987,96.956,355
2014-10-08 11:15:00,2014-10-08 11:16:00,96.932,96.942,96.949,96.933,96.959,96.968,96.972,96.957,154
2014-10-08 11:16:00,2014-10-08 11:17:00,96.942,96.948,96.956,96.935,96.968,96.974,96.981,96.957,290
2014-10-08 11:17:00,2014-10-08 11:18:00,96.948,96.949,96.959,96.942,96.974,96.972,96.984,96.966,210
2014-10-08 11:18:00,2014-10-08 11:19:00,96.949,96.92,96.946,96.911,96.972,96.943,96.972,96.938,179
2014-10-08 11:19:00,2014-10-08 11:20:00,96.92,96.908,96.924,96.902,96.943,96.934,96.949,96.928,152
2014-10-08 11:20:00,2014-10-08 11:21:00,96.908,96.904,96.913,96.901,96.934,96.929,96.939,96.927,129
2014-10-08 11:21:00,2014-10-08 11:22:00,96.904,96.923,96.93,96.904,96.929,96.947,96.957,96.926,233
2014-10-08 11:22:00,2014-10-08 11:23:00,96.923,96.931,96.939,96.924,96.947,96.957,96.965,96.947,90
2014-10-08 11:23:00,2014-10-08 11:24:00,96.931,96.951,96.959,96.931,96.957,96.978,96.983,96.957,236
2014-10-08 11:24:00,2014-10-08 11:25:00,96.951,96.949,96.952,96.936,96.978,96.976,96.978,96.961,241
2014-10-08 11:25:00,2014-10-08 11:26:00,96.949,96.94,96.955,96.94,96.976,96.966,96.98,96.966,86
2014-10-08 11:26:00,2014-10-08 11:27:00,96.94,96.928,96.942,96.925,96.966,96.952,96.967,96.949,192
2014-10-08 11:27:00,2014-10-08 11:28:00,96.928,96.938,96.939,96.925,96.952,96.964,96.965,96.949,118
2014-10-08 11:28:00,2014-10-08 11:29:00,96.938,96.922,96.943,96.918,96.964,96.944,96.966,96.94,109
2014-10-08 11:29:00,2014-10-08 11:30:00,96.922,96.935,96.938,96.919,96.944,96.958,96.963,96.94,147
2014-10-08 11:30:00,2014-10-08 11:31:00,96.935,96.946,96.956,96.934,96.958,96.972,96.984,96.957,140
2014-10-08 11:31:00,2014-10-08 11:32:00,96.946,96.952,96.956,96.942,96.972,96.978,96.982,96.969,154
2014-10-08 11:32:00,2014-10-08 11:33:00,96.952,96.949,96.959,96.944,96.978,96.972,96.983,96.967,116
2014-10-08 11:33:00,2014-10-08 11:34:00,96.949,96.921,96.951,96.92,96.972,96.947,96.977,96.946,230
2014-10-08 11:34:00,2014-10-08 11:35:00,96.921,96.923,96.933,96.918,96.947,96.947,96.959,96.94,177
2014-10-08 11:35:00,2014-10-08 11:36:00,96.923,96.904,96.923,96.898,96.947,96.929,96.947,96.923,267
2014-10-08 11:36:00,2014-10-08 11:37:00,96.904,96.906,96.91,96.897,96.929,96.932,96.935,96.925,137
2014-10-08 11:37:00,2014-10-08 11:38:00,96.906,96.899,96.913,96.898,96.932,96.926,96.937,96.922,223
2014-10-08 11:38:00,2014-10-08 11:39:00,96.899,96.918,96.922,96.9,96.926,96.943,96.948,96.926,206
2014-10-08 11:39:00,2014-10-08 11:40:00,96.918,96.919,96.93,96.911,96.943,96.945,96.957,96.936,176
2014-10-08 11:40:00,2014-10-08 11:41:00,96.919,96.922,96.93,96.917,96.945,96.947,96.957,96.942,179
2014-10-08 11:41:00,2014-10-08 11:42:00,96.922,96.89,96.924,96.887,96.947,96.915,96.952,96.91,230
2014-10-08 11:42:00,2014-10-08 11:43:00,96.89,96.907,96.907,96.886,96.915,96.93,96.933,96.913,150
2014-10-08 11:43:00,2014-10-08 11:44:00,96.907,96.902,96.912,96.897,96.93,96.926,96.938,96.923,178
2014-10-08 11:44:00,2014-10-08 11:45:00,96.902,96.9,96.913,96.888,96.926,96.924,96.938,96.911,317
2014-10-08 11:45:00,2014-10-08 11:46:00,96.9,96.888,96.904,96.881,96.924,96.914,96.931,96.908,180
2014-10-08 11:46:00,2014-10-08 11:47:00,96.888,96.892,96.898,96.888,96.914,96.918,96.923,96.911,170
2014-10-08 11:47:00,2014-10-08 11:48:00,96.892,96.901,96.92,96.892,96.918,96.928,96.946,96.918,226
2014-10-08 11:48:00,2014-10-08 11:49:00,96.901,96.902,96.904,96.892,96.928,96.929,96.931,96.918,131
2014-10-08 11:49:00,2014-10-08 11:50:00,96.902,96.886,96.907,96.883,96.929,96.914,96.931,96.909,227
2014-10-08 11:50:00,2014-10-08 11:51:00,96.886,96.893,96.9,96.884,96.914,96.92,96.925,96.91,240
2014-10-08 11:51:00,2014-10-08 11:52:00,96.893,96.893,96.897,96.885,96.92,96.917,96.923,96.909,174
2014-10-08 11:52:00,2014-10-08 11:53:00,96.893,96.883,96.897,96.88,96.917,96.91,96.922,96.903,103
2014-10-08 11:53:00,2014-10-08 11:54:00,96.883,96.906,96.917,96.884,96.91,96.929,96.94,96.91,185
2014-10-08 11:54:00,2014-10-08 11:55:00,96.906,96.895,96.905,96.886,96.929,96.921,96.929,96.912,216
2014-10-08 11:55:00,2014-10-08 11:56:00,96.895,96.898,96.904,96.891,96.921,96.922,96.929,96.916,134
2014-10-08 11:56:00,2014-10-08 11:57:00,96.898,96.897,96.898,96.887,96.922,96.924,96.924,96.91,97
2014-10-08 11:57:00,2014-10-08 11:58:00,96.897,96.888,96.903,96.888,96.924,96.914,96.929,96.91,147
2014-10-08 11:58:00,2014-10-08 11:59:00,96.888,96.879,96.887,96.872,96.914,96.904,96.914,96.895,339
2014-10-08 11:59:00,2014-10-08 12:00:00,96.879,96.912,96.912,96.877,96.904,96.94,96.94,96.9,179
2014-10-08 12:00:00,2014-10-08 12:01:00,96.912,96.911,96.92,96.908,96.94,96.935,96.946,96.933,210
2014-10-08 12:01:00,2014-10-08 12:02:00,96.911,96.902,96.916,96.896,96.935,96.927,96.94,96.919,192
2014-10-08 12:02:00,2014-10-08 12:03:00,96.902,96.917,96.927,96.9,96.927,96.943,96.953,96.927,140
2014-10-08 12:03:00,2014-10-08 12:04:00,96.917,96.905,96.919,96.905,96.943,96.931,96.945,96.931,138
2014-10-08 12:04:00,2014-10-08 12:05:00,96.905,96.898,96.915,96.894,96.931,96.924,96.941,96.918,220
2014-10-08 12:05:00,2014-10-08 12:06:00,96.898,96.923,96.923,96.898,96.924,96.945,96.945,96.925,221
2014-10-08 12:06:00,2014-10-08 12:07:00,96.923,96.913,96.929,96.911,96.945,96.939,96.954,96.937,392
2014-10-08 12:07:00,2014-10-08 12:08:00,96.913,96.911,96.92,96.895,96.939,96.937,96.947,96.919,382
2014-10-08 12:08:00,2014-10-08 12:09:00,96.911,96.901,96.926,96.898,96.937,96.927,96.949,96.922,367
2014-10-08 12:09:00,2014-10-08 12:10:00,96.901,96.873,96.921,96.873,96.927,96.897,96.945,96.894,300
2014-10-08 12:10:00,2014-10-08 12:11:00,96.873,96.875,96.884,96.865,96.897,96.898,96.907,96.887,250
2014-10-08 12:11:00,2014-10-08 12:12:00,96.875,96.89,96.89,96.872,96.898,96.918,96.918,96.895,120
2014-10-08 12:12:00,2014-10-08 12:13:00,96.89,96.919,96.919,96.887,96.918,96.944,96.945,96.909,253
2014-10-08 12:13:00,2014-10-08 12:14:00,96.919,96.921,96.928,96.911,96.944,96.945,96.953,96.936,272
2014-10-08 12:14:00,2014-10-08 12:15:00,96.921,96.914,96.927,96.905,96.945,96.94,96.955,96.93,193
2014-10-08 12:15:00,2014-10-08 12:16:00,96.914,96.92,96.931,96.915,96.94,96.947,96.956,96.94,128
2014-10-08 12:16:00,2014-10-08 12:17:00,96.92,96.923,96.926,96.912,96.947,96.95,96.952,96.935,223
2014-10-08 12:17:00,2014-10-08 12:18:00,96.923,96.911,96.931,96.909,96.95,96.937,96.957,96.934,95
2014-10-08 12:18:00,2014-10-08 12:19:00,96.911,96.898,96.914,96.898,96.937,96.922,96.937,96.922,172
2014-10-08 12:19:00,2014-10-08 12:20:00,96.898,96.912,96.916,96.894,96.922,96.936,96.94,96.92,190
2014-10-08 12:20:00,2014-10-08 12:21:00,96.912,96.892,96.916,96.888,96.936,96.917,96.942,96.911,204
2014-10-08 12:21:00,2014-10-08 12:22:00,96.892,96.877,96.903,96.876,96.917,96.899,96.927,96.899,290
2014-10-08 12:22:00,2014-10-08 12:23:00,96.877,96.863,96.886,96.863,96.899,96.889,96.911,96.889,243
2014-10-08 12:23:00,2014-10-08 12:24:00,96.863,96.869,96.869,96.863,96.889,96.894,96.894,96.889,46
2014-10-08 12:24:00,2014-10-08 12:25:00,96.869,96.884,96.902,96.868,96.894,96.91,96.929,96.894,174
2014-10-08 12:25:00,2014-10-08 12:26:00,96.884,96.907,96.911,96.884,96.91,96.931,96.932,96.908,126
2014-10-08 12:26:00,2014-10-08 12:27:00,96.907,96.914,96.916,96.902,96.931,96.936,96.94,96.925,97
2014-10-08 12:27:00,2014-10-08 12:28:00,96.914,96.917,96.921,96.906,96.936,96.941,96.942,96.93,181
2014-10-08 12:28:00,2014-10-08 12:29:00,96.917,96.917,96.926,96.904,96.941,96.942,96.95,96.93,183
2014-10-08 12:29:00,2014-10-08 12:30:00,96.917,96.889,96.917,96.884,96.942,96.916,96.942,96.908,283
2014-10-08 12:30:00,2014-10-08 12:31:00,96.889,96.876,96.897,96.875,96.916,96.902,96.922,96.899,161
2014-10-08 12:31:00,2014-10-08 12:32:00,96.876,96.86,96.876,96.858,96.902,96.886,96.902,96.882,228
2014-10-08 12:32:00,2014-10-08 12:33:00,96.86,96.838,96.869,96.83,96.886,96.863,96.895,96.855,274
2014-10-08 12:33:00,2014-10-08 12:34:00,96.838,96.841,96.845,96.833,96.863,96.866,96.872,96.853,139
2014-10-08 12:34:00,2014-10-08 12:35:00,96.841,96.847,96.85,96.834,96.866,96.871,96.872,96.856,176
2014-10-08 12:35:00,2014-10-08 12:36:00,96.847,96.85,96.853,96.839,96.871,96.876,96.879,96.867,184
2014-10-08 12:36:00,2014-10-08 12:37:00,96.85,96.853,96.864,96.849,96.876,96.88,96.89,96.874,342
2014-10-08 12:37:00,2014-10-08 12:38:00,96.853,96.826,96.853,96.818,96.88,96.853,96.879,96.843,359
2014-10-08 12:38:00,2014-10-08 12:39:00,96.826,96.818,96.847,96.816,96.853,96.848,96.872,96.841,445
2014-10-08 12:39:00,2014-10-08 12:40:00,96.818,96.786,96.822,96.786,96.848,96.813,96.85,96.809,452
2014-10-08 12:40:00,2014-10-08 12:41:00,96.786,96.728,96.791,96.727,96.813,96.75,96.817,96.746,530
2014-10-08 12:41:00,2014-10-08 12:42:00,96.728,96.73,96.74,96.723,96.75,96.758,96.767,96.748,269
2014-10-08 12:42:00,2014-10-08 12:43:00,96.73,96.714,96.739,96.713,96.758,96.739,96.765,96.738,347
2014-10-08 12:43:00,2014-10-08 12:44:00,96.714,96.705,96.714,96.698,96.739,96.73,96.741,96.72,223
2014-10-08 12:44:00,2014-10-08 12:45:00,96.705,96.698,96.709,96.684,96.73,96.724,96.732,96.711,328
2014-10-08 12:45:00,2014-10-08 12:46:00,96.698,96.731,96.744,96.692,96.724,96.755,96.768,96.717,428
2014-10-08 12:46:00,2014-10-08 12:47:00,96.731,96.737,96.75,96.727,96.755,96.765,96.777,96.752,226
2014-10-08 12:47:00,2014-10-08 12:48:00,96.737,96.752,96.753,96.735,96.765,96.775,96.777,96.761,169
2014-10-08 12:48:00,2014-10-08 12:49:00,96.752,96.752,96.759,96.752,96.775,96.777,96.784,96.775,147
2014-10-08 12:49:00,2014-10-08 12:50:00,96.752,96.705,96.753,96.702,96.777,96.733,96.78,96.73,255
2014-10-08 12:50:00,2014-10-08 12:51:00,96.705,96.709,96.718,96.698,96.733,96.736,96.743,96.726,263
2014-10-08 12:51:00,2014-10-08 12:52:00,96.709,96.71,96.721,96.705,96.736,96.736,96.743,96.731,228
2014-10-08 12:52:00,2014-10-08 12:53:00,96.71,96.712,96.72,96.703,96.736,96.738,96.743,96.729,145
2014-10-08 12:53:00,2014-10-08 12:54:00,96.712,96.666,96.712,96.651,96.738,96.691,96.737,96.673,257
2014-10-08 12:54:00,2014-10-08 12:55:00,96.666,96.692,96.694,96.664,96.691,96.718,96.722,96.689,237
2014-10-08 12:55:00,2014-10-08 12:56:00,96.692,96.689,96.7,96.679,96.718,96.716,96.725,96.705,281
2014-10-08 12:56:00,2014-10-08 12:57:00,96.689,96.698,96.702,96.685,96.716,96.72,96.725,96.709,251
2014-10-08 12:57:00,2014-10-08 12:58:00,96.698,96.718,96.725,96.697,96.72,96.741,96.749,96.719,347
2014-10-08 12:58:00,2014-10-08 12:59:00,96.718,96.696,96.726,96.696,96.741,96.719,96.751,96.719,320
2014-10-08 12:59:00,2014-10-08 13:00:00,96.696,96.724,96.742,96.696,96.719,96.75,96.768,96.722,382
2014-10-08 13:00:00,2014-10-08 13:01:00,96.724,96.745,96.769,96.722,96.75,96.772,96.797,96.747,426
2014-10-08 13:01:00,2014-10-08 13:02:00,96.745,96.695,96.757,96.695,96.772,96.719,96.783,96.719,367
2014-10-08 13:02:00,2014-10-08 13:03:00,96.695,96.689,96.71,96.668,96.719,96.716,96.735,96.692,510
2014-10-08 13:03:00,2014-10-08 13:04:00,96.689,96.677,96.693,96.669,96.716,96.703,96.719,96.694,453
2014-10-08 13:04:00,2014-10-08 13:05:00,96.677,96.678,96.688,96.674,96.703,96.705,96.714,96.698,201
2014-10-08 13:05:00,2014-10-08 13:06:00,96.678,96.711,96.725,96.675,96.705,96.738,96.753,96.697,391
2014-10-08 13:06:00,2014-10-08 13:07:00,96.711,96.682,96.718,96.679,96.738,96.707,96.745,96.707,289
2014-10-08 13:07:00,2014-10-08 13:08:00,96.682,96.668,96.69,96.659,96.707,96.693,96.716,96.682,358
2014-10-08 13:08:00,2014-10-08 13:09:00,96.668,96.723,96.725,96.669,96.693,96.75,96.75,96.693,357
2014-10-08 13:09:00,2014-10-08 13:10:00,96.723,96.728,96.743,96.716,96.75,96.755,96.765,96.741,312
2014-10-08 13:10:00,2014-10-08 13:11:00,96.728,96.73,96.746,96.71,96.755,96.754,96.771,96.735,347
2014-10-08 13:11:00,2014-10-08 13:12:00,96.73,96.734,96.736,96.724,96.754,96.759,96.76,96.75,206
2014-10-08 13:12:00,2014-10-08 13:13:00,96.734,96.726,96.743,96.726,96.759,96.753,96.768,96.752,258
2014-10-08 13:13:00,2014-10-08 13:14:00,96.726,96.747,96.748,96.721,96.753,96.774,96.774,96.747,246
2014-10-08 13:14:00,2014-10-08 13:15:00,96.747,96.742,96.754,96.734,96.774,96.767,96.78,96.758,335
2014-10-08 13:15:00,2014-10-08 13:16:00,96.742,96.737,96.753,96.737,96.767,96.765,96.779,96.765,256
2014-10-08 13:16:00,2014-10-08 13:17:00,96.737,96.741,96.743,96.731,96.765,96.768,96.769,96.756,230
2014-10-08 13:17:00,2014-10-08 13:18:00,96.741,96.721,96.741,96.719,96.768,96.748,96.767,96.745,199
2014-10-08 13:18:00,2014-10-08 13:19:00,96.721,96.734,96.744,96.707,96.748,96.761,96.77,96.734,212
2014-10-08 13:19:00,2014-10-08 13:20:00,96.734,96.719,96.738,96.715,96.761,96.743,96.763,96.743,238
2014-10-08 13:20:00,2014-10-08 13:21:00,96.719,96.717,96.735,96.712,96.743,96.741,96.762,96.736,198
2014-10-08 13:21:00,2014-10-08 13:22:00,96.717,96.721,96.734,96.717,96.741,96.745,96.757,96.741,197
2014-10-08 13:22:00,2014-10-08 13:23:00,96.721,96.731,96.732,96.71,96.745,96.757,96.757,96.732,193
2014-10-08 13:23:00,2014-10-08 13:24:00,96.731,96.735,96.737,96.725,96.757,96.76,96.764,96.749,139
2014-10-08 13:24:00,2014-10-08 13:25:00,96.735,96.715,96.736,96.712,96.76,96.74,96.762,96.737,166
2014-10-08 13:25:00,2014-10-08 13:26:00,96.715,96.707,96.724,96.703,96.74,96.732,96.751,96.729,205
2014-10-08 13:26:00,2014-10-08 13:27:00,96.707,96.732,96.732,96.703,96.732,96.757,96.757,96.729,260
2014-10-08 13:27:00,2014-10-08 13:28:00,96.732,96.72,96.74,96.714,96.757,96.747,96.766,96.739,201
2014-10-08 13:28:00,2014-10-08 13:29:00,96.72,96.715,96.725,96.707,96.747,96.738,96.752,96.733,229
2014-10-08 13:29:00,2014-10-08 13:30:00,96.715,96.717,96.73,96.712,96.738,96.743,96.757,96.738,353
2014-10-08 13:30:00,2014-10-08 13:31:00,96.717,96.733,96.742,96.705,96.743,96.757,96.766,96.731,343
2014-10-08 13:31:00,2014-10-08 13:32:00,96.733,96.695,96.736,96.691,96.757,96.721,96.762,96.718,394
2014-10-08 13:32:00,2014-10-08 13:33:00,96.695,96.659,96.695,96.656,96.721,96.684,96.719,96.681,327
2014-10-08 13:33:00,2014-10-08 13:34:00,96.659,96.662,96.665,96.633,96.684,96.687,96.689,96.659,353
2014-10-08 13:34:00,2014-10-08 13:35:00,96.662,96.671,96.679,96.655,96.687,96.694,96.701,96.678,429
2014-10-08 13:35:00,2014-10-08 13:36:00,96.671,96.697,96.706,96.656,96.694,96.721,96.73,96.682,292
2014-10-08 13:36:00,2014-10-08 13:37:00,96.697,96.689,96.701,96.683,96.721,96.714,96.725,96.709,392
2014-10-08 13:37:00,2014-10-08 13:38:00,96.689,96.703,96.709,96.683,96.714,96.729,96.735,96.709,309
2014-10-08 13:38:00,2014-10-08 13:39:00,96.703,96.696,96.708,96.687,96.729,96.723,96.733,96.713,437
2014-10-08 13:39:00,2014-10-08 13:40:00,96.696,96.698,96.7,96.678,96.723,96.719,96.725,96.701,283
2014-10-08 13:40:00,2014-10-08 13:41:00,96.698,96.688,96.702,96.685,96.719,96.715,96.726,96.711,349
2014-10-08 13:41:00,2014-10-08 13:42:00,96.688,96.698,96.698,96.674,96.715,96.725,96.725,96.699,449
2014-10-08 13:42:00,2014-10-08 13:43:00,96.698,96.725,96.731,96.685,96.725,96.747,96.755,96.71,500
2014-10-08 13:43:00,2014-10-08 13:44:00,96.725,96.732,96.742,96.709,96.747,96.76,96.764,96.734,461
2014-10-08 13:44:00,2014-10-08 13:45:00,96.732,96.723,96.737,96.708,96.76,96.75,96.764,96.734,634
2014-10-08 13:45:00,2014-10-08 13:46:00,96.723,96.713,96.73,96.71,96.75,96.739,96.754,96.735,266
2014-10-08 13:46:00,2014-10-08 13:47:00,96.713,96.723,96.729,96.71,96.739,96.749,96.756,96.735,212
2014-10-08 13:47:00,2014-10-08 13:48:00,96.723,96.742,96.745,96.723,96.749,96.768,96.771,96.749,243
2014-10-08 13:48:00,2014-10-08 13:49:00,96.742,96.745,96.747,96.73,96.768,96.771,96.774,96.756,272
2014-10-08 13:49:00,2014-10-08 13:50:00,96.745,96.715,96.754,96.713,96.771,96.74,96.779,96.74,276
2014-10-08 13:50:00,2014-10-08 13:51:00,96.715,96.717,96.731,96.711,96.74,96.742,96.756,96.732,316
2014-10-08 13:51:00,2014-10-08 13:52:00,96.717,96.698,96.723,96.69,96.742,96.721,96.748,96.714,200
2014-10-08 13:52:00,2014-10-08 13:53:00,96.698,96.676,96.699,96.675,96.721,96.703,96.724,96.696,268
2014-10-08 13:53:00,2014-10-08 13:54:00,96.676,96.655,96.684,96.655,96.703,96.679,96.711,96.679,425
2014-10-08 13:54:00,2014-10-08 13:55:00,96.655,96.626,96.658,96.612,96.679,96.652,96.684,96.631,424
2014-10-08 13:55:00,2014-10-08 13:56:00,96.626,96.621,96.641,96.605,96.652,96.648,96.666,96.63,615
2014-10-08 13:56:00,2014-10-08 13:57:00,96.621,96.592,96.624,96.588,96.648,96.616,96.649,96.614,387
2014-10-08 13:57:00,2014-10-08 13:58:00,96.592,96.588,96.601,96.572,96.616,96.615,96.624,96.599,434
2014-10-08 13:58:00,2014-10-08 13:59:00,96.588,96.597,96.601,96.574,96.615,96.622,96.627,96.6,474
2014-10-08 13:59:00,2014-10-08 14:00:00,96.597,96.637,96.637,96.596,96.622,96.661,96.663,96.622,372
2014-10-08 14:00:00,2014-10-08 14:01:00,96.637,96.614,96.637,96.608,96.661,96.639,96.662,96.634,479
2014-10-08 14:01:00,2014-10-08 14:02:00,96.614,96.62,96.638,96.609,96.639,96.647,96.665,96.637,418
2014-10-08 14:02:00,2014-10-08 14:03:00,96.62,96.626,96.628,96.611,96.647,96.649,96.652,96.633,245
2014-10-08 14:03:00,2014-10-08 14:04:00,96.626,96.608,96.628,96.598,96.649,96.631,96.649,96.622,288
2014-10-08 14:04:00,2014-10-08 14:05:00,96.608,96.587,96.612,96.586,96.631,96.61,96.634,96.61,420
2014-10-08 14:05:00,2014-10-08 14:06:00,96.587,96.583,96.595,96.565,96.61,96.608,96.621,96.592,394
2014-10-08 14:06:00,2014-10-08 14:07:00,96.583,96.582,96.615,96.582,96.608,96.606,96.642,96.606,391
2014-10-08 14:07:00,2014-10-08 14:08:00,96.582,96.605,96.611,96.581,96.606,96.63,96.638,96.606,282
2014-10-08 14:08:00,2014-10-08 14:09:00,96.605,96.605,96.618,96.6,96.63,96.632,96.644,96.625,340
2014-10-08 14:09:00,2014-10-08 14:10:00,96.605,96.625,96.643,96.602,96.632,96.652,96.669,96.627,275
2014-10-08 14:10:00,2014-10-08 14:11:00,96.625,96.701,96.726,96.625,96.652,96.729,96.752,96.65,732
2014-10-08 14:11:00,2014-10-08 14:12:00,96.701,96.699,96.726,96.685,96.729,96.724,96.752,96.71,606
2014-10-08 14:12:00,2014-10-08 14:13:00,96.699,96.7,96.722,96.69,96.724,96.726,96.749,96.713,593
2014-10-08 14:13:00,2014-10-08 14:14:00,96.7,96.69,96.715,96.682,96.726,96.716,96.742,96.701,477
2014-10-08 14:14:00,2014-10-08 14:15:00,96.69,96.707,96.707,96.678,96.716,96.732,96.732,96.7,344
2014-10-08 14:15:00,2014-10-08 14:16:00,96.707,96.711,96.714,96.687,96.732,96.734,96.738,96.713,387
2014-10-08 14:16:00,2014-10-08 14:17:00,96.711,96.662,96.71,96.66,96.734,96.685,96.735,96.684,223
2014-10-08 14:17:00,2014-10-08 14:18:00,96.662,96.682,96.687,96.662,96.685,96.709,96.712,96.685,396
2014-10-08 14:18:00,2014-10-08 14:19:00,96.682,96.675,96.69,96.665,96.709,96.698,96.715,96.69,263
2014-10-08 14:19:00,2014-10-08 14:20:00,96.675,96.642,96.687,96.642,96.698,96.667,96.711,96.666,347
2014-10-08 14:20:00,2014-10-08 14:21:00,96.642,96.644,96.649,96.635,96.667,96.672,96.674,96.658,202
2014-10-08 14:21:00,2014-10-08 14:22:00,96.644,96.67,96.67,96.645,96.672,96.696,96.696,96.672,441
2014-10-08 14:22:00,2014-10-08 14:23:00,96.67,96.651,96.676,96.645,96.696,96.677,96.702,96.671,423
2014-10-08 14:23:00,2014-10-08 14:24:00,96.651,96.646,96.671,96.636,96.677,96.671,96.697,96.66,393
2014-10-08 14:24:00,2014-10-08 14:25:00,96.646,96.651,96.659,96.631,96.671,96.676,96.684,96.656,335
2014-10-08 14:25:00,2014-10-08 14:26:00,96.651,96.667,96.689,96.652,96.676,96.689,96.712,96.677,624
2014-10-08 14:26:00,2014-10-08 14:27:00,96.667,96.657,96.68,96.649,96.689,96.681,96.703,96.672,424
2014-10-08 14:27:00,2014-10-08 14:28:00,96.657,96.668,96.677,96.648,96.681,96.694,96.702,96.67,352
2014-10-08 14:28:00,2014-10-08 14:29:00,96.668,96.671,96.691,96.659,96.694,96.698,96.712,96.683,338
2014-10-08 14:29:00,2014-10-08 14:30:00,96.671,96.707,96.715,96.666,96.698,96.734,96.737,96.693,421
2014-10-08 14:30:00,2014-10-08 14:31:00,96.707,96.706,96.727,96.684,96.734,96.733,96.752,96.711,596
2014-10-08 14:31:00,2014-10-08 14:32:00,96.706,96.694,96.715,96.687,96.733,96.72,96.739,96.714,499
2014-10-08 14:32:00,2014-10-08 14:33:00,96.694,96.661,96.708,96.659,96.72,96.687,96.732,96.683,602
2014-10-08 14:33:00,2014-10-08 14:34:00,96.661,96.675,96.685,96.659,96.687,96.701,96.71,96.685,361
2014-10-08 14:34:00,2014-10-08 14:35:00,96.675,96.693,96.701,96.676,96.701,96.72,96.728,96.701,484
2014-10-08 14:35:00,2014-10-08 14:36:00,96.693,96.665,96.693,96.643,96.72,96.691,96.718,96.666,562
2014-10-08 14:36:00,2014-10-08 14:37:00,96.665,96.684,96.7,96.664,96.691,96.71,96.725,96.689,466
2014-10-08 14:37:00,2014-10-08 14:38:00,96.684,96.666,96.685,96.655,96.71,96.694,96.711,96.678,462
2014-10-08 14:38:00,2014-10-08 14:39:00,96.666,96.676,96.684,96.656,96.694,96.702,96.708,96.678,379
2014-10-08 14:39:00,2014-10-08 14:40:00,96.676,96.671,96.691,96.669,96.702,96.696,96.715,96.694,434
2014-10-08 14:40:00,2014-10-08 14:41:00,96.671,96.633,96.671,96.633,96.696,96.66,96.695,96.66,589
2014-10-08 14:41:00,2014-10-08 14:42:00,96.633,96.649,96.657,96.623,96.66,96.675,96.683,96.646,446
2014-10-08 14:42:00,2014-10-08 14:43:00,96.649,96.616,96.66,96.608,96.675,96.641,96.686,96.635,584
2014-10-08 14:43:00,2014-10-08 14:44:00,96.616,96.635,96.64,96.603,96.641,96.661,96.666,96.63,388
2014-10-08 14:44:00,2014-10-08 14:45:00,96.635,96.647,96.647,96.608,96.661,96.675,96.675,96.634,396
2014-10-08 14:45:00,2014-10-08 14:46:00,96.647,96.648,96.658,96.637,96.675,96.673,96.684,96.663,531
2014-10-08 14:46:00,2014-10-08 14:47:00,96.648,96.681,96.697,96.632,96.673,96.707,96.724,96.656,390
2014-10-08 14:47:00,2014-10-08 14:48:00,96.681,96.687,96.697,96.667,96.707,96.713,96.722,96.694,405
2014-10-08 14:48:00,2014-10-08 14:49:00,96.687,96.681,96.705,96.678,96.713,96.706,96.727,96.703,374
2014-10-08 14:49:00,2014-10-08 14:50:00,96.681,96.7,96.704,96.677,96.706,96.727,96.728,96.702,357
2014-10-08 14:50:00,2014-10-08 14:51:00,96.7,96.692,96.708,96.682,96.727,96.719,96.734,96.709,420
2014-10-08 14:51:00,2014-10-08 14:52:00,96.692,96.731,96.731,96.693,96.719,96.754,96.754,96.719,518
2014-10-08 14:52:00,2014-10-08 14:53:00,96.731,96.741,96.758,96.723,96.754,96.766,96.784,96.746,421
2014-10-08 14:53:00,2014-10-08 14:54:00,96.741,96.709,96.739,96.691,96.766,96.736,96.766,96.717,421
2014-10-08 14:54:00,2014-10-08 14:55:00,96.709,96.695,96.709,96.678,96.736,96.719,96.735,96.704,332
2014-10-08 14:55:00,2014-10-08 14:56:00,96.695,96.715,96.718,96.689,96.719,96.74,96.744,96.716,437
2014-10-08 14:56:00,2014-10-08 14:57:00,96.715,96.697,96.718,96.671,96.74,96.72,96.742,96.697,286
2014-10-08 14:57:00,2014-10-08 14:58:00,96.697,96.694,96.703,96.676,96.72,96.717,96.729,96.7,410
2014-10-08 14:58:00,2014-10-08 14:59:00,96.694,96.68,96.7,96.675,96.717,96.707,96.725,96.696,577
2014-10-08 14:59:00,2014-10-08 15:00:00,96.68,96.678,96.709,96.678,96.707,96.703,96.735,96.703,541
2014-10-08 15:00:00,2014-10-08 15:01:00,96.678,96.698,96.71,96.674,96.703,96.722,96.734,96.699,381
2014-10-08 15:01:00,2014-10-08 15:02:00,96.698,96.674,96.698,96.665,96.722,96.698,96.723,96.689,334
2014-10-08 15:02:00,2014-10-08 15:03:00,96.674,96.663,96.677,96.652,96.698,96.691,96.701,96.677,212
2014-10-08 15:03:00,2014-10-08 15:04:00,96.663,96.669,96.678,96.655,96.691,96.691,96.702,96.678,280
2014-10-08 15:04:00,2014-10-08 15:05:00,96.669,96.689,96.689,96.667,96.691,96.711,96.712,96.69,192
2014-10-08 15:05:00,2014-10-08 15:06:00,96.689,96.696,96.696,96.671,96.711,96.722,96.722,96.696,341
2014-10-08 15:06:00,2014-10-08 15:07:00,96.696,96.728,96.738,96.695,96.722,96.755,96.762,96.721,386
2014-10-08 15:07:00,2014-10-08 15:08:00,96.728,96.738,96.759,96.729,96.755,96.766,96.783,96.755,305
2014-10-08 15:08:00,2014-10-08 15:09:00,96.738,96.757,96.758,96.731,96.766,96.784,96.785,96.755,308
2014-10-08 15:09:00,2014-10-08 15:10:00,96.757,96.767,96.778,96.745,96.784,96.791,96.8,96.772,208
2014-10-08 15:10:00,2014-10-08 15:11:00,96.767,96.762,96.774,96.76,96.791,96.787,96.798,96.783,336
2014-10-08 15:11:00,2014-10-08 15:12:00,96.762,96.74,96.764,96.738,96.787,96.768,96.79,96.761,315
2014-10-08 15:12:00,2014-10-08 15:13:00,96.74,96.767,96.767,96.739,96.768,96.793,96.793,96.765,209
2014-10-08 15:13:00,2014-10-08 15:14:00,96.767,96.77,96.781,96.758,96.793,96.794,96.807,96.786,281
2014-10-08 15:14:00,2014-10-08 15:15:00,96.77,96.739,96.769,96.731,96.794,96.765,96.794,96.758,460
2014-10-08 15:15:00,2014-10-08 15:16:00,96.739,96.735,96.741,96.722,96.765,96.762,96.765,96.748,227
2014-10-08 15:16:00,2014-10-08 15:17:00,96.735,96.729,96.747,96.726,96.762,96.755,96.771,96.752,308
2014-10-08 15:17:00,2014-10-08 15:18:00,96.729,96.73,96.748,96.723,96.755,96.756,96.773,96.751,224
2014-10-08 15:18:00,2014-10-08 15:19:00,96.73,96.748,96.774,96.73,96.756,96.775,96.8,96.757,322
2014-10-08 15:19:00,2014-10-08 15:20:00,96.748,96.762,96.771,96.736,96.775,96.788,96.796,96.763,345
2014-10-08 15:20:00,2014-10-08 15:21:00,96.762,96.807,96.815,96.762,96.788,96.835,96.843,96.79,343
2014-10-08 15:21:00,2014-10-08 15:22:00,96.807,96.842,96.849,96.808,96.835,96.869,96.875,96.835,419
2014-10-08 15:22:00,2014-10-08 15:23:00,96.842,96.849,96.858,96.831,96.869,96.876,96.884,96.859,356
2014-10-08 15:23:00,2014-10-08 15:24:00,96.849,96.86,96.874,96.841,96.876,96.886,96.899,96.866,305
2014-10-08 15:24:00,2014-10-08 15:25:00,96.86,96.851,96.87,96.851,96.886,96.877,96.895,96.877,345
2014-10-08 15:25:00,2014-10-08 15:26:00,96.851,96.844,96.881,96.841,96.877,96.871,96.908,96.866,410
2014-10-08 15:26:00,2014-10-08 15:27:00,96.844,96.857,96.87,96.833,96.871,96.882,96.894,96.86,310
2014-10-08 15:27:00,2014-10-08 15:28:00,96.857,96.89,96.898,96.852,96.882,96.915,96.922,96.877,359
2014-10-08 15:28:00,2014-10-08 15:29:00,96.89,96.864,96.9,96.864,96.915,96.885,96.924,96.884,365
2014-10-08 15:29:00,2014-10-08 15:30:00,96.864,96.836,96.878,96.824,96.885,96.862,96.904,96.85,358
2014-10-08 15:30:00,2014-10-08 15:31:00,96.836,96.877,96.88,96.837,96.862,96.904,96.907,96.862,342
2014-10-08 15:31:00,2014-10-08 15:32:00,96.877,96.905,96.915,96.862,96.904,96.933,96.94,96.889,429
2014-10-08 15:32:00,2014-10-08 15:33:00,96.905,96.914,96.928,96.896,96.933,96.939,96.95,96.921,306
2014-10-08 15:33:00,2014-10-08 15:34:00,96.914,96.903,96.925,96.903,96.939,96.929,96.95,96.929,325
2014-10-08 15:34:00,2014-10-08 15:35:00,96.903,96.89,96.906,96.882,96.929,96.917,96.934,96.906,289
2014-10-08 15:35:00,2014-10-08 15:36:00,96.89,96.889,96.911,96.887,96.917,96.913,96.938,96.912,278
2014-10-08 15:36:00,2014-10-08 15:37:00,96.889,96.9,96.901,96.884,96.913,96.927,96.927,96.907,189
2014-10-08 15:37:00,2014-10-08 15:38:00,96.9,96.868,96.903,96.867,96.927,96.894,96.927,96.893,265
2014-10-08 15:38:00,2014-10-08 15:39:00,96.868,96.846,96.888,96.842,96.894,96.873,96.914,96.866,306
2014-10-08 15:39:00,2014-10-08 15:40:00,96.846,96.849,96.862,96.831,96.873,96.873,96.887,96.857,260
2014-10-08 15:40:00,2014-10-08 15:41:00,96.849,96.891,96.897,96.845,96.873,96.915,96.92,96.871,219
2014-10-08 15:41:00,2014-10-08 15:42:00,96.891,96.901,96.904,96.876,96.915,96.926,96.928,96.901,204
2014-10-08 15:42:00,2014-10-08 15:43:00,96.901,96.86,96.91,96.857,96.926,96.886,96.934,96.88,250
2014-10-08 15:43:00,2014-10-08 15:44:00,96.86,96.84,96.867,96.831,96.886,96.865,96.893,96.855,366
2014-10-08 15:44:00,2014-10-08 15:45:00,96.84,96.832,96.85,96.817,96.865,96.858,96.874,96.842,461
2014-10-08 15:45:00,2014-10-08 15:46:00,96.832,96.823,96.84,96.814,96.858,96.849,96.865,96.838,327
2014-10-08 15:46:00,2014-10-08 15:47:00,96.823,96.825,96.825,96.807,96.849,96.85,96.852,96.83,318
2014-10-08 15:47:00,2014-10-08 15:48:00,96.825,96.84,96.842,96.814,96.85,96.865,96.867,96.839,249
2014-10-08 15:48:00,2014-10-08 15:49:00,96.84,96.831,96.841,96.824,96.865,96.857,96.866,96.851,136
2014-10-08 15:49:00,2014-10-08 15:50:00,96.831,96.861,96.869,96.828,96.857,96.888,96.895,96.852,259
2014-10-08 15:50:00,2014-10-08 15:51:00,96.861,96.854,96.874,96.848,96.888,96.88,96.898,96.874,219
2014-10-08 15:51:00,2014-10-08 15:52:00,96.854,96.856,96.865,96.847,96.88,96.883,96.892,96.874,195
2014-10-08 15:52:00,2014-10-08 15:53:00,96.856,96.844,96.859,96.84,96.883,96.871,96.883,96.867,246
2014-10-08 15:53:00,2014-10-08 15:54:00,96.844,96.871,96.873,96.842,96.871,96.895,96.895,96.869,213
2014-10-08 15:54:00,2014-10-08 15:55:00,96.871,96.867,96.877,96.857,96.895,96.891,96.903,96.881,209
2014-10-08 15:55:00,2014-10-08 15:56:00,96.867,96.882,96.887,96.865,96.891,96.908,96.912,96.891,190
2014-10-08 15:56:00,2014-10-08 15:57:00,96.882,96.916,96.917,96.874,96.908,96.941,96.944,96.9,197
2014-10-08 15:57:00,2014-10-08 15:58:00,96.916,96.941,96.947,96.916,96.941,96.963,96.971,96.94,251
2014-10-08 15:58:00,2014-10-08 15:59:00,96.941,96.934,96.954,96.934,96.963,96.96,96.978,96.957,202
2014-10-08 15:59:00,2014-10-08 16:00:00,96.934,96.943,96.944,96.924,96.96,96.966,96.966,96.949,186
2014-10-08 16:00:00,2014-10-08 16:01:00,96.943,96.962,96.977,96.935,96.966,96.988,97.0,96.957,277
2014-10-08 16:01:00,2014-10-08 16:02:00,96.962,96.964,96.967,96.951,96.988,96.99,96.994,96.975,230
2014-10-08 16:02:00,2014-10-08 16:03:00,96.964,96.928,96.964,96.924,96.99,96.953,96.989,96.95,187
2014-10-08 16:03:00,2014-10-08 16:04:00,96.928,96.922,96.929,96.916,96.953,96.946,96.957,96.943,114
2014-10-08 16:04:00,2014-10-08 16:05:00,96.922,96.94,96.942,96.922,96.946,96.966,96.969,96.948,176
2014-10-08 16:05:00,2014-10-08 16:06:00,96.94,96.916,96.941,96.916,96.966,96.943,96.967,96.942,173
2014-10-08 16:06:00,2014-10-08 16:07:00,96.916,96.951,96.951,96.916,96.943,96.977,96.977,96.941,167
2014-10-08 16:07:00,2014-10-08 16:08:00,96.951,96.949,96.96,96.946,96.977,96.976,96.986,96.974,205
2014-10-08 16:08:00,2014-10-08 16:09:00,96.949,96.938,96.949,96.938,96.976,96.965,96.977,96.965,80
2014-10-08 16:09:00,2014-10-08 16:10:00,96.938,96.963,96.967,96.92,96.965,96.99,96.993,96.947,262
2014-10-08 16:10:00,2014-10-08 16:11:00,96.963,96.97,96.98,96.955,96.99,96.996,97.008,96.982,286
2014-10-08 16:11:00,2014-10-08 16:12:00,96.97,96.981,96.99,96.97,96.996,97.007,97.016,96.993,303
2014-10-08 16:12:00,2014-10-08 16:13:00,96.981,97.004,97.012,96.983,97.007,97.03,97.035,97.007,162
2014-10-08 16:13:00,2014-10-08 16:14:00,97.004,97.003,97.012,97.002,97.03,97.03,97.038,97.023,76
2014-10-08 16:14:00,2014-10-08 16:15:00,97.003,96.992,97.01,96.981,97.03,97.018,97.037,97.007,157
2014-10-08 16:15:00,2014-10-08 16:16:00,96.992,96.982,96.993,96.965,97.018,97.005,97.019,96.987,106
2014-10-08 16:16:00,2014-10-08 16:17:00,96.982,96.976,96.989,96.975,97.005,96.998,97.012,96.995,144
2014-10-08 16:17:00,2014-10-08 16:18:00,96.976,96.961,96.978,96.955,96.998,96.984,96.998,96.975,130
2014-10-08 16:18:00,2014-10-08 16:19:00,96.961,96.961,96.972,96.959,96.984,96.988,96.998,96.983,155
2014-10-08 16:19:00,2014-10-08 16:20:00,96.961,96.953,96.976,96.95,96.988,96.975,96.999,96.972,186
2014-10-08 16:20:00,2014-10-08 16:21:00,96.953,96.927,96.962,96.927,96.975,96.952,96.987,96.946,184
2014-10-08 16:21:00,2014-10-08 16:22:00,96.927,96.96,96.961,96.915,96.952,96.984,96.986,96.937,273
2014-10-08 16:22:00,2014-10-08 16:23:00,96.96,96.957,96.96,96.946,96.984,96.983,96.985,96.972,170
2014-10-08 16:23:00,2014-10-08 16:24:00,96.957,96.946,96.959,96.946,96.983,96.972,96.985,96.972,105
2014-10-08 16:24:00,2014-10-08 16:25:00,96.946,96.941,96.946,96.93,96.972,96.963,96.971,96.956,155
2014-10-08 16:25:00,2014-10-08 16:26:00,96.941,96.934,96.943,96.931,96.963,96.962,96.971,96.959,88
2014-10-08 16:26:00,2014-10-08 16:27:00,96.934,96.925,96.935,96.924,96.962,96.952,96.963,96.949,55
2014-10-08 16:27:00,2014-10-08 16:28:00,96.925,96.907,96.933,96.907,96.952,96.936,96.957,96.933,197
2014-10-08 16:28:00,2014-10-08 16:29:00,96.907,96.892,96.914,96.892,96.936,96.921,96.944,96.921,167
2014-10-08 16:29:00,2014-10-08 16:30:00,96.892,96.888,96.893,96.876,96.921,96.914,96.92,96.905,123
2014-10-08 16:30:00,2014-10-08 16:31:00,96.888,96.89,96.891,96.882,96.914,96.913,96.917,96.91,108
2014-10-08 16:31:00,2014-10-08 16:32:00,96.89,96.873,96.898,96.868,96.913,96.899,96.92,96.897,156
2014-10-08 16:32:00,2014-10-08 16:33:00,96.873,96.871,96.878,96.86,96.899,96.899,96.906,96.889,171
2014-10-08 16:33:00,2014-10-08 16:34:00,96.871,96.863,96.878,96.86,96.899,96.889,96.905,96.885,160
2014-10-08 16:34:00,2014-10-08 16:35:00,96.863,96.871,96.875,96.857,96.889,96.897,96.902,96.883,105
2014-10-08 16:35:00,2014-10-08 16:36:00,96.871,96.898,96.899,96.871,96.897,96.925,96.927,96.897,157
2014-10-08 16:36:00,2014-10-08 16:37:00,96.898,96.914,96.921,96.898,96.925,96.942,96.95,96.926,126
2014-10-08 16:37:00,2014-10-08 16:38:00,96.914,96.924,96.924,96.913,96.942,96.948,96.95,96.94,99
2014-10-08 16:38:00,2014-10-08 16:39:00,96.924,96.909,96.926,96.899,96.948,96.937,96.954,96.927,129
2014-10-08 16:39:00,2014-10-08 16:40:00,96.909,96.872,96.914,96.871,96.937,96.899,96.94,96.899,182
2014-10-08 16:40:00,2014-10-08 16:41:00,96.872,96.903,96.905,96.873,96.899,96.932,96.932,96.899,141
2014-10-08 16:41:00,2014-10-08 16:42:00,96.903,96.897,96.903,96.892,96.932,96.922,96.931,96.915,223
2014-10-08 16:42:00,2014-10-08 16:43:00,96.897,96.889,96.899,96.889,96.922,96.916,96.927,96.916,91
2014-10-08 16:43:00,2014-10-08 16:44:00,96.889,96.883,96.888,96.878,96.916,96.911,96.916,96.903,105
2014-10-08 16:44:00,2014-10-08 16:45:00,96.883,96.868,96.883,96.868,96.911,96.895,96.91,96.893,80
2014-10-08 16:45:00,2014-10-08 16:46:00,96.868,96.873,96.874,96.862,96.895,96.898,96.898,96.89,81
2014-10-08 16:46:00,2014-10-08 16:47:00,96.873,96.848,96.878,96.848,96.898,96.875,96.904,96.875,115
2014-10-08 16:47:00,2014-10-08 16:48:00,96.848,96.872,96.876,96.847,96.875,96.898,96.899,96.875,142
2014-10-08 16:48:00,2014-10-08 16:49:00,96.872,96.881,96.883,96.872,96.898,96.908,96.909,96.898,72
2014-10-08 16:49:00,2014-10-08 16:50:00,96.881,96.889,96.894,96.88,96.908,96.916,96.922,96.907,112
2014-10-08 16:50:00,2014-10-08 16:51:00,96.889,96.875,96.891,96.875,96.916,96.903,96.919,96.903,78
2014-10-08 16:51:00,2014-10-08 16:52:00,96.875,96.877,96.879,96.867,96.903,96.904,96.906,96.893,152
2014-10-08 16:52:00,2014-10-08 16:53:00,96.877,96.869,96.879,96.866,96.904,96.897,96.907,96.895,121
2014-10-08 16:53:00,2014-10-08 16:54:00,96.869,96.86,96.869,96.86,96.897,96.887,96.896,96.887,66
2014-10-08 16:54:00,2014-10-08 16:55:00,96.86,96.87,96.876,96.858,96.887,96.898,96.901,96.885,104
2014-10-08 16:55:00,2014-10-08 16:56:00,96.87,96.875,96.878,96.861,96.898,96.902,96.906,96.888,197
2014-10-08 16:56:00,2014-10-08 16:57:00,96.875,96.886,96.888,96.873,96.902,96.913,96.914,96.9,70
2014-10-08 16:57:00,2014-10-08 16:58:00,96.886,96.899,96.9,96.882,96.913,96.926,96.928,96.91,99
2014-10-08 16:58:00,2014-10-08 16:59:00,96.899,96.913,96.913,96.889,96.926,96.939,96.939,96.916,194
2014-10-08 16:59:00,2014-10-08 17:00:00,96.913,96.9,96.914,96.896,96.939,96.927,96.942,96.924,98
2014-10-08 17:00:00,2014-10-08 17:01:00,96.9,96.918,96.923,96.883,96.927,96.944,96.949,96.91,224
2014-10-08 17:01:00,2014-10-08 17:02:00,96.918,96.899,96.924,96.896,96.944,96.928,96.952,96.923,250
2014-10-08 17:02:00,2014-10-08 17:03:00,96.899,96.904,96.911,96.896,96.928,96.931,96.939,96.92,141
2014-10-08 17:03:00,2014-10-08 17:04:00,96.904,96.905,96.919,96.9,96.931,96.927,96.946,96.923,228
2014-10-08 17:04:00,2014-10-08 17:05:00,96.905,96.895,96.919,96.886,96.927,96.922,96.946,96.912,236
2014-10-08 17:05:00,2014-10-08 17:06:00,96.895,96.864,96.895,96.857,96.922,96.891,96.922,96.883,92
2014-10-08 17:06:00,2014-10-08 17:07:00,96.864,96.873,96.881,96.859,96.891,96.899,96.909,96.888,233
2014-10-08 17:07:00,2014-10-08 17:08:00,96.873,96.888,96.888,96.869,96.899,96.911,96.911,96.896,61
2014-10-08 17:08:00,2014-10-08 17:09:00,96.888,96.908,96.908,96.888,96.911,96.934,96.934,96.912,50
2014-10-08 17:09:00,2014-10-08 17:10:00,96.908,96.91,96.913,96.894,96.934,96.929,96.934,96.917,115
2014-10-08 17:10:00,2014-10-08 17:11:00,96.91,96.913,96.923,96.903,96.929,96.934,96.944,96.923,215
2014-10-08 17:11:00,2014-10-08 17:12:00,96.913,96.913,96.926,96.913,96.934,96.937,96.949,96.934,65
2014-10-08 17:12:00,2014-10-08 17:13:00,96.913,96.896,96.915,96.896,96.937,96.922,96.94,96.922,143
2014-10-08 17:13:00,2014-10-08 17:14:00,96.896,96.887,96.903,96.882,96.922,96.915,96.925,96.909,215
2014-10-08 17:14:00,2014-10-08 17:15:00,96.887,96.892,96.895,96.88,96.915,96.918,96.919,96.905,98
2014-10-08 17:15:00,2014-10-08 17:16:00,96.892,96.871,96.894,96.871,96.918,96.898,96.92,96.896,90
2014-10-08 17:16:00,2014-10-08 17:17:00,96.871,96.94,96.955,96.867,96.898,96.967,96.982,96.892,477
2014-10-08 17:17:00,2014-10-08 17:18:00,96.94,96.94,96.951,96.923,96.967,96.968,96.979,96.952,453
2014-10-08 17:18:00,2014-10-08 17:19:00,96.94,96.933,96.944,96.932,96.968,96.961,96.971,96.96,139
2014-10-08 17:19:00,2014-10-08 17:20:00,96.933,96.941,96.942,96.916,96.961,96.967,96.967,96.942,264
2014-10-08 17:20:00,2014-10-08 17:21:00,96.941,96.898,96.94,96.898,96.967,96.924,96.967,96.922,175
2014-10-08 17:21:00,2014-10-08 17:22:00,96.898,96.918,96.92,96.898,96.924,96.945,96.945,96.925,109
2014-10-08 17:22:00,2014-10-08 17:23:00,96.918,96.925,96.93,96.915,96.945,96.948,96.956,96.938,107
2014-10-08 17:23:00,2014-10-08 17:24:00,96.925,96.919,96.929,96.912,96.948,96.947,96.956,96.938,126
2014-10-08 17:24:00,2014-10-08 17:25:00,96.919,96.921,96.928,96.914,96.947,96.948,96.952,96.939,136
2014-10-08 17:25:00,2014-10-08 17:26:00,96.921,96.898,96.924,96.896,96.948,96.926,96.952,96.923,118
2014-10-08 17:26:00,2014-10-08 17:27:00,96.898,96.919,96.92,96.895,96.926,96.947,96.947,96.924,121
2014-10-08 17:27:00,2014-10-08 17:28:00,96.919,96.917,96.926,96.913,96.947,96.943,96.951,96.939,136
2014-10-08 17:28:00,2014-10-08 17:29:00,96.917,96.899,96.917,96.899,96.943,96.925,96.941,96.925,55
2014-10-08 17:29:00,2014-10-08 17:30:00,96.899,96.932,96.937,96.898,96.925,96.959,96.961,96.925,278
2014-10-08 17:30:00,2014-10-08 17:31:00,96.932,96.978,96.989,96.912,96.959,97.003,97.017,96.939,372
2014-10-08 17:31:00,2014-10-08 17:32:00,96.978,96.955,96.981,96.95,97.003,96.981,97.006,96.972,546
2014-10-08 17:32:00,2014-10-08 17:33:00,96.955,96.961,96.967,96.95,96.981,96.989,96.993,96.977,205
2014-10-08 17:33:00,2014-10-08 17:34:00,96.961,96.969,96.988,96.963,96.989,96.994,97.017,96.987,277
2014-10-08 17:34:00,2014-10-08 17:35:00,96.969,96.977,96.987,96.968,96.994,97.0,97.014,96.993,137
2014-10-08 17:35:00,2014-10-08 17:36:00,96.977,96.983,96.988,96.966,97.0,97.007,97.012,96.989,157
2014-10-08 17:36:00,2014-10-08 17:37:00,96.983,96.982,96.99,96.981,97.007,97.005,97.014,97.004,83
2014-10-08 17:37:00,2014-10-08 17:38:00,96.982,96.982,96.993,96.98,97.005,97.009,97.018,97.005,71
2014-10-08 17:38:00,2014-10-08 17:39:00,96.982,96.98,96.982,96.968,97.009,97.008,97.01,96.994,99
2014-10-08 17:39:00,2014-10-08 17:40:00,96.98,96.972,96.997,96.97,97.008,96.996,97.022,96.995,238
2014-10-08 17:40:00,2014-10-08 17:41:00,96.972,96.986,96.998,96.964,96.996,97.013,97.027,96.989,301
2014-10-08 17:41:00,2014-10-08 17:42:00,96.986,96.981,96.995,96.971,97.013,97.007,97.022,96.993,181
2014-10-08 17:42:00,2014-10-08 17:43:00,96.981,96.985,96.997,96.975,97.007,97.01,97.022,96.999,111
2014-10-08 17:43:00,2014-10-08 17:44:00,96.985,96.987,97.011,96.973,97.01,97.016,97.037,96.999,323
2014-10-08 17:44:00,2014-10-08 17:45:00,96.987,97.021,97.022,96.987,97.016,97.042,97.042,97.015,190
2014-10-08 17:45:00,2014-10-08 17:46:00,97.021,97.011,97.021,97.006,97.042,97.034,97.041,97.031,76
2014-10-08 17:46:00,2014-10-08 17:47:00,97.011,97.014,97.023,97.008,97.034,97.039,97.041,97.033,51
2014-10-08 17:47:00,2014-10-08 17:48:00,97.014,97.012,97.028,97.012,97.039,97.037,97.053,97.036,122
2014-10-08 17:48:00,2014-10-08 17:49:00,97.012,97.017,97.028,97.01,97.037,97.044,97.053,97.034,117
2014-10-08 17:49:00,2014-10-08 17:50:00,97.017,96.997,97.023,96.994,97.044,97.024,97.048,97.021,208
2014-10-08 17:50:00,2014-10-08 17:51:00,96.997,96.977,97.0,96.976,97.024,97.005,97.027,97.004,164
2014-10-08 17:51:00,2014-10-08 17:52:00,96.977,96.976,96.992,96.966,97.005,97.002,97.018,96.994,225
2014-10-08 17:52:00,2014-10-08 17:53:00,96.976,96.984,96.984,96.966,97.002,97.012,97.012,96.993,144
2014-10-08 17:53:00,2014-10-08 17:54:00,96.984,96.998,97.003,96.982,97.012,97.024,97.031,97.008,112
2014-10-08 17:54:00,2014-10-08 17:55:00,96.998,97.006,97.018,96.998,97.024,97.034,97.045,97.026,101
2014-10-08 17:55:00,2014-10-08 17:56:00,97.006,96.984,97.007,96.973,97.034,97.011,97.036,96.998,158
2014-10-08 17:56:00,2014-10-08 17:57:00,96.984,97.037,97.037,96.978,97.011,97.067,97.067,97.006,188
2014-10-08 17:57:00,2014-10-08 17:58:00,97.037,97.037,97.046,97.01,97.067,97.061,97.076,97.039,266
2014-10-08 17:58:00,2014-10-08 17:59:00,97.037,97.0,97.038,97.0,97.061,97.053,97.069,97.049,223
2014-10-08 17:59:00,2014-10-08 18:00:00,97.0,96.959,97.04,96.92,97.053,96.992,97.076,96.977,913
2014-10-08 18:00:00,2014-10-08 18:01:00,96.959,96.984,96.999,96.925,96.992,97.015,97.028,96.963,1515
2014-10-08 18:01:00,2014-10-08 18:02:00,96.984,97.015,97.059,96.962,97.015,97.046,97.096,96.994,1553
2014-10-08 18:02:00,2014-10-08 18:03:00,97.015,96.958,97.033,96.925,97.046,96.985,97.067,96.957,1503
2014-10-08 18:03:00,2014-10-08 18:04:00,96.958,96.961,96.989,96.931,96.985,96.987,97.014,96.965,989
2014-10-08 18:04:00,2014-10-08 18:05:00,96.961,96.915,96.967,96.908,96.987,96.947,96.997,96.944,592
2014-10-08 18:05:00,2014-10-08 18:06:00,96.915,96.93,96.938,96.89,96.947,96.955,96.968,96.923,659
2014-10-08 18:06:00,2014-10-08 18:07:00,96.93,96.991,96.999,96.926,96.955,97.019,97.033,96.955,635
2014-10-08 18:07:00,2014-10-08 18:08:00,96.991,96.943,97.021,96.923,97.019,96.967,97.05,96.954,557
2014-10-08 18:08:00,2014-10-08 18:09:00,96.943,96.961,96.969,96.924,96.967,96.988,96.999,96.948,663
2014-10-08 18:09:00,2014-10-08 18:10:00,96.961,96.974,96.979,96.93,96.988,97.004,97.009,96.958,733
2014-10-08 18:10:00,2014-10-08 18:11:00,96.974,96.958,96.99,96.952,97.004,96.989,97.021,96.981,599
2014-10-08 18:11:00,2014-10-08 18:12:00,96.958,96.98,97.002,96.958,96.989,97.006,97.028,96.988,622
2014-10-08 18:12:00,2014-10-08 18:13:00,96.98,97.068,97.075,96.977,97.006,97.096,97.097,97.001,1045
2014-10-08 18:13:00,2014-10-08 18:14:00,97.068,97.059,97.121,97.044,97.096,97.089,97.149,97.075,1435
2014-10-08 18:14:00,2014-10-08 18:15:00,97.059,97.05,97.069,97.025,97.089,97.076,97.093,97.048,877
2014-10-08 18:15:00,2014-10-08 18:16:00,97.05,97.057,97.111,97.039,97.076,97.086,97.137,97.068,959
2014-10-08 18:16:00,2014-10-08 18:17:00,97.057,97.081,97.09,97.044,97.086,97.105,97.116,97.072,806
2014-10-08 18:17:00,2014-10-08 18:18:00,97.081,97.052,97.083,97.051,97.105,97.077,97.105,97.076,832
2014-10-08 18:18:00,2014-10-08 18:19:00,97.052,97.096,97.113,97.052,97.077,97.126,97.142,97.076,619
2014-10-08 18:19:00,2014-10-08 18:20:00,97.096,97.1,97.143,97.09,97.126,97.129,97.169,97.119,997
2014-10-08 18:20:00,2014-10-08 18:21:00,97.1,97.113,97.13,97.094,97.129,97.141,97.155,97.119,896
2014-10-08 18:21:00,2014-10-08 18:22:00,97.113,97.12,97.132,97.102,97.141,97.15,97.159,97.129,557
2014-10-08 18:22:00,2014-10-08 18:23:00,97.12,97.137,97.158,97.117,97.15,97.167,97.187,97.144,803
2014-10-08 18:23:00,2014-10-08 18:24:00,97.137,97.141,97.146,97.112,97.167,97.167,97.172,97.138,788
2014-10-08 18:24:00,2014-10-08 18:25:00,97.141,97.112,97.154,97.106,97.167,97.137,97.182,97.132,747
2014-10-08 18:25:00,2014-10-08 18:26:00,97.112,97.131,97.131,97.105,97.137,97.161,97.161,97.134,482
2014-10-08 18:26:00,2014-10-08 18:27:00,97.131,97.112,97.146,97.107,97.161,97.139,97.173,97.133,537
2014-10-08 18:27:00,2014-10-08 18:28:00,97.112,97.164,97.181,97.105,97.139,97.183,97.209,97.133,694
2014-10-08 18:28:00,2014-10-08 18:29:00,97.164,97.21,97.217,97.16,97.183,97.234,97.241,97.18,670
2014-10-08 18:29:00,2014-10-08 18:30:00,97.21,97.185,97.222,97.167,97.234,97.213,97.241,97.195,859
2014-10-08 18:30:00,2014-10-08 18:31:00,97.185,97.206,97.206,97.175,97.213,97.234,97.235,97.202,865
2014-10-08 18:31:00,2014-10-08 18:32:00,97.206,97.266,97.273,97.198,97.234,97.288,97.298,97.225,861
2014-10-08 18:32:00,2014-10-08 18:33:00,97.266,97.257,97.293,97.231,97.288,97.286,97.32,97.257,924
2014-10-08 18:33:00,2014-10-08 18:34:00,97.257,97.309,97.326,97.223,97.286,97.336,97.353,97.252,946
2014-10-08 18:34:00,2014-10-08 18:35:00,97.309,97.383,97.388,97.306,97.336,97.41,97.418,97.332,692
2014-10-08 18:35:00,2014-10-08 18:36:00,97.383,97.352,97.395,97.35,97.41,97.377,97.42,97.376,648
2014-10-08 18:36:00,2014-10-08 18:37:00,97.352,97.34,97.381,97.33,97.377,97.365,97.406,97.354,801
2014-10-08 18:37:00,2014-10-08 18:38:00,97.34,97.321,97.359,97.316,97.365,97.346,97.382,97.341,618
2014-10-08 18:38:00,2014-10-08 18:39:00,97.321,97.309,97.324,97.277,97.346,97.336,97.35,97.3,707
2014-10-08 18:39:00,2014-10-08 18:40:00,97.309,97.293,97.318,97.274,97.336,97.318,97.343,97.302,541
2014-10-08 18:40:00,2014-10-08 18:41:00,97.293,97.303,97.328,97.282,97.318,97.33,97.358,97.313,730
2014-10-08 18:41:00,2014-10-08 18:42:00,97.303,97.336,97.348,97.304,97.33,97.357,97.377,97.33,907
2014-10-08 18:42:00,2014-10-08 18:43:00,97.336,97.332,97.35,97.31,97.357,97.358,97.376,97.336,545
2014-10-08 18:43:00,2014-10-08 18:44:00,97.332,97.367,97.379,97.325,97.358,97.391,97.406,97.352,675
2014-10-08 18:44:00,2014-10-08 18:45:00,97.367,97.406,97.412,97.358,97.391,97.435,97.436,97.38,604
2014-10-08 18:45:00,2014-10-08 18:46:00,97.406,97.384,97.414,97.38,97.435,97.411,97.435,97.403,588
2014-10-08 18:46:00,2014-10-08 18:47:00,97.384,97.361,97.385,97.357,97.411,97.385,97.412,97.383,349
2014-10-08 18:47:00,2014-10-08 18:48:00,97.361,97.406,97.426,97.361,97.385,97.434,97.455,97.385,794
2014-10-08 18:48:00,2014-10-08 18:49:00,97.406,97.412,97.414,97.368,97.434,97.437,97.438,97.394,561
2014-10-08 18:49:00,2014-10-08 18:50:00,97.412,97.37,97.43,97.37,97.437,97.398,97.456,97.396,523
2014-10-08 18:50:00,2014-10-08 18:51:00,97.37,97.352,97.396,97.347,97.398,97.379,97.421,97.369,517
2014-10-08 18:51:00,2014-10-08 18:52:00,97.352,97.315,97.363,97.297,97.379,97.341,97.388,97.322,586
2014-10-08 18:52:00,2014-10-08 18:53:00,97.315,97.364,97.369,97.295,97.341,97.392,97.393,97.321,621
2014-10-08 18:53:00,2014-10-08 18:54:00,97.364,97.366,97.376,97.352,97.392,97.392,97.401,97.379,415
2014-10-08 18:54:00,2014-10-08 18:55:00,97.366,97.311,97.367,97.306,97.392,97.34,97.393,97.332,361
2014-10-08 18:55:00,2014-10-08 18:56:00,97.311,97.317,97.328,97.31,97.34,97.344,97.355,97.336,559
2014-10-08 18:56:00,2014-10-08 18:57:00,97.317,97.325,97.344,97.296,97.344,97.353,97.369,97.324,447
2014-10-08 18:57:00,2014-10-08 18:58:00,97.325,97.347,97.355,97.323,97.353,97.371,97.38,97.351,467
2014-10-08 18:58:00,2014-10-08 18:59:00,97.347,97.379,97.384,97.333,97.371,97.407,97.409,97.358,652
2014-10-08 18:59:00,2014-10-08 19:00:00,97.379,97.356,97.383,97.35,97.407,97.379,97.41,97.375,239
2014-10-08 19:00:00,2014-10-08 19:01:00,97.356,97.371,97.373,97.342,97.379,97.397,97.401,97.368,287
2014-10-08 19:01:00,2014-10-08 19:02:00,97.371,97.371,97.386,97.36,97.397,97.391,97.411,97.382,429
2014-10-08 19:02:00,2014-10-08 19:03:00,97.371,97.385,97.401,97.368,97.391,97.413,97.426,97.391,522
2014-10-08 19:03:00,2014-10-08 19:04:00,97.385,97.387,97.408,97.372,97.413,97.416,97.437,97.4,393
2014-10-08 19:04:00,2014-10-08 19:05:00,97.387,97.4,97.406,97.382,97.416,97.427,97.432,97.408,194
2014-10-08 19:05:00,2014-10-08 19:06:00,97.4,97.385,97.412,97.376,97.427,97.409,97.439,97.4,310
2014-10-08 19:06:00,2014-10-08 19:07:00,97.385,97.452,97.467,97.382,97.409,97.481,97.499,97.408,728
2014-10-08 19:07:00,2014-10-08 19:08:00,97.452,97.426,97.456,97.416,97.481,97.449,97.482,97.442,562
2014-10-08 19:08:00,2014-10-08 19:09:00,97.426,97.42,97.466,97.411,97.449,97.448,97.495,97.435,636
2014-10-08 19:09:00,2014-10-08 19:10:00,97.42,97.385,97.42,97.371,97.448,97.409,97.447,97.4,550
2014-10-08 19:10:00,2014-10-08 19:11:00,97.385,97.356,97.39,97.354,97.409,97.385,97.417,97.382,504
2014-10-08 19:11:00,2014-10-08 19:12:00,97.356,97.369,97.385,97.351,97.385,97.397,97.414,97.378,452
2014-10-08 19:12:00,2014-10-08 19:13:00,97.369,97.391,97.399,97.369,97.397,97.419,97.427,97.395,312
2014-10-08 19:13:00,2014-10-08 19:14:00,97.391,97.385,97.408,97.374,97.419,97.414,97.435,97.401,206
2014-10-08 19:14:00,2014-10-08 19:15:00,97.385,97.375,97.386,97.349,97.414,97.402,97.413,97.376,220
2014-10-08 19:15:00,2014-10-08 19:16:00,97.375,97.374,97.395,97.367,97.402,97.402,97.419,97.393,270
2014-10-08 19:16:00,2014-10-08 19:17:00,97.374,97.356,97.38,97.35,97.402,97.379,97.409,97.372,445
2014-10-08 19:17:00,2014-10-08 19:18:00,97.356,97.311,97.357,97.3,97.379,97.338,97.38,97.326,384
2014-10-08 19:18:00,2014-10-08 19:19:00,97.311,97.309,97.322,97.294,97.338,97.333,97.349,97.318,311
2014-10-08 19:19:00,2014-10-08 19:20:00,97.309,97.332,97.335,97.304,97.333,97.361,97.361,97.328,171
2014-10-08 19:20:00,2014-10-08 19:21:00,97.332,97.347,97.347,97.318,97.361,97.373,97.373,97.345,176
2014-10-08 19:21:00,2014-10-08 19:22:00,97.347,97.362,97.37,97.33,97.373,97.39,97.397,97.356,304
2014-10-08 19:22:00,2014-10-08 19:23:00,97.362,97.367,97.375,97.355,97.39,97.392,97.4,97.385,205
2014-10-08 19:23:00,2014-10-08 19:24:00,97.367,97.39,97.395,97.364,97.392,97.419,97.425,97.391,215
2014-10-08 19:24:00,2014-10-08 19:25:00,97.39,97.397,97.414,97.388,97.419,97.422,97.443,97.414,270
2014-10-08 19:25:00,2014-10-08 19:26:00,97.397,97.4,97.411,97.386,97.422,97.424,97.436,97.411,247
2014-10-08 19:26:00,2014-10-08 19:27:00,97.4,97.4,97.406,97.391,97.424,97.425,97.431,97.412,211
2014-10-08 19:27:00,2014-10-08 19:28:00,97.4,97.429,97.429,97.394,97.425,97.456,97.456,97.418,200
2014-10-08 19:28:00,2014-10-08 19:29:00,97.429,97.412,97.429,97.412,97.456,97.438,97.457,97.435,178
2014-10-08 19:29:00,2014-10-08 19:30:00,97.412,97.406,97.417,97.403,97.438,97.429,97.44,97.426,180
2014-10-08 19:30:00,2014-10-08 19:31:00,97.406,97.399,97.407,97.39,97.429,97.421,97.43,97.414,133
2014-10-08 19:31:00,2014-10-08 19:32:00,97.399,97.397,97.399,97.386,97.421,97.422,97.422,97.411,99
2014-10-08 19:32:00,2014-10-08 19:33:00,97.397,97.412,97.415,97.396,97.422,97.44,97.443,97.421,115
2014-10-08 19:33:00,2014-10-08 19:34:00,97.412,97.427,97.44,97.41,97.44,97.455,97.469,97.438,145
2014-10-08 19:34:00,2014-10-08 19:35:00,97.427,97.413,97.428,97.409,97.455,97.442,97.456,97.436,123
2014-10-08 19:35:00,2014-10-08 19:36:00,97.413,97.389,97.414,97.385,97.442,97.418,97.443,97.413,266
2014-10-08 19:36:00,2014-10-08 19:37:00,97.389,97.399,97.415,97.39,97.418,97.425,97.442,97.416,240
2014-10-08 19:37:00,2014-10-08 19:38:00,97.399,97.398,97.407,97.395,97.425,97.425,97.434,97.421,164
2014-10-08 19:38:00,2014-10-08 19:39:00,97.398,97.382,97.399,97.375,97.425,97.405,97.426,97.396,176
2014-10-08 19:39:00,2014-10-08 19:40:00,97.382,97.386,97.391,97.375,97.405,97.413,97.417,97.397,121
2014-10-08 19:40:00,2014-10-08 19:41:00,97.386,97.388,97.395,97.374,97.413,97.415,97.418,97.4,160
2014-10-08 19:41:00,2014-10-08 19:42:00,97.388,97.398,97.407,97.384,97.415,97.426,97.433,97.413,251
2014-10-08 19:42:00,2014-10-08 19:43:00,97.398,97.374,97.402,97.368,97.426,97.402,97.428,97.395,339
2014-10-08 19:43:00,2014-10-08 19:44:00,97.374,97.358,97.381,97.349,97.402,97.384,97.404,97.376,229
2014-10-08 19:44:00,2014-10-08 19:45:00,97.358,97.347,97.373,97.347,97.384,97.37,97.398,97.37,250
2014-10-08 19:45:00,2014-10-08 19:46:00,97.347,97.342,97.358,97.319,97.37,97.365,97.384,97.348,285
2014-10-08 19:46:00,2014-10-08 19:47:00,97.342,97.34,97.364,97.335,97.365,97.366,97.39,97.359,400
2014-10-08 19:47:00,2014-10-08 19:48:00,97.34,97.351,97.375,97.335,97.366,97.374,97.399,97.362,279
2014-10-08 19:48:00,2014-10-08 19:49:00,97.351,97.371,97.375,97.344,97.374,97.4,97.403,97.368,289
2014-10-08 19:49:00,2014-10-08 19:50:00,97.371,97.439,97.447,97.371,97.4,97.466,97.471,97.4,349
2014-10-08 19:50:00,2014-10-08 19:51:00,97.439,97.397,97.44,97.374,97.466,97.418,97.465,97.403,562
2014-10-08 19:51:00,2014-10-08 19:52:00,97.397,97.389,97.405,97.372,97.418,97.415,97.428,97.398,450
2014-10-08 19:52:00,2014-10-08 19:53:00,97.389,97.367,97.389,97.351,97.415,97.39,97.412,97.377,188
2014-10-08 19:53:00,2014-10-08 19:54:00,97.367,97.38,97.395,97.367,97.39,97.409,97.417,97.389,347
2014-10-08 19:54:00,2014-10-08 19:55:00,97.38,97.395,97.398,97.375,97.409,97.422,97.425,97.401,230
2014-10-08 19:55:00,2014-10-08 19:56:00,97.395,97.387,97.412,97.38,97.422,97.413,97.434,97.407,262
2014-10-08 19:56:00,2014-10-08 19:57:00,97.387,97.398,97.404,97.386,97.413,97.422,97.427,97.412,294
2014-10-08 19:57:00,2014-10-08 19:58:00,97.398,97.386,97.4,97.385,97.422,97.414,97.427,97.413,193
2014-10-08 19:58:00,2014-10-08 19:59:00,97.386,97.354,97.395,97.354,97.414,97.381,97.421,97.38,257
2014-10-08 19:59:00,2014-10-08 20:00:00,97.354,97.35,97.356,97.334,97.381,97.375,97.381,97.363,175
2014-10-08 20:00:00,2014-10-08 20:01:00,97.35,97.361,97.378,97.336,97.375,97.392,97.406,97.362,188
2014-10-08 20:01:00,2014-10-08 20:02:00,97.361,97.35,97.364,97.344,97.392,97.379,97.392,97.374,100
2014-10-08 20:02:00,2014-10-08 20:03:00,97.35,97.343,97.352,97.332,97.379,97.372,97.379,97.362,108
2014-10-08 20:03:00,2014-10-08 20:04:00,97.343,97.333,97.349,97.331,97.372,97.361,97.378,97.358,79
2014-10-08 20:04:00,2014-10-08 20:05:00,97.333,97.323,97.336,97.32,97.361,97.35,97.365,97.348,138
2014-10-08 20:05:00,2014-10-08 20:06:00,97.323,97.329,97.331,97.312,97.35,97.353,97.356,97.342,90
2014-10-08 20:06:00,2014-10-08 20:07:00,97.329,97.313,97.338,97.313,97.353,97.341,97.365,97.341,237
2014-10-08 20:07:00,2014-10-08 20:08:00,97.313,97.335,97.336,97.315,97.341,97.362,97.364,97.341,71
2014-10-08 20:08:00,2014-10-08 20:09:00,97.335,97.322,97.338,97.322,97.362,97.35,97.364,97.349,80
2014-10-08 20:09:00,2014-10-08 20:10:00,97.322,97.308,97.322,97.308,97.35,97.338,97.35,97.338,32
2014-10-08 20:10:00,2014-10-08 20:11:00,97.308,97.3,97.315,97.3,97.338,97.329,97.344,97.328,90
2014-10-08 20:11:00,2014-10-08 20:12:00,97.3,97.325,97.325,97.3,97.329,97.352,97.352,97.328,113
2014-10-08 20:12:00,2014-10-08 20:13:00,97.325,97.298,97.33,97.298,97.352,97.329,97.357,97.327,109
2014-10-08 20:13:00,2014-10-08 20:14:00,97.298,97.327,97.327,97.294,97.329,97.352,97.352,97.324,86
2014-10-08 20:14:00,2014-10-08 20:15:00,97.327,97.321,97.327,97.321,97.352,97.349,97.354,97.347,29
2014-10-08 20:15:00,2014-10-08 20:16:00,97.321,97.325,97.328,97.318,97.349,97.354,97.356,97.348,30
2014-10-08 20:16:00,2014-10-08 20:17:00,97.325,97.33,97.333,97.325,97.354,97.358,97.359,97.352,27
2014-10-08 20:17:00,2014-10-08 20:18:00,97.33,97.333,97.333,97.327,97.358,97.36,97.36,97.355,30
2014-10-08 20:18:00,2014-10-08 20:19:00,97.333,97.327,97.336,97.322,97.36,97.355,97.363,97.348,58
2014-10-08 20:19:00,2014-10-08 20:20:00,97.327,97.321,97.327,97.312,97.355,97.35,97.355,97.341,85
2014-10-08 20:20:00,2014-10-08 20:21:00,97.321,97.324,97.326,97.32,97.35,97.353,97.354,97.35,52
2014-10-08 20:21:00,2014-10-08 20:22:00,97.324,97.331,97.338,97.324,97.353,97.353,97.362,97.35,101
2014-10-08 20:22:00,2014-10-08 20:23:00,97.331,97.326,97.337,97.32,97.353,97.353,97.364,97.343,116
2014-10-08 20:23:00,2014-10-08 20:24:00,97.326,97.324,97.337,97.322,97.353,97.352,97.364,97.351,68
2014-10-08 20:24:00,2014-10-08 20:25:00,97.324,97.316,97.329,97.316,97.352,97.344,97.357,97.344,38
2014-10-08 20:25:00,2014-10-08 20:26:00,97.316,97.313,97.316,97.295,97.344,97.341,97.344,97.324,94
2014-10-08 20:26:00,2014-10-08 20:27:00,97.313,97.316,97.321,97.313,97.341,97.345,97.349,97.342,25
2014-10-08 20:27:00,2014-10-08 20:28:00,97.316,97.324,97.327,97.316,97.345,97.353,97.354,97.345,35
2014-10-08 20:28:00,2014-10-08 20:29:00,97.324,97.322,97.324,97.321,97.353,97.349,97.353,97.349,32
2014-10-08 20:29:00,2014-10-08 20:30:00,97.322,97.325,97.326,97.32,97.349,97.354,97.357,97.349,24
2014-10-08 20:30:00,2014-10-08 20:31:00,97.325,97.331,97.332,97.323,97.354,97.359,97.359,97.354,25
2014-10-08 20:31:00,2014-10-08 20:32:00,97.331,97.334,97.341,97.331,97.359,97.364,97.371,97.36,44
2014-10-08 20:32:00,2014-10-08 20:33:00,97.334,97.347,97.357,97.333,97.364,97.377,97.384,97.362,69
2014-10-08 20:33:00,2014-10-08 20:34:00,97.347,97.343,97.349,97.341,97.377,97.374,97.378,97.371,32
2014-10-08 20:34:00,2014-10-08 20:35:00,97.343,97.348,97.352,97.343,97.374,97.377,97.38,97.372,33
2014-10-08 20:35:00,2014-10-08 20:36:00,97.348,97.35,97.35,97.343,97.377,97.379,97.379,97.373,28
2014-10-08 20:36:00,2014-10-08 20:37:00,97.35,97.357,97.357,97.349,97.379,97.385,97.386,97.379,38
2014-10-08 20:37:00,2014-10-08 20:38:00,97.357,97.349,97.357,97.336,97.385,97.377,97.385,97.363,50
2014-10-08 20:38:00,2014-10-08 20:39:00,97.349,97.339,97.35,97.339,97.377,97.369,97.377,97.367,57
2014-10-08 20:39:00,2014-10-08 20:40:00,97.339,97.324,97.342,97.32,97.369,97.354,97.368,97.344,51
2014-10-08 20:40:00,2014-10-08 20:41:00,97.324,97.307,97.326,97.307,97.354,97.336,97.356,97.336,87
2014-10-08 20:41:00,2014-10-08 20:42:00,97.307,97.301,97.313,97.3,97.336,97.336,97.339,97.326,53
2014-10-08 20:42:00,2014-10-08 20:43:00,97.301,97.317,97.321,97.302,97.336,97.346,97.348,97.335,61
2014-10-08 20:43:00,2014-10-08 20:44:00,97.317,97.325,97.325,97.317,97.346,97.35,97.35,97.346,31
2014-10-08 20:44:00,2014-10-08 20:45:00,97.325,97.325,97.34,97.323,97.35,97.349,97.364,97.349,74
2014-10-08 20:45:00,2014-10-08 20:46:00,97.325,97.3,97.322,97.3,97.349,97.331,97.349,97.331,101
2014-10-08 20:46:00,2014-10-08 20:47:00,97.3,97.311,97.311,97.298,97.331,97.34,97.34,97.33,28
2014-10-08 20:47:00,2014-10-08 20:48:00,97.311,97.306,97.31,97.293,97.34,97.332,97.34,97.325,82
2014-10-08 20:48:00,2014-10-08 20:49:00,97.306,97.313,97.324,97.306,97.332,97.345,97.348,97.331,67
2014-10-08 20:49:00,2014-10-08 20:50:00,97.313,97.332,97.333,97.312,97.345,97.364,97.364,97.344,115
2014-10-08 20:50:00,2014-10-08 20:51:00,97.332,97.32,97.335,97.313,97.364,97.353,97.364,97.346,92
2014-10-08 20:51:00,2014-10-08 20:52:00,97.32,97.314,97.329,97.314,97.353,97.351,97.363,97.348,93
2014-10-08 20:52:00,2014-10-08 20:53:00,97.314,97.307,97.325,97.306,97.351,97.345,97.353,97.342,66
2014-10-08 20:53:00,2014-10-08 20:54:00,97.307,97.305,97.321,97.301,97.345,97.34,97.351,97.332,204
2014-10-08 20:54:00,2014-10-08 20:55:00,97.305,97.312,97.32,97.301,97.34,97.345,97.35,97.331,181
2014-10-08 20:55:00,2014-10-08 20:56:00,97.312,97.31,97.316,97.3,97.345,97.346,97.347,97.322,164
2014-10-08 20:56:00,2014-10-08 20:57:00,97.31,97.32,97.324,97.31,97.346,97.359,97.361,97.349,36
2014-10-08 20:57:00,2014-10-08 20:58:00,97.32,97.294,97.32,97.286,97.359,97.334,97.362,97.329,72
2014-10-08 20:58:00,2014-10-08 20:59:00,97.294,97.28,97.285,97.26,97.334,97.329,97.334,97.304,62
2014-10-08 20:59:00,2014-10-08 21:00:00,97.28,97.24,97.29,97.235,97.329,97.294,97.334,97.289,30
2014-10-08 21:00:00,2014-10-08 21:01:00,97.24,97.242,97.253,97.242,97.294,97.269,97.294,97.269,16
2014-10-08 21:01:00,2014-10-08 21:02:00,97.242,97.271,97.271,97.242,97.269,97.331,97.331,97.274,19
2014-10-08 21:02:00,2014-10-08 21:03:00,97.271,97.265,97.274,97.261,97.331,97.339,97.339,97.304,26
2014-10-08 21:03:00,2014-10-08 21:04:00,97.265,97.274,97.275,97.265,97.339,97.324,97.344,97.324,18
2014-10-08 21:04:00,2014-10-08 21:05:00,97.274,97.29,97.291,97.273,97.324,97.335,97.339,97.317,54
2014-10-08 21:05:00,2014-10-08 21:06:00,97.29,97.286,97.295,97.281,97.335,97.334,97.341,97.324,40
2014-10-08 21:06:00,2014-10-08 21:07:00,97.286,97.298,97.301,97.285,97.334,97.338,97.341,97.329,41
2014-10-08 21:07:00,2014-10-08 21:08:00,97.298,97.352,97.358,97.298,97.338,97.384,97.391,97.336,151
2014-10-08 21:08:00,2014-10-08 21:09:00,97.352,97.313,97.367,97.313,97.384,97.353,97.401,97.353,52
2014-10-08 21:09:00,2014-10-08 21:10:00,97.313,97.331,97.335,97.313,97.353,97.366,97.368,97.347,36
2014-10-08 21:10:00,2014-10-08 21:11:00,97.331,97.328,97.342,97.322,97.366,97.36,97.377,97.348,59
2014-10-08 21:11:00,2014-10-08 21:12:00,97.328,97.334,97.337,97.328,97.36,97.363,97.371,97.355,24
2014-10-08 21:12:00,2014-10-08 21:13:00,97.334,97.361,97.366,97.329,97.363,97.398,97.399,97.357,122
2014-10-08 21:13:00,2014-10-08 21:14:00,97.361,97.336,97.362,97.335,97.398,97.368,97.398,97.367,56
2014-10-08 21:14:00,2014-10-08 21:15:00,97.336,97.317,97.343,97.306,97.368,97.354,97.379,97.344,72
2014-10-08 21:15:00,2014-10-08 21:16:00,97.317,97.319,97.324,97.311,97.354,97.353,97.358,97.35,46
2014-10-08 21:16:00,2014-10-08 21:17:00,97.319,97.31,97.325,97.31,97.353,97.348,97.361,97.345,53
2014-10-08 21:17:00,2014-10-08 21:18:00,97.31,97.32,97.321,97.309,97.348,97.358,97.358,97.34,54
2014-10-08 21:18:00,2014-10-08 21:19:00,97.32,97.329,97.329,97.32,97.358,97.345,97.36,97.345,21
2014-10-08 21:19:00,2014-10-08 21:20:00,97.329,97.328,97.329,97.327,97.345,97.363,97.363,97.345,14
2014-10-08 21:20:00,2014-10-08 21:21:00,97.328,97.32,97.33,97.32,97.363,97.353,97.364,97.344,45
2014-10-08 21:21:00,2014-10-08 21:22:00,97.32,97.33,97.33,97.319,97.353,97.36,97.364,97.354,18
2014-10-08 21:22:00,2014-10-08 21:23:00,97.33,97.34,97.34,97.328,97.36,97.361,97.372,97.35,32
2014-10-08 21:23:00,2014-10-08 21:24:00,97.34,97.335,97.341,97.335,97.361,97.362,97.374,97.362,21
2014-10-08 21:24:00,2014-10-08 21:25:00,97.335,97.333,97.335,97.33,97.362,97.369,97.369,97.348,19
2014-10-08 21:25:00,2014-10-08 21:26:00,97.333,97.333,97.333,97.328,97.369,97.364,97.369,97.353,21
2014-10-08 21:26:00,2014-10-08 21:27:00,97.333,97.33,97.334,97.328,97.364,97.364,97.367,97.354,13
2014-10-08 21:27:00,2014-10-08 21:28:00,97.33,97.326,97.327,97.326,97.364,97.364,97.364,97.342,18
2014-10-08 21:28:00,2014-10-08 21:29:00,97.326,97.336,97.361,97.311,97.364,97.375,97.382,97.339,76
2014-10-08 21:29:00,2014-10-08 21:30:00,97.336,97.325,97.35,97.319,97.375,97.364,97.388,97.359,96
2014-10-08 21:30:00,2014-10-08 21:31:00,97.325,97.333,97.34,97.323,97.364,97.37,97.375,97.359,37
2014-10-08 21:31:00,2014-10-08 21:32:00,97.333,97.319,97.334,97.318,97.37,97.354,97.375,97.353,49
2014-10-08 21:32:00,2014-10-08 21:33:00,97.319,97.322,97.328,97.316,97.354,97.357,97.363,97.351,76
2014-10-08 21:33:00,2014-10-08 21:34:00,97.322,97.313,97.326,97.313,97.357,97.35,97.359,97.348,60
2014-10-08 21:34:00,2014-10-08 21:35:00,97.313,97.316,97.325,97.313,97.35,97.35,97.359,97.349,65
2014-10-08 21:35:00,2014-10-08 21:36:00,97.316,97.313,97.319,97.313,97.35,97.35,97.354,97.349,21
2014-10-08 21:36:00,2014-10-08 21:37:00,97.313,97.333,97.336,97.313,97.35,97.363,97.367,97.35,45
2014-10-08 21:37:00,2014-10-08 21:38:00,97.333,97.332,97.34,97.324,97.363,97.367,97.367,97.36,76
2014-10-08 21:38:00,2014-10-08 21:39:00,97.332,97.337,97.337,97.33,97.367,97.371,97.373,97.364,28
2014-10-08 21:39:00,2014-10-08 21:40:00,97.337,97.352,97.354,97.34,97.371,97.386,97.386,97.371,37
2014-10-08 21:40:00,2014-10-08 21:41:00,97.352,97.375,97.389,97.357,97.386,97.411,97.411,97.386,52
2014-10-08 21:41:00,2014-10-08 21:42:00,97.375,97.369,97.386,97.367,97.411,97.408,97.425,97.396,50
2014-10-08 21:42:00,2014-10-08 21:43:00,97.369,97.363,97.372,97.356,97.408,97.397,97.408,97.393,41
2014-10-08 21:43:00,2014-10-08 21:44:00,97.363,97.366,97.372,97.36,97.397,97.399,97.405,97.397,20
2014-10-08 21:44:00,2014-10-08 21:45:00,97.366,97.34,97.37,97.324,97.399,97.37,97.4,97.359,84
2014-10-08 21:45:00,2014-10-08 21:46:00,97.34,97.348,97.351,97.327,97.37,97.374,97.374,97.364,29
2014-10-08 21:46:00,2014-10-08 21:47:00,97.348,97.332,97.36,97.332,97.374,97.364,97.391,97.357,37
2014-10-08 21:47:00,2014-10-08 21:48:00,97.332,97.339,97.339,97.332,97.364,97.374,97.374,97.366,20
2014-10-08 21:48:00,2014-10-08 21:49:00,97.339,97.343,97.357,97.337,97.374,97.375,97.391,97.37,51
2014-10-08 21:49:00,2014-10-08 21:50:00,97.343,97.344,97.345,97.342,97.375,97.378,97.379,97.374,12
2014-10-08 21:50:00,2014-10-08 21:51:00,97.344,97.344,97.347,97.344,97.378,97.379,97.381,97.375,9
2014-10-08 21:51:00,2014-10-08 21:52:00,97.344,97.339,97.347,97.339,97.379,97.373,97.381,97.373,27
2014-10-08 21:52:00,2014-10-08 21:53:00,97.339,97.311,97.337,97.311,97.373,97.336,97.371,97.333,28
2014-10-08 21:53:00,2014-10-08 21:54:00,97.311,97.317,97.317,97.311,97.336,97.34,97.34,97.336,10
2014-10-08 21:54:00,2014-10-08 21:55:00,97.317,97.319,97.319,97.317,97.34,97.353,97.354,97.34,16
2014-10-08 21:55:00,2014-10-08 21:56:00,97.319,97.319,97.319,97.314,97.353,97.348,97.354,97.348,14
2014-10-08 21:56:00,2014-10-08 21:57:00,97.319,97.301,97.319,97.301,97.348,97.335,97.351,97.334,29
2014-10-08 21:57:00,2014-10-08 21:58:00,97.301,97.298,97.301,97.295,97.335,97.332,97.333,97.325,25
2014-10-08 21:58:00,2014-10-08 21:59:00,97.298,97.309,97.312,97.296,97.332,97.343,97.343,97.326,33
2014-10-08 21:59:00,2014-10-08 22:00:00,97.309,97.307,97.315,97.302,97.343,97.337,97.348,97.331,83
2014-10-08 22:00:00,2014-10-08 22:01:00,97.307,97.311,97.311,97.3,97.337,97.336,97.337,97.328,36
2014-10-08 22:01:00,2014-10-08 22:02:00,97.311,97.317,97.319,97.296,97.336,97.342,97.342,97.314,63
2014-10-08 22:02:00,2014-10-08 22:03:00,97.317,97.313,97.316,97.3,97.342,97.343,97.343,97.319,83
2014-10-08 22:03:00,2014-10-08 22:04:00,97.313,97.33,97.337,97.313,97.343,97.361,97.368,97.344,66
2014-10-08 22:04:00,2014-10-08 22:05:00,97.33,97.321,97.338,97.321,97.361,97.352,97.369,97.352,27
2014-10-08 22:05:00,2014-10-08 22:06:00,97.321,97.336,97.345,97.316,97.352,97.367,97.375,97.347,61
2014-10-08 22:06:00,2014-10-08 22:07:00,97.336,97.315,97.334,97.315,97.367,97.347,97.363,97.347,20
2014-10-08 22:07:00,2014-10-08 22:08:00,97.315,97.316,97.322,97.309,97.347,97.347,97.354,97.34,29
2014-10-08 22:08:00,2014-10-08 22:09:00,97.316,97.315,97.319,97.305,97.347,97.346,97.351,97.334,58
2014-10-08 22:09:00,2014-10-08 22:10:00,97.315,97.299,97.313,97.296,97.346,97.331,97.344,97.327,69
2014-10-08 22:10:00,2014-10-08 22:11:00,97.299,97.31,97.311,97.301,97.331,97.341,97.342,97.331,16
2014-10-08 22:11:00,2014-10-08 22:12:00,97.31,97.31,97.311,97.301,97.341,97.339,97.342,97.332,41
2014-10-08 22:12:00,2014-10-08 22:13:00,97.31,97.327,97.339,97.311,97.339,97.349,97.369,97.339,105
2014-10-08 22:13:00,2014-10-08 22:14:00,97.327,97.33,97.332,97.327,97.349,97.359,97.359,97.354,11
2014-10-08 22:14:00,2014-10-08 22:15:00,97.33,97.335,97.338,97.322,97.359,97.364,97.364,97.353,32
2014-10-08 22:15:00,2014-10-08 22:16:00,97.335,97.34,97.342,97.331,97.364,97.371,97.373,97.359,35
2014-10-08 22:16:00,2014-10-08 22:17:00,97.34,97.348,97.351,97.341,97.371,97.379,97.379,97.371,27
2014-10-08 22:17:00,2014-10-08 22:18:00,97.348,97.344,97.348,97.336,97.379,97.374,97.376,97.367,53
2014-10-08 22:18:00,2014-10-08 22:19:00,97.344,97.342,97.347,97.341,97.374,97.372,97.378,97.372,21
2014-10-08 22:19:00,2014-10-08 22:20:00,97.342,97.371,97.376,97.329,97.372,97.402,97.407,97.361,94
2014-10-08 22:20:00,2014-10-08 22:21:00,97.371,97.365,97.371,97.362,97.402,97.395,97.401,97.393,43
2014-10-08 22:21:00,2014-10-08 22:22:00,97.365,97.36,97.364,97.345,97.395,97.39,97.395,97.374,54
2014-10-08 22:22:00,2014-10-08 22:23:00,97.36,97.381,97.381,97.356,97.39,97.412,97.412,97.388,90
2014-10-08 22:23:00,2014-10-08 22:24:00,97.381,97.396,97.401,97.379,97.412,97.427,97.432,97.411,66
2014-10-08 22:24:00,2014-10-08 22:25:00,97.396,97.377,97.396,97.377,97.427,97.408,97.425,97.408,24
2014-10-08 22:25:00,2014-10-08 22:26:00,97.377,97.376,97.378,97.376,97.408,97.407,97.409,97.407,7
2014-10-08 22:26:00,2014-10-08 22:27:00,97.376,97.382,97.382,97.374,97.407,97.413,97.413,97.405,20
2014-10-08 22:27:00,2014-10-08 22:28:00,97.382,97.385,97.385,97.383,97.413,97.415,97.415,97.413,10
2014-10-08 22:28:00,2014-10-08 22:29:00,97.385,97.386,97.387,97.378,97.415,97.415,97.416,97.409,21
2014-10-08 22:29:00,2014-10-08 22:30:00,97.386,97.359,97.387,97.359,97.415,97.39,97.416,97.39,58
2014-10-08 22:30:00,2014-10-08 22:31:00,97.359,97.378,97.378,97.355,97.39,97.409,97.409,97.384,55
2014-10-08 22:31:00,2014-10-08 22:32:00,97.378,97.376,97.38,97.375,97.409,97.407,97.411,97.405,22
2014-10-08 22:32:00,2014-10-08 22:33:00,97.376,97.351,97.376,97.351,97.407,97.382,97.405,97.382,47
2014-10-08 22:33:00,2014-10-08 22:34:00,97.351,97.363,97.365,97.35,97.382,97.394,97.396,97.377,29
2014-10-08 22:34:00,2014-10-08 22:35:00,97.363,97.363,97.369,97.36,97.394,97.394,97.4,97.391,28
2014-10-08 22:35:00,2014-10-08 22:36:00,97.363,97.365,97.371,97.365,97.394,97.396,97.402,97.394,18
2014-10-08 22:36:00,2014-10-08 22:37:00,97.365,97.365,97.367,97.365,97.396,97.396,97.398,97.396,16
2014-10-08 22:37:00,2014-10-08 22:38:00,97.365,97.366,97.366,97.355,97.396,97.397,97.398,97.391,52
2014-10-08 22:38:00,2014-10-08 22:39:00,97.366,97.373,97.379,97.362,97.397,97.404,97.407,97.394,49
2014-10-08 22:39:00,2014-10-08 22:40:00,97.373,97.384,97.384,97.374,97.404,97.415,97.415,97.404,30
2014-10-08 22:40:00,2014-10-08 22:41:00,97.384,97.378,97.384,97.377,97.415,97.408,97.413,97.408,24
2014-10-08 22:41:00,2014-10-08 22:42:00,97.378,97.375,97.38,97.371,97.408,97.406,97.412,97.402,30
2014-10-08 22:42:00,2014-10-08 22:43:00,97.375,97.372,97.375,97.372,97.406,97.403,97.405,97.403,16
2014-10-08 22:43:00,2014-10-08 22:44:00,97.372,97.369,97.377,97.369,97.403,97.4,97.408,97.4,16
2014-10-08 22:44:00,2014-10-08 22:45:00,97.369,97.367,97.37,97.367,97.4,97.395,97.401,97.395,18
2014-10-08 22:45:00,2014-10-08 22:46:00,97.367,97.367,97.374,97.353,97.395,97.393,97.402,97.384,56
2014-10-08 22:46:00,2014-10-08 22:47:00,97.367,97.354,97.367,97.354,97.393,97.385,97.394,97.385,25
2014-10-08 22:47:00,2014-10-08 22:48:00,97.354,97.351,97.354,97.351,97.385,97.381,97.385,97.381,9
2014-10-08 22:48:00,2014-10-08 22:49:00,97.351,97.349,97.355,97.346,97.381,97.378,97.384,97.377,36
2014-10-08 22:49:00,2014-10-08 22:50:00,97.349,97.357,97.36,97.347,97.378,97.388,97.388,97.378,30
2014-10-08 22:50:00,2014-10-08 22:51:00,97.357,97.357,97.358,97.357,97.388,97.388,97.389,97.388,4
2014-10-08 22:51:00,2014-10-08 22:52:00,97.357,97.36,97.362,97.349,97.388,97.391,97.393,97.379,41
2014-10-08 22:52:00,2014-10-08 22:53:00,97.36,97.361,97.361,97.356,97.391,97.389,97.392,97.388,30
2014-10-08 22:53:00,2014-10-08 22:54:00,97.361,97.358,97.359,97.357,97.389,97.389,97.391,97.388,8
2014-10-08 22:54:00,2014-10-08 22:55:00,97.358,97.356,97.358,97.355,97.389,97.387,97.389,97.386,15
2014-10-08 22:55:00,2014-10-08 22:56:00,97.356,97.354,97.362,97.351,97.387,97.385,97.392,97.383,26
2014-10-08 22:56:00,2014-10-08 22:57:00,97.354,97.351,97.354,97.351,97.385,97.382,97.384,97.382,8
2014-10-08 22:57:00,2014-10-08 22:58:00,97.351,97.348,97.355,97.348,97.382,97.379,97.386,97.379,36
2014-10-08 22:58:00,2014-10-08 22:59:00,97.348,97.349,97.349,97.345,97.379,97.38,97.38,97.376,11
2014-10-08 22:59:00,2014-10-08 23:00:00,97.349,97.335,97.349,97.332,97.38,97.366,97.378,97.362,34
2014-10-08 23:00:00,2014-10-08 23:01:00,97.335,97.334,97.338,97.333,97.366,97.365,97.368,97.363,19
2014-10-08 23:01:00,2014-10-08 23:02:00,97.334,97.338,97.339,97.334,97.365,97.369,97.369,97.365,21
2014-10-08 23:02:00,2014-10-08 23:03:00,97.338,97.336,97.338,97.336,97.369,97.367,97.369,97.367,11
2014-10-08 23:03:00,2014-10-08 23:04:00,97.336,97.356,97.362,97.336,97.367,97.388,97.393,97.367,97
2014-10-08 23:04:00,2014-10-08 23:05:00,97.356,97.359,97.359,97.351,97.388,97.389,97.389,97.382,28
2014-10-08 23:05:00,2014-10-08 23:06:00,97.359,97.36,97.361,97.354,97.389,97.391,97.391,97.385,27
2014-10-08 23:06:00,2014-10-08 23:07:00,97.36,97.351,97.36,97.347,97.391,97.382,97.39,97.378,73
2014-10-08 23:07:00,2014-10-08 23:08:00,97.351,97.353,97.355,97.352,97.382,97.383,97.386,97.38,23
2014-10-08 23:08:00,2014-10-08 23:09:00,97.353,97.349,97.353,97.34,97.383,97.38,97.382,97.371,70
2014-10-08 23:09:00,2014-10-08 23:10:00,97.349,97.348,97.354,97.347,97.38,97.379,97.384,97.377,38
2014-10-08 23:10:00,2014-10-08 23:11:00,97.348,97.358,97.361,97.35,97.379,97.388,97.391,97.379,31
2014-10-08 23:11:00,2014-10-08 23:12:00,97.358,97.352,97.358,97.349,97.388,97.384,97.387,97.379,48
2014-10-08 23:12:00,2014-10-08 23:13:00,97.352,97.353,97.365,97.351,97.384,97.384,97.395,97.38,49
2014-10-08 23:13:00,2014-10-08 23:14:00,97.353,97.354,97.357,97.344,97.384,97.385,97.388,97.374,87
2014-10-08 23:14:00,2014-10-08 23:15:00,97.354,97.344,97.355,97.344,97.385,97.372,97.385,97.371,52
2014-10-08 23:15:00,2014-10-08 23:16:00,97.344,97.353,97.356,97.344,97.372,97.378,97.384,97.37,93
2014-10-08 23:16:00,2014-10-08 23:17:00,97.353,97.344,97.355,97.336,97.378,97.373,97.381,97.363,68
2014-10-08 23:17:00,2014-10-08 23:18:00,97.344,97.362,97.363,97.345,97.373,97.387,97.391,97.373,76
2014-10-08 23:18:00,2014-10-08 23:19:00,97.362,97.359,97.36,97.357,97.387,97.387,97.388,97.384,19
2014-10-08 23:19:00,2014-10-08 23:20:00,97.359,97.37,97.37,97.358,97.387,97.398,97.398,97.385,67
2014-10-08 23:20:00,2014-10-08 23:21:00,97.37,97.371,97.374,97.37,97.398,97.399,97.399,97.398,11
2014-10-08 23:21:00,2014-10-08 23:22:00,97.371,97.381,97.382,97.371,97.399,97.41,97.411,97.398,31
2014-10-08 23:22:00,2014-10-08 23:23:00,97.381,97.375,97.381,97.374,97.41,97.402,97.41,97.402,35
2014-10-08 23:23:00,2014-10-08 23:24:00,97.375,97.368,97.374,97.368,97.402,97.395,97.402,97.395,21
2014-10-08 23:24:00,2014-10-08 23:25:00,97.368,97.367,97.37,97.367,97.395,97.395,97.398,97.394,17
2014-10-08 23:25:00,2014-10-08 23:26:00,97.367,97.369,97.369,97.362,97.395,97.396,97.396,97.39,46
2014-10-08 23:26:00,2014-10-08 23:27:00,97.369,97.363,97.369,97.362,97.396,97.392,97.398,97.39,46
2014-10-08 23:27:00,2014-10-08 23:28:00,97.363,97.354,97.363,97.354,97.392,97.381,97.392,97.38,37
2014-10-08 23:28:00,2014-10-08 23:29:00,97.354,97.351,97.357,97.343,97.381,97.376,97.386,97.368,96
2014-10-08 23:29:00,2014-10-08 23:30:00,97.351,97.345,97.353,97.343,97.376,97.371,97.381,97.369,48
2014-10-08 23:30:00,2014-10-08 23:31:00,97.345,97.342,97.354,97.332,97.371,97.368,97.383,97.358,154
2014-10-08 23:31:00,2014-10-08 23:32:00,97.342,97.335,97.365,97.335,97.368,97.363,97.392,97.361,143
2014-10-08 23:32:00,2014-10-08 23:33:00,97.335,97.336,97.344,97.328,97.363,97.363,97.372,97.356,119
2014-10-08 23:33:00,2014-10-08 23:34:00,97.336,97.328,97.365,97.328,97.363,97.356,97.393,97.356,231
2014-10-08 23:34:00,2014-10-08 23:35:00,97.328,97.324,97.327,97.324,97.356,97.354,97.356,97.354,8
2014-10-08 23:35:00,2014-10-08 23:36:00,97.324,97.349,97.351,97.322,97.354,97.379,97.379,97.348,108
2014-10-08 23:36:00,2014-10-08 23:37:00,97.349,97.361,97.366,97.351,97.379,97.392,97.396,97.379,102
2014-10-08 23:37:00,2014-10-08 23:38:00,97.361,97.333,97.361,97.333,97.392,97.362,97.392,97.362,211
2014-10-08 23:38:00,2014-10-08 23:39:00,97.333,97.332,97.336,97.321,97.362,97.362,97.367,97.349,145
2014-10-08 23:39:00,2014-10-08 23:40:00,97.332,97.307,97.339,97.307,97.362,97.341,97.368,97.341,181
2014-10-08 23:40:00,2014-10-08 23:41:00,97.307,97.325,97.332,97.298,97.341,97.355,97.361,97.329,258
2014-10-08 23:41:00,2014-10-08 23:42:00,97.325,97.347,97.349,97.305,97.355,97.378,97.379,97.336,262
2014-10-08 23:42:00,2014-10-08 23:43:00,97.347,97.345,97.364,97.335,97.378,97.375,97.394,97.366,269
2014-10-08 23:43:00,2014-10-08 23:44:00,97.345,97.347,97.35,97.333,97.375,97.375,97.377,97.362,192
2014-10-08 23:44:00,2014-10-08 23:45:00,97.347,97.333,97.348,97.317,97.375,97.36,97.377,97.349,165
2014-10-08 23:45:00,2014-10-08 23:46:00,97.333,97.378,97.379,97.332,97.36,97.407,97.409,97.36,455
2014-10-08 23:46:00,2014-10-08 23:47:00,97.378,97.367,97.379,97.361,97.407,97.397,97.408,97.387,166
2014-10-08 23:47:00,2014-10-08 23:48:00,97.367,97.388,97.39,97.36,97.397,97.426,97.428,97.39,173
2014-10-08 23:48:00,2014-10-08 23:49:00,97.388,97.377,97.396,97.371,97.426,97.414,97.429,97.405,113
2014-10-08 23:49:00,2014-10-08 23:50:00,97.377,97.386,97.396,97.376,97.414,97.416,97.426,97.413,102
2014-10-08 23:50:00,2014-10-08 23:51:00,97.386,97.356,97.388,97.346,97.416,97.398,97.419,97.378,230
2014-10-08 23:51:00,2014-10-08 23:52:00,97.356,97.377,97.382,97.355,97.398,97.408,97.414,97.394,99
2014-10-08 23:52:00,2014-10-08 23:53:00,97.377,97.389,97.396,97.378,97.408,97.424,97.429,97.408,77
2014-10-08 23:53:00,2014-10-08 23:54:00,97.389,97.402,97.412,97.388,97.424,97.431,97.44,97.423,305
2014-10-08 23:54:00,2014-10-08 23:55:00,97.402,97.388,97.408,97.384,97.431,97.417,97.438,97.411,152
2014-10-08 23:55:00,2014-10-08 23:56:00,97.388,97.379,97.389,97.371,97.417,97.408,97.419,97.401,116
2014-10-08 23:56:00,2014-10-08 23:57:00,97.379,97.373,97.388,97.373,97.408,97.4,97.414,97.399,99
2014-10-08 23:57:00,2014-10-08 23:58:00,97.373,97.358,97.372,97.35,97.4,97.387,97.4,97.38,121
2014-10-08 23:58:00,2014-10-08 23:59:00,97.358,97.37,97.374,97.351,97.387,97.396,97.399,97.381,134
2014-10-08 23:59:00,2014-10-09 00:00:00,97.37,97.369,97.378,97.361,97.396,97.399,97.403,97.389,231
2014-10-09 00:00:00,2014-10-09 00:01:00,97.369,97.386,97.389,97.367,97.399,97.417,97.421,97.395,191
2014-10-09 00:01:00,2014-10-09 00:02:00,97.386,97.381,97.394,97.377,97.417,97.41,97.418,97.403,202
2014-10-09 00:02:00,2014-10-09 00:03:00,97.381,97.375,97.385,97.37,97.41,97.402,97.412,97.395,147
2014-10-09 00:03:00,2014-10-09 00:04:00,97.375,97.354,97.375,97.353,97.402,97.385,97.402,97.384,99
2014-10-09 00:04:00,2014-10-09 00:05:00,97.354,97.394,97.394,97.355,97.385,97.423,97.423,97.382,408
2014-10-09 00:05:00,2014-10-09 00:06:00,97.394,97.393,97.394,97.383,97.423,97.42,97.422,97.408,274
2014-10-09 00:06:00,2014-10-09 00:07:00,97.393,97.399,97.402,97.385,97.42,97.425,97.428,97.412,290
2014-10-09 00:07:00,2014-10-09 00:08:00,97.399,97.437,97.44,97.398,97.425,97.467,97.471,97.425,484
2014-10-09 00:08:00,2014-10-09 00:09:00,97.437,97.439,97.444,97.425,97.467,97.469,97.473,97.455,290
2014-10-09 00:09:00,2014-10-09 00:10:00,97.439,97.452,97.461,97.439,97.469,97.478,97.489,97.469,341
2014-10-09 00:10:00,2014-10-09 00:11:00,97.452,97.445,97.452,97.44,97.478,97.472,97.478,97.467,300
2014-10-09 00:11:00,2014-10-09 00:12:00,97.445,97.448,97.451,97.433,97.472,97.474,97.48,97.462,356
2014-10-09 00:12:00,2014-10-09 00:13:00,97.448,97.441,97.449,97.433,97.474,97.465,97.478,97.462,257
2014-10-09 00:13:00,2014-10-09 00:14:00,97.441,97.452,97.457,97.425,97.465,97.488,97.49,97.453,222
2014-10-09 00:14:00,2014-10-09 00:15:00,97.452,97.454,97.458,97.428,97.488,97.483,97.49,97.457,261
2014-10-09 00:15:00,2014-10-09 00:16:00,97.454,97.441,97.465,97.434,97.483,97.472,97.491,97.463,301
2014-10-09 00:16:00,2014-10-09 00:17:00,97.441,97.45,97.452,97.428,97.472,97.477,97.477,97.458,288
2014-10-09 00:17:00,2014-10-09 00:18:00,97.45,97.429,97.45,97.422,97.477,97.457,97.477,97.453,218
2014-10-09 00:18:00,2014-10-09 00:19:00,97.429,97.438,97.448,97.429,97.457,97.465,97.476,97.457,185
2014-10-09 00:19:00,2014-10-09 00:20:00,97.438,97.447,97.454,97.432,97.465,97.477,97.485,97.46,249
2014-10-09 00:20:00,2014-10-09 00:21:00,97.447,97.457,97.473,97.448,97.477,97.489,97.501,97.477,138
2014-10-09 00:21:00,2014-10-09 00:22:00,97.457,97.433,97.459,97.431,97.489,97.464,97.489,97.462,125
2014-10-09 00:22:00,2014-10-09 00:23:00,97.433,97.435,97.437,97.428,97.464,97.465,97.468,97.458,87
2014-10-09 00:23:00,2014-10-09 00:24:00,97.435,97.427,97.453,97.424,97.465,97.457,97.48,97.453,307
2014-10-09 00:24:00,2014-10-09 00:25:00,97.427,97.453,97.46,97.426,97.457,97.49,97.494,97.456,264
2014-10-09 00:25:00,2014-10-09 00:26:00,97.453,97.46,97.466,97.448,97.49,97.488,97.497,97.479,288
2014-10-09 00:26:00,2014-10-09 00:27:00,97.46,97.458,97.463,97.451,97.488,97.486,97.492,97.482,173
2014-10-09 00:27:00,2014-10-09 00:28:00,97.458,97.451,97.459,97.444,97.486,97.48,97.488,97.471,110
2014-10-09 00:28:00,2014-10-09 00:29:00,97.451,97.453,97.463,97.451,97.48,97.481,97.492,97.48,127
2014-10-09 00:29:00,2014-10-09 00:30:00,97.453,97.428,97.452,97.405,97.481,97.458,97.481,97.441,639
2014-10-09 00:30:00,2014-10-09 00:31:00,97.428,97.434,97.441,97.419,97.458,97.465,97.472,97.444,284
2014-10-09 00:31:00,2014-10-09 00:32:00,97.434,97.419,97.441,97.416,97.465,97.445,97.471,97.445,253
2014-10-09 00:32:00,2014-10-09 00:33:00,97.419,97.419,97.433,97.41,97.445,97.446,97.459,97.438,229
2014-10-09 00:33:00,2014-10-09 00:34:00,97.419,97.441,97.443,97.404,97.446,97.47,97.47,97.433,275
2014-10-09 00:34:00,2014-10-09 00:35:00,97.441,97.426,97.443,97.42,97.47,97.455,97.473,97.444,209
2014-10-09 00:35:00,2014-10-09 00:36:00,97.426,97.435,97.439,97.409,97.455,97.459,97.468,97.439,267
2014-10-09 00:36:00,2014-10-09 00:37:00,97.435,97.445,97.451,97.431,97.459,97.472,97.483,97.457,251
2014-10-09 00:37:00,2014-10-09 00:38:00,97.445,97.43,97.445,97.425,97.472,97.458,97.473,97.455,295
2014-10-09 00:38:00,2014-10-09 00:39:00,97.43,97.456,97.457,97.429,97.458,97.486,97.487,97.458,150
2014-10-09 00:39:00,2014-10-09 00:40:00,97.456,97.469,97.475,97.454,97.486,97.497,97.504,97.484,265
2014-10-09 00:40:00,2014-10-09 00:41:00,97.469,97.44,97.468,97.433,97.497,97.469,97.497,97.463,216
2014-10-09 00:41:00,2014-10-09 00:42:00,97.44,97.431,97.442,97.42,97.469,97.459,97.473,97.449,302
2014-10-09 00:42:00,2014-10-09 00:43:00,97.431,97.426,97.433,97.42,97.459,97.452,97.461,97.449,152
2014-10-09 00:43:00,2014-10-09 00:44:00,97.426,97.459,97.459,97.41,97.452,97.487,97.488,97.436,198
2014-10-09 00:44:00,2014-10-09 00:45:00,97.459,97.448,97.461,97.436,97.487,97.472,97.49,97.465,271
2014-10-09 00:45:00,2014-10-09 00:46:00,97.448,97.435,97.448,97.428,97.472,97.465,97.471,97.456,169
2014-10-09 00:46:00,2014-10-09 00:47:00,97.435,97.42,97.435,97.419,97.465,97.449,97.465,97.447,230
2014-10-09 00:47:00,2014-10-09 00:48:00,97.42,97.432,97.44,97.42,97.449,97.462,97.47,97.449,168
2014-10-09 00:48:00,2014-10-09 00:49:00,97.432,97.441,97.446,97.423,97.462,97.469,97.478,97.452,312
2014-10-09 00:49:00,2014-10-09 00:50:00,97.441,97.433,97.454,97.433,97.469,97.462,97.482,97.461,175
2014-10-09 00:50:00,2014-10-09 00:51:00,97.433,97.444,97.449,97.432,97.462,97.468,97.478,97.46,156
2014-10-09 00:51:00,2014-10-09 00:52:00,97.444,97.458,97.463,97.438,97.468,97.486,97.497,97.462,217
2014-10-09 00:52:00,2014-10-09 00:53:00,97.458,97.475,97.481,97.453,97.486,97.504,97.51,97.479,252
2014-10-09 00:53:00,2014-10-09 00:54:00,97.475,97.472,97.482,97.471,97.504,97.5,97.51,97.498,211
2014-10-09 00:54:00,2014-10-09 00:55:00,97.472,97.451,97.479,97.445,97.5,97.479,97.509,97.475,423
2014-10-09 00:55:00,2014-10-09 00:56:00,97.451,97.425,97.461,97.425,97.479,97.454,97.489,97.452,286
2014-10-09 00:56:00,2014-10-09 00:57:00,97.425,97.418,97.431,97.415,97.454,97.447,97.46,97.442,173
2014-10-09 00:57:00,2014-10-09 00:58:00,97.418,97.432,97.44,97.415,97.447,97.461,97.468,97.443,274
2014-10-09 00:58:00,2014-10-09 00:59:00,97.432,97.424,97.435,97.411,97.461,97.452,97.462,97.439,222
2014-10-09 00:59:00,2014-10-09 01:00:00,97.424,97.42,97.441,97.416,97.452,97.449,97.471,97.446,305
2014-10-09 01:00:00,2014-10-09 01:01:00,97.42,97.416,97.437,97.402,97.449,97.448,97.467,97.432,455
2014-10-09 01:01:00,2014-10-09 01:02:00,97.416,97.416,97.431,97.403,97.448,97.441,97.453,97.434,324
2014-10-09 01:02:00,2014-10-09 01:03:00,97.416,97.396,97.416,97.396,97.441,97.424,97.442,97.423,151
2014-10-09 01:03:00,2014-10-09 01:04:00,97.396,97.393,97.409,97.386,97.424,97.421,97.438,97.414,361
2014-10-09 01:04:00,2014-10-09 01:05:00,97.393,97.395,97.41,97.391,97.421,97.425,97.438,97.419,271
2014-10-09 01:05:00,2014-10-09 01:06:00,97.395,97.404,97.411,97.391,97.425,97.432,97.438,97.419,373
2014-10-09 01:06:00,2014-10-09 01:07:00,97.404,97.4,97.408,97.393,97.432,97.427,97.434,97.419,238
2014-10-09 01:07:00,2014-10-09 01:08:00,97.4,97.397,97.408,97.394,97.427,97.425,97.435,97.423,170
2014-10-09 01:08:00,2014-10-09 01:09:00,97.397,97.385,97.406,97.384,97.425,97.42,97.432,97.415,232
2014-10-09 01:09:00,2014-10-09 01:10:00,97.385,97.388,97.401,97.384,97.42,97.416,97.43,97.412,228
2014-10-09 01:10:00,2014-10-09 01:11:00,97.388,97.374,97.388,97.371,97.416,97.401,97.415,97.397,114
2014-10-09 01:11:00,2014-10-09 01:12:00,97.374,97.368,97.377,97.364,97.401,97.397,97.405,97.391,90
2014-10-09 01:12:00,2014-10-09 01:13:00,97.368,97.363,97.387,97.36,97.397,97.387,97.413,97.386,199
2014-10-09 01:13:00,2014-10-09 01:14:00,97.363,97.352,97.377,97.336,97.387,97.383,97.406,97.367,479
2014-10-09 01:14:00,2014-10-09 01:15:00,97.352,97.348,97.355,97.339,97.383,97.379,97.385,97.367,178
2014-10-09 01:15:00,2014-10-09 01:16:00,97.348,97.367,97.369,97.342,97.379,97.397,97.399,97.37,158
2014-10-09 01:16:00,2014-10-09 01:17:00,97.367,97.358,97.373,97.346,97.397,97.387,97.401,97.376,223
2014-10-09 01:17:00,2014-10-09 01:18:00,97.358,97.351,97.362,97.346,97.387,97.379,97.391,97.373,169
2014-10-09 01:18:00,2014-10-09 01:19:00,97.351,97.36,97.361,97.344,97.379,97.388,97.389,97.372,125
2014-10-09 01:19:00,2014-10-09 01:20:00,97.36,97.342,97.36,97.338,97.388,97.371,97.387,97.366,112
2014-10-09 01:20:00,2014-10-09 01:21:00,97.342,97.352,97.365,97.33,97.371,97.385,97.4,97.357,227
2014-10-09 01:21:00,2014-10-09 01:22:00,97.352,97.366,97.366,97.348,97.385,97.394,97.394,97.373,142
2014-10-09 01:22:00,2014-10-09 01:23:00,97.366,97.374,97.388,97.355,97.394,97.403,97.419,97.387,270
2014-10-09 01:23:00,2014-10-09 01:24:00,97.374,97.354,97.374,97.354,97.403,97.384,97.402,97.384,93
2014-10-09 01:24:00,2014-10-09 01:25:00,97.354,97.376,97.38,97.355,97.384,97.406,97.406,97.384,269
2014-10-09 01:25:00,2014-10-09 01:26:00,97.376,97.393,97.394,97.367,97.406,97.422,97.423,97.392,240
2014-10-09 01:26:00,2014-10-09 01:27:00,97.393,97.388,97.399,97.381,97.422,97.413,97.427,97.408,279
2014-10-09 01:27:00,2014-10-09 01:28:00,97.388,97.394,97.399,97.384,97.413,97.42,97.428,97.41,307
2014-10-09 01:28:00,2014-10-09 01:29:00,97.394,97.369,97.394,97.366,97.42,97.398,97.419,97.393,274
2014-10-09 01:29:00,2014-10-09 01:30:00,97.369,97.385,97.396,97.368,97.398,97.413,97.424,97.396,323
2014-10-09 01:30:00,2014-10-09 01:31:00,97.385,97.388,97.391,97.383,97.413,97.418,97.419,97.411,80
2014-10-09 01:31:00,2014-10-09 01:32:00,97.388,97.391,97.4,97.387,97.418,97.42,97.427,97.415,114
2014-10-09 01:32:00,2014-10-09 01:33:00,97.391,97.411,97.415,97.386,97.42,97.441,97.442,97.415,170
2014-10-09 01:33:00,2014-10-09 01:34:00,97.411,97.389,97.413,97.376,97.441,97.418,97.443,97.408,170
2014-10-09 01:34:00,2014-10-09 01:35:00,97.389,97.397,97.407,97.387,97.418,97.43,97.436,97.419,158
2014-10-09 01:35:00,2014-10-09 01:36:00,97.397,97.411,97.414,97.395,97.43,97.438,97.443,97.425,148
2014-10-09 01:36:00,2014-10-09 01:37:00,97.411,97.412,97.414,97.393,97.438,97.44,97.441,97.423,190
2014-10-09 01:37:00,2014-10-09 01:38:00,97.412,97.394,97.413,97.391,97.44,97.42,97.44,97.42,127
2014-10-09 01:38:00,2014-10-09 01:39:00,97.394,97.397,97.402,97.392,97.42,97.427,97.429,97.419,100
2014-10-09 01:39:00,2014-10-09 01:40:00,97.397,97.399,97.403,97.395,97.427,97.427,97.431,97.425,53
2014-10-09 01:40:00,2014-10-09 01:41:00,97.399,97.405,97.422,97.399,97.427,97.432,97.451,97.427,127
2014-10-09 01:41:00,2014-10-09 01:42:00,97.405,97.416,97.419,97.405,97.432,97.442,97.443,97.432,99
2014-10-09 01:42:00,2014-10-09 01:43:00,97.416,97.416,97.418,97.406,97.442,97.441,97.443,97.431,74
2014-10-09 01:43:00,2014-10-09 01:44:00,97.416,97.406,97.419,97.405,97.441,97.433,97.444,97.431,113
2014-10-09 01:44:00,2014-10-09 01:45:00,97.406,97.401,97.416,97.399,97.433,97.429,97.439,97.426,187
2014-10-09 01:45:00,2014-10-09 01:46:00,97.401,97.4,97.41,97.398,97.429,97.429,97.439,97.425,72
2014-10-09 01:46:00,2014-10-09 01:47:00,97.4,97.399,97.404,97.394,97.429,97.425,97.433,97.418,96
2014-10-09 01:47:00,2014-10-09 01:48:00,97.399,97.396,97.407,97.396,97.425,97.419,97.433,97.417,72
2014-10-09 01:48:00,2014-10-09 01:49:00,97.396,97.399,97.405,97.397,97.419,97.424,97.431,97.419,110
2014-10-09 01:49:00,2014-10-09 01:50:00,97.399,97.399,97.413,97.399,97.424,97.422,97.433,97.421,85
2014-10-09 01:50:00,2014-10-09 01:51:00,97.399,97.396,97.402,97.396,97.422,97.422,97.423,97.421,14
2014-10-09 01:51:00,2014-10-09 01:52:00,97.396,97.363,97.395,97.362,97.422,97.391,97.423,97.389,90
2014-10-09 01:52:00,2014-10-09 01:53:00,97.363,97.366,97.368,97.362,97.391,97.393,97.398,97.385,104
2014-10-09 01:53:00,2014-10-09 01:54:00,97.366,97.38,97.382,97.365,97.393,97.407,97.412,97.393,85
2014-10-09 01:54:00,2014-10-09 01:55:00,97.38,97.376,97.38,97.37,97.407,97.407,97.407,97.4,51
2014-10-09 01:55:00,2014-10-09 01:56:00,97.376,97.369,97.395,97.366,97.407,97.404,97.424,97.399,162
2014-10-09 01:56:00,2014-10-09 01:57:00,97.369,97.367,97.375,97.362,97.404,97.395,97.399,97.386,138
2014-10-09 01:57:00,2014-10-09 01:58:00,97.367,97.375,97.377,97.359,97.395,97.404,97.405,97.386,75
2014-10-09 01:58:00,2014-10-09 01:59:00,97.375,97.36,97.376,97.357,97.404,97.389,97.405,97.385,148
2014-10-09 01:59:00,2014-10-09 02:00:00,97.36,97.365,97.365,97.352,97.389,97.395,97.395,97.379,106
2014-10-09 02:00:00,2014-10-09 02:01:00,97.365,97.373,97.375,97.361,97.395,97.4,97.405,97.391,223
2014-10-09 02:01:00,2014-10-09 02:02:00,97.373,97.381,97.391,97.373,97.4,97.407,97.416,97.4,71
2014-10-09 02:02:00,2014-10-09 02:03:00,97.381,97.376,97.385,97.375,97.407,97.401,97.412,97.4,78
2014-10-09 02:03:00,2014-10-09 02:04:00,97.376,97.366,97.377,97.35,97.401,97.389,97.406,97.379,320
2014-10-09 02:04:00,2014-10-09 02:05:00,97.366,97.315,97.368,97.315,97.389,97.344,97.389,97.342,334
2014-10-09 02:05:00,2014-10-09 02:06:00,97.315,97.329,97.329,97.3,97.344,97.356,97.357,97.329,432
2014-10-09 02:06:00,2014-10-09 02:07:00,97.329,97.326,97.332,97.322,97.356,97.35,97.358,97.344,198
2014-10-09 02:07:00,2014-10-09 02:08:00,97.326,97.33,97.33,97.32,97.35,97.357,97.357,97.345,126
2014-10-09 02:08:00,2014-10-09 02:09:00,97.33,97.339,97.347,97.328,97.357,97.365,97.374,97.351,152
2014-10-09 02:09:00,2014-10-09 02:10:00,97.339,97.35,97.358,97.339,97.365,97.377,97.385,97.366,180
2014-10-09 02:10:00,2014-10-09 02:11:00,97.35,97.352,97.353,97.343,97.377,97.379,97.38,97.368,171
2014-10-09 02:11:00,2014-10-09 02:12:00,97.352,97.327,97.35,97.323,97.379,97.355,97.379,97.352,133
2014-10-09 02:12:00,2014-10-09 02:13:00,97.327,97.325,97.332,97.324,97.355,97.349,97.361,97.347,113
2014-10-09 02:13:00,2014-10-09 02:14:00,97.325,97.342,97.346,97.324,97.349,97.369,97.37,97.347,105
2014-10-09 02:14:00,2014-10-09 02:15:00,97.342,97.336,97.349,97.333,97.369,97.363,97.378,97.355,193
2014-10-09 02:15:00,2014-10-09 02:16:00,97.336,97.297,97.335,97.297,97.363,97.33,97.363,97.329,165
2014-10-09 02:16:00,2014-10-09 02:17:00,97.297,97.313,97.313,97.295,97.33,97.342,97.342,97.33,40
2014-10-09 02:17:00,2014-10-09 02:18:00,97.313,97.312,97.315,97.308,97.342,97.337,97.343,97.332,44
2014-10-09 02:18:00,2014-10-09 02:19:00,97.312,97.315,97.319,97.31,97.337,97.342,97.346,97.333,75
2014-10-09 02:19:00,2014-10-09 02:20:00,97.315,97.329,97.331,97.315,97.342,97.358,97.36,97.343,81
2014-10-09 02:20:00,2014-10-09 02:21:00,97.329,97.325,97.336,97.324,97.358,97.352,97.363,97.352,56
2014-10-09 02:21:00,2014-10-09 02:22:00,97.325,97.327,97.327,97.324,97.352,97.355,97.356,97.352,20
2014-10-09 02:22:00,2014-10-09 02:23:00,97.327,97.332,97.333,97.324,97.355,97.36,97.363,97.352,80
2014-10-09 02:23:00,2014-10-09 02:24:00,97.332,97.317,97.331,97.317,97.36,97.346,97.36,97.346,23
2014-10-09 02:24:00,2014-10-09 02:25:00,97.317,97.313,97.321,97.307,97.346,97.34,97.35,97.336,101
2014-10-09 02:25:00,2014-10-09 02:26:00,97.313,97.309,97.318,97.306,97.34,97.339,97.347,97.335,98
2014-10-09 02:26:00,2014-10-09 02:27:00,97.309,97.317,97.317,97.308,97.339,97.346,97.346,97.338,49
2014-10-09 02:27:00,2014-10-09 02:28:00,97.317,97.327,97.331,97.316,97.346,97.355,97.357,97.344,42
2014-10-09 02:28:00,2014-10-09 02:29:00,97.327,97.341,97.341,97.325,97.355,97.368,97.369,97.35,83
2014-10-09 02:29:00,2014-10-09 02:30:00,97.341,97.339,97.349,97.339,97.368,97.365,97.374,97.36,78
2014-10-09 02:30:00,2014-10-09 02:31:00,97.339,97.344,97.351,97.338,97.365,97.37,97.375,97.365,53
2014-10-09 02:31:00,2014-10-09 02:32:00,97.344,97.352,97.352,97.342,97.37,97.378,97.378,97.369,31
2014-10-09 02:32:00,2014-10-09 02:33:00,97.352,97.356,97.357,97.348,97.378,97.384,97.384,97.375,72
2014-10-09 02:33:00,2014-10-09 02:34:00,97.356,97.365,97.369,97.354,97.384,97.392,97.397,97.38,143
2014-10-09 02:34:00,2014-10-09 02:35:00,97.365,97.364,97.374,97.351,97.392,97.392,97.401,97.38,204
2014-10-09 02:35:00,2014-10-09 02:36:00,97.364,97.36,97.367,97.351,97.392,97.389,97.394,97.379,136
2014-10-09 02:36:00,2014-10-09 02:37:00,97.36,97.36,97.361,97.355,97.389,97.386,97.389,97.383,62
2014-10-09 02:37:00,2014-10-09 02:38:00,97.36,97.35,97.36,97.345,97.386,97.376,97.386,97.372,127
2014-10-09 02:38:00,2014-10-09 02:39:00,97.35,97.358,97.359,97.349,97.376,97.388,97.389,97.376,70
2014-10-09 02:39:00,2014-10-09 02:40:00,97.358,97.359,97.363,97.359,97.388,97.387,97.389,97.386,14
2014-10-09 02:40:00,2014-10-09 02:41:00,97.359,97.36,97.363,97.358,97.387,97.387,97.389,97.386,24
2014-10-09 02:41:00,2014-10-09 02:42:00,97.36,97.357,97.361,97.348,97.387,97.386,97.387,97.376,43
2014-10-09 02:42:00,2014-10-09 02:43:00,97.357,97.365,97.366,97.355,97.386,97.392,97.394,97.383,55
2014-10-09 02:43:00,2014-10-09 02:44:00,97.365,97.351,97.365,97.348,97.392,97.377,97.392,97.375,175
2014-10-09 02:44:00,2014-10-09 02:45:00,97.351,97.36,97.36,97.335,97.377,97.388,97.39,97.361,318
2014-10-09 02:45:00,2014-10-09 02:46:00,97.36,97.33,97.36,97.329,97.388,97.359,97.389,97.359,109
2014-10-09 02:46:00,2014-10-09 02:47:00,97.33,97.335,97.346,97.329,97.359,97.364,97.379,97.359,174
2014-10-09 02:47:00,2014-10-09 02:48:00,97.335,97.324,97.344,97.323,97.364,97.351,97.371,97.348,58
2014-10-09 02:48:00,2014-10-09 02:49:00,97.324,97.327,97.336,97.322,97.351,97.356,97.363,97.347,188
2014-10-09 02:49:00,2014-10-09 02:50:00,97.327,97.344,97.347,97.326,97.356,97.373,97.374,97.355,141
2014-10-09 02:50:00,2014-10-09 02:51:00,97.344,97.346,97.351,97.344,97.373,97.373,97.375,97.37,32
2014-10-09 02:51:00,2014-10-09 02:52:00,97.346,97.348,97.348,97.346,97.373,97.377,97.377,97.373,26
2014-10-09 02:52:00,2014-10-09 02:53:00,97.348,97.35,97.359,97.346,97.377,97.378,97.387,97.373,95
2014-10-09 02:53:00,2014-10-09 02:54:00,97.35,97.35,97.354,97.342,97.378,97.379,97.38,97.369,73
2014-10-09 02:54:00,2014-10-09 02:55:00,97.35,97.348,97.352,97.341,97.379,97.378,97.38,97.369,135
2014-10-09 02:55:00,2014-10-09 02:56:00,97.348,97.348,97.357,97.345,97.378,97.377,97.385,97.37,155
2014-10-09 02:56:00,2014-10-09 02:57:00,97.348,97.348,97.35,97.337,97.377,97.377,97.379,97.368,133
2014-10-09 02:57:00,2014-10-09 02:58:00,97.348,97.35,97.35,97.339,97.377,97.376,97.377,97.369,63
2014-10-09 02:58:00,2014-10-09 02:59:00,97.35,97.35,97.352,97.346,97.376,97.377,97.378,97.372,40
2014-10-09 02:59:00,2014-10-09 03:00:00,97.35,97.35,97.356,97.347,97.377,97.377,97.385,97.375,85
2014-10-09 03:00:00,2014-10-09 03:01:00,97.35,97.35,97.358,97.338,97.377,97.374,97.387,97.365,166
2014-10-09 03:01:00,2014-10-09 03:02:00,97.35,97.359,97.36,97.346,97.374,97.387,97.388,97.372,83
2014-10-09 03:02:00,2014-10-09 03:03:00,97.359,97.346,97.362,97.346,97.387,97.373,97.39,97.373,43
2014-10-09 03:03:00,2014-10-09 03:04:00,97.346,97.362,97.362,97.346,97.373,97.386,97.39,97.371,69
2014-10-09 03:04:00,2014-10-09 03:05:00,97.362,97.372,97.373,97.362,97.386,97.399,97.399,97.384,39
2014-10-09 03:05:00,2014-10-09 03:06:00,97.372,97.368,97.372,97.365,97.399,97.394,97.397,97.39,55
2014-10-09 03:06:00,2014-10-09 03:07:00,97.368,97.364,97.368,97.361,97.394,97.388,97.392,97.383,81
2014-10-09 03:07:00,2014-10-09 03:08:00,97.364,97.369,97.374,97.361,97.388,97.392,97.397,97.383,62
2014-10-09 03:08:00,2014-10-09 03:09:00,97.369,97.348,97.367,97.348,97.392,97.378,97.392,97.378,60
2014-10-09 03:09:00,2014-10-09 03:10:00,97.348,97.328,97.348,97.324,97.378,97.356,97.377,97.351,230
2014-10-09 03:10:00,2014-10-09 03:11:00,97.328,97.306,97.329,97.283,97.356,97.335,97.358,97.312,438
2014-10-09 03:11:00,2014-10-09 03:12:00,97.306,97.304,97.313,97.295,97.335,97.328,97.339,97.321,223
2014-10-09 03:12:00,2014-10-09 03:13:00,97.304,97.303,97.319,97.3,97.328,97.33,97.344,97.324,262
2014-10-09 03:13:00,2014-10-09 03:14:00,97.303,97.285,97.316,97.275,97.33,97.312,97.341,97.307,398
2014-10-09 03:14:00,2014-10-09 03:15:00,97.285,97.253,97.288,97.246,97.312,97.285,97.319,97.277,361
2014-10-09 03:15:00,2014-10-09 03:16:00,97.253,97.292,97.292,97.245,97.285,97.32,97.32,97.278,268
2014-10-09 03:16:00,2014-10-09 03:17:00,97.292,97.271,97.291,97.26,97.32,97.3,97.321,97.288,244
2014-10-09 03:17:00,2014-10-09 03:18:00,97.271,97.263,97.282,97.25,97.3,97.292,97.31,97.282,198
2014-10-09 03:18:00,2014-10-09 03:19:00,97.263,97.269,97.284,97.261,97.292,97.299,97.315,97.289,361
2014-10-09 03:19:00,2014-10-09 03:20:00,97.269,97.279,97.279,97.267,97.299,97.307,97.307,97.294,151
2014-10-09 03:20:00,2014-10-09 03:21:00,97.279,97.302,97.306,97.28,97.307,97.33,97.331,97.307,181
2014-10-09 03:21:00,2014-10-09 03:22:00,97.302,97.266,97.302,97.257,97.33,97.295,97.329,97.284,213
2014-10-09 03:22:00,2014-10-09 03:23:00,97.266,97.276,97.277,97.258,97.295,97.304,97.306,97.287,224
2014-10-09 03:23:00,2014-10-09 03:24:00,97.276,97.279,97.288,97.267,97.304,97.307,97.314,97.296,227
2014-10-09 03:24:00,2014-10-09 03:25:00,97.279,97.265,97.282,97.262,97.307,97.297,97.31,97.292,148
2014-10-09 03:25:00,2014-10-09 03:26:00,97.265,97.247,97.278,97.229,97.297,97.275,97.306,97.257,530
2014-10-09 03:26:00,2014-10-09 03:27:00,97.247,97.248,97.255,97.226,97.275,97.274,97.281,97.255,425
2014-10-09 03:27:00,2014-10-09 03:28:00,97.248,97.261,97.27,97.232,97.274,97.289,97.298,97.259,334
2014-10-09 03:28:00,2014-10-09 03:29:00,97.261,97.243,97.264,97.242,97.289,97.273,97.292,97.269,278
2014-10-09 03:29:00,2014-10-09 03:30:00,97.243,97.244,97.265,97.242,97.273,97.274,97.296,97.27,230
2014-10-09 03:30:00,2014-10-09 03:31:00,97.244,97.251,97.251,97.236,97.274,97.279,97.28,97.265,244
2014-10-09 03:31:00,2014-10-09 03:32:00,97.251,97.257,97.26,97.224,97.279,97.285,97.289,97.251,311
2014-10-09 03:32:00,2014-10-09 03:33:00,97.257,97.252,97.263,97.249,97.285,97.282,97.292,97.281,216
2014-10-09 03:33:00,2014-10-09 03:34:00,97.252,97.249,97.263,97.245,97.282,97.277,97.292,97.273,147
2014-10-09 03:34:00,2014-10-09 03:35:00,97.249,97.26,97.271,97.25,97.277,97.288,97.299,97.278,194
2014-10-09 03:35:00,2014-10-09 03:36:00,97.26,97.254,97.26,97.247,97.288,97.283,97.289,97.277,115
2014-10-09 03:36:00,2014-10-09 03:37:00,97.254,97.255,97.262,97.25,97.283,97.281,97.29,97.278,112
2014-10-09 03:37:00,2014-10-09 03:38:00,97.255,97.266,97.266,97.252,97.281,97.291,97.291,97.279,82
2014-10-09 03:38:00,2014-10-09 03:39:00,97.266,97.252,97.271,97.251,97.291,97.278,97.296,97.278,142
2014-10-09 03:39:00,2014-10-09 03:40:00,97.252,97.264,97.269,97.252,97.278,97.288,97.29,97.278,103
2014-10-09 03:40:00,2014-10-09 03:41:00,97.264,97.235,97.267,97.235,97.288,97.263,97.288,97.261,200
2014-10-09 03:41:00,2014-10-09 03:42:00,97.235,97.223,97.248,97.216,97.263,97.253,97.27,97.247,192
2014-10-09 03:42:00,2014-10-09 03:43:00,97.223,97.233,97.24,97.223,97.253,97.259,97.268,97.251,150
2014-10-09 03:43:00,2014-10-09 03:44:00,97.233,97.242,97.246,97.234,97.259,97.271,97.275,97.259,154
2014-10-09 03:44:00,2014-10-09 03:45:00,97.242,97.256,97.263,97.241,97.271,97.284,97.293,97.269,337
2014-10-09 03:45:00,2014-10-09 03:46:00,97.256,97.25,97.259,97.241,97.284,97.278,97.286,97.269,159
2014-10-09 03:46:00,2014-10-09 03:47:00,97.25,97.243,97.253,97.237,97.278,97.27,97.281,97.265,127
2014-10-09 03:47:00,2014-10-09 03:48:00,97.243,97.247,97.247,97.236,97.27,97.273,97.273,97.265,80
2014-10-09 03:48:00,2014-10-09 03:49:00,97.247,97.251,97.257,97.242,97.273,97.28,97.286,97.27,156
2014-10-09 03:49:00,2014-10-09 03:50:00,97.251,97.26,97.262,97.248,97.28,97.289,97.29,97.277,147
2014-10-09 03:50:00,2014-10-09 03:51:00,97.26,97.257,97.267,97.256,97.289,97.286,97.296,97.283,87
2014-10-09 03:51:00,2014-10-09 03:52:00,97.257,97.272,97.274,97.252,97.286,97.301,97.302,97.281,161
2014-10-09 03:52:00,2014-10-09 03:53:00,97.272,97.279,97.28,97.264,97.301,97.308,97.309,97.292,311
2014-10-09 03:53:00,2014-10-09 03:54:00,97.279,97.279,97.282,97.266,97.308,97.309,97.309,97.296,103
2014-10-09 03:54:00,2014-10-09 03:55:00,97.279,97.271,97.289,97.271,97.309,97.3,97.316,97.299,85
2014-10-09 03:55:00,2014-10-09 03:56:00,97.271,97.247,97.271,97.243,97.3,97.277,97.302,97.272,152
2014-10-09 03:56:00,2014-10-09 03:57:00,97.247,97.229,97.251,97.228,97.277,97.261,97.281,97.253,227
2014-10-09 03:57:00,2014-10-09 03:58:00,97.229,97.252,97.252,97.229,97.261,97.278,97.28,97.254,151
2014-10-09 03:58:00,2014-10-09 03:59:00,97.252,97.251,97.255,97.244,97.278,97.281,97.285,97.272,121
2014-10-09 03:59:00,2014-10-09 04:00:00,97.251,97.239,97.252,97.235,97.281,97.267,97.282,97.26,107
2014-10-09 04:00:00,2014-10-09 04:01:00,97.239,97.237,97.242,97.228,97.267,97.267,97.27,97.257,131
2014-10-09 04:01:00,2014-10-09 04:02:00,97.237,97.245,97.251,97.231,97.267,97.274,97.279,97.261,124
2014-10-09 04:02:00,2014-10-09 04:03:00,97.245,97.216,97.247,97.215,97.274,97.244,97.274,97.243,160
2014-10-09 04:03:00,2014-10-09 04:04:00,97.216,97.229,97.237,97.213,97.244,97.258,97.268,97.24,263
2014-10-09 04:04:00,2014-10-09 04:05:00,97.229,97.208,97.228,97.208,97.258,97.242,97.258,97.236,135
2014-10-09 04:05:00,2014-10-09 04:06:00,97.208,97.2,97.209,97.2,97.242,97.228,97.243,97.227,116
2014-10-09 04:06:00,2014-10-09 04:07:00,97.2,97.194,97.203,97.193,97.228,97.224,97.232,97.222,98
2014-10-09 04:07:00,2014-10-09 04:08:00,97.194,97.182,97.198,97.169,97.224,97.212,97.225,97.201,175
2014-10-09 04:08:00,2014-10-09 04:09:00,97.182,97.191,97.202,97.182,97.212,97.217,97.232,97.212,192
2014-10-09 04:09:00,2014-10-09 04:10:00,97.191,97.194,97.194,97.183,97.217,97.22,97.223,97.212,215
2014-10-09 04:10:00,2014-10-09 04:11:00,97.194,97.196,97.203,97.185,97.22,97.221,97.229,97.215,270
2014-10-09 04:11:00,2014-10-09 04:12:00,97.196,97.213,97.215,97.193,97.221,97.242,97.244,97.217,256
2014-10-09 04:12:00,2014-10-09 04:13:00,97.213,97.224,97.229,97.212,97.242,97.253,97.261,97.242,259
2014-10-09 04:13:00,2014-10-09 04:14:00,97.224,97.233,97.238,97.22,97.253,97.262,97.266,97.25,217
2014-10-09 04:14:00,2014-10-09 04:15:00,97.233,97.22,97.235,97.219,97.262,97.25,97.262,97.247,145
2014-10-09 04:15:00,2014-10-09 04:16:00,97.22,97.209,97.228,97.2,97.25,97.238,97.256,97.228,276
2014-10-09 04:16:00,2014-10-09 04:17:00,97.209,97.216,97.223,97.205,97.238,97.246,97.251,97.234,163
2014-10-09 04:17:00,2014-10-09 04:18:00,97.216,97.218,97.223,97.204,97.246,97.246,97.252,97.231,352
2014-10-09 04:18:00,2014-10-09 04:19:00,97.218,97.21,97.224,97.21,97.246,97.238,97.252,97.237,138
2014-10-09 04:19:00,2014-10-09 04:20:00,97.21,97.218,97.221,97.209,97.238,97.244,97.25,97.237,96
2014-10-09 04:20:00,2014-10-09 04:21:00,97.218,97.217,97.22,97.207,97.244,97.242,97.245,97.231,145
2014-10-09 04:21:00,2014-10-09 04:22:00,97.217,97.222,97.224,97.205,97.242,97.252,97.255,97.231,85
2014-10-09 04:22:00,2014-10-09 04:23:00,97.222,97.218,97.224,97.208,97.252,97.243,97.253,97.237,64
2014-10-09 04:23:00,2014-10-09 04:24:00,97.218,97.233,97.238,97.215,97.243,97.261,97.264,97.239,108
2014-10-09 04:24:00,2014-10-09 04:25:00,97.233,97.245,97.26,97.232,97.261,97.274,97.29,97.26,336
2014-10-09 04:25:00,2014-10-09 04:26:00,97.245,97.254,97.257,97.235,97.274,97.282,97.288,97.263,204
2014-10-09 04:26:00,2014-10-09 04:27:00,97.254,97.249,97.254,97.24,97.282,97.278,97.28,97.271,84
2014-10-09 04:27:00,2014-10-09 04:28:00,97.249,97.244,97.253,97.243,97.278,97.272,97.282,97.27,133
2014-10-09 04:28:00,2014-10-09 04:29:00,97.244,97.243,97.247,97.238,97.272,97.271,97.273,97.266,58
2014-10-09 04:29:00,2014-10-09 04:30:00,97.243,97.251,97.251,97.24,97.271,97.278,97.279,97.266,130
2014-10-09 04:30:00,2014-10-09 04:31:00,97.251,97.246,97.251,97.245,97.278,97.272,97.278,97.271,74
2014-10-09 04:31:00,2014-10-09 04:32:00,97.246,97.243,97.247,97.234,97.272,97.27,97.274,97.26,127
2014-10-09 04:32:00,2014-10-09 04:33:00,97.243,97.247,97.247,97.237,97.27,97.272,97.276,97.263,116
2014-10-09 04:33:00,2014-10-09 04:34:00,97.247,97.234,97.249,97.232,97.272,97.262,97.275,97.261,97
2014-10-09 04:34:00,2014-10-09 04:35:00,97.234,97.215,97.235,97.215,97.262,97.245,97.262,97.245,97
2014-10-09 04:35:00,2014-10-09 04:36:00,97.215,97.226,97.226,97.212,97.245,97.253,97.254,97.24,163
2014-10-09 04:36:00,2014-10-09 04:37:00,97.226,97.22,97.227,97.215,97.253,97.25,97.257,97.242,159
2014-10-09 04:37:00,2014-10-09 04:38:00,97.22,97.213,97.224,97.212,97.25,97.243,97.254,97.241,70
2014-10-09 04:38:00,2014-10-09 04:39:00,97.213,97.21,97.214,97.206,97.243,97.24,97.244,97.233,50
2014-10-09 04:39:00,2014-10-09 04:40:00,97.21,97.199,97.212,97.189,97.24,97.228,97.242,97.219,319
2014-10-09 04:40:00,2014-10-09 04:41:00,97.199,97.199,97.2,97.185,97.228,97.229,97.229,97.213,161
2014-10-09 04:41:00,2014-10-09 04:42:00,97.199,97.201,97.205,97.198,97.229,97.231,97.236,97.225,106
2014-10-09 04:42:00,2014-10-09 04:43:00,97.201,97.205,97.212,97.195,97.231,97.235,97.242,97.224,101
2014-10-09 04:43:00,2014-10-09 04:44:00,97.205,97.21,97.214,97.192,97.235,97.24,97.243,97.221,161
2014-10-09 04:44:00,2014-10-09 04:45:00,97.21,97.19,97.215,97.186,97.24,97.22,97.243,97.217,141
2014-10-09 04:45:00,2014-10-09 04:46:00,97.19,97.175,97.192,97.175,97.22,97.204,97.22,97.203,87
2014-10-09 04:46:00,2014-10-09 04:47:00,97.175,97.175,97.179,97.16,97.204,97.202,97.21,97.189,238
2014-10-09 04:47:00,2014-10-09 04:48:00,97.175,97.163,97.177,97.158,97.202,97.192,97.206,97.186,108
2014-10-09 04:48:00,2014-10-09 04:49:00,97.163,97.154,97.172,97.152,97.192,97.18,97.2,97.18,135
2014-10-09 04:49:00,2014-10-09 04:50:00,97.154,97.159,97.159,97.131,97.18,97.188,97.188,97.164,202
2014-10-09 04:50:00,2014-10-09 04:51:00,97.159,97.162,97.167,97.15,97.188,97.193,97.198,97.178,232
2014-10-09 04:51:00,2014-10-09 04:52:00,97.162,97.158,97.164,97.142,97.193,97.189,97.194,97.172,321
2014-10-09 04:52:00,2014-10-09 04:53:00,97.158,97.185,97.194,97.159,97.189,97.214,97.224,97.189,275
2014-10-09 04:53:00,2014-10-09 04:54:00,97.185,97.179,97.196,97.179,97.214,97.208,97.225,97.207,213
2014-10-09 04:54:00,2014-10-09 04:55:00,97.179,97.191,97.194,97.173,97.208,97.222,97.222,97.204,130
2014-10-09 04:55:00,2014-10-09 04:56:00,97.191,97.192,97.195,97.182,97.222,97.223,97.225,97.212,127
2014-10-09 04:56:00,2014-10-09 04:57:00,97.192,97.192,97.192,97.192,97.223,97.222,97.222,97.221,4
2014-10-09 04:57:00,2014-10-09 04:58:00,97.192,97.2,97.2,97.192,97.222,97.229,97.229,97.221,67
2014-10-09 04:58:00,2014-10-09 04:59:00,97.2,97.203,97.208,97.198,97.229,97.231,97.237,97.227,80
2014-10-09 04:59:00,2014-10-09 05:00:00,97.203,97.202,97.203,97.193,97.231,97.228,97.232,97.223,61
2014-10-09 05:00:00,2014-10-09 05:01:00,97.202,97.198,97.202,97.189,97.228,97.228,97.229,97.218,146
2014-10-09 05:01:00,2014-10-09 05:02:00,97.198,97.192,97.2,97.189,97.228,97.222,97.23,97.218,176
2014-10-09 05:02:00,2014-10-09 05:03:00,97.192,97.179,97.192,97.171,97.222,97.209,97.223,97.2,114
2014-10-09 05:03:00,2014-10-09 05:04:00,97.179,97.183,97.191,97.18,97.209,97.213,97.218,97.208,78
2014-10-09 05:04:00,2014-10-09 05:05:00,97.183,97.178,97.183,97.177,97.213,97.205,97.212,97.203,56
2014-10-09 05:05:00,2014-10-09 05:06:00,97.178,97.14,97.178,97.137,97.205,97.169,97.206,97.166,278
2014-10-09 05:06:00,2014-10-09 05:07:00,97.14,97.136,97.147,97.128,97.169,97.165,97.177,97.157,217
2014-10-09 05:07:00,2014-10-09 05:08:00,97.136,97.133,97.155,97.131,97.165,97.162,97.183,97.159,268
2014-10-09 05:08:00,2014-10-09 05:09:00,97.133,97.151,97.162,97.134,97.162,97.18,97.19,97.162,274
2014-10-09 05:09:00,2014-10-09 05:10:00,97.151,97.136,97.155,97.135,97.18,97.165,97.184,97.161,252
2014-10-09 05:10:00,2014-10-09 05:11:00,97.136,97.137,97.141,97.12,97.165,97.161,97.168,97.151,296
2014-10-09 05:11:00,2014-10-09 05:12:00,97.137,97.134,97.141,97.126,97.161,97.163,97.167,97.151,165
2014-10-09 05:12:00,2014-10-09 05:13:00,97.134,97.136,97.141,97.125,97.163,97.164,97.167,97.154,150
2014-10-09 05:13:00,2014-10-09 05:14:00,97.136,97.155,97.161,97.134,97.164,97.187,97.188,97.163,128
2014-10-09 05:14:00,2014-10-09 05:15:00,97.155,97.148,97.162,97.142,97.187,97.177,97.191,97.173,219
2014-10-09 05:15:00,2014-10-09 05:16:00,97.148,97.154,97.162,97.14,97.177,97.181,97.19,97.168,156
2014-10-09 05:16:00,2014-10-09 05:17:00,97.154,97.146,97.154,97.144,97.181,97.175,97.181,97.172,52
2014-10-09 05:17:00,2014-10-09 05:18:00,97.146,97.157,97.162,97.144,97.175,97.182,97.19,97.172,99
2014-10-09 05:18:00,2014-10-09 05:19:00,97.157,97.146,97.163,97.143,97.182,97.171,97.19,97.169,97
2014-10-09 05:19:00,2014-10-09 05:20:00,97.146,97.153,97.166,97.144,97.171,97.181,97.196,97.171,156
2014-10-09 05:20:00,2014-10-09 05:21:00,97.153,97.169,97.178,97.153,97.181,97.2,97.204,97.18,202
2014-10-09 05:21:00,2014-10-09 05:22:00,97.169,97.161,97.174,97.155,97.2,97.187,97.202,97.178,209
2014-10-09 05:22:00,2014-10-09 05:23:00,97.161,97.157,97.162,97.15,97.187,97.184,97.188,97.174,98
2014-10-09 05:23:00,2014-10-09 05:24:00,97.157,97.165,97.168,97.148,97.184,97.189,97.193,97.172,181
2014-10-09 05:24:00,2014-10-09 05:25:00,97.165,97.162,97.166,97.157,97.189,97.188,97.193,97.182,106
2014-10-09 05:25:00,2014-10-09 05:26:00,97.162,97.166,97.18,97.16,97.188,97.192,97.207,97.184,226
2014-10-09 05:26:00,2014-10-09 05:27:00,97.166,97.17,97.178,97.165,97.192,97.195,97.208,97.189,183
2014-10-09 05:27:00,2014-10-09 05:28:00,97.17,97.17,97.177,97.15,97.195,97.199,97.2,97.176,164
2014-10-09 05:28:00,2014-10-09 05:29:00,97.17,97.165,97.17,97.156,97.199,97.19,97.199,97.185,136
2014-10-09 05:29:00,2014-10-09 05:30:00,97.165,97.166,97.169,97.156,97.19,97.194,97.196,97.182,106
2014-10-09 05:30:00,2014-10-09 05:31:00,97.166,97.166,97.168,97.16,97.194,97.192,97.195,97.188,74
2014-10-09 05:31:00,2014-10-09 05:32:00,97.166,97.179,97.181,97.159,97.192,97.205,97.207,97.185,229
2014-10-09 05:32:00,2014-10-09 05:33:00,97.179,97.164,97.178,97.155,97.205,97.195,97.205,97.184,203
2014-10-09 05:33:00,2014-10-09 05:34:00,97.164,97.173,97.176,97.164,97.195,97.2,97.206,97.194,93
2014-10-09 05:34:00,2014-10-09 05:35:00,97.173,97.167,97.176,97.159,97.2,97.197,97.204,97.187,192
2014-10-09 05:35:00,2014-10-09 05:36:00,97.167,97.166,97.169,97.16,97.197,97.196,97.197,97.187,162
2014-10-09 05:36:00,2014-10-09 05:37:00,97.166,97.176,97.176,97.156,97.196,97.206,97.206,97.182,200
2014-10-09 05:37:00,2014-10-09 05:38:00,97.176,97.167,97.178,97.166,97.206,97.196,97.206,97.19,83
2014-10-09 05:38:00,2014-10-09 05:39:00,97.167,97.174,97.181,97.167,97.196,97.202,97.209,97.194,94
2014-10-09 05:39:00,2014-10-09 05:40:00,97.174,97.182,97.189,97.174,97.202,97.208,97.219,97.203,107
2014-10-09 05:40:00,2014-10-09 05:41:00,97.182,97.186,97.186,97.173,97.208,97.215,97.215,97.2,99
2014-10-09 05:41:00,2014-10-09 05:42:00,97.186,97.182,97.186,97.175,97.215,97.21,97.214,97.202,84
2014-10-09 05:42:00,2014-10-09 05:43:00,97.182,97.173,97.182,97.171,97.21,97.202,97.212,97.201,114
2014-10-09 05:43:00,2014-10-09 05:44:00,97.173,97.178,97.185,97.171,97.202,97.207,97.213,97.2,86
2014-10-09 05:44:00,2014-10-09 05:45:00,97.178,97.163,97.179,97.16,97.207,97.191,97.207,97.19,123
2014-10-09 05:45:00,2014-10-09 05:46:00,97.163,97.147,97.163,97.146,97.191,97.174,97.191,97.17,191
2014-10-09 05:46:00,2014-10-09 05:47:00,97.147,97.147,97.155,97.143,97.174,97.173,97.182,97.169,124
2014-10-09 05:47:00,2014-10-09 05:48:00,97.147,97.146,97.151,97.137,97.173,97.176,97.177,97.162,310
2014-10-09 05:48:00,2014-10-09 05:49:00,97.146,97.153,97.158,97.141,97.176,97.184,97.185,97.17,207
2014-10-09 05:49:00,2014-10-09 05:50:00,97.153,97.176,97.18,97.154,97.184,97.206,97.206,97.184,253
2014-10-09 05:50:00,2014-10-09 05:51:00,97.176,97.169,97.185,97.166,97.206,97.198,97.211,97.194,136
2014-10-09 05:51:00,2014-10-09 05:52:00,97.169,97.16,97.173,97.157,97.198,97.189,97.2,97.186,111
2014-10-09 05:52:00,2014-10-09 05:53:00,97.16,97.168,97.174,97.159,97.189,97.193,97.204,97.189,88
2014-10-09 05:53:00,2014-10-09 05:54:00,97.168,97.16,97.168,97.156,97.193,97.186,97.193,97.18,103
2014-10-09 05:54:00,2014-10-09 05:55:00,97.16,97.15,97.16,97.149,97.186,97.18,97.186,97.172,149
2014-10-09 05:55:00,2014-10-09 05:56:00,97.15,97.145,97.151,97.13,97.18,97.175,97.18,97.156,172
2014-10-09 05:56:00,2014-10-09 05:57:00,97.145,97.143,97.148,97.137,97.175,97.171,97.177,97.164,65
2014-10-09 05:57:00,2014-10-09 05:58:00,97.143,97.146,97.149,97.139,97.171,97.173,97.176,97.168,89
2014-10-09 05:58:00,2014-10-09 05:59:00,97.146,97.147,97.148,97.138,97.173,97.173,97.174,97.168,45
2014-10-09 05:59:00,2014-10-09 06:00:00,97.147,97.139,97.149,97.134,97.173,97.168,97.173,97.161,115
2014-10-09 06:00:00,2014-10-09 06:01:00,97.139,97.135,97.141,97.129,97.168,97.162,97.17,97.155,85
2014-10-09 06:01:00,2014-10-09 06:02:00,97.135,97.101,97.137,97.095,97.162,97.13,97.162,97.126,206
2014-10-09 06:02:00,2014-10-09 06:03:00,97.101,97.108,97.11,97.095,97.13,97.137,97.142,97.126,138
2014-10-09 06:03:00,2014-10-09 06:04:00,97.108,97.132,97.142,97.106,97.137,97.159,97.168,97.134,322
2014-10-09 06:04:00,2014-10-09 06:05:00,97.132,97.131,97.141,97.116,97.159,97.159,97.169,97.149,374
2014-10-09 06:05:00,2014-10-09 06:06:00,97.131,97.139,97.155,97.131,97.159,97.165,97.181,97.158,220
2014-10-09 06:06:00,2014-10-09 06:07:00,97.139,97.11,97.139,97.102,97.165,97.139,97.167,97.132,211
2014-10-09 06:07:00,2014-10-09 06:08:00,97.11,97.083,97.114,97.07,97.139,97.111,97.144,97.102,411
2014-10-09 06:08:00,2014-10-09 06:09:00,97.083,97.105,97.105,97.081,97.111,97.134,97.135,97.109,315
2014-10-09 06:09:00,2014-10-09 06:10:00,97.105,97.125,97.128,97.104,97.134,97.151,97.155,97.132,215
2014-10-09 06:10:00,2014-10-09 06:11:00,97.125,97.133,97.14,97.119,97.151,97.162,97.167,97.146,203
2014-10-09 06:11:00,2014-10-09 06:12:00,97.133,97.091,97.133,97.089,97.162,97.12,97.162,97.118,231
2014-10-09 06:12:00,2014-10-09 06:13:00,97.091,97.09,97.101,97.081,97.12,97.114,97.127,97.107,221
2014-10-09 06:13:00,2014-10-09 06:14:00,97.09,97.087,97.1,97.084,97.114,97.114,97.128,97.108,162
2014-10-09 06:14:00,2014-10-09 06:15:00,97.087,97.096,97.115,97.081,97.114,97.128,97.144,97.108,246
2014-10-09 06:15:00,2014-10-09 06:16:00,97.096,97.098,97.103,97.084,97.128,97.125,97.135,97.109,166
2014-10-09 06:16:00,2014-10-09 06:17:00,97.098,97.101,97.115,97.094,97.125,97.129,97.141,97.121,155
2014-10-09 06:17:00,2014-10-09 06:18:00,97.101,97.096,97.103,97.073,97.129,97.126,97.13,97.102,304
2014-10-09 06:18:00,2014-10-09 06:19:00,97.096,97.07,97.11,97.065,97.126,97.097,97.137,97.091,258
2014-10-09 06:19:00,2014-10-09 06:20:00,97.07,97.081,97.081,97.064,97.097,97.106,97.108,97.09,224
2014-10-09 06:20:00,2014-10-09 06:21:00,97.081,97.081,97.094,97.077,97.106,97.11,97.119,97.102,148
2014-10-09 06:21:00,2014-10-09 06:22:00,97.081,97.075,97.081,97.072,97.11,97.101,97.107,97.096,94
2014-10-09 06:22:00,2014-10-09 06:23:00,97.075,97.084,97.087,97.075,97.101,97.111,97.115,97.102,72
2014-10-09 06:23:00,2014-10-09 06:24:00,97.084,97.081,97.093,97.073,97.111,97.111,97.12,97.099,178
2014-10-09 06:24:00,2014-10-09 06:25:00,97.081,97.071,97.089,97.067,97.111,97.1,97.116,97.095,133
2014-10-09 06:25:00,2014-10-09 06:26:00,97.071,97.075,97.091,97.071,97.1,97.104,97.12,97.1,151
2014-10-09 06:26:00,2014-10-09 06:27:00,97.075,97.091,97.097,97.072,97.104,97.117,97.123,97.101,121
2014-10-09 06:27:00,2014-10-09 06:28:00,97.091,97.112,97.121,97.086,97.117,97.14,97.147,97.113,164
2014-10-09 06:28:00,2014-10-09 06:29:00,97.112,97.114,97.121,97.109,97.14,97.144,97.15,97.135,118
2014-10-09 06:29:00,2014-10-09 06:30:00,97.114,97.116,97.123,97.106,97.144,97.146,97.149,97.134,146
2014-10-09 06:30:00,2014-10-09 06:31:00,97.116,97.131,97.136,97.116,97.146,97.159,97.164,97.146,208
2014-10-09 06:31:00,2014-10-09 06:32:00,97.131,97.138,97.145,97.122,97.159,97.166,97.17,97.15,166
2014-10-09 06:32:00,2014-10-09 06:33:00,97.138,97.119,97.141,97.106,97.166,97.146,97.167,97.135,198
2014-10-09 06:33:00,2014-10-09 06:34:00,97.119,97.127,97.133,97.116,97.146,97.156,97.161,97.145,88
2014-10-09 06:34:00,2014-10-09 06:35:00,97.127,97.136,97.144,97.127,97.156,97.164,97.17,97.155,161
2014-10-09 06:35:00,2014-10-09 06:36:00,97.136,97.135,97.137,97.126,97.164,97.163,97.164,97.152,60
2014-10-09 06:36:00,2014-10-09 06:37:00,97.135,97.134,97.142,97.129,97.163,97.162,97.169,97.157,174
2014-10-09 06:37:00,2014-10-09 06:38:00,97.134,97.113,97.135,97.111,97.162,97.142,97.162,97.14,128
2014-10-09 06:38:00,2014-10-09 06:39:00,97.113,97.118,97.127,97.112,97.142,97.148,97.154,97.139,96
2014-10-09 06:39:00,2014-10-09 06:40:00,97.118,97.116,97.128,97.107,97.148,97.142,97.156,97.135,166
2014-10-09 06:40:00,2014-10-09 06:41:00,97.116,97.116,97.12,97.108,97.142,97.145,97.149,97.135,192
2014-10-09 06:41:00,2014-10-09 06:42:00,97.116,97.133,97.134,97.108,97.145,97.157,97.157,97.137,204
2014-10-09 06:42:00,2014-10-09 06:43:00,97.133,97.128,97.139,97.125,97.157,97.155,97.165,97.15,194
2014-10-09 06:43:00,2014-10-09 06:44:00,97.128,97.133,97.133,97.108,97.155,97.16,97.16,97.134,316
2014-10-09 06:44:00,2014-10-09 06:45:00,97.133,97.091,97.138,97.091,97.16,97.117,97.165,97.117,304
2014-10-09 06:45:00,2014-10-09 06:46:00,97.091,97.041,97.09,97.034,97.117,97.071,97.118,97.064,510
2014-10-09 06:46:00,2014-10-09 06:47:00,97.041,97.049,97.066,97.037,97.071,97.077,97.092,97.067,357
2014-10-09 06:47:00,2014-10-09 06:48:00,97.049,97.075,97.08,97.047,97.077,97.102,97.107,97.076,415
2014-10-09 06:48:00,2014-10-09 06:49:00,97.075,97.082,97.09,97.066,97.102,97.109,97.114,97.093,236
2014-10-09 06:49:00,2014-10-09 06:50:00,97.082,97.076,97.103,97.071,97.109,97.106,97.127,97.1,238
2014-10-09 06:50:00,2014-10-09 06:51:00,97.076,97.061,97.077,97.05,97.106,97.089,97.106,97.08,432
2014-10-09 06:51:00,2014-10-09 06:52:00,97.061,97.064,97.079,97.054,97.089,97.091,97.105,97.083,438
2014-10-09 06:52:00,2014-10-09 06:53:00,97.064,97.072,97.088,97.061,97.091,97.103,97.108,97.089,313
2014-10-09 06:53:00,2014-10-09 06:54:00,97.072,97.069,97.08,97.055,97.103,97.092,97.104,97.085,365
2014-10-09 06:54:00,2014-10-09 06:55:00,97.069,97.078,97.087,97.065,97.092,97.106,97.113,97.089,218
2014-10-09 06:55:00,2014-10-09 06:56:00,97.078,97.094,97.099,97.075,97.106,97.119,97.122,97.1,274
2014-10-09 06:56:00,2014-10-09 06:57:00,97.094,97.094,97.107,97.086,97.119,97.121,97.137,97.115,260
2014-10-09 06:57:00,2014-10-09 06:58:00,97.094,97.084,97.095,97.078,97.121,97.107,97.119,97.104,178
2014-10-09 06:58:00,2014-10-09 06:59:00,97.084,97.083,97.096,97.071,97.107,97.113,97.119,97.099,211
2014-10-09 06:59:00,2014-10-09 07:00:00,97.083,97.068,97.086,97.059,97.113,97.094,97.112,97.085,351
2014-10-09 07:00:00,2014-10-09 07:01:00,97.068,97.038,97.068,97.027,97.094,97.067,97.095,97.058,396
2014-10-09 07:01:00,2014-10-09 07:02:00,97.038,97.04,97.051,97.032,97.067,97.069,97.079,97.059,353
2014-10-09 07:02:00,2014-10-09 07:03:00,97.04,97.053,97.058,97.04,97.069,97.082,97.084,97.068,208
2014-10-09 07:03:00,2014-10-09 07:04:00,97.053,97.036,97.061,97.035,97.082,97.065,97.088,97.063,351
2014-10-09 07:04:00,2014-10-09 07:05:00,97.036,97.046,97.06,97.035,97.065,97.076,97.087,97.064,636
2014-10-09 07:05:00,2014-10-09 07:06:00,97.046,97.068,97.081,97.047,97.076,97.095,97.113,97.075,397
2014-10-09 07:06:00,2014-10-09 07:07:00,97.068,97.063,97.085,97.054,97.095,97.09,97.113,97.081,359
2014-10-09 07:07:00,2014-10-09 07:08:00,97.063,97.043,97.069,97.033,97.09,97.072,97.095,97.062,657
2014-10-09 07:08:00,2014-10-09 07:09:00,97.043,97.053,97.058,97.043,97.072,97.083,97.088,97.069,306
2014-10-09 07:09:00,2014-10-09 07:10:00,97.053,97.062,97.072,97.044,97.083,97.089,97.099,97.07,387
2014-10-09 07:10:00,2014-10-09 07:11:00,97.062,97.06,97.071,97.049,97.089,97.087,97.1,97.078,390
2014-10-09 07:11:00,2014-10-09 07:12:00,97.06,97.045,97.06,97.036,97.087,97.073,97.086,97.066,432
2014-10-09 07:12:00,2014-10-09 07:13:00,97.045,97.042,97.052,97.033,97.073,97.072,97.079,97.06,367
2014-10-09 07:13:00,2014-10-09 07:14:00,97.042,97.041,97.044,97.024,97.072,97.068,97.073,97.055,291
2014-10-09 07:14:00,2014-10-09 07:15:00,97.041,97.034,97.046,97.032,97.068,97.063,97.074,97.062,182
2014-10-09 07:15:00,2014-10-09 07:16:00,97.034,97.039,97.048,97.032,97.063,97.066,97.074,97.061,247
2014-10-09 07:16:00,2014-10-09 07:17:00,97.039,97.059,97.059,97.032,97.066,97.084,97.084,97.061,203
2014-10-09 07:17:00,2014-10-09 07:18:00,97.059,97.059,97.064,97.043,97.084,97.083,97.087,97.07,227
2014-10-09 07:18:00,2014-10-09 07:19:00,97.059,97.062,97.074,97.057,97.083,97.09,97.101,97.083,197
2014-10-09 07:19:00,2014-10-09 07:20:00,97.062,97.042,97.062,97.039,97.09,97.069,97.088,97.067,335
2014-10-09 07:20:00,2014-10-09 07:21:00,97.042,97.035,97.043,97.03,97.069,97.062,97.071,97.056,202
2014-10-09 07:21:00,2014-10-09 07:22:00,97.035,97.058,97.063,97.036,97.062,97.089,97.092,97.062,281
2014-10-09 07:22:00,2014-10-09 07:23:00,97.058,97.056,97.067,97.049,97.089,97.082,97.094,97.076,268
2014-10-09 07:23:00,2014-10-09 07:24:00,97.056,97.051,97.061,97.046,97.082,97.079,97.087,97.074,253
2014-10-09 07:24:00,2014-10-09 07:25:00,97.051,97.039,97.056,97.023,97.079,97.066,97.082,97.05,277
2014-10-09 07:25:00,2014-10-09 07:26:00,97.039,97.029,97.046,97.018,97.066,97.055,97.071,97.046,297
2014-10-09 07:26:00,2014-10-09 07:27:00,97.029,97.022,97.036,97.01,97.055,97.045,97.059,97.034,283
2014-10-09 07:27:00,2014-10-09 07:28:00,97.022,97.018,97.026,97.012,97.045,97.046,97.053,97.04,259
2014-10-09 07:28:00,2014-10-09 07:29:00,97.018,97.033,97.037,97.009,97.046,97.058,97.06,97.036,241
2014-10-09 07:29:00,2014-10-09 07:30:00,97.033,97.035,97.043,97.028,97.058,97.06,97.067,97.053,108
2014-10-09 07:30:00,2014-10-09 07:31:00,97.035,97.034,97.047,97.028,97.06,97.061,97.072,97.055,244
2014-10-09 07:31:00,2014-10-09 07:32:00,97.034,97.043,97.047,97.012,97.061,97.069,97.073,97.04,211
2014-10-09 07:32:00,2014-10-09 07:33:00,97.043,97.03,97.059,97.028,97.069,97.055,97.084,97.053,320
2014-10-09 07:33:00,2014-10-09 07:34:00,97.03,97.023,97.032,97.011,97.055,97.051,97.056,97.04,215
2014-10-09 07:34:00,2014-10-09 07:35:00,97.023,97.022,97.035,97.017,97.051,97.05,97.062,97.046,359
2014-10-09 07:35:00,2014-10-09 07:36:00,97.022,97.035,97.042,97.019,97.05,97.063,97.069,97.043,177
2014-10-09 07:36:00,2014-10-09 07:37:00,97.035,97.019,97.035,97.015,97.063,97.048,97.062,97.042,150
2014-10-09 07:37:00,2014-10-09 07:38:00,97.019,97.008,97.029,97.007,97.048,97.037,97.056,97.037,224
2014-10-09 07:38:00,2014-10-09 07:39:00,97.008,97.034,97.034,97.002,97.037,97.053,97.058,97.031,342
2014-10-09 07:39:00,2014-10-09 07:40:00,97.034,97.04,97.042,97.023,97.053,97.066,97.067,97.047,253
2014-10-09 07:40:00,2014-10-09 07:41:00,97.04,97.037,97.047,97.029,97.066,97.061,97.07,97.055,287
2014-10-09 07:41:00,2014-10-09 07:42:00,97.037,97.023,97.041,97.014,97.061,97.051,97.064,97.04,235
2014-10-09 07:42:00,2014-10-09 07:43:00,97.023,97.03,97.032,97.017,97.051,97.055,97.058,97.044,135
2014-10-09 07:43:00,2014-10-09 07:44:00,97.03,97.038,97.041,97.022,97.055,97.064,97.066,97.047,263
2014-10-09 07:44:00,2014-10-09 07:45:00,97.038,97.056,97.058,97.035,97.064,97.081,97.083,97.061,166
2014-10-09 07:45:00,2014-10-09 07:46:00,97.056,97.052,97.058,97.045,97.081,97.078,97.086,97.072,299
2014-10-09 07:46:00,2014-10-09 07:47:00,97.052,97.07,97.07,97.047,97.078,97.093,97.094,97.075,227
2014-10-09 07:47:00,2014-10-09 07:48:00,97.07,97.065,97.073,97.055,97.093,97.09,97.098,97.081,183
2014-10-09 07:48:00,2014-10-09 07:49:00,97.065,97.077,97.097,97.065,97.09,97.101,97.12,97.09,263
2014-10-09 07:49:00,2014-10-09 07:50:00,97.077,97.09,97.099,97.068,97.101,97.116,97.124,97.094,210
2014-10-09 07:50:00,2014-10-09 07:51:00,97.09,97.074,97.096,97.058,97.116,97.094,97.121,97.083,339
2014-10-09 07:51:00,2014-10-09 07:52:00,97.074,97.056,97.074,97.051,97.094,97.082,97.096,97.077,325
2014-10-09 07:52:00,2014-10-09 07:53:00,97.056,97.075,97.09,97.059,97.082,97.101,97.114,97.082,408
2014-10-09 07:53:00,2014-10-09 07:54:00,97.075,97.094,97.105,97.067,97.101,97.119,97.127,97.095,426
2014-10-09 07:54:00,2014-10-09 07:55:00,97.094,97.102,97.11,97.088,97.119,97.127,97.136,97.113,338
2014-10-09 07:55:00,2014-10-09 07:56:00,97.102,97.113,97.116,97.091,97.127,97.139,97.141,97.118,323
2014-10-09 07:56:00,2014-10-09 07:57:00,97.113,97.071,97.12,97.071,97.139,97.098,97.146,97.098,220
2014-10-09 07:57:00,2014-10-09 07:58:00,97.071,97.065,97.086,97.06,97.098,97.091,97.111,97.085,313
2014-10-09 07:58:00,2014-10-09 07:59:00,97.065,97.091,97.095,97.064,97.091,97.115,97.117,97.089,174
2014-10-09 07:59:00,2014-10-09 08:00:00,97.091,97.076,97.095,97.065,97.115,97.101,97.117,97.09,269
2014-10-09 08:00:00,2014-10-09 08:01:00,97.076,97.069,97.09,97.067,97.101,97.094,97.113,97.092,212
2014-10-09 08:01:00,2014-10-09 08:02:00,97.069,97.08,97.088,97.067,97.094,97.107,97.115,97.092,199
2014-10-09 08:02:00,2014-10-09 08:03:00,97.08,97.079,97.089,97.069,97.107,97.102,97.113,97.095,219
2014-10-09 08:03:00,2014-10-09 08:04:00,97.079,97.079,97.086,97.062,97.102,97.106,97.112,97.089,275
2014-10-09 08:04:00,2014-10-09 08:05:00,97.079,97.09,97.097,97.082,97.106,97.116,97.119,97.106,205
2014-10-09 08:05:00,2014-10-09 08:06:00,97.09,97.094,97.107,97.088,97.116,97.122,97.13,97.113,276
2014-10-09 08:06:00,2014-10-09 08:07:00,97.094,97.104,97.11,97.09,97.122,97.133,97.137,97.12,257
2014-10-09 08:07:00,2014-10-09 08:08:00,97.104,97.111,97.121,97.102,97.133,97.141,97.149,97.129,240
2014-10-09 08:08:00,2014-10-09 08:09:00,97.111,97.114,97.139,97.111,97.141,97.14,97.167,97.138,240
2014-10-09 08:09:00,2014-10-09 08:10:00,97.114,97.116,97.131,97.111,97.14,97.142,97.155,97.139,185
2014-10-09 08:10:00,2014-10-09 08:11:00,97.116,97.126,97.13,97.114,97.142,97.152,97.159,97.139,156
2014-10-09 08:11:00,2014-10-09 08:12:00,97.126,97.124,97.131,97.112,97.152,97.153,97.156,97.137,292
2014-10-09 08:12:00,2014-10-09 08:13:00,97.124,97.152,97.154,97.121,97.153,97.178,97.179,97.147,249
2014-10-09 08:13:00,2014-10-09 08:14:00,97.152,97.159,97.163,97.138,97.178,97.187,97.189,97.164,266
2014-10-09 08:14:00,2014-10-09 08:15:00,97.159,97.172,97.177,97.159,97.187,97.197,97.199,97.185,201
2014-10-09 08:15:00,2014-10-09 08:16:00,97.172,97.19,97.19,97.161,97.197,97.215,97.215,97.187,185
2014-10-09 08:16:00,2014-10-09 08:17:00,97.19,97.164,97.197,97.164,97.215,97.19,97.221,97.19,295
2014-10-09 08:17:00,2014-10-09 08:18:00,97.164,97.137,97.165,97.135,97.19,97.162,97.19,97.161,384
2014-10-09 08:18:00,2014-10-09 08:19:00,97.137,97.148,97.155,97.135,97.162,97.173,97.18,97.157,323
2014-10-09 08:19:00,2014-10-09 08:20:00,97.148,97.153,97.17,97.147,97.173,97.179,97.194,97.172,321
2014-10-09 08:20:00,2014-10-09 08:21:00,97.153,97.146,97.158,97.138,97.179,97.175,97.184,97.166,439
2014-10-09 08:21:00,2014-10-09 08:22:00,97.146,97.154,97.158,97.142,97.175,97.181,97.187,97.172,163
2014-10-09 08:22:00,2014-10-09 08:23:00,97.154,97.149,97.154,97.139,97.181,97.174,97.182,97.164,157
2014-10-09 08:23:00,2014-10-09 08:24:00,97.149,97.151,97.159,97.146,97.174,97.178,97.184,97.174,217
2014-10-09 08:24:00,2014-10-09 08:25:00,97.151,97.161,97.175,97.151,97.178,97.19,97.204,97.177,306
2014-10-09 08:25:00,2014-10-09 08:26:00,97.161,97.172,97.179,97.161,97.19,97.202,97.207,97.191,210
2014-10-09 08:26:00,2014-10-09 08:27:00,97.172,97.166,97.174,97.161,97.202,97.194,97.203,97.189,211
2014-10-09 08:27:00,2014-10-09 08:28:00,97.166,97.163,97.18,97.158,97.194,97.19,97.206,97.188,293
2014-10-09 08:28:00,2014-10-09 08:29:00,97.163,97.163,97.167,97.149,97.19,97.188,97.196,97.177,225
2014-10-09 08:29:00,2014-10-09 08:30:00,97.163,97.163,97.171,97.157,97.188,97.188,97.196,97.182,150
2014-10-09 08:30:00,2014-10-09 08:31:00,97.163,97.198,97.208,97.164,97.188,97.223,97.237,97.188,376
2014-10-09 08:31:00,2014-10-09 08:32:00,97.198,97.199,97.213,97.192,97.223,97.228,97.241,97.222,161
2014-10-09 08:32:00,2014-10-09 08:33:00,97.199,97.2,97.213,97.193,97.228,97.226,97.239,97.221,267
2014-10-09 08:33:00,2014-10-09 08:34:00,97.2,97.179,97.2,97.175,97.226,97.205,97.226,97.201,79
2014-10-09 08:34:00,2014-10-09 08:35:00,97.179,97.178,97.182,97.168,97.205,97.206,97.207,97.193,221
2014-10-09 08:35:00,2014-10-09 08:36:00,97.178,97.157,97.178,97.156,97.206,97.185,97.204,97.184,74
2014-10-09 08:36:00,2014-10-09 08:37:00,97.157,97.151,97.161,97.15,97.185,97.176,97.188,97.173,138
2014-10-09 08:37:00,2014-10-09 08:38:00,97.151,97.177,97.177,97.151,97.176,97.204,97.204,97.175,153
2014-10-09 08:38:00,2014-10-09 08:39:00,97.177,97.172,97.19,97.161,97.204,97.197,97.214,97.184,232
2014-10-09 08:39:00,2014-10-09 08:40:00,97.172,97.173,97.184,97.158,97.197,97.198,97.209,97.182,300
2014-10-09 08:40:00,2014-10-09 08:41:00,97.173,97.151,97.173,97.143,97.198,97.174,97.197,97.165,196
2014-10-09 08:41:00,2014-10-09 08:42:00,97.151,97.158,97.165,97.151,97.174,97.184,97.191,97.173,177
2014-10-09 08:42:00,2014-10-09 08:43:00,97.158,97.182,97.19,97.136,97.184,97.209,97.218,97.157,431
2014-10-09 08:43:00,2014-10-09 08:44:00,97.182,97.159,97.186,97.155,97.209,97.185,97.211,97.18,229
2014-10-09 08:44:00,2014-10-09 08:45:00,97.159,97.176,97.177,97.15,97.185,97.201,97.204,97.173,254
2014-10-09 08:45:00,2014-10-09 08:46:00,97.176,97.176,97.182,97.171,97.201,97.205,97.208,97.198,142
2014-10-09 08:46:00,2014-10-09 08:47:00,97.176,97.157,97.176,97.155,97.205,97.186,97.203,97.181,197
2014-10-09 08:47:00,2014-10-09 08:48:00,97.157,97.145,97.163,97.145,97.186,97.171,97.19,97.171,251
2014-10-09 08:48:00,2014-10-09 08:49:00,97.145,97.128,97.152,97.12,97.171,97.153,97.177,97.149,236
2014-10-09 08:49:00,2014-10-09 08:50:00,97.128,97.122,97.135,97.122,97.153,97.152,97.16,97.15,119
2014-10-09 08:50:00,2014-10-09 08:51:00,97.122,97.138,97.139,97.116,97.152,97.163,97.164,97.142,125
2014-10-09 08:51:00,2014-10-09 08:52:00,97.138,97.15,97.154,97.134,97.163,97.176,97.18,97.16,266
2014-10-09 08:52:00,2014-10-09 08:53:00,97.15,97.132,97.155,97.132,97.176,97.161,97.183,97.157,120
2014-10-09 08:53:00,2014-10-09 08:54:00,97.132,97.139,97.142,97.128,97.161,97.167,97.167,97.156,140
2014-10-09 08:54:00,2014-10-09 08:55:00,97.139,97.137,97.149,97.135,97.167,97.162,97.175,97.158,194
2014-10-09 08:55:00,2014-10-09 08:56:00,97.137,97.138,97.146,97.133,97.162,97.164,97.17,97.158,126
2014-10-09 08:56:00,2014-10-09 08:57:00,97.138,97.142,97.142,97.13,97.164,97.168,97.168,97.156,127
2014-10-09 08:57:00,2014-10-09 08:58:00,97.142,97.145,97.155,97.137,97.168,97.174,97.182,97.163,307
2014-10-09 08:58:00,2014-10-09 08:59:00,97.145,97.129,97.165,97.128,97.174,97.157,97.195,97.154,471
2014-10-09 08:59:00,2014-10-09 09:00:00,97.129,97.156,97.16,97.123,97.157,97.181,97.184,97.15,350
2014-10-09 09:00:00,2014-10-09 09:01:00,97.156,97.131,97.164,97.131,97.181,97.159,97.189,97.159,239
2014-10-09 09:01:00,2014-10-09 09:02:00,97.131,97.128,97.14,97.119,97.159,97.154,97.166,97.147,355
2014-10-09 09:02:00,2014-10-09 09:03:00,97.128,97.157,97.16,97.127,97.154,97.179,97.187,97.153,196
2014-10-09 09:03:00,2014-10-09 09:04:00,97.157,97.155,97.158,97.145,97.179,97.18,97.183,97.168,249
2014-10-09 09:04:00,2014-10-09 09:05:00,97.155,97.158,97.166,97.146,97.18,97.184,97.19,97.172,232
2014-10-09 09:05:00,2014-10-09 09:06:00,97.158,97.177,97.179,97.153,97.184,97.202,97.202,97.178,129
2014-10-09 09:06:00,2014-10-09 09:07:00,97.177,97.167,97.181,97.167,97.202,97.193,97.206,97.192,184
2014-10-09 09:07:00,2014-10-09 09:08:00,97.167,97.157,97.167,97.154,97.193,97.185,97.192,97.178,116
2014-10-09 09:08:00,2014-10-09 09:09:00,97.157,97.127,97.165,97.124,97.185,97.154,97.19,97.151,377
2014-10-09 09:09:00,2014-10-09 09:10:00,97.127,97.128,97.14,97.126,97.154,97.154,97.167,97.153,254
2014-10-09 09:10:00,2014-10-09 09:11:00,97.128,97.114,97.142,97.107,97.154,97.14,97.167,97.136,236
2014-10-09 09:11:00,2014-10-09 09:12:00,97.114,97.141,97.142,97.112,97.14,97.166,97.168,97.138,161
2014-10-09 09:12:00,2014-10-09 09:13:00,97.141,97.134,97.145,97.125,97.166,97.16,97.171,97.151,162
2014-10-09 09:13:00,2014-10-09 09:14:00,97.134,97.124,97.145,97.117,97.16,97.149,97.171,97.144,323
2014-10-09 09:14:00,2014-10-09 09:15:00,97.124,97.115,97.132,97.109,97.149,97.139,97.156,97.135,120
2014-10-09 09:15:00,2014-10-09 09:16:00,97.115,97.154,97.154,97.116,97.139,97.179,97.181,97.139,367
2014-10-09 09:16:00,2014-10-09 09:17:00,97.154,97.13,97.154,97.122,97.179,97.156,97.178,97.151,243
2014-10-09 09:17:00,2014-10-09 09:18:00,97.13,97.157,97.166,97.127,97.156,97.183,97.192,97.153,272
2014-10-09 09:18:00,2014-10-09 09:19:00,97.157,97.15,97.162,97.142,97.183,97.173,97.188,97.164,175
2014-10-09 09:19:00,2014-10-09 09:20:00,97.15,97.13,97.151,97.129,97.173,97.152,97.175,97.15,223
2014-10-09 09:20:00,2014-10-09 09:21:00,97.13,97.138,97.145,97.119,97.152,97.162,97.169,97.145,264
2014-10-09 09:21:00,2014-10-09 09:22:00,97.138,97.109,97.137,97.109,97.162,97.133,97.162,97.133,195
2014-10-09 09:22:00,2014-10-09 09:23:00,97.109,97.109,97.12,97.105,97.133,97.136,97.144,97.129,147
2014-10-09 09:23:00,2014-10-09 09:24:00,97.109,97.104,97.111,97.097,97.136,97.13,97.136,97.122,153
2014-10-09 09:24:00,2014-10-09 09:25:00,97.104,97.099,97.108,97.09,97.13,97.127,97.134,97.117,256
2014-10-09 09:25:00,2014-10-09 09:26:00,97.099,97.114,97.12,97.099,97.127,97.142,97.148,97.126,115
2014-10-09 09:26:00,2014-10-09 09:27:00,97.114,97.137,97.145,97.111,97.142,97.169,97.17,97.137,191
2014-10-09 09:27:00,2014-10-09 09:28:00,97.137,97.145,97.147,97.13,97.169,97.171,97.173,97.155,137
2014-10-09 09:28:00,2014-10-09 09:29:00,97.145,97.13,97.146,97.13,97.171,97.157,97.174,97.156,134
2014-10-09 09:29:00,2014-10-09 09:30:00,97.13,97.134,97.15,97.124,97.157,97.16,97.177,97.149,173
2014-10-09 09:30:00,2014-10-09 09:31:00,97.134,97.136,97.141,97.13,97.16,97.165,97.167,97.154,93
2014-10-09 09:31:00,2014-10-09 09:32:00,97.136,97.128,97.139,97.123,97.165,97.157,97.167,97.151,234
2014-10-09 09:32:00,2014-10-09 09:33:00,97.128,97.122,97.129,97.115,97.157,97.147,97.157,97.143,148
2014-10-09 09:33:00,2014-10-09 09:34:00,97.122,97.115,97.122,97.112,97.147,97.144,97.149,97.14,76
2014-10-09 09:34:00,2014-10-09 09:35:00,97.115,97.109,97.118,97.1,97.144,97.135,97.145,97.125,174
2014-10-09 09:35:00,2014-10-09 09:36:00,97.109,97.104,97.113,97.095,97.135,97.133,97.141,97.12,109
2014-10-09 09:36:00,2014-10-09 09:37:00,97.104,97.105,97.108,97.096,97.133,97.134,97.136,97.122,147
2014-10-09 09:37:00,2014-10-09 09:38:00,97.105,97.103,97.114,97.103,97.134,97.131,97.142,97.125,160
2014-10-09 09:38:00,2014-10-09 09:39:00,97.103,97.113,97.122,97.104,97.131,97.141,97.15,97.131,170
2014-10-09 09:39:00,2014-10-09 09:40:00,97.113,97.113,97.114,97.102,97.141,97.141,97.142,97.129,108
2014-10-09 09:40:00,2014-10-09 09:41:00,97.113,97.116,97.118,97.111,97.141,97.141,97.143,97.138,38
2014-10-09 09:41:00,2014-10-09 09:42:00,97.116,97.11,97.123,97.106,97.141,97.134,97.151,97.133,160
2014-10-09 09:42:00,2014-10-09 09:43:00,97.11,97.102,97.11,97.095,97.134,97.125,97.136,97.122,125
2014-10-09 09:43:00,2014-10-09 09:44:00,97.102,97.091,97.104,97.091,97.125,97.118,97.13,97.118,104
2014-10-09 09:44:00,2014-10-09 09:45:00,97.091,97.1,97.107,97.091,97.118,97.129,97.135,97.116,258
2014-10-09 09:45:00,2014-10-09 09:46:00,97.1,97.086,97.099,97.083,97.129,97.112,97.129,97.108,167
2014-10-09 09:46:00,2014-10-09 09:47:00,97.086,97.105,97.108,97.082,97.112,97.131,97.134,97.11,209
2014-10-09 09:47:00,2014-10-09 09:48:00,97.105,97.115,97.116,97.098,97.131,97.14,97.142,97.128,190
2014-10-09 09:48:00,2014-10-09 09:49:00,97.115,97.12,97.128,97.11,97.14,97.148,97.152,97.136,133
2014-10-09 09:49:00,2014-10-09 09:50:00,97.12,97.126,97.144,97.12,97.148,97.156,97.17,97.148,212
2014-10-09 09:50:00,2014-10-09 09:51:00,97.126,97.119,97.132,97.112,97.156,97.147,97.156,97.14,194
2014-10-09 09:51:00,2014-10-09 09:52:00,97.119,97.119,97.127,97.118,97.147,97.149,97.156,97.143,78
2014-10-09 09:52:00,2014-10-09 09:53:00,97.119,97.112,97.123,97.112,97.149,97.139,97.151,97.139,23
2014-10-09 09:53:00,2014-10-09 09:54:00,97.112,97.11,97.112,97.101,97.139,97.135,97.139,97.128,61
2014-10-09 09:54:00,2014-10-09 09:55:00,97.11,97.095,97.111,97.091,97.135,97.122,97.136,97.12,96
2014-10-09 09:55:00,2014-10-09 09:56:00,97.095,97.092,97.109,97.087,97.122,97.117,97.136,97.114,156
2014-10-09 09:56:00,2014-10-09 09:57:00,97.092,97.094,97.105,97.089,97.117,97.123,97.131,97.114,111
2014-10-09 09:57:00,2014-10-09 09:58:00,97.094,97.112,97.114,97.093,97.123,97.139,97.14,97.122,66
2014-10-09 09:58:00,2014-10-09 09:59:00,97.112,97.126,97.13,97.113,97.139,97.152,97.156,97.139,134
2014-10-09 09:59:00,2014-10-09 10:00:00,97.126,97.126,97.136,97.114,97.152,97.152,97.163,97.142,243
2014-10-09 10:00:00,2014-10-09 10:01:00,97.126,97.104,97.128,97.101,97.152,97.131,97.152,97.126,208
2014-10-09 10:01:00,2014-10-09 10:02:00,97.104,97.104,97.122,97.098,97.131,97.129,97.145,97.124,169
2014-10-09 10:02:00,2014-10-09 10:03:00,97.104,97.108,97.116,97.1,97.129,97.133,97.14,97.125,53
2014-10-09 10:03:00,2014-10-09 10:04:00,97.108,97.086,97.111,97.086,97.133,97.111,97.137,97.111,179
2014-10-09 10:04:00,2014-10-09 10:05:00,97.086,97.098,97.1,97.084,97.111,97.128,97.128,97.108,140
2014-10-09 10:05:00,2014-10-09 10:06:00,97.098,97.097,97.1,97.086,97.128,97.124,97.128,97.11,107
2014-10-09 10:06:00,2014-10-09 10:07:00,97.097,97.099,97.104,97.087,97.124,97.121,97.129,97.11,161
2014-10-09 10:07:00,2014-10-09 10:08:00,97.099,97.095,97.105,97.092,97.121,97.119,97.131,97.112,119
2014-10-09 10:08:00,2014-10-09 10:09:00,97.095,97.077,97.101,97.077,97.119,97.101,97.124,97.101,220
2014-10-09 10:09:00,2014-10-09 10:10:00,97.077,97.083,97.095,97.077,97.101,97.111,97.119,97.103,149
2014-10-09 10:10:00,2014-10-09 10:11:00,97.083,97.089,97.103,97.082,97.111,97.115,97.129,97.107,239
2014-10-09 10:11:00,2014-10-09 10:12:00,97.089,97.066,97.093,97.066,97.115,97.095,97.119,97.094,151
2014-10-09 10:12:00,2014-10-09 10:13:00,97.066,97.055,97.07,97.052,97.095,97.084,97.097,97.079,154
2014-10-09 10:13:00,2014-10-09 10:14:00,97.055,97.06,97.067,97.052,97.084,97.087,97.096,97.079,132
2014-10-09 10:14:00,2014-10-09 10:15:00,97.06,97.046,97.06,97.044,97.087,97.073,97.087,97.066,141
2014-10-09 10:15:00,2014-10-09 10:16:00,97.046,97.051,97.068,97.048,97.073,97.074,97.095,97.073,231
2014-10-09 10:16:00,2014-10-09 10:17:00,97.051,97.039,97.051,97.036,97.074,97.065,97.076,97.06,176
2014-10-09 10:17:00,2014-10-09 10:18:00,97.039,97.037,97.042,97.031,97.065,97.063,97.069,97.057,164
2014-10-09 10:18:00,2014-10-09 10:19:00,97.037,97.024,97.044,97.023,97.063,97.052,97.07,97.051,154
2014-10-09 10:19:00,2014-10-09 10:20:00,97.024,97.028,97.028,97.008,97.052,97.053,97.053,97.036,179
2014-10-09 10:20:00,2014-10-09 10:21:00,97.028,97.029,97.033,97.02,97.053,97.053,97.059,97.047,254
2014-10-09 10:21:00,2014-10-09 10:22:00,97.029,97.011,97.036,97.006,97.053,97.037,97.061,97.03,279
2014-10-09 10:22:00,2014-10-09 10:23:00,97.011,97.002,97.015,97.001,97.037,97.026,97.039,97.025,300
2014-10-09 10:23:00,2014-10-09 10:24:00,97.002,97.01,97.013,96.993,97.026,97.035,97.039,97.017,277
2014-10-09 10:24:00,2014-10-09 10:25:00,97.01,97.028,97.03,97.005,97.035,97.051,97.054,97.029,156
2014-10-09 10:25:00,2014-10-09 10:26:00,97.028,97.034,97.039,97.026,97.051,97.059,97.064,97.053,84
2014-10-09 10:26:00,2014-10-09 10:27:00,97.034,97.022,97.035,97.021,97.059,97.047,97.06,97.045,60
2014-10-09 10:27:00,2014-10-09 10:28:00,97.022,97.019,97.032,97.014,97.047,97.044,97.057,97.038,197
2014-10-09 10:28:00,2014-10-09 10:29:00,97.019,97.005,97.023,97.005,97.044,97.034,97.048,97.032,105
2014-10-09 10:29:00,2014-10-09 10:30:00,97.005,97.0,97.015,97.0,97.034,97.029,97.04,97.029,172
2014-10-09 10:30:00,2014-10-09 10:31:00,97.0,96.988,97.005,96.985,97.029,97.015,97.033,97.014,116
2014-10-09 10:31:00,2014-10-09 10:32:00,96.988,96.992,96.996,96.988,97.015,97.019,97.021,97.015,68
2014-10-09 10:32:00,2014-10-09 10:33:00,96.992,96.988,97.002,96.987,97.019,97.012,97.028,97.011,191
2014-10-09 10:33:00,2014-10-09 10:34:00,96.988,96.967,96.988,96.963,97.012,96.996,97.011,96.991,248
2014-10-09 10:34:00,2014-10-09 10:35:00,96.967,96.974,96.975,96.959,96.996,97.002,97.002,96.987,160
2014-10-09 10:35:00,2014-10-09 10:36:00,96.974,96.97,96.984,96.961,97.002,96.995,97.01,96.987,112
2014-10-09 10:36:00,2014-10-09 10:37:00,96.97,96.978,96.984,96.967,96.995,97.004,97.01,96.992,198
2014-10-09 10:37:00,2014-10-09 10:38:00,96.978,96.999,97.001,96.977,97.004,97.025,97.025,97.002,194
2014-10-09 10:38:00,2014-10-09 10:39:00,96.999,96.986,96.999,96.98,97.025,97.009,97.024,97.003,119
2014-10-09 10:39:00,2014-10-09 10:40:00,96.986,96.986,96.99,96.976,97.009,97.011,97.015,96.997,166
2014-10-09 10:40:00,2014-10-09 10:41:00,96.986,96.979,96.993,96.972,97.011,97.005,97.017,96.998,219
2014-10-09 10:41:00,2014-10-09 10:42:00,96.979,96.979,96.981,96.961,97.005,97.007,97.007,96.986,141
2014-10-09 10:42:00,2014-10-09 10:43:00,96.979,96.981,96.986,96.972,97.007,97.009,97.012,97.001,126
2014-10-09 10:43:00,2014-10-09 10:44:00,96.981,96.965,96.983,96.962,97.009,96.994,97.008,96.989,127
2014-10-09 10:44:00,2014-10-09 10:45:00,96.965,96.979,96.979,96.96,96.994,97.008,97.008,96.983,133
2014-10-09 10:45:00,2014-10-09 10:46:00,96.979,96.993,96.997,96.97,97.008,97.021,97.021,96.996,102
2014-10-09 10:46:00,2014-10-09 10:47:00,96.993,97.012,97.013,96.993,97.021,97.034,97.036,97.019,152
2014-10-09 10:47:00,2014-10-09 10:48:00,97.012,97.029,97.033,97.007,97.034,97.057,97.06,97.032,140
2014-10-09 10:48:00,2014-10-09 10:49:00,97.029,97.032,97.034,97.028,97.057,97.057,97.061,97.052,41
2014-10-09 10:49:00,2014-10-09 10:50:00,97.032,97.027,97.041,97.027,97.057,97.053,97.067,97.053,62
2014-10-09 10:50:00,2014-10-09 10:51:00,97.027,97.037,97.044,97.028,97.053,97.062,97.069,97.053,86
2014-10-09 10:51:00,2014-10-09 10:52:00,97.037,97.034,97.045,97.024,97.062,97.061,97.068,97.046,260
2014-10-09 10:52:00,2014-10-09 10:53:00,97.034,97.027,97.036,97.027,97.061,97.056,97.061,97.053,116
2014-10-09 10:53:00,2014-10-09 10:54:00,97.027,97.025,97.032,97.013,97.056,97.052,97.06,97.042,138
2014-10-09 10:54:00,2014-10-09 10:55:00,97.025,97.032,97.037,97.02,97.052,97.055,97.06,97.045,111
2014-10-09 10:55:00,2014-10-09 10:56:00,97.032,96.997,97.031,96.996,97.055,97.023,97.055,97.022,187
2014-10-09 10:56:00,2014-10-09 10:57:00,96.997,96.998,97.008,96.992,97.023,97.024,97.033,97.019,153
2014-10-09 10:57:00,2014-10-09 10:58:00,96.998,96.971,97.0,96.965,97.024,97.0,97.026,96.988,293
2014-10-09 10:58:00,2014-10-09 10:59:00,96.971,96.975,96.98,96.968,97.0,96.999,97.005,96.995,166
2014-10-09 10:59:00,2014-10-09 11:00:00,96.975,96.979,96.989,96.972,96.999,97.005,97.016,96.997,205
2014-10-09 11:00:00,2014-10-09 11:01:00,96.979,96.96,96.993,96.958,97.005,96.987,97.02,96.98,341
2014-10-09 11:01:00,2014-10-09 11:02:00,96.96,96.971,96.978,96.95,96.987,96.997,97.002,96.976,325
2014-10-09 11:02:00,2014-10-09 11:03:00,96.971,97.009,97.016,96.971,96.997,97.033,97.035,96.996,222
2014-10-09 11:03:00,2014-10-09 11:04:00,97.009,96.999,97.014,96.999,97.033,97.023,97.038,97.023,135
2014-10-09 11:04:00,2014-10-09 11:05:00,96.999,96.977,97.002,96.973,97.023,97.002,97.028,97.001,185
2014-10-09 11:05:00,2014-10-09 11:06:00,96.977,96.957,96.983,96.955,97.002,96.983,97.008,96.98,277
2014-10-09 11:06:00,2014-10-09 11:07:00,96.957,96.938,96.958,96.931,96.983,96.966,96.985,96.959,239
2014-10-09 11:07:00,2014-10-09 11:08:00,96.938,96.939,96.955,96.932,96.966,96.965,96.977,96.959,412
2014-10-09 11:08:00,2014-10-09 11:09:00,96.939,96.936,96.955,96.932,96.965,96.962,96.973,96.957,249
2014-10-09 11:09:00,2014-10-09 11:10:00,96.936,96.922,96.94,96.91,96.962,96.951,96.962,96.935,341
2014-10-09 11:10:00,2014-10-09 11:11:00,96.922,96.939,96.95,96.92,96.951,96.965,96.971,96.946,252
2014-10-09 11:11:00,2014-10-09 11:12:00,96.939,96.942,96.962,96.939,96.965,96.967,96.985,96.966,230
2014-10-09 11:12:00,2014-10-09 11:13:00,96.942,96.933,96.95,96.911,96.967,96.961,96.976,96.937,340
2014-10-09 11:13:00,2014-10-09 11:14:00,96.933,96.922,96.934,96.908,96.961,96.947,96.962,96.933,400
2014-10-09 11:14:00,2014-10-09 11:15:00,96.922,96.938,96.952,96.921,96.947,96.963,96.976,96.946,309
2014-10-09 11:15:00,2014-10-09 11:16:00,96.938,96.946,96.946,96.932,96.963,96.974,96.974,96.958,144
2014-10-09 11:16:00,2014-10-09 11:17:00,96.946,96.956,96.957,96.94,96.974,96.983,96.983,96.965,226
2014-10-09 11:17:00,2014-10-09 11:18:00,96.956,96.945,96.971,96.942,96.983,96.971,96.998,96.968,239
2014-10-09 11:18:00,2014-10-09 11:19:00,96.945,96.956,96.976,96.947,96.971,96.982,97.0,96.971,215
2014-10-09 11:19:00,2014-10-09 11:20:00,96.956,96.947,96.96,96.937,96.982,96.972,96.985,96.961,253
2014-10-09 11:20:00,2014-10-09 11:21:00,96.947,96.942,96.957,96.931,96.972,96.968,96.981,96.953,231
2014-10-09 11:21:00,2014-10-09 11:22:00,96.942,96.965,96.974,96.944,96.968,96.992,96.999,96.967,199
2014-10-09 11:22:00,2014-10-09 11:23:00,96.965,96.971,96.975,96.959,96.992,96.997,96.999,96.983,303
2014-10-09 11:23:00,2014-10-09 11:24:00,96.971,97.007,97.017,96.962,96.997,97.035,97.039,96.986,326
2014-10-09 11:24:00,2014-10-09 11:25:00,97.007,97.014,97.016,96.997,97.035,97.04,97.04,97.02,337
2014-10-09 11:25:00,2014-10-09 11:26:00,97.014,97.004,97.027,97.004,97.04,97.027,97.051,97.027,195
2014-10-09 11:26:00,2014-10-09 11:27:00,97.004,97.006,97.007,96.992,97.027,97.033,97.035,97.014,187
2014-10-09 11:27:00,2014-10-09 11:28:00,97.006,97.009,97.022,97.005,97.033,97.035,97.051,97.033,251
2014-10-09 11:28:00,2014-10-09 11:29:00,97.009,97.005,97.013,97.003,97.035,97.03,97.039,97.027,155
2014-10-09 11:29:00,2014-10-09 11:30:00,97.005,96.997,97.005,96.988,97.03,97.022,97.031,97.013,134
2014-10-09 11:30:00,2014-10-09 11:31:00,96.997,97.011,97.011,96.986,97.022,97.036,97.036,97.015,142
2014-10-09 11:31:00,2014-10-09 11:32:00,97.011,96.995,97.01,96.988,97.036,97.023,97.036,97.016,215
2014-10-09 11:32:00,2014-10-09 11:33:00,96.995,97.013,97.018,96.995,97.023,97.034,97.037,97.023,119
2014-10-09 11:33:00,2014-10-09 11:34:00,97.013,97.012,97.034,97.009,97.034,97.037,97.054,97.034,217
2014-10-09 11:34:00,2014-10-09 11:35:00,97.012,97.005,97.026,97.004,97.037,97.032,97.049,97.03,116
2014-10-09 11:35:00,2014-10-09 11:36:00,97.005,97.033,97.033,96.996,97.032,97.058,97.059,97.023,127
2014-10-09 11:36:00,2014-10-09 11:37:00,97.033,97.032,97.05,97.027,97.058,97.055,97.074,97.053,234
2014-10-09 11:37:00,2014-10-09 11:38:00,97.032,97.016,97.033,97.013,97.055,97.038,97.055,97.035,104
2014-10-09 11:38:00,2014-10-09 11:39:00,97.016,96.989,97.021,96.987,97.038,97.015,97.042,97.013,182
2014-10-09 11:39:00,2014-10-09 11:40:00,96.989,96.995,96.998,96.974,97.015,97.022,97.025,97.0,281
2014-10-09 11:40:00,2014-10-09 11:41:00,96.995,96.983,97.012,96.972,97.022,97.008,97.034,96.997,280
2014-10-09 11:41:00,2014-10-09 11:42:00,96.983,96.944,96.988,96.944,97.008,96.97,97.013,96.97,381
2014-10-09 11:42:00,2014-10-09 11:43:00,96.944,96.946,96.957,96.935,96.97,96.968,96.987,96.962,311
2014-10-09 11:43:00,2014-10-09 11:44:00,96.946,96.919,96.953,96.918,96.968,96.947,96.98,96.945,497
2014-10-09 11:44:00,2014-10-09 11:45:00,96.919,96.923,96.939,96.917,96.947,96.951,96.965,96.946,293
2014-10-09 11:45:00,2014-10-09 11:46:00,96.923,96.927,96.952,96.919,96.951,96.954,96.977,96.947,428
2014-10-09 11:46:00,2014-10-09 11:47:00,96.927,96.93,96.931,96.918,96.954,96.956,96.958,96.943,245
2014-10-09 11:47:00,2014-10-09 11:48:00,96.93,96.926,96.943,96.91,96.956,96.952,96.97,96.933,270
2014-10-09 11:48:00,2014-10-09 11:49:00,96.926,96.922,96.929,96.903,96.952,96.946,96.956,96.929,235
2014-10-09 11:49:00,2014-10-09 11:50:00,96.922,96.899,96.923,96.881,96.946,96.924,96.946,96.908,235
2014-10-09 11:50:00,2014-10-09 11:51:00,96.899,96.856,96.899,96.856,96.924,96.882,96.924,96.88,237
2014-10-09 11:51:00,2014-10-09 11:52:00,96.856,96.873,96.88,96.852,96.882,96.901,96.907,96.877,432
2014-10-09 11:52:00,2014-10-09 11:53:00,96.873,96.869,96.895,96.869,96.901,96.896,96.925,96.896,322
2014-10-09 11:53:00,2014-10-09 11:54:00,96.869,96.833,96.87,96.831,96.896,96.856,96.897,96.855,408
2014-10-09 11:54:00,2014-10-09 11:55:00,96.833,96.823,96.84,96.799,96.856,96.847,96.865,96.824,404
2014-10-09 11:55:00,2014-10-09 11:56:00,96.823,96.816,96.841,96.815,96.847,96.839,96.867,96.838,466
2014-10-09 11:56:00,2014-10-09 11:57:00,96.816,96.853,96.855,96.814,96.839,96.878,96.882,96.836,294
2014-10-09 11:57:00,2014-10-09 11:58:00,96.853,96.863,96.863,96.823,96.878,96.89,96.891,96.848,246
2014-10-09 11:58:00,2014-10-09 11:59:00,96.863,96.877,96.898,96.859,96.89,96.906,96.924,96.886,517
2014-10-09 11:59:00,2014-10-09 12:00:00,96.877,96.871,96.88,96.86,96.906,96.898,96.909,96.888,275
2014-10-09 12:00:00,2014-10-09 12:01:00,96.871,96.872,96.913,96.869,96.898,96.899,96.941,96.896,305
2014-10-09 12:01:00,2014-10-09 12:02:00,96.872,96.87,96.888,96.866,96.899,96.895,96.916,96.895,293
2014-10-09 12:02:00,2014-10-09 12:03:00,96.87,96.861,96.874,96.846,96.895,96.887,96.9,96.874,327
2014-10-09 12:03:00,2014-10-09 12:04:00,96.861,96.856,96.871,96.845,96.887,96.885,96.898,96.872,419
2014-10-09 12:04:00,2014-10-09 12:05:00,96.856,96.854,96.862,96.846,96.885,96.882,96.888,96.872,177
2014-10-09 12:05:00,2014-10-09 12:06:00,96.854,96.839,96.858,96.838,96.882,96.865,96.883,96.864,219
2014-10-09 12:06:00,2014-10-09 12:07:00,96.839,96.866,96.869,96.828,96.865,96.89,96.897,96.857,269
2014-10-09 12:07:00,2014-10-09 12:08:00,96.866,96.878,96.881,96.859,96.89,96.906,96.908,96.887,358
2014-10-09 12:08:00,2014-10-09 12:09:00,96.878,96.871,96.885,96.862,96.906,96.899,96.912,96.887,325
2014-10-09 12:09:00,2014-10-09 12:10:00,96.871,96.845,96.871,96.834,96.899,96.869,96.901,96.858,343
2014-10-09 12:10:00,2014-10-09 12:11:00,96.845,96.843,96.851,96.834,96.869,96.865,96.877,96.855,166
2014-10-09 12:11:00,2014-10-09 12:12:00,96.843,96.854,96.865,96.843,96.865,96.88,96.892,96.865,352
2014-10-09 12:12:00,2014-10-09 12:13:00,96.854,96.846,96.864,96.841,96.88,96.873,96.891,96.868,259
2014-10-09 12:13:00,2014-10-09 12:14:00,96.846,96.853,96.861,96.843,96.873,96.881,96.888,96.868,210
2014-10-09 12:14:00,2014-10-09 12:15:00,96.853,96.861,96.871,96.838,96.881,96.886,96.898,96.864,288
2014-10-09 12:15:00,2014-10-09 12:16:00,96.861,96.838,96.872,96.835,96.886,96.863,96.897,96.859,300
2014-10-09 12:16:00,2014-10-09 12:17:00,96.838,96.849,96.859,96.838,96.863,96.874,96.885,96.865,185
2014-10-09 12:17:00,2014-10-09 12:18:00,96.849,96.833,96.855,96.833,96.874,96.859,96.88,96.859,538
2014-10-09 12:18:00,2014-10-09 12:19:00,96.833,96.833,96.849,96.827,96.859,96.857,96.877,96.853,469
2014-10-09 12:19:00,2014-10-09 12:20:00,96.833,96.785,96.833,96.766,96.857,96.812,96.859,96.793,623
2014-10-09 12:20:00,2014-10-09 12:21:00,96.785,96.797,96.801,96.776,96.812,96.824,96.827,96.802,369
2014-10-09 12:21:00,2014-10-09 12:22:00,96.797,96.822,96.838,96.792,96.824,96.849,96.865,96.818,578
2014-10-09 12:22:00,2014-10-09 12:23:00,96.822,96.854,96.858,96.821,96.849,96.877,96.881,96.847,247
2014-10-09 12:23:00,2014-10-09 12:24:00,96.854,96.867,96.867,96.842,96.877,96.893,96.894,96.869,188
2014-10-09 12:24:00,2014-10-09 12:25:00,96.867,96.88,96.886,96.858,96.893,96.906,96.912,96.881,317
2014-10-09 12:25:00,2014-10-09 12:26:00,96.88,96.878,96.898,96.875,96.906,96.901,96.925,96.901,232
2014-10-09 12:26:00,2014-10-09 12:27:00,96.878,96.862,96.882,96.852,96.901,96.889,96.906,96.879,264
2014-10-09 12:27:00,2014-10-09 12:28:00,96.862,96.856,96.864,96.85,96.889,96.882,96.892,96.876,218
2014-10-09 12:28:00,2014-10-09 12:29:00,96.856,96.85,96.878,96.85,96.882,96.909,96.909,96.877,187
2014-10-09 12:29:00,2014-10-09 12:30:00,96.85,96.885,96.919,96.845,96.909,96.914,96.951,96.889,715
2014-10-09 12:30:00,2014-10-09 12:31:00,96.885,96.881,96.905,96.861,96.914,96.91,96.936,96.888,684
2014-10-09 12:31:00,2014-10-09 12:32:00,96.881,96.902,96.935,96.88,96.91,96.93,96.96,96.909,493
2014-10-09 12:32:00,2014-10-09 12:33:00,96.902,96.95,96.951,96.899,96.93,96.978,96.978,96.925,708
2014-10-09 12:33:00,2014-10-09 12:34:00,96.95,96.921,96.954,96.914,96.978,96.949,96.983,96.939,729
2014-10-09 12:34:00,2014-10-09 12:35:00,96.921,96.947,96.953,96.916,96.949,96.974,96.978,96.945,614
2014-10-09 12:35:00,2014-10-09 12:36:00,96.947,96.924,96.949,96.917,96.974,96.95,96.974,96.943,304
2014-10-09 12:36:00,2014-10-09 12:37:00,96.924,96.922,96.944,96.907,96.95,96.948,96.966,96.934,316
2014-10-09 12:37:00,2014-10-09 12:38:00,96.922,96.942,96.945,96.91,96.948,96.969,96.971,96.937,348
2014-10-09 12:38:00,2014-10-09 12:39:00,96.942,96.941,96.953,96.93,96.969,96.968,96.98,96.958,339
2014-10-09 12:39:00,2014-10-09 12:40:00,96.941,96.933,96.955,96.919,96.968,96.961,96.98,96.947,410
2014-10-09 12:40:00,2014-10-09 12:41:00,96.933,96.961,96.965,96.927,96.961,96.99,96.99,96.953,505
2014-10-09 12:41:00,2014-10-09 12:42:00,96.961,96.955,96.981,96.949,96.99,96.985,97.01,96.969,518
2014-10-09 12:42:00,2014-10-09 12:43:00,96.955,96.946,96.967,96.944,96.985,96.973,96.994,96.968,499
2014-10-09 12:43:00,2014-10-09 12:44:00,96.946,96.969,96.972,96.936,96.973,96.996,96.999,96.959,696
2014-10-09 12:44:00,2014-10-09 12:45:00,96.969,96.962,96.993,96.956,96.996,96.987,97.018,96.984,686
2014-10-09 12:45:00,2014-10-09 12:46:00,96.962,96.97,96.985,96.948,96.987,96.995,97.013,96.975,551
2014-10-09 12:46:00,2014-10-09 12:47:00,96.97,96.962,96.982,96.943,96.995,96.989,97.008,96.972,374
2014-10-09 12:47:00,2014-10-09 12:48:00,96.962,96.968,96.974,96.953,96.989,96.997,97.002,96.981,202
2014-10-09 12:48:00,2014-10-09 12:49:00,96.968,96.977,96.991,96.956,96.997,97.005,97.018,96.983,412
2014-10-09 12:49:00,2014-10-09 12:50:00,96.977,96.994,97.001,96.968,97.005,97.023,97.03,96.997,463
2014-10-09 12:50:00,2014-10-09 12:51:00,96.994,96.992,97.005,96.989,97.023,97.02,97.032,97.016,365
2014-10-09 12:51:00,2014-10-09 12:52:00,96.992,96.998,96.999,96.977,97.02,97.021,97.026,97.002,317
2014-10-09 12:52:00,2014-10-09 12:53:00,96.998,97.028,97.029,96.988,97.021,97.055,97.056,97.014,424
2014-10-09 12:53:00,2014-10-09 12:54:00,97.028,97.038,97.048,97.011,97.055,97.064,97.074,97.038,518
2014-10-09 12:54:00,2014-10-09 12:55:00,97.038,97.032,97.055,97.019,97.064,97.06,97.083,97.046,270
2014-10-09 12:55:00,2014-10-09 12:56:00,97.032,97.016,97.036,97.014,97.06,97.041,97.063,97.04,526
2014-10-09 12:56:00,2014-10-09 12:57:00,97.016,97.033,97.055,97.015,97.041,97.058,97.081,97.041,531
2014-10-09 12:57:00,2014-10-09 12:58:00,97.033,97.022,97.05,97.02,97.058,97.048,97.075,97.046,425
2014-10-09 12:58:00,2014-10-09 12:59:00,97.022,97.034,97.042,97.015,97.048,97.057,97.068,97.043,348
2014-10-09 12:59:00,2014-10-09 13:00:00,97.034,97.021,97.048,97.02,97.057,97.048,97.072,97.046,454
2014-10-09 13:00:00,2014-10-09 13:01:00,97.021,97.08,97.081,97.01,97.048,97.104,97.104,97.038,507
2014-10-09 13:01:00,2014-10-09 13:02:00,97.08,97.092,97.104,97.073,97.104,97.119,97.13,97.099,451
2014-10-09 13:02:00,2014-10-09 13:03:00,97.092,97.102,97.112,97.083,97.119,97.129,97.138,97.107,494
2014-10-09 13:03:00,2014-10-09 13:04:00,97.102,97.106,97.118,97.08,97.129,97.133,97.142,97.105,468
2014-10-09 13:04:00,2014-10-09 13:05:00,97.106,97.13,97.147,97.1,97.133,97.158,97.174,97.126,495
2014-10-09 13:05:00,2014-10-09 13:06:00,97.13,97.127,97.146,97.12,97.158,97.154,97.172,97.147,370
2014-10-09 13:06:00,2014-10-09 13:07:00,97.127,97.102,97.126,97.097,97.154,97.129,97.154,97.122,319
2014-10-09 13:07:00,2014-10-09 13:08:00,97.102,97.112,97.116,97.101,97.129,97.138,97.141,97.127,195
2014-10-09 13:08:00,2014-10-09 13:09:00,97.112,97.099,97.122,97.091,97.138,97.125,97.148,97.12,634
2014-10-09 13:09:00,2014-10-09 13:10:00,97.099,97.091,97.126,97.091,97.125,97.118,97.153,97.116,370
2014-10-09 13:10:00,2014-10-09 13:11:00,97.091,97.095,97.109,97.087,97.118,97.122,97.131,97.112,382
2014-10-09 13:11:00,2014-10-09 13:12:00,97.095,97.085,97.097,97.077,97.122,97.109,97.121,97.102,312
2014-10-09 13:12:00,2014-10-09 13:13:00,97.085,97.053,97.085,97.052,97.109,97.078,97.107,97.078,416
2014-10-09 13:13:00,2014-10-09 13:14:00,97.053,97.038,97.058,97.034,97.078,97.062,97.083,97.057,232
2014-10-09 13:14:00,2014-10-09 13:15:00,97.038,97.027,97.041,97.022,97.062,97.052,97.068,97.047,269
2014-10-09 13:15:00,2014-10-09 13:16:00,97.027,97.032,97.036,97.018,97.052,97.057,97.062,97.045,204
2014-10-09 13:16:00,2014-10-09 13:17:00,97.032,97.008,97.033,97.008,97.057,97.035,97.057,97.032,200
2014-10-09 13:17:00,2014-10-09 13:18:00,97.008,97.014,97.021,96.999,97.035,97.037,97.044,97.024,345
2014-10-09 13:18:00,2014-10-09 13:19:00,97.014,97.02,97.034,97.007,97.037,97.045,97.053,97.033,434
2014-10-09 13:19:00,2014-10-09 13:20:00,97.02,97.038,97.05,97.02,97.045,97.064,97.074,97.045,604
2014-10-09 13:20:00,2014-10-09 13:21:00,97.038,97.057,97.057,97.019,97.064,97.083,97.083,97.046,545
2014-10-09 13:21:00,2014-10-09 13:22:00,97.057,97.036,97.06,97.012,97.083,97.063,97.084,97.038,452
2014-10-09 13:22:00,2014-10-09 13:23:00,97.036,97.039,97.046,97.026,97.063,97.062,97.072,97.051,387
2014-10-09 13:23:00,2014-10-09 13:24:00,97.039,97.032,97.044,97.02,97.062,97.056,97.068,97.042,371
2014-10-09 13:24:00,2014-10-09 13:25:00,97.032,97.06,97.061,97.033,97.056,97.084,97.085,97.056,302
2014-10-09 13:25:00,2014-10-09 13:26:00,97.06,97.052,97.061,97.038,97.084,97.079,97.088,97.066,336
2014-10-09 13:26:00,2014-10-09 13:27:00,97.052,97.053,97.059,97.041,97.079,97.077,97.087,97.067,346
2014-10-09 13:27:00,2014-10-09 13:28:00,97.053,97.068,97.077,97.053,97.077,97.093,97.104,97.078,219
2014-10-09 13:28:00,2014-10-09 13:29:00,97.068,97.06,97.094,97.059,97.093,97.086,97.12,97.084,326
2014-10-09 13:29:00,2014-10-09 13:30:00,97.06,97.068,97.074,97.045,97.086,97.094,97.099,97.07,575
2014-10-09 13:30:00,2014-10-09 13:31:00,97.068,97.082,97.093,97.057,97.094,97.108,97.118,97.084,419
2014-10-09 13:31:00,2014-10-09 13:32:00,97.082,97.096,97.101,97.076,97.108,97.123,97.126,97.103,408
2014-10-09 13:32:00,2014-10-09 13:33:00,97.096,97.091,97.12,97.09,97.123,97.117,97.145,97.116,610
2014-10-09 13:33:00,2014-10-09 13:34:00,97.091,97.072,97.092,97.065,97.117,97.098,97.12,97.092,385
2014-10-09 13:34:00,2014-10-09 13:35:00,97.072,97.045,97.072,97.028,97.098,97.071,97.097,97.053,361
2014-10-09 13:35:00,2014-10-09 13:36:00,97.045,97.039,97.053,97.027,97.071,97.067,97.078,97.055,475
2014-10-09 13:36:00,2014-10-09 13:37:00,97.039,97.05,97.075,97.037,97.067,97.077,97.101,97.064,343
2014-10-09 13:37:00,2014-10-09 13:38:00,97.05,97.053,97.08,97.05,97.077,97.079,97.103,97.074,326
2014-10-09 13:38:00,2014-10-09 13:39:00,97.053,97.083,97.09,97.053,97.079,97.11,97.117,97.078,529
2014-10-09 13:39:00,2014-10-09 13:40:00,97.083,97.064,97.083,97.06,97.11,97.09,97.108,97.085,251
2014-10-09 13:40:00,2014-10-09 13:41:00,97.064,97.042,97.068,97.037,97.09,97.068,97.094,97.062,364
2014-10-09 13:41:00,2014-10-09 13:42:00,97.042,97.06,97.061,97.03,97.068,97.086,97.087,97.056,498
2014-10-09 13:42:00,2014-10-09 13:43:00,97.06,97.067,97.074,97.058,97.086,97.091,97.097,97.083,244
2014-10-09 13:43:00,2014-10-09 13:44:00,97.067,97.073,97.089,97.063,97.091,97.101,97.116,97.089,322
2014-10-09 13:44:00,2014-10-09 13:45:00,97.073,97.06,97.074,97.055,97.101,97.087,97.101,97.079,324
2014-10-09 13:45:00,2014-10-09 13:46:00,97.06,97.053,97.07,97.045,97.087,97.08,97.095,97.071,407
2014-10-09 13:46:00,2014-10-09 13:47:00,97.053,97.056,97.076,97.052,97.08,97.081,97.1,97.079,336
2014-10-09 13:47:00,2014-10-09 13:48:00,97.056,97.041,97.057,97.017,97.081,97.068,97.083,97.042,390
2014-10-09 13:48:00,2014-10-09 13:49:00,97.041,97.04,97.048,97.032,97.068,97.067,97.074,97.053,227
2014-10-09 13:49:00,2014-10-09 13:50:00,97.04,97.025,97.055,97.013,97.067,97.052,97.081,97.04,611
2014-10-09 13:50:00,2014-10-09 13:51:00,97.025,97.025,97.036,97.009,97.052,97.051,97.062,97.037,493
2014-10-09 13:51:00,2014-10-09 13:52:00,97.025,97.024,97.043,97.023,97.051,97.049,97.069,97.044,303
2014-10-09 13:52:00,2014-10-09 13:53:00,97.024,97.032,97.042,97.01,97.049,97.055,97.068,97.038,337
2014-10-09 13:53:00,2014-10-09 13:54:00,97.032,97.022,97.034,97.003,97.055,97.047,97.059,97.03,324
2014-10-09 13:54:00,2014-10-09 13:55:00,97.022,97.034,97.045,97.016,97.047,97.057,97.068,97.042,382
2014-10-09 13:55:00,2014-10-09 13:56:00,97.034,97.023,97.033,97.021,97.057,97.049,97.058,97.043,236
2014-10-09 13:56:00,2014-10-09 13:57:00,97.023,97.023,97.037,97.007,97.049,97.05,97.062,97.034,370
2014-10-09 13:57:00,2014-10-09 13:58:00,97.023,97.035,97.043,97.02,97.05,97.062,97.065,97.046,213
2014-10-09 13:58:00,2014-10-09 13:59:00,97.035,97.065,97.07,97.016,97.062,97.092,97.096,97.044,264
2014-10-09 13:59:00,2014-10-09 14:00:00,97.065,97.051,97.066,97.024,97.092,97.076,97.093,97.046,685
2014-10-09 14:00:00,2014-10-09 14:01:00,97.051,97.057,97.063,97.048,97.076,97.082,97.088,97.073,427
2014-10-09 14:01:00,2014-10-09 14:02:00,97.057,97.049,97.057,97.036,97.082,97.074,97.082,97.061,370
2014-10-09 14:02:00,2014-10-09 14:03:00,97.049,97.039,97.052,97.03,97.074,97.065,97.077,97.055,495
2014-10-09 14:03:00,2014-10-09 14:04:00,97.039,97.077,97.077,97.04,97.065,97.101,97.103,97.065,406
2014-10-09 14:04:00,2014-10-09 14:05:00,97.077,97.073,97.08,97.064,97.101,97.1,97.105,97.09,309
2014-10-09 14:05:00,2014-10-09 14:06:00,97.073,97.082,97.087,97.058,97.1,97.108,97.112,97.084,425
2014-10-09 14:06:00,2014-10-09 14:07:00,97.082,97.072,97.09,97.063,97.108,97.096,97.113,97.088,356
2014-10-09 14:07:00,2014-10-09 14:08:00,97.072,97.074,97.092,97.065,97.096,97.101,97.116,97.09,435
2014-10-09 14:08:00,2014-10-09 14:09:00,97.074,97.083,97.086,97.066,97.101,97.11,97.111,97.092,239
2014-10-09 14:09:00,2014-10-09 14:10:00,97.083,97.058,97.089,97.055,97.11,97.083,97.115,97.079,301
2014-10-09 14:10:00,2014-10-09 14:11:00,97.058,97.071,97.078,97.053,97.083,97.099,97.104,97.08,325
2014-10-09 14:11:00,2014-10-09 14:12:00,97.071,97.097,97.097,97.067,97.099,97.119,97.12,97.093,335
2014-10-09 14:12:00,2014-10-09 14:13:00,97.097,97.089,97.101,97.078,97.119,97.116,97.128,97.102,334
2014-10-09 14:13:00,2014-10-09 14:14:00,97.089,97.099,97.107,97.086,97.116,97.126,97.134,97.112,250
2014-10-09 14:14:00,2014-10-09 14:15:00,97.099,97.098,97.106,97.076,97.126,97.124,97.13,97.097,349
2014-10-09 14:15:00,2014-10-09 14:16:00,97.098,97.11,97.111,97.091,97.124,97.135,97.137,97.114,354
2014-10-09 14:16:00,2014-10-09 14:17:00,97.11,97.118,97.126,97.103,97.135,97.142,97.151,97.127,368
2014-10-09 14:17:00,2014-10-09 14:18:00,97.118,97.13,97.134,97.108,97.142,97.156,97.161,97.134,406
2014-10-09 14:18:00,2014-10-09 14:19:00,97.13,97.139,97.145,97.127,97.156,97.163,97.166,97.15,250
2014-10-09 14:19:00,2014-10-09 14:20:00,97.139,97.147,97.152,97.133,97.163,97.173,97.177,97.155,349
2014-10-09 14:20:00,2014-10-09 14:21:00,97.147,97.136,97.151,97.12,97.173,97.159,97.174,97.145,299
2014-10-09 14:21:00,2014-10-09 14:22:00,97.136,97.148,97.152,97.122,97.159,97.171,97.176,97.142,350
2014-10-09 14:22:00,2014-10-09 14:23:00,97.148,97.109,97.153,97.109,97.171,97.135,97.179,97.132,476
2014-10-09 14:23:00,2014-10-09 14:24:00,97.109,97.138,97.155,97.109,97.135,97.164,97.182,97.135,305
2014-10-09 14:24:00,2014-10-09 14:25:00,97.138,97.143,97.15,97.13,97.164,97.168,97.176,97.153,341
2014-10-09 14:25:00,2014-10-09 14:26:00,97.143,97.18,97.184,97.141,97.168,97.201,97.21,97.168,377
2014-10-09 14:26:00,2014-10-09 14:27:00,97.18,97.211,97.214,97.169,97.201,97.237,97.241,97.194,422
2014-10-09 14:27:00,2014-10-09 14:28:00,97.211,97.172,97.213,97.164,97.237,97.192,97.237,97.187,446
2014-10-09 14:28:00,2014-10-09 14:29:00,97.172,97.158,97.174,97.155,97.192,97.183,97.2,97.177,359
2014-10-09 14:29:00,2014-10-09 14:30:00,97.158,97.118,97.159,97.116,97.183,97.142,97.182,97.141,346
2014-10-09 14:30:00,2014-10-09 14:31:00,97.118,97.123,97.141,97.117,97.142,97.149,97.167,97.141,366
2014-10-09 14:31:00,2014-10-09 14:32:00,97.123,97.108,97.134,97.105,97.149,97.135,97.158,97.131,288
2014-10-09 14:32:00,2014-10-09 14:33:00,97.108,97.103,97.115,97.095,97.135,97.13,97.14,97.121,345
2014-10-09 14:33:00,2014-10-09 14:34:00,97.103,97.115,97.117,97.093,97.13,97.137,97.142,97.116,239
2014-10-09 14:34:00,2014-10-09 14:35:00,97.115,97.066,97.115,97.064,97.137,97.092,97.137,97.09,339
2014-10-09 14:35:00,2014-10-09 14:36:00,97.066,97.051,97.068,97.042,97.092,97.076,97.092,97.069,331
2014-10-09 14:36:00,2014-10-09 14:37:00,97.051,97.042,97.056,97.039,97.076,97.07,97.082,97.066,239
2014-10-09 14:37:00,2014-10-09 14:38:00,97.042,97.07,97.083,97.042,97.07,97.093,97.109,97.069,389
2014-10-09 14:38:00,2014-10-09 14:39:00,97.07,97.05,97.073,97.039,97.093,97.078,97.098,97.061,335
2014-10-09 14:39:00,2014-10-09 14:40:00,97.05,97.057,97.058,97.023,97.078,97.08,97.082,97.046,366
2014-10-09 14:40:00,2014-10-09 14:41:00,97.057,97.044,97.059,97.03,97.08,97.071,97.082,97.053,425
2014-10-09 14:41:00,2014-10-09 14:42:00,97.044,97.052,97.057,97.026,97.071,97.078,97.082,97.048,456
2014-10-09 14:42:00,2014-10-09 14:43:00,97.052,97.068,97.076,97.053,97.078,97.096,97.099,97.078,303
2014-10-09 14:43:00,2014-10-09 14:44:00,97.068,97.045,97.08,97.042,97.096,97.074,97.102,97.07,404
2014-10-09 14:44:00,2014-10-09 14:45:00,97.045,97.054,97.058,97.039,97.074,97.081,97.085,97.065,298
2014-10-09 14:45:00,2014-10-09 14:46:00,97.054,97.06,97.064,97.043,97.081,97.086,97.09,97.07,245
2014-10-09 14:46:00,2014-10-09 14:47:00,97.06,97.043,97.067,97.039,97.086,97.069,97.094,97.066,264
2014-10-09 14:47:00,2014-10-09 14:48:00,97.043,97.036,97.05,97.027,97.069,97.059,97.076,97.052,395
2014-10-09 14:48:00,2014-10-09 14:49:00,97.036,96.999,97.041,96.999,97.059,97.023,97.065,97.023,259
2014-10-09 14:49:00,2014-10-09 14:50:00,96.999,97.017,97.039,96.996,97.023,97.043,97.067,97.02,274
2014-10-09 14:50:00,2014-10-09 14:51:00,97.017,97.057,97.059,97.017,97.043,97.084,97.085,97.044,370
2014-10-09 14:51:00,2014-10-09 14:52:00,97.057,97.032,97.062,97.032,97.084,97.058,97.088,97.058,240
2014-10-09 14:52:00,2014-10-09 14:53:00,97.032,97.025,97.04,97.016,97.058,97.051,97.065,97.042,326
2014-10-09 14:53:00,2014-10-09 14:54:00,97.025,97.06,97.073,97.026,97.051,97.086,97.095,97.049,453
2014-10-09 14:54:00,2014-10-09 14:55:00,97.06,97.057,97.083,97.054,97.086,97.084,97.106,97.08,443
2014-10-09 14:55:00,2014-10-09 14:56:00,97.057,97.067,97.069,97.033,97.084,97.092,97.095,97.06,250
2014-10-09 14:56:00,2014-10-09 14:57:00,97.067,97.091,97.092,97.059,97.092,97.119,97.12,97.084,258
2014-10-09 14:57:00,2014-10-09 14:58:00,97.091,97.074,97.103,97.061,97.119,97.098,97.128,97.091,402
2014-10-09 14:58:00,2014-10-09 14:59:00,97.074,97.029,97.079,97.027,97.098,97.056,97.107,97.055,606
2014-10-09 14:59:00,2014-10-09 15:00:00,97.029,97.007,97.038,97.0,97.056,97.036,97.066,97.029,710
2014-10-09 15:00:00,2014-10-09 15:01:00,97.007,97.028,97.046,97.001,97.036,97.058,97.072,97.028,432
2014-10-09 15:01:00,2014-10-09 15:02:00,97.028,96.985,97.038,96.98,97.058,97.012,97.065,97.009,615
2014-10-09 15:02:00,2014-10-09 15:03:00,96.985,96.972,97.002,96.946,97.012,97.002,97.028,96.973,572
2014-10-09 15:03:00,2014-10-09 15:04:00,96.972,96.961,96.99,96.942,97.002,96.989,97.018,96.968,850
2014-10-09 15:04:00,2014-10-09 15:05:00,96.961,96.99,96.99,96.956,96.989,97.016,97.016,96.979,608
2014-10-09 15:05:00,2014-10-09 15:06:00,96.99,96.968,96.999,96.955,97.016,96.995,97.026,96.984,790
2014-10-09 15:06:00,2014-10-09 15:07:00,96.968,96.995,96.998,96.955,96.995,97.023,97.024,96.98,476
2014-10-09 15:07:00,2014-10-09 15:08:00,96.995,97.008,97.056,96.995,97.023,97.034,97.083,97.022,748
2014-10-09 15:08:00,2014-10-09 15:09:00,97.008,97.008,97.025,96.976,97.034,97.031,97.053,96.999,710
2014-10-09 15:09:00,2014-10-09 15:10:00,97.008,97.009,97.02,96.99,97.031,97.031,97.044,97.016,529
2014-10-09 15:10:00,2014-10-09 15:11:00,97.009,97.031,97.038,97.002,97.031,97.06,97.062,97.028,560
2014-10-09 15:11:00,2014-10-09 15:12:00,97.031,97.057,97.069,97.025,97.06,97.085,97.097,97.051,581
2014-10-09 15:12:00,2014-10-09 15:13:00,97.057,97.065,97.069,97.042,97.085,97.092,97.097,97.065,532
2014-10-09 15:13:00,2014-10-09 15:14:00,97.065,97.064,97.073,97.032,97.092,97.091,97.102,97.055,488
2014-10-09 15:14:00,2014-10-09 15:15:00,97.064,97.046,97.068,97.03,97.091,97.073,97.096,97.057,741
2014-10-09 15:15:00,2014-10-09 15:16:00,97.046,97.044,97.051,97.027,97.073,97.069,97.08,97.053,478
2014-10-09 15:16:00,2014-10-09 15:17:00,97.044,97.051,97.064,97.032,97.069,97.077,97.092,97.058,528
2014-10-09 15:17:00,2014-10-09 15:18:00,97.051,97.045,97.053,97.035,97.077,97.071,97.079,97.061,299
2014-10-09 15:18:00,2014-10-09 15:19:00,97.045,97.054,97.059,97.031,97.071,97.079,97.079,97.056,489
2014-10-09 15:19:00,2014-10-09 15:20:00,97.054,97.078,97.084,97.05,97.079,97.104,97.11,97.077,409
2014-10-09 15:20:00,2014-10-09 15:21:00,97.078,97.091,97.098,97.054,97.104,97.118,97.125,97.08,574
2014-10-09 15:21:00,2014-10-09 15:22:00,97.091,97.088,97.091,97.052,97.118,97.114,97.118,97.077,651
2014-10-09 15:22:00,2014-10-09 15:23:00,97.088,97.03,97.102,97.028,97.114,97.057,97.132,97.055,520
2014-10-09 15:23:00,2014-10-09 15:24:00,97.03,97.04,97.044,97.022,97.057,97.061,97.069,97.049,317
2014-10-09 15:24:00,2014-10-09 15:25:00,97.04,97.041,97.043,97.011,97.061,97.065,97.069,97.039,448
2014-10-09 15:25:00,2014-10-09 15:26:00,97.041,97.032,97.04,96.998,97.065,97.058,97.065,97.015,418
2014-10-09 15:26:00,2014-10-09 15:27:00,97.032,97.015,97.049,97.004,97.058,97.04,97.076,97.028,416
2014-10-09 15:27:00,2014-10-09 15:28:00,97.015,97.008,97.022,96.993,97.04,97.035,97.046,97.017,496
2014-10-09 15:28:00,2014-10-09 15:29:00,97.008,97.022,97.026,96.993,97.035,97.048,97.051,97.019,468
2014-10-09 15:29:00,2014-10-09 15:30:00,97.022,96.99,97.025,96.987,97.048,97.012,97.052,97.011,452
2014-10-09 15:30:00,2014-10-09 15:31:00,96.99,96.996,96.999,96.981,97.012,97.022,97.027,97.005,434
2014-10-09 15:31:00,2014-10-09 15:32:00,96.996,97.009,97.02,96.99,97.022,97.031,97.044,97.016,360
2014-10-09 15:32:00,2014-10-09 15:33:00,97.009,97.027,97.046,96.996,97.031,97.053,97.071,97.02,473
2014-10-09 15:33:00,2014-10-09 15:34:00,97.027,97.033,97.048,97.026,97.053,97.061,97.068,97.052,281
2014-10-09 15:34:00,2014-10-09 15:35:00,97.033,97.012,97.036,96.995,97.061,97.039,97.063,97.02,483
2014-10-09 15:35:00,2014-10-09 15:36:00,97.012,97.045,97.056,97.004,97.039,97.071,97.08,97.028,475
2014-10-09 15:36:00,2014-10-09 15:37:00,97.045,97.025,97.065,97.025,97.071,97.051,97.089,97.051,714
2014-10-09 15:37:00,2014-10-09 15:38:00,97.025,97.018,97.027,96.989,97.051,97.042,97.058,97.015,524
2014-10-09 15:38:00,2014-10-09 15:39:00,97.018,96.993,97.032,96.982,97.042,97.02,97.058,97.01,520
2014-10-09 15:39:00,2014-10-09 15:40:00,96.993,96.974,96.996,96.965,97.02,97.001,97.022,96.991,440
2014-10-09 15:40:00,2014-10-09 15:41:00,96.974,96.97,96.983,96.961,97.001,96.994,97.012,96.987,497
2014-10-09 15:41:00,2014-10-09 15:42:00,96.97,96.95,96.975,96.949,96.994,96.976,97.0,96.975,356
2014-10-09 15:42:00,2014-10-09 15:43:00,96.95,96.925,96.963,96.92,96.976,96.953,96.989,96.949,442
2014-10-09 15:43:00,2014-10-09 15:44:00,96.925,96.889,96.927,96.888,96.953,96.913,96.953,96.91,347
2014-10-09 15:44:00,2014-10-09 15:45:00,96.889,96.871,96.906,96.871,96.913,96.898,96.931,96.898,348
2014-10-09 15:45:00,2014-10-09 15:46:00,96.871,96.86,96.882,96.848,96.898,96.886,96.907,96.876,394
2014-10-09 15:46:00,2014-10-09 15:47:00,96.86,96.848,96.86,96.818,96.886,96.873,96.885,96.841,397
2014-10-09 15:47:00,2014-10-09 15:48:00,96.848,96.854,96.865,96.839,96.873,96.881,96.891,96.865,524
2014-10-09 15:48:00,2014-10-09 15:49:00,96.854,96.823,96.876,96.817,96.881,96.847,96.902,96.843,491
2014-10-09 15:49:00,2014-10-09 15:50:00,96.823,96.814,96.837,96.797,96.847,96.841,96.859,96.822,556
2014-10-09 15:50:00,2014-10-09 15:51:00,96.814,96.8,96.83,96.793,96.841,96.823,96.853,96.819,388
2014-10-09 15:51:00,2014-10-09 15:52:00,96.8,96.795,96.815,96.78,96.823,96.822,96.842,96.806,590
2014-10-09 15:52:00,2014-10-09 15:53:00,96.795,96.75,96.802,96.737,96.822,96.775,96.829,96.761,455
2014-10-09 15:53:00,2014-10-09 15:54:00,96.75,96.763,96.763,96.741,96.775,96.788,96.788,96.764,407
2014-10-09 15:54:00,2014-10-09 15:55:00,96.763,96.761,96.789,96.738,96.788,96.787,96.811,96.763,523
2014-10-09 15:55:00,2014-10-09 15:56:00,96.761,96.779,96.789,96.744,96.787,96.807,96.814,96.769,700
2014-10-09 15:56:00,2014-10-09 15:57:00,96.779,96.796,96.817,96.78,96.807,96.821,96.841,96.804,654
2014-10-09 15:57:00,2014-10-09 15:58:00,96.796,96.818,96.833,96.787,96.821,96.843,96.859,96.813,677
2014-10-09 15:58:00,2014-10-09 15:59:00,96.818,96.834,96.845,96.807,96.843,96.857,96.865,96.827,683
2014-10-09 15:59:00,2014-10-09 16:00:00,96.834,96.832,96.844,96.806,96.857,96.855,96.869,96.83,406
2014-10-09 16:00:00,2014-10-09 16:01:00,96.832,96.864,96.865,96.82,96.855,96.891,96.892,96.845,732
2014-10-09 16:01:00,2014-10-09 16:02:00,96.864,96.815,96.864,96.81,96.891,96.84,96.891,96.837,498
2014-10-09 16:02:00,2014-10-09 16:03:00,96.815,96.828,96.835,96.802,96.84,96.854,96.856,96.828,515
2014-10-09 16:03:00,2014-10-09 16:04:00,96.828,96.846,96.848,96.819,96.854,96.874,96.875,96.844,446
2014-10-09 16:04:00,2014-10-09 16:05:00,96.846,96.841,96.874,96.835,96.874,96.866,96.9,96.861,571
2014-10-09 16:05:00,2014-10-09 16:06:00,96.841,96.863,96.866,96.831,96.866,96.889,96.894,96.858,496
2014-10-09 16:06:00,2014-10-09 16:07:00,96.863,96.863,96.873,96.833,96.889,96.89,96.902,96.859,493
2014-10-09 16:07:00,2014-10-09 16:08:00,96.863,96.848,96.863,96.831,96.89,96.877,96.89,96.858,402
2014-10-09 16:08:00,2014-10-09 16:09:00,96.848,96.817,96.861,96.815,96.877,96.847,96.89,96.844,458
2014-10-09 16:09:00,2014-10-09 16:10:00,96.817,96.835,96.839,96.817,96.847,96.863,96.867,96.842,372
2014-10-09 16:10:00,2014-10-09 16:11:00,96.835,96.853,96.858,96.818,96.863,96.879,96.887,96.842,505
2014-10-09 16:11:00,2014-10-09 16:12:00,96.853,96.834,96.857,96.809,96.879,96.86,96.885,96.837,578
2014-10-09 16:12:00,2014-10-09 16:13:00,96.834,96.81,96.843,96.803,96.86,96.836,96.869,96.827,317
2014-10-09 16:13:00,2014-10-09 16:14:00,96.81,96.779,96.821,96.777,96.836,96.805,96.848,96.801,511
2014-10-09 16:14:00,2014-10-09 16:15:00,96.779,96.807,96.809,96.766,96.805,96.831,96.833,96.792,558
2014-10-09 16:15:00,2014-10-09 16:16:00,96.807,96.82,96.843,96.804,96.831,96.847,96.868,96.828,572
2014-10-09 16:16:00,2014-10-09 16:17:00,96.82,96.818,96.829,96.804,96.847,96.845,96.854,96.83,392
2014-10-09 16:17:00,2014-10-09 16:18:00,96.818,96.78,96.823,96.78,96.845,96.807,96.849,96.804,454
2014-10-09 16:18:00,2014-10-09 16:19:00,96.78,96.794,96.794,96.771,96.807,96.821,96.821,96.796,441
2014-10-09 16:19:00,2014-10-09 16:20:00,96.794,96.783,96.794,96.767,96.821,96.811,96.821,96.795,343
2014-10-09 16:20:00,2014-10-09 16:21:00,96.783,96.799,96.805,96.775,96.811,96.825,96.831,96.801,272
2014-10-09 16:21:00,2014-10-09 16:22:00,96.799,96.767,96.812,96.764,96.825,96.795,96.835,96.793,406
2014-10-09 16:22:00,2014-10-09 16:23:00,96.767,96.721,96.773,96.721,96.795,96.749,96.798,96.748,593
2014-10-09 16:23:00,2014-10-09 16:24:00,96.721,96.757,96.765,96.721,96.749,96.779,96.788,96.746,466
2014-10-09 16:24:00,2014-10-09 16:25:00,96.757,96.745,96.765,96.736,96.779,96.769,96.79,96.763,474
2014-10-09 16:25:00,2014-10-09 16:26:00,96.745,96.728,96.745,96.712,96.769,96.755,96.772,96.738,303
2014-10-09 16:26:00,2014-10-09 16:27:00,96.728,96.734,96.747,96.723,96.755,96.758,96.766,96.748,316
2014-10-09 16:27:00,2014-10-09 16:28:00,96.734,96.714,96.734,96.701,96.758,96.737,96.754,96.723,276
2014-10-09 16:28:00,2014-10-09 16:29:00,96.714,96.681,96.714,96.678,96.737,96.708,96.739,96.707,348
2014-10-09 16:29:00,2014-10-09 16:30:00,96.681,96.663,96.682,96.655,96.708,96.69,96.711,96.681,329
2014-10-09 16:30:00,2014-10-09 16:31:00,96.663,96.677,96.683,96.661,96.69,96.703,96.71,96.685,322
2014-10-09 16:31:00,2014-10-09 16:32:00,96.677,96.655,96.676,96.645,96.703,96.683,96.703,96.673,381
2014-10-09 16:32:00,2014-10-09 16:33:00,96.655,96.641,96.667,96.637,96.683,96.667,96.692,96.665,279
2014-10-09 16:33:00,2014-10-09 16:34:00,96.641,96.657,96.672,96.638,96.667,96.683,96.696,96.667,348
2014-10-09 16:34:00,2014-10-09 16:35:00,96.657,96.667,96.673,96.653,96.683,96.692,96.7,96.682,229
2014-10-09 16:35:00,2014-10-09 16:36:00,96.667,96.645,96.666,96.638,96.692,96.673,96.692,96.665,200
2014-10-09 16:36:00,2014-10-09 16:37:00,96.645,96.684,96.694,96.645,96.673,96.708,96.72,96.672,354
2014-10-09 16:37:00,2014-10-09 16:38:00,96.684,96.67,96.69,96.668,96.708,96.698,96.718,96.696,417
2014-10-09 16:38:00,2014-10-09 16:39:00,96.67,96.616,96.682,96.615,96.698,96.644,96.708,96.643,647
2014-10-09 16:39:00,2014-10-09 16:40:00,96.616,96.624,96.633,96.609,96.644,96.647,96.659,96.635,350
2014-10-09 16:40:00,2014-10-09 16:41:00,96.624,96.654,96.661,96.62,96.647,96.68,96.686,96.646,297
2014-10-09 16:41:00,2014-10-09 16:42:00,96.654,96.631,96.656,96.628,96.68,96.658,96.683,96.655,197
2014-10-09 16:42:00,2014-10-09 16:43:00,96.631,96.618,96.637,96.618,96.658,96.645,96.664,96.645,328
2014-10-09 16:43:00,2014-10-09 16:44:00,96.618,96.632,96.644,96.615,96.645,96.655,96.668,96.642,328
2014-10-09 16:44:00,2014-10-09 16:45:00,96.632,96.646,96.648,96.63,96.655,96.672,96.673,96.653,280
2014-10-09 16:45:00,2014-10-09 16:46:00,96.646,96.663,96.663,96.646,96.672,96.686,96.688,96.668,95
2014-10-09 16:46:00,2014-10-09 16:47:00,96.663,96.652,96.672,96.652,96.686,96.678,96.699,96.678,287
2014-10-09 16:47:00,2014-10-09 16:48:00,96.652,96.665,96.665,96.63,96.678,96.686,96.692,96.656,265
2014-10-09 16:48:00,2014-10-09 16:49:00,96.665,96.667,96.674,96.649,96.686,96.695,96.7,96.674,297
2014-10-09 16:49:00,2014-10-09 16:50:00,96.667,96.689,96.692,96.654,96.695,96.715,96.717,96.678,308
2014-10-09 16:50:00,2014-10-09 16:51:00,96.689,96.674,96.689,96.668,96.715,96.701,96.714,96.694,127
2014-10-09 16:51:00,2014-10-09 16:52:00,96.674,96.676,96.679,96.67,96.701,96.704,96.706,96.695,113
2014-10-09 16:52:00,2014-10-09 16:53:00,96.676,96.657,96.677,96.649,96.704,96.686,96.704,96.678,231
2014-10-09 16:53:00,2014-10-09 16:54:00,96.657,96.69,96.693,96.654,96.686,96.718,96.72,96.678,353
2014-10-09 16:54:00,2014-10-09 16:55:00,96.69,96.656,96.705,96.646,96.718,96.685,96.731,96.675,453
2014-10-09 16:55:00,2014-10-09 16:56:00,96.656,96.64,96.661,96.637,96.685,96.665,96.688,96.662,168
2014-10-09 16:56:00,2014-10-09 16:57:00,96.64,96.659,96.659,96.631,96.665,96.686,96.687,96.656,186
2014-10-09 16:57:00,2014-10-09 16:58:00,96.659,96.684,96.691,96.654,96.686,96.712,96.719,96.678,176
2014-10-09 16:58:00,2014-10-09 16:59:00,96.684,96.667,96.692,96.667,96.712,96.694,96.72,96.694,208
2014-10-09 16:59:00,2014-10-09 17:00:00,96.667,96.655,96.672,96.652,96.694,96.68,96.699,96.679,218
2014-10-09 17:00:00,2014-10-09 17:01:00,96.655,96.639,96.656,96.624,96.68,96.663,96.681,96.654,250
2014-10-09 17:01:00,2014-10-09 17:02:00,96.639,96.627,96.639,96.61,96.663,96.65,96.663,96.639,322
2014-10-09 17:02:00,2014-10-09 17:03:00,96.627,96.618,96.627,96.604,96.65,96.643,96.654,96.632,152
2014-10-09 17:03:00,2014-10-09 17:04:00,96.618,96.586,96.631,96.582,96.643,96.608,96.655,96.608,263
2014-10-09 17:04:00,2014-10-09 17:05:00,96.586,96.595,96.613,96.585,96.608,96.616,96.639,96.607,288
2014-10-09 17:05:00,2014-10-09 17:06:00,96.595,96.595,96.622,96.591,96.616,96.62,96.644,96.615,416
2014-10-09 17:06:00,2014-10-09 17:07:00,96.595,96.579,96.597,96.557,96.62,96.605,96.622,96.584,448
2014-10-09 17:07:00,2014-10-09 17:08:00,96.579,96.532,96.579,96.524,96.605,96.558,96.604,96.55,319
2014-10-09 17:08:00,2014-10-09 17:09:00,96.532,96.541,96.547,96.507,96.558,96.569,96.572,96.533,433
2014-10-09 17:09:00,2014-10-09 17:10:00,96.541,96.511,96.545,96.511,96.569,96.538,96.571,96.538,377
2014-10-09 17:10:00,2014-10-09 17:11:00,96.511,96.512,96.535,96.51,96.538,96.534,96.558,96.534,260
2014-10-09 17:11:00,2014-10-09 17:12:00,96.512,96.53,96.535,96.497,96.534,96.558,96.56,96.524,218
2014-10-09 17:12:00,2014-10-09 17:13:00,96.53,96.535,96.55,96.522,96.558,96.563,96.576,96.548,275
2014-10-09 17:13:00,2014-10-09 17:14:00,96.535,96.549,96.549,96.526,96.563,96.574,96.574,96.551,229
2014-10-09 17:14:00,2014-10-09 17:15:00,96.549,96.537,96.559,96.535,96.574,96.565,96.583,96.563,301
2014-10-09 17:15:00,2014-10-09 17:16:00,96.537,96.531,96.547,96.522,96.565,96.557,96.575,96.546,214
2014-10-09 17:16:00,2014-10-09 17:17:00,96.531,96.549,96.551,96.529,96.557,96.571,96.575,96.555,161
2014-10-09 17:17:00,2014-10-09 17:18:00,96.549,96.545,96.546,96.522,96.571,96.574,96.575,96.546,264
2014-10-09 17:18:00,2014-10-09 17:19:00,96.545,96.538,96.546,96.529,96.574,96.563,96.575,96.557,170
2014-10-09 17:19:00,2014-10-09 17:20:00,96.538,96.579,96.579,96.538,96.563,96.601,96.601,96.564,277
2014-10-09 17:20:00,2014-10-09 17:21:00,96.579,96.587,96.598,96.567,96.601,96.613,96.625,96.593,207
2014-10-09 17:21:00,2014-10-09 17:22:00,96.587,96.589,96.613,96.588,96.613,96.616,96.639,96.613,245
2014-10-09 17:22:00,2014-10-09 17:23:00,96.589,96.573,96.591,96.567,96.616,96.602,96.618,96.594,199
2014-10-09 17:23:00,2014-10-09 17:24:00,96.573,96.604,96.616,96.572,96.602,96.628,96.64,96.596,241
2014-10-09 17:24:00,2014-10-09 17:25:00,96.604,96.589,96.614,96.589,96.628,96.616,96.641,96.616,286
2014-10-09 17:25:00,2014-10-09 17:26:00,96.589,96.588,96.596,96.588,96.616,96.617,96.62,96.612,100
2014-10-09 17:26:00,2014-10-09 17:27:00,96.588,96.576,96.591,96.575,96.617,96.601,96.615,96.601,69
2014-10-09 17:27:00,2014-10-09 17:28:00,96.576,96.555,96.58,96.554,96.601,96.58,96.601,96.576,83
2014-10-09 17:28:00,2014-10-09 17:29:00,96.555,96.556,96.557,96.555,96.58,96.582,96.583,96.58,10
2014-10-09 17:29:00,2014-10-09 17:30:00,96.556,96.558,96.571,96.552,96.582,96.585,96.599,96.578,84
2014-10-09 17:30:00,2014-10-09 17:31:00,96.558,96.559,96.562,96.543,96.585,96.586,96.588,96.567,119
2014-10-09 17:31:00,2014-10-09 17:32:00,96.559,96.581,96.581,96.56,96.586,96.609,96.609,96.585,150
2014-10-09 17:32:00,2014-10-09 17:33:00,96.581,96.577,96.599,96.575,96.609,96.604,96.627,96.6,134
2014-10-09 17:33:00,2014-10-09 17:34:00,96.577,96.588,96.588,96.568,96.604,96.614,96.614,96.596,136
2014-10-09 17:34:00,2014-10-09 17:35:00,96.588,96.6,96.606,96.582,96.614,96.625,96.628,96.609,166
2014-10-09 17:35:00,2014-10-09 17:36:00,96.6,96.615,96.631,96.596,96.625,96.644,96.659,96.622,318
2014-10-09 17:36:00,2014-10-09 17:37:00,96.615,96.622,96.63,96.607,96.644,96.649,96.657,96.635,238
2014-10-09 17:37:00,2014-10-09 17:38:00,96.622,96.64,96.641,96.617,96.649,96.666,96.667,96.644,253
2014-10-09 17:38:00,2014-10-09 17:39:00,96.64,96.68,96.684,96.64,96.666,96.706,96.709,96.665,433
2014-10-09 17:39:00,2014-10-09 17:40:00,96.68,96.673,96.68,96.669,96.706,96.697,96.709,96.693,236
2014-10-09 17:40:00,2014-10-09 17:41:00,96.673,96.647,96.674,96.644,96.697,96.675,96.7,96.668,166
2014-10-09 17:41:00,2014-10-09 17:42:00,96.647,96.653,96.655,96.628,96.675,96.679,96.68,96.652,212
2014-10-09 17:42:00,2014-10-09 17:43:00,96.653,96.636,96.655,96.631,96.679,96.665,96.682,96.656,213
2014-10-09 17:43:00,2014-10-09 17:44:00,96.636,96.651,96.651,96.631,96.665,96.678,96.678,96.655,170
2014-10-09 17:44:00,2014-10-09 17:45:00,96.651,96.634,96.653,96.632,96.678,96.662,96.679,96.66,132
2014-10-09 17:45:00,2014-10-09 17:46:00,96.634,96.643,96.647,96.623,96.662,96.673,96.673,96.652,152
2014-10-09 17:46:00,2014-10-09 17:47:00,96.643,96.628,96.649,96.621,96.673,96.656,96.678,96.647,183
2014-10-09 17:47:00,2014-10-09 17:48:00,96.628,96.603,96.633,96.579,96.656,96.629,96.659,96.605,248
2014-10-09 17:48:00,2014-10-09 17:49:00,96.603,96.617,96.642,96.602,96.629,96.644,96.668,96.631,385
2014-10-09 17:49:00,2014-10-09 17:50:00,96.617,96.613,96.627,96.611,96.644,96.64,96.652,96.638,129
2014-10-09 17:50:00,2014-10-09 17:51:00,96.613,96.565,96.613,96.563,96.64,96.59,96.639,96.59,284
2014-10-09 17:51:00,2014-10-09 17:52:00,96.565,96.563,96.578,96.55,96.59,96.588,96.602,96.578,385
2014-10-09 17:52:00,2014-10-09 17:53:00,96.563,96.566,96.575,96.558,96.588,96.591,96.599,96.585,162
2014-10-09 17:53:00,2014-10-09 17:54:00,96.566,96.541,96.565,96.532,96.591,96.567,96.591,96.559,327
2014-10-09 17:54:00,2014-10-09 17:55:00,96.541,96.557,96.557,96.539,96.567,96.581,96.581,96.564,144
2014-10-09 17:55:00,2014-10-09 17:56:00,96.557,96.55,96.565,96.543,96.581,96.574,96.59,96.57,165
2014-10-09 17:56:00,2014-10-09 17:57:00,96.55,96.599,96.599,96.55,96.574,96.617,96.617,96.576,265
2014-10-09 17:57:00,2014-10-09 17:58:00,96.599,96.588,96.603,96.571,96.617,96.617,96.627,96.596,351
2014-10-09 17:58:00,2014-10-09 17:59:00,96.588,96.574,96.597,96.559,96.617,96.602,96.625,96.587,369
2014-10-09 17:59:00,2014-10-09 18:00:00,96.574,96.555,96.576,96.546,96.602,96.577,96.605,96.573,275
2014-10-09 18:00:00,2014-10-09 18:01:00,96.555,96.537,96.562,96.523,96.577,96.562,96.585,96.549,360
2014-10-09 18:01:00,2014-10-09 18:02:00,96.537,96.549,96.552,96.526,96.562,96.575,96.579,96.555,326
2014-10-09 18:02:00,2014-10-09 18:03:00,96.549,96.533,96.552,96.526,96.575,96.559,96.577,96.546,163
2014-10-09 18:03:00,2014-10-09 18:04:00,96.533,96.493,96.538,96.489,96.559,96.522,96.562,96.515,369
2014-10-09 18:04:00,2014-10-09 18:05:00,96.493,96.504,96.52,96.494,96.522,96.532,96.549,96.516,336
2014-10-09 18:05:00,2014-10-09 18:06:00,96.504,96.523,96.526,96.499,96.532,96.549,96.551,96.524,195
2014-10-09 18:06:00,2014-10-09 18:07:00,96.523,96.522,96.529,96.514,96.549,96.552,96.555,96.54,244
2014-10-09 18:07:00,2014-10-09 18:08:00,96.522,96.502,96.527,96.497,96.552,96.531,96.556,96.523,219
2014-10-09 18:08:00,2014-10-09 18:09:00,96.502,96.505,96.51,96.492,96.531,96.533,96.538,96.519,178
2014-10-09 18:09:00,2014-10-09 18:10:00,96.505,96.505,96.51,96.5,96.533,96.533,96.536,96.527,122
2014-10-09 18:10:00,2014-10-09 18:11:00,96.505,96.502,96.512,96.494,96.533,96.529,96.541,96.52,134
2014-10-09 18:11:00,2014-10-09 18:12:00,96.502,96.48,96.513,96.468,96.529,96.508,96.541,96.498,182
2014-10-09 18:12:00,2014-10-09 18:13:00,96.48,96.486,96.503,96.478,96.508,96.515,96.53,96.504,229
2014-10-09 18:13:00,2014-10-09 18:14:00,96.486,96.468,96.49,96.465,96.515,96.492,96.517,96.49,210
2014-10-09 18:14:00,2014-10-09 18:15:00,96.468,96.437,96.468,96.418,96.492,96.465,96.495,96.445,270
2014-10-09 18:15:00,2014-10-09 18:16:00,96.437,96.431,96.458,96.426,96.465,96.457,96.484,96.454,395
2014-10-09 18:16:00,2014-10-09 18:17:00,96.431,96.44,96.443,96.43,96.457,96.466,96.468,96.457,119
2014-10-09 18:17:00,2014-10-09 18:18:00,96.44,96.431,96.449,96.431,96.466,96.457,96.476,96.457,185
2014-10-09 18:18:00,2014-10-09 18:19:00,96.431,96.439,96.45,96.42,96.457,96.466,96.478,96.447,299
2014-10-09 18:19:00,2014-10-09 18:20:00,96.439,96.455,96.465,96.429,96.466,96.48,96.492,96.458,145
2014-10-09 18:20:00,2014-10-09 18:21:00,96.455,96.463,96.465,96.454,96.48,96.491,96.493,96.479,239
2014-10-09 18:21:00,2014-10-09 18:22:00,96.463,96.458,96.465,96.452,96.491,96.484,96.491,96.48,170
2014-10-09 18:22:00,2014-10-09 18:23:00,96.458,96.46,96.476,96.453,96.484,96.483,96.497,96.478,176
2014-10-09 18:23:00,2014-10-09 18:24:00,96.46,96.449,96.468,96.447,96.483,96.477,96.496,96.472,163
2014-10-09 18:24:00,2014-10-09 18:25:00,96.449,96.463,96.466,96.442,96.477,96.491,96.491,96.47,179
2014-10-09 18:25:00,2014-10-09 18:26:00,96.463,96.478,96.489,96.46,96.491,96.505,96.519,96.488,279
2014-10-09 18:26:00,2014-10-09 18:27:00,96.478,96.471,96.487,96.469,96.505,96.497,96.514,96.497,182
2014-10-09 18:27:00,2014-10-09 18:28:00,96.471,96.451,96.48,96.451,96.497,96.48,96.507,96.479,153
2014-10-09 18:28:00,2014-10-09 18:29:00,96.451,96.457,96.46,96.44,96.48,96.486,96.487,96.468,152
2014-10-09 18:29:00,2014-10-09 18:30:00,96.457,96.454,96.457,96.439,96.486,96.481,96.485,96.465,172
2014-10-09 18:30:00,2014-10-09 18:31:00,96.454,96.436,96.454,96.428,96.481,96.462,96.48,96.455,260
2014-10-09 18:31:00,2014-10-09 18:32:00,96.436,96.419,96.437,96.417,96.462,96.445,96.466,96.443,156
2014-10-09 18:32:00,2014-10-09 18:33:00,96.419,96.402,96.431,96.402,96.445,96.429,96.457,96.428,222
2014-10-09 18:33:00,2014-10-09 18:34:00,96.402,96.412,96.425,96.392,96.429,96.433,96.445,96.416,211
2014-10-09 18:34:00,2014-10-09 18:35:00,96.412,96.442,96.45,96.411,96.433,96.469,96.477,96.433,229
2014-10-09 18:35:00,2014-10-09 18:36:00,96.442,96.429,96.446,96.427,96.469,96.456,96.473,96.451,300
2014-10-09 18:36:00,2014-10-09 18:37:00,96.429,96.461,96.47,96.427,96.456,96.487,96.494,96.455,290
2014-10-09 18:37:00,2014-10-09 18:38:00,96.461,96.463,96.471,96.457,96.487,96.489,96.496,96.485,208
2014-10-09 18:38:00,2014-10-09 18:39:00,96.463,96.462,96.475,96.462,96.489,96.489,96.502,96.489,177
2014-10-09 18:39:00,2014-10-09 18:40:00,96.462,96.465,96.466,96.453,96.489,96.491,96.492,96.48,132
2014-10-09 18:40:00,2014-10-09 18:41:00,96.465,96.464,96.471,96.458,96.491,96.489,96.495,96.484,93
2014-10-09 18:41:00,2014-10-09 18:42:00,96.464,96.459,96.468,96.453,96.489,96.485,96.493,96.477,216
2014-10-09 18:42:00,2014-10-09 18:43:00,96.459,96.474,96.483,96.46,96.485,96.502,96.51,96.485,227
2014-10-09 18:43:00,2014-10-09 18:44:00,96.474,96.466,96.477,96.46,96.502,96.491,96.502,96.485,113
2014-10-09 18:44:00,2014-10-09 18:45:00,96.466,96.458,96.467,96.442,96.491,96.481,96.492,96.466,173
2014-10-09 18:45:00,2014-10-09 18:46:00,96.458,96.438,96.457,96.428,96.481,96.459,96.481,96.453,178
2014-10-09 18:46:00,2014-10-09 18:47:00,96.438,96.429,96.448,96.429,96.459,96.457,96.47,96.455,178
2014-10-09 18:47:00,2014-10-09 18:48:00,96.429,96.45,96.452,96.429,96.457,96.473,96.475,96.455,140
2014-10-09 18:48:00,2014-10-09 18:49:00,96.45,96.474,96.475,96.445,96.473,96.5,96.5,96.471,125
2014-10-09 18:49:00,2014-10-09 18:50:00,96.474,96.492,96.494,96.466,96.5,96.518,96.52,96.492,146
2014-10-09 18:50:00,2014-10-09 18:51:00,96.492,96.506,96.525,96.493,96.518,96.533,96.55,96.518,175
2014-10-09 18:51:00,2014-10-09 18:52:00,96.506,96.513,96.528,96.506,96.533,96.537,96.553,96.527,214
2014-10-09 18:52:00,2014-10-09 18:53:00,96.513,96.506,96.523,96.501,96.537,96.529,96.543,96.524,118
2014-10-09 18:53:00,2014-10-09 18:54:00,96.506,96.505,96.514,96.503,96.529,96.529,96.538,96.526,54
2014-10-09 18:54:00,2014-10-09 18:55:00,96.505,96.489,96.504,96.481,96.529,96.515,96.529,96.507,197
2014-10-09 18:55:00,2014-10-09 18:56:00,96.489,96.502,96.505,96.489,96.515,96.529,96.531,96.512,83
2014-10-09 18:56:00,2014-10-09 18:57:00,96.502,96.502,96.512,96.501,96.529,96.527,96.539,96.525,74
2014-10-09 18:57:00,2014-10-09 18:58:00,96.502,96.491,96.502,96.489,96.527,96.518,96.526,96.515,78
2014-10-09 18:58:00,2014-10-09 18:59:00,96.491,96.489,96.499,96.477,96.518,96.517,96.524,96.503,455
2014-10-09 18:59:00,2014-10-09 19:00:00,96.489,96.511,96.511,96.487,96.517,96.538,96.541,96.513,196
2014-10-09 19:00:00,2014-10-09 19:01:00,96.511,96.505,96.529,96.505,96.538,96.533,96.557,96.532,153
2014-10-09 19:01:00,2014-10-09 19:02:00,96.505,96.503,96.52,96.493,96.533,96.532,96.546,96.522,137
2014-10-09 19:02:00,2014-10-09 19:03:00,96.503,96.531,96.537,96.504,96.532,96.557,96.561,96.532,234
2014-10-09 19:03:00,2014-10-09 19:04:00,96.531,96.537,96.545,96.523,96.557,96.559,96.57,96.55,105
2014-10-09 19:04:00,2014-10-09 19:05:00,96.537,96.544,96.547,96.531,96.559,96.572,96.572,96.554,136
2014-10-09 19:05:00,2014-10-09 19:06:00,96.544,96.536,96.548,96.526,96.572,96.56,96.573,96.552,157
2014-10-09 19:06:00,2014-10-09 19:07:00,96.536,96.553,96.553,96.528,96.56,96.575,96.575,96.551,63
2014-10-09 19:07:00,2014-10-09 19:08:00,96.553,96.524,96.551,96.514,96.575,96.547,96.575,96.537,134
2014-10-09 19:08:00,2014-10-09 19:09:00,96.524,96.517,96.538,96.517,96.547,96.545,96.562,96.542,180
2014-10-09 19:09:00,2014-10-09 19:10:00,96.517,96.518,96.524,96.512,96.545,96.546,96.549,96.537,250
2014-10-09 19:10:00,2014-10-09 19:11:00,96.518,96.508,96.518,96.503,96.546,96.534,96.545,96.529,156
2014-10-09 19:11:00,2014-10-09 19:12:00,96.508,96.518,96.518,96.506,96.534,96.544,96.544,96.533,93
2014-10-09 19:12:00,2014-10-09 19:13:00,96.518,96.531,96.538,96.509,96.544,96.557,96.566,96.537,207
2014-10-09 19:13:00,2014-10-09 19:14:00,96.531,96.531,96.55,96.531,96.557,96.559,96.578,96.557,217
2014-10-09 19:14:00,2014-10-09 19:15:00,96.531,96.535,96.539,96.522,96.559,96.562,96.564,96.549,154
2014-10-09 19:15:00,2014-10-09 19:16:00,96.535,96.55,96.551,96.523,96.562,96.576,96.576,96.551,158
2014-10-09 19:16:00,2014-10-09 19:17:00,96.55,96.567,96.569,96.539,96.576,96.594,96.595,96.565,118
2014-10-09 19:17:00,2014-10-09 19:18:00,96.567,96.587,96.598,96.565,96.594,96.615,96.626,96.593,196
2014-10-09 19:18:00,2014-10-09 19:19:00,96.587,96.58,96.59,96.566,96.615,96.608,96.616,96.594,147
2014-10-09 19:19:00,2014-10-09 19:20:00,96.58,96.564,96.581,96.564,96.608,96.592,96.608,96.588,121
2014-10-09 19:20:00,2014-10-09 19:21:00,96.564,96.565,96.572,96.556,96.592,96.592,96.598,96.582,156
2014-10-09 19:21:00,2014-10-09 19:22:00,96.565,96.583,96.586,96.561,96.592,96.609,96.616,96.586,154
2014-10-09 19:22:00,2014-10-09 19:23:00,96.583,96.612,96.616,96.581,96.609,96.64,96.643,96.606,188
2014-10-09 19:23:00,2014-10-09 19:24:00,96.612,96.572,96.619,96.571,96.64,96.598,96.647,96.597,237
2014-10-09 19:24:00,2014-10-09 19:25:00,96.572,96.59,96.594,96.572,96.598,96.618,96.623,96.598,222
2014-10-09 19:25:00,2014-10-09 19:26:00,96.59,96.608,96.637,96.59,96.618,96.638,96.665,96.618,175
2014-10-09 19:26:00,2014-10-09 19:27:00,96.608,96.603,96.61,96.584,96.638,96.631,96.637,96.612,203
2014-10-09 19:27:00,2014-10-09 19:28:00,96.603,96.623,96.635,96.605,96.631,96.65,96.663,96.631,178
2014-10-09 19:28:00,2014-10-09 19:29:00,96.623,96.622,96.63,96.616,96.65,96.648,96.654,96.638,141
2014-10-09 19:29:00,2014-10-09 19:30:00,96.622,96.633,96.633,96.622,96.648,96.657,96.659,96.647,97
2014-10-09 19:30:00,2014-10-09 19:31:00,96.633,96.633,96.635,96.625,96.657,96.659,96.659,96.653,83
2014-10-09 19:31:00,2014-10-09 19:32:00,96.633,96.659,96.659,96.626,96.659,96.687,96.687,96.655,174
2014-10-09 19:32:00,2014-10-09 19:33:00,96.659,96.653,96.662,96.653,96.687,96.682,96.689,96.681,49
2014-10-09 19:33:00,2014-10-09 19:34:00,96.653,96.673,96.681,96.653,96.682,96.702,96.71,96.68,106
2014-10-09 19:34:00,2014-10-09 19:35:00,96.673,96.683,96.685,96.664,96.702,96.712,96.714,96.689,140
2014-10-09 19:35:00,2014-10-09 19:36:00,96.683,96.674,96.694,96.674,96.712,96.702,96.723,96.7,120
2014-10-09 19:36:00,2014-10-09 19:37:00,96.674,96.649,96.675,96.641,96.702,96.678,96.702,96.667,151
2014-10-09 19:37:00,2014-10-09 19:38:00,96.649,96.663,96.665,96.648,96.678,96.684,96.686,96.671,198
2014-10-09 19:38:00,2014-10-09 19:39:00,96.663,96.663,96.682,96.66,96.684,96.691,96.705,96.684,228
2014-10-09 19:39:00,2014-10-09 19:40:00,96.663,96.661,96.674,96.651,96.691,96.686,96.699,96.679,149
2014-10-09 19:40:00,2014-10-09 19:41:00,96.661,96.648,96.669,96.634,96.686,96.677,96.694,96.658,251
2014-10-09 19:41:00,2014-10-09 19:42:00,96.648,96.632,96.649,96.632,96.677,96.658,96.678,96.658,188
2014-10-09 19:42:00,2014-10-09 19:43:00,96.632,96.64,96.653,96.627,96.658,96.67,96.681,96.652,148
2014-10-09 19:43:00,2014-10-09 19:44:00,96.64,96.634,96.651,96.628,96.67,96.663,96.678,96.654,124
2014-10-09 19:44:00,2014-10-09 19:45:00,96.634,96.626,96.634,96.608,96.663,96.653,96.662,96.634,185
2014-10-09 19:45:00,2014-10-09 19:46:00,96.626,96.619,96.629,96.613,96.653,96.648,96.656,96.639,123
2014-10-09 19:46:00,2014-10-09 19:47:00,96.619,96.622,96.625,96.609,96.648,96.648,96.649,96.634,100
2014-10-09 19:47:00,2014-10-09 19:48:00,96.622,96.61,96.623,96.61,96.648,96.637,96.651,96.637,70
2014-10-09 19:48:00,2014-10-09 19:49:00,96.61,96.593,96.625,96.593,96.637,96.621,96.652,96.621,129
2014-10-09 19:49:00,2014-10-09 19:50:00,96.593,96.568,96.593,96.566,96.621,96.594,96.622,96.594,177
2014-10-09 19:50:00,2014-10-09 19:51:00,96.568,96.563,96.568,96.558,96.594,96.588,96.595,96.585,89
2014-10-09 19:51:00,2014-10-09 19:52:00,96.563,96.591,96.592,96.563,96.588,96.618,96.618,96.588,128
2014-10-09 19:52:00,2014-10-09 19:53:00,96.591,96.588,96.596,96.58,96.618,96.613,96.622,96.607,168
2014-10-09 19:53:00,2014-10-09 19:54:00,96.588,96.592,96.598,96.585,96.613,96.616,96.623,96.611,110
2014-10-09 19:54:00,2014-10-09 19:55:00,96.592,96.577,96.603,96.575,96.616,96.604,96.629,96.602,192
2014-10-09 19:55:00,2014-10-09 19:56:00,96.577,96.554,96.586,96.552,96.604,96.584,96.613,96.581,285
2014-10-09 19:56:00,2014-10-09 19:57:00,96.554,96.556,96.566,96.542,96.584,96.586,96.59,96.571,153
2014-10-09 19:57:00,2014-10-09 19:58:00,96.556,96.537,96.564,96.537,96.586,96.563,96.591,96.562,168
2014-10-09 19:58:00,2014-10-09 19:59:00,96.537,96.55,96.55,96.517,96.563,96.574,96.574,96.544,240
2014-10-09 19:59:00,2014-10-09 20:00:00,96.55,96.577,96.588,96.546,96.574,96.605,96.616,96.574,191
2014-10-09 20:00:00,2014-10-09 20:01:00,96.577,96.571,96.577,96.563,96.605,96.597,96.603,96.59,110
2014-10-09 20:01:00,2014-10-09 20:02:00,96.571,96.557,96.571,96.556,96.597,96.587,96.599,96.583,44
2014-10-09 20:02:00,2014-10-09 20:03:00,96.557,96.558,96.562,96.553,96.587,96.585,96.587,96.578,52
2014-10-09 20:03:00,2014-10-09 20:04:00,96.558,96.533,96.559,96.533,96.585,96.56,96.586,96.557,100
2014-10-09 20:04:00,2014-10-09 20:05:00,96.533,96.562,96.568,96.533,96.56,96.59,96.595,96.558,87
2014-10-09 20:05:00,2014-10-09 20:06:00,96.562,96.559,96.57,96.557,96.59,96.588,96.597,96.587,44
2014-10-09 20:06:00,2014-10-09 20:07:00,96.559,96.564,96.565,96.558,96.588,96.593,96.594,96.587,37
2014-10-09 20:07:00,2014-10-09 20:08:00,96.564,96.56,96.566,96.56,96.593,96.588,96.594,96.583,31
2014-10-09 20:08:00,2014-10-09 20:09:00,96.56,96.557,96.567,96.557,96.588,96.58,96.595,96.578,72
2014-10-09 20:09:00,2014-10-09 20:10:00,96.557,96.555,96.555,96.55,96.58,96.581,96.581,96.573,37
2014-10-09 20:10:00,2014-10-09 20:11:00,96.555,96.544,96.555,96.543,96.581,96.573,96.58,96.572,28
2014-10-09 20:11:00,2014-10-09 20:12:00,96.544,96.554,96.554,96.542,96.573,96.578,96.579,96.572,45
2014-10-09 20:12:00,2014-10-09 20:13:00,96.554,96.551,96.554,96.551,96.578,96.575,96.579,96.575,7
2014-10-09 20:13:00,2014-10-09 20:14:00,96.551,96.545,96.552,96.545,96.575,96.568,96.578,96.568,34
2014-10-09 20:14:00,2014-10-09 20:15:00,96.545,96.555,96.559,96.542,96.568,96.584,96.585,96.569,35
2014-10-09 20:15:00,2014-10-09 20:16:00,96.555,96.557,96.564,96.554,96.584,96.585,96.585,96.582,23
2014-10-09 20:16:00,2014-10-09 20:17:00,96.557,96.559,96.561,96.557,96.585,96.587,96.587,96.585,6
2014-10-09 20:17:00,2014-10-09 20:18:00,96.559,96.563,96.568,96.557,96.587,96.586,96.589,96.585,27
2014-10-09 20:18:00,2014-10-09 20:19:00,96.563,96.568,96.572,96.564,96.586,96.593,96.594,96.586,29
2014-10-09 20:19:00,2014-10-09 20:20:00,96.568,96.566,96.57,96.566,96.593,96.591,96.594,96.588,19
2014-10-09 20:20:00,2014-10-09 20:21:00,96.566,96.574,96.574,96.565,96.591,96.596,96.597,96.588,23
2014-10-09 20:21:00,2014-10-09 20:22:00,96.574,96.569,96.574,96.565,96.596,96.591,96.599,96.589,24
2014-10-09 20:22:00,2014-10-09 20:23:00,96.569,96.574,96.576,96.569,96.591,96.598,96.599,96.592,40
2014-10-09 20:23:00,2014-10-09 20:24:00,96.574,96.575,96.577,96.571,96.598,96.597,96.601,96.594,32
2014-10-09 20:24:00,2014-10-09 20:25:00,96.575,96.58,96.58,96.57,96.597,96.604,96.604,96.595,59
2014-10-09 20:25:00,2014-10-09 20:26:00,96.58,96.576,96.58,96.571,96.604,96.601,96.603,96.595,29
2014-10-09 20:26:00,2014-10-09 20:27:00,96.576,96.575,96.577,96.575,96.601,96.599,96.602,96.599,9
2014-10-09 20:27:00,2014-10-09 20:28:00,96.575,96.579,96.582,96.574,96.599,96.603,96.607,96.598,39
2014-10-09 20:28:00,2014-10-09 20:29:00,96.579,96.575,96.58,96.573,96.603,96.602,96.604,96.596,22
2014-10-09 20:29:00,2014-10-09 20:30:00,96.575,96.568,96.581,96.568,96.602,96.598,96.604,96.595,52
2014-10-09 20:30:00,2014-10-09 20:31:00,96.568,96.57,96.572,96.567,96.598,96.596,96.6,96.595,28
2014-10-09 20:31:00,2014-10-09 20:32:00,96.57,96.564,96.57,96.564,96.596,96.594,96.597,96.594,12
2014-10-09 20:32:00,2014-10-09 20:33:00,96.564,96.565,96.565,96.564,96.594,96.593,96.593,96.592,5
2014-10-09 20:33:00,2014-10-09 20:34:00,96.565,96.563,96.564,96.563,96.593,96.592,96.593,96.592,3
2014-10-09 20:34:00,2014-10-09 20:35:00,96.563,96.563,96.563,96.558,96.592,96.59,96.591,96.583,17
2014-10-09 20:35:00,2014-10-09 20:36:00,96.563,96.552,96.563,96.549,96.59,96.578,96.59,96.575,46
2014-10-09 20:36:00,2014-10-09 20:37:00,96.552,96.543,96.557,96.541,96.578,96.569,96.585,96.569,48
2014-10-09 20:37:00,2014-10-09 20:38:00,96.543,96.534,96.549,96.532,96.569,96.561,96.575,96.559,56
2014-10-09 20:38:00,2014-10-09 20:39:00,96.534,96.543,96.543,96.536,96.561,96.571,96.571,96.561,25
2014-10-09 20:39:00,2014-10-09 20:40:00,96.543,96.525,96.542,96.525,96.571,96.556,96.571,96.556,54
2014-10-09 20:40:00,2014-10-09 20:41:00,96.525,96.516,96.529,96.515,96.556,96.546,96.559,96.541,59
2014-10-09 20:41:00,2014-10-09 20:42:00,96.516,96.507,96.516,96.507,96.546,96.538,96.547,96.536,29
2014-10-09 20:42:00,2014-10-09 20:43:00,96.507,96.496,96.507,96.494,96.538,96.523,96.536,96.521,53
2014-10-09 20:43:00,2014-10-09 20:44:00,96.496,96.505,96.512,96.496,96.523,96.537,96.54,96.526,67
2014-10-09 20:44:00,2014-10-09 20:45:00,96.505,96.49,96.506,96.486,96.537,96.521,96.537,96.515,70
2014-10-09 20:45:00,2014-10-09 20:46:00,96.49,96.466,96.491,96.466,96.521,96.499,96.521,96.499,59
2014-10-09 20:46:00,2014-10-09 20:47:00,96.466,96.455,96.472,96.455,96.499,96.485,96.501,96.484,26
2014-10-09 20:47:00,2014-10-09 20:48:00,96.455,96.431,96.46,96.429,96.485,96.459,96.489,96.455,150
2014-10-09 20:48:00,2014-10-09 20:49:00,96.431,96.42,96.43,96.405,96.459,96.452,96.459,96.432,155
2014-10-09 20:49:00,2014-10-09 20:50:00,96.42,96.419,96.44,96.419,96.452,96.45,96.466,96.448,101
2014-10-09 20:50:00,2014-10-09 20:51:00,96.419,96.355,96.418,96.355,96.45,96.385,96.45,96.385,217
2014-10-09 20:51:00,2014-10-09 20:52:00,96.355,96.401,96.407,96.354,96.385,96.435,96.438,96.38,167
2014-10-09 20:52:00,2014-10-09 20:53:00,96.401,96.393,96.408,96.39,96.435,96.427,96.436,96.424,78
2014-10-09 20:53:00,2014-10-09 20:54:00,96.393,96.39,96.396,96.388,96.427,96.422,96.432,96.418,55
2014-10-09 20:54:00,2014-10-09 20:55:00,96.39,96.391,96.403,96.384,96.422,96.421,96.432,96.412,136
2014-10-09 20:55:00,2014-10-09 20:56:00,96.391,96.4,96.409,96.388,96.421,96.431,96.437,96.413,211
2014-10-09 20:56:00,2014-10-09 20:57:00,96.4,96.391,96.406,96.388,96.431,96.426,96.439,96.423,69
2014-10-09 20:57:00,2014-10-09 20:58:00,96.391,96.383,96.39,96.38,96.426,96.419,96.434,96.418,55
2014-10-09 20:58:00,2014-10-09 20:59:00,96.383,96.375,96.39,96.375,96.419,96.419,96.424,96.414,19
2014-10-09 20:59:00,2014-10-09 21:00:00,96.375,96.395,96.395,96.375,96.419,96.439,96.444,96.414,15
2014-10-09 21:00:00,2014-10-09 21:01:00,96.395,96.395,96.405,96.395,96.439,96.425,96.44,96.425,17
2014-10-09 21:01:00,2014-10-09 21:02:00,96.395,96.405,96.41,96.395,96.425,96.44,96.44,96.426,9
2014-10-09 21:02:00,2014-10-09 21:03:00,96.405,96.385,96.4,96.38,96.44,96.428,96.44,96.416,31
2014-10-09 21:03:00,2014-10-09 21:04:00,96.385,96.362,96.385,96.35,96.428,96.4,96.436,96.389,106
2014-10-09 21:04:00,2014-10-09 21:05:00,96.362,96.355,96.38,96.35,96.4,96.404,96.429,96.395,195
2014-10-09 21:05:00,2014-10-09 21:06:00,96.355,96.354,96.367,96.349,96.404,96.388,96.406,96.384,135
2014-10-09 21:06:00,2014-10-09 21:07:00,96.354,96.353,96.36,96.346,96.388,96.386,96.393,96.378,61
2014-10-09 21:07:00,2014-10-09 21:08:00,96.353,96.356,96.371,96.35,96.386,96.395,96.412,96.385,87
2014-10-09 21:08:00,2014-10-09 21:09:00,96.356,96.356,96.395,96.355,96.395,96.394,96.438,96.393,85
2014-10-09 21:09:00,2014-10-09 21:10:00,96.356,96.355,96.362,96.35,96.394,96.388,96.399,96.386,54
2014-10-09 21:10:00,2014-10-09 21:11:00,96.355,96.356,96.356,96.346,96.388,96.39,96.39,96.379,32
2014-10-09 21:11:00,2014-10-09 21:12:00,96.356,96.373,96.384,96.356,96.39,96.404,96.418,96.388,72
2014-10-09 21:12:00,2014-10-09 21:13:00,96.373,96.376,96.379,96.373,96.404,96.41,96.417,96.404,33
2014-10-09 21:13:00,2014-10-09 21:14:00,96.376,96.385,96.391,96.376,96.41,96.42,96.424,96.414,30
2014-10-09 21:14:00,2014-10-09 21:15:00,96.385,96.39,96.39,96.385,96.42,96.421,96.426,96.418,20
2014-10-09 21:15:00,2014-10-09 21:16:00,96.39,96.385,96.395,96.385,96.421,96.421,96.424,96.42,8
2014-10-09 21:16:00,2014-10-09 21:17:00,96.385,96.391,96.395,96.389,96.421,96.428,96.428,96.421,15
2014-10-09 21:17:00,2014-10-09 21:18:00,96.391,96.396,96.4,96.394,96.428,96.426,96.43,96.422,16
2014-10-09 21:18:00,2014-10-09 21:19:00,96.396,96.396,96.396,96.396,96.426,96.424,96.425,96.424,2
2014-10-09 21:19:00,2014-10-09 21:20:00,96.396,96.4,96.402,96.398,96.424,96.428,96.428,96.424,10
2014-10-09 21:20:00,2014-10-09 21:21:00,96.4,96.4,96.401,96.4,96.428,96.428,96.428,96.428,2
2014-10-09 21:21:00,2014-10-09 21:22:00,96.4,96.4,96.4,96.4,96.428,96.428,96.428,96.424,5
2014-10-09 21:22:00,2014-10-09 21:23:00,96.4,96.4,96.4,96.399,96.428,96.428,96.428,96.428,4
2014-10-09 21:23:00,2014-10-09 21:24:00,96.4,96.4,96.402,96.399,96.428,96.429,96.429,96.427,9
2014-10-09 21:24:00,2014-10-09 21:25:00,96.4,96.4,96.4,96.4,96.429,96.429,96.43,96.429,2
2014-10-09 21:25:00,2014-10-09 21:26:00,96.4,96.4,96.4,96.4,96.429,96.432,96.432,96.431,2
2014-10-09 21:26:00,2014-10-09 21:27:00,96.4,96.4,96.405,96.4,96.432,96.431,96.438,96.431,10
2014-10-09 21:27:00,2014-10-09 21:28:00,96.4,96.405,96.408,96.398,96.431,96.439,96.441,96.431,15
2014-10-09 21:28:00,2014-10-09 21:29:00,96.405,96.4,96.409,96.4,96.439,96.434,96.441,96.434,34
2014-10-09 21:29:00,2014-10-09 21:30:00,96.4,96.4,96.405,96.398,96.434,96.434,96.438,96.433,34
2014-10-09 21:30:00,2014-10-09 21:31:00,96.4,96.385,96.4,96.385,96.434,96.423,96.433,96.422,61
2014-10-09 21:31:00,2014-10-09 21:32:00,96.385,96.385,96.387,96.384,96.423,96.424,96.427,96.422,22
2014-10-09 21:32:00,2014-10-09 21:33:00,96.385,96.385,96.386,96.38,96.424,96.416,96.424,96.41,22
2014-10-09 21:33:00,2014-10-09 21:34:00,96.385,96.385,96.386,96.384,96.416,96.416,96.418,96.416,14
2014-10-09 21:34:00,2014-10-09 21:35:00,96.385,96.386,96.388,96.379,96.416,96.416,96.422,96.412,22
2014-10-09 21:35:00,2014-10-09 21:36:00,96.386,96.374,96.384,96.374,96.416,96.405,96.416,96.405,16
2014-10-09 21:36:00,2014-10-09 21:37:00,96.374,96.378,96.378,96.373,96.405,96.412,96.412,96.405,13
2014-10-09 21:37:00,2014-10-09 21:38:00,96.378,96.384,96.399,96.379,96.412,96.418,96.433,96.412,36
2014-10-09 21:38:00,2014-10-09 21:39:00,96.384,96.381,96.384,96.381,96.418,96.414,96.415,96.414,4
2014-10-09 21:39:00,2014-10-09 21:40:00,96.381,96.376,96.381,96.371,96.414,96.399,96.412,96.399,28
2014-10-09 21:40:00,2014-10-09 21:41:00,96.376,96.372,96.373,96.37,96.399,96.406,96.406,96.399,7
2014-10-09 21:41:00,2014-10-09 21:42:00,96.372,96.374,96.374,96.371,96.406,96.408,96.408,96.404,5
2014-10-09 21:42:00,2014-10-09 21:43:00,96.374,96.388,96.388,96.375,96.408,96.417,96.417,96.408,19
2014-10-09 21:43:00,2014-10-09 21:44:00,96.388,96.386,96.387,96.384,96.417,96.417,96.417,96.415,10
2014-10-09 21:44:00,2014-10-09 21:45:00,96.386,96.384,96.386,96.38,96.417,96.417,96.417,96.41,15
2014-10-09 21:45:00,2014-10-09 21:46:00,96.384,96.398,96.398,96.366,96.417,96.42,96.425,96.396,77
2014-10-09 21:46:00,2014-10-09 21:47:00,96.398,96.4,96.406,96.391,96.42,96.43,96.434,96.416,60
2014-10-09 21:47:00,2014-10-09 21:48:00,96.4,96.4,96.4,96.384,96.43,96.429,96.431,96.413,66
2014-10-09 21:48:00,2014-10-09 21:49:00,96.4,96.402,96.402,96.392,96.429,96.434,96.434,96.426,43
2014-10-09 21:49:00,2014-10-09 21:50:00,96.402,96.405,96.407,96.402,96.434,96.438,96.441,96.434,22
2014-10-09 21:50:00,2014-10-09 21:51:00,96.405,96.406,96.407,96.401,96.438,96.435,96.439,96.426,18
2014-10-09 21:51:00,2014-10-09 21:52:00,96.406,96.405,96.406,96.402,96.435,96.429,96.437,96.429,13
2014-10-09 21:52:00,2014-10-09 21:53:00,96.405,96.402,96.405,96.398,96.429,96.435,96.435,96.427,27
2014-10-09 21:53:00,2014-10-09 21:54:00,96.402,96.391,96.402,96.388,96.435,96.421,96.434,96.42,24
2014-10-09 21:54:00,2014-10-09 21:55:00,96.391,96.385,96.389,96.38,96.421,96.418,96.421,96.413,16
2014-10-09 21:55:00,2014-10-09 21:56:00,96.385,96.386,96.386,96.385,96.418,96.418,96.418,96.416,4
2014-10-09 21:56:00,2014-10-09 21:57:00,96.386,96.39,96.39,96.385,96.418,96.421,96.421,96.418,7
2014-10-09 21:57:00,2014-10-09 21:58:00,96.39,96.39,96.39,96.384,96.421,96.422,96.423,96.413,28
2014-10-09 21:58:00,2014-10-09 21:59:00,96.39,96.393,96.393,96.389,96.422,96.423,96.423,96.421,5
2014-10-09 21:59:00,2014-10-09 22:00:00,96.393,96.387,96.394,96.387,96.423,96.423,96.427,96.415,53
2014-10-09 22:00:00,2014-10-09 22:01:00,96.387,96.402,96.404,96.388,96.423,96.437,96.437,96.419,36
2014-10-09 22:01:00,2014-10-09 22:02:00,96.402,96.387,96.404,96.386,96.437,96.417,96.437,96.415,57
2014-10-09 22:02:00,2014-10-09 22:03:00,96.387,96.407,96.407,96.387,96.417,96.437,96.437,96.418,23
2014-10-09 22:03:00,2014-10-09 22:04:00,96.407,96.402,96.407,96.399,96.437,96.433,96.437,96.428,22
2014-10-09 22:04:00,2014-10-09 22:05:00,96.402,96.403,96.407,96.402,96.433,96.434,96.434,96.432,13
2014-10-09 22:05:00,2014-10-09 22:06:00,96.403,96.412,96.415,96.404,96.434,96.441,96.445,96.434,21
2014-10-09 22:06:00,2014-10-09 22:07:00,96.412,96.413,96.422,96.413,96.441,96.444,96.453,96.441,14
2014-10-09 22:07:00,2014-10-09 22:08:00,96.413,96.42,96.42,96.406,96.444,96.449,96.45,96.435,33
2014-10-09 22:08:00,2014-10-09 22:09:00,96.42,96.407,96.421,96.406,96.449,96.433,96.449,96.427,34
2014-10-09 22:09:00,2014-10-09 22:10:00,96.407,96.38,96.407,96.379,96.433,96.412,96.433,96.412,92
2014-10-09 22:10:00,2014-10-09 22:11:00,96.38,96.385,96.385,96.38,96.412,96.418,96.42,96.403,33
2014-10-09 22:11:00,2014-10-09 22:12:00,96.385,96.401,96.402,96.385,96.418,96.432,96.435,96.416,50
2014-10-09 22:12:00,2014-10-09 22:13:00,96.401,96.41,96.412,96.4,96.432,96.441,96.445,96.429,47
2014-10-09 22:13:00,2014-10-09 22:14:00,96.41,96.421,96.424,96.409,96.441,96.457,96.46,96.438,110
2014-10-09 22:14:00,2014-10-09 22:15:00,96.421,96.436,96.44,96.417,96.457,96.469,96.473,96.449,86
2014-10-09 22:15:00,2014-10-09 22:16:00,96.436,96.431,96.437,96.424,96.469,96.463,96.47,96.457,94
2014-10-09 22:16:00,2014-10-09 22:17:00,96.431,96.42,96.43,96.42,96.463,96.453,96.463,96.452,45
2014-10-09 22:17:00,2014-10-09 22:18:00,96.42,96.418,96.42,96.405,96.453,96.444,96.451,96.435,65
2014-10-09 22:18:00,2014-10-09 22:19:00,96.418,96.413,96.418,96.413,96.444,96.441,96.446,96.44,20
2014-10-09 22:19:00,2014-10-09 22:20:00,96.413,96.405,96.417,96.404,96.441,96.436,96.446,96.434,35
2014-10-09 22:20:00,2014-10-09 22:21:00,96.405,96.415,96.416,96.405,96.436,96.44,96.441,96.434,26
2014-10-09 22:21:00,2014-10-09 22:22:00,96.415,96.41,96.413,96.41,96.44,96.435,96.44,96.435,11
2014-10-09 22:22:00,2014-10-09 22:23:00,96.41,96.406,96.407,96.402,96.435,96.436,96.436,96.433,12
2014-10-09 22:23:00,2014-10-09 22:24:00,96.406,96.404,96.409,96.397,96.436,96.437,96.444,96.429,30
2014-10-09 22:24:00,2014-10-09 22:25:00,96.404,96.409,96.41,96.401,96.437,96.443,96.443,96.435,33
2014-10-09 22:25:00,2014-10-09 22:26:00,96.409,96.421,96.424,96.406,96.443,96.454,96.459,96.441,46
2014-10-09 22:26:00,2014-10-09 22:27:00,96.421,96.421,96.423,96.419,96.454,96.455,96.455,96.453,12
2014-10-09 22:27:00,2014-10-09 22:28:00,96.421,96.422,96.422,96.408,96.455,96.453,96.456,96.441,45
2014-10-09 22:28:00,2014-10-09 22:29:00,96.422,96.424,96.43,96.42,96.453,96.455,96.46,96.451,26
2014-10-09 22:29:00,2014-10-09 22:30:00,96.424,96.446,96.446,96.422,96.455,96.477,96.477,96.453,24
2014-10-09 22:30:00,2014-10-09 22:31:00,96.446,96.449,96.457,96.434,96.477,96.477,96.488,96.464,43
2014-10-09 22:31:00,2014-10-09 22:32:00,96.449,96.429,96.448,96.429,96.477,96.459,96.477,96.458,75
2014-10-09 22:32:00,2014-10-09 22:33:00,96.429,96.445,96.453,96.432,96.459,96.476,96.484,96.459,66
2014-10-09 22:33:00,2014-10-09 22:34:00,96.445,96.437,96.445,96.437,96.476,96.468,96.475,96.468,9
2014-10-09 22:34:00,2014-10-09 22:35:00,96.437,96.431,96.437,96.431,96.468,96.461,96.465,96.461,17
2014-10-09 22:35:00,2014-10-09 22:36:00,96.431,96.443,96.451,96.427,96.461,96.473,96.479,96.457,63
2014-10-09 22:36:00,2014-10-09 22:37:00,96.443,96.448,96.456,96.445,96.473,96.479,96.486,96.473,46
2014-10-09 22:37:00,2014-10-09 22:38:00,96.448,96.455,96.455,96.444,96.479,96.482,96.482,96.475,10
2014-10-09 22:38:00,2014-10-09 22:39:00,96.455,96.457,96.458,96.448,96.482,96.488,96.489,96.479,35
2014-10-09 22:39:00,2014-10-09 22:40:00,96.457,96.453,96.46,96.45,96.488,96.483,96.488,96.48,20
2014-10-09 22:40:00,2014-10-09 22:41:00,96.453,96.461,96.462,96.455,96.483,96.492,96.492,96.483,20
2014-10-09 22:41:00,2014-10-09 22:42:00,96.461,96.48,96.484,96.461,96.492,96.509,96.515,96.492,46
2014-10-09 22:42:00,2014-10-09 22:43:00,96.48,96.47,96.48,96.462,96.509,96.494,96.508,96.49,32
2014-10-09 22:43:00,2014-10-09 22:44:00,96.47,96.478,96.484,96.465,96.494,96.507,96.514,96.491,39
2014-10-09 22:44:00,2014-10-09 22:45:00,96.478,96.48,96.483,96.478,96.507,96.509,96.514,96.507,37
2014-10-09 22:45:00,2014-10-09 22:46:00,96.48,96.482,96.482,96.48,96.509,96.51,96.51,96.509,15
2014-10-09 22:46:00,2014-10-09 22:47:00,96.482,96.465,96.482,96.465,96.51,96.495,96.511,96.495,19
2014-10-09 22:47:00,2014-10-09 22:48:00,96.465,96.471,96.471,96.467,96.495,96.5,96.5,96.495,12
2014-10-09 22:48:00,2014-10-09 22:49:00,96.471,96.479,96.481,96.471,96.5,96.509,96.509,96.5,24
2014-10-09 22:49:00,2014-10-09 22:50:00,96.479,96.476,96.482,96.476,96.509,96.506,96.513,96.504,24
2014-10-09 22:50:00,2014-10-09 22:51:00,96.476,96.465,96.475,96.465,96.506,96.495,96.506,96.495,11
2014-10-09 22:51:00,2014-10-09 22:52:00,96.465,96.458,96.466,96.458,96.495,96.487,96.496,96.487,16
2014-10-09 22:52:00,2014-10-09 22:53:00,96.458,96.45,96.458,96.45,96.487,96.481,96.488,96.48,8
2014-10-09 22:53:00,2014-10-09 22:54:00,96.45,96.456,96.456,96.45,96.481,96.485,96.487,96.48,11
2014-10-09 22:54:00,2014-10-09 22:55:00,96.456,96.455,96.456,96.454,96.485,96.485,96.485,96.483,5
2014-10-09 22:55:00,2014-10-09 22:56:00,96.455,96.434,96.456,96.434,96.485,96.464,96.485,96.464,34
2014-10-09 22:56:00,2014-10-09 22:57:00,96.434,96.442,96.442,96.431,96.464,96.469,96.47,96.461,38
2014-10-09 22:57:00,2014-10-09 22:58:00,96.442,96.454,96.454,96.442,96.469,96.484,96.484,96.468,27
2014-10-09 22:58:00,2014-10-09 22:59:00,96.454,96.447,96.454,96.447,96.484,96.472,96.484,96.472,30
2014-10-09 22:59:00,2014-10-09 23:00:00,96.447,96.445,96.456,96.442,96.472,96.475,96.486,96.469,72
2014-10-09 23:00:00,2014-10-09 23:01:00,96.445,96.46,96.462,96.442,96.475,96.488,96.489,96.47,178
2014-10-09 23:01:00,2014-10-09 23:02:00,96.46,96.455,96.462,96.455,96.488,96.483,96.49,96.482,50
2014-10-09 23:02:00,2014-10-09 23:03:00,96.455,96.447,96.455,96.446,96.483,96.474,96.481,96.473,12
2014-10-09 23:03:00,2014-10-09 23:04:00,96.447,96.457,96.458,96.447,96.474,96.488,96.488,96.474,55
2014-10-09 23:04:00,2014-10-09 23:05:00,96.457,96.457,96.457,96.45,96.488,96.487,96.488,96.481,31
2014-10-09 23:05:00,2014-10-09 23:06:00,96.457,96.452,96.461,96.452,96.487,96.479,96.487,96.479,13
2014-10-09 23:06:00,2014-10-09 23:07:00,96.452,96.446,96.454,96.446,96.479,96.474,96.481,96.474,20
2014-10-09 23:07:00,2014-10-09 23:08:00,96.446,96.447,96.45,96.446,96.474,96.475,96.478,96.473,21
2014-10-09 23:08:00,2014-10-09 23:09:00,96.447,96.451,96.454,96.447,96.475,96.477,96.484,96.475,26
2014-10-09 23:09:00,2014-10-09 23:10:00,96.451,96.428,96.451,96.428,96.477,96.457,96.478,96.453,52
2014-10-09 23:10:00,2014-10-09 23:11:00,96.428,96.42,96.431,96.42,96.457,96.45,96.458,96.449,39
2014-10-09 23:11:00,2014-10-09 23:12:00,96.42,96.418,96.42,96.407,96.45,96.444,96.448,96.433,46
2014-10-09 23:12:00,2014-10-09 23:13:00,96.418,96.435,96.439,96.418,96.444,96.465,96.469,96.444,34
2014-10-09 23:13:00,2014-10-09 23:14:00,96.435,96.436,96.439,96.435,96.465,96.464,96.469,96.461,22
2014-10-09 23:14:00,2014-10-09 23:15:00,96.436,96.442,96.442,96.438,96.464,96.47,96.471,96.464,19
2014-10-09 23:15:00,2014-10-09 23:16:00,96.442,96.434,96.451,96.433,96.47,96.463,96.479,96.46,45
2014-10-09 23:16:00,2014-10-09 23:17:00,96.434,96.429,96.435,96.429,96.463,96.458,96.463,96.458,18
2014-10-09 23:17:00,2014-10-09 23:18:00,96.429,96.439,96.439,96.429,96.458,96.466,96.467,96.455,41
2014-10-09 23:18:00,2014-10-09 23:19:00,96.439,96.436,96.439,96.436,96.466,96.464,96.467,96.463,23
2014-10-09 23:19:00,2014-10-09 23:20:00,96.436,96.438,96.438,96.436,96.464,96.467,96.467,96.463,9
2014-10-09 23:20:00,2014-10-09 23:21:00,96.438,96.439,96.441,96.439,96.467,96.466,96.471,96.466,11
2014-10-09 23:21:00,2014-10-09 23:22:00,96.439,96.439,96.439,96.435,96.466,96.467,96.467,96.465,8
2014-10-09 23:22:00,2014-10-09 23:23:00,96.439,96.439,96.439,96.438,96.467,96.467,96.469,96.467,6
2014-10-09 23:23:00,2014-10-09 23:24:00,96.439,96.433,96.441,96.43,96.467,96.461,96.468,96.454,47
2014-10-09 23:24:00,2014-10-09 23:25:00,96.433,96.442,96.445,96.433,96.461,96.469,96.472,96.459,39
2014-10-09 23:25:00,2014-10-09 23:26:00,96.442,96.428,96.441,96.424,96.469,96.456,96.469,96.451,38
2014-10-09 23:26:00,2014-10-09 23:27:00,96.428,96.403,96.428,96.403,96.456,96.433,96.455,96.431,103
2014-10-09 23:27:00,2014-10-09 23:28:00,96.403,96.414,96.415,96.403,96.433,96.443,96.445,96.432,81
2014-10-09 23:28:00,2014-10-09 23:29:00,96.414,96.423,96.423,96.416,96.443,96.45,96.451,96.443,19
2014-10-09 23:29:00,2014-10-09 23:30:00,96.423,96.455,96.46,96.423,96.45,96.48,96.489,96.451,118
2014-10-09 23:30:00,2014-10-09 23:31:00,96.455,96.451,96.455,96.447,96.48,96.479,96.479,96.474,36
2014-10-09 23:31:00,2014-10-09 23:32:00,96.451,96.441,96.449,96.435,96.479,96.466,96.478,96.455,92
2014-10-09 23:32:00,2014-10-09 23:33:00,96.441,96.432,96.441,96.429,96.466,96.455,96.464,96.454,32
2014-10-09 23:33:00,2014-10-09 23:34:00,96.432,96.429,96.432,96.425,96.455,96.455,96.456,96.45,23
2014-10-09 23:34:00,2014-10-09 23:35:00,96.429,96.436,96.441,96.429,96.455,96.459,96.466,96.454,77
2014-10-09 23:35:00,2014-10-09 23:36:00,96.436,96.435,96.436,96.431,96.459,96.458,96.458,96.455,17
2014-10-09 23:36:00,2014-10-09 23:37:00,96.435,96.44,96.442,96.436,96.458,96.466,96.466,96.458,18
2014-10-09 23:37:00,2014-10-09 23:38:00,96.44,96.429,96.44,96.429,96.466,96.455,96.467,96.455,35
2014-10-09 23:38:00,2014-10-09 23:39:00,96.429,96.431,96.433,96.429,96.455,96.457,96.459,96.449,25
2014-10-09 23:39:00,2014-10-09 23:40:00,96.431,96.426,96.435,96.426,96.457,96.451,96.463,96.451,59
2014-10-09 23:40:00,2014-10-09 23:41:00,96.426,96.431,96.437,96.424,96.451,96.459,96.461,96.451,59
2014-10-09 23:41:00,2014-10-09 23:42:00,96.431,96.439,96.442,96.434,96.459,96.464,96.466,96.457,68
2014-10-09 23:42:00,2014-10-09 23:43:00,96.439,96.433,96.439,96.433,96.464,96.458,96.464,96.458,24
2014-10-09 23:43:00,2014-10-09 23:44:00,96.433,96.434,96.434,96.43,96.458,96.457,96.459,96.454,63
2014-10-09 23:44:00,2014-10-09 23:45:00,96.434,96.446,96.446,96.429,96.457,96.475,96.475,96.452,123
2014-10-09 23:45:00,2014-10-09 23:46:00,96.446,96.449,96.451,96.44,96.475,96.476,96.478,96.467,38
2014-10-09 23:46:00,2014-10-09 23:47:00,96.449,96.436,96.451,96.434,96.476,96.463,96.476,96.461,33
2014-10-09 23:47:00,2014-10-09 23:48:00,96.436,96.428,96.437,96.425,96.463,96.454,96.464,96.451,30
2014-10-09 23:48:00,2014-10-09 23:49:00,96.428,96.428,96.428,96.425,96.454,96.455,96.455,96.452,16
2014-10-09 23:49:00,2014-10-09 23:50:00,96.428,96.447,96.448,96.428,96.455,96.475,96.477,96.455,48
2014-10-09 23:50:00,2014-10-09 23:51:00,96.447,96.435,96.447,96.435,96.475,96.466,96.48,96.463,47
2014-10-09 23:51:00,2014-10-09 23:52:00,96.435,96.431,96.435,96.43,96.466,96.456,96.465,96.456,43
2014-10-09 23:52:00,2014-10-09 23:53:00,96.431,96.416,96.432,96.415,96.456,96.444,96.459,96.443,59
2014-10-09 23:53:00,2014-10-09 23:54:00,96.416,96.411,96.417,96.404,96.444,96.439,96.445,96.432,61
2014-10-09 23:54:00,2014-10-09 23:55:00,96.411,96.421,96.428,96.41,96.439,96.448,96.455,96.439,73
2014-10-09 23:55:00,2014-10-09 23:56:00,96.421,96.416,96.423,96.416,96.448,96.443,96.449,96.443,21
2014-10-09 23:56:00,2014-10-09 23:57:00,96.416,96.411,96.42,96.411,96.443,96.436,96.446,96.436,21
2014-10-09 23:57:00,2014-10-09 23:58:00,96.411,96.411,96.415,96.407,96.436,96.434,96.44,96.431,66
2014-10-09 23:58:00,2014-10-09 23:59:00,96.411,96.415,96.416,96.411,96.434,96.44,96.44,96.434,47
2014-10-09 23:59:00,2014-10-10 00:00:00,96.415,96.435,96.444,96.415,96.44,96.465,96.472,96.44,185
2014-10-10 00:00:00,2014-10-10 00:01:00,96.435,96.442,96.445,96.436,96.465,96.469,96.472,96.463,68
2014-10-10 00:01:00,2014-10-10 00:02:00,96.442,96.442,96.445,96.436,96.469,96.469,96.473,96.464,78
2014-10-10 00:02:00,2014-10-10 00:03:00,96.442,96.448,96.457,96.442,96.469,96.474,96.484,96.468,153
2014-10-10 00:03:00,2014-10-10 00:04:00,96.448,96.446,96.449,96.444,96.474,96.476,96.479,96.472,42
2014-10-10 00:04:00,2014-10-10 00:05:00,96.446,96.452,96.455,96.446,96.476,96.48,96.484,96.475,92
2014-10-10 00:05:00,2014-10-10 00:06:00,96.452,96.471,96.474,96.451,96.48,96.501,96.504,96.48,210
2014-10-10 00:06:00,2014-10-10 00:07:00,96.471,96.475,96.475,96.463,96.501,96.505,96.505,96.493,142
2014-10-10 00:07:00,2014-10-10 00:08:00,96.475,96.455,96.476,96.454,96.505,96.483,96.504,96.483,93
2014-10-10 00:08:00,2014-10-10 00:09:00,96.455,96.424,96.455,96.423,96.483,96.451,96.484,96.45,134
2014-10-10 00:09:00,2014-10-10 00:10:00,96.424,96.337,96.423,96.329,96.451,96.367,96.45,96.362,663
2014-10-10 00:10:00,2014-10-10 00:11:00,96.337,96.356,96.372,96.335,96.367,96.384,96.405,96.366,536
2014-10-10 00:11:00,2014-10-10 00:12:00,96.356,96.341,96.37,96.337,96.384,96.37,96.398,96.36,288
2014-10-10 00:12:00,2014-10-10 00:13:00,96.341,96.314,96.342,96.297,96.37,96.347,96.371,96.327,364
2014-10-10 00:13:00,2014-10-10 00:14:00,96.314,96.313,96.334,96.295,96.347,96.347,96.368,96.332,493
2014-10-10 00:14:00,2014-10-10 00:15:00,96.313,96.324,96.33,96.309,96.347,96.354,96.358,96.337,245
2014-10-10 00:15:00,2014-10-10 00:16:00,96.324,96.325,96.331,96.311,96.354,96.353,96.358,96.338,205
2014-10-10 00:16:00,2014-10-10 00:17:00,96.325,96.328,96.335,96.316,96.353,96.357,96.365,96.344,267
2014-10-10 00:17:00,2014-10-10 00:18:00,96.328,96.338,96.344,96.323,96.357,96.365,96.369,96.35,234
2014-10-10 00:18:00,2014-10-10 00:19:00,96.338,96.333,96.338,96.322,96.365,96.36,96.367,96.349,160
2014-10-10 00:19:00,2014-10-10 00:20:00,96.333,96.338,96.343,96.328,96.36,96.36,96.369,96.352,230
2014-10-10 00:20:00,2014-10-10 00:21:00,96.338,96.36,96.363,96.331,96.36,96.389,96.393,96.357,306
2014-10-10 00:21:00,2014-10-10 00:22:00,96.36,96.399,96.403,96.355,96.389,96.427,96.429,96.385,373
2014-10-10 00:22:00,2014-10-10 00:23:00,96.399,96.4,96.413,96.395,96.427,96.428,96.445,96.425,244
2014-10-10 00:23:00,2014-10-10 00:24:00,96.4,96.418,96.425,96.4,96.428,96.448,96.453,96.426,131
2014-10-10 00:24:00,2014-10-10 00:25:00,96.418,96.418,96.42,96.406,96.448,96.446,96.449,96.435,106
2014-10-10 00:25:00,2014-10-10 00:26:00,96.418,96.424,96.432,96.414,96.446,96.45,96.457,96.443,86
2014-10-10 00:26:00,2014-10-10 00:27:00,96.424,96.442,96.442,96.426,96.45,96.474,96.474,96.45,86
2014-10-10 00:27:00,2014-10-10 00:28:00,96.442,96.437,96.442,96.436,96.474,96.466,96.474,96.466,41
2014-10-10 00:28:00,2014-10-10 00:29:00,96.437,96.439,96.449,96.431,96.466,96.467,96.478,96.458,158
2014-10-10 00:29:00,2014-10-10 00:30:00,96.439,96.423,96.439,96.406,96.467,96.45,96.467,96.435,199
2014-10-10 00:30:00,2014-10-10 00:31:00,96.423,96.425,96.426,96.41,96.45,96.452,96.455,96.434,124
2014-10-10 00:31:00,2014-10-10 00:32:00,96.425,96.404,96.425,96.396,96.452,96.431,96.451,96.423,226
2014-10-10 00:32:00,2014-10-10 00:33:00,96.404,96.38,96.411,96.377,96.431,96.407,96.438,96.405,129
2014-10-10 00:33:00,2014-10-10 00:34:00,96.38,96.356,96.383,96.356,96.407,96.384,96.409,96.384,209
2014-10-10 00:34:00,2014-10-10 00:35:00,96.356,96.353,96.371,96.351,96.384,96.381,96.397,96.379,141
2014-10-10 00:35:00,2014-10-10 00:36:00,96.353,96.34,96.355,96.332,96.381,96.366,96.381,96.359,135
2014-10-10 00:36:00,2014-10-10 00:37:00,96.34,96.343,96.35,96.336,96.366,96.37,96.377,96.365,223
2014-10-10 00:37:00,2014-10-10 00:38:00,96.343,96.367,96.369,96.34,96.37,96.393,96.399,96.367,185
2014-10-10 00:38:00,2014-10-10 00:39:00,96.367,96.381,96.381,96.361,96.393,96.409,96.409,96.39,114
2014-10-10 00:39:00,2014-10-10 00:40:00,96.381,96.385,96.395,96.38,96.409,96.412,96.422,96.408,217
2014-10-10 00:40:00,2014-10-10 00:41:00,96.385,96.367,96.385,96.363,96.412,96.396,96.411,96.388,116
2014-10-10 00:41:00,2014-10-10 00:42:00,96.367,96.386,96.397,96.361,96.396,96.415,96.425,96.388,258
2014-10-10 00:42:00,2014-10-10 00:43:00,96.386,96.4,96.4,96.381,96.415,96.43,96.43,96.411,166
2014-10-10 00:43:00,2014-10-10 00:44:00,96.4,96.39,96.4,96.39,96.43,96.416,96.43,96.416,47
2014-10-10 00:44:00,2014-10-10 00:45:00,96.39,96.381,96.39,96.38,96.416,96.411,96.42,96.409,131
2014-10-10 00:45:00,2014-10-10 00:46:00,96.381,96.372,96.387,96.37,96.411,96.399,96.415,96.396,141
2014-10-10 00:46:00,2014-10-10 00:47:00,96.372,96.389,96.392,96.371,96.399,96.419,96.42,96.399,121
2014-10-10 00:47:00,2014-10-10 00:48:00,96.389,96.376,96.396,96.373,96.419,96.405,96.425,96.4,134
2014-10-10 00:48:00,2014-10-10 00:49:00,96.376,96.377,96.388,96.374,96.405,96.404,96.416,96.401,123
2014-10-10 00:49:00,2014-10-10 00:50:00,96.377,96.37,96.382,96.365,96.404,96.397,96.412,96.392,158
2014-10-10 00:50:00,2014-10-10 00:51:00,96.37,96.343,96.373,96.341,96.397,96.37,96.403,96.368,307
2014-10-10 00:51:00,2014-10-10 00:52:00,96.343,96.37,96.372,96.333,96.37,96.399,96.4,96.363,331
2014-10-10 00:52:00,2014-10-10 00:53:00,96.37,96.355,96.376,96.355,96.399,96.384,96.406,96.38,223
2014-10-10 00:53:00,2014-10-10 00:54:00,96.355,96.318,96.361,96.317,96.384,96.352,96.388,96.348,329
2014-10-10 00:54:00,2014-10-10 00:55:00,96.318,96.329,96.329,96.295,96.352,96.361,96.361,96.326,361
2014-10-10 00:55:00,2014-10-10 00:56:00,96.329,96.285,96.334,96.285,96.361,96.314,96.361,96.314,377
2014-10-10 00:56:00,2014-10-10 00:57:00,96.285,96.279,96.293,96.267,96.314,96.309,96.322,96.295,329
2014-10-10 00:57:00,2014-10-10 00:58:00,96.279,96.3,96.314,96.278,96.309,96.327,96.342,96.306,337
2014-10-10 00:58:00,2014-10-10 00:59:00,96.3,96.321,96.323,96.295,96.327,96.348,96.351,96.321,151
2014-10-10 00:59:00,2014-10-10 01:00:00,96.321,96.336,96.34,96.321,96.348,96.364,96.367,96.349,243
2014-10-10 01:00:00,2014-10-10 01:01:00,96.336,96.341,96.349,96.328,96.364,96.371,96.379,96.361,206
2014-10-10 01:01:00,2014-10-10 01:02:00,96.341,96.318,96.353,96.316,96.371,96.347,96.378,96.344,216
2014-10-10 01:02:00,2014-10-10 01:03:00,96.318,96.31,96.328,96.303,96.347,96.339,96.351,96.329,129
2014-10-10 01:03:00,2014-10-10 01:04:00,96.31,96.313,96.329,96.302,96.339,96.341,96.358,96.331,207
2014-10-10 01:04:00,2014-10-10 01:05:00,96.313,96.333,96.344,96.31,96.341,96.359,96.376,96.339,158
2014-10-10 01:05:00,2014-10-10 01:06:00,96.333,96.323,96.336,96.321,96.359,96.351,96.366,96.349,125
2014-10-10 01:06:00,2014-10-10 01:07:00,96.323,96.316,96.323,96.302,96.351,96.343,96.35,96.328,254
2014-10-10 01:07:00,2014-10-10 01:08:00,96.316,96.327,96.327,96.305,96.343,96.356,96.356,96.329,103
2014-10-10 01:08:00,2014-10-10 01:09:00,96.327,96.308,96.329,96.292,96.356,96.339,96.359,96.32,213
2014-10-10 01:09:00,2014-10-10 01:10:00,96.308,96.256,96.309,96.246,96.339,96.282,96.339,96.275,237
2014-10-10 01:10:00,2014-10-10 01:11:00,96.256,96.264,96.285,96.25,96.282,96.293,96.318,96.274,222
2014-10-10 01:11:00,2014-10-10 01:12:00,96.264,96.27,96.27,96.251,96.293,96.295,96.298,96.28,202
2014-10-10 01:12:00,2014-10-10 01:13:00,96.27,96.258,96.277,96.258,96.295,96.287,96.305,96.282,89
2014-10-10 01:13:00,2014-10-10 01:14:00,96.258,96.252,96.268,96.245,96.287,96.279,96.295,96.275,257
2014-10-10 01:14:00,2014-10-10 01:15:00,96.252,96.256,96.266,96.246,96.279,96.283,96.294,96.272,153
2014-10-10 01:15:00,2014-10-10 01:16:00,96.256,96.248,96.264,96.248,96.283,96.275,96.291,96.274,216
2014-10-10 01:16:00,2014-10-10 01:17:00,96.248,96.258,96.268,96.246,96.275,96.284,96.295,96.273,206
2014-10-10 01:17:00,2014-10-10 01:18:00,96.258,96.258,96.271,96.249,96.284,96.284,96.296,96.274,187
2014-10-10 01:18:00,2014-10-10 01:19:00,96.258,96.245,96.261,96.245,96.284,96.272,96.288,96.269,101
2014-10-10 01:19:00,2014-10-10 01:20:00,96.245,96.232,96.256,96.231,96.272,96.259,96.282,96.258,122
2014-10-10 01:20:00,2014-10-10 01:21:00,96.232,96.214,96.239,96.208,96.259,96.244,96.266,96.236,127
2014-10-10 01:21:00,2014-10-10 01:22:00,96.214,96.201,96.219,96.199,96.244,96.229,96.245,96.227,160
2014-10-10 01:22:00,2014-10-10 01:23:00,96.201,96.167,96.205,96.165,96.229,96.201,96.232,96.197,236
2014-10-10 01:23:00,2014-10-10 01:24:00,96.167,96.184,96.187,96.166,96.201,96.214,96.214,96.197,100
2014-10-10 01:24:00,2014-10-10 01:25:00,96.184,96.192,96.194,96.178,96.214,96.219,96.221,96.202,131
2014-10-10 01:25:00,2014-10-10 01:26:00,96.192,96.169,96.191,96.153,96.219,96.204,96.218,96.182,172
2014-10-10 01:26:00,2014-10-10 01:27:00,96.169,96.188,96.194,96.17,96.204,96.219,96.221,96.203,102
2014-10-10 01:27:00,2014-10-10 01:28:00,96.188,96.202,96.202,96.175,96.219,96.232,96.232,96.206,150
2014-10-10 01:28:00,2014-10-10 01:29:00,96.202,96.205,96.207,96.191,96.232,96.232,96.235,96.221,123
2014-10-10 01:29:00,2014-10-10 01:30:00,96.205,96.176,96.211,96.176,96.232,96.206,96.238,96.206,130
2014-10-10 01:30:00,2014-10-10 01:31:00,96.176,96.17,96.179,96.157,96.206,96.199,96.209,96.186,218
2014-10-10 01:31:00,2014-10-10 01:32:00,96.17,96.174,96.181,96.164,96.199,96.204,96.208,96.195,181
2014-10-10 01:32:00,2014-10-10 01:33:00,96.174,96.192,96.194,96.168,96.204,96.223,96.224,96.197,109
2014-10-10 01:33:00,2014-10-10 01:34:00,96.192,96.2,96.208,96.188,96.223,96.229,96.236,96.219,64
2014-10-10 01:34:00,2014-10-10 01:35:00,96.2,96.208,96.217,96.2,96.229,96.235,96.249,96.229,184
2014-10-10 01:35:00,2014-10-10 01:36:00,96.208,96.2,96.209,96.2,96.235,96.228,96.238,96.226,96
2014-10-10 01:36:00,2014-10-10 01:37:00,96.2,96.22,96.222,96.199,96.228,96.251,96.252,96.227,75
2014-10-10 01:37:00,2014-10-10 01:38:00,96.22,96.229,96.235,96.219,96.251,96.256,96.259,96.25,73
2014-10-10 01:38:00,2014-10-10 01:39:00,96.229,96.218,96.238,96.217,96.256,96.244,96.265,96.244,101
2014-10-10 01:39:00,2014-10-10 01:40:00,96.218,96.228,96.228,96.213,96.244,96.253,96.253,96.242,75
2014-10-10 01:40:00,2014-10-10 01:41:00,96.228,96.221,96.23,96.218,96.253,96.25,96.257,96.247,40
2014-10-10 01:41:00,2014-10-10 01:42:00,96.221,96.223,96.228,96.218,96.25,96.247,96.257,96.243,80
2014-10-10 01:42:00,2014-10-10 01:43:00,96.223,96.22,96.234,96.22,96.247,96.247,96.255,96.245,119
2014-10-10 01:43:00,2014-10-10 01:44:00,96.22,96.227,96.227,96.206,96.247,96.258,96.258,96.234,168
2014-10-10 01:44:00,2014-10-10 01:45:00,96.227,96.21,96.228,96.2,96.258,96.239,96.259,96.232,182
2014-10-10 01:45:00,2014-10-10 01:46:00,96.21,96.209,96.219,96.2,96.239,96.239,96.249,96.23,157
2014-10-10 01:46:00,2014-10-10 01:47:00,96.209,96.201,96.228,96.201,96.239,96.228,96.254,96.227,180
2014-10-10 01:47:00,2014-10-10 01:48:00,96.201,96.228,96.232,96.201,96.228,96.255,96.26,96.229,256
2014-10-10 01:48:00,2014-10-10 01:49:00,96.228,96.247,96.252,96.228,96.255,96.275,96.282,96.256,229
2014-10-10 01:49:00,2014-10-10 01:50:00,96.247,96.262,96.27,96.245,96.275,96.29,96.297,96.272,232
2014-10-10 01:50:00,2014-10-10 01:51:00,96.262,96.249,96.269,96.249,96.29,96.273,96.293,96.273,163
2014-10-10 01:51:00,2014-10-10 01:52:00,96.249,96.258,96.262,96.247,96.273,96.285,96.288,96.272,96
2014-10-10 01:52:00,2014-10-10 01:53:00,96.258,96.296,96.297,96.257,96.285,96.324,96.324,96.284,354
2014-10-10 01:53:00,2014-10-10 01:54:00,96.296,96.293,96.303,96.283,96.324,96.32,96.33,96.31,169
2014-10-10 01:54:00,2014-10-10 01:55:00,96.293,96.294,96.3,96.287,96.32,96.321,96.328,96.311,187
2014-10-10 01:55:00,2014-10-10 01:56:00,96.294,96.294,96.297,96.283,96.321,96.322,96.325,96.31,151
2014-10-10 01:56:00,2014-10-10 01:57:00,96.294,96.302,96.302,96.281,96.322,96.329,96.331,96.31,139
2014-10-10 01:57:00,2014-10-10 01:58:00,96.302,96.276,96.302,96.275,96.329,96.304,96.332,96.302,153
2014-10-10 01:58:00,2014-10-10 01:59:00,96.276,96.277,96.283,96.266,96.304,96.305,96.309,96.292,171
2014-10-10 01:59:00,2014-10-10 02:00:00,96.277,96.278,96.28,96.259,96.305,96.307,96.308,96.287,181
2014-10-10 02:00:00,2014-10-10 02:01:00,96.278,96.283,96.291,96.272,96.307,96.31,96.318,96.302,158
2014-10-10 02:01:00,2014-10-10 02:02:00,96.283,96.286,96.291,96.282,96.31,96.312,96.317,96.309,79
2014-10-10 02:02:00,2014-10-10 02:03:00,96.286,96.287,96.305,96.286,96.312,96.314,96.328,96.313,95
2014-10-10 02:03:00,2014-10-10 02:04:00,96.287,96.283,96.289,96.276,96.314,96.31,96.315,96.303,124
2014-10-10 02:04:00,2014-10-10 02:05:00,96.283,96.281,96.292,96.279,96.31,96.305,96.319,96.305,132
2014-10-10 02:05:00,2014-10-10 02:06:00,96.281,96.28,96.289,96.277,96.305,96.309,96.318,96.304,117
2014-10-10 02:06:00,2014-10-10 02:07:00,96.28,96.274,96.281,96.272,96.309,96.302,96.311,96.3,39
2014-10-10 02:07:00,2014-10-10 02:08:00,96.274,96.262,96.284,96.262,96.302,96.292,96.313,96.291,129
2014-10-10 02:08:00,2014-10-10 02:09:00,96.262,96.264,96.266,96.259,96.292,96.292,96.294,96.288,46
2014-10-10 02:09:00,2014-10-10 02:10:00,96.264,96.267,96.271,96.264,96.292,96.294,96.297,96.289,37
2014-10-10 02:10:00,2014-10-10 02:11:00,96.267,96.275,96.275,96.266,96.294,96.299,96.299,96.293,21
2014-10-10 02:11:00,2014-10-10 02:12:00,96.275,96.271,96.272,96.271,96.299,96.297,96.299,96.294,19
2014-10-10 02:12:00,2014-10-10 02:13:00,96.271,96.271,96.274,96.271,96.297,96.293,96.298,96.293,29
2014-10-10 02:13:00,2014-10-10 02:14:00,96.271,96.273,96.277,96.267,96.293,96.298,96.302,96.294,32
2014-10-10 02:14:00,2014-10-10 02:15:00,96.273,96.263,96.28,96.263,96.298,96.291,96.305,96.289,39
2014-10-10 02:15:00,2014-10-10 02:16:00,96.263,96.256,96.265,96.25,96.291,96.281,96.292,96.277,75
2014-10-10 02:16:00,2014-10-10 02:17:00,96.256,96.255,96.257,96.245,96.281,96.282,96.285,96.272,109
2014-10-10 02:17:00,2014-10-10 02:18:00,96.255,96.265,96.273,96.254,96.282,96.291,96.301,96.281,75
2014-10-10 02:18:00,2014-10-10 02:19:00,96.265,96.261,96.277,96.259,96.291,96.288,96.303,96.286,154
2014-10-10 02:19:00,2014-10-10 02:20:00,96.261,96.273,96.278,96.261,96.288,96.301,96.306,96.288,124
2014-10-10 02:20:00,2014-10-10 02:21:00,96.273,96.27,96.291,96.262,96.301,96.298,96.317,96.29,149
2014-10-10 02:21:00,2014-10-10 02:22:00,96.27,96.257,96.27,96.247,96.298,96.286,96.298,96.276,196
2014-10-10 02:22:00,2014-10-10 02:23:00,96.257,96.259,96.268,96.257,96.286,96.286,96.296,96.285,80
2014-10-10 02:23:00,2014-10-10 02:24:00,96.259,96.282,96.287,96.257,96.286,96.309,96.314,96.286,210
2014-10-10 02:24:00,2014-10-10 02:25:00,96.282,96.285,96.29,96.283,96.309,96.312,96.315,96.309,71
2014-10-10 02:25:00,2014-10-10 02:26:00,96.285,96.278,96.285,96.278,96.312,96.303,96.311,96.302,53
2014-10-10 02:26:00,2014-10-10 02:27:00,96.278,96.282,96.283,96.279,96.303,96.306,96.307,96.301,24
2014-10-10 02:27:00,2014-10-10 02:28:00,96.282,96.29,96.29,96.279,96.306,96.315,96.316,96.303,122
2014-10-10 02:28:00,2014-10-10 02:29:00,96.29,96.281,96.29,96.281,96.315,96.306,96.315,96.304,80
2014-10-10 02:29:00,2014-10-10 02:30:00,96.281,96.284,96.285,96.281,96.306,96.309,96.311,96.305,58
2014-10-10 02:30:00,2014-10-10 02:31:00,96.284,96.275,96.284,96.272,96.309,96.299,96.31,96.297,97
2014-10-10 02:31:00,2014-10-10 02:32:00,96.275,96.267,96.275,96.266,96.299,96.29,96.298,96.29,61
2014-10-10 02:32:00,2014-10-10 02:33:00,96.267,96.272,96.277,96.267,96.29,96.302,96.306,96.291,127
2014-10-10 02:33:00,2014-10-10 02:34:00,96.272,96.296,96.3,96.272,96.302,96.322,96.322,96.299,166
2014-10-10 02:34:00,2014-10-10 02:35:00,96.296,96.299,96.305,96.294,96.322,96.326,96.33,96.32,128
2014-10-10 02:35:00,2014-10-10 02:36:00,96.299,96.296,96.305,96.292,96.326,96.324,96.33,96.321,153
2014-10-10 02:36:00,2014-10-10 02:37:00,96.296,96.293,96.302,96.293,96.324,96.32,96.331,96.32,86
2014-10-10 02:37:00,2014-10-10 02:38:00,96.293,96.3,96.301,96.292,96.32,96.329,96.329,96.317,42
2014-10-10 02:38:00,2014-10-10 02:39:00,96.3,96.303,96.308,96.299,96.329,96.33,96.337,96.326,114
2014-10-10 02:39:00,2014-10-10 02:40:00,96.303,96.306,96.308,96.298,96.33,96.333,96.333,96.325,70
2014-10-10 02:40:00,2014-10-10 02:41:00,96.306,96.31,96.312,96.303,96.333,96.334,96.338,96.33,41
2014-10-10 02:41:00,2014-10-10 02:42:00,96.31,96.305,96.318,96.302,96.334,96.331,96.341,96.328,219
2014-10-10 02:42:00,2014-10-10 02:43:00,96.305,96.32,96.324,96.305,96.331,96.347,96.347,96.332,146
2014-10-10 02:43:00,2014-10-10 02:44:00,96.32,96.323,96.325,96.32,96.347,96.35,96.351,96.347,19
2014-10-10 02:44:00,2014-10-10 02:45:00,96.323,96.355,96.379,96.322,96.35,96.385,96.407,96.349,461
2014-10-10 02:45:00,2014-10-10 02:46:00,96.355,96.367,96.371,96.345,96.385,96.395,96.398,96.373,218
2014-10-10 02:46:00,2014-10-10 02:47:00,96.367,96.367,96.37,96.349,96.395,96.394,96.397,96.376,190
2014-10-10 02:47:00,2014-10-10 02:48:00,96.367,96.358,96.367,96.358,96.394,96.384,96.393,96.384,70
2014-10-10 02:48:00,2014-10-10 02:49:00,96.358,96.372,96.372,96.354,96.384,96.399,96.399,96.38,149
2014-10-10 02:49:00,2014-10-10 02:50:00,96.372,96.353,96.372,96.35,96.399,96.38,96.398,96.376,201
2014-10-10 02:50:00,2014-10-10 02:51:00,96.353,96.353,96.359,96.352,96.38,96.38,96.386,96.378,65
2014-10-10 02:51:00,2014-10-10 02:52:00,96.353,96.349,96.362,96.347,96.38,96.376,96.387,96.375,83
2014-10-10 02:52:00,2014-10-10 02:53:00,96.349,96.348,96.359,96.347,96.376,96.375,96.384,96.374,113
2014-10-10 02:53:00,2014-10-10 02:54:00,96.348,96.352,96.356,96.349,96.375,96.379,96.382,96.375,72
2014-10-10 02:54:00,2014-10-10 02:55:00,96.352,96.353,96.355,96.347,96.379,96.379,96.379,96.372,45
2014-10-10 02:55:00,2014-10-10 02:56:00,96.353,96.362,96.362,96.351,96.379,96.389,96.389,96.378,38
2014-10-10 02:56:00,2014-10-10 02:57:00,96.362,96.353,96.362,96.349,96.389,96.38,96.388,96.376,110
2014-10-10 02:57:00,2014-10-10 02:58:00,96.353,96.344,96.354,96.344,96.38,96.37,96.381,96.37,39
2014-10-10 02:58:00,2014-10-10 02:59:00,96.344,96.34,96.344,96.325,96.37,96.367,96.368,96.352,83
2014-10-10 02:59:00,2014-10-10 03:00:00,96.34,96.335,96.342,96.332,96.367,96.361,96.37,96.359,101
2014-10-10 03:00:00,2014-10-10 03:01:00,96.335,96.333,96.342,96.332,96.361,96.36,96.368,96.359,46
2014-10-10 03:01:00,2014-10-10 03:02:00,96.333,96.331,96.336,96.323,96.36,96.357,96.361,96.35,112
2014-10-10 03:02:00,2014-10-10 03:03:00,96.331,96.335,96.338,96.32,96.357,96.364,96.364,96.348,75
2014-10-10 03:03:00,2014-10-10 03:04:00,96.335,96.327,96.34,96.327,96.364,96.355,96.364,96.354,54
2014-10-10 03:04:00,2014-10-10 03:05:00,96.327,96.325,96.329,96.316,96.355,96.352,96.355,96.343,102
2014-10-10 03:05:00,2014-10-10 03:06:00,96.325,96.326,96.327,96.321,96.352,96.349,96.355,96.347,53
2014-10-10 03:06:00,2014-10-10 03:07:00,96.326,96.325,96.329,96.325,96.349,96.352,96.352,96.349,14
2014-10-10 03:07:00,2014-10-10 03:08:00,96.325,96.335,96.336,96.322,96.352,96.362,96.362,96.349,66
2014-10-10 03:08:00,2014-10-10 03:09:00,96.335,96.326,96.339,96.326,96.362,96.35,96.363,96.35,62
2014-10-10 03:09:00,2014-10-10 03:10:00,96.326,96.323,96.326,96.322,96.35,96.346,96.352,96.346,10
2014-10-10 03:10:00,2014-10-10 03:11:00,96.323,96.325,96.325,96.32,96.346,96.346,96.346,96.342,18
2014-10-10 03:11:00,2014-10-10 03:12:00,96.325,96.327,96.332,96.323,96.346,96.35,96.35,96.346,23
2014-10-10 03:12:00,2014-10-10 03:13:00,96.327,96.324,96.332,96.324,96.35,96.35,96.35,96.348,23
2014-10-10 03:13:00,2014-10-10 03:14:00,96.324,96.324,96.33,96.321,96.35,96.346,96.353,96.346,32
2014-10-10 03:14:00,2014-10-10 03:15:00,96.324,96.324,96.331,96.322,96.346,96.349,96.356,96.346,60
2014-10-10 03:15:00,2014-10-10 03:16:00,96.324,96.324,96.339,96.321,96.349,96.347,96.358,96.346,73
2014-10-10 03:16:00,2014-10-10 03:17:00,96.324,96.314,96.332,96.307,96.347,96.339,96.352,96.332,91
2014-10-10 03:17:00,2014-10-10 03:18:00,96.314,96.309,96.319,96.305,96.339,96.335,96.342,96.332,48
2014-10-10 03:18:00,2014-10-10 03:19:00,96.309,96.32,96.322,96.299,96.335,96.348,96.349,96.324,165
2014-10-10 03:19:00,2014-10-10 03:20:00,96.32,96.323,96.326,96.316,96.348,96.35,96.35,96.344,59
2014-10-10 03:20:00,2014-10-10 03:21:00,96.323,96.311,96.324,96.311,96.35,96.338,96.35,96.338,21
2014-10-10 03:21:00,2014-10-10 03:22:00,96.311,96.311,96.313,96.31,96.338,96.337,96.339,96.335,15
2014-10-10 03:22:00,2014-10-10 03:23:00,96.311,96.294,96.313,96.294,96.337,96.325,96.339,96.322,163
2014-10-10 03:23:00,2014-10-10 03:24:00,96.294,96.305,96.306,96.295,96.325,96.331,96.331,96.322,46
2014-10-10 03:24:00,2014-10-10 03:25:00,96.305,96.303,96.305,96.296,96.331,96.328,96.332,96.322,55
2014-10-10 03:25:00,2014-10-10 03:26:00,96.303,96.307,96.308,96.3,96.328,96.332,96.333,96.328,23
2014-10-10 03:26:00,2014-10-10 03:27:00,96.307,96.312,96.317,96.308,96.332,96.341,96.341,96.332,49
2014-10-10 03:27:00,2014-10-10 03:28:00,96.312,96.302,96.316,96.302,96.341,96.329,96.341,96.328,39
2014-10-10 03:28:00,2014-10-10 03:29:00,96.302,96.292,96.302,96.285,96.329,96.317,96.329,96.315,68
2014-10-10 03:29:00,2014-10-10 03:30:00,96.292,96.304,96.309,96.288,96.317,96.331,96.334,96.314,107
2014-10-10 03:30:00,2014-10-10 03:31:00,96.304,96.308,96.316,96.305,96.331,96.331,96.34,96.329,70
2014-10-10 03:31:00,2014-10-10 03:32:00,96.308,96.31,96.31,96.302,96.331,96.333,96.337,96.324,73
2014-10-10 03:32:00,2014-10-10 03:33:00,96.31,96.315,96.321,96.309,96.333,96.339,96.346,96.333,95
2014-10-10 03:33:00,2014-10-10 03:34:00,96.315,96.311,96.316,96.305,96.339,96.338,96.343,96.329,147
2014-10-10 03:34:00,2014-10-10 03:35:00,96.311,96.314,96.315,96.313,96.338,96.339,96.34,96.338,8
2014-10-10 03:35:00,2014-10-10 03:36:00,96.314,96.3,96.314,96.295,96.339,96.328,96.34,96.321,138
2014-10-10 03:36:00,2014-10-10 03:37:00,96.3,96.271,96.3,96.269,96.328,96.295,96.326,96.292,193
2014-10-10 03:37:00,2014-10-10 03:38:00,96.271,96.268,96.28,96.261,96.295,96.295,96.307,96.287,184
2014-10-10 03:38:00,2014-10-10 03:39:00,96.268,96.293,96.294,96.269,96.295,96.32,96.32,96.295,125
2014-10-10 03:39:00,2014-10-10 03:40:00,96.293,96.306,96.306,96.281,96.32,96.336,96.336,96.31,233
2014-10-10 03:40:00,2014-10-10 03:41:00,96.306,96.306,96.31,96.3,96.336,96.334,96.335,96.327,59
2014-10-10 03:41:00,2014-10-10 03:42:00,96.306,96.294,96.305,96.292,96.334,96.323,96.334,96.321,100
2014-10-10 03:42:00,2014-10-10 03:43:00,96.294,96.287,96.294,96.281,96.323,96.317,96.323,96.31,72
2014-10-10 03:43:00,2014-10-10 03:44:00,96.287,96.282,96.294,96.282,96.317,96.312,96.321,96.31,33
2014-10-10 03:44:00,2014-10-10 03:45:00,96.282,96.303,96.304,96.283,96.312,96.331,96.337,96.312,117
2014-10-10 03:45:00,2014-10-10 03:46:00,96.303,96.29,96.308,96.29,96.331,96.319,96.333,96.315,150
2014-10-10 03:46:00,2014-10-10 03:47:00,96.29,96.297,96.301,96.284,96.319,96.322,96.329,96.311,138
2014-10-10 03:47:00,2014-10-10 03:48:00,96.297,96.297,96.302,96.294,96.322,96.32,96.329,96.32,59
2014-10-10 03:48:00,2014-10-10 03:49:00,96.297,96.295,96.296,96.289,96.32,96.319,96.32,96.313,52
2014-10-10 03:49:00,2014-10-10 03:50:00,96.295,96.284,96.297,96.284,96.319,96.31,96.32,96.31,81
2014-10-10 03:50:00,2014-10-10 03:51:00,96.284,96.282,96.285,96.275,96.31,96.312,96.312,96.302,56
2014-10-10 03:51:00,2014-10-10 03:52:00,96.282,96.297,96.298,96.273,96.312,96.327,96.327,96.303,103
2014-10-10 03:52:00,2014-10-10 03:53:00,96.297,96.318,96.328,96.298,96.327,96.347,96.356,96.323,152
2014-10-10 03:53:00,2014-10-10 03:54:00,96.318,96.329,96.329,96.318,96.347,96.354,96.355,96.346,41
2014-10-10 03:54:00,2014-10-10 03:55:00,96.329,96.32,96.329,96.315,96.354,96.343,96.353,96.34,35
2014-10-10 03:55:00,2014-10-10 03:56:00,96.32,96.302,96.32,96.3,96.343,96.325,96.344,96.324,112
2014-10-10 03:56:00,2014-10-10 03:57:00,96.302,96.302,96.312,96.302,96.325,96.326,96.337,96.324,89
2014-10-10 03:57:00,2014-10-10 03:58:00,96.302,96.309,96.312,96.3,96.326,96.33,96.334,96.322,38
2014-10-10 03:58:00,2014-10-10 03:59:00,96.309,96.312,96.315,96.306,96.33,96.342,96.342,96.329,22
2014-10-10 03:59:00,2014-10-10 04:00:00,96.312,96.302,96.312,96.302,96.342,96.332,96.341,96.331,28
2014-10-10 04:00:00,2014-10-10 04:01:00,96.302,96.299,96.309,96.299,96.332,96.327,96.336,96.323,57
2014-10-10 04:01:00,2014-10-10 04:02:00,96.299,96.3,96.3,96.296,96.327,96.324,96.328,96.322,29
2014-10-10 04:02:00,2014-10-10 04:03:00,96.3,96.306,96.311,96.296,96.324,96.332,96.338,96.323,96
2014-10-10 04:03:00,2014-10-10 04:04:00,96.306,96.308,96.314,96.303,96.332,96.331,96.342,96.327,114
2014-10-10 04:04:00,2014-10-10 04:05:00,96.308,96.301,96.308,96.301,96.331,96.328,96.333,96.328,15
2014-10-10 04:05:00,2014-10-10 04:06:00,96.301,96.306,96.306,96.298,96.328,96.333,96.334,96.325,59
2014-10-10 04:06:00,2014-10-10 04:07:00,96.306,96.31,96.312,96.301,96.333,96.339,96.339,96.328,59
2014-10-10 04:07:00,2014-10-10 04:08:00,96.31,96.304,96.312,96.295,96.339,96.333,96.339,96.323,82
2014-10-10 04:08:00,2014-10-10 04:09:00,96.304,96.31,96.315,96.304,96.333,96.337,96.343,96.334,54
2014-10-10 04:09:00,2014-10-10 04:10:00,96.31,96.31,96.323,96.308,96.337,96.339,96.35,96.336,72
2014-10-10 04:10:00,2014-10-10 04:11:00,96.31,96.328,96.329,96.309,96.339,96.358,96.358,96.337,55
2014-10-10 04:11:00,2014-10-10 04:12:00,96.328,96.339,96.339,96.325,96.358,96.365,96.365,96.354,33
2014-10-10 04:12:00,2014-10-10 04:13:00,96.339,96.34,96.342,96.329,96.365,96.366,96.366,96.357,38
2014-10-10 04:13:00,2014-10-10 04:14:00,96.34,96.35,96.351,96.338,96.366,96.376,96.378,96.365,38
2014-10-10 04:14:00,2014-10-10 04:15:00,96.35,96.339,96.35,96.336,96.376,96.367,96.377,96.363,37
2014-10-10 04:15:00,2014-10-10 04:16:00,96.339,96.329,96.343,96.329,96.367,96.36,96.369,96.358,95
2014-10-10 04:16:00,2014-10-10 04:17:00,96.329,96.326,96.331,96.326,96.36,96.355,96.36,96.355,21
2014-10-10 04:17:00,2014-10-10 04:18:00,96.326,96.344,96.347,96.327,96.355,96.371,96.373,96.355,188
2014-10-10 04:18:00,2014-10-10 04:19:00,96.344,96.344,96.346,96.34,96.371,96.371,96.373,96.367,86
2014-10-10 04:19:00,2014-10-10 04:20:00,96.344,96.339,96.346,96.336,96.371,96.367,96.373,96.363,44
2014-10-10 04:20:00,2014-10-10 04:21:00,96.339,96.337,96.339,96.33,96.367,96.364,96.366,96.355,54
2014-10-10 04:21:00,2014-10-10 04:22:00,96.337,96.328,96.337,96.328,96.364,96.355,96.364,96.352,50
2014-10-10 04:22:00,2014-10-10 04:23:00,96.328,96.331,96.331,96.318,96.355,96.357,96.357,96.345,85
2014-10-10 04:23:00,2014-10-10 04:24:00,96.331,96.311,96.33,96.309,96.357,96.336,96.358,96.335,224
2014-10-10 04:24:00,2014-10-10 04:25:00,96.311,96.326,96.329,96.307,96.336,96.353,96.356,96.332,98
2014-10-10 04:25:00,2014-10-10 04:26:00,96.326,96.324,96.33,96.324,96.353,96.351,96.355,96.351,22
2014-10-10 04:26:00,2014-10-10 04:27:00,96.324,96.323,96.325,96.314,96.351,96.35,96.351,96.339,84
2014-10-10 04:27:00,2014-10-10 04:28:00,96.323,96.323,96.324,96.316,96.35,96.35,96.351,96.341,61
2014-10-10 04:28:00,2014-10-10 04:29:00,96.323,96.325,96.325,96.316,96.35,96.352,96.352,96.343,57
2014-10-10 04:29:00,2014-10-10 04:30:00,96.325,96.326,96.328,96.324,96.352,96.353,96.354,96.352,8
2014-10-10 04:30:00,2014-10-10 04:31:00,96.326,96.317,96.326,96.317,96.353,96.344,96.352,96.344,35
2014-10-10 04:31:00,2014-10-10 04:32:00,96.317,96.332,96.334,96.318,96.344,96.358,96.358,96.344,26
2014-10-10 04:32:00,2014-10-10 04:33:00,96.332,96.311,96.332,96.31,96.358,96.338,96.357,96.336,79
2014-10-10 04:33:00,2014-10-10 04:34:00,96.311,96.301,96.313,96.298,96.338,96.329,96.34,96.326,58
2014-10-10 04:34:00,2014-10-10 04:35:00,96.301,96.302,96.308,96.301,96.329,96.329,96.337,96.328,23
2014-10-10 04:35:00,2014-10-10 04:36:00,96.302,96.302,96.302,96.293,96.329,96.331,96.331,96.32,47
2014-10-10 04:36:00,2014-10-10 04:37:00,96.302,96.291,96.308,96.291,96.331,96.315,96.336,96.312,36
2014-10-10 04:37:00,2014-10-10 04:38:00,96.291,96.284,96.294,96.284,96.315,96.312,96.322,96.312,55
2014-10-10 04:38:00,2014-10-10 04:39:00,96.284,96.283,96.292,96.278,96.312,96.31,96.32,96.305,63
2014-10-10 04:39:00,2014-10-10 04:40:00,96.283,96.282,96.292,96.282,96.31,96.307,96.318,96.307,29
2014-10-10 04:40:00,2014-10-10 04:41:00,96.282,96.274,96.282,96.274,96.307,96.301,96.309,96.301,23
2014-10-10 04:41:00,2014-10-10 04:42:00,96.274,96.269,96.281,96.265,96.301,96.298,96.308,96.292,87
2014-10-10 04:42:00,2014-10-10 04:43:00,96.269,96.282,96.282,96.265,96.298,96.308,96.309,96.292,109
2014-10-10 04:43:00,2014-10-10 04:44:00,96.282,96.283,96.285,96.272,96.308,96.311,96.312,96.292,98
2014-10-10 04:44:00,2014-10-10 04:45:00,96.283,96.295,96.3,96.283,96.311,96.321,96.33,96.312,59
2014-10-10 04:45:00,2014-10-10 04:46:00,96.295,96.316,96.317,96.295,96.321,96.345,96.345,96.32,76
2014-10-10 04:46:00,2014-10-10 04:47:00,96.316,96.317,96.324,96.314,96.345,96.344,96.353,96.344,155
2014-10-10 04:47:00,2014-10-10 04:48:00,96.317,96.316,96.322,96.316,96.344,96.342,96.351,96.342,81
2014-10-10 04:48:00,2014-10-10 04:49:00,96.316,96.318,96.322,96.312,96.342,96.346,96.35,96.337,49
2014-10-10 04:49:00,2014-10-10 04:50:00,96.318,96.292,96.318,96.292,96.346,96.318,96.341,96.318,68
2014-10-10 04:50:00,2014-10-10 04:51:00,96.292,96.296,96.302,96.29,96.318,96.322,96.33,96.317,67
2014-10-10 04:51:00,2014-10-10 04:52:00,96.296,96.294,96.296,96.294,96.322,96.321,96.324,96.321,6
2014-10-10 04:52:00,2014-10-10 04:53:00,96.294,96.308,96.319,96.292,96.321,96.338,96.35,96.317,147
2014-10-10 04:53:00,2014-10-10 04:54:00,96.308,96.315,96.315,96.307,96.338,96.34,96.34,96.333,21
2014-10-10 04:54:00,2014-10-10 04:55:00,96.315,96.303,96.315,96.303,96.34,96.331,96.339,96.331,41
2014-10-10 04:55:00,2014-10-10 04:56:00,96.303,96.295,96.305,96.294,96.331,96.318,96.331,96.318,64
2014-10-10 04:56:00,2014-10-10 04:57:00,96.295,96.295,96.299,96.286,96.318,96.322,96.322,96.314,67
2014-10-10 04:57:00,2014-10-10 04:58:00,96.295,96.296,96.313,96.295,96.322,96.326,96.342,96.322,73
2014-10-10 04:58:00,2014-10-10 04:59:00,96.296,96.307,96.307,96.297,96.326,96.336,96.337,96.326,76
2014-10-10 04:59:00,2014-10-10 05:00:00,96.307,96.309,96.309,96.299,96.336,96.339,96.339,96.33,53
2014-10-10 05:00:00,2014-10-10 05:01:00,96.309,96.316,96.316,96.301,96.339,96.347,96.347,96.33,72
2014-10-10 05:01:00,2014-10-10 05:02:00,96.316,96.315,96.323,96.314,96.347,96.345,96.354,96.344,98
2014-10-10 05:02:00,2014-10-10 05:03:00,96.315,96.314,96.321,96.307,96.345,96.343,96.351,96.337,99
2014-10-10 05:03:00,2014-10-10 05:04:00,96.314,96.317,96.317,96.307,96.343,96.346,96.346,96.335,99
2014-10-10 05:04:00,2014-10-10 05:05:00,96.317,96.308,96.32,96.308,96.346,96.336,96.349,96.335,47
2014-10-10 05:05:00,2014-10-10 05:06:00,96.308,96.311,96.311,96.308,96.336,96.338,96.339,96.337,16
2014-10-10 05:06:00,2014-10-10 05:07:00,96.311,96.328,96.33,96.311,96.338,96.358,96.358,96.338,100
2014-10-10 05:07:00,2014-10-10 05:08:00,96.328,96.347,96.351,96.33,96.358,96.378,96.382,96.358,147
2014-10-10 05:08:00,2014-10-10 05:09:00,96.347,96.331,96.348,96.328,96.378,96.358,96.378,96.355,56
2014-10-10 05:09:00,2014-10-10 05:10:00,96.331,96.33,96.334,96.33,96.358,96.358,96.362,96.358,18
2014-10-10 05:10:00,2014-10-10 05:11:00,96.33,96.325,96.33,96.324,96.358,96.354,96.356,96.353,13
2014-10-10 05:11:00,2014-10-10 05:12:00,96.325,96.313,96.327,96.309,96.354,96.339,96.355,96.337,60
2014-10-10 05:12:00,2014-10-10 05:13:00,96.313,96.311,96.315,96.304,96.339,96.337,96.343,96.332,47
2014-10-10 05:13:00,2014-10-10 05:14:00,96.311,96.302,96.313,96.293,96.337,96.329,96.339,96.32,131
2014-10-10 05:14:00,2014-10-10 05:15:00,96.302,96.289,96.302,96.28,96.329,96.318,96.329,96.308,232
2014-10-10 05:15:00,2014-10-10 05:16:00,96.289,96.274,96.288,96.273,96.318,96.301,96.318,96.301,73
2014-10-10 05:16:00,2014-10-10 05:17:00,96.274,96.262,96.283,96.26,96.301,96.291,96.309,96.287,171
2014-10-10 05:17:00,2014-10-10 05:18:00,96.262,96.272,96.277,96.263,96.291,96.299,96.305,96.291,164
2014-10-10 05:18:00,2014-10-10 05:19:00,96.272,96.267,96.275,96.264,96.299,96.295,96.302,96.29,137
2014-10-10 05:19:00,2014-10-10 05:20:00,96.267,96.263,96.268,96.256,96.295,96.29,96.294,96.283,90
2014-10-10 05:20:00,2014-10-10 05:21:00,96.263,96.255,96.262,96.251,96.29,96.282,96.287,96.279,45
2014-10-10 05:21:00,2014-10-10 05:22:00,96.255,96.253,96.255,96.251,96.282,96.281,96.281,96.276,26
2014-10-10 05:22:00,2014-10-10 05:23:00,96.253,96.273,96.279,96.254,96.281,96.3,96.303,96.281,118
2014-10-10 05:23:00,2014-10-10 05:24:00,96.273,96.278,96.287,96.273,96.3,96.306,96.313,96.298,102
2014-10-10 05:24:00,2014-10-10 05:25:00,96.278,96.27,96.284,96.269,96.306,96.296,96.312,96.296,78
2014-10-10 05:25:00,2014-10-10 05:26:00,96.27,96.257,96.274,96.254,96.296,96.288,96.301,96.285,164
2014-10-10 05:26:00,2014-10-10 05:27:00,96.257,96.263,96.265,96.251,96.288,96.292,96.292,96.28,121
2014-10-10 05:27:00,2014-10-10 05:28:00,96.263,96.248,96.263,96.235,96.292,96.276,96.291,96.264,255
2014-10-10 05:28:00,2014-10-10 05:29:00,96.248,96.246,96.26,96.244,96.276,96.276,96.287,96.27,213
2014-10-10 05:29:00,2014-10-10 05:30:00,96.246,96.246,96.253,96.244,96.276,96.276,96.281,96.274,99
2014-10-10 05:30:00,2014-10-10 05:31:00,96.246,96.242,96.253,96.235,96.276,96.268,96.28,96.265,155
2014-10-10 05:31:00,2014-10-10 05:32:00,96.242,96.247,96.254,96.235,96.268,96.274,96.28,96.259,143
2014-10-10 05:32:00,2014-10-10 05:33:00,96.247,96.246,96.251,96.239,96.274,96.271,96.281,96.266,63
2014-10-10 05:33:00,2014-10-10 05:34:00,96.246,96.243,96.248,96.235,96.271,96.271,96.277,96.264,78
2014-10-10 05:34:00,2014-10-10 05:35:00,96.243,96.246,96.246,96.243,96.271,96.275,96.276,96.272,14
2014-10-10 05:35:00,2014-10-10 05:36:00,96.246,96.236,96.246,96.236,96.275,96.266,96.275,96.263,86
2014-10-10 05:36:00,2014-10-10 05:37:00,96.236,96.25,96.258,96.237,96.266,96.277,96.284,96.266,136
2014-10-10 05:37:00,2014-10-10 05:38:00,96.25,96.258,96.261,96.25,96.277,96.285,96.288,96.278,45
2014-10-10 05:38:00,2014-10-10 05:39:00,96.258,96.267,96.267,96.258,96.285,96.294,96.295,96.283,70
2014-10-10 05:39:00,2014-10-10 05:40:00,96.267,96.274,96.274,96.267,96.294,96.302,96.302,96.29,44
2014-10-10 05:40:00,2014-10-10 05:41:00,96.274,96.273,96.276,96.268,96.302,96.3,96.303,96.295,27
2014-10-10 05:41:00,2014-10-10 05:42:00,96.273,96.274,96.276,96.267,96.3,96.302,96.303,96.293,85
2014-10-10 05:42:00,2014-10-10 05:43:00,96.274,96.266,96.285,96.266,96.302,96.295,96.312,96.295,178
2014-10-10 05:43:00,2014-10-10 05:44:00,96.266,96.264,96.267,96.256,96.295,96.294,96.295,96.286,56
2014-10-10 05:44:00,2014-10-10 05:45:00,96.264,96.258,96.268,96.256,96.294,96.288,96.296,96.285,81
2014-10-10 05:45:00,2014-10-10 05:46:00,96.258,96.266,96.268,96.259,96.288,96.295,96.297,96.288,25
2014-10-10 05:46:00,2014-10-10 05:47:00,96.266,96.282,96.282,96.268,96.295,96.312,96.312,96.295,33
2014-10-10 05:47:00,2014-10-10 05:48:00,96.282,96.279,96.282,96.278,96.312,96.308,96.312,96.308,14
2014-10-10 05:48:00,2014-10-10 05:49:00,96.279,96.282,96.282,96.28,96.308,96.311,96.312,96.308,15
2014-10-10 05:49:00,2014-10-10 05:50:00,96.282,96.292,96.292,96.28,96.311,96.322,96.322,96.309,66
2014-10-10 05:50:00,2014-10-10 05:51:00,96.292,96.296,96.303,96.292,96.322,96.324,96.33,96.317,142
2014-10-10 05:51:00,2014-10-10 05:52:00,96.296,96.308,96.318,96.298,96.324,96.335,96.344,96.324,139
2014-10-10 05:52:00,2014-10-10 05:53:00,96.308,96.316,96.318,96.308,96.335,96.345,96.345,96.335,110
2014-10-10 05:53:00,2014-10-10 05:54:00,96.316,96.316,96.317,96.314,96.345,96.345,96.345,96.34,67
2014-10-10 05:54:00,2014-10-10 05:55:00,96.316,96.28,96.316,96.278,96.345,96.308,96.344,96.308,186
2014-10-10 05:55:00,2014-10-10 05:56:00,96.28,96.286,96.287,96.278,96.308,96.315,96.316,96.308,21
2014-10-10 05:56:00,2014-10-10 05:57:00,96.286,96.272,96.286,96.271,96.315,96.301,96.314,96.301,68
2014-10-10 05:57:00,2014-10-10 05:58:00,96.272,96.289,96.289,96.266,96.301,96.316,96.317,96.294,141
2014-10-10 05:58:00,2014-10-10 05:59:00,96.289,96.28,96.295,96.278,96.316,96.309,96.321,96.309,179
2014-10-10 05:59:00,2014-10-10 06:00:00,96.28,96.3,96.302,96.28,96.309,96.328,96.333,96.307,139
2014-10-10 06:00:00,2014-10-10 06:01:00,96.3,96.279,96.301,96.276,96.328,96.309,96.328,96.305,123
2014-10-10 06:01:00,2014-10-10 06:02:00,96.279,96.283,96.288,96.262,96.309,96.311,96.315,96.29,236
2014-10-10 06:02:00,2014-10-10 06:03:00,96.283,96.309,96.31,96.283,96.311,96.34,96.34,96.312,111
2014-10-10 06:03:00,2014-10-10 06:04:00,96.309,96.315,96.326,96.305,96.34,96.343,96.354,96.334,102
2014-10-10 06:04:00,2014-10-10 06:05:00,96.315,96.325,96.332,96.316,96.343,96.352,96.358,96.343,84
2014-10-10 06:05:00,2014-10-10 06:06:00,96.325,96.309,96.331,96.3,96.352,96.337,96.355,96.324,163
2014-10-10 06:06:00,2014-10-10 06:07:00,96.309,96.321,96.321,96.305,96.337,96.345,96.345,96.33,146
2014-10-10 06:07:00,2014-10-10 06:08:00,96.321,96.318,96.326,96.311,96.345,96.342,96.351,96.337,149
2014-10-10 06:08:00,2014-10-10 06:09:00,96.318,96.308,96.318,96.292,96.342,96.337,96.342,96.318,144
2014-10-10 06:09:00,2014-10-10 06:10:00,96.308,96.282,96.319,96.282,96.337,96.313,96.348,96.313,187
2014-10-10 06:10:00,2014-10-10 06:11:00,96.282,96.29,96.297,96.283,96.313,96.318,96.324,96.313,85
2014-10-10 06:11:00,2014-10-10 06:12:00,96.29,96.301,96.311,96.289,96.318,96.33,96.337,96.317,165
2014-10-10 06:12:00,2014-10-10 06:13:00,96.301,96.298,96.319,96.294,96.33,96.325,96.343,96.319,246
2014-10-10 06:13:00,2014-10-10 06:14:00,96.298,96.299,96.305,96.292,96.325,96.326,96.334,96.316,80
2014-10-10 06:14:00,2014-10-10 06:15:00,96.299,96.275,96.3,96.27,96.326,96.301,96.328,96.298,135
2014-10-10 06:15:00,2014-10-10 06:16:00,96.275,96.283,96.303,96.27,96.301,96.309,96.329,96.295,158
2014-10-10 06:16:00,2014-10-10 06:17:00,96.283,96.291,96.298,96.277,96.309,96.32,96.325,96.302,103
2014-10-10 06:17:00,2014-10-10 06:18:00,96.291,96.283,96.301,96.272,96.32,96.311,96.325,96.298,181
2014-10-10 06:18:00,2014-10-10 06:19:00,96.283,96.292,96.298,96.265,96.311,96.317,96.323,96.292,203
2014-10-10 06:19:00,2014-10-10 06:20:00,96.292,96.294,96.299,96.288,96.317,96.317,96.321,96.313,129
2014-10-10 06:20:00,2014-10-10 06:21:00,96.294,96.297,96.307,96.287,96.317,96.324,96.33,96.314,113
2014-10-10 06:21:00,2014-10-10 06:22:00,96.297,96.296,96.304,96.296,96.324,96.324,96.328,96.321,38
2014-10-10 06:22:00,2014-10-10 06:23:00,96.296,96.282,96.296,96.282,96.324,96.309,96.321,96.309,67
2014-10-10 06:23:00,2014-10-10 06:24:00,96.282,96.296,96.301,96.273,96.309,96.322,96.328,96.301,185
2014-10-10 06:24:00,2014-10-10 06:25:00,96.296,96.299,96.307,96.294,96.322,96.323,96.33,96.319,99
2014-10-10 06:25:00,2014-10-10 06:26:00,96.299,96.295,96.309,96.293,96.323,96.321,96.334,96.318,72
2014-10-10 06:26:00,2014-10-10 06:27:00,96.295,96.293,96.3,96.292,96.321,96.318,96.325,96.317,54
2014-10-10 06:27:00,2014-10-10 06:28:00,96.293,96.291,96.301,96.291,96.318,96.32,96.327,96.319,38
2014-10-10 06:28:00,2014-10-10 06:29:00,96.291,96.28,96.29,96.272,96.32,96.307,96.32,96.301,113
2014-10-10 06:29:00,2014-10-10 06:30:00,96.28,96.292,96.293,96.271,96.307,96.314,96.314,96.293,88
2014-10-10 06:30:00,2014-10-10 06:31:00,96.292,96.288,96.296,96.287,96.314,96.316,96.32,96.309,44
2014-10-10 06:31:00,2014-10-10 06:32:00,96.288,96.278,96.287,96.273,96.316,96.306,96.317,96.301,100
2014-10-10 06:32:00,2014-10-10 06:33:00,96.278,96.278,96.28,96.268,96.306,96.304,96.305,96.293,51
2014-10-10 06:33:00,2014-10-10 06:34:00,96.278,96.279,96.29,96.276,96.304,96.304,96.315,96.302,113
2014-10-10 06:34:00,2014-10-10 06:35:00,96.279,96.267,96.279,96.265,96.304,96.291,96.304,96.291,77
2014-10-10 06:35:00,2014-10-10 06:36:00,96.267,96.26,96.277,96.255,96.291,96.285,96.303,96.281,142
2014-10-10 06:36:00,2014-10-10 06:37:00,96.26,96.246,96.267,96.243,96.285,96.272,96.291,96.27,166
2014-10-10 06:37:00,2014-10-10 06:38:00,96.246,96.245,96.262,96.245,96.272,96.27,96.288,96.27,178
2014-10-10 06:38:00,2014-10-10 06:39:00,96.245,96.246,96.259,96.239,96.27,96.272,96.285,96.269,100
2014-10-10 06:39:00,2014-10-10 06:40:00,96.246,96.231,96.246,96.23,96.272,96.258,96.271,96.254,121
2014-10-10 06:40:00,2014-10-10 06:41:00,96.231,96.245,96.248,96.232,96.258,96.274,96.276,96.258,137
2014-10-10 06:41:00,2014-10-10 06:42:00,96.245,96.25,96.256,96.243,96.274,96.277,96.283,96.271,85
2014-10-10 06:42:00,2014-10-10 06:43:00,96.25,96.26,96.261,96.248,96.277,96.287,96.288,96.273,119
2014-10-10 06:43:00,2014-10-10 06:44:00,96.26,96.27,96.274,96.253,96.287,96.294,96.298,96.28,215
2014-10-10 06:44:00,2014-10-10 06:45:00,96.27,96.285,96.299,96.269,96.294,96.311,96.327,96.294,257
2014-10-10 06:45:00,2014-10-10 06:46:00,96.285,96.299,96.299,96.262,96.311,96.326,96.326,96.287,378
2014-10-10 06:46:00,2014-10-10 06:47:00,96.299,96.298,96.307,96.286,96.326,96.324,96.329,96.312,236
2014-10-10 06:47:00,2014-10-10 06:48:00,96.298,96.296,96.298,96.287,96.324,96.323,96.326,96.309,114
2014-10-10 06:48:00,2014-10-10 06:49:00,96.296,96.309,96.318,96.295,96.323,96.339,96.342,96.322,190
2014-10-10 06:49:00,2014-10-10 06:50:00,96.309,96.308,96.315,96.286,96.339,96.333,96.342,96.316,278
2014-10-10 06:50:00,2014-10-10 06:51:00,96.308,96.315,96.32,96.301,96.333,96.34,96.346,96.326,268
2014-10-10 06:51:00,2014-10-10 06:52:00,96.315,96.307,96.321,96.306,96.34,96.331,96.347,96.326,173
2014-10-10 06:52:00,2014-10-10 06:53:00,96.307,96.311,96.322,96.298,96.331,96.337,96.346,96.325,250
2014-10-10 06:53:00,2014-10-10 06:54:00,96.311,96.302,96.311,96.287,96.337,96.329,96.335,96.313,167
2014-10-10 06:54:00,2014-10-10 06:55:00,96.302,96.304,96.306,96.294,96.329,96.33,96.331,96.32,100
2014-10-10 06:55:00,2014-10-10 06:56:00,96.304,96.311,96.321,96.299,96.33,96.339,96.346,96.326,174
2014-10-10 06:56:00,2014-10-10 06:57:00,96.311,96.293,96.314,96.293,96.339,96.32,96.339,96.319,158
2014-10-10 06:57:00,2014-10-10 06:58:00,96.293,96.269,96.301,96.267,96.32,96.303,96.328,96.293,251
2014-10-10 06:58:00,2014-10-10 06:59:00,96.269,96.275,96.28,96.261,96.303,96.303,96.309,96.286,154
2014-10-10 06:59:00,2014-10-10 07:00:00,96.275,96.256,96.275,96.25,96.303,96.283,96.302,96.277,197
2014-10-10 07:00:00,2014-10-10 07:01:00,96.256,96.261,96.274,96.25,96.283,96.29,96.303,96.28,319
2014-10-10 07:01:00,2014-10-10 07:02:00,96.261,96.263,96.277,96.257,96.29,96.289,96.303,96.283,238
2014-10-10 07:02:00,2014-10-10 07:03:00,96.263,96.26,96.266,96.231,96.289,96.287,96.289,96.26,220
2014-10-10 07:03:00,2014-10-10 07:04:00,96.26,96.27,96.273,96.254,96.287,96.299,96.302,96.281,154
2014-10-10 07:04:00,2014-10-10 07:05:00,96.27,96.265,96.291,96.261,96.299,96.292,96.319,96.289,394
2014-10-10 07:05:00,2014-10-10 07:06:00,96.265,96.277,96.285,96.258,96.292,96.302,96.31,96.284,352
2014-10-10 07:06:00,2014-10-10 07:07:00,96.277,96.312,96.312,96.277,96.302,96.339,96.339,96.304,354
2014-10-10 07:07:00,2014-10-10 07:08:00,96.312,96.333,96.338,96.312,96.339,96.363,96.366,96.34,372
2014-10-10 07:08:00,2014-10-10 07:09:00,96.333,96.357,96.357,96.333,96.363,96.384,96.385,96.36,418
2014-10-10 07:09:00,2014-10-10 07:10:00,96.357,96.358,96.363,96.336,96.384,96.387,96.392,96.363,509
2014-10-10 07:10:00,2014-10-10 07:11:00,96.358,96.354,96.367,96.348,96.387,96.383,96.395,96.374,407
2014-10-10 07:11:00,2014-10-10 07:12:00,96.354,96.332,96.353,96.32,96.383,96.362,96.383,96.352,466
2014-10-10 07:12:00,2014-10-10 07:13:00,96.332,96.338,96.353,96.316,96.362,96.368,96.38,96.347,397
2014-10-10 07:13:00,2014-10-10 07:14:00,96.338,96.347,96.349,96.329,96.368,96.377,96.378,96.356,281
2014-10-10 07:14:00,2014-10-10 07:15:00,96.347,96.355,96.362,96.343,96.377,96.382,96.392,96.37,336
2014-10-10 07:15:00,2014-10-10 07:16:00,96.355,96.34,96.358,96.33,96.382,96.369,96.385,96.36,261
2014-10-10 07:16:00,2014-10-10 07:17:00,96.34,96.338,96.349,96.331,96.369,96.368,96.379,96.359,284
2014-10-10 07:17:00,2014-10-10 07:18:00,96.338,96.322,96.343,96.314,96.368,96.346,96.371,96.341,261
2014-10-10 07:18:00,2014-10-10 07:19:00,96.322,96.329,96.338,96.321,96.346,96.355,96.366,96.346,282
2014-10-10 07:19:00,2014-10-10 07:20:00,96.329,96.306,96.332,96.305,96.355,96.335,96.359,96.331,409
2014-10-10 07:20:00,2014-10-10 07:21:00,96.306,96.314,96.323,96.304,96.335,96.341,96.351,96.333,168
2014-10-10 07:21:00,2014-10-10 07:22:00,96.314,96.324,96.334,96.311,96.341,96.353,96.362,96.337,160
2014-10-10 07:22:00,2014-10-10 07:23:00,96.324,96.321,96.328,96.311,96.353,96.348,96.356,96.338,192
2014-10-10 07:23:00,2014-10-10 07:24:00,96.321,96.322,96.332,96.314,96.348,96.349,96.359,96.341,203
2014-10-10 07:24:00,2014-10-10 07:25:00,96.322,96.302,96.322,96.298,96.349,96.329,96.348,96.325,206
2014-10-10 07:25:00,2014-10-10 07:26:00,96.302,96.293,96.313,96.287,96.329,96.321,96.34,96.317,285
2014-10-10 07:26:00,2014-10-10 07:27:00,96.293,96.303,96.319,96.292,96.321,96.328,96.346,96.32,259
2014-10-10 07:27:00,2014-10-10 07:28:00,96.303,96.339,96.346,96.303,96.328,96.368,96.372,96.327,337
2014-10-10 07:28:00,2014-10-10 07:29:00,96.339,96.36,96.369,96.336,96.368,96.384,96.397,96.363,344
2014-10-10 07:29:00,2014-10-10 07:30:00,96.36,96.36,96.371,96.351,96.384,96.387,96.397,96.379,128
2014-10-10 07:30:00,2014-10-10 07:31:00,96.36,96.347,96.363,96.346,96.387,96.373,96.389,96.37,94
2014-10-10 07:31:00,2014-10-10 07:32:00,96.347,96.348,96.359,96.342,96.373,96.373,96.384,96.367,173
2014-10-10 07:32:00,2014-10-10 07:33:00,96.348,96.35,96.355,96.338,96.373,96.376,96.381,96.363,269
2014-10-10 07:33:00,2014-10-10 07:34:00,96.35,96.352,96.362,96.347,96.376,96.379,96.389,96.37,247
2014-10-10 07:34:00,2014-10-10 07:35:00,96.352,96.339,96.363,96.332,96.379,96.369,96.388,96.36,368
2014-10-10 07:35:00,2014-10-10 07:36:00,96.339,96.329,96.34,96.323,96.369,96.357,96.369,96.35,325
2014-10-10 07:36:00,2014-10-10 07:37:00,96.329,96.339,96.345,96.326,96.357,96.369,96.371,96.35,252
2014-10-10 07:37:00,2014-10-10 07:38:00,96.339,96.347,96.351,96.334,96.369,96.372,96.378,96.363,297
2014-10-10 07:38:00,2014-10-10 07:39:00,96.347,96.344,96.352,96.334,96.372,96.372,96.378,96.359,161
2014-10-10 07:39:00,2014-10-10 07:40:00,96.344,96.335,96.345,96.328,96.372,96.362,96.371,96.352,165
2014-10-10 07:40:00,2014-10-10 07:41:00,96.335,96.353,96.354,96.336,96.362,96.38,96.38,96.362,357
2014-10-10 07:41:00,2014-10-10 07:42:00,96.353,96.34,96.353,96.333,96.38,96.365,96.38,96.359,266
2014-10-10 07:42:00,2014-10-10 07:43:00,96.34,96.355,96.357,96.337,96.365,96.382,96.386,96.363,217
2014-10-10 07:43:00,2014-10-10 07:44:00,96.355,96.365,96.373,96.356,96.382,96.393,96.401,96.383,356
2014-10-10 07:44:00,2014-10-10 07:45:00,96.365,96.372,96.379,96.363,96.393,96.401,96.407,96.392,171
2014-10-10 07:45:00,2014-10-10 07:46:00,96.372,96.363,96.376,96.359,96.401,96.391,96.401,96.387,203
2014-10-10 07:46:00,2014-10-10 07:47:00,96.363,96.361,96.37,96.352,96.391,96.39,96.396,96.38,213
2014-10-10 07:47:00,2014-10-10 07:48:00,96.361,96.359,96.383,96.354,96.39,96.386,96.412,96.381,266
2014-10-10 07:48:00,2014-10-10 07:49:00,96.359,96.384,96.389,96.361,96.386,96.414,96.418,96.386,235
2014-10-10 07:49:00,2014-10-10 07:50:00,96.384,96.389,96.403,96.385,96.414,96.415,96.431,96.412,356
2014-10-10 07:50:00,2014-10-10 07:51:00,96.389,96.393,96.403,96.381,96.415,96.419,96.429,96.41,204
2014-10-10 07:51:00,2014-10-10 07:52:00,96.393,96.39,96.401,96.377,96.419,96.417,96.428,96.403,218
2014-10-10 07:52:00,2014-10-10 07:53:00,96.39,96.385,96.391,96.37,96.417,96.411,96.419,96.396,484
2014-10-10 07:53:00,2014-10-10 07:54:00,96.385,96.387,96.404,96.382,96.411,96.416,96.429,96.408,429
2014-10-10 07:54:00,2014-10-10 07:55:00,96.387,96.398,96.41,96.385,96.416,96.425,96.436,96.412,337
2014-10-10 07:55:00,2014-10-10 07:56:00,96.398,96.388,96.402,96.383,96.425,96.414,96.429,96.409,274
2014-10-10 07:56:00,2014-10-10 07:57:00,96.388,96.396,96.401,96.383,96.414,96.427,96.427,96.41,288
2014-10-10 07:57:00,2014-10-10 07:58:00,96.396,96.388,96.406,96.383,96.427,96.415,96.434,96.408,292
2014-10-10 07:58:00,2014-10-10 07:59:00,96.388,96.379,96.395,96.374,96.415,96.407,96.423,96.403,376
2014-10-10 07:59:00,2014-10-10 08:00:00,96.379,96.358,96.383,96.35,96.407,96.385,96.411,96.377,328
2014-10-10 08:00:00,2014-10-10 08:01:00,96.358,96.37,96.371,96.351,96.385,96.398,96.398,96.378,365
2014-10-10 08:01:00,2014-10-10 08:02:00,96.37,96.378,96.38,96.36,96.398,96.402,96.404,96.386,331
2014-10-10 08:02:00,2014-10-10 08:03:00,96.378,96.388,96.388,96.368,96.402,96.417,96.417,96.396,229
2014-10-10 08:03:00,2014-10-10 08:04:00,96.388,96.378,96.393,96.377,96.417,96.401,96.421,96.397,215
2014-10-10 08:04:00,2014-10-10 08:05:00,96.378,96.371,96.381,96.366,96.401,96.398,96.407,96.393,247
2014-10-10 08:05:00,2014-10-10 08:06:00,96.371,96.354,96.373,96.342,96.398,96.38,96.399,96.368,346
2014-10-10 08:06:00,2014-10-10 08:07:00,96.354,96.346,96.361,96.342,96.38,96.37,96.387,96.368,210
2014-10-10 08:07:00,2014-10-10 08:08:00,96.346,96.356,96.364,96.339,96.37,96.382,96.39,96.362,164
2014-10-10 08:08:00,2014-10-10 08:09:00,96.356,96.356,96.358,96.336,96.382,96.379,96.384,96.36,329
2014-10-10 08:09:00,2014-10-10 08:10:00,96.356,96.367,96.383,96.356,96.379,96.391,96.407,96.381,315
2014-10-10 08:10:00,2014-10-10 08:11:00,96.367,96.36,96.368,96.349,96.391,96.388,96.392,96.373,236
2014-10-10 08:11:00,2014-10-10 08:12:00,96.36,96.35,96.362,96.349,96.388,96.377,96.39,96.375,330
2014-10-10 08:12:00,2014-10-10 08:13:00,96.35,96.36,96.36,96.347,96.377,96.386,96.387,96.372,389
2014-10-10 08:13:00,2014-10-10 08:14:00,96.36,96.353,96.36,96.341,96.386,96.38,96.385,96.367,346
2014-10-10 08:14:00,2014-10-10 08:15:00,96.353,96.358,96.37,96.353,96.38,96.384,96.397,96.377,196
2014-10-10 08:15:00,2014-10-10 08:16:00,96.358,96.357,96.36,96.339,96.384,96.381,96.385,96.363,294
2014-10-10 08:16:00,2014-10-10 08:17:00,96.357,96.349,96.366,96.339,96.381,96.376,96.387,96.365,224
2014-10-10 08:17:00,2014-10-10 08:18:00,96.349,96.36,96.36,96.34,96.376,96.386,96.387,96.366,190
2014-10-10 08:18:00,2014-10-10 08:19:00,96.36,96.343,96.373,96.342,96.386,96.37,96.4,96.362,473
2014-10-10 08:19:00,2014-10-10 08:20:00,96.343,96.359,96.365,96.345,96.37,96.389,96.393,96.37,404
2014-10-10 08:20:00,2014-10-10 08:21:00,96.359,96.346,96.367,96.343,96.389,96.373,96.395,96.369,332
2014-10-10 08:21:00,2014-10-10 08:22:00,96.346,96.365,96.367,96.341,96.373,96.389,96.391,96.368,127
2014-10-10 08:22:00,2014-10-10 08:23:00,96.365,96.366,96.375,96.36,96.389,96.388,96.399,96.383,154
2014-10-10 08:23:00,2014-10-10 08:24:00,96.366,96.352,96.366,96.35,96.388,96.378,96.393,96.377,283
2014-10-10 08:24:00,2014-10-10 08:25:00,96.352,96.385,96.39,96.352,96.378,96.412,96.414,96.379,332
2014-10-10 08:25:00,2014-10-10 08:26:00,96.385,96.371,96.387,96.364,96.412,96.4,96.414,96.39,164
2014-10-10 08:26:00,2014-10-10 08:27:00,96.371,96.398,96.398,96.371,96.4,96.427,96.428,96.401,204
2014-10-10 08:27:00,2014-10-10 08:28:00,96.398,96.397,96.405,96.388,96.427,96.424,96.432,96.415,177
2014-10-10 08:28:00,2014-10-10 08:29:00,96.397,96.415,96.417,96.395,96.424,96.442,96.443,96.42,285
2014-10-10 08:29:00,2014-10-10 08:30:00,96.415,96.439,96.443,96.402,96.442,96.469,96.472,96.428,233
2014-10-10 08:30:00,2014-10-10 08:31:00,96.439,96.428,96.443,96.424,96.469,96.456,96.472,96.454,233
2014-10-10 08:31:00,2014-10-10 08:32:00,96.428,96.454,96.457,96.424,96.456,96.484,96.485,96.452,281
2014-10-10 08:32:00,2014-10-10 08:33:00,96.454,96.44,96.453,96.427,96.484,96.468,96.484,96.456,222
2014-10-10 08:33:00,2014-10-10 08:34:00,96.44,96.422,96.44,96.421,96.468,96.448,96.467,96.448,229
2014-10-10 08:34:00,2014-10-10 08:35:00,96.422,96.432,96.432,96.416,96.448,96.459,96.46,96.443,137
2014-10-10 08:35:00,2014-10-10 08:36:00,96.432,96.435,96.442,96.425,96.459,96.466,96.47,96.452,243
2014-10-10 08:36:00,2014-10-10 08:37:00,96.435,96.437,96.446,96.432,96.466,96.459,96.47,96.459,144
2014-10-10 08:37:00,2014-10-10 08:38:00,96.437,96.438,96.448,96.421,96.459,96.464,96.472,96.446,214
2014-10-10 08:38:00,2014-10-10 08:39:00,96.438,96.425,96.439,96.425,96.464,96.451,96.463,96.448,199
2014-10-10 08:39:00,2014-10-10 08:40:00,96.425,96.413,96.429,96.412,96.451,96.439,96.455,96.437,179
2014-10-10 08:40:00,2014-10-10 08:41:00,96.413,96.411,96.421,96.409,96.439,96.438,96.448,96.435,129
2014-10-10 08:41:00,2014-10-10 08:42:00,96.411,96.409,96.422,96.398,96.438,96.436,96.448,96.426,299
2014-10-10 08:42:00,2014-10-10 08:43:00,96.409,96.417,96.417,96.399,96.436,96.444,96.444,96.423,273
2014-10-10 08:43:00,2014-10-10 08:44:00,96.417,96.412,96.431,96.408,96.444,96.442,96.458,96.437,298
2014-10-10 08:44:00,2014-10-10 08:45:00,96.412,96.415,96.417,96.405,96.442,96.443,96.444,96.435,103
2014-10-10 08:45:00,2014-10-10 08:46:00,96.415,96.396,96.42,96.393,96.443,96.422,96.447,96.421,252
2014-10-10 08:46:00,2014-10-10 08:47:00,96.396,96.423,96.423,96.392,96.422,96.448,96.45,96.415,154
2014-10-10 08:47:00,2014-10-10 08:48:00,96.423,96.422,96.429,96.418,96.448,96.444,96.454,96.443,95
2014-10-10 08:48:00,2014-10-10 08:49:00,96.422,96.406,96.428,96.403,96.444,96.433,96.451,96.427,361
2014-10-10 08:49:00,2014-10-10 08:50:00,96.406,96.407,96.415,96.389,96.433,96.433,96.44,96.415,282
2014-10-10 08:50:00,2014-10-10 08:51:00,96.407,96.4,96.408,96.392,96.433,96.427,96.435,96.419,227
2014-10-10 08:51:00,2014-10-10 08:52:00,96.4,96.416,96.425,96.401,96.427,96.438,96.448,96.427,177
2014-10-10 08:52:00,2014-10-10 08:53:00,96.416,96.43,96.432,96.415,96.438,96.456,96.458,96.437,166
2014-10-10 08:53:00,2014-10-10 08:54:00,96.43,96.386,96.431,96.385,96.456,96.414,96.457,96.41,321
2014-10-10 08:54:00,2014-10-10 08:55:00,96.386,96.375,96.395,96.367,96.414,96.396,96.421,96.394,420
2014-10-10 08:55:00,2014-10-10 08:56:00,96.375,96.359,96.381,96.353,96.396,96.385,96.404,96.374,487
2014-10-10 08:56:00,2014-10-10 08:57:00,96.359,96.373,96.381,96.358,96.385,96.398,96.407,96.385,249
2014-10-10 08:57:00,2014-10-10 08:58:00,96.373,96.403,96.409,96.376,96.398,96.43,96.435,96.401,225
2014-10-10 08:58:00,2014-10-10 08:59:00,96.403,96.404,96.419,96.4,96.43,96.43,96.443,96.424,281
2014-10-10 08:59:00,2014-10-10 09:00:00,96.404,96.399,96.411,96.369,96.43,96.425,96.438,96.396,405
2014-10-10 09:00:00,2014-10-10 09:01:00,96.399,96.391,96.406,96.387,96.425,96.418,96.431,96.411,233
2014-10-10 09:01:00,2014-10-10 09:02:00,96.391,96.411,96.415,96.39,96.418,96.439,96.44,96.418,251
2014-10-10 09:02:00,2014-10-10 09:03:00,96.411,96.391,96.412,96.386,96.439,96.42,96.44,96.413,220
2014-10-10 09:03:00,2014-10-10 09:04:00,96.391,96.39,96.401,96.39,96.42,96.418,96.427,96.417,100
2014-10-10 09:04:00,2014-10-10 09:05:00,96.39,96.382,96.395,96.379,96.418,96.409,96.422,96.405,173
2014-10-10 09:05:00,2014-10-10 09:06:00,96.382,96.381,96.391,96.367,96.409,96.407,96.418,96.389,355
2014-10-10 09:06:00,2014-10-10 09:07:00,96.381,96.395,96.398,96.38,96.407,96.422,96.425,96.407,302
2014-10-10 09:07:00,2014-10-10 09:08:00,96.395,96.385,96.399,96.378,96.422,96.412,96.425,96.405,173
2014-10-10 09:08:00,2014-10-10 09:09:00,96.385,96.361,96.385,96.36,96.412,96.389,96.411,96.388,301
2014-10-10 09:09:00,2014-10-10 09:10:00,96.361,96.329,96.365,96.32,96.389,96.36,96.392,96.347,334
2014-10-10 09:10:00,2014-10-10 09:11:00,96.329,96.321,96.333,96.305,96.36,96.347,96.36,96.334,430
2014-10-10 09:11:00,2014-10-10 09:12:00,96.321,96.308,96.324,96.297,96.347,96.335,96.349,96.325,353
2014-10-10 09:12:00,2014-10-10 09:13:00,96.308,96.327,96.34,96.305,96.335,96.353,96.365,96.332,255
2014-10-10 09:13:00,2014-10-10 09:14:00,96.327,96.33,96.346,96.321,96.353,96.358,96.368,96.346,411
2014-10-10 09:14:00,2014-10-10 09:15:00,96.33,96.336,96.341,96.327,96.358,96.362,96.365,96.354,313
2014-10-10 09:15:00,2014-10-10 09:16:00,96.336,96.333,96.342,96.322,96.362,96.359,96.365,96.347,288
2014-10-10 09:16:00,2014-10-10 09:17:00,96.333,96.343,96.359,96.329,96.359,96.364,96.386,96.355,363
2014-10-10 09:17:00,2014-10-10 09:18:00,96.343,96.336,96.344,96.331,96.364,96.362,96.37,96.356,121
2014-10-10 09:18:00,2014-10-10 09:19:00,96.336,96.334,96.34,96.321,96.362,96.362,96.365,96.349,230
2014-10-10 09:19:00,2014-10-10 09:20:00,96.334,96.326,96.343,96.325,96.362,96.352,96.369,96.35,104
2014-10-10 09:20:00,2014-10-10 09:21:00,96.326,96.308,96.328,96.304,96.352,96.336,96.355,96.331,284
2014-10-10 09:21:00,2014-10-10 09:22:00,96.308,96.283,96.319,96.271,96.336,96.31,96.345,96.299,272
2014-10-10 09:22:00,2014-10-10 09:23:00,96.283,96.268,96.286,96.265,96.31,96.294,96.311,96.292,311
2014-10-10 09:23:00,2014-10-10 09:24:00,96.268,96.272,96.275,96.261,96.294,96.299,96.303,96.288,327
2014-10-10 09:24:00,2014-10-10 09:25:00,96.272,96.281,96.291,96.265,96.299,96.308,96.317,96.293,252
2014-10-10 09:25:00,2014-10-10 09:26:00,96.281,96.275,96.295,96.256,96.308,96.301,96.32,96.282,250
2014-10-10 09:26:00,2014-10-10 09:27:00,96.275,96.272,96.283,96.264,96.301,96.3,96.309,96.291,176
2014-10-10 09:27:00,2014-10-10 09:28:00,96.272,96.277,96.277,96.259,96.3,96.305,96.305,96.282,171
2014-10-10 09:28:00,2014-10-10 09:29:00,96.277,96.287,96.292,96.272,96.305,96.312,96.319,96.299,138
2014-10-10 09:29:00,2014-10-10 09:30:00,96.287,96.306,96.306,96.281,96.312,96.33,96.332,96.308,227
2014-10-10 09:30:00,2014-10-10 09:31:00,96.306,96.305,96.314,96.294,96.33,96.329,96.338,96.319,192
2014-10-10 09:31:00,2014-10-10 09:32:00,96.305,96.31,96.317,96.302,96.329,96.337,96.344,96.327,96
2014-10-10 09:32:00,2014-10-10 09:33:00,96.31,96.326,96.327,96.302,96.337,96.353,96.353,96.328,151
2014-10-10 09:33:00,2014-10-10 09:34:00,96.326,96.321,96.328,96.312,96.353,96.349,96.354,96.338,197
2014-10-10 09:34:00,2014-10-10 09:35:00,96.321,96.318,96.339,96.318,96.349,96.344,96.366,96.344,240
2014-10-10 09:35:00,2014-10-10 09:36:00,96.318,96.321,96.33,96.311,96.344,96.348,96.356,96.34,197
2014-10-10 09:36:00,2014-10-10 09:37:00,96.321,96.306,96.327,96.298,96.348,96.333,96.352,96.324,245
2014-10-10 09:37:00,2014-10-10 09:38:00,96.306,96.297,96.315,96.287,96.333,96.323,96.342,96.313,238
2014-10-10 09:38:00,2014-10-10 09:39:00,96.297,96.288,96.305,96.276,96.323,96.315,96.33,96.303,171
2014-10-10 09:39:00,2014-10-10 09:40:00,96.288,96.295,96.299,96.278,96.315,96.322,96.326,96.305,262
2014-10-10 09:40:00,2014-10-10 09:41:00,96.295,96.283,96.299,96.28,96.322,96.311,96.326,96.306,281
2014-10-10 09:41:00,2014-10-10 09:42:00,96.283,96.299,96.304,96.278,96.311,96.325,96.329,96.3,196
2014-10-10 09:42:00,2014-10-10 09:43:00,96.299,96.319,96.321,96.297,96.325,96.348,96.348,96.325,123
2014-10-10 09:43:00,2014-10-10 09:44:00,96.319,96.336,96.336,96.319,96.348,96.359,96.359,96.345,240
2014-10-10 09:44:00,2014-10-10 09:45:00,96.336,96.302,96.335,96.301,96.359,96.328,96.359,96.327,186
2014-10-10 09:45:00,2014-10-10 09:46:00,96.302,96.307,96.31,96.298,96.328,96.334,96.334,96.325,148
2014-10-10 09:46:00,2014-10-10 09:47:00,96.307,96.301,96.314,96.297,96.334,96.328,96.341,96.323,192
2014-10-10 09:47:00,2014-10-10 09:48:00,96.301,96.299,96.312,96.295,96.328,96.326,96.339,96.322,154
2014-10-10 09:48:00,2014-10-10 09:49:00,96.299,96.274,96.298,96.27,96.326,96.299,96.326,96.295,247
2014-10-10 09:49:00,2014-10-10 09:50:00,96.274,96.283,96.29,96.274,96.299,96.31,96.316,96.298,144
2014-10-10 09:50:00,2014-10-10 09:51:00,96.283,96.28,96.289,96.278,96.31,96.305,96.314,96.304,241
2014-10-10 09:51:00,2014-10-10 09:52:00,96.28,96.295,96.301,96.28,96.305,96.32,96.327,96.303,165
2014-10-10 09:52:00,2014-10-10 09:53:00,96.295,96.283,96.299,96.275,96.32,96.31,96.327,96.301,258
2014-10-10 09:53:00,2014-10-10 09:54:00,96.283,96.278,96.291,96.275,96.31,96.304,96.317,96.302,198
2014-10-10 09:54:00,2014-10-10 09:55:00,96.278,96.273,96.288,96.265,96.304,96.299,96.312,96.29,85
2014-10-10 09:55:00,2014-10-10 09:56:00,96.273,96.242,96.275,96.231,96.299,96.27,96.299,96.259,234
2014-10-10 09:56:00,2014-10-10 09:57:00,96.242,96.233,96.243,96.228,96.27,96.26,96.27,96.252,198
2014-10-10 09:57:00,2014-10-10 09:58:00,96.233,96.247,96.247,96.231,96.26,96.27,96.271,96.255,153
2014-10-10 09:58:00,2014-10-10 09:59:00,96.247,96.224,96.261,96.223,96.27,96.25,96.286,96.248,251
2014-10-10 09:59:00,2014-10-10 10:00:00,96.224,96.227,96.26,96.224,96.25,96.255,96.284,96.248,312
2014-10-10 10:00:00,2014-10-10 10:01:00,96.227,96.206,96.241,96.196,96.255,96.23,96.267,96.226,523
2014-10-10 10:01:00,2014-10-10 10:02:00,96.206,96.174,96.207,96.164,96.23,96.202,96.233,96.193,397
2014-10-10 10:02:00,2014-10-10 10:03:00,96.174,96.173,96.182,96.161,96.202,96.198,96.213,96.188,255
2014-10-10 10:03:00,2014-10-10 10:04:00,96.173,96.194,96.194,96.17,96.198,96.218,96.219,96.198,316
2014-10-10 10:04:00,2014-10-10 10:05:00,96.194,96.191,96.197,96.184,96.218,96.217,96.223,96.207,111
2014-10-10 10:05:00,2014-10-10 10:06:00,96.191,96.188,96.191,96.181,96.217,96.214,96.217,96.208,114
2014-10-10 10:06:00,2014-10-10 10:07:00,96.188,96.178,96.201,96.17,96.214,96.205,96.225,96.197,180
2014-10-10 10:07:00,2014-10-10 10:08:00,96.178,96.155,96.182,96.149,96.205,96.183,96.208,96.176,193
2014-10-10 10:08:00,2014-10-10 10:09:00,96.155,96.132,96.161,96.125,96.183,96.161,96.189,96.154,532
2014-10-10 10:09:00,2014-10-10 10:10:00,96.132,96.098,96.142,96.097,96.161,96.128,96.168,96.127,365
2014-10-10 10:10:00,2014-10-10 10:11:00,96.098,96.105,96.12,96.095,96.128,96.133,96.148,96.123,352
2014-10-10 10:11:00,2014-10-10 10:12:00,96.105,96.12,96.127,96.105,96.133,96.148,96.152,96.13,277
2014-10-10 10:12:00,2014-10-10 10:13:00,96.12,96.127,96.136,96.11,96.148,96.156,96.161,96.133,232
2014-10-10 10:13:00,2014-10-10 10:14:00,96.127,96.133,96.139,96.125,96.156,96.161,96.167,96.154,161
2014-10-10 10:14:00,2014-10-10 10:15:00,96.133,96.145,96.152,96.132,96.161,96.171,96.175,96.158,233
2014-10-10 10:15:00,2014-10-10 10:16:00,96.145,96.139,96.153,96.138,96.171,96.165,96.175,96.165,175
2014-10-10 10:16:00,2014-10-10 10:17:00,96.139,96.133,96.151,96.132,96.165,96.159,96.177,96.157,291
2014-10-10 10:17:00,2014-10-10 10:18:00,96.133,96.172,96.172,96.128,96.159,96.201,96.202,96.156,261
2014-10-10 10:18:00,2014-10-10 10:19:00,96.172,96.157,96.175,96.154,96.201,96.185,96.2,96.182,317
2014-10-10 10:19:00,2014-10-10 10:20:00,96.157,96.163,96.168,96.141,96.185,96.189,96.196,96.168,387
2014-10-10 10:20:00,2014-10-10 10:21:00,96.163,96.163,96.176,96.163,96.189,96.19,96.201,96.189,109
2014-10-10 10:21:00,2014-10-10 10:22:00,96.163,96.16,96.169,96.15,96.19,96.185,96.194,96.176,177
2014-10-10 10:22:00,2014-10-10 10:23:00,96.16,96.152,96.164,96.145,96.185,96.179,96.191,96.172,260
2014-10-10 10:23:00,2014-10-10 10:24:00,96.152,96.145,96.152,96.14,96.179,96.169,96.178,96.167,126
2014-10-10 10:24:00,2014-10-10 10:25:00,96.145,96.157,96.17,96.142,96.169,96.183,96.197,96.167,230
2014-10-10 10:25:00,2014-10-10 10:26:00,96.157,96.13,96.158,96.125,96.183,96.157,96.183,96.148,350
2014-10-10 10:26:00,2014-10-10 10:27:00,96.13,96.113,96.134,96.11,96.157,96.144,96.161,96.138,376
2014-10-10 10:27:00,2014-10-10 10:28:00,96.113,96.111,96.121,96.108,96.144,96.136,96.149,96.133,235
2014-10-10 10:28:00,2014-10-10 10:29:00,96.111,96.116,96.123,96.106,96.136,96.146,96.149,96.133,263
2014-10-10 10:29:00,2014-10-10 10:30:00,96.116,96.123,96.133,96.115,96.146,96.151,96.163,96.143,222
2014-10-10 10:30:00,2014-10-10 10:31:00,96.123,96.125,96.134,96.108,96.151,96.153,96.16,96.135,282
2014-10-10 10:31:00,2014-10-10 10:32:00,96.125,96.133,96.137,96.126,96.153,96.158,96.162,96.151,133
2014-10-10 10:32:00,2014-10-10 10:33:00,96.133,96.116,96.137,96.114,96.158,96.139,96.161,96.137,129
2014-10-10 10:33:00,2014-10-10 10:34:00,96.116,96.106,96.123,96.106,96.139,96.134,96.149,96.133,222
2014-10-10 10:34:00,2014-10-10 10:35:00,96.106,96.118,96.122,96.102,96.134,96.143,96.15,96.129,118
2014-10-10 10:35:00,2014-10-10 10:36:00,96.118,96.122,96.125,96.113,96.143,96.147,96.152,96.141,104
2014-10-10 10:36:00,2014-10-10 10:37:00,96.122,96.116,96.128,96.114,96.147,96.143,96.155,96.139,102
2014-10-10 10:37:00,2014-10-10 10:38:00,96.116,96.138,96.14,96.116,96.143,96.164,96.164,96.144,94
2014-10-10 10:38:00,2014-10-10 10:39:00,96.138,96.149,96.156,96.133,96.164,96.176,96.182,96.162,257
2014-10-10 10:39:00,2014-10-10 10:40:00,96.149,96.17,96.171,96.149,96.176,96.194,96.198,96.175,195
2014-10-10 10:40:00,2014-10-10 10:41:00,96.17,96.165,96.171,96.16,96.194,96.19,96.195,96.188,70
2014-10-10 10:41:00,2014-10-10 10:42:00,96.165,96.171,96.177,96.162,96.19,96.198,96.202,96.188,102
2014-10-10 10:42:00,2014-10-10 10:43:00,96.171,96.171,96.178,96.156,96.198,96.198,96.203,96.181,227
2014-10-10 10:43:00,2014-10-10 10:44:00,96.171,96.181,96.189,96.164,96.198,96.206,96.212,96.19,225
2014-10-10 10:44:00,2014-10-10 10:45:00,96.181,96.168,96.189,96.155,96.206,96.194,96.215,96.178,161
2014-10-10 10:45:00,2014-10-10 10:46:00,96.168,96.193,96.194,96.166,96.194,96.219,96.219,96.193,91
2014-10-10 10:46:00,2014-10-10 10:47:00,96.193,96.216,96.218,96.191,96.219,96.242,96.242,96.218,122
2014-10-10 10:47:00,2014-10-10 10:48:00,96.216,96.232,96.234,96.218,96.242,96.257,96.257,96.242,141
2014-10-10 10:48:00,2014-10-10 10:49:00,96.232,96.228,96.244,96.22,96.257,96.253,96.268,96.242,230
2014-10-10 10:49:00,2014-10-10 10:50:00,96.228,96.259,96.265,96.228,96.253,96.283,96.289,96.251,209
2014-10-10 10:50:00,2014-10-10 10:51:00,96.259,96.255,96.273,96.255,96.283,96.28,96.299,96.28,134
2014-10-10 10:51:00,2014-10-10 10:52:00,96.255,96.253,96.267,96.248,96.28,96.277,96.294,96.274,110
2014-10-10 10:52:00,2014-10-10 10:53:00,96.253,96.26,96.263,96.249,96.277,96.283,96.285,96.274,66
2014-10-10 10:53:00,2014-10-10 10:54:00,96.26,96.276,96.276,96.253,96.283,96.3,96.3,96.279,121
2014-10-10 10:54:00,2014-10-10 10:55:00,96.276,96.264,96.279,96.261,96.3,96.29,96.306,96.286,173
2014-10-10 10:55:00,2014-10-10 10:56:00,96.264,96.24,96.262,96.235,96.29,96.267,96.29,96.261,140
2014-10-10 10:56:00,2014-10-10 10:57:00,96.24,96.235,96.242,96.23,96.267,96.262,96.268,96.256,162
2014-10-10 10:57:00,2014-10-10 10:58:00,96.235,96.245,96.247,96.232,96.262,96.271,96.273,96.258,118
2014-10-10 10:58:00,2014-10-10 10:59:00,96.245,96.235,96.247,96.232,96.271,96.259,96.272,96.256,237
2014-10-10 10:59:00,2014-10-10 11:00:00,96.235,96.231,96.238,96.226,96.259,96.258,96.265,96.254,104
2014-10-10 11:00:00,2014-10-10 11:01:00,96.231,96.223,96.235,96.221,96.258,96.249,96.259,96.247,142
2014-10-10 11:01:00,2014-10-10 11:02:00,96.223,96.207,96.23,96.207,96.249,96.231,96.257,96.231,165
2014-10-10 11:02:00,2014-10-10 11:03:00,96.207,96.203,96.223,96.19,96.231,96.231,96.25,96.216,346
2014-10-10 11:03:00,2014-10-10 11:04:00,96.203,96.206,96.225,96.195,96.231,96.233,96.246,96.221,356
2014-10-10 11:04:00,2014-10-10 11:05:00,96.206,96.193,96.211,96.175,96.233,96.22,96.237,96.201,265
2014-10-10 11:05:00,2014-10-10 11:06:00,96.193,96.173,96.202,96.17,96.22,96.201,96.226,96.196,346
2014-10-10 11:06:00,2014-10-10 11:07:00,96.173,96.181,96.195,96.169,96.201,96.208,96.214,96.196,215
2014-10-10 11:07:00,2014-10-10 11:08:00,96.181,96.172,96.186,96.171,96.208,96.198,96.211,96.196,157
2014-10-10 11:08:00,2014-10-10 11:09:00,96.172,96.164,96.177,96.153,96.198,96.191,96.202,96.18,156
2014-10-10 11:09:00,2014-10-10 11:10:00,96.164,96.159,96.171,96.152,96.191,96.188,96.198,96.18,252
2014-10-10 11:10:00,2014-10-10 11:11:00,96.159,96.16,96.173,96.155,96.188,96.187,96.2,96.181,169
2014-10-10 11:11:00,2014-10-10 11:12:00,96.16,96.163,96.169,96.161,96.187,96.19,96.194,96.187,163
2014-10-10 11:12:00,2014-10-10 11:13:00,96.163,96.151,96.172,96.146,96.19,96.176,96.195,96.174,257
2014-10-10 11:13:00,2014-10-10 11:14:00,96.151,96.167,96.167,96.144,96.176,96.192,96.193,96.171,220
2014-10-10 11:14:00,2014-10-10 11:15:00,96.167,96.17,96.174,96.146,96.192,96.194,96.2,96.172,223
2014-10-10 11:15:00,2014-10-10 11:16:00,96.17,96.168,96.178,96.158,96.194,96.195,96.206,96.185,281
2014-10-10 11:16:00,2014-10-10 11:17:00,96.168,96.179,96.184,96.166,96.195,96.206,96.211,96.193,390
2014-10-10 11:17:00,2014-10-10 11:18:00,96.179,96.191,96.199,96.178,96.206,96.217,96.225,96.204,191
2014-10-10 11:18:00,2014-10-10 11:19:00,96.191,96.192,96.197,96.18,96.217,96.218,96.224,96.207,201
2014-10-10 11:19:00,2014-10-10 11:20:00,96.192,96.219,96.229,96.19,96.218,96.243,96.253,96.217,264
2014-10-10 11:20:00,2014-10-10 11:21:00,96.219,96.238,96.24,96.214,96.243,96.265,96.267,96.24,290
2014-10-10 11:21:00,2014-10-10 11:22:00,96.238,96.235,96.246,96.225,96.265,96.257,96.269,96.251,219
2014-10-10 11:22:00,2014-10-10 11:23:00,96.235,96.232,96.238,96.226,96.257,96.257,96.261,96.249,156
2014-10-10 11:23:00,2014-10-10 11:24:00,96.232,96.24,96.246,96.221,96.257,96.268,96.272,96.248,276
2014-10-10 11:24:00,2014-10-10 11:25:00,96.24,96.26,96.275,96.239,96.268,96.287,96.304,96.267,264
2014-10-10 11:25:00,2014-10-10 11:26:00,96.26,96.247,96.263,96.247,96.287,96.274,96.291,96.272,287
2014-10-10 11:26:00,2014-10-10 11:27:00,96.247,96.256,96.261,96.236,96.274,96.283,96.288,96.263,174
2014-10-10 11:27:00,2014-10-10 11:28:00,96.256,96.258,96.262,96.247,96.283,96.284,96.289,96.272,121
2014-10-10 11:28:00,2014-10-10 11:29:00,96.258,96.27,96.272,96.255,96.284,96.297,96.297,96.281,180
2014-10-10 11:29:00,2014-10-10 11:30:00,96.27,96.252,96.271,96.247,96.297,96.279,96.297,96.272,161
2014-10-10 11:30:00,2014-10-10 11:31:00,96.252,96.258,96.261,96.253,96.279,96.284,96.287,96.28,71
2014-10-10 11:31:00,2014-10-10 11:32:00,96.258,96.252,96.267,96.249,96.284,96.277,96.292,96.276,270
2014-10-10 11:32:00,2014-10-10 11:33:00,96.252,96.251,96.272,96.247,96.277,96.277,96.297,96.272,303
2014-10-10 11:33:00,2014-10-10 11:34:00,96.251,96.249,96.257,96.247,96.277,96.275,96.284,96.271,156
2014-10-10 11:34:00,2014-10-10 11:35:00,96.249,96.258,96.267,96.249,96.275,96.284,96.29,96.275,176
2014-10-10 11:35:00,2014-10-10 11:36:00,96.258,96.26,96.274,96.256,96.284,96.286,96.298,96.282,134
2014-10-10 11:36:00,2014-10-10 11:37:00,96.26,96.259,96.261,96.249,96.286,96.284,96.287,96.275,111
2014-10-10 11:37:00,2014-10-10 11:38:00,96.259,96.26,96.263,96.246,96.284,96.285,96.288,96.268,254
2014-10-10 11:38:00,2014-10-10 11:39:00,96.26,96.253,96.26,96.244,96.285,96.279,96.286,96.269,148
2014-10-10 11:39:00,2014-10-10 11:40:00,96.253,96.243,96.264,96.239,96.279,96.269,96.285,96.265,228
2014-10-10 11:40:00,2014-10-10 11:41:00,96.243,96.251,96.252,96.237,96.269,96.277,96.278,96.261,234
2014-10-10 11:41:00,2014-10-10 11:42:00,96.251,96.233,96.27,96.232,96.277,96.26,96.294,96.258,281
2014-10-10 11:42:00,2014-10-10 11:43:00,96.233,96.246,96.249,96.232,96.26,96.275,96.275,96.258,160
2014-10-10 11:43:00,2014-10-10 11:44:00,96.246,96.252,96.263,96.242,96.275,96.278,96.288,96.267,213
2014-10-10 11:44:00,2014-10-10 11:45:00,96.252,96.241,96.268,96.241,96.278,96.268,96.295,96.266,247
2014-10-10 11:45:00,2014-10-10 11:46:00,96.241,96.229,96.242,96.224,96.268,96.256,96.268,96.248,274
2014-10-10 11:46:00,2014-10-10 11:47:00,96.229,96.232,96.241,96.226,96.256,96.258,96.266,96.253,224
2014-10-10 11:47:00,2014-10-10 11:48:00,96.232,96.219,96.239,96.216,96.258,96.246,96.265,96.244,280
2014-10-10 11:48:00,2014-10-10 11:49:00,96.219,96.211,96.224,96.206,96.246,96.234,96.249,96.227,292
2014-10-10 11:49:00,2014-10-10 11:50:00,96.211,96.196,96.216,96.196,96.234,96.221,96.24,96.22,233
2014-10-10 11:50:00,2014-10-10 11:51:00,96.196,96.214,96.214,96.19,96.221,96.239,96.239,96.214,149
2014-10-10 11:51:00,2014-10-10 11:52:00,96.214,96.213,96.221,96.209,96.239,96.239,96.242,96.233,118
2014-10-10 11:52:00,2014-10-10 11:53:00,96.213,96.215,96.22,96.201,96.239,96.24,96.246,96.227,181
2014-10-10 11:53:00,2014-10-10 11:54:00,96.215,96.195,96.216,96.195,96.24,96.218,96.24,96.218,153
2014-10-10 11:54:00,2014-10-10 11:55:00,96.195,96.213,96.214,96.194,96.218,96.239,96.24,96.218,205
2014-10-10 11:55:00,2014-10-10 11:56:00,96.213,96.202,96.216,96.196,96.239,96.225,96.24,96.218,142
2014-10-10 11:56:00,2014-10-10 11:57:00,96.202,96.2,96.213,96.194,96.225,96.224,96.239,96.218,230
2014-10-10 11:57:00,2014-10-10 11:58:00,96.2,96.207,96.208,96.197,96.224,96.232,96.232,96.22,120
2014-10-10 11:58:00,2014-10-10 11:59:00,96.207,96.22,96.221,96.207,96.232,96.242,96.246,96.229,181
2014-10-10 11:59:00,2014-10-10 12:00:00,96.22,96.224,96.226,96.213,96.242,96.249,96.252,96.239,147
2014-10-10 12:00:00,2014-10-10 12:01:00,96.224,96.246,96.248,96.224,96.249,96.272,96.272,96.248,167
2014-10-10 12:01:00,2014-10-10 12:02:00,96.246,96.245,96.248,96.234,96.272,96.27,96.273,96.26,145
2014-10-10 12:02:00,2014-10-10 12:03:00,96.245,96.246,96.259,96.229,96.27,96.271,96.284,96.251,249
2014-10-10 12:03:00,2014-10-10 12:04:00,96.246,96.232,96.256,96.223,96.271,96.257,96.282,96.249,374
2014-10-10 12:04:00,2014-10-10 12:05:00,96.232,96.229,96.241,96.22,96.257,96.254,96.263,96.243,261
2014-10-10 12:05:00,2014-10-10 12:06:00,96.229,96.228,96.232,96.215,96.254,96.254,96.258,96.239,184
2014-10-10 12:06:00,2014-10-10 12:07:00,96.228,96.24,96.244,96.224,96.254,96.267,96.269,96.25,202
2014-10-10 12:07:00,2014-10-10 12:08:00,96.24,96.229,96.246,96.226,96.267,96.256,96.272,96.252,177
2014-10-10 12:08:00,2014-10-10 12:09:00,96.229,96.247,96.247,96.229,96.256,96.273,96.274,96.254,263
2014-10-10 12:09:00,2014-10-10 12:10:00,96.247,96.246,96.249,96.235,96.273,96.273,96.275,96.26,272
2014-10-10 12:10:00,2014-10-10 12:11:00,96.246,96.245,96.258,96.241,96.273,96.271,96.285,96.266,295
2014-10-10 12:11:00,2014-10-10 12:12:00,96.245,96.237,96.264,96.233,96.271,96.261,96.291,96.258,313
2014-10-10 12:12:00,2014-10-10 12:13:00,96.237,96.232,96.262,96.221,96.261,96.256,96.286,96.245,431
2014-10-10 12:13:00,2014-10-10 12:14:00,96.232,96.279,96.28,96.225,96.256,96.306,96.308,96.249,363
2014-10-10 12:14:00,2014-10-10 12:15:00,96.279,96.25,96.279,96.246,96.306,96.275,96.305,96.273,265
2014-10-10 12:15:00,2014-10-10 12:16:00,96.25,96.239,96.266,96.239,96.275,96.262,96.29,96.262,177
2014-10-10 12:16:00,2014-10-10 12:17:00,96.239,96.195,96.238,96.194,96.262,96.221,96.262,96.219,397
2014-10-10 12:17:00,2014-10-10 12:18:00,96.195,96.186,96.208,96.183,96.221,96.211,96.231,96.207,309
2014-10-10 12:18:00,2014-10-10 12:19:00,96.186,96.183,96.196,96.163,96.211,96.207,96.222,96.191,294
2014-10-10 12:19:00,2014-10-10 12:20:00,96.183,96.152,96.19,96.143,96.207,96.181,96.216,96.17,312
2014-10-10 12:20:00,2014-10-10 12:21:00,96.152,96.182,96.187,96.149,96.181,96.209,96.213,96.177,272
2014-10-10 12:21:00,2014-10-10 12:22:00,96.182,96.179,96.193,96.156,96.209,96.206,96.218,96.184,265
2014-10-10 12:22:00,2014-10-10 12:23:00,96.179,96.152,96.179,96.152,96.206,96.172,96.204,96.172,384
2014-10-10 12:23:00,2014-10-10 12:24:00,96.152,96.121,96.148,96.102,96.172,96.148,96.172,96.129,386
2014-10-10 12:24:00,2014-10-10 12:25:00,96.121,96.137,96.153,96.12,96.148,96.164,96.179,96.147,275
2014-10-10 12:25:00,2014-10-10 12:26:00,96.137,96.115,96.147,96.113,96.164,96.139,96.167,96.137,180
2014-10-10 12:26:00,2014-10-10 12:27:00,96.115,96.107,96.121,96.092,96.139,96.131,96.146,96.116,187
2014-10-10 12:27:00,2014-10-10 12:28:00,96.107,96.132,96.137,96.108,96.131,96.155,96.164,96.131,168
2014-10-10 12:28:00,2014-10-10 12:29:00,96.132,96.094,96.212,96.066,96.155,96.268,96.278,96.094,463
2014-10-10 12:29:00,2014-10-10 12:30:00,96.094,96.394,96.531,96.07,96.268,96.421,96.587,96.194,1649
2014-10-10 12:30:00,2014-10-10 12:31:00,96.394,96.468,96.472,96.361,96.421,96.494,96.494,96.382,1092
2014-10-10 12:31:00,2014-10-10 12:32:00,96.468,96.468,96.492,96.425,96.494,96.491,96.519,96.452,799
2014-10-10 12:32:00,2014-10-10 12:33:00,96.468,96.481,96.482,96.436,96.491,96.507,96.507,96.46,381
2014-10-10 12:33:00,2014-10-10 12:34:00,96.481,96.559,96.567,96.457,96.507,96.585,96.592,96.48,725
2014-10-10 12:34:00,2014-10-10 12:35:00,96.559,96.539,96.572,96.526,96.585,96.564,96.598,96.551,842
2014-10-10 12:35:00,2014-10-10 12:36:00,96.539,96.548,96.593,96.539,96.564,96.576,96.622,96.565,545
2014-10-10 12:36:00,2014-10-10 12:37:00,96.548,96.549,96.568,96.535,96.576,96.577,96.589,96.559,624
2014-10-10 12:37:00,2014-10-10 12:38:00,96.549,96.59,96.6,96.549,96.577,96.614,96.624,96.572,556
2014-10-10 12:38:00,2014-10-10 12:39:00,96.59,96.586,96.606,96.579,96.614,96.611,96.633,96.601,659
2014-10-10 12:39:00,2014-10-10 12:40:00,96.586,96.626,96.639,96.573,96.611,96.653,96.665,96.596,627
2014-10-10 12:40:00,2014-10-10 12:41:00,96.626,96.614,96.634,96.585,96.653,96.64,96.659,96.612,639
2014-10-10 12:41:00,2014-10-10 12:42:00,96.614,96.643,96.654,96.614,96.64,96.668,96.682,96.636,643
2014-10-10 12:42:00,2014-10-10 12:43:00,96.643,96.622,96.643,96.59,96.668,96.649,96.668,96.615,786
2014-10-10 12:43:00,2014-10-10 12:44:00,96.622,96.614,96.628,96.604,96.649,96.637,96.654,96.629,409
2014-10-10 12:44:00,2014-10-10 12:45:00,96.614,96.577,96.622,96.575,96.637,96.602,96.646,96.6,478
2014-10-10 12:45:00,2014-10-10 12:46:00,96.577,96.563,96.581,96.56,96.602,96.588,96.606,96.585,360
2014-10-10 12:46:00,2014-10-10 12:47:00,96.563,96.574,96.586,96.56,96.588,96.597,96.611,96.583,450
2014-10-10 12:47:00,2014-10-10 12:48:00,96.574,96.535,96.607,96.496,96.597,96.564,96.632,96.524,715
2014-10-10 12:48:00,2014-10-10 12:49:00,96.535,96.584,96.59,96.533,96.564,96.608,96.615,96.563,540
2014-10-10 12:49:00,2014-10-10 12:50:00,96.584,96.597,96.602,96.582,96.608,96.623,96.628,96.607,405
2014-10-10 12:50:00,2014-10-10 12:51:00,96.597,96.633,96.637,96.594,96.623,96.655,96.66,96.619,463
2014-10-10 12:51:00,2014-10-10 12:52:00,96.633,96.595,96.636,96.587,96.655,96.62,96.656,96.612,456
2014-10-10 12:52:00,2014-10-10 12:53:00,96.595,96.599,96.612,96.571,96.62,96.624,96.636,96.595,355
2014-10-10 12:53:00,2014-10-10 12:54:00,96.599,96.579,96.606,96.576,96.624,96.603,96.63,96.601,325
2014-10-10 12:54:00,2014-10-10 12:55:00,96.579,96.558,96.586,96.556,96.603,96.584,96.611,96.582,321
2014-10-10 12:55:00,2014-10-10 12:56:00,96.558,96.546,96.567,96.545,96.584,96.57,96.591,96.57,298
2014-10-10 12:56:00,2014-10-10 12:57:00,96.546,96.567,96.569,96.531,96.57,96.593,96.593,96.553,530
2014-10-10 12:57:00,2014-10-10 12:58:00,96.567,96.571,96.6,96.547,96.593,96.599,96.621,96.574,423
2014-10-10 12:58:00,2014-10-10 12:59:00,96.571,96.607,96.611,96.566,96.599,96.63,96.633,96.592,418
2014-10-10 12:59:00,2014-10-10 13:00:00,96.607,96.605,96.627,96.583,96.63,96.631,96.649,96.611,542
2014-10-10 13:00:00,2014-10-10 13:01:00,96.605,96.582,96.612,96.582,96.631,96.603,96.638,96.603,366
2014-10-10 13:01:00,2014-10-10 13:02:00,96.582,96.583,96.613,96.57,96.603,96.61,96.634,96.596,415
2014-10-10 13:02:00,2014-10-10 13:03:00,96.583,96.579,96.59,96.565,96.61,96.603,96.616,96.588,418
2014-10-10 13:03:00,2014-10-10 13:04:00,96.579,96.595,96.595,96.565,96.603,96.62,96.62,96.588,501
2014-10-10 13:04:00,2014-10-10 13:05:00,96.595,96.572,96.598,96.571,96.62,96.598,96.623,96.595,260
2014-10-10 13:05:00,2014-10-10 13:06:00,96.572,96.535,96.577,96.533,96.598,96.561,96.601,96.558,536
2014-10-10 13:06:00,2014-10-10 13:07:00,96.535,96.487,96.542,96.483,96.561,96.509,96.568,96.507,424
2014-10-10 13:07:00,2014-10-10 13:08:00,96.487,96.497,96.508,96.476,96.509,96.519,96.532,96.498,456
2014-10-10 13:08:00,2014-10-10 13:09:00,96.497,96.451,96.51,96.451,96.519,96.477,96.537,96.477,472
2014-10-10 13:09:00,2014-10-10 13:10:00,96.451,96.452,96.469,96.403,96.477,96.472,96.493,96.43,573
2014-10-10 13:10:00,2014-10-10 13:11:00,96.452,96.466,96.47,96.446,96.472,96.492,96.497,96.467,336
2014-10-10 13:11:00,2014-10-10 13:12:00,96.466,96.458,96.474,96.443,96.492,96.482,96.499,96.466,271
2014-10-10 13:12:00,2014-10-10 13:13:00,96.458,96.454,96.463,96.442,96.482,96.479,96.487,96.464,357
2014-10-10 13:13:00,2014-10-10 13:14:00,96.454,96.474,96.475,96.447,96.479,96.496,96.497,96.47,318
2014-10-10 13:14:00,2014-10-10 13:15:00,96.474,96.466,96.475,96.453,96.496,96.493,96.501,96.479,323
2014-10-10 13:15:00,2014-10-10 13:16:00,96.466,96.458,96.468,96.453,96.493,96.483,96.494,96.475,250
2014-10-10 13:16:00,2014-10-10 13:17:00,96.458,96.455,96.459,96.449,96.483,96.481,96.484,96.473,95
2014-10-10 13:17:00,2014-10-10 13:18:00,96.455,96.461,96.469,96.449,96.481,96.486,96.494,96.475,232
2014-10-10 13:18:00,2014-10-10 13:19:00,96.461,96.46,96.473,96.454,96.486,96.486,96.498,96.479,227
2014-10-10 13:19:00,2014-10-10 13:20:00,96.46,96.44,96.472,96.432,96.486,96.462,96.496,96.456,322
2014-10-10 13:20:00,2014-10-10 13:21:00,96.44,96.444,96.453,96.436,96.462,96.471,96.479,96.46,217
2014-10-10 13:21:00,2014-10-10 13:22:00,96.444,96.414,96.449,96.414,96.471,96.442,96.473,96.437,238
2014-10-10 13:22:00,2014-10-10 13:23:00,96.414,96.392,96.423,96.37,96.442,96.418,96.449,96.397,329
2014-10-10 13:23:00,2014-10-10 13:24:00,96.392,96.348,96.397,96.333,96.418,96.374,96.422,96.359,611
2014-10-10 13:24:00,2014-10-10 13:25:00,96.348,96.315,96.353,96.297,96.374,96.339,96.381,96.321,452
2014-10-10 13:25:00,2014-10-10 13:26:00,96.315,96.314,96.33,96.311,96.339,96.34,96.354,96.335,249
2014-10-10 13:26:00,2014-10-10 13:27:00,96.314,96.335,96.34,96.313,96.34,96.36,96.365,96.339,206
2014-10-10 13:27:00,2014-10-10 13:28:00,96.335,96.36,96.363,96.32,96.36,96.384,96.387,96.345,303
2014-10-10 13:28:00,2014-10-10 13:29:00,96.36,96.367,96.377,96.355,96.384,96.392,96.401,96.38,240
2014-10-10 13:29:00,2014-10-10 13:30:00,96.367,96.339,96.377,96.336,96.392,96.365,96.4,96.361,502
2014-10-10 13:30:00,2014-10-10 13:31:00,96.339,96.341,96.349,96.318,96.365,96.36,96.374,96.341,701
2014-10-10 13:31:00,2014-10-10 13:32:00,96.341,96.3,96.339,96.291,96.36,96.326,96.365,96.315,524
2014-10-10 13:32:00,2014-10-10 13:33:00,96.3,96.265,96.298,96.248,96.326,96.292,96.324,96.27,560
2014-10-10 13:33:00,2014-10-10 13:34:00,96.265,96.286,96.291,96.262,96.292,96.308,96.316,96.288,443
2014-10-10 13:34:00,2014-10-10 13:35:00,96.286,96.293,96.304,96.274,96.308,96.318,96.329,96.297,514
2014-10-10 13:35:00,2014-10-10 13:36:00,96.293,96.312,96.322,96.292,96.318,96.338,96.348,96.318,224
2014-10-10 13:36:00,2014-10-10 13:37:00,96.312,96.365,96.37,96.312,96.338,96.389,96.396,96.338,577
2014-10-10 13:37:00,2014-10-10 13:38:00,96.365,96.373,96.394,96.362,96.389,96.401,96.419,96.389,385
2014-10-10 13:38:00,2014-10-10 13:39:00,96.373,96.419,96.419,96.372,96.401,96.444,96.446,96.399,250
2014-10-10 13:39:00,2014-10-10 13:40:00,96.419,96.442,96.457,96.418,96.444,96.468,96.478,96.444,548
2014-10-10 13:40:00,2014-10-10 13:41:00,96.442,96.426,96.449,96.412,96.468,96.454,96.475,96.438,467
2014-10-10 13:41:00,2014-10-10 13:42:00,96.426,96.469,96.475,96.427,96.454,96.496,96.503,96.453,467
2014-10-10 13:42:00,2014-10-10 13:43:00,96.469,96.473,96.479,96.448,96.496,96.5,96.501,96.473,385
2014-10-10 13:43:00,2014-10-10 13:44:00,96.473,96.457,96.481,96.435,96.5,96.482,96.507,96.458,477
2014-10-10 13:44:00,2014-10-10 13:45:00,96.457,96.502,96.523,96.457,96.482,96.53,96.546,96.482,669
2014-10-10 13:45:00,2014-10-10 13:46:00,96.502,96.501,96.514,96.494,96.53,96.526,96.539,96.518,345
2014-10-10 13:46:00,2014-10-10 13:47:00,96.501,96.471,96.503,96.458,96.526,96.497,96.529,96.484,431
2014-10-10 13:47:00,2014-10-10 13:48:00,96.471,96.472,96.496,96.466,96.497,96.495,96.522,96.491,462
2014-10-10 13:48:00,2014-10-10 13:49:00,96.472,96.465,96.493,96.464,96.495,96.49,96.518,96.49,294
2014-10-10 13:49:00,2014-10-10 13:50:00,96.465,96.456,96.491,96.451,96.49,96.48,96.517,96.476,457
2014-10-10 13:50:00,2014-10-10 13:51:00,96.456,96.442,96.457,96.438,96.48,96.468,96.483,96.465,555
2014-10-10 13:51:00,2014-10-10 13:52:00,96.442,96.391,96.445,96.383,96.468,96.416,96.472,96.407,491
2014-10-10 13:52:00,2014-10-10 13:53:00,96.391,96.4,96.422,96.391,96.416,96.426,96.447,96.417,426
2014-10-10 13:53:00,2014-10-10 13:54:00,96.4,96.396,96.42,96.388,96.426,96.42,96.447,96.413,460
2014-10-10 13:54:00,2014-10-10 13:55:00,96.396,96.386,96.399,96.375,96.42,96.409,96.424,96.398,393
2014-10-10 13:55:00,2014-10-10 13:56:00,96.386,96.402,96.412,96.385,96.409,96.427,96.437,96.409,413
2014-10-10 13:56:00,2014-10-10 13:57:00,96.402,96.41,96.413,96.392,96.427,96.435,96.438,96.417,284
2014-10-10 13:57:00,2014-10-10 13:58:00,96.41,96.437,96.452,96.385,96.435,96.458,96.476,96.412,410
2014-10-10 13:58:00,2014-10-10 13:59:00,96.437,96.408,96.46,96.408,96.458,96.434,96.486,96.432,632
2014-10-10 13:59:00,2014-10-10 14:00:00,96.408,96.388,96.422,96.382,96.434,96.415,96.449,96.404,672
2014-10-10 14:00:00,2014-10-10 14:01:00,96.388,96.393,96.4,96.351,96.415,96.415,96.423,96.375,475
2014-10-10 14:01:00,2014-10-10 14:02:00,96.393,96.385,96.4,96.373,96.415,96.406,96.425,96.396,504
2014-10-10 14:02:00,2014-10-10 14:03:00,96.385,96.382,96.394,96.371,96.406,96.403,96.419,96.396,455
2014-10-10 14:03:00,2014-10-10 14:04:00,96.382,96.384,96.413,96.375,96.403,96.404,96.437,96.402,512
2014-10-10 14:04:00,2014-10-10 14:05:00,96.384,96.361,96.389,96.357,96.404,96.387,96.414,96.384,460
2014-10-10 14:05:00,2014-10-10 14:06:00,96.361,96.363,96.373,96.334,96.387,96.388,96.395,96.359,506
2014-10-10 14:06:00,2014-10-10 14:07:00,96.363,96.353,96.368,96.346,96.388,96.377,96.392,96.372,441
2014-10-10 14:07:00,2014-10-10 14:08:00,96.353,96.326,96.357,96.313,96.377,96.349,96.381,96.336,585
2014-10-10 14:08:00,2014-10-10 14:09:00,96.326,96.266,96.328,96.249,96.349,96.292,96.355,96.277,738
2014-10-10 14:09:00,2014-10-10 14:10:00,96.266,96.286,96.287,96.235,96.292,96.312,96.314,96.259,718
2014-10-10 14:10:00,2014-10-10 14:11:00,96.286,96.308,96.323,96.282,96.312,96.334,96.348,96.306,675
2014-10-10 14:11:00,2014-10-10 14:12:00,96.308,96.311,96.323,96.298,96.334,96.337,96.349,96.325,463
2014-10-10 14:12:00,2014-10-10 14:13:00,96.311,96.328,96.348,96.303,96.337,96.353,96.371,96.327,468
2014-10-10 14:13:00,2014-10-10 14:14:00,96.328,96.317,96.338,96.302,96.353,96.342,96.364,96.327,761
2014-10-10 14:14:00,2014-10-10 14:15:00,96.317,96.332,96.339,96.299,96.342,96.359,96.363,96.325,484
2014-10-10 14:15:00,2014-10-10 14:16:00,96.332,96.316,96.349,96.316,96.359,96.343,96.373,96.343,439
2014-10-10 14:16:00,2014-10-10 14:17:00,96.316,96.3,96.344,96.294,96.343,96.327,96.371,96.321,506
2014-10-10 14:17:00,2014-10-10 14:18:00,96.3,96.253,96.313,96.235,96.327,96.28,96.338,96.26,867
2014-10-10 14:18:00,2014-10-10 14:19:00,96.253,96.269,96.29,96.25,96.28,96.296,96.316,96.274,616
2014-10-10 14:19:00,2014-10-10 14:20:00,96.269,96.274,96.276,96.254,96.296,96.3,96.3,96.281,477
2014-10-10 14:20:00,2014-10-10 14:21:00,96.274,96.243,96.274,96.22,96.3,96.269,96.299,96.247,547
2014-10-10 14:21:00,2014-10-10 14:22:00,96.243,96.214,96.245,96.211,96.269,96.242,96.274,96.238,481
2014-10-10 14:22:00,2014-10-10 14:23:00,96.214,96.19,96.222,96.188,96.242,96.216,96.249,96.214,742
2014-10-10 14:23:00,2014-10-10 14:24:00,96.19,96.16,96.197,96.147,96.216,96.186,96.221,96.17,709
2014-10-10 14:24:00,2014-10-10 14:25:00,96.16,96.154,96.184,96.139,96.186,96.181,96.21,96.162,703
2014-10-10 14:25:00,2014-10-10 14:26:00,96.154,96.182,96.188,96.152,96.181,96.206,96.209,96.179,490
2014-10-10 14:26:00,2014-10-10 14:27:00,96.182,96.216,96.235,96.179,96.206,96.242,96.261,96.202,576
2014-10-10 14:27:00,2014-10-10 14:28:00,96.216,96.181,96.24,96.181,96.242,96.208,96.261,96.206,532
2014-10-10 14:28:00,2014-10-10 14:29:00,96.181,96.143,96.182,96.127,96.208,96.172,96.208,96.15,755
2014-10-10 14:29:00,2014-10-10 14:30:00,96.143,96.1,96.149,96.079,96.172,96.126,96.176,96.106,717
2014-10-10 14:30:00,2014-10-10 14:31:00,96.1,96.121,96.133,96.097,96.126,96.146,96.159,96.122,458
2014-10-10 14:31:00,2014-10-10 14:32:00,96.121,96.142,96.155,96.12,96.146,96.169,96.179,96.145,395
2014-10-10 14:32:00,2014-10-10 14:33:00,96.142,96.178,96.179,96.143,96.169,96.206,96.206,96.169,444
2014-10-10 14:33:00,2014-10-10 14:34:00,96.178,96.214,96.226,96.165,96.206,96.238,96.252,96.193,462
2014-10-10 14:34:00,2014-10-10 14:35:00,96.214,96.197,96.215,96.184,96.238,96.223,96.24,96.211,393
2014-10-10 14:35:00,2014-10-10 14:36:00,96.197,96.244,96.253,96.198,96.223,96.27,96.277,96.223,579
2014-10-10 14:36:00,2014-10-10 14:37:00,96.244,96.237,96.256,96.23,96.27,96.264,96.283,96.256,373
2014-10-10 14:37:00,2014-10-10 14:38:00,96.237,96.237,96.247,96.225,96.264,96.262,96.27,96.252,412
2014-10-10 14:38:00,2014-10-10 14:39:00,96.237,96.245,96.254,96.21,96.262,96.269,96.276,96.235,420
2014-10-10 14:39:00,2014-10-10 14:40:00,96.245,96.257,96.268,96.242,96.269,96.28,96.293,96.269,420
2014-10-10 14:40:00,2014-10-10 14:41:00,96.257,96.27,96.286,96.249,96.28,96.296,96.312,96.273,359
2014-10-10 14:41:00,2014-10-10 14:42:00,96.27,96.255,96.27,96.233,96.296,96.282,96.294,96.259,437
2014-10-10 14:42:00,2014-10-10 14:43:00,96.255,96.277,96.287,96.257,96.282,96.303,96.313,96.282,424
2014-10-10 14:43:00,2014-10-10 14:44:00,96.277,96.307,96.315,96.278,96.303,96.333,96.341,96.303,469
2014-10-10 14:44:00,2014-10-10 14:45:00,96.307,96.291,96.309,96.284,96.333,96.316,96.333,96.307,346
2014-10-10 14:45:00,2014-10-10 14:46:00,96.291,96.308,96.309,96.273,96.316,96.335,96.335,96.296,366
2014-10-10 14:46:00,2014-10-10 14:47:00,96.308,96.296,96.329,96.284,96.335,96.324,96.354,96.311,615
2014-10-10 14:47:00,2014-10-10 14:48:00,96.296,96.301,96.318,96.285,96.324,96.325,96.344,96.312,431
2014-10-10 14:48:00,2014-10-10 14:49:00,96.301,96.297,96.3,96.276,96.325,96.321,96.325,96.301,555
2014-10-10 14:49:00,2014-10-10 14:50:00,96.297,96.299,96.308,96.271,96.321,96.325,96.334,96.298,579
2014-10-10 14:50:00,2014-10-10 14:51:00,96.299,96.342,96.344,96.292,96.325,96.366,96.366,96.314,365
2014-10-10 14:51:00,2014-10-10 14:52:00,96.342,96.356,96.38,96.342,96.366,96.379,96.405,96.367,377
2014-10-10 14:52:00,2014-10-10 14:53:00,96.356,96.397,96.408,96.351,96.379,96.42,96.435,96.373,491
2014-10-10 14:53:00,2014-10-10 14:54:00,96.397,96.355,96.397,96.353,96.42,96.382,96.42,96.378,578
2014-10-10 14:54:00,2014-10-10 14:55:00,96.355,96.387,96.404,96.352,96.382,96.412,96.427,96.376,553
2014-10-10 14:55:00,2014-10-10 14:56:00,96.387,96.365,96.389,96.35,96.412,96.391,96.414,96.375,448
2014-10-10 14:56:00,2014-10-10 14:57:00,96.365,96.345,96.391,96.342,96.391,96.371,96.415,96.366,399
2014-10-10 14:57:00,2014-10-10 14:58:00,96.345,96.385,96.388,96.335,96.371,96.411,96.413,96.361,547
2014-10-10 14:58:00,2014-10-10 14:59:00,96.385,96.404,96.426,96.364,96.411,96.43,96.452,96.39,880
2014-10-10 14:59:00,2014-10-10 15:00:00,96.404,96.421,96.45,96.402,96.43,96.446,96.469,96.427,811
2014-10-10 15:00:00,2014-10-10 15:01:00,96.421,96.414,96.439,96.4,96.446,96.44,96.465,96.426,371
2014-10-10 15:01:00,2014-10-10 15:02:00,96.414,96.461,96.468,96.415,96.44,96.48,96.495,96.439,511
2014-10-10 15:02:00,2014-10-10 15:03:00,96.461,96.467,96.513,96.454,96.48,96.493,96.537,96.477,651
2014-10-10 15:03:00,2014-10-10 15:04:00,96.467,96.473,96.481,96.452,96.493,96.498,96.506,96.475,558
2014-10-10 15:04:00,2014-10-10 15:05:00,96.473,96.499,96.5,96.466,96.498,96.524,96.524,96.487,410
2014-10-10 15:05:00,2014-10-10 15:06:00,96.499,96.467,96.499,96.466,96.524,96.494,96.524,96.488,560
2014-10-10 15:06:00,2014-10-10 15:07:00,96.467,96.488,96.489,96.459,96.494,96.511,96.514,96.48,357
2014-10-10 15:07:00,2014-10-10 15:08:00,96.488,96.481,96.507,96.458,96.511,96.504,96.532,96.478,592
2014-10-10 15:08:00,2014-10-10 15:09:00,96.481,96.455,96.488,96.454,96.504,96.481,96.513,96.475,396
2014-10-10 15:09:00,2014-10-10 15:10:00,96.455,96.435,96.46,96.427,96.481,96.461,96.483,96.452,371
2014-10-10 15:10:00,2014-10-10 15:11:00,96.435,96.435,96.446,96.428,96.461,96.46,96.472,96.452,347
2014-10-10 15:11:00,2014-10-10 15:12:00,96.435,96.4,96.435,96.392,96.46,96.425,96.462,96.414,350
2014-10-10 15:12:00,2014-10-10 15:13:00,96.4,96.408,96.414,96.392,96.425,96.431,96.441,96.413,525
2014-10-10 15:13:00,2014-10-10 15:14:00,96.408,96.414,96.426,96.402,96.431,96.437,96.451,96.428,336
2014-10-10 15:14:00,2014-10-10 15:15:00,96.414,96.365,96.413,96.352,96.437,96.393,96.437,96.378,347
2014-10-10 15:15:00,2014-10-10 15:16:00,96.365,96.408,96.415,96.366,96.393,96.435,96.44,96.393,392
2014-10-10 15:16:00,2014-10-10 15:17:00,96.408,96.397,96.427,96.397,96.435,96.421,96.451,96.42,361
2014-10-10 15:17:00,2014-10-10 15:18:00,96.397,96.419,96.429,96.385,96.421,96.442,96.454,96.409,407
2014-10-10 15:18:00,2014-10-10 15:19:00,96.419,96.413,96.419,96.396,96.442,96.438,96.443,96.421,308
2014-10-10 15:19:00,2014-10-10 15:20:00,96.413,96.449,96.463,96.413,96.438,96.476,96.488,96.439,406
2014-10-10 15:20:00,2014-10-10 15:21:00,96.449,96.443,96.47,96.439,96.476,96.466,96.493,96.462,427
2014-10-10 15:21:00,2014-10-10 15:22:00,96.443,96.442,96.464,96.429,96.466,96.467,96.489,96.454,443
2014-10-10 15:22:00,2014-10-10 15:23:00,96.442,96.442,96.46,96.411,96.467,96.466,96.483,96.435,544
2014-10-10 15:23:00,2014-10-10 15:24:00,96.442,96.447,96.455,96.43,96.466,96.473,96.481,96.455,480
2014-10-10 15:24:00,2014-10-10 15:25:00,96.447,96.442,96.46,96.433,96.473,96.468,96.485,96.456,351
2014-10-10 15:25:00,2014-10-10 15:26:00,96.442,96.444,96.451,96.431,96.468,96.467,96.477,96.454,352
2014-10-10 15:26:00,2014-10-10 15:27:00,96.444,96.459,96.469,96.438,96.467,96.481,96.492,96.464,308
2014-10-10 15:27:00,2014-10-10 15:28:00,96.459,96.452,96.459,96.432,96.481,96.48,96.484,96.459,355
2014-10-10 15:28:00,2014-10-10 15:29:00,96.452,96.451,96.46,96.441,96.48,96.476,96.485,96.467,374
2014-10-10 15:29:00,2014-10-10 15:30:00,96.451,96.447,96.452,96.427,96.476,96.471,96.478,96.449,276
2014-10-10 15:30:00,2014-10-10 15:31:00,96.447,96.464,96.464,96.436,96.471,96.487,96.487,96.457,329
2014-10-10 15:31:00,2014-10-10 15:32:00,96.464,96.452,96.475,96.446,96.487,96.477,96.495,96.47,285
2014-10-10 15:32:00,2014-10-10 15:33:00,96.452,96.447,96.47,96.447,96.477,96.471,96.494,96.471,326
2014-10-10 15:33:00,2014-10-10 15:34:00,96.447,96.43,96.451,96.43,96.471,96.455,96.477,96.455,287
2014-10-10 15:34:00,2014-10-10 15:35:00,96.43,96.418,96.44,96.411,96.455,96.443,96.465,96.437,251
2014-10-10 15:35:00,2014-10-10 15:36:00,96.418,96.414,96.434,96.409,96.443,96.439,96.46,96.434,311
2014-10-10 15:36:00,2014-10-10 15:37:00,96.414,96.432,96.44,96.415,96.439,96.457,96.46,96.439,290
2014-10-10 15:37:00,2014-10-10 15:38:00,96.432,96.444,96.465,96.432,96.457,96.464,96.489,96.453,298
2014-10-10 15:38:00,2014-10-10 15:39:00,96.444,96.442,96.454,96.431,96.464,96.467,96.475,96.456,316
2014-10-10 15:39:00,2014-10-10 15:40:00,96.442,96.415,96.443,96.403,96.467,96.438,96.469,96.427,315
2014-10-10 15:40:00,2014-10-10 15:41:00,96.415,96.415,96.424,96.399,96.438,96.437,96.445,96.424,248
2014-10-10 15:41:00,2014-10-10 15:42:00,96.415,96.403,96.417,96.394,96.437,96.429,96.443,96.418,289
2014-10-10 15:42:00,2014-10-10 15:43:00,96.403,96.409,96.419,96.397,96.429,96.434,96.443,96.422,382
2014-10-10 15:43:00,2014-10-10 15:44:00,96.409,96.405,96.414,96.401,96.434,96.43,96.437,96.425,193
2014-10-10 15:44:00,2014-10-10 15:45:00,96.405,96.434,96.434,96.401,96.43,96.459,96.459,96.424,256
2014-10-10 15:45:00,2014-10-10 15:46:00,96.434,96.453,96.46,96.433,96.459,96.479,96.484,96.458,263
2014-10-10 15:46:00,2014-10-10 15:47:00,96.453,96.454,96.459,96.442,96.479,96.476,96.483,96.464,216
2014-10-10 15:47:00,2014-10-10 15:48:00,96.454,96.442,96.454,96.435,96.476,96.468,96.477,96.458,190
2014-10-10 15:48:00,2014-10-10 15:49:00,96.442,96.454,96.454,96.44,96.468,96.478,96.478,96.463,155
2014-10-10 15:49:00,2014-10-10 15:50:00,96.454,96.485,96.486,96.455,96.478,96.511,96.511,96.478,342
2014-10-10 15:50:00,2014-10-10 15:51:00,96.485,96.478,96.488,96.472,96.511,96.502,96.514,96.496,199
2014-10-10 15:51:00,2014-10-10 15:52:00,96.478,96.486,96.5,96.478,96.502,96.512,96.526,96.502,203
2014-10-10 15:52:00,2014-10-10 15:53:00,96.486,96.512,96.517,96.476,96.512,96.537,96.539,96.502,258
2014-10-10 15:53:00,2014-10-10 15:54:00,96.512,96.509,96.52,96.504,96.537,96.533,96.545,96.527,195
2014-10-10 15:54:00,2014-10-10 15:55:00,96.509,96.474,96.509,96.465,96.533,96.497,96.535,96.489,281
2014-10-10 15:55:00,2014-10-10 15:56:00,96.474,96.497,96.497,96.472,96.497,96.521,96.521,96.497,302
2014-10-10 15:56:00,2014-10-10 15:57:00,96.497,96.477,96.51,96.47,96.521,96.502,96.533,96.492,425
2014-10-10 15:57:00,2014-10-10 15:58:00,96.477,96.488,96.492,96.476,96.502,96.513,96.517,96.501,172
2014-10-10 15:58:00,2014-10-10 15:59:00,96.488,96.486,96.494,96.459,96.513,96.513,96.519,96.483,429
2014-10-10 15:59:00,2014-10-10 16:00:00,96.486,96.487,96.5,96.457,96.513,96.514,96.528,96.484,378
2014-10-10 16:00:00,2014-10-10 16:01:00,96.487,96.501,96.514,96.485,96.514,96.525,96.539,96.511,301
2014-10-10 16:01:00,2014-10-10 16:02:00,96.501,96.545,96.546,96.501,96.525,96.573,96.574,96.524,395
2014-10-10 16:02:00,2014-10-10 16:03:00,96.545,96.539,96.554,96.535,96.573,96.566,96.579,96.561,337
2014-10-10 16:03:00,2014-10-10 16:04:00,96.539,96.526,96.544,96.524,96.566,96.552,96.569,96.547,352
2014-10-10 16:04:00,2014-10-10 16:05:00,96.526,96.525,96.561,96.523,96.552,96.551,96.586,96.546,354
2014-10-10 16:05:00,2014-10-10 16:06:00,96.525,96.532,96.544,96.521,96.551,96.558,96.568,96.548,204
2014-10-10 16:06:00,2014-10-10 16:07:00,96.532,96.555,96.568,96.534,96.558,96.581,96.594,96.558,323
2014-10-10 16:07:00,2014-10-10 16:08:00,96.555,96.539,96.555,96.528,96.581,96.563,96.58,96.549,288
2014-10-10 16:08:00,2014-10-10 16:09:00,96.539,96.533,96.548,96.533,96.563,96.556,96.572,96.555,159
2014-10-10 16:09:00,2014-10-10 16:10:00,96.533,96.542,96.555,96.528,96.556,96.563,96.582,96.551,315
2014-10-10 16:10:00,2014-10-10 16:11:00,96.542,96.537,96.554,96.531,96.563,96.562,96.579,96.551,413
2014-10-10 16:11:00,2014-10-10 16:12:00,96.537,96.55,96.564,96.54,96.562,96.574,96.588,96.558,225
2014-10-10 16:12:00,2014-10-10 16:13:00,96.55,96.55,96.557,96.542,96.574,96.573,96.58,96.565,334
2014-10-10 16:13:00,2014-10-10 16:14:00,96.55,96.582,96.582,96.548,96.573,96.604,96.608,96.567,299
2014-10-10 16:14:00,2014-10-10 16:15:00,96.582,96.568,96.579,96.555,96.604,96.589,96.604,96.575,303
2014-10-10 16:15:00,2014-10-10 16:16:00,96.568,96.55,96.57,96.55,96.589,96.57,96.591,96.57,175
2014-10-10 16:16:00,2014-10-10 16:17:00,96.55,96.546,96.559,96.538,96.57,96.567,96.582,96.557,188
2014-10-10 16:17:00,2014-10-10 16:18:00,96.546,96.54,96.559,96.54,96.567,96.567,96.581,96.562,162
2014-10-10 16:18:00,2014-10-10 16:19:00,96.54,96.514,96.543,96.514,96.567,96.537,96.57,96.537,342
2014-10-10 16:19:00,2014-10-10 16:20:00,96.514,96.507,96.517,96.487,96.537,96.528,96.543,96.505,380
2014-10-10 16:20:00,2014-10-10 16:21:00,96.507,96.486,96.508,96.486,96.528,96.511,96.532,96.509,157
2014-10-10 16:21:00,2014-10-10 16:22:00,96.486,96.514,96.526,96.484,96.511,96.538,96.55,96.508,189
2014-10-10 16:22:00,2014-10-10 16:23:00,96.514,96.519,96.53,96.506,96.538,96.54,96.556,96.526,185
2014-10-10 16:23:00,2014-10-10 16:24:00,96.519,96.495,96.519,96.494,96.54,96.518,96.541,96.512,206
2014-10-10 16:24:00,2014-10-10 16:25:00,96.495,96.481,96.502,96.475,96.518,96.504,96.524,96.497,314
2014-10-10 16:25:00,2014-10-10 16:26:00,96.481,96.474,96.494,96.474,96.504,96.493,96.519,96.492,189
2014-10-10 16:26:00,2014-10-10 16:27:00,96.474,96.492,96.492,96.472,96.493,96.516,96.516,96.494,194
2014-10-10 16:27:00,2014-10-10 16:28:00,96.492,96.468,96.501,96.467,96.516,96.489,96.524,96.488,213
2014-10-10 16:28:00,2014-10-10 16:29:00,96.468,96.456,96.473,96.449,96.489,96.481,96.497,96.471,146
2014-10-10 16:29:00,2014-10-10 16:30:00,96.456,96.476,96.476,96.456,96.481,96.498,96.499,96.479,102
2014-10-10 16:30:00,2014-10-10 16:31:00,96.476,96.511,96.521,96.473,96.498,96.535,96.543,96.495,337
2014-10-10 16:31:00,2014-10-10 16:32:00,96.511,96.514,96.515,96.481,96.535,96.54,96.54,96.502,297
2014-10-10 16:32:00,2014-10-10 16:33:00,96.514,96.536,96.543,96.511,96.54,96.562,96.564,96.534,387
2014-10-10 16:33:00,2014-10-10 16:34:00,96.536,96.548,96.552,96.515,96.562,96.573,96.578,96.538,286
2014-10-10 16:34:00,2014-10-10 16:35:00,96.548,96.55,96.561,96.539,96.573,96.575,96.587,96.561,199
2014-10-10 16:35:00,2014-10-10 16:36:00,96.55,96.526,96.553,96.517,96.575,96.553,96.579,96.542,238
2014-10-10 16:36:00,2014-10-10 16:37:00,96.526,96.514,96.526,96.507,96.553,96.542,96.553,96.534,193
2014-10-10 16:37:00,2014-10-10 16:38:00,96.514,96.508,96.529,96.502,96.542,96.535,96.554,96.527,160
2014-10-10 16:38:00,2014-10-10 16:39:00,96.508,96.507,96.516,96.498,96.535,96.532,96.542,96.524,224
2014-10-10 16:39:00,2014-10-10 16:40:00,96.507,96.511,96.518,96.501,96.532,96.536,96.544,96.526,151
2014-10-10 16:40:00,2014-10-10 16:41:00,96.511,96.521,96.526,96.509,96.536,96.544,96.549,96.536,136
2014-10-10 16:41:00,2014-10-10 16:42:00,96.521,96.52,96.527,96.519,96.544,96.547,96.555,96.544,181
2014-10-10 16:42:00,2014-10-10 16:43:00,96.52,96.518,96.53,96.504,96.547,96.544,96.552,96.529,371
2014-10-10 16:43:00,2014-10-10 16:44:00,96.518,96.517,96.525,96.506,96.544,96.544,96.547,96.529,158
2014-10-10 16:44:00,2014-10-10 16:45:00,96.517,96.521,96.53,96.515,96.544,96.547,96.557,96.541,150
2014-10-10 16:45:00,2014-10-10 16:46:00,96.521,96.521,96.529,96.516,96.547,96.545,96.554,96.539,97
2014-10-10 16:46:00,2014-10-10 16:47:00,96.521,96.517,96.549,96.517,96.545,96.538,96.568,96.538,197
2014-10-10 16:47:00,2014-10-10 16:48:00,96.517,96.506,96.522,96.506,96.538,96.533,96.544,96.533,114
2014-10-10 16:48:00,2014-10-10 16:49:00,96.506,96.516,96.521,96.505,96.533,96.542,96.546,96.532,114
2014-10-10 16:49:00,2014-10-10 16:50:00,96.516,96.517,96.522,96.508,96.542,96.545,96.549,96.537,187
2014-10-10 16:50:00,2014-10-10 16:51:00,96.517,96.492,96.518,96.492,96.545,96.518,96.544,96.518,156
2014-10-10 16:51:00,2014-10-10 16:52:00,96.492,96.509,96.514,96.492,96.518,96.536,96.541,96.518,142
2014-10-10 16:52:00,2014-10-10 16:53:00,96.509,96.488,96.509,96.485,96.536,96.515,96.535,96.512,146
2014-10-10 16:53:00,2014-10-10 16:54:00,96.488,96.509,96.514,96.484,96.515,96.537,96.537,96.512,212
2014-10-10 16:54:00,2014-10-10 16:55:00,96.509,96.472,96.508,96.471,96.537,96.5,96.532,96.499,186
2014-10-10 16:55:00,2014-10-10 16:56:00,96.472,96.482,96.489,96.474,96.5,96.508,96.512,96.5,98
2014-10-10 16:56:00,2014-10-10 16:57:00,96.482,96.472,96.483,96.466,96.508,96.499,96.508,96.492,142
2014-10-10 16:57:00,2014-10-10 16:58:00,96.472,96.473,96.484,96.467,96.499,96.499,96.51,96.494,132
2014-10-10 16:58:00,2014-10-10 16:59:00,96.473,96.455,96.474,96.448,96.499,96.482,96.501,96.472,222
2014-10-10 16:59:00,2014-10-10 17:00:00,96.455,96.441,96.455,96.437,96.482,96.468,96.483,96.461,116
2014-10-10 17:00:00,2014-10-10 17:01:00,96.441,96.438,96.448,96.437,96.468,96.462,96.477,96.461,154
2014-10-10 17:01:00,2014-10-10 17:02:00,96.438,96.451,96.453,96.438,96.462,96.48,96.481,96.463,62
2014-10-10 17:02:00,2014-10-10 17:03:00,96.451,96.435,96.451,96.432,96.48,96.458,96.478,96.458,171
2014-10-10 17:03:00,2014-10-10 17:04:00,96.435,96.382,96.436,96.374,96.458,96.41,96.46,96.402,328
2014-10-10 17:04:00,2014-10-10 17:05:00,96.382,96.402,96.411,96.379,96.41,96.422,96.439,96.407,174
2014-10-10 17:05:00,2014-10-10 17:06:00,96.402,96.414,96.426,96.402,96.422,96.438,96.451,96.426,95
2014-10-10 17:06:00,2014-10-10 17:07:00,96.414,96.439,96.447,96.413,96.438,96.461,96.47,96.437,144
2014-10-10 17:07:00,2014-10-10 17:08:00,96.439,96.46,96.46,96.439,96.461,96.484,96.484,96.464,136
2014-10-10 17:08:00,2014-10-10 17:09:00,96.46,96.439,96.46,96.438,96.484,96.462,96.481,96.462,80
2014-10-10 17:09:00,2014-10-10 17:10:00,96.439,96.395,96.438,96.395,96.462,96.42,96.462,96.417,193
2014-10-10 17:10:00,2014-10-10 17:11:00,96.395,96.392,96.404,96.389,96.42,96.414,96.424,96.414,147
2014-10-10 17:11:00,2014-10-10 17:12:00,96.392,96.391,96.396,96.391,96.414,96.416,96.418,96.414,31
2014-10-10 17:12:00,2014-10-10 17:13:00,96.391,96.386,96.394,96.382,96.416,96.41,96.418,96.408,66
2014-10-10 17:13:00,2014-10-10 17:14:00,96.386,96.375,96.386,96.374,96.41,96.4,96.41,96.399,88
2014-10-10 17:14:00,2014-10-10 17:15:00,96.375,96.35,96.378,96.342,96.4,96.375,96.4,96.367,138
2014-10-10 17:15:00,2014-10-10 17:16:00,96.35,96.343,96.35,96.335,96.375,96.368,96.376,96.357,160
2014-10-10 17:16:00,2014-10-10 17:17:00,96.343,96.339,96.349,96.334,96.368,96.363,96.371,96.36,184
2014-10-10 17:17:00,2014-10-10 17:18:00,96.339,96.326,96.341,96.326,96.363,96.349,96.366,96.348,157
2014-10-10 17:18:00,2014-10-10 17:19:00,96.326,96.327,96.337,96.32,96.349,96.349,96.36,96.344,104
2014-10-10 17:19:00,2014-10-10 17:20:00,96.327,96.316,96.335,96.315,96.349,96.338,96.353,96.336,51
2014-10-10 17:20:00,2014-10-10 17:21:00,96.316,96.274,96.315,96.253,96.338,96.3,96.338,96.28,336
2014-10-10 17:21:00,2014-10-10 17:22:00,96.274,96.283,96.286,96.271,96.3,96.307,96.309,96.293,149
2014-10-10 17:22:00,2014-10-10 17:23:00,96.283,96.297,96.298,96.28,96.307,96.322,96.322,96.3,129
2014-10-10 17:23:00,2014-10-10 17:24:00,96.297,96.297,96.302,96.295,96.322,96.322,96.326,96.319,37
2014-10-10 17:24:00,2014-10-10 17:25:00,96.297,96.294,96.297,96.288,96.322,96.318,96.322,96.313,83
2014-10-10 17:25:00,2014-10-10 17:26:00,96.294,96.296,96.296,96.285,96.318,96.32,96.32,96.309,63
2014-10-10 17:26:00,2014-10-10 17:27:00,96.296,96.278,96.296,96.265,96.32,96.301,96.32,96.288,82
2014-10-10 17:27:00,2014-10-10 17:28:00,96.278,96.283,96.284,96.268,96.301,96.309,96.31,96.291,112
2014-10-10 17:28:00,2014-10-10 17:29:00,96.283,96.282,96.29,96.278,96.309,96.306,96.313,96.302,73
2014-10-10 17:29:00,2014-10-10 17:30:00,96.282,96.3,96.3,96.278,96.306,96.324,96.327,96.3,135
2014-10-10 17:30:00,2014-10-10 17:31:00,96.3,96.296,96.306,96.295,96.324,96.322,96.331,96.318,74
2014-10-10 17:31:00,2014-10-10 17:32:00,96.296,96.297,96.307,96.296,96.322,96.323,96.334,96.322,67
2014-10-10 17:32:00,2014-10-10 17:33:00,96.297,96.27,96.304,96.268,96.323,96.298,96.33,96.294,127
2014-10-10 17:33:00,2014-10-10 17:34:00,96.27,96.259,96.27,96.254,96.298,96.286,96.297,96.279,207
2014-10-10 17:34:00,2014-10-10 17:35:00,96.259,96.25,96.264,96.249,96.286,96.279,96.291,96.275,190
2014-10-10 17:35:00,2014-10-10 17:36:00,96.25,96.255,96.256,96.239,96.279,96.282,96.283,96.265,207
2014-10-10 17:36:00,2014-10-10 17:37:00,96.255,96.273,96.289,96.254,96.282,96.301,96.32,96.282,212
2014-10-10 17:37:00,2014-10-10 17:38:00,96.273,96.302,96.309,96.273,96.301,96.332,96.338,96.3,151
2014-10-10 17:38:00,2014-10-10 17:39:00,96.302,96.313,96.318,96.302,96.332,96.341,96.344,96.33,138
2014-10-10 17:39:00,2014-10-10 17:40:00,96.313,96.309,96.319,96.301,96.341,96.336,96.347,96.331,105
2014-10-10 17:40:00,2014-10-10 17:41:00,96.309,96.32,96.324,96.31,96.336,96.346,96.348,96.336,50
2014-10-10 17:41:00,2014-10-10 17:42:00,96.32,96.314,96.32,96.311,96.346,96.337,96.345,96.334,51
2014-10-10 17:42:00,2014-10-10 17:43:00,96.314,96.316,96.319,96.304,96.337,96.342,96.344,96.329,98
2014-10-10 17:43:00,2014-10-10 17:44:00,96.316,96.32,96.328,96.316,96.342,96.345,96.353,96.342,61
2014-10-10 17:44:00,2014-10-10 17:45:00,96.32,96.305,96.32,96.302,96.345,96.333,96.346,96.325,101
2014-10-10 17:45:00,2014-10-10 17:46:00,96.305,96.299,96.307,96.299,96.333,96.326,96.333,96.326,44
2014-10-10 17:46:00,2014-10-10 17:47:00,96.299,96.278,96.303,96.278,96.326,96.304,96.33,96.304,106
2014-10-10 17:47:00,2014-10-10 17:48:00,96.278,96.275,96.278,96.269,96.304,96.301,96.305,96.296,52
2014-10-10 17:48:00,2014-10-10 17:49:00,96.275,96.291,96.303,96.275,96.301,96.318,96.33,96.302,94
2014-10-10 17:49:00,2014-10-10 17:50:00,96.291,96.294,96.302,96.291,96.318,96.323,96.328,96.316,83
2014-10-10 17:50:00,2014-10-10 17:51:00,96.294,96.285,96.294,96.275,96.323,96.311,96.323,96.3,65
2014-10-10 17:51:00,2014-10-10 17:52:00,96.285,96.289,96.297,96.284,96.311,96.311,96.323,96.308,85
2014-10-10 17:52:00,2014-10-10 17:53:00,96.289,96.295,96.305,96.287,96.311,96.318,96.331,96.31,114
2014-10-10 17:53:00,2014-10-10 17:54:00,96.295,96.293,96.305,96.293,96.318,96.319,96.331,96.318,72
2014-10-10 17:54:00,2014-10-10 17:55:00,96.293,96.302,96.307,96.294,96.319,96.327,96.332,96.319,76
2014-10-10 17:55:00,2014-10-10 17:56:00,96.302,96.305,96.314,96.3,96.327,96.332,96.337,96.325,258
2014-10-10 17:56:00,2014-10-10 17:57:00,96.305,96.297,96.308,96.297,96.332,96.324,96.332,96.323,53
2014-10-10 17:57:00,2014-10-10 17:58:00,96.297,96.281,96.296,96.274,96.324,96.307,96.324,96.301,158
2014-10-10 17:58:00,2014-10-10 17:59:00,96.281,96.305,96.305,96.283,96.307,96.332,96.332,96.307,70
2014-10-10 17:59:00,2014-10-10 18:00:00,96.305,96.311,96.312,96.305,96.332,96.338,96.34,96.331,67
2014-10-10 18:00:00,2014-10-10 18:01:00,96.311,96.328,96.333,96.313,96.338,96.355,96.362,96.338,161
2014-10-10 18:01:00,2014-10-10 18:02:00,96.328,96.328,96.331,96.325,96.355,96.353,96.358,96.352,23
2014-10-10 18:02:00,2014-10-10 18:03:00,96.328,96.308,96.328,96.301,96.353,96.335,96.352,96.329,116
2014-10-10 18:03:00,2014-10-10 18:04:00,96.308,96.333,96.333,96.308,96.335,96.361,96.361,96.335,150
2014-10-10 18:04:00,2014-10-10 18:05:00,96.333,96.333,96.335,96.322,96.361,96.361,96.363,96.348,113
2014-10-10 18:05:00,2014-10-10 18:06:00,96.333,96.293,96.333,96.288,96.361,96.32,96.36,96.313,220
2014-10-10 18:06:00,2014-10-10 18:07:00,96.293,96.315,96.321,96.289,96.32,96.342,96.348,96.318,139
2014-10-10 18:07:00,2014-10-10 18:08:00,96.315,96.313,96.34,96.308,96.342,96.343,96.37,96.335,239
2014-10-10 18:08:00,2014-10-10 18:09:00,96.313,96.314,96.318,96.307,96.343,96.342,96.345,96.335,111
2014-10-10 18:09:00,2014-10-10 18:10:00,96.314,96.295,96.316,96.294,96.342,96.319,96.342,96.319,72
2014-10-10 18:10:00,2014-10-10 18:11:00,96.295,96.285,96.296,96.282,96.319,96.31,96.32,96.31,75
2014-10-10 18:11:00,2014-10-10 18:12:00,96.285,96.26,96.291,96.26,96.31,96.286,96.319,96.286,136
2014-10-10 18:12:00,2014-10-10 18:13:00,96.26,96.245,96.266,96.245,96.286,96.273,96.294,96.271,110
2014-10-10 18:13:00,2014-10-10 18:14:00,96.245,96.236,96.249,96.23,96.273,96.263,96.276,96.256,226
2014-10-10 18:14:00,2014-10-10 18:15:00,96.236,96.245,96.245,96.224,96.263,96.273,96.273,96.247,188
2014-10-10 18:15:00,2014-10-10 18:16:00,96.245,96.244,96.248,96.229,96.273,96.266,96.273,96.253,85
2014-10-10 18:16:00,2014-10-10 18:17:00,96.244,96.227,96.244,96.221,96.266,96.251,96.262,96.243,68
2014-10-10 18:17:00,2014-10-10 18:18:00,96.227,96.216,96.233,96.216,96.251,96.238,96.257,96.238,177
2014-10-10 18:18:00,2014-10-10 18:19:00,96.216,96.213,96.219,96.209,96.238,96.237,96.245,96.23,137
2014-10-10 18:19:00,2014-10-10 18:20:00,96.213,96.219,96.233,96.209,96.237,96.246,96.257,96.232,192
2014-10-10 18:20:00,2014-10-10 18:21:00,96.219,96.211,96.242,96.207,96.246,96.235,96.268,96.233,169
2014-10-10 18:21:00,2014-10-10 18:22:00,96.211,96.222,96.222,96.202,96.235,96.249,96.249,96.229,63
2014-10-10 18:22:00,2014-10-10 18:23:00,96.222,96.222,96.228,96.22,96.249,96.251,96.255,96.248,47
2014-10-10 18:23:00,2014-10-10 18:24:00,96.222,96.24,96.24,96.222,96.251,96.263,96.263,96.251,52
2014-10-10 18:24:00,2014-10-10 18:25:00,96.24,96.244,96.256,96.224,96.263,96.269,96.282,96.246,135
2014-10-10 18:25:00,2014-10-10 18:26:00,96.244,96.232,96.244,96.228,96.269,96.253,96.269,96.25,65
2014-10-10 18:26:00,2014-10-10 18:27:00,96.232,96.222,96.233,96.222,96.253,96.246,96.256,96.245,93
2014-10-10 18:27:00,2014-10-10 18:28:00,96.222,96.209,96.225,96.206,96.246,96.234,96.25,96.231,212
2014-10-10 18:28:00,2014-10-10 18:29:00,96.209,96.217,96.222,96.202,96.234,96.243,96.247,96.227,120
2014-10-10 18:29:00,2014-10-10 18:30:00,96.217,96.224,96.231,96.216,96.243,96.244,96.251,96.242,131
2014-10-10 18:30:00,2014-10-10 18:31:00,96.224,96.204,96.237,96.204,96.244,96.229,96.253,96.229,85
2014-10-10 18:31:00,2014-10-10 18:32:00,96.204,96.2,96.212,96.197,96.229,96.228,96.232,96.222,76
2014-10-10 18:32:00,2014-10-10 18:33:00,96.2,96.214,96.221,96.202,96.228,96.237,96.244,96.228,43
2014-10-10 18:33:00,2014-10-10 18:34:00,96.214,96.208,96.212,96.208,96.237,96.236,96.237,96.231,6
2014-10-10 18:34:00,2014-10-10 18:35:00,96.208,96.178,96.212,96.175,96.236,96.206,96.236,96.204,202
2014-10-10 18:35:00,2014-10-10 18:36:00,96.178,96.176,96.188,96.173,96.206,96.203,96.215,96.201,217
2014-10-10 18:36:00,2014-10-10 18:37:00,96.176,96.187,96.189,96.171,96.203,96.213,96.218,96.2,107
2014-10-10 18:37:00,2014-10-10 18:38:00,96.187,96.187,96.195,96.183,96.213,96.212,96.222,96.208,128
2014-10-10 18:38:00,2014-10-10 18:39:00,96.187,96.181,96.187,96.176,96.212,96.208,96.214,96.203,58
2014-10-10 18:39:00,2014-10-10 18:40:00,96.181,96.163,96.182,96.163,96.208,96.186,96.208,96.185,98
2014-10-10 18:40:00,2014-10-10 18:41:00,96.163,96.161,96.169,96.157,96.186,96.19,96.195,96.184,112
2014-10-10 18:41:00,2014-10-10 18:42:00,96.161,96.157,96.173,96.157,96.19,96.185,96.198,96.183,116
2014-10-10 18:42:00,2014-10-10 18:43:00,96.157,96.158,96.164,96.152,96.185,96.183,96.192,96.177,118
2014-10-10 18:43:00,2014-10-10 18:44:00,96.158,96.167,96.169,96.155,96.183,96.193,96.195,96.182,68
2014-10-10 18:44:00,2014-10-10 18:45:00,96.167,96.17,96.171,96.158,96.193,96.198,96.198,96.185,77
2014-10-10 18:45:00,2014-10-10 18:46:00,96.17,96.177,96.177,96.159,96.198,96.204,96.204,96.185,85
2014-10-10 18:46:00,2014-10-10 18:47:00,96.177,96.181,96.184,96.174,96.204,96.204,96.207,96.2,42
2014-10-10 18:47:00,2014-10-10 18:48:00,96.181,96.169,96.181,96.169,96.204,96.198,96.206,96.193,111
2014-10-10 18:48:00,2014-10-10 18:49:00,96.169,96.143,96.172,96.139,96.198,96.17,96.199,96.166,116
2014-10-10 18:49:00,2014-10-10 18:50:00,96.143,96.132,96.144,96.132,96.17,96.159,96.169,96.159,88
2014-10-10 18:50:00,2014-10-10 18:51:00,96.132,96.145,96.148,96.132,96.159,96.171,96.171,96.159,73
2014-10-10 18:51:00,2014-10-10 18:52:00,96.145,96.134,96.148,96.134,96.171,96.16,96.171,96.159,131
2014-10-10 18:52:00,2014-10-10 18:53:00,96.134,96.134,96.135,96.127,96.16,96.162,96.162,96.15,76
2014-10-10 18:53:00,2014-10-10 18:54:00,96.134,96.145,96.145,96.134,96.162,96.172,96.172,96.16,21
2014-10-10 18:54:00,2014-10-10 18:55:00,96.145,96.148,96.148,96.136,96.172,96.173,96.174,96.163,63
2014-10-10 18:55:00,2014-10-10 18:56:00,96.148,96.145,96.15,96.14,96.173,96.169,96.173,96.165,45
2014-10-10 18:56:00,2014-10-10 18:57:00,96.145,96.156,96.156,96.14,96.169,96.186,96.186,96.165,53
2014-10-10 18:57:00,2014-10-10 18:58:00,96.156,96.146,96.159,96.146,96.186,96.175,96.186,96.174,32
2014-10-10 18:58:00,2014-10-10 18:59:00,96.146,96.137,96.156,96.129,96.175,96.164,96.179,96.157,312
2014-10-10 18:59:00,2014-10-10 19:00:00,96.137,96.143,96.146,96.13,96.164,96.172,96.174,96.158,92
2014-10-10 19:00:00,2014-10-10 19:01:00,96.143,96.159,96.16,96.143,96.172,96.186,96.187,96.172,36
2014-10-10 19:01:00,2014-10-10 19:02:00,96.159,96.162,96.165,96.154,96.186,96.182,96.189,96.178,145
2014-10-10 19:02:00,2014-10-10 19:03:00,96.162,96.148,96.166,96.141,96.182,96.175,96.194,96.167,101
2014-10-10 19:03:00,2014-10-10 19:04:00,96.148,96.148,96.154,96.135,96.175,96.173,96.183,96.161,97
2014-10-10 19:04:00,2014-10-10 19:05:00,96.148,96.14,96.146,96.136,96.173,96.167,96.173,96.164,27
2014-10-10 19:05:00,2014-10-10 19:06:00,96.14,96.133,96.14,96.129,96.167,96.162,96.166,96.156,60
2014-10-10 19:06:00,2014-10-10 19:07:00,96.133,96.14,96.14,96.113,96.162,96.165,96.165,96.139,127
2014-10-10 19:07:00,2014-10-10 19:08:00,96.14,96.139,96.147,96.129,96.165,96.167,96.173,96.155,84
2014-10-10 19:08:00,2014-10-10 19:09:00,96.139,96.122,96.139,96.122,96.167,96.151,96.166,96.151,21
2014-10-10 19:09:00,2014-10-10 19:10:00,96.122,96.138,96.138,96.122,96.151,96.165,96.165,96.149,26
2014-10-10 19:10:00,2014-10-10 19:11:00,96.138,96.159,96.161,96.139,96.165,96.186,96.188,96.163,57
2014-10-10 19:11:00,2014-10-10 19:12:00,96.159,96.15,96.162,96.15,96.186,96.174,96.187,96.173,45
2014-10-10 19:12:00,2014-10-10 19:13:00,96.15,96.14,96.15,96.139,96.174,96.166,96.172,96.162,43
2014-10-10 19:13:00,2014-10-10 19:14:00,96.14,96.146,96.148,96.137,96.166,96.174,96.175,96.164,27
2014-10-10 19:14:00,2014-10-10 19:15:00,96.146,96.142,96.146,96.138,96.174,96.169,96.17,96.165,29
2014-10-10 19:15:00,2014-10-10 19:16:00,96.142,96.113,96.152,96.113,96.169,96.141,96.18,96.141,108
2014-10-10 19:16:00,2014-10-10 19:17:00,96.113,96.102,96.113,96.093,96.141,96.127,96.142,96.118,155
2014-10-10 19:17:00,2014-10-10 19:18:00,96.102,96.113,96.117,96.092,96.127,96.139,96.14,96.114,228
2014-10-10 19:18:00,2014-10-10 19:19:00,96.113,96.132,96.134,96.112,96.139,96.158,96.158,96.137,161
2014-10-10 19:19:00,2014-10-10 19:20:00,96.132,96.118,96.133,96.118,96.158,96.147,96.161,96.147,74
2014-10-10 19:20:00,2014-10-10 19:21:00,96.118,96.097,96.126,96.097,96.147,96.126,96.154,96.126,59
2014-10-10 19:21:00,2014-10-10 19:22:00,96.097,96.108,96.121,96.097,96.126,96.136,96.145,96.124,64
2014-10-10 19:22:00,2014-10-10 19:23:00,96.108,96.112,96.113,96.099,96.136,96.141,96.141,96.128,58
2014-10-10 19:23:00,2014-10-10 19:24:00,96.112,96.092,96.112,96.086,96.141,96.121,96.14,96.115,70
2014-10-10 19:24:00,2014-10-10 19:25:00,96.092,96.088,96.1,96.088,96.121,96.116,96.128,96.116,48
2014-10-10 19:25:00,2014-10-10 19:26:00,96.088,96.094,96.102,96.087,96.116,96.121,96.124,96.112,105
2014-10-10 19:26:00,2014-10-10 19:27:00,96.094,96.102,96.104,96.091,96.121,96.127,96.127,96.112,53
2014-10-10 19:27:00,2014-10-10 19:28:00,96.102,96.099,96.111,96.091,96.127,96.124,96.134,96.117,210
2014-10-10 19:28:00,2014-10-10 19:29:00,96.099,96.086,96.101,96.078,96.124,96.115,96.125,96.105,191
2014-10-10 19:29:00,2014-10-10 19:30:00,96.086,96.087,96.1,96.086,96.115,96.114,96.126,96.114,78
2014-10-10 19:30:00,2014-10-10 19:31:00,96.087,96.096,96.104,96.083,96.114,96.121,96.125,96.11,114
2014-10-10 19:31:00,2014-10-10 19:32:00,96.096,96.087,96.097,96.081,96.121,96.114,96.118,96.109,65
2014-10-10 19:32:00,2014-10-10 19:33:00,96.087,96.078,96.088,96.074,96.114,96.103,96.117,96.102,84
2014-10-10 19:33:00,2014-10-10 19:34:00,96.078,96.07,96.079,96.065,96.103,96.096,96.104,96.091,79
2014-10-10 19:34:00,2014-10-10 19:35:00,96.07,96.08,96.082,96.066,96.096,96.108,96.109,96.092,77
2014-10-10 19:35:00,2014-10-10 19:36:00,96.08,96.087,96.09,96.081,96.108,96.114,96.114,96.108,38
2014-10-10 19:36:00,2014-10-10 19:37:00,96.087,96.087,96.091,96.08,96.114,96.111,96.113,96.106,176
2014-10-10 19:37:00,2014-10-10 19:38:00,96.087,96.087,96.093,96.081,96.111,96.11,96.114,96.109,115
2014-10-10 19:38:00,2014-10-10 19:39:00,96.087,96.088,96.089,96.086,96.11,96.112,96.112,96.11,32
2014-10-10 19:39:00,2014-10-10 19:40:00,96.088,96.093,96.101,96.09,96.112,96.118,96.12,96.112,76
2014-10-10 19:40:00,2014-10-10 19:41:00,96.093,96.091,96.096,96.079,96.118,96.12,96.12,96.107,108
2014-10-10 19:41:00,2014-10-10 19:42:00,96.091,96.098,96.1,96.091,96.12,96.123,96.123,96.117,30
2014-10-10 19:42:00,2014-10-10 19:43:00,96.098,96.108,96.11,96.096,96.123,96.137,96.137,96.124,66
2014-10-10 19:43:00,2014-10-10 19:44:00,96.108,96.098,96.111,96.098,96.137,96.127,96.135,96.122,52
2014-10-10 19:44:00,2014-10-10 19:45:00,96.098,96.112,96.114,96.096,96.127,96.139,96.144,96.124,65
2014-10-10 19:45:00,2014-10-10 19:46:00,96.112,96.113,96.115,96.111,96.139,96.142,96.142,96.139,9
2014-10-10 19:46:00,2014-10-10 19:47:00,96.113,96.104,96.115,96.102,96.142,96.128,96.142,96.128,49
2014-10-10 19:47:00,2014-10-10 19:48:00,96.104,96.091,96.105,96.091,96.128,96.119,96.129,96.117,33
2014-10-10 19:48:00,2014-10-10 19:49:00,96.091,96.073,96.091,96.072,96.119,96.098,96.118,96.095,63
2014-10-10 19:49:00,2014-10-10 19:50:00,96.073,96.061,96.076,96.055,96.098,96.089,96.103,96.083,187
2014-10-10 19:50:00,2014-10-10 19:51:00,96.061,96.061,96.063,96.054,96.089,96.087,96.093,96.078,68
2014-10-10 19:51:00,2014-10-10 19:52:00,96.061,96.055,96.066,96.045,96.087,96.081,96.095,96.071,107
2014-10-10 19:52:00,2014-10-10 19:53:00,96.055,96.065,96.07,96.052,96.081,96.091,96.099,96.077,92
2014-10-10 19:53:00,2014-10-10 19:54:00,96.065,96.054,96.069,96.052,96.091,96.083,96.096,96.079,163
2014-10-10 19:54:00,2014-10-10 19:55:00,96.054,96.062,96.068,96.053,96.083,96.087,96.09,96.078,69
2014-10-10 19:55:00,2014-10-10 19:56:00,96.062,96.04,96.062,96.037,96.087,96.065,96.083,96.061,169
2014-10-10 19:56:00,2014-10-10 19:57:00,96.04,96.051,96.062,96.039,96.065,96.08,96.091,96.064,196
2014-10-10 19:57:00,2014-10-10 19:58:00,96.051,96.058,96.066,96.053,96.08,96.084,96.093,96.08,54
2014-10-10 19:58:00,2014-10-10 19:59:00,96.058,96.028,96.065,96.024,96.084,96.053,96.09,96.052,142
2014-10-10 19:59:00,2014-10-10 20:00:00,96.028,96.023,96.039,96.02,96.053,96.05,96.066,96.048,119
2014-10-10 20:00:00,2014-10-10 20:01:00,96.023,96.024,96.029,96.017,96.05,96.052,96.057,96.046,55
2014-10-10 20:01:00,2014-10-10 20:02:00,96.024,96.026,96.032,96.023,96.052,96.055,96.059,96.049,66
2014-10-10 20:02:00,2014-10-10 20:03:00,96.026,96.027,96.029,96.023,96.055,96.052,96.058,96.049,27
2014-10-10 20:03:00,2014-10-10 20:04:00,96.027,96.058,96.058,96.027,96.052,96.085,96.085,96.055,40
2014-10-10 20:04:00,2014-10-10 20:05:00,96.058,96.06,96.068,96.057,96.085,96.09,96.097,96.084,48
2014-10-10 20:05:00,2014-10-10 20:06:00,96.06,96.061,96.073,96.056,96.09,96.087,96.096,96.08,84
2014-10-10 20:06:00,2014-10-10 20:07:00,96.061,96.05,96.062,96.05,96.087,96.072,96.09,96.072,53
2014-10-10 20:07:00,2014-10-10 20:08:00,96.05,96.055,96.058,96.039,96.072,96.079,96.08,96.06,44
2014-10-10 20:08:00,2014-10-10 20:09:00,96.055,96.061,96.066,96.052,96.079,96.09,96.09,96.076,28
2014-10-10 20:09:00,2014-10-10 20:10:00,96.061,96.052,96.062,96.052,96.09,96.08,96.089,96.08,15
2014-10-10 20:10:00,2014-10-10 20:11:00,96.052,96.034,96.056,96.032,96.08,96.064,96.083,96.063,56
2014-10-10 20:11:00,2014-10-10 20:12:00,96.034,96.039,96.039,96.034,96.064,96.067,96.067,96.063,13
2014-10-10 20:12:00,2014-10-10 20:13:00,96.039,96.049,96.049,96.04,96.067,96.077,96.077,96.068,31
2014-10-10 20:13:00,2014-10-10 20:14:00,96.049,96.034,96.048,96.034,96.077,96.062,96.076,96.062,55
2014-10-10 20:14:00,2014-10-10 20:15:00,96.034,96.03,96.039,96.03,96.062,96.054,96.065,96.048,44
2014-10-10 20:15:00,2014-10-10 20:16:00,96.03,96.008,96.031,96.008,96.054,96.034,96.058,96.032,67
2014-10-10 20:16:00,2014-10-10 20:17:00,96.008,96.01,96.01,95.985,96.034,96.037,96.039,96.012,114
2014-10-10 20:17:00,2014-10-10 20:18:00,96.01,96.035,96.04,96.012,96.037,96.061,96.066,96.04,53
2014-10-10 20:18:00,2014-10-10 20:19:00,96.035,96.038,96.04,96.02,96.061,96.06,96.067,96.041,82
2014-10-10 20:19:00,2014-10-10 20:20:00,96.038,96.046,96.052,96.038,96.06,96.067,96.072,96.058,66
2014-10-10 20:20:00,2014-10-10 20:21:00,96.046,96.049,96.053,96.046,96.067,96.076,96.081,96.067,24
2014-10-10 20:21:00,2014-10-10 20:22:00,96.049,96.045,96.047,96.043,96.076,96.067,96.074,96.065,10
2014-10-10 20:22:00,2014-10-10 20:23:00,96.045,96.044,96.047,96.044,96.067,96.069,96.07,96.067,13
2014-10-10 20:23:00,2014-10-10 20:24:00,96.044,96.025,96.045,96.02,96.069,96.051,96.07,96.039,41
2014-10-10 20:24:00,2014-10-10 20:25:00,96.025,96.033,96.033,96.025,96.051,96.055,96.056,96.051,17
2014-10-10 20:25:00,2014-10-10 20:26:00,96.033,96.03,96.033,96.029,96.055,96.052,96.055,96.052,13
2014-10-10 20:26:00,2014-10-10 20:27:00,96.03,96.023,96.031,96.022,96.052,96.05,96.057,96.049,26
2014-10-10 20:27:00,2014-10-10 20:28:00,96.023,96.018,96.027,96.018,96.05,96.045,96.05,96.045,21
2014-10-10 20:28:00,2014-10-10 20:29:00,96.018,96.018,96.026,96.018,96.045,96.047,96.051,96.046,22
2014-10-10 20:29:00,2014-10-10 20:30:00,96.018,95.99,96.02,95.99,96.047,96.026,96.05,96.02,62
2014-10-10 20:30:00,2014-10-10 20:31:00,95.99,96.015,96.015,95.99,96.026,96.049,96.049,96.026,60
2014-10-10 20:31:00,2014-10-10 20:32:00,96.015,96.029,96.029,96.015,96.049,96.059,96.064,96.049,41
2014-10-10 20:32:00,2014-10-10 20:33:00,96.029,96.03,96.036,96.026,96.059,96.066,96.068,96.059,33
2014-10-10 20:33:00,2014-10-10 20:34:00,96.03,96.019,96.03,96.019,96.066,96.054,96.067,96.054,32
2014-10-10 20:34:00,2014-10-10 20:35:00,96.019,96.017,96.022,96.016,96.054,96.049,96.059,96.049,66
2014-10-10 20:35:00,2014-10-10 20:36:00,96.017,96.023,96.025,96.014,96.049,96.056,96.056,96.044,26
2014-10-10 20:36:00,2014-10-10 20:37:00,96.023,96.021,96.025,96.02,96.056,96.055,96.056,96.052,29
2014-10-10 20:37:00,2014-10-10 20:38:00,96.021,96.022,96.028,96.021,96.055,96.059,96.059,96.054,25
2014-10-10 20:38:00,2014-10-10 20:39:00,96.022,96.026,96.03,96.021,96.059,96.064,96.064,96.052,36
2014-10-10 20:39:00,2014-10-10 20:40:00,96.026,96.016,96.031,96.014,96.064,96.053,96.064,96.045,48
2014-10-10 20:40:00,2014-10-10 20:41:00,96.016,96.004,96.021,96.003,96.053,96.036,96.057,96.036,47
2014-10-10 20:41:00,2014-10-10 20:42:00,96.004,95.996,96.005,95.983,96.036,96.028,96.038,96.016,141
2014-10-10 20:42:00,2014-10-10 20:43:00,95.996,95.984,95.996,95.98,96.028,96.019,96.027,96.015,50
2014-10-10 20:43:00,2014-10-10 20:44:00,95.984,95.976,95.985,95.975,96.019,96.013,96.021,96.012,26
2014-10-10 20:44:00,2014-10-10 20:45:00,95.976,95.985,96.0,95.976,96.013,96.02,96.031,96.013,92
2014-10-10 20:45:00,2014-10-10 20:46:00,95.985,95.988,96.005,95.975,96.02,96.027,96.041,96.013,194
2014-10-10 20:46:00,2014-10-10 20:47:00,95.988,95.995,95.999,95.986,96.027,96.025,96.031,96.018,61
2014-10-10 20:47:00,2014-10-10 20:48:00,95.995,96.005,96.005,95.99,96.025,96.036,96.039,96.025,19
2014-10-10 20:48:00,2014-10-10 20:49:00,96.005,96.007,96.013,96.002,96.036,96.041,96.05,96.036,42
2014-10-10 20:49:00,2014-10-10 20:50:00,96.007,96.012,96.013,95.996,96.041,96.049,96.049,96.037,42
2014-10-10 20:50:00,2014-10-10 20:51:00,96.012,96.03,96.045,96.009,96.049,96.077,96.121,96.044,132
2014-10-10 20:51:00,2014-10-10 20:52:00,96.03,96.017,96.03,96.013,96.077,96.062,96.075,96.049,130
2014-10-10 20:52:00,2014-10-10 20:53:00,96.017,96.036,96.045,96.015,96.062,96.072,96.087,96.057,113
2014-10-10 20:53:00,2014-10-10 20:54:00,96.036,96.053,96.059,96.02,96.072,96.087,96.09,96.068,159
2014-10-10 20:54:00,2014-10-10 20:55:00,96.053,96.05,96.064,96.044,96.087,96.09,96.108,96.08,143
2014-10-10 20:55:00,2014-10-10 20:56:00,96.05,96.051,96.065,96.051,96.09,96.09,96.118,96.087,70
2014-10-10 20:56:00,2014-10-10 20:57:00,96.051,96.099,96.111,96.05,96.09,96.147,96.164,96.095,96
2014-10-10 20:57:00,2014-10-10 20:58:00,96.099,96.106,96.115,96.046,96.147,96.184,96.189,96.149,67
2014-10-10 20:58:00,2014-10-10 20:59:00,96.106,96.106,96.106,96.106,96.184,96.211,96.211,96.211,1
2014-10-10 20:59:00,2014-10-12 20:01:00,96.106,96.174,96.179,96.174,96.211,96.221,96.226,96.221,3
2014-10-12 20:01:00,2014-10-12 20:04:00,96.174,96.177,96.177,96.17,96.221,96.223,96.226,96.217,8
2014-10-12 20:04:00,2014-10-12 20:05:00,96.177,96.182,96.182,96.17,96.223,96.227,96.227,96.217,11
2014-10-12 20:05:00,2014-10-12 20:06:00,96.182,96.174,96.182,96.168,96.227,96.221,96.227,96.217,22
2014-10-12 20:06:00,2014-10-12 20:07:00,96.174,96.168,96.173,96.168,96.221,96.21,96.221,96.21,4
2014-10-12 20:07:00,2014-10-12 20:08:00,96.168,96.168,96.173,96.159,96.21,96.219,96.224,96.198,26
2014-10-12 20:08:00,2014-10-12 20:09:00,96.168,96.173,96.182,96.173,96.219,96.223,96.228,96.219,16
2014-10-12 20:09:00,2014-10-12 20:10:00,96.173,96.171,96.171,96.171,96.223,96.223,96.223,96.223,1
2014-10-12 20:10:00,2014-10-12 20:11:00,96.171,96.165,96.171,96.163,96.223,96.216,96.221,96.214,8
2014-10-12 20:11:00,2014-10-12 20:12:00,96.165,96.175,96.175,96.163,96.216,96.226,96.226,96.214,12
2014-10-12 20:12:00,2014-10-12 20:13:00,96.175,96.199,96.199,96.184,96.226,96.25,96.25,96.226,8
2014-10-12 20:13:00,2014-10-12 20:14:00,96.199,96.201,96.201,96.201,96.25,96.252,96.252,96.25,2
2014-10-12 20:14:00,2014-10-12 20:15:00,96.201,96.204,96.204,96.196,96.252,96.256,96.256,96.247,6
2014-10-12 20:15:00,2014-10-12 20:16:00,96.204,96.215,96.215,96.204,96.256,96.266,96.266,96.255,7
2014-10-12 20:16:00,2014-10-12 20:17:00,96.215,96.18,96.222,96.18,96.266,96.239,96.273,96.239,10
2014-10-12 20:17:00,2014-10-12 20:18:00,96.18,96.186,96.186,96.175,96.239,96.245,96.245,96.226,12
2014-10-12 20:18:00,2014-10-12 20:19:00,96.186,96.214,96.219,96.191,96.245,96.265,96.286,96.245,18
2014-10-12 20:19:00,2014-10-12 20:20:00,96.214,96.223,96.225,96.205,96.265,96.256,96.274,96.256,19
2014-10-12 20:20:00,2014-10-12 20:22:00,96.223,96.222,96.222,96.222,96.256,96.256,96.256,96.256,1
2014-10-12 20:22:00,2014-10-12 20:23:00,96.222,96.216,96.222,96.216,96.256,96.252,96.252,96.252,3
2014-10-12 20:23:00,2014-10-12 20:25:00,96.216,96.216,96.216,96.216,96.252,96.252,96.254,96.252,2
2014-10-12 20:25:00,2014-10-12 20:26:00,96.216,96.218,96.22,96.215,96.252,96.256,96.256,96.252,5
2014-10-12 20:26:00,2014-10-12 20:27:00,96.218,96.219,96.219,96.219,96.256,96.256,96.256,96.256,1
2014-10-12 20:27:00,2014-10-12 20:28:00,96.219,96.219,96.219,96.176,96.256,96.254,96.254,96.23,9
2014-10-12 20:28:00,2014-10-12 20:29:00,96.219,96.218,96.218,96.218,96.254,96.254,96.254,96.254,1
2014-10-12 20:29:00,2014-10-12 20:30:00,96.218,96.219,96.219,96.219,96.254,96.254,96.254,96.254,1
2014-10-12 20:30:00,2014-10-12 20:31:00,96.219,96.224,96.228,96.22,96.254,96.259,96.263,96.254,6
2014-10-12 20:31:00,2014-10-12 20:32:00,96.224,96.225,96.225,96.223,96.259,96.259,96.259,96.259,2
2014-10-12 20:32:00,2014-10-12 20:33:00,96.225,96.224,96.224,96.224,96.259,96.259,96.259,96.259,1
2014-10-12 20:33:00,2014-10-12 20:34:00,96.224,96.179,96.224,96.154,96.259,96.291,96.314,96.246,11
2014-10-12 20:34:00,2014-10-12 20:35:00,96.179,96.215,96.215,96.204,96.291,96.25,96.264,96.239,11
2014-10-12 20:35:00,2014-10-12 20:37:00,96.215,96.222,96.222,96.183,96.25,96.259,96.259,96.245,10
2014-10-12 20:37:00,2014-10-12 20:38:00,96.222,96.222,96.228,96.222,96.259,96.259,96.263,96.259,7
2014-10-12 20:38:00,2014-10-12 20:39:00,96.222,96.223,96.223,96.185,96.259,96.259,96.259,96.246,6
2014-10-12 20:39:00,2014-10-12 20:40:00,96.223,96.213,96.224,96.213,96.259,96.247,96.259,96.247,4
2014-10-12 20:40:00,2014-10-12 20:41:00,96.213,96.211,96.211,96.211,96.247,96.247,96.247,96.247,1
2014-10-12 20:41:00,2014-10-12 20:42:00,96.211,96.22,96.22,96.211,96.247,96.254,96.254,96.25,3
2014-10-12 20:42:00,2014-10-12 20:43:00,96.22,96.218,96.22,96.218,96.254,96.253,96.253,96.253,2
2014-10-12 20:43:00,2014-10-12 20:45:00,96.218,96.219,96.219,96.219,96.253,96.253,96.253,96.253,1
2014-10-12 20:45:00,2014-10-12 20:46:00,96.219,96.206,96.222,96.192,96.253,96.236,96.272,96.227,27
2014-10-12 20:46:00,2014-10-12 20:47:00,96.206,96.21,96.219,96.205,96.236,96.246,96.25,96.237,32
2014-10-12 20:47:00,2014-10-12 20:48:00,96.21,96.212,96.212,96.205,96.246,96.244,96.246,96.237,20
2014-10-12 20:48:00,2014-10-12 20:49:00,96.212,96.172,96.189,96.172,96.244,96.233,96.236,96.233,6
2014-10-12 20:49:00,2014-10-12 20:50:00,96.172,96.176,96.181,96.173,96.233,96.229,96.243,96.229,8
2014-10-12 20:50:00,2014-10-12 20:51:00,96.176,96.176,96.176,96.176,96.229,96.23,96.23,96.23,1
2014-10-12 20:51:00,2014-10-12 20:52:00,96.176,96.158,96.176,96.158,96.23,96.212,96.223,96.212,10
2014-10-12 20:52:00,2014-10-12 20:53:00,96.158,96.166,96.175,96.164,96.212,96.219,96.229,96.212,10
2014-10-12 20:53:00,2014-10-12 20:54:00,96.166,96.169,96.169,96.169,96.219,96.222,96.222,96.219,2
2014-10-12 20:54:00,2014-10-12 20:55:00,96.169,96.165,96.169,96.165,96.222,96.218,96.218,96.218,2
2014-10-12 20:55:00,2014-10-12 20:56:00,96.165,96.169,96.169,96.169,96.218,96.219,96.219,96.218,2
2014-10-12 20:56:00,2014-10-12 20:57:00,96.169,96.171,96.171,96.171,96.219,96.222,96.222,96.219,2
2014-10-12 20:57:00,2014-10-12 21:00:00,96.171,96.127,96.172,96.104,96.222,96.26,96.26,96.171,29
2014-10-12 21:00:00,2014-10-12 21:01:00,96.127,96.007,96.129,95.995,96.26,96.132,96.247,96.12,52
2014-10-12 21:01:00,2014-10-12 21:02:00,96.007,96.014,96.017,95.966,96.132,96.137,96.165,96.08,26
2014-10-12 21:02:00,2014-10-12 21:03:00,96.014,96.044,96.093,96.025,96.137,96.163,96.226,96.126,26
2014-10-12 21:03:00,2014-10-12 21:04:00,96.044,96.049,96.051,96.018,96.163,96.105,96.163,96.098,23
2014-10-12 21:04:00,2014-10-12 21:05:00,96.049,96.026,96.058,96.023,96.105,96.095,96.105,96.089,45
2014-10-12 21:05:00,2014-10-12 21:06:00,96.026,96.029,96.031,96.024,96.095,96.095,96.097,96.091,9
2014-10-12 21:06:00,2014-10-12 21:07:00,96.029,96.016,96.03,96.014,96.095,96.077,96.094,96.063,29
2014-10-12 21:07:00,2014-10-12 21:08:00,96.016,95.984,96.039,95.975,96.077,96.05,96.083,96.033,88
2014-10-12 21:08:00,2014-10-12 21:09:00,95.984,95.946,95.99,95.943,96.05,96.009,96.048,96.006,104
2014-10-12 21:09:00,2014-10-12 21:10:00,95.946,95.934,95.952,95.934,96.009,95.969,96.012,95.969,64
2014-10-12 21:10:00,2014-10-12 21:11:00,95.934,95.962,95.973,95.931,95.969,95.988,95.99,95.969,19
2014-10-12 21:11:00,2014-10-12 21:12:00,95.962,95.979,95.988,95.961,95.988,96.014,96.014,95.988,31
2014-10-12 21:12:00,2014-10-12 21:13:00,95.979,95.973,95.979,95.961,96.014,96.001,96.008,95.99,11
2014-10-12 21:13:00,2014-10-12 21:14:00,95.973,95.964,95.979,95.964,96.001,95.995,96.011,95.995,17
2014-10-12 21:14:00,2014-10-12 21:15:00,95.964,95.958,95.968,95.955,95.995,95.99,96.0,95.986,23
2014-10-12 21:15:00,2014-10-12 21:16:00,95.958,95.954,95.956,95.951,95.99,95.996,95.996,95.986,11
2014-10-12 21:16:00,2014-10-12 21:17:00,95.954,95.952,95.958,95.952,95.996,95.995,95.999,95.995,10
2014-10-12 21:17:00,2014-10-12 21:18:00,95.952,95.965,95.966,95.948,95.995,96.004,96.004,95.987,20
2014-10-12 21:18:00,2014-10-12 21:19:00,95.965,95.94,95.965,95.939,96.004,95.973,95.996,95.973,12
2014-10-12 21:19:00,2014-10-12 21:20:00,95.94,95.923,95.937,95.923,95.973,95.966,95.974,95.966,15
2014-10-12 21:20:00,2014-10-12 21:21:00,95.923,95.926,95.926,95.926,95.966,95.964,95.966,95.964,2
2014-10-12 21:21:00,2014-10-12 21:22:00,95.926,95.911,95.935,95.902,95.964,95.948,95.969,95.947,21
2014-10-12 21:22:00,2014-10-12 21:23:00,95.911,95.919,95.919,95.909,95.948,95.96,95.96,95.952,16
2014-10-12 21:23:00,2014-10-12 21:24:00,95.919,95.925,95.925,95.918,95.96,95.964,95.964,95.96,6
2014-10-12 21:24:00,2014-10-12 21:25:00,95.925,95.92,95.931,95.92,95.964,95.97,95.97,95.964,19
2014-10-12 21:25:00,2014-10-12 21:26:00,95.92,95.938,95.948,95.921,95.97,95.983,95.983,95.97,33
2014-10-12 21:26:00,2014-10-12 21:27:00,95.938,95.904,95.937,95.904,95.983,95.949,95.983,95.949,57
2014-10-12 21:27:00,2014-10-12 21:28:00,95.904,95.901,95.907,95.9,95.949,95.946,95.952,95.946,10
2014-10-12 21:28:00,2014-10-12 21:29:00,95.901,95.901,95.901,95.901,95.946,95.946,95.947,95.946,2
2014-10-12 21:29:00,2014-10-12 21:30:00,95.901,95.902,95.91,95.901,95.946,95.951,95.959,95.945,29
2014-10-12 21:30:00,2014-10-12 21:31:00,95.902,95.903,95.903,95.898,95.951,95.95,95.95,95.944,9
2014-10-12 21:31:00,2014-10-12 21:32:00,95.903,95.898,95.906,95.895,95.95,95.948,95.949,95.932,18
2014-10-12 21:32:00,2014-10-12 21:33:00,95.898,95.911,95.917,95.896,95.948,95.963,95.964,95.948,29
2014-10-12 21:33:00,2014-10-12 21:34:00,95.911,95.9,95.911,95.898,95.963,95.946,95.958,95.944,25
2014-10-12 21:34:00,2014-10-12 21:35:00,95.9,95.901,95.903,95.896,95.946,95.946,95.947,95.942,15
2014-10-12 21:35:00,2014-10-12 21:36:00,95.901,95.899,95.906,95.892,95.946,95.942,95.945,95.934,63
2014-10-12 21:36:00,2014-10-12 21:37:00,95.899,95.901,95.901,95.892,95.942,95.942,95.943,95.935,20
2014-10-12 21:37:00,2014-10-12 21:38:00,95.901,95.951,95.958,95.886,95.942,95.971,95.978,95.934,68
2014-10-12 21:38:00,2014-10-12 21:39:00,95.951,95.957,95.97,95.931,95.971,96.004,96.011,95.976,72
2014-10-12 21:39:00,2014-10-12 21:40:00,95.957,95.941,95.963,95.934,96.004,95.994,96.009,95.987,64
2014-10-12 21:40:00,2014-10-12 21:41:00,95.941,95.943,95.963,95.937,95.994,95.991,96.008,95.99,31
2014-10-12 21:41:00,2014-10-12 21:42:00,95.943,95.92,95.945,95.92,95.991,95.966,95.991,95.966,10
2014-10-12 21:42:00,2014-10-12 21:43:00,95.92,95.931,95.961,95.914,95.966,95.975,95.999,95.963,65
2014-10-12 21:43:00,2014-10-12 21:44:00,95.931,95.936,95.946,95.921,95.975,95.984,95.984,95.967,35
2014-10-12 21:44:00,2014-10-12 21:45:00,95.936,95.931,95.936,95.928,95.984,95.966,95.98,95.966,22
2014-10-12 21:45:00,2014-10-12 21:46:00,95.931,95.94,95.94,95.928,95.966,95.977,95.977,95.965,30
2014-10-12 21:46:00,2014-10-12 21:47:00,95.94,95.95,95.952,95.925,95.977,95.992,95.992,95.96,35
2014-10-12 21:47:00,2014-10-12 21:49:00,95.95,95.958,95.959,95.95,95.992,95.993,95.997,95.99,17
2014-10-12 21:49:00,2014-10-12 21:50:00,95.958,95.955,95.958,95.949,95.993,95.991,95.993,95.984,17
2014-10-12 21:50:00,2014-10-12 21:51:00,95.955,95.944,95.957,95.943,95.991,95.991,95.993,95.991,12
2014-10-12 21:51:00,2014-10-12 21:52:00,95.944,95.942,95.958,95.931,95.991,95.98,96.002,95.972,31
2014-10-12 21:52:00,2014-10-12 21:53:00,95.942,95.955,95.955,95.945,95.98,95.993,95.993,95.983,5
2014-10-12 21:53:00,2014-10-12 21:54:00,95.955,95.958,95.958,95.957,95.993,95.993,95.993,95.992,5
2014-10-12 21:54:00,2014-10-12 21:55:00,95.958,95.964,95.964,95.955,95.993,96.002,96.002,95.993,5
2014-10-12 21:55:00,2014-10-12 21:56:00,95.964,95.959,95.964,95.959,96.002,95.997,96.001,95.995,6
2014-10-12 21:56:00,2014-10-12 21:57:00,95.959,95.983,95.995,95.954,95.997,96.021,96.033,95.992,25
2014-10-12 21:57:00,2014-10-12 21:58:00,95.983,95.985,95.985,95.981,96.021,96.023,96.023,96.019,5
2014-10-12 21:58:00,2014-10-12 21:59:00,95.985,95.983,95.986,95.983,96.023,96.021,96.024,96.021,3
2014-10-12 21:59:00,2014-10-12 22:00:00,95.983,95.917,95.981,95.917,96.021,95.947,96.018,95.947,151
2014-10-12 22:00:00,2014-10-12 22:01:00,95.917,95.91,95.92,95.91,95.947,95.94,95.951,95.94,28
2014-10-12 22:01:00,2014-10-12 22:02:00,95.91,95.895,95.918,95.892,95.94,95.926,95.949,95.922,30
2014-10-12 22:02:00,2014-10-12 22:03:00,95.895,95.884,95.912,95.884,95.926,95.914,95.942,95.914,28
2014-10-12 22:03:00,2014-10-12 22:04:00,95.884,95.847,95.894,95.798,95.914,95.878,95.922,95.832,239
2014-10-12 22:04:00,2014-10-12 22:05:00,95.847,95.859,95.87,95.835,95.878,95.891,95.905,95.866,170
2014-10-12 22:05:00,2014-10-12 22:06:00,95.859,95.841,95.863,95.815,95.891,95.875,95.897,95.85,134
2014-10-12 22:06:00,2014-10-12 22:07:00,95.841,95.851,95.853,95.824,95.875,95.885,95.887,95.858,107
2014-10-12 22:07:00,2014-10-12 22:08:00,95.851,95.876,95.878,95.853,95.885,95.909,95.909,95.885,107
2014-10-12 22:08:00,2014-10-12 22:09:00,95.876,95.887,95.894,95.875,95.909,95.922,95.925,95.909,79
2014-10-12 22:09:00,2014-10-12 22:10:00,95.887,95.916,95.929,95.885,95.922,95.948,95.961,95.919,135
2014-10-12 22:10:00,2014-10-12 22:11:00,95.916,95.904,95.92,95.9,95.948,95.936,95.953,95.932,47
2014-10-12 22:11:00,2014-10-12 22:12:00,95.904,95.894,95.912,95.894,95.936,95.926,95.944,95.926,51
2014-10-12 22:12:00,2014-10-12 22:13:00,95.894,95.869,95.894,95.856,95.926,95.901,95.927,95.888,79
2014-10-12 22:13:00,2014-10-12 22:14:00,95.869,95.876,95.894,95.849,95.901,95.905,95.922,95.881,114
2014-10-12 22:14:00,2014-10-12 22:15:00,95.876,95.84,95.882,95.807,95.905,95.875,95.909,95.838,234
2014-10-12 22:15:00,2014-10-12 22:16:00,95.84,95.873,95.894,95.839,95.875,95.905,95.927,95.875,143
2014-10-12 22:16:00,2014-10-12 22:17:00,95.873,95.861,95.877,95.85,95.905,95.89,95.908,95.88,107
2014-10-12 22:17:00,2014-10-12 22:18:00,95.861,95.876,95.887,95.863,95.89,95.908,95.919,95.89,71
2014-10-12 22:18:00,2014-10-12 22:19:00,95.876,95.902,95.909,95.877,95.908,95.934,95.941,95.908,79
2014-10-12 22:19:00,2014-10-12 22:20:00,95.902,95.915,95.915,95.893,95.934,95.947,95.947,95.925,100
2014-10-12 22:20:00,2014-10-12 22:21:00,95.915,95.897,95.925,95.897,95.947,95.927,95.956,95.927,114
2014-10-12 22:21:00,2014-10-12 22:22:00,95.897,95.871,95.897,95.864,95.927,95.9,95.926,95.894,107
2014-10-12 22:22:00,2014-10-12 22:23:00,95.871,95.835,95.873,95.831,95.9,95.865,95.9,95.855,162
2014-10-12 22:23:00,2014-10-12 22:24:00,95.835,95.797,95.837,95.795,95.865,95.827,95.867,95.826,174
2014-10-12 22:24:00,2014-10-12 22:25:00,95.797,95.81,95.834,95.799,95.827,95.838,95.86,95.827,130
2014-10-12 22:25:00,2014-10-12 22:26:00,95.81,95.809,95.821,95.802,95.838,95.831,95.85,95.831,132
2014-10-12 22:26:00,2014-10-12 22:27:00,95.809,95.829,95.831,95.809,95.831,95.855,95.855,95.829,72
2014-10-12 22:27:00,2014-10-12 22:28:00,95.829,95.817,95.827,95.817,95.855,95.844,95.855,95.844,18
2014-10-12 22:28:00,2014-10-12 22:29:00,95.817,95.806,95.82,95.803,95.844,95.832,95.847,95.83,50
2014-10-12 22:29:00,2014-10-12 22:30:00,95.806,95.804,95.809,95.8,95.832,95.831,95.838,95.827,55
2014-10-12 22:30:00,2014-10-12 22:31:00,95.804,95.798,95.804,95.791,95.831,95.827,95.831,95.821,49
2014-10-12 22:31:00,2014-10-12 22:32:00,95.798,95.802,95.807,95.798,95.827,95.832,95.834,95.825,41
2014-10-12 22:32:00,2014-10-12 22:33:00,95.802,95.786,95.815,95.785,95.832,95.812,95.844,95.812,77
2014-10-12 22:33:00,2014-10-12 22:34:00,95.786,95.786,95.786,95.777,95.812,95.816,95.816,95.807,43
2014-10-12 22:34:00,2014-10-12 22:35:00,95.786,95.827,95.83,95.778,95.816,95.857,95.857,95.808,76
2014-10-12 22:35:00,2014-10-12 22:36:00,95.827,95.845,95.845,95.815,95.857,95.875,95.875,95.845,90
2014-10-12 22:36:00,2014-10-12 22:37:00,95.845,95.85,95.852,95.835,95.875,95.88,95.882,95.865,42
2014-10-12 22:37:00,2014-10-12 22:38:00,95.85,95.829,95.857,95.829,95.88,95.859,95.887,95.859,73
2014-10-12 22:38:00,2014-10-12 22:39:00,95.829,95.836,95.836,95.826,95.859,95.863,95.865,95.857,46
2014-10-12 22:39:00,2014-10-12 22:40:00,95.836,95.845,95.847,95.833,95.863,95.874,95.874,95.862,32
2014-10-12 22:40:00,2014-10-12 22:41:00,95.845,95.855,95.857,95.844,95.874,95.883,95.885,95.874,50
2014-10-12 22:41:00,2014-10-12 22:42:00,95.855,95.862,95.867,95.851,95.883,95.89,95.893,95.876,32
2014-10-12 22:42:00,2014-10-12 22:43:00,95.862,95.85,95.877,95.85,95.89,95.878,95.906,95.878,69
2014-10-12 22:43:00,2014-10-12 22:44:00,95.85,95.823,95.85,95.823,95.878,95.857,95.876,95.856,52
2014-10-12 22:44:00,2014-10-12 22:45:00,95.823,95.818,95.841,95.818,95.857,95.844,95.863,95.842,43
2014-10-12 22:45:00,2014-10-12 22:46:00,95.818,95.814,95.825,95.813,95.844,95.841,95.854,95.84,80
2014-10-12 22:46:00,2014-10-12 22:47:00,95.814,95.816,95.818,95.813,95.841,95.844,95.846,95.84,12
2014-10-12 22:47:00,2014-10-12 22:48:00,95.816,95.821,95.832,95.819,95.844,95.85,95.858,95.844,47
2014-10-12 22:48:00,2014-10-12 22:49:00,95.821,95.819,95.825,95.812,95.85,95.845,95.85,95.841,33
2014-10-12 22:49:00,2014-10-12 22:50:00,95.819,95.82,95.82,95.81,95.845,95.848,95.848,95.837,106
2014-10-12 22:50:00,2014-10-12 22:51:00,95.82,95.822,95.822,95.817,95.848,95.852,95.853,95.847,17
2014-10-12 22:51:00,2014-10-12 22:52:00,95.822,95.816,95.822,95.813,95.852,95.845,95.852,95.84,26
2014-10-12 22:52:00,2014-10-12 22:53:00,95.816,95.807,95.816,95.804,95.845,95.834,95.843,95.831,27
2014-10-12 22:53:00,2014-10-12 22:54:00,95.807,95.809,95.809,95.799,95.834,95.839,95.839,95.826,40
2014-10-12 22:54:00,2014-10-12 22:55:00,95.809,95.85,95.854,95.81,95.839,95.88,95.884,95.839,114
2014-10-12 22:55:00,2014-10-12 22:56:00,95.85,95.842,95.85,95.84,95.88,95.873,95.88,95.867,32
2014-10-12 22:56:00,2014-10-12 22:57:00,95.842,95.84,95.847,95.84,95.873,95.869,95.877,95.869,24
2014-10-12 22:57:00,2014-10-12 22:58:00,95.84,95.831,95.842,95.828,95.869,95.857,95.872,95.857,60
2014-10-12 22:58:00,2014-10-12 22:59:00,95.831,95.831,95.834,95.829,95.857,95.858,95.864,95.857,13
2014-10-12 22:59:00,2014-10-12 23:00:00,95.831,95.837,95.846,95.825,95.858,95.865,95.873,95.851,55
2014-10-12 23:00:00,2014-10-12 23:01:00,95.837,95.871,95.876,95.835,95.865,95.895,95.901,95.861,81
2014-10-12 23:01:00,2014-10-12 23:02:00,95.871,95.874,95.881,95.868,95.895,95.9,95.907,95.893,133
2014-10-12 23:02:00,2014-10-12 23:03:00,95.874,95.872,95.874,95.849,95.9,95.897,95.899,95.876,103
2014-10-12 23:03:00,2014-10-12 23:04:00,95.872,95.867,95.874,95.858,95.897,95.895,95.901,95.882,74
2014-10-12 23:04:00,2014-10-12 23:05:00,95.867,95.855,95.867,95.855,95.895,95.881,95.897,95.875,32
2014-10-12 23:05:00,2014-10-12 23:06:00,95.855,95.846,95.867,95.846,95.881,95.876,95.892,95.873,49
2014-10-12 23:06:00,2014-10-12 23:07:00,95.846,95.853,95.863,95.847,95.876,95.88,95.892,95.87,70
2014-10-12 23:07:00,2014-10-12 23:08:00,95.853,95.839,95.858,95.839,95.88,95.865,95.887,95.865,52
2014-10-12 23:08:00,2014-10-12 23:09:00,95.839,95.869,95.869,95.832,95.865,95.895,95.895,95.862,121
2014-10-12 23:09:00,2014-10-12 23:10:00,95.869,95.873,95.889,95.869,95.895,95.903,95.919,95.896,101
2014-10-12 23:10:00,2014-10-12 23:11:00,95.873,95.86,95.873,95.855,95.903,95.89,95.901,95.884,124
2014-10-12 23:11:00,2014-10-12 23:12:00,95.86,95.862,95.862,95.853,95.89,95.892,95.892,95.882,34
2014-10-12 23:12:00,2014-10-12 23:13:00,95.862,95.858,95.862,95.857,95.892,95.887,95.89,95.886,19
2014-10-12 23:13:00,2014-10-12 23:14:00,95.858,95.872,95.872,95.859,95.887,95.899,95.899,95.884,92
2014-10-12 23:14:00,2014-10-12 23:15:00,95.872,95.884,95.893,95.872,95.899,95.913,95.921,95.9,99
2014-10-12 23:15:00,2014-10-12 23:16:00,95.884,95.87,95.884,95.87,95.913,95.898,95.911,95.898,21
2014-10-12 23:16:00,2014-10-12 23:17:00,95.87,95.864,95.875,95.863,95.898,95.89,95.898,95.89,36
2014-10-12 23:17:00,2014-10-12 23:18:00,95.864,95.872,95.882,95.856,95.89,95.9,95.908,95.881,62
2014-10-12 23:18:00,2014-10-12 23:19:00,95.872,95.888,95.894,95.878,95.9,95.915,95.921,95.9,64
2014-10-12 23:19:00,2014-10-12 23:20:00,95.888,95.885,95.891,95.868,95.915,95.912,95.917,95.895,122
2014-10-12 23:20:00,2014-10-12 23:21:00,95.885,95.888,95.899,95.881,95.912,95.917,95.926,95.908,138
2014-10-12 23:21:00,2014-10-12 23:22:00,95.888,95.888,95.889,95.886,95.917,95.914,95.919,95.913,28
2014-10-12 23:22:00,2014-10-12 23:23:00,95.888,95.886,95.886,95.878,95.914,95.914,95.914,95.904,26
2014-10-12 23:23:00,2014-10-12 23:24:00,95.886,95.873,95.888,95.873,95.914,95.903,95.914,95.903,35
2014-10-12 23:24:00,2014-10-12 23:25:00,95.873,95.89,95.891,95.868,95.903,95.918,95.918,95.897,44
2014-10-12 23:25:00,2014-10-12 23:26:00,95.89,95.91,95.91,95.89,95.918,95.937,95.937,95.92,55
2014-10-12 23:26:00,2014-10-12 23:27:00,95.91,95.914,95.914,95.888,95.937,95.938,95.939,95.916,64
2014-10-12 23:27:00,2014-10-12 23:28:00,95.914,95.921,95.926,95.906,95.938,95.951,95.952,95.936,48
2014-10-12 23:28:00,2014-10-12 23:29:00,95.921,95.927,95.929,95.915,95.951,95.956,95.956,95.944,30
2014-10-12 23:29:00,2014-10-12 23:30:00,95.927,95.945,95.947,95.926,95.956,95.97,95.97,95.953,37
2014-10-12 23:30:00,2014-10-12 23:31:00,95.945,95.945,95.947,95.935,95.97,95.969,95.976,95.965,56
2014-10-12 23:31:00,2014-10-12 23:32:00,95.945,95.958,95.958,95.94,95.969,95.983,95.983,95.964,40
2014-10-12 23:32:00,2014-10-12 23:33:00,95.958,95.96,95.966,95.952,95.983,95.989,95.991,95.98,58
2014-10-12 23:33:00,2014-10-12 23:34:00,95.96,95.938,95.96,95.937,95.989,95.967,95.988,95.966,111
2014-10-12 23:34:00,2014-10-12 23:35:00,95.938,95.945,95.948,95.936,95.967,95.975,95.976,95.965,92
2014-10-12 23:35:00,2014-10-12 23:36:00,95.945,95.948,95.952,95.938,95.975,95.975,95.98,95.964,87
2014-10-12 23:36:00,2014-10-12 23:37:00,95.948,95.941,95.952,95.939,95.975,95.967,95.98,95.966,63
2014-10-12 23:37:00,2014-10-12 23:38:00,95.941,95.938,95.945,95.934,95.967,95.964,95.974,95.96,71
2014-10-12 23:38:00,2014-10-12 23:39:00,95.938,95.903,95.943,95.901,95.964,95.929,95.973,95.929,70
2014-10-12 23:39:00,2014-10-12 23:40:00,95.903,95.897,95.922,95.894,95.929,95.922,95.949,95.918,84
2014-10-12 23:40:00,2014-10-12 23:41:00,95.897,95.907,95.907,95.898,95.922,95.936,95.936,95.922,36
2014-10-12 23:41:00,2014-10-12 23:42:00,95.907,95.908,95.913,95.901,95.936,95.936,95.94,95.929,58
2014-10-12 23:42:00,2014-10-12 23:43:00,95.908,95.911,95.918,95.908,95.936,95.938,95.946,95.935,43
2014-10-12 23:43:00,2014-10-12 23:44:00,95.911,95.915,95.921,95.911,95.938,95.938,95.946,95.935,45
2014-10-12 23:44:00,2014-10-12 23:45:00,95.915,95.89,95.912,95.89,95.938,95.919,95.938,95.919,43
2014-10-12 23:45:00,2014-10-12 23:46:00,95.89,95.887,95.893,95.887,95.919,95.911,95.921,95.911,63
2014-10-12 23:46:00,2014-10-12 23:47:00,95.887,95.891,95.898,95.882,95.911,95.919,95.927,95.909,70
2014-10-12 23:47:00,2014-10-12 23:48:00,95.891,95.894,95.898,95.886,95.919,95.919,95.927,95.912,46
2014-10-12 23:48:00,2014-10-12 23:49:00,95.894,95.894,95.897,95.891,95.919,95.92,95.921,95.919,17
2014-10-12 23:49:00,2014-10-12 23:50:00,95.894,95.902,95.908,95.894,95.92,95.929,95.934,95.92,54
2014-10-12 23:50:00,2014-10-12 23:51:00,95.902,95.902,95.912,95.902,95.929,95.93,95.941,95.929,51
2014-10-12 23:51:00,2014-10-12 23:52:00,95.902,95.908,95.908,95.902,95.93,95.934,95.934,95.93,38
2014-10-12 23:52:00,2014-10-12 23:53:00,95.908,95.913,95.915,95.901,95.934,95.939,95.942,95.929,32
2014-10-12 23:53:00,2014-10-12 23:54:00,95.913,95.912,95.92,95.904,95.939,95.939,95.946,95.93,74
2014-10-12 23:54:00,2014-10-12 23:55:00,95.912,95.92,95.92,95.911,95.939,95.946,95.949,95.937,48
2014-10-12 23:55:00,2014-10-12 23:56:00,95.92,95.927,95.936,95.919,95.946,95.952,95.963,95.948,56
2014-10-12 23:56:00,2014-10-12 23:57:00,95.927,95.929,95.929,95.927,95.952,95.954,95.954,95.953,3
2014-10-12 23:57:00,2014-10-12 23:58:00,95.929,95.919,95.929,95.919,95.954,95.948,95.953,95.947,25
2014-10-12 23:58:00,2014-10-12 23:59:00,95.919,95.927,95.928,95.919,95.948,95.954,95.957,95.947,27
2014-10-12 23:59:00,2014-10-13 00:00:00,95.927,95.928,95.94,95.926,95.954,95.956,95.967,95.954,109
2014-10-13 00:00:00,2014-10-13 00:01:00,95.928,95.927,95.938,95.925,95.956,95.957,95.967,95.952,85
2014-10-13 00:01:00,2014-10-13 00:02:00,95.927,95.883,95.929,95.88,95.957,95.914,95.957,95.913,177
2014-10-13 00:02:00,2014-10-13 00:03:00,95.883,95.903,95.906,95.876,95.914,95.929,95.933,95.904,196
2014-10-13 00:03:00,2014-10-13 00:04:00,95.903,95.878,95.908,95.876,95.929,95.908,95.936,95.903,136
2014-10-13 00:04:00,2014-10-13 00:05:00,95.878,95.878,95.891,95.874,95.908,95.905,95.919,95.9,170
2014-10-13 00:05:00,2014-10-13 00:06:00,95.878,95.847,95.878,95.845,95.905,95.876,95.905,95.871,230
2014-10-13 00:06:00,2014-10-13 00:07:00,95.847,95.855,95.856,95.84,95.876,95.884,95.885,95.87,228
2014-10-13 00:07:00,2014-10-13 00:08:00,95.855,95.831,95.854,95.826,95.884,95.86,95.884,95.858,169
2014-10-13 00:08:00,2014-10-13 00:09:00,95.831,95.828,95.831,95.823,95.86,95.858,95.859,95.851,40
2014-10-13 00:09:00,2014-10-13 00:10:00,95.828,95.817,95.836,95.817,95.858,95.845,95.863,95.845,72
2014-10-13 00:10:00,2014-10-13 00:11:00,95.817,95.816,95.824,95.807,95.845,95.842,95.854,95.832,134
2014-10-13 00:11:00,2014-10-13 00:12:00,95.816,95.824,95.824,95.812,95.842,95.849,95.849,95.841,21
2014-10-13 00:12:00,2014-10-13 00:13:00,95.824,95.822,95.831,95.821,95.849,95.847,95.858,95.847,69
2014-10-13 00:13:00,2014-10-13 00:14:00,95.822,95.838,95.842,95.816,95.847,95.865,95.869,95.843,157
2014-10-13 00:14:00,2014-10-13 00:15:00,95.838,95.799,95.845,95.793,95.865,95.826,95.871,95.825,278
2014-10-13 00:15:00,2014-10-13 00:16:00,95.799,95.801,95.802,95.78,95.826,95.829,95.83,95.81,146
2014-10-13 00:16:00,2014-10-13 00:17:00,95.801,95.796,95.809,95.792,95.829,95.825,95.837,95.818,112
2014-10-13 00:17:00,2014-10-13 00:18:00,95.796,95.834,95.839,95.797,95.825,95.861,95.867,95.824,263
2014-10-13 00:18:00,2014-10-13 00:19:00,95.834,95.827,95.836,95.816,95.861,95.856,95.866,95.845,158
2014-10-13 00:19:00,2014-10-13 00:20:00,95.827,95.833,95.834,95.819,95.856,95.858,95.858,95.842,172
2014-10-13 00:20:00,2014-10-13 00:21:00,95.833,95.85,95.853,95.833,95.858,95.876,95.88,95.858,117
2014-10-13 00:21:00,2014-10-13 00:22:00,95.85,95.837,95.86,95.831,95.876,95.865,95.887,95.86,137
2014-10-13 00:22:00,2014-10-13 00:23:00,95.837,95.836,95.845,95.832,95.865,95.862,95.873,95.857,93
2014-10-13 00:23:00,2014-10-13 00:24:00,95.836,95.817,95.849,95.799,95.862,95.847,95.875,95.831,232
2014-10-13 00:24:00,2014-10-13 00:25:00,95.817,95.811,95.821,95.786,95.847,95.842,95.849,95.816,239
2014-10-13 00:25:00,2014-10-13 00:26:00,95.811,95.796,95.811,95.79,95.842,95.825,95.84,95.818,256
2014-10-13 00:26:00,2014-10-13 00:27:00,95.796,95.807,95.814,95.786,95.825,95.835,95.84,95.811,171
2014-10-13 00:27:00,2014-10-13 00:28:00,95.807,95.818,95.825,95.806,95.835,95.844,95.847,95.831,213
2014-10-13 00:28:00,2014-10-13 00:29:00,95.818,95.807,95.825,95.807,95.844,95.835,95.847,95.835,94
2014-10-13 00:29:00,2014-10-13 00:30:00,95.807,95.819,95.819,95.806,95.835,95.846,95.849,95.835,87
2014-10-13 00:30:00,2014-10-13 00:31:00,95.819,95.806,95.819,95.801,95.846,95.834,95.848,95.83,44
2014-10-13 00:31:00,2014-10-13 00:32:00,95.806,95.813,95.818,95.799,95.834,95.843,95.845,95.825,74
2014-10-13 00:32:00,2014-10-13 00:33:00,95.813,95.826,95.828,95.813,95.843,95.852,95.853,95.839,100
2014-10-13 00:33:00,2014-10-13 00:34:00,95.826,95.812,95.824,95.812,95.852,95.841,95.852,95.841,35
2014-10-13 00:34:00,2014-10-13 00:35:00,95.812,95.792,95.814,95.792,95.841,95.819,95.841,95.819,142
2014-10-13 00:35:00,2014-10-13 00:36:00,95.792,95.81,95.81,95.776,95.819,95.836,95.836,95.805,284
2014-10-13 00:36:00,2014-10-13 00:37:00,95.81,95.823,95.83,95.807,95.836,95.851,95.857,95.836,164
2014-10-13 00:37:00,2014-10-13 00:38:00,95.823,95.824,95.824,95.813,95.851,95.853,95.854,95.843,70
2014-10-13 00:38:00,2014-10-13 00:39:00,95.824,95.794,95.823,95.793,95.853,95.824,95.853,95.823,45
2014-10-13 00:39:00,2014-10-13 00:40:00,95.794,95.822,95.822,95.795,95.824,95.85,95.85,95.824,112
2014-10-13 00:40:00,2014-10-13 00:41:00,95.822,95.816,95.831,95.81,95.85,95.841,95.857,95.839,100
2014-10-13 00:41:00,2014-10-13 00:42:00,95.816,95.816,95.835,95.812,95.841,95.845,95.864,95.84,183
2014-10-13 00:42:00,2014-10-13 00:43:00,95.816,95.84,95.843,95.815,95.845,95.867,95.869,95.842,98
2014-10-13 00:43:00,2014-10-13 00:44:00,95.84,95.841,95.842,95.831,95.867,95.869,95.87,95.856,105
2014-10-13 00:44:00,2014-10-13 00:45:00,95.841,95.836,95.843,95.836,95.869,95.865,95.87,95.865,22
2014-10-13 00:45:00,2014-10-13 00:46:00,95.836,95.833,95.842,95.833,95.865,95.861,95.87,95.86,97
2014-10-13 00:46:00,2014-10-13 00:47:00,95.833,95.827,95.842,95.822,95.861,95.855,95.871,95.847,148
2014-10-13 00:47:00,2014-10-13 00:48:00,95.827,95.802,95.825,95.801,95.855,95.832,95.855,95.83,46
2014-10-13 00:48:00,2014-10-13 00:49:00,95.802,95.803,95.811,95.801,95.832,95.83,95.84,95.83,30
2014-10-13 00:49:00,2014-10-13 00:50:00,95.803,95.791,95.803,95.786,95.83,95.821,95.831,95.813,63
2014-10-13 00:50:00,2014-10-13 00:51:00,95.791,95.799,95.801,95.787,95.821,95.826,95.831,95.817,59
2014-10-13 00:51:00,2014-10-13 00:52:00,95.799,95.803,95.808,95.801,95.826,95.826,95.834,95.826,44
2014-10-13 00:52:00,2014-10-13 00:53:00,95.803,95.8,95.802,95.8,95.826,95.826,95.829,95.826,17
2014-10-13 00:53:00,2014-10-13 00:54:00,95.8,95.8,95.807,95.8,95.826,95.825,95.832,95.824,25
2014-10-13 00:54:00,2014-10-13 00:55:00,95.8,95.8,95.805,95.791,95.825,95.823,95.83,95.816,50
2014-10-13 00:55:00,2014-10-13 00:56:00,95.8,95.799,95.803,95.799,95.823,95.825,95.834,95.823,45
2014-10-13 00:56:00,2014-10-13 00:57:00,95.799,95.805,95.805,95.799,95.825,95.835,95.835,95.823,20
2014-10-13 00:57:00,2014-10-13 00:58:00,95.805,95.792,95.807,95.791,95.835,95.822,95.835,95.821,44
2014-10-13 00:58:00,2014-10-13 00:59:00,95.792,95.812,95.815,95.793,95.822,95.841,95.845,95.819,87
2014-10-13 00:59:00,2014-10-13 01:00:00,95.812,95.812,95.822,95.812,95.841,95.841,95.849,95.839,50
2014-10-13 01:00:00,2014-10-13 01:01:00,95.812,95.798,95.813,95.798,95.841,95.826,95.841,95.826,51
2014-10-13 01:01:00,2014-10-13 01:02:00,95.798,95.797,95.799,95.797,95.826,95.826,95.827,95.826,7
2014-10-13 01:02:00,2014-10-13 01:03:00,95.797,95.788,95.799,95.788,95.826,95.816,95.826,95.816,27
2014-10-13 01:03:00,2014-10-13 01:04:00,95.788,95.776,95.791,95.773,95.816,95.803,95.818,95.802,63
2014-10-13 01:04:00,2014-10-13 01:05:00,95.776,95.78,95.789,95.774,95.803,95.809,95.817,95.803,72
2014-10-13 01:05:00,2014-10-13 01:06:00,95.78,95.797,95.799,95.78,95.809,95.824,95.827,95.81,67
2014-10-13 01:06:00,2014-10-13 01:07:00,95.797,95.796,95.805,95.791,95.824,95.824,95.833,95.818,86
2014-10-13 01:07:00,2014-10-13 01:08:00,95.796,95.792,95.799,95.79,95.824,95.82,95.827,95.816,44
2014-10-13 01:08:00,2014-10-13 01:09:00,95.792,95.781,95.792,95.781,95.82,95.809,95.82,95.808,41
2014-10-13 01:09:00,2014-10-13 01:10:00,95.781,95.787,95.787,95.772,95.809,95.816,95.816,95.801,84
2014-10-13 01:10:00,2014-10-13 01:11:00,95.787,95.799,95.8,95.776,95.816,95.827,95.829,95.802,220
2014-10-13 01:11:00,2014-10-13 01:12:00,95.799,95.793,95.813,95.793,95.827,95.821,95.841,95.821,287
2014-10-13 01:12:00,2014-10-13 01:13:00,95.793,95.793,95.806,95.789,95.821,95.822,95.835,95.815,130
2014-10-13 01:13:00,2014-10-13 01:14:00,95.793,95.808,95.81,95.788,95.822,95.834,95.836,95.815,116
2014-10-13 01:14:00,2014-10-13 01:15:00,95.808,95.807,95.817,95.806,95.834,95.832,95.842,95.831,76
2014-10-13 01:15:00,2014-10-13 01:16:00,95.807,95.786,95.806,95.781,95.832,95.815,95.832,95.809,109
2014-10-13 01:16:00,2014-10-13 01:17:00,95.786,95.802,95.804,95.779,95.815,95.832,95.834,95.81,116
2014-10-13 01:17:00,2014-10-13 01:18:00,95.802,95.801,95.807,95.799,95.832,95.827,95.836,95.82,134
2014-10-13 01:18:00,2014-10-13 01:19:00,95.801,95.801,95.811,95.8,95.827,95.828,95.837,95.827,93
2014-10-13 01:19:00,2014-10-13 01:20:00,95.801,95.779,95.806,95.776,95.828,95.808,95.833,95.805,187
2014-10-13 01:20:00,2014-10-13 01:21:00,95.779,95.742,95.785,95.738,95.808,95.772,95.814,95.769,273
2014-10-13 01:21:00,2014-10-13 01:22:00,95.742,95.746,95.758,95.742,95.772,95.776,95.788,95.772,67
2014-10-13 01:22:00,2014-10-13 01:23:00,95.746,95.737,95.762,95.733,95.776,95.763,95.791,95.761,191
2014-10-13 01:23:00,2014-10-13 01:24:00,95.737,95.752,95.778,95.729,95.763,95.787,95.812,95.756,197
2014-10-13 01:24:00,2014-10-13 01:25:00,95.752,95.759,95.762,95.75,95.787,95.787,95.792,95.777,130
2014-10-13 01:25:00,2014-10-13 01:26:00,95.759,95.744,95.759,95.741,95.787,95.773,95.787,95.768,97
2014-10-13 01:26:00,2014-10-13 01:27:00,95.744,95.757,95.758,95.739,95.773,95.785,95.785,95.768,93
2014-10-13 01:27:00,2014-10-13 01:28:00,95.757,95.716,95.757,95.716,95.785,95.746,95.782,95.746,170
2014-10-13 01:28:00,2014-10-13 01:29:00,95.716,95.717,95.718,95.702,95.746,95.744,95.746,95.731,108
2014-10-13 01:29:00,2014-10-13 01:30:00,95.717,95.687,95.719,95.682,95.744,95.716,95.747,95.712,168
2014-10-13 01:30:00,2014-10-13 01:31:00,95.687,95.697,95.704,95.68,95.716,95.72,95.733,95.709,157
2014-10-13 01:31:00,2014-10-13 01:32:00,95.697,95.679,95.696,95.679,95.72,95.708,95.72,95.708,44
2014-10-13 01:32:00,2014-10-13 01:33:00,95.679,95.68,95.688,95.678,95.708,95.705,95.714,95.702,143
2014-10-13 01:33:00,2014-10-13 01:34:00,95.68,95.692,95.695,95.681,95.705,95.717,95.719,95.705,46
2014-10-13 01:34:00,2014-10-13 01:35:00,95.692,95.687,95.693,95.687,95.717,95.713,95.717,95.71,41
2014-10-13 01:35:00,2014-10-13 01:36:00,95.687,95.682,95.691,95.68,95.713,95.71,95.716,95.706,80
2014-10-13 01:36:00,2014-10-13 01:37:00,95.682,95.68,95.711,95.678,95.71,95.706,95.733,95.706,164
2014-10-13 01:37:00,2014-10-13 01:38:00,95.68,95.685,95.69,95.675,95.706,95.71,95.714,95.703,181
2014-10-13 01:38:00,2014-10-13 01:39:00,95.685,95.731,95.732,95.685,95.71,95.759,95.759,95.71,186
2014-10-13 01:39:00,2014-10-13 01:40:00,95.731,95.701,95.731,95.694,95.759,95.728,95.761,95.724,117
2014-10-13 01:40:00,2014-10-13 01:41:00,95.701,95.686,95.703,95.683,95.728,95.715,95.731,95.71,74
2014-10-13 01:41:00,2014-10-13 01:42:00,95.686,95.704,95.718,95.686,95.715,95.733,95.748,95.716,154
2014-10-13 01:42:00,2014-10-13 01:43:00,95.704,95.731,95.732,95.7,95.733,95.76,95.761,95.728,192
2014-10-13 01:43:00,2014-10-13 01:44:00,95.731,95.726,95.753,95.724,95.76,95.756,95.782,95.752,170
2014-10-13 01:44:00,2014-10-13 01:45:00,95.726,95.742,95.743,95.715,95.756,95.771,95.772,95.745,135
2014-10-13 01:45:00,2014-10-13 01:46:00,95.742,95.712,95.741,95.711,95.771,95.741,95.771,95.739,183
2014-10-13 01:46:00,2014-10-13 01:47:00,95.712,95.654,95.712,95.653,95.741,95.682,95.741,95.682,276
2014-10-13 01:47:00,2014-10-13 01:48:00,95.654,95.652,95.664,95.64,95.682,95.681,95.692,95.67,149
2014-10-13 01:48:00,2014-10-13 01:49:00,95.652,95.655,95.665,95.653,95.681,95.683,95.693,95.681,55
2014-10-13 01:49:00,2014-10-13 01:50:00,95.655,95.656,95.666,95.648,95.683,95.684,95.692,95.676,128
2014-10-13 01:50:00,2014-10-13 01:51:00,95.656,95.64,95.656,95.64,95.684,95.67,95.686,95.669,76
2014-10-13 01:51:00,2014-10-13 01:52:00,95.64,95.623,95.642,95.622,95.67,95.652,95.671,95.651,97
2014-10-13 01:52:00,2014-10-13 01:53:00,95.623,95.629,95.639,95.625,95.652,95.657,95.664,95.652,64
2014-10-13 01:53:00,2014-10-13 01:54:00,95.629,95.637,95.639,95.625,95.657,95.664,95.664,95.651,38
2014-10-13 01:54:00,2014-10-13 01:55:00,95.637,95.614,95.638,95.613,95.664,95.644,95.664,95.641,109
2014-10-13 01:55:00,2014-10-13 01:56:00,95.614,95.603,95.615,95.601,95.644,95.63,95.645,95.628,118
2014-10-13 01:56:00,2014-10-13 01:57:00,95.603,95.596,95.611,95.594,95.63,95.624,95.639,95.623,164
2014-10-13 01:57:00,2014-10-13 01:58:00,95.596,95.644,95.647,95.596,95.624,95.671,95.674,95.624,256
2014-10-13 01:58:00,2014-10-13 01:59:00,95.644,95.654,95.666,95.636,95.671,95.684,95.696,95.663,278
2014-10-13 01:59:00,2014-10-13 02:00:00,95.654,95.665,95.668,95.641,95.684,95.694,95.695,95.667,257
2014-10-13 02:00:00,2014-10-13 02:01:00,95.665,95.64,95.668,95.64,95.694,95.67,95.697,95.669,349
2014-10-13 02:01:00,2014-10-13 02:02:00,95.64,95.641,95.656,95.632,95.67,95.67,95.686,95.659,241
2014-10-13 02:02:00,2014-10-13 02:03:00,95.641,95.634,95.645,95.63,95.67,95.659,95.674,95.656,229
2014-10-13 02:03:00,2014-10-13 02:04:00,95.634,95.65,95.661,95.63,95.659,95.679,95.691,95.657,281
2014-10-13 02:04:00,2014-10-13 02:05:00,95.65,95.658,95.666,95.65,95.679,95.685,95.693,95.677,228
2014-10-13 02:05:00,2014-10-13 02:06:00,95.658,95.664,95.67,95.658,95.685,95.691,95.695,95.682,209
2014-10-13 02:06:00,2014-10-13 02:07:00,95.664,95.625,95.665,95.625,95.691,95.655,95.694,95.653,199
2014-10-13 02:07:00,2014-10-13 02:08:00,95.625,95.643,95.647,95.616,95.655,95.668,95.676,95.646,188
2014-10-13 02:08:00,2014-10-13 02:09:00,95.643,95.645,95.645,95.639,95.668,95.673,95.673,95.665,41
2014-10-13 02:09:00,2014-10-13 02:10:00,95.645,95.669,95.672,95.642,95.673,95.698,95.701,95.667,121
2014-10-13 02:10:00,2014-10-13 02:11:00,95.669,95.65,95.669,95.649,95.698,95.679,95.699,95.677,146
2014-10-13 02:11:00,2014-10-13 02:12:00,95.65,95.655,95.659,95.647,95.679,95.684,95.684,95.674,72
2014-10-13 02:12:00,2014-10-13 02:13:00,95.655,95.663,95.663,95.654,95.684,95.693,95.693,95.683,24
2014-10-13 02:13:00,2014-10-13 02:14:00,95.663,95.666,95.666,95.654,95.693,95.691,95.693,95.683,70
2014-10-13 02:14:00,2014-10-13 02:15:00,95.666,95.667,95.67,95.656,95.691,95.693,95.697,95.683,56
2014-10-13 02:15:00,2014-10-13 02:16:00,95.667,95.68,95.683,95.656,95.693,95.707,95.713,95.681,126
2014-10-13 02:16:00,2014-10-13 02:17:00,95.68,95.701,95.706,95.677,95.707,95.732,95.736,95.707,101
2014-10-13 02:17:00,2014-10-13 02:18:00,95.701,95.705,95.71,95.698,95.732,95.73,95.735,95.724,83
2014-10-13 02:18:00,2014-10-13 02:19:00,95.705,95.706,95.707,95.682,95.73,95.73,95.732,95.707,82
2014-10-13 02:19:00,2014-10-13 02:20:00,95.706,95.705,95.706,95.705,95.73,95.733,95.733,95.73,22
2014-10-13 02:20:00,2014-10-13 02:21:00,95.705,95.72,95.72,95.703,95.733,95.744,95.744,95.729,55
2014-10-13 02:21:00,2014-10-13 02:22:00,95.72,95.711,95.724,95.707,95.744,95.739,95.749,95.732,70
2014-10-13 02:22:00,2014-10-13 02:23:00,95.711,95.705,95.716,95.705,95.739,95.73,95.741,95.73,36
2014-10-13 02:23:00,2014-10-13 02:24:00,95.705,95.72,95.729,95.705,95.73,95.743,95.752,95.729,123
2014-10-13 02:24:00,2014-10-13 02:25:00,95.72,95.734,95.735,95.716,95.743,95.762,95.764,95.741,126
2014-10-13 02:25:00,2014-10-13 02:26:00,95.734,95.669,95.74,95.667,95.762,95.701,95.769,95.696,320
2014-10-13 02:26:00,2014-10-13 02:27:00,95.669,95.653,95.681,95.634,95.701,95.683,95.71,95.661,355
2014-10-13 02:27:00,2014-10-13 02:28:00,95.653,95.612,95.658,95.612,95.683,95.641,95.688,95.641,272
2014-10-13 02:28:00,2014-10-13 02:29:00,95.612,95.625,95.625,95.584,95.641,95.654,95.654,95.617,203
2014-10-13 02:29:00,2014-10-13 02:30:00,95.625,95.611,95.64,95.605,95.654,95.64,95.671,95.635,251
2014-10-13 02:30:00,2014-10-13 02:31:00,95.611,95.618,95.621,95.611,95.64,95.646,95.65,95.638,68
2014-10-13 02:31:00,2014-10-13 02:32:00,95.618,95.623,95.63,95.617,95.646,95.65,95.657,95.643,101
2014-10-13 02:32:00,2014-10-13 02:33:00,95.623,95.625,95.628,95.618,95.65,95.655,95.657,95.647,45
2014-10-13 02:33:00,2014-10-13 02:34:00,95.625,95.642,95.642,95.623,95.655,95.67,95.67,95.653,113
2014-10-13 02:34:00,2014-10-13 02:35:00,95.642,95.632,95.644,95.632,95.67,95.662,95.671,95.66,132
2014-10-13 02:35:00,2014-10-13 02:36:00,95.632,95.639,95.643,95.633,95.662,95.667,95.67,95.661,88
2014-10-13 02:36:00,2014-10-13 02:37:00,95.639,95.622,95.657,95.622,95.667,95.65,95.684,95.65,112
2014-10-13 02:37:00,2014-10-13 02:38:00,95.622,95.617,95.628,95.612,95.65,95.642,95.655,95.638,132
2014-10-13 02:38:00,2014-10-13 02:39:00,95.617,95.624,95.631,95.614,95.642,95.653,95.657,95.642,84
2014-10-13 02:39:00,2014-10-13 02:40:00,95.624,95.64,95.64,95.61,95.653,95.668,95.669,95.633,166
2014-10-13 02:40:00,2014-10-13 02:41:00,95.64,95.652,95.664,95.64,95.668,95.681,95.695,95.669,243
2014-10-13 02:41:00,2014-10-13 02:42:00,95.652,95.624,95.656,95.624,95.681,95.653,95.683,95.651,309
2014-10-13 02:42:00,2014-10-13 02:43:00,95.624,95.631,95.638,95.621,95.653,95.661,95.668,95.65,153
2014-10-13 02:43:00,2014-10-13 02:44:00,95.631,95.638,95.64,95.629,95.661,95.666,95.669,95.657,78
2014-10-13 02:44:00,2014-10-13 02:45:00,95.638,95.632,95.638,95.629,95.666,95.661,95.665,95.659,40
2014-10-13 02:45:00,2014-10-13 02:46:00,95.632,95.629,95.65,95.623,95.661,95.653,95.679,95.644,146
2014-10-13 02:46:00,2014-10-13 02:47:00,95.629,95.638,95.643,95.621,95.653,95.667,95.672,95.649,165
2014-10-13 02:47:00,2014-10-13 02:48:00,95.638,95.655,95.655,95.63,95.667,95.682,95.684,95.66,183
2014-10-13 02:48:00,2014-10-13 02:49:00,95.655,95.66,95.66,95.648,95.682,95.685,95.688,95.676,34
2014-10-13 02:49:00,2014-10-13 02:50:00,95.66,95.649,95.66,95.649,95.685,95.677,95.685,95.676,24
2014-10-13 02:50:00,2014-10-13 02:51:00,95.649,95.656,95.657,95.645,95.677,95.684,95.684,95.672,101
2014-10-13 02:51:00,2014-10-13 02:52:00,95.656,95.65,95.666,95.644,95.684,95.675,95.694,95.672,128
2014-10-13 02:52:00,2014-10-13 02:53:00,95.65,95.619,95.65,95.613,95.675,95.649,95.676,95.641,252
2014-10-13 02:53:00,2014-10-13 02:54:00,95.619,95.642,95.643,95.617,95.649,95.669,95.671,95.647,157
2014-10-13 02:54:00,2014-10-13 02:55:00,95.642,95.611,95.647,95.61,95.669,95.64,95.674,95.638,150
2014-10-13 02:55:00,2014-10-13 02:56:00,95.611,95.615,95.615,95.604,95.64,95.645,95.645,95.631,44
2014-10-13 02:56:00,2014-10-13 02:57:00,95.615,95.623,95.627,95.617,95.645,95.652,95.656,95.645,50
2014-10-13 02:57:00,2014-10-13 02:58:00,95.623,95.623,95.631,95.623,95.652,95.652,95.659,95.652,79
2014-10-13 02:58:00,2014-10-13 02:59:00,95.623,95.625,95.633,95.624,95.652,95.652,95.66,95.652,38
2014-10-13 02:59:00,2014-10-13 03:00:00,95.625,95.633,95.634,95.625,95.652,95.662,95.662,95.651,37
2014-10-13 03:00:00,2014-10-13 03:01:00,95.633,95.624,95.642,95.599,95.662,95.645,95.669,95.629,187
2014-10-13 03:01:00,2014-10-13 03:02:00,95.624,95.621,95.628,95.612,95.645,95.65,95.651,95.641,55
2014-10-13 03:02:00,2014-10-13 03:03:00,95.621,95.614,95.62,95.614,95.65,95.642,95.65,95.641,29
2014-10-13 03:03:00,2014-10-13 03:04:00,95.614,95.625,95.627,95.613,95.642,95.648,95.655,95.641,74
2014-10-13 03:04:00,2014-10-13 03:05:00,95.625,95.628,95.629,95.619,95.648,95.655,95.656,95.645,57
2014-10-13 03:05:00,2014-10-13 03:06:00,95.628,95.628,95.636,95.625,95.655,95.653,95.662,95.653,30
2014-10-13 03:06:00,2014-10-13 03:07:00,95.628,95.625,95.641,95.616,95.653,95.651,95.666,95.643,133
2014-10-13 03:07:00,2014-10-13 03:08:00,95.625,95.634,95.635,95.623,95.651,95.664,95.664,95.651,62
2014-10-13 03:08:00,2014-10-13 03:09:00,95.634,95.64,95.642,95.623,95.664,95.67,95.67,95.652,62
2014-10-13 03:09:00,2014-10-13 03:10:00,95.64,95.64,95.64,95.627,95.67,95.668,95.668,95.652,86
2014-10-13 03:10:00,2014-10-13 03:11:00,95.64,95.635,95.64,95.633,95.668,95.659,95.667,95.659,42
2014-10-13 03:11:00,2014-10-13 03:12:00,95.635,95.628,95.651,95.627,95.659,95.657,95.675,95.651,78
2014-10-13 03:12:00,2014-10-13 03:13:00,95.628,95.629,95.636,95.627,95.657,95.655,95.662,95.655,56
2014-10-13 03:13:00,2014-10-13 03:14:00,95.629,95.656,95.662,95.629,95.655,95.685,95.69,95.655,96
2014-10-13 03:14:00,2014-10-13 03:15:00,95.656,95.659,95.661,95.65,95.685,95.688,95.688,95.68,29
2014-10-13 03:15:00,2014-10-13 03:16:00,95.659,95.678,95.694,95.658,95.688,95.705,95.719,95.683,120
2014-10-13 03:16:00,2014-10-13 03:17:00,95.678,95.683,95.685,95.677,95.705,95.709,95.71,95.703,42
2014-10-13 03:17:00,2014-10-13 03:18:00,95.683,95.674,95.684,95.673,95.709,95.702,95.709,95.699,35
2014-10-13 03:18:00,2014-10-13 03:19:00,95.674,95.677,95.684,95.667,95.702,95.705,95.713,95.693,102
2014-10-13 03:19:00,2014-10-13 03:20:00,95.677,95.678,95.683,95.675,95.705,95.704,95.71,95.7,36
2014-10-13 03:20:00,2014-10-13 03:21:00,95.678,95.689,95.692,95.675,95.704,95.717,95.721,95.704,43
2014-10-13 03:21:00,2014-10-13 03:22:00,95.689,95.686,95.689,95.686,95.717,95.714,95.717,95.714,11
2014-10-13 03:22:00,2014-10-13 03:23:00,95.686,95.678,95.692,95.673,95.714,95.703,95.717,95.7,100
2014-10-13 03:23:00,2014-10-13 03:24:00,95.678,95.682,95.688,95.674,95.703,95.709,95.714,95.701,56
2014-10-13 03:24:00,2014-10-13 03:25:00,95.682,95.672,95.682,95.669,95.709,95.701,95.707,95.697,59
2014-10-13 03:25:00,2014-10-13 03:26:00,95.672,95.679,95.681,95.662,95.701,95.707,95.707,95.69,73
2014-10-13 03:26:00,2014-10-13 03:27:00,95.679,95.692,95.694,95.678,95.707,95.722,95.722,95.704,61
2014-10-13 03:27:00,2014-10-13 03:28:00,95.692,95.692,95.692,95.686,95.722,95.721,95.721,95.715,31
2014-10-13 03:28:00,2014-10-13 03:29:00,95.692,95.706,95.71,95.691,95.721,95.734,95.74,95.72,79
2014-10-13 03:29:00,2014-10-13 03:30:00,95.706,95.712,95.714,95.706,95.734,95.74,95.74,95.733,49
2014-10-13 03:30:00,2014-10-13 03:31:00,95.712,95.708,95.712,95.708,95.74,95.734,95.739,95.734,26
2014-10-13 03:31:00,2014-10-13 03:32:00,95.708,95.702,95.71,95.7,95.734,95.729,95.738,95.727,48
2014-10-13 03:32:00,2014-10-13 03:33:00,95.702,95.693,95.702,95.693,95.729,95.721,95.728,95.721,44
2014-10-13 03:33:00,2014-10-13 03:34:00,95.693,95.685,95.693,95.685,95.721,95.714,95.719,95.714,28
2014-10-13 03:34:00,2014-10-13 03:35:00,95.685,95.68,95.686,95.678,95.714,95.708,95.715,95.707,59
2014-10-13 03:35:00,2014-10-13 03:36:00,95.68,95.687,95.694,95.68,95.708,95.714,95.721,95.709,43
2014-10-13 03:36:00,2014-10-13 03:37:00,95.687,95.696,95.697,95.678,95.714,95.722,95.722,95.707,67
2014-10-13 03:37:00,2014-10-13 03:38:00,95.696,95.679,95.706,95.672,95.722,95.705,95.73,95.699,107
2014-10-13 03:38:00,2014-10-13 03:39:00,95.679,95.678,95.7,95.678,95.705,95.705,95.727,95.705,138
2014-10-13 03:39:00,2014-10-13 03:40:00,95.678,95.678,95.68,95.668,95.705,95.706,95.708,95.692,153
2014-10-13 03:40:00,2014-10-13 03:41:00,95.678,95.68,95.682,95.671,95.706,95.705,95.711,95.699,147
2014-10-13 03:41:00,2014-10-13 03:42:00,95.68,95.66,95.684,95.654,95.705,95.69,95.71,95.681,162
2014-10-13 03:42:00,2014-10-13 03:43:00,95.66,95.655,95.661,95.653,95.69,95.685,95.69,95.682,47
2014-10-13 03:43:00,2014-10-13 03:44:00,95.655,95.654,95.664,95.654,95.685,95.683,95.691,95.683,33
2014-10-13 03:44:00,2014-10-13 03:45:00,95.654,95.661,95.664,95.654,95.683,95.689,95.693,95.684,25
2014-10-13 03:45:00,2014-10-13 03:46:00,95.661,95.687,95.689,95.661,95.689,95.716,95.718,95.687,99
2014-10-13 03:46:00,2014-10-13 03:47:00,95.687,95.69,95.697,95.687,95.716,95.717,95.726,95.716,36
2014-10-13 03:47:00,2014-10-13 03:48:00,95.69,95.684,95.696,95.684,95.717,95.714,95.725,95.714,66
2014-10-13 03:48:00,2014-10-13 03:49:00,95.684,95.683,95.686,95.683,95.714,95.712,95.716,95.712,13
2014-10-13 03:49:00,2014-10-13 03:50:00,95.683,95.679,95.694,95.677,95.712,95.708,95.718,95.705,38
2014-10-13 03:50:00,2014-10-13 03:51:00,95.679,95.677,95.685,95.671,95.708,95.704,95.708,95.699,36
2014-10-13 03:51:00,2014-10-13 03:52:00,95.677,95.682,95.682,95.677,95.704,95.704,95.707,95.704,9
2014-10-13 03:52:00,2014-10-13 03:53:00,95.682,95.681,95.695,95.681,95.704,95.706,95.719,95.704,57
2014-10-13 03:53:00,2014-10-13 03:54:00,95.681,95.68,95.683,95.677,95.706,95.707,95.709,95.704,15
2014-10-13 03:54:00,2014-10-13 03:55:00,95.68,95.685,95.687,95.681,95.707,95.714,95.715,95.707,30
2014-10-13 03:55:00,2014-10-13 03:56:00,95.685,95.688,95.688,95.685,95.714,95.715,95.715,95.714,5
2014-10-13 03:56:00,2014-10-13 03:57:00,95.688,95.688,95.688,95.687,95.715,95.712,95.715,95.712,3
2014-10-13 03:57:00,2014-10-13 03:58:00,95.688,95.686,95.688,95.684,95.712,95.712,95.712,95.707,20
2014-10-13 03:58:00,2014-10-13 03:59:00,95.686,95.692,95.692,95.682,95.712,95.712,95.717,95.707,42
2014-10-13 03:59:00,2014-10-13 04:00:00,95.692,95.685,95.69,95.68,95.712,95.708,95.713,95.705,67
2014-10-13 04:00:00,2014-10-13 04:01:00,95.685,95.671,95.683,95.669,95.708,95.698,95.709,95.697,24
2014-10-13 04:01:00,2014-10-13 04:02:00,95.671,95.673,95.675,95.671,95.698,95.698,95.699,95.695,15
2014-10-13 04:02:00,2014-10-13 04:03:00,95.673,95.663,95.674,95.663,95.698,95.691,95.7,95.686,52
2014-10-13 04:03:00,2014-10-13 04:04:00,95.663,95.657,95.673,95.657,95.691,95.685,95.7,95.685,81
2014-10-13 04:04:00,2014-10-13 04:05:00,95.657,95.662,95.663,95.656,95.685,95.69,95.69,95.683,22
2014-10-13 04:05:00,2014-10-13 04:06:00,95.662,95.667,95.667,95.663,95.69,95.694,95.695,95.69,12
2014-10-13 04:06:00,2014-10-13 04:07:00,95.667,95.664,95.673,95.66,95.694,95.694,95.701,95.688,60
2014-10-13 04:07:00,2014-10-13 04:08:00,95.664,95.659,95.664,95.658,95.694,95.688,95.693,95.684,20
2014-10-13 04:08:00,2014-10-13 04:09:00,95.659,95.668,95.671,95.654,95.688,95.696,95.699,95.679,45
2014-10-13 04:09:00,2014-10-13 04:10:00,95.668,95.677,95.688,95.666,95.696,95.704,95.716,95.693,106
2014-10-13 04:10:00,2014-10-13 04:11:00,95.677,95.664,95.678,95.66,95.704,95.695,95.706,95.688,119
2014-10-13 04:11:00,2014-10-13 04:12:00,95.664,95.668,95.668,95.664,95.695,95.696,95.697,95.69,22
2014-10-13 04:12:00,2014-10-13 04:13:00,95.668,95.667,95.679,95.666,95.696,95.695,95.707,95.695,149
2014-10-13 04:13:00,2014-10-13 04:14:00,95.667,95.658,95.672,95.655,95.695,95.684,95.7,95.683,189
2014-10-13 04:14:00,2014-10-13 04:15:00,95.658,95.654,95.658,95.647,95.684,95.681,95.684,95.675,40
2014-10-13 04:15:00,2014-10-13 04:16:00,95.654,95.655,95.655,95.654,95.681,95.681,95.682,95.676,29
2014-10-13 04:16:00,2014-10-13 04:17:00,95.655,95.661,95.661,95.654,95.681,95.688,95.688,95.681,16
2014-10-13 04:17:00,2014-10-13 04:18:00,95.661,95.659,95.668,95.656,95.688,95.685,95.693,95.681,91
2014-10-13 04:18:00,2014-10-13 04:19:00,95.659,95.662,95.663,95.653,95.685,95.689,95.689,95.681,31
2014-10-13 04:19:00,2014-10-13 04:20:00,95.662,95.653,95.662,95.653,95.689,95.679,95.689,95.678,47
2014-10-13 04:20:00,2014-10-13 04:21:00,95.653,95.653,95.653,95.653,95.679,95.678,95.678,95.677,3
2014-10-13 04:21:00,2014-10-13 04:22:00,95.653,95.645,95.653,95.645,95.678,95.673,95.68,95.668,37
2014-10-13 04:22:00,2014-10-13 04:23:00,95.645,95.655,95.657,95.646,95.673,95.683,95.686,95.673,71
2014-10-13 04:23:00,2014-10-13 04:24:00,95.655,95.655,95.662,95.655,95.683,95.68,95.688,95.679,37
2014-10-13 04:24:00,2014-10-13 04:25:00,95.655,95.639,95.659,95.639,95.68,95.666,95.685,95.663,80
2014-10-13 04:25:00,2014-10-13 04:26:00,95.639,95.634,95.641,95.627,95.666,95.66,95.668,95.655,82
2014-10-13 04:26:00,2014-10-13 04:27:00,95.634,95.636,95.636,95.634,95.66,95.663,95.664,95.662,5
2014-10-13 04:27:00,2014-10-13 04:28:00,95.636,95.638,95.638,95.636,95.663,95.665,95.665,95.663,7
2014-10-13 04:28:00,2014-10-13 04:29:00,95.638,95.645,95.645,95.639,95.665,95.673,95.675,95.666,23
2014-10-13 04:29:00,2014-10-13 04:30:00,95.645,95.66,95.661,95.644,95.673,95.685,95.687,95.672,68
2014-10-13 04:30:00,2014-10-13 04:31:00,95.66,95.663,95.667,95.655,95.685,95.692,95.692,95.684,51
2014-10-13 04:31:00,2014-10-13 04:32:00,95.663,95.66,95.664,95.659,95.692,95.689,95.693,95.689,15
2014-10-13 04:32:00,2014-10-13 04:33:00,95.66,95.664,95.672,95.655,95.689,95.69,95.699,95.683,77
2014-10-13 04:33:00,2014-10-13 04:34:00,95.664,95.665,95.666,95.656,95.69,95.693,95.693,95.684,63
2014-10-13 04:34:00,2014-10-13 04:35:00,95.665,95.667,95.667,95.665,95.693,95.695,95.695,95.693,5
2014-10-13 04:35:00,2014-10-13 04:36:00,95.667,95.664,95.673,95.664,95.695,95.693,95.702,95.693,34
2014-10-13 04:36:00,2014-10-13 04:37:00,95.664,95.669,95.672,95.664,95.693,95.697,95.698,95.691,50
2014-10-13 04:37:00,2014-10-13 04:38:00,95.669,95.666,95.672,95.666,95.697,95.696,95.7,95.696,22
2014-10-13 04:38:00,2014-10-13 04:39:00,95.666,95.678,95.679,95.667,95.696,95.708,95.708,95.696,26
2014-10-13 04:39:00,2014-10-13 04:40:00,95.678,95.688,95.691,95.68,95.708,95.716,95.717,95.708,74
2014-10-13 04:40:00,2014-10-13 04:41:00,95.688,95.681,95.688,95.671,95.716,95.707,95.714,95.701,109
2014-10-13 04:41:00,2014-10-13 04:42:00,95.681,95.677,95.681,95.675,95.707,95.705,95.706,95.704,11
2014-10-13 04:42:00,2014-10-13 04:43:00,95.677,95.665,95.677,95.664,95.705,95.694,95.705,95.691,31
2014-10-13 04:43:00,2014-10-13 04:44:00,95.665,95.667,95.675,95.663,95.694,95.694,95.701,95.691,41
2014-10-13 04:44:00,2014-10-13 04:45:00,95.667,95.682,95.682,95.668,95.694,95.709,95.709,95.694,62
2014-10-13 04:45:00,2014-10-13 04:46:00,95.682,95.683,95.687,95.675,95.709,95.711,95.711,95.703,60
2014-10-13 04:46:00,2014-10-13 04:47:00,95.683,95.682,95.684,95.675,95.711,95.712,95.713,95.703,46
2014-10-13 04:47:00,2014-10-13 04:48:00,95.682,95.701,95.702,95.683,95.712,95.728,95.728,95.712,46
2014-10-13 04:48:00,2014-10-13 04:49:00,95.701,95.699,95.706,95.692,95.728,95.727,95.733,95.722,84
2014-10-13 04:49:00,2014-10-13 04:50:00,95.699,95.695,95.701,95.695,95.727,95.723,95.728,95.719,45
2014-10-13 04:50:00,2014-10-13 04:51:00,95.695,95.693,95.706,95.693,95.723,95.722,95.733,95.722,95
2014-10-13 04:51:00,2014-10-13 04:52:00,95.693,95.695,95.695,95.682,95.722,95.722,95.722,95.709,87
2014-10-13 04:52:00,2014-10-13 04:53:00,95.695,95.692,95.696,95.692,95.722,95.72,95.722,95.72,17
2014-10-13 04:53:00,2014-10-13 04:54:00,95.692,95.698,95.701,95.683,95.72,95.726,95.726,95.711,71
2014-10-13 04:54:00,2014-10-13 04:55:00,95.698,95.69,95.701,95.687,95.726,95.719,95.73,95.716,105
2014-10-13 04:55:00,2014-10-13 04:56:00,95.69,95.682,95.695,95.682,95.719,95.708,95.723,95.708,55
2014-10-13 04:56:00,2014-10-13 04:57:00,95.682,95.686,95.689,95.681,95.708,95.715,95.719,95.708,47
2014-10-13 04:57:00,2014-10-13 04:58:00,95.686,95.68,95.687,95.671,95.715,95.709,95.715,95.699,50
2014-10-13 04:58:00,2014-10-13 04:59:00,95.68,95.685,95.685,95.677,95.709,95.714,95.714,95.704,18
2014-10-13 04:59:00,2014-10-13 05:00:00,95.685,95.691,95.695,95.685,95.714,95.721,95.721,95.711,32
2014-10-13 05:00:00,2014-10-13 05:01:00,95.691,95.698,95.699,95.692,95.721,95.725,95.726,95.719,67
2014-10-13 05:01:00,2014-10-13 05:02:00,95.698,95.698,95.7,95.695,95.725,95.725,95.725,95.722,15
2014-10-13 05:02:00,2014-10-13 05:03:00,95.698,95.697,95.703,95.694,95.725,95.721,95.728,95.72,79
2014-10-13 05:03:00,2014-10-13 05:04:00,95.697,95.697,95.702,95.696,95.721,95.724,95.73,95.722,41
2014-10-13 05:04:00,2014-10-13 05:05:00,95.697,95.686,95.7,95.683,95.724,95.715,95.728,95.71,152
2014-10-13 05:05:00,2014-10-13 05:06:00,95.686,95.676,95.688,95.676,95.715,95.702,95.716,95.701,68
2014-10-13 05:06:00,2014-10-13 05:07:00,95.676,95.675,95.683,95.674,95.702,95.702,95.707,95.7,33
2014-10-13 05:07:00,2014-10-13 05:08:00,95.675,95.673,95.675,95.671,95.702,95.7,95.7,95.698,17
2014-10-13 05:08:00,2014-10-13 05:09:00,95.673,95.673,95.694,95.672,95.7,95.699,95.715,95.699,164
2014-10-13 05:09:00,2014-10-13 05:10:00,95.673,95.664,95.676,95.654,95.699,95.692,95.702,95.682,122
2014-10-13 05:10:00,2014-10-13 05:11:00,95.664,95.648,95.664,95.645,95.692,95.675,95.69,95.672,61
2014-10-13 05:11:00,2014-10-13 05:12:00,95.648,95.648,95.652,95.642,95.675,95.677,95.68,95.67,85
2014-10-13 05:12:00,2014-10-13 05:13:00,95.648,95.669,95.672,95.648,95.677,95.699,95.699,95.676,63
2014-10-13 05:13:00,2014-10-13 05:14:00,95.669,95.672,95.674,95.659,95.699,95.699,95.699,95.684,124
2014-10-13 05:14:00,2014-10-13 05:15:00,95.672,95.676,95.684,95.673,95.699,95.704,95.708,95.699,51
2014-10-13 05:15:00,2014-10-13 05:16:00,95.676,95.675,95.677,95.666,95.704,95.703,95.704,95.694,85
2014-10-13 05:16:00,2014-10-13 05:17:00,95.675,95.67,95.68,95.67,95.703,95.698,95.703,95.697,53
2014-10-13 05:17:00,2014-10-13 05:18:00,95.67,95.669,95.672,95.662,95.698,95.696,95.698,95.689,59
2014-10-13 05:18:00,2014-10-13 05:19:00,95.669,95.67,95.672,95.665,95.696,95.697,95.699,95.692,51
2014-10-13 05:19:00,2014-10-13 05:20:00,95.67,95.666,95.681,95.665,95.697,95.692,95.708,95.691,75
2014-10-13 05:20:00,2014-10-13 05:21:00,95.666,95.664,95.666,95.658,95.692,95.691,95.691,95.684,37
2014-10-13 05:21:00,2014-10-13 05:22:00,95.664,95.666,95.669,95.663,95.691,95.694,95.696,95.69,66
2014-10-13 05:22:00,2014-10-13 05:23:00,95.666,95.667,95.671,95.659,95.694,95.693,95.698,95.685,77
2014-10-13 05:23:00,2014-10-13 05:24:00,95.667,95.677,95.677,95.665,95.693,95.704,95.704,95.689,78
2014-10-13 05:24:00,2014-10-13 05:25:00,95.677,95.694,95.698,95.672,95.704,95.72,95.722,95.695,75
2014-10-13 05:25:00,2014-10-13 05:26:00,95.694,95.693,95.695,95.693,95.72,95.721,95.721,95.721,4
2014-10-13 05:26:00,2014-10-13 05:27:00,95.693,95.694,95.694,95.688,95.721,95.72,95.72,95.717,69
2014-10-13 05:27:00,2014-10-13 05:28:00,95.694,95.698,95.714,95.692,95.72,95.728,95.741,95.717,140
2014-10-13 05:28:00,2014-10-13 05:29:00,95.698,95.693,95.711,95.693,95.728,95.722,95.739,95.721,83
2014-10-13 05:29:00,2014-10-13 05:30:00,95.693,95.694,95.7,95.69,95.722,95.724,95.729,95.719,88
2014-10-13 05:30:00,2014-10-13 05:31:00,95.694,95.676,95.694,95.672,95.724,95.706,95.723,95.703,116
2014-10-13 05:31:00,2014-10-13 05:32:00,95.676,95.675,95.684,95.675,95.706,95.705,95.712,95.705,23
2014-10-13 05:32:00,2014-10-13 05:33:00,95.675,95.681,95.684,95.673,95.705,95.71,95.714,95.703,44
2014-10-13 05:33:00,2014-10-13 05:34:00,95.681,95.683,95.685,95.68,95.71,95.71,95.714,95.707,15
2014-10-13 05:34:00,2014-10-13 05:35:00,95.683,95.68,95.69,95.68,95.71,95.707,95.716,95.706,32
2014-10-13 05:35:00,2014-10-13 05:36:00,95.68,95.674,95.68,95.672,95.707,95.703,95.71,95.701,36
2014-10-13 05:36:00,2014-10-13 05:37:00,95.674,95.673,95.674,95.673,95.703,95.703,95.703,95.701,10
2014-10-13 05:37:00,2014-10-13 05:38:00,95.673,95.671,95.682,95.668,95.703,95.698,95.705,95.694,84
2014-10-13 05:38:00,2014-10-13 05:39:00,95.671,95.671,95.673,95.666,95.698,95.696,95.7,95.693,61
2014-10-13 05:39:00,2014-10-13 05:40:00,95.671,95.665,95.675,95.665,95.696,95.692,95.7,95.692,46
2014-10-13 05:40:00,2014-10-13 05:41:00,95.665,95.668,95.669,95.663,95.692,95.698,95.698,95.689,25
2014-10-13 05:41:00,2014-10-13 05:42:00,95.668,95.665,95.67,95.659,95.698,95.69,95.698,95.685,74
2014-10-13 05:42:00,2014-10-13 05:43:00,95.665,95.675,95.675,95.656,95.69,95.701,95.702,95.684,96
2014-10-13 05:43:00,2014-10-13 05:44:00,95.675,95.668,95.675,95.666,95.701,95.695,95.701,95.693,19
2014-10-13 05:44:00,2014-10-13 05:45:00,95.668,95.666,95.671,95.666,95.695,95.694,95.697,95.69,21
2014-10-13 05:45:00,2014-10-13 05:46:00,95.666,95.667,95.672,95.661,95.694,95.694,95.696,95.686,46
2014-10-13 05:46:00,2014-10-13 05:47:00,95.667,95.659,95.665,95.659,95.694,95.686,95.694,95.685,13
2014-10-13 05:47:00,2014-10-13 05:48:00,95.659,95.692,95.693,95.659,95.686,95.721,95.721,95.685,98
2014-10-13 05:48:00,2014-10-13 05:49:00,95.692,95.687,95.696,95.683,95.721,95.716,95.722,95.713,59
2014-10-13 05:49:00,2014-10-13 05:50:00,95.687,95.681,95.699,95.677,95.716,95.71,95.725,95.703,87
2014-10-13 05:50:00,2014-10-13 05:51:00,95.681,95.705,95.705,95.675,95.71,95.732,95.732,95.702,237
2014-10-13 05:51:00,2014-10-13 05:52:00,95.705,95.714,95.715,95.699,95.732,95.742,95.743,95.728,63
2014-10-13 05:52:00,2014-10-13 05:53:00,95.714,95.72,95.721,95.713,95.742,95.745,95.748,95.74,29
2014-10-13 05:53:00,2014-10-13 05:54:00,95.72,95.719,95.72,95.718,95.745,95.743,95.744,95.742,8
2014-10-13 05:54:00,2014-10-13 05:55:00,95.719,95.722,95.723,95.707,95.743,95.746,95.75,95.734,95
2014-10-13 05:55:00,2014-10-13 05:56:00,95.722,95.732,95.735,95.719,95.746,95.76,95.761,95.744,52
2014-10-13 05:56:00,2014-10-13 05:57:00,95.732,95.712,95.731,95.709,95.76,95.739,95.759,95.738,58
2014-10-13 05:57:00,2014-10-13 05:58:00,95.712,95.711,95.714,95.703,95.739,95.734,95.739,95.727,92
2014-10-13 05:58:00,2014-10-13 05:59:00,95.711,95.714,95.714,95.711,95.734,95.734,95.739,95.734,34
2014-10-13 05:59:00,2014-10-13 06:00:00,95.714,95.697,95.714,95.694,95.734,95.725,95.738,95.722,59
2014-10-13 06:00:00,2014-10-13 06:01:00,95.697,95.708,95.716,95.698,95.725,95.735,95.743,95.725,95
2014-10-13 06:01:00,2014-10-13 06:02:00,95.708,95.716,95.718,95.702,95.735,95.743,95.747,95.728,95
2014-10-13 06:02:00,2014-10-13 06:03:00,95.716,95.728,95.732,95.717,95.743,95.75,95.754,95.739,86
2014-10-13 06:03:00,2014-10-13 06:04:00,95.728,95.717,95.738,95.707,95.75,95.744,95.76,95.734,199
2014-10-13 06:04:00,2014-10-13 06:05:00,95.717,95.718,95.722,95.706,95.744,95.741,95.744,95.731,161
2014-10-13 06:05:00,2014-10-13 06:06:00,95.718,95.724,95.724,95.708,95.741,95.748,95.749,95.728,137
2014-10-13 06:06:00,2014-10-13 06:07:00,95.724,95.742,95.751,95.724,95.748,95.769,95.774,95.749,145
2014-10-13 06:07:00,2014-10-13 06:08:00,95.742,95.73,95.753,95.73,95.769,95.757,95.78,95.757,253
2014-10-13 06:08:00,2014-10-13 06:09:00,95.73,95.722,95.744,95.72,95.757,95.746,95.77,95.744,176
2014-10-13 06:09:00,2014-10-13 06:10:00,95.722,95.745,95.757,95.722,95.746,95.771,95.783,95.748,95
2014-10-13 06:10:00,2014-10-13 06:11:00,95.745,95.754,95.756,95.745,95.771,95.78,95.781,95.771,118
2014-10-13 06:11:00,2014-10-13 06:12:00,95.754,95.759,95.77,95.751,95.78,95.788,95.795,95.776,89
2014-10-13 06:12:00,2014-10-13 06:13:00,95.759,95.77,95.781,95.758,95.788,95.799,95.81,95.788,217
2014-10-13 06:13:00,2014-10-13 06:14:00,95.77,95.789,95.801,95.767,95.799,95.813,95.826,95.792,205
2014-10-13 06:14:00,2014-10-13 06:15:00,95.789,95.77,95.789,95.762,95.813,95.798,95.815,95.789,327
2014-10-13 06:15:00,2014-10-13 06:16:00,95.77,95.757,95.781,95.757,95.798,95.785,95.803,95.785,174
2014-10-13 06:16:00,2014-10-13 06:17:00,95.757,95.763,95.766,95.746,95.785,95.79,95.792,95.774,194
2014-10-13 06:17:00,2014-10-13 06:18:00,95.763,95.774,95.786,95.757,95.79,95.802,95.817,95.784,257
2014-10-13 06:18:00,2014-10-13 06:19:00,95.774,95.775,95.781,95.756,95.802,95.803,95.811,95.781,198
2014-10-13 06:19:00,2014-10-13 06:20:00,95.775,95.777,95.784,95.767,95.803,95.804,95.811,95.793,213
2014-10-13 06:20:00,2014-10-13 06:21:00,95.777,95.762,95.779,95.762,95.804,95.79,95.806,95.787,41
2014-10-13 06:21:00,2014-10-13 06:22:00,95.762,95.762,95.769,95.752,95.79,95.783,95.792,95.775,172
2014-10-13 06:22:00,2014-10-13 06:23:00,95.762,95.751,95.762,95.748,95.783,95.777,95.782,95.769,97
2014-10-13 06:23:00,2014-10-13 06:24:00,95.751,95.752,95.765,95.751,95.777,95.776,95.792,95.775,89
2014-10-13 06:24:00,2014-10-13 06:25:00,95.752,95.747,95.754,95.746,95.776,95.773,95.78,95.773,60
2014-10-13 06:25:00,2014-10-13 06:26:00,95.747,95.778,95.778,95.744,95.773,95.801,95.802,95.769,193
2014-10-13 06:26:00,2014-10-13 06:27:00,95.778,95.782,95.79,95.778,95.801,95.809,95.817,95.801,95
2014-10-13 06:27:00,2014-10-13 06:28:00,95.782,95.79,95.792,95.78,95.809,95.818,95.819,95.806,68
2014-10-13 06:28:00,2014-10-13 06:29:00,95.79,95.806,95.813,95.791,95.818,95.832,95.836,95.818,129
2014-10-13 06:29:00,2014-10-13 06:30:00,95.806,95.8,95.81,95.789,95.832,95.827,95.834,95.814,142
2014-10-13 06:30:00,2014-10-13 06:31:00,95.8,95.785,95.8,95.782,95.827,95.813,95.827,95.811,32
2014-10-13 06:31:00,2014-10-13 06:32:00,95.785,95.79,95.795,95.78,95.813,95.817,95.819,95.807,101
2014-10-13 06:32:00,2014-10-13 06:33:00,95.79,95.801,95.801,95.785,95.817,95.83,95.83,95.812,172
2014-10-13 06:33:00,2014-10-13 06:34:00,95.801,95.778,95.803,95.772,95.83,95.804,95.83,95.798,137
2014-10-13 06:34:00,2014-10-13 06:35:00,95.778,95.822,95.829,95.773,95.804,95.847,95.853,95.799,280
2014-10-13 06:35:00,2014-10-13 06:36:00,95.822,95.831,95.843,95.82,95.847,95.86,95.871,95.845,221
2014-10-13 06:36:00,2014-10-13 06:37:00,95.831,95.822,95.833,95.82,95.86,95.851,95.861,95.845,109
2014-10-13 06:37:00,2014-10-13 06:38:00,95.822,95.83,95.835,95.809,95.851,95.858,95.86,95.835,198
2014-10-13 06:38:00,2014-10-13 06:39:00,95.83,95.846,95.847,95.823,95.858,95.872,95.872,95.851,97
2014-10-13 06:39:00,2014-10-13 06:40:00,95.846,95.835,95.846,95.818,95.872,95.864,95.873,95.843,207
2014-10-13 06:40:00,2014-10-13 06:41:00,95.835,95.841,95.845,95.819,95.864,95.862,95.871,95.847,242
2014-10-13 06:41:00,2014-10-13 06:42:00,95.841,95.839,95.844,95.825,95.862,95.866,95.871,95.854,156
2014-10-13 06:42:00,2014-10-13 06:43:00,95.839,95.802,95.839,95.796,95.866,95.829,95.865,95.82,236
2014-10-13 06:43:00,2014-10-13 06:44:00,95.802,95.813,95.819,95.792,95.829,95.841,95.845,95.817,111
2014-10-13 06:44:00,2014-10-13 06:45:00,95.813,95.81,95.823,95.807,95.841,95.84,95.848,95.835,137
2014-10-13 06:45:00,2014-10-13 06:46:00,95.81,95.812,95.812,95.801,95.84,95.84,95.84,95.829,34
2014-10-13 06:46:00,2014-10-13 06:47:00,95.812,95.816,95.836,95.811,95.84,95.843,95.861,95.838,61
2014-10-13 06:47:00,2014-10-13 06:48:00,95.816,95.816,95.822,95.814,95.843,95.845,95.845,95.841,47
2014-10-13 06:48:00,2014-10-13 06:49:00,95.816,95.802,95.825,95.799,95.845,95.83,95.848,95.825,144
2014-10-13 06:49:00,2014-10-13 06:50:00,95.802,95.799,95.809,95.798,95.83,95.824,95.836,95.823,53
2014-10-13 06:50:00,2014-10-13 06:51:00,95.799,95.783,95.799,95.78,95.824,95.806,95.823,95.803,203
2014-10-13 06:51:00,2014-10-13 06:52:00,95.783,95.773,95.783,95.76,95.806,95.798,95.807,95.785,210
2014-10-13 06:52:00,2014-10-13 06:53:00,95.773,95.797,95.803,95.77,95.798,95.826,95.832,95.793,278
2014-10-13 06:53:00,2014-10-13 06:54:00,95.797,95.785,95.8,95.78,95.826,95.812,95.828,95.804,87
2014-10-13 06:54:00,2014-10-13 06:55:00,95.785,95.772,95.794,95.772,95.812,95.798,95.821,95.798,189
2014-10-13 06:55:00,2014-10-13 06:56:00,95.772,95.78,95.789,95.762,95.798,95.807,95.815,95.785,194
2014-10-13 06:56:00,2014-10-13 06:57:00,95.78,95.768,95.796,95.767,95.807,95.796,95.821,95.795,170
2014-10-13 06:57:00,2014-10-13 06:58:00,95.768,95.756,95.776,95.756,95.796,95.778,95.802,95.778,82
2014-10-13 06:58:00,2014-10-13 06:59:00,95.756,95.741,95.756,95.741,95.778,95.766,95.782,95.766,96
2014-10-13 06:59:00,2014-10-13 07:00:00,95.741,95.731,95.748,95.727,95.766,95.756,95.777,95.752,186
2014-10-13 07:00:00,2014-10-13 07:01:00,95.731,95.715,95.74,95.715,95.756,95.737,95.767,95.737,410
2014-10-13 07:01:00,2014-10-13 07:02:00,95.715,95.726,95.734,95.712,95.737,95.753,95.76,95.735,281
2014-10-13 07:02:00,2014-10-13 07:03:00,95.726,95.748,95.752,95.726,95.753,95.774,95.779,95.751,181
2014-10-13 07:03:00,2014-10-13 07:04:00,95.748,95.75,95.757,95.744,95.774,95.776,95.782,95.77,98
2014-10-13 07:04:00,2014-10-13 07:05:00,95.75,95.759,95.766,95.743,95.776,95.784,95.79,95.769,161
2014-10-13 07:05:00,2014-10-13 07:06:00,95.759,95.775,95.781,95.754,95.784,95.8,95.806,95.779,249
2014-10-13 07:06:00,2014-10-13 07:07:00,95.775,95.759,95.785,95.756,95.8,95.785,95.807,95.782,140
2014-10-13 07:07:00,2014-10-13 07:08:00,95.759,95.76,95.772,95.755,95.785,95.786,95.794,95.78,204
2014-10-13 07:08:00,2014-10-13 07:09:00,95.76,95.753,95.766,95.748,95.786,95.78,95.791,95.77,86
2014-10-13 07:09:00,2014-10-13 07:10:00,95.753,95.75,95.761,95.747,95.78,95.775,95.786,95.773,202
2014-10-13 07:10:00,2014-10-13 07:11:00,95.75,95.763,95.767,95.74,95.775,95.789,95.796,95.762,216
2014-10-13 07:11:00,2014-10-13 07:12:00,95.763,95.754,95.771,95.746,95.789,95.78,95.795,95.771,160
2014-10-13 07:12:00,2014-10-13 07:13:00,95.754,95.754,95.764,95.751,95.78,95.783,95.789,95.777,126
2014-10-13 07:13:00,2014-10-13 07:14:00,95.754,95.743,95.759,95.737,95.783,95.766,95.786,95.757,176
2014-10-13 07:14:00,2014-10-13 07:15:00,95.743,95.734,95.743,95.724,95.766,95.763,95.766,95.746,183
2014-10-13 07:15:00,2014-10-13 07:16:00,95.734,95.743,95.745,95.73,95.763,95.772,95.774,95.757,120
2014-10-13 07:16:00,2014-10-13 07:17:00,95.743,95.729,95.744,95.729,95.772,95.757,95.772,95.757,42
2014-10-13 07:17:00,2014-10-13 07:18:00,95.729,95.743,95.743,95.728,95.757,95.769,95.77,95.754,63
2014-10-13 07:18:00,2014-10-13 07:19:00,95.743,95.75,95.763,95.742,95.769,95.778,95.791,95.766,195
2014-10-13 07:19:00,2014-10-13 07:20:00,95.75,95.764,95.772,95.747,95.778,95.79,95.797,95.773,339
2014-10-13 07:20:00,2014-10-13 07:21:00,95.764,95.767,95.79,95.765,95.79,95.793,95.817,95.79,369
2014-10-13 07:21:00,2014-10-13 07:22:00,95.767,95.771,95.779,95.764,95.793,95.797,95.807,95.791,152
2014-10-13 07:22:00,2014-10-13 07:23:00,95.771,95.764,95.771,95.762,95.797,95.792,95.8,95.79,123
2014-10-13 07:23:00,2014-10-13 07:24:00,95.764,95.768,95.773,95.762,95.792,95.79,95.795,95.789,139
2014-10-13 07:24:00,2014-10-13 07:25:00,95.768,95.759,95.772,95.756,95.79,95.786,95.795,95.782,224
2014-10-13 07:25:00,2014-10-13 07:26:00,95.759,95.764,95.774,95.76,95.786,95.791,95.8,95.786,208
2014-10-13 07:26:00,2014-10-13 07:27:00,95.764,95.774,95.779,95.764,95.791,95.801,95.805,95.789,215
2014-10-13 07:27:00,2014-10-13 07:28:00,95.774,95.765,95.778,95.763,95.801,95.791,95.804,95.79,285
2014-10-13 07:28:00,2014-10-13 07:29:00,95.765,95.778,95.783,95.757,95.791,95.805,95.81,95.781,237
2014-10-13 07:29:00,2014-10-13 07:30:00,95.778,95.768,95.778,95.752,95.805,95.796,95.804,95.778,136
2014-10-13 07:30:00,2014-10-13 07:31:00,95.768,95.78,95.783,95.766,95.796,95.808,95.81,95.792,184
2014-10-13 07:31:00,2014-10-13 07:32:00,95.78,95.762,95.781,95.76,95.808,95.788,95.809,95.785,153
2014-10-13 07:32:00,2014-10-13 07:33:00,95.762,95.773,95.776,95.762,95.788,95.801,95.803,95.789,96
2014-10-13 07:33:00,2014-10-13 07:34:00,95.773,95.776,95.786,95.77,95.801,95.804,95.815,95.795,186
2014-10-13 07:34:00,2014-10-13 07:35:00,95.776,95.77,95.788,95.763,95.804,95.798,95.815,95.79,186
2014-10-13 07:35:00,2014-10-13 07:36:00,95.77,95.762,95.77,95.759,95.798,95.788,95.796,95.785,154
2014-10-13 07:36:00,2014-10-13 07:37:00,95.762,95.75,95.769,95.747,95.788,95.777,95.796,95.771,191
2014-10-13 07:37:00,2014-10-13 07:38:00,95.75,95.757,95.76,95.744,95.777,95.784,95.789,95.771,210
2014-10-13 07:38:00,2014-10-13 07:39:00,95.757,95.734,95.758,95.732,95.784,95.76,95.784,95.758,206
2014-10-13 07:39:00,2014-10-13 07:40:00,95.734,95.734,95.736,95.719,95.76,95.76,95.763,95.745,132
2014-10-13 07:40:00,2014-10-13 07:41:00,95.734,95.735,95.74,95.726,95.76,95.762,95.768,95.754,137
2014-10-13 07:41:00,2014-10-13 07:42:00,95.735,95.732,95.736,95.72,95.762,95.759,95.764,95.746,180
2014-10-13 07:42:00,2014-10-13 07:43:00,95.732,95.732,95.732,95.721,95.759,95.756,95.759,95.747,44
2014-10-13 07:43:00,2014-10-13 07:44:00,95.732,95.744,95.744,95.726,95.756,95.768,95.768,95.752,84
2014-10-13 07:44:00,2014-10-13 07:45:00,95.744,95.72,95.752,95.719,95.768,95.749,95.776,95.745,301
2014-10-13 07:45:00,2014-10-13 07:46:00,95.72,95.727,95.736,95.719,95.749,95.752,95.762,95.746,140
2014-10-13 07:46:00,2014-10-13 07:47:00,95.727,95.725,95.737,95.725,95.752,95.753,95.762,95.749,144
2014-10-13 07:47:00,2014-10-13 07:48:00,95.725,95.716,95.731,95.711,95.753,95.742,95.755,95.735,110
2014-10-13 07:48:00,2014-10-13 07:49:00,95.716,95.714,95.726,95.713,95.742,95.741,95.755,95.739,225
2014-10-13 07:49:00,2014-10-13 07:50:00,95.714,95.725,95.732,95.715,95.741,95.75,95.755,95.741,79
2014-10-13 07:50:00,2014-10-13 07:51:00,95.725,95.718,95.724,95.712,95.75,95.744,95.75,95.74,153
2014-10-13 07:51:00,2014-10-13 07:52:00,95.718,95.724,95.726,95.711,95.744,95.752,95.753,95.739,101
2014-10-13 07:52:00,2014-10-13 07:53:00,95.724,95.732,95.738,95.721,95.752,95.758,95.765,95.747,121
2014-10-13 07:53:00,2014-10-13 07:54:00,95.732,95.731,95.739,95.724,95.758,95.759,95.764,95.749,94
2014-10-13 07:54:00,2014-10-13 07:55:00,95.731,95.718,95.737,95.715,95.759,95.745,95.766,95.742,121
2014-10-13 07:55:00,2014-10-13 07:56:00,95.718,95.723,95.736,95.719,95.745,95.747,95.762,95.745,104
2014-10-13 07:56:00,2014-10-13 07:57:00,95.723,95.708,95.724,95.707,95.747,95.734,95.75,95.734,144
2014-10-13 07:57:00,2014-10-13 07:58:00,95.708,95.701,95.713,95.696,95.734,95.727,95.74,95.722,209
2014-10-13 07:58:00,2014-10-13 07:59:00,95.701,95.698,95.71,95.685,95.727,95.723,95.735,95.708,292
2014-10-13 07:59:00,2014-10-13 08:00:00,95.698,95.648,95.701,95.647,95.723,95.676,95.727,95.674,224
2014-10-13 08:00:00,2014-10-13 08:01:00,95.648,95.68,95.682,95.649,95.676,95.707,95.709,95.674,229
2014-10-13 08:01:00,2014-10-13 08:02:00,95.68,95.655,95.681,95.644,95.707,95.681,95.708,95.671,436
2014-10-13 08:02:00,2014-10-13 08:03:00,95.655,95.691,95.698,95.655,95.681,95.717,95.724,95.678,247
2014-10-13 08:03:00,2014-10-13 08:04:00,95.691,95.683,95.697,95.671,95.717,95.709,95.725,95.696,211
2014-10-13 08:04:00,2014-10-13 08:05:00,95.683,95.694,95.703,95.677,95.709,95.721,95.729,95.704,170
2014-10-13 08:05:00,2014-10-13 08:06:00,95.694,95.693,95.708,95.693,95.721,95.722,95.734,95.72,135
2014-10-13 08:06:00,2014-10-13 08:07:00,95.693,95.715,95.715,95.692,95.722,95.74,95.742,95.722,158
2014-10-13 08:07:00,2014-10-13 08:08:00,95.715,95.727,95.734,95.715,95.74,95.752,95.761,95.74,266
2014-10-13 08:08:00,2014-10-13 08:09:00,95.727,95.713,95.734,95.713,95.752,95.739,95.759,95.739,183
2014-10-13 08:09:00,2014-10-13 08:10:00,95.713,95.755,95.755,95.713,95.739,95.781,95.781,95.737,360
2014-10-13 08:10:00,2014-10-13 08:11:00,95.755,95.738,95.756,95.736,95.781,95.764,95.781,95.758,257
2014-10-13 08:11:00,2014-10-13 08:12:00,95.738,95.752,95.76,95.739,95.764,95.779,95.785,95.764,105
2014-10-13 08:12:00,2014-10-13 08:13:00,95.752,95.74,95.754,95.735,95.779,95.766,95.781,95.762,93
2014-10-13 08:13:00,2014-10-13 08:14:00,95.74,95.738,95.741,95.72,95.766,95.766,95.768,95.748,166
2014-10-13 08:14:00,2014-10-13 08:15:00,95.738,95.758,95.758,95.739,95.766,95.785,95.787,95.766,147
2014-10-13 08:15:00,2014-10-13 08:16:00,95.758,95.769,95.769,95.745,95.785,95.796,95.796,95.773,251
2014-10-13 08:16:00,2014-10-13 08:17:00,95.769,95.769,95.77,95.756,95.796,95.797,95.797,95.782,238
2014-10-13 08:17:00,2014-10-13 08:18:00,95.769,95.764,95.787,95.76,95.797,95.789,95.81,95.787,232
2014-10-13 08:18:00,2014-10-13 08:19:00,95.764,95.756,95.769,95.753,95.789,95.784,95.797,95.781,121
2014-10-13 08:19:00,2014-10-13 08:20:00,95.756,95.748,95.756,95.743,95.784,95.777,95.784,95.772,51
2014-10-13 08:20:00,2014-10-13 08:21:00,95.748,95.749,95.756,95.743,95.777,95.777,95.782,95.771,44
2014-10-13 08:21:00,2014-10-13 08:22:00,95.749,95.769,95.77,95.75,95.777,95.795,95.798,95.777,47
2014-10-13 08:22:00,2014-10-13 08:23:00,95.769,95.747,95.767,95.739,95.795,95.773,95.796,95.763,268
2014-10-13 08:23:00,2014-10-13 08:24:00,95.747,95.761,95.772,95.747,95.773,95.789,95.801,95.773,119
2014-10-13 08:24:00,2014-10-13 08:25:00,95.761,95.78,95.78,95.762,95.789,95.804,95.807,95.789,134
2014-10-13 08:25:00,2014-10-13 08:26:00,95.78,95.785,95.789,95.774,95.804,95.814,95.817,95.803,87
2014-10-13 08:26:00,2014-10-13 08:27:00,95.785,95.801,95.807,95.785,95.814,95.827,95.83,95.813,98
2014-10-13 08:27:00,2014-10-13 08:28:00,95.801,95.807,95.81,95.792,95.827,95.834,95.835,95.818,94
2014-10-13 08:28:00,2014-10-13 08:29:00,95.807,95.809,95.814,95.802,95.834,95.833,95.839,95.825,92
2014-10-13 08:29:00,2014-10-13 08:30:00,95.809,95.814,95.817,95.802,95.833,95.841,95.842,95.828,85
2014-10-13 08:30:00,2014-10-13 08:31:00,95.814,95.804,95.814,95.803,95.841,95.831,95.842,95.827,103
2014-10-13 08:31:00,2014-10-13 08:32:00,95.804,95.844,95.85,95.805,95.831,95.873,95.873,95.831,199
2014-10-13 08:32:00,2014-10-13 08:33:00,95.844,95.87,95.886,95.846,95.873,95.898,95.91,95.873,195
2014-10-13 08:33:00,2014-10-13 08:34:00,95.87,95.879,95.89,95.857,95.898,95.906,95.916,95.884,291
2014-10-13 08:34:00,2014-10-13 08:35:00,95.879,95.9,95.906,95.879,95.906,95.925,95.931,95.903,233
2014-10-13 08:35:00,2014-10-13 08:36:00,95.9,95.894,95.907,95.892,95.925,95.918,95.931,95.917,170
2014-10-13 08:36:00,2014-10-13 08:37:00,95.894,95.92,95.924,95.896,95.918,95.943,95.945,95.918,247
2014-10-13 08:37:00,2014-10-13 08:38:00,95.92,95.924,95.931,95.911,95.943,95.95,95.96,95.937,258
2014-10-13 08:38:00,2014-10-13 08:39:00,95.924,95.913,95.926,95.907,95.95,95.941,95.951,95.936,114
2014-10-13 08:39:00,2014-10-13 08:40:00,95.913,95.902,95.919,95.9,95.941,95.929,95.948,95.928,144
2014-10-13 08:40:00,2014-10-13 08:41:00,95.902,95.895,95.908,95.892,95.929,95.923,95.936,95.919,150
2014-10-13 08:41:00,2014-10-13 08:42:00,95.895,95.892,95.912,95.892,95.923,95.918,95.937,95.914,159
2014-10-13 08:42:00,2014-10-13 08:43:00,95.892,95.895,95.898,95.883,95.918,95.921,95.926,95.909,173
2014-10-13 08:43:00,2014-10-13 08:44:00,95.895,95.893,95.896,95.884,95.921,95.92,95.922,95.91,127
2014-10-13 08:44:00,2014-10-13 08:45:00,95.893,95.886,95.903,95.886,95.92,95.914,95.926,95.91,197
2014-10-13 08:45:00,2014-10-13 08:46:00,95.886,95.878,95.888,95.87,95.914,95.905,95.915,95.897,103
2014-10-13 08:46:00,2014-10-13 08:47:00,95.878,95.88,95.884,95.86,95.905,95.907,95.908,95.888,239
2014-10-13 08:47:00,2014-10-13 08:48:00,95.88,95.889,95.891,95.871,95.907,95.916,95.918,95.897,143
2014-10-13 08:48:00,2014-10-13 08:49:00,95.889,95.902,95.914,95.884,95.916,95.931,95.939,95.91,233
2014-10-13 08:49:00,2014-10-13 08:50:00,95.902,95.913,95.915,95.9,95.931,95.942,95.942,95.927,85
2014-10-13 08:50:00,2014-10-13 08:51:00,95.913,95.945,95.946,95.909,95.942,95.968,95.975,95.936,194
2014-10-13 08:51:00,2014-10-13 08:52:00,95.945,95.954,95.968,95.932,95.968,95.981,95.994,95.961,234
2014-10-13 08:52:00,2014-10-13 08:53:00,95.954,95.968,95.978,95.952,95.981,95.995,96.002,95.98,326
2014-10-13 08:53:00,2014-10-13 08:54:00,95.968,95.974,95.984,95.962,95.995,96.0,96.01,95.989,251
2014-10-13 08:54:00,2014-10-13 08:55:00,95.974,95.964,95.983,95.956,96.0,95.989,96.011,95.983,288
2014-10-13 08:55:00,2014-10-13 08:56:00,95.964,95.964,95.967,95.951,95.989,95.992,95.993,95.979,102
2014-10-13 08:56:00,2014-10-13 08:57:00,95.964,95.967,95.967,95.948,95.992,95.992,95.994,95.975,95
2014-10-13 08:57:00,2014-10-13 08:58:00,95.967,95.958,95.969,95.958,95.992,95.982,95.993,95.982,27
2014-10-13 08:58:00,2014-10-13 08:59:00,95.958,95.956,95.962,95.943,95.982,95.983,95.987,95.97,285
2014-10-13 08:59:00,2014-10-13 09:00:00,95.956,95.949,95.956,95.946,95.983,95.974,95.982,95.964,203
2014-10-13 09:00:00,2014-10-13 09:01:00,95.949,95.945,95.96,95.942,95.974,95.97,95.985,95.964,108
2014-10-13 09:01:00,2014-10-13 09:02:00,95.945,95.939,95.954,95.924,95.97,95.967,95.98,95.952,268
2014-10-13 09:02:00,2014-10-13 09:03:00,95.939,95.943,95.949,95.932,95.967,95.97,95.976,95.957,129
2014-10-13 09:03:00,2014-10-13 09:04:00,95.943,95.94,95.95,95.94,95.97,95.966,95.975,95.966,58
2014-10-13 09:04:00,2014-10-13 09:05:00,95.94,95.948,95.957,95.938,95.966,95.976,95.98,95.963,142
2014-10-13 09:05:00,2014-10-13 09:06:00,95.948,95.942,95.948,95.936,95.976,95.967,95.973,95.964,72
2014-10-13 09:06:00,2014-10-13 09:07:00,95.942,95.908,95.948,95.906,95.967,95.935,95.975,95.933,321
2014-10-13 09:07:00,2014-10-13 09:08:00,95.908,95.89,95.909,95.886,95.935,95.917,95.936,95.91,191
2014-10-13 09:08:00,2014-10-13 09:09:00,95.89,95.895,95.904,95.876,95.917,95.922,95.929,95.9,227
2014-10-13 09:09:00,2014-10-13 09:10:00,95.895,95.902,95.914,95.895,95.922,95.929,95.94,95.922,135
2014-10-13 09:10:00,2014-10-13 09:11:00,95.902,95.895,95.903,95.889,95.929,95.922,95.93,95.914,117
2014-10-13 09:11:00,2014-10-13 09:12:00,95.895,95.893,95.899,95.884,95.922,95.919,95.926,95.911,203
2014-10-13 09:12:00,2014-10-13 09:13:00,95.893,95.888,95.9,95.881,95.919,95.916,95.928,95.908,252
2014-10-13 09:13:00,2014-10-13 09:14:00,95.888,95.898,95.901,95.882,95.916,95.923,95.928,95.908,328
2014-10-13 09:14:00,2014-10-13 09:15:00,95.898,95.886,95.9,95.877,95.923,95.911,95.925,95.903,280
2014-10-13 09:15:00,2014-10-13 09:16:00,95.886,95.879,95.889,95.877,95.911,95.906,95.914,95.902,153
2014-10-13 09:16:00,2014-10-13 09:17:00,95.879,95.878,95.887,95.873,95.906,95.904,95.911,95.899,130
2014-10-13 09:17:00,2014-10-13 09:18:00,95.878,95.876,95.885,95.876,95.904,95.902,95.91,95.902,80
2014-10-13 09:18:00,2014-10-13 09:19:00,95.876,95.879,95.885,95.869,95.902,95.905,95.91,95.895,107
2014-10-13 09:19:00,2014-10-13 09:20:00,95.879,95.892,95.899,95.875,95.905,95.919,95.923,95.902,197
2014-10-13 09:20:00,2014-10-13 09:21:00,95.892,95.87,95.893,95.868,95.919,95.897,95.92,95.895,288
2014-10-13 09:21:00,2014-10-13 09:22:00,95.87,95.859,95.874,95.858,95.897,95.887,95.899,95.881,221
2014-10-13 09:22:00,2014-10-13 09:23:00,95.859,95.842,95.867,95.841,95.887,95.87,95.894,95.869,103
2014-10-13 09:23:00,2014-10-13 09:24:00,95.842,95.854,95.857,95.841,95.87,95.88,95.883,95.868,175
2014-10-13 09:24:00,2014-10-13 09:25:00,95.854,95.858,95.861,95.852,95.88,95.884,95.889,95.877,95
2014-10-13 09:25:00,2014-10-13 09:26:00,95.858,95.852,95.865,95.846,95.884,95.879,95.891,95.871,152
2014-10-13 09:26:00,2014-10-13 09:27:00,95.852,95.85,95.858,95.844,95.879,95.877,95.884,95.87,158
2014-10-13 09:27:00,2014-10-13 09:28:00,95.85,95.848,95.854,95.846,95.877,95.875,95.881,95.871,74
2014-10-13 09:28:00,2014-10-13 09:29:00,95.848,95.851,95.854,95.847,95.875,95.879,95.882,95.874,96
2014-10-13 09:29:00,2014-10-13 09:30:00,95.851,95.854,95.854,95.844,95.879,95.883,95.883,95.872,68
2014-10-13 09:30:00,2014-10-13 09:31:00,95.854,95.848,95.86,95.846,95.883,95.868,95.888,95.866,190
2014-10-13 09:31:00,2014-10-13 09:32:00,95.848,95.851,95.859,95.848,95.868,95.875,95.882,95.868,144
2014-10-13 09:32:00,2014-10-13 09:33:00,95.851,95.849,95.855,95.846,95.875,95.872,95.877,95.869,126
2014-10-13 09:33:00,2014-10-13 09:34:00,95.849,95.838,95.848,95.833,95.872,95.862,95.872,95.86,104
2014-10-13 09:34:00,2014-10-13 09:35:00,95.838,95.819,95.84,95.819,95.862,95.847,95.868,95.844,161
2014-10-13 09:35:00,2014-10-13 09:36:00,95.819,95.821,95.821,95.812,95.847,95.847,95.847,95.84,30
2014-10-13 09:36:00,2014-10-13 09:37:00,95.821,95.777,95.82,95.777,95.847,95.804,95.847,95.804,137
2014-10-13 09:37:00,2014-10-13 09:38:00,95.777,95.801,95.808,95.777,95.804,95.828,95.836,95.804,173
2014-10-13 09:38:00,2014-10-13 09:39:00,95.801,95.803,95.81,95.799,95.828,95.829,95.834,95.825,62
2014-10-13 09:39:00,2014-10-13 09:40:00,95.803,95.805,95.807,95.793,95.829,95.832,95.832,95.819,110
2014-10-13 09:40:00,2014-10-13 09:41:00,95.805,95.82,95.832,95.805,95.832,95.847,95.853,95.832,140
2014-10-13 09:41:00,2014-10-13 09:42:00,95.82,95.824,95.826,95.809,95.847,95.852,95.852,95.834,99
2014-10-13 09:42:00,2014-10-13 09:43:00,95.824,95.834,95.837,95.823,95.852,95.859,95.863,95.849,136
2014-10-13 09:43:00,2014-10-13 09:44:00,95.834,95.827,95.837,95.826,95.859,95.854,95.864,95.85,92
2014-10-13 09:44:00,2014-10-13 09:45:00,95.827,95.82,95.827,95.813,95.854,95.845,95.853,95.839,141
2014-10-13 09:45:00,2014-10-13 09:46:00,95.82,95.794,95.821,95.79,95.845,95.817,95.846,95.817,172
2014-10-13 09:46:00,2014-10-13 09:47:00,95.794,95.804,95.805,95.791,95.817,95.83,95.832,95.817,117
2014-10-13 09:47:00,2014-10-13 09:48:00,95.804,95.807,95.812,95.796,95.83,95.833,95.838,95.822,108
2014-10-13 09:48:00,2014-10-13 09:49:00,95.807,95.817,95.818,95.806,95.833,95.843,95.843,95.833,86
2014-10-13 09:49:00,2014-10-13 09:50:00,95.817,95.81,95.821,95.803,95.843,95.834,95.846,95.826,114
2014-10-13 09:50:00,2014-10-13 09:51:00,95.81,95.808,95.818,95.8,95.834,95.835,95.84,95.824,143
2014-10-13 09:51:00,2014-10-13 09:52:00,95.808,95.804,95.816,95.804,95.835,95.831,95.842,95.831,154
2014-10-13 09:52:00,2014-10-13 09:53:00,95.804,95.817,95.817,95.797,95.831,95.841,95.843,95.821,164
2014-10-13 09:53:00,2014-10-13 09:54:00,95.817,95.812,95.818,95.806,95.841,95.836,95.843,95.832,152
2014-10-13 09:54:00,2014-10-13 09:55:00,95.812,95.807,95.815,95.804,95.836,95.833,95.84,95.829,110
2014-10-13 09:55:00,2014-10-13 09:56:00,95.807,95.82,95.822,95.805,95.833,95.848,95.848,95.831,120
2014-10-13 09:56:00,2014-10-13 09:57:00,95.82,95.83,95.83,95.816,95.848,95.855,95.855,95.845,73
2014-10-13 09:57:00,2014-10-13 09:58:00,95.83,95.827,95.836,95.821,95.855,95.854,95.861,95.844,202
2014-10-13 09:58:00,2014-10-13 09:59:00,95.827,95.819,95.83,95.81,95.854,95.846,95.856,95.836,140
2014-10-13 09:59:00,2014-10-13 10:00:00,95.819,95.821,95.822,95.804,95.846,95.849,95.849,95.829,82
2014-10-13 10:00:00,2014-10-13 10:01:00,95.821,95.812,95.821,95.799,95.849,95.839,95.848,95.825,129
2014-10-13 10:01:00,2014-10-13 10:02:00,95.812,95.816,95.818,95.808,95.839,95.841,95.844,95.834,68
2014-10-13 10:02:00,2014-10-13 10:03:00,95.816,95.834,95.835,95.815,95.841,95.858,95.86,95.84,75
2014-10-13 10:03:00,2014-10-13 10:04:00,95.834,95.841,95.85,95.832,95.858,95.867,95.875,95.855,127
2014-10-13 10:04:00,2014-10-13 10:05:00,95.841,95.838,95.853,95.838,95.867,95.863,95.876,95.862,128
2014-10-13 10:05:00,2014-10-13 10:06:00,95.838,95.846,95.848,95.836,95.863,95.871,95.872,95.862,54
2014-10-13 10:06:00,2014-10-13 10:07:00,95.846,95.844,95.849,95.841,95.871,95.868,95.873,95.865,67
2014-10-13 10:07:00,2014-10-13 10:08:00,95.844,95.846,95.847,95.832,95.868,95.87,95.872,95.854,172
2014-10-13 10:08:00,2014-10-13 10:09:00,95.846,95.869,95.875,95.842,95.87,95.898,95.903,95.867,323
2014-10-13 10:09:00,2014-10-13 10:10:00,95.869,95.844,95.874,95.843,95.898,95.869,95.903,95.868,205
2014-10-13 10:10:00,2014-10-13 10:11:00,95.844,95.86,95.861,95.843,95.869,95.886,95.886,95.868,79
2014-10-13 10:11:00,2014-10-13 10:12:00,95.86,95.863,95.869,95.853,95.886,95.887,95.894,95.877,105
2014-10-13 10:12:00,2014-10-13 10:13:00,95.863,95.864,95.869,95.852,95.887,95.889,95.894,95.877,148
2014-10-13 10:13:00,2014-10-13 10:14:00,95.864,95.844,95.872,95.844,95.889,95.871,95.896,95.871,116
2014-10-13 10:14:00,2014-10-13 10:15:00,95.844,95.831,95.849,95.831,95.871,95.858,95.876,95.857,94
2014-10-13 10:15:00,2014-10-13 10:16:00,95.831,95.825,95.833,95.819,95.858,95.851,95.859,95.846,177
2014-10-13 10:16:00,2014-10-13 10:17:00,95.825,95.819,95.838,95.819,95.851,95.847,95.864,95.844,179
2014-10-13 10:17:00,2014-10-13 10:18:00,95.819,95.824,95.832,95.816,95.847,95.849,95.855,95.843,163
2014-10-13 10:18:00,2014-10-13 10:19:00,95.824,95.819,95.834,95.816,95.849,95.844,95.855,95.841,147
2014-10-13 10:19:00,2014-10-13 10:20:00,95.819,95.807,95.82,95.806,95.844,95.833,95.844,95.831,147
2014-10-13 10:20:00,2014-10-13 10:21:00,95.807,95.816,95.818,95.798,95.833,95.842,95.843,95.823,245
2014-10-13 10:21:00,2014-10-13 10:22:00,95.816,95.808,95.822,95.802,95.842,95.833,95.848,95.827,207
2014-10-13 10:22:00,2014-10-13 10:23:00,95.808,95.818,95.823,95.804,95.833,95.846,95.852,95.829,203
2014-10-13 10:23:00,2014-10-13 10:24:00,95.818,95.832,95.836,95.809,95.846,95.859,95.862,95.836,298
2014-10-13 10:24:00,2014-10-13 10:25:00,95.832,95.844,95.851,95.827,95.859,95.87,95.877,95.853,224
2014-10-13 10:25:00,2014-10-13 10:26:00,95.844,95.839,95.847,95.831,95.87,95.864,95.875,95.853,150
2014-10-13 10:26:00,2014-10-13 10:27:00,95.839,95.85,95.852,95.835,95.864,95.876,95.876,95.858,195
2014-10-13 10:27:00,2014-10-13 10:28:00,95.85,95.832,95.853,95.832,95.876,95.858,95.878,95.857,150
2014-10-13 10:28:00,2014-10-13 10:29:00,95.832,95.84,95.841,95.829,95.858,95.866,95.866,95.853,89
2014-10-13 10:29:00,2014-10-13 10:30:00,95.84,95.852,95.852,95.836,95.866,95.873,95.875,95.861,93
2014-10-13 10:30:00,2014-10-13 10:31:00,95.852,95.849,95.871,95.849,95.873,95.872,95.891,95.872,112
2014-10-13 10:31:00,2014-10-13 10:32:00,95.849,95.869,95.869,95.848,95.872,95.892,95.892,95.871,112
2014-10-13 10:32:00,2014-10-13 10:33:00,95.869,95.863,95.873,95.859,95.892,95.884,95.896,95.884,147
2014-10-13 10:33:00,2014-10-13 10:34:00,95.863,95.855,95.871,95.847,95.884,95.881,95.895,95.874,152
2014-10-13 10:34:00,2014-10-13 10:35:00,95.855,95.857,95.858,95.844,95.881,95.884,95.884,95.867,124
2014-10-13 10:35:00,2014-10-13 10:36:00,95.857,95.844,95.857,95.844,95.884,95.869,95.883,95.869,138
2014-10-13 10:36:00,2014-10-13 10:37:00,95.844,95.842,95.845,95.837,95.869,95.869,95.871,95.864,94
2014-10-13 10:37:00,2014-10-13 10:38:00,95.842,95.834,95.846,95.83,95.869,95.862,95.872,95.855,181
2014-10-13 10:38:00,2014-10-13 10:39:00,95.834,95.836,95.837,95.822,95.862,95.864,95.866,95.846,118
2014-10-13 10:39:00,2014-10-13 10:40:00,95.836,95.837,95.837,95.825,95.864,95.86,95.864,95.852,93
2014-10-13 10:40:00,2014-10-13 10:41:00,95.837,95.864,95.865,95.827,95.86,95.889,95.889,95.853,118
2014-10-13 10:41:00,2014-10-13 10:42:00,95.864,95.854,95.87,95.853,95.889,95.88,95.896,95.878,108
2014-10-13 10:42:00,2014-10-13 10:43:00,95.854,95.86,95.865,95.854,95.88,95.887,95.89,95.88,88
2014-10-13 10:43:00,2014-10-13 10:44:00,95.86,95.862,95.868,95.854,95.887,95.889,95.891,95.878,126
2014-10-13 10:44:00,2014-10-13 10:45:00,95.862,95.865,95.876,95.862,95.889,95.891,95.898,95.888,64
2014-10-13 10:45:00,2014-10-13 10:46:00,95.865,95.848,95.868,95.847,95.891,95.875,95.892,95.872,157
2014-10-13 10:46:00,2014-10-13 10:47:00,95.848,95.845,95.854,95.84,95.875,95.871,95.879,95.864,168
2014-10-13 10:47:00,2014-10-13 10:48:00,95.845,95.855,95.858,95.843,95.871,95.884,95.884,95.868,122
2014-10-13 10:48:00,2014-10-13 10:49:00,95.855,95.848,95.859,95.842,95.884,95.877,95.884,95.87,74
2014-10-13 10:49:00,2014-10-13 10:50:00,95.848,95.851,95.865,95.848,95.877,95.876,95.89,95.876,129
2014-10-13 10:50:00,2014-10-13 10:51:00,95.851,95.852,95.859,95.848,95.876,95.876,95.884,95.874,61
2014-10-13 10:51:00,2014-10-13 10:52:00,95.852,95.825,95.85,95.823,95.876,95.851,95.876,95.849,110
2014-10-13 10:52:00,2014-10-13 10:53:00,95.825,95.835,95.838,95.824,95.851,95.859,95.86,95.848,100
2014-10-13 10:53:00,2014-10-13 10:54:00,95.835,95.847,95.849,95.83,95.859,95.871,95.871,95.857,97
2014-10-13 10:54:00,2014-10-13 10:55:00,95.847,95.845,95.853,95.839,95.871,95.869,95.874,95.865,83
2014-10-13 10:55:00,2014-10-13 10:56:00,95.845,95.848,95.854,95.842,95.869,95.872,95.879,95.868,80
2014-10-13 10:56:00,2014-10-13 10:57:00,95.848,95.843,95.851,95.839,95.872,95.87,95.876,95.865,71
2014-10-13 10:57:00,2014-10-13 10:58:00,95.843,95.841,95.845,95.835,95.87,95.868,95.872,95.863,68
2014-10-13 10:58:00,2014-10-13 10:59:00,95.841,95.833,95.846,95.828,95.868,95.86,95.873,95.856,128
2014-10-13 10:59:00,2014-10-13 11:00:00,95.833,95.831,95.834,95.83,95.86,95.859,95.861,95.855,44
2014-10-13 11:00:00,2014-10-13 11:01:00,95.831,95.834,95.834,95.832,95.859,95.861,95.861,95.858,15
2014-10-13 11:01:00,2014-10-13 11:02:00,95.834,95.834,95.841,95.833,95.861,95.86,95.863,95.86,31
2014-10-13 11:02:00,2014-10-13 11:03:00,95.834,95.835,95.838,95.834,95.86,95.862,95.863,95.859,13
2014-10-13 11:03:00,2014-10-13 11:04:00,95.835,95.83,95.836,95.83,95.862,95.856,95.861,95.856,16
2014-10-13 11:04:00,2014-10-13 11:05:00,95.83,95.836,95.841,95.83,95.856,95.858,95.868,95.856,97
2014-10-13 11:05:00,2014-10-13 11:06:00,95.836,95.841,95.841,95.83,95.858,95.865,95.867,95.855,82
2014-10-13 11:06:00,2014-10-13 11:07:00,95.841,95.853,95.854,95.835,95.865,95.879,95.879,95.861,98
2014-10-13 11:07:00,2014-10-13 11:08:00,95.853,95.853,95.859,95.842,95.879,95.874,95.879,95.868,113
2014-10-13 11:08:00,2014-10-13 11:09:00,95.853,95.847,95.857,95.842,95.874,95.873,95.883,95.867,129
2014-10-13 11:09:00,2014-10-13 11:10:00,95.847,95.842,95.849,95.839,95.873,95.868,95.875,95.866,45
2014-10-13 11:10:00,2014-10-13 11:11:00,95.842,95.831,95.844,95.83,95.868,95.859,95.867,95.857,68
2014-10-13 11:11:00,2014-10-13 11:12:00,95.831,95.837,95.839,95.829,95.859,95.863,95.863,95.854,39
2014-10-13 11:12:00,2014-10-13 11:13:00,95.837,95.835,95.837,95.832,95.863,95.862,95.864,95.859,30
2014-10-13 11:13:00,2014-10-13 11:14:00,95.835,95.827,95.837,95.826,95.862,95.852,95.861,95.851,78
2014-10-13 11:14:00,2014-10-13 11:15:00,95.827,95.844,95.846,95.827,95.852,95.87,95.872,95.85,98
2014-10-13 11:15:00,2014-10-13 11:16:00,95.844,95.839,95.845,95.828,95.87,95.864,95.871,95.854,126
2014-10-13 11:16:00,2014-10-13 11:17:00,95.839,95.851,95.858,95.838,95.864,95.878,95.884,95.86,138
2014-10-13 11:17:00,2014-10-13 11:18:00,95.851,95.849,95.851,95.838,95.878,95.877,95.878,95.859,105
2014-10-13 11:18:00,2014-10-13 11:19:00,95.849,95.835,95.851,95.835,95.877,95.859,95.876,95.859,130
2014-10-13 11:19:00,2014-10-13 11:20:00,95.835,95.837,95.842,95.83,95.859,95.861,95.866,95.855,91
2014-10-13 11:20:00,2014-10-13 11:21:00,95.837,95.823,95.839,95.822,95.861,95.848,95.863,95.846,76
2014-10-13 11:21:00,2014-10-13 11:22:00,95.823,95.798,95.823,95.786,95.848,95.824,95.849,95.812,211
2014-10-13 11:22:00,2014-10-13 11:23:00,95.798,95.808,95.809,95.786,95.824,95.832,95.832,95.812,209
2014-10-13 11:23:00,2014-10-13 11:24:00,95.808,95.789,95.81,95.78,95.832,95.813,95.835,95.805,150
2014-10-13 11:24:00,2014-10-13 11:25:00,95.789,95.797,95.798,95.785,95.813,95.821,95.823,95.81,86
2014-10-13 11:25:00,2014-10-13 11:26:00,95.797,95.796,95.808,95.794,95.821,95.822,95.831,95.819,70
2014-10-13 11:26:00,2014-10-13 11:27:00,95.796,95.8,95.807,95.793,95.822,95.825,95.831,95.819,79
2014-10-13 11:27:00,2014-10-13 11:28:00,95.8,95.801,95.812,95.795,95.825,95.827,95.834,95.819,102
2014-10-13 11:28:00,2014-10-13 11:29:00,95.801,95.801,95.804,95.798,95.827,95.825,95.827,95.821,77
2014-10-13 11:29:00,2014-10-13 11:30:00,95.801,95.801,95.807,95.8,95.825,95.826,95.83,95.824,32
2014-10-13 11:30:00,2014-10-13 11:31:00,95.801,95.8,95.806,95.797,95.826,95.826,95.828,95.822,97
2014-10-13 11:31:00,2014-10-13 11:32:00,95.8,95.808,95.812,95.792,95.826,95.832,95.834,95.816,98
2014-10-13 11:32:00,2014-10-13 11:33:00,95.808,95.797,95.813,95.794,95.832,95.821,95.837,95.816,98
2014-10-13 11:33:00,2014-10-13 11:34:00,95.797,95.803,95.804,95.788,95.821,95.826,95.827,95.813,91
2014-10-13 11:34:00,2014-10-13 11:35:00,95.803,95.806,95.806,95.799,95.826,95.824,95.826,95.824,18
2014-10-13 11:35:00,2014-10-13 11:36:00,95.806,95.791,95.81,95.782,95.824,95.815,95.832,95.807,173
2014-10-13 11:36:00,2014-10-13 11:37:00,95.791,95.789,95.796,95.785,95.815,95.813,95.822,95.807,134
2014-10-13 11:37:00,2014-10-13 11:38:00,95.789,95.792,95.798,95.786,95.813,95.815,95.824,95.811,79
2014-10-13 11:38:00,2014-10-13 11:39:00,95.792,95.789,95.794,95.784,95.815,95.812,95.817,95.808,137
2014-10-13 11:39:00,2014-10-13 11:40:00,95.789,95.769,95.795,95.764,95.812,95.794,95.819,95.788,145
2014-10-13 11:40:00,2014-10-13 11:41:00,95.769,95.731,95.768,95.721,95.794,95.753,95.794,95.744,385
2014-10-13 11:41:00,2014-10-13 11:42:00,95.731,95.742,95.744,95.729,95.753,95.767,95.769,95.751,92
2014-10-13 11:42:00,2014-10-13 11:43:00,95.742,95.733,95.747,95.733,95.767,95.759,95.772,95.754,56
2014-10-13 11:43:00,2014-10-13 11:44:00,95.733,95.74,95.745,95.726,95.759,95.762,95.767,95.747,179
2014-10-13 11:44:00,2014-10-13 11:45:00,95.74,95.72,95.74,95.719,95.762,95.744,95.763,95.738,95
2014-10-13 11:45:00,2014-10-13 11:46:00,95.72,95.739,95.751,95.72,95.744,95.762,95.774,95.743,199
2014-10-13 11:46:00,2014-10-13 11:47:00,95.739,95.735,95.744,95.727,95.762,95.759,95.765,95.749,127
2014-10-13 11:47:00,2014-10-13 11:48:00,95.735,95.702,95.735,95.7,95.759,95.725,95.758,95.722,168
2014-10-13 11:48:00,2014-10-13 11:49:00,95.702,95.722,95.722,95.703,95.725,95.743,95.743,95.725,97
2014-10-13 11:49:00,2014-10-13 11:50:00,95.722,95.704,95.721,95.697,95.743,95.726,95.743,95.715,85
2014-10-13 11:50:00,2014-10-13 11:51:00,95.704,95.717,95.717,95.692,95.726,95.741,95.742,95.713,139
2014-10-13 11:51:00,2014-10-13 11:52:00,95.717,95.718,95.721,95.706,95.741,95.744,95.746,95.729,207
2014-10-13 11:52:00,2014-10-13 11:53:00,95.718,95.72,95.721,95.715,95.744,95.747,95.747,95.739,56
2014-10-13 11:53:00,2014-10-13 11:54:00,95.72,95.717,95.72,95.71,95.747,95.742,95.745,95.735,78
2014-10-13 11:54:00,2014-10-13 11:55:00,95.717,95.693,95.717,95.692,95.742,95.721,95.742,95.719,166
2014-10-13 11:55:00,2014-10-13 11:56:00,95.693,95.688,95.698,95.686,95.721,95.714,95.725,95.713,90
2014-10-13 11:56:00,2014-10-13 11:57:00,95.688,95.667,95.692,95.667,95.714,95.694,95.719,95.691,109
2014-10-13 11:57:00,2014-10-13 11:58:00,95.667,95.675,95.677,95.668,95.694,95.702,95.703,95.692,83
2014-10-13 11:58:00,2014-10-13 11:59:00,95.675,95.679,95.68,95.666,95.702,95.702,95.706,95.69,109
2014-10-13 11:59:00,2014-10-13 12:00:00,95.679,95.678,95.683,95.673,95.702,95.703,95.709,95.699,68
2014-10-13 12:00:00,2014-10-13 12:01:00,95.678,95.677,95.682,95.674,95.703,95.702,95.705,95.699,59
2014-10-13 12:01:00,2014-10-13 12:02:00,95.677,95.67,95.683,95.665,95.702,95.694,95.706,95.691,95
2014-10-13 12:02:00,2014-10-13 12:03:00,95.67,95.664,95.675,95.659,95.694,95.689,95.699,95.686,161
2014-10-13 12:03:00,2014-10-13 12:04:00,95.664,95.648,95.677,95.646,95.689,95.673,95.701,95.671,197
2014-10-13 12:04:00,2014-10-13 12:05:00,95.648,95.666,95.669,95.643,95.673,95.692,95.693,95.669,134
2014-10-13 12:05:00,2014-10-13 12:06:00,95.666,95.67,95.673,95.662,95.692,95.693,95.697,95.686,138
2014-10-13 12:06:00,2014-10-13 12:07:00,95.67,95.672,95.674,95.663,95.693,95.698,95.699,95.687,85
2014-10-13 12:07:00,2014-10-13 12:08:00,95.672,95.642,95.672,95.641,95.698,95.668,95.696,95.668,141
2014-10-13 12:08:00,2014-10-13 12:09:00,95.642,95.635,95.65,95.634,95.668,95.658,95.675,95.658,142
2014-10-13 12:09:00,2014-10-13 12:10:00,95.635,95.619,95.643,95.618,95.658,95.644,95.666,95.644,169
2014-10-13 12:10:00,2014-10-13 12:11:00,95.619,95.599,95.623,95.598,95.644,95.623,95.65,95.622,243
2014-10-13 12:11:00,2014-10-13 12:12:00,95.599,95.592,95.606,95.571,95.623,95.615,95.628,95.596,281
2014-10-13 12:12:00,2014-10-13 12:13:00,95.592,95.603,95.604,95.585,95.615,95.626,95.627,95.609,108
2014-10-13 12:13:00,2014-10-13 12:14:00,95.603,95.616,95.621,95.602,95.626,95.64,95.643,95.626,167
2014-10-13 12:14:00,2014-10-13 12:15:00,95.616,95.62,95.632,95.609,95.64,95.644,95.655,95.635,222
2014-10-13 12:15:00,2014-10-13 12:16:00,95.62,95.606,95.629,95.605,95.644,95.633,95.651,95.629,141
2014-10-13 12:16:00,2014-10-13 12:17:00,95.606,95.601,95.61,95.599,95.633,95.626,95.636,95.622,78
2014-10-13 12:17:00,2014-10-13 12:18:00,95.601,95.614,95.616,95.6,95.626,95.639,95.643,95.626,125
2014-10-13 12:18:00,2014-10-13 12:19:00,95.614,95.623,95.626,95.613,95.639,95.646,95.649,95.637,80
2014-10-13 12:19:00,2014-10-13 12:20:00,95.623,95.629,95.632,95.611,95.646,95.655,95.657,95.637,173
2014-10-13 12:20:00,2014-10-13 12:21:00,95.629,95.65,95.65,95.625,95.655,95.677,95.678,95.649,130
2014-10-13 12:21:00,2014-10-13 12:22:00,95.65,95.67,95.673,95.652,95.677,95.696,95.699,95.677,163
2014-10-13 12:22:00,2014-10-13 12:23:00,95.67,95.669,95.674,95.661,95.696,95.695,95.697,95.688,189
2014-10-13 12:23:00,2014-10-13 12:24:00,95.669,95.669,95.672,95.662,95.695,95.694,95.698,95.688,140
2014-10-13 12:24:00,2014-10-13 12:25:00,95.669,95.675,95.677,95.67,95.694,95.7,95.701,95.692,78
2014-10-13 12:25:00,2014-10-13 12:26:00,95.675,95.671,95.68,95.667,95.7,95.697,95.704,95.692,107
2014-10-13 12:26:00,2014-10-13 12:27:00,95.671,95.682,95.685,95.669,95.697,95.708,95.712,95.695,125
2014-10-13 12:27:00,2014-10-13 12:28:00,95.682,95.696,95.697,95.68,95.708,95.72,95.72,95.706,168
2014-10-13 12:28:00,2014-10-13 12:29:00,95.696,95.666,95.696,95.666,95.72,95.69,95.722,95.69,216
2014-10-13 12:29:00,2014-10-13 12:30:00,95.666,95.689,95.695,95.664,95.69,95.713,95.719,95.688,125
2014-10-13 12:30:00,2014-10-13 12:31:00,95.689,95.669,95.688,95.668,95.713,95.696,95.713,95.692,224
2014-10-13 12:31:00,2014-10-13 12:32:00,95.669,95.678,95.682,95.665,95.696,95.704,95.709,95.691,91
2014-10-13 12:32:00,2014-10-13 12:33:00,95.678,95.688,95.697,95.674,95.704,95.715,95.722,95.699,257
2014-10-13 12:33:00,2014-10-13 12:34:00,95.688,95.685,95.695,95.683,95.715,95.713,95.722,95.709,105
2014-10-13 12:34:00,2014-10-13 12:35:00,95.685,95.697,95.703,95.682,95.713,95.724,95.73,95.706,198
2014-10-13 12:35:00,2014-10-13 12:36:00,95.697,95.688,95.699,95.688,95.724,95.716,95.725,95.716,53
2014-10-13 12:36:00,2014-10-13 12:37:00,95.688,95.692,95.7,95.687,95.716,95.717,95.727,95.713,121
2014-10-13 12:37:00,2014-10-13 12:38:00,95.692,95.684,95.693,95.679,95.717,95.709,95.719,95.704,117
2014-10-13 12:38:00,2014-10-13 12:39:00,95.684,95.702,95.702,95.682,95.709,95.728,95.728,95.709,54
2014-10-13 12:39:00,2014-10-13 12:40:00,95.702,95.702,95.702,95.694,95.728,95.73,95.73,95.72,55
2014-10-13 12:40:00,2014-10-13 12:41:00,95.702,95.689,95.712,95.687,95.73,95.715,95.738,95.715,163
2014-10-13 12:41:00,2014-10-13 12:42:00,95.689,95.689,95.694,95.68,95.715,95.716,95.719,95.704,185
2014-10-13 12:42:00,2014-10-13 12:43:00,95.689,95.696,95.707,95.69,95.716,95.724,95.733,95.716,115
2014-10-13 12:43:00,2014-10-13 12:44:00,95.696,95.706,95.706,95.69,95.724,95.729,95.732,95.717,99
2014-10-13 12:44:00,2014-10-13 12:45:00,95.706,95.718,95.718,95.702,95.729,95.744,95.744,95.727,190
2014-10-13 12:45:00,2014-10-13 12:46:00,95.718,95.707,95.717,95.705,95.744,95.732,95.744,95.732,125
2014-10-13 12:46:00,2014-10-13 12:47:00,95.707,95.687,95.71,95.681,95.732,95.71,95.734,95.708,155
2014-10-13 12:47:00,2014-10-13 12:48:00,95.687,95.677,95.685,95.675,95.71,95.701,95.71,95.699,51
2014-10-13 12:48:00,2014-10-13 12:49:00,95.677,95.681,95.689,95.675,95.701,95.707,95.708,95.699,38
2014-10-13 12:49:00,2014-10-13 12:50:00,95.681,95.675,95.684,95.67,95.707,95.698,95.709,95.696,131
2014-10-13 12:50:00,2014-10-13 12:51:00,95.675,95.673,95.677,95.666,95.698,95.699,95.703,95.692,77
2014-10-13 12:51:00,2014-10-13 12:52:00,95.673,95.661,95.676,95.661,95.699,95.686,95.702,95.685,64
2014-10-13 12:52:00,2014-10-13 12:53:00,95.661,95.664,95.665,95.657,95.686,95.689,95.689,95.681,99
2014-10-13 12:53:00,2014-10-13 12:54:00,95.664,95.646,95.664,95.646,95.689,95.673,95.691,95.672,64
2014-10-13 12:54:00,2014-10-13 12:55:00,95.646,95.65,95.654,95.641,95.673,95.675,95.681,95.668,131
2014-10-13 12:55:00,2014-10-13 12:56:00,95.65,95.657,95.658,95.648,95.675,95.683,95.683,95.673,111
2014-10-13 12:56:00,2014-10-13 12:57:00,95.657,95.667,95.667,95.652,95.683,95.691,95.693,95.677,127
2014-10-13 12:57:00,2014-10-13 12:58:00,95.667,95.684,95.684,95.665,95.691,95.71,95.711,95.689,92
2014-10-13 12:58:00,2014-10-13 12:59:00,95.684,95.697,95.704,95.673,95.71,95.724,95.728,95.7,133
2014-10-13 12:59:00,2014-10-13 13:00:00,95.697,95.674,95.704,95.674,95.724,95.701,95.731,95.7,157
2014-10-13 13:00:00,2014-10-13 13:01:00,95.674,95.676,95.68,95.667,95.701,95.702,95.706,95.693,118
2014-10-13 13:01:00,2014-10-13 13:02:00,95.676,95.655,95.684,95.644,95.702,95.682,95.709,95.666,312
2014-10-13 13:02:00,2014-10-13 13:03:00,95.655,95.671,95.672,95.648,95.682,95.692,95.697,95.669,269
2014-10-13 13:03:00,2014-10-13 13:04:00,95.671,95.648,95.676,95.647,95.692,95.674,95.702,95.673,143
2014-10-13 13:04:00,2014-10-13 13:05:00,95.648,95.662,95.671,95.648,95.674,95.688,95.697,95.674,175
2014-10-13 13:05:00,2014-10-13 13:06:00,95.662,95.691,95.701,95.657,95.688,95.718,95.724,95.684,287
2014-10-13 13:06:00,2014-10-13 13:07:00,95.691,95.684,95.694,95.674,95.718,95.711,95.72,95.699,140
2014-10-13 13:07:00,2014-10-13 13:08:00,95.684,95.703,95.705,95.679,95.711,95.728,95.731,95.705,169
2014-10-13 13:08:00,2014-10-13 13:09:00,95.703,95.689,95.715,95.689,95.728,95.714,95.74,95.713,215
2014-10-13 13:09:00,2014-10-13 13:10:00,95.689,95.706,95.709,95.689,95.714,95.73,95.734,95.715,80
2014-10-13 13:10:00,2014-10-13 13:11:00,95.706,95.708,95.715,95.69,95.73,95.735,95.738,95.719,185
2014-10-13 13:11:00,2014-10-13 13:12:00,95.708,95.714,95.721,95.708,95.735,95.739,95.748,95.733,145
2014-10-13 13:12:00,2014-10-13 13:13:00,95.714,95.709,95.714,95.702,95.739,95.734,95.739,95.728,90
2014-10-13 13:13:00,2014-10-13 13:14:00,95.709,95.711,95.731,95.709,95.734,95.737,95.757,95.732,180
2014-10-13 13:14:00,2014-10-13 13:15:00,95.711,95.719,95.724,95.708,95.737,95.745,95.75,95.734,110
2014-10-13 13:15:00,2014-10-13 13:16:00,95.719,95.739,95.744,95.703,95.745,95.767,95.769,95.729,262
2014-10-13 13:16:00,2014-10-13 13:17:00,95.739,95.758,95.759,95.735,95.767,95.783,95.786,95.76,137
2014-10-13 13:17:00,2014-10-13 13:18:00,95.758,95.763,95.776,95.752,95.783,95.786,95.8,95.776,175
2014-10-13 13:18:00,2014-10-13 13:19:00,95.763,95.803,95.815,95.754,95.786,95.827,95.837,95.778,353
2014-10-13 13:19:00,2014-10-13 13:20:00,95.803,95.765,95.807,95.763,95.827,95.79,95.834,95.786,167
2014-10-13 13:20:00,2014-10-13 13:21:00,95.765,95.793,95.795,95.764,95.79,95.814,95.814,95.79,209
2014-10-13 13:21:00,2014-10-13 13:22:00,95.793,95.77,95.792,95.77,95.814,95.795,95.816,95.795,168
2014-10-13 13:22:00,2014-10-13 13:23:00,95.77,95.774,95.78,95.768,95.795,95.797,95.802,95.793,100
2014-10-13 13:23:00,2014-10-13 13:24:00,95.774,95.774,95.783,95.764,95.797,95.797,95.804,95.789,157
2014-10-13 13:24:00,2014-10-13 13:25:00,95.774,95.78,95.78,95.769,95.797,95.803,95.803,95.793,122
2014-10-13 13:25:00,2014-10-13 13:26:00,95.78,95.779,95.792,95.769,95.803,95.8,95.81,95.794,135
2014-10-13 13:26:00,2014-10-13 13:27:00,95.779,95.788,95.795,95.779,95.8,95.809,95.815,95.8,132
2014-10-13 13:27:00,2014-10-13 13:28:00,95.788,95.784,95.795,95.779,95.809,95.804,95.815,95.801,225
2014-10-13 13:28:00,2014-10-13 13:29:00,95.784,95.791,95.794,95.766,95.804,95.812,95.812,95.786,221
2014-10-13 13:29:00,2014-10-13 13:30:00,95.791,95.788,95.793,95.77,95.812,95.811,95.812,95.792,255
2014-10-13 13:30:00,2014-10-13 13:31:00,95.788,95.78,95.796,95.776,95.811,95.802,95.816,95.798,121
2014-10-13 13:31:00,2014-10-13 13:32:00,95.78,95.809,95.812,95.779,95.802,95.832,95.833,95.799,98
2014-10-13 13:32:00,2014-10-13 13:33:00,95.809,95.832,95.842,95.806,95.832,95.858,95.863,95.832,206
2014-10-13 13:33:00,2014-10-13 13:34:00,95.832,95.838,95.853,95.827,95.858,95.864,95.875,95.851,185
2014-10-13 13:34:00,2014-10-13 13:35:00,95.838,95.844,95.847,95.825,95.864,95.867,95.869,95.849,175
2014-10-13 13:35:00,2014-10-13 13:36:00,95.844,95.836,95.846,95.836,95.867,95.861,95.87,95.86,129
2014-10-13 13:36:00,2014-10-13 13:37:00,95.836,95.869,95.877,95.824,95.861,95.894,95.901,95.849,372
2014-10-13 13:37:00,2014-10-13 13:38:00,95.869,95.912,95.926,95.871,95.894,95.939,95.95,95.894,394
2014-10-13 13:38:00,2014-10-13 13:39:00,95.912,95.9,95.916,95.886,95.939,95.927,95.939,95.912,384
2014-10-13 13:39:00,2014-10-13 13:40:00,95.9,95.929,95.939,95.902,95.927,95.956,95.964,95.925,279
2014-10-13 13:40:00,2014-10-13 13:41:00,95.929,95.876,95.929,95.866,95.956,95.903,95.955,95.894,402
2014-10-13 13:41:00,2014-10-13 13:42:00,95.876,95.876,95.891,95.865,95.903,95.902,95.916,95.891,298
2014-10-13 13:42:00,2014-10-13 13:43:00,95.876,95.861,95.889,95.86,95.902,95.888,95.914,95.886,431
2014-10-13 13:43:00,2014-10-13 13:44:00,95.861,95.884,95.888,95.856,95.888,95.911,95.915,95.882,365
2014-10-13 13:44:00,2014-10-13 13:45:00,95.884,95.893,95.899,95.871,95.911,95.921,95.925,95.897,318
2014-10-13 13:45:00,2014-10-13 13:46:00,95.893,95.898,95.907,95.889,95.921,95.925,95.933,95.915,240
2014-10-13 13:46:00,2014-10-13 13:47:00,95.898,95.89,95.902,95.872,95.925,95.915,95.928,95.899,326
2014-10-13 13:47:00,2014-10-13 13:48:00,95.89,95.886,95.902,95.875,95.915,95.911,95.925,95.9,254
2014-10-13 13:48:00,2014-10-13 13:49:00,95.886,95.865,95.887,95.852,95.911,95.891,95.912,95.879,269
2014-10-13 13:49:00,2014-10-13 13:50:00,95.865,95.855,95.875,95.844,95.891,95.88,95.902,95.871,316
2014-10-13 13:50:00,2014-10-13 13:51:00,95.855,95.844,95.858,95.83,95.88,95.869,95.884,95.858,327
2014-10-13 13:51:00,2014-10-13 13:52:00,95.844,95.822,95.852,95.812,95.869,95.848,95.877,95.837,410
2014-10-13 13:52:00,2014-10-13 13:53:00,95.822,95.808,95.824,95.798,95.848,95.834,95.85,95.825,377
2014-10-13 13:53:00,2014-10-13 13:54:00,95.808,95.808,95.819,95.798,95.834,95.835,95.846,95.824,322
2014-10-13 13:54:00,2014-10-13 13:55:00,95.808,95.729,95.815,95.727,95.835,95.757,95.843,95.753,545
2014-10-13 13:55:00,2014-10-13 13:56:00,95.729,95.765,95.771,95.73,95.757,95.79,95.797,95.757,413
2014-10-13 13:56:00,2014-10-13 13:57:00,95.765,95.784,95.786,95.754,95.79,95.812,95.813,95.782,501
2014-10-13 13:57:00,2014-10-13 13:58:00,95.784,95.815,95.817,95.768,95.812,95.84,95.842,95.795,279
2014-10-13 13:58:00,2014-10-13 13:59:00,95.815,95.811,95.836,95.803,95.84,95.839,95.86,95.827,411
2014-10-13 13:59:00,2014-10-13 14:00:00,95.811,95.839,95.851,95.811,95.839,95.866,95.878,95.837,432
2014-10-13 14:00:00,2014-10-13 14:01:00,95.839,95.848,95.851,95.836,95.866,95.874,95.877,95.861,212
2014-10-13 14:01:00,2014-10-13 14:02:00,95.848,95.807,95.871,95.804,95.874,95.83,95.894,95.83,396
2014-10-13 14:02:00,2014-10-13 14:03:00,95.807,95.781,95.809,95.768,95.83,95.808,95.834,95.793,498
2014-10-13 14:03:00,2014-10-13 14:04:00,95.781,95.797,95.809,95.778,95.808,95.824,95.835,95.801,289
2014-10-13 14:04:00,2014-10-13 14:05:00,95.797,95.786,95.804,95.786,95.824,95.811,95.829,95.811,358
2014-10-13 14:05:00,2014-10-13 14:06:00,95.786,95.773,95.787,95.757,95.811,95.801,95.813,95.784,265
2014-10-13 14:06:00,2014-10-13 14:07:00,95.773,95.747,95.779,95.738,95.801,95.775,95.806,95.764,397
2014-10-13 14:07:00,2014-10-13 14:08:00,95.747,95.764,95.78,95.739,95.775,95.789,95.807,95.764,399
2014-10-13 14:08:00,2014-10-13 14:09:00,95.764,95.783,95.794,95.761,95.789,95.809,95.822,95.788,393
2014-10-13 14:09:00,2014-10-13 14:10:00,95.783,95.795,95.798,95.778,95.809,95.821,95.822,95.8,313
2014-10-13 14:10:00,2014-10-13 14:11:00,95.795,95.778,95.799,95.777,95.821,95.803,95.825,95.803,300
2014-10-13 14:11:00,2014-10-13 14:12:00,95.778,95.753,95.784,95.752,95.803,95.779,95.809,95.777,198
2014-10-13 14:12:00,2014-10-13 14:13:00,95.753,95.748,95.775,95.748,95.779,95.773,95.802,95.773,243
2014-10-13 14:13:00,2014-10-13 14:14:00,95.748,95.761,95.765,95.737,95.773,95.785,95.788,95.76,403
2014-10-13 14:14:00,2014-10-13 14:15:00,95.761,95.725,95.763,95.723,95.785,95.753,95.787,95.75,416
2014-10-13 14:15:00,2014-10-13 14:16:00,95.725,95.733,95.734,95.7,95.753,95.758,95.758,95.728,346
2014-10-13 14:16:00,2014-10-13 14:17:00,95.733,95.733,95.748,95.717,95.758,95.76,95.776,95.743,304
2014-10-13 14:17:00,2014-10-13 14:18:00,95.733,95.727,95.741,95.725,95.76,95.75,95.765,95.75,321
2014-10-13 14:18:00,2014-10-13 14:19:00,95.727,95.719,95.742,95.717,95.75,95.745,95.765,95.745,369
2014-10-13 14:19:00,2014-10-13 14:20:00,95.719,95.727,95.741,95.709,95.745,95.753,95.766,95.735,155
2014-10-13 14:20:00,2014-10-13 14:21:00,95.727,95.738,95.747,95.726,95.753,95.763,95.771,95.751,157
2014-10-13 14:21:00,2014-10-13 14:22:00,95.738,95.746,95.757,95.738,95.763,95.773,95.781,95.764,233
2014-10-13 14:22:00,2014-10-13 14:23:00,95.746,95.744,95.752,95.738,95.773,95.768,95.776,95.762,135
2014-10-13 14:23:00,2014-10-13 14:24:00,95.744,95.729,95.748,95.726,95.768,95.754,95.774,95.752,155
2014-10-13 14:24:00,2014-10-13 14:25:00,95.729,95.715,95.729,95.712,95.754,95.741,95.757,95.737,90
2014-10-13 14:25:00,2014-10-13 14:26:00,95.715,95.683,95.715,95.674,95.741,95.71,95.74,95.701,229
2014-10-13 14:26:00,2014-10-13 14:27:00,95.683,95.675,95.683,95.656,95.71,95.697,95.709,95.681,362
2014-10-13 14:27:00,2014-10-13 14:28:00,95.675,95.686,95.691,95.668,95.697,95.709,95.718,95.692,269
2014-10-13 14:28:00,2014-10-13 14:29:00,95.686,95.663,95.694,95.654,95.709,95.689,95.718,95.676,356
2014-10-13 14:29:00,2014-10-13 14:30:00,95.663,95.672,95.676,95.656,95.689,95.696,95.699,95.68,177
2014-10-13 14:30:00,2014-10-13 14:31:00,95.672,95.687,95.69,95.667,95.696,95.714,95.714,95.693,192
2014-10-13 14:31:00,2014-10-13 14:32:00,95.687,95.695,95.697,95.68,95.714,95.722,95.722,95.706,243
2014-10-13 14:32:00,2014-10-13 14:33:00,95.695,95.701,95.708,95.687,95.722,95.725,95.732,95.714,227
2014-10-13 14:33:00,2014-10-13 14:34:00,95.701,95.697,95.704,95.677,95.725,95.725,95.725,95.703,265
2014-10-13 14:34:00,2014-10-13 14:35:00,95.697,95.72,95.72,95.694,95.725,95.746,95.747,95.718,343
2014-10-13 14:35:00,2014-10-13 14:36:00,95.72,95.711,95.732,95.711,95.746,95.738,95.755,95.735,196
2014-10-13 14:36:00,2014-10-13 14:37:00,95.711,95.693,95.711,95.682,95.738,95.72,95.737,95.71,187
2014-10-13 14:37:00,2014-10-13 14:38:00,95.693,95.671,95.699,95.671,95.72,95.699,95.726,95.697,176
2014-10-13 14:38:00,2014-10-13 14:39:00,95.671,95.691,95.696,95.672,95.699,95.717,95.723,95.696,215
2014-10-13 14:39:00,2014-10-13 14:40:00,95.691,95.705,95.706,95.684,95.717,95.733,95.734,95.711,266
2014-10-13 14:40:00,2014-10-13 14:41:00,95.705,95.68,95.705,95.68,95.733,95.706,95.733,95.705,282
2014-10-13 14:41:00,2014-10-13 14:42:00,95.68,95.644,95.686,95.641,95.706,95.67,95.712,95.667,288
2014-10-13 14:42:00,2014-10-13 14:43:00,95.644,95.63,95.645,95.623,95.67,95.655,95.671,95.648,241
2014-10-13 14:43:00,2014-10-13 14:44:00,95.63,95.614,95.638,95.602,95.655,95.642,95.663,95.628,392
2014-10-13 14:44:00,2014-10-13 14:45:00,95.614,95.634,95.642,95.615,95.642,95.659,95.669,95.642,242
2014-10-13 14:45:00,2014-10-13 14:46:00,95.634,95.662,95.67,95.629,95.659,95.689,95.696,95.655,436
2014-10-13 14:46:00,2014-10-13 14:47:00,95.662,95.672,95.676,95.656,95.689,95.698,95.703,95.682,188
2014-10-13 14:47:00,2014-10-13 14:48:00,95.672,95.687,95.695,95.669,95.698,95.714,95.722,95.696,225
2014-10-13 14:48:00,2014-10-13 14:49:00,95.687,95.671,95.696,95.67,95.714,95.697,95.722,95.695,333
2014-10-13 14:49:00,2014-10-13 14:50:00,95.671,95.684,95.702,95.669,95.697,95.711,95.723,95.696,181
2014-10-13 14:50:00,2014-10-13 14:51:00,95.684,95.675,95.694,95.67,95.711,95.699,95.715,95.695,249
2014-10-13 14:51:00,2014-10-13 14:52:00,95.675,95.688,95.697,95.666,95.699,95.713,95.723,95.692,254
2014-10-13 14:52:00,2014-10-13 14:53:00,95.688,95.697,95.699,95.674,95.713,95.722,95.724,95.701,233
2014-10-13 14:53:00,2014-10-13 14:54:00,95.697,95.733,95.74,95.696,95.722,95.759,95.759,95.721,323
2014-10-13 14:54:00,2014-10-13 14:55:00,95.733,95.729,95.743,95.71,95.759,95.754,95.769,95.736,407
2014-10-13 14:55:00,2014-10-13 14:56:00,95.729,95.747,95.761,95.725,95.754,95.774,95.789,95.751,308
2014-10-13 14:56:00,2014-10-13 14:57:00,95.747,95.751,95.779,95.748,95.774,95.778,95.805,95.774,227
2014-10-13 14:57:00,2014-10-13 14:58:00,95.751,95.747,95.761,95.739,95.778,95.773,95.788,95.765,234
2014-10-13 14:58:00,2014-10-13 14:59:00,95.747,95.724,95.759,95.722,95.773,95.751,95.785,95.747,552
2014-10-13 14:59:00,2014-10-13 15:00:00,95.724,95.737,95.737,95.722,95.751,95.763,95.764,95.749,440
2014-10-13 15:00:00,2014-10-13 15:01:00,95.737,95.723,95.744,95.706,95.763,95.75,95.77,95.732,410
2014-10-13 15:01:00,2014-10-13 15:02:00,95.723,95.729,95.732,95.716,95.75,95.756,95.759,95.743,250
2014-10-13 15:02:00,2014-10-13 15:03:00,95.729,95.745,95.761,95.727,95.756,95.771,95.789,95.754,331
2014-10-13 15:03:00,2014-10-13 15:04:00,95.745,95.793,95.799,95.744,95.771,95.821,95.825,95.769,344
2014-10-13 15:04:00,2014-10-13 15:05:00,95.793,95.792,95.803,95.79,95.821,95.818,95.83,95.817,275
2014-10-13 15:05:00,2014-10-13 15:06:00,95.792,95.791,95.794,95.779,95.818,95.816,95.821,95.804,358
2014-10-13 15:06:00,2014-10-13 15:07:00,95.791,95.792,95.809,95.781,95.816,95.816,95.834,95.804,264
2014-10-13 15:07:00,2014-10-13 15:08:00,95.792,95.769,95.804,95.759,95.816,95.795,95.831,95.787,258
2014-10-13 15:08:00,2014-10-13 15:09:00,95.769,95.748,95.778,95.748,95.795,95.775,95.805,95.772,215
2014-10-13 15:09:00,2014-10-13 15:10:00,95.748,95.748,95.755,95.733,95.775,95.772,95.78,95.758,372
2014-10-13 15:10:00,2014-10-13 15:11:00,95.748,95.744,95.754,95.73,95.772,95.771,95.777,95.753,235
2014-10-13 15:11:00,2014-10-13 15:12:00,95.744,95.741,95.75,95.723,95.771,95.769,95.777,95.748,205
2014-10-13 15:12:00,2014-10-13 15:13:00,95.741,95.78,95.781,95.741,95.769,95.807,95.808,95.767,202
2014-10-13 15:13:00,2014-10-13 15:14:00,95.78,95.791,95.805,95.775,95.807,95.817,95.833,95.797,245
2014-10-13 15:14:00,2014-10-13 15:15:00,95.791,95.767,95.807,95.761,95.817,95.792,95.834,95.787,341
2014-10-13 15:15:00,2014-10-13 15:16:00,95.767,95.771,95.783,95.764,95.792,95.798,95.809,95.789,232
2014-10-13 15:16:00,2014-10-13 15:17:00,95.771,95.794,95.795,95.772,95.798,95.819,95.822,95.797,190
2014-10-13 15:17:00,2014-10-13 15:18:00,95.794,95.793,95.795,95.779,95.819,95.818,95.821,95.807,181
2014-10-13 15:18:00,2014-10-13 15:19:00,95.793,95.781,95.796,95.769,95.818,95.808,95.824,95.796,269
2014-10-13 15:19:00,2014-10-13 15:20:00,95.781,95.791,95.802,95.773,95.808,95.819,95.83,95.798,178
2014-10-13 15:20:00,2014-10-13 15:21:00,95.791,95.803,95.805,95.781,95.819,95.828,95.831,95.806,246
2014-10-13 15:21:00,2014-10-13 15:22:00,95.803,95.81,95.812,95.792,95.828,95.833,95.838,95.817,164
2014-10-13 15:22:00,2014-10-13 15:23:00,95.81,95.814,95.821,95.804,95.833,95.839,95.849,95.828,214
2014-10-13 15:23:00,2014-10-13 15:24:00,95.814,95.834,95.834,95.811,95.839,95.856,95.856,95.838,116
2014-10-13 15:24:00,2014-10-13 15:25:00,95.834,95.824,95.841,95.815,95.856,95.85,95.864,95.842,194
2014-10-13 15:25:00,2014-10-13 15:26:00,95.824,95.844,95.848,95.822,95.85,95.87,95.874,95.85,196
2014-10-13 15:26:00,2014-10-13 15:27:00,95.844,95.838,95.857,95.836,95.87,95.865,95.882,95.863,262
2014-10-13 15:27:00,2014-10-13 15:28:00,95.838,95.834,95.844,95.828,95.865,95.858,95.872,95.854,170
2014-10-13 15:28:00,2014-10-13 15:29:00,95.834,95.843,95.88,95.834,95.858,95.871,95.906,95.86,328
2014-10-13 15:29:00,2014-10-13 15:30:00,95.843,95.873,95.878,95.838,95.871,95.899,95.905,95.866,224
2014-10-13 15:30:00,2014-10-13 15:31:00,95.873,95.922,95.927,95.874,95.899,95.95,95.954,95.899,388
2014-10-13 15:31:00,2014-10-13 15:32:00,95.922,95.922,95.953,95.922,95.95,95.951,95.979,95.949,290
2014-10-13 15:32:00,2014-10-13 15:33:00,95.922,95.904,95.927,95.894,95.951,95.928,95.952,95.919,199
2014-10-13 15:33:00,2014-10-13 15:34:00,95.904,95.907,95.917,95.895,95.928,95.934,95.944,95.922,222
2014-10-13 15:34:00,2014-10-13 15:35:00,95.907,95.899,95.912,95.894,95.934,95.925,95.938,95.92,189
2014-10-13 15:35:00,2014-10-13 15:36:00,95.899,95.89,95.902,95.889,95.925,95.918,95.928,95.915,279
2014-10-13 15:36:00,2014-10-13 15:37:00,95.89,95.893,95.894,95.872,95.918,95.919,95.919,95.899,128
2014-10-13 15:37:00,2014-10-13 15:38:00,95.893,95.88,95.893,95.875,95.919,95.905,95.919,95.899,160
2014-10-13 15:38:00,2014-10-13 15:39:00,95.88,95.862,95.884,95.86,95.905,95.889,95.911,95.886,219
2014-10-13 15:39:00,2014-10-13 15:40:00,95.862,95.885,95.895,95.863,95.889,95.909,95.922,95.889,207
2014-10-13 15:40:00,2014-10-13 15:41:00,95.885,95.896,95.907,95.874,95.909,95.922,95.934,95.898,188
2014-10-13 15:41:00,2014-10-13 15:42:00,95.896,95.876,95.898,95.868,95.922,95.903,95.924,95.894,248
2014-10-13 15:42:00,2014-10-13 15:43:00,95.876,95.89,95.896,95.871,95.903,95.918,95.923,95.898,261
2014-10-13 15:43:00,2014-10-13 15:44:00,95.89,95.883,95.896,95.88,95.918,95.909,95.923,95.907,188
2014-10-13 15:44:00,2014-10-13 15:45:00,95.883,95.894,95.897,95.882,95.909,95.922,95.922,95.906,119
2014-10-13 15:45:00,2014-10-13 15:46:00,95.894,95.903,95.91,95.886,95.922,95.929,95.937,95.911,97
2014-10-13 15:46:00,2014-10-13 15:47:00,95.903,95.914,95.917,95.899,95.929,95.94,95.943,95.926,187
2014-10-13 15:47:00,2014-10-13 15:48:00,95.914,95.931,95.939,95.903,95.94,95.957,95.965,95.93,279
2014-10-13 15:48:00,2014-10-13 15:49:00,95.931,95.916,95.932,95.908,95.957,95.943,95.957,95.937,288
2014-10-13 15:49:00,2014-10-13 15:50:00,95.916,95.921,95.932,95.913,95.943,95.947,95.958,95.939,209
2014-10-13 15:50:00,2014-10-13 15:51:00,95.921,95.936,95.938,95.918,95.947,95.963,95.964,95.942,225
2014-10-13 15:51:00,2014-10-13 15:52:00,95.936,95.937,95.941,95.926,95.963,95.962,95.966,95.953,157
2014-10-13 15:52:00,2014-10-13 15:53:00,95.937,95.957,95.96,95.93,95.962,95.982,95.987,95.957,231
2014-10-13 15:53:00,2014-10-13 15:54:00,95.957,95.919,95.956,95.916,95.982,95.947,95.982,95.943,289
2014-10-13 15:54:00,2014-10-13 15:55:00,95.919,95.927,95.933,95.92,95.947,95.954,95.961,95.946,168
2014-10-13 15:55:00,2014-10-13 15:56:00,95.927,95.917,95.935,95.917,95.954,95.945,95.961,95.945,111
2014-10-13 15:56:00,2014-10-13 15:57:00,95.917,95.91,95.92,95.9,95.945,95.937,95.946,95.923,119
2014-10-13 15:57:00,2014-10-13 15:58:00,95.91,95.916,95.92,95.896,95.937,95.941,95.944,95.923,244
2014-10-13 15:58:00,2014-10-13 15:59:00,95.916,95.901,95.927,95.901,95.941,95.93,95.95,95.929,204
2014-10-13 15:59:00,2014-10-13 16:00:00,95.901,95.89,95.901,95.876,95.93,95.915,95.929,95.905,246
2014-10-13 16:00:00,2014-10-13 16:01:00,95.89,95.881,95.893,95.877,95.915,95.904,95.917,95.902,92
2014-10-13 16:01:00,2014-10-13 16:02:00,95.881,95.882,95.882,95.864,95.904,95.904,95.906,95.889,163
2014-10-13 16:02:00,2014-10-13 16:03:00,95.882,95.869,95.883,95.855,95.904,95.898,95.906,95.882,258
2014-10-13 16:03:00,2014-10-13 16:04:00,95.869,95.871,95.878,95.864,95.898,95.9,95.907,95.889,166
2014-10-13 16:04:00,2014-10-13 16:05:00,95.871,95.858,95.873,95.857,95.9,95.885,95.901,95.88,221
2014-10-13 16:05:00,2014-10-13 16:06:00,95.858,95.863,95.864,95.855,95.885,95.89,95.891,95.879,139
2014-10-13 16:06:00,2014-10-13 16:07:00,95.863,95.866,95.866,95.854,95.89,95.893,95.893,95.878,131
2014-10-13 16:07:00,2014-10-13 16:08:00,95.866,95.854,95.865,95.842,95.893,95.879,95.893,95.871,299
2014-10-13 16:08:00,2014-10-13 16:09:00,95.854,95.855,95.865,95.847,95.879,95.88,95.889,95.873,314
2014-10-13 16:09:00,2014-10-13 16:10:00,95.855,95.858,95.862,95.842,95.88,95.884,95.89,95.867,124
2014-10-13 16:10:00,2014-10-13 16:11:00,95.858,95.872,95.877,95.853,95.884,95.9,95.905,95.879,199
2014-10-13 16:11:00,2014-10-13 16:12:00,95.872,95.863,95.876,95.862,95.9,95.89,95.903,95.885,120
2014-10-13 16:12:00,2014-10-13 16:13:00,95.863,95.879,95.88,95.859,95.89,95.906,95.908,95.885,124
2014-10-13 16:13:00,2014-10-13 16:14:00,95.879,95.861,95.88,95.861,95.906,95.889,95.907,95.888,159
2014-10-13 16:14:00,2014-10-13 16:15:00,95.861,95.86,95.863,95.849,95.889,95.888,95.89,95.875,163
2014-10-13 16:15:00,2014-10-13 16:16:00,95.86,95.864,95.868,95.862,95.888,95.891,95.894,95.888,70
2014-10-13 16:16:00,2014-10-13 16:17:00,95.864,95.884,95.884,95.864,95.891,95.91,95.912,95.89,116
2014-10-13 16:17:00,2014-10-13 16:18:00,95.884,95.88,95.892,95.879,95.91,95.91,95.92,95.905,147
2014-10-13 16:18:00,2014-10-13 16:19:00,95.88,95.873,95.891,95.872,95.91,95.899,95.919,95.898,153
2014-10-13 16:19:00,2014-10-13 16:20:00,95.873,95.876,95.887,95.872,95.899,95.904,95.912,95.898,164
2014-10-13 16:20:00,2014-10-13 16:21:00,95.876,95.876,95.882,95.874,95.904,95.905,95.911,95.901,115
2014-10-13 16:21:00,2014-10-13 16:22:00,95.876,95.89,95.892,95.87,95.905,95.915,95.92,95.898,145
2014-10-13 16:22:00,2014-10-13 16:23:00,95.89,95.88,95.895,95.878,95.915,95.908,95.922,95.905,150
2014-10-13 16:23:00,2014-10-13 16:24:00,95.88,95.889,95.895,95.881,95.908,95.916,95.921,95.908,58
2014-10-13 16:24:00,2014-10-13 16:25:00,95.889,95.889,95.894,95.882,95.916,95.916,95.92,95.908,139
2014-10-13 16:25:00,2014-10-13 16:26:00,95.889,95.884,95.89,95.871,95.916,95.91,95.916,95.898,126
2014-10-13 16:26:00,2014-10-13 16:27:00,95.884,95.892,95.897,95.879,95.91,95.915,95.919,95.904,119
2014-10-13 16:27:00,2014-10-13 16:28:00,95.892,95.9,95.905,95.89,95.915,95.928,95.93,95.915,170
2014-10-13 16:28:00,2014-10-13 16:29:00,95.9,95.947,95.947,95.901,95.928,95.973,95.973,95.927,169
2014-10-13 16:29:00,2014-10-13 16:30:00,95.947,95.948,95.951,95.937,95.973,95.977,95.979,95.963,99
2014-10-13 16:30:00,2014-10-13 16:31:00,95.948,95.96,95.962,95.947,95.977,95.987,95.991,95.976,165
2014-10-13 16:31:00,2014-10-13 16:32:00,95.96,95.958,95.964,95.95,95.987,95.985,95.991,95.973,248
2014-10-13 16:32:00,2014-10-13 16:33:00,95.958,95.955,95.959,95.95,95.985,95.982,95.986,95.976,120
2014-10-13 16:33:00,2014-10-13 16:34:00,95.955,95.962,95.966,95.951,95.982,95.99,95.995,95.977,79
2014-10-13 16:34:00,2014-10-13 16:35:00,95.962,95.96,95.968,95.959,95.99,95.984,95.996,95.984,93
2014-10-13 16:35:00,2014-10-13 16:36:00,95.96,95.938,95.96,95.938,95.984,95.965,95.986,95.963,133
2014-10-13 16:36:00,2014-10-13 16:37:00,95.938,95.956,95.963,95.936,95.965,95.984,95.991,95.963,151
2014-10-13 16:37:00,2014-10-13 16:38:00,95.956,95.94,95.957,95.94,95.984,95.967,95.986,95.966,129
2014-10-13 16:38:00,2014-10-13 16:39:00,95.94,95.933,95.939,95.931,95.967,95.957,95.968,95.955,116
2014-10-13 16:39:00,2014-10-13 16:40:00,95.933,95.941,95.941,95.933,95.957,95.97,95.97,95.954,35
2014-10-13 16:40:00,2014-10-13 16:41:00,95.941,95.918,95.947,95.916,95.97,95.946,95.976,95.944,246
2014-10-13 16:41:00,2014-10-13 16:42:00,95.918,95.939,95.943,95.918,95.946,95.966,95.971,95.945,231
2014-10-13 16:42:00,2014-10-13 16:43:00,95.939,95.924,95.947,95.92,95.966,95.951,95.971,95.945,221
2014-10-13 16:43:00,2014-10-13 16:44:00,95.924,95.907,95.927,95.907,95.951,95.935,95.951,95.935,121
2014-10-13 16:44:00,2014-10-13 16:45:00,95.907,95.897,95.91,95.892,95.935,95.925,95.937,95.918,144
2014-10-13 16:45:00,2014-10-13 16:46:00,95.897,95.892,95.897,95.88,95.925,95.92,95.924,95.908,145
2014-10-13 16:46:00,2014-10-13 16:47:00,95.892,95.892,95.894,95.88,95.92,95.918,95.923,95.908,96
2014-10-13 16:47:00,2014-10-13 16:48:00,95.892,95.882,95.902,95.874,95.918,95.91,95.929,95.901,107
2014-10-13 16:48:00,2014-10-13 16:49:00,95.882,95.895,95.9,95.875,95.91,95.924,95.927,95.903,136
2014-10-13 16:49:00,2014-10-13 16:50:00,95.895,95.897,95.897,95.888,95.924,95.924,95.924,95.915,61
2014-10-13 16:50:00,2014-10-13 16:51:00,95.897,95.883,95.903,95.882,95.924,95.911,95.926,95.91,156
2014-10-13 16:51:00,2014-10-13 16:52:00,95.883,95.872,95.884,95.866,95.911,95.901,95.912,95.892,117
2014-10-13 16:52:00,2014-10-13 16:53:00,95.872,95.872,95.874,95.87,95.901,95.901,95.902,95.898,46
2014-10-13 16:53:00,2014-10-13 16:54:00,95.872,95.873,95.878,95.861,95.901,95.901,95.906,95.889,179
2014-10-13 16:54:00,2014-10-13 16:55:00,95.873,95.854,95.874,95.854,95.901,95.883,95.903,95.881,120
2014-10-13 16:55:00,2014-10-13 16:56:00,95.854,95.881,95.881,95.854,95.883,95.908,95.908,95.883,162
2014-10-13 16:56:00,2014-10-13 16:57:00,95.881,95.898,95.901,95.879,95.908,95.925,95.929,95.907,102
2014-10-13 16:57:00,2014-10-13 16:58:00,95.898,95.885,95.897,95.882,95.925,95.912,95.925,95.907,145
2014-10-13 16:58:00,2014-10-13 16:59:00,95.885,95.882,95.891,95.88,95.912,95.91,95.917,95.907,174
2014-10-13 16:59:00,2014-10-13 17:00:00,95.882,95.877,95.887,95.877,95.91,95.906,95.913,95.905,121
2014-10-13 17:00:00,2014-10-13 17:01:00,95.877,95.873,95.881,95.87,95.906,95.901,95.91,95.896,67
2014-10-13 17:01:00,2014-10-13 17:02:00,95.873,95.878,95.884,95.873,95.901,95.907,95.912,95.9,80
2014-10-13 17:02:00,2014-10-13 17:03:00,95.878,95.861,95.881,95.861,95.907,95.89,95.908,95.888,62
2014-10-13 17:03:00,2014-10-13 17:04:00,95.861,95.871,95.875,95.86,95.89,95.898,95.901,95.886,66
2014-10-13 17:04:00,2014-10-13 17:05:00,95.871,95.867,95.874,95.866,95.898,95.895,95.901,95.892,98
2014-10-13 17:05:00,2014-10-13 17:06:00,95.867,95.843,95.867,95.835,95.895,95.87,95.893,95.861,168
2014-10-13 17:06:00,2014-10-13 17:07:00,95.843,95.838,95.862,95.836,95.87,95.865,95.888,95.863,142
2014-10-13 17:07:00,2014-10-13 17:08:00,95.838,95.853,95.853,95.837,95.865,95.875,95.875,95.863,94
2014-10-13 17:08:00,2014-10-13 17:09:00,95.853,95.838,95.853,95.834,95.875,95.862,95.877,95.861,301
2014-10-13 17:09:00,2014-10-13 17:10:00,95.838,95.834,95.85,95.832,95.862,95.858,95.873,95.857,269
2014-10-13 17:10:00,2014-10-13 17:11:00,95.834,95.823,95.842,95.823,95.858,95.851,95.864,95.851,179
2014-10-13 17:11:00,2014-10-13 17:12:00,95.823,95.796,95.835,95.794,95.851,95.824,95.859,95.821,183
2014-10-13 17:12:00,2014-10-13 17:13:00,95.796,95.843,95.853,95.794,95.824,95.871,95.878,95.824,543
2014-10-13 17:13:00,2014-10-13 17:14:00,95.843,95.866,95.87,95.842,95.871,95.895,95.895,95.869,141
2014-10-13 17:14:00,2014-10-13 17:15:00,95.866,95.853,95.878,95.842,95.895,95.881,95.901,95.868,311
2014-10-13 17:15:00,2014-10-13 17:16:00,95.853,95.865,95.871,95.838,95.881,95.892,95.897,95.868,327
2014-10-13 17:16:00,2014-10-13 17:17:00,95.865,95.853,95.867,95.841,95.892,95.877,95.895,95.865,223
2014-10-13 17:17:00,2014-10-13 17:18:00,95.853,95.864,95.872,95.852,95.877,95.887,95.894,95.877,87
2014-10-13 17:18:00,2014-10-13 17:19:00,95.864,95.862,95.87,95.852,95.887,95.885,95.894,95.878,81
2014-10-13 17:19:00,2014-10-13 17:20:00,95.862,95.872,95.873,95.859,95.885,95.899,95.899,95.885,100
2014-10-13 17:20:00,2014-10-13 17:21:00,95.872,95.875,95.888,95.865,95.899,95.901,95.911,95.889,122
2014-10-13 17:21:00,2014-10-13 17:22:00,95.875,95.889,95.893,95.87,95.901,95.917,95.92,95.896,240
2014-10-13 17:22:00,2014-10-13 17:23:00,95.889,95.883,95.894,95.879,95.917,95.913,95.92,95.907,142
2014-10-13 17:23:00,2014-10-13 17:24:00,95.883,95.872,95.892,95.871,95.913,95.897,95.918,95.897,106
2014-10-13 17:24:00,2014-10-13 17:25:00,95.872,95.878,95.888,95.873,95.897,95.902,95.909,95.897,121
2014-10-13 17:25:00,2014-10-13 17:26:00,95.878,95.879,95.883,95.872,95.902,95.908,95.909,95.901,63
2014-10-13 17:26:00,2014-10-13 17:27:00,95.879,95.885,95.891,95.88,95.908,95.912,95.919,95.908,58
2014-10-13 17:27:00,2014-10-13 17:28:00,95.885,95.872,95.884,95.864,95.912,95.901,95.912,95.892,151
2014-10-13 17:28:00,2014-10-13 17:29:00,95.872,95.901,95.902,95.873,95.901,95.93,95.932,95.901,295
2014-10-13 17:29:00,2014-10-13 17:30:00,95.901,95.895,95.903,95.879,95.93,95.924,95.93,95.909,154
2014-10-13 17:30:00,2014-10-13 17:31:00,95.895,95.894,95.909,95.884,95.924,95.923,95.937,95.912,187
2014-10-13 17:31:00,2014-10-13 17:32:00,95.894,95.891,95.902,95.891,95.923,95.919,95.929,95.919,84
2014-10-13 17:32:00,2014-10-13 17:33:00,95.891,95.895,95.905,95.891,95.919,95.922,95.931,95.916,141
2014-10-13 17:33:00,2014-10-13 17:34:00,95.895,95.889,95.896,95.873,95.922,95.918,95.925,95.9,125
2014-10-13 17:34:00,2014-10-13 17:35:00,95.889,95.911,95.911,95.885,95.918,95.939,95.939,95.911,207
2014-10-13 17:35:00,2014-10-13 17:36:00,95.911,95.919,95.919,95.91,95.939,95.948,95.948,95.937,78
2014-10-13 17:36:00,2014-10-13 17:37:00,95.919,95.917,95.933,95.914,95.948,95.946,95.959,95.94,139
2014-10-13 17:37:00,2014-10-13 17:38:00,95.917,95.908,95.927,95.908,95.946,95.937,95.954,95.936,81
2014-10-13 17:38:00,2014-10-13 17:39:00,95.908,95.904,95.915,95.894,95.937,95.931,95.942,95.923,101
2014-10-13 17:39:00,2014-10-13 17:40:00,95.904,95.891,95.906,95.885,95.931,95.918,95.933,95.911,153
2014-10-13 17:40:00,2014-10-13 17:41:00,95.891,95.879,95.897,95.879,95.918,95.908,95.922,95.907,65
2014-10-13 17:41:00,2014-10-13 17:42:00,95.879,95.89,95.895,95.879,95.908,95.919,95.924,95.908,66
2014-10-13 17:42:00,2014-10-13 17:43:00,95.89,95.88,95.898,95.88,95.919,95.908,95.924,95.908,48
2014-10-13 17:43:00,2014-10-13 17:44:00,95.88,95.871,95.891,95.871,95.908,95.9,95.92,95.9,59
2014-10-13 17:44:00,2014-10-13 17:45:00,95.871,95.871,95.877,95.871,95.9,95.9,95.906,95.893,64
2014-10-13 17:45:00,2014-10-13 17:46:00,95.871,95.894,95.9,95.871,95.9,95.92,95.928,95.899,62
2014-10-13 17:46:00,2014-10-13 17:47:00,95.894,95.912,95.916,95.894,95.92,95.938,95.942,95.92,84
2014-10-13 17:47:00,2014-10-13 17:48:00,95.912,95.923,95.936,95.911,95.938,95.949,95.96,95.938,118
2014-10-13 17:48:00,2014-10-13 17:49:00,95.923,95.914,95.923,95.904,95.949,95.94,95.948,95.931,215
2014-10-13 17:49:00,2014-10-13 17:50:00,95.914,95.918,95.925,95.908,95.94,95.947,95.952,95.935,206
2014-10-13 17:50:00,2014-10-13 17:51:00,95.918,95.925,95.93,95.897,95.947,95.952,95.954,95.922,204
2014-10-13 17:51:00,2014-10-13 17:52:00,95.925,95.931,95.937,95.919,95.952,95.958,95.962,95.943,126
2014-10-13 17:52:00,2014-10-13 17:53:00,95.931,95.935,95.938,95.929,95.958,95.96,95.966,95.954,174
2014-10-13 17:53:00,2014-10-13 17:54:00,95.935,95.934,95.948,95.934,95.96,95.962,95.976,95.957,96
2014-10-13 17:54:00,2014-10-13 17:55:00,95.934,95.934,95.935,95.919,95.962,95.961,95.963,95.946,138
2014-10-13 17:55:00,2014-10-13 17:56:00,95.934,95.911,95.934,95.898,95.961,95.94,95.963,95.926,206
2014-10-13 17:56:00,2014-10-13 17:57:00,95.911,95.903,95.917,95.898,95.94,95.927,95.943,95.922,128
2014-10-13 17:57:00,2014-10-13 17:58:00,95.903,95.891,95.905,95.891,95.927,95.917,95.927,95.917,149
2014-10-13 17:58:00,2014-10-13 17:59:00,95.891,95.9,95.91,95.89,95.917,95.926,95.934,95.914,293
2014-10-13 17:59:00,2014-10-13 18:00:00,95.9,95.88,95.908,95.88,95.926,95.903,95.932,95.903,135
2014-10-13 18:00:00,2014-10-13 18:01:00,95.88,95.879,95.881,95.871,95.903,95.903,95.904,95.896,93
2014-10-13 18:01:00,2014-10-13 18:02:00,95.879,95.86,95.878,95.86,95.903,95.887,95.903,95.887,60
2014-10-13 18:02:00,2014-10-13 18:03:00,95.86,95.872,95.88,95.855,95.887,95.898,95.9,95.883,55
2014-10-13 18:03:00,2014-10-13 18:04:00,95.872,95.836,95.871,95.833,95.898,95.863,95.898,95.86,230
2014-10-13 18:04:00,2014-10-13 18:05:00,95.836,95.86,95.86,95.83,95.863,95.883,95.883,95.853,163
2014-10-13 18:05:00,2014-10-13 18:06:00,95.86,95.857,95.859,95.854,95.883,95.882,95.885,95.88,34
2014-10-13 18:06:00,2014-10-13 18:07:00,95.857,95.856,95.881,95.854,95.882,95.881,95.908,95.878,135
2014-10-13 18:07:00,2014-10-13 18:08:00,95.856,95.866,95.868,95.856,95.881,95.894,95.897,95.882,103
2014-10-13 18:08:00,2014-10-13 18:09:00,95.866,95.886,95.886,95.866,95.894,95.914,95.914,95.892,87
2014-10-13 18:09:00,2014-10-13 18:10:00,95.886,95.879,95.886,95.879,95.914,95.905,95.912,95.904,31
2014-10-13 18:10:00,2014-10-13 18:11:00,95.879,95.877,95.885,95.877,95.905,95.906,95.914,95.9,64
2014-10-13 18:11:00,2014-10-13 18:12:00,95.877,95.878,95.88,95.87,95.906,95.906,95.908,95.894,75
2014-10-13 18:12:00,2014-10-13 18:13:00,95.878,95.869,95.878,95.868,95.906,95.898,95.905,95.895,57
2014-10-13 18:13:00,2014-10-13 18:14:00,95.869,95.866,95.869,95.862,95.898,95.895,95.898,95.891,52
2014-10-13 18:14:00,2014-10-13 18:15:00,95.866,95.866,95.876,95.863,95.895,95.891,95.903,95.891,113
2014-10-13 18:15:00,2014-10-13 18:16:00,95.866,95.862,95.873,95.86,95.891,95.892,95.898,95.888,68
2014-10-13 18:16:00,2014-10-13 18:17:00,95.862,95.864,95.867,95.859,95.892,95.893,95.893,95.887,33
2014-10-13 18:17:00,2014-10-13 18:18:00,95.864,95.861,95.873,95.861,95.893,95.888,95.899,95.888,50
2014-10-13 18:18:00,2014-10-13 18:19:00,95.861,95.855,95.867,95.854,95.888,95.883,95.896,95.882,111
2014-10-13 18:19:00,2014-10-13 18:20:00,95.855,95.858,95.867,95.853,95.883,95.885,95.895,95.882,115
2014-10-13 18:20:00,2014-10-13 18:21:00,95.858,95.874,95.878,95.856,95.885,95.902,95.905,95.881,101
2014-10-13 18:21:00,2014-10-13 18:22:00,95.874,95.859,95.877,95.857,95.902,95.886,95.905,95.885,108
2014-10-13 18:22:00,2014-10-13 18:23:00,95.859,95.865,95.868,95.859,95.886,95.892,95.896,95.888,80
2014-10-13 18:23:00,2014-10-13 18:24:00,95.865,95.877,95.878,95.865,95.892,95.905,95.905,95.893,31
2014-10-13 18:24:00,2014-10-13 18:25:00,95.877,95.876,95.879,95.873,95.905,95.902,95.904,95.898,33
2014-10-13 18:25:00,2014-10-13 18:26:00,95.876,95.878,95.881,95.873,95.902,95.906,95.908,95.902,90
2014-10-13 18:26:00,2014-10-13 18:27:00,95.878,95.875,95.881,95.873,95.906,95.904,95.907,95.902,43
2014-10-13 18:27:00,2014-10-13 18:28:00,95.875,95.878,95.879,95.872,95.904,95.906,95.906,95.901,81
2014-10-13 18:28:00,2014-10-13 18:29:00,95.878,95.835,95.879,95.835,95.906,95.862,95.907,95.861,119
2014-10-13 18:29:00,2014-10-13 18:30:00,95.835,95.846,95.855,95.833,95.862,95.874,95.883,95.859,113
2014-10-13 18:30:00,2014-10-13 18:31:00,95.846,95.834,95.848,95.834,95.874,95.86,95.877,95.86,77
2014-10-13 18:31:00,2014-10-13 18:32:00,95.834,95.842,95.842,95.829,95.86,95.869,95.869,95.854,108
2014-10-13 18:32:00,2014-10-13 18:33:00,95.842,95.836,95.846,95.833,95.869,95.862,95.873,95.859,84
2014-10-13 18:33:00,2014-10-13 18:34:00,95.836,95.845,95.845,95.835,95.862,95.873,95.873,95.861,66
2014-10-13 18:34:00,2014-10-13 18:35:00,95.845,95.853,95.854,95.845,95.873,95.882,95.882,95.871,32
2014-10-13 18:35:00,2014-10-13 18:36:00,95.853,95.84,95.853,95.837,95.882,95.869,95.882,95.866,108
2014-10-13 18:36:00,2014-10-13 18:37:00,95.84,95.842,95.843,95.836,95.869,95.868,95.869,95.865,48
2014-10-13 18:37:00,2014-10-13 18:38:00,95.842,95.84,95.853,95.839,95.868,95.868,95.879,95.867,184
2014-10-13 18:38:00,2014-10-13 18:39:00,95.84,95.848,95.857,95.838,95.868,95.878,95.881,95.867,74
2014-10-13 18:39:00,2014-10-13 18:40:00,95.848,95.846,95.848,95.84,95.878,95.874,95.877,95.869,69
2014-10-13 18:40:00,2014-10-13 18:41:00,95.846,95.844,95.853,95.84,95.874,95.874,95.879,95.868,60
2014-10-13 18:41:00,2014-10-13 18:42:00,95.844,95.822,95.844,95.822,95.874,95.85,95.873,95.85,80
2014-10-13 18:42:00,2014-10-13 18:43:00,95.822,95.825,95.825,95.815,95.85,95.852,95.852,95.842,38
2014-10-13 18:43:00,2014-10-13 18:44:00,95.825,95.827,95.832,95.825,95.852,95.854,95.86,95.853,118
2014-10-13 18:44:00,2014-10-13 18:45:00,95.827,95.828,95.83,95.824,95.854,95.855,95.857,95.849,89
2014-10-13 18:45:00,2014-10-13 18:46:00,95.828,95.827,95.831,95.825,95.855,95.855,95.858,95.854,76
2014-10-13 18:46:00,2014-10-13 18:47:00,95.827,95.825,95.828,95.824,95.855,95.854,95.856,95.85,29
2014-10-13 18:47:00,2014-10-13 18:48:00,95.825,95.825,95.827,95.825,95.854,95.854,95.855,95.853,10
2014-10-13 18:48:00,2014-10-13 18:49:00,95.825,95.826,95.828,95.824,95.854,95.854,95.854,95.854,19
2014-10-13 18:49:00,2014-10-13 18:50:00,95.826,95.822,95.827,95.812,95.854,95.849,95.854,95.841,103
2014-10-13 18:50:00,2014-10-13 18:51:00,95.822,95.844,95.845,95.814,95.849,95.872,95.872,95.844,139
2014-10-13 18:51:00,2014-10-13 18:52:00,95.844,95.836,95.845,95.829,95.872,95.865,95.873,95.857,65
2014-10-13 18:52:00,2014-10-13 18:53:00,95.836,95.835,95.836,95.834,95.865,95.864,95.866,95.863,13
2014-10-13 18:53:00,2014-10-13 18:54:00,95.835,95.828,95.837,95.828,95.864,95.857,95.865,95.857,21
2014-10-13 18:54:00,2014-10-13 18:55:00,95.828,95.813,95.828,95.806,95.857,95.842,95.857,95.835,58
2014-10-13 18:55:00,2014-10-13 18:56:00,95.813,95.826,95.828,95.814,95.842,95.855,95.858,95.842,35
2014-10-13 18:56:00,2014-10-13 18:57:00,95.826,95.789,95.828,95.786,95.855,95.818,95.857,95.816,181
2014-10-13 18:57:00,2014-10-13 18:58:00,95.789,95.796,95.802,95.785,95.818,95.827,95.829,95.813,126
2014-10-13 18:58:00,2014-10-13 18:59:00,95.796,95.776,95.797,95.772,95.827,95.805,95.827,95.801,125
2014-10-13 18:59:00,2014-10-13 19:00:00,95.776,95.773,95.78,95.767,95.805,95.802,95.809,95.796,47
2014-10-13 19:00:00,2014-10-13 19:01:00,95.773,95.765,95.777,95.764,95.802,95.792,95.805,95.792,88
2014-10-13 19:01:00,2014-10-13 19:02:00,95.765,95.765,95.765,95.761,95.792,95.793,95.794,95.79,14
2014-10-13 19:02:00,2014-10-13 19:03:00,95.765,95.766,95.767,95.756,95.793,95.796,95.796,95.784,61
2014-10-13 19:03:00,2014-10-13 19:04:00,95.766,95.775,95.775,95.766,95.796,95.802,95.803,95.794,34
2014-10-13 19:04:00,2014-10-13 19:05:00,95.775,95.775,95.776,95.775,95.802,95.804,95.804,95.802,5
2014-10-13 19:05:00,2014-10-13 19:06:00,95.775,95.77,95.776,95.77,95.804,95.799,95.804,95.798,12
2014-10-13 19:06:00,2014-10-13 19:07:00,95.77,95.761,95.772,95.761,95.799,95.79,95.8,95.79,26
2014-10-13 19:07:00,2014-10-13 19:08:00,95.761,95.763,95.767,95.762,95.79,95.792,95.794,95.79,22
2014-10-13 19:08:00,2014-10-13 19:09:00,95.763,95.756,95.773,95.756,95.792,95.785,95.803,95.785,65
2014-10-13 19:09:00,2014-10-13 19:10:00,95.756,95.758,95.758,95.742,95.785,95.782,95.786,95.77,66
2014-10-13 19:10:00,2014-10-13 19:11:00,95.758,95.752,95.761,95.747,95.782,95.783,95.79,95.776,139
2014-10-13 19:11:00,2014-10-13 19:12:00,95.752,95.753,95.756,95.753,95.783,95.783,95.785,95.781,27
2014-10-13 19:12:00,2014-10-13 19:13:00,95.753,95.774,95.779,95.752,95.783,95.804,95.806,95.78,130
2014-10-13 19:13:00,2014-10-13 19:14:00,95.774,95.789,95.79,95.771,95.804,95.818,95.818,95.801,76
2014-10-13 19:14:00,2014-10-13 19:15:00,95.789,95.796,95.798,95.784,95.818,95.825,95.826,95.812,68
2014-10-13 19:15:00,2014-10-13 19:16:00,95.796,95.785,95.798,95.785,95.825,95.811,95.828,95.811,105
2014-10-13 19:16:00,2014-10-13 19:17:00,95.785,95.782,95.786,95.775,95.811,95.809,95.813,95.801,56
2014-10-13 19:17:00,2014-10-13 19:18:00,95.782,95.764,95.782,95.763,95.809,95.793,95.807,95.792,30
2014-10-13 19:18:00,2014-10-13 19:19:00,95.764,95.773,95.778,95.762,95.793,95.802,95.806,95.789,52
2014-10-13 19:19:00,2014-10-13 19:20:00,95.773,95.77,95.775,95.769,95.802,95.799,95.802,95.796,18
2014-10-13 19:20:00,2014-10-13 19:21:00,95.77,95.763,95.771,95.761,95.799,95.79,95.8,95.79,65
2014-10-13 19:21:00,2014-10-13 19:22:00,95.763,95.747,95.765,95.744,95.79,95.774,95.792,95.772,90
2014-10-13 19:22:00,2014-10-13 19:23:00,95.747,95.742,95.746,95.741,95.774,95.768,95.774,95.766,11
2014-10-13 19:23:00,2014-10-13 19:24:00,95.742,95.76,95.76,95.742,95.768,95.788,95.789,95.768,69
2014-10-13 19:24:00,2014-10-13 19:25:00,95.76,95.758,95.772,95.752,95.788,95.787,95.799,95.78,166
2014-10-13 19:25:00,2014-10-13 19:26:00,95.758,95.759,95.76,95.756,95.787,95.788,95.789,95.784,34
2014-10-13 19:26:00,2014-10-13 19:27:00,95.759,95.752,95.762,95.748,95.788,95.78,95.789,95.775,96
2014-10-13 19:27:00,2014-10-13 19:28:00,95.752,95.746,95.757,95.745,95.78,95.775,95.786,95.774,92
2014-10-13 19:28:00,2014-10-13 19:29:00,95.746,95.76,95.763,95.747,95.775,95.785,95.792,95.775,62
2014-10-13 19:29:00,2014-10-13 19:30:00,95.76,95.755,95.773,95.754,95.785,95.782,95.796,95.779,80
2014-10-13 19:30:00,2014-10-13 19:31:00,95.755,95.74,95.762,95.734,95.782,95.769,95.787,95.759,129
2014-10-13 19:31:00,2014-10-13 19:32:00,95.74,95.697,95.742,95.695,95.769,95.728,95.77,95.726,222
2014-10-13 19:32:00,2014-10-13 19:33:00,95.697,95.69,95.699,95.676,95.728,95.722,95.729,95.707,201
2014-10-13 19:33:00,2014-10-13 19:34:00,95.69,95.718,95.728,95.691,95.722,95.746,95.759,95.722,157
2014-10-13 19:34:00,2014-10-13 19:35:00,95.718,95.698,95.721,95.696,95.746,95.727,95.751,95.727,172
2014-10-13 19:35:00,2014-10-13 19:36:00,95.698,95.689,95.698,95.678,95.727,95.719,95.727,95.706,151
2014-10-13 19:36:00,2014-10-13 19:37:00,95.689,95.668,95.695,95.668,95.719,95.698,95.724,95.696,204
2014-10-13 19:37:00,2014-10-13 19:38:00,95.668,95.637,95.669,95.633,95.698,95.663,95.699,95.662,225
2014-10-13 19:38:00,2014-10-13 19:39:00,95.637,95.618,95.637,95.614,95.663,95.648,95.668,95.639,137
2014-10-13 19:39:00,2014-10-13 19:40:00,95.618,95.65,95.65,95.618,95.648,95.678,95.678,95.647,93
2014-10-13 19:40:00,2014-10-13 19:41:00,95.65,95.654,95.666,95.647,95.678,95.683,95.694,95.677,176
2014-10-13 19:41:00,2014-10-13 19:42:00,95.654,95.632,95.654,95.627,95.683,95.66,95.681,95.658,228
2014-10-13 19:42:00,2014-10-13 19:43:00,95.632,95.611,95.636,95.611,95.66,95.642,95.664,95.641,123
2014-10-13 19:43:00,2014-10-13 19:44:00,95.611,95.614,95.616,95.595,95.642,95.643,95.645,95.624,205
2014-10-13 19:44:00,2014-10-13 19:45:00,95.614,95.626,95.631,95.612,95.643,95.654,95.659,95.639,190
2014-10-13 19:45:00,2014-10-13 19:46:00,95.626,95.628,95.641,95.621,95.654,95.656,95.669,95.649,104
2014-10-13 19:46:00,2014-10-13 19:47:00,95.628,95.567,95.627,95.566,95.656,95.598,95.656,95.593,191
2014-10-13 19:47:00,2014-10-13 19:48:00,95.567,95.593,95.596,95.568,95.598,95.619,95.623,95.598,180
2014-10-13 19:48:00,2014-10-13 19:49:00,95.593,95.603,95.61,95.593,95.619,95.627,95.636,95.621,47
2014-10-13 19:49:00,2014-10-13 19:50:00,95.603,95.607,95.607,95.582,95.627,95.635,95.635,95.61,117
2014-10-13 19:50:00,2014-10-13 19:51:00,95.607,95.597,95.613,95.593,95.635,95.624,95.641,95.622,85
2014-10-13 19:51:00,2014-10-13 19:52:00,95.597,95.606,95.611,95.594,95.624,95.633,95.637,95.618,92
2014-10-13 19:52:00,2014-10-13 19:53:00,95.606,95.595,95.609,95.594,95.633,95.624,95.633,95.622,74
2014-10-13 19:53:00,2014-10-13 19:54:00,95.595,95.596,95.597,95.584,95.624,95.625,95.625,95.613,171
2014-10-13 19:54:00,2014-10-13 19:55:00,95.596,95.584,95.598,95.58,95.625,95.613,95.625,95.609,95
2014-10-13 19:55:00,2014-10-13 19:56:00,95.584,95.586,95.587,95.575,95.613,95.615,95.616,95.604,84
2014-10-13 19:56:00,2014-10-13 19:57:00,95.586,95.566,95.586,95.566,95.615,95.595,95.616,95.59,53
2014-10-13 19:57:00,2014-10-13 19:58:00,95.566,95.56,95.568,95.559,95.595,95.587,95.598,95.587,109
2014-10-13 19:58:00,2014-10-13 19:59:00,95.56,95.552,95.559,95.549,95.587,95.581,95.588,95.578,74
2014-10-13 19:59:00,2014-10-13 20:00:00,95.552,95.541,95.564,95.539,95.581,95.571,95.593,95.567,98
2014-10-13 20:00:00,2014-10-13 20:01:00,95.541,95.55,95.553,95.542,95.571,95.58,95.58,95.571,84
2014-10-13 20:01:00,2014-10-13 20:02:00,95.55,95.548,95.557,95.546,95.58,95.576,95.583,95.572,87
2014-10-13 20:02:00,2014-10-13 20:03:00,95.548,95.554,95.557,95.548,95.576,95.583,95.585,95.575,63
2014-10-13 20:03:00,2014-10-13 20:04:00,95.554,95.546,95.554,95.546,95.583,95.577,95.582,95.577,25
2014-10-13 20:04:00,2014-10-13 20:05:00,95.546,95.551,95.555,95.543,95.577,95.58,95.58,95.571,86
2014-10-13 20:05:00,2014-10-13 20:06:00,95.551,95.556,95.557,95.551,95.58,95.585,95.587,95.58,44
2014-10-13 20:06:00,2014-10-13 20:07:00,95.556,95.565,95.565,95.555,95.585,95.593,95.593,95.583,63
2014-10-13 20:07:00,2014-10-13 20:08:00,95.565,95.575,95.577,95.567,95.593,95.597,95.601,95.593,32
2014-10-13 20:08:00,2014-10-13 20:09:00,95.575,95.6,95.6,95.575,95.597,95.626,95.626,95.599,71
2014-10-13 20:09:00,2014-10-13 20:10:00,95.6,95.602,95.608,95.598,95.626,95.633,95.636,95.628,58
2014-10-13 20:10:00,2014-10-13 20:11:00,95.602,95.603,95.605,95.6,95.633,95.633,95.633,95.627,20
2014-10-13 20:11:00,2014-10-13 20:12:00,95.603,95.592,95.603,95.592,95.633,95.621,95.633,95.621,54
2014-10-13 20:12:00,2014-10-13 20:13:00,95.592,95.59,95.593,95.585,95.621,95.617,95.621,95.612,38
2014-10-13 20:13:00,2014-10-13 20:14:00,95.59,95.591,95.591,95.583,95.617,95.62,95.62,95.612,27
2014-10-13 20:14:00,2014-10-13 20:15:00,95.591,95.57,95.591,95.56,95.62,95.597,95.619,95.589,152
2014-10-13 20:15:00,2014-10-13 20:16:00,95.57,95.585,95.594,95.565,95.597,95.615,95.623,95.594,107
2014-10-13 20:16:00,2014-10-13 20:17:00,95.585,95.574,95.585,95.564,95.615,95.607,95.613,95.593,151
2014-10-13 20:17:00,2014-10-13 20:18:00,95.574,95.579,95.59,95.574,95.607,95.615,95.624,95.607,139
2014-10-13 20:18:00,2014-10-13 20:19:00,95.579,95.577,95.58,95.568,95.615,95.608,95.615,95.599,92
2014-10-13 20:19:00,2014-10-13 20:20:00,95.577,95.558,95.577,95.557,95.608,95.59,95.605,95.586,47
2014-10-13 20:20:00,2014-10-13 20:21:00,95.558,95.544,95.561,95.542,95.59,95.574,95.591,95.571,98
2014-10-13 20:21:00,2014-10-13 20:22:00,95.544,95.535,95.555,95.51,95.574,95.564,95.587,95.542,372
2014-10-13 20:22:00,2014-10-13 20:23:00,95.535,95.51,95.547,95.506,95.564,95.54,95.578,95.536,210
2014-10-13 20:23:00,2014-10-13 20:24:00,95.51,95.486,95.529,95.485,95.54,95.517,95.558,95.517,165
2014-10-13 20:24:00,2014-10-13 20:25:00,95.486,95.492,95.5,95.449,95.517,95.521,95.53,95.482,376
2014-10-13 20:25:00,2014-10-13 20:26:00,95.492,95.481,95.498,95.473,95.521,95.511,95.526,95.504,176
2014-10-13 20:26:00,2014-10-13 20:27:00,95.481,95.501,95.515,95.48,95.511,95.536,95.547,95.511,181
2014-10-13 20:27:00,2014-10-13 20:28:00,95.501,95.543,95.543,95.49,95.536,95.577,95.577,95.52,219
2014-10-13 20:28:00,2014-10-13 20:29:00,95.543,95.518,95.543,95.504,95.577,95.55,95.577,95.536,152
2014-10-13 20:29:00,2014-10-13 20:30:00,95.518,95.45,95.519,95.441,95.55,95.482,95.55,95.475,300
2014-10-13 20:30:00,2014-10-13 20:31:00,95.45,95.462,95.474,95.446,95.482,95.495,95.509,95.478,232
2014-10-13 20:31:00,2014-10-13 20:32:00,95.462,95.471,95.472,95.45,95.495,95.503,95.503,95.485,101
2014-10-13 20:32:00,2014-10-13 20:33:00,95.471,95.501,95.52,95.47,95.503,95.534,95.556,95.505,157
2014-10-13 20:33:00,2014-10-13 20:34:00,95.501,95.441,95.503,95.435,95.534,95.47,95.534,95.469,166
2014-10-13 20:34:00,2014-10-13 20:35:00,95.441,95.447,95.455,95.433,95.47,95.481,95.484,95.462,114
2014-10-13 20:35:00,2014-10-13 20:36:00,95.447,95.447,95.464,95.441,95.481,95.481,95.498,95.475,142
2014-10-13 20:36:00,2014-10-13 20:37:00,95.447,95.478,95.479,95.443,95.481,95.512,95.512,95.474,158
2014-10-13 20:37:00,2014-10-13 20:38:00,95.478,95.458,95.491,95.458,95.512,95.494,95.523,95.494,126
2014-10-13 20:38:00,2014-10-13 20:39:00,95.458,95.467,95.482,95.454,95.494,95.504,95.52,95.493,64
2014-10-13 20:39:00,2014-10-13 20:40:00,95.467,95.432,95.467,95.432,95.504,95.467,95.502,95.466,89
2014-10-13 20:40:00,2014-10-13 20:41:00,95.432,95.433,95.461,95.422,95.467,95.47,95.497,95.457,162
2014-10-13 20:41:00,2014-10-13 20:42:00,95.433,95.415,95.448,95.414,95.47,95.454,95.477,95.454,98
2014-10-13 20:42:00,2014-10-13 20:43:00,95.415,95.4,95.421,95.397,95.454,95.432,95.457,95.432,145
2014-10-13 20:43:00,2014-10-13 20:44:00,95.4,95.418,95.422,95.393,95.432,95.447,95.454,95.426,151
2014-10-13 20:44:00,2014-10-13 20:45:00,95.418,95.403,95.425,95.402,95.447,95.434,95.46,95.425,145
2014-10-13 20:45:00,2014-10-13 20:46:00,95.403,95.424,95.425,95.4,95.434,95.454,95.459,95.431,131
2014-10-13 20:46:00,2014-10-13 20:47:00,95.424,95.416,95.425,95.413,95.454,95.449,95.459,95.447,103
2014-10-13 20:47:00,2014-10-13 20:48:00,95.416,95.399,95.417,95.386,95.449,95.433,95.452,95.416,142
2014-10-13 20:48:00,2014-10-13 20:49:00,95.399,95.379,95.408,95.362,95.433,95.413,95.439,95.402,140
2014-10-13 20:49:00,2014-10-13 20:50:00,95.379,95.42,95.424,95.372,95.413,95.459,95.461,95.407,286
2014-10-13 20:50:00,2014-10-13 20:51:00,95.42,95.432,95.439,95.411,95.459,95.468,95.475,95.438,249
2014-10-13 20:51:00,2014-10-13 20:52:00,95.432,95.425,95.438,95.418,95.468,95.461,95.468,95.453,263
2014-10-13 20:52:00,2014-10-13 20:53:00,95.425,95.434,95.438,95.42,95.461,95.466,95.474,95.451,244
2014-10-13 20:53:00,2014-10-13 20:54:00,95.434,95.43,95.444,95.427,95.466,95.462,95.476,95.458,172
2014-10-13 20:54:00,2014-10-13 20:55:00,95.43,95.432,95.437,95.422,95.462,95.464,95.47,95.458,39
2014-10-13 20:55:00,2014-10-13 20:56:00,95.432,95.407,95.431,95.402,95.464,95.444,95.464,95.435,145
2014-10-13 20:56:00,2014-10-13 20:57:00,95.407,95.402,95.405,95.394,95.444,95.439,95.444,95.432,66
2014-10-13 20:57:00,2014-10-13 20:58:00,95.402,95.4,95.405,95.375,95.439,95.453,95.454,95.429,79
2014-10-13 20:58:00,2014-10-13 20:59:00,95.4,95.375,95.405,95.375,95.453,95.464,95.464,95.426,51
2014-10-13 20:59:00,2014-10-13 21:00:00,95.375,95.37,95.385,95.345,95.464,95.439,95.509,95.419,43
2014-10-13 21:00:00,2014-10-13 21:01:00,95.37,95.38,95.397,95.37,95.439,95.436,95.436,95.416,15
2014-10-13 21:01:00,2014-10-13 21:02:00,95.38,95.37,95.37,95.36,95.436,95.412,95.436,95.405,20
2014-10-13 21:02:00,2014-10-13 21:03:00,95.37,95.365,95.395,95.365,95.412,95.445,95.445,95.412,56
2014-10-13 21:03:00,2014-10-13 21:04:00,95.365,95.367,95.375,95.357,95.445,95.426,95.432,95.416,46
2014-10-13 21:04:00,2014-10-13 21:05:00,95.367,95.36,95.371,95.355,95.426,95.412,95.425,95.411,56
2014-10-13 21:05:00,2014-10-13 21:06:00,95.36,95.36,95.365,95.345,95.412,95.401,95.412,95.392,54
2014-10-13 21:06:00,2014-10-13 21:07:00,95.36,95.346,95.367,95.346,95.401,95.388,95.406,95.386,69
2014-10-13 21:07:00,2014-10-13 21:08:00,95.346,95.351,95.359,95.345,95.388,95.387,95.393,95.382,65
2014-10-13 21:08:00,2014-10-13 21:09:00,95.351,95.364,95.365,95.348,95.387,95.403,95.403,95.383,31
2014-10-13 21:09:00,2014-10-13 21:10:00,95.364,95.388,95.392,95.364,95.403,95.432,95.432,95.403,57
2014-10-13 21:10:00,2014-10-13 21:11:00,95.388,95.396,95.406,95.388,95.432,95.436,95.441,95.427,44
2014-10-13 21:11:00,2014-10-13 21:12:00,95.396,95.416,95.416,95.386,95.436,95.463,95.463,95.431,46
2014-10-13 21:12:00,2014-10-13 21:13:00,95.416,95.439,95.439,95.407,95.463,95.482,95.486,95.451,54
2014-10-13 21:13:00,2014-10-13 21:14:00,95.439,95.454,95.455,95.438,95.482,95.485,95.487,95.478,24
2014-10-13 21:14:00,2014-10-13 21:15:00,95.454,95.459,95.466,95.448,95.485,95.489,95.49,95.479,30
2014-10-13 21:15:00,2014-10-13 21:16:00,95.459,95.468,95.469,95.46,95.489,95.492,95.495,95.487,21
2014-10-13 21:16:00,2014-10-13 21:17:00,95.468,95.484,95.484,95.464,95.492,95.51,95.512,95.49,73
2014-10-13 21:17:00,2014-10-13 21:18:00,95.484,95.47,95.492,95.465,95.51,95.507,95.513,95.504,35
2014-10-13 21:18:00,2014-10-13 21:19:00,95.47,95.475,95.485,95.47,95.507,95.51,95.526,95.509,49
2014-10-13 21:19:00,2014-10-13 21:20:00,95.475,95.454,95.48,95.454,95.51,95.499,95.524,95.494,83
2014-10-13 21:20:00,2014-10-13 21:21:00,95.454,95.465,95.465,95.452,95.499,95.501,95.501,95.485,40
2014-10-13 21:21:00,2014-10-13 21:22:00,95.465,95.46,95.461,95.46,95.501,95.5,95.503,95.499,8
2014-10-13 21:22:00,2014-10-13 21:23:00,95.46,95.47,95.47,95.461,95.5,95.504,95.504,95.499,10
2014-10-13 21:23:00,2014-10-13 21:24:00,95.47,95.455,95.47,95.455,95.504,95.492,95.5,95.491,14
2014-10-13 21:24:00,2014-10-13 21:25:00,95.455,95.456,95.456,95.44,95.492,95.496,95.497,95.477,79
2014-10-13 21:25:00,2014-10-13 21:26:00,95.456,95.454,95.456,95.445,95.496,95.494,95.496,95.485,31
2014-10-13 21:26:00,2014-10-13 21:27:00,95.454,95.444,95.455,95.437,95.494,95.484,95.495,95.472,28
2014-10-13 21:27:00,2014-10-13 21:28:00,95.444,95.447,95.453,95.439,95.484,95.488,95.493,95.479,33
2014-10-13 21:28:00,2014-10-13 21:29:00,95.447,95.458,95.458,95.442,95.488,95.494,95.499,95.481,61
2014-10-13 21:29:00,2014-10-13 21:30:00,95.458,95.48,95.485,95.452,95.494,95.519,95.519,95.489,82
2014-10-13 21:30:00,2014-10-13 21:31:00,95.48,95.467,95.484,95.467,95.519,95.504,95.525,95.502,87
2014-10-13 21:31:00,2014-10-13 21:32:00,95.467,95.474,95.485,95.466,95.504,95.507,95.521,95.502,84
2014-10-13 21:32:00,2014-10-13 21:33:00,95.474,95.465,95.495,95.442,95.507,95.513,95.536,95.482,86
2014-10-13 21:33:00,2014-10-13 21:34:00,95.465,95.484,95.496,95.461,95.513,95.524,95.53,95.507,62
2014-10-13 21:34:00,2014-10-13 21:35:00,95.484,95.499,95.501,95.483,95.524,95.537,95.537,95.524,42
2014-10-13 21:35:00,2014-10-13 21:36:00,95.499,95.508,95.511,95.493,95.537,95.548,95.548,95.529,32
2014-10-13 21:36:00,2014-10-13 21:37:00,95.508,95.527,95.529,95.509,95.548,95.564,95.568,95.548,35
2014-10-13 21:37:00,2014-10-13 21:38:00,95.527,95.511,95.529,95.505,95.564,95.549,95.566,95.545,55
2014-10-13 21:38:00,2014-10-13 21:39:00,95.511,95.53,95.534,95.509,95.549,95.554,95.572,95.546,67
2014-10-13 21:39:00,2014-10-13 21:40:00,95.53,95.496,95.537,95.495,95.554,95.529,95.567,95.529,137
2014-10-13 21:40:00,2014-10-13 21:41:00,95.496,95.485,95.496,95.48,95.529,95.532,95.536,95.52,96
2014-10-13 21:41:00,2014-10-13 21:42:00,95.485,95.496,95.498,95.486,95.532,95.534,95.534,95.525,68
2014-10-13 21:42:00,2014-10-13 21:43:00,95.496,95.499,95.505,95.494,95.534,95.535,95.537,95.531,176
2014-10-13 21:43:00,2014-10-13 21:44:00,95.499,95.495,95.504,95.494,95.535,95.524,95.537,95.524,18
2014-10-13 21:44:00,2014-10-13 21:45:00,95.495,95.489,95.495,95.484,95.524,95.524,95.528,95.519,36
2014-10-13 21:45:00,2014-10-13 21:46:00,95.489,95.493,95.497,95.481,95.524,95.524,95.529,95.514,27
2014-10-13 21:46:00,2014-10-13 21:47:00,95.493,95.495,95.501,95.492,95.524,95.529,95.529,95.524,18
2014-10-13 21:47:00,2014-10-13 21:48:00,95.495,95.497,95.5,95.494,95.529,95.535,95.535,95.529,15
2014-10-13 21:48:00,2014-10-13 21:49:00,95.497,95.508,95.513,95.49,95.535,95.542,95.543,95.524,52
2014-10-13 21:49:00,2014-10-13 21:50:00,95.508,95.515,95.525,95.506,95.542,95.556,95.559,95.542,26
2014-10-13 21:50:00,2014-10-13 21:51:00,95.515,95.526,95.526,95.515,95.556,95.565,95.567,95.554,19
2014-10-13 21:51:00,2014-10-13 21:52:00,95.526,95.528,95.539,95.526,95.565,95.57,95.579,95.565,61
2014-10-13 21:52:00,2014-10-13 21:53:00,95.528,95.537,95.541,95.524,95.57,95.579,95.579,95.563,43
2014-10-13 21:53:00,2014-10-13 21:54:00,95.537,95.537,95.547,95.525,95.579,95.579,95.591,95.564,70
2014-10-13 21:54:00,2014-10-13 21:55:00,95.537,95.553,95.564,95.537,95.579,95.589,95.599,95.574,72
2014-10-13 21:55:00,2014-10-13 21:56:00,95.553,95.564,95.566,95.553,95.589,95.599,95.603,95.584,58
2014-10-13 21:56:00,2014-10-13 21:57:00,95.564,95.565,95.566,95.563,95.599,95.599,95.599,95.599,7
2014-10-13 21:57:00,2014-10-13 21:58:00,95.565,95.575,95.577,95.56,95.599,95.608,95.608,95.591,30
2014-10-13 21:58:00,2014-10-13 21:59:00,95.575,95.575,95.582,95.573,95.608,95.613,95.617,95.608,22
2014-10-13 21:59:00,2014-10-13 22:00:00,95.575,95.561,95.58,95.559,95.613,95.602,95.614,95.601,57
2014-10-13 22:00:00,2014-10-13 22:01:00,95.561,95.565,95.566,95.56,95.602,95.595,95.602,95.594,28
2014-10-13 22:01:00,2014-10-13 22:02:00,95.565,95.578,95.578,95.566,95.595,95.608,95.608,95.595,26
2014-10-13 22:02:00,2014-10-13 22:03:00,95.578,95.581,95.584,95.563,95.608,95.611,95.613,95.593,105
2014-10-13 22:03:00,2014-10-13 22:04:00,95.581,95.58,95.581,95.567,95.611,95.61,95.61,95.597,56
2014-10-13 22:04:00,2014-10-13 22:05:00,95.58,95.596,95.599,95.575,95.61,95.626,95.63,95.605,56
2014-10-13 22:05:00,2014-10-13 22:06:00,95.596,95.602,95.604,95.592,95.626,95.63,95.634,95.621,49
2014-10-13 22:06:00,2014-10-13 22:07:00,95.602,95.626,95.626,95.596,95.63,95.657,95.657,95.627,48
2014-10-13 22:07:00,2014-10-13 22:08:00,95.626,95.632,95.639,95.621,95.657,95.662,95.669,95.651,79
2014-10-13 22:08:00,2014-10-13 22:09:00,95.632,95.625,95.647,95.623,95.662,95.655,95.674,95.654,45
2014-10-13 22:09:00,2014-10-13 22:10:00,95.625,95.596,95.622,95.586,95.655,95.626,95.652,95.616,66
2014-10-13 22:10:00,2014-10-13 22:11:00,95.596,95.607,95.611,95.597,95.626,95.637,95.641,95.626,26
2014-10-13 22:11:00,2014-10-13 22:12:00,95.607,95.595,95.605,95.591,95.637,95.621,95.636,95.62,40
2014-10-13 22:12:00,2014-10-13 22:13:00,95.595,95.59,95.595,95.585,95.621,95.618,95.623,95.615,28
2014-10-13 22:13:00,2014-10-13 22:14:00,95.59,95.59,95.595,95.59,95.618,95.62,95.622,95.614,34
2014-10-13 22:14:00,2014-10-13 22:15:00,95.59,95.595,95.595,95.591,95.62,95.621,95.621,95.62,7
2014-10-13 22:15:00,2014-10-13 22:16:00,95.595,95.59,95.595,95.587,95.621,95.621,95.622,95.617,20
2014-10-13 22:16:00,2014-10-13 22:17:00,95.59,95.602,95.602,95.585,95.621,95.632,95.633,95.615,44
2014-10-13 22:17:00,2014-10-13 22:18:00,95.602,95.594,95.602,95.594,95.632,95.624,95.631,95.624,17
2014-10-13 22:18:00,2014-10-13 22:19:00,95.594,95.583,95.596,95.581,95.624,95.613,95.626,95.612,38
2014-10-13 22:19:00,2014-10-13 22:20:00,95.583,95.583,95.586,95.572,95.613,95.609,95.614,95.603,47
2014-10-13 22:20:00,2014-10-13 22:21:00,95.583,95.559,95.579,95.559,95.609,95.589,95.609,95.589,32
2014-10-13 22:21:00,2014-10-13 22:22:00,95.559,95.564,95.577,95.561,95.589,95.594,95.607,95.589,57
2014-10-13 22:22:00,2014-10-13 22:23:00,95.564,95.556,95.566,95.553,95.594,95.587,95.596,95.583,33
2014-10-13 22:23:00,2014-10-13 22:24:00,95.556,95.561,95.561,95.557,95.587,95.591,95.591,95.587,15
2014-10-13 22:24:00,2014-10-13 22:25:00,95.561,95.561,95.561,95.559,95.591,95.589,95.591,95.589,5
2014-10-13 22:25:00,2014-10-13 22:26:00,95.561,95.562,95.563,95.559,95.589,95.593,95.593,95.589,21
2014-10-13 22:26:00,2014-10-13 22:27:00,95.562,95.566,95.566,95.563,95.593,95.596,95.596,95.593,9
2014-10-13 22:27:00,2014-10-13 22:28:00,95.566,95.561,95.566,95.561,95.596,95.591,95.595,95.591,10
2014-10-13 22:28:00,2014-10-13 22:29:00,95.561,95.549,95.562,95.549,95.591,95.58,95.593,95.58,18
2014-10-13 22:29:00,2014-10-13 22:30:00,95.549,95.528,95.552,95.524,95.58,95.558,95.582,95.554,107
2014-10-13 22:30:00,2014-10-13 22:31:00,95.528,95.537,95.545,95.522,95.558,95.567,95.574,95.552,57
2014-10-13 22:31:00,2014-10-13 22:32:00,95.537,95.548,95.548,95.538,95.567,95.577,95.577,95.567,20
2014-10-13 22:32:00,2014-10-13 22:33:00,95.548,95.562,95.567,95.544,95.577,95.592,95.596,95.574,79
2014-10-13 22:33:00,2014-10-13 22:34:00,95.562,95.561,95.565,95.561,95.592,95.591,95.595,95.59,14
2014-10-13 22:34:00,2014-10-13 22:35:00,95.561,95.554,95.564,95.549,95.591,95.584,95.594,95.579,67
2014-10-13 22:35:00,2014-10-13 22:36:00,95.554,95.558,95.561,95.552,95.584,95.589,95.591,95.582,34
2014-10-13 22:36:00,2014-10-13 22:37:00,95.558,95.57,95.57,95.555,95.589,95.6,95.6,95.586,41
2014-10-13 22:37:00,2014-10-13 22:38:00,95.57,95.586,95.587,95.57,95.6,95.616,95.618,95.6,48
2014-10-13 22:38:00,2014-10-13 22:39:00,95.586,95.581,95.586,95.581,95.616,95.612,95.616,95.612,8
2014-10-13 22:39:00,2014-10-13 22:40:00,95.581,95.582,95.583,95.575,95.612,95.612,95.614,95.605,32
2014-10-13 22:40:00,2014-10-13 22:41:00,95.582,95.571,95.582,95.571,95.612,95.601,95.613,95.601,17
2014-10-13 22:41:00,2014-10-13 22:42:00,95.571,95.564,95.571,95.561,95.601,95.595,95.599,95.592,19
2014-10-13 22:42:00,2014-10-13 22:43:00,95.564,95.564,95.565,95.564,95.595,95.595,95.595,95.593,5
2014-10-13 22:43:00,2014-10-13 22:44:00,95.564,95.575,95.577,95.566,95.595,95.605,95.608,95.595,31
2014-10-13 22:44:00,2014-10-13 22:45:00,95.575,95.588,95.588,95.574,95.605,95.618,95.618,95.604,29
2014-10-13 22:45:00,2014-10-13 22:46:00,95.588,95.584,95.594,95.584,95.618,95.614,95.625,95.614,34
2014-10-13 22:46:00,2014-10-13 22:47:00,95.584,95.568,95.584,95.567,95.614,95.599,95.613,95.597,30
2014-10-13 22:47:00,2014-10-13 22:48:00,95.568,95.578,95.578,95.572,95.599,95.608,95.608,95.599,21
2014-10-13 22:48:00,2014-10-13 22:49:00,95.578,95.57,95.578,95.566,95.608,95.598,95.607,95.595,24
2014-10-13 22:49:00,2014-10-13 22:50:00,95.57,95.573,95.575,95.566,95.598,95.603,95.604,95.596,36
2014-10-13 22:50:00,2014-10-13 22:51:00,95.573,95.577,95.577,95.574,95.603,95.607,95.607,95.603,13
2014-10-13 22:51:00,2014-10-13 22:52:00,95.577,95.582,95.583,95.577,95.607,95.612,95.614,95.604,17
2014-10-13 22:52:00,2014-10-13 22:53:00,95.582,95.573,95.583,95.569,95.612,95.603,95.61,95.6,34
2014-10-13 22:53:00,2014-10-13 22:54:00,95.573,95.578,95.584,95.57,95.603,95.608,95.613,95.601,42
2014-10-13 22:54:00,2014-10-13 22:55:00,95.578,95.579,95.581,95.57,95.608,95.609,95.611,95.597,43
2014-10-13 22:55:00,2014-10-13 22:56:00,95.579,95.575,95.579,95.575,95.609,95.605,95.607,95.605,11
2014-10-13 22:56:00,2014-10-13 22:57:00,95.575,95.57,95.578,95.567,95.605,95.598,95.608,95.597,32
2014-10-13 22:57:00,2014-10-13 22:58:00,95.57,95.562,95.57,95.562,95.598,95.592,95.6,95.592,35
2014-10-13 22:58:00,2014-10-13 22:59:00,95.562,95.56,95.564,95.554,95.592,95.59,95.594,95.583,25
2014-10-13 22:59:00,2014-10-13 23:00:00,95.56,95.555,95.567,95.554,95.59,95.585,95.594,95.583,36
2014-10-13 23:00:00,2014-10-13 23:01:00,95.555,95.555,95.559,95.552,95.585,95.58,95.588,95.579,50
2014-10-13 23:01:00,2014-10-13 23:02:00,95.555,95.553,95.555,95.553,95.58,95.579,95.583,95.578,11
2014-10-13 23:02:00,2014-10-13 23:03:00,95.553,95.562,95.569,95.553,95.579,95.585,95.589,95.578,75
2014-10-13 23:03:00,2014-10-13 23:04:00,95.562,95.565,95.567,95.56,95.585,95.585,95.589,95.58,37
2014-10-13 23:04:00,2014-10-13 23:05:00,95.565,95.563,95.567,95.559,95.585,95.588,95.59,95.583,36
2014-10-13 23:05:00,2014-10-13 23:06:00,95.563,95.565,95.575,95.561,95.588,95.589,95.597,95.582,130
2014-10-13 23:06:00,2014-10-13 23:07:00,95.565,95.55,95.565,95.55,95.589,95.574,95.589,95.571,35
2014-10-13 23:07:00,2014-10-13 23:08:00,95.55,95.562,95.568,95.55,95.574,95.587,95.594,95.575,36
2014-10-13 23:08:00,2014-10-13 23:09:00,95.562,95.555,95.56,95.553,95.587,95.579,95.587,95.578,31
2014-10-13 23:09:00,2014-10-13 23:10:00,95.555,95.556,95.556,95.554,95.579,95.58,95.58,95.58,4
2014-10-13 23:10:00,2014-10-13 23:11:00,95.556,95.552,95.554,95.55,95.58,95.579,95.58,95.579,8
2014-10-13 23:11:00,2014-10-13 23:12:00,95.552,95.548,95.558,95.548,95.579,95.578,95.586,95.573,53
2014-10-13 23:12:00,2014-10-13 23:13:00,95.548,95.547,95.552,95.547,95.578,95.577,95.579,95.577,11
2014-10-13 23:13:00,2014-10-13 23:14:00,95.547,95.546,95.547,95.545,95.577,95.574,95.576,95.573,7
2014-10-13 23:14:00,2014-10-13 23:15:00,95.546,95.545,95.55,95.537,95.574,95.57,95.573,95.564,52
2014-10-13 23:15:00,2014-10-13 23:16:00,95.545,95.553,95.557,95.547,95.57,95.582,95.586,95.57,39
2014-10-13 23:16:00,2014-10-13 23:17:00,95.553,95.546,95.553,95.546,95.582,95.576,95.582,95.574,28
2014-10-13 23:17:00,2014-10-13 23:18:00,95.546,95.552,95.554,95.546,95.576,95.579,95.583,95.575,36
2014-10-13 23:18:00,2014-10-13 23:19:00,95.552,95.55,95.557,95.547,95.579,95.579,95.585,95.575,42
2014-10-13 23:19:00,2014-10-13 23:20:00,95.55,95.554,95.557,95.55,95.579,95.583,95.583,95.579,19
2014-10-13 23:20:00,2014-10-13 23:21:00,95.554,95.551,95.558,95.547,95.583,95.579,95.586,95.574,40
2014-10-13 23:21:00,2014-10-13 23:22:00,95.551,95.526,95.551,95.523,95.579,95.554,95.578,95.551,134
2014-10-13 23:22:00,2014-10-13 23:23:00,95.526,95.521,95.53,95.513,95.554,95.55,95.555,95.539,110
2014-10-13 23:23:00,2014-10-13 23:24:00,95.521,95.526,95.526,95.517,95.55,95.554,95.554,95.544,63
2014-10-13 23:24:00,2014-10-13 23:25:00,95.526,95.509,95.535,95.502,95.554,95.537,95.561,95.53,141
2014-10-13 23:25:00,2014-10-13 23:26:00,95.509,95.524,95.526,95.51,95.537,95.552,95.553,95.536,70
2014-10-13 23:26:00,2014-10-13 23:27:00,95.524,95.533,95.535,95.521,95.552,95.561,95.562,95.548,72
2014-10-13 23:27:00,2014-10-13 23:28:00,95.533,95.536,95.54,95.534,95.561,95.563,95.567,95.561,25
2014-10-13 23:28:00,2014-10-13 23:29:00,95.536,95.538,95.538,95.527,95.563,95.566,95.566,95.554,103
2014-10-13 23:29:00,2014-10-13 23:30:00,95.538,95.558,95.561,95.539,95.566,95.588,95.59,95.566,141
2014-10-13 23:30:00,2014-10-13 23:31:00,95.558,95.557,95.559,95.555,95.588,95.585,95.589,95.583,17
2014-10-13 23:31:00,2014-10-13 23:32:00,95.557,95.557,95.559,95.557,95.585,95.585,95.587,95.584,9
2014-10-13 23:32:00,2014-10-13 23:33:00,95.557,95.573,95.579,95.558,95.585,95.603,95.608,95.584,115
2014-10-13 23:33:00,2014-10-13 23:34:00,95.573,95.556,95.573,95.556,95.603,95.584,95.602,95.584,43
2014-10-13 23:34:00,2014-10-13 23:35:00,95.556,95.558,95.558,95.556,95.584,95.585,95.587,95.585,8
2014-10-13 23:35:00,2014-10-13 23:36:00,95.558,95.56,95.561,95.554,95.585,95.589,95.589,95.581,18
2014-10-13 23:36:00,2014-10-13 23:37:00,95.56,95.557,95.561,95.557,95.589,95.583,95.589,95.583,23
2014-10-13 23:37:00,2014-10-13 23:38:00,95.557,95.57,95.57,95.555,95.583,95.598,95.599,95.581,97
2014-10-13 23:38:00,2014-10-13 23:39:00,95.57,95.579,95.58,95.564,95.598,95.603,95.609,95.593,106
2014-10-13 23:39:00,2014-10-13 23:40:00,95.579,95.581,95.584,95.573,95.603,95.607,95.607,95.599,79
2014-10-13 23:40:00,2014-10-13 23:41:00,95.581,95.565,95.583,95.561,95.607,95.593,95.605,95.589,75
2014-10-13 23:41:00,2014-10-13 23:42:00,95.565,95.569,95.569,95.558,95.593,95.596,95.596,95.587,28
2014-10-13 23:42:00,2014-10-13 23:43:00,95.569,95.575,95.58,95.566,95.596,95.604,95.607,95.596,43
2014-10-13 23:43:00,2014-10-13 23:44:00,95.575,95.578,95.587,95.577,95.604,95.606,95.613,95.604,56
2014-10-13 23:44:00,2014-10-13 23:45:00,95.578,95.568,95.586,95.568,95.606,95.595,95.613,95.595,67
2014-10-13 23:45:00,2014-10-13 23:46:00,95.568,95.55,95.567,95.55,95.595,95.579,95.595,95.579,33
2014-10-13 23:46:00,2014-10-13 23:47:00,95.55,95.557,95.559,95.545,95.579,95.586,95.587,95.575,32
2014-10-13 23:47:00,2014-10-13 23:48:00,95.557,95.553,95.558,95.552,95.586,95.582,95.586,95.58,33
2014-10-13 23:48:00,2014-10-13 23:49:00,95.553,95.55,95.557,95.548,95.582,95.579,95.587,95.576,46
2014-10-13 23:49:00,2014-10-13 23:50:00,95.55,95.562,95.567,95.55,95.579,95.59,95.593,95.579,39
2014-10-13 23:50:00,2014-10-13 23:51:00,95.562,95.562,95.57,95.562,95.59,95.59,95.597,95.59,30
2014-10-13 23:51:00,2014-10-13 23:52:00,95.562,95.558,95.562,95.55,95.59,95.588,95.588,95.579,32
2014-10-13 23:52:00,2014-10-13 23:53:00,95.558,95.562,95.566,95.552,95.588,95.59,95.593,95.581,79
2014-10-13 23:53:00,2014-10-13 23:54:00,95.562,95.563,95.564,95.56,95.59,95.591,95.593,95.588,21
2014-10-13 23:54:00,2014-10-13 23:55:00,95.563,95.553,95.562,95.543,95.591,95.58,95.591,95.57,54
2014-10-13 23:55:00,2014-10-13 23:56:00,95.553,95.547,95.554,95.545,95.58,95.576,95.58,95.57,32
2014-10-13 23:56:00,2014-10-13 23:57:00,95.547,95.512,95.547,95.507,95.576,95.538,95.575,95.534,86
2014-10-13 23:57:00,2014-10-13 23:58:00,95.512,95.516,95.521,95.512,95.538,95.543,95.546,95.539,40
2014-10-13 23:58:00,2014-10-13 23:59:00,95.516,95.511,95.516,95.507,95.543,95.536,95.544,95.534,54
2014-10-13 23:59:00,2014-10-14 00:00:00,95.511,95.539,95.544,95.507,95.536,95.562,95.573,95.535,145
2014-10-14 00:00:00,2014-10-14 00:01:00,95.539,95.549,95.558,95.539,95.562,95.576,95.586,95.562,166
2014-10-14 00:01:00,2014-10-14 00:02:00,95.549,95.576,95.582,95.549,95.576,95.604,95.609,95.576,127
2014-10-14 00:02:00,2014-10-14 00:03:00,95.576,95.556,95.582,95.547,95.604,95.584,95.607,95.577,149
2014-10-14 00:03:00,2014-10-14 00:04:00,95.556,95.576,95.58,95.554,95.584,95.6,95.604,95.581,104
2014-10-14 00:04:00,2014-10-14 00:05:00,95.576,95.558,95.575,95.55,95.6,95.585,95.6,95.578,192
2014-10-14 00:05:00,2014-10-14 00:06:00,95.558,95.568,95.573,95.544,95.585,95.598,95.6,95.571,145
2014-10-14 00:06:00,2014-10-14 00:07:00,95.568,95.58,95.586,95.561,95.598,95.61,95.614,95.592,114
2014-10-14 00:07:00,2014-10-14 00:08:00,95.58,95.597,95.597,95.575,95.61,95.624,95.624,95.603,152
2014-10-14 00:08:00,2014-10-14 00:09:00,95.597,95.586,95.608,95.586,95.624,95.616,95.639,95.616,135
2014-10-14 00:09:00,2014-10-14 00:10:00,95.586,95.575,95.586,95.57,95.616,95.604,95.616,95.6,94
2014-10-14 00:10:00,2014-10-14 00:11:00,95.575,95.578,95.581,95.57,95.604,95.606,95.608,95.595,54
2014-10-14 00:11:00,2014-10-14 00:12:00,95.578,95.561,95.578,95.561,95.606,95.59,95.605,95.589,99
2014-10-14 00:12:00,2014-10-14 00:13:00,95.561,95.574,95.574,95.554,95.59,95.601,95.604,95.583,179
2014-10-14 00:13:00,2014-10-14 00:14:00,95.574,95.555,95.574,95.554,95.601,95.581,95.598,95.581,161
2014-10-14 00:14:00,2014-10-14 00:15:00,95.555,95.541,95.564,95.54,95.581,95.569,95.591,95.565,136
2014-10-14 00:15:00,2014-10-14 00:16:00,95.541,95.535,95.542,95.532,95.569,95.562,95.569,95.561,41
2014-10-14 00:16:00,2014-10-14 00:17:00,95.535,95.528,95.538,95.523,95.562,95.555,95.568,95.552,113
2014-10-14 00:17:00,2014-10-14 00:18:00,95.528,95.532,95.547,95.527,95.555,95.561,95.575,95.554,169
2014-10-14 00:18:00,2014-10-14 00:19:00,95.532,95.529,95.538,95.522,95.561,95.555,95.561,95.55,122
2014-10-14 00:19:00,2014-10-14 00:20:00,95.529,95.524,95.535,95.522,95.555,95.551,95.559,95.548,90
2014-10-14 00:20:00,2014-10-14 00:21:00,95.524,95.521,95.532,95.521,95.551,95.548,95.557,95.548,65
2014-10-14 00:21:00,2014-10-14 00:22:00,95.521,95.507,95.53,95.507,95.548,95.534,95.553,95.534,127
2014-10-14 00:22:00,2014-10-14 00:23:00,95.507,95.504,95.51,95.501,95.534,95.53,95.536,95.529,64
2014-10-14 00:23:00,2014-10-14 00:24:00,95.504,95.51,95.514,95.491,95.53,95.536,95.536,95.518,97
2014-10-14 00:24:00,2014-10-14 00:25:00,95.51,95.51,95.517,95.508,95.536,95.536,95.539,95.532,49
2014-10-14 00:25:00,2014-10-14 00:26:00,95.51,95.518,95.526,95.502,95.536,95.547,95.553,95.528,220
2014-10-14 00:26:00,2014-10-14 00:27:00,95.518,95.542,95.546,95.518,95.547,95.572,95.576,95.546,122
2014-10-14 00:27:00,2014-10-14 00:28:00,95.542,95.532,95.543,95.53,95.572,95.562,95.573,95.559,79
2014-10-14 00:28:00,2014-10-14 00:29:00,95.532,95.521,95.537,95.518,95.562,95.548,95.567,95.541,144
2014-10-14 00:29:00,2014-10-14 00:30:00,95.521,95.521,95.526,95.504,95.548,95.548,95.555,95.53,181
2014-10-14 00:30:00,2014-10-14 00:31:00,95.521,95.523,95.53,95.521,95.548,95.552,95.558,95.547,75
2014-10-14 00:31:00,2014-10-14 00:32:00,95.523,95.526,95.534,95.522,95.552,95.552,95.561,95.551,90
2014-10-14 00:32:00,2014-10-14 00:33:00,95.526,95.523,95.525,95.519,95.552,95.551,95.552,95.544,52
2014-10-14 00:33:00,2014-10-14 00:34:00,95.523,95.519,95.529,95.519,95.551,95.548,95.555,95.543,89
2014-10-14 00:34:00,2014-10-14 00:35:00,95.519,95.53,95.539,95.519,95.548,95.559,95.566,95.544,86
2014-10-14 00:35:00,2014-10-14 00:36:00,95.53,95.538,95.538,95.528,95.559,95.563,95.565,95.555,32
2014-10-14 00:36:00,2014-10-14 00:37:00,95.538,95.55,95.55,95.531,95.563,95.576,95.576,95.558,115
2014-10-14 00:37:00,2014-10-14 00:38:00,95.55,95.564,95.571,95.55,95.576,95.589,95.602,95.58,114
2014-10-14 00:38:00,2014-10-14 00:39:00,95.564,95.553,95.567,95.551,95.589,95.577,95.594,95.575,131
2014-10-14 00:39:00,2014-10-14 00:40:00,95.553,95.558,95.558,95.541,95.577,95.581,95.583,95.566,85
2014-10-14 00:40:00,2014-10-14 00:41:00,95.558,95.552,95.561,95.552,95.581,95.58,95.585,95.578,44
2014-10-14 00:41:00,2014-10-14 00:42:00,95.552,95.554,95.554,95.543,95.58,95.579,95.581,95.572,61
2014-10-14 00:42:00,2014-10-14 00:43:00,95.554,95.544,95.557,95.544,95.579,95.571,95.583,95.571,45
2014-10-14 00:43:00,2014-10-14 00:44:00,95.544,95.545,95.545,95.54,95.571,95.566,95.574,95.563,57
2014-10-14 00:44:00,2014-10-14 00:45:00,95.545,95.535,95.545,95.529,95.566,95.563,95.567,95.555,62
2014-10-14 00:45:00,2014-10-14 00:46:00,95.535,95.55,95.557,95.535,95.563,95.579,95.584,95.564,144
2014-10-14 00:46:00,2014-10-14 00:47:00,95.55,95.539,95.551,95.539,95.579,95.568,95.58,95.564,64
2014-10-14 00:47:00,2014-10-14 00:48:00,95.539,95.533,95.539,95.528,95.568,95.56,95.568,95.555,98
2014-10-14 00:48:00,2014-10-14 00:49:00,95.533,95.533,95.541,95.526,95.56,95.561,95.568,95.554,77
2014-10-14 00:49:00,2014-10-14 00:50:00,95.533,95.507,95.533,95.505,95.561,95.536,95.56,95.531,72
2014-10-14 00:50:00,2014-10-14 00:51:00,95.507,95.503,95.519,95.503,95.536,95.532,95.547,95.53,72
2014-10-14 00:51:00,2014-10-14 00:52:00,95.503,95.51,95.513,95.502,95.532,95.538,95.54,95.532,100
2014-10-14 00:52:00,2014-10-14 00:53:00,95.51,95.515,95.519,95.505,95.538,95.539,95.547,95.534,137
2014-10-14 00:53:00,2014-10-14 00:54:00,95.515,95.506,95.531,95.503,95.539,95.535,95.558,95.526,252
2014-10-14 00:54:00,2014-10-14 00:55:00,95.506,95.483,95.514,95.47,95.535,95.509,95.542,95.499,203
2014-10-14 00:55:00,2014-10-14 00:56:00,95.483,95.496,95.5,95.47,95.509,95.527,95.528,95.494,218
2014-10-14 00:56:00,2014-10-14 00:57:00,95.496,95.501,95.506,95.485,95.527,95.525,95.532,95.509,156
2014-10-14 00:57:00,2014-10-14 00:58:00,95.501,95.51,95.512,95.496,95.525,95.537,95.539,95.519,153
2014-10-14 00:58:00,2014-10-14 00:59:00,95.51,95.519,95.531,95.51,95.537,95.548,95.559,95.538,74
2014-10-14 00:59:00,2014-10-14 01:00:00,95.519,95.512,95.523,95.512,95.548,95.537,95.551,95.537,125
2014-10-14 01:00:00,2014-10-14 01:01:00,95.512,95.533,95.537,95.506,95.537,95.561,95.563,95.531,119
2014-10-14 01:01:00,2014-10-14 01:02:00,95.533,95.538,95.542,95.522,95.561,95.566,95.568,95.548,138
2014-10-14 01:02:00,2014-10-14 01:03:00,95.538,95.555,95.563,95.533,95.566,95.579,95.591,95.561,180
2014-10-14 01:03:00,2014-10-14 01:04:00,95.555,95.548,95.56,95.548,95.579,95.576,95.589,95.574,110
2014-10-14 01:04:00,2014-10-14 01:05:00,95.548,95.555,95.555,95.54,95.576,95.581,95.581,95.567,65
2014-10-14 01:05:00,2014-10-14 01:06:00,95.555,95.528,95.553,95.524,95.581,95.554,95.581,95.548,112
2014-10-14 01:06:00,2014-10-14 01:07:00,95.528,95.54,95.547,95.529,95.554,95.567,95.574,95.554,57
2014-10-14 01:07:00,2014-10-14 01:08:00,95.54,95.526,95.54,95.526,95.567,95.553,95.566,95.552,80
2014-10-14 01:08:00,2014-10-14 01:09:00,95.526,95.531,95.542,95.522,95.553,95.559,95.566,95.548,128
2014-10-14 01:09:00,2014-10-14 01:10:00,95.531,95.531,95.531,95.529,95.559,95.557,95.559,95.554,20
2014-10-14 01:10:00,2014-10-14 01:11:00,95.531,95.525,95.531,95.523,95.557,95.55,95.558,95.55,54
2014-10-14 01:11:00,2014-10-14 01:12:00,95.525,95.53,95.53,95.521,95.55,95.556,95.557,95.546,74
2014-10-14 01:12:00,2014-10-14 01:13:00,95.53,95.531,95.531,95.529,95.556,95.559,95.559,95.553,9
2014-10-14 01:13:00,2014-10-14 01:14:00,95.531,95.532,95.538,95.524,95.559,95.558,95.562,95.547,107
2014-10-14 01:14:00,2014-10-14 01:15:00,95.532,95.54,95.54,95.529,95.558,95.567,95.567,95.557,83
2014-10-14 01:15:00,2014-10-14 01:16:00,95.54,95.557,95.56,95.54,95.567,95.582,95.586,95.568,121
2014-10-14 01:16:00,2014-10-14 01:17:00,95.557,95.561,95.562,95.545,95.582,95.589,95.589,95.572,108
2014-10-14 01:17:00,2014-10-14 01:18:00,95.561,95.582,95.588,95.56,95.589,95.607,95.611,95.589,153
2014-10-14 01:18:00,2014-10-14 01:19:00,95.582,95.61,95.611,95.583,95.607,95.641,95.641,95.607,85
2014-10-14 01:19:00,2014-10-14 01:20:00,95.61,95.612,95.625,95.601,95.641,95.64,95.652,95.629,221
2014-10-14 01:20:00,2014-10-14 01:21:00,95.612,95.621,95.621,95.607,95.64,95.644,95.648,95.632,117
2014-10-14 01:21:00,2014-10-14 01:22:00,95.621,95.612,95.635,95.611,95.644,95.637,95.662,95.633,76
2014-10-14 01:22:00,2014-10-14 01:23:00,95.612,95.612,95.613,95.605,95.637,95.636,95.64,95.629,39
2014-10-14 01:23:00,2014-10-14 01:24:00,95.612,95.608,95.612,95.606,95.636,95.63,95.637,95.63,79
2014-10-14 01:24:00,2014-10-14 01:25:00,95.608,95.646,95.653,95.602,95.63,95.676,95.683,95.624,203
2014-10-14 01:25:00,2014-10-14 01:26:00,95.646,95.659,95.668,95.646,95.676,95.688,95.696,95.669,140
2014-10-14 01:26:00,2014-10-14 01:27:00,95.659,95.679,95.697,95.659,95.688,95.709,95.725,95.689,152
2014-10-14 01:27:00,2014-10-14 01:28:00,95.679,95.677,95.679,95.661,95.709,95.706,95.709,95.689,125
2014-10-14 01:28:00,2014-10-14 01:29:00,95.677,95.693,95.694,95.673,95.706,95.722,95.722,95.702,107
2014-10-14 01:29:00,2014-10-14 01:30:00,95.693,95.688,95.693,95.673,95.722,95.715,95.721,95.7,130
2014-10-14 01:30:00,2014-10-14 01:31:00,95.688,95.688,95.696,95.682,95.715,95.714,95.724,95.71,125
2014-10-14 01:31:00,2014-10-14 01:32:00,95.688,95.669,95.689,95.669,95.714,95.697,95.714,95.694,53
2014-10-14 01:32:00,2014-10-14 01:33:00,95.669,95.665,95.672,95.661,95.697,95.688,95.699,95.688,102
2014-10-14 01:33:00,2014-10-14 01:34:00,95.665,95.666,95.68,95.66,95.688,95.693,95.703,95.682,110
2014-10-14 01:34:00,2014-10-14 01:35:00,95.666,95.671,95.672,95.658,95.693,95.696,95.698,95.683,67
2014-10-14 01:35:00,2014-10-14 01:36:00,95.671,95.658,95.672,95.658,95.696,95.686,95.698,95.685,36
2014-10-14 01:36:00,2014-10-14 01:37:00,95.658,95.658,95.666,95.656,95.686,95.683,95.694,95.681,96
2014-10-14 01:37:00,2014-10-14 01:38:00,95.658,95.673,95.673,95.651,95.683,95.7,95.7,95.679,88
2014-10-14 01:38:00,2014-10-14 01:39:00,95.673,95.658,95.673,95.657,95.7,95.685,95.703,95.684,46
2014-10-14 01:39:00,2014-10-14 01:40:00,95.658,95.661,95.672,95.657,95.685,95.688,95.699,95.684,112
2014-10-14 01:40:00,2014-10-14 01:41:00,95.661,95.681,95.689,95.656,95.688,95.706,95.718,95.682,145
2014-10-14 01:41:00,2014-10-14 01:42:00,95.681,95.673,95.688,95.672,95.706,95.699,95.715,95.697,114
2014-10-14 01:42:00,2014-10-14 01:43:00,95.673,95.672,95.673,95.66,95.699,95.698,95.699,95.687,125
2014-10-14 01:43:00,2014-10-14 01:44:00,95.672,95.671,95.677,95.665,95.698,95.699,95.701,95.691,81
2014-10-14 01:44:00,2014-10-14 01:45:00,95.671,95.674,95.68,95.667,95.699,95.699,95.705,95.694,56
2014-10-14 01:45:00,2014-10-14 01:46:00,95.674,95.68,95.685,95.674,95.699,95.704,95.713,95.699,98
2014-10-14 01:46:00,2014-10-14 01:47:00,95.68,95.674,95.68,95.672,95.704,95.702,95.707,95.7,42
2014-10-14 01:47:00,2014-10-14 01:48:00,95.674,95.663,95.674,95.66,95.702,95.689,95.702,95.689,124
2014-10-14 01:48:00,2014-10-14 01:49:00,95.663,95.67,95.672,95.663,95.689,95.698,95.701,95.69,54
2014-10-14 01:49:00,2014-10-14 01:50:00,95.67,95.677,95.686,95.67,95.698,95.705,95.715,95.697,101
2014-10-14 01:50:00,2014-10-14 01:51:00,95.677,95.7,95.704,95.677,95.705,95.726,95.73,95.703,138
2014-10-14 01:51:00,2014-10-14 01:52:00,95.7,95.7,95.703,95.691,95.726,95.725,95.73,95.719,74
2014-10-14 01:52:00,2014-10-14 01:53:00,95.7,95.712,95.714,95.691,95.725,95.741,95.743,95.717,97
2014-10-14 01:53:00,2014-10-14 01:54:00,95.712,95.723,95.726,95.714,95.741,95.748,95.752,95.74,94
2014-10-14 01:54:00,2014-10-14 01:55:00,95.723,95.731,95.733,95.72,95.748,95.757,95.758,95.74,75
2014-10-14 01:55:00,2014-10-14 01:56:00,95.731,95.738,95.738,95.723,95.757,95.763,95.763,95.748,109
2014-10-14 01:56:00,2014-10-14 01:57:00,95.738,95.73,95.738,95.723,95.763,95.752,95.762,95.747,50
2014-10-14 01:57:00,2014-10-14 01:58:00,95.73,95.725,95.737,95.72,95.752,95.751,95.761,95.745,75
2014-10-14 01:58:00,2014-10-14 01:59:00,95.725,95.731,95.731,95.72,95.751,95.755,95.756,95.744,64
2014-10-14 01:59:00,2014-10-14 02:00:00,95.731,95.732,95.738,95.731,95.755,95.761,95.764,95.756,60
2014-10-14 02:00:00,2014-10-14 02:01:00,95.732,95.73,95.738,95.729,95.761,95.757,95.763,95.752,80
2014-10-14 02:01:00,2014-10-14 02:02:00,95.73,95.731,95.731,95.719,95.757,95.758,95.758,95.746,64
2014-10-14 02:02:00,2014-10-14 02:03:00,95.731,95.736,95.745,95.731,95.758,95.761,95.771,95.758,51
2014-10-14 02:03:00,2014-10-14 02:04:00,95.736,95.76,95.761,95.736,95.761,95.782,95.784,95.762,126
2014-10-14 02:04:00,2014-10-14 02:05:00,95.76,95.758,95.773,95.756,95.782,95.786,95.801,95.783,128
2014-10-14 02:05:00,2014-10-14 02:06:00,95.758,95.764,95.764,95.756,95.786,95.79,95.792,95.783,50
2014-10-14 02:06:00,2014-10-14 02:07:00,95.764,95.762,95.771,95.762,95.79,95.787,95.795,95.784,78
2014-10-14 02:07:00,2014-10-14 02:08:00,95.762,95.741,95.762,95.733,95.787,95.762,95.787,95.761,162
2014-10-14 02:08:00,2014-10-14 02:09:00,95.741,95.741,95.75,95.734,95.762,95.768,95.776,95.762,67
2014-10-14 02:09:00,2014-10-14 02:10:00,95.741,95.736,95.745,95.732,95.768,95.763,95.77,95.759,98
2014-10-14 02:10:00,2014-10-14 02:11:00,95.736,95.741,95.745,95.732,95.763,95.769,95.769,95.758,88
2014-10-14 02:11:00,2014-10-14 02:12:00,95.741,95.743,95.747,95.739,95.769,95.77,95.77,95.767,43
2014-10-14 02:12:00,2014-10-14 02:13:00,95.743,95.748,95.752,95.738,95.77,95.774,95.777,95.764,118
2014-10-14 02:13:00,2014-10-14 02:14:00,95.748,95.737,95.753,95.737,95.774,95.763,95.777,95.762,94
2014-10-14 02:14:00,2014-10-14 02:15:00,95.737,95.735,95.741,95.733,95.763,95.761,95.767,95.76,98
2014-10-14 02:15:00,2014-10-14 02:16:00,95.735,95.745,95.751,95.735,95.761,95.773,95.779,95.758,141
2014-10-14 02:16:00,2014-10-14 02:17:00,95.745,95.733,95.745,95.732,95.773,95.763,95.771,95.759,157
2014-10-14 02:17:00,2014-10-14 02:18:00,95.733,95.754,95.755,95.736,95.763,95.782,95.782,95.763,134
2014-10-14 02:18:00,2014-10-14 02:19:00,95.754,95.736,95.76,95.733,95.782,95.761,95.785,95.761,194
2014-10-14 02:19:00,2014-10-14 02:20:00,95.736,95.734,95.742,95.732,95.761,95.763,95.768,95.758,104
2014-10-14 02:20:00,2014-10-14 02:21:00,95.734,95.743,95.756,95.729,95.763,95.768,95.781,95.756,169
2014-10-14 02:21:00,2014-10-14 02:22:00,95.743,95.773,95.777,95.741,95.768,95.8,95.805,95.766,139
2014-10-14 02:22:00,2014-10-14 02:23:00,95.773,95.801,95.816,95.774,95.8,95.824,95.841,95.8,292
2014-10-14 02:23:00,2014-10-14 02:24:00,95.801,95.79,95.809,95.784,95.824,95.817,95.837,95.808,182
2014-10-14 02:24:00,2014-10-14 02:25:00,95.79,95.787,95.793,95.783,95.817,95.813,95.818,95.805,132
2014-10-14 02:25:00,2014-10-14 02:26:00,95.787,95.813,95.83,95.778,95.813,95.841,95.856,95.801,279
2014-10-14 02:26:00,2014-10-14 02:27:00,95.813,95.809,95.823,95.801,95.841,95.838,95.849,95.829,251
2014-10-14 02:27:00,2014-10-14 02:28:00,95.809,95.811,95.819,95.802,95.838,95.838,95.846,95.829,157
2014-10-14 02:28:00,2014-10-14 02:29:00,95.811,95.768,95.811,95.768,95.838,95.795,95.835,95.795,236
2014-10-14 02:29:00,2014-10-14 02:30:00,95.768,95.764,95.774,95.757,95.795,95.79,95.801,95.781,209
2014-10-14 02:30:00,2014-10-14 02:31:00,95.764,95.753,95.766,95.753,95.79,95.779,95.795,95.777,159
2014-10-14 02:31:00,2014-10-14 02:32:00,95.753,95.767,95.771,95.753,95.779,95.794,95.798,95.779,114
2014-10-14 02:32:00,2014-10-14 02:33:00,95.767,95.762,95.767,95.754,95.794,95.79,95.796,95.78,69
2014-10-14 02:33:00,2014-10-14 02:34:00,95.762,95.761,95.762,95.752,95.79,95.784,95.79,95.78,45
2014-10-14 02:34:00,2014-10-14 02:35:00,95.761,95.773,95.773,95.759,95.784,95.797,95.799,95.783,115
2014-10-14 02:35:00,2014-10-14 02:36:00,95.773,95.799,95.801,95.771,95.797,95.827,95.828,95.795,187
2014-10-14 02:36:00,2014-10-14 02:37:00,95.799,95.802,95.809,95.796,95.827,95.827,95.837,95.824,145
2014-10-14 02:37:00,2014-10-14 02:38:00,95.802,95.792,95.8,95.784,95.827,95.82,95.827,95.809,130
2014-10-14 02:38:00,2014-10-14 02:39:00,95.792,95.771,95.795,95.771,95.82,95.798,95.822,95.798,143
2014-10-14 02:39:00,2014-10-14 02:40:00,95.771,95.762,95.772,95.761,95.798,95.79,95.798,95.787,192
2014-10-14 02:40:00,2014-10-14 02:41:00,95.762,95.756,95.763,95.754,95.79,95.783,95.79,95.781,41
2014-10-14 02:41:00,2014-10-14 02:42:00,95.756,95.76,95.762,95.753,95.783,95.785,95.79,95.78,50
2014-10-14 02:42:00,2014-10-14 02:43:00,95.76,95.758,95.76,95.758,95.785,95.786,95.788,95.785,12
2014-10-14 02:43:00,2014-10-14 02:44:00,95.758,95.755,95.758,95.753,95.786,95.783,95.785,95.781,29
2014-10-14 02:44:00,2014-10-14 02:45:00,95.755,95.75,95.761,95.748,95.783,95.778,95.789,95.776,83
2014-10-14 02:45:00,2014-10-14 02:46:00,95.75,95.746,95.752,95.746,95.778,95.773,95.779,95.771,51
2014-10-14 02:46:00,2014-10-14 02:47:00,95.746,95.749,95.753,95.744,95.773,95.777,95.78,95.77,131
2014-10-14 02:47:00,2014-10-14 02:48:00,95.749,95.75,95.757,95.75,95.777,95.778,95.783,95.777,38
2014-10-14 02:48:00,2014-10-14 02:49:00,95.75,95.734,95.755,95.733,95.778,95.762,95.781,95.761,124
2014-10-14 02:49:00,2014-10-14 02:50:00,95.734,95.748,95.75,95.735,95.762,95.776,95.777,95.762,76
2014-10-14 02:50:00,2014-10-14 02:51:00,95.748,95.747,95.749,95.74,95.776,95.773,95.777,95.765,84
2014-10-14 02:51:00,2014-10-14 02:52:00,95.747,95.74,95.748,95.74,95.773,95.766,95.776,95.766,45
2014-10-14 02:52:00,2014-10-14 02:53:00,95.74,95.741,95.742,95.737,95.766,95.766,95.768,95.763,22
2014-10-14 02:53:00,2014-10-14 02:54:00,95.741,95.738,95.741,95.738,95.766,95.766,95.767,95.764,12
2014-10-14 02:54:00,2014-10-14 02:55:00,95.738,95.745,95.747,95.736,95.766,95.774,95.775,95.764,31
2014-10-14 02:55:00,2014-10-14 02:56:00,95.745,95.748,95.757,95.746,95.774,95.776,95.783,95.774,60
2014-10-14 02:56:00,2014-10-14 02:57:00,95.748,95.753,95.755,95.748,95.776,95.78,95.781,95.775,110
2014-10-14 02:57:00,2014-10-14 02:58:00,95.753,95.748,95.753,95.747,95.78,95.774,95.781,95.773,21
2014-10-14 02:58:00,2014-10-14 02:59:00,95.748,95.755,95.755,95.75,95.774,95.778,95.782,95.774,14
2014-10-14 02:59:00,2014-10-14 03:00:00,95.755,95.757,95.757,95.753,95.778,95.782,95.782,95.778,17
2014-10-14 03:00:00,2014-10-14 03:01:00,95.757,95.75,95.756,95.75,95.782,95.778,95.783,95.778,35
2014-10-14 03:01:00,2014-10-14 03:02:00,95.75,95.76,95.763,95.751,95.778,95.787,95.79,95.778,47
2014-10-14 03:02:00,2014-10-14 03:03:00,95.76,95.763,95.763,95.754,95.787,95.79,95.79,95.782,32
2014-10-14 03:03:00,2014-10-14 03:04:00,95.763,95.758,95.763,95.752,95.79,95.786,95.79,95.781,65
2014-10-14 03:04:00,2014-10-14 03:05:00,95.758,95.755,95.758,95.75,95.786,95.781,95.785,95.778,41
2014-10-14 03:05:00,2014-10-14 03:06:00,95.755,95.749,95.759,95.747,95.781,95.775,95.786,95.772,84
2014-10-14 03:06:00,2014-10-14 03:07:00,95.749,95.736,95.748,95.731,95.775,95.764,95.775,95.756,179
2014-10-14 03:07:00,2014-10-14 03:08:00,95.736,95.747,95.748,95.737,95.764,95.773,95.775,95.764,48
2014-10-14 03:08:00,2014-10-14 03:09:00,95.747,95.745,95.749,95.743,95.773,95.771,95.777,95.77,46
2014-10-14 03:09:00,2014-10-14 03:10:00,95.745,95.735,95.745,95.734,95.771,95.762,95.772,95.76,69
2014-10-14 03:10:00,2014-10-14 03:11:00,95.735,95.736,95.737,95.734,95.762,95.76,95.763,95.76,19
2014-10-14 03:11:00,2014-10-14 03:12:00,95.736,95.729,95.735,95.729,95.76,95.757,95.762,95.757,25
2014-10-14 03:12:00,2014-10-14 03:13:00,95.729,95.735,95.737,95.73,95.757,95.761,95.765,95.757,41
2014-10-14 03:13:00,2014-10-14 03:14:00,95.735,95.733,95.735,95.73,95.761,95.759,95.761,95.756,35
2014-10-14 03:14:00,2014-10-14 03:15:00,95.733,95.731,95.737,95.73,95.759,95.757,95.765,95.755,37
2014-10-14 03:15:00,2014-10-14 03:16:00,95.731,95.706,95.732,95.706,95.757,95.731,95.757,95.731,76
2014-10-14 03:16:00,2014-10-14 03:17:00,95.706,95.712,95.716,95.699,95.731,95.74,95.743,95.726,113
2014-10-14 03:17:00,2014-10-14 03:18:00,95.712,95.699,95.713,95.696,95.74,95.725,95.74,95.722,126
2014-10-14 03:18:00,2014-10-14 03:19:00,95.699,95.707,95.708,95.698,95.725,95.732,95.734,95.725,20
2014-10-14 03:19:00,2014-10-14 03:20:00,95.707,95.704,95.714,95.704,95.732,95.731,95.74,95.731,53
2014-10-14 03:20:00,2014-10-14 03:21:00,95.704,95.697,95.707,95.697,95.731,95.724,95.732,95.724,49
2014-10-14 03:21:00,2014-10-14 03:22:00,95.697,95.67,95.699,95.669,95.724,95.697,95.726,95.695,137
2014-10-14 03:22:00,2014-10-14 03:23:00,95.67,95.668,95.676,95.66,95.697,95.696,95.704,95.686,173
2014-10-14 03:23:00,2014-10-14 03:24:00,95.668,95.663,95.676,95.663,95.696,95.691,95.704,95.689,95
2014-10-14 03:24:00,2014-10-14 03:25:00,95.663,95.654,95.665,95.649,95.691,95.682,95.693,95.678,88
2014-10-14 03:25:00,2014-10-14 03:26:00,95.654,95.644,95.658,95.633,95.682,95.673,95.685,95.661,208
2014-10-14 03:26:00,2014-10-14 03:27:00,95.644,95.646,95.651,95.644,95.673,95.674,95.679,95.668,72
2014-10-14 03:27:00,2014-10-14 03:28:00,95.646,95.663,95.663,95.646,95.674,95.687,95.687,95.67,42
2014-10-14 03:28:00,2014-10-14 03:29:00,95.663,95.649,95.663,95.649,95.687,95.673,95.686,95.673,119
2014-10-14 03:29:00,2014-10-14 03:30:00,95.649,95.648,95.65,95.647,95.673,95.673,95.677,95.671,17
2014-10-14 03:30:00,2014-10-14 03:31:00,95.648,95.647,95.657,95.643,95.673,95.672,95.68,95.668,44
2014-10-14 03:31:00,2014-10-14 03:32:00,95.647,95.639,95.657,95.639,95.672,95.663,95.685,95.661,107
2014-10-14 03:32:00,2014-10-14 03:33:00,95.639,95.646,95.649,95.639,95.663,95.676,95.676,95.664,82
2014-10-14 03:33:00,2014-10-14 03:34:00,95.646,95.663,95.663,95.644,95.676,95.685,95.685,95.673,37
2014-10-14 03:34:00,2014-10-14 03:35:00,95.663,95.661,95.669,95.654,95.685,95.685,95.695,95.679,66
2014-10-14 03:35:00,2014-10-14 03:36:00,95.661,95.648,95.661,95.648,95.685,95.675,95.686,95.674,68
2014-10-14 03:36:00,2014-10-14 03:37:00,95.648,95.654,95.657,95.648,95.675,95.679,95.682,95.676,33
2014-10-14 03:37:00,2014-10-14 03:38:00,95.654,95.636,95.654,95.633,95.679,95.661,95.68,95.658,119
2014-10-14 03:38:00,2014-10-14 03:39:00,95.636,95.642,95.645,95.637,95.661,95.665,95.672,95.661,69
2014-10-14 03:39:00,2014-10-14 03:40:00,95.642,95.629,95.643,95.628,95.665,95.657,95.668,95.655,137
2014-10-14 03:40:00,2014-10-14 03:41:00,95.629,95.624,95.637,95.62,95.657,95.651,95.659,95.646,74
2014-10-14 03:41:00,2014-10-14 03:42:00,95.624,95.632,95.634,95.625,95.651,95.66,95.661,95.652,38
2014-10-14 03:42:00,2014-10-14 03:43:00,95.632,95.633,95.634,95.632,95.66,95.661,95.661,95.658,14
2014-10-14 03:43:00,2014-10-14 03:44:00,95.633,95.638,95.641,95.628,95.661,95.666,95.669,95.654,67
2014-10-14 03:44:00,2014-10-14 03:45:00,95.638,95.644,95.644,95.639,95.666,95.672,95.673,95.667,21
2014-10-14 03:45:00,2014-10-14 03:46:00,95.644,95.651,95.651,95.637,95.672,95.679,95.679,95.665,54
2014-10-14 03:46:00,2014-10-14 03:47:00,95.651,95.661,95.662,95.65,95.679,95.689,95.689,95.678,35
2014-10-14 03:47:00,2014-10-14 03:48:00,95.661,95.651,95.667,95.649,95.689,95.676,95.693,95.676,98
2014-10-14 03:48:00,2014-10-14 03:49:00,95.651,95.655,95.655,95.647,95.676,95.683,95.683,95.674,49
2014-10-14 03:49:00,2014-10-14 03:50:00,95.655,95.668,95.669,95.655,95.683,95.697,95.697,95.681,131
2014-10-14 03:50:00,2014-10-14 03:51:00,95.668,95.669,95.669,95.656,95.697,95.694,95.697,95.685,106
2014-10-14 03:51:00,2014-10-14 03:52:00,95.669,95.675,95.677,95.662,95.694,95.702,95.703,95.687,113
2014-10-14 03:52:00,2014-10-14 03:53:00,95.675,95.67,95.674,95.662,95.702,95.696,95.702,95.688,69
2014-10-14 03:53:00,2014-10-14 03:54:00,95.67,95.653,95.67,95.649,95.696,95.68,95.696,95.677,89
2014-10-14 03:54:00,2014-10-14 03:55:00,95.653,95.654,95.658,95.653,95.68,95.68,95.684,95.678,67
2014-10-14 03:55:00,2014-10-14 03:56:00,95.654,95.661,95.661,95.653,95.68,95.688,95.689,95.68,43
2014-10-14 03:56:00,2014-10-14 03:57:00,95.661,95.654,95.664,95.654,95.688,95.679,95.692,95.679,34
2014-10-14 03:57:00,2014-10-14 03:58:00,95.654,95.645,95.655,95.643,95.679,95.671,95.682,95.669,113
2014-10-14 03:58:00,2014-10-14 03:59:00,95.645,95.657,95.657,95.645,95.671,95.682,95.682,95.672,28
2014-10-14 03:59:00,2014-10-14 04:00:00,95.657,95.641,95.657,95.635,95.682,95.661,95.683,95.66,94
2014-10-14 04:00:00,2014-10-14 04:01:00,95.641,95.629,95.641,95.628,95.661,95.651,95.665,95.651,45
2014-10-14 04:01:00,2014-10-14 04:02:00,95.629,95.634,95.634,95.627,95.651,95.659,95.659,95.65,23
2014-10-14 04:02:00,2014-10-14 04:03:00,95.634,95.634,95.646,95.63,95.659,95.657,95.67,95.653,76
2014-10-14 04:03:00,2014-10-14 04:04:00,95.634,95.635,95.638,95.63,95.657,95.663,95.666,95.655,73
2014-10-14 04:04:00,2014-10-14 04:05:00,95.635,95.657,95.659,95.633,95.663,95.685,95.688,95.66,188
2014-10-14 04:05:00,2014-10-14 04:06:00,95.657,95.669,95.67,95.646,95.685,95.695,95.7,95.674,245
2014-10-14 04:06:00,2014-10-14 04:07:00,95.669,95.667,95.673,95.66,95.695,95.691,95.701,95.686,132
2014-10-14 04:07:00,2014-10-14 04:08:00,95.667,95.67,95.673,95.665,95.691,95.698,95.701,95.689,89
2014-10-14 04:08:00,2014-10-14 04:09:00,95.67,95.668,95.681,95.667,95.698,95.696,95.708,95.695,95
2014-10-14 04:09:00,2014-10-14 04:10:00,95.668,95.657,95.68,95.657,95.696,95.684,95.708,95.682,145
2014-10-14 04:10:00,2014-10-14 04:11:00,95.657,95.661,95.662,95.655,95.684,95.689,95.689,95.679,60
2014-10-14 04:11:00,2014-10-14 04:12:00,95.661,95.665,95.667,95.659,95.689,95.693,95.693,95.682,72
2014-10-14 04:12:00,2014-10-14 04:13:00,95.665,95.677,95.677,95.661,95.693,95.705,95.705,95.688,73
2014-10-14 04:13:00,2014-10-14 04:14:00,95.677,95.678,95.685,95.678,95.705,95.706,95.713,95.705,53
2014-10-14 04:14:00,2014-10-14 04:15:00,95.678,95.676,95.681,95.673,95.706,95.702,95.709,95.698,42
2014-10-14 04:15:00,2014-10-14 04:16:00,95.676,95.677,95.681,95.676,95.702,95.704,95.709,95.703,32
2014-10-14 04:16:00,2014-10-14 04:17:00,95.677,95.674,95.678,95.672,95.704,95.702,95.707,95.698,25
2014-10-14 04:17:00,2014-10-14 04:18:00,95.674,95.675,95.676,95.672,95.702,95.702,95.702,95.7,9
2014-10-14 04:18:00,2014-10-14 04:19:00,95.675,95.674,95.675,95.674,95.702,95.702,95.704,95.701,6
2014-10-14 04:19:00,2014-10-14 04:20:00,95.674,95.658,95.674,95.658,95.702,95.686,95.7,95.683,67
2014-10-14 04:20:00,2014-10-14 04:21:00,95.658,95.662,95.663,95.656,95.686,95.691,95.692,95.681,56
2014-10-14 04:21:00,2014-10-14 04:22:00,95.662,95.661,95.665,95.661,95.691,95.689,95.692,95.686,23
2014-10-14 04:22:00,2014-10-14 04:23:00,95.661,95.66,95.664,95.66,95.689,95.686,95.692,95.686,19
2014-10-14 04:23:00,2014-10-14 04:24:00,95.66,95.655,95.662,95.655,95.686,95.682,95.688,95.68,24
2014-10-14 04:24:00,2014-10-14 04:25:00,95.655,95.652,95.655,95.647,95.682,95.675,95.682,95.672,74
2014-10-14 04:25:00,2014-10-14 04:26:00,95.652,95.647,95.654,95.647,95.675,95.675,95.681,95.669,47
2014-10-14 04:26:00,2014-10-14 04:27:00,95.647,95.645,95.651,95.645,95.675,95.672,95.679,95.672,59
2014-10-14 04:27:00,2014-10-14 04:28:00,95.645,95.638,95.645,95.638,95.672,95.664,95.672,95.664,31
2014-10-14 04:28:00,2014-10-14 04:29:00,95.638,95.638,95.641,95.626,95.664,95.665,95.667,95.653,103
2014-10-14 04:29:00,2014-10-14 04:30:00,95.638,95.64,95.652,95.638,95.665,95.667,95.677,95.666,58
2014-10-14 04:30:00,2014-10-14 04:31:00,95.64,95.629,95.641,95.627,95.667,95.658,95.668,95.652,62
2014-10-14 04:31:00,2014-10-14 04:32:00,95.629,95.628,95.629,95.626,95.658,95.655,95.656,95.65,30
2014-10-14 04:32:00,2014-10-14 04:33:00,95.628,95.621,95.628,95.615,95.655,95.648,95.656,95.642,164
2014-10-14 04:33:00,2014-10-14 04:34:00,95.621,95.624,95.626,95.621,95.648,95.651,95.652,95.65,18
2014-10-14 04:34:00,2014-10-14 04:35:00,95.624,95.624,95.624,95.624,95.651,95.65,95.651,95.646,19
2014-10-14 04:35:00,2014-10-14 04:36:00,95.624,95.625,95.625,95.624,95.65,95.652,95.652,95.65,5
2014-10-14 04:36:00,2014-10-14 04:37:00,95.625,95.621,95.635,95.617,95.652,95.65,95.662,95.646,82
2014-10-14 04:37:00,2014-10-14 04:38:00,95.621,95.619,95.627,95.614,95.65,95.647,95.655,95.643,61
2014-10-14 04:38:00,2014-10-14 04:39:00,95.619,95.614,95.619,95.611,95.647,95.641,95.647,95.637,35
2014-10-14 04:39:00,2014-10-14 04:40:00,95.614,95.624,95.625,95.614,95.641,95.651,95.652,95.641,24
2014-10-14 04:40:00,2014-10-14 04:41:00,95.624,95.618,95.626,95.618,95.651,95.645,95.65,95.641,35
2014-10-14 04:41:00,2014-10-14 04:42:00,95.618,95.61,95.618,95.607,95.645,95.637,95.643,95.633,54
2014-10-14 04:42:00,2014-10-14 04:43:00,95.61,95.611,95.614,95.608,95.637,95.637,95.64,95.633,70
2014-10-14 04:43:00,2014-10-14 04:44:00,95.611,95.612,95.613,95.611,95.637,95.639,95.641,95.636,29
2014-10-14 04:44:00,2014-10-14 04:45:00,95.612,95.607,95.623,95.607,95.639,95.636,95.651,95.636,65
2014-10-14 04:45:00,2014-10-14 04:46:00,95.607,95.594,95.611,95.584,95.636,95.621,95.637,95.612,154
2014-10-14 04:46:00,2014-10-14 04:47:00,95.594,95.598,95.606,95.588,95.621,95.625,95.631,95.616,134
2014-10-14 04:47:00,2014-10-14 04:48:00,95.598,95.591,95.598,95.587,95.625,95.615,95.625,95.613,43
2014-10-14 04:48:00,2014-10-14 04:49:00,95.591,95.59,95.596,95.584,95.615,95.618,95.622,95.607,117
2014-10-14 04:49:00,2014-10-14 04:50:00,95.59,95.577,95.592,95.563,95.618,95.604,95.62,95.592,122
2014-10-14 04:50:00,2014-10-14 04:51:00,95.577,95.583,95.585,95.575,95.604,95.612,95.614,95.603,49
2014-10-14 04:51:00,2014-10-14 04:52:00,95.583,95.584,95.589,95.584,95.612,95.611,95.615,95.609,65
2014-10-14 04:52:00,2014-10-14 04:53:00,95.584,95.579,95.582,95.575,95.611,95.608,95.611,95.603,26
2014-10-14 04:53:00,2014-10-14 04:54:00,95.579,95.564,95.579,95.561,95.608,95.592,95.607,95.587,95
2014-10-14 04:54:00,2014-10-14 04:55:00,95.564,95.572,95.577,95.567,95.592,95.601,95.604,95.592,57
2014-10-14 04:55:00,2014-10-14 04:56:00,95.572,95.582,95.582,95.571,95.601,95.607,95.607,95.598,65
2014-10-14 04:56:00,2014-10-14 04:57:00,95.582,95.581,95.584,95.577,95.607,95.605,95.611,95.603,54
2014-10-14 04:57:00,2014-10-14 04:58:00,95.581,95.582,95.585,95.572,95.605,95.609,95.611,95.6,108
2014-10-14 04:58:00,2014-10-14 04:59:00,95.582,95.601,95.601,95.578,95.609,95.63,95.63,95.604,108
2014-10-14 04:59:00,2014-10-14 05:00:00,95.601,95.599,95.602,95.596,95.63,95.627,95.631,95.626,49
2014-10-14 05:00:00,2014-10-14 05:01:00,95.599,95.627,95.628,95.601,95.627,95.65,95.657,95.628,155
2014-10-14 05:01:00,2014-10-14 05:02:00,95.627,95.615,95.627,95.6,95.65,95.641,95.653,95.628,215
2014-10-14 05:02:00,2014-10-14 05:03:00,95.615,95.599,95.618,95.595,95.641,95.626,95.641,95.621,105
2014-10-14 05:03:00,2014-10-14 05:04:00,95.599,95.6,95.614,95.6,95.626,95.626,95.641,95.626,94
2014-10-14 05:04:00,2014-10-14 05:05:00,95.6,95.6,95.604,95.6,95.626,95.624,95.631,95.624,70
2014-10-14 05:05:00,2014-10-14 05:06:00,95.6,95.591,95.602,95.584,95.624,95.619,95.629,95.611,137
2014-10-14 05:06:00,2014-10-14 05:07:00,95.591,95.591,95.594,95.586,95.619,95.62,95.621,95.612,27
2014-10-14 05:07:00,2014-10-14 05:08:00,95.591,95.592,95.595,95.585,95.62,95.62,95.623,95.613,81
2014-10-14 05:08:00,2014-10-14 05:09:00,95.592,95.593,95.602,95.592,95.62,95.622,95.632,95.615,79
2014-10-14 05:09:00,2014-10-14 05:10:00,95.593,95.593,95.601,95.591,95.622,95.62,95.627,95.615,78
2014-10-14 05:10:00,2014-10-14 05:11:00,95.593,95.587,95.6,95.587,95.62,95.614,95.628,95.614,164
2014-10-14 05:11:00,2014-10-14 05:12:00,95.587,95.587,95.594,95.584,95.614,95.616,95.621,95.61,63
2014-10-14 05:12:00,2014-10-14 05:13:00,95.587,95.593,95.599,95.585,95.616,95.62,95.628,95.611,121
2014-10-14 05:13:00,2014-10-14 05:14:00,95.593,95.577,95.591,95.564,95.62,95.602,95.62,95.593,63
2014-10-14 05:14:00,2014-10-14 05:15:00,95.577,95.579,95.592,95.575,95.602,95.607,95.619,95.602,56
2014-10-14 05:15:00,2014-10-14 05:16:00,95.579,95.595,95.596,95.581,95.607,95.621,95.623,95.607,44
2014-10-14 05:16:00,2014-10-14 05:17:00,95.595,95.596,95.596,95.593,95.621,95.623,95.623,95.621,25
2014-10-14 05:17:00,2014-10-14 05:18:00,95.596,95.593,95.607,95.592,95.623,95.621,95.634,95.619,77
2014-10-14 05:18:00,2014-10-14 05:19:00,95.593,95.582,95.597,95.58,95.621,95.61,95.623,95.607,68
2014-10-14 05:19:00,2014-10-14 05:20:00,95.582,95.559,95.583,95.559,95.61,95.589,95.61,95.586,127
2014-10-14 05:20:00,2014-10-14 05:21:00,95.559,95.554,95.569,95.547,95.589,95.581,95.599,95.576,178
2014-10-14 05:21:00,2014-10-14 05:22:00,95.554,95.553,95.557,95.548,95.581,95.578,95.583,95.576,98
2014-10-14 05:22:00,2014-10-14 05:23:00,95.553,95.521,95.554,95.512,95.578,95.548,95.581,95.54,138
2014-10-14 05:23:00,2014-10-14 05:24:00,95.521,95.529,95.532,95.517,95.548,95.555,95.555,95.547,122
2014-10-14 05:24:00,2014-10-14 05:25:00,95.529,95.527,95.537,95.524,95.555,95.554,95.562,95.554,117
2014-10-14 05:25:00,2014-10-14 05:26:00,95.527,95.538,95.539,95.514,95.554,95.565,95.565,95.541,134
2014-10-14 05:26:00,2014-10-14 05:27:00,95.538,95.538,95.557,95.53,95.565,95.565,95.582,95.556,209
2014-10-14 05:27:00,2014-10-14 05:28:00,95.538,95.538,95.544,95.538,95.565,95.565,95.571,95.557,83
2014-10-14 05:28:00,2014-10-14 05:29:00,95.538,95.53,95.538,95.53,95.565,95.555,95.566,95.553,73
2014-10-14 05:29:00,2014-10-14 05:30:00,95.53,95.533,95.54,95.53,95.555,95.56,95.568,95.556,50
2014-10-14 05:30:00,2014-10-14 05:31:00,95.533,95.553,95.558,95.533,95.56,95.578,95.584,95.559,97
2014-10-14 05:31:00,2014-10-14 05:32:00,95.553,95.565,95.577,95.553,95.578,95.592,95.607,95.579,95
2014-10-14 05:32:00,2014-10-14 05:33:00,95.565,95.561,95.569,95.558,95.592,95.591,95.595,95.584,93
2014-10-14 05:33:00,2014-10-14 05:34:00,95.561,95.539,95.561,95.539,95.591,95.565,95.59,95.564,104
2014-10-14 05:34:00,2014-10-14 05:35:00,95.539,95.55,95.554,95.536,95.565,95.574,95.579,95.562,56
2014-10-14 05:35:00,2014-10-14 05:36:00,95.55,95.562,95.562,95.55,95.574,95.589,95.589,95.576,53
2014-10-14 05:36:00,2014-10-14 05:37:00,95.562,95.557,95.563,95.55,95.589,95.584,95.59,95.577,75
2014-10-14 05:37:00,2014-10-14 05:38:00,95.557,95.563,95.565,95.556,95.584,95.588,95.591,95.582,103
2014-10-14 05:38:00,2014-10-14 05:39:00,95.563,95.563,95.573,95.559,95.588,95.589,95.601,95.587,116
2014-10-14 05:39:00,2014-10-14 05:40:00,95.563,95.566,95.569,95.56,95.589,95.593,95.597,95.585,64
2014-10-14 05:40:00,2014-10-14 05:41:00,95.566,95.567,95.569,95.566,95.593,95.595,95.596,95.592,29
2014-10-14 05:41:00,2014-10-14 05:42:00,95.567,95.565,95.574,95.565,95.595,95.593,95.603,95.593,60
2014-10-14 05:42:00,2014-10-14 05:43:00,95.565,95.559,95.565,95.549,95.593,95.588,95.592,95.579,156
2014-10-14 05:43:00,2014-10-14 05:44:00,95.559,95.549,95.559,95.549,95.588,95.579,95.589,95.578,61
2014-10-14 05:44:00,2014-10-14 05:45:00,95.549,95.549,95.551,95.545,95.579,95.577,95.579,95.574,37
2014-10-14 05:45:00,2014-10-14 05:46:00,95.549,95.557,95.565,95.549,95.577,95.586,95.594,95.575,91
2014-10-14 05:46:00,2014-10-14 05:47:00,95.557,95.554,95.559,95.553,95.586,95.581,95.589,95.58,31
2014-10-14 05:47:00,2014-10-14 05:48:00,95.554,95.553,95.554,95.55,95.581,95.58,95.581,95.577,20
2014-10-14 05:48:00,2014-10-14 05:49:00,95.553,95.533,95.556,95.524,95.58,95.559,95.584,95.547,124
2014-10-14 05:49:00,2014-10-14 05:50:00,95.533,95.533,95.536,95.529,95.559,95.561,95.562,95.553,64
2014-10-14 05:50:00,2014-10-14 05:51:00,95.533,95.533,95.534,95.53,95.561,95.559,95.561,95.553,49
2014-10-14 05:51:00,2014-10-14 05:52:00,95.533,95.539,95.539,95.532,95.559,95.565,95.565,95.555,27
2014-10-14 05:52:00,2014-10-14 05:53:00,95.539,95.553,95.557,95.539,95.565,95.58,95.582,95.565,97
2014-10-14 05:53:00,2014-10-14 05:54:00,95.553,95.553,95.555,95.549,95.58,95.578,95.582,95.575,62
2014-10-14 05:54:00,2014-10-14 05:55:00,95.553,95.55,95.558,95.547,95.578,95.576,95.585,95.573,116
2014-10-14 05:55:00,2014-10-14 05:56:00,95.55,95.548,95.553,95.539,95.576,95.573,95.579,95.567,80
2014-10-14 05:56:00,2014-10-14 05:57:00,95.548,95.534,95.548,95.533,95.573,95.56,95.571,95.56,30
2014-10-14 05:57:00,2014-10-14 05:58:00,95.534,95.544,95.552,95.529,95.56,95.574,95.576,95.555,151
2014-10-14 05:58:00,2014-10-14 05:59:00,95.544,95.589,95.592,95.546,95.574,95.618,95.621,95.574,352
2014-10-14 05:59:00,2014-10-14 06:00:00,95.589,95.563,95.595,95.56,95.618,95.59,95.622,95.585,325
2014-10-14 06:00:00,2014-10-14 06:01:00,95.563,95.589,95.59,95.565,95.59,95.614,95.618,95.59,211
2014-10-14 06:01:00,2014-10-14 06:02:00,95.589,95.578,95.589,95.577,95.614,95.604,95.614,95.601,196
2014-10-14 06:02:00,2014-10-14 06:03:00,95.578,95.583,95.584,95.566,95.604,95.605,95.613,95.592,165
2014-10-14 06:03:00,2014-10-14 06:04:00,95.583,95.566,95.579,95.558,95.605,95.593,95.605,95.587,136
2014-10-14 06:04:00,2014-10-14 06:05:00,95.566,95.547,95.57,95.544,95.593,95.572,95.596,95.572,175
2014-10-14 06:05:00,2014-10-14 06:06:00,95.547,95.549,95.558,95.543,95.572,95.573,95.583,95.567,109
2014-10-14 06:06:00,2014-10-14 06:07:00,95.549,95.536,95.559,95.533,95.573,95.564,95.583,95.557,181
2014-10-14 06:07:00,2014-10-14 06:08:00,95.536,95.545,95.545,95.533,95.564,95.569,95.569,95.558,79
2014-10-14 06:08:00,2014-10-14 06:09:00,95.545,95.55,95.555,95.543,95.569,95.575,95.582,95.565,128
2014-10-14 06:09:00,2014-10-14 06:10:00,95.55,95.547,95.554,95.538,95.575,95.573,95.58,95.565,140
2014-10-14 06:10:00,2014-10-14 06:11:00,95.547,95.516,95.552,95.516,95.573,95.538,95.577,95.538,231
2014-10-14 06:11:00,2014-10-14 06:12:00,95.516,95.524,95.529,95.514,95.538,95.549,95.552,95.538,117
2014-10-14 06:12:00,2014-10-14 06:13:00,95.524,95.517,95.526,95.514,95.549,95.542,95.551,95.539,103
2014-10-14 06:13:00,2014-10-14 06:14:00,95.517,95.513,95.521,95.502,95.542,95.538,95.546,95.527,137
2014-10-14 06:14:00,2014-10-14 06:15:00,95.513,95.513,95.514,95.501,95.538,95.538,95.539,95.525,152
2014-10-14 06:15:00,2014-10-14 06:16:00,95.513,95.507,95.517,95.502,95.538,95.531,95.543,95.527,210
2014-10-14 06:16:00,2014-10-14 06:17:00,95.507,95.499,95.51,95.495,95.531,95.524,95.535,95.522,144
2014-10-14 06:17:00,2014-10-14 06:18:00,95.499,95.502,95.522,95.497,95.524,95.529,95.547,95.524,187
2014-10-14 06:18:00,2014-10-14 06:19:00,95.502,95.493,95.509,95.491,95.529,95.519,95.534,95.515,187
2014-10-14 06:19:00,2014-10-14 06:20:00,95.493,95.513,95.515,95.491,95.519,95.539,95.539,95.519,130
2014-10-14 06:20:00,2014-10-14 06:21:00,95.513,95.476,95.513,95.472,95.539,95.503,95.541,95.498,192
2014-10-14 06:21:00,2014-10-14 06:22:00,95.476,95.45,95.489,95.45,95.503,95.477,95.512,95.474,203
2014-10-14 06:22:00,2014-10-14 06:23:00,95.45,95.462,95.464,95.443,95.477,95.487,95.487,95.47,213
2014-10-14 06:23:00,2014-10-14 06:24:00,95.462,95.487,95.495,95.454,95.487,95.516,95.521,95.481,307
2014-10-14 06:24:00,2014-10-14 06:25:00,95.487,95.476,95.496,95.475,95.516,95.504,95.524,95.501,174
2014-10-14 06:25:00,2014-10-14 06:26:00,95.476,95.483,95.484,95.472,95.504,95.51,95.51,95.498,107
2014-10-14 06:26:00,2014-10-14 06:27:00,95.483,95.482,95.487,95.478,95.51,95.51,95.515,95.506,91
2014-10-14 06:27:00,2014-10-14 06:28:00,95.482,95.488,95.491,95.483,95.51,95.516,95.519,95.51,46
2014-10-14 06:28:00,2014-10-14 06:29:00,95.488,95.475,95.489,95.475,95.516,95.501,95.517,95.501,84
2014-10-14 06:29:00,2014-10-14 06:30:00,95.475,95.467,95.481,95.467,95.501,95.493,95.508,95.492,52
2014-10-14 06:30:00,2014-10-14 06:31:00,95.467,95.458,95.466,95.455,95.493,95.486,95.493,95.48,116
2014-10-14 06:31:00,2014-10-14 06:32:00,95.458,95.451,95.464,95.448,95.486,95.477,95.492,95.474,49
2014-10-14 06:32:00,2014-10-14 06:33:00,95.451,95.448,95.454,95.442,95.477,95.472,95.479,95.464,50
2014-10-14 06:33:00,2014-10-14 06:34:00,95.448,95.463,95.464,95.446,95.472,95.487,95.49,95.472,107
2014-10-14 06:34:00,2014-10-14 06:35:00,95.463,95.493,95.494,95.461,95.487,95.518,95.518,95.486,147
2014-10-14 06:35:00,2014-10-14 06:36:00,95.493,95.508,95.525,95.493,95.518,95.535,95.549,95.519,284
2014-10-14 06:36:00,2014-10-14 06:37:00,95.508,95.501,95.517,95.5,95.535,95.527,95.543,95.527,97
2014-10-14 06:37:00,2014-10-14 06:38:00,95.501,95.499,95.506,95.499,95.527,95.522,95.532,95.52,43
2014-10-14 06:38:00,2014-10-14 06:39:00,95.499,95.495,95.504,95.495,95.522,95.519,95.527,95.518,47
2014-10-14 06:39:00,2014-10-14 06:40:00,95.495,95.506,95.506,95.489,95.519,95.532,95.532,95.514,91
2014-10-14 06:40:00,2014-10-14 06:41:00,95.506,95.505,95.512,95.498,95.532,95.53,95.536,95.523,167
2014-10-14 06:41:00,2014-10-14 06:42:00,95.505,95.505,95.508,95.495,95.53,95.53,95.533,95.52,86
2014-10-14 06:42:00,2014-10-14 06:43:00,95.505,95.509,95.52,95.503,95.53,95.535,95.546,95.53,112
2014-10-14 06:43:00,2014-10-14 06:44:00,95.509,95.513,95.515,95.495,95.535,95.539,95.541,95.518,139
2014-10-14 06:44:00,2014-10-14 06:45:00,95.513,95.515,95.519,95.51,95.539,95.54,95.543,95.533,87
2014-10-14 06:45:00,2014-10-14 06:46:00,95.515,95.531,95.534,95.507,95.54,95.553,95.555,95.533,165
2014-10-14 06:46:00,2014-10-14 06:47:00,95.531,95.554,95.554,95.528,95.553,95.58,95.581,95.553,184
2014-10-14 06:47:00,2014-10-14 06:48:00,95.554,95.551,95.565,95.547,95.58,95.577,95.589,95.572,211
2014-10-14 06:48:00,2014-10-14 06:49:00,95.551,95.53,95.55,95.52,95.577,95.558,95.577,95.545,217
2014-10-14 06:49:00,2014-10-14 06:50:00,95.53,95.533,95.535,95.524,95.558,95.56,95.563,95.551,75
2014-10-14 06:50:00,2014-10-14 06:51:00,95.533,95.51,95.533,95.51,95.56,95.536,95.56,95.535,175
2014-10-14 06:51:00,2014-10-14 06:52:00,95.51,95.51,95.513,95.507,95.536,95.537,95.539,95.533,72
2014-10-14 06:52:00,2014-10-14 06:53:00,95.51,95.498,95.515,95.493,95.537,95.523,95.542,95.517,124
2014-10-14 06:53:00,2014-10-14 06:54:00,95.498,95.481,95.502,95.481,95.523,95.508,95.527,95.505,184
2014-10-14 06:54:00,2014-10-14 06:55:00,95.481,95.449,95.486,95.438,95.508,95.472,95.515,95.463,262
2014-10-14 06:55:00,2014-10-14 06:56:00,95.449,95.435,95.456,95.434,95.472,95.462,95.482,95.46,168
2014-10-14 06:56:00,2014-10-14 06:57:00,95.435,95.429,95.438,95.424,95.462,95.456,95.464,95.45,211
2014-10-14 06:57:00,2014-10-14 06:58:00,95.429,95.426,95.439,95.417,95.456,95.451,95.464,95.441,203
2014-10-14 06:58:00,2014-10-14 06:59:00,95.426,95.419,95.433,95.412,95.451,95.445,95.459,95.438,171
2014-10-14 06:59:00,2014-10-14 07:00:00,95.419,95.404,95.419,95.397,95.445,95.428,95.444,95.42,214
2014-10-14 07:00:00,2014-10-14 07:01:00,95.404,95.381,95.407,95.378,95.428,95.409,95.435,95.406,201
2014-10-14 07:01:00,2014-10-14 07:02:00,95.381,95.377,95.389,95.364,95.409,95.402,95.417,95.391,263
2014-10-14 07:02:00,2014-10-14 07:03:00,95.377,95.373,95.377,95.367,95.402,95.4,95.402,95.391,123
2014-10-14 07:03:00,2014-10-14 07:04:00,95.373,95.372,95.377,95.365,95.4,95.398,95.404,95.388,144
2014-10-14 07:04:00,2014-10-14 07:05:00,95.372,95.399,95.399,95.369,95.398,95.426,95.426,95.393,125
2014-10-14 07:05:00,2014-10-14 07:06:00,95.399,95.411,95.417,95.394,95.426,95.434,95.443,95.421,190
2014-10-14 07:06:00,2014-10-14 07:07:00,95.411,95.402,95.413,95.397,95.434,95.43,95.437,95.425,228
2014-10-14 07:07:00,2014-10-14 07:08:00,95.402,95.436,95.448,95.401,95.43,95.461,95.469,95.427,407
2014-10-14 07:08:00,2014-10-14 07:09:00,95.436,95.449,95.449,95.433,95.461,95.476,95.476,95.461,217
2014-10-14 07:09:00,2014-10-14 07:10:00,95.449,95.461,95.473,95.447,95.476,95.486,95.495,95.472,264
2014-10-14 07:10:00,2014-10-14 07:11:00,95.461,95.443,95.464,95.443,95.486,95.471,95.488,95.469,267
2014-10-14 07:11:00,2014-10-14 07:12:00,95.443,95.456,95.468,95.444,95.471,95.479,95.493,95.471,200
2014-10-14 07:12:00,2014-10-14 07:13:00,95.456,95.47,95.474,95.451,95.479,95.493,95.497,95.477,156
2014-10-14 07:13:00,2014-10-14 07:14:00,95.47,95.464,95.48,95.461,95.493,95.493,95.503,95.486,248
2014-10-14 07:14:00,2014-10-14 07:15:00,95.464,95.461,95.467,95.458,95.493,95.485,95.492,95.482,107
2014-10-14 07:15:00,2014-10-14 07:16:00,95.461,95.427,95.466,95.423,95.485,95.454,95.487,95.45,351
2014-10-14 07:16:00,2014-10-14 07:17:00,95.427,95.434,95.458,95.418,95.454,95.458,95.485,95.441,433
2014-10-14 07:17:00,2014-10-14 07:18:00,95.434,95.416,95.439,95.414,95.458,95.442,95.465,95.437,238
2014-10-14 07:18:00,2014-10-14 07:19:00,95.416,95.392,95.416,95.392,95.442,95.42,95.443,95.417,334
2014-10-14 07:19:00,2014-10-14 07:20:00,95.392,95.392,95.41,95.385,95.42,95.418,95.433,95.412,319
2014-10-14 07:20:00,2014-10-14 07:21:00,95.392,95.403,95.414,95.391,95.418,95.432,95.439,95.415,230
2014-10-14 07:21:00,2014-10-14 07:22:00,95.403,95.381,95.405,95.38,95.432,95.408,95.432,95.403,152
2014-10-14 07:22:00,2014-10-14 07:23:00,95.381,95.401,95.409,95.38,95.408,95.428,95.436,95.409,259
2014-10-14 07:23:00,2014-10-14 07:24:00,95.401,95.396,95.411,95.391,95.428,95.422,95.436,95.418,201
2014-10-14 07:24:00,2014-10-14 07:25:00,95.396,95.395,95.404,95.395,95.422,95.421,95.431,95.421,228
2014-10-14 07:25:00,2014-10-14 07:26:00,95.395,95.377,95.395,95.377,95.421,95.404,95.422,95.404,135
2014-10-14 07:26:00,2014-10-14 07:27:00,95.377,95.378,95.389,95.373,95.404,95.404,95.418,95.398,201
2014-10-14 07:27:00,2014-10-14 07:28:00,95.378,95.362,95.382,95.362,95.404,95.391,95.409,95.39,89
2014-10-14 07:28:00,2014-10-14 07:29:00,95.362,95.367,95.381,95.36,95.391,95.392,95.407,95.387,170
2014-10-14 07:29:00,2014-10-14 07:30:00,95.367,95.335,95.371,95.335,95.392,95.362,95.395,95.362,255
2014-10-14 07:30:00,2014-10-14 07:31:00,95.335,95.315,95.335,95.313,95.362,95.342,95.36,95.34,192
2014-10-14 07:31:00,2014-10-14 07:32:00,95.315,95.351,95.356,95.31,95.342,95.378,95.383,95.336,233
2014-10-14 07:32:00,2014-10-14 07:33:00,95.351,95.361,95.367,95.349,95.378,95.387,95.393,95.377,248
2014-10-14 07:33:00,2014-10-14 07:34:00,95.361,95.378,95.383,95.349,95.387,95.405,95.408,95.375,326
2014-10-14 07:34:00,2014-10-14 07:35:00,95.378,95.382,95.386,95.363,95.405,95.408,95.408,95.39,231
2014-10-14 07:35:00,2014-10-14 07:36:00,95.382,95.369,95.383,95.366,95.408,95.392,95.41,95.389,117
2014-10-14 07:36:00,2014-10-14 07:37:00,95.369,95.383,95.391,95.361,95.392,95.41,95.415,95.385,231
2014-10-14 07:37:00,2014-10-14 07:38:00,95.383,95.39,95.395,95.377,95.41,95.416,95.42,95.403,277
2014-10-14 07:38:00,2014-10-14 07:39:00,95.39,95.396,95.407,95.388,95.416,95.42,95.433,95.415,201
2014-10-14 07:39:00,2014-10-14 07:40:00,95.396,95.406,95.409,95.384,95.42,95.432,95.435,95.409,216
2014-10-14 07:40:00,2014-10-14 07:41:00,95.406,95.387,95.409,95.374,95.432,95.416,95.434,95.401,285
2014-10-14 07:41:00,2014-10-14 07:42:00,95.387,95.388,95.394,95.378,95.416,95.412,95.423,95.407,148
2014-10-14 07:42:00,2014-10-14 07:43:00,95.388,95.392,95.395,95.382,95.412,95.416,95.419,95.404,131
2014-10-14 07:43:00,2014-10-14 07:44:00,95.392,95.387,95.395,95.379,95.416,95.41,95.418,95.402,207
2014-10-14 07:44:00,2014-10-14 07:45:00,95.387,95.404,95.412,95.384,95.41,95.43,95.432,95.406,264
2014-10-14 07:45:00,2014-10-14 07:46:00,95.404,95.419,95.424,95.404,95.43,95.444,95.45,95.43,254
2014-10-14 07:46:00,2014-10-14 07:47:00,95.419,95.425,95.439,95.419,95.444,95.446,95.461,95.444,163
2014-10-14 07:47:00,2014-10-14 07:48:00,95.425,95.437,95.437,95.422,95.446,95.463,95.463,95.446,282
2014-10-14 07:48:00,2014-10-14 07:49:00,95.437,95.453,95.461,95.417,95.463,95.477,95.485,95.441,438
2014-10-14 07:49:00,2014-10-14 07:50:00,95.453,95.428,95.457,95.404,95.477,95.45,95.483,95.429,468
2014-10-14 07:50:00,2014-10-14 07:51:00,95.428,95.447,95.47,95.428,95.45,95.474,95.499,95.45,405
2014-10-14 07:51:00,2014-10-14 07:52:00,95.447,95.45,95.454,95.438,95.474,95.476,95.479,95.465,305
2014-10-14 07:52:00,2014-10-14 07:53:00,95.45,95.441,95.45,95.43,95.476,95.464,95.478,95.452,241
2014-10-14 07:53:00,2014-10-14 07:54:00,95.441,95.429,95.442,95.422,95.464,95.457,95.468,95.45,221
2014-10-14 07:54:00,2014-10-14 07:55:00,95.429,95.427,95.442,95.422,95.457,95.455,95.468,95.447,257
2014-10-14 07:55:00,2014-10-14 07:56:00,95.427,95.439,95.449,95.427,95.455,95.465,95.476,95.453,244
2014-10-14 07:56:00,2014-10-14 07:57:00,95.439,95.434,95.447,95.431,95.465,95.461,95.474,95.453,129
2014-10-14 07:57:00,2014-10-14 07:58:00,95.434,95.425,95.437,95.42,95.461,95.45,95.46,95.442,115
2014-10-14 07:58:00,2014-10-14 07:59:00,95.425,95.434,95.434,95.407,95.45,95.457,95.462,95.433,326
2014-10-14 07:59:00,2014-10-14 08:00:00,95.434,95.425,95.434,95.425,95.457,95.453,95.458,95.45,43
2014-10-14 08:00:00,2014-10-14 08:01:00,95.425,95.406,95.425,95.401,95.453,95.433,95.452,95.422,267
2014-10-14 08:01:00,2014-10-14 08:02:00,95.406,95.412,95.417,95.399,95.433,95.438,95.442,95.425,288
2014-10-14 08:02:00,2014-10-14 08:03:00,95.412,95.419,95.433,95.411,95.438,95.446,95.461,95.437,246
2014-10-14 08:03:00,2014-10-14 08:04:00,95.419,95.408,95.421,95.405,95.446,95.435,95.449,95.429,214
2014-10-14 08:04:00,2014-10-14 08:05:00,95.408,95.421,95.423,95.399,95.435,95.447,95.45,95.425,170
2014-10-14 08:05:00,2014-10-14 08:06:00,95.421,95.403,95.425,95.403,95.447,95.425,95.45,95.425,140
2014-10-14 08:06:00,2014-10-14 08:07:00,95.403,95.393,95.405,95.393,95.425,95.417,95.43,95.414,173
2014-10-14 08:07:00,2014-10-14 08:08:00,95.393,95.379,95.397,95.379,95.417,95.401,95.419,95.401,134
2014-10-14 08:08:00,2014-10-14 08:09:00,95.379,95.354,95.387,95.35,95.401,95.381,95.409,95.373,269
2014-10-14 08:09:00,2014-10-14 08:10:00,95.354,95.362,95.362,95.344,95.381,95.391,95.391,95.365,238
2014-10-14 08:10:00,2014-10-14 08:11:00,95.362,95.348,95.365,95.341,95.391,95.369,95.391,95.365,237
2014-10-14 08:11:00,2014-10-14 08:12:00,95.348,95.359,95.365,95.342,95.369,95.383,95.387,95.366,151
2014-10-14 08:12:00,2014-10-14 08:13:00,95.359,95.352,95.359,95.351,95.383,95.378,95.382,95.369,48
2014-10-14 08:13:00,2014-10-14 08:14:00,95.352,95.343,95.355,95.338,95.378,95.367,95.382,95.362,258
2014-10-14 08:14:00,2014-10-14 08:15:00,95.343,95.362,95.37,95.342,95.367,95.388,95.395,95.367,228
2014-10-14 08:15:00,2014-10-14 08:16:00,95.362,95.366,95.373,95.361,95.388,95.388,95.4,95.384,151
2014-10-14 08:16:00,2014-10-14 08:17:00,95.366,95.377,95.38,95.36,95.388,95.401,95.403,95.38,245
2014-10-14 08:17:00,2014-10-14 08:18:00,95.377,95.381,95.397,95.376,95.401,95.408,95.42,95.401,402
2014-10-14 08:18:00,2014-10-14 08:19:00,95.381,95.389,95.391,95.372,95.408,95.415,95.416,95.399,293
2014-10-14 08:19:00,2014-10-14 08:20:00,95.389,95.356,95.391,95.355,95.415,95.379,95.414,95.379,350
2014-10-14 08:20:00,2014-10-14 08:21:00,95.356,95.358,95.374,95.352,95.379,95.378,95.395,95.376,209
2014-10-14 08:21:00,2014-10-14 08:22:00,95.358,95.347,95.359,95.343,95.378,95.375,95.382,95.367,202
2014-10-14 08:22:00,2014-10-14 08:23:00,95.347,95.329,95.35,95.327,95.375,95.356,95.375,95.354,242
2014-10-14 08:23:00,2014-10-14 08:24:00,95.329,95.341,95.347,95.326,95.356,95.365,95.373,95.353,342
2014-10-14 08:24:00,2014-10-14 08:25:00,95.341,95.331,95.347,95.331,95.365,95.356,95.373,95.356,224
2014-10-14 08:25:00,2014-10-14 08:26:00,95.331,95.314,95.338,95.311,95.356,95.34,95.364,95.337,213
2014-10-14 08:26:00,2014-10-14 08:27:00,95.314,95.303,95.314,95.301,95.34,95.329,95.338,95.324,171
2014-10-14 08:27:00,2014-10-14 08:28:00,95.303,95.32,95.327,95.302,95.329,95.347,95.353,95.329,105
2014-10-14 08:28:00,2014-10-14 08:29:00,95.32,95.32,95.327,95.318,95.347,95.347,95.35,95.344,78
2014-10-14 08:29:00,2014-10-14 08:30:00,95.32,95.305,95.322,95.293,95.347,95.329,95.348,95.319,303
2014-10-14 08:30:00,2014-10-14 08:31:00,95.305,95.283,95.308,95.276,95.329,95.31,95.33,95.295,278
2014-10-14 08:31:00,2014-10-14 08:32:00,95.283,95.271,95.283,95.265,95.31,95.293,95.308,95.288,300
2014-10-14 08:32:00,2014-10-14 08:33:00,95.271,95.251,95.269,95.245,95.293,95.278,95.294,95.27,303
2014-10-14 08:33:00,2014-10-14 08:34:00,95.251,95.255,95.256,95.232,95.278,95.274,95.281,95.257,221
2014-10-14 08:34:00,2014-10-14 08:35:00,95.255,95.261,95.261,95.249,95.274,95.287,95.287,95.274,171
2014-10-14 08:35:00,2014-10-14 08:36:00,95.261,95.282,95.287,95.261,95.287,95.31,95.31,95.284,257
2014-10-14 08:36:00,2014-10-14 08:37:00,95.282,95.296,95.3,95.277,95.31,95.322,95.324,95.301,173
2014-10-14 08:37:00,2014-10-14 08:38:00,95.296,95.29,95.302,95.289,95.322,95.315,95.327,95.315,142
2014-10-14 08:38:00,2014-10-14 08:39:00,95.29,95.223,95.292,95.222,95.315,95.25,95.318,95.25,284
2014-10-14 08:39:00,2014-10-14 08:40:00,95.223,95.238,95.243,95.216,95.25,95.265,95.269,95.241,344
2014-10-14 08:40:00,2014-10-14 08:41:00,95.238,95.227,95.243,95.226,95.265,95.252,95.27,95.25,196
2014-10-14 08:41:00,2014-10-14 08:42:00,95.227,95.22,95.232,95.21,95.252,95.245,95.261,95.236,272
2014-10-14 08:42:00,2014-10-14 08:43:00,95.22,95.225,95.238,95.214,95.245,95.252,95.264,95.238,303
2014-10-14 08:43:00,2014-10-14 08:44:00,95.225,95.217,95.23,95.209,95.252,95.244,95.256,95.235,353
2014-10-14 08:44:00,2014-10-14 08:45:00,95.217,95.192,95.224,95.192,95.244,95.216,95.252,95.215,169
2014-10-14 08:45:00,2014-10-14 08:46:00,95.192,95.176,95.205,95.174,95.216,95.205,95.229,95.199,274
2014-10-14 08:46:00,2014-10-14 08:47:00,95.176,95.13,95.188,95.114,95.205,95.154,95.217,95.139,451
2014-10-14 08:47:00,2014-10-14 08:48:00,95.13,95.117,95.136,95.088,95.154,95.144,95.162,95.116,574
2014-10-14 08:48:00,2014-10-14 08:49:00,95.117,95.115,95.125,95.108,95.144,95.139,95.154,95.134,337
2014-10-14 08:49:00,2014-10-14 08:50:00,95.115,95.109,95.126,95.104,95.139,95.135,95.147,95.128,322
2014-10-14 08:50:00,2014-10-14 08:51:00,95.109,95.132,95.138,95.109,95.135,95.16,95.16,95.134,237
2014-10-14 08:51:00,2014-10-14 08:52:00,95.132,95.108,95.138,95.095,95.16,95.133,95.164,95.123,396
2014-10-14 08:52:00,2014-10-14 08:53:00,95.108,95.106,95.113,95.087,95.133,95.132,95.141,95.115,383
2014-10-14 08:53:00,2014-10-14 08:54:00,95.106,95.119,95.121,95.088,95.132,95.145,95.146,95.112,292
2014-10-14 08:54:00,2014-10-14 08:55:00,95.119,95.134,95.134,95.112,95.145,95.162,95.162,95.137,213
2014-10-14 08:55:00,2014-10-14 08:56:00,95.134,95.136,95.143,95.119,95.162,95.163,95.169,95.14,284
2014-10-14 08:56:00,2014-10-14 08:57:00,95.136,95.111,95.139,95.094,95.163,95.139,95.165,95.121,192
2014-10-14 08:57:00,2014-10-14 08:58:00,95.111,95.108,95.111,95.108,95.139,95.136,95.137,95.136,3
2014-10-14 08:58:00,2014-10-14 09:02:00,95.108,95.028,95.03,95.017,95.136,95.055,95.055,95.04,144
2014-10-14 09:02:00,2014-10-14 09:03:00,95.028,95.065,95.07,95.029,95.055,95.087,95.096,95.055,386
2014-10-14 09:03:00,2014-10-14 09:04:00,95.065,95.047,95.065,95.044,95.087,95.074,95.091,95.07,385
2014-10-14 09:04:00,2014-10-14 09:05:00,95.047,95.043,95.053,95.019,95.074,95.071,95.078,95.043,373
2014-10-14 09:05:00,2014-10-14 09:06:00,95.043,95.04,95.053,95.033,95.071,95.063,95.076,95.058,267
2014-10-14 09:06:00,2014-10-14 09:07:00,95.04,95.06,95.065,95.04,95.063,95.082,95.087,95.064,223
2014-10-14 09:07:00,2014-10-14 09:08:00,95.06,95.045,95.064,95.043,95.082,95.07,95.09,95.07,249
2014-10-14 09:08:00,2014-10-14 09:09:00,95.045,95.031,95.045,95.006,95.07,95.06,95.07,95.032,389
2014-10-14 09:09:00,2014-10-14 09:10:00,95.031,95.011,95.035,95.011,95.06,95.035,95.064,95.032,187
2014-10-14 09:10:00,2014-10-14 09:11:00,95.011,95.0,95.015,94.986,95.035,95.025,95.041,95.011,285
2014-10-14 09:11:00,2014-10-14 09:12:00,95.0,94.95,94.998,94.95,95.025,94.977,95.025,94.975,348
2014-10-14 09:12:00,2014-10-14 09:13:00,94.95,94.955,94.967,94.947,94.977,94.981,94.989,94.97,277
2014-10-14 09:13:00,2014-10-14 09:14:00,94.955,94.962,94.968,94.947,94.981,94.985,94.991,94.974,239
2014-10-14 09:14:00,2014-10-14 09:15:00,94.962,94.991,94.991,94.953,94.985,95.016,95.016,94.979,326
2014-10-14 09:15:00,2014-10-14 09:16:00,94.991,95.001,95.001,94.973,95.016,95.025,95.025,94.999,421
2014-10-14 09:16:00,2014-10-14 09:17:00,95.001,95.022,95.028,94.993,95.025,95.046,95.054,95.014,452
2014-10-14 09:17:00,2014-10-14 09:18:00,95.022,95.012,95.022,95.007,95.046,95.035,95.048,95.028,213
2014-10-14 09:18:00,2014-10-14 09:19:00,95.012,94.995,95.016,94.993,95.035,95.018,95.039,95.016,224
2014-10-14 09:19:00,2014-10-14 09:20:00,94.995,94.992,94.999,94.978,95.018,95.018,95.024,95.003,368
2014-10-14 09:20:00,2014-10-14 09:21:00,94.992,94.991,94.999,94.983,95.018,95.012,95.024,95.007,285
2014-10-14 09:21:00,2014-10-14 09:22:00,94.991,94.986,94.994,94.977,95.012,95.01,95.016,95.001,179
2014-10-14 09:22:00,2014-10-14 09:23:00,94.986,94.991,94.994,94.985,95.01,95.018,95.02,95.01,85
2014-10-14 09:23:00,2014-10-14 09:24:00,94.991,94.994,95.018,94.987,95.018,95.021,95.044,95.014,256
2014-10-14 09:24:00,2014-10-14 09:25:00,94.994,94.975,94.994,94.968,95.021,94.999,95.02,94.994,244
2014-10-14 09:25:00,2014-10-14 09:26:00,94.975,94.98,94.998,94.964,94.999,95.006,95.023,94.989,292
2014-10-14 09:26:00,2014-10-14 09:27:00,94.98,94.987,94.993,94.98,95.006,95.013,95.018,95.004,77
2014-10-14 09:27:00,2014-10-14 09:28:00,94.987,95.01,95.018,94.984,95.013,95.036,95.041,95.011,111
2014-10-14 09:28:00,2014-10-14 09:29:00,95.01,95.01,95.018,95.007,95.036,95.033,95.041,95.031,74
2014-10-14 09:29:00,2014-10-14 09:30:00,95.01,95.019,95.029,95.008,95.033,95.045,95.055,95.031,131
2014-10-14 09:30:00,2014-10-14 09:31:00,95.019,95.006,95.019,95.0,95.045,95.033,95.045,95.027,209
2014-10-14 09:31:00,2014-10-14 09:32:00,95.006,95.005,95.017,94.998,95.033,95.031,95.043,95.024,207
2014-10-14 09:32:00,2014-10-14 09:33:00,95.005,95.012,95.02,95.003,95.031,95.039,95.044,95.03,113
2014-10-14 09:33:00,2014-10-14 09:34:00,95.012,95.02,95.029,95.012,95.039,95.045,95.055,95.039,99
2014-10-14 09:34:00,2014-10-14 09:35:00,95.02,95.029,95.034,95.02,95.045,95.053,95.057,95.044,152
2014-10-14 09:35:00,2014-10-14 09:36:00,95.029,95.037,95.041,95.027,95.053,95.065,95.066,95.053,198
2014-10-14 09:36:00,2014-10-14 09:37:00,95.037,95.019,95.043,95.015,95.065,95.044,95.067,95.038,264
2014-10-14 09:37:00,2014-10-14 09:38:00,95.019,94.997,95.026,94.995,95.044,95.026,95.047,95.023,178
2014-10-14 09:38:00,2014-10-14 09:39:00,94.997,94.986,95.003,94.986,95.026,95.012,95.029,95.012,254
2014-10-14 09:39:00,2014-10-14 09:40:00,94.986,95.015,95.016,94.982,95.012,95.038,95.038,95.01,183
2014-10-14 09:40:00,2014-10-14 09:41:00,95.015,95.018,95.026,95.014,95.038,95.043,95.048,95.037,110
2014-10-14 09:41:00,2014-10-14 09:42:00,95.018,95.04,95.043,95.018,95.043,95.063,95.068,95.043,167
2014-10-14 09:42:00,2014-10-14 09:43:00,95.04,95.037,95.046,95.025,95.063,95.063,95.071,95.052,223
2014-10-14 09:43:00,2014-10-14 09:44:00,95.037,95.019,95.051,95.017,95.063,95.045,95.075,95.043,131
2014-10-14 09:44:00,2014-10-14 09:45:00,95.019,95.016,95.022,95.004,95.045,95.041,95.046,95.027,162
2014-10-14 09:45:00,2014-10-14 09:46:00,95.016,95.026,95.045,95.012,95.041,95.052,95.071,95.039,287
2014-10-14 09:46:00,2014-10-14 09:47:00,95.026,95.023,95.028,95.019,95.052,95.049,95.054,95.044,170
2014-10-14 09:47:00,2014-10-14 09:48:00,95.023,95.019,95.03,95.016,95.049,95.046,95.057,95.043,204
2014-10-14 09:48:00,2014-10-14 09:49:00,95.019,95.009,95.023,95.008,95.046,95.035,95.048,95.034,115
2014-10-14 09:49:00,2014-10-14 09:50:00,95.009,95.016,95.016,95.006,95.035,95.04,95.041,95.033,128
2014-10-14 09:50:00,2014-10-14 09:51:00,95.016,94.992,95.016,94.989,95.04,95.019,95.041,95.015,256
2014-10-14 09:51:00,2014-10-14 09:52:00,94.992,94.969,94.994,94.969,95.019,94.991,95.021,94.991,302
2014-10-14 09:52:00,2014-10-14 09:53:00,94.969,94.959,94.971,94.956,94.991,94.986,94.996,94.98,294
2014-10-14 09:53:00,2014-10-14 09:54:00,94.959,94.959,94.974,94.956,94.986,94.985,95.0,94.98,327
2014-10-14 09:54:00,2014-10-14 09:55:00,94.959,94.987,94.998,94.96,94.985,95.011,95.021,94.985,259
2014-10-14 09:55:00,2014-10-14 09:56:00,94.987,94.995,95.011,94.987,95.011,95.016,95.033,95.01,248
2014-10-14 09:56:00,2014-10-14 09:57:00,94.995,95.006,95.016,94.992,95.016,95.033,95.038,95.013,348
2014-10-14 09:57:00,2014-10-14 09:58:00,95.006,94.967,95.006,94.963,95.033,94.991,95.031,94.988,194
2014-10-14 09:58:00,2014-10-14 09:59:00,94.967,94.955,94.967,94.95,94.991,94.982,94.991,94.977,277
2014-10-14 09:59:00,2014-10-14 10:00:00,94.955,94.903,94.956,94.9,94.982,94.927,94.984,94.925,345
2014-10-14 10:00:00,2014-10-14 10:01:00,94.903,94.92,94.925,94.895,94.927,94.946,94.951,94.92,303
2014-10-14 10:01:00,2014-10-14 10:02:00,94.92,94.934,94.937,94.912,94.946,94.961,94.963,94.939,239
2014-10-14 10:02:00,2014-10-14 10:03:00,94.934,94.987,94.99,94.93,94.961,95.013,95.013,94.955,242
2014-10-14 10:03:00,2014-10-14 10:04:00,94.987,95.005,95.017,94.984,95.013,95.032,95.041,95.011,262
2014-10-14 10:04:00,2014-10-14 10:05:00,95.005,95.019,95.026,95.006,95.032,95.047,95.053,95.03,283
2014-10-14 10:05:00,2014-10-14 10:06:00,95.019,95.021,95.024,94.998,95.047,95.05,95.052,95.022,451
2014-10-14 10:06:00,2014-10-14 10:07:00,95.021,95.036,95.037,95.015,95.05,95.059,95.061,95.041,324
2014-10-14 10:07:00,2014-10-14 10:08:00,95.036,95.039,95.043,95.018,95.059,95.06,95.069,95.042,222
2014-10-14 10:08:00,2014-10-14 10:09:00,95.039,95.018,95.039,95.016,95.06,95.044,95.063,95.043,152
2014-10-14 10:09:00,2014-10-14 10:10:00,95.018,95.012,95.025,95.008,95.044,95.038,95.048,95.032,121
2014-10-14 10:10:00,2014-10-14 10:11:00,95.012,95.007,95.012,95.0,95.038,95.033,95.038,95.021,131
2014-10-14 10:11:00,2014-10-14 10:12:00,95.007,94.991,95.01,94.989,95.033,95.018,95.034,95.015,136
2014-10-14 10:12:00,2014-10-14 10:13:00,94.991,94.978,94.992,94.975,95.018,95.005,95.019,95.002,155
2014-10-14 10:13:00,2014-10-14 10:14:00,94.978,95.003,95.003,94.977,95.005,95.029,95.029,95.004,219
2014-10-14 10:14:00,2014-10-14 10:15:00,95.003,94.992,95.006,94.992,95.029,95.019,95.029,95.016,83
2014-10-14 10:15:00,2014-10-14 10:16:00,94.992,95.012,95.017,94.987,95.019,95.039,95.043,95.014,143
2014-10-14 10:16:00,2014-10-14 10:17:00,95.012,95.02,95.028,95.004,95.039,95.046,95.052,95.033,147
2014-10-14 10:17:00,2014-10-14 10:18:00,95.02,95.023,95.034,95.02,95.046,95.049,95.061,95.046,257
2014-10-14 10:18:00,2014-10-14 10:19:00,95.023,95.031,95.042,95.021,95.049,95.059,95.067,95.048,145
2014-10-14 10:19:00,2014-10-14 10:20:00,95.031,95.032,95.04,95.024,95.059,95.06,95.065,95.051,102
2014-10-14 10:20:00,2014-10-14 10:21:00,95.032,95.032,95.043,95.029,95.06,95.059,95.07,95.054,105
2014-10-14 10:21:00,2014-10-14 10:22:00,95.032,95.042,95.044,95.024,95.059,95.069,95.072,95.049,164
2014-10-14 10:22:00,2014-10-14 10:23:00,95.042,95.045,95.05,95.037,95.069,95.072,95.077,95.059,175
2014-10-14 10:23:00,2014-10-14 10:24:00,95.045,95.049,95.056,95.045,95.072,95.073,95.082,95.069,184
2014-10-14 10:24:00,2014-10-14 10:25:00,95.049,95.066,95.07,95.048,95.073,95.093,95.096,95.073,206
2014-10-14 10:25:00,2014-10-14 10:26:00,95.066,95.094,95.094,95.067,95.093,95.119,95.119,95.093,127
2014-10-14 10:26:00,2014-10-14 10:27:00,95.094,95.098,95.106,95.087,95.119,95.123,95.132,95.116,187
2014-10-14 10:27:00,2014-10-14 10:28:00,95.098,95.098,95.111,95.095,95.123,95.124,95.139,95.122,105
2014-10-14 10:28:00,2014-10-14 10:29:00,95.098,95.094,95.108,95.091,95.124,95.118,95.133,95.116,127
2014-10-14 10:29:00,2014-10-14 10:30:00,95.094,95.037,95.095,95.037,95.118,95.062,95.121,95.061,272
2014-10-14 10:30:00,2014-10-14 10:31:00,95.037,95.036,95.041,95.025,95.062,95.061,95.064,95.05,214
2014-10-14 10:31:00,2014-10-14 10:32:00,95.036,95.041,95.041,95.019,95.061,95.064,95.067,95.043,316
2014-10-14 10:32:00,2014-10-14 10:33:00,95.041,95.027,95.039,95.021,95.064,95.052,95.064,95.045,171
2014-10-14 10:33:00,2014-10-14 10:34:00,95.027,95.006,95.029,94.989,95.052,95.031,95.054,95.013,225
2014-10-14 10:34:00,2014-10-14 10:35:00,95.006,94.998,95.012,94.994,95.031,95.024,95.037,95.02,100
2014-10-14 10:35:00,2014-10-14 10:36:00,94.998,95.005,95.01,94.994,95.024,95.031,95.036,95.018,224
2014-10-14 10:36:00,2014-10-14 10:37:00,95.005,95.015,95.017,95.002,95.031,95.041,95.041,95.028,72
2014-10-14 10:37:00,2014-10-14 10:38:00,95.015,94.989,95.015,94.987,95.041,95.01,95.039,95.01,125
2014-10-14 10:38:00,2014-10-14 10:39:00,94.989,94.975,94.992,94.969,95.01,95.0,95.012,94.994,163
2014-10-14 10:39:00,2014-10-14 10:40:00,94.975,94.965,94.983,94.957,95.0,94.988,95.007,94.982,143
2014-10-14 10:40:00,2014-10-14 10:41:00,94.965,94.965,94.971,94.958,94.988,94.989,94.997,94.983,129
2014-10-14 10:41:00,2014-10-14 10:42:00,94.965,94.961,94.974,94.958,94.989,94.984,95.0,94.982,265
2014-10-14 10:42:00,2014-10-14 10:43:00,94.961,94.969,94.972,94.951,94.984,94.992,94.996,94.975,136
2014-10-14 10:43:00,2014-10-14 10:44:00,94.969,94.996,95.0,94.969,94.992,95.02,95.02,94.99,167
2014-10-14 10:44:00,2014-10-14 10:45:00,94.996,94.986,95.007,94.986,95.02,95.011,95.033,95.011,278
2014-10-14 10:45:00,2014-10-14 10:46:00,94.986,94.963,94.987,94.96,95.011,94.988,95.012,94.985,197
2014-10-14 10:46:00,2014-10-14 10:47:00,94.963,94.978,94.982,94.96,94.988,95.0,95.005,94.985,103
2014-10-14 10:47:00,2014-10-14 10:48:00,94.978,94.952,94.977,94.951,95.0,94.976,95.002,94.976,110
2014-10-14 10:48:00,2014-10-14 10:49:00,94.952,94.941,94.952,94.939,94.976,94.966,94.978,94.964,132
2014-10-14 10:49:00,2014-10-14 10:50:00,94.941,94.929,94.942,94.924,94.966,94.956,94.968,94.95,133
2014-10-14 10:50:00,2014-10-14 10:51:00,94.929,94.934,94.946,94.93,94.956,94.961,94.969,94.956,135
2014-10-14 10:51:00,2014-10-14 10:52:00,94.934,94.935,94.941,94.928,94.961,94.96,94.965,94.952,91
2014-10-14 10:52:00,2014-10-14 10:53:00,94.935,94.949,94.949,94.936,94.96,94.975,94.975,94.96,100
2014-10-14 10:53:00,2014-10-14 10:54:00,94.949,94.967,94.971,94.949,94.975,94.992,94.994,94.971,204
2014-10-14 10:54:00,2014-10-14 10:55:00,94.967,94.955,94.967,94.954,94.992,94.98,94.993,94.979,190
2014-10-14 10:55:00,2014-10-14 10:56:00,94.955,94.957,94.966,94.95,94.98,94.984,94.988,94.975,124
2014-10-14 10:56:00,2014-10-14 10:57:00,94.957,94.961,94.965,94.954,94.984,94.986,94.991,94.979,99
2014-10-14 10:57:00,2014-10-14 10:58:00,94.961,94.982,94.982,94.952,94.986,95.007,95.008,94.98,173
2014-10-14 10:58:00,2014-10-14 10:59:00,94.982,95.002,95.009,94.981,95.007,95.029,95.034,95.003,114
2014-10-14 10:59:00,2014-10-14 11:00:00,95.002,94.949,95.006,94.948,95.029,94.976,95.031,94.976,238
2014-10-14 11:00:00,2014-10-14 11:01:00,94.949,94.959,94.959,94.941,94.976,94.985,94.987,94.968,133
2014-10-14 11:01:00,2014-10-14 11:02:00,94.959,94.969,94.973,94.953,94.985,94.993,94.994,94.982,136
2014-10-14 11:02:00,2014-10-14 11:03:00,94.969,94.972,94.983,94.969,94.993,94.998,95.007,94.993,91
2014-10-14 11:03:00,2014-10-14 11:04:00,94.972,94.978,94.979,94.969,94.998,95.004,95.006,94.994,64
2014-10-14 11:04:00,2014-10-14 11:05:00,94.978,94.986,94.99,94.978,95.004,95.011,95.015,95.005,45
2014-10-14 11:05:00,2014-10-14 11:06:00,94.986,94.98,94.992,94.98,95.011,95.005,95.018,95.005,69
2014-10-14 11:06:00,2014-10-14 11:07:00,94.98,94.973,94.988,94.968,95.005,94.998,95.014,94.995,90
2014-10-14 11:07:00,2014-10-14 11:08:00,94.973,94.944,94.973,94.937,94.998,94.97,95.0,94.962,305
2014-10-14 11:08:00,2014-10-14 11:09:00,94.944,94.937,94.947,94.934,94.97,94.963,94.972,94.957,189
2014-10-14 11:09:00,2014-10-14 11:10:00,94.937,94.913,94.936,94.913,94.963,94.94,94.962,94.934,177
2014-10-14 11:10:00,2014-10-14 11:11:00,94.913,94.925,94.934,94.914,94.94,94.952,94.957,94.94,145
2014-10-14 11:11:00,2014-10-14 11:12:00,94.925,94.925,94.945,94.921,94.952,94.948,94.971,94.943,179
2014-10-14 11:12:00,2014-10-14 11:13:00,94.925,94.929,94.93,94.915,94.948,94.952,94.952,94.939,115
2014-10-14 11:13:00,2014-10-14 11:14:00,94.929,94.937,94.94,94.924,94.952,94.962,94.968,94.949,194
2014-10-14 11:14:00,2014-10-14 11:15:00,94.937,94.913,94.938,94.913,94.962,94.938,94.964,94.938,134
2014-10-14 11:15:00,2014-10-14 11:16:00,94.913,94.936,94.943,94.91,94.938,94.961,94.967,94.936,167
2014-10-14 11:16:00,2014-10-14 11:17:00,94.936,94.955,94.961,94.934,94.961,94.982,94.987,94.958,146
2014-10-14 11:17:00,2014-10-14 11:18:00,94.955,94.978,94.979,94.952,94.982,95.002,95.004,94.977,344
2014-10-14 11:18:00,2014-10-14 11:19:00,94.978,94.985,94.988,94.97,95.002,95.011,95.014,94.996,149
2014-10-14 11:19:00,2014-10-14 11:20:00,94.985,94.979,94.99,94.975,95.011,95.006,95.012,95.001,123
2014-10-14 11:20:00,2014-10-14 11:21:00,94.979,94.973,94.989,94.971,95.006,94.999,95.015,94.997,185
2014-10-14 11:21:00,2014-10-14 11:22:00,94.973,94.969,94.976,94.958,94.999,94.995,95.0,94.983,150
2014-10-14 11:22:00,2014-10-14 11:23:00,94.969,94.971,94.977,94.961,94.995,94.998,95.002,94.987,131
2014-10-14 11:23:00,2014-10-14 11:24:00,94.971,94.94,94.977,94.928,94.998,94.966,95.002,94.955,177
2014-10-14 11:24:00,2014-10-14 11:25:00,94.94,94.866,94.944,94.86,94.966,94.887,94.967,94.884,464
2014-10-14 11:25:00,2014-10-14 11:26:00,94.866,94.899,94.902,94.864,94.887,94.925,94.928,94.886,323
2014-10-14 11:26:00,2014-10-14 11:27:00,94.899,94.905,94.923,94.898,94.925,94.931,94.948,94.923,297
2014-10-14 11:27:00,2014-10-14 11:28:00,94.905,94.914,94.915,94.9,94.931,94.94,94.94,94.925,238
2014-10-14 11:28:00,2014-10-14 11:29:00,94.914,94.901,94.927,94.893,94.94,94.925,94.953,94.919,371
2014-10-14 11:29:00,2014-10-14 11:30:00,94.901,94.875,94.902,94.87,94.925,94.901,94.929,94.897,367
2014-10-14 11:30:00,2014-10-14 11:31:00,94.875,94.857,94.88,94.842,94.901,94.88,94.907,94.867,468
2014-10-14 11:31:00,2014-10-14 11:32:00,94.857,94.899,94.907,94.852,94.88,94.922,94.933,94.877,459
2014-10-14 11:32:00,2014-10-14 11:33:00,94.899,94.902,94.928,94.896,94.922,94.926,94.953,94.916,438
2014-10-14 11:33:00,2014-10-14 11:34:00,94.902,94.92,94.922,94.902,94.926,94.945,94.947,94.927,244
2014-10-14 11:34:00,2014-10-14 11:35:00,94.92,94.93,94.937,94.916,94.945,94.952,94.959,94.939,259
2014-10-14 11:35:00,2014-10-14 11:36:00,94.93,94.934,94.936,94.926,94.952,94.959,94.961,94.952,138
2014-10-14 11:36:00,2014-10-14 11:37:00,94.934,94.944,94.953,94.933,94.959,94.971,94.979,94.958,326
2014-10-14 11:37:00,2014-10-14 11:38:00,94.944,94.95,94.955,94.934,94.971,94.976,94.981,94.958,242
2014-10-14 11:38:00,2014-10-14 11:39:00,94.95,94.955,94.966,94.951,94.976,94.982,94.99,94.976,245
2014-10-14 11:39:00,2014-10-14 11:40:00,94.955,94.954,94.965,94.951,94.982,94.98,94.99,94.975,173
2014-10-14 11:40:00,2014-10-14 11:41:00,94.954,94.97,94.984,94.952,94.98,94.994,95.009,94.977,250
2014-10-14 11:41:00,2014-10-14 11:42:00,94.97,94.963,94.97,94.951,94.994,94.988,94.995,94.978,246
2014-10-14 11:42:00,2014-10-14 11:43:00,94.963,94.959,94.968,94.959,94.988,94.984,94.994,94.984,260
2014-10-14 11:43:00,2014-10-14 11:44:00,94.959,94.95,94.969,94.95,94.984,94.977,94.991,94.974,276
2014-10-14 11:44:00,2014-10-14 11:45:00,94.95,94.945,94.959,94.94,94.977,94.972,94.987,94.966,242
2014-10-14 11:45:00,2014-10-14 11:46:00,94.945,94.972,94.98,94.943,94.972,94.996,95.001,94.968,267
2014-10-14 11:46:00,2014-10-14 11:47:00,94.972,94.964,94.98,94.963,94.996,94.99,95.004,94.986,289
2014-10-14 11:47:00,2014-10-14 11:48:00,94.964,94.964,94.983,94.963,94.99,94.989,95.007,94.988,279
2014-10-14 11:48:00,2014-10-14 11:49:00,94.964,94.947,94.966,94.935,94.989,94.972,94.991,94.963,380
2014-10-14 11:49:00,2014-10-14 11:50:00,94.947,94.943,94.954,94.939,94.972,94.969,94.98,94.965,247
2014-10-14 11:50:00,2014-10-14 11:51:00,94.943,94.946,94.949,94.935,94.969,94.971,94.975,94.958,169
2014-10-14 11:51:00,2014-10-14 11:52:00,94.946,94.955,94.961,94.943,94.971,94.982,94.987,94.97,199
2014-10-14 11:52:00,2014-10-14 11:53:00,94.955,94.968,94.979,94.956,94.982,94.99,95.005,94.982,216
2014-10-14 11:53:00,2014-10-14 11:54:00,94.968,94.975,94.98,94.964,94.99,94.998,95.005,94.987,206
2014-10-14 11:54:00,2014-10-14 11:55:00,94.975,94.985,94.995,94.967,94.998,95.009,95.019,94.99,492
2014-10-14 11:55:00,2014-10-14 11:56:00,94.985,94.976,94.987,94.965,95.009,95.003,95.012,94.986,367
2014-10-14 11:56:00,2014-10-14 11:57:00,94.976,94.976,94.987,94.966,95.003,95.0,95.014,94.991,320
2014-10-14 11:57:00,2014-10-14 11:58:00,94.976,94.954,94.976,94.949,95.0,94.978,95.001,94.971,275
2014-10-14 11:58:00,2014-10-14 11:59:00,94.954,94.968,94.98,94.945,94.978,94.992,95.006,94.969,392
2014-10-14 11:59:00,2014-10-14 12:00:00,94.968,94.981,94.985,94.954,94.992,95.004,95.009,94.981,383
2014-10-14 12:00:00,2014-10-14 12:01:00,94.981,95.006,95.007,94.98,95.004,95.033,95.033,95.004,409
2014-10-14 12:01:00,2014-10-14 12:02:00,95.006,95.023,95.028,95.005,95.033,95.048,95.05,95.031,266
2014-10-14 12:02:00,2014-10-14 12:03:00,95.023,95.031,95.043,95.019,95.048,95.058,95.067,95.043,246
2014-10-14 12:03:00,2014-10-14 12:04:00,95.031,95.028,95.043,95.028,95.058,95.053,95.068,95.052,245
2014-10-14 12:04:00,2014-10-14 12:05:00,95.028,95.033,95.059,95.025,95.053,95.06,95.078,95.05,271
2014-10-14 12:05:00,2014-10-14 12:06:00,95.033,95.019,95.033,95.01,95.06,95.044,95.059,95.034,318
2014-10-14 12:06:00,2014-10-14 12:07:00,95.019,95.024,95.029,95.008,95.044,95.047,95.055,95.034,304
2014-10-14 12:07:00,2014-10-14 12:08:00,95.024,95.02,95.031,95.012,95.047,95.045,95.057,95.038,213
2014-10-14 12:08:00,2014-10-14 12:09:00,95.02,95.047,95.052,95.002,95.045,95.076,95.078,95.027,246
2014-10-14 12:09:00,2014-10-14 12:10:00,95.047,95.063,95.065,95.04,95.076,95.088,95.092,95.067,272
2014-10-14 12:10:00,2014-10-14 12:11:00,95.063,95.089,95.094,95.061,95.088,95.116,95.122,95.086,246
2014-10-14 12:11:00,2014-10-14 12:12:00,95.089,95.087,95.091,95.079,95.116,95.113,95.117,95.104,235
2014-10-14 12:12:00,2014-10-14 12:13:00,95.087,95.124,95.132,95.079,95.113,95.15,95.152,95.106,285
2014-10-14 12:13:00,2014-10-14 12:14:00,95.124,95.094,95.135,95.094,95.15,95.119,95.159,95.117,278
2014-10-14 12:14:00,2014-10-14 12:15:00,95.094,95.088,95.102,95.087,95.119,95.113,95.128,95.111,216
2014-10-14 12:15:00,2014-10-14 12:16:00,95.088,95.097,95.102,95.08,95.113,95.121,95.125,95.107,175
2014-10-14 12:16:00,2014-10-14 12:17:00,95.097,95.092,95.104,95.08,95.121,95.116,95.127,95.103,156
2014-10-14 12:17:00,2014-10-14 12:18:00,95.092,95.089,95.096,95.08,95.116,95.114,95.121,95.105,261
2014-10-14 12:18:00,2014-10-14 12:19:00,95.089,95.076,95.088,95.071,95.114,95.101,95.114,95.096,231
2014-10-14 12:19:00,2014-10-14 12:20:00,95.076,95.074,95.097,95.074,95.101,95.1,95.121,95.099,345
2014-10-14 12:20:00,2014-10-14 12:21:00,95.074,95.103,95.104,95.075,95.1,95.129,95.13,95.1,210
2014-10-14 12:21:00,2014-10-14 12:22:00,95.103,95.121,95.124,95.099,95.129,95.144,95.148,95.125,244
2014-10-14 12:22:00,2014-10-14 12:23:00,95.121,95.173,95.188,95.117,95.144,95.199,95.215,95.139,536
2014-10-14 12:23:00,2014-10-14 12:24:00,95.173,95.205,95.207,95.168,95.199,95.231,95.232,95.191,355
2014-10-14 12:24:00,2014-10-14 12:25:00,95.205,95.21,95.233,95.202,95.231,95.234,95.26,95.226,389
2014-10-14 12:25:00,2014-10-14 12:26:00,95.21,95.231,95.243,95.196,95.234,95.256,95.266,95.222,315
2014-10-14 12:26:00,2014-10-14 12:27:00,95.231,95.225,95.251,95.224,95.256,95.252,95.278,95.251,387
2014-10-14 12:27:00,2014-10-14 12:28:00,95.225,95.26,95.26,95.224,95.252,95.284,95.286,95.247,348
2014-10-14 12:28:00,2014-10-14 12:29:00,95.26,95.275,95.275,95.248,95.284,95.3,95.3,95.273,225
2014-10-14 12:29:00,2014-10-14 12:30:00,95.275,95.281,95.286,95.264,95.3,95.305,95.313,95.29,297
2014-10-14 12:30:00,2014-10-14 12:31:00,95.281,95.296,95.304,95.276,95.305,95.32,95.33,95.3,322
2014-10-14 12:31:00,2014-10-14 12:32:00,95.296,95.298,95.303,95.28,95.32,95.324,95.326,95.306,390
2014-10-14 12:32:00,2014-10-14 12:33:00,95.298,95.333,95.369,95.295,95.324,95.359,95.393,95.317,568
2014-10-14 12:33:00,2014-10-14 12:34:00,95.333,95.329,95.341,95.322,95.359,95.353,95.364,95.346,167
2014-10-14 12:34:00,2014-10-14 12:35:00,95.329,95.32,95.345,95.318,95.353,95.347,95.37,95.345,302
2014-10-14 12:35:00,2014-10-14 12:36:00,95.32,95.331,95.339,95.321,95.347,95.357,95.364,95.345,226
2014-10-14 12:36:00,2014-10-14 12:37:00,95.331,95.334,95.357,95.325,95.357,95.361,95.381,95.35,275
2014-10-14 12:37:00,2014-10-14 12:38:00,95.334,95.341,95.352,95.333,95.361,95.368,95.376,95.358,280
2014-10-14 12:38:00,2014-10-14 12:39:00,95.341,95.34,95.354,95.336,95.368,95.366,95.374,95.362,287
2014-10-14 12:39:00,2014-10-14 12:40:00,95.34,95.315,95.345,95.315,95.366,95.338,95.369,95.338,209
2014-10-14 12:40:00,2014-10-14 12:41:00,95.315,95.276,95.319,95.273,95.338,95.302,95.341,95.295,317
2014-10-14 12:41:00,2014-10-14 12:42:00,95.276,95.286,95.294,95.273,95.302,95.31,95.319,95.295,322
2014-10-14 12:42:00,2014-10-14 12:43:00,95.286,95.281,95.287,95.263,95.31,95.303,95.31,95.284,345
2014-10-14 12:43:00,2014-10-14 12:44:00,95.281,95.281,95.287,95.272,95.303,95.303,95.31,95.296,307
2014-10-14 12:44:00,2014-10-14 12:45:00,95.281,95.293,95.297,95.281,95.303,95.317,95.32,95.305,238
2014-10-14 12:45:00,2014-10-14 12:46:00,95.293,95.294,95.316,95.292,95.317,95.315,95.339,95.313,313
2014-10-14 12:46:00,2014-10-14 12:47:00,95.294,95.263,95.301,95.263,95.315,95.288,95.32,95.288,253
2014-10-14 12:47:00,2014-10-14 12:48:00,95.263,95.259,95.268,95.25,95.288,95.282,95.292,95.274,208
2014-10-14 12:48:00,2014-10-14 12:49:00,95.259,95.272,95.272,95.257,95.282,95.297,95.297,95.282,183
2014-10-14 12:49:00,2014-10-14 12:50:00,95.272,95.273,95.28,95.267,95.297,95.298,95.304,95.293,178
2014-10-14 12:50:00,2014-10-14 12:51:00,95.273,95.273,95.274,95.267,95.298,95.295,95.299,95.289,197
2014-10-14 12:51:00,2014-10-14 12:52:00,95.273,95.294,95.304,95.273,95.295,95.32,95.326,95.296,229
2014-10-14 12:52:00,2014-10-14 12:53:00,95.294,95.29,95.301,95.275,95.32,95.317,95.326,95.3,414
2014-10-14 12:53:00,2014-10-14 12:54:00,95.29,95.301,95.303,95.288,95.317,95.327,95.327,95.31,180
2014-10-14 12:54:00,2014-10-14 12:55:00,95.301,95.294,95.324,95.289,95.327,95.319,95.349,95.314,251
2014-10-14 12:55:00,2014-10-14 12:56:00,95.294,95.275,95.297,95.274,95.319,95.299,95.32,95.299,223
2014-10-14 12:56:00,2014-10-14 12:57:00,95.275,95.261,95.28,95.259,95.299,95.287,95.305,95.28,356
2014-10-14 12:57:00,2014-10-14 12:58:00,95.261,95.263,95.266,95.244,95.287,95.287,95.291,95.263,297
2014-10-14 12:58:00,2014-10-14 12:59:00,95.263,95.273,95.278,95.258,95.287,95.293,95.3,95.281,268
2014-10-14 12:59:00,2014-10-14 13:00:00,95.273,95.261,95.285,95.26,95.293,95.284,95.305,95.282,301
2014-10-14 13:00:00,2014-10-14 13:01:00,95.261,95.256,95.268,95.252,95.284,95.28,95.292,95.274,359
2014-10-14 13:01:00,2014-10-14 13:02:00,95.256,95.262,95.269,95.249,95.28,95.286,95.294,95.269,194
2014-10-14 13:02:00,2014-10-14 13:03:00,95.262,95.278,95.285,95.263,95.286,95.302,95.311,95.283,253
2014-10-14 13:03:00,2014-10-14 13:04:00,95.278,95.282,95.292,95.274,95.302,95.307,95.317,95.298,237
2014-10-14 13:04:00,2014-10-14 13:05:00,95.282,95.305,95.305,95.28,95.307,95.329,95.329,95.303,300
2014-10-14 13:05:00,2014-10-14 13:06:00,95.305,95.3,95.315,95.297,95.329,95.324,95.339,95.323,253
2014-10-14 13:06:00,2014-10-14 13:07:00,95.3,95.291,95.306,95.281,95.324,95.315,95.33,95.307,298
2014-10-14 13:07:00,2014-10-14 13:08:00,95.291,95.295,95.301,95.289,95.315,95.32,95.327,95.314,208
2014-10-14 13:08:00,2014-10-14 13:09:00,95.295,95.289,95.304,95.287,95.32,95.314,95.331,95.31,247
2014-10-14 13:09:00,2014-10-14 13:10:00,95.289,95.28,95.296,95.278,95.314,95.306,95.32,95.303,158
2014-10-14 13:10:00,2014-10-14 13:11:00,95.28,95.269,95.28,95.267,95.306,95.294,95.306,95.29,130
2014-10-14 13:11:00,2014-10-14 13:12:00,95.269,95.273,95.274,95.264,95.294,95.298,95.298,95.289,46
2014-10-14 13:12:00,2014-10-14 13:13:00,95.273,95.288,95.288,95.273,95.298,95.309,95.311,95.296,159
2014-10-14 13:13:00,2014-10-14 13:14:00,95.288,95.306,95.306,95.282,95.309,95.332,95.332,95.308,297
2014-10-14 13:14:00,2014-10-14 13:15:00,95.306,95.32,95.322,95.306,95.332,95.346,95.346,95.331,134
2014-10-14 13:15:00,2014-10-14 13:16:00,95.32,95.345,95.345,95.316,95.346,95.369,95.37,95.341,170
2014-10-14 13:16:00,2014-10-14 13:17:00,95.345,95.306,95.345,95.304,95.369,95.332,95.368,95.328,349
2014-10-14 13:17:00,2014-10-14 13:18:00,95.306,95.324,95.327,95.297,95.332,95.35,95.351,95.32,370
2014-10-14 13:18:00,2014-10-14 13:19:00,95.324,95.325,95.337,95.321,95.35,95.351,95.362,95.344,435
2014-10-14 13:19:00,2014-10-14 13:20:00,95.325,95.337,95.34,95.322,95.351,95.362,95.364,95.348,317
2014-10-14 13:20:00,2014-10-14 13:21:00,95.337,95.334,95.342,95.326,95.362,95.359,95.367,95.351,230
2014-10-14 13:21:00,2014-10-14 13:22:00,95.334,95.327,95.338,95.327,95.359,95.354,95.364,95.354,140
2014-10-14 13:22:00,2014-10-14 13:23:00,95.327,95.322,95.334,95.317,95.354,95.348,95.36,95.342,133
2014-10-14 13:23:00,2014-10-14 13:24:00,95.322,95.314,95.324,95.302,95.348,95.34,95.349,95.326,119
2014-10-14 13:24:00,2014-10-14 13:25:00,95.314,95.307,95.315,95.296,95.34,95.331,95.34,95.322,204
2014-10-14 13:25:00,2014-10-14 13:26:00,95.307,95.316,95.323,95.301,95.331,95.342,95.348,95.322,272
2014-10-14 13:26:00,2014-10-14 13:27:00,95.316,95.344,95.347,95.313,95.342,95.37,95.373,95.338,313
2014-10-14 13:27:00,2014-10-14 13:28:00,95.344,95.337,95.348,95.334,95.37,95.362,95.372,95.355,118
2014-10-14 13:28:00,2014-10-14 13:29:00,95.337,95.349,95.36,95.337,95.362,95.373,95.382,95.36,154
2014-10-14 13:29:00,2014-10-14 13:30:00,95.349,95.328,95.349,95.319,95.373,95.353,95.373,95.342,328
2014-10-14 13:30:00,2014-10-14 13:31:00,95.328,95.34,95.35,95.329,95.353,95.365,95.374,95.353,236
2014-10-14 13:31:00,2014-10-14 13:32:00,95.34,95.32,95.343,95.309,95.365,95.345,95.367,95.333,315
2014-10-14 13:32:00,2014-10-14 13:33:00,95.32,95.336,95.336,95.312,95.345,95.362,95.362,95.336,417
2014-10-14 13:33:00,2014-10-14 13:34:00,95.336,95.345,95.35,95.332,95.362,95.367,95.375,95.359,422
2014-10-14 13:34:00,2014-10-14 13:35:00,95.345,95.374,95.378,95.344,95.367,95.399,95.404,95.367,329
2014-10-14 13:35:00,2014-10-14 13:36:00,95.374,95.388,95.389,95.357,95.399,95.416,95.416,95.383,375
2014-10-14 13:36:00,2014-10-14 13:37:00,95.388,95.386,95.411,95.375,95.416,95.412,95.435,95.399,403
2014-10-14 13:37:00,2014-10-14 13:38:00,95.386,95.383,95.406,95.383,95.412,95.408,95.432,95.407,362
2014-10-14 13:38:00,2014-10-14 13:39:00,95.383,95.4,95.418,95.379,95.408,95.427,95.443,95.405,335
2014-10-14 13:39:00,2014-10-14 13:40:00,95.4,95.389,95.408,95.386,95.427,95.413,95.434,95.412,248
2014-10-14 13:40:00,2014-10-14 13:41:00,95.389,95.41,95.412,95.388,95.413,95.435,95.437,95.411,395
2014-10-14 13:41:00,2014-10-14 13:42:00,95.41,95.413,95.43,95.398,95.435,95.438,95.455,95.421,398
2014-10-14 13:42:00,2014-10-14 13:43:00,95.413,95.397,95.414,95.394,95.438,95.424,95.44,95.421,398
2014-10-14 13:43:00,2014-10-14 13:44:00,95.397,95.388,95.415,95.379,95.424,95.414,95.439,95.405,335
2014-10-14 13:44:00,2014-10-14 13:45:00,95.388,95.371,95.401,95.362,95.414,95.396,95.425,95.388,429
2014-10-14 13:45:00,2014-10-14 13:46:00,95.371,95.372,95.379,95.362,95.396,95.396,95.406,95.388,341
2014-10-14 13:46:00,2014-10-14 13:47:00,95.372,95.367,95.382,95.359,95.396,95.393,95.406,95.386,246
2014-10-14 13:47:00,2014-10-14 13:48:00,95.367,95.346,95.367,95.337,95.393,95.372,95.393,95.364,379
2014-10-14 13:48:00,2014-10-14 13:49:00,95.346,95.339,95.358,95.338,95.372,95.363,95.384,95.361,349
2014-10-14 13:49:00,2014-10-14 13:50:00,95.339,95.328,95.339,95.311,95.363,95.353,95.361,95.337,323
2014-10-14 13:50:00,2014-10-14 13:51:00,95.328,95.324,95.335,95.312,95.353,95.35,95.361,95.338,527
2014-10-14 13:51:00,2014-10-14 13:52:00,95.324,95.327,95.346,95.319,95.35,95.346,95.371,95.34,497
2014-10-14 13:52:00,2014-10-14 13:53:00,95.327,95.311,95.338,95.306,95.346,95.337,95.361,95.328,404
2014-10-14 13:53:00,2014-10-14 13:54:00,95.311,95.295,95.329,95.29,95.337,95.321,95.35,95.314,414
2014-10-14 13:54:00,2014-10-14 13:55:00,95.295,95.281,95.302,95.275,95.321,95.307,95.324,95.301,540
2014-10-14 13:55:00,2014-10-14 13:56:00,95.281,95.27,95.29,95.265,95.307,95.294,95.318,95.289,464
2014-10-14 13:56:00,2014-10-14 13:57:00,95.27,95.258,95.27,95.251,95.294,95.285,95.296,95.275,313
2014-10-14 13:57:00,2014-10-14 13:58:00,95.258,95.247,95.259,95.235,95.285,95.271,95.285,95.259,426
2014-10-14 13:58:00,2014-10-14 13:59:00,95.247,95.226,95.251,95.213,95.271,95.25,95.277,95.239,507
2014-10-14 13:59:00,2014-10-14 14:00:00,95.226,95.194,95.232,95.185,95.25,95.219,95.257,95.21,509
2014-10-14 14:00:00,2014-10-14 14:01:00,95.194,95.14,95.196,95.138,95.219,95.167,95.223,95.165,577
2014-10-14 14:01:00,2014-10-14 14:02:00,95.14,95.191,95.199,95.14,95.167,95.216,95.222,95.167,458
2014-10-14 14:02:00,2014-10-14 14:03:00,95.191,95.211,95.211,95.17,95.216,95.236,95.236,95.196,504
2014-10-14 14:03:00,2014-10-14 14:04:00,95.211,95.259,95.268,95.213,95.236,95.284,95.294,95.236,479
2014-10-14 14:04:00,2014-10-14 14:05:00,95.259,95.255,95.273,95.249,95.284,95.28,95.299,95.273,585
2014-10-14 14:05:00,2014-10-14 14:06:00,95.255,95.291,95.293,95.25,95.28,95.318,95.318,95.276,544
2014-10-14 14:06:00,2014-10-14 14:07:00,95.291,95.28,95.296,95.277,95.318,95.305,95.321,95.3,436
2014-10-14 14:07:00,2014-10-14 14:08:00,95.28,95.277,95.288,95.26,95.305,95.296,95.313,95.283,433
2014-10-14 14:08:00,2014-10-14 14:09:00,95.277,95.31,95.319,95.262,95.296,95.335,95.346,95.287,549
2014-10-14 14:09:00,2014-10-14 14:10:00,95.31,95.295,95.316,95.29,95.335,95.32,95.342,95.317,486
2014-10-14 14:10:00,2014-10-14 14:11:00,95.295,95.305,95.312,95.283,95.32,95.331,95.338,95.31,481
2014-10-14 14:11:00,2014-10-14 14:12:00,95.305,95.326,95.326,95.303,95.331,95.35,95.35,95.329,348
2014-10-14 14:12:00,2014-10-14 14:13:00,95.326,95.362,95.378,95.324,95.35,95.388,95.403,95.35,509
2014-10-14 14:13:00,2014-10-14 14:14:00,95.362,95.374,95.391,95.352,95.388,95.402,95.415,95.379,564
2014-10-14 14:14:00,2014-10-14 14:15:00,95.374,95.359,95.388,95.35,95.402,95.384,95.413,95.374,477
2014-10-14 14:15:00,2014-10-14 14:16:00,95.359,95.325,95.369,95.315,95.384,95.351,95.395,95.34,448
2014-10-14 14:16:00,2014-10-14 14:17:00,95.325,95.287,95.339,95.284,95.351,95.311,95.364,95.309,658
2014-10-14 14:17:00,2014-10-14 14:18:00,95.287,95.264,95.31,95.258,95.311,95.288,95.333,95.283,740
2014-10-14 14:18:00,2014-10-14 14:19:00,95.264,95.267,95.282,95.248,95.288,95.293,95.306,95.27,645
2014-10-14 14:19:00,2014-10-14 14:20:00,95.267,95.265,95.276,95.245,95.293,95.29,95.302,95.262,582
2014-10-14 14:20:00,2014-10-14 14:21:00,95.265,95.251,95.277,95.233,95.29,95.276,95.301,95.259,647
2014-10-14 14:21:00,2014-10-14 14:22:00,95.251,95.228,95.252,95.209,95.276,95.253,95.278,95.235,560
2014-10-14 14:22:00,2014-10-14 14:23:00,95.228,95.237,95.245,95.208,95.253,95.263,95.272,95.223,632
2014-10-14 14:23:00,2014-10-14 14:24:00,95.237,95.168,95.237,95.154,95.263,95.191,95.264,95.175,618
2014-10-14 14:24:00,2014-10-14 14:25:00,95.168,95.236,95.237,95.168,95.191,95.261,95.264,95.193,468
2014-10-14 14:25:00,2014-10-14 14:26:00,95.236,95.246,95.248,95.213,95.261,95.271,95.273,95.24,470
2014-10-14 14:26:00,2014-10-14 14:27:00,95.246,95.271,95.278,95.234,95.271,95.297,95.305,95.259,380
2014-10-14 14:27:00,2014-10-14 14:28:00,95.271,95.255,95.275,95.225,95.297,95.278,95.3,95.25,439
2014-10-14 14:28:00,2014-10-14 14:29:00,95.255,95.236,95.261,95.224,95.278,95.26,95.287,95.249,481
2014-10-14 14:29:00,2014-10-14 14:30:00,95.236,95.241,95.258,95.214,95.26,95.266,95.283,95.236,544
2014-10-14 14:30:00,2014-10-14 14:31:00,95.241,95.206,95.241,95.206,95.266,95.23,95.266,95.229,356
2014-10-14 14:31:00,2014-10-14 14:32:00,95.206,95.245,95.245,95.194,95.23,95.27,95.27,95.221,463
2014-10-14 14:32:00,2014-10-14 14:33:00,95.245,95.26,95.281,95.239,95.27,95.285,95.302,95.264,420
2014-10-14 14:33:00,2014-10-14 14:34:00,95.26,95.232,95.266,95.228,95.285,95.258,95.294,95.254,384
2014-10-14 14:34:00,2014-10-14 14:35:00,95.232,95.28,95.288,95.231,95.258,95.307,95.314,95.257,473
2014-10-14 14:35:00,2014-10-14 14:36:00,95.28,95.297,95.304,95.28,95.307,95.321,95.33,95.305,291
2014-10-14 14:36:00,2014-10-14 14:37:00,95.297,95.305,95.317,95.293,95.321,95.333,95.342,95.319,375
2014-10-14 14:37:00,2014-10-14 14:38:00,95.305,95.29,95.307,95.287,95.333,95.316,95.333,95.311,299
2014-10-14 14:38:00,2014-10-14 14:39:00,95.29,95.269,95.296,95.264,95.316,95.295,95.319,95.289,311
2014-10-14 14:39:00,2014-10-14 14:40:00,95.269,95.274,95.287,95.262,95.295,95.299,95.313,95.287,361
2014-10-14 14:40:00,2014-10-14 14:41:00,95.274,95.271,95.298,95.266,95.299,95.291,95.322,95.289,455
2014-10-14 14:41:00,2014-10-14 14:42:00,95.271,95.277,95.278,95.247,95.291,95.302,95.302,95.273,408
2014-10-14 14:42:00,2014-10-14 14:43:00,95.277,95.291,95.296,95.271,95.302,95.316,95.321,95.295,280
2014-10-14 14:43:00,2014-10-14 14:44:00,95.291,95.275,95.301,95.275,95.316,95.3,95.325,95.298,275
2014-10-14 14:44:00,2014-10-14 14:45:00,95.275,95.282,95.292,95.266,95.3,95.308,95.317,95.292,279
2014-10-14 14:45:00,2014-10-14 14:46:00,95.282,95.301,95.309,95.268,95.308,95.326,95.333,95.293,465
2014-10-14 14:46:00,2014-10-14 14:47:00,95.301,95.3,95.314,95.295,95.326,95.323,95.337,95.318,348
2014-10-14 14:47:00,2014-10-14 14:48:00,95.3,95.308,95.308,95.294,95.323,95.333,95.335,95.314,336
2014-10-14 14:48:00,2014-10-14 14:49:00,95.308,95.311,95.326,95.302,95.333,95.336,95.348,95.327,395
2014-10-14 14:49:00,2014-10-14 14:50:00,95.311,95.308,95.323,95.306,95.336,95.331,95.349,95.329,416
2014-10-14 14:50:00,2014-10-14 14:51:00,95.308,95.303,95.321,95.296,95.331,95.323,95.344,95.319,370
2014-10-14 14:51:00,2014-10-14 14:52:00,95.303,95.319,95.321,95.298,95.323,95.342,95.345,95.318,314
2014-10-14 14:52:00,2014-10-14 14:53:00,95.319,95.341,95.346,95.314,95.342,95.364,95.371,95.336,299
2014-10-14 14:53:00,2014-10-14 14:54:00,95.341,95.323,95.344,95.315,95.364,95.342,95.368,95.34,320
2014-10-14 14:54:00,2014-10-14 14:55:00,95.323,95.305,95.325,95.277,95.342,95.33,95.35,95.301,423
2014-10-14 14:55:00,2014-10-14 14:56:00,95.305,95.322,95.331,95.306,95.33,95.347,95.356,95.33,205
2014-10-14 14:56:00,2014-10-14 14:57:00,95.322,95.314,95.346,95.314,95.347,95.34,95.372,95.34,310
2014-10-14 14:57:00,2014-10-14 14:58:00,95.314,95.284,95.317,95.28,95.34,95.31,95.343,95.304,491
2014-10-14 14:58:00,2014-10-14 14:59:00,95.284,95.296,95.318,95.281,95.31,95.323,95.342,95.306,698
2014-10-14 14:59:00,2014-10-14 15:00:00,95.296,95.307,95.308,95.283,95.323,95.33,95.334,95.305,477
2014-10-14 15:00:00,2014-10-14 15:01:00,95.307,95.301,95.313,95.296,95.33,95.326,95.337,95.32,296
2014-10-14 15:01:00,2014-10-14 15:02:00,95.301,95.31,95.314,95.276,95.326,95.333,95.339,95.301,413
2014-10-14 15:02:00,2014-10-14 15:03:00,95.31,95.277,95.315,95.27,95.333,95.301,95.339,95.292,391
2014-10-14 15:03:00,2014-10-14 15:04:00,95.277,95.265,95.279,95.259,95.301,95.291,95.303,95.282,469
2014-10-14 15:04:00,2014-10-14 15:05:00,95.265,95.246,95.271,95.245,95.291,95.272,95.296,95.27,283
2014-10-14 15:05:00,2014-10-14 15:06:00,95.246,95.254,95.257,95.231,95.272,95.28,95.282,95.256,348
2014-10-14 15:06:00,2014-10-14 15:07:00,95.254,95.254,95.265,95.246,95.28,95.281,95.286,95.27,307
2014-10-14 15:07:00,2014-10-14 15:08:00,95.254,95.275,95.275,95.246,95.281,95.301,95.301,95.272,249
2014-10-14 15:08:00,2014-10-14 15:09:00,95.275,95.262,95.286,95.256,95.301,95.286,95.312,95.281,362
2014-10-14 15:09:00,2014-10-14 15:10:00,95.262,95.284,95.294,95.262,95.286,95.309,95.32,95.287,388
2014-10-14 15:10:00,2014-10-14 15:11:00,95.284,95.288,95.293,95.278,95.309,95.312,95.318,95.302,304
2014-10-14 15:11:00,2014-10-14 15:12:00,95.288,95.306,95.31,95.282,95.312,95.332,95.336,95.308,279
2014-10-14 15:12:00,2014-10-14 15:13:00,95.306,95.31,95.311,95.281,95.332,95.335,95.336,95.306,377
2014-10-14 15:13:00,2014-10-14 15:14:00,95.31,95.308,95.315,95.295,95.335,95.332,95.339,95.319,390
2014-10-14 15:14:00,2014-10-14 15:15:00,95.308,95.315,95.335,95.304,95.332,95.34,95.358,95.331,323
2014-10-14 15:15:00,2014-10-14 15:16:00,95.315,95.355,95.355,95.31,95.34,95.374,95.377,95.333,301
2014-10-14 15:16:00,2014-10-14 15:17:00,95.355,95.394,95.401,95.346,95.374,95.419,95.425,95.37,298
2014-10-14 15:17:00,2014-10-14 15:18:00,95.394,95.362,95.396,95.36,95.419,95.386,95.423,95.384,397
2014-10-14 15:18:00,2014-10-14 15:19:00,95.362,95.365,95.375,95.36,95.386,95.389,95.399,95.384,170
2014-10-14 15:19:00,2014-10-14 15:20:00,95.365,95.336,95.365,95.332,95.389,95.359,95.389,95.359,329
2014-10-14 15:20:00,2014-10-14 15:21:00,95.336,95.326,95.344,95.326,95.359,95.35,95.37,95.35,252
2014-10-14 15:21:00,2014-10-14 15:22:00,95.326,95.322,95.348,95.322,95.35,95.349,95.372,95.348,214
2014-10-14 15:22:00,2014-10-14 15:23:00,95.322,95.324,95.331,95.316,95.349,95.35,95.355,95.341,363
2014-10-14 15:23:00,2014-10-14 15:24:00,95.324,95.344,95.35,95.323,95.35,95.37,95.374,95.348,257
2014-10-14 15:24:00,2014-10-14 15:25:00,95.344,95.319,95.346,95.317,95.37,95.344,95.372,95.343,213
2014-10-14 15:25:00,2014-10-14 15:26:00,95.319,95.345,95.345,95.318,95.344,95.37,95.371,95.344,174
2014-10-14 15:26:00,2014-10-14 15:27:00,95.345,95.307,95.347,95.305,95.37,95.331,95.373,95.33,263
2014-10-14 15:27:00,2014-10-14 15:28:00,95.307,95.298,95.307,95.295,95.331,95.323,95.328,95.319,95
2014-10-14 15:28:00,2014-10-14 15:29:00,95.298,95.325,95.327,95.299,95.323,95.35,95.351,95.323,132
2014-10-14 15:29:00,2014-10-14 15:30:00,95.325,95.326,95.327,95.307,95.35,95.35,95.351,95.333,159
2014-10-14 15:30:00,2014-10-14 15:31:00,95.326,95.295,95.334,95.295,95.35,95.321,95.355,95.321,246
2014-10-14 15:31:00,2014-10-14 15:32:00,95.295,95.312,95.312,95.286,95.321,95.333,95.333,95.311,160
2014-10-14 15:32:00,2014-10-14 15:33:00,95.312,95.305,95.31,95.295,95.333,95.328,95.335,95.319,231
2014-10-14 15:33:00,2014-10-14 15:34:00,95.305,95.291,95.303,95.278,95.328,95.315,95.328,95.301,226
2014-10-14 15:34:00,2014-10-14 15:35:00,95.291,95.282,95.299,95.277,95.315,95.307,95.323,95.303,264
2014-10-14 15:35:00,2014-10-14 15:36:00,95.282,95.302,95.31,95.277,95.307,95.329,95.336,95.301,218
2014-10-14 15:36:00,2014-10-14 15:37:00,95.302,95.325,95.327,95.302,95.329,95.352,95.352,95.327,323
2014-10-14 15:37:00,2014-10-14 15:38:00,95.325,95.305,95.33,95.296,95.352,95.331,95.354,95.319,324
2014-10-14 15:38:00,2014-10-14 15:39:00,95.305,95.307,95.323,95.305,95.331,95.332,95.349,95.33,193
2014-10-14 15:39:00,2014-10-14 15:40:00,95.307,95.315,95.318,95.29,95.332,95.341,95.344,95.313,207
2014-10-14 15:40:00,2014-10-14 15:41:00,95.315,95.328,95.331,95.315,95.341,95.353,95.357,95.34,249
2014-10-14 15:41:00,2014-10-14 15:42:00,95.328,95.343,95.345,95.324,95.353,95.367,95.372,95.349,229
2014-10-14 15:42:00,2014-10-14 15:43:00,95.343,95.355,95.355,95.338,95.367,95.381,95.381,95.362,141
2014-10-14 15:43:00,2014-10-14 15:44:00,95.355,95.385,95.394,95.355,95.381,95.412,95.419,95.379,165
2014-10-14 15:44:00,2014-10-14 15:45:00,95.385,95.392,95.407,95.385,95.412,95.418,95.434,95.41,262
2014-10-14 15:45:00,2014-10-14 15:46:00,95.392,95.395,95.395,95.381,95.418,95.417,95.421,95.406,180
2014-10-14 15:46:00,2014-10-14 15:47:00,95.395,95.38,95.396,95.365,95.417,95.405,95.419,95.393,204
2014-10-14 15:47:00,2014-10-14 15:48:00,95.38,95.368,95.393,95.368,95.405,95.392,95.418,95.392,190
2014-10-14 15:48:00,2014-10-14 15:49:00,95.368,95.374,95.378,95.361,95.392,95.396,95.401,95.383,203
2014-10-14 15:49:00,2014-10-14 15:50:00,95.374,95.378,95.382,95.371,95.396,95.406,95.408,95.394,258
2014-10-14 15:50:00,2014-10-14 15:51:00,95.378,95.35,95.382,95.349,95.406,95.375,95.405,95.375,155
2014-10-14 15:51:00,2014-10-14 15:52:00,95.35,95.353,95.365,95.334,95.375,95.378,95.388,95.361,264
2014-10-14 15:52:00,2014-10-14 15:53:00,95.353,95.348,95.357,95.338,95.378,95.37,95.383,95.363,207
2014-10-14 15:53:00,2014-10-14 15:54:00,95.348,95.335,95.348,95.331,95.37,95.36,95.371,95.357,167
2014-10-14 15:54:00,2014-10-14 15:55:00,95.335,95.344,95.352,95.333,95.36,95.369,95.378,95.359,147
2014-10-14 15:55:00,2014-10-14 15:56:00,95.344,95.348,95.367,95.34,95.369,95.375,95.39,95.365,277
2014-10-14 15:56:00,2014-10-14 15:57:00,95.348,95.344,95.356,95.343,95.375,95.371,95.381,95.366,287
2014-10-14 15:57:00,2014-10-14 15:58:00,95.344,95.337,95.346,95.332,95.371,95.36,95.37,95.355,169
2014-10-14 15:58:00,2014-10-14 15:59:00,95.337,95.355,95.357,95.333,95.36,95.377,95.379,95.357,252
2014-10-14 15:59:00,2014-10-14 16:00:00,95.355,95.357,95.366,95.35,95.377,95.38,95.389,95.372,212
2014-10-14 16:00:00,2014-10-14 16:01:00,95.357,95.35,95.36,95.349,95.38,95.376,95.383,95.374,190
2014-10-14 16:01:00,2014-10-14 16:02:00,95.35,95.325,95.356,95.325,95.376,95.352,95.382,95.347,316
2014-10-14 16:02:00,2014-10-14 16:03:00,95.325,95.345,95.353,95.318,95.352,95.367,95.375,95.344,240
2014-10-14 16:03:00,2014-10-14 16:04:00,95.345,95.355,95.359,95.345,95.367,95.376,95.382,95.368,120
2014-10-14 16:04:00,2014-10-14 16:05:00,95.355,95.35,95.363,95.35,95.376,95.377,95.387,95.375,96
2014-10-14 16:05:00,2014-10-14 16:06:00,95.35,95.374,95.377,95.35,95.377,95.4,95.402,95.376,238
2014-10-14 16:06:00,2014-10-14 16:07:00,95.374,95.377,95.378,95.364,95.4,95.403,95.403,95.391,164
2014-10-14 16:07:00,2014-10-14 16:08:00,95.377,95.377,95.381,95.373,95.403,95.403,95.408,95.401,80
2014-10-14 16:08:00,2014-10-14 16:09:00,95.377,95.37,95.387,95.367,95.403,95.396,95.413,95.393,167
2014-10-14 16:09:00,2014-10-14 16:10:00,95.37,95.346,95.37,95.345,95.396,95.371,95.395,95.371,148
2014-10-14 16:10:00,2014-10-14 16:11:00,95.346,95.328,95.346,95.319,95.371,95.355,95.371,95.347,215
2014-10-14 16:11:00,2014-10-14 16:12:00,95.328,95.337,95.341,95.327,95.355,95.364,95.366,95.354,177
2014-10-14 16:12:00,2014-10-14 16:13:00,95.337,95.353,95.353,95.338,95.364,95.379,95.379,95.364,150
2014-10-14 16:13:00,2014-10-14 16:14:00,95.353,95.348,95.355,95.347,95.379,95.375,95.382,95.373,81
2014-10-14 16:14:00,2014-10-14 16:15:00,95.348,95.339,95.358,95.339,95.375,95.366,95.385,95.366,164
2014-10-14 16:15:00,2014-10-14 16:16:00,95.339,95.335,95.342,95.326,95.366,95.359,95.364,95.353,219
2014-10-14 16:16:00,2014-10-14 16:17:00,95.335,95.336,95.339,95.326,95.359,95.364,95.364,95.351,205
2014-10-14 16:17:00,2014-10-14 16:18:00,95.336,95.325,95.348,95.319,95.364,95.351,95.375,95.342,190
2014-10-14 16:18:00,2014-10-14 16:19:00,95.325,95.322,95.328,95.319,95.351,95.35,95.354,95.347,100
2014-10-14 16:19:00,2014-10-14 16:20:00,95.322,95.315,95.329,95.311,95.35,95.342,95.356,95.335,154
2014-10-14 16:20:00,2014-10-14 16:21:00,95.315,95.317,95.317,95.301,95.342,95.343,95.344,95.324,198
2014-10-14 16:21:00,2014-10-14 16:22:00,95.317,95.323,95.326,95.317,95.343,95.35,95.352,95.342,114
2014-10-14 16:22:00,2014-10-14 16:23:00,95.323,95.304,95.333,95.304,95.35,95.332,95.36,95.331,242
2014-10-14 16:23:00,2014-10-14 16:24:00,95.304,95.309,95.313,95.295,95.332,95.335,95.338,95.322,177
2014-10-14 16:24:00,2014-10-14 16:25:00,95.309,95.293,95.315,95.293,95.335,95.319,95.34,95.319,120
2014-10-14 16:25:00,2014-10-14 16:26:00,95.293,95.291,95.293,95.274,95.319,95.315,95.318,95.301,90
2014-10-14 16:26:00,2014-10-14 16:27:00,95.291,95.305,95.306,95.29,95.315,95.332,95.334,95.314,122
2014-10-14 16:27:00,2014-10-14 16:28:00,95.305,95.317,95.318,95.305,95.332,95.34,95.342,95.332,75
2014-10-14 16:28:00,2014-10-14 16:29:00,95.317,95.287,95.319,95.287,95.34,95.311,95.34,95.31,124
2014-10-14 16:29:00,2014-10-14 16:30:00,95.287,95.296,95.296,95.283,95.311,95.323,95.323,95.307,75
2014-10-14 16:30:00,2014-10-14 16:31:00,95.296,95.276,95.296,95.267,95.323,95.302,95.321,95.29,267
2014-10-14 16:31:00,2014-10-14 16:32:00,95.276,95.252,95.285,95.238,95.302,95.277,95.312,95.264,246
2014-10-14 16:32:00,2014-10-14 16:33:00,95.252,95.268,95.28,95.25,95.277,95.297,95.306,95.277,127
2014-10-14 16:33:00,2014-10-14 16:34:00,95.268,95.269,95.276,95.265,95.297,95.293,95.303,95.289,86
2014-10-14 16:34:00,2014-10-14 16:35:00,95.269,95.231,95.268,95.225,95.293,95.258,95.293,95.252,299
2014-10-14 16:35:00,2014-10-14 16:36:00,95.231,95.2,95.233,95.194,95.258,95.226,95.26,95.219,276
2014-10-14 16:36:00,2014-10-14 16:37:00,95.2,95.199,95.208,95.193,95.226,95.225,95.234,95.218,283
2014-10-14 16:37:00,2014-10-14 16:38:00,95.199,95.211,95.22,95.196,95.225,95.236,95.242,95.224,225
2014-10-14 16:38:00,2014-10-14 16:39:00,95.211,95.206,95.218,95.205,95.236,95.233,95.244,95.232,195
2014-10-14 16:39:00,2014-10-14 16:40:00,95.206,95.188,95.218,95.188,95.233,95.215,95.24,95.215,170
2014-10-14 16:40:00,2014-10-14 16:41:00,95.188,95.204,95.207,95.188,95.215,95.23,95.233,95.216,106
2014-10-14 16:41:00,2014-10-14 16:42:00,95.204,95.204,95.215,95.201,95.23,95.232,95.243,95.226,160
2014-10-14 16:42:00,2014-10-14 16:43:00,95.204,95.197,95.208,95.189,95.232,95.224,95.234,95.216,186
2014-10-14 16:43:00,2014-10-14 16:44:00,95.197,95.206,95.206,95.186,95.224,95.23,95.23,95.207,218
2014-10-14 16:44:00,2014-10-14 16:45:00,95.206,95.218,95.222,95.206,95.23,95.242,95.247,95.231,212
2014-10-14 16:45:00,2014-10-14 16:46:00,95.218,95.214,95.218,95.211,95.242,95.24,95.244,95.235,330
2014-10-14 16:46:00,2014-10-14 16:47:00,95.214,95.186,95.214,95.185,95.24,95.214,95.242,95.212,147
2014-10-14 16:47:00,2014-10-14 16:48:00,95.186,95.189,95.203,95.183,95.214,95.217,95.229,95.207,172
2014-10-14 16:48:00,2014-10-14 16:49:00,95.189,95.22,95.222,95.187,95.217,95.248,95.248,95.215,173
2014-10-14 16:49:00,2014-10-14 16:50:00,95.22,95.201,95.228,95.199,95.248,95.228,95.255,95.226,157
2014-10-14 16:50:00,2014-10-14 16:51:00,95.201,95.189,95.206,95.189,95.228,95.216,95.234,95.215,125
2014-10-14 16:51:00,2014-10-14 16:52:00,95.189,95.177,95.196,95.174,95.216,95.201,95.223,95.199,163
2014-10-14 16:52:00,2014-10-14 16:53:00,95.177,95.183,95.184,95.171,95.201,95.209,95.212,95.199,122
2014-10-14 16:53:00,2014-10-14 16:54:00,95.183,95.168,95.195,95.168,95.209,95.196,95.223,95.195,86
2014-10-14 16:54:00,2014-10-14 16:55:00,95.168,95.173,95.18,95.168,95.196,95.2,95.206,95.192,132
2014-10-14 16:55:00,2014-10-14 16:56:00,95.173,95.154,95.173,95.153,95.2,95.179,95.198,95.179,113
2014-10-14 16:56:00,2014-10-14 16:57:00,95.154,95.143,95.155,95.143,95.179,95.172,95.181,95.168,64
2014-10-14 16:57:00,2014-10-14 16:58:00,95.143,95.137,95.147,95.12,95.172,95.164,95.173,95.145,255
2014-10-14 16:58:00,2014-10-14 16:59:00,95.137,95.127,95.14,95.123,95.164,95.153,95.166,95.149,179
2014-10-14 16:59:00,2014-10-14 17:00:00,95.127,95.123,95.137,95.123,95.153,95.149,95.162,95.148,145
2014-10-14 17:00:00,2014-10-14 17:01:00,95.123,95.129,95.132,95.115,95.149,95.153,95.155,95.136,199
2014-10-14 17:01:00,2014-10-14 17:02:00,95.129,95.117,95.129,95.115,95.153,95.14,95.155,95.136,226
2014-10-14 17:02:00,2014-10-14 17:03:00,95.117,95.106,95.125,95.106,95.14,95.13,95.151,95.13,141
2014-10-14 17:03:00,2014-10-14 17:04:00,95.106,95.115,95.115,95.1,95.13,95.141,95.141,95.121,182
2014-10-14 17:04:00,2014-10-14 17:05:00,95.115,95.113,95.119,95.113,95.141,95.137,95.143,95.134,66
2014-10-14 17:05:00,2014-10-14 17:06:00,95.113,95.095,95.114,95.094,95.137,95.116,95.137,95.114,144
2014-10-14 17:06:00,2014-10-14 17:07:00,95.095,95.085,95.102,95.084,95.116,95.111,95.126,95.108,158
2014-10-14 17:07:00,2014-10-14 17:08:00,95.085,95.082,95.086,95.062,95.111,95.109,95.112,95.088,209
2014-10-14 17:08:00,2014-10-14 17:09:00,95.082,95.099,95.103,95.075,95.109,95.125,95.128,95.098,184
2014-10-14 17:09:00,2014-10-14 17:10:00,95.099,95.098,95.103,95.088,95.125,95.121,95.126,95.114,220
2014-10-14 17:10:00,2014-10-14 17:11:00,95.098,95.12,95.126,95.099,95.121,95.143,95.146,95.121,214
2014-10-14 17:11:00,2014-10-14 17:12:00,95.12,95.134,95.134,95.111,95.143,95.158,95.158,95.138,171
2014-10-14 17:12:00,2014-10-14 17:13:00,95.134,95.144,95.151,95.129,95.158,95.168,95.173,95.155,155
2014-10-14 17:13:00,2014-10-14 17:14:00,95.144,95.123,95.144,95.116,95.168,95.147,95.168,95.14,180
2014-10-14 17:14:00,2014-10-14 17:15:00,95.123,95.132,95.143,95.12,95.147,95.158,95.17,95.146,144
2014-10-14 17:15:00,2014-10-14 17:16:00,95.132,95.124,95.132,95.123,95.158,95.15,95.161,95.148,33
2014-10-14 17:16:00,2014-10-14 17:17:00,95.124,95.114,95.124,95.114,95.15,95.141,95.152,95.141,31
2014-10-14 17:17:00,2014-10-14 17:18:00,95.114,95.1,95.114,95.1,95.141,95.125,95.14,95.125,56
2014-10-14 17:18:00,2014-10-14 17:19:00,95.1,95.1,95.111,95.1,95.125,95.125,95.137,95.124,68
2014-10-14 17:19:00,2014-10-14 17:20:00,95.1,95.084,95.1,95.072,95.125,95.111,95.123,95.097,97
2014-10-14 17:20:00,2014-10-14 17:21:00,95.084,95.092,95.098,95.084,95.111,95.115,95.123,95.11,98
2014-10-14 17:21:00,2014-10-14 17:22:00,95.092,95.09,95.098,95.079,95.115,95.113,95.121,95.104,62
2014-10-14 17:22:00,2014-10-14 17:23:00,95.09,95.08,95.089,95.069,95.113,95.104,95.113,95.092,108
2014-10-14 17:23:00,2014-10-14 17:24:00,95.08,95.091,95.099,95.076,95.104,95.117,95.123,95.101,266
2014-10-14 17:24:00,2014-10-14 17:25:00,95.091,95.071,95.099,95.071,95.117,95.095,95.123,95.094,127
2014-10-14 17:25:00,2014-10-14 17:26:00,95.071,95.082,95.088,95.068,95.095,95.107,95.113,95.091,133
2014-10-14 17:26:00,2014-10-14 17:27:00,95.082,95.078,95.089,95.075,95.107,95.103,95.112,95.1,78
2014-10-14 17:27:00,2014-10-14 17:28:00,95.078,95.07,95.078,95.067,95.103,95.096,95.101,95.094,55
2014-10-14 17:28:00,2014-10-14 17:29:00,95.07,95.05,95.073,95.05,95.096,95.075,95.098,95.074,78
2014-10-14 17:29:00,2014-10-14 17:30:00,95.05,95.053,95.057,95.049,95.075,95.079,95.082,95.075,67
2014-10-14 17:30:00,2014-10-14 17:31:00,95.053,95.051,95.059,95.051,95.079,95.075,95.081,95.075,55
2014-10-14 17:31:00,2014-10-14 17:32:00,95.051,95.039,95.051,95.032,95.075,95.063,95.073,95.052,178
2014-10-14 17:32:00,2014-10-14 17:33:00,95.039,95.074,95.079,95.037,95.063,95.098,95.105,95.062,146
2014-10-14 17:33:00,2014-10-14 17:34:00,95.074,95.086,95.086,95.073,95.098,95.113,95.113,95.097,88
2014-10-14 17:34:00,2014-10-14 17:35:00,95.086,95.086,95.097,95.077,95.113,95.109,95.118,95.1,195
2014-10-14 17:35:00,2014-10-14 17:36:00,95.086,95.061,95.086,95.061,95.109,95.086,95.11,95.084,181
2014-10-14 17:36:00,2014-10-14 17:37:00,95.061,95.038,95.06,95.038,95.086,95.064,95.087,95.058,119
2014-10-14 17:37:00,2014-10-14 17:38:00,95.038,95.017,95.043,95.012,95.064,95.042,95.07,95.035,296
2014-10-14 17:38:00,2014-10-14 17:39:00,95.017,95.026,95.033,95.013,95.042,95.053,95.059,95.039,116
2014-10-14 17:39:00,2014-10-14 17:40:00,95.026,95.023,95.031,95.013,95.053,95.05,95.059,95.037,127
2014-10-14 17:40:00,2014-10-14 17:41:00,95.023,95.023,95.026,95.012,95.05,95.05,95.052,95.038,107
2014-10-14 17:41:00,2014-10-14 17:42:00,95.023,94.996,95.022,94.996,95.05,95.024,95.05,95.02,204
2014-10-14 17:42:00,2014-10-14 17:43:00,94.996,95.0,95.007,94.996,95.024,95.026,95.033,95.021,230
2014-10-14 17:43:00,2014-10-14 17:44:00,95.0,95.004,95.012,94.998,95.026,95.029,95.038,95.02,175
2014-10-14 17:44:00,2014-10-14 17:45:00,95.004,94.983,95.003,94.977,95.029,95.009,95.031,95.002,142
2014-10-14 17:45:00,2014-10-14 17:46:00,94.983,94.983,94.992,94.979,95.009,95.009,95.02,95.004,111
2014-10-14 17:46:00,2014-10-14 17:47:00,94.983,94.985,95.0,94.983,95.009,95.013,95.025,95.01,151
2014-10-14 17:47:00,2014-10-14 17:48:00,94.985,94.998,94.998,94.979,95.013,95.024,95.024,95.005,83
2014-10-14 17:48:00,2014-10-14 17:49:00,94.998,94.997,94.998,94.991,95.024,95.024,95.025,95.016,41
2014-10-14 17:49:00,2014-10-14 17:50:00,94.997,94.988,95.009,94.988,95.024,95.015,95.034,95.014,87
2014-10-14 17:50:00,2014-10-14 17:51:00,94.988,94.98,94.992,94.976,95.015,95.003,95.018,95.001,151
2014-10-14 17:51:00,2014-10-14 17:52:00,94.98,94.954,94.986,94.95,95.003,94.977,95.011,94.976,301
2014-10-14 17:52:00,2014-10-14 17:53:00,94.954,94.958,94.961,94.935,94.977,94.983,94.985,94.96,116
2014-10-14 17:53:00,2014-10-14 17:54:00,94.958,94.975,94.988,94.958,94.983,95.001,95.013,94.984,275
2014-10-14 17:54:00,2014-10-14 17:55:00,94.975,94.983,94.989,94.949,95.001,95.012,95.014,94.974,252
2014-10-14 17:55:00,2014-10-14 17:56:00,94.983,94.973,94.998,94.973,95.012,95.0,95.025,95.0,361
2014-10-14 17:56:00,2014-10-14 17:57:00,94.973,94.962,94.974,94.952,95.0,94.983,95.0,94.975,87
2014-10-14 17:57:00,2014-10-14 17:58:00,94.962,94.953,94.96,94.946,94.983,94.976,94.983,94.969,71
2014-10-14 17:58:00,2014-10-14 17:59:00,94.953,94.959,94.959,94.941,94.976,94.98,94.982,94.965,139
2014-10-14 17:59:00,2014-10-14 18:00:00,94.959,94.985,94.992,94.953,94.98,95.013,95.019,94.976,177
2014-10-14 18:00:00,2014-10-14 18:01:00,94.985,94.974,94.994,94.971,95.013,95.001,95.016,94.994,174
2014-10-14 18:01:00,2014-10-14 18:02:00,94.974,94.992,94.999,94.974,95.001,95.02,95.026,94.998,133
2014-10-14 18:02:00,2014-10-14 18:03:00,94.992,94.992,94.998,94.972,95.02,95.016,95.023,95.001,107
2014-10-14 18:03:00,2014-10-14 18:04:00,94.992,94.987,94.996,94.984,95.016,95.011,95.023,95.009,69
2014-10-14 18:04:00,2014-10-14 18:05:00,94.987,94.975,95.0,94.975,95.011,95.003,95.024,95.003,114
2014-10-14 18:05:00,2014-10-14 18:06:00,94.975,94.965,94.976,94.957,95.003,94.988,95.002,94.982,119
2014-10-14 18:06:00,2014-10-14 18:07:00,94.965,94.92,94.965,94.913,94.988,94.946,94.987,94.94,338
2014-10-14 18:07:00,2014-10-14 18:08:00,94.92,94.924,94.936,94.917,94.946,94.951,94.961,94.943,177
2014-10-14 18:08:00,2014-10-14 18:09:00,94.924,94.929,94.936,94.925,94.951,94.956,94.964,94.951,120
2014-10-14 18:09:00,2014-10-14 18:10:00,94.929,94.923,94.931,94.918,94.956,94.951,94.955,94.946,138
2014-10-14 18:10:00,2014-10-14 18:11:00,94.923,94.934,94.94,94.923,94.951,94.956,94.966,94.948,193
2014-10-14 18:11:00,2014-10-14 18:12:00,94.934,94.944,94.945,94.917,94.956,94.972,94.973,94.94,160
2014-10-14 18:12:00,2014-10-14 18:13:00,94.944,94.951,94.975,94.945,94.972,94.977,95.0,94.972,123
2014-10-14 18:13:00,2014-10-14 18:14:00,94.951,94.965,94.966,94.943,94.977,94.99,94.994,94.97,88
2014-10-14 18:14:00,2014-10-14 18:15:00,94.965,94.967,94.969,94.951,94.99,94.991,94.996,94.972,128
2014-10-14 18:15:00,2014-10-14 18:16:00,94.967,94.953,94.98,94.943,94.991,94.979,95.004,94.97,229
2014-10-14 18:16:00,2014-10-14 18:17:00,94.953,94.959,94.974,94.948,94.979,94.985,94.996,94.973,332
2014-10-14 18:17:00,2014-10-14 18:18:00,94.959,94.97,94.986,94.953,94.985,94.993,95.011,94.979,237
2014-10-14 18:18:00,2014-10-14 18:19:00,94.97,94.953,94.978,94.945,94.993,94.98,95.001,94.971,181
2014-10-14 18:19:00,2014-10-14 18:20:00,94.953,94.954,94.972,94.951,94.98,94.978,94.999,94.976,233
2014-10-14 18:20:00,2014-10-14 18:21:00,94.954,94.944,94.956,94.941,94.978,94.968,94.978,94.965,116
2014-10-14 18:21:00,2014-10-14 18:22:00,94.944,94.905,94.944,94.905,94.968,94.926,94.969,94.926,349
2014-10-14 18:22:00,2014-10-14 18:23:00,94.905,94.891,94.906,94.872,94.926,94.913,94.928,94.897,332
2014-10-14 18:23:00,2014-10-14 18:24:00,94.891,94.859,94.914,94.859,94.913,94.884,94.937,94.883,292
2014-10-14 18:24:00,2014-10-14 18:25:00,94.859,94.876,94.88,94.859,94.884,94.9,94.907,94.881,202
2014-10-14 18:25:00,2014-10-14 18:26:00,94.876,94.88,94.884,94.872,94.9,94.901,94.907,94.895,79
2014-10-14 18:26:00,2014-10-14 18:27:00,94.88,94.837,94.883,94.836,94.901,94.864,94.904,94.859,292
2014-10-14 18:27:00,2014-10-14 18:28:00,94.837,94.827,94.854,94.823,94.864,94.855,94.879,94.847,277
2014-10-14 18:28:00,2014-10-14 18:29:00,94.827,94.808,94.835,94.798,94.855,94.836,94.859,94.824,353
2014-10-14 18:29:00,2014-10-14 18:30:00,94.808,94.81,94.82,94.805,94.836,94.835,94.846,94.833,195
2014-10-14 18:30:00,2014-10-14 18:31:00,94.81,94.783,94.81,94.753,94.835,94.81,94.835,94.778,361
2014-10-14 18:31:00,2014-10-14 18:32:00,94.783,94.78,94.8,94.774,94.81,94.807,94.825,94.801,417
2014-10-14 18:32:00,2014-10-14 18:33:00,94.78,94.759,94.788,94.758,94.807,94.786,94.814,94.783,187
2014-10-14 18:33:00,2014-10-14 18:34:00,94.759,94.738,94.763,94.738,94.786,94.765,94.79,94.763,205
2014-10-14 18:34:00,2014-10-14 18:35:00,94.738,94.732,94.756,94.711,94.765,94.756,94.783,94.738,491
2014-10-14 18:35:00,2014-10-14 18:36:00,94.732,94.679,94.736,94.678,94.756,94.707,94.758,94.704,377
2014-10-14 18:36:00,2014-10-14 18:37:00,94.679,94.717,94.717,94.68,94.707,94.74,94.742,94.707,241
2014-10-14 18:37:00,2014-10-14 18:38:00,94.717,94.731,94.743,94.712,94.74,94.757,94.766,94.74,259
2014-10-14 18:38:00,2014-10-14 18:39:00,94.731,94.749,94.75,94.73,94.757,94.771,94.772,94.752,127
2014-10-14 18:39:00,2014-10-14 18:40:00,94.749,94.784,94.786,94.747,94.771,94.81,94.81,94.77,163
2014-10-14 18:40:00,2014-10-14 18:41:00,94.784,94.775,94.786,94.768,94.81,94.8,94.812,94.794,212
2014-10-14 18:41:00,2014-10-14 18:42:00,94.775,94.784,94.786,94.775,94.8,94.809,94.812,94.802,108
2014-10-14 18:42:00,2014-10-14 18:43:00,94.784,94.78,94.793,94.766,94.809,94.806,94.817,94.79,207
2014-10-14 18:43:00,2014-10-14 18:44:00,94.78,94.807,94.808,94.78,94.806,94.833,94.833,94.805,140
2014-10-14 18:44:00,2014-10-14 18:45:00,94.807,94.796,94.813,94.796,94.833,94.823,94.839,94.821,87
2014-10-14 18:45:00,2014-10-14 18:46:00,94.796,94.782,94.796,94.776,94.823,94.808,94.822,94.802,145
2014-10-14 18:46:00,2014-10-14 18:47:00,94.782,94.803,94.805,94.781,94.808,94.828,94.828,94.807,99
2014-10-14 18:47:00,2014-10-14 18:48:00,94.803,94.784,94.827,94.784,94.828,94.81,94.854,94.81,219
2014-10-14 18:48:00,2014-10-14 18:49:00,94.784,94.827,94.836,94.781,94.81,94.856,94.862,94.806,289
2014-10-14 18:49:00,2014-10-14 18:50:00,94.827,94.809,94.836,94.809,94.856,94.834,94.862,94.834,164
2014-10-14 18:50:00,2014-10-14 18:51:00,94.809,94.778,94.81,94.778,94.834,94.803,94.836,94.803,162
2014-10-14 18:51:00,2014-10-14 18:52:00,94.778,94.722,94.781,94.714,94.803,94.747,94.804,94.737,375
2014-10-14 18:52:00,2014-10-14 18:53:00,94.722,94.722,94.733,94.722,94.747,94.751,94.759,94.747,105
2014-10-14 18:53:00,2014-10-14 18:54:00,94.722,94.734,94.75,94.715,94.751,94.76,94.778,94.742,198
2014-10-14 18:54:00,2014-10-14 18:55:00,94.734,94.726,94.741,94.72,94.76,94.753,94.763,94.746,104
2014-10-14 18:55:00,2014-10-14 18:56:00,94.726,94.734,94.748,94.726,94.753,94.759,94.773,94.752,157
2014-10-14 18:56:00,2014-10-14 18:57:00,94.734,94.719,94.742,94.718,94.759,94.746,94.768,94.744,234
2014-10-14 18:57:00,2014-10-14 18:58:00,94.719,94.693,94.745,94.689,94.746,94.718,94.771,94.718,298
2014-10-14 18:58:00,2014-10-14 18:59:00,94.693,94.697,94.697,94.676,94.718,94.721,94.721,94.697,337
2014-10-14 18:59:00,2014-10-14 19:00:00,94.697,94.715,94.722,94.696,94.721,94.741,94.75,94.721,300
2014-10-14 19:00:00,2014-10-14 19:01:00,94.715,94.699,94.723,94.698,94.741,94.723,94.748,94.723,172
2014-10-14 19:01:00,2014-10-14 19:02:00,94.699,94.692,94.703,94.682,94.723,94.716,94.728,94.71,157
2014-10-14 19:02:00,2014-10-14 19:03:00,94.692,94.683,94.697,94.67,94.716,94.707,94.724,94.694,153
2014-10-14 19:03:00,2014-10-14 19:04:00,94.683,94.692,94.708,94.683,94.707,94.717,94.734,94.71,152
2014-10-14 19:04:00,2014-10-14 19:05:00,94.692,94.653,94.699,94.653,94.717,94.68,94.725,94.68,276
2014-10-14 19:05:00,2014-10-14 19:06:00,94.653,94.639,94.668,94.639,94.68,94.666,94.695,94.664,195
2014-10-14 19:06:00,2014-10-14 19:07:00,94.639,94.647,94.653,94.633,94.666,94.663,94.677,94.658,186
2014-10-14 19:07:00,2014-10-14 19:08:00,94.647,94.631,94.647,94.622,94.663,94.654,94.668,94.644,295
2014-10-14 19:08:00,2014-10-14 19:09:00,94.631,94.578,94.631,94.573,94.654,94.605,94.653,94.601,480
2014-10-14 19:09:00,2014-10-14 19:10:00,94.578,94.626,94.626,94.578,94.605,94.655,94.655,94.603,281
2014-10-14 19:10:00,2014-10-14 19:11:00,94.626,94.615,94.628,94.593,94.655,94.643,94.655,94.62,194
2014-10-14 19:11:00,2014-10-14 19:12:00,94.615,94.617,94.63,94.61,94.643,94.64,94.654,94.632,267
2014-10-14 19:12:00,2014-10-14 19:13:00,94.617,94.581,94.622,94.555,94.64,94.608,94.648,94.582,362
2014-10-14 19:13:00,2014-10-14 19:14:00,94.581,94.574,94.587,94.567,94.608,94.599,94.612,94.593,190
2014-10-14 19:14:00,2014-10-14 19:15:00,94.574,94.575,94.58,94.557,94.599,94.601,94.606,94.582,183
2014-10-14 19:15:00,2014-10-14 19:16:00,94.575,94.549,94.595,94.543,94.601,94.578,94.619,94.571,200
2014-10-14 19:16:00,2014-10-14 19:17:00,94.549,94.533,94.57,94.529,94.578,94.557,94.592,94.549,298
2014-10-14 19:17:00,2014-10-14 19:18:00,94.533,94.525,94.533,94.515,94.557,94.549,94.559,94.543,285
2014-10-14 19:18:00,2014-10-14 19:19:00,94.525,94.537,94.544,94.522,94.549,94.559,94.57,94.547,216
2014-10-14 19:19:00,2014-10-14 19:20:00,94.537,94.474,94.546,94.473,94.559,94.499,94.566,94.499,353
2014-10-14 19:20:00,2014-10-14 19:21:00,94.474,94.49,94.491,94.448,94.499,94.517,94.519,94.477,378
2014-10-14 19:21:00,2014-10-14 19:22:00,94.49,94.487,94.503,94.475,94.517,94.515,94.528,94.496,255
2014-10-14 19:22:00,2014-10-14 19:23:00,94.487,94.479,94.499,94.473,94.515,94.501,94.523,94.493,186
2014-10-14 19:23:00,2014-10-14 19:24:00,94.479,94.515,94.515,94.479,94.501,94.538,94.543,94.502,166
2014-10-14 19:24:00,2014-10-14 19:25:00,94.515,94.517,94.543,94.508,94.538,94.541,94.57,94.533,310
2014-10-14 19:25:00,2014-10-14 19:26:00,94.517,94.547,94.552,94.517,94.541,94.569,94.571,94.54,334
2014-10-14 19:26:00,2014-10-14 19:27:00,94.547,94.566,94.569,94.539,94.569,94.586,94.59,94.563,241
2014-10-14 19:27:00,2014-10-14 19:28:00,94.566,94.616,94.616,94.563,94.586,94.642,94.642,94.584,323
2014-10-14 19:28:00,2014-10-14 19:29:00,94.616,94.639,94.655,94.606,94.642,94.666,94.68,94.631,316
2014-10-14 19:29:00,2014-10-14 19:30:00,94.639,94.627,94.639,94.624,94.666,94.652,94.664,94.648,126
2014-10-14 19:30:00,2014-10-14 19:31:00,94.627,94.617,94.626,94.606,94.652,94.644,94.653,94.633,201
2014-10-14 19:31:00,2014-10-14 19:32:00,94.617,94.593,94.626,94.584,94.644,94.621,94.652,94.611,292
2014-10-14 19:32:00,2014-10-14 19:33:00,94.593,94.595,94.601,94.567,94.621,94.621,94.629,94.594,207
2014-10-14 19:33:00,2014-10-14 19:34:00,94.595,94.614,94.63,94.588,94.621,94.642,94.659,94.613,158
2014-10-14 19:34:00,2014-10-14 19:35:00,94.614,94.619,94.629,94.613,94.642,94.643,94.658,94.64,178
2014-10-14 19:35:00,2014-10-14 19:36:00,94.619,94.66,94.667,94.617,94.643,94.689,94.693,94.643,251
2014-10-14 19:36:00,2014-10-14 19:37:00,94.66,94.697,94.711,94.66,94.689,94.719,94.735,94.688,300
2014-10-14 19:37:00,2014-10-14 19:38:00,94.697,94.694,94.707,94.686,94.719,94.716,94.728,94.711,239
2014-10-14 19:38:00,2014-10-14 19:39:00,94.694,94.721,94.725,94.694,94.716,94.744,94.747,94.719,215
2014-10-14 19:39:00,2014-10-14 19:40:00,94.721,94.738,94.752,94.718,94.744,94.765,94.776,94.743,191
2014-10-14 19:40:00,2014-10-14 19:41:00,94.738,94.71,94.739,94.708,94.765,94.735,94.765,94.735,200
2014-10-14 19:41:00,2014-10-14 19:42:00,94.71,94.71,94.722,94.701,94.735,94.737,94.749,94.728,290
2014-10-14 19:42:00,2014-10-14 19:43:00,94.71,94.711,94.725,94.701,94.737,94.739,94.749,94.728,220
2014-10-14 19:43:00,2014-10-14 19:44:00,94.711,94.651,94.711,94.651,94.739,94.676,94.739,94.676,238
2014-10-14 19:44:00,2014-10-14 19:45:00,94.651,94.684,94.693,94.648,94.676,94.712,94.719,94.675,350
2014-10-14 19:45:00,2014-10-14 19:46:00,94.684,94.672,94.688,94.66,94.712,94.7,94.715,94.686,196
2014-10-14 19:46:00,2014-10-14 19:47:00,94.672,94.674,94.69,94.654,94.7,94.701,94.718,94.68,272
2014-10-14 19:47:00,2014-10-14 19:48:00,94.674,94.662,94.687,94.662,94.701,94.69,94.713,94.689,203
2014-10-14 19:48:00,2014-10-14 19:49:00,94.662,94.647,94.662,94.621,94.69,94.674,94.687,94.649,263
2014-10-14 19:49:00,2014-10-14 19:50:00,94.647,94.647,94.651,94.633,94.674,94.674,94.677,94.66,186
2014-10-14 19:50:00,2014-10-14 19:51:00,94.647,94.679,94.687,94.645,94.674,94.707,94.716,94.671,254
2014-10-14 19:51:00,2014-10-14 19:52:00,94.679,94.642,94.682,94.642,94.707,94.671,94.706,94.669,139
2014-10-14 19:52:00,2014-10-14 19:53:00,94.642,94.647,94.665,94.639,94.671,94.676,94.694,94.667,160
2014-10-14 19:53:00,2014-10-14 19:54:00,94.647,94.628,94.663,94.622,94.676,94.655,94.692,94.649,195
2014-10-14 19:54:00,2014-10-14 19:55:00,94.628,94.626,94.639,94.614,94.655,94.651,94.667,94.641,222
2014-10-14 19:55:00,2014-10-14 19:56:00,94.626,94.625,94.647,94.619,94.651,94.649,94.673,94.643,123
2014-10-14 19:56:00,2014-10-14 19:57:00,94.625,94.647,94.647,94.62,94.649,94.671,94.672,94.646,175
2014-10-14 19:57:00,2014-10-14 19:58:00,94.647,94.621,94.649,94.621,94.671,94.648,94.675,94.647,94
2014-10-14 19:58:00,2014-10-14 19:59:00,94.621,94.635,94.657,94.621,94.648,94.662,94.685,94.647,206
2014-10-14 19:59:00,2014-10-14 20:00:00,94.635,94.642,94.646,94.611,94.662,94.669,94.673,94.639,175
2014-10-14 20:00:00,2014-10-14 20:01:00,94.642,94.648,94.659,94.634,94.669,94.673,94.685,94.656,159
2014-10-14 20:01:00,2014-10-14 20:02:00,94.648,94.645,94.664,94.64,94.673,94.673,94.692,94.664,97
2014-10-14 20:02:00,2014-10-14 20:03:00,94.645,94.655,94.667,94.645,94.673,94.684,94.695,94.671,101
2014-10-14 20:03:00,2014-10-14 20:04:00,94.655,94.645,94.655,94.637,94.684,94.671,94.683,94.665,119
2014-10-14 20:04:00,2014-10-14 20:05:00,94.645,94.649,94.651,94.646,94.671,94.677,94.677,94.671,22
2014-10-14 20:05:00,2014-10-14 20:06:00,94.649,94.651,94.66,94.65,94.677,94.677,94.684,94.677,45
2014-10-14 20:06:00,2014-10-14 20:07:00,94.651,94.651,94.655,94.645,94.677,94.679,94.684,94.672,61
2014-10-14 20:07:00,2014-10-14 20:08:00,94.651,94.659,94.659,94.65,94.679,94.686,94.688,94.675,64
2014-10-14 20:08:00,2014-10-14 20:09:00,94.659,94.646,94.662,94.645,94.686,94.668,94.688,94.667,84
2014-10-14 20:09:00,2014-10-14 20:10:00,94.646,94.648,94.65,94.645,94.668,94.673,94.673,94.668,33
2014-10-14 20:10:00,2014-10-14 20:11:00,94.648,94.658,94.664,94.646,94.673,94.685,94.687,94.671,44
2014-10-14 20:11:00,2014-10-14 20:12:00,94.658,94.652,94.666,94.652,94.685,94.677,94.69,94.676,70
2014-10-14 20:12:00,2014-10-14 20:13:00,94.652,94.66,94.666,94.652,94.677,94.689,94.694,94.677,145
2014-10-14 20:13:00,2014-10-14 20:14:00,94.66,94.67,94.672,94.66,94.689,94.697,94.699,94.686,36
2014-10-14 20:14:00,2014-10-14 20:15:00,94.67,94.676,94.677,94.666,94.697,94.701,94.703,94.694,60
2014-10-14 20:15:00,2014-10-14 20:16:00,94.676,94.685,94.685,94.677,94.701,94.713,94.713,94.701,37
2014-10-14 20:16:00,2014-10-14 20:17:00,94.685,94.674,94.686,94.674,94.713,94.703,94.713,94.703,35
2014-10-14 20:17:00,2014-10-14 20:18:00,94.674,94.695,94.695,94.674,94.703,94.721,94.721,94.7,29
2014-10-14 20:18:00,2014-10-14 20:19:00,94.695,94.703,94.703,94.693,94.721,94.727,94.727,94.719,26
2014-10-14 20:19:00,2014-10-14 20:20:00,94.703,94.703,94.716,94.7,94.727,94.729,94.74,94.723,38
2014-10-14 20:20:00,2014-10-14 20:21:00,94.703,94.691,94.704,94.69,94.729,94.717,94.729,94.715,35
2014-10-14 20:21:00,2014-10-14 20:22:00,94.691,94.686,94.694,94.686,94.717,94.709,94.717,94.709,23
2014-10-14 20:22:00,2014-10-14 20:23:00,94.686,94.687,94.693,94.686,94.709,94.711,94.712,94.709,23
2014-10-14 20:23:00,2014-10-14 20:24:00,94.687,94.689,94.697,94.688,94.711,94.715,94.723,94.711,33
2014-10-14 20:24:00,2014-10-14 20:25:00,94.689,94.696,94.698,94.689,94.715,94.723,94.724,94.717,18
2014-10-14 20:25:00,2014-10-14 20:26:00,94.696,94.695,94.695,94.694,94.723,94.723,94.723,94.723,3
2014-10-14 20:26:00,2014-10-14 20:27:00,94.695,94.691,94.695,94.688,94.723,94.719,94.721,94.714,37
2014-10-14 20:27:00,2014-10-14 20:28:00,94.691,94.689,94.694,94.689,94.719,94.717,94.723,94.717,15
2014-10-14 20:28:00,2014-10-14 20:29:00,94.689,94.684,94.69,94.684,94.717,94.713,94.719,94.713,20
2014-10-14 20:29:00,2014-10-14 20:30:00,94.684,94.669,94.685,94.669,94.713,94.695,94.713,94.695,30
2014-10-14 20:30:00,2014-10-14 20:31:00,94.669,94.673,94.674,94.665,94.695,94.7,94.7,94.694,34
2014-10-14 20:31:00,2014-10-14 20:32:00,94.673,94.673,94.674,94.672,94.7,94.7,94.7,94.699,8
2014-10-14 20:32:00,2014-10-14 20:33:00,94.673,94.665,94.679,94.663,94.7,94.693,94.701,94.691,36
2014-10-14 20:33:00,2014-10-14 20:34:00,94.665,94.675,94.675,94.665,94.693,94.699,94.702,94.693,23
2014-10-14 20:34:00,2014-10-14 20:35:00,94.675,94.684,94.687,94.678,94.699,94.706,94.713,94.699,48
2014-10-14 20:35:00,2014-10-14 20:36:00,94.684,94.683,94.684,94.678,94.706,94.711,94.711,94.704,31
2014-10-14 20:36:00,2014-10-14 20:37:00,94.683,94.68,94.686,94.679,94.711,94.705,94.713,94.705,29
2014-10-14 20:37:00,2014-10-14 20:38:00,94.68,94.678,94.68,94.674,94.705,94.706,94.71,94.697,52
2014-10-14 20:38:00,2014-10-14 20:39:00,94.678,94.684,94.69,94.678,94.706,94.706,94.71,94.706,52
2014-10-14 20:39:00,2014-10-14 20:40:00,94.684,94.688,94.694,94.684,94.706,94.711,94.711,94.706,35
2014-10-14 20:40:00,2014-10-14 20:41:00,94.688,94.695,94.695,94.677,94.711,94.723,94.723,94.707,40
2014-10-14 20:41:00,2014-10-14 20:42:00,94.695,94.696,94.699,94.695,94.723,94.725,94.727,94.723,49
2014-10-14 20:42:00,2014-10-14 20:43:00,94.696,94.694,94.696,94.694,94.725,94.723,94.726,94.722,11
2014-10-14 20:43:00,2014-10-14 20:44:00,94.694,94.704,94.706,94.69,94.723,94.718,94.725,94.718,26
2014-10-14 20:44:00,2014-10-14 20:45:00,94.704,94.706,94.712,94.697,94.718,94.729,94.735,94.719,66
2014-10-14 20:45:00,2014-10-14 20:46:00,94.706,94.715,94.717,94.706,94.729,94.738,94.739,94.73,40
2014-10-14 20:46:00,2014-10-14 20:47:00,94.715,94.72,94.726,94.708,94.738,94.748,94.75,94.735,133
2014-10-14 20:47:00,2014-10-14 20:48:00,94.72,94.722,94.728,94.715,94.748,94.752,94.756,94.742,124
2014-10-14 20:48:00,2014-10-14 20:49:00,94.722,94.72,94.725,94.718,94.752,94.751,94.753,94.748,38
2014-10-14 20:49:00,2014-10-14 20:50:00,94.72,94.726,94.726,94.718,94.751,94.752,94.756,94.748,86
2014-10-14 20:50:00,2014-10-14 20:51:00,94.726,94.728,94.728,94.72,94.752,94.758,94.76,94.75,76
2014-10-14 20:51:00,2014-10-14 20:52:00,94.728,94.746,94.752,94.728,94.758,94.774,94.78,94.758,178
2014-10-14 20:52:00,2014-10-14 20:53:00,94.746,94.757,94.76,94.745,94.774,94.784,94.789,94.773,76
2014-10-14 20:53:00,2014-10-14 20:54:00,94.757,94.75,94.768,94.749,94.784,94.781,94.789,94.778,75
2014-10-14 20:54:00,2014-10-14 20:55:00,94.75,94.771,94.772,94.75,94.781,94.801,94.803,94.779,73
2014-10-14 20:55:00,2014-10-14 20:56:00,94.771,94.774,94.775,94.771,94.801,94.801,94.802,94.8,14
2014-10-14 20:56:00,2014-10-14 20:57:00,94.774,94.753,94.771,94.752,94.801,94.79,94.803,94.781,84
2014-10-14 20:57:00,2014-10-14 20:58:00,94.753,94.746,94.753,94.733,94.79,94.787,94.792,94.776,78
2014-10-14 20:58:00,2014-10-14 20:59:00,94.746,94.745,94.751,94.742,94.787,94.78,94.79,94.779,87
2014-10-14 20:59:00,2014-10-14 21:00:00,94.745,94.741,94.749,94.741,94.78,94.783,94.791,94.779,47
2014-10-14 21:00:00,2014-10-14 21:01:00,94.741,94.738,94.744,94.738,94.783,94.774,94.783,94.773,21
2014-10-14 21:01:00,2014-10-14 21:02:00,94.738,94.742,94.742,94.736,94.774,94.778,94.78,94.774,10
2014-10-14 21:02:00,2014-10-14 21:03:00,94.742,94.744,94.744,94.743,94.778,94.78,94.78,94.778,4
2014-10-14 21:03:00,2014-10-14 21:04:00,94.744,94.763,94.763,94.742,94.78,94.798,94.798,94.779,50
2014-10-14 21:04:00,2014-10-14 21:05:00,94.763,94.757,94.774,94.756,94.798,94.793,94.805,94.79,71
2014-10-14 21:05:00,2014-10-14 21:06:00,94.757,94.765,94.767,94.76,94.793,94.799,94.799,94.793,14
2014-10-14 21:06:00,2014-10-14 21:07:00,94.765,94.773,94.776,94.765,94.799,94.804,94.81,94.8,43
2014-10-14 21:07:00,2014-10-14 21:08:00,94.773,94.774,94.775,94.768,94.804,94.81,94.81,94.804,20
2014-10-14 21:08:00,2014-10-14 21:09:00,94.774,94.782,94.785,94.774,94.81,94.819,94.821,94.81,20
2014-10-14 21:09:00,2014-10-14 21:10:00,94.782,94.779,94.786,94.778,94.819,94.817,94.822,94.815,33
2014-10-14 21:10:00,2014-10-14 21:11:00,94.779,94.785,94.787,94.784,94.817,94.82,94.82,94.817,6
2014-10-14 21:11:00,2014-10-14 21:12:00,94.785,94.806,94.806,94.789,94.82,94.836,94.838,94.82,61
2014-10-14 21:12:00,2014-10-14 21:13:00,94.806,94.806,94.809,94.805,94.836,94.841,94.841,94.838,6
2014-10-14 21:13:00,2014-10-14 21:14:00,94.806,94.815,94.817,94.804,94.841,94.846,94.846,94.837,20
2014-10-14 21:14:00,2014-10-14 21:15:00,94.815,94.818,94.818,94.812,94.846,94.85,94.85,94.846,18
2014-10-14 21:15:00,2014-10-14 21:16:00,94.818,94.812,94.818,94.812,94.85,94.846,94.848,94.846,7
2014-10-14 21:16:00,2014-10-14 21:17:00,94.812,94.812,94.813,94.812,94.846,94.845,94.846,94.845,5
2014-10-14 21:17:00,2014-10-14 21:18:00,94.812,94.814,94.814,94.81,94.845,94.841,94.847,94.84,33
2014-10-14 21:18:00,2014-10-14 21:19:00,94.814,94.804,94.82,94.794,94.841,94.83,94.85,94.827,50
2014-10-14 21:19:00,2014-10-14 21:20:00,94.804,94.815,94.815,94.8,94.83,94.842,94.842,94.83,20
2014-10-14 21:20:00,2014-10-14 21:21:00,94.815,94.822,94.822,94.815,94.842,94.852,94.852,94.842,62
2014-10-14 21:21:00,2014-10-14 21:22:00,94.822,94.835,94.838,94.816,94.852,94.867,94.869,94.851,36
2014-10-14 21:22:00,2014-10-14 21:23:00,94.835,94.836,94.839,94.831,94.867,94.863,94.869,94.862,25
2014-10-14 21:23:00,2014-10-14 21:24:00,94.836,94.846,94.85,94.83,94.863,94.874,94.875,94.863,76
2014-10-14 21:24:00,2014-10-14 21:25:00,94.846,94.842,94.847,94.837,94.874,94.872,94.875,94.859,48
2014-10-14 21:25:00,2014-10-14 21:26:00,94.842,94.867,94.867,94.842,94.872,94.904,94.904,94.873,66
2014-10-14 21:26:00,2014-10-14 21:27:00,94.867,94.867,94.876,94.861,94.904,94.887,94.905,94.886,55
2014-10-14 21:27:00,2014-10-14 21:28:00,94.867,94.879,94.879,94.86,94.887,94.9,94.902,94.887,61
2014-10-14 21:28:00,2014-10-14 21:29:00,94.879,94.86,94.879,94.858,94.9,94.884,94.9,94.884,60
2014-10-14 21:29:00,2014-10-14 21:30:00,94.86,94.86,94.861,94.856,94.884,94.887,94.887,94.884,11
2014-10-14 21:30:00,2014-10-14 21:31:00,94.86,94.851,94.865,94.851,94.887,94.874,94.887,94.872,16
2014-10-14 21:31:00,2014-10-14 21:32:00,94.851,94.872,94.872,94.851,94.874,94.903,94.903,94.88,47
2014-10-14 21:32:00,2014-10-14 21:33:00,94.872,94.872,94.872,94.867,94.903,94.902,94.903,94.899,22
2014-10-14 21:33:00,2014-10-14 21:34:00,94.872,94.887,94.887,94.87,94.902,94.919,94.919,94.902,67
2014-10-14 21:34:00,2014-10-14 21:35:00,94.887,94.893,94.895,94.889,94.919,94.913,94.926,94.913,30
2014-10-14 21:35:00,2014-10-14 21:36:00,94.893,94.891,94.895,94.889,94.913,94.921,94.924,94.909,60
2014-10-14 21:36:00,2014-10-14 21:37:00,94.891,94.89,94.893,94.889,94.921,94.917,94.924,94.917,30
2014-10-14 21:37:00,2014-10-14 21:38:00,94.89,94.87,94.893,94.87,94.917,94.907,94.926,94.907,28
2014-10-14 21:38:00,2014-10-14 21:39:00,94.87,94.868,94.871,94.864,94.907,94.903,94.907,94.9,34
2014-10-14 21:39:00,2014-10-14 21:40:00,94.868,94.864,94.869,94.862,94.903,94.896,94.903,94.896,36
2014-10-14 21:40:00,2014-10-14 21:41:00,94.864,94.86,94.863,94.857,94.896,94.892,94.896,94.886,20
2014-10-14 21:41:00,2014-10-14 21:42:00,94.86,94.844,94.86,94.844,94.892,94.878,94.891,94.877,22
2014-10-14 21:42:00,2014-10-14 21:43:00,94.844,94.856,94.856,94.844,94.878,94.888,94.889,94.875,24
2014-10-14 21:43:00,2014-10-14 21:44:00,94.856,94.861,94.861,94.854,94.888,94.889,94.889,94.887,11
2014-10-14 21:44:00,2014-10-14 21:45:00,94.861,94.854,94.861,94.854,94.889,94.883,94.891,94.883,8
2014-10-14 21:45:00,2014-10-14 21:46:00,94.854,94.857,94.86,94.856,94.883,94.889,94.889,94.883,9
2014-10-14 21:46:00,2014-10-14 21:47:00,94.857,94.852,94.861,94.852,94.889,94.886,94.893,94.886,33
2014-10-14 21:47:00,2014-10-14 21:48:00,94.852,94.829,94.852,94.825,94.886,94.867,94.884,94.86,35
2014-10-14 21:48:00,2014-10-14 21:49:00,94.829,94.835,94.848,94.827,94.867,94.872,94.878,94.862,41
2014-10-14 21:49:00,2014-10-14 21:50:00,94.835,94.832,94.837,94.831,94.872,94.867,94.872,94.867,22
2014-10-14 21:50:00,2014-10-14 21:51:00,94.832,94.83,94.835,94.83,94.867,94.866,94.87,94.862,18
2014-10-14 21:51:00,2014-10-14 21:52:00,94.83,94.835,94.835,94.825,94.866,94.87,94.87,94.859,25
2014-10-14 21:52:00,2014-10-14 21:53:00,94.835,94.834,94.836,94.833,94.87,94.869,94.871,94.869,10
2014-10-14 21:53:00,2014-10-14 21:54:00,94.834,94.839,94.841,94.837,94.869,94.872,94.872,94.869,22
2014-10-14 21:54:00,2014-10-14 21:55:00,94.839,94.84,94.841,94.833,94.872,94.872,94.872,94.87,12
2014-10-14 21:55:00,2014-10-14 21:56:00,94.84,94.844,94.844,94.839,94.872,94.874,94.874,94.871,12
2014-10-14 21:56:00,2014-10-14 21:57:00,94.844,94.838,94.842,94.836,94.874,94.876,94.878,94.872,14
2014-10-14 21:57:00,2014-10-14 21:58:00,94.838,94.835,94.842,94.835,94.876,94.872,94.878,94.871,13
2014-10-14 21:58:00,2014-10-14 21:59:00,94.835,94.835,94.839,94.825,94.872,94.867,94.872,94.862,32
2014-10-14 21:59:00,2014-10-14 22:00:00,94.835,94.834,94.847,94.832,94.867,94.864,94.873,94.863,95
2014-10-14 22:00:00,2014-10-14 22:01:00,94.834,94.84,94.843,94.832,94.864,94.873,94.873,94.864,24
2014-10-14 22:01:00,2014-10-14 22:02:00,94.84,94.845,94.846,94.84,94.873,94.875,94.876,94.872,10
2014-10-14 22:02:00,2014-10-14 22:03:00,94.845,94.849,94.85,94.846,94.875,94.879,94.88,94.875,13
2014-10-14 22:03:00,2014-10-14 22:04:00,94.849,94.843,94.851,94.841,94.879,94.873,94.881,94.871,16
2014-10-14 22:04:00,2014-10-14 22:05:00,94.843,94.839,94.847,94.839,94.873,94.869,94.876,94.869,8
2014-10-14 22:05:00,2014-10-14 22:06:00,94.839,94.841,94.842,94.835,94.869,94.871,94.872,94.863,29
2014-10-14 22:06:00,2014-10-14 22:07:00,94.841,94.834,94.839,94.83,94.871,94.863,94.868,94.859,20
2014-10-14 22:07:00,2014-10-14 22:08:00,94.834,94.836,94.844,94.827,94.863,94.866,94.868,94.854,27
2014-10-14 22:08:00,2014-10-14 22:09:00,94.836,94.83,94.836,94.83,94.866,94.858,94.866,94.858,9
2014-10-14 22:09:00,2014-10-14 22:10:00,94.83,94.83,94.834,94.828,94.858,94.86,94.864,94.856,21
2014-10-14 22:10:00,2014-10-14 22:11:00,94.83,94.826,94.826,94.826,94.86,94.856,94.856,94.856,1
2014-10-14 22:11:00,2014-10-14 22:12:00,94.826,94.824,94.824,94.824,94.856,94.854,94.854,94.854,1
2014-10-14 22:12:00,2014-10-14 22:13:00,94.824,94.828,94.832,94.817,94.854,94.858,94.862,94.847,15
2014-10-14 22:13:00,2014-10-14 22:14:00,94.828,94.838,94.838,94.827,94.858,94.863,94.863,94.857,6
2014-10-14 22:14:00,2014-10-14 22:15:00,94.838,94.842,94.844,94.836,94.863,94.872,94.874,94.866,12
2014-10-14 22:15:00,2014-10-14 22:16:00,94.842,94.87,94.87,94.84,94.872,94.9,94.9,94.87,20
2014-10-14 22:16:00,2014-10-14 22:17:00,94.87,94.871,94.891,94.871,94.9,94.901,94.925,94.9,53
2014-10-14 22:17:00,2014-10-14 22:18:00,94.871,94.893,94.893,94.87,94.901,94.922,94.922,94.9,29
2014-10-14 22:18:00,2014-10-14 22:19:00,94.893,94.896,94.896,94.88,94.922,94.926,94.926,94.91,35
2014-10-14 22:19:00,2014-10-14 22:20:00,94.896,94.887,94.905,94.881,94.926,94.917,94.935,94.911,31
2014-10-14 22:20:00,2014-10-14 22:21:00,94.887,94.881,94.887,94.869,94.917,94.91,94.916,94.899,27
2014-10-14 22:21:00,2014-10-14 22:22:00,94.881,94.872,94.882,94.872,94.91,94.901,94.911,94.901,19
2014-10-14 22:22:00,2014-10-14 22:23:00,94.872,94.893,94.897,94.871,94.901,94.921,94.926,94.901,53
2014-10-14 22:23:00,2014-10-14 22:24:00,94.893,94.908,94.909,94.886,94.921,94.938,94.939,94.915,48
2014-10-14 22:24:00,2014-10-14 22:25:00,94.908,94.908,94.908,94.895,94.938,94.937,94.938,94.925,33
2014-10-14 22:25:00,2014-10-14 22:26:00,94.908,94.901,94.908,94.886,94.937,94.931,94.935,94.915,34
2014-10-14 22:26:00,2014-10-14 22:27:00,94.901,94.895,94.901,94.895,94.931,94.924,94.931,94.924,8
2014-10-14 22:27:00,2014-10-14 22:28:00,94.895,94.895,94.895,94.89,94.924,94.925,94.925,94.92,20
2014-10-14 22:28:00,2014-10-14 22:29:00,94.895,94.909,94.909,94.896,94.925,94.936,94.936,94.925,12
2014-10-14 22:29:00,2014-10-14 22:30:00,94.909,94.92,94.922,94.905,94.936,94.95,94.95,94.934,27
2014-10-14 22:30:00,2014-10-14 22:31:00,94.92,94.91,94.934,94.909,94.95,94.939,94.962,94.939,55
2014-10-14 22:31:00,2014-10-14 22:32:00,94.91,94.917,94.918,94.911,94.939,94.943,94.946,94.939,16
2014-10-14 22:32:00,2014-10-14 22:33:00,94.917,94.914,94.918,94.911,94.943,94.944,94.947,94.94,25
2014-10-14 22:33:00,2014-10-14 22:34:00,94.914,94.909,94.914,94.906,94.944,94.936,94.944,94.936,17
2014-10-14 22:34:00,2014-10-14 22:35:00,94.909,94.91,94.912,94.908,94.936,94.94,94.94,94.936,11
2014-10-14 22:35:00,2014-10-14 22:36:00,94.91,94.904,94.91,94.898,94.94,94.934,94.938,94.926,19
2014-10-14 22:36:00,2014-10-14 22:37:00,94.904,94.899,94.905,94.899,94.934,94.928,94.934,94.928,16
2014-10-14 22:37:00,2014-10-14 22:38:00,94.899,94.915,94.915,94.899,94.928,94.944,94.945,94.929,26
2014-10-14 22:38:00,2014-10-14 22:39:00,94.915,94.923,94.935,94.912,94.944,94.95,94.963,94.942,86
2014-10-14 22:39:00,2014-10-14 22:40:00,94.923,94.932,94.932,94.92,94.95,94.958,94.962,94.947,27
2014-10-14 22:40:00,2014-10-14 22:41:00,94.932,94.927,94.94,94.927,94.958,94.957,94.967,94.957,26
2014-10-14 22:41:00,2014-10-14 22:42:00,94.927,94.917,94.928,94.916,94.957,94.945,94.958,94.945,14
2014-10-14 22:42:00,2014-10-14 22:43:00,94.917,94.916,94.919,94.91,94.945,94.942,94.945,94.935,23
2014-10-14 22:43:00,2014-10-14 22:44:00,94.916,94.92,94.92,94.913,94.942,94.943,94.944,94.94,19
2014-10-14 22:44:00,2014-10-14 22:45:00,94.92,94.936,94.936,94.92,94.943,94.966,94.966,94.948,82
2014-10-14 22:45:00,2014-10-14 22:46:00,94.936,94.919,94.936,94.916,94.966,94.945,94.962,94.941,70
2014-10-14 22:46:00,2014-10-14 22:47:00,94.919,94.934,94.939,94.919,94.945,94.958,94.963,94.949,92
2014-10-14 22:47:00,2014-10-14 22:48:00,94.934,94.923,94.941,94.923,94.958,94.952,94.963,94.952,39
2014-10-14 22:48:00,2014-10-14 22:49:00,94.923,94.916,94.924,94.915,94.952,94.944,94.951,94.942,21
2014-10-14 22:49:00,2014-10-14 22:50:00,94.916,94.906,94.915,94.906,94.944,94.933,94.945,94.933,18
2014-10-14 22:50:00,2014-10-14 22:51:00,94.906,94.892,94.908,94.892,94.933,94.922,94.933,94.922,27
2014-10-14 22:51:00,2014-10-14 22:52:00,94.892,94.889,94.895,94.889,94.922,94.908,94.921,94.908,25
2014-10-14 22:52:00,2014-10-14 22:53:00,94.889,94.882,94.891,94.88,94.908,94.901,94.908,94.901,23
2014-10-14 22:53:00,2014-10-14 22:54:00,94.882,94.865,94.881,94.862,94.901,94.882,94.901,94.881,71
2014-10-14 22:54:00,2014-10-14 22:55:00,94.865,94.864,94.872,94.864,94.882,94.894,94.898,94.88,52
2014-10-14 22:55:00,2014-10-14 22:56:00,94.864,94.871,94.872,94.862,94.894,94.897,94.897,94.889,31
2014-10-14 22:56:00,2014-10-14 22:57:00,94.871,94.864,94.872,94.863,94.897,94.889,94.897,94.885,23
2014-10-14 22:57:00,2014-10-14 22:58:00,94.864,94.878,94.878,94.86,94.889,94.907,94.907,94.887,43
2014-10-14 22:58:00,2014-10-14 22:59:00,94.878,94.875,94.878,94.87,94.907,94.905,94.906,94.896,38
2014-10-14 22:59:00,2014-10-14 23:00:00,94.875,94.872,94.879,94.869,94.905,94.896,94.909,94.894,71
2014-10-14 23:00:00,2014-10-14 23:01:00,94.872,94.878,94.882,94.872,94.896,94.903,94.91,94.897,41
2014-10-14 23:01:00,2014-10-14 23:02:00,94.878,94.878,94.881,94.877,94.903,94.903,94.907,94.901,28
2014-10-14 23:02:00,2014-10-14 23:03:00,94.878,94.879,94.88,94.877,94.903,94.906,94.906,94.902,14
2014-10-14 23:03:00,2014-10-14 23:04:00,94.879,94.872,94.88,94.87,94.906,94.9,94.907,94.896,70
2014-10-14 23:04:00,2014-10-14 23:05:00,94.872,94.864,94.872,94.864,94.9,94.891,94.9,94.89,49
2014-10-14 23:05:00,2014-10-14 23:06:00,94.864,94.865,94.867,94.86,94.891,94.891,94.893,94.887,47
2014-10-14 23:06:00,2014-10-14 23:07:00,94.865,94.86,94.865,94.858,94.891,94.884,94.89,94.881,37
2014-10-14 23:07:00,2014-10-14 23:08:00,94.86,94.86,94.86,94.858,94.884,94.883,94.886,94.881,14
2014-10-14 23:08:00,2014-10-14 23:09:00,94.86,94.86,94.861,94.859,94.883,94.886,94.888,94.884,11
2014-10-14 23:09:00,2014-10-14 23:10:00,94.86,94.869,94.869,94.858,94.886,94.895,94.897,94.883,42
2014-10-14 23:10:00,2014-10-14 23:11:00,94.869,94.877,94.881,94.873,94.895,94.905,94.911,94.895,38
2014-10-14 23:11:00,2014-10-14 23:12:00,94.877,94.876,94.877,94.873,94.905,94.904,94.906,94.901,20
2014-10-14 23:12:00,2014-10-14 23:13:00,94.876,94.888,94.891,94.877,94.904,94.916,94.921,94.904,38
2014-10-14 23:13:00,2014-10-14 23:14:00,94.888,94.902,94.902,94.887,94.916,94.931,94.931,94.916,45
2014-10-14 23:14:00,2014-10-14 23:15:00,94.902,94.896,94.915,94.896,94.931,94.922,94.941,94.922,196
2014-10-14 23:15:00,2014-10-14 23:16:00,94.896,94.9,94.903,94.896,94.922,94.928,94.93,94.921,37
2014-10-14 23:16:00,2014-10-14 23:17:00,94.9,94.899,94.9,94.898,94.928,94.925,94.928,94.925,5
2014-10-14 23:17:00,2014-10-14 23:18:00,94.899,94.898,94.902,94.897,94.925,94.926,94.929,94.924,41
2014-10-14 23:18:00,2014-10-14 23:19:00,94.898,94.897,94.899,94.893,94.926,94.923,94.926,94.919,28
2014-10-14 23:19:00,2014-10-14 23:20:00,94.897,94.904,94.904,94.897,94.923,94.929,94.929,94.921,14
2014-10-14 23:20:00,2014-10-14 23:21:00,94.904,94.902,94.905,94.902,94.929,94.929,94.93,94.929,9
2014-10-14 23:21:00,2014-10-14 23:22:00,94.902,94.904,94.904,94.894,94.929,94.933,94.933,94.922,54
2014-10-14 23:22:00,2014-10-14 23:23:00,94.904,94.905,94.906,94.904,94.933,94.933,94.933,94.933,7
2014-10-14 23:23:00,2014-10-14 23:24:00,94.905,94.912,94.914,94.906,94.933,94.938,94.938,94.933,29
2014-10-14 23:24:00,2014-10-14 23:25:00,94.912,94.909,94.913,94.908,94.938,94.937,94.938,94.935,12
2014-10-14 23:25:00,2014-10-14 23:26:00,94.909,94.908,94.911,94.908,94.937,94.932,94.938,94.932,13
2014-10-14 23:26:00,2014-10-14 23:27:00,94.908,94.885,94.907,94.885,94.932,94.911,94.932,94.911,47
2014-10-14 23:27:00,2014-10-14 23:28:00,94.885,94.872,94.887,94.872,94.911,94.901,94.913,94.898,54
2014-10-14 23:28:00,2014-10-14 23:29:00,94.872,94.889,94.897,94.874,94.901,94.919,94.926,94.901,73
2014-10-14 23:29:00,2014-10-14 23:30:00,94.889,94.869,94.889,94.867,94.919,94.897,94.918,94.894,134
2014-10-14 23:30:00,2014-10-14 23:31:00,94.869,94.858,94.873,94.858,94.897,94.884,94.898,94.884,106
2014-10-14 23:31:00,2014-10-14 23:32:00,94.858,94.857,94.86,94.853,94.884,94.881,94.886,94.88,56
2014-10-14 23:32:00,2014-10-14 23:33:00,94.857,94.84,94.857,94.837,94.881,94.865,94.875,94.863,72
2014-10-14 23:33:00,2014-10-14 23:34:00,94.84,94.887,94.924,94.833,94.865,94.914,94.957,94.856,323
2014-10-14 23:34:00,2014-10-14 23:35:00,94.887,94.893,94.906,94.887,94.914,94.917,94.934,94.912,152
2014-10-14 23:35:00,2014-10-14 23:36:00,94.893,94.867,94.891,94.864,94.917,94.894,94.917,94.887,132
2014-10-14 23:36:00,2014-10-14 23:37:00,94.867,94.864,94.873,94.851,94.894,94.892,94.901,94.874,130
2014-10-14 23:37:00,2014-10-14 23:38:00,94.864,94.86,94.872,94.86,94.892,94.882,94.9,94.882,42
2014-10-14 23:38:00,2014-10-14 23:39:00,94.86,94.854,94.865,94.848,94.882,94.877,94.887,94.871,66
2014-10-14 23:39:00,2014-10-14 23:40:00,94.854,94.843,94.86,94.841,94.877,94.869,94.879,94.864,91
2014-10-14 23:40:00,2014-10-14 23:41:00,94.843,94.841,94.843,94.834,94.869,94.866,94.867,94.862,37
2014-10-14 23:41:00,2014-10-14 23:42:00,94.841,94.835,94.855,94.835,94.866,94.861,94.88,94.858,58
2014-10-14 23:42:00,2014-10-14 23:43:00,94.835,94.836,94.838,94.831,94.861,94.862,94.863,94.855,23
2014-10-14 23:43:00,2014-10-14 23:44:00,94.836,94.83,94.841,94.826,94.862,94.853,94.867,94.847,55
2014-10-14 23:44:00,2014-10-14 23:45:00,94.83,94.828,94.834,94.824,94.853,94.85,94.857,94.847,50
2014-10-14 23:45:00,2014-10-14 23:46:00,94.828,94.841,94.842,94.827,94.85,94.866,94.866,94.852,46
2014-10-14 23:46:00,2014-10-14 23:47:00,94.841,94.841,94.849,94.836,94.866,94.868,94.871,94.861,79
2014-10-14 23:47:00,2014-10-14 23:48:00,94.841,94.838,94.849,94.835,94.868,94.864,94.872,94.862,79
2014-10-14 23:48:00,2014-10-14 23:49:00,94.838,94.843,94.847,94.839,94.864,94.872,94.874,94.864,72
2014-10-14 23:49:00,2014-10-14 23:50:00,94.843,94.826,94.843,94.826,94.872,94.852,94.871,94.851,44
2014-10-14 23:50:00,2014-10-14 23:51:00,94.826,94.816,94.826,94.815,94.852,94.843,94.854,94.843,47
2014-10-14 23:51:00,2014-10-14 23:52:00,94.816,94.81,94.814,94.805,94.843,94.833,94.844,94.83,118
2014-10-14 23:52:00,2014-10-14 23:53:00,94.81,94.814,94.821,94.805,94.833,94.842,94.849,94.828,129
2014-10-14 23:53:00,2014-10-14 23:54:00,94.814,94.82,94.822,94.814,94.842,94.846,94.848,94.841,58
2014-10-14 23:54:00,2014-10-14 23:55:00,94.82,94.82,94.824,94.82,94.846,94.848,94.85,94.845,30
2014-10-14 23:55:00,2014-10-14 23:56:00,94.82,94.82,94.828,94.815,94.848,94.843,94.848,94.842,53
2014-10-14 23:56:00,2014-10-14 23:57:00,94.82,94.816,94.824,94.816,94.843,94.843,94.848,94.843,20
2014-10-14 23:57:00,2014-10-14 23:58:00,94.816,94.816,94.818,94.811,94.843,94.839,94.843,94.836,49
2014-10-14 23:58:00,2014-10-14 23:59:00,94.816,94.819,94.822,94.814,94.839,94.844,94.846,94.837,34
2014-10-14 23:59:00,2014-10-15 00:00:00,94.819,94.768,94.826,94.757,94.844,94.796,94.851,94.785,255
2014-10-15 00:00:00,2014-10-15 00:01:00,94.768,94.749,94.774,94.74,94.796,94.776,94.799,94.767,244
2014-10-15 00:01:00,2014-10-15 00:02:00,94.749,94.739,94.753,94.739,94.776,94.763,94.779,94.763,79
2014-10-15 00:02:00,2014-10-15 00:03:00,94.739,94.752,94.757,94.737,94.763,94.781,94.785,94.765,84
2014-10-15 00:03:00,2014-10-15 00:04:00,94.752,94.754,94.76,94.752,94.781,94.782,94.786,94.78,77
2014-10-15 00:04:00,2014-10-15 00:05:00,94.754,94.717,94.754,94.71,94.782,94.746,94.782,94.738,173
2014-10-15 00:05:00,2014-10-15 00:06:00,94.717,94.711,94.717,94.702,94.746,94.736,94.743,94.726,121
2014-10-15 00:06:00,2014-10-15 00:07:00,94.711,94.716,94.718,94.71,94.736,94.742,94.743,94.734,94
2014-10-15 00:07:00,2014-10-15 00:08:00,94.716,94.718,94.73,94.714,94.742,94.745,94.752,94.742,98
2014-10-15 00:08:00,2014-10-15 00:09:00,94.718,94.724,94.724,94.717,94.745,94.75,94.75,94.742,48
2014-10-15 00:09:00,2014-10-15 00:10:00,94.724,94.715,94.724,94.715,94.75,94.741,94.751,94.74,21
2014-10-15 00:10:00,2014-10-15 00:11:00,94.715,94.714,94.719,94.706,94.741,94.739,94.744,94.733,82
2014-10-15 00:11:00,2014-10-15 00:12:00,94.714,94.751,94.753,94.716,94.739,94.779,94.781,94.739,192
2014-10-15 00:12:00,2014-10-15 00:13:00,94.751,94.763,94.77,94.751,94.779,94.79,94.798,94.778,135
2014-10-15 00:13:00,2014-10-15 00:14:00,94.763,94.795,94.803,94.763,94.79,94.822,94.83,94.789,183
2014-10-15 00:14:00,2014-10-15 00:15:00,94.795,94.771,94.799,94.77,94.822,94.8,94.827,94.797,133
2014-10-15 00:15:00,2014-10-15 00:16:00,94.771,94.781,94.785,94.77,94.8,94.811,94.811,94.794,81
2014-10-15 00:16:00,2014-10-15 00:17:00,94.781,94.784,94.794,94.781,94.811,94.811,94.822,94.808,102
2014-10-15 00:17:00,2014-10-15 00:18:00,94.784,94.813,94.813,94.781,94.811,94.838,94.84,94.806,131
2014-10-15 00:18:00,2014-10-15 00:19:00,94.813,94.826,94.829,94.809,94.838,94.856,94.856,94.835,94
2014-10-15 00:19:00,2014-10-15 00:20:00,94.826,94.82,94.832,94.82,94.856,94.846,94.859,94.846,132
2014-10-15 00:20:00,2014-10-15 00:21:00,94.82,94.814,94.82,94.811,94.846,94.84,94.848,94.839,76
2014-10-15 00:21:00,2014-10-15 00:22:00,94.814,94.812,94.824,94.812,94.84,94.84,94.849,94.84,103
2014-10-15 00:22:00,2014-10-15 00:23:00,94.812,94.796,94.812,94.796,94.84,94.823,94.839,94.823,123
2014-10-15 00:23:00,2014-10-15 00:24:00,94.796,94.8,94.803,94.791,94.823,94.828,94.83,94.817,84
2014-10-15 00:24:00,2014-10-15 00:25:00,94.8,94.817,94.817,94.802,94.828,94.845,94.845,94.827,95
2014-10-15 00:25:00,2014-10-15 00:26:00,94.817,94.807,94.817,94.807,94.845,94.832,94.846,94.832,44
2014-10-15 00:26:00,2014-10-15 00:27:00,94.807,94.791,94.808,94.788,94.832,94.818,94.833,94.817,132
2014-10-15 00:27:00,2014-10-15 00:28:00,94.791,94.786,94.793,94.781,94.818,94.816,94.818,94.809,71
2014-10-15 00:28:00,2014-10-15 00:29:00,94.786,94.78,94.786,94.779,94.816,94.806,94.815,94.806,29
2014-10-15 00:29:00,2014-10-15 00:30:00,94.78,94.78,94.784,94.778,94.806,94.808,94.811,94.802,46
2014-10-15 00:30:00,2014-10-15 00:31:00,94.78,94.772,94.784,94.769,94.808,94.799,94.808,94.796,132
2014-10-15 00:31:00,2014-10-15 00:32:00,94.772,94.77,94.78,94.764,94.799,94.796,94.801,94.79,91
2014-10-15 00:32:00,2014-10-15 00:33:00,94.77,94.781,94.786,94.771,94.796,94.803,94.81,94.796,105
2014-10-15 00:33:00,2014-10-15 00:34:00,94.781,94.788,94.793,94.779,94.803,94.814,94.816,94.805,51
2014-10-15 00:34:00,2014-10-15 00:35:00,94.788,94.799,94.799,94.786,94.814,94.826,94.826,94.813,86
2014-10-15 00:35:00,2014-10-15 00:36:00,94.799,94.801,94.804,94.787,94.826,94.829,94.83,94.815,99
2014-10-15 00:36:00,2014-10-15 00:37:00,94.801,94.792,94.801,94.791,94.829,94.82,94.828,94.815,61
2014-10-15 00:37:00,2014-10-15 00:38:00,94.792,94.784,94.791,94.782,94.82,94.813,94.821,94.808,72
2014-10-15 00:38:00,2014-10-15 00:39:00,94.784,94.761,94.784,94.76,94.813,94.791,94.812,94.783,121
2014-10-15 00:39:00,2014-10-15 00:40:00,94.761,94.771,94.779,94.755,94.791,94.797,94.809,94.783,169
2014-10-15 00:40:00,2014-10-15 00:41:00,94.771,94.772,94.774,94.767,94.797,94.801,94.801,94.795,45
2014-10-15 00:41:00,2014-10-15 00:42:00,94.772,94.79,94.792,94.773,94.801,94.817,94.818,94.801,85
2014-10-15 00:42:00,2014-10-15 00:43:00,94.79,94.79,94.791,94.786,94.817,94.817,94.817,94.813,32
2014-10-15 00:43:00,2014-10-15 00:44:00,94.79,94.772,94.79,94.771,94.817,94.802,94.817,94.801,174
2014-10-15 00:44:00,2014-10-15 00:45:00,94.772,94.76,94.771,94.753,94.802,94.786,94.802,94.781,98
2014-10-15 00:45:00,2014-10-15 00:46:00,94.76,94.751,94.76,94.741,94.786,94.776,94.787,94.768,141
2014-10-15 00:46:00,2014-10-15 00:47:00,94.751,94.763,94.769,94.749,94.776,94.789,94.797,94.776,120
2014-10-15 00:47:00,2014-10-15 00:48:00,94.763,94.702,94.761,94.697,94.789,94.731,94.789,94.724,248
2014-10-15 00:48:00,2014-10-15 00:49:00,94.702,94.721,94.724,94.696,94.731,94.747,94.751,94.724,201
2014-10-15 00:49:00,2014-10-15 00:50:00,94.721,94.731,94.732,94.72,94.747,94.758,94.758,94.744,114
2014-10-15 00:50:00,2014-10-15 00:51:00,94.731,94.73,94.735,94.72,94.758,94.759,94.761,94.746,198
2014-10-15 00:51:00,2014-10-15 00:52:00,94.73,94.733,94.735,94.719,94.759,94.759,94.762,94.747,182
2014-10-15 00:52:00,2014-10-15 00:53:00,94.733,94.715,94.738,94.71,94.759,94.74,94.763,94.734,184
2014-10-15 00:53:00,2014-10-15 00:54:00,94.715,94.71,94.725,94.704,94.74,94.738,94.747,94.728,330
2014-10-15 00:54:00,2014-10-15 00:55:00,94.71,94.718,94.724,94.707,94.738,94.741,94.75,94.729,230
2014-10-15 00:55:00,2014-10-15 00:56:00,94.718,94.706,94.725,94.706,94.741,94.729,94.75,94.726,229
2014-10-15 00:56:00,2014-10-15 00:57:00,94.706,94.702,94.711,94.702,94.729,94.725,94.733,94.725,68
2014-10-15 00:57:00,2014-10-15 00:58:00,94.702,94.679,94.705,94.677,94.725,94.701,94.727,94.699,149
2014-10-15 00:58:00,2014-10-15 00:59:00,94.679,94.647,94.679,94.644,94.701,94.673,94.704,94.672,240
2014-10-15 00:59:00,2014-10-15 01:00:00,94.647,94.621,94.653,94.617,94.673,94.649,94.679,94.643,351
2014-10-15 01:00:00,2014-10-15 01:01:00,94.621,94.603,94.627,94.6,94.649,94.629,94.654,94.627,161
2014-10-15 01:01:00,2014-10-15 01:02:00,94.603,94.606,94.624,94.596,94.629,94.634,94.649,94.622,231
2014-10-15 01:02:00,2014-10-15 01:03:00,94.606,94.602,94.616,94.595,94.634,94.629,94.644,94.622,173
2014-10-15 01:03:00,2014-10-15 01:04:00,94.602,94.598,94.611,94.596,94.629,94.621,94.638,94.621,143
2014-10-15 01:04:00,2014-10-15 01:05:00,94.598,94.628,94.634,94.597,94.621,94.656,94.661,94.621,195
2014-10-15 01:05:00,2014-10-15 01:06:00,94.628,94.642,94.649,94.619,94.656,94.669,94.676,94.646,124
2014-10-15 01:06:00,2014-10-15 01:07:00,94.642,94.651,94.656,94.637,94.669,94.678,94.682,94.665,168
2014-10-15 01:07:00,2014-10-15 01:08:00,94.651,94.636,94.658,94.636,94.678,94.664,94.685,94.662,198
2014-10-15 01:08:00,2014-10-15 01:09:00,94.636,94.635,94.642,94.631,94.664,94.665,94.67,94.658,73
2014-10-15 01:09:00,2014-10-15 01:10:00,94.635,94.616,94.635,94.612,94.665,94.642,94.665,94.633,133
2014-10-15 01:10:00,2014-10-15 01:11:00,94.616,94.626,94.628,94.603,94.642,94.647,94.65,94.626,183
2014-10-15 01:11:00,2014-10-15 01:12:00,94.626,94.631,94.635,94.626,94.647,94.656,94.661,94.648,48
2014-10-15 01:12:00,2014-10-15 01:13:00,94.631,94.623,94.631,94.623,94.656,94.65,94.653,94.647,28
2014-10-15 01:13:00,2014-10-15 01:14:00,94.623,94.574,94.623,94.573,94.65,94.602,94.651,94.598,236
2014-10-15 01:14:00,2014-10-15 01:15:00,94.574,94.579,94.579,94.561,94.602,94.606,94.608,94.587,173
2014-10-15 01:15:00,2014-10-15 01:16:00,94.579,94.591,94.599,94.577,94.606,94.618,94.628,94.603,149
2014-10-15 01:16:00,2014-10-15 01:17:00,94.591,94.563,94.596,94.563,94.618,94.589,94.618,94.589,98
2014-10-15 01:17:00,2014-10-15 01:18:00,94.563,94.526,94.564,94.517,94.589,94.552,94.59,94.542,223
2014-10-15 01:18:00,2014-10-15 01:19:00,94.526,94.52,94.543,94.518,94.552,94.546,94.57,94.546,228
2014-10-15 01:19:00,2014-10-15 01:20:00,94.52,94.511,94.521,94.494,94.546,94.535,94.545,94.521,229
2014-10-15 01:20:00,2014-10-15 01:21:00,94.511,94.502,94.513,94.494,94.535,94.527,94.536,94.522,250
2014-10-15 01:21:00,2014-10-15 01:22:00,94.502,94.529,94.529,94.494,94.527,94.554,94.554,94.522,204
2014-10-15 01:22:00,2014-10-15 01:23:00,94.529,94.527,94.53,94.521,94.554,94.556,94.556,94.546,58
2014-10-15 01:23:00,2014-10-15 01:24:00,94.527,94.535,94.543,94.526,94.556,94.556,94.567,94.553,107
2014-10-15 01:24:00,2014-10-15 01:25:00,94.535,94.504,94.54,94.503,94.556,94.529,94.564,94.529,259
2014-10-15 01:25:00,2014-10-15 01:26:00,94.504,94.496,94.503,94.474,94.529,94.523,94.529,94.497,122
2014-10-15 01:26:00,2014-10-15 01:27:00,94.496,94.499,94.505,94.491,94.523,94.529,94.531,94.517,47
2014-10-15 01:27:00,2014-10-15 01:28:00,94.499,94.505,94.507,94.499,94.529,94.532,94.537,94.525,68
2014-10-15 01:28:00,2014-10-15 01:29:00,94.505,94.515,94.522,94.504,94.532,94.543,94.547,94.531,91
2014-10-15 01:29:00,2014-10-15 01:30:00,94.515,94.493,94.518,94.488,94.543,94.518,94.544,94.516,109
2014-10-15 01:30:00,2014-10-15 01:31:00,94.493,94.465,94.494,94.457,94.518,94.491,94.521,94.484,193
2014-10-15 01:31:00,2014-10-15 01:32:00,94.465,94.456,94.472,94.436,94.491,94.485,94.495,94.463,310
2014-10-15 01:32:00,2014-10-15 01:33:00,94.456,94.467,94.471,94.455,94.485,94.492,94.498,94.482,179
2014-10-15 01:33:00,2014-10-15 01:34:00,94.467,94.473,94.478,94.463,94.492,94.497,94.505,94.488,70
2014-10-15 01:34:00,2014-10-15 01:35:00,94.473,94.483,94.483,94.473,94.497,94.508,94.51,94.494,53
2014-10-15 01:35:00,2014-10-15 01:36:00,94.483,94.469,94.482,94.453,94.508,94.496,94.509,94.48,166
2014-10-15 01:36:00,2014-10-15 01:37:00,94.469,94.491,94.501,94.467,94.496,94.52,94.526,94.496,212
2014-10-15 01:37:00,2014-10-15 01:38:00,94.491,94.503,94.505,94.478,94.52,94.529,94.529,94.505,121
2014-10-15 01:38:00,2014-10-15 01:39:00,94.503,94.561,94.565,94.501,94.529,94.588,94.593,94.527,254
2014-10-15 01:39:00,2014-10-15 01:40:00,94.561,94.585,94.592,94.56,94.588,94.614,94.621,94.588,277
2014-10-15 01:40:00,2014-10-15 01:41:00,94.585,94.584,94.597,94.576,94.614,94.612,94.624,94.602,146
2014-10-15 01:41:00,2014-10-15 01:42:00,94.584,94.575,94.598,94.562,94.612,94.602,94.623,94.591,424
2014-10-15 01:42:00,2014-10-15 01:43:00,94.575,94.528,94.574,94.52,94.602,94.556,94.602,94.548,405
2014-10-15 01:43:00,2014-10-15 01:44:00,94.528,94.537,94.564,94.518,94.556,94.567,94.592,94.546,259
2014-10-15 01:44:00,2014-10-15 01:45:00,94.537,94.478,94.545,94.468,94.567,94.507,94.571,94.495,339
2014-10-15 01:45:00,2014-10-15 01:46:00,94.478,94.46,94.477,94.45,94.507,94.486,94.507,94.478,243
2014-10-15 01:46:00,2014-10-15 01:47:00,94.46,94.426,94.464,94.425,94.486,94.451,94.492,94.45,193
2014-10-15 01:47:00,2014-10-15 01:48:00,94.426,94.441,94.466,94.425,94.451,94.469,94.493,94.451,209
2014-10-15 01:48:00,2014-10-15 01:49:00,94.441,94.45,94.454,94.427,94.469,94.474,94.48,94.452,88
2014-10-15 01:49:00,2014-10-15 01:50:00,94.45,94.474,94.474,94.442,94.474,94.502,94.502,94.468,160
2014-10-15 01:50:00,2014-10-15 01:51:00,94.474,94.511,94.512,94.47,94.502,94.538,94.538,94.496,147
2014-10-15 01:51:00,2014-10-15 01:52:00,94.511,94.533,94.533,94.506,94.538,94.561,94.561,94.532,125
2014-10-15 01:52:00,2014-10-15 01:53:00,94.533,94.536,94.553,94.529,94.561,94.563,94.578,94.558,173
2014-10-15 01:53:00,2014-10-15 01:54:00,94.536,94.546,94.549,94.53,94.563,94.57,94.573,94.557,70
2014-10-15 01:54:00,2014-10-15 01:55:00,94.546,94.553,94.563,94.545,94.57,94.58,94.588,94.57,109
2014-10-15 01:55:00,2014-10-15 01:56:00,94.553,94.553,94.573,94.55,94.58,94.58,94.595,94.58,76
2014-10-15 01:56:00,2014-10-15 01:57:00,94.553,94.533,94.554,94.533,94.58,94.56,94.58,94.56,65
2014-10-15 01:57:00,2014-10-15 01:58:00,94.533,94.534,94.543,94.532,94.56,94.561,94.568,94.558,91
2014-10-15 01:58:00,2014-10-15 01:59:00,94.534,94.519,94.536,94.519,94.561,94.546,94.564,94.545,150
2014-10-15 01:59:00,2014-10-15 02:00:00,94.519,94.552,94.552,94.519,94.546,94.578,94.578,94.546,71
2014-10-15 02:00:00,2014-10-15 02:01:00,94.552,94.546,94.553,94.543,94.578,94.574,94.58,94.57,81
2014-10-15 02:01:00,2014-10-15 02:02:00,94.546,94.538,94.55,94.53,94.574,94.563,94.577,94.554,77
2014-10-15 02:02:00,2014-10-15 02:03:00,94.538,94.545,94.547,94.535,94.563,94.571,94.571,94.563,117
2014-10-15 02:03:00,2014-10-15 02:04:00,94.545,94.556,94.557,94.545,94.571,94.582,94.583,94.572,79
2014-10-15 02:04:00,2014-10-15 02:05:00,94.556,94.569,94.569,94.549,94.582,94.592,94.593,94.575,87
2014-10-15 02:05:00,2014-10-15 02:06:00,94.569,94.596,94.616,94.559,94.592,94.62,94.636,94.587,370
2014-10-15 02:06:00,2014-10-15 02:07:00,94.596,94.598,94.6,94.579,94.62,94.625,94.626,94.605,116
2014-10-15 02:07:00,2014-10-15 02:08:00,94.598,94.577,94.6,94.576,94.625,94.605,94.626,94.605,45
2014-10-15 02:08:00,2014-10-15 02:09:00,94.577,94.584,94.585,94.574,94.605,94.611,94.612,94.6,103
2014-10-15 02:09:00,2014-10-15 02:10:00,94.584,94.58,94.584,94.575,94.611,94.608,94.61,94.601,42
2014-10-15 02:10:00,2014-10-15 02:11:00,94.58,94.585,94.59,94.58,94.608,94.612,94.617,94.607,37
2014-10-15 02:11:00,2014-10-15 02:12:00,94.585,94.591,94.593,94.58,94.612,94.619,94.621,94.606,68
2014-10-15 02:12:00,2014-10-15 02:13:00,94.591,94.584,94.591,94.579,94.619,94.61,94.619,94.605,73
2014-10-15 02:13:00,2014-10-15 02:14:00,94.584,94.589,94.591,94.584,94.61,94.617,94.618,94.608,56
2014-10-15 02:14:00,2014-10-15 02:15:00,94.589,94.593,94.593,94.584,94.617,94.617,94.62,94.609,58
2014-10-15 02:15:00,2014-10-15 02:16:00,94.593,94.594,94.6,94.586,94.617,94.621,94.627,94.612,108
2014-10-15 02:16:00,2014-10-15 02:17:00,94.594,94.595,94.604,94.591,94.621,94.622,94.628,94.615,66
2014-10-15 02:17:00,2014-10-15 02:18:00,94.595,94.589,94.595,94.58,94.622,94.613,94.621,94.606,65
2014-10-15 02:18:00,2014-10-15 02:19:00,94.589,94.583,94.592,94.583,94.613,94.61,94.618,94.61,24
2014-10-15 02:19:00,2014-10-15 02:20:00,94.583,94.528,94.583,94.526,94.61,94.551,94.609,94.55,221
2014-10-15 02:20:00,2014-10-15 02:21:00,94.528,94.517,94.537,94.511,94.551,94.543,94.564,94.539,194
2014-10-15 02:21:00,2014-10-15 02:22:00,94.517,94.513,94.517,94.5,94.543,94.54,94.544,94.528,66
2014-10-15 02:22:00,2014-10-15 02:23:00,94.513,94.502,94.521,94.501,94.54,94.529,94.546,94.529,99
2014-10-15 02:23:00,2014-10-15 02:24:00,94.502,94.473,94.505,94.473,94.529,94.502,94.529,94.501,96
2014-10-15 02:24:00,2014-10-15 02:25:00,94.473,94.452,94.473,94.437,94.502,94.477,94.498,94.464,163
2014-10-15 02:25:00,2014-10-15 02:26:00,94.452,94.447,94.452,94.435,94.477,94.473,94.479,94.457,177
2014-10-15 02:26:00,2014-10-15 02:27:00,94.447,94.446,94.449,94.444,94.473,94.474,94.475,94.47,34
2014-10-15 02:27:00,2014-10-15 02:28:00,94.446,94.464,94.469,94.448,94.474,94.487,94.496,94.475,120
2014-10-15 02:28:00,2014-10-15 02:29:00,94.464,94.471,94.49,94.464,94.487,94.499,94.518,94.486,212
2014-10-15 02:29:00,2014-10-15 02:30:00,94.471,94.478,94.478,94.468,94.499,94.504,94.505,94.493,33
2014-10-15 02:30:00,2014-10-15 02:31:00,94.478,94.474,94.479,94.474,94.504,94.502,94.509,94.5,26
2014-10-15 02:31:00,2014-10-15 02:32:00,94.474,94.486,94.486,94.474,94.502,94.513,94.513,94.501,27
2014-10-15 02:32:00,2014-10-15 02:33:00,94.486,94.505,94.509,94.487,94.513,94.533,94.535,94.513,56
2014-10-15 02:33:00,2014-10-15 02:34:00,94.505,94.493,94.511,94.493,94.533,94.521,94.535,94.521,47
2014-10-15 02:34:00,2014-10-15 02:35:00,94.493,94.489,94.494,94.485,94.521,94.518,94.521,94.511,56
2014-10-15 02:35:00,2014-10-15 02:36:00,94.489,94.465,94.49,94.465,94.518,94.495,94.518,94.494,40
2014-10-15 02:36:00,2014-10-15 02:37:00,94.465,94.467,94.478,94.456,94.495,94.491,94.503,94.479,141
2014-10-15 02:37:00,2014-10-15 02:38:00,94.467,94.467,94.471,94.459,94.491,94.494,94.498,94.482,57
2014-10-15 02:38:00,2014-10-15 02:39:00,94.467,94.479,94.479,94.467,94.494,94.502,94.505,94.489,51
2014-10-15 02:39:00,2014-10-15 02:40:00,94.479,94.496,94.496,94.473,94.502,94.519,94.522,94.497,141
2014-10-15 02:40:00,2014-10-15 02:41:00,94.496,94.475,94.496,94.464,94.519,94.497,94.518,94.485,162
2014-10-15 02:41:00,2014-10-15 02:42:00,94.475,94.483,94.49,94.475,94.497,94.511,94.516,94.497,124
2014-10-15 02:42:00,2014-10-15 02:43:00,94.483,94.474,94.485,94.47,94.511,94.5,94.512,94.495,84
2014-10-15 02:43:00,2014-10-15 02:44:00,94.474,94.484,94.484,94.473,94.5,94.509,94.509,94.497,44
2014-10-15 02:44:00,2014-10-15 02:45:00,94.484,94.485,94.487,94.482,94.509,94.51,94.512,94.505,26
2014-10-15 02:45:00,2014-10-15 02:46:00,94.485,94.485,94.489,94.483,94.51,94.512,94.514,94.509,16
2014-10-15 02:46:00,2014-10-15 02:47:00,94.485,94.493,94.498,94.469,94.512,94.517,94.524,94.496,182
2014-10-15 02:47:00,2014-10-15 02:48:00,94.493,94.492,94.512,94.489,94.517,94.517,94.534,94.515,90
2014-10-15 02:48:00,2014-10-15 02:49:00,94.492,94.5,94.511,94.488,94.517,94.527,94.534,94.516,160
2014-10-15 02:49:00,2014-10-15 02:50:00,94.5,94.516,94.521,94.5,94.527,94.539,94.539,94.526,72
2014-10-15 02:50:00,2014-10-15 02:51:00,94.516,94.519,94.519,94.509,94.539,94.544,94.544,94.533,47
2014-10-15 02:51:00,2014-10-15 02:52:00,94.519,94.521,94.529,94.517,94.544,94.545,94.553,94.543,117
2014-10-15 02:52:00,2014-10-15 02:53:00,94.521,94.514,94.524,94.507,94.545,94.54,94.547,94.532,103
2014-10-15 02:53:00,2014-10-15 02:54:00,94.514,94.515,94.518,94.509,94.54,94.541,94.546,94.534,56
2014-10-15 02:54:00,2014-10-15 02:55:00,94.515,94.497,94.514,94.49,94.541,94.523,94.541,94.515,133
2014-10-15 02:55:00,2014-10-15 02:56:00,94.497,94.492,94.497,94.491,94.523,94.518,94.521,94.517,8
2014-10-15 02:56:00,2014-10-15 02:57:00,94.492,94.502,94.507,94.491,94.518,94.529,94.529,94.517,79
2014-10-15 02:57:00,2014-10-15 02:58:00,94.502,94.498,94.509,94.498,94.529,94.526,94.534,94.526,37
2014-10-15 02:58:00,2014-10-15 02:59:00,94.498,94.509,94.51,94.497,94.526,94.536,94.536,94.523,61
2014-10-15 02:59:00,2014-10-15 03:00:00,94.509,94.505,94.52,94.504,94.536,94.53,94.543,94.53,76
2014-10-15 03:00:00,2014-10-15 03:01:00,94.505,94.508,94.508,94.503,94.53,94.533,94.533,94.527,25
2014-10-15 03:01:00,2014-10-15 03:02:00,94.508,94.502,94.511,94.498,94.533,94.528,94.536,94.522,95
2014-10-15 03:02:00,2014-10-15 03:03:00,94.502,94.511,94.513,94.503,94.528,94.534,94.54,94.528,80
2014-10-15 03:03:00,2014-10-15 03:04:00,94.511,94.537,94.54,94.512,94.534,94.565,94.565,94.534,54
2014-10-15 03:04:00,2014-10-15 03:05:00,94.537,94.562,94.564,94.535,94.565,94.588,94.592,94.563,70
2014-10-15 03:05:00,2014-10-15 03:06:00,94.562,94.55,94.572,94.55,94.588,94.575,94.6,94.573,82
2014-10-15 03:06:00,2014-10-15 03:07:00,94.55,94.552,94.556,94.545,94.575,94.582,94.584,94.57,65
2014-10-15 03:07:00,2014-10-15 03:08:00,94.552,94.549,94.555,94.544,94.582,94.578,94.582,94.572,78
2014-10-15 03:08:00,2014-10-15 03:09:00,94.549,94.54,94.551,94.54,94.578,94.569,94.578,94.565,82
2014-10-15 03:09:00,2014-10-15 03:10:00,94.54,94.543,94.552,94.54,94.569,94.565,94.577,94.564,60
2014-10-15 03:10:00,2014-10-15 03:11:00,94.543,94.533,94.545,94.533,94.565,94.561,94.568,94.558,69
2014-10-15 03:11:00,2014-10-15 03:12:00,94.533,94.54,94.542,94.533,94.561,94.565,94.567,94.559,56
2014-10-15 03:12:00,2014-10-15 03:13:00,94.54,94.544,94.544,94.535,94.565,94.572,94.572,94.559,27
2014-10-15 03:13:00,2014-10-15 03:14:00,94.544,94.544,94.544,94.544,94.572,94.569,94.571,94.567,12
2014-10-15 03:14:00,2014-10-15 03:15:00,94.544,94.55,94.552,94.543,94.569,94.574,94.577,94.565,144
2014-10-15 03:15:00,2014-10-15 03:16:00,94.55,94.561,94.561,94.55,94.574,94.582,94.586,94.571,34
2014-10-15 03:16:00,2014-10-15 03:17:00,94.561,94.558,94.561,94.558,94.582,94.579,94.585,94.579,18
2014-10-15 03:17:00,2014-10-15 03:18:00,94.558,94.573,94.575,94.558,94.579,94.593,94.594,94.58,65
2014-10-15 03:18:00,2014-10-15 03:19:00,94.573,94.568,94.578,94.559,94.593,94.591,94.603,94.579,108
2014-10-15 03:19:00,2014-10-15 03:20:00,94.568,94.584,94.584,94.562,94.591,94.613,94.613,94.585,116
2014-10-15 03:20:00,2014-10-15 03:21:00,94.584,94.583,94.594,94.58,94.613,94.612,94.622,94.607,72
2014-10-15 03:21:00,2014-10-15 03:22:00,94.583,94.583,94.584,94.58,94.612,94.612,94.612,94.607,24
2014-10-15 03:22:00,2014-10-15 03:23:00,94.583,94.577,94.589,94.57,94.612,94.604,94.616,94.598,109
2014-10-15 03:23:00,2014-10-15 03:24:00,94.577,94.571,94.578,94.569,94.604,94.597,94.606,94.589,64
2014-10-15 03:24:00,2014-10-15 03:25:00,94.571,94.584,94.586,94.573,94.597,94.609,94.609,94.597,31
2014-10-15 03:25:00,2014-10-15 03:26:00,94.584,94.59,94.602,94.584,94.609,94.615,94.629,94.607,78
2014-10-15 03:26:00,2014-10-15 03:27:00,94.59,94.619,94.619,94.59,94.615,94.648,94.65,94.615,176
2014-10-15 03:27:00,2014-10-15 03:28:00,94.619,94.62,94.623,94.611,94.648,94.646,94.653,94.64,117
2014-10-15 03:28:00,2014-10-15 03:29:00,94.62,94.618,94.621,94.614,94.646,94.642,94.65,94.639,73
2014-10-15 03:29:00,2014-10-15 03:30:00,94.618,94.642,94.642,94.61,94.642,94.667,94.668,94.636,108
2014-10-15 03:30:00,2014-10-15 03:31:00,94.642,94.639,94.645,94.626,94.667,94.668,94.674,94.651,205
2014-10-15 03:31:00,2014-10-15 03:32:00,94.639,94.612,94.639,94.611,94.668,94.64,94.667,94.637,105
2014-10-15 03:32:00,2014-10-15 03:33:00,94.612,94.627,94.63,94.605,94.64,94.655,94.659,94.633,129
2014-10-15 03:33:00,2014-10-15 03:34:00,94.627,94.639,94.649,94.621,94.655,94.67,94.676,94.648,156
2014-10-15 03:34:00,2014-10-15 03:35:00,94.639,94.655,94.664,94.634,94.67,94.684,94.692,94.662,168
2014-10-15 03:35:00,2014-10-15 03:36:00,94.655,94.661,94.667,94.652,94.684,94.691,94.692,94.68,88
2014-10-15 03:36:00,2014-10-15 03:37:00,94.661,94.658,94.67,94.658,94.691,94.684,94.696,94.684,71
2014-10-15 03:37:00,2014-10-15 03:38:00,94.658,94.65,94.66,94.649,94.684,94.68,94.687,94.677,59
2014-10-15 03:38:00,2014-10-15 03:39:00,94.65,94.647,94.65,94.639,94.68,94.674,94.678,94.662,52
2014-10-15 03:39:00,2014-10-15 03:40:00,94.647,94.661,94.662,94.646,94.674,94.689,94.691,94.666,150
2014-10-15 03:40:00,2014-10-15 03:41:00,94.661,94.652,94.663,94.638,94.689,94.679,94.691,94.663,119
2014-10-15 03:41:00,2014-10-15 03:42:00,94.652,94.641,94.651,94.641,94.679,94.669,94.679,94.668,43
2014-10-15 03:42:00,2014-10-15 03:43:00,94.641,94.64,94.641,94.63,94.669,94.666,94.669,94.659,82
2014-10-15 03:43:00,2014-10-15 03:44:00,94.64,94.65,94.659,94.64,94.666,94.674,94.686,94.667,60
2014-10-15 03:44:00,2014-10-15 03:45:00,94.65,94.64,94.65,94.639,94.674,94.669,94.676,94.664,111
2014-10-15 03:45:00,2014-10-15 03:46:00,94.64,94.633,94.64,94.628,94.669,94.66,94.668,94.653,87
2014-10-15 03:46:00,2014-10-15 03:47:00,94.633,94.627,94.634,94.627,94.66,94.652,94.66,94.652,62
2014-10-15 03:47:00,2014-10-15 03:48:00,94.627,94.636,94.647,94.627,94.652,94.664,94.677,94.653,199
2014-10-15 03:48:00,2014-10-15 03:49:00,94.636,94.646,94.65,94.636,94.664,94.672,94.676,94.664,106
2014-10-15 03:49:00,2014-10-15 03:50:00,94.646,94.644,94.652,94.637,94.672,94.671,94.678,94.663,64
2014-10-15 03:50:00,2014-10-15 03:51:00,94.644,94.645,94.646,94.643,94.671,94.671,94.673,94.671,8
2014-10-15 03:51:00,2014-10-15 03:52:00,94.645,94.634,94.645,94.634,94.671,94.664,94.669,94.662,39
2014-10-15 03:52:00,2014-10-15 03:53:00,94.634,94.637,94.64,94.632,94.664,94.664,94.666,94.659,49
2014-10-15 03:53:00,2014-10-15 03:54:00,94.637,94.651,94.653,94.639,94.664,94.678,94.679,94.664,41
2014-10-15 03:54:00,2014-10-15 03:55:00,94.651,94.65,94.658,94.65,94.678,94.679,94.682,94.676,41
2014-10-15 03:55:00,2014-10-15 03:56:00,94.65,94.651,94.652,94.649,94.679,94.678,94.679,94.676,8
2014-10-15 03:56:00,2014-10-15 03:57:00,94.651,94.646,94.66,94.646,94.678,94.673,94.685,94.673,58
2014-10-15 03:57:00,2014-10-15 03:58:00,94.646,94.625,94.657,94.625,94.673,94.653,94.681,94.65,181
2014-10-15 03:58:00,2014-10-15 03:59:00,94.625,94.615,94.633,94.615,94.653,94.638,94.66,94.634,185
2014-10-15 03:59:00,2014-10-15 04:00:00,94.615,94.618,94.631,94.615,94.638,94.642,94.658,94.638,81
2014-10-15 04:00:00,2014-10-15 04:01:00,94.618,94.62,94.624,94.618,94.642,94.645,94.649,94.644,23
2014-10-15 04:01:00,2014-10-15 04:02:00,94.62,94.644,94.649,94.622,94.645,94.673,94.676,94.645,120
2014-10-15 04:02:00,2014-10-15 04:03:00,94.644,94.643,94.648,94.64,94.673,94.668,94.674,94.667,42
2014-10-15 04:03:00,2014-10-15 04:04:00,94.643,94.642,94.646,94.641,94.668,94.667,94.671,94.665,24
2014-10-15 04:04:00,2014-10-15 04:05:00,94.642,94.644,94.651,94.641,94.667,94.669,94.676,94.664,45
2014-10-15 04:05:00,2014-10-15 04:06:00,94.644,94.636,94.644,94.636,94.669,94.663,94.666,94.661,16
2014-10-15 04:06:00,2014-10-15 04:07:00,94.636,94.637,94.638,94.634,94.663,94.661,94.666,94.658,21
2014-10-15 04:07:00,2014-10-15 04:08:00,94.637,94.633,94.637,94.633,94.661,94.659,94.661,94.659,14
2014-10-15 04:08:00,2014-10-15 04:09:00,94.633,94.642,94.642,94.633,94.659,94.668,94.669,94.659,61
2014-10-15 04:09:00,2014-10-15 04:10:00,94.642,94.642,94.648,94.635,94.668,94.67,94.674,94.66,76
2014-10-15 04:10:00,2014-10-15 04:11:00,94.642,94.659,94.664,94.642,94.67,94.687,94.692,94.667,166
2014-10-15 04:11:00,2014-10-15 04:12:00,94.659,94.66,94.667,94.657,94.687,94.687,94.696,94.684,74
2014-10-15 04:12:00,2014-10-15 04:13:00,94.66,94.655,94.664,94.655,94.687,94.68,94.691,94.678,72
2014-10-15 04:13:00,2014-10-15 04:14:00,94.655,94.648,94.655,94.636,94.68,94.676,94.679,94.659,142
2014-10-15 04:14:00,2014-10-15 04:15:00,94.648,94.64,94.647,94.637,94.676,94.665,94.674,94.664,43
2014-10-15 04:15:00,2014-10-15 04:16:00,94.64,94.637,94.642,94.637,94.665,94.663,94.669,94.661,36
2014-10-15 04:16:00,2014-10-15 04:17:00,94.637,94.625,94.64,94.623,94.663,94.653,94.666,94.653,62
2014-10-15 04:17:00,2014-10-15 04:18:00,94.625,94.625,94.626,94.62,94.653,94.652,94.652,94.646,40
2014-10-15 04:18:00,2014-10-15 04:19:00,94.625,94.627,94.635,94.621,94.652,94.655,94.661,94.646,95
2014-10-15 04:19:00,2014-10-15 04:20:00,94.627,94.653,94.653,94.629,94.655,94.682,94.682,94.655,150
2014-10-15 04:20:00,2014-10-15 04:21:00,94.653,94.66,94.662,94.651,94.682,94.687,94.689,94.679,144
2014-10-15 04:21:00,2014-10-15 04:22:00,94.66,94.682,94.682,94.659,94.687,94.71,94.71,94.687,222
2014-10-15 04:22:00,2014-10-15 04:23:00,94.682,94.681,94.693,94.671,94.71,94.705,94.725,94.697,167
2014-10-15 04:23:00,2014-10-15 04:24:00,94.681,94.676,94.681,94.673,94.705,94.704,94.707,94.7,80
2014-10-15 04:24:00,2014-10-15 04:25:00,94.676,94.667,94.676,94.662,94.704,94.697,94.704,94.688,87
2014-10-15 04:25:00,2014-10-15 04:26:00,94.667,94.663,94.669,94.652,94.697,94.691,94.696,94.681,66
2014-10-15 04:26:00,2014-10-15 04:27:00,94.663,94.664,94.671,94.663,94.691,94.692,94.7,94.692,55
2014-10-15 04:27:00,2014-10-15 04:28:00,94.664,94.668,94.672,94.665,94.692,94.697,94.702,94.692,38
2014-10-15 04:28:00,2014-10-15 04:29:00,94.668,94.672,94.679,94.665,94.697,94.7,94.708,94.692,65
2014-10-15 04:29:00,2014-10-15 04:30:00,94.672,94.669,94.678,94.664,94.7,94.694,94.704,94.692,85
2014-10-15 04:30:00,2014-10-15 04:31:00,94.669,94.706,94.706,94.664,94.694,94.735,94.735,94.691,199
2014-10-15 04:31:00,2014-10-15 04:32:00,94.706,94.701,94.718,94.698,94.735,94.725,94.746,94.725,159
2014-10-15 04:32:00,2014-10-15 04:33:00,94.701,94.683,94.698,94.679,94.725,94.71,94.725,94.706,217
2014-10-15 04:33:00,2014-10-15 04:34:00,94.683,94.703,94.703,94.683,94.71,94.73,94.731,94.707,104
2014-10-15 04:34:00,2014-10-15 04:35:00,94.703,94.681,94.703,94.681,94.73,94.71,94.732,94.71,49
2014-10-15 04:35:00,2014-10-15 04:36:00,94.681,94.68,94.685,94.679,94.71,94.704,94.711,94.702,56
2014-10-15 04:36:00,2014-10-15 04:37:00,94.68,94.662,94.68,94.66,94.704,94.689,94.702,94.684,63
2014-10-15 04:37:00,2014-10-15 04:38:00,94.662,94.667,94.67,94.658,94.689,94.695,94.697,94.684,100
2014-10-15 04:38:00,2014-10-15 04:39:00,94.667,94.654,94.669,94.648,94.695,94.677,94.694,94.669,114
2014-10-15 04:39:00,2014-10-15 04:40:00,94.654,94.655,94.665,94.646,94.677,94.683,94.691,94.673,167
2014-10-15 04:40:00,2014-10-15 04:41:00,94.655,94.646,94.655,94.644,94.683,94.672,94.683,94.671,26
2014-10-15 04:41:00,2014-10-15 04:42:00,94.646,94.636,94.648,94.636,94.672,94.665,94.674,94.663,40
2014-10-15 04:42:00,2014-10-15 04:43:00,94.636,94.638,94.64,94.636,94.665,94.665,94.665,94.663,9
2014-10-15 04:43:00,2014-10-15 04:44:00,94.638,94.631,94.644,94.625,94.665,94.658,94.669,94.651,92
2014-10-15 04:44:00,2014-10-15 04:45:00,94.631,94.636,94.636,94.629,94.658,94.663,94.663,94.657,18
2014-10-15 04:45:00,2014-10-15 04:46:00,94.636,94.637,94.637,94.635,94.663,94.665,94.665,94.663,4
2014-10-15 04:46:00,2014-10-15 04:47:00,94.637,94.639,94.641,94.638,94.665,94.666,94.668,94.665,17
2014-10-15 04:47:00,2014-10-15 04:48:00,94.639,94.628,94.639,94.628,94.666,94.655,94.666,94.655,57
2014-10-15 04:48:00,2014-10-15 04:49:00,94.628,94.615,94.628,94.608,94.655,94.642,94.654,94.637,89
2014-10-15 04:49:00,2014-10-15 04:50:00,94.615,94.607,94.616,94.606,94.642,94.634,94.642,94.632,30
2014-10-15 04:50:00,2014-10-15 04:51:00,94.607,94.598,94.606,94.595,94.634,94.623,94.634,94.622,58
2014-10-15 04:51:00,2014-10-15 04:52:00,94.598,94.59,94.601,94.59,94.623,94.615,94.626,94.615,38
2014-10-15 04:52:00,2014-10-15 04:53:00,94.59,94.612,94.612,94.589,94.615,94.64,94.64,94.615,46
2014-10-15 04:53:00,2014-10-15 04:54:00,94.612,94.617,94.625,94.613,94.64,94.644,94.651,94.64,35
2014-10-15 04:54:00,2014-10-15 04:55:00,94.617,94.609,94.619,94.607,94.644,94.635,94.645,94.635,19
2014-10-15 04:55:00,2014-10-15 04:56:00,94.609,94.609,94.613,94.608,94.635,94.636,94.638,94.635,11
2014-10-15 04:56:00,2014-10-15 04:57:00,94.609,94.607,94.616,94.607,94.636,94.634,94.642,94.633,70
2014-10-15 04:57:00,2014-10-15 04:58:00,94.607,94.617,94.619,94.607,94.634,94.645,94.645,94.634,35
2014-10-15 04:58:00,2014-10-15 04:59:00,94.617,94.631,94.635,94.619,94.645,94.658,94.658,94.644,101
2014-10-15 04:59:00,2014-10-15 05:00:00,94.631,94.652,94.657,94.631,94.658,94.679,94.684,94.657,117
2014-10-15 05:00:00,2014-10-15 05:01:00,94.652,94.656,94.661,94.652,94.679,94.683,94.686,94.679,157
2014-10-15 05:01:00,2014-10-15 05:02:00,94.656,94.65,94.655,94.646,94.683,94.674,94.681,94.669,84
2014-10-15 05:02:00,2014-10-15 05:03:00,94.65,94.627,94.65,94.626,94.674,94.653,94.674,94.653,54
2014-10-15 05:03:00,2014-10-15 05:04:00,94.627,94.626,94.634,94.625,94.653,94.651,94.66,94.648,33
2014-10-15 05:04:00,2014-10-15 05:05:00,94.626,94.627,94.629,94.618,94.651,94.653,94.655,94.64,78
2014-10-15 05:05:00,2014-10-15 05:06:00,94.627,94.625,94.637,94.619,94.653,94.65,94.664,94.645,101
2014-10-15 05:06:00,2014-10-15 05:07:00,94.625,94.63,94.636,94.627,94.65,94.654,94.663,94.65,51
2014-10-15 05:07:00,2014-10-15 05:08:00,94.63,94.626,94.63,94.614,94.654,94.65,94.657,94.639,150
2014-10-15 05:08:00,2014-10-15 05:09:00,94.626,94.622,94.635,94.619,94.65,94.649,94.66,94.64,119
2014-10-15 05:09:00,2014-10-15 05:10:00,94.622,94.63,94.633,94.615,94.649,94.656,94.657,94.638,150
2014-10-15 05:10:00,2014-10-15 05:11:00,94.63,94.619,94.635,94.617,94.656,94.646,94.659,94.643,119
2014-10-15 05:11:00,2014-10-15 05:12:00,94.619,94.63,94.63,94.613,94.646,94.654,94.654,94.64,101
2014-10-15 05:12:00,2014-10-15 05:13:00,94.63,94.636,94.641,94.618,94.654,94.663,94.667,94.646,101
2014-10-15 05:13:00,2014-10-15 05:14:00,94.636,94.644,94.657,94.636,94.663,94.671,94.682,94.662,68
2014-10-15 05:14:00,2014-10-15 05:15:00,94.644,94.643,94.65,94.642,94.671,94.669,94.677,94.668,66
2014-10-15 05:15:00,2014-10-15 05:16:00,94.643,94.635,94.642,94.632,94.669,94.662,94.668,94.658,25
2014-10-15 05:16:00,2014-10-15 05:17:00,94.635,94.642,94.642,94.636,94.662,94.668,94.669,94.662,19
2014-10-15 05:17:00,2014-10-15 05:18:00,94.642,94.641,94.642,94.64,94.668,94.667,94.668,94.667,6
2014-10-15 05:18:00,2014-10-15 05:19:00,94.641,94.655,94.659,94.632,94.667,94.679,94.686,94.656,155
2014-10-15 05:19:00,2014-10-15 05:20:00,94.655,94.656,94.673,94.646,94.679,94.685,94.699,94.674,162
2014-10-15 05:20:00,2014-10-15 05:21:00,94.656,94.639,94.657,94.636,94.685,94.665,94.684,94.661,105
2014-10-15 05:21:00,2014-10-15 05:22:00,94.639,94.628,94.64,94.628,94.665,94.653,94.665,94.653,87
2014-10-15 05:22:00,2014-10-15 05:23:00,94.628,94.628,94.635,94.625,94.653,94.655,94.659,94.649,65
2014-10-15 05:23:00,2014-10-15 05:24:00,94.628,94.631,94.633,94.623,94.655,94.659,94.661,94.648,133
2014-10-15 05:24:00,2014-10-15 05:25:00,94.631,94.631,94.636,94.621,94.659,94.658,94.664,94.647,114
2014-10-15 05:25:00,2014-10-15 05:26:00,94.631,94.644,94.647,94.624,94.658,94.671,94.677,94.651,111
2014-10-15 05:26:00,2014-10-15 05:27:00,94.644,94.638,94.649,94.631,94.671,94.666,94.675,94.656,115
2014-10-15 05:27:00,2014-10-15 05:28:00,94.638,94.644,94.645,94.634,94.666,94.671,94.672,94.661,119
2014-10-15 05:28:00,2014-10-15 05:29:00,94.644,94.643,94.648,94.642,94.671,94.673,94.674,94.665,71
2014-10-15 05:29:00,2014-10-15 05:30:00,94.643,94.654,94.659,94.643,94.673,94.682,94.688,94.673,95
2014-10-15 05:30:00,2014-10-15 05:31:00,94.654,94.636,94.654,94.636,94.682,94.663,94.683,94.662,101
2014-10-15 05:31:00,2014-10-15 05:32:00,94.636,94.639,94.644,94.63,94.663,94.667,94.671,94.656,109
2014-10-15 05:32:00,2014-10-15 05:33:00,94.639,94.644,94.645,94.639,94.667,94.671,94.672,94.661,81
2014-10-15 05:33:00,2014-10-15 05:34:00,94.644,94.645,94.649,94.642,94.671,94.673,94.675,94.665,66
2014-10-15 05:34:00,2014-10-15 05:35:00,94.645,94.66,94.665,94.645,94.673,94.689,94.695,94.673,131
2014-10-15 05:35:00,2014-10-15 05:36:00,94.66,94.655,94.665,94.651,94.689,94.681,94.693,94.676,74
2014-10-15 05:36:00,2014-10-15 05:37:00,94.655,94.656,94.658,94.648,94.681,94.684,94.684,94.671,88
2014-10-15 05:37:00,2014-10-15 05:38:00,94.656,94.657,94.664,94.647,94.684,94.681,94.69,94.672,117
2014-10-15 05:38:00,2014-10-15 05:39:00,94.657,94.671,94.675,94.657,94.681,94.698,94.703,94.681,78
2014-10-15 05:39:00,2014-10-15 05:40:00,94.671,94.679,94.687,94.673,94.698,94.707,94.714,94.698,113
2014-10-15 05:40:00,2014-10-15 05:41:00,94.679,94.686,94.695,94.676,94.707,94.712,94.721,94.701,109
2014-10-15 05:41:00,2014-10-15 05:42:00,94.686,94.689,94.692,94.686,94.712,94.716,94.72,94.71,72
2014-10-15 05:42:00,2014-10-15 05:43:00,94.689,94.707,94.708,94.688,94.716,94.734,94.735,94.713,126
2014-10-15 05:43:00,2014-10-15 05:44:00,94.707,94.705,94.712,94.697,94.734,94.73,94.739,94.722,126
2014-10-15 05:44:00,2014-10-15 05:45:00,94.705,94.706,94.71,94.699,94.73,94.734,94.738,94.724,67
2014-10-15 05:45:00,2014-10-15 05:46:00,94.706,94.711,94.715,94.706,94.734,94.741,94.743,94.733,73
2014-10-15 05:46:00,2014-10-15 05:47:00,94.711,94.729,94.729,94.712,94.741,94.752,94.753,94.74,70
2014-10-15 05:47:00,2014-10-15 05:48:00,94.729,94.729,94.739,94.723,94.752,94.753,94.763,94.751,127
2014-10-15 05:48:00,2014-10-15 05:49:00,94.729,94.741,94.742,94.719,94.753,94.764,94.765,94.747,92
2014-10-15 05:49:00,2014-10-15 05:50:00,94.741,94.739,94.748,94.733,94.764,94.763,94.769,94.757,78
2014-10-15 05:50:00,2014-10-15 05:51:00,94.739,94.738,94.745,94.735,94.763,94.764,94.772,94.759,99
2014-10-15 05:51:00,2014-10-15 05:52:00,94.738,94.729,94.741,94.723,94.764,94.756,94.767,94.75,109
2014-10-15 05:52:00,2014-10-15 05:53:00,94.729,94.716,94.729,94.715,94.756,94.739,94.756,94.739,78
2014-10-15 05:53:00,2014-10-15 05:54:00,94.716,94.719,94.726,94.711,94.739,94.741,94.75,94.737,104
2014-10-15 05:54:00,2014-10-15 05:55:00,94.719,94.707,94.719,94.705,94.741,94.734,94.742,94.728,69
2014-10-15 05:55:00,2014-10-15 05:56:00,94.707,94.695,94.71,94.695,94.734,94.721,94.734,94.721,63
2014-10-15 05:56:00,2014-10-15 05:57:00,94.695,94.685,94.71,94.68,94.721,94.713,94.737,94.707,162
2014-10-15 05:57:00,2014-10-15 05:58:00,94.685,94.687,94.689,94.678,94.713,94.716,94.717,94.703,107
2014-10-15 05:58:00,2014-10-15 05:59:00,94.687,94.693,94.698,94.687,94.716,94.72,94.726,94.716,54
2014-10-15 05:59:00,2014-10-15 06:00:00,94.693,94.713,94.72,94.696,94.72,94.739,94.746,94.72,150
2014-10-15 06:00:00,2014-10-15 06:01:00,94.713,94.709,94.723,94.702,94.739,94.736,94.749,94.729,170
2014-10-15 06:01:00,2014-10-15 06:02:00,94.709,94.713,94.72,94.707,94.736,94.74,94.745,94.731,154
2014-10-15 06:02:00,2014-10-15 06:03:00,94.713,94.704,94.721,94.702,94.74,94.731,94.747,94.729,222
2014-10-15 06:03:00,2014-10-15 06:04:00,94.704,94.694,94.709,94.687,94.731,94.719,94.732,94.708,283
2014-10-15 06:04:00,2014-10-15 06:05:00,94.694,94.711,94.711,94.686,94.719,94.736,94.738,94.708,189
2014-10-15 06:05:00,2014-10-15 06:06:00,94.711,94.707,94.711,94.702,94.736,94.733,94.737,94.726,125
2014-10-15 06:06:00,2014-10-15 06:07:00,94.707,94.711,94.723,94.707,94.733,94.736,94.751,94.733,173
2014-10-15 06:07:00,2014-10-15 06:08:00,94.711,94.705,94.716,94.704,94.736,94.732,94.74,94.727,127
2014-10-15 06:08:00,2014-10-15 06:09:00,94.705,94.702,94.711,94.698,94.732,94.728,94.737,94.722,158
2014-10-15 06:09:00,2014-10-15 06:10:00,94.702,94.725,94.727,94.693,94.728,94.749,94.753,94.718,229
2014-10-15 06:10:00,2014-10-15 06:11:00,94.725,94.73,94.734,94.711,94.749,94.756,94.759,94.739,258
2014-10-15 06:11:00,2014-10-15 06:12:00,94.73,94.728,94.749,94.723,94.756,94.753,94.775,94.747,217
2014-10-15 06:12:00,2014-10-15 06:13:00,94.728,94.737,94.744,94.725,94.753,94.763,94.768,94.752,251
2014-10-15 06:13:00,2014-10-15 06:14:00,94.737,94.73,94.739,94.716,94.763,94.759,94.765,94.741,259
2014-10-15 06:14:00,2014-10-15 06:15:00,94.73,94.731,94.741,94.717,94.759,94.757,94.763,94.743,195
2014-10-15 06:15:00,2014-10-15 06:16:00,94.731,94.747,94.755,94.731,94.757,94.771,94.782,94.756,210
2014-10-15 06:16:00,2014-10-15 06:17:00,94.747,94.763,94.767,94.736,94.771,94.788,94.792,94.762,301
2014-10-15 06:17:00,2014-10-15 06:18:00,94.763,94.752,94.771,94.749,94.788,94.777,94.797,94.771,165
2014-10-15 06:18:00,2014-10-15 06:19:00,94.752,94.736,94.752,94.736,94.777,94.762,94.779,94.762,76
2014-10-15 06:19:00,2014-10-15 06:20:00,94.736,94.73,94.741,94.73,94.762,94.756,94.766,94.752,130
2014-10-15 06:20:00,2014-10-15 06:21:00,94.73,94.729,94.746,94.729,94.756,94.754,94.772,94.754,107
2014-10-15 06:21:00,2014-10-15 06:22:00,94.729,94.74,94.744,94.728,94.754,94.768,94.769,94.752,219
2014-10-15 06:22:00,2014-10-15 06:23:00,94.74,94.734,94.746,94.731,94.768,94.761,94.771,94.757,78
2014-10-15 06:23:00,2014-10-15 06:24:00,94.734,94.741,94.746,94.726,94.761,94.767,94.772,94.75,197
2014-10-15 06:24:00,2014-10-15 06:25:00,94.741,94.716,94.742,94.715,94.767,94.744,94.768,94.739,145
2014-10-15 06:25:00,2014-10-15 06:26:00,94.716,94.712,94.719,94.703,94.744,94.738,94.744,94.727,189
2014-10-15 06:26:00,2014-10-15 06:27:00,94.712,94.707,94.712,94.693,94.738,94.733,94.739,94.72,107
2014-10-15 06:27:00,2014-10-15 06:28:00,94.707,94.718,94.724,94.699,94.733,94.745,94.75,94.724,224
2014-10-15 06:28:00,2014-10-15 06:29:00,94.718,94.7,94.718,94.7,94.745,94.725,94.745,94.725,170
2014-10-15 06:29:00,2014-10-15 06:30:00,94.7,94.691,94.7,94.691,94.725,94.717,94.725,94.717,59
2014-10-15 06:30:00,2014-10-15 06:31:00,94.691,94.687,94.694,94.687,94.717,94.712,94.719,94.712,43
2014-10-15 06:31:00,2014-10-15 06:32:00,94.687,94.694,94.694,94.687,94.712,94.718,94.718,94.711,46
2014-10-15 06:32:00,2014-10-15 06:33:00,94.694,94.731,94.731,94.694,94.718,94.759,94.759,94.718,197
2014-10-15 06:33:00,2014-10-15 06:34:00,94.731,94.728,94.738,94.721,94.759,94.752,94.765,94.747,190
2014-10-15 06:34:00,2014-10-15 06:35:00,94.728,94.723,94.726,94.715,94.752,94.748,94.753,94.735,109
2014-10-15 06:35:00,2014-10-15 06:36:00,94.723,94.724,94.724,94.713,94.748,94.749,94.749,94.737,110
2014-10-15 06:36:00,2014-10-15 06:37:00,94.724,94.745,94.745,94.72,94.749,94.77,94.772,94.744,164
2014-10-15 06:37:00,2014-10-15 06:38:00,94.745,94.741,94.758,94.741,94.77,94.765,94.784,94.764,199
2014-10-15 06:38:00,2014-10-15 06:39:00,94.741,94.736,94.748,94.732,94.765,94.763,94.773,94.758,131
2014-10-15 06:39:00,2014-10-15 06:40:00,94.736,94.741,94.744,94.733,94.763,94.767,94.771,94.755,72
2014-10-15 06:40:00,2014-10-15 06:41:00,94.741,94.727,94.742,94.727,94.767,94.753,94.769,94.753,37
2014-10-15 06:41:00,2014-10-15 06:42:00,94.727,94.732,94.732,94.722,94.753,94.757,94.758,94.747,33
2014-10-15 06:42:00,2014-10-15 06:43:00,94.732,94.737,94.741,94.721,94.757,94.763,94.768,94.746,149
2014-10-15 06:43:00,2014-10-15 06:44:00,94.737,94.743,94.748,94.74,94.763,94.766,94.771,94.763,69
2014-10-15 06:44:00,2014-10-15 06:45:00,94.743,94.746,94.752,94.732,94.766,94.769,94.775,94.756,136
2014-10-15 06:45:00,2014-10-15 06:46:00,94.746,94.78,94.781,94.746,94.769,94.807,94.807,94.769,153
2014-10-15 06:46:00,2014-10-15 06:47:00,94.78,94.772,94.78,94.769,94.807,94.798,94.806,94.793,170
2014-10-15 06:47:00,2014-10-15 06:48:00,94.772,94.771,94.783,94.771,94.798,94.8,94.809,94.796,200
2014-10-15 06:48:00,2014-10-15 06:49:00,94.771,94.831,94.836,94.766,94.8,94.858,94.864,94.791,342
2014-10-15 06:49:00,2014-10-15 06:50:00,94.831,94.854,94.866,94.83,94.858,94.883,94.894,94.856,322
2014-10-15 06:50:00,2014-10-15 06:51:00,94.854,94.875,94.879,94.844,94.883,94.901,94.906,94.873,312
2014-10-15 06:51:00,2014-10-15 06:52:00,94.875,94.855,94.874,94.846,94.901,94.883,94.901,94.873,285
2014-10-15 06:52:00,2014-10-15 06:53:00,94.855,94.89,94.89,94.851,94.883,94.915,94.915,94.877,284
2014-10-15 06:53:00,2014-10-15 06:54:00,94.89,94.863,94.889,94.855,94.915,94.887,94.918,94.883,197
2014-10-15 06:54:00,2014-10-15 06:55:00,94.863,94.861,94.873,94.856,94.887,94.889,94.901,94.883,151
2014-10-15 06:55:00,2014-10-15 06:56:00,94.861,94.845,94.86,94.845,94.889,94.873,94.889,94.871,90
2014-10-15 06:56:00,2014-10-15 06:57:00,94.845,94.816,94.845,94.816,94.873,94.842,94.873,94.842,133
2014-10-15 06:57:00,2014-10-15 06:58:00,94.816,94.799,94.824,94.795,94.842,94.823,94.849,94.821,253
2014-10-15 06:58:00,2014-10-15 06:59:00,94.799,94.82,94.822,94.796,94.823,94.842,94.842,94.821,131
2014-10-15 06:59:00,2014-10-15 07:00:00,94.82,94.813,94.819,94.802,94.842,94.84,94.843,94.828,210
2014-10-15 07:00:00,2014-10-15 07:01:00,94.813,94.805,94.813,94.789,94.84,94.832,94.839,94.816,213
2014-10-15 07:01:00,2014-10-15 07:02:00,94.805,94.79,94.805,94.78,94.832,94.817,94.831,94.807,205
2014-10-15 07:02:00,2014-10-15 07:03:00,94.79,94.78,94.794,94.775,94.817,94.806,94.818,94.801,223
2014-10-15 07:03:00,2014-10-15 07:04:00,94.78,94.742,94.787,94.742,94.806,94.768,94.812,94.768,422
2014-10-15 07:04:00,2014-10-15 07:05:00,94.742,94.72,94.762,94.72,94.768,94.747,94.788,94.744,387
2014-10-15 07:05:00,2014-10-15 07:06:00,94.72,94.696,94.731,94.692,94.747,94.722,94.758,94.717,244
2014-10-15 07:06:00,2014-10-15 07:07:00,94.696,94.706,94.706,94.687,94.722,94.728,94.728,94.71,300
2014-10-15 07:07:00,2014-10-15 07:08:00,94.706,94.703,94.724,94.696,94.728,94.728,94.743,94.723,324
2014-10-15 07:08:00,2014-10-15 07:09:00,94.703,94.684,94.703,94.656,94.728,94.711,94.728,94.679,309
2014-10-15 07:09:00,2014-10-15 07:10:00,94.684,94.668,94.688,94.662,94.711,94.691,94.714,94.686,229
2014-10-15 07:10:00,2014-10-15 07:11:00,94.668,94.647,94.667,94.633,94.691,94.674,94.691,94.658,373
2014-10-15 07:11:00,2014-10-15 07:12:00,94.647,94.632,94.649,94.621,94.674,94.657,94.676,94.648,428
2014-10-15 07:12:00,2014-10-15 07:13:00,94.632,94.649,94.663,94.632,94.657,94.676,94.69,94.658,355
2014-10-15 07:13:00,2014-10-15 07:14:00,94.649,94.66,94.667,94.649,94.676,94.687,94.691,94.676,215
2014-10-15 07:14:00,2014-10-15 07:15:00,94.66,94.639,94.66,94.639,94.687,94.665,94.685,94.663,145
2014-10-15 07:15:00,2014-10-15 07:16:00,94.639,94.664,94.669,94.64,94.665,94.691,94.693,94.665,217
2014-10-15 07:16:00,2014-10-15 07:17:00,94.664,94.67,94.69,94.662,94.691,94.697,94.716,94.687,274
2014-10-15 07:17:00,2014-10-15 07:18:00,94.67,94.715,94.722,94.667,94.697,94.741,94.747,94.694,287
2014-10-15 07:18:00,2014-10-15 07:19:00,94.715,94.696,94.718,94.691,94.741,94.721,94.743,94.713,318
2014-10-15 07:19:00,2014-10-15 07:20:00,94.696,94.712,94.713,94.686,94.721,94.737,94.737,94.712,333
2014-10-15 07:20:00,2014-10-15 07:21:00,94.712,94.68,94.717,94.675,94.737,94.705,94.741,94.699,291
2014-10-15 07:21:00,2014-10-15 07:22:00,94.68,94.672,94.691,94.655,94.705,94.699,94.717,94.68,299
2014-10-15 07:22:00,2014-10-15 07:23:00,94.672,94.675,94.678,94.662,94.699,94.702,94.702,94.685,248
2014-10-15 07:23:00,2014-10-15 07:24:00,94.675,94.666,94.682,94.666,94.702,94.692,94.709,94.689,218
2014-10-15 07:24:00,2014-10-15 07:25:00,94.666,94.646,94.673,94.646,94.692,94.673,94.699,94.671,229
2014-10-15 07:25:00,2014-10-15 07:26:00,94.646,94.645,94.653,94.633,94.673,94.671,94.677,94.658,171
2014-10-15 07:26:00,2014-10-15 07:27:00,94.645,94.667,94.672,94.635,94.671,94.69,94.693,94.66,352
2014-10-15 07:27:00,2014-10-15 07:28:00,94.667,94.646,94.669,94.64,94.69,94.67,94.694,94.663,181
2014-10-15 07:28:00,2014-10-15 07:29:00,94.646,94.645,94.653,94.643,94.67,94.67,94.68,94.666,92
2014-10-15 07:29:00,2014-10-15 07:30:00,94.645,94.631,94.645,94.626,94.67,94.656,94.671,94.649,223
2014-10-15 07:30:00,2014-10-15 07:31:00,94.631,94.628,94.637,94.618,94.656,94.653,94.662,94.642,256
2014-10-15 07:31:00,2014-10-15 07:32:00,94.628,94.594,94.63,94.586,94.653,94.621,94.652,94.611,390
2014-10-15 07:32:00,2014-10-15 07:33:00,94.594,94.613,94.614,94.592,94.621,94.637,94.638,94.617,214
2014-10-15 07:33:00,2014-10-15 07:34:00,94.613,94.619,94.624,94.609,94.637,94.645,94.645,94.632,193
2014-10-15 07:34:00,2014-10-15 07:35:00,94.619,94.614,94.623,94.609,94.645,94.64,94.65,94.635,167
2014-10-15 07:35:00,2014-10-15 07:36:00,94.614,94.589,94.614,94.587,94.64,94.616,94.642,94.614,201
2014-10-15 07:36:00,2014-10-15 07:37:00,94.589,94.568,94.589,94.566,94.616,94.593,94.615,94.592,200
2014-10-15 07:37:00,2014-10-15 07:38:00,94.568,94.569,94.577,94.566,94.593,94.595,94.602,94.589,140
2014-10-15 07:38:00,2014-10-15 07:39:00,94.569,94.571,94.585,94.561,94.595,94.597,94.61,94.587,312
2014-10-15 07:39:00,2014-10-15 07:40:00,94.571,94.588,94.592,94.562,94.597,94.615,94.618,94.587,194
2014-10-15 07:40:00,2014-10-15 07:41:00,94.588,94.603,94.603,94.586,94.615,94.63,94.63,94.613,124
2014-10-15 07:41:00,2014-10-15 07:42:00,94.603,94.614,94.617,94.595,94.63,94.642,94.642,94.623,139
2014-10-15 07:42:00,2014-10-15 07:43:00,94.614,94.616,94.62,94.607,94.642,94.643,94.648,94.635,125
2014-10-15 07:43:00,2014-10-15 07:44:00,94.616,94.595,94.615,94.592,94.643,94.623,94.642,94.618,192
2014-10-15 07:44:00,2014-10-15 07:45:00,94.595,94.601,94.603,94.589,94.623,94.626,94.628,94.617,105
2014-10-15 07:45:00,2014-10-15 07:46:00,94.601,94.606,94.62,94.6,94.626,94.632,94.643,94.622,112
2014-10-15 07:46:00,2014-10-15 07:47:00,94.606,94.613,94.614,94.591,94.632,94.639,94.639,94.618,229
2014-10-15 07:47:00,2014-10-15 07:48:00,94.613,94.592,94.613,94.59,94.639,94.616,94.64,94.616,148
2014-10-15 07:48:00,2014-10-15 07:49:00,94.592,94.571,94.596,94.571,94.616,94.594,94.623,94.594,194
2014-10-15 07:49:00,2014-10-15 07:50:00,94.571,94.561,94.584,94.554,94.594,94.588,94.609,94.581,187
2014-10-15 07:50:00,2014-10-15 07:51:00,94.561,94.565,94.571,94.557,94.588,94.592,94.599,94.584,169
2014-10-15 07:51:00,2014-10-15 07:52:00,94.565,94.546,94.565,94.54,94.592,94.574,94.591,94.563,206
2014-10-15 07:52:00,2014-10-15 07:53:00,94.546,94.565,94.565,94.545,94.574,94.59,94.59,94.574,114
2014-10-15 07:53:00,2014-10-15 07:54:00,94.565,94.55,94.566,94.548,94.59,94.575,94.59,94.572,89
2014-10-15 07:54:00,2014-10-15 07:55:00,94.55,94.545,94.556,94.536,94.575,94.568,94.58,94.559,188
2014-10-15 07:55:00,2014-10-15 07:56:00,94.545,94.552,94.562,94.536,94.568,94.578,94.589,94.559,186
2014-10-15 07:56:00,2014-10-15 07:57:00,94.552,94.485,94.552,94.482,94.578,94.513,94.576,94.508,324
2014-10-15 07:57:00,2014-10-15 07:58:00,94.485,94.468,94.491,94.464,94.513,94.493,94.517,94.486,368
2014-10-15 07:58:00,2014-10-15 07:59:00,94.468,94.448,94.485,94.448,94.493,94.477,94.513,94.477,160
2014-10-15 07:59:00,2014-10-15 08:00:00,94.448,94.391,94.448,94.386,94.477,94.418,94.476,94.411,350
2014-10-15 08:00:00,2014-10-15 08:01:00,94.391,94.374,94.406,94.374,94.418,94.399,94.432,94.398,319
2014-10-15 08:01:00,2014-10-15 08:02:00,94.374,94.369,94.376,94.344,94.399,94.396,94.403,94.369,501
2014-10-15 08:02:00,2014-10-15 08:03:00,94.369,94.336,94.378,94.333,94.396,94.362,94.403,94.356,418
2014-10-15 08:03:00,2014-10-15 08:04:00,94.336,94.354,94.354,94.331,94.362,94.381,94.381,94.353,178
2014-10-15 08:04:00,2014-10-15 08:05:00,94.354,94.339,94.354,94.32,94.381,94.362,94.38,94.347,361
2014-10-15 08:05:00,2014-10-15 08:06:00,94.339,94.291,94.339,94.286,94.362,94.318,94.365,94.31,229
2014-10-15 08:06:00,2014-10-15 08:07:00,94.291,94.264,94.297,94.254,94.318,94.292,94.323,94.275,248
2014-10-15 08:07:00,2014-10-15 08:08:00,94.264,94.284,94.287,94.262,94.292,94.309,94.312,94.291,265
2014-10-15 08:08:00,2014-10-15 08:09:00,94.284,94.312,94.32,94.285,94.309,94.339,94.346,94.311,252
2014-10-15 08:09:00,2014-10-15 08:10:00,94.312,94.307,94.324,94.302,94.339,94.334,94.351,94.328,307
2014-10-15 08:10:00,2014-10-15 08:11:00,94.307,94.312,94.32,94.295,94.334,94.334,94.348,94.32,435
2014-10-15 08:11:00,2014-10-15 08:12:00,94.312,94.322,94.329,94.31,94.334,94.35,94.353,94.334,284
2014-10-15 08:12:00,2014-10-15 08:13:00,94.322,94.331,94.331,94.314,94.35,94.355,94.355,94.34,169
2014-10-15 08:13:00,2014-10-15 08:14:00,94.331,94.299,94.33,94.288,94.355,94.324,94.355,94.316,162
2014-10-15 08:14:00,2014-10-15 08:15:00,94.299,94.291,94.301,94.285,94.324,94.318,94.324,94.308,225
2014-10-15 08:15:00,2014-10-15 08:16:00,94.291,94.303,94.307,94.289,94.318,94.331,94.333,94.315,189
2014-10-15 08:16:00,2014-10-15 08:17:00,94.303,94.308,94.315,94.302,94.331,94.335,94.343,94.327,134
2014-10-15 08:17:00,2014-10-15 08:18:00,94.308,94.316,94.324,94.307,94.335,94.343,94.349,94.334,147
2014-10-15 08:18:00,2014-10-15 08:19:00,94.316,94.355,94.358,94.314,94.343,94.382,94.384,94.341,196
2014-10-15 08:19:00,2014-10-15 08:20:00,94.355,94.352,94.365,94.346,94.382,94.378,94.394,94.373,219
2014-10-15 08:20:00,2014-10-15 08:21:00,94.352,94.365,94.366,94.339,94.378,94.389,94.391,94.362,270
2014-10-15 08:21:00,2014-10-15 08:22:00,94.365,94.374,94.38,94.356,94.389,94.401,94.404,94.383,299
2014-10-15 08:22:00,2014-10-15 08:23:00,94.374,94.389,94.399,94.37,94.401,94.413,94.422,94.396,204
2014-10-15 08:23:00,2014-10-15 08:24:00,94.389,94.387,94.399,94.386,94.413,94.414,94.423,94.412,147
2014-10-15 08:24:00,2014-10-15 08:25:00,94.387,94.425,94.431,94.388,94.414,94.45,94.454,94.414,259
2014-10-15 08:25:00,2014-10-15 08:26:00,94.425,94.403,94.432,94.403,94.45,94.43,94.453,94.428,139
2014-10-15 08:26:00,2014-10-15 08:27:00,94.403,94.402,94.405,94.393,94.43,94.43,94.432,94.419,90
2014-10-15 08:27:00,2014-10-15 08:28:00,94.402,94.424,94.429,94.404,94.43,94.451,94.452,94.43,139
2014-10-15 08:28:00,2014-10-15 08:29:00,94.424,94.43,94.431,94.42,94.451,94.456,94.457,94.447,94
2014-10-15 08:29:00,2014-10-15 08:30:00,94.43,94.418,94.437,94.418,94.456,94.444,94.462,94.442,231
2014-10-15 08:30:00,2014-10-15 08:31:00,94.418,94.383,94.418,94.372,94.444,94.41,94.443,94.4,260
2014-10-15 08:31:00,2014-10-15 08:32:00,94.383,94.377,94.385,94.36,94.41,94.402,94.41,94.386,390
2014-10-15 08:32:00,2014-10-15 08:33:00,94.377,94.374,94.383,94.367,94.402,94.4,94.408,94.391,163
2014-10-15 08:33:00,2014-10-15 08:34:00,94.374,94.367,94.377,94.336,94.4,94.396,94.405,94.36,371
2014-10-15 08:34:00,2014-10-15 08:35:00,94.367,94.348,94.371,94.342,94.396,94.369,94.399,94.366,285
2014-10-15 08:35:00,2014-10-15 08:36:00,94.348,94.368,94.381,94.344,94.369,94.396,94.404,94.371,249
2014-10-15 08:36:00,2014-10-15 08:37:00,94.368,94.378,94.389,94.368,94.396,94.407,94.416,94.394,227
2014-10-15 08:37:00,2014-10-15 08:38:00,94.378,94.396,94.409,94.378,94.407,94.423,94.433,94.407,145
2014-10-15 08:38:00,2014-10-15 08:39:00,94.396,94.328,94.398,94.322,94.423,94.354,94.424,94.349,309
2014-10-15 08:39:00,2014-10-15 08:40:00,94.328,94.308,94.328,94.305,94.354,94.335,94.355,94.33,315
2014-10-15 08:40:00,2014-10-15 08:41:00,94.308,94.29,94.318,94.283,94.335,94.319,94.342,94.31,421
2014-10-15 08:41:00,2014-10-15 08:42:00,94.29,94.267,94.294,94.263,94.319,94.292,94.321,94.288,298
2014-10-15 08:42:00,2014-10-15 08:43:00,94.267,94.278,94.278,94.251,94.292,94.305,94.305,94.276,252
2014-10-15 08:43:00,2014-10-15 08:44:00,94.278,94.289,94.293,94.279,94.305,94.314,94.32,94.304,165
2014-10-15 08:44:00,2014-10-15 08:45:00,94.289,94.293,94.302,94.281,94.314,94.32,94.326,94.305,331
2014-10-15 08:45:00,2014-10-15 08:46:00,94.293,94.282,94.298,94.279,94.32,94.305,94.322,94.3,217
2014-10-15 08:46:00,2014-10-15 08:47:00,94.282,94.299,94.309,94.276,94.305,94.325,94.332,94.301,226
2014-10-15 08:47:00,2014-10-15 08:48:00,94.299,94.263,94.307,94.26,94.325,94.288,94.331,94.285,291
2014-10-15 08:48:00,2014-10-15 08:49:00,94.263,94.282,94.285,94.263,94.288,94.305,94.309,94.29,252
2014-10-15 08:49:00,2014-10-15 08:50:00,94.282,94.27,94.289,94.251,94.305,94.294,94.31,94.278,262
2014-10-15 08:50:00,2014-10-15 08:51:00,94.27,94.275,94.279,94.256,94.294,94.302,94.304,94.282,332
2014-10-15 08:51:00,2014-10-15 08:52:00,94.275,94.246,94.283,94.24,94.302,94.263,94.309,94.259,309
2014-10-15 08:52:00,2014-10-15 08:53:00,94.246,94.257,94.265,94.228,94.263,94.284,94.29,94.254,292
2014-10-15 08:53:00,2014-10-15 08:54:00,94.257,94.263,94.269,94.247,94.284,94.288,94.292,94.271,269
2014-10-15 08:54:00,2014-10-15 08:55:00,94.263,94.277,94.277,94.256,94.288,94.302,94.303,94.282,140
2014-10-15 08:55:00,2014-10-15 08:56:00,94.277,94.286,94.297,94.277,94.302,94.31,94.32,94.302,231
2014-10-15 08:56:00,2014-10-15 08:57:00,94.286,94.29,94.292,94.278,94.31,94.315,94.318,94.305,106
2014-10-15 08:57:00,2014-10-15 08:58:00,94.29,94.318,94.319,94.29,94.315,94.343,94.346,94.316,170
2014-10-15 08:58:00,2014-10-15 08:59:00,94.318,94.314,94.331,94.312,94.343,94.341,94.355,94.339,308
2014-10-15 08:59:00,2014-10-15 09:00:00,94.314,94.292,94.314,94.292,94.341,94.317,94.338,94.315,191
2014-10-15 09:00:00,2014-10-15 09:01:00,94.292,94.257,94.291,94.253,94.317,94.28,94.316,94.279,224
2014-10-15 09:01:00,2014-10-15 09:02:00,94.257,94.237,94.257,94.228,94.28,94.259,94.282,94.255,262
2014-10-15 09:02:00,2014-10-15 09:03:00,94.237,94.243,94.249,94.229,94.259,94.266,94.276,94.254,324
2014-10-15 09:03:00,2014-10-15 09:04:00,94.243,94.247,94.264,94.231,94.266,94.273,94.291,94.256,361
2014-10-15 09:04:00,2014-10-15 09:05:00,94.247,94.22,94.252,94.219,94.273,94.247,94.279,94.247,259
2014-10-15 09:05:00,2014-10-15 09:06:00,94.22,94.226,94.239,94.219,94.247,94.252,94.263,94.243,248
2014-10-15 09:06:00,2014-10-15 09:07:00,94.226,94.233,94.24,94.224,94.252,94.256,94.266,94.248,232
2014-10-15 09:07:00,2014-10-15 09:08:00,94.233,94.25,94.25,94.221,94.256,94.273,94.273,94.246,181
2014-10-15 09:08:00,2014-10-15 09:09:00,94.25,94.237,94.252,94.228,94.273,94.261,94.275,94.255,226
2014-10-15 09:09:00,2014-10-15 09:10:00,94.237,94.239,94.243,94.212,94.261,94.266,94.267,94.236,258
2014-10-15 09:10:00,2014-10-15 09:11:00,94.239,94.25,94.256,94.24,94.266,94.276,94.283,94.266,219
2014-10-15 09:11:00,2014-10-15 09:12:00,94.25,94.256,94.268,94.247,94.276,94.283,94.292,94.274,212
2014-10-15 09:12:00,2014-10-15 09:13:00,94.256,94.283,94.283,94.251,94.283,94.309,94.31,94.278,260
2014-10-15 09:13:00,2014-10-15 09:14:00,94.283,94.289,94.296,94.273,94.309,94.316,94.32,94.299,319
2014-10-15 09:14:00,2014-10-15 09:15:00,94.289,94.311,94.312,94.283,94.316,94.334,94.34,94.306,242
2014-10-15 09:15:00,2014-10-15 09:16:00,94.311,94.309,94.324,94.305,94.334,94.337,94.347,94.33,237
2014-10-15 09:16:00,2014-10-15 09:17:00,94.309,94.314,94.326,94.308,94.337,94.34,94.353,94.334,329
2014-10-15 09:17:00,2014-10-15 09:18:00,94.314,94.342,94.346,94.311,94.34,94.366,94.371,94.335,240
2014-10-15 09:18:00,2014-10-15 09:19:00,94.342,94.33,94.343,94.321,94.366,94.357,94.369,94.345,240
2014-10-15 09:19:00,2014-10-15 09:20:00,94.33,94.326,94.338,94.32,94.357,94.349,94.365,94.349,182
2014-10-15 09:20:00,2014-10-15 09:21:00,94.326,94.322,94.33,94.319,94.349,94.348,94.356,94.346,128
2014-10-15 09:21:00,2014-10-15 09:22:00,94.322,94.317,94.33,94.316,94.348,94.344,94.358,94.341,84
2014-10-15 09:22:00,2014-10-15 09:23:00,94.317,94.328,94.343,94.312,94.344,94.354,94.368,94.336,168
2014-10-15 09:23:00,2014-10-15 09:24:00,94.328,94.304,94.328,94.303,94.354,94.33,94.354,94.328,209
2014-10-15 09:24:00,2014-10-15 09:25:00,94.304,94.299,94.315,94.297,94.33,94.326,94.342,94.321,143
2014-10-15 09:25:00,2014-10-15 09:26:00,94.299,94.315,94.316,94.294,94.326,94.341,94.342,94.321,201
2014-10-15 09:26:00,2014-10-15 09:27:00,94.315,94.325,94.328,94.313,94.341,94.351,94.355,94.339,162
2014-10-15 09:27:00,2014-10-15 09:28:00,94.325,94.323,94.328,94.32,94.351,94.348,94.354,94.346,96
2014-10-15 09:28:00,2014-10-15 09:29:00,94.323,94.327,94.328,94.32,94.348,94.352,94.353,94.345,90
2014-10-15 09:29:00,2014-10-15 09:30:00,94.327,94.339,94.339,94.322,94.352,94.363,94.363,94.351,95
2014-10-15 09:30:00,2014-10-15 09:31:00,94.339,94.347,94.348,94.326,94.363,94.369,94.369,94.349,149
2014-10-15 09:31:00,2014-10-15 09:32:00,94.347,94.351,94.357,94.345,94.369,94.375,94.381,94.369,173
2014-10-15 09:32:00,2014-10-15 09:33:00,94.351,94.316,94.35,94.315,94.375,94.341,94.375,94.341,199
2014-10-15 09:33:00,2014-10-15 09:34:00,94.316,94.334,94.334,94.314,94.341,94.356,94.358,94.34,145
2014-10-15 09:34:00,2014-10-15 09:35:00,94.334,94.326,94.351,94.321,94.356,94.35,94.375,94.348,197
2014-10-15 09:35:00,2014-10-15 09:36:00,94.326,94.347,94.352,94.317,94.35,94.374,94.376,94.343,174
2014-10-15 09:36:00,2014-10-15 09:37:00,94.347,94.375,94.386,94.338,94.374,94.401,94.409,94.363,363
2014-10-15 09:37:00,2014-10-15 09:38:00,94.375,94.388,94.389,94.374,94.401,94.41,94.414,94.4,205
2014-10-15 09:38:00,2014-10-15 09:39:00,94.388,94.354,94.39,94.345,94.41,94.381,94.411,94.37,197
2014-10-15 09:39:00,2014-10-15 09:40:00,94.354,94.378,94.379,94.352,94.381,94.405,94.405,94.379,160
2014-10-15 09:40:00,2014-10-15 09:41:00,94.378,94.402,94.406,94.378,94.405,94.427,94.43,94.404,95
2014-10-15 09:41:00,2014-10-15 09:42:00,94.402,94.41,94.415,94.397,94.427,94.435,94.44,94.422,133
2014-10-15 09:42:00,2014-10-15 09:43:00,94.41,94.406,94.418,94.404,94.435,94.432,94.443,94.43,206
2014-10-15 09:43:00,2014-10-15 09:44:00,94.406,94.416,94.418,94.404,94.432,94.441,94.442,94.429,164
2014-10-15 09:44:00,2014-10-15 09:45:00,94.416,94.384,94.417,94.382,94.441,94.409,94.442,94.409,112
2014-10-15 09:45:00,2014-10-15 09:46:00,94.384,94.383,94.391,94.38,94.409,94.407,94.417,94.403,180
2014-10-15 09:46:00,2014-10-15 09:47:00,94.383,94.403,94.406,94.377,94.407,94.427,94.43,94.399,135
2014-10-15 09:47:00,2014-10-15 09:48:00,94.403,94.399,94.414,94.399,94.427,94.426,94.437,94.421,244
2014-10-15 09:48:00,2014-10-15 09:49:00,94.399,94.401,94.409,94.396,94.426,94.427,94.432,94.423,115
2014-10-15 09:49:00,2014-10-15 09:50:00,94.401,94.405,94.405,94.393,94.427,94.43,94.43,94.418,146
2014-10-15 09:50:00,2014-10-15 09:51:00,94.405,94.408,94.414,94.399,94.43,94.436,94.437,94.423,193
2014-10-15 09:51:00,2014-10-15 09:52:00,94.408,94.419,94.428,94.409,94.436,94.443,94.454,94.434,223
2014-10-15 09:52:00,2014-10-15 09:53:00,94.419,94.4,94.419,94.4,94.443,94.424,94.444,94.422,156
2014-10-15 09:53:00,2014-10-15 09:54:00,94.4,94.412,94.414,94.398,94.424,94.437,94.44,94.421,255
2014-10-15 09:54:00,2014-10-15 09:55:00,94.412,94.409,94.433,94.402,94.437,94.432,94.456,94.427,315
2014-10-15 09:55:00,2014-10-15 09:56:00,94.409,94.41,94.411,94.397,94.432,94.435,94.439,94.424,272
2014-10-15 09:56:00,2014-10-15 09:57:00,94.41,94.451,94.455,94.406,94.435,94.478,94.481,94.433,293
2014-10-15 09:57:00,2014-10-15 09:58:00,94.451,94.461,94.467,94.447,94.478,94.485,94.493,94.472,155
2014-10-15 09:58:00,2014-10-15 09:59:00,94.461,94.458,94.46,94.453,94.485,94.482,94.485,94.476,58
2014-10-15 09:59:00,2014-10-15 10:00:00,94.458,94.461,94.466,94.451,94.482,94.487,94.491,94.477,91
2014-10-15 10:00:00,2014-10-15 10:01:00,94.461,94.456,94.471,94.445,94.487,94.482,94.495,94.47,156
2014-10-15 10:01:00,2014-10-15 10:02:00,94.456,94.47,94.471,94.443,94.482,94.495,94.495,94.469,119
2014-10-15 10:02:00,2014-10-15 10:03:00,94.47,94.467,94.478,94.46,94.495,94.495,94.502,94.485,107
2014-10-15 10:03:00,2014-10-15 10:04:00,94.467,94.433,94.469,94.432,94.495,94.459,94.495,94.457,126
2014-10-15 10:04:00,2014-10-15 10:05:00,94.433,94.426,94.435,94.421,94.459,94.452,94.463,94.448,158
2014-10-15 10:05:00,2014-10-15 10:06:00,94.426,94.42,94.432,94.41,94.452,94.445,94.458,94.436,106
2014-10-15 10:06:00,2014-10-15 10:07:00,94.42,94.419,94.43,94.415,94.445,94.446,94.455,94.438,107
2014-10-15 10:07:00,2014-10-15 10:08:00,94.419,94.411,94.422,94.407,94.446,94.435,94.447,94.431,90
2014-10-15 10:08:00,2014-10-15 10:09:00,94.411,94.41,94.419,94.405,94.435,94.436,94.445,94.43,68
2014-10-15 10:09:00,2014-10-15 10:10:00,94.41,94.412,94.419,94.409,94.436,94.439,94.443,94.436,37
2014-10-15 10:10:00,2014-10-15 10:11:00,94.412,94.424,94.427,94.411,94.439,94.45,94.453,94.438,94
2014-10-15 10:11:00,2014-10-15 10:12:00,94.424,94.419,94.427,94.417,94.45,94.446,94.454,94.443,59
2014-10-15 10:12:00,2014-10-15 10:13:00,94.419,94.424,94.433,94.415,94.446,94.448,94.457,94.441,115
2014-10-15 10:13:00,2014-10-15 10:14:00,94.424,94.428,94.437,94.416,94.448,94.451,94.461,94.442,117
2014-10-15 10:14:00,2014-10-15 10:15:00,94.428,94.438,94.439,94.426,94.451,94.462,94.462,94.451,44
2014-10-15 10:15:00,2014-10-15 10:16:00,94.438,94.436,94.443,94.433,94.462,94.463,94.468,94.459,86
2014-10-15 10:16:00,2014-10-15 10:17:00,94.436,94.461,94.463,94.434,94.463,94.489,94.489,94.461,158
2014-10-15 10:17:00,2014-10-15 10:18:00,94.461,94.45,94.47,94.447,94.489,94.475,94.494,94.475,221
2014-10-15 10:18:00,2014-10-15 10:19:00,94.45,94.439,94.447,94.43,94.475,94.464,94.475,94.455,142
2014-10-15 10:19:00,2014-10-15 10:20:00,94.439,94.462,94.463,94.439,94.464,94.486,94.489,94.464,61
2014-10-15 10:20:00,2014-10-15 10:21:00,94.462,94.456,94.46,94.454,94.486,94.482,94.486,94.478,26
2014-10-15 10:21:00,2014-10-15 10:22:00,94.456,94.46,94.46,94.45,94.482,94.483,94.483,94.477,96
2014-10-15 10:22:00,2014-10-15 10:23:00,94.46,94.458,94.462,94.457,94.483,94.482,94.484,94.48,29
2014-10-15 10:23:00,2014-10-15 10:24:00,94.458,94.466,94.478,94.453,94.482,94.491,94.502,94.479,196
2014-10-15 10:24:00,2014-10-15 10:25:00,94.466,94.458,94.476,94.456,94.491,94.485,94.498,94.48,125
2014-10-15 10:25:00,2014-10-15 10:26:00,94.458,94.451,94.46,94.448,94.485,94.476,94.487,94.474,110
2014-10-15 10:26:00,2014-10-15 10:27:00,94.451,94.431,94.455,94.428,94.476,94.459,94.482,94.457,132
2014-10-15 10:27:00,2014-10-15 10:28:00,94.431,94.416,94.433,94.413,94.459,94.445,94.462,94.439,68
2014-10-15 10:28:00,2014-10-15 10:29:00,94.416,94.399,94.416,94.38,94.445,94.428,94.444,94.404,125
2014-10-15 10:29:00,2014-10-15 10:30:00,94.399,94.383,94.42,94.383,94.428,94.411,94.434,94.411,111
2014-10-15 10:30:00,2014-10-15 10:31:00,94.383,94.4,94.406,94.385,94.411,94.427,94.434,94.411,117
2014-10-15 10:31:00,2014-10-15 10:32:00,94.4,94.387,94.423,94.387,94.427,94.415,94.442,94.414,261
2014-10-15 10:32:00,2014-10-15 10:33:00,94.387,94.397,94.418,94.385,94.415,94.42,94.426,94.413,197
2014-10-15 10:33:00,2014-10-15 10:34:00,94.397,94.377,94.397,94.377,94.42,94.403,94.422,94.403,97
2014-10-15 10:34:00,2014-10-15 10:35:00,94.377,94.37,94.392,94.366,94.403,94.397,94.418,94.39,117
2014-10-15 10:35:00,2014-10-15 10:36:00,94.37,94.378,94.385,94.366,94.397,94.405,94.408,94.392,172
2014-10-15 10:36:00,2014-10-15 10:37:00,94.378,94.374,94.378,94.373,94.405,94.399,94.404,94.399,27
2014-10-15 10:37:00,2014-10-15 10:38:00,94.374,94.368,94.391,94.367,94.399,94.394,94.416,94.392,157
2014-10-15 10:38:00,2014-10-15 10:39:00,94.368,94.36,94.368,94.35,94.394,94.387,94.393,94.376,82
2014-10-15 10:39:00,2014-10-15 10:40:00,94.36,94.345,94.36,94.339,94.387,94.37,94.384,94.364,125
2014-10-15 10:40:00,2014-10-15 10:41:00,94.345,94.372,94.375,94.345,94.37,94.4,94.403,94.37,202
2014-10-15 10:41:00,2014-10-15 10:42:00,94.372,94.376,94.384,94.371,94.4,94.402,94.409,94.397,103
2014-10-15 10:42:00,2014-10-15 10:43:00,94.376,94.373,94.379,94.367,94.402,94.401,94.403,94.392,142
2014-10-15 10:43:00,2014-10-15 10:44:00,94.373,94.381,94.385,94.373,94.401,94.405,94.409,94.4,214
2014-10-15 10:44:00,2014-10-15 10:45:00,94.381,94.37,94.383,94.369,94.405,94.396,94.406,94.394,124
2014-10-15 10:45:00,2014-10-15 10:46:00,94.37,94.359,94.374,94.359,94.396,94.383,94.397,94.383,90
2014-10-15 10:46:00,2014-10-15 10:47:00,94.359,94.361,94.364,94.353,94.383,94.389,94.39,94.378,61
2014-10-15 10:47:00,2014-10-15 10:48:00,94.361,94.346,94.361,94.346,94.389,94.372,94.389,94.372,181
2014-10-15 10:48:00,2014-10-15 10:49:00,94.346,94.35,94.355,94.341,94.372,94.376,94.38,94.365,152
2014-10-15 10:49:00,2014-10-15 10:50:00,94.35,94.353,94.363,94.341,94.376,94.379,94.387,94.367,138
2014-10-15 10:50:00,2014-10-15 10:51:00,94.353,94.345,94.358,94.343,94.379,94.371,94.379,94.369,100
2014-10-15 10:51:00,2014-10-15 10:52:00,94.345,94.337,94.347,94.325,94.371,94.362,94.373,94.35,115
2014-10-15 10:52:00,2014-10-15 10:53:00,94.337,94.335,94.345,94.333,94.362,94.362,94.372,94.358,103
2014-10-15 10:53:00,2014-10-15 10:54:00,94.335,94.323,94.346,94.314,94.362,94.348,94.371,94.338,186
2014-10-15 10:54:00,2014-10-15 10:55:00,94.323,94.297,94.324,94.288,94.348,94.323,94.348,94.314,211
2014-10-15 10:55:00,2014-10-15 10:56:00,94.297,94.289,94.3,94.281,94.323,94.315,94.325,94.308,129
2014-10-15 10:56:00,2014-10-15 10:57:00,94.289,94.309,94.316,94.285,94.315,94.333,94.34,94.31,236
2014-10-15 10:57:00,2014-10-15 10:58:00,94.309,94.318,94.325,94.309,94.333,94.339,94.35,94.333,68
2014-10-15 10:58:00,2014-10-15 10:59:00,94.318,94.311,94.332,94.311,94.339,94.339,94.356,94.339,135
2014-10-15 10:59:00,2014-10-15 11:00:00,94.311,94.312,94.329,94.302,94.339,94.336,94.351,94.327,214
2014-10-15 11:00:00,2014-10-15 11:01:00,94.312,94.31,94.324,94.309,94.336,94.333,94.347,94.329,146
2014-10-15 11:01:00,2014-10-15 11:02:00,94.31,94.303,94.313,94.303,94.333,94.329,94.337,94.326,111
2014-10-15 11:02:00,2014-10-15 11:03:00,94.303,94.303,94.31,94.295,94.329,94.329,94.331,94.318,156
2014-10-15 11:03:00,2014-10-15 11:04:00,94.303,94.301,94.31,94.3,94.329,94.326,94.335,94.325,107
2014-10-15 11:04:00,2014-10-15 11:05:00,94.301,94.283,94.301,94.269,94.326,94.309,94.327,94.295,238
2014-10-15 11:05:00,2014-10-15 11:06:00,94.283,94.264,94.286,94.264,94.309,94.29,94.31,94.29,177
2014-10-15 11:06:00,2014-10-15 11:07:00,94.264,94.279,94.279,94.259,94.29,94.303,94.305,94.284,282
2014-10-15 11:07:00,2014-10-15 11:08:00,94.279,94.274,94.284,94.267,94.303,94.301,94.307,94.293,102
2014-10-15 11:08:00,2014-10-15 11:09:00,94.274,94.282,94.283,94.273,94.301,94.307,94.308,94.299,70
2014-10-15 11:09:00,2014-10-15 11:10:00,94.282,94.295,94.305,94.282,94.307,94.321,94.328,94.306,106
2014-10-15 11:10:00,2014-10-15 11:11:00,94.295,94.293,94.306,94.292,94.321,94.32,94.331,94.318,153
2014-10-15 11:11:00,2014-10-15 11:12:00,94.293,94.301,94.307,94.293,94.32,94.328,94.332,94.317,114
2014-10-15 11:12:00,2014-10-15 11:13:00,94.301,94.305,94.314,94.298,94.328,94.331,94.34,94.325,93
2014-10-15 11:13:00,2014-10-15 11:14:00,94.305,94.303,94.308,94.303,94.331,94.327,94.333,94.327,29
2014-10-15 11:14:00,2014-10-15 11:15:00,94.303,94.278,94.303,94.276,94.327,94.305,94.329,94.302,142
2014-10-15 11:15:00,2014-10-15 11:16:00,94.278,94.26,94.279,94.257,94.305,94.286,94.306,94.282,197
2014-10-15 11:16:00,2014-10-15 11:17:00,94.26,94.268,94.27,94.256,94.286,94.295,94.296,94.282,212
2014-10-15 11:17:00,2014-10-15 11:18:00,94.268,94.232,94.278,94.228,94.295,94.256,94.305,94.25,328
2014-10-15 11:18:00,2014-10-15 11:19:00,94.232,94.157,94.23,94.155,94.256,94.185,94.257,94.183,675
2014-10-15 11:19:00,2014-10-15 11:20:00,94.157,94.13,94.165,94.116,94.185,94.157,94.191,94.142,491
2014-10-15 11:20:00,2014-10-15 11:21:00,94.13,94.136,94.153,94.128,94.157,94.162,94.179,94.152,493
2014-10-15 11:21:00,2014-10-15 11:22:00,94.136,94.152,94.157,94.135,94.162,94.174,94.182,94.16,359
2014-10-15 11:22:00,2014-10-15 11:23:00,94.152,94.125,94.154,94.121,94.174,94.15,94.178,94.146,250
2014-10-15 11:23:00,2014-10-15 11:24:00,94.125,94.11,94.137,94.107,94.15,94.137,94.161,94.133,300
2014-10-15 11:24:00,2014-10-15 11:25:00,94.11,94.145,94.145,94.112,94.137,94.173,94.173,94.137,208
2014-10-15 11:25:00,2014-10-15 11:26:00,94.145,94.142,94.151,94.134,94.173,94.168,94.176,94.157,228
2014-10-15 11:26:00,2014-10-15 11:27:00,94.142,94.124,94.15,94.115,94.168,94.146,94.174,94.14,198
2014-10-15 11:27:00,2014-10-15 11:28:00,94.124,94.112,94.126,94.106,94.146,94.138,94.152,94.131,221
2014-10-15 11:28:00,2014-10-15 11:29:00,94.112,94.059,94.112,94.059,94.138,94.086,94.137,94.084,324
2014-10-15 11:29:00,2014-10-15 11:30:00,94.059,94.074,94.085,94.052,94.086,94.101,94.111,94.077,286
2014-10-15 11:30:00,2014-10-15 11:31:00,94.074,94.082,94.103,94.075,94.101,94.109,94.13,94.101,270
2014-10-15 11:31:00,2014-10-15 11:32:00,94.082,94.031,94.085,94.026,94.109,94.056,94.112,94.053,472
2014-10-15 11:32:00,2014-10-15 11:33:00,94.031,94.044,94.048,94.03,94.056,94.07,94.073,94.054,277
2014-10-15 11:33:00,2014-10-15 11:34:00,94.044,94.012,94.049,94.012,94.07,94.036,94.075,94.036,204
2014-10-15 11:34:00,2014-10-15 11:35:00,94.012,93.986,94.019,93.972,94.036,94.013,94.046,93.996,381
2014-10-15 11:35:00,2014-10-15 11:36:00,93.986,93.995,94.011,93.982,94.013,94.02,94.038,94.009,264
2014-10-15 11:36:00,2014-10-15 11:37:00,93.995,93.935,94.001,93.935,94.02,93.961,94.026,93.958,267
2014-10-15 11:37:00,2014-10-15 11:38:00,93.935,93.926,93.954,93.907,93.961,93.953,93.977,93.932,557
2014-10-15 11:38:00,2014-10-15 11:39:00,93.926,93.962,93.964,93.928,93.953,93.987,93.991,93.953,567
2014-10-15 11:39:00,2014-10-15 11:40:00,93.962,93.957,93.979,93.949,93.987,93.982,93.999,93.974,417
2014-10-15 11:40:00,2014-10-15 11:41:00,93.957,93.975,93.992,93.948,93.982,94.002,94.015,93.972,392
2014-10-15 11:41:00,2014-10-15 11:42:00,93.975,94.0,94.002,93.971,94.002,94.025,94.027,93.997,322
2014-10-15 11:42:00,2014-10-15 11:43:00,94.0,94.014,94.017,93.994,94.025,94.037,94.04,94.021,187
2014-10-15 11:43:00,2014-10-15 11:44:00,94.014,94.013,94.038,94.013,94.037,94.039,94.063,94.036,313
2014-10-15 11:44:00,2014-10-15 11:45:00,94.013,93.995,94.021,93.985,94.039,94.02,94.045,94.01,405
2014-10-15 11:45:00,2014-10-15 11:46:00,93.995,93.988,94.003,93.984,94.02,94.012,94.028,94.007,331
2014-10-15 11:46:00,2014-10-15 11:47:00,93.988,94.009,94.01,93.985,94.012,94.032,94.033,94.011,267
2014-10-15 11:47:00,2014-10-15 11:48:00,94.009,94.058,94.059,94.012,94.032,94.078,94.083,94.031,433
2014-10-15 11:48:00,2014-10-15 11:49:00,94.058,94.066,94.071,94.053,94.078,94.09,94.097,94.075,332
2014-10-15 11:49:00,2014-10-15 11:50:00,94.066,94.028,94.066,94.015,94.09,94.056,94.091,94.037,444
2014-10-15 11:50:00,2014-10-15 11:51:00,94.028,94.028,94.053,94.026,94.056,94.054,94.075,94.052,386
2014-10-15 11:51:00,2014-10-15 11:52:00,94.028,94.048,94.057,94.001,94.054,94.071,94.083,94.027,510
2014-10-15 11:52:00,2014-10-15 11:53:00,94.048,94.015,94.07,94.01,94.071,94.041,94.092,94.037,427
2014-10-15 11:53:00,2014-10-15 11:54:00,94.015,94.011,94.04,94.005,94.041,94.037,94.067,94.029,434
2014-10-15 11:54:00,2014-10-15 11:55:00,94.011,94.024,94.03,94.008,94.037,94.048,94.055,94.032,332
2014-10-15 11:55:00,2014-10-15 11:56:00,94.024,94.027,94.039,94.013,94.048,94.054,94.063,94.037,442
2014-10-15 11:56:00,2014-10-15 11:57:00,94.027,94.038,94.044,94.02,94.054,94.065,94.07,94.045,299
2014-10-15 11:57:00,2014-10-15 11:58:00,94.038,93.991,94.039,93.982,94.065,94.018,94.066,94.004,410
2014-10-15 11:58:00,2014-10-15 11:59:00,93.991,94.013,94.03,93.985,94.018,94.037,94.054,94.01,493
2014-10-15 11:59:00,2014-10-15 12:00:00,94.013,93.982,94.021,93.981,94.037,94.006,94.047,94.003,471
2014-10-15 12:00:00,2014-10-15 12:01:00,93.982,93.999,94.01,93.982,94.006,94.026,94.036,94.007,404
2014-10-15 12:01:00,2014-10-15 12:02:00,93.999,94.018,94.021,94.0,94.026,94.043,94.044,94.025,278
2014-10-15 12:02:00,2014-10-15 12:03:00,94.018,93.994,94.02,93.993,94.043,94.019,94.044,94.019,360
2014-10-15 12:03:00,2014-10-15 12:04:00,93.994,94.004,94.005,93.981,94.019,94.026,94.031,94.006,323
2014-10-15 12:04:00,2014-10-15 12:05:00,94.004,93.99,94.012,93.987,94.026,94.016,94.037,94.013,216
2014-10-15 12:05:00,2014-10-15 12:06:00,93.99,93.962,93.991,93.954,94.016,93.987,94.016,93.979,273
2014-10-15 12:06:00,2014-10-15 12:07:00,93.962,93.947,93.977,93.944,93.987,93.971,93.998,93.969,284
2014-10-15 12:07:00,2014-10-15 12:08:00,93.947,93.903,93.947,93.898,93.971,93.929,93.971,93.922,495
2014-10-15 12:08:00,2014-10-15 12:09:00,93.903,93.947,93.949,93.902,93.929,93.97,93.973,93.927,371
2014-10-15 12:09:00,2014-10-15 12:10:00,93.947,93.972,93.975,93.938,93.97,93.997,93.999,93.963,333
2014-10-15 12:10:00,2014-10-15 12:11:00,93.972,94.007,94.011,93.965,93.997,94.031,94.034,93.99,225
2014-10-15 12:11:00,2014-10-15 12:12:00,94.007,94.056,94.057,93.997,94.031,94.079,94.079,94.019,535
2014-10-15 12:12:00,2014-10-15 12:13:00,94.056,94.042,94.066,94.03,94.079,94.068,94.089,94.053,376
2014-10-15 12:13:00,2014-10-15 12:14:00,94.042,94.049,94.057,94.034,94.068,94.075,94.082,94.059,346
2014-10-15 12:14:00,2014-10-15 12:15:00,94.049,94.069,94.078,94.043,94.075,94.089,94.103,94.067,404
2014-10-15 12:15:00,2014-10-15 12:16:00,94.069,94.058,94.068,94.053,94.089,94.083,94.091,94.077,204
2014-10-15 12:16:00,2014-10-15 12:17:00,94.058,94.059,94.087,94.058,94.083,94.084,94.112,94.084,236
2014-10-15 12:17:00,2014-10-15 12:18:00,94.059,94.088,94.088,94.057,94.084,94.113,94.113,94.082,225
2014-10-15 12:18:00,2014-10-15 12:19:00,94.088,94.105,94.111,94.088,94.113,94.129,94.136,94.114,204
2014-10-15 12:19:00,2014-10-15 12:20:00,94.105,94.128,94.156,94.106,94.129,94.155,94.167,94.127,795
2014-10-15 12:20:00,2014-10-15 12:21:00,94.128,94.163,94.168,94.121,94.155,94.184,94.192,94.148,340
2014-10-15 12:21:00,2014-10-15 12:22:00,94.163,94.154,94.178,94.154,94.184,94.176,94.203,94.173,337
2014-10-15 12:22:00,2014-10-15 12:23:00,94.154,94.187,94.187,94.153,94.176,94.213,94.214,94.176,277
2014-10-15 12:23:00,2014-10-15 12:24:00,94.187,94.172,94.202,94.17,94.213,94.197,94.227,94.193,367
2014-10-15 12:24:00,2014-10-15 12:25:00,94.172,94.131,94.179,94.121,94.197,94.158,94.204,94.146,324
2014-10-15 12:25:00,2014-10-15 12:26:00,94.131,94.148,94.156,94.128,94.158,94.172,94.181,94.155,316
2014-10-15 12:26:00,2014-10-15 12:27:00,94.148,94.137,94.154,94.119,94.172,94.159,94.177,94.143,236
2014-10-15 12:27:00,2014-10-15 12:28:00,94.137,94.101,94.141,94.1,94.159,94.127,94.168,94.126,187
2014-10-15 12:28:00,2014-10-15 12:29:00,94.101,94.042,94.121,94.03,94.127,94.137,94.165,94.08,489
2014-10-15 12:29:00,2014-10-15 12:30:00,94.042,93.949,94.052,93.929,94.137,93.973,94.158,93.954,1372
2014-10-15 12:30:00,2014-10-15 12:31:00,93.949,93.924,93.988,93.903,93.973,93.951,94.011,93.931,1163
2014-10-15 12:31:00,2014-10-15 12:32:00,93.924,93.926,93.962,93.92,93.951,93.952,93.986,93.947,760
2014-10-15 12:32:00,2014-10-15 12:33:00,93.926,93.925,93.955,93.9,93.952,93.953,93.98,93.927,1053
2014-10-15 12:33:00,2014-10-15 12:34:00,93.925,93.911,93.946,93.886,93.953,93.931,93.977,93.912,845
2014-10-15 12:34:00,2014-10-15 12:35:00,93.911,93.916,93.935,93.903,93.931,93.933,93.96,93.927,783
2014-10-15 12:35:00,2014-10-15 12:36:00,93.916,93.927,93.935,93.846,93.933,93.945,93.963,93.879,1555
2014-10-15 12:36:00,2014-10-15 12:37:00,93.927,93.887,93.937,93.877,93.945,93.913,93.959,93.899,1093
2014-10-15 12:37:00,2014-10-15 12:38:00,93.887,93.883,93.903,93.854,93.913,93.908,93.927,93.88,1044
2014-10-15 12:38:00,2014-10-15 12:39:00,93.883,93.909,93.941,93.883,93.908,93.935,93.967,93.904,777
2014-10-15 12:39:00,2014-10-15 12:40:00,93.909,93.857,93.912,93.84,93.935,93.88,93.937,93.866,851
2014-10-15 12:40:00,2014-10-15 12:41:00,93.857,93.896,93.899,93.838,93.88,93.92,93.921,93.862,574
2014-10-15 12:41:00,2014-10-15 12:42:00,93.896,93.942,93.947,93.864,93.92,93.966,93.974,93.884,649
2014-10-15 12:42:00,2014-10-15 12:43:00,93.942,93.964,93.98,93.936,93.966,93.99,94.004,93.962,602
2014-10-15 12:43:00,2014-10-15 12:44:00,93.964,93.936,93.971,93.931,93.99,93.957,93.996,93.955,666
2014-10-15 12:44:00,2014-10-15 12:45:00,93.936,93.915,93.937,93.888,93.957,93.94,93.961,93.913,814
2014-10-15 12:45:00,2014-10-15 12:46:00,93.915,93.884,93.919,93.85,93.94,93.907,93.942,93.871,938
2014-10-15 12:46:00,2014-10-15 12:47:00,93.884,93.826,93.887,93.824,93.907,93.851,93.913,93.849,843
2014-10-15 12:47:00,2014-10-15 12:48:00,93.826,93.824,93.834,93.794,93.851,93.85,93.86,93.82,757
2014-10-15 12:48:00,2014-10-15 12:49:00,93.824,93.853,93.862,93.824,93.85,93.88,93.887,93.851,562
2014-10-15 12:49:00,2014-10-15 12:50:00,93.853,93.823,93.876,93.812,93.88,93.852,93.901,93.837,753
2014-10-15 12:50:00,2014-10-15 12:51:00,93.823,93.815,93.87,93.806,93.852,93.842,93.897,93.834,896
2014-10-15 12:51:00,2014-10-15 12:52:00,93.815,93.795,93.838,93.791,93.842,93.822,93.867,93.817,994
2014-10-15 12:52:00,2014-10-15 12:53:00,93.795,93.753,93.804,93.751,93.822,93.781,93.832,93.778,1110
2014-10-15 12:53:00,2014-10-15 12:54:00,93.753,93.767,93.797,93.749,93.781,93.796,93.824,93.774,925
2014-10-15 12:54:00,2014-10-15 12:55:00,93.767,93.785,93.818,93.761,93.796,93.811,93.845,93.789,757
2014-10-15 12:55:00,2014-10-15 12:56:00,93.785,93.761,93.805,93.748,93.811,93.786,93.829,93.773,616
2014-10-15 12:56:00,2014-10-15 12:57:00,93.761,93.76,93.78,93.725,93.786,93.783,93.807,93.752,711
2014-10-15 12:57:00,2014-10-15 12:58:00,93.76,93.745,93.76,93.727,93.783,93.768,93.783,93.75,679
2014-10-15 12:58:00,2014-10-15 12:59:00,93.745,93.741,93.761,93.736,93.768,93.767,93.785,93.761,576
2014-10-15 12:59:00,2014-10-15 13:00:00,93.741,93.768,93.776,93.744,93.767,93.795,93.803,93.767,537
2014-10-15 13:00:00,2014-10-15 13:01:00,93.768,93.789,93.82,93.762,93.795,93.812,93.844,93.787,681
2014-10-15 13:01:00,2014-10-15 13:02:00,93.789,93.776,93.792,93.76,93.812,93.8,93.815,93.783,727
2014-10-15 13:02:00,2014-10-15 13:03:00,93.776,93.765,93.785,93.738,93.8,93.791,93.806,93.765,699
2014-10-15 13:03:00,2014-10-15 13:04:00,93.765,93.776,93.803,93.765,93.791,93.8,93.828,93.792,719
2014-10-15 13:04:00,2014-10-15 13:05:00,93.776,93.814,93.818,93.758,93.8,93.839,93.841,93.78,651
2014-10-15 13:05:00,2014-10-15 13:06:00,93.814,93.788,93.823,93.785,93.839,93.815,93.845,93.811,547
2014-10-15 13:06:00,2014-10-15 13:07:00,93.788,93.804,93.808,93.782,93.815,93.827,93.833,93.806,494
2014-10-15 13:07:00,2014-10-15 13:08:00,93.804,93.821,93.832,93.79,93.827,93.844,93.858,93.816,454
2014-10-15 13:08:00,2014-10-15 13:09:00,93.821,93.793,93.829,93.782,93.844,93.819,93.853,93.808,463
2014-10-15 13:09:00,2014-10-15 13:10:00,93.793,93.74,93.795,93.735,93.819,93.766,93.82,93.761,654
2014-10-15 13:10:00,2014-10-15 13:11:00,93.74,93.754,93.77,93.723,93.766,93.781,93.793,93.749,811
2014-10-15 13:11:00,2014-10-15 13:12:00,93.754,93.778,93.787,93.754,93.781,93.805,93.812,93.78,530
2014-10-15 13:12:00,2014-10-15 13:13:00,93.778,93.764,93.796,93.764,93.805,93.788,93.821,93.788,413
2014-10-15 13:13:00,2014-10-15 13:14:00,93.764,93.764,93.767,93.745,93.788,93.787,93.792,93.769,531
2014-10-15 13:14:00,2014-10-15 13:15:00,93.764,93.778,93.797,93.764,93.787,93.805,93.822,93.789,575
2014-10-15 13:15:00,2014-10-15 13:16:00,93.778,93.752,93.778,93.714,93.805,93.779,93.8,93.74,1034
2014-10-15 13:16:00,2014-10-15 13:17:00,93.752,93.798,93.798,93.727,93.779,93.825,93.825,93.751,798
2014-10-15 13:17:00,2014-10-15 13:18:00,93.798,93.824,93.843,93.791,93.825,93.85,93.869,93.814,730
2014-10-15 13:18:00,2014-10-15 13:19:00,93.824,93.809,93.845,93.786,93.85,93.834,93.869,93.812,631
2014-10-15 13:19:00,2014-10-15 13:20:00,93.809,93.787,93.813,93.749,93.834,93.815,93.841,93.774,808
2014-10-15 13:20:00,2014-10-15 13:21:00,93.787,93.818,93.828,93.782,93.815,93.843,93.849,93.806,650
2014-10-15 13:21:00,2014-10-15 13:22:00,93.818,93.811,93.82,93.776,93.843,93.834,93.845,93.801,724
2014-10-15 13:22:00,2014-10-15 13:23:00,93.811,93.801,93.815,93.769,93.834,93.826,93.839,93.787,649
2014-10-15 13:23:00,2014-10-15 13:24:00,93.801,93.8,93.817,93.772,93.826,93.828,93.84,93.797,760
2014-10-15 13:24:00,2014-10-15 13:25:00,93.8,93.795,93.831,93.785,93.828,93.82,93.855,93.811,705
2014-10-15 13:25:00,2014-10-15 13:26:00,93.795,93.824,93.835,93.79,93.82,93.841,93.859,93.815,775
2014-10-15 13:26:00,2014-10-15 13:27:00,93.824,93.853,93.856,93.784,93.841,93.878,93.885,93.809,923
2014-10-15 13:27:00,2014-10-15 13:28:00,93.853,93.862,93.879,93.839,93.878,93.889,93.902,93.867,856
2014-10-15 13:28:00,2014-10-15 13:29:00,93.862,93.767,93.863,93.738,93.889,93.794,93.889,93.762,1087
2014-10-15 13:29:00,2014-10-15 13:30:00,93.767,93.767,93.794,93.701,93.794,93.791,93.823,93.728,1312
2014-10-15 13:30:00,2014-10-15 13:31:00,93.767,93.784,93.833,93.755,93.791,93.813,93.863,93.78,1575
2014-10-15 13:31:00,2014-10-15 13:32:00,93.784,93.902,93.906,93.768,93.813,93.929,93.935,93.798,1223
2014-10-15 13:32:00,2014-10-15 13:33:00,93.902,93.854,93.902,93.786,93.929,93.879,93.928,93.817,1398
2014-10-15 13:33:00,2014-10-15 13:34:00,93.854,93.878,93.897,93.846,93.879,93.904,93.924,93.873,1503
2014-10-15 13:34:00,2014-10-15 13:35:00,93.878,93.849,93.886,93.805,93.904,93.875,93.913,93.832,972
2014-10-15 13:35:00,2014-10-15 13:36:00,93.849,93.836,93.866,93.769,93.875,93.861,93.891,93.794,1248
2014-10-15 13:36:00,2014-10-15 13:37:00,93.836,93.811,93.862,93.794,93.861,93.838,93.888,93.82,1438
2014-10-15 13:37:00,2014-10-15 13:38:00,93.811,93.769,93.819,93.755,93.838,93.794,93.846,93.782,1224
2014-10-15 13:38:00,2014-10-15 13:39:00,93.769,93.81,93.829,93.738,93.794,93.838,93.857,93.764,1357
2014-10-15 13:39:00,2014-10-15 13:40:00,93.81,93.693,93.813,93.674,93.838,93.721,93.848,93.711,1092
2014-10-15 13:40:00,2014-10-15 13:41:00,93.693,93.765,93.786,93.683,93.721,93.796,93.816,93.709,1514
2014-10-15 13:41:00,2014-10-15 13:42:00,93.765,93.937,93.999,93.751,93.796,93.964,94.023,93.783,2024
2014-10-15 13:42:00,2014-10-15 13:43:00,93.937,93.864,93.942,93.804,93.964,93.899,93.97,93.834,1572
2014-10-15 13:43:00,2014-10-15 13:44:00,93.864,93.878,93.922,93.818,93.899,93.909,93.95,93.85,1651
2014-10-15 13:44:00,2014-10-15 13:45:00,93.878,93.957,93.969,93.86,93.909,93.987,93.995,93.888,1570
2014-10-15 13:45:00,2014-10-15 13:46:00,93.957,93.931,93.971,93.901,93.987,93.961,94.0,93.928,1904
2014-10-15 13:46:00,2014-10-15 13:47:00,93.931,93.998,94.012,93.922,93.961,94.028,94.041,93.949,1716
2014-10-15 13:47:00,2014-10-15 13:48:00,93.998,94.025,94.032,93.961,94.028,94.055,94.062,93.988,1629
2014-10-15 13:48:00,2014-10-15 13:49:00,94.025,94.094,94.121,93.958,94.055,94.122,94.151,93.988,1685
2014-10-15 13:49:00,2014-10-15 13:50:00,94.094,94.024,94.105,93.978,94.122,94.053,94.131,94.006,1734
2014-10-15 13:50:00,2014-10-15 13:51:00,94.024,94.044,94.047,93.973,94.053,94.071,94.075,93.998,1579
2014-10-15 13:51:00,2014-10-15 13:52:00,94.044,94.1,94.1,94.027,94.071,94.125,94.129,94.054,1177
2014-10-15 13:52:00,2014-10-15 13:53:00,94.1,94.162,94.166,94.091,94.125,94.186,94.194,94.124,1149
2014-10-15 13:53:00,2014-10-15 13:54:00,94.162,94.307,94.31,94.153,94.186,94.338,94.338,94.174,1342
2014-10-15 13:54:00,2014-10-15 13:55:00,94.307,94.173,94.337,94.173,94.338,94.202,94.365,94.202,1595
2014-10-15 13:55:00,2014-10-15 13:56:00,94.173,94.163,94.217,94.146,94.202,94.191,94.246,94.178,1159
2014-10-15 13:56:00,2014-10-15 13:57:00,94.163,94.179,94.237,94.161,94.191,94.208,94.266,94.187,1070
2014-10-15 13:57:00,2014-10-15 13:58:00,94.179,94.205,94.228,94.169,94.208,94.235,94.254,94.198,710
2014-10-15 13:58:00,2014-10-15 13:59:00,94.205,94.243,94.287,94.194,94.235,94.28,94.314,94.219,1177
2014-10-15 13:59:00,2014-10-15 14:00:00,94.243,94.315,94.327,94.228,94.28,94.335,94.347,94.261,1206
2014-10-15 14:00:00,2014-10-15 14:01:00,94.315,94.289,94.336,94.266,94.335,94.32,94.364,94.289,1309
2014-10-15 14:01:00,2014-10-15 14:02:00,94.289,94.304,94.345,94.271,94.32,94.331,94.372,94.298,1535
2014-10-15 14:02:00,2014-10-15 14:03:00,94.304,94.265,94.321,94.255,94.331,94.292,94.344,94.28,1465
2014-10-15 14:03:00,2014-10-15 14:04:00,94.265,94.252,94.334,94.205,94.292,94.283,94.36,94.231,1604
2014-10-15 14:04:00,2014-10-15 14:05:00,94.252,94.228,94.279,94.223,94.283,94.254,94.308,94.249,1229
2014-10-15 14:05:00,2014-10-15 14:06:00,94.228,94.19,94.231,94.164,94.254,94.216,94.258,94.19,936
2014-10-15 14:06:00,2014-10-15 14:07:00,94.19,94.22,94.227,94.18,94.216,94.25,94.257,94.204,1158
2014-10-15 14:07:00,2014-10-15 14:08:00,94.22,94.224,94.251,94.181,94.25,94.252,94.278,94.209,1224
2014-10-15 14:08:00,2014-10-15 14:09:00,94.224,94.191,94.262,94.182,94.252,94.215,94.289,94.209,1389
2014-10-15 14:09:00,2014-10-15 14:10:00,94.191,94.205,94.225,94.18,94.215,94.233,94.251,94.204,1230
2014-10-15 14:10:00,2014-10-15 14:11:00,94.205,94.227,94.24,94.175,94.233,94.254,94.267,94.202,1093
2014-10-15 14:11:00,2014-10-15 14:12:00,94.227,94.187,94.234,94.178,94.254,94.212,94.26,94.204,868
2014-10-15 14:12:00,2014-10-15 14:13:00,94.187,94.207,94.233,94.187,94.212,94.233,94.259,94.204,856
2014-10-15 14:13:00,2014-10-15 14:14:00,94.207,94.178,94.22,94.16,94.233,94.207,94.246,94.185,891
2014-10-15 14:14:00,2014-10-15 14:15:00,94.178,94.189,94.221,94.169,94.207,94.216,94.246,94.195,900
2014-10-15 14:15:00,2014-10-15 14:16:00,94.189,94.157,94.199,94.155,94.216,94.184,94.224,94.181,742
2014-10-15 14:16:00,2014-10-15 14:17:00,94.157,94.138,94.162,94.089,94.184,94.165,94.186,94.115,983
2014-10-15 14:17:00,2014-10-15 14:18:00,94.138,94.123,94.149,94.114,94.165,94.149,94.173,94.139,1170
2014-10-15 14:18:00,2014-10-15 14:19:00,94.123,94.045,94.134,94.035,94.149,94.07,94.157,94.06,1175
2014-10-15 14:19:00,2014-10-15 14:20:00,94.045,94.059,94.065,94.02,94.07,94.086,94.09,94.047,880
2014-10-15 14:20:00,2014-10-15 14:21:00,94.059,93.945,94.069,93.931,94.086,93.972,94.096,93.962,1188
2014-10-15 14:21:00,2014-10-15 14:22:00,93.945,93.948,93.991,93.932,93.972,93.975,94.013,93.957,1406
2014-10-15 14:22:00,2014-10-15 14:23:00,93.948,94.062,94.064,93.945,93.975,94.089,94.09,93.973,1225
2014-10-15 14:23:00,2014-10-15 14:24:00,94.062,94.03,94.061,94.004,94.089,94.056,94.089,94.031,1674
2014-10-15 14:24:00,2014-10-15 14:25:00,94.03,94.021,94.055,94.002,94.056,94.048,94.082,94.029,1011
2014-10-15 14:25:00,2014-10-15 14:26:00,94.021,94.08,94.092,94.001,94.048,94.107,94.116,94.024,974
2014-10-15 14:26:00,2014-10-15 14:27:00,94.08,93.987,94.085,93.982,94.107,94.013,94.112,94.008,1019
2014-10-15 14:27:00,2014-10-15 14:28:00,93.987,93.995,94.008,93.952,94.013,94.022,94.035,93.979,1125
2014-10-15 14:28:00,2014-10-15 14:29:00,93.995,93.944,94.007,93.935,94.022,93.971,94.033,93.962,804
2014-10-15 14:29:00,2014-10-15 14:30:00,93.944,93.912,93.971,93.909,93.971,93.94,93.998,93.936,961
2014-10-15 14:30:00,2014-10-15 14:31:00,93.912,93.871,93.93,93.865,93.94,93.898,93.954,93.89,928
2014-10-15 14:31:00,2014-10-15 14:32:00,93.871,93.907,93.932,93.864,93.898,93.934,93.959,93.885,979
2014-10-15 14:32:00,2014-10-15 14:33:00,93.907,93.909,93.932,93.873,93.934,93.934,93.959,93.895,892
2014-10-15 14:33:00,2014-10-15 14:34:00,93.909,93.911,93.94,93.903,93.934,93.933,93.965,93.928,569
2014-10-15 14:34:00,2014-10-15 14:35:00,93.911,93.927,93.954,93.89,93.933,93.952,93.982,93.917,984
2014-10-15 14:35:00,2014-10-15 14:36:00,93.927,93.963,93.99,93.922,93.952,93.99,94.015,93.948,835
2014-10-15 14:36:00,2014-10-15 14:37:00,93.963,93.99,94.0,93.957,93.99,94.015,94.026,93.982,811
2014-10-15 14:37:00,2014-10-15 14:38:00,93.99,94.009,94.015,93.976,94.015,94.035,94.039,94.001,700
2014-10-15 14:38:00,2014-10-15 14:39:00,94.009,94.015,94.024,93.996,94.035,94.04,94.05,94.019,626
2014-10-15 14:39:00,2014-10-15 14:40:00,94.015,93.985,94.021,93.981,94.04,94.009,94.047,94.006,663
2014-10-15 14:40:00,2014-10-15 14:41:00,93.985,93.925,93.985,93.919,94.009,93.954,94.007,93.945,1189
2014-10-15 14:41:00,2014-10-15 14:42:00,93.925,93.842,93.924,93.838,93.954,93.868,93.954,93.861,873
2014-10-15 14:42:00,2014-10-15 14:43:00,93.842,93.823,93.848,93.786,93.868,93.85,93.874,93.815,856
2014-10-15 14:43:00,2014-10-15 14:44:00,93.823,93.761,93.829,93.734,93.85,93.791,93.854,93.759,939
2014-10-15 14:44:00,2014-10-15 14:45:00,93.761,93.656,93.77,93.617,93.791,93.681,93.798,93.645,1028
2014-10-15 14:45:00,2014-10-15 14:46:00,93.656,93.663,93.696,93.639,93.681,93.691,93.722,93.667,928
2014-10-15 14:46:00,2014-10-15 14:47:00,93.663,93.69,93.7,93.662,93.691,93.715,93.726,93.688,690
2014-10-15 14:47:00,2014-10-15 14:48:00,93.69,93.691,93.71,93.635,93.715,93.718,93.732,93.662,896
2014-10-15 14:48:00,2014-10-15 14:49:00,93.691,93.723,93.73,93.685,93.718,93.748,93.754,93.712,771
2014-10-15 14:49:00,2014-10-15 14:50:00,93.723,93.761,93.77,93.698,93.748,93.788,93.797,93.726,724
2014-10-15 14:50:00,2014-10-15 14:51:00,93.761,93.678,93.77,93.663,93.788,93.704,93.797,93.69,987
2014-10-15 14:51:00,2014-10-15 14:52:00,93.678,93.667,93.681,93.627,93.704,93.694,93.71,93.654,797
2014-10-15 14:52:00,2014-10-15 14:53:00,93.667,93.659,93.689,93.643,93.694,93.687,93.715,93.671,733
2014-10-15 14:53:00,2014-10-15 14:54:00,93.659,93.668,93.704,93.65,93.687,93.695,93.727,93.678,823
2014-10-15 14:54:00,2014-10-15 14:55:00,93.668,93.699,93.723,93.659,93.695,93.724,93.748,93.686,611
2014-10-15 14:55:00,2014-10-15 14:56:00,93.699,93.746,93.773,93.68,93.724,93.773,93.801,93.706,1164
2014-10-15 14:56:00,2014-10-15 14:57:00,93.746,93.76,93.773,93.729,93.773,93.787,93.798,93.756,829
2014-10-15 14:57:00,2014-10-15 14:58:00,93.76,93.766,93.785,93.755,93.787,93.793,93.812,93.782,675
2014-10-15 14:58:00,2014-10-15 14:59:00,93.766,93.76,93.772,93.721,93.793,93.786,93.799,93.749,988
2014-10-15 14:59:00,2014-10-15 15:00:00,93.76,93.764,93.79,93.731,93.786,93.788,93.818,93.757,860
2014-10-15 15:00:00,2014-10-15 15:01:00,93.764,93.777,93.781,93.749,93.788,93.805,93.806,93.774,650
2014-10-15 15:01:00,2014-10-15 15:02:00,93.777,93.774,93.777,93.748,93.805,93.799,93.803,93.775,663
2014-10-15 15:02:00,2014-10-15 15:03:00,93.774,93.749,93.777,93.725,93.799,93.774,93.803,93.752,653
2014-10-15 15:03:00,2014-10-15 15:04:00,93.749,93.783,93.789,93.744,93.774,93.805,93.815,93.771,639
2014-10-15 15:04:00,2014-10-15 15:05:00,93.783,93.811,93.824,93.78,93.805,93.836,93.846,93.802,520
2014-10-15 15:05:00,2014-10-15 15:06:00,93.811,93.823,93.826,93.772,93.836,93.85,93.854,93.795,431
2014-10-15 15:06:00,2014-10-15 15:07:00,93.823,93.806,93.824,93.799,93.85,93.833,93.851,93.823,519
2014-10-15 15:07:00,2014-10-15 15:08:00,93.806,93.861,93.866,93.808,93.833,93.887,93.893,93.833,410
2014-10-15 15:08:00,2014-10-15 15:09:00,93.861,93.894,93.908,93.848,93.887,93.921,93.933,93.874,563
2014-10-15 15:09:00,2014-10-15 15:10:00,93.894,93.88,93.896,93.875,93.921,93.907,93.922,93.901,475
2014-10-15 15:10:00,2014-10-15 15:11:00,93.88,93.862,93.88,93.844,93.907,93.886,93.906,93.871,527
2014-10-15 15:11:00,2014-10-15 15:12:00,93.862,93.873,93.88,93.825,93.886,93.902,93.908,93.852,582
2014-10-15 15:12:00,2014-10-15 15:13:00,93.873,93.9,93.9,93.871,93.902,93.928,93.928,93.901,510
2014-10-15 15:13:00,2014-10-15 15:14:00,93.9,93.884,93.906,93.864,93.928,93.91,93.931,93.891,583
2014-10-15 15:14:00,2014-10-15 15:15:00,93.884,93.894,93.907,93.873,93.91,93.917,93.933,93.898,605
2014-10-15 15:15:00,2014-10-15 15:16:00,93.894,93.935,93.944,93.892,93.917,93.964,93.972,93.915,515
2014-10-15 15:16:00,2014-10-15 15:17:00,93.935,93.92,93.944,93.9,93.964,93.944,93.972,93.925,652
2014-10-15 15:17:00,2014-10-15 15:18:00,93.92,93.915,93.939,93.878,93.944,93.943,93.966,93.905,579
2014-10-15 15:18:00,2014-10-15 15:19:00,93.915,93.957,93.959,93.913,93.943,93.981,93.986,93.941,745
2014-10-15 15:19:00,2014-10-15 15:20:00,93.957,93.948,93.965,93.925,93.981,93.971,93.991,93.951,614
2014-10-15 15:20:00,2014-10-15 15:21:00,93.948,93.957,93.975,93.939,93.971,93.982,94.001,93.964,474
2014-10-15 15:21:00,2014-10-15 15:22:00,93.957,93.942,93.958,93.938,93.982,93.969,93.984,93.964,504
2014-10-15 15:22:00,2014-10-15 15:23:00,93.942,93.941,93.984,93.937,93.969,93.968,94.009,93.963,661
2014-10-15 15:23:00,2014-10-15 15:24:00,93.941,93.934,93.951,93.927,93.968,93.962,93.977,93.953,552
2014-10-15 15:24:00,2014-10-15 15:25:00,93.934,93.963,93.978,93.936,93.962,93.99,94.003,93.962,356
2014-10-15 15:25:00,2014-10-15 15:26:00,93.963,93.947,93.982,93.936,93.99,93.977,94.008,93.963,527
2014-10-15 15:26:00,2014-10-15 15:27:00,93.947,93.935,93.96,93.926,93.977,93.963,93.986,93.953,492
2014-10-15 15:27:00,2014-10-15 15:28:00,93.935,93.922,93.937,93.917,93.963,93.951,93.964,93.944,316
2014-10-15 15:28:00,2014-10-15 15:29:00,93.922,93.886,93.921,93.886,93.951,93.911,93.951,93.909,490
2014-10-15 15:29:00,2014-10-15 15:30:00,93.886,93.907,93.933,93.883,93.911,93.933,93.959,93.907,544
2014-10-15 15:30:00,2014-10-15 15:31:00,93.907,93.96,93.975,93.907,93.933,93.989,94.003,93.932,375
2014-10-15 15:31:00,2014-10-15 15:32:00,93.96,93.943,93.962,93.928,93.989,93.967,93.989,93.954,388
2014-10-15 15:32:00,2014-10-15 15:33:00,93.943,93.921,93.946,93.907,93.967,93.946,93.972,93.934,330
2014-10-15 15:33:00,2014-10-15 15:34:00,93.921,93.926,93.934,93.893,93.946,93.954,93.961,93.919,670
2014-10-15 15:34:00,2014-10-15 15:35:00,93.926,93.905,93.93,93.902,93.954,93.932,93.958,93.926,387
2014-10-15 15:35:00,2014-10-15 15:36:00,93.905,93.889,93.907,93.876,93.932,93.914,93.932,93.902,432
2014-10-15 15:36:00,2014-10-15 15:37:00,93.889,93.911,93.917,93.886,93.914,93.935,93.945,93.911,291
2014-10-15 15:37:00,2014-10-15 15:38:00,93.911,93.918,93.92,93.895,93.935,93.945,93.946,93.919,323
2014-10-15 15:38:00,2014-10-15 15:39:00,93.918,93.934,93.938,93.917,93.945,93.96,93.964,93.943,376
2014-10-15 15:39:00,2014-10-15 15:40:00,93.934,93.906,93.933,93.901,93.96,93.933,93.96,93.926,457
2014-10-15 15:40:00,2014-10-15 15:41:00,93.906,93.899,93.924,93.895,93.933,93.922,93.949,93.916,498
2014-10-15 15:41:00,2014-10-15 15:42:00,93.899,93.921,93.934,93.892,93.922,93.945,93.959,93.919,471
2014-10-15 15:42:00,2014-10-15 15:43:00,93.921,93.933,93.941,93.909,93.945,93.958,93.966,93.932,390
2014-10-15 15:43:00,2014-10-15 15:44:00,93.933,93.912,93.933,93.893,93.958,93.933,93.957,93.919,489
2014-10-15 15:44:00,2014-10-15 15:45:00,93.912,93.881,93.922,93.88,93.933,93.906,93.946,93.906,360
2014-10-15 15:45:00,2014-10-15 15:46:00,93.881,93.865,93.896,93.847,93.906,93.89,93.916,93.868,353
2014-10-15 15:46:00,2014-10-15 15:47:00,93.865,93.845,93.878,93.831,93.89,93.87,93.905,93.856,559
2014-10-15 15:47:00,2014-10-15 15:48:00,93.845,93.899,93.915,93.844,93.87,93.923,93.94,93.871,589
2014-10-15 15:48:00,2014-10-15 15:49:00,93.899,93.902,93.911,93.872,93.923,93.923,93.935,93.897,665
2014-10-15 15:49:00,2014-10-15 15:50:00,93.902,93.849,93.905,93.836,93.923,93.876,93.927,93.862,648
2014-10-15 15:50:00,2014-10-15 15:51:00,93.849,93.836,93.875,93.836,93.876,93.859,93.901,93.859,544
2014-10-15 15:51:00,2014-10-15 15:52:00,93.836,93.861,93.869,93.812,93.859,93.888,93.896,93.841,608
2014-10-15 15:52:00,2014-10-15 15:53:00,93.861,93.886,93.896,93.853,93.888,93.914,93.92,93.877,665
2014-10-15 15:53:00,2014-10-15 15:54:00,93.886,93.892,93.906,93.882,93.914,93.918,93.931,93.907,341
2014-10-15 15:54:00,2014-10-15 15:55:00,93.892,93.92,93.926,93.892,93.918,93.947,93.951,93.92,375
2014-10-15 15:55:00,2014-10-15 15:56:00,93.92,93.908,93.933,93.905,93.947,93.93,93.958,93.93,509
2014-10-15 15:56:00,2014-10-15 15:57:00,93.908,93.934,93.934,93.9,93.93,93.959,93.961,93.924,411
2014-10-15 15:57:00,2014-10-15 15:58:00,93.934,93.913,93.934,93.899,93.959,93.94,93.958,93.924,280
2014-10-15 15:58:00,2014-10-15 15:59:00,93.913,93.938,93.948,93.903,93.94,93.965,93.974,93.929,472
2014-10-15 15:59:00,2014-10-15 16:00:00,93.938,93.917,93.942,93.909,93.965,93.944,93.967,93.936,508
2014-10-15 16:00:00,2014-10-15 16:01:00,93.917,93.901,93.917,93.89,93.944,93.929,93.945,93.917,334
2014-10-15 16:01:00,2014-10-15 16:02:00,93.901,93.899,93.905,93.881,93.929,93.925,93.931,93.908,300
2014-10-15 16:02:00,2014-10-15 16:03:00,93.899,93.901,93.907,93.89,93.925,93.923,93.934,93.917,285
2014-10-15 16:03:00,2014-10-15 16:04:00,93.901,93.918,93.924,93.89,93.923,93.945,93.953,93.914,229
2014-10-15 16:04:00,2014-10-15 16:05:00,93.918,93.919,93.938,93.911,93.945,93.944,93.962,93.937,527
2014-10-15 16:05:00,2014-10-15 16:06:00,93.919,93.899,93.924,93.89,93.944,93.924,93.948,93.916,341
2014-10-15 16:06:00,2014-10-15 16:07:00,93.899,93.856,93.905,93.849,93.924,93.883,93.928,93.878,421
2014-10-15 16:07:00,2014-10-15 16:08:00,93.856,93.852,93.857,93.831,93.883,93.88,93.886,93.86,408
2014-10-15 16:08:00,2014-10-15 16:09:00,93.852,93.873,93.882,93.846,93.88,93.901,93.909,93.871,371
2014-10-15 16:09:00,2014-10-15 16:10:00,93.873,93.827,93.873,93.815,93.901,93.855,93.9,93.84,458
2014-10-15 16:10:00,2014-10-15 16:11:00,93.827,93.826,93.846,93.823,93.855,93.855,93.873,93.849,358
2014-10-15 16:11:00,2014-10-15 16:12:00,93.826,93.801,93.833,93.798,93.855,93.827,93.86,93.824,304
2014-10-15 16:12:00,2014-10-15 16:13:00,93.801,93.788,93.817,93.764,93.827,93.817,93.845,93.792,456
2014-10-15 16:13:00,2014-10-15 16:14:00,93.788,93.773,93.789,93.752,93.817,93.802,93.818,93.781,553
2014-10-15 16:14:00,2014-10-15 16:15:00,93.773,93.8,93.806,93.765,93.802,93.829,93.832,93.793,398
2014-10-15 16:15:00,2014-10-15 16:16:00,93.8,93.79,93.812,93.779,93.829,93.815,93.84,93.804,398
2014-10-15 16:16:00,2014-10-15 16:17:00,93.79,93.76,93.79,93.758,93.815,93.788,93.816,93.785,393
2014-10-15 16:17:00,2014-10-15 16:18:00,93.76,93.727,93.759,93.722,93.788,93.754,93.788,93.749,442
2014-10-15 16:18:00,2014-10-15 16:19:00,93.727,93.748,93.752,93.725,93.754,93.773,93.777,93.749,220
2014-10-15 16:19:00,2014-10-15 16:20:00,93.748,93.76,93.767,93.743,93.773,93.786,93.795,93.772,270
2014-10-15 16:20:00,2014-10-15 16:21:00,93.76,93.792,93.793,93.759,93.786,93.82,93.82,93.786,687
2014-10-15 16:21:00,2014-10-15 16:22:00,93.792,93.81,93.818,93.787,93.82,93.838,93.843,93.815,471
2014-10-15 16:22:00,2014-10-15 16:23:00,93.81,93.829,93.845,93.787,93.838,93.856,93.874,93.811,524
2014-10-15 16:23:00,2014-10-15 16:24:00,93.829,93.807,93.847,93.799,93.856,93.834,93.872,93.825,447
2014-10-15 16:24:00,2014-10-15 16:25:00,93.807,93.763,93.809,93.752,93.834,93.79,93.834,93.778,457
2014-10-15 16:25:00,2014-10-15 16:26:00,93.763,93.765,93.774,93.742,93.79,93.79,93.803,93.768,404
2014-10-15 16:26:00,2014-10-15 16:27:00,93.765,93.753,93.771,93.735,93.79,93.78,93.798,93.761,412
2014-10-15 16:27:00,2014-10-15 16:28:00,93.753,93.743,93.756,93.733,93.78,93.771,93.783,93.761,216
2014-10-15 16:28:00,2014-10-15 16:29:00,93.743,93.74,93.748,93.721,93.771,93.767,93.774,93.749,355
2014-10-15 16:29:00,2014-10-15 16:30:00,93.74,93.74,93.754,93.727,93.767,93.766,93.781,93.755,298
2014-10-15 16:30:00,2014-10-15 16:31:00,93.74,93.743,93.755,93.722,93.766,93.771,93.78,93.751,387
2014-10-15 16:31:00,2014-10-15 16:32:00,93.743,93.754,93.763,93.738,93.771,93.78,93.789,93.766,272
2014-10-15 16:32:00,2014-10-15 16:33:00,93.754,93.744,93.764,93.733,93.78,93.771,93.788,93.762,333
2014-10-15 16:33:00,2014-10-15 16:34:00,93.744,93.754,93.763,93.742,93.771,93.783,93.792,93.77,425
2014-10-15 16:34:00,2014-10-15 16:35:00,93.754,93.738,93.765,93.738,93.783,93.765,93.793,93.762,290
2014-10-15 16:35:00,2014-10-15 16:36:00,93.738,93.719,93.74,93.713,93.765,93.744,93.765,93.741,241
2014-10-15 16:36:00,2014-10-15 16:37:00,93.719,93.739,93.75,93.718,93.744,93.766,93.777,93.744,241
2014-10-15 16:37:00,2014-10-15 16:38:00,93.739,93.69,93.74,93.68,93.766,93.716,93.766,93.707,281
2014-10-15 16:38:00,2014-10-15 16:39:00,93.69,93.696,93.699,93.673,93.716,93.721,93.726,93.699,310
2014-10-15 16:39:00,2014-10-15 16:40:00,93.696,93.678,93.715,93.677,93.721,93.705,93.744,93.704,281
2014-10-15 16:40:00,2014-10-15 16:41:00,93.678,93.649,93.689,93.644,93.705,93.675,93.713,93.671,303
2014-10-15 16:41:00,2014-10-15 16:42:00,93.649,93.664,93.671,93.641,93.675,93.693,93.699,93.668,366
2014-10-15 16:42:00,2014-10-15 16:43:00,93.664,93.656,93.665,93.616,93.693,93.685,93.693,93.642,464
2014-10-15 16:43:00,2014-10-15 16:44:00,93.656,93.64,93.666,93.606,93.685,93.666,93.694,93.635,461
2014-10-15 16:44:00,2014-10-15 16:45:00,93.64,93.66,93.663,93.601,93.666,93.689,93.692,93.626,317
2014-10-15 16:45:00,2014-10-15 16:46:00,93.66,93.685,93.699,93.654,93.689,93.713,93.723,93.683,583
2014-10-15 16:46:00,2014-10-15 16:47:00,93.685,93.674,93.693,93.66,93.713,93.699,93.718,93.687,482
2014-10-15 16:47:00,2014-10-15 16:48:00,93.674,93.647,93.688,93.642,93.699,93.671,93.716,93.668,429
2014-10-15 16:48:00,2014-10-15 16:49:00,93.647,93.665,93.675,93.629,93.671,93.694,93.702,93.657,612
2014-10-15 16:49:00,2014-10-15 16:50:00,93.665,93.612,93.665,93.604,93.694,93.637,93.694,93.632,596
2014-10-15 16:50:00,2014-10-15 16:51:00,93.612,93.625,93.643,93.612,93.637,93.653,93.666,93.637,511
2014-10-15 16:51:00,2014-10-15 16:52:00,93.625,93.639,93.66,93.607,93.653,93.669,93.689,93.634,731
2014-10-15 16:52:00,2014-10-15 16:53:00,93.639,93.661,93.68,93.621,93.669,93.689,93.706,93.647,618
2014-10-15 16:53:00,2014-10-15 16:54:00,93.661,93.699,93.699,93.641,93.689,93.725,93.725,93.669,561
2014-10-15 16:54:00,2014-10-15 16:55:00,93.699,93.685,93.711,93.682,93.725,93.709,93.737,93.709,616
2014-10-15 16:55:00,2014-10-15 16:56:00,93.685,93.691,93.728,93.685,93.709,93.718,93.754,93.71,381
2014-10-15 16:56:00,2014-10-15 16:57:00,93.691,93.705,93.723,93.679,93.718,93.733,93.751,93.708,580
2014-10-15 16:57:00,2014-10-15 16:58:00,93.705,93.725,93.755,93.706,93.733,93.752,93.781,93.733,491
2014-10-15 16:58:00,2014-10-15 16:59:00,93.725,93.746,93.75,93.71,93.752,93.776,93.778,93.738,657
2014-10-15 16:59:00,2014-10-15 17:00:00,93.746,93.708,93.749,93.677,93.776,93.737,93.775,93.704,970
2014-10-15 17:00:00,2014-10-15 17:01:00,93.708,93.712,93.719,93.693,93.737,93.737,93.748,93.72,299
2014-10-15 17:01:00,2014-10-15 17:02:00,93.712,93.718,93.753,93.71,93.737,93.747,93.776,93.735,621
2014-10-15 17:02:00,2014-10-15 17:03:00,93.718,93.759,93.787,93.718,93.747,93.785,93.819,93.745,1065
2014-10-15 17:03:00,2014-10-15 17:04:00,93.759,93.758,93.774,93.732,93.785,93.781,93.799,93.756,817
2014-10-15 17:04:00,2014-10-15 17:05:00,93.758,93.77,93.775,93.748,93.781,93.798,93.802,93.774,413
2014-10-15 17:05:00,2014-10-15 17:06:00,93.77,93.78,93.79,93.755,93.798,93.804,93.814,93.782,505
2014-10-15 17:06:00,2014-10-15 17:07:00,93.78,93.858,93.859,93.778,93.804,93.88,93.883,93.803,722
2014-10-15 17:07:00,2014-10-15 17:08:00,93.858,93.813,93.858,93.803,93.88,93.839,93.881,93.832,467
2014-10-15 17:08:00,2014-10-15 17:09:00,93.813,93.802,93.817,93.802,93.839,93.829,93.843,93.829,196
2014-10-15 17:09:00,2014-10-15 17:10:00,93.802,93.778,93.803,93.772,93.829,93.804,93.83,93.802,465
2014-10-15 17:10:00,2014-10-15 17:11:00,93.778,93.723,93.794,93.72,93.804,93.752,93.822,93.748,537
2014-10-15 17:11:00,2014-10-15 17:12:00,93.723,93.698,93.752,93.688,93.752,93.726,93.782,93.716,588
2014-10-15 17:12:00,2014-10-15 17:13:00,93.698,93.65,93.701,93.633,93.726,93.677,93.727,93.66,466
2014-10-15 17:13:00,2014-10-15 17:14:00,93.65,93.589,93.662,93.589,93.677,93.618,93.686,93.618,452
2014-10-15 17:14:00,2014-10-15 17:15:00,93.589,93.598,93.605,93.567,93.618,93.623,93.631,93.591,633
2014-10-15 17:15:00,2014-10-15 17:16:00,93.598,93.491,93.603,93.491,93.623,93.516,93.626,93.516,819
2014-10-15 17:16:00,2014-10-15 17:17:00,93.491,93.486,93.503,93.464,93.516,93.51,93.53,93.491,680
2014-10-15 17:17:00,2014-10-15 17:18:00,93.486,93.404,93.492,93.401,93.51,93.429,93.517,93.428,867
2014-10-15 17:18:00,2014-10-15 17:19:00,93.404,93.435,93.448,93.399,93.429,93.463,93.474,93.425,613
2014-10-15 17:19:00,2014-10-15 17:20:00,93.435,93.48,93.488,93.41,93.463,93.509,93.518,93.436,717
2014-10-15 17:20:00,2014-10-15 17:21:00,93.48,93.419,93.479,93.415,93.509,93.448,93.509,93.442,491
2014-10-15 17:21:00,2014-10-15 17:22:00,93.419,93.421,93.43,93.387,93.448,93.446,93.453,93.414,557
2014-10-15 17:22:00,2014-10-15 17:23:00,93.421,93.472,93.473,93.408,93.446,93.499,93.501,93.433,599
2014-10-15 17:23:00,2014-10-15 17:24:00,93.472,93.463,93.491,93.445,93.499,93.492,93.518,93.472,536
2014-10-15 17:24:00,2014-10-15 17:25:00,93.463,93.457,93.491,93.436,93.492,93.484,93.516,93.465,473
2014-10-15 17:25:00,2014-10-15 17:26:00,93.457,93.429,93.466,93.411,93.484,93.456,93.494,93.439,480
2014-10-15 17:26:00,2014-10-15 17:27:00,93.429,93.474,93.477,93.404,93.456,93.503,93.504,93.431,648
2014-10-15 17:27:00,2014-10-15 17:28:00,93.474,93.407,93.478,93.4,93.503,93.437,93.506,93.43,762
2014-10-15 17:28:00,2014-10-15 17:29:00,93.407,93.462,93.469,93.406,93.437,93.49,93.496,93.431,642
2014-10-15 17:29:00,2014-10-15 17:30:00,93.462,93.421,93.462,93.421,93.49,93.449,93.491,93.446,365
2014-10-15 17:30:00,2014-10-15 17:31:00,93.421,93.399,93.43,93.399,93.449,93.428,93.458,93.424,420
2014-10-15 17:31:00,2014-10-15 17:32:00,93.399,93.453,93.453,93.371,93.428,93.48,93.48,93.397,545
2014-10-15 17:32:00,2014-10-15 17:33:00,93.453,93.483,93.495,93.449,93.48,93.51,93.522,93.478,476
2014-10-15 17:33:00,2014-10-15 17:34:00,93.483,93.514,93.521,93.477,93.51,93.538,93.546,93.506,427
2014-10-15 17:34:00,2014-10-15 17:35:00,93.514,93.491,93.52,93.478,93.538,93.514,93.546,93.507,399
2014-10-15 17:35:00,2014-10-15 17:36:00,93.491,93.451,93.49,93.442,93.514,93.479,93.514,93.471,349
2014-10-15 17:36:00,2014-10-15 17:37:00,93.451,93.433,93.456,93.431,93.479,93.46,93.483,93.459,590
2014-10-15 17:37:00,2014-10-15 17:38:00,93.433,93.428,93.442,93.403,93.46,93.455,93.471,93.428,310
2014-10-15 17:38:00,2014-10-15 17:39:00,93.428,93.45,93.469,93.428,93.455,93.475,93.497,93.452,592
2014-10-15 17:39:00,2014-10-15 17:40:00,93.45,93.458,93.458,93.412,93.475,93.485,93.487,93.437,669
2014-10-15 17:40:00,2014-10-15 17:41:00,93.458,93.45,93.468,93.434,93.485,93.479,93.496,93.459,593
2014-10-15 17:41:00,2014-10-15 17:42:00,93.45,93.483,93.49,93.45,93.479,93.512,93.515,93.477,369
2014-10-15 17:42:00,2014-10-15 17:43:00,93.483,93.506,93.516,93.478,93.512,93.532,93.543,93.506,388
2014-10-15 17:43:00,2014-10-15 17:44:00,93.506,93.515,93.534,93.505,93.532,93.54,93.56,93.532,372
2014-10-15 17:44:00,2014-10-15 17:45:00,93.515,93.564,93.569,93.494,93.54,93.593,93.595,93.52,446
2014-10-15 17:45:00,2014-10-15 17:46:00,93.564,93.571,93.587,93.542,93.593,93.599,93.617,93.572,571
2014-10-15 17:46:00,2014-10-15 17:47:00,93.571,93.568,93.577,93.536,93.599,93.597,93.604,93.564,582
2014-10-15 17:47:00,2014-10-15 17:48:00,93.568,93.621,93.626,93.571,93.597,93.649,93.652,93.597,489
2014-10-15 17:48:00,2014-10-15 17:49:00,93.621,93.671,93.676,93.616,93.649,93.7,93.707,93.643,504
2014-10-15 17:49:00,2014-10-15 17:50:00,93.671,93.661,93.67,93.618,93.7,93.688,93.7,93.647,474
2014-10-15 17:50:00,2014-10-15 17:51:00,93.661,93.608,93.661,93.607,93.688,93.636,93.69,93.636,451
2014-10-15 17:51:00,2014-10-15 17:52:00,93.608,93.616,93.641,93.607,93.636,93.643,93.667,93.635,330
2014-10-15 17:52:00,2014-10-15 17:53:00,93.616,93.619,93.629,93.616,93.643,93.646,93.655,93.643,222
2014-10-15 17:53:00,2014-10-15 17:54:00,93.619,93.653,93.669,93.606,93.646,93.679,93.696,93.632,391
2014-10-15 17:54:00,2014-10-15 17:55:00,93.653,93.618,93.653,93.618,93.679,93.645,93.678,93.644,327
2014-10-15 17:55:00,2014-10-15 17:56:00,93.618,93.652,93.661,93.616,93.645,93.68,93.688,93.645,248
2014-10-15 17:56:00,2014-10-15 17:57:00,93.652,93.612,93.655,93.607,93.68,93.638,93.682,93.628,414
2014-10-15 17:57:00,2014-10-15 17:58:00,93.612,93.605,93.612,93.586,93.638,93.631,93.641,93.611,260
2014-10-15 17:58:00,2014-10-15 17:59:00,93.605,93.573,93.612,93.567,93.631,93.597,93.639,93.591,384
2014-10-15 17:59:00,2014-10-15 18:00:00,93.573,93.573,93.608,93.568,93.597,93.598,93.633,93.592,585
2014-10-15 18:00:00,2014-10-15 18:01:00,93.573,93.545,93.575,93.53,93.598,93.57,93.599,93.556,828
2014-10-15 18:01:00,2014-10-15 18:02:00,93.545,93.561,93.566,93.533,93.57,93.583,93.592,93.556,530
2014-10-15 18:02:00,2014-10-15 18:03:00,93.561,93.55,93.584,93.542,93.583,93.575,93.609,93.566,689
2014-10-15 18:03:00,2014-10-15 18:04:00,93.55,93.506,93.55,93.492,93.575,93.533,93.575,93.514,473
2014-10-15 18:04:00,2014-10-15 18:05:00,93.506,93.561,93.563,93.498,93.533,93.588,93.589,93.524,523
2014-10-15 18:05:00,2014-10-15 18:06:00,93.561,93.519,93.574,93.516,93.588,93.545,93.604,93.541,431
2014-10-15 18:06:00,2014-10-15 18:07:00,93.519,93.534,93.541,93.499,93.545,93.557,93.567,93.522,481
2014-10-15 18:07:00,2014-10-15 18:08:00,93.534,93.592,93.593,93.532,93.557,93.616,93.618,93.556,515
2014-10-15 18:08:00,2014-10-15 18:09:00,93.592,93.603,93.609,93.579,93.616,93.629,93.632,93.602,370
2014-10-15 18:09:00,2014-10-15 18:10:00,93.603,93.632,93.639,93.596,93.629,93.659,93.666,93.622,389
2014-10-15 18:10:00,2014-10-15 18:11:00,93.632,93.642,93.664,93.63,93.659,93.669,93.694,93.657,425
2014-10-15 18:11:00,2014-10-15 18:12:00,93.642,93.614,93.647,93.614,93.669,93.638,93.672,93.638,233
2014-10-15 18:12:00,2014-10-15 18:13:00,93.614,93.642,93.647,93.605,93.638,93.668,93.673,93.628,308
2014-10-15 18:13:00,2014-10-15 18:14:00,93.642,93.654,93.669,93.631,93.668,93.675,93.697,93.656,471
2014-10-15 18:14:00,2014-10-15 18:15:00,93.654,93.719,93.719,93.649,93.675,93.75,93.75,93.669,424
2014-10-15 18:15:00,2014-10-15 18:16:00,93.719,93.731,93.742,93.718,93.75,93.754,93.769,93.744,517
2014-10-15 18:16:00,2014-10-15 18:17:00,93.731,93.76,93.762,93.716,93.754,93.786,93.786,93.743,455
2014-10-15 18:17:00,2014-10-15 18:18:00,93.76,93.709,93.765,93.704,93.786,93.738,93.788,93.73,303
2014-10-15 18:18:00,2014-10-15 18:19:00,93.709,93.746,93.755,93.707,93.738,93.769,93.78,93.735,368
2014-10-15 18:19:00,2014-10-15 18:20:00,93.746,93.783,93.783,93.738,93.769,93.811,93.811,93.758,299
2014-10-15 18:20:00,2014-10-15 18:21:00,93.783,93.761,93.786,93.75,93.811,93.786,93.815,93.775,216
2014-10-15 18:21:00,2014-10-15 18:22:00,93.761,93.719,93.765,93.707,93.786,93.744,93.789,93.736,453
2014-10-15 18:22:00,2014-10-15 18:23:00,93.719,93.694,93.719,93.687,93.744,93.724,93.744,93.714,329
2014-10-15 18:23:00,2014-10-15 18:24:00,93.694,93.684,93.722,93.681,93.724,93.712,93.743,93.707,310
2014-10-15 18:24:00,2014-10-15 18:25:00,93.684,93.685,93.701,93.676,93.712,93.714,93.729,93.703,407
2014-10-15 18:25:00,2014-10-15 18:26:00,93.685,93.74,93.749,93.665,93.714,93.767,93.779,93.69,562
2014-10-15 18:26:00,2014-10-15 18:27:00,93.74,93.699,93.74,93.671,93.767,93.723,93.766,93.7,728
2014-10-15 18:27:00,2014-10-15 18:28:00,93.699,93.646,93.709,93.642,93.723,93.676,93.73,93.669,794
2014-10-15 18:28:00,2014-10-15 18:29:00,93.646,93.663,93.675,93.633,93.676,93.69,93.702,93.659,717
2014-10-15 18:29:00,2014-10-15 18:30:00,93.663,93.679,93.7,93.655,93.69,93.703,93.727,93.678,395
2014-10-15 18:30:00,2014-10-15 18:31:00,93.679,93.728,93.728,93.675,93.703,93.753,93.757,93.698,916
2014-10-15 18:31:00,2014-10-15 18:32:00,93.728,93.752,93.755,93.715,93.753,93.779,93.78,93.74,466
2014-10-15 18:32:00,2014-10-15 18:33:00,93.752,93.79,93.79,93.74,93.779,93.815,93.819,93.766,486
2014-10-15 18:33:00,2014-10-15 18:34:00,93.79,93.801,93.803,93.747,93.815,93.824,93.824,93.775,403
2014-10-15 18:34:00,2014-10-15 18:35:00,93.801,93.889,93.893,93.794,93.824,93.913,93.915,93.819,427
2014-10-15 18:35:00,2014-10-15 18:36:00,93.889,93.876,93.893,93.847,93.913,93.901,93.918,93.875,408
2014-10-15 18:36:00,2014-10-15 18:37:00,93.876,93.854,93.883,93.841,93.901,93.88,93.908,93.869,378
2014-10-15 18:37:00,2014-10-15 18:38:00,93.854,93.83,93.858,93.811,93.88,93.859,93.883,93.836,271
2014-10-15 18:38:00,2014-10-15 18:39:00,93.83,93.842,93.862,93.829,93.859,93.869,93.891,93.859,240
2014-10-15 18:39:00,2014-10-15 18:40:00,93.842,93.876,93.912,93.834,93.869,93.905,93.946,93.856,565
2014-10-15 18:40:00,2014-10-15 18:41:00,93.876,93.858,93.902,93.841,93.905,93.887,93.929,93.869,723
2014-10-15 18:41:00,2014-10-15 18:42:00,93.858,93.861,93.884,93.85,93.887,93.89,93.911,93.877,290
2014-10-15 18:42:00,2014-10-15 18:43:00,93.861,93.874,93.894,93.851,93.89,93.901,93.924,93.877,503
2014-10-15 18:43:00,2014-10-15 18:44:00,93.874,93.852,93.875,93.842,93.901,93.88,93.901,93.869,394
2014-10-15 18:44:00,2014-10-15 18:45:00,93.852,93.883,93.906,93.853,93.88,93.91,93.933,93.88,378
2014-10-15 18:45:00,2014-10-15 18:46:00,93.883,93.839,93.885,93.834,93.91,93.864,93.911,93.86,361
2014-10-15 18:46:00,2014-10-15 18:47:00,93.839,93.803,93.845,93.801,93.864,93.828,93.869,93.828,320
2014-10-15 18:47:00,2014-10-15 18:48:00,93.803,93.845,93.847,93.802,93.828,93.872,93.872,93.827,284
2014-10-15 18:48:00,2014-10-15 18:49:00,93.845,93.871,93.878,93.836,93.872,93.898,93.901,93.86,286
2014-10-15 18:49:00,2014-10-15 18:50:00,93.871,93.882,93.893,93.848,93.898,93.91,93.917,93.876,400
2014-10-15 18:50:00,2014-10-15 18:51:00,93.882,93.904,93.906,93.859,93.91,93.932,93.935,93.883,475
2014-10-15 18:51:00,2014-10-15 18:52:00,93.904,93.896,93.909,93.889,93.932,93.916,93.938,93.911,256
2014-10-15 18:52:00,2014-10-15 18:53:00,93.896,93.884,93.898,93.852,93.916,93.91,93.92,93.877,370
2014-10-15 18:53:00,2014-10-15 18:54:00,93.884,93.901,93.904,93.875,93.91,93.929,93.93,93.898,394
2014-10-15 18:54:00,2014-10-15 18:55:00,93.901,93.868,93.908,93.855,93.929,93.895,93.937,93.881,409
2014-10-15 18:55:00,2014-10-15 18:56:00,93.868,93.899,93.899,93.868,93.895,93.923,93.923,93.894,267
2014-10-15 18:56:00,2014-10-15 18:57:00,93.899,93.932,93.932,93.885,93.923,93.959,93.96,93.912,371
2014-10-15 18:57:00,2014-10-15 18:58:00,93.932,93.938,93.945,93.888,93.959,93.965,93.972,93.913,635
2014-10-15 18:58:00,2014-10-15 18:59:00,93.938,93.905,93.967,93.902,93.965,93.929,93.993,93.927,761
2014-10-15 18:59:00,2014-10-15 19:00:00,93.905,93.91,93.911,93.865,93.929,93.938,93.938,93.893,345
2014-10-15 19:00:00,2014-10-15 19:01:00,93.91,93.941,93.95,93.911,93.938,93.968,93.977,93.938,271
2014-10-15 19:01:00,2014-10-15 19:02:00,93.941,93.98,93.992,93.935,93.968,94.009,94.019,93.963,375
2014-10-15 19:02:00,2014-10-15 19:03:00,93.98,94.021,94.035,93.972,94.009,94.05,94.061,93.996,371
2014-10-15 19:03:00,2014-10-15 19:04:00,94.021,94.021,94.046,94.018,94.05,94.047,94.072,94.044,258
2014-10-15 19:04:00,2014-10-15 19:05:00,94.021,94.062,94.069,94.012,94.047,94.093,94.098,94.039,462
2014-10-15 19:05:00,2014-10-15 19:06:00,94.062,94.069,94.083,94.052,94.093,94.095,94.111,94.078,476
2014-10-15 19:06:00,2014-10-15 19:07:00,94.069,94.063,94.079,94.009,94.095,94.093,94.104,94.038,643
2014-10-15 19:07:00,2014-10-15 19:08:00,94.063,94.009,94.068,93.993,94.093,94.036,94.1,94.022,577
2014-10-15 19:08:00,2014-10-15 19:09:00,94.009,94.031,94.033,93.996,94.036,94.059,94.059,94.021,292
2014-10-15 19:09:00,2014-10-15 19:10:00,94.031,94.099,94.109,94.01,94.059,94.127,94.138,94.035,265
2014-10-15 19:10:00,2014-10-15 19:11:00,94.099,94.172,94.184,94.098,94.127,94.2,94.21,94.127,564
2014-10-15 19:11:00,2014-10-15 19:12:00,94.172,94.148,94.173,94.138,94.2,94.177,94.201,94.167,295
2014-10-15 19:12:00,2014-10-15 19:13:00,94.148,94.169,94.17,94.135,94.177,94.195,94.195,94.162,243
2014-10-15 19:13:00,2014-10-15 19:14:00,94.169,94.127,94.167,94.116,94.195,94.154,94.195,94.145,280
2014-10-15 19:14:00,2014-10-15 19:15:00,94.127,94.062,94.127,94.056,94.154,94.091,94.153,94.085,386
2014-10-15 19:15:00,2014-10-15 19:16:00,94.062,94.05,94.067,94.044,94.091,94.078,94.096,94.073,227
2014-10-15 19:16:00,2014-10-15 19:17:00,94.05,94.014,94.05,94.01,94.078,94.042,94.076,94.038,210
2014-10-15 19:17:00,2014-10-15 19:18:00,94.014,93.984,94.019,93.976,94.042,94.012,94.046,94.004,270
2014-10-15 19:18:00,2014-10-15 19:19:00,93.984,94.02,94.026,93.98,94.012,94.049,94.055,94.009,234
2014-10-15 19:19:00,2014-10-15 19:20:00,94.02,94.041,94.07,94.004,94.049,94.071,94.098,94.033,381
2014-10-15 19:20:00,2014-10-15 19:21:00,94.041,94.001,94.047,93.987,94.071,94.029,94.08,94.016,268
2014-10-15 19:21:00,2014-10-15 19:22:00,94.001,93.974,94.007,93.969,94.029,94.002,94.036,93.993,176
2014-10-15 19:22:00,2014-10-15 19:23:00,93.974,93.973,93.984,93.961,94.002,94.002,94.007,93.988,245
2014-10-15 19:23:00,2014-10-15 19:24:00,93.973,93.961,93.976,93.949,94.002,93.986,94.002,93.975,352
2014-10-15 19:24:00,2014-10-15 19:25:00,93.961,94.015,94.03,93.959,93.986,94.042,94.059,93.981,372
2014-10-15 19:25:00,2014-10-15 19:26:00,94.015,94.065,94.067,94.001,94.042,94.094,94.094,94.029,292
2014-10-15 19:26:00,2014-10-15 19:27:00,94.065,94.121,94.136,94.067,94.094,94.152,94.165,94.094,374
2014-10-15 19:27:00,2014-10-15 19:28:00,94.121,94.079,94.127,94.076,94.152,94.108,94.158,94.104,563
2014-10-15 19:28:00,2014-10-15 19:29:00,94.079,94.12,94.127,94.071,94.108,94.152,94.157,94.098,276
2014-10-15 19:29:00,2014-10-15 19:30:00,94.12,94.094,94.137,94.088,94.152,94.121,94.168,94.115,468
2014-10-15 19:30:00,2014-10-15 19:31:00,94.094,94.093,94.114,94.069,94.121,94.12,94.14,94.098,345
2014-10-15 19:31:00,2014-10-15 19:32:00,94.093,94.106,94.119,94.076,94.12,94.131,94.144,94.103,280
2014-10-15 19:32:00,2014-10-15 19:33:00,94.106,94.08,94.104,94.069,94.131,94.102,94.131,94.095,449
2014-10-15 19:33:00,2014-10-15 19:34:00,94.08,94.088,94.108,94.058,94.102,94.117,94.134,94.085,708
2014-10-15 19:34:00,2014-10-15 19:35:00,94.088,94.098,94.117,94.068,94.117,94.127,94.143,94.097,276
2014-10-15 19:35:00,2014-10-15 19:36:00,94.098,94.097,94.142,94.076,94.127,94.125,94.171,94.103,564
2014-10-15 19:36:00,2014-10-15 19:37:00,94.097,94.146,94.155,94.098,94.125,94.178,94.186,94.125,355
2014-10-15 19:37:00,2014-10-15 19:38:00,94.146,94.211,94.238,94.139,94.178,94.243,94.269,94.171,560
2014-10-15 19:38:00,2014-10-15 19:39:00,94.211,94.223,94.233,94.19,94.243,94.25,94.263,94.223,609
2014-10-15 19:39:00,2014-10-15 19:40:00,94.223,94.213,94.254,94.206,94.25,94.242,94.287,94.233,341
2014-10-15 19:40:00,2014-10-15 19:41:00,94.213,94.187,94.224,94.186,94.242,94.214,94.253,94.213,294
2014-10-15 19:41:00,2014-10-15 19:42:00,94.187,94.223,94.223,94.174,94.214,94.25,94.251,94.202,452
2014-10-15 19:42:00,2014-10-15 19:43:00,94.223,94.205,94.233,94.184,94.25,94.231,94.259,94.208,498
2014-10-15 19:43:00,2014-10-15 19:44:00,94.205,94.172,94.228,94.172,94.231,94.195,94.256,94.195,560
2014-10-15 19:44:00,2014-10-15 19:45:00,94.172,94.18,94.203,94.166,94.195,94.208,94.227,94.188,613
2014-10-15 19:45:00,2014-10-15 19:46:00,94.18,94.22,94.224,94.176,94.208,94.25,94.25,94.204,474
2014-10-15 19:46:00,2014-10-15 19:47:00,94.22,94.193,94.246,94.19,94.25,94.221,94.276,94.216,417
2014-10-15 19:47:00,2014-10-15 19:48:00,94.193,94.206,94.208,94.18,94.221,94.234,94.237,94.209,211
2014-10-15 19:48:00,2014-10-15 19:49:00,94.206,94.188,94.226,94.178,94.234,94.217,94.252,94.207,243
2014-10-15 19:49:00,2014-10-15 19:50:00,94.188,94.195,94.205,94.174,94.217,94.218,94.232,94.2,146
2014-10-15 19:50:00,2014-10-15 19:51:00,94.195,94.167,94.199,94.164,94.218,94.193,94.222,94.193,171
2014-10-15 19:51:00,2014-10-15 19:52:00,94.167,94.166,94.167,94.156,94.193,94.191,94.193,94.181,192
2014-10-15 19:52:00,2014-10-15 19:53:00,94.166,94.174,94.18,94.158,94.191,94.199,94.206,94.183,223
2014-10-15 19:53:00,2014-10-15 19:54:00,94.174,94.185,94.206,94.172,94.199,94.21,94.234,94.196,225
2014-10-15 19:54:00,2014-10-15 19:55:00,94.185,94.195,94.197,94.167,94.21,94.22,94.222,94.192,92
2014-10-15 19:55:00,2014-10-15 19:56:00,94.195,94.201,94.214,94.194,94.22,94.226,94.241,94.22,97
2014-10-15 19:56:00,2014-10-15 19:57:00,94.201,94.208,94.21,94.183,94.226,94.235,94.235,94.209,231
2014-10-15 19:57:00,2014-10-15 19:58:00,94.208,94.218,94.222,94.198,94.235,94.247,94.247,94.226,132
2014-10-15 19:58:00,2014-10-15 19:59:00,94.218,94.221,94.251,94.215,94.247,94.25,94.272,94.239,215
2014-10-15 19:59:00,2014-10-15 20:00:00,94.221,94.206,94.225,94.18,94.25,94.232,94.25,94.206,261
2014-10-15 20:00:00,2014-10-15 20:01:00,94.206,94.182,94.209,94.18,94.232,94.209,94.235,94.209,92
2014-10-15 20:01:00,2014-10-15 20:02:00,94.182,94.161,94.181,94.15,94.209,94.185,94.209,94.179,135
2014-10-15 20:02:00,2014-10-15 20:03:00,94.161,94.157,94.163,94.153,94.185,94.184,94.189,94.175,97
2014-10-15 20:03:00,2014-10-15 20:04:00,94.157,94.128,94.16,94.119,94.184,94.151,94.185,94.147,141
2014-10-15 20:04:00,2014-10-15 20:05:00,94.128,94.141,94.144,94.127,94.151,94.168,94.172,94.151,96
2014-10-15 20:05:00,2014-10-15 20:06:00,94.141,94.122,94.144,94.119,94.168,94.15,94.171,94.147,89
2014-10-15 20:06:00,2014-10-15 20:07:00,94.122,94.117,94.129,94.112,94.15,94.144,94.157,94.14,86
2014-10-15 20:07:00,2014-10-15 20:08:00,94.117,94.117,94.119,94.095,94.144,94.144,94.147,94.124,86
2014-10-15 20:08:00,2014-10-15 20:09:00,94.117,94.136,94.145,94.117,94.144,94.164,94.172,94.145,132
2014-10-15 20:09:00,2014-10-15 20:10:00,94.136,94.126,94.142,94.124,94.164,94.153,94.168,94.153,93
2014-10-15 20:10:00,2014-10-15 20:11:00,94.126,94.126,94.129,94.12,94.153,94.152,94.154,94.147,59
2014-10-15 20:11:00,2014-10-15 20:12:00,94.126,94.143,94.146,94.119,94.152,94.168,94.172,94.144,105
2014-10-15 20:12:00,2014-10-15 20:13:00,94.143,94.137,94.147,94.125,94.168,94.165,94.175,94.15,100
2014-10-15 20:13:00,2014-10-15 20:14:00,94.137,94.109,94.137,94.109,94.165,94.136,94.163,94.136,75
2014-10-15 20:14:00,2014-10-15 20:15:00,94.109,94.091,94.11,94.089,94.136,94.116,94.139,94.116,52
2014-10-15 20:15:00,2014-10-15 20:16:00,94.091,94.065,94.102,94.062,94.116,94.093,94.127,94.088,171
2014-10-15 20:16:00,2014-10-15 20:17:00,94.065,94.065,94.089,94.052,94.093,94.092,94.107,94.081,121
2014-10-15 20:17:00,2014-10-15 20:18:00,94.065,94.058,94.072,94.048,94.092,94.087,94.1,94.075,126
2014-10-15 20:18:00,2014-10-15 20:19:00,94.058,94.063,94.075,94.047,94.087,94.092,94.104,94.072,131
2014-10-15 20:19:00,2014-10-15 20:20:00,94.063,94.045,94.062,94.021,94.092,94.074,94.092,94.047,190
2014-10-15 20:20:00,2014-10-15 20:21:00,94.045,94.106,94.114,94.042,94.074,94.136,94.145,94.071,239
2014-10-15 20:21:00,2014-10-15 20:22:00,94.106,94.15,94.152,94.104,94.136,94.182,94.183,94.136,175
2014-10-15 20:22:00,2014-10-15 20:23:00,94.15,94.175,94.177,94.145,94.182,94.2,94.206,94.174,126
2014-10-15 20:23:00,2014-10-15 20:24:00,94.175,94.174,94.185,94.161,94.2,94.203,94.213,94.188,124
2014-10-15 20:24:00,2014-10-15 20:25:00,94.174,94.212,94.216,94.177,94.203,94.239,94.245,94.203,122
2014-10-15 20:25:00,2014-10-15 20:26:00,94.212,94.182,94.22,94.179,94.239,94.21,94.251,94.208,226
2014-10-15 20:26:00,2014-10-15 20:27:00,94.182,94.182,94.183,94.17,94.21,94.211,94.211,94.199,70
2014-10-15 20:27:00,2014-10-15 20:28:00,94.182,94.203,94.206,94.179,94.211,94.233,94.237,94.207,223
2014-10-15 20:28:00,2014-10-15 20:29:00,94.203,94.228,94.236,94.183,94.233,94.253,94.261,94.214,205
2014-10-15 20:29:00,2014-10-15 20:30:00,94.228,94.236,94.236,94.184,94.253,94.265,94.265,94.216,300
2014-10-15 20:30:00,2014-10-15 20:31:00,94.236,94.258,94.27,94.231,94.265,94.29,94.301,94.262,267
2014-10-15 20:31:00,2014-10-15 20:32:00,94.258,94.222,94.291,94.221,94.29,94.255,94.323,94.254,253
2014-10-15 20:32:00,2014-10-15 20:33:00,94.222,94.231,94.245,94.214,94.255,94.262,94.276,94.246,167
2014-10-15 20:33:00,2014-10-15 20:34:00,94.231,94.22,94.232,94.22,94.262,94.252,94.265,94.252,109
2014-10-15 20:34:00,2014-10-15 20:35:00,94.22,94.201,94.22,94.19,94.252,94.229,94.25,94.221,90
2014-10-15 20:35:00,2014-10-15 20:36:00,94.201,94.187,94.204,94.187,94.229,94.22,94.233,94.214,66
2014-10-15 20:36:00,2014-10-15 20:37:00,94.187,94.187,94.189,94.179,94.22,94.218,94.218,94.207,91
2014-10-15 20:37:00,2014-10-15 20:38:00,94.187,94.128,94.193,94.126,94.218,94.162,94.226,94.153,146
2014-10-15 20:38:00,2014-10-15 20:39:00,94.128,94.155,94.155,94.082,94.162,94.186,94.186,94.119,268
2014-10-15 20:39:00,2014-10-15 20:40:00,94.155,94.136,94.175,94.135,94.186,94.171,94.205,94.169,133
2014-10-15 20:40:00,2014-10-15 20:41:00,94.136,94.156,94.181,94.131,94.171,94.194,94.215,94.166,153
2014-10-15 20:41:00,2014-10-15 20:42:00,94.156,94.123,94.157,94.122,94.194,94.164,94.194,94.156,108
2014-10-15 20:42:00,2014-10-15 20:43:00,94.123,94.135,94.151,94.119,94.164,94.17,94.178,94.152,93
2014-10-15 20:43:00,2014-10-15 20:44:00,94.135,94.126,94.146,94.085,94.17,94.158,94.179,94.115,265
2014-10-15 20:44:00,2014-10-15 20:45:00,94.126,94.091,94.13,94.091,94.158,94.128,94.16,94.128,197
2014-10-15 20:45:00,2014-10-15 20:46:00,94.091,94.093,94.1,94.09,94.128,94.127,94.134,94.124,30
2014-10-15 20:46:00,2014-10-15 20:47:00,94.093,94.079,94.091,94.072,94.127,94.116,94.127,94.098,84
2014-10-15 20:47:00,2014-10-15 20:48:00,94.079,94.078,94.084,94.075,94.116,94.112,94.117,94.109,61
2014-10-15 20:48:00,2014-10-15 20:49:00,94.078,94.09,94.096,94.076,94.112,94.125,94.131,94.113,93
2014-10-15 20:49:00,2014-10-15 20:50:00,94.09,94.118,94.122,94.088,94.125,94.152,94.153,94.124,125
2014-10-15 20:50:00,2014-10-15 20:51:00,94.118,94.16,94.183,94.118,94.152,94.195,94.196,94.152,147
2014-10-15 20:51:00,2014-10-15 20:52:00,94.16,94.13,94.16,94.111,94.195,94.169,94.197,94.155,198
2014-10-15 20:52:00,2014-10-15 20:53:00,94.13,94.128,94.141,94.122,94.169,94.162,94.18,94.155,72
2014-10-15 20:53:00,2014-10-15 20:54:00,94.128,94.127,94.135,94.118,94.162,94.156,94.167,94.142,79
2014-10-15 20:54:00,2014-10-15 20:55:00,94.127,94.115,94.137,94.111,94.156,94.151,94.169,94.132,290
2014-10-15 20:55:00,2014-10-15 20:56:00,94.115,94.121,94.125,94.115,94.151,94.147,94.157,94.143,57
2014-10-15 20:56:00,2014-10-15 20:57:00,94.121,94.114,94.124,94.107,94.147,94.15,94.158,94.143,75
2014-10-15 20:57:00,2014-10-15 20:58:00,94.114,94.113,94.116,94.107,94.15,94.146,94.155,94.144,79
2014-10-15 20:58:00,2014-10-15 20:59:00,94.113,94.084,94.114,94.065,94.146,94.153,94.172,94.139,177
2014-10-15 20:59:00,2014-10-15 21:00:00,94.084,94.106,94.107,94.077,94.153,94.16,94.172,94.146,51
2014-10-15 21:00:00,2014-10-15 21:01:00,94.106,94.123,94.127,94.113,94.16,94.159,94.16,94.149,26
2014-10-15 21:01:00,2014-10-15 21:02:00,94.123,94.116,94.123,94.115,94.159,94.153,94.161,94.153,19
2014-10-15 21:02:00,2014-10-15 21:03:00,94.116,94.118,94.155,94.114,94.153,94.16,94.192,94.159,57
2014-10-15 21:03:00,2014-10-15 21:04:00,94.118,94.12,94.12,94.117,94.16,94.161,94.162,94.157,28
2014-10-15 21:04:00,2014-10-15 21:05:00,94.12,94.117,94.12,94.116,94.161,94.162,94.162,94.159,12
2014-10-15 21:05:00,2014-10-15 21:06:00,94.117,94.112,94.118,94.112,94.162,94.153,94.162,94.153,14
2014-10-15 21:06:00,2014-10-15 21:07:00,94.112,94.142,94.146,94.112,94.153,94.186,94.19,94.152,76
2014-10-15 21:07:00,2014-10-15 21:08:00,94.142,94.185,94.186,94.142,94.186,94.229,94.229,94.183,57
2014-10-15 21:08:00,2014-10-15 21:09:00,94.185,94.199,94.207,94.188,94.229,94.246,94.251,94.229,27
2014-10-15 21:09:00,2014-10-15 21:10:00,94.199,94.186,94.203,94.151,94.246,94.233,94.246,94.196,67
2014-10-15 21:10:00,2014-10-15 21:11:00,94.186,94.177,94.213,94.165,94.233,94.225,94.257,94.205,56
2014-10-15 21:11:00,2014-10-15 21:12:00,94.177,94.185,94.21,94.175,94.225,94.232,94.252,94.222,37
2014-10-15 21:12:00,2014-10-15 21:13:00,94.185,94.167,94.214,94.162,94.232,94.214,94.261,94.209,110
2014-10-15 21:13:00,2014-10-15 21:14:00,94.167,94.187,94.194,94.164,94.214,94.223,94.232,94.211,41
2014-10-15 21:14:00,2014-10-15 21:15:00,94.187,94.196,94.201,94.184,94.223,94.237,94.244,94.223,29
2014-10-15 21:15:00,2014-10-15 21:16:00,94.196,94.205,94.205,94.192,94.237,94.228,94.235,94.228,23
2014-10-15 21:16:00,2014-10-15 21:17:00,94.205,94.191,94.205,94.189,94.228,94.237,94.238,94.234,14
2014-10-15 21:17:00,2014-10-15 21:18:00,94.191,94.193,94.194,94.189,94.237,94.23,94.237,94.225,15
2014-10-15 21:18:00,2014-10-15 21:19:00,94.193,94.192,94.203,94.192,94.23,94.234,94.236,94.23,20
2014-10-15 21:19:00,2014-10-15 21:20:00,94.192,94.169,94.192,94.163,94.234,94.206,94.233,94.202,32
2014-10-15 21:20:00,2014-10-15 21:21:00,94.169,94.191,94.191,94.169,94.206,94.22,94.225,94.208,16
2014-10-15 21:21:00,2014-10-15 21:22:00,94.191,94.197,94.203,94.185,94.22,94.23,94.238,94.22,27
2014-10-15 21:22:00,2014-10-15 21:23:00,94.197,94.211,94.216,94.197,94.23,94.233,94.242,94.227,19
2014-10-15 21:23:00,2014-10-15 21:24:00,94.211,94.22,94.222,94.205,94.233,94.248,94.248,94.233,8
2014-10-15 21:24:00,2014-10-15 21:25:00,94.22,94.176,94.21,94.175,94.248,94.214,94.248,94.207,71
2014-10-15 21:25:00,2014-10-15 21:26:00,94.176,94.182,94.185,94.177,94.214,94.22,94.22,94.214,8
2014-10-15 21:26:00,2014-10-15 21:27:00,94.182,94.19,94.191,94.186,94.22,94.223,94.225,94.218,26
2014-10-15 21:27:00,2014-10-15 21:28:00,94.19,94.186,94.196,94.186,94.223,94.221,94.224,94.221,12
2014-10-15 21:28:00,2014-10-15 21:29:00,94.186,94.182,94.191,94.164,94.221,94.22,94.229,94.192,33
2014-10-15 21:29:00,2014-10-15 21:30:00,94.182,94.194,94.195,94.179,94.22,94.231,94.231,94.216,25
2014-10-15 21:30:00,2014-10-15 21:31:00,94.194,94.17,94.208,94.17,94.231,94.206,94.237,94.206,36
2014-10-15 21:31:00,2014-10-15 21:32:00,94.17,94.157,94.175,94.151,94.206,94.191,94.206,94.188,27
2014-10-15 21:32:00,2014-10-15 21:33:00,94.157,94.158,94.165,94.144,94.191,94.191,94.194,94.178,55
2014-10-15 21:33:00,2014-10-15 21:34:00,94.158,94.108,94.159,94.088,94.191,94.141,94.191,94.126,107
2014-10-15 21:34:00,2014-10-15 21:35:00,94.108,94.112,94.112,94.107,94.141,94.141,94.143,94.14,10
2014-10-15 21:35:00,2014-10-15 21:36:00,94.112,94.115,94.115,94.112,94.141,94.142,94.146,94.142,4
2014-10-15 21:36:00,2014-10-15 21:37:00,94.115,94.112,94.116,94.106,94.142,94.142,94.145,94.139,17
2014-10-15 21:37:00,2014-10-15 21:38:00,94.112,94.11,94.111,94.11,94.142,94.142,94.142,94.142,2
2014-10-15 21:38:00,2014-10-15 21:39:00,94.11,94.111,94.115,94.111,94.142,94.139,94.142,94.139,6
2014-10-15 21:39:00,2014-10-15 21:40:00,94.111,94.093,94.108,94.083,94.139,94.12,94.139,94.111,76
2014-10-15 21:40:00,2014-10-15 21:41:00,94.093,94.099,94.105,94.096,94.12,94.132,94.138,94.12,19
2014-10-15 21:41:00,2014-10-15 21:42:00,94.099,94.1,94.1,94.099,94.132,94.133,94.133,94.129,4
2014-10-15 21:42:00,2014-10-15 21:43:00,94.1,94.091,94.106,94.09,94.133,94.125,94.14,94.123,30
2014-10-15 21:43:00,2014-10-15 21:44:00,94.091,94.11,94.113,94.094,94.125,94.142,94.142,94.125,30
2014-10-15 21:44:00,2014-10-15 21:45:00,94.11,94.101,94.11,94.101,94.142,94.134,94.143,94.133,17
2014-10-15 21:45:00,2014-10-15 21:46:00,94.101,94.113,94.129,94.101,94.134,94.147,94.162,94.135,48
2014-10-15 21:46:00,2014-10-15 21:47:00,94.113,94.125,94.138,94.118,94.147,94.157,94.17,94.147,36
2014-10-15 21:47:00,2014-10-15 21:48:00,94.125,94.15,94.163,94.121,94.157,94.183,94.194,94.154,65
2014-10-15 21:48:00,2014-10-15 21:49:00,94.15,94.173,94.173,94.123,94.183,94.207,94.207,94.157,70
2014-10-15 21:49:00,2014-10-15 21:50:00,94.173,94.15,94.173,94.15,94.207,94.183,94.206,94.181,40
2014-10-15 21:50:00,2014-10-15 21:51:00,94.15,94.15,94.152,94.14,94.183,94.182,94.183,94.173,35
2014-10-15 21:51:00,2014-10-15 21:52:00,94.15,94.17,94.179,94.135,94.182,94.208,94.217,94.166,110
2014-10-15 21:52:00,2014-10-15 21:53:00,94.17,94.134,94.174,94.126,94.208,94.172,94.211,94.159,101
2014-10-15 21:53:00,2014-10-15 21:54:00,94.134,94.157,94.163,94.138,94.172,94.195,94.201,94.176,39
2014-10-15 21:54:00,2014-10-15 21:55:00,94.157,94.151,94.163,94.134,94.195,94.189,94.197,94.172,49
2014-10-15 21:55:00,2014-10-15 21:56:00,94.151,94.141,94.166,94.122,94.189,94.174,94.202,94.16,90
2014-10-15 21:56:00,2014-10-15 21:57:00,94.141,94.143,94.149,94.113,94.174,94.179,94.181,94.149,82
2014-10-15 21:57:00,2014-10-15 21:58:00,94.143,94.143,94.146,94.143,94.179,94.174,94.18,94.168,35
2014-10-15 21:58:00,2014-10-15 21:59:00,94.143,94.111,94.143,94.108,94.174,94.149,94.178,94.145,66
2014-10-15 21:59:00,2014-10-15 22:00:00,94.111,94.064,94.116,94.063,94.149,94.098,94.155,94.098,132
2014-10-15 22:00:00,2014-10-15 22:01:00,94.064,94.104,94.104,94.064,94.098,94.132,94.132,94.098,93
2014-10-15 22:01:00,2014-10-15 22:02:00,94.104,94.097,94.108,94.094,94.132,94.13,94.139,94.126,60
2014-10-15 22:02:00,2014-10-15 22:03:00,94.097,94.038,94.101,94.03,94.13,94.07,94.134,94.059,130
2014-10-15 22:03:00,2014-10-15 22:04:00,94.038,94.039,94.057,94.037,94.07,94.073,94.087,94.07,109
2014-10-15 22:04:00,2014-10-15 22:05:00,94.039,94.019,94.039,94.019,94.073,94.054,94.073,94.054,49
2014-10-15 22:05:00,2014-10-15 22:06:00,94.019,93.998,94.022,93.981,94.054,94.034,94.058,94.014,89
2014-10-15 22:06:00,2014-10-15 22:07:00,93.998,93.988,93.999,93.972,94.034,94.023,94.034,94.007,51
2014-10-15 22:07:00,2014-10-15 22:08:00,93.988,93.987,93.988,93.982,94.023,94.022,94.022,94.017,21
2014-10-15 22:08:00,2014-10-15 22:09:00,93.987,94.008,94.046,93.983,94.022,94.044,94.08,94.018,143
2014-10-15 22:09:00,2014-10-15 22:10:00,94.008,93.983,94.009,93.978,94.044,94.019,94.044,94.013,64
2014-10-15 22:10:00,2014-10-15 22:11:00,93.983,93.944,93.987,93.94,94.019,93.982,94.022,93.981,58
2014-10-15 22:11:00,2014-10-15 22:12:00,93.944,93.953,93.956,93.939,93.982,93.992,93.997,93.98,53
2014-10-15 22:12:00,2014-10-15 22:13:00,93.953,93.937,93.958,93.937,93.992,93.975,93.996,93.975,73
2014-10-15 22:13:00,2014-10-15 22:14:00,93.937,93.954,93.954,93.928,93.975,93.99,93.99,93.963,57
2014-10-15 22:14:00,2014-10-15 22:15:00,93.954,93.939,93.956,93.906,93.99,93.975,93.995,93.946,93
2014-10-15 22:15:00,2014-10-15 22:16:00,93.939,93.944,93.95,93.926,93.975,93.98,93.991,93.965,76
2014-10-15 22:16:00,2014-10-15 22:17:00,93.944,93.934,93.954,93.932,93.98,93.975,93.992,93.973,67
2014-10-15 22:17:00,2014-10-15 22:18:00,93.934,93.943,93.957,93.935,93.975,93.981,93.995,93.975,38
2014-10-15 22:18:00,2014-10-15 22:19:00,93.943,93.946,93.951,93.944,93.981,93.982,93.987,93.981,41
2014-10-15 22:19:00,2014-10-15 22:20:00,93.946,93.949,93.951,93.943,93.982,93.984,93.989,93.982,38
2014-10-15 22:20:00,2014-10-15 22:21:00,93.949,93.932,93.949,93.926,93.984,93.965,93.984,93.962,78
2014-10-15 22:21:00,2014-10-15 22:22:00,93.932,93.934,93.958,93.934,93.965,93.969,93.993,93.965,68
2014-10-15 22:22:00,2014-10-15 22:23:00,93.934,93.943,93.943,93.926,93.969,93.978,93.978,93.961,31
2014-10-15 22:23:00,2014-10-15 22:24:00,93.943,93.946,93.961,93.944,93.978,93.982,93.996,93.973,37
2014-10-15 22:24:00,2014-10-15 22:25:00,93.946,93.936,93.959,93.936,93.982,93.972,93.994,93.972,46
2014-10-15 22:25:00,2014-10-15 22:26:00,93.936,93.944,93.946,93.929,93.972,93.979,93.979,93.965,38
2014-10-15 22:26:00,2014-10-15 22:27:00,93.944,93.955,93.955,93.946,93.979,93.99,93.99,93.979,9
2014-10-15 22:27:00,2014-10-15 22:28:00,93.955,93.949,93.971,93.949,93.99,93.985,94.006,93.985,38
2014-10-15 22:28:00,2014-10-15 22:29:00,93.949,93.958,93.958,93.95,93.985,93.99,93.993,93.985,30
2014-10-15 22:29:00,2014-10-15 22:30:00,93.958,93.949,93.959,93.949,93.99,93.979,93.99,93.979,9
2014-10-15 22:30:00,2014-10-15 22:31:00,93.949,93.954,93.954,93.949,93.979,93.985,93.985,93.979,16
2014-10-15 22:31:00,2014-10-15 22:32:00,93.954,93.958,93.958,93.955,93.985,93.989,93.989,93.98,15
2014-10-15 22:32:00,2014-10-15 22:33:00,93.958,93.947,93.958,93.936,93.989,93.977,93.989,93.966,32
2014-10-15 22:33:00,2014-10-15 22:34:00,93.947,93.949,93.951,93.945,93.977,93.98,93.981,93.975,19
2014-10-15 22:34:00,2014-10-15 22:35:00,93.949,93.973,93.973,93.954,93.98,94.004,94.004,93.98,20
2014-10-15 22:35:00,2014-10-15 22:36:00,93.973,93.978,93.985,93.978,94.004,94.008,94.016,94.004,12
2014-10-15 22:36:00,2014-10-15 22:37:00,93.978,94.004,94.004,93.972,94.008,94.035,94.035,94.002,21
2014-10-15 22:37:00,2014-10-15 22:38:00,94.004,94.02,94.02,93.99,94.035,94.051,94.051,94.02,54
2014-10-15 22:38:00,2014-10-15 22:39:00,94.02,94.019,94.02,94.012,94.051,94.049,94.049,94.043,27
2014-10-15 22:39:00,2014-10-15 22:40:00,94.019,94.027,94.029,94.017,94.049,94.064,94.065,94.049,43
2014-10-15 22:40:00,2014-10-15 22:41:00,94.027,94.046,94.046,94.03,94.064,94.076,94.076,94.064,36
2014-10-15 22:41:00,2014-10-15 22:42:00,94.046,94.038,94.046,94.038,94.076,94.068,94.075,94.068,12
2014-10-15 22:42:00,2014-10-15 22:43:00,94.038,94.05,94.067,94.042,94.068,94.081,94.097,94.068,68
2014-10-15 22:43:00,2014-10-15 22:44:00,94.05,94.065,94.069,94.047,94.081,94.102,94.102,94.081,60
2014-10-15 22:44:00,2014-10-15 22:45:00,94.065,94.054,94.066,94.049,94.102,94.087,94.102,94.083,49
2014-10-15 22:45:00,2014-10-15 22:46:00,94.054,94.073,94.075,94.052,94.087,94.102,94.105,94.084,72
2014-10-15 22:46:00,2014-10-15 22:47:00,94.073,94.078,94.078,94.06,94.102,94.109,94.109,94.09,50
2014-10-15 22:47:00,2014-10-15 22:48:00,94.078,94.082,94.082,94.072,94.109,94.112,94.112,94.103,14
2014-10-15 22:48:00,2014-10-15 22:49:00,94.082,94.084,94.11,94.084,94.112,94.112,94.144,94.112,81
2014-10-15 22:49:00,2014-10-15 22:50:00,94.084,94.038,94.08,94.037,94.112,94.073,94.114,94.073,70
2014-10-15 22:50:00,2014-10-15 22:51:00,94.038,94.076,94.076,94.037,94.073,94.113,94.113,94.072,75
2014-10-15 22:51:00,2014-10-15 22:52:00,94.076,94.067,94.079,94.067,94.113,94.101,94.116,94.101,21
2014-10-15 22:52:00,2014-10-15 22:53:00,94.067,94.067,94.071,94.066,94.101,94.105,94.105,94.101,34
2014-10-15 22:53:00,2014-10-15 22:54:00,94.067,94.069,94.077,94.062,94.105,94.101,94.112,94.097,83
2014-10-15 22:54:00,2014-10-15 22:55:00,94.069,94.047,94.069,94.046,94.101,94.083,94.103,94.079,59
2014-10-15 22:55:00,2014-10-15 22:56:00,94.047,94.037,94.049,94.022,94.083,94.067,94.083,94.06,91
2014-10-15 22:56:00,2014-10-15 22:57:00,94.037,94.034,94.042,94.028,94.067,94.064,94.071,94.059,26
2014-10-15 22:57:00,2014-10-15 22:58:00,94.034,94.047,94.048,94.037,94.064,94.077,94.077,94.064,30
2014-10-15 22:58:00,2014-10-15 22:59:00,94.047,94.062,94.071,94.048,94.077,94.092,94.102,94.077,49
2014-10-15 22:59:00,2014-10-15 23:00:00,94.062,94.03,94.062,94.03,94.092,94.06,94.089,94.06,40
2014-10-15 23:00:00,2014-10-15 23:01:00,94.03,94.08,94.08,94.031,94.06,94.113,94.114,94.06,89
2014-10-15 23:01:00,2014-10-15 23:02:00,94.08,94.078,94.08,94.073,94.113,94.112,94.114,94.107,38
2014-10-15 23:02:00,2014-10-15 23:03:00,94.078,94.08,94.083,94.074,94.112,94.11,94.115,94.108,40
2014-10-15 23:03:00,2014-10-15 23:04:00,94.08,94.07,94.08,94.07,94.11,94.1,94.107,94.1,14
2014-10-15 23:04:00,2014-10-15 23:05:00,94.07,94.048,94.07,94.048,94.1,94.079,94.099,94.077,22
2014-10-15 23:05:00,2014-10-15 23:06:00,94.048,94.076,94.079,94.053,94.079,94.106,94.11,94.079,27
2014-10-15 23:06:00,2014-10-15 23:07:00,94.076,94.078,94.084,94.071,94.106,94.109,94.114,94.101,26
2014-10-15 23:07:00,2014-10-15 23:08:00,94.078,94.109,94.113,94.079,94.109,94.14,94.14,94.109,34
2014-10-15 23:08:00,2014-10-15 23:09:00,94.109,94.095,94.109,94.095,94.14,94.126,94.139,94.124,13
2014-10-15 23:09:00,2014-10-15 23:10:00,94.095,94.085,94.098,94.084,94.126,94.115,94.126,94.115,51
2014-10-15 23:10:00,2014-10-15 23:11:00,94.085,94.093,94.093,94.085,94.115,94.123,94.123,94.115,25
2014-10-15 23:11:00,2014-10-15 23:12:00,94.093,94.075,94.093,94.075,94.123,94.105,94.123,94.105,17
2014-10-15 23:12:00,2014-10-15 23:13:00,94.075,94.032,94.078,94.032,94.105,94.061,94.108,94.06,82
2014-10-15 23:13:00,2014-10-15 23:14:00,94.032,94.038,94.043,94.032,94.061,94.068,94.073,94.062,22
2014-10-15 23:14:00,2014-10-15 23:15:00,94.038,94.052,94.063,94.038,94.068,94.079,94.091,94.068,57
2014-10-15 23:15:00,2014-10-15 23:16:00,94.052,94.042,94.062,94.035,94.079,94.074,94.091,94.064,77
2014-10-15 23:16:00,2014-10-15 23:17:00,94.042,94.037,94.048,94.026,94.074,94.072,94.081,94.058,92
2014-10-15 23:17:00,2014-10-15 23:18:00,94.037,94.047,94.061,94.036,94.072,94.08,94.085,94.065,106
2014-10-15 23:18:00,2014-10-15 23:19:00,94.047,94.039,94.05,94.039,94.08,94.069,94.078,94.069,17
2014-10-15 23:19:00,2014-10-15 23:20:00,94.039,94.037,94.057,94.035,94.069,94.066,94.084,94.06,51
2014-10-15 23:20:00,2014-10-15 23:21:00,94.037,94.033,94.038,94.033,94.066,94.064,94.066,94.064,11
2014-10-15 23:21:00,2014-10-15 23:22:00,94.033,94.037,94.041,94.032,94.064,94.065,94.068,94.064,9
2014-10-15 23:22:00,2014-10-15 23:23:00,94.037,94.023,94.036,94.023,94.065,94.053,94.067,94.053,19
2014-10-15 23:23:00,2014-10-15 23:24:00,94.023,94.011,94.023,94.008,94.053,94.041,94.052,94.038,45
2014-10-15 23:24:00,2014-10-15 23:25:00,94.011,94.0,94.011,93.999,94.041,94.031,94.039,94.023,20
2014-10-15 23:25:00,2014-10-15 23:26:00,94.0,93.974,94.0,93.974,94.031,94.008,94.028,94.006,73
2014-10-15 23:26:00,2014-10-15 23:27:00,93.974,93.988,93.988,93.974,94.008,94.018,94.018,94.007,47
2014-10-15 23:27:00,2014-10-15 23:28:00,93.988,93.985,93.99,93.985,94.018,94.015,94.021,94.015,19
2014-10-15 23:28:00,2014-10-15 23:29:00,93.985,94.012,94.012,93.984,94.015,94.046,94.046,94.015,61
2014-10-15 23:29:00,2014-10-15 23:30:00,94.012,93.99,94.012,93.989,94.046,94.022,94.045,94.022,72
2014-10-15 23:30:00,2014-10-15 23:31:00,93.99,93.994,94.002,93.99,94.022,94.024,94.032,94.022,35
2014-10-15 23:31:00,2014-10-15 23:32:00,93.994,93.99,93.997,93.99,94.024,94.017,94.025,94.014,51
2014-10-15 23:32:00,2014-10-15 23:33:00,93.99,93.991,94.006,93.985,94.017,94.02,94.036,94.014,125
2014-10-15 23:33:00,2014-10-15 23:34:00,93.991,94.014,94.017,93.993,94.02,94.048,94.05,94.02,99
2014-10-15 23:34:00,2014-10-15 23:35:00,94.014,94.036,94.037,94.002,94.048,94.072,94.072,94.031,128
2014-10-15 23:35:00,2014-10-15 23:36:00,94.036,94.045,94.049,94.033,94.072,94.079,94.083,94.069,86
2014-10-15 23:36:00,2014-10-15 23:37:00,94.045,94.032,94.044,94.016,94.079,94.065,94.079,94.049,143
2014-10-15 23:37:00,2014-10-15 23:38:00,94.032,94.041,94.041,94.025,94.065,94.069,94.069,94.055,36
2014-10-15 23:38:00,2014-10-15 23:39:00,94.041,94.045,94.049,94.036,94.069,94.073,94.079,94.066,93
2014-10-15 23:39:00,2014-10-15 23:40:00,94.045,94.033,94.044,94.031,94.073,94.064,94.073,94.061,56
2014-10-15 23:40:00,2014-10-15 23:41:00,94.033,94.022,94.036,94.019,94.064,94.049,94.066,94.044,90
2014-10-15 23:41:00,2014-10-15 23:42:00,94.022,94.049,94.049,94.023,94.049,94.078,94.078,94.049,71
2014-10-15 23:42:00,2014-10-15 23:43:00,94.049,94.053,94.063,94.049,94.078,94.087,94.093,94.079,73
2014-10-15 23:43:00,2014-10-15 23:44:00,94.053,94.082,94.082,94.053,94.087,94.112,94.115,94.086,95
2014-10-15 23:44:00,2014-10-15 23:45:00,94.082,94.059,94.081,94.053,94.112,94.091,94.114,94.086,85
2014-10-15 23:45:00,2014-10-15 23:46:00,94.059,94.07,94.074,94.059,94.091,94.099,94.104,94.093,35
2014-10-15 23:46:00,2014-10-15 23:47:00,94.07,94.076,94.088,94.069,94.099,94.105,94.117,94.098,124
2014-10-15 23:47:00,2014-10-15 23:48:00,94.076,94.068,94.082,94.068,94.105,94.097,94.11,94.097,33
2014-10-15 23:48:00,2014-10-15 23:49:00,94.068,94.067,94.075,94.066,94.097,94.094,94.103,94.094,43
2014-10-15 23:49:00,2014-10-15 23:50:00,94.067,94.062,94.066,94.062,94.094,94.092,94.094,94.09,25
2014-10-15 23:50:00,2014-10-15 23:51:00,94.062,94.087,94.095,94.062,94.092,94.117,94.126,94.093,94
2014-10-15 23:51:00,2014-10-15 23:52:00,94.087,94.106,94.108,94.085,94.117,94.137,94.137,94.113,63
2014-10-15 23:52:00,2014-10-15 23:53:00,94.106,94.099,94.106,94.098,94.137,94.128,94.137,94.127,41
2014-10-15 23:53:00,2014-10-15 23:54:00,94.099,94.078,94.099,94.078,94.128,94.109,94.128,94.109,23
2014-10-15 23:54:00,2014-10-15 23:55:00,94.078,94.069,94.088,94.066,94.109,94.104,94.117,94.097,93
2014-10-15 23:55:00,2014-10-15 23:56:00,94.069,94.073,94.075,94.068,94.104,94.104,94.105,94.098,20
2014-10-15 23:56:00,2014-10-15 23:57:00,94.073,94.072,94.073,94.065,94.104,94.102,94.103,94.096,30
2014-10-15 23:57:00,2014-10-15 23:58:00,94.072,94.072,94.076,94.072,94.102,94.102,94.105,94.102,11
2014-10-15 23:58:00,2014-10-15 23:59:00,94.072,94.073,94.086,94.065,94.102,94.102,94.114,94.092,104
2014-10-15 23:59:00,2014-10-16 00:00:00,94.073,94.018,94.077,94.018,94.102,94.053,94.106,94.053,213
