open time,close time,open bid,close bid,high bid,low bid,open ask,close ask,high ask,low ask,volume
2015-11-01 19:29:00,2015-11-01 19:30:00,132.692,132.791,132.798,132.791,132.834,132.888,132.921,132.888,5
2015-11-01 19:30:00,2015-11-01 19:31:00,132.791,132.768,132.818,132.758,132.888,132.843,132.915,132.833,19
2015-11-01 19:31:00,2015-11-01 19:32:00,132.768,132.769,132.785,132.769,132.843,132.844,132.856,132.84,9
2015-11-01 19:32:00,2015-11-01 19:33:00,132.769,132.772,132.794,132.769,132.844,132.851,132.864,132.84,13
2015-11-01 19:33:00,2015-11-01 19:34:00,132.772,132.828,132.828,132.773,132.851,132.875,132.898,132.851,42
2015-11-01 19:34:00,2015-11-01 19:35:00,132.828,132.828,132.828,132.768,132.875,132.898,132.898,132.865,21
2015-11-01 19:35:00,2015-11-01 19:36:00,132.828,132.829,132.829,132.829,132.898,132.898,132.898,132.898,1
2015-11-01 19:36:00,2015-11-01 19:37:00,132.829,132.825,132.83,132.825,132.898,132.875,132.875,132.875,4
2015-11-01 19:37:00,2015-11-01 19:38:00,132.825,132.826,132.826,132.767,132.875,132.895,132.895,132.864,14
2015-11-01 19:38:00,2015-11-01 19:39:00,132.826,132.841,132.841,132.796,132.895,132.885,132.895,132.877,11
2015-11-01 19:39:00,2015-11-01 19:40:00,132.841,132.803,132.841,132.784,132.885,132.885,132.885,132.881,13
2015-11-01 19:40:00,2015-11-01 19:41:00,132.803,132.802,132.802,132.802,132.885,132.885,132.885,132.885,1
2015-11-01 19:41:00,2015-11-01 19:43:00,132.802,132.786,132.805,132.786,132.885,132.875,132.885,132.875,5
2015-11-01 19:43:00,2015-11-01 19:44:00,132.786,132.785,132.786,132.764,132.875,132.875,132.875,132.851,11
2015-11-01 19:44:00,2015-11-01 19:45:00,132.785,132.776,132.785,132.776,132.875,132.873,132.873,132.873,2
2015-11-01 19:45:00,2015-11-01 19:46:00,132.776,132.778,132.778,132.778,132.873,132.875,132.875,132.873,2
2015-11-01 19:46:00,2015-11-01 19:48:00,132.778,132.778,132.79,132.778,132.875,132.875,132.929,132.875,5
2015-11-01 19:48:00,2015-11-01 19:49:00,132.778,132.778,132.79,132.778,132.875,132.875,132.878,132.875,4
2015-11-01 19:49:00,2015-11-01 19:50:00,132.778,132.838,132.838,132.772,132.875,132.935,132.935,132.869,24
2015-11-01 19:50:00,2015-11-01 19:51:00,132.838,132.819,132.838,132.795,132.935,132.928,132.935,132.928,24
2015-11-01 19:51:00,2015-11-01 19:52:00,132.819,132.851,132.851,132.82,132.928,132.948,132.948,132.927,13
2015-11-01 19:52:00,2015-11-01 19:53:00,132.851,132.848,132.857,132.847,132.948,132.945,132.954,132.944,14
2015-11-01 19:53:00,2015-11-01 19:54:00,132.848,132.871,132.871,132.849,132.945,132.968,132.968,132.945,10
2015-11-01 19:54:00,2015-11-01 19:55:00,132.871,132.876,132.876,132.87,132.968,132.973,132.973,132.967,6
2015-11-01 19:55:00,2015-11-01 19:56:00,132.876,132.881,132.887,132.876,132.973,132.989,132.989,132.973,7
2015-11-01 19:56:00,2015-11-01 19:57:00,132.881,132.882,132.882,132.882,132.989,132.99,132.99,132.989,2
2015-11-01 19:57:00,2015-11-01 19:58:00,132.882,132.883,132.883,132.883,132.99,132.991,132.991,132.991,1
2015-11-01 19:58:00,2015-11-01 19:59:00,132.883,132.873,132.883,132.873,132.991,132.981,132.991,132.981,6
2015-11-01 19:59:00,2015-11-01 20:00:00,132.873,132.883,132.888,132.872,132.981,132.98,132.991,132.98,23
2015-11-01 20:00:00,2015-11-01 20:01:00,132.883,132.878,132.889,132.878,132.98,132.946,132.976,132.946,6
2015-11-01 20:01:00,2015-11-01 20:02:00,132.878,132.889,132.889,132.873,132.946,132.944,132.944,132.924,8
2015-11-01 20:02:00,2015-11-01 20:04:00,132.889,132.878,132.889,132.878,132.944,132.943,132.972,132.943,5
2015-11-01 20:04:00,2015-11-01 20:05:00,132.878,132.882,132.888,132.872,132.943,132.95,132.95,132.908,20
2015-11-01 20:05:00,2015-11-01 20:06:00,132.882,132.882,132.882,132.862,132.95,132.903,132.949,132.903,10
2015-11-01 20:06:00,2015-11-01 20:07:00,132.882,132.872,132.882,132.872,132.903,132.969,132.969,132.903,5
2015-11-01 20:07:00,2015-11-01 20:08:00,132.872,132.872,132.88,132.862,132.969,132.957,132.977,132.956,26
2015-11-01 20:08:00,2015-11-01 20:09:00,132.872,132.884,132.886,132.884,132.957,132.943,132.945,132.942,4
2015-11-01 20:09:00,2015-11-01 20:10:00,132.884,132.86,132.863,132.859,132.943,132.948,132.948,132.948,10
2015-11-01 20:10:00,2015-11-01 20:11:00,132.86,132.881,132.881,132.849,132.948,132.978,132.978,132.94,29
2015-11-01 20:11:00,2015-11-01 20:12:00,132.881,132.871,132.882,132.871,132.978,132.968,132.979,132.968,10
2015-11-01 20:12:00,2015-11-01 20:13:00,132.871,132.853,132.872,132.853,132.968,132.95,132.969,132.95,13
2015-11-01 20:13:00,2015-11-01 20:14:00,132.853,132.874,132.874,132.864,132.95,132.971,132.971,132.95,8
2015-11-01 20:14:00,2015-11-01 20:15:00,132.874,132.874,132.875,132.864,132.971,132.971,132.972,132.961,8
2015-11-01 20:15:00,2015-11-01 20:16:00,132.874,132.875,132.875,132.864,132.971,132.972,132.972,132.961,8
2015-11-01 20:16:00,2015-11-01 20:17:00,132.875,132.865,132.875,132.865,132.972,132.962,132.972,132.962,6
2015-11-01 20:17:00,2015-11-01 20:20:00,132.865,132.866,132.875,132.865,132.962,132.963,132.972,132.962,10
2015-11-01 20:20:00,2015-11-01 20:21:00,132.866,132.854,132.866,132.854,132.963,132.951,132.962,132.951,6
2015-11-01 20:21:00,2015-11-01 20:22:00,132.854,132.853,132.88,132.853,132.951,132.95,132.958,132.935,4
2015-11-01 20:22:00,2015-11-01 20:23:00,132.853,132.853,132.853,132.842,132.95,132.95,132.95,132.939,8
2015-11-01 20:23:00,2015-11-01 20:24:00,132.853,132.842,132.853,132.842,132.95,132.939,132.95,132.939,18
2015-11-01 20:24:00,2015-11-01 20:25:00,132.842,132.863,132.863,132.852,132.939,132.96,132.96,132.939,12
2015-11-01 20:25:00,2015-11-01 20:26:00,132.863,132.855,132.863,132.855,132.96,132.952,132.958,132.952,3
2015-11-01 20:26:00,2015-11-01 20:27:00,132.855,132.855,132.858,132.855,132.952,132.952,132.955,132.952,4
2015-11-01 20:27:00,2015-11-01 20:28:00,132.855,132.857,132.857,132.851,132.952,132.954,132.954,132.948,7
2015-11-01 20:28:00,2015-11-01 20:29:00,132.857,132.857,132.857,132.854,132.954,132.954,132.954,132.951,6
2015-11-01 20:29:00,2015-11-01 20:31:00,132.857,132.879,132.888,132.856,132.954,132.968,132.981,132.953,53
2015-11-01 20:31:00,2015-11-01 20:32:00,132.879,132.879,132.886,132.879,132.968,132.967,132.967,132.959,4
2015-11-01 20:32:00,2015-11-01 20:33:00,132.879,132.878,132.884,132.866,132.967,132.975,132.981,132.963,19
2015-11-01 20:33:00,2015-11-01 20:34:00,132.878,132.881,132.881,132.88,132.975,132.978,132.978,132.975,4
2015-11-01 20:34:00,2015-11-01 20:37:00,132.881,132.879,132.881,132.879,132.978,132.976,132.976,132.976,2
2015-11-01 20:37:00,2015-11-01 20:38:00,132.879,132.88,132.88,132.88,132.976,132.977,132.977,132.976,2
2015-11-01 20:38:00,2015-11-01 20:39:00,132.88,132.869,132.88,132.869,132.977,132.966,132.972,132.966,13
2015-11-01 20:39:00,2015-11-01 20:40:00,132.869,132.871,132.871,132.871,132.966,132.968,132.968,132.966,2
2015-11-01 20:40:00,2015-11-01 20:41:00,132.871,132.87,132.871,132.87,132.968,132.967,132.967,132.967,2
2015-11-01 20:41:00,2015-11-01 20:42:00,132.87,132.867,132.87,132.867,132.967,132.964,132.965,132.964,4
2015-11-01 20:42:00,2015-11-01 20:43:00,132.867,132.868,132.868,132.868,132.964,132.965,132.965,132.964,2
2015-11-01 20:43:00,2015-11-01 20:47:00,132.868,132.886,132.897,132.844,132.965,132.974,132.985,132.965,19
2015-11-01 20:47:00,2015-11-01 20:48:00,132.886,132.842,132.92,132.842,132.974,132.939,133.001,132.933,226
2015-11-01 20:48:00,2015-11-01 20:49:00,132.842,132.875,132.888,132.831,132.939,132.972,132.985,132.92,69
2015-11-01 20:49:00,2015-11-01 20:50:00,132.875,132.855,132.89,132.837,132.972,132.952,132.987,132.934,63
2015-11-01 20:50:00,2015-11-01 20:51:00,132.855,132.826,132.855,132.79,132.952,132.923,132.941,132.887,50
2015-11-01 20:51:00,2015-11-01 20:52:00,132.826,132.83,132.831,132.819,132.923,132.927,132.928,132.916,8
2015-11-01 20:52:00,2015-11-01 20:53:00,132.83,132.822,132.834,132.822,132.927,132.919,132.931,132.919,8
2015-11-01 20:53:00,2015-11-01 20:54:00,132.822,132.826,132.854,132.826,132.919,132.923,132.966,132.919,24
2015-11-01 20:54:00,2015-11-01 20:55:00,132.826,132.823,132.83,132.822,132.923,132.966,132.966,132.919,9
2015-11-01 20:55:00,2015-11-01 20:56:00,132.823,132.854,132.855,132.789,132.966,132.985,132.986,132.882,67
2015-11-01 20:56:00,2015-11-01 20:57:00,132.854,132.824,132.855,132.824,132.985,132.921,132.979,132.921,24
2015-11-01 20:57:00,2015-11-01 20:58:00,132.824,132.801,132.835,132.801,132.921,132.944,132.954,132.921,27
2015-11-01 20:58:00,2015-11-01 20:59:00,132.801,132.797,132.839,132.765,132.944,132.931,132.956,132.908,80
2015-11-01 20:59:00,2015-11-01 21:00:00,132.797,132.813,132.842,132.758,132.931,132.941,132.947,132.901,72
2015-11-01 21:00:00,2015-11-01 21:01:00,132.813,132.838,132.863,132.806,132.941,132.948,132.956,132.934,22
2015-11-01 21:01:00,2015-11-01 21:02:00,132.838,132.833,132.838,132.814,132.948,132.944,132.954,132.938,19
2015-11-01 21:02:00,2015-11-01 21:03:00,132.833,132.841,132.888,132.814,132.944,132.964,132.964,132.924,20
2015-11-01 21:03:00,2015-11-01 21:04:00,132.841,132.794,132.841,132.769,132.964,132.937,132.956,132.908,64
2015-11-01 21:04:00,2015-11-01 21:05:00,132.794,132.844,132.844,132.805,132.937,132.93,132.943,132.928,16
2015-11-01 21:05:00,2015-11-01 21:06:00,132.844,132.824,132.847,132.805,132.93,132.921,132.957,132.92,33
2015-11-01 21:06:00,2015-11-01 21:07:00,132.824,132.841,132.877,132.828,132.921,132.938,132.964,132.921,170
2015-11-01 21:07:00,2015-11-01 21:08:00,132.841,132.84,132.846,132.835,132.938,132.937,132.943,132.932,16
2015-11-01 21:08:00,2015-11-01 21:09:00,132.84,132.845,132.845,132.842,132.937,132.942,132.942,132.937,4
2015-11-01 21:09:00,2015-11-01 21:10:00,132.845,132.899,132.899,132.837,132.942,132.934,132.952,132.934,14
2015-11-01 21:10:00,2015-11-01 21:11:00,132.899,132.899,132.899,132.899,132.934,132.933,132.934,132.928,6
2015-11-01 21:11:00,2015-11-01 21:12:00,132.899,132.878,132.902,132.878,132.933,132.922,132.944,132.922,31
2015-11-01 21:12:00,2015-11-01 21:13:00,132.878,132.817,132.899,132.801,132.922,132.898,132.933,132.898,54
2015-11-01 21:13:00,2015-11-01 21:14:00,132.817,132.838,132.847,132.812,132.898,132.935,132.935,132.898,45
2015-11-01 21:14:00,2015-11-01 21:15:00,132.838,132.836,132.838,132.836,132.935,132.933,132.933,132.933,2
2015-11-01 21:15:00,2015-11-01 21:16:00,132.836,132.85,132.85,132.835,132.933,132.921,132.932,132.921,4
2015-11-01 21:16:00,2015-11-01 21:17:00,132.85,132.85,132.85,132.85,132.921,132.92,132.92,132.92,1
2015-11-01 21:17:00,2015-11-01 21:18:00,132.85,132.85,132.85,132.85,132.92,132.92,132.921,132.92,2
2015-11-01 21:18:00,2015-11-01 21:19:00,132.85,132.839,132.876,132.832,132.92,132.917,132.931,132.902,19
2015-11-01 21:19:00,2015-11-01 21:20:00,132.839,132.839,132.841,132.839,132.917,132.919,132.919,132.911,8
2015-11-01 21:20:00,2015-11-01 21:21:00,132.839,132.839,132.855,132.839,132.919,132.915,132.915,132.904,23
2015-11-01 21:21:00,2015-11-01 21:22:00,132.839,132.839,132.839,132.819,132.915,132.916,132.932,132.916,9
2015-11-01 21:22:00,2015-11-01 21:23:00,132.839,132.835,132.836,132.819,132.916,132.932,132.933,132.916,7
2015-11-01 21:23:00,2015-11-01 21:24:00,132.835,132.842,132.854,132.828,132.932,132.924,132.98,132.924,22
2015-11-01 21:24:00,2015-11-01 21:25:00,132.842,132.842,132.844,132.842,132.924,132.922,132.929,132.922,10
2015-11-01 21:25:00,2015-11-01 21:26:00,132.842,132.82,132.842,132.82,132.922,132.897,132.923,132.889,23
2015-11-01 21:26:00,2015-11-01 21:27:00,132.82,132.82,132.866,132.82,132.897,132.897,132.901,132.887,18
2015-11-01 21:27:00,2015-11-01 21:28:00,132.82,132.814,132.824,132.802,132.897,132.899,132.907,132.857,61
2015-11-01 21:28:00,2015-11-01 21:29:00,132.814,132.816,132.824,132.816,132.899,132.887,132.911,132.887,22
2015-11-01 21:29:00,2015-11-01 21:30:00,132.816,132.828,132.828,132.818,132.887,132.902,132.916,132.887,8
2015-11-01 21:30:00,2015-11-01 21:31:00,132.828,132.818,132.823,132.816,132.902,132.896,132.902,132.887,7
2015-11-01 21:31:00,2015-11-01 21:32:00,132.818,132.812,132.828,132.812,132.896,132.867,132.899,132.867,15
2015-11-01 21:32:00,2015-11-01 21:33:00,132.812,132.817,132.817,132.788,132.867,132.887,132.896,132.861,26
2015-11-01 21:33:00,2015-11-01 21:34:00,132.817,132.836,132.836,132.812,132.887,132.905,132.905,132.867,39
2015-11-01 21:34:00,2015-11-01 21:35:00,132.836,132.831,132.84,132.811,132.905,132.897,132.916,132.893,36
2015-11-01 21:35:00,2015-11-01 21:36:00,132.831,132.878,132.879,132.84,132.897,132.93,132.93,132.891,40
2015-11-01 21:36:00,2015-11-01 21:37:00,132.878,132.829,132.878,132.829,132.93,132.888,132.936,132.885,25
2015-11-01 21:37:00,2015-11-01 21:38:00,132.829,132.833,132.842,132.823,132.888,132.885,132.89,132.882,14
2015-11-01 21:38:00,2015-11-01 21:39:00,132.833,132.811,132.842,132.811,132.885,132.874,132.882,132.874,5
2015-11-01 21:39:00,2015-11-01 21:40:00,132.811,132.814,132.833,132.794,132.874,132.884,132.894,132.872,18
2015-11-01 21:40:00,2015-11-01 21:41:00,132.814,132.814,132.814,132.811,132.884,132.884,132.884,132.874,4
2015-11-01 21:41:00,2015-11-01 21:43:00,132.814,132.824,132.824,132.809,132.884,132.887,132.887,132.877,10
2015-11-01 21:43:00,2015-11-01 21:45:00,132.824,132.772,132.833,132.772,132.887,132.832,132.878,132.832,12
2015-11-01 21:45:00,2015-11-01 21:46:00,132.772,132.766,132.785,132.764,132.832,132.826,132.858,132.817,16
2015-11-01 21:46:00,2015-11-01 21:47:00,132.766,132.778,132.785,132.775,132.826,132.838,132.855,132.826,12
2015-11-01 21:47:00,2015-11-01 21:48:00,132.778,132.778,132.785,132.759,132.838,132.838,132.856,132.829,41
2015-11-01 21:48:00,2015-11-01 21:49:00,132.778,132.754,132.778,132.753,132.838,132.814,132.845,132.814,29
2015-11-01 21:49:00,2015-11-01 21:50:00,132.754,132.766,132.766,132.766,132.814,132.832,132.832,132.814,2
2015-11-01 21:50:00,2015-11-01 21:51:00,132.766,132.766,132.766,132.766,132.832,132.859,132.859,132.823,6
2015-11-01 21:51:00,2015-11-01 21:52:00,132.766,132.767,132.767,132.765,132.859,132.868,132.872,132.86,21
2015-11-01 21:52:00,2015-11-01 21:53:00,132.767,132.766,132.767,132.766,132.868,132.864,132.868,132.864,4
2015-11-01 21:53:00,2015-11-01 21:54:00,132.766,132.776,132.778,132.775,132.864,132.87,132.874,132.864,8
2015-11-01 21:54:00,2015-11-01 21:55:00,132.776,132.767,132.776,132.767,132.87,132.831,132.831,132.831,4
2015-11-01 21:55:00,2015-11-01 21:56:00,132.767,132.768,132.768,132.754,132.831,132.836,132.836,132.784,10
2015-11-01 21:56:00,2015-11-01 21:57:00,132.768,132.798,132.821,132.756,132.836,132.869,132.898,132.833,29
2015-11-01 21:57:00,2015-11-01 21:58:00,132.798,132.794,132.803,132.793,132.869,132.886,132.894,132.869,9
2015-11-01 21:58:00,2015-11-01 21:59:00,132.794,132.819,132.819,132.788,132.886,132.865,132.905,132.858,9
2015-11-01 21:59:00,2015-11-01 22:00:00,132.819,132.897,132.904,132.777,132.865,132.958,132.998,132.905,64
2015-11-01 22:00:00,2015-11-01 22:01:00,132.897,132.836,132.907,132.828,132.958,132.902,132.963,132.876,187
2015-11-01 22:01:00,2015-11-01 22:02:00,132.836,132.832,132.867,132.803,132.902,132.869,132.939,132.866,284
2015-11-01 22:02:00,2015-11-01 22:03:00,132.832,132.855,132.858,132.817,132.869,132.869,132.889,132.851,231
2015-11-01 22:03:00,2015-11-01 22:04:00,132.855,132.86,132.861,132.838,132.869,132.877,132.895,132.862,66
2015-11-01 22:04:00,2015-11-01 22:05:00,132.86,132.865,132.88,132.834,132.877,132.922,132.937,132.857,231
2015-11-01 22:05:00,2015-11-01 22:06:00,132.865,132.873,132.889,132.864,132.922,132.91,132.918,132.903,154
2015-11-01 22:06:00,2015-11-01 22:07:00,132.873,132.929,132.929,132.857,132.91,132.97,132.974,132.887,420
2015-11-01 22:07:00,2015-11-01 22:08:00,132.929,132.919,132.937,132.882,132.97,132.96,132.982,132.929,529
2015-11-01 22:08:00,2015-11-01 22:09:00,132.919,132.941,132.952,132.918,132.96,132.986,132.995,132.953,439
2015-11-01 22:09:00,2015-11-01 22:10:00,132.941,132.924,132.946,132.903,132.986,132.961,132.991,132.947,215
2015-11-01 22:10:00,2015-11-01 22:11:00,132.924,132.951,132.965,132.921,132.961,132.989,132.999,132.961,220
2015-11-01 22:11:00,2015-11-01 22:12:00,132.951,132.934,132.949,132.934,132.989,132.98,132.991,132.97,85
2015-11-01 22:12:00,2015-11-01 22:13:00,132.934,132.933,132.935,132.928,132.98,132.964,132.983,132.955,134
2015-11-01 22:13:00,2015-11-01 22:14:00,132.933,132.926,132.933,132.923,132.964,132.96,132.975,132.96,169
2015-11-01 22:14:00,2015-11-01 22:15:00,132.926,132.938,132.938,132.922,132.96,132.967,132.967,132.952,145
2015-11-01 22:15:00,2015-11-01 22:16:00,132.938,132.939,132.941,132.926,132.967,132.992,132.995,132.955,197
2015-11-01 22:16:00,2015-11-01 22:17:00,132.939,132.934,132.947,132.922,132.992,132.988,132.995,132.956,184
2015-11-01 22:17:00,2015-11-01 22:18:00,132.934,132.898,132.936,132.895,132.988,132.948,132.991,132.945,169
2015-11-01 22:18:00,2015-11-01 22:19:00,132.898,132.908,132.908,132.862,132.948,132.963,132.963,132.92,376
2015-11-01 22:19:00,2015-11-01 22:20:00,132.908,132.909,132.917,132.905,132.963,132.964,132.967,132.96,81
2015-11-01 22:20:00,2015-11-01 22:21:00,132.909,132.89,132.913,132.888,132.964,132.944,132.968,132.941,121
2015-11-01 22:21:00,2015-11-01 22:22:00,132.89,132.892,132.896,132.888,132.944,132.945,132.945,132.938,27
2015-11-01 22:22:00,2015-11-01 22:23:00,132.892,132.892,132.894,132.89,132.945,132.945,132.945,132.943,19
2015-11-01 22:23:00,2015-11-01 22:24:00,132.892,132.892,132.895,132.889,132.945,132.939,132.945,132.937,69
2015-11-01 22:24:00,2015-11-01 22:25:00,132.892,132.892,132.902,132.888,132.939,132.941,132.948,132.938,65
2015-11-01 22:25:00,2015-11-01 22:26:00,132.892,132.878,132.902,132.878,132.941,132.92,132.941,132.898,138
2015-11-01 22:26:00,2015-11-01 22:27:00,132.878,132.885,132.897,132.877,132.92,132.925,132.925,132.913,50
2015-11-01 22:27:00,2015-11-01 22:28:00,132.885,132.885,132.897,132.877,132.925,132.923,132.926,132.915,53
2015-11-01 22:28:00,2015-11-01 22:29:00,132.885,132.885,132.897,132.877,132.923,132.916,132.922,132.911,20
2015-11-01 22:29:00,2015-11-01 22:30:00,132.885,132.892,132.898,132.865,132.916,132.91,132.946,132.91,89
2015-11-01 22:30:00,2015-11-01 22:31:00,132.892,132.864,132.892,132.864,132.91,132.912,132.921,132.909,104
2015-11-01 22:31:00,2015-11-01 22:32:00,132.864,132.854,132.865,132.847,132.912,132.906,132.911,132.898,171
2015-11-01 22:32:00,2015-11-01 22:33:00,132.854,132.854,132.86,132.852,132.906,132.905,132.912,132.897,345
2015-11-01 22:33:00,2015-11-01 22:34:00,132.854,132.863,132.869,132.852,132.905,132.915,132.92,132.897,184
2015-11-01 22:34:00,2015-11-01 22:35:00,132.863,132.894,132.897,132.863,132.915,132.943,132.948,132.912,334
2015-11-01 22:35:00,2015-11-01 22:36:00,132.894,132.929,132.931,132.893,132.943,132.974,132.98,132.942,823
2015-11-01 22:36:00,2015-11-01 22:37:00,132.929,132.933,132.937,132.922,132.974,132.98,132.983,132.97,708
2015-11-01 22:37:00,2015-11-01 22:38:00,132.933,132.925,132.943,132.921,132.98,132.969,132.989,132.965,512
2015-11-01 22:38:00,2015-11-01 22:39:00,132.925,132.932,132.938,132.924,132.969,132.976,132.983,132.965,398
2015-11-01 22:39:00,2015-11-01 22:40:00,132.932,132.92,132.934,132.919,132.976,132.968,132.98,132.967,129
2015-11-01 22:40:00,2015-11-01 22:41:00,132.92,132.917,132.923,132.913,132.968,132.967,132.969,132.965,145
2015-11-01 22:41:00,2015-11-01 22:42:00,132.917,132.912,132.92,132.911,132.967,132.961,132.968,132.958,51
2015-11-01 22:42:00,2015-11-01 22:43:00,132.912,132.911,132.918,132.905,132.961,132.96,132.961,132.947,47
2015-11-01 22:43:00,2015-11-01 22:44:00,132.911,132.885,132.924,132.882,132.96,132.932,132.963,132.932,121
2015-11-01 22:44:00,2015-11-01 22:45:00,132.885,132.914,132.919,132.883,132.932,132.96,132.966,132.93,391
2015-11-01 22:45:00,2015-11-01 22:46:00,132.914,132.924,132.924,132.914,132.96,132.968,132.972,132.96,49
2015-11-01 22:46:00,2015-11-01 22:47:00,132.924,132.92,132.926,132.919,132.968,132.969,132.972,132.967,71
2015-11-01 22:47:00,2015-11-01 22:48:00,132.92,132.93,132.93,132.92,132.969,132.974,132.975,132.965,61
2015-11-01 22:48:00,2015-11-01 22:49:00,132.93,132.943,132.943,132.922,132.974,132.987,132.988,132.968,81
2015-11-01 22:49:00,2015-11-01 22:50:00,132.943,132.941,132.948,132.941,132.987,132.993,132.996,132.989,32
2015-11-01 22:50:00,2015-11-01 22:51:00,132.941,132.923,132.948,132.92,132.993,132.967,132.993,132.962,129
2015-11-01 22:51:00,2015-11-01 22:52:00,132.923,132.938,132.943,132.92,132.967,132.976,132.98,132.967,228
2015-11-01 22:52:00,2015-11-01 22:53:00,132.938,132.931,132.941,132.925,132.976,132.972,132.981,132.971,200
2015-11-01 22:53:00,2015-11-01 22:54:00,132.931,132.924,132.942,132.916,132.972,132.962,132.977,132.953,226
2015-11-01 22:54:00,2015-11-01 22:55:00,132.924,132.924,132.941,132.924,132.962,132.963,132.963,132.96,33
2015-11-01 22:55:00,2015-11-01 22:56:00,132.924,132.94,132.953,132.919,132.963,132.983,132.993,132.957,313
2015-11-01 22:56:00,2015-11-01 22:57:00,132.94,132.934,132.952,132.92,132.983,132.97,132.985,132.953,401
2015-11-01 22:57:00,2015-11-01 22:58:00,132.934,132.932,132.934,132.931,132.97,132.961,132.972,132.96,176
2015-11-01 22:58:00,2015-11-01 22:59:00,132.932,132.906,132.932,132.906,132.961,132.946,132.964,132.946,205
2015-11-01 22:59:00,2015-11-01 23:00:00,132.906,132.89,132.929,132.884,132.946,132.923,132.948,132.916,765
2015-11-01 23:00:00,2015-11-01 23:01:00,132.89,132.924,132.929,132.887,132.923,132.958,132.96,132.918,332
2015-11-01 23:01:00,2015-11-01 23:02:00,132.924,132.946,132.956,132.921,132.958,132.974,132.975,132.946,599
2015-11-01 23:02:00,2015-11-01 23:03:00,132.946,132.959,132.961,132.945,132.974,132.984,132.989,132.97,616
2015-11-01 23:03:00,2015-11-01 23:04:00,132.959,132.965,132.977,132.955,132.984,132.995,133.007,132.982,578
2015-11-01 23:04:00,2015-11-01 23:05:00,132.965,132.959,132.968,132.955,132.995,132.989,132.998,132.984,428
2015-11-01 23:05:00,2015-11-01 23:06:00,132.959,132.967,132.969,132.949,132.989,132.996,132.999,132.98,609
2015-11-01 23:06:00,2015-11-01 23:07:00,132.967,132.953,132.968,132.948,132.996,132.981,132.997,132.974,680
2015-11-01 23:07:00,2015-11-01 23:08:00,132.953,132.946,132.964,132.94,132.981,132.978,132.986,132.971,385
2015-11-01 23:08:00,2015-11-01 23:09:00,132.946,132.941,132.949,132.934,132.978,132.972,132.979,132.966,780
2015-11-01 23:09:00,2015-11-01 23:10:00,132.941,132.943,132.944,132.929,132.972,132.968,132.972,132.96,291
2015-11-01 23:10:00,2015-11-01 23:11:00,132.943,132.942,132.945,132.933,132.968,132.972,132.972,132.965,381
2015-11-01 23:11:00,2015-11-01 23:12:00,132.942,132.944,132.945,132.934,132.972,132.973,132.973,132.966,215
2015-11-01 23:12:00,2015-11-01 23:13:00,132.944,132.939,132.944,132.926,132.973,132.969,132.973,132.958,408
2015-11-01 23:13:00,2015-11-01 23:14:00,132.939,132.927,132.957,132.926,132.969,132.955,132.985,132.955,434
2015-11-01 23:14:00,2015-11-01 23:15:00,132.927,132.917,132.929,132.912,132.955,132.947,132.956,132.941,185
2015-11-01 23:15:00,2015-11-01 23:16:00,132.917,132.905,132.919,132.902,132.947,132.933,132.95,132.93,546
2015-11-01 23:16:00,2015-11-01 23:17:00,132.905,132.879,132.908,132.875,132.933,132.911,132.937,132.905,510
2015-11-01 23:17:00,2015-11-01 23:18:00,132.879,132.88,132.886,132.854,132.911,132.913,132.916,132.886,614
2015-11-01 23:18:00,2015-11-01 23:19:00,132.88,132.908,132.92,132.881,132.913,132.94,132.946,132.913,324
2015-11-01 23:19:00,2015-11-01 23:20:00,132.908,132.942,132.944,132.904,132.94,132.973,132.973,132.932,170
2015-11-01 23:20:00,2015-11-01 23:21:00,132.942,132.91,132.944,132.908,132.973,132.939,132.975,132.939,247
2015-11-01 23:21:00,2015-11-01 23:22:00,132.91,132.92,132.928,132.906,132.939,132.951,132.958,132.935,221
2015-11-01 23:22:00,2015-11-01 23:23:00,132.92,132.905,132.929,132.903,132.951,132.936,132.958,132.934,207
2015-11-01 23:23:00,2015-11-01 23:24:00,132.905,132.898,132.912,132.893,132.936,132.925,132.939,132.917,264
2015-11-01 23:24:00,2015-11-01 23:25:00,132.898,132.882,132.899,132.872,132.925,132.908,132.926,132.897,210
2015-11-01 23:25:00,2015-11-01 23:26:00,132.882,132.884,132.886,132.882,132.908,132.907,132.914,132.906,58
2015-11-01 23:26:00,2015-11-01 23:27:00,132.884,132.872,132.896,132.866,132.907,132.893,132.921,132.889,173
2015-11-01 23:27:00,2015-11-01 23:28:00,132.872,132.868,132.873,132.861,132.893,132.891,132.894,132.883,88
2015-11-01 23:28:00,2015-11-01 23:29:00,132.868,132.853,132.87,132.852,132.891,132.874,132.892,132.872,96
2015-11-01 23:29:00,2015-11-01 23:30:00,132.853,132.846,132.866,132.846,132.874,132.86,132.889,132.86,224
2015-11-01 23:30:00,2015-11-01 23:31:00,132.846,132.864,132.866,132.846,132.86,132.883,132.885,132.865,119
2015-11-01 23:31:00,2015-11-01 23:32:00,132.864,132.854,132.868,132.854,132.883,132.875,132.889,132.874,160
2015-11-01 23:32:00,2015-11-01 23:33:00,132.854,132.838,132.857,132.838,132.875,132.862,132.88,132.861,388
2015-11-01 23:33:00,2015-11-01 23:34:00,132.838,132.837,132.841,132.825,132.862,132.861,132.866,132.852,214
2015-11-01 23:34:00,2015-11-01 23:35:00,132.837,132.832,132.841,132.832,132.861,132.857,132.865,132.857,169
2015-11-01 23:35:00,2015-11-01 23:36:00,132.832,132.84,132.844,132.832,132.857,132.861,132.865,132.856,210
2015-11-01 23:36:00,2015-11-01 23:37:00,132.84,132.844,132.847,132.84,132.861,132.865,132.867,132.86,198
2015-11-01 23:37:00,2015-11-01 23:38:00,132.844,132.84,132.846,132.838,132.865,132.86,132.867,132.857,147
2015-11-01 23:38:00,2015-11-01 23:39:00,132.84,132.835,132.844,132.831,132.86,132.857,132.865,132.852,188
2015-11-01 23:39:00,2015-11-01 23:40:00,132.835,132.832,132.838,132.823,132.857,132.854,132.86,132.845,124
2015-11-01 23:40:00,2015-11-01 23:41:00,132.832,132.832,132.835,132.823,132.854,132.855,132.861,132.847,210
2015-11-01 23:41:00,2015-11-01 23:42:00,132.832,132.83,132.834,132.829,132.855,132.855,132.858,132.854,140
2015-11-01 23:42:00,2015-11-01 23:43:00,132.83,132.832,132.84,132.83,132.855,132.858,132.864,132.853,190
2015-11-01 23:43:00,2015-11-01 23:44:00,132.832,132.818,132.834,132.816,132.858,132.844,132.86,132.841,187
2015-11-01 23:44:00,2015-11-01 23:45:00,132.818,132.824,132.83,132.819,132.844,132.849,132.852,132.844,218
2015-11-01 23:45:00,2015-11-01 23:46:00,132.824,132.814,132.824,132.811,132.849,132.837,132.85,132.836,171
2015-11-01 23:46:00,2015-11-01 23:47:00,132.814,132.852,132.852,132.813,132.837,132.875,132.878,132.836,159
2015-11-01 23:47:00,2015-11-01 23:48:00,132.852,132.834,132.853,132.832,132.875,132.858,132.876,132.857,230
2015-11-01 23:48:00,2015-11-01 23:49:00,132.834,132.845,132.845,132.833,132.858,132.868,132.869,132.858,135
2015-11-01 23:49:00,2015-11-01 23:50:00,132.845,132.852,132.853,132.844,132.868,132.877,132.878,132.867,72
2015-11-01 23:50:00,2015-11-01 23:51:00,132.852,132.854,132.855,132.85,132.877,132.879,132.879,132.875,125
2015-11-01 23:51:00,2015-11-01 23:52:00,132.854,132.848,132.855,132.847,132.879,132.873,132.88,132.871,64
2015-11-01 23:52:00,2015-11-01 23:53:00,132.848,132.814,132.848,132.812,132.873,132.84,132.872,132.835,111
2015-11-01 23:53:00,2015-11-01 23:54:00,132.814,132.809,132.814,132.809,132.84,132.833,132.839,132.833,53
2015-11-01 23:54:00,2015-11-01 23:55:00,132.809,132.819,132.82,132.807,132.833,132.842,132.843,132.832,93
2015-11-01 23:55:00,2015-11-01 23:56:00,132.819,132.83,132.831,132.814,132.842,132.855,132.855,132.839,164
2015-11-01 23:56:00,2015-11-01 23:57:00,132.83,132.828,132.838,132.828,132.855,132.852,132.861,132.852,161
2015-11-01 23:57:00,2015-11-01 23:58:00,132.828,132.824,132.828,132.819,132.852,132.85,132.851,132.843,100
2015-11-01 23:58:00,2015-11-01 23:59:00,132.824,132.818,132.825,132.815,132.85,132.844,132.851,132.838,76
2015-11-01 23:59:00,2015-11-02 00:00:00,132.818,132.83,132.838,132.819,132.844,132.853,132.865,132.844,222
2015-11-02 00:00:00,2015-11-02 00:01:00,132.83,132.799,132.841,132.788,132.853,132.818,132.865,132.814,339
2015-11-02 00:01:00,2015-11-02 00:02:00,132.799,132.799,132.803,132.792,132.818,132.819,132.825,132.814,116
2015-11-02 00:02:00,2015-11-02 00:03:00,132.799,132.795,132.803,132.785,132.819,132.817,132.823,132.807,214
2015-11-02 00:03:00,2015-11-02 00:04:00,132.795,132.799,132.802,132.79,132.817,132.824,132.828,132.814,132
2015-11-02 00:04:00,2015-11-02 00:05:00,132.799,132.787,132.807,132.787,132.824,132.812,132.831,132.812,210
2015-11-02 00:05:00,2015-11-02 00:06:00,132.787,132.793,132.801,132.787,132.812,132.82,132.824,132.812,183
2015-11-02 00:06:00,2015-11-02 00:07:00,132.793,132.786,132.802,132.786,132.82,132.811,132.829,132.811,157
2015-11-02 00:07:00,2015-11-02 00:08:00,132.786,132.829,132.831,132.785,132.811,132.854,132.855,132.809,275
2015-11-02 00:08:00,2015-11-02 00:09:00,132.829,132.829,132.838,132.82,132.854,132.854,132.861,132.842,222
2015-11-02 00:09:00,2015-11-02 00:10:00,132.829,132.816,132.831,132.815,132.854,132.841,132.856,132.84,143
2015-11-02 00:10:00,2015-11-02 00:11:00,132.816,132.81,132.817,132.81,132.841,132.833,132.841,132.833,57
2015-11-02 00:11:00,2015-11-02 00:12:00,132.81,132.785,132.811,132.784,132.833,132.809,132.834,132.808,186
2015-11-02 00:12:00,2015-11-02 00:13:00,132.785,132.781,132.786,132.771,132.809,132.805,132.809,132.793,151
2015-11-02 00:13:00,2015-11-02 00:14:00,132.781,132.772,132.785,132.772,132.805,132.797,132.809,132.797,100
2015-11-02 00:14:00,2015-11-02 00:15:00,132.772,132.75,132.774,132.748,132.797,132.774,132.798,132.771,257
2015-11-02 00:15:00,2015-11-02 00:16:00,132.75,132.73,132.753,132.723,132.774,132.751,132.776,132.747,444
2015-11-02 00:16:00,2015-11-02 00:17:00,132.73,132.749,132.75,132.726,132.751,132.775,132.776,132.747,182
2015-11-02 00:17:00,2015-11-02 00:18:00,132.749,132.748,132.75,132.743,132.775,132.772,132.774,132.765,77
2015-11-02 00:18:00,2015-11-02 00:19:00,132.748,132.727,132.748,132.727,132.772,132.75,132.772,132.748,123
2015-11-02 00:19:00,2015-11-02 00:20:00,132.727,132.697,132.727,132.69,132.75,132.719,132.751,132.713,554
2015-11-02 00:20:00,2015-11-02 00:21:00,132.697,132.712,132.712,132.696,132.719,132.736,132.736,132.717,196
2015-11-02 00:21:00,2015-11-02 00:22:00,132.712,132.719,132.724,132.711,132.736,132.742,132.749,132.735,201
2015-11-02 00:22:00,2015-11-02 00:23:00,132.719,132.708,132.723,132.706,132.742,132.732,132.748,132.73,183
2015-11-02 00:23:00,2015-11-02 00:24:00,132.708,132.719,132.722,132.702,132.732,132.743,132.747,132.726,185
2015-11-02 00:24:00,2015-11-02 00:25:00,132.719,132.716,132.725,132.712,132.743,132.74,132.75,132.737,234
2015-11-02 00:25:00,2015-11-02 00:26:00,132.716,132.714,132.717,132.702,132.74,132.737,132.741,132.728,273
2015-11-02 00:26:00,2015-11-02 00:27:00,132.714,132.727,132.729,132.704,132.737,132.752,132.754,132.728,161
2015-11-02 00:27:00,2015-11-02 00:28:00,132.727,132.729,132.742,132.726,132.752,132.754,132.766,132.751,178
2015-11-02 00:28:00,2015-11-02 00:29:00,132.729,132.727,132.74,132.724,132.754,132.751,132.764,132.748,182
2015-11-02 00:29:00,2015-11-02 00:30:00,132.727,132.784,132.786,132.717,132.751,132.804,132.807,132.742,210
2015-11-02 00:30:00,2015-11-02 00:31:00,132.784,132.776,132.785,132.772,132.804,132.802,132.808,132.798,141
2015-11-02 00:31:00,2015-11-02 00:32:00,132.776,132.799,132.801,132.767,132.802,132.823,132.825,132.791,149
2015-11-02 00:32:00,2015-11-02 00:33:00,132.799,132.806,132.809,132.798,132.823,132.828,132.833,132.823,62
2015-11-02 00:33:00,2015-11-02 00:34:00,132.806,132.793,132.807,132.793,132.828,132.816,132.829,132.816,72
2015-11-02 00:34:00,2015-11-02 00:35:00,132.793,132.794,132.799,132.789,132.816,132.818,132.822,132.812,118
2015-11-02 00:35:00,2015-11-02 00:36:00,132.794,132.79,132.804,132.79,132.818,132.815,132.827,132.815,184
2015-11-02 00:36:00,2015-11-02 00:37:00,132.79,132.799,132.804,132.786,132.815,132.824,132.827,132.81,208
2015-11-02 00:37:00,2015-11-02 00:38:00,132.799,132.823,132.823,132.8,132.824,132.846,132.847,132.823,159
2015-11-02 00:38:00,2015-11-02 00:39:00,132.823,132.845,132.846,132.817,132.846,132.869,132.87,132.842,224
2015-11-02 00:39:00,2015-11-02 00:40:00,132.845,132.829,132.85,132.829,132.869,132.851,132.873,132.851,228
2015-11-02 00:40:00,2015-11-02 00:41:00,132.829,132.838,132.841,132.829,132.851,132.86,132.863,132.851,253
2015-11-02 00:41:00,2015-11-02 00:42:00,132.838,132.832,132.845,132.831,132.86,132.855,132.864,132.855,116
2015-11-02 00:42:00,2015-11-02 00:43:00,132.832,132.803,132.832,132.803,132.855,132.826,132.857,132.826,198
2015-11-02 00:43:00,2015-11-02 00:44:00,132.803,132.803,132.805,132.796,132.826,132.825,132.828,132.82,119
2015-11-02 00:44:00,2015-11-02 00:45:00,132.803,132.802,132.825,132.802,132.825,132.824,132.846,132.824,219
2015-11-02 00:45:00,2015-11-02 00:46:00,132.802,132.811,132.815,132.794,132.824,132.835,132.838,132.817,188
2015-11-02 00:46:00,2015-11-02 00:47:00,132.811,132.818,132.827,132.807,132.835,132.842,132.852,132.831,153
2015-11-02 00:47:00,2015-11-02 00:48:00,132.818,132.813,132.821,132.805,132.842,132.834,132.845,132.829,182
2015-11-02 00:48:00,2015-11-02 00:49:00,132.813,132.779,132.82,132.775,132.834,132.802,132.842,132.799,204
2015-11-02 00:49:00,2015-11-02 00:50:00,132.779,132.798,132.798,132.769,132.802,132.823,132.823,132.792,189
2015-11-02 00:50:00,2015-11-02 00:51:00,132.798,132.814,132.815,132.798,132.823,132.839,132.84,132.822,270
2015-11-02 00:51:00,2015-11-02 00:52:00,132.814,132.807,132.82,132.806,132.839,132.832,132.845,132.828,131
2015-11-02 00:52:00,2015-11-02 00:53:00,132.807,132.788,132.817,132.786,132.832,132.81,132.838,132.808,287
2015-11-02 00:53:00,2015-11-02 00:54:00,132.788,132.869,132.877,132.787,132.81,132.894,132.906,132.809,298
2015-11-02 00:54:00,2015-11-02 00:55:00,132.869,132.853,132.879,132.845,132.894,132.874,132.9,132.87,452
2015-11-02 00:55:00,2015-11-02 00:56:00,132.853,132.847,132.866,132.843,132.874,132.869,132.889,132.866,112
2015-11-02 00:56:00,2015-11-02 00:57:00,132.847,132.815,132.853,132.815,132.869,132.835,132.875,132.835,144
2015-11-02 00:57:00,2015-11-02 00:58:00,132.815,132.773,132.817,132.773,132.835,132.795,132.836,132.794,286
2015-11-02 00:58:00,2015-11-02 00:59:00,132.773,132.761,132.781,132.76,132.795,132.786,132.805,132.785,248
2015-11-02 00:59:00,2015-11-02 01:00:00,132.761,132.763,132.766,132.752,132.786,132.788,132.792,132.771,227
2015-11-02 01:00:00,2015-11-02 01:01:00,132.763,132.771,132.779,132.763,132.788,132.795,132.8,132.788,88
2015-11-02 01:01:00,2015-11-02 01:02:00,132.771,132.77,132.774,132.767,132.795,132.796,132.796,132.791,91
2015-11-02 01:02:00,2015-11-02 01:03:00,132.77,132.753,132.775,132.749,132.796,132.778,132.799,132.773,123
2015-11-02 01:03:00,2015-11-02 01:04:00,132.753,132.764,132.764,132.748,132.778,132.787,132.787,132.771,132
2015-11-02 01:04:00,2015-11-02 01:05:00,132.764,132.749,132.764,132.746,132.787,132.773,132.789,132.771,207
2015-11-02 01:05:00,2015-11-02 01:06:00,132.749,132.764,132.765,132.747,132.773,132.789,132.789,132.773,194
2015-11-02 01:06:00,2015-11-02 01:07:00,132.764,132.771,132.772,132.749,132.789,132.791,132.796,132.774,215
2015-11-02 01:07:00,2015-11-02 01:08:00,132.771,132.752,132.775,132.748,132.791,132.777,132.796,132.772,244
2015-11-02 01:08:00,2015-11-02 01:09:00,132.752,132.737,132.752,132.736,132.777,132.761,132.777,132.758,204
2015-11-02 01:09:00,2015-11-02 01:10:00,132.737,132.754,132.754,132.737,132.761,132.778,132.778,132.761,228
2015-11-02 01:10:00,2015-11-02 01:11:00,132.754,132.749,132.756,132.745,132.778,132.773,132.779,132.769,183
2015-11-02 01:11:00,2015-11-02 01:12:00,132.749,132.759,132.759,132.749,132.773,132.783,132.783,132.772,128
2015-11-02 01:12:00,2015-11-02 01:13:00,132.759,132.79,132.795,132.756,132.783,132.811,132.818,132.779,245
2015-11-02 01:13:00,2015-11-02 01:14:00,132.79,132.773,132.799,132.765,132.811,132.796,132.823,132.789,224
2015-11-02 01:14:00,2015-11-02 01:15:00,132.773,132.758,132.78,132.754,132.796,132.781,132.803,132.78,181
2015-11-02 01:15:00,2015-11-02 01:16:00,132.758,132.724,132.772,132.717,132.781,132.749,132.798,132.739,363
2015-11-02 01:16:00,2015-11-02 01:17:00,132.724,132.714,132.74,132.713,132.749,132.739,132.762,132.737,207
2015-11-02 01:17:00,2015-11-02 01:18:00,132.714,132.732,132.76,132.714,132.739,132.755,132.785,132.74,313
2015-11-02 01:18:00,2015-11-02 01:19:00,132.732,132.739,132.762,132.731,132.755,132.763,132.787,132.756,196
2015-11-02 01:19:00,2015-11-02 01:20:00,132.739,132.747,132.754,132.733,132.763,132.771,132.777,132.757,104
2015-11-02 01:20:00,2015-11-02 01:21:00,132.747,132.763,132.763,132.746,132.771,132.789,132.789,132.771,124
2015-11-02 01:21:00,2015-11-02 01:22:00,132.763,132.789,132.79,132.764,132.789,132.812,132.812,132.788,177
2015-11-02 01:22:00,2015-11-02 01:23:00,132.789,132.79,132.8,132.784,132.812,132.814,132.821,132.807,204
2015-11-02 01:23:00,2015-11-02 01:24:00,132.79,132.831,132.832,132.789,132.814,132.856,132.856,132.812,260
2015-11-02 01:24:00,2015-11-02 01:25:00,132.831,132.803,132.833,132.794,132.856,132.829,132.856,132.817,259
2015-11-02 01:25:00,2015-11-02 01:26:00,132.803,132.828,132.835,132.801,132.829,132.853,132.858,132.824,225
2015-11-02 01:26:00,2015-11-02 01:27:00,132.828,132.831,132.832,132.825,132.853,132.856,132.856,132.849,154
2015-11-02 01:27:00,2015-11-02 01:28:00,132.831,132.814,132.831,132.813,132.856,132.838,132.856,132.837,154
2015-11-02 01:28:00,2015-11-02 01:29:00,132.814,132.779,132.813,132.77,132.838,132.806,132.84,132.796,255
2015-11-02 01:29:00,2015-11-02 01:30:00,132.779,132.776,132.787,132.77,132.806,132.803,132.812,132.794,208
2015-11-02 01:30:00,2015-11-02 01:31:00,132.776,132.77,132.778,132.762,132.803,132.796,132.805,132.785,223
2015-11-02 01:31:00,2015-11-02 01:32:00,132.77,132.773,132.775,132.768,132.796,132.799,132.802,132.791,84
2015-11-02 01:32:00,2015-11-02 01:33:00,132.773,132.779,132.79,132.767,132.799,132.805,132.816,132.792,158
2015-11-02 01:33:00,2015-11-02 01:34:00,132.779,132.783,132.79,132.779,132.805,132.809,132.818,132.805,71
2015-11-02 01:34:00,2015-11-02 01:35:00,132.783,132.767,132.783,132.746,132.809,132.791,132.81,132.767,248
2015-11-02 01:35:00,2015-11-02 01:36:00,132.767,132.78,132.782,132.764,132.791,132.802,132.805,132.789,81
2015-11-02 01:36:00,2015-11-02 01:37:00,132.78,132.798,132.803,132.781,132.802,132.818,132.824,132.802,177
2015-11-02 01:37:00,2015-11-02 01:38:00,132.798,132.803,132.81,132.794,132.818,132.826,132.831,132.814,70
2015-11-02 01:38:00,2015-11-02 01:39:00,132.803,132.81,132.813,132.802,132.826,132.831,132.834,132.823,67
2015-11-02 01:39:00,2015-11-02 01:40:00,132.81,132.813,132.815,132.805,132.831,132.835,132.837,132.829,85
2015-11-02 01:40:00,2015-11-02 01:41:00,132.813,132.814,132.82,132.807,132.835,132.833,132.845,132.832,180
2015-11-02 01:41:00,2015-11-02 01:42:00,132.814,132.818,132.819,132.811,132.833,132.842,132.844,132.832,101
2015-11-02 01:42:00,2015-11-02 01:43:00,132.818,132.812,132.823,132.811,132.842,132.836,132.848,132.835,111
2015-11-02 01:43:00,2015-11-02 01:44:00,132.812,132.833,132.838,132.811,132.836,132.86,132.867,132.835,215
2015-11-02 01:44:00,2015-11-02 01:45:00,132.833,132.88,132.921,132.839,132.86,132.909,132.956,132.86,853
2015-11-02 01:45:00,2015-11-02 01:46:00,132.88,132.867,132.882,132.856,132.909,132.894,132.908,132.877,281
2015-11-02 01:46:00,2015-11-02 01:47:00,132.867,132.821,132.869,132.807,132.894,132.847,132.895,132.831,410
2015-11-02 01:47:00,2015-11-02 01:48:00,132.821,132.796,132.822,132.768,132.847,132.817,132.848,132.792,444
2015-11-02 01:48:00,2015-11-02 01:49:00,132.796,132.794,132.809,132.789,132.817,132.815,132.835,132.812,170
2015-11-02 01:49:00,2015-11-02 01:50:00,132.794,132.823,132.829,132.792,132.815,132.849,132.85,132.815,371
2015-11-02 01:50:00,2015-11-02 01:51:00,132.823,132.845,132.857,132.821,132.849,132.868,132.878,132.844,209
2015-11-02 01:51:00,2015-11-02 01:52:00,132.845,132.868,132.868,132.823,132.868,132.893,132.893,132.846,500
2015-11-02 01:52:00,2015-11-02 01:53:00,132.868,132.871,132.891,132.862,132.893,132.897,132.915,132.887,307
2015-11-02 01:53:00,2015-11-02 01:54:00,132.871,132.861,132.875,132.857,132.897,132.889,132.903,132.882,305
2015-11-02 01:54:00,2015-11-02 01:55:00,132.861,132.861,132.873,132.855,132.889,132.887,132.9,132.88,280
2015-11-02 01:55:00,2015-11-02 01:56:00,132.861,132.842,132.861,132.839,132.887,132.866,132.887,132.866,188
2015-11-02 01:56:00,2015-11-02 01:57:00,132.842,132.864,132.868,132.842,132.866,132.889,132.894,132.867,152
2015-11-02 01:57:00,2015-11-02 01:58:00,132.864,132.836,132.868,132.834,132.889,132.86,132.892,132.857,177
2015-11-02 01:58:00,2015-11-02 01:59:00,132.836,132.864,132.886,132.836,132.86,132.886,132.912,132.861,368
2015-11-02 01:59:00,2015-11-02 02:00:00,132.864,132.839,132.865,132.836,132.886,132.859,132.887,132.858,184
2015-11-02 02:00:00,2015-11-02 02:01:00,132.839,132.805,132.839,132.804,132.859,132.828,132.862,132.828,202
2015-11-02 02:01:00,2015-11-02 02:02:00,132.805,132.812,132.813,132.803,132.828,132.836,132.837,132.828,96
2015-11-02 02:02:00,2015-11-02 02:03:00,132.812,132.813,132.822,132.804,132.836,132.84,132.848,132.832,122
2015-11-02 02:03:00,2015-11-02 02:04:00,132.813,132.807,132.813,132.806,132.84,132.833,132.84,132.832,58
2015-11-02 02:04:00,2015-11-02 02:05:00,132.807,132.814,132.825,132.803,132.833,132.839,132.851,132.828,254
2015-11-02 02:05:00,2015-11-02 02:06:00,132.814,132.812,132.818,132.806,132.839,132.835,132.843,132.828,228
2015-11-02 02:06:00,2015-11-02 02:07:00,132.812,132.826,132.828,132.809,132.835,132.849,132.852,132.832,103
2015-11-02 02:07:00,2015-11-02 02:08:00,132.826,132.824,132.828,132.818,132.849,132.846,132.853,132.842,185
2015-11-02 02:08:00,2015-11-02 02:09:00,132.824,132.821,132.825,132.815,132.846,132.844,132.848,132.839,124
2015-11-02 02:09:00,2015-11-02 02:10:00,132.821,132.801,132.821,132.8,132.844,132.824,132.844,132.823,153
2015-11-02 02:10:00,2015-11-02 02:11:00,132.801,132.796,132.801,132.786,132.824,132.819,132.824,132.81,99
2015-11-02 02:11:00,2015-11-02 02:12:00,132.796,132.792,132.806,132.787,132.819,132.815,132.828,132.809,219
2015-11-02 02:12:00,2015-11-02 02:13:00,132.792,132.801,132.801,132.782,132.815,132.824,132.825,132.804,135
2015-11-02 02:13:00,2015-11-02 02:14:00,132.801,132.811,132.811,132.799,132.824,132.835,132.836,132.82,79
2015-11-02 02:14:00,2015-11-02 02:15:00,132.811,132.802,132.819,132.799,132.835,132.826,132.842,132.822,74
2015-11-02 02:15:00,2015-11-02 02:16:00,132.802,132.805,132.812,132.795,132.826,132.828,132.836,132.819,143
2015-11-02 02:16:00,2015-11-02 02:17:00,132.805,132.802,132.815,132.802,132.828,132.826,132.838,132.825,125
2015-11-02 02:17:00,2015-11-02 02:18:00,132.802,132.786,132.801,132.785,132.826,132.81,132.826,132.809,71
2015-11-02 02:18:00,2015-11-02 02:19:00,132.786,132.785,132.795,132.785,132.81,132.805,132.817,132.805,58
2015-11-02 02:19:00,2015-11-02 02:20:00,132.785,132.778,132.784,132.76,132.805,132.799,132.807,132.783,155
2015-11-02 02:20:00,2015-11-02 02:21:00,132.778,132.772,132.779,132.77,132.799,132.795,132.799,132.792,70
2015-11-02 02:21:00,2015-11-02 02:22:00,132.772,132.762,132.772,132.761,132.795,132.786,132.796,132.785,93
2015-11-02 02:22:00,2015-11-02 02:23:00,132.762,132.768,132.769,132.762,132.786,132.789,132.792,132.786,51
2015-11-02 02:23:00,2015-11-02 02:24:00,132.768,132.779,132.779,132.759,132.789,132.803,132.803,132.782,100
2015-11-02 02:24:00,2015-11-02 02:25:00,132.779,132.787,132.798,132.779,132.803,132.81,132.821,132.804,152
2015-11-02 02:25:00,2015-11-02 02:26:00,132.787,132.785,132.788,132.776,132.81,132.808,132.811,132.799,86
2015-11-02 02:26:00,2015-11-02 02:27:00,132.785,132.79,132.794,132.785,132.808,132.813,132.818,132.807,74
2015-11-02 02:27:00,2015-11-02 02:28:00,132.79,132.761,132.793,132.761,132.813,132.785,132.815,132.785,254
2015-11-02 02:28:00,2015-11-02 02:29:00,132.761,132.786,132.789,132.76,132.785,132.81,132.812,132.784,140
2015-11-02 02:29:00,2015-11-02 02:30:00,132.786,132.801,132.812,132.787,132.81,132.825,132.834,132.81,156
2015-11-02 02:30:00,2015-11-02 02:31:00,132.801,132.796,132.805,132.793,132.825,132.822,132.828,132.818,132
2015-11-02 02:31:00,2015-11-02 02:32:00,132.796,132.813,132.813,132.796,132.822,132.832,132.833,132.821,123
2015-11-02 02:32:00,2015-11-02 02:33:00,132.813,132.82,132.822,132.811,132.832,132.844,132.846,132.832,113
2015-11-02 02:33:00,2015-11-02 02:34:00,132.82,132.822,132.832,132.818,132.844,132.845,132.854,132.842,136
2015-11-02 02:34:00,2015-11-02 02:35:00,132.822,132.826,132.828,132.82,132.845,132.851,132.853,132.844,69
2015-11-02 02:35:00,2015-11-02 02:36:00,132.826,132.848,132.858,132.827,132.851,132.873,132.881,132.851,102
2015-11-02 02:36:00,2015-11-02 02:37:00,132.848,132.842,132.848,132.836,132.873,132.866,132.874,132.863,152
2015-11-02 02:37:00,2015-11-02 02:38:00,132.842,132.836,132.857,132.836,132.866,132.863,132.881,132.863,112
2015-11-02 02:38:00,2015-11-02 02:39:00,132.836,132.834,132.847,132.832,132.863,132.859,132.873,132.856,121
2015-11-02 02:39:00,2015-11-02 02:40:00,132.834,132.854,132.854,132.834,132.859,132.877,132.881,132.86,131
2015-11-02 02:40:00,2015-11-02 02:41:00,132.854,132.849,132.854,132.833,132.877,132.87,132.879,132.854,109
2015-11-02 02:41:00,2015-11-02 02:42:00,132.849,132.851,132.851,132.843,132.87,132.874,132.875,132.863,45
2015-11-02 02:42:00,2015-11-02 02:43:00,132.851,132.856,132.856,132.842,132.874,132.879,132.88,132.865,94
2015-11-02 02:43:00,2015-11-02 02:44:00,132.856,132.84,132.862,132.835,132.879,132.867,132.881,132.858,125
2015-11-02 02:44:00,2015-11-02 02:45:00,132.84,132.831,132.84,132.831,132.867,132.855,132.867,132.855,116
2015-11-02 02:45:00,2015-11-02 02:46:00,132.831,132.826,132.839,132.826,132.855,132.852,132.865,132.85,142
2015-11-02 02:46:00,2015-11-02 02:47:00,132.826,132.817,132.828,132.817,132.852,132.845,132.852,132.843,55
2015-11-02 02:47:00,2015-11-02 02:48:00,132.817,132.808,132.821,132.806,132.845,132.833,132.846,132.832,104
2015-11-02 02:48:00,2015-11-02 02:49:00,132.808,132.79,132.808,132.786,132.833,132.813,132.833,132.81,114
2015-11-02 02:49:00,2015-11-02 02:50:00,132.79,132.8,132.803,132.79,132.813,132.826,132.828,132.814,81
2015-11-02 02:50:00,2015-11-02 02:51:00,132.8,132.784,132.803,132.783,132.826,132.807,132.827,132.806,121
2015-11-02 02:51:00,2015-11-02 02:52:00,132.784,132.785,132.792,132.784,132.807,132.808,132.818,132.807,88
2015-11-02 02:52:00,2015-11-02 02:53:00,132.785,132.79,132.792,132.784,132.808,132.813,132.815,132.806,58
2015-11-02 02:53:00,2015-11-02 02:54:00,132.79,132.776,132.798,132.776,132.813,132.799,132.821,132.799,142
2015-11-02 02:54:00,2015-11-02 02:55:00,132.776,132.802,132.807,132.768,132.799,132.825,132.831,132.791,253
2015-11-02 02:55:00,2015-11-02 02:56:00,132.802,132.787,132.801,132.76,132.825,132.811,132.825,132.783,249
2015-11-02 02:56:00,2015-11-02 02:57:00,132.787,132.768,132.789,132.763,132.811,132.792,132.813,132.787,105
2015-11-02 02:57:00,2015-11-02 02:58:00,132.768,132.786,132.795,132.766,132.792,132.812,132.82,132.79,209
2015-11-02 02:58:00,2015-11-02 02:59:00,132.786,132.779,132.789,132.777,132.812,132.803,132.814,132.802,68
2015-11-02 02:59:00,2015-11-02 03:00:00,132.779,132.78,132.785,132.776,132.803,132.805,132.81,132.803,71
2015-11-02 03:00:00,2015-11-02 03:01:00,132.78,132.774,132.786,132.774,132.805,132.8,132.807,132.8,58
2015-11-02 03:01:00,2015-11-02 03:02:00,132.774,132.781,132.783,132.772,132.8,132.804,132.807,132.799,70
2015-11-02 03:02:00,2015-11-02 03:03:00,132.781,132.746,132.78,132.746,132.804,132.771,132.804,132.771,178
2015-11-02 03:03:00,2015-11-02 03:04:00,132.746,132.726,132.75,132.725,132.771,132.753,132.774,132.75,214
2015-11-02 03:04:00,2015-11-02 03:05:00,132.726,132.725,132.751,132.722,132.753,132.749,132.775,132.746,180
2015-11-02 03:05:00,2015-11-02 03:06:00,132.725,132.733,132.744,132.721,132.749,132.757,132.768,132.746,137
2015-11-02 03:06:00,2015-11-02 03:07:00,132.733,132.72,132.734,132.706,132.757,132.743,132.757,132.73,189
2015-11-02 03:07:00,2015-11-02 03:08:00,132.72,132.735,132.742,132.72,132.743,132.761,132.767,132.743,107
2015-11-02 03:08:00,2015-11-02 03:09:00,132.735,132.687,132.738,132.682,132.761,132.714,132.762,132.705,220
2015-11-02 03:09:00,2015-11-02 03:10:00,132.687,132.683,132.693,132.672,132.714,132.707,132.718,132.696,192
2015-11-02 03:10:00,2015-11-02 03:11:00,132.683,132.696,132.697,132.681,132.707,132.723,132.723,132.707,87
2015-11-02 03:11:00,2015-11-02 03:12:00,132.696,132.696,132.7,132.691,132.723,132.722,132.724,132.716,65
2015-11-02 03:12:00,2015-11-02 03:13:00,132.696,132.698,132.699,132.692,132.722,132.72,132.721,132.719,42
2015-11-02 03:13:00,2015-11-02 03:14:00,132.698,132.684,132.698,132.684,132.72,132.708,132.719,132.706,68
2015-11-02 03:14:00,2015-11-02 03:15:00,132.684,132.706,132.708,132.676,132.708,132.733,132.735,132.701,129
2015-11-02 03:15:00,2015-11-02 03:16:00,132.706,132.689,132.708,132.689,132.733,132.713,132.734,132.713,100
2015-11-02 03:16:00,2015-11-02 03:17:00,132.689,132.693,132.697,132.686,132.713,132.718,132.72,132.712,95
2015-11-02 03:17:00,2015-11-02 03:18:00,132.693,132.686,132.694,132.679,132.718,132.711,132.719,132.706,104
2015-11-02 03:18:00,2015-11-02 03:19:00,132.686,132.683,132.688,132.682,132.711,132.708,132.714,132.708,55
2015-11-02 03:19:00,2015-11-02 03:20:00,132.683,132.694,132.696,132.683,132.708,132.72,132.721,132.708,59
2015-11-02 03:20:00,2015-11-02 03:21:00,132.694,132.698,132.702,132.694,132.72,132.725,132.726,132.719,38
2015-11-02 03:21:00,2015-11-02 03:22:00,132.698,132.708,132.709,132.698,132.725,132.732,132.733,132.725,44
2015-11-02 03:22:00,2015-11-02 03:23:00,132.708,132.691,132.713,132.688,132.732,132.714,132.739,132.711,209
2015-11-02 03:23:00,2015-11-02 03:24:00,132.691,132.674,132.694,132.657,132.714,132.7,132.716,132.679,277
2015-11-02 03:24:00,2015-11-02 03:25:00,132.674,132.672,132.682,132.664,132.7,132.694,132.705,132.69,169
2015-11-02 03:25:00,2015-11-02 03:26:00,132.672,132.681,132.681,132.666,132.694,132.703,132.703,132.69,198
2015-11-02 03:26:00,2015-11-02 03:27:00,132.681,132.685,132.685,132.667,132.703,132.706,132.706,132.691,156
2015-11-02 03:27:00,2015-11-02 03:28:00,132.685,132.708,132.708,132.683,132.706,132.731,132.731,132.705,59
2015-11-02 03:28:00,2015-11-02 03:29:00,132.708,132.683,132.709,132.679,132.731,132.706,132.732,132.701,143
2015-11-02 03:29:00,2015-11-02 03:30:00,132.683,132.696,132.702,132.683,132.706,132.72,132.724,132.707,170
2015-11-02 03:30:00,2015-11-02 03:31:00,132.696,132.703,132.703,132.691,132.72,132.726,132.727,132.714,110
2015-11-02 03:31:00,2015-11-02 03:32:00,132.703,132.694,132.707,132.693,132.726,132.717,132.73,132.717,43
2015-11-02 03:32:00,2015-11-02 03:33:00,132.694,132.681,132.693,132.68,132.717,132.703,132.717,132.702,64
2015-11-02 03:33:00,2015-11-02 03:34:00,132.681,132.698,132.698,132.676,132.703,132.721,132.722,132.698,127
2015-11-02 03:34:00,2015-11-02 03:35:00,132.698,132.694,132.701,132.693,132.721,132.717,132.724,132.716,69
2015-11-02 03:35:00,2015-11-02 03:36:00,132.694,132.662,132.693,132.661,132.717,132.688,132.717,132.686,87
2015-11-02 03:36:00,2015-11-02 03:37:00,132.662,132.646,132.67,132.642,132.688,132.672,132.696,132.667,338
2015-11-02 03:37:00,2015-11-02 03:38:00,132.646,132.642,132.653,132.634,132.672,132.668,132.678,132.658,213
2015-11-02 03:38:00,2015-11-02 03:39:00,132.642,132.629,132.642,132.625,132.668,132.653,132.668,132.65,212
2015-11-02 03:39:00,2015-11-02 03:40:00,132.629,132.656,132.657,132.622,132.653,132.682,132.682,132.647,229
2015-11-02 03:40:00,2015-11-02 03:41:00,132.656,132.643,132.657,132.631,132.682,132.669,132.682,132.655,208
2015-11-02 03:41:00,2015-11-02 03:42:00,132.643,132.638,132.642,132.613,132.669,132.659,132.669,132.64,234
2015-11-02 03:42:00,2015-11-02 03:43:00,132.638,132.643,132.647,132.635,132.659,132.663,132.666,132.656,84
2015-11-02 03:43:00,2015-11-02 03:44:00,132.643,132.645,132.645,132.639,132.663,132.666,132.667,132.66,43
2015-11-02 03:44:00,2015-11-02 03:45:00,132.645,132.624,132.644,132.615,132.666,132.644,132.666,132.638,137
2015-11-02 03:45:00,2015-11-02 03:46:00,132.624,132.646,132.646,132.623,132.644,132.667,132.667,132.644,162
2015-11-02 03:46:00,2015-11-02 03:47:00,132.646,132.649,132.65,132.646,132.667,132.673,132.673,132.669,49
2015-11-02 03:47:00,2015-11-02 03:48:00,132.649,132.649,132.652,132.646,132.673,132.67,132.675,132.669,35
2015-11-02 03:48:00,2015-11-02 03:49:00,132.649,132.658,132.662,132.647,132.67,132.681,132.686,132.67,132
2015-11-02 03:49:00,2015-11-02 03:50:00,132.658,132.642,132.658,132.641,132.681,132.666,132.682,132.664,78
2015-11-02 03:50:00,2015-11-02 03:51:00,132.642,132.675,132.685,132.642,132.666,132.696,132.709,132.665,177
2015-11-02 03:51:00,2015-11-02 03:52:00,132.675,132.676,132.688,132.663,132.696,132.699,132.713,132.685,163
2015-11-02 03:52:00,2015-11-02 03:53:00,132.676,132.69,132.69,132.675,132.699,132.714,132.714,132.696,136
2015-11-02 03:53:00,2015-11-02 03:54:00,132.69,132.689,132.696,132.681,132.714,132.714,132.719,132.707,90
2015-11-02 03:54:00,2015-11-02 03:55:00,132.689,132.686,132.692,132.685,132.714,132.71,132.716,132.708,115
2015-11-02 03:55:00,2015-11-02 03:56:00,132.686,132.709,132.709,132.683,132.71,132.731,132.733,132.706,107
2015-11-02 03:56:00,2015-11-02 03:57:00,132.709,132.711,132.716,132.704,132.731,132.734,132.74,132.726,180
2015-11-02 03:57:00,2015-11-02 03:58:00,132.711,132.704,132.715,132.704,132.734,132.727,132.739,132.727,87
2015-11-02 03:58:00,2015-11-02 03:59:00,132.704,132.689,132.703,132.689,132.727,132.71,132.727,132.71,98
2015-11-02 03:59:00,2015-11-02 04:00:00,132.689,132.695,132.697,132.68,132.71,132.717,132.721,132.704,167
2015-11-02 04:00:00,2015-11-02 04:01:00,132.695,132.687,132.698,132.687,132.717,132.71,132.722,132.709,79
2015-11-02 04:01:00,2015-11-02 04:02:00,132.687,132.689,132.691,132.679,132.71,132.712,132.715,132.702,92
2015-11-02 04:02:00,2015-11-02 04:03:00,132.689,132.696,132.696,132.688,132.712,132.718,132.718,132.709,74
2015-11-02 04:03:00,2015-11-02 04:04:00,132.696,132.702,132.706,132.694,132.718,132.725,132.729,132.715,89
2015-11-02 04:04:00,2015-11-02 04:05:00,132.702,132.696,132.706,132.695,132.725,132.718,132.729,132.718,60
2015-11-02 04:05:00,2015-11-02 04:06:00,132.696,132.694,132.698,132.693,132.718,132.716,132.72,132.715,19
2015-11-02 04:06:00,2015-11-02 04:07:00,132.694,132.698,132.698,132.689,132.716,132.721,132.722,132.711,32
2015-11-02 04:07:00,2015-11-02 04:08:00,132.698,132.688,132.705,132.685,132.721,132.711,132.727,132.707,130
2015-11-02 04:08:00,2015-11-02 04:09:00,132.688,132.685,132.688,132.68,132.711,132.709,132.71,132.701,54
2015-11-02 04:09:00,2015-11-02 04:10:00,132.685,132.689,132.697,132.683,132.709,132.711,132.72,132.704,68
2015-11-02 04:10:00,2015-11-02 04:11:00,132.689,132.689,132.691,132.679,132.711,132.711,132.714,132.7,109
2015-11-02 04:11:00,2015-11-02 04:12:00,132.689,132.673,132.689,132.673,132.711,132.696,132.71,132.695,49
2015-11-02 04:12:00,2015-11-02 04:13:00,132.673,132.692,132.692,132.673,132.696,132.715,132.716,132.695,72
2015-11-02 04:13:00,2015-11-02 04:14:00,132.692,132.71,132.711,132.693,132.715,132.733,132.734,132.715,74
2015-11-02 04:14:00,2015-11-02 04:15:00,132.71,132.702,132.71,132.692,132.733,132.724,132.732,132.714,73
2015-11-02 04:15:00,2015-11-02 04:16:00,132.702,132.697,132.712,132.695,132.724,132.719,132.734,132.717,126
2015-11-02 04:16:00,2015-11-02 04:17:00,132.697,132.711,132.711,132.697,132.719,132.734,132.735,132.72,116
2015-11-02 04:17:00,2015-11-02 04:18:00,132.711,132.71,132.718,132.704,132.734,132.732,132.741,132.725,98
2015-11-02 04:18:00,2015-11-02 04:19:00,132.71,132.721,132.721,132.706,132.732,132.743,132.743,132.727,63
2015-11-02 04:19:00,2015-11-02 04:20:00,132.721,132.748,132.75,132.721,132.743,132.773,132.774,132.744,83
2015-11-02 04:20:00,2015-11-02 04:21:00,132.748,132.752,132.752,132.737,132.773,132.774,132.774,132.76,96
2015-11-02 04:21:00,2015-11-02 04:22:00,132.752,132.74,132.752,132.737,132.774,132.764,132.775,132.761,116
2015-11-02 04:22:00,2015-11-02 04:23:00,132.74,132.741,132.749,132.735,132.764,132.766,132.774,132.761,63
2015-11-02 04:23:00,2015-11-02 04:24:00,132.741,132.731,132.741,132.731,132.766,132.754,132.766,132.754,25
2015-11-02 04:24:00,2015-11-02 04:25:00,132.731,132.719,132.731,132.716,132.754,132.744,132.753,132.74,67
2015-11-02 04:25:00,2015-11-02 04:26:00,132.719,132.717,132.721,132.71,132.744,132.739,132.743,132.734,53
2015-11-02 04:26:00,2015-11-02 04:27:00,132.717,132.724,132.724,132.718,132.739,132.744,132.745,132.739,48
2015-11-02 04:27:00,2015-11-02 04:28:00,132.724,132.722,132.731,132.722,132.744,132.745,132.754,132.743,44
2015-11-02 04:28:00,2015-11-02 04:29:00,132.722,132.728,132.729,132.72,132.745,132.75,132.753,132.743,64
2015-11-02 04:29:00,2015-11-02 04:30:00,132.728,132.728,132.73,132.724,132.75,132.752,132.754,132.749,50
2015-11-02 04:30:00,2015-11-02 04:31:00,132.728,132.733,132.736,132.721,132.752,132.758,132.762,132.747,73
2015-11-02 04:31:00,2015-11-02 04:32:00,132.733,132.723,132.736,132.711,132.758,132.746,132.761,132.736,125
2015-11-02 04:32:00,2015-11-02 04:33:00,132.723,132.721,132.726,132.721,132.746,132.745,132.749,132.745,44
2015-11-02 04:33:00,2015-11-02 04:34:00,132.721,132.723,132.725,132.717,132.745,132.746,132.747,132.744,25
2015-11-02 04:34:00,2015-11-02 04:35:00,132.723,132.737,132.749,132.724,132.746,132.762,132.773,132.746,202
2015-11-02 04:35:00,2015-11-02 04:36:00,132.737,132.731,132.738,132.73,132.762,132.757,132.763,132.756,37
2015-11-02 04:36:00,2015-11-02 04:37:00,132.731,132.728,132.737,132.726,132.757,132.753,132.761,132.752,74
2015-11-02 04:37:00,2015-11-02 04:38:00,132.728,132.724,132.729,132.72,132.753,132.747,132.753,132.744,59
2015-11-02 04:38:00,2015-11-02 04:39:00,132.724,132.725,132.731,132.722,132.747,132.748,132.754,132.745,82
2015-11-02 04:39:00,2015-11-02 04:40:00,132.725,132.717,132.726,132.717,132.748,132.741,132.749,132.741,34
2015-11-02 04:40:00,2015-11-02 04:41:00,132.717,132.726,132.731,132.717,132.741,132.749,132.754,132.741,85
2015-11-02 04:41:00,2015-11-02 04:42:00,132.726,132.724,132.733,132.72,132.749,132.747,132.755,132.744,80
2015-11-02 04:42:00,2015-11-02 04:43:00,132.724,132.716,132.723,132.712,132.747,132.739,132.747,132.734,45
2015-11-02 04:43:00,2015-11-02 04:44:00,132.716,132.711,132.716,132.703,132.739,132.734,132.739,132.726,97
2015-11-02 04:44:00,2015-11-02 04:45:00,132.711,132.706,132.715,132.705,132.734,132.729,132.739,132.727,84
2015-11-02 04:45:00,2015-11-02 04:46:00,132.706,132.702,132.706,132.694,132.729,132.726,132.73,132.718,72
2015-11-02 04:46:00,2015-11-02 04:47:00,132.702,132.703,132.711,132.702,132.726,132.726,132.734,132.725,65
2015-11-02 04:47:00,2015-11-02 04:48:00,132.703,132.719,132.721,132.703,132.726,132.743,132.745,132.726,78
2015-11-02 04:48:00,2015-11-02 04:49:00,132.719,132.726,132.728,132.72,132.743,132.75,132.751,132.743,29
2015-11-02 04:49:00,2015-11-02 04:50:00,132.726,132.72,132.733,132.718,132.75,132.743,132.756,132.741,80
2015-11-02 04:50:00,2015-11-02 04:51:00,132.72,132.716,132.725,132.714,132.743,132.738,132.749,132.737,88
2015-11-02 04:51:00,2015-11-02 04:52:00,132.716,132.73,132.73,132.716,132.738,132.754,132.754,132.738,55
2015-11-02 04:52:00,2015-11-02 04:53:00,132.73,132.737,132.738,132.73,132.754,132.762,132.762,132.753,68
2015-11-02 04:53:00,2015-11-02 04:54:00,132.737,132.73,132.74,132.725,132.762,132.752,132.763,132.748,152
2015-11-02 04:54:00,2015-11-02 04:55:00,132.73,132.726,132.733,132.715,132.752,132.748,132.756,132.738,102
2015-11-02 04:55:00,2015-11-02 04:56:00,132.726,132.726,132.733,132.725,132.748,132.75,132.756,132.748,67
2015-11-02 04:56:00,2015-11-02 04:57:00,132.726,132.725,132.727,132.724,132.75,132.749,132.75,132.748,20
2015-11-02 04:57:00,2015-11-02 04:58:00,132.725,132.728,132.729,132.725,132.749,132.751,132.753,132.749,39
2015-11-02 04:58:00,2015-11-02 04:59:00,132.728,132.724,132.73,132.724,132.751,132.748,132.754,132.748,36
2015-11-02 04:59:00,2015-11-02 05:00:00,132.724,132.71,132.725,132.709,132.748,132.733,132.748,132.732,62
2015-11-02 05:00:00,2015-11-02 05:01:00,132.71,132.707,132.71,132.705,132.733,132.73,132.732,132.726,30
2015-11-02 05:01:00,2015-11-02 05:02:00,132.707,132.697,132.708,132.696,132.73,132.719,132.73,132.718,85
2015-11-02 05:02:00,2015-11-02 05:03:00,132.697,132.701,132.708,132.696,132.719,132.724,132.731,132.718,86
2015-11-02 05:03:00,2015-11-02 05:04:00,132.701,132.696,132.703,132.686,132.724,132.72,132.726,132.71,98
2015-11-02 05:04:00,2015-11-02 05:05:00,132.696,132.686,132.696,132.686,132.72,132.71,132.718,132.71,80
2015-11-02 05:05:00,2015-11-02 05:06:00,132.686,132.683,132.687,132.681,132.71,132.707,132.711,132.705,26
2015-11-02 05:06:00,2015-11-02 05:07:00,132.683,132.679,132.69,132.675,132.707,132.706,132.714,132.698,150
2015-11-02 05:07:00,2015-11-02 05:08:00,132.679,132.68,132.681,132.662,132.706,132.705,132.706,132.688,203
2015-11-02 05:08:00,2015-11-02 05:09:00,132.68,132.689,132.689,132.681,132.705,132.711,132.714,132.704,72
2015-11-02 05:09:00,2015-11-02 05:10:00,132.689,132.675,132.695,132.672,132.711,132.697,132.715,132.696,75
2015-11-02 05:10:00,2015-11-02 05:11:00,132.675,132.679,132.68,132.674,132.697,132.702,132.703,132.697,46
2015-11-02 05:11:00,2015-11-02 05:12:00,132.679,132.676,132.68,132.673,132.702,132.699,132.702,132.693,38
2015-11-02 05:12:00,2015-11-02 05:13:00,132.676,132.676,132.677,132.674,132.699,132.7,132.7,132.694,25
2015-11-02 05:13:00,2015-11-02 05:14:00,132.676,132.679,132.68,132.676,132.7,132.702,132.702,132.699,18
2015-11-02 05:14:00,2015-11-02 05:15:00,132.679,132.678,132.68,132.676,132.702,132.7,132.702,132.697,45
2015-11-02 05:15:00,2015-11-02 05:16:00,132.678,132.678,132.679,132.675,132.7,132.7,132.7,132.695,27
2015-11-02 05:16:00,2015-11-02 05:17:00,132.678,132.685,132.687,132.678,132.7,132.708,132.709,132.7,35
2015-11-02 05:17:00,2015-11-02 05:18:00,132.685,132.703,132.703,132.684,132.708,132.725,132.726,132.708,87
2015-11-02 05:18:00,2015-11-02 05:19:00,132.703,132.698,132.708,132.698,132.725,132.722,132.731,132.722,92
2015-11-02 05:19:00,2015-11-02 05:20:00,132.698,132.671,132.703,132.668,132.722,132.696,132.726,132.693,125
2015-11-02 05:20:00,2015-11-02 05:21:00,132.671,132.673,132.679,132.671,132.696,132.697,132.702,132.696,74
2015-11-02 05:21:00,2015-11-02 05:22:00,132.673,132.677,132.677,132.672,132.697,132.699,132.7,132.695,35
2015-11-02 05:22:00,2015-11-02 05:23:00,132.677,132.68,132.697,132.678,132.699,132.704,132.719,132.699,161
2015-11-02 05:23:00,2015-11-02 05:24:00,132.68,132.676,132.685,132.675,132.704,132.697,132.707,132.696,73
2015-11-02 05:24:00,2015-11-02 05:25:00,132.676,132.666,132.687,132.66,132.697,132.687,132.709,132.683,176
2015-11-02 05:25:00,2015-11-02 05:26:00,132.666,132.667,132.67,132.648,132.687,132.691,132.695,132.671,211
2015-11-02 05:26:00,2015-11-02 05:27:00,132.667,132.67,132.67,132.66,132.691,132.692,132.693,132.684,93
2015-11-02 05:27:00,2015-11-02 05:28:00,132.67,132.675,132.678,132.669,132.692,132.697,132.699,132.69,59
2015-11-02 05:28:00,2015-11-02 05:29:00,132.675,132.675,132.675,132.673,132.697,132.697,132.697,132.696,13
2015-11-02 05:29:00,2015-11-02 05:30:00,132.675,132.666,132.674,132.658,132.697,132.689,132.697,132.683,84
2015-11-02 05:30:00,2015-11-02 05:31:00,132.666,132.666,132.674,132.66,132.689,132.688,132.698,132.685,164
2015-11-02 05:31:00,2015-11-02 05:32:00,132.666,132.668,132.676,132.657,132.688,132.69,132.697,132.68,121
2015-11-02 05:32:00,2015-11-02 05:33:00,132.668,132.668,132.669,132.666,132.69,132.691,132.692,132.689,42
2015-11-02 05:33:00,2015-11-02 05:34:00,132.668,132.668,132.679,132.666,132.691,132.69,132.701,132.688,96
2015-11-02 05:34:00,2015-11-02 05:35:00,132.668,132.668,132.669,132.66,132.69,132.69,132.692,132.683,91
2015-11-02 05:35:00,2015-11-02 05:36:00,132.668,132.694,132.702,132.668,132.69,132.717,132.723,132.691,238
2015-11-02 05:36:00,2015-11-02 05:37:00,132.694,132.703,132.704,132.695,132.717,132.727,132.728,132.717,72
2015-11-02 05:37:00,2015-11-02 05:38:00,132.703,132.708,132.712,132.699,132.727,132.734,132.737,132.724,110
2015-11-02 05:38:00,2015-11-02 05:39:00,132.708,132.721,132.737,132.707,132.734,132.744,132.763,132.73,199
2015-11-02 05:39:00,2015-11-02 05:40:00,132.721,132.739,132.743,132.72,132.744,132.763,132.767,132.744,85
2015-11-02 05:40:00,2015-11-02 05:41:00,132.739,132.744,132.745,132.731,132.763,132.768,132.77,132.753,184
2015-11-02 05:41:00,2015-11-02 05:42:00,132.744,132.748,132.75,132.743,132.768,132.772,132.775,132.768,65
2015-11-02 05:42:00,2015-11-02 05:43:00,132.748,132.768,132.814,132.747,132.772,132.795,132.841,132.771,324
2015-11-02 05:43:00,2015-11-02 05:44:00,132.768,132.777,132.777,132.757,132.795,132.803,132.803,132.783,334
2015-11-02 05:44:00,2015-11-02 05:45:00,132.777,132.773,132.786,132.768,132.803,132.799,132.811,132.793,164
2015-11-02 05:45:00,2015-11-02 05:46:00,132.773,132.778,132.782,132.773,132.799,132.803,132.807,132.799,141
2015-11-02 05:46:00,2015-11-02 05:47:00,132.778,132.784,132.785,132.771,132.803,132.809,132.811,132.795,233
2015-11-02 05:47:00,2015-11-02 05:48:00,132.784,132.779,132.784,132.772,132.809,132.806,132.81,132.799,88
2015-11-02 05:48:00,2015-11-02 05:49:00,132.779,132.77,132.779,132.751,132.806,132.795,132.806,132.777,238
2015-11-02 05:49:00,2015-11-02 05:50:00,132.77,132.761,132.774,132.757,132.795,132.786,132.799,132.784,133
2015-11-02 05:50:00,2015-11-02 05:51:00,132.761,132.776,132.783,132.755,132.786,132.8,132.806,132.777,264
2015-11-02 05:51:00,2015-11-02 05:52:00,132.776,132.765,132.775,132.753,132.8,132.788,132.8,132.777,180
2015-11-02 05:52:00,2015-11-02 05:53:00,132.765,132.78,132.791,132.763,132.788,132.803,132.815,132.787,364
2015-11-02 05:53:00,2015-11-02 05:54:00,132.78,132.785,132.789,132.768,132.803,132.807,132.81,132.792,155
2015-11-02 05:54:00,2015-11-02 05:55:00,132.785,132.79,132.795,132.778,132.807,132.813,132.815,132.802,316
2015-11-02 05:55:00,2015-11-02 05:56:00,132.79,132.782,132.804,132.78,132.813,132.806,132.824,132.801,134
2015-11-02 05:56:00,2015-11-02 05:57:00,132.782,132.78,132.784,132.777,132.806,132.802,132.806,132.801,81
2015-11-02 05:57:00,2015-11-02 05:58:00,132.78,132.756,132.781,132.754,132.802,132.778,132.804,132.775,194
2015-11-02 05:58:00,2015-11-02 05:59:00,132.756,132.763,132.772,132.752,132.778,132.785,132.796,132.773,174
2015-11-02 05:59:00,2015-11-02 06:00:00,132.763,132.701,132.762,132.696,132.785,132.724,132.785,132.72,275
2015-11-02 06:00:00,2015-11-02 06:01:00,132.701,132.709,132.717,132.701,132.724,132.733,132.74,132.724,152
2015-11-02 06:01:00,2015-11-02 06:02:00,132.709,132.717,132.717,132.697,132.733,132.74,132.74,132.721,96
2015-11-02 06:02:00,2015-11-02 06:03:00,132.717,132.766,132.771,132.716,132.74,132.79,132.794,132.739,213
2015-11-02 06:03:00,2015-11-02 06:04:00,132.766,132.767,132.767,132.741,132.79,132.792,132.792,132.767,237
2015-11-02 06:04:00,2015-11-02 06:05:00,132.767,132.781,132.792,132.766,132.792,132.803,132.816,132.792,177
2015-11-02 06:05:00,2015-11-02 06:06:00,132.781,132.753,132.787,132.751,132.803,132.78,132.81,132.775,163
2015-11-02 06:06:00,2015-11-02 06:07:00,132.753,132.765,132.786,132.753,132.78,132.791,132.808,132.779,222
2015-11-02 06:07:00,2015-11-02 06:08:00,132.765,132.786,132.787,132.765,132.791,132.808,132.81,132.791,143
2015-11-02 06:08:00,2015-11-02 06:09:00,132.786,132.79,132.795,132.781,132.808,132.813,132.817,132.804,134
2015-11-02 06:09:00,2015-11-02 06:10:00,132.79,132.798,132.801,132.791,132.813,132.821,132.822,132.813,138
2015-11-02 06:10:00,2015-11-02 06:11:00,132.798,132.808,132.818,132.796,132.821,132.832,132.84,132.818,258
2015-11-02 06:11:00,2015-11-02 06:12:00,132.808,132.814,132.821,132.802,132.832,132.838,132.845,132.824,205
2015-11-02 06:12:00,2015-11-02 06:13:00,132.814,132.85,132.853,132.803,132.838,132.87,132.876,132.829,411
2015-11-02 06:13:00,2015-11-02 06:14:00,132.85,132.845,132.85,132.835,132.87,132.869,132.872,132.858,277
2015-11-02 06:14:00,2015-11-02 06:15:00,132.845,132.876,132.902,132.846,132.869,132.902,132.929,132.868,370
2015-11-02 06:15:00,2015-11-02 06:16:00,132.876,132.882,132.892,132.87,132.902,132.908,132.918,132.896,218
2015-11-02 06:16:00,2015-11-02 06:17:00,132.882,132.868,132.885,132.863,132.908,132.895,132.911,132.888,212
2015-11-02 06:17:00,2015-11-02 06:18:00,132.868,132.863,132.871,132.857,132.895,132.888,132.897,132.883,94
2015-11-02 06:18:00,2015-11-02 06:19:00,132.863,132.875,132.877,132.857,132.888,132.898,132.903,132.882,146
2015-11-02 06:19:00,2015-11-02 06:20:00,132.875,132.891,132.891,132.863,132.898,132.913,132.914,132.883,181
2015-11-02 06:20:00,2015-11-02 06:21:00,132.891,132.917,132.92,132.891,132.913,132.941,132.943,132.912,117
2015-11-02 06:21:00,2015-11-02 06:22:00,132.917,132.921,132.921,132.902,132.941,132.942,132.944,132.929,168
2015-11-02 06:22:00,2015-11-02 06:23:00,132.921,132.882,132.923,132.882,132.942,132.908,132.946,132.907,282
2015-11-02 06:23:00,2015-11-02 06:24:00,132.882,132.856,132.884,132.855,132.908,132.878,132.909,132.878,123
2015-11-02 06:24:00,2015-11-02 06:25:00,132.856,132.85,132.858,132.85,132.878,132.871,132.88,132.871,50
2015-11-02 06:25:00,2015-11-02 06:26:00,132.85,132.845,132.853,132.838,132.871,132.869,132.873,132.863,122
2015-11-02 06:26:00,2015-11-02 06:27:00,132.845,132.868,132.87,132.844,132.869,132.889,132.889,132.869,70
2015-11-02 06:27:00,2015-11-02 06:28:00,132.868,132.871,132.881,132.869,132.889,132.896,132.901,132.889,76
2015-11-02 06:28:00,2015-11-02 06:29:00,132.871,132.839,132.873,132.834,132.896,132.865,132.897,132.86,216
2015-11-02 06:29:00,2015-11-02 06:30:00,132.839,132.814,132.84,132.806,132.865,132.836,132.865,132.83,197
2015-11-02 06:30:00,2015-11-02 06:31:00,132.814,132.803,132.813,132.796,132.836,132.829,132.836,132.821,110
2015-11-02 06:31:00,2015-11-02 06:32:00,132.803,132.789,132.81,132.789,132.829,132.812,132.834,132.812,129
2015-11-02 06:32:00,2015-11-02 06:33:00,132.789,132.8,132.803,132.79,132.812,132.822,132.825,132.812,108
2015-11-02 06:33:00,2015-11-02 06:34:00,132.8,132.783,132.8,132.782,132.822,132.807,132.823,132.806,77
2015-11-02 06:34:00,2015-11-02 06:35:00,132.783,132.81,132.811,132.779,132.807,132.836,132.837,132.803,101
2015-11-02 06:35:00,2015-11-02 06:36:00,132.81,132.8,132.81,132.799,132.836,132.825,132.835,132.82,79
2015-11-02 06:36:00,2015-11-02 06:37:00,132.8,132.803,132.805,132.795,132.825,132.83,132.831,132.821,59
2015-11-02 06:37:00,2015-11-02 06:38:00,132.803,132.811,132.811,132.802,132.83,132.837,132.837,132.828,54
2015-11-02 06:38:00,2015-11-02 06:39:00,132.811,132.805,132.812,132.799,132.837,132.832,132.838,132.825,66
2015-11-02 06:39:00,2015-11-02 06:40:00,132.805,132.81,132.81,132.797,132.832,132.836,132.836,132.823,127
2015-11-02 06:40:00,2015-11-02 06:41:00,132.81,132.796,132.812,132.789,132.836,132.82,132.838,132.812,116
2015-11-02 06:41:00,2015-11-02 06:42:00,132.796,132.794,132.799,132.784,132.82,132.819,132.825,132.809,132
2015-11-02 06:42:00,2015-11-02 06:43:00,132.794,132.788,132.793,132.782,132.819,132.813,132.818,132.807,77
2015-11-02 06:43:00,2015-11-02 06:44:00,132.788,132.795,132.796,132.787,132.813,132.819,132.821,132.81,82
2015-11-02 06:44:00,2015-11-02 06:45:00,132.795,132.775,132.797,132.768,132.819,132.8,132.821,132.791,213
2015-11-02 06:45:00,2015-11-02 06:46:00,132.775,132.77,132.794,132.77,132.8,132.795,132.817,132.795,229
2015-11-02 06:46:00,2015-11-02 06:47:00,132.77,132.765,132.776,132.758,132.795,132.789,132.801,132.782,219
2015-11-02 06:47:00,2015-11-02 06:48:00,132.765,132.748,132.765,132.742,132.789,132.773,132.79,132.767,301
2015-11-02 06:48:00,2015-11-02 06:49:00,132.748,132.752,132.755,132.746,132.773,132.776,132.779,132.77,147
2015-11-02 06:49:00,2015-11-02 06:50:00,132.752,132.755,132.757,132.75,132.776,132.78,132.782,132.774,107
2015-11-02 06:50:00,2015-11-02 06:51:00,132.755,132.764,132.768,132.753,132.78,132.787,132.793,132.778,215
2015-11-02 06:51:00,2015-11-02 06:52:00,132.764,132.778,132.781,132.765,132.787,132.8,132.804,132.788,58
2015-11-02 06:52:00,2015-11-02 06:53:00,132.778,132.775,132.779,132.775,132.8,132.797,132.8,132.796,39
2015-11-02 06:53:00,2015-11-02 06:54:00,132.775,132.781,132.784,132.773,132.797,132.804,132.807,132.795,79
2015-11-02 06:54:00,2015-11-02 06:55:00,132.781,132.792,132.792,132.777,132.804,132.815,132.816,132.799,57
2015-11-02 06:55:00,2015-11-02 06:56:00,132.792,132.799,132.804,132.791,132.815,132.821,132.829,132.814,159
2015-11-02 06:56:00,2015-11-02 06:57:00,132.799,132.788,132.806,132.788,132.821,132.809,132.828,132.809,108
2015-11-02 06:57:00,2015-11-02 06:58:00,132.788,132.797,132.798,132.786,132.809,132.819,132.822,132.806,202
2015-11-02 06:58:00,2015-11-02 06:59:00,132.797,132.799,132.802,132.791,132.819,132.816,132.826,132.813,277
2015-11-02 06:59:00,2015-11-02 07:00:00,132.799,132.778,132.801,132.778,132.816,132.796,132.82,132.796,381
2015-11-02 07:00:00,2015-11-02 07:01:00,132.778,132.841,132.85,132.779,132.796,132.86,132.87,132.798,543
2015-11-02 07:01:00,2015-11-02 07:02:00,132.841,132.842,132.847,132.833,132.86,132.866,132.866,132.856,145
2015-11-02 07:02:00,2015-11-02 07:03:00,132.842,132.856,132.86,132.832,132.866,132.877,132.882,132.855,206
2015-11-02 07:03:00,2015-11-02 07:04:00,132.856,132.877,132.912,132.856,132.877,132.901,132.936,132.881,423
2015-11-02 07:04:00,2015-11-02 07:05:00,132.877,132.868,132.882,132.858,132.901,132.891,132.908,132.882,296
2015-11-02 07:05:00,2015-11-02 07:06:00,132.868,132.801,132.87,132.796,132.891,132.825,132.895,132.821,273
2015-11-02 07:06:00,2015-11-02 07:07:00,132.801,132.856,132.856,132.801,132.825,132.88,132.88,132.824,288
2015-11-02 07:07:00,2015-11-02 07:08:00,132.856,132.849,132.857,132.836,132.88,132.872,132.882,132.861,297
2015-11-02 07:08:00,2015-11-02 07:09:00,132.849,132.853,132.868,132.841,132.872,132.878,132.89,132.868,198
2015-11-02 07:09:00,2015-11-02 07:10:00,132.853,132.856,132.879,132.847,132.878,132.879,132.903,132.869,296
2015-11-02 07:10:00,2015-11-02 07:11:00,132.856,132.849,132.862,132.836,132.879,132.873,132.886,132.861,253
2015-11-02 07:11:00,2015-11-02 07:12:00,132.849,132.852,132.861,132.85,132.873,132.875,132.885,132.873,127
2015-11-02 07:12:00,2015-11-02 07:13:00,132.852,132.855,132.864,132.846,132.875,132.878,132.888,132.87,146
2015-11-02 07:13:00,2015-11-02 07:14:00,132.855,132.857,132.863,132.845,132.878,132.879,132.884,132.87,169
2015-11-02 07:14:00,2015-11-02 07:15:00,132.857,132.863,132.871,132.856,132.879,132.882,132.893,132.879,201
2015-11-02 07:15:00,2015-11-02 07:16:00,132.863,132.861,132.879,132.86,132.882,132.883,132.897,132.88,75
2015-11-02 07:16:00,2015-11-02 07:17:00,132.861,132.857,132.867,132.857,132.883,132.878,132.887,132.877,62
2015-11-02 07:17:00,2015-11-02 07:18:00,132.857,132.885,132.885,132.857,132.878,132.904,132.906,132.877,186
2015-11-02 07:18:00,2015-11-02 07:19:00,132.885,132.897,132.909,132.879,132.904,132.918,132.931,132.901,241
2015-11-02 07:19:00,2015-11-02 07:20:00,132.897,132.905,132.914,132.892,132.918,132.928,132.937,132.914,184
2015-11-02 07:20:00,2015-11-02 07:21:00,132.905,132.901,132.926,132.897,132.928,132.924,132.949,132.92,241
2015-11-02 07:21:00,2015-11-02 07:22:00,132.901,132.881,132.91,132.879,132.924,132.905,132.934,132.903,299
2015-11-02 07:22:00,2015-11-02 07:23:00,132.881,132.862,132.881,132.861,132.905,132.886,132.904,132.885,126
2015-11-02 07:23:00,2015-11-02 07:24:00,132.862,132.897,132.897,132.837,132.886,132.92,132.921,132.86,253
2015-11-02 07:24:00,2015-11-02 07:25:00,132.897,132.894,132.9,132.89,132.92,132.917,132.923,132.914,87
2015-11-02 07:25:00,2015-11-02 07:26:00,132.894,132.881,132.894,132.878,132.917,132.905,132.918,132.9,154
2015-11-02 07:26:00,2015-11-02 07:27:00,132.881,132.917,132.918,132.882,132.905,132.937,132.937,132.905,257
2015-11-02 07:27:00,2015-11-02 07:28:00,132.917,132.943,132.947,132.914,132.937,132.965,132.967,132.933,257
2015-11-02 07:28:00,2015-11-02 07:29:00,132.943,132.934,132.949,132.932,132.965,132.957,132.97,132.956,211
2015-11-02 07:29:00,2015-11-02 07:30:00,132.934,132.907,132.948,132.907,132.957,132.929,132.969,132.929,214
2015-11-02 07:30:00,2015-11-02 07:31:00,132.907,132.882,132.908,132.874,132.929,132.906,132.931,132.896,141
2015-11-02 07:31:00,2015-11-02 07:32:00,132.882,132.883,132.899,132.88,132.906,132.907,132.924,132.904,170
2015-11-02 07:32:00,2015-11-02 07:33:00,132.883,132.907,132.907,132.87,132.907,132.932,132.932,132.894,130
2015-11-02 07:33:00,2015-11-02 07:34:00,132.907,132.881,132.907,132.881,132.932,132.907,132.932,132.906,123
2015-11-02 07:34:00,2015-11-02 07:35:00,132.881,132.853,132.888,132.843,132.907,132.877,132.914,132.865,229
2015-11-02 07:35:00,2015-11-02 07:36:00,132.853,132.901,132.901,132.851,132.877,132.924,132.924,132.874,202
2015-11-02 07:36:00,2015-11-02 07:37:00,132.901,132.934,132.936,132.897,132.924,132.957,132.959,132.918,209
2015-11-02 07:37:00,2015-11-02 07:38:00,132.934,132.976,132.977,132.929,132.957,132.999,132.999,132.952,355
2015-11-02 07:38:00,2015-11-02 07:39:00,132.976,132.977,132.981,132.957,132.999,133.002,133.003,132.98,323
2015-11-02 07:39:00,2015-11-02 07:40:00,132.977,132.97,132.987,132.967,133.002,132.993,133.009,132.99,252
2015-11-02 07:40:00,2015-11-02 07:41:00,132.97,132.97,132.983,132.964,132.993,132.993,133.004,132.987,282
2015-11-02 07:41:00,2015-11-02 07:42:00,132.97,132.96,132.977,132.957,132.993,132.983,132.999,132.982,161
2015-11-02 07:42:00,2015-11-02 07:43:00,132.96,132.95,132.961,132.946,132.983,132.974,132.985,132.969,69
2015-11-02 07:43:00,2015-11-02 07:44:00,132.95,132.981,132.982,132.948,132.974,133.003,133.005,132.971,200
2015-11-02 07:44:00,2015-11-02 07:45:00,132.981,133.038,133.052,132.976,133.003,133.06,133.075,132.999,371
2015-11-02 07:45:00,2015-11-02 07:46:00,133.038,133.084,133.088,133.038,133.06,133.108,133.108,133.061,360
2015-11-02 07:46:00,2015-11-02 07:47:00,133.084,133.079,133.084,133.067,133.108,133.102,133.107,133.09,301
2015-11-02 07:47:00,2015-11-02 07:48:00,133.079,133.089,133.099,133.07,133.102,133.111,133.122,133.091,276
2015-11-02 07:48:00,2015-11-02 07:49:00,133.089,133.076,133.092,133.065,133.111,133.098,133.112,133.086,231
2015-11-02 07:49:00,2015-11-02 07:50:00,133.076,133.096,133.1,133.069,133.098,133.117,133.122,133.092,275
2015-11-02 07:50:00,2015-11-02 07:51:00,133.096,133.056,133.094,133.051,133.117,133.078,133.117,133.074,288
2015-11-02 07:51:00,2015-11-02 07:52:00,133.056,133.033,133.055,133.026,133.078,133.056,133.078,133.05,171
2015-11-02 07:52:00,2015-11-02 07:53:00,133.033,133.004,133.036,133.004,133.056,133.026,133.058,133.026,204
2015-11-02 07:53:00,2015-11-02 07:54:00,133.004,132.995,133.01,132.974,133.026,133.019,133.032,132.996,367
2015-11-02 07:54:00,2015-11-02 07:55:00,132.995,133.006,133.017,132.99,133.019,133.029,133.037,133.009,181
2015-11-02 07:55:00,2015-11-02 07:56:00,133.006,133.005,133.012,132.997,133.029,133.025,133.029,133.019,105
2015-11-02 07:56:00,2015-11-02 07:57:00,133.005,133.007,133.033,132.996,133.025,133.028,133.054,133.014,173
2015-11-02 07:57:00,2015-11-02 07:58:00,133.007,133.035,133.036,132.999,133.028,133.056,133.058,133.023,379
2015-11-02 07:58:00,2015-11-02 07:59:00,133.035,133.033,133.057,133.029,133.056,133.055,133.078,133.051,251
2015-11-02 07:59:00,2015-11-02 08:00:00,133.033,133.033,133.043,133.018,133.055,133.057,133.066,133.04,315
2015-11-02 08:00:00,2015-11-02 08:01:00,133.033,133.078,133.084,133.033,133.057,133.103,133.107,133.056,470
2015-11-02 08:01:00,2015-11-02 08:02:00,133.078,133.055,133.078,133.047,133.103,133.077,133.102,133.072,315
2015-11-02 08:02:00,2015-11-02 08:03:00,133.055,133.073,133.081,133.054,133.077,133.095,133.102,133.076,447
2015-11-02 08:03:00,2015-11-02 08:04:00,133.073,133.04,133.073,133.031,133.095,133.061,133.096,133.051,396
2015-11-02 08:04:00,2015-11-02 08:05:00,133.04,133.066,133.066,133.04,133.061,133.085,133.085,133.061,311
2015-11-02 08:05:00,2015-11-02 08:06:00,133.066,132.996,133.066,132.985,133.085,133.019,133.089,133.009,348
2015-11-02 08:06:00,2015-11-02 08:07:00,132.996,132.956,132.998,132.953,133.019,132.978,133.021,132.977,474
2015-11-02 08:07:00,2015-11-02 08:08:00,132.956,132.958,132.961,132.944,132.978,132.98,132.983,132.963,401
2015-11-02 08:08:00,2015-11-02 08:09:00,132.958,132.96,132.97,132.943,132.98,132.981,132.992,132.965,344
2015-11-02 08:09:00,2015-11-02 08:10:00,132.96,132.945,132.962,132.938,132.981,132.968,132.984,132.958,228
2015-11-02 08:10:00,2015-11-02 08:11:00,132.945,132.921,132.946,132.903,132.968,132.943,132.969,132.924,316
2015-11-02 08:11:00,2015-11-02 08:12:00,132.921,132.916,132.937,132.909,132.943,132.939,132.958,132.931,236
2015-11-02 08:12:00,2015-11-02 08:13:00,132.916,132.93,132.936,132.916,132.939,132.955,132.959,132.939,215
2015-11-02 08:13:00,2015-11-02 08:14:00,132.93,132.927,132.932,132.906,132.955,132.952,132.955,132.931,200
2015-11-02 08:14:00,2015-11-02 08:15:00,132.927,132.884,132.93,132.881,132.952,132.906,132.954,132.904,452
2015-11-02 08:15:00,2015-11-02 08:16:00,132.884,132.855,132.884,132.852,132.906,132.88,132.906,132.874,302
2015-11-02 08:16:00,2015-11-02 08:17:00,132.855,132.864,132.873,132.856,132.88,132.886,132.899,132.875,368
2015-11-02 08:17:00,2015-11-02 08:18:00,132.864,132.868,132.884,132.862,132.886,132.889,132.907,132.883,198
2015-11-02 08:18:00,2015-11-02 08:19:00,132.868,132.857,132.868,132.843,132.889,132.881,132.891,132.866,180
2015-11-02 08:19:00,2015-11-02 08:20:00,132.857,132.878,132.883,132.853,132.881,132.9,132.904,132.874,322
2015-11-02 08:20:00,2015-11-02 08:21:00,132.878,132.851,132.878,132.841,132.9,132.875,132.901,132.863,274
2015-11-02 08:21:00,2015-11-02 08:22:00,132.851,132.787,132.865,132.782,132.875,132.809,132.888,132.803,621
2015-11-02 08:22:00,2015-11-02 08:23:00,132.787,132.813,132.813,132.772,132.809,132.837,132.837,132.793,462
2015-11-02 08:23:00,2015-11-02 08:24:00,132.813,132.778,132.826,132.768,132.837,132.803,132.849,132.791,674
2015-11-02 08:24:00,2015-11-02 08:25:00,132.778,132.791,132.805,132.774,132.803,132.815,132.83,132.795,433
2015-11-02 08:25:00,2015-11-02 08:26:00,132.791,132.779,132.793,132.765,132.815,132.802,132.817,132.785,374
2015-11-02 08:26:00,2015-11-02 08:27:00,132.779,132.767,132.798,132.758,132.802,132.793,132.822,132.783,439
2015-11-02 08:27:00,2015-11-02 08:28:00,132.767,132.811,132.815,132.765,132.793,132.836,132.84,132.788,258
2015-11-02 08:28:00,2015-11-02 08:29:00,132.811,132.822,132.825,132.785,132.836,132.846,132.848,132.809,404
2015-11-02 08:29:00,2015-11-02 08:30:00,132.822,132.851,132.853,132.796,132.846,132.874,132.875,132.819,617
2015-11-02 08:30:00,2015-11-02 08:31:00,132.851,132.892,132.917,132.852,132.874,132.917,132.941,132.874,450
2015-11-02 08:31:00,2015-11-02 08:32:00,132.892,132.919,132.922,132.893,132.917,132.94,132.946,132.915,270
2015-11-02 08:32:00,2015-11-02 08:33:00,132.919,132.915,132.936,132.915,132.94,132.937,132.958,132.936,316
2015-11-02 08:33:00,2015-11-02 08:34:00,132.915,132.888,132.916,132.887,132.937,132.913,132.94,132.911,228
2015-11-02 08:34:00,2015-11-02 08:35:00,132.888,132.905,132.923,132.886,132.913,132.926,132.944,132.908,279
2015-11-02 08:35:00,2015-11-02 08:36:00,132.905,132.9,132.906,132.887,132.926,132.92,132.927,132.909,236
2015-11-02 08:36:00,2015-11-02 08:37:00,132.9,132.898,132.908,132.879,132.92,132.92,132.929,132.9,330
2015-11-02 08:37:00,2015-11-02 08:38:00,132.898,132.884,132.908,132.883,132.92,132.907,132.93,132.905,209
2015-11-02 08:38:00,2015-11-02 08:39:00,132.884,132.884,132.888,132.864,132.907,132.908,132.91,132.887,179
2015-11-02 08:39:00,2015-11-02 08:40:00,132.884,132.963,132.971,132.885,132.908,132.984,132.992,132.908,353
2015-11-02 08:40:00,2015-11-02 08:41:00,132.963,132.975,133.001,132.954,132.984,132.996,133.021,132.974,422
2015-11-02 08:41:00,2015-11-02 08:42:00,132.975,132.987,132.997,132.97,132.996,133.011,133.02,132.989,362
2015-11-02 08:42:00,2015-11-02 08:43:00,132.987,132.949,132.99,132.945,133.011,132.973,133.01,132.968,247
2015-11-02 08:43:00,2015-11-02 08:44:00,132.949,132.969,132.973,132.945,132.973,132.994,132.998,132.968,337
2015-11-02 08:44:00,2015-11-02 08:45:00,132.969,132.97,132.987,132.947,132.994,132.997,133.011,132.972,350
2015-11-02 08:45:00,2015-11-02 08:46:00,132.97,132.982,132.986,132.967,132.997,133.008,133.012,132.992,374
2015-11-02 08:46:00,2015-11-02 08:47:00,132.982,132.999,133.004,132.976,133.008,133.023,133.03,133.001,356
2015-11-02 08:47:00,2015-11-02 08:48:00,132.999,133.001,133.003,132.963,133.023,133.017,133.029,132.989,262
2015-11-02 08:48:00,2015-11-02 08:49:00,133.001,132.944,133.002,132.943,133.017,132.971,133.025,132.971,349
2015-11-02 08:49:00,2015-11-02 08:50:00,132.944,132.927,132.946,132.896,132.971,132.951,132.975,132.923,360
2015-11-02 08:50:00,2015-11-02 08:51:00,132.927,132.922,132.931,132.908,132.951,132.943,132.955,132.933,249
2015-11-02 08:51:00,2015-11-02 08:52:00,132.922,132.915,132.921,132.9,132.943,132.937,132.944,132.922,240
2015-11-02 08:52:00,2015-11-02 08:53:00,132.915,132.945,132.946,132.901,132.937,132.97,132.971,132.925,227
2015-11-02 08:53:00,2015-11-02 08:54:00,132.945,132.983,132.995,132.946,132.97,133.01,133.02,132.97,285
2015-11-02 08:54:00,2015-11-02 08:55:00,132.983,133.011,133.03,132.977,133.01,133.035,133.05,132.998,513
2015-11-02 08:55:00,2015-11-02 08:56:00,133.011,133.003,133.031,132.977,133.035,133.026,133.052,133.001,619
2015-11-02 08:56:00,2015-11-02 08:57:00,133.003,132.993,133.012,132.984,133.026,133.014,133.038,133.007,650
2015-11-02 08:57:00,2015-11-02 08:58:00,132.993,132.969,133.001,132.968,133.014,132.994,133.025,132.991,334
2015-11-02 08:58:00,2015-11-02 08:59:00,132.969,132.926,132.969,132.88,132.994,132.946,132.993,132.902,703
2015-11-02 08:59:00,2015-11-02 09:00:00,132.926,132.934,132.945,132.915,132.946,132.958,132.969,132.938,502
2015-11-02 09:00:00,2015-11-02 09:01:00,132.934,132.942,132.98,132.93,132.958,132.968,133.005,132.955,650
2015-11-02 09:01:00,2015-11-02 09:02:00,132.942,132.976,132.976,132.939,132.968,132.998,133.0,132.962,510
2015-11-02 09:02:00,2015-11-02 09:03:00,132.976,132.973,132.992,132.953,132.998,132.995,133.015,132.977,608
2015-11-02 09:03:00,2015-11-02 09:04:00,132.973,132.978,132.986,132.96,132.995,133.002,133.011,132.981,370
2015-11-02 09:04:00,2015-11-02 09:05:00,132.978,133.004,133.004,132.974,133.002,133.027,133.027,132.997,352
2015-11-02 09:05:00,2015-11-02 09:06:00,133.004,133.024,133.032,132.998,133.027,133.045,133.049,133.022,582
2015-11-02 09:06:00,2015-11-02 09:07:00,133.024,133.024,133.032,133.009,133.045,133.043,133.051,133.033,792
2015-11-02 09:07:00,2015-11-02 09:08:00,133.024,133.027,133.031,133.007,133.043,133.05,133.053,133.025,495
2015-11-02 09:08:00,2015-11-02 09:09:00,133.027,132.999,133.027,132.993,133.05,133.023,133.049,133.015,402
2015-11-02 09:09:00,2015-11-02 09:10:00,132.999,132.997,133.015,132.988,133.023,133.022,133.036,133.011,356
2015-11-02 09:10:00,2015-11-02 09:11:00,132.997,133.039,133.043,132.989,133.022,133.06,133.065,133.009,611
2015-11-02 09:11:00,2015-11-02 09:12:00,133.039,133.043,133.063,133.025,133.06,133.064,133.088,133.048,509
2015-11-02 09:12:00,2015-11-02 09:13:00,133.043,133.031,133.054,133.017,133.064,133.056,133.074,133.039,476
2015-11-02 09:13:00,2015-11-02 09:14:00,133.031,133.032,133.042,133.004,133.056,133.055,133.065,133.029,428
2015-11-02 09:14:00,2015-11-02 09:15:00,133.032,133.048,133.057,133.025,133.055,133.073,133.082,133.048,471
2015-11-02 09:15:00,2015-11-02 09:16:00,133.048,133.054,133.063,133.042,133.073,133.076,133.086,133.067,465
2015-11-02 09:16:00,2015-11-02 09:17:00,133.054,133.019,133.056,133.019,133.076,133.041,133.077,133.041,242
2015-11-02 09:17:00,2015-11-02 09:18:00,133.019,133.016,133.023,133.008,133.041,133.04,133.044,133.03,216
2015-11-02 09:18:00,2015-11-02 09:19:00,133.016,133.051,133.059,133.017,133.04,133.075,133.08,133.04,227
2015-11-02 09:19:00,2015-11-02 09:20:00,133.051,133.032,133.052,133.028,133.075,133.055,133.075,133.048,206
2015-11-02 09:20:00,2015-11-02 09:21:00,133.032,133.055,133.061,133.027,133.055,133.078,133.082,133.05,151
2015-11-02 09:21:00,2015-11-02 09:22:00,133.055,133.018,133.058,133.018,133.078,133.041,133.079,133.04,312
2015-11-02 09:22:00,2015-11-02 09:23:00,133.018,132.992,133.019,132.991,133.041,133.015,133.041,133.014,275
2015-11-02 09:23:00,2015-11-02 09:24:00,132.992,133.046,133.059,132.993,133.015,133.069,133.081,133.015,311
2015-11-02 09:24:00,2015-11-02 09:25:00,133.046,133.041,133.049,133.035,133.069,133.065,133.071,133.059,305
2015-11-02 09:25:00,2015-11-02 09:26:00,133.041,133.017,133.049,133.016,133.065,133.04,133.074,133.038,189
2015-11-02 09:26:00,2015-11-02 09:27:00,133.017,133.007,133.019,132.981,133.04,133.031,133.042,133.003,274
2015-11-02 09:27:00,2015-11-02 09:28:00,133.007,133.006,133.015,132.991,133.031,133.029,133.038,133.014,251
2015-11-02 09:28:00,2015-11-02 09:29:00,133.006,133.027,133.029,132.993,133.029,133.047,133.051,133.017,388
2015-11-02 09:29:00,2015-11-02 09:30:00,133.027,132.981,133.054,132.981,133.047,133.004,133.075,133.004,761
2015-11-02 09:30:00,2015-11-02 09:31:00,132.981,132.969,132.998,132.958,133.004,132.992,133.02,132.982,442
2015-11-02 09:31:00,2015-11-02 09:32:00,132.969,132.98,132.981,132.949,132.992,133.005,133.006,132.971,449
2015-11-02 09:32:00,2015-11-02 09:33:00,132.98,133.023,133.024,132.981,133.005,133.047,133.047,133.005,309
2015-11-02 09:33:00,2015-11-02 09:34:00,133.023,132.991,133.037,132.991,133.047,133.015,133.06,133.015,368
2015-11-02 09:34:00,2015-11-02 09:35:00,132.991,132.963,133.003,132.957,133.015,132.988,133.025,132.982,377
2015-11-02 09:35:00,2015-11-02 09:36:00,132.963,132.967,132.985,132.949,132.988,132.99,133.006,132.973,366
2015-11-02 09:36:00,2015-11-02 09:37:00,132.967,132.953,132.968,132.948,132.99,132.978,132.993,132.973,285
2015-11-02 09:37:00,2015-11-02 09:38:00,132.953,132.947,132.961,132.938,132.978,132.972,132.985,132.96,339
2015-11-02 09:38:00,2015-11-02 09:39:00,132.947,132.909,132.949,132.909,132.972,132.931,132.975,132.931,657
2015-11-02 09:39:00,2015-11-02 09:40:00,132.909,132.926,132.941,132.906,132.931,132.951,132.966,132.929,521
2015-11-02 09:40:00,2015-11-02 09:41:00,132.926,132.902,132.932,132.902,132.951,132.924,132.956,132.924,531
2015-11-02 09:41:00,2015-11-02 09:42:00,132.902,132.904,132.919,132.874,132.924,132.926,132.943,132.895,523
2015-11-02 09:42:00,2015-11-02 09:43:00,132.904,132.851,132.913,132.834,132.926,132.874,132.933,132.857,703
2015-11-02 09:43:00,2015-11-02 09:44:00,132.851,132.844,132.866,132.833,132.874,132.867,132.89,132.855,431
2015-11-02 09:44:00,2015-11-02 09:45:00,132.844,132.866,132.866,132.82,132.867,132.89,132.89,132.84,539
2015-11-02 09:45:00,2015-11-02 09:46:00,132.866,132.856,132.87,132.852,132.89,132.879,132.894,132.875,371
2015-11-02 09:46:00,2015-11-02 09:47:00,132.856,132.851,132.856,132.821,132.879,132.873,132.882,132.844,394
2015-11-02 09:47:00,2015-11-02 09:48:00,132.851,132.83,132.862,132.827,132.873,132.856,132.886,132.851,385
2015-11-02 09:48:00,2015-11-02 09:49:00,132.83,132.894,132.903,132.825,132.856,132.918,132.927,132.849,493
2015-11-02 09:49:00,2015-11-02 09:50:00,132.894,132.869,132.893,132.859,132.918,132.893,132.919,132.882,243
2015-11-02 09:50:00,2015-11-02 09:51:00,132.869,132.874,132.879,132.858,132.893,132.898,132.904,132.881,242
2015-11-02 09:51:00,2015-11-02 09:52:00,132.874,132.853,132.883,132.848,132.898,132.876,132.909,132.872,420
2015-11-02 09:52:00,2015-11-02 09:53:00,132.853,132.826,132.858,132.825,132.876,132.85,132.883,132.85,312
2015-11-02 09:53:00,2015-11-02 09:54:00,132.826,132.862,132.874,132.823,132.85,132.887,132.898,132.845,291
2015-11-02 09:54:00,2015-11-02 09:55:00,132.862,132.85,132.864,132.847,132.887,132.874,132.888,132.872,255
2015-11-02 09:55:00,2015-11-02 09:56:00,132.85,132.798,132.858,132.798,132.874,132.821,132.883,132.821,308
2015-11-02 09:56:00,2015-11-02 09:57:00,132.798,132.839,132.845,132.791,132.821,132.861,132.868,132.814,297
2015-11-02 09:57:00,2015-11-02 09:58:00,132.839,132.854,132.857,132.826,132.861,132.878,132.881,132.849,228
2015-11-02 09:58:00,2015-11-02 09:59:00,132.854,132.779,132.855,132.776,132.878,132.801,132.879,132.798,371
2015-11-02 09:59:00,2015-11-02 10:00:00,132.779,132.773,132.797,132.748,132.801,132.797,132.821,132.772,767
2015-11-02 10:00:00,2015-11-02 10:01:00,132.773,132.779,132.779,132.751,132.797,132.801,132.803,132.775,380
2015-11-02 10:01:00,2015-11-02 10:02:00,132.779,132.77,132.791,132.757,132.801,132.791,132.814,132.78,373
2015-11-02 10:02:00,2015-11-02 10:03:00,132.77,132.757,132.796,132.754,132.791,132.779,132.818,132.777,484
2015-11-02 10:03:00,2015-11-02 10:04:00,132.757,132.761,132.768,132.734,132.779,132.784,132.791,132.757,384
2015-11-02 10:04:00,2015-11-02 10:05:00,132.761,132.786,132.789,132.752,132.784,132.81,132.811,132.775,323
2015-11-02 10:05:00,2015-11-02 10:06:00,132.786,132.751,132.786,132.743,132.81,132.777,132.809,132.766,483
2015-11-02 10:06:00,2015-11-02 10:07:00,132.751,132.746,132.764,132.739,132.777,132.77,132.787,132.761,294
2015-11-02 10:07:00,2015-11-02 10:08:00,132.746,132.757,132.764,132.74,132.77,132.782,132.788,132.766,225
2015-11-02 10:08:00,2015-11-02 10:09:00,132.757,132.789,132.802,132.756,132.782,132.811,132.825,132.779,416
2015-11-02 10:09:00,2015-11-02 10:10:00,132.789,132.782,132.79,132.77,132.811,132.804,132.812,132.791,319
2015-11-02 10:10:00,2015-11-02 10:11:00,132.782,132.768,132.784,132.762,132.804,132.791,132.806,132.785,179
2015-11-02 10:11:00,2015-11-02 10:12:00,132.768,132.781,132.785,132.765,132.791,132.803,132.807,132.787,174
2015-11-02 10:12:00,2015-11-02 10:13:00,132.781,132.771,132.795,132.763,132.803,132.791,132.817,132.782,249
2015-11-02 10:13:00,2015-11-02 10:14:00,132.771,132.769,132.779,132.756,132.791,132.791,132.801,132.775,221
2015-11-02 10:14:00,2015-11-02 10:15:00,132.769,132.784,132.799,132.765,132.791,132.807,132.823,132.788,263
2015-11-02 10:15:00,2015-11-02 10:16:00,132.784,132.792,132.792,132.755,132.807,132.814,132.815,132.774,367
2015-11-02 10:16:00,2015-11-02 10:17:00,132.792,132.796,132.801,132.774,132.814,132.819,132.826,132.795,441
2015-11-02 10:17:00,2015-11-02 10:18:00,132.796,132.79,132.812,132.789,132.819,132.808,132.835,132.808,414
2015-11-02 10:18:00,2015-11-02 10:19:00,132.79,132.803,132.804,132.781,132.808,132.825,132.827,132.804,268
2015-11-02 10:19:00,2015-11-02 10:20:00,132.803,132.82,132.825,132.792,132.825,132.842,132.846,132.815,466
2015-11-02 10:20:00,2015-11-02 10:21:00,132.82,132.823,132.825,132.815,132.842,132.845,132.847,132.836,309
2015-11-02 10:21:00,2015-11-02 10:22:00,132.823,132.842,132.854,132.813,132.845,132.865,132.877,132.836,389
2015-11-02 10:22:00,2015-11-02 10:23:00,132.842,132.83,132.843,132.829,132.865,132.853,132.866,132.852,224
2015-11-02 10:23:00,2015-11-02 10:24:00,132.83,132.863,132.863,132.83,132.853,132.887,132.887,132.853,316
2015-11-02 10:24:00,2015-11-02 10:25:00,132.863,132.851,132.875,132.851,132.887,132.875,132.897,132.875,328
2015-11-02 10:25:00,2015-11-02 10:26:00,132.851,132.857,132.867,132.851,132.875,132.88,132.889,132.875,170
2015-11-02 10:26:00,2015-11-02 10:27:00,132.857,132.864,132.871,132.857,132.88,132.889,132.894,132.881,183
2015-11-02 10:27:00,2015-11-02 10:28:00,132.864,132.846,132.865,132.829,132.889,132.866,132.889,132.85,226
2015-11-02 10:28:00,2015-11-02 10:29:00,132.846,132.831,132.856,132.831,132.866,132.855,132.878,132.853,284
2015-11-02 10:29:00,2015-11-02 10:30:00,132.831,132.822,132.837,132.817,132.855,132.846,132.86,132.839,294
2015-11-02 10:30:00,2015-11-02 10:31:00,132.822,132.873,132.89,132.817,132.846,132.897,132.911,132.839,327
2015-11-02 10:31:00,2015-11-02 10:32:00,132.873,132.845,132.878,132.845,132.897,132.869,132.898,132.868,372
2015-11-02 10:32:00,2015-11-02 10:33:00,132.845,132.839,132.86,132.834,132.869,132.861,132.882,132.857,277
2015-11-02 10:33:00,2015-11-02 10:34:00,132.839,132.848,132.859,132.837,132.861,132.87,132.882,132.86,303
2015-11-02 10:34:00,2015-11-02 10:35:00,132.848,132.865,132.873,132.848,132.87,132.888,132.894,132.871,227
2015-11-02 10:35:00,2015-11-02 10:36:00,132.865,132.86,132.871,132.859,132.888,132.885,132.894,132.884,99
2015-11-02 10:36:00,2015-11-02 10:37:00,132.86,132.84,132.87,132.837,132.885,132.862,132.893,132.862,234
2015-11-02 10:37:00,2015-11-02 10:38:00,132.84,132.86,132.86,132.835,132.862,132.883,132.884,132.859,224
2015-11-02 10:38:00,2015-11-02 10:39:00,132.86,132.861,132.867,132.857,132.883,132.885,132.889,132.88,127
2015-11-02 10:39:00,2015-11-02 10:40:00,132.861,132.864,132.865,132.839,132.885,132.885,132.887,132.863,206
2015-11-02 10:40:00,2015-11-02 10:41:00,132.864,132.855,132.866,132.846,132.885,132.879,132.888,132.869,220
2015-11-02 10:41:00,2015-11-02 10:42:00,132.855,132.873,132.873,132.853,132.879,132.896,132.898,132.876,159
2015-11-02 10:42:00,2015-11-02 10:43:00,132.873,132.894,132.894,132.851,132.896,132.918,132.918,132.875,492
2015-11-02 10:43:00,2015-11-02 10:44:00,132.894,132.887,132.894,132.874,132.918,132.912,132.919,132.899,266
2015-11-02 10:44:00,2015-11-02 10:45:00,132.887,132.883,132.901,132.862,132.912,132.907,132.924,132.885,422
2015-11-02 10:45:00,2015-11-02 10:46:00,132.883,132.876,132.892,132.85,132.907,132.902,132.914,132.874,391
2015-11-02 10:46:00,2015-11-02 10:47:00,132.876,132.89,132.905,132.875,132.902,132.916,132.927,132.901,341
2015-11-02 10:47:00,2015-11-02 10:48:00,132.89,132.896,132.913,132.891,132.916,132.922,132.934,132.916,214
2015-11-02 10:48:00,2015-11-02 10:49:00,132.896,132.886,132.902,132.885,132.922,132.908,132.924,132.907,201
2015-11-02 10:49:00,2015-11-02 10:50:00,132.886,132.91,132.912,132.886,132.908,132.933,132.934,132.908,377
2015-11-02 10:50:00,2015-11-02 10:51:00,132.91,132.893,132.919,132.885,132.933,132.917,132.943,132.908,255
2015-11-02 10:51:00,2015-11-02 10:52:00,132.893,132.914,132.916,132.877,132.917,132.938,132.939,132.899,389
2015-11-02 10:52:00,2015-11-02 10:53:00,132.914,132.913,132.932,132.904,132.938,132.936,132.955,132.927,222
2015-11-02 10:53:00,2015-11-02 10:54:00,132.913,132.928,132.928,132.897,132.936,132.951,132.951,132.92,223
2015-11-02 10:54:00,2015-11-02 10:55:00,132.928,132.924,132.934,132.915,132.951,132.948,132.958,132.939,223
2015-11-02 10:55:00,2015-11-02 10:56:00,132.924,132.891,132.925,132.89,132.948,132.916,132.948,132.914,316
2015-11-02 10:56:00,2015-11-02 10:57:00,132.891,132.932,132.933,132.871,132.916,132.952,132.953,132.893,350
2015-11-02 10:57:00,2015-11-02 10:58:00,132.932,132.949,132.965,132.928,132.952,132.973,132.988,132.949,579
2015-11-02 10:58:00,2015-11-02 10:59:00,132.949,132.928,132.952,132.92,132.973,132.952,132.975,132.943,341
2015-11-02 10:59:00,2015-11-02 11:00:00,132.928,132.878,132.931,132.877,132.952,132.902,132.956,132.901,355
2015-11-02 11:00:00,2015-11-02 11:01:00,132.878,132.921,132.926,132.877,132.902,132.946,132.948,132.9,235
2015-11-02 11:01:00,2015-11-02 11:02:00,132.921,132.935,132.935,132.911,132.946,132.958,132.958,132.936,256
2015-11-02 11:02:00,2015-11-02 11:03:00,132.935,132.955,132.955,132.921,132.958,132.973,132.973,132.945,257
2015-11-02 11:03:00,2015-11-02 11:04:00,132.955,132.942,132.96,132.93,132.973,132.965,132.982,132.953,357
2015-11-02 11:04:00,2015-11-02 11:05:00,132.942,132.97,132.97,132.939,132.965,132.991,132.991,132.962,178
2015-11-02 11:05:00,2015-11-02 11:06:00,132.97,132.973,132.982,132.952,132.991,132.997,133.004,132.977,266
2015-11-02 11:06:00,2015-11-02 11:07:00,132.973,132.967,132.983,132.96,132.997,132.991,133.006,132.985,191
2015-11-02 11:07:00,2015-11-02 11:08:00,132.967,132.943,132.974,132.943,132.991,132.967,132.997,132.967,208
2015-11-02 11:08:00,2015-11-02 11:09:00,132.943,132.946,132.958,132.943,132.967,132.969,132.979,132.968,133
2015-11-02 11:09:00,2015-11-02 11:10:00,132.946,132.949,132.951,132.934,132.969,132.972,132.974,132.957,186
2015-11-02 11:10:00,2015-11-02 11:11:00,132.949,132.934,132.969,132.918,132.972,132.955,132.993,132.941,512
2015-11-02 11:11:00,2015-11-02 11:12:00,132.934,132.902,132.935,132.901,132.955,132.922,132.957,132.922,407
2015-11-02 11:12:00,2015-11-02 11:13:00,132.902,132.873,132.904,132.872,132.922,132.894,132.924,132.894,279
2015-11-02 11:13:00,2015-11-02 11:14:00,132.873,132.87,132.883,132.859,132.894,132.893,132.905,132.882,230
2015-11-02 11:14:00,2015-11-02 11:15:00,132.87,132.919,132.92,132.869,132.893,132.943,132.943,132.891,407
2015-11-02 11:15:00,2015-11-02 11:16:00,132.919,132.922,132.936,132.911,132.943,132.945,132.961,132.933,266
2015-11-02 11:16:00,2015-11-02 11:17:00,132.922,132.926,132.934,132.915,132.945,132.951,132.956,132.938,365
2015-11-02 11:17:00,2015-11-02 11:18:00,132.926,132.86,132.926,132.853,132.951,132.881,132.951,132.875,344
2015-11-02 11:18:00,2015-11-02 11:19:00,132.86,132.882,132.883,132.853,132.881,132.902,132.907,132.876,261
2015-11-02 11:19:00,2015-11-02 11:20:00,132.882,132.882,132.902,132.881,132.902,132.906,132.925,132.9,227
2015-11-02 11:20:00,2015-11-02 11:21:00,132.882,132.887,132.892,132.874,132.906,132.91,132.914,132.898,114
2015-11-02 11:21:00,2015-11-02 11:22:00,132.887,132.895,132.914,132.886,132.91,132.917,132.937,132.909,207
2015-11-02 11:22:00,2015-11-02 11:23:00,132.895,132.894,132.897,132.892,132.917,132.915,132.92,132.913,66
2015-11-02 11:23:00,2015-11-02 11:24:00,132.894,132.881,132.896,132.881,132.915,132.904,132.919,132.903,149
2015-11-02 11:24:00,2015-11-02 11:25:00,132.881,132.876,132.883,132.875,132.904,132.897,132.906,132.896,141
2015-11-02 11:25:00,2015-11-02 11:26:00,132.876,132.886,132.887,132.875,132.897,132.908,132.908,132.898,90
2015-11-02 11:26:00,2015-11-02 11:27:00,132.886,132.861,132.888,132.857,132.908,132.883,132.911,132.879,209
2015-11-02 11:27:00,2015-11-02 11:28:00,132.861,132.857,132.863,132.843,132.883,132.879,132.886,132.864,227
2015-11-02 11:28:00,2015-11-02 11:29:00,132.857,132.866,132.869,132.853,132.879,132.888,132.891,132.876,223
2015-11-02 11:29:00,2015-11-02 11:30:00,132.866,132.845,132.867,132.844,132.888,132.867,132.889,132.866,177
2015-11-02 11:30:00,2015-11-02 11:31:00,132.845,132.834,132.848,132.833,132.867,132.855,132.87,132.854,156
2015-11-02 11:31:00,2015-11-02 11:32:00,132.834,132.827,132.836,132.827,132.855,132.849,132.857,132.848,119
2015-11-02 11:32:00,2015-11-02 11:33:00,132.827,132.826,132.833,132.822,132.849,132.848,132.855,132.844,98
2015-11-02 11:33:00,2015-11-02 11:34:00,132.826,132.82,132.826,132.809,132.848,132.843,132.847,132.831,122
2015-11-02 11:34:00,2015-11-02 11:35:00,132.82,132.82,132.824,132.818,132.843,132.843,132.846,132.841,100
2015-11-02 11:35:00,2015-11-02 11:36:00,132.82,132.827,132.827,132.819,132.843,132.848,132.849,132.839,84
2015-11-02 11:36:00,2015-11-02 11:37:00,132.827,132.837,132.844,132.825,132.848,132.857,132.866,132.846,210
2015-11-02 11:37:00,2015-11-02 11:38:00,132.837,132.84,132.842,132.835,132.857,132.86,132.861,132.855,49
2015-11-02 11:38:00,2015-11-02 11:39:00,132.84,132.841,132.843,132.838,132.86,132.858,132.862,132.857,94
2015-11-02 11:39:00,2015-11-02 11:40:00,132.841,132.838,132.843,132.838,132.858,132.859,132.861,132.858,80
2015-11-02 11:40:00,2015-11-02 11:41:00,132.838,132.827,132.843,132.827,132.859,132.847,132.863,132.846,184
2015-11-02 11:41:00,2015-11-02 11:42:00,132.827,132.831,132.832,132.825,132.847,132.85,132.854,132.843,179
2015-11-02 11:42:00,2015-11-02 11:43:00,132.831,132.827,132.832,132.823,132.85,132.845,132.854,132.842,102
2015-11-02 11:43:00,2015-11-02 11:44:00,132.827,132.855,132.857,132.827,132.845,132.875,132.878,132.845,209
2015-11-02 11:44:00,2015-11-02 11:45:00,132.855,132.859,132.864,132.853,132.875,132.879,132.885,132.871,193
2015-11-02 11:45:00,2015-11-02 11:46:00,132.859,132.863,132.87,132.859,132.879,132.885,132.892,132.878,173
2015-11-02 11:46:00,2015-11-02 11:47:00,132.863,132.862,132.865,132.854,132.885,132.882,132.886,132.872,152
2015-11-02 11:47:00,2015-11-02 11:48:00,132.862,132.856,132.863,132.855,132.882,132.873,132.884,132.873,84
2015-11-02 11:48:00,2015-11-02 11:49:00,132.856,132.858,132.866,132.855,132.873,132.879,132.89,132.872,96
2015-11-02 11:49:00,2015-11-02 11:50:00,132.858,132.87,132.875,132.855,132.879,132.893,132.898,132.877,166
2015-11-02 11:50:00,2015-11-02 11:51:00,132.87,132.857,132.873,132.856,132.893,132.879,132.896,132.879,105
2015-11-02 11:51:00,2015-11-02 11:52:00,132.857,132.853,132.86,132.851,132.879,132.873,132.882,132.872,93
2015-11-02 11:52:00,2015-11-02 11:53:00,132.853,132.85,132.855,132.848,132.873,132.873,132.877,132.87,85
2015-11-02 11:53:00,2015-11-02 11:54:00,132.85,132.848,132.851,132.845,132.873,132.871,132.875,132.866,44
2015-11-02 11:54:00,2015-11-02 11:55:00,132.848,132.837,132.859,132.836,132.871,132.859,132.881,132.858,142
2015-11-02 11:55:00,2015-11-02 11:56:00,132.837,132.842,132.846,132.828,132.859,132.862,132.868,132.849,129
2015-11-02 11:56:00,2015-11-02 11:57:00,132.842,132.857,132.861,132.842,132.862,132.88,132.883,132.863,183
2015-11-02 11:57:00,2015-11-02 11:58:00,132.857,132.856,132.863,132.852,132.88,132.879,132.885,132.874,122
2015-11-02 11:58:00,2015-11-02 11:59:00,132.856,132.856,132.864,132.851,132.879,132.879,132.885,132.874,124
2015-11-02 11:59:00,2015-11-02 12:00:00,132.856,132.867,132.874,132.854,132.879,132.89,132.895,132.877,236
2015-11-02 12:00:00,2015-11-02 12:01:00,132.867,132.857,132.867,132.855,132.89,132.878,132.891,132.875,112
2015-11-02 12:01:00,2015-11-02 12:02:00,132.857,132.853,132.858,132.851,132.878,132.874,132.881,132.871,152
2015-11-02 12:02:00,2015-11-02 12:03:00,132.853,132.871,132.872,132.852,132.874,132.895,132.895,132.874,108
2015-11-02 12:03:00,2015-11-02 12:04:00,132.871,132.868,132.875,132.864,132.895,132.891,132.898,132.886,109
2015-11-02 12:04:00,2015-11-02 12:05:00,132.868,132.885,132.886,132.868,132.891,132.908,132.909,132.89,130
2015-11-02 12:05:00,2015-11-02 12:06:00,132.885,132.871,132.885,132.868,132.908,132.894,132.908,132.891,95
2015-11-02 12:06:00,2015-11-02 12:07:00,132.871,132.858,132.872,132.858,132.894,132.882,132.895,132.881,108
2015-11-02 12:07:00,2015-11-02 12:08:00,132.858,132.86,132.867,132.85,132.882,132.883,132.889,132.872,137
2015-11-02 12:08:00,2015-11-02 12:09:00,132.86,132.854,132.868,132.854,132.883,132.878,132.891,132.876,109
2015-11-02 12:09:00,2015-11-02 12:10:00,132.854,132.853,132.865,132.849,132.878,132.877,132.888,132.869,237
2015-11-02 12:10:00,2015-11-02 12:11:00,132.853,132.852,132.857,132.85,132.877,132.873,132.879,132.871,144
2015-11-02 12:11:00,2015-11-02 12:12:00,132.852,132.851,132.854,132.843,132.873,132.871,132.873,132.862,125
2015-11-02 12:12:00,2015-11-02 12:13:00,132.851,132.84,132.852,132.838,132.871,132.858,132.872,132.857,62
2015-11-02 12:13:00,2015-11-02 12:14:00,132.84,132.825,132.842,132.825,132.858,132.844,132.859,132.843,24
2015-11-02 12:14:00,2015-11-02 12:15:00,132.825,132.813,132.826,132.812,132.844,132.834,132.847,132.834,103
2015-11-02 12:15:00,2015-11-02 12:16:00,132.813,132.807,132.813,132.793,132.834,132.827,132.835,132.815,102
2015-11-02 12:16:00,2015-11-02 12:17:00,132.807,132.822,132.841,132.806,132.827,132.845,132.863,132.827,253
2015-11-02 12:17:00,2015-11-02 12:18:00,132.822,132.862,132.863,132.82,132.845,132.883,132.884,132.842,241
2015-11-02 12:18:00,2015-11-02 12:19:00,132.862,132.867,132.882,132.855,132.883,132.89,132.904,132.877,161
2015-11-02 12:19:00,2015-11-02 12:20:00,132.867,132.893,132.9,132.867,132.89,132.914,132.922,132.889,266
2015-11-02 12:20:00,2015-11-02 12:21:00,132.893,132.898,132.9,132.876,132.914,132.919,132.92,132.897,209
2015-11-02 12:21:00,2015-11-02 12:22:00,132.898,132.906,132.909,132.893,132.919,132.928,132.931,132.915,160
2015-11-02 12:22:00,2015-11-02 12:23:00,132.906,132.892,132.91,132.892,132.928,132.912,132.93,132.911,109
2015-11-02 12:23:00,2015-11-02 12:24:00,132.892,132.935,132.954,132.892,132.912,132.959,132.979,132.911,293
2015-11-02 12:24:00,2015-11-02 12:25:00,132.935,132.94,132.951,132.93,132.959,132.965,132.977,132.952,230
2015-11-02 12:25:00,2015-11-02 12:26:00,132.94,132.933,132.943,132.927,132.965,132.956,132.966,132.948,229
2015-11-02 12:26:00,2015-11-02 12:27:00,132.933,132.937,132.955,132.932,132.956,132.955,132.977,132.955,228
2015-11-02 12:27:00,2015-11-02 12:28:00,132.937,132.94,132.949,132.931,132.955,132.96,132.969,132.951,112
2015-11-02 12:28:00,2015-11-02 12:29:00,132.94,132.925,132.949,132.924,132.96,132.945,132.969,132.945,125
2015-11-02 12:29:00,2015-11-02 12:30:00,132.925,132.949,132.961,132.922,132.945,132.972,132.983,132.942,174
2015-11-02 12:30:00,2015-11-02 12:31:00,132.949,132.954,132.969,132.941,132.972,132.977,132.99,132.965,242
2015-11-02 12:31:00,2015-11-02 12:32:00,132.954,132.975,132.977,132.949,132.977,132.997,132.997,132.971,101
2015-11-02 12:32:00,2015-11-02 12:33:00,132.975,132.96,132.985,132.955,132.997,132.983,133.005,132.977,233
2015-11-02 12:33:00,2015-11-02 12:34:00,132.96,132.969,132.971,132.958,132.983,132.993,132.994,132.981,135
2015-11-02 12:34:00,2015-11-02 12:35:00,132.969,132.973,132.977,132.959,132.993,132.996,133.0,132.983,228
2015-11-02 12:35:00,2015-11-02 12:36:00,132.973,132.961,132.974,132.96,132.996,132.984,132.996,132.984,100
2015-11-02 12:36:00,2015-11-02 12:37:00,132.961,132.949,132.96,132.945,132.984,132.97,132.984,132.966,247
2015-11-02 12:37:00,2015-11-02 12:38:00,132.949,132.937,132.948,132.927,132.97,132.959,132.97,132.948,164
2015-11-02 12:38:00,2015-11-02 12:39:00,132.937,132.97,132.978,132.937,132.959,132.994,133.0,132.96,271
2015-11-02 12:39:00,2015-11-02 12:40:00,132.97,132.982,132.983,132.963,132.994,133.002,133.005,132.984,221
2015-11-02 12:40:00,2015-11-02 12:41:00,132.982,132.984,132.987,132.977,133.002,133.002,133.008,132.998,86
2015-11-02 12:41:00,2015-11-02 12:42:00,132.984,132.981,132.995,132.971,133.002,133.004,133.013,132.994,163
2015-11-02 12:42:00,2015-11-02 12:43:00,132.981,132.978,132.983,132.969,133.004,132.999,133.005,132.991,183
2015-11-02 12:43:00,2015-11-02 12:44:00,132.978,132.96,132.978,132.95,132.999,132.983,132.999,132.972,170
2015-11-02 12:44:00,2015-11-02 12:45:00,132.96,132.924,132.961,132.921,132.983,132.946,132.984,132.943,181
2015-11-02 12:45:00,2015-11-02 12:46:00,132.924,132.955,132.957,132.923,132.946,132.976,132.977,132.945,168
2015-11-02 12:46:00,2015-11-02 12:47:00,132.955,132.991,133.006,132.956,132.976,133.014,133.025,132.976,237
2015-11-02 12:47:00,2015-11-02 12:48:00,132.991,133.0,133.016,132.989,133.014,133.021,133.036,133.012,151
2015-11-02 12:48:00,2015-11-02 12:49:00,133.0,133.0,133.017,132.99,133.021,133.022,133.037,133.012,211
2015-11-02 12:49:00,2015-11-02 12:50:00,133.0,132.993,133.009,132.989,133.022,133.016,133.03,133.01,293
2015-11-02 12:50:00,2015-11-02 12:51:00,132.993,133.013,133.014,132.992,133.016,133.035,133.035,133.015,199
2015-11-02 12:51:00,2015-11-02 12:52:00,133.013,133.027,133.052,133.007,133.035,133.048,133.075,133.03,461
2015-11-02 12:52:00,2015-11-02 12:53:00,133.027,133.035,133.036,133.027,133.048,133.057,133.057,133.048,77
2015-11-02 12:53:00,2015-11-02 12:54:00,133.035,133.024,133.038,133.023,133.057,133.047,133.058,133.046,128
2015-11-02 12:54:00,2015-11-02 12:55:00,133.024,133.055,133.084,133.014,133.047,133.077,133.105,133.036,495
2015-11-02 12:55:00,2015-11-02 12:56:00,133.055,133.053,133.061,133.038,133.077,133.071,133.081,133.061,290
2015-11-02 12:56:00,2015-11-02 12:57:00,133.053,133.075,133.075,133.046,133.071,133.096,133.097,133.065,201
2015-11-02 12:57:00,2015-11-02 12:58:00,133.075,133.047,133.078,133.035,133.096,133.069,133.101,133.053,301
2015-11-02 12:58:00,2015-11-02 12:59:00,133.047,133.049,133.076,133.044,133.069,133.069,133.099,133.067,273
2015-11-02 12:59:00,2015-11-02 13:00:00,133.049,133.023,133.054,133.022,133.069,133.046,133.076,133.046,376
2015-11-02 13:00:00,2015-11-02 13:01:00,133.023,133.021,133.027,133.009,133.046,133.042,133.049,133.029,264
2015-11-02 13:01:00,2015-11-02 13:02:00,133.021,133.006,133.022,133.004,133.042,133.027,133.044,133.027,154
2015-11-02 13:02:00,2015-11-02 13:03:00,133.006,133.001,133.018,133.001,133.027,133.022,133.04,133.022,161
2015-11-02 13:03:00,2015-11-02 13:04:00,133.001,133.003,133.028,132.999,133.022,133.023,133.05,133.02,341
2015-11-02 13:04:00,2015-11-02 13:05:00,133.003,133.018,133.026,133.001,133.023,133.039,133.047,133.022,222
2015-11-02 13:05:00,2015-11-02 13:06:00,133.018,133.016,133.029,133.015,133.039,133.038,133.051,133.036,212
2015-11-02 13:06:00,2015-11-02 13:07:00,133.016,133.053,133.053,133.016,133.038,133.077,133.077,133.038,138
2015-11-02 13:07:00,2015-11-02 13:08:00,133.053,133.048,133.054,133.044,133.077,133.071,133.077,133.067,157
2015-11-02 13:08:00,2015-11-02 13:09:00,133.048,133.064,133.064,133.048,133.071,133.084,133.085,133.07,120
2015-11-02 13:09:00,2015-11-02 13:10:00,133.064,133.037,133.065,133.036,133.084,133.058,133.085,133.057,266
2015-11-02 13:10:00,2015-11-02 13:11:00,133.037,133.048,133.061,133.037,133.058,133.07,133.081,133.059,175
2015-11-02 13:11:00,2015-11-02 13:12:00,133.048,133.045,133.05,133.035,133.07,133.064,133.072,133.057,205
2015-11-02 13:12:00,2015-11-02 13:13:00,133.045,133.023,133.048,133.023,133.064,133.045,133.068,133.045,149
2015-11-02 13:13:00,2015-11-02 13:14:00,133.023,133.016,133.038,132.997,133.045,133.038,133.059,133.018,398
2015-11-02 13:14:00,2015-11-02 13:15:00,133.016,133.038,133.05,133.009,133.038,133.059,133.07,133.03,407
2015-11-02 13:15:00,2015-11-02 13:16:00,133.038,133.042,133.058,133.038,133.059,133.066,133.08,133.058,247
2015-11-02 13:16:00,2015-11-02 13:17:00,133.042,133.038,133.051,133.034,133.066,133.059,133.07,133.052,231
2015-11-02 13:17:00,2015-11-02 13:18:00,133.038,133.036,133.052,133.032,133.059,133.058,133.072,133.055,178
2015-11-02 13:18:00,2015-11-02 13:19:00,133.036,133.044,133.051,133.03,133.058,133.066,133.074,133.054,250
2015-11-02 13:19:00,2015-11-02 13:20:00,133.044,133.044,133.049,133.033,133.066,133.065,133.071,133.055,268
2015-11-02 13:20:00,2015-11-02 13:21:00,133.044,133.024,133.046,133.024,133.065,133.044,133.068,133.044,229
2015-11-02 13:21:00,2015-11-02 13:22:00,133.024,133.017,133.034,133.013,133.044,133.035,133.053,133.033,278
2015-11-02 13:22:00,2015-11-02 13:23:00,133.017,133.006,133.02,133.001,133.035,133.024,133.042,133.019,147
2015-11-02 13:23:00,2015-11-02 13:24:00,133.006,132.992,133.006,132.98,133.024,133.012,133.023,133.001,220
2015-11-02 13:24:00,2015-11-02 13:25:00,132.992,132.984,132.993,132.971,133.012,133.003,133.011,132.993,327
2015-11-02 13:25:00,2015-11-02 13:26:00,132.984,133.008,133.012,132.979,133.003,133.026,133.03,132.997,217
2015-11-02 13:26:00,2015-11-02 13:27:00,133.008,133.017,133.025,132.995,133.026,133.035,133.043,133.013,221
2015-11-02 13:27:00,2015-11-02 13:28:00,133.017,133.04,133.06,133.005,133.035,133.062,133.081,133.027,293
2015-11-02 13:28:00,2015-11-02 13:29:00,133.04,133.028,133.045,133.024,133.062,133.049,133.066,133.047,191
2015-11-02 13:29:00,2015-11-02 13:30:00,133.028,133.015,133.028,133.01,133.049,133.038,133.048,133.032,200
2015-11-02 13:30:00,2015-11-02 13:31:00,133.015,133.017,133.029,133.014,133.038,133.039,133.049,133.037,166
2015-11-02 13:31:00,2015-11-02 13:32:00,133.017,133.005,133.019,132.998,133.039,133.028,133.043,133.021,157
2015-11-02 13:32:00,2015-11-02 13:33:00,133.005,132.985,133.005,132.985,133.028,133.003,133.028,133.002,243
2015-11-02 13:33:00,2015-11-02 13:34:00,132.985,132.999,133.0,132.985,133.003,133.018,133.02,133.004,160
2015-11-02 13:34:00,2015-11-02 13:35:00,132.999,133.025,133.025,132.997,133.018,133.046,133.046,133.017,188
2015-11-02 13:35:00,2015-11-02 13:36:00,133.025,133.024,133.028,133.017,133.046,133.045,133.049,133.04,242
2015-11-02 13:36:00,2015-11-02 13:37:00,133.024,133.039,133.046,133.022,133.045,133.063,133.069,133.044,251
2015-11-02 13:37:00,2015-11-02 13:38:00,133.039,133.034,133.043,133.029,133.063,133.057,133.066,133.05,312
2015-11-02 13:38:00,2015-11-02 13:39:00,133.034,133.04,133.048,133.029,133.057,133.061,133.07,133.053,246
2015-11-02 13:39:00,2015-11-02 13:40:00,133.04,133.036,133.046,133.036,133.061,133.058,133.067,133.058,130
2015-11-02 13:40:00,2015-11-02 13:41:00,133.036,133.027,133.036,133.022,133.058,133.049,133.058,133.045,191
2015-11-02 13:41:00,2015-11-02 13:42:00,133.027,133.063,133.063,133.027,133.049,133.084,133.084,133.049,144
2015-11-02 13:42:00,2015-11-02 13:43:00,133.063,133.067,133.072,133.053,133.084,133.087,133.095,133.076,271
2015-11-02 13:43:00,2015-11-02 13:44:00,133.067,133.037,133.067,133.036,133.087,133.059,133.088,133.059,240
2015-11-02 13:44:00,2015-11-02 13:45:00,133.037,133.05,133.06,133.032,133.059,133.073,133.082,133.054,293
2015-11-02 13:45:00,2015-11-02 13:46:00,133.05,133.071,133.071,133.049,133.073,133.092,133.093,133.072,145
2015-11-02 13:46:00,2015-11-02 13:47:00,133.071,133.172,133.174,133.07,133.092,133.196,133.196,133.094,854
2015-11-02 13:47:00,2015-11-02 13:48:00,133.172,133.175,133.188,133.148,133.196,133.195,133.209,133.167,458
2015-11-02 13:48:00,2015-11-02 13:49:00,133.175,133.176,133.189,133.156,133.195,133.197,133.207,133.173,319
2015-11-02 13:49:00,2015-11-02 13:50:00,133.176,133.14,133.174,133.14,133.197,133.166,133.197,133.166,222
2015-11-02 13:50:00,2015-11-02 13:51:00,133.14,133.139,133.151,133.124,133.166,133.161,133.174,133.146,265
2015-11-02 13:51:00,2015-11-02 13:52:00,133.139,133.14,133.15,133.139,133.161,133.157,133.169,133.156,196
2015-11-02 13:52:00,2015-11-02 13:53:00,133.14,133.156,133.157,133.133,133.157,133.177,133.178,133.151,125
2015-11-02 13:53:00,2015-11-02 13:54:00,133.156,133.183,133.187,133.147,133.177,133.204,133.205,133.166,172
2015-11-02 13:54:00,2015-11-02 13:55:00,133.183,133.18,133.199,133.178,133.204,133.201,133.223,133.201,282
2015-11-02 13:55:00,2015-11-02 13:56:00,133.18,133.153,133.178,133.15,133.201,133.174,133.201,133.173,262
2015-11-02 13:56:00,2015-11-02 13:57:00,133.153,133.14,133.152,133.13,133.174,133.162,133.174,133.153,138
2015-11-02 13:57:00,2015-11-02 13:58:00,133.14,133.153,133.153,133.124,133.162,133.175,133.175,133.146,243
2015-11-02 13:58:00,2015-11-02 13:59:00,133.153,133.165,133.187,133.138,133.175,133.188,133.21,133.159,427
2015-11-02 13:59:00,2015-11-02 14:00:00,133.165,133.12,133.166,133.116,133.188,133.14,133.189,133.135,282
2015-11-02 14:00:00,2015-11-02 14:01:00,133.12,133.116,133.121,133.113,133.14,133.138,133.142,133.134,159
2015-11-02 14:01:00,2015-11-02 14:02:00,133.116,133.14,133.142,133.113,133.138,133.163,133.164,133.135,366
2015-11-02 14:02:00,2015-11-02 14:03:00,133.14,133.157,133.157,133.137,133.163,133.179,133.179,133.159,370
2015-11-02 14:03:00,2015-11-02 14:04:00,133.157,133.13,133.158,133.115,133.179,133.152,133.18,133.137,248
2015-11-02 14:04:00,2015-11-02 14:05:00,133.13,133.13,133.141,133.125,133.152,133.152,133.164,133.148,232
2015-11-02 14:05:00,2015-11-02 14:06:00,133.13,133.131,133.138,133.127,133.152,133.153,133.16,133.148,255
2015-11-02 14:06:00,2015-11-02 14:07:00,133.131,133.117,133.139,133.116,133.153,133.137,133.159,133.136,298
2015-11-02 14:07:00,2015-11-02 14:08:00,133.117,133.109,133.123,133.107,133.137,133.129,133.143,133.127,181
2015-11-02 14:08:00,2015-11-02 14:09:00,133.109,133.103,133.119,133.086,133.129,133.122,133.138,133.108,324
2015-11-02 14:09:00,2015-11-02 14:10:00,133.103,133.089,133.105,133.089,133.122,133.11,133.125,133.11,210
2015-11-02 14:10:00,2015-11-02 14:11:00,133.089,133.115,133.117,133.089,133.11,133.137,133.138,133.11,192
2015-11-02 14:11:00,2015-11-02 14:12:00,133.115,133.096,133.12,133.092,133.137,133.118,133.142,133.114,198
2015-11-02 14:12:00,2015-11-02 14:13:00,133.096,133.129,133.139,133.092,133.118,133.152,133.16,133.114,268
2015-11-02 14:13:00,2015-11-02 14:14:00,133.129,133.097,133.128,133.092,133.152,133.12,133.152,133.113,252
2015-11-02 14:14:00,2015-11-02 14:15:00,133.097,133.096,133.105,133.091,133.12,133.118,133.128,133.114,263
2015-11-02 14:15:00,2015-11-02 14:16:00,133.096,133.095,133.117,133.089,133.118,133.118,133.138,133.11,367
2015-11-02 14:16:00,2015-11-02 14:17:00,133.095,133.082,133.113,133.082,133.118,133.103,133.135,133.103,282
2015-11-02 14:17:00,2015-11-02 14:18:00,133.082,133.159,133.163,133.075,133.103,133.179,133.182,133.099,429
2015-11-02 14:18:00,2015-11-02 14:19:00,133.159,133.144,133.162,133.14,133.179,133.167,133.183,133.162,211
2015-11-02 14:19:00,2015-11-02 14:20:00,133.144,133.145,133.148,133.138,133.167,133.168,133.17,133.162,106
2015-11-02 14:20:00,2015-11-02 14:21:00,133.145,133.154,133.181,133.145,133.168,133.178,133.205,133.169,385
2015-11-02 14:21:00,2015-11-02 14:22:00,133.154,133.157,133.167,133.146,133.178,133.182,133.19,133.168,249
2015-11-02 14:22:00,2015-11-02 14:23:00,133.157,133.155,133.17,133.155,133.182,133.177,133.193,133.177,175
2015-11-02 14:23:00,2015-11-02 14:24:00,133.155,133.151,133.156,133.139,133.177,133.171,133.179,133.159,225
2015-11-02 14:24:00,2015-11-02 14:25:00,133.151,133.114,133.151,133.099,133.171,133.136,133.172,133.122,324
2015-11-02 14:25:00,2015-11-02 14:26:00,133.114,133.111,133.123,133.109,133.136,133.134,133.145,133.131,174
2015-11-02 14:26:00,2015-11-02 14:27:00,133.111,133.091,133.111,133.084,133.134,133.114,133.134,133.107,222
2015-11-02 14:27:00,2015-11-02 14:28:00,133.091,133.081,133.095,133.075,133.114,133.103,133.118,133.097,250
2015-11-02 14:28:00,2015-11-02 14:29:00,133.081,133.057,133.084,133.051,133.103,133.079,133.108,133.07,316
2015-11-02 14:29:00,2015-11-02 14:30:00,133.057,133.083,133.085,133.057,133.079,133.105,133.107,133.078,351
2015-11-02 14:30:00,2015-11-02 14:31:00,133.083,133.095,133.1,133.077,133.105,133.116,133.121,133.099,340
2015-11-02 14:31:00,2015-11-02 14:32:00,133.095,133.085,133.095,133.084,133.116,133.107,133.116,133.106,190
2015-11-02 14:32:00,2015-11-02 14:33:00,133.085,133.093,133.099,133.084,133.107,133.114,133.122,133.106,241
2015-11-02 14:33:00,2015-11-02 14:34:00,133.093,133.096,133.097,133.084,133.114,133.114,133.119,133.106,151
2015-11-02 14:34:00,2015-11-02 14:35:00,133.096,133.084,133.099,133.078,133.114,133.104,133.121,133.097,180
2015-11-02 14:35:00,2015-11-02 14:36:00,133.084,133.077,133.085,133.066,133.104,133.098,133.107,133.09,225
2015-11-02 14:36:00,2015-11-02 14:37:00,133.077,133.079,133.087,133.072,133.098,133.1,133.109,133.093,296
2015-11-02 14:37:00,2015-11-02 14:38:00,133.079,133.101,133.102,133.075,133.1,133.121,133.124,133.097,211
2015-11-02 14:38:00,2015-11-02 14:39:00,133.101,133.095,133.106,133.091,133.121,133.118,133.126,133.113,273
2015-11-02 14:39:00,2015-11-02 14:40:00,133.095,133.091,133.107,133.091,133.118,133.113,133.127,133.113,230
2015-11-02 14:40:00,2015-11-02 14:41:00,133.091,133.081,133.091,133.071,133.113,133.103,133.113,133.091,119
2015-11-02 14:41:00,2015-11-02 14:42:00,133.081,133.078,133.083,133.071,133.103,133.101,133.106,133.092,121
2015-11-02 14:42:00,2015-11-02 14:43:00,133.078,133.082,133.084,133.078,133.101,133.102,133.106,133.1,71
2015-11-02 14:43:00,2015-11-02 14:44:00,133.082,133.073,133.084,133.068,133.102,133.095,133.104,133.091,136
2015-11-02 14:44:00,2015-11-02 14:45:00,133.073,133.068,133.082,133.064,133.095,133.092,133.104,133.087,356
2015-11-02 14:45:00,2015-11-02 14:46:00,133.068,133.044,133.071,133.04,133.092,133.065,133.094,133.062,307
2015-11-02 14:46:00,2015-11-02 14:47:00,133.044,133.064,133.066,133.044,133.065,133.088,133.088,133.063,333
2015-11-02 14:47:00,2015-11-02 14:48:00,133.064,133.064,133.077,133.059,133.088,133.086,133.099,133.082,314
2015-11-02 14:48:00,2015-11-02 14:49:00,133.064,133.041,133.065,133.035,133.086,133.063,133.086,133.057,417
2015-11-02 14:49:00,2015-11-02 14:50:00,133.041,133.018,133.04,133.016,133.063,133.042,133.064,133.038,305
2015-11-02 14:50:00,2015-11-02 14:51:00,133.018,133.017,133.031,133.014,133.042,133.038,133.053,133.036,176
2015-11-02 14:51:00,2015-11-02 14:52:00,133.017,133.027,133.032,133.013,133.038,133.05,133.054,133.037,231
2015-11-02 14:52:00,2015-11-02 14:53:00,133.027,133.048,133.054,133.022,133.05,133.071,133.076,133.046,171
2015-11-02 14:53:00,2015-11-02 14:54:00,133.048,133.058,133.058,133.022,133.071,133.081,133.081,133.042,230
2015-11-02 14:54:00,2015-11-02 14:55:00,133.058,133.06,133.078,133.048,133.081,133.079,133.1,133.067,377
2015-11-02 14:55:00,2015-11-02 14:56:00,133.06,133.022,133.058,133.007,133.079,133.046,133.079,133.029,229
2015-11-02 14:56:00,2015-11-02 14:57:00,133.022,132.997,133.036,132.997,133.046,133.017,133.06,133.017,259
2015-11-02 14:57:00,2015-11-02 14:58:00,132.997,133.001,133.001,132.975,133.017,133.024,133.024,132.998,241
2015-11-02 14:58:00,2015-11-02 14:59:00,133.001,132.989,133.018,132.981,133.024,133.029,133.044,133.019,249
2015-11-02 14:59:00,2015-11-02 15:00:00,132.989,133.009,133.048,132.979,133.029,133.036,133.073,133.003,995
2015-11-02 15:00:00,2015-11-02 15:01:00,133.009,133.064,133.064,133.002,133.036,133.09,133.09,133.022,760
2015-11-02 15:01:00,2015-11-02 15:02:00,133.064,133.049,133.076,133.035,133.09,133.072,133.098,133.058,490
2015-11-02 15:02:00,2015-11-02 15:03:00,133.049,133.044,133.057,133.023,133.072,133.068,133.078,133.044,591
2015-11-02 15:03:00,2015-11-02 15:04:00,133.044,133.146,133.146,133.045,133.068,133.165,133.167,133.068,596
2015-11-02 15:04:00,2015-11-02 15:05:00,133.146,133.121,133.146,133.096,133.165,133.143,133.168,133.123,572
2015-11-02 15:05:00,2015-11-02 15:06:00,133.121,133.127,133.134,133.114,133.143,133.148,133.156,133.137,402
2015-11-02 15:06:00,2015-11-02 15:07:00,133.127,133.093,133.127,133.084,133.148,133.115,133.15,133.106,418
2015-11-02 15:07:00,2015-11-02 15:08:00,133.093,133.124,133.127,133.075,133.115,133.148,133.15,133.096,515
2015-11-02 15:08:00,2015-11-02 15:09:00,133.124,133.116,133.125,133.101,133.148,133.137,133.148,133.125,401
2015-11-02 15:09:00,2015-11-02 15:10:00,133.116,133.101,133.117,133.093,133.137,133.122,133.139,133.115,295
2015-11-02 15:10:00,2015-11-02 15:11:00,133.101,133.111,133.111,133.076,133.122,133.134,133.134,133.098,447
2015-11-02 15:11:00,2015-11-02 15:12:00,133.111,133.075,133.11,133.072,133.134,133.098,133.134,133.093,366
2015-11-02 15:12:00,2015-11-02 15:13:00,133.075,133.078,133.082,133.071,133.098,133.102,133.103,133.091,194
2015-11-02 15:13:00,2015-11-02 15:14:00,133.078,133.068,133.084,133.067,133.102,133.089,133.107,133.089,193
2015-11-02 15:14:00,2015-11-02 15:15:00,133.068,133.078,133.084,133.066,133.089,133.099,133.107,133.089,266
2015-11-02 15:15:00,2015-11-02 15:16:00,133.078,133.077,133.087,133.061,133.099,133.1,133.111,133.083,384
2015-11-02 15:16:00,2015-11-02 15:17:00,133.077,133.131,133.135,133.067,133.1,133.155,133.155,133.09,362
2015-11-02 15:17:00,2015-11-02 15:18:00,133.131,133.114,133.134,133.105,133.155,133.137,133.155,133.128,317
2015-11-02 15:18:00,2015-11-02 15:19:00,133.114,133.119,133.13,133.111,133.137,133.142,133.152,133.134,342
2015-11-02 15:19:00,2015-11-02 15:20:00,133.119,133.143,133.144,133.115,133.142,133.167,133.167,133.135,336
2015-11-02 15:20:00,2015-11-02 15:21:00,133.143,133.157,133.167,133.136,133.167,133.179,133.189,133.159,281
2015-11-02 15:21:00,2015-11-02 15:22:00,133.157,133.158,133.177,133.152,133.179,133.18,133.197,133.175,230
2015-11-02 15:22:00,2015-11-02 15:23:00,133.158,133.146,133.163,133.142,133.18,133.168,133.186,133.163,328
2015-11-02 15:23:00,2015-11-02 15:24:00,133.146,133.13,133.15,133.126,133.168,133.151,133.173,133.149,242
2015-11-02 15:24:00,2015-11-02 15:25:00,133.13,133.115,133.134,133.103,133.151,133.138,133.157,133.124,366
2015-11-02 15:25:00,2015-11-02 15:26:00,133.115,133.112,133.12,133.106,133.138,133.134,133.143,133.127,269
2015-11-02 15:26:00,2015-11-02 15:27:00,133.112,133.114,133.13,133.11,133.134,133.134,133.149,133.131,228
2015-11-02 15:27:00,2015-11-02 15:28:00,133.114,133.136,133.143,133.111,133.134,133.159,133.164,133.132,337
2015-11-02 15:28:00,2015-11-02 15:29:00,133.136,133.179,133.179,133.135,133.159,133.196,133.196,133.155,249
2015-11-02 15:29:00,2015-11-02 15:30:00,133.179,133.162,133.184,133.158,133.196,133.183,133.205,133.18,240
2015-11-02 15:30:00,2015-11-02 15:31:00,133.162,133.152,133.162,133.148,133.183,133.173,133.184,133.17,194
2015-11-02 15:31:00,2015-11-02 15:32:00,133.152,133.162,133.167,133.149,133.173,133.184,133.186,133.171,320
2015-11-02 15:32:00,2015-11-02 15:33:00,133.162,133.155,133.175,133.155,133.184,133.178,133.195,133.178,343
2015-11-02 15:33:00,2015-11-02 15:34:00,133.155,133.17,133.171,133.152,133.178,133.194,133.194,133.174,304
2015-11-02 15:34:00,2015-11-02 15:35:00,133.17,133.162,133.171,133.15,133.194,133.181,133.194,133.172,258
2015-11-02 15:35:00,2015-11-02 15:36:00,133.162,133.148,133.162,133.141,133.181,133.169,133.181,133.162,210
2015-11-02 15:36:00,2015-11-02 15:37:00,133.148,133.138,133.155,133.133,133.169,133.158,133.176,133.156,273
2015-11-02 15:37:00,2015-11-02 15:38:00,133.138,133.154,133.159,133.127,133.158,133.177,133.182,133.151,404
2015-11-02 15:38:00,2015-11-02 15:39:00,133.154,133.143,133.153,133.133,133.177,133.165,133.177,133.156,239
2015-11-02 15:39:00,2015-11-02 15:40:00,133.143,133.094,133.143,133.091,133.165,133.113,133.165,133.113,311
2015-11-02 15:40:00,2015-11-02 15:41:00,133.094,133.071,133.094,133.064,133.113,133.091,133.112,133.084,326
2015-11-02 15:41:00,2015-11-02 15:42:00,133.071,133.068,133.074,133.059,133.091,133.089,133.096,133.08,198
2015-11-02 15:42:00,2015-11-02 15:43:00,133.068,133.056,133.068,133.051,133.089,133.077,133.09,133.073,205
2015-11-02 15:43:00,2015-11-02 15:44:00,133.056,133.065,133.066,133.052,133.077,133.086,133.087,133.073,227
2015-11-02 15:44:00,2015-11-02 15:45:00,133.065,133.114,133.118,133.063,133.086,133.135,133.139,133.085,346
2015-11-02 15:45:00,2015-11-02 15:46:00,133.114,133.127,133.132,133.101,133.135,133.148,133.154,133.125,309
2015-11-02 15:46:00,2015-11-02 15:47:00,133.127,133.123,133.136,133.123,133.148,133.145,133.157,133.143,232
2015-11-02 15:47:00,2015-11-02 15:48:00,133.123,133.119,133.126,133.098,133.145,133.141,133.147,133.12,346
2015-11-02 15:48:00,2015-11-02 15:49:00,133.119,133.123,133.134,133.117,133.141,133.145,133.155,133.138,315
2015-11-02 15:49:00,2015-11-02 15:50:00,133.123,133.136,133.138,133.12,133.145,133.156,133.157,133.142,170
2015-11-02 15:50:00,2015-11-02 15:51:00,133.136,133.14,133.148,133.13,133.156,133.163,133.171,133.153,214
2015-11-02 15:51:00,2015-11-02 15:52:00,133.14,133.127,133.14,133.112,133.163,133.15,133.164,133.133,263
2015-11-02 15:52:00,2015-11-02 15:53:00,133.127,133.13,133.133,133.115,133.15,133.151,133.153,133.137,277
2015-11-02 15:53:00,2015-11-02 15:54:00,133.13,133.133,133.18,133.123,133.151,133.156,133.198,133.138,434
2015-11-02 15:54:00,2015-11-02 15:55:00,133.133,133.164,133.189,133.125,133.156,133.186,133.213,133.146,645
2015-11-02 15:55:00,2015-11-02 15:56:00,133.164,133.113,133.172,133.107,133.186,133.135,133.194,133.129,411
2015-11-02 15:56:00,2015-11-02 15:57:00,133.113,133.126,133.141,133.099,133.135,133.147,133.16,133.122,415
2015-11-02 15:57:00,2015-11-02 15:58:00,133.126,133.109,133.136,133.109,133.147,133.129,133.157,133.129,333
2015-11-02 15:58:00,2015-11-02 15:59:00,133.109,133.137,133.137,133.086,133.129,133.157,133.158,133.106,484
2015-11-02 15:59:00,2015-11-02 16:00:00,133.137,133.099,133.137,133.095,133.157,133.118,133.158,133.112,277
2015-11-02 16:00:00,2015-11-02 16:01:00,133.099,133.107,133.114,133.077,133.118,133.128,133.136,133.098,423
2015-11-02 16:01:00,2015-11-02 16:02:00,133.107,133.119,133.12,133.102,133.128,133.141,133.143,133.122,263
2015-11-02 16:02:00,2015-11-02 16:03:00,133.119,133.112,133.121,133.105,133.141,133.133,133.142,133.128,338
2015-11-02 16:03:00,2015-11-02 16:04:00,133.112,133.143,133.149,133.111,133.133,133.166,133.173,133.133,379
2015-11-02 16:04:00,2015-11-02 16:05:00,133.143,133.142,133.148,133.132,133.166,133.165,133.17,133.155,324
2015-11-02 16:05:00,2015-11-02 16:06:00,133.142,133.139,133.145,133.126,133.165,133.161,133.167,133.147,321
2015-11-02 16:06:00,2015-11-02 16:07:00,133.139,133.143,133.159,133.135,133.161,133.165,133.181,133.159,340
2015-11-02 16:07:00,2015-11-02 16:08:00,133.143,133.139,133.15,133.137,133.165,133.16,133.171,133.16,378
2015-11-02 16:08:00,2015-11-02 16:09:00,133.139,133.138,133.146,133.12,133.16,133.16,133.167,133.142,436
2015-11-02 16:09:00,2015-11-02 16:10:00,133.138,133.121,133.151,133.118,133.16,133.144,133.169,133.137,534
2015-11-02 16:10:00,2015-11-02 16:11:00,133.121,133.102,133.127,133.102,133.144,133.122,133.15,133.122,419
2015-11-02 16:11:00,2015-11-02 16:12:00,133.102,133.135,133.137,133.101,133.122,133.159,133.159,133.121,371
2015-11-02 16:12:00,2015-11-02 16:13:00,133.135,133.097,133.143,133.095,133.159,133.12,133.165,133.119,388
2015-11-02 16:13:00,2015-11-02 16:14:00,133.097,133.137,133.137,133.095,133.12,133.159,133.159,133.115,465
2015-11-02 16:14:00,2015-11-02 16:15:00,133.137,133.158,133.158,133.128,133.159,133.179,133.18,133.15,383
2015-11-02 16:15:00,2015-11-02 16:16:00,133.158,133.174,133.18,133.156,133.179,133.194,133.202,133.177,218
2015-11-02 16:16:00,2015-11-02 16:17:00,133.174,133.194,133.194,133.163,133.194,133.214,133.214,133.184,248
2015-11-02 16:17:00,2015-11-02 16:18:00,133.194,133.187,133.195,133.18,133.214,133.209,133.217,133.202,199
2015-11-02 16:18:00,2015-11-02 16:19:00,133.187,133.181,133.2,133.174,133.209,133.2,133.221,133.194,338
2015-11-02 16:19:00,2015-11-02 16:20:00,133.181,133.161,133.184,133.153,133.2,133.184,133.205,133.172,353
2015-11-02 16:20:00,2015-11-02 16:21:00,133.161,133.142,133.168,133.136,133.184,133.162,133.191,133.156,271
2015-11-02 16:21:00,2015-11-02 16:22:00,133.142,133.167,133.167,133.131,133.162,133.189,133.19,133.152,269
2015-11-02 16:22:00,2015-11-02 16:23:00,133.167,133.175,133.181,133.165,133.189,133.197,133.203,133.187,241
2015-11-02 16:23:00,2015-11-02 16:24:00,133.175,133.115,133.178,133.114,133.197,133.138,133.2,133.135,400
2015-11-02 16:24:00,2015-11-02 16:25:00,133.115,133.094,133.119,133.093,133.138,133.115,133.139,133.113,480
2015-11-02 16:25:00,2015-11-02 16:26:00,133.094,133.094,133.099,133.077,133.115,133.114,133.12,133.099,339
2015-11-02 16:26:00,2015-11-02 16:27:00,133.094,133.076,133.094,133.072,133.114,133.094,133.114,133.09,361
2015-11-02 16:27:00,2015-11-02 16:28:00,133.076,133.077,133.085,133.071,133.094,133.098,133.105,133.091,315
2015-11-02 16:28:00,2015-11-02 16:29:00,133.077,133.083,133.088,133.07,133.098,133.104,133.11,133.093,342
2015-11-02 16:29:00,2015-11-02 16:30:00,133.083,133.087,133.099,133.077,133.104,133.109,133.118,133.1,234
2015-11-02 16:30:00,2015-11-02 16:31:00,133.087,133.088,133.096,133.086,133.109,133.11,133.119,133.108,139
2015-11-02 16:31:00,2015-11-02 16:32:00,133.088,133.083,133.089,133.069,133.11,133.103,133.111,133.09,263
2015-11-02 16:32:00,2015-11-02 16:33:00,133.083,133.101,133.111,133.083,133.103,133.124,133.133,133.103,332
2015-11-02 16:33:00,2015-11-02 16:34:00,133.101,133.094,133.107,133.093,133.124,133.116,133.127,133.115,193
2015-11-02 16:34:00,2015-11-02 16:35:00,133.094,133.084,133.096,133.082,133.116,133.105,133.119,133.103,161
2015-11-02 16:35:00,2015-11-02 16:36:00,133.084,133.058,133.085,133.056,133.105,133.081,133.106,133.077,234
2015-11-02 16:36:00,2015-11-02 16:37:00,133.058,133.044,133.059,133.042,133.081,133.066,133.081,133.062,168
2015-11-02 16:37:00,2015-11-02 16:38:00,133.044,133.054,133.061,133.043,133.066,133.076,133.085,133.064,201
2015-11-02 16:38:00,2015-11-02 16:39:00,133.054,133.056,133.059,133.046,133.076,133.078,133.082,133.067,196
2015-11-02 16:39:00,2015-11-02 16:40:00,133.056,133.047,133.058,133.027,133.078,133.065,133.081,133.046,313
2015-11-02 16:40:00,2015-11-02 16:41:00,133.047,133.08,133.082,133.042,133.065,133.1,133.1,133.06,194
2015-11-02 16:41:00,2015-11-02 16:42:00,133.08,133.089,133.091,133.06,133.1,133.108,133.109,133.079,321
2015-11-02 16:42:00,2015-11-02 16:43:00,133.089,133.084,133.098,133.084,133.108,133.104,133.119,133.104,163
2015-11-02 16:43:00,2015-11-02 16:44:00,133.084,133.085,133.099,133.074,133.104,133.106,133.119,133.096,250
2015-11-02 16:44:00,2015-11-02 16:45:00,133.085,133.092,133.095,133.084,133.106,133.111,133.116,133.105,149
2015-11-02 16:45:00,2015-11-02 16:46:00,133.092,133.098,133.112,133.089,133.111,133.12,133.133,133.109,205
2015-11-02 16:46:00,2015-11-02 16:47:00,133.098,133.097,133.106,133.094,133.12,133.119,133.128,133.115,133
2015-11-02 16:47:00,2015-11-02 16:48:00,133.097,133.093,133.102,133.084,133.119,133.115,133.124,133.105,157
2015-11-02 16:48:00,2015-11-02 16:49:00,133.093,133.085,133.098,133.082,133.115,133.108,133.119,133.104,115
2015-11-02 16:49:00,2015-11-02 16:50:00,133.085,133.09,133.106,133.075,133.108,133.112,133.128,133.097,234
2015-11-02 16:50:00,2015-11-02 16:51:00,133.09,133.089,133.097,133.085,133.112,133.11,133.119,133.107,181
2015-11-02 16:51:00,2015-11-02 16:52:00,133.089,133.091,133.098,133.082,133.11,133.112,133.12,133.103,216
2015-11-02 16:52:00,2015-11-02 16:53:00,133.091,133.061,133.091,133.061,133.112,133.083,133.113,133.082,185
2015-11-02 16:53:00,2015-11-02 16:54:00,133.061,133.076,133.085,133.055,133.083,133.099,133.107,133.075,209
2015-11-02 16:54:00,2015-11-02 16:55:00,133.076,133.09,133.093,133.069,133.099,133.111,133.116,133.091,178
2015-11-02 16:55:00,2015-11-02 16:56:00,133.09,133.058,133.094,133.058,133.111,133.081,133.117,133.081,309
2015-11-02 16:56:00,2015-11-02 16:57:00,133.058,133.08,133.083,133.054,133.081,133.102,133.106,133.076,206
2015-11-02 16:57:00,2015-11-02 16:58:00,133.08,133.08,133.105,133.079,133.102,133.102,133.127,133.1,294
2015-11-02 16:58:00,2015-11-02 16:59:00,133.08,133.061,133.098,133.058,133.102,133.084,133.12,133.079,229
2015-11-02 16:59:00,2015-11-02 17:00:00,133.061,133.07,133.091,133.062,133.084,133.092,133.116,133.084,323
2015-11-02 17:00:00,2015-11-02 17:01:00,133.07,133.059,133.07,133.051,133.092,133.084,133.09,133.076,254
2015-11-02 17:01:00,2015-11-02 17:02:00,133.059,133.064,133.079,133.059,133.084,133.086,133.102,133.084,205
2015-11-02 17:02:00,2015-11-02 17:03:00,133.064,133.092,133.101,133.064,133.086,133.115,133.126,133.084,212
2015-11-02 17:03:00,2015-11-02 17:04:00,133.092,133.097,133.102,133.087,133.115,133.123,133.125,133.11,189
2015-11-02 17:04:00,2015-11-02 17:05:00,133.097,133.09,133.1,133.085,133.123,133.113,133.125,133.108,119
2015-11-02 17:05:00,2015-11-02 17:06:00,133.09,133.096,133.1,133.089,133.113,133.12,133.123,133.112,207
2015-11-02 17:06:00,2015-11-02 17:07:00,133.096,133.044,133.096,133.04,133.12,133.068,133.12,133.063,223
2015-11-02 17:07:00,2015-11-02 17:08:00,133.044,133.083,133.085,133.044,133.068,133.107,133.109,133.068,409
2015-11-02 17:08:00,2015-11-02 17:09:00,133.083,133.089,133.09,133.079,133.107,133.114,133.114,133.103,167
2015-11-02 17:09:00,2015-11-02 17:10:00,133.089,133.093,133.102,133.089,133.114,133.114,133.123,133.112,175
2015-11-02 17:10:00,2015-11-02 17:11:00,133.093,133.083,133.099,133.07,133.114,133.103,133.123,133.091,212
2015-11-02 17:11:00,2015-11-02 17:12:00,133.083,133.094,133.101,133.082,133.103,133.114,133.123,133.104,146
2015-11-02 17:12:00,2015-11-02 17:13:00,133.094,133.064,133.095,133.064,133.114,133.085,133.116,133.084,179
2015-11-02 17:13:00,2015-11-02 17:14:00,133.064,133.06,133.066,133.053,133.085,133.083,133.087,133.075,142
2015-11-02 17:14:00,2015-11-02 17:15:00,133.06,133.061,133.071,133.054,133.083,133.083,133.094,133.076,261
2015-11-02 17:15:00,2015-11-02 17:16:00,133.061,133.068,133.069,133.055,133.083,133.09,133.092,133.077,248
2015-11-02 17:16:00,2015-11-02 17:17:00,133.068,133.084,133.091,133.069,133.09,133.107,133.115,133.09,196
2015-11-02 17:17:00,2015-11-02 17:18:00,133.084,133.073,133.086,133.073,133.107,133.097,133.109,133.097,114
2015-11-02 17:18:00,2015-11-02 17:19:00,133.073,133.058,133.074,133.057,133.097,133.081,133.098,133.078,177
2015-11-02 17:19:00,2015-11-02 17:20:00,133.058,133.034,133.059,133.032,133.081,133.057,133.082,133.055,125
2015-11-02 17:20:00,2015-11-02 17:21:00,133.034,133.023,133.048,133.023,133.057,133.046,133.071,133.044,241
2015-11-02 17:21:00,2015-11-02 17:22:00,133.023,133.055,133.057,133.023,133.046,133.079,133.079,133.043,176
2015-11-02 17:22:00,2015-11-02 17:23:00,133.055,133.054,133.057,133.05,133.079,133.077,133.08,133.071,57
2015-11-02 17:23:00,2015-11-02 17:24:00,133.054,133.062,133.064,133.048,133.077,133.087,133.088,133.073,90
2015-11-02 17:24:00,2015-11-02 17:25:00,133.062,133.071,133.072,133.06,133.087,133.093,133.097,133.085,278
2015-11-02 17:25:00,2015-11-02 17:26:00,133.071,133.081,133.083,133.066,133.093,133.105,133.106,133.089,203
2015-11-02 17:26:00,2015-11-02 17:27:00,133.081,133.078,133.082,133.069,133.105,133.103,133.105,133.094,266
2015-11-02 17:27:00,2015-11-02 17:28:00,133.078,133.073,133.08,133.058,133.103,133.095,133.104,133.082,221
2015-11-02 17:28:00,2015-11-02 17:29:00,133.073,133.072,133.075,133.067,133.095,133.095,133.097,133.089,75
2015-11-02 17:29:00,2015-11-02 17:30:00,133.072,133.058,133.073,133.057,133.095,133.081,133.096,133.079,142
2015-11-02 17:30:00,2015-11-02 17:31:00,133.058,133.064,133.08,133.057,133.081,133.088,133.103,133.08,141
2015-11-02 17:31:00,2015-11-02 17:32:00,133.064,133.073,133.074,133.062,133.088,133.098,133.098,133.087,67
2015-11-02 17:32:00,2015-11-02 17:33:00,133.073,133.079,133.083,133.071,133.098,133.099,133.103,133.094,118
2015-11-02 17:33:00,2015-11-02 17:34:00,133.079,133.064,133.078,133.056,133.099,133.085,133.099,133.076,141
2015-11-02 17:34:00,2015-11-02 17:35:00,133.064,133.047,133.064,133.046,133.085,133.067,133.085,133.066,199
2015-11-02 17:35:00,2015-11-02 17:36:00,133.047,133.043,133.049,133.041,133.067,133.064,133.069,133.061,94
2015-11-02 17:36:00,2015-11-02 17:37:00,133.043,133.05,133.051,133.043,133.064,133.07,133.071,133.062,40
2015-11-02 17:37:00,2015-11-02 17:38:00,133.05,133.061,133.061,133.044,133.07,133.084,133.084,133.066,99
2015-11-02 17:38:00,2015-11-02 17:39:00,133.061,133.047,133.064,133.044,133.084,133.07,133.086,133.067,132
2015-11-02 17:39:00,2015-11-02 17:40:00,133.047,133.04,133.053,133.036,133.07,133.064,133.076,133.061,140
2015-11-02 17:40:00,2015-11-02 17:41:00,133.04,133.039,133.044,133.039,133.064,133.065,133.07,133.064,51
2015-11-02 17:41:00,2015-11-02 17:42:00,133.039,133.047,133.048,133.038,133.065,133.071,133.072,133.063,83
2015-11-02 17:42:00,2015-11-02 17:43:00,133.047,133.03,133.048,133.028,133.071,133.05,133.072,133.049,96
2015-11-02 17:43:00,2015-11-02 17:44:00,133.03,133.007,133.029,133.001,133.05,133.027,133.05,133.021,167
2015-11-02 17:44:00,2015-11-02 17:45:00,133.007,132.992,133.007,132.988,133.027,133.013,133.026,133.01,172
2015-11-02 17:45:00,2015-11-02 17:46:00,132.992,132.995,132.998,132.988,133.013,133.018,133.02,133.01,74
2015-11-02 17:46:00,2015-11-02 17:47:00,132.995,132.999,133.0,132.992,133.018,133.022,133.023,133.015,104
2015-11-02 17:47:00,2015-11-02 17:48:00,132.999,132.989,133.002,132.989,133.022,133.01,133.023,133.01,151
2015-11-02 17:48:00,2015-11-02 17:49:00,132.989,132.992,132.996,132.989,133.01,133.017,133.02,133.011,136
2015-11-02 17:49:00,2015-11-02 17:50:00,132.992,133.006,133.007,132.988,133.017,133.029,133.03,133.01,168
2015-11-02 17:50:00,2015-11-02 17:51:00,133.006,132.999,133.006,132.998,133.029,133.023,133.03,133.023,80
2015-11-02 17:51:00,2015-11-02 17:52:00,132.999,133.002,133.012,132.989,133.023,133.024,133.035,133.012,157
2015-11-02 17:52:00,2015-11-02 17:53:00,133.002,133.0,133.001,132.988,133.024,133.022,133.024,133.01,106
2015-11-02 17:53:00,2015-11-02 17:54:00,133.0,133.005,133.017,132.998,133.022,133.027,133.039,133.018,191
2015-11-02 17:54:00,2015-11-02 17:55:00,133.005,132.997,133.006,132.994,133.027,133.022,133.029,133.018,86
2015-11-02 17:55:00,2015-11-02 17:56:00,132.997,132.996,133.005,132.992,133.022,133.02,133.028,133.015,129
2015-11-02 17:56:00,2015-11-02 17:57:00,132.996,133.004,133.004,132.994,133.02,133.029,133.029,133.016,180
2015-11-02 17:57:00,2015-11-02 17:58:00,133.004,133.006,133.013,133.0,133.029,133.029,133.038,133.024,201
2015-11-02 17:58:00,2015-11-02 17:59:00,133.006,133.037,133.043,133.006,133.029,133.06,133.067,133.03,269
2015-11-02 17:59:00,2015-11-02 18:00:00,133.037,133.041,133.046,133.036,133.06,133.063,133.069,133.059,171
2015-11-02 18:00:00,2015-11-02 18:01:00,133.041,133.027,133.041,133.024,133.063,133.05,133.063,133.048,134
2015-11-02 18:01:00,2015-11-02 18:02:00,133.027,133.037,133.045,133.026,133.05,133.056,133.063,133.044,81
2015-11-02 18:02:00,2015-11-02 18:03:00,133.037,133.016,133.038,133.016,133.056,133.036,133.056,133.036,89
2015-11-02 18:03:00,2015-11-02 18:04:00,133.016,133.003,133.024,133.003,133.036,133.023,133.043,133.022,136
2015-11-02 18:04:00,2015-11-02 18:05:00,133.003,133.0,133.005,132.999,133.023,133.022,133.026,133.019,69
2015-11-02 18:05:00,2015-11-02 18:06:00,133.0,133.011,133.014,133.0,133.022,133.035,133.035,133.021,93
2015-11-02 18:06:00,2015-11-02 18:07:00,133.011,133.001,133.012,133.001,133.035,133.025,133.034,133.024,71
2015-11-02 18:07:00,2015-11-02 18:08:00,133.001,133.002,133.005,133.001,133.025,133.026,133.029,133.024,71
2015-11-02 18:08:00,2015-11-02 18:09:00,133.002,132.999,133.002,132.997,133.026,133.021,133.027,133.018,139
2015-11-02 18:09:00,2015-11-02 18:10:00,132.999,133.01,133.011,132.996,133.021,133.035,133.035,133.017,125
2015-11-02 18:10:00,2015-11-02 18:11:00,133.01,133.003,133.01,133.002,133.035,133.028,133.034,133.026,69
2015-11-02 18:11:00,2015-11-02 18:12:00,133.003,133.013,133.016,133.003,133.028,133.035,133.039,133.026,76
2015-11-02 18:12:00,2015-11-02 18:13:00,133.013,133.018,133.018,133.013,133.035,133.041,133.042,133.038,27
2015-11-02 18:13:00,2015-11-02 18:14:00,133.018,133.011,133.018,133.009,133.041,133.035,133.043,133.031,136
2015-11-02 18:14:00,2015-11-02 18:15:00,133.011,133.014,133.014,133.008,133.035,133.039,133.039,133.031,47
2015-11-02 18:15:00,2015-11-02 18:16:00,133.014,133.023,133.023,133.007,133.039,133.047,133.047,133.03,150
2015-11-02 18:16:00,2015-11-02 18:17:00,133.023,133.032,133.034,133.023,133.047,133.057,133.058,133.046,74
2015-11-02 18:17:00,2015-11-02 18:18:00,133.032,133.068,133.071,133.029,133.057,133.092,133.096,133.05,281
2015-11-02 18:18:00,2015-11-02 18:19:00,133.068,133.072,133.077,133.055,133.092,133.094,133.098,133.078,297
2015-11-02 18:19:00,2015-11-02 18:20:00,133.072,133.086,133.086,133.073,133.094,133.107,133.107,133.092,85
2015-11-02 18:20:00,2015-11-02 18:21:00,133.086,133.075,133.086,133.074,133.107,133.096,133.106,133.094,36
2015-11-02 18:21:00,2015-11-02 18:22:00,133.075,133.076,133.083,133.074,133.096,133.101,133.104,133.095,33
2015-11-02 18:22:00,2015-11-02 18:23:00,133.076,133.077,133.077,133.073,133.101,133.101,133.101,133.099,31
2015-11-02 18:23:00,2015-11-02 18:24:00,133.077,133.091,133.097,133.072,133.101,133.115,133.121,133.097,114
2015-11-02 18:24:00,2015-11-02 18:25:00,133.091,133.084,133.092,133.081,133.115,133.104,133.116,133.1,109
2015-11-02 18:25:00,2015-11-02 18:26:00,133.084,133.067,133.084,133.051,133.104,133.091,133.104,133.074,132
2015-11-02 18:26:00,2015-11-02 18:27:00,133.067,133.08,133.083,133.061,133.091,133.103,133.109,133.084,192
2015-11-02 18:27:00,2015-11-02 18:28:00,133.08,133.077,133.083,133.077,133.103,133.1,133.106,133.1,63
2015-11-02 18:28:00,2015-11-02 18:29:00,133.077,133.091,133.093,133.077,133.1,133.116,133.118,133.101,80
2015-11-02 18:29:00,2015-11-02 18:30:00,133.091,133.101,133.102,133.091,133.116,133.126,133.127,133.116,58
2015-11-02 18:30:00,2015-11-02 18:31:00,133.101,133.09,133.102,133.088,133.126,133.113,133.127,133.111,64
2015-11-02 18:31:00,2015-11-02 18:32:00,133.09,133.09,133.093,133.085,133.113,133.113,133.115,133.108,90
2015-11-02 18:32:00,2015-11-02 18:33:00,133.09,133.102,133.103,133.085,133.113,133.126,133.128,133.11,129
2015-11-02 18:33:00,2015-11-02 18:34:00,133.102,133.082,133.101,133.082,133.126,133.105,133.126,133.104,69
2015-11-02 18:34:00,2015-11-02 18:35:00,133.082,133.081,133.082,133.078,133.105,133.105,133.106,133.102,57
2015-11-02 18:35:00,2015-11-02 18:36:00,133.081,133.088,133.088,133.081,133.105,133.111,133.111,133.106,36
2015-11-02 18:36:00,2015-11-02 18:37:00,133.088,133.087,133.088,133.081,133.111,133.111,133.112,133.104,54
2015-11-02 18:37:00,2015-11-02 18:38:00,133.087,133.083,133.088,133.082,133.111,133.107,133.111,133.106,42
2015-11-02 18:38:00,2015-11-02 18:39:00,133.083,133.072,133.083,133.068,133.107,133.097,133.106,133.093,209
2015-11-02 18:39:00,2015-11-02 18:40:00,133.072,133.075,133.075,133.069,133.097,133.1,133.1,133.092,93
2015-11-02 18:40:00,2015-11-02 18:41:00,133.075,133.08,133.082,133.075,133.1,133.104,133.108,133.101,52
2015-11-02 18:41:00,2015-11-02 18:42:00,133.08,133.086,133.095,133.079,133.104,133.109,133.12,133.104,91
2015-11-02 18:42:00,2015-11-02 18:43:00,133.086,133.082,133.086,133.078,133.109,133.106,133.111,133.102,111
2015-11-02 18:43:00,2015-11-02 18:44:00,133.082,133.089,133.092,133.081,133.106,133.114,133.115,133.105,72
2015-11-02 18:44:00,2015-11-02 18:45:00,133.089,133.067,133.089,133.066,133.114,133.09,133.113,133.088,90
2015-11-02 18:45:00,2015-11-02 18:46:00,133.067,133.058,133.073,133.057,133.09,133.08,133.096,133.08,58
2015-11-02 18:46:00,2015-11-02 18:47:00,133.058,133.033,133.059,133.019,133.08,133.058,133.084,133.039,237
2015-11-02 18:47:00,2015-11-02 18:48:00,133.033,133.01,133.033,133.01,133.058,133.031,133.059,133.031,130
2015-11-02 18:48:00,2015-11-02 18:49:00,133.01,133.013,133.018,133.009,133.031,133.038,133.039,133.028,90
2015-11-02 18:49:00,2015-11-02 18:50:00,133.013,133.025,133.025,133.01,133.038,133.05,133.05,133.033,160
2015-11-02 18:50:00,2015-11-02 18:51:00,133.025,133.03,133.037,133.021,133.05,133.055,133.062,133.045,89
2015-11-02 18:51:00,2015-11-02 18:52:00,133.03,133.042,133.042,133.03,133.055,133.065,133.066,133.055,70
2015-11-02 18:52:00,2015-11-02 18:53:00,133.042,133.043,133.044,133.041,133.065,133.065,133.067,133.063,47
2015-11-02 18:53:00,2015-11-02 18:54:00,133.043,133.047,133.052,133.038,133.065,133.073,133.075,133.06,68
2015-11-02 18:54:00,2015-11-02 18:55:00,133.047,133.027,133.048,133.027,133.073,133.051,133.074,133.05,118
2015-11-02 18:55:00,2015-11-02 18:56:00,133.027,133.033,133.034,133.019,133.051,133.059,133.059,133.043,123
2015-11-02 18:56:00,2015-11-02 18:57:00,133.033,133.059,133.059,133.024,133.059,133.084,133.084,133.049,212
2015-11-02 18:57:00,2015-11-02 18:58:00,133.059,133.053,133.065,133.053,133.084,133.077,133.089,133.077,100
2015-11-02 18:58:00,2015-11-02 18:59:00,133.053,133.063,133.063,133.047,133.077,133.087,133.087,133.071,184
2015-11-02 18:59:00,2015-11-02 19:00:00,133.063,133.054,133.071,133.054,133.087,133.078,133.096,133.078,187
2015-11-02 19:00:00,2015-11-02 19:01:00,133.054,133.051,133.054,133.04,133.078,133.074,133.079,133.062,99
2015-11-02 19:01:00,2015-11-02 19:02:00,133.051,133.031,133.051,133.031,133.074,133.056,133.074,133.056,133
2015-11-02 19:02:00,2015-11-02 19:03:00,133.031,133.03,133.031,133.027,133.056,133.055,133.056,133.051,89
2015-11-02 19:03:00,2015-11-02 19:04:00,133.03,133.033,133.034,133.025,133.055,133.056,133.059,133.049,102
2015-11-02 19:04:00,2015-11-02 19:05:00,133.033,133.031,133.033,133.023,133.056,133.055,133.057,133.047,102
2015-11-02 19:05:00,2015-11-02 19:06:00,133.031,133.013,133.032,133.01,133.055,133.036,133.057,133.032,166
2015-11-02 19:06:00,2015-11-02 19:07:00,133.013,133.015,133.02,133.012,133.036,133.039,133.045,133.036,101
2015-11-02 19:07:00,2015-11-02 19:08:00,133.015,133.006,133.017,133.006,133.039,133.029,133.041,133.029,81
2015-11-02 19:08:00,2015-11-02 19:09:00,133.006,132.99,133.012,132.99,133.029,133.012,133.035,133.012,82
2015-11-02 19:09:00,2015-11-02 19:10:00,132.99,133.034,133.034,132.985,133.012,133.058,133.058,133.008,237
2015-11-02 19:10:00,2015-11-02 19:11:00,133.034,133.02,133.036,133.014,133.058,133.044,133.06,133.039,164
2015-11-02 19:11:00,2015-11-02 19:12:00,133.02,133.013,133.028,133.01,133.044,133.038,133.052,133.035,138
2015-11-02 19:12:00,2015-11-02 19:13:00,133.013,133.017,133.019,133.013,133.038,133.042,133.044,133.039,70
2015-11-02 19:13:00,2015-11-02 19:14:00,133.017,133.022,133.033,133.017,133.042,133.047,133.057,133.041,108
2015-11-02 19:14:00,2015-11-02 19:15:00,133.022,133.024,133.026,133.022,133.047,133.049,133.051,133.047,42
2015-11-02 19:15:00,2015-11-02 19:16:00,133.024,133.025,133.031,133.017,133.049,133.05,133.056,133.042,94
2015-11-02 19:16:00,2015-11-02 19:17:00,133.025,133.035,133.035,133.025,133.05,133.059,133.06,133.051,47
2015-11-02 19:17:00,2015-11-02 19:18:00,133.035,133.035,133.039,133.033,133.059,133.058,133.062,133.055,77
2015-11-02 19:18:00,2015-11-02 19:19:00,133.035,133.035,133.037,133.032,133.058,133.057,133.059,133.055,35
2015-11-02 19:19:00,2015-11-02 19:20:00,133.035,133.024,133.038,133.022,133.057,133.046,133.06,133.043,179
2015-11-02 19:20:00,2015-11-02 19:21:00,133.024,133.015,133.025,132.995,133.046,133.037,133.048,133.018,173
2015-11-02 19:21:00,2015-11-02 19:22:00,133.015,133.021,133.022,133.014,133.037,133.044,133.046,133.037,120
2015-11-02 19:22:00,2015-11-02 19:23:00,133.021,133.025,133.026,133.011,133.044,133.048,133.05,133.033,153
2015-11-02 19:23:00,2015-11-02 19:24:00,133.025,133.011,133.026,133.008,133.048,133.034,133.05,133.031,126
2015-11-02 19:24:00,2015-11-02 19:25:00,133.011,133.023,133.023,133.011,133.034,133.048,133.048,133.034,111
2015-11-02 19:25:00,2015-11-02 19:26:00,133.023,133.024,133.032,133.022,133.048,133.049,133.057,133.048,87
2015-11-02 19:26:00,2015-11-02 19:27:00,133.024,133.022,133.026,133.021,133.049,133.046,133.05,133.046,57
2015-11-02 19:27:00,2015-11-02 19:28:00,133.022,133.019,133.022,133.015,133.046,133.043,133.047,133.038,92
2015-11-02 19:28:00,2015-11-02 19:29:00,133.019,133.006,133.02,133.005,133.043,133.028,133.044,133.028,64
2015-11-02 19:29:00,2015-11-02 19:30:00,133.006,133.01,133.011,133.005,133.028,133.033,133.035,133.028,72
2015-11-02 19:30:00,2015-11-02 19:31:00,133.01,133.008,133.01,133.008,133.033,133.033,133.034,133.033,20
2015-11-02 19:31:00,2015-11-02 19:32:00,133.008,133.006,133.015,133.005,133.033,133.03,133.038,133.028,85
2015-11-02 19:32:00,2015-11-02 19:33:00,133.006,133.004,133.006,133.004,133.03,133.028,133.03,133.028,48
2015-11-02 19:33:00,2015-11-02 19:34:00,133.004,133.024,133.025,133.004,133.028,133.049,133.049,133.027,112
2015-11-02 19:34:00,2015-11-02 19:35:00,133.024,133.033,133.033,133.024,133.049,133.054,133.054,133.049,62
2015-11-02 19:35:00,2015-11-02 19:36:00,133.033,133.033,133.037,133.032,133.054,133.053,133.059,133.052,59
2015-11-02 19:36:00,2015-11-02 19:37:00,133.033,133.03,133.033,133.029,133.053,133.053,133.054,133.051,36
2015-11-02 19:37:00,2015-11-02 19:38:00,133.03,133.032,133.035,133.021,133.053,133.057,133.057,133.043,96
2015-11-02 19:38:00,2015-11-02 19:39:00,133.032,133.014,133.034,133.014,133.057,133.038,133.059,133.038,86
2015-11-02 19:39:00,2015-11-02 19:40:00,133.014,133.023,133.028,133.012,133.038,133.049,133.051,133.037,77
2015-11-02 19:40:00,2015-11-02 19:41:00,133.023,133.007,133.024,133.007,133.049,133.032,133.049,133.032,74
2015-11-02 19:41:00,2015-11-02 19:42:00,133.007,133.016,133.017,133.007,133.032,133.04,133.04,133.032,96
2015-11-02 19:42:00,2015-11-02 19:43:00,133.016,133.025,133.026,133.012,133.04,133.048,133.049,133.035,108
2015-11-02 19:43:00,2015-11-02 19:44:00,133.025,133.035,133.035,133.024,133.048,133.06,133.06,133.048,29
2015-11-02 19:44:00,2015-11-02 19:45:00,133.035,133.047,133.047,133.027,133.06,133.073,133.073,133.052,112
2015-11-02 19:45:00,2015-11-02 19:46:00,133.047,133.048,133.051,133.047,133.073,133.074,133.075,133.072,68
2015-11-02 19:46:00,2015-11-02 19:47:00,133.048,133.053,133.055,133.048,133.074,133.079,133.079,133.074,60
2015-11-02 19:47:00,2015-11-02 19:48:00,133.053,133.054,133.058,133.052,133.079,133.08,133.083,133.079,74
2015-11-02 19:48:00,2015-11-02 19:49:00,133.054,133.058,133.058,133.054,133.08,133.081,133.084,133.078,64
2015-11-02 19:49:00,2015-11-02 19:50:00,133.058,133.069,133.073,133.053,133.081,133.095,133.097,133.078,122
2015-11-02 19:50:00,2015-11-02 19:51:00,133.069,133.072,133.076,133.059,133.095,133.097,133.101,133.085,173
2015-11-02 19:51:00,2015-11-02 19:52:00,133.072,133.047,133.079,133.041,133.097,133.069,133.102,133.064,146
2015-11-02 19:52:00,2015-11-02 19:53:00,133.047,133.042,133.055,133.04,133.069,133.067,133.079,133.063,145
2015-11-02 19:53:00,2015-11-02 19:54:00,133.042,133.022,133.042,133.022,133.067,133.047,133.068,133.047,96
2015-11-02 19:54:00,2015-11-02 19:55:00,133.022,133.022,133.03,133.013,133.047,133.046,133.054,133.036,173
2015-11-02 19:55:00,2015-11-02 19:56:00,133.022,133.019,133.033,133.016,133.046,133.044,133.058,133.039,169
2015-11-02 19:56:00,2015-11-02 19:57:00,133.019,132.994,133.019,132.988,133.044,133.018,133.045,133.013,273
2015-11-02 19:57:00,2015-11-02 19:58:00,132.994,132.984,132.994,132.98,133.018,133.007,133.02,133.003,214
2015-11-02 19:58:00,2015-11-02 19:59:00,132.984,132.973,132.988,132.961,133.007,132.994,133.015,132.985,403
2015-11-02 19:59:00,2015-11-02 20:00:00,132.973,132.987,132.993,132.971,132.994,133.009,133.017,132.992,329
2015-11-02 20:00:00,2015-11-02 20:01:00,132.987,132.983,132.992,132.983,133.009,133.004,133.017,133.004,284
2015-11-02 20:01:00,2015-11-02 20:02:00,132.983,132.979,132.987,132.972,133.004,133.003,133.012,132.997,134
2015-11-02 20:02:00,2015-11-02 20:03:00,132.979,132.994,132.996,132.977,133.003,133.017,133.021,133.001,114
2015-11-02 20:03:00,2015-11-02 20:04:00,132.994,132.995,133.01,132.993,133.017,133.018,133.033,133.017,95
2015-11-02 20:04:00,2015-11-02 20:05:00,132.995,132.965,132.994,132.959,133.018,132.988,133.018,132.979,229
2015-11-02 20:05:00,2015-11-02 20:06:00,132.965,132.98,132.986,132.965,132.988,133.003,133.005,132.989,176
2015-11-02 20:06:00,2015-11-02 20:07:00,132.98,132.981,132.987,132.978,133.003,133.003,133.012,133.003,91
2015-11-02 20:07:00,2015-11-02 20:08:00,132.981,132.983,132.983,132.976,133.003,133.006,133.008,133.002,57
2015-11-02 20:08:00,2015-11-02 20:09:00,132.983,132.984,132.995,132.983,133.006,133.01,133.02,133.006,114
2015-11-02 20:09:00,2015-11-02 20:10:00,132.984,132.993,132.996,132.984,133.01,133.017,133.02,133.009,154
2015-11-02 20:10:00,2015-11-02 20:11:00,132.993,132.992,132.994,132.987,133.017,133.015,133.017,133.011,99
2015-11-02 20:11:00,2015-11-02 20:12:00,132.992,133.002,133.002,132.991,133.015,133.026,133.027,133.015,62
2015-11-02 20:12:00,2015-11-02 20:13:00,133.002,132.975,133.011,132.974,133.026,133.0,133.036,132.998,244
2015-11-02 20:13:00,2015-11-02 20:14:00,132.975,132.959,132.976,132.955,133.0,132.98,133.0,132.975,97
2015-11-02 20:14:00,2015-11-02 20:15:00,132.959,132.964,132.965,132.954,132.98,132.984,132.989,132.971,88
2015-11-02 20:15:00,2015-11-02 20:16:00,132.964,132.958,132.965,132.955,132.984,132.977,132.986,132.975,42
2015-11-02 20:16:00,2015-11-02 20:17:00,132.958,132.968,132.969,132.954,132.977,132.994,132.995,132.971,97
2015-11-02 20:17:00,2015-11-02 20:18:00,132.968,132.964,132.968,132.961,132.994,132.987,132.994,132.987,61
2015-11-02 20:18:00,2015-11-02 20:19:00,132.964,132.993,132.994,132.96,132.987,133.014,133.015,132.982,206
2015-11-02 20:19:00,2015-11-02 20:20:00,132.993,132.965,132.993,132.95,133.014,132.986,133.013,132.969,247
2015-11-02 20:20:00,2015-11-02 20:21:00,132.965,132.962,132.971,132.961,132.986,132.986,132.996,132.984,136
2015-11-02 20:21:00,2015-11-02 20:22:00,132.962,132.961,132.967,132.961,132.986,132.987,132.993,132.985,149
2015-11-02 20:22:00,2015-11-02 20:23:00,132.961,132.97,132.972,132.961,132.987,132.994,132.996,132.986,76
2015-11-02 20:23:00,2015-11-02 20:24:00,132.97,132.966,132.977,132.966,132.994,132.989,133.003,132.989,69
2015-11-02 20:24:00,2015-11-02 20:25:00,132.966,132.965,132.969,132.961,132.989,132.988,132.992,132.981,141
2015-11-02 20:25:00,2015-11-02 20:26:00,132.965,132.965,132.97,132.96,132.988,132.988,132.992,132.984,143
2015-11-02 20:26:00,2015-11-02 20:27:00,132.965,132.969,132.981,132.964,132.988,132.989,133.005,132.987,172
2015-11-02 20:27:00,2015-11-02 20:28:00,132.969,132.976,132.976,132.969,132.989,132.996,132.996,132.989,48
2015-11-02 20:28:00,2015-11-02 20:29:00,132.976,132.968,132.976,132.966,132.996,132.99,132.997,132.989,96
2015-11-02 20:29:00,2015-11-02 20:30:00,132.968,132.955,132.97,132.954,132.99,132.979,132.991,132.978,106
2015-11-02 20:30:00,2015-11-02 20:31:00,132.955,132.972,132.976,132.955,132.979,132.995,133.001,132.979,143
2015-11-02 20:31:00,2015-11-02 20:32:00,132.972,132.98,132.981,132.97,132.995,133.005,133.007,132.994,94
2015-11-02 20:32:00,2015-11-02 20:33:00,132.98,132.983,132.99,132.98,133.005,133.01,133.015,133.005,118
2015-11-02 20:33:00,2015-11-02 20:34:00,132.983,132.989,132.992,132.982,133.01,133.014,133.018,133.008,100
2015-11-02 20:34:00,2015-11-02 20:35:00,132.989,132.989,132.991,132.984,133.014,133.011,133.015,133.009,75
2015-11-02 20:35:00,2015-11-02 20:36:00,132.989,132.993,133.0,132.989,133.011,133.019,133.024,133.012,80
2015-11-02 20:36:00,2015-11-02 20:37:00,132.993,133.006,133.01,132.99,133.019,133.027,133.032,133.015,144
2015-11-02 20:37:00,2015-11-02 20:38:00,133.006,132.991,133.007,132.989,133.027,133.016,133.029,133.013,197
2015-11-02 20:38:00,2015-11-02 20:39:00,132.991,132.991,132.999,132.985,133.016,133.017,133.023,133.009,109
2015-11-02 20:39:00,2015-11-02 20:40:00,132.991,132.997,133.004,132.987,133.017,133.02,133.025,133.011,166
2015-11-02 20:40:00,2015-11-02 20:41:00,132.997,132.993,133.0,132.989,133.02,133.015,133.021,133.011,133
2015-11-02 20:41:00,2015-11-02 20:42:00,132.993,133.0,133.0,132.989,133.015,133.024,133.024,133.012,92
2015-11-02 20:42:00,2015-11-02 20:43:00,133.0,132.998,133.004,132.995,133.024,133.021,133.027,133.018,145
2015-11-02 20:43:00,2015-11-02 20:44:00,132.998,132.998,133.001,132.996,133.021,133.022,133.024,133.019,57
2015-11-02 20:44:00,2015-11-02 20:45:00,132.998,132.992,132.998,132.989,133.022,133.017,133.023,133.007,148
2015-11-02 20:45:00,2015-11-02 20:46:00,132.992,132.999,132.999,132.992,133.017,133.025,133.025,133.017,87
2015-11-02 20:46:00,2015-11-02 20:47:00,132.999,133.001,133.007,132.991,133.025,133.027,133.03,133.016,228
2015-11-02 20:47:00,2015-11-02 20:48:00,133.001,133.023,133.023,133.001,133.027,133.046,133.046,133.026,126
2015-11-02 20:48:00,2015-11-02 20:49:00,133.023,133.028,133.035,133.022,133.046,133.052,133.057,133.046,123
2015-11-02 20:49:00,2015-11-02 20:50:00,133.028,133.029,133.034,133.027,133.052,133.053,133.057,133.049,51
2015-11-02 20:50:00,2015-11-02 20:51:00,133.029,133.03,133.031,133.022,133.053,133.051,133.052,133.044,96
2015-11-02 20:51:00,2015-11-02 20:52:00,133.03,133.028,133.036,133.028,133.051,133.052,133.057,133.05,82
2015-11-02 20:52:00,2015-11-02 20:53:00,133.028,133.029,133.036,133.019,133.052,133.054,133.057,133.041,81
2015-11-02 20:53:00,2015-11-02 20:54:00,133.029,133.027,133.028,133.01,133.054,133.052,133.054,133.034,150
2015-11-02 20:54:00,2015-11-02 20:55:00,133.027,133.034,133.035,133.021,133.052,133.057,133.058,133.045,111
2015-11-02 20:55:00,2015-11-02 20:56:00,133.034,133.022,133.033,133.02,133.057,133.048,133.06,133.044,146
2015-11-02 20:56:00,2015-11-02 20:57:00,133.022,133.027,133.029,133.021,133.048,133.054,133.056,133.048,77
2015-11-02 20:57:00,2015-11-02 20:58:00,133.027,133.029,133.03,133.026,133.054,133.051,133.056,133.049,80
2015-11-02 20:58:00,2015-11-02 20:59:00,133.029,133.031,133.033,133.025,133.051,133.054,133.058,133.05,194
2015-11-02 20:59:00,2015-11-02 21:00:00,133.031,133.017,133.031,133.002,133.054,133.04,133.053,133.025,262
2015-11-02 21:00:00,2015-11-02 21:01:00,133.017,133.002,133.019,132.999,133.04,133.025,133.042,133.021,125
2015-11-02 21:01:00,2015-11-02 21:02:00,133.002,132.995,133.009,132.993,133.025,133.02,133.03,133.019,109
2015-11-02 21:02:00,2015-11-02 21:03:00,132.995,132.994,132.998,132.99,133.02,133.018,133.025,133.016,54
2015-11-02 21:03:00,2015-11-02 21:04:00,132.994,132.989,132.999,132.987,133.018,133.014,133.024,133.01,139
2015-11-02 21:04:00,2015-11-02 21:05:00,132.989,132.986,132.996,132.986,133.014,133.012,133.022,133.012,55
2015-11-02 21:05:00,2015-11-02 21:06:00,132.986,132.987,132.988,132.986,133.012,133.012,133.013,133.011,11
2015-11-02 21:06:00,2015-11-02 21:07:00,132.987,132.981,132.987,132.978,133.012,133.007,133.012,133.0,39
2015-11-02 21:07:00,2015-11-02 21:08:00,132.981,132.974,132.982,132.965,133.007,133.001,133.008,132.986,81
2015-11-02 21:08:00,2015-11-02 21:09:00,132.974,132.978,132.978,132.973,133.001,133.002,133.002,133.001,26
2015-11-02 21:09:00,2015-11-02 21:10:00,132.978,132.973,132.979,132.973,133.002,132.998,133.006,132.998,66
2015-11-02 21:10:00,2015-11-02 21:11:00,132.973,132.971,132.973,132.968,132.998,132.994,132.999,132.992,79
2015-11-02 21:11:00,2015-11-02 21:12:00,132.971,132.976,132.983,132.969,132.994,132.997,133.004,132.993,198
2015-11-02 21:12:00,2015-11-02 21:13:00,132.976,132.97,132.98,132.965,132.997,132.991,133.003,132.982,158
2015-11-02 21:13:00,2015-11-02 21:14:00,132.97,132.976,132.976,132.968,132.991,132.997,132.999,132.99,60
2015-11-02 21:14:00,2015-11-02 21:15:00,132.976,132.971,132.976,132.97,132.997,132.997,132.998,132.995,19
2015-11-02 21:15:00,2015-11-02 21:16:00,132.971,132.964,132.972,132.963,132.997,132.987,132.997,132.987,40
2015-11-02 21:16:00,2015-11-02 21:17:00,132.964,132.97,132.975,132.96,132.987,132.994,132.998,132.985,75
2015-11-02 21:17:00,2015-11-02 21:18:00,132.97,132.964,132.973,132.964,132.994,132.986,132.995,132.985,60
2015-11-02 21:18:00,2015-11-02 21:19:00,132.964,132.956,132.966,132.954,132.986,132.977,132.987,132.976,53
2015-11-02 21:19:00,2015-11-02 21:20:00,132.956,132.957,132.963,132.956,132.977,132.983,132.986,132.977,34
2015-11-02 21:20:00,2015-11-02 21:21:00,132.957,132.965,132.965,132.957,132.983,132.991,132.991,132.983,33
2015-11-02 21:21:00,2015-11-02 21:22:00,132.965,132.954,132.966,132.953,132.991,132.98,132.992,132.98,100
2015-11-02 21:22:00,2015-11-02 21:23:00,132.954,132.971,132.971,132.95,132.98,132.997,132.997,132.973,73
2015-11-02 21:23:00,2015-11-02 21:24:00,132.971,132.962,132.972,132.96,132.997,132.987,132.998,132.986,77
2015-11-02 21:24:00,2015-11-02 21:25:00,132.962,132.966,132.969,132.959,132.987,132.987,132.992,132.987,67
2015-11-02 21:25:00,2015-11-02 21:26:00,132.966,132.952,132.965,132.951,132.987,132.971,132.986,132.971,49
2015-11-02 21:26:00,2015-11-02 21:27:00,132.952,132.952,132.952,132.95,132.971,132.977,132.978,132.972,63
2015-11-02 21:27:00,2015-11-02 21:28:00,132.952,132.951,132.954,132.948,132.977,132.978,132.979,132.973,71
2015-11-02 21:28:00,2015-11-02 21:29:00,132.951,132.954,132.956,132.938,132.978,132.98,132.98,132.964,123
2015-11-02 21:29:00,2015-11-02 21:30:00,132.954,132.973,132.976,132.951,132.98,132.999,133.002,132.978,248
2015-11-02 21:30:00,2015-11-02 21:31:00,132.973,132.971,132.975,132.968,132.999,132.996,133.002,132.994,107
2015-11-02 21:31:00,2015-11-02 21:32:00,132.971,132.977,132.978,132.971,132.996,133.003,133.003,132.994,48
2015-11-02 21:32:00,2015-11-02 21:33:00,132.977,132.974,132.98,132.973,133.003,132.999,133.004,132.999,39
2015-11-02 21:33:00,2015-11-02 21:34:00,132.974,132.976,132.976,132.971,132.999,133.001,133.002,132.994,36
2015-11-02 21:34:00,2015-11-02 21:35:00,132.976,132.981,132.981,132.975,133.001,133.003,133.004,133.001,15
2015-11-02 21:35:00,2015-11-02 21:36:00,132.981,132.982,132.989,132.976,133.003,133.01,133.016,133.003,74
2015-11-02 21:36:00,2015-11-02 21:37:00,132.982,132.98,132.985,132.979,133.01,133.005,133.013,133.004,67
2015-11-02 21:37:00,2015-11-02 21:38:00,132.98,132.983,132.983,132.979,133.005,133.007,133.008,133.004,24
2015-11-02 21:38:00,2015-11-02 21:39:00,132.983,133.001,133.015,132.982,133.007,133.026,133.042,133.007,113
2015-11-02 21:39:00,2015-11-02 21:40:00,133.001,133.005,133.008,132.993,133.026,133.028,133.033,133.016,130
2015-11-02 21:40:00,2015-11-02 21:41:00,133.005,133.013,133.021,133.003,133.028,133.037,133.049,133.027,114
2015-11-02 21:41:00,2015-11-02 21:42:00,133.013,132.998,133.013,132.998,133.037,133.022,133.038,133.022,80
2015-11-02 21:42:00,2015-11-02 21:43:00,132.998,133.01,133.01,132.997,133.022,133.033,133.033,133.023,82
2015-11-02 21:43:00,2015-11-02 21:44:00,133.01,133.005,133.012,133.004,133.033,133.029,133.034,133.029,29
2015-11-02 21:44:00,2015-11-02 21:45:00,133.005,133.007,133.008,133.0,133.029,133.033,133.034,133.026,35
2015-11-02 21:45:00,2015-11-02 21:46:00,133.007,133.011,133.014,133.002,133.033,133.036,133.037,133.028,159
2015-11-02 21:46:00,2015-11-02 21:47:00,133.011,133.027,133.037,133.01,133.036,133.047,133.059,133.036,357
2015-11-02 21:47:00,2015-11-02 21:48:00,133.027,133.023,133.031,133.02,133.047,133.051,133.054,133.039,230
2015-11-02 21:48:00,2015-11-02 21:49:00,133.023,133.028,133.029,133.016,133.051,133.051,133.054,133.041,246
2015-11-02 21:49:00,2015-11-02 21:50:00,133.028,132.997,133.028,132.997,133.051,133.022,133.053,133.022,297
2015-11-02 21:50:00,2015-11-02 21:51:00,132.997,133.002,133.006,132.997,133.022,133.026,133.028,133.017,122
2015-11-02 21:51:00,2015-11-02 21:52:00,133.002,133.006,133.009,133.001,133.026,133.03,133.031,133.026,160
2015-11-02 21:52:00,2015-11-02 21:53:00,133.006,133.013,133.013,133.002,133.03,133.037,133.038,133.028,126
2015-11-02 21:53:00,2015-11-02 21:54:00,133.013,133.007,133.016,133.005,133.037,133.032,133.037,133.032,101
2015-11-02 21:54:00,2015-11-02 21:55:00,133.007,133.014,133.016,133.004,133.032,133.035,133.039,133.029,251
2015-11-02 21:55:00,2015-11-02 21:56:00,133.014,133.009,133.016,132.998,133.035,133.029,133.036,133.022,207
2015-11-02 21:56:00,2015-11-02 21:57:00,133.009,133.005,133.011,133.002,133.029,133.035,133.037,133.028,155
2015-11-02 21:57:00,2015-11-02 21:58:00,133.005,133.009,133.014,132.998,133.035,133.041,133.042,133.028,252
2015-11-02 21:58:00,2015-11-02 21:59:00,133.009,132.984,133.009,132.963,133.041,133.064,133.078,133.018,377
2015-11-02 21:59:00,2015-11-02 22:00:00,132.984,133.012,133.024,132.977,133.064,133.034,133.105,133.033,26
2015-11-02 22:00:00,2015-11-02 22:01:00,133.012,132.972,133.012,132.972,133.034,133.0,133.088,132.992,40
2015-11-02 22:01:00,2015-11-02 22:02:00,132.972,132.967,132.977,132.96,133.0,133.05,133.051,133.002,57
2015-11-02 22:02:00,2015-11-02 22:03:00,132.967,132.984,132.984,132.966,133.05,133.034,133.05,133.033,11
2015-11-02 22:03:00,2015-11-02 22:04:00,132.984,132.985,132.985,132.983,133.034,133.036,133.036,133.032,10
2015-11-02 22:04:00,2015-11-02 22:05:00,132.985,132.984,132.989,132.983,133.036,133.023,133.028,133.022,24
2015-11-02 22:05:00,2015-11-02 22:06:00,132.984,132.983,132.99,132.981,133.023,133.022,133.029,133.02,87
2015-11-02 22:06:00,2015-11-02 22:07:00,132.983,133.007,133.014,132.981,133.022,133.046,133.048,133.02,120
2015-11-02 22:07:00,2015-11-02 22:08:00,133.007,133.006,133.019,133.006,133.046,133.043,133.047,133.042,29
2015-11-02 22:08:00,2015-11-02 22:09:00,133.006,133.006,133.008,133.002,133.043,133.045,133.046,133.041,20
2015-11-02 22:09:00,2015-11-02 22:10:00,133.006,133.011,133.025,132.987,133.045,133.047,133.063,133.026,141
2015-11-02 22:10:00,2015-11-02 22:11:00,133.011,132.995,133.017,132.995,133.047,133.034,133.055,133.034,74
2015-11-02 22:11:00,2015-11-02 22:12:00,132.995,133.0,133.008,132.996,133.034,133.039,133.047,133.034,255
2015-11-02 22:12:00,2015-11-02 22:13:00,133.0,133.0,133.004,132.986,133.039,133.032,133.042,133.023,248
2015-11-02 22:13:00,2015-11-02 22:14:00,133.0,132.993,133.008,132.985,133.032,133.032,133.042,133.016,87
2015-11-02 22:14:00,2015-11-02 22:15:00,132.993,132.992,132.993,132.992,133.032,133.03,133.032,133.029,17
2015-11-02 22:15:00,2015-11-02 22:16:00,132.992,132.995,132.996,132.991,133.03,133.034,133.035,133.03,42
2015-11-02 22:16:00,2015-11-02 22:17:00,132.995,133.002,133.004,132.996,133.034,133.041,133.041,133.035,10
2015-11-02 22:17:00,2015-11-02 22:18:00,133.002,132.999,133.003,132.997,133.041,133.038,133.042,133.034,20
2015-11-02 22:18:00,2015-11-02 22:19:00,132.999,132.998,133.003,132.995,133.038,133.037,133.042,133.034,39
2015-11-02 22:19:00,2015-11-02 22:20:00,132.998,132.997,132.998,132.997,133.037,133.036,133.037,133.036,5
2015-11-02 22:20:00,2015-11-02 22:21:00,132.997,132.996,132.997,132.993,133.036,133.035,133.036,133.032,18
2015-11-02 22:21:00,2015-11-02 22:22:00,132.996,132.996,132.999,132.994,133.035,133.035,133.038,133.033,46
2015-11-02 22:22:00,2015-11-02 22:23:00,132.996,132.995,132.999,132.995,133.035,133.034,133.038,133.034,26
2015-11-02 22:23:00,2015-11-02 22:24:00,132.995,132.995,132.995,132.992,133.034,133.034,133.034,133.031,42
2015-11-02 22:24:00,2015-11-02 22:25:00,132.995,132.99,132.995,132.99,133.034,133.027,133.034,133.027,36
2015-11-02 22:25:00,2015-11-02 22:26:00,132.99,132.984,132.991,132.983,133.027,133.023,133.028,133.021,42
2015-11-02 22:26:00,2015-11-02 22:27:00,132.984,132.983,132.984,132.981,133.023,133.022,133.023,133.02,36
2015-11-02 22:27:00,2015-11-02 22:28:00,132.983,132.975,132.983,132.973,133.022,133.014,133.022,133.012,62
2015-11-02 22:28:00,2015-11-02 22:29:00,132.975,132.978,132.98,132.976,133.014,133.017,133.019,133.014,24
2015-11-02 22:29:00,2015-11-02 22:30:00,132.978,132.982,132.984,132.977,133.017,133.021,133.023,133.013,116
2015-11-02 22:30:00,2015-11-02 22:31:00,132.982,133.007,133.022,132.978,133.021,133.046,133.056,133.017,175
2015-11-02 22:31:00,2015-11-02 22:32:00,133.007,133.0,133.009,132.995,133.046,133.039,133.048,133.034,108
2015-11-02 22:32:00,2015-11-02 22:33:00,133.0,132.984,133.002,132.98,133.039,133.023,133.041,133.019,139
2015-11-02 22:33:00,2015-11-02 22:34:00,132.984,132.988,132.999,132.984,133.023,133.027,133.038,133.022,80
2015-11-02 22:34:00,2015-11-02 22:35:00,132.988,132.989,132.995,132.988,133.027,133.028,133.033,133.026,74
2015-11-02 22:35:00,2015-11-02 22:36:00,132.989,132.988,132.995,132.983,133.028,133.027,133.034,133.022,140
2015-11-02 22:36:00,2015-11-02 22:37:00,132.988,132.989,132.992,132.98,133.027,133.027,133.028,133.019,187
2015-11-02 22:37:00,2015-11-02 22:38:00,132.989,132.989,132.993,132.981,133.027,133.028,133.031,133.02,165
2015-11-02 22:38:00,2015-11-02 22:39:00,132.989,132.984,132.99,132.981,133.028,133.023,133.029,133.02,183
2015-11-02 22:39:00,2015-11-02 22:40:00,132.984,132.987,132.987,132.981,133.023,133.025,133.025,133.02,113
2015-11-02 22:40:00,2015-11-02 22:41:00,132.987,132.976,132.987,132.972,133.025,133.015,133.024,133.01,144
2015-11-02 22:41:00,2015-11-02 22:42:00,132.976,132.978,132.979,132.972,133.015,133.009,133.015,133.005,171
2015-11-02 22:42:00,2015-11-02 22:43:00,132.978,132.975,132.979,132.974,133.009,133.004,133.012,133.001,173
2015-11-02 22:43:00,2015-11-02 22:44:00,132.975,132.975,132.975,132.95,133.004,133.004,133.004,132.987,345
2015-11-02 22:44:00,2015-11-02 22:45:00,132.975,132.962,132.981,132.939,133.004,132.997,133.008,132.975,729
2015-11-02 22:45:00,2015-11-02 22:46:00,132.962,132.956,132.963,132.955,132.997,132.994,133.0,132.992,267
2015-11-02 22:46:00,2015-11-02 22:47:00,132.956,132.954,132.958,132.952,132.994,132.99,132.995,132.989,262
2015-11-02 22:47:00,2015-11-02 22:48:00,132.954,132.95,132.965,132.95,132.99,132.986,132.999,132.986,328
2015-11-02 22:48:00,2015-11-02 22:49:00,132.95,132.953,132.961,132.947,132.986,132.99,132.993,132.984,313
2015-11-02 22:49:00,2015-11-02 22:50:00,132.953,132.953,132.958,132.952,132.99,132.99,132.993,132.986,319
2015-11-02 22:50:00,2015-11-02 22:51:00,132.953,132.953,132.958,132.949,132.99,132.987,132.991,132.982,313
2015-11-02 22:51:00,2015-11-02 22:52:00,132.953,132.953,132.956,132.945,132.987,132.986,132.99,132.98,443
2015-11-02 22:52:00,2015-11-02 22:53:00,132.953,132.956,132.961,132.948,132.986,132.99,132.993,132.981,369
2015-11-02 22:53:00,2015-11-02 22:54:00,132.956,132.956,132.958,132.955,132.99,132.991,132.993,132.99,15
2015-11-02 22:54:00,2015-11-02 22:55:00,132.956,132.956,132.958,132.953,132.991,132.993,132.994,132.988,390
2015-11-02 22:55:00,2015-11-02 22:56:00,132.956,132.957,132.963,132.954,132.993,132.992,132.996,132.99,447
2015-11-02 22:56:00,2015-11-02 22:57:00,132.957,132.966,132.97,132.955,132.992,133.001,133.006,132.99,423
2015-11-02 22:57:00,2015-11-02 22:58:00,132.966,132.975,132.976,132.965,133.001,133.006,133.007,132.997,264
2015-11-02 22:58:00,2015-11-02 22:59:00,132.975,132.975,132.978,132.974,133.006,133.007,133.011,133.005,170
2015-11-02 22:59:00,2015-11-02 23:00:00,132.975,132.979,132.99,132.971,133.007,133.003,133.013,132.992,395
2015-11-02 23:00:00,2015-11-02 23:01:00,132.979,132.972,132.98,132.972,133.003,132.996,133.003,132.993,135
2015-11-02 23:01:00,2015-11-02 23:02:00,132.972,132.968,132.973,132.968,132.996,132.992,132.998,132.992,154
2015-11-02 23:02:00,2015-11-02 23:03:00,132.968,132.97,132.972,132.967,132.992,132.995,132.996,132.991,88
2015-11-02 23:03:00,2015-11-02 23:04:00,132.97,132.975,132.977,132.97,132.995,132.999,133.001,132.995,49
2015-11-02 23:04:00,2015-11-02 23:05:00,132.975,132.984,132.984,132.972,132.999,133.008,133.008,132.996,144
2015-11-02 23:05:00,2015-11-02 23:06:00,132.984,132.978,132.986,132.977,133.008,133.002,133.011,133.001,145
2015-11-02 23:06:00,2015-11-02 23:07:00,132.978,132.976,132.978,132.974,133.002,133.001,133.003,132.999,192
2015-11-02 23:07:00,2015-11-02 23:08:00,132.976,132.976,132.982,132.974,133.001,133.001,133.006,132.998,133
2015-11-02 23:08:00,2015-11-02 23:09:00,132.976,132.974,132.976,132.971,133.001,132.998,133.0,132.996,146
2015-11-02 23:09:00,2015-11-02 23:10:00,132.974,132.974,132.977,132.972,132.998,132.998,133.002,132.996,112
2015-11-02 23:10:00,2015-11-02 23:11:00,132.974,132.977,132.979,132.974,132.998,133.002,133.004,132.998,90
2015-11-02 23:11:00,2015-11-02 23:12:00,132.977,132.975,132.978,132.973,133.002,132.999,133.002,132.998,98
2015-11-02 23:12:00,2015-11-02 23:13:00,132.975,132.977,132.98,132.975,132.999,133.002,133.004,132.999,67
2015-11-02 23:13:00,2015-11-02 23:14:00,132.977,132.979,132.981,132.977,133.002,133.003,133.005,133.001,56
2015-11-02 23:14:00,2015-11-02 23:15:00,132.979,132.976,132.982,132.975,133.003,133.001,133.005,132.999,120
2015-11-02 23:15:00,2015-11-02 23:16:00,132.976,132.975,132.981,132.975,133.001,133.001,133.005,133.0,81
2015-11-02 23:16:00,2015-11-02 23:17:00,132.975,132.979,132.98,132.975,133.001,133.003,133.006,132.999,244
2015-11-02 23:17:00,2015-11-02 23:18:00,132.979,132.971,132.983,132.97,133.003,132.995,133.007,132.995,76
2015-11-02 23:18:00,2015-11-02 23:19:00,132.971,132.971,132.972,132.97,132.995,132.995,132.996,132.995,28
2015-11-02 23:19:00,2015-11-02 23:20:00,132.971,132.974,132.98,132.971,132.995,132.997,133.006,132.996,106
2015-11-02 23:20:00,2015-11-02 23:21:00,132.974,132.973,132.974,132.971,132.997,132.998,132.999,132.995,225
2015-11-02 23:21:00,2015-11-02 23:22:00,132.973,132.974,132.975,132.971,132.998,132.999,133.0,132.997,184
2015-11-02 23:22:00,2015-11-02 23:23:00,132.974,132.977,132.978,132.974,132.999,133.003,133.004,132.999,194
2015-11-02 23:23:00,2015-11-02 23:24:00,132.977,132.983,132.983,132.976,133.003,133.009,133.009,133.003,205
2015-11-02 23:24:00,2015-11-02 23:25:00,132.983,132.984,132.984,132.982,133.009,133.01,133.011,133.009,16
2015-11-02 23:25:00,2015-11-02 23:26:00,132.984,132.983,132.983,132.982,133.01,133.011,133.012,133.01,18
2015-11-02 23:26:00,2015-11-02 23:27:00,132.983,132.984,132.985,132.982,133.011,133.011,133.012,133.009,24
2015-11-02 23:27:00,2015-11-02 23:28:00,132.984,132.988,132.991,132.984,133.011,133.013,133.018,133.01,36
2015-11-02 23:28:00,2015-11-02 23:29:00,132.988,132.982,132.986,132.98,133.013,133.01,133.013,133.009,56
2015-11-02 23:29:00,2015-11-02 23:30:00,132.982,132.984,132.984,132.981,133.01,133.011,133.011,133.01,97
2015-11-02 23:30:00,2015-11-02 23:31:00,132.984,132.991,132.992,132.982,133.011,133.015,133.018,133.011,54
2015-11-02 23:31:00,2015-11-02 23:32:00,132.991,133.003,133.006,132.989,133.015,133.027,133.032,133.015,73
2015-11-02 23:32:00,2015-11-02 23:33:00,133.003,133.016,133.017,133.003,133.027,133.04,133.041,133.027,110
2015-11-02 23:33:00,2015-11-02 23:34:00,133.016,133.021,133.022,133.012,133.04,133.044,133.045,133.036,72
2015-11-02 23:34:00,2015-11-02 23:35:00,133.021,133.02,133.021,133.019,133.044,133.044,133.045,133.04,31
2015-11-02 23:35:00,2015-11-02 23:36:00,133.02,133.011,133.023,133.009,133.044,133.035,133.047,133.032,60
2015-11-02 23:36:00,2015-11-02 23:37:00,133.011,133.02,133.026,133.007,133.035,133.044,133.05,133.031,105
2015-11-02 23:37:00,2015-11-02 23:38:00,133.02,133.021,133.023,133.017,133.044,133.044,133.045,133.04,83
2015-11-02 23:38:00,2015-11-02 23:39:00,133.021,133.028,133.03,133.022,133.044,133.05,133.054,133.044,129
2015-11-02 23:39:00,2015-11-02 23:40:00,133.028,133.022,133.029,133.022,133.05,133.046,133.052,133.045,118
2015-11-02 23:40:00,2015-11-02 23:41:00,133.022,133.026,133.027,133.022,133.046,133.049,133.05,133.046,92
2015-11-02 23:41:00,2015-11-02 23:42:00,133.026,133.03,133.033,133.026,133.049,133.053,133.056,133.049,163
2015-11-02 23:42:00,2015-11-02 23:43:00,133.03,133.033,133.039,133.025,133.053,133.056,133.062,133.049,115
2015-11-02 23:43:00,2015-11-02 23:44:00,133.033,133.031,133.033,133.03,133.056,133.054,133.056,133.053,38
2015-11-02 23:44:00,2015-11-02 23:45:00,133.031,133.024,133.034,133.022,133.054,133.047,133.057,133.045,120
2015-11-02 23:45:00,2015-11-02 23:46:00,133.024,133.031,133.039,133.025,133.047,133.053,133.062,133.047,158
2015-11-02 23:46:00,2015-11-02 23:47:00,133.031,133.028,133.05,133.027,133.053,133.049,133.068,133.047,244
2015-11-02 23:47:00,2015-11-02 23:48:00,133.028,133.007,133.042,133.005,133.049,133.031,133.064,133.028,246
2015-11-02 23:48:00,2015-11-02 23:49:00,133.007,132.991,133.019,132.99,133.031,133.015,133.046,133.015,163
2015-11-02 23:49:00,2015-11-02 23:50:00,132.991,133.001,133.002,132.988,133.015,133.025,133.026,133.014,249
2015-11-02 23:50:00,2015-11-02 23:51:00,133.001,132.994,133.018,132.994,133.025,133.017,133.04,133.017,348
2015-11-02 23:51:00,2015-11-02 23:52:00,132.994,133.019,133.019,132.993,133.017,133.042,133.043,133.016,127
2015-11-02 23:52:00,2015-11-02 23:53:00,133.019,133.023,133.032,133.013,133.042,133.048,133.056,133.037,246
2015-11-02 23:53:00,2015-11-02 23:54:00,133.023,133.017,133.033,133.016,133.048,133.038,133.056,133.038,127
2015-11-02 23:54:00,2015-11-02 23:55:00,133.017,133.025,133.033,133.012,133.038,133.046,133.056,133.036,167
2015-11-02 23:55:00,2015-11-02 23:56:00,133.025,133.033,133.042,133.023,133.046,133.056,133.063,133.044,163
2015-11-02 23:56:00,2015-11-02 23:57:00,133.033,133.033,133.045,133.031,133.056,133.056,133.066,133.054,156
2015-11-02 23:57:00,2015-11-02 23:58:00,133.033,133.039,133.04,133.028,133.056,133.061,133.061,133.049,105
2015-11-02 23:58:00,2015-11-02 23:59:00,133.039,133.047,133.047,133.037,133.061,133.064,133.064,133.057,121
2015-11-02 23:59:00,2015-11-03 00:00:00,133.047,133.058,133.078,133.047,133.064,133.082,133.102,133.065,283
2015-11-03 00:00:00,2015-11-03 00:01:00,133.058,133.054,133.058,133.041,133.082,133.079,133.082,133.066,117
2015-11-03 00:01:00,2015-11-03 00:02:00,133.054,133.06,133.066,133.053,133.079,133.083,133.092,133.078,141
2015-11-03 00:02:00,2015-11-03 00:03:00,133.06,133.068,133.072,133.06,133.083,133.091,133.096,133.084,112
2015-11-03 00:03:00,2015-11-03 00:04:00,133.068,133.056,133.071,133.056,133.091,133.077,133.095,133.077,74
2015-11-03 00:04:00,2015-11-03 00:05:00,133.056,133.071,133.081,133.056,133.077,133.095,133.103,133.078,117
2015-11-03 00:05:00,2015-11-03 00:06:00,133.071,133.074,133.085,133.071,133.095,133.098,133.108,133.095,69
2015-11-03 00:06:00,2015-11-03 00:07:00,133.074,133.081,133.081,133.073,133.098,133.104,133.104,133.097,49
2015-11-03 00:07:00,2015-11-03 00:08:00,133.081,133.089,133.091,133.081,133.104,133.112,133.115,133.104,72
2015-11-03 00:08:00,2015-11-03 00:09:00,133.089,133.085,133.09,133.081,133.112,133.109,133.114,133.105,78
2015-11-03 00:09:00,2015-11-03 00:10:00,133.085,133.098,133.113,133.085,133.109,133.122,133.136,133.109,207
2015-11-03 00:10:00,2015-11-03 00:11:00,133.098,133.095,133.099,133.088,133.122,133.118,133.121,133.11,104
2015-11-03 00:11:00,2015-11-03 00:12:00,133.095,133.089,133.097,133.084,133.118,133.112,133.12,133.107,124
2015-11-03 00:12:00,2015-11-03 00:13:00,133.089,133.091,133.101,133.088,133.112,133.115,133.124,133.112,179
2015-11-03 00:13:00,2015-11-03 00:14:00,133.091,133.1,133.103,133.091,133.115,133.123,133.125,133.115,65
2015-11-03 00:14:00,2015-11-03 00:15:00,133.1,133.101,133.109,133.094,133.123,133.124,133.132,133.118,105
2015-11-03 00:15:00,2015-11-03 00:16:00,133.101,133.096,133.105,133.095,133.124,133.119,133.128,133.119,37
2015-11-03 00:16:00,2015-11-03 00:17:00,133.096,133.097,133.098,133.093,133.119,133.12,133.121,133.117,59
2015-11-03 00:17:00,2015-11-03 00:18:00,133.097,133.093,133.097,133.091,133.12,133.116,133.121,133.115,74
2015-11-03 00:18:00,2015-11-03 00:19:00,133.093,133.09,133.097,133.085,133.116,133.109,133.12,133.109,150
2015-11-03 00:19:00,2015-11-03 00:20:00,133.09,133.087,133.095,133.086,133.109,133.11,133.118,133.107,47
2015-11-03 00:20:00,2015-11-03 00:21:00,133.087,133.085,133.094,133.084,133.11,133.106,133.115,133.106,41
2015-11-03 00:21:00,2015-11-03 00:22:00,133.085,133.098,133.099,133.073,133.106,133.123,133.123,133.097,131
2015-11-03 00:22:00,2015-11-03 00:23:00,133.098,133.08,133.098,133.08,133.123,133.104,133.122,133.103,50
2015-11-03 00:23:00,2015-11-03 00:24:00,133.08,133.083,133.086,133.08,133.104,133.106,133.11,133.103,66
2015-11-03 00:24:00,2015-11-03 00:25:00,133.083,133.078,133.084,133.077,133.106,133.102,133.107,133.101,29
2015-11-03 00:25:00,2015-11-03 00:26:00,133.078,133.077,133.08,133.074,133.102,133.101,133.104,133.098,100
2015-11-03 00:26:00,2015-11-03 00:27:00,133.077,133.089,133.09,133.076,133.101,133.111,133.113,133.1,114
2015-11-03 00:27:00,2015-11-03 00:28:00,133.089,133.09,133.099,133.088,133.111,133.114,133.119,133.111,131
2015-11-03 00:28:00,2015-11-03 00:29:00,133.09,133.078,133.09,133.071,133.114,133.1,133.114,133.094,210
2015-11-03 00:29:00,2015-11-03 00:30:00,133.078,133.065,133.078,133.065,133.1,133.089,133.101,133.089,73
2015-11-03 00:30:00,2015-11-03 00:31:00,133.065,133.067,133.067,133.064,133.089,133.09,133.09,133.087,39
2015-11-03 00:31:00,2015-11-03 00:32:00,133.067,133.065,133.069,133.056,133.09,133.088,133.091,133.079,189
2015-11-03 00:32:00,2015-11-03 00:33:00,133.065,133.065,133.068,133.063,133.088,133.089,133.092,133.087,96
2015-11-03 00:33:00,2015-11-03 00:34:00,133.065,133.063,133.07,133.054,133.089,133.085,133.091,133.077,96
2015-11-03 00:34:00,2015-11-03 00:35:00,133.063,133.053,133.065,133.044,133.085,133.077,133.088,133.068,219
2015-11-03 00:35:00,2015-11-03 00:36:00,133.053,133.059,133.062,133.053,133.077,133.083,133.085,133.076,76
2015-11-03 00:36:00,2015-11-03 00:37:00,133.059,133.073,133.073,133.053,133.083,133.096,133.096,133.077,113
2015-11-03 00:37:00,2015-11-03 00:38:00,133.073,133.068,133.093,133.062,133.096,133.091,133.117,133.086,361
2015-11-03 00:38:00,2015-11-03 00:39:00,133.068,133.064,133.075,133.063,133.091,133.088,133.098,133.087,83
2015-11-03 00:39:00,2015-11-03 00:40:00,133.064,133.061,133.066,133.058,133.088,133.085,133.089,133.082,47
2015-11-03 00:40:00,2015-11-03 00:41:00,133.061,133.068,133.076,133.061,133.085,133.092,133.097,133.085,62
2015-11-03 00:41:00,2015-11-03 00:42:00,133.068,133.063,133.069,133.059,133.092,133.087,133.092,133.082,50
2015-11-03 00:42:00,2015-11-03 00:43:00,133.063,133.069,133.073,133.063,133.087,133.092,133.096,133.087,102
2015-11-03 00:43:00,2015-11-03 00:44:00,133.069,133.07,133.071,133.067,133.092,133.094,133.094,133.091,57
2015-11-03 00:44:00,2015-11-03 00:45:00,133.07,133.062,133.076,133.062,133.094,133.083,133.099,133.082,124
2015-11-03 00:45:00,2015-11-03 00:46:00,133.062,133.074,133.074,133.062,133.083,133.097,133.097,133.081,81
2015-11-03 00:46:00,2015-11-03 00:47:00,133.074,133.075,133.077,133.074,133.097,133.099,133.101,133.097,27
2015-11-03 00:47:00,2015-11-03 00:48:00,133.075,133.091,133.094,133.076,133.099,133.11,133.117,133.099,148
2015-11-03 00:48:00,2015-11-03 00:49:00,133.091,133.098,133.103,133.091,133.11,133.12,133.122,133.11,132
2015-11-03 00:49:00,2015-11-03 00:50:00,133.098,133.093,133.098,133.09,133.12,133.116,133.12,133.112,64
2015-11-03 00:50:00,2015-11-03 00:51:00,133.093,133.066,133.092,133.058,133.116,133.09,133.116,133.081,219
2015-11-03 00:51:00,2015-11-03 00:52:00,133.066,133.058,133.067,133.056,133.09,133.081,133.09,133.078,97
2015-11-03 00:52:00,2015-11-03 00:53:00,133.058,133.061,133.061,133.05,133.081,133.085,133.085,133.074,88
2015-11-03 00:53:00,2015-11-03 00:54:00,133.061,133.054,133.061,133.054,133.085,133.078,133.084,133.077,124
2015-11-03 00:54:00,2015-11-03 00:55:00,133.054,133.055,133.057,133.053,133.078,133.078,133.08,133.076,56
2015-11-03 00:55:00,2015-11-03 00:56:00,133.055,133.042,133.055,133.041,133.078,133.066,133.078,133.065,72
2015-11-03 00:56:00,2015-11-03 00:57:00,133.042,133.033,133.042,133.022,133.066,133.057,133.065,133.042,211
2015-11-03 00:57:00,2015-11-03 00:58:00,133.033,133.022,133.034,133.02,133.057,133.041,133.058,133.041,122
2015-11-03 00:58:00,2015-11-03 00:59:00,133.022,133.012,133.023,133.012,133.041,133.035,133.042,133.035,28
2015-11-03 00:59:00,2015-11-03 01:00:00,133.012,133.017,133.019,133.0,133.035,133.041,133.041,133.024,142
2015-11-03 01:00:00,2015-11-03 01:01:00,133.017,133.015,133.018,133.013,133.041,133.038,133.041,133.037,52
2015-11-03 01:01:00,2015-11-03 01:02:00,133.015,132.999,133.016,132.999,133.038,133.024,133.04,133.024,88
2015-11-03 01:02:00,2015-11-03 01:03:00,132.999,132.979,133.0,132.976,133.024,133.001,133.025,132.997,168
2015-11-03 01:03:00,2015-11-03 01:04:00,132.979,132.988,132.988,132.971,133.001,133.01,133.011,132.993,134
2015-11-03 01:04:00,2015-11-03 01:05:00,132.988,132.963,132.989,132.961,133.01,132.988,133.012,132.987,181
2015-11-03 01:05:00,2015-11-03 01:06:00,132.963,132.972,132.974,132.963,132.988,132.996,132.998,132.989,73
2015-11-03 01:06:00,2015-11-03 01:07:00,132.972,132.968,132.974,132.966,132.996,132.99,132.998,132.989,61
2015-11-03 01:07:00,2015-11-03 01:08:00,132.968,132.96,132.968,132.96,132.99,132.983,132.992,132.982,25
2015-11-03 01:08:00,2015-11-03 01:09:00,132.96,132.967,132.968,132.96,132.983,132.991,132.991,132.983,22
2015-11-03 01:09:00,2015-11-03 01:10:00,132.967,132.983,132.989,132.968,132.991,133.007,133.01,132.991,58
2015-11-03 01:10:00,2015-11-03 01:11:00,132.983,132.995,132.995,132.98,133.007,133.018,133.018,133.004,82
2015-11-03 01:11:00,2015-11-03 01:12:00,132.995,132.98,132.994,132.979,133.018,133.006,133.018,133.006,65
2015-11-03 01:12:00,2015-11-03 01:13:00,132.98,132.97,132.987,132.97,133.006,132.995,133.011,132.993,78
2015-11-03 01:13:00,2015-11-03 01:14:00,132.97,132.981,132.982,132.969,132.995,133.003,133.006,132.992,151
2015-11-03 01:14:00,2015-11-03 01:15:00,132.981,132.992,132.994,132.98,133.003,133.018,133.02,133.006,60
2015-11-03 01:15:00,2015-11-03 01:16:00,132.992,132.996,132.998,132.987,133.018,133.02,133.022,133.01,51
2015-11-03 01:16:00,2015-11-03 01:17:00,132.996,132.994,132.995,132.993,133.02,133.018,133.02,133.017,52
2015-11-03 01:17:00,2015-11-03 01:18:00,132.994,132.99,132.993,132.99,133.018,133.014,133.018,133.014,24
2015-11-03 01:18:00,2015-11-03 01:19:00,132.99,132.988,132.999,132.982,133.014,133.009,133.022,133.003,140
2015-11-03 01:19:00,2015-11-03 01:20:00,132.988,132.989,132.99,132.985,133.009,133.011,133.013,133.007,69
2015-11-03 01:20:00,2015-11-03 01:21:00,132.989,132.975,132.99,132.971,133.011,132.999,133.012,132.995,107
2015-11-03 01:21:00,2015-11-03 01:22:00,132.975,132.982,132.984,132.966,132.999,133.006,133.007,132.989,163
2015-11-03 01:22:00,2015-11-03 01:23:00,132.982,132.981,132.981,132.97,133.006,133.006,133.006,132.994,134
2015-11-03 01:23:00,2015-11-03 01:24:00,132.981,132.967,132.983,132.96,133.006,132.99,133.008,132.986,127
2015-11-03 01:24:00,2015-11-03 01:25:00,132.967,132.955,132.967,132.945,132.99,132.98,132.991,132.967,106
2015-11-03 01:25:00,2015-11-03 01:26:00,132.955,132.95,132.962,132.945,132.98,132.974,132.984,132.968,167
2015-11-03 01:26:00,2015-11-03 01:27:00,132.95,132.943,132.958,132.942,132.974,132.964,132.981,132.963,166
2015-11-03 01:27:00,2015-11-03 01:28:00,132.943,132.944,132.952,132.942,132.964,132.967,132.973,132.963,81
2015-11-03 01:28:00,2015-11-03 01:29:00,132.944,132.943,132.945,132.942,132.967,132.968,132.968,132.966,58
2015-11-03 01:29:00,2015-11-03 01:30:00,132.943,132.939,132.944,132.938,132.968,132.959,132.968,132.957,69
2015-11-03 01:30:00,2015-11-03 01:31:00,132.939,132.926,132.942,132.923,132.959,132.947,132.965,132.943,100
2015-11-03 01:31:00,2015-11-03 01:32:00,132.926,132.935,132.938,132.925,132.947,132.961,132.963,132.947,63
2015-11-03 01:32:00,2015-11-03 01:33:00,132.935,132.941,132.948,132.935,132.961,132.966,132.972,132.961,153
2015-11-03 01:33:00,2015-11-03 01:34:00,132.941,132.937,132.946,132.936,132.966,132.962,132.971,132.96,78
2015-11-03 01:34:00,2015-11-03 01:35:00,132.937,132.935,132.946,132.934,132.962,132.96,132.968,132.959,113
2015-11-03 01:35:00,2015-11-03 01:36:00,132.935,132.949,132.95,132.936,132.96,132.974,132.974,132.96,99
2015-11-03 01:36:00,2015-11-03 01:37:00,132.949,132.927,132.95,132.927,132.974,132.952,132.975,132.952,119
2015-11-03 01:37:00,2015-11-03 01:38:00,132.927,132.93,132.932,132.925,132.952,132.955,132.957,132.95,113
2015-11-03 01:38:00,2015-11-03 01:39:00,132.93,132.945,132.948,132.928,132.955,132.97,132.973,132.953,120
2015-11-03 01:39:00,2015-11-03 01:40:00,132.945,132.957,132.957,132.942,132.97,132.981,132.981,132.968,75
2015-11-03 01:40:00,2015-11-03 01:41:00,132.957,132.966,132.967,132.958,132.981,132.989,132.992,132.981,103
2015-11-03 01:41:00,2015-11-03 01:42:00,132.966,132.964,132.968,132.964,132.989,132.987,132.993,132.987,45
2015-11-03 01:42:00,2015-11-03 01:43:00,132.964,132.962,132.964,132.96,132.987,132.985,132.987,132.984,72
2015-11-03 01:43:00,2015-11-03 01:44:00,132.962,132.964,132.97,132.961,132.985,132.986,132.993,132.985,65
2015-11-03 01:44:00,2015-11-03 01:45:00,132.964,132.972,132.974,132.948,132.986,132.997,132.998,132.971,150
2015-11-03 01:45:00,2015-11-03 01:46:00,132.972,132.976,132.977,132.971,132.997,133.001,133.001,132.995,56
2015-11-03 01:46:00,2015-11-03 01:47:00,132.976,132.967,132.977,132.966,133.001,132.991,133.002,132.99,31
2015-11-03 01:47:00,2015-11-03 01:48:00,132.967,132.975,132.976,132.964,132.991,132.999,133.0,132.988,82
2015-11-03 01:48:00,2015-11-03 01:49:00,132.975,132.978,132.979,132.97,132.999,133.002,133.003,132.995,88
2015-11-03 01:49:00,2015-11-03 01:50:00,132.978,132.982,132.982,132.978,133.002,133.005,133.006,133.002,35
2015-11-03 01:50:00,2015-11-03 01:51:00,132.982,132.985,132.986,132.982,133.005,133.01,133.01,133.005,19
2015-11-03 01:51:00,2015-11-03 01:52:00,132.985,132.975,132.985,132.975,133.01,133.0,133.009,132.999,32
2015-11-03 01:52:00,2015-11-03 01:53:00,132.975,132.988,132.988,132.976,133.0,133.011,133.011,133.0,30
2015-11-03 01:53:00,2015-11-03 01:54:00,132.988,132.982,132.988,132.968,133.011,133.008,133.011,132.99,124
2015-11-03 01:54:00,2015-11-03 01:55:00,132.982,132.972,132.984,132.969,133.008,132.997,133.009,132.995,99
2015-11-03 01:55:00,2015-11-03 01:56:00,132.972,132.972,132.973,132.97,132.997,132.997,132.998,132.996,40
2015-11-03 01:56:00,2015-11-03 01:57:00,132.972,132.969,132.977,132.969,132.997,132.994,133.001,132.994,42
2015-11-03 01:57:00,2015-11-03 01:58:00,132.969,132.967,132.971,132.966,132.994,132.991,132.995,132.991,23
2015-11-03 01:58:00,2015-11-03 01:59:00,132.967,132.963,132.966,132.961,132.991,132.987,132.991,132.985,47
2015-11-03 01:59:00,2015-11-03 02:00:00,132.963,132.973,132.975,132.961,132.987,132.998,132.998,132.985,154
2015-11-03 02:00:00,2015-11-03 02:01:00,132.973,132.976,132.976,132.971,132.998,133.001,133.002,132.995,111
2015-11-03 02:01:00,2015-11-03 02:02:00,132.976,132.987,132.988,132.976,133.001,133.012,133.012,133.001,36
2015-11-03 02:02:00,2015-11-03 02:03:00,132.987,132.99,132.991,132.987,133.012,133.014,133.015,133.011,50
2015-11-03 02:03:00,2015-11-03 02:04:00,132.99,132.956,132.989,132.955,133.014,132.978,133.014,132.977,118
2015-11-03 02:04:00,2015-11-03 02:05:00,132.956,132.951,132.957,132.948,132.978,132.975,132.981,132.973,108
2015-11-03 02:05:00,2015-11-03 02:06:00,132.951,132.952,132.957,132.948,132.975,132.975,132.979,132.975,88
2015-11-03 02:06:00,2015-11-03 02:07:00,132.952,132.956,132.957,132.951,132.975,132.98,132.981,132.974,74
2015-11-03 02:07:00,2015-11-03 02:08:00,132.956,132.952,132.959,132.951,132.98,132.977,132.982,132.974,71
2015-11-03 02:08:00,2015-11-03 02:09:00,132.952,132.956,132.957,132.951,132.977,132.977,132.979,132.974,58
2015-11-03 02:09:00,2015-11-03 02:10:00,132.956,132.941,132.958,132.93,132.977,132.965,132.977,132.955,126
2015-11-03 02:10:00,2015-11-03 02:11:00,132.941,132.946,132.947,132.94,132.965,132.97,132.97,132.962,46
2015-11-03 02:11:00,2015-11-03 02:12:00,132.946,132.941,132.949,132.94,132.97,132.966,132.971,132.965,40
2015-11-03 02:12:00,2015-11-03 02:13:00,132.941,132.943,132.943,132.941,132.966,132.966,132.966,132.966,31
2015-11-03 02:13:00,2015-11-03 02:14:00,132.943,132.932,132.948,132.932,132.966,132.956,132.972,132.956,99
2015-11-03 02:14:00,2015-11-03 02:15:00,132.932,132.929,132.936,132.924,132.956,132.953,132.959,132.947,159
2015-11-03 02:15:00,2015-11-03 02:16:00,132.929,132.935,132.939,132.928,132.953,132.96,132.96,132.953,41
2015-11-03 02:16:00,2015-11-03 02:17:00,132.935,132.935,132.943,132.93,132.96,132.959,132.966,132.952,119
2015-11-03 02:17:00,2015-11-03 02:18:00,132.935,132.929,132.937,132.928,132.959,132.954,132.96,132.949,62
2015-11-03 02:18:00,2015-11-03 02:19:00,132.929,132.934,132.936,132.926,132.954,132.958,132.959,132.949,107
2015-11-03 02:19:00,2015-11-03 02:20:00,132.934,132.928,132.935,132.925,132.958,132.949,132.959,132.948,88
2015-11-03 02:20:00,2015-11-03 02:21:00,132.928,132.939,132.941,132.927,132.949,132.962,132.962,132.948,204
2015-11-03 02:21:00,2015-11-03 02:22:00,132.939,132.946,132.948,132.938,132.962,132.97,132.972,132.962,134
2015-11-03 02:22:00,2015-11-03 02:23:00,132.946,132.945,132.946,132.939,132.97,132.968,132.969,132.963,80
2015-11-03 02:23:00,2015-11-03 02:24:00,132.945,132.946,132.949,132.945,132.968,132.971,132.973,132.967,57
2015-11-03 02:24:00,2015-11-03 02:25:00,132.946,132.94,132.947,132.937,132.971,132.963,132.97,132.959,44
2015-11-03 02:25:00,2015-11-03 02:26:00,132.94,132.945,132.945,132.94,132.963,132.968,132.968,132.963,35
2015-11-03 02:26:00,2015-11-03 02:27:00,132.945,132.947,132.948,132.941,132.968,132.969,132.97,132.966,55
2015-11-03 02:27:00,2015-11-03 02:28:00,132.947,132.942,132.947,132.939,132.969,132.967,132.97,132.964,52
2015-11-03 02:28:00,2015-11-03 02:29:00,132.942,132.933,132.943,132.933,132.967,132.953,132.967,132.952,55
2015-11-03 02:29:00,2015-11-03 02:30:00,132.933,132.936,132.936,132.932,132.953,132.959,132.96,132.954,49
2015-11-03 02:30:00,2015-11-03 02:31:00,132.936,132.949,132.952,132.936,132.959,132.972,132.976,132.96,95
2015-11-03 02:31:00,2015-11-03 02:32:00,132.949,132.947,132.95,132.945,132.972,132.971,132.975,132.967,41
2015-11-03 02:32:00,2015-11-03 02:33:00,132.947,132.962,132.962,132.947,132.971,132.987,132.987,132.972,59
2015-11-03 02:33:00,2015-11-03 02:34:00,132.962,132.952,132.965,132.948,132.987,132.976,132.989,132.973,152
2015-11-03 02:34:00,2015-11-03 02:35:00,132.952,132.951,132.953,132.949,132.976,132.976,132.977,132.973,604
2015-11-03 02:35:00,2015-11-03 02:36:00,132.951,132.951,132.952,132.951,132.976,132.974,132.975,132.974,8
2015-11-03 02:36:00,2015-11-03 02:37:00,132.951,132.949,132.951,132.949,132.974,132.973,132.975,132.973,15
2015-11-03 02:37:00,2015-11-03 02:38:00,132.949,132.95,132.95,132.944,132.973,132.974,132.975,132.966,122
2015-11-03 02:38:00,2015-11-03 02:39:00,132.95,132.952,132.961,132.95,132.974,132.976,132.985,132.975,75
2015-11-03 02:39:00,2015-11-03 02:40:00,132.952,132.941,132.953,132.941,132.976,132.967,132.977,132.967,47
2015-11-03 02:40:00,2015-11-03 02:41:00,132.941,132.943,132.949,132.942,132.967,132.968,132.974,132.967,48
2015-11-03 02:41:00,2015-11-03 02:42:00,132.943,132.947,132.956,132.944,132.968,132.97,132.98,132.968,51
2015-11-03 02:42:00,2015-11-03 02:43:00,132.947,132.955,132.955,132.946,132.97,132.978,132.979,132.97,32
2015-11-03 02:43:00,2015-11-03 02:44:00,132.955,132.953,132.955,132.953,132.978,132.976,132.978,132.976,18
2015-11-03 02:44:00,2015-11-03 02:45:00,132.953,132.943,132.952,132.94,132.976,132.967,132.976,132.965,42
2015-11-03 02:45:00,2015-11-03 02:46:00,132.943,132.938,132.943,132.938,132.967,132.962,132.968,132.962,20
2015-11-03 02:46:00,2015-11-03 02:47:00,132.938,132.935,132.938,132.933,132.962,132.958,132.963,132.957,35
2015-11-03 02:47:00,2015-11-03 02:48:00,132.935,132.933,132.935,132.93,132.958,132.957,132.958,132.954,18
2015-11-03 02:48:00,2015-11-03 02:49:00,132.933,132.93,132.932,132.922,132.957,132.953,132.957,132.946,35
2015-11-03 02:49:00,2015-11-03 02:50:00,132.93,132.941,132.942,132.93,132.953,132.965,132.966,132.953,42
2015-11-03 02:50:00,2015-11-03 02:51:00,132.941,132.948,132.948,132.942,132.965,132.971,132.972,132.965,45
2015-11-03 02:51:00,2015-11-03 02:52:00,132.948,132.947,132.948,132.947,132.971,132.971,132.972,132.97,62
2015-11-03 02:52:00,2015-11-03 02:53:00,132.947,132.933,132.947,132.933,132.971,132.958,132.97,132.958,54
2015-11-03 02:53:00,2015-11-03 02:54:00,132.933,132.934,132.934,132.932,132.958,132.958,132.958,132.957,9
2015-11-03 02:54:00,2015-11-03 02:55:00,132.934,132.934,132.934,132.933,132.958,132.958,132.958,132.957,4
2015-11-03 02:55:00,2015-11-03 02:56:00,132.934,132.943,132.943,132.933,132.958,132.966,132.966,132.957,36
2015-11-03 02:56:00,2015-11-03 02:57:00,132.943,132.944,132.945,132.939,132.966,132.969,132.969,132.963,62
2015-11-03 02:57:00,2015-11-03 02:58:00,132.944,132.954,132.958,132.944,132.969,132.979,132.983,132.969,173
2015-11-03 02:58:00,2015-11-03 02:59:00,132.954,132.955,132.958,132.952,132.979,132.98,132.982,132.976,113
2015-11-03 02:59:00,2015-11-03 03:00:00,132.955,132.955,132.956,132.952,132.98,132.979,132.981,132.977,148
2015-11-03 03:00:00,2015-11-03 03:01:00,132.955,132.957,132.959,132.95,132.979,132.982,132.982,132.976,159
2015-11-03 03:01:00,2015-11-03 03:02:00,132.957,132.958,132.958,132.957,132.982,132.983,132.983,132.982,11
2015-11-03 03:02:00,2015-11-03 03:03:00,132.958,132.953,132.959,132.951,132.983,132.977,132.983,132.974,63
2015-11-03 03:03:00,2015-11-03 03:04:00,132.953,132.957,132.96,132.951,132.977,132.982,132.984,132.976,59
2015-11-03 03:04:00,2015-11-03 03:05:00,132.957,132.957,132.958,132.953,132.982,132.982,132.983,132.978,79
2015-11-03 03:05:00,2015-11-03 03:06:00,132.957,132.954,132.967,132.954,132.982,132.98,132.992,132.979,141
2015-11-03 03:06:00,2015-11-03 03:07:00,132.954,132.961,132.965,132.954,132.98,132.986,132.989,132.979,103
2015-11-03 03:07:00,2015-11-03 03:08:00,132.961,132.947,132.964,132.947,132.986,132.972,132.989,132.972,91
2015-11-03 03:08:00,2015-11-03 03:09:00,132.947,132.931,132.948,132.927,132.972,132.956,132.973,132.951,152
2015-11-03 03:09:00,2015-11-03 03:10:00,132.931,132.933,132.935,132.93,132.956,132.955,132.957,132.952,139
2015-11-03 03:10:00,2015-11-03 03:11:00,132.933,132.935,132.936,132.932,132.955,132.958,132.959,132.954,61
2015-11-03 03:11:00,2015-11-03 03:12:00,132.935,132.936,132.938,132.934,132.958,132.959,132.96,132.957,63
2015-11-03 03:12:00,2015-11-03 03:13:00,132.936,132.939,132.939,132.936,132.959,132.963,132.963,132.959,37
2015-11-03 03:13:00,2015-11-03 03:14:00,132.939,132.939,132.939,132.937,132.963,132.963,132.963,132.962,70
2015-11-03 03:14:00,2015-11-03 03:15:00,132.939,132.943,132.944,132.934,132.963,132.968,132.969,132.959,74
2015-11-03 03:15:00,2015-11-03 03:16:00,132.943,132.945,132.946,132.942,132.968,132.97,132.97,132.967,36
2015-11-03 03:16:00,2015-11-03 03:17:00,132.945,132.947,132.947,132.944,132.97,132.972,132.972,132.968,29
2015-11-03 03:17:00,2015-11-03 03:18:00,132.947,132.945,132.947,132.942,132.972,132.969,132.972,132.967,81
2015-11-03 03:18:00,2015-11-03 03:19:00,132.945,132.936,132.945,132.934,132.969,132.961,132.97,132.958,106
2015-11-03 03:19:00,2015-11-03 03:20:00,132.936,132.932,132.936,132.93,132.961,132.956,132.962,132.954,67
2015-11-03 03:20:00,2015-11-03 03:21:00,132.932,132.932,132.933,132.931,132.956,132.954,132.958,132.954,48
2015-11-03 03:21:00,2015-11-03 03:22:00,132.932,132.932,132.934,132.929,132.954,132.954,132.956,132.951,118
2015-11-03 03:22:00,2015-11-03 03:23:00,132.932,132.941,132.941,132.93,132.954,132.967,132.967,132.95,120
2015-11-03 03:23:00,2015-11-03 03:24:00,132.941,132.946,132.946,132.942,132.967,132.971,132.972,132.967,49
2015-11-03 03:24:00,2015-11-03 03:25:00,132.946,132.94,132.946,132.939,132.971,132.966,132.972,132.963,108
2015-11-03 03:25:00,2015-11-03 03:26:00,132.94,132.94,132.947,132.937,132.966,132.962,132.972,132.959,94
2015-11-03 03:26:00,2015-11-03 03:27:00,132.94,132.931,132.941,132.929,132.962,132.954,132.964,132.952,125
2015-11-03 03:27:00,2015-11-03 03:28:00,132.931,132.947,132.948,132.929,132.954,132.972,132.973,132.952,112
2015-11-03 03:28:00,2015-11-03 03:29:00,132.947,132.937,132.955,132.935,132.972,132.96,132.981,132.96,213
2015-11-03 03:29:00,2015-11-03 03:30:00,132.937,132.964,132.975,132.936,132.96,132.987,132.999,132.959,430
2015-11-03 03:30:00,2015-11-03 03:31:00,132.964,132.963,132.972,132.953,132.987,132.989,132.993,132.979,271
2015-11-03 03:31:00,2015-11-03 03:32:00,132.963,132.952,132.966,132.95,132.989,132.976,132.99,132.973,134
2015-11-03 03:32:00,2015-11-03 03:33:00,132.952,132.955,132.96,132.952,132.976,132.976,132.986,132.975,198
2015-11-03 03:33:00,2015-11-03 03:34:00,132.955,132.964,132.966,132.953,132.976,132.985,132.989,132.975,91
2015-11-03 03:34:00,2015-11-03 03:35:00,132.964,132.948,132.962,132.945,132.985,132.971,132.985,132.968,93
2015-11-03 03:35:00,2015-11-03 03:36:00,132.948,132.95,132.951,132.943,132.971,132.974,132.975,132.966,57
2015-11-03 03:36:00,2015-11-03 03:37:00,132.95,132.949,132.951,132.947,132.974,132.974,132.976,132.972,34
2015-11-03 03:37:00,2015-11-03 03:38:00,132.949,132.942,132.95,132.942,132.974,132.967,132.975,132.967,59
2015-11-03 03:38:00,2015-11-03 03:39:00,132.942,132.938,132.942,132.938,132.967,132.963,132.966,132.962,31
2015-11-03 03:39:00,2015-11-03 03:40:00,132.938,132.936,132.938,132.928,132.963,132.96,132.963,132.952,136
2015-11-03 03:40:00,2015-11-03 03:41:00,132.936,132.921,132.939,132.919,132.96,132.946,132.963,132.944,153
2015-11-03 03:41:00,2015-11-03 03:42:00,132.921,132.92,132.929,132.915,132.946,132.945,132.953,132.94,105
2015-11-03 03:42:00,2015-11-03 03:43:00,132.92,132.914,132.922,132.913,132.945,132.938,132.946,132.935,77
2015-11-03 03:43:00,2015-11-03 03:44:00,132.914,132.92,132.923,132.914,132.938,132.944,132.946,132.937,105
2015-11-03 03:44:00,2015-11-03 03:45:00,132.92,132.92,132.921,132.913,132.944,132.945,132.946,132.932,90
2015-11-03 03:45:00,2015-11-03 03:46:00,132.92,132.902,132.92,132.899,132.945,132.927,132.944,132.921,127
2015-11-03 03:46:00,2015-11-03 03:47:00,132.902,132.912,132.916,132.9,132.927,132.935,132.939,132.923,139
2015-11-03 03:47:00,2015-11-03 03:48:00,132.912,132.906,132.913,132.905,132.935,132.928,132.935,132.925,43
2015-11-03 03:48:00,2015-11-03 03:49:00,132.906,132.902,132.906,132.902,132.928,132.926,132.928,132.926,11
2015-11-03 03:49:00,2015-11-03 03:50:00,132.902,132.911,132.915,132.898,132.926,132.935,132.937,132.921,122
2015-11-03 03:50:00,2015-11-03 03:51:00,132.911,132.896,132.917,132.895,132.935,132.918,132.941,132.917,117
2015-11-03 03:51:00,2015-11-03 03:52:00,132.896,132.898,132.9,132.894,132.918,132.919,132.923,132.915,53
2015-11-03 03:52:00,2015-11-03 03:53:00,132.898,132.898,132.906,132.898,132.919,132.919,132.926,132.919,91
2015-11-03 03:53:00,2015-11-03 03:54:00,132.898,132.907,132.911,132.898,132.919,132.928,132.931,132.919,45
2015-11-03 03:54:00,2015-11-03 03:55:00,132.907,132.907,132.917,132.907,132.928,132.928,132.936,132.927,51
2015-11-03 03:55:00,2015-11-03 03:56:00,132.907,132.905,132.907,132.898,132.928,132.926,132.929,132.92,51
2015-11-03 03:56:00,2015-11-03 03:57:00,132.905,132.892,132.905,132.889,132.926,132.914,132.926,132.912,106
2015-11-03 03:57:00,2015-11-03 03:58:00,132.892,132.879,132.896,132.878,132.914,132.9,132.921,132.9,151
2015-11-03 03:58:00,2015-11-03 03:59:00,132.879,132.893,132.893,132.873,132.9,132.917,132.917,132.897,202
2015-11-03 03:59:00,2015-11-03 04:00:00,132.893,132.892,132.895,132.889,132.917,132.918,132.919,132.914,56
2015-11-03 04:00:00,2015-11-03 04:01:00,132.892,132.917,132.92,132.887,132.918,132.938,132.94,132.91,255
2015-11-03 04:01:00,2015-11-03 04:02:00,132.917,132.913,132.92,132.913,132.938,132.937,132.94,132.934,79
2015-11-03 04:02:00,2015-11-03 04:03:00,132.913,132.905,132.914,132.904,132.937,132.925,132.936,132.925,64
2015-11-03 04:03:00,2015-11-03 04:04:00,132.905,132.912,132.914,132.904,132.925,132.936,132.938,132.925,86
2015-11-03 04:04:00,2015-11-03 04:05:00,132.912,132.917,132.921,132.911,132.936,132.941,132.945,132.935,111
2015-11-03 04:05:00,2015-11-03 04:06:00,132.917,132.906,132.918,132.904,132.941,132.924,132.941,132.923,228
2015-11-03 04:06:00,2015-11-03 04:07:00,132.906,132.901,132.906,132.901,132.924,132.922,132.925,132.92,159
2015-11-03 04:07:00,2015-11-03 04:08:00,132.901,132.901,132.904,132.9,132.922,132.925,132.928,132.922,116
2015-11-03 04:08:00,2015-11-03 04:09:00,132.901,132.903,132.907,132.901,132.925,132.927,132.93,132.926,101
2015-11-03 04:09:00,2015-11-03 04:10:00,132.903,132.903,132.906,132.899,132.927,132.924,132.928,132.922,63
2015-11-03 04:10:00,2015-11-03 04:11:00,132.903,132.901,132.902,132.899,132.924,132.923,132.924,132.921,18
2015-11-03 04:11:00,2015-11-03 04:12:00,132.901,132.909,132.916,132.899,132.923,132.934,132.94,132.922,123
2015-11-03 04:12:00,2015-11-03 04:13:00,132.909,132.914,132.916,132.908,132.934,132.936,132.941,132.929,75
2015-11-03 04:13:00,2015-11-03 04:14:00,132.914,132.92,132.924,132.912,132.936,132.945,132.947,132.935,103
2015-11-03 04:14:00,2015-11-03 04:15:00,132.92,132.931,132.933,132.917,132.945,132.953,132.954,132.94,72
2015-11-03 04:15:00,2015-11-03 04:16:00,132.931,132.934,132.936,132.931,132.953,132.955,132.957,132.952,38
2015-11-03 04:16:00,2015-11-03 04:17:00,132.934,132.937,132.938,132.929,132.955,132.958,132.959,132.951,54
2015-11-03 04:17:00,2015-11-03 04:18:00,132.937,132.944,132.948,132.933,132.958,132.964,132.97,132.953,110
2015-11-03 04:18:00,2015-11-03 04:19:00,132.944,132.955,132.955,132.944,132.964,132.976,132.976,132.965,59
2015-11-03 04:19:00,2015-11-03 04:20:00,132.955,132.956,132.957,132.953,132.976,132.976,132.976,132.975,44
2015-11-03 04:20:00,2015-11-03 04:21:00,132.956,132.967,132.967,132.957,132.976,132.986,132.986,132.976,111
2015-11-03 04:21:00,2015-11-03 04:22:00,132.967,132.962,132.973,132.957,132.986,132.983,132.994,132.978,97
2015-11-03 04:22:00,2015-11-03 04:23:00,132.962,132.945,132.966,132.945,132.983,132.97,132.987,132.97,122
2015-11-03 04:23:00,2015-11-03 04:24:00,132.945,132.936,132.949,132.93,132.97,132.961,132.974,132.956,214
2015-11-03 04:24:00,2015-11-03 04:25:00,132.936,132.937,132.942,132.927,132.961,132.961,132.966,132.952,123
2015-11-03 04:25:00,2015-11-03 04:26:00,132.937,132.933,132.942,132.933,132.961,132.958,132.966,132.957,84
2015-11-03 04:26:00,2015-11-03 04:27:00,132.933,132.931,132.935,132.931,132.958,132.955,132.96,132.955,19
2015-11-03 04:27:00,2015-11-03 04:28:00,132.931,132.917,132.933,132.916,132.955,132.941,132.959,132.941,97
2015-11-03 04:28:00,2015-11-03 04:29:00,132.917,132.918,132.922,132.916,132.941,132.942,132.945,132.939,42
2015-11-03 04:29:00,2015-11-03 04:30:00,132.918,132.915,132.92,132.915,132.942,132.938,132.945,132.938,45
2015-11-03 04:30:00,2015-11-03 04:31:00,132.915,132.931,132.934,132.915,132.938,132.954,132.955,132.939,115
2015-11-03 04:31:00,2015-11-03 04:32:00,132.931,132.927,132.935,132.927,132.954,132.949,132.957,132.948,44
2015-11-03 04:32:00,2015-11-03 04:33:00,132.927,132.917,132.927,132.917,132.949,132.939,132.948,132.939,16
2015-11-03 04:33:00,2015-11-03 04:34:00,132.917,132.909,132.917,132.908,132.939,132.926,132.938,132.926,20
2015-11-03 04:34:00,2015-11-03 04:35:00,132.909,132.913,132.916,132.906,132.926,132.936,132.94,132.927,46
2015-11-03 04:35:00,2015-11-03 04:36:00,132.913,132.92,132.92,132.913,132.936,132.944,132.944,132.936,46
2015-11-03 04:36:00,2015-11-03 04:37:00,132.92,132.916,132.92,132.905,132.944,132.939,132.945,132.929,73
2015-11-03 04:37:00,2015-11-03 04:38:00,132.916,132.924,132.937,132.916,132.939,132.949,132.962,132.94,189
2015-11-03 04:38:00,2015-11-03 04:39:00,132.924,132.923,132.926,132.921,132.949,132.947,132.949,132.946,38
2015-11-03 04:39:00,2015-11-03 04:40:00,132.923,132.923,132.923,132.922,132.947,132.946,132.948,132.945,21
2015-11-03 04:40:00,2015-11-03 04:41:00,132.923,132.926,132.926,132.922,132.946,132.948,132.949,132.945,25
2015-11-03 04:41:00,2015-11-03 04:42:00,132.926,132.923,132.932,132.923,132.948,132.946,132.954,132.946,43
2015-11-03 04:42:00,2015-11-03 04:43:00,132.923,132.935,132.936,132.92,132.946,132.959,132.959,132.944,56
2015-11-03 04:43:00,2015-11-03 04:44:00,132.935,132.934,132.936,132.93,132.959,132.957,132.959,132.954,30
2015-11-03 04:44:00,2015-11-03 04:45:00,132.934,132.942,132.948,132.934,132.957,132.96,132.971,132.957,234
2015-11-03 04:45:00,2015-11-03 04:46:00,132.942,132.937,132.947,132.927,132.96,132.958,132.966,132.946,92
2015-11-03 04:46:00,2015-11-03 04:47:00,132.937,132.925,132.94,132.924,132.958,132.945,132.96,132.944,81
2015-11-03 04:47:00,2015-11-03 04:48:00,132.925,132.934,132.936,132.923,132.945,132.955,132.957,132.945,121
2015-11-03 04:48:00,2015-11-03 04:49:00,132.934,132.932,132.935,132.923,132.955,132.955,132.958,132.944,144
2015-11-03 04:49:00,2015-11-03 04:50:00,132.932,132.936,132.937,132.929,132.955,132.959,132.96,132.951,80
2015-11-03 04:50:00,2015-11-03 04:51:00,132.936,132.946,132.949,132.935,132.959,132.968,132.972,132.957,62
2015-11-03 04:51:00,2015-11-03 04:52:00,132.946,132.94,132.947,132.94,132.968,132.961,132.97,132.961,42
2015-11-03 04:52:00,2015-11-03 04:53:00,132.94,132.939,132.942,132.938,132.961,132.961,132.964,132.96,48
2015-11-03 04:53:00,2015-11-03 04:54:00,132.939,132.932,132.939,132.932,132.961,132.955,132.962,132.955,41
2015-11-03 04:54:00,2015-11-03 04:55:00,132.932,132.928,132.932,132.928,132.955,132.95,132.956,132.95,31
2015-11-03 04:55:00,2015-11-03 04:56:00,132.928,132.925,132.932,132.925,132.95,132.948,132.954,132.947,46
2015-11-03 04:56:00,2015-11-03 04:57:00,132.925,132.931,132.931,132.923,132.948,132.954,132.954,132.945,55
2015-11-03 04:57:00,2015-11-03 04:58:00,132.931,132.927,132.931,132.926,132.954,132.95,132.954,132.949,64
2015-11-03 04:58:00,2015-11-03 04:59:00,132.927,132.937,132.94,132.927,132.95,132.96,132.961,132.951,58
2015-11-03 04:59:00,2015-11-03 05:00:00,132.937,132.919,132.937,132.916,132.96,132.943,132.96,132.939,54
2015-11-03 05:00:00,2015-11-03 05:01:00,132.919,132.926,132.93,132.919,132.943,132.949,132.952,132.943,77
2015-11-03 05:01:00,2015-11-03 05:02:00,132.926,132.924,132.929,132.923,132.949,132.947,132.953,132.946,33
2015-11-03 05:02:00,2015-11-03 05:03:00,132.924,132.922,132.924,132.922,132.947,132.946,132.948,132.946,9
2015-11-03 05:03:00,2015-11-03 05:04:00,132.922,132.923,132.924,132.922,132.946,132.946,132.947,132.946,18
2015-11-03 05:04:00,2015-11-03 05:05:00,132.923,132.932,132.934,132.911,132.946,132.955,132.957,132.934,137
2015-11-03 05:05:00,2015-11-03 05:06:00,132.932,132.935,132.935,132.932,132.955,132.958,132.958,132.955,22
2015-11-03 05:06:00,2015-11-03 05:07:00,132.935,132.935,132.936,132.934,132.958,132.958,132.958,132.957,15
2015-11-03 05:07:00,2015-11-03 05:08:00,132.935,132.926,132.935,132.926,132.958,132.95,132.957,132.949,21
2015-11-03 05:08:00,2015-11-03 05:09:00,132.926,132.934,132.943,132.926,132.95,132.957,132.966,132.949,95
2015-11-03 05:09:00,2015-11-03 05:10:00,132.934,132.943,132.946,132.936,132.957,132.962,132.965,132.956,44
2015-11-03 05:10:00,2015-11-03 05:11:00,132.943,132.942,132.944,132.941,132.962,132.961,132.964,132.96,35
2015-11-03 05:11:00,2015-11-03 05:12:00,132.942,132.955,132.957,132.943,132.961,132.975,132.977,132.961,42
2015-11-03 05:12:00,2015-11-03 05:13:00,132.955,132.954,132.958,132.954,132.975,132.975,132.978,132.975,23
2015-11-03 05:13:00,2015-11-03 05:14:00,132.954,132.95,132.956,132.949,132.975,132.972,132.977,132.971,26
2015-11-03 05:14:00,2015-11-03 05:15:00,132.95,132.946,132.95,132.944,132.972,132.968,132.971,132.966,21
2015-11-03 05:15:00,2015-11-03 05:16:00,132.946,132.952,132.953,132.945,132.968,132.973,132.976,132.968,85
2015-11-03 05:16:00,2015-11-03 05:17:00,132.952,132.951,132.955,132.951,132.973,132.975,132.976,132.974,65
2015-11-03 05:17:00,2015-11-03 05:18:00,132.951,132.951,132.952,132.949,132.975,132.973,132.976,132.972,26
2015-11-03 05:18:00,2015-11-03 05:19:00,132.951,132.946,132.951,132.946,132.973,132.969,132.974,132.968,23
2015-11-03 05:19:00,2015-11-03 05:20:00,132.946,132.952,132.952,132.945,132.969,132.973,132.973,132.968,22
2015-11-03 05:20:00,2015-11-03 05:21:00,132.952,132.951,132.951,132.95,132.973,132.973,132.973,132.973,3
2015-11-03 05:21:00,2015-11-03 05:22:00,132.951,132.952,132.953,132.949,132.973,132.975,132.976,132.97,70
2015-11-03 05:22:00,2015-11-03 05:23:00,132.952,132.955,132.955,132.952,132.975,132.977,132.978,132.975,27
2015-11-03 05:23:00,2015-11-03 05:24:00,132.955,132.965,132.965,132.955,132.977,132.986,132.986,132.978,42
2015-11-03 05:24:00,2015-11-03 05:25:00,132.965,132.959,132.965,132.959,132.986,132.981,132.987,132.981,41
2015-11-03 05:25:00,2015-11-03 05:26:00,132.959,132.969,132.971,132.958,132.981,132.986,132.987,132.98,103
2015-11-03 05:26:00,2015-11-03 05:27:00,132.969,132.97,132.97,132.964,132.986,132.987,132.989,132.983,63
2015-11-03 05:27:00,2015-11-03 05:28:00,132.97,132.972,132.973,132.969,132.987,132.989,132.989,132.987,167
2015-11-03 05:28:00,2015-11-03 05:29:00,132.972,132.969,132.974,132.966,132.989,132.986,132.99,132.984,243
2015-11-03 05:29:00,2015-11-03 05:30:00,132.969,132.971,132.972,132.962,132.986,132.988,132.988,132.982,366
2015-11-03 05:30:00,2015-11-03 05:31:00,132.971,132.978,132.98,132.972,132.988,132.996,132.996,132.988,229
2015-11-03 05:31:00,2015-11-03 05:32:00,132.978,132.981,132.986,132.972,132.996,132.999,133.003,132.99,453
2015-11-03 05:32:00,2015-11-03 05:33:00,132.981,132.977,132.982,132.977,132.999,132.994,132.999,132.994,129
2015-11-03 05:33:00,2015-11-03 05:34:00,132.977,132.973,132.98,132.972,132.994,132.99,132.997,132.99,290
2015-11-03 05:34:00,2015-11-03 05:35:00,132.973,132.978,132.98,132.973,132.99,132.995,132.996,132.99,97
2015-11-03 05:35:00,2015-11-03 05:36:00,132.978,132.97,132.98,132.967,132.995,132.993,132.995,132.99,83
2015-11-03 05:36:00,2015-11-03 05:37:00,132.97,132.97,132.971,132.966,132.993,132.993,132.993,132.988,38
2015-11-03 05:37:00,2015-11-03 05:38:00,132.97,132.973,132.974,132.97,132.993,132.997,132.998,132.993,38
2015-11-03 05:38:00,2015-11-03 05:39:00,132.973,132.974,132.974,132.967,132.997,132.996,132.997,132.991,54
2015-11-03 05:39:00,2015-11-03 05:40:00,132.974,132.976,132.977,132.974,132.996,132.998,132.999,132.997,22
2015-11-03 05:40:00,2015-11-03 05:41:00,132.976,132.975,132.977,132.975,132.998,132.998,133.0,132.998,29
2015-11-03 05:41:00,2015-11-03 05:42:00,132.975,132.982,132.985,132.974,132.998,133.007,133.009,132.997,81
2015-11-03 05:42:00,2015-11-03 05:43:00,132.982,132.968,132.986,132.968,133.007,132.987,133.009,132.987,104
2015-11-03 05:43:00,2015-11-03 05:44:00,132.968,132.961,132.972,132.961,132.987,132.98,132.996,132.98,111
2015-11-03 05:44:00,2015-11-03 05:45:00,132.961,132.962,132.963,132.961,132.98,132.983,132.983,132.981,22
2015-11-03 05:45:00,2015-11-03 05:46:00,132.962,132.961,132.962,132.961,132.983,132.982,132.983,132.982,16
2015-11-03 05:46:00,2015-11-03 05:47:00,132.961,132.951,132.961,132.949,132.982,132.972,132.981,132.971,32
2015-11-03 05:47:00,2015-11-03 05:48:00,132.951,132.95,132.951,132.949,132.972,132.971,132.972,132.969,31
2015-11-03 05:48:00,2015-11-03 05:49:00,132.95,132.965,132.967,132.948,132.971,132.987,132.987,132.969,95
2015-11-03 05:49:00,2015-11-03 05:50:00,132.965,132.969,132.969,132.964,132.987,132.991,132.992,132.986,83
2015-11-03 05:50:00,2015-11-03 05:51:00,132.969,132.975,132.978,132.966,132.991,132.998,133.002,132.989,143
2015-11-03 05:51:00,2015-11-03 05:52:00,132.975,132.977,132.978,132.971,132.998,133.0,133.001,132.995,111
2015-11-03 05:52:00,2015-11-03 05:53:00,132.977,132.983,132.983,132.974,133.0,133.005,133.007,132.997,171
2015-11-03 05:53:00,2015-11-03 05:54:00,132.983,132.982,132.984,132.973,133.005,133.005,133.006,132.995,147
2015-11-03 05:54:00,2015-11-03 05:55:00,132.982,132.982,132.988,132.978,133.005,133.004,133.012,132.998,87
2015-11-03 05:55:00,2015-11-03 05:56:00,132.982,132.979,132.982,132.972,133.004,133.003,133.005,132.995,136
2015-11-03 05:56:00,2015-11-03 05:57:00,132.979,132.977,132.982,132.972,133.003,132.999,133.005,132.994,137
2015-11-03 05:57:00,2015-11-03 05:58:00,132.977,132.98,132.984,132.977,132.999,133.002,133.006,132.998,118
2015-11-03 05:58:00,2015-11-03 05:59:00,132.98,132.974,132.987,132.974,133.002,132.999,133.01,132.999,102
2015-11-03 05:59:00,2015-11-03 06:00:00,132.974,132.973,132.98,132.967,132.999,132.997,133.002,132.991,121
2015-11-03 06:00:00,2015-11-03 06:01:00,132.973,132.972,132.974,132.967,132.997,132.995,132.997,132.989,48
2015-11-03 06:01:00,2015-11-03 06:02:00,132.972,132.973,132.973,132.97,132.995,132.995,132.996,132.993,19
2015-11-03 06:02:00,2015-11-03 06:03:00,132.973,132.973,132.974,132.968,132.995,132.996,132.997,132.992,43
2015-11-03 06:03:00,2015-11-03 06:04:00,132.973,132.972,132.974,132.971,132.996,132.995,132.997,132.995,20
2015-11-03 06:04:00,2015-11-03 06:05:00,132.972,132.972,132.974,132.971,132.995,132.995,132.997,132.995,16
2015-11-03 06:05:00,2015-11-03 06:06:00,132.972,132.964,132.972,132.964,132.995,132.987,132.995,132.987,20
2015-11-03 06:06:00,2015-11-03 06:07:00,132.964,132.964,132.965,132.964,132.987,132.987,132.989,132.987,17
2015-11-03 06:07:00,2015-11-03 06:08:00,132.964,132.951,132.965,132.95,132.987,132.974,132.988,132.973,41
2015-11-03 06:08:00,2015-11-03 06:09:00,132.951,132.935,132.953,132.935,132.974,132.959,132.975,132.959,53
2015-11-03 06:09:00,2015-11-03 06:10:00,132.935,132.936,132.939,132.934,132.959,132.959,132.961,132.957,47
2015-11-03 06:10:00,2015-11-03 06:11:00,132.936,132.948,132.95,132.932,132.959,132.97,132.971,132.956,48
2015-11-03 06:11:00,2015-11-03 06:12:00,132.948,132.953,132.954,132.947,132.97,132.976,132.977,132.971,60
2015-11-03 06:12:00,2015-11-03 06:13:00,132.953,132.955,132.955,132.951,132.976,132.977,132.977,132.974,30
2015-11-03 06:13:00,2015-11-03 06:14:00,132.955,132.954,132.959,132.954,132.977,132.977,132.981,132.977,31
2015-11-03 06:14:00,2015-11-03 06:15:00,132.954,132.943,132.959,132.943,132.977,132.966,132.981,132.966,102
2015-11-03 06:15:00,2015-11-03 06:16:00,132.943,132.936,132.942,132.934,132.966,132.959,132.966,132.958,38
2015-11-03 06:16:00,2015-11-03 06:17:00,132.936,132.959,132.959,132.936,132.959,132.982,132.982,132.96,73
2015-11-03 06:17:00,2015-11-03 06:18:00,132.959,132.961,132.961,132.958,132.982,132.983,132.983,132.98,34
2015-11-03 06:18:00,2015-11-03 06:19:00,132.961,132.958,132.965,132.957,132.983,132.98,132.987,132.98,42
2015-11-03 06:19:00,2015-11-03 06:20:00,132.958,132.957,132.958,132.954,132.98,132.98,132.981,132.978,54
2015-11-03 06:20:00,2015-11-03 06:21:00,132.957,132.96,132.963,132.954,132.98,132.983,132.986,132.977,73
2015-11-03 06:21:00,2015-11-03 06:22:00,132.96,132.963,132.964,132.957,132.983,132.985,132.986,132.981,44
2015-11-03 06:22:00,2015-11-03 06:23:00,132.963,132.964,132.965,132.961,132.985,132.986,132.986,132.983,26
2015-11-03 06:23:00,2015-11-03 06:24:00,132.964,132.954,132.964,132.954,132.986,132.978,132.986,132.977,88
2015-11-03 06:24:00,2015-11-03 06:25:00,132.954,132.944,132.956,132.942,132.978,132.968,132.979,132.965,67
2015-11-03 06:25:00,2015-11-03 06:26:00,132.944,132.95,132.956,132.944,132.968,132.973,132.979,132.968,52
2015-11-03 06:26:00,2015-11-03 06:27:00,132.95,132.941,132.954,132.941,132.973,132.965,132.977,132.965,57
2015-11-03 06:27:00,2015-11-03 06:28:00,132.941,132.942,132.944,132.933,132.965,132.964,132.968,132.956,58
2015-11-03 06:28:00,2015-11-03 06:29:00,132.942,132.931,132.945,132.927,132.964,132.955,132.968,132.949,250
2015-11-03 06:29:00,2015-11-03 06:30:00,132.931,132.938,132.939,132.928,132.955,132.961,132.962,132.951,64
2015-11-03 06:30:00,2015-11-03 06:31:00,132.938,132.943,132.943,132.932,132.961,132.966,132.966,132.955,59
2015-11-03 06:31:00,2015-11-03 06:32:00,132.943,132.947,132.952,132.943,132.966,132.969,132.975,132.967,95
2015-11-03 06:32:00,2015-11-03 06:33:00,132.947,132.933,132.947,132.933,132.969,132.954,132.971,132.954,40
2015-11-03 06:33:00,2015-11-03 06:34:00,132.933,132.935,132.939,132.933,132.954,132.957,132.962,132.955,32
2015-11-03 06:34:00,2015-11-03 06:35:00,132.935,132.94,132.948,132.935,132.957,132.961,132.97,132.958,88
2015-11-03 06:35:00,2015-11-03 06:36:00,132.94,132.944,132.947,132.94,132.961,132.964,132.967,132.96,36
2015-11-03 06:36:00,2015-11-03 06:37:00,132.944,132.957,132.958,132.944,132.964,132.977,132.979,132.964,68
2015-11-03 06:37:00,2015-11-03 06:38:00,132.957,132.956,132.964,132.953,132.977,132.977,132.985,132.974,81
2015-11-03 06:38:00,2015-11-03 06:39:00,132.956,132.954,132.961,132.941,132.977,132.975,132.982,132.962,89
2015-11-03 06:39:00,2015-11-03 06:40:00,132.954,132.959,132.966,132.946,132.975,132.98,132.988,132.967,118
2015-11-03 06:40:00,2015-11-03 06:41:00,132.959,132.967,132.968,132.957,132.98,132.988,132.99,132.976,66
2015-11-03 06:41:00,2015-11-03 06:42:00,132.967,132.968,132.968,132.966,132.988,132.991,132.991,132.987,16
2015-11-03 06:42:00,2015-11-03 06:43:00,132.968,132.992,132.993,132.964,132.991,133.011,133.015,132.985,103
2015-11-03 06:43:00,2015-11-03 06:44:00,132.992,132.995,133.002,132.979,133.011,133.016,133.023,133.001,258
2015-11-03 06:44:00,2015-11-03 06:45:00,132.995,132.993,132.999,132.988,133.016,133.015,133.019,133.008,115
2015-11-03 06:45:00,2015-11-03 06:46:00,132.993,133.0,133.003,132.987,133.015,133.021,133.023,133.007,91
2015-11-03 06:46:00,2015-11-03 06:47:00,133.0,133.006,133.01,132.998,133.021,133.027,133.033,133.019,98
2015-11-03 06:47:00,2015-11-03 06:48:00,133.006,133.027,133.03,133.004,133.027,133.048,133.051,133.025,80
2015-11-03 06:48:00,2015-11-03 06:49:00,133.027,133.029,133.03,133.026,133.048,133.049,133.051,133.047,57
2015-11-03 06:49:00,2015-11-03 06:50:00,133.029,133.028,133.035,133.026,133.049,133.049,133.056,133.047,96
2015-11-03 06:50:00,2015-11-03 06:51:00,133.028,133.017,133.031,133.016,133.049,133.036,133.052,133.035,64
2015-11-03 06:51:00,2015-11-03 06:52:00,133.017,133.009,133.017,133.005,133.036,133.03,133.036,133.026,87
2015-11-03 06:52:00,2015-11-03 06:53:00,133.009,133.008,133.012,133.007,133.03,133.029,133.032,133.027,56
2015-11-03 06:53:00,2015-11-03 06:54:00,133.008,133.021,133.021,133.008,133.029,133.042,133.042,133.029,86
2015-11-03 06:54:00,2015-11-03 06:55:00,133.021,133.03,133.03,133.011,133.042,133.048,133.05,133.032,91
2015-11-03 06:55:00,2015-11-03 06:56:00,133.03,133.034,133.039,133.03,133.048,133.053,133.059,133.047,101
2015-11-03 06:56:00,2015-11-03 06:57:00,133.034,133.012,133.035,132.998,133.053,133.034,133.056,133.02,225
2015-11-03 06:57:00,2015-11-03 06:58:00,133.012,133.007,133.02,133.006,133.034,133.028,133.042,133.026,103
2015-11-03 06:58:00,2015-11-03 06:59:00,133.007,132.983,133.008,132.981,133.028,132.999,133.029,132.999,184
2015-11-03 06:59:00,2015-11-03 07:00:00,132.983,132.971,132.986,132.971,132.999,132.993,133.005,132.992,93
2015-11-03 07:00:00,2015-11-03 07:01:00,132.971,132.98,132.998,132.971,132.993,133.002,133.02,132.994,268
2015-11-03 07:01:00,2015-11-03 07:02:00,132.98,133.0,133.001,132.98,133.002,133.021,133.024,133.002,163
2015-11-03 07:02:00,2015-11-03 07:03:00,133.0,133.014,133.022,133.0,133.021,133.036,133.044,133.021,153
2015-11-03 07:03:00,2015-11-03 07:04:00,133.014,133.008,133.015,133.0,133.036,133.029,133.038,133.023,112
2015-11-03 07:04:00,2015-11-03 07:05:00,133.008,133.019,133.019,133.003,133.029,133.041,133.041,133.025,187
2015-11-03 07:05:00,2015-11-03 07:06:00,133.019,133.001,133.022,132.999,133.041,133.021,133.044,133.021,203
2015-11-03 07:06:00,2015-11-03 07:07:00,133.001,132.978,133.001,132.97,133.021,133.0,133.023,132.991,205
2015-11-03 07:07:00,2015-11-03 07:08:00,132.978,133.001,133.002,132.978,133.0,133.022,133.024,132.999,99
2015-11-03 07:08:00,2015-11-03 07:09:00,133.001,132.991,133.003,132.99,133.022,133.013,133.025,133.012,105
2015-11-03 07:09:00,2015-11-03 07:10:00,132.991,133.031,133.031,132.991,133.013,133.048,133.049,133.012,246
2015-11-03 07:10:00,2015-11-03 07:11:00,133.031,133.0,133.032,132.997,133.048,133.023,133.048,133.019,221
2015-11-03 07:11:00,2015-11-03 07:12:00,133.0,132.984,133.001,132.984,133.023,133.005,133.023,133.005,145
2015-11-03 07:12:00,2015-11-03 07:13:00,132.984,132.995,132.995,132.983,133.005,133.017,133.017,133.005,45
2015-11-03 07:13:00,2015-11-03 07:14:00,132.995,133.003,133.014,132.99,133.017,133.025,133.037,133.011,144
2015-11-03 07:14:00,2015-11-03 07:15:00,133.003,133.001,133.02,132.999,133.025,133.024,133.044,133.021,153
2015-11-03 07:15:00,2015-11-03 07:16:00,133.001,133.007,133.012,132.994,133.024,133.029,133.032,133.017,209
2015-11-03 07:16:00,2015-11-03 07:17:00,133.007,133.008,133.019,132.996,133.029,133.03,133.038,133.018,314
2015-11-03 07:17:00,2015-11-03 07:18:00,133.008,133.0,133.008,132.996,133.03,133.022,133.031,133.018,98
2015-11-03 07:18:00,2015-11-03 07:19:00,133.0,133.004,133.005,132.994,133.022,133.025,133.026,133.016,63
2015-11-03 07:19:00,2015-11-03 07:20:00,133.004,133.0,133.008,132.998,133.025,133.023,133.031,133.021,62
2015-11-03 07:20:00,2015-11-03 07:21:00,133.0,133.004,133.011,132.998,133.023,133.025,133.031,133.02,127
2015-11-03 07:21:00,2015-11-03 07:22:00,133.004,133.003,133.005,132.992,133.025,133.025,133.026,133.014,98
2015-11-03 07:22:00,2015-11-03 07:23:00,133.003,133.015,133.017,132.996,133.025,133.036,133.04,133.017,147
2015-11-03 07:23:00,2015-11-03 07:24:00,133.015,133.011,133.016,133.007,133.036,133.032,133.037,133.03,122
2015-11-03 07:24:00,2015-11-03 07:25:00,133.011,132.997,133.012,132.977,133.032,133.02,133.034,132.998,211
2015-11-03 07:25:00,2015-11-03 07:26:00,132.997,132.986,132.998,132.986,133.02,133.007,133.021,133.007,122
2015-11-03 07:26:00,2015-11-03 07:27:00,132.986,132.995,132.999,132.986,133.007,133.019,133.023,133.008,98
2015-11-03 07:27:00,2015-11-03 07:28:00,132.995,132.993,133.002,132.988,133.019,133.015,133.024,133.011,157
2015-11-03 07:28:00,2015-11-03 07:29:00,132.993,132.987,133.001,132.987,133.015,133.01,133.022,133.01,202
2015-11-03 07:29:00,2015-11-03 07:30:00,132.987,132.993,133.007,132.98,133.01,133.016,133.028,133.002,281
2015-11-03 07:30:00,2015-11-03 07:31:00,132.993,132.969,133.0,132.965,133.016,132.99,133.021,132.988,183
2015-11-03 07:31:00,2015-11-03 07:32:00,132.969,132.972,132.982,132.968,132.99,132.995,133.001,132.99,116
2015-11-03 07:32:00,2015-11-03 07:33:00,132.972,132.985,132.985,132.971,132.995,133.008,133.008,132.994,86
2015-11-03 07:33:00,2015-11-03 07:34:00,132.985,132.978,132.987,132.978,133.008,133.0,133.009,133.0,96
2015-11-03 07:34:00,2015-11-03 07:35:00,132.978,132.97,132.979,132.97,133.0,132.992,133.0,132.99,152
2015-11-03 07:35:00,2015-11-03 07:36:00,132.97,132.978,132.978,132.971,132.992,133.0,133.0,132.992,72
2015-11-03 07:36:00,2015-11-03 07:37:00,132.978,132.978,132.987,132.974,133.0,133.001,133.009,132.995,164
2015-11-03 07:37:00,2015-11-03 07:38:00,132.978,132.975,132.996,132.969,133.001,132.998,133.019,132.992,209
2015-11-03 07:38:00,2015-11-03 07:39:00,132.975,132.952,132.974,132.938,132.998,132.973,132.998,132.961,287
2015-11-03 07:39:00,2015-11-03 07:40:00,132.952,132.958,132.962,132.943,132.973,132.98,132.985,132.966,175
2015-11-03 07:40:00,2015-11-03 07:41:00,132.958,132.936,132.959,132.935,132.98,132.959,132.98,132.958,110
2015-11-03 07:41:00,2015-11-03 07:42:00,132.936,132.94,132.945,132.933,132.959,132.962,132.968,132.957,131
2015-11-03 07:42:00,2015-11-03 07:43:00,132.94,132.941,132.945,132.936,132.962,132.965,132.966,132.957,77
2015-11-03 07:43:00,2015-11-03 07:44:00,132.941,132.929,132.949,132.928,132.965,132.947,132.971,132.947,132
2015-11-03 07:44:00,2015-11-03 07:45:00,132.929,132.932,132.942,132.927,132.947,132.953,132.964,132.948,142
2015-11-03 07:45:00,2015-11-03 07:46:00,132.932,132.932,132.935,132.929,132.953,132.955,132.957,132.951,78
2015-11-03 07:46:00,2015-11-03 07:47:00,132.932,132.94,132.944,132.932,132.955,132.96,132.963,132.954,55
2015-11-03 07:47:00,2015-11-03 07:48:00,132.94,132.948,132.95,132.939,132.96,132.971,132.972,132.959,83
2015-11-03 07:48:00,2015-11-03 07:49:00,132.948,132.969,132.975,132.935,132.971,132.991,132.997,132.956,244
2015-11-03 07:49:00,2015-11-03 07:50:00,132.969,132.97,132.977,132.961,132.991,132.993,133.0,132.985,124
2015-11-03 07:50:00,2015-11-03 07:51:00,132.97,132.973,132.99,132.965,132.993,132.997,133.012,132.987,276
2015-11-03 07:51:00,2015-11-03 07:52:00,132.973,132.986,132.986,132.969,132.997,133.008,133.008,132.993,167
2015-11-03 07:52:00,2015-11-03 07:53:00,132.986,132.998,133.007,132.984,133.008,133.02,133.03,133.007,258
2015-11-03 07:53:00,2015-11-03 07:54:00,132.998,133.015,133.017,132.997,133.02,133.036,133.038,133.02,119
2015-11-03 07:54:00,2015-11-03 07:55:00,133.015,133.006,133.016,132.999,133.036,133.029,133.037,133.021,161
2015-11-03 07:55:00,2015-11-03 07:56:00,133.006,132.999,133.008,132.999,133.029,133.022,133.03,133.022,85
2015-11-03 07:56:00,2015-11-03 07:57:00,132.999,132.961,132.999,132.96,133.022,132.984,133.022,132.982,282
2015-11-03 07:57:00,2015-11-03 07:58:00,132.961,132.934,132.972,132.913,132.984,132.958,132.995,132.934,274
2015-11-03 07:58:00,2015-11-03 07:59:00,132.934,132.958,132.98,132.934,132.958,132.981,133.002,132.955,384
2015-11-03 07:59:00,2015-11-03 08:00:00,132.958,132.963,132.972,132.951,132.981,132.987,132.993,132.975,414
2015-11-03 08:00:00,2015-11-03 08:01:00,132.963,132.933,132.97,132.933,132.987,132.955,132.993,132.954,370
2015-11-03 08:01:00,2015-11-03 08:02:00,132.933,132.937,132.939,132.922,132.955,132.96,132.963,132.943,378
2015-11-03 08:02:00,2015-11-03 08:03:00,132.937,132.97,132.977,132.937,132.96,132.993,133.002,132.959,581
2015-11-03 08:03:00,2015-11-03 08:04:00,132.97,132.985,132.986,132.952,132.993,133.009,133.01,132.975,342
2015-11-03 08:04:00,2015-11-03 08:05:00,132.985,132.975,132.997,132.967,133.009,132.997,133.021,132.991,425
2015-11-03 08:05:00,2015-11-03 08:06:00,132.975,132.967,132.984,132.961,132.997,132.99,133.005,132.983,255
2015-11-03 08:06:00,2015-11-03 08:07:00,132.967,132.957,132.969,132.952,132.99,132.983,132.992,132.974,164
2015-11-03 08:07:00,2015-11-03 08:08:00,132.957,132.97,132.972,132.952,132.983,132.994,132.998,132.975,221
2015-11-03 08:08:00,2015-11-03 08:09:00,132.97,132.992,132.993,132.97,132.994,133.017,133.017,132.994,133
2015-11-03 08:09:00,2015-11-03 08:10:00,132.992,132.986,133.001,132.982,133.017,133.007,133.024,133.004,219
2015-11-03 08:10:00,2015-11-03 08:11:00,132.986,132.991,132.996,132.983,133.007,133.016,133.019,133.006,215
2015-11-03 08:11:00,2015-11-03 08:12:00,132.991,133.001,133.006,132.988,133.016,133.023,133.027,133.011,191
2015-11-03 08:12:00,2015-11-03 08:13:00,133.001,132.988,133.0,132.984,133.023,133.011,133.023,133.008,138
2015-11-03 08:13:00,2015-11-03 08:14:00,132.988,132.947,132.988,132.928,133.011,132.971,133.011,132.952,408
2015-11-03 08:14:00,2015-11-03 08:15:00,132.947,132.935,132.958,132.935,132.971,132.96,132.978,132.96,329
2015-11-03 08:15:00,2015-11-03 08:16:00,132.935,132.941,132.953,132.92,132.96,132.962,132.976,132.943,360
2015-11-03 08:16:00,2015-11-03 08:17:00,132.941,132.97,132.987,132.941,132.962,132.995,133.007,132.963,313
2015-11-03 08:17:00,2015-11-03 08:18:00,132.97,132.936,132.979,132.936,132.995,132.956,132.999,132.956,323
2015-11-03 08:18:00,2015-11-03 08:19:00,132.936,132.938,132.94,132.909,132.956,132.961,132.964,132.932,514
2015-11-03 08:19:00,2015-11-03 08:20:00,132.938,132.925,132.944,132.912,132.961,132.95,132.967,132.936,406
2015-11-03 08:20:00,2015-11-03 08:21:00,132.925,132.931,132.939,132.92,132.95,132.952,132.96,132.942,243
2015-11-03 08:21:00,2015-11-03 08:22:00,132.931,132.953,132.956,132.931,132.952,132.976,132.978,132.953,141
2015-11-03 08:22:00,2015-11-03 08:23:00,132.953,132.846,132.953,132.844,132.976,132.869,132.977,132.868,429
2015-11-03 08:23:00,2015-11-03 08:24:00,132.846,132.853,132.879,132.83,132.869,132.877,132.902,132.85,623
2015-11-03 08:24:00,2015-11-03 08:25:00,132.853,132.88,132.892,132.852,132.877,132.903,132.914,132.877,330
2015-11-03 08:25:00,2015-11-03 08:26:00,132.88,132.884,132.902,132.878,132.903,132.906,132.925,132.9,221
2015-11-03 08:26:00,2015-11-03 08:27:00,132.884,132.871,132.885,132.862,132.906,132.893,132.906,132.885,308
2015-11-03 08:27:00,2015-11-03 08:28:00,132.871,132.893,132.893,132.87,132.893,132.916,132.917,132.893,376
2015-11-03 08:28:00,2015-11-03 08:29:00,132.893,132.894,132.895,132.871,132.916,132.916,132.918,132.894,229
2015-11-03 08:29:00,2015-11-03 08:30:00,132.894,132.91,132.922,132.892,132.916,132.933,132.945,132.909,304
2015-11-03 08:30:00,2015-11-03 08:31:00,132.91,132.912,132.923,132.899,132.933,132.934,132.948,132.92,406
2015-11-03 08:31:00,2015-11-03 08:32:00,132.912,132.918,132.925,132.904,132.934,132.94,132.948,132.925,184
2015-11-03 08:32:00,2015-11-03 08:33:00,132.918,132.921,132.94,132.911,132.94,132.945,132.963,132.934,257
2015-11-03 08:33:00,2015-11-03 08:34:00,132.921,132.909,132.923,132.904,132.945,132.934,132.947,132.927,183
2015-11-03 08:34:00,2015-11-03 08:35:00,132.909,132.872,132.927,132.872,132.934,132.896,132.949,132.896,358
2015-11-03 08:35:00,2015-11-03 08:36:00,132.872,132.902,132.902,132.872,132.896,132.924,132.925,132.896,217
2015-11-03 08:36:00,2015-11-03 08:37:00,132.902,132.89,132.912,132.884,132.924,132.913,132.935,132.905,203
2015-11-03 08:37:00,2015-11-03 08:38:00,132.89,132.886,132.901,132.862,132.913,132.908,132.923,132.885,488
2015-11-03 08:38:00,2015-11-03 08:39:00,132.886,132.84,132.886,132.829,132.908,132.86,132.91,132.849,603
2015-11-03 08:39:00,2015-11-03 08:40:00,132.84,132.859,132.864,132.828,132.86,132.884,132.888,132.848,428
2015-11-03 08:40:00,2015-11-03 08:41:00,132.859,132.882,132.889,132.858,132.884,132.905,132.915,132.884,339
2015-11-03 08:41:00,2015-11-03 08:42:00,132.882,132.865,132.886,132.861,132.905,132.89,132.91,132.886,166
2015-11-03 08:42:00,2015-11-03 08:43:00,132.865,132.836,132.87,132.835,132.89,132.86,132.892,132.86,428
2015-11-03 08:43:00,2015-11-03 08:44:00,132.836,132.829,132.839,132.79,132.86,132.853,132.862,132.814,675
2015-11-03 08:44:00,2015-11-03 08:45:00,132.829,132.829,132.832,132.824,132.853,132.849,132.855,132.846,245
2015-11-03 08:45:00,2015-11-03 08:46:00,132.829,132.835,132.846,132.821,132.849,132.859,132.868,132.844,435
2015-11-03 08:46:00,2015-11-03 08:47:00,132.835,132.802,132.838,132.791,132.859,132.822,132.862,132.812,506
2015-11-03 08:47:00,2015-11-03 08:48:00,132.802,132.793,132.806,132.79,132.822,132.815,132.829,132.811,330
2015-11-03 08:48:00,2015-11-03 08:49:00,132.793,132.776,132.798,132.768,132.815,132.798,132.823,132.787,525
2015-11-03 08:49:00,2015-11-03 08:50:00,132.776,132.787,132.788,132.725,132.798,132.807,132.81,132.746,782
2015-11-03 08:50:00,2015-11-03 08:51:00,132.787,132.762,132.788,132.751,132.807,132.787,132.809,132.774,558
2015-11-03 08:51:00,2015-11-03 08:52:00,132.762,132.802,132.815,132.762,132.787,132.824,132.838,132.787,638
2015-11-03 08:52:00,2015-11-03 08:53:00,132.802,132.811,132.818,132.8,132.824,132.834,132.838,132.823,292
2015-11-03 08:53:00,2015-11-03 08:54:00,132.811,132.788,132.812,132.773,132.834,132.81,132.835,132.796,361
2015-11-03 08:54:00,2015-11-03 08:55:00,132.788,132.77,132.799,132.767,132.81,132.793,132.821,132.79,281
2015-11-03 08:55:00,2015-11-03 08:56:00,132.77,132.787,132.801,132.759,132.793,132.81,132.827,132.782,542
2015-11-03 08:56:00,2015-11-03 08:57:00,132.787,132.761,132.793,132.761,132.81,132.785,132.817,132.785,269
2015-11-03 08:57:00,2015-11-03 08:58:00,132.761,132.766,132.78,132.762,132.785,132.79,132.803,132.785,339
2015-11-03 08:58:00,2015-11-03 08:59:00,132.766,132.766,132.775,132.755,132.79,132.788,132.799,132.78,318
2015-11-03 08:59:00,2015-11-03 09:00:00,132.766,132.777,132.796,132.75,132.788,132.796,132.817,132.774,457
2015-11-03 09:00:00,2015-11-03 09:01:00,132.777,132.753,132.778,132.748,132.796,132.778,132.801,132.769,387
2015-11-03 09:01:00,2015-11-03 09:02:00,132.753,132.753,132.759,132.735,132.778,132.776,132.782,132.756,360
2015-11-03 09:02:00,2015-11-03 09:03:00,132.753,132.765,132.768,132.751,132.776,132.789,132.792,132.775,242
2015-11-03 09:03:00,2015-11-03 09:04:00,132.765,132.773,132.779,132.753,132.789,132.794,132.802,132.776,361
2015-11-03 09:04:00,2015-11-03 09:05:00,132.773,132.755,132.772,132.735,132.794,132.78,132.795,132.76,353
2015-11-03 09:05:00,2015-11-03 09:06:00,132.755,132.769,132.769,132.749,132.78,132.791,132.791,132.773,230
2015-11-03 09:06:00,2015-11-03 09:07:00,132.769,132.786,132.797,132.769,132.791,132.809,132.82,132.79,370
2015-11-03 09:07:00,2015-11-03 09:08:00,132.786,132.76,132.786,132.756,132.809,132.783,132.81,132.78,200
2015-11-03 09:08:00,2015-11-03 09:09:00,132.76,132.777,132.777,132.758,132.783,132.801,132.801,132.781,221
2015-11-03 09:09:00,2015-11-03 09:10:00,132.777,132.761,132.777,132.745,132.801,132.784,132.8,132.77,271
2015-11-03 09:10:00,2015-11-03 09:11:00,132.761,132.747,132.762,132.745,132.784,132.766,132.784,132.763,275
2015-11-03 09:11:00,2015-11-03 09:12:00,132.747,132.776,132.776,132.747,132.766,132.797,132.798,132.765,237
2015-11-03 09:12:00,2015-11-03 09:13:00,132.776,132.765,132.776,132.754,132.797,132.787,132.796,132.774,295
2015-11-03 09:13:00,2015-11-03 09:14:00,132.765,132.762,132.765,132.75,132.787,132.782,132.785,132.771,240
2015-11-03 09:14:00,2015-11-03 09:15:00,132.762,132.764,132.764,132.746,132.782,132.785,132.785,132.768,196
2015-11-03 09:15:00,2015-11-03 09:16:00,132.764,132.767,132.787,132.764,132.785,132.791,132.807,132.785,247
2015-11-03 09:16:00,2015-11-03 09:17:00,132.767,132.673,132.769,132.66,132.791,132.693,132.793,132.679,834
2015-11-03 09:17:00,2015-11-03 09:18:00,132.673,132.661,132.674,132.599,132.693,132.685,132.696,132.623,933
2015-11-03 09:18:00,2015-11-03 09:19:00,132.661,132.653,132.671,132.645,132.685,132.675,132.692,132.669,530
2015-11-03 09:19:00,2015-11-03 09:20:00,132.653,132.668,132.668,132.648,132.675,132.687,132.688,132.667,209
2015-11-03 09:20:00,2015-11-03 09:21:00,132.668,132.682,132.693,132.647,132.687,132.704,132.715,132.668,633
2015-11-03 09:21:00,2015-11-03 09:22:00,132.682,132.699,132.699,132.68,132.704,132.72,132.72,132.701,343
2015-11-03 09:22:00,2015-11-03 09:23:00,132.699,132.686,132.7,132.677,132.72,132.706,132.721,132.697,221
2015-11-03 09:23:00,2015-11-03 09:24:00,132.686,132.678,132.692,132.672,132.706,132.7,132.71,132.692,203
2015-11-03 09:24:00,2015-11-03 09:25:00,132.678,132.693,132.695,132.675,132.7,132.715,132.716,132.697,193
2015-11-03 09:25:00,2015-11-03 09:26:00,132.693,132.682,132.699,132.672,132.715,132.702,132.72,132.694,352
2015-11-03 09:26:00,2015-11-03 09:27:00,132.682,132.694,132.694,132.672,132.702,132.712,132.713,132.694,214
2015-11-03 09:27:00,2015-11-03 09:28:00,132.694,132.697,132.701,132.684,132.712,132.719,132.722,132.705,192
2015-11-03 09:28:00,2015-11-03 09:29:00,132.697,132.676,132.7,132.675,132.719,132.699,132.722,132.697,327
2015-11-03 09:29:00,2015-11-03 09:30:00,132.676,132.676,132.679,132.663,132.699,132.698,132.7,132.683,271
2015-11-03 09:30:00,2015-11-03 09:31:00,132.676,132.695,132.704,132.675,132.698,132.718,132.726,132.695,274
2015-11-03 09:31:00,2015-11-03 09:32:00,132.695,132.689,132.695,132.671,132.718,132.712,132.717,132.693,342
2015-11-03 09:32:00,2015-11-03 09:33:00,132.689,132.69,132.692,132.677,132.712,132.712,132.715,132.698,240
2015-11-03 09:33:00,2015-11-03 09:34:00,132.69,132.677,132.696,132.67,132.712,132.698,132.717,132.692,197
2015-11-03 09:34:00,2015-11-03 09:35:00,132.677,132.688,132.689,132.669,132.698,132.711,132.712,132.689,277
2015-11-03 09:35:00,2015-11-03 09:36:00,132.688,132.714,132.715,132.684,132.711,132.738,132.739,132.704,244
2015-11-03 09:36:00,2015-11-03 09:37:00,132.714,132.706,132.72,132.693,132.738,132.728,132.743,132.715,285
2015-11-03 09:37:00,2015-11-03 09:38:00,132.706,132.739,132.743,132.705,132.728,132.763,132.767,132.728,383
2015-11-03 09:38:00,2015-11-03 09:39:00,132.739,132.743,132.757,132.739,132.763,132.765,132.779,132.762,229
2015-11-03 09:39:00,2015-11-03 09:40:00,132.743,132.758,132.766,132.729,132.765,132.78,132.786,132.752,301
2015-11-03 09:40:00,2015-11-03 09:41:00,132.758,132.742,132.758,132.739,132.78,132.767,132.78,132.763,165
2015-11-03 09:41:00,2015-11-03 09:42:00,132.742,132.763,132.764,132.741,132.767,132.786,132.787,132.766,212
2015-11-03 09:42:00,2015-11-03 09:43:00,132.763,132.763,132.768,132.754,132.786,132.786,132.791,132.778,216
2015-11-03 09:43:00,2015-11-03 09:44:00,132.763,132.786,132.788,132.751,132.786,132.809,132.811,132.774,343
2015-11-03 09:44:00,2015-11-03 09:45:00,132.786,132.747,132.789,132.743,132.809,132.77,132.811,132.767,320
2015-11-03 09:45:00,2015-11-03 09:46:00,132.747,132.745,132.754,132.735,132.77,132.769,132.776,132.757,194
2015-11-03 09:46:00,2015-11-03 09:47:00,132.745,132.748,132.749,132.739,132.769,132.771,132.774,132.762,140
2015-11-03 09:47:00,2015-11-03 09:48:00,132.748,132.753,132.764,132.748,132.771,132.777,132.786,132.771,169
2015-11-03 09:48:00,2015-11-03 09:49:00,132.753,132.753,132.765,132.749,132.777,132.775,132.787,132.772,180
2015-11-03 09:49:00,2015-11-03 09:50:00,132.753,132.731,132.755,132.731,132.775,132.754,132.778,132.754,322
2015-11-03 09:50:00,2015-11-03 09:51:00,132.731,132.671,132.731,132.661,132.754,132.692,132.753,132.684,460
2015-11-03 09:51:00,2015-11-03 09:52:00,132.671,132.65,132.695,132.648,132.692,132.673,132.717,132.67,384
2015-11-03 09:52:00,2015-11-03 09:53:00,132.65,132.649,132.659,132.641,132.673,132.67,132.682,132.663,342
2015-11-03 09:53:00,2015-11-03 09:54:00,132.649,132.649,132.659,132.647,132.67,132.67,132.68,132.669,182
2015-11-03 09:54:00,2015-11-03 09:55:00,132.649,132.673,132.674,132.645,132.67,132.694,132.695,132.667,134
2015-11-03 09:55:00,2015-11-03 09:56:00,132.673,132.679,132.68,132.66,132.694,132.7,132.702,132.682,254
2015-11-03 09:56:00,2015-11-03 09:57:00,132.679,132.68,132.688,132.671,132.7,132.702,132.711,132.694,202
2015-11-03 09:57:00,2015-11-03 09:58:00,132.68,132.688,132.702,132.669,132.702,132.709,132.722,132.692,385
2015-11-03 09:58:00,2015-11-03 09:59:00,132.688,132.652,132.699,132.651,132.709,132.675,132.719,132.673,354
2015-11-03 09:59:00,2015-11-03 10:00:00,132.652,132.633,132.652,132.625,132.675,132.654,132.675,132.649,285
2015-11-03 10:00:00,2015-11-03 10:01:00,132.633,132.62,132.64,132.615,132.654,132.643,132.662,132.638,310
2015-11-03 10:01:00,2015-11-03 10:02:00,132.62,132.603,132.619,132.595,132.643,132.625,132.643,132.616,395
2015-11-03 10:02:00,2015-11-03 10:03:00,132.603,132.629,132.629,132.599,132.625,132.652,132.652,132.623,227
2015-11-03 10:03:00,2015-11-03 10:04:00,132.629,132.639,132.645,132.619,132.652,132.661,132.666,132.642,306
2015-11-03 10:04:00,2015-11-03 10:05:00,132.639,132.648,132.649,132.636,132.661,132.669,132.669,132.658,122
2015-11-03 10:05:00,2015-11-03 10:06:00,132.648,132.65,132.665,132.64,132.669,132.671,132.687,132.663,301
2015-11-03 10:06:00,2015-11-03 10:07:00,132.65,132.681,132.7,132.648,132.671,132.704,132.722,132.67,374
2015-11-03 10:07:00,2015-11-03 10:08:00,132.681,132.69,132.702,132.676,132.704,132.713,132.723,132.698,248
2015-11-03 10:08:00,2015-11-03 10:09:00,132.69,132.654,132.694,132.653,132.713,132.677,132.715,132.675,239
2015-11-03 10:09:00,2015-11-03 10:10:00,132.654,132.621,132.664,132.618,132.677,132.643,132.685,132.64,191
2015-11-03 10:10:00,2015-11-03 10:11:00,132.621,132.643,132.652,132.619,132.643,132.667,132.674,132.642,245
2015-11-03 10:11:00,2015-11-03 10:12:00,132.643,132.645,132.651,132.635,132.667,132.668,132.674,132.658,159
2015-11-03 10:12:00,2015-11-03 10:13:00,132.645,132.645,132.668,132.641,132.668,132.666,132.69,132.662,231
2015-11-03 10:13:00,2015-11-03 10:14:00,132.645,132.666,132.666,132.644,132.666,132.685,132.688,132.665,329
2015-11-03 10:14:00,2015-11-03 10:15:00,132.666,132.657,132.666,132.654,132.685,132.678,132.687,132.674,264
2015-11-03 10:15:00,2015-11-03 10:16:00,132.657,132.65,132.673,132.648,132.678,132.673,132.692,132.669,214
2015-11-03 10:16:00,2015-11-03 10:17:00,132.65,132.641,132.656,132.633,132.673,132.662,132.677,132.656,205
2015-11-03 10:17:00,2015-11-03 10:18:00,132.641,132.592,132.643,132.592,132.662,132.611,132.664,132.611,536
2015-11-03 10:18:00,2015-11-03 10:19:00,132.592,132.592,132.601,132.59,132.611,132.612,132.625,132.61,307
2015-11-03 10:19:00,2015-11-03 10:20:00,132.592,132.594,132.605,132.589,132.612,132.616,132.628,132.611,297
2015-11-03 10:20:00,2015-11-03 10:21:00,132.594,132.608,132.619,132.59,132.616,132.627,132.641,132.612,377
2015-11-03 10:21:00,2015-11-03 10:22:00,132.608,132.616,132.618,132.59,132.627,132.64,132.642,132.612,413
2015-11-03 10:22:00,2015-11-03 10:23:00,132.616,132.596,132.616,132.589,132.64,132.617,132.639,132.609,350
2015-11-03 10:23:00,2015-11-03 10:24:00,132.596,132.612,132.616,132.59,132.617,132.632,132.639,132.61,270
2015-11-03 10:24:00,2015-11-03 10:25:00,132.612,132.663,132.669,132.598,132.632,132.688,132.693,132.62,383
2015-11-03 10:25:00,2015-11-03 10:26:00,132.663,132.642,132.665,132.631,132.688,132.663,132.689,132.654,391
2015-11-03 10:26:00,2015-11-03 10:27:00,132.642,132.653,132.657,132.64,132.663,132.675,132.68,132.662,244
2015-11-03 10:27:00,2015-11-03 10:28:00,132.653,132.639,132.657,132.637,132.675,132.662,132.68,132.66,199
2015-11-03 10:28:00,2015-11-03 10:29:00,132.639,132.644,132.65,132.636,132.662,132.668,132.673,132.659,165
2015-11-03 10:29:00,2015-11-03 10:30:00,132.644,132.649,132.65,132.638,132.668,132.673,132.673,132.66,215
2015-11-03 10:30:00,2015-11-03 10:31:00,132.649,132.645,132.661,132.629,132.673,132.668,132.682,132.65,396
2015-11-03 10:31:00,2015-11-03 10:32:00,132.645,132.658,132.673,132.644,132.668,132.683,132.694,132.665,358
2015-11-03 10:32:00,2015-11-03 10:33:00,132.658,132.67,132.683,132.657,132.683,132.695,132.707,132.682,266
2015-11-03 10:33:00,2015-11-03 10:34:00,132.67,132.663,132.674,132.663,132.695,132.686,132.696,132.685,192
2015-11-03 10:34:00,2015-11-03 10:35:00,132.663,132.697,132.697,132.663,132.686,132.72,132.721,132.684,348
2015-11-03 10:35:00,2015-11-03 10:36:00,132.697,132.697,132.699,132.684,132.72,132.721,132.722,132.707,226
2015-11-03 10:36:00,2015-11-03 10:37:00,132.697,132.683,132.698,132.682,132.721,132.706,132.721,132.704,269
2015-11-03 10:37:00,2015-11-03 10:38:00,132.683,132.689,132.703,132.683,132.706,132.713,132.726,132.703,310
2015-11-03 10:38:00,2015-11-03 10:39:00,132.689,132.695,132.703,132.68,132.713,132.718,132.724,132.702,249
2015-11-03 10:39:00,2015-11-03 10:40:00,132.695,132.689,132.701,132.682,132.718,132.711,132.723,132.704,192
2015-11-03 10:40:00,2015-11-03 10:41:00,132.689,132.678,132.69,132.665,132.711,132.701,132.711,132.686,179
2015-11-03 10:41:00,2015-11-03 10:42:00,132.678,132.675,132.689,132.653,132.701,132.698,132.711,132.677,327
2015-11-03 10:42:00,2015-11-03 10:43:00,132.675,132.66,132.681,132.66,132.698,132.684,132.705,132.684,251
2015-11-03 10:43:00,2015-11-03 10:44:00,132.66,132.638,132.661,132.637,132.684,132.661,132.685,132.66,148
2015-11-03 10:44:00,2015-11-03 10:45:00,132.638,132.634,132.652,132.634,132.661,132.655,132.674,132.654,195
2015-11-03 10:45:00,2015-11-03 10:46:00,132.634,132.609,132.638,132.606,132.655,132.632,132.661,132.625,329
2015-11-03 10:46:00,2015-11-03 10:47:00,132.609,132.62,132.623,132.604,132.632,132.643,132.645,132.625,207
2015-11-03 10:47:00,2015-11-03 10:48:00,132.62,132.633,132.644,132.612,132.643,132.656,132.666,132.633,310
2015-11-03 10:48:00,2015-11-03 10:49:00,132.633,132.626,132.638,132.617,132.656,132.643,132.659,132.64,266
2015-11-03 10:49:00,2015-11-03 10:50:00,132.626,132.614,132.633,132.612,132.643,132.639,132.655,132.634,315
2015-11-03 10:50:00,2015-11-03 10:51:00,132.614,132.625,132.628,132.614,132.639,132.648,132.652,132.637,135
2015-11-03 10:51:00,2015-11-03 10:52:00,132.625,132.622,132.63,132.613,132.648,132.646,132.654,132.635,301
2015-11-03 10:52:00,2015-11-03 10:53:00,132.622,132.599,132.627,132.597,132.646,132.623,132.65,132.622,465
2015-11-03 10:53:00,2015-11-03 10:54:00,132.599,132.567,132.6,132.564,132.623,132.589,132.623,132.587,651
2015-11-03 10:54:00,2015-11-03 10:55:00,132.567,132.584,132.596,132.567,132.589,132.607,132.619,132.588,396
2015-11-03 10:55:00,2015-11-03 10:56:00,132.584,132.586,132.592,132.579,132.607,132.61,132.616,132.601,170
2015-11-03 10:56:00,2015-11-03 10:57:00,132.586,132.614,132.615,132.586,132.61,132.637,132.637,132.609,220
2015-11-03 10:57:00,2015-11-03 10:58:00,132.614,132.614,132.621,132.604,132.637,132.637,132.641,132.626,237
2015-11-03 10:58:00,2015-11-03 10:59:00,132.614,132.6,132.616,132.59,132.637,132.621,132.639,132.611,442
2015-11-03 10:59:00,2015-11-03 11:00:00,132.6,132.592,132.61,132.592,132.621,132.613,132.633,132.613,364
2015-11-03 11:00:00,2015-11-03 11:01:00,132.592,132.592,132.612,132.584,132.613,132.613,132.634,132.605,214
2015-11-03 11:01:00,2015-11-03 11:02:00,132.592,132.592,132.608,132.59,132.613,132.613,132.63,132.612,207
2015-11-03 11:02:00,2015-11-03 11:03:00,132.592,132.606,132.608,132.59,132.613,132.629,132.631,132.612,194
2015-11-03 11:03:00,2015-11-03 11:04:00,132.606,132.625,132.625,132.604,132.629,132.645,132.649,132.627,207
2015-11-03 11:04:00,2015-11-03 11:05:00,132.625,132.633,132.642,132.62,132.645,132.655,132.666,132.642,224
2015-11-03 11:05:00,2015-11-03 11:06:00,132.633,132.631,132.648,132.63,132.655,132.655,132.67,132.653,275
2015-11-03 11:06:00,2015-11-03 11:07:00,132.631,132.592,132.631,132.588,132.655,132.613,132.656,132.61,242
2015-11-03 11:07:00,2015-11-03 11:08:00,132.592,132.592,132.598,132.588,132.613,132.614,132.621,132.611,201
2015-11-03 11:08:00,2015-11-03 11:09:00,132.592,132.602,132.611,132.59,132.614,132.625,132.633,132.614,323
2015-11-03 11:09:00,2015-11-03 11:10:00,132.602,132.609,132.609,132.584,132.625,132.632,132.632,132.608,222
2015-11-03 11:10:00,2015-11-03 11:11:00,132.609,132.599,132.625,132.591,132.632,132.623,132.647,132.615,413
2015-11-03 11:11:00,2015-11-03 11:12:00,132.599,132.597,132.599,132.587,132.623,132.62,132.622,132.61,177
2015-11-03 11:12:00,2015-11-03 11:13:00,132.597,132.585,132.604,132.583,132.62,132.609,132.626,132.606,209
2015-11-03 11:13:00,2015-11-03 11:14:00,132.585,132.586,132.6,132.583,132.609,132.608,132.624,132.605,275
2015-11-03 11:14:00,2015-11-03 11:15:00,132.586,132.59,132.605,132.586,132.608,132.612,132.627,132.608,280
2015-11-03 11:15:00,2015-11-03 11:16:00,132.59,132.583,132.597,132.573,132.612,132.605,132.619,132.595,199
2015-11-03 11:16:00,2015-11-03 11:17:00,132.583,132.6,132.618,132.582,132.605,132.622,132.639,132.605,345
2015-11-03 11:17:00,2015-11-03 11:18:00,132.6,132.608,132.615,132.598,132.622,132.633,132.638,132.62,188
2015-11-03 11:18:00,2015-11-03 11:19:00,132.608,132.603,132.618,132.602,132.633,132.623,132.641,132.623,199
2015-11-03 11:19:00,2015-11-03 11:20:00,132.603,132.6,132.609,132.598,132.623,132.623,132.632,132.619,166
2015-11-03 11:20:00,2015-11-03 11:21:00,132.6,132.597,132.605,132.592,132.623,132.618,132.626,132.615,158
2015-11-03 11:21:00,2015-11-03 11:22:00,132.597,132.592,132.604,132.58,132.618,132.614,132.625,132.603,263
2015-11-03 11:22:00,2015-11-03 11:23:00,132.592,132.651,132.653,132.584,132.614,132.675,132.677,132.608,415
2015-11-03 11:23:00,2015-11-03 11:24:00,132.651,132.652,132.658,132.643,132.675,132.673,132.68,132.667,296
2015-11-03 11:24:00,2015-11-03 11:25:00,132.652,132.658,132.667,132.65,132.673,132.68,132.689,132.672,207
2015-11-03 11:25:00,2015-11-03 11:26:00,132.658,132.679,132.68,132.655,132.68,132.7,132.702,132.677,150
2015-11-03 11:26:00,2015-11-03 11:27:00,132.679,132.704,132.709,132.677,132.7,132.728,132.73,132.7,303
2015-11-03 11:27:00,2015-11-03 11:28:00,132.704,132.703,132.708,132.69,132.728,132.726,132.73,132.714,282
2015-11-03 11:28:00,2015-11-03 11:29:00,132.703,132.696,132.706,132.694,132.726,132.719,132.728,132.717,167
2015-11-03 11:29:00,2015-11-03 11:30:00,132.696,132.708,132.711,132.696,132.719,132.73,132.734,132.721,184
2015-11-03 11:30:00,2015-11-03 11:31:00,132.708,132.688,132.711,132.688,132.73,132.71,132.732,132.71,192
2015-11-03 11:31:00,2015-11-03 11:32:00,132.688,132.69,132.693,132.675,132.71,132.707,132.714,132.692,279
2015-11-03 11:32:00,2015-11-03 11:33:00,132.69,132.677,132.693,132.661,132.707,132.697,132.711,132.681,465
2015-11-03 11:33:00,2015-11-03 11:34:00,132.677,132.693,132.694,132.676,132.697,132.713,132.713,132.695,208
2015-11-03 11:34:00,2015-11-03 11:35:00,132.693,132.717,132.72,132.693,132.713,132.739,132.742,132.713,233
2015-11-03 11:35:00,2015-11-03 11:36:00,132.717,132.704,132.717,132.692,132.739,132.728,132.739,132.716,221
2015-11-03 11:36:00,2015-11-03 11:37:00,132.704,132.742,132.743,132.692,132.728,132.765,132.766,132.716,373
2015-11-03 11:37:00,2015-11-03 11:38:00,132.742,132.702,132.741,132.699,132.765,132.726,132.765,132.725,385
2015-11-03 11:38:00,2015-11-03 11:39:00,132.702,132.706,132.717,132.694,132.726,132.728,132.736,132.714,186
2015-11-03 11:39:00,2015-11-03 11:40:00,132.706,132.686,132.709,132.655,132.728,132.71,132.73,132.68,350
2015-11-03 11:40:00,2015-11-03 11:41:00,132.686,132.708,132.708,132.675,132.71,132.73,132.73,132.698,276
2015-11-03 11:41:00,2015-11-03 11:42:00,132.708,132.679,132.725,132.673,132.73,132.702,132.747,132.695,396
2015-11-03 11:42:00,2015-11-03 11:43:00,132.679,132.699,132.704,132.679,132.702,132.721,132.725,132.7,322
2015-11-03 11:43:00,2015-11-03 11:44:00,132.699,132.697,132.725,132.691,132.721,132.718,132.746,132.714,451
2015-11-03 11:44:00,2015-11-03 11:45:00,132.697,132.676,132.697,132.674,132.718,132.699,132.72,132.695,387
2015-11-03 11:45:00,2015-11-03 11:46:00,132.676,132.649,132.676,132.647,132.699,132.672,132.699,132.668,311
2015-11-03 11:46:00,2015-11-03 11:47:00,132.649,132.661,132.665,132.648,132.672,132.685,132.687,132.672,370
2015-11-03 11:47:00,2015-11-03 11:48:00,132.661,132.635,132.67,132.619,132.685,132.657,132.692,132.641,450
2015-11-03 11:48:00,2015-11-03 11:49:00,132.635,132.633,132.641,132.626,132.657,132.654,132.663,132.646,224
2015-11-03 11:49:00,2015-11-03 11:50:00,132.633,132.642,132.649,132.626,132.654,132.659,132.668,132.645,415
2015-11-03 11:50:00,2015-11-03 11:51:00,132.642,132.643,132.653,132.636,132.659,132.665,132.675,132.655,327
2015-11-03 11:51:00,2015-11-03 11:52:00,132.643,132.638,132.661,132.631,132.665,132.66,132.682,132.652,433
2015-11-03 11:52:00,2015-11-03 11:53:00,132.638,132.64,132.647,132.635,132.66,132.662,132.67,132.656,255
2015-11-03 11:53:00,2015-11-03 11:54:00,132.64,132.663,132.668,132.635,132.662,132.683,132.69,132.655,386
2015-11-03 11:54:00,2015-11-03 11:55:00,132.663,132.631,132.666,132.627,132.683,132.653,132.689,132.649,219
2015-11-03 11:55:00,2015-11-03 11:56:00,132.631,132.616,132.631,132.615,132.653,132.64,132.652,132.638,244
2015-11-03 11:56:00,2015-11-03 11:57:00,132.616,132.606,132.619,132.604,132.64,132.629,132.642,132.627,232
2015-11-03 11:57:00,2015-11-03 11:58:00,132.606,132.589,132.607,132.589,132.629,132.611,132.631,132.611,301
2015-11-03 11:58:00,2015-11-03 11:59:00,132.589,132.601,132.601,132.589,132.611,132.622,132.624,132.61,320
2015-11-03 11:59:00,2015-11-03 12:00:00,132.601,132.602,132.609,132.598,132.622,132.623,132.631,132.619,266
2015-11-03 12:00:00,2015-11-03 12:01:00,132.602,132.593,132.613,132.578,132.623,132.616,132.634,132.599,448
2015-11-03 12:01:00,2015-11-03 12:02:00,132.593,132.605,132.613,132.591,132.616,132.627,132.634,132.614,448
2015-11-03 12:02:00,2015-11-03 12:03:00,132.605,132.616,132.619,132.602,132.627,132.637,132.641,132.621,336
2015-11-03 12:03:00,2015-11-03 12:04:00,132.616,132.611,132.619,132.604,132.637,132.633,132.641,132.625,255
2015-11-03 12:04:00,2015-11-03 12:05:00,132.611,132.597,132.616,132.596,132.633,132.618,132.638,132.617,270
2015-11-03 12:05:00,2015-11-03 12:06:00,132.597,132.6,132.606,132.597,132.618,132.619,132.627,132.619,129
2015-11-03 12:06:00,2015-11-03 12:07:00,132.6,132.591,132.605,132.583,132.619,132.613,132.627,132.606,233
2015-11-03 12:07:00,2015-11-03 12:08:00,132.591,132.608,132.611,132.587,132.613,132.63,132.632,132.609,374
2015-11-03 12:08:00,2015-11-03 12:09:00,132.608,132.611,132.622,132.606,132.63,132.634,132.644,132.627,276
2015-11-03 12:09:00,2015-11-03 12:10:00,132.611,132.611,132.617,132.6,132.634,132.631,132.638,132.622,242
2015-11-03 12:10:00,2015-11-03 12:11:00,132.611,132.628,132.629,132.611,132.631,132.65,132.65,132.631,169
2015-11-03 12:11:00,2015-11-03 12:12:00,132.628,132.654,132.671,132.622,132.65,132.676,132.689,132.645,376
2015-11-03 12:12:00,2015-11-03 12:13:00,132.654,132.655,132.667,132.651,132.676,132.678,132.689,132.67,182
2015-11-03 12:13:00,2015-11-03 12:14:00,132.655,132.641,132.667,132.636,132.678,132.661,132.686,132.657,285
2015-11-03 12:14:00,2015-11-03 12:15:00,132.641,132.649,132.649,132.626,132.661,132.668,132.671,132.648,270
2015-11-03 12:15:00,2015-11-03 12:16:00,132.649,132.635,132.659,132.627,132.668,132.658,132.682,132.651,235
2015-11-03 12:16:00,2015-11-03 12:17:00,132.635,132.636,132.649,132.623,132.658,132.658,132.669,132.643,350
2015-11-03 12:17:00,2015-11-03 12:18:00,132.636,132.638,132.641,132.628,132.658,132.657,132.66,132.647,199
2015-11-03 12:18:00,2015-11-03 12:19:00,132.638,132.669,132.677,132.637,132.657,132.691,132.699,132.657,318
2015-11-03 12:19:00,2015-11-03 12:20:00,132.669,132.678,132.695,132.669,132.691,132.697,132.714,132.69,402
2015-11-03 12:20:00,2015-11-03 12:21:00,132.678,132.689,132.694,132.676,132.697,132.709,132.714,132.695,176
2015-11-03 12:21:00,2015-11-03 12:22:00,132.689,132.655,132.689,132.652,132.709,132.678,132.71,132.675,261
2015-11-03 12:22:00,2015-11-03 12:23:00,132.655,132.635,132.655,132.628,132.678,132.659,132.678,132.65,313
2015-11-03 12:23:00,2015-11-03 12:24:00,132.635,132.668,132.671,132.634,132.659,132.687,132.694,132.656,221
2015-11-03 12:24:00,2015-11-03 12:25:00,132.668,132.618,132.668,132.616,132.687,132.641,132.687,132.638,183
2015-11-03 12:25:00,2015-11-03 12:26:00,132.618,132.619,132.632,132.613,132.641,132.643,132.653,132.636,173
2015-11-03 12:26:00,2015-11-03 12:27:00,132.619,132.626,132.628,132.606,132.643,132.646,132.649,132.627,180
2015-11-03 12:27:00,2015-11-03 12:28:00,132.626,132.623,132.632,132.614,132.646,132.641,132.651,132.636,133
2015-11-03 12:28:00,2015-11-03 12:29:00,132.623,132.633,132.633,132.608,132.641,132.655,132.655,132.63,274
2015-11-03 12:29:00,2015-11-03 12:30:00,132.633,132.661,132.661,132.629,132.655,132.683,132.685,132.653,189
2015-11-03 12:30:00,2015-11-03 12:31:00,132.661,132.673,132.682,132.658,132.683,132.693,132.703,132.68,165
2015-11-03 12:31:00,2015-11-03 12:32:00,132.673,132.669,132.682,132.663,132.693,132.692,132.703,132.687,178
2015-11-03 12:32:00,2015-11-03 12:33:00,132.669,132.666,132.673,132.65,132.692,132.686,132.696,132.671,215
2015-11-03 12:33:00,2015-11-03 12:34:00,132.666,132.66,132.669,132.659,132.686,132.684,132.691,132.681,186
2015-11-03 12:34:00,2015-11-03 12:35:00,132.66,132.668,132.671,132.648,132.684,132.691,132.693,132.671,162
2015-11-03 12:35:00,2015-11-03 12:36:00,132.668,132.636,132.667,132.63,132.691,132.657,132.691,132.654,206
2015-11-03 12:36:00,2015-11-03 12:37:00,132.636,132.618,132.651,132.606,132.657,132.643,132.673,132.627,295
2015-11-03 12:37:00,2015-11-03 12:38:00,132.618,132.651,132.652,132.62,132.643,132.674,132.674,132.643,230
2015-11-03 12:38:00,2015-11-03 12:39:00,132.651,132.645,132.661,132.637,132.674,132.669,132.682,132.661,179
2015-11-03 12:39:00,2015-11-03 12:40:00,132.645,132.665,132.665,132.642,132.669,132.687,132.687,132.665,178
2015-11-03 12:40:00,2015-11-03 12:41:00,132.665,132.671,132.677,132.658,132.687,132.696,132.7,132.679,224
2015-11-03 12:41:00,2015-11-03 12:42:00,132.671,132.659,132.679,132.656,132.696,132.679,132.701,132.678,263
2015-11-03 12:42:00,2015-11-03 12:43:00,132.659,132.654,132.66,132.637,132.679,132.677,132.682,132.66,277
2015-11-03 12:43:00,2015-11-03 12:44:00,132.654,132.657,132.657,132.641,132.677,132.677,132.677,132.664,116
2015-11-03 12:44:00,2015-11-03 12:45:00,132.657,132.625,132.659,132.625,132.677,132.646,132.677,132.644,303
2015-11-03 12:45:00,2015-11-03 12:46:00,132.625,132.67,132.679,132.625,132.646,132.69,132.699,132.645,276
2015-11-03 12:46:00,2015-11-03 12:47:00,132.67,132.669,132.679,132.666,132.69,132.69,132.702,132.688,169
2015-11-03 12:47:00,2015-11-03 12:48:00,132.669,132.687,132.708,132.668,132.69,132.709,132.727,132.689,289
2015-11-03 12:48:00,2015-11-03 12:49:00,132.687,132.69,132.691,132.676,132.709,132.711,132.711,132.697,170
2015-11-03 12:49:00,2015-11-03 12:50:00,132.69,132.648,132.691,132.643,132.711,132.671,132.711,132.664,275
2015-11-03 12:50:00,2015-11-03 12:51:00,132.648,132.677,132.677,132.647,132.671,132.699,132.699,132.668,147
2015-11-03 12:51:00,2015-11-03 12:52:00,132.677,132.693,132.694,132.676,132.699,132.714,132.717,132.698,119
2015-11-03 12:52:00,2015-11-03 12:53:00,132.693,132.663,132.693,132.661,132.714,132.685,132.716,132.684,187
2015-11-03 12:53:00,2015-11-03 12:54:00,132.663,132.661,132.676,132.65,132.685,132.682,132.698,132.672,375
2015-11-03 12:54:00,2015-11-03 12:55:00,132.661,132.672,132.673,132.658,132.682,132.695,132.696,132.677,244
2015-11-03 12:55:00,2015-11-03 12:56:00,132.672,132.69,132.698,132.665,132.695,132.712,132.72,132.687,256
2015-11-03 12:56:00,2015-11-03 12:57:00,132.69,132.682,132.696,132.681,132.712,132.703,132.718,132.702,186
2015-11-03 12:57:00,2015-11-03 12:58:00,132.682,132.684,132.697,132.681,132.703,132.705,132.719,132.702,214
2015-11-03 12:58:00,2015-11-03 12:59:00,132.684,132.683,132.689,132.675,132.705,132.705,132.711,132.693,123
2015-11-03 12:59:00,2015-11-03 13:00:00,132.683,132.709,132.71,132.674,132.705,132.731,132.731,132.695,284
2015-11-03 13:00:00,2015-11-03 13:01:00,132.709,132.696,132.713,132.693,132.731,132.719,132.734,132.713,117
2015-11-03 13:01:00,2015-11-03 13:02:00,132.696,132.7,132.714,132.692,132.719,132.719,132.735,132.713,295
2015-11-03 13:02:00,2015-11-03 13:03:00,132.7,132.694,132.707,132.694,132.719,132.714,132.729,132.713,107
2015-11-03 13:03:00,2015-11-03 13:04:00,132.694,132.686,132.696,132.686,132.714,132.708,132.718,132.707,151
2015-11-03 13:04:00,2015-11-03 13:05:00,132.686,132.678,132.686,132.658,132.708,132.699,132.707,132.679,350
2015-11-03 13:05:00,2015-11-03 13:06:00,132.678,132.666,132.68,132.666,132.699,132.688,132.7,132.688,179
2015-11-03 13:06:00,2015-11-03 13:07:00,132.666,132.669,132.673,132.663,132.688,132.69,132.695,132.685,182
2015-11-03 13:07:00,2015-11-03 13:08:00,132.669,132.648,132.67,132.644,132.69,132.671,132.692,132.666,144
2015-11-03 13:08:00,2015-11-03 13:09:00,132.648,132.664,132.664,132.649,132.671,132.685,132.687,132.671,154
2015-11-03 13:09:00,2015-11-03 13:10:00,132.664,132.645,132.67,132.644,132.685,132.667,132.691,132.664,163
2015-11-03 13:10:00,2015-11-03 13:11:00,132.645,132.645,132.66,132.642,132.667,132.668,132.682,132.663,289
2015-11-03 13:11:00,2015-11-03 13:12:00,132.645,132.671,132.674,132.646,132.668,132.693,132.697,132.668,230
2015-11-03 13:12:00,2015-11-03 13:13:00,132.671,132.674,132.675,132.66,132.693,132.697,132.698,132.681,240
2015-11-03 13:13:00,2015-11-03 13:14:00,132.674,132.648,132.675,132.623,132.697,132.671,132.697,132.645,423
2015-11-03 13:14:00,2015-11-03 13:15:00,132.648,132.673,132.685,132.637,132.671,132.695,132.706,132.659,306
2015-11-03 13:15:00,2015-11-03 13:16:00,132.673,132.644,132.673,132.644,132.695,132.666,132.694,132.664,178
2015-11-03 13:16:00,2015-11-03 13:17:00,132.644,132.622,132.645,132.621,132.666,132.646,132.666,132.643,266
2015-11-03 13:17:00,2015-11-03 13:18:00,132.622,132.622,132.628,132.614,132.646,132.643,132.651,132.633,242
2015-11-03 13:18:00,2015-11-03 13:19:00,132.622,132.625,132.633,132.615,132.643,132.647,132.654,132.633,287
2015-11-03 13:19:00,2015-11-03 13:20:00,132.625,132.632,132.637,132.62,132.647,132.654,132.658,132.642,339
2015-11-03 13:20:00,2015-11-03 13:21:00,132.632,132.624,132.635,132.624,132.654,132.644,132.657,132.643,220
2015-11-03 13:21:00,2015-11-03 13:22:00,132.624,132.627,132.628,132.618,132.644,132.648,132.651,132.641,142
2015-11-03 13:22:00,2015-11-03 13:23:00,132.627,132.624,132.631,132.618,132.648,132.646,132.652,132.637,241
2015-11-03 13:23:00,2015-11-03 13:24:00,132.624,132.615,132.624,132.613,132.646,132.635,132.646,132.634,168
2015-11-03 13:24:00,2015-11-03 13:25:00,132.615,132.612,132.622,132.605,132.635,132.633,132.644,132.625,277
2015-11-03 13:25:00,2015-11-03 13:26:00,132.612,132.626,132.631,132.607,132.633,132.648,132.653,132.63,286
2015-11-03 13:26:00,2015-11-03 13:27:00,132.626,132.616,132.629,132.613,132.648,132.637,132.649,132.635,235
2015-11-03 13:27:00,2015-11-03 13:28:00,132.616,132.599,132.626,132.588,132.637,132.622,132.648,132.609,418
2015-11-03 13:28:00,2015-11-03 13:29:00,132.599,132.596,132.609,132.596,132.622,132.616,132.633,132.616,202
2015-11-03 13:29:00,2015-11-03 13:30:00,132.596,132.567,132.6,132.56,132.616,132.588,132.621,132.581,460
2015-11-03 13:30:00,2015-11-03 13:31:00,132.567,132.574,132.577,132.558,132.588,132.597,132.6,132.58,304
2015-11-03 13:31:00,2015-11-03 13:32:00,132.574,132.586,132.59,132.568,132.597,132.607,132.611,132.588,301
2015-11-03 13:32:00,2015-11-03 13:33:00,132.586,132.603,132.606,132.579,132.607,132.622,132.624,132.599,256
2015-11-03 13:33:00,2015-11-03 13:34:00,132.603,132.578,132.606,132.569,132.622,132.598,132.623,132.588,360
2015-11-03 13:34:00,2015-11-03 13:35:00,132.578,132.585,132.594,132.567,132.598,132.606,132.614,132.587,467
2015-11-03 13:35:00,2015-11-03 13:36:00,132.585,132.599,132.602,132.582,132.606,132.62,132.622,132.602,399
2015-11-03 13:36:00,2015-11-03 13:37:00,132.599,132.604,132.605,132.569,132.62,132.622,132.627,132.588,387
2015-11-03 13:37:00,2015-11-03 13:38:00,132.604,132.605,132.609,132.596,132.622,132.624,132.629,132.616,301
2015-11-03 13:38:00,2015-11-03 13:39:00,132.605,132.609,132.614,132.599,132.624,132.632,132.637,132.621,282
2015-11-03 13:39:00,2015-11-03 13:40:00,132.609,132.596,132.609,132.591,132.632,132.619,132.631,132.612,364
2015-11-03 13:40:00,2015-11-03 13:41:00,132.596,132.604,132.609,132.595,132.619,132.626,132.631,132.615,434
2015-11-03 13:41:00,2015-11-03 13:42:00,132.604,132.599,132.606,132.591,132.626,132.621,132.628,132.611,343
2015-11-03 13:42:00,2015-11-03 13:43:00,132.599,132.601,132.608,132.592,132.621,132.623,132.63,132.613,241
2015-11-03 13:43:00,2015-11-03 13:44:00,132.601,132.588,132.601,132.575,132.623,132.608,132.622,132.597,321
2015-11-03 13:44:00,2015-11-03 13:45:00,132.588,132.609,132.611,132.589,132.608,132.632,132.632,132.608,302
2015-11-03 13:45:00,2015-11-03 13:46:00,132.609,132.618,132.628,132.594,132.632,132.639,132.649,132.616,319
2015-11-03 13:46:00,2015-11-03 13:47:00,132.618,132.652,132.659,132.608,132.639,132.672,132.68,132.63,383
2015-11-03 13:47:00,2015-11-03 13:48:00,132.652,132.655,132.656,132.645,132.672,132.676,132.677,132.667,170
2015-11-03 13:48:00,2015-11-03 13:49:00,132.655,132.636,132.657,132.635,132.676,132.659,132.679,132.658,379
2015-11-03 13:49:00,2015-11-03 13:50:00,132.636,132.642,132.669,132.633,132.659,132.664,132.688,132.655,485
2015-11-03 13:50:00,2015-11-03 13:51:00,132.642,132.642,132.657,132.627,132.664,132.665,132.68,132.648,397
2015-11-03 13:51:00,2015-11-03 13:52:00,132.642,132.656,132.661,132.642,132.665,132.678,132.681,132.664,317
2015-11-03 13:52:00,2015-11-03 13:53:00,132.656,132.676,132.685,132.654,132.678,132.698,132.706,132.676,278
2015-11-03 13:53:00,2015-11-03 13:54:00,132.676,132.72,132.723,132.674,132.698,132.737,132.741,132.694,286
2015-11-03 13:54:00,2015-11-03 13:55:00,132.72,132.725,132.73,132.709,132.737,132.746,132.752,132.724,294
2015-11-03 13:55:00,2015-11-03 13:56:00,132.725,132.743,132.759,132.719,132.746,132.765,132.779,132.742,439
2015-11-03 13:56:00,2015-11-03 13:57:00,132.743,132.732,132.751,132.724,132.765,132.753,132.773,132.746,384
2015-11-03 13:57:00,2015-11-03 13:58:00,132.732,132.723,132.738,132.72,132.753,132.745,132.76,132.742,315
2015-11-03 13:58:00,2015-11-03 13:59:00,132.723,132.728,132.731,132.716,132.745,132.748,132.752,132.737,304
2015-11-03 13:59:00,2015-11-03 14:00:00,132.728,132.701,132.729,132.687,132.748,132.723,132.751,132.708,441
2015-11-03 14:00:00,2015-11-03 14:01:00,132.701,132.707,132.716,132.694,132.723,132.729,132.737,132.715,393
2015-11-03 14:01:00,2015-11-03 14:02:00,132.707,132.705,132.713,132.69,132.729,132.725,132.734,132.713,217
2015-11-03 14:02:00,2015-11-03 14:03:00,132.705,132.713,132.726,132.7,132.725,132.735,132.748,132.721,371
2015-11-03 14:03:00,2015-11-03 14:04:00,132.713,132.715,132.729,132.706,132.735,132.737,132.751,132.728,311
2015-11-03 14:04:00,2015-11-03 14:05:00,132.715,132.696,132.716,132.695,132.737,132.717,132.737,132.714,294
2015-11-03 14:05:00,2015-11-03 14:06:00,132.696,132.696,132.708,132.686,132.717,132.715,132.73,132.706,295
2015-11-03 14:06:00,2015-11-03 14:07:00,132.696,132.689,132.702,132.681,132.715,132.711,132.724,132.702,442
2015-11-03 14:07:00,2015-11-03 14:08:00,132.689,132.723,132.728,132.686,132.711,132.744,132.751,132.708,378
2015-11-03 14:08:00,2015-11-03 14:09:00,132.723,132.737,132.74,132.719,132.744,132.756,132.763,132.742,398
2015-11-03 14:09:00,2015-11-03 14:10:00,132.737,132.724,132.742,132.723,132.756,132.744,132.76,132.743,492
2015-11-03 14:10:00,2015-11-03 14:11:00,132.724,132.733,132.738,132.721,132.744,132.754,132.76,132.742,371
2015-11-03 14:11:00,2015-11-03 14:12:00,132.733,132.751,132.757,132.724,132.754,132.773,132.778,132.741,391
2015-11-03 14:12:00,2015-11-03 14:13:00,132.751,132.723,132.751,132.721,132.773,132.744,132.773,132.742,455
2015-11-03 14:13:00,2015-11-03 14:14:00,132.723,132.695,132.724,132.691,132.744,132.716,132.743,132.709,338
2015-11-03 14:14:00,2015-11-03 14:15:00,132.695,132.703,132.703,132.688,132.716,132.723,132.723,132.709,197
2015-11-03 14:15:00,2015-11-03 14:16:00,132.703,132.729,132.729,132.699,132.723,132.749,132.749,132.72,261
2015-11-03 14:16:00,2015-11-03 14:17:00,132.729,132.713,132.73,132.695,132.749,132.735,132.75,132.718,355
2015-11-03 14:17:00,2015-11-03 14:18:00,132.713,132.726,132.728,132.701,132.735,132.748,132.748,132.724,319
2015-11-03 14:18:00,2015-11-03 14:19:00,132.726,132.737,132.75,132.72,132.748,132.76,132.771,132.743,309
2015-11-03 14:19:00,2015-11-03 14:20:00,132.737,132.75,132.757,132.736,132.76,132.769,132.778,132.758,291
2015-11-03 14:20:00,2015-11-03 14:21:00,132.75,132.756,132.761,132.739,132.769,132.775,132.78,132.759,215
2015-11-03 14:21:00,2015-11-03 14:22:00,132.756,132.766,132.766,132.75,132.775,132.786,132.786,132.771,313
2015-11-03 14:22:00,2015-11-03 14:23:00,132.766,132.763,132.778,132.756,132.786,132.786,132.798,132.776,181
2015-11-03 14:23:00,2015-11-03 14:24:00,132.763,132.756,132.766,132.754,132.786,132.775,132.787,132.775,176
2015-11-03 14:24:00,2015-11-03 14:25:00,132.756,132.749,132.762,132.748,132.775,132.772,132.784,132.771,268
2015-11-03 14:25:00,2015-11-03 14:26:00,132.749,132.764,132.772,132.74,132.772,132.787,132.792,132.762,257
2015-11-03 14:26:00,2015-11-03 14:27:00,132.764,132.765,132.778,132.755,132.787,132.787,132.798,132.777,369
2015-11-03 14:27:00,2015-11-03 14:28:00,132.765,132.76,132.773,132.754,132.787,132.779,132.792,132.776,279
2015-11-03 14:28:00,2015-11-03 14:29:00,132.76,132.74,132.763,132.73,132.779,132.76,132.785,132.753,457
2015-11-03 14:29:00,2015-11-03 14:30:00,132.74,132.71,132.742,132.706,132.76,132.732,132.764,132.728,355
2015-11-03 14:30:00,2015-11-03 14:31:00,132.71,132.723,132.733,132.702,132.732,132.745,132.754,132.724,418
2015-11-03 14:31:00,2015-11-03 14:32:00,132.723,132.745,132.747,132.717,132.745,132.766,132.769,132.739,230
2015-11-03 14:32:00,2015-11-03 14:33:00,132.745,132.728,132.747,132.725,132.766,132.749,132.769,132.744,206
2015-11-03 14:33:00,2015-11-03 14:34:00,132.728,132.74,132.757,132.727,132.749,132.762,132.779,132.749,408
2015-11-03 14:34:00,2015-11-03 14:35:00,132.74,132.739,132.747,132.73,132.762,132.759,132.768,132.752,375
2015-11-03 14:35:00,2015-11-03 14:36:00,132.739,132.712,132.75,132.707,132.759,132.732,132.773,132.727,398
2015-11-03 14:36:00,2015-11-03 14:37:00,132.712,132.668,132.719,132.665,132.732,132.685,132.741,132.684,601
2015-11-03 14:37:00,2015-11-03 14:38:00,132.668,132.68,132.686,132.666,132.685,132.701,132.706,132.685,472
2015-11-03 14:38:00,2015-11-03 14:39:00,132.68,132.682,132.686,132.673,132.701,132.706,132.709,132.693,437
2015-11-03 14:39:00,2015-11-03 14:40:00,132.682,132.689,132.706,132.68,132.706,132.709,132.728,132.702,397
2015-11-03 14:40:00,2015-11-03 14:41:00,132.689,132.679,132.698,132.665,132.709,132.7,132.72,132.688,549
2015-11-03 14:41:00,2015-11-03 14:42:00,132.679,132.718,132.719,132.673,132.7,132.737,132.74,132.695,381
2015-11-03 14:42:00,2015-11-03 14:43:00,132.718,132.717,132.724,132.708,132.737,132.738,132.745,132.728,297
2015-11-03 14:43:00,2015-11-03 14:44:00,132.717,132.707,132.718,132.7,132.738,132.729,132.74,132.72,287
2015-11-03 14:44:00,2015-11-03 14:45:00,132.707,132.696,132.707,132.673,132.729,132.718,132.729,132.694,437
2015-11-03 14:45:00,2015-11-03 14:46:00,132.696,132.707,132.713,132.696,132.718,132.73,132.736,132.718,379
2015-11-03 14:46:00,2015-11-03 14:47:00,132.707,132.691,132.708,132.681,132.73,132.714,132.73,132.7,314
2015-11-03 14:47:00,2015-11-03 14:48:00,132.691,132.703,132.707,132.682,132.714,132.725,132.729,132.703,319
2015-11-03 14:48:00,2015-11-03 14:49:00,132.703,132.701,132.714,132.701,132.725,132.723,132.738,132.723,226
2015-11-03 14:49:00,2015-11-03 14:50:00,132.701,132.662,132.703,132.638,132.723,132.685,132.727,132.66,731
2015-11-03 14:50:00,2015-11-03 14:51:00,132.662,132.624,132.672,132.623,132.685,132.646,132.695,132.646,524
2015-11-03 14:51:00,2015-11-03 14:52:00,132.624,132.61,132.635,132.601,132.646,132.631,132.658,132.62,766
2015-11-03 14:52:00,2015-11-03 14:53:00,132.61,132.625,132.636,132.61,132.631,132.647,132.657,132.629,591
2015-11-03 14:53:00,2015-11-03 14:54:00,132.625,132.641,132.655,132.625,132.647,132.662,132.676,132.645,627
2015-11-03 14:54:00,2015-11-03 14:55:00,132.641,132.624,132.643,132.608,132.662,132.647,132.664,132.628,643
2015-11-03 14:55:00,2015-11-03 14:56:00,132.624,132.598,132.632,132.593,132.647,132.618,132.654,132.613,504
2015-11-03 14:56:00,2015-11-03 14:57:00,132.598,132.576,132.61,132.558,132.618,132.594,132.631,132.579,597
2015-11-03 14:57:00,2015-11-03 14:58:00,132.576,132.599,132.599,132.558,132.594,132.62,132.622,132.576,534
2015-11-03 14:58:00,2015-11-03 14:59:00,132.599,132.59,132.618,132.586,132.62,132.634,132.64,132.611,613
2015-11-03 14:59:00,2015-11-03 15:00:00,132.59,132.59,132.611,132.575,132.634,132.612,132.639,132.599,941
2015-11-03 15:00:00,2015-11-03 15:01:00,132.59,132.596,132.615,132.589,132.612,132.616,132.633,132.611,595
2015-11-03 15:01:00,2015-11-03 15:02:00,132.596,132.591,132.624,132.582,132.616,132.612,132.642,132.604,405
2015-11-03 15:02:00,2015-11-03 15:03:00,132.591,132.565,132.591,132.552,132.612,132.586,132.609,132.573,378
2015-11-03 15:03:00,2015-11-03 15:04:00,132.565,132.556,132.571,132.552,132.586,132.576,132.592,132.574,339
2015-11-03 15:04:00,2015-11-03 15:05:00,132.556,132.559,132.575,132.556,132.576,132.581,132.597,132.576,323
2015-11-03 15:05:00,2015-11-03 15:06:00,132.559,132.568,132.572,132.552,132.581,132.591,132.595,132.57,418
2015-11-03 15:06:00,2015-11-03 15:07:00,132.568,132.592,132.593,132.567,132.591,132.613,132.613,132.59,384
2015-11-03 15:07:00,2015-11-03 15:08:00,132.592,132.632,132.637,132.585,132.613,132.654,132.656,132.608,469
2015-11-03 15:08:00,2015-11-03 15:09:00,132.632,132.615,132.632,132.603,132.654,132.636,132.653,132.625,360
2015-11-03 15:09:00,2015-11-03 15:10:00,132.615,132.631,132.641,132.607,132.636,132.654,132.659,132.628,365
2015-11-03 15:10:00,2015-11-03 15:11:00,132.631,132.665,132.674,132.62,132.654,132.684,132.695,132.642,406
2015-11-03 15:11:00,2015-11-03 15:12:00,132.665,132.674,132.679,132.653,132.684,132.695,132.7,132.671,480
2015-11-03 15:12:00,2015-11-03 15:13:00,132.674,132.658,132.684,132.651,132.695,132.679,132.705,132.672,422
2015-11-03 15:13:00,2015-11-03 15:14:00,132.658,132.653,132.665,132.648,132.679,132.674,132.686,132.668,361
2015-11-03 15:14:00,2015-11-03 15:15:00,132.653,132.659,132.674,132.648,132.674,132.68,132.697,132.671,413
2015-11-03 15:15:00,2015-11-03 15:16:00,132.659,132.649,132.664,132.648,132.68,132.669,132.685,132.669,276
2015-11-03 15:16:00,2015-11-03 15:17:00,132.649,132.632,132.663,132.629,132.669,132.652,132.685,132.651,445
2015-11-03 15:17:00,2015-11-03 15:18:00,132.632,132.635,132.649,132.631,132.652,132.656,132.671,132.652,380
2015-11-03 15:18:00,2015-11-03 15:19:00,132.635,132.599,132.638,132.59,132.656,132.621,132.661,132.61,434
2015-11-03 15:19:00,2015-11-03 15:20:00,132.599,132.58,132.611,132.57,132.621,132.603,132.632,132.592,638
2015-11-03 15:20:00,2015-11-03 15:21:00,132.58,132.564,132.587,132.547,132.603,132.586,132.607,132.57,543
2015-11-03 15:21:00,2015-11-03 15:22:00,132.564,132.573,132.583,132.561,132.586,132.594,132.604,132.583,387
2015-11-03 15:22:00,2015-11-03 15:23:00,132.573,132.566,132.578,132.56,132.594,132.586,132.6,132.578,377
2015-11-03 15:23:00,2015-11-03 15:24:00,132.566,132.581,132.6,132.566,132.586,132.604,132.62,132.585,449
2015-11-03 15:24:00,2015-11-03 15:25:00,132.581,132.591,132.61,132.573,132.604,132.608,132.63,132.592,460
2015-11-03 15:25:00,2015-11-03 15:26:00,132.591,132.59,132.619,132.589,132.608,132.612,132.639,132.608,264
2015-11-03 15:26:00,2015-11-03 15:27:00,132.59,132.584,132.591,132.566,132.612,132.605,132.614,132.588,448
2015-11-03 15:27:00,2015-11-03 15:28:00,132.584,132.606,132.614,132.584,132.605,132.63,132.636,132.605,428
2015-11-03 15:28:00,2015-11-03 15:29:00,132.606,132.62,132.637,132.582,132.63,132.641,132.657,132.605,491
2015-11-03 15:29:00,2015-11-03 15:30:00,132.62,132.61,132.626,132.606,132.641,132.632,132.647,132.629,281
2015-11-03 15:30:00,2015-11-03 15:31:00,132.61,132.611,132.629,132.604,132.632,132.633,132.65,132.626,443
2015-11-03 15:31:00,2015-11-03 15:32:00,132.611,132.599,132.611,132.573,132.633,132.619,132.632,132.596,366
2015-11-03 15:32:00,2015-11-03 15:33:00,132.599,132.577,132.614,132.574,132.619,132.596,132.634,132.594,300
2015-11-03 15:33:00,2015-11-03 15:34:00,132.577,132.586,132.597,132.575,132.596,132.609,132.619,132.595,348
2015-11-03 15:34:00,2015-11-03 15:35:00,132.586,132.608,132.615,132.58,132.609,132.63,132.637,132.603,375
2015-11-03 15:35:00,2015-11-03 15:36:00,132.608,132.574,132.607,132.564,132.63,132.596,132.63,132.585,258
2015-11-03 15:36:00,2015-11-03 15:37:00,132.574,132.547,132.584,132.547,132.596,132.57,132.607,132.57,333
2015-11-03 15:37:00,2015-11-03 15:38:00,132.547,132.556,132.563,132.545,132.57,132.578,132.586,132.566,268
2015-11-03 15:38:00,2015-11-03 15:39:00,132.556,132.554,132.566,132.535,132.578,132.575,132.589,132.556,296
2015-11-03 15:39:00,2015-11-03 15:40:00,132.554,132.563,132.568,132.554,132.575,132.585,132.59,132.572,247
2015-11-03 15:40:00,2015-11-03 15:41:00,132.563,132.563,132.578,132.558,132.585,132.585,132.6,132.58,371
2015-11-03 15:41:00,2015-11-03 15:42:00,132.563,132.587,132.595,132.563,132.585,132.609,132.617,132.585,219
2015-11-03 15:42:00,2015-11-03 15:43:00,132.587,132.577,132.587,132.569,132.609,132.598,132.609,132.592,199
2015-11-03 15:43:00,2015-11-03 15:44:00,132.577,132.599,132.599,132.578,132.598,132.621,132.621,132.598,204
2015-11-03 15:44:00,2015-11-03 15:45:00,132.599,132.595,132.606,132.591,132.621,132.617,132.628,132.614,232
2015-11-03 15:45:00,2015-11-03 15:46:00,132.595,132.616,132.619,132.595,132.617,132.637,132.64,132.618,277
2015-11-03 15:46:00,2015-11-03 15:47:00,132.616,132.631,132.643,132.615,132.637,132.651,132.663,132.634,301
2015-11-03 15:47:00,2015-11-03 15:48:00,132.631,132.613,132.64,132.611,132.651,132.636,132.659,132.631,309
2015-11-03 15:48:00,2015-11-03 15:49:00,132.613,132.627,132.633,132.599,132.636,132.649,132.654,132.619,294
2015-11-03 15:49:00,2015-11-03 15:50:00,132.627,132.643,132.647,132.616,132.649,132.666,132.669,132.639,297
2015-11-03 15:50:00,2015-11-03 15:51:00,132.643,132.65,132.653,132.635,132.666,132.672,132.674,132.659,303
2015-11-03 15:51:00,2015-11-03 15:52:00,132.65,132.659,132.66,132.647,132.672,132.681,132.682,132.669,255
2015-11-03 15:52:00,2015-11-03 15:53:00,132.659,132.662,132.666,132.655,132.681,132.685,132.688,132.677,222
2015-11-03 15:53:00,2015-11-03 15:54:00,132.662,132.668,132.673,132.654,132.685,132.688,132.693,132.675,280
2015-11-03 15:54:00,2015-11-03 15:55:00,132.668,132.659,132.669,132.649,132.688,132.681,132.689,132.669,210
2015-11-03 15:55:00,2015-11-03 15:56:00,132.659,132.691,132.691,132.657,132.681,132.713,132.713,132.679,406
2015-11-03 15:56:00,2015-11-03 15:57:00,132.691,132.676,132.715,132.676,132.713,132.698,132.735,132.698,514
2015-11-03 15:57:00,2015-11-03 15:58:00,132.676,132.67,132.678,132.66,132.698,132.692,132.698,132.683,323
2015-11-03 15:58:00,2015-11-03 15:59:00,132.67,132.669,132.675,132.662,132.692,132.691,132.696,132.683,262
2015-11-03 15:59:00,2015-11-03 16:00:00,132.669,132.677,132.688,132.664,132.691,132.696,132.708,132.685,469
2015-11-03 16:00:00,2015-11-03 16:01:00,132.677,132.684,132.685,132.672,132.696,132.705,132.706,132.693,292
2015-11-03 16:01:00,2015-11-03 16:02:00,132.684,132.726,132.727,132.672,132.705,132.746,132.746,132.693,421
2015-11-03 16:02:00,2015-11-03 16:03:00,132.726,132.691,132.728,132.69,132.746,132.711,132.747,132.71,319
2015-11-03 16:03:00,2015-11-03 16:04:00,132.691,132.685,132.716,132.681,132.711,132.705,132.735,132.702,363
2015-11-03 16:04:00,2015-11-03 16:05:00,132.685,132.673,132.69,132.669,132.705,132.695,132.71,132.69,441
2015-11-03 16:05:00,2015-11-03 16:06:00,132.673,132.658,132.673,132.656,132.695,132.68,132.694,132.677,306
2015-11-03 16:06:00,2015-11-03 16:07:00,132.658,132.661,132.671,132.656,132.68,132.681,132.692,132.677,326
2015-11-03 16:07:00,2015-11-03 16:08:00,132.661,132.616,132.662,132.604,132.681,132.638,132.683,132.624,358
2015-11-03 16:08:00,2015-11-03 16:09:00,132.616,132.619,132.628,132.61,132.638,132.642,132.65,132.631,366
2015-11-03 16:09:00,2015-11-03 16:10:00,132.619,132.61,132.628,132.594,132.642,132.631,132.648,132.615,438
2015-11-03 16:10:00,2015-11-03 16:11:00,132.61,132.642,132.647,132.606,132.631,132.663,132.667,132.628,315
2015-11-03 16:11:00,2015-11-03 16:12:00,132.642,132.631,132.66,132.631,132.663,132.652,132.682,132.651,315
2015-11-03 16:12:00,2015-11-03 16:13:00,132.631,132.608,132.631,132.594,132.652,132.63,132.652,132.616,287
2015-11-03 16:13:00,2015-11-03 16:14:00,132.608,132.622,132.626,132.601,132.63,132.644,132.649,132.622,239
2015-11-03 16:14:00,2015-11-03 16:15:00,132.622,132.611,132.622,132.6,132.644,132.633,132.643,132.622,370
2015-11-03 16:15:00,2015-11-03 16:16:00,132.611,132.637,132.65,132.607,132.633,132.658,132.67,132.629,361
2015-11-03 16:16:00,2015-11-03 16:17:00,132.637,132.678,132.678,132.635,132.658,132.699,132.7,132.655,384
2015-11-03 16:17:00,2015-11-03 16:18:00,132.678,132.665,132.681,132.66,132.699,132.686,132.702,132.682,331
2015-11-03 16:18:00,2015-11-03 16:19:00,132.665,132.693,132.701,132.658,132.686,132.716,132.723,132.679,449
2015-11-03 16:19:00,2015-11-03 16:20:00,132.693,132.671,132.693,132.668,132.716,132.692,132.716,132.691,260
2015-11-03 16:20:00,2015-11-03 16:21:00,132.671,132.684,132.688,132.668,132.692,132.705,132.71,132.69,267
2015-11-03 16:21:00,2015-11-03 16:22:00,132.684,132.651,132.684,132.642,132.705,132.672,132.706,132.662,261
2015-11-03 16:22:00,2015-11-03 16:23:00,132.651,132.659,132.661,132.641,132.672,132.68,132.682,132.662,352
2015-11-03 16:23:00,2015-11-03 16:24:00,132.659,132.684,132.685,132.655,132.68,132.705,132.708,132.676,232
2015-11-03 16:24:00,2015-11-03 16:25:00,132.684,132.701,132.704,132.684,132.705,132.721,132.725,132.705,222
2015-11-03 16:25:00,2015-11-03 16:26:00,132.701,132.678,132.703,132.671,132.721,132.7,132.725,132.694,222
2015-11-03 16:26:00,2015-11-03 16:27:00,132.678,132.675,132.687,132.67,132.7,132.696,132.709,132.691,249
2015-11-03 16:27:00,2015-11-03 16:28:00,132.675,132.686,132.687,132.674,132.696,132.706,132.707,132.695,208
2015-11-03 16:28:00,2015-11-03 16:29:00,132.686,132.712,132.712,132.685,132.706,132.733,132.735,132.706,249
2015-11-03 16:29:00,2015-11-03 16:30:00,132.712,132.718,132.718,132.704,132.733,132.74,132.74,132.723,231
2015-11-03 16:30:00,2015-11-03 16:31:00,132.718,132.722,132.722,132.701,132.74,132.745,132.745,132.723,210
2015-11-03 16:31:00,2015-11-03 16:32:00,132.722,132.684,132.722,132.681,132.745,132.705,132.745,132.701,247
2015-11-03 16:32:00,2015-11-03 16:33:00,132.684,132.693,132.706,132.68,132.705,132.714,132.725,132.702,225
2015-11-03 16:33:00,2015-11-03 16:34:00,132.693,132.703,132.706,132.673,132.714,132.725,132.727,132.694,267
2015-11-03 16:34:00,2015-11-03 16:35:00,132.703,132.699,132.706,132.687,132.725,132.718,132.726,132.709,233
2015-11-03 16:35:00,2015-11-03 16:36:00,132.699,132.693,132.71,132.692,132.718,132.71,132.73,132.71,215
2015-11-03 16:36:00,2015-11-03 16:37:00,132.693,132.686,132.707,132.686,132.71,132.708,132.728,132.708,280
2015-11-03 16:37:00,2015-11-03 16:38:00,132.686,132.678,132.688,132.67,132.708,132.698,132.708,132.692,195
2015-11-03 16:38:00,2015-11-03 16:39:00,132.678,132.673,132.689,132.671,132.698,132.696,132.71,132.692,247
2015-11-03 16:39:00,2015-11-03 16:40:00,132.673,132.694,132.695,132.672,132.696,132.715,132.716,132.693,196
2015-11-03 16:40:00,2015-11-03 16:41:00,132.694,132.715,132.717,132.694,132.715,132.736,132.736,132.714,152
2015-11-03 16:41:00,2015-11-03 16:42:00,132.715,132.689,132.715,132.686,132.736,132.712,132.736,132.707,264
2015-11-03 16:42:00,2015-11-03 16:43:00,132.689,132.676,132.701,132.674,132.712,132.698,132.723,132.693,228
2015-11-03 16:43:00,2015-11-03 16:44:00,132.676,132.668,132.684,132.668,132.698,132.687,132.707,132.687,285
2015-11-03 16:44:00,2015-11-03 16:45:00,132.668,132.647,132.668,132.635,132.687,132.666,132.687,132.657,544
2015-11-03 16:45:00,2015-11-03 16:46:00,132.647,132.657,132.668,132.637,132.666,132.679,132.69,132.657,295
2015-11-03 16:46:00,2015-11-03 16:47:00,132.657,132.626,132.656,132.623,132.679,132.649,132.679,132.645,266
2015-11-03 16:47:00,2015-11-03 16:48:00,132.626,132.628,132.649,132.626,132.649,132.651,132.671,132.648,364
2015-11-03 16:48:00,2015-11-03 16:49:00,132.628,132.607,132.634,132.601,132.651,132.626,132.655,132.622,277
2015-11-03 16:49:00,2015-11-03 16:50:00,132.607,132.633,132.638,132.607,132.626,132.651,132.658,132.629,276
2015-11-03 16:50:00,2015-11-03 16:51:00,132.633,132.639,132.646,132.633,132.651,132.661,132.665,132.651,306
2015-11-03 16:51:00,2015-11-03 16:52:00,132.639,132.652,132.653,132.635,132.661,132.675,132.675,132.658,272
2015-11-03 16:52:00,2015-11-03 16:53:00,132.652,132.665,132.671,132.649,132.675,132.688,132.693,132.672,214
2015-11-03 16:53:00,2015-11-03 16:54:00,132.665,132.631,132.665,132.631,132.688,132.653,132.689,132.653,190
2015-11-03 16:54:00,2015-11-03 16:55:00,132.631,132.656,132.664,132.628,132.653,132.675,132.682,132.645,266
2015-11-03 16:55:00,2015-11-03 16:56:00,132.656,132.642,132.658,132.641,132.675,132.662,132.675,132.66,144
2015-11-03 16:56:00,2015-11-03 16:57:00,132.642,132.665,132.673,132.637,132.662,132.687,132.692,132.656,292
2015-11-03 16:57:00,2015-11-03 16:58:00,132.665,132.652,132.668,132.652,132.687,132.674,132.689,132.674,192
2015-11-03 16:58:00,2015-11-03 16:59:00,132.652,132.646,132.668,132.641,132.674,132.667,132.688,132.662,233
2015-11-03 16:59:00,2015-11-03 17:00:00,132.646,132.678,132.681,132.645,132.667,132.701,132.703,132.666,291
2015-11-03 17:00:00,2015-11-03 17:01:00,132.678,132.677,132.681,132.664,132.701,132.699,132.703,132.687,195
2015-11-03 17:01:00,2015-11-03 17:02:00,132.677,132.656,132.682,132.655,132.699,132.679,132.703,132.676,220
2015-11-03 17:02:00,2015-11-03 17:03:00,132.656,132.642,132.657,132.642,132.679,132.664,132.679,132.664,146
2015-11-03 17:03:00,2015-11-03 17:04:00,132.642,132.656,132.657,132.642,132.664,132.678,132.679,132.665,122
2015-11-03 17:04:00,2015-11-03 17:05:00,132.656,132.665,132.694,132.654,132.678,132.69,132.717,132.677,260
2015-11-03 17:05:00,2015-11-03 17:06:00,132.665,132.687,132.701,132.665,132.69,132.71,132.72,132.688,281
2015-11-03 17:06:00,2015-11-03 17:07:00,132.687,132.689,132.699,132.685,132.71,132.706,132.719,132.706,157
2015-11-03 17:07:00,2015-11-03 17:08:00,132.689,132.666,132.685,132.648,132.706,132.691,132.706,132.673,266
2015-11-03 17:08:00,2015-11-03 17:09:00,132.666,132.642,132.666,132.641,132.691,132.667,132.69,132.665,155
2015-11-03 17:09:00,2015-11-03 17:10:00,132.642,132.678,132.679,132.642,132.667,132.701,132.704,132.666,162
2015-11-03 17:10:00,2015-11-03 17:11:00,132.678,132.671,132.686,132.663,132.701,132.696,132.711,132.684,217
2015-11-03 17:11:00,2015-11-03 17:12:00,132.671,132.687,132.691,132.656,132.696,132.711,132.713,132.679,289
2015-11-03 17:12:00,2015-11-03 17:13:00,132.687,132.684,132.692,132.676,132.711,132.709,132.714,132.698,224
2015-11-03 17:13:00,2015-11-03 17:14:00,132.684,132.663,132.693,132.66,132.709,132.687,132.714,132.684,283
2015-11-03 17:14:00,2015-11-03 17:15:00,132.663,132.643,132.669,132.636,132.687,132.666,132.693,132.661,274
2015-11-03 17:15:00,2015-11-03 17:16:00,132.643,132.643,132.646,132.633,132.666,132.667,132.67,132.658,207
2015-11-03 17:16:00,2015-11-03 17:17:00,132.643,132.633,132.651,132.631,132.667,132.657,132.674,132.654,289
2015-11-03 17:17:00,2015-11-03 17:18:00,132.633,132.624,132.639,132.624,132.657,132.647,132.662,132.647,150
2015-11-03 17:18:00,2015-11-03 17:19:00,132.624,132.609,132.627,132.601,132.647,132.631,132.648,132.623,186
2015-11-03 17:19:00,2015-11-03 17:20:00,132.609,132.637,132.64,132.609,132.631,132.66,132.661,132.632,140
2015-11-03 17:20:00,2015-11-03 17:21:00,132.637,132.61,132.641,132.61,132.66,132.633,132.663,132.633,207
2015-11-03 17:21:00,2015-11-03 17:22:00,132.61,132.621,132.622,132.607,132.633,132.643,132.644,132.631,110
2015-11-03 17:22:00,2015-11-03 17:23:00,132.621,132.598,132.622,132.594,132.643,132.621,132.645,132.617,172
2015-11-03 17:23:00,2015-11-03 17:24:00,132.598,132.605,132.612,132.59,132.621,132.629,132.634,132.613,307
2015-11-03 17:24:00,2015-11-03 17:25:00,132.605,132.633,132.634,132.605,132.629,132.658,132.658,132.629,230
2015-11-03 17:25:00,2015-11-03 17:26:00,132.633,132.617,132.633,132.615,132.658,132.642,132.655,132.637,236
2015-11-03 17:26:00,2015-11-03 17:27:00,132.617,132.628,132.629,132.604,132.642,132.651,132.651,132.627,259
2015-11-03 17:27:00,2015-11-03 17:28:00,132.628,132.649,132.651,132.611,132.651,132.673,132.673,132.633,380
2015-11-03 17:28:00,2015-11-03 17:29:00,132.649,132.662,132.674,132.646,132.673,132.686,132.695,132.669,196
2015-11-03 17:29:00,2015-11-03 17:30:00,132.662,132.681,132.691,132.657,132.686,132.706,132.711,132.681,409
2015-11-03 17:30:00,2015-11-03 17:31:00,132.681,132.675,132.696,132.674,132.706,132.697,132.719,132.697,284
2015-11-03 17:31:00,2015-11-03 17:32:00,132.675,132.706,132.707,132.671,132.697,132.73,132.731,132.693,374
2015-11-03 17:32:00,2015-11-03 17:33:00,132.706,132.743,132.758,132.703,132.73,132.768,132.783,132.723,531
2015-11-03 17:33:00,2015-11-03 17:34:00,132.743,132.746,132.756,132.735,132.768,132.77,132.779,132.758,440
2015-11-03 17:34:00,2015-11-03 17:35:00,132.746,132.679,132.745,132.678,132.77,132.703,132.77,132.703,486
2015-11-03 17:35:00,2015-11-03 17:36:00,132.679,132.672,132.7,132.664,132.703,132.694,132.72,132.686,324
2015-11-03 17:36:00,2015-11-03 17:37:00,132.672,132.659,132.672,132.651,132.694,132.676,132.693,132.671,232
2015-11-03 17:37:00,2015-11-03 17:38:00,132.659,132.643,132.66,132.627,132.676,132.665,132.679,132.648,277
2015-11-03 17:38:00,2015-11-03 17:39:00,132.643,132.654,132.658,132.638,132.665,132.676,132.68,132.662,205
2015-11-03 17:39:00,2015-11-03 17:40:00,132.654,132.647,132.659,132.64,132.676,132.671,132.681,132.661,256
2015-11-03 17:40:00,2015-11-03 17:41:00,132.647,132.634,132.651,132.629,132.671,132.656,132.675,132.65,367
2015-11-03 17:41:00,2015-11-03 17:42:00,132.634,132.65,132.657,132.623,132.656,132.673,132.681,132.646,362
2015-11-03 17:42:00,2015-11-03 17:43:00,132.65,132.661,132.667,132.648,132.673,132.683,132.69,132.668,264
2015-11-03 17:43:00,2015-11-03 17:44:00,132.661,132.671,132.672,132.652,132.683,132.693,132.694,132.673,288
2015-11-03 17:44:00,2015-11-03 17:45:00,132.671,132.658,132.677,132.657,132.693,132.677,132.698,132.677,137
2015-11-03 17:45:00,2015-11-03 17:46:00,132.658,132.654,132.659,132.642,132.677,132.677,132.682,132.664,244
2015-11-03 17:46:00,2015-11-03 17:47:00,132.654,132.67,132.672,132.648,132.677,132.693,132.694,132.671,291
2015-11-03 17:47:00,2015-11-03 17:48:00,132.67,132.664,132.679,132.654,132.693,132.687,132.701,132.679,184
2015-11-03 17:48:00,2015-11-03 17:49:00,132.664,132.655,132.663,132.653,132.687,132.678,132.687,132.676,102
2015-11-03 17:49:00,2015-11-03 17:50:00,132.655,132.655,132.67,132.654,132.678,132.678,132.692,132.677,156
2015-11-03 17:50:00,2015-11-03 17:51:00,132.655,132.661,132.663,132.65,132.678,132.684,132.686,132.673,214
2015-11-03 17:51:00,2015-11-03 17:52:00,132.661,132.683,132.683,132.658,132.684,132.705,132.705,132.682,224
2015-11-03 17:52:00,2015-11-03 17:53:00,132.683,132.685,132.689,132.672,132.705,132.708,132.712,132.694,170
2015-11-03 17:53:00,2015-11-03 17:54:00,132.685,132.693,132.696,132.678,132.708,132.716,132.72,132.7,307
2015-11-03 17:54:00,2015-11-03 17:55:00,132.693,132.68,132.703,132.675,132.716,132.7,132.724,132.698,547
2015-11-03 17:55:00,2015-11-03 17:56:00,132.68,132.656,132.69,132.655,132.7,132.678,132.714,132.678,337
2015-11-03 17:56:00,2015-11-03 17:57:00,132.656,132.654,132.657,132.648,132.678,132.676,132.679,132.67,157
2015-11-03 17:57:00,2015-11-03 17:58:00,132.654,132.654,132.663,132.647,132.676,132.674,132.684,132.667,227
2015-11-03 17:58:00,2015-11-03 17:59:00,132.654,132.648,132.654,132.633,132.674,132.671,132.673,132.655,278
2015-11-03 17:59:00,2015-11-03 18:00:00,132.648,132.674,132.683,132.641,132.671,132.697,132.704,132.661,201
2015-11-03 18:00:00,2015-11-03 18:01:00,132.674,132.667,132.683,132.665,132.697,132.688,132.705,132.688,259
2015-11-03 18:01:00,2015-11-03 18:02:00,132.667,132.681,132.685,132.666,132.688,132.703,132.708,132.686,202
2015-11-03 18:02:00,2015-11-03 18:03:00,132.681,132.659,132.684,132.649,132.703,132.683,132.706,132.674,227
2015-11-03 18:03:00,2015-11-03 18:04:00,132.659,132.662,132.67,132.656,132.683,132.687,132.693,132.68,185
2015-11-03 18:04:00,2015-11-03 18:05:00,132.662,132.673,132.673,132.66,132.687,132.695,132.698,132.683,175
2015-11-03 18:05:00,2015-11-03 18:06:00,132.673,132.686,132.689,132.671,132.695,132.709,132.712,132.695,170
2015-11-03 18:06:00,2015-11-03 18:07:00,132.686,132.687,132.704,132.677,132.709,132.711,132.726,132.699,264
2015-11-03 18:07:00,2015-11-03 18:08:00,132.687,132.705,132.72,132.686,132.711,132.727,132.742,132.709,257
2015-11-03 18:08:00,2015-11-03 18:09:00,132.705,132.686,132.709,132.683,132.727,132.709,132.732,132.707,234
2015-11-03 18:09:00,2015-11-03 18:10:00,132.686,132.669,132.685,132.66,132.709,132.693,132.709,132.682,308
2015-11-03 18:10:00,2015-11-03 18:11:00,132.669,132.675,132.68,132.66,132.693,132.698,132.703,132.682,442
2015-11-03 18:11:00,2015-11-03 18:12:00,132.675,132.657,132.677,132.635,132.698,132.681,132.701,132.657,489
2015-11-03 18:12:00,2015-11-03 18:13:00,132.657,132.683,132.684,132.657,132.681,132.706,132.709,132.682,233
2015-11-03 18:13:00,2015-11-03 18:14:00,132.683,132.705,132.711,132.681,132.706,132.729,132.735,132.702,193
2015-11-03 18:14:00,2015-11-03 18:15:00,132.705,132.707,132.714,132.704,132.729,132.729,132.738,132.727,166
2015-11-03 18:15:00,2015-11-03 18:16:00,132.707,132.714,132.714,132.701,132.729,132.737,132.738,132.724,232
2015-11-03 18:16:00,2015-11-03 18:17:00,132.714,132.708,132.714,132.703,132.737,132.732,132.737,132.726,161
2015-11-03 18:17:00,2015-11-03 18:18:00,132.708,132.709,132.712,132.706,132.732,132.735,132.737,132.731,107
2015-11-03 18:18:00,2015-11-03 18:19:00,132.709,132.691,132.708,132.684,132.735,132.715,132.735,132.709,137
2015-11-03 18:19:00,2015-11-03 18:20:00,132.691,132.731,132.738,132.691,132.715,132.756,132.762,132.715,265
2015-11-03 18:20:00,2015-11-03 18:21:00,132.731,132.746,132.758,132.728,132.756,132.77,132.783,132.752,318
2015-11-03 18:21:00,2015-11-03 18:22:00,132.746,132.721,132.749,132.715,132.77,132.743,132.772,132.738,261
2015-11-03 18:22:00,2015-11-03 18:23:00,132.721,132.726,132.729,132.706,132.743,132.747,132.752,132.73,287
2015-11-03 18:23:00,2015-11-03 18:24:00,132.726,132.735,132.739,132.723,132.747,132.756,132.762,132.747,164
2015-11-03 18:24:00,2015-11-03 18:25:00,132.735,132.745,132.745,132.726,132.756,132.767,132.767,132.751,124
2015-11-03 18:25:00,2015-11-03 18:26:00,132.745,132.721,132.748,132.71,132.767,132.744,132.771,132.735,182
2015-11-03 18:26:00,2015-11-03 18:27:00,132.721,132.733,132.734,132.713,132.744,132.757,132.758,132.737,256
2015-11-03 18:27:00,2015-11-03 18:28:00,132.733,132.738,132.738,132.719,132.757,132.758,132.758,132.743,243
2015-11-03 18:28:00,2015-11-03 18:29:00,132.738,132.726,132.739,132.715,132.758,132.747,132.759,132.736,326
2015-11-03 18:29:00,2015-11-03 18:30:00,132.726,132.703,132.737,132.693,132.747,132.726,132.758,132.714,319
2015-11-03 18:30:00,2015-11-03 18:31:00,132.703,132.719,132.721,132.668,132.726,132.742,132.745,132.689,557
2015-11-03 18:31:00,2015-11-03 18:32:00,132.719,132.669,132.73,132.645,132.742,132.694,132.754,132.668,607
2015-11-03 18:32:00,2015-11-03 18:33:00,132.669,132.656,132.686,132.656,132.694,132.682,132.712,132.682,489
2015-11-03 18:33:00,2015-11-03 18:34:00,132.656,132.58,132.656,132.572,132.682,132.605,132.681,132.596,728
2015-11-03 18:34:00,2015-11-03 18:35:00,132.58,132.549,132.599,132.545,132.605,132.574,132.622,132.57,631
2015-11-03 18:35:00,2015-11-03 18:36:00,132.549,132.577,132.581,132.55,132.574,132.601,132.603,132.57,343
2015-11-03 18:36:00,2015-11-03 18:37:00,132.577,132.577,132.58,132.563,132.601,132.598,132.604,132.584,311
2015-11-03 18:37:00,2015-11-03 18:38:00,132.577,132.605,132.605,132.577,132.598,132.628,132.629,132.599,246
2015-11-03 18:38:00,2015-11-03 18:39:00,132.605,132.644,132.644,132.598,132.628,132.664,132.665,132.619,432
2015-11-03 18:39:00,2015-11-03 18:40:00,132.644,132.634,132.659,132.628,132.664,132.657,132.684,132.651,365
2015-11-03 18:40:00,2015-11-03 18:41:00,132.634,132.626,132.647,132.615,132.657,132.651,132.673,132.639,260
2015-11-03 18:41:00,2015-11-03 18:42:00,132.626,132.614,132.636,132.613,132.651,132.636,132.66,132.636,127
2015-11-03 18:42:00,2015-11-03 18:43:00,132.614,132.616,132.616,132.6,132.636,132.641,132.641,132.624,98
2015-11-03 18:43:00,2015-11-03 18:44:00,132.616,132.611,132.617,132.603,132.641,132.635,132.642,132.629,118
2015-11-03 18:44:00,2015-11-03 18:45:00,132.611,132.609,132.615,132.585,132.635,132.633,132.639,132.606,273
2015-11-03 18:45:00,2015-11-03 18:46:00,132.609,132.643,132.645,132.606,132.633,132.666,132.668,132.631,299
2015-11-03 18:46:00,2015-11-03 18:47:00,132.643,132.649,132.661,132.636,132.666,132.673,132.686,132.661,379
2015-11-03 18:47:00,2015-11-03 18:48:00,132.649,132.661,132.661,132.64,132.673,132.685,132.685,132.664,170
2015-11-03 18:48:00,2015-11-03 18:49:00,132.661,132.671,132.671,132.648,132.685,132.695,132.695,132.671,178
2015-11-03 18:49:00,2015-11-03 18:50:00,132.671,132.672,132.672,132.67,132.695,132.696,132.696,132.693,90
2015-11-03 18:50:00,2015-11-03 18:51:00,132.672,132.663,132.674,132.66,132.696,132.686,132.698,132.681,124
2015-11-03 18:51:00,2015-11-03 18:52:00,132.663,132.669,132.684,132.663,132.686,132.691,132.709,132.685,221
2015-11-03 18:52:00,2015-11-03 18:53:00,132.669,132.668,132.677,132.655,132.691,132.692,132.7,132.677,220
2015-11-03 18:53:00,2015-11-03 18:54:00,132.668,132.655,132.669,132.651,132.692,132.679,132.691,132.673,227
2015-11-03 18:54:00,2015-11-03 18:55:00,132.655,132.665,132.667,132.652,132.679,132.688,132.688,132.674,142
2015-11-03 18:55:00,2015-11-03 18:56:00,132.665,132.631,132.666,132.631,132.688,132.655,132.689,132.655,303
2015-11-03 18:56:00,2015-11-03 18:57:00,132.631,132.62,132.632,132.616,132.655,132.644,132.656,132.639,192
2015-11-03 18:57:00,2015-11-03 18:58:00,132.62,132.65,132.65,132.619,132.644,132.673,132.673,132.643,115
2015-11-03 18:58:00,2015-11-03 18:59:00,132.65,132.637,132.65,132.634,132.673,132.661,132.673,132.657,129
2015-11-03 18:59:00,2015-11-03 19:00:00,132.637,132.626,132.636,132.626,132.661,132.652,132.661,132.65,132
2015-11-03 19:00:00,2015-11-03 19:01:00,132.626,132.631,132.644,132.626,132.652,132.653,132.668,132.65,224
2015-11-03 19:01:00,2015-11-03 19:02:00,132.631,132.63,132.638,132.623,132.653,132.652,132.661,132.645,211
2015-11-03 19:02:00,2015-11-03 19:03:00,132.63,132.641,132.642,132.625,132.652,132.663,132.663,132.647,125
2015-11-03 19:03:00,2015-11-03 19:04:00,132.641,132.671,132.671,132.64,132.663,132.694,132.694,132.662,140
2015-11-03 19:04:00,2015-11-03 19:05:00,132.671,132.68,132.682,132.671,132.694,132.698,132.706,132.692,192
2015-11-03 19:05:00,2015-11-03 19:06:00,132.68,132.667,132.682,132.666,132.698,132.689,132.7,132.689,130
2015-11-03 19:06:00,2015-11-03 19:07:00,132.667,132.672,132.681,132.666,132.689,132.695,132.704,132.689,236
2015-11-03 19:07:00,2015-11-03 19:08:00,132.672,132.664,132.672,132.661,132.695,132.687,132.697,132.684,108
2015-11-03 19:08:00,2015-11-03 19:09:00,132.664,132.675,132.675,132.665,132.687,132.698,132.698,132.687,169
2015-11-03 19:09:00,2015-11-03 19:10:00,132.675,132.676,132.686,132.672,132.698,132.699,132.711,132.694,199
2015-11-03 19:10:00,2015-11-03 19:11:00,132.676,132.686,132.687,132.675,132.699,132.711,132.711,132.698,89
2015-11-03 19:11:00,2015-11-03 19:12:00,132.686,132.689,132.695,132.679,132.711,132.711,132.719,132.702,170
2015-11-03 19:12:00,2015-11-03 19:13:00,132.689,132.694,132.695,132.686,132.711,132.719,132.719,132.708,191
2015-11-03 19:13:00,2015-11-03 19:14:00,132.694,132.688,132.696,132.685,132.719,132.712,132.722,132.71,140
2015-11-03 19:14:00,2015-11-03 19:15:00,132.688,132.701,132.702,132.685,132.712,132.725,132.726,132.711,151
2015-11-03 19:15:00,2015-11-03 19:16:00,132.701,132.687,132.702,132.687,132.725,132.712,132.727,132.711,212
2015-11-03 19:16:00,2015-11-03 19:17:00,132.687,132.688,132.69,132.683,132.712,132.711,132.715,132.705,183
2015-11-03 19:17:00,2015-11-03 19:18:00,132.688,132.691,132.707,132.687,132.711,132.718,132.728,132.711,121
2015-11-03 19:18:00,2015-11-03 19:19:00,132.691,132.676,132.692,132.674,132.718,132.7,132.717,132.698,124
2015-11-03 19:19:00,2015-11-03 19:20:00,132.676,132.681,132.688,132.673,132.7,132.704,132.713,132.696,200
2015-11-03 19:20:00,2015-11-03 19:21:00,132.681,132.701,132.708,132.681,132.704,132.725,132.73,132.704,211
2015-11-03 19:21:00,2015-11-03 19:22:00,132.701,132.687,132.708,132.685,132.725,132.71,132.733,132.704,241
2015-11-03 19:22:00,2015-11-03 19:23:00,132.687,132.677,132.688,132.667,132.71,132.7,132.711,132.692,228
2015-11-03 19:23:00,2015-11-03 19:24:00,132.677,132.672,132.686,132.667,132.7,132.695,132.708,132.691,277
2015-11-03 19:24:00,2015-11-03 19:25:00,132.672,132.665,132.673,132.659,132.695,132.69,132.697,132.682,220
2015-11-03 19:25:00,2015-11-03 19:26:00,132.665,132.671,132.688,132.666,132.69,132.696,132.714,132.69,161
2015-11-03 19:26:00,2015-11-03 19:27:00,132.671,132.678,132.683,132.669,132.696,132.704,132.708,132.693,190
2015-11-03 19:27:00,2015-11-03 19:28:00,132.678,132.683,132.686,132.677,132.704,132.706,132.709,132.702,212
2015-11-03 19:28:00,2015-11-03 19:29:00,132.683,132.693,132.693,132.679,132.706,132.717,132.717,132.703,274
2015-11-03 19:29:00,2015-11-03 19:30:00,132.693,132.69,132.701,132.686,132.717,132.713,132.726,132.71,123
2015-11-03 19:30:00,2015-11-03 19:31:00,132.69,132.693,132.702,132.69,132.713,132.716,132.726,132.711,154
2015-11-03 19:31:00,2015-11-03 19:32:00,132.693,132.692,132.696,132.685,132.716,132.714,132.721,132.707,96
2015-11-03 19:32:00,2015-11-03 19:33:00,132.692,132.697,132.7,132.691,132.714,132.723,132.724,132.715,154
2015-11-03 19:33:00,2015-11-03 19:34:00,132.697,132.687,132.699,132.683,132.723,132.712,132.723,132.708,116
2015-11-03 19:34:00,2015-11-03 19:35:00,132.687,132.681,132.688,132.672,132.712,132.705,132.713,132.695,144
2015-11-03 19:35:00,2015-11-03 19:36:00,132.681,132.675,132.682,132.672,132.705,132.701,132.707,132.698,121
2015-11-03 19:36:00,2015-11-03 19:37:00,132.675,132.671,132.677,132.666,132.701,132.696,132.702,132.69,159
2015-11-03 19:37:00,2015-11-03 19:38:00,132.671,132.67,132.675,132.665,132.696,132.696,132.7,132.69,136
2015-11-03 19:38:00,2015-11-03 19:39:00,132.67,132.661,132.674,132.659,132.696,132.687,132.7,132.684,107
2015-11-03 19:39:00,2015-11-03 19:40:00,132.661,132.677,132.677,132.658,132.687,132.702,132.702,132.682,195
2015-11-03 19:40:00,2015-11-03 19:41:00,132.677,132.68,132.681,132.673,132.702,132.703,132.706,132.696,118
2015-11-03 19:41:00,2015-11-03 19:42:00,132.68,132.695,132.699,132.679,132.703,132.713,132.719,132.703,156
2015-11-03 19:42:00,2015-11-03 19:43:00,132.695,132.693,132.698,132.693,132.713,132.716,132.721,132.709,155
2015-11-03 19:43:00,2015-11-03 19:44:00,132.693,132.676,132.692,132.669,132.716,132.7,132.716,132.693,108
2015-11-03 19:44:00,2015-11-03 19:45:00,132.676,132.674,132.689,132.668,132.7,132.696,132.712,132.692,227
2015-11-03 19:45:00,2015-11-03 19:46:00,132.674,132.703,132.705,132.674,132.696,132.727,132.729,132.694,158
2015-11-03 19:46:00,2015-11-03 19:47:00,132.703,132.733,132.734,132.687,132.727,132.758,132.758,132.711,258
2015-11-03 19:47:00,2015-11-03 19:48:00,132.733,132.695,132.734,132.686,132.758,132.719,132.758,132.71,352
2015-11-03 19:48:00,2015-11-03 19:49:00,132.695,132.705,132.714,132.691,132.719,132.73,132.738,132.714,240
2015-11-03 19:49:00,2015-11-03 19:50:00,132.705,132.729,132.729,132.706,132.73,132.753,132.753,132.73,136
2015-11-03 19:50:00,2015-11-03 19:51:00,132.729,132.709,132.729,132.707,132.753,132.734,132.753,132.732,169
2015-11-03 19:51:00,2015-11-03 19:52:00,132.709,132.692,132.709,132.685,132.734,132.717,132.734,132.709,351
2015-11-03 19:52:00,2015-11-03 19:53:00,132.692,132.688,132.693,132.687,132.717,132.714,132.717,132.713,82
2015-11-03 19:53:00,2015-11-03 19:54:00,132.688,132.68,132.688,132.679,132.714,132.705,132.714,132.704,119
2015-11-03 19:54:00,2015-11-03 19:55:00,132.68,132.681,132.696,132.679,132.705,132.704,132.72,132.704,136
2015-11-03 19:55:00,2015-11-03 19:56:00,132.681,132.678,132.69,132.676,132.704,132.702,132.713,132.699,158
2015-11-03 19:56:00,2015-11-03 19:57:00,132.678,132.702,132.712,132.679,132.702,132.727,132.732,132.702,277
2015-11-03 19:57:00,2015-11-03 19:58:00,132.702,132.714,132.715,132.698,132.727,132.739,132.739,132.723,191
2015-11-03 19:58:00,2015-11-03 19:59:00,132.714,132.709,132.726,132.704,132.739,132.733,132.749,132.728,467
2015-11-03 19:59:00,2015-11-03 20:00:00,132.709,132.704,132.716,132.7,132.733,132.725,132.742,132.721,340
2015-11-03 20:00:00,2015-11-03 20:01:00,132.704,132.699,132.713,132.698,132.725,132.721,132.737,132.72,126
2015-11-03 20:01:00,2015-11-03 20:02:00,132.699,132.686,132.699,132.684,132.721,132.708,132.72,132.706,142
2015-11-03 20:02:00,2015-11-03 20:03:00,132.686,132.682,132.688,132.679,132.708,132.705,132.709,132.701,101
2015-11-03 20:03:00,2015-11-03 20:04:00,132.682,132.679,132.695,132.678,132.705,132.701,132.717,132.699,202
2015-11-03 20:04:00,2015-11-03 20:05:00,132.679,132.667,132.688,132.663,132.701,132.692,132.71,132.684,268
2015-11-03 20:05:00,2015-11-03 20:06:00,132.667,132.67,132.677,132.667,132.692,132.691,132.698,132.69,77
2015-11-03 20:06:00,2015-11-03 20:07:00,132.67,132.661,132.67,132.661,132.691,132.683,132.692,132.683,126
2015-11-03 20:07:00,2015-11-03 20:08:00,132.661,132.653,132.661,132.645,132.683,132.676,132.684,132.669,63
2015-11-03 20:08:00,2015-11-03 20:09:00,132.653,132.656,132.659,132.65,132.676,132.678,132.682,132.673,127
2015-11-03 20:09:00,2015-11-03 20:10:00,132.656,132.652,132.658,132.651,132.678,132.676,132.681,132.674,103
2015-11-03 20:10:00,2015-11-03 20:11:00,132.652,132.643,132.652,132.64,132.676,132.664,132.676,132.661,210
2015-11-03 20:11:00,2015-11-03 20:12:00,132.643,132.624,132.644,132.622,132.664,132.647,132.667,132.646,197
2015-11-03 20:12:00,2015-11-03 20:13:00,132.624,132.623,132.628,132.619,132.647,132.647,132.651,132.643,69
2015-11-03 20:13:00,2015-11-03 20:14:00,132.623,132.626,132.637,132.618,132.647,132.652,132.662,132.642,148
2015-11-03 20:14:00,2015-11-03 20:15:00,132.626,132.634,132.637,132.625,132.652,132.659,132.662,132.649,195
2015-11-03 20:15:00,2015-11-03 20:16:00,132.634,132.623,132.634,132.621,132.659,132.648,132.66,132.646,138
2015-11-03 20:16:00,2015-11-03 20:17:00,132.623,132.637,132.639,132.622,132.648,132.658,132.661,132.645,128
2015-11-03 20:17:00,2015-11-03 20:18:00,132.637,132.647,132.654,132.632,132.658,132.669,132.677,132.653,203
2015-11-03 20:18:00,2015-11-03 20:19:00,132.647,132.652,132.656,132.644,132.669,132.676,132.679,132.667,129
2015-11-03 20:19:00,2015-11-03 20:20:00,132.652,132.647,132.653,132.641,132.676,132.67,132.676,132.665,132
2015-11-03 20:20:00,2015-11-03 20:21:00,132.647,132.65,132.656,132.644,132.67,132.674,132.678,132.667,165
2015-11-03 20:21:00,2015-11-03 20:22:00,132.65,132.66,132.663,132.651,132.674,132.684,132.687,132.674,205
2015-11-03 20:22:00,2015-11-03 20:23:00,132.66,132.652,132.663,132.65,132.684,132.674,132.688,132.673,135
2015-11-03 20:23:00,2015-11-03 20:24:00,132.652,132.645,132.654,132.643,132.674,132.67,132.676,132.667,80
2015-11-03 20:24:00,2015-11-03 20:25:00,132.645,132.646,132.651,132.637,132.67,132.67,132.672,132.661,109
2015-11-03 20:25:00,2015-11-03 20:26:00,132.646,132.641,132.65,132.635,132.67,132.665,132.673,132.658,195
2015-11-03 20:26:00,2015-11-03 20:27:00,132.641,132.644,132.652,132.633,132.665,132.668,132.676,132.655,246
2015-11-03 20:27:00,2015-11-03 20:28:00,132.644,132.633,132.645,132.63,132.668,132.654,132.668,132.651,197
2015-11-03 20:28:00,2015-11-03 20:29:00,132.633,132.631,132.64,132.627,132.654,132.655,132.663,132.65,180
2015-11-03 20:29:00,2015-11-03 20:30:00,132.631,132.63,132.636,132.629,132.655,132.654,132.659,132.652,124
2015-11-03 20:30:00,2015-11-03 20:31:00,132.63,132.64,132.656,132.631,132.654,132.663,132.679,132.654,220
2015-11-03 20:31:00,2015-11-03 20:32:00,132.64,132.638,132.648,132.633,132.663,132.661,132.672,132.656,170
2015-11-03 20:32:00,2015-11-03 20:33:00,132.638,132.62,132.644,132.618,132.661,132.644,132.667,132.644,275
2015-11-03 20:33:00,2015-11-03 20:34:00,132.62,132.617,132.625,132.616,132.644,132.641,132.65,132.639,150
2015-11-03 20:34:00,2015-11-03 20:35:00,132.617,132.625,132.633,132.617,132.641,132.65,132.658,132.642,167
2015-11-03 20:35:00,2015-11-03 20:36:00,132.625,132.634,132.634,132.617,132.65,132.657,132.657,132.64,182
2015-11-03 20:36:00,2015-11-03 20:37:00,132.634,132.653,132.653,132.631,132.657,132.676,132.676,132.653,186
2015-11-03 20:37:00,2015-11-03 20:38:00,132.653,132.658,132.661,132.652,132.676,132.681,132.682,132.673,56
2015-11-03 20:38:00,2015-11-03 20:39:00,132.658,132.653,132.667,132.648,132.681,132.677,132.691,132.672,145
2015-11-03 20:39:00,2015-11-03 20:40:00,132.653,132.655,132.656,132.64,132.677,132.677,132.678,132.664,161
2015-11-03 20:40:00,2015-11-03 20:41:00,132.655,132.646,132.656,132.633,132.677,132.671,132.68,132.657,267
2015-11-03 20:41:00,2015-11-03 20:42:00,132.646,132.638,132.646,132.635,132.671,132.663,132.67,132.66,121
2015-11-03 20:42:00,2015-11-03 20:43:00,132.638,132.632,132.641,132.615,132.663,132.656,132.664,132.639,253
2015-11-03 20:43:00,2015-11-03 20:44:00,132.632,132.65,132.651,132.631,132.656,132.673,132.674,132.655,125
2015-11-03 20:44:00,2015-11-03 20:45:00,132.65,132.649,132.659,132.648,132.673,132.674,132.683,132.671,103
2015-11-03 20:45:00,2015-11-03 20:46:00,132.649,132.654,132.66,132.647,132.674,132.677,132.683,132.672,154
2015-11-03 20:46:00,2015-11-03 20:47:00,132.654,132.663,132.667,132.645,132.677,132.688,132.69,132.67,278
2015-11-03 20:47:00,2015-11-03 20:48:00,132.663,132.658,132.668,132.656,132.688,132.683,132.693,132.681,106
2015-11-03 20:48:00,2015-11-03 20:49:00,132.658,132.667,132.667,132.658,132.683,132.689,132.691,132.683,89
2015-11-03 20:49:00,2015-11-03 20:50:00,132.667,132.653,132.667,132.652,132.689,132.678,132.688,132.675,147
2015-11-03 20:50:00,2015-11-03 20:51:00,132.653,132.636,132.656,132.632,132.678,132.662,132.68,132.657,149
2015-11-03 20:51:00,2015-11-03 20:52:00,132.636,132.636,132.639,132.632,132.662,132.661,132.663,132.656,170
2015-11-03 20:52:00,2015-11-03 20:53:00,132.636,132.619,132.639,132.619,132.661,132.644,132.662,132.643,173
2015-11-03 20:53:00,2015-11-03 20:54:00,132.619,132.624,132.628,132.615,132.644,132.649,132.651,132.638,190
2015-11-03 20:54:00,2015-11-03 20:55:00,132.624,132.633,132.635,132.621,132.649,132.655,132.659,132.644,270
2015-11-03 20:55:00,2015-11-03 20:56:00,132.633,132.636,132.637,132.63,132.655,132.661,132.662,132.653,107
2015-11-03 20:56:00,2015-11-03 20:57:00,132.636,132.641,132.644,132.631,132.661,132.666,132.669,132.655,189
2015-11-03 20:57:00,2015-11-03 20:58:00,132.641,132.634,132.641,132.631,132.666,132.658,132.665,132.652,198
2015-11-03 20:58:00,2015-11-03 20:59:00,132.634,132.63,132.636,132.622,132.658,132.654,132.661,132.646,173
2015-11-03 20:59:00,2015-11-03 21:00:00,132.63,132.631,132.637,132.615,132.654,132.657,132.662,132.64,260
2015-11-03 21:00:00,2015-11-03 21:01:00,132.631,132.639,132.644,132.63,132.657,132.666,132.67,132.657,120
2015-11-03 21:01:00,2015-11-03 21:02:00,132.639,132.647,132.651,132.638,132.666,132.674,132.677,132.664,90
2015-11-03 21:02:00,2015-11-03 21:03:00,132.647,132.652,132.663,132.647,132.674,132.677,132.689,132.674,89
2015-11-03 21:03:00,2015-11-03 21:04:00,132.652,132.637,132.653,132.632,132.677,132.661,132.677,132.658,96
2015-11-03 21:04:00,2015-11-03 21:05:00,132.637,132.635,132.637,132.63,132.661,132.66,132.663,132.655,49
2015-11-03 21:05:00,2015-11-03 21:06:00,132.635,132.632,132.635,132.629,132.66,132.658,132.659,132.654,35
2015-11-03 21:06:00,2015-11-03 21:07:00,132.632,132.634,132.634,132.63,132.658,132.658,132.659,132.654,52
2015-11-03 21:07:00,2015-11-03 21:08:00,132.634,132.637,132.638,132.634,132.658,132.66,132.661,132.659,29
2015-11-03 21:08:00,2015-11-03 21:09:00,132.637,132.641,132.641,132.63,132.66,132.667,132.667,132.654,72
2015-11-03 21:09:00,2015-11-03 21:10:00,132.641,132.644,132.644,132.636,132.667,132.669,132.669,132.662,73
2015-11-03 21:10:00,2015-11-03 21:11:00,132.644,132.639,132.644,132.637,132.669,132.665,132.67,132.661,85
2015-11-03 21:11:00,2015-11-03 21:12:00,132.639,132.646,132.646,132.637,132.665,132.671,132.671,132.662,72
2015-11-03 21:12:00,2015-11-03 21:13:00,132.646,132.655,132.655,132.647,132.671,132.679,132.679,132.671,42
2015-11-03 21:13:00,2015-11-03 21:14:00,132.655,132.656,132.666,132.653,132.679,132.678,132.689,132.677,106
2015-11-03 21:14:00,2015-11-03 21:15:00,132.656,132.657,132.659,132.655,132.678,132.678,132.682,132.678,31
2015-11-03 21:15:00,2015-11-03 21:16:00,132.657,132.647,132.657,132.645,132.678,132.669,132.682,132.666,38
2015-11-03 21:16:00,2015-11-03 21:17:00,132.647,132.655,132.655,132.646,132.669,132.676,132.677,132.669,32
2015-11-03 21:17:00,2015-11-03 21:18:00,132.655,132.67,132.677,132.655,132.676,132.691,132.701,132.677,120
2015-11-03 21:18:00,2015-11-03 21:19:00,132.67,132.674,132.679,132.67,132.691,132.699,132.706,132.692,79
2015-11-03 21:19:00,2015-11-03 21:20:00,132.674,132.676,132.676,132.664,132.699,132.697,132.699,132.688,80
2015-11-03 21:20:00,2015-11-03 21:21:00,132.676,132.656,132.68,132.652,132.697,132.677,132.704,132.673,114
2015-11-03 21:21:00,2015-11-03 21:22:00,132.656,132.652,132.663,132.65,132.677,132.673,132.685,132.673,84
2015-11-03 21:22:00,2015-11-03 21:23:00,132.652,132.662,132.662,132.643,132.673,132.685,132.685,132.665,93
2015-11-03 21:23:00,2015-11-03 21:24:00,132.662,132.665,132.67,132.659,132.685,132.688,132.693,132.682,77
2015-11-03 21:24:00,2015-11-03 21:25:00,132.665,132.665,132.668,132.662,132.688,132.687,132.693,132.685,46
2015-11-03 21:25:00,2015-11-03 21:26:00,132.665,132.62,132.665,132.62,132.687,132.642,132.69,132.642,89
2015-11-03 21:26:00,2015-11-03 21:27:00,132.62,132.636,132.636,132.621,132.642,132.658,132.658,132.642,63
2015-11-03 21:27:00,2015-11-03 21:28:00,132.636,132.645,132.647,132.636,132.658,132.668,132.669,132.659,37
2015-11-03 21:28:00,2015-11-03 21:29:00,132.645,132.648,132.655,132.645,132.668,132.671,132.677,132.669,65
2015-11-03 21:29:00,2015-11-03 21:30:00,132.648,132.649,132.649,132.646,132.671,132.675,132.675,132.667,43
2015-11-03 21:30:00,2015-11-03 21:31:00,132.649,132.656,132.657,132.646,132.675,132.68,132.683,132.667,68
2015-11-03 21:31:00,2015-11-03 21:32:00,132.656,132.658,132.658,132.653,132.68,132.686,132.686,132.675,32
2015-11-03 21:32:00,2015-11-03 21:33:00,132.658,132.638,132.663,132.636,132.686,132.66,132.686,132.66,87
2015-11-03 21:33:00,2015-11-03 21:34:00,132.638,132.625,132.639,132.615,132.66,132.646,132.665,132.637,123
2015-11-03 21:34:00,2015-11-03 21:35:00,132.625,132.633,132.637,132.624,132.646,132.654,132.663,132.646,62
2015-11-03 21:35:00,2015-11-03 21:36:00,132.633,132.639,132.64,132.632,132.654,132.668,132.668,132.655,42
2015-11-03 21:36:00,2015-11-03 21:37:00,132.639,132.648,132.649,132.632,132.668,132.675,132.676,132.659,134
2015-11-03 21:37:00,2015-11-03 21:38:00,132.648,132.637,132.651,132.637,132.675,132.664,132.677,132.664,60
2015-11-03 21:38:00,2015-11-03 21:39:00,132.637,132.628,132.637,132.628,132.664,132.657,132.664,132.657,92
2015-11-03 21:39:00,2015-11-03 21:40:00,132.628,132.63,132.63,132.627,132.657,132.656,132.658,132.654,27
2015-11-03 21:40:00,2015-11-03 21:41:00,132.63,132.647,132.647,132.631,132.656,132.672,132.672,132.656,43
2015-11-03 21:41:00,2015-11-03 21:42:00,132.647,132.634,132.647,132.633,132.672,132.662,132.673,132.661,30
2015-11-03 21:42:00,2015-11-03 21:43:00,132.634,132.632,132.635,132.626,132.662,132.658,132.664,132.652,32
2015-11-03 21:43:00,2015-11-03 21:44:00,132.632,132.627,132.632,132.62,132.658,132.655,132.66,132.646,34
2015-11-03 21:44:00,2015-11-03 21:45:00,132.627,132.622,132.629,132.609,132.655,132.645,132.654,132.635,247
2015-11-03 21:45:00,2015-11-03 21:46:00,132.622,132.631,132.637,132.622,132.645,132.656,132.663,132.648,119
2015-11-03 21:46:00,2015-11-03 21:47:00,132.631,132.646,132.648,132.628,132.656,132.673,132.674,132.654,210
2015-11-03 21:47:00,2015-11-03 21:48:00,132.646,132.68,132.68,132.644,132.673,132.707,132.707,132.67,385
2015-11-03 21:48:00,2015-11-03 21:49:00,132.68,132.676,132.682,132.674,132.707,132.706,132.708,132.701,97
2015-11-03 21:49:00,2015-11-03 21:50:00,132.676,132.702,132.713,132.676,132.706,132.73,132.739,132.703,458
2015-11-03 21:50:00,2015-11-03 21:51:00,132.702,132.732,132.734,132.7,132.73,132.757,132.759,132.729,311
2015-11-03 21:51:00,2015-11-03 21:52:00,132.732,132.737,132.74,132.729,132.757,132.765,132.769,132.756,199
2015-11-03 21:52:00,2015-11-03 21:53:00,132.737,132.745,132.747,132.735,132.765,132.771,132.772,132.763,201
2015-11-03 21:53:00,2015-11-03 21:54:00,132.745,132.761,132.762,132.741,132.771,132.787,132.787,132.77,539
2015-11-03 21:54:00,2015-11-03 21:55:00,132.761,132.77,132.772,132.753,132.787,132.797,132.801,132.78,321
2015-11-03 21:55:00,2015-11-03 21:56:00,132.77,132.756,132.773,132.755,132.797,132.784,132.8,132.784,453
2015-11-03 21:56:00,2015-11-03 21:57:00,132.756,132.755,132.764,132.752,132.784,132.783,132.794,132.782,407
2015-11-03 21:57:00,2015-11-03 21:58:00,132.755,132.738,132.755,132.723,132.783,132.768,132.783,132.756,594
2015-11-03 21:58:00,2015-11-03 21:59:00,132.738,132.669,132.738,132.669,132.768,132.818,132.818,132.74,412
2015-11-03 21:59:00,2015-11-03 22:00:00,132.669,132.712,132.727,132.678,132.818,132.795,132.819,132.795,7
2015-11-03 22:00:00,2015-11-03 22:01:00,132.712,132.703,132.739,132.698,132.795,132.76,132.807,132.759,44
2015-11-03 22:01:00,2015-11-03 22:02:00,132.703,132.705,132.741,132.705,132.76,132.77,132.798,132.76,48
2015-11-03 22:02:00,2015-11-03 22:03:00,132.705,132.691,132.712,132.689,132.77,132.748,132.764,132.733,29
2015-11-03 22:03:00,2015-11-03 22:04:00,132.691,132.695,132.695,132.693,132.748,132.763,132.763,132.748,4
2015-11-03 22:04:00,2015-11-03 22:05:00,132.695,132.703,132.706,132.67,132.763,132.742,132.759,132.715,73
2015-11-03 22:05:00,2015-11-03 22:06:00,132.703,132.708,132.713,132.678,132.742,132.747,132.752,132.718,396
2015-11-03 22:06:00,2015-11-03 22:07:00,132.708,132.704,132.707,132.703,132.747,132.75,132.755,132.749,139
2015-11-03 22:07:00,2015-11-03 22:08:00,132.704,132.715,132.725,132.702,132.75,132.775,132.778,132.748,298
2015-11-03 22:08:00,2015-11-03 22:09:00,132.715,132.722,132.725,132.714,132.775,132.777,132.785,132.774,1265
2015-11-03 22:09:00,2015-11-03 22:10:00,132.722,132.727,132.728,132.714,132.777,132.776,132.786,132.773,793
2015-11-03 22:10:00,2015-11-03 22:11:00,132.727,132.736,132.738,132.722,132.776,132.775,132.779,132.768,569
2015-11-03 22:11:00,2015-11-03 22:12:00,132.736,132.735,132.739,132.735,132.775,132.774,132.778,132.774,70
2015-11-03 22:12:00,2015-11-03 22:13:00,132.735,132.732,132.737,132.73,132.774,132.771,132.776,132.769,158
2015-11-03 22:13:00,2015-11-03 22:14:00,132.732,132.731,132.735,132.725,132.771,132.77,132.774,132.764,140
2015-11-03 22:14:00,2015-11-03 22:15:00,132.731,132.718,132.731,132.712,132.77,132.757,132.769,132.751,40
2015-11-03 22:15:00,2015-11-03 22:16:00,132.718,132.723,132.726,132.714,132.757,132.761,132.765,132.753,87
2015-11-03 22:16:00,2015-11-03 22:17:00,132.723,132.731,132.735,132.721,132.761,132.77,132.774,132.76,158
2015-11-03 22:17:00,2015-11-03 22:18:00,132.731,132.74,132.745,132.729,132.77,132.779,132.784,132.768,130
2015-11-03 22:18:00,2015-11-03 22:19:00,132.74,132.749,132.749,132.735,132.779,132.788,132.788,132.774,129
2015-11-03 22:19:00,2015-11-03 22:20:00,132.749,132.743,132.75,132.742,132.788,132.782,132.789,132.781,126
2015-11-03 22:20:00,2015-11-03 22:21:00,132.743,132.747,132.752,132.739,132.782,132.786,132.791,132.778,106
2015-11-03 22:21:00,2015-11-03 22:22:00,132.747,132.75,132.755,132.743,132.786,132.789,132.794,132.782,102
2015-11-03 22:22:00,2015-11-03 22:23:00,132.75,132.757,132.759,132.751,132.789,132.796,132.798,132.789,200
2015-11-03 22:23:00,2015-11-03 22:24:00,132.757,132.756,132.759,132.752,132.796,132.795,132.797,132.791,415
2015-11-03 22:24:00,2015-11-03 22:25:00,132.756,132.754,132.76,132.751,132.795,132.793,132.797,132.79,248
2015-11-03 22:25:00,2015-11-03 22:26:00,132.754,132.731,132.757,132.73,132.793,132.77,132.793,132.769,254
2015-11-03 22:26:00,2015-11-03 22:27:00,132.731,132.723,132.736,132.717,132.77,132.765,132.775,132.756,227
2015-11-03 22:27:00,2015-11-03 22:28:00,132.723,132.729,132.731,132.722,132.765,132.768,132.77,132.761,50
2015-11-03 22:28:00,2015-11-03 22:29:00,132.729,132.731,132.731,132.724,132.768,132.769,132.769,132.762,91
2015-11-03 22:29:00,2015-11-03 22:30:00,132.731,132.707,132.735,132.706,132.769,132.746,132.774,132.745,161
2015-11-03 22:30:00,2015-11-03 22:31:00,132.707,132.714,132.717,132.7,132.746,132.75,132.756,132.738,94
2015-11-03 22:31:00,2015-11-03 22:32:00,132.714,132.72,132.725,132.71,132.75,132.759,132.764,132.745,89
2015-11-03 22:32:00,2015-11-03 22:33:00,132.72,132.746,132.752,132.715,132.759,132.785,132.791,132.754,188
2015-11-03 22:33:00,2015-11-03 22:34:00,132.746,132.733,132.755,132.73,132.785,132.77,132.794,132.768,212
2015-11-03 22:34:00,2015-11-03 22:35:00,132.733,132.73,132.737,132.725,132.77,132.764,132.775,132.761,138
2015-11-03 22:35:00,2015-11-03 22:36:00,132.73,132.716,132.731,132.714,132.764,132.755,132.765,132.749,173
2015-11-03 22:36:00,2015-11-03 22:37:00,132.716,132.705,132.724,132.696,132.755,132.742,132.757,132.733,328
2015-11-03 22:37:00,2015-11-03 22:38:00,132.705,132.692,132.705,132.685,132.742,132.729,132.743,132.722,587
2015-11-03 22:38:00,2015-11-03 22:39:00,132.692,132.7,132.716,132.684,132.729,132.734,132.751,132.722,1014
2015-11-03 22:39:00,2015-11-03 22:40:00,132.7,132.703,132.723,132.694,132.734,132.74,132.759,132.73,899
2015-11-03 22:40:00,2015-11-03 22:41:00,132.703,132.709,132.721,132.698,132.74,132.746,132.756,132.736,529
2015-11-03 22:41:00,2015-11-03 22:42:00,132.709,132.711,132.72,132.698,132.746,132.748,132.758,132.737,822
2015-11-03 22:42:00,2015-11-03 22:43:00,132.711,132.706,132.716,132.701,132.748,132.744,132.752,132.739,588
2015-11-03 22:43:00,2015-11-03 22:44:00,132.706,132.709,132.716,132.699,132.744,132.744,132.753,132.737,691
2015-11-03 22:44:00,2015-11-03 22:45:00,132.709,132.725,132.728,132.706,132.744,132.757,132.759,132.742,520
2015-11-03 22:45:00,2015-11-03 22:46:00,132.725,132.719,132.733,132.716,132.757,132.755,132.761,132.753,284
2015-11-03 22:46:00,2015-11-03 22:47:00,132.719,132.727,132.729,132.713,132.755,132.764,132.766,132.75,484
2015-11-03 22:47:00,2015-11-03 22:48:00,132.727,132.756,132.758,132.721,132.764,132.789,132.795,132.757,885
2015-11-03 22:48:00,2015-11-03 22:49:00,132.756,132.742,132.757,132.73,132.789,132.778,132.792,132.766,842
2015-11-03 22:49:00,2015-11-03 22:50:00,132.742,132.745,132.753,132.736,132.778,132.777,132.79,132.771,982
2015-11-03 22:50:00,2015-11-03 22:51:00,132.745,132.74,132.75,132.732,132.777,132.772,132.782,132.768,836
2015-11-03 22:51:00,2015-11-03 22:52:00,132.74,132.74,132.746,132.735,132.772,132.768,132.78,132.768,971
2015-11-03 22:52:00,2015-11-03 22:53:00,132.74,132.744,132.744,132.732,132.768,132.773,132.774,132.765,422
2015-11-03 22:53:00,2015-11-03 22:54:00,132.744,132.707,132.745,132.701,132.773,132.739,132.774,132.735,636
2015-11-03 22:54:00,2015-11-03 22:55:00,132.707,132.7,132.709,132.696,132.739,132.732,132.74,132.73,689
2015-11-03 22:55:00,2015-11-03 22:56:00,132.7,132.702,132.725,132.697,132.732,132.739,132.754,132.73,720
2015-11-03 22:56:00,2015-11-03 22:57:00,132.702,132.709,132.714,132.698,132.739,132.745,132.745,132.735,771
2015-11-03 22:57:00,2015-11-03 22:58:00,132.709,132.708,132.715,132.699,132.745,132.744,132.748,132.735,923
2015-11-03 22:58:00,2015-11-03 22:59:00,132.708,132.707,132.718,132.702,132.744,132.742,132.748,132.738,502
2015-11-03 22:59:00,2015-11-03 23:00:00,132.707,132.719,132.735,132.702,132.742,132.749,132.763,132.739,497
2015-11-03 23:00:00,2015-11-03 23:01:00,132.719,132.723,132.727,132.712,132.749,132.753,132.757,132.745,254
2015-11-03 23:01:00,2015-11-03 23:02:00,132.723,132.702,132.729,132.702,132.753,132.735,132.76,132.735,679
2015-11-03 23:02:00,2015-11-03 23:03:00,132.702,132.732,132.732,132.7,132.735,132.76,132.76,132.733,498
2015-11-03 23:03:00,2015-11-03 23:04:00,132.732,132.725,132.742,132.725,132.76,132.754,132.77,132.754,302
2015-11-03 23:04:00,2015-11-03 23:05:00,132.725,132.715,132.732,132.707,132.754,132.74,132.758,132.734,602
2015-11-03 23:05:00,2015-11-03 23:06:00,132.715,132.708,132.732,132.707,132.74,132.732,132.757,132.731,522
2015-11-03 23:06:00,2015-11-03 23:07:00,132.708,132.701,132.712,132.692,132.732,132.726,132.736,132.717,408
2015-11-03 23:07:00,2015-11-03 23:08:00,132.701,132.697,132.705,132.694,132.726,132.721,132.728,132.718,306
2015-11-03 23:08:00,2015-11-03 23:09:00,132.697,132.712,132.716,132.696,132.721,132.737,132.74,132.72,313
2015-11-03 23:09:00,2015-11-03 23:10:00,132.712,132.717,132.724,132.689,132.737,132.742,132.749,132.714,483
2015-11-03 23:10:00,2015-11-03 23:11:00,132.717,132.714,132.727,132.702,132.742,132.738,132.751,132.726,371
2015-11-03 23:11:00,2015-11-03 23:12:00,132.714,132.702,132.715,132.695,132.738,132.727,132.74,132.719,142
2015-11-03 23:12:00,2015-11-03 23:13:00,132.702,132.711,132.718,132.701,132.727,132.736,132.742,132.725,144
2015-11-03 23:13:00,2015-11-03 23:14:00,132.711,132.725,132.728,132.711,132.736,132.751,132.752,132.735,144
2015-11-03 23:14:00,2015-11-03 23:15:00,132.725,132.717,132.731,132.715,132.751,132.748,132.758,132.746,137
2015-11-03 23:15:00,2015-11-03 23:16:00,132.717,132.72,132.721,132.717,132.748,132.75,132.751,132.748,58
2015-11-03 23:16:00,2015-11-03 23:17:00,132.72,132.727,132.733,132.717,132.75,132.751,132.761,132.747,137
2015-11-03 23:17:00,2015-11-03 23:18:00,132.727,132.724,132.732,132.72,132.751,132.751,132.756,132.745,114
2015-11-03 23:18:00,2015-11-03 23:19:00,132.724,132.71,132.724,132.709,132.751,132.737,132.751,132.737,124
2015-11-03 23:19:00,2015-11-03 23:20:00,132.71,132.71,132.713,132.702,132.737,132.738,132.741,132.728,305
2015-11-03 23:20:00,2015-11-03 23:21:00,132.71,132.71,132.714,132.709,132.738,132.738,132.742,132.737,233
2015-11-03 23:21:00,2015-11-03 23:22:00,132.71,132.725,132.725,132.709,132.738,132.751,132.751,132.736,305
2015-11-03 23:22:00,2015-11-03 23:23:00,132.725,132.743,132.745,132.727,132.751,132.77,132.771,132.749,111
2015-11-03 23:23:00,2015-11-03 23:24:00,132.743,132.747,132.761,132.739,132.77,132.776,132.788,132.768,352
2015-11-03 23:24:00,2015-11-03 23:25:00,132.747,132.754,132.756,132.747,132.776,132.781,132.784,132.777,227
2015-11-03 23:25:00,2015-11-03 23:26:00,132.754,132.762,132.764,132.751,132.781,132.791,132.793,132.778,162
2015-11-03 23:26:00,2015-11-03 23:27:00,132.762,132.763,132.767,132.762,132.791,132.794,132.798,132.791,296
2015-11-03 23:27:00,2015-11-03 23:28:00,132.763,132.765,132.769,132.762,132.794,132.792,132.796,132.789,283
2015-11-03 23:28:00,2015-11-03 23:29:00,132.765,132.764,132.767,132.762,132.792,132.789,132.792,132.787,374
2015-11-03 23:29:00,2015-11-03 23:30:00,132.764,132.769,132.771,132.761,132.789,132.793,132.797,132.785,217
2015-11-03 23:30:00,2015-11-03 23:31:00,132.769,132.775,132.776,132.769,132.793,132.797,132.797,132.793,60
2015-11-03 23:31:00,2015-11-03 23:32:00,132.775,132.772,132.777,132.768,132.797,132.795,132.8,132.792,117
2015-11-03 23:32:00,2015-11-03 23:33:00,132.772,132.754,132.772,132.748,132.795,132.777,132.795,132.772,266
2015-11-03 23:33:00,2015-11-03 23:34:00,132.754,132.748,132.755,132.747,132.777,132.771,132.779,132.77,149
2015-11-03 23:34:00,2015-11-03 23:35:00,132.748,132.75,132.752,132.741,132.771,132.774,132.775,132.763,234
2015-11-03 23:35:00,2015-11-03 23:36:00,132.75,132.755,132.755,132.747,132.774,132.777,132.778,132.77,135
2015-11-03 23:36:00,2015-11-03 23:37:00,132.755,132.756,132.757,132.753,132.777,132.78,132.78,132.776,78
2015-11-03 23:37:00,2015-11-03 23:38:00,132.756,132.748,132.758,132.746,132.78,132.77,132.781,132.769,138
2015-11-03 23:38:00,2015-11-03 23:39:00,132.748,132.748,132.751,132.739,132.77,132.771,132.775,132.762,193
2015-11-03 23:39:00,2015-11-03 23:40:00,132.748,132.752,132.753,132.74,132.771,132.774,132.777,132.762,91
2015-11-03 23:40:00,2015-11-03 23:41:00,132.752,132.752,132.755,132.744,132.774,132.775,132.777,132.765,102
2015-11-03 23:41:00,2015-11-03 23:42:00,132.752,132.76,132.761,132.751,132.775,132.784,132.784,132.775,44
2015-11-03 23:42:00,2015-11-03 23:43:00,132.76,132.757,132.761,132.756,132.784,132.781,132.784,132.78,55
2015-11-03 23:43:00,2015-11-03 23:44:00,132.757,132.769,132.769,132.751,132.781,132.791,132.791,132.772,209
2015-11-03 23:44:00,2015-11-03 23:45:00,132.769,132.765,132.771,132.765,132.791,132.786,132.795,132.785,106
2015-11-03 23:45:00,2015-11-03 23:46:00,132.765,132.763,132.77,132.756,132.786,132.786,132.792,132.778,223
2015-11-03 23:46:00,2015-11-03 23:47:00,132.763,132.761,132.773,132.76,132.786,132.786,132.799,132.784,133
2015-11-03 23:47:00,2015-11-03 23:48:00,132.761,132.766,132.773,132.761,132.786,132.789,132.794,132.787,102
2015-11-03 23:48:00,2015-11-03 23:49:00,132.766,132.761,132.765,132.758,132.789,132.783,132.789,132.78,82
2015-11-03 23:49:00,2015-11-03 23:50:00,132.761,132.752,132.762,132.748,132.783,132.777,132.785,132.773,111
2015-11-03 23:50:00,2015-11-03 23:51:00,132.752,132.76,132.767,132.749,132.777,132.784,132.79,132.775,135
2015-11-03 23:51:00,2015-11-03 23:52:00,132.76,132.752,132.765,132.744,132.784,132.773,132.788,132.767,159
2015-11-03 23:52:00,2015-11-03 23:53:00,132.752,132.74,132.752,132.739,132.773,132.762,132.775,132.762,106
2015-11-03 23:53:00,2015-11-03 23:54:00,132.74,132.737,132.745,132.737,132.762,132.762,132.767,132.76,91
2015-11-03 23:54:00,2015-11-03 23:55:00,132.737,132.735,132.737,132.735,132.762,132.759,132.762,132.757,15
2015-11-03 23:55:00,2015-11-03 23:56:00,132.735,132.735,132.735,132.732,132.759,132.756,132.758,132.755,12
2015-11-03 23:56:00,2015-11-03 23:57:00,132.735,132.735,132.735,132.735,132.756,132.756,132.757,132.756,4
2015-11-03 23:57:00,2015-11-03 23:58:00,132.735,132.718,132.733,132.718,132.756,132.743,132.756,132.742,126
2015-11-03 23:58:00,2015-11-03 23:59:00,132.718,132.723,132.727,132.711,132.743,132.746,132.752,132.735,120
2015-11-03 23:59:00,2015-11-04 00:00:00,132.723,132.747,132.759,132.724,132.746,132.772,132.783,132.746,319
2015-11-04 00:00:00,2015-11-04 00:01:00,132.747,132.742,132.747,132.729,132.772,132.765,132.772,132.753,183
2015-11-04 00:01:00,2015-11-04 00:02:00,132.742,132.742,132.743,132.733,132.765,132.765,132.766,132.757,141
2015-11-04 00:02:00,2015-11-04 00:03:00,132.742,132.758,132.758,132.729,132.765,132.78,132.781,132.753,213
2015-11-04 00:03:00,2015-11-04 00:04:00,132.758,132.767,132.768,132.743,132.78,132.792,132.792,132.767,208
2015-11-04 00:04:00,2015-11-04 00:05:00,132.767,132.747,132.777,132.746,132.792,132.77,132.801,132.768,197
2015-11-04 00:05:00,2015-11-04 00:06:00,132.747,132.758,132.769,132.747,132.77,132.782,132.792,132.77,212
2015-11-04 00:06:00,2015-11-04 00:07:00,132.758,132.732,132.763,132.732,132.782,132.756,132.786,132.756,151
2015-11-04 00:07:00,2015-11-04 00:08:00,132.732,132.753,132.768,132.729,132.756,132.777,132.792,132.753,214
2015-11-04 00:08:00,2015-11-04 00:09:00,132.753,132.73,132.763,132.73,132.777,132.753,132.786,132.752,179
2015-11-04 00:09:00,2015-11-04 00:10:00,132.73,132.734,132.743,132.725,132.753,132.754,132.766,132.749,288
2015-11-04 00:10:00,2015-11-04 00:11:00,132.734,132.748,132.748,132.73,132.754,132.772,132.772,132.752,164
2015-11-04 00:11:00,2015-11-04 00:12:00,132.748,132.752,132.753,132.736,132.772,132.773,132.774,132.758,162
2015-11-04 00:12:00,2015-11-04 00:13:00,132.752,132.749,132.762,132.746,132.773,132.772,132.783,132.77,100
2015-11-04 00:13:00,2015-11-04 00:14:00,132.749,132.734,132.749,132.732,132.772,132.756,132.773,132.754,93
2015-11-04 00:14:00,2015-11-04 00:15:00,132.734,132.731,132.742,132.729,132.756,132.754,132.765,132.75,107
2015-11-04 00:15:00,2015-11-04 00:16:00,132.731,132.741,132.741,132.727,132.754,132.764,132.765,132.75,103
2015-11-04 00:16:00,2015-11-04 00:17:00,132.741,132.725,132.742,132.724,132.764,132.748,132.765,132.747,177
2015-11-04 00:17:00,2015-11-04 00:18:00,132.725,132.719,132.727,132.717,132.748,132.741,132.749,132.738,104
2015-11-04 00:18:00,2015-11-04 00:19:00,132.719,132.718,132.726,132.717,132.741,132.741,132.749,132.74,63
2015-11-04 00:19:00,2015-11-04 00:20:00,132.718,132.736,132.736,132.718,132.741,132.759,132.759,132.74,172
2015-11-04 00:20:00,2015-11-04 00:21:00,132.736,132.748,132.752,132.736,132.759,132.771,132.776,132.76,133
2015-11-04 00:21:00,2015-11-04 00:22:00,132.748,132.747,132.748,132.739,132.771,132.766,132.771,132.761,89
2015-11-04 00:22:00,2015-11-04 00:23:00,132.747,132.748,132.752,132.732,132.766,132.771,132.773,132.755,204
2015-11-04 00:23:00,2015-11-04 00:24:00,132.748,132.735,132.75,132.735,132.771,132.757,132.772,132.757,63
2015-11-04 00:24:00,2015-11-04 00:25:00,132.735,132.739,132.747,132.736,132.757,132.761,132.767,132.757,78
2015-11-04 00:25:00,2015-11-04 00:26:00,132.739,132.74,132.741,132.738,132.761,132.76,132.762,132.759,22
2015-11-04 00:26:00,2015-11-04 00:27:00,132.74,132.735,132.74,132.728,132.76,132.756,132.761,132.75,66
2015-11-04 00:27:00,2015-11-04 00:28:00,132.735,132.729,132.735,132.718,132.756,132.752,132.756,132.741,89
2015-11-04 00:28:00,2015-11-04 00:29:00,132.729,132.721,132.73,132.718,132.752,132.746,132.753,132.741,75
2015-11-04 00:29:00,2015-11-04 00:30:00,132.721,132.727,132.728,132.718,132.746,132.751,132.753,132.744,191
2015-11-04 00:30:00,2015-11-04 00:31:00,132.727,132.72,132.736,132.713,132.751,132.743,132.759,132.736,255
2015-11-04 00:31:00,2015-11-04 00:32:00,132.72,132.741,132.743,132.719,132.743,132.763,132.764,132.742,189
2015-11-04 00:32:00,2015-11-04 00:33:00,132.741,132.737,132.747,132.736,132.763,132.761,132.769,132.76,182
2015-11-04 00:33:00,2015-11-04 00:34:00,132.737,132.738,132.738,132.732,132.761,132.762,132.762,132.756,88
2015-11-04 00:34:00,2015-11-04 00:35:00,132.738,132.777,132.777,132.739,132.762,132.799,132.8,132.762,292
2015-11-04 00:35:00,2015-11-04 00:36:00,132.777,132.773,132.78,132.77,132.799,132.796,132.804,132.793,130
2015-11-04 00:36:00,2015-11-04 00:37:00,132.773,132.763,132.773,132.758,132.796,132.785,132.797,132.782,90
2015-11-04 00:37:00,2015-11-04 00:38:00,132.763,132.75,132.768,132.746,132.785,132.774,132.791,132.768,187
2015-11-04 00:38:00,2015-11-04 00:39:00,132.75,132.769,132.769,132.75,132.774,132.791,132.792,132.773,85
2015-11-04 00:39:00,2015-11-04 00:40:00,132.769,132.761,132.769,132.759,132.791,132.784,132.792,132.783,75
2015-11-04 00:40:00,2015-11-04 00:41:00,132.761,132.76,132.762,132.751,132.784,132.783,132.785,132.774,94
2015-11-04 00:41:00,2015-11-04 00:42:00,132.76,132.765,132.765,132.749,132.783,132.789,132.789,132.772,120
2015-11-04 00:42:00,2015-11-04 00:43:00,132.765,132.762,132.769,132.752,132.789,132.785,132.792,132.774,121
2015-11-04 00:43:00,2015-11-04 00:44:00,132.762,132.757,132.765,132.752,132.785,132.778,132.788,132.775,154
2015-11-04 00:44:00,2015-11-04 00:45:00,132.757,132.742,132.759,132.739,132.778,132.765,132.783,132.762,159
2015-11-04 00:45:00,2015-11-04 00:46:00,132.742,132.758,132.758,132.739,132.765,132.781,132.781,132.763,112
2015-11-04 00:46:00,2015-11-04 00:47:00,132.758,132.762,132.77,132.756,132.781,132.785,132.794,132.779,114
2015-11-04 00:47:00,2015-11-04 00:48:00,132.762,132.746,132.761,132.744,132.785,132.769,132.785,132.768,68
2015-11-04 00:48:00,2015-11-04 00:49:00,132.746,132.763,132.765,132.743,132.769,132.786,132.787,132.766,220
2015-11-04 00:49:00,2015-11-04 00:50:00,132.763,132.763,132.771,132.754,132.786,132.787,132.792,132.778,247
2015-11-04 00:50:00,2015-11-04 00:51:00,132.763,132.767,132.777,132.762,132.787,132.79,132.799,132.785,177
2015-11-04 00:51:00,2015-11-04 00:52:00,132.767,132.769,132.775,132.762,132.79,132.791,132.797,132.786,161
2015-11-04 00:52:00,2015-11-04 00:53:00,132.769,132.765,132.775,132.755,132.791,132.787,132.797,132.778,146
2015-11-04 00:53:00,2015-11-04 00:54:00,132.765,132.756,132.773,132.735,132.787,132.779,132.792,132.751,390
2015-11-04 00:54:00,2015-11-04 00:55:00,132.756,132.762,132.767,132.738,132.779,132.784,132.788,132.76,561
2015-11-04 00:55:00,2015-11-04 00:56:00,132.762,132.753,132.763,132.737,132.784,132.771,132.784,132.76,305
2015-11-04 00:56:00,2015-11-04 00:57:00,132.753,132.726,132.753,132.723,132.771,132.749,132.77,132.747,213
2015-11-04 00:57:00,2015-11-04 00:58:00,132.726,132.744,132.745,132.725,132.749,132.767,132.768,132.749,83
2015-11-04 00:58:00,2015-11-04 00:59:00,132.744,132.721,132.744,132.72,132.767,132.743,132.767,132.742,202
2015-11-04 00:59:00,2015-11-04 01:00:00,132.721,132.722,132.736,132.716,132.743,132.746,132.759,132.739,274
2015-11-04 01:00:00,2015-11-04 01:01:00,132.722,132.734,132.735,132.717,132.746,132.758,132.758,132.741,196
2015-11-04 01:01:00,2015-11-04 01:02:00,132.734,132.731,132.741,132.724,132.758,132.754,132.761,132.745,169
2015-11-04 01:02:00,2015-11-04 01:03:00,132.731,132.739,132.748,132.73,132.754,132.763,132.771,132.754,151
2015-11-04 01:03:00,2015-11-04 01:04:00,132.739,132.731,132.749,132.728,132.763,132.754,132.771,132.752,160
2015-11-04 01:04:00,2015-11-04 01:05:00,132.731,132.75,132.75,132.73,132.754,132.772,132.772,132.754,87
2015-11-04 01:05:00,2015-11-04 01:06:00,132.75,132.708,132.761,132.708,132.772,132.733,132.783,132.732,185
2015-11-04 01:06:00,2015-11-04 01:07:00,132.708,132.693,132.713,132.692,132.733,132.717,132.735,132.716,256
2015-11-04 01:07:00,2015-11-04 01:08:00,132.693,132.711,132.711,132.69,132.717,132.735,132.737,132.714,236
2015-11-04 01:08:00,2015-11-04 01:09:00,132.711,132.702,132.716,132.696,132.735,132.725,132.74,132.721,244
2015-11-04 01:09:00,2015-11-04 01:10:00,132.702,132.721,132.731,132.702,132.725,132.746,132.756,132.727,220
2015-11-04 01:10:00,2015-11-04 01:11:00,132.721,132.745,132.75,132.717,132.746,132.768,132.772,132.74,252
2015-11-04 01:11:00,2015-11-04 01:12:00,132.745,132.764,132.768,132.729,132.768,132.787,132.788,132.752,254
2015-11-04 01:12:00,2015-11-04 01:13:00,132.764,132.766,132.768,132.749,132.787,132.788,132.79,132.773,201
2015-11-04 01:13:00,2015-11-04 01:14:00,132.766,132.784,132.787,132.767,132.788,132.806,132.808,132.788,175
2015-11-04 01:14:00,2015-11-04 01:15:00,132.784,132.73,132.785,132.72,132.806,132.749,132.807,132.741,537
2015-11-04 01:15:00,2015-11-04 01:16:00,132.73,132.726,132.745,132.716,132.749,132.75,132.768,132.738,276
2015-11-04 01:16:00,2015-11-04 01:17:00,132.726,132.744,132.744,132.703,132.75,132.766,132.766,132.724,299
2015-11-04 01:17:00,2015-11-04 01:18:00,132.744,132.745,132.75,132.739,132.766,132.768,132.775,132.763,164
2015-11-04 01:18:00,2015-11-04 01:19:00,132.745,132.725,132.752,132.723,132.768,132.748,132.776,132.745,350
2015-11-04 01:19:00,2015-11-04 01:20:00,132.725,132.742,132.742,132.72,132.748,132.763,132.766,132.742,181
2015-11-04 01:20:00,2015-11-04 01:21:00,132.742,132.758,132.761,132.736,132.763,132.782,132.784,132.759,203
2015-11-04 01:21:00,2015-11-04 01:22:00,132.758,132.778,132.781,132.756,132.782,132.798,132.798,132.78,183
2015-11-04 01:22:00,2015-11-04 01:23:00,132.778,132.771,132.778,132.762,132.798,132.793,132.799,132.786,199
2015-11-04 01:23:00,2015-11-04 01:24:00,132.771,132.777,132.78,132.769,132.793,132.798,132.798,132.791,52
2015-11-04 01:24:00,2015-11-04 01:25:00,132.777,132.778,132.788,132.774,132.798,132.802,132.809,132.797,161
2015-11-04 01:25:00,2015-11-04 01:26:00,132.778,132.78,132.785,132.771,132.802,132.803,132.805,132.795,165
2015-11-04 01:26:00,2015-11-04 01:27:00,132.78,132.781,132.783,132.771,132.803,132.803,132.805,132.794,157
2015-11-04 01:27:00,2015-11-04 01:28:00,132.781,132.782,132.809,132.779,132.803,132.804,132.83,132.802,278
2015-11-04 01:28:00,2015-11-04 01:29:00,132.782,132.78,132.786,132.77,132.804,132.803,132.809,132.795,260
2015-11-04 01:29:00,2015-11-04 01:30:00,132.78,132.8,132.804,132.777,132.803,132.823,132.827,132.801,129
2015-11-04 01:30:00,2015-11-04 01:31:00,132.8,132.794,132.802,132.783,132.823,132.818,132.825,132.807,195
2015-11-04 01:31:00,2015-11-04 01:32:00,132.794,132.796,132.799,132.789,132.818,132.818,132.824,132.812,156
2015-11-04 01:32:00,2015-11-04 01:33:00,132.796,132.777,132.795,132.772,132.818,132.8,132.818,132.795,222
2015-11-04 01:33:00,2015-11-04 01:34:00,132.777,132.759,132.777,132.757,132.8,132.783,132.8,132.782,112
2015-11-04 01:34:00,2015-11-04 01:35:00,132.759,132.763,132.768,132.755,132.783,132.781,132.791,132.776,130
2015-11-04 01:35:00,2015-11-04 01:36:00,132.763,132.751,132.767,132.748,132.781,132.775,132.785,132.772,115
2015-11-04 01:36:00,2015-11-04 01:37:00,132.751,132.749,132.757,132.744,132.775,132.771,132.779,132.766,227
2015-11-04 01:37:00,2015-11-04 01:38:00,132.749,132.748,132.754,132.734,132.771,132.771,132.777,132.756,216
2015-11-04 01:38:00,2015-11-04 01:39:00,132.748,132.753,132.754,132.744,132.771,132.776,132.776,132.768,147
2015-11-04 01:39:00,2015-11-04 01:40:00,132.753,132.739,132.756,132.737,132.776,132.763,132.779,132.76,112
2015-11-04 01:40:00,2015-11-04 01:41:00,132.739,132.738,132.744,132.729,132.763,132.761,132.767,132.749,181
2015-11-04 01:41:00,2015-11-04 01:42:00,132.738,132.746,132.747,132.737,132.761,132.768,132.768,132.76,69
2015-11-04 01:42:00,2015-11-04 01:43:00,132.746,132.74,132.747,132.74,132.768,132.764,132.77,132.762,83
2015-11-04 01:43:00,2015-11-04 01:44:00,132.74,132.742,132.745,132.721,132.764,132.766,132.77,132.737,189
2015-11-04 01:44:00,2015-11-04 01:45:00,132.742,132.784,132.788,132.741,132.766,132.803,132.805,132.765,315
2015-11-04 01:45:00,2015-11-04 01:46:00,132.784,132.784,132.795,132.773,132.803,132.806,132.814,132.795,308
2015-11-04 01:46:00,2015-11-04 01:47:00,132.784,132.809,132.827,132.783,132.806,132.832,132.851,132.805,528
2015-11-04 01:47:00,2015-11-04 01:48:00,132.809,132.801,132.812,132.794,132.832,132.825,132.836,132.819,259
2015-11-04 01:48:00,2015-11-04 01:49:00,132.801,132.816,132.82,132.794,132.825,132.837,132.844,132.818,196
2015-11-04 01:49:00,2015-11-04 01:50:00,132.816,132.805,132.829,132.798,132.837,132.83,132.85,132.821,270
2015-11-04 01:50:00,2015-11-04 01:51:00,132.805,132.807,132.811,132.798,132.83,132.83,132.836,132.82,184
2015-11-04 01:51:00,2015-11-04 01:52:00,132.807,132.808,132.817,132.803,132.83,132.832,132.838,132.826,174
2015-11-04 01:52:00,2015-11-04 01:53:00,132.808,132.805,132.81,132.795,132.832,132.828,132.834,132.817,145
2015-11-04 01:53:00,2015-11-04 01:54:00,132.805,132.816,132.822,132.806,132.828,132.84,132.846,132.828,194
2015-11-04 01:54:00,2015-11-04 01:55:00,132.816,132.868,132.871,132.815,132.84,132.889,132.89,132.84,246
2015-11-04 01:55:00,2015-11-04 01:56:00,132.868,132.895,132.895,132.859,132.889,132.916,132.916,132.881,313
2015-11-04 01:56:00,2015-11-04 01:57:00,132.895,132.878,132.9,132.869,132.916,132.903,132.923,132.893,327
2015-11-04 01:57:00,2015-11-04 01:58:00,132.878,132.835,132.884,132.833,132.903,132.857,132.91,132.854,264
2015-11-04 01:58:00,2015-11-04 01:59:00,132.835,132.828,132.836,132.815,132.857,132.852,132.857,132.839,267
2015-11-04 01:59:00,2015-11-04 02:00:00,132.828,132.821,132.844,132.817,132.852,132.847,132.867,132.84,343
2015-11-04 02:00:00,2015-11-04 02:01:00,132.821,132.802,132.823,132.783,132.847,132.823,132.847,132.807,534
2015-11-04 02:01:00,2015-11-04 02:02:00,132.802,132.788,132.804,132.782,132.823,132.813,132.826,132.806,206
2015-11-04 02:02:00,2015-11-04 02:03:00,132.788,132.785,132.796,132.773,132.813,132.81,132.82,132.795,189
2015-11-04 02:03:00,2015-11-04 02:04:00,132.785,132.782,132.788,132.78,132.81,132.805,132.812,132.804,88
2015-11-04 02:04:00,2015-11-04 02:05:00,132.782,132.816,132.817,132.782,132.805,132.84,132.841,132.806,213
2015-11-04 02:05:00,2015-11-04 02:06:00,132.816,132.794,132.817,132.792,132.84,132.817,132.84,132.816,173
2015-11-04 02:06:00,2015-11-04 02:07:00,132.794,132.791,132.795,132.78,132.817,132.816,132.819,132.804,202
2015-11-04 02:07:00,2015-11-04 02:08:00,132.791,132.778,132.794,132.777,132.816,132.801,132.817,132.801,250
2015-11-04 02:08:00,2015-11-04 02:09:00,132.778,132.811,132.812,132.773,132.801,132.835,132.835,132.796,221
2015-11-04 02:09:00,2015-11-04 02:10:00,132.811,132.81,132.822,132.806,132.835,132.833,132.845,132.831,157
2015-11-04 02:10:00,2015-11-04 02:11:00,132.81,132.791,132.816,132.79,132.833,132.815,132.838,132.812,220
2015-11-04 02:11:00,2015-11-04 02:12:00,132.791,132.787,132.799,132.785,132.815,132.81,132.822,132.808,260
2015-11-04 02:12:00,2015-11-04 02:13:00,132.787,132.779,132.795,132.778,132.81,132.802,132.816,132.802,172
2015-11-04 02:13:00,2015-11-04 02:14:00,132.779,132.782,132.786,132.777,132.802,132.806,132.809,132.801,92
2015-11-04 02:14:00,2015-11-04 02:15:00,132.782,132.794,132.795,132.782,132.806,132.817,132.818,132.805,233
2015-11-04 02:15:00,2015-11-04 02:16:00,132.794,132.782,132.8,132.781,132.817,132.806,132.823,132.803,242
2015-11-04 02:16:00,2015-11-04 02:17:00,132.782,132.778,132.782,132.764,132.806,132.799,132.806,132.785,137
2015-11-04 02:17:00,2015-11-04 02:18:00,132.778,132.774,132.782,132.772,132.799,132.796,132.804,132.794,88
2015-11-04 02:18:00,2015-11-04 02:19:00,132.774,132.762,132.774,132.761,132.796,132.783,132.795,132.782,104
2015-11-04 02:19:00,2015-11-04 02:20:00,132.762,132.768,132.775,132.757,132.783,132.791,132.795,132.781,109
2015-11-04 02:20:00,2015-11-04 02:21:00,132.768,132.759,132.794,132.759,132.791,132.782,132.816,132.781,345
2015-11-04 02:21:00,2015-11-04 02:22:00,132.759,132.751,132.763,132.737,132.782,132.772,132.782,132.757,411
2015-11-04 02:22:00,2015-11-04 02:23:00,132.751,132.741,132.764,132.741,132.772,132.763,132.783,132.762,259
2015-11-04 02:23:00,2015-11-04 02:24:00,132.741,132.747,132.759,132.742,132.763,132.766,132.776,132.761,640
2015-11-04 02:24:00,2015-11-04 02:25:00,132.747,132.765,132.77,132.747,132.766,132.785,132.791,132.765,358
2015-11-04 02:25:00,2015-11-04 02:26:00,132.765,132.767,132.776,132.762,132.785,132.788,132.797,132.781,246
2015-11-04 02:26:00,2015-11-04 02:27:00,132.767,132.766,132.772,132.76,132.788,132.785,132.792,132.781,174
2015-11-04 02:27:00,2015-11-04 02:28:00,132.766,132.765,132.772,132.76,132.785,132.786,132.792,132.78,183
2015-11-04 02:28:00,2015-11-04 02:29:00,132.765,132.753,132.771,132.75,132.786,132.773,132.792,132.771,120
2015-11-04 02:29:00,2015-11-04 02:30:00,132.753,132.755,132.761,132.752,132.773,132.777,132.784,132.773,127
2015-11-04 02:30:00,2015-11-04 02:31:00,132.755,132.76,132.77,132.754,132.777,132.782,132.792,132.777,161
2015-11-04 02:31:00,2015-11-04 02:32:00,132.76,132.742,132.762,132.74,132.782,132.763,132.784,132.761,121
2015-11-04 02:32:00,2015-11-04 02:33:00,132.742,132.729,132.746,132.728,132.763,132.751,132.768,132.748,159
2015-11-04 02:33:00,2015-11-04 02:34:00,132.729,132.724,132.73,132.722,132.751,132.747,132.753,132.746,83
2015-11-04 02:34:00,2015-11-04 02:35:00,132.724,132.714,132.726,132.709,132.747,132.736,132.75,132.731,130
2015-11-04 02:35:00,2015-11-04 02:36:00,132.714,132.715,132.718,132.709,132.736,132.737,132.741,132.731,97
2015-11-04 02:36:00,2015-11-04 02:37:00,132.715,132.71,132.715,132.704,132.737,132.732,132.738,132.727,174
2015-11-04 02:37:00,2015-11-04 02:38:00,132.71,132.709,132.71,132.696,132.732,132.731,132.733,132.718,128
2015-11-04 02:38:00,2015-11-04 02:39:00,132.709,132.693,132.719,132.679,132.731,132.714,132.743,132.7,469
2015-11-04 02:39:00,2015-11-04 02:40:00,132.693,132.69,132.727,132.69,132.714,132.715,132.75,132.715,356
2015-11-04 02:40:00,2015-11-04 02:41:00,132.69,132.696,132.701,132.683,132.715,132.719,132.725,132.706,218
2015-11-04 02:41:00,2015-11-04 02:42:00,132.696,132.7,132.711,132.696,132.719,132.724,132.734,132.72,155
2015-11-04 02:42:00,2015-11-04 02:43:00,132.7,132.69,132.703,132.69,132.724,132.714,132.726,132.712,155
2015-11-04 02:43:00,2015-11-04 02:44:00,132.69,132.693,132.698,132.687,132.714,132.716,132.721,132.709,127
2015-11-04 02:44:00,2015-11-04 02:45:00,132.693,132.701,132.71,132.692,132.716,132.725,132.733,132.715,154
2015-11-04 02:45:00,2015-11-04 02:46:00,132.701,132.716,132.716,132.701,132.725,132.739,132.74,132.726,129
2015-11-04 02:46:00,2015-11-04 02:47:00,132.716,132.694,132.717,132.692,132.739,132.717,132.741,132.714,271
2015-11-04 02:47:00,2015-11-04 02:48:00,132.694,132.693,132.702,132.689,132.717,132.715,132.725,132.71,193
2015-11-04 02:48:00,2015-11-04 02:49:00,132.693,132.699,132.706,132.691,132.715,132.722,132.727,132.713,177
2015-11-04 02:49:00,2015-11-04 02:50:00,132.699,132.7,132.715,132.698,132.722,132.723,132.738,132.721,178
2015-11-04 02:50:00,2015-11-04 02:51:00,132.7,132.684,132.703,132.675,132.723,132.707,132.727,132.699,197
2015-11-04 02:51:00,2015-11-04 02:52:00,132.684,132.696,132.697,132.683,132.707,132.717,132.717,132.707,128
2015-11-04 02:52:00,2015-11-04 02:53:00,132.696,132.692,132.701,132.672,132.717,132.713,132.721,132.693,315
2015-11-04 02:53:00,2015-11-04 02:54:00,132.692,132.682,132.708,132.68,132.713,132.705,132.73,132.704,251
2015-11-04 02:54:00,2015-11-04 02:55:00,132.682,132.716,132.716,132.682,132.705,132.738,132.738,132.706,186
2015-11-04 02:55:00,2015-11-04 02:56:00,132.716,132.702,132.722,132.7,132.738,132.723,132.744,132.722,163
2015-11-04 02:56:00,2015-11-04 02:57:00,132.702,132.703,132.712,132.7,132.723,132.723,132.734,132.721,102
2015-11-04 02:57:00,2015-11-04 02:58:00,132.703,132.692,132.703,132.686,132.723,132.712,132.724,132.705,105
2015-11-04 02:58:00,2015-11-04 02:59:00,132.692,132.713,132.713,132.692,132.712,132.736,132.737,132.713,146
2015-11-04 02:59:00,2015-11-04 03:00:00,132.713,132.698,132.723,132.696,132.736,132.72,132.743,132.718,164
2015-11-04 03:00:00,2015-11-04 03:01:00,132.698,132.671,132.698,132.664,132.72,132.694,132.722,132.686,150
2015-11-04 03:01:00,2015-11-04 03:02:00,132.671,132.685,132.687,132.661,132.694,132.709,132.709,132.685,129
2015-11-04 03:02:00,2015-11-04 03:03:00,132.685,132.674,132.686,132.667,132.709,132.698,132.709,132.689,152
2015-11-04 03:03:00,2015-11-04 03:04:00,132.674,132.641,132.674,132.638,132.698,132.664,132.697,132.661,374
2015-11-04 03:04:00,2015-11-04 03:05:00,132.641,132.635,132.645,132.631,132.664,132.656,132.668,132.65,147
2015-11-04 03:05:00,2015-11-04 03:06:00,132.635,132.633,132.636,132.627,132.656,132.653,132.658,132.648,87
2015-11-04 03:06:00,2015-11-04 03:07:00,132.633,132.628,132.637,132.626,132.653,132.651,132.659,132.647,62
2015-11-04 03:07:00,2015-11-04 03:08:00,132.628,132.627,132.632,132.615,132.651,132.651,132.654,132.637,191
2015-11-04 03:08:00,2015-11-04 03:09:00,132.627,132.634,132.635,132.614,132.651,132.655,132.657,132.633,189
2015-11-04 03:09:00,2015-11-04 03:10:00,132.634,132.662,132.664,132.632,132.655,132.684,132.686,132.654,147
2015-11-04 03:10:00,2015-11-04 03:11:00,132.662,132.665,132.665,132.654,132.684,132.686,132.686,132.675,111
2015-11-04 03:11:00,2015-11-04 03:12:00,132.665,132.674,132.68,132.664,132.686,132.695,132.702,132.687,165
2015-11-04 03:12:00,2015-11-04 03:13:00,132.674,132.667,132.685,132.667,132.695,132.69,132.706,132.688,116
2015-11-04 03:13:00,2015-11-04 03:14:00,132.667,132.67,132.678,132.654,132.69,132.693,132.7,132.675,166
2015-11-04 03:14:00,2015-11-04 03:15:00,132.67,132.667,132.678,132.665,132.693,132.688,132.701,132.685,133
2015-11-04 03:15:00,2015-11-04 03:16:00,132.667,132.663,132.669,132.648,132.688,132.686,132.69,132.671,143
2015-11-04 03:16:00,2015-11-04 03:17:00,132.663,132.667,132.671,132.663,132.686,132.689,132.691,132.685,42
2015-11-04 03:17:00,2015-11-04 03:18:00,132.667,132.664,132.673,132.662,132.689,132.686,132.695,132.684,130
2015-11-04 03:18:00,2015-11-04 03:19:00,132.664,132.661,132.664,132.66,132.686,132.682,132.687,132.68,35
2015-11-04 03:19:00,2015-11-04 03:20:00,132.661,132.655,132.661,132.654,132.682,132.677,132.681,132.676,37
2015-11-04 03:20:00,2015-11-04 03:21:00,132.655,132.661,132.667,132.654,132.677,132.684,132.691,132.674,96
2015-11-04 03:21:00,2015-11-04 03:22:00,132.661,132.666,132.666,132.661,132.684,132.689,132.69,132.685,14
2015-11-04 03:22:00,2015-11-04 03:23:00,132.666,132.682,132.683,132.666,132.689,132.702,132.706,132.689,32
2015-11-04 03:23:00,2015-11-04 03:24:00,132.682,132.681,132.688,132.677,132.702,132.703,132.711,132.697,214
2015-11-04 03:24:00,2015-11-04 03:25:00,132.681,132.684,132.687,132.681,132.703,132.707,132.707,132.702,55
2015-11-04 03:25:00,2015-11-04 03:26:00,132.684,132.689,132.692,132.682,132.707,132.712,132.713,132.705,92
2015-11-04 03:26:00,2015-11-04 03:27:00,132.689,132.713,132.713,132.689,132.712,132.737,132.737,132.713,186
2015-11-04 03:27:00,2015-11-04 03:28:00,132.713,132.693,132.715,132.692,132.737,132.715,132.736,132.714,183
2015-11-04 03:28:00,2015-11-04 03:29:00,132.693,132.701,132.704,132.693,132.715,132.722,132.726,132.714,88
2015-11-04 03:29:00,2015-11-04 03:30:00,132.701,132.703,132.705,132.696,132.722,132.722,132.727,132.716,190
2015-11-04 03:30:00,2015-11-04 03:31:00,132.703,132.706,132.713,132.7,132.722,132.727,132.734,132.719,158
2015-11-04 03:31:00,2015-11-04 03:32:00,132.706,132.703,132.705,132.699,132.727,132.724,132.727,132.719,139
2015-11-04 03:32:00,2015-11-04 03:33:00,132.703,132.703,132.707,132.701,132.724,132.723,132.728,132.72,129
2015-11-04 03:33:00,2015-11-04 03:34:00,132.703,132.701,132.706,132.695,132.723,132.72,132.728,132.714,204
2015-11-04 03:34:00,2015-11-04 03:35:00,132.701,132.71,132.711,132.701,132.72,132.731,132.733,132.72,145
2015-11-04 03:35:00,2015-11-04 03:36:00,132.71,132.71,132.713,132.704,132.731,132.732,132.735,132.724,134
2015-11-04 03:36:00,2015-11-04 03:37:00,132.71,132.71,132.711,132.704,132.732,132.732,132.733,132.725,80
2015-11-04 03:37:00,2015-11-04 03:38:00,132.71,132.702,132.712,132.698,132.732,132.724,132.735,132.719,198
2015-11-04 03:38:00,2015-11-04 03:39:00,132.702,132.707,132.715,132.701,132.724,132.729,132.736,132.723,53
2015-11-04 03:39:00,2015-11-04 03:40:00,132.707,132.709,132.718,132.706,132.729,132.73,132.739,132.725,92
2015-11-04 03:40:00,2015-11-04 03:41:00,132.709,132.713,132.717,132.708,132.73,132.733,132.737,132.729,89
2015-11-04 03:41:00,2015-11-04 03:42:00,132.713,132.707,132.716,132.705,132.733,132.727,132.736,132.724,109
2015-11-04 03:42:00,2015-11-04 03:43:00,132.707,132.714,132.715,132.705,132.727,132.736,132.737,132.726,51
2015-11-04 03:43:00,2015-11-04 03:44:00,132.714,132.71,132.713,132.702,132.736,132.732,132.736,132.723,121
2015-11-04 03:44:00,2015-11-04 03:45:00,132.71,132.713,132.717,132.709,132.732,132.735,132.737,132.732,83
2015-11-04 03:45:00,2015-11-04 03:46:00,132.713,132.724,132.724,132.711,132.735,132.746,132.746,132.731,105
2015-11-04 03:46:00,2015-11-04 03:47:00,132.724,132.724,132.726,132.723,132.746,132.746,132.749,132.741,43
2015-11-04 03:47:00,2015-11-04 03:48:00,132.724,132.721,132.727,132.721,132.746,132.743,132.749,132.743,45
2015-11-04 03:48:00,2015-11-04 03:49:00,132.721,132.724,132.724,132.721,132.743,132.746,132.747,132.741,34
2015-11-04 03:49:00,2015-11-04 03:50:00,132.724,132.724,132.724,132.724,132.746,132.745,132.747,132.744,17
2015-11-04 03:50:00,2015-11-04 03:51:00,132.724,132.72,132.724,132.713,132.745,132.742,132.746,132.736,129
2015-11-04 03:51:00,2015-11-04 03:52:00,132.72,132.716,132.722,132.712,132.742,132.738,132.744,132.733,52
2015-11-04 03:52:00,2015-11-04 03:53:00,132.716,132.707,132.716,132.702,132.738,132.727,132.737,132.723,55
2015-11-04 03:53:00,2015-11-04 03:54:00,132.707,132.709,132.71,132.705,132.727,132.732,132.732,132.725,57
2015-11-04 03:54:00,2015-11-04 03:55:00,132.709,132.722,132.722,132.708,132.732,132.744,132.744,132.729,168
2015-11-04 03:55:00,2015-11-04 03:56:00,132.722,132.721,132.724,132.718,132.744,132.742,132.747,132.74,95
2015-11-04 03:56:00,2015-11-04 03:57:00,132.721,132.723,132.723,132.72,132.742,132.745,132.745,132.742,26
2015-11-04 03:57:00,2015-11-04 03:58:00,132.723,132.723,132.727,132.718,132.745,132.743,132.747,132.739,47
2015-11-04 03:58:00,2015-11-04 03:59:00,132.723,132.726,132.727,132.722,132.743,132.749,132.75,132.743,62
2015-11-04 03:59:00,2015-11-04 04:00:00,132.726,132.718,132.726,132.712,132.749,132.739,132.748,132.732,129
2015-11-04 04:00:00,2015-11-04 04:01:00,132.718,132.708,132.72,132.704,132.739,132.729,132.741,132.723,86
2015-11-04 04:01:00,2015-11-04 04:02:00,132.708,132.715,132.719,132.704,132.729,132.736,132.739,132.724,80
2015-11-04 04:02:00,2015-11-04 04:03:00,132.715,132.709,132.716,132.705,132.736,132.73,132.736,132.725,85
2015-11-04 04:03:00,2015-11-04 04:04:00,132.709,132.722,132.724,132.708,132.73,132.744,132.746,132.73,80
2015-11-04 04:04:00,2015-11-04 04:05:00,132.722,132.722,132.724,132.721,132.744,132.743,132.746,132.741,47
2015-11-04 04:05:00,2015-11-04 04:06:00,132.722,132.723,132.724,132.722,132.743,132.743,132.746,132.743,12
2015-11-04 04:06:00,2015-11-04 04:07:00,132.723,132.729,132.731,132.711,132.743,132.75,132.753,132.731,137
2015-11-04 04:07:00,2015-11-04 04:08:00,132.729,132.718,132.73,132.714,132.75,132.74,132.753,132.738,105
2015-11-04 04:08:00,2015-11-04 04:09:00,132.718,132.732,132.733,132.716,132.74,132.752,132.753,132.739,60
2015-11-04 04:09:00,2015-11-04 04:10:00,132.732,132.725,132.732,132.723,132.752,132.748,132.753,132.747,54
2015-11-04 04:10:00,2015-11-04 04:11:00,132.725,132.724,132.731,132.724,132.748,132.746,132.752,132.746,57
2015-11-04 04:11:00,2015-11-04 04:12:00,132.724,132.751,132.756,132.725,132.746,132.772,132.776,132.746,127
2015-11-04 04:12:00,2015-11-04 04:13:00,132.751,132.723,132.75,132.722,132.772,132.746,132.772,132.744,218
2015-11-04 04:13:00,2015-11-04 04:14:00,132.723,132.731,132.732,132.718,132.746,132.751,132.753,132.738,134
2015-11-04 04:14:00,2015-11-04 04:15:00,132.731,132.719,132.732,132.719,132.751,132.74,132.754,132.74,124
2015-11-04 04:15:00,2015-11-04 04:16:00,132.719,132.717,132.726,132.717,132.74,132.735,132.747,132.735,78
2015-11-04 04:16:00,2015-11-04 04:17:00,132.717,132.693,132.717,132.693,132.735,132.714,132.735,132.714,118
2015-11-04 04:17:00,2015-11-04 04:18:00,132.693,132.701,132.708,132.69,132.714,132.722,132.729,132.711,102
2015-11-04 04:18:00,2015-11-04 04:19:00,132.701,132.7,132.705,132.691,132.722,132.72,132.724,132.711,105
2015-11-04 04:19:00,2015-11-04 04:20:00,132.7,132.708,132.708,132.699,132.72,132.726,132.726,132.718,42
2015-11-04 04:20:00,2015-11-04 04:21:00,132.708,132.718,132.718,132.703,132.726,132.736,132.737,132.723,70
2015-11-04 04:21:00,2015-11-04 04:22:00,132.718,132.726,132.732,132.715,132.736,132.747,132.75,132.734,132
2015-11-04 04:22:00,2015-11-04 04:23:00,132.726,132.718,132.727,132.714,132.747,132.739,132.747,132.735,83
2015-11-04 04:23:00,2015-11-04 04:24:00,132.718,132.696,132.718,132.693,132.739,132.715,132.739,132.713,354
2015-11-04 04:24:00,2015-11-04 04:25:00,132.696,132.695,132.696,132.684,132.715,132.712,132.715,132.702,371
2015-11-04 04:25:00,2015-11-04 04:26:00,132.695,132.693,132.697,132.689,132.712,132.712,132.715,132.706,217
2015-11-04 04:26:00,2015-11-04 04:27:00,132.693,132.697,132.702,132.687,132.712,132.717,132.721,132.707,375
2015-11-04 04:27:00,2015-11-04 04:28:00,132.697,132.696,132.702,132.687,132.717,132.716,132.721,132.706,440
2015-11-04 04:28:00,2015-11-04 04:29:00,132.696,132.687,132.697,132.68,132.716,132.707,132.716,132.702,478
2015-11-04 04:29:00,2015-11-04 04:30:00,132.687,132.686,132.694,132.684,132.707,132.706,132.713,132.703,578
2015-11-04 04:30:00,2015-11-04 04:31:00,132.686,132.688,132.69,132.678,132.706,132.705,132.709,132.697,269
2015-11-04 04:31:00,2015-11-04 04:32:00,132.688,132.699,132.7,132.686,132.705,132.717,132.719,132.705,182
2015-11-04 04:32:00,2015-11-04 04:33:00,132.699,132.709,132.717,132.695,132.717,132.73,132.737,132.714,131
2015-11-04 04:33:00,2015-11-04 04:34:00,132.709,132.71,132.71,132.709,132.73,132.73,132.732,132.729,27
2015-11-04 04:34:00,2015-11-04 04:35:00,132.71,132.684,132.714,132.684,132.73,132.704,132.734,132.704,130
2015-11-04 04:35:00,2015-11-04 04:36:00,132.684,132.684,132.686,132.677,132.704,132.703,132.707,132.697,55
2015-11-04 04:36:00,2015-11-04 04:37:00,132.684,132.698,132.698,132.683,132.703,132.718,132.718,132.703,39
2015-11-04 04:37:00,2015-11-04 04:38:00,132.698,132.681,132.699,132.677,132.718,132.703,132.718,132.698,113
2015-11-04 04:38:00,2015-11-04 04:39:00,132.681,132.685,132.685,132.681,132.703,132.703,132.705,132.7,54
2015-11-04 04:39:00,2015-11-04 04:40:00,132.685,132.681,132.686,132.68,132.703,132.702,132.704,132.7,99
2015-11-04 04:40:00,2015-11-04 04:41:00,132.681,132.671,132.685,132.671,132.702,132.691,132.703,132.691,103
2015-11-04 04:41:00,2015-11-04 04:42:00,132.671,132.663,132.674,132.663,132.691,132.684,132.693,132.683,52
2015-11-04 04:42:00,2015-11-04 04:43:00,132.663,132.662,132.668,132.658,132.684,132.685,132.69,132.682,102
2015-11-04 04:43:00,2015-11-04 04:44:00,132.662,132.665,132.665,132.658,132.685,132.687,132.688,132.683,79
2015-11-04 04:44:00,2015-11-04 04:45:00,132.665,132.671,132.673,132.663,132.687,132.691,132.695,132.684,79
2015-11-04 04:45:00,2015-11-04 04:46:00,132.671,132.673,132.675,132.666,132.691,132.694,132.695,132.689,117
2015-11-04 04:46:00,2015-11-04 04:47:00,132.673,132.676,132.679,132.668,132.694,132.697,132.7,132.688,99
2015-11-04 04:47:00,2015-11-04 04:48:00,132.676,132.673,132.681,132.669,132.697,132.694,132.7,132.689,127
2015-11-04 04:48:00,2015-11-04 04:49:00,132.673,132.67,132.673,132.668,132.694,132.692,132.694,132.69,32
2015-11-04 04:49:00,2015-11-04 04:50:00,132.67,132.662,132.672,132.66,132.692,132.685,132.693,132.683,90
2015-11-04 04:50:00,2015-11-04 04:51:00,132.662,132.657,132.664,132.656,132.685,132.68,132.686,132.677,98
2015-11-04 04:51:00,2015-11-04 04:52:00,132.657,132.661,132.664,132.649,132.68,132.683,132.685,132.671,116
2015-11-04 04:52:00,2015-11-04 04:53:00,132.661,132.665,132.666,132.66,132.683,132.689,132.69,132.681,60
2015-11-04 04:53:00,2015-11-04 04:54:00,132.665,132.667,132.67,132.666,132.689,132.691,132.693,132.688,59
2015-11-04 04:54:00,2015-11-04 04:55:00,132.667,132.675,132.675,132.668,132.691,132.696,132.698,132.691,76
2015-11-04 04:55:00,2015-11-04 04:56:00,132.675,132.67,132.678,132.669,132.696,132.692,132.7,132.691,120
2015-11-04 04:56:00,2015-11-04 04:57:00,132.67,132.669,132.678,132.666,132.692,132.692,132.701,132.688,247
2015-11-04 04:57:00,2015-11-04 04:58:00,132.669,132.673,132.674,132.67,132.692,132.695,132.697,132.69,41
2015-11-04 04:58:00,2015-11-04 04:59:00,132.673,132.691,132.701,132.674,132.695,132.713,132.724,132.695,199
2015-11-04 04:59:00,2015-11-04 05:00:00,132.691,132.684,132.693,132.677,132.713,132.704,132.716,132.699,208
2015-11-04 05:00:00,2015-11-04 05:01:00,132.684,132.685,132.69,132.678,132.704,132.707,132.709,132.699,93
2015-11-04 05:01:00,2015-11-04 05:02:00,132.685,132.695,132.699,132.684,132.707,132.718,132.723,132.707,223
2015-11-04 05:02:00,2015-11-04 05:03:00,132.695,132.68,132.696,132.68,132.718,132.704,132.719,132.703,136
2015-11-04 05:03:00,2015-11-04 05:04:00,132.68,132.678,132.687,132.67,132.704,132.7,132.71,132.692,237
2015-11-04 05:04:00,2015-11-04 05:05:00,132.678,132.667,132.677,132.651,132.7,132.69,132.7,132.675,338
2015-11-04 05:05:00,2015-11-04 05:06:00,132.667,132.669,132.671,132.654,132.69,132.691,132.694,132.678,122
2015-11-04 05:06:00,2015-11-04 05:07:00,132.669,132.666,132.674,132.653,132.691,132.688,132.696,132.675,196
2015-11-04 05:07:00,2015-11-04 05:08:00,132.666,132.66,132.671,132.655,132.688,132.681,132.693,132.677,67
2015-11-04 05:08:00,2015-11-04 05:09:00,132.66,132.671,132.673,132.66,132.681,132.695,132.697,132.682,71
2015-11-04 05:09:00,2015-11-04 05:10:00,132.671,132.677,132.681,132.671,132.695,132.701,132.702,132.695,48
2015-11-04 05:10:00,2015-11-04 05:11:00,132.677,132.686,132.689,132.676,132.701,132.707,132.711,132.699,107
2015-11-04 05:11:00,2015-11-04 05:12:00,132.686,132.682,132.689,132.677,132.707,132.703,132.708,132.698,126
2015-11-04 05:12:00,2015-11-04 05:13:00,132.682,132.682,132.69,132.68,132.703,132.703,132.712,132.702,100
2015-11-04 05:13:00,2015-11-04 05:14:00,132.682,132.654,132.684,132.65,132.703,132.675,132.705,132.671,229
2015-11-04 05:14:00,2015-11-04 05:15:00,132.654,132.644,132.654,132.641,132.675,132.665,132.677,132.663,125
2015-11-04 05:15:00,2015-11-04 05:16:00,132.644,132.632,132.643,132.631,132.665,132.655,132.665,132.653,84
2015-11-04 05:16:00,2015-11-04 05:17:00,132.632,132.612,132.634,132.606,132.655,132.634,132.656,132.629,178
2015-11-04 05:17:00,2015-11-04 05:18:00,132.612,132.616,132.616,132.594,132.634,132.637,132.637,132.614,161
2015-11-04 05:18:00,2015-11-04 05:19:00,132.616,132.615,132.624,132.607,132.637,132.636,132.646,132.626,151
2015-11-04 05:19:00,2015-11-04 05:20:00,132.615,132.607,132.623,132.599,132.636,132.629,132.644,132.623,210
2015-11-04 05:20:00,2015-11-04 05:21:00,132.607,132.619,132.62,132.605,132.629,132.637,132.642,132.627,97
2015-11-04 05:21:00,2015-11-04 05:22:00,132.619,132.603,132.622,132.603,132.637,132.621,132.644,132.621,216
2015-11-04 05:22:00,2015-11-04 05:23:00,132.603,132.613,132.614,132.595,132.621,132.635,132.637,132.615,158
2015-11-04 05:23:00,2015-11-04 05:24:00,132.613,132.609,132.614,132.597,132.635,132.63,132.637,132.619,131
2015-11-04 05:24:00,2015-11-04 05:25:00,132.609,132.611,132.612,132.592,132.63,132.632,132.634,132.613,262
2015-11-04 05:25:00,2015-11-04 05:26:00,132.611,132.59,132.611,132.584,132.632,132.612,132.633,132.607,197
2015-11-04 05:26:00,2015-11-04 05:27:00,132.59,132.603,132.606,132.586,132.612,132.625,132.628,132.605,166
2015-11-04 05:27:00,2015-11-04 05:28:00,132.603,132.618,132.631,132.6,132.625,132.64,132.651,132.622,228
2015-11-04 05:28:00,2015-11-04 05:29:00,132.618,132.639,132.643,132.619,132.64,132.661,132.662,132.64,156
2015-11-04 05:29:00,2015-11-04 05:30:00,132.639,132.635,132.641,132.628,132.661,132.659,132.662,132.651,171
2015-11-04 05:30:00,2015-11-04 05:31:00,132.635,132.631,132.645,132.631,132.659,132.654,132.666,132.654,131
2015-11-04 05:31:00,2015-11-04 05:32:00,132.631,132.638,132.641,132.631,132.654,132.659,132.663,132.652,76
2015-11-04 05:32:00,2015-11-04 05:33:00,132.638,132.643,132.652,132.63,132.659,132.665,132.675,132.652,204
2015-11-04 05:33:00,2015-11-04 05:34:00,132.643,132.647,132.662,132.64,132.665,132.671,132.683,132.664,135
2015-11-04 05:34:00,2015-11-04 05:35:00,132.647,132.648,132.65,132.644,132.671,132.67,132.674,132.667,95
2015-11-04 05:35:00,2015-11-04 05:36:00,132.648,132.65,132.653,132.639,132.67,132.672,132.675,132.662,104
2015-11-04 05:36:00,2015-11-04 05:37:00,132.65,132.642,132.651,132.635,132.672,132.665,132.675,132.657,108
2015-11-04 05:37:00,2015-11-04 05:38:00,132.642,132.644,132.654,132.638,132.665,132.666,132.677,132.658,309
2015-11-04 05:38:00,2015-11-04 05:39:00,132.644,132.634,132.643,132.63,132.666,132.656,132.666,132.653,83
2015-11-04 05:39:00,2015-11-04 05:40:00,132.634,132.64,132.64,132.626,132.656,132.664,132.664,132.649,166
2015-11-04 05:40:00,2015-11-04 05:41:00,132.64,132.627,132.645,132.621,132.664,132.651,132.668,132.645,225
2015-11-04 05:41:00,2015-11-04 05:42:00,132.627,132.629,132.645,132.622,132.651,132.652,132.667,132.645,176
2015-11-04 05:42:00,2015-11-04 05:43:00,132.629,132.645,132.647,132.624,132.652,132.668,132.671,132.645,173
2015-11-04 05:43:00,2015-11-04 05:44:00,132.645,132.653,132.658,132.643,132.668,132.675,132.68,132.666,198
2015-11-04 05:44:00,2015-11-04 05:45:00,132.653,132.64,132.663,132.64,132.675,132.663,132.687,132.663,204
2015-11-04 05:45:00,2015-11-04 05:46:00,132.64,132.632,132.64,132.631,132.663,132.656,132.664,132.654,54
2015-11-04 05:46:00,2015-11-04 05:47:00,132.632,132.645,132.648,132.632,132.656,132.668,132.671,132.655,87
2015-11-04 05:47:00,2015-11-04 05:48:00,132.645,132.648,132.648,132.641,132.668,132.671,132.672,132.663,75
2015-11-04 05:48:00,2015-11-04 05:49:00,132.648,132.651,132.651,132.639,132.671,132.673,132.675,132.662,114
2015-11-04 05:49:00,2015-11-04 05:50:00,132.651,132.647,132.654,132.647,132.673,132.67,132.677,132.67,90
2015-11-04 05:50:00,2015-11-04 05:51:00,132.647,132.658,132.661,132.647,132.67,132.681,132.683,132.67,131
2015-11-04 05:51:00,2015-11-04 05:52:00,132.658,132.655,132.657,132.651,132.681,132.678,132.681,132.674,53
2015-11-04 05:52:00,2015-11-04 05:53:00,132.655,132.655,132.658,132.654,132.678,132.678,132.681,132.678,24
2015-11-04 05:53:00,2015-11-04 05:54:00,132.655,132.658,132.664,132.654,132.678,132.681,132.688,132.675,91
2015-11-04 05:54:00,2015-11-04 05:55:00,132.658,132.65,132.658,132.647,132.681,132.673,132.682,132.669,145
2015-11-04 05:55:00,2015-11-04 05:56:00,132.65,132.662,132.667,132.648,132.673,132.684,132.689,132.67,187
2015-11-04 05:56:00,2015-11-04 05:57:00,132.662,132.673,132.673,132.663,132.684,132.696,132.697,132.684,129
2015-11-04 05:57:00,2015-11-04 05:58:00,132.673,132.688,132.689,132.67,132.696,132.707,132.711,132.691,137
2015-11-04 05:58:00,2015-11-04 05:59:00,132.688,132.705,132.709,132.688,132.707,132.727,132.73,132.706,252
2015-11-04 05:59:00,2015-11-04 06:00:00,132.705,132.665,132.707,132.649,132.727,132.687,132.727,132.672,303
2015-11-04 06:00:00,2015-11-04 06:01:00,132.665,132.654,132.666,132.651,132.687,132.677,132.689,132.675,145
2015-11-04 06:01:00,2015-11-04 06:02:00,132.654,132.641,132.659,132.633,132.677,132.663,132.682,132.652,152
2015-11-04 06:02:00,2015-11-04 06:03:00,132.641,132.619,132.641,132.619,132.663,132.641,132.663,132.641,324
2015-11-04 06:03:00,2015-11-04 06:04:00,132.619,132.624,132.624,132.609,132.641,132.646,132.646,132.634,134
2015-11-04 06:04:00,2015-11-04 06:05:00,132.624,132.613,132.628,132.611,132.646,132.634,132.651,132.634,147
2015-11-04 06:05:00,2015-11-04 06:06:00,132.613,132.604,132.613,132.604,132.634,132.623,132.636,132.623,72
2015-11-04 06:06:00,2015-11-04 06:07:00,132.604,132.559,132.604,132.557,132.623,132.583,132.622,132.577,166
2015-11-04 06:07:00,2015-11-04 06:08:00,132.559,132.539,132.567,132.537,132.583,132.561,132.59,132.56,179
2015-11-04 06:08:00,2015-11-04 06:09:00,132.539,132.538,132.543,132.534,132.561,132.563,132.566,132.555,165
2015-11-04 06:09:00,2015-11-04 06:10:00,132.538,132.527,132.544,132.527,132.563,132.547,132.567,132.547,126
2015-11-04 06:10:00,2015-11-04 06:11:00,132.527,132.506,132.525,132.497,132.547,132.526,132.547,132.517,190
2015-11-04 06:11:00,2015-11-04 06:12:00,132.506,132.511,132.518,132.498,132.526,132.536,132.541,132.52,185
2015-11-04 06:12:00,2015-11-04 06:13:00,132.511,132.537,132.537,132.506,132.536,132.559,132.56,132.53,179
2015-11-04 06:13:00,2015-11-04 06:14:00,132.537,132.53,132.543,132.528,132.559,132.553,132.565,132.551,123
2015-11-04 06:14:00,2015-11-04 06:15:00,132.53,132.526,132.534,132.518,132.553,132.548,132.558,132.541,162
2015-11-04 06:15:00,2015-11-04 06:16:00,132.526,132.521,132.528,132.517,132.548,132.544,132.549,132.539,106
2015-11-04 06:16:00,2015-11-04 06:17:00,132.521,132.551,132.555,132.515,132.544,132.574,132.577,132.536,139
2015-11-04 06:17:00,2015-11-04 06:18:00,132.551,132.545,132.554,132.545,132.574,132.567,132.577,132.566,65
2015-11-04 06:18:00,2015-11-04 06:19:00,132.545,132.541,132.552,132.54,132.567,132.563,132.574,132.563,41
2015-11-04 06:19:00,2015-11-04 06:20:00,132.541,132.55,132.555,132.54,132.563,132.574,132.577,132.562,120
2015-11-04 06:20:00,2015-11-04 06:21:00,132.55,132.544,132.551,132.537,132.574,132.566,132.575,132.561,77
2015-11-04 06:21:00,2015-11-04 06:22:00,132.544,132.539,132.545,132.534,132.566,132.563,132.568,132.557,84
2015-11-04 06:22:00,2015-11-04 06:23:00,132.539,132.536,132.541,132.534,132.563,132.56,132.565,132.558,56
2015-11-04 06:23:00,2015-11-04 06:24:00,132.536,132.535,132.538,132.528,132.56,132.557,132.557,132.549,123
2015-11-04 06:24:00,2015-11-04 06:25:00,132.535,132.548,132.55,132.529,132.557,132.57,132.571,132.55,133
2015-11-04 06:25:00,2015-11-04 06:26:00,132.548,132.547,132.552,132.542,132.57,132.569,132.574,132.564,72
2015-11-04 06:26:00,2015-11-04 06:27:00,132.547,132.535,132.549,132.533,132.569,132.556,132.57,132.555,129
2015-11-04 06:27:00,2015-11-04 06:28:00,132.535,132.549,132.55,132.527,132.556,132.572,132.573,132.55,179
2015-11-04 06:28:00,2015-11-04 06:29:00,132.549,132.506,132.549,132.505,132.572,132.528,132.572,132.527,337
2015-11-04 06:29:00,2015-11-04 06:30:00,132.506,132.543,132.55,132.504,132.528,132.565,132.574,132.525,264
2015-11-04 06:30:00,2015-11-04 06:31:00,132.543,132.548,132.55,132.539,132.565,132.571,132.574,132.563,77
2015-11-04 06:31:00,2015-11-04 06:32:00,132.548,132.534,132.552,132.53,132.571,132.558,132.575,132.552,124
2015-11-04 06:32:00,2015-11-04 06:33:00,132.534,132.549,132.549,132.53,132.558,132.574,132.574,132.554,94
2015-11-04 06:33:00,2015-11-04 06:34:00,132.549,132.528,132.551,132.52,132.574,132.552,132.576,132.545,114
2015-11-04 06:34:00,2015-11-04 06:35:00,132.528,132.515,132.528,132.509,132.552,132.538,132.552,132.532,154
2015-11-04 06:35:00,2015-11-04 06:36:00,132.515,132.531,132.532,132.514,132.538,132.555,132.555,132.538,127
2015-11-04 06:36:00,2015-11-04 06:37:00,132.531,132.56,132.56,132.53,132.555,132.583,132.583,132.554,155
2015-11-04 06:37:00,2015-11-04 06:38:00,132.56,132.566,132.578,132.556,132.583,132.589,132.6,132.58,202
2015-11-04 06:38:00,2015-11-04 06:39:00,132.566,132.575,132.583,132.559,132.589,132.599,132.608,132.583,200
2015-11-04 06:39:00,2015-11-04 06:40:00,132.575,132.582,132.59,132.575,132.599,132.607,132.613,132.6,82
2015-11-04 06:40:00,2015-11-04 06:41:00,132.582,132.58,132.586,132.577,132.607,132.605,132.609,132.601,66
2015-11-04 06:41:00,2015-11-04 06:42:00,132.58,132.579,132.588,132.578,132.605,132.604,132.609,132.602,97
2015-11-04 06:42:00,2015-11-04 06:43:00,132.579,132.583,132.584,132.58,132.604,132.607,132.608,132.604,93
2015-11-04 06:43:00,2015-11-04 06:44:00,132.583,132.587,132.588,132.582,132.607,132.608,132.611,132.607,34
2015-11-04 06:44:00,2015-11-04 06:45:00,132.587,132.589,132.593,132.583,132.608,132.611,132.614,132.604,88
2015-11-04 06:45:00,2015-11-04 06:46:00,132.589,132.571,132.59,132.571,132.611,132.593,132.612,132.592,108
2015-11-04 06:46:00,2015-11-04 06:47:00,132.571,132.563,132.571,132.562,132.593,132.584,132.592,132.583,108
2015-11-04 06:47:00,2015-11-04 06:48:00,132.563,132.562,132.566,132.562,132.584,132.583,132.586,132.583,24
2015-11-04 06:48:00,2015-11-04 06:49:00,132.562,132.553,132.561,132.543,132.583,132.574,132.583,132.566,118
2015-11-04 06:49:00,2015-11-04 06:50:00,132.553,132.56,132.562,132.554,132.574,132.582,132.584,132.574,65
2015-11-04 06:50:00,2015-11-04 06:51:00,132.56,132.567,132.567,132.559,132.582,132.587,132.587,132.58,130
2015-11-04 06:51:00,2015-11-04 06:52:00,132.567,132.545,132.576,132.543,132.587,132.566,132.597,132.565,146
2015-11-04 06:52:00,2015-11-04 06:53:00,132.545,132.55,132.564,132.543,132.566,132.572,132.587,132.564,138
2015-11-04 06:53:00,2015-11-04 06:54:00,132.55,132.53,132.552,132.528,132.572,132.552,132.573,132.549,138
2015-11-04 06:54:00,2015-11-04 06:55:00,132.53,132.526,132.538,132.525,132.552,132.548,132.559,132.544,102
2015-11-04 06:55:00,2015-11-04 06:56:00,132.526,132.531,132.531,132.517,132.548,132.552,132.553,132.538,100
2015-11-04 06:56:00,2015-11-04 06:57:00,132.531,132.534,132.545,132.525,132.552,132.555,132.566,132.544,158
2015-11-04 06:57:00,2015-11-04 06:58:00,132.534,132.542,132.543,132.533,132.555,132.562,132.562,132.553,81
2015-11-04 06:58:00,2015-11-04 06:59:00,132.542,132.52,132.543,132.52,132.562,132.541,132.563,132.541,71
2015-11-04 06:59:00,2015-11-04 07:00:00,132.52,132.486,132.527,132.486,132.541,132.509,132.547,132.509,286
2015-11-04 07:00:00,2015-11-04 07:01:00,132.486,132.483,132.498,132.483,132.509,132.504,132.522,132.504,245
2015-11-04 07:01:00,2015-11-04 07:02:00,132.483,132.484,132.493,132.476,132.504,132.507,132.515,132.5,268
2015-11-04 07:02:00,2015-11-04 07:03:00,132.484,132.438,132.486,132.438,132.507,132.461,132.51,132.461,511
2015-11-04 07:03:00,2015-11-04 07:04:00,132.438,132.475,132.476,132.437,132.461,132.497,132.497,132.46,264
2015-11-04 07:04:00,2015-11-04 07:05:00,132.475,132.478,132.478,132.456,132.497,132.501,132.501,132.479,239
2015-11-04 07:05:00,2015-11-04 07:06:00,132.478,132.432,132.481,132.432,132.501,132.455,132.503,132.455,178
2015-11-04 07:06:00,2015-11-04 07:07:00,132.432,132.447,132.453,132.43,132.455,132.469,132.475,132.453,358
2015-11-04 07:07:00,2015-11-04 07:08:00,132.447,132.444,132.459,132.442,132.469,132.466,132.481,132.466,190
2015-11-04 07:08:00,2015-11-04 07:09:00,132.444,132.433,132.455,132.427,132.466,132.455,132.477,132.448,308
2015-11-04 07:09:00,2015-11-04 07:10:00,132.433,132.415,132.447,132.36,132.455,132.435,132.469,132.383,702
2015-11-04 07:10:00,2015-11-04 07:11:00,132.415,132.395,132.424,132.389,132.435,132.418,132.447,132.413,625
2015-11-04 07:11:00,2015-11-04 07:12:00,132.395,132.409,132.416,132.388,132.418,132.433,132.439,132.412,487
2015-11-04 07:12:00,2015-11-04 07:13:00,132.409,132.403,132.423,132.397,132.433,132.427,132.446,132.421,285
2015-11-04 07:13:00,2015-11-04 07:14:00,132.403,132.39,132.413,132.389,132.427,132.413,132.436,132.411,352
2015-11-04 07:14:00,2015-11-04 07:15:00,132.39,132.361,132.391,132.357,132.413,132.384,132.414,132.379,463
2015-11-04 07:15:00,2015-11-04 07:16:00,132.361,132.394,132.395,132.346,132.384,132.417,132.42,132.37,553
2015-11-04 07:16:00,2015-11-04 07:17:00,132.394,132.392,132.405,132.39,132.417,132.416,132.428,132.412,191
2015-11-04 07:17:00,2015-11-04 07:18:00,132.392,132.355,132.406,132.352,132.416,132.378,132.43,132.376,359
2015-11-04 07:18:00,2015-11-04 07:19:00,132.355,132.388,132.388,132.343,132.378,132.408,132.409,132.365,248
2015-11-04 07:19:00,2015-11-04 07:20:00,132.388,132.396,132.411,132.387,132.408,132.418,132.434,132.408,197
2015-11-04 07:20:00,2015-11-04 07:21:00,132.396,132.38,132.405,132.373,132.418,132.403,132.426,132.397,286
2015-11-04 07:21:00,2015-11-04 07:22:00,132.38,132.375,132.396,132.373,132.403,132.397,132.42,132.394,347
2015-11-04 07:22:00,2015-11-04 07:23:00,132.375,132.392,132.396,132.376,132.397,132.415,132.419,132.397,187
2015-11-04 07:23:00,2015-11-04 07:24:00,132.392,132.378,132.395,132.377,132.415,132.402,132.416,132.4,166
2015-11-04 07:24:00,2015-11-04 07:25:00,132.378,132.394,132.394,132.378,132.402,132.415,132.418,132.401,256
2015-11-04 07:25:00,2015-11-04 07:26:00,132.394,132.404,132.419,132.394,132.415,132.427,132.442,132.413,251
2015-11-04 07:26:00,2015-11-04 07:27:00,132.404,132.379,132.404,132.373,132.427,132.399,132.427,132.394,294
2015-11-04 07:27:00,2015-11-04 07:28:00,132.379,132.339,132.379,132.338,132.399,132.363,132.4,132.361,329
2015-11-04 07:28:00,2015-11-04 07:29:00,132.339,132.344,132.353,132.326,132.363,132.368,132.377,132.348,361
2015-11-04 07:29:00,2015-11-04 07:30:00,132.344,132.321,132.35,132.32,132.368,132.344,132.376,132.342,320
2015-11-04 07:30:00,2015-11-04 07:31:00,132.321,132.333,132.344,132.318,132.344,132.355,132.365,132.342,287
2015-11-04 07:31:00,2015-11-04 07:32:00,132.333,132.364,132.369,132.333,132.355,132.386,132.391,132.356,376
2015-11-04 07:32:00,2015-11-04 07:33:00,132.364,132.347,132.372,132.346,132.386,132.37,132.393,132.369,252
2015-11-04 07:33:00,2015-11-04 07:34:00,132.347,132.328,132.347,132.323,132.37,132.349,132.37,132.344,331
2015-11-04 07:34:00,2015-11-04 07:35:00,132.328,132.367,132.369,132.325,132.349,132.389,132.389,132.344,251
2015-11-04 07:35:00,2015-11-04 07:36:00,132.367,132.334,132.374,132.327,132.389,132.356,132.396,132.349,367
2015-11-04 07:36:00,2015-11-04 07:37:00,132.334,132.384,132.385,132.33,132.356,132.406,132.406,132.352,361
2015-11-04 07:37:00,2015-11-04 07:38:00,132.384,132.357,132.401,132.355,132.406,132.38,132.423,132.379,242
2015-11-04 07:38:00,2015-11-04 07:39:00,132.357,132.353,132.362,132.333,132.38,132.374,132.382,132.358,414
2015-11-04 07:39:00,2015-11-04 07:40:00,132.353,132.397,132.399,132.35,132.374,132.419,132.419,132.371,504
2015-11-04 07:40:00,2015-11-04 07:41:00,132.397,132.385,132.402,132.375,132.419,132.409,132.425,132.397,399
2015-11-04 07:41:00,2015-11-04 07:42:00,132.385,132.402,132.413,132.384,132.409,132.424,132.433,132.408,453
2015-11-04 07:42:00,2015-11-04 07:43:00,132.402,132.449,132.45,132.392,132.424,132.467,132.468,132.412,690
2015-11-04 07:43:00,2015-11-04 07:44:00,132.449,132.45,132.478,132.448,132.467,132.472,132.5,132.467,314
2015-11-04 07:44:00,2015-11-04 07:45:00,132.45,132.457,132.478,132.45,132.472,132.48,132.503,132.472,377
2015-11-04 07:45:00,2015-11-04 07:46:00,132.457,132.462,132.468,132.451,132.48,132.485,132.492,132.474,294
2015-11-04 07:46:00,2015-11-04 07:47:00,132.462,132.466,132.474,132.454,132.485,132.489,132.497,132.477,378
2015-11-04 07:47:00,2015-11-04 07:48:00,132.466,132.459,132.469,132.452,132.489,132.478,132.493,132.474,269
2015-11-04 07:48:00,2015-11-04 07:49:00,132.459,132.464,132.467,132.439,132.478,132.486,132.487,132.46,257
2015-11-04 07:49:00,2015-11-04 07:50:00,132.464,132.469,132.475,132.462,132.486,132.49,132.497,132.485,173
2015-11-04 07:50:00,2015-11-04 07:51:00,132.469,132.467,132.484,132.464,132.49,132.489,132.505,132.487,305
2015-11-04 07:51:00,2015-11-04 07:52:00,132.467,132.473,132.477,132.454,132.489,132.495,132.496,132.477,246
2015-11-04 07:52:00,2015-11-04 07:53:00,132.473,132.462,132.473,132.456,132.495,132.486,132.495,132.477,164
2015-11-04 07:53:00,2015-11-04 07:54:00,132.462,132.453,132.463,132.452,132.486,132.476,132.487,132.475,148
2015-11-04 07:54:00,2015-11-04 07:55:00,132.453,132.462,132.462,132.448,132.476,132.484,132.485,132.471,128
2015-11-04 07:55:00,2015-11-04 07:56:00,132.462,132.461,132.467,132.45,132.484,132.48,132.49,132.471,197
2015-11-04 07:56:00,2015-11-04 07:57:00,132.461,132.461,132.47,132.442,132.48,132.484,132.49,132.465,250
2015-11-04 07:57:00,2015-11-04 07:58:00,132.461,132.465,132.476,132.45,132.484,132.488,132.498,132.474,269
2015-11-04 07:58:00,2015-11-04 07:59:00,132.465,132.476,132.501,132.456,132.488,132.499,132.521,132.479,577
2015-11-04 07:59:00,2015-11-04 08:00:00,132.476,132.45,132.483,132.437,132.499,132.47,132.504,132.459,600
2015-11-04 08:00:00,2015-11-04 08:01:00,132.45,132.432,132.455,132.419,132.47,132.454,132.478,132.442,411
2015-11-04 08:01:00,2015-11-04 08:02:00,132.432,132.397,132.437,132.397,132.454,132.421,132.46,132.421,323
2015-11-04 08:02:00,2015-11-04 08:03:00,132.397,132.4,132.416,132.396,132.421,132.421,132.44,132.419,309
2015-11-04 08:03:00,2015-11-04 08:04:00,132.4,132.409,132.433,132.4,132.421,132.429,132.456,132.422,337
2015-11-04 08:04:00,2015-11-04 08:05:00,132.409,132.413,132.419,132.399,132.429,132.436,132.441,132.421,389
2015-11-04 08:05:00,2015-11-04 08:06:00,132.413,132.377,132.416,132.377,132.436,132.399,132.437,132.399,391
2015-11-04 08:06:00,2015-11-04 08:07:00,132.377,132.348,132.376,132.34,132.399,132.369,132.399,132.362,420
2015-11-04 08:07:00,2015-11-04 08:08:00,132.348,132.364,132.364,132.328,132.369,132.387,132.388,132.349,438
2015-11-04 08:08:00,2015-11-04 08:09:00,132.364,132.356,132.368,132.339,132.387,132.379,132.391,132.36,421
2015-11-04 08:09:00,2015-11-04 08:10:00,132.356,132.314,132.37,132.306,132.379,132.338,132.394,132.33,605
2015-11-04 08:10:00,2015-11-04 08:11:00,132.314,132.32,132.322,132.3,132.338,132.342,132.342,132.323,439
2015-11-04 08:11:00,2015-11-04 08:12:00,132.32,132.313,132.32,132.304,132.342,132.333,132.343,132.324,478
2015-11-04 08:12:00,2015-11-04 08:13:00,132.313,132.296,132.313,132.274,132.333,132.316,132.332,132.295,561
2015-11-04 08:13:00,2015-11-04 08:14:00,132.296,132.324,132.334,132.296,132.316,132.348,132.357,132.316,468
2015-11-04 08:14:00,2015-11-04 08:15:00,132.324,132.35,132.355,132.316,132.348,132.371,132.378,132.338,438
2015-11-04 08:15:00,2015-11-04 08:16:00,132.35,132.342,132.376,132.322,132.371,132.365,132.398,132.345,659
2015-11-04 08:16:00,2015-11-04 08:17:00,132.342,132.341,132.355,132.315,132.365,132.364,132.374,132.337,510
2015-11-04 08:17:00,2015-11-04 08:18:00,132.341,132.357,132.361,132.327,132.364,132.38,132.383,132.349,431
2015-11-04 08:18:00,2015-11-04 08:19:00,132.357,132.375,132.375,132.34,132.38,132.395,132.395,132.363,352
2015-11-04 08:19:00,2015-11-04 08:20:00,132.375,132.349,132.375,132.347,132.395,132.371,132.398,132.368,314
2015-11-04 08:20:00,2015-11-04 08:21:00,132.349,132.336,132.35,132.305,132.371,132.356,132.373,132.327,487
2015-11-04 08:21:00,2015-11-04 08:22:00,132.336,132.316,132.337,132.313,132.356,132.338,132.356,132.335,348
2015-11-04 08:22:00,2015-11-04 08:23:00,132.316,132.319,132.323,132.289,132.338,132.342,132.345,132.313,338
2015-11-04 08:23:00,2015-11-04 08:24:00,132.319,132.347,132.349,132.314,132.342,132.369,132.37,132.338,358
2015-11-04 08:24:00,2015-11-04 08:25:00,132.347,132.374,132.379,132.334,132.369,132.397,132.402,132.358,460
2015-11-04 08:25:00,2015-11-04 08:26:00,132.374,132.383,132.387,132.374,132.397,132.405,132.411,132.397,329
2015-11-04 08:26:00,2015-11-04 08:27:00,132.383,132.393,132.397,132.382,132.405,132.416,132.421,132.405,324
2015-11-04 08:27:00,2015-11-04 08:28:00,132.393,132.38,132.408,132.38,132.416,132.401,132.431,132.401,426
2015-11-04 08:28:00,2015-11-04 08:29:00,132.38,132.407,132.413,132.381,132.401,132.43,132.433,132.401,248
2015-11-04 08:29:00,2015-11-04 08:30:00,132.407,132.414,132.42,132.4,132.43,132.436,132.442,132.423,290
2015-11-04 08:30:00,2015-11-04 08:31:00,132.414,132.436,132.442,132.403,132.436,132.458,132.465,132.426,401
2015-11-04 08:31:00,2015-11-04 08:32:00,132.436,132.431,132.435,132.42,132.458,132.453,132.459,132.443,258
2015-11-04 08:32:00,2015-11-04 08:33:00,132.431,132.428,132.448,132.426,132.453,132.45,132.468,132.449,171
2015-11-04 08:33:00,2015-11-04 08:34:00,132.428,132.408,132.428,132.398,132.45,132.43,132.45,132.421,324
2015-11-04 08:34:00,2015-11-04 08:35:00,132.408,132.409,132.421,132.389,132.43,132.431,132.444,132.41,340
2015-11-04 08:35:00,2015-11-04 08:36:00,132.409,132.422,132.426,132.398,132.431,132.444,132.448,132.421,397
2015-11-04 08:36:00,2015-11-04 08:37:00,132.422,132.405,132.426,132.396,132.444,132.425,132.448,132.419,308
2015-11-04 08:37:00,2015-11-04 08:38:00,132.405,132.418,132.419,132.405,132.425,132.437,132.441,132.425,239
2015-11-04 08:38:00,2015-11-04 08:39:00,132.418,132.436,132.438,132.412,132.437,132.459,132.46,132.435,363
2015-11-04 08:39:00,2015-11-04 08:40:00,132.436,132.396,132.439,132.396,132.459,132.419,132.461,132.419,461
2015-11-04 08:40:00,2015-11-04 08:41:00,132.396,132.396,132.407,132.39,132.419,132.419,132.43,132.413,375
2015-11-04 08:41:00,2015-11-04 08:42:00,132.396,132.416,132.425,132.391,132.419,132.44,132.447,132.413,293
2015-11-04 08:42:00,2015-11-04 08:43:00,132.416,132.404,132.426,132.402,132.44,132.426,132.448,132.426,323
2015-11-04 08:43:00,2015-11-04 08:44:00,132.404,132.388,132.403,132.384,132.426,132.411,132.426,132.408,253
2015-11-04 08:44:00,2015-11-04 08:45:00,132.388,132.373,132.388,132.339,132.411,132.397,132.412,132.362,485
2015-11-04 08:45:00,2015-11-04 08:46:00,132.373,132.398,132.406,132.369,132.397,132.42,132.428,132.391,533
2015-11-04 08:46:00,2015-11-04 08:47:00,132.398,132.402,132.417,132.39,132.42,132.422,132.436,132.412,546
2015-11-04 08:47:00,2015-11-04 08:48:00,132.402,132.448,132.448,132.402,132.422,132.467,132.467,132.421,317
2015-11-04 08:48:00,2015-11-04 08:49:00,132.448,132.437,132.452,132.428,132.467,132.463,132.472,132.452,386
2015-11-04 08:49:00,2015-11-04 08:50:00,132.437,132.425,132.441,132.421,132.463,132.449,132.465,132.441,327
2015-11-04 08:50:00,2015-11-04 08:51:00,132.425,132.411,132.447,132.41,132.449,132.43,132.47,132.43,374
2015-11-04 08:51:00,2015-11-04 08:52:00,132.411,132.392,132.416,132.387,132.43,132.412,132.439,132.41,432
2015-11-04 08:52:00,2015-11-04 08:53:00,132.392,132.382,132.4,132.382,132.412,132.399,132.422,132.399,378
2015-11-04 08:53:00,2015-11-04 08:54:00,132.382,132.417,132.429,132.371,132.399,132.445,132.45,132.388,720
2015-11-04 08:54:00,2015-11-04 08:55:00,132.417,132.425,132.425,132.379,132.445,132.445,132.447,132.402,775
2015-11-04 08:55:00,2015-11-04 08:56:00,132.425,132.406,132.429,132.392,132.445,132.425,132.447,132.411,411
2015-11-04 08:56:00,2015-11-04 08:57:00,132.406,132.419,132.42,132.402,132.425,132.442,132.444,132.422,388
2015-11-04 08:57:00,2015-11-04 08:58:00,132.419,132.433,132.434,132.411,132.442,132.453,132.453,132.433,292
2015-11-04 08:58:00,2015-11-04 08:59:00,132.433,132.465,132.465,132.431,132.453,132.487,132.488,132.451,379
2015-11-04 08:59:00,2015-11-04 09:00:00,132.465,132.482,132.5,132.455,132.487,132.502,132.521,132.477,638
2015-11-04 09:00:00,2015-11-04 09:01:00,132.482,132.535,132.535,132.482,132.502,132.557,132.558,132.503,649
2015-11-04 09:01:00,2015-11-04 09:02:00,132.535,132.514,132.558,132.506,132.557,132.538,132.581,132.528,527
2015-11-04 09:02:00,2015-11-04 09:03:00,132.514,132.53,132.532,132.513,132.538,132.551,132.554,132.533,403
2015-11-04 09:03:00,2015-11-04 09:04:00,132.53,132.532,132.54,132.519,132.551,132.554,132.563,132.541,479
2015-11-04 09:04:00,2015-11-04 09:05:00,132.532,132.481,132.534,132.469,132.554,132.504,132.556,132.488,435
2015-11-04 09:05:00,2015-11-04 09:06:00,132.481,132.465,132.488,132.446,132.504,132.487,132.512,132.47,352
2015-11-04 09:06:00,2015-11-04 09:07:00,132.465,132.433,132.464,132.427,132.487,132.456,132.487,132.448,295
2015-11-04 09:07:00,2015-11-04 09:08:00,132.433,132.421,132.442,132.421,132.456,132.445,132.465,132.445,201
2015-11-04 09:08:00,2015-11-04 09:09:00,132.421,132.414,132.426,132.406,132.445,132.436,132.449,132.429,224
2015-11-04 09:09:00,2015-11-04 09:10:00,132.414,132.395,132.413,132.391,132.436,132.417,132.436,132.414,268
2015-11-04 09:10:00,2015-11-04 09:11:00,132.395,132.371,132.394,132.367,132.417,132.393,132.417,132.39,424
2015-11-04 09:11:00,2015-11-04 09:12:00,132.371,132.359,132.373,132.359,132.393,132.379,132.396,132.379,319
2015-11-04 09:12:00,2015-11-04 09:13:00,132.359,132.335,132.37,132.331,132.379,132.358,132.393,132.353,368
2015-11-04 09:13:00,2015-11-04 09:14:00,132.335,132.34,132.35,132.335,132.358,132.362,132.374,132.358,267
2015-11-04 09:14:00,2015-11-04 09:15:00,132.34,132.379,132.39,132.338,132.362,132.404,132.414,132.361,428
2015-11-04 09:15:00,2015-11-04 09:16:00,132.379,132.375,132.38,132.365,132.404,132.399,132.405,132.388,251
2015-11-04 09:16:00,2015-11-04 09:17:00,132.375,132.374,132.395,132.366,132.399,132.397,132.416,132.388,340
2015-11-04 09:17:00,2015-11-04 09:18:00,132.374,132.398,132.399,132.373,132.397,132.418,132.418,132.395,170
2015-11-04 09:18:00,2015-11-04 09:19:00,132.398,132.416,132.416,132.386,132.418,132.437,132.437,132.409,297
2015-11-04 09:19:00,2015-11-04 09:20:00,132.416,132.416,132.42,132.39,132.437,132.439,132.443,132.413,392
2015-11-04 09:20:00,2015-11-04 09:21:00,132.416,132.426,132.429,132.388,132.439,132.446,132.451,132.41,380
2015-11-04 09:21:00,2015-11-04 09:22:00,132.426,132.406,132.428,132.406,132.446,132.429,132.448,132.428,354
2015-11-04 09:22:00,2015-11-04 09:23:00,132.406,132.417,132.431,132.405,132.429,132.437,132.454,132.429,301
2015-11-04 09:23:00,2015-11-04 09:24:00,132.417,132.445,132.446,132.413,132.437,132.468,132.468,132.435,336
2015-11-04 09:24:00,2015-11-04 09:25:00,132.445,132.446,132.464,132.438,132.468,132.468,132.484,132.458,415
2015-11-04 09:25:00,2015-11-04 09:26:00,132.446,132.427,132.445,132.422,132.468,132.45,132.468,132.444,271
2015-11-04 09:26:00,2015-11-04 09:27:00,132.427,132.425,132.432,132.411,132.45,132.444,132.452,132.432,411
2015-11-04 09:27:00,2015-11-04 09:28:00,132.425,132.458,132.475,132.424,132.444,132.479,132.495,132.443,429
2015-11-04 09:28:00,2015-11-04 09:29:00,132.458,132.493,132.495,132.458,132.479,132.513,132.514,132.477,334
2015-11-04 09:29:00,2015-11-04 09:30:00,132.493,132.487,132.494,132.472,132.513,132.507,132.516,132.494,337
2015-11-04 09:30:00,2015-11-04 09:31:00,132.487,132.463,132.496,132.462,132.507,132.485,132.516,132.483,420
2015-11-04 09:31:00,2015-11-04 09:32:00,132.463,132.427,132.473,132.414,132.485,132.449,132.493,132.437,603
2015-11-04 09:32:00,2015-11-04 09:33:00,132.427,132.433,132.451,132.418,132.449,132.456,132.473,132.442,371
2015-11-04 09:33:00,2015-11-04 09:34:00,132.433,132.446,132.446,132.415,132.456,132.467,132.467,132.436,357
2015-11-04 09:34:00,2015-11-04 09:35:00,132.446,132.483,132.492,132.444,132.467,132.505,132.513,132.467,379
2015-11-04 09:35:00,2015-11-04 09:36:00,132.483,132.515,132.515,132.477,132.505,132.537,132.537,132.5,246
2015-11-04 09:36:00,2015-11-04 09:37:00,132.515,132.499,132.535,132.489,132.537,132.521,132.557,132.513,425
2015-11-04 09:37:00,2015-11-04 09:38:00,132.499,132.53,132.536,132.483,132.521,132.553,132.557,132.505,569
2015-11-04 09:38:00,2015-11-04 09:39:00,132.53,132.518,132.535,132.485,132.553,132.538,132.556,132.505,634
2015-11-04 09:39:00,2015-11-04 09:40:00,132.518,132.496,132.523,132.49,132.538,132.513,132.543,132.509,420
2015-11-04 09:40:00,2015-11-04 09:41:00,132.496,132.512,132.551,132.491,132.513,132.535,132.57,132.508,598
2015-11-04 09:41:00,2015-11-04 09:42:00,132.512,132.53,132.536,132.512,132.535,132.552,132.558,132.534,404
2015-11-04 09:42:00,2015-11-04 09:43:00,132.53,132.505,132.535,132.489,132.552,132.527,132.557,132.512,488
2015-11-04 09:43:00,2015-11-04 09:44:00,132.505,132.496,132.506,132.486,132.527,132.517,132.528,132.508,328
2015-11-04 09:44:00,2015-11-04 09:45:00,132.496,132.486,132.496,132.485,132.517,132.505,132.517,132.504,135
2015-11-04 09:45:00,2015-11-04 09:46:00,132.486,132.497,132.504,132.479,132.505,132.515,132.527,132.501,265
2015-11-04 09:46:00,2015-11-04 09:47:00,132.497,132.499,132.506,132.478,132.515,132.521,132.527,132.499,336
2015-11-04 09:47:00,2015-11-04 09:48:00,132.499,132.518,132.527,132.491,132.521,132.539,132.55,132.514,305
2015-11-04 09:48:00,2015-11-04 09:49:00,132.518,132.494,132.518,132.484,132.539,132.513,132.539,132.503,610
2015-11-04 09:49:00,2015-11-04 09:50:00,132.494,132.502,132.519,132.491,132.513,132.526,132.542,132.51,315
2015-11-04 09:50:00,2015-11-04 09:51:00,132.502,132.498,132.515,132.492,132.526,132.516,132.538,132.512,323
2015-11-04 09:51:00,2015-11-04 09:52:00,132.498,132.515,132.519,132.494,132.516,132.538,132.542,132.513,239
2015-11-04 09:52:00,2015-11-04 09:53:00,132.515,132.512,132.532,132.509,132.538,132.533,132.553,132.531,380
2015-11-04 09:53:00,2015-11-04 09:54:00,132.512,132.497,132.514,132.493,132.533,132.516,132.535,132.513,292
2015-11-04 09:54:00,2015-11-04 09:55:00,132.497,132.488,132.498,132.478,132.516,132.511,132.519,132.501,240
2015-11-04 09:55:00,2015-11-04 09:56:00,132.488,132.502,132.511,132.487,132.511,132.525,132.534,132.511,258
2015-11-04 09:56:00,2015-11-04 09:57:00,132.502,132.489,132.503,132.482,132.525,132.512,132.527,132.506,270
2015-11-04 09:57:00,2015-11-04 09:58:00,132.489,132.497,132.505,132.482,132.512,132.521,132.529,132.504,175
2015-11-04 09:58:00,2015-11-04 09:59:00,132.497,132.456,132.497,132.45,132.521,132.477,132.521,132.472,311
2015-11-04 09:59:00,2015-11-04 10:00:00,132.456,132.467,132.477,132.454,132.477,132.486,132.497,132.475,440
2015-11-04 10:00:00,2015-11-04 10:01:00,132.467,132.5,132.5,132.466,132.486,132.523,132.524,132.485,290
2015-11-04 10:01:00,2015-11-04 10:02:00,132.5,132.541,132.558,132.497,132.523,132.564,132.579,132.522,471
2015-11-04 10:02:00,2015-11-04 10:03:00,132.541,132.549,132.556,132.527,132.564,132.571,132.578,132.549,439
2015-11-04 10:03:00,2015-11-04 10:04:00,132.549,132.573,132.58,132.547,132.571,132.597,132.603,132.571,485
2015-11-04 10:04:00,2015-11-04 10:05:00,132.573,132.534,132.575,132.523,132.597,132.558,132.597,132.543,495
2015-11-04 10:05:00,2015-11-04 10:06:00,132.534,132.524,132.546,132.515,132.558,132.547,132.569,132.537,374
2015-11-04 10:06:00,2015-11-04 10:07:00,132.524,132.53,132.547,132.524,132.547,132.554,132.568,132.548,276
2015-11-04 10:07:00,2015-11-04 10:08:00,132.53,132.551,132.552,132.524,132.554,132.575,132.577,132.548,314
2015-11-04 10:08:00,2015-11-04 10:09:00,132.551,132.545,132.551,132.52,132.575,132.568,132.574,132.543,331
2015-11-04 10:09:00,2015-11-04 10:10:00,132.545,132.532,132.55,132.526,132.568,132.555,132.573,132.548,355
2015-11-04 10:10:00,2015-11-04 10:11:00,132.532,132.543,132.544,132.526,132.555,132.566,132.566,132.547,190
2015-11-04 10:11:00,2015-11-04 10:12:00,132.543,132.518,132.555,132.516,132.566,132.54,132.577,132.537,198
2015-11-04 10:12:00,2015-11-04 10:13:00,132.518,132.528,132.537,132.504,132.54,132.552,132.558,132.528,436
2015-11-04 10:13:00,2015-11-04 10:14:00,132.528,132.514,132.532,132.499,132.552,132.536,132.556,132.52,379
2015-11-04 10:14:00,2015-11-04 10:15:00,132.514,132.516,132.526,132.513,132.536,132.54,132.549,132.536,278
2015-11-04 10:15:00,2015-11-04 10:16:00,132.516,132.522,132.534,132.504,132.54,132.545,132.559,132.527,356
2015-11-04 10:16:00,2015-11-04 10:17:00,132.522,132.475,132.524,132.469,132.545,132.497,132.546,132.491,269
2015-11-04 10:17:00,2015-11-04 10:18:00,132.475,132.444,132.475,132.444,132.497,132.469,132.497,132.466,391
2015-11-04 10:18:00,2015-11-04 10:19:00,132.444,132.457,132.459,132.442,132.469,132.479,132.481,132.465,263
2015-11-04 10:19:00,2015-11-04 10:20:00,132.457,132.45,132.464,132.445,132.479,132.47,132.486,132.466,132
2015-11-04 10:20:00,2015-11-04 10:21:00,132.45,132.435,132.45,132.43,132.47,132.456,132.471,132.451,236
2015-11-04 10:21:00,2015-11-04 10:22:00,132.435,132.429,132.436,132.419,132.456,132.451,132.458,132.441,226
2015-11-04 10:22:00,2015-11-04 10:23:00,132.429,132.41,132.428,132.409,132.451,132.434,132.451,132.432,304
2015-11-04 10:23:00,2015-11-04 10:24:00,132.41,132.396,132.414,132.388,132.434,132.417,132.437,132.41,330
2015-11-04 10:24:00,2015-11-04 10:25:00,132.396,132.409,132.411,132.392,132.417,132.431,132.432,132.413,245
2015-11-04 10:25:00,2015-11-04 10:26:00,132.409,132.394,132.416,132.394,132.431,132.415,132.437,132.414,167
2015-11-04 10:26:00,2015-11-04 10:27:00,132.394,132.399,132.401,132.366,132.415,132.423,132.423,132.387,497
2015-11-04 10:27:00,2015-11-04 10:28:00,132.399,132.377,132.411,132.37,132.423,132.4,132.434,132.393,315
2015-11-04 10:28:00,2015-11-04 10:29:00,132.377,132.394,132.396,132.369,132.4,132.413,132.418,132.392,395
2015-11-04 10:29:00,2015-11-04 10:30:00,132.394,132.4,132.407,132.383,132.413,132.422,132.43,132.4,250
2015-11-04 10:30:00,2015-11-04 10:31:00,132.4,132.383,132.409,132.36,132.422,132.405,132.429,132.381,335
2015-11-04 10:31:00,2015-11-04 10:32:00,132.383,132.392,132.401,132.375,132.405,132.413,132.424,132.397,340
2015-11-04 10:32:00,2015-11-04 10:33:00,132.392,132.414,132.417,132.386,132.413,132.436,132.438,132.407,273
2015-11-04 10:33:00,2015-11-04 10:34:00,132.414,132.429,132.429,132.415,132.436,132.449,132.449,132.436,199
2015-11-04 10:34:00,2015-11-04 10:35:00,132.429,132.413,132.431,132.407,132.449,132.435,132.453,132.43,281
2015-11-04 10:35:00,2015-11-04 10:36:00,132.413,132.436,132.441,132.411,132.435,132.458,132.465,132.434,302
2015-11-04 10:36:00,2015-11-04 10:37:00,132.436,132.433,132.438,132.421,132.458,132.456,132.461,132.443,376
2015-11-04 10:37:00,2015-11-04 10:38:00,132.433,132.427,132.433,132.413,132.456,132.451,132.456,132.435,295
2015-11-04 10:38:00,2015-11-04 10:39:00,132.427,132.422,132.428,132.409,132.451,132.443,132.452,132.433,252
2015-11-04 10:39:00,2015-11-04 10:40:00,132.422,132.438,132.446,132.421,132.443,132.46,132.467,132.44,282
2015-11-04 10:40:00,2015-11-04 10:41:00,132.438,132.43,132.438,132.427,132.46,132.453,132.461,132.448,210
2015-11-04 10:41:00,2015-11-04 10:42:00,132.43,132.43,132.437,132.43,132.453,132.452,132.459,132.452,127
2015-11-04 10:42:00,2015-11-04 10:43:00,132.43,132.395,132.436,132.382,132.452,132.417,132.46,132.405,596
2015-11-04 10:43:00,2015-11-04 10:44:00,132.395,132.389,132.399,132.386,132.417,132.413,132.421,132.41,211
2015-11-04 10:44:00,2015-11-04 10:45:00,132.389,132.411,132.412,132.386,132.413,132.433,132.435,132.408,341
2015-11-04 10:45:00,2015-11-04 10:46:00,132.411,132.41,132.421,132.404,132.433,132.432,132.443,132.427,270
2015-11-04 10:46:00,2015-11-04 10:47:00,132.41,132.402,132.415,132.4,132.432,132.424,132.438,132.422,139
2015-11-04 10:47:00,2015-11-04 10:48:00,132.402,132.423,132.425,132.401,132.424,132.446,132.447,132.424,269
2015-11-04 10:48:00,2015-11-04 10:49:00,132.423,132.404,132.423,132.404,132.446,132.427,132.446,132.427,261
2015-11-04 10:49:00,2015-11-04 10:50:00,132.404,132.403,132.413,132.399,132.427,132.427,132.434,132.421,158
2015-11-04 10:50:00,2015-11-04 10:51:00,132.403,132.404,132.412,132.402,132.427,132.427,132.434,132.425,188
2015-11-04 10:51:00,2015-11-04 10:52:00,132.404,132.405,132.407,132.393,132.427,132.428,132.429,132.415,146
2015-11-04 10:52:00,2015-11-04 10:53:00,132.405,132.409,132.411,132.394,132.428,132.43,132.432,132.417,172
2015-11-04 10:53:00,2015-11-04 10:54:00,132.409,132.407,132.409,132.391,132.43,132.426,132.431,132.412,173
2015-11-04 10:54:00,2015-11-04 10:55:00,132.407,132.396,132.416,132.393,132.426,132.418,132.434,132.414,312
2015-11-04 10:55:00,2015-11-04 10:56:00,132.396,132.396,132.408,132.386,132.418,132.419,132.429,132.407,207
2015-11-04 10:56:00,2015-11-04 10:57:00,132.396,132.412,132.419,132.396,132.419,132.435,132.441,132.419,242
2015-11-04 10:57:00,2015-11-04 10:58:00,132.412,132.405,132.412,132.394,132.435,132.426,132.435,132.418,167
2015-11-04 10:58:00,2015-11-04 10:59:00,132.405,132.38,132.404,132.38,132.426,132.403,132.426,132.403,188
2015-11-04 10:59:00,2015-11-04 11:00:00,132.38,132.404,132.404,132.379,132.403,132.424,132.424,132.402,267
2015-11-04 11:00:00,2015-11-04 11:01:00,132.404,132.401,132.407,132.39,132.424,132.422,132.426,132.411,222
2015-11-04 11:01:00,2015-11-04 11:02:00,132.401,132.413,132.413,132.399,132.422,132.436,132.436,132.42,132
2015-11-04 11:02:00,2015-11-04 11:03:00,132.413,132.423,132.426,132.414,132.436,132.446,132.447,132.436,88
2015-11-04 11:03:00,2015-11-04 11:04:00,132.423,132.447,132.454,132.42,132.446,132.469,132.476,132.443,234
2015-11-04 11:04:00,2015-11-04 11:05:00,132.447,132.427,132.463,132.427,132.469,132.45,132.484,132.449,387
2015-11-04 11:05:00,2015-11-04 11:06:00,132.427,132.419,132.427,132.409,132.45,132.441,132.449,132.43,212
2015-11-04 11:06:00,2015-11-04 11:07:00,132.419,132.416,132.431,132.402,132.441,132.438,132.455,132.424,318
2015-11-04 11:07:00,2015-11-04 11:08:00,132.416,132.419,132.43,132.414,132.438,132.441,132.452,132.436,259
2015-11-04 11:08:00,2015-11-04 11:09:00,132.419,132.383,132.428,132.38,132.441,132.407,132.449,132.403,266
2015-11-04 11:09:00,2015-11-04 11:10:00,132.383,132.388,132.392,132.376,132.407,132.411,132.415,132.398,246
2015-11-04 11:10:00,2015-11-04 11:11:00,132.388,132.373,132.39,132.367,132.411,132.397,132.412,132.388,207
2015-11-04 11:11:00,2015-11-04 11:12:00,132.373,132.377,132.386,132.371,132.397,132.401,132.409,132.393,158
2015-11-04 11:12:00,2015-11-04 11:13:00,132.377,132.355,132.379,132.352,132.401,132.375,132.402,132.373,386
2015-11-04 11:13:00,2015-11-04 11:14:00,132.355,132.363,132.367,132.355,132.375,132.385,132.388,132.374,254
2015-11-04 11:14:00,2015-11-04 11:15:00,132.363,132.331,132.366,132.329,132.385,132.352,132.386,132.349,231
2015-11-04 11:15:00,2015-11-04 11:16:00,132.331,132.334,132.347,132.331,132.352,132.351,132.37,132.35,218
2015-11-04 11:16:00,2015-11-04 11:17:00,132.334,132.325,132.337,132.324,132.351,132.347,132.359,132.346,161
2015-11-04 11:17:00,2015-11-04 11:18:00,132.325,132.346,132.35,132.32,132.347,132.368,132.372,132.341,220
2015-11-04 11:18:00,2015-11-04 11:19:00,132.346,132.332,132.348,132.328,132.368,132.356,132.37,132.35,206
2015-11-04 11:19:00,2015-11-04 11:20:00,132.332,132.369,132.369,132.332,132.356,132.388,132.388,132.355,117
2015-11-04 11:20:00,2015-11-04 11:21:00,132.369,132.383,132.385,132.359,132.388,132.407,132.407,132.379,167
2015-11-04 11:21:00,2015-11-04 11:22:00,132.383,132.393,132.395,132.375,132.407,132.415,132.418,132.398,230
2015-11-04 11:22:00,2015-11-04 11:23:00,132.393,132.434,132.438,132.393,132.415,132.456,132.458,132.414,364
2015-11-04 11:23:00,2015-11-04 11:24:00,132.434,132.452,132.464,132.429,132.456,132.473,132.486,132.45,504
2015-11-04 11:24:00,2015-11-04 11:25:00,132.452,132.422,132.455,132.415,132.473,132.445,132.478,132.438,416
2015-11-04 11:25:00,2015-11-04 11:26:00,132.422,132.401,132.425,132.389,132.445,132.421,132.449,132.41,284
2015-11-04 11:26:00,2015-11-04 11:27:00,132.401,132.368,132.41,132.354,132.421,132.386,132.432,132.375,501
2015-11-04 11:27:00,2015-11-04 11:28:00,132.368,132.39,132.402,132.35,132.386,132.413,132.425,132.369,501
2015-11-04 11:28:00,2015-11-04 11:29:00,132.39,132.386,132.396,132.384,132.413,132.41,132.418,132.406,221
2015-11-04 11:29:00,2015-11-04 11:30:00,132.386,132.399,132.403,132.383,132.41,132.421,132.425,132.406,160
2015-11-04 11:30:00,2015-11-04 11:31:00,132.399,132.411,132.412,132.399,132.421,132.432,132.432,132.422,97
2015-11-04 11:31:00,2015-11-04 11:32:00,132.411,132.418,132.418,132.404,132.432,132.44,132.44,132.426,122
2015-11-04 11:32:00,2015-11-04 11:33:00,132.418,132.402,132.426,132.402,132.44,132.424,132.447,132.424,162
2015-11-04 11:33:00,2015-11-04 11:34:00,132.402,132.404,132.41,132.393,132.424,132.423,132.429,132.414,257
2015-11-04 11:34:00,2015-11-04 11:35:00,132.404,132.423,132.433,132.403,132.423,132.444,132.452,132.424,261
2015-11-04 11:35:00,2015-11-04 11:36:00,132.423,132.435,132.44,132.423,132.444,132.455,132.46,132.444,186
2015-11-04 11:36:00,2015-11-04 11:37:00,132.435,132.44,132.444,132.426,132.455,132.462,132.466,132.447,175
2015-11-04 11:37:00,2015-11-04 11:38:00,132.44,132.442,132.446,132.43,132.462,132.464,132.468,132.451,195
2015-11-04 11:38:00,2015-11-04 11:39:00,132.442,132.444,132.45,132.438,132.464,132.467,132.473,132.46,187
2015-11-04 11:39:00,2015-11-04 11:40:00,132.444,132.437,132.447,132.437,132.467,132.457,132.47,132.456,187
2015-11-04 11:40:00,2015-11-04 11:41:00,132.437,132.446,132.447,132.426,132.457,132.466,132.466,132.446,206
2015-11-04 11:41:00,2015-11-04 11:42:00,132.446,132.444,132.446,132.433,132.466,132.465,132.467,132.456,118
2015-11-04 11:42:00,2015-11-04 11:43:00,132.444,132.421,132.445,132.421,132.465,132.445,132.467,132.443,259
2015-11-04 11:43:00,2015-11-04 11:44:00,132.421,132.417,132.43,132.415,132.445,132.441,132.453,132.436,131
2015-11-04 11:44:00,2015-11-04 11:45:00,132.417,132.411,132.426,132.406,132.441,132.433,132.447,132.428,313
2015-11-04 11:45:00,2015-11-04 11:46:00,132.411,132.417,132.423,132.411,132.433,132.438,132.446,132.431,273
2015-11-04 11:46:00,2015-11-04 11:47:00,132.417,132.421,132.427,132.416,132.438,132.442,132.449,132.436,157
2015-11-04 11:47:00,2015-11-04 11:48:00,132.421,132.417,132.421,132.41,132.442,132.44,132.441,132.432,105
2015-11-04 11:48:00,2015-11-04 11:49:00,132.417,132.406,132.417,132.405,132.44,132.429,132.439,132.427,168
2015-11-04 11:49:00,2015-11-04 11:50:00,132.406,132.409,132.412,132.406,132.429,132.43,132.435,132.427,132
2015-11-04 11:50:00,2015-11-04 11:51:00,132.409,132.417,132.417,132.394,132.43,132.438,132.439,132.415,210
2015-11-04 11:51:00,2015-11-04 11:52:00,132.417,132.408,132.421,132.405,132.438,132.43,132.441,132.426,144
2015-11-04 11:52:00,2015-11-04 11:53:00,132.408,132.407,132.412,132.402,132.43,132.429,132.431,132.421,148
2015-11-04 11:53:00,2015-11-04 11:54:00,132.407,132.432,132.439,132.406,132.429,132.456,132.461,132.428,172
2015-11-04 11:54:00,2015-11-04 11:55:00,132.432,132.442,132.445,132.431,132.456,132.464,132.467,132.454,201
2015-11-04 11:55:00,2015-11-04 11:56:00,132.442,132.443,132.447,132.438,132.464,132.466,132.468,132.461,166
2015-11-04 11:56:00,2015-11-04 11:57:00,132.443,132.423,132.444,132.421,132.466,132.446,132.466,132.443,128
2015-11-04 11:57:00,2015-11-04 11:58:00,132.423,132.425,132.434,132.419,132.446,132.447,132.455,132.441,153
2015-11-04 11:58:00,2015-11-04 11:59:00,132.425,132.451,132.461,132.422,132.447,132.475,132.483,132.445,236
2015-11-04 11:59:00,2015-11-04 12:00:00,132.451,132.439,132.456,132.426,132.475,132.462,132.478,132.447,314
2015-11-04 12:00:00,2015-11-04 12:01:00,132.439,132.452,132.452,132.433,132.462,132.474,132.474,132.454,254
2015-11-04 12:01:00,2015-11-04 12:02:00,132.452,132.471,132.474,132.448,132.474,132.493,132.495,132.469,361
2015-11-04 12:02:00,2015-11-04 12:03:00,132.471,132.5,132.51,132.47,132.493,132.519,132.531,132.491,317
2015-11-04 12:03:00,2015-11-04 12:04:00,132.5,132.502,132.503,132.481,132.519,132.524,132.525,132.503,278
2015-11-04 12:04:00,2015-11-04 12:05:00,132.502,132.528,132.537,132.499,132.524,132.551,132.559,132.52,495
2015-11-04 12:05:00,2015-11-04 12:06:00,132.528,132.539,132.539,132.529,132.551,132.56,132.561,132.55,105
2015-11-04 12:06:00,2015-11-04 12:07:00,132.539,132.571,132.586,132.539,132.56,132.593,132.607,132.559,421
2015-11-04 12:07:00,2015-11-04 12:08:00,132.571,132.559,132.572,132.552,132.593,132.584,132.594,132.574,263
2015-11-04 12:08:00,2015-11-04 12:09:00,132.559,132.553,132.563,132.547,132.584,132.575,132.586,132.567,280
2015-11-04 12:09:00,2015-11-04 12:10:00,132.553,132.55,132.564,132.546,132.575,132.57,132.585,132.567,244
2015-11-04 12:10:00,2015-11-04 12:11:00,132.55,132.53,132.555,132.529,132.57,132.549,132.577,132.549,238
2015-11-04 12:11:00,2015-11-04 12:12:00,132.53,132.531,132.544,132.51,132.549,132.552,132.565,132.53,387
2015-11-04 12:12:00,2015-11-04 12:13:00,132.531,132.526,132.547,132.521,132.552,132.549,132.569,132.541,379
2015-11-04 12:13:00,2015-11-04 12:14:00,132.526,132.525,132.54,132.523,132.549,132.546,132.561,132.545,218
2015-11-04 12:14:00,2015-11-04 12:15:00,132.525,132.533,132.537,132.523,132.546,132.554,132.557,132.543,226
2015-11-04 12:15:00,2015-11-04 12:16:00,132.533,132.524,132.54,132.518,132.554,132.546,132.561,132.539,240
2015-11-04 12:16:00,2015-11-04 12:17:00,132.524,132.518,132.525,132.508,132.546,132.539,132.546,132.529,163
2015-11-04 12:17:00,2015-11-04 12:18:00,132.518,132.521,132.521,132.503,132.539,132.541,132.541,132.526,172
2015-11-04 12:18:00,2015-11-04 12:19:00,132.521,132.504,132.529,132.503,132.541,132.526,132.549,132.525,148
2015-11-04 12:19:00,2015-11-04 12:20:00,132.504,132.487,132.521,132.486,132.526,132.508,132.54,132.508,258
2015-11-04 12:20:00,2015-11-04 12:21:00,132.487,132.491,132.501,132.483,132.508,132.513,132.524,132.504,242
2015-11-04 12:21:00,2015-11-04 12:22:00,132.491,132.502,132.518,132.491,132.513,132.523,132.539,132.514,262
2015-11-04 12:22:00,2015-11-04 12:23:00,132.502,132.504,132.511,132.5,132.523,132.525,132.532,132.522,135
2015-11-04 12:23:00,2015-11-04 12:24:00,132.504,132.482,132.504,132.466,132.525,132.5,132.525,132.484,306
2015-11-04 12:24:00,2015-11-04 12:25:00,132.482,132.489,132.518,132.474,132.5,132.511,132.541,132.491,352
2015-11-04 12:25:00,2015-11-04 12:26:00,132.489,132.506,132.506,132.486,132.511,132.529,132.529,132.509,205
2015-11-04 12:26:00,2015-11-04 12:27:00,132.506,132.487,132.517,132.487,132.529,132.511,132.541,132.511,211
2015-11-04 12:27:00,2015-11-04 12:28:00,132.487,132.504,132.505,132.483,132.511,132.523,132.523,132.504,223
2015-11-04 12:28:00,2015-11-04 12:29:00,132.504,132.494,132.508,132.479,132.523,132.515,132.526,132.503,265
2015-11-04 12:29:00,2015-11-04 12:30:00,132.494,132.502,132.506,132.486,132.515,132.523,132.525,132.507,206
2015-11-04 12:30:00,2015-11-04 12:31:00,132.502,132.492,132.505,132.491,132.523,132.514,132.525,132.512,172
2015-11-04 12:31:00,2015-11-04 12:32:00,132.492,132.48,132.494,132.463,132.514,132.499,132.516,132.484,222
2015-11-04 12:32:00,2015-11-04 12:33:00,132.48,132.469,132.502,132.466,132.499,132.492,132.523,132.488,357
2015-11-04 12:33:00,2015-11-04 12:34:00,132.469,132.458,132.468,132.457,132.492,132.483,132.492,132.481,234
2015-11-04 12:34:00,2015-11-04 12:35:00,132.458,132.467,132.468,132.449,132.483,132.488,132.49,132.471,184
2015-11-04 12:35:00,2015-11-04 12:36:00,132.467,132.457,132.466,132.452,132.488,132.48,132.488,132.474,212
2015-11-04 12:36:00,2015-11-04 12:37:00,132.457,132.46,132.464,132.449,132.48,132.483,132.487,132.472,228
2015-11-04 12:37:00,2015-11-04 12:38:00,132.46,132.462,132.463,132.436,132.483,132.484,132.485,132.458,290
2015-11-04 12:38:00,2015-11-04 12:39:00,132.462,132.456,132.473,132.452,132.484,132.479,132.496,132.474,429
2015-11-04 12:39:00,2015-11-04 12:40:00,132.456,132.461,132.467,132.453,132.479,132.483,132.491,132.476,238
2015-11-04 12:40:00,2015-11-04 12:41:00,132.461,132.446,132.467,132.442,132.483,132.467,132.49,132.464,187
2015-11-04 12:41:00,2015-11-04 12:42:00,132.446,132.415,132.448,132.412,132.467,132.435,132.47,132.433,316
2015-11-04 12:42:00,2015-11-04 12:43:00,132.415,132.432,132.434,132.408,132.435,132.454,132.454,132.43,284
2015-11-04 12:43:00,2015-11-04 12:44:00,132.432,132.443,132.447,132.419,132.454,132.465,132.468,132.44,257
2015-11-04 12:44:00,2015-11-04 12:45:00,132.443,132.451,132.456,132.429,132.465,132.471,132.477,132.45,228
2015-11-04 12:45:00,2015-11-04 12:46:00,132.451,132.446,132.453,132.434,132.471,132.467,132.475,132.456,217
2015-11-04 12:46:00,2015-11-04 12:47:00,132.446,132.456,132.456,132.446,132.467,132.478,132.479,132.467,157
2015-11-04 12:47:00,2015-11-04 12:48:00,132.456,132.455,132.457,132.447,132.478,132.476,132.478,132.467,103
2015-11-04 12:48:00,2015-11-04 12:49:00,132.455,132.477,132.477,132.451,132.476,132.499,132.5,132.474,298
2015-11-04 12:49:00,2015-11-04 12:50:00,132.477,132.496,132.505,132.475,132.499,132.517,132.526,132.498,219
2015-11-04 12:50:00,2015-11-04 12:51:00,132.496,132.508,132.516,132.491,132.517,132.528,132.537,132.511,185
2015-11-04 12:51:00,2015-11-04 12:52:00,132.508,132.5,132.51,132.494,132.528,132.521,132.533,132.514,206
2015-11-04 12:52:00,2015-11-04 12:53:00,132.5,132.489,132.51,132.489,132.521,132.506,132.53,132.506,168
2015-11-04 12:53:00,2015-11-04 12:54:00,132.489,132.481,132.49,132.475,132.506,132.502,132.507,132.496,138
2015-11-04 12:54:00,2015-11-04 12:55:00,132.481,132.484,132.497,132.478,132.502,132.505,132.516,132.501,215
2015-11-04 12:55:00,2015-11-04 12:56:00,132.484,132.474,132.482,132.466,132.505,132.494,132.505,132.489,173
2015-11-04 12:56:00,2015-11-04 12:57:00,132.474,132.481,132.487,132.469,132.494,132.502,132.506,132.488,260
2015-11-04 12:57:00,2015-11-04 12:58:00,132.481,132.499,132.504,132.48,132.502,132.521,132.528,132.502,327
2015-11-04 12:58:00,2015-11-04 12:59:00,132.499,132.51,132.517,132.496,132.521,132.533,132.54,132.519,262
2015-11-04 12:59:00,2015-11-04 13:00:00,132.51,132.5,132.52,132.498,132.533,132.522,132.543,132.518,253
2015-11-04 13:00:00,2015-11-04 13:01:00,132.5,132.492,132.5,132.472,132.522,132.515,132.523,132.491,282
2015-11-04 13:01:00,2015-11-04 13:02:00,132.492,132.514,132.514,132.492,132.515,132.536,132.537,132.514,322
2015-11-04 13:02:00,2015-11-04 13:03:00,132.514,132.499,132.516,132.487,132.536,132.521,132.538,132.505,347
2015-11-04 13:03:00,2015-11-04 13:04:00,132.499,132.507,132.513,132.491,132.521,132.529,132.534,132.514,320
2015-11-04 13:04:00,2015-11-04 13:05:00,132.507,132.509,132.514,132.501,132.529,132.532,132.538,132.523,256
2015-11-04 13:05:00,2015-11-04 13:06:00,132.509,132.499,132.538,132.497,132.532,132.521,132.558,132.519,352
2015-11-04 13:06:00,2015-11-04 13:07:00,132.499,132.477,132.513,132.468,132.521,132.497,132.536,132.488,238
2015-11-04 13:07:00,2015-11-04 13:08:00,132.477,132.491,132.515,132.477,132.497,132.512,132.536,132.498,209
2015-11-04 13:08:00,2015-11-04 13:09:00,132.491,132.492,132.496,132.483,132.512,132.516,132.52,132.504,173
2015-11-04 13:09:00,2015-11-04 13:10:00,132.492,132.474,132.506,132.471,132.516,132.497,132.528,132.493,339
2015-11-04 13:10:00,2015-11-04 13:11:00,132.474,132.483,132.501,132.47,132.497,132.506,132.523,132.491,223
2015-11-04 13:11:00,2015-11-04 13:12:00,132.483,132.466,132.493,132.457,132.506,132.49,132.515,132.48,297
2015-11-04 13:12:00,2015-11-04 13:13:00,132.466,132.486,132.491,132.456,132.49,132.508,132.512,132.478,345
2015-11-04 13:13:00,2015-11-04 13:14:00,132.486,132.423,132.507,132.389,132.508,132.529,132.556,132.468,732
2015-11-04 13:14:00,2015-11-04 13:15:00,132.423,132.399,132.516,132.321,132.529,132.426,132.538,132.41,1745
2015-11-04 13:15:00,2015-11-04 13:16:00,132.399,132.411,132.439,132.378,132.426,132.436,132.463,132.405,877
2015-11-04 13:16:00,2015-11-04 13:17:00,132.411,132.393,132.411,132.377,132.436,132.416,132.436,132.397,505
2015-11-04 13:17:00,2015-11-04 13:18:00,132.393,132.397,132.422,132.377,132.416,132.422,132.442,132.399,617
2015-11-04 13:18:00,2015-11-04 13:19:00,132.397,132.377,132.407,132.37,132.422,132.398,132.43,132.39,663
2015-11-04 13:19:00,2015-11-04 13:20:00,132.377,132.334,132.382,132.328,132.398,132.353,132.403,132.35,772
2015-11-04 13:20:00,2015-11-04 13:21:00,132.334,132.356,132.361,132.322,132.353,132.379,132.381,132.342,526
2015-11-04 13:21:00,2015-11-04 13:22:00,132.356,132.395,132.4,132.356,132.379,132.418,132.419,132.378,460
2015-11-04 13:22:00,2015-11-04 13:23:00,132.395,132.386,132.396,132.376,132.418,132.409,132.42,132.399,332
2015-11-04 13:23:00,2015-11-04 13:24:00,132.386,132.423,132.429,132.387,132.409,132.443,132.449,132.408,421
2015-11-04 13:24:00,2015-11-04 13:25:00,132.423,132.398,132.428,132.397,132.443,132.419,132.448,132.418,505
2015-11-04 13:25:00,2015-11-04 13:26:00,132.398,132.373,132.398,132.372,132.419,132.395,132.42,132.394,198
2015-11-04 13:26:00,2015-11-04 13:27:00,132.373,132.358,132.376,132.351,132.395,132.38,132.399,132.372,266
2015-11-04 13:27:00,2015-11-04 13:28:00,132.358,132.368,132.37,132.335,132.38,132.391,132.393,132.358,388
2015-11-04 13:28:00,2015-11-04 13:29:00,132.368,132.37,132.385,132.351,132.391,132.396,132.407,132.369,512
2015-11-04 13:29:00,2015-11-04 13:30:00,132.37,132.392,132.393,132.349,132.396,132.416,132.416,132.367,488
2015-11-04 13:30:00,2015-11-04 13:31:00,132.392,132.395,132.431,132.388,132.416,132.417,132.453,132.41,454
2015-11-04 13:31:00,2015-11-04 13:32:00,132.395,132.369,132.395,132.351,132.417,132.388,132.416,132.371,588
2015-11-04 13:32:00,2015-11-04 13:33:00,132.369,132.36,132.369,132.341,132.388,132.381,132.389,132.363,408
2015-11-04 13:33:00,2015-11-04 13:34:00,132.36,132.36,132.372,132.349,132.381,132.383,132.393,132.371,365
2015-11-04 13:34:00,2015-11-04 13:35:00,132.36,132.389,132.405,132.355,132.383,132.411,132.427,132.375,347
2015-11-04 13:35:00,2015-11-04 13:36:00,132.389,132.413,132.413,132.375,132.411,132.432,132.434,132.396,283
2015-11-04 13:36:00,2015-11-04 13:37:00,132.413,132.391,132.415,132.39,132.432,132.411,132.436,132.411,265
2015-11-04 13:37:00,2015-11-04 13:38:00,132.391,132.4,132.411,132.389,132.411,132.42,132.435,132.408,300
2015-11-04 13:38:00,2015-11-04 13:39:00,132.4,132.377,132.402,132.373,132.42,132.399,132.422,132.395,327
2015-11-04 13:39:00,2015-11-04 13:40:00,132.377,132.378,132.388,132.367,132.399,132.4,132.408,132.389,253
2015-11-04 13:40:00,2015-11-04 13:41:00,132.378,132.406,132.408,132.378,132.4,132.427,132.43,132.399,313
2015-11-04 13:41:00,2015-11-04 13:42:00,132.406,132.421,132.421,132.4,132.427,132.441,132.441,132.419,182
2015-11-04 13:42:00,2015-11-04 13:43:00,132.421,132.406,132.418,132.389,132.441,132.427,132.441,132.411,255
2015-11-04 13:43:00,2015-11-04 13:44:00,132.406,132.39,132.416,132.39,132.427,132.411,132.438,132.411,271
2015-11-04 13:44:00,2015-11-04 13:45:00,132.39,132.388,132.393,132.371,132.411,132.41,132.416,132.392,362
2015-11-04 13:45:00,2015-11-04 13:46:00,132.388,132.379,132.393,132.372,132.41,132.4,132.414,132.393,212
2015-11-04 13:46:00,2015-11-04 13:47:00,132.379,132.379,132.391,132.371,132.4,132.4,132.411,132.392,363
2015-11-04 13:47:00,2015-11-04 13:48:00,132.379,132.375,132.381,132.37,132.4,132.398,132.403,132.39,251
2015-11-04 13:48:00,2015-11-04 13:49:00,132.375,132.375,132.383,132.367,132.398,132.396,132.404,132.387,305
2015-11-04 13:49:00,2015-11-04 13:50:00,132.375,132.379,132.388,132.373,132.396,132.401,132.411,132.394,369
2015-11-04 13:50:00,2015-11-04 13:51:00,132.379,132.392,132.397,132.373,132.401,132.414,132.417,132.392,368
2015-11-04 13:51:00,2015-11-04 13:52:00,132.392,132.37,132.393,132.364,132.414,132.392,132.415,132.384,507
2015-11-04 13:52:00,2015-11-04 13:53:00,132.37,132.372,132.387,132.369,132.392,132.395,132.409,132.391,334
2015-11-04 13:53:00,2015-11-04 13:54:00,132.372,132.386,132.412,132.364,132.395,132.406,132.433,132.385,498
2015-11-04 13:54:00,2015-11-04 13:55:00,132.386,132.387,132.39,132.375,132.406,132.408,132.412,132.397,379
2015-11-04 13:55:00,2015-11-04 13:56:00,132.387,132.376,132.394,132.372,132.408,132.396,132.415,132.394,337
2015-11-04 13:56:00,2015-11-04 13:57:00,132.376,132.382,132.395,132.367,132.396,132.405,132.416,132.388,325
2015-11-04 13:57:00,2015-11-04 13:58:00,132.382,132.376,132.382,132.366,132.405,132.397,132.404,132.389,453
2015-11-04 13:58:00,2015-11-04 13:59:00,132.376,132.379,132.38,132.358,132.397,132.402,132.402,132.379,375
2015-11-04 13:59:00,2015-11-04 14:00:00,132.379,132.398,132.417,132.379,132.402,132.416,132.435,132.4,357
2015-11-04 14:00:00,2015-11-04 14:01:00,132.398,132.368,132.402,132.368,132.416,132.391,132.422,132.389,351
2015-11-04 14:01:00,2015-11-04 14:02:00,132.368,132.365,132.374,132.349,132.391,132.387,132.396,132.37,364
2015-11-04 14:02:00,2015-11-04 14:03:00,132.365,132.385,132.386,132.363,132.387,132.407,132.408,132.385,212
2015-11-04 14:03:00,2015-11-04 14:04:00,132.385,132.389,132.409,132.384,132.407,132.407,132.428,132.405,400
2015-11-04 14:04:00,2015-11-04 14:05:00,132.389,132.405,132.409,132.385,132.407,132.424,132.429,132.403,265
2015-11-04 14:05:00,2015-11-04 14:06:00,132.405,132.376,132.407,132.374,132.424,132.398,132.425,132.396,259
2015-11-04 14:06:00,2015-11-04 14:07:00,132.376,132.368,132.387,132.364,132.398,132.389,132.408,132.385,237
2015-11-04 14:07:00,2015-11-04 14:08:00,132.368,132.389,132.394,132.366,132.389,132.411,132.413,132.387,196
2015-11-04 14:08:00,2015-11-04 14:09:00,132.389,132.393,132.397,132.381,132.411,132.415,132.418,132.403,244
2015-11-04 14:09:00,2015-11-04 14:10:00,132.393,132.372,132.396,132.371,132.415,132.394,132.42,132.393,298
2015-11-04 14:10:00,2015-11-04 14:11:00,132.372,132.378,132.38,132.368,132.394,132.4,132.402,132.39,228
2015-11-04 14:11:00,2015-11-04 14:12:00,132.378,132.379,132.388,132.37,132.4,132.399,132.407,132.391,295
2015-11-04 14:12:00,2015-11-04 14:13:00,132.379,132.354,132.382,132.351,132.399,132.376,132.402,132.371,316
2015-11-04 14:13:00,2015-11-04 14:14:00,132.354,132.349,132.359,132.338,132.376,132.371,132.382,132.36,360
2015-11-04 14:14:00,2015-11-04 14:15:00,132.349,132.374,132.383,132.349,132.371,132.395,132.403,132.37,343
2015-11-04 14:15:00,2015-11-04 14:16:00,132.374,132.385,132.387,132.37,132.395,132.407,132.408,132.392,151
2015-11-04 14:16:00,2015-11-04 14:17:00,132.385,132.348,132.387,132.346,132.407,132.37,132.409,132.369,275
2015-11-04 14:17:00,2015-11-04 14:18:00,132.348,132.359,132.374,132.348,132.37,132.38,132.394,132.368,283
2015-11-04 14:18:00,2015-11-04 14:19:00,132.359,132.352,132.377,132.352,132.38,132.373,132.397,132.372,203
2015-11-04 14:19:00,2015-11-04 14:20:00,132.352,132.35,132.359,132.348,132.373,132.372,132.381,132.369,218
2015-11-04 14:20:00,2015-11-04 14:21:00,132.35,132.261,132.354,132.236,132.372,132.287,132.376,132.256,676
2015-11-04 14:21:00,2015-11-04 14:22:00,132.261,132.253,132.292,132.238,132.287,132.273,132.314,132.261,1050
2015-11-04 14:22:00,2015-11-04 14:23:00,132.253,132.234,132.257,132.225,132.273,132.253,132.279,132.245,701
2015-11-04 14:23:00,2015-11-04 14:24:00,132.234,132.169,132.234,132.154,132.253,132.19,132.252,132.179,1114
2015-11-04 14:24:00,2015-11-04 14:25:00,132.169,132.173,132.192,132.152,132.19,132.195,132.215,132.173,669
2015-11-04 14:25:00,2015-11-04 14:26:00,132.173,132.191,132.196,132.151,132.195,132.213,132.217,132.173,605
2015-11-04 14:26:00,2015-11-04 14:27:00,132.191,132.182,132.21,132.182,132.213,132.204,132.23,132.202,559
2015-11-04 14:27:00,2015-11-04 14:28:00,132.182,132.128,132.183,132.126,132.204,132.149,132.206,132.148,629
2015-11-04 14:28:00,2015-11-04 14:29:00,132.128,132.148,132.157,132.088,132.149,132.171,132.178,132.11,779
2015-11-04 14:29:00,2015-11-04 14:30:00,132.148,132.166,132.174,132.134,132.171,132.183,132.193,132.152,684
2015-11-04 14:30:00,2015-11-04 14:31:00,132.166,132.169,132.191,132.143,132.183,132.192,132.209,132.165,509
2015-11-04 14:31:00,2015-11-04 14:32:00,132.169,132.116,132.17,132.107,132.192,132.138,132.192,132.129,476
2015-11-04 14:32:00,2015-11-04 14:33:00,132.116,132.109,132.145,132.106,132.138,132.13,132.165,132.125,771
2015-11-04 14:33:00,2015-11-04 14:34:00,132.109,132.136,132.147,132.103,132.13,132.158,132.169,132.124,517
2015-11-04 14:34:00,2015-11-04 14:35:00,132.136,132.141,132.16,132.097,132.158,132.161,132.171,132.117,705
2015-11-04 14:35:00,2015-11-04 14:36:00,132.141,132.152,132.16,132.122,132.161,132.176,132.18,132.145,1040
2015-11-04 14:36:00,2015-11-04 14:37:00,132.152,132.143,132.155,132.114,132.176,132.161,132.178,132.135,788
2015-11-04 14:37:00,2015-11-04 14:38:00,132.143,132.147,132.168,132.137,132.161,132.164,132.188,132.156,629
2015-11-04 14:38:00,2015-11-04 14:39:00,132.147,132.174,132.176,132.138,132.164,132.195,132.198,132.159,659
2015-11-04 14:39:00,2015-11-04 14:40:00,132.174,132.174,132.182,132.157,132.195,132.196,132.203,132.18,680
2015-11-04 14:40:00,2015-11-04 14:41:00,132.174,132.16,132.178,132.138,132.196,132.183,132.2,132.157,459
2015-11-04 14:41:00,2015-11-04 14:42:00,132.16,132.153,132.188,132.144,132.183,132.175,132.209,132.165,645
2015-11-04 14:42:00,2015-11-04 14:43:00,132.153,132.138,132.175,132.132,132.175,132.161,132.198,132.152,496
2015-11-04 14:43:00,2015-11-04 14:44:00,132.138,132.119,132.142,132.113,132.161,132.142,132.166,132.133,734
2015-11-04 14:44:00,2015-11-04 14:45:00,132.119,132.111,132.144,132.093,132.142,132.131,132.166,132.113,623
2015-11-04 14:45:00,2015-11-04 14:46:00,132.111,132.13,132.133,132.101,132.131,132.151,132.154,132.119,428
2015-11-04 14:46:00,2015-11-04 14:47:00,132.13,132.135,132.137,132.1,132.151,132.153,132.159,132.123,547
2015-11-04 14:47:00,2015-11-04 14:48:00,132.135,132.152,132.169,132.129,132.153,132.169,132.19,132.145,538
2015-11-04 14:48:00,2015-11-04 14:49:00,132.152,132.153,132.156,132.114,132.169,132.172,132.176,132.132,816
2015-11-04 14:49:00,2015-11-04 14:50:00,132.153,132.138,132.166,132.109,132.172,132.161,132.187,132.13,621
2015-11-04 14:50:00,2015-11-04 14:51:00,132.138,132.13,132.152,132.126,132.161,132.153,132.173,132.15,469
2015-11-04 14:51:00,2015-11-04 14:52:00,132.13,132.152,132.158,132.113,132.153,132.174,132.18,132.134,612
2015-11-04 14:52:00,2015-11-04 14:53:00,132.152,132.145,132.161,132.139,132.174,132.166,132.181,132.16,412
2015-11-04 14:53:00,2015-11-04 14:54:00,132.145,132.08,132.149,132.079,132.166,132.101,132.169,132.101,418
2015-11-04 14:54:00,2015-11-04 14:55:00,132.08,132.051,132.102,132.047,132.101,132.07,132.123,132.069,662
2015-11-04 14:55:00,2015-11-04 14:56:00,132.051,132.068,132.08,132.045,132.07,132.092,132.102,132.064,536
2015-11-04 14:56:00,2015-11-04 14:57:00,132.068,132.085,132.094,132.066,132.092,132.106,132.115,132.087,440
2015-11-04 14:57:00,2015-11-04 14:58:00,132.085,132.081,132.096,132.07,132.106,132.104,132.117,132.091,426
2015-11-04 14:58:00,2015-11-04 14:59:00,132.081,132.045,132.108,132.045,132.104,132.11,132.126,132.078,583
2015-11-04 14:59:00,2015-11-04 15:00:00,132.045,132.046,132.089,131.984,132.11,132.069,132.128,132.016,1722
2015-11-04 15:00:00,2015-11-04 15:01:00,132.046,132.044,132.074,132.021,132.069,132.069,132.098,132.045,1042
2015-11-04 15:01:00,2015-11-04 15:02:00,132.044,132.032,132.104,132.029,132.069,132.057,132.126,132.052,1025
2015-11-04 15:02:00,2015-11-04 15:03:00,132.032,132.051,132.053,131.999,132.057,132.075,132.076,132.02,1121
2015-11-04 15:03:00,2015-11-04 15:04:00,132.051,132.017,132.064,131.98,132.075,132.037,132.084,132.004,858
2015-11-04 15:04:00,2015-11-04 15:05:00,132.017,131.986,132.016,131.96,132.037,132.007,132.037,131.984,738
2015-11-04 15:05:00,2015-11-04 15:06:00,131.986,131.963,131.998,131.941,132.007,131.984,132.018,131.962,733
2015-11-04 15:06:00,2015-11-04 15:07:00,131.963,131.988,132.006,131.963,131.984,132.008,132.028,131.981,705
2015-11-04 15:07:00,2015-11-04 15:08:00,131.988,131.997,132.009,131.972,132.008,132.019,132.029,131.994,585
2015-11-04 15:08:00,2015-11-04 15:09:00,131.997,131.979,132.001,131.964,132.019,132.002,132.024,131.985,618
2015-11-04 15:09:00,2015-11-04 15:10:00,131.979,131.979,131.986,131.962,132.002,132.001,132.007,131.983,473
2015-11-04 15:10:00,2015-11-04 15:11:00,131.979,131.951,131.983,131.908,132.001,131.974,132.006,131.924,573
2015-11-04 15:11:00,2015-11-04 15:12:00,131.951,131.928,131.971,131.922,131.974,131.946,131.995,131.941,685
2015-11-04 15:12:00,2015-11-04 15:13:00,131.928,131.919,131.932,131.902,131.946,131.943,131.954,131.925,700
2015-11-04 15:13:00,2015-11-04 15:14:00,131.919,131.903,131.931,131.874,131.943,131.924,131.952,131.895,772
2015-11-04 15:14:00,2015-11-04 15:15:00,131.903,131.925,131.937,131.904,131.924,131.948,131.956,131.923,582
2015-11-04 15:15:00,2015-11-04 15:16:00,131.925,131.929,131.938,131.922,131.948,131.95,131.96,131.943,439
2015-11-04 15:16:00,2015-11-04 15:17:00,131.929,131.927,131.931,131.906,131.95,131.948,131.954,131.927,458
2015-11-04 15:17:00,2015-11-04 15:18:00,131.927,131.926,131.935,131.921,131.948,131.947,131.956,131.94,461
2015-11-04 15:18:00,2015-11-04 15:19:00,131.926,131.934,131.943,131.911,131.947,131.956,131.965,131.93,594
2015-11-04 15:19:00,2015-11-04 15:20:00,131.934,131.928,131.938,131.902,131.956,131.95,131.961,131.925,576
2015-11-04 15:20:00,2015-11-04 15:21:00,131.928,131.912,131.931,131.904,131.95,131.932,131.95,131.925,460
2015-11-04 15:21:00,2015-11-04 15:22:00,131.912,131.872,131.923,131.867,131.932,131.892,131.941,131.887,699
2015-11-04 15:22:00,2015-11-04 15:23:00,131.872,131.921,131.921,131.863,131.892,131.94,131.941,131.883,616
2015-11-04 15:23:00,2015-11-04 15:24:00,131.921,131.892,131.929,131.892,131.94,131.914,131.948,131.914,474
2015-11-04 15:24:00,2015-11-04 15:25:00,131.892,131.876,131.909,131.874,131.914,131.899,131.929,131.897,405
2015-11-04 15:25:00,2015-11-04 15:26:00,131.876,131.905,131.914,131.869,131.899,131.926,131.935,131.891,557
2015-11-04 15:26:00,2015-11-04 15:27:00,131.905,131.91,131.921,131.881,131.926,131.933,131.943,131.904,591
2015-11-04 15:27:00,2015-11-04 15:28:00,131.91,131.889,131.918,131.881,131.933,131.912,131.941,131.904,420
2015-11-04 15:28:00,2015-11-04 15:29:00,131.889,131.901,131.907,131.885,131.912,131.924,131.928,131.909,418
2015-11-04 15:29:00,2015-11-04 15:30:00,131.901,131.881,131.918,131.877,131.924,131.904,131.94,131.9,501
2015-11-04 15:30:00,2015-11-04 15:31:00,131.881,131.852,131.887,131.85,131.904,131.873,131.911,131.87,513
2015-11-04 15:31:00,2015-11-04 15:32:00,131.852,131.879,131.882,131.853,131.873,131.9,131.904,131.873,529
2015-11-04 15:32:00,2015-11-04 15:33:00,131.879,131.858,131.894,131.858,131.9,131.877,131.913,131.876,435
2015-11-04 15:33:00,2015-11-04 15:34:00,131.858,131.846,131.865,131.843,131.877,131.867,131.885,131.864,436
2015-11-04 15:34:00,2015-11-04 15:35:00,131.846,131.848,131.855,131.843,131.867,131.87,131.875,131.865,424
2015-11-04 15:35:00,2015-11-04 15:36:00,131.848,131.855,131.86,131.843,131.87,131.878,131.882,131.866,416
2015-11-04 15:36:00,2015-11-04 15:37:00,131.855,131.845,131.861,131.844,131.878,131.868,131.882,131.866,272
2015-11-04 15:37:00,2015-11-04 15:38:00,131.845,131.876,131.878,131.84,131.868,131.898,131.9,131.86,591
2015-11-04 15:38:00,2015-11-04 15:39:00,131.876,131.852,131.887,131.839,131.898,131.875,131.908,131.858,800
2015-11-04 15:39:00,2015-11-04 15:40:00,131.852,131.873,131.906,131.836,131.875,131.896,131.927,131.858,920
2015-11-04 15:40:00,2015-11-04 15:41:00,131.873,131.87,131.886,131.842,131.896,131.892,131.91,131.864,861
2015-11-04 15:41:00,2015-11-04 15:42:00,131.87,131.87,131.883,131.85,131.892,131.893,131.905,131.871,776
2015-11-04 15:42:00,2015-11-04 15:43:00,131.87,131.895,131.913,131.85,131.893,131.918,131.936,131.867,825
2015-11-04 15:43:00,2015-11-04 15:44:00,131.895,131.904,131.904,131.874,131.918,131.924,131.925,131.897,637
2015-11-04 15:44:00,2015-11-04 15:45:00,131.904,131.906,131.909,131.885,131.924,131.927,131.927,131.905,706
2015-11-04 15:45:00,2015-11-04 15:46:00,131.906,131.934,131.944,131.904,131.927,131.957,131.967,131.927,677
2015-11-04 15:46:00,2015-11-04 15:47:00,131.934,131.897,131.939,131.867,131.957,131.921,131.961,131.888,833
2015-11-04 15:47:00,2015-11-04 15:48:00,131.897,131.871,131.916,131.871,131.921,131.891,131.937,131.891,430
2015-11-04 15:48:00,2015-11-04 15:49:00,131.871,131.939,131.942,131.856,131.891,131.961,131.963,131.875,980
2015-11-04 15:49:00,2015-11-04 15:50:00,131.939,132.013,132.024,131.933,131.961,132.034,132.045,131.954,847
2015-11-04 15:50:00,2015-11-04 15:51:00,132.013,131.952,132.019,131.951,132.034,131.976,132.042,131.976,835
2015-11-04 15:51:00,2015-11-04 15:52:00,131.952,132.008,132.01,131.946,131.976,132.033,132.034,131.969,567
2015-11-04 15:52:00,2015-11-04 15:53:00,132.008,132.031,132.04,131.998,132.033,132.055,132.062,132.02,643
2015-11-04 15:53:00,2015-11-04 15:54:00,132.031,132.014,132.066,132.003,132.055,132.036,132.088,132.022,767
2015-11-04 15:54:00,2015-11-04 15:55:00,132.014,132.057,132.078,131.991,132.036,132.079,132.101,132.019,888
2015-11-04 15:55:00,2015-11-04 15:56:00,132.057,132.056,132.082,132.031,132.079,132.081,132.107,132.054,712
2015-11-04 15:56:00,2015-11-04 15:57:00,132.056,132.049,132.06,132.025,132.081,132.071,132.084,132.047,540
2015-11-04 15:57:00,2015-11-04 15:58:00,132.049,132.039,132.063,132.033,132.071,132.06,132.086,132.056,445
2015-11-04 15:58:00,2015-11-04 15:59:00,132.039,132.046,132.048,132.002,132.06,132.066,132.067,132.025,568
2015-11-04 15:59:00,2015-11-04 16:00:00,132.046,132.048,132.067,132.044,132.066,132.069,132.089,132.064,567
2015-11-04 16:00:00,2015-11-04 16:01:00,132.048,132.088,132.102,132.036,132.069,132.111,132.122,132.055,789
2015-11-04 16:01:00,2015-11-04 16:02:00,132.088,132.092,132.126,132.084,132.111,132.116,132.148,132.106,688
2015-11-04 16:02:00,2015-11-04 16:03:00,132.092,132.128,132.128,132.08,132.116,132.151,132.153,132.101,472
2015-11-04 16:03:00,2015-11-04 16:04:00,132.128,132.132,132.133,132.096,132.151,132.153,132.156,132.117,596
2015-11-04 16:04:00,2015-11-04 16:05:00,132.132,132.108,132.135,132.102,132.153,132.129,132.156,132.124,367
2015-11-04 16:05:00,2015-11-04 16:06:00,132.108,132.089,132.114,132.081,132.129,132.11,132.134,132.101,497
2015-11-04 16:06:00,2015-11-04 16:07:00,132.089,132.081,132.1,132.064,132.11,132.103,132.121,132.085,406
2015-11-04 16:07:00,2015-11-04 16:08:00,132.081,132.048,132.083,132.036,132.103,132.069,132.105,132.057,514
2015-11-04 16:08:00,2015-11-04 16:09:00,132.048,132.014,132.053,131.998,132.069,132.035,132.074,132.019,616
2015-11-04 16:09:00,2015-11-04 16:10:00,132.014,132.01,132.028,131.977,132.035,132.031,132.047,131.998,607
2015-11-04 16:10:00,2015-11-04 16:11:00,132.01,132.008,132.009,131.991,132.031,132.03,132.032,132.012,364
2015-11-04 16:11:00,2015-11-04 16:12:00,132.008,132.045,132.054,132.003,132.03,132.066,132.074,132.024,437
2015-11-04 16:12:00,2015-11-04 16:13:00,132.045,132.008,132.047,132.006,132.066,132.028,132.069,132.028,416
2015-11-04 16:13:00,2015-11-04 16:14:00,132.008,131.995,132.025,131.994,132.028,132.017,132.047,132.016,430
2015-11-04 16:14:00,2015-11-04 16:15:00,131.995,132.045,132.047,131.977,132.017,132.066,132.067,131.998,460
2015-11-04 16:15:00,2015-11-04 16:16:00,132.045,132.074,132.087,132.04,132.066,132.095,132.108,132.061,495
2015-11-04 16:16:00,2015-11-04 16:17:00,132.074,132.096,132.097,132.068,132.095,132.117,132.118,132.09,355
2015-11-04 16:17:00,2015-11-04 16:18:00,132.096,132.112,132.112,132.078,132.117,132.133,132.133,132.1,464
2015-11-04 16:18:00,2015-11-04 16:19:00,132.112,132.115,132.124,132.086,132.133,132.139,132.145,132.108,387
2015-11-04 16:19:00,2015-11-04 16:20:00,132.115,132.098,132.12,132.095,132.139,132.12,132.143,132.116,330
2015-11-04 16:20:00,2015-11-04 16:21:00,132.098,132.057,132.104,132.057,132.12,132.078,132.125,132.078,504
2015-11-04 16:21:00,2015-11-04 16:22:00,132.057,132.085,132.094,132.054,132.078,132.107,132.115,132.076,538
2015-11-04 16:22:00,2015-11-04 16:23:00,132.085,132.046,132.094,132.035,132.107,132.069,132.113,132.057,453
2015-11-04 16:23:00,2015-11-04 16:24:00,132.046,132.066,132.068,132.039,132.069,132.088,132.09,132.062,432
2015-11-04 16:24:00,2015-11-04 16:25:00,132.066,132.056,132.089,132.053,132.088,132.079,132.11,132.074,481
2015-11-04 16:25:00,2015-11-04 16:26:00,132.056,132.038,132.071,132.035,132.079,132.06,132.093,132.057,501
2015-11-04 16:26:00,2015-11-04 16:27:00,132.038,132.051,132.068,132.033,132.06,132.069,132.091,132.054,490
2015-11-04 16:27:00,2015-11-04 16:28:00,132.051,132.003,132.051,132.002,132.069,132.024,132.07,132.022,431
2015-11-04 16:28:00,2015-11-04 16:29:00,132.003,132.003,132.019,132.001,132.024,132.023,132.04,132.018,462
2015-11-04 16:29:00,2015-11-04 16:30:00,132.003,132.014,132.019,131.997,132.023,132.034,132.039,132.017,474
2015-11-04 16:30:00,2015-11-04 16:31:00,132.014,131.984,132.014,131.984,132.034,132.008,132.034,132.005,511
2015-11-04 16:31:00,2015-11-04 16:32:00,131.984,131.98,131.992,131.971,132.008,132.003,132.014,131.991,289
2015-11-04 16:32:00,2015-11-04 16:33:00,131.98,131.985,131.985,131.958,132.003,132.005,132.005,131.98,376
2015-11-04 16:33:00,2015-11-04 16:34:00,131.985,132.042,132.042,131.975,132.005,132.065,132.066,131.998,372
2015-11-04 16:34:00,2015-11-04 16:35:00,132.042,132.015,132.063,132.003,132.065,132.037,132.086,132.024,527
2015-11-04 16:35:00,2015-11-04 16:36:00,132.015,132.026,132.033,132.015,132.037,132.047,132.056,132.037,387
2015-11-04 16:36:00,2015-11-04 16:37:00,132.026,132.035,132.048,132.018,132.047,132.058,132.07,132.04,467
2015-11-04 16:37:00,2015-11-04 16:38:00,132.035,132.049,132.057,132.031,132.058,132.071,132.079,132.054,380
2015-11-04 16:38:00,2015-11-04 16:39:00,132.049,132.014,132.05,132.01,132.071,132.036,132.072,132.033,465
2015-11-04 16:39:00,2015-11-04 16:40:00,132.014,132.001,132.015,131.99,132.036,132.024,132.038,132.012,420
2015-11-04 16:40:00,2015-11-04 16:41:00,132.001,131.968,132.001,131.947,132.024,131.992,132.023,131.968,543
2015-11-04 16:41:00,2015-11-04 16:42:00,131.968,131.977,131.986,131.956,131.992,132.001,132.008,131.979,385
2015-11-04 16:42:00,2015-11-04 16:43:00,131.977,131.991,132.008,131.976,132.001,132.014,132.03,132.0,379
2015-11-04 16:43:00,2015-11-04 16:44:00,131.991,132.006,132.008,131.978,132.014,132.028,132.028,132.0,326
2015-11-04 16:44:00,2015-11-04 16:45:00,132.006,131.994,132.011,131.993,132.028,132.017,132.034,132.015,355
2015-11-04 16:45:00,2015-11-04 16:46:00,131.994,131.983,131.995,131.979,132.017,132.007,132.018,132.001,276
2015-11-04 16:46:00,2015-11-04 16:47:00,131.983,131.97,131.988,131.961,132.007,131.993,132.011,131.983,297
2015-11-04 16:47:00,2015-11-04 16:48:00,131.97,131.973,131.984,131.963,131.993,131.995,132.007,131.987,354
2015-11-04 16:48:00,2015-11-04 16:49:00,131.973,131.939,131.979,131.938,131.995,131.962,132.0,131.96,428
2015-11-04 16:49:00,2015-11-04 16:50:00,131.939,131.941,131.945,131.92,131.962,131.962,131.967,131.943,451
2015-11-04 16:50:00,2015-11-04 16:51:00,131.941,131.954,131.96,131.938,131.962,131.977,131.982,131.959,387
2015-11-04 16:51:00,2015-11-04 16:52:00,131.954,131.961,131.973,131.953,131.977,131.984,131.994,131.976,238
2015-11-04 16:52:00,2015-11-04 16:53:00,131.961,131.989,131.99,131.96,131.984,132.011,132.011,131.982,260
2015-11-04 16:53:00,2015-11-04 16:54:00,131.989,131.991,132.004,131.987,132.011,132.014,132.026,132.009,297
2015-11-04 16:54:00,2015-11-04 16:55:00,131.991,131.993,132.011,131.982,132.014,132.016,132.032,132.004,299
2015-11-04 16:55:00,2015-11-04 16:56:00,131.993,131.961,131.993,131.956,132.016,131.983,132.015,131.979,247
2015-11-04 16:56:00,2015-11-04 16:57:00,131.961,131.983,131.986,131.96,131.983,132.006,132.008,131.983,267
2015-11-04 16:57:00,2015-11-04 16:58:00,131.983,131.98,131.989,131.974,132.006,132.002,132.01,131.996,317
2015-11-04 16:58:00,2015-11-04 16:59:00,131.98,131.977,131.985,131.965,132.002,131.999,132.007,131.988,315
2015-11-04 16:59:00,2015-11-04 17:00:00,131.977,131.997,132.008,131.974,131.999,132.019,132.028,131.996,444
2015-11-04 17:00:00,2015-11-04 17:01:00,131.997,132.014,132.02,131.987,132.019,132.038,132.042,132.01,291
2015-11-04 17:01:00,2015-11-04 17:02:00,132.014,131.998,132.02,131.993,132.038,132.021,132.043,132.015,282
2015-11-04 17:02:00,2015-11-04 17:03:00,131.998,132.007,132.012,131.989,132.021,132.029,132.034,132.01,284
2015-11-04 17:03:00,2015-11-04 17:04:00,132.007,132.009,132.012,131.996,132.029,132.031,132.034,132.02,223
2015-11-04 17:04:00,2015-11-04 17:05:00,132.009,132.012,132.025,132.002,132.031,132.035,132.047,132.024,319
2015-11-04 17:05:00,2015-11-04 17:06:00,132.012,132.044,132.051,132.013,132.035,132.067,132.072,132.035,335
2015-11-04 17:06:00,2015-11-04 17:07:00,132.044,132.037,132.049,132.033,132.067,132.06,132.07,132.057,262
2015-11-04 17:07:00,2015-11-04 17:08:00,132.037,132.033,132.048,132.031,132.06,132.055,132.072,132.054,261
2015-11-04 17:08:00,2015-11-04 17:09:00,132.033,132.069,132.07,132.03,132.055,132.092,132.092,132.052,328
2015-11-04 17:09:00,2015-11-04 17:10:00,132.069,132.088,132.091,132.061,132.092,132.111,132.113,132.083,397
2015-11-04 17:10:00,2015-11-04 17:11:00,132.088,132.086,132.093,132.075,132.111,132.111,132.115,132.099,296
2015-11-04 17:11:00,2015-11-04 17:12:00,132.086,132.077,132.094,132.076,132.111,132.099,132.118,132.098,264
2015-11-04 17:12:00,2015-11-04 17:13:00,132.077,132.101,132.114,132.075,132.099,132.124,132.134,132.098,382
2015-11-04 17:13:00,2015-11-04 17:14:00,132.101,132.097,132.104,132.09,132.124,132.12,132.126,132.113,338
2015-11-04 17:14:00,2015-11-04 17:15:00,132.097,132.059,132.101,132.059,132.12,132.082,132.125,132.082,290
2015-11-04 17:15:00,2015-11-04 17:16:00,132.059,132.062,132.073,132.048,132.082,132.086,132.096,132.07,376
2015-11-04 17:16:00,2015-11-04 17:17:00,132.062,132.023,132.066,132.023,132.086,132.048,132.089,132.047,555
2015-11-04 17:17:00,2015-11-04 17:18:00,132.023,132.045,132.059,132.024,132.048,132.069,132.082,132.048,515
2015-11-04 17:18:00,2015-11-04 17:19:00,132.045,132.041,132.049,132.015,132.069,132.065,132.074,132.035,539
2015-11-04 17:19:00,2015-11-04 17:20:00,132.041,132.025,132.06,132.021,132.065,132.047,132.085,132.042,539
2015-11-04 17:20:00,2015-11-04 17:21:00,132.025,132.032,132.032,132.011,132.047,132.057,132.057,132.033,350
2015-11-04 17:21:00,2015-11-04 17:22:00,132.032,132.041,132.06,132.028,132.057,132.061,132.083,132.051,367
2015-11-04 17:22:00,2015-11-04 17:23:00,132.041,131.983,132.045,131.967,132.061,132.003,132.064,131.99,446
2015-11-04 17:23:00,2015-11-04 17:24:00,131.983,132.005,132.005,131.98,132.003,132.027,132.027,132.002,303
2015-11-04 17:24:00,2015-11-04 17:25:00,132.005,131.984,132.007,131.984,132.027,132.007,132.031,132.007,313
2015-11-04 17:25:00,2015-11-04 17:26:00,131.984,132.005,132.007,131.984,132.007,132.027,132.031,132.008,209
2015-11-04 17:26:00,2015-11-04 17:27:00,132.005,132.004,132.01,131.989,132.027,132.028,132.034,132.013,263
2015-11-04 17:27:00,2015-11-04 17:28:00,132.004,131.981,132.008,131.979,132.028,132.003,132.032,132.002,268
2015-11-04 17:28:00,2015-11-04 17:29:00,131.981,131.975,131.989,131.975,132.003,131.994,132.011,131.993,170
2015-11-04 17:29:00,2015-11-04 17:30:00,131.975,131.971,131.978,131.965,131.994,131.994,132.001,131.989,202
2015-11-04 17:30:00,2015-11-04 17:31:00,131.971,131.974,131.981,131.967,131.994,131.998,132.002,131.99,161
2015-11-04 17:31:00,2015-11-04 17:32:00,131.974,131.961,131.975,131.957,131.998,131.983,131.998,131.978,237
2015-11-04 17:32:00,2015-11-04 17:33:00,131.961,131.954,131.97,131.949,131.983,131.976,131.994,131.97,219
2015-11-04 17:33:00,2015-11-04 17:34:00,131.954,131.95,131.963,131.946,131.976,131.971,131.985,131.968,305
2015-11-04 17:34:00,2015-11-04 17:35:00,131.95,131.945,131.952,131.942,131.971,131.967,131.974,131.962,264
2015-11-04 17:35:00,2015-11-04 17:36:00,131.945,131.947,131.958,131.945,131.967,131.971,131.982,131.967,270
2015-11-04 17:36:00,2015-11-04 17:37:00,131.947,131.947,131.95,131.942,131.971,131.971,131.972,131.963,195
2015-11-04 17:37:00,2015-11-04 17:38:00,131.947,131.901,131.947,131.887,131.971,131.924,131.97,131.908,458
2015-11-04 17:38:00,2015-11-04 17:39:00,131.901,131.92,131.92,131.901,131.924,131.94,131.94,131.923,342
2015-11-04 17:39:00,2015-11-04 17:40:00,131.92,131.948,131.95,131.919,131.94,131.969,131.972,131.938,261
2015-11-04 17:40:00,2015-11-04 17:41:00,131.948,131.981,131.981,131.948,131.969,132.001,132.002,131.968,320
2015-11-04 17:41:00,2015-11-04 17:42:00,131.981,131.969,131.989,131.969,132.001,131.992,132.01,131.992,291
2015-11-04 17:42:00,2015-11-04 17:43:00,131.969,131.977,131.984,131.969,131.992,131.999,132.007,131.991,240
2015-11-04 17:43:00,2015-11-04 17:44:00,131.977,131.98,131.986,131.968,131.999,132.002,132.008,131.991,252
2015-11-04 17:44:00,2015-11-04 17:45:00,131.98,131.967,131.981,131.966,132.002,131.99,132.004,131.988,217
2015-11-04 17:45:00,2015-11-04 17:46:00,131.967,131.942,131.973,131.934,131.99,131.964,131.996,131.957,318
2015-11-04 17:46:00,2015-11-04 17:47:00,131.942,131.909,131.945,131.904,131.964,131.933,131.968,131.926,234
2015-11-04 17:47:00,2015-11-04 17:48:00,131.909,131.917,131.927,131.909,131.933,131.936,131.949,131.932,250
2015-11-04 17:48:00,2015-11-04 17:49:00,131.917,131.917,131.935,131.91,131.936,131.94,131.959,131.932,268
2015-11-04 17:49:00,2015-11-04 17:50:00,131.917,131.913,131.919,131.911,131.94,131.937,131.944,131.935,245
2015-11-04 17:50:00,2015-11-04 17:51:00,131.913,131.921,131.925,131.912,131.937,131.943,131.948,131.935,228
2015-11-04 17:51:00,2015-11-04 17:52:00,131.921,131.923,131.929,131.916,131.943,131.944,131.951,131.937,203
2015-11-04 17:52:00,2015-11-04 17:53:00,131.923,131.91,131.931,131.898,131.944,131.932,131.951,131.921,260
2015-11-04 17:53:00,2015-11-04 17:54:00,131.91,131.914,131.92,131.906,131.932,131.937,131.944,131.929,272
2015-11-04 17:54:00,2015-11-04 17:55:00,131.914,131.923,131.923,131.911,131.937,131.945,131.947,131.934,177
2015-11-04 17:55:00,2015-11-04 17:56:00,131.923,131.889,131.925,131.889,131.945,131.912,131.947,131.91,191
2015-11-04 17:56:00,2015-11-04 17:57:00,131.889,131.906,131.912,131.889,131.912,131.929,131.936,131.912,350
2015-11-04 17:57:00,2015-11-04 17:58:00,131.906,131.924,131.928,131.883,131.929,131.948,131.951,131.906,421
2015-11-04 17:58:00,2015-11-04 17:59:00,131.924,131.958,131.962,131.924,131.948,131.984,131.985,131.947,531
2015-11-04 17:59:00,2015-11-04 18:00:00,131.958,131.968,131.971,131.934,131.984,131.993,131.995,131.959,287
2015-11-04 18:00:00,2015-11-04 18:01:00,131.968,131.978,131.981,131.963,131.993,132.001,132.005,131.986,234
2015-11-04 18:01:00,2015-11-04 18:02:00,131.978,131.973,131.984,131.967,132.001,131.995,132.006,131.992,205
2015-11-04 18:02:00,2015-11-04 18:03:00,131.973,131.967,131.974,131.965,131.995,131.991,131.998,131.987,195
2015-11-04 18:03:00,2015-11-04 18:04:00,131.967,131.957,131.971,131.951,131.991,131.981,131.995,131.973,288
2015-11-04 18:04:00,2015-11-04 18:05:00,131.957,131.947,131.958,131.937,131.981,131.969,131.982,131.959,307
2015-11-04 18:05:00,2015-11-04 18:06:00,131.947,131.934,131.948,131.93,131.969,131.956,131.971,131.953,163
2015-11-04 18:06:00,2015-11-04 18:07:00,131.934,131.929,131.938,131.925,131.956,131.951,131.961,131.948,150
2015-11-04 18:07:00,2015-11-04 18:08:00,131.929,131.918,131.931,131.914,131.951,131.937,131.954,131.934,204
2015-11-04 18:08:00,2015-11-04 18:09:00,131.918,131.928,131.933,131.914,131.937,131.951,131.953,131.932,296
2015-11-04 18:09:00,2015-11-04 18:10:00,131.928,131.938,131.939,131.904,131.951,131.962,131.962,131.928,284
2015-11-04 18:10:00,2015-11-04 18:11:00,131.938,131.943,131.949,131.933,131.962,131.967,131.974,131.957,204
2015-11-04 18:11:00,2015-11-04 18:12:00,131.943,131.938,131.951,131.937,131.967,131.962,131.975,131.961,170
2015-11-04 18:12:00,2015-11-04 18:13:00,131.938,131.942,131.961,131.93,131.962,131.967,131.984,131.952,334
2015-11-04 18:13:00,2015-11-04 18:14:00,131.942,131.923,131.942,131.908,131.967,131.947,131.967,131.931,287
2015-11-04 18:14:00,2015-11-04 18:15:00,131.923,131.914,131.922,131.906,131.947,131.939,131.947,131.929,296
2015-11-04 18:15:00,2015-11-04 18:16:00,131.914,131.917,131.921,131.906,131.939,131.941,131.945,131.929,265
2015-11-04 18:16:00,2015-11-04 18:17:00,131.917,131.935,131.943,131.916,131.941,131.958,131.965,131.938,193
2015-11-04 18:17:00,2015-11-04 18:18:00,131.935,131.935,131.936,131.918,131.958,131.957,131.958,131.94,145
2015-11-04 18:18:00,2015-11-04 18:19:00,131.935,131.922,131.935,131.922,131.957,131.945,131.96,131.945,182
2015-11-04 18:19:00,2015-11-04 18:20:00,131.922,131.911,131.935,131.9,131.945,131.936,131.958,131.923,458
2015-11-04 18:20:00,2015-11-04 18:21:00,131.911,131.893,131.917,131.888,131.936,131.917,131.94,131.911,296
2015-11-04 18:21:00,2015-11-04 18:22:00,131.893,131.882,131.897,131.878,131.917,131.904,131.922,131.901,201
2015-11-04 18:22:00,2015-11-04 18:23:00,131.882,131.88,131.889,131.877,131.904,131.905,131.913,131.9,126
2015-11-04 18:23:00,2015-11-04 18:24:00,131.88,131.902,131.903,131.879,131.905,131.927,131.928,131.902,161
2015-11-04 18:24:00,2015-11-04 18:25:00,131.902,131.909,131.916,131.899,131.927,131.935,131.938,131.924,176
2015-11-04 18:25:00,2015-11-04 18:26:00,131.909,131.907,131.911,131.901,131.935,131.932,131.936,131.924,158
2015-11-04 18:26:00,2015-11-04 18:27:00,131.907,131.898,131.917,131.898,131.932,131.921,131.935,131.921,223
2015-11-04 18:27:00,2015-11-04 18:28:00,131.898,131.893,131.9,131.892,131.921,131.916,131.925,131.915,129
2015-11-04 18:28:00,2015-11-04 18:29:00,131.893,131.899,131.899,131.889,131.916,131.924,131.924,131.912,92
2015-11-04 18:29:00,2015-11-04 18:30:00,131.899,131.887,131.905,131.863,131.924,131.912,131.929,131.885,391
2015-11-04 18:30:00,2015-11-04 18:31:00,131.887,131.914,131.914,131.884,131.912,131.939,131.939,131.907,257
2015-11-04 18:31:00,2015-11-04 18:32:00,131.914,131.902,131.915,131.901,131.939,131.928,131.941,131.927,118
2015-11-04 18:32:00,2015-11-04 18:33:00,131.902,131.897,131.903,131.895,131.928,131.921,131.928,131.92,104
2015-11-04 18:33:00,2015-11-04 18:34:00,131.897,131.907,131.913,131.882,131.921,131.928,131.935,131.907,228
2015-11-04 18:34:00,2015-11-04 18:35:00,131.907,131.914,131.919,131.906,131.928,131.937,131.939,131.929,165
2015-11-04 18:35:00,2015-11-04 18:36:00,131.914,131.925,131.935,131.912,131.937,131.948,131.957,131.937,179
2015-11-04 18:36:00,2015-11-04 18:37:00,131.925,131.936,131.936,131.906,131.948,131.959,131.959,131.93,265
2015-11-04 18:37:00,2015-11-04 18:38:00,131.936,131.949,131.951,131.929,131.959,131.974,131.975,131.953,225
2015-11-04 18:38:00,2015-11-04 18:39:00,131.949,131.951,131.951,131.933,131.974,131.972,131.974,131.958,172
2015-11-04 18:39:00,2015-11-04 18:40:00,131.951,131.952,131.955,131.934,131.972,131.974,131.978,131.958,118
2015-11-04 18:40:00,2015-11-04 18:41:00,131.952,131.91,131.955,131.91,131.974,131.935,131.977,131.933,266
2015-11-04 18:41:00,2015-11-04 18:42:00,131.91,131.921,131.927,131.9,131.935,131.946,131.951,131.92,186
2015-11-04 18:42:00,2015-11-04 18:43:00,131.921,131.88,131.921,131.871,131.946,131.902,131.946,131.896,242
2015-11-04 18:43:00,2015-11-04 18:44:00,131.88,131.886,131.891,131.878,131.902,131.91,131.915,131.901,205
2015-11-04 18:44:00,2015-11-04 18:45:00,131.886,131.908,131.922,131.884,131.91,131.932,131.947,131.909,238
2015-11-04 18:45:00,2015-11-04 18:46:00,131.908,131.901,131.919,131.897,131.932,131.925,131.941,131.921,182
2015-11-04 18:46:00,2015-11-04 18:47:00,131.901,131.914,131.922,131.898,131.925,131.936,131.946,131.923,224
2015-11-04 18:47:00,2015-11-04 18:48:00,131.914,131.92,131.926,131.909,131.936,131.942,131.95,131.932,247
2015-11-04 18:48:00,2015-11-04 18:49:00,131.92,131.904,131.923,131.904,131.942,131.929,131.947,131.929,191
2015-11-04 18:49:00,2015-11-04 18:50:00,131.904,131.908,131.91,131.89,131.929,131.931,131.934,131.915,270
2015-11-04 18:50:00,2015-11-04 18:51:00,131.908,131.909,131.917,131.897,131.931,131.933,131.941,131.922,292
2015-11-04 18:51:00,2015-11-04 18:52:00,131.909,131.915,131.924,131.909,131.933,131.937,131.944,131.933,78
2015-11-04 18:52:00,2015-11-04 18:53:00,131.915,131.909,131.919,131.903,131.937,131.932,131.942,131.926,223
2015-11-04 18:53:00,2015-11-04 18:54:00,131.909,131.904,131.909,131.89,131.932,131.928,131.933,131.912,290
2015-11-04 18:54:00,2015-11-04 18:55:00,131.904,131.921,131.926,131.904,131.928,131.946,131.949,131.929,139
2015-11-04 18:55:00,2015-11-04 18:56:00,131.921,131.921,131.926,131.914,131.946,131.945,131.95,131.939,185
2015-11-04 18:56:00,2015-11-04 18:57:00,131.921,131.913,131.922,131.911,131.945,131.937,131.946,131.933,188
2015-11-04 18:57:00,2015-11-04 18:58:00,131.913,131.929,131.936,131.909,131.937,131.951,131.959,131.932,278
2015-11-04 18:58:00,2015-11-04 18:59:00,131.929,131.926,131.939,131.918,131.951,131.951,131.962,131.941,226
2015-11-04 18:59:00,2015-11-04 19:00:00,131.926,131.944,131.951,131.922,131.951,131.966,131.974,131.945,213
2015-11-04 19:00:00,2015-11-04 19:01:00,131.944,131.953,131.953,131.94,131.966,131.976,131.976,131.964,94
2015-11-04 19:01:00,2015-11-04 19:02:00,131.953,131.965,131.968,131.945,131.976,131.988,131.992,131.967,164
2015-11-04 19:02:00,2015-11-04 19:03:00,131.965,131.955,131.974,131.946,131.988,131.979,131.999,131.968,337
2015-11-04 19:03:00,2015-11-04 19:04:00,131.955,131.963,131.963,131.952,131.979,131.986,131.987,131.973,216
2015-11-04 19:04:00,2015-11-04 19:05:00,131.963,131.977,131.983,131.962,131.986,132.002,132.004,131.985,130
2015-11-04 19:05:00,2015-11-04 19:06:00,131.977,131.972,131.988,131.971,132.002,131.996,132.012,131.994,250
2015-11-04 19:06:00,2015-11-04 19:07:00,131.972,131.973,131.978,131.969,131.996,131.997,132.002,131.993,124
2015-11-04 19:07:00,2015-11-04 19:08:00,131.973,131.982,131.99,131.971,131.997,132.004,132.012,131.994,154
2015-11-04 19:08:00,2015-11-04 19:09:00,131.982,131.991,132.0,131.982,132.004,132.015,132.023,132.003,219
2015-11-04 19:09:00,2015-11-04 19:10:00,131.991,131.996,131.998,131.989,132.015,132.019,132.021,132.013,136
2015-11-04 19:10:00,2015-11-04 19:11:00,131.996,132.013,132.025,131.997,132.019,132.036,132.048,132.019,180
2015-11-04 19:11:00,2015-11-04 19:12:00,132.013,132.018,132.02,132.013,132.036,132.044,132.045,132.038,109
2015-11-04 19:12:00,2015-11-04 19:13:00,132.018,132.01,132.018,132.01,132.044,132.036,132.043,132.035,72
2015-11-04 19:13:00,2015-11-04 19:14:00,132.01,132.008,132.015,131.994,132.036,132.032,132.038,132.019,190
2015-11-04 19:14:00,2015-11-04 19:15:00,132.008,132.003,132.021,132.002,132.032,132.027,132.046,132.024,208
2015-11-04 19:15:00,2015-11-04 19:16:00,132.003,132.023,132.024,132.002,132.027,132.046,132.046,132.025,138
2015-11-04 19:16:00,2015-11-04 19:17:00,132.023,132.021,132.022,132.01,132.046,132.044,132.045,132.032,167
2015-11-04 19:17:00,2015-11-04 19:18:00,132.021,132.02,132.024,132.005,132.044,132.04,132.047,132.027,207
2015-11-04 19:18:00,2015-11-04 19:19:00,132.02,132.012,132.021,132.009,132.04,132.034,132.043,132.031,177
2015-11-04 19:19:00,2015-11-04 19:20:00,132.012,132.007,132.017,132.005,132.034,132.027,132.039,132.027,235
2015-11-04 19:20:00,2015-11-04 19:21:00,132.007,132.027,132.034,132.007,132.027,132.049,132.054,132.028,172
2015-11-04 19:21:00,2015-11-04 19:22:00,132.027,132.018,132.027,132.018,132.049,132.04,132.049,132.04,99
2015-11-04 19:22:00,2015-11-04 19:23:00,132.018,132.025,132.025,132.017,132.04,132.046,132.046,132.037,104
2015-11-04 19:23:00,2015-11-04 19:24:00,132.025,132.024,132.026,132.019,132.046,132.045,132.049,132.041,156
2015-11-04 19:24:00,2015-11-04 19:25:00,132.024,132.02,132.024,132.013,132.045,132.043,132.046,132.035,139
2015-11-04 19:25:00,2015-11-04 19:26:00,132.02,132.025,132.025,132.013,132.043,132.047,132.047,132.035,128
2015-11-04 19:26:00,2015-11-04 19:27:00,132.025,132.032,132.034,132.024,132.047,132.055,132.056,132.047,62
2015-11-04 19:27:00,2015-11-04 19:28:00,132.032,132.036,132.042,132.026,132.055,132.06,132.067,132.048,92
2015-11-04 19:28:00,2015-11-04 19:29:00,132.036,132.047,132.047,132.036,132.06,132.07,132.072,132.058,191
2015-11-04 19:29:00,2015-11-04 19:30:00,132.047,132.035,132.053,132.035,132.07,132.058,132.078,132.058,171
2015-11-04 19:30:00,2015-11-04 19:31:00,132.035,132.027,132.039,132.027,132.058,132.049,132.063,132.048,92
2015-11-04 19:31:00,2015-11-04 19:32:00,132.027,132.01,132.039,132.008,132.049,132.034,132.062,132.034,147
2015-11-04 19:32:00,2015-11-04 19:33:00,132.01,132.017,132.022,132.008,132.034,132.04,132.046,132.032,149
2015-11-04 19:33:00,2015-11-04 19:34:00,132.017,132.034,132.034,132.017,132.04,132.055,132.057,132.039,126
2015-11-04 19:34:00,2015-11-04 19:35:00,132.034,132.032,132.036,132.022,132.055,132.055,132.058,132.045,91
2015-11-04 19:35:00,2015-11-04 19:36:00,132.032,132.009,132.034,132.004,132.055,132.033,132.057,132.028,194
2015-11-04 19:36:00,2015-11-04 19:37:00,132.009,132.013,132.018,132.003,132.033,132.036,132.041,132.025,194
2015-11-04 19:37:00,2015-11-04 19:38:00,132.013,132.026,132.029,132.012,132.036,132.049,132.052,132.035,107
2015-11-04 19:38:00,2015-11-04 19:39:00,132.026,132.022,132.03,132.02,132.049,132.046,132.053,132.043,93
2015-11-04 19:39:00,2015-11-04 19:40:00,132.022,132.034,132.034,132.02,132.046,132.057,132.057,132.039,202
2015-11-04 19:40:00,2015-11-04 19:41:00,132.034,132.011,132.035,132.01,132.057,132.034,132.059,132.033,125
2015-11-04 19:41:00,2015-11-04 19:42:00,132.011,132.025,132.025,132.005,132.034,132.051,132.051,132.027,161
2015-11-04 19:42:00,2015-11-04 19:43:00,132.025,132.031,132.035,132.021,132.051,132.053,132.059,132.044,275
2015-11-04 19:43:00,2015-11-04 19:44:00,132.031,132.006,132.037,132.006,132.053,132.029,132.062,132.029,168
2015-11-04 19:44:00,2015-11-04 19:45:00,132.006,132.004,132.013,132.0,132.029,132.026,132.033,132.023,229
2015-11-04 19:45:00,2015-11-04 19:46:00,132.004,132.005,132.015,132.001,132.026,132.026,132.039,132.022,198
2015-11-04 19:46:00,2015-11-04 19:47:00,132.005,132.004,132.006,132.002,132.026,132.026,132.029,132.023,174
2015-11-04 19:47:00,2015-11-04 19:48:00,132.004,131.995,132.006,131.99,132.026,132.017,132.027,132.013,99
2015-11-04 19:48:00,2015-11-04 19:49:00,131.995,131.98,131.994,131.962,132.017,132.003,132.018,131.985,176
2015-11-04 19:49:00,2015-11-04 19:50:00,131.98,131.983,131.997,131.98,132.003,132.005,132.021,132.004,157
2015-11-04 19:50:00,2015-11-04 19:51:00,131.983,131.985,131.992,131.982,132.005,132.009,132.014,132.005,116
2015-11-04 19:51:00,2015-11-04 19:52:00,131.985,131.985,131.992,131.984,132.009,132.008,132.014,132.007,91
2015-11-04 19:52:00,2015-11-04 19:53:00,131.985,131.975,131.985,131.973,132.008,131.995,132.009,131.995,116
2015-11-04 19:53:00,2015-11-04 19:54:00,131.975,131.984,131.984,131.971,131.995,132.007,132.007,131.993,212
2015-11-04 19:54:00,2015-11-04 19:55:00,131.984,131.968,131.983,131.964,132.007,131.99,132.007,131.987,133
2015-11-04 19:55:00,2015-11-04 19:56:00,131.968,131.969,131.976,131.965,131.99,131.991,131.999,131.988,144
2015-11-04 19:56:00,2015-11-04 19:57:00,131.969,131.966,131.977,131.966,131.991,131.99,131.999,131.987,194
2015-11-04 19:57:00,2015-11-04 19:58:00,131.966,131.971,131.979,131.965,131.99,131.994,132.003,131.988,223
2015-11-04 19:58:00,2015-11-04 19:59:00,131.971,131.994,132.011,131.971,131.994,132.014,132.033,131.995,458
2015-11-04 19:59:00,2015-11-04 20:00:00,131.994,131.969,131.995,131.969,132.014,131.992,132.016,131.991,226
2015-11-04 20:00:00,2015-11-04 20:01:00,131.969,131.966,131.971,131.962,131.992,131.987,131.993,131.981,238
2015-11-04 20:01:00,2015-11-04 20:02:00,131.966,131.964,131.969,131.963,131.987,131.985,131.992,131.985,68
2015-11-04 20:02:00,2015-11-04 20:03:00,131.964,131.977,131.977,131.964,131.985,131.998,131.999,131.984,116
2015-11-04 20:03:00,2015-11-04 20:04:00,131.977,131.967,131.98,131.964,131.998,131.989,132.005,131.986,200
2015-11-04 20:04:00,2015-11-04 20:05:00,131.967,131.969,131.969,131.958,131.989,131.989,131.991,131.982,156
2015-11-04 20:05:00,2015-11-04 20:06:00,131.969,131.964,131.974,131.962,131.989,131.983,131.993,131.983,208
2015-11-04 20:06:00,2015-11-04 20:07:00,131.964,131.972,131.977,131.96,131.983,131.994,131.998,131.98,176
2015-11-04 20:07:00,2015-11-04 20:08:00,131.972,131.963,131.974,131.963,131.994,131.984,131.996,131.984,110
2015-11-04 20:08:00,2015-11-04 20:09:00,131.963,131.963,131.968,131.959,131.984,131.985,131.99,131.981,150
2015-11-04 20:09:00,2015-11-04 20:10:00,131.963,131.973,131.974,131.959,131.985,131.996,131.998,131.982,284
2015-11-04 20:10:00,2015-11-04 20:11:00,131.973,131.97,131.975,131.954,131.996,131.993,131.999,131.977,251
2015-11-04 20:11:00,2015-11-04 20:12:00,131.97,131.962,131.975,131.957,131.993,131.987,131.998,131.982,168
2015-11-04 20:12:00,2015-11-04 20:13:00,131.962,132.021,132.028,131.962,131.987,132.046,132.051,131.988,270
2015-11-04 20:13:00,2015-11-04 20:14:00,132.021,132.013,132.022,132.003,132.046,132.036,132.046,132.026,201
2015-11-04 20:14:00,2015-11-04 20:15:00,132.013,132.005,132.015,132.004,132.036,132.028,132.038,132.027,114
2015-11-04 20:15:00,2015-11-04 20:16:00,132.005,131.997,132.009,131.993,132.028,132.02,132.033,132.014,219
2015-11-04 20:16:00,2015-11-04 20:17:00,131.997,131.991,131.999,131.985,132.02,132.015,132.022,132.008,169
2015-11-04 20:17:00,2015-11-04 20:18:00,131.991,131.991,131.992,131.989,132.015,132.015,132.016,132.012,34
2015-11-04 20:18:00,2015-11-04 20:19:00,131.991,131.994,132.008,131.988,132.015,132.018,132.033,132.01,194
2015-11-04 20:19:00,2015-11-04 20:20:00,131.994,131.997,131.998,131.977,132.018,132.021,132.022,131.997,235
2015-11-04 20:20:00,2015-11-04 20:21:00,131.997,131.992,131.998,131.989,132.021,132.017,132.021,132.012,135
2015-11-04 20:21:00,2015-11-04 20:22:00,131.992,131.992,131.999,131.992,132.017,132.017,132.023,132.015,110
2015-11-04 20:22:00,2015-11-04 20:23:00,131.992,131.992,131.995,131.986,132.017,132.017,132.02,132.009,131
2015-11-04 20:23:00,2015-11-04 20:24:00,131.992,131.985,131.992,131.977,132.017,132.01,132.018,132.001,140
2015-11-04 20:24:00,2015-11-04 20:25:00,131.985,131.966,131.99,131.966,132.01,131.988,132.013,131.988,224
2015-11-04 20:25:00,2015-11-04 20:26:00,131.966,131.96,131.971,131.953,131.988,131.983,131.994,131.975,203
2015-11-04 20:26:00,2015-11-04 20:27:00,131.96,131.975,131.978,131.96,131.983,131.998,132.001,131.982,184
2015-11-04 20:27:00,2015-11-04 20:28:00,131.975,131.977,131.978,131.975,131.998,132.0,132.0,131.996,41
2015-11-04 20:28:00,2015-11-04 20:29:00,131.977,131.987,131.989,131.977,132.0,132.009,132.012,132.0,176
2015-11-04 20:29:00,2015-11-04 20:30:00,131.987,131.984,131.993,131.983,132.009,132.007,132.015,132.006,170
2015-11-04 20:30:00,2015-11-04 20:31:00,131.984,131.98,131.99,131.976,132.007,132.003,132.013,131.998,136
2015-11-04 20:31:00,2015-11-04 20:32:00,131.98,131.985,131.988,131.974,132.003,132.007,132.012,131.995,190
2015-11-04 20:32:00,2015-11-04 20:33:00,131.985,131.986,131.993,131.983,132.007,132.008,132.016,132.004,156
2015-11-04 20:33:00,2015-11-04 20:34:00,131.986,131.991,131.997,131.984,132.008,132.014,132.021,132.006,190
2015-11-04 20:34:00,2015-11-04 20:35:00,131.991,131.991,131.995,131.986,132.014,132.013,132.018,132.009,135
2015-11-04 20:35:00,2015-11-04 20:36:00,131.991,131.984,131.989,131.98,132.013,132.007,132.013,132.004,99
2015-11-04 20:36:00,2015-11-04 20:37:00,131.984,131.98,131.984,131.978,132.007,132.003,132.007,132.0,66
2015-11-04 20:37:00,2015-11-04 20:38:00,131.98,131.985,131.988,131.98,132.003,132.008,132.011,132.004,100
2015-11-04 20:38:00,2015-11-04 20:39:00,131.985,131.986,131.987,131.982,132.008,132.008,132.01,132.005,88
2015-11-04 20:39:00,2015-11-04 20:40:00,131.986,131.997,132.0,131.986,132.008,132.02,132.024,132.008,154
2015-11-04 20:40:00,2015-11-04 20:41:00,131.997,131.997,132.002,131.986,132.02,132.021,132.023,132.009,175
2015-11-04 20:41:00,2015-11-04 20:42:00,131.997,132.001,132.002,131.996,132.021,132.023,132.023,132.019,75
2015-11-04 20:42:00,2015-11-04 20:43:00,132.001,132.01,132.014,131.998,132.023,132.034,132.036,132.019,104
2015-11-04 20:43:00,2015-11-04 20:44:00,132.01,132.002,132.012,131.994,132.034,132.026,132.035,132.017,154
2015-11-04 20:44:00,2015-11-04 20:45:00,132.002,132.012,132.016,131.999,132.026,132.035,132.039,132.023,182
2015-11-04 20:45:00,2015-11-04 20:46:00,132.012,132.021,132.026,132.009,132.035,132.046,132.05,132.034,147
2015-11-04 20:46:00,2015-11-04 20:47:00,132.021,132.011,132.031,132.001,132.046,132.033,132.056,132.023,281
2015-11-04 20:47:00,2015-11-04 20:48:00,132.011,132.003,132.01,131.991,132.033,132.026,132.033,132.013,167
2015-11-04 20:48:00,2015-11-04 20:49:00,132.003,131.998,132.014,131.998,132.026,132.018,132.037,132.018,111
2015-11-04 20:49:00,2015-11-04 20:50:00,131.998,131.984,131.999,131.975,132.018,132.006,132.018,131.996,87
2015-11-04 20:50:00,2015-11-04 20:51:00,131.984,131.979,132.008,131.974,132.006,132.002,132.021,131.995,164
2015-11-04 20:51:00,2015-11-04 20:52:00,131.979,131.991,132.001,131.979,132.002,132.014,132.025,132.003,167
2015-11-04 20:52:00,2015-11-04 20:53:00,131.991,131.993,132.005,131.99,132.014,132.016,132.029,132.014,208
2015-11-04 20:53:00,2015-11-04 20:54:00,131.993,131.987,132.005,131.987,132.016,132.009,132.028,132.009,164
2015-11-04 20:54:00,2015-11-04 20:55:00,131.987,132.005,132.005,131.987,132.009,132.029,132.03,132.009,111
2015-11-04 20:55:00,2015-11-04 20:56:00,132.005,132.013,132.015,131.995,132.029,132.037,132.039,132.018,165
2015-11-04 20:56:00,2015-11-04 20:57:00,132.013,132.011,132.016,132.006,132.037,132.035,132.039,132.031,169
2015-11-04 20:57:00,2015-11-04 20:58:00,132.011,131.998,132.012,131.998,132.035,132.022,132.036,132.022,139
2015-11-04 20:58:00,2015-11-04 20:59:00,131.998,132.01,132.01,131.986,132.022,132.035,132.035,132.009,311
2015-11-04 20:59:00,2015-11-04 21:00:00,132.01,132.026,132.027,132.005,132.035,132.05,132.052,132.03,206
2015-11-04 21:00:00,2015-11-04 21:01:00,132.026,132.028,132.032,132.023,132.05,132.052,132.056,132.048,80
2015-11-04 21:01:00,2015-11-04 21:02:00,132.028,132.012,132.029,132.011,132.052,132.036,132.054,132.034,65
2015-11-04 21:02:00,2015-11-04 21:03:00,132.012,132.018,132.023,132.01,132.036,132.042,132.048,132.034,125
2015-11-04 21:03:00,2015-11-04 21:04:00,132.018,132.023,132.024,132.014,132.042,132.049,132.049,132.036,49
2015-11-04 21:04:00,2015-11-04 21:05:00,132.023,132.025,132.026,132.015,132.049,132.048,132.051,132.041,61
2015-11-04 21:05:00,2015-11-04 21:06:00,132.025,132.026,132.029,132.025,132.048,132.052,132.053,132.048,23
2015-11-04 21:06:00,2015-11-04 21:07:00,132.026,132.025,132.028,132.024,132.052,132.047,132.052,132.046,43
2015-11-04 21:07:00,2015-11-04 21:08:00,132.025,132.031,132.032,132.025,132.047,132.056,132.056,132.047,43
2015-11-04 21:08:00,2015-11-04 21:09:00,132.031,132.036,132.039,132.032,132.056,132.062,132.066,132.056,42
2015-11-04 21:09:00,2015-11-04 21:10:00,132.036,132.039,132.046,132.037,132.062,132.065,132.072,132.062,86
2015-11-04 21:10:00,2015-11-04 21:11:00,132.039,132.034,132.038,132.03,132.065,132.061,132.065,132.056,91
2015-11-04 21:11:00,2015-11-04 21:12:00,132.034,132.053,132.056,132.03,132.061,132.08,132.081,132.052,139
2015-11-04 21:12:00,2015-11-04 21:13:00,132.053,132.02,132.057,132.014,132.08,132.043,132.083,132.04,252
2015-11-04 21:13:00,2015-11-04 21:14:00,132.02,131.984,132.02,131.983,132.043,132.009,132.043,132.007,199
2015-11-04 21:14:00,2015-11-04 21:15:00,131.984,131.988,131.99,131.982,132.009,132.014,132.015,132.006,77
2015-11-04 21:15:00,2015-11-04 21:16:00,131.988,131.989,131.991,131.984,132.014,132.015,132.017,132.01,86
2015-11-04 21:16:00,2015-11-04 21:17:00,131.989,131.997,132.0,131.987,132.015,132.022,132.025,132.013,104
2015-11-04 21:17:00,2015-11-04 21:18:00,131.997,131.991,132.0,131.987,132.022,132.011,132.024,132.011,99
2015-11-04 21:18:00,2015-11-04 21:19:00,131.991,132.002,132.002,131.988,132.011,132.026,132.026,132.012,46
2015-11-04 21:19:00,2015-11-04 21:20:00,132.002,132.014,132.021,132.001,132.026,132.038,132.046,132.026,101
2015-11-04 21:20:00,2015-11-04 21:21:00,132.014,132.02,132.021,132.01,132.038,132.046,132.046,132.035,50
2015-11-04 21:21:00,2015-11-04 21:22:00,132.02,132.044,132.051,132.019,132.046,132.071,132.074,132.045,91
2015-11-04 21:22:00,2015-11-04 21:23:00,132.044,132.052,132.055,132.039,132.071,132.078,132.08,132.064,120
2015-11-04 21:23:00,2015-11-04 21:24:00,132.052,132.059,132.059,132.05,132.078,132.084,132.084,132.073,103
2015-11-04 21:24:00,2015-11-04 21:25:00,132.059,132.046,132.058,132.039,132.084,132.072,132.084,132.063,83
2015-11-04 21:25:00,2015-11-04 21:26:00,132.046,132.054,132.054,132.043,132.072,132.078,132.078,132.067,69
2015-11-04 21:26:00,2015-11-04 21:27:00,132.054,132.041,132.054,132.038,132.078,132.066,132.078,132.061,57
2015-11-04 21:27:00,2015-11-04 21:28:00,132.041,132.046,132.05,132.037,132.066,132.07,132.073,132.062,65
2015-11-04 21:28:00,2015-11-04 21:29:00,132.046,132.041,132.047,132.035,132.07,132.066,132.071,132.06,106
2015-11-04 21:29:00,2015-11-04 21:30:00,132.041,132.039,132.04,132.013,132.066,132.063,132.066,132.039,156
2015-11-04 21:30:00,2015-11-04 21:31:00,132.039,132.039,132.043,132.034,132.063,132.063,132.067,132.06,61
2015-11-04 21:31:00,2015-11-04 21:32:00,132.039,132.043,132.048,132.038,132.063,132.07,132.074,132.063,59
2015-11-04 21:32:00,2015-11-04 21:33:00,132.043,132.039,132.043,132.034,132.07,132.065,132.069,132.06,53
2015-11-04 21:33:00,2015-11-04 21:34:00,132.039,132.034,132.049,132.034,132.065,132.06,132.073,132.06,59
2015-11-04 21:34:00,2015-11-04 21:35:00,132.034,132.032,132.034,132.025,132.06,132.058,132.059,132.05,58
2015-11-04 21:35:00,2015-11-04 21:36:00,132.032,132.04,132.041,132.03,132.058,132.067,132.067,132.057,41
2015-11-04 21:36:00,2015-11-04 21:37:00,132.04,132.047,132.047,132.041,132.067,132.072,132.072,132.067,16
2015-11-04 21:37:00,2015-11-04 21:38:00,132.047,132.048,132.049,132.047,132.072,132.075,132.075,132.072,13
2015-11-04 21:38:00,2015-11-04 21:39:00,132.048,132.049,132.054,132.048,132.075,132.075,132.08,132.074,51
2015-11-04 21:39:00,2015-11-04 21:40:00,132.049,132.054,132.054,132.05,132.075,132.076,132.08,132.073,39
2015-11-04 21:40:00,2015-11-04 21:41:00,132.054,132.045,132.055,132.045,132.076,132.069,132.076,132.068,63
2015-11-04 21:41:00,2015-11-04 21:42:00,132.045,132.048,132.053,132.044,132.069,132.075,132.08,132.068,56
2015-11-04 21:42:00,2015-11-04 21:43:00,132.048,132.05,132.052,132.047,132.075,132.076,132.078,132.074,17
2015-11-04 21:43:00,2015-11-04 21:44:00,132.05,132.055,132.056,132.05,132.076,132.081,132.082,132.075,30
2015-11-04 21:44:00,2015-11-04 21:45:00,132.055,132.051,132.055,132.051,132.081,132.081,132.082,132.079,41
2015-11-04 21:45:00,2015-11-04 21:46:00,132.051,132.055,132.057,132.051,132.081,132.081,132.081,132.079,69
2015-11-04 21:46:00,2015-11-04 21:47:00,132.055,132.054,132.059,132.052,132.081,132.082,132.085,132.081,209
2015-11-04 21:47:00,2015-11-04 21:48:00,132.054,132.052,132.054,132.05,132.082,132.08,132.082,132.076,72
2015-11-04 21:48:00,2015-11-04 21:49:00,132.052,132.052,132.053,132.052,132.08,132.082,132.082,132.079,127
2015-11-04 21:49:00,2015-11-04 21:50:00,132.052,132.041,132.053,132.039,132.082,132.07,132.082,132.067,149
2015-11-04 21:50:00,2015-11-04 21:51:00,132.041,132.042,132.045,132.04,132.07,132.072,132.075,132.069,149
2015-11-04 21:51:00,2015-11-04 21:52:00,132.042,132.039,132.047,132.038,132.072,132.068,132.074,132.064,188
2015-11-04 21:52:00,2015-11-04 21:53:00,132.039,132.043,132.046,132.04,132.068,132.073,132.076,132.068,87
2015-11-04 21:53:00,2015-11-04 21:54:00,132.043,132.053,132.066,132.041,132.073,132.081,132.086,132.072,232
2015-11-04 21:54:00,2015-11-04 21:55:00,132.053,132.052,132.06,132.048,132.081,132.081,132.081,132.077,165
2015-11-04 21:55:00,2015-11-04 21:56:00,132.052,132.052,132.056,132.045,132.081,132.08,132.083,132.075,292
2015-11-04 21:56:00,2015-11-04 21:57:00,132.052,132.051,132.055,132.046,132.08,132.08,132.084,132.077,585
2015-11-04 21:57:00,2015-11-04 21:58:00,132.051,132.052,132.063,132.043,132.08,132.088,132.098,132.076,687
2015-11-04 21:58:00,2015-11-04 21:59:00,132.052,132.042,132.055,132.018,132.088,132.17,132.172,132.081,176
2015-11-04 21:59:00,2015-11-04 22:00:00,132.042,132.028,132.062,132.02,132.17,132.092,132.167,132.082,62
2015-11-04 22:00:00,2015-11-04 22:01:00,132.028,132.067,132.077,132.024,132.092,132.132,132.133,132.091,34
2015-11-04 22:01:00,2015-11-04 22:02:00,132.067,132.042,132.07,132.037,132.132,132.103,132.147,132.103,31
2015-11-04 22:02:00,2015-11-04 22:03:00,132.042,132.032,132.06,132.029,132.103,132.107,132.118,132.091,37
2015-11-04 22:03:00,2015-11-04 22:04:00,132.032,132.037,132.046,132.032,132.107,132.118,132.118,132.098,16
2015-11-04 22:04:00,2015-11-04 22:05:00,132.037,132.062,132.065,132.053,132.118,132.104,132.107,132.098,85
2015-11-04 22:05:00,2015-11-04 22:06:00,132.062,132.058,132.065,132.052,132.104,132.097,132.106,132.091,77
2015-11-04 22:06:00,2015-11-04 22:07:00,132.058,132.066,132.071,132.05,132.097,132.105,132.109,132.089,288
2015-11-04 22:07:00,2015-11-04 22:08:00,132.066,132.061,132.068,132.051,132.105,132.098,132.107,132.09,305
2015-11-04 22:08:00,2015-11-04 22:09:00,132.061,132.066,132.069,132.059,132.098,132.117,132.12,132.098,253
2015-11-04 22:09:00,2015-11-04 22:10:00,132.066,132.081,132.092,132.064,132.117,132.127,132.136,132.107,2627
2015-11-04 22:10:00,2015-11-04 22:11:00,132.081,132.079,132.092,132.068,132.127,132.13,132.137,132.117,4367
2015-11-04 22:11:00,2015-11-04 22:12:00,132.079,132.084,132.085,132.074,132.13,132.127,132.13,132.125,204
2015-11-04 22:12:00,2015-11-04 22:13:00,132.084,132.08,132.088,132.079,132.127,132.125,132.127,132.12,33
2015-11-04 22:13:00,2015-11-04 22:14:00,132.08,132.096,132.103,132.078,132.125,132.142,132.145,132.118,659
2015-11-04 22:14:00,2015-11-04 22:15:00,132.096,132.081,132.102,132.078,132.142,132.123,132.142,132.118,192
2015-11-04 22:15:00,2015-11-04 22:16:00,132.081,132.055,132.081,132.052,132.123,132.103,132.123,132.097,799
2015-11-04 22:16:00,2015-11-04 22:17:00,132.055,132.049,132.06,132.047,132.103,132.094,132.109,132.083,1984
2015-11-04 22:17:00,2015-11-04 22:18:00,132.049,132.053,132.057,132.047,132.094,132.076,132.1,132.073,1171
2015-11-04 22:18:00,2015-11-04 22:19:00,132.053,132.055,132.061,132.047,132.076,132.08,132.089,132.066,550
2015-11-04 22:19:00,2015-11-04 22:20:00,132.055,132.026,132.058,132.02,132.08,132.069,132.091,132.054,1165
2015-11-04 22:20:00,2015-11-04 22:21:00,132.026,132.033,132.042,132.012,132.069,132.075,132.078,132.053,549
2015-11-04 22:21:00,2015-11-04 22:22:00,132.033,132.009,132.041,131.99,132.075,132.055,132.077,132.035,140
2015-11-04 22:22:00,2015-11-04 22:23:00,132.009,132.009,132.03,132.002,132.055,132.053,132.063,132.044,194
2015-11-04 22:23:00,2015-11-04 22:24:00,132.009,131.998,132.009,131.995,132.053,132.044,132.055,132.037,93
2015-11-04 22:24:00,2015-11-04 22:25:00,131.998,132.013,132.032,131.996,132.044,132.05,132.078,132.043,2131
2015-11-04 22:25:00,2015-11-04 22:26:00,132.013,132.02,132.03,132.009,132.05,132.069,132.069,132.05,696
2015-11-04 22:26:00,2015-11-04 22:27:00,132.02,132.03,132.032,132.022,132.069,132.073,132.078,132.068,295
2015-11-04 22:27:00,2015-11-04 22:28:00,132.03,132.025,132.03,132.001,132.073,132.074,132.076,132.046,985
2015-11-04 22:28:00,2015-11-04 22:29:00,132.025,132.018,132.029,132.01,132.074,132.051,132.075,132.043,560
2015-11-04 22:29:00,2015-11-04 22:30:00,132.018,132.02,132.035,132.006,132.051,132.067,132.081,132.049,366
2015-11-04 22:30:00,2015-11-04 22:31:00,132.02,132.014,132.021,132.0,132.067,132.062,132.068,132.042,101
2015-11-04 22:31:00,2015-11-04 22:32:00,132.014,132.031,132.042,132.015,132.062,132.079,132.086,132.062,158
2015-11-04 22:32:00,2015-11-04 22:33:00,132.031,132.028,132.031,132.027,132.079,132.077,132.08,132.075,27
2015-11-04 22:33:00,2015-11-04 22:34:00,132.028,132.021,132.065,132.019,132.077,132.065,132.109,132.065,260
2015-11-04 22:34:00,2015-11-04 22:35:00,132.021,132.022,132.024,132.019,132.065,132.068,132.072,132.064,44
2015-11-04 22:35:00,2015-11-04 22:36:00,132.022,132.018,132.022,132.012,132.068,132.063,132.068,132.059,85
2015-11-04 22:36:00,2015-11-04 22:37:00,132.018,132.025,132.043,132.014,132.063,132.074,132.092,132.059,252
2015-11-04 22:37:00,2015-11-04 22:38:00,132.025,132.04,132.042,132.022,132.074,132.084,132.086,132.071,174
2015-11-04 22:38:00,2015-11-04 22:39:00,132.04,132.035,132.039,132.03,132.084,132.083,132.085,132.074,87
2015-11-04 22:39:00,2015-11-04 22:40:00,132.035,132.038,132.039,132.034,132.083,132.079,132.087,132.079,101
2015-11-04 22:40:00,2015-11-04 22:41:00,132.038,132.037,132.04,132.033,132.079,132.083,132.083,132.076,45
2015-11-04 22:41:00,2015-11-04 22:42:00,132.037,132.033,132.037,132.033,132.083,132.075,132.081,132.075,15
2015-11-04 22:42:00,2015-11-04 22:43:00,132.033,132.055,132.057,132.03,132.075,132.099,132.101,132.074,44
2015-11-04 22:43:00,2015-11-04 22:44:00,132.055,132.059,132.067,132.054,132.099,132.104,132.111,132.097,93
2015-11-04 22:44:00,2015-11-04 22:45:00,132.059,132.054,132.064,132.054,132.104,132.093,132.106,132.093,45
2015-11-04 22:45:00,2015-11-04 22:46:00,132.054,132.049,132.054,132.047,132.093,132.09,132.093,132.085,21
2015-11-04 22:46:00,2015-11-04 22:47:00,132.049,132.048,132.049,132.038,132.09,132.088,132.091,132.083,75
2015-11-04 22:47:00,2015-11-04 22:48:00,132.048,132.055,132.058,132.048,132.088,132.088,132.091,132.084,512
2015-11-04 22:48:00,2015-11-04 22:49:00,132.055,132.066,132.069,132.049,132.088,132.103,132.106,132.087,407
2015-11-04 22:49:00,2015-11-04 22:50:00,132.066,132.058,132.07,132.05,132.103,132.093,132.105,132.086,712
2015-11-04 22:50:00,2015-11-04 22:51:00,132.058,132.065,132.066,132.051,132.093,132.1,132.1,132.086,668
2015-11-04 22:51:00,2015-11-04 22:52:00,132.065,132.061,132.069,132.058,132.1,132.094,132.101,132.088,256
2015-11-04 22:52:00,2015-11-04 22:53:00,132.061,132.047,132.062,132.042,132.094,132.073,132.094,132.068,219
2015-11-04 22:53:00,2015-11-04 22:54:00,132.047,132.047,132.047,132.045,132.073,132.074,132.075,132.071,99
2015-11-04 22:54:00,2015-11-04 22:55:00,132.047,132.04,132.048,132.038,132.074,132.066,132.076,132.064,278
2015-11-04 22:55:00,2015-11-04 22:56:00,132.04,132.036,132.04,132.036,132.066,132.062,132.066,132.062,146
2015-11-04 22:56:00,2015-11-04 22:57:00,132.036,132.033,132.041,132.029,132.062,132.063,132.071,132.055,293
2015-11-04 22:57:00,2015-11-04 22:58:00,132.033,132.032,132.036,132.028,132.063,132.064,132.065,132.058,251
2015-11-04 22:58:00,2015-11-04 22:59:00,132.032,132.039,132.048,132.031,132.064,132.071,132.082,132.064,285
2015-11-04 22:59:00,2015-11-04 23:00:00,132.039,132.038,132.051,132.024,132.071,132.06,132.073,132.051,356
2015-11-04 23:00:00,2015-11-04 23:01:00,132.038,132.035,132.041,132.031,132.06,132.061,132.064,132.057,195
2015-11-04 23:01:00,2015-11-04 23:02:00,132.035,132.062,132.066,132.034,132.061,132.089,132.09,132.059,237
2015-11-04 23:02:00,2015-11-04 23:03:00,132.062,132.043,132.065,132.042,132.089,132.069,132.09,132.068,196
2015-11-04 23:03:00,2015-11-04 23:04:00,132.043,132.045,132.049,132.035,132.069,132.074,132.077,132.063,192
2015-11-04 23:04:00,2015-11-04 23:05:00,132.045,132.044,132.054,132.041,132.074,132.072,132.079,132.067,217
2015-11-04 23:05:00,2015-11-04 23:06:00,132.044,132.037,132.045,132.034,132.072,132.063,132.072,132.061,248
2015-11-04 23:06:00,2015-11-04 23:07:00,132.037,132.051,132.051,132.036,132.063,132.079,132.079,132.063,145
2015-11-04 23:07:00,2015-11-04 23:08:00,132.051,132.057,132.059,132.047,132.079,132.086,132.087,132.073,174
2015-11-04 23:08:00,2015-11-04 23:09:00,132.057,132.065,132.065,132.052,132.086,132.092,132.094,132.077,131
2015-11-04 23:09:00,2015-11-04 23:10:00,132.065,132.075,132.078,132.063,132.092,132.103,132.104,132.088,171
2015-11-04 23:10:00,2015-11-04 23:11:00,132.075,132.072,132.075,132.069,132.103,132.098,132.102,132.096,168
2015-11-04 23:11:00,2015-11-04 23:12:00,132.072,132.07,132.074,132.07,132.098,132.099,132.102,132.098,232
2015-11-04 23:12:00,2015-11-04 23:13:00,132.07,132.067,132.079,132.064,132.099,132.095,132.107,132.092,249
2015-11-04 23:13:00,2015-11-04 23:14:00,132.067,132.071,132.085,132.059,132.095,132.098,132.114,132.088,391
2015-11-04 23:14:00,2015-11-04 23:15:00,132.071,132.074,132.078,132.057,132.098,132.102,132.106,132.082,406
2015-11-04 23:15:00,2015-11-04 23:16:00,132.074,132.061,132.074,132.057,132.102,132.089,132.101,132.086,253
2015-11-04 23:16:00,2015-11-04 23:17:00,132.061,132.073,132.089,132.061,132.089,132.103,132.116,132.089,349
2015-11-04 23:17:00,2015-11-04 23:18:00,132.073,132.061,132.073,132.056,132.103,132.087,132.103,132.082,306
2015-11-04 23:18:00,2015-11-04 23:19:00,132.061,132.065,132.066,132.06,132.087,132.091,132.092,132.086,204
2015-11-04 23:19:00,2015-11-04 23:20:00,132.065,132.069,132.076,132.063,132.091,132.095,132.101,132.09,204
2015-11-04 23:20:00,2015-11-04 23:21:00,132.069,132.069,132.071,132.066,132.095,132.096,132.097,132.094,129
2015-11-04 23:21:00,2015-11-04 23:22:00,132.069,132.067,132.07,132.064,132.096,132.095,132.097,132.091,262
2015-11-04 23:22:00,2015-11-04 23:23:00,132.067,132.078,132.101,132.067,132.095,132.103,132.126,132.095,392
2015-11-04 23:23:00,2015-11-04 23:24:00,132.078,132.073,132.087,132.07,132.103,132.093,132.112,132.092,148
2015-11-04 23:24:00,2015-11-04 23:25:00,132.073,132.059,132.073,132.051,132.093,132.084,132.093,132.078,469
2015-11-04 23:25:00,2015-11-04 23:26:00,132.059,132.038,132.059,132.035,132.084,132.061,132.084,132.059,202
2015-11-04 23:26:00,2015-11-04 23:27:00,132.038,132.036,132.038,132.03,132.061,132.061,132.062,132.053,575
2015-11-04 23:27:00,2015-11-04 23:28:00,132.036,132.045,132.046,132.026,132.061,132.071,132.072,132.051,144
2015-11-04 23:28:00,2015-11-04 23:29:00,132.045,132.022,132.046,132.018,132.071,132.048,132.072,132.043,202
2015-11-04 23:29:00,2015-11-04 23:30:00,132.022,132.04,132.04,132.022,132.048,132.065,132.065,132.049,154
2015-11-04 23:30:00,2015-11-04 23:31:00,132.04,132.041,132.042,132.038,132.065,132.066,132.067,132.062,123
2015-11-04 23:31:00,2015-11-04 23:32:00,132.041,132.039,132.049,132.039,132.066,132.064,132.073,132.064,137
2015-11-04 23:32:00,2015-11-04 23:33:00,132.039,132.042,132.043,132.038,132.064,132.066,132.067,132.062,113
2015-11-04 23:33:00,2015-11-04 23:34:00,132.042,132.038,132.043,132.037,132.066,132.064,132.067,132.059,156
2015-11-04 23:34:00,2015-11-04 23:35:00,132.038,132.002,132.039,131.999,132.064,132.028,132.064,132.024,372
2015-11-04 23:35:00,2015-11-04 23:36:00,132.002,132.006,132.021,132.001,132.028,132.029,132.047,132.027,182
2015-11-04 23:36:00,2015-11-04 23:37:00,132.006,132.012,132.024,132.007,132.029,132.034,132.048,132.029,151
2015-11-04 23:37:00,2015-11-04 23:38:00,132.012,132.006,132.015,132.006,132.034,132.027,132.036,132.027,81
2015-11-04 23:38:00,2015-11-04 23:39:00,132.006,132.004,132.008,132.003,132.027,132.023,132.028,132.023,54
2015-11-04 23:39:00,2015-11-04 23:40:00,132.004,131.998,132.005,131.995,132.023,132.018,132.025,132.016,89
2015-11-04 23:40:00,2015-11-04 23:41:00,131.998,131.991,132.002,131.99,132.018,132.012,132.021,132.012,246
2015-11-04 23:41:00,2015-11-04 23:42:00,131.991,131.985,131.997,131.982,132.012,132.008,132.019,132.005,158
2015-11-04 23:42:00,2015-11-04 23:43:00,131.985,131.971,131.994,131.97,132.008,131.996,132.019,131.995,131
2015-11-04 23:43:00,2015-11-04 23:44:00,131.971,131.975,131.975,131.97,131.996,132.002,132.002,131.996,85
2015-11-04 23:44:00,2015-11-04 23:45:00,131.975,131.979,131.987,131.971,132.002,132.006,132.01,131.999,190
2015-11-04 23:45:00,2015-11-04 23:46:00,131.979,132.0,132.0,131.976,132.006,132.023,132.023,132.001,282
2015-11-04 23:46:00,2015-11-04 23:47:00,132.0,131.995,132.0,131.986,132.023,132.021,132.024,132.012,224
2015-11-04 23:47:00,2015-11-04 23:48:00,131.995,132.018,132.025,131.995,132.021,132.045,132.047,132.02,156
2015-11-04 23:48:00,2015-11-04 23:49:00,132.018,132.019,132.027,132.017,132.045,132.047,132.052,132.045,183
2015-11-04 23:49:00,2015-11-04 23:50:00,132.019,132.006,132.021,132.006,132.047,132.037,132.051,132.037,238
2015-11-04 23:50:00,2015-11-04 23:51:00,132.006,132.01,132.013,132.005,132.037,132.04,132.042,132.032,199
2015-11-04 23:51:00,2015-11-04 23:52:00,132.01,131.988,132.01,131.983,132.04,132.012,132.039,132.009,245
2015-11-04 23:52:00,2015-11-04 23:53:00,131.988,132.002,132.002,131.986,132.012,132.028,132.028,132.004,138
2015-11-04 23:53:00,2015-11-04 23:54:00,132.002,132.003,132.003,132.001,132.028,132.029,132.029,132.026,41
2015-11-04 23:54:00,2015-11-04 23:55:00,132.003,131.99,132.003,131.987,132.029,132.016,132.03,132.01,124
2015-11-04 23:55:00,2015-11-04 23:56:00,131.99,131.987,131.991,131.986,132.016,132.013,132.018,132.011,122
2015-11-04 23:56:00,2015-11-04 23:57:00,131.987,132.001,132.006,131.985,132.013,132.028,132.03,132.01,136
2015-11-04 23:57:00,2015-11-04 23:58:00,132.001,131.976,132.005,131.973,132.028,132.001,132.03,131.997,146
2015-11-04 23:58:00,2015-11-04 23:59:00,131.976,132.013,132.013,131.974,132.001,132.038,132.038,131.999,183
2015-11-04 23:59:00,2015-11-05 00:00:00,132.013,132.008,132.042,132.008,132.038,132.034,132.064,132.033,402
2015-11-05 00:00:00,2015-11-05 00:01:00,132.008,132.033,132.038,132.006,132.034,132.057,132.062,132.029,335
2015-11-05 00:01:00,2015-11-05 00:02:00,132.033,132.047,132.059,132.026,132.057,132.069,132.083,132.05,271
2015-11-05 00:02:00,2015-11-05 00:03:00,132.047,132.025,132.046,132.015,132.069,132.051,132.069,132.04,211
2015-11-05 00:03:00,2015-11-05 00:04:00,132.025,132.03,132.036,132.022,132.051,132.055,132.062,132.048,155
2015-11-05 00:04:00,2015-11-05 00:05:00,132.03,132.06,132.061,132.026,132.055,132.083,132.085,132.049,376
2015-11-05 00:05:00,2015-11-05 00:06:00,132.06,132.051,132.063,132.04,132.083,132.075,132.086,132.063,332
2015-11-05 00:06:00,2015-11-05 00:07:00,132.051,132.028,132.074,132.027,132.075,132.051,132.098,132.051,443
2015-11-05 00:07:00,2015-11-05 00:08:00,132.028,132.024,132.034,132.017,132.051,132.048,132.058,132.041,195
2015-11-05 00:08:00,2015-11-05 00:09:00,132.024,132.013,132.042,132.007,132.048,132.037,132.065,132.031,354
2015-11-05 00:09:00,2015-11-05 00:10:00,132.013,131.998,132.017,131.997,132.037,132.021,132.039,132.021,175
2015-11-05 00:10:00,2015-11-05 00:11:00,131.998,131.994,131.999,131.968,132.021,132.019,132.022,131.993,332
2015-11-05 00:11:00,2015-11-05 00:12:00,131.994,132.02,132.022,131.995,132.019,132.047,132.047,132.019,288
2015-11-05 00:12:00,2015-11-05 00:13:00,132.02,132.013,132.029,132.007,132.047,132.038,132.055,132.032,378
2015-11-05 00:13:00,2015-11-05 00:14:00,132.013,132.01,132.017,131.998,132.038,132.034,132.042,132.021,401
2015-11-05 00:14:00,2015-11-05 00:15:00,132.01,132.028,132.029,132.01,132.034,132.051,132.052,132.033,264
2015-11-05 00:15:00,2015-11-05 00:16:00,132.028,132.044,132.049,132.027,132.051,132.066,132.071,132.05,269
2015-11-05 00:16:00,2015-11-05 00:17:00,132.044,132.042,132.054,132.041,132.066,132.064,132.075,132.061,143
2015-11-05 00:17:00,2015-11-05 00:18:00,132.042,132.046,132.057,132.041,132.064,132.066,132.079,132.061,207
2015-11-05 00:18:00,2015-11-05 00:19:00,132.046,132.039,132.049,132.031,132.066,132.058,132.07,132.054,163
2015-11-05 00:19:00,2015-11-05 00:20:00,132.039,132.042,132.049,132.038,132.058,132.063,132.067,132.058,80
2015-11-05 00:20:00,2015-11-05 00:21:00,132.042,132.042,132.049,132.037,132.063,132.063,132.071,132.06,207
2015-11-05 00:21:00,2015-11-05 00:22:00,132.042,132.037,132.042,132.026,132.063,132.059,132.064,132.048,200
2015-11-05 00:22:00,2015-11-05 00:23:00,132.037,132.034,132.037,132.018,132.059,132.057,132.057,132.04,262
2015-11-05 00:23:00,2015-11-05 00:24:00,132.034,132.042,132.043,132.019,132.057,132.064,132.065,132.042,222
2015-11-05 00:24:00,2015-11-05 00:25:00,132.042,132.047,132.049,132.042,132.064,132.067,132.069,132.063,99
2015-11-05 00:25:00,2015-11-05 00:26:00,132.047,132.024,132.05,132.023,132.067,132.047,132.073,132.046,193
2015-11-05 00:26:00,2015-11-05 00:27:00,132.024,132.033,132.046,132.018,132.047,132.056,132.069,132.039,257
2015-11-05 00:27:00,2015-11-05 00:28:00,132.033,132.025,132.036,132.024,132.056,132.048,132.057,132.047,136
2015-11-05 00:28:00,2015-11-05 00:29:00,132.025,132.033,132.033,132.016,132.048,132.056,132.056,132.04,214
2015-11-05 00:29:00,2015-11-05 00:30:00,132.033,132.016,132.033,132.012,132.056,132.039,132.057,132.035,139
2015-11-05 00:30:00,2015-11-05 00:31:00,132.016,132.007,132.026,132.005,132.039,132.029,132.05,132.028,240
2015-11-05 00:31:00,2015-11-05 00:32:00,132.007,131.989,132.016,131.986,132.029,132.011,132.04,132.007,259
2015-11-05 00:32:00,2015-11-05 00:33:00,131.989,131.995,132.015,131.988,132.011,132.019,132.036,132.012,311
2015-11-05 00:33:00,2015-11-05 00:34:00,131.995,132.008,132.009,131.995,132.019,132.033,132.034,132.02,148
2015-11-05 00:34:00,2015-11-05 00:35:00,132.008,132.016,132.027,132.001,132.033,132.039,132.05,132.024,214
2015-11-05 00:35:00,2015-11-05 00:36:00,132.016,132.009,132.018,132.002,132.039,132.033,132.041,132.026,211
2015-11-05 00:36:00,2015-11-05 00:37:00,132.009,132.011,132.021,132.008,132.033,132.034,132.043,132.031,179
2015-11-05 00:37:00,2015-11-05 00:38:00,132.011,132.007,132.014,132.004,132.034,132.03,132.037,132.026,194
2015-11-05 00:38:00,2015-11-05 00:39:00,132.007,132.001,132.007,131.995,132.03,132.024,132.03,132.018,63
2015-11-05 00:39:00,2015-11-05 00:40:00,132.001,131.992,132.011,131.98,132.024,132.012,132.033,132.0,232
2015-11-05 00:40:00,2015-11-05 00:41:00,131.992,131.986,131.992,131.978,132.012,132.008,132.013,132.0,298
2015-11-05 00:41:00,2015-11-05 00:42:00,131.986,131.973,131.994,131.973,132.008,131.993,132.016,131.992,214
2015-11-05 00:42:00,2015-11-05 00:43:00,131.973,131.986,131.986,131.972,131.993,132.007,132.009,131.993,116
2015-11-05 00:43:00,2015-11-05 00:44:00,131.986,131.984,131.991,131.978,132.007,132.006,132.014,132.002,155
2015-11-05 00:44:00,2015-11-05 00:45:00,131.984,131.986,131.991,131.984,132.006,132.008,132.011,132.005,122
2015-11-05 00:45:00,2015-11-05 00:46:00,131.986,131.988,131.993,131.985,132.008,132.008,132.014,132.007,30
2015-11-05 00:46:00,2015-11-05 00:47:00,131.988,131.989,131.989,131.987,132.008,132.011,132.011,132.008,8
2015-11-05 00:47:00,2015-11-05 00:48:00,131.989,132.001,132.002,131.988,132.011,132.022,132.024,132.009,49
2015-11-05 00:48:00,2015-11-05 00:49:00,132.001,131.999,132.007,131.993,132.022,132.022,132.029,132.014,182
2015-11-05 00:49:00,2015-11-05 00:50:00,131.999,131.975,132.004,131.975,132.022,131.995,132.027,131.995,212
2015-11-05 00:50:00,2015-11-05 00:51:00,131.975,131.953,131.983,131.953,131.995,131.976,132.003,131.976,265
2015-11-05 00:51:00,2015-11-05 00:52:00,131.953,131.944,131.966,131.941,131.976,131.966,131.987,131.961,275
2015-11-05 00:52:00,2015-11-05 00:53:00,131.944,131.937,131.956,131.937,131.966,131.961,131.977,131.961,245
2015-11-05 00:53:00,2015-11-05 00:54:00,131.937,131.963,131.972,131.935,131.961,131.986,131.991,131.958,274
2015-11-05 00:54:00,2015-11-05 00:55:00,131.963,131.971,131.983,131.952,131.986,131.993,132.005,131.974,356
2015-11-05 00:55:00,2015-11-05 00:56:00,131.971,131.951,131.969,131.949,131.993,131.973,131.993,131.972,272
2015-11-05 00:56:00,2015-11-05 00:57:00,131.951,131.95,131.955,131.942,131.973,131.971,131.978,131.965,157
2015-11-05 00:57:00,2015-11-05 00:58:00,131.95,131.968,131.969,131.944,131.971,131.991,131.992,131.966,172
2015-11-05 00:58:00,2015-11-05 00:59:00,131.968,131.968,131.969,131.966,131.991,131.99,131.992,131.988,61
2015-11-05 00:59:00,2015-11-05 01:00:00,131.968,131.958,131.968,131.955,131.99,131.979,131.991,131.978,108
2015-11-05 01:00:00,2015-11-05 01:01:00,131.958,131.945,131.97,131.944,131.979,131.97,131.992,131.969,189
2015-11-05 01:01:00,2015-11-05 01:02:00,131.945,131.939,131.947,131.935,131.97,131.961,131.971,131.959,132
2015-11-05 01:02:00,2015-11-05 01:03:00,131.939,131.935,131.947,131.935,131.961,131.96,131.971,131.96,145
2015-11-05 01:03:00,2015-11-05 01:04:00,131.935,131.931,131.942,131.931,131.96,131.955,131.966,131.954,173
2015-11-05 01:04:00,2015-11-05 01:05:00,131.931,131.929,131.938,131.928,131.955,131.951,131.964,131.95,117
2015-11-05 01:05:00,2015-11-05 01:06:00,131.929,131.927,131.929,131.924,131.951,131.95,131.951,131.949,68
2015-11-05 01:06:00,2015-11-05 01:07:00,131.927,131.924,131.929,131.924,131.95,131.947,131.952,131.947,82
2015-11-05 01:07:00,2015-11-05 01:08:00,131.924,131.909,131.924,131.907,131.947,131.93,131.947,131.93,181
2015-11-05 01:08:00,2015-11-05 01:09:00,131.909,131.914,131.917,131.909,131.93,131.939,131.941,131.931,93
2015-11-05 01:09:00,2015-11-05 01:10:00,131.914,131.899,131.914,131.898,131.939,131.918,131.938,131.918,172
2015-11-05 01:10:00,2015-11-05 01:11:00,131.899,131.9,131.9,131.888,131.918,131.919,131.921,131.912,174
2015-11-05 01:11:00,2015-11-05 01:12:00,131.9,131.931,131.938,131.896,131.919,131.953,131.961,131.918,191
2015-11-05 01:12:00,2015-11-05 01:13:00,131.931,131.931,131.933,131.93,131.953,131.952,131.955,131.95,83
2015-11-05 01:13:00,2015-11-05 01:14:00,131.931,131.943,131.943,131.931,131.952,131.966,131.966,131.952,98
2015-11-05 01:14:00,2015-11-05 01:15:00,131.943,131.932,131.952,131.924,131.966,131.954,131.976,131.945,330
2015-11-05 01:15:00,2015-11-05 01:16:00,131.932,131.949,131.956,131.932,131.954,131.97,131.979,131.953,262
2015-11-05 01:16:00,2015-11-05 01:17:00,131.949,131.982,131.983,131.947,131.97,132.006,132.007,131.967,315
2015-11-05 01:17:00,2015-11-05 01:18:00,131.982,131.971,131.987,131.966,132.006,131.994,132.011,131.99,228
2015-11-05 01:18:00,2015-11-05 01:19:00,131.971,131.97,131.97,131.96,131.994,131.992,131.994,131.983,126
2015-11-05 01:19:00,2015-11-05 01:20:00,131.97,131.979,131.984,131.969,131.992,132.002,132.008,131.991,164
2015-11-05 01:20:00,2015-11-05 01:21:00,131.979,131.985,131.993,131.978,132.002,132.008,132.017,132.002,219
2015-11-05 01:21:00,2015-11-05 01:22:00,131.985,131.991,131.994,131.982,132.008,132.014,132.017,132.004,141
2015-11-05 01:22:00,2015-11-05 01:23:00,131.991,131.989,131.997,131.984,132.014,132.011,132.019,132.007,164
2015-11-05 01:23:00,2015-11-05 01:24:00,131.989,131.989,131.99,131.974,132.011,132.012,132.012,131.996,174
2015-11-05 01:24:00,2015-11-05 01:25:00,131.989,131.995,132.002,131.987,132.012,132.018,132.024,132.009,166
2015-11-05 01:25:00,2015-11-05 01:26:00,131.995,131.991,132.003,131.987,132.018,132.015,132.024,132.009,216
2015-11-05 01:26:00,2015-11-05 01:27:00,131.991,131.991,131.995,131.985,132.015,132.015,132.018,132.009,104
2015-11-05 01:27:00,2015-11-05 01:28:00,131.991,131.985,131.996,131.985,132.015,132.009,132.019,132.009,92
2015-11-05 01:28:00,2015-11-05 01:29:00,131.985,131.973,131.986,131.973,132.009,131.997,132.01,131.997,85
2015-11-05 01:29:00,2015-11-05 01:30:00,131.973,131.975,131.976,131.968,131.997,131.999,132.0,131.989,65
2015-11-05 01:30:00,2015-11-05 01:31:00,131.975,131.98,131.987,131.968,131.999,132.004,132.01,131.992,157
2015-11-05 01:31:00,2015-11-05 01:32:00,131.98,131.983,131.987,131.979,132.004,132.007,132.011,132.002,121
2015-11-05 01:32:00,2015-11-05 01:33:00,131.983,132.018,132.023,131.982,132.007,132.039,132.044,132.006,243
2015-11-05 01:33:00,2015-11-05 01:34:00,132.018,132.016,132.026,132.014,132.039,132.039,132.049,132.038,139
2015-11-05 01:34:00,2015-11-05 01:35:00,132.016,132.03,132.031,132.008,132.039,132.054,132.055,132.032,138
2015-11-05 01:35:00,2015-11-05 01:36:00,132.03,132.03,132.038,132.022,132.054,132.053,132.061,132.046,217
2015-11-05 01:36:00,2015-11-05 01:37:00,132.03,132.025,132.032,132.022,132.053,132.049,132.056,132.044,135
2015-11-05 01:37:00,2015-11-05 01:38:00,132.025,132.015,132.029,132.009,132.049,132.035,132.051,132.031,199
2015-11-05 01:38:00,2015-11-05 01:39:00,132.015,132.002,132.029,132.0,132.035,132.026,132.049,132.023,323
2015-11-05 01:39:00,2015-11-05 01:40:00,132.002,132.008,132.018,131.991,132.026,132.031,132.04,132.013,256
2015-11-05 01:40:00,2015-11-05 01:41:00,132.008,132.0,132.01,131.999,132.031,132.024,132.033,132.023,68
2015-11-05 01:41:00,2015-11-05 01:42:00,132.0,131.999,132.005,131.992,132.024,132.023,132.028,132.016,106
2015-11-05 01:42:00,2015-11-05 01:43:00,131.999,131.986,132.002,131.986,132.023,132.007,132.026,132.007,114
2015-11-05 01:43:00,2015-11-05 01:44:00,131.986,131.996,131.998,131.986,132.007,132.017,132.021,132.008,135
2015-11-05 01:44:00,2015-11-05 01:45:00,131.996,131.991,131.998,131.989,132.017,132.012,132.017,132.012,80
2015-11-05 01:45:00,2015-11-05 01:46:00,131.991,131.992,131.994,131.99,132.012,132.014,132.017,132.012,118
2015-11-05 01:46:00,2015-11-05 01:47:00,131.992,132.002,132.006,131.989,132.014,132.024,132.028,132.011,246
2015-11-05 01:47:00,2015-11-05 01:48:00,132.002,131.994,132.004,131.993,132.024,132.018,132.026,132.016,159
2015-11-05 01:48:00,2015-11-05 01:49:00,131.994,131.994,131.994,131.987,132.018,132.018,132.018,132.01,68
2015-11-05 01:49:00,2015-11-05 01:50:00,131.994,132.015,132.016,131.995,132.018,132.037,132.038,132.018,151
2015-11-05 01:50:00,2015-11-05 01:51:00,132.015,132.023,132.028,132.009,132.037,132.046,132.05,132.031,189
2015-11-05 01:51:00,2015-11-05 01:52:00,132.023,132.015,132.027,132.014,132.046,132.038,132.049,132.037,143
2015-11-05 01:52:00,2015-11-05 01:53:00,132.015,131.996,132.015,131.996,132.038,132.016,132.038,132.016,142
2015-11-05 01:53:00,2015-11-05 01:54:00,131.996,132.002,132.006,131.987,132.016,132.023,132.029,132.009,134
2015-11-05 01:54:00,2015-11-05 01:55:00,132.002,132.008,132.013,132.002,132.023,132.027,132.034,132.024,135
2015-11-05 01:55:00,2015-11-05 01:56:00,132.008,132.018,132.018,132.004,132.027,132.041,132.042,132.025,152
2015-11-05 01:56:00,2015-11-05 01:57:00,132.018,132.006,132.022,131.996,132.041,132.028,132.044,132.017,330
2015-11-05 01:57:00,2015-11-05 01:58:00,132.006,132.012,132.014,132.001,132.028,132.034,132.035,132.022,142
2015-11-05 01:58:00,2015-11-05 01:59:00,132.012,132.007,132.018,132.005,132.034,132.03,132.041,132.029,84
2015-11-05 01:59:00,2015-11-05 02:00:00,132.007,132.001,132.017,131.996,132.03,132.025,132.04,132.019,243
2015-11-05 02:00:00,2015-11-05 02:01:00,132.001,132.022,132.024,132.001,132.025,132.045,132.047,132.024,110
2015-11-05 02:01:00,2015-11-05 02:02:00,132.022,132.01,132.021,132.004,132.045,132.034,132.045,132.027,194
2015-11-05 02:02:00,2015-11-05 02:03:00,132.01,132.012,132.016,131.994,132.034,132.036,132.039,132.019,255
2015-11-05 02:03:00,2015-11-05 02:04:00,132.012,132.012,132.018,132.002,132.036,132.036,132.042,132.026,255
2015-11-05 02:04:00,2015-11-05 02:05:00,132.012,132.014,132.024,132.001,132.036,132.038,132.047,132.024,173
2015-11-05 02:05:00,2015-11-05 02:06:00,132.014,132.021,132.031,132.012,132.038,132.045,132.053,132.036,264
2015-11-05 02:06:00,2015-11-05 02:07:00,132.021,132.031,132.038,132.016,132.045,132.055,132.061,132.04,300
2015-11-05 02:07:00,2015-11-05 02:08:00,132.031,132.025,132.032,132.024,132.055,132.049,132.056,132.047,123
2015-11-05 02:08:00,2015-11-05 02:09:00,132.025,132.026,132.031,132.023,132.049,132.049,132.054,132.048,56
2015-11-05 02:09:00,2015-11-05 02:10:00,132.026,132.027,132.039,132.01,132.049,132.049,132.062,132.033,267
2015-11-05 02:10:00,2015-11-05 02:11:00,132.027,132.032,132.032,132.021,132.049,132.054,132.054,132.044,161
2015-11-05 02:11:00,2015-11-05 02:12:00,132.032,132.01,132.039,131.993,132.054,132.032,132.062,132.012,257
2015-11-05 02:12:00,2015-11-05 02:13:00,132.01,132.015,132.016,131.993,132.032,132.038,132.038,132.013,273
2015-11-05 02:13:00,2015-11-05 02:14:00,132.015,132.016,132.023,131.996,132.038,132.04,132.047,132.019,276
2015-11-05 02:14:00,2015-11-05 02:15:00,132.016,132.011,132.02,132.003,132.04,132.034,132.043,132.027,290
2015-11-05 02:15:00,2015-11-05 02:16:00,132.011,132.025,132.025,132.011,132.034,132.046,132.046,132.033,72
2015-11-05 02:16:00,2015-11-05 02:17:00,132.025,132.01,132.025,132.01,132.046,132.034,132.047,132.034,85
2015-11-05 02:17:00,2015-11-05 02:18:00,132.01,131.985,132.011,131.985,132.034,132.009,132.034,132.009,130
2015-11-05 02:18:00,2015-11-05 02:19:00,131.985,131.992,132.002,131.98,132.009,132.016,132.025,132.003,348
2015-11-05 02:19:00,2015-11-05 02:20:00,131.992,131.99,131.999,131.987,132.016,132.012,132.022,132.01,185
2015-11-05 02:20:00,2015-11-05 02:21:00,131.99,131.997,132.001,131.979,132.012,132.018,132.023,132.001,250
2015-11-05 02:21:00,2015-11-05 02:22:00,131.997,131.991,132.0,131.987,132.018,132.013,132.022,132.009,262
2015-11-05 02:22:00,2015-11-05 02:23:00,131.991,131.995,132.003,131.991,132.013,132.018,132.024,132.013,163
2015-11-05 02:23:00,2015-11-05 02:24:00,131.995,131.99,131.995,131.986,132.018,132.012,132.017,132.009,152
2015-11-05 02:24:00,2015-11-05 02:25:00,131.99,131.987,131.994,131.976,132.012,132.009,132.016,131.999,226
2015-11-05 02:25:00,2015-11-05 02:26:00,131.987,131.984,131.99,131.983,132.009,132.007,132.013,132.006,103
2015-11-05 02:26:00,2015-11-05 02:27:00,131.984,131.962,131.984,131.962,132.007,131.984,132.007,131.984,178
2015-11-05 02:27:00,2015-11-05 02:28:00,131.962,131.961,131.963,131.956,131.984,131.981,131.986,131.974,179
2015-11-05 02:28:00,2015-11-05 02:29:00,131.961,131.97,131.972,131.955,131.981,131.99,131.994,131.977,125
2015-11-05 02:29:00,2015-11-05 02:30:00,131.97,131.976,131.977,131.969,131.99,131.998,132.0,131.987,68
2015-11-05 02:30:00,2015-11-05 02:31:00,131.976,131.983,131.988,131.974,131.998,132.006,132.012,131.997,92
2015-11-05 02:31:00,2015-11-05 02:32:00,131.983,131.992,131.996,131.982,132.006,132.017,132.02,132.005,70
2015-11-05 02:32:00,2015-11-05 02:33:00,131.992,131.995,132.005,131.992,132.017,132.018,132.028,132.016,175
2015-11-05 02:33:00,2015-11-05 02:34:00,131.995,131.989,131.995,131.984,132.018,132.013,132.017,132.007,79
2015-11-05 02:34:00,2015-11-05 02:35:00,131.989,131.996,132.003,131.989,132.013,132.02,132.027,132.012,168
2015-11-05 02:35:00,2015-11-05 02:36:00,131.996,131.988,131.996,131.975,132.02,132.01,132.02,131.999,179
2015-11-05 02:36:00,2015-11-05 02:37:00,131.988,131.973,131.987,131.967,132.01,131.996,132.011,131.99,104
2015-11-05 02:37:00,2015-11-05 02:38:00,131.973,131.967,131.985,131.964,131.996,131.991,132.006,131.985,194
2015-11-05 02:38:00,2015-11-05 02:39:00,131.967,131.965,131.969,131.96,131.991,131.989,131.992,131.984,73
2015-11-05 02:39:00,2015-11-05 02:40:00,131.965,131.96,131.97,131.96,131.989,131.984,131.994,131.983,87
2015-11-05 02:40:00,2015-11-05 02:41:00,131.96,131.978,131.98,131.96,131.984,132.001,132.004,131.983,108
2015-11-05 02:41:00,2015-11-05 02:42:00,131.978,131.971,131.98,131.968,132.001,131.995,132.004,131.992,141
2015-11-05 02:42:00,2015-11-05 02:43:00,131.971,131.979,131.979,131.968,131.995,132.002,132.002,131.991,85
2015-11-05 02:43:00,2015-11-05 02:44:00,131.979,131.979,131.987,131.974,132.002,132.002,132.008,131.996,120
2015-11-05 02:44:00,2015-11-05 02:45:00,131.979,131.98,131.98,131.977,132.002,132.003,132.003,132.0,31
2015-11-05 02:45:00,2015-11-05 02:46:00,131.98,131.971,131.981,131.965,132.003,131.994,132.003,131.988,168
2015-11-05 02:46:00,2015-11-05 02:47:00,131.971,131.985,131.986,131.97,131.994,132.008,132.009,131.994,112
2015-11-05 02:47:00,2015-11-05 02:48:00,131.985,131.984,131.989,131.977,132.008,132.007,132.011,132.001,137
2015-11-05 02:48:00,2015-11-05 02:49:00,131.984,132.0,132.003,131.984,132.007,132.02,132.023,132.007,103
2015-11-05 02:49:00,2015-11-05 02:50:00,132.0,131.988,132.001,131.983,132.02,132.01,132.022,132.007,98
2015-11-05 02:50:00,2015-11-05 02:51:00,131.988,131.989,131.996,131.981,132.01,132.012,132.019,132.004,179
2015-11-05 02:51:00,2015-11-05 02:52:00,131.989,131.98,131.989,131.968,132.012,132.003,132.011,131.992,201
2015-11-05 02:52:00,2015-11-05 02:53:00,131.98,131.967,131.98,131.963,132.003,131.99,132.002,131.984,171
2015-11-05 02:53:00,2015-11-05 02:54:00,131.967,131.967,131.969,131.956,131.99,131.989,131.991,131.979,148
2015-11-05 02:54:00,2015-11-05 02:55:00,131.967,131.981,131.984,131.965,131.989,132.004,132.007,131.988,103
2015-11-05 02:55:00,2015-11-05 02:56:00,131.981,131.99,131.99,131.977,132.004,132.013,132.013,132.0,80
2015-11-05 02:56:00,2015-11-05 02:57:00,131.99,131.987,131.989,131.976,132.013,132.01,132.013,131.998,83
2015-11-05 02:57:00,2015-11-05 02:58:00,131.987,131.996,131.997,131.987,132.01,132.015,132.017,132.009,114
2015-11-05 02:58:00,2015-11-05 02:59:00,131.996,131.999,132.002,131.986,132.015,132.019,132.023,132.007,157
2015-11-05 02:59:00,2015-11-05 03:00:00,131.999,132.01,132.011,131.992,132.019,132.03,132.032,132.013,153
2015-11-05 03:00:00,2015-11-05 03:01:00,132.01,132.005,132.009,132.002,132.03,132.026,132.03,132.023,64
2015-11-05 03:01:00,2015-11-05 03:02:00,132.005,132.0,132.004,131.993,132.026,132.023,132.026,132.016,87
2015-11-05 03:02:00,2015-11-05 03:03:00,132.0,132.011,132.011,132.0,132.023,132.032,132.032,132.024,52
2015-11-05 03:03:00,2015-11-05 03:04:00,132.011,132.02,132.021,132.009,132.032,132.04,132.042,132.03,88
2015-11-05 03:04:00,2015-11-05 03:05:00,132.02,132.012,132.02,132.007,132.04,132.033,132.042,132.03,102
2015-11-05 03:05:00,2015-11-05 03:06:00,132.012,132.015,132.018,132.011,132.033,132.037,132.039,132.034,73
2015-11-05 03:06:00,2015-11-05 03:07:00,132.015,132.021,132.021,132.015,132.037,132.042,132.042,132.035,72
2015-11-05 03:07:00,2015-11-05 03:08:00,132.021,132.021,132.024,132.02,132.042,132.044,132.047,132.04,95
2015-11-05 03:08:00,2015-11-05 03:09:00,132.021,132.02,132.022,132.017,132.044,132.043,132.045,132.039,60
2015-11-05 03:09:00,2015-11-05 03:10:00,132.02,132.019,132.02,132.013,132.043,132.042,132.043,132.036,76
2015-11-05 03:10:00,2015-11-05 03:11:00,132.019,132.014,132.021,132.006,132.042,132.038,132.044,132.03,205
2015-11-05 03:11:00,2015-11-05 03:12:00,132.014,132.026,132.028,132.014,132.038,132.049,132.051,132.038,46
2015-11-05 03:12:00,2015-11-05 03:13:00,132.026,132.034,132.039,132.026,132.049,132.057,132.062,132.049,49
2015-11-05 03:13:00,2015-11-05 03:14:00,132.034,132.032,132.033,132.02,132.057,132.054,132.057,132.044,104
2015-11-05 03:14:00,2015-11-05 03:15:00,132.032,132.044,132.049,132.032,132.054,132.068,132.072,132.055,139
2015-11-05 03:15:00,2015-11-05 03:16:00,132.044,132.05,132.054,132.044,132.068,132.074,132.077,132.067,103
2015-11-05 03:16:00,2015-11-05 03:17:00,132.05,132.053,132.056,132.046,132.074,132.076,132.079,132.069,148
2015-11-05 03:17:00,2015-11-05 03:18:00,132.053,132.071,132.072,132.05,132.076,132.095,132.095,132.074,88
2015-11-05 03:18:00,2015-11-05 03:19:00,132.071,132.074,132.08,132.069,132.095,132.096,132.103,132.092,167
2015-11-05 03:19:00,2015-11-05 03:20:00,132.074,132.066,132.072,132.057,132.096,132.089,132.096,132.08,143
2015-11-05 03:20:00,2015-11-05 03:21:00,132.066,132.053,132.066,132.052,132.089,132.075,132.09,132.073,97
2015-11-05 03:21:00,2015-11-05 03:22:00,132.053,132.05,132.059,132.048,132.075,132.073,132.081,132.07,55
2015-11-05 03:22:00,2015-11-05 03:23:00,132.05,132.047,132.063,132.038,132.073,132.071,132.085,132.062,122
2015-11-05 03:23:00,2015-11-05 03:24:00,132.047,132.035,132.047,132.029,132.071,132.057,132.07,132.053,234
2015-11-05 03:24:00,2015-11-05 03:25:00,132.035,132.032,132.035,132.028,132.057,132.056,132.058,132.051,85
2015-11-05 03:25:00,2015-11-05 03:26:00,132.032,132.048,132.052,132.03,132.056,132.071,132.076,132.055,231
2015-11-05 03:26:00,2015-11-05 03:27:00,132.048,132.048,132.056,132.046,132.071,132.068,132.076,132.068,136
2015-11-05 03:27:00,2015-11-05 03:28:00,132.048,132.042,132.048,132.037,132.068,132.065,132.07,132.061,135
2015-11-05 03:28:00,2015-11-05 03:29:00,132.042,132.029,132.046,132.029,132.065,132.053,132.069,132.053,118
2015-11-05 03:29:00,2015-11-05 03:30:00,132.029,132.031,132.035,132.02,132.053,132.054,132.059,132.044,130
2015-11-05 03:30:00,2015-11-05 03:31:00,132.031,132.039,132.042,132.03,132.054,132.062,132.063,132.053,87
2015-11-05 03:31:00,2015-11-05 03:32:00,132.039,132.04,132.048,132.035,132.062,132.063,132.07,132.058,116
2015-11-05 03:32:00,2015-11-05 03:33:00,132.04,132.041,132.046,132.035,132.063,132.065,132.069,132.059,125
2015-11-05 03:33:00,2015-11-05 03:34:00,132.041,132.041,132.047,132.04,132.065,132.064,132.07,132.064,75
2015-11-05 03:34:00,2015-11-05 03:35:00,132.041,132.041,132.044,132.04,132.064,132.064,132.068,132.064,47
2015-11-05 03:35:00,2015-11-05 03:36:00,132.041,132.06,132.06,132.04,132.064,132.083,132.083,132.064,97
2015-11-05 03:36:00,2015-11-05 03:37:00,132.06,132.056,132.06,132.054,132.083,132.079,132.084,132.077,37
2015-11-05 03:37:00,2015-11-05 03:38:00,132.056,132.059,132.068,132.05,132.079,132.082,132.09,132.072,146
2015-11-05 03:38:00,2015-11-05 03:39:00,132.059,132.078,132.084,132.06,132.082,132.1,132.105,132.082,165
2015-11-05 03:39:00,2015-11-05 03:40:00,132.078,132.079,132.081,132.074,132.1,132.102,132.104,132.096,77
2015-11-05 03:40:00,2015-11-05 03:41:00,132.079,132.079,132.083,132.079,132.102,132.101,132.106,132.099,55
2015-11-05 03:41:00,2015-11-05 03:42:00,132.079,132.065,132.079,132.061,132.101,132.087,132.101,132.084,122
2015-11-05 03:42:00,2015-11-05 03:43:00,132.065,132.069,132.07,132.058,132.087,132.093,132.093,132.081,87
2015-11-05 03:43:00,2015-11-05 03:44:00,132.069,132.08,132.08,132.067,132.093,132.101,132.102,132.088,120
2015-11-05 03:44:00,2015-11-05 03:45:00,132.08,132.116,132.12,132.074,132.101,132.138,132.143,132.098,332
2015-11-05 03:45:00,2015-11-05 03:46:00,132.116,132.133,132.14,132.105,132.138,132.156,132.163,132.127,377
2015-11-05 03:46:00,2015-11-05 03:47:00,132.133,132.115,132.138,132.114,132.156,132.139,132.161,132.137,134
2015-11-05 03:47:00,2015-11-05 03:48:00,132.115,132.115,132.118,132.109,132.139,132.137,132.142,132.132,94
2015-11-05 03:48:00,2015-11-05 03:49:00,132.115,132.104,132.126,132.102,132.137,132.127,132.149,132.125,160
2015-11-05 03:49:00,2015-11-05 03:50:00,132.104,132.104,132.107,132.099,132.127,132.127,132.129,132.12,71
2015-11-05 03:50:00,2015-11-05 03:51:00,132.104,132.086,132.105,132.086,132.127,132.108,132.127,132.108,115
2015-11-05 03:51:00,2015-11-05 03:52:00,132.086,132.085,132.089,132.079,132.108,132.108,132.113,132.103,149
2015-11-05 03:52:00,2015-11-05 03:53:00,132.085,132.094,132.094,132.082,132.108,132.116,132.116,132.106,88
2015-11-05 03:53:00,2015-11-05 03:54:00,132.094,132.094,132.102,132.093,132.116,132.117,132.125,132.116,80
2015-11-05 03:54:00,2015-11-05 03:55:00,132.094,132.095,132.106,132.094,132.117,132.118,132.128,132.117,89
2015-11-05 03:55:00,2015-11-05 03:56:00,132.095,132.096,132.098,132.087,132.118,132.117,132.121,132.111,69
2015-11-05 03:56:00,2015-11-05 03:57:00,132.096,132.113,132.113,132.094,132.117,132.136,132.136,132.116,126
2015-11-05 03:57:00,2015-11-05 03:58:00,132.113,132.111,132.118,132.11,132.136,132.135,132.142,132.134,120
2015-11-05 03:58:00,2015-11-05 03:59:00,132.111,132.114,132.118,132.108,132.135,132.137,132.141,132.13,101
2015-11-05 03:59:00,2015-11-05 04:00:00,132.114,132.122,132.123,132.111,132.137,132.146,132.146,132.133,121
2015-11-05 04:00:00,2015-11-05 04:01:00,132.122,132.116,132.123,132.112,132.146,132.137,132.145,132.132,70
2015-11-05 04:01:00,2015-11-05 04:02:00,132.116,132.122,132.122,132.116,132.137,132.145,132.146,132.137,44
2015-11-05 04:02:00,2015-11-05 04:03:00,132.122,132.117,132.123,132.115,132.145,132.141,132.147,132.138,66
2015-11-05 04:03:00,2015-11-05 04:04:00,132.117,132.112,132.117,132.112,132.141,132.134,132.14,132.134,39
2015-11-05 04:04:00,2015-11-05 04:05:00,132.112,132.109,132.113,132.109,132.134,132.133,132.136,132.132,34
2015-11-05 04:05:00,2015-11-05 04:06:00,132.109,132.093,132.11,132.09,132.133,132.116,132.134,132.113,117
2015-11-05 04:06:00,2015-11-05 04:07:00,132.093,132.105,132.106,132.096,132.116,132.128,132.129,132.116,53
2015-11-05 04:07:00,2015-11-05 04:08:00,132.105,132.102,132.105,132.087,132.128,132.126,132.128,132.111,113
2015-11-05 04:08:00,2015-11-05 04:09:00,132.102,132.105,132.109,132.094,132.126,132.128,132.132,132.117,136
2015-11-05 04:09:00,2015-11-05 04:10:00,132.105,132.091,132.105,132.087,132.128,132.115,132.129,132.108,152
2015-11-05 04:10:00,2015-11-05 04:11:00,132.091,132.076,132.094,132.076,132.115,132.098,132.117,132.098,103
2015-11-05 04:11:00,2015-11-05 04:12:00,132.076,132.062,132.076,132.056,132.098,132.085,132.099,132.079,211
2015-11-05 04:12:00,2015-11-05 04:13:00,132.062,132.06,132.072,132.053,132.085,132.083,132.095,132.076,179
2015-11-05 04:13:00,2015-11-05 04:14:00,132.06,132.044,132.061,132.044,132.083,132.068,132.084,132.067,65
2015-11-05 04:14:00,2015-11-05 04:15:00,132.044,132.046,132.055,132.044,132.068,132.069,132.078,132.068,116
2015-11-05 04:15:00,2015-11-05 04:16:00,132.046,132.042,132.047,132.034,132.069,132.065,132.071,132.057,147
2015-11-05 04:16:00,2015-11-05 04:17:00,132.042,132.046,132.048,132.037,132.065,132.069,132.071,132.06,131
2015-11-05 04:17:00,2015-11-05 04:18:00,132.046,132.034,132.048,132.033,132.069,132.054,132.072,132.053,199
2015-11-05 04:18:00,2015-11-05 04:19:00,132.034,132.035,132.036,132.033,132.054,132.057,132.058,132.055,26
2015-11-05 04:19:00,2015-11-05 04:20:00,132.035,132.035,132.037,132.035,132.057,132.059,132.059,132.056,22
2015-11-05 04:20:00,2015-11-05 04:21:00,132.035,132.048,132.051,132.035,132.059,132.072,132.074,132.058,101
2015-11-05 04:21:00,2015-11-05 04:22:00,132.048,132.049,132.057,132.047,132.072,132.073,132.08,132.071,84
2015-11-05 04:22:00,2015-11-05 04:23:00,132.049,132.047,132.049,132.042,132.073,132.07,132.072,132.064,78
2015-11-05 04:23:00,2015-11-05 04:24:00,132.047,132.039,132.052,132.038,132.07,132.061,132.074,132.061,146
2015-11-05 04:24:00,2015-11-05 04:25:00,132.039,132.037,132.044,132.036,132.061,132.06,132.066,132.059,119
2015-11-05 04:25:00,2015-11-05 04:26:00,132.037,132.033,132.042,132.032,132.06,132.056,132.064,132.054,69
2015-11-05 04:26:00,2015-11-05 04:27:00,132.033,132.039,132.041,132.032,132.056,132.063,132.064,132.055,45
2015-11-05 04:27:00,2015-11-05 04:28:00,132.039,132.041,132.044,132.037,132.063,132.064,132.066,132.06,68
2015-11-05 04:28:00,2015-11-05 04:29:00,132.041,132.04,132.046,132.038,132.064,132.063,132.068,132.062,56
2015-11-05 04:29:00,2015-11-05 04:30:00,132.04,132.034,132.041,132.034,132.063,132.058,132.063,132.058,69
2015-11-05 04:30:00,2015-11-05 04:31:00,132.034,132.043,132.047,132.034,132.058,132.066,132.068,132.056,78
2015-11-05 04:31:00,2015-11-05 04:32:00,132.043,132.06,132.062,132.044,132.066,132.083,132.084,132.066,77
2015-11-05 04:32:00,2015-11-05 04:33:00,132.06,132.051,132.063,132.05,132.083,132.075,132.086,132.073,73
2015-11-05 04:33:00,2015-11-05 04:34:00,132.051,132.054,132.06,132.051,132.075,132.076,132.083,132.075,105
2015-11-05 04:34:00,2015-11-05 04:35:00,132.054,132.051,132.059,132.05,132.076,132.073,132.082,132.072,81
2015-11-05 04:35:00,2015-11-05 04:36:00,132.051,132.054,132.055,132.051,132.073,132.075,132.078,132.073,58
2015-11-05 04:36:00,2015-11-05 04:37:00,132.054,132.038,132.055,132.038,132.075,132.059,132.077,132.058,63
2015-11-05 04:37:00,2015-11-05 04:38:00,132.038,132.045,132.048,132.038,132.059,132.067,132.068,132.059,61
2015-11-05 04:38:00,2015-11-05 04:39:00,132.045,132.047,132.049,132.039,132.067,132.069,132.072,132.058,131
2015-11-05 04:39:00,2015-11-05 04:40:00,132.047,132.053,132.056,132.046,132.069,132.077,132.078,132.068,163
2015-11-05 04:40:00,2015-11-05 04:41:00,132.053,132.05,132.054,132.047,132.077,132.073,132.078,132.07,32
2015-11-05 04:41:00,2015-11-05 04:42:00,132.05,132.049,132.057,132.037,132.073,132.069,132.08,132.061,126
2015-11-05 04:42:00,2015-11-05 04:43:00,132.049,132.049,132.049,132.043,132.069,132.072,132.072,132.067,53
2015-11-05 04:43:00,2015-11-05 04:44:00,132.049,132.043,132.053,132.043,132.072,132.066,132.076,132.066,124
2015-11-05 04:44:00,2015-11-05 04:45:00,132.043,132.057,132.057,132.041,132.066,132.08,132.08,132.062,108
2015-11-05 04:45:00,2015-11-05 04:46:00,132.057,132.059,132.061,132.044,132.08,132.083,132.083,132.066,134
2015-11-05 04:46:00,2015-11-05 04:47:00,132.059,132.066,132.079,132.058,132.083,132.089,132.094,132.082,68
2015-11-05 04:47:00,2015-11-05 04:48:00,132.066,132.062,132.07,132.06,132.089,132.083,132.093,132.082,77
2015-11-05 04:48:00,2015-11-05 04:49:00,132.062,132.065,132.069,132.058,132.083,132.087,132.093,132.081,69
2015-11-05 04:49:00,2015-11-05 04:50:00,132.065,132.072,132.073,132.063,132.087,132.094,132.097,132.085,162
2015-11-05 04:50:00,2015-11-05 04:51:00,132.072,132.078,132.078,132.069,132.094,132.098,132.098,132.089,82
2015-11-05 04:51:00,2015-11-05 04:52:00,132.078,132.077,132.077,132.069,132.098,132.1,132.101,132.088,93
2015-11-05 04:52:00,2015-11-05 04:53:00,132.077,132.076,132.083,132.073,132.1,132.098,132.105,132.096,51
2015-11-05 04:53:00,2015-11-05 04:54:00,132.076,132.088,132.089,132.07,132.098,132.112,132.113,132.093,118
2015-11-05 04:54:00,2015-11-05 04:55:00,132.088,132.077,132.089,132.076,132.112,132.099,132.113,132.097,82
2015-11-05 04:55:00,2015-11-05 04:56:00,132.077,132.073,132.081,132.071,132.099,132.093,132.101,132.093,63
2015-11-05 04:56:00,2015-11-05 04:57:00,132.073,132.057,132.073,132.057,132.093,132.08,132.093,132.079,65
2015-11-05 04:57:00,2015-11-05 04:58:00,132.057,132.061,132.065,132.056,132.08,132.084,132.088,132.079,75
2015-11-05 04:58:00,2015-11-05 04:59:00,132.061,132.077,132.079,132.06,132.084,132.1,132.101,132.084,109
2015-11-05 04:59:00,2015-11-05 05:00:00,132.077,132.075,132.086,132.069,132.1,132.097,132.109,132.092,179
2015-11-05 05:00:00,2015-11-05 05:01:00,132.075,132.081,132.083,132.075,132.097,132.103,132.106,132.098,118
2015-11-05 05:01:00,2015-11-05 05:02:00,132.081,132.069,132.085,132.067,132.103,132.091,132.107,132.09,139
2015-11-05 05:02:00,2015-11-05 05:03:00,132.069,132.07,132.074,132.067,132.091,132.092,132.095,132.089,60
2015-11-05 05:03:00,2015-11-05 05:04:00,132.07,132.071,132.074,132.069,132.092,132.093,132.097,132.091,47
2015-11-05 05:04:00,2015-11-05 05:05:00,132.071,132.067,132.076,132.067,132.093,132.09,132.097,132.09,77
2015-11-05 05:05:00,2015-11-05 05:06:00,132.067,132.062,132.067,132.059,132.09,132.085,132.09,132.081,64
2015-11-05 05:06:00,2015-11-05 05:07:00,132.062,132.05,132.064,132.048,132.085,132.074,132.087,132.071,103
2015-11-05 05:07:00,2015-11-05 05:08:00,132.05,132.05,132.054,132.048,132.074,132.073,132.076,132.07,57
2015-11-05 05:08:00,2015-11-05 05:09:00,132.05,132.047,132.053,132.047,132.073,132.07,132.075,132.07,77
2015-11-05 05:09:00,2015-11-05 05:10:00,132.047,132.045,132.047,132.037,132.07,132.067,132.069,132.06,85
2015-11-05 05:10:00,2015-11-05 05:11:00,132.045,132.04,132.046,132.038,132.067,132.062,132.068,132.06,80
2015-11-05 05:11:00,2015-11-05 05:12:00,132.04,132.048,132.048,132.039,132.062,132.07,132.07,132.062,53
2015-11-05 05:12:00,2015-11-05 05:13:00,132.048,132.045,132.048,132.044,132.07,132.068,132.071,132.067,56
2015-11-05 05:13:00,2015-11-05 05:14:00,132.045,132.05,132.051,132.045,132.068,132.073,132.075,132.068,55
2015-11-05 05:14:00,2015-11-05 05:15:00,132.05,132.062,132.062,132.05,132.073,132.085,132.085,132.074,85
2015-11-05 05:15:00,2015-11-05 05:16:00,132.062,132.063,132.063,132.061,132.085,132.085,132.087,132.084,25
2015-11-05 05:16:00,2015-11-05 05:17:00,132.063,132.056,132.064,132.048,132.085,132.078,132.086,132.072,198
2015-11-05 05:17:00,2015-11-05 05:18:00,132.056,132.061,132.067,132.047,132.078,132.084,132.087,132.071,223
2015-11-05 05:18:00,2015-11-05 05:19:00,132.061,132.062,132.064,132.056,132.084,132.084,132.086,132.079,118
2015-11-05 05:19:00,2015-11-05 05:20:00,132.062,132.07,132.07,132.057,132.084,132.093,132.093,132.081,92
2015-11-05 05:20:00,2015-11-05 05:21:00,132.07,132.072,132.08,132.07,132.093,132.095,132.103,132.092,81
2015-11-05 05:21:00,2015-11-05 05:22:00,132.072,132.073,132.075,132.067,132.095,132.096,132.097,132.09,70
2015-11-05 05:22:00,2015-11-05 05:23:00,132.073,132.076,132.077,132.071,132.096,132.098,132.098,132.094,49
2015-11-05 05:23:00,2015-11-05 05:24:00,132.076,132.073,132.077,132.071,132.098,132.095,132.098,132.094,25
2015-11-05 05:24:00,2015-11-05 05:25:00,132.073,132.09,132.09,132.074,132.095,132.111,132.111,132.095,75
2015-11-05 05:25:00,2015-11-05 05:26:00,132.09,132.077,132.092,132.07,132.111,132.099,132.113,132.093,104
2015-11-05 05:26:00,2015-11-05 05:27:00,132.077,132.073,132.078,132.073,132.099,132.095,132.099,132.095,39
2015-11-05 05:27:00,2015-11-05 05:28:00,132.073,132.072,132.078,132.069,132.095,132.095,132.099,132.092,37
2015-11-05 05:28:00,2015-11-05 05:29:00,132.072,132.074,132.082,132.069,132.095,132.096,132.102,132.091,164
2015-11-05 05:29:00,2015-11-05 05:30:00,132.074,132.076,132.079,132.074,132.096,132.097,132.1,132.094,37
2015-11-05 05:30:00,2015-11-05 05:31:00,132.076,132.074,132.076,132.066,132.097,132.094,132.097,132.089,79
2015-11-05 05:31:00,2015-11-05 05:32:00,132.074,132.072,132.077,132.07,132.094,132.094,132.098,132.091,62
2015-11-05 05:32:00,2015-11-05 05:33:00,132.072,132.067,132.074,132.062,132.094,132.09,132.096,132.085,73
2015-11-05 05:33:00,2015-11-05 05:34:00,132.067,132.061,132.069,132.061,132.09,132.085,132.092,132.085,32
2015-11-05 05:34:00,2015-11-05 05:35:00,132.061,132.054,132.067,132.054,132.085,132.076,132.09,132.076,106
2015-11-05 05:35:00,2015-11-05 05:36:00,132.054,132.061,132.065,132.053,132.076,132.084,132.089,132.075,85
2015-11-05 05:36:00,2015-11-05 05:37:00,132.061,132.067,132.067,132.059,132.084,132.09,132.09,132.081,117
2015-11-05 05:37:00,2015-11-05 05:38:00,132.067,132.058,132.072,132.054,132.09,132.082,132.095,132.077,141
2015-11-05 05:38:00,2015-11-05 05:39:00,132.058,132.052,132.06,132.049,132.082,132.075,132.083,132.071,116
2015-11-05 05:39:00,2015-11-05 05:40:00,132.052,131.999,132.052,131.997,132.075,132.02,132.075,132.017,290
2015-11-05 05:40:00,2015-11-05 05:41:00,131.999,132.008,132.019,131.999,132.02,132.031,132.039,132.021,162
2015-11-05 05:41:00,2015-11-05 05:42:00,132.008,132.014,132.019,132.005,132.031,132.037,132.042,132.028,153
2015-11-05 05:42:00,2015-11-05 05:43:00,132.014,132.007,132.022,132.006,132.037,132.029,132.045,132.028,85
2015-11-05 05:43:00,2015-11-05 05:44:00,132.007,131.995,132.008,131.995,132.029,132.018,132.031,132.017,97
2015-11-05 05:44:00,2015-11-05 05:45:00,131.995,132.013,132.014,131.995,132.018,132.035,132.037,132.017,132
2015-11-05 05:45:00,2015-11-05 05:46:00,132.013,132.004,132.014,132.003,132.035,132.026,132.037,132.026,88
2015-11-05 05:46:00,2015-11-05 05:47:00,132.004,132.007,132.007,132.001,132.026,132.029,132.03,132.023,69
2015-11-05 05:47:00,2015-11-05 05:48:00,132.007,132.006,132.009,132.0,132.029,132.029,132.032,132.02,75
2015-11-05 05:48:00,2015-11-05 05:49:00,132.006,132.0,132.01,131.995,132.029,132.023,132.031,132.016,100
2015-11-05 05:49:00,2015-11-05 05:50:00,132.0,132.017,132.017,132.0,132.023,132.039,132.039,132.023,78
2015-11-05 05:50:00,2015-11-05 05:51:00,132.017,132.035,132.037,132.015,132.039,132.058,132.06,132.039,88
2015-11-05 05:51:00,2015-11-05 05:52:00,132.035,132.036,132.036,132.031,132.058,132.059,132.059,132.053,45
2015-11-05 05:52:00,2015-11-05 05:53:00,132.036,132.032,132.044,132.025,132.059,132.056,132.065,132.048,125
2015-11-05 05:53:00,2015-11-05 05:54:00,132.032,132.03,132.033,132.022,132.056,132.053,132.056,132.044,192
2015-11-05 05:54:00,2015-11-05 05:55:00,132.03,132.038,132.042,132.027,132.053,132.059,132.064,132.049,104
2015-11-05 05:55:00,2015-11-05 05:56:00,132.038,132.04,132.042,132.03,132.059,132.063,132.064,132.054,82
2015-11-05 05:56:00,2015-11-05 05:57:00,132.04,132.043,132.046,132.028,132.063,132.065,132.066,132.051,131
2015-11-05 05:57:00,2015-11-05 05:58:00,132.043,132.032,132.045,132.031,132.065,132.054,132.065,132.053,121
2015-11-05 05:58:00,2015-11-05 05:59:00,132.032,132.044,132.046,132.019,132.054,132.065,132.066,132.041,268
2015-11-05 05:59:00,2015-11-05 06:00:00,132.044,132.036,132.047,132.035,132.065,132.058,132.069,132.057,173
2015-11-05 06:00:00,2015-11-05 06:01:00,132.036,132.033,132.042,132.033,132.058,132.057,132.064,132.055,144
2015-11-05 06:01:00,2015-11-05 06:02:00,132.033,132.032,132.037,132.031,132.057,132.053,132.06,132.053,78
2015-11-05 06:02:00,2015-11-05 06:03:00,132.032,132.041,132.047,132.031,132.053,132.064,132.071,132.052,101
2015-11-05 06:03:00,2015-11-05 06:04:00,132.041,132.042,132.049,132.034,132.064,132.066,132.072,132.057,101
2015-11-05 06:04:00,2015-11-05 06:05:00,132.042,132.039,132.05,132.039,132.066,132.062,132.072,132.061,64
2015-11-05 06:05:00,2015-11-05 06:06:00,132.039,132.038,132.045,132.038,132.062,132.061,132.066,132.06,68
2015-11-05 06:06:00,2015-11-05 06:07:00,132.038,132.036,132.04,132.031,132.061,132.06,132.063,132.054,115
2015-11-05 06:07:00,2015-11-05 06:08:00,132.036,132.044,132.044,132.035,132.06,132.066,132.066,132.058,60
2015-11-05 06:08:00,2015-11-05 06:09:00,132.044,132.051,132.053,132.043,132.066,132.073,132.075,132.065,65
2015-11-05 06:09:00,2015-11-05 06:10:00,132.051,132.053,132.06,132.05,132.073,132.076,132.082,132.073,59
2015-11-05 06:10:00,2015-11-05 06:11:00,132.053,132.053,132.055,132.047,132.076,132.075,132.077,132.068,47
2015-11-05 06:11:00,2015-11-05 06:12:00,132.053,132.05,132.061,132.049,132.075,132.071,132.083,132.071,71
2015-11-05 06:12:00,2015-11-05 06:13:00,132.05,132.052,132.058,132.05,132.071,132.073,132.08,132.071,105
2015-11-05 06:13:00,2015-11-05 06:14:00,132.052,132.048,132.054,132.046,132.073,132.071,132.076,132.068,77
2015-11-05 06:14:00,2015-11-05 06:15:00,132.048,132.027,132.048,132.026,132.071,132.049,132.07,132.047,95
2015-11-05 06:15:00,2015-11-05 06:16:00,132.027,132.016,132.027,132.015,132.049,132.038,132.047,132.037,87
2015-11-05 06:16:00,2015-11-05 06:17:00,132.016,132.042,132.042,132.016,132.038,132.062,132.062,132.038,110
2015-11-05 06:17:00,2015-11-05 06:18:00,132.042,132.063,132.063,132.042,132.062,132.082,132.082,132.061,63
2015-11-05 06:18:00,2015-11-05 06:19:00,132.063,132.056,132.063,132.047,132.082,132.078,132.081,132.067,78
2015-11-05 06:19:00,2015-11-05 06:20:00,132.056,132.066,132.066,132.055,132.078,132.087,132.087,132.074,106
2015-11-05 06:20:00,2015-11-05 06:21:00,132.066,132.068,132.072,132.064,132.087,132.086,132.092,132.084,78
2015-11-05 06:21:00,2015-11-05 06:22:00,132.068,132.062,132.072,132.061,132.086,132.083,132.091,132.082,99
2015-11-05 06:22:00,2015-11-05 06:23:00,132.062,132.062,132.063,132.058,132.083,132.084,132.084,132.08,32
2015-11-05 06:23:00,2015-11-05 06:24:00,132.062,132.071,132.071,132.06,132.084,132.094,132.094,132.081,73
2015-11-05 06:24:00,2015-11-05 06:25:00,132.071,132.074,132.076,132.068,132.094,132.094,132.097,132.09,90
2015-11-05 06:25:00,2015-11-05 06:26:00,132.074,132.07,132.076,132.068,132.094,132.09,132.097,132.089,94
2015-11-05 06:26:00,2015-11-05 06:27:00,132.07,132.067,132.071,132.059,132.09,132.089,132.094,132.081,79
2015-11-05 06:27:00,2015-11-05 06:28:00,132.067,132.044,132.068,132.044,132.089,132.066,132.089,132.066,236
2015-11-05 06:28:00,2015-11-05 06:29:00,132.044,131.983,132.044,131.979,132.066,132.001,132.066,132.0,309
2015-11-05 06:29:00,2015-11-05 06:30:00,131.983,131.97,131.998,131.961,132.001,131.991,132.018,131.984,212
2015-11-05 06:30:00,2015-11-05 06:31:00,131.97,131.97,131.983,131.955,131.991,131.993,132.006,131.977,279
2015-11-05 06:31:00,2015-11-05 06:32:00,131.97,131.957,131.97,131.951,131.993,131.979,131.994,131.973,163
2015-11-05 06:32:00,2015-11-05 06:33:00,131.957,131.973,131.984,131.958,131.979,131.996,132.005,131.979,118
2015-11-05 06:33:00,2015-11-05 06:34:00,131.973,131.983,131.984,131.965,131.996,132.004,132.004,131.988,143
2015-11-05 06:34:00,2015-11-05 06:35:00,131.983,131.97,131.983,131.963,132.004,131.992,132.003,131.985,114
2015-11-05 06:35:00,2015-11-05 06:36:00,131.97,131.976,131.976,131.964,131.992,131.998,131.998,131.986,138
2015-11-05 06:36:00,2015-11-05 06:37:00,131.976,131.965,131.978,131.96,131.998,131.987,132.001,131.983,85
2015-11-05 06:37:00,2015-11-05 06:38:00,131.965,131.954,131.965,131.95,131.987,131.977,131.986,131.971,104
2015-11-05 06:38:00,2015-11-05 06:39:00,131.954,131.954,131.961,131.952,131.977,131.976,131.983,131.974,117
2015-11-05 06:39:00,2015-11-05 06:40:00,131.954,131.953,131.956,131.944,131.976,131.976,131.978,131.967,180
2015-11-05 06:40:00,2015-11-05 06:41:00,131.953,131.955,131.966,131.952,131.976,131.976,131.988,131.973,103
2015-11-05 06:41:00,2015-11-05 06:42:00,131.955,131.961,131.962,131.952,131.976,131.984,131.984,131.974,70
2015-11-05 06:42:00,2015-11-05 06:43:00,131.961,131.959,131.964,131.955,131.984,131.981,131.987,131.977,111
2015-11-05 06:43:00,2015-11-05 06:44:00,131.959,131.942,131.962,131.936,131.981,131.963,131.984,131.957,185
2015-11-05 06:44:00,2015-11-05 06:45:00,131.942,131.931,131.942,131.931,131.963,131.953,131.965,131.951,210
2015-11-05 06:45:00,2015-11-05 06:46:00,131.931,131.912,131.93,131.903,131.953,131.935,131.953,131.924,182
2015-11-05 06:46:00,2015-11-05 06:47:00,131.912,131.926,131.934,131.908,131.935,131.948,131.956,131.928,204
2015-11-05 06:47:00,2015-11-05 06:48:00,131.926,131.941,131.946,131.92,131.948,131.962,131.967,131.941,191
2015-11-05 06:48:00,2015-11-05 06:49:00,131.941,131.95,131.963,131.939,131.962,131.973,131.985,131.962,191
2015-11-05 06:49:00,2015-11-05 06:50:00,131.95,131.933,131.95,131.933,131.973,131.953,131.972,131.953,145
2015-11-05 06:50:00,2015-11-05 06:51:00,131.933,131.934,131.945,131.924,131.953,131.957,131.966,131.946,127
2015-11-05 06:51:00,2015-11-05 06:52:00,131.934,131.939,131.94,131.93,131.957,131.962,131.962,131.952,81
2015-11-05 06:52:00,2015-11-05 06:53:00,131.939,131.961,131.962,131.938,131.962,131.983,131.983,131.961,130
2015-11-05 06:53:00,2015-11-05 06:54:00,131.961,131.964,131.965,131.959,131.983,131.986,131.986,131.981,76
2015-11-05 06:54:00,2015-11-05 06:55:00,131.964,131.974,131.978,131.964,131.986,131.996,131.996,131.986,130
2015-11-05 06:55:00,2015-11-05 06:56:00,131.974,131.972,131.978,131.968,131.996,131.994,131.999,131.988,131
2015-11-05 06:56:00,2015-11-05 06:57:00,131.972,131.974,131.983,131.968,131.994,131.996,132.005,131.991,137
2015-11-05 06:57:00,2015-11-05 06:58:00,131.974,131.979,131.984,131.972,131.996,132.002,132.007,131.994,70
2015-11-05 06:58:00,2015-11-05 06:59:00,131.979,131.968,131.985,131.964,132.002,131.994,132.006,131.989,296
2015-11-05 06:59:00,2015-11-05 07:00:00,131.968,131.922,131.967,131.91,131.994,131.946,132.001,131.937,565
2015-11-05 07:00:00,2015-11-05 07:01:00,131.922,131.911,131.927,131.907,131.946,131.935,131.95,131.93,368
2015-11-05 07:01:00,2015-11-05 07:02:00,131.911,131.922,131.928,131.889,131.935,131.943,131.951,131.912,469
2015-11-05 07:02:00,2015-11-05 07:03:00,131.922,131.926,131.937,131.898,131.943,131.95,131.96,131.92,447
2015-11-05 07:03:00,2015-11-05 07:04:00,131.926,131.943,131.944,131.911,131.95,131.964,131.964,131.932,425
2015-11-05 07:04:00,2015-11-05 07:05:00,131.943,131.936,131.946,131.927,131.964,131.958,131.968,131.947,289
2015-11-05 07:05:00,2015-11-05 07:06:00,131.936,131.952,131.961,131.927,131.958,131.976,131.982,131.949,307
2015-11-05 07:06:00,2015-11-05 07:07:00,131.952,131.948,131.956,131.937,131.976,131.971,131.979,131.96,366
2015-11-05 07:07:00,2015-11-05 07:08:00,131.948,131.957,131.959,131.944,131.971,131.981,131.983,131.966,354
2015-11-05 07:08:00,2015-11-05 07:09:00,131.957,131.977,131.977,131.948,131.981,132.0,132.0,131.97,280
2015-11-05 07:09:00,2015-11-05 07:10:00,131.977,131.956,131.988,131.948,132.0,131.978,132.01,131.971,569
2015-11-05 07:10:00,2015-11-05 07:11:00,131.956,131.955,131.962,131.946,131.978,131.979,131.987,131.969,336
2015-11-05 07:11:00,2015-11-05 07:12:00,131.955,131.983,131.983,131.948,131.979,132.005,132.006,131.971,245
2015-11-05 07:12:00,2015-11-05 07:13:00,131.983,131.963,131.985,131.962,132.005,131.985,132.008,131.983,427
2015-11-05 07:13:00,2015-11-05 07:14:00,131.963,132.012,132.016,131.963,131.985,132.035,132.038,131.986,238
2015-11-05 07:14:00,2015-11-05 07:15:00,132.012,131.984,132.014,131.969,132.035,132.006,132.036,131.992,405
2015-11-05 07:15:00,2015-11-05 07:16:00,131.984,131.999,132.018,131.982,132.006,132.023,132.041,132.005,435
2015-11-05 07:16:00,2015-11-05 07:17:00,131.999,131.97,131.999,131.968,132.023,131.992,132.023,131.99,498
2015-11-05 07:17:00,2015-11-05 07:18:00,131.97,131.992,131.996,131.97,131.992,132.015,132.018,131.992,433
2015-11-05 07:18:00,2015-11-05 07:19:00,131.992,132.003,132.005,131.986,132.015,132.027,132.027,132.009,199
2015-11-05 07:19:00,2015-11-05 07:20:00,132.003,131.99,132.004,131.982,132.027,132.013,132.027,132.003,307
2015-11-05 07:20:00,2015-11-05 07:21:00,131.99,131.988,131.989,131.972,132.013,132.011,132.013,131.995,249
2015-11-05 07:21:00,2015-11-05 07:22:00,131.988,131.974,131.99,131.968,132.011,131.997,132.013,131.99,313
2015-11-05 07:22:00,2015-11-05 07:23:00,131.974,131.951,131.975,131.95,131.997,131.975,131.997,131.973,308
2015-11-05 07:23:00,2015-11-05 07:24:00,131.951,131.918,131.951,131.902,131.975,131.94,131.974,131.924,517
2015-11-05 07:24:00,2015-11-05 07:25:00,131.918,131.929,131.947,131.906,131.94,131.953,131.97,131.926,618
2015-11-05 07:25:00,2015-11-05 07:26:00,131.929,131.937,131.959,131.92,131.953,131.958,131.983,131.944,485
2015-11-05 07:26:00,2015-11-05 07:27:00,131.937,131.893,131.939,131.887,131.958,131.916,131.962,131.911,436
2015-11-05 07:27:00,2015-11-05 07:28:00,131.893,131.913,131.913,131.89,131.916,131.935,131.936,131.909,328
2015-11-05 07:28:00,2015-11-05 07:29:00,131.913,131.908,131.918,131.901,131.935,131.931,131.941,131.923,365
2015-11-05 07:29:00,2015-11-05 07:30:00,131.908,131.891,131.919,131.889,131.931,131.913,131.942,131.912,436
2015-11-05 07:30:00,2015-11-05 07:31:00,131.891,131.893,131.897,131.872,131.913,131.916,131.919,131.895,314
2015-11-05 07:31:00,2015-11-05 07:32:00,131.893,131.887,131.9,131.852,131.916,131.909,131.922,131.874,769
2015-11-05 07:32:00,2015-11-05 07:33:00,131.887,131.918,131.922,131.876,131.909,131.94,131.944,131.897,564
2015-11-05 07:33:00,2015-11-05 07:34:00,131.918,131.919,131.922,131.9,131.94,131.941,131.943,131.924,483
2015-11-05 07:34:00,2015-11-05 07:35:00,131.919,131.915,131.924,131.904,131.941,131.937,131.946,131.927,345
2015-11-05 07:35:00,2015-11-05 07:36:00,131.915,131.929,131.938,131.914,131.937,131.949,131.961,131.936,237
2015-11-05 07:36:00,2015-11-05 07:37:00,131.929,131.92,131.935,131.909,131.949,131.943,131.957,131.932,289
2015-11-05 07:37:00,2015-11-05 07:38:00,131.92,131.929,131.941,131.918,131.943,131.952,131.965,131.942,341
2015-11-05 07:38:00,2015-11-05 07:39:00,131.929,131.948,131.948,131.925,131.952,131.967,131.967,131.949,233
2015-11-05 07:39:00,2015-11-05 07:40:00,131.948,131.918,131.951,131.916,131.967,131.941,131.974,131.938,384
2015-11-05 07:40:00,2015-11-05 07:41:00,131.918,131.929,131.938,131.908,131.941,131.953,131.961,131.929,409
2015-11-05 07:41:00,2015-11-05 07:42:00,131.929,131.944,131.952,131.914,131.953,131.966,131.975,131.938,570
2015-11-05 07:42:00,2015-11-05 07:43:00,131.944,131.944,131.954,131.932,131.966,131.968,131.978,131.956,462
2015-11-05 07:43:00,2015-11-05 07:44:00,131.944,131.975,131.975,131.935,131.968,131.996,131.996,131.956,188
2015-11-05 07:44:00,2015-11-05 07:45:00,131.975,131.958,131.986,131.958,131.996,131.979,132.007,131.979,141
2015-11-05 07:45:00,2015-11-05 07:46:00,131.958,131.926,131.964,131.923,131.979,131.946,131.988,131.944,363
2015-11-05 07:46:00,2015-11-05 07:47:00,131.926,131.887,131.925,131.879,131.946,131.913,131.946,131.903,423
2015-11-05 07:47:00,2015-11-05 07:48:00,131.887,131.91,131.912,131.877,131.913,131.933,131.935,131.9,408
2015-11-05 07:48:00,2015-11-05 07:49:00,131.91,131.897,131.913,131.895,131.933,131.919,131.936,131.919,369
2015-11-05 07:49:00,2015-11-05 07:50:00,131.897,131.896,131.91,131.892,131.919,131.919,131.933,131.916,345
2015-11-05 07:50:00,2015-11-05 07:51:00,131.896,131.88,131.908,131.87,131.919,131.899,131.931,131.892,492
2015-11-05 07:51:00,2015-11-05 07:52:00,131.88,131.858,131.884,131.856,131.899,131.878,131.907,131.877,433
2015-11-05 07:52:00,2015-11-05 07:53:00,131.858,131.862,131.863,131.854,131.878,131.885,131.886,131.876,142
2015-11-05 07:53:00,2015-11-05 07:54:00,131.862,131.896,131.899,131.856,131.885,131.918,131.922,131.878,291
2015-11-05 07:54:00,2015-11-05 07:55:00,131.896,131.91,131.911,131.889,131.918,131.932,131.935,131.911,236
2015-11-05 07:55:00,2015-11-05 07:56:00,131.91,131.909,131.924,131.907,131.932,131.93,131.944,131.928,200
2015-11-05 07:56:00,2015-11-05 07:57:00,131.909,131.969,131.995,131.903,131.93,131.992,132.016,131.925,475
2015-11-05 07:57:00,2015-11-05 07:58:00,131.969,131.988,132.002,131.95,131.992,132.013,132.024,131.975,1144
2015-11-05 07:58:00,2015-11-05 07:59:00,131.988,131.973,131.989,131.956,132.013,131.993,132.012,131.977,639
2015-11-05 07:59:00,2015-11-05 08:00:00,131.973,131.982,131.987,131.961,131.993,132.004,132.011,131.984,419
2015-11-05 08:00:00,2015-11-05 08:01:00,131.982,132.049,132.056,131.972,132.004,132.071,132.078,131.992,543
2015-11-05 08:01:00,2015-11-05 08:02:00,132.049,132.049,132.054,132.012,132.071,132.07,132.075,132.034,780
2015-11-05 08:02:00,2015-11-05 08:03:00,132.049,132.036,132.056,132.017,132.07,132.059,132.076,132.041,564
2015-11-05 08:03:00,2015-11-05 08:04:00,132.036,132.036,132.052,132.027,132.059,132.058,132.073,132.05,315
2015-11-05 08:04:00,2015-11-05 08:05:00,132.036,132.041,132.051,132.013,132.058,132.062,132.074,132.036,374
2015-11-05 08:05:00,2015-11-05 08:06:00,132.041,132.086,132.09,132.039,132.062,132.108,132.112,132.062,525
2015-11-05 08:06:00,2015-11-05 08:07:00,132.086,132.082,132.092,132.066,132.108,132.103,132.112,132.089,285
2015-11-05 08:07:00,2015-11-05 08:08:00,132.082,132.066,132.081,132.059,132.103,132.089,132.105,132.081,511
2015-11-05 08:08:00,2015-11-05 08:09:00,132.066,132.068,132.073,132.061,132.089,132.091,132.096,132.077,192
2015-11-05 08:09:00,2015-11-05 08:10:00,132.068,132.131,132.15,132.068,132.091,132.152,132.173,132.09,641
2015-11-05 08:10:00,2015-11-05 08:11:00,132.131,132.128,132.138,132.113,132.152,132.151,132.16,132.134,361
2015-11-05 08:11:00,2015-11-05 08:12:00,132.128,132.147,132.163,132.128,132.151,132.169,132.185,132.15,525
2015-11-05 08:12:00,2015-11-05 08:13:00,132.147,132.22,132.235,132.141,132.169,132.245,132.259,132.164,601
2015-11-05 08:13:00,2015-11-05 08:14:00,132.22,132.17,132.222,132.161,132.245,132.196,132.246,132.178,635
2015-11-05 08:14:00,2015-11-05 08:15:00,132.17,132.162,132.182,132.153,132.196,132.185,132.207,132.178,531
2015-11-05 08:15:00,2015-11-05 08:16:00,132.162,132.17,132.197,132.161,132.185,132.19,132.221,132.185,490
2015-11-05 08:16:00,2015-11-05 08:17:00,132.17,132.22,132.242,132.161,132.19,132.244,132.268,132.181,594
2015-11-05 08:17:00,2015-11-05 08:18:00,132.22,132.239,132.276,132.212,132.244,132.258,132.301,132.239,944
2015-11-05 08:18:00,2015-11-05 08:19:00,132.239,132.249,132.261,132.229,132.258,132.273,132.283,132.249,531
2015-11-05 08:19:00,2015-11-05 08:20:00,132.249,132.347,132.358,132.235,132.273,132.37,132.385,132.259,959
2015-11-05 08:20:00,2015-11-05 08:21:00,132.347,132.316,132.364,132.31,132.37,132.338,132.384,132.333,881
2015-11-05 08:21:00,2015-11-05 08:22:00,132.316,132.327,132.345,132.295,132.338,132.347,132.367,132.317,724
2015-11-05 08:22:00,2015-11-05 08:23:00,132.327,132.298,132.327,132.289,132.347,132.321,132.347,132.311,828
2015-11-05 08:23:00,2015-11-05 08:24:00,132.298,132.304,132.31,132.272,132.321,132.325,132.334,132.294,594
2015-11-05 08:24:00,2015-11-05 08:25:00,132.304,132.276,132.305,132.276,132.325,132.299,132.326,132.299,524
2015-11-05 08:25:00,2015-11-05 08:26:00,132.276,132.308,132.328,132.276,132.299,132.332,132.349,132.3,441
2015-11-05 08:26:00,2015-11-05 08:27:00,132.308,132.258,132.308,132.249,132.332,132.28,132.332,132.27,437
2015-11-05 08:27:00,2015-11-05 08:28:00,132.258,132.236,132.271,132.232,132.28,132.26,132.295,132.251,518
2015-11-05 08:28:00,2015-11-05 08:29:00,132.236,132.254,132.265,132.236,132.26,132.277,132.288,132.257,524
2015-11-05 08:29:00,2015-11-05 08:30:00,132.254,132.238,132.255,132.226,132.277,132.26,132.277,132.247,466
2015-11-05 08:30:00,2015-11-05 08:31:00,132.238,132.224,132.249,132.218,132.26,132.247,132.271,132.24,554
2015-11-05 08:31:00,2015-11-05 08:32:00,132.224,132.253,132.257,132.223,132.247,132.274,132.279,132.243,479
2015-11-05 08:32:00,2015-11-05 08:33:00,132.253,132.251,132.266,132.245,132.274,132.273,132.289,132.268,356
2015-11-05 08:33:00,2015-11-05 08:34:00,132.251,132.241,132.259,132.234,132.273,132.262,132.281,132.256,463
2015-11-05 08:34:00,2015-11-05 08:35:00,132.241,132.282,132.285,132.238,132.262,132.305,132.309,132.259,451
2015-11-05 08:35:00,2015-11-05 08:36:00,132.282,132.288,132.289,132.258,132.305,132.311,132.311,132.28,420
2015-11-05 08:36:00,2015-11-05 08:37:00,132.288,132.289,132.298,132.268,132.311,132.311,132.321,132.291,443
2015-11-05 08:37:00,2015-11-05 08:38:00,132.289,132.285,132.299,132.283,132.311,132.307,132.32,132.306,235
2015-11-05 08:38:00,2015-11-05 08:39:00,132.285,132.301,132.308,132.282,132.307,132.32,132.331,132.305,408
2015-11-05 08:39:00,2015-11-05 08:40:00,132.301,132.326,132.326,132.289,132.32,132.348,132.349,132.309,397
2015-11-05 08:40:00,2015-11-05 08:41:00,132.326,132.33,132.335,132.313,132.348,132.354,132.357,132.335,462
2015-11-05 08:41:00,2015-11-05 08:42:00,132.33,132.299,132.33,132.289,132.354,132.322,132.354,132.311,462
2015-11-05 08:42:00,2015-11-05 08:43:00,132.299,132.298,132.317,132.292,132.322,132.321,132.339,132.314,425
2015-11-05 08:43:00,2015-11-05 08:44:00,132.298,132.276,132.301,132.27,132.321,132.296,132.321,132.293,345
2015-11-05 08:44:00,2015-11-05 08:45:00,132.276,132.286,132.293,132.266,132.296,132.306,132.312,132.287,450
2015-11-05 08:45:00,2015-11-05 08:46:00,132.286,132.305,132.319,132.284,132.306,132.325,132.341,132.304,412
2015-11-05 08:46:00,2015-11-05 08:47:00,132.305,132.339,132.345,132.295,132.325,132.361,132.365,132.318,572
2015-11-05 08:47:00,2015-11-05 08:48:00,132.339,132.33,132.351,132.322,132.361,132.353,132.374,132.345,368
2015-11-05 08:48:00,2015-11-05 08:49:00,132.33,132.433,132.436,132.329,132.353,132.454,132.456,132.35,737
2015-11-05 08:49:00,2015-11-05 08:50:00,132.433,132.443,132.475,132.421,132.454,132.467,132.498,132.441,955
2015-11-05 08:50:00,2015-11-05 08:51:00,132.443,132.462,132.462,132.426,132.467,132.483,132.483,132.449,671
2015-11-05 08:51:00,2015-11-05 08:52:00,132.462,132.444,132.471,132.415,132.483,132.464,132.493,132.435,599
2015-11-05 08:52:00,2015-11-05 08:53:00,132.444,132.417,132.452,132.404,132.464,132.44,132.474,132.425,561
2015-11-05 08:53:00,2015-11-05 08:54:00,132.417,132.432,132.446,132.418,132.44,132.455,132.468,132.44,337
2015-11-05 08:54:00,2015-11-05 08:55:00,132.432,132.459,132.459,132.422,132.455,132.483,132.483,132.445,385
2015-11-05 08:55:00,2015-11-05 08:56:00,132.459,132.439,132.462,132.433,132.483,132.46,132.484,132.455,289
2015-11-05 08:56:00,2015-11-05 08:57:00,132.439,132.422,132.457,132.422,132.46,132.442,132.48,132.442,456
2015-11-05 08:57:00,2015-11-05 08:58:00,132.422,132.439,132.442,132.42,132.442,132.463,132.466,132.441,323
2015-11-05 08:58:00,2015-11-05 08:59:00,132.439,132.429,132.455,132.428,132.463,132.452,132.479,132.45,305
2015-11-05 08:59:00,2015-11-05 09:00:00,132.429,132.489,132.521,132.429,132.452,132.514,132.545,132.451,695
2015-11-05 09:00:00,2015-11-05 09:01:00,132.489,132.452,132.498,132.431,132.514,132.477,132.522,132.455,736
2015-11-05 09:01:00,2015-11-05 09:02:00,132.452,132.449,132.48,132.435,132.477,132.467,132.499,132.457,352
2015-11-05 09:02:00,2015-11-05 09:03:00,132.449,132.431,132.46,132.421,132.467,132.452,132.482,132.444,647
2015-11-05 09:03:00,2015-11-05 09:04:00,132.431,132.419,132.445,132.408,132.452,132.442,132.469,132.43,474
2015-11-05 09:04:00,2015-11-05 09:05:00,132.419,132.397,132.443,132.392,132.442,132.417,132.467,132.414,517
2015-11-05 09:05:00,2015-11-05 09:06:00,132.397,132.392,132.406,132.391,132.417,132.414,132.428,132.412,295
2015-11-05 09:06:00,2015-11-05 09:07:00,132.392,132.386,132.405,132.381,132.414,132.408,132.428,132.402,343
2015-11-05 09:07:00,2015-11-05 09:08:00,132.386,132.375,132.398,132.371,132.408,132.397,132.419,132.394,472
2015-11-05 09:08:00,2015-11-05 09:09:00,132.375,132.387,132.39,132.373,132.397,132.408,132.411,132.396,258
2015-11-05 09:09:00,2015-11-05 09:10:00,132.387,132.394,132.408,132.375,132.408,132.416,132.431,132.396,340
2015-11-05 09:10:00,2015-11-05 09:11:00,132.394,132.391,132.405,132.387,132.416,132.412,132.427,132.41,278
2015-11-05 09:11:00,2015-11-05 09:12:00,132.391,132.397,132.402,132.379,132.412,132.419,132.424,132.402,303
2015-11-05 09:12:00,2015-11-05 09:13:00,132.397,132.382,132.399,132.376,132.419,132.402,132.421,132.398,227
2015-11-05 09:13:00,2015-11-05 09:14:00,132.382,132.39,132.395,132.373,132.402,132.412,132.415,132.392,205
2015-11-05 09:14:00,2015-11-05 09:15:00,132.39,132.394,132.398,132.38,132.412,132.417,132.421,132.402,299
2015-11-05 09:15:00,2015-11-05 09:16:00,132.394,132.397,132.398,132.381,132.417,132.418,132.421,132.404,216
2015-11-05 09:16:00,2015-11-05 09:17:00,132.397,132.4,132.43,132.392,132.418,132.423,132.454,132.416,398
2015-11-05 09:17:00,2015-11-05 09:18:00,132.4,132.398,132.409,132.385,132.423,132.42,132.432,132.408,365
2015-11-05 09:18:00,2015-11-05 09:19:00,132.398,132.414,132.416,132.396,132.42,132.438,132.438,132.417,300
2015-11-05 09:19:00,2015-11-05 09:20:00,132.414,132.445,132.445,132.405,132.438,132.468,132.468,132.427,400
2015-11-05 09:20:00,2015-11-05 09:21:00,132.445,132.459,132.467,132.444,132.468,132.481,132.489,132.467,426
2015-11-05 09:21:00,2015-11-05 09:22:00,132.459,132.421,132.462,132.42,132.481,132.444,132.485,132.442,426
2015-11-05 09:22:00,2015-11-05 09:23:00,132.421,132.416,132.421,132.404,132.444,132.439,132.444,132.426,274
2015-11-05 09:23:00,2015-11-05 09:24:00,132.416,132.43,132.438,132.414,132.439,132.453,132.46,132.435,319
2015-11-05 09:24:00,2015-11-05 09:25:00,132.43,132.427,132.435,132.421,132.453,132.448,132.457,132.443,304
2015-11-05 09:25:00,2015-11-05 09:26:00,132.427,132.404,132.433,132.403,132.448,132.424,132.457,132.421,595
2015-11-05 09:26:00,2015-11-05 09:27:00,132.404,132.385,132.409,132.378,132.424,132.408,132.429,132.4,453
2015-11-05 09:27:00,2015-11-05 09:28:00,132.385,132.378,132.39,132.374,132.408,132.4,132.412,132.396,431
2015-11-05 09:28:00,2015-11-05 09:29:00,132.378,132.378,132.388,132.355,132.4,132.401,132.411,132.378,486
2015-11-05 09:29:00,2015-11-05 09:30:00,132.378,132.394,132.399,132.373,132.401,132.414,132.42,132.395,444
2015-11-05 09:30:00,2015-11-05 09:31:00,132.394,132.396,132.401,132.388,132.414,132.416,132.424,132.407,248
2015-11-05 09:31:00,2015-11-05 09:32:00,132.396,132.373,132.396,132.368,132.416,132.394,132.417,132.387,268
2015-11-05 09:32:00,2015-11-05 09:33:00,132.373,132.391,132.395,132.373,132.394,132.414,132.415,132.394,357
2015-11-05 09:33:00,2015-11-05 09:34:00,132.391,132.395,132.402,132.384,132.414,132.417,132.424,132.408,330
2015-11-05 09:34:00,2015-11-05 09:35:00,132.395,132.414,132.417,132.376,132.417,132.438,132.439,132.398,486
2015-11-05 09:35:00,2015-11-05 09:36:00,132.414,132.392,132.426,132.377,132.438,132.413,132.445,132.399,416
2015-11-05 09:36:00,2015-11-05 09:37:00,132.392,132.386,132.392,132.378,132.413,132.409,132.414,132.399,287
2015-11-05 09:37:00,2015-11-05 09:38:00,132.386,132.381,132.399,132.377,132.409,132.401,132.42,132.398,339
2015-11-05 09:38:00,2015-11-05 09:39:00,132.381,132.376,132.392,132.374,132.401,132.396,132.412,132.394,245
2015-11-05 09:39:00,2015-11-05 09:40:00,132.376,132.382,132.391,132.374,132.396,132.404,132.413,132.394,244
2015-11-05 09:40:00,2015-11-05 09:41:00,132.382,132.364,132.381,132.351,132.404,132.386,132.404,132.371,273
2015-11-05 09:41:00,2015-11-05 09:42:00,132.364,132.355,132.367,132.341,132.386,132.377,132.389,132.362,264
2015-11-05 09:42:00,2015-11-05 09:43:00,132.355,132.349,132.366,132.346,132.377,132.372,132.388,132.369,290
2015-11-05 09:43:00,2015-11-05 09:44:00,132.349,132.357,132.375,132.349,132.372,132.377,132.397,132.373,412
2015-11-05 09:44:00,2015-11-05 09:45:00,132.357,132.358,132.363,132.344,132.377,132.379,132.385,132.366,260
2015-11-05 09:45:00,2015-11-05 09:46:00,132.358,132.395,132.401,132.351,132.379,132.418,132.423,132.372,475
2015-11-05 09:46:00,2015-11-05 09:47:00,132.395,132.404,132.405,132.392,132.418,132.427,132.427,132.413,269
2015-11-05 09:47:00,2015-11-05 09:48:00,132.404,132.423,132.424,132.399,132.427,132.445,132.447,132.421,324
2015-11-05 09:48:00,2015-11-05 09:49:00,132.423,132.435,132.443,132.423,132.445,132.458,132.465,132.444,233
2015-11-05 09:49:00,2015-11-05 09:50:00,132.435,132.434,132.439,132.427,132.458,132.456,132.462,132.448,274
2015-11-05 09:50:00,2015-11-05 09:51:00,132.434,132.458,132.458,132.431,132.456,132.48,132.481,132.453,266
2015-11-05 09:51:00,2015-11-05 09:52:00,132.458,132.496,132.504,132.449,132.48,132.52,132.527,132.47,496
2015-11-05 09:52:00,2015-11-05 09:53:00,132.496,132.495,132.498,132.483,132.52,132.516,132.52,132.504,240
2015-11-05 09:53:00,2015-11-05 09:54:00,132.495,132.512,132.515,132.482,132.516,132.533,132.535,132.503,316
2015-11-05 09:54:00,2015-11-05 09:55:00,132.512,132.513,132.548,132.51,132.533,132.534,132.569,132.531,365
2015-11-05 09:55:00,2015-11-05 09:56:00,132.513,132.536,132.545,132.508,132.534,132.559,132.567,132.531,351
2015-11-05 09:56:00,2015-11-05 09:57:00,132.536,132.534,132.553,132.532,132.559,132.556,132.575,132.555,246
2015-11-05 09:57:00,2015-11-05 09:58:00,132.534,132.488,132.534,132.484,132.556,132.511,132.557,132.508,403
2015-11-05 09:58:00,2015-11-05 09:59:00,132.488,132.431,132.488,132.425,132.511,132.45,132.51,132.445,536
2015-11-05 09:59:00,2015-11-05 10:00:00,132.431,132.383,132.436,132.362,132.45,132.405,132.456,132.382,598
2015-11-05 10:00:00,2015-11-05 10:01:00,132.383,132.424,132.443,132.383,132.405,132.446,132.464,132.404,452
2015-11-05 10:01:00,2015-11-05 10:02:00,132.424,132.437,132.459,132.405,132.446,132.457,132.479,132.428,424
2015-11-05 10:02:00,2015-11-05 10:03:00,132.437,132.47,132.476,132.437,132.457,132.489,132.495,132.458,481
2015-11-05 10:03:00,2015-11-05 10:04:00,132.47,132.491,132.491,132.466,132.489,132.511,132.511,132.486,251
2015-11-05 10:04:00,2015-11-05 10:05:00,132.491,132.503,132.512,132.489,132.511,132.524,132.533,132.511,413
2015-11-05 10:05:00,2015-11-05 10:06:00,132.503,132.496,132.517,132.479,132.524,132.516,132.535,132.501,276
2015-11-05 10:06:00,2015-11-05 10:07:00,132.496,132.481,132.503,132.444,132.516,132.504,132.525,132.468,608
2015-11-05 10:07:00,2015-11-05 10:08:00,132.481,132.43,132.484,132.422,132.504,132.449,132.507,132.441,310
2015-11-05 10:08:00,2015-11-05 10:09:00,132.43,132.432,132.436,132.426,132.449,132.453,132.459,132.446,195
2015-11-05 10:09:00,2015-11-05 10:10:00,132.432,132.411,132.434,132.411,132.453,132.432,132.455,132.432,287
2015-11-05 10:10:00,2015-11-05 10:11:00,132.411,132.384,132.415,132.381,132.432,132.406,132.438,132.404,380
2015-11-05 10:11:00,2015-11-05 10:12:00,132.384,132.417,132.436,132.384,132.406,132.438,132.457,132.405,289
2015-11-05 10:12:00,2015-11-05 10:13:00,132.417,132.382,132.427,132.382,132.438,132.405,132.45,132.404,361
2015-11-05 10:13:00,2015-11-05 10:14:00,132.382,132.37,132.39,132.356,132.405,132.392,132.412,132.376,250
2015-11-05 10:14:00,2015-11-05 10:15:00,132.37,132.368,132.39,132.35,132.392,132.392,132.411,132.372,416
2015-11-05 10:15:00,2015-11-05 10:16:00,132.368,132.33,132.386,132.33,132.392,132.352,132.408,132.352,382
2015-11-05 10:16:00,2015-11-05 10:17:00,132.33,132.345,132.345,132.314,132.352,132.366,132.366,132.336,406
2015-11-05 10:17:00,2015-11-05 10:18:00,132.345,132.346,132.352,132.326,132.366,132.368,132.374,132.346,381
2015-11-05 10:18:00,2015-11-05 10:19:00,132.346,132.34,132.356,132.326,132.368,132.361,132.377,132.346,388
2015-11-05 10:19:00,2015-11-05 10:20:00,132.34,132.318,132.35,132.312,132.361,132.341,132.374,132.334,384
2015-11-05 10:20:00,2015-11-05 10:21:00,132.318,132.331,132.34,132.313,132.341,132.353,132.361,132.333,382
2015-11-05 10:21:00,2015-11-05 10:22:00,132.331,132.329,132.334,132.312,132.353,132.351,132.355,132.332,355
2015-11-05 10:22:00,2015-11-05 10:23:00,132.329,132.333,132.335,132.322,132.351,132.355,132.357,132.344,216
2015-11-05 10:23:00,2015-11-05 10:24:00,132.333,132.343,132.354,132.333,132.355,132.366,132.378,132.355,247
2015-11-05 10:24:00,2015-11-05 10:25:00,132.343,132.338,132.353,132.329,132.366,132.36,132.375,132.349,290
2015-11-05 10:25:00,2015-11-05 10:26:00,132.338,132.338,132.354,132.323,132.36,132.36,132.375,132.344,423
2015-11-05 10:26:00,2015-11-05 10:27:00,132.338,132.33,132.343,132.319,132.36,132.35,132.365,132.34,388
2015-11-05 10:27:00,2015-11-05 10:28:00,132.33,132.363,132.366,132.327,132.35,132.385,132.389,132.35,509
2015-11-05 10:28:00,2015-11-05 10:29:00,132.363,132.363,132.363,132.344,132.385,132.385,132.386,132.366,275
2015-11-05 10:29:00,2015-11-05 10:30:00,132.363,132.363,132.372,132.342,132.385,132.388,132.395,132.364,356
2015-11-05 10:30:00,2015-11-05 10:31:00,132.363,132.39,132.391,132.359,132.388,132.408,132.41,132.379,279
2015-11-05 10:31:00,2015-11-05 10:32:00,132.39,132.371,132.397,132.37,132.408,132.392,132.42,132.391,300
2015-11-05 10:32:00,2015-11-05 10:33:00,132.371,132.359,132.377,132.353,132.392,132.381,132.4,132.374,436
2015-11-05 10:33:00,2015-11-05 10:34:00,132.359,132.342,132.362,132.331,132.381,132.366,132.386,132.353,360
2015-11-05 10:34:00,2015-11-05 10:35:00,132.342,132.359,132.365,132.341,132.366,132.382,132.388,132.365,295
2015-11-05 10:35:00,2015-11-05 10:36:00,132.359,132.374,132.375,132.355,132.382,132.396,132.398,132.378,271
2015-11-05 10:36:00,2015-11-05 10:37:00,132.374,132.379,132.391,132.361,132.396,132.402,132.415,132.383,445
2015-11-05 10:37:00,2015-11-05 10:38:00,132.379,132.381,132.39,132.374,132.402,132.405,132.413,132.395,346
2015-11-05 10:38:00,2015-11-05 10:39:00,132.381,132.374,132.385,132.365,132.405,132.396,132.408,132.388,314
2015-11-05 10:39:00,2015-11-05 10:40:00,132.374,132.363,132.378,132.362,132.396,132.385,132.402,132.382,371
2015-11-05 10:40:00,2015-11-05 10:41:00,132.363,132.349,132.373,132.349,132.385,132.372,132.394,132.371,316
2015-11-05 10:41:00,2015-11-05 10:42:00,132.349,132.327,132.352,132.312,132.372,132.349,132.375,132.335,502
2015-11-05 10:42:00,2015-11-05 10:43:00,132.327,132.344,132.36,132.327,132.349,132.366,132.382,132.348,280
2015-11-05 10:43:00,2015-11-05 10:44:00,132.344,132.335,132.358,132.333,132.366,132.358,132.38,132.355,220
2015-11-05 10:44:00,2015-11-05 10:45:00,132.335,132.339,132.349,132.333,132.358,132.364,132.373,132.356,328
2015-11-05 10:45:00,2015-11-05 10:46:00,132.339,132.34,132.347,132.328,132.364,132.363,132.368,132.349,349
2015-11-05 10:46:00,2015-11-05 10:47:00,132.34,132.325,132.353,132.314,132.363,132.346,132.376,132.334,511
2015-11-05 10:47:00,2015-11-05 10:48:00,132.325,132.331,132.333,132.313,132.346,132.355,132.357,132.334,355
2015-11-05 10:48:00,2015-11-05 10:49:00,132.331,132.346,132.355,132.331,132.355,132.366,132.376,132.354,431
2015-11-05 10:49:00,2015-11-05 10:50:00,132.346,132.374,132.374,132.346,132.366,132.394,132.395,132.366,288
2015-11-05 10:50:00,2015-11-05 10:51:00,132.374,132.379,132.395,132.367,132.394,132.403,132.417,132.391,383
2015-11-05 10:51:00,2015-11-05 10:52:00,132.379,132.354,132.386,132.339,132.403,132.376,132.408,132.36,422
2015-11-05 10:52:00,2015-11-05 10:53:00,132.354,132.38,132.389,132.354,132.376,132.401,132.413,132.377,449
2015-11-05 10:53:00,2015-11-05 10:54:00,132.38,132.391,132.4,132.376,132.401,132.414,132.424,132.398,310
2015-11-05 10:54:00,2015-11-05 10:55:00,132.391,132.392,132.411,132.388,132.414,132.415,132.433,132.411,331
2015-11-05 10:55:00,2015-11-05 10:56:00,132.392,132.383,132.393,132.376,132.415,132.405,132.416,132.398,124
2015-11-05 10:56:00,2015-11-05 10:57:00,132.383,132.384,132.389,132.375,132.405,132.406,132.412,132.397,208
2015-11-05 10:57:00,2015-11-05 10:58:00,132.384,132.387,132.39,132.377,132.406,132.411,132.412,132.4,211
2015-11-05 10:58:00,2015-11-05 10:59:00,132.387,132.379,132.39,132.372,132.411,132.399,132.413,132.394,212
2015-11-05 10:59:00,2015-11-05 11:00:00,132.379,132.376,132.388,132.374,132.399,132.398,132.41,132.395,164
2015-11-05 11:00:00,2015-11-05 11:01:00,132.376,132.36,132.376,132.358,132.398,132.384,132.399,132.38,198
2015-11-05 11:01:00,2015-11-05 11:02:00,132.36,132.346,132.367,132.337,132.384,132.369,132.39,132.357,361
2015-11-05 11:02:00,2015-11-05 11:03:00,132.346,132.343,132.359,132.342,132.369,132.366,132.381,132.363,126
2015-11-05 11:03:00,2015-11-05 11:04:00,132.343,132.363,132.366,132.344,132.366,132.386,132.389,132.366,295
2015-11-05 11:04:00,2015-11-05 11:05:00,132.363,132.361,132.365,132.354,132.386,132.385,132.388,132.376,160
2015-11-05 11:05:00,2015-11-05 11:06:00,132.361,132.352,132.369,132.347,132.385,132.375,132.393,132.369,359
2015-11-05 11:06:00,2015-11-05 11:07:00,132.352,132.348,132.37,132.348,132.375,132.369,132.392,132.369,320
2015-11-05 11:07:00,2015-11-05 11:08:00,132.348,132.342,132.353,132.323,132.369,132.363,132.375,132.344,342
2015-11-05 11:08:00,2015-11-05 11:09:00,132.342,132.317,132.343,132.312,132.363,132.339,132.364,132.334,324
2015-11-05 11:09:00,2015-11-05 11:10:00,132.317,132.336,132.339,132.311,132.339,132.359,132.364,132.334,141
2015-11-05 11:10:00,2015-11-05 11:11:00,132.336,132.354,132.359,132.336,132.359,132.377,132.382,132.359,258
2015-11-05 11:11:00,2015-11-05 11:12:00,132.354,132.382,132.385,132.355,132.377,132.405,132.408,132.377,467
2015-11-05 11:12:00,2015-11-05 11:13:00,132.382,132.384,132.401,132.38,132.405,132.406,132.423,132.402,334
2015-11-05 11:13:00,2015-11-05 11:14:00,132.384,132.376,132.389,132.367,132.406,132.397,132.412,132.391,265
2015-11-05 11:14:00,2015-11-05 11:15:00,132.376,132.34,132.38,132.339,132.397,132.363,132.401,132.36,291
2015-11-05 11:15:00,2015-11-05 11:16:00,132.34,132.37,132.373,132.333,132.363,132.393,132.396,132.355,337
2015-11-05 11:16:00,2015-11-05 11:17:00,132.37,132.376,132.377,132.36,132.393,132.399,132.399,132.382,244
2015-11-05 11:17:00,2015-11-05 11:18:00,132.376,132.392,132.397,132.374,132.399,132.414,132.418,132.395,211
2015-11-05 11:18:00,2015-11-05 11:19:00,132.392,132.398,132.405,132.389,132.414,132.419,132.427,132.411,202
2015-11-05 11:19:00,2015-11-05 11:20:00,132.398,132.388,132.407,132.388,132.419,132.41,132.429,132.41,163
2015-11-05 11:20:00,2015-11-05 11:21:00,132.388,132.385,132.401,132.38,132.41,132.407,132.423,132.402,230
2015-11-05 11:21:00,2015-11-05 11:22:00,132.385,132.362,132.39,132.355,132.407,132.385,132.411,132.378,321
2015-11-05 11:22:00,2015-11-05 11:23:00,132.362,132.363,132.372,132.357,132.385,132.386,132.394,132.379,212
2015-11-05 11:23:00,2015-11-05 11:24:00,132.363,132.369,132.375,132.362,132.386,132.391,132.396,132.386,91
2015-11-05 11:24:00,2015-11-05 11:25:00,132.369,132.376,132.381,132.367,132.391,132.399,132.404,132.388,289
2015-11-05 11:25:00,2015-11-05 11:26:00,132.376,132.366,132.376,132.362,132.399,132.388,132.398,132.384,171
2015-11-05 11:26:00,2015-11-05 11:27:00,132.366,132.367,132.375,132.361,132.388,132.388,132.396,132.382,260
2015-11-05 11:27:00,2015-11-05 11:28:00,132.367,132.397,132.404,132.366,132.388,132.419,132.424,132.387,412
2015-11-05 11:28:00,2015-11-05 11:29:00,132.397,132.388,132.403,132.384,132.419,132.41,132.425,132.406,203
2015-11-05 11:29:00,2015-11-05 11:30:00,132.388,132.396,132.406,132.385,132.41,132.418,132.427,132.408,235
2015-11-05 11:30:00,2015-11-05 11:31:00,132.396,132.414,132.423,132.395,132.418,132.438,132.444,132.418,229
2015-11-05 11:31:00,2015-11-05 11:32:00,132.414,132.409,132.422,132.401,132.438,132.432,132.444,132.424,273
2015-11-05 11:32:00,2015-11-05 11:33:00,132.409,132.398,132.413,132.396,132.432,132.419,132.435,132.418,206
2015-11-05 11:33:00,2015-11-05 11:34:00,132.398,132.383,132.398,132.382,132.419,132.402,132.419,132.402,208
2015-11-05 11:34:00,2015-11-05 11:35:00,132.383,132.382,132.388,132.371,132.402,132.401,132.409,132.393,214
2015-11-05 11:35:00,2015-11-05 11:36:00,132.382,132.37,132.381,132.368,132.401,132.393,132.401,132.39,153
2015-11-05 11:36:00,2015-11-05 11:37:00,132.37,132.383,132.388,132.366,132.393,132.404,132.41,132.388,199
2015-11-05 11:37:00,2015-11-05 11:38:00,132.383,132.364,132.397,132.364,132.404,132.385,132.418,132.385,242
2015-11-05 11:38:00,2015-11-05 11:39:00,132.364,132.387,132.396,132.364,132.385,132.41,132.417,132.385,287
2015-11-05 11:39:00,2015-11-05 11:40:00,132.387,132.372,132.402,132.361,132.41,132.394,132.425,132.383,339
2015-11-05 11:40:00,2015-11-05 11:41:00,132.372,132.421,132.422,132.37,132.394,132.441,132.444,132.391,334
2015-11-05 11:41:00,2015-11-05 11:42:00,132.421,132.432,132.452,132.408,132.441,132.454,132.473,132.43,419
2015-11-05 11:42:00,2015-11-05 11:43:00,132.432,132.449,132.462,132.432,132.454,132.47,132.484,132.453,449
2015-11-05 11:43:00,2015-11-05 11:44:00,132.449,132.484,132.484,132.445,132.47,132.503,132.504,132.467,674
2015-11-05 11:44:00,2015-11-05 11:45:00,132.484,132.47,132.488,132.458,132.503,132.489,132.51,132.477,863
2015-11-05 11:45:00,2015-11-05 11:46:00,132.47,132.499,132.507,132.467,132.489,132.521,132.529,132.489,312
2015-11-05 11:46:00,2015-11-05 11:47:00,132.499,132.505,132.509,132.492,132.521,132.527,132.531,132.514,232
2015-11-05 11:47:00,2015-11-05 11:48:00,132.505,132.495,132.506,132.477,132.527,132.516,132.528,132.499,248
2015-11-05 11:48:00,2015-11-05 11:49:00,132.495,132.508,132.509,132.484,132.516,132.528,132.528,132.506,163
2015-11-05 11:49:00,2015-11-05 11:50:00,132.508,132.498,132.511,132.49,132.528,132.52,132.53,132.513,212
2015-11-05 11:50:00,2015-11-05 11:51:00,132.498,132.495,132.5,132.492,132.52,132.516,132.521,132.514,115
2015-11-05 11:51:00,2015-11-05 11:52:00,132.495,132.499,132.512,132.49,132.516,132.519,132.533,132.513,186
2015-11-05 11:52:00,2015-11-05 11:53:00,132.499,132.498,132.511,132.497,132.519,132.519,132.534,132.519,309
2015-11-05 11:53:00,2015-11-05 11:54:00,132.498,132.497,132.506,132.489,132.519,132.52,132.527,132.51,196
2015-11-05 11:54:00,2015-11-05 11:55:00,132.497,132.504,132.526,132.496,132.52,132.526,132.546,132.518,330
2015-11-05 11:55:00,2015-11-05 11:56:00,132.504,132.524,132.528,132.504,132.526,132.547,132.55,132.526,159
2015-11-05 11:56:00,2015-11-05 11:57:00,132.524,132.532,132.537,132.523,132.547,132.553,132.559,132.545,137
2015-11-05 11:57:00,2015-11-05 11:58:00,132.532,132.558,132.558,132.528,132.553,132.58,132.581,132.55,250
2015-11-05 11:58:00,2015-11-05 11:59:00,132.558,132.591,132.592,132.558,132.58,132.614,132.615,132.579,284
2015-11-05 11:59:00,2015-11-05 12:00:00,132.591,132.664,132.664,132.563,132.614,132.687,132.687,132.583,1061
2015-11-05 12:00:00,2015-11-05 12:01:00,132.664,132.575,132.674,132.569,132.687,132.596,132.697,132.59,952
2015-11-05 12:01:00,2015-11-05 12:02:00,132.575,132.666,132.686,132.568,132.596,132.685,132.708,132.592,868
2015-11-05 12:02:00,2015-11-05 12:03:00,132.666,132.669,132.671,132.627,132.685,132.691,132.695,132.653,612
2015-11-05 12:03:00,2015-11-05 12:04:00,132.669,132.676,132.695,132.646,132.691,132.699,132.717,132.669,563
2015-11-05 12:04:00,2015-11-05 12:05:00,132.676,132.664,132.69,132.652,132.699,132.682,132.714,132.676,495
2015-11-05 12:05:00,2015-11-05 12:06:00,132.664,132.598,132.663,132.58,132.682,132.619,132.682,132.601,674
2015-11-05 12:06:00,2015-11-05 12:07:00,132.598,132.58,132.647,132.573,132.619,132.603,132.67,132.597,841
2015-11-05 12:07:00,2015-11-05 12:08:00,132.58,132.585,132.589,132.56,132.603,132.608,132.611,132.581,385
2015-11-05 12:08:00,2015-11-05 12:09:00,132.585,132.583,132.606,132.56,132.608,132.604,132.629,132.581,404
2015-11-05 12:09:00,2015-11-05 12:10:00,132.583,132.537,132.587,132.495,132.604,132.559,132.61,132.518,652
2015-11-05 12:10:00,2015-11-05 12:11:00,132.537,132.635,132.648,132.539,132.559,132.657,132.671,132.559,677
2015-11-05 12:11:00,2015-11-05 12:12:00,132.635,132.601,132.636,132.582,132.657,132.626,132.659,132.606,812
2015-11-05 12:12:00,2015-11-05 12:13:00,132.601,132.635,132.649,132.599,132.626,132.658,132.671,132.624,599
2015-11-05 12:13:00,2015-11-05 12:14:00,132.635,132.646,132.672,132.629,132.658,132.669,132.695,132.652,486
2015-11-05 12:14:00,2015-11-05 12:15:00,132.646,132.69,132.693,132.637,132.669,132.711,132.717,132.66,502
2015-11-05 12:15:00,2015-11-05 12:16:00,132.69,132.622,132.699,132.622,132.711,132.643,132.724,132.642,679
2015-11-05 12:16:00,2015-11-05 12:17:00,132.622,132.549,132.625,132.539,132.643,132.571,132.644,132.564,830
2015-11-05 12:17:00,2015-11-05 12:18:00,132.549,132.515,132.548,132.507,132.571,132.536,132.571,132.525,651
2015-11-05 12:18:00,2015-11-05 12:19:00,132.515,132.562,132.565,132.508,132.536,132.584,132.586,132.529,737
2015-11-05 12:19:00,2015-11-05 12:20:00,132.562,132.615,132.619,132.549,132.584,132.64,132.64,132.572,883
2015-11-05 12:20:00,2015-11-05 12:21:00,132.615,132.634,132.653,132.613,132.64,132.657,132.677,132.637,678
2015-11-05 12:21:00,2015-11-05 12:22:00,132.634,132.638,132.646,132.624,132.657,132.662,132.669,132.647,453
2015-11-05 12:22:00,2015-11-05 12:23:00,132.638,132.59,132.644,132.582,132.662,132.611,132.667,132.604,347
2015-11-05 12:23:00,2015-11-05 12:24:00,132.59,132.61,132.635,132.587,132.611,132.632,132.658,132.608,463
2015-11-05 12:24:00,2015-11-05 12:25:00,132.61,132.65,132.659,132.61,132.632,132.672,132.682,132.631,510
2015-11-05 12:25:00,2015-11-05 12:26:00,132.65,132.604,132.654,132.597,132.672,132.627,132.675,132.615,289
2015-11-05 12:26:00,2015-11-05 12:27:00,132.604,132.605,132.62,132.601,132.627,132.626,132.642,132.622,340
2015-11-05 12:27:00,2015-11-05 12:28:00,132.605,132.574,132.608,132.569,132.626,132.597,132.63,132.589,413
2015-11-05 12:28:00,2015-11-05 12:29:00,132.574,132.589,132.595,132.57,132.597,132.612,132.619,132.593,395
2015-11-05 12:29:00,2015-11-05 12:30:00,132.589,132.577,132.598,132.573,132.612,132.599,132.618,132.594,335
2015-11-05 12:30:00,2015-11-05 12:31:00,132.577,132.595,132.612,132.576,132.599,132.618,132.632,132.599,282
2015-11-05 12:31:00,2015-11-05 12:32:00,132.595,132.593,132.614,132.583,132.618,132.616,132.636,132.605,386
2015-11-05 12:32:00,2015-11-05 12:33:00,132.593,132.576,132.599,132.573,132.616,132.597,132.621,132.595,278
2015-11-05 12:33:00,2015-11-05 12:34:00,132.576,132.53,132.581,132.527,132.597,132.549,132.603,132.548,361
2015-11-05 12:34:00,2015-11-05 12:35:00,132.53,132.51,132.544,132.508,132.549,132.529,132.565,132.529,301
2015-11-05 12:35:00,2015-11-05 12:36:00,132.51,132.5,132.523,132.498,132.529,132.522,132.542,132.518,350
2015-11-05 12:36:00,2015-11-05 12:37:00,132.5,132.508,132.523,132.499,132.522,132.531,132.544,132.521,243
2015-11-05 12:37:00,2015-11-05 12:38:00,132.508,132.512,132.52,132.505,132.531,132.537,132.543,132.526,338
2015-11-05 12:38:00,2015-11-05 12:39:00,132.512,132.502,132.535,132.499,132.537,132.523,132.558,132.518,401
2015-11-05 12:39:00,2015-11-05 12:40:00,132.502,132.488,132.509,132.471,132.523,132.51,132.532,132.493,350
2015-11-05 12:40:00,2015-11-05 12:41:00,132.488,132.543,132.547,132.477,132.51,132.565,132.568,132.499,331
2015-11-05 12:41:00,2015-11-05 12:42:00,132.543,132.537,132.545,132.524,132.565,132.559,132.569,132.547,397
2015-11-05 12:42:00,2015-11-05 12:43:00,132.537,132.545,132.55,132.528,132.559,132.569,132.572,132.547,359
2015-11-05 12:43:00,2015-11-05 12:44:00,132.545,132.556,132.56,132.53,132.569,132.578,132.58,132.553,226
2015-11-05 12:44:00,2015-11-05 12:45:00,132.556,132.592,132.593,132.548,132.578,132.611,132.612,132.57,419
2015-11-05 12:45:00,2015-11-05 12:46:00,132.592,132.608,132.622,132.591,132.611,132.631,132.642,132.609,291
2015-11-05 12:46:00,2015-11-05 12:47:00,132.608,132.597,132.616,132.596,132.631,132.619,132.639,132.618,306
2015-11-05 12:47:00,2015-11-05 12:48:00,132.597,132.583,132.611,132.576,132.619,132.604,132.633,132.6,327
2015-11-05 12:48:00,2015-11-05 12:49:00,132.583,132.581,132.597,132.573,132.604,132.603,132.619,132.596,303
2015-11-05 12:49:00,2015-11-05 12:50:00,132.581,132.562,132.587,132.555,132.603,132.584,132.611,132.577,442
2015-11-05 12:50:00,2015-11-05 12:51:00,132.562,132.564,132.587,132.559,132.584,132.587,132.608,132.579,416
2015-11-05 12:51:00,2015-11-05 12:52:00,132.564,132.566,132.585,132.558,132.587,132.587,132.606,132.581,445
2015-11-05 12:52:00,2015-11-05 12:53:00,132.566,132.586,132.59,132.562,132.587,132.605,132.612,132.581,360
2015-11-05 12:53:00,2015-11-05 12:54:00,132.586,132.597,132.609,132.587,132.605,132.618,132.631,132.605,302
2015-11-05 12:54:00,2015-11-05 12:55:00,132.597,132.634,132.645,132.592,132.618,132.656,132.667,132.612,341
2015-11-05 12:55:00,2015-11-05 12:56:00,132.634,132.66,132.663,132.624,132.656,132.682,132.687,132.647,441
2015-11-05 12:56:00,2015-11-05 12:57:00,132.66,132.606,132.66,132.599,132.682,132.629,132.682,132.621,485
2015-11-05 12:57:00,2015-11-05 12:58:00,132.606,132.603,132.629,132.603,132.629,132.626,132.653,132.626,408
2015-11-05 12:58:00,2015-11-05 12:59:00,132.603,132.597,132.616,132.587,132.626,132.619,132.635,132.606,328
2015-11-05 12:59:00,2015-11-05 13:00:00,132.597,132.636,132.636,132.582,132.619,132.658,132.658,132.604,461
2015-11-05 13:00:00,2015-11-05 13:01:00,132.636,132.606,132.637,132.601,132.658,132.626,132.658,132.618,400
2015-11-05 13:01:00,2015-11-05 13:02:00,132.606,132.593,132.609,132.569,132.626,132.613,132.628,132.587,336
2015-11-05 13:02:00,2015-11-05 13:03:00,132.593,132.587,132.597,132.567,132.613,132.607,132.619,132.588,395
2015-11-05 13:03:00,2015-11-05 13:04:00,132.587,132.584,132.597,132.568,132.607,132.606,132.619,132.589,321
2015-11-05 13:04:00,2015-11-05 13:05:00,132.584,132.593,132.597,132.576,132.606,132.616,132.62,132.595,379
2015-11-05 13:05:00,2015-11-05 13:06:00,132.593,132.607,132.613,132.586,132.616,132.629,132.635,132.609,415
2015-11-05 13:06:00,2015-11-05 13:07:00,132.607,132.627,132.643,132.598,132.629,132.648,132.662,132.62,330
2015-11-05 13:07:00,2015-11-05 13:08:00,132.627,132.653,132.655,132.626,132.648,132.674,132.677,132.647,339
2015-11-05 13:08:00,2015-11-05 13:09:00,132.653,132.676,132.687,132.639,132.674,132.697,132.708,132.662,422
2015-11-05 13:09:00,2015-11-05 13:10:00,132.676,132.641,132.676,132.639,132.697,132.663,132.697,132.661,503
2015-11-05 13:10:00,2015-11-05 13:11:00,132.641,132.65,132.652,132.634,132.663,132.673,132.673,132.652,274
2015-11-05 13:11:00,2015-11-05 13:12:00,132.65,132.643,132.658,132.638,132.673,132.666,132.68,132.658,561
2015-11-05 13:12:00,2015-11-05 13:13:00,132.643,132.648,132.665,132.642,132.666,132.671,132.688,132.665,373
2015-11-05 13:13:00,2015-11-05 13:14:00,132.648,132.643,132.655,132.632,132.671,132.663,132.674,132.654,388
2015-11-05 13:14:00,2015-11-05 13:15:00,132.643,132.642,132.654,132.628,132.663,132.664,132.676,132.65,348
2015-11-05 13:15:00,2015-11-05 13:16:00,132.642,132.633,132.648,132.632,132.664,132.654,132.67,132.653,288
2015-11-05 13:16:00,2015-11-05 13:17:00,132.633,132.624,132.635,132.622,132.654,132.642,132.658,132.642,311
2015-11-05 13:17:00,2015-11-05 13:18:00,132.624,132.646,132.646,132.621,132.642,132.668,132.668,132.642,373
2015-11-05 13:18:00,2015-11-05 13:19:00,132.646,132.661,132.669,132.639,132.668,132.682,132.689,132.661,445
2015-11-05 13:19:00,2015-11-05 13:20:00,132.661,132.7,132.716,132.66,132.682,132.723,132.737,132.681,543
2015-11-05 13:20:00,2015-11-05 13:21:00,132.7,132.63,132.701,132.626,132.723,132.652,132.724,132.646,621
2015-11-05 13:21:00,2015-11-05 13:22:00,132.63,132.598,132.645,132.579,132.652,132.621,132.667,132.598,499
2015-11-05 13:22:00,2015-11-05 13:23:00,132.598,132.607,132.622,132.587,132.621,132.631,132.645,132.607,508
2015-11-05 13:23:00,2015-11-05 13:24:00,132.607,132.595,132.618,132.591,132.631,132.615,132.64,132.61,475
2015-11-05 13:24:00,2015-11-05 13:25:00,132.595,132.637,132.643,132.592,132.615,132.661,132.666,132.613,358
2015-11-05 13:25:00,2015-11-05 13:26:00,132.637,132.595,132.637,132.595,132.661,132.62,132.66,132.617,322
2015-11-05 13:26:00,2015-11-05 13:27:00,132.595,132.56,132.609,132.537,132.62,132.581,132.632,132.559,385
2015-11-05 13:27:00,2015-11-05 13:28:00,132.56,132.569,132.583,132.56,132.581,132.588,132.602,132.581,325
2015-11-05 13:28:00,2015-11-05 13:29:00,132.569,132.537,132.624,132.537,132.588,132.62,132.65,132.575,489
2015-11-05 13:29:00,2015-11-05 13:30:00,132.537,132.587,132.68,132.537,132.62,132.614,132.726,132.607,1548
2015-11-05 13:30:00,2015-11-05 13:31:00,132.587,132.516,132.591,132.516,132.614,132.54,132.615,132.54,785
2015-11-05 13:31:00,2015-11-05 13:32:00,132.516,132.499,132.536,132.48,132.54,132.521,132.56,132.506,883
2015-11-05 13:32:00,2015-11-05 13:33:00,132.499,132.472,132.518,132.459,132.521,132.494,132.539,132.48,639
2015-11-05 13:33:00,2015-11-05 13:34:00,132.472,132.484,132.488,132.437,132.494,132.505,132.51,132.458,549
2015-11-05 13:34:00,2015-11-05 13:35:00,132.484,132.475,132.496,132.459,132.505,132.495,132.517,132.48,487
2015-11-05 13:35:00,2015-11-05 13:36:00,132.475,132.448,132.478,132.446,132.495,132.472,132.5,132.467,294
2015-11-05 13:36:00,2015-11-05 13:37:00,132.448,132.413,132.463,132.413,132.472,132.434,132.485,132.434,702
2015-11-05 13:37:00,2015-11-05 13:38:00,132.413,132.449,132.458,132.411,132.434,132.471,132.477,132.433,523
2015-11-05 13:38:00,2015-11-05 13:39:00,132.449,132.479,132.481,132.428,132.471,132.499,132.499,132.45,382
2015-11-05 13:39:00,2015-11-05 13:40:00,132.479,132.45,132.485,132.449,132.499,132.471,132.506,132.469,558
2015-11-05 13:40:00,2015-11-05 13:41:00,132.45,132.458,132.458,132.434,132.471,132.479,132.479,132.455,401
2015-11-05 13:41:00,2015-11-05 13:42:00,132.458,132.436,132.505,132.435,132.479,132.46,132.524,132.457,418
2015-11-05 13:42:00,2015-11-05 13:43:00,132.436,132.373,132.437,132.348,132.46,132.395,132.459,132.371,702
2015-11-05 13:43:00,2015-11-05 13:44:00,132.373,132.436,132.459,132.364,132.395,132.458,132.479,132.386,654
2015-11-05 13:44:00,2015-11-05 13:45:00,132.436,132.442,132.447,132.424,132.458,132.465,132.469,132.446,334
2015-11-05 13:45:00,2015-11-05 13:46:00,132.442,132.443,132.454,132.417,132.465,132.462,132.474,132.438,634
2015-11-05 13:46:00,2015-11-05 13:47:00,132.443,132.414,132.446,132.401,132.462,132.436,132.468,132.421,449
2015-11-05 13:47:00,2015-11-05 13:48:00,132.414,132.402,132.426,132.397,132.436,132.423,132.448,132.418,383
2015-11-05 13:48:00,2015-11-05 13:49:00,132.402,132.39,132.403,132.375,132.423,132.412,132.423,132.398,335
2015-11-05 13:49:00,2015-11-05 13:50:00,132.39,132.409,132.417,132.378,132.412,132.43,132.438,132.399,483
2015-11-05 13:50:00,2015-11-05 13:51:00,132.409,132.446,132.446,132.408,132.43,132.468,132.469,132.428,410
2015-11-05 13:51:00,2015-11-05 13:52:00,132.446,132.418,132.454,132.405,132.468,132.436,132.476,132.426,344
2015-11-05 13:52:00,2015-11-05 13:53:00,132.418,132.415,132.44,132.414,132.436,132.436,132.461,132.436,377
2015-11-05 13:53:00,2015-11-05 13:54:00,132.415,132.471,132.471,132.404,132.436,132.492,132.492,132.425,411
2015-11-05 13:54:00,2015-11-05 13:55:00,132.471,132.467,132.508,132.455,132.492,132.487,132.528,132.473,769
2015-11-05 13:55:00,2015-11-05 13:56:00,132.467,132.424,132.467,132.416,132.487,132.446,132.487,132.436,489
2015-11-05 13:56:00,2015-11-05 13:57:00,132.424,132.413,132.428,132.396,132.446,132.431,132.45,132.414,473
2015-11-05 13:57:00,2015-11-05 13:58:00,132.413,132.411,132.421,132.391,132.431,132.433,132.441,132.412,508
2015-11-05 13:58:00,2015-11-05 13:59:00,132.411,132.388,132.411,132.373,132.433,132.409,132.434,132.395,460
2015-11-05 13:59:00,2015-11-05 14:00:00,132.388,132.389,132.393,132.358,132.409,132.408,132.414,132.38,421
2015-11-05 14:00:00,2015-11-05 14:01:00,132.389,132.362,132.398,132.362,132.408,132.383,132.416,132.383,544
2015-11-05 14:01:00,2015-11-05 14:02:00,132.362,132.41,132.417,132.361,132.383,132.434,132.439,132.382,397
2015-11-05 14:02:00,2015-11-05 14:03:00,132.41,132.383,132.431,132.383,132.434,132.405,132.454,132.405,519
2015-11-05 14:03:00,2015-11-05 14:04:00,132.383,132.387,132.391,132.362,132.405,132.409,132.413,132.382,405
2015-11-05 14:04:00,2015-11-05 14:05:00,132.387,132.411,132.411,132.377,132.409,132.432,132.432,132.399,274
2015-11-05 14:05:00,2015-11-05 14:06:00,132.411,132.401,132.411,132.388,132.432,132.423,132.434,132.41,251
2015-11-05 14:06:00,2015-11-05 14:07:00,132.401,132.492,132.495,132.392,132.423,132.513,132.516,132.415,689
2015-11-05 14:07:00,2015-11-05 14:08:00,132.492,132.431,132.496,132.429,132.513,132.449,132.519,132.449,636
2015-11-05 14:08:00,2015-11-05 14:09:00,132.431,132.424,132.44,132.407,132.449,132.444,132.463,132.428,516
2015-11-05 14:09:00,2015-11-05 14:10:00,132.424,132.408,132.425,132.386,132.444,132.43,132.447,132.407,527
2015-11-05 14:10:00,2015-11-05 14:11:00,132.408,132.43,132.431,132.4,132.43,132.452,132.453,132.422,319
2015-11-05 14:11:00,2015-11-05 14:12:00,132.43,132.439,132.448,132.409,132.452,132.461,132.47,132.432,506
2015-11-05 14:12:00,2015-11-05 14:13:00,132.439,132.414,132.44,132.401,132.461,132.437,132.462,132.423,395
2015-11-05 14:13:00,2015-11-05 14:14:00,132.414,132.432,132.44,132.406,132.437,132.454,132.459,132.429,372
2015-11-05 14:14:00,2015-11-05 14:15:00,132.432,132.407,132.435,132.406,132.454,132.428,132.456,132.427,395
2015-11-05 14:15:00,2015-11-05 14:16:00,132.407,132.408,132.409,132.391,132.428,132.431,132.431,132.414,392
2015-11-05 14:16:00,2015-11-05 14:17:00,132.408,132.37,132.414,132.356,132.431,132.391,132.437,132.379,407
2015-11-05 14:17:00,2015-11-05 14:18:00,132.37,132.374,132.39,132.368,132.391,132.395,132.412,132.39,478
2015-11-05 14:18:00,2015-11-05 14:19:00,132.374,132.387,132.405,132.368,132.395,132.41,132.429,132.39,377
2015-11-05 14:19:00,2015-11-05 14:20:00,132.387,132.41,132.418,132.372,132.41,132.432,132.439,132.395,425
2015-11-05 14:20:00,2015-11-05 14:21:00,132.41,132.417,132.427,132.4,132.432,132.434,132.447,132.422,409
2015-11-05 14:21:00,2015-11-05 14:22:00,132.417,132.432,132.438,132.41,132.434,132.453,132.457,132.433,363
2015-11-05 14:22:00,2015-11-05 14:23:00,132.432,132.429,132.439,132.426,132.453,132.451,132.46,132.448,205
2015-11-05 14:23:00,2015-11-05 14:24:00,132.429,132.438,132.447,132.429,132.451,132.46,132.469,132.451,233
2015-11-05 14:24:00,2015-11-05 14:25:00,132.438,132.417,132.441,132.416,132.46,132.44,132.463,132.438,341
2015-11-05 14:25:00,2015-11-05 14:26:00,132.417,132.396,132.418,132.385,132.44,132.418,132.44,132.407,360
2015-11-05 14:26:00,2015-11-05 14:27:00,132.396,132.398,132.411,132.391,132.418,132.42,132.433,132.412,294
2015-11-05 14:27:00,2015-11-05 14:28:00,132.398,132.424,132.432,132.386,132.42,132.446,132.455,132.408,552
2015-11-05 14:28:00,2015-11-05 14:29:00,132.424,132.452,132.457,132.425,132.446,132.473,132.479,132.446,509
2015-11-05 14:29:00,2015-11-05 14:30:00,132.452,132.46,132.476,132.444,132.473,132.482,132.495,132.464,493
2015-11-05 14:30:00,2015-11-05 14:31:00,132.46,132.461,132.468,132.45,132.482,132.484,132.49,132.472,554
2015-11-05 14:31:00,2015-11-05 14:32:00,132.461,132.464,132.472,132.453,132.484,132.487,132.493,132.476,563
2015-11-05 14:32:00,2015-11-05 14:33:00,132.464,132.479,132.499,132.46,132.487,132.503,132.521,132.484,608
2015-11-05 14:33:00,2015-11-05 14:34:00,132.479,132.478,132.485,132.459,132.503,132.501,132.507,132.481,558
2015-11-05 14:34:00,2015-11-05 14:35:00,132.478,132.462,132.478,132.461,132.501,132.484,132.499,132.483,561
2015-11-05 14:35:00,2015-11-05 14:36:00,132.462,132.477,132.48,132.46,132.484,132.498,132.502,132.48,440
2015-11-05 14:36:00,2015-11-05 14:37:00,132.477,132.471,132.476,132.459,132.498,132.493,132.499,132.482,327
2015-11-05 14:37:00,2015-11-05 14:38:00,132.471,132.461,132.474,132.452,132.493,132.481,132.496,132.474,408
2015-11-05 14:38:00,2015-11-05 14:39:00,132.461,132.451,132.464,132.443,132.481,132.474,132.485,132.464,434
2015-11-05 14:39:00,2015-11-05 14:40:00,132.451,132.48,132.485,132.444,132.474,132.502,132.506,132.467,531
2015-11-05 14:40:00,2015-11-05 14:41:00,132.48,132.492,132.512,132.481,132.502,132.514,132.534,132.502,545
2015-11-05 14:41:00,2015-11-05 14:42:00,132.492,132.498,132.504,132.48,132.514,132.521,132.527,132.503,569
2015-11-05 14:42:00,2015-11-05 14:43:00,132.498,132.482,132.499,132.469,132.521,132.504,132.521,132.493,469
2015-11-05 14:43:00,2015-11-05 14:44:00,132.482,132.449,132.486,132.449,132.504,132.471,132.508,132.471,517
2015-11-05 14:44:00,2015-11-05 14:45:00,132.449,132.453,132.462,132.417,132.471,132.473,132.482,132.441,485
2015-11-05 14:45:00,2015-11-05 14:46:00,132.453,132.459,132.484,132.45,132.473,132.48,132.507,132.473,525
2015-11-05 14:46:00,2015-11-05 14:47:00,132.459,132.427,132.463,132.423,132.48,132.447,132.487,132.441,578
2015-11-05 14:47:00,2015-11-05 14:48:00,132.427,132.429,132.453,132.417,132.447,132.452,132.475,132.44,542
2015-11-05 14:48:00,2015-11-05 14:49:00,132.429,132.424,132.437,132.416,132.452,132.446,132.459,132.437,440
2015-11-05 14:49:00,2015-11-05 14:50:00,132.424,132.43,132.453,132.413,132.446,132.452,132.476,132.436,589
2015-11-05 14:50:00,2015-11-05 14:51:00,132.43,132.42,132.44,132.407,132.452,132.443,132.462,132.43,507
2015-11-05 14:51:00,2015-11-05 14:52:00,132.42,132.437,132.445,132.419,132.443,132.459,132.469,132.441,541
2015-11-05 14:52:00,2015-11-05 14:53:00,132.437,132.43,132.443,132.423,132.459,132.451,132.466,132.443,464
2015-11-05 14:53:00,2015-11-05 14:54:00,132.43,132.427,132.434,132.419,132.451,132.45,132.457,132.442,415
2015-11-05 14:54:00,2015-11-05 14:55:00,132.427,132.434,132.438,132.423,132.45,132.455,132.46,132.443,396
2015-11-05 14:55:00,2015-11-05 14:56:00,132.434,132.421,132.45,132.417,132.455,132.443,132.474,132.438,434
2015-11-05 14:56:00,2015-11-05 14:57:00,132.421,132.409,132.428,132.398,132.443,132.431,132.45,132.418,421
2015-11-05 14:57:00,2015-11-05 14:58:00,132.409,132.397,132.41,132.393,132.431,132.42,132.433,132.415,342
2015-11-05 14:58:00,2015-11-05 14:59:00,132.397,132.377,132.404,132.375,132.42,132.4,132.428,132.398,495
2015-11-05 14:59:00,2015-11-05 15:00:00,132.377,132.362,132.389,132.361,132.4,132.38,132.409,132.379,560
2015-11-05 15:00:00,2015-11-05 15:01:00,132.362,132.374,132.382,132.357,132.38,132.395,132.404,132.379,460
2015-11-05 15:01:00,2015-11-05 15:02:00,132.374,132.389,132.389,132.357,132.395,132.411,132.411,132.378,376
2015-11-05 15:02:00,2015-11-05 15:03:00,132.389,132.33,132.388,132.329,132.411,132.351,132.411,132.349,415
2015-11-05 15:03:00,2015-11-05 15:04:00,132.33,132.326,132.355,132.321,132.351,132.346,132.375,132.336,487
2015-11-05 15:04:00,2015-11-05 15:05:00,132.326,132.33,132.335,132.315,132.346,132.351,132.357,132.336,421
2015-11-05 15:05:00,2015-11-05 15:06:00,132.33,132.335,132.353,132.327,132.351,132.358,132.375,132.346,430
2015-11-05 15:06:00,2015-11-05 15:07:00,132.335,132.356,132.365,132.331,132.358,132.376,132.384,132.351,417
2015-11-05 15:07:00,2015-11-05 15:08:00,132.356,132.321,132.368,132.305,132.376,132.338,132.387,132.327,437
2015-11-05 15:08:00,2015-11-05 15:09:00,132.321,132.293,132.321,132.282,132.338,132.313,132.337,132.304,440
2015-11-05 15:09:00,2015-11-05 15:10:00,132.293,132.274,132.296,132.271,132.313,132.295,132.319,132.292,461
2015-11-05 15:10:00,2015-11-05 15:11:00,132.274,132.288,132.288,132.262,132.295,132.311,132.311,132.283,349
2015-11-05 15:11:00,2015-11-05 15:12:00,132.288,132.267,132.288,132.243,132.311,132.288,132.311,132.262,490
2015-11-05 15:12:00,2015-11-05 15:13:00,132.267,132.272,132.287,132.265,132.288,132.293,132.305,132.284,564
2015-11-05 15:13:00,2015-11-05 15:14:00,132.272,132.254,132.283,132.246,132.293,132.274,132.306,132.268,456
2015-11-05 15:14:00,2015-11-05 15:15:00,132.254,132.258,132.259,132.207,132.274,132.28,132.282,132.227,543
2015-11-05 15:15:00,2015-11-05 15:16:00,132.258,132.264,132.266,132.239,132.28,132.286,132.288,132.262,429
2015-11-05 15:16:00,2015-11-05 15:17:00,132.264,132.293,132.295,132.262,132.286,132.317,132.317,132.283,371
2015-11-05 15:17:00,2015-11-05 15:18:00,132.293,132.287,132.315,132.286,132.317,132.308,132.335,132.308,481
2015-11-05 15:18:00,2015-11-05 15:19:00,132.287,132.241,132.301,132.241,132.308,132.26,132.323,132.26,733
2015-11-05 15:19:00,2015-11-05 15:20:00,132.241,132.215,132.25,132.213,132.26,132.233,132.27,132.232,536
2015-11-05 15:20:00,2015-11-05 15:21:00,132.215,132.255,132.255,132.214,132.233,132.275,132.275,132.234,454
2015-11-05 15:21:00,2015-11-05 15:22:00,132.255,132.237,132.256,132.22,132.275,132.258,132.279,132.24,470
2015-11-05 15:22:00,2015-11-05 15:23:00,132.237,132.226,132.244,132.224,132.258,132.248,132.266,132.245,375
2015-11-05 15:23:00,2015-11-05 15:24:00,132.226,132.2,132.231,132.191,132.248,132.221,132.253,132.213,447
2015-11-05 15:24:00,2015-11-05 15:25:00,132.2,132.198,132.212,132.19,132.221,132.222,132.233,132.211,447
2015-11-05 15:25:00,2015-11-05 15:26:00,132.198,132.167,132.2,132.146,132.222,132.187,132.222,132.166,725
2015-11-05 15:26:00,2015-11-05 15:27:00,132.167,132.173,132.184,132.161,132.187,132.194,132.206,132.179,556
2015-11-05 15:27:00,2015-11-05 15:28:00,132.173,132.198,132.204,132.17,132.194,132.22,132.224,132.192,462
2015-11-05 15:28:00,2015-11-05 15:29:00,132.198,132.186,132.213,132.183,132.22,132.209,132.234,132.2,553
2015-11-05 15:29:00,2015-11-05 15:30:00,132.186,132.166,132.197,132.152,132.209,132.186,132.217,132.174,625
2015-11-05 15:30:00,2015-11-05 15:31:00,132.166,132.172,132.179,132.147,132.186,132.193,132.197,132.168,585
2015-11-05 15:31:00,2015-11-05 15:32:00,132.172,132.136,132.185,132.129,132.193,132.157,132.206,132.151,540
2015-11-05 15:32:00,2015-11-05 15:33:00,132.136,132.131,132.144,132.101,132.157,132.153,132.168,132.122,563
2015-11-05 15:33:00,2015-11-05 15:34:00,132.131,132.173,132.181,132.131,132.153,132.193,132.2,132.152,477
2015-11-05 15:34:00,2015-11-05 15:35:00,132.173,132.163,132.193,132.162,132.193,132.187,132.214,132.185,491
2015-11-05 15:35:00,2015-11-05 15:36:00,132.163,132.186,132.187,132.152,132.187,132.207,132.208,132.175,382
2015-11-05 15:36:00,2015-11-05 15:37:00,132.186,132.163,132.187,132.158,132.207,132.186,132.209,132.18,340
2015-11-05 15:37:00,2015-11-05 15:38:00,132.163,132.183,132.187,132.157,132.186,132.203,132.208,132.179,352
2015-11-05 15:38:00,2015-11-05 15:39:00,132.183,132.157,132.185,132.152,132.203,132.178,132.206,132.175,555
2015-11-05 15:39:00,2015-11-05 15:40:00,132.157,132.107,132.158,132.107,132.178,132.127,132.179,132.127,521
2015-11-05 15:40:00,2015-11-05 15:41:00,132.107,132.085,132.122,132.082,132.127,132.106,132.142,132.101,740
2015-11-05 15:41:00,2015-11-05 15:42:00,132.085,132.101,132.109,132.086,132.106,132.123,132.13,132.106,410
2015-11-05 15:42:00,2015-11-05 15:43:00,132.101,132.1,132.108,132.091,132.123,132.122,132.131,132.111,514
2015-11-05 15:43:00,2015-11-05 15:44:00,132.1,132.065,132.106,132.064,132.122,132.085,132.128,132.083,438
2015-11-05 15:44:00,2015-11-05 15:45:00,132.065,132.056,132.074,132.048,132.085,132.078,132.096,132.068,435
2015-11-05 15:45:00,2015-11-05 15:46:00,132.056,132.051,132.063,132.039,132.078,132.074,132.084,132.059,484
2015-11-05 15:46:00,2015-11-05 15:47:00,132.051,132.042,132.063,132.041,132.074,132.063,132.084,132.063,431
2015-11-05 15:47:00,2015-11-05 15:48:00,132.042,132.09,132.102,132.041,132.063,132.114,132.124,132.063,555
2015-11-05 15:48:00,2015-11-05 15:49:00,132.09,132.098,132.106,132.088,132.114,132.119,132.128,132.108,399
2015-11-05 15:49:00,2015-11-05 15:50:00,132.098,132.104,132.116,132.085,132.119,132.127,132.137,132.104,355
2015-11-05 15:50:00,2015-11-05 15:51:00,132.104,132.116,132.12,132.087,132.127,132.138,132.142,132.108,520
2015-11-05 15:51:00,2015-11-05 15:52:00,132.116,132.142,132.154,132.102,132.138,132.161,132.171,132.126,397
2015-11-05 15:52:00,2015-11-05 15:53:00,132.142,132.132,132.145,132.125,132.161,132.155,132.163,132.148,350
2015-11-05 15:53:00,2015-11-05 15:54:00,132.132,132.129,132.134,132.121,132.155,132.15,132.156,132.144,328
2015-11-05 15:54:00,2015-11-05 15:55:00,132.129,132.099,132.13,132.092,132.15,132.123,132.153,132.113,511
2015-11-05 15:55:00,2015-11-05 15:56:00,132.099,132.09,132.109,132.077,132.123,132.108,132.128,132.098,394
2015-11-05 15:56:00,2015-11-05 15:57:00,132.09,132.07,132.101,132.063,132.108,132.091,132.123,132.082,593
2015-11-05 15:57:00,2015-11-05 15:58:00,132.07,132.043,132.072,132.04,132.091,132.063,132.095,132.061,481
2015-11-05 15:58:00,2015-11-05 15:59:00,132.043,132.072,132.087,132.038,132.063,132.093,132.108,132.058,739
2015-11-05 15:59:00,2015-11-05 16:00:00,132.072,132.048,132.077,132.046,132.093,132.067,132.099,132.064,698
2015-11-05 16:00:00,2015-11-05 16:01:00,132.048,132.01,132.051,131.988,132.067,132.031,132.068,132.008,491
2015-11-05 16:01:00,2015-11-05 16:02:00,132.01,132.029,132.044,132.01,132.031,132.051,132.065,132.031,444
2015-11-05 16:02:00,2015-11-05 16:03:00,132.029,132.023,132.031,132.015,132.051,132.046,132.051,132.036,274
2015-11-05 16:03:00,2015-11-05 16:04:00,132.023,132.099,132.099,132.02,132.046,132.12,132.12,132.043,488
2015-11-05 16:04:00,2015-11-05 16:05:00,132.099,132.097,132.12,132.092,132.12,132.118,132.141,132.114,453
2015-11-05 16:05:00,2015-11-05 16:06:00,132.097,132.096,132.112,132.071,132.118,132.119,132.134,132.093,532
2015-11-05 16:06:00,2015-11-05 16:07:00,132.096,132.117,132.122,132.096,132.119,132.141,132.143,132.117,350
2015-11-05 16:07:00,2015-11-05 16:08:00,132.117,132.109,132.129,132.107,132.141,132.132,132.15,132.128,310
2015-11-05 16:08:00,2015-11-05 16:09:00,132.109,132.144,132.144,132.107,132.132,132.162,132.166,132.128,377
2015-11-05 16:09:00,2015-11-05 16:10:00,132.144,132.144,132.154,132.11,132.162,132.167,132.177,132.13,506
2015-11-05 16:10:00,2015-11-05 16:11:00,132.144,132.163,132.166,132.143,132.167,132.183,132.185,132.167,366
2015-11-05 16:11:00,2015-11-05 16:12:00,132.163,132.184,132.193,132.153,132.183,132.205,132.215,132.176,387
2015-11-05 16:12:00,2015-11-05 16:13:00,132.184,132.178,132.196,132.177,132.205,132.201,132.218,132.198,343
2015-11-05 16:13:00,2015-11-05 16:14:00,132.178,132.191,132.197,132.175,132.201,132.215,132.218,132.197,351
2015-11-05 16:14:00,2015-11-05 16:15:00,132.191,132.193,132.196,132.175,132.215,132.216,132.219,132.197,437
2015-11-05 16:15:00,2015-11-05 16:16:00,132.193,132.195,132.197,132.174,132.216,132.218,132.218,132.196,325
2015-11-05 16:16:00,2015-11-05 16:17:00,132.195,132.187,132.199,132.176,132.218,132.209,132.221,132.197,463
2015-11-05 16:17:00,2015-11-05 16:18:00,132.187,132.24,132.24,132.187,132.209,132.257,132.257,132.209,366
2015-11-05 16:18:00,2015-11-05 16:19:00,132.24,132.25,132.274,132.24,132.257,132.272,132.295,132.257,367
2015-11-05 16:19:00,2015-11-05 16:20:00,132.25,132.237,132.265,132.237,132.272,132.26,132.287,132.259,360
2015-11-05 16:20:00,2015-11-05 16:21:00,132.237,132.23,132.248,132.228,132.26,132.251,132.269,132.248,372
2015-11-05 16:21:00,2015-11-05 16:22:00,132.23,132.232,132.246,132.225,132.251,132.253,132.266,132.247,354
2015-11-05 16:22:00,2015-11-05 16:23:00,132.232,132.232,132.24,132.228,132.253,132.255,132.262,132.248,306
2015-11-05 16:23:00,2015-11-05 16:24:00,132.232,132.233,132.238,132.224,132.255,132.256,132.26,132.246,312
2015-11-05 16:24:00,2015-11-05 16:25:00,132.233,132.257,132.265,132.225,132.256,132.274,132.282,132.246,331
2015-11-05 16:25:00,2015-11-05 16:26:00,132.257,132.25,132.259,132.223,132.274,132.272,132.279,132.242,420
2015-11-05 16:26:00,2015-11-05 16:27:00,132.25,132.224,132.257,132.221,132.272,132.245,132.277,132.242,395
2015-11-05 16:27:00,2015-11-05 16:28:00,132.224,132.238,132.24,132.208,132.245,132.259,132.262,132.229,313
2015-11-05 16:28:00,2015-11-05 16:29:00,132.238,132.268,132.27,132.233,132.259,132.289,132.29,132.255,340
2015-11-05 16:29:00,2015-11-05 16:30:00,132.268,132.258,132.27,132.253,132.289,132.28,132.292,132.274,325
2015-11-05 16:30:00,2015-11-05 16:31:00,132.258,132.233,132.261,132.232,132.28,132.254,132.283,132.254,280
2015-11-05 16:31:00,2015-11-05 16:32:00,132.233,132.207,132.235,132.204,132.254,132.229,132.255,132.224,330
2015-11-05 16:32:00,2015-11-05 16:33:00,132.207,132.213,132.214,132.202,132.229,132.235,132.235,132.223,302
2015-11-05 16:33:00,2015-11-05 16:34:00,132.213,132.216,132.222,132.204,132.235,132.238,132.243,132.224,386
2015-11-05 16:34:00,2015-11-05 16:35:00,132.216,132.225,132.241,132.207,132.238,132.245,132.263,132.228,370
2015-11-05 16:35:00,2015-11-05 16:36:00,132.225,132.226,132.236,132.221,132.245,132.248,132.26,132.242,344
2015-11-05 16:36:00,2015-11-05 16:37:00,132.226,132.223,132.227,132.212,132.248,132.245,132.249,132.234,326
2015-11-05 16:37:00,2015-11-05 16:38:00,132.223,132.216,132.225,132.21,132.245,132.238,132.246,132.233,308
2015-11-05 16:38:00,2015-11-05 16:39:00,132.216,132.225,132.226,132.211,132.238,132.247,132.248,132.234,246
2015-11-05 16:39:00,2015-11-05 16:40:00,132.225,132.263,132.267,132.22,132.247,132.286,132.289,132.243,400
2015-11-05 16:40:00,2015-11-05 16:41:00,132.263,132.264,132.269,132.257,132.286,132.285,132.289,132.281,242
2015-11-05 16:41:00,2015-11-05 16:42:00,132.264,132.27,132.275,132.26,132.285,132.292,132.296,132.279,258
2015-11-05 16:42:00,2015-11-05 16:43:00,132.27,132.272,132.276,132.267,132.292,132.293,132.298,132.29,162
2015-11-05 16:43:00,2015-11-05 16:44:00,132.272,132.276,132.287,132.269,132.293,132.298,132.308,132.292,213
2015-11-05 16:44:00,2015-11-05 16:45:00,132.276,132.293,132.299,132.277,132.298,132.313,132.321,132.298,203
2015-11-05 16:45:00,2015-11-05 16:46:00,132.293,132.292,132.303,132.285,132.313,132.313,132.324,132.307,266
2015-11-05 16:46:00,2015-11-05 16:47:00,132.292,132.301,132.302,132.289,132.313,132.32,132.323,132.311,252
2015-11-05 16:47:00,2015-11-05 16:48:00,132.301,132.298,132.304,132.292,132.32,132.319,132.326,132.314,191
2015-11-05 16:48:00,2015-11-05 16:49:00,132.298,132.292,132.302,132.28,132.319,132.311,132.324,132.3,177
2015-11-05 16:49:00,2015-11-05 16:50:00,132.292,132.298,132.303,132.29,132.311,132.318,132.324,132.31,202
2015-11-05 16:50:00,2015-11-05 16:51:00,132.298,132.298,132.306,132.294,132.318,132.318,132.325,132.315,331
2015-11-05 16:51:00,2015-11-05 16:52:00,132.298,132.279,132.302,132.274,132.318,132.301,132.323,132.297,303
2015-11-05 16:52:00,2015-11-05 16:53:00,132.279,132.273,132.284,132.266,132.301,132.293,132.303,132.288,258
2015-11-05 16:53:00,2015-11-05 16:54:00,132.273,132.272,132.285,132.266,132.293,132.291,132.305,132.287,267
2015-11-05 16:54:00,2015-11-05 16:55:00,132.272,132.276,132.28,132.265,132.291,132.296,132.302,132.288,144
2015-11-05 16:55:00,2015-11-05 16:56:00,132.276,132.272,132.282,132.269,132.296,132.294,132.304,132.291,236
2015-11-05 16:56:00,2015-11-05 16:57:00,132.272,132.268,132.28,132.257,132.294,132.289,132.301,132.28,225
2015-11-05 16:57:00,2015-11-05 16:58:00,132.268,132.273,132.278,132.265,132.289,132.29,132.298,132.286,245
2015-11-05 16:58:00,2015-11-05 16:59:00,132.273,132.281,132.288,132.272,132.29,132.298,132.31,132.289,211
2015-11-05 16:59:00,2015-11-05 17:00:00,132.281,132.288,132.291,132.269,132.298,132.312,132.313,132.291,317
2015-11-05 17:00:00,2015-11-05 17:01:00,132.288,132.262,132.289,132.261,132.312,132.284,132.313,132.284,212
2015-11-05 17:01:00,2015-11-05 17:02:00,132.262,132.266,132.272,132.259,132.284,132.289,132.297,132.28,249
2015-11-05 17:02:00,2015-11-05 17:03:00,132.266,132.261,132.277,132.254,132.289,132.285,132.3,132.276,265
2015-11-05 17:03:00,2015-11-05 17:04:00,132.261,132.261,132.267,132.257,132.285,132.285,132.289,132.281,172
2015-11-05 17:04:00,2015-11-05 17:05:00,132.261,132.272,132.273,132.262,132.285,132.294,132.295,132.284,165
2015-11-05 17:05:00,2015-11-05 17:06:00,132.272,132.278,132.279,132.265,132.294,132.299,132.299,132.289,162
2015-11-05 17:06:00,2015-11-05 17:07:00,132.278,132.289,132.296,132.274,132.299,132.314,132.317,132.297,191
2015-11-05 17:07:00,2015-11-05 17:08:00,132.289,132.283,132.294,132.28,132.314,132.3,132.316,132.299,216
2015-11-05 17:08:00,2015-11-05 17:09:00,132.283,132.282,132.285,132.278,132.3,132.301,132.303,132.299,77
2015-11-05 17:09:00,2015-11-05 17:10:00,132.282,132.276,132.292,132.276,132.301,132.299,132.315,132.299,194
2015-11-05 17:10:00,2015-11-05 17:11:00,132.276,132.266,132.279,132.263,132.299,132.289,132.302,132.283,339
2015-11-05 17:11:00,2015-11-05 17:12:00,132.266,132.284,132.288,132.263,132.289,132.305,132.308,132.285,212
2015-11-05 17:12:00,2015-11-05 17:13:00,132.284,132.287,132.296,132.279,132.305,132.309,132.318,132.3,267
2015-11-05 17:13:00,2015-11-05 17:14:00,132.287,132.297,132.303,132.282,132.309,132.319,132.324,132.305,136
2015-11-05 17:14:00,2015-11-05 17:15:00,132.297,132.294,132.303,132.284,132.319,132.316,132.326,132.306,220
2015-11-05 17:15:00,2015-11-05 17:16:00,132.294,132.282,132.299,132.281,132.316,132.303,132.318,132.303,280
2015-11-05 17:16:00,2015-11-05 17:17:00,132.282,132.276,132.285,132.268,132.303,132.297,132.307,132.288,284
2015-11-05 17:17:00,2015-11-05 17:18:00,132.276,132.285,132.29,132.276,132.297,132.305,132.309,132.298,86
2015-11-05 17:18:00,2015-11-05 17:19:00,132.285,132.284,132.285,132.274,132.305,132.306,132.307,132.297,68
2015-11-05 17:19:00,2015-11-05 17:20:00,132.284,132.282,132.287,132.269,132.306,132.306,132.31,132.292,267
2015-11-05 17:20:00,2015-11-05 17:21:00,132.282,132.303,132.308,132.281,132.306,132.328,132.332,132.305,254
2015-11-05 17:21:00,2015-11-05 17:22:00,132.303,132.313,132.314,132.3,132.328,132.337,132.339,132.323,193
2015-11-05 17:22:00,2015-11-05 17:23:00,132.313,132.3,132.315,132.296,132.337,132.326,132.337,132.318,227
2015-11-05 17:23:00,2015-11-05 17:24:00,132.3,132.317,132.318,132.295,132.326,132.337,132.338,132.318,212
2015-11-05 17:24:00,2015-11-05 17:25:00,132.317,132.318,132.319,132.306,132.337,132.339,132.34,132.325,244
2015-11-05 17:25:00,2015-11-05 17:26:00,132.318,132.325,132.325,132.315,132.339,132.347,132.347,132.337,228
2015-11-05 17:26:00,2015-11-05 17:27:00,132.325,132.318,132.336,132.317,132.347,132.341,132.357,132.339,335
2015-11-05 17:27:00,2015-11-05 17:28:00,132.318,132.31,132.317,132.305,132.341,132.332,132.341,132.328,190
2015-11-05 17:28:00,2015-11-05 17:29:00,132.31,132.304,132.313,132.294,132.332,132.325,132.334,132.313,506
2015-11-05 17:29:00,2015-11-05 17:30:00,132.304,132.303,132.305,132.289,132.325,132.325,132.326,132.312,194
2015-11-05 17:30:00,2015-11-05 17:31:00,132.303,132.295,132.315,132.294,132.325,132.319,132.331,132.317,308
2015-11-05 17:31:00,2015-11-05 17:32:00,132.295,132.275,132.3,132.275,132.319,132.297,132.322,132.297,167
2015-11-05 17:32:00,2015-11-05 17:33:00,132.275,132.298,132.302,132.276,132.297,132.321,132.324,132.297,299
2015-11-05 17:33:00,2015-11-05 17:34:00,132.298,132.297,132.311,132.295,132.321,132.321,132.333,132.319,200
2015-11-05 17:34:00,2015-11-05 17:35:00,132.297,132.278,132.297,132.27,132.321,132.302,132.321,132.291,217
2015-11-05 17:35:00,2015-11-05 17:36:00,132.278,132.265,132.278,132.261,132.302,132.287,132.302,132.283,170
2015-11-05 17:36:00,2015-11-05 17:37:00,132.265,132.275,132.286,132.255,132.287,132.299,132.309,132.277,311
2015-11-05 17:37:00,2015-11-05 17:38:00,132.275,132.268,132.285,132.261,132.299,132.291,132.307,132.282,293
2015-11-05 17:38:00,2015-11-05 17:39:00,132.268,132.269,132.275,132.262,132.291,132.294,132.299,132.285,232
2015-11-05 17:39:00,2015-11-05 17:40:00,132.269,132.302,132.305,132.265,132.294,132.325,132.328,132.289,259
2015-11-05 17:40:00,2015-11-05 17:41:00,132.302,132.3,132.317,132.297,132.325,132.324,132.34,132.319,262
2015-11-05 17:41:00,2015-11-05 17:42:00,132.3,132.307,132.307,132.293,132.324,132.328,132.328,132.315,190
2015-11-05 17:42:00,2015-11-05 17:43:00,132.307,132.316,132.317,132.296,132.328,132.34,132.341,132.321,254
2015-11-05 17:43:00,2015-11-05 17:44:00,132.316,132.308,132.321,132.302,132.34,132.332,132.344,132.327,283
2015-11-05 17:44:00,2015-11-05 17:45:00,132.308,132.297,132.316,132.292,132.332,132.32,132.339,132.314,280
2015-11-05 17:45:00,2015-11-05 17:46:00,132.297,132.283,132.3,132.28,132.32,132.306,132.324,132.303,187
2015-11-05 17:46:00,2015-11-05 17:47:00,132.283,132.281,132.286,132.271,132.306,132.305,132.308,132.294,233
2015-11-05 17:47:00,2015-11-05 17:48:00,132.281,132.277,132.285,132.274,132.305,132.3,132.307,132.297,154
2015-11-05 17:48:00,2015-11-05 17:49:00,132.277,132.282,132.283,132.276,132.3,132.305,132.307,132.298,234
2015-11-05 17:49:00,2015-11-05 17:50:00,132.282,132.273,132.288,132.272,132.305,132.297,132.311,132.294,183
2015-11-05 17:50:00,2015-11-05 17:51:00,132.273,132.275,132.281,132.265,132.297,132.299,132.302,132.288,229
2015-11-05 17:51:00,2015-11-05 17:52:00,132.275,132.273,132.276,132.265,132.299,132.296,132.299,132.288,217
2015-11-05 17:52:00,2015-11-05 17:53:00,132.273,132.274,132.285,132.269,132.296,132.295,132.309,132.293,192
2015-11-05 17:53:00,2015-11-05 17:54:00,132.274,132.295,132.298,132.267,132.295,132.317,132.319,132.29,193
2015-11-05 17:54:00,2015-11-05 17:55:00,132.295,132.304,132.307,132.289,132.317,132.325,132.33,132.31,257
2015-11-05 17:55:00,2015-11-05 17:56:00,132.304,132.3,132.308,132.297,132.325,132.322,132.331,132.319,193
2015-11-05 17:56:00,2015-11-05 17:57:00,132.3,132.295,132.302,132.29,132.322,132.318,132.323,132.313,271
2015-11-05 17:57:00,2015-11-05 17:58:00,132.295,132.297,132.301,132.292,132.318,132.32,132.324,132.315,119
2015-11-05 17:58:00,2015-11-05 17:59:00,132.297,132.316,132.32,132.292,132.32,132.337,132.344,132.314,221
2015-11-05 17:59:00,2015-11-05 18:00:00,132.316,132.313,132.318,132.31,132.337,132.336,132.34,132.332,177
2015-11-05 18:00:00,2015-11-05 18:01:00,132.313,132.323,132.327,132.301,132.336,132.348,132.35,132.323,151
2015-11-05 18:01:00,2015-11-05 18:02:00,132.323,132.326,132.326,132.311,132.348,132.35,132.35,132.335,140
2015-11-05 18:02:00,2015-11-05 18:03:00,132.326,132.313,132.328,132.31,132.35,132.338,132.351,132.334,159
2015-11-05 18:03:00,2015-11-05 18:04:00,132.313,132.325,132.33,132.313,132.338,132.348,132.355,132.339,173
2015-11-05 18:04:00,2015-11-05 18:05:00,132.325,132.346,132.363,132.322,132.348,132.369,132.384,132.345,203
2015-11-05 18:05:00,2015-11-05 18:06:00,132.346,132.345,132.353,132.343,132.369,132.369,132.376,132.363,66
2015-11-05 18:06:00,2015-11-05 18:07:00,132.345,132.352,132.356,132.345,132.369,132.375,132.377,132.366,154
2015-11-05 18:07:00,2015-11-05 18:08:00,132.352,132.337,132.354,132.337,132.375,132.361,132.376,132.359,93
2015-11-05 18:08:00,2015-11-05 18:09:00,132.337,132.328,132.339,132.328,132.361,132.35,132.361,132.35,80
2015-11-05 18:09:00,2015-11-05 18:10:00,132.328,132.324,132.333,132.316,132.35,132.348,132.352,132.341,100
2015-11-05 18:10:00,2015-11-05 18:11:00,132.324,132.336,132.34,132.324,132.348,132.359,132.362,132.348,90
2015-11-05 18:11:00,2015-11-05 18:12:00,132.336,132.33,132.342,132.33,132.359,132.354,132.364,132.354,85
2015-11-05 18:12:00,2015-11-05 18:13:00,132.33,132.317,132.33,132.317,132.354,132.341,132.354,132.341,78
2015-11-05 18:13:00,2015-11-05 18:14:00,132.317,132.337,132.338,132.314,132.341,132.361,132.361,132.339,153
2015-11-05 18:14:00,2015-11-05 18:15:00,132.337,132.329,132.338,132.326,132.361,132.354,132.36,132.352,76
2015-11-05 18:15:00,2015-11-05 18:16:00,132.329,132.335,132.339,132.327,132.354,132.357,132.363,132.352,132
2015-11-05 18:16:00,2015-11-05 18:17:00,132.335,132.336,132.351,132.331,132.357,132.359,132.374,132.356,145
2015-11-05 18:17:00,2015-11-05 18:18:00,132.336,132.339,132.34,132.336,132.359,132.362,132.365,132.36,52
2015-11-05 18:18:00,2015-11-05 18:19:00,132.339,132.353,132.358,132.337,132.362,132.379,132.381,132.36,107
2015-11-05 18:19:00,2015-11-05 18:20:00,132.353,132.357,132.363,132.348,132.379,132.379,132.387,132.371,197
2015-11-05 18:20:00,2015-11-05 18:21:00,132.357,132.368,132.372,132.35,132.379,132.387,132.393,132.371,179
2015-11-05 18:21:00,2015-11-05 18:22:00,132.368,132.376,132.377,132.368,132.387,132.396,132.396,132.386,75
2015-11-05 18:22:00,2015-11-05 18:23:00,132.376,132.366,132.376,132.361,132.396,132.386,132.395,132.383,83
2015-11-05 18:23:00,2015-11-05 18:24:00,132.366,132.374,132.376,132.362,132.386,132.395,132.396,132.383,81
2015-11-05 18:24:00,2015-11-05 18:25:00,132.374,132.378,132.385,132.374,132.395,132.403,132.409,132.396,146
2015-11-05 18:25:00,2015-11-05 18:26:00,132.378,132.38,132.385,132.375,132.403,132.404,132.41,132.4,109
2015-11-05 18:26:00,2015-11-05 18:27:00,132.38,132.373,132.377,132.362,132.404,132.397,132.404,132.387,230
2015-11-05 18:27:00,2015-11-05 18:28:00,132.373,132.397,132.398,132.371,132.397,132.417,132.419,132.395,230
2015-11-05 18:28:00,2015-11-05 18:29:00,132.397,132.35,132.398,132.345,132.417,132.375,132.418,132.369,439
2015-11-05 18:29:00,2015-11-05 18:30:00,132.35,132.375,132.377,132.342,132.375,132.399,132.401,132.366,450
2015-11-05 18:30:00,2015-11-05 18:31:00,132.375,132.372,132.387,132.371,132.399,132.396,132.409,132.396,309
2015-11-05 18:31:00,2015-11-05 18:32:00,132.372,132.364,132.374,132.361,132.396,132.387,132.398,132.386,208
2015-11-05 18:32:00,2015-11-05 18:33:00,132.364,132.407,132.409,132.364,132.387,132.431,132.431,132.386,417
2015-11-05 18:33:00,2015-11-05 18:34:00,132.407,132.407,132.413,132.395,132.431,132.431,132.436,132.419,280
2015-11-05 18:34:00,2015-11-05 18:35:00,132.407,132.411,132.412,132.399,132.431,132.431,132.435,132.421,274
2015-11-05 18:35:00,2015-11-05 18:36:00,132.411,132.4,132.414,132.395,132.431,132.421,132.433,132.418,212
2015-11-05 18:36:00,2015-11-05 18:37:00,132.4,132.39,132.403,132.386,132.421,132.412,132.423,132.407,149
2015-11-05 18:37:00,2015-11-05 18:38:00,132.39,132.389,132.396,132.381,132.412,132.412,132.418,132.404,185
2015-11-05 18:38:00,2015-11-05 18:39:00,132.389,132.386,132.393,132.378,132.412,132.408,132.416,132.4,138
2015-11-05 18:39:00,2015-11-05 18:40:00,132.386,132.386,132.396,132.384,132.408,132.408,132.418,132.408,199
2015-11-05 18:40:00,2015-11-05 18:41:00,132.386,132.381,132.387,132.373,132.408,132.402,132.41,132.396,175
2015-11-05 18:41:00,2015-11-05 18:42:00,132.381,132.37,132.381,132.37,132.402,132.392,132.401,132.392,162
2015-11-05 18:42:00,2015-11-05 18:43:00,132.37,132.38,132.38,132.367,132.392,132.402,132.402,132.39,119
2015-11-05 18:43:00,2015-11-05 18:44:00,132.38,132.36,132.38,132.359,132.402,132.384,132.402,132.383,128
2015-11-05 18:44:00,2015-11-05 18:45:00,132.36,132.368,132.369,132.359,132.384,132.387,132.392,132.382,126
2015-11-05 18:45:00,2015-11-05 18:46:00,132.368,132.372,132.376,132.367,132.387,132.392,132.396,132.387,96
2015-11-05 18:46:00,2015-11-05 18:47:00,132.372,132.372,132.38,132.368,132.392,132.393,132.399,132.388,85
2015-11-05 18:47:00,2015-11-05 18:48:00,132.372,132.367,132.372,132.364,132.393,132.387,132.392,132.385,96
2015-11-05 18:48:00,2015-11-05 18:49:00,132.367,132.374,132.378,132.367,132.387,132.395,132.398,132.386,226
2015-11-05 18:49:00,2015-11-05 18:50:00,132.374,132.366,132.373,132.364,132.395,132.384,132.395,132.384,56
2015-11-05 18:50:00,2015-11-05 18:51:00,132.366,132.364,132.37,132.356,132.384,132.381,132.388,132.376,125
2015-11-05 18:51:00,2015-11-05 18:52:00,132.364,132.364,132.366,132.357,132.381,132.382,132.382,132.376,141
2015-11-05 18:52:00,2015-11-05 18:53:00,132.364,132.359,132.368,132.358,132.382,132.378,132.383,132.378,99
2015-11-05 18:53:00,2015-11-05 18:54:00,132.359,132.33,132.358,132.322,132.378,132.349,132.378,132.34,276
2015-11-05 18:54:00,2015-11-05 18:55:00,132.33,132.33,132.332,132.324,132.349,132.35,132.352,132.345,122
2015-11-05 18:55:00,2015-11-05 18:56:00,132.33,132.332,132.334,132.325,132.35,132.353,132.353,132.347,61
2015-11-05 18:56:00,2015-11-05 18:57:00,132.332,132.336,132.337,132.33,132.353,132.356,132.357,132.351,100
2015-11-05 18:57:00,2015-11-05 18:58:00,132.336,132.345,132.35,132.335,132.356,132.368,132.371,132.356,136
2015-11-05 18:58:00,2015-11-05 18:59:00,132.345,132.357,132.358,132.341,132.368,132.38,132.381,132.364,133
2015-11-05 18:59:00,2015-11-05 19:00:00,132.357,132.374,132.378,132.356,132.38,132.395,132.398,132.379,145
2015-11-05 19:00:00,2015-11-05 19:01:00,132.374,132.375,132.384,132.373,132.395,132.397,132.405,132.394,78
2015-11-05 19:01:00,2015-11-05 19:02:00,132.375,132.367,132.377,132.363,132.397,132.389,132.399,132.387,165
2015-11-05 19:02:00,2015-11-05 19:03:00,132.367,132.365,132.368,132.358,132.389,132.387,132.39,132.381,152
2015-11-05 19:03:00,2015-11-05 19:04:00,132.365,132.366,132.371,132.361,132.387,132.387,132.392,132.383,134
2015-11-05 19:04:00,2015-11-05 19:05:00,132.366,132.362,132.366,132.354,132.387,132.386,132.389,132.377,170
2015-11-05 19:05:00,2015-11-05 19:06:00,132.362,132.377,132.381,132.358,132.386,132.401,132.405,132.381,161
2015-11-05 19:06:00,2015-11-05 19:07:00,132.377,132.378,132.385,132.367,132.401,132.403,132.408,132.391,342
2015-11-05 19:07:00,2015-11-05 19:08:00,132.378,132.372,132.379,132.372,132.403,132.395,132.403,132.394,146
2015-11-05 19:08:00,2015-11-05 19:09:00,132.372,132.363,132.376,132.358,132.395,132.389,132.4,132.382,249
2015-11-05 19:09:00,2015-11-05 19:10:00,132.363,132.363,132.375,132.351,132.389,132.387,132.399,132.376,197
2015-11-05 19:10:00,2015-11-05 19:11:00,132.363,132.363,132.371,132.359,132.387,132.387,132.394,132.384,93
2015-11-05 19:11:00,2015-11-05 19:12:00,132.363,132.374,132.379,132.363,132.387,132.396,132.403,132.387,84
2015-11-05 19:12:00,2015-11-05 19:13:00,132.374,132.38,132.381,132.37,132.396,132.404,132.405,132.394,103
2015-11-05 19:13:00,2015-11-05 19:14:00,132.38,132.378,132.38,132.374,132.404,132.4,132.404,132.397,99
2015-11-05 19:14:00,2015-11-05 19:15:00,132.378,132.374,132.38,132.367,132.4,132.398,132.405,132.391,160
2015-11-05 19:15:00,2015-11-05 19:16:00,132.374,132.372,132.374,132.367,132.398,132.396,132.399,132.39,130
2015-11-05 19:16:00,2015-11-05 19:17:00,132.372,132.371,132.377,132.365,132.396,132.395,132.4,132.39,154
2015-11-05 19:17:00,2015-11-05 19:18:00,132.371,132.366,132.373,132.364,132.395,132.389,132.396,132.389,89
2015-11-05 19:18:00,2015-11-05 19:19:00,132.366,132.351,132.367,132.351,132.389,132.375,132.389,132.375,81
2015-11-05 19:19:00,2015-11-05 19:20:00,132.351,132.355,132.358,132.35,132.375,132.38,132.382,132.373,76
2015-11-05 19:20:00,2015-11-05 19:21:00,132.355,132.355,132.358,132.351,132.38,132.374,132.381,132.373,86
2015-11-05 19:21:00,2015-11-05 19:22:00,132.355,132.337,132.356,132.337,132.374,132.359,132.377,132.355,188
2015-11-05 19:22:00,2015-11-05 19:23:00,132.337,132.348,132.353,132.336,132.359,132.368,132.372,132.359,106
2015-11-05 19:23:00,2015-11-05 19:24:00,132.348,132.362,132.369,132.345,132.368,132.386,132.392,132.366,192
2015-11-05 19:24:00,2015-11-05 19:25:00,132.362,132.388,132.393,132.358,132.386,132.412,132.417,132.381,282
2015-11-05 19:25:00,2015-11-05 19:26:00,132.388,132.399,132.401,132.382,132.412,132.417,132.423,132.404,367
2015-11-05 19:26:00,2015-11-05 19:27:00,132.399,132.405,132.415,132.397,132.417,132.428,132.436,132.417,314
2015-11-05 19:27:00,2015-11-05 19:28:00,132.405,132.418,132.419,132.392,132.428,132.437,132.438,132.415,156
2015-11-05 19:28:00,2015-11-05 19:29:00,132.418,132.409,132.431,132.406,132.437,132.431,132.451,132.429,167
2015-11-05 19:29:00,2015-11-05 19:30:00,132.409,132.415,132.417,132.408,132.431,132.437,132.439,132.43,66
2015-11-05 19:30:00,2015-11-05 19:31:00,132.415,132.416,132.432,132.41,132.437,132.439,132.451,132.432,164
2015-11-05 19:31:00,2015-11-05 19:32:00,132.416,132.435,132.438,132.415,132.439,132.454,132.458,132.438,127
2015-11-05 19:32:00,2015-11-05 19:33:00,132.435,132.428,132.441,132.428,132.454,132.453,132.461,132.452,145
2015-11-05 19:33:00,2015-11-05 19:34:00,132.428,132.428,132.437,132.423,132.453,132.447,132.457,132.444,104
2015-11-05 19:34:00,2015-11-05 19:35:00,132.428,132.424,132.431,132.413,132.447,132.446,132.452,132.434,263
2015-11-05 19:35:00,2015-11-05 19:36:00,132.424,132.402,132.436,132.391,132.446,132.427,132.456,132.414,258
2015-11-05 19:36:00,2015-11-05 19:37:00,132.402,132.405,132.418,132.401,132.427,132.429,132.442,132.425,195
2015-11-05 19:37:00,2015-11-05 19:38:00,132.405,132.404,132.41,132.396,132.429,132.426,132.434,132.42,157
2015-11-05 19:38:00,2015-11-05 19:39:00,132.404,132.423,132.424,132.404,132.426,132.444,132.446,132.427,127
2015-11-05 19:39:00,2015-11-05 19:40:00,132.423,132.432,132.432,132.421,132.444,132.454,132.454,132.442,95
2015-11-05 19:40:00,2015-11-05 19:41:00,132.432,132.429,132.435,132.425,132.454,132.446,132.458,132.446,129
2015-11-05 19:41:00,2015-11-05 19:42:00,132.429,132.416,132.434,132.416,132.446,132.439,132.454,132.438,110
2015-11-05 19:42:00,2015-11-05 19:43:00,132.416,132.417,132.434,132.417,132.439,132.439,132.451,132.439,114
2015-11-05 19:43:00,2015-11-05 19:44:00,132.417,132.409,132.418,132.406,132.439,132.431,132.441,132.427,99
2015-11-05 19:44:00,2015-11-05 19:45:00,132.409,132.412,132.415,132.407,132.431,132.434,132.434,132.429,49
2015-11-05 19:45:00,2015-11-05 19:46:00,132.412,132.415,132.421,132.411,132.434,132.438,132.444,132.434,61
2015-11-05 19:46:00,2015-11-05 19:47:00,132.415,132.403,132.415,132.401,132.438,132.426,132.439,132.424,64
2015-11-05 19:47:00,2015-11-05 19:48:00,132.403,132.41,132.411,132.402,132.426,132.433,132.434,132.425,42
2015-11-05 19:48:00,2015-11-05 19:49:00,132.41,132.424,132.424,132.407,132.433,132.446,132.446,132.429,82
2015-11-05 19:49:00,2015-11-05 19:50:00,132.424,132.431,132.448,132.422,132.446,132.453,132.47,132.444,181
2015-11-05 19:50:00,2015-11-05 19:51:00,132.431,132.421,132.43,132.419,132.453,132.445,132.453,132.443,181
2015-11-05 19:51:00,2015-11-05 19:52:00,132.421,132.409,132.421,132.409,132.445,132.433,132.444,132.433,68
2015-11-05 19:52:00,2015-11-05 19:53:00,132.409,132.424,132.428,132.409,132.433,132.447,132.451,132.433,100
2015-11-05 19:53:00,2015-11-05 19:54:00,132.424,132.424,132.426,132.416,132.447,132.447,132.449,132.437,144
2015-11-05 19:54:00,2015-11-05 19:55:00,132.424,132.437,132.437,132.422,132.447,132.46,132.46,132.445,83
2015-11-05 19:55:00,2015-11-05 19:56:00,132.437,132.45,132.453,132.434,132.46,132.471,132.477,132.458,125
2015-11-05 19:56:00,2015-11-05 19:57:00,132.45,132.451,132.451,132.43,132.471,132.474,132.474,132.451,144
2015-11-05 19:57:00,2015-11-05 19:58:00,132.451,132.439,132.453,132.437,132.474,132.462,132.477,132.461,219
2015-11-05 19:58:00,2015-11-05 19:59:00,132.439,132.416,132.439,132.413,132.462,132.441,132.461,132.436,367
2015-11-05 19:59:00,2015-11-05 20:00:00,132.416,132.439,132.447,132.417,132.441,132.463,132.472,132.441,257
2015-11-05 20:00:00,2015-11-05 20:01:00,132.439,132.442,132.466,132.434,132.463,132.465,132.491,132.459,322
2015-11-05 20:01:00,2015-11-05 20:02:00,132.442,132.442,132.461,132.44,132.465,132.465,132.484,132.462,171
2015-11-05 20:02:00,2015-11-05 20:03:00,132.442,132.439,132.446,132.432,132.465,132.463,132.469,132.455,186
2015-11-05 20:03:00,2015-11-05 20:04:00,132.439,132.439,132.44,132.434,132.463,132.463,132.464,132.459,81
2015-11-05 20:04:00,2015-11-05 20:05:00,132.439,132.444,132.444,132.429,132.463,132.468,132.468,132.453,120
2015-11-05 20:05:00,2015-11-05 20:06:00,132.444,132.465,132.466,132.441,132.468,132.49,132.491,132.463,136
2015-11-05 20:06:00,2015-11-05 20:07:00,132.465,132.46,132.465,132.456,132.49,132.485,132.489,132.479,97
2015-11-05 20:07:00,2015-11-05 20:08:00,132.46,132.463,132.465,132.459,132.485,132.487,132.489,132.483,26
2015-11-05 20:08:00,2015-11-05 20:09:00,132.463,132.459,132.464,132.451,132.487,132.484,132.487,132.475,114
2015-11-05 20:09:00,2015-11-05 20:10:00,132.459,132.435,132.462,132.434,132.484,132.46,132.487,132.456,152
2015-11-05 20:10:00,2015-11-05 20:11:00,132.435,132.42,132.441,132.418,132.46,132.445,132.464,132.442,171
2015-11-05 20:11:00,2015-11-05 20:12:00,132.42,132.429,132.432,132.414,132.445,132.453,132.455,132.436,247
2015-11-05 20:12:00,2015-11-05 20:13:00,132.429,132.43,132.438,132.426,132.453,132.455,132.461,132.448,164
2015-11-05 20:13:00,2015-11-05 20:14:00,132.43,132.445,132.445,132.43,132.455,132.47,132.47,132.452,129
2015-11-05 20:14:00,2015-11-05 20:15:00,132.445,132.458,132.461,132.428,132.47,132.479,132.481,132.451,266
2015-11-05 20:15:00,2015-11-05 20:16:00,132.458,132.462,132.48,132.451,132.479,132.484,132.501,132.475,282
2015-11-05 20:16:00,2015-11-05 20:17:00,132.462,132.468,132.476,132.455,132.484,132.491,132.498,132.48,205
2015-11-05 20:17:00,2015-11-05 20:18:00,132.468,132.461,132.472,132.461,132.491,132.487,132.495,132.487,96
2015-11-05 20:18:00,2015-11-05 20:19:00,132.461,132.448,132.463,132.445,132.487,132.474,132.487,132.468,143
2015-11-05 20:19:00,2015-11-05 20:20:00,132.448,132.444,132.458,132.438,132.474,132.469,132.483,132.463,153
2015-11-05 20:20:00,2015-11-05 20:21:00,132.444,132.434,132.449,132.434,132.469,132.455,132.474,132.454,114
2015-11-05 20:21:00,2015-11-05 20:22:00,132.434,132.422,132.439,132.414,132.455,132.446,132.462,132.436,308
2015-11-05 20:22:00,2015-11-05 20:23:00,132.422,132.421,132.426,132.417,132.446,132.445,132.449,132.44,126
2015-11-05 20:23:00,2015-11-05 20:24:00,132.421,132.429,132.431,132.414,132.445,132.453,132.453,132.439,75
2015-11-05 20:24:00,2015-11-05 20:25:00,132.429,132.43,132.434,132.427,132.453,132.453,132.457,132.451,54
2015-11-05 20:25:00,2015-11-05 20:26:00,132.43,132.431,132.437,132.427,132.453,132.453,132.458,132.448,80
2015-11-05 20:26:00,2015-11-05 20:27:00,132.431,132.438,132.444,132.431,132.453,132.459,132.467,132.452,131
2015-11-05 20:27:00,2015-11-05 20:28:00,132.438,132.449,132.45,132.428,132.459,132.47,132.47,132.451,135
2015-11-05 20:28:00,2015-11-05 20:29:00,132.449,132.439,132.46,132.437,132.47,132.463,132.485,132.461,257
2015-11-05 20:29:00,2015-11-05 20:30:00,132.439,132.428,132.446,132.426,132.463,132.451,132.47,132.449,144
2015-11-05 20:30:00,2015-11-05 20:31:00,132.428,132.416,132.434,132.416,132.451,132.44,132.457,132.439,120
2015-11-05 20:31:00,2015-11-05 20:32:00,132.416,132.419,132.431,132.414,132.44,132.44,132.454,132.437,193
2015-11-05 20:32:00,2015-11-05 20:33:00,132.419,132.406,132.427,132.406,132.44,132.43,132.451,132.428,159
2015-11-05 20:33:00,2015-11-05 20:34:00,132.406,132.408,132.41,132.4,132.43,132.431,132.434,132.423,137
2015-11-05 20:34:00,2015-11-05 20:35:00,132.408,132.399,132.412,132.397,132.431,132.422,132.436,132.418,178
2015-11-05 20:35:00,2015-11-05 20:36:00,132.399,132.39,132.4,132.387,132.422,132.414,132.422,132.411,137
2015-11-05 20:36:00,2015-11-05 20:37:00,132.39,132.381,132.391,132.37,132.414,132.404,132.415,132.392,163
2015-11-05 20:37:00,2015-11-05 20:38:00,132.381,132.376,132.387,132.374,132.404,132.398,132.41,132.397,123
2015-11-05 20:38:00,2015-11-05 20:39:00,132.376,132.362,132.379,132.355,132.398,132.387,132.402,132.377,153
2015-11-05 20:39:00,2015-11-05 20:40:00,132.362,132.368,132.372,132.362,132.387,132.39,132.396,132.386,105
2015-11-05 20:40:00,2015-11-05 20:41:00,132.368,132.378,132.379,132.366,132.39,132.399,132.403,132.391,129
2015-11-05 20:41:00,2015-11-05 20:42:00,132.378,132.396,132.397,132.376,132.399,132.42,132.42,132.398,227
2015-11-05 20:42:00,2015-11-05 20:43:00,132.396,132.383,132.395,132.382,132.42,132.405,132.42,132.404,98
2015-11-05 20:43:00,2015-11-05 20:44:00,132.383,132.382,132.388,132.378,132.405,132.405,132.411,132.4,150
2015-11-05 20:44:00,2015-11-05 20:45:00,132.382,132.388,132.393,132.381,132.405,132.411,132.416,132.403,123
2015-11-05 20:45:00,2015-11-05 20:46:00,132.388,132.388,132.388,132.38,132.411,132.411,132.413,132.405,98
2015-11-05 20:46:00,2015-11-05 20:47:00,132.388,132.389,132.389,132.378,132.411,132.412,132.412,132.402,127
2015-11-05 20:47:00,2015-11-05 20:48:00,132.389,132.383,132.398,132.383,132.412,132.405,132.42,132.405,220
2015-11-05 20:48:00,2015-11-05 20:49:00,132.383,132.37,132.396,132.37,132.405,132.392,132.42,132.391,249
2015-11-05 20:49:00,2015-11-05 20:50:00,132.37,132.372,132.375,132.37,132.392,132.394,132.397,132.39,100
2015-11-05 20:50:00,2015-11-05 20:51:00,132.372,132.373,132.378,132.372,132.394,132.395,132.401,132.394,108
2015-11-05 20:51:00,2015-11-05 20:52:00,132.373,132.395,132.396,132.371,132.395,132.419,132.419,132.394,206
2015-11-05 20:52:00,2015-11-05 20:53:00,132.395,132.402,132.411,132.388,132.419,132.423,132.432,132.408,174
2015-11-05 20:53:00,2015-11-05 20:54:00,132.402,132.398,132.411,132.397,132.423,132.418,132.433,132.418,157
2015-11-05 20:54:00,2015-11-05 20:55:00,132.398,132.409,132.416,132.393,132.418,132.428,132.437,132.414,163
2015-11-05 20:55:00,2015-11-05 20:56:00,132.409,132.422,132.423,132.409,132.428,132.444,132.444,132.428,97
2015-11-05 20:56:00,2015-11-05 20:57:00,132.422,132.419,132.425,132.418,132.444,132.439,132.446,132.436,106
2015-11-05 20:57:00,2015-11-05 20:58:00,132.419,132.414,132.422,132.413,132.439,132.435,132.443,132.433,159
2015-11-05 20:58:00,2015-11-05 20:59:00,132.414,132.414,132.428,132.406,132.435,132.437,132.447,132.428,292
2015-11-05 20:59:00,2015-11-05 21:00:00,132.414,132.409,132.417,132.401,132.437,132.431,132.438,132.424,136
2015-11-05 21:00:00,2015-11-05 21:01:00,132.409,132.422,132.424,132.408,132.431,132.446,132.446,132.429,107
2015-11-05 21:01:00,2015-11-05 21:02:00,132.422,132.436,132.437,132.421,132.446,132.459,132.459,132.444,77
2015-11-05 21:02:00,2015-11-05 21:03:00,132.436,132.44,132.447,132.43,132.459,132.463,132.47,132.453,83
2015-11-05 21:03:00,2015-11-05 21:04:00,132.44,132.431,132.442,132.429,132.463,132.455,132.464,132.453,70
2015-11-05 21:04:00,2015-11-05 21:05:00,132.431,132.441,132.442,132.424,132.455,132.463,132.466,132.446,94
2015-11-05 21:05:00,2015-11-05 21:06:00,132.441,132.454,132.455,132.441,132.463,132.478,132.478,132.465,64
2015-11-05 21:06:00,2015-11-05 21:07:00,132.454,132.446,132.454,132.44,132.478,132.468,132.477,132.463,76
2015-11-05 21:07:00,2015-11-05 21:08:00,132.446,132.445,132.446,132.441,132.468,132.467,132.469,132.466,39
2015-11-05 21:08:00,2015-11-05 21:09:00,132.445,132.447,132.449,132.442,132.467,132.47,132.471,132.467,53
2015-11-05 21:09:00,2015-11-05 21:10:00,132.447,132.449,132.452,132.447,132.47,132.473,132.475,132.468,77
2015-11-05 21:10:00,2015-11-05 21:11:00,132.449,132.45,132.452,132.44,132.473,132.476,132.477,132.464,92
2015-11-05 21:11:00,2015-11-05 21:12:00,132.45,132.451,132.453,132.445,132.476,132.476,132.478,132.47,53
2015-11-05 21:12:00,2015-11-05 21:13:00,132.451,132.434,132.452,132.433,132.476,132.459,132.477,132.459,58
2015-11-05 21:13:00,2015-11-05 21:14:00,132.434,132.426,132.439,132.426,132.459,132.45,132.463,132.45,93
2015-11-05 21:14:00,2015-11-05 21:15:00,132.426,132.408,132.426,132.406,132.45,132.433,132.451,132.432,115
2015-11-05 21:15:00,2015-11-05 21:16:00,132.408,132.414,132.418,132.408,132.433,132.439,132.441,132.434,55
2015-11-05 21:16:00,2015-11-05 21:17:00,132.414,132.432,132.434,132.414,132.439,132.456,132.458,132.438,69
2015-11-05 21:17:00,2015-11-05 21:18:00,132.432,132.433,132.434,132.429,132.456,132.457,132.457,132.452,29
2015-11-05 21:18:00,2015-11-05 21:19:00,132.433,132.415,132.433,132.415,132.457,132.439,132.456,132.439,67
2015-11-05 21:19:00,2015-11-05 21:20:00,132.415,132.395,132.417,132.392,132.439,132.419,132.442,132.414,130
2015-11-05 21:20:00,2015-11-05 21:21:00,132.395,132.405,132.407,132.393,132.419,132.43,132.43,132.417,54
2015-11-05 21:21:00,2015-11-05 21:22:00,132.405,132.407,132.408,132.405,132.43,132.432,132.433,132.43,15
2015-11-05 21:22:00,2015-11-05 21:23:00,132.407,132.415,132.416,132.403,132.432,132.44,132.441,132.428,42
2015-11-05 21:23:00,2015-11-05 21:24:00,132.415,132.431,132.431,132.415,132.44,132.456,132.456,132.44,31
2015-11-05 21:24:00,2015-11-05 21:25:00,132.431,132.449,132.451,132.433,132.456,132.47,132.478,132.456,90
2015-11-05 21:25:00,2015-11-05 21:26:00,132.449,132.457,132.457,132.447,132.47,132.478,132.479,132.467,50
2015-11-05 21:26:00,2015-11-05 21:27:00,132.457,132.447,132.466,132.446,132.478,132.472,132.487,132.471,83
2015-11-05 21:27:00,2015-11-05 21:28:00,132.447,132.442,132.447,132.44,132.472,132.466,132.472,132.463,53
2015-11-05 21:28:00,2015-11-05 21:29:00,132.442,132.449,132.455,132.443,132.466,132.471,132.478,132.466,97
2015-11-05 21:29:00,2015-11-05 21:30:00,132.449,132.44,132.449,132.439,132.471,132.464,132.473,132.464,48
2015-11-05 21:30:00,2015-11-05 21:31:00,132.44,132.425,132.44,132.425,132.464,132.451,132.464,132.45,55
2015-11-05 21:31:00,2015-11-05 21:32:00,132.425,132.43,132.432,132.425,132.451,132.455,132.457,132.45,30
2015-11-05 21:32:00,2015-11-05 21:33:00,132.43,132.432,132.432,132.43,132.455,132.458,132.459,132.455,17
2015-11-05 21:33:00,2015-11-05 21:34:00,132.432,132.439,132.444,132.432,132.458,132.463,132.469,132.459,73
2015-11-05 21:34:00,2015-11-05 21:35:00,132.439,132.44,132.441,132.439,132.463,132.462,132.464,132.461,29
2015-11-05 21:35:00,2015-11-05 21:36:00,132.44,132.443,132.443,132.44,132.462,132.466,132.467,132.462,33
2015-11-05 21:36:00,2015-11-05 21:37:00,132.443,132.438,132.443,132.437,132.466,132.461,132.466,132.46,28
2015-11-05 21:37:00,2015-11-05 21:38:00,132.438,132.432,132.438,132.432,132.461,132.454,132.463,132.454,67
2015-11-05 21:38:00,2015-11-05 21:39:00,132.432,132.428,132.431,132.426,132.454,132.453,132.454,132.448,47
2015-11-05 21:39:00,2015-11-05 21:40:00,132.428,132.44,132.441,132.429,132.453,132.465,132.466,132.453,56
2015-11-05 21:40:00,2015-11-05 21:41:00,132.44,132.438,132.439,132.438,132.465,132.463,132.465,132.463,8
2015-11-05 21:41:00,2015-11-05 21:42:00,132.438,132.442,132.442,132.437,132.463,132.466,132.468,132.463,25
2015-11-05 21:42:00,2015-11-05 21:43:00,132.442,132.441,132.442,132.441,132.466,132.464,132.467,132.463,21
2015-11-05 21:43:00,2015-11-05 21:44:00,132.441,132.435,132.441,132.435,132.464,132.457,132.463,132.457,43
2015-11-05 21:44:00,2015-11-05 21:45:00,132.435,132.43,132.434,132.427,132.457,132.454,132.457,132.45,59
2015-11-05 21:45:00,2015-11-05 21:46:00,132.43,132.429,132.431,132.429,132.454,132.454,132.457,132.452,22
2015-11-05 21:46:00,2015-11-05 21:47:00,132.429,132.424,132.429,132.424,132.454,132.45,132.455,132.45,12
2015-11-05 21:47:00,2015-11-05 21:48:00,132.424,132.425,132.427,132.421,132.45,132.45,132.454,132.447,39
2015-11-05 21:48:00,2015-11-05 21:49:00,132.425,132.44,132.441,132.424,132.45,132.466,132.466,132.451,97
2015-11-05 21:49:00,2015-11-05 21:50:00,132.44,132.446,132.456,132.437,132.466,132.475,132.483,132.459,217
2015-11-05 21:50:00,2015-11-05 21:51:00,132.446,132.436,132.449,132.426,132.475,132.46,132.474,132.445,204
2015-11-05 21:51:00,2015-11-05 21:52:00,132.436,132.433,132.436,132.431,132.46,132.46,132.462,132.458,129
2015-11-05 21:52:00,2015-11-05 21:53:00,132.433,132.43,132.436,132.43,132.46,132.459,132.461,132.459,72
2015-11-05 21:53:00,2015-11-05 21:54:00,132.43,132.431,132.438,132.431,132.459,132.461,132.463,132.448,117
2015-11-05 21:54:00,2015-11-05 21:55:00,132.431,132.447,132.449,132.423,132.461,132.475,132.477,132.448,328
2015-11-05 21:55:00,2015-11-05 21:56:00,132.447,132.466,132.467,132.446,132.475,132.493,132.494,132.472,275
2015-11-05 21:56:00,2015-11-05 21:57:00,132.466,132.47,132.472,132.458,132.493,132.498,132.501,132.482,184
2015-11-05 21:57:00,2015-11-05 21:58:00,132.47,132.495,132.498,132.464,132.498,132.525,132.53,132.495,554
2015-11-05 21:58:00,2015-11-05 21:59:00,132.495,132.475,132.499,132.474,132.525,132.545,132.546,132.525,153
2015-11-05 21:59:00,2015-11-05 22:00:00,132.475,132.484,132.486,132.458,132.545,132.529,132.542,132.522,12
2015-11-05 22:00:00,2015-11-05 22:01:00,132.484,132.468,132.484,132.464,132.529,132.548,132.553,132.51,26
2015-11-05 22:01:00,2015-11-05 22:02:00,132.468,132.472,132.472,132.467,132.548,132.544,132.544,132.543,4
2015-11-05 22:02:00,2015-11-05 22:04:00,132.472,132.466,132.475,132.458,132.544,132.548,132.548,132.519,17
2015-11-05 22:04:00,2015-11-05 22:05:00,132.466,132.495,132.496,132.46,132.548,132.537,132.547,132.522,63
2015-11-05 22:05:00,2015-11-05 22:06:00,132.495,132.495,132.498,132.493,132.537,132.537,132.54,132.529,25
2015-11-05 22:06:00,2015-11-05 22:07:00,132.495,132.495,132.496,132.495,132.537,132.537,132.537,132.537,20
2015-11-05 22:07:00,2015-11-05 22:08:00,132.495,132.495,132.496,132.495,132.537,132.537,132.537,132.537,26
2015-11-05 22:08:00,2015-11-05 22:09:00,132.495,132.492,132.496,132.491,132.537,132.533,132.537,132.531,34
2015-11-05 22:09:00,2015-11-05 22:10:00,132.492,132.489,132.495,132.488,132.533,132.529,132.531,132.527,68
2015-11-05 22:10:00,2015-11-05 22:11:00,132.489,132.459,132.489,132.459,132.529,132.515,132.527,132.512,61
2015-11-05 22:11:00,2015-11-05 22:12:00,132.459,132.459,132.46,132.459,132.515,132.516,132.516,132.515,5
2015-11-05 22:12:00,2015-11-05 22:13:00,132.459,132.464,132.464,132.458,132.516,132.514,132.517,132.51,48
2015-11-05 22:13:00,2015-11-05 22:14:00,132.464,132.451,132.46,132.447,132.514,132.505,132.515,132.499,51
2015-11-05 22:14:00,2015-11-05 22:15:00,132.451,132.448,132.452,132.446,132.505,132.495,132.505,132.49,42
2015-11-05 22:15:00,2015-11-05 22:16:00,132.448,132.441,132.448,132.441,132.495,132.494,132.496,132.484,29
2015-11-05 22:16:00,2015-11-05 22:17:00,132.441,132.428,132.444,132.424,132.494,132.47,132.496,132.464,51
2015-11-05 22:17:00,2015-11-05 22:18:00,132.428,132.443,132.443,132.426,132.47,132.492,132.497,132.468,96
2015-11-05 22:18:00,2015-11-05 22:19:00,132.443,132.437,132.443,132.432,132.492,132.477,132.488,132.474,45
2015-11-05 22:19:00,2015-11-05 22:20:00,132.437,132.436,132.449,132.435,132.477,132.478,132.489,132.472,76
2015-11-05 22:20:00,2015-11-05 22:22:00,132.436,132.432,132.434,132.432,132.478,132.478,132.478,132.478,5
2015-11-05 22:22:00,2015-11-05 22:23:00,132.432,132.435,132.438,132.429,132.478,132.475,132.483,132.466,36
2015-11-05 22:23:00,2015-11-05 22:24:00,132.435,132.43,132.437,132.426,132.475,132.474,132.478,132.47,281
2015-11-05 22:24:00,2015-11-05 22:25:00,132.43,132.429,132.436,132.426,132.474,132.479,132.482,132.474,96
2015-11-05 22:25:00,2015-11-05 22:26:00,132.429,132.431,132.433,132.415,132.479,132.477,132.48,132.46,130
2015-11-05 22:26:00,2015-11-05 22:27:00,132.431,132.419,132.436,132.408,132.477,132.466,132.48,132.452,65
2015-11-05 22:27:00,2015-11-05 22:28:00,132.419,132.417,132.423,132.408,132.466,132.464,132.469,132.45,73
2015-11-05 22:28:00,2015-11-05 22:29:00,132.417,132.412,132.417,132.412,132.464,132.458,132.463,132.458,30
2015-11-05 22:29:00,2015-11-05 22:30:00,132.412,132.42,132.427,132.412,132.458,132.469,132.481,132.458,148
2015-11-05 22:30:00,2015-11-05 22:31:00,132.42,132.424,132.43,132.42,132.469,132.469,132.471,132.466,39
2015-11-05 22:31:00,2015-11-05 22:32:00,132.424,132.418,132.426,132.413,132.469,132.466,132.469,132.461,71
2015-11-05 22:32:00,2015-11-05 22:33:00,132.418,132.411,132.425,132.411,132.466,132.458,132.467,132.456,94
2015-11-05 22:33:00,2015-11-05 22:34:00,132.411,132.403,132.413,132.398,132.458,132.447,132.459,132.444,72
2015-11-05 22:34:00,2015-11-05 22:35:00,132.403,132.412,132.417,132.402,132.447,132.454,132.465,132.439,144
2015-11-05 22:35:00,2015-11-05 22:36:00,132.412,132.415,132.419,132.4,132.454,132.458,132.463,132.444,89
2015-11-05 22:36:00,2015-11-05 22:37:00,132.415,132.413,132.416,132.411,132.458,132.456,132.458,132.452,35
2015-11-05 22:37:00,2015-11-05 22:38:00,132.413,132.414,132.415,132.407,132.456,132.453,132.455,132.446,95
2015-11-05 22:38:00,2015-11-05 22:39:00,132.414,132.418,132.422,132.415,132.453,132.456,132.46,132.449,530
2015-11-05 22:39:00,2015-11-05 22:40:00,132.418,132.407,132.419,132.407,132.456,132.445,132.458,132.443,362
2015-11-05 22:40:00,2015-11-05 22:41:00,132.407,132.406,132.412,132.402,132.445,132.443,132.45,132.439,504
2015-11-05 22:41:00,2015-11-05 22:42:00,132.406,132.405,132.411,132.398,132.443,132.442,132.449,132.436,668
2015-11-05 22:42:00,2015-11-05 22:43:00,132.405,132.42,132.42,132.403,132.442,132.458,132.459,132.438,458
2015-11-05 22:43:00,2015-11-05 22:44:00,132.42,132.429,132.432,132.417,132.458,132.465,132.468,132.455,325
2015-11-05 22:44:00,2015-11-05 22:45:00,132.429,132.434,132.437,132.429,132.465,132.468,132.474,132.462,522
2015-11-05 22:45:00,2015-11-05 22:46:00,132.434,132.44,132.452,132.431,132.468,132.467,132.469,132.465,285
2015-11-05 22:46:00,2015-11-05 22:47:00,132.44,132.434,132.44,132.433,132.467,132.466,132.468,132.465,54
2015-11-05 22:47:00,2015-11-05 22:48:00,132.434,132.454,132.467,132.431,132.466,132.49,132.5,132.465,423
2015-11-05 22:48:00,2015-11-05 22:49:00,132.454,132.471,132.475,132.453,132.49,132.5,132.502,132.488,109
2015-11-05 22:49:00,2015-11-05 22:50:00,132.471,132.45,132.471,132.447,132.5,132.487,132.499,132.484,296
2015-11-05 22:50:00,2015-11-05 22:51:00,132.45,132.448,132.455,132.444,132.487,132.479,132.488,132.478,557
2015-11-05 22:51:00,2015-11-05 22:52:00,132.448,132.444,132.448,132.444,132.479,132.477,132.48,132.475,263
2015-11-05 22:52:00,2015-11-05 22:53:00,132.444,132.444,132.447,132.444,132.477,132.471,132.48,132.467,227
2015-11-05 22:53:00,2015-11-05 22:54:00,132.444,132.444,132.445,132.444,132.471,132.477,132.48,132.468,227
2015-11-05 22:54:00,2015-11-05 22:55:00,132.444,132.438,132.447,132.431,132.477,132.47,132.482,132.467,432
2015-11-05 22:55:00,2015-11-05 22:56:00,132.438,132.437,132.438,132.432,132.47,132.47,132.473,132.466,437
2015-11-05 22:56:00,2015-11-05 22:57:00,132.437,132.436,132.438,132.432,132.47,132.469,132.473,132.463,652
2015-11-05 22:57:00,2015-11-05 22:58:00,132.436,132.439,132.443,132.431,132.469,132.475,132.479,132.461,758
2015-11-05 22:58:00,2015-11-05 22:59:00,132.439,132.429,132.447,132.429,132.475,132.463,132.479,132.461,503
2015-11-05 22:59:00,2015-11-05 23:00:00,132.429,132.462,132.47,132.427,132.463,132.487,132.495,132.45,249
2015-11-05 23:00:00,2015-11-05 23:01:00,132.462,132.455,132.463,132.451,132.487,132.48,132.488,132.476,171
2015-11-05 23:01:00,2015-11-05 23:02:00,132.455,132.461,132.467,132.455,132.48,132.486,132.491,132.48,185
2015-11-05 23:02:00,2015-11-05 23:03:00,132.461,132.458,132.462,132.452,132.486,132.482,132.487,132.477,99
2015-11-05 23:03:00,2015-11-05 23:04:00,132.458,132.445,132.46,132.445,132.482,132.47,132.485,132.47,186
2015-11-05 23:04:00,2015-11-05 23:05:00,132.445,132.443,132.447,132.442,132.47,132.467,132.472,132.467,111
2015-11-05 23:05:00,2015-11-05 23:06:00,132.443,132.441,132.443,132.439,132.467,132.466,132.467,132.464,134
2015-11-05 23:06:00,2015-11-05 23:07:00,132.441,132.439,132.444,132.435,132.466,132.464,132.468,132.459,150
2015-11-05 23:07:00,2015-11-05 23:08:00,132.439,132.44,132.441,132.439,132.464,132.465,132.466,132.463,76
2015-11-05 23:08:00,2015-11-05 23:09:00,132.44,132.44,132.441,132.439,132.465,132.466,132.467,132.464,91
2015-11-05 23:09:00,2015-11-05 23:10:00,132.44,132.435,132.442,132.434,132.466,132.459,132.466,132.458,134
2015-11-05 23:10:00,2015-11-05 23:11:00,132.435,132.432,132.435,132.428,132.459,132.457,132.46,132.452,54
2015-11-05 23:11:00,2015-11-05 23:12:00,132.432,132.43,132.442,132.43,132.457,132.455,132.461,132.454,62
2015-11-05 23:12:00,2015-11-05 23:13:00,132.43,132.424,132.446,132.421,132.455,132.443,132.469,132.44,197
2015-11-05 23:13:00,2015-11-05 23:14:00,132.424,132.425,132.428,132.422,132.443,132.446,132.449,132.443,452
2015-11-05 23:14:00,2015-11-05 23:15:00,132.425,132.419,132.427,132.417,132.446,132.444,132.451,132.442,204
2015-11-05 23:15:00,2015-11-05 23:16:00,132.419,132.421,132.423,132.418,132.444,132.448,132.45,132.443,330
2015-11-05 23:16:00,2015-11-05 23:17:00,132.421,132.424,132.424,132.421,132.448,132.45,132.452,132.448,264
2015-11-05 23:17:00,2015-11-05 23:18:00,132.424,132.429,132.43,132.423,132.45,132.456,132.457,132.45,205
2015-11-05 23:18:00,2015-11-05 23:19:00,132.429,132.436,132.436,132.426,132.456,132.462,132.463,132.455,197
2015-11-05 23:19:00,2015-11-05 23:20:00,132.436,132.431,132.436,132.43,132.462,132.457,132.464,132.457,167
2015-11-05 23:20:00,2015-11-05 23:21:00,132.431,132.43,132.431,132.428,132.457,132.457,132.458,132.455,243
2015-11-05 23:21:00,2015-11-05 23:22:00,132.43,132.43,132.43,132.429,132.457,132.457,132.458,132.456,125
2015-11-05 23:22:00,2015-11-05 23:23:00,132.43,132.432,132.433,132.429,132.457,132.456,132.458,132.456,151
2015-11-05 23:23:00,2015-11-05 23:24:00,132.432,132.426,132.432,132.425,132.456,132.452,132.457,132.451,123
2015-11-05 23:24:00,2015-11-05 23:25:00,132.426,132.438,132.44,132.424,132.452,132.464,132.468,132.451,157
2015-11-05 23:25:00,2015-11-05 23:26:00,132.438,132.453,132.454,132.433,132.464,132.477,132.48,132.46,315
2015-11-05 23:26:00,2015-11-05 23:27:00,132.453,132.461,132.462,132.451,132.477,132.486,132.487,132.476,154
2015-11-05 23:27:00,2015-11-05 23:28:00,132.461,132.453,132.462,132.453,132.486,132.477,132.487,132.477,103
2015-11-05 23:28:00,2015-11-05 23:29:00,132.453,132.45,132.455,132.45,132.477,132.475,132.478,132.475,132
2015-11-05 23:29:00,2015-11-05 23:30:00,132.45,132.467,132.468,132.451,132.475,132.489,132.49,132.475,111
2015-11-05 23:30:00,2015-11-05 23:31:00,132.467,132.486,132.486,132.466,132.489,132.509,132.51,132.489,91
2015-11-05 23:31:00,2015-11-05 23:32:00,132.486,132.478,132.483,132.475,132.509,132.499,132.505,132.499,119
2015-11-05 23:32:00,2015-11-05 23:33:00,132.478,132.458,132.479,132.457,132.499,132.479,132.5,132.478,79
2015-11-05 23:33:00,2015-11-05 23:34:00,132.458,132.448,132.458,132.448,132.479,132.47,132.48,132.469,110
2015-11-05 23:34:00,2015-11-05 23:35:00,132.448,132.437,132.45,132.437,132.47,132.459,132.471,132.458,78
2015-11-05 23:35:00,2015-11-05 23:36:00,132.437,132.444,132.445,132.436,132.459,132.467,132.469,132.458,94
2015-11-05 23:36:00,2015-11-05 23:37:00,132.444,132.456,132.457,132.443,132.467,132.478,132.479,132.466,91
2015-11-05 23:37:00,2015-11-05 23:38:00,132.456,132.462,132.463,132.454,132.478,132.485,132.487,132.477,69
2015-11-05 23:38:00,2015-11-05 23:39:00,132.462,132.465,132.467,132.462,132.485,132.489,132.49,132.485,33
2015-11-05 23:39:00,2015-11-05 23:40:00,132.465,132.466,132.466,132.464,132.489,132.489,132.49,132.487,55
2015-11-05 23:40:00,2015-11-05 23:41:00,132.466,132.466,132.467,132.465,132.489,132.49,132.49,132.489,31
2015-11-05 23:41:00,2015-11-05 23:42:00,132.466,132.476,132.477,132.467,132.49,132.499,132.5,132.49,63
2015-11-05 23:42:00,2015-11-05 23:43:00,132.476,132.475,132.477,132.463,132.499,132.497,132.5,132.487,150
2015-11-05 23:43:00,2015-11-05 23:44:00,132.475,132.468,132.475,132.466,132.497,132.49,132.497,132.489,27
2015-11-05 23:44:00,2015-11-05 23:45:00,132.468,132.467,132.469,132.467,132.49,132.491,132.492,132.489,14
2015-11-05 23:45:00,2015-11-05 23:46:00,132.467,132.467,132.479,132.465,132.491,132.492,132.503,132.488,86
2015-11-05 23:46:00,2015-11-05 23:47:00,132.467,132.461,132.467,132.459,132.492,132.486,132.491,132.485,101
2015-11-05 23:47:00,2015-11-05 23:48:00,132.461,132.455,132.462,132.451,132.486,132.478,132.487,132.476,70
2015-11-05 23:48:00,2015-11-05 23:49:00,132.455,132.453,132.456,132.452,132.478,132.478,132.48,132.477,64
2015-11-05 23:49:00,2015-11-05 23:50:00,132.453,132.454,132.454,132.453,132.478,132.479,132.479,132.477,46
2015-11-05 23:50:00,2015-11-05 23:51:00,132.454,132.455,132.456,132.452,132.479,132.477,132.479,132.476,50
2015-11-05 23:51:00,2015-11-05 23:52:00,132.455,132.453,132.459,132.452,132.477,132.477,132.483,132.476,93
2015-11-05 23:52:00,2015-11-05 23:53:00,132.453,132.447,132.452,132.439,132.477,132.473,132.477,132.464,104
2015-11-05 23:53:00,2015-11-05 23:54:00,132.447,132.438,132.447,132.437,132.473,132.463,132.471,132.462,67
2015-11-05 23:54:00,2015-11-05 23:55:00,132.438,132.438,132.439,132.437,132.463,132.462,132.463,132.461,97
2015-11-05 23:55:00,2015-11-05 23:56:00,132.438,132.42,132.438,132.418,132.462,132.445,132.463,132.442,195
2015-11-05 23:56:00,2015-11-05 23:57:00,132.42,132.423,132.431,132.421,132.445,132.446,132.456,132.445,65
2015-11-05 23:57:00,2015-11-05 23:58:00,132.423,132.434,132.44,132.423,132.446,132.46,132.465,132.446,106
2015-11-05 23:58:00,2015-11-05 23:59:00,132.434,132.435,132.447,132.433,132.46,132.459,132.47,132.457,181
2015-11-05 23:59:00,2015-11-06 00:00:00,132.435,132.402,132.444,132.4,132.459,132.427,132.468,132.423,326
2015-11-06 00:00:00,2015-11-06 00:01:00,132.402,132.393,132.409,132.391,132.427,132.417,132.435,132.417,268
2015-11-06 00:01:00,2015-11-06 00:02:00,132.393,132.396,132.406,132.381,132.417,132.419,132.429,132.403,250
2015-11-06 00:02:00,2015-11-06 00:03:00,132.396,132.402,132.422,132.397,132.419,132.425,132.446,132.419,256
2015-11-06 00:03:00,2015-11-06 00:04:00,132.402,132.424,132.424,132.403,132.425,132.444,132.446,132.424,200
2015-11-06 00:04:00,2015-11-06 00:05:00,132.424,132.423,132.431,132.412,132.444,132.447,132.452,132.436,223
2015-11-06 00:05:00,2015-11-06 00:06:00,132.423,132.437,132.438,132.419,132.447,132.458,132.46,132.442,183
2015-11-06 00:06:00,2015-11-06 00:07:00,132.437,132.45,132.454,132.424,132.458,132.474,132.476,132.447,216
2015-11-06 00:07:00,2015-11-06 00:08:00,132.45,132.438,132.456,132.436,132.474,132.459,132.478,132.459,244
2015-11-06 00:08:00,2015-11-06 00:09:00,132.438,132.46,132.461,132.435,132.459,132.482,132.484,132.458,321
2015-11-06 00:09:00,2015-11-06 00:10:00,132.46,132.455,132.465,132.448,132.482,132.477,132.487,132.47,274
2015-11-06 00:10:00,2015-11-06 00:11:00,132.455,132.472,132.472,132.453,132.477,132.494,132.494,132.477,251
2015-11-06 00:11:00,2015-11-06 00:12:00,132.472,132.457,132.472,132.446,132.494,132.478,132.495,132.468,224
2015-11-06 00:12:00,2015-11-06 00:13:00,132.457,132.474,132.474,132.453,132.478,132.496,132.496,132.475,116
2015-11-06 00:13:00,2015-11-06 00:14:00,132.474,132.46,132.477,132.458,132.496,132.483,132.5,132.481,103
2015-11-06 00:14:00,2015-11-06 00:15:00,132.46,132.457,132.461,132.438,132.483,132.48,132.484,132.46,199
2015-11-06 00:15:00,2015-11-06 00:16:00,132.457,132.45,132.457,132.448,132.48,132.472,132.479,132.471,80
2015-11-06 00:16:00,2015-11-06 00:17:00,132.45,132.453,132.454,132.449,132.472,132.474,132.476,132.473,35
2015-11-06 00:17:00,2015-11-06 00:18:00,132.453,132.448,132.456,132.444,132.474,132.471,132.479,132.466,177
2015-11-06 00:18:00,2015-11-06 00:19:00,132.448,132.467,132.474,132.447,132.471,132.489,132.496,132.47,207
2015-11-06 00:19:00,2015-11-06 00:20:00,132.467,132.454,132.469,132.454,132.489,132.477,132.492,132.477,223
2015-11-06 00:20:00,2015-11-06 00:21:00,132.454,132.457,132.461,132.45,132.477,132.479,132.484,132.474,114
2015-11-06 00:21:00,2015-11-06 00:22:00,132.457,132.454,132.463,132.452,132.479,132.476,132.487,132.474,119
2015-11-06 00:22:00,2015-11-06 00:23:00,132.454,132.451,132.457,132.435,132.476,132.473,132.478,132.455,266
2015-11-06 00:23:00,2015-11-06 00:24:00,132.451,132.446,132.455,132.443,132.473,132.468,132.476,132.466,116
2015-11-06 00:24:00,2015-11-06 00:25:00,132.446,132.463,132.463,132.444,132.468,132.485,132.485,132.466,63
2015-11-06 00:25:00,2015-11-06 00:26:00,132.463,132.457,132.468,132.454,132.485,132.479,132.489,132.477,115
2015-11-06 00:26:00,2015-11-06 00:27:00,132.457,132.455,132.458,132.445,132.479,132.479,132.479,132.467,96
2015-11-06 00:27:00,2015-11-06 00:28:00,132.455,132.454,132.465,132.444,132.479,132.476,132.487,132.468,199
2015-11-06 00:28:00,2015-11-06 00:29:00,132.454,132.447,132.458,132.444,132.476,132.469,132.48,132.46,106
2015-11-06 00:29:00,2015-11-06 00:30:00,132.447,132.432,132.448,132.424,132.469,132.456,132.47,132.447,193
2015-11-06 00:30:00,2015-11-06 00:31:00,132.432,132.444,132.457,132.433,132.456,132.467,132.48,132.456,146
2015-11-06 00:31:00,2015-11-06 00:32:00,132.444,132.437,132.444,132.43,132.467,132.46,132.468,132.45,110
2015-11-06 00:32:00,2015-11-06 00:33:00,132.437,132.441,132.441,132.424,132.46,132.459,132.46,132.447,123
2015-11-06 00:33:00,2015-11-06 00:34:00,132.441,132.432,132.443,132.426,132.459,132.456,132.464,132.448,135
2015-11-06 00:34:00,2015-11-06 00:35:00,132.432,132.415,132.434,132.405,132.456,132.436,132.456,132.429,197
2015-11-06 00:35:00,2015-11-06 00:36:00,132.415,132.418,132.425,132.415,132.436,132.44,132.447,132.436,121
2015-11-06 00:36:00,2015-11-06 00:37:00,132.418,132.428,132.431,132.419,132.44,132.45,132.454,132.44,160
2015-11-06 00:37:00,2015-11-06 00:38:00,132.428,132.408,132.431,132.407,132.45,132.43,132.454,132.43,234
2015-11-06 00:38:00,2015-11-06 00:39:00,132.408,132.404,132.414,132.402,132.43,132.426,132.437,132.425,163
2015-11-06 00:39:00,2015-11-06 00:40:00,132.404,132.406,132.407,132.398,132.426,132.427,132.43,132.42,180
2015-11-06 00:40:00,2015-11-06 00:41:00,132.406,132.421,132.421,132.405,132.427,132.442,132.442,132.427,100
2015-11-06 00:41:00,2015-11-06 00:42:00,132.421,132.441,132.444,132.42,132.442,132.46,132.466,132.441,138
2015-11-06 00:42:00,2015-11-06 00:43:00,132.441,132.437,132.441,132.431,132.46,132.457,132.461,132.453,112
2015-11-06 00:43:00,2015-11-06 00:44:00,132.437,132.417,132.436,132.412,132.457,132.439,132.457,132.434,227
2015-11-06 00:44:00,2015-11-06 00:45:00,132.417,132.404,132.419,132.402,132.439,132.423,132.439,132.422,124
2015-11-06 00:45:00,2015-11-06 00:46:00,132.404,132.403,132.404,132.4,132.423,132.425,132.427,132.422,45
2015-11-06 00:46:00,2015-11-06 00:47:00,132.403,132.39,132.407,132.389,132.425,132.411,132.429,132.409,111
2015-11-06 00:47:00,2015-11-06 00:48:00,132.39,132.382,132.396,132.375,132.411,132.405,132.416,132.397,176
2015-11-06 00:48:00,2015-11-06 00:49:00,132.382,132.398,132.398,132.382,132.405,132.417,132.417,132.404,96
2015-11-06 00:49:00,2015-11-06 00:50:00,132.398,132.39,132.414,132.382,132.417,132.412,132.436,132.404,192
2015-11-06 00:50:00,2015-11-06 00:51:00,132.39,132.387,132.401,132.385,132.412,132.408,132.421,132.406,151
2015-11-06 00:51:00,2015-11-06 00:52:00,132.387,132.397,132.398,132.387,132.408,132.42,132.42,132.408,209
2015-11-06 00:52:00,2015-11-06 00:53:00,132.397,132.409,132.42,132.393,132.42,132.432,132.445,132.417,255
2015-11-06 00:53:00,2015-11-06 00:54:00,132.409,132.426,132.429,132.402,132.432,132.448,132.45,132.424,310
2015-11-06 00:54:00,2015-11-06 00:55:00,132.426,132.418,132.428,132.404,132.448,132.438,132.45,132.427,467
2015-11-06 00:55:00,2015-11-06 00:56:00,132.418,132.422,132.425,132.417,132.438,132.443,132.446,132.437,131
2015-11-06 00:56:00,2015-11-06 00:57:00,132.422,132.43,132.433,132.419,132.443,132.452,132.452,132.44,176
2015-11-06 00:57:00,2015-11-06 00:58:00,132.43,132.414,132.431,132.411,132.452,132.437,132.452,132.434,190
2015-11-06 00:58:00,2015-11-06 00:59:00,132.414,132.41,132.415,132.406,132.437,132.433,132.439,132.429,106
2015-11-06 00:59:00,2015-11-06 01:00:00,132.41,132.419,132.423,132.406,132.433,132.44,132.446,132.429,130
2015-11-06 01:00:00,2015-11-06 01:01:00,132.419,132.431,132.444,132.418,132.44,132.452,132.468,132.44,172
2015-11-06 01:01:00,2015-11-06 01:02:00,132.431,132.429,132.432,132.424,132.452,132.452,132.453,132.446,51
2015-11-06 01:02:00,2015-11-06 01:03:00,132.429,132.429,132.447,132.428,132.452,132.451,132.468,132.449,135
2015-11-06 01:03:00,2015-11-06 01:04:00,132.429,132.428,132.431,132.421,132.451,132.451,132.453,132.444,88
2015-11-06 01:04:00,2015-11-06 01:05:00,132.428,132.436,132.446,132.427,132.451,132.46,132.468,132.45,182
2015-11-06 01:05:00,2015-11-06 01:06:00,132.436,132.443,132.448,132.436,132.46,132.465,132.471,132.459,127
2015-11-06 01:06:00,2015-11-06 01:07:00,132.443,132.413,132.443,132.412,132.465,132.436,132.466,132.435,209
2015-11-06 01:07:00,2015-11-06 01:08:00,132.413,132.429,132.43,132.411,132.436,132.45,132.452,132.434,77
2015-11-06 01:08:00,2015-11-06 01:09:00,132.429,132.423,132.429,132.422,132.45,132.442,132.451,132.441,65
2015-11-06 01:09:00,2015-11-06 01:10:00,132.423,132.425,132.43,132.415,132.442,132.447,132.451,132.438,110
2015-11-06 01:10:00,2015-11-06 01:11:00,132.425,132.442,132.443,132.426,132.447,132.465,132.465,132.447,78
2015-11-06 01:11:00,2015-11-06 01:12:00,132.442,132.446,132.447,132.422,132.465,132.469,132.47,132.446,100
2015-11-06 01:12:00,2015-11-06 01:13:00,132.446,132.445,132.447,132.442,132.469,132.468,132.47,132.463,103
2015-11-06 01:13:00,2015-11-06 01:14:00,132.445,132.471,132.471,132.437,132.468,132.491,132.491,132.459,103
2015-11-06 01:14:00,2015-11-06 01:15:00,132.471,132.457,132.474,132.457,132.491,132.48,132.497,132.479,207
2015-11-06 01:15:00,2015-11-06 01:16:00,132.457,132.45,132.461,132.45,132.48,132.472,132.481,132.471,170
2015-11-06 01:16:00,2015-11-06 01:17:00,132.45,132.474,132.475,132.447,132.472,132.492,132.493,132.469,257
2015-11-06 01:17:00,2015-11-06 01:18:00,132.474,132.473,132.473,132.468,132.492,132.494,132.494,132.49,50
2015-11-06 01:18:00,2015-11-06 01:19:00,132.473,132.48,132.482,132.472,132.494,132.502,132.505,132.494,103
2015-11-06 01:19:00,2015-11-06 01:20:00,132.48,132.466,132.479,132.463,132.502,132.489,132.502,132.487,212
2015-11-06 01:20:00,2015-11-06 01:21:00,132.466,132.475,132.476,132.461,132.489,132.497,132.498,132.485,114
2015-11-06 01:21:00,2015-11-06 01:22:00,132.475,132.476,132.478,132.474,132.497,132.497,132.498,132.496,42
2015-11-06 01:22:00,2015-11-06 01:23:00,132.476,132.473,132.476,132.469,132.497,132.496,132.497,132.493,92
2015-11-06 01:23:00,2015-11-06 01:24:00,132.473,132.467,132.482,132.465,132.496,132.489,132.504,132.488,177
2015-11-06 01:24:00,2015-11-06 01:25:00,132.467,132.477,132.482,132.466,132.489,132.499,132.504,132.489,127
2015-11-06 01:25:00,2015-11-06 01:26:00,132.477,132.467,132.477,132.461,132.499,132.489,132.5,132.483,239
2015-11-06 01:26:00,2015-11-06 01:27:00,132.467,132.47,132.47,132.463,132.489,132.493,132.493,132.486,88
2015-11-06 01:27:00,2015-11-06 01:28:00,132.47,132.471,132.479,132.464,132.493,132.495,132.501,132.487,132
2015-11-06 01:28:00,2015-11-06 01:29:00,132.471,132.468,132.473,132.463,132.495,132.492,132.496,132.486,97
2015-11-06 01:29:00,2015-11-06 01:30:00,132.468,132.464,132.472,132.457,132.492,132.487,132.494,132.478,136
2015-11-06 01:30:00,2015-11-06 01:31:00,132.464,132.454,132.466,132.454,132.487,132.477,132.488,132.477,143
2015-11-06 01:31:00,2015-11-06 01:32:00,132.454,132.455,132.458,132.453,132.477,132.479,132.48,132.476,61
2015-11-06 01:32:00,2015-11-06 01:33:00,132.455,132.454,132.458,132.454,132.479,132.477,132.48,132.477,54
2015-11-06 01:33:00,2015-11-06 01:34:00,132.454,132.449,132.458,132.449,132.477,132.47,132.481,132.47,91
2015-11-06 01:34:00,2015-11-06 01:35:00,132.449,132.437,132.449,132.435,132.47,132.46,132.471,132.458,112
2015-11-06 01:35:00,2015-11-06 01:36:00,132.437,132.441,132.444,132.437,132.46,132.463,132.466,132.457,114
2015-11-06 01:36:00,2015-11-06 01:37:00,132.441,132.45,132.452,132.439,132.463,132.473,132.474,132.46,90
2015-11-06 01:37:00,2015-11-06 01:38:00,132.45,132.462,132.464,132.446,132.473,132.483,132.487,132.469,118
2015-11-06 01:38:00,2015-11-06 01:39:00,132.462,132.468,132.471,132.458,132.483,132.49,132.492,132.48,62
2015-11-06 01:39:00,2015-11-06 01:40:00,132.468,132.467,132.475,132.461,132.49,132.49,132.498,132.483,141
2015-11-06 01:40:00,2015-11-06 01:41:00,132.467,132.467,132.468,132.46,132.49,132.489,132.49,132.48,136
2015-11-06 01:41:00,2015-11-06 01:42:00,132.467,132.466,132.469,132.465,132.489,132.488,132.492,132.488,52
2015-11-06 01:42:00,2015-11-06 01:43:00,132.466,132.465,132.475,132.459,132.488,132.486,132.496,132.481,113
2015-11-06 01:43:00,2015-11-06 01:44:00,132.465,132.454,132.468,132.452,132.486,132.477,132.488,132.476,119
2015-11-06 01:44:00,2015-11-06 01:45:00,132.454,132.457,132.458,132.446,132.477,132.48,132.481,132.468,171
2015-11-06 01:45:00,2015-11-06 01:46:00,132.457,132.465,132.467,132.457,132.48,132.489,132.489,132.479,63
2015-11-06 01:46:00,2015-11-06 01:47:00,132.465,132.467,132.471,132.461,132.489,132.49,132.493,132.484,104
2015-11-06 01:47:00,2015-11-06 01:48:00,132.467,132.454,132.469,132.453,132.49,132.477,132.491,132.475,97
2015-11-06 01:48:00,2015-11-06 01:49:00,132.454,132.454,132.457,132.45,132.477,132.477,132.481,132.474,107
2015-11-06 01:49:00,2015-11-06 01:50:00,132.454,132.443,132.454,132.443,132.477,132.467,132.478,132.467,86
2015-11-06 01:50:00,2015-11-06 01:51:00,132.443,132.455,132.455,132.444,132.467,132.477,132.477,132.467,51
2015-11-06 01:51:00,2015-11-06 01:52:00,132.455,132.446,132.456,132.441,132.477,132.468,132.478,132.461,144
2015-11-06 01:52:00,2015-11-06 01:53:00,132.446,132.447,132.45,132.446,132.468,132.471,132.474,132.465,61
2015-11-06 01:53:00,2015-11-06 01:54:00,132.447,132.44,132.45,132.44,132.471,132.462,132.472,132.462,96
2015-11-06 01:54:00,2015-11-06 01:55:00,132.44,132.442,132.444,132.436,132.462,132.464,132.468,132.458,98
2015-11-06 01:55:00,2015-11-06 01:56:00,132.442,132.438,132.451,132.438,132.464,132.459,132.473,132.459,131
2015-11-06 01:56:00,2015-11-06 01:57:00,132.438,132.441,132.441,132.43,132.459,132.461,132.462,132.451,136
2015-11-06 01:57:00,2015-11-06 01:58:00,132.441,132.468,132.469,132.439,132.461,132.489,132.49,132.46,179
2015-11-06 01:58:00,2015-11-06 01:59:00,132.468,132.461,132.477,132.46,132.489,132.482,132.498,132.481,116
2015-11-06 01:59:00,2015-11-06 02:00:00,132.461,132.46,132.465,132.448,132.482,132.481,132.488,132.471,173
2015-11-06 02:00:00,2015-11-06 02:01:00,132.46,132.477,132.484,132.456,132.481,132.501,132.504,132.478,274
2015-11-06 02:01:00,2015-11-06 02:02:00,132.477,132.48,132.485,132.475,132.501,132.501,132.505,132.496,99
2015-11-06 02:02:00,2015-11-06 02:03:00,132.48,132.473,132.479,132.466,132.501,132.495,132.501,132.49,51
2015-11-06 02:03:00,2015-11-06 02:04:00,132.473,132.465,132.474,132.465,132.495,132.489,132.496,132.489,67
2015-11-06 02:04:00,2015-11-06 02:05:00,132.465,132.448,132.472,132.448,132.489,132.468,132.494,132.468,121
2015-11-06 02:05:00,2015-11-06 02:06:00,132.448,132.455,132.456,132.448,132.468,132.477,132.478,132.467,70
2015-11-06 02:06:00,2015-11-06 02:07:00,132.455,132.461,132.466,132.454,132.477,132.482,132.487,132.476,83
2015-11-06 02:07:00,2015-11-06 02:08:00,132.461,132.459,132.464,132.458,132.482,132.482,132.486,132.481,56
2015-11-06 02:08:00,2015-11-06 02:09:00,132.459,132.449,132.464,132.448,132.482,132.471,132.486,132.466,89
2015-11-06 02:09:00,2015-11-06 02:10:00,132.449,132.44,132.453,132.438,132.471,132.462,132.475,132.46,145
2015-11-06 02:10:00,2015-11-06 02:11:00,132.44,132.431,132.439,132.42,132.462,132.451,132.462,132.441,271
2015-11-06 02:11:00,2015-11-06 02:12:00,132.431,132.447,132.449,132.43,132.451,132.467,132.471,132.451,167
2015-11-06 02:12:00,2015-11-06 02:13:00,132.447,132.461,132.463,132.439,132.467,132.484,132.484,132.462,151
2015-11-06 02:13:00,2015-11-06 02:14:00,132.461,132.461,132.466,132.453,132.484,132.484,132.489,132.474,194
2015-11-06 02:14:00,2015-11-06 02:15:00,132.461,132.438,132.461,132.437,132.484,132.459,132.484,132.459,66
2015-11-06 02:15:00,2015-11-06 02:16:00,132.438,132.43,132.44,132.429,132.459,132.453,132.463,132.451,168
2015-11-06 02:16:00,2015-11-06 02:17:00,132.43,132.448,132.449,132.429,132.453,132.472,132.472,132.452,172
2015-11-06 02:17:00,2015-11-06 02:18:00,132.448,132.451,132.452,132.446,132.472,132.474,132.474,132.471,153
2015-11-06 02:18:00,2015-11-06 02:19:00,132.451,132.47,132.47,132.449,132.474,132.493,132.493,132.474,133
2015-11-06 02:19:00,2015-11-06 02:20:00,132.47,132.473,132.477,132.466,132.493,132.494,132.499,132.49,137
2015-11-06 02:20:00,2015-11-06 02:21:00,132.473,132.481,132.488,132.468,132.494,132.503,132.508,132.491,201
2015-11-06 02:21:00,2015-11-06 02:22:00,132.481,132.472,132.482,132.472,132.503,132.494,132.503,132.494,96
2015-11-06 02:22:00,2015-11-06 02:23:00,132.472,132.477,132.48,132.467,132.494,132.501,132.503,132.49,83
2015-11-06 02:23:00,2015-11-06 02:24:00,132.477,132.483,132.484,132.476,132.501,132.5,132.505,132.496,151
2015-11-06 02:24:00,2015-11-06 02:25:00,132.483,132.483,132.484,132.472,132.5,132.505,132.506,132.495,118
2015-11-06 02:25:00,2015-11-06 02:26:00,132.483,132.488,132.496,132.48,132.505,132.511,132.518,132.504,126
2015-11-06 02:26:00,2015-11-06 02:27:00,132.488,132.484,132.488,132.477,132.511,132.507,132.511,132.499,155
2015-11-06 02:27:00,2015-11-06 02:28:00,132.484,132.476,132.487,132.476,132.507,132.5,132.511,132.499,47
2015-11-06 02:28:00,2015-11-06 02:29:00,132.476,132.476,132.477,132.47,132.5,132.499,132.5,132.491,101
2015-11-06 02:29:00,2015-11-06 02:30:00,132.476,132.47,132.478,132.46,132.499,132.492,132.5,132.483,82
2015-11-06 02:30:00,2015-11-06 02:31:00,132.47,132.47,132.474,132.468,132.492,132.492,132.497,132.491,29
2015-11-06 02:31:00,2015-11-06 02:32:00,132.47,132.468,132.47,132.467,132.492,132.491,132.491,132.491,8
2015-11-06 02:32:00,2015-11-06 02:33:00,132.468,132.456,132.469,132.451,132.491,132.479,132.491,132.473,132
2015-11-06 02:33:00,2015-11-06 02:34:00,132.456,132.454,132.467,132.453,132.479,132.477,132.49,132.475,144
2015-11-06 02:34:00,2015-11-06 02:35:00,132.454,132.454,132.458,132.448,132.477,132.477,132.482,132.471,105
2015-11-06 02:35:00,2015-11-06 02:36:00,132.454,132.45,132.459,132.446,132.477,132.472,132.482,132.469,150
2015-11-06 02:36:00,2015-11-06 02:37:00,132.45,132.453,132.456,132.445,132.472,132.476,132.48,132.468,50
2015-11-06 02:37:00,2015-11-06 02:38:00,132.453,132.457,132.458,132.449,132.476,132.48,132.481,132.473,132
2015-11-06 02:38:00,2015-11-06 02:39:00,132.457,132.456,132.463,132.45,132.48,132.478,132.486,132.474,102
2015-11-06 02:39:00,2015-11-06 02:40:00,132.456,132.456,132.465,132.453,132.478,132.479,132.487,132.476,105
2015-11-06 02:40:00,2015-11-06 02:41:00,132.456,132.459,132.459,132.451,132.479,132.482,132.483,132.474,76
2015-11-06 02:41:00,2015-11-06 02:42:00,132.459,132.458,132.46,132.452,132.482,132.48,132.482,132.475,52
2015-11-06 02:42:00,2015-11-06 02:43:00,132.458,132.457,132.462,132.456,132.48,132.48,132.486,132.479,38
2015-11-06 02:43:00,2015-11-06 02:44:00,132.457,132.461,132.463,132.456,132.48,132.484,132.486,132.479,45
2015-11-06 02:44:00,2015-11-06 02:45:00,132.461,132.454,132.46,132.45,132.484,132.477,132.484,132.471,137
2015-11-06 02:45:00,2015-11-06 02:46:00,132.454,132.451,132.455,132.444,132.477,132.473,132.478,132.466,102
2015-11-06 02:46:00,2015-11-06 02:47:00,132.451,132.459,132.46,132.447,132.473,132.481,132.482,132.466,104
2015-11-06 02:47:00,2015-11-06 02:48:00,132.459,132.46,132.46,132.458,132.481,132.482,132.482,132.48,54
2015-11-06 02:48:00,2015-11-06 02:49:00,132.46,132.465,132.468,132.46,132.482,132.488,132.491,132.482,113
2015-11-06 02:49:00,2015-11-06 02:50:00,132.465,132.468,132.469,132.465,132.488,132.489,132.491,132.489,32
2015-11-06 02:50:00,2015-11-06 02:51:00,132.468,132.465,132.469,132.457,132.489,132.486,132.49,132.48,134
2015-11-06 02:51:00,2015-11-06 02:52:00,132.465,132.464,132.466,132.463,132.486,132.487,132.489,132.485,39
2015-11-06 02:52:00,2015-11-06 02:53:00,132.464,132.463,132.465,132.463,132.487,132.487,132.487,132.487,9
2015-11-06 02:53:00,2015-11-06 02:54:00,132.463,132.459,132.467,132.457,132.487,132.481,132.489,132.481,75
2015-11-06 02:54:00,2015-11-06 02:55:00,132.459,132.467,132.468,132.456,132.481,132.489,132.491,132.478,105
2015-11-06 02:55:00,2015-11-06 02:56:00,132.467,132.464,132.467,132.462,132.489,132.487,132.489,132.485,42
2015-11-06 02:56:00,2015-11-06 02:57:00,132.464,132.464,132.467,132.462,132.487,132.487,132.489,132.484,58
2015-11-06 02:57:00,2015-11-06 02:58:00,132.464,132.466,132.468,132.464,132.487,132.489,132.49,132.487,87
2015-11-06 02:58:00,2015-11-06 02:59:00,132.466,132.49,132.505,132.462,132.489,132.513,132.527,132.485,230
2015-11-06 02:59:00,2015-11-06 03:00:00,132.49,132.49,132.504,132.481,132.513,132.512,132.527,132.504,242
2015-11-06 03:00:00,2015-11-06 03:01:00,132.49,132.494,132.495,132.488,132.512,132.518,132.518,132.51,40
2015-11-06 03:01:00,2015-11-06 03:02:00,132.494,132.492,132.497,132.492,132.518,132.515,132.52,132.515,32
2015-11-06 03:02:00,2015-11-06 03:03:00,132.492,132.491,132.495,132.49,132.515,132.514,132.519,132.511,54
2015-11-06 03:03:00,2015-11-06 03:04:00,132.491,132.496,132.498,132.491,132.514,132.52,132.52,132.514,109
2015-11-06 03:04:00,2015-11-06 03:05:00,132.496,132.476,132.512,132.475,132.52,132.499,132.534,132.498,235
2015-11-06 03:05:00,2015-11-06 03:06:00,132.476,132.488,132.492,132.476,132.499,132.511,132.515,132.499,113
2015-11-06 03:06:00,2015-11-06 03:07:00,132.488,132.51,132.521,132.484,132.511,132.534,132.542,132.507,200
2015-11-06 03:07:00,2015-11-06 03:08:00,132.51,132.528,132.529,132.51,132.534,132.553,132.554,132.535,331
2015-11-06 03:08:00,2015-11-06 03:09:00,132.528,132.527,132.53,132.525,132.553,132.552,132.553,132.548,53
2015-11-06 03:09:00,2015-11-06 03:10:00,132.527,132.52,132.531,132.517,132.552,132.542,132.554,132.541,67
2015-11-06 03:10:00,2015-11-06 03:11:00,132.52,132.501,132.519,132.499,132.542,132.524,132.542,132.523,93
2015-11-06 03:11:00,2015-11-06 03:12:00,132.501,132.483,132.501,132.482,132.524,132.506,132.523,132.506,58
2015-11-06 03:12:00,2015-11-06 03:13:00,132.483,132.471,132.483,132.463,132.506,132.492,132.505,132.486,108
2015-11-06 03:13:00,2015-11-06 03:14:00,132.471,132.476,132.48,132.471,132.492,132.497,132.499,132.49,63
2015-11-06 03:14:00,2015-11-06 03:15:00,132.476,132.465,132.48,132.464,132.497,132.486,132.501,132.486,72
2015-11-06 03:15:00,2015-11-06 03:16:00,132.465,132.45,132.465,132.441,132.486,132.473,132.487,132.465,287
2015-11-06 03:16:00,2015-11-06 03:17:00,132.45,132.473,132.477,132.448,132.473,132.496,132.499,132.472,154
2015-11-06 03:17:00,2015-11-06 03:18:00,132.473,132.479,132.487,132.471,132.496,132.503,132.511,132.495,140
2015-11-06 03:18:00,2015-11-06 03:19:00,132.479,132.474,132.479,132.473,132.503,132.496,132.503,132.496,23
2015-11-06 03:19:00,2015-11-06 03:20:00,132.474,132.468,132.474,132.465,132.496,132.489,132.497,132.487,39
2015-11-06 03:20:00,2015-11-06 03:21:00,132.468,132.477,132.478,132.463,132.489,132.5,132.502,132.485,107
2015-11-06 03:21:00,2015-11-06 03:22:00,132.477,132.481,132.481,132.465,132.5,132.504,132.504,132.489,156
2015-11-06 03:22:00,2015-11-06 03:23:00,132.481,132.479,132.484,132.478,132.504,132.5,132.507,132.498,44
2015-11-06 03:23:00,2015-11-06 03:24:00,132.479,132.479,132.481,132.473,132.5,132.5,132.503,132.495,113
2015-11-06 03:24:00,2015-11-06 03:25:00,132.479,132.466,132.485,132.466,132.5,132.488,132.503,132.488,133
2015-11-06 03:25:00,2015-11-06 03:26:00,132.466,132.467,132.471,132.465,132.488,132.49,132.495,132.488,64
2015-11-06 03:26:00,2015-11-06 03:27:00,132.467,132.477,132.477,132.467,132.49,132.5,132.501,132.489,70
2015-11-06 03:27:00,2015-11-06 03:28:00,132.477,132.465,132.477,132.465,132.5,132.489,132.498,132.489,85
2015-11-06 03:28:00,2015-11-06 03:29:00,132.465,132.483,132.487,132.464,132.489,132.506,132.511,132.487,100
2015-11-06 03:29:00,2015-11-06 03:30:00,132.483,132.468,132.484,132.467,132.506,132.491,132.506,132.49,109
2015-11-06 03:30:00,2015-11-06 03:31:00,132.468,132.47,132.47,132.467,132.491,132.492,132.492,132.491,25
2015-11-06 03:31:00,2015-11-06 03:32:00,132.47,132.472,132.476,132.47,132.492,132.494,132.497,132.492,71
2015-11-06 03:32:00,2015-11-06 03:33:00,132.472,132.466,132.472,132.463,132.494,132.488,132.492,132.486,81
2015-11-06 03:33:00,2015-11-06 03:34:00,132.466,132.468,132.476,132.464,132.488,132.49,132.499,132.485,124
2015-11-06 03:34:00,2015-11-06 03:35:00,132.468,132.471,132.485,132.469,132.49,132.494,132.507,132.49,209
2015-11-06 03:35:00,2015-11-06 03:36:00,132.471,132.467,132.473,132.465,132.494,132.489,132.496,132.487,231
2015-11-06 03:36:00,2015-11-06 03:37:00,132.467,132.451,132.47,132.451,132.489,132.474,132.491,132.474,81
2015-11-06 03:37:00,2015-11-06 03:38:00,132.451,132.455,132.463,132.452,132.474,132.477,132.485,132.474,65
2015-11-06 03:38:00,2015-11-06 03:39:00,132.455,132.466,132.466,132.456,132.477,132.49,132.49,132.477,96
2015-11-06 03:39:00,2015-11-06 03:40:00,132.466,132.468,132.475,132.463,132.49,132.491,132.498,132.485,83
2015-11-06 03:40:00,2015-11-06 03:41:00,132.468,132.461,132.469,132.459,132.491,132.485,132.491,132.482,53
2015-11-06 03:41:00,2015-11-06 03:42:00,132.461,132.456,132.463,132.456,132.485,132.48,132.485,132.479,46
2015-11-06 03:42:00,2015-11-06 03:43:00,132.456,132.444,132.457,132.442,132.48,132.467,132.48,132.464,181
2015-11-06 03:43:00,2015-11-06 03:44:00,132.444,132.434,132.444,132.427,132.467,132.454,132.468,132.446,171
2015-11-06 03:44:00,2015-11-06 03:45:00,132.434,132.437,132.438,132.433,132.454,132.455,132.461,132.453,79
2015-11-06 03:45:00,2015-11-06 03:46:00,132.437,132.434,132.443,132.429,132.455,132.458,132.464,132.451,134
2015-11-06 03:46:00,2015-11-06 03:47:00,132.434,132.444,132.444,132.434,132.458,132.468,132.469,132.458,135
2015-11-06 03:47:00,2015-11-06 03:48:00,132.444,132.449,132.45,132.439,132.468,132.473,132.474,132.463,113
2015-11-06 03:48:00,2015-11-06 03:49:00,132.449,132.446,132.454,132.444,132.473,132.471,132.478,132.468,106
2015-11-06 03:49:00,2015-11-06 03:50:00,132.446,132.444,132.449,132.443,132.471,132.465,132.473,132.465,53
2015-11-06 03:50:00,2015-11-06 03:51:00,132.444,132.442,132.444,132.44,132.465,132.465,132.465,132.462,56
2015-11-06 03:51:00,2015-11-06 03:52:00,132.442,132.448,132.451,132.435,132.465,132.472,132.474,132.458,97
2015-11-06 03:52:00,2015-11-06 03:53:00,132.448,132.448,132.452,132.438,132.472,132.471,132.475,132.462,94
2015-11-06 03:53:00,2015-11-06 03:54:00,132.448,132.453,132.455,132.448,132.471,132.474,132.479,132.472,57
2015-11-06 03:54:00,2015-11-06 03:55:00,132.453,132.452,132.455,132.448,132.474,132.475,132.476,132.469,78
2015-11-06 03:55:00,2015-11-06 03:56:00,132.452,132.454,132.455,132.452,132.475,132.476,132.477,132.474,23
2015-11-06 03:56:00,2015-11-06 03:57:00,132.454,132.452,132.454,132.447,132.476,132.475,132.477,132.469,63
2015-11-06 03:57:00,2015-11-06 03:58:00,132.452,132.446,132.453,132.446,132.475,132.47,132.475,132.469,48
2015-11-06 03:58:00,2015-11-06 03:59:00,132.446,132.45,132.452,132.446,132.47,132.472,132.475,132.469,85
2015-11-06 03:59:00,2015-11-06 04:00:00,132.45,132.433,132.449,132.433,132.472,132.456,132.472,132.454,130
2015-11-06 04:00:00,2015-11-06 04:01:00,132.433,132.423,132.437,132.422,132.456,132.446,132.46,132.446,210
2015-11-06 04:01:00,2015-11-06 04:02:00,132.423,132.427,132.43,132.423,132.446,132.45,132.453,132.446,62
2015-11-06 04:02:00,2015-11-06 04:03:00,132.427,132.426,132.427,132.419,132.45,132.45,132.45,132.441,69
2015-11-06 04:03:00,2015-11-06 04:04:00,132.426,132.427,132.431,132.423,132.45,132.448,132.452,132.447,99
2015-11-06 04:04:00,2015-11-06 04:05:00,132.427,132.436,132.441,132.421,132.448,132.459,132.463,132.443,172
2015-11-06 04:05:00,2015-11-06 04:06:00,132.436,132.43,132.439,132.423,132.459,132.451,132.461,132.446,108
2015-11-06 04:06:00,2015-11-06 04:07:00,132.43,132.432,132.435,132.429,132.451,132.455,132.458,132.451,151
2015-11-06 04:07:00,2015-11-06 04:08:00,132.432,132.442,132.449,132.431,132.455,132.465,132.472,132.454,167
2015-11-06 04:08:00,2015-11-06 04:09:00,132.442,132.451,132.453,132.441,132.465,132.474,132.475,132.463,220
2015-11-06 04:09:00,2015-11-06 04:10:00,132.451,132.454,132.454,132.451,132.474,132.476,132.476,132.473,29
2015-11-06 04:10:00,2015-11-06 04:11:00,132.454,132.447,132.454,132.447,132.476,132.469,132.476,132.469,81
2015-11-06 04:11:00,2015-11-06 04:12:00,132.447,132.432,132.45,132.432,132.469,132.454,132.471,132.454,102
2015-11-06 04:12:00,2015-11-06 04:13:00,132.432,132.443,132.444,132.431,132.454,132.462,132.466,132.454,53
2015-11-06 04:13:00,2015-11-06 04:14:00,132.443,132.445,132.448,132.431,132.462,132.468,132.47,132.453,130
2015-11-06 04:14:00,2015-11-06 04:15:00,132.445,132.446,132.446,132.436,132.468,132.469,132.469,132.458,93
2015-11-06 04:15:00,2015-11-06 04:16:00,132.446,132.443,132.447,132.44,132.469,132.466,132.471,132.463,52
2015-11-06 04:16:00,2015-11-06 04:17:00,132.443,132.444,132.445,132.439,132.466,132.463,132.468,132.463,70
2015-11-06 04:17:00,2015-11-06 04:18:00,132.444,132.437,132.448,132.436,132.463,132.459,132.472,132.457,106
2015-11-06 04:18:00,2015-11-06 04:19:00,132.437,132.435,132.44,132.43,132.459,132.456,132.461,132.453,63
2015-11-06 04:19:00,2015-11-06 04:20:00,132.435,132.428,132.439,132.426,132.456,132.451,132.459,132.448,97
2015-11-06 04:20:00,2015-11-06 04:21:00,132.428,132.433,132.433,132.428,132.451,132.456,132.457,132.451,65
2015-11-06 04:21:00,2015-11-06 04:22:00,132.433,132.432,132.435,132.432,132.456,132.455,132.459,132.455,36
2015-11-06 04:22:00,2015-11-06 04:23:00,132.432,132.443,132.443,132.431,132.455,132.466,132.467,132.453,53
2015-11-06 04:23:00,2015-11-06 04:24:00,132.443,132.44,132.449,132.44,132.466,132.462,132.471,132.462,124
2015-11-06 04:24:00,2015-11-06 04:25:00,132.44,132.442,132.448,132.44,132.462,132.465,132.471,132.463,52
2015-11-06 04:25:00,2015-11-06 04:26:00,132.442,132.439,132.446,132.438,132.465,132.461,132.468,132.46,54
2015-11-06 04:26:00,2015-11-06 04:27:00,132.439,132.458,132.462,132.439,132.461,132.48,132.484,132.462,124
2015-11-06 04:27:00,2015-11-06 04:28:00,132.458,132.467,132.468,132.457,132.48,132.49,132.491,132.479,155
2015-11-06 04:28:00,2015-11-06 04:29:00,132.467,132.473,132.477,132.457,132.49,132.496,132.498,132.48,124
2015-11-06 04:29:00,2015-11-06 04:30:00,132.473,132.466,132.48,132.46,132.496,132.489,132.502,132.482,175
2015-11-06 04:30:00,2015-11-06 04:31:00,132.466,132.459,132.476,132.457,132.489,132.481,132.499,132.48,166
2015-11-06 04:31:00,2015-11-06 04:32:00,132.459,132.469,132.471,132.457,132.481,132.49,132.492,132.48,86
2015-11-06 04:32:00,2015-11-06 04:33:00,132.469,132.474,132.474,132.466,132.49,132.496,132.497,132.489,90
2015-11-06 04:33:00,2015-11-06 04:34:00,132.474,132.456,132.473,132.446,132.496,132.478,132.496,132.469,198
2015-11-06 04:34:00,2015-11-06 04:35:00,132.456,132.465,132.466,132.457,132.478,132.488,132.489,132.478,131
2015-11-06 04:35:00,2015-11-06 04:36:00,132.465,132.466,132.478,132.464,132.488,132.489,132.5,132.487,111
2015-11-06 04:36:00,2015-11-06 04:37:00,132.466,132.467,132.471,132.463,132.489,132.49,132.493,132.486,73
2015-11-06 04:37:00,2015-11-06 04:38:00,132.467,132.469,132.474,132.459,132.49,132.492,132.498,132.482,114
2015-11-06 04:38:00,2015-11-06 04:39:00,132.469,132.464,132.473,132.464,132.492,132.488,132.496,132.487,52
2015-11-06 04:39:00,2015-11-06 04:40:00,132.464,132.469,132.472,132.465,132.488,132.491,132.492,132.487,21
2015-11-06 04:40:00,2015-11-06 04:41:00,132.469,132.465,132.47,132.465,132.491,132.487,132.492,132.487,43
2015-11-06 04:41:00,2015-11-06 04:42:00,132.465,132.469,132.471,132.466,132.487,132.492,132.494,132.487,58
2015-11-06 04:42:00,2015-11-06 04:43:00,132.469,132.466,132.473,132.465,132.492,132.489,132.496,132.486,81
2015-11-06 04:43:00,2015-11-06 04:44:00,132.466,132.474,132.475,132.467,132.489,132.496,132.498,132.489,65
2015-11-06 04:44:00,2015-11-06 04:45:00,132.474,132.479,132.479,132.469,132.496,132.502,132.502,132.491,54
2015-11-06 04:45:00,2015-11-06 04:46:00,132.479,132.488,132.488,132.478,132.502,132.511,132.512,132.501,97
2015-11-06 04:46:00,2015-11-06 04:47:00,132.488,132.502,132.503,132.48,132.511,132.525,132.525,132.503,192
2015-11-06 04:47:00,2015-11-06 04:48:00,132.502,132.501,132.504,132.5,132.525,132.525,132.527,132.523,48
2015-11-06 04:48:00,2015-11-06 04:49:00,132.501,132.509,132.51,132.495,132.525,132.533,132.533,132.518,87
2015-11-06 04:49:00,2015-11-06 04:50:00,132.509,132.505,132.513,132.502,132.533,132.527,132.535,132.525,87
2015-11-06 04:50:00,2015-11-06 04:51:00,132.505,132.506,132.506,132.502,132.527,132.527,132.528,132.525,37
2015-11-06 04:51:00,2015-11-06 04:52:00,132.506,132.489,132.506,132.482,132.527,132.512,132.526,132.504,76
2015-11-06 04:52:00,2015-11-06 04:53:00,132.489,132.467,132.494,132.464,132.512,132.488,132.518,132.487,197
2015-11-06 04:53:00,2015-11-06 04:54:00,132.467,132.485,132.486,132.463,132.488,132.508,132.509,132.486,160
2015-11-06 04:54:00,2015-11-06 04:55:00,132.485,132.487,132.493,132.477,132.508,132.509,132.515,132.501,113
2015-11-06 04:55:00,2015-11-06 04:56:00,132.487,132.467,132.487,132.465,132.509,132.488,132.51,132.487,113
2015-11-06 04:56:00,2015-11-06 04:57:00,132.467,132.468,132.471,132.466,132.488,132.492,132.493,132.487,41
2015-11-06 04:57:00,2015-11-06 04:58:00,132.468,132.454,132.468,132.454,132.492,132.478,132.492,132.478,73
2015-11-06 04:58:00,2015-11-06 04:59:00,132.454,132.513,132.528,132.455,132.478,132.539,132.555,132.479,220
2015-11-06 04:59:00,2015-11-06 05:00:00,132.513,132.517,132.517,132.503,132.539,132.54,132.541,132.529,119
2015-11-06 05:00:00,2015-11-06 05:01:00,132.517,132.521,132.522,132.51,132.54,132.544,132.544,132.534,149
2015-11-06 05:01:00,2015-11-06 05:02:00,132.521,132.557,132.561,132.517,132.544,132.58,132.583,132.542,286
2015-11-06 05:02:00,2015-11-06 05:03:00,132.557,132.521,132.558,132.52,132.58,132.545,132.58,132.544,219
2015-11-06 05:03:00,2015-11-06 05:04:00,132.521,132.51,132.52,132.507,132.545,132.534,132.545,132.532,146
2015-11-06 05:04:00,2015-11-06 05:05:00,132.51,132.511,132.513,132.504,132.534,132.534,132.536,132.528,105
2015-11-06 05:05:00,2015-11-06 05:06:00,132.511,132.522,132.527,132.511,132.534,132.544,132.547,132.534,126
2015-11-06 05:06:00,2015-11-06 05:07:00,132.522,132.539,132.542,132.518,132.544,132.564,132.565,132.541,223
2015-11-06 05:07:00,2015-11-06 05:08:00,132.539,132.542,132.55,132.538,132.564,132.566,132.572,132.561,133
2015-11-06 05:08:00,2015-11-06 05:09:00,132.542,132.533,132.543,132.528,132.566,132.555,132.567,132.552,103
2015-11-06 05:09:00,2015-11-06 05:10:00,132.533,132.531,132.538,132.531,132.555,132.556,132.56,132.554,122
2015-11-06 05:10:00,2015-11-06 05:11:00,132.531,132.543,132.545,132.528,132.556,132.567,132.569,132.551,169
2015-11-06 05:11:00,2015-11-06 05:12:00,132.543,132.547,132.552,132.539,132.567,132.569,132.576,132.565,167
2015-11-06 05:12:00,2015-11-06 05:13:00,132.547,132.554,132.556,132.543,132.569,132.577,132.578,132.567,151
2015-11-06 05:13:00,2015-11-06 05:14:00,132.554,132.555,132.566,132.55,132.577,132.578,132.588,132.573,198
2015-11-06 05:14:00,2015-11-06 05:15:00,132.555,132.562,132.564,132.551,132.578,132.584,132.586,132.574,136
2015-11-06 05:15:00,2015-11-06 05:16:00,132.562,132.571,132.574,132.561,132.584,132.594,132.596,132.584,146
2015-11-06 05:16:00,2015-11-06 05:17:00,132.571,132.579,132.579,132.563,132.594,132.601,132.601,132.586,170
2015-11-06 05:17:00,2015-11-06 05:18:00,132.579,132.577,132.584,132.569,132.601,132.599,132.605,132.592,191
2015-11-06 05:18:00,2015-11-06 05:19:00,132.577,132.572,132.578,132.567,132.599,132.595,132.6,132.59,113
2015-11-06 05:19:00,2015-11-06 05:20:00,132.572,132.564,132.574,132.558,132.595,132.585,132.595,132.582,152
2015-11-06 05:20:00,2015-11-06 05:21:00,132.564,132.559,132.571,132.557,132.585,132.581,132.593,132.579,176
2015-11-06 05:21:00,2015-11-06 05:22:00,132.559,132.57,132.575,132.559,132.581,132.593,132.597,132.581,183
2015-11-06 05:22:00,2015-11-06 05:23:00,132.57,132.552,132.57,132.539,132.593,132.575,132.594,132.562,158
2015-11-06 05:23:00,2015-11-06 05:24:00,132.552,132.585,132.591,132.552,132.575,132.602,132.609,132.574,237
2015-11-06 05:24:00,2015-11-06 05:25:00,132.585,132.582,132.59,132.581,132.602,132.606,132.613,132.603,162
2015-11-06 05:25:00,2015-11-06 05:26:00,132.582,132.582,132.592,132.581,132.606,132.603,132.615,132.603,101
2015-11-06 05:26:00,2015-11-06 05:27:00,132.582,132.571,132.584,132.57,132.603,132.593,132.606,132.593,134
2015-11-06 05:27:00,2015-11-06 05:28:00,132.571,132.571,132.578,132.567,132.593,132.593,132.6,132.589,145
2015-11-06 05:28:00,2015-11-06 05:29:00,132.571,132.563,132.572,132.559,132.593,132.584,132.595,132.581,87
2015-11-06 05:29:00,2015-11-06 05:30:00,132.563,132.576,132.589,132.563,132.584,132.597,132.612,132.585,156
2015-11-06 05:30:00,2015-11-06 05:31:00,132.576,132.562,132.576,132.561,132.597,132.585,132.598,132.584,60
2015-11-06 05:31:00,2015-11-06 05:32:00,132.562,132.567,132.569,132.562,132.585,132.59,132.591,132.584,86
2015-11-06 05:32:00,2015-11-06 05:33:00,132.567,132.579,132.58,132.568,132.59,132.603,132.604,132.59,130
2015-11-06 05:33:00,2015-11-06 05:34:00,132.579,132.555,132.58,132.554,132.603,132.577,132.603,132.577,144
2015-11-06 05:34:00,2015-11-06 05:35:00,132.555,132.561,132.564,132.555,132.577,132.584,132.585,132.577,69
2015-11-06 05:35:00,2015-11-06 05:36:00,132.561,132.56,132.562,132.56,132.584,132.583,132.585,132.583,30
2015-11-06 05:36:00,2015-11-06 05:37:00,132.56,132.558,132.561,132.553,132.583,132.581,132.584,132.577,51
2015-11-06 05:37:00,2015-11-06 05:38:00,132.558,132.56,132.565,132.556,132.581,132.582,132.587,132.579,70
2015-11-06 05:38:00,2015-11-06 05:39:00,132.56,132.556,132.561,132.553,132.582,132.58,132.584,132.576,105
2015-11-06 05:39:00,2015-11-06 05:40:00,132.556,132.554,132.556,132.554,132.58,132.577,132.579,132.576,17
2015-11-06 05:40:00,2015-11-06 05:41:00,132.554,132.548,132.556,132.545,132.577,132.57,132.579,132.568,113
2015-11-06 05:41:00,2015-11-06 05:42:00,132.548,132.55,132.551,132.542,132.57,132.573,132.574,132.564,124
2015-11-06 05:42:00,2015-11-06 05:43:00,132.55,132.556,132.556,132.546,132.573,132.577,132.578,132.568,134
2015-11-06 05:43:00,2015-11-06 05:44:00,132.556,132.56,132.564,132.554,132.577,132.584,132.586,132.576,90
2015-11-06 05:44:00,2015-11-06 05:45:00,132.56,132.562,132.563,132.557,132.584,132.585,132.585,132.579,57
2015-11-06 05:45:00,2015-11-06 05:46:00,132.562,132.562,132.562,132.561,132.585,132.585,132.585,132.585,2
2015-11-06 05:46:00,2015-11-06 05:47:00,132.562,132.559,132.562,132.551,132.585,132.583,132.584,132.574,77
2015-11-06 05:47:00,2015-11-06 05:48:00,132.559,132.569,132.57,132.557,132.583,132.592,132.592,132.58,74
2015-11-06 05:48:00,2015-11-06 05:49:00,132.569,132.583,132.587,132.568,132.592,132.605,132.613,132.592,100
2015-11-06 05:49:00,2015-11-06 05:50:00,132.583,132.582,132.586,132.575,132.605,132.605,132.609,132.599,73
2015-11-06 05:50:00,2015-11-06 05:51:00,132.582,132.578,132.584,132.577,132.605,132.6,132.606,132.599,201
2015-11-06 05:51:00,2015-11-06 05:52:00,132.578,132.557,132.578,132.552,132.6,132.579,132.6,132.574,145
2015-11-06 05:52:00,2015-11-06 05:53:00,132.557,132.551,132.561,132.546,132.579,132.573,132.583,132.567,103
2015-11-06 05:53:00,2015-11-06 05:54:00,132.551,132.552,132.554,132.55,132.573,132.575,132.575,132.573,16
2015-11-06 05:54:00,2015-11-06 05:55:00,132.552,132.554,132.556,132.55,132.575,132.576,132.58,132.574,36
2015-11-06 05:55:00,2015-11-06 05:56:00,132.554,132.553,132.555,132.549,132.576,132.576,132.578,132.572,40
2015-11-06 05:56:00,2015-11-06 05:57:00,132.553,132.55,132.556,132.546,132.576,132.572,132.577,132.569,66
2015-11-06 05:57:00,2015-11-06 05:58:00,132.55,132.546,132.552,132.546,132.572,132.57,132.576,132.568,201
2015-11-06 05:58:00,2015-11-06 05:59:00,132.546,132.545,132.556,132.545,132.57,132.567,132.578,132.566,212
2015-11-06 05:59:00,2015-11-06 06:00:00,132.545,132.569,132.57,132.543,132.567,132.591,132.592,132.564,110
2015-11-06 06:00:00,2015-11-06 06:01:00,132.569,132.552,132.569,132.547,132.591,132.575,132.592,132.57,95
2015-11-06 06:01:00,2015-11-06 06:02:00,132.552,132.552,132.556,132.55,132.575,132.572,132.577,132.572,69
2015-11-06 06:02:00,2015-11-06 06:03:00,132.552,132.553,132.555,132.55,132.572,132.574,132.576,132.572,55
2015-11-06 06:03:00,2015-11-06 06:04:00,132.553,132.55,132.553,132.547,132.574,132.571,132.575,132.568,59
2015-11-06 06:04:00,2015-11-06 06:05:00,132.55,132.546,132.552,132.544,132.571,132.566,132.574,132.565,57
2015-11-06 06:05:00,2015-11-06 06:06:00,132.546,132.544,132.55,132.542,132.566,132.567,132.572,132.564,45
2015-11-06 06:06:00,2015-11-06 06:07:00,132.544,132.541,132.546,132.539,132.567,132.563,132.569,132.561,79
2015-11-06 06:07:00,2015-11-06 06:08:00,132.541,132.542,132.546,132.541,132.563,132.562,132.568,132.562,98
2015-11-06 06:08:00,2015-11-06 06:09:00,132.542,132.533,132.542,132.529,132.562,132.555,132.563,132.551,77
2015-11-06 06:09:00,2015-11-06 06:10:00,132.533,132.547,132.551,132.534,132.555,132.566,132.575,132.555,110
2015-11-06 06:10:00,2015-11-06 06:11:00,132.547,132.537,132.548,132.535,132.566,132.56,132.57,132.558,65
2015-11-06 06:11:00,2015-11-06 06:12:00,132.537,132.53,132.54,132.528,132.56,132.554,132.561,132.55,103
2015-11-06 06:12:00,2015-11-06 06:13:00,132.53,132.542,132.542,132.529,132.554,132.564,132.564,132.552,78
2015-11-06 06:13:00,2015-11-06 06:14:00,132.542,132.529,132.542,132.528,132.564,132.552,132.563,132.549,129
2015-11-06 06:14:00,2015-11-06 06:15:00,132.529,132.504,132.53,132.5,132.552,132.527,132.552,132.522,177
2015-11-06 06:15:00,2015-11-06 06:16:00,132.504,132.484,132.507,132.464,132.527,132.506,132.529,132.487,280
2015-11-06 06:16:00,2015-11-06 06:17:00,132.484,132.496,132.498,132.473,132.506,132.518,132.52,132.494,213
2015-11-06 06:17:00,2015-11-06 06:18:00,132.496,132.501,132.508,132.489,132.518,132.523,132.531,132.51,177
2015-11-06 06:18:00,2015-11-06 06:19:00,132.501,132.529,132.529,132.501,132.523,132.547,132.55,132.524,107
2015-11-06 06:19:00,2015-11-06 06:20:00,132.529,132.522,132.533,132.519,132.547,132.54,132.554,132.536,120
2015-11-06 06:20:00,2015-11-06 06:21:00,132.522,132.527,132.529,132.519,132.54,132.546,132.548,132.538,141
2015-11-06 06:21:00,2015-11-06 06:22:00,132.527,132.524,132.531,132.519,132.546,132.545,132.553,132.538,160
2015-11-06 06:22:00,2015-11-06 06:23:00,132.524,132.537,132.541,132.525,132.545,132.557,132.561,132.545,215
2015-11-06 06:23:00,2015-11-06 06:24:00,132.537,132.527,132.538,132.523,132.557,132.549,132.559,132.542,178
2015-11-06 06:24:00,2015-11-06 06:25:00,132.527,132.524,132.536,132.524,132.549,132.547,132.556,132.546,116
2015-11-06 06:25:00,2015-11-06 06:26:00,132.524,132.545,132.548,132.524,132.547,132.566,132.571,132.545,141
2015-11-06 06:26:00,2015-11-06 06:27:00,132.545,132.537,132.545,132.53,132.566,132.557,132.565,132.551,123
2015-11-06 06:27:00,2015-11-06 06:28:00,132.537,132.557,132.56,132.535,132.557,132.578,132.581,132.553,220
2015-11-06 06:28:00,2015-11-06 06:29:00,132.557,132.469,132.559,132.461,132.578,132.491,132.58,132.481,472
2015-11-06 06:29:00,2015-11-06 06:30:00,132.469,132.491,132.498,132.468,132.491,132.515,132.519,132.489,344
2015-11-06 06:30:00,2015-11-06 06:31:00,132.491,132.505,132.506,132.486,132.515,132.528,132.529,132.509,149
2015-11-06 06:31:00,2015-11-06 06:32:00,132.505,132.516,132.517,132.497,132.528,132.539,132.539,132.52,111
2015-11-06 06:32:00,2015-11-06 06:33:00,132.516,132.515,132.517,132.514,132.539,132.539,132.54,132.538,23
2015-11-06 06:33:00,2015-11-06 06:34:00,132.515,132.501,132.515,132.5,132.539,132.524,132.538,132.524,126
2015-11-06 06:34:00,2015-11-06 06:35:00,132.501,132.51,132.516,132.5,132.524,132.534,132.539,132.523,109
2015-11-06 06:35:00,2015-11-06 06:36:00,132.51,132.496,132.511,132.493,132.534,132.517,132.534,132.516,86
2015-11-06 06:36:00,2015-11-06 06:37:00,132.496,132.507,132.518,132.497,132.517,132.528,132.538,132.517,205
2015-11-06 06:37:00,2015-11-06 06:38:00,132.507,132.536,132.538,132.505,132.528,132.558,132.56,132.525,274
2015-11-06 06:38:00,2015-11-06 06:39:00,132.536,132.544,132.544,132.532,132.558,132.567,132.567,132.556,185
2015-11-06 06:39:00,2015-11-06 06:40:00,132.544,132.545,132.547,132.525,132.567,132.567,132.57,132.548,156
2015-11-06 06:40:00,2015-11-06 06:41:00,132.545,132.546,132.553,132.536,132.567,132.569,132.577,132.559,194
2015-11-06 06:41:00,2015-11-06 06:42:00,132.546,132.544,132.551,132.543,132.569,132.567,132.574,132.567,36
2015-11-06 06:42:00,2015-11-06 06:43:00,132.544,132.549,132.549,132.543,132.567,132.57,132.571,132.567,26
2015-11-06 06:43:00,2015-11-06 06:44:00,132.549,132.492,132.549,132.485,132.57,132.514,132.572,132.506,295
2015-11-06 06:44:00,2015-11-06 06:45:00,132.492,132.49,132.5,132.488,132.514,132.512,132.519,132.509,153
2015-11-06 06:45:00,2015-11-06 06:46:00,132.49,132.491,132.495,132.482,132.512,132.513,132.516,132.505,240
2015-11-06 06:46:00,2015-11-06 06:47:00,132.491,132.493,132.506,132.491,132.513,132.515,132.528,132.513,132
2015-11-06 06:47:00,2015-11-06 06:48:00,132.493,132.482,132.494,132.482,132.515,132.504,132.517,132.504,96
2015-11-06 06:48:00,2015-11-06 06:49:00,132.482,132.502,132.503,132.473,132.504,132.524,132.524,132.494,316
2015-11-06 06:49:00,2015-11-06 06:50:00,132.502,132.512,132.521,132.5,132.524,132.536,132.543,132.523,352
2015-11-06 06:50:00,2015-11-06 06:51:00,132.512,132.506,132.518,132.494,132.536,132.528,132.541,132.516,418
2015-11-06 06:51:00,2015-11-06 06:52:00,132.506,132.497,132.506,132.496,132.528,132.519,132.527,132.519,199
2015-11-06 06:52:00,2015-11-06 06:53:00,132.497,132.486,132.499,132.481,132.519,132.509,132.52,132.504,123
2015-11-06 06:53:00,2015-11-06 06:54:00,132.486,132.471,132.486,132.467,132.509,132.495,132.508,132.489,188
2015-11-06 06:54:00,2015-11-06 06:55:00,132.471,132.49,132.491,132.47,132.495,132.512,132.513,132.494,232
2015-11-06 06:55:00,2015-11-06 06:56:00,132.49,132.483,132.494,132.475,132.512,132.504,132.516,132.498,127
2015-11-06 06:56:00,2015-11-06 06:57:00,132.483,132.483,132.489,132.479,132.504,132.505,132.512,132.5,119
2015-11-06 06:57:00,2015-11-06 06:58:00,132.483,132.474,132.488,132.471,132.505,132.496,132.511,132.495,223
2015-11-06 06:58:00,2015-11-06 06:59:00,132.474,132.463,132.481,132.455,132.496,132.489,132.501,132.476,329
2015-11-06 06:59:00,2015-11-06 07:00:00,132.463,132.515,132.516,132.44,132.489,132.539,132.539,132.462,502
2015-11-06 07:00:00,2015-11-06 07:01:00,132.515,132.485,132.515,132.48,132.539,132.507,132.539,132.502,350
2015-11-06 07:01:00,2015-11-06 07:02:00,132.485,132.477,132.49,132.465,132.507,132.5,132.513,132.488,330
2015-11-06 07:02:00,2015-11-06 07:03:00,132.477,132.477,132.49,132.468,132.5,132.5,132.512,132.491,374
2015-11-06 07:03:00,2015-11-06 07:04:00,132.477,132.46,132.478,132.455,132.5,132.484,132.5,132.476,229
2015-11-06 07:04:00,2015-11-06 07:05:00,132.46,132.486,132.516,132.455,132.484,132.508,132.535,132.478,478
2015-11-06 07:05:00,2015-11-06 07:06:00,132.486,132.49,132.508,132.476,132.508,132.514,132.528,132.498,488
2015-11-06 07:06:00,2015-11-06 07:07:00,132.49,132.504,132.505,132.468,132.514,132.524,132.527,132.491,495
2015-11-06 07:07:00,2015-11-06 07:08:00,132.504,132.501,132.505,132.494,132.524,132.522,132.528,132.513,283
2015-11-06 07:08:00,2015-11-06 07:09:00,132.501,132.473,132.502,132.472,132.522,132.496,132.525,132.495,162
2015-11-06 07:09:00,2015-11-06 07:10:00,132.473,132.473,132.496,132.473,132.496,132.497,132.518,132.496,281
2015-11-06 07:10:00,2015-11-06 07:11:00,132.473,132.472,132.479,132.468,132.497,132.495,132.501,132.491,211
2015-11-06 07:11:00,2015-11-06 07:12:00,132.472,132.465,132.475,132.454,132.495,132.489,132.498,132.477,348
2015-11-06 07:12:00,2015-11-06 07:13:00,132.465,132.465,132.466,132.443,132.489,132.488,132.489,132.465,318
2015-11-06 07:13:00,2015-11-06 07:14:00,132.465,132.488,132.488,132.457,132.488,132.511,132.511,132.479,318
2015-11-06 07:14:00,2015-11-06 07:15:00,132.488,132.46,132.49,132.459,132.511,132.484,132.511,132.482,317
2015-11-06 07:15:00,2015-11-06 07:16:00,132.46,132.472,132.477,132.456,132.484,132.496,132.498,132.477,350
2015-11-06 07:16:00,2015-11-06 07:17:00,132.472,132.471,132.478,132.453,132.496,132.493,132.501,132.476,374
2015-11-06 07:17:00,2015-11-06 07:18:00,132.471,132.472,132.476,132.463,132.493,132.495,132.498,132.486,320
2015-11-06 07:18:00,2015-11-06 07:19:00,132.472,132.496,132.5,132.471,132.495,132.52,132.522,132.495,393
2015-11-06 07:19:00,2015-11-06 07:20:00,132.496,132.515,132.516,132.497,132.52,132.535,132.539,132.52,275
2015-11-06 07:20:00,2015-11-06 07:21:00,132.515,132.495,132.515,132.489,132.535,132.519,132.537,132.513,204
2015-11-06 07:21:00,2015-11-06 07:22:00,132.495,132.489,132.514,132.489,132.519,132.513,132.535,132.512,228
2015-11-06 07:22:00,2015-11-06 07:23:00,132.489,132.482,132.49,132.479,132.513,132.505,132.513,132.501,149
2015-11-06 07:23:00,2015-11-06 07:24:00,132.482,132.501,132.501,132.476,132.505,132.521,132.521,132.498,264
2015-11-06 07:24:00,2015-11-06 07:25:00,132.501,132.511,132.521,132.497,132.521,132.532,132.542,132.517,299
2015-11-06 07:25:00,2015-11-06 07:26:00,132.511,132.512,132.525,132.506,132.532,132.535,132.549,132.528,248
2015-11-06 07:26:00,2015-11-06 07:27:00,132.512,132.509,132.521,132.505,132.535,132.532,132.543,132.527,214
2015-11-06 07:27:00,2015-11-06 07:28:00,132.509,132.495,132.513,132.494,132.532,132.518,132.534,132.516,118
2015-11-06 07:28:00,2015-11-06 07:29:00,132.495,132.512,132.515,132.497,132.518,132.533,132.537,132.518,174
2015-11-06 07:29:00,2015-11-06 07:30:00,132.512,132.557,132.565,132.512,132.533,132.576,132.585,132.533,461
2015-11-06 07:30:00,2015-11-06 07:31:00,132.557,132.563,132.57,132.532,132.576,132.585,132.591,132.555,300
2015-11-06 07:31:00,2015-11-06 07:32:00,132.563,132.539,132.566,132.534,132.585,132.56,132.589,132.555,226
2015-11-06 07:32:00,2015-11-06 07:33:00,132.539,132.556,132.556,132.539,132.56,132.575,132.576,132.559,208
2015-11-06 07:33:00,2015-11-06 07:34:00,132.556,132.536,132.557,132.536,132.575,132.559,132.58,132.559,252
2015-11-06 07:34:00,2015-11-06 07:35:00,132.536,132.534,132.542,132.526,132.559,132.558,132.564,132.548,332
2015-11-06 07:35:00,2015-11-06 07:36:00,132.534,132.554,132.564,132.534,132.558,132.577,132.586,132.558,268
2015-11-06 07:36:00,2015-11-06 07:37:00,132.554,132.534,132.563,132.53,132.577,132.556,132.585,132.553,327
2015-11-06 07:37:00,2015-11-06 07:38:00,132.534,132.511,132.536,132.51,132.556,132.534,132.557,132.531,260
2015-11-06 07:38:00,2015-11-06 07:39:00,132.511,132.506,132.52,132.506,132.534,132.528,132.542,132.528,172
2015-11-06 07:39:00,2015-11-06 07:40:00,132.506,132.509,132.51,132.486,132.528,132.532,132.534,132.508,231
2015-11-06 07:40:00,2015-11-06 07:41:00,132.509,132.5,132.522,132.5,132.532,132.523,132.545,132.522,273
2015-11-06 07:41:00,2015-11-06 07:42:00,132.5,132.49,132.521,132.487,132.523,132.512,132.545,132.51,278
2015-11-06 07:42:00,2015-11-06 07:43:00,132.49,132.529,132.529,132.486,132.512,132.553,132.553,132.508,253
2015-11-06 07:43:00,2015-11-06 07:44:00,132.529,132.509,132.534,132.501,132.553,132.533,132.556,132.525,323
2015-11-06 07:44:00,2015-11-06 07:45:00,132.509,132.499,132.515,132.498,132.533,132.523,132.538,132.519,169
2015-11-06 07:45:00,2015-11-06 07:46:00,132.499,132.507,132.511,132.499,132.523,132.529,132.533,132.522,62
2015-11-06 07:46:00,2015-11-06 07:47:00,132.507,132.513,132.525,132.507,132.529,132.534,132.548,132.528,143
2015-11-06 07:47:00,2015-11-06 07:48:00,132.513,132.526,132.534,132.51,132.534,132.549,132.555,132.532,269
2015-11-06 07:48:00,2015-11-06 07:49:00,132.526,132.513,132.526,132.504,132.549,132.534,132.549,132.527,163
2015-11-06 07:49:00,2015-11-06 07:50:00,132.513,132.525,132.525,132.512,132.534,132.547,132.548,132.533,190
2015-11-06 07:50:00,2015-11-06 07:51:00,132.525,132.528,132.534,132.523,132.547,132.55,132.555,132.545,150
2015-11-06 07:51:00,2015-11-06 07:52:00,132.528,132.534,132.535,132.528,132.55,132.558,132.558,132.551,90
2015-11-06 07:52:00,2015-11-06 07:53:00,132.534,132.534,132.537,132.531,132.558,132.556,132.559,132.554,77
2015-11-06 07:53:00,2015-11-06 07:54:00,132.534,132.52,132.538,132.512,132.556,132.543,132.558,132.532,255
2015-11-06 07:54:00,2015-11-06 07:55:00,132.52,132.497,132.52,132.495,132.543,132.52,132.543,132.518,153
2015-11-06 07:55:00,2015-11-06 07:56:00,132.497,132.497,132.51,132.485,132.52,132.517,132.531,132.507,286
2015-11-06 07:56:00,2015-11-06 07:57:00,132.497,132.493,132.499,132.485,132.517,132.515,132.519,132.508,218
2015-11-06 07:57:00,2015-11-06 07:58:00,132.493,132.504,132.504,132.489,132.515,132.527,132.528,132.511,131
2015-11-06 07:58:00,2015-11-06 07:59:00,132.504,132.519,132.527,132.5,132.527,132.541,132.549,132.522,182
2015-11-06 07:59:00,2015-11-06 08:00:00,132.519,132.562,132.565,132.518,132.541,132.587,132.589,132.541,426
2015-11-06 08:00:00,2015-11-06 08:01:00,132.562,132.554,132.578,132.538,132.587,132.577,132.599,132.559,494
2015-11-06 08:01:00,2015-11-06 08:02:00,132.554,132.57,132.574,132.554,132.577,132.59,132.593,132.576,305
2015-11-06 08:02:00,2015-11-06 08:03:00,132.57,132.627,132.627,132.57,132.59,132.648,132.648,132.591,415
2015-11-06 08:03:00,2015-11-06 08:04:00,132.627,132.633,132.651,132.616,132.648,132.654,132.672,132.637,320
2015-11-06 08:04:00,2015-11-06 08:05:00,132.633,132.612,132.632,132.61,132.654,132.634,132.655,132.633,361
2015-11-06 08:05:00,2015-11-06 08:06:00,132.612,132.616,132.636,132.611,132.634,132.636,132.656,132.633,487
2015-11-06 08:06:00,2015-11-06 08:07:00,132.616,132.605,132.626,132.596,132.636,132.628,132.647,132.617,411
2015-11-06 08:07:00,2015-11-06 08:08:00,132.605,132.616,132.622,132.598,132.628,132.639,132.644,132.621,286
2015-11-06 08:08:00,2015-11-06 08:09:00,132.616,132.605,132.618,132.592,132.639,132.628,132.64,132.613,369
2015-11-06 08:09:00,2015-11-06 08:10:00,132.605,132.602,132.616,132.597,132.628,132.623,132.638,132.618,357
2015-11-06 08:10:00,2015-11-06 08:11:00,132.602,132.624,132.625,132.591,132.623,132.646,132.646,132.615,379
2015-11-06 08:11:00,2015-11-06 08:12:00,132.624,132.606,132.644,132.601,132.646,132.629,132.665,132.625,590
2015-11-06 08:12:00,2015-11-06 08:13:00,132.606,132.603,132.626,132.6,132.629,132.625,132.647,132.621,382
2015-11-06 08:13:00,2015-11-06 08:14:00,132.603,132.572,132.603,132.545,132.625,132.595,132.624,132.567,678
2015-11-06 08:14:00,2015-11-06 08:15:00,132.572,132.551,132.574,132.545,132.595,132.575,132.597,132.565,712
2015-11-06 08:15:00,2015-11-06 08:16:00,132.551,132.579,132.579,132.539,132.575,132.603,132.603,132.561,410
2015-11-06 08:16:00,2015-11-06 08:17:00,132.579,132.587,132.593,132.567,132.603,132.605,132.616,132.589,406
2015-11-06 08:17:00,2015-11-06 08:18:00,132.587,132.577,132.606,132.576,132.605,132.6,132.627,132.599,246
2015-11-06 08:18:00,2015-11-06 08:19:00,132.577,132.583,132.588,132.569,132.6,132.606,132.611,132.592,372
2015-11-06 08:19:00,2015-11-06 08:20:00,132.583,132.598,132.602,132.579,132.606,132.621,132.625,132.602,426
2015-11-06 08:20:00,2015-11-06 08:21:00,132.598,132.578,132.611,132.575,132.621,132.6,132.631,132.598,382
2015-11-06 08:21:00,2015-11-06 08:22:00,132.578,132.632,132.639,132.578,132.6,132.654,132.662,132.598,605
2015-11-06 08:22:00,2015-11-06 08:23:00,132.632,132.624,132.635,132.61,132.654,132.647,132.658,132.634,437
2015-11-06 08:23:00,2015-11-06 08:24:00,132.624,132.578,132.624,132.578,132.647,132.601,132.648,132.601,476
2015-11-06 08:24:00,2015-11-06 08:25:00,132.578,132.555,132.589,132.554,132.601,132.578,132.613,132.576,409
2015-11-06 08:25:00,2015-11-06 08:26:00,132.555,132.538,132.562,132.537,132.578,132.56,132.584,132.559,290
2015-11-06 08:26:00,2015-11-06 08:27:00,132.538,132.556,132.563,132.531,132.56,132.577,132.585,132.554,360
2015-11-06 08:27:00,2015-11-06 08:28:00,132.556,132.578,132.581,132.544,132.577,132.598,132.603,132.566,335
2015-11-06 08:28:00,2015-11-06 08:29:00,132.578,132.599,132.602,132.575,132.598,132.618,132.624,132.595,301
2015-11-06 08:29:00,2015-11-06 08:30:00,132.599,132.589,132.603,132.581,132.618,132.611,132.624,132.603,350
2015-11-06 08:30:00,2015-11-06 08:31:00,132.589,132.579,132.591,132.57,132.611,132.601,132.614,132.592,485
2015-11-06 08:31:00,2015-11-06 08:32:00,132.579,132.559,132.594,132.554,132.601,132.58,132.614,132.577,289
2015-11-06 08:32:00,2015-11-06 08:33:00,132.559,132.571,132.589,132.559,132.58,132.594,132.61,132.581,252
2015-11-06 08:33:00,2015-11-06 08:34:00,132.571,132.582,132.583,132.561,132.594,132.603,132.605,132.583,331
2015-11-06 08:34:00,2015-11-06 08:35:00,132.582,132.589,132.608,132.548,132.603,132.613,132.63,132.571,682
2015-11-06 08:35:00,2015-11-06 08:36:00,132.589,132.573,132.588,132.555,132.613,132.596,132.613,132.577,346
2015-11-06 08:36:00,2015-11-06 08:37:00,132.573,132.564,132.585,132.562,132.596,132.587,132.607,132.583,349
2015-11-06 08:37:00,2015-11-06 08:38:00,132.564,132.596,132.605,132.562,132.587,132.617,132.626,132.585,415
2015-11-06 08:38:00,2015-11-06 08:39:00,132.596,132.581,132.604,132.581,132.617,132.604,132.627,132.603,384
2015-11-06 08:39:00,2015-11-06 08:40:00,132.581,132.59,132.607,132.58,132.604,132.613,132.628,132.603,340
2015-11-06 08:40:00,2015-11-06 08:41:00,132.59,132.572,132.602,132.572,132.613,132.595,132.623,132.594,330
2015-11-06 08:41:00,2015-11-06 08:42:00,132.572,132.56,132.574,132.553,132.595,132.583,132.597,132.574,381
2015-11-06 08:42:00,2015-11-06 08:43:00,132.56,132.571,132.575,132.552,132.583,132.594,132.598,132.575,230
2015-11-06 08:43:00,2015-11-06 08:44:00,132.571,132.564,132.574,132.547,132.594,132.587,132.596,132.569,552
2015-11-06 08:44:00,2015-11-06 08:45:00,132.564,132.56,132.574,132.556,132.587,132.583,132.598,132.579,442
2015-11-06 08:45:00,2015-11-06 08:46:00,132.56,132.516,132.563,132.516,132.583,132.538,132.587,132.537,452
2015-11-06 08:46:00,2015-11-06 08:47:00,132.516,132.552,132.553,132.517,132.538,132.572,132.572,132.537,418
2015-11-06 08:47:00,2015-11-06 08:48:00,132.552,132.576,132.577,132.545,132.572,132.597,132.598,132.566,422
2015-11-06 08:48:00,2015-11-06 08:49:00,132.576,132.578,132.587,132.568,132.597,132.597,132.607,132.588,359
2015-11-06 08:49:00,2015-11-06 08:50:00,132.578,132.578,132.591,132.564,132.597,132.601,132.612,132.583,369
2015-11-06 08:50:00,2015-11-06 08:51:00,132.578,132.574,132.587,132.572,132.601,132.595,132.609,132.592,316
2015-11-06 08:51:00,2015-11-06 08:52:00,132.574,132.579,132.596,132.572,132.595,132.602,132.617,132.595,383
2015-11-06 08:52:00,2015-11-06 08:53:00,132.579,132.556,132.585,132.555,132.602,132.579,132.606,132.578,190
2015-11-06 08:53:00,2015-11-06 08:54:00,132.556,132.55,132.562,132.54,132.579,132.572,132.584,132.562,329
2015-11-06 08:54:00,2015-11-06 08:55:00,132.55,132.52,132.552,132.52,132.572,132.542,132.573,132.541,252
2015-11-06 08:55:00,2015-11-06 08:56:00,132.52,132.529,132.533,132.51,132.542,132.551,132.555,132.532,299
2015-11-06 08:56:00,2015-11-06 08:57:00,132.529,132.524,132.532,132.524,132.551,132.545,132.554,132.545,175
2015-11-06 08:57:00,2015-11-06 08:58:00,132.524,132.527,132.528,132.513,132.545,132.549,132.549,132.534,272
2015-11-06 08:58:00,2015-11-06 08:59:00,132.527,132.518,132.533,132.512,132.549,132.54,132.555,132.535,343
2015-11-06 08:59:00,2015-11-06 09:00:00,132.518,132.553,132.554,132.509,132.54,132.576,132.576,132.531,370
2015-11-06 09:00:00,2015-11-06 09:01:00,132.553,132.556,132.565,132.544,132.576,132.574,132.583,132.566,313
2015-11-06 09:01:00,2015-11-06 09:02:00,132.556,132.534,132.568,132.533,132.574,132.556,132.589,132.555,381
2015-11-06 09:02:00,2015-11-06 09:03:00,132.534,132.512,132.537,132.506,132.556,132.536,132.56,132.528,343
2015-11-06 09:03:00,2015-11-06 09:04:00,132.512,132.521,132.523,132.505,132.536,132.542,132.544,132.527,281
2015-11-06 09:04:00,2015-11-06 09:05:00,132.521,132.551,132.557,132.52,132.542,132.574,132.578,132.541,416
2015-11-06 09:05:00,2015-11-06 09:06:00,132.551,132.545,132.561,132.541,132.574,132.566,132.584,132.564,231
2015-11-06 09:06:00,2015-11-06 09:07:00,132.545,132.527,132.545,132.519,132.566,132.549,132.567,132.542,470
2015-11-06 09:07:00,2015-11-06 09:08:00,132.527,132.513,132.532,132.512,132.549,132.534,132.556,132.532,352
2015-11-06 09:08:00,2015-11-06 09:09:00,132.513,132.516,132.525,132.512,132.534,132.539,132.547,132.534,192
2015-11-06 09:09:00,2015-11-06 09:10:00,132.516,132.526,132.527,132.512,132.539,132.548,132.55,132.535,227
2015-11-06 09:10:00,2015-11-06 09:11:00,132.526,132.522,132.53,132.505,132.548,132.545,132.554,132.528,395
2015-11-06 09:11:00,2015-11-06 09:12:00,132.522,132.532,132.55,132.521,132.545,132.555,132.571,132.543,266
2015-11-06 09:12:00,2015-11-06 09:13:00,132.532,132.541,132.547,132.53,132.555,132.564,132.569,132.552,261
2015-11-06 09:13:00,2015-11-06 09:14:00,132.541,132.554,132.554,132.531,132.564,132.578,132.578,132.553,305
2015-11-06 09:14:00,2015-11-06 09:15:00,132.554,132.543,132.556,132.536,132.578,132.565,132.579,132.557,371
2015-11-06 09:15:00,2015-11-06 09:16:00,132.543,132.53,132.55,132.528,132.565,132.552,132.571,132.549,228
2015-11-06 09:16:00,2015-11-06 09:17:00,132.53,132.535,132.538,132.524,132.552,132.555,132.557,132.544,147
2015-11-06 09:17:00,2015-11-06 09:18:00,132.535,132.549,132.551,132.53,132.555,132.572,132.574,132.548,338
2015-11-06 09:18:00,2015-11-06 09:19:00,132.549,132.554,132.554,132.541,132.572,132.576,132.577,132.56,198
2015-11-06 09:19:00,2015-11-06 09:20:00,132.554,132.532,132.555,132.53,132.576,132.555,132.578,132.553,388
2015-11-06 09:20:00,2015-11-06 09:21:00,132.532,132.525,132.537,132.525,132.555,132.545,132.558,132.545,172
2015-11-06 09:21:00,2015-11-06 09:22:00,132.525,132.527,132.531,132.52,132.545,132.549,132.553,132.543,233
2015-11-06 09:22:00,2015-11-06 09:23:00,132.527,132.523,132.545,132.517,132.549,132.544,132.564,132.539,312
2015-11-06 09:23:00,2015-11-06 09:24:00,132.523,132.533,132.54,132.523,132.544,132.555,132.563,132.543,251
2015-11-06 09:24:00,2015-11-06 09:25:00,132.533,132.543,132.544,132.525,132.555,132.564,132.564,132.548,279
2015-11-06 09:25:00,2015-11-06 09:26:00,132.543,132.543,132.543,132.532,132.564,132.564,132.564,132.554,129
2015-11-06 09:26:00,2015-11-06 09:27:00,132.543,132.523,132.545,132.521,132.564,132.544,132.567,132.542,209
2015-11-06 09:27:00,2015-11-06 09:28:00,132.523,132.552,132.555,132.522,132.544,132.575,132.578,132.542,212
2015-11-06 09:28:00,2015-11-06 09:29:00,132.552,132.558,132.566,132.552,132.575,132.581,132.588,132.574,298
2015-11-06 09:29:00,2015-11-06 09:30:00,132.558,132.533,132.559,132.533,132.581,132.555,132.581,132.555,252
2015-11-06 09:30:00,2015-11-06 09:31:00,132.533,132.53,132.539,132.528,132.555,132.552,132.561,132.55,135
2015-11-06 09:31:00,2015-11-06 09:32:00,132.53,132.498,132.542,132.498,132.552,132.516,132.562,132.516,285
2015-11-06 09:32:00,2015-11-06 09:33:00,132.498,132.499,132.508,132.495,132.516,132.52,132.526,132.516,316
2015-11-06 09:33:00,2015-11-06 09:34:00,132.499,132.522,132.523,132.496,132.52,132.539,132.541,132.516,205
2015-11-06 09:34:00,2015-11-06 09:35:00,132.522,132.499,132.519,132.496,132.539,132.519,132.539,132.516,287
2015-11-06 09:35:00,2015-11-06 09:36:00,132.499,132.519,132.519,132.497,132.519,132.541,132.541,132.519,186
2015-11-06 09:36:00,2015-11-06 09:37:00,132.519,132.529,132.529,132.505,132.541,132.552,132.552,132.526,355
2015-11-06 09:37:00,2015-11-06 09:38:00,132.529,132.526,132.535,132.523,132.552,132.549,132.558,132.547,270
2015-11-06 09:38:00,2015-11-06 09:39:00,132.526,132.526,132.526,132.503,132.549,132.545,132.548,132.526,316
2015-11-06 09:39:00,2015-11-06 09:40:00,132.526,132.529,132.537,132.521,132.545,132.553,132.558,132.544,280
2015-11-06 09:40:00,2015-11-06 09:41:00,132.529,132.525,132.542,132.525,132.553,132.548,132.564,132.548,130
2015-11-06 09:41:00,2015-11-06 09:42:00,132.525,132.537,132.547,132.526,132.548,132.56,132.571,132.548,301
2015-11-06 09:42:00,2015-11-06 09:43:00,132.537,132.498,132.539,132.495,132.56,132.521,132.563,132.517,461
2015-11-06 09:43:00,2015-11-06 09:44:00,132.498,132.509,132.511,132.494,132.521,132.53,132.535,132.516,268
2015-11-06 09:44:00,2015-11-06 09:45:00,132.509,132.522,132.525,132.495,132.53,132.544,132.549,132.517,226
2015-11-06 09:45:00,2015-11-06 09:46:00,132.522,132.52,132.522,132.51,132.544,132.544,132.545,132.533,334
2015-11-06 09:46:00,2015-11-06 09:47:00,132.52,132.51,132.52,132.506,132.544,132.536,132.544,132.531,457
2015-11-06 09:47:00,2015-11-06 09:48:00,132.51,132.502,132.523,132.502,132.536,132.526,132.548,132.525,451
2015-11-06 09:48:00,2015-11-06 09:49:00,132.502,132.512,132.518,132.498,132.526,132.537,132.541,132.52,283
2015-11-06 09:49:00,2015-11-06 09:50:00,132.512,132.488,132.513,132.488,132.537,132.51,132.537,132.51,177
2015-11-06 09:50:00,2015-11-06 09:51:00,132.488,132.479,132.494,132.477,132.51,132.503,132.517,132.501,233
2015-11-06 09:51:00,2015-11-06 09:52:00,132.479,132.48,132.497,132.478,132.503,132.503,132.519,132.501,247
2015-11-06 09:52:00,2015-11-06 09:53:00,132.48,132.465,132.487,132.465,132.503,132.488,132.509,132.488,325
2015-11-06 09:53:00,2015-11-06 09:54:00,132.465,132.477,132.483,132.461,132.488,132.498,132.506,132.483,454
2015-11-06 09:54:00,2015-11-06 09:55:00,132.477,132.476,132.483,132.469,132.498,132.499,132.506,132.493,308
2015-11-06 09:55:00,2015-11-06 09:56:00,132.476,132.49,132.496,132.47,132.499,132.512,132.515,132.493,301
2015-11-06 09:56:00,2015-11-06 09:57:00,132.49,132.473,132.493,132.473,132.512,132.496,132.515,132.496,243
2015-11-06 09:57:00,2015-11-06 09:58:00,132.473,132.465,132.49,132.455,132.496,132.489,132.513,132.476,485
2015-11-06 09:58:00,2015-11-06 09:59:00,132.465,132.452,132.471,132.449,132.489,132.477,132.494,132.472,377
2015-11-06 09:59:00,2015-11-06 10:00:00,132.452,132.464,132.469,132.44,132.477,132.487,132.493,132.463,432
2015-11-06 10:00:00,2015-11-06 10:01:00,132.464,132.463,132.482,132.462,132.487,132.485,132.504,132.484,349
2015-11-06 10:01:00,2015-11-06 10:02:00,132.463,132.466,132.478,132.456,132.485,132.488,132.499,132.478,258
2015-11-06 10:02:00,2015-11-06 10:03:00,132.466,132.47,132.478,132.461,132.488,132.493,132.501,132.485,244
2015-11-06 10:03:00,2015-11-06 10:04:00,132.47,132.482,132.483,132.469,132.493,132.504,132.506,132.491,126
2015-11-06 10:04:00,2015-11-06 10:05:00,132.482,132.483,132.49,132.472,132.504,132.507,132.512,132.496,279
2015-11-06 10:05:00,2015-11-06 10:06:00,132.483,132.484,132.486,132.475,132.507,132.506,132.508,132.497,202
2015-11-06 10:06:00,2015-11-06 10:07:00,132.484,132.478,132.485,132.472,132.506,132.498,132.506,132.493,215
2015-11-06 10:07:00,2015-11-06 10:08:00,132.478,132.501,132.501,132.477,132.498,132.52,132.52,132.496,308
2015-11-06 10:08:00,2015-11-06 10:09:00,132.501,132.525,132.529,132.502,132.52,132.547,132.548,132.519,233
2015-11-06 10:09:00,2015-11-06 10:10:00,132.525,132.503,132.525,132.492,132.547,132.523,132.546,132.515,282
2015-11-06 10:10:00,2015-11-06 10:11:00,132.503,132.485,132.504,132.484,132.523,132.507,132.523,132.507,163
2015-11-06 10:11:00,2015-11-06 10:12:00,132.485,132.479,132.487,132.473,132.507,132.497,132.509,132.495,174
2015-11-06 10:12:00,2015-11-06 10:13:00,132.479,132.478,132.487,132.472,132.497,132.498,132.508,132.492,216
2015-11-06 10:13:00,2015-11-06 10:14:00,132.478,132.479,132.487,132.471,132.498,132.499,132.508,132.489,160
2015-11-06 10:14:00,2015-11-06 10:15:00,132.479,132.502,132.508,132.48,132.499,132.523,132.53,132.499,241
2015-11-06 10:15:00,2015-11-06 10:16:00,132.502,132.511,132.517,132.497,132.523,132.534,132.54,132.521,305
2015-11-06 10:16:00,2015-11-06 10:17:00,132.511,132.521,132.528,132.511,132.534,132.542,132.549,132.534,287
2015-11-06 10:17:00,2015-11-06 10:18:00,132.521,132.514,132.521,132.51,132.542,132.537,132.543,132.533,194
2015-11-06 10:18:00,2015-11-06 10:19:00,132.514,132.511,132.521,132.508,132.537,132.535,132.543,132.531,182
2015-11-06 10:19:00,2015-11-06 10:20:00,132.511,132.508,132.514,132.504,132.535,132.532,132.537,132.526,148
2015-11-06 10:20:00,2015-11-06 10:21:00,132.508,132.513,132.519,132.508,132.532,132.535,132.543,132.531,148
2015-11-06 10:21:00,2015-11-06 10:22:00,132.513,132.507,132.513,132.503,132.535,132.529,132.536,132.525,154
2015-11-06 10:22:00,2015-11-06 10:23:00,132.507,132.511,132.511,132.504,132.529,132.535,132.535,132.526,176
2015-11-06 10:23:00,2015-11-06 10:24:00,132.511,132.511,132.517,132.503,132.535,132.532,132.54,132.524,245
2015-11-06 10:24:00,2015-11-06 10:25:00,132.511,132.525,132.528,132.509,132.532,132.547,132.55,132.531,367
2015-11-06 10:25:00,2015-11-06 10:26:00,132.525,132.517,132.524,132.514,132.547,132.539,132.547,132.536,86
2015-11-06 10:26:00,2015-11-06 10:27:00,132.517,132.528,132.548,132.517,132.539,132.551,132.569,132.538,210
2015-11-06 10:27:00,2015-11-06 10:28:00,132.528,132.526,132.537,132.525,132.551,132.549,132.559,132.549,119
2015-11-06 10:28:00,2015-11-06 10:29:00,132.526,132.514,132.533,132.513,132.549,132.538,132.556,132.535,236
2015-11-06 10:29:00,2015-11-06 10:30:00,132.514,132.506,132.516,132.503,132.538,132.528,132.54,132.526,193
2015-11-06 10:30:00,2015-11-06 10:31:00,132.506,132.53,132.53,132.495,132.528,132.551,132.551,132.518,293
2015-11-06 10:31:00,2015-11-06 10:32:00,132.53,132.537,132.541,132.515,132.551,132.559,132.562,132.538,255
2015-11-06 10:32:00,2015-11-06 10:33:00,132.537,132.526,132.542,132.522,132.559,132.55,132.565,132.543,253
2015-11-06 10:33:00,2015-11-06 10:34:00,132.526,132.538,132.542,132.517,132.55,132.562,132.562,132.539,228
2015-11-06 10:34:00,2015-11-06 10:35:00,132.538,132.546,132.553,132.533,132.562,132.57,132.577,132.557,174
2015-11-06 10:35:00,2015-11-06 10:36:00,132.546,132.527,132.551,132.525,132.57,132.549,132.573,132.546,186
2015-11-06 10:36:00,2015-11-06 10:37:00,132.527,132.528,132.532,132.515,132.549,132.551,132.554,132.537,222
2015-11-06 10:37:00,2015-11-06 10:38:00,132.528,132.522,132.543,132.52,132.551,132.545,132.565,132.54,434
2015-11-06 10:38:00,2015-11-06 10:39:00,132.522,132.547,132.548,132.514,132.545,132.569,132.57,132.535,309
2015-11-06 10:39:00,2015-11-06 10:40:00,132.547,132.552,132.561,132.544,132.569,132.574,132.583,132.566,276
2015-11-06 10:40:00,2015-11-06 10:41:00,132.552,132.564,132.565,132.55,132.574,132.587,132.588,132.574,203
2015-11-06 10:41:00,2015-11-06 10:42:00,132.564,132.566,132.569,132.55,132.587,132.59,132.591,132.573,232
2015-11-06 10:42:00,2015-11-06 10:43:00,132.566,132.558,132.568,132.558,132.59,132.581,132.591,132.581,134
2015-11-06 10:43:00,2015-11-06 10:44:00,132.558,132.565,132.567,132.557,132.581,132.588,132.589,132.579,131
2015-11-06 10:44:00,2015-11-06 10:45:00,132.565,132.542,132.566,132.542,132.588,132.564,132.588,132.564,227
2015-11-06 10:45:00,2015-11-06 10:46:00,132.542,132.539,132.552,132.537,132.564,132.56,132.576,132.56,230
2015-11-06 10:46:00,2015-11-06 10:47:00,132.539,132.551,132.566,132.537,132.56,132.575,132.588,132.561,212
2015-11-06 10:47:00,2015-11-06 10:48:00,132.551,132.541,132.562,132.541,132.575,132.564,132.585,132.561,267
2015-11-06 10:48:00,2015-11-06 10:49:00,132.541,132.532,132.544,132.53,132.564,132.555,132.566,132.551,216
2015-11-06 10:49:00,2015-11-06 10:50:00,132.532,132.539,132.541,132.531,132.555,132.562,132.564,132.553,145
2015-11-06 10:50:00,2015-11-06 10:51:00,132.539,132.528,132.543,132.528,132.562,132.549,132.566,132.548,132
2015-11-06 10:51:00,2015-11-06 10:52:00,132.528,132.547,132.548,132.525,132.549,132.57,132.57,132.546,131
2015-11-06 10:52:00,2015-11-06 10:53:00,132.547,132.526,132.55,132.521,132.57,132.547,132.571,132.545,174
2015-11-06 10:53:00,2015-11-06 10:54:00,132.526,132.542,132.542,132.516,132.547,132.565,132.565,132.538,154
2015-11-06 10:54:00,2015-11-06 10:55:00,132.542,132.511,132.541,132.511,132.565,132.535,132.565,132.532,113
2015-11-06 10:55:00,2015-11-06 10:56:00,132.511,132.543,132.565,132.512,132.535,132.564,132.585,132.535,475
2015-11-06 10:56:00,2015-11-06 10:57:00,132.543,132.533,132.548,132.52,132.564,132.555,132.57,132.543,158
2015-11-06 10:57:00,2015-11-06 10:58:00,132.533,132.533,132.545,132.53,132.555,132.555,132.567,132.553,166
2015-11-06 10:58:00,2015-11-06 10:59:00,132.533,132.552,132.56,132.533,132.555,132.573,132.582,132.556,311
2015-11-06 10:59:00,2015-11-06 11:00:00,132.552,132.545,132.558,132.542,132.573,132.567,132.581,132.564,296
2015-11-06 11:00:00,2015-11-06 11:01:00,132.545,132.512,132.544,132.512,132.567,132.534,132.567,132.532,233
2015-11-06 11:01:00,2015-11-06 11:02:00,132.512,132.524,132.53,132.512,132.534,132.547,132.552,132.534,256
2015-11-06 11:02:00,2015-11-06 11:03:00,132.524,132.5,132.53,132.494,132.547,132.522,132.552,132.516,245
2015-11-06 11:03:00,2015-11-06 11:04:00,132.5,132.515,132.515,132.499,132.522,132.537,132.538,132.522,82
2015-11-06 11:04:00,2015-11-06 11:05:00,132.515,132.509,132.518,132.509,132.537,132.53,132.539,132.53,160
2015-11-06 11:05:00,2015-11-06 11:06:00,132.509,132.552,132.553,132.506,132.53,132.574,132.575,132.527,293
2015-11-06 11:06:00,2015-11-06 11:07:00,132.552,132.543,132.56,132.532,132.574,132.567,132.582,132.556,434
2015-11-06 11:07:00,2015-11-06 11:08:00,132.543,132.549,132.556,132.538,132.567,132.573,132.578,132.561,198
2015-11-06 11:08:00,2015-11-06 11:09:00,132.549,132.559,132.568,132.548,132.573,132.582,132.592,132.571,292
2015-11-06 11:09:00,2015-11-06 11:10:00,132.559,132.586,132.592,132.557,132.582,132.608,132.615,132.58,300
2015-11-06 11:10:00,2015-11-06 11:11:00,132.586,132.57,132.587,132.567,132.608,132.594,132.609,132.588,269
2015-11-06 11:11:00,2015-11-06 11:12:00,132.57,132.563,132.57,132.544,132.594,132.586,132.593,132.567,272
2015-11-06 11:12:00,2015-11-06 11:13:00,132.563,132.585,132.587,132.559,132.586,132.608,132.609,132.581,262
2015-11-06 11:13:00,2015-11-06 11:14:00,132.585,132.571,132.587,132.571,132.608,132.595,132.609,132.594,226
2015-11-06 11:14:00,2015-11-06 11:15:00,132.571,132.585,132.586,132.57,132.595,132.608,132.609,132.59,141
2015-11-06 11:15:00,2015-11-06 11:16:00,132.585,132.599,132.609,132.578,132.608,132.62,132.631,132.603,236
2015-11-06 11:16:00,2015-11-06 11:17:00,132.599,132.611,132.629,132.596,132.62,132.635,132.651,132.617,376
2015-11-06 11:17:00,2015-11-06 11:18:00,132.611,132.59,132.614,132.59,132.635,132.61,132.636,132.61,261
2015-11-06 11:18:00,2015-11-06 11:19:00,132.59,132.568,132.59,132.568,132.61,132.589,132.61,132.589,193
2015-11-06 11:19:00,2015-11-06 11:20:00,132.568,132.574,132.575,132.568,132.589,132.594,132.598,132.589,184
2015-11-06 11:20:00,2015-11-06 11:21:00,132.574,132.574,132.579,132.567,132.594,132.598,132.603,132.588,139
2015-11-06 11:21:00,2015-11-06 11:22:00,132.574,132.584,132.595,132.575,132.598,132.605,132.617,132.598,219
2015-11-06 11:22:00,2015-11-06 11:23:00,132.584,132.61,132.611,132.583,132.605,132.633,132.633,132.604,143
2015-11-06 11:23:00,2015-11-06 11:24:00,132.61,132.608,132.612,132.6,132.633,132.63,132.635,132.622,169
2015-11-06 11:24:00,2015-11-06 11:25:00,132.608,132.618,132.622,132.609,132.63,132.64,132.641,132.63,271
2015-11-06 11:25:00,2015-11-06 11:26:00,132.618,132.623,132.627,132.609,132.64,132.643,132.647,132.631,338
2015-11-06 11:26:00,2015-11-06 11:27:00,132.623,132.643,132.646,132.62,132.643,132.664,132.665,132.641,228
2015-11-06 11:27:00,2015-11-06 11:28:00,132.643,132.654,132.662,132.642,132.664,132.674,132.682,132.664,238
2015-11-06 11:28:00,2015-11-06 11:29:00,132.654,132.64,132.654,132.636,132.674,132.66,132.673,132.658,151
2015-11-06 11:29:00,2015-11-06 11:30:00,132.64,132.635,132.639,132.629,132.66,132.655,132.66,132.65,110
2015-11-06 11:30:00,2015-11-06 11:31:00,132.635,132.606,132.637,132.605,132.655,132.627,132.655,132.627,153
2015-11-06 11:31:00,2015-11-06 11:32:00,132.606,132.605,132.608,132.602,132.627,132.625,132.629,132.624,89
2015-11-06 11:32:00,2015-11-06 11:33:00,132.605,132.604,132.611,132.602,132.625,132.626,132.63,132.623,100
2015-11-06 11:33:00,2015-11-06 11:34:00,132.604,132.597,132.609,132.595,132.626,132.619,132.632,132.615,119
2015-11-06 11:34:00,2015-11-06 11:35:00,132.597,132.639,132.639,132.596,132.619,132.658,132.66,132.617,387
2015-11-06 11:35:00,2015-11-06 11:36:00,132.639,132.628,132.641,132.627,132.658,132.65,132.663,132.649,176
2015-11-06 11:36:00,2015-11-06 11:37:00,132.628,132.648,132.65,132.627,132.65,132.669,132.671,132.648,195
2015-11-06 11:37:00,2015-11-06 11:38:00,132.648,132.675,132.675,132.646,132.669,132.694,132.694,132.667,279
2015-11-06 11:38:00,2015-11-06 11:39:00,132.675,132.683,132.691,132.671,132.694,132.703,132.714,132.693,295
2015-11-06 11:39:00,2015-11-06 11:40:00,132.683,132.675,132.69,132.673,132.703,132.695,132.709,132.694,199
2015-11-06 11:40:00,2015-11-06 11:41:00,132.675,132.673,132.675,132.66,132.695,132.695,132.696,132.683,139
2015-11-06 11:41:00,2015-11-06 11:42:00,132.673,132.677,132.684,132.664,132.695,132.697,132.705,132.684,173
2015-11-06 11:42:00,2015-11-06 11:43:00,132.677,132.685,132.686,132.67,132.697,132.706,132.707,132.692,229
2015-11-06 11:43:00,2015-11-06 11:44:00,132.685,132.691,132.7,132.684,132.706,132.712,132.721,132.705,294
2015-11-06 11:44:00,2015-11-06 11:45:00,132.691,132.697,132.703,132.689,132.712,132.718,132.724,132.709,216
2015-11-06 11:45:00,2015-11-06 11:46:00,132.697,132.691,132.704,132.689,132.718,132.713,132.725,132.712,162
2015-11-06 11:46:00,2015-11-06 11:47:00,132.691,132.681,132.699,132.674,132.713,132.704,132.72,132.695,241
2015-11-06 11:47:00,2015-11-06 11:48:00,132.681,132.674,132.692,132.674,132.704,132.696,132.714,132.695,206
2015-11-06 11:48:00,2015-11-06 11:49:00,132.674,132.668,132.674,132.664,132.696,132.69,132.695,132.683,106
2015-11-06 11:49:00,2015-11-06 11:50:00,132.668,132.665,132.672,132.659,132.69,132.687,132.694,132.682,127
2015-11-06 11:50:00,2015-11-06 11:51:00,132.665,132.675,132.677,132.665,132.687,132.696,132.699,132.686,184
2015-11-06 11:51:00,2015-11-06 11:52:00,132.675,132.673,132.677,132.671,132.696,132.693,132.699,132.693,128
2015-11-06 11:52:00,2015-11-06 11:53:00,132.673,132.683,132.683,132.662,132.693,132.703,132.703,132.682,155
2015-11-06 11:53:00,2015-11-06 11:54:00,132.683,132.651,132.684,132.651,132.703,132.67,132.703,132.67,151
2015-11-06 11:54:00,2015-11-06 11:55:00,132.651,132.658,132.667,132.644,132.67,132.675,132.687,132.66,250
2015-11-06 11:55:00,2015-11-06 11:56:00,132.658,132.65,132.659,132.642,132.675,132.668,132.675,132.662,149
2015-11-06 11:56:00,2015-11-06 11:57:00,132.65,132.651,132.683,132.649,132.668,132.67,132.702,132.668,334
2015-11-06 11:57:00,2015-11-06 11:58:00,132.651,132.623,132.654,132.621,132.67,132.645,132.672,132.643,284
2015-11-06 11:58:00,2015-11-06 11:59:00,132.623,132.614,132.648,132.614,132.645,132.638,132.67,132.635,358
2015-11-06 11:59:00,2015-11-06 12:00:00,132.614,132.59,132.615,132.581,132.638,132.612,132.639,132.602,389
2015-11-06 12:00:00,2015-11-06 12:01:00,132.59,132.583,132.595,132.562,132.612,132.605,132.617,132.585,309
2015-11-06 12:01:00,2015-11-06 12:02:00,132.583,132.592,132.597,132.567,132.605,132.609,132.619,132.588,436
2015-11-06 12:02:00,2015-11-06 12:03:00,132.592,132.608,132.609,132.59,132.609,132.626,132.626,132.608,176
2015-11-06 12:03:00,2015-11-06 12:04:00,132.608,132.62,132.622,132.608,132.626,132.64,132.642,132.627,179
2015-11-06 12:04:00,2015-11-06 12:05:00,132.62,132.606,132.621,132.606,132.64,132.627,132.644,132.627,265
2015-11-06 12:05:00,2015-11-06 12:06:00,132.606,132.627,132.629,132.606,132.627,132.648,132.65,132.625,162
2015-11-06 12:06:00,2015-11-06 12:07:00,132.627,132.613,132.635,132.609,132.648,132.631,132.657,132.629,266
2015-11-06 12:07:00,2015-11-06 12:08:00,132.613,132.599,132.618,132.595,132.631,132.621,132.639,132.615,199
2015-11-06 12:08:00,2015-11-06 12:09:00,132.599,132.607,132.608,132.596,132.621,132.626,132.628,132.616,144
2015-11-06 12:09:00,2015-11-06 12:10:00,132.607,132.604,132.609,132.592,132.626,132.628,132.629,132.615,253
2015-11-06 12:10:00,2015-11-06 12:11:00,132.604,132.605,132.621,132.603,132.628,132.626,132.645,132.625,236
2015-11-06 12:11:00,2015-11-06 12:12:00,132.605,132.619,132.625,132.603,132.626,132.641,132.646,132.625,106
2015-11-06 12:12:00,2015-11-06 12:13:00,132.619,132.617,132.618,132.612,132.641,132.637,132.642,132.635,99
2015-11-06 12:13:00,2015-11-06 12:14:00,132.617,132.642,132.655,132.617,132.637,132.662,132.678,132.638,175
2015-11-06 12:14:00,2015-11-06 12:15:00,132.642,132.646,132.657,132.638,132.662,132.664,132.677,132.659,166
2015-11-06 12:15:00,2015-11-06 12:16:00,132.646,132.645,132.654,132.636,132.664,132.664,132.673,132.656,148
2015-11-06 12:16:00,2015-11-06 12:17:00,132.645,132.627,132.647,132.627,132.664,132.646,132.667,132.646,160
2015-11-06 12:17:00,2015-11-06 12:18:00,132.627,132.627,132.637,132.609,132.646,132.647,132.657,132.631,222
2015-11-06 12:18:00,2015-11-06 12:19:00,132.627,132.596,132.631,132.592,132.647,132.617,132.649,132.613,159
2015-11-06 12:19:00,2015-11-06 12:20:00,132.596,132.638,132.644,132.595,132.617,132.661,132.663,132.617,252
2015-11-06 12:20:00,2015-11-06 12:21:00,132.638,132.648,132.653,132.621,132.661,132.668,132.674,132.642,324
2015-11-06 12:21:00,2015-11-06 12:22:00,132.648,132.622,132.668,132.618,132.668,132.642,132.688,132.639,323
2015-11-06 12:22:00,2015-11-06 12:23:00,132.622,132.64,132.642,132.624,132.642,132.659,132.662,132.642,178
2015-11-06 12:23:00,2015-11-06 12:24:00,132.64,132.649,132.649,132.62,132.659,132.671,132.673,132.64,172
2015-11-06 12:24:00,2015-11-06 12:25:00,132.649,132.636,132.649,132.636,132.671,132.657,132.67,132.656,82
2015-11-06 12:25:00,2015-11-06 12:26:00,132.636,132.625,132.637,132.621,132.657,132.648,132.66,132.64,131
2015-11-06 12:26:00,2015-11-06 12:27:00,132.625,132.63,132.639,132.616,132.648,132.65,132.661,132.638,184
2015-11-06 12:27:00,2015-11-06 12:28:00,132.63,132.615,132.643,132.614,132.65,132.633,132.665,132.632,237
2015-11-06 12:28:00,2015-11-06 12:29:00,132.615,132.631,132.644,132.615,132.633,132.651,132.666,132.633,201
2015-11-06 12:29:00,2015-11-06 12:30:00,132.631,132.617,132.63,132.609,132.651,132.64,132.651,132.629,256
2015-11-06 12:30:00,2015-11-06 12:31:00,132.617,132.585,132.619,132.583,132.64,132.609,132.64,132.605,250
2015-11-06 12:31:00,2015-11-06 12:32:00,132.585,132.563,132.589,132.56,132.609,132.585,132.612,132.581,232
2015-11-06 12:32:00,2015-11-06 12:33:00,132.563,132.572,132.598,132.559,132.585,132.595,132.618,132.58,339
2015-11-06 12:33:00,2015-11-06 12:34:00,132.572,132.591,132.598,132.572,132.595,132.614,132.62,132.595,154
2015-11-06 12:34:00,2015-11-06 12:35:00,132.591,132.598,132.601,132.583,132.614,132.621,132.623,132.605,163
2015-11-06 12:35:00,2015-11-06 12:36:00,132.598,132.588,132.606,132.587,132.621,132.61,132.628,132.608,207
2015-11-06 12:36:00,2015-11-06 12:37:00,132.588,132.573,132.589,132.568,132.61,132.594,132.611,132.589,132
2015-11-06 12:37:00,2015-11-06 12:38:00,132.573,132.573,132.577,132.571,132.594,132.596,132.598,132.593,74
2015-11-06 12:38:00,2015-11-06 12:39:00,132.573,132.598,132.6,132.572,132.596,132.619,132.619,132.592,151
2015-11-06 12:39:00,2015-11-06 12:40:00,132.598,132.581,132.597,132.579,132.619,132.603,132.619,132.6,185
2015-11-06 12:40:00,2015-11-06 12:41:00,132.581,132.561,132.584,132.55,132.603,132.581,132.605,132.571,295
2015-11-06 12:41:00,2015-11-06 12:42:00,132.561,132.551,132.561,132.535,132.581,132.572,132.58,132.557,240
2015-11-06 12:42:00,2015-11-06 12:43:00,132.551,132.544,132.564,132.543,132.572,132.565,132.585,132.564,134
2015-11-06 12:43:00,2015-11-06 12:44:00,132.544,132.526,132.545,132.522,132.565,132.547,132.566,132.543,150
2015-11-06 12:44:00,2015-11-06 12:45:00,132.526,132.528,132.529,132.498,132.547,132.548,132.549,132.519,261
2015-11-06 12:45:00,2015-11-06 12:46:00,132.528,132.541,132.545,132.526,132.548,132.563,132.567,132.548,263
2015-11-06 12:46:00,2015-11-06 12:47:00,132.541,132.544,132.564,132.541,132.563,132.566,132.586,132.563,323
2015-11-06 12:47:00,2015-11-06 12:48:00,132.544,132.543,132.548,132.526,132.566,132.564,132.571,132.546,326
2015-11-06 12:48:00,2015-11-06 12:49:00,132.543,132.559,132.577,132.542,132.564,132.582,132.597,132.565,268
2015-11-06 12:49:00,2015-11-06 12:50:00,132.559,132.538,132.567,132.538,132.582,132.561,132.589,132.56,262
2015-11-06 12:50:00,2015-11-06 12:51:00,132.538,132.534,132.554,132.524,132.561,132.557,132.576,132.546,438
2015-11-06 12:51:00,2015-11-06 12:52:00,132.534,132.511,132.534,132.499,132.557,132.533,132.557,132.522,507
2015-11-06 12:52:00,2015-11-06 12:53:00,132.511,132.512,132.517,132.498,132.533,132.536,132.541,132.519,318
2015-11-06 12:53:00,2015-11-06 12:54:00,132.512,132.498,132.523,132.497,132.536,132.519,132.545,132.518,362
2015-11-06 12:54:00,2015-11-06 12:55:00,132.498,132.482,132.505,132.473,132.519,132.503,132.528,132.495,348
2015-11-06 12:55:00,2015-11-06 12:56:00,132.482,132.508,132.509,132.455,132.503,132.528,132.528,132.474,423
2015-11-06 12:56:00,2015-11-06 12:57:00,132.508,132.511,132.513,132.49,132.528,132.534,132.534,132.508,407
2015-11-06 12:57:00,2015-11-06 12:58:00,132.511,132.503,132.521,132.493,132.534,132.524,132.54,132.512,225
2015-11-06 12:58:00,2015-11-06 12:59:00,132.503,132.517,132.529,132.49,132.524,132.54,132.551,132.51,356
2015-11-06 12:59:00,2015-11-06 13:00:00,132.517,132.504,132.533,132.498,132.54,132.528,132.555,132.519,509
2015-11-06 13:00:00,2015-11-06 13:01:00,132.504,132.521,132.53,132.499,132.528,132.543,132.547,132.521,368
2015-11-06 13:01:00,2015-11-06 13:02:00,132.521,132.521,132.527,132.513,132.543,132.542,132.549,132.535,282
2015-11-06 13:02:00,2015-11-06 13:03:00,132.521,132.506,132.532,132.506,132.542,132.529,132.554,132.529,397
2015-11-06 13:03:00,2015-11-06 13:04:00,132.506,132.569,132.584,132.505,132.529,132.592,132.603,132.526,440
2015-11-06 13:04:00,2015-11-06 13:05:00,132.569,132.51,132.571,132.509,132.592,132.533,132.594,132.531,482
2015-11-06 13:05:00,2015-11-06 13:06:00,132.51,132.5,132.524,132.5,132.533,132.521,132.544,132.521,171
2015-11-06 13:06:00,2015-11-06 13:07:00,132.5,132.482,132.513,132.481,132.521,132.504,132.533,132.502,427
2015-11-06 13:07:00,2015-11-06 13:08:00,132.482,132.479,132.494,132.476,132.504,132.503,132.518,132.499,228
2015-11-06 13:08:00,2015-11-06 13:09:00,132.479,132.479,132.499,132.479,132.503,132.504,132.518,132.501,375
2015-11-06 13:09:00,2015-11-06 13:10:00,132.479,132.487,132.49,132.479,132.504,132.508,132.512,132.502,314
2015-11-06 13:10:00,2015-11-06 13:11:00,132.487,132.481,132.491,132.474,132.508,132.505,132.513,132.497,328
2015-11-06 13:11:00,2015-11-06 13:12:00,132.481,132.474,132.482,132.457,132.505,132.497,132.505,132.476,331
2015-11-06 13:12:00,2015-11-06 13:13:00,132.474,132.473,132.493,132.464,132.497,132.492,132.515,132.487,368
2015-11-06 13:13:00,2015-11-06 13:14:00,132.473,132.415,132.473,132.38,132.492,132.437,132.491,132.404,869
2015-11-06 13:14:00,2015-11-06 13:15:00,132.415,132.361,132.419,132.356,132.437,132.384,132.441,132.378,722
2015-11-06 13:15:00,2015-11-06 13:16:00,132.361,132.36,132.365,132.327,132.384,132.384,132.388,132.349,640
2015-11-06 13:16:00,2015-11-06 13:17:00,132.36,132.381,132.389,132.335,132.384,132.402,132.41,132.354,744
2015-11-06 13:17:00,2015-11-06 13:18:00,132.381,132.391,132.391,132.355,132.402,132.412,132.412,132.371,501
2015-11-06 13:18:00,2015-11-06 13:19:00,132.391,132.408,132.413,132.377,132.412,132.427,132.433,132.397,695
2015-11-06 13:19:00,2015-11-06 13:20:00,132.408,132.38,132.411,132.377,132.427,132.404,132.432,132.4,511
2015-11-06 13:20:00,2015-11-06 13:21:00,132.38,132.409,132.411,132.375,132.404,132.43,132.432,132.397,460
2015-11-06 13:21:00,2015-11-06 13:22:00,132.409,132.454,132.471,132.409,132.43,132.477,132.493,132.426,673
2015-11-06 13:22:00,2015-11-06 13:23:00,132.454,132.436,132.465,132.433,132.477,132.458,132.488,132.456,469
2015-11-06 13:23:00,2015-11-06 13:24:00,132.436,132.392,132.438,132.389,132.458,132.416,132.46,132.411,186
2015-11-06 13:24:00,2015-11-06 13:25:00,132.392,132.416,132.435,132.391,132.416,132.439,132.46,132.412,560
2015-11-06 13:25:00,2015-11-06 13:26:00,132.416,132.413,132.422,132.397,132.439,132.438,132.447,132.418,456
2015-11-06 13:26:00,2015-11-06 13:27:00,132.413,132.438,132.438,132.409,132.438,132.463,132.463,132.43,406
2015-11-06 13:27:00,2015-11-06 13:28:00,132.438,132.443,132.443,132.412,132.463,132.466,132.466,132.439,399
2015-11-06 13:28:00,2015-11-06 13:29:00,132.443,132.175,132.445,132.175,132.466,132.327,132.473,132.316,818
2015-11-06 13:29:00,2015-11-06 13:30:00,132.175,131.592,132.332,131.449,132.327,131.648,132.459,131.483,4241
2015-11-06 13:30:00,2015-11-06 13:31:00,131.592,131.788,131.835,131.593,131.648,131.821,131.871,131.644,4778
2015-11-06 13:31:00,2015-11-06 13:32:00,131.788,131.732,131.855,131.712,131.821,131.761,131.882,131.741,2966
2015-11-06 13:32:00,2015-11-06 13:33:00,131.732,131.809,131.941,131.701,131.761,131.839,131.97,131.721,2824
2015-11-06 13:33:00,2015-11-06 13:34:00,131.809,131.918,131.979,131.772,131.839,131.94,132.007,131.793,2339
2015-11-06 13:34:00,2015-11-06 13:35:00,131.918,131.851,131.975,131.812,131.94,131.875,132.002,131.835,2567
2015-11-06 13:35:00,2015-11-06 13:36:00,131.851,131.849,131.892,131.814,131.875,131.873,131.913,131.84,2352
2015-11-06 13:36:00,2015-11-06 13:37:00,131.849,131.822,131.867,131.759,131.873,131.847,131.889,131.78,1595
2015-11-06 13:37:00,2015-11-06 13:38:00,131.822,131.834,131.836,131.766,131.847,131.853,131.864,131.79,1813
2015-11-06 13:38:00,2015-11-06 13:39:00,131.834,131.839,131.888,131.798,131.853,131.864,131.903,131.825,1683
2015-11-06 13:39:00,2015-11-06 13:40:00,131.839,131.806,131.848,131.763,131.864,131.833,131.873,131.791,1287
2015-11-06 13:40:00,2015-11-06 13:41:00,131.806,131.757,131.834,131.751,131.833,131.778,131.858,131.771,1484
2015-11-06 13:41:00,2015-11-06 13:42:00,131.757,131.781,131.839,131.733,131.778,131.807,131.864,131.755,1536
2015-11-06 13:42:00,2015-11-06 13:43:00,131.781,131.736,131.803,131.712,131.807,131.751,131.831,131.734,1409
2015-11-06 13:43:00,2015-11-06 13:44:00,131.736,131.74,131.792,131.722,131.751,131.766,131.818,131.747,1518
2015-11-06 13:44:00,2015-11-06 13:45:00,131.74,131.715,131.769,131.704,131.766,131.736,131.793,131.723,1245
2015-11-06 13:45:00,2015-11-06 13:46:00,131.715,131.673,131.74,131.61,131.736,131.697,131.764,131.634,1466
2015-11-06 13:46:00,2015-11-06 13:47:00,131.673,131.685,131.702,131.627,131.697,131.704,131.725,131.646,870
2015-11-06 13:47:00,2015-11-06 13:48:00,131.685,131.707,131.759,131.685,131.704,131.726,131.781,131.696,850
2015-11-06 13:48:00,2015-11-06 13:49:00,131.707,131.734,131.757,131.707,131.726,131.755,131.78,131.728,708
2015-11-06 13:49:00,2015-11-06 13:50:00,131.734,131.706,131.743,131.685,131.755,131.73,131.766,131.706,1115
2015-11-06 13:50:00,2015-11-06 13:51:00,131.706,131.739,131.739,131.696,131.73,131.76,131.76,131.718,940
2015-11-06 13:51:00,2015-11-06 13:52:00,131.739,131.772,131.784,131.735,131.76,131.793,131.807,131.754,684
2015-11-06 13:52:00,2015-11-06 13:53:00,131.772,131.784,131.794,131.766,131.793,131.807,131.815,131.789,605
2015-11-06 13:53:00,2015-11-06 13:54:00,131.784,131.742,131.789,131.742,131.807,131.765,131.81,131.765,760
2015-11-06 13:54:00,2015-11-06 13:55:00,131.742,131.754,131.774,131.741,131.765,131.776,131.791,131.761,805
2015-11-06 13:55:00,2015-11-06 13:56:00,131.754,131.778,131.782,131.747,131.776,131.799,131.804,131.77,723
2015-11-06 13:56:00,2015-11-06 13:57:00,131.778,131.785,131.808,131.752,131.799,131.808,131.829,131.775,680
2015-11-06 13:57:00,2015-11-06 13:58:00,131.785,131.808,131.814,131.753,131.808,131.825,131.831,131.774,618
2015-11-06 13:58:00,2015-11-06 13:59:00,131.808,131.818,131.823,131.775,131.825,131.837,131.843,131.794,641
2015-11-06 13:59:00,2015-11-06 14:00:00,131.818,131.82,131.834,131.77,131.837,131.841,131.85,131.792,782
2015-11-06 14:00:00,2015-11-06 14:01:00,131.82,131.801,131.825,131.8,131.841,131.823,131.843,131.821,625
2015-11-06 14:01:00,2015-11-06 14:02:00,131.801,131.759,131.801,131.756,131.823,131.776,131.823,131.774,521
2015-11-06 14:02:00,2015-11-06 14:03:00,131.759,131.755,131.768,131.727,131.776,131.777,131.787,131.749,658
2015-11-06 14:03:00,2015-11-06 14:04:00,131.755,131.732,131.766,131.716,131.777,131.755,131.787,131.738,666
2015-11-06 14:04:00,2015-11-06 14:05:00,131.732,131.679,131.748,131.658,131.755,131.702,131.77,131.679,827
2015-11-06 14:05:00,2015-11-06 14:06:00,131.679,131.706,131.716,131.662,131.702,131.728,131.737,131.684,603
2015-11-06 14:06:00,2015-11-06 14:07:00,131.706,131.638,131.723,131.616,131.728,131.661,131.744,131.637,788
2015-11-06 14:07:00,2015-11-06 14:08:00,131.638,131.732,131.742,131.637,131.661,131.752,131.762,131.661,824
2015-11-06 14:08:00,2015-11-06 14:09:00,131.732,131.725,131.782,131.718,131.752,131.749,131.8,131.742,858
2015-11-06 14:09:00,2015-11-06 14:10:00,131.725,131.697,131.745,131.685,131.749,131.721,131.766,131.703,782
2015-11-06 14:10:00,2015-11-06 14:11:00,131.697,131.685,131.698,131.643,131.721,131.708,131.721,131.664,879
2015-11-06 14:11:00,2015-11-06 14:12:00,131.685,131.846,131.859,131.685,131.708,131.866,131.878,131.707,1259
2015-11-06 14:12:00,2015-11-06 14:13:00,131.846,131.793,131.848,131.772,131.866,131.811,131.867,131.794,783
2015-11-06 14:13:00,2015-11-06 14:14:00,131.793,131.789,131.803,131.738,131.811,131.811,131.826,131.761,781
2015-11-06 14:14:00,2015-11-06 14:15:00,131.789,131.746,131.823,131.724,131.811,131.77,131.843,131.745,891
2015-11-06 14:15:00,2015-11-06 14:16:00,131.746,131.738,131.755,131.699,131.77,131.755,131.773,131.716,771
2015-11-06 14:16:00,2015-11-06 14:17:00,131.738,131.732,131.798,131.714,131.755,131.752,131.814,131.734,1252
2015-11-06 14:17:00,2015-11-06 14:18:00,131.732,131.778,131.781,131.723,131.752,131.799,131.802,131.745,936
2015-11-06 14:18:00,2015-11-06 14:19:00,131.778,131.769,131.828,131.764,131.799,131.786,131.85,131.783,870
2015-11-06 14:19:00,2015-11-06 14:20:00,131.769,131.779,131.813,131.768,131.786,131.802,131.833,131.786,730
2015-11-06 14:20:00,2015-11-06 14:21:00,131.779,131.772,131.791,131.767,131.802,131.793,131.816,131.788,751
2015-11-06 14:21:00,2015-11-06 14:22:00,131.772,131.765,131.797,131.761,131.793,131.786,131.817,131.783,605
2015-11-06 14:22:00,2015-11-06 14:23:00,131.765,131.768,131.775,131.757,131.786,131.788,131.795,131.773,430
2015-11-06 14:23:00,2015-11-06 14:24:00,131.768,131.76,131.795,131.751,131.788,131.776,131.815,131.767,763
2015-11-06 14:24:00,2015-11-06 14:25:00,131.76,131.811,131.841,131.726,131.776,131.834,131.864,131.747,1243
2015-11-06 14:25:00,2015-11-06 14:26:00,131.811,131.837,131.871,131.806,131.834,131.86,131.892,131.827,880
2015-11-06 14:26:00,2015-11-06 14:27:00,131.837,131.79,131.843,131.782,131.86,131.811,131.866,131.804,691
2015-11-06 14:27:00,2015-11-06 14:28:00,131.79,131.745,131.797,131.729,131.811,131.766,131.818,131.748,792
2015-11-06 14:28:00,2015-11-06 14:29:00,131.745,131.807,131.821,131.74,131.766,131.828,131.845,131.761,802
2015-11-06 14:29:00,2015-11-06 14:30:00,131.807,131.806,131.817,131.783,131.828,131.827,131.838,131.798,704
2015-11-06 14:30:00,2015-11-06 14:31:00,131.806,131.86,131.86,131.802,131.827,131.877,131.881,131.824,808
2015-11-06 14:31:00,2015-11-06 14:32:00,131.86,131.852,131.877,131.839,131.877,131.873,131.896,131.856,626
2015-11-06 14:32:00,2015-11-06 14:33:00,131.852,131.891,131.895,131.842,131.873,131.911,131.916,131.866,708
2015-11-06 14:33:00,2015-11-06 14:34:00,131.891,131.981,131.981,131.877,131.911,132.002,132.003,131.899,786
2015-11-06 14:34:00,2015-11-06 14:35:00,131.981,131.933,131.983,131.92,132.002,131.958,132.003,131.945,754
2015-11-06 14:35:00,2015-11-06 14:36:00,131.933,131.937,131.987,131.931,131.958,131.962,132.004,131.955,710
2015-11-06 14:36:00,2015-11-06 14:37:00,131.937,131.923,131.95,131.919,131.962,131.943,131.974,131.942,620
2015-11-06 14:37:00,2015-11-06 14:38:00,131.923,131.919,131.941,131.915,131.943,131.942,131.962,131.934,595
2015-11-06 14:38:00,2015-11-06 14:39:00,131.919,131.941,131.944,131.919,131.942,131.959,131.966,131.941,459
2015-11-06 14:39:00,2015-11-06 14:40:00,131.941,131.896,131.941,131.896,131.959,131.915,131.96,131.915,465
2015-11-06 14:40:00,2015-11-06 14:41:00,131.896,131.875,131.898,131.875,131.915,131.897,131.92,131.896,586
2015-11-06 14:41:00,2015-11-06 14:42:00,131.875,131.864,131.886,131.858,131.897,131.885,131.908,131.877,506
2015-11-06 14:42:00,2015-11-06 14:43:00,131.864,131.871,131.876,131.853,131.885,131.893,131.898,131.873,548
2015-11-06 14:43:00,2015-11-06 14:44:00,131.871,131.867,131.893,131.862,131.893,131.888,131.914,131.881,651
2015-11-06 14:44:00,2015-11-06 14:45:00,131.867,131.864,131.873,131.855,131.888,131.883,131.893,131.877,432
2015-11-06 14:45:00,2015-11-06 14:46:00,131.864,131.81,131.864,131.804,131.883,131.833,131.886,131.826,584
2015-11-06 14:46:00,2015-11-06 14:47:00,131.81,131.787,131.811,131.772,131.833,131.811,131.833,131.794,591
2015-11-06 14:47:00,2015-11-06 14:48:00,131.787,131.805,131.826,131.783,131.811,131.829,131.848,131.804,540
2015-11-06 14:48:00,2015-11-06 14:49:00,131.805,131.785,131.841,131.785,131.829,131.805,131.863,131.805,580
2015-11-06 14:49:00,2015-11-06 14:50:00,131.785,131.827,131.829,131.774,131.805,131.849,131.851,131.794,769
2015-11-06 14:50:00,2015-11-06 14:51:00,131.827,131.862,131.875,131.827,131.849,131.885,131.898,131.848,592
2015-11-06 14:51:00,2015-11-06 14:52:00,131.862,131.851,131.881,131.845,131.885,131.869,131.902,131.864,602
2015-11-06 14:52:00,2015-11-06 14:53:00,131.851,131.886,131.886,131.849,131.869,131.903,131.908,131.866,570
2015-11-06 14:53:00,2015-11-06 14:54:00,131.886,131.862,131.899,131.856,131.903,131.884,131.918,131.877,581
2015-11-06 14:54:00,2015-11-06 14:55:00,131.862,131.87,131.889,131.851,131.884,131.889,131.908,131.874,635
2015-11-06 14:55:00,2015-11-06 14:56:00,131.87,131.887,131.899,131.863,131.889,131.909,131.917,131.882,818
2015-11-06 14:56:00,2015-11-06 14:57:00,131.887,131.869,131.904,131.845,131.909,131.892,131.923,131.862,644
2015-11-06 14:57:00,2015-11-06 14:58:00,131.869,131.861,131.883,131.855,131.892,131.882,131.906,131.875,627
2015-11-06 14:58:00,2015-11-06 14:59:00,131.861,131.832,131.875,131.829,131.882,131.854,131.895,131.848,827
2015-11-06 14:59:00,2015-11-06 15:00:00,131.832,131.876,131.88,131.8,131.854,131.897,131.9,131.822,810
2015-11-06 15:00:00,2015-11-06 15:01:00,131.876,131.907,131.949,131.876,131.897,131.928,131.97,131.896,795
2015-11-06 15:01:00,2015-11-06 15:02:00,131.907,131.898,131.911,131.868,131.928,131.921,131.934,131.889,679
2015-11-06 15:02:00,2015-11-06 15:03:00,131.898,131.912,131.913,131.855,131.921,131.933,131.936,131.871,562
2015-11-06 15:03:00,2015-11-06 15:04:00,131.912,131.827,131.914,131.802,131.933,131.85,131.935,131.824,979
2015-11-06 15:04:00,2015-11-06 15:05:00,131.827,131.84,131.867,131.821,131.85,131.861,131.89,131.844,698
2015-11-06 15:05:00,2015-11-06 15:06:00,131.84,131.852,131.862,131.836,131.861,131.874,131.885,131.859,798
2015-11-06 15:06:00,2015-11-06 15:07:00,131.852,131.912,131.912,131.847,131.874,131.933,131.934,131.868,784
2015-11-06 15:07:00,2015-11-06 15:08:00,131.912,131.907,131.931,131.904,131.933,131.93,131.952,131.925,659
2015-11-06 15:08:00,2015-11-06 15:09:00,131.907,131.894,131.927,131.887,131.93,131.915,131.948,131.908,529
2015-11-06 15:09:00,2015-11-06 15:10:00,131.894,131.895,131.935,131.885,131.915,131.916,131.956,131.906,675
2015-11-06 15:10:00,2015-11-06 15:11:00,131.895,131.929,131.938,131.893,131.916,131.952,131.959,131.915,540
2015-11-06 15:11:00,2015-11-06 15:12:00,131.929,131.961,131.961,131.904,131.952,131.983,131.983,131.927,633
2015-11-06 15:12:00,2015-11-06 15:13:00,131.961,131.983,132.007,131.962,131.983,132.005,132.029,131.983,749
2015-11-06 15:13:00,2015-11-06 15:14:00,131.983,132.029,132.035,131.978,132.005,132.048,132.055,132.002,558
2015-11-06 15:14:00,2015-11-06 15:15:00,132.029,132.0,132.029,131.994,132.048,132.023,132.051,132.015,557
2015-11-06 15:15:00,2015-11-06 15:16:00,132.0,131.992,132.002,131.964,132.023,132.014,132.023,131.986,530
2015-11-06 15:16:00,2015-11-06 15:17:00,131.992,131.98,132.006,131.976,132.014,131.999,132.029,131.996,660
2015-11-06 15:17:00,2015-11-06 15:18:00,131.98,131.967,131.996,131.961,131.999,131.987,132.016,131.978,702
2015-11-06 15:18:00,2015-11-06 15:19:00,131.967,131.938,131.976,131.935,131.987,131.96,131.998,131.955,606
2015-11-06 15:19:00,2015-11-06 15:20:00,131.938,131.92,131.941,131.908,131.96,131.943,131.961,131.927,599
2015-11-06 15:20:00,2015-11-06 15:21:00,131.92,131.985,131.986,131.912,131.943,132.004,132.008,131.936,786
2015-11-06 15:21:00,2015-11-06 15:22:00,131.985,131.975,131.988,131.974,132.004,131.996,132.009,131.994,433
2015-11-06 15:22:00,2015-11-06 15:23:00,131.975,131.976,131.983,131.961,131.996,131.997,132.004,131.982,424
2015-11-06 15:23:00,2015-11-06 15:24:00,131.976,131.995,132.004,131.963,131.997,132.017,132.027,131.984,500
2015-11-06 15:24:00,2015-11-06 15:25:00,131.995,132.004,132.027,131.995,132.017,132.027,132.049,132.017,635
2015-11-06 15:25:00,2015-11-06 15:26:00,132.004,132.016,132.02,131.992,132.027,132.036,132.041,132.013,434
2015-11-06 15:26:00,2015-11-06 15:27:00,132.016,131.982,132.016,131.982,132.036,132.004,132.037,132.003,523
2015-11-06 15:27:00,2015-11-06 15:28:00,131.982,131.982,131.992,131.975,132.004,132.004,132.014,131.998,302
2015-11-06 15:28:00,2015-11-06 15:29:00,131.982,131.959,131.985,131.946,132.004,131.982,132.008,131.966,485
2015-11-06 15:29:00,2015-11-06 15:30:00,131.959,131.964,131.969,131.926,131.982,131.986,131.991,131.946,586
2015-11-06 15:30:00,2015-11-06 15:31:00,131.964,132.015,132.015,131.963,131.986,132.035,132.036,131.986,599
2015-11-06 15:31:00,2015-11-06 15:32:00,132.015,131.98,132.015,131.945,132.035,132.002,132.036,131.967,670
2015-11-06 15:32:00,2015-11-06 15:33:00,131.98,131.967,132.006,131.964,132.002,131.989,132.026,131.985,655
2015-11-06 15:33:00,2015-11-06 15:34:00,131.967,132.005,132.017,131.958,131.989,132.028,132.037,131.98,646
2015-11-06 15:34:00,2015-11-06 15:35:00,132.005,132.003,132.005,131.982,132.028,132.024,132.028,132.003,552
2015-11-06 15:35:00,2015-11-06 15:36:00,132.003,132.11,132.114,132.0,132.024,132.131,132.134,132.023,817
2015-11-06 15:36:00,2015-11-06 15:37:00,132.11,132.119,132.132,132.037,132.131,132.141,132.155,132.06,851
2015-11-06 15:37:00,2015-11-06 15:38:00,132.119,132.172,132.179,132.111,132.141,132.193,132.199,132.135,627
2015-11-06 15:38:00,2015-11-06 15:39:00,132.172,132.204,132.23,132.168,132.193,132.227,132.249,132.19,901
2015-11-06 15:39:00,2015-11-06 15:40:00,132.204,132.271,132.274,132.201,132.227,132.291,132.294,132.224,758
2015-11-06 15:40:00,2015-11-06 15:41:00,132.271,132.263,132.274,132.261,132.291,132.282,132.296,132.28,439
2015-11-06 15:41:00,2015-11-06 15:42:00,132.263,132.319,132.346,132.256,132.282,132.343,132.369,132.277,622
2015-11-06 15:42:00,2015-11-06 15:43:00,132.319,132.317,132.336,132.249,132.343,132.339,132.357,132.27,1035
2015-11-06 15:43:00,2015-11-06 15:44:00,132.317,132.34,132.358,132.3,132.339,132.362,132.379,132.322,701
2015-11-06 15:44:00,2015-11-06 15:45:00,132.34,132.364,132.374,132.331,132.362,132.385,132.396,132.354,629
2015-11-06 15:45:00,2015-11-06 15:46:00,132.364,132.347,132.366,132.325,132.385,132.369,132.388,132.348,486
2015-11-06 15:46:00,2015-11-06 15:47:00,132.347,132.316,132.354,132.316,132.369,132.336,132.377,132.336,489
2015-11-06 15:47:00,2015-11-06 15:48:00,132.316,132.327,132.334,132.302,132.336,132.351,132.355,132.32,561
2015-11-06 15:48:00,2015-11-06 15:49:00,132.327,132.286,132.327,132.286,132.351,132.306,132.351,132.305,385
2015-11-06 15:49:00,2015-11-06 15:50:00,132.286,132.264,132.293,132.262,132.306,132.286,132.313,132.282,496
2015-11-06 15:50:00,2015-11-06 15:51:00,132.264,132.228,132.276,132.209,132.286,132.249,132.299,132.23,460
2015-11-06 15:51:00,2015-11-06 15:52:00,132.228,132.254,132.254,132.219,132.249,132.275,132.276,132.242,488
2015-11-06 15:52:00,2015-11-06 15:53:00,132.254,132.247,132.263,132.246,132.275,132.268,132.284,132.267,474
2015-11-06 15:53:00,2015-11-06 15:54:00,132.247,132.221,132.255,132.218,132.268,132.241,132.279,132.238,417
2015-11-06 15:54:00,2015-11-06 15:55:00,132.221,132.253,132.254,132.216,132.241,132.273,132.275,132.236,485
2015-11-06 15:55:00,2015-11-06 15:56:00,132.253,132.219,132.253,132.219,132.273,132.24,132.273,132.24,362
2015-11-06 15:56:00,2015-11-06 15:57:00,132.219,132.223,132.229,132.199,132.24,132.244,132.248,132.22,323
2015-11-06 15:57:00,2015-11-06 15:58:00,132.223,132.285,132.318,132.224,132.244,132.305,132.338,132.244,478
2015-11-06 15:58:00,2015-11-06 15:59:00,132.285,132.295,132.297,132.26,132.305,132.316,132.319,132.28,353
2015-11-06 15:59:00,2015-11-06 16:00:00,132.295,132.316,132.322,132.29,132.316,132.336,132.343,132.314,393
2015-11-06 16:00:00,2015-11-06 16:01:00,132.316,132.343,132.345,132.307,132.336,132.365,132.368,132.328,587
2015-11-06 16:01:00,2015-11-06 16:02:00,132.343,132.336,132.357,132.323,132.365,132.357,132.378,132.344,446
2015-11-06 16:02:00,2015-11-06 16:03:00,132.336,132.36,132.37,132.336,132.357,132.381,132.39,132.358,574
2015-11-06 16:03:00,2015-11-06 16:04:00,132.36,132.334,132.367,132.33,132.381,132.355,132.39,132.352,473
2015-11-06 16:04:00,2015-11-06 16:05:00,132.334,132.352,132.36,132.331,132.355,132.375,132.381,132.351,527
2015-11-06 16:05:00,2015-11-06 16:06:00,132.352,132.362,132.381,132.35,132.375,132.384,132.4,132.37,324
2015-11-06 16:06:00,2015-11-06 16:07:00,132.362,132.352,132.376,132.35,132.384,132.373,132.397,132.371,292
2015-11-06 16:07:00,2015-11-06 16:08:00,132.352,132.35,132.396,132.347,132.373,132.369,132.416,132.366,484
2015-11-06 16:08:00,2015-11-06 16:09:00,132.35,132.311,132.35,132.311,132.369,132.328,132.368,132.328,302
2015-11-06 16:09:00,2015-11-06 16:10:00,132.311,132.289,132.315,132.287,132.328,132.309,132.332,132.305,255
2015-11-06 16:10:00,2015-11-06 16:11:00,132.289,132.309,132.316,132.286,132.309,132.328,132.339,132.306,500
2015-11-06 16:11:00,2015-11-06 16:12:00,132.309,132.337,132.347,132.305,132.328,132.358,132.367,132.325,392
2015-11-06 16:12:00,2015-11-06 16:13:00,132.337,132.333,132.338,132.324,132.358,132.354,132.359,132.345,374
2015-11-06 16:13:00,2015-11-06 16:14:00,132.333,132.362,132.366,132.328,132.354,132.385,132.389,132.348,477
2015-11-06 16:14:00,2015-11-06 16:15:00,132.362,132.394,132.405,132.363,132.385,132.414,132.426,132.385,465
2015-11-06 16:15:00,2015-11-06 16:16:00,132.394,132.378,132.403,132.377,132.414,132.401,132.425,132.399,297
2015-11-06 16:16:00,2015-11-06 16:17:00,132.378,132.376,132.387,132.33,132.401,132.399,132.41,132.352,687
2015-11-06 16:17:00,2015-11-06 16:18:00,132.376,132.363,132.381,132.356,132.399,132.384,132.404,132.376,367
2015-11-06 16:18:00,2015-11-06 16:19:00,132.363,132.366,132.375,132.36,132.384,132.387,132.398,132.379,379
2015-11-06 16:19:00,2015-11-06 16:20:00,132.366,132.375,132.375,132.35,132.387,132.394,132.396,132.371,363
2015-11-06 16:20:00,2015-11-06 16:21:00,132.375,132.346,132.375,132.335,132.394,132.367,132.396,132.358,408
2015-11-06 16:21:00,2015-11-06 16:22:00,132.346,132.348,132.358,132.335,132.367,132.369,132.381,132.354,463
2015-11-06 16:22:00,2015-11-06 16:23:00,132.348,132.337,132.349,132.335,132.369,132.36,132.37,132.353,257
2015-11-06 16:23:00,2015-11-06 16:24:00,132.337,132.345,132.345,132.325,132.36,132.366,132.369,132.342,571
2015-11-06 16:24:00,2015-11-06 16:25:00,132.345,132.336,132.347,132.322,132.366,132.357,132.369,132.341,491
2015-11-06 16:25:00,2015-11-06 16:26:00,132.336,132.337,132.342,132.323,132.357,132.356,132.364,132.345,275
2015-11-06 16:26:00,2015-11-06 16:27:00,132.337,132.378,132.378,132.332,132.356,132.398,132.399,132.351,339
2015-11-06 16:27:00,2015-11-06 16:28:00,132.378,132.381,132.41,132.373,132.398,132.401,132.43,132.391,378
2015-11-06 16:28:00,2015-11-06 16:29:00,132.381,132.409,132.41,132.362,132.401,132.431,132.432,132.383,571
2015-11-06 16:29:00,2015-11-06 16:30:00,132.409,132.425,132.435,132.396,132.431,132.447,132.456,132.417,442
2015-11-06 16:30:00,2015-11-06 16:31:00,132.425,132.437,132.456,132.414,132.447,132.454,132.474,132.435,573
2015-11-06 16:31:00,2015-11-06 16:32:00,132.437,132.421,132.455,132.421,132.454,132.444,132.475,132.444,491
2015-11-06 16:32:00,2015-11-06 16:33:00,132.421,132.397,132.428,132.395,132.444,132.419,132.449,132.417,437
2015-11-06 16:33:00,2015-11-06 16:34:00,132.397,132.412,132.413,132.377,132.419,132.435,132.437,132.395,634
2015-11-06 16:34:00,2015-11-06 16:35:00,132.412,132.41,132.415,132.384,132.435,132.431,132.438,132.408,552
2015-11-06 16:35:00,2015-11-06 16:36:00,132.41,132.395,132.411,132.383,132.431,132.418,132.435,132.406,522
2015-11-06 16:36:00,2015-11-06 16:37:00,132.395,132.417,132.43,132.39,132.418,132.439,132.449,132.413,333
2015-11-06 16:37:00,2015-11-06 16:38:00,132.417,132.405,132.423,132.403,132.439,132.426,132.444,132.424,211
2015-11-06 16:38:00,2015-11-06 16:39:00,132.405,132.381,132.406,132.378,132.426,132.402,132.427,132.399,283
2015-11-06 16:39:00,2015-11-06 16:40:00,132.381,132.371,132.388,132.36,132.402,132.394,132.408,132.382,337
2015-11-06 16:40:00,2015-11-06 16:41:00,132.371,132.377,132.38,132.368,132.394,132.4,132.402,132.389,280
2015-11-06 16:41:00,2015-11-06 16:42:00,132.377,132.397,132.406,132.377,132.4,132.416,132.427,132.399,351
2015-11-06 16:42:00,2015-11-06 16:43:00,132.397,132.374,132.404,132.37,132.416,132.396,132.424,132.391,235
2015-11-06 16:43:00,2015-11-06 16:44:00,132.374,132.366,132.381,132.362,132.396,132.388,132.404,132.383,202
2015-11-06 16:44:00,2015-11-06 16:45:00,132.366,132.379,132.385,132.363,132.388,132.402,132.407,132.384,316
2015-11-06 16:45:00,2015-11-06 16:46:00,132.379,132.363,132.387,132.363,132.402,132.384,132.407,132.384,261
2015-11-06 16:46:00,2015-11-06 16:47:00,132.363,132.353,132.369,132.346,132.384,132.374,132.387,132.363,349
2015-11-06 16:47:00,2015-11-06 16:48:00,132.353,132.343,132.355,132.336,132.374,132.365,132.376,132.357,296
2015-11-06 16:48:00,2015-11-06 16:49:00,132.343,132.339,132.349,132.307,132.365,132.363,132.371,132.33,442
2015-11-06 16:49:00,2015-11-06 16:50:00,132.339,132.325,132.341,132.322,132.363,132.347,132.363,132.344,433
2015-11-06 16:50:00,2015-11-06 16:51:00,132.325,132.339,132.342,132.322,132.347,132.363,132.363,132.345,292
2015-11-06 16:51:00,2015-11-06 16:52:00,132.339,132.351,132.352,132.328,132.363,132.374,132.374,132.35,394
2015-11-06 16:52:00,2015-11-06 16:53:00,132.351,132.366,132.386,132.347,132.374,132.389,132.407,132.37,260
2015-11-06 16:53:00,2015-11-06 16:54:00,132.366,132.349,132.37,132.338,132.389,132.371,132.393,132.357,428
2015-11-06 16:54:00,2015-11-06 16:55:00,132.349,132.357,132.357,132.329,132.371,132.38,132.38,132.352,484
2015-11-06 16:55:00,2015-11-06 16:56:00,132.357,132.379,132.396,132.355,132.38,132.4,132.413,132.373,442
2015-11-06 16:56:00,2015-11-06 16:57:00,132.379,132.362,132.382,132.359,132.4,132.385,132.4,132.383,157
2015-11-06 16:57:00,2015-11-06 16:58:00,132.362,132.363,132.381,132.346,132.385,132.383,132.404,132.368,406
2015-11-06 16:58:00,2015-11-06 16:59:00,132.363,132.386,132.388,132.358,132.383,132.409,132.411,132.378,273
2015-11-06 16:59:00,2015-11-06 17:00:00,132.386,132.388,132.394,132.377,132.409,132.411,132.417,132.4,421
2015-11-06 17:00:00,2015-11-06 17:01:00,132.388,132.357,132.389,132.357,132.411,132.381,132.412,132.38,309
2015-11-06 17:01:00,2015-11-06 17:02:00,132.357,132.342,132.377,132.342,132.381,132.368,132.402,132.368,270
2015-11-06 17:02:00,2015-11-06 17:03:00,132.342,132.371,132.371,132.331,132.368,132.391,132.392,132.354,381
2015-11-06 17:03:00,2015-11-06 17:04:00,132.371,132.347,132.371,132.345,132.391,132.372,132.391,132.367,330
2015-11-06 17:04:00,2015-11-06 17:05:00,132.347,132.306,132.348,132.277,132.372,132.331,132.372,132.296,659
2015-11-06 17:05:00,2015-11-06 17:06:00,132.306,132.311,132.327,132.302,132.331,132.334,132.347,132.325,368
2015-11-06 17:06:00,2015-11-06 17:07:00,132.311,132.316,132.325,132.308,132.334,132.338,132.349,132.331,328
2015-11-06 17:07:00,2015-11-06 17:08:00,132.316,132.339,132.359,132.315,132.338,132.361,132.382,132.341,357
2015-11-06 17:08:00,2015-11-06 17:09:00,132.339,132.301,132.339,132.282,132.361,132.325,132.362,132.304,323
2015-11-06 17:09:00,2015-11-06 17:10:00,132.301,132.323,132.336,132.291,132.325,132.342,132.354,132.314,508
2015-11-06 17:10:00,2015-11-06 17:11:00,132.323,132.288,132.331,132.288,132.342,132.309,132.35,132.308,325
2015-11-06 17:11:00,2015-11-06 17:12:00,132.288,132.3,132.303,132.288,132.309,132.323,132.325,132.307,305
2015-11-06 17:12:00,2015-11-06 17:13:00,132.3,132.288,132.302,132.28,132.323,132.31,132.324,132.3,230
2015-11-06 17:13:00,2015-11-06 17:14:00,132.288,132.289,132.304,132.281,132.31,132.312,132.325,132.304,279
2015-11-06 17:14:00,2015-11-06 17:15:00,132.289,132.265,132.292,132.263,132.312,132.287,132.316,132.284,402
2015-11-06 17:15:00,2015-11-06 17:16:00,132.265,132.231,132.264,132.229,132.287,132.251,132.287,132.249,535
2015-11-06 17:16:00,2015-11-06 17:17:00,132.231,132.244,132.244,132.231,132.251,132.268,132.268,132.251,379
2015-11-06 17:17:00,2015-11-06 17:18:00,132.244,132.267,132.27,132.233,132.268,132.29,132.293,132.255,336
2015-11-06 17:18:00,2015-11-06 17:19:00,132.267,132.268,132.273,132.252,132.29,132.288,132.295,132.275,174
2015-11-06 17:19:00,2015-11-06 17:20:00,132.268,132.261,132.271,132.257,132.288,132.282,132.289,132.277,97
2015-11-06 17:20:00,2015-11-06 17:21:00,132.261,132.243,132.263,132.242,132.282,132.262,132.281,132.26,180
2015-11-06 17:21:00,2015-11-06 17:22:00,132.243,132.222,132.252,132.222,132.262,132.244,132.27,132.243,222
2015-11-06 17:22:00,2015-11-06 17:23:00,132.222,132.233,132.233,132.213,132.244,132.254,132.254,132.232,172
2015-11-06 17:23:00,2015-11-06 17:24:00,132.233,132.217,132.236,132.215,132.254,132.237,132.258,132.235,146
2015-11-06 17:24:00,2015-11-06 17:25:00,132.217,132.203,132.223,132.203,132.237,132.223,132.245,132.223,217
2015-11-06 17:25:00,2015-11-06 17:26:00,132.203,132.19,132.21,132.188,132.223,132.214,132.233,132.206,245
2015-11-06 17:26:00,2015-11-06 17:27:00,132.19,132.206,132.208,132.183,132.214,132.229,132.23,132.202,271
2015-11-06 17:27:00,2015-11-06 17:28:00,132.206,132.249,132.249,132.204,132.229,132.27,132.271,132.227,243
2015-11-06 17:28:00,2015-11-06 17:29:00,132.249,132.248,132.255,132.243,132.27,132.27,132.278,132.265,288
2015-11-06 17:29:00,2015-11-06 17:30:00,132.248,132.256,132.256,132.221,132.27,132.278,132.279,132.243,421
2015-11-06 17:30:00,2015-11-06 17:31:00,132.256,132.244,132.26,132.241,132.278,132.265,132.284,132.263,278
2015-11-06 17:31:00,2015-11-06 17:32:00,132.244,132.218,132.255,132.206,132.265,132.238,132.278,132.227,359
2015-11-06 17:32:00,2015-11-06 17:33:00,132.218,132.208,132.222,132.197,132.238,132.229,132.242,132.218,252
2015-11-06 17:33:00,2015-11-06 17:34:00,132.208,132.213,132.22,132.207,132.229,132.235,132.242,132.229,214
2015-11-06 17:34:00,2015-11-06 17:35:00,132.213,132.216,132.216,132.198,132.235,132.236,132.238,132.218,204
2015-11-06 17:35:00,2015-11-06 17:36:00,132.216,132.21,132.22,132.207,132.236,132.232,132.242,132.229,90
2015-11-06 17:36:00,2015-11-06 17:37:00,132.21,132.207,132.215,132.203,132.232,132.229,132.237,132.225,182
2015-11-06 17:37:00,2015-11-06 17:38:00,132.207,132.196,132.215,132.196,132.229,132.22,132.237,132.22,239
2015-11-06 17:38:00,2015-11-06 17:39:00,132.196,132.218,132.222,132.196,132.22,132.24,132.245,132.219,400
2015-11-06 17:39:00,2015-11-06 17:40:00,132.218,132.237,132.242,132.216,132.24,132.259,132.263,132.236,476
2015-11-06 17:40:00,2015-11-06 17:41:00,132.237,132.269,132.27,132.236,132.259,132.291,132.291,132.258,338
2015-11-06 17:41:00,2015-11-06 17:42:00,132.269,132.267,132.27,132.262,132.291,132.29,132.294,132.284,213
2015-11-06 17:42:00,2015-11-06 17:43:00,132.267,132.247,132.276,132.247,132.29,132.27,132.3,132.269,322
2015-11-06 17:43:00,2015-11-06 17:44:00,132.247,132.222,132.247,132.218,132.27,132.242,132.27,132.239,203
2015-11-06 17:44:00,2015-11-06 17:45:00,132.222,132.22,132.228,132.215,132.242,132.241,132.245,132.235,139
2015-11-06 17:45:00,2015-11-06 17:46:00,132.22,132.194,132.219,132.194,132.241,132.212,132.241,132.212,429
2015-11-06 17:46:00,2015-11-06 17:47:00,132.194,132.195,132.197,132.184,132.212,132.217,132.219,132.203,430
2015-11-06 17:47:00,2015-11-06 17:48:00,132.195,132.181,132.196,132.172,132.217,132.205,132.219,132.195,267
2015-11-06 17:48:00,2015-11-06 17:49:00,132.181,132.184,132.184,132.163,132.205,132.206,132.206,132.186,329
2015-11-06 17:49:00,2015-11-06 17:50:00,132.184,132.21,132.212,132.187,132.206,132.232,132.232,132.206,224
2015-11-06 17:50:00,2015-11-06 17:51:00,132.21,132.219,132.228,132.203,132.232,132.242,132.248,132.223,527
2015-11-06 17:51:00,2015-11-06 17:52:00,132.219,132.247,132.247,132.219,132.242,132.271,132.271,132.242,215
2015-11-06 17:52:00,2015-11-06 17:53:00,132.247,132.251,132.252,132.234,132.271,132.274,132.274,132.257,224
2015-11-06 17:53:00,2015-11-06 17:54:00,132.251,132.245,132.254,132.24,132.274,132.268,132.278,132.263,205
2015-11-06 17:54:00,2015-11-06 17:55:00,132.245,132.235,132.245,132.222,132.268,132.26,132.27,132.245,331
2015-11-06 17:55:00,2015-11-06 17:56:00,132.235,132.231,132.244,132.231,132.26,132.254,132.268,132.254,252
2015-11-06 17:56:00,2015-11-06 17:57:00,132.231,132.256,132.262,132.218,132.254,132.279,132.286,132.241,293
2015-11-06 17:57:00,2015-11-06 17:58:00,132.256,132.273,132.285,132.254,132.279,132.285,132.302,132.278,234
2015-11-06 17:58:00,2015-11-06 17:59:00,132.273,132.25,132.286,132.244,132.285,132.271,132.304,132.259,447
2015-11-06 17:59:00,2015-11-06 18:00:00,132.25,132.29,132.301,132.249,132.271,132.312,132.322,132.272,401
2015-11-06 18:00:00,2015-11-06 18:01:00,132.29,132.283,132.292,132.28,132.312,132.306,132.314,132.302,221
2015-11-06 18:01:00,2015-11-06 18:02:00,132.283,132.262,132.284,132.262,132.306,132.282,132.308,132.281,200
2015-11-06 18:02:00,2015-11-06 18:03:00,132.262,132.24,132.263,132.234,132.282,132.262,132.285,132.255,348
2015-11-06 18:03:00,2015-11-06 18:04:00,132.24,132.244,132.251,132.225,132.262,132.269,132.273,132.246,382
2015-11-06 18:04:00,2015-11-06 18:05:00,132.244,132.245,132.248,132.231,132.269,132.266,132.272,132.254,321
2015-11-06 18:05:00,2015-11-06 18:06:00,132.245,132.258,132.273,132.243,132.266,132.281,132.296,132.265,278
2015-11-06 18:06:00,2015-11-06 18:07:00,132.258,132.252,132.26,132.241,132.281,132.275,132.284,132.265,160
2015-11-06 18:07:00,2015-11-06 18:08:00,132.252,132.214,132.254,132.212,132.275,132.239,132.276,132.237,333
2015-11-06 18:08:00,2015-11-06 18:09:00,132.214,132.144,132.215,132.14,132.239,132.168,132.24,132.164,618
2015-11-06 18:09:00,2015-11-06 18:10:00,132.144,132.17,132.174,132.142,132.168,132.195,132.2,132.166,482
2015-11-06 18:10:00,2015-11-06 18:11:00,132.17,132.2,132.202,132.168,132.195,132.225,132.227,132.193,259
2015-11-06 18:11:00,2015-11-06 18:12:00,132.2,132.163,132.202,132.149,132.225,132.186,132.226,132.17,300
2015-11-06 18:12:00,2015-11-06 18:13:00,132.163,132.162,132.169,132.151,132.186,132.186,132.19,132.173,168
2015-11-06 18:13:00,2015-11-06 18:14:00,132.162,132.176,132.177,132.162,132.186,132.2,132.201,132.185,178
2015-11-06 18:14:00,2015-11-06 18:15:00,132.176,132.165,132.181,132.164,132.2,132.187,132.201,132.186,176
2015-11-06 18:15:00,2015-11-06 18:16:00,132.165,132.168,132.174,132.165,132.187,132.189,132.196,132.184,129
2015-11-06 18:16:00,2015-11-06 18:17:00,132.168,132.135,132.169,132.129,132.189,132.16,132.19,132.15,236
2015-11-06 18:17:00,2015-11-06 18:18:00,132.135,132.116,132.136,132.112,132.16,132.137,132.161,132.132,192
2015-11-06 18:18:00,2015-11-06 18:19:00,132.116,132.126,132.129,132.114,132.137,132.15,132.152,132.134,249
2015-11-06 18:19:00,2015-11-06 18:20:00,132.126,132.122,132.13,132.115,132.15,132.148,132.154,132.14,228
2015-11-06 18:20:00,2015-11-06 18:21:00,132.122,132.122,132.127,132.111,132.148,132.146,132.151,132.132,212
2015-11-06 18:21:00,2015-11-06 18:22:00,132.122,132.125,132.128,132.115,132.146,132.149,132.152,132.138,137
2015-11-06 18:22:00,2015-11-06 18:23:00,132.125,132.13,132.14,132.124,132.149,132.152,132.163,132.148,154
2015-11-06 18:23:00,2015-11-06 18:24:00,132.13,132.145,132.147,132.13,132.152,132.166,132.171,132.153,85
2015-11-06 18:24:00,2015-11-06 18:25:00,132.145,132.157,132.159,132.145,132.166,132.178,132.182,132.167,121
2015-11-06 18:25:00,2015-11-06 18:26:00,132.157,132.155,132.168,132.147,132.178,132.179,132.19,132.168,190
2015-11-06 18:26:00,2015-11-06 18:27:00,132.155,132.18,132.184,132.155,132.179,132.201,132.204,132.178,295
2015-11-06 18:27:00,2015-11-06 18:28:00,132.18,132.175,132.183,132.172,132.201,132.199,132.205,132.196,100
2015-11-06 18:28:00,2015-11-06 18:29:00,132.175,132.201,132.209,132.173,132.199,132.224,132.231,132.198,228
2015-11-06 18:29:00,2015-11-06 18:30:00,132.201,132.201,132.205,132.188,132.224,132.221,132.228,132.21,335
2015-11-06 18:30:00,2015-11-06 18:31:00,132.201,132.211,132.212,132.199,132.221,132.23,132.23,132.219,107
2015-11-06 18:31:00,2015-11-06 18:32:00,132.211,132.223,132.233,132.21,132.23,132.241,132.25,132.228,373
2015-11-06 18:32:00,2015-11-06 18:33:00,132.223,132.23,132.23,132.217,132.241,132.248,132.249,132.235,483
2015-11-06 18:33:00,2015-11-06 18:34:00,132.23,132.224,132.232,132.224,132.248,132.242,132.25,132.24,204
2015-11-06 18:34:00,2015-11-06 18:35:00,132.224,132.226,132.226,132.211,132.242,132.246,132.246,132.232,114
2015-11-06 18:35:00,2015-11-06 18:36:00,132.226,132.228,132.238,132.224,132.246,132.248,132.257,132.243,136
2015-11-06 18:36:00,2015-11-06 18:37:00,132.228,132.241,132.241,132.224,132.248,132.263,132.263,132.245,131
2015-11-06 18:37:00,2015-11-06 18:38:00,132.241,132.255,132.256,132.239,132.263,132.277,132.278,132.261,69
2015-11-06 18:38:00,2015-11-06 18:39:00,132.255,132.266,132.277,132.253,132.277,132.285,132.3,132.275,200
2015-11-06 18:39:00,2015-11-06 18:40:00,132.266,132.256,132.266,132.247,132.285,132.278,132.286,132.27,193
2015-11-06 18:40:00,2015-11-06 18:41:00,132.256,132.242,132.257,132.242,132.278,132.265,132.279,132.264,101
2015-11-06 18:41:00,2015-11-06 18:42:00,132.242,132.255,132.26,132.241,132.265,132.279,132.282,132.264,178
2015-11-06 18:42:00,2015-11-06 18:43:00,132.255,132.255,132.258,132.244,132.279,132.279,132.28,132.267,115
2015-11-06 18:43:00,2015-11-06 18:44:00,132.255,132.245,132.26,132.243,132.279,132.268,132.282,132.264,213
2015-11-06 18:44:00,2015-11-06 18:45:00,132.245,132.251,132.254,132.24,132.268,132.273,132.278,132.26,138
2015-11-06 18:45:00,2015-11-06 18:46:00,132.251,132.281,132.283,132.246,132.273,132.304,132.305,132.269,195
2015-11-06 18:46:00,2015-11-06 18:47:00,132.281,132.31,132.311,132.282,132.304,132.334,132.334,132.304,268
2015-11-06 18:47:00,2015-11-06 18:48:00,132.31,132.317,132.317,132.31,132.334,132.336,132.336,132.331,49
2015-11-06 18:48:00,2015-11-06 18:49:00,132.317,132.329,132.329,132.303,132.336,132.351,132.352,132.323,281
2015-11-06 18:49:00,2015-11-06 18:50:00,132.329,132.329,132.339,132.32,132.351,132.351,132.362,132.34,254
2015-11-06 18:50:00,2015-11-06 18:51:00,132.329,132.344,132.345,132.326,132.351,132.367,132.368,132.348,164
2015-11-06 18:51:00,2015-11-06 18:52:00,132.344,132.342,132.348,132.329,132.367,132.367,132.37,132.352,134
2015-11-06 18:52:00,2015-11-06 18:53:00,132.342,132.332,132.364,132.329,132.367,132.354,132.385,132.352,346
2015-11-06 18:53:00,2015-11-06 18:54:00,132.332,132.352,132.358,132.327,132.354,132.376,132.384,132.349,230
2015-11-06 18:54:00,2015-11-06 18:55:00,132.352,132.349,132.359,132.338,132.376,132.373,132.383,132.363,335
2015-11-06 18:55:00,2015-11-06 18:56:00,132.349,132.355,132.356,132.332,132.373,132.379,132.381,132.354,235
2015-11-06 18:56:00,2015-11-06 18:57:00,132.355,132.368,132.369,132.352,132.379,132.393,132.393,132.375,307
2015-11-06 18:57:00,2015-11-06 18:58:00,132.368,132.351,132.373,132.351,132.393,132.373,132.397,132.373,361
2015-11-06 18:58:00,2015-11-06 18:59:00,132.351,132.349,132.357,132.345,132.373,132.375,132.382,132.371,316
2015-11-06 18:59:00,2015-11-06 19:00:00,132.349,132.34,132.352,132.335,132.375,132.364,132.375,132.361,195
2015-11-06 19:00:00,2015-11-06 19:01:00,132.34,132.339,132.343,132.331,132.364,132.363,132.365,132.354,145
2015-11-06 19:01:00,2015-11-06 19:02:00,132.339,132.299,132.351,132.294,132.363,132.324,132.374,132.319,284
2015-11-06 19:02:00,2015-11-06 19:03:00,132.299,132.278,132.302,132.268,132.324,132.299,132.327,132.287,261
2015-11-06 19:03:00,2015-11-06 19:04:00,132.278,132.26,132.295,132.26,132.299,132.281,132.316,132.281,422
2015-11-06 19:04:00,2015-11-06 19:05:00,132.26,132.287,132.287,132.26,132.281,132.308,132.308,132.28,179
2015-11-06 19:05:00,2015-11-06 19:06:00,132.287,132.284,132.291,132.265,132.308,132.304,132.312,132.286,219
2015-11-06 19:06:00,2015-11-06 19:07:00,132.284,132.281,132.29,132.28,132.304,132.305,132.312,132.304,159
2015-11-06 19:07:00,2015-11-06 19:08:00,132.281,132.272,132.282,132.265,132.305,132.294,132.306,132.289,195
2015-11-06 19:08:00,2015-11-06 19:09:00,132.272,132.269,132.272,132.264,132.294,132.295,132.298,132.287,113
2015-11-06 19:09:00,2015-11-06 19:10:00,132.269,132.259,132.272,132.256,132.295,132.282,132.297,132.277,121
2015-11-06 19:10:00,2015-11-06 19:11:00,132.259,132.26,132.266,132.257,132.282,132.286,132.289,132.281,128
2015-11-06 19:11:00,2015-11-06 19:12:00,132.26,132.262,132.27,132.259,132.286,132.285,132.293,132.285,80
2015-11-06 19:12:00,2015-11-06 19:13:00,132.262,132.274,132.274,132.249,132.285,132.299,132.299,132.271,166
2015-11-06 19:13:00,2015-11-06 19:14:00,132.274,132.275,132.275,132.264,132.299,132.296,132.298,132.284,141
2015-11-06 19:14:00,2015-11-06 19:15:00,132.275,132.305,132.308,132.275,132.296,132.325,132.331,132.297,162
2015-11-06 19:15:00,2015-11-06 19:16:00,132.305,132.295,132.305,132.294,132.325,132.32,132.327,132.313,122
2015-11-06 19:16:00,2015-11-06 19:17:00,132.295,132.296,132.318,132.287,132.32,132.312,132.34,132.309,254
2015-11-06 19:17:00,2015-11-06 19:18:00,132.296,132.296,132.299,132.282,132.312,132.319,132.322,132.305,206
2015-11-06 19:18:00,2015-11-06 19:19:00,132.296,132.324,132.325,132.294,132.319,132.347,132.347,132.317,137
2015-11-06 19:19:00,2015-11-06 19:20:00,132.324,132.336,132.338,132.322,132.347,132.36,132.361,132.346,184
2015-11-06 19:20:00,2015-11-06 19:21:00,132.336,132.346,132.348,132.337,132.36,132.371,132.373,132.36,70
2015-11-06 19:21:00,2015-11-06 19:22:00,132.346,132.329,132.346,132.315,132.371,132.352,132.37,132.338,160
2015-11-06 19:22:00,2015-11-06 19:23:00,132.329,132.321,132.333,132.32,132.352,132.345,132.354,132.343,177
2015-11-06 19:23:00,2015-11-06 19:24:00,132.321,132.306,132.323,132.303,132.345,132.328,132.347,132.323,113
2015-11-06 19:24:00,2015-11-06 19:25:00,132.306,132.304,132.315,132.304,132.328,132.326,132.338,132.326,139
2015-11-06 19:25:00,2015-11-06 19:26:00,132.304,132.303,132.32,132.302,132.326,132.326,132.344,132.325,137
2015-11-06 19:26:00,2015-11-06 19:27:00,132.303,132.303,132.305,132.295,132.326,132.324,132.33,132.319,223
2015-11-06 19:27:00,2015-11-06 19:28:00,132.303,132.297,132.314,132.297,132.324,132.319,132.337,132.319,137
2015-11-06 19:28:00,2015-11-06 19:29:00,132.297,132.286,132.298,132.281,132.319,132.312,132.32,132.305,110
2015-11-06 19:29:00,2015-11-06 19:30:00,132.286,132.303,132.307,132.285,132.312,132.325,132.33,132.31,75
2015-11-06 19:30:00,2015-11-06 19:31:00,132.303,132.312,132.316,132.303,132.325,132.332,132.336,132.323,100
2015-11-06 19:31:00,2015-11-06 19:32:00,132.312,132.314,132.319,132.296,132.332,132.337,132.343,132.319,261
2015-11-06 19:32:00,2015-11-06 19:33:00,132.314,132.336,132.341,132.311,132.337,132.355,132.363,132.332,215
2015-11-06 19:33:00,2015-11-06 19:34:00,132.336,132.304,132.336,132.297,132.355,132.328,132.354,132.32,311
2015-11-06 19:34:00,2015-11-06 19:35:00,132.304,132.335,132.339,132.304,132.328,132.358,132.364,132.329,344
2015-11-06 19:35:00,2015-11-06 19:36:00,132.335,132.341,132.347,132.334,132.358,132.362,132.369,132.356,174
2015-11-06 19:36:00,2015-11-06 19:37:00,132.341,132.35,132.351,132.341,132.362,132.373,132.373,132.363,74
2015-11-06 19:37:00,2015-11-06 19:38:00,132.35,132.349,132.357,132.348,132.373,132.372,132.381,132.372,67
2015-11-06 19:38:00,2015-11-06 19:39:00,132.349,132.36,132.368,132.348,132.372,132.385,132.391,132.372,256
2015-11-06 19:39:00,2015-11-06 19:40:00,132.36,132.364,132.385,132.359,132.385,132.388,132.408,132.385,151
2015-11-06 19:40:00,2015-11-06 19:41:00,132.364,132.388,132.399,132.364,132.388,132.411,132.419,132.388,295
2015-11-06 19:41:00,2015-11-06 19:42:00,132.388,132.386,132.391,132.37,132.411,132.411,132.414,132.394,223
2015-11-06 19:42:00,2015-11-06 19:43:00,132.386,132.389,132.398,132.381,132.411,132.414,132.422,132.407,109
2015-11-06 19:43:00,2015-11-06 19:44:00,132.389,132.387,132.392,132.385,132.414,132.412,132.416,132.409,91
2015-11-06 19:44:00,2015-11-06 19:45:00,132.387,132.394,132.394,132.38,132.412,132.417,132.417,132.402,117
2015-11-06 19:45:00,2015-11-06 19:46:00,132.394,132.374,132.393,132.374,132.417,132.399,132.417,132.399,179
2015-11-06 19:46:00,2015-11-06 19:47:00,132.374,132.368,132.375,132.365,132.399,132.39,132.399,132.389,175
2015-11-06 19:47:00,2015-11-06 19:48:00,132.368,132.383,132.385,132.368,132.39,132.406,132.41,132.39,117
2015-11-06 19:48:00,2015-11-06 19:49:00,132.383,132.378,132.389,132.371,132.406,132.401,132.412,132.394,208
2015-11-06 19:49:00,2015-11-06 19:50:00,132.378,132.373,132.382,132.37,132.401,132.399,132.404,132.394,171
2015-11-06 19:50:00,2015-11-06 19:51:00,132.373,132.401,132.401,132.368,132.399,132.425,132.425,132.392,213
2015-11-06 19:51:00,2015-11-06 19:52:00,132.401,132.402,132.413,132.393,132.425,132.427,132.436,132.415,244
2015-11-06 19:52:00,2015-11-06 19:53:00,132.402,132.406,132.41,132.399,132.427,132.431,132.434,132.423,177
2015-11-06 19:53:00,2015-11-06 19:54:00,132.406,132.409,132.411,132.399,132.431,132.434,132.435,132.422,134
2015-11-06 19:54:00,2015-11-06 19:55:00,132.409,132.396,132.411,132.396,132.434,132.42,132.434,132.42,151
2015-11-06 19:55:00,2015-11-06 19:56:00,132.396,132.39,132.397,132.387,132.42,132.413,132.42,132.411,98
2015-11-06 19:56:00,2015-11-06 19:57:00,132.39,132.384,132.39,132.378,132.413,132.408,132.414,132.402,159
2015-11-06 19:57:00,2015-11-06 19:58:00,132.384,132.4,132.407,132.384,132.408,132.423,132.426,132.408,165
2015-11-06 19:58:00,2015-11-06 19:59:00,132.4,132.414,132.425,132.391,132.423,132.44,132.45,132.416,516
2015-11-06 19:59:00,2015-11-06 20:00:00,132.414,132.393,132.416,132.385,132.44,132.418,132.444,132.409,371
2015-11-06 20:00:00,2015-11-06 20:01:00,132.393,132.384,132.395,132.375,132.418,132.408,132.42,132.399,217
2015-11-06 20:01:00,2015-11-06 20:02:00,132.384,132.376,132.397,132.372,132.408,132.399,132.422,132.395,236
2015-11-06 20:02:00,2015-11-06 20:03:00,132.376,132.353,132.379,132.352,132.399,132.377,132.403,132.376,242
2015-11-06 20:03:00,2015-11-06 20:04:00,132.353,132.353,132.357,132.343,132.377,132.375,132.381,132.362,178
2015-11-06 20:04:00,2015-11-06 20:05:00,132.353,132.351,132.364,132.349,132.375,132.373,132.385,132.371,115
2015-11-06 20:05:00,2015-11-06 20:06:00,132.351,132.319,132.359,132.315,132.373,132.343,132.381,132.339,269
2015-11-06 20:06:00,2015-11-06 20:07:00,132.319,132.33,132.337,132.312,132.343,132.352,132.358,132.336,214
2015-11-06 20:07:00,2015-11-06 20:08:00,132.33,132.337,132.344,132.33,132.352,132.359,132.365,132.352,186
2015-11-06 20:08:00,2015-11-06 20:09:00,132.337,132.344,132.346,132.337,132.359,132.363,132.365,132.356,134
2015-11-06 20:09:00,2015-11-06 20:10:00,132.344,132.338,132.344,132.337,132.363,132.358,132.363,132.358,38
2015-11-06 20:10:00,2015-11-06 20:11:00,132.338,132.363,132.363,132.338,132.358,132.384,132.385,132.358,209
2015-11-06 20:11:00,2015-11-06 20:12:00,132.363,132.376,132.377,132.363,132.384,132.4,132.4,132.385,159
2015-11-06 20:12:00,2015-11-06 20:13:00,132.376,132.372,132.385,132.369,132.4,132.394,132.409,132.392,117
2015-11-06 20:13:00,2015-11-06 20:14:00,132.372,132.393,132.395,132.37,132.394,132.417,132.418,132.393,132
2015-11-06 20:14:00,2015-11-06 20:15:00,132.393,132.403,132.404,132.382,132.417,132.427,132.429,132.406,174
2015-11-06 20:15:00,2015-11-06 20:16:00,132.403,132.395,132.41,132.394,132.427,132.42,132.433,132.419,159
2015-11-06 20:16:00,2015-11-06 20:17:00,132.395,132.376,132.396,132.374,132.42,132.4,132.42,132.399,93
2015-11-06 20:17:00,2015-11-06 20:18:00,132.376,132.371,132.377,132.37,132.4,132.397,132.403,132.395,81
2015-11-06 20:18:00,2015-11-06 20:19:00,132.371,132.369,132.374,132.369,132.397,132.394,132.397,132.394,58
2015-11-06 20:19:00,2015-11-06 20:20:00,132.369,132.375,132.386,132.368,132.394,132.399,132.408,132.392,115
2015-11-06 20:20:00,2015-11-06 20:21:00,132.375,132.368,132.378,132.367,132.399,132.392,132.4,132.389,170
2015-11-06 20:21:00,2015-11-06 20:22:00,132.368,132.368,132.372,132.364,132.392,132.388,132.394,132.384,174
2015-11-06 20:22:00,2015-11-06 20:23:00,132.368,132.343,132.368,132.337,132.388,132.367,132.387,132.351,368
2015-11-06 20:23:00,2015-11-06 20:24:00,132.343,132.339,132.349,132.339,132.367,132.363,132.373,132.362,146
2015-11-06 20:24:00,2015-11-06 20:25:00,132.339,132.322,132.342,132.312,132.363,132.346,132.367,132.337,293
2015-11-06 20:25:00,2015-11-06 20:26:00,132.322,132.296,132.326,132.293,132.346,132.319,132.349,132.315,178
2015-11-06 20:26:00,2015-11-06 20:27:00,132.296,132.297,132.305,132.293,132.319,132.32,132.328,132.315,88
2015-11-06 20:27:00,2015-11-06 20:28:00,132.297,132.307,132.308,132.297,132.32,132.325,132.333,132.321,92
2015-11-06 20:28:00,2015-11-06 20:29:00,132.307,132.313,132.315,132.302,132.325,132.339,132.34,132.324,168
2015-11-06 20:29:00,2015-11-06 20:30:00,132.313,132.318,132.319,132.304,132.339,132.341,132.343,132.326,225
2015-11-06 20:30:00,2015-11-06 20:31:00,132.318,132.334,132.334,132.317,132.341,132.355,132.355,132.339,149
2015-11-06 20:31:00,2015-11-06 20:32:00,132.334,132.289,132.334,132.286,132.355,132.311,132.355,132.308,292
2015-11-06 20:32:00,2015-11-06 20:33:00,132.289,132.275,132.297,132.267,132.311,132.299,132.319,132.29,265
2015-11-06 20:33:00,2015-11-06 20:34:00,132.275,132.281,132.289,132.273,132.299,132.305,132.313,132.298,171
2015-11-06 20:34:00,2015-11-06 20:35:00,132.281,132.281,132.288,132.279,132.305,132.306,132.313,132.303,89
2015-11-06 20:35:00,2015-11-06 20:36:00,132.281,132.285,132.287,132.27,132.306,132.308,132.312,132.295,164
2015-11-06 20:36:00,2015-11-06 20:37:00,132.285,132.308,132.31,132.285,132.308,132.332,132.334,132.308,121
2015-11-06 20:37:00,2015-11-06 20:38:00,132.308,132.314,132.321,132.307,132.332,132.335,132.342,132.332,119
2015-11-06 20:38:00,2015-11-06 20:39:00,132.314,132.337,132.337,132.311,132.335,132.361,132.363,132.334,152
2015-11-06 20:39:00,2015-11-06 20:40:00,132.337,132.331,132.345,132.331,132.361,132.354,132.368,132.354,214
2015-11-06 20:40:00,2015-11-06 20:41:00,132.331,132.323,132.333,132.32,132.354,132.346,132.359,132.344,242
2015-11-06 20:41:00,2015-11-06 20:42:00,132.323,132.319,132.323,132.315,132.346,132.344,132.349,132.339,96
2015-11-06 20:42:00,2015-11-06 20:43:00,132.319,132.329,132.33,132.317,132.344,132.357,132.357,132.342,107
2015-11-06 20:43:00,2015-11-06 20:44:00,132.329,132.307,132.332,132.306,132.357,132.334,132.358,132.332,173
2015-11-06 20:44:00,2015-11-06 20:45:00,132.307,132.29,132.317,132.29,132.334,132.314,132.343,132.314,135
2015-11-06 20:45:00,2015-11-06 20:46:00,132.29,132.307,132.307,132.279,132.314,132.331,132.332,132.301,144
2015-11-06 20:46:00,2015-11-06 20:47:00,132.307,132.302,132.309,132.295,132.331,132.326,132.333,132.318,154
2015-11-06 20:47:00,2015-11-06 20:48:00,132.302,132.295,132.305,132.29,132.326,132.319,132.329,132.314,210
2015-11-06 20:48:00,2015-11-06 20:49:00,132.295,132.305,132.306,132.281,132.319,132.33,132.33,132.305,184
2015-11-06 20:49:00,2015-11-06 20:50:00,132.305,132.304,132.311,132.296,132.33,132.326,132.336,132.32,142
2015-11-06 20:50:00,2015-11-06 20:51:00,132.304,132.303,132.309,132.302,132.326,132.329,132.333,132.322,159
2015-11-06 20:51:00,2015-11-06 20:52:00,132.303,132.305,132.308,132.299,132.329,132.328,132.334,132.324,144
2015-11-06 20:52:00,2015-11-06 20:53:00,132.305,132.323,132.326,132.304,132.328,132.344,132.351,132.328,292
2015-11-06 20:53:00,2015-11-06 20:54:00,132.323,132.347,132.352,132.322,132.344,132.369,132.374,132.344,231
2015-11-06 20:54:00,2015-11-06 20:55:00,132.347,132.358,132.37,132.347,132.369,132.381,132.392,132.369,190
2015-11-06 20:55:00,2015-11-06 20:56:00,132.358,132.358,132.362,132.356,132.381,132.381,132.387,132.379,160
2015-11-06 20:56:00,2015-11-06 20:57:00,132.358,132.355,132.368,132.355,132.381,132.379,132.392,132.379,214
2015-11-06 20:57:00,2015-11-06 20:58:00,132.355,132.354,132.382,132.354,132.379,132.377,132.406,132.374,218
2015-11-06 20:58:00,2015-11-06 20:59:00,132.354,132.357,132.364,132.341,132.377,132.381,132.39,132.363,307
2015-11-06 20:59:00,2015-11-06 21:00:00,132.357,132.356,132.36,132.337,132.381,132.38,132.383,132.362,352
2015-11-06 21:00:00,2015-11-06 21:01:00,132.356,132.354,132.36,132.351,132.38,132.382,132.385,132.376,96
2015-11-06 21:01:00,2015-11-06 21:02:00,132.354,132.357,132.362,132.352,132.382,132.385,132.389,132.379,66
2015-11-06 21:02:00,2015-11-06 21:03:00,132.357,132.355,132.363,132.352,132.385,132.383,132.39,132.377,84
2015-11-06 21:03:00,2015-11-06 21:04:00,132.355,132.322,132.357,132.32,132.383,132.34,132.385,132.34,209
2015-11-06 21:04:00,2015-11-06 21:05:00,132.322,132.335,132.335,132.32,132.34,132.361,132.365,132.34,144
2015-11-06 21:05:00,2015-11-06 21:06:00,132.335,132.327,132.335,132.327,132.361,132.351,132.361,132.351,48
2015-11-06 21:06:00,2015-11-06 21:07:00,132.327,132.321,132.328,132.32,132.351,132.344,132.352,132.341,76
2015-11-06 21:07:00,2015-11-06 21:08:00,132.321,132.311,132.321,132.311,132.344,132.344,132.344,132.341,29
2015-11-06 21:08:00,2015-11-06 21:09:00,132.311,132.325,132.328,132.305,132.344,132.356,132.359,132.334,120
2015-11-06 21:09:00,2015-11-06 21:10:00,132.325,132.328,132.335,132.325,132.356,132.359,132.365,132.356,59
2015-11-06 21:10:00,2015-11-06 21:11:00,132.328,132.333,132.334,132.323,132.359,132.363,132.364,132.355,82
2015-11-06 21:11:00,2015-11-06 21:12:00,132.333,132.325,132.331,132.324,132.363,132.354,132.363,132.353,36
2015-11-06 21:12:00,2015-11-06 21:13:00,132.325,132.314,132.325,132.312,132.354,132.344,132.355,132.343,40
2015-11-06 21:13:00,2015-11-06 21:14:00,132.314,132.319,132.325,132.315,132.344,132.348,132.356,132.342,88
2015-11-06 21:14:00,2015-11-06 21:15:00,132.319,132.318,132.32,132.318,132.348,132.346,132.349,132.345,19
2015-11-06 21:15:00,2015-11-06 21:16:00,132.318,132.328,132.329,132.318,132.346,132.358,132.36,132.345,34
2015-11-06 21:16:00,2015-11-06 21:17:00,132.328,132.329,132.338,132.328,132.358,132.352,132.364,132.352,40
2015-11-06 21:17:00,2015-11-06 21:18:00,132.329,132.328,132.329,132.324,132.352,132.353,132.353,132.351,15
2015-11-06 21:18:00,2015-11-06 21:19:00,132.328,132.317,132.326,132.317,132.353,132.346,132.353,132.34,65
2015-11-06 21:19:00,2015-11-06 21:20:00,132.317,132.308,132.317,132.307,132.346,132.334,132.345,132.332,40
2015-11-06 21:20:00,2015-11-06 21:21:00,132.308,132.307,132.308,132.303,132.334,132.334,132.336,132.329,61
2015-11-06 21:21:00,2015-11-06 21:22:00,132.307,132.309,132.309,132.307,132.334,132.337,132.337,132.332,20
2015-11-06 21:22:00,2015-11-06 21:23:00,132.309,132.309,132.309,132.308,132.337,132.336,132.337,132.333,33
2015-11-06 21:23:00,2015-11-06 21:24:00,132.309,132.309,132.31,132.308,132.336,132.336,132.34,132.336,27
2015-11-06 21:24:00,2015-11-06 21:25:00,132.309,132.309,132.311,132.304,132.336,132.332,132.337,132.331,33
2015-11-06 21:25:00,2015-11-06 21:26:00,132.309,132.304,132.318,132.304,132.332,132.331,132.34,132.331,76
2015-11-06 21:26:00,2015-11-06 21:27:00,132.304,132.308,132.309,132.303,132.331,132.333,132.335,132.33,59
2015-11-06 21:27:00,2015-11-06 21:28:00,132.308,132.318,132.323,132.306,132.333,132.348,132.35,132.331,119
2015-11-06 21:28:00,2015-11-06 21:29:00,132.318,132.283,132.318,132.281,132.348,132.311,132.347,132.31,130
2015-11-06 21:29:00,2015-11-06 21:30:00,132.283,132.29,132.296,132.284,132.311,132.318,132.324,132.311,125
2015-11-06 21:30:00,2015-11-06 21:31:00,132.29,132.294,132.301,132.289,132.318,132.321,132.33,132.317,90
2015-11-06 21:31:00,2015-11-06 21:32:00,132.294,132.289,132.294,132.289,132.321,132.318,132.322,132.316,38
2015-11-06 21:32:00,2015-11-06 21:33:00,132.289,132.256,132.29,132.256,132.318,132.284,132.319,132.284,128
2015-11-06 21:33:00,2015-11-06 21:34:00,132.256,132.267,132.272,132.257,132.284,132.289,132.299,132.284,88
2015-11-06 21:34:00,2015-11-06 21:35:00,132.267,132.27,132.271,132.258,132.289,132.295,132.295,132.282,90
2015-11-06 21:35:00,2015-11-06 21:36:00,132.27,132.266,132.272,132.266,132.295,132.292,132.296,132.292,66
2015-11-06 21:36:00,2015-11-06 21:37:00,132.266,132.268,132.269,132.264,132.292,132.293,132.293,132.289,36
2015-11-06 21:37:00,2015-11-06 21:38:00,132.268,132.268,132.27,132.265,132.293,132.294,132.296,132.293,23
2015-11-06 21:38:00,2015-11-06 21:39:00,132.268,132.262,132.277,132.262,132.294,132.288,132.304,132.288,66
2015-11-06 21:39:00,2015-11-06 21:40:00,132.262,132.265,132.268,132.261,132.288,132.289,132.291,132.282,54
2015-11-06 21:40:00,2015-11-06 21:41:00,132.265,132.285,132.287,132.264,132.289,132.311,132.314,132.289,82
2015-11-06 21:41:00,2015-11-06 21:42:00,132.285,132.283,132.287,132.279,132.311,132.311,132.313,132.303,102
2015-11-06 21:42:00,2015-11-06 21:43:00,132.283,132.282,132.287,132.278,132.311,132.305,132.311,132.305,80
2015-11-06 21:43:00,2015-11-06 21:44:00,132.282,132.272,132.284,132.269,132.305,132.295,132.307,132.293,73
2015-11-06 21:44:00,2015-11-06 21:45:00,132.272,132.262,132.272,132.26,132.295,132.294,132.301,132.293,47
2015-11-06 21:45:00,2015-11-06 21:46:00,132.262,132.26,132.262,132.26,132.294,132.296,132.296,132.294,9
2015-11-06 21:46:00,2015-11-06 21:47:00,132.26,132.271,132.275,132.262,132.296,132.309,132.31,132.296,60
2015-11-06 21:47:00,2015-11-06 21:48:00,132.271,132.28,132.282,132.272,132.309,132.315,132.318,132.308,92
2015-11-06 21:48:00,2015-11-06 21:49:00,132.28,132.285,132.303,132.278,132.315,132.325,132.339,132.312,113
2015-11-06 21:49:00,2015-11-06 21:50:00,132.285,132.272,132.289,132.271,132.325,132.308,132.325,132.306,111
2015-11-06 21:50:00,2015-11-06 21:51:00,132.272,132.258,132.278,132.254,132.308,132.299,132.313,132.294,126
2015-11-06 21:51:00,2015-11-06 21:52:00,132.258,132.254,132.262,132.254,132.299,132.293,132.302,132.293,73
2015-11-06 21:52:00,2015-11-06 21:53:00,132.254,132.249,132.257,132.249,132.293,132.289,132.297,132.289,195
2015-11-06 21:53:00,2015-11-06 21:54:00,132.249,132.238,132.251,132.226,132.289,132.278,132.291,132.264,223
2015-11-06 21:54:00,2015-11-06 21:55:00,132.238,132.234,132.243,132.233,132.278,132.281,132.289,132.267,174
2015-11-06 21:55:00,2015-11-06 21:56:00,132.234,132.25,132.26,132.233,132.281,132.306,132.317,132.28,134
2015-11-06 21:56:00,2015-11-06 21:57:00,132.25,132.274,132.286,132.248,132.306,132.347,132.376,132.316,58
2015-11-06 21:57:00,2015-11-06 21:58:00,132.274,132.204,132.22,132.203,132.347,132.337,132.361,132.336,74
2015-11-06 21:58:00,2015-11-08 19:30:00,132.204,132.271,132.271,132.271,132.337,132.326,132.326,132.326,1
2015-11-08 19:30:00,2015-11-08 19:33:00,132.271,132.271,132.271,132.27,132.326,132.339,132.339,132.326,4
2015-11-08 19:33:00,2015-11-08 19:35:00,132.271,132.271,132.271,132.271,132.339,132.318,132.323,132.318,2
2015-11-08 19:35:00,2015-11-08 19:36:00,132.271,132.271,132.272,132.27,132.318,132.298,132.318,132.298,9
2015-11-08 19:36:00,2015-11-08 19:38:00,132.271,132.272,132.272,132.265,132.298,132.308,132.323,132.288,18
2015-11-08 19:38:00,2015-11-08 19:40:00,132.272,132.271,132.271,132.271,132.308,132.308,132.308,132.308,1
2015-11-08 19:40:00,2015-11-08 19:41:00,132.271,132.272,132.272,132.272,132.308,132.35,132.35,132.308,2
2015-11-08 19:41:00,2015-11-08 19:42:00,132.272,132.271,132.271,132.271,132.35,132.351,132.351,132.351,1
2015-11-08 19:42:00,2015-11-08 19:43:00,132.271,132.277,132.278,132.271,132.351,132.351,132.352,132.351,3
2015-11-08 19:43:00,2015-11-08 19:44:00,132.277,132.271,132.278,132.271,132.351,132.351,132.351,132.349,6
2015-11-08 19:44:00,2015-11-08 19:45:00,132.271,132.271,132.296,132.271,132.351,132.344,132.364,132.344,10
2015-11-08 19:45:00,2015-11-08 19:46:00,132.271,132.273,132.273,132.272,132.344,132.333,132.345,132.333,4
2015-11-08 19:46:00,2015-11-08 19:47:00,132.273,132.278,132.279,132.273,132.333,132.328,132.334,132.328,7
2015-11-08 19:47:00,2015-11-08 19:54:00,132.278,132.278,132.278,132.263,132.328,132.328,132.328,132.31,4
2015-11-08 19:54:00,2015-11-08 20:02:00,132.278,132.267,132.278,132.261,132.328,132.314,132.32,132.308,7
2015-11-08 20:02:00,2015-11-08 20:03:00,132.267,132.266,132.266,132.241,132.314,132.313,132.313,132.303,2
2015-11-08 20:03:00,2015-11-08 20:04:00,132.266,132.221,132.276,132.221,132.313,132.297,132.338,132.29,35
2015-11-08 20:04:00,2015-11-08 20:05:00,132.221,132.229,132.235,132.222,132.297,132.291,132.302,132.29,7
2015-11-08 20:05:00,2015-11-08 20:06:00,132.229,132.199,132.229,132.199,132.291,132.275,132.291,132.266,6
2015-11-08 20:06:00,2015-11-08 20:07:00,132.199,132.233,132.244,132.195,132.275,132.28,132.314,132.271,28
2015-11-08 20:07:00,2015-11-08 20:08:00,132.233,132.239,132.239,132.226,132.28,132.286,132.286,132.273,18
2015-11-08 20:08:00,2015-11-08 20:09:00,132.239,132.218,132.239,132.218,132.286,132.282,132.286,132.282,3
2015-11-08 20:09:00,2015-11-08 20:10:00,132.218,132.224,132.224,132.218,132.282,132.282,132.282,132.282,3
2015-11-08 20:10:00,2015-11-08 20:11:00,132.224,132.188,132.224,132.18,132.282,132.283,132.284,132.259,13
2015-11-08 20:11:00,2015-11-08 20:12:00,132.188,132.188,132.218,132.188,132.283,132.283,132.283,132.282,2
2015-11-08 20:12:00,2015-11-08 20:13:00,132.188,132.239,132.239,132.218,132.283,132.286,132.286,132.276,10
2015-11-08 20:13:00,2015-11-08 20:15:00,132.239,132.191,132.234,132.176,132.286,132.242,132.283,132.223,19
2015-11-08 20:15:00,2015-11-08 20:16:00,132.191,132.188,132.188,132.162,132.242,132.243,132.243,132.216,12
2015-11-08 20:16:00,2015-11-08 20:17:00,132.188,132.172,132.197,132.156,132.243,132.279,132.287,132.221,44
2015-11-08 20:17:00,2015-11-08 20:18:00,132.172,132.194,132.195,132.16,132.279,132.272,132.286,132.229,43
2015-11-08 20:18:00,2015-11-08 20:19:00,132.194,132.227,132.243,132.16,132.272,132.303,132.319,132.215,62
2015-11-08 20:19:00,2015-11-08 20:20:00,132.227,132.187,132.23,132.171,132.303,132.231,132.303,132.231,55
2015-11-08 20:20:00,2015-11-08 20:21:00,132.187,132.202,132.202,132.184,132.231,132.231,132.244,132.218,58
2015-11-08 20:21:00,2015-11-08 20:22:00,132.202,132.199,132.202,132.182,132.231,132.228,132.236,132.223,40
2015-11-08 20:22:00,2015-11-08 20:23:00,132.199,132.199,132.199,132.197,132.228,132.232,132.232,132.225,8
2015-11-08 20:23:00,2015-11-08 20:24:00,132.199,132.204,132.204,132.199,132.232,132.238,132.238,132.228,11
2015-11-08 20:24:00,2015-11-08 20:25:00,132.204,132.202,132.212,132.188,132.238,132.231,132.244,132.225,21
2015-11-08 20:25:00,2015-11-08 20:26:00,132.202,132.219,132.219,132.189,132.231,132.25,132.25,132.225,14
2015-11-08 20:26:00,2015-11-08 20:27:00,132.219,132.188,132.225,132.188,132.25,132.222,132.257,132.222,29
2015-11-08 20:27:00,2015-11-08 20:30:00,132.188,132.176,132.188,132.175,132.222,132.219,132.222,132.203,11
2015-11-08 20:30:00,2015-11-08 20:31:00,132.176,132.177,132.182,132.153,132.219,132.206,132.219,132.2,18
2015-11-08 20:31:00,2015-11-08 20:32:00,132.177,132.196,132.222,132.172,132.206,132.23,132.264,132.199,37
2015-11-08 20:32:00,2015-11-08 20:34:00,132.196,132.196,132.196,132.196,132.23,132.231,132.231,132.231,1
2015-11-08 20:34:00,2015-11-08 20:35:00,132.196,132.183,132.196,132.183,132.231,132.23,132.23,132.23,2
2015-11-08 20:35:00,2015-11-08 20:37:00,132.183,132.197,132.197,132.192,132.23,132.23,132.23,132.23,2
2015-11-08 20:37:00,2015-11-08 20:41:00,132.197,132.196,132.221,132.183,132.23,132.239,132.251,132.23,26
2015-11-08 20:41:00,2015-11-08 20:42:00,132.196,132.195,132.212,132.172,132.239,132.233,132.244,132.219,25
2015-11-08 20:42:00,2015-11-08 20:43:00,132.195,132.195,132.195,132.19,132.233,132.233,132.24,132.233,9
2015-11-08 20:43:00,2015-11-08 20:45:00,132.195,132.195,132.195,132.195,132.233,132.234,132.234,132.234,1
2015-11-08 20:45:00,2015-11-08 20:46:00,132.195,132.187,132.187,132.187,132.234,132.234,132.234,132.234,1
2015-11-08 20:46:00,2015-11-08 20:48:00,132.187,132.193,132.193,132.19,132.234,132.24,132.24,132.234,8
2015-11-08 20:48:00,2015-11-08 20:51:00,132.193,132.208,132.208,132.196,132.24,132.25,132.25,132.24,11
2015-11-08 20:51:00,2015-11-08 20:54:00,132.208,132.203,132.203,132.203,132.25,132.25,132.25,132.25,1
2015-11-08 20:54:00,2015-11-08 20:56:00,132.203,132.206,132.231,132.204,132.25,132.251,132.314,132.25,17
2015-11-08 20:56:00,2015-11-08 20:57:00,132.206,132.207,132.217,132.204,132.251,132.251,132.264,132.251,5
2015-11-08 20:57:00,2015-11-08 20:58:00,132.207,132.197,132.214,132.194,132.251,132.241,132.251,132.24,27
2015-11-08 20:58:00,2015-11-08 20:59:00,132.197,132.195,132.198,132.192,132.241,132.242,132.245,132.239,25
2015-11-08 20:59:00,2015-11-08 21:00:00,132.195,132.195,132.206,132.194,132.242,132.242,132.314,132.241,14
2015-11-08 21:00:00,2015-11-08 21:01:00,132.195,132.218,132.23,132.192,132.242,132.265,132.314,132.241,65
2015-11-08 21:01:00,2015-11-08 21:02:00,132.218,132.2,132.225,132.2,132.265,132.247,132.315,132.247,48
2015-11-08 21:02:00,2015-11-08 21:03:00,132.2,132.215,132.215,132.215,132.247,132.273,132.303,132.247,16
2015-11-08 21:03:00,2015-11-08 21:04:00,132.215,132.22,132.225,132.219,132.273,132.264,132.303,132.26,37
2015-11-08 21:04:00,2015-11-08 21:05:00,132.22,132.228,132.228,132.216,132.264,132.275,132.275,132.263,9
2015-11-08 21:05:00,2015-11-08 21:06:00,132.228,132.225,132.236,132.224,132.275,132.312,132.313,132.274,30
2015-11-08 21:06:00,2015-11-08 21:07:00,132.225,132.224,132.225,132.224,132.312,132.306,132.312,132.275,7
2015-11-08 21:07:00,2015-11-08 21:08:00,132.224,132.235,132.236,132.224,132.306,132.283,132.306,132.283,11
2015-11-08 21:08:00,2015-11-08 21:09:00,132.235,132.226,132.235,132.216,132.283,132.285,132.285,132.243,35
2015-11-08 21:09:00,2015-11-08 21:10:00,132.226,132.25,132.251,132.225,132.285,132.297,132.298,132.29,12
2015-11-08 21:10:00,2015-11-08 21:11:00,132.25,132.25,132.251,132.247,132.297,132.297,132.298,132.294,4
2015-11-08 21:11:00,2015-11-08 21:12:00,132.25,132.248,132.25,132.247,132.297,132.295,132.297,132.294,6
2015-11-08 21:12:00,2015-11-08 21:13:00,132.248,132.224,132.248,132.224,132.295,132.289,132.314,132.285,49
2015-11-08 21:13:00,2015-11-08 21:14:00,132.224,132.226,132.226,132.222,132.289,132.284,132.29,132.269,11
2015-11-08 21:14:00,2015-11-08 21:15:00,132.226,132.241,132.241,132.167,132.284,132.285,132.314,132.272,26
2015-11-08 21:15:00,2015-11-08 21:16:00,132.241,132.245,132.248,132.241,132.285,132.301,132.316,132.273,30
2015-11-08 21:16:00,2015-11-08 21:17:00,132.245,132.245,132.245,132.245,132.301,132.299,132.3,132.296,7
2015-11-08 21:17:00,2015-11-08 21:18:00,132.245,132.249,132.249,132.245,132.299,132.308,132.308,132.299,6
2015-11-08 21:18:00,2015-11-08 21:19:00,132.249,132.249,132.25,132.246,132.308,132.308,132.309,132.305,13
2015-11-08 21:19:00,2015-11-08 21:20:00,132.249,132.255,132.255,132.248,132.308,132.314,132.314,132.305,19
2015-11-08 21:20:00,2015-11-08 21:21:00,132.255,132.24,132.25,132.24,132.314,132.31,132.32,132.31,25
2015-11-08 21:21:00,2015-11-08 21:22:00,132.24,132.26,132.267,132.207,132.31,132.33,132.335,132.282,63
2015-11-08 21:22:00,2015-11-08 21:23:00,132.26,132.203,132.266,132.203,132.33,132.353,132.353,132.322,28
2015-11-08 21:23:00,2015-11-08 21:24:00,132.203,132.217,132.268,132.203,132.353,132.301,132.348,132.301,83
2015-11-08 21:24:00,2015-11-08 21:25:00,132.217,132.189,132.236,132.185,132.301,132.265,132.308,132.257,89
2015-11-08 21:25:00,2015-11-08 21:26:00,132.189,132.183,132.218,132.18,132.265,132.25,132.301,132.246,52
2015-11-08 21:26:00,2015-11-08 21:27:00,132.183,132.201,132.201,132.176,132.25,132.271,132.271,132.25,35
2015-11-08 21:27:00,2015-11-08 21:28:00,132.201,132.163,132.204,132.163,132.271,132.226,132.274,132.226,32
2015-11-08 21:28:00,2015-11-08 21:29:00,132.163,132.153,132.163,132.153,132.226,132.223,132.232,132.223,12
2015-11-08 21:29:00,2015-11-08 21:30:00,132.153,132.184,132.187,132.182,132.223,132.222,132.232,132.222,9
2015-11-08 21:30:00,2015-11-08 21:31:00,132.184,132.183,132.188,132.183,132.222,132.223,132.235,132.22,28
2015-11-08 21:31:00,2015-11-08 21:32:00,132.183,132.185,132.185,132.185,132.223,132.224,132.224,132.223,2
2015-11-08 21:32:00,2015-11-08 21:33:00,132.185,132.19,132.19,132.185,132.224,132.23,132.23,132.224,4
2015-11-08 21:33:00,2015-11-08 21:34:00,132.19,132.181,132.19,132.181,132.23,132.213,132.225,132.213,11
2015-11-08 21:34:00,2015-11-08 21:35:00,132.181,132.194,132.194,132.181,132.213,132.232,132.237,132.214,29
2015-11-08 21:35:00,2015-11-08 21:36:00,132.194,132.216,132.216,132.189,132.232,132.258,132.266,132.223,25
2015-11-08 21:36:00,2015-11-08 21:37:00,132.216,132.207,132.229,132.199,132.258,132.283,132.3,132.265,63
2015-11-08 21:37:00,2015-11-08 21:38:00,132.207,132.255,132.256,132.181,132.283,132.382,132.391,132.257,77
2015-11-08 21:38:00,2015-11-08 21:39:00,132.255,132.239,132.265,132.205,132.382,132.317,132.392,132.308,69
2015-11-08 21:39:00,2015-11-08 21:40:00,132.239,132.223,132.239,132.191,132.317,132.318,132.331,132.307,21
2015-11-08 21:40:00,2015-11-08 21:41:00,132.223,132.254,132.254,132.226,132.318,132.315,132.327,132.315,16
2015-11-08 21:41:00,2015-11-08 21:42:00,132.254,132.256,132.269,132.256,132.315,132.33,132.33,132.315,16
2015-11-08 21:42:00,2015-11-08 21:43:00,132.256,132.259,132.266,132.259,132.33,132.33,132.33,132.319,15
2015-11-08 21:43:00,2015-11-08 21:44:00,132.259,132.262,132.265,132.261,132.33,132.325,132.33,132.319,10
2015-11-08 21:44:00,2015-11-08 21:45:00,132.262,132.269,132.279,132.259,132.325,132.294,132.323,132.294,29
2015-11-08 21:45:00,2015-11-08 21:46:00,132.269,132.263,132.269,132.245,132.294,132.295,132.295,132.288,13
2015-11-08 21:46:00,2015-11-08 21:47:00,132.263,132.245,132.262,132.242,132.295,132.293,132.299,132.288,20
2015-11-08 21:47:00,2015-11-08 21:48:00,132.245,132.181,132.249,132.17,132.293,132.257,132.293,132.241,127
2015-11-08 21:48:00,2015-11-08 21:49:00,132.181,132.254,132.254,132.18,132.257,132.284,132.302,132.256,39
2015-11-08 21:49:00,2015-11-08 21:50:00,132.254,132.234,132.234,132.229,132.284,132.26,132.284,132.241,14
2015-11-08 21:50:00,2015-11-08 21:51:00,132.234,132.234,132.234,132.234,132.26,132.257,132.257,132.257,1
2015-11-08 21:51:00,2015-11-08 21:52:00,132.234,132.232,132.234,132.232,132.257,132.252,132.262,132.251,10
2015-11-08 21:52:00,2015-11-08 21:53:00,132.232,132.219,132.232,132.219,132.252,132.252,132.252,132.251,3
2015-11-08 21:53:00,2015-11-08 21:54:00,132.219,132.209,132.209,132.209,132.252,132.234,132.252,132.234,2
2015-11-08 21:54:00,2015-11-08 21:55:00,132.209,132.212,132.217,132.209,132.234,132.24,132.244,132.234,15
2015-11-08 21:55:00,2015-11-08 21:56:00,132.212,132.252,132.252,132.212,132.24,132.285,132.287,132.24,62
2015-11-08 21:56:00,2015-11-08 21:57:00,132.252,132.235,132.252,132.199,132.285,132.305,132.305,132.26,18
2015-11-08 21:57:00,2015-11-08 21:58:00,132.235,132.261,132.263,132.228,132.305,132.328,132.328,132.313,5
2015-11-08 21:58:00,2015-11-08 21:59:00,132.261,132.227,132.268,132.223,132.328,132.348,132.371,132.306,17
2015-11-08 21:59:00,2015-11-08 22:00:00,132.227,132.231,132.234,132.227,132.348,132.382,132.382,132.363,8
2015-11-08 22:00:00,2015-11-08 22:01:00,132.231,132.324,132.324,132.237,132.382,132.376,132.388,132.358,21
2015-11-08 22:01:00,2015-11-08 22:02:00,132.324,132.315,132.323,132.303,132.376,132.385,132.397,132.375,11
2015-11-08 22:02:00,2015-11-08 22:03:00,132.315,132.316,132.326,132.303,132.385,132.375,132.385,132.363,22
2015-11-08 22:03:00,2015-11-08 22:04:00,132.316,132.32,132.323,132.31,132.375,132.38,132.382,132.363,14
2015-11-08 22:04:00,2015-11-08 22:05:00,132.32,132.332,132.334,132.321,132.38,132.382,132.392,132.38,31
2015-11-08 22:05:00,2015-11-08 22:06:00,132.332,132.32,132.337,132.314,132.382,132.387,132.39,132.364,69
2015-11-08 22:06:00,2015-11-08 22:07:00,132.32,132.329,132.336,132.32,132.387,132.386,132.389,132.382,24
2015-11-08 22:07:00,2015-11-08 22:08:00,132.329,132.326,132.332,132.326,132.386,132.386,132.387,132.386,4
2015-11-08 22:08:00,2015-11-08 22:09:00,132.326,132.326,132.334,132.326,132.386,132.388,132.388,132.386,17
2015-11-08 22:09:00,2015-11-08 22:10:00,132.326,132.322,132.334,132.322,132.388,132.377,132.388,132.371,27
2015-11-08 22:10:00,2015-11-08 22:11:00,132.322,132.321,132.322,132.319,132.377,132.367,132.378,132.352,37
2015-11-08 22:11:00,2015-11-08 22:12:00,132.321,132.317,132.321,132.316,132.367,132.366,132.367,132.348,60
2015-11-08 22:12:00,2015-11-08 22:13:00,132.317,132.324,132.325,132.314,132.366,132.378,132.38,132.351,132
2015-11-08 22:13:00,2015-11-08 22:14:00,132.324,132.325,132.325,132.324,132.378,132.376,132.38,132.376,13
2015-11-08 22:14:00,2015-11-08 22:15:00,132.325,132.332,132.334,132.321,132.376,132.387,132.387,132.372,67
2015-11-08 22:15:00,2015-11-08 22:16:00,132.332,132.328,132.335,132.323,132.387,132.385,132.388,132.385,29
2015-11-08 22:16:00,2015-11-08 22:17:00,132.328,132.321,132.329,132.321,132.385,132.352,132.387,132.352,63
2015-11-08 22:17:00,2015-11-08 22:18:00,132.321,132.319,132.323,132.318,132.352,132.372,132.375,132.352,22
2015-11-08 22:18:00,2015-11-08 22:19:00,132.319,132.319,132.329,132.31,132.372,132.372,132.376,132.361,85
2015-11-08 22:19:00,2015-11-08 22:20:00,132.319,132.31,132.324,132.31,132.372,132.359,132.38,132.359,52
2015-11-08 22:20:00,2015-11-08 22:21:00,132.31,132.299,132.313,132.299,132.359,132.351,132.368,132.339,51
2015-11-08 22:21:00,2015-11-08 22:22:00,132.299,132.286,132.3,132.285,132.351,132.338,132.357,132.334,75
2015-11-08 22:22:00,2015-11-08 22:23:00,132.286,132.269,132.287,132.264,132.338,132.319,132.34,132.309,278
2015-11-08 22:23:00,2015-11-08 22:24:00,132.269,132.27,132.282,132.265,132.319,132.319,132.332,132.312,397
2015-11-08 22:24:00,2015-11-08 22:25:00,132.27,132.276,132.279,132.264,132.319,132.318,132.326,132.31,243
2015-11-08 22:25:00,2015-11-08 22:26:00,132.276,132.291,132.292,132.276,132.318,132.341,132.342,132.319,103
2015-11-08 22:26:00,2015-11-08 22:27:00,132.291,132.279,132.294,132.277,132.341,132.326,132.342,132.326,119
2015-11-08 22:27:00,2015-11-08 22:28:00,132.279,132.283,132.283,132.277,132.326,132.329,132.33,132.326,56
2015-11-08 22:28:00,2015-11-08 22:29:00,132.283,132.287,132.291,132.276,132.329,132.332,132.34,132.326,136
2015-11-08 22:29:00,2015-11-08 22:30:00,132.287,132.278,132.292,132.278,132.332,132.333,132.343,132.313,110
2015-11-08 22:30:00,2015-11-08 22:31:00,132.278,132.282,132.285,132.273,132.333,132.312,132.334,132.31,40
2015-11-08 22:31:00,2015-11-08 22:32:00,132.282,132.283,132.283,132.283,132.312,132.312,132.312,132.312,1
2015-11-08 22:32:00,2015-11-08 22:33:00,132.283,132.279,132.287,132.273,132.312,132.325,132.335,132.312,33
2015-11-08 22:33:00,2015-11-08 22:34:00,132.279,132.279,132.28,132.275,132.325,132.33,132.333,132.323,11
2015-11-08 22:34:00,2015-11-08 22:35:00,132.279,132.279,132.279,132.268,132.33,132.328,132.333,132.325,36
2015-11-08 22:35:00,2015-11-08 22:36:00,132.279,132.28,132.282,132.273,132.328,132.342,132.343,132.325,65
2015-11-08 22:36:00,2015-11-08 22:37:00,132.28,132.282,132.282,132.274,132.342,132.332,132.343,132.327,52
2015-11-08 22:37:00,2015-11-08 22:38:00,132.282,132.282,132.282,132.282,132.332,132.336,132.342,132.325,31
2015-11-08 22:38:00,2015-11-08 22:39:00,132.282,132.274,132.282,132.27,132.336,132.311,132.338,132.304,153
2015-11-08 22:39:00,2015-11-08 22:40:00,132.274,132.286,132.291,132.267,132.311,132.317,132.332,132.309,119
2015-11-08 22:40:00,2015-11-08 22:41:00,132.286,132.306,132.31,132.284,132.317,132.345,132.349,132.316,95
2015-11-08 22:41:00,2015-11-08 22:42:00,132.306,132.325,132.331,132.304,132.345,132.368,132.37,132.341,209
2015-11-08 22:42:00,2015-11-08 22:43:00,132.325,132.277,132.325,132.277,132.368,132.326,132.366,132.326,117
2015-11-08 22:43:00,2015-11-08 22:44:00,132.277,132.292,132.292,132.277,132.326,132.338,132.341,132.325,144
2015-11-08 22:44:00,2015-11-08 22:45:00,132.292,132.304,132.304,132.285,132.338,132.348,132.348,132.334,180
2015-11-08 22:45:00,2015-11-08 22:46:00,132.304,132.295,132.307,132.295,132.348,132.34,132.354,132.333,81
2015-11-08 22:46:00,2015-11-08 22:47:00,132.295,132.296,132.299,132.294,132.34,132.34,132.344,132.335,73
2015-11-08 22:47:00,2015-11-08 22:48:00,132.296,132.3,132.307,132.294,132.34,132.342,132.357,132.335,216
2015-11-08 22:48:00,2015-11-08 22:49:00,132.3,132.301,132.306,132.299,132.342,132.347,132.352,132.34,116
2015-11-08 22:49:00,2015-11-08 22:50:00,132.301,132.312,132.313,132.301,132.347,132.355,132.356,132.347,60
2015-11-08 22:50:00,2015-11-08 22:51:00,132.312,132.305,132.312,132.305,132.355,132.345,132.354,132.344,32
2015-11-08 22:51:00,2015-11-08 22:52:00,132.305,132.291,132.307,132.277,132.345,132.333,132.347,132.311,167
2015-11-08 22:52:00,2015-11-08 22:53:00,132.291,132.279,132.293,132.274,132.333,132.325,132.338,132.308,198
2015-11-08 22:53:00,2015-11-08 22:54:00,132.279,132.277,132.28,132.277,132.325,132.321,132.326,132.321,14
2015-11-08 22:54:00,2015-11-08 22:55:00,132.277,132.28,132.283,132.275,132.321,132.326,132.329,132.319,66
2015-11-08 22:55:00,2015-11-08 22:56:00,132.28,132.285,132.287,132.28,132.326,132.332,132.334,132.321,62
2015-11-08 22:56:00,2015-11-08 22:57:00,132.285,132.309,132.313,132.285,132.332,132.343,132.354,132.33,164
2015-11-08 22:57:00,2015-11-08 22:58:00,132.309,132.317,132.319,132.31,132.343,132.351,132.352,132.342,76
2015-11-08 22:58:00,2015-11-08 22:59:00,132.317,132.321,132.322,132.314,132.351,132.354,132.361,132.341,102
2015-11-08 22:59:00,2015-11-08 23:00:00,132.321,132.234,132.338,132.216,132.354,132.259,132.358,132.239,505
2015-11-08 23:00:00,2015-11-08 23:01:00,132.234,132.212,132.241,132.205,132.259,132.239,132.267,132.23,363
2015-11-08 23:01:00,2015-11-08 23:02:00,132.212,132.212,132.239,132.21,132.239,132.238,132.266,132.237,289
2015-11-08 23:02:00,2015-11-08 23:03:00,132.212,132.223,132.224,132.206,132.238,132.25,132.252,132.231,107
2015-11-08 23:03:00,2015-11-08 23:04:00,132.223,132.232,132.232,132.215,132.25,132.256,132.256,132.238,157
2015-11-08 23:04:00,2015-11-08 23:05:00,132.232,132.227,132.232,132.216,132.256,132.25,132.255,132.24,113
2015-11-08 23:05:00,2015-11-08 23:06:00,132.227,132.215,132.228,132.211,132.25,132.237,132.251,132.234,71
2015-11-08 23:06:00,2015-11-08 23:07:00,132.215,132.23,132.231,132.205,132.237,132.254,132.256,132.229,120
2015-11-08 23:07:00,2015-11-08 23:08:00,132.23,132.224,132.236,132.213,132.254,132.245,132.258,132.237,99
2015-11-08 23:08:00,2015-11-08 23:09:00,132.224,132.218,132.23,132.205,132.245,132.24,132.254,132.229,146
2015-11-08 23:09:00,2015-11-08 23:10:00,132.218,132.22,132.222,132.217,132.24,132.244,132.246,132.239,51
2015-11-08 23:10:00,2015-11-08 23:11:00,132.22,132.205,132.223,132.196,132.244,132.228,132.248,132.221,119
2015-11-08 23:11:00,2015-11-08 23:12:00,132.205,132.205,132.207,132.195,132.228,132.224,132.231,132.218,112
2015-11-08 23:12:00,2015-11-08 23:13:00,132.205,132.207,132.208,132.203,132.224,132.229,132.232,132.225,48
2015-11-08 23:13:00,2015-11-08 23:14:00,132.207,132.201,132.211,132.195,132.229,132.225,132.234,132.22,70
2015-11-08 23:14:00,2015-11-08 23:15:00,132.201,132.203,132.205,132.198,132.225,132.232,132.233,132.225,85
2015-11-08 23:15:00,2015-11-08 23:16:00,132.203,132.2,132.203,132.198,132.232,132.228,132.232,132.225,76
2015-11-08 23:16:00,2015-11-08 23:17:00,132.2,132.2,132.21,132.19,132.228,132.226,132.236,132.218,166
2015-11-08 23:17:00,2015-11-08 23:18:00,132.2,132.207,132.208,132.2,132.226,132.233,132.236,132.224,126
2015-11-08 23:18:00,2015-11-08 23:19:00,132.207,132.206,132.218,132.2,132.233,132.232,132.245,132.226,132
2015-11-08 23:19:00,2015-11-08 23:20:00,132.206,132.197,132.208,132.196,132.232,132.226,132.234,132.22,85
2015-11-08 23:20:00,2015-11-08 23:21:00,132.197,132.209,132.217,132.198,132.226,132.236,132.24,132.226,148
2015-11-08 23:21:00,2015-11-08 23:22:00,132.209,132.223,132.224,132.208,132.236,132.249,132.253,132.235,124
2015-11-08 23:22:00,2015-11-08 23:23:00,132.223,132.256,132.256,132.224,132.249,132.279,132.279,132.249,136
2015-11-08 23:23:00,2015-11-08 23:24:00,132.256,132.25,132.267,132.236,132.279,132.276,132.293,132.264,293
2015-11-08 23:24:00,2015-11-08 23:25:00,132.25,132.236,132.252,132.227,132.276,132.265,132.277,132.257,283
2015-11-08 23:25:00,2015-11-08 23:26:00,132.236,132.242,132.261,132.232,132.265,132.27,132.289,132.26,244
2015-11-08 23:26:00,2015-11-08 23:27:00,132.242,132.257,132.264,132.239,132.27,132.285,132.293,132.268,130
2015-11-08 23:27:00,2015-11-08 23:28:00,132.257,132.245,132.258,132.226,132.285,132.27,132.284,132.256,308
2015-11-08 23:28:00,2015-11-08 23:29:00,132.245,132.26,132.264,132.236,132.27,132.284,132.286,132.266,201
2015-11-08 23:29:00,2015-11-08 23:30:00,132.26,132.266,132.267,132.253,132.284,132.292,132.292,132.276,155
2015-11-08 23:30:00,2015-11-08 23:31:00,132.266,132.264,132.268,132.261,132.292,132.287,132.292,132.285,106
2015-11-08 23:31:00,2015-11-08 23:32:00,132.264,132.251,132.271,132.25,132.287,132.275,132.295,132.273,192
2015-11-08 23:32:00,2015-11-08 23:33:00,132.251,132.24,132.251,132.233,132.275,132.264,132.275,132.257,184
2015-11-08 23:33:00,2015-11-08 23:34:00,132.24,132.247,132.247,132.238,132.264,132.271,132.271,132.262,76
2015-11-08 23:34:00,2015-11-08 23:35:00,132.247,132.241,132.247,132.24,132.271,132.264,132.271,132.263,65
2015-11-08 23:35:00,2015-11-08 23:36:00,132.241,132.243,132.246,132.241,132.264,132.266,132.268,132.264,36
2015-11-08 23:36:00,2015-11-08 23:37:00,132.243,132.242,132.247,132.241,132.266,132.264,132.269,132.263,51
2015-11-08 23:37:00,2015-11-08 23:38:00,132.242,132.241,132.243,132.24,132.264,132.264,132.266,132.263,66
2015-11-08 23:38:00,2015-11-08 23:39:00,132.241,132.267,132.268,132.241,132.264,132.288,132.29,132.264,147
2015-11-08 23:39:00,2015-11-08 23:40:00,132.267,132.27,132.272,132.266,132.288,132.292,132.294,132.289,101
2015-11-08 23:40:00,2015-11-08 23:41:00,132.27,132.265,132.277,132.264,132.292,132.288,132.3,132.288,78
2015-11-08 23:41:00,2015-11-08 23:42:00,132.265,132.261,132.268,132.254,132.288,132.285,132.292,132.278,126
2015-11-08 23:42:00,2015-11-08 23:43:00,132.261,132.26,132.265,132.251,132.285,132.283,132.288,132.275,135
2015-11-08 23:43:00,2015-11-08 23:44:00,132.26,132.25,132.26,132.25,132.283,132.275,132.283,132.273,118
2015-11-08 23:44:00,2015-11-08 23:45:00,132.25,132.26,132.262,132.251,132.275,132.284,132.287,132.275,105
2015-11-08 23:45:00,2015-11-08 23:46:00,132.26,132.243,132.259,132.238,132.284,132.266,132.284,132.259,181
2015-11-08 23:46:00,2015-11-08 23:47:00,132.243,132.245,132.245,132.235,132.266,132.268,132.269,132.259,74
2015-11-08 23:47:00,2015-11-08 23:48:00,132.245,132.264,132.266,132.244,132.268,132.287,132.288,132.267,137
2015-11-08 23:48:00,2015-11-08 23:49:00,132.264,132.265,132.269,132.261,132.287,132.288,132.291,132.286,51
2015-11-08 23:49:00,2015-11-08 23:50:00,132.265,132.274,132.274,132.264,132.288,132.296,132.298,132.285,128
2015-11-08 23:50:00,2015-11-08 23:51:00,132.274,132.26,132.273,132.256,132.296,132.282,132.296,132.28,132
2015-11-08 23:51:00,2015-11-08 23:52:00,132.26,132.259,132.266,132.257,132.282,132.282,132.289,132.281,91
2015-11-08 23:52:00,2015-11-08 23:53:00,132.259,132.248,132.259,132.248,132.282,132.271,132.282,132.271,54
2015-11-08 23:53:00,2015-11-08 23:54:00,132.248,132.228,132.249,132.228,132.271,132.253,132.272,132.251,99
2015-11-08 23:54:00,2015-11-08 23:55:00,132.228,132.209,132.228,132.206,132.253,132.232,132.252,132.231,224
2015-11-08 23:55:00,2015-11-08 23:56:00,132.209,132.232,132.233,132.209,132.232,132.255,132.256,132.232,189
2015-11-08 23:56:00,2015-11-08 23:57:00,132.232,132.223,132.235,132.223,132.255,132.248,132.259,132.246,58
2015-11-08 23:57:00,2015-11-08 23:58:00,132.223,132.217,132.232,132.211,132.248,132.243,132.256,132.238,260
2015-11-08 23:58:00,2015-11-08 23:59:00,132.217,132.172,132.217,132.172,132.243,132.197,132.242,132.197,270
2015-11-08 23:59:00,2015-11-09 00:00:00,132.172,132.175,132.201,132.169,132.197,132.201,132.225,132.194,438
2015-11-09 00:00:00,2015-11-09 00:01:00,132.175,132.188,132.194,132.171,132.201,132.211,132.216,132.196,308
2015-11-09 00:01:00,2015-11-09 00:02:00,132.188,132.254,132.261,132.185,132.211,132.275,132.283,132.205,370
2015-11-09 00:02:00,2015-11-09 00:03:00,132.254,132.291,132.299,132.251,132.275,132.316,132.322,132.272,414
2015-11-09 00:03:00,2015-11-09 00:04:00,132.291,132.31,132.31,132.29,132.316,132.332,132.333,132.313,227
2015-11-09 00:04:00,2015-11-09 00:05:00,132.31,132.308,132.32,132.295,132.332,132.333,132.345,132.319,291
2015-11-09 00:05:00,2015-11-09 00:06:00,132.308,132.316,132.328,132.303,132.333,132.34,132.352,132.326,411
2015-11-09 00:06:00,2015-11-09 00:07:00,132.316,132.275,132.316,132.274,132.34,132.299,132.339,132.298,331
2015-11-09 00:07:00,2015-11-09 00:08:00,132.275,132.312,132.314,132.274,132.299,132.333,132.336,132.297,361
2015-11-09 00:08:00,2015-11-09 00:09:00,132.312,132.34,132.34,132.306,132.333,132.36,132.36,132.327,373
2015-11-09 00:09:00,2015-11-09 00:10:00,132.34,132.3,132.342,132.299,132.36,132.322,132.361,132.32,596
2015-11-09 00:10:00,2015-11-09 00:11:00,132.3,132.295,132.3,132.289,132.322,132.317,132.322,132.307,97
2015-11-09 00:11:00,2015-11-09 00:12:00,132.295,132.272,132.3,132.272,132.317,132.293,132.323,132.292,248
2015-11-09 00:12:00,2015-11-09 00:13:00,132.272,132.276,132.282,132.268,132.293,132.299,132.304,132.29,139
2015-11-09 00:13:00,2015-11-09 00:14:00,132.276,132.271,132.279,132.267,132.299,132.297,132.302,132.291,220
2015-11-09 00:14:00,2015-11-09 00:15:00,132.271,132.271,132.283,132.257,132.297,132.295,132.306,132.28,439
2015-11-09 00:15:00,2015-11-09 00:16:00,132.271,132.279,132.283,132.259,132.295,132.301,132.306,132.282,247
2015-11-09 00:16:00,2015-11-09 00:17:00,132.279,132.288,132.29,132.276,132.301,132.309,132.313,132.298,200
2015-11-09 00:17:00,2015-11-09 00:18:00,132.288,132.304,132.309,132.283,132.309,132.328,132.333,132.305,272
2015-11-09 00:18:00,2015-11-09 00:19:00,132.304,132.317,132.321,132.305,132.328,132.34,132.345,132.328,281
2015-11-09 00:19:00,2015-11-09 00:20:00,132.317,132.315,132.32,132.313,132.34,132.339,132.343,132.336,136
2015-11-09 00:20:00,2015-11-09 00:21:00,132.315,132.294,132.321,132.293,132.339,132.317,132.344,132.316,196
2015-11-09 00:21:00,2015-11-09 00:22:00,132.294,132.343,132.343,132.294,132.317,132.366,132.366,132.317,314
2015-11-09 00:22:00,2015-11-09 00:23:00,132.343,132.387,132.389,132.342,132.366,132.41,132.411,132.365,196
2015-11-09 00:23:00,2015-11-09 00:24:00,132.387,132.356,132.39,132.355,132.41,132.381,132.412,132.38,251
2015-11-09 00:24:00,2015-11-09 00:25:00,132.356,132.38,132.38,132.345,132.381,132.405,132.405,132.37,128
2015-11-09 00:25:00,2015-11-09 00:26:00,132.38,132.372,132.379,132.364,132.405,132.397,132.405,132.388,208
2015-11-09 00:26:00,2015-11-09 00:27:00,132.372,132.362,132.381,132.356,132.397,132.383,132.399,132.376,234
2015-11-09 00:27:00,2015-11-09 00:28:00,132.362,132.369,132.379,132.352,132.383,132.393,132.4,132.373,301
2015-11-09 00:28:00,2015-11-09 00:29:00,132.369,132.361,132.406,132.359,132.393,132.387,132.43,132.383,343
2015-11-09 00:29:00,2015-11-09 00:30:00,132.361,132.372,132.376,132.354,132.387,132.397,132.402,132.38,148
2015-11-09 00:30:00,2015-11-09 00:31:00,132.372,132.361,132.376,132.361,132.397,132.383,132.401,132.383,235
2015-11-09 00:31:00,2015-11-09 00:32:00,132.361,132.395,132.396,132.36,132.383,132.419,132.419,132.382,216
2015-11-09 00:32:00,2015-11-09 00:33:00,132.395,132.386,132.398,132.382,132.419,132.41,132.422,132.405,188
2015-11-09 00:33:00,2015-11-09 00:34:00,132.386,132.387,132.392,132.378,132.41,132.408,132.414,132.401,140
2015-11-09 00:34:00,2015-11-09 00:35:00,132.387,132.378,132.386,132.361,132.408,132.401,132.408,132.384,166
2015-11-09 00:35:00,2015-11-09 00:36:00,132.378,132.385,132.39,132.37,132.401,132.408,132.413,132.392,130
2015-11-09 00:36:00,2015-11-09 00:37:00,132.385,132.371,132.387,132.371,132.408,132.395,132.408,132.394,104
2015-11-09 00:37:00,2015-11-09 00:38:00,132.371,132.391,132.391,132.371,132.395,132.413,132.413,132.395,125
2015-11-09 00:38:00,2015-11-09 00:39:00,132.391,132.381,132.39,132.372,132.413,132.404,132.413,132.395,233
2015-11-09 00:39:00,2015-11-09 00:40:00,132.381,132.378,132.382,132.368,132.404,132.402,132.405,132.391,163
2015-11-09 00:40:00,2015-11-09 00:41:00,132.378,132.392,132.4,132.372,132.402,132.416,132.423,132.395,319
2015-11-09 00:41:00,2015-11-09 00:42:00,132.392,132.372,132.396,132.372,132.416,132.396,132.42,132.396,195
2015-11-09 00:42:00,2015-11-09 00:43:00,132.372,132.384,132.391,132.372,132.396,132.408,132.415,132.395,297
2015-11-09 00:43:00,2015-11-09 00:44:00,132.384,132.379,132.385,132.374,132.408,132.402,132.409,132.397,131
2015-11-09 00:44:00,2015-11-09 00:45:00,132.379,132.396,132.397,132.375,132.402,132.419,132.419,132.398,267
2015-11-09 00:45:00,2015-11-09 00:46:00,132.396,132.402,132.408,132.39,132.419,132.426,132.431,132.413,265
2015-11-09 00:46:00,2015-11-09 00:47:00,132.402,132.394,132.411,132.393,132.426,132.417,132.434,132.416,243
2015-11-09 00:47:00,2015-11-09 00:48:00,132.394,132.41,132.411,132.388,132.417,132.433,132.434,132.411,182
2015-11-09 00:48:00,2015-11-09 00:49:00,132.41,132.394,132.41,132.393,132.433,132.418,132.434,132.416,130
2015-11-09 00:49:00,2015-11-09 00:50:00,132.394,132.383,132.403,132.38,132.418,132.405,132.426,132.402,272
2015-11-09 00:50:00,2015-11-09 00:51:00,132.383,132.37,132.383,132.365,132.405,132.394,132.404,132.386,234
2015-11-09 00:51:00,2015-11-09 00:52:00,132.37,132.371,132.377,132.354,132.394,132.39,132.399,132.376,290
2015-11-09 00:52:00,2015-11-09 00:53:00,132.371,132.348,132.377,132.347,132.39,132.372,132.396,132.37,135
2015-11-09 00:53:00,2015-11-09 00:54:00,132.348,132.335,132.363,132.323,132.372,132.358,132.384,132.346,441
2015-11-09 00:54:00,2015-11-09 00:55:00,132.335,132.309,132.336,132.306,132.358,132.331,132.359,132.328,286
2015-11-09 00:55:00,2015-11-09 00:56:00,132.309,132.328,132.328,132.306,132.331,132.349,132.349,132.327,179
2015-11-09 00:56:00,2015-11-09 00:57:00,132.328,132.356,132.357,132.327,132.349,132.38,132.381,132.349,234
2015-11-09 00:57:00,2015-11-09 00:58:00,132.356,132.348,132.368,132.347,132.38,132.372,132.39,132.371,322
2015-11-09 00:58:00,2015-11-09 00:59:00,132.348,132.345,132.356,132.332,132.372,132.368,132.379,132.356,231
2015-11-09 00:59:00,2015-11-09 01:00:00,132.345,132.359,132.36,132.34,132.368,132.381,132.382,132.364,272
2015-11-09 01:00:00,2015-11-09 01:01:00,132.359,132.346,132.36,132.341,132.381,132.368,132.382,132.363,146
2015-11-09 01:01:00,2015-11-09 01:02:00,132.346,132.349,132.349,132.342,132.368,132.372,132.373,132.364,121
2015-11-09 01:02:00,2015-11-09 01:03:00,132.349,132.348,132.351,132.341,132.372,132.371,132.374,132.362,150
2015-11-09 01:03:00,2015-11-09 01:04:00,132.348,132.349,132.351,132.342,132.371,132.372,132.375,132.364,195
2015-11-09 01:04:00,2015-11-09 01:05:00,132.349,132.342,132.349,132.342,132.372,132.363,132.372,132.363,140
2015-11-09 01:05:00,2015-11-09 01:06:00,132.342,132.354,132.357,132.342,132.363,132.376,132.379,132.364,121
2015-11-09 01:06:00,2015-11-09 01:07:00,132.354,132.345,132.354,132.343,132.376,132.367,132.376,132.367,81
2015-11-09 01:07:00,2015-11-09 01:08:00,132.345,132.342,132.358,132.341,132.367,132.366,132.381,132.364,150
2015-11-09 01:08:00,2015-11-09 01:09:00,132.342,132.367,132.369,132.339,132.366,132.391,132.392,132.363,196
2015-11-09 01:09:00,2015-11-09 01:10:00,132.367,132.364,132.381,132.363,132.391,132.387,132.403,132.386,196
2015-11-09 01:10:00,2015-11-09 01:11:00,132.364,132.38,132.399,132.364,132.387,132.403,132.423,132.388,405
2015-11-09 01:11:00,2015-11-09 01:12:00,132.38,132.376,132.389,132.367,132.403,132.399,132.412,132.392,177
2015-11-09 01:12:00,2015-11-09 01:13:00,132.376,132.389,132.399,132.375,132.399,132.412,132.422,132.398,215
2015-11-09 01:13:00,2015-11-09 01:14:00,132.389,132.41,132.417,132.386,132.412,132.434,132.437,132.409,243
2015-11-09 01:14:00,2015-11-09 01:15:00,132.41,132.391,132.41,132.382,132.434,132.413,132.434,132.407,321
2015-11-09 01:15:00,2015-11-09 01:16:00,132.391,132.415,132.415,132.381,132.413,132.437,132.437,132.405,177
2015-11-09 01:16:00,2015-11-09 01:17:00,132.415,132.399,132.416,132.397,132.437,132.422,132.439,132.419,124
2015-11-09 01:17:00,2015-11-09 01:18:00,132.399,132.404,132.406,132.396,132.422,132.428,132.43,132.421,92
2015-11-09 01:18:00,2015-11-09 01:19:00,132.404,132.394,132.406,132.394,132.428,132.418,132.43,132.415,144
2015-11-09 01:19:00,2015-11-09 01:20:00,132.394,132.394,132.401,132.392,132.418,132.416,132.423,132.415,130
2015-11-09 01:20:00,2015-11-09 01:21:00,132.394,132.404,132.408,132.394,132.416,132.429,132.431,132.416,114
2015-11-09 01:21:00,2015-11-09 01:22:00,132.404,132.399,132.405,132.398,132.429,132.423,132.429,132.42,75
2015-11-09 01:22:00,2015-11-09 01:23:00,132.399,132.402,132.404,132.393,132.423,132.427,132.427,132.415,105
2015-11-09 01:23:00,2015-11-09 01:24:00,132.402,132.402,132.408,132.397,132.427,132.425,132.431,132.42,100
2015-11-09 01:24:00,2015-11-09 01:25:00,132.402,132.402,132.405,132.398,132.425,132.426,132.428,132.421,53
2015-11-09 01:25:00,2015-11-09 01:26:00,132.402,132.414,132.419,132.4,132.426,132.44,132.444,132.423,119
2015-11-09 01:26:00,2015-11-09 01:27:00,132.414,132.412,132.422,132.407,132.44,132.436,132.447,132.431,144
2015-11-09 01:27:00,2015-11-09 01:28:00,132.412,132.424,132.425,132.407,132.436,132.448,132.448,132.431,88
2015-11-09 01:28:00,2015-11-09 01:29:00,132.424,132.426,132.428,132.412,132.448,132.445,132.451,132.437,155
2015-11-09 01:29:00,2015-11-09 01:30:00,132.426,132.427,132.431,132.414,132.445,132.448,132.451,132.436,169
2015-11-09 01:30:00,2015-11-09 01:31:00,132.427,132.427,132.43,132.421,132.448,132.45,132.451,132.441,165
2015-11-09 01:31:00,2015-11-09 01:32:00,132.427,132.453,132.453,132.423,132.45,132.474,132.475,132.447,128
2015-11-09 01:32:00,2015-11-09 01:33:00,132.453,132.483,132.488,132.449,132.474,132.506,132.51,132.472,272
2015-11-09 01:33:00,2015-11-09 01:34:00,132.483,132.485,132.49,132.47,132.506,132.508,132.511,132.493,242
2015-11-09 01:34:00,2015-11-09 01:35:00,132.485,132.491,132.51,132.482,132.508,132.511,132.531,132.506,204
2015-11-09 01:35:00,2015-11-09 01:36:00,132.491,132.504,132.507,132.486,132.511,132.527,132.527,132.509,277
2015-11-09 01:36:00,2015-11-09 01:37:00,132.504,132.521,132.527,132.495,132.527,132.545,132.55,132.518,201
2015-11-09 01:37:00,2015-11-09 01:38:00,132.521,132.523,132.529,132.516,132.545,132.548,132.553,132.54,203
2015-11-09 01:38:00,2015-11-09 01:39:00,132.523,132.559,132.565,132.521,132.548,132.581,132.584,132.544,272
2015-11-09 01:39:00,2015-11-09 01:40:00,132.559,132.576,132.578,132.554,132.581,132.599,132.6,132.578,177
2015-11-09 01:40:00,2015-11-09 01:41:00,132.576,132.583,132.588,132.572,132.599,132.606,132.609,132.594,195
2015-11-09 01:41:00,2015-11-09 01:42:00,132.583,132.596,132.599,132.583,132.606,132.62,132.62,132.604,151
2015-11-09 01:42:00,2015-11-09 01:43:00,132.596,132.6,132.611,132.597,132.62,132.623,132.63,132.62,174
2015-11-09 01:43:00,2015-11-09 01:44:00,132.6,132.597,132.6,132.57,132.623,132.621,132.623,132.594,225
2015-11-09 01:44:00,2015-11-09 01:45:00,132.597,132.624,132.624,132.591,132.621,132.645,132.645,132.615,219
2015-11-09 01:45:00,2015-11-09 01:46:00,132.624,132.623,132.629,132.614,132.645,132.646,132.65,132.637,241
2015-11-09 01:46:00,2015-11-09 01:47:00,132.623,132.605,132.624,132.602,132.646,132.628,132.65,132.625,236
2015-11-09 01:47:00,2015-11-09 01:48:00,132.605,132.602,132.607,132.594,132.628,132.624,132.63,132.617,114
2015-11-09 01:48:00,2015-11-09 01:49:00,132.602,132.606,132.616,132.601,132.624,132.63,132.635,132.624,166
2015-11-09 01:49:00,2015-11-09 01:50:00,132.606,132.599,132.611,132.592,132.63,132.622,132.633,132.613,138
2015-11-09 01:50:00,2015-11-09 01:51:00,132.599,132.589,132.599,132.583,132.622,132.612,132.622,132.607,129
2015-11-09 01:51:00,2015-11-09 01:52:00,132.589,132.6,132.61,132.581,132.612,132.621,132.633,132.605,229
2015-11-09 01:52:00,2015-11-09 01:53:00,132.6,132.611,132.612,132.597,132.621,132.633,132.634,132.617,142
2015-11-09 01:53:00,2015-11-09 01:54:00,132.611,132.612,132.629,132.611,132.633,132.631,132.649,132.629,259
2015-11-09 01:54:00,2015-11-09 01:55:00,132.612,132.651,132.651,132.611,132.631,132.671,132.671,132.629,163
2015-11-09 01:55:00,2015-11-09 01:56:00,132.651,132.678,132.681,132.647,132.671,132.701,132.704,132.669,296
2015-11-09 01:56:00,2015-11-09 01:57:00,132.678,132.666,132.684,132.661,132.701,132.689,132.704,132.685,245
2015-11-09 01:57:00,2015-11-09 01:58:00,132.666,132.68,132.684,132.661,132.689,132.702,132.705,132.685,233
2015-11-09 01:58:00,2015-11-09 01:59:00,132.68,132.676,132.684,132.673,132.702,132.699,132.703,132.693,175
2015-11-09 01:59:00,2015-11-09 02:00:00,132.676,132.702,132.703,132.664,132.699,132.725,132.725,132.687,368
2015-11-09 02:00:00,2015-11-09 02:01:00,132.702,132.685,132.705,132.678,132.725,132.707,132.728,132.7,406
2015-11-09 02:01:00,2015-11-09 02:02:00,132.685,132.696,132.699,132.669,132.707,132.716,132.718,132.692,258
2015-11-09 02:02:00,2015-11-09 02:03:00,132.696,132.692,132.695,132.683,132.716,132.715,132.717,132.705,170
2015-11-09 02:03:00,2015-11-09 02:04:00,132.692,132.684,132.7,132.681,132.715,132.706,132.723,132.704,155
2015-11-09 02:04:00,2015-11-09 02:05:00,132.684,132.672,132.69,132.668,132.706,132.693,132.713,132.69,126
2015-11-09 02:05:00,2015-11-09 02:06:00,132.672,132.62,132.672,132.62,132.693,132.642,132.693,132.642,241
2015-11-09 02:06:00,2015-11-09 02:07:00,132.62,132.617,132.626,132.612,132.642,132.638,132.648,132.634,221
2015-11-09 02:07:00,2015-11-09 02:08:00,132.617,132.629,132.643,132.617,132.638,132.653,132.664,132.638,171
2015-11-09 02:08:00,2015-11-09 02:09:00,132.629,132.649,132.649,132.623,132.653,132.672,132.672,132.646,278
2015-11-09 02:09:00,2015-11-09 02:10:00,132.649,132.641,132.653,132.633,132.672,132.665,132.676,132.655,226
2015-11-09 02:10:00,2015-11-09 02:11:00,132.641,132.627,132.642,132.627,132.665,132.648,132.666,132.648,157
2015-11-09 02:11:00,2015-11-09 02:12:00,132.627,132.628,132.634,132.627,132.648,132.653,132.659,132.648,61
2015-11-09 02:12:00,2015-11-09 02:13:00,132.628,132.63,132.636,132.627,132.653,132.653,132.656,132.647,68
2015-11-09 02:13:00,2015-11-09 02:14:00,132.63,132.63,132.635,132.619,132.653,132.653,132.657,132.643,169
2015-11-09 02:14:00,2015-11-09 02:15:00,132.63,132.641,132.641,132.621,132.653,132.663,132.663,132.645,161
2015-11-09 02:15:00,2015-11-09 02:16:00,132.641,132.621,132.642,132.619,132.663,132.644,132.665,132.643,143
2015-11-09 02:16:00,2015-11-09 02:17:00,132.621,132.622,132.633,132.619,132.644,132.646,132.657,132.643,121
2015-11-09 02:17:00,2015-11-09 02:18:00,132.622,132.639,132.644,132.621,132.646,132.662,132.666,132.645,149
2015-11-09 02:18:00,2015-11-09 02:19:00,132.639,132.639,132.65,132.634,132.662,132.661,132.671,132.656,118
2015-11-09 02:19:00,2015-11-09 02:20:00,132.639,132.637,132.639,132.635,132.661,132.659,132.662,132.658,31
2015-11-09 02:20:00,2015-11-09 02:21:00,132.637,132.638,132.654,132.636,132.659,132.661,132.677,132.659,143
2015-11-09 02:21:00,2015-11-09 02:22:00,132.638,132.664,132.669,132.633,132.661,132.687,132.692,132.657,119
2015-11-09 02:22:00,2015-11-09 02:23:00,132.664,132.692,132.696,132.659,132.687,132.715,132.719,132.684,246
2015-11-09 02:23:00,2015-11-09 02:24:00,132.692,132.671,132.698,132.669,132.715,132.696,132.721,132.695,214
2015-11-09 02:24:00,2015-11-09 02:25:00,132.671,132.688,132.694,132.664,132.696,132.713,132.718,132.688,269
2015-11-09 02:25:00,2015-11-09 02:26:00,132.688,132.672,132.704,132.672,132.713,132.697,132.728,132.697,230
2015-11-09 02:26:00,2015-11-09 02:27:00,132.672,132.67,132.676,132.669,132.697,132.693,132.7,132.692,149
2015-11-09 02:27:00,2015-11-09 02:28:00,132.67,132.66,132.674,132.654,132.693,132.685,132.698,132.677,337
2015-11-09 02:28:00,2015-11-09 02:29:00,132.66,132.637,132.668,132.634,132.685,132.659,132.693,132.658,198
2015-11-09 02:29:00,2015-11-09 02:30:00,132.637,132.607,132.641,132.593,132.659,132.629,132.662,132.615,182
2015-11-09 02:30:00,2015-11-09 02:31:00,132.607,132.598,132.608,132.597,132.629,132.617,132.631,132.615,123
2015-11-09 02:31:00,2015-11-09 02:32:00,132.598,132.601,132.601,132.595,132.617,132.623,132.624,132.615,80
2015-11-09 02:32:00,2015-11-09 02:33:00,132.601,132.599,132.606,132.598,132.623,132.622,132.63,132.617,165
2015-11-09 02:33:00,2015-11-09 02:34:00,132.599,132.607,132.612,132.599,132.622,132.629,132.636,132.621,125
2015-11-09 02:34:00,2015-11-09 02:35:00,132.607,132.622,132.625,132.6,132.629,132.644,132.647,132.622,219
2015-11-09 02:35:00,2015-11-09 02:36:00,132.622,132.607,132.622,132.607,132.644,132.63,132.645,132.63,122
2015-11-09 02:36:00,2015-11-09 02:37:00,132.607,132.609,132.609,132.607,132.63,132.631,132.632,132.629,90
2015-11-09 02:37:00,2015-11-09 02:38:00,132.609,132.603,132.61,132.602,132.631,132.626,132.632,132.623,115
2015-11-09 02:38:00,2015-11-09 02:39:00,132.603,132.633,132.635,132.604,132.626,132.657,132.657,132.626,172
2015-11-09 02:39:00,2015-11-09 02:40:00,132.633,132.668,132.669,132.634,132.657,132.689,132.691,132.657,176
2015-11-09 02:40:00,2015-11-09 02:41:00,132.668,132.683,132.683,132.657,132.689,132.705,132.705,132.681,202
2015-11-09 02:41:00,2015-11-09 02:42:00,132.683,132.685,132.686,132.67,132.705,132.707,132.71,132.692,240
2015-11-09 02:42:00,2015-11-09 02:43:00,132.685,132.762,132.788,132.68,132.707,132.788,132.812,132.703,510
2015-11-09 02:43:00,2015-11-09 02:44:00,132.762,132.815,132.817,132.751,132.788,132.839,132.841,132.776,496
2015-11-09 02:44:00,2015-11-09 02:45:00,132.815,132.785,132.815,132.775,132.839,132.809,132.838,132.796,398
2015-11-09 02:45:00,2015-11-09 02:46:00,132.785,132.786,132.8,132.776,132.809,132.809,132.826,132.8,276
2015-11-09 02:46:00,2015-11-09 02:47:00,132.786,132.768,132.788,132.76,132.809,132.792,132.81,132.785,238
2015-11-09 02:47:00,2015-11-09 02:48:00,132.768,132.77,132.784,132.765,132.792,132.793,132.809,132.789,320
2015-11-09 02:48:00,2015-11-09 02:49:00,132.77,132.756,132.77,132.752,132.793,132.778,132.792,132.775,226
2015-11-09 02:49:00,2015-11-09 02:50:00,132.756,132.758,132.761,132.739,132.778,132.782,132.784,132.762,273
2015-11-09 02:50:00,2015-11-09 02:51:00,132.758,132.724,132.758,132.724,132.782,132.748,132.782,132.748,217
2015-11-09 02:51:00,2015-11-09 02:52:00,132.724,132.74,132.744,132.715,132.748,132.766,132.768,132.74,171
2015-11-09 02:52:00,2015-11-09 02:53:00,132.74,132.731,132.747,132.73,132.766,132.755,132.772,132.755,94
2015-11-09 02:53:00,2015-11-09 02:54:00,132.731,132.723,132.732,132.721,132.755,132.747,132.755,132.746,164
2015-11-09 02:54:00,2015-11-09 02:55:00,132.723,132.749,132.75,132.723,132.747,132.774,132.775,132.747,157
2015-11-09 02:55:00,2015-11-09 02:56:00,132.749,132.744,132.754,132.74,132.774,132.769,132.777,132.764,161
2015-11-09 02:56:00,2015-11-09 02:57:00,132.744,132.746,132.747,132.738,132.769,132.769,132.771,132.762,135
2015-11-09 02:57:00,2015-11-09 02:58:00,132.746,132.754,132.762,132.739,132.769,132.779,132.785,132.762,111
2015-11-09 02:58:00,2015-11-09 02:59:00,132.754,132.747,132.765,132.747,132.779,132.771,132.788,132.771,153
2015-11-09 02:59:00,2015-11-09 03:00:00,132.747,132.793,132.793,132.744,132.771,132.817,132.817,132.766,231
2015-11-09 03:00:00,2015-11-09 03:01:00,132.793,132.78,132.805,132.779,132.817,132.804,132.83,132.803,322
2015-11-09 03:01:00,2015-11-09 03:02:00,132.78,132.777,132.802,132.777,132.804,132.801,132.826,132.801,293
2015-11-09 03:02:00,2015-11-09 03:03:00,132.777,132.778,132.778,132.76,132.801,132.8,132.801,132.782,302
2015-11-09 03:03:00,2015-11-09 03:04:00,132.778,132.756,132.781,132.755,132.8,132.779,132.803,132.778,324
2015-11-09 03:04:00,2015-11-09 03:05:00,132.756,132.787,132.797,132.747,132.779,132.81,132.819,132.77,241
2015-11-09 03:05:00,2015-11-09 03:06:00,132.787,132.81,132.81,132.779,132.81,132.832,132.832,132.802,320
2015-11-09 03:06:00,2015-11-09 03:07:00,132.81,132.792,132.816,132.788,132.832,132.811,132.837,132.808,376
2015-11-09 03:07:00,2015-11-09 03:08:00,132.792,132.829,132.83,132.787,132.811,132.852,132.853,132.809,347
2015-11-09 03:08:00,2015-11-09 03:09:00,132.829,132.822,132.828,132.81,132.852,132.845,132.852,132.832,275
2015-11-09 03:09:00,2015-11-09 03:10:00,132.822,132.829,132.838,132.82,132.845,132.851,132.861,132.843,178
2015-11-09 03:10:00,2015-11-09 03:11:00,132.829,132.819,132.828,132.816,132.851,132.841,132.851,132.84,121
2015-11-09 03:11:00,2015-11-09 03:12:00,132.819,132.793,132.818,132.792,132.841,132.817,132.841,132.814,105
2015-11-09 03:12:00,2015-11-09 03:13:00,132.793,132.8,132.803,132.793,132.817,132.823,132.824,132.816,50
2015-11-09 03:13:00,2015-11-09 03:14:00,132.8,132.799,132.813,132.799,132.823,132.821,132.835,132.821,121
2015-11-09 03:14:00,2015-11-09 03:15:00,132.799,132.795,132.803,132.79,132.821,132.819,132.826,132.811,157
2015-11-09 03:15:00,2015-11-09 03:16:00,132.795,132.804,132.815,132.793,132.819,132.824,132.834,132.816,151
2015-11-09 03:16:00,2015-11-09 03:17:00,132.804,132.815,132.817,132.802,132.824,132.835,132.838,132.823,118
2015-11-09 03:17:00,2015-11-09 03:18:00,132.815,132.804,132.815,132.803,132.835,132.825,132.837,132.825,78
2015-11-09 03:18:00,2015-11-09 03:19:00,132.804,132.833,132.833,132.803,132.825,132.854,132.854,132.825,222
2015-11-09 03:19:00,2015-11-09 03:20:00,132.833,132.833,132.843,132.829,132.854,132.854,132.864,132.851,131
2015-11-09 03:20:00,2015-11-09 03:21:00,132.833,132.825,132.837,132.825,132.854,132.847,132.858,132.846,159
2015-11-09 03:21:00,2015-11-09 03:22:00,132.825,132.815,132.826,132.815,132.847,132.837,132.847,132.837,112
2015-11-09 03:22:00,2015-11-09 03:23:00,132.815,132.812,132.816,132.809,132.837,132.834,132.837,132.83,92
2015-11-09 03:23:00,2015-11-09 03:24:00,132.812,132.816,132.817,132.792,132.834,132.839,132.84,132.814,132
2015-11-09 03:24:00,2015-11-09 03:25:00,132.816,132.808,132.821,132.808,132.839,132.831,132.844,132.83,95
2015-11-09 03:25:00,2015-11-09 03:26:00,132.808,132.799,132.811,132.799,132.831,132.821,132.834,132.821,67
2015-11-09 03:26:00,2015-11-09 03:27:00,132.799,132.8,132.802,132.79,132.821,132.824,132.824,132.813,229
2015-11-09 03:27:00,2015-11-09 03:28:00,132.8,132.788,132.799,132.787,132.824,132.813,132.823,132.809,302
2015-11-09 03:28:00,2015-11-09 03:29:00,132.788,132.788,132.801,132.787,132.813,132.812,132.826,132.81,127
2015-11-09 03:29:00,2015-11-09 03:30:00,132.788,132.774,132.788,132.772,132.812,132.797,132.813,132.795,228
2015-11-09 03:30:00,2015-11-09 03:31:00,132.774,132.762,132.775,132.762,132.797,132.787,132.799,132.787,94
2015-11-09 03:31:00,2015-11-09 03:32:00,132.762,132.774,132.775,132.758,132.787,132.797,132.798,132.78,136
2015-11-09 03:32:00,2015-11-09 03:33:00,132.774,132.744,132.773,132.744,132.797,132.767,132.796,132.767,210
2015-11-09 03:33:00,2015-11-09 03:34:00,132.744,132.739,132.753,132.738,132.767,132.761,132.777,132.761,86
2015-11-09 03:34:00,2015-11-09 03:35:00,132.739,132.719,132.745,132.712,132.761,132.742,132.769,132.734,343
2015-11-09 03:35:00,2015-11-09 03:36:00,132.719,132.7,132.719,132.7,132.742,132.724,132.741,132.724,138
2015-11-09 03:36:00,2015-11-09 03:37:00,132.7,132.709,132.717,132.701,132.724,132.731,132.74,132.724,139
2015-11-09 03:37:00,2015-11-09 03:38:00,132.709,132.707,132.709,132.701,132.731,132.731,132.732,132.725,67
2015-11-09 03:38:00,2015-11-09 03:39:00,132.707,132.711,132.718,132.706,132.731,132.735,132.74,132.729,152
2015-11-09 03:39:00,2015-11-09 03:40:00,132.711,132.718,132.721,132.704,132.735,132.741,132.745,132.728,132
2015-11-09 03:40:00,2015-11-09 03:41:00,132.718,132.722,132.725,132.713,132.741,132.745,132.749,132.736,181
2015-11-09 03:41:00,2015-11-09 03:42:00,132.722,132.731,132.737,132.722,132.745,132.754,132.758,132.744,154
2015-11-09 03:42:00,2015-11-09 03:43:00,132.731,132.732,132.736,132.728,132.754,132.754,132.758,132.751,65
2015-11-09 03:43:00,2015-11-09 03:44:00,132.732,132.726,132.734,132.723,132.754,132.748,132.758,132.743,78
2015-11-09 03:44:00,2015-11-09 03:45:00,132.726,132.755,132.755,132.725,132.748,132.779,132.779,132.748,62
2015-11-09 03:45:00,2015-11-09 03:46:00,132.755,132.744,132.755,132.742,132.779,132.767,132.778,132.765,119
2015-11-09 03:46:00,2015-11-09 03:47:00,132.744,132.752,132.752,132.74,132.767,132.774,132.775,132.763,66
2015-11-09 03:47:00,2015-11-09 03:48:00,132.752,132.756,132.762,132.745,132.774,132.778,132.785,132.765,145
2015-11-09 03:48:00,2015-11-09 03:49:00,132.756,132.758,132.762,132.75,132.778,132.78,132.786,132.772,110
2015-11-09 03:49:00,2015-11-09 03:50:00,132.758,132.766,132.767,132.757,132.78,132.787,132.789,132.78,59
2015-11-09 03:50:00,2015-11-09 03:51:00,132.766,132.765,132.771,132.763,132.787,132.788,132.791,132.786,62
2015-11-09 03:51:00,2015-11-09 03:52:00,132.765,132.759,132.766,132.755,132.788,132.782,132.789,132.779,159
2015-11-09 03:52:00,2015-11-09 03:53:00,132.759,132.789,132.794,132.758,132.782,132.811,132.818,132.78,142
2015-11-09 03:53:00,2015-11-09 03:54:00,132.789,132.791,132.801,132.782,132.811,132.814,132.824,132.806,163
2015-11-09 03:54:00,2015-11-09 03:55:00,132.791,132.794,132.798,132.791,132.814,132.817,132.821,132.813,70
2015-11-09 03:55:00,2015-11-09 03:56:00,132.794,132.792,132.795,132.789,132.817,132.815,132.818,132.811,58
2015-11-09 03:56:00,2015-11-09 03:57:00,132.792,132.793,132.798,132.779,132.815,132.816,132.817,132.803,176
2015-11-09 03:57:00,2015-11-09 03:58:00,132.793,132.791,132.798,132.788,132.816,132.814,132.82,132.811,86
2015-11-09 03:58:00,2015-11-09 03:59:00,132.791,132.786,132.793,132.785,132.814,132.808,132.817,132.805,78
2015-11-09 03:59:00,2015-11-09 04:00:00,132.786,132.789,132.79,132.783,132.808,132.813,132.814,132.804,100
2015-11-09 04:00:00,2015-11-09 04:01:00,132.789,132.791,132.794,132.789,132.813,132.815,132.818,132.811,139
2015-11-09 04:01:00,2015-11-09 04:02:00,132.791,132.798,132.8,132.789,132.815,132.821,132.822,132.812,83
2015-11-09 04:02:00,2015-11-09 04:03:00,132.798,132.793,132.798,132.792,132.821,132.815,132.822,132.815,108
2015-11-09 04:03:00,2015-11-09 04:04:00,132.793,132.791,132.793,132.785,132.815,132.814,132.817,132.808,88
2015-11-09 04:04:00,2015-11-09 04:05:00,132.791,132.795,132.799,132.791,132.814,132.818,132.823,132.815,111
2015-11-09 04:05:00,2015-11-09 04:06:00,132.795,132.797,132.797,132.788,132.818,132.82,132.82,132.812,75
2015-11-09 04:06:00,2015-11-09 04:07:00,132.797,132.795,132.797,132.793,132.82,132.817,132.821,132.814,106
2015-11-09 04:07:00,2015-11-09 04:08:00,132.795,132.793,132.794,132.79,132.817,132.816,132.818,132.812,112
2015-11-09 04:08:00,2015-11-09 04:09:00,132.793,132.794,132.797,132.789,132.816,132.816,132.821,132.813,90
2015-11-09 04:09:00,2015-11-09 04:10:00,132.794,132.794,132.798,132.792,132.816,132.818,132.822,132.814,102
2015-11-09 04:10:00,2015-11-09 04:11:00,132.794,132.793,132.795,132.792,132.818,132.817,132.818,132.813,58
2015-11-09 04:11:00,2015-11-09 04:12:00,132.793,132.795,132.796,132.792,132.817,132.818,132.818,132.814,49
2015-11-09 04:12:00,2015-11-09 04:13:00,132.795,132.795,132.805,132.793,132.818,132.818,132.828,132.814,165
2015-11-09 04:13:00,2015-11-09 04:14:00,132.795,132.795,132.795,132.792,132.818,132.817,132.819,132.813,120
2015-11-09 04:14:00,2015-11-09 04:15:00,132.795,132.796,132.802,132.793,132.817,132.819,132.825,132.817,149
2015-11-09 04:15:00,2015-11-09 04:16:00,132.796,132.815,132.815,132.795,132.819,132.838,132.838,132.819,94
2015-11-09 04:16:00,2015-11-09 04:17:00,132.815,132.82,132.82,132.806,132.838,132.842,132.844,132.829,179
2015-11-09 04:17:00,2015-11-09 04:18:00,132.82,132.804,132.821,132.797,132.842,132.827,132.844,132.82,172
2015-11-09 04:18:00,2015-11-09 04:19:00,132.804,132.807,132.818,132.803,132.827,132.831,132.841,132.825,181
2015-11-09 04:19:00,2015-11-09 04:20:00,132.807,132.801,132.812,132.797,132.831,132.824,132.835,132.819,167
2015-11-09 04:20:00,2015-11-09 04:21:00,132.801,132.807,132.812,132.801,132.824,132.829,132.834,132.822,176
2015-11-09 04:21:00,2015-11-09 04:22:00,132.807,132.807,132.811,132.806,132.829,132.83,132.833,132.829,61
2015-11-09 04:22:00,2015-11-09 04:23:00,132.807,132.805,132.808,132.803,132.83,132.828,132.831,132.826,62
2015-11-09 04:23:00,2015-11-09 04:24:00,132.805,132.806,132.807,132.802,132.828,132.83,132.831,132.825,66
2015-11-09 04:24:00,2015-11-09 04:25:00,132.806,132.806,132.808,132.804,132.83,132.828,132.83,132.826,29
2015-11-09 04:25:00,2015-11-09 04:26:00,132.806,132.796,132.806,132.795,132.828,132.819,132.829,132.818,123
2015-11-09 04:26:00,2015-11-09 04:27:00,132.796,132.813,132.814,132.795,132.819,132.836,132.837,132.818,96
2015-11-09 04:27:00,2015-11-09 04:28:00,132.813,132.812,132.814,132.809,132.836,132.835,132.836,132.83,143
2015-11-09 04:28:00,2015-11-09 04:29:00,132.812,132.811,132.814,132.811,132.835,132.834,132.836,132.833,60
2015-11-09 04:29:00,2015-11-09 04:30:00,132.811,132.812,132.813,132.807,132.834,132.835,132.836,132.829,69
2015-11-09 04:30:00,2015-11-09 04:31:00,132.812,132.811,132.812,132.81,132.835,132.833,132.835,132.831,48
2015-11-09 04:31:00,2015-11-09 04:32:00,132.811,132.811,132.813,132.81,132.833,132.832,132.836,132.832,23
2015-11-09 04:32:00,2015-11-09 04:33:00,132.811,132.813,132.818,132.807,132.832,132.836,132.842,132.83,92
2015-11-09 04:33:00,2015-11-09 04:34:00,132.813,132.811,132.812,132.809,132.836,132.834,132.836,132.833,28
2015-11-09 04:34:00,2015-11-09 04:35:00,132.811,132.814,132.818,132.811,132.834,132.837,132.839,132.834,64
2015-11-09 04:35:00,2015-11-09 04:36:00,132.814,132.813,132.816,132.811,132.837,132.836,132.838,132.834,56
2015-11-09 04:36:00,2015-11-09 04:37:00,132.813,132.831,132.832,132.811,132.836,132.853,132.854,132.835,106
2015-11-09 04:37:00,2015-11-09 04:38:00,132.831,132.823,132.831,132.82,132.853,132.846,132.853,132.844,106
2015-11-09 04:38:00,2015-11-09 04:39:00,132.823,132.832,132.833,132.817,132.846,132.855,132.856,132.84,112
2015-11-09 04:39:00,2015-11-09 04:40:00,132.832,132.847,132.848,132.833,132.855,132.869,132.871,132.855,172
2015-11-09 04:40:00,2015-11-09 04:41:00,132.847,132.834,132.857,132.833,132.869,132.856,132.878,132.856,132
2015-11-09 04:41:00,2015-11-09 04:42:00,132.834,132.83,132.84,132.83,132.856,132.853,132.863,132.853,134
2015-11-09 04:42:00,2015-11-09 04:43:00,132.83,132.823,132.831,132.822,132.853,132.844,132.853,132.844,60
2015-11-09 04:43:00,2015-11-09 04:44:00,132.823,132.811,132.823,132.809,132.844,132.834,132.847,132.832,105
2015-11-09 04:44:00,2015-11-09 04:45:00,132.811,132.816,132.821,132.81,132.834,132.839,132.842,132.833,77
2015-11-09 04:45:00,2015-11-09 04:46:00,132.816,132.801,132.817,132.799,132.839,132.823,132.839,132.821,84
2015-11-09 04:46:00,2015-11-09 04:47:00,132.801,132.798,132.801,132.79,132.823,132.82,132.822,132.814,71
2015-11-09 04:47:00,2015-11-09 04:48:00,132.798,132.801,132.803,132.793,132.82,132.823,132.827,132.815,120
2015-11-09 04:48:00,2015-11-09 04:49:00,132.801,132.804,132.808,132.793,132.823,132.827,132.83,132.815,141
2015-11-09 04:49:00,2015-11-09 04:50:00,132.804,132.834,132.835,132.801,132.827,132.856,132.857,132.823,206
2015-11-09 04:50:00,2015-11-09 04:51:00,132.834,132.829,132.846,132.829,132.856,132.851,132.866,132.851,141
2015-11-09 04:51:00,2015-11-09 04:52:00,132.829,132.858,132.86,132.827,132.851,132.88,132.882,132.85,212
2015-11-09 04:52:00,2015-11-09 04:53:00,132.858,132.867,132.867,132.853,132.88,132.889,132.889,132.875,185
2015-11-09 04:53:00,2015-11-09 04:54:00,132.867,132.864,132.883,132.857,132.889,132.888,132.905,132.879,291
2015-11-09 04:54:00,2015-11-09 04:55:00,132.864,132.866,132.868,132.86,132.888,132.888,132.892,132.882,137
2015-11-09 04:55:00,2015-11-09 04:56:00,132.866,132.866,132.869,132.864,132.888,132.888,132.892,132.885,45
2015-11-09 04:56:00,2015-11-09 04:57:00,132.866,132.854,132.867,132.854,132.888,132.877,132.889,132.877,55
2015-11-09 04:57:00,2015-11-09 04:58:00,132.854,132.858,132.876,132.854,132.877,132.881,132.899,132.878,139
2015-11-09 04:58:00,2015-11-09 04:59:00,132.858,132.855,132.865,132.855,132.881,132.878,132.889,132.878,65
2015-11-09 04:59:00,2015-11-09 05:00:00,132.855,132.849,132.863,132.846,132.878,132.872,132.885,132.869,159
2015-11-09 05:00:00,2015-11-09 05:01:00,132.849,132.851,132.855,132.848,132.872,132.873,132.878,132.87,123
2015-11-09 05:01:00,2015-11-09 05:02:00,132.851,132.861,132.861,132.848,132.873,132.876,132.876,132.871,73
2015-11-09 05:02:00,2015-11-09 05:03:00,132.861,132.861,132.865,132.86,132.876,132.881,132.886,132.876,81
2015-11-09 05:03:00,2015-11-09 05:04:00,132.861,132.859,132.874,132.856,132.881,132.881,132.895,132.878,150
2015-11-09 05:04:00,2015-11-09 05:05:00,132.859,132.865,132.871,132.86,132.881,132.888,132.894,132.881,98
2015-11-09 05:05:00,2015-11-09 05:06:00,132.865,132.847,132.866,132.847,132.888,132.869,132.888,132.869,184
2015-11-09 05:06:00,2015-11-09 05:07:00,132.847,132.841,132.851,132.84,132.869,132.863,132.871,132.862,162
2015-11-09 05:07:00,2015-11-09 05:08:00,132.841,132.847,132.856,132.842,132.863,132.868,132.88,132.863,95
2015-11-09 05:08:00,2015-11-09 05:09:00,132.847,132.843,132.849,132.843,132.868,132.865,132.872,132.865,32
2015-11-09 05:09:00,2015-11-09 05:10:00,132.843,132.851,132.854,132.829,132.865,132.873,132.875,132.851,109
2015-11-09 05:10:00,2015-11-09 05:11:00,132.851,132.833,132.858,132.833,132.873,132.856,132.881,132.856,191
2015-11-09 05:11:00,2015-11-09 05:12:00,132.833,132.844,132.846,132.833,132.856,132.868,132.869,132.855,62
2015-11-09 05:12:00,2015-11-09 05:13:00,132.844,132.851,132.852,132.84,132.868,132.874,132.875,132.862,238
2015-11-09 05:13:00,2015-11-09 05:14:00,132.851,132.851,132.852,132.843,132.874,132.872,132.875,132.866,162
2015-11-09 05:14:00,2015-11-09 05:15:00,132.851,132.824,132.856,132.82,132.872,132.847,132.878,132.844,176
2015-11-09 05:15:00,2015-11-09 05:16:00,132.824,132.839,132.849,132.821,132.847,132.861,132.871,132.843,230
2015-11-09 05:16:00,2015-11-09 05:17:00,132.839,132.832,132.84,132.831,132.861,132.855,132.863,132.854,159
2015-11-09 05:17:00,2015-11-09 05:18:00,132.832,132.83,132.849,132.827,132.855,132.853,132.871,132.851,181
2015-11-09 05:18:00,2015-11-09 05:19:00,132.83,132.827,132.834,132.825,132.853,132.85,132.856,132.849,122
2015-11-09 05:19:00,2015-11-09 05:20:00,132.827,132.828,132.829,132.823,132.85,132.852,132.852,132.847,122
2015-11-09 05:20:00,2015-11-09 05:21:00,132.828,132.837,132.839,132.829,132.852,132.86,132.861,132.85,178
2015-11-09 05:21:00,2015-11-09 05:22:00,132.837,132.824,132.837,132.824,132.86,132.846,132.86,132.845,87
2015-11-09 05:22:00,2015-11-09 05:23:00,132.824,132.808,132.824,132.808,132.846,132.83,132.846,132.828,106
2015-11-09 05:23:00,2015-11-09 05:24:00,132.808,132.789,132.812,132.788,132.83,132.81,132.837,132.81,138
2015-11-09 05:24:00,2015-11-09 05:25:00,132.789,132.799,132.802,132.781,132.81,132.82,132.823,132.804,108
2015-11-09 05:25:00,2015-11-09 05:26:00,132.799,132.794,132.804,132.79,132.82,132.817,132.824,132.812,88
2015-11-09 05:26:00,2015-11-09 05:27:00,132.794,132.794,132.808,132.794,132.817,132.817,132.83,132.816,93
2015-11-09 05:27:00,2015-11-09 05:28:00,132.794,132.797,132.797,132.786,132.817,132.818,132.818,132.808,57
2015-11-09 05:28:00,2015-11-09 05:29:00,132.797,132.795,132.799,132.793,132.818,132.817,132.821,132.814,70
2015-11-09 05:29:00,2015-11-09 05:30:00,132.795,132.792,132.799,132.788,132.817,132.815,132.82,132.81,105
2015-11-09 05:30:00,2015-11-09 05:31:00,132.792,132.754,132.793,132.748,132.815,132.774,132.815,132.769,210
2015-11-09 05:31:00,2015-11-09 05:32:00,132.754,132.777,132.778,132.75,132.774,132.799,132.799,132.772,156
2015-11-09 05:32:00,2015-11-09 05:33:00,132.777,132.79,132.797,132.776,132.799,132.812,132.818,132.798,107
2015-11-09 05:33:00,2015-11-09 05:34:00,132.79,132.793,132.794,132.79,132.812,132.814,132.816,132.81,51
2015-11-09 05:34:00,2015-11-09 05:35:00,132.793,132.794,132.795,132.792,132.814,132.817,132.817,132.813,20
2015-11-09 05:35:00,2015-11-09 05:36:00,132.794,132.791,132.806,132.786,132.817,132.812,132.827,132.808,120
2015-11-09 05:36:00,2015-11-09 05:37:00,132.791,132.789,132.799,132.784,132.812,132.809,132.82,132.804,91
2015-11-09 05:37:00,2015-11-09 05:38:00,132.789,132.779,132.789,132.766,132.809,132.799,132.81,132.786,86
2015-11-09 05:38:00,2015-11-09 05:39:00,132.779,132.775,132.781,132.77,132.799,132.796,132.802,132.792,75
2015-11-09 05:39:00,2015-11-09 05:40:00,132.775,132.775,132.779,132.774,132.796,132.796,132.8,132.795,53
2015-11-09 05:40:00,2015-11-09 05:41:00,132.775,132.776,132.786,132.775,132.796,132.797,132.807,132.795,98
2015-11-09 05:41:00,2015-11-09 05:42:00,132.776,132.735,132.777,132.719,132.797,132.758,132.797,132.74,369
2015-11-09 05:42:00,2015-11-09 05:43:00,132.735,132.726,132.738,132.725,132.758,132.748,132.76,132.748,164
2015-11-09 05:43:00,2015-11-09 05:44:00,132.726,132.73,132.736,132.724,132.748,132.751,132.758,132.745,97
2015-11-09 05:44:00,2015-11-09 05:45:00,132.73,132.736,132.743,132.73,132.751,132.756,132.763,132.75,73
2015-11-09 05:45:00,2015-11-09 05:46:00,132.736,132.725,132.737,132.725,132.756,132.747,132.756,132.745,76
2015-11-09 05:46:00,2015-11-09 05:47:00,132.725,132.726,132.731,132.716,132.747,132.746,132.752,132.736,99
2015-11-09 05:47:00,2015-11-09 05:48:00,132.726,132.677,132.727,132.671,132.746,132.698,132.746,132.692,293
2015-11-09 05:48:00,2015-11-09 05:49:00,132.677,132.664,132.677,132.659,132.698,132.685,132.697,132.681,119
2015-11-09 05:49:00,2015-11-09 05:50:00,132.664,132.665,132.667,132.652,132.685,132.686,132.689,132.674,84
2015-11-09 05:50:00,2015-11-09 05:51:00,132.665,132.682,132.685,132.666,132.686,132.703,132.707,132.686,112
2015-11-09 05:51:00,2015-11-09 05:52:00,132.682,132.688,132.69,132.68,132.703,132.708,132.711,132.702,79
2015-11-09 05:52:00,2015-11-09 05:53:00,132.688,132.683,132.693,132.683,132.708,132.705,132.715,132.704,108
2015-11-09 05:53:00,2015-11-09 05:54:00,132.683,132.684,132.692,132.678,132.705,132.703,132.713,132.7,116
2015-11-09 05:54:00,2015-11-09 05:55:00,132.684,132.703,132.703,132.683,132.703,132.723,132.724,132.703,104
2015-11-09 05:55:00,2015-11-09 05:56:00,132.703,132.709,132.716,132.694,132.723,132.73,132.736,132.714,107
2015-11-09 05:56:00,2015-11-09 05:57:00,132.709,132.713,132.716,132.698,132.73,132.732,132.737,132.719,127
2015-11-09 05:57:00,2015-11-09 05:58:00,132.713,132.71,132.723,132.71,132.732,132.732,132.744,132.732,61
2015-11-09 05:58:00,2015-11-09 05:59:00,132.71,132.701,132.714,132.7,132.732,132.721,132.736,132.72,124
2015-11-09 05:59:00,2015-11-09 06:00:00,132.701,132.725,132.734,132.701,132.721,132.746,132.754,132.721,224
2015-11-09 06:00:00,2015-11-09 06:01:00,132.725,132.729,132.729,132.725,132.746,132.751,132.752,132.744,45
2015-11-09 06:01:00,2015-11-09 06:02:00,132.729,132.747,132.757,132.73,132.751,132.769,132.779,132.751,86
2015-11-09 06:02:00,2015-11-09 06:03:00,132.747,132.736,132.748,132.73,132.769,132.758,132.771,132.752,145
2015-11-09 06:03:00,2015-11-09 06:04:00,132.736,132.755,132.764,132.737,132.758,132.777,132.787,132.757,107
2015-11-09 06:04:00,2015-11-09 06:05:00,132.755,132.756,132.758,132.747,132.777,132.777,132.78,132.768,119
2015-11-09 06:05:00,2015-11-09 06:06:00,132.756,132.761,132.763,132.74,132.777,132.783,132.785,132.761,196
2015-11-09 06:06:00,2015-11-09 06:07:00,132.761,132.753,132.763,132.745,132.783,132.775,132.784,132.765,184
2015-11-09 06:07:00,2015-11-09 06:08:00,132.753,132.744,132.76,132.743,132.775,132.766,132.78,132.764,200
2015-11-09 06:08:00,2015-11-09 06:09:00,132.744,132.748,132.748,132.73,132.766,132.769,132.769,132.751,214
2015-11-09 06:09:00,2015-11-09 06:10:00,132.748,132.74,132.754,132.738,132.769,132.761,132.774,132.759,64
2015-11-09 06:10:00,2015-11-09 06:11:00,132.74,132.739,132.743,132.738,132.761,132.761,132.765,132.759,57
2015-11-09 06:11:00,2015-11-09 06:12:00,132.739,132.733,132.738,132.725,132.761,132.755,132.762,132.747,99
2015-11-09 06:12:00,2015-11-09 06:13:00,132.733,132.74,132.75,132.733,132.755,132.761,132.77,132.754,63
2015-11-09 06:13:00,2015-11-09 06:14:00,132.74,132.737,132.744,132.726,132.761,132.758,132.763,132.747,161
2015-11-09 06:14:00,2015-11-09 06:15:00,132.737,132.742,132.742,132.73,132.758,132.764,132.764,132.752,95
2015-11-09 06:15:00,2015-11-09 06:16:00,132.742,132.744,132.746,132.733,132.764,132.764,132.764,132.755,105
2015-11-09 06:16:00,2015-11-09 06:17:00,132.744,132.737,132.745,132.735,132.764,132.758,132.767,132.758,134
2015-11-09 06:17:00,2015-11-09 06:18:00,132.737,132.712,132.74,132.708,132.758,132.736,132.762,132.731,198
2015-11-09 06:18:00,2015-11-09 06:19:00,132.712,132.715,132.724,132.713,132.736,132.736,132.746,132.735,114
2015-11-09 06:19:00,2015-11-09 06:20:00,132.715,132.72,132.72,132.701,132.736,132.74,132.744,132.724,125
2015-11-09 06:20:00,2015-11-09 06:21:00,132.72,132.724,132.729,132.72,132.74,132.745,132.75,132.74,131
2015-11-09 06:21:00,2015-11-09 06:22:00,132.724,132.724,132.73,132.721,132.745,132.746,132.752,132.743,108
2015-11-09 06:22:00,2015-11-09 06:23:00,132.724,132.719,132.725,132.718,132.746,132.741,132.747,132.74,42
2015-11-09 06:23:00,2015-11-09 06:24:00,132.719,132.701,132.72,132.7,132.741,132.724,132.742,132.724,138
2015-11-09 06:24:00,2015-11-09 06:25:00,132.701,132.698,132.706,132.698,132.724,132.722,132.73,132.721,57
2015-11-09 06:25:00,2015-11-09 06:26:00,132.698,132.694,132.698,132.694,132.722,132.718,132.722,132.717,50
2015-11-09 06:26:00,2015-11-09 06:27:00,132.694,132.693,132.696,132.691,132.718,132.714,132.72,132.712,35
2015-11-09 06:27:00,2015-11-09 06:28:00,132.693,132.718,132.718,132.692,132.714,132.739,132.74,132.713,94
2015-11-09 06:28:00,2015-11-09 06:29:00,132.718,132.748,132.748,132.719,132.739,132.769,132.769,132.739,158
2015-11-09 06:29:00,2015-11-09 06:30:00,132.748,132.742,132.762,132.742,132.769,132.766,132.784,132.765,183
2015-11-09 06:30:00,2015-11-09 06:31:00,132.742,132.746,132.747,132.741,132.766,132.769,132.77,132.764,45
2015-11-09 06:31:00,2015-11-09 06:32:00,132.746,132.73,132.746,132.729,132.769,132.754,132.769,132.753,113
2015-11-09 06:32:00,2015-11-09 06:33:00,132.73,132.743,132.75,132.727,132.754,132.764,132.772,132.751,159
2015-11-09 06:33:00,2015-11-09 06:34:00,132.743,132.746,132.746,132.733,132.764,132.77,132.77,132.753,102
2015-11-09 06:34:00,2015-11-09 06:35:00,132.746,132.744,132.746,132.739,132.77,132.766,132.769,132.763,52
2015-11-09 06:35:00,2015-11-09 06:36:00,132.744,132.779,132.779,132.744,132.766,132.802,132.803,132.767,97
2015-11-09 06:36:00,2015-11-09 06:37:00,132.779,132.767,132.778,132.767,132.802,132.791,132.802,132.79,58
2015-11-09 06:37:00,2015-11-09 06:38:00,132.767,132.779,132.78,132.767,132.791,132.802,132.802,132.79,42
2015-11-09 06:38:00,2015-11-09 06:39:00,132.779,132.817,132.817,132.778,132.802,132.842,132.842,132.801,146
2015-11-09 06:39:00,2015-11-09 06:40:00,132.817,132.807,132.819,132.804,132.842,132.83,132.842,132.826,91
2015-11-09 06:40:00,2015-11-09 06:41:00,132.807,132.794,132.807,132.792,132.83,132.818,132.829,132.815,66
2015-11-09 06:41:00,2015-11-09 06:42:00,132.794,132.806,132.808,132.794,132.818,132.829,132.829,132.818,48
2015-11-09 06:42:00,2015-11-09 06:43:00,132.806,132.805,132.806,132.804,132.829,132.828,132.828,132.827,18
2015-11-09 06:43:00,2015-11-09 06:44:00,132.805,132.831,132.832,132.804,132.828,132.854,132.855,132.826,125
2015-11-09 06:44:00,2015-11-09 06:45:00,132.831,132.803,132.831,132.799,132.854,132.825,132.854,132.821,243
2015-11-09 06:45:00,2015-11-09 06:46:00,132.803,132.803,132.806,132.792,132.825,132.825,132.828,132.813,150
2015-11-09 06:46:00,2015-11-09 06:47:00,132.803,132.793,132.805,132.793,132.825,132.815,132.827,132.815,139
2015-11-09 06:47:00,2015-11-09 06:48:00,132.793,132.784,132.798,132.78,132.815,132.808,132.821,132.803,215
2015-11-09 06:48:00,2015-11-09 06:49:00,132.784,132.792,132.798,132.779,132.808,132.814,132.821,132.803,215
2015-11-09 06:49:00,2015-11-09 06:50:00,132.792,132.789,132.802,132.787,132.814,132.81,132.824,132.809,169
2015-11-09 06:50:00,2015-11-09 06:51:00,132.789,132.777,132.789,132.776,132.81,132.798,132.811,132.797,56
2015-11-09 06:51:00,2015-11-09 06:52:00,132.777,132.771,132.778,132.769,132.798,132.794,132.801,132.792,101
2015-11-09 06:52:00,2015-11-09 06:53:00,132.771,132.764,132.771,132.757,132.794,132.788,132.794,132.777,121
2015-11-09 06:53:00,2015-11-09 06:54:00,132.764,132.774,132.777,132.762,132.788,132.795,132.797,132.783,98
2015-11-09 06:54:00,2015-11-09 06:55:00,132.774,132.763,132.774,132.763,132.795,132.786,132.796,132.786,75
2015-11-09 06:55:00,2015-11-09 06:56:00,132.763,132.777,132.791,132.762,132.786,132.799,132.813,132.785,145
2015-11-09 06:56:00,2015-11-09 06:57:00,132.777,132.795,132.804,132.777,132.799,132.818,132.825,132.799,254
2015-11-09 06:57:00,2015-11-09 06:58:00,132.795,132.793,132.799,132.79,132.818,132.814,132.821,132.813,92
2015-11-09 06:58:00,2015-11-09 06:59:00,132.793,132.79,132.799,132.79,132.814,132.814,132.822,132.813,151
2015-11-09 06:59:00,2015-11-09 07:00:00,132.79,132.798,132.805,132.77,132.814,132.82,132.828,132.792,349
2015-11-09 07:00:00,2015-11-09 07:01:00,132.798,132.845,132.849,132.799,132.82,132.868,132.872,132.82,363
2015-11-09 07:01:00,2015-11-09 07:02:00,132.845,132.83,132.849,132.829,132.868,132.854,132.872,132.852,283
2015-11-09 07:02:00,2015-11-09 07:03:00,132.83,132.821,132.83,132.804,132.854,132.843,132.853,132.826,145
2015-11-09 07:03:00,2015-11-09 07:04:00,132.821,132.79,132.826,132.782,132.843,132.813,132.848,132.803,416
2015-11-09 07:04:00,2015-11-09 07:05:00,132.79,132.806,132.817,132.79,132.813,132.826,132.84,132.812,194
2015-11-09 07:05:00,2015-11-09 07:06:00,132.806,132.812,132.815,132.795,132.826,132.835,132.838,132.817,182
2015-11-09 07:06:00,2015-11-09 07:07:00,132.812,132.805,132.816,132.797,132.835,132.827,132.838,132.819,265
2015-11-09 07:07:00,2015-11-09 07:08:00,132.805,132.798,132.81,132.796,132.827,132.821,132.834,132.818,310
2015-11-09 07:08:00,2015-11-09 07:09:00,132.798,132.819,132.831,132.796,132.821,132.843,132.852,132.819,403
2015-11-09 07:09:00,2015-11-09 07:10:00,132.819,132.809,132.831,132.809,132.843,132.833,132.854,132.832,316
2015-11-09 07:10:00,2015-11-09 07:11:00,132.809,132.787,132.813,132.787,132.833,132.811,132.834,132.81,366
2015-11-09 07:11:00,2015-11-09 07:12:00,132.787,132.794,132.806,132.787,132.811,132.816,132.829,132.81,253
2015-11-09 07:12:00,2015-11-09 07:13:00,132.794,132.768,132.795,132.762,132.816,132.791,132.816,132.784,229
2015-11-09 07:13:00,2015-11-09 07:14:00,132.768,132.736,132.774,132.729,132.791,132.758,132.797,132.753,356
2015-11-09 07:14:00,2015-11-09 07:15:00,132.736,132.732,132.754,132.72,132.758,132.755,132.776,132.742,590
2015-11-09 07:15:00,2015-11-09 07:16:00,132.732,132.725,132.745,132.719,132.755,132.746,132.767,132.742,433
2015-11-09 07:16:00,2015-11-09 07:17:00,132.725,132.733,132.733,132.72,132.746,132.755,132.755,132.739,195
2015-11-09 07:17:00,2015-11-09 07:18:00,132.733,132.721,132.738,132.719,132.755,132.739,132.76,132.738,227
2015-11-09 07:18:00,2015-11-09 07:19:00,132.721,132.712,132.73,132.701,132.739,132.733,132.749,132.721,375
2015-11-09 07:19:00,2015-11-09 07:20:00,132.712,132.746,132.751,132.688,132.733,132.768,132.774,132.708,417
2015-11-09 07:20:00,2015-11-09 07:21:00,132.746,132.729,132.745,132.72,132.768,132.751,132.769,132.743,245
2015-11-09 07:21:00,2015-11-09 07:22:00,132.729,132.722,132.731,132.717,132.751,132.745,132.753,132.74,217
2015-11-09 07:22:00,2015-11-09 07:23:00,132.722,132.732,132.733,132.71,132.745,132.754,132.754,132.734,238
2015-11-09 07:23:00,2015-11-09 07:24:00,132.732,132.733,132.741,132.717,132.754,132.754,132.76,132.737,236
2015-11-09 07:24:00,2015-11-09 07:25:00,132.733,132.75,132.757,132.733,132.754,132.772,132.779,132.753,243
2015-11-09 07:25:00,2015-11-09 07:26:00,132.75,132.753,132.76,132.741,132.772,132.777,132.783,132.765,244
2015-11-09 07:26:00,2015-11-09 07:27:00,132.753,132.787,132.789,132.753,132.777,132.811,132.811,132.776,237
2015-11-09 07:27:00,2015-11-09 07:28:00,132.787,132.841,132.842,132.786,132.811,132.864,132.865,132.81,437
2015-11-09 07:28:00,2015-11-09 07:29:00,132.841,132.843,132.854,132.831,132.864,132.865,132.875,132.851,245
2015-11-09 07:29:00,2015-11-09 07:30:00,132.843,132.843,132.849,132.819,132.865,132.867,132.872,132.841,320
2015-11-09 07:30:00,2015-11-09 07:31:00,132.843,132.827,132.843,132.818,132.867,132.851,132.865,132.839,302
2015-11-09 07:31:00,2015-11-09 07:32:00,132.827,132.812,132.828,132.804,132.851,132.832,132.851,132.826,294
2015-11-09 07:32:00,2015-11-09 07:33:00,132.812,132.825,132.836,132.804,132.832,132.847,132.857,132.824,280
2015-11-09 07:33:00,2015-11-09 07:34:00,132.825,132.823,132.841,132.822,132.847,132.845,132.863,132.845,237
2015-11-09 07:34:00,2015-11-09 07:35:00,132.823,132.802,132.823,132.787,132.845,132.824,132.845,132.81,350
2015-11-09 07:35:00,2015-11-09 07:36:00,132.802,132.828,132.842,132.789,132.824,132.852,132.864,132.809,412
2015-11-09 07:36:00,2015-11-09 07:37:00,132.828,132.84,132.858,132.82,132.852,132.862,132.878,132.844,486
2015-11-09 07:37:00,2015-11-09 07:38:00,132.84,132.867,132.87,132.836,132.862,132.89,132.89,132.858,274
2015-11-09 07:38:00,2015-11-09 07:39:00,132.867,132.832,132.903,132.832,132.89,132.855,132.925,132.855,473
2015-11-09 07:39:00,2015-11-09 07:40:00,132.832,132.843,132.844,132.808,132.855,132.863,132.863,132.83,250
2015-11-09 07:40:00,2015-11-09 07:41:00,132.843,132.829,132.851,132.823,132.863,132.851,132.873,132.845,443
2015-11-09 07:41:00,2015-11-09 07:42:00,132.829,132.817,132.83,132.804,132.851,132.837,132.851,132.825,234
2015-11-09 07:42:00,2015-11-09 07:43:00,132.817,132.827,132.844,132.813,132.837,132.85,132.868,132.837,436
2015-11-09 07:43:00,2015-11-09 07:44:00,132.827,132.799,132.827,132.799,132.85,132.819,132.85,132.819,189
2015-11-09 07:44:00,2015-11-09 07:45:00,132.799,132.794,132.803,132.784,132.819,132.817,132.826,132.806,307
2015-11-09 07:45:00,2015-11-09 07:46:00,132.794,132.82,132.826,132.793,132.817,132.843,132.848,132.817,253
2015-11-09 07:46:00,2015-11-09 07:47:00,132.82,132.837,132.846,132.813,132.843,132.859,132.866,132.837,239
2015-11-09 07:47:00,2015-11-09 07:48:00,132.837,132.827,132.838,132.824,132.859,132.85,132.861,132.846,191
2015-11-09 07:48:00,2015-11-09 07:49:00,132.827,132.843,132.851,132.816,132.85,132.866,132.871,132.838,381
2015-11-09 07:49:00,2015-11-09 07:50:00,132.843,132.848,132.858,132.835,132.866,132.87,132.88,132.857,347
2015-11-09 07:50:00,2015-11-09 07:51:00,132.848,132.87,132.884,132.818,132.87,132.892,132.907,132.84,472
2015-11-09 07:51:00,2015-11-09 07:52:00,132.87,132.858,132.87,132.847,132.892,132.882,132.893,132.869,407
2015-11-09 07:52:00,2015-11-09 07:53:00,132.858,132.853,132.871,132.849,132.882,132.876,132.894,132.871,299
2015-11-09 07:53:00,2015-11-09 07:54:00,132.853,132.902,132.919,132.853,132.876,132.923,132.942,132.877,448
2015-11-09 07:54:00,2015-11-09 07:55:00,132.902,132.902,132.906,132.885,132.923,132.923,132.927,132.907,309
2015-11-09 07:55:00,2015-11-09 07:56:00,132.902,132.897,132.914,132.86,132.923,132.916,132.935,132.884,467
2015-11-09 07:56:00,2015-11-09 07:57:00,132.897,132.865,132.897,132.864,132.916,132.888,132.918,132.886,317
2015-11-09 07:57:00,2015-11-09 07:58:00,132.865,132.857,132.872,132.856,132.888,132.879,132.895,132.878,304
2015-11-09 07:58:00,2015-11-09 07:59:00,132.857,132.806,132.857,132.806,132.879,132.83,132.878,132.829,463
2015-11-09 07:59:00,2015-11-09 08:00:00,132.806,132.833,132.848,132.795,132.83,132.857,132.873,132.818,493
2015-11-09 08:00:00,2015-11-09 08:01:00,132.833,132.826,132.833,132.805,132.857,132.847,132.857,132.829,475
2015-11-09 08:01:00,2015-11-09 08:02:00,132.826,132.858,132.873,132.823,132.847,132.882,132.895,132.846,579
2015-11-09 08:02:00,2015-11-09 08:03:00,132.858,132.85,132.88,132.842,132.882,132.871,132.904,132.864,452
2015-11-09 08:03:00,2015-11-09 08:04:00,132.85,132.855,132.885,132.848,132.871,132.878,132.906,132.869,431
2015-11-09 08:04:00,2015-11-09 08:05:00,132.855,132.868,132.877,132.843,132.878,132.891,132.897,132.868,495
2015-11-09 08:05:00,2015-11-09 08:06:00,132.868,132.878,132.89,132.869,132.891,132.899,132.914,132.891,414
2015-11-09 08:06:00,2015-11-09 08:07:00,132.878,132.866,132.888,132.859,132.899,132.889,132.909,132.881,305
2015-11-09 08:07:00,2015-11-09 08:08:00,132.866,132.862,132.875,132.86,132.889,132.886,132.897,132.883,256
2015-11-09 08:08:00,2015-11-09 08:09:00,132.862,132.841,132.863,132.832,132.886,132.865,132.885,132.856,411
2015-11-09 08:09:00,2015-11-09 08:10:00,132.841,132.836,132.856,132.832,132.865,132.858,132.88,132.853,316
2015-11-09 08:10:00,2015-11-09 08:11:00,132.836,132.882,132.885,132.836,132.858,132.904,132.905,132.859,506
2015-11-09 08:11:00,2015-11-09 08:12:00,132.882,132.868,132.882,132.86,132.904,132.892,132.905,132.881,283
2015-11-09 08:12:00,2015-11-09 08:13:00,132.868,132.877,132.883,132.861,132.892,132.894,132.903,132.885,323
2015-11-09 08:13:00,2015-11-09 08:14:00,132.877,132.86,132.879,132.86,132.894,132.883,132.901,132.883,293
2015-11-09 08:14:00,2015-11-09 08:15:00,132.86,132.866,132.872,132.854,132.883,132.889,132.895,132.879,358
2015-11-09 08:15:00,2015-11-09 08:16:00,132.866,132.871,132.876,132.862,132.889,132.893,132.899,132.885,257
2015-11-09 08:16:00,2015-11-09 08:17:00,132.871,132.856,132.878,132.853,132.893,132.878,132.9,132.876,374
2015-11-09 08:17:00,2015-11-09 08:18:00,132.856,132.855,132.862,132.848,132.878,132.879,132.885,132.872,237
2015-11-09 08:18:00,2015-11-09 08:19:00,132.855,132.88,132.882,132.855,132.879,132.904,132.906,132.879,164
2015-11-09 08:19:00,2015-11-09 08:20:00,132.88,132.875,132.885,132.871,132.904,132.897,132.907,132.894,209
2015-11-09 08:20:00,2015-11-09 08:21:00,132.875,132.885,132.897,132.872,132.897,132.908,132.919,132.895,480
2015-11-09 08:21:00,2015-11-09 08:22:00,132.885,132.889,132.892,132.877,132.908,132.912,132.915,132.899,357
2015-11-09 08:22:00,2015-11-09 08:23:00,132.889,132.884,132.895,132.88,132.912,132.907,132.917,132.904,244
2015-11-09 08:23:00,2015-11-09 08:24:00,132.884,132.889,132.893,132.873,132.907,132.909,132.916,132.896,198
2015-11-09 08:24:00,2015-11-09 08:25:00,132.889,132.889,132.899,132.878,132.909,132.912,132.921,132.902,429
2015-11-09 08:25:00,2015-11-09 08:26:00,132.889,132.897,132.902,132.877,132.912,132.918,132.924,132.9,219
2015-11-09 08:26:00,2015-11-09 08:27:00,132.897,132.894,132.904,132.889,132.918,132.917,132.925,132.912,213
2015-11-09 08:27:00,2015-11-09 08:28:00,132.894,132.898,132.904,132.889,132.917,132.919,132.925,132.911,225
2015-11-09 08:28:00,2015-11-09 08:29:00,132.898,132.907,132.908,132.886,132.919,132.928,132.928,132.909,287
2015-11-09 08:29:00,2015-11-09 08:30:00,132.907,132.909,132.928,132.904,132.928,132.931,132.949,132.925,314
2015-11-09 08:30:00,2015-11-09 08:31:00,132.909,132.901,132.912,132.901,132.931,132.921,132.935,132.921,242
2015-11-09 08:31:00,2015-11-09 08:32:00,132.901,132.893,132.903,132.887,132.921,132.916,132.924,132.908,271
2015-11-09 08:32:00,2015-11-09 08:33:00,132.893,132.901,132.914,132.893,132.916,132.923,132.936,132.917,303
2015-11-09 08:33:00,2015-11-09 08:34:00,132.901,132.914,132.924,132.896,132.923,132.935,132.946,132.918,363
2015-11-09 08:34:00,2015-11-09 08:35:00,132.914,132.938,132.953,132.903,132.935,132.96,132.972,132.925,360
2015-11-09 08:35:00,2015-11-09 08:36:00,132.938,132.947,132.968,132.928,132.96,132.97,132.987,132.949,419
2015-11-09 08:36:00,2015-11-09 08:37:00,132.947,132.968,132.992,132.939,132.97,132.991,133.01,132.96,405
2015-11-09 08:37:00,2015-11-09 08:38:00,132.968,132.979,132.982,132.964,132.991,133.002,133.005,132.988,476
2015-11-09 08:38:00,2015-11-09 08:39:00,132.979,133.006,133.006,132.958,133.002,133.029,133.029,132.981,485
2015-11-09 08:39:00,2015-11-09 08:40:00,133.006,133.032,133.046,133.006,133.029,133.053,133.067,133.028,527
2015-11-09 08:40:00,2015-11-09 08:41:00,133.032,133.024,133.042,133.017,133.053,133.048,133.064,133.039,440
2015-11-09 08:41:00,2015-11-09 08:42:00,133.024,133.002,133.024,132.992,133.048,133.025,133.046,133.015,209
2015-11-09 08:42:00,2015-11-09 08:43:00,133.002,132.962,133.001,132.958,133.025,132.984,133.025,132.978,255
2015-11-09 08:43:00,2015-11-09 08:44:00,132.962,132.973,132.977,132.95,132.984,132.993,132.997,132.971,308
2015-11-09 08:44:00,2015-11-09 08:45:00,132.973,132.93,132.973,132.93,132.993,132.953,132.992,132.952,373
2015-11-09 08:45:00,2015-11-09 08:46:00,132.93,132.931,132.932,132.917,132.953,132.954,132.956,132.939,273
2015-11-09 08:46:00,2015-11-09 08:47:00,132.931,132.927,132.934,132.919,132.954,132.95,132.956,132.94,206
2015-11-09 08:47:00,2015-11-09 08:48:00,132.927,132.941,132.945,132.924,132.95,132.964,132.969,132.945,504
2015-11-09 08:48:00,2015-11-09 08:49:00,132.941,132.934,132.956,132.925,132.964,132.956,132.978,132.947,404
2015-11-09 08:49:00,2015-11-09 08:50:00,132.934,132.93,132.938,132.924,132.956,132.951,132.958,132.945,279
2015-11-09 08:50:00,2015-11-09 08:51:00,132.93,132.928,132.941,132.922,132.951,132.945,132.96,132.941,250
2015-11-09 08:51:00,2015-11-09 08:52:00,132.928,132.91,132.929,132.897,132.945,132.932,132.947,132.919,247
2015-11-09 08:52:00,2015-11-09 08:53:00,132.91,132.865,132.909,132.86,132.932,132.888,132.932,132.883,397
2015-11-09 08:53:00,2015-11-09 08:54:00,132.865,132.844,132.871,132.843,132.888,132.866,132.893,132.863,363
2015-11-09 08:54:00,2015-11-09 08:55:00,132.844,132.852,132.871,132.844,132.866,132.875,132.893,132.867,395
2015-11-09 08:55:00,2015-11-09 08:56:00,132.852,132.876,132.878,132.841,132.875,132.898,132.902,132.865,465
2015-11-09 08:56:00,2015-11-09 08:57:00,132.876,132.872,132.881,132.861,132.898,132.894,132.904,132.884,335
2015-11-09 08:57:00,2015-11-09 08:58:00,132.872,132.891,132.899,132.87,132.894,132.914,132.923,132.893,319
2015-11-09 08:58:00,2015-11-09 08:59:00,132.891,132.873,132.904,132.873,132.914,132.895,132.926,132.895,388
2015-11-09 08:59:00,2015-11-09 09:00:00,132.873,132.867,132.888,132.866,132.895,132.888,132.909,132.888,451
2015-11-09 09:00:00,2015-11-09 09:01:00,132.867,132.866,132.877,132.849,132.888,132.887,132.901,132.872,391
2015-11-09 09:01:00,2015-11-09 09:02:00,132.866,132.857,132.868,132.847,132.887,132.881,132.89,132.87,481
2015-11-09 09:02:00,2015-11-09 09:03:00,132.857,132.873,132.878,132.858,132.881,132.896,132.902,132.881,351
2015-11-09 09:03:00,2015-11-09 09:04:00,132.873,132.89,132.894,132.848,132.896,132.912,132.916,132.871,435
2015-11-09 09:04:00,2015-11-09 09:05:00,132.89,132.892,132.904,132.884,132.912,132.912,132.924,132.907,394
2015-11-09 09:05:00,2015-11-09 09:06:00,132.892,132.922,132.926,132.891,132.912,132.943,132.947,132.911,283
2015-11-09 09:06:00,2015-11-09 09:07:00,132.922,132.902,132.932,132.901,132.943,132.923,132.952,132.92,317
2015-11-09 09:07:00,2015-11-09 09:08:00,132.902,132.892,132.911,132.891,132.923,132.911,132.929,132.911,167
2015-11-09 09:08:00,2015-11-09 09:09:00,132.892,132.898,132.908,132.892,132.911,132.921,132.93,132.911,216
2015-11-09 09:09:00,2015-11-09 09:10:00,132.898,132.903,132.916,132.891,132.921,132.927,132.94,132.915,355
2015-11-09 09:10:00,2015-11-09 09:11:00,132.903,132.916,132.92,132.903,132.927,132.938,132.942,132.925,346
2015-11-09 09:11:00,2015-11-09 09:12:00,132.916,132.915,132.919,132.901,132.938,132.938,132.94,132.922,309
2015-11-09 09:12:00,2015-11-09 09:13:00,132.915,132.888,132.918,132.878,132.938,132.91,132.941,132.896,327
2015-11-09 09:13:00,2015-11-09 09:14:00,132.888,132.891,132.896,132.879,132.91,132.911,132.915,132.9,217
2015-11-09 09:14:00,2015-11-09 09:15:00,132.891,132.933,132.942,132.89,132.911,132.954,132.965,132.911,396
2015-11-09 09:15:00,2015-11-09 09:16:00,132.933,132.991,132.999,132.929,132.954,133.013,133.021,132.95,783
2015-11-09 09:16:00,2015-11-09 09:17:00,132.991,133.05,133.051,132.989,133.013,133.072,133.072,133.012,400
2015-11-09 09:17:00,2015-11-09 09:18:00,133.05,133.051,133.07,133.045,133.072,133.073,133.092,133.069,459
2015-11-09 09:18:00,2015-11-09 09:19:00,133.051,133.066,133.066,133.038,133.073,133.089,133.089,133.06,217
2015-11-09 09:19:00,2015-11-09 09:20:00,133.066,133.078,133.078,133.053,133.089,133.099,133.099,133.076,306
2015-11-09 09:20:00,2015-11-09 09:21:00,133.078,133.054,133.077,133.053,133.099,133.076,133.099,133.076,205
2015-11-09 09:21:00,2015-11-09 09:22:00,133.054,133.069,133.091,133.047,133.076,133.091,133.114,133.07,304
2015-11-09 09:22:00,2015-11-09 09:23:00,133.069,133.139,133.141,133.07,133.091,133.16,133.162,133.091,396
2015-11-09 09:23:00,2015-11-09 09:24:00,133.139,133.132,133.151,133.119,133.16,133.156,133.172,133.14,382
2015-11-09 09:24:00,2015-11-09 09:25:00,133.132,133.097,133.134,133.095,133.156,133.118,133.156,133.118,274
2015-11-09 09:25:00,2015-11-09 09:26:00,133.097,133.114,133.132,133.095,133.118,133.138,133.153,133.118,341
2015-11-09 09:26:00,2015-11-09 09:27:00,133.114,133.114,133.12,133.101,133.138,133.138,133.142,133.124,277
2015-11-09 09:27:00,2015-11-09 09:28:00,133.114,133.111,133.118,133.105,133.138,133.136,133.141,133.13,257
2015-11-09 09:28:00,2015-11-09 09:29:00,133.111,133.084,133.12,133.084,133.136,133.105,133.143,133.105,423
2015-11-09 09:29:00,2015-11-09 09:30:00,133.084,133.085,133.1,133.084,133.105,133.104,133.123,133.104,240
2015-11-09 09:30:00,2015-11-09 09:31:00,133.085,133.101,133.101,133.07,133.104,133.122,133.122,133.091,279
2015-11-09 09:31:00,2015-11-09 09:32:00,133.101,133.112,133.126,133.102,133.122,133.136,133.148,133.122,343
2015-11-09 09:32:00,2015-11-09 09:33:00,133.112,133.116,133.12,133.11,133.136,133.139,133.143,133.135,159
2015-11-09 09:33:00,2015-11-09 09:34:00,133.116,133.107,133.126,133.106,133.139,133.131,133.148,133.131,235
2015-11-09 09:34:00,2015-11-09 09:35:00,133.107,133.104,133.116,133.101,133.131,133.127,133.138,133.123,349
2015-11-09 09:35:00,2015-11-09 09:36:00,133.104,133.106,133.125,133.085,133.127,133.128,133.147,133.106,444
2015-11-09 09:36:00,2015-11-09 09:37:00,133.106,133.058,133.107,133.058,133.128,133.079,133.129,133.079,286
2015-11-09 09:37:00,2015-11-09 09:38:00,133.058,133.099,133.099,133.056,133.079,133.12,133.121,133.079,265
2015-11-09 09:38:00,2015-11-09 09:39:00,133.099,133.078,133.118,133.078,133.12,133.101,133.139,133.101,400
2015-11-09 09:39:00,2015-11-09 09:40:00,133.078,133.061,133.093,133.053,133.101,133.083,133.116,133.075,373
2015-11-09 09:40:00,2015-11-09 09:41:00,133.061,133.08,133.083,133.059,133.083,133.102,133.107,133.083,370
2015-11-09 09:41:00,2015-11-09 09:42:00,133.08,133.077,133.086,133.067,133.102,133.1,133.108,133.09,225
2015-11-09 09:42:00,2015-11-09 09:43:00,133.077,133.086,133.092,133.076,133.1,133.107,133.112,133.099,252
2015-11-09 09:43:00,2015-11-09 09:44:00,133.086,133.09,133.098,133.084,133.107,133.113,133.119,133.106,209
2015-11-09 09:44:00,2015-11-09 09:45:00,133.09,133.108,133.11,133.083,133.113,133.131,133.131,133.104,204
2015-11-09 09:45:00,2015-11-09 09:46:00,133.108,133.088,133.108,133.081,133.131,133.109,133.13,133.104,209
2015-11-09 09:46:00,2015-11-09 09:47:00,133.088,133.083,133.093,133.08,133.109,133.104,133.117,133.1,220
2015-11-09 09:47:00,2015-11-09 09:48:00,133.083,133.053,133.087,133.05,133.104,133.077,133.11,133.072,256
2015-11-09 09:48:00,2015-11-09 09:49:00,133.053,133.056,133.057,133.039,133.077,133.078,133.08,133.062,183
2015-11-09 09:49:00,2015-11-09 09:50:00,133.056,133.057,133.073,133.053,133.078,133.079,133.095,133.074,222
2015-11-09 09:50:00,2015-11-09 09:51:00,133.057,133.051,133.061,133.046,133.079,133.076,133.083,133.068,313
2015-11-09 09:51:00,2015-11-09 09:52:00,133.051,133.035,133.052,133.027,133.076,133.058,133.077,133.048,258
2015-11-09 09:52:00,2015-11-09 09:53:00,133.035,133.013,133.04,133.01,133.058,133.036,133.061,133.034,209
2015-11-09 09:53:00,2015-11-09 09:54:00,133.013,133.01,133.023,132.996,133.036,133.033,133.045,133.018,214
2015-11-09 09:54:00,2015-11-09 09:55:00,133.01,133.013,133.027,133.01,133.033,133.036,133.047,133.034,210
2015-11-09 09:55:00,2015-11-09 09:56:00,133.013,133.037,133.037,133.003,133.036,133.059,133.059,133.026,246
2015-11-09 09:56:00,2015-11-09 09:57:00,133.037,133.037,133.049,133.029,133.059,133.061,133.074,133.051,299
2015-11-09 09:57:00,2015-11-09 09:58:00,133.037,133.021,133.04,133.011,133.061,133.045,133.062,133.032,271
2015-11-09 09:58:00,2015-11-09 09:59:00,133.021,133.049,133.051,133.021,133.045,133.068,133.071,133.045,220
2015-11-09 09:59:00,2015-11-09 10:00:00,133.049,133.048,133.074,133.046,133.068,133.07,133.089,133.068,346
2015-11-09 10:00:00,2015-11-09 10:01:00,133.048,133.03,133.054,133.028,133.07,133.053,133.079,133.051,213
2015-11-09 10:01:00,2015-11-09 10:02:00,133.03,133.06,133.061,133.028,133.053,133.081,133.083,133.049,202
2015-11-09 10:02:00,2015-11-09 10:03:00,133.06,133.052,133.068,133.049,133.081,133.073,133.09,133.067,274
2015-11-09 10:03:00,2015-11-09 10:04:00,133.052,133.047,133.068,133.045,133.073,133.069,133.088,133.066,339
2015-11-09 10:04:00,2015-11-09 10:05:00,133.047,133.031,133.053,133.03,133.069,133.055,133.074,133.052,282
2015-11-09 10:05:00,2015-11-09 10:06:00,133.031,133.023,133.033,133.022,133.055,133.044,133.055,133.044,110
2015-11-09 10:06:00,2015-11-09 10:07:00,133.023,133.022,133.033,133.017,133.044,133.044,133.052,133.038,158
2015-11-09 10:07:00,2015-11-09 10:08:00,133.022,133.012,133.022,133.012,133.044,133.034,133.044,133.033,176
2015-11-09 10:08:00,2015-11-09 10:09:00,133.012,133.01,133.017,133.01,133.034,133.032,133.041,133.032,108
2015-11-09 10:09:00,2015-11-09 10:10:00,133.01,132.988,133.012,132.988,133.032,133.008,133.034,133.008,185
2015-11-09 10:10:00,2015-11-09 10:11:00,132.988,132.989,132.993,132.985,133.008,133.009,133.014,133.005,194
2015-11-09 10:11:00,2015-11-09 10:12:00,132.989,133.013,133.015,132.99,133.009,133.035,133.038,133.009,343
2015-11-09 10:12:00,2015-11-09 10:13:00,133.013,133.018,133.021,133.0,133.035,133.04,133.043,133.021,326
2015-11-09 10:13:00,2015-11-09 10:14:00,133.018,133.016,133.022,133.014,133.04,133.038,133.045,133.035,134
2015-11-09 10:14:00,2015-11-09 10:15:00,133.016,132.988,133.016,132.988,133.038,133.009,133.039,133.009,269
2015-11-09 10:15:00,2015-11-09 10:16:00,132.988,132.994,133.0,132.982,133.009,133.015,133.019,133.002,207
2015-11-09 10:16:00,2015-11-09 10:17:00,132.994,133.009,133.011,132.991,133.015,133.031,133.032,133.009,171
2015-11-09 10:17:00,2015-11-09 10:18:00,133.009,133.002,133.019,133.0,133.031,133.025,133.04,133.022,254
2015-11-09 10:18:00,2015-11-09 10:19:00,133.002,133.024,133.026,133.001,133.025,133.045,133.049,133.024,230
2015-11-09 10:19:00,2015-11-09 10:20:00,133.024,133.009,133.024,133.009,133.045,133.028,133.047,133.027,168
2015-11-09 10:20:00,2015-11-09 10:21:00,133.009,133.002,133.013,132.991,133.028,133.023,133.035,133.013,223
2015-11-09 10:21:00,2015-11-09 10:22:00,133.002,132.995,133.004,132.993,133.023,133.016,133.026,133.012,133
2015-11-09 10:22:00,2015-11-09 10:23:00,132.995,133.024,133.025,132.989,133.016,133.047,133.048,133.008,226
2015-11-09 10:23:00,2015-11-09 10:24:00,133.024,133.08,133.088,133.021,133.047,133.102,133.11,133.043,462
2015-11-09 10:24:00,2015-11-09 10:25:00,133.08,133.082,133.088,133.067,133.102,133.104,133.11,133.088,322
2015-11-09 10:25:00,2015-11-09 10:26:00,133.082,133.067,133.089,133.059,133.104,133.088,133.108,133.081,251
2015-11-09 10:26:00,2015-11-09 10:27:00,133.067,133.083,133.097,133.064,133.088,133.106,133.118,133.087,181
2015-11-09 10:27:00,2015-11-09 10:28:00,133.083,133.077,133.088,133.06,133.106,133.094,133.11,133.081,289
2015-11-09 10:28:00,2015-11-09 10:29:00,133.077,133.117,133.135,133.064,133.094,133.142,133.157,133.086,580
2015-11-09 10:29:00,2015-11-09 10:30:00,133.117,133.114,133.119,133.102,133.142,133.135,133.142,133.125,306
2015-11-09 10:30:00,2015-11-09 10:31:00,133.114,133.101,133.116,133.097,133.135,133.122,133.137,133.118,256
2015-11-09 10:31:00,2015-11-09 10:32:00,133.101,133.091,133.1,133.071,133.122,133.114,133.122,133.09,245
2015-11-09 10:32:00,2015-11-09 10:33:00,133.091,133.097,133.104,133.079,133.114,133.118,133.126,133.101,356
2015-11-09 10:33:00,2015-11-09 10:34:00,133.097,133.086,133.101,133.083,133.118,133.11,133.123,133.105,374
2015-11-09 10:34:00,2015-11-09 10:35:00,133.086,133.102,133.111,133.086,133.11,133.124,133.13,133.105,391
2015-11-09 10:35:00,2015-11-09 10:36:00,133.102,133.091,133.102,133.077,133.124,133.11,133.123,133.096,421
2015-11-09 10:36:00,2015-11-09 10:37:00,133.091,133.087,133.1,133.085,133.11,133.105,133.12,133.102,270
2015-11-09 10:37:00,2015-11-09 10:38:00,133.087,133.087,133.107,133.074,133.105,133.109,133.128,133.097,415
2015-11-09 10:38:00,2015-11-09 10:39:00,133.087,133.117,133.126,133.072,133.109,133.138,133.147,133.093,573
2015-11-09 10:39:00,2015-11-09 10:40:00,133.117,133.083,133.117,133.056,133.138,133.105,133.139,133.076,673
2015-11-09 10:40:00,2015-11-09 10:41:00,133.083,133.055,133.098,133.049,133.105,133.078,133.121,133.072,497
2015-11-09 10:41:00,2015-11-09 10:42:00,133.055,133.042,133.058,133.029,133.078,133.065,133.08,133.051,338
2015-11-09 10:42:00,2015-11-09 10:43:00,133.042,133.043,133.06,133.028,133.065,133.067,133.084,133.051,387
2015-11-09 10:43:00,2015-11-09 10:44:00,133.043,133.068,133.068,133.038,133.067,133.091,133.092,133.06,346
2015-11-09 10:44:00,2015-11-09 10:45:00,133.068,133.061,133.068,133.05,133.091,133.083,133.092,133.072,258
2015-11-09 10:45:00,2015-11-09 10:46:00,133.061,133.089,133.097,133.057,133.083,133.113,133.121,133.081,305
2015-11-09 10:46:00,2015-11-09 10:47:00,133.089,133.088,133.1,133.075,133.113,133.11,133.123,133.098,353
2015-11-09 10:47:00,2015-11-09 10:48:00,133.088,133.082,133.093,133.08,133.11,133.105,133.116,133.103,213
2015-11-09 10:48:00,2015-11-09 10:49:00,133.082,133.086,133.089,133.073,133.105,133.108,133.113,133.095,252
2015-11-09 10:49:00,2015-11-09 10:50:00,133.086,133.075,133.086,133.065,133.108,133.096,133.11,133.088,334
2015-11-09 10:50:00,2015-11-09 10:51:00,133.075,133.082,133.087,133.061,133.096,133.105,133.109,133.083,295
2015-11-09 10:51:00,2015-11-09 10:52:00,133.082,133.055,133.085,133.049,133.105,133.076,133.107,133.073,294
2015-11-09 10:52:00,2015-11-09 10:53:00,133.055,133.038,133.061,133.038,133.076,133.058,133.084,133.058,292
2015-11-09 10:53:00,2015-11-09 10:54:00,133.038,133.034,133.047,133.03,133.058,133.056,133.07,133.052,419
2015-11-09 10:54:00,2015-11-09 10:55:00,133.034,133.036,133.047,133.032,133.056,133.059,133.068,133.054,255
2015-11-09 10:55:00,2015-11-09 10:56:00,133.036,133.043,133.045,133.003,133.059,133.063,133.066,133.025,390
2015-11-09 10:56:00,2015-11-09 10:57:00,133.043,133.06,133.062,133.014,133.063,133.084,133.085,133.035,367
2015-11-09 10:57:00,2015-11-09 10:58:00,133.06,133.03,133.059,133.025,133.084,133.053,133.084,133.047,304
2015-11-09 10:58:00,2015-11-09 10:59:00,133.03,133.024,133.061,133.014,133.053,133.049,133.083,133.035,513
2015-11-09 10:59:00,2015-11-09 11:00:00,133.024,133.02,133.027,133.01,133.049,133.044,133.05,133.031,369
2015-11-09 11:00:00,2015-11-09 11:01:00,133.02,133.024,133.036,133.02,133.044,133.045,133.056,133.044,152
2015-11-09 11:01:00,2015-11-09 11:02:00,133.024,133.026,133.031,133.007,133.045,133.048,133.052,133.031,430
2015-11-09 11:02:00,2015-11-09 11:03:00,133.026,132.984,133.026,132.982,133.048,133.009,133.047,133.004,510
2015-11-09 11:03:00,2015-11-09 11:04:00,132.984,133.019,133.019,132.98,133.009,133.043,133.043,133.003,390
2015-11-09 11:04:00,2015-11-09 11:05:00,133.019,132.978,133.02,132.971,133.043,133.001,133.044,132.993,384
2015-11-09 11:05:00,2015-11-09 11:06:00,132.978,132.99,132.998,132.978,133.001,133.013,133.023,132.999,268
2015-11-09 11:06:00,2015-11-09 11:07:00,132.99,132.985,132.999,132.956,133.013,133.008,133.022,132.979,425
2015-11-09 11:07:00,2015-11-09 11:08:00,132.985,132.953,132.984,132.952,133.008,132.976,133.008,132.975,270
2015-11-09 11:08:00,2015-11-09 11:09:00,132.953,132.973,132.974,132.952,132.976,132.997,132.997,132.974,253
2015-11-09 11:09:00,2015-11-09 11:10:00,132.973,132.993,132.993,132.963,132.997,133.014,133.015,132.986,280
2015-11-09 11:10:00,2015-11-09 11:11:00,132.993,133.0,133.005,132.991,133.014,133.023,133.028,133.012,219
2015-11-09 11:11:00,2015-11-09 11:12:00,133.0,132.999,133.005,132.979,133.023,133.021,133.027,133.0,316
2015-11-09 11:12:00,2015-11-09 11:13:00,132.999,133.002,133.023,132.999,133.021,133.026,133.044,133.022,194
2015-11-09 11:13:00,2015-11-09 11:14:00,133.002,133.001,133.021,132.999,133.026,133.022,133.044,133.02,149
2015-11-09 11:14:00,2015-11-09 11:15:00,133.001,132.978,133.004,132.977,133.022,133.0,133.025,133.0,162
2015-11-09 11:15:00,2015-11-09 11:16:00,132.978,132.983,132.989,132.97,133.0,133.005,133.011,132.992,187
2015-11-09 11:16:00,2015-11-09 11:17:00,132.983,132.968,132.99,132.967,133.005,132.99,133.013,132.989,218
2015-11-09 11:17:00,2015-11-09 11:18:00,132.968,132.968,132.985,132.961,132.99,132.989,133.007,132.985,242
2015-11-09 11:18:00,2015-11-09 11:19:00,132.968,132.97,132.973,132.962,132.989,132.992,132.995,132.986,129
2015-11-09 11:19:00,2015-11-09 11:20:00,132.97,132.961,132.968,132.943,132.992,132.982,132.992,132.965,233
2015-11-09 11:20:00,2015-11-09 11:21:00,132.961,132.954,132.98,132.953,132.982,132.975,133.0,132.975,246
2015-11-09 11:21:00,2015-11-09 11:22:00,132.954,132.944,132.959,132.936,132.975,132.965,132.98,132.958,289
2015-11-09 11:22:00,2015-11-09 11:23:00,132.944,132.958,132.959,132.94,132.965,132.98,132.98,132.963,144
2015-11-09 11:23:00,2015-11-09 11:24:00,132.958,132.934,132.958,132.934,132.98,132.956,132.979,132.956,247
2015-11-09 11:24:00,2015-11-09 11:25:00,132.934,132.92,132.936,132.914,132.956,132.943,132.956,132.936,244
2015-11-09 11:25:00,2015-11-09 11:26:00,132.92,132.927,132.939,132.92,132.943,132.948,132.961,132.942,314
2015-11-09 11:26:00,2015-11-09 11:27:00,132.927,132.941,132.946,132.923,132.948,132.963,132.97,132.945,292
2015-11-09 11:27:00,2015-11-09 11:28:00,132.941,132.972,132.999,132.94,132.963,132.992,133.022,132.963,522
2015-11-09 11:28:00,2015-11-09 11:29:00,132.972,132.963,132.977,132.954,132.992,132.982,132.999,132.975,332
2015-11-09 11:29:00,2015-11-09 11:30:00,132.963,132.967,132.97,132.937,132.982,132.989,132.992,132.957,222
2015-11-09 11:30:00,2015-11-09 11:31:00,132.967,133.021,133.026,132.964,132.989,133.043,133.05,132.984,501
2015-11-09 11:31:00,2015-11-09 11:32:00,133.021,133.047,133.053,133.016,133.043,133.069,133.075,133.035,363
2015-11-09 11:32:00,2015-11-09 11:33:00,133.047,133.086,133.094,133.037,133.069,133.109,133.116,133.06,599
2015-11-09 11:33:00,2015-11-09 11:34:00,133.086,133.128,133.132,133.085,133.109,133.15,133.153,133.107,467
2015-11-09 11:34:00,2015-11-09 11:35:00,133.128,133.101,133.135,133.074,133.15,133.121,133.157,133.097,635
2015-11-09 11:35:00,2015-11-09 11:36:00,133.101,133.096,133.101,133.084,133.121,133.118,133.122,133.106,307
2015-11-09 11:36:00,2015-11-09 11:37:00,133.096,133.081,133.096,133.079,133.118,133.105,133.118,133.101,179
2015-11-09 11:37:00,2015-11-09 11:38:00,133.081,133.075,133.095,133.075,133.105,133.099,133.116,133.098,278
2015-11-09 11:38:00,2015-11-09 11:39:00,133.075,133.075,133.084,133.07,133.099,133.097,133.105,133.092,173
2015-11-09 11:39:00,2015-11-09 11:40:00,133.075,133.07,133.08,133.062,133.097,133.093,133.101,133.084,241
2015-11-09 11:40:00,2015-11-09 11:41:00,133.07,133.075,133.084,133.067,133.093,133.095,133.103,133.09,138
2015-11-09 11:41:00,2015-11-09 11:42:00,133.075,133.106,133.112,133.075,133.095,133.127,133.135,133.096,153
2015-11-09 11:42:00,2015-11-09 11:43:00,133.106,133.101,133.112,133.092,133.127,133.126,133.134,133.115,390
2015-11-09 11:43:00,2015-11-09 11:44:00,133.101,133.071,133.101,133.07,133.126,133.093,133.125,133.093,288
2015-11-09 11:44:00,2015-11-09 11:45:00,133.071,133.081,133.086,133.071,133.093,133.105,133.108,133.093,455
2015-11-09 11:45:00,2015-11-09 11:46:00,133.081,133.062,133.081,133.057,133.105,133.086,133.104,133.082,283
2015-11-09 11:46:00,2015-11-09 11:47:00,133.062,133.052,133.07,133.048,133.086,133.075,133.092,133.069,164
2015-11-09 11:47:00,2015-11-09 11:48:00,133.052,133.071,133.082,133.051,133.075,133.091,133.104,133.074,225
2015-11-09 11:48:00,2015-11-09 11:49:00,133.071,133.068,133.073,133.06,133.091,133.092,133.096,133.081,155
2015-11-09 11:49:00,2015-11-09 11:50:00,133.068,133.062,133.078,133.054,133.092,133.084,133.1,133.076,257
2015-11-09 11:50:00,2015-11-09 11:51:00,133.062,133.051,133.065,133.051,133.084,133.073,133.087,133.073,76
2015-11-09 11:51:00,2015-11-09 11:52:00,133.051,133.04,133.059,133.03,133.073,133.064,133.08,133.053,149
2015-11-09 11:52:00,2015-11-09 11:53:00,133.04,133.045,133.051,133.038,133.064,133.068,133.074,133.061,187
2015-11-09 11:53:00,2015-11-09 11:54:00,133.045,133.062,133.066,133.044,133.068,133.085,133.088,133.063,351
2015-11-09 11:54:00,2015-11-09 11:55:00,133.062,133.064,133.074,133.054,133.085,133.086,133.097,133.075,331
2015-11-09 11:55:00,2015-11-09 11:56:00,133.064,133.061,133.065,133.048,133.086,133.084,133.087,133.07,220
2015-11-09 11:56:00,2015-11-09 11:57:00,133.061,133.091,133.096,133.055,133.084,133.113,133.117,133.077,282
2015-11-09 11:57:00,2015-11-09 11:58:00,133.091,133.092,133.099,133.082,133.113,133.112,133.121,133.104,255
2015-11-09 11:58:00,2015-11-09 11:59:00,133.092,133.087,133.094,133.076,133.112,133.11,133.117,133.098,233
2015-11-09 11:59:00,2015-11-09 12:00:00,133.087,133.082,133.094,133.076,133.11,133.104,133.115,133.098,243
2015-11-09 12:00:00,2015-11-09 12:01:00,133.082,133.081,133.088,133.077,133.104,133.105,133.111,133.098,191
2015-11-09 12:01:00,2015-11-09 12:02:00,133.081,133.108,133.11,133.081,133.105,133.128,133.13,133.105,114
2015-11-09 12:02:00,2015-11-09 12:03:00,133.108,133.125,133.142,133.099,133.128,133.149,133.16,133.118,310
2015-11-09 12:03:00,2015-11-09 12:04:00,133.125,133.127,133.136,133.105,133.149,133.151,133.158,133.128,321
2015-11-09 12:04:00,2015-11-09 12:05:00,133.127,133.111,133.138,133.11,133.151,133.135,133.161,133.133,275
2015-11-09 12:05:00,2015-11-09 12:06:00,133.111,133.099,133.111,133.093,133.135,133.122,133.134,133.118,238
2015-11-09 12:06:00,2015-11-09 12:07:00,133.099,133.104,133.105,133.091,133.122,133.127,133.129,133.116,235
2015-11-09 12:07:00,2015-11-09 12:08:00,133.104,133.104,133.115,133.09,133.127,133.121,133.135,133.111,248
2015-11-09 12:08:00,2015-11-09 12:09:00,133.104,133.139,133.149,133.104,133.121,133.162,133.173,133.122,197
2015-11-09 12:09:00,2015-11-09 12:10:00,133.139,133.175,133.175,133.136,133.162,133.194,133.199,133.158,390
2015-11-09 12:10:00,2015-11-09 12:11:00,133.175,133.133,133.175,133.123,133.194,133.157,133.195,133.148,369
2015-11-09 12:11:00,2015-11-09 12:12:00,133.133,133.126,133.149,133.122,133.157,133.148,133.172,133.143,345
2015-11-09 12:12:00,2015-11-09 12:13:00,133.126,133.133,133.145,133.125,133.148,133.154,133.165,133.146,175
2015-11-09 12:13:00,2015-11-09 12:14:00,133.133,133.143,133.143,133.125,133.154,133.164,133.164,133.148,264
2015-11-09 12:14:00,2015-11-09 12:15:00,133.143,133.114,133.15,133.11,133.164,133.134,133.17,133.129,364
2015-11-09 12:15:00,2015-11-09 12:16:00,133.114,133.153,133.153,133.108,133.134,133.174,133.175,133.128,402
2015-11-09 12:16:00,2015-11-09 12:17:00,133.153,133.138,133.155,133.136,133.174,133.161,133.176,133.16,474
2015-11-09 12:17:00,2015-11-09 12:18:00,133.138,133.14,133.159,133.135,133.161,133.162,133.181,133.159,286
2015-11-09 12:18:00,2015-11-09 12:19:00,133.14,133.135,133.14,133.123,133.162,133.156,133.163,133.145,296
2015-11-09 12:19:00,2015-11-09 12:20:00,133.135,133.14,133.142,133.116,133.156,133.161,133.163,133.136,278
2015-11-09 12:20:00,2015-11-09 12:21:00,133.14,133.133,133.147,133.129,133.161,133.152,133.169,133.15,276
2015-11-09 12:21:00,2015-11-09 12:22:00,133.133,133.124,133.144,133.121,133.152,133.147,133.164,133.143,262
2015-11-09 12:22:00,2015-11-09 12:23:00,133.124,133.172,133.174,133.125,133.147,133.194,133.198,133.147,270
2015-11-09 12:23:00,2015-11-09 12:24:00,133.172,133.147,133.175,133.146,133.194,133.17,133.197,133.169,357
2015-11-09 12:24:00,2015-11-09 12:25:00,133.147,133.139,133.149,133.138,133.17,133.162,133.171,133.161,119
2015-11-09 12:25:00,2015-11-09 12:26:00,133.139,133.139,133.141,133.13,133.162,133.162,133.164,133.152,188
2015-11-09 12:26:00,2015-11-09 12:27:00,133.139,133.147,133.151,133.135,133.162,133.17,133.173,133.157,99
2015-11-09 12:27:00,2015-11-09 12:28:00,133.147,133.16,133.165,133.137,133.17,133.182,133.185,133.162,150
2015-11-09 12:28:00,2015-11-09 12:29:00,133.16,133.152,133.171,133.15,133.182,133.175,133.193,133.171,176
2015-11-09 12:29:00,2015-11-09 12:30:00,133.152,133.138,133.154,133.135,133.175,133.16,133.176,133.157,213
2015-11-09 12:30:00,2015-11-09 12:31:00,133.138,133.13,133.143,133.129,133.16,133.152,133.164,133.152,115
2015-11-09 12:31:00,2015-11-09 12:32:00,133.13,133.135,133.143,133.128,133.152,133.156,133.165,133.15,104
2015-11-09 12:32:00,2015-11-09 12:33:00,133.135,133.104,133.137,133.102,133.156,133.126,133.157,133.125,249
2015-11-09 12:33:00,2015-11-09 12:34:00,133.104,133.101,133.117,133.098,133.126,133.123,133.137,133.12,254
2015-11-09 12:34:00,2015-11-09 12:35:00,133.101,133.116,133.116,133.077,133.123,133.137,133.137,133.098,305
2015-11-09 12:35:00,2015-11-09 12:36:00,133.116,133.092,133.116,133.09,133.137,133.111,133.137,133.111,310
2015-11-09 12:36:00,2015-11-09 12:37:00,133.092,133.11,133.114,133.085,133.111,133.131,133.133,133.109,524
2015-11-09 12:37:00,2015-11-09 12:38:00,133.11,133.108,133.128,133.103,133.131,133.132,133.152,133.125,536
2015-11-09 12:38:00,2015-11-09 12:39:00,133.108,133.109,133.122,133.092,133.132,133.134,133.145,133.115,392
2015-11-09 12:39:00,2015-11-09 12:40:00,133.109,133.137,133.141,133.1,133.134,133.156,133.161,133.123,402
2015-11-09 12:40:00,2015-11-09 12:41:00,133.137,133.141,133.147,133.121,133.156,133.163,133.169,133.143,530
2015-11-09 12:41:00,2015-11-09 12:42:00,133.141,133.155,133.16,133.141,133.163,133.178,133.18,133.163,226
2015-11-09 12:42:00,2015-11-09 12:43:00,133.155,133.141,133.155,133.14,133.178,133.163,133.179,133.162,214
2015-11-09 12:43:00,2015-11-09 12:44:00,133.141,133.154,133.154,133.141,133.163,133.175,133.177,133.162,223
2015-11-09 12:44:00,2015-11-09 12:45:00,133.154,133.17,133.17,133.139,133.175,133.19,133.19,133.161,347
2015-11-09 12:45:00,2015-11-09 12:46:00,133.17,133.155,133.182,133.151,133.19,133.177,133.205,133.173,451
2015-11-09 12:46:00,2015-11-09 12:47:00,133.155,133.139,133.158,133.134,133.177,133.161,133.181,133.155,288
2015-11-09 12:47:00,2015-11-09 12:48:00,133.139,133.13,133.143,133.124,133.161,133.154,133.165,133.148,329
2015-11-09 12:48:00,2015-11-09 12:49:00,133.13,133.127,133.138,133.124,133.154,133.149,133.161,133.147,288
2015-11-09 12:49:00,2015-11-09 12:50:00,133.127,133.123,133.136,133.123,133.149,133.144,133.158,133.143,230
2015-11-09 12:50:00,2015-11-09 12:51:00,133.123,133.095,133.125,133.089,133.144,133.114,133.147,133.112,259
2015-11-09 12:51:00,2015-11-09 12:52:00,133.095,133.081,133.096,133.081,133.114,133.104,133.116,133.104,139
2015-11-09 12:52:00,2015-11-09 12:53:00,133.081,133.071,133.093,133.06,133.104,133.093,133.115,133.082,267
2015-11-09 12:53:00,2015-11-09 12:54:00,133.071,133.072,133.077,133.057,133.093,133.094,133.098,133.08,389
2015-11-09 12:54:00,2015-11-09 12:55:00,133.072,133.08,133.08,133.062,133.094,133.101,133.103,133.084,212
2015-11-09 12:55:00,2015-11-09 12:56:00,133.08,133.083,133.09,133.077,133.101,133.103,133.11,133.096,173
2015-11-09 12:56:00,2015-11-09 12:57:00,133.083,133.07,133.086,133.07,133.103,133.093,133.107,133.092,320
2015-11-09 12:57:00,2015-11-09 12:58:00,133.07,133.086,133.086,133.061,133.093,133.109,133.109,133.083,488
2015-11-09 12:58:00,2015-11-09 12:59:00,133.086,133.054,133.095,133.051,133.109,133.076,133.115,133.069,353
2015-11-09 12:59:00,2015-11-09 13:00:00,133.054,133.049,133.057,133.042,133.076,133.072,133.08,133.062,299
2015-11-09 13:00:00,2015-11-09 13:01:00,133.049,133.024,133.052,133.02,133.072,133.044,133.074,133.04,209
2015-11-09 13:01:00,2015-11-09 13:02:00,133.024,133.052,133.053,133.022,133.044,133.075,133.075,133.042,352
2015-11-09 13:02:00,2015-11-09 13:03:00,133.052,133.036,133.055,133.024,133.075,133.059,133.077,133.044,390
2015-11-09 13:03:00,2015-11-09 13:04:00,133.036,133.027,133.05,133.022,133.059,133.047,133.072,133.038,403
2015-11-09 13:04:00,2015-11-09 13:05:00,133.027,133.051,133.052,133.025,133.047,133.073,133.074,133.047,207
2015-11-09 13:05:00,2015-11-09 13:06:00,133.051,133.059,133.062,133.042,133.073,133.081,133.085,133.064,397
2015-11-09 13:06:00,2015-11-09 13:07:00,133.059,133.066,133.066,133.048,133.081,133.088,133.089,133.069,256
2015-11-09 13:07:00,2015-11-09 13:08:00,133.066,133.038,133.068,133.033,133.088,133.062,133.091,133.057,359
2015-11-09 13:08:00,2015-11-09 13:09:00,133.038,133.063,133.079,133.039,133.062,133.085,133.101,133.062,279
2015-11-09 13:09:00,2015-11-09 13:10:00,133.063,133.05,133.066,133.047,133.085,133.073,133.088,133.068,221
2015-11-09 13:10:00,2015-11-09 13:11:00,133.05,133.064,133.072,133.043,133.073,133.087,133.092,133.066,245
2015-11-09 13:11:00,2015-11-09 13:12:00,133.064,133.061,133.067,133.057,133.087,133.083,133.09,133.081,175
2015-11-09 13:12:00,2015-11-09 13:13:00,133.061,133.052,133.065,133.046,133.083,133.075,133.087,133.066,244
2015-11-09 13:13:00,2015-11-09 13:14:00,133.052,133.07,133.074,133.037,133.075,133.093,133.097,133.06,539
2015-11-09 13:14:00,2015-11-09 13:15:00,133.07,133.061,133.087,133.061,133.093,133.083,133.107,133.083,433
2015-11-09 13:15:00,2015-11-09 13:16:00,133.061,133.062,133.079,133.06,133.083,133.085,133.102,133.083,374
2015-11-09 13:16:00,2015-11-09 13:17:00,133.062,133.084,133.086,133.058,133.085,133.106,133.109,133.081,319
2015-11-09 13:17:00,2015-11-09 13:18:00,133.084,133.1,133.102,133.067,133.106,133.123,133.124,133.09,318
2015-11-09 13:18:00,2015-11-09 13:19:00,133.1,133.1,133.107,133.083,133.123,133.12,133.127,133.103,339
2015-11-09 13:19:00,2015-11-09 13:20:00,133.1,133.089,133.122,133.087,133.12,133.113,133.142,133.11,575
2015-11-09 13:20:00,2015-11-09 13:21:00,133.089,133.087,133.099,133.066,133.113,133.107,133.122,133.089,497
2015-11-09 13:21:00,2015-11-09 13:22:00,133.087,133.077,133.104,133.071,133.107,133.097,133.124,133.091,407
2015-11-09 13:22:00,2015-11-09 13:23:00,133.077,133.048,133.077,133.04,133.097,133.071,133.096,133.059,428
2015-11-09 13:23:00,2015-11-09 13:24:00,133.048,133.042,133.051,133.037,133.071,133.063,133.073,133.057,389
2015-11-09 13:24:00,2015-11-09 13:25:00,133.042,133.034,133.059,133.027,133.063,133.053,133.081,133.05,434
2015-11-09 13:25:00,2015-11-09 13:26:00,133.034,132.995,133.034,132.995,133.053,133.015,133.055,133.015,357
2015-11-09 13:26:00,2015-11-09 13:27:00,132.995,132.942,132.997,132.938,133.015,132.966,133.015,132.961,695
2015-11-09 13:27:00,2015-11-09 13:28:00,132.942,132.939,132.947,132.925,132.966,132.962,132.969,132.945,450
2015-11-09 13:28:00,2015-11-09 13:29:00,132.939,132.914,132.947,132.909,132.962,132.934,132.97,132.931,450
2015-11-09 13:29:00,2015-11-09 13:30:00,132.914,132.882,132.914,132.876,132.934,132.903,132.934,132.895,459
2015-11-09 13:30:00,2015-11-09 13:31:00,132.882,132.863,132.881,132.851,132.903,132.882,132.903,132.873,443
2015-11-09 13:31:00,2015-11-09 13:32:00,132.863,132.862,132.864,132.821,132.882,132.884,132.886,132.843,472
2015-11-09 13:32:00,2015-11-09 13:33:00,132.862,132.829,132.864,132.828,132.884,132.85,132.886,132.85,337
2015-11-09 13:33:00,2015-11-09 13:34:00,132.829,132.773,132.83,132.76,132.85,132.794,132.852,132.779,472
2015-11-09 13:34:00,2015-11-09 13:35:00,132.773,132.756,132.779,132.756,132.794,132.777,132.8,132.776,317
2015-11-09 13:35:00,2015-11-09 13:36:00,132.756,132.7,132.756,132.685,132.777,132.723,132.778,132.705,714
2015-11-09 13:36:00,2015-11-09 13:37:00,132.7,132.714,132.724,132.698,132.723,132.732,132.749,132.72,511
2015-11-09 13:37:00,2015-11-09 13:38:00,132.714,132.725,132.736,132.712,132.732,132.742,132.755,132.73,384
2015-11-09 13:38:00,2015-11-09 13:39:00,132.725,132.73,132.739,132.703,132.742,132.752,132.758,132.721,449
2015-11-09 13:39:00,2015-11-09 13:40:00,132.73,132.651,132.731,132.612,132.752,132.675,132.754,132.634,786
2015-11-09 13:40:00,2015-11-09 13:41:00,132.651,132.572,132.667,132.569,132.675,132.594,132.687,132.586,914
2015-11-09 13:41:00,2015-11-09 13:42:00,132.572,132.637,132.643,132.551,132.594,132.659,132.662,132.574,808
2015-11-09 13:42:00,2015-11-09 13:43:00,132.637,132.665,132.676,132.631,132.659,132.688,132.698,132.653,628
2015-11-09 13:43:00,2015-11-09 13:44:00,132.665,132.643,132.676,132.642,132.688,132.665,132.699,132.665,672
2015-11-09 13:44:00,2015-11-09 13:45:00,132.643,132.605,132.652,132.589,132.665,132.629,132.671,132.611,643
2015-11-09 13:45:00,2015-11-09 13:46:00,132.605,132.646,132.653,132.594,132.629,132.667,132.674,132.617,537
2015-11-09 13:46:00,2015-11-09 13:47:00,132.646,132.658,132.674,132.641,132.667,132.681,132.695,132.663,499
2015-11-09 13:47:00,2015-11-09 13:48:00,132.658,132.642,132.668,132.63,132.681,132.662,132.687,132.65,445
2015-11-09 13:48:00,2015-11-09 13:49:00,132.642,132.652,132.652,132.636,132.662,132.672,132.674,132.658,294
2015-11-09 13:49:00,2015-11-09 13:50:00,132.652,132.676,132.68,132.652,132.672,132.696,132.701,132.673,325
2015-11-09 13:50:00,2015-11-09 13:51:00,132.676,132.707,132.708,132.67,132.696,132.725,132.729,132.69,444
2015-11-09 13:51:00,2015-11-09 13:52:00,132.707,132.687,132.718,132.683,132.725,132.711,132.74,132.706,512
2015-11-09 13:52:00,2015-11-09 13:53:00,132.687,132.67,132.7,132.667,132.711,132.692,132.723,132.689,376
2015-11-09 13:53:00,2015-11-09 13:54:00,132.67,132.661,132.671,132.653,132.692,132.685,132.694,132.673,281
2015-11-09 13:54:00,2015-11-09 13:55:00,132.661,132.656,132.669,132.65,132.685,132.679,132.69,132.67,194
2015-11-09 13:55:00,2015-11-09 13:56:00,132.656,132.674,132.676,132.637,132.679,132.696,132.697,132.657,433
2015-11-09 13:56:00,2015-11-09 13:57:00,132.674,132.692,132.698,132.66,132.696,132.714,132.717,132.681,298
2015-11-09 13:57:00,2015-11-09 13:58:00,132.692,132.689,132.702,132.684,132.714,132.711,132.723,132.705,319
2015-11-09 13:58:00,2015-11-09 13:59:00,132.689,132.672,132.701,132.672,132.711,132.691,132.722,132.691,407
2015-11-09 13:59:00,2015-11-09 14:00:00,132.672,132.684,132.686,132.66,132.691,132.707,132.708,132.679,392
2015-11-09 14:00:00,2015-11-09 14:01:00,132.684,132.678,132.689,132.675,132.707,132.701,132.711,132.696,290
2015-11-09 14:01:00,2015-11-09 14:02:00,132.678,132.704,132.708,132.678,132.701,132.726,132.732,132.7,273
2015-11-09 14:02:00,2015-11-09 14:03:00,132.704,132.73,132.733,132.704,132.726,132.753,132.756,132.727,260
2015-11-09 14:03:00,2015-11-09 14:04:00,132.73,132.739,132.742,132.725,132.753,132.762,132.765,132.743,279
2015-11-09 14:04:00,2015-11-09 14:05:00,132.739,132.731,132.753,132.722,132.762,132.753,132.774,132.741,381
2015-11-09 14:05:00,2015-11-09 14:06:00,132.731,132.726,132.733,132.703,132.753,132.748,132.753,132.727,409
2015-11-09 14:06:00,2015-11-09 14:07:00,132.726,132.743,132.751,132.714,132.748,132.765,132.771,132.736,259
2015-11-09 14:07:00,2015-11-09 14:08:00,132.743,132.762,132.785,132.741,132.765,132.784,132.805,132.764,481
2015-11-09 14:08:00,2015-11-09 14:09:00,132.762,132.761,132.77,132.752,132.784,132.782,132.791,132.772,359
2015-11-09 14:09:00,2015-11-09 14:10:00,132.761,132.78,132.78,132.757,132.782,132.8,132.8,132.774,345
2015-11-09 14:10:00,2015-11-09 14:11:00,132.78,132.784,132.801,132.776,132.8,132.806,132.819,132.797,247
2015-11-09 14:11:00,2015-11-09 14:12:00,132.784,132.766,132.789,132.765,132.806,132.784,132.809,132.784,262
2015-11-09 14:12:00,2015-11-09 14:13:00,132.766,132.714,132.766,132.714,132.784,132.735,132.784,132.735,453
2015-11-09 14:13:00,2015-11-09 14:14:00,132.714,132.723,132.729,132.712,132.735,132.744,132.75,132.733,167
2015-11-09 14:14:00,2015-11-09 14:15:00,132.723,132.729,132.734,132.715,132.744,132.745,132.756,132.736,323
2015-11-09 14:15:00,2015-11-09 14:16:00,132.729,132.733,132.735,132.729,132.745,132.751,132.752,132.742,104
2015-11-09 14:16:00,2015-11-09 14:17:00,132.733,132.739,132.741,132.731,132.751,132.757,132.759,132.745,166
2015-11-09 14:17:00,2015-11-09 14:18:00,132.739,132.716,132.746,132.704,132.757,132.735,132.765,132.721,199
2015-11-09 14:18:00,2015-11-09 14:19:00,132.716,132.695,132.719,132.692,132.735,132.713,132.736,132.712,387
2015-11-09 14:19:00,2015-11-09 14:20:00,132.695,132.69,132.697,132.68,132.713,132.711,132.718,132.7,305
2015-11-09 14:20:00,2015-11-09 14:21:00,132.69,132.66,132.689,132.644,132.711,132.683,132.711,132.664,425
2015-11-09 14:21:00,2015-11-09 14:22:00,132.66,132.647,132.666,132.647,132.683,132.669,132.687,132.669,368
2015-11-09 14:22:00,2015-11-09 14:23:00,132.647,132.635,132.648,132.619,132.669,132.656,132.67,132.639,496
2015-11-09 14:23:00,2015-11-09 14:24:00,132.635,132.611,132.638,132.607,132.656,132.633,132.66,132.628,427
2015-11-09 14:24:00,2015-11-09 14:25:00,132.611,132.574,132.615,132.563,132.633,132.597,132.637,132.587,486
2015-11-09 14:25:00,2015-11-09 14:26:00,132.574,132.55,132.576,132.543,132.597,132.574,132.597,132.564,411
2015-11-09 14:26:00,2015-11-09 14:27:00,132.55,132.52,132.556,132.512,132.574,132.543,132.578,132.535,509
2015-11-09 14:27:00,2015-11-09 14:28:00,132.52,132.569,132.57,132.512,132.543,132.59,132.591,132.529,466
2015-11-09 14:28:00,2015-11-09 14:29:00,132.569,132.55,132.579,132.55,132.59,132.571,132.599,132.571,533
2015-11-09 14:29:00,2015-11-09 14:30:00,132.55,132.574,132.583,132.538,132.571,132.596,132.603,132.558,539
2015-11-09 14:30:00,2015-11-09 14:31:00,132.574,132.613,132.615,132.574,132.596,132.631,132.634,132.595,628
2015-11-09 14:31:00,2015-11-09 14:32:00,132.613,132.58,132.616,132.58,132.631,132.603,132.635,132.603,463
2015-11-09 14:32:00,2015-11-09 14:33:00,132.58,132.602,132.617,132.58,132.603,132.625,132.638,132.604,632
2015-11-09 14:33:00,2015-11-09 14:34:00,132.602,132.6,132.605,132.58,132.625,132.619,132.628,132.6,462
2015-11-09 14:34:00,2015-11-09 14:35:00,132.6,132.566,132.606,132.553,132.619,132.589,132.627,132.575,642
2015-11-09 14:35:00,2015-11-09 14:36:00,132.566,132.538,132.58,132.53,132.589,132.561,132.602,132.552,504
2015-11-09 14:36:00,2015-11-09 14:37:00,132.538,132.55,132.553,132.518,132.561,132.573,132.574,132.542,508
2015-11-09 14:37:00,2015-11-09 14:38:00,132.55,132.539,132.557,132.535,132.573,132.559,132.578,132.555,498
2015-11-09 14:38:00,2015-11-09 14:39:00,132.539,132.527,132.548,132.512,132.559,132.549,132.57,132.531,396
2015-11-09 14:39:00,2015-11-09 14:40:00,132.527,132.546,132.548,132.514,132.549,132.567,132.568,132.535,628
2015-11-09 14:40:00,2015-11-09 14:41:00,132.546,132.525,132.558,132.522,132.567,132.541,132.578,132.54,479
2015-11-09 14:41:00,2015-11-09 14:42:00,132.525,132.521,132.543,132.514,132.541,132.544,132.563,132.537,636
2015-11-09 14:42:00,2015-11-09 14:43:00,132.521,132.516,132.535,132.512,132.544,132.534,132.556,132.526,461
2015-11-09 14:43:00,2015-11-09 14:44:00,132.516,132.455,132.516,132.44,132.534,132.478,132.535,132.463,847
2015-11-09 14:44:00,2015-11-09 14:45:00,132.455,132.356,132.465,132.338,132.478,132.38,132.489,132.361,762
2015-11-09 14:45:00,2015-11-09 14:46:00,132.356,132.419,132.42,132.355,132.38,132.44,132.441,132.377,695
2015-11-09 14:46:00,2015-11-09 14:47:00,132.419,132.413,132.436,132.407,132.44,132.433,132.458,132.429,423
2015-11-09 14:47:00,2015-11-09 14:48:00,132.413,132.428,132.439,132.409,132.433,132.449,132.46,132.431,409
2015-11-09 14:48:00,2015-11-09 14:49:00,132.428,132.427,132.44,132.408,132.449,132.448,132.46,132.428,470
2015-11-09 14:49:00,2015-11-09 14:50:00,132.427,132.423,132.447,132.422,132.448,132.445,132.468,132.444,493
2015-11-09 14:50:00,2015-11-09 14:51:00,132.423,132.386,132.435,132.386,132.445,132.408,132.458,132.407,459
2015-11-09 14:51:00,2015-11-09 14:52:00,132.386,132.345,132.413,132.345,132.408,132.363,132.434,132.362,456
2015-11-09 14:52:00,2015-11-09 14:53:00,132.345,132.359,132.36,132.331,132.363,132.377,132.378,132.348,646
2015-11-09 14:53:00,2015-11-09 14:54:00,132.359,132.349,132.371,132.347,132.377,132.368,132.39,132.364,610
2015-11-09 14:54:00,2015-11-09 14:55:00,132.349,132.34,132.357,132.336,132.368,132.359,132.375,132.357,415
2015-11-09 14:55:00,2015-11-09 14:56:00,132.34,132.352,132.37,132.336,132.359,132.372,132.39,132.358,564
2015-11-09 14:56:00,2015-11-09 14:57:00,132.352,132.375,132.375,132.342,132.372,132.394,132.394,132.361,384
2015-11-09 14:57:00,2015-11-09 14:58:00,132.375,132.396,132.396,132.363,132.394,132.418,132.419,132.383,315
2015-11-09 14:58:00,2015-11-09 14:59:00,132.396,132.37,132.402,132.353,132.418,132.392,132.424,132.376,592
2015-11-09 14:59:00,2015-11-09 15:00:00,132.37,132.36,132.373,132.313,132.392,132.38,132.394,132.334,789
2015-11-09 15:00:00,2015-11-09 15:01:00,132.36,132.344,132.379,132.329,132.38,132.365,132.401,132.352,889
2015-11-09 15:01:00,2015-11-09 15:02:00,132.344,132.334,132.373,132.333,132.365,132.356,132.393,132.356,615
2015-11-09 15:02:00,2015-11-09 15:03:00,132.334,132.32,132.336,132.312,132.356,132.343,132.358,132.333,855
2015-11-09 15:03:00,2015-11-09 15:04:00,132.32,132.32,132.356,132.297,132.343,132.343,132.379,132.317,712
2015-11-09 15:04:00,2015-11-09 15:05:00,132.32,132.315,132.323,132.308,132.343,132.337,132.347,132.33,466
2015-11-09 15:05:00,2015-11-09 15:06:00,132.315,132.362,132.366,132.313,132.337,132.38,132.386,132.335,603
2015-11-09 15:06:00,2015-11-09 15:07:00,132.362,132.367,132.371,132.348,132.38,132.385,132.392,132.37,516
2015-11-09 15:07:00,2015-11-09 15:08:00,132.367,132.385,132.385,132.343,132.385,132.408,132.408,132.361,507
2015-11-09 15:08:00,2015-11-09 15:09:00,132.385,132.378,132.395,132.362,132.408,132.401,132.417,132.382,622
2015-11-09 15:09:00,2015-11-09 15:10:00,132.378,132.365,132.385,132.362,132.401,132.384,132.405,132.38,659
2015-11-09 15:10:00,2015-11-09 15:11:00,132.365,132.375,132.387,132.353,132.384,132.394,132.406,132.373,803
2015-11-09 15:11:00,2015-11-09 15:12:00,132.375,132.412,132.424,132.374,132.394,132.434,132.445,132.392,716
2015-11-09 15:12:00,2015-11-09 15:13:00,132.412,132.394,132.425,132.394,132.434,132.414,132.447,132.414,525
2015-11-09 15:13:00,2015-11-09 15:14:00,132.394,132.421,132.421,132.394,132.414,132.442,132.443,132.415,504
2015-11-09 15:14:00,2015-11-09 15:15:00,132.421,132.392,132.42,132.389,132.442,132.415,132.443,132.411,422
2015-11-09 15:15:00,2015-11-09 15:16:00,132.392,132.402,132.434,132.393,132.415,132.423,132.456,132.415,546
2015-11-09 15:16:00,2015-11-09 15:17:00,132.402,132.412,132.428,132.4,132.423,132.435,132.451,132.422,398
2015-11-09 15:17:00,2015-11-09 15:18:00,132.412,132.388,132.412,132.384,132.435,132.409,132.436,132.405,427
2015-11-09 15:18:00,2015-11-09 15:19:00,132.388,132.4,132.408,132.384,132.409,132.421,132.429,132.404,289
2015-11-09 15:19:00,2015-11-09 15:20:00,132.4,132.392,132.408,132.392,132.421,132.414,132.43,132.414,305
2015-11-09 15:20:00,2015-11-09 15:21:00,132.392,132.401,132.407,132.383,132.414,132.424,132.428,132.402,558
2015-11-09 15:21:00,2015-11-09 15:22:00,132.401,132.415,132.422,132.393,132.424,132.435,132.445,132.414,491
2015-11-09 15:22:00,2015-11-09 15:23:00,132.415,132.474,132.484,132.411,132.435,132.495,132.504,132.427,704
2015-11-09 15:23:00,2015-11-09 15:24:00,132.474,132.47,132.48,132.426,132.495,132.489,132.501,132.447,799
2015-11-09 15:24:00,2015-11-09 15:25:00,132.47,132.46,132.479,132.454,132.489,132.479,132.5,132.475,530
2015-11-09 15:25:00,2015-11-09 15:26:00,132.46,132.432,132.464,132.43,132.479,132.454,132.486,132.452,471
2015-11-09 15:26:00,2015-11-09 15:27:00,132.432,132.414,132.446,132.414,132.454,132.434,132.468,132.432,570
2015-11-09 15:27:00,2015-11-09 15:28:00,132.414,132.416,132.43,132.413,132.434,132.435,132.446,132.433,506
2015-11-09 15:28:00,2015-11-09 15:29:00,132.416,132.433,132.437,132.411,132.435,132.456,132.457,132.433,390
2015-11-09 15:29:00,2015-11-09 15:30:00,132.433,132.465,132.466,132.432,132.456,132.483,132.487,132.455,439
2015-11-09 15:30:00,2015-11-09 15:31:00,132.465,132.458,132.468,132.452,132.483,132.479,132.488,132.472,278
2015-11-09 15:31:00,2015-11-09 15:32:00,132.458,132.477,132.478,132.457,132.479,132.496,132.496,132.478,317
2015-11-09 15:32:00,2015-11-09 15:33:00,132.477,132.5,132.503,132.477,132.496,132.523,132.524,132.497,379
2015-11-09 15:33:00,2015-11-09 15:34:00,132.5,132.483,132.506,132.478,132.523,132.506,132.529,132.5,364
2015-11-09 15:34:00,2015-11-09 15:35:00,132.483,132.482,132.499,132.463,132.506,132.506,132.519,132.486,571
2015-11-09 15:35:00,2015-11-09 15:36:00,132.482,132.469,132.484,132.461,132.506,132.492,132.506,132.482,386
2015-11-09 15:36:00,2015-11-09 15:37:00,132.469,132.475,132.475,132.456,132.492,132.497,132.497,132.477,370
2015-11-09 15:37:00,2015-11-09 15:38:00,132.475,132.483,132.5,132.473,132.497,132.505,132.523,132.496,389
2015-11-09 15:38:00,2015-11-09 15:39:00,132.483,132.49,132.49,132.478,132.505,132.51,132.511,132.501,316
2015-11-09 15:39:00,2015-11-09 15:40:00,132.49,132.538,132.544,132.483,132.51,132.559,132.565,132.503,311
2015-11-09 15:40:00,2015-11-09 15:41:00,132.538,132.538,132.547,132.532,132.559,132.559,132.569,132.554,264
2015-11-09 15:41:00,2015-11-09 15:42:00,132.538,132.506,132.539,132.506,132.559,132.528,132.562,132.528,296
2015-11-09 15:42:00,2015-11-09 15:43:00,132.506,132.528,132.532,132.5,132.528,132.551,132.554,132.522,363
2015-11-09 15:43:00,2015-11-09 15:44:00,132.528,132.531,132.531,132.516,132.551,132.553,132.553,132.537,418
2015-11-09 15:44:00,2015-11-09 15:45:00,132.531,132.495,132.53,132.492,132.553,132.518,132.553,132.513,363
2015-11-09 15:45:00,2015-11-09 15:46:00,132.495,132.489,132.498,132.481,132.518,132.51,132.518,132.505,485
2015-11-09 15:46:00,2015-11-09 15:47:00,132.489,132.465,132.489,132.453,132.51,132.488,132.509,132.473,354
2015-11-09 15:47:00,2015-11-09 15:48:00,132.465,132.475,132.484,132.46,132.488,132.497,132.505,132.481,448
2015-11-09 15:48:00,2015-11-09 15:49:00,132.475,132.469,132.481,132.467,132.497,132.491,132.502,132.488,317
2015-11-09 15:49:00,2015-11-09 15:50:00,132.469,132.486,132.496,132.469,132.491,132.506,132.516,132.492,269
2015-11-09 15:50:00,2015-11-09 15:51:00,132.486,132.457,132.499,132.457,132.506,132.478,132.519,132.476,454
2015-11-09 15:51:00,2015-11-09 15:52:00,132.457,132.454,132.473,132.45,132.478,132.476,132.494,132.472,335
2015-11-09 15:52:00,2015-11-09 15:53:00,132.454,132.466,132.482,132.453,132.476,132.484,132.503,132.474,248
2015-11-09 15:53:00,2015-11-09 15:54:00,132.466,132.436,132.469,132.427,132.484,132.457,132.489,132.449,341
2015-11-09 15:54:00,2015-11-09 15:55:00,132.436,132.426,132.449,132.424,132.457,132.448,132.472,132.447,404
2015-11-09 15:55:00,2015-11-09 15:56:00,132.426,132.445,132.453,132.426,132.448,132.464,132.473,132.447,250
2015-11-09 15:56:00,2015-11-09 15:57:00,132.445,132.447,132.458,132.424,132.464,132.466,132.48,132.442,375
2015-11-09 15:57:00,2015-11-09 15:58:00,132.447,132.436,132.461,132.431,132.466,132.459,132.482,132.452,370
2015-11-09 15:58:00,2015-11-09 15:59:00,132.436,132.482,132.493,132.433,132.459,132.501,132.511,132.454,593
2015-11-09 15:59:00,2015-11-09 16:00:00,132.482,132.459,132.489,132.444,132.501,132.481,132.511,132.465,429
2015-11-09 16:00:00,2015-11-09 16:01:00,132.459,132.433,132.479,132.431,132.481,132.454,132.5,132.452,507
2015-11-09 16:01:00,2015-11-09 16:02:00,132.433,132.437,132.443,132.416,132.454,132.457,132.462,132.437,363
2015-11-09 16:02:00,2015-11-09 16:03:00,132.437,132.417,132.461,132.417,132.457,132.434,132.481,132.434,411
2015-11-09 16:03:00,2015-11-09 16:04:00,132.417,132.409,132.427,132.404,132.434,132.43,132.448,132.425,299
2015-11-09 16:04:00,2015-11-09 16:05:00,132.409,132.41,132.421,132.4,132.43,132.433,132.442,132.42,483
2015-11-09 16:05:00,2015-11-09 16:06:00,132.41,132.428,132.443,132.411,132.433,132.452,132.465,132.432,486
2015-11-09 16:06:00,2015-11-09 16:07:00,132.428,132.42,132.439,132.418,132.452,132.44,132.461,132.439,319
2015-11-09 16:07:00,2015-11-09 16:08:00,132.42,132.434,132.438,132.419,132.44,132.456,132.458,132.441,436
2015-11-09 16:08:00,2015-11-09 16:09:00,132.434,132.437,132.445,132.426,132.456,132.458,132.467,132.448,359
2015-11-09 16:09:00,2015-11-09 16:10:00,132.437,132.45,132.453,132.434,132.458,132.472,132.474,132.453,275
2015-11-09 16:10:00,2015-11-09 16:11:00,132.45,132.427,132.464,132.417,132.472,132.449,132.484,132.439,440
2015-11-09 16:11:00,2015-11-09 16:12:00,132.427,132.402,132.426,132.394,132.449,132.425,132.449,132.415,516
2015-11-09 16:12:00,2015-11-09 16:13:00,132.402,132.43,132.435,132.402,132.425,132.452,132.456,132.425,439
2015-11-09 16:13:00,2015-11-09 16:14:00,132.43,132.434,132.451,132.424,132.452,132.456,132.473,132.448,324
2015-11-09 16:14:00,2015-11-09 16:15:00,132.434,132.461,132.467,132.431,132.456,132.483,132.488,132.454,414
2015-11-09 16:15:00,2015-11-09 16:16:00,132.461,132.479,132.482,132.454,132.483,132.497,132.502,132.476,320
2015-11-09 16:16:00,2015-11-09 16:17:00,132.479,132.485,132.491,132.473,132.497,132.504,132.511,132.494,458
2015-11-09 16:17:00,2015-11-09 16:18:00,132.485,132.465,132.486,132.455,132.504,132.487,132.505,132.478,370
2015-11-09 16:18:00,2015-11-09 16:19:00,132.465,132.485,132.487,132.456,132.487,132.509,132.511,132.479,346
2015-11-09 16:19:00,2015-11-09 16:20:00,132.485,132.474,132.49,132.471,132.509,132.496,132.513,132.494,329
2015-11-09 16:20:00,2015-11-09 16:21:00,132.474,132.534,132.571,132.467,132.496,132.557,132.592,132.489,626
2015-11-09 16:21:00,2015-11-09 16:22:00,132.534,132.551,132.583,132.534,132.557,132.572,132.604,132.558,852
2015-11-09 16:22:00,2015-11-09 16:23:00,132.551,132.529,132.571,132.521,132.572,132.552,132.592,132.544,515
2015-11-09 16:23:00,2015-11-09 16:24:00,132.529,132.576,132.578,132.523,132.552,132.6,132.601,132.542,538
2015-11-09 16:24:00,2015-11-09 16:25:00,132.576,132.572,132.596,132.555,132.6,132.593,132.618,132.577,657
2015-11-09 16:25:00,2015-11-09 16:26:00,132.572,132.56,132.573,132.55,132.593,132.581,132.596,132.569,612
2015-11-09 16:26:00,2015-11-09 16:27:00,132.56,132.639,132.673,132.56,132.581,132.662,132.696,132.582,780
2015-11-09 16:27:00,2015-11-09 16:28:00,132.639,132.58,132.64,132.58,132.662,132.601,132.662,132.599,698
2015-11-09 16:28:00,2015-11-09 16:29:00,132.58,132.54,132.584,132.536,132.601,132.561,132.603,132.557,570
2015-11-09 16:29:00,2015-11-09 16:30:00,132.54,132.563,132.575,132.532,132.561,132.583,132.596,132.554,695
2015-11-09 16:30:00,2015-11-09 16:31:00,132.563,132.578,132.58,132.547,132.583,132.599,132.602,132.569,589
2015-11-09 16:31:00,2015-11-09 16:32:00,132.578,132.595,132.609,132.565,132.599,132.616,132.629,132.587,405
2015-11-09 16:32:00,2015-11-09 16:33:00,132.595,132.619,132.62,132.579,132.616,132.64,132.641,132.599,427
2015-11-09 16:33:00,2015-11-09 16:34:00,132.619,132.619,132.628,132.592,132.64,132.64,132.649,132.613,495
2015-11-09 16:34:00,2015-11-09 16:35:00,132.619,132.651,132.651,132.605,132.64,132.67,132.671,132.628,408
2015-11-09 16:35:00,2015-11-09 16:36:00,132.651,132.626,132.669,132.625,132.67,132.65,132.69,132.648,381
2015-11-09 16:36:00,2015-11-09 16:37:00,132.626,132.599,132.635,132.589,132.65,132.621,132.659,132.606,577
2015-11-09 16:37:00,2015-11-09 16:38:00,132.599,132.578,132.613,132.575,132.621,132.599,132.632,132.597,313
2015-11-09 16:38:00,2015-11-09 16:39:00,132.578,132.566,132.585,132.563,132.599,132.587,132.607,132.586,382
2015-11-09 16:39:00,2015-11-09 16:40:00,132.566,132.569,132.573,132.55,132.587,132.59,132.595,132.571,374
2015-11-09 16:40:00,2015-11-09 16:41:00,132.569,132.6,132.6,132.559,132.59,132.622,132.622,132.581,320
2015-11-09 16:41:00,2015-11-09 16:42:00,132.6,132.575,132.605,132.572,132.622,132.596,132.624,132.595,323
2015-11-09 16:42:00,2015-11-09 16:43:00,132.575,132.565,132.577,132.554,132.596,132.587,132.599,132.575,299
2015-11-09 16:43:00,2015-11-09 16:44:00,132.565,132.539,132.572,132.538,132.587,132.561,132.594,132.561,337
2015-11-09 16:44:00,2015-11-09 16:45:00,132.539,132.544,132.55,132.533,132.561,132.568,132.568,132.556,171
2015-11-09 16:45:00,2015-11-09 16:46:00,132.544,132.534,132.544,132.517,132.568,132.556,132.568,132.538,480
2015-11-09 16:46:00,2015-11-09 16:47:00,132.534,132.541,132.542,132.511,132.556,132.564,132.564,132.533,356
2015-11-09 16:47:00,2015-11-09 16:48:00,132.541,132.497,132.547,132.486,132.564,132.521,132.57,132.508,379
2015-11-09 16:48:00,2015-11-09 16:49:00,132.497,132.481,132.499,132.473,132.521,132.504,132.521,132.496,379
2015-11-09 16:49:00,2015-11-09 16:50:00,132.481,132.465,132.498,132.446,132.504,132.488,132.52,132.466,406
2015-11-09 16:50:00,2015-11-09 16:51:00,132.465,132.473,132.474,132.445,132.488,132.497,132.497,132.465,527
2015-11-09 16:51:00,2015-11-09 16:52:00,132.473,132.516,132.518,132.472,132.497,132.537,132.54,132.493,418
2015-11-09 16:52:00,2015-11-09 16:53:00,132.516,132.496,132.521,132.494,132.537,132.513,132.54,132.513,305
2015-11-09 16:53:00,2015-11-09 16:54:00,132.496,132.462,132.496,132.461,132.513,132.483,132.512,132.483,284
2015-11-09 16:54:00,2015-11-09 16:55:00,132.462,132.439,132.467,132.426,132.483,132.46,132.49,132.446,236
2015-11-09 16:55:00,2015-11-09 16:56:00,132.439,132.481,132.481,132.434,132.46,132.499,132.5,132.457,321
2015-11-09 16:56:00,2015-11-09 16:57:00,132.481,132.495,132.499,132.46,132.499,132.516,132.52,132.483,437
2015-11-09 16:57:00,2015-11-09 16:58:00,132.495,132.483,132.514,132.474,132.516,132.505,132.534,132.491,311
2015-11-09 16:58:00,2015-11-09 16:59:00,132.483,132.466,132.483,132.462,132.505,132.489,132.506,132.484,317
2015-11-09 16:59:00,2015-11-09 17:00:00,132.466,132.442,132.47,132.439,132.489,132.465,132.494,132.462,314
2015-11-09 17:00:00,2015-11-09 17:01:00,132.442,132.426,132.443,132.413,132.465,132.445,132.467,132.434,306
2015-11-09 17:01:00,2015-11-09 17:02:00,132.426,132.424,132.44,132.415,132.445,132.447,132.463,132.435,419
2015-11-09 17:02:00,2015-11-09 17:03:00,132.424,132.386,132.432,132.386,132.447,132.409,132.456,132.408,335
2015-11-09 17:03:00,2015-11-09 17:04:00,132.386,132.395,132.43,132.363,132.409,132.416,132.447,132.381,613
2015-11-09 17:04:00,2015-11-09 17:05:00,132.395,132.417,132.417,132.388,132.416,132.438,132.441,132.412,494
2015-11-09 17:05:00,2015-11-09 17:06:00,132.417,132.425,132.437,132.415,132.438,132.448,132.459,132.435,255
2015-11-09 17:06:00,2015-11-09 17:07:00,132.425,132.415,132.426,132.405,132.448,132.437,132.449,132.429,345
2015-11-09 17:07:00,2015-11-09 17:08:00,132.415,132.452,132.469,132.414,132.437,132.475,132.492,132.437,386
2015-11-09 17:08:00,2015-11-09 17:09:00,132.452,132.492,132.494,132.453,132.475,132.515,132.517,132.475,231
2015-11-09 17:09:00,2015-11-09 17:10:00,132.492,132.468,132.492,132.452,132.515,132.49,132.514,132.473,265
2015-11-09 17:10:00,2015-11-09 17:11:00,132.468,132.464,132.471,132.456,132.49,132.487,132.491,132.478,194
2015-11-09 17:11:00,2015-11-09 17:12:00,132.464,132.469,132.503,132.463,132.487,132.492,132.525,132.487,305
2015-11-09 17:12:00,2015-11-09 17:13:00,132.469,132.454,132.472,132.454,132.492,132.474,132.493,132.474,166
2015-11-09 17:13:00,2015-11-09 17:14:00,132.454,132.427,132.453,132.427,132.474,132.451,132.474,132.451,180
2015-11-09 17:14:00,2015-11-09 17:15:00,132.427,132.412,132.437,132.407,132.451,132.433,132.459,132.428,279
2015-11-09 17:15:00,2015-11-09 17:16:00,132.412,132.411,132.417,132.397,132.433,132.436,132.439,132.419,278
2015-11-09 17:16:00,2015-11-09 17:17:00,132.411,132.428,132.428,132.41,132.436,132.451,132.451,132.434,131
2015-11-09 17:17:00,2015-11-09 17:18:00,132.428,132.458,132.462,132.428,132.451,132.481,132.484,132.452,253
2015-11-09 17:18:00,2015-11-09 17:19:00,132.458,132.452,132.474,132.449,132.481,132.474,132.497,132.471,226
2015-11-09 17:19:00,2015-11-09 17:20:00,132.452,132.465,132.471,132.449,132.474,132.486,132.492,132.468,199
2015-11-09 17:20:00,2015-11-09 17:21:00,132.465,132.479,132.485,132.466,132.486,132.498,132.507,132.486,138
2015-11-09 17:21:00,2015-11-09 17:22:00,132.479,132.468,132.479,132.464,132.498,132.492,132.499,132.485,139
2015-11-09 17:22:00,2015-11-09 17:23:00,132.468,132.514,132.517,132.459,132.492,132.539,132.541,132.481,267
2015-11-09 17:23:00,2015-11-09 17:24:00,132.514,132.51,132.515,132.501,132.539,132.534,132.539,132.523,79
2015-11-09 17:24:00,2015-11-09 17:25:00,132.51,132.485,132.511,132.484,132.534,132.506,132.534,132.506,197
2015-11-09 17:25:00,2015-11-09 17:26:00,132.485,132.48,132.484,132.474,132.506,132.503,132.506,132.497,131
2015-11-09 17:26:00,2015-11-09 17:27:00,132.48,132.499,132.499,132.475,132.503,132.518,132.52,132.499,106
2015-11-09 17:27:00,2015-11-09 17:28:00,132.499,132.509,132.51,132.494,132.518,132.53,132.532,132.515,162
2015-11-09 17:28:00,2015-11-09 17:29:00,132.509,132.517,132.518,132.501,132.53,132.54,132.54,132.524,180
2015-11-09 17:29:00,2015-11-09 17:30:00,132.517,132.517,132.521,132.5,132.54,132.541,132.543,132.524,180
2015-11-09 17:30:00,2015-11-09 17:31:00,132.517,132.509,132.522,132.503,132.541,132.532,132.545,132.527,129
2015-11-09 17:31:00,2015-11-09 17:32:00,132.509,132.503,132.512,132.501,132.532,132.526,132.535,132.526,167
2015-11-09 17:32:00,2015-11-09 17:33:00,132.503,132.507,132.518,132.501,132.526,132.532,132.54,132.525,229
2015-11-09 17:33:00,2015-11-09 17:34:00,132.507,132.486,132.517,132.482,132.532,132.511,132.54,132.505,229
2015-11-09 17:34:00,2015-11-09 17:35:00,132.486,132.482,132.487,132.477,132.511,132.505,132.511,132.5,149
2015-11-09 17:35:00,2015-11-09 17:36:00,132.482,132.481,132.485,132.475,132.505,132.504,132.507,132.498,139
2015-11-09 17:36:00,2015-11-09 17:37:00,132.481,132.487,132.491,132.48,132.504,132.509,132.514,132.503,157
2015-11-09 17:37:00,2015-11-09 17:38:00,132.487,132.469,132.492,132.469,132.509,132.491,132.515,132.491,196
2015-11-09 17:38:00,2015-11-09 17:39:00,132.469,132.492,132.494,132.458,132.491,132.514,132.516,132.482,258
2015-11-09 17:39:00,2015-11-09 17:40:00,132.492,132.472,132.502,132.451,132.514,132.498,132.524,132.472,333
2015-11-09 17:40:00,2015-11-09 17:41:00,132.472,132.495,132.505,132.464,132.498,132.514,132.526,132.487,239
2015-11-09 17:41:00,2015-11-09 17:42:00,132.495,132.49,132.504,132.484,132.514,132.514,132.526,132.505,249
2015-11-09 17:42:00,2015-11-09 17:43:00,132.49,132.491,132.492,132.478,132.514,132.515,132.515,132.502,270
2015-11-09 17:43:00,2015-11-09 17:44:00,132.491,132.475,132.491,132.46,132.515,132.497,132.514,132.483,233
2015-11-09 17:44:00,2015-11-09 17:45:00,132.475,132.483,132.489,132.475,132.497,132.504,132.51,132.496,139
2015-11-09 17:45:00,2015-11-09 17:46:00,132.483,132.487,132.489,132.481,132.504,132.508,132.509,132.502,80
2015-11-09 17:46:00,2015-11-09 17:47:00,132.487,132.498,132.501,132.487,132.508,132.521,132.521,132.508,127
2015-11-09 17:47:00,2015-11-09 17:48:00,132.498,132.497,132.504,132.494,132.521,132.522,132.527,132.517,86
2015-11-09 17:48:00,2015-11-09 17:49:00,132.497,132.497,132.5,132.495,132.522,132.519,132.523,132.517,60
2015-11-09 17:49:00,2015-11-09 17:50:00,132.497,132.484,132.499,132.483,132.519,132.506,132.521,132.504,123
2015-11-09 17:50:00,2015-11-09 17:51:00,132.484,132.48,132.486,132.476,132.506,132.503,132.509,132.499,197
2015-11-09 17:51:00,2015-11-09 17:52:00,132.48,132.469,132.492,132.467,132.503,132.486,132.516,132.485,200
2015-11-09 17:52:00,2015-11-09 17:53:00,132.469,132.47,132.472,132.451,132.486,132.49,132.492,132.471,227
2015-11-09 17:53:00,2015-11-09 17:54:00,132.47,132.477,132.477,132.461,132.49,132.5,132.5,132.482,112
2015-11-09 17:54:00,2015-11-09 17:55:00,132.477,132.444,132.476,132.443,132.5,132.467,132.5,132.466,288
2015-11-09 17:55:00,2015-11-09 17:56:00,132.444,132.475,132.476,132.443,132.467,132.498,132.499,132.465,211
2015-11-09 17:56:00,2015-11-09 17:57:00,132.475,132.479,132.479,132.472,132.498,132.498,132.502,132.495,74
2015-11-09 17:57:00,2015-11-09 17:58:00,132.479,132.467,132.492,132.466,132.498,132.49,132.514,132.489,234
2015-11-09 17:58:00,2015-11-09 17:59:00,132.467,132.453,132.475,132.453,132.49,132.476,132.496,132.476,210
2015-11-09 17:59:00,2015-11-09 18:00:00,132.453,132.482,132.482,132.444,132.476,132.504,132.504,132.467,217
2015-11-09 18:00:00,2015-11-09 18:01:00,132.482,132.476,132.492,132.473,132.504,132.498,132.515,132.496,142
2015-11-09 18:01:00,2015-11-09 18:02:00,132.476,132.475,132.483,132.464,132.498,132.497,132.505,132.487,150
2015-11-09 18:02:00,2015-11-09 18:03:00,132.475,132.488,132.496,132.468,132.497,132.509,132.519,132.49,281
2015-11-09 18:03:00,2015-11-09 18:04:00,132.488,132.48,132.494,132.476,132.509,132.502,132.517,132.499,336
2015-11-09 18:04:00,2015-11-09 18:05:00,132.48,132.463,132.484,132.453,132.502,132.487,132.506,132.478,310
2015-11-09 18:05:00,2015-11-09 18:06:00,132.463,132.48,132.485,132.463,132.487,132.503,132.509,132.486,172
2015-11-09 18:06:00,2015-11-09 18:07:00,132.48,132.459,132.488,132.459,132.503,132.483,132.512,132.483,242
2015-11-09 18:07:00,2015-11-09 18:08:00,132.459,132.455,132.467,132.454,132.483,132.478,132.49,132.476,188
2015-11-09 18:08:00,2015-11-09 18:09:00,132.455,132.423,132.457,132.422,132.478,132.447,132.48,132.446,252
2015-11-09 18:09:00,2015-11-09 18:10:00,132.423,132.422,132.453,132.422,132.447,132.445,132.475,132.445,311
2015-11-09 18:10:00,2015-11-09 18:11:00,132.422,132.43,132.431,132.416,132.445,132.454,132.454,132.439,275
2015-11-09 18:11:00,2015-11-09 18:12:00,132.43,132.419,132.432,132.419,132.454,132.441,132.454,132.441,124
2015-11-09 18:12:00,2015-11-09 18:13:00,132.419,132.402,132.422,132.394,132.441,132.422,132.446,132.415,283
2015-11-09 18:13:00,2015-11-09 18:14:00,132.402,132.376,132.402,132.373,132.422,132.395,132.427,132.392,185
2015-11-09 18:14:00,2015-11-09 18:15:00,132.376,132.373,132.383,132.372,132.395,132.391,132.402,132.391,135
2015-11-09 18:15:00,2015-11-09 18:16:00,132.373,132.368,132.373,132.364,132.391,132.388,132.391,132.383,105
2015-11-09 18:16:00,2015-11-09 18:17:00,132.368,132.358,132.37,132.352,132.388,132.378,132.39,132.372,123
2015-11-09 18:17:00,2015-11-09 18:18:00,132.358,132.357,132.373,132.349,132.378,132.38,132.393,132.37,189
2015-11-09 18:18:00,2015-11-09 18:19:00,132.357,132.366,132.378,132.356,132.38,132.39,132.401,132.378,132
2015-11-09 18:19:00,2015-11-09 18:20:00,132.366,132.368,132.376,132.36,132.39,132.392,132.398,132.385,132
2015-11-09 18:20:00,2015-11-09 18:21:00,132.368,132.386,132.389,132.368,132.392,132.406,132.412,132.39,204
2015-11-09 18:21:00,2015-11-09 18:22:00,132.386,132.385,132.387,132.371,132.406,132.404,132.409,132.391,181
2015-11-09 18:22:00,2015-11-09 18:23:00,132.385,132.385,132.389,132.379,132.404,132.405,132.41,132.397,114
2015-11-09 18:23:00,2015-11-09 18:24:00,132.385,132.378,132.388,132.377,132.405,132.398,132.407,132.396,62
2015-11-09 18:24:00,2015-11-09 18:25:00,132.378,132.385,132.39,132.371,132.398,132.406,132.412,132.389,178
2015-11-09 18:25:00,2015-11-09 18:26:00,132.385,132.388,132.388,132.368,132.406,132.408,132.41,132.389,282
2015-11-09 18:26:00,2015-11-09 18:27:00,132.388,132.403,132.403,132.374,132.408,132.423,132.423,132.396,217
2015-11-09 18:27:00,2015-11-09 18:28:00,132.403,132.39,132.404,132.39,132.423,132.413,132.424,132.411,135
2015-11-09 18:28:00,2015-11-09 18:29:00,132.39,132.389,132.391,132.387,132.413,132.413,132.414,132.41,53
2015-11-09 18:29:00,2015-11-09 18:30:00,132.389,132.394,132.403,132.376,132.413,132.415,132.424,132.398,349
2015-11-09 18:30:00,2015-11-09 18:31:00,132.394,132.399,132.41,132.394,132.415,132.421,132.432,132.415,142
2015-11-09 18:31:00,2015-11-09 18:32:00,132.399,132.382,132.411,132.38,132.421,132.406,132.433,132.403,193
2015-11-09 18:32:00,2015-11-09 18:33:00,132.382,132.366,132.386,132.363,132.406,132.388,132.41,132.387,216
2015-11-09 18:33:00,2015-11-09 18:34:00,132.366,132.378,132.378,132.36,132.388,132.403,132.403,132.382,164
2015-11-09 18:34:00,2015-11-09 18:35:00,132.378,132.375,132.391,132.372,132.403,132.4,132.416,132.396,187
2015-11-09 18:35:00,2015-11-09 18:36:00,132.375,132.397,132.4,132.375,132.4,132.42,132.423,132.399,274
2015-11-09 18:36:00,2015-11-09 18:37:00,132.397,132.399,132.406,132.387,132.42,132.423,132.43,132.41,172
2015-11-09 18:37:00,2015-11-09 18:38:00,132.399,132.408,132.421,132.393,132.423,132.43,132.443,132.416,172
2015-11-09 18:38:00,2015-11-09 18:39:00,132.408,132.409,132.415,132.402,132.43,132.432,132.439,132.423,163
2015-11-09 18:39:00,2015-11-09 18:40:00,132.409,132.402,132.411,132.398,132.432,132.425,132.434,132.42,223
2015-11-09 18:40:00,2015-11-09 18:41:00,132.402,132.41,132.41,132.394,132.425,132.431,132.431,132.417,178
2015-11-09 18:41:00,2015-11-09 18:42:00,132.41,132.425,132.426,132.4,132.431,132.448,132.449,132.422,170
2015-11-09 18:42:00,2015-11-09 18:43:00,132.425,132.439,132.45,132.421,132.448,132.463,132.475,132.446,201
2015-11-09 18:43:00,2015-11-09 18:44:00,132.439,132.442,132.465,132.436,132.463,132.466,132.486,132.458,245
2015-11-09 18:44:00,2015-11-09 18:45:00,132.442,132.433,132.445,132.433,132.466,132.456,132.468,132.456,159
2015-11-09 18:45:00,2015-11-09 18:46:00,132.433,132.42,132.436,132.417,132.456,132.443,132.46,132.44,175
2015-11-09 18:46:00,2015-11-09 18:47:00,132.42,132.442,132.445,132.419,132.443,132.465,132.467,132.443,177
2015-11-09 18:47:00,2015-11-09 18:48:00,132.442,132.449,132.449,132.438,132.465,132.473,132.473,132.462,160
2015-11-09 18:48:00,2015-11-09 18:49:00,132.449,132.454,132.46,132.445,132.473,132.477,132.484,132.468,115
2015-11-09 18:49:00,2015-11-09 18:50:00,132.454,132.443,132.457,132.439,132.477,132.466,132.481,132.462,161
2015-11-09 18:50:00,2015-11-09 18:51:00,132.443,132.435,132.445,132.426,132.466,132.458,132.469,132.448,368
2015-11-09 18:51:00,2015-11-09 18:52:00,132.435,132.44,132.44,132.427,132.458,132.463,132.463,132.449,102
2015-11-09 18:52:00,2015-11-09 18:53:00,132.44,132.433,132.442,132.432,132.463,132.455,132.464,132.453,119
2015-11-09 18:53:00,2015-11-09 18:54:00,132.433,132.433,132.434,132.425,132.455,132.454,132.456,132.447,129
2015-11-09 18:54:00,2015-11-09 18:55:00,132.433,132.435,132.436,132.428,132.454,132.458,132.459,132.45,169
2015-11-09 18:55:00,2015-11-09 18:56:00,132.435,132.44,132.441,132.433,132.458,132.463,132.465,132.456,93
2015-11-09 18:56:00,2015-11-09 18:57:00,132.44,132.435,132.447,132.435,132.463,132.46,132.468,132.459,128
2015-11-09 18:57:00,2015-11-09 18:58:00,132.435,132.428,132.439,132.426,132.46,132.451,132.462,132.45,163
2015-11-09 18:58:00,2015-11-09 18:59:00,132.428,132.434,132.435,132.425,132.451,132.458,132.46,132.449,148
2015-11-09 18:59:00,2015-11-09 19:00:00,132.434,132.416,132.439,132.412,132.458,132.441,132.463,132.436,258
2015-11-09 19:00:00,2015-11-09 19:01:00,132.416,132.405,132.417,132.403,132.441,132.428,132.442,132.426,81
2015-11-09 19:01:00,2015-11-09 19:02:00,132.405,132.403,132.411,132.403,132.428,132.427,132.434,132.424,144
2015-11-09 19:02:00,2015-11-09 19:03:00,132.403,132.42,132.42,132.397,132.427,132.444,132.444,132.419,173
2015-11-09 19:03:00,2015-11-09 19:04:00,132.42,132.417,132.424,132.411,132.444,132.44,132.446,132.434,125
2015-11-09 19:04:00,2015-11-09 19:05:00,132.417,132.411,132.42,132.405,132.44,132.433,132.442,132.428,154
2015-11-09 19:05:00,2015-11-09 19:06:00,132.411,132.405,132.419,132.399,132.433,132.429,132.441,132.421,234
2015-11-09 19:06:00,2015-11-09 19:07:00,132.405,132.41,132.411,132.399,132.429,132.432,132.435,132.419,153
2015-11-09 19:07:00,2015-11-09 19:08:00,132.41,132.418,132.426,132.403,132.432,132.437,132.447,132.426,197
2015-11-09 19:08:00,2015-11-09 19:09:00,132.418,132.427,132.43,132.415,132.437,132.446,132.451,132.435,267
2015-11-09 19:09:00,2015-11-09 19:10:00,132.427,132.425,132.439,132.422,132.446,132.445,132.459,132.441,328
2015-11-09 19:10:00,2015-11-09 19:11:00,132.425,132.432,132.433,132.406,132.445,132.453,132.453,132.425,184
2015-11-09 19:11:00,2015-11-09 19:12:00,132.432,132.439,132.445,132.424,132.453,132.46,132.466,132.443,241
2015-11-09 19:12:00,2015-11-09 19:13:00,132.439,132.426,132.439,132.425,132.46,132.446,132.46,132.444,147
2015-11-09 19:13:00,2015-11-09 19:14:00,132.426,132.448,132.448,132.426,132.446,132.466,132.466,132.446,112
2015-11-09 19:14:00,2015-11-09 19:15:00,132.448,132.444,132.453,132.433,132.466,132.466,132.471,132.452,244
2015-11-09 19:15:00,2015-11-09 19:16:00,132.444,132.444,132.445,132.441,132.466,132.465,132.467,132.461,81
2015-11-09 19:16:00,2015-11-09 19:17:00,132.444,132.444,132.446,132.436,132.465,132.466,132.467,132.457,116
2015-11-09 19:17:00,2015-11-09 19:18:00,132.444,132.448,132.45,132.437,132.466,132.469,132.471,132.457,157
2015-11-09 19:18:00,2015-11-09 19:19:00,132.448,132.443,132.456,132.437,132.469,132.464,132.477,132.458,302
2015-11-09 19:19:00,2015-11-09 19:20:00,132.443,132.428,132.443,132.427,132.464,132.45,132.463,132.449,124
2015-11-09 19:20:00,2015-11-09 19:21:00,132.428,132.435,132.435,132.416,132.45,132.458,132.458,132.438,165
2015-11-09 19:21:00,2015-11-09 19:22:00,132.435,132.438,132.451,132.426,132.458,132.462,132.474,132.448,215
2015-11-09 19:22:00,2015-11-09 19:23:00,132.438,132.447,132.453,132.438,132.462,132.471,132.478,132.46,126
2015-11-09 19:23:00,2015-11-09 19:24:00,132.447,132.444,132.449,132.436,132.471,132.466,132.475,132.458,85
2015-11-09 19:24:00,2015-11-09 19:25:00,132.444,132.448,132.457,132.444,132.466,132.47,132.481,132.467,182
2015-11-09 19:25:00,2015-11-09 19:26:00,132.448,132.45,132.45,132.435,132.47,132.473,132.473,132.46,123
2015-11-09 19:26:00,2015-11-09 19:27:00,132.45,132.468,132.468,132.447,132.473,132.49,132.49,132.47,149
2015-11-09 19:27:00,2015-11-09 19:28:00,132.468,132.455,132.468,132.454,132.49,132.478,132.489,132.477,110
2015-11-09 19:28:00,2015-11-09 19:29:00,132.455,132.446,132.455,132.437,132.478,132.471,132.479,132.461,176
2015-11-09 19:29:00,2015-11-09 19:30:00,132.446,132.445,132.447,132.44,132.471,132.468,132.471,132.466,71
2015-11-09 19:30:00,2015-11-09 19:31:00,132.445,132.465,132.465,132.44,132.468,132.49,132.49,132.464,107
2015-11-09 19:31:00,2015-11-09 19:32:00,132.465,132.465,132.473,132.463,132.49,132.489,132.496,132.487,99
2015-11-09 19:32:00,2015-11-09 19:33:00,132.465,132.456,132.476,132.456,132.489,132.477,132.499,132.477,112
2015-11-09 19:33:00,2015-11-09 19:34:00,132.456,132.456,132.458,132.456,132.477,132.477,132.481,132.477,73
2015-11-09 19:34:00,2015-11-09 19:35:00,132.456,132.443,132.457,132.443,132.477,132.467,132.48,132.467,106
2015-11-09 19:35:00,2015-11-09 19:36:00,132.443,132.446,132.446,132.437,132.467,132.467,132.47,132.458,87
2015-11-09 19:36:00,2015-11-09 19:37:00,132.446,132.441,132.452,132.44,132.467,132.464,132.475,132.464,133
2015-11-09 19:37:00,2015-11-09 19:38:00,132.441,132.429,132.445,132.421,132.464,132.449,132.467,132.444,284
2015-11-09 19:38:00,2015-11-09 19:39:00,132.429,132.427,132.433,132.418,132.449,132.447,132.453,132.438,314
2015-11-09 19:39:00,2015-11-09 19:40:00,132.427,132.415,132.426,132.413,132.447,132.436,132.448,132.433,263
2015-11-09 19:40:00,2015-11-09 19:41:00,132.415,132.411,132.417,132.392,132.436,132.433,132.441,132.415,313
2015-11-09 19:41:00,2015-11-09 19:42:00,132.411,132.412,132.418,132.408,132.433,132.433,132.442,132.432,179
2015-11-09 19:42:00,2015-11-09 19:43:00,132.412,132.421,132.425,132.407,132.433,132.443,132.449,132.431,195
2015-11-09 19:43:00,2015-11-09 19:44:00,132.421,132.418,132.429,132.417,132.443,132.44,132.452,132.44,213
2015-11-09 19:44:00,2015-11-09 19:45:00,132.418,132.417,132.421,132.407,132.44,132.44,132.445,132.429,188
2015-11-09 19:45:00,2015-11-09 19:46:00,132.417,132.407,132.42,132.407,132.44,132.432,132.444,132.431,217
2015-11-09 19:46:00,2015-11-09 19:47:00,132.407,132.405,132.407,132.393,132.432,132.429,132.431,132.415,147
2015-11-09 19:47:00,2015-11-09 19:48:00,132.405,132.41,132.417,132.404,132.429,132.433,132.442,132.427,104
2015-11-09 19:48:00,2015-11-09 19:49:00,132.41,132.402,132.409,132.398,132.433,132.427,132.433,132.42,115
2015-11-09 19:49:00,2015-11-09 19:50:00,132.402,132.402,132.403,132.389,132.427,132.425,132.426,132.411,134
2015-11-09 19:50:00,2015-11-09 19:51:00,132.402,132.407,132.407,132.393,132.425,132.43,132.431,132.416,119
2015-11-09 19:51:00,2015-11-09 19:52:00,132.407,132.412,132.42,132.406,132.43,132.435,132.443,132.429,110
2015-11-09 19:52:00,2015-11-09 19:53:00,132.412,132.402,132.412,132.401,132.435,132.425,132.435,132.424,97
2015-11-09 19:53:00,2015-11-09 19:54:00,132.402,132.407,132.412,132.4,132.425,132.431,132.436,132.424,144
2015-11-09 19:54:00,2015-11-09 19:55:00,132.407,132.405,132.408,132.402,132.431,132.428,132.432,132.425,159
2015-11-09 19:55:00,2015-11-09 19:56:00,132.405,132.413,132.414,132.405,132.428,132.436,132.438,132.428,105
2015-11-09 19:56:00,2015-11-09 19:57:00,132.413,132.427,132.429,132.413,132.436,132.45,132.451,132.434,119
2015-11-09 19:57:00,2015-11-09 19:58:00,132.427,132.432,132.432,132.423,132.45,132.455,132.455,132.445,187
2015-11-09 19:58:00,2015-11-09 19:59:00,132.432,132.412,132.443,132.402,132.455,132.435,132.465,132.424,548
2015-11-09 19:59:00,2015-11-09 20:00:00,132.412,132.425,132.43,132.411,132.435,132.451,132.455,132.436,145
2015-11-09 20:00:00,2015-11-09 20:01:00,132.425,132.41,132.425,132.405,132.451,132.433,132.45,132.429,201
2015-11-09 20:01:00,2015-11-09 20:02:00,132.41,132.398,132.413,132.397,132.433,132.422,132.437,132.42,133
2015-11-09 20:02:00,2015-11-09 20:03:00,132.398,132.398,132.403,132.398,132.422,132.423,132.425,132.421,60
2015-11-09 20:03:00,2015-11-09 20:04:00,132.398,132.405,132.405,132.398,132.423,132.429,132.429,132.423,45
2015-11-09 20:04:00,2015-11-09 20:05:00,132.405,132.42,132.42,132.405,132.429,132.443,132.443,132.428,58
2015-11-09 20:05:00,2015-11-09 20:06:00,132.42,132.413,132.424,132.413,132.443,132.438,132.448,132.437,122
2015-11-09 20:06:00,2015-11-09 20:07:00,132.413,132.42,132.42,132.413,132.438,132.444,132.444,132.436,48
2015-11-09 20:07:00,2015-11-09 20:08:00,132.42,132.423,132.425,132.42,132.444,132.446,132.447,132.442,42
2015-11-09 20:08:00,2015-11-09 20:09:00,132.423,132.447,132.447,132.422,132.446,132.469,132.469,132.446,134
2015-11-09 20:09:00,2015-11-09 20:10:00,132.447,132.437,132.447,132.433,132.469,132.459,132.469,132.458,118
2015-11-09 20:10:00,2015-11-09 20:11:00,132.437,132.435,132.437,132.433,132.459,132.457,132.46,132.454,113
2015-11-09 20:11:00,2015-11-09 20:12:00,132.435,132.434,132.434,132.433,132.457,132.457,132.458,132.453,49
2015-11-09 20:12:00,2015-11-09 20:13:00,132.434,132.441,132.446,132.433,132.457,132.464,132.47,132.454,135
2015-11-09 20:13:00,2015-11-09 20:14:00,132.441,132.464,132.465,132.431,132.464,132.488,132.488,132.453,261
2015-11-09 20:14:00,2015-11-09 20:15:00,132.464,132.445,132.464,132.444,132.488,132.47,132.487,132.465,132
2015-11-09 20:15:00,2015-11-09 20:16:00,132.445,132.406,132.445,132.401,132.47,132.431,132.469,132.427,274
2015-11-09 20:16:00,2015-11-09 20:17:00,132.406,132.406,132.407,132.401,132.431,132.43,132.431,132.424,75
2015-11-09 20:17:00,2015-11-09 20:18:00,132.406,132.403,132.407,132.398,132.43,132.426,132.432,132.421,117
2015-11-09 20:18:00,2015-11-09 20:19:00,132.403,132.41,132.416,132.399,132.426,132.431,132.439,132.421,182
2015-11-09 20:19:00,2015-11-09 20:20:00,132.41,132.418,132.419,132.405,132.431,132.439,132.441,132.428,150
2015-11-09 20:20:00,2015-11-09 20:21:00,132.418,132.43,132.435,132.418,132.439,132.451,132.455,132.438,116
2015-11-09 20:21:00,2015-11-09 20:22:00,132.43,132.454,132.455,132.425,132.451,132.478,132.478,132.447,170
2015-11-09 20:22:00,2015-11-09 20:23:00,132.454,132.452,132.463,132.446,132.478,132.474,132.483,132.468,115
2015-11-09 20:23:00,2015-11-09 20:24:00,132.452,132.456,132.456,132.453,132.474,132.478,132.478,132.474,45
2015-11-09 20:24:00,2015-11-09 20:25:00,132.456,132.454,132.458,132.447,132.478,132.476,132.479,132.468,93
2015-11-09 20:25:00,2015-11-09 20:26:00,132.454,132.431,132.466,132.431,132.476,132.456,132.488,132.455,215
2015-11-09 20:26:00,2015-11-09 20:27:00,132.431,132.44,132.44,132.427,132.456,132.464,132.464,132.448,136
2015-11-09 20:27:00,2015-11-09 20:28:00,132.44,132.437,132.453,132.431,132.464,132.459,132.478,132.454,156
2015-11-09 20:28:00,2015-11-09 20:29:00,132.437,132.438,132.439,132.431,132.459,132.46,132.462,132.453,92
2015-11-09 20:29:00,2015-11-09 20:30:00,132.438,132.453,132.458,132.435,132.46,132.478,132.483,132.458,192
2015-11-09 20:30:00,2015-11-09 20:31:00,132.453,132.454,132.462,132.453,132.478,132.476,132.486,132.476,103
2015-11-09 20:31:00,2015-11-09 20:32:00,132.454,132.455,132.455,132.45,132.476,132.48,132.48,132.475,34
2015-11-09 20:32:00,2015-11-09 20:33:00,132.455,132.463,132.465,132.453,132.48,132.487,132.489,132.477,84
2015-11-09 20:33:00,2015-11-09 20:34:00,132.463,132.466,132.466,132.461,132.487,132.49,132.49,132.483,84
2015-11-09 20:34:00,2015-11-09 20:35:00,132.466,132.467,132.468,132.464,132.49,132.49,132.491,132.487,57
2015-11-09 20:35:00,2015-11-09 20:36:00,132.467,132.466,132.469,132.461,132.49,132.489,132.495,132.481,99
2015-11-09 20:36:00,2015-11-09 20:37:00,132.466,132.463,132.468,132.461,132.489,132.479,132.491,132.478,69
2015-11-09 20:37:00,2015-11-09 20:38:00,132.463,132.464,132.467,132.463,132.479,132.487,132.491,132.48,75
2015-11-09 20:38:00,2015-11-09 20:39:00,132.464,132.461,132.463,132.461,132.487,132.482,132.488,132.479,41
2015-11-09 20:39:00,2015-11-09 20:40:00,132.461,132.469,132.47,132.461,132.482,132.488,132.491,132.481,130
2015-11-09 20:40:00,2015-11-09 20:41:00,132.469,132.462,132.469,132.461,132.488,132.48,132.489,132.478,99
2015-11-09 20:41:00,2015-11-09 20:42:00,132.462,132.449,132.462,132.447,132.48,132.469,132.48,132.468,53
2015-11-09 20:42:00,2015-11-09 20:43:00,132.449,132.458,132.461,132.449,132.469,132.478,132.483,132.47,68
2015-11-09 20:43:00,2015-11-09 20:44:00,132.458,132.465,132.468,132.455,132.478,132.486,132.487,132.476,204
2015-11-09 20:44:00,2015-11-09 20:45:00,132.465,132.47,132.47,132.455,132.486,132.491,132.491,132.477,133
2015-11-09 20:45:00,2015-11-09 20:46:00,132.47,132.481,132.482,132.46,132.491,132.498,132.499,132.482,190
2015-11-09 20:46:00,2015-11-09 20:47:00,132.481,132.464,132.481,132.463,132.498,132.487,132.498,132.487,124
2015-11-09 20:47:00,2015-11-09 20:48:00,132.464,132.466,132.467,132.462,132.487,132.485,132.49,132.485,31
2015-11-09 20:48:00,2015-11-09 20:49:00,132.466,132.468,132.47,132.446,132.485,132.487,132.488,132.469,143
2015-11-09 20:49:00,2015-11-09 20:50:00,132.468,132.459,132.468,132.457,132.487,132.48,132.488,132.479,128
2015-11-09 20:50:00,2015-11-09 20:51:00,132.459,132.456,132.469,132.454,132.48,132.477,132.487,132.476,162
2015-11-09 20:51:00,2015-11-09 20:52:00,132.456,132.45,132.461,132.442,132.477,132.473,132.483,132.465,310
2015-11-09 20:52:00,2015-11-09 20:53:00,132.45,132.448,132.458,132.434,132.473,132.47,132.481,132.459,221
2015-11-09 20:53:00,2015-11-09 20:54:00,132.448,132.449,132.456,132.443,132.47,132.473,132.48,132.467,113
2015-11-09 20:54:00,2015-11-09 20:55:00,132.449,132.445,132.45,132.44,132.473,132.47,132.473,132.465,115
2015-11-09 20:55:00,2015-11-09 20:56:00,132.445,132.446,132.453,132.44,132.47,132.467,132.476,132.462,103
2015-11-09 20:56:00,2015-11-09 20:57:00,132.446,132.446,132.446,132.429,132.467,132.47,132.47,132.452,242
2015-11-09 20:57:00,2015-11-09 20:58:00,132.446,132.443,132.453,132.431,132.47,132.467,132.475,132.456,340
2015-11-09 20:58:00,2015-11-09 20:59:00,132.443,132.457,132.468,132.438,132.467,132.481,132.49,132.463,452
2015-11-09 20:59:00,2015-11-09 21:00:00,132.457,132.463,132.471,132.456,132.481,132.487,132.496,132.478,167
2015-11-09 21:00:00,2015-11-09 21:01:00,132.463,132.459,132.475,132.452,132.487,132.485,132.5,132.476,179
2015-11-09 21:01:00,2015-11-09 21:02:00,132.459,132.441,132.459,132.441,132.485,132.465,132.484,132.465,116
2015-11-09 21:02:00,2015-11-09 21:03:00,132.441,132.451,132.455,132.443,132.465,132.477,132.48,132.465,66
2015-11-09 21:03:00,2015-11-09 21:04:00,132.451,132.424,132.452,132.424,132.477,132.446,132.477,132.446,71
2015-11-09 21:04:00,2015-11-09 21:05:00,132.424,132.407,132.432,132.406,132.446,132.43,132.456,132.43,81
2015-11-09 21:05:00,2015-11-09 21:06:00,132.407,132.408,132.411,132.406,132.43,132.43,132.435,132.428,43
2015-11-09 21:06:00,2015-11-09 21:07:00,132.408,132.425,132.426,132.408,132.43,132.447,132.45,132.43,82
2015-11-09 21:07:00,2015-11-09 21:08:00,132.425,132.419,132.427,132.419,132.447,132.438,132.452,132.438,95
2015-11-09 21:08:00,2015-11-09 21:09:00,132.419,132.43,132.431,132.418,132.438,132.452,132.455,132.44,88
2015-11-09 21:09:00,2015-11-09 21:10:00,132.43,132.422,132.434,132.42,132.452,132.445,132.46,132.441,63
2015-11-09 21:10:00,2015-11-09 21:11:00,132.422,132.439,132.44,132.421,132.445,132.465,132.465,132.446,61
2015-11-09 21:11:00,2015-11-09 21:12:00,132.439,132.43,132.439,132.428,132.465,132.455,132.465,132.453,73
2015-11-09 21:12:00,2015-11-09 21:13:00,132.43,132.431,132.431,132.428,132.455,132.456,132.457,132.452,32
2015-11-09 21:13:00,2015-11-09 21:14:00,132.431,132.433,132.433,132.424,132.456,132.458,132.459,132.449,55
2015-11-09 21:14:00,2015-11-09 21:15:00,132.433,132.437,132.437,132.432,132.458,132.46,132.46,132.457,10
2015-11-09 21:15:00,2015-11-09 21:16:00,132.437,132.442,132.443,132.437,132.46,132.466,132.467,132.46,27
2015-11-09 21:16:00,2015-11-09 21:17:00,132.442,132.438,132.442,132.435,132.466,132.464,132.466,132.461,47
2015-11-09 21:17:00,2015-11-09 21:18:00,132.438,132.431,132.438,132.424,132.464,132.456,132.463,132.449,49
2015-11-09 21:18:00,2015-11-09 21:19:00,132.431,132.436,132.437,132.43,132.456,132.461,132.462,132.456,19
2015-11-09 21:19:00,2015-11-09 21:20:00,132.436,132.435,132.438,132.434,132.461,132.457,132.462,132.457,15
2015-11-09 21:20:00,2015-11-09 21:21:00,132.435,132.434,132.437,132.433,132.457,132.456,132.46,132.455,26
2015-11-09 21:21:00,2015-11-09 21:22:00,132.434,132.418,132.436,132.417,132.456,132.441,132.458,132.441,62
2015-11-09 21:22:00,2015-11-09 21:23:00,132.418,132.416,132.417,132.416,132.441,132.442,132.442,132.44,14
2015-11-09 21:23:00,2015-11-09 21:24:00,132.416,132.406,132.419,132.406,132.442,132.43,132.443,132.428,90
2015-11-09 21:24:00,2015-11-09 21:25:00,132.406,132.411,132.411,132.399,132.43,132.433,132.436,132.423,72
2015-11-09 21:25:00,2015-11-09 21:26:00,132.411,132.411,132.414,132.407,132.433,132.431,132.435,132.427,73
2015-11-09 21:26:00,2015-11-09 21:27:00,132.411,132.411,132.412,132.402,132.431,132.43,132.432,132.421,93
2015-11-09 21:27:00,2015-11-09 21:28:00,132.411,132.412,132.415,132.409,132.43,132.432,132.437,132.43,65
2015-11-09 21:28:00,2015-11-09 21:29:00,132.412,132.416,132.416,132.407,132.432,132.44,132.44,132.43,86
2015-11-09 21:29:00,2015-11-09 21:30:00,132.416,132.422,132.422,132.411,132.44,132.444,132.445,132.438,51
2015-11-09 21:30:00,2015-11-09 21:31:00,132.422,132.415,132.423,132.415,132.444,132.443,132.446,132.443,31
2015-11-09 21:31:00,2015-11-09 21:32:00,132.415,132.418,132.42,132.415,132.443,132.446,132.446,132.443,22
2015-11-09 21:32:00,2015-11-09 21:33:00,132.418,132.412,132.42,132.41,132.446,132.442,132.449,132.436,44
2015-11-09 21:33:00,2015-11-09 21:34:00,132.412,132.416,132.416,132.409,132.442,132.438,132.442,132.435,28
2015-11-09 21:34:00,2015-11-09 21:35:00,132.416,132.413,132.416,132.41,132.438,132.439,132.444,132.438,18
2015-11-09 21:35:00,2015-11-09 21:36:00,132.413,132.408,132.413,132.407,132.439,132.435,132.439,132.434,29
2015-11-09 21:36:00,2015-11-09 21:37:00,132.408,132.403,132.412,132.402,132.435,132.431,132.44,132.43,74
2015-11-09 21:37:00,2015-11-09 21:38:00,132.403,132.401,132.404,132.4,132.431,132.426,132.431,132.426,22
2015-11-09 21:38:00,2015-11-09 21:39:00,132.401,132.403,132.409,132.399,132.426,132.431,132.433,132.425,38
2015-11-09 21:39:00,2015-11-09 21:40:00,132.403,132.398,132.404,132.395,132.431,132.427,132.431,132.421,71
2015-11-09 21:40:00,2015-11-09 21:41:00,132.398,132.387,132.402,132.387,132.427,132.414,132.429,132.414,75
2015-11-09 21:41:00,2015-11-09 21:42:00,132.387,132.386,132.392,132.379,132.414,132.415,132.418,132.407,108
2015-11-09 21:42:00,2015-11-09 21:43:00,132.386,132.391,132.391,132.38,132.415,132.417,132.417,132.409,85
2015-11-09 21:43:00,2015-11-09 21:44:00,132.391,132.381,132.391,132.381,132.417,132.408,132.416,132.408,51
2015-11-09 21:44:00,2015-11-09 21:45:00,132.381,132.37,132.382,132.369,132.408,132.398,132.409,132.396,40
2015-11-09 21:45:00,2015-11-09 21:46:00,132.37,132.371,132.374,132.367,132.398,132.396,132.402,132.391,151
2015-11-09 21:46:00,2015-11-09 21:47:00,132.371,132.359,132.372,132.354,132.396,132.386,132.396,132.378,95
2015-11-09 21:47:00,2015-11-09 21:48:00,132.359,132.363,132.364,132.352,132.386,132.391,132.392,132.38,121
2015-11-09 21:48:00,2015-11-09 21:49:00,132.363,132.365,132.369,132.364,132.391,132.392,132.397,132.391,174
2015-11-09 21:49:00,2015-11-09 21:50:00,132.365,132.368,132.371,132.364,132.392,132.395,132.396,132.391,85
2015-11-09 21:50:00,2015-11-09 21:51:00,132.368,132.37,132.371,132.361,132.395,132.396,132.396,132.385,116
2015-11-09 21:51:00,2015-11-09 21:52:00,132.37,132.367,132.375,132.362,132.396,132.391,132.4,132.386,194
2015-11-09 21:52:00,2015-11-09 21:53:00,132.367,132.373,132.373,132.363,132.391,132.4,132.4,132.388,114
2015-11-09 21:53:00,2015-11-09 21:54:00,132.373,132.379,132.387,132.369,132.4,132.407,132.416,132.396,273
2015-11-09 21:54:00,2015-11-09 21:55:00,132.379,132.385,132.392,132.379,132.407,132.414,132.419,132.407,286
2015-11-09 21:55:00,2015-11-09 21:56:00,132.385,132.408,132.41,132.382,132.414,132.43,132.434,132.404,175
2015-11-09 21:56:00,2015-11-09 21:57:00,132.408,132.392,132.409,132.391,132.43,132.423,132.437,132.42,392
2015-11-09 21:57:00,2015-11-09 21:58:00,132.392,132.404,132.418,132.391,132.423,132.436,132.448,132.422,266
2015-11-09 21:58:00,2015-11-09 21:59:00,132.404,132.405,132.421,132.381,132.436,132.453,132.462,132.436,531
2015-11-09 21:59:00,2015-11-09 22:00:00,132.405,132.369,132.423,132.353,132.453,132.445,132.473,132.445,23
2015-11-09 22:00:00,2015-11-09 22:01:00,132.369,132.386,132.386,132.374,132.445,132.45,132.45,132.445,3
2015-11-09 22:01:00,2015-11-09 22:02:00,132.386,132.385,132.386,132.385,132.45,132.445,132.445,132.445,2
2015-11-09 22:02:00,2015-11-09 22:03:00,132.385,132.377,132.385,132.377,132.445,132.456,132.456,132.441,13
2015-11-09 22:03:00,2015-11-09 22:04:00,132.377,132.374,132.389,132.374,132.456,132.429,132.456,132.426,22
2015-11-09 22:04:00,2015-11-09 22:05:00,132.374,132.406,132.417,132.386,132.429,132.434,132.452,132.425,36
2015-11-09 22:05:00,2015-11-09 22:06:00,132.406,132.41,132.41,132.402,132.434,132.439,132.443,132.432,24
2015-11-09 22:06:00,2015-11-09 22:07:00,132.41,132.407,132.41,132.406,132.439,132.438,132.442,132.438,8
2015-11-09 22:07:00,2015-11-09 22:08:00,132.407,132.411,132.412,132.406,132.438,132.439,132.441,132.437,15
2015-11-09 22:08:00,2015-11-09 22:09:00,132.411,132.408,132.411,132.408,132.439,132.443,132.445,132.443,5
2015-11-09 22:09:00,2015-11-09 22:10:00,132.408,132.412,132.415,132.406,132.443,132.45,132.45,132.443,14
2015-11-09 22:10:00,2015-11-09 22:11:00,132.412,132.416,132.418,132.411,132.45,132.451,132.454,132.45,30
2015-11-09 22:11:00,2015-11-09 22:12:00,132.416,132.414,132.418,132.413,132.451,132.446,132.452,132.446,40
2015-11-09 22:12:00,2015-11-09 22:13:00,132.414,132.413,132.413,132.413,132.446,132.446,132.446,132.446,1
2015-11-09 22:13:00,2015-11-09 22:14:00,132.413,132.403,132.414,132.402,132.446,132.437,132.447,132.437,45
2015-11-09 22:14:00,2015-11-09 22:15:00,132.403,132.402,132.405,132.402,132.437,132.437,132.437,132.437,2
2015-11-09 22:15:00,2015-11-09 22:16:00,132.402,132.392,132.399,132.392,132.437,132.431,132.438,132.43,22
2015-11-09 22:16:00,2015-11-09 22:17:00,132.392,132.392,132.395,132.391,132.431,132.427,132.434,132.425,26
2015-11-09 22:17:00,2015-11-09 22:18:00,132.392,132.391,132.405,132.388,132.427,132.428,132.438,132.421,58
2015-11-09 22:18:00,2015-11-09 22:19:00,132.391,132.391,132.392,132.391,132.428,132.428,132.428,132.428,2
2015-11-09 22:19:00,2015-11-09 22:20:00,132.391,132.394,132.403,132.391,132.428,132.433,132.435,132.423,29
2015-11-09 22:20:00,2015-11-09 22:21:00,132.394,132.394,132.396,132.392,132.433,132.433,132.436,132.427,27
2015-11-09 22:21:00,2015-11-09 22:22:00,132.394,132.39,132.394,132.388,132.433,132.419,132.435,132.415,40
2015-11-09 22:22:00,2015-11-09 22:23:00,132.39,132.391,132.391,132.389,132.419,132.426,132.426,132.417,13
2015-11-09 22:23:00,2015-11-09 22:24:00,132.391,132.392,132.393,132.388,132.426,132.422,132.426,132.422,39
2015-11-09 22:24:00,2015-11-09 22:25:00,132.392,132.409,132.411,132.393,132.422,132.448,132.448,132.422,76
2015-11-09 22:25:00,2015-11-09 22:26:00,132.409,132.391,132.405,132.386,132.448,132.437,132.448,132.432,100
2015-11-09 22:26:00,2015-11-09 22:27:00,132.391,132.387,132.392,132.387,132.437,132.435,132.44,132.435,24
2015-11-09 22:27:00,2015-11-09 22:28:00,132.387,132.387,132.387,132.387,132.435,132.434,132.435,132.433,15
2015-11-09 22:28:00,2015-11-09 22:29:00,132.387,132.387,132.388,132.386,132.434,132.429,132.436,132.429,35
2015-11-09 22:29:00,2015-11-09 22:30:00,132.387,132.391,132.391,132.381,132.429,132.432,132.435,132.425,162
2015-11-09 22:30:00,2015-11-09 22:31:00,132.391,132.387,132.392,132.386,132.432,132.431,132.436,132.429,111
2015-11-09 22:31:00,2015-11-09 22:32:00,132.387,132.38,132.392,132.366,132.431,132.425,132.43,132.408,205
2015-11-09 22:32:00,2015-11-09 22:33:00,132.38,132.369,132.38,132.358,132.425,132.41,132.421,132.405,252
2015-11-09 22:33:00,2015-11-09 22:34:00,132.369,132.367,132.371,132.363,132.41,132.413,132.417,132.41,103
2015-11-09 22:34:00,2015-11-09 22:35:00,132.367,132.373,132.377,132.369,132.413,132.417,132.422,132.413,57
2015-11-09 22:35:00,2015-11-09 22:36:00,132.373,132.385,132.387,132.373,132.417,132.428,132.429,132.417,181
2015-11-09 22:36:00,2015-11-09 22:37:00,132.385,132.379,132.386,132.377,132.428,132.421,132.429,132.417,330
2015-11-09 22:37:00,2015-11-09 22:38:00,132.379,132.377,132.38,132.371,132.421,132.419,132.421,132.412,286
2015-11-09 22:38:00,2015-11-09 22:39:00,132.377,132.376,132.382,132.366,132.419,132.415,132.423,132.409,376
2015-11-09 22:39:00,2015-11-09 22:40:00,132.376,132.385,132.386,132.372,132.415,132.423,132.423,132.41,381
2015-11-09 22:40:00,2015-11-09 22:41:00,132.385,132.372,132.393,132.369,132.423,132.407,132.429,132.405,345
2015-11-09 22:41:00,2015-11-09 22:42:00,132.372,132.371,132.379,132.365,132.407,132.408,132.415,132.404,476
2015-11-09 22:42:00,2015-11-09 22:43:00,132.371,132.371,132.377,132.363,132.408,132.408,132.416,132.404,538
2015-11-09 22:43:00,2015-11-09 22:44:00,132.371,132.358,132.375,132.356,132.408,132.395,132.412,132.393,214
2015-11-09 22:44:00,2015-11-09 22:45:00,132.358,132.377,132.378,132.358,132.395,132.407,132.414,132.388,400
2015-11-09 22:45:00,2015-11-09 22:46:00,132.377,132.363,132.392,132.363,132.407,132.393,132.425,132.393,451
2015-11-09 22:46:00,2015-11-09 22:47:00,132.363,132.375,132.391,132.363,132.393,132.404,132.427,132.392,401
2015-11-09 22:47:00,2015-11-09 22:48:00,132.375,132.381,132.386,132.374,132.404,132.41,132.419,132.403,164
2015-11-09 22:48:00,2015-11-09 22:49:00,132.381,132.375,132.385,132.374,132.41,132.408,132.417,132.403,506
2015-11-09 22:49:00,2015-11-09 22:50:00,132.375,132.379,132.379,132.372,132.408,132.411,132.413,132.403,438
2015-11-09 22:50:00,2015-11-09 22:51:00,132.379,132.38,132.384,132.377,132.411,132.409,132.418,132.408,267
2015-11-09 22:51:00,2015-11-09 22:52:00,132.38,132.369,132.381,132.366,132.409,132.401,132.41,132.398,198
2015-11-09 22:52:00,2015-11-09 22:53:00,132.369,132.352,132.373,132.349,132.401,132.386,132.403,132.382,454
2015-11-09 22:53:00,2015-11-09 22:54:00,132.352,132.352,132.356,132.347,132.386,132.387,132.39,132.378,441
2015-11-09 22:54:00,2015-11-09 22:55:00,132.352,132.349,132.367,132.345,132.387,132.38,132.396,132.376,428
2015-11-09 22:55:00,2015-11-09 22:56:00,132.349,132.345,132.354,132.344,132.38,132.378,132.386,132.375,381
2015-11-09 22:56:00,2015-11-09 22:57:00,132.345,132.354,132.363,132.342,132.378,132.388,132.397,132.374,427
2015-11-09 22:57:00,2015-11-09 22:58:00,132.354,132.351,132.374,132.33,132.388,132.387,132.404,132.367,540
2015-11-09 22:58:00,2015-11-09 22:59:00,132.351,132.365,132.374,132.348,132.387,132.399,132.408,132.381,484
2015-11-09 22:59:00,2015-11-09 23:00:00,132.365,132.344,132.375,132.327,132.399,132.377,132.4,132.353,765
2015-11-09 23:00:00,2015-11-09 23:01:00,132.344,132.352,132.355,132.341,132.377,132.383,132.386,132.372,291
2015-11-09 23:01:00,2015-11-09 23:02:00,132.352,132.36,132.369,132.349,132.383,132.39,132.4,132.381,167
2015-11-09 23:02:00,2015-11-09 23:03:00,132.36,132.365,132.367,132.361,132.39,132.393,132.397,132.388,225
2015-11-09 23:03:00,2015-11-09 23:04:00,132.365,132.366,132.371,132.359,132.393,132.393,132.397,132.386,177
2015-11-09 23:04:00,2015-11-09 23:05:00,132.366,132.365,132.366,132.363,132.393,132.39,132.395,132.389,82
2015-11-09 23:05:00,2015-11-09 23:06:00,132.365,132.371,132.371,132.365,132.39,132.395,132.395,132.389,60
2015-11-09 23:06:00,2015-11-09 23:07:00,132.371,132.365,132.373,132.365,132.395,132.39,132.397,132.389,86
2015-11-09 23:07:00,2015-11-09 23:08:00,132.365,132.356,132.366,132.355,132.39,132.379,132.391,132.379,75
2015-11-09 23:08:00,2015-11-09 23:09:00,132.356,132.341,132.356,132.341,132.379,132.365,132.381,132.365,47
2015-11-09 23:09:00,2015-11-09 23:10:00,132.341,132.357,132.357,132.339,132.365,132.381,132.381,132.363,165
2015-11-09 23:10:00,2015-11-09 23:11:00,132.357,132.36,132.365,132.355,132.381,132.384,132.389,132.379,116
2015-11-09 23:11:00,2015-11-09 23:12:00,132.36,132.359,132.36,132.358,132.384,132.384,132.385,132.381,67
2015-11-09 23:12:00,2015-11-09 23:13:00,132.359,132.368,132.37,132.357,132.384,132.393,132.394,132.38,102
2015-11-09 23:13:00,2015-11-09 23:14:00,132.368,132.38,132.381,132.365,132.393,132.405,132.405,132.39,145
2015-11-09 23:14:00,2015-11-09 23:15:00,132.38,132.377,132.381,132.376,132.405,132.401,132.405,132.4,258
2015-11-09 23:15:00,2015-11-09 23:16:00,132.377,132.384,132.388,132.376,132.401,132.407,132.409,132.399,273
2015-11-09 23:16:00,2015-11-09 23:17:00,132.384,132.387,132.39,132.384,132.407,132.411,132.412,132.407,149
2015-11-09 23:17:00,2015-11-09 23:18:00,132.387,132.389,132.39,132.381,132.411,132.417,132.418,132.406,144
2015-11-09 23:18:00,2015-11-09 23:19:00,132.389,132.387,132.41,132.38,132.417,132.411,132.438,132.407,247
2015-11-09 23:19:00,2015-11-09 23:20:00,132.387,132.363,132.387,132.358,132.411,132.386,132.412,132.384,242
2015-11-09 23:20:00,2015-11-09 23:21:00,132.363,132.355,132.385,132.35,132.386,132.38,132.411,132.375,293
2015-11-09 23:21:00,2015-11-09 23:22:00,132.355,132.367,132.373,132.355,132.38,132.391,132.399,132.378,206
2015-11-09 23:22:00,2015-11-09 23:23:00,132.367,132.368,132.384,132.356,132.391,132.391,132.409,132.381,183
2015-11-09 23:23:00,2015-11-09 23:24:00,132.368,132.356,132.374,132.356,132.391,132.38,132.395,132.38,106
2015-11-09 23:24:00,2015-11-09 23:25:00,132.356,132.359,132.382,132.353,132.38,132.383,132.406,132.377,196
2015-11-09 23:25:00,2015-11-09 23:26:00,132.359,132.366,132.377,132.356,132.383,132.39,132.401,132.38,122
2015-11-09 23:26:00,2015-11-09 23:27:00,132.366,132.378,132.389,132.366,132.39,132.402,132.414,132.391,171
2015-11-09 23:27:00,2015-11-09 23:28:00,132.378,132.375,132.38,132.375,132.402,132.399,132.405,132.399,69
2015-11-09 23:28:00,2015-11-09 23:29:00,132.375,132.384,132.386,132.375,132.399,132.409,132.411,132.399,68
2015-11-09 23:29:00,2015-11-09 23:30:00,132.384,132.374,132.385,132.374,132.409,132.399,132.409,132.399,111
2015-11-09 23:30:00,2015-11-09 23:31:00,132.374,132.358,132.376,132.356,132.399,132.384,132.4,132.383,98
2015-11-09 23:31:00,2015-11-09 23:32:00,132.358,132.37,132.376,132.347,132.384,132.393,132.399,132.373,195
2015-11-09 23:32:00,2015-11-09 23:33:00,132.37,132.381,132.385,132.359,132.393,132.399,132.403,132.385,348
2015-11-09 23:33:00,2015-11-09 23:34:00,132.381,132.387,132.388,132.377,132.399,132.407,132.409,132.395,282
2015-11-09 23:34:00,2015-11-09 23:35:00,132.387,132.383,132.394,132.375,132.407,132.403,132.412,132.396,167
2015-11-09 23:35:00,2015-11-09 23:36:00,132.383,132.388,132.395,132.381,132.403,132.411,132.413,132.402,168
2015-11-09 23:36:00,2015-11-09 23:37:00,132.388,132.383,132.395,132.382,132.411,132.41,132.418,132.407,127
2015-11-09 23:37:00,2015-11-09 23:38:00,132.383,132.383,132.385,132.378,132.41,132.408,132.412,132.405,69
2015-11-09 23:38:00,2015-11-09 23:39:00,132.383,132.392,132.395,132.383,132.408,132.418,132.421,132.408,68
2015-11-09 23:39:00,2015-11-09 23:40:00,132.392,132.403,132.406,132.393,132.418,132.426,132.432,132.417,191
2015-11-09 23:40:00,2015-11-09 23:41:00,132.403,132.398,132.404,132.397,132.426,132.423,132.432,132.421,91
2015-11-09 23:41:00,2015-11-09 23:42:00,132.398,132.405,132.406,132.398,132.423,132.429,132.431,132.422,64
2015-11-09 23:42:00,2015-11-09 23:43:00,132.405,132.408,132.417,132.405,132.429,132.434,132.442,132.43,93
2015-11-09 23:43:00,2015-11-09 23:44:00,132.408,132.403,132.409,132.399,132.434,132.429,132.435,132.425,103
2015-11-09 23:44:00,2015-11-09 23:45:00,132.403,132.415,132.417,132.403,132.429,132.435,132.439,132.429,55
2015-11-09 23:45:00,2015-11-09 23:46:00,132.415,132.411,132.416,132.405,132.435,132.436,132.437,132.428,104
2015-11-09 23:46:00,2015-11-09 23:47:00,132.411,132.385,132.421,132.384,132.436,132.409,132.447,132.409,201
2015-11-09 23:47:00,2015-11-09 23:48:00,132.385,132.422,132.425,132.386,132.409,132.445,132.446,132.409,190
2015-11-09 23:48:00,2015-11-09 23:49:00,132.422,132.416,132.422,132.414,132.445,132.438,132.445,132.438,110
2015-11-09 23:49:00,2015-11-09 23:50:00,132.416,132.42,132.427,132.416,132.438,132.443,132.448,132.439,66
2015-11-09 23:50:00,2015-11-09 23:51:00,132.42,132.41,132.42,132.407,132.443,132.435,132.443,132.433,41
2015-11-09 23:51:00,2015-11-09 23:52:00,132.41,132.408,132.412,132.406,132.435,132.432,132.438,132.431,67
2015-11-09 23:52:00,2015-11-09 23:53:00,132.408,132.409,132.413,132.407,132.432,132.433,132.436,132.431,68
2015-11-09 23:53:00,2015-11-09 23:54:00,132.409,132.404,132.41,132.404,132.433,132.429,132.435,132.429,49
2015-11-09 23:54:00,2015-11-09 23:55:00,132.404,132.411,132.413,132.404,132.429,132.435,132.436,132.429,53
2015-11-09 23:55:00,2015-11-09 23:56:00,132.411,132.407,132.427,132.405,132.435,132.43,132.45,132.43,150
2015-11-09 23:56:00,2015-11-09 23:57:00,132.407,132.401,132.406,132.391,132.43,132.426,132.43,132.415,110
2015-11-09 23:57:00,2015-11-09 23:58:00,132.401,132.376,132.404,132.376,132.426,132.401,132.427,132.401,101
2015-11-09 23:58:00,2015-11-09 23:59:00,132.376,132.393,132.393,132.366,132.401,132.418,132.418,132.389,156
2015-11-09 23:59:00,2015-11-10 00:00:00,132.393,132.419,132.436,132.391,132.418,132.443,132.458,132.416,298
